face_id,parent_element_id,local_face_id,adjacent_element_count,boundary_group_id,material_id,area,cx,cy,cz,nx,ny,nz,node_ids
1,0,-1,0,1,1,2.463941509999999e-06,3.641519459702954e-02,2.035467096582432e-02,0.000000000000000e+00,0.000000000000000e+00,0.000000000000000e+00,1.000000000000000e+00,1562876 1562875 1562926 1562881
2,0,-1,0,1,1,2.391245765000006e-06,3.708006103137332e-02,1.935085644976187e-02,0.000000000000000e+00,0.000000000000000e+00,0.000000000000000e+00,1.000000000000000e+00,1562881 1562926 1562925 1562880
3,0,-1,0,1,1,2.623195820000003e-06,3.766477682099870e-02,1.825653885478363e-02,0.000000000000000e+00,0.000000000000000e+00,0.000000000000000e+00,1.000000000000000e+00,1562880 1562925 1562924 1562879
4,0,-1,0,1,1,2.466544639999999e-06,3.833954765574490e-02,1.724624863121356e-02,0.000000000000000e+00,0.000000000000000e+00,0.000000000000000e+00,1.000000000000000e+00,1562879 1562924 1562923 1562878
5,0,-1,0,1,1,2.045893389999998e-06,3.916332480439316e-02,1.626671539740445e-02,0.000000000000000e+00,0.000000000000000e+00,0.000000000000000e+00,1.000000000000000e+00,1562878 1562923 1562922 1562877
6,0,-1,0,1,1,1.121980939999997e-06,4.002230098806550e-02,1.543871595565489e-02,0.000000000000000e+00,0.000000000000000e+00,0.000000000000000e+00,1.000000000000000e+00,1562877 1562922 863767 863768
7,0,-1,0,1,1,2.120813999999996e-06,3.466121303300006e-02,1.937803145652660e-02,0.000000000000000e+00,0.000000000000000e+00,0.000000000000000e+00,1.000000000000000e+00,1562875 1562874 1562921 1562926
8,0,-1,0,1,1,2.101171149999996e-06,3.539363169817539e-02,1.848204784254565e-02,0.000000000000000e+00,0.000000000000000e+00,0.000000000000000e+00,1.000000000000000e+00,1562926 1562921 1562920 1562925
9,0,-1,0,1,1,2.046728720000007e-06,3.596440797615100e-02,1.746945248471229e-02,0.000000000000000e+00,0.000000000000000e+00,0.000000000000000e+00,1.000000000000000e+00,1562925 1562920 1562919 1562924
10,0,-1,0,1,1,2.039031295000003e-06,3.686081448479860e-02,1.620431601215239e-02,0.000000000000000e+00,0.000000000000000e+00,0.000000000000000e+00,1.000000000000000e+00,1562924 1562916 1562918 1562923
11,0,-1,0,1,1,2.343708469999998e-06,3.777574242796489e-02,1.535065698744193e-02,0.000000000000000e+00,0.000000000000000e+00,0.000000000000000e+00,1.000000000000000e+00,1562923 1562918 1562917 1562922
12,0,-1,0,1,1,2.039888915000002e-06,3.888068127498012e-02,1.461971324302064e-02,0.000000000000000e+00,0.000000000000000e+00,0.000000000000000e+00,1.000000000000000e+00,1562922 1562917 874018 863767
13,0,-1,0,1,1,1.895789979999996e-06,3.305013778936614e-02,1.846812746856520e-02,0.000000000000000e+00,0.000000000000000e+00,0.000000000000000e+00,1.000000000000000e+00,1562874 1562873 1562915 1562921
14,0,-1,0,1,1,1.908139235000002e-06,3.380636800691197e-02,1.765677072048187e-02,0.000000000000000e+00,0.000000000000000e+00,0.000000000000000e+00,1.000000000000000e+00,1562921 1562915 1562914 1562920
15,0,-1,0,1,1,1.925297999999999e-06,3.430730307448198e-02,1.670470468155475e-02,0.000000000000000e+00,0.000000000000000e+00,0.000000000000000e+00,1.000000000000000e+00,1562920 1562914 1562913 1562919
16,0,-1,0,1,1,1.631161479999996e-06,3.474069644622146e-02,1.587224961444855e-02,0.000000000000000e+00,0.000000000000000e+00,0.000000000000000e+00,1.000000000000000e+00,1562919 1562913 1562912 1562916
17,0,-1,0,1,1,1.840581715000001e-06,3.540652613457480e-02,1.515216529679586e-02,0.000000000000000e+00,0.000000000000000e+00,0.000000000000000e+00,1.000000000000000e+00,1562916 1562912 1562911 1562918
18,0,-1,0,1,1,2.123301579999998e-06,3.623806558953847e-02,1.437933963200963e-02,0.000000000000000e+00,0.000000000000000e+00,0.000000000000000e+00,1.000000000000000e+00,1562918 1562911 1562910 1562917
19,0,-1,0,1,1,2.014227330000000e-06,3.722770824282034e-02,1.365737015485040e-02,0.000000000000000e+00,0.000000000000000e+00,0.000000000000000e+00,1.000000000000000e+00,1562917 1562910 874017 874018
20,0,-1,0,1,1,1.655122489999999e-06,3.156035544838759e-02,1.763420973641615e-02,0.000000000000000e+00,0.000000000000000e+00,0.000000000000000e+00,1.000000000000000e+00,1562873 1562872 1562909 1562915
21,0,-1,0,1,1,1.770474420000004e-06,3.228226660785530e-02,1.685040796154569e-02,0.000000000000000e+00,0.000000000000000e+00,0.000000000000000e+00,1.000000000000000e+00,1562915 1562909 1562908 1562914
22,0,-1,0,1,1,1.942932955000002e-06,3.267094583524980e-02,1.584689001284538e-02,0.000000000000000e+00,0.000000000000000e+00,0.000000000000000e+00,1.000000000000000e+00,1562914 1562908 1562907 1562913
23,0,-1,0,1,1,1.854164715000001e-06,3.318950544736151e-02,1.495414545334016e-02,0.000000000000000e+00,0.000000000000000e+00,0.000000000000000e+00,1.000000000000000e+00,1562913 1562907 1562906 1562912
24,0,-1,0,1,1,1.798279700000003e-06,3.392520925590719e-02,1.418222840792231e-02,0.000000000000000e+00,0.000000000000000e+00,0.000000000000000e+00,1.000000000000000e+00,1562912 1562906 1562905 1562911
25,0,-1,0,1,1,2.087039414999999e-06,3.469203772063189e-02,1.339790611413657e-02,0.000000000000000e+00,0.000000000000000e+00,0.000000000000000e+00,1.000000000000000e+00,1562911 1562905 1562904 1562910
26,0,-1,0,1,1,2.019339304999998e-06,3.554285773620999e-02,1.267142032377466e-02,0.000000000000000e+00,0.000000000000000e+00,0.000000000000000e+00,1.000000000000000e+00,1562910 1562904 874016 874017
27,0,-1,0,1,1,1.422055364999995e-06,3.019115867271467e-02,1.687500809637945e-02,0.000000000000000e+00,0.000000000000000e+00,0.000000000000000e+00,1.000000000000000e+00,1562872 1562871 1562903 1562909
28,0,-1,0,1,1,1.513795380000001e-06,3.086897528536717e-02,1.612531281943722e-02,0.000000000000000e+00,0.000000000000000e+00,0.000000000000000e+00,1.000000000000000e+00,1562909 1562903 1562902 1562908
29,0,-1,0,1,1,1.439595615000000e-06,3.127149414812889e-02,1.520067754791195e-02,0.000000000000000e+00,0.000000000000000e+00,0.000000000000000e+00,1.000000000000000e+00,1562908 1562902 1562901 1562907
30,0,-1,0,1,1,1.563047045000002e-06,3.188420688294404e-02,1.400998355573787e-02,0.000000000000000e+00,0.000000000000000e+00,0.000000000000000e+00,1.000000000000000e+00,1562907 1562897 1562900 1562906
31,0,-1,0,1,1,1.548191659999998e-06,3.256126911935697e-02,1.326919763268156e-02,0.000000000000000e+00,0.000000000000000e+00,0.000000000000000e+00,1.000000000000000e+00,1562906 1562900 1562899 1562905
32,0,-1,0,1,1,1.559739984999998e-06,3.326303603807283e-02,1.250266836227546e-02,0.000000000000000e+00,0.000000000000000e+00,0.000000000000000e+00,1.000000000000000e+00,1562905 1562899 1562898 1562904
33,0,-1,0,1,1,1.741638359999999e-06,3.392736130450239e-02,1.169732518334748e-02,0.000000000000000e+00,0.000000000000000e+00,0.000000000000000e+00,1.000000000000000e+00,1562904 1562898 874015 874016
34,0,-1,0,1,1,1.228037840000001e-06,2.894896531298200e-02,1.618553122988024e-02,0.000000000000000e+00,0.000000000000000e+00,0.000000000000000e+00,1.000000000000000e+00,1562871 1562870 1562896 1562903
35,0,-1,0,1,1,1.277831510000001e-06,2.959048590514175e-02,1.548809317483622e-02,0.000000000000000e+00,0.000000000000000e+00,0.000000000000000e+00,1.000000000000000e+00,1562903 1562896 1562895 1562902
36,0,-1,0,1,1,1.181973430000001e-06,2.998203963738536e-02,1.467267845685837e-02,0.000000000000000e+00,0.000000000000000e+00,0.000000000000000e+00,1.000000000000000e+00,1562902 1562895 1562894 1562901
37,0,-1,0,1,1,1.058770955000000e-06,3.019725107834835e-02,1.385238509039379e-02,0.000000000000000e+00,0.000000000000000e+00,0.000000000000000e+00,1.000000000000000e+00,1562901 1562894 1562893 1562897
38,0,-1,0,1,1,1.344569925000001e-06,3.066485462346630e-02,1.314773662520378e-02,0.000000000000000e+00,0.000000000000000e+00,0.000000000000000e+00,1.000000000000000e+00,1562897 1562893 1562892 1562900
39,0,-1,0,1,1,1.435950120000001e-06,3.129414067497484e-02,1.240831801501016e-02,0.000000000000000e+00,0.000000000000000e+00,0.000000000000000e+00,1.000000000000000e+00,1562900 1562892 1562891 1562899
40,0,-1,0,1,1,1.595297885000001e-06,3.192953281005750e-02,1.167072532560379e-02,0.000000000000000e+00,0.000000000000000e+00,0.000000000000000e+00,1.000000000000000e+00,1562899 1562891 1562890 1562898
41,0,-1,0,1,1,1.763333369999991e-06,3.235703107487043e-02,1.078537621721353e-02,0.000000000000000e+00,0.000000000000000e+00,0.000000000000000e+00,1.000000000000000e+00,1562898 1562890 863762 874015
42,0,-1,0,1,1,1.068988634999999e-06,2.779784049166388e-02,1.555440464272569e-02,0.000000000000000e+00,0.000000000000000e+00,0.000000000000000e+00,1.000000000000000e+00,1562870 1562869 1562889 1562896
43,0,-1,0,1,1,1.172365569999999e-06,2.834428476495120e-02,1.489544026355249e-02,0.000000000000000e+00,0.000000000000000e+00,0.000000000000000e+00,1.000000000000000e+00,1562896 1562889 1562888 1562895
44,0,-1,0,1,1,1.194988409999999e-06,2.871352802975692e-02,1.414375579934676e-02,0.000000000000000e+00,0.000000000000000e+00,0.000000000000000e+00,1.000000000000000e+00,1562895 1562888 1562887 1562894
45,0,-1,0,1,1,1.034528859999999e-06,2.900589170989842e-02,1.338736692015597e-02,0.000000000000000e+00,0.000000000000000e+00,0.000000000000000e+00,1.000000000000000e+00,1562894 1562887 1562886 1562893
46,0,-1,0,1,1,1.139751135000001e-06,2.956170752347850e-02,1.240436198207018e-02,0.000000000000000e+00,0.000000000000000e+00,0.000000000000000e+00,1.000000000000000e+00,1562893 1562882 1562885 1562892
47,0,-1,0,1,1,1.402636200000001e-06,3.001948513011749e-02,1.162575000380890e-02,0.000000000000000e+00,0.000000000000000e+00,0.000000000000000e+00,1.000000000000000e+00,1562892 1562885 1562884 1562891
48,0,-1,0,1,1,1.543684790000001e-06,3.056625138029550e-02,1.082975905074615e-02,0.000000000000000e+00,0.000000000000000e+00,0.000000000000000e+00,1.000000000000000e+00,1562891 1562884 1562883 1562890
49,0,-1,0,1,1,1.277856660000004e-06,3.095264844889176e-02,9.988477619945651e-03,0.000000000000000e+00,0.000000000000000e+00,0.000000000000000e+00,1.000000000000000e+00,1562890 1562883 874099 863762
50,0,-1,0,1,1,9.250518400000022e-07,2.669939638141649e-02,1.495906397036084e-02,0.000000000000000e+00,0.000000000000000e+00,0.000000000000000e+00,1.000000000000000e+00,1562869 1562464 1562473 1562889
51,0,-1,0,1,1,1.023129270000000e-06,2.710477985528260e-02,1.432113959198137e-02,0.000000000000000e+00,0.000000000000000e+00,0.000000000000000e+00,1.000000000000000e+00,1562889 1562473 1562472 1562888
52,0,-1,0,1,1,1.013048625000000e-06,2.745103031068919e-02,1.363764466531176e-02,0.000000000000000e+00,0.000000000000000e+00,0.000000000000000e+00,1.000000000000000e+00,1562888 1562472 1562471 1562887
53,0,-1,0,1,1,8.932872449999983e-07,2.775676704774062e-02,1.296123218140320e-02,0.000000000000000e+00,0.000000000000000e+00,0.000000000000000e+00,1.000000000000000e+00,1562887 1562471 1562470 1562886
54,0,-1,0,1,1,8.254311600000026e-07,2.806287303598522e-02,1.234521143893090e-02,0.000000000000000e+00,0.000000000000000e+00,0.000000000000000e+00,1.000000000000000e+00,1562886 1562470 1562469 1562882
55,0,-1,0,1,1,9.835309549999978e-07,2.843763324909772e-02,1.174048736211731e-02,0.000000000000000e+00,0.000000000000000e+00,0.000000000000000e+00,1.000000000000000e+00,1562882 1562469 1562468 1562885
56,0,-1,0,1,1,1.069732180000001e-06,2.881527661221366e-02,1.103506541430476e-02,0.000000000000000e+00,0.000000000000000e+00,0.000000000000000e+00,1.000000000000000e+00,1562885 1562468 1562467 1562884
57,0,-1,0,1,1,1.180379071499999e-06,2.942320873604025e-02,9.981548917703576e-03,0.000000000000000e+00,0.000000000000000e+00,0.000000000000000e+00,1.000000000000000e+00,1562884 1562466 1562465 1562883
58,0,-1,0,1,1,1.071264526000001e-06,2.979112680217659e-02,9.247876605651810e-03,0.000000000000000e+00,0.000000000000000e+00,0.000000000000000e+00,1.000000000000000e+00,874099 1562883 1562465 863761
59,0,-1,0,1,1,2.430427289999993e-06,3.817612434213300e-02,2.129193896066804e-02,0.000000000000000e+00,0.000000000000000e+00,0.000000000000000e+00,1.000000000000000e+00,1562876 1562881 1562996 1562932
60,0,-1,0,1,1,2.747989725000000e-06,3.984335479328439e-02,2.215646848640127e-02,0.000000000000000e+00,0.000000000000000e+00,0.000000000000000e+00,1.000000000000000e+00,1562932 1562996 1562995 1562933
61,0,-1,0,1,1,3.066336724999995e-06,4.150627860409595e-02,2.301882956457748e-02,0.000000000000000e+00,0.000000000000000e+00,0.000000000000000e+00,1.000000000000000e+00,1562933 1562995 1562994 1562934
62,0,-1,0,1,1,3.345546430000000e-06,4.316452973566952e-02,2.389060172362367e-02,0.000000000000000e+00,0.000000000000000e+00,0.000000000000000e+00,1.000000000000000e+00,1562934 1562994 1562993 1562935
63,0,-1,0,1,1,3.622518845000000e-06,4.482579988705166e-02,2.476406599229208e-02,0.000000000000000e+00,0.000000000000000e+00,0.000000000000000e+00,1.000000000000000e+00,1562935 1562993 1562992 1562936
64,0,-1,0,1,1,3.920317929999989e-06,4.648747122068481e-02,2.563163866933976e-02,0.000000000000000e+00,0.000000000000000e+00,0.000000000000000e+00,1.000000000000000e+00,1562936 1562992 876976 876970
65,0,-1,0,1,1,2.444999135000002e-06,3.885324809041053e-02,2.017710761404911e-02,0.000000000000000e+00,0.000000000000000e+00,0.000000000000000e+00,1.000000000000000e+00,1562881 1562880 1562991 1562996
66,0,-1,0,1,1,2.765294169999994e-06,4.059976461668790e-02,2.089046851392173e-02,0.000000000000000e+00,0.000000000000000e+00,0.000000000000000e+00,1.000000000000000e+00,1562996 1562991 1562990 1562995
67,0,-1,0,1,1,3.101661730000003e-06,4.235303089115567e-02,2.160271068127138e-02,0.000000000000000e+00,0.000000000000000e+00,0.000000000000000e+00,1.000000000000000e+00,1562995 1562990 1562989 1562994
68,0,-1,0,1,1,3.431220950000007e-06,4.408831307928257e-02,2.233245397960941e-02,0.000000000000000e+00,0.000000000000000e+00,0.000000000000000e+00,1.000000000000000e+00,1562994 1562989 1562988 1562993
69,0,-1,0,1,1,3.705619640000011e-06,4.581807308011870e-02,2.307332248594066e-02,0.000000000000000e+00,0.000000000000000e+00,0.000000000000000e+00,1.000000000000000e+00,1562993 1562988 1562987 1562992
70,0,-1,0,1,1,3.932554699999991e-06,4.754172931709379e-02,2.381190093874575e-02,0.000000000000000e+00,0.000000000000000e+00,0.000000000000000e+00,1.000000000000000e+00,1562992 1562987 876975 876976
71,0,-1,0,1,1,2.461072154999997e-06,3.953708062211873e-02,1.905129035643898e-02,0.000000000000000e+00,0.000000000000000e+00,0.000000000000000e+00,1.000000000000000e+00,1562880 1562879 1562986 1562991
72,0,-1,0,1,1,2.820021790000001e-06,4.136955388660738e-02,1.960260852292859e-02,0.000000000000000e+00,0.000000000000000e+00,0.000000000000000e+00,1.000000000000000e+00,1562991 1562986 1562985 1562990
73,0,-1,0,1,1,3.167374759999997e-06,4.319847684883259e-02,2.015300402641671e-02,0.000000000000000e+00,0.000000000000000e+00,0.000000000000000e+00,1.000000000000000e+00,1562990 1562985 1562984 1562989
74,0,-1,0,1,1,3.468163054999998e-06,4.501351285546445e-02,2.073683307346416e-02,0.000000000000000e+00,0.000000000000000e+00,0.000000000000000e+00,1.000000000000000e+00,1562989 1562984 1562983 1562988
75,0,-1,0,1,1,3.713269750000003e-06,4.681360054688952e-02,2.135424746522926e-02,0.000000000000000e+00,0.000000000000000e+00,0.000000000000000e+00,1.000000000000000e+00,1562988 1562983 1562982 1562987
76,0,-1,0,1,1,3.919449794999995e-06,4.860165681342021e-02,2.198074922320788e-02,0.000000000000000e+00,0.000000000000000e+00,0.000000000000000e+00,1.000000000000000e+00,1562987 1562982 876974 876975
77,0,-1,0,1,1,2.470988825000001e-06,4.022248613737626e-02,1.791102116450722e-02,0.000000000000000e+00,0.000000000000000e+00,0.000000000000000e+00,1.000000000000000e+00,1562879 1562878 1562981 1562986
78,0,-1,0,1,1,2.878021219999997e-06,4.214360054250955e-02,1.826987335710240e-02,0.000000000000000e+00,0.000000000000000e+00,0.000000000000000e+00,1.000000000000000e+00,1562986 1562981 1562980 1562985
79,0,-1,0,1,1,3.225403499999992e-06,4.404363807052359e-02,1.865715139972927e-02,0.000000000000000e+00,0.000000000000000e+00,0.000000000000000e+00,1.000000000000000e+00,1562985 1562980 1562979 1562984
80,0,-1,0,1,1,3.532627135000006e-06,4.592690052470355e-02,1.910624898607860e-02,0.000000000000000e+00,0.000000000000000e+00,0.000000000000000e+00,1.000000000000000e+00,1562984 1562979 1562978 1562983
81,0,-1,0,1,1,3.802272799999996e-06,4.779291574558599e-02,1.960891078876210e-02,0.000000000000000e+00,0.000000000000000e+00,0.000000000000000e+00,1.000000000000000e+00,1562983 1562978 1562977 1562982
82,0,-1,0,1,1,3.980604130000003e-06,4.965096399166593e-02,2.014208076381637e-02,0.000000000000000e+00,0.000000000000000e+00,0.000000000000000e+00,1.000000000000000e+00,1562982 1562977 876973 876974
83,0,-1,0,1,1,2.453350240000003e-06,4.091070084214121e-02,1.675321480251674e-02,0.000000000000000e+00,0.000000000000000e+00,0.000000000000000e+00,1.000000000000000e+00,1562878 1562877 1562976 1562981
84,0,-1,0,1,1,2.894801685000002e-06,4.292114495302707e-02,1.690090652716889e-02,0.000000000000000e+00,0.000000000000000e+00,0.000000000000000e+00,1.000000000000000e+00,1562981 1562976 1562975 1562980
85,0,-1,0,1,1,3.298436770000001e-06,4.489114183667304e-02,1.711511588893335e-02,0.000000000000000e+00,0.000000000000000e+00,0.000000000000000e+00,1.000000000000000e+00,1562980 1562975 1562974 1562979
86,0,-1,0,1,1,3.621801360000001e-06,4.683612450213891e-02,1.742873077839255e-02,0.000000000000000e+00,0.000000000000000e+00,0.000000000000000e+00,1.000000000000000e+00,1562979 1562974 1562973 1562978
87,0,-1,0,1,1,3.899621234999995e-06,4.876781582888127e-02,1.783142392964133e-02,0.000000000000000e+00,0.000000000000000e+00,0.000000000000000e+00,1.000000000000000e+00,1562978 1562973 1562972 1562977
88,0,-1,0,1,1,4.071715450000002e-06,5.069822827174764e-02,1.829167697172044e-02,0.000000000000000e+00,0.000000000000000e+00,0.000000000000000e+00,1.000000000000000e+00,1562977 1562972 876972 876973
89,0,-1,0,1,1,2.357234325000000e-06,4.158487647777444e-02,1.560853553735796e-02,0.000000000000000e+00,0.000000000000000e+00,0.000000000000000e+00,1.000000000000000e+00,1562877 863768 1562971 1562976
90,0,-1,0,1,1,2.769959145000001e-06,4.370259070117261e-02,1.551553669493797e-02,0.000000000000000e+00,0.000000000000000e+00,0.000000000000000e+00,1.000000000000000e+00,1562976 1562971 1562970 1562975
91,0,-1,0,1,1,3.413286124999998e-06,4.571999636909774e-02,1.550819722626291e-02,0.000000000000000e+00,0.000000000000000e+00,0.000000000000000e+00,1.000000000000000e+00,1562975 1562970 1562969 1562974
92,0,-1,0,1,1,3.783866779999991e-06,4.773037078301436e-02,1.569386748684512e-02,0.000000000000000e+00,0.000000000000000e+00,0.000000000000000e+00,1.000000000000000e+00,1562974 1562969 1562968 1562973
93,0,-1,0,1,1,4.023871219999998e-06,4.973494302603825e-02,1.602063125237236e-02,0.000000000000000e+00,0.000000000000000e+00,0.000000000000000e+00,1.000000000000000e+00,1562973 1562968 1562967 1562972
94,0,-1,0,1,1,4.211452259999999e-06,5.174070350761401e-02,1.642902975823467e-02,0.000000000000000e+00,0.000000000000000e+00,0.000000000000000e+00,1.000000000000000e+00,1562972 1562967 876971 876972
95,0,-1,0,1,1,3.707971920000008e-06,4.238342696241670e-02,1.413913984944538e-02,0.000000000000000e+00,0.000000000000000e+00,0.000000000000000e+00,1.000000000000000e+00,863768 875201 1562966 1562971
96,0,-1,0,1,1,3.526659379999997e-06,4.446022995556002e-02,1.391000532395807e-02,0.000000000000000e+00,0.000000000000000e+00,0.000000000000000e+00,1.000000000000000e+00,1562971 1562966 1562965 1562970
97,0,-1,0,1,1,3.698676874999999e-06,4.652168188093501e-02,1.378257057811270e-02,0.000000000000000e+00,0.000000000000000e+00,0.000000000000000e+00,1.000000000000000e+00,1562970 1562965 1562964 1562969
98,0,-1,0,1,1,4.035301560000001e-06,4.858260729551888e-02,1.388254561002111e-02,0.000000000000000e+00,0.000000000000000e+00,0.000000000000000e+00,1.000000000000000e+00,1562969 1562964 1562963 1562968
99,0,-1,0,1,1,4.262050730000005e-06,5.065552730717352e-02,1.414736942141282e-02,0.000000000000000e+00,0.000000000000000e+00,0.000000000000000e+00,1.000000000000000e+00,1562968 1562963 1562962 1562967
100,0,-1,0,1,1,4.560152614999993e-06,5.275919308859756e-02,1.452776788163390e-02,0.000000000000000e+00,0.000000000000000e+00,0.000000000000000e+00,1.000000000000000e+00,1562967 1562962 876977 876971
101,0,-1,0,1,1,3.462306310000006e-06,4.337252135559336e-02,1.227836027115184e-02,0.000000000000000e+00,0.000000000000000e+00,0.000000000000000e+00,1.000000000000000e+00,875201 875200 1562961 1562966
102,0,-1,0,1,1,3.660925209999996e-06,4.533987983741045e-02,1.202763422242488e-02,0.000000000000000e+00,0.000000000000000e+00,0.000000000000000e+00,1.000000000000000e+00,1562966 1562961 1562960 1562965
103,0,-1,0,1,1,3.834939285000014e-06,4.732173129226529e-02,1.190995064506047e-02,0.000000000000000e+00,0.000000000000000e+00,0.000000000000000e+00,1.000000000000000e+00,1562965 1562960 1562959 1562964
104,0,-1,0,1,1,4.211207195000003e-06,4.934629229649033e-02,1.195940744140014e-02,0.000000000000000e+00,0.000000000000000e+00,0.000000000000000e+00,1.000000000000000e+00,1562964 1562959 1562958 1562963
105,0,-1,0,1,1,4.488056474999998e-06,5.141630943999541e-02,1.215919485793124e-02,0.000000000000000e+00,0.000000000000000e+00,0.000000000000000e+00,1.000000000000000e+00,1562963 1562958 1562957 1562962
106,0,-1,0,1,1,4.973622074999996e-06,5.354812688904544e-02,1.250715539076016e-02,0.000000000000000e+00,0.000000000000000e+00,0.000000000000000e+00,1.000000000000000e+00,1562962 1562957 876982 876977
107,0,-1,0,1,1,2.969998157000003e-06,4.432999168203774e-02,1.043596615694455e-02,0.000000000000000e+00,0.000000000000000e+00,0.000000000000000e+00,1.000000000000000e+00,875200 875199 1562956 1562961
108,0,-1,0,1,1,3.254342254999997e-06,4.618446444736971e-02,1.012027490490950e-02,0.000000000000000e+00,0.000000000000000e+00,0.000000000000000e+00,1.000000000000000e+00,1562961 1562956 1562955 1562960
109,0,-1,0,1,1,3.832163011000001e-06,4.804264012258561e-02,9.911709276329629e-03,0.000000000000000e+00,0.000000000000000e+00,0.000000000000000e+00,1.000000000000000e+00,1562960 1562955 1562954 1562959
110,0,-1,0,1,1,4.208532385000004e-06,4.998245154187163e-02,9.908109719231542e-03,0.000000000000000e+00,0.000000000000000e+00,0.000000000000000e+00,1.000000000000000e+00,1562959 1562954 1562953 1562958
111,0,-1,0,1,1,4.507291597999996e-06,5.199831481974674e-02,1.004742906716551e-02,0.000000000000000e+00,0.000000000000000e+00,0.000000000000000e+00,1.000000000000000e+00,1562958 1562953 1562952 1562957
112,0,-1,0,1,1,4.802908815000007e-06,5.406479712169557e-02,1.028553351456227e-02,0.000000000000000e+00,0.000000000000000e+00,0.000000000000000e+00,1.000000000000000e+00,1562957 1562952 876981 876982
113,0,-1,0,1,1,3.924612041500005e-06,4.502814635572003e-02,8.350061662173766e-03,0.000000000000000e+00,0.000000000000000e+00,0.000000000000000e+00,1.000000000000000e+00,875199 875198 1562951 1562956
114,0,-1,0,1,1,3.800625203999995e-06,4.677008907443807e-02,8.019401948711235e-03,0.000000000000000e+00,0.000000000000000e+00,0.000000000000000e+00,1.000000000000000e+00,1562956 1562951 1562950 1562955
115,0,-1,0,1,1,4.006376332000006e-06,4.858420552217732e-02,7.791661816995850e-03,0.000000000000000e+00,0.000000000000000e+00,0.000000000000000e+00,1.000000000000000e+00,1562955 1562950 1562949 1562954
116,0,-1,0,1,1,4.208667369999999e-06,5.048700768740866e-02,7.774357989733475e-03,0.000000000000000e+00,0.000000000000000e+00,0.000000000000000e+00,1.000000000000000e+00,1562954 1562949 1562948 1562953
117,0,-1,0,1,1,4.441060898000002e-06,5.245857610304318e-02,7.870422039185357e-03,0.000000000000000e+00,0.000000000000000e+00,0.000000000000000e+00,1.000000000000000e+00,1562953 1562948 1562947 1562952
118,0,-1,0,1,1,4.700335502000006e-06,5.448064559053881e-02,8.032390082884521e-03,0.000000000000000e+00,0.000000000000000e+00,0.000000000000000e+00,1.000000000000000e+00,1562952 1562947 876980 876981
119,0,-1,0,1,1,4.050723546000003e-06,4.542419090411258e-02,5.967265065514571e-03,0.000000000000000e+00,0.000000000000000e+00,0.000000000000000e+00,1.000000000000000e+00,875198 875197 1562946 1562951
120,0,-1,0,1,1,4.018769659999988e-06,4.716181715800535e-02,5.747307032097054e-03,0.000000000000000e+00,0.000000000000000e+00,0.000000000000000e+00,1.000000000000000e+00,1562951 1562946 1562945 1562950
121,0,-1,0,1,1,4.040939369500005e-06,4.899042129804076e-02,5.607268145751476e-03,0.000000000000000e+00,0.000000000000000e+00,0.000000000000000e+00,1.000000000000000e+00,1562950 1562945 1562944 1562949
122,0,-1,0,1,1,4.228211961500005e-06,5.087430059668242e-02,5.593766733435722e-03,0.000000000000000e+00,0.000000000000000e+00,0.000000000000000e+00,1.000000000000000e+00,1562949 1562944 1562943 1562948
123,0,-1,0,1,1,4.407579564499998e-06,5.281094485010591e-02,5.652298111157274e-03,0.000000000000000e+00,0.000000000000000e+00,0.000000000000000e+00,1.000000000000000e+00,1562948 1562943 1562942 1562947
124,0,-1,0,1,1,4.611919770000005e-06,5.479053510603320e-02,5.754637082397838e-03,0.000000000000000e+00,0.000000000000000e+00,0.000000000000000e+00,1.000000000000000e+00,1562947 1562942 876979 876980
125,0,-1,0,1,1,4.126924639499996e-06,4.569941629613961e-02,3.571665393471510e-03,0.000000000000000e+00,0.000000000000000e+00,0.000000000000000e+00,1.000000000000000e+00,875197 875196 1562941 1562946
126,0,-1,0,1,1,4.080126152999983e-06,4.747334426190912e-02,3.455966417948425e-03,0.000000000000000e+00,0.000000000000000e+00,0.000000000000000e+00,1.000000000000000e+00,1562946 1562941 1562940 1562945
127,0,-1,0,1,1,4.120821978000004e-06,4.929661117944539e-02,3.387000495959941e-03,0.000000000000000e+00,0.000000000000000e+00,0.000000000000000e+00,1.000000000000000e+00,1562945 1562940 1562939 1562944
128,0,-1,0,1,1,4.228618373500004e-06,5.116387253955980e-02,3.370332257752863e-03,0.000000000000000e+00,0.000000000000000e+00,0.000000000000000e+00,1.000000000000000e+00,1562944 1562939 1562938 1562943
129,0,-1,0,1,1,4.336233808500000e-06,5.306297115322060e-02,3.403325489160195e-03,0.000000000000000e+00,0.000000000000000e+00,0.000000000000000e+00,1.000000000000000e+00,1562943 1562938 1562937 1562942
130,0,-1,0,1,1,4.486968770500001e-06,5.499877528980791e-02,3.462859118230691e-03,0.000000000000000e+00,0.000000000000000e+00,0.000000000000000e+00,1.000000000000000e+00,1562942 1562937 876978 876979
131,0,-1,0,1,1,4.325918710500003e-06,4.586357383107913e-02,1.186174005305956e-03,0.000000000000000e+00,0.000000000000000e+00,0.000000000000000e+00,1.000000000000000e+00,875196 875195 1562927 1562941
132,0,-1,0,1,1,4.221227791499990e-06,4.768562631976506e-02,1.151906861786909e-03,0.000000000000000e+00,0.000000000000000e+00,0.000000000000000e+00,1.000000000000000e+00,1562941 1562927 1562928 1562940
133,0,-1,0,1,1,4.186971418499999e-06,4.952258502329465e-02,1.133003700616595e-03,0.000000000000000e+00,0.000000000000000e+00,0.000000000000000e+00,1.000000000000000e+00,1562940 1562928 1562929 1562939
134,0,-1,0,1,1,4.179999642000003e-06,5.138022913493378e-02,1.125374196962162e-03,0.000000000000000e+00,0.000000000000000e+00,0.000000000000000e+00,1.000000000000000e+00,1562939 1562929 1562930 1562938
135,0,-1,0,1,1,4.248966670000007e-06,5.324856228091100e-02,1.139157251214314e-03,0.000000000000000e+00,0.000000000000000e+00,0.000000000000000e+00,1.000000000000000e+00,1562938 1562930 1562931 1562937
136,0,-1,0,1,1,4.358118202999997e-06,5.512689237988957e-02,1.162254136154479e-03,0.000000000000000e+00,0.000000000000000e+00,0.000000000000000e+00,1.000000000000000e+00,1562937 1562931 876983 876978
137,0,-1,0,1,1,1.280995149999996e-07,2.470300308721830e-02,1.397683613614514e-02,0.000000000000000e+00,0.000000000000000e+00,0.000000000000000e+00,1.000000000000000e+00,1563381 1563380 1563407 1563406
138,0,-1,0,1,1,1.262961250000002e-07,2.447784726233551e-02,1.385037366118847e-02,0.000000000000000e+00,0.000000000000000e+00,0.000000000000000e+00,1.000000000000000e+00,1563380 867289 867290 1563407
139,0,-1,0,1,1,1.272702949999998e-07,2.493600935658501e-02,1.353930864643107e-02,0.000000000000000e+00,0.000000000000000e+00,0.000000000000000e+00,1.000000000000000e+00,1563406 1563407 1563408 1563405
140,0,-1,0,1,1,1.249088850000000e-07,2.471014124356326e-02,1.341881924628500e-02,0.000000000000000e+00,0.000000000000000e+00,0.000000000000000e+00,1.000000000000000e+00,1563407 867290 867291 1563408
141,0,-1,0,1,1,1.275593200000000e-07,2.516813275632597e-02,1.310109993305076e-02,0.000000000000000e+00,0.000000000000000e+00,0.000000000000000e+00,1.000000000000000e+00,1563405 1563408 1563409 1563404
142,0,-1,0,1,1,1.248130599999997e-07,2.493948339425911e-02,1.298560102736044e-02,0.000000000000000e+00,0.000000000000000e+00,0.000000000000000e+00,1.000000000000000e+00,1563408 867291 867292 1563409
143,0,-1,0,1,1,1.293150000000009e-07,2.539891209138924e-02,1.266205550612071e-02,0.000000000000000e+00,0.000000000000000e+00,0.000000000000000e+00,1.000000000000000e+00,1563404 1563409 1563410 1563403
144,0,-1,0,1,1,1.263116099999999e-07,2.516467654163910e-02,1.255005565185180e-02,0.000000000000000e+00,0.000000000000000e+00,0.000000000000000e+00,1.000000000000000e+00,1563409 867292 867293 1563410
145,0,-1,0,1,1,1.329546000000003e-07,2.562805076851797e-02,1.222219261275654e-02,0.000000000000000e+00,0.000000000000000e+00,0.000000000000000e+00,1.000000000000000e+00,1563403 1563410 1563411 1563402
146,0,-1,0,1,1,1.298425849999999e-07,2.538480055519536e-02,1.211194344545358e-02,0.000000000000000e+00,0.000000000000000e+00,0.000000000000000e+00,1.000000000000000e+00,1563410 867293 867294 1563411
147,0,-1,0,1,1,1.392918799999999e-07,2.585491322932224e-02,1.178079985864335e-02,0.000000000000000e+00,0.000000000000000e+00,0.000000000000000e+00,1.000000000000000e+00,1563402 1563411 1563412 1563401
148,0,-1,0,1,1,1.347587400000004e-07,2.559851393512584e-02,1.167131386762249e-02,0.000000000000000e+00,0.000000000000000e+00,0.000000000000000e+00,1.000000000000000e+00,1563411 867294 867295 1563412
149,0,-1,0,1,1,1.485546399999993e-07,2.607197074874605e-02,1.133575126524041e-02,0.000000000000000e+00,0.000000000000000e+00,0.000000000000000e+00,1.000000000000000e+00,1563401 1563412 1563413 1563400
150,0,-1,0,1,1,1.375295399999996e-07,2.580161167203787e-02,1.122776397523034e-02,0.000000000000000e+00,0.000000000000000e+00,0.000000000000000e+00,1.000000000000000e+00,1563412 867295 867296 1563413
151,0,-1,0,1,1,1.465584099999991e-07,2.625901404213742e-02,1.088595394448534e-02,0.000000000000000e+00,0.000000000000000e+00,0.000000000000000e+00,1.000000000000000e+00,1563400 1563413 1563414 1563399
152,0,-1,0,1,1,1.359070550000000e-07,2.599263997241473e-02,1.077855318866019e-02,0.000000000000000e+00,0.000000000000000e+00,0.000000000000000e+00,1.000000000000000e+00,1563413 867296 867297 1563414
153,0,-1,0,1,1,1.353948999999994e-07,2.642647935944781e-02,1.041814492023334e-02,0.000000000000000e+00,0.000000000000000e+00,0.000000000000000e+00,1.000000000000000e+00,1563399 1563414 1563415 1563398
154,0,-1,0,1,1,1.310954300000007e-07,2.617254564537706e-02,1.032438581417623e-02,0.000000000000000e+00,0.000000000000000e+00,0.000000000000000e+00,1.000000000000000e+00,1563414 867297 867298 1563415
155,0,-1,0,1,1,1.291506760000001e-07,2.658893690143673e-02,9.949405394718591e-03,0.000000000000000e+00,0.000000000000000e+00,0.000000000000000e+00,1.000000000000000e+00,1563398 1563415 1563416 1563397
156,0,-1,0,1,1,1.256766090000006e-07,2.634418943912706e-02,9.865427223796889e-03,0.000000000000000e+00,0.000000000000000e+00,0.000000000000000e+00,1.000000000000000e+00,1563415 867298 867299 1563416
157,0,-1,0,1,1,1.254156360000003e-07,2.674900967605387e-02,9.479859561637952e-03,0.000000000000000e+00,0.000000000000000e+00,0.000000000000000e+00,1.000000000000000e+00,1563397 1563416 1563417 1563396
158,0,-1,0,1,1,1.220880540000004e-07,2.650947552003218e-02,9.403794483929173e-03,0.000000000000000e+00,0.000000000000000e+00,0.000000000000000e+00,1.000000000000000e+00,1563416 867299 867300 1563417
159,0,-1,0,1,1,1.238974740000003e-07,2.690698927536004e-02,9.009525413193654e-03,0.000000000000000e+00,0.000000000000000e+00,0.000000000000000e+00,1.000000000000000e+00,1563396 1563417 1563418 1563395
160,0,-1,0,1,1,1.206193605000000e-07,2.666855513048297e-02,8.939918016505111e-03,0.000000000000000e+00,0.000000000000000e+00,0.000000000000000e+00,1.000000000000000e+00,1563417 867300 867301 1563418
161,0,-1,0,1,1,1.245445445000001e-07,2.706290050307329e-02,8.538517139943852e-03,0.000000000000000e+00,0.000000000000000e+00,0.000000000000000e+00,1.000000000000000e+00,1563395 1563418 1563419 1563394
162,0,-1,0,1,1,1.213244485000000e-07,2.682147785225869e-02,8.473924503047341e-03,0.000000000000000e+00,0.000000000000000e+00,0.000000000000000e+00,1.000000000000000e+00,1563418 867301 867302 1563419
163,0,-1,0,1,1,1.273524375000007e-07,2.721673672377884e-02,8.066842378888309e-03,0.000000000000000e+00,0.000000000000000e+00,0.000000000000000e+00,1.000000000000000e+00,1563394 1563419 1563420 1563393
164,0,-1,0,1,1,1.241714384999993e-07,2.696815884629338e-02,8.006019842143046e-03,0.000000000000000e+00,0.000000000000000e+00,0.000000000000000e+00,1.000000000000000e+00,1563419 867302 867303 1563420
165,0,-1,0,1,1,1.323527620000001e-07,2.736843510378072e-02,7.594640836156232e-03,0.000000000000000e+00,0.000000000000000e+00,0.000000000000000e+00,1.000000000000000e+00,1563393 1563420 1563421 1563392
166,0,-1,0,1,1,1.291877265000003e-07,2.710854353580137e-02,7.536277668045308e-03,0.000000000000000e+00,0.000000000000000e+00,0.000000000000000e+00,1.000000000000000e+00,1563420 867303 867304 1563421
167,0,-1,0,1,1,1.418278859999994e-07,2.751612562298550e-02,7.120127858588403e-03,0.000000000000000e+00,0.000000000000000e+00,0.000000000000000e+00,1.000000000000000e+00,1563392 1563421 1563422 1563391
168,0,-1,0,1,1,1.341840090000004e-07,2.724000016184927e-02,7.065616901380316e-03,0.000000000000000e+00,0.000000000000000e+00,0.000000000000000e+00,1.000000000000000e+00,1563421 867304 867305 1563422
169,0,-1,0,1,1,1.474070119999991e-07,2.764252380383416e-02,6.646836973152947e-03,0.000000000000000e+00,0.000000000000000e+00,0.000000000000000e+00,1.000000000000000e+00,1563391 1563422 1563423 1563390
170,0,-1,0,1,1,1.358461125000008e-07,2.735945427500585e-02,6.592512159798831e-03,0.000000000000000e+00,0.000000000000000e+00,0.000000000000000e+00,1.000000000000000e+00,1563422 867305 867306 1563423
171,0,-1,0,1,1,1.411173389999993e-07,2.774106874779718e-02,6.164887367257966e-03,0.000000000000000e+00,0.000000000000000e+00,0.000000000000000e+00,1.000000000000000e+00,1563390 1563423 1563424 1563389
172,0,-1,0,1,1,1.334353765000005e-07,2.746629524970752e-02,6.116187965254429e-03,0.000000000000000e+00,0.000000000000000e+00,0.000000000000000e+00,1.000000000000000e+00,1563423 867306 867307 1563424
173,0,-1,0,1,1,1.328250094999996e-07,2.782537689190328e-02,5.675520415557935e-03,0.000000000000000e+00,0.000000000000000e+00,0.000000000000000e+00,1.000000000000000e+00,1563389 1563424 1563425 1563388
174,0,-1,0,1,1,1.288254629999996e-07,2.756244029764804e-02,5.636467287433101e-03,0.000000000000000e+00,0.000000000000000e+00,0.000000000000000e+00,1.000000000000000e+00,1563424 867307 867308 1563425
175,0,-1,0,1,1,1.283426115000001e-07,2.790577154257805e-02,5.185946775006717e-03,0.000000000000000e+00,0.000000000000000e+00,0.000000000000000e+00,1.000000000000000e+00,1563388 1563425 1563426 1563387
176,0,-1,0,1,1,1.248460580000000e-07,2.765045593162928e-02,5.154225118102542e-03,0.000000000000000e+00,0.000000000000000e+00,0.000000000000000e+00,1.000000000000000e+00,1563425 867308 867309 1563426
177,0,-1,0,1,1,1.262925239999993e-07,2.798375296403293e-02,4.695967281954196e-03,0.000000000000000e+00,0.000000000000000e+00,0.000000000000000e+00,1.000000000000000e+00,1563387 1563426 1563427 1563386
178,0,-1,0,1,1,1.229442899999999e-07,2.773162451106107e-02,4.670582639682413e-03,0.000000000000000e+00,0.000000000000000e+00,0.000000000000000e+00,1.000000000000000e+00,1563426 867309 867310 1563427
179,0,-1,0,1,1,1.264108384999996e-07,2.805962035073692e-02,4.205682994241933e-03,0.000000000000000e+00,0.000000000000000e+00,0.000000000000000e+00,1.000000000000000e+00,1563386 1563427 1563428 1563385
180,0,-1,0,1,1,1.232345100000003e-07,2.780634770203574e-02,4.185886894243828e-03,0.000000000000000e+00,0.000000000000000e+00,0.000000000000000e+00,1.000000000000000e+00,1563427 867310 867311 1563428
181,0,-1,0,1,1,1.285196044999997e-07,2.813344666099806e-02,3.715170143108946e-03,0.000000000000000e+00,0.000000000000000e+00,0.000000000000000e+00,1.000000000000000e+00,1563385 1563428 1563429 1563384
182,0,-1,0,1,1,1.255928680000009e-07,2.787499045114143e-02,3.700391819364244e-03,0.000000000000000e+00,0.000000000000000e+00,0.000000000000000e+00,1.000000000000000e+00,1563428 867311 867312 1563429
183,0,-1,0,1,1,1.324368085000001e-07,2.820545521658958e-02,3.224524989595346e-03,0.000000000000000e+00,0.000000000000000e+00,0.000000000000000e+00,1.000000000000000e+00,1563384 1563429 1563430 1563383
184,0,-1,0,1,1,1.298267344999996e-07,2.793813451174650e-02,3.214277427814363e-03,0.000000000000000e+00,0.000000000000000e+00,0.000000000000000e+00,1.000000000000000e+00,1563429 867312 867313 1563430
185,0,-1,0,1,1,1.378299219999993e-07,2.827596098105751e-02,2.733885910138052e-03,0.000000000000000e+00,0.000000000000000e+00,0.000000000000000e+00,1.000000000000000e+00,1563383 1563430 1563431 1563382
186,0,-1,0,1,1,1.356264179999994e-07,2.799672680230927e-02,2.727825869839826e-03,0.000000000000000e+00,0.000000000000000e+00,0.000000000000000e+00,1.000000000000000e+00,1563430 867313 867314 1563431
187,0,-1,0,1,1,1.441613864999997e-07,2.834549394623643e-02,2.243348885134265e-03,0.000000000000000e+00,0.000000000000000e+00,0.000000000000000e+00,1.000000000000000e+00,1563382 1563431 872745 863758
188,0,-1,0,1,1,1.426183300000000e-07,2.805218349224956e-02,2.241156935425294e-03,0.000000000000000e+00,0.000000000000000e+00,0.000000000000000e+00,1.000000000000000e+00,1563431 867314 863757 872745
189,0,-1,0,1,1,3.348738090000009e-07,2.877294169324840e-02,5.677465615694614e-03,0.000000000000000e+00,0.000000000000000e+00,0.000000000000000e+00,1.000000000000000e+00,1563479 1563475 877395 877396
190,0,-1,0,1,1,1.937574575000001e-07,2.864852809067439e-02,6.128712484176485e-03,0.000000000000000e+00,0.000000000000000e+00,0.000000000000000e+00,1.000000000000000e+00,1563479 877396 1563477 1563478
191,0,-1,0,1,1,3.017391350000001e-07,2.631992945713246e-02,1.386788923935129e-02,0.000000000000000e+00,0.000000000000000e+00,0.000000000000000e+00,1.000000000000000e+00,1563474 1563472 1562472 1562473
192,0,-1,0,1,1,2.807119814999992e-07,2.728896230742976e-02,9.144429400796371e-03,0.000000000000000e+00,0.000000000000000e+00,0.000000000000000e+00,1.000000000000000e+00,1563396 1563395 1563470 1563471
193,0,-1,0,1,1,2.553480699999995e-07,2.662922436358210e-02,1.104360314143880e-02,0.000000000000000e+00,0.000000000000000e+00,0.000000000000000e+00,1.000000000000000e+00,1563399 1563468 1563469 1563400
194,0,-1,0,1,1,3.197433310000004e-07,2.900858293625291e-02,8.729866343424250e-03,0.000000000000000e+00,0.000000000000000e+00,0.000000000000000e+00,1.000000000000000e+00,1563481 1563467 863761 1562465
195,0,-1,0,1,1,3.207929700000009e-07,2.730485057316873e-02,1.197922551665643e-02,0.000000000000000e+00,0.000000000000000e+00,0.000000000000000e+00,1.000000000000000e+00,1563466 1563465 1562469 1562470
196,0,-1,0,1,1,2.707497899999996e-07,2.686372158016447e-02,1.174355053039807e-02,0.000000000000000e+00,0.000000000000000e+00,0.000000000000000e+00,1.000000000000000e+00,1563466 1563464 1563469 1563465
197,0,-1,0,1,1,2.633434999999999e-07,2.661930851962297e-02,1.222448362337530e-02,0.000000000000000e+00,0.000000000000000e+00,0.000000000000000e+00,1.000000000000000e+00,1563463 1563464 1563466 1563484
198,0,-1,0,1,1,2.456773799999992e-07,2.596188784330083e-02,1.240624449902415e-02,0.000000000000000e+00,0.000000000000000e+00,0.000000000000000e+00,1.000000000000000e+00,1563463 1563462 1563403 1563402
199,0,-1,0,1,1,2.552931650000003e-07,2.728723028791364e-02,1.079414846710252e-02,0.000000000000000e+00,0.000000000000000e+00,0.000000000000000e+00,1.000000000000000e+00,1563461 1563468 1563459 1563460
200,0,-1,0,1,1,2.467143150000004e-07,2.572925831772672e-02,1.284550985015401e-02,0.000000000000000e+00,0.000000000000000e+00,0.000000000000000e+00,1.000000000000000e+00,1563404 1563403 1563462 1563458
201,0,-1,0,1,1,2.550702849999994e-07,2.615933963681553e-02,1.309786527062662e-02,0.000000000000000e+00,0.000000000000000e+00,0.000000000000000e+00,1.000000000000000e+00,1563458 1563462 1563485 1563472
202,0,-1,0,1,1,2.325715800000002e-07,2.638388827812065e-02,1.266225479416702e-02,0.000000000000000e+00,0.000000000000000e+00,0.000000000000000e+00,1.000000000000000e+00,1563484 1563485 1563462 1563463
203,0,-1,0,1,1,2.011507760000004e-07,2.825481647823588e-02,5.226677316747380e-03,0.000000000000000e+00,0.000000000000000e+00,0.000000000000000e+00,1.000000000000000e+00,1563387 1563476 1563475 1563388
204,0,-1,0,1,1,2.007968440000003e-07,2.807551851272598e-02,6.304479082979702e-03,0.000000000000000e+00,0.000000000000000e+00,0.000000000000000e+00,1.000000000000000e+00,1563478 1563457 1563390 1563389
205,0,-1,0,1,1,2.370172494999996e-07,2.772141540692449e-02,7.713185282992016e-03,0.000000000000000e+00,0.000000000000000e+00,0.000000000000000e+00,1.000000000000000e+00,1563393 1563392 1563455 1563456
206,0,-1,0,1,1,2.804656070000007e-07,2.696920845832849e-02,1.010108325829402e-02,0.000000000000000e+00,0.000000000000000e+00,0.000000000000000e+00,1.000000000000000e+00,1563454 1563459 1563398 1563397
207,0,-1,0,1,1,2.468352399999993e-07,2.526420255405995e-02,1.372557088482990e-02,0.000000000000000e+00,0.000000000000000e+00,0.000000000000000e+00,1.000000000000000e+00,1563453 1563452 1563406 1563405
208,0,-1,0,1,1,2.473336700000003e-07,2.503093253169292e-02,1.416332309607773e-02,0.000000000000000e+00,0.000000000000000e+00,0.000000000000000e+00,1.000000000000000e+00,1563381 1563406 1563452 1563433
209,0,-1,0,1,1,2.336944149999998e-07,2.840909769942191e-02,8.997004838112305e-03,0.000000000000000e+00,0.000000000000000e+00,0.000000000000000e+00,1.000000000000000e+00,1563481 1563480 1563450 1563451
210,0,-1,0,1,1,3.026607769999995e-07,2.837471743742423e-02,9.502386904985555e-03,0.000000000000000e+00,0.000000000000000e+00,0.000000000000000e+00,1.000000000000000e+00,1563450 1563480 1562466 1563449
211,0,-1,0,1,1,3.037743100000015e-07,2.661386058195419e-02,1.330791798755793e-02,0.000000000000000e+00,0.000000000000000e+00,0.000000000000000e+00,1.000000000000000e+00,1563472 1563485 1562471 1562472
212,0,-1,0,1,1,2.154612765000001e-07,2.828808479193692e-02,7.408220742034978e-03,0.000000000000000e+00,0.000000000000000e+00,0.000000000000000e+00,1.000000000000000e+00,1563455 1563446 1563447 1563448
213,0,-1,0,1,1,2.356860500000016e-07,2.817240376855652e-02,7.879921698420080e-03,0.000000000000000e+00,0.000000000000000e+00,0.000000000000000e+00,1.000000000000000e+00,1563445 1563456 1563455 1563448
214,0,-1,0,1,1,2.490179905000003e-07,2.805057830780276e-02,8.357042014620895e-03,0.000000000000000e+00,0.000000000000000e+00,0.000000000000000e+00,1.000000000000000e+00,1563444 1563456 1563445 1563451
215,0,-1,0,1,1,2.433208199999997e-07,2.863168670875185e-02,8.030832913216920e-03,0.000000000000000e+00,0.000000000000000e+00,0.000000000000000e+00,1.000000000000000e+00,1563445 1563448 1563482 1563467
216,0,-1,0,1,1,2.573980375000000e-07,2.853078335043612e-02,8.522204007451441e-03,0.000000000000000e+00,0.000000000000000e+00,0.000000000000000e+00,1.000000000000000e+00,1563467 1563481 1563451 1563445
217,0,-1,0,1,1,2.586524879999999e-07,2.792522555707544e-02,8.838117864678939e-03,0.000000000000000e+00,0.000000000000000e+00,0.000000000000000e+00,1.000000000000000e+00,1563470 1563444 1563451 1563450
218,0,-1,0,1,1,2.905031374999991e-07,2.781999688388420e-02,9.335271687074436e-03,0.000000000000000e+00,0.000000000000000e+00,0.000000000000000e+00,1.000000000000000e+00,1563449 1563471 1563470 1563450
219,0,-1,0,1,1,4.001970739999983e-07,2.825547238830570e-02,1.004771640598773e-02,0.000000000000000e+00,0.000000000000000e+00,0.000000000000000e+00,1.000000000000000e+00,1563449 1562466 1562467 1563443
220,0,-1,0,1,1,2.742273799999998e-07,2.709683863803340e-02,1.125586576714064e-02,0.000000000000000e+00,0.000000000000000e+00,0.000000000000000e+00,1.000000000000000e+00,1563465 1563469 1563468 1563461
221,0,-1,0,1,1,2.496429700000009e-07,2.619691180271436e-02,1.196369309835429e-02,0.000000000000000e+00,0.000000000000000e+00,0.000000000000000e+00,1.000000000000000e+00,1563464 1563463 1563402 1563401
222,0,-1,0,1,1,2.019609169999994e-07,2.871339968470352e-02,7.548567024519321e-03,0.000000000000000e+00,0.000000000000000e+00,0.000000000000000e+00,1.000000000000000e+00,1563447 1563483 1563482 1563448
223,0,-1,0,1,1,2.613846714999994e-07,2.743042693563057e-02,8.663464543270242e-03,0.000000000000000e+00,0.000000000000000e+00,0.000000000000000e+00,1.000000000000000e+00,1563394 1563444 1563470 1563395
224,0,-1,0,1,1,2.278560149999991e-07,2.568953639814381e-02,1.397736167893132e-02,0.000000000000000e+00,0.000000000000000e+00,0.000000000000000e+00,1.000000000000000e+00,1563473 1563452 1563453 1563474
225,0,-1,0,1,1,2.540669749999995e-07,2.592032469798892e-02,1.355244711824838e-02,0.000000000000000e+00,0.000000000000000e+00,0.000000000000000e+00,1.000000000000000e+00,1563458 1563472 1563474 1563453
226,0,-1,0,1,1,2.480590299999998e-07,2.549637686181256e-02,1.328711317012057e-02,0.000000000000000e+00,0.000000000000000e+00,0.000000000000000e+00,1.000000000000000e+00,1563458 1563453 1563405 1563404
227,0,-1,0,1,1,3.187050624999991e-07,2.767916440545245e-02,9.836933974155701e-03,0.000000000000000e+00,0.000000000000000e+00,0.000000000000000e+00,1.000000000000000e+00,1563471 1563449 1563443 1563454
228,0,-1,0,1,1,2.539691999999994e-07,2.546578642823618e-02,1.440655206353763e-02,0.000000000000000e+00,0.000000000000000e+00,0.000000000000000e+00,1.000000000000000e+00,1563473 1563432 1563433 1563452
229,0,-1,0,1,1,2.333403119999994e-07,2.885443376678008e-02,7.087436613892530e-03,0.000000000000000e+00,0.000000000000000e+00,0.000000000000000e+00,1.000000000000000e+00,877397 1563483 1563447 1563442
230,0,-1,0,1,1,1.862129585000000e-07,2.848146116505877e-02,6.510952475466424e-03,0.000000000000000e+00,0.000000000000000e+00,0.000000000000000e+00,1.000000000000000e+00,1563442 1563457 1563478 1563477
231,0,-1,0,1,1,2.476622099999996e-07,2.642666391826189e-02,1.151087590771721e-02,0.000000000000000e+00,0.000000000000000e+00,0.000000000000000e+00,1.000000000000000e+00,1563464 1563401 1563400 1563469
232,0,-1,0,1,1,2.910311349999997e-07,2.713766129069031e-02,9.623440991267938e-03,0.000000000000000e+00,0.000000000000000e+00,0.000000000000000e+00,1.000000000000000e+00,1563396 1563471 1563454 1563397
233,0,-1,0,1,1,2.502101104999999e-07,2.757684727459378e-02,8.187109923413198e-03,0.000000000000000e+00,0.000000000000000e+00,0.000000000000000e+00,1.000000000000000e+00,1563444 1563394 1563393 1563456
234,0,-1,0,1,1,2.101318905000006e-07,2.798822729583018e-02,6.771989006735209e-03,0.000000000000000e+00,0.000000000000000e+00,0.000000000000000e+00,1.000000000000000e+00,1563457 1563446 1563391 1563390
235,0,-1,0,1,1,2.200649040000004e-07,2.786266032102360e-02,7.242088432295775e-03,0.000000000000000e+00,0.000000000000000e+00,0.000000000000000e+00,1.000000000000000e+00,1563391 1563446 1563455 1563392
236,0,-1,0,1,1,3.588677849999998e-07,2.797745002970848e-02,1.063174992071476e-02,0.000000000000000e+00,0.000000000000000e+00,0.000000000000000e+00,1.000000000000000e+00,1562468 1563460 1563443 1562467
237,0,-1,0,1,1,2.487631259999990e-07,2.821811328308333e-02,5.680536475108761e-03,0.000000000000000e+00,0.000000000000000e+00,0.000000000000000e+00,1.000000000000000e+00,1563475 1563479 1563389 1563388
238,0,-1,0,1,1,2.668985800000021e-07,2.680023306881087e-02,1.057366891367750e-02,0.000000000000000e+00,0.000000000000000e+00,0.000000000000000e+00,1.000000000000000e+00,1563399 1563398 1563459 1563468
239,0,-1,0,1,1,3.046334749999993e-07,2.592855756434570e-02,1.460626701167690e-02,0.000000000000000e+00,0.000000000000000e+00,0.000000000000000e+00,1.000000000000000e+00,1562473 1562464 1563432 1563473
240,0,-1,0,1,1,3.066672600000003e-07,2.700868850715050e-02,1.255654776162933e-02,0.000000000000000e+00,0.000000000000000e+00,0.000000000000000e+00,1.000000000000000e+00,1563466 1562470 1562471 1563484
241,0,-1,0,1,1,2.743011079999989e-07,2.892662329483026e-02,6.545658319834846e-03,0.000000000000000e+00,0.000000000000000e+00,0.000000000000000e+00,1.000000000000000e+00,1563442 1563477 877396 877397
242,0,-1,0,1,1,3.153539560000006e-07,2.911358974243453e-02,8.125532691371984e-03,0.000000000000000e+00,0.000000000000000e+00,0.000000000000000e+00,1.000000000000000e+00,1563482 877398 863761 1563467
243,0,-1,0,1,1,2.299006395000013e-07,2.853011271695810e-02,3.255399435603404e-03,0.000000000000000e+00,0.000000000000000e+00,0.000000000000000e+00,1.000000000000000e+00,1563383 877392 877393 1563384
244,0,-1,0,1,1,3.230017450000005e-07,2.760460543406094e-02,1.140207101100904e-02,0.000000000000000e+00,0.000000000000000e+00,0.000000000000000e+00,1.000000000000000e+00,1563461 1562468 1562469 1563465
245,0,-1,0,1,1,2.980406529999998e-07,2.748130823732750e-02,1.033423232674764e-02,0.000000000000000e+00,0.000000000000000e+00,0.000000000000000e+00,1.000000000000000e+00,1563459 1563454 1563443 1563460
246,0,-1,0,1,1,2.128419260000005e-07,2.840711844707184e-02,6.950780946638478e-03,0.000000000000000e+00,0.000000000000000e+00,0.000000000000000e+00,1.000000000000000e+00,1563446 1563457 1563442 1563447
247,0,-1,0,1,1,3.448324139999998e-07,2.854544101304815e-02,3.910128363722965e-03,0.000000000000000e+00,0.000000000000000e+00,0.000000000000000e+00,1.000000000000000e+00,1563384 877393 877394 1563385
248,0,-1,0,1,1,2.431444224999985e-07,2.872889937393799e-02,4.869728869130360e-03,0.000000000000000e+00,0.000000000000000e+00,0.000000000000000e+00,1.000000000000000e+00,1563476 1563441 877394 877395
249,0,-1,0,1,1,2.435173830000006e-07,2.843537131970411e-02,4.361468601374876e-03,0.000000000000000e+00,0.000000000000000e+00,0.000000000000000e+00,1.000000000000000e+00,877394 1563441 1563386 1563385
250,0,-1,0,1,1,1.849529430000007e-07,2.830072346022982e-02,4.790221577097045e-03,0.000000000000000e+00,0.000000000000000e+00,0.000000000000000e+00,1.000000000000000e+00,1563386 1563441 1563476 1563387
251,0,-1,0,1,1,2.464062000000006e-06,3.583522466264891e-02,2.135917742673899e-02,0.000000000000000e+00,0.000000000000000e+00,0.000000000000000e+00,1.000000000000000e+00,1562876 1603736 1603781 1562875
252,0,-1,0,1,1,2.391155360000008e-06,3.529833888085807e-02,2.243687652760700e-02,0.000000000000000e+00,0.000000000000000e+00,0.000000000000000e+00,1.000000000000000e+00,1603736 1603735 1603780 1603781
253,0,-1,0,1,1,2.623305790000000e-06,3.464297116965296e-02,2.349039295385144e-02,0.000000000000000e+00,0.000000000000000e+00,0.000000000000000e+00,1.000000000000000e+00,1603735 1603734 1603779 1603780
254,0,-1,0,1,1,2.466479139999996e-06,3.410544407393934e-02,2.457989294570803e-02,0.000000000000000e+00,0.000000000000000e+00,0.000000000000000e+00,1.000000000000000e+00,1603734 1603733 1603778 1603779
255,0,-1,0,1,1,2.045964024999997e-06,3.366907877073824e-02,2.578309344892318e-02,0.000000000000000e+00,0.000000000000000e+00,0.000000000000000e+00,1.000000000000000e+00,1603733 1603732 1603777 1603778
256,0,-1,0,1,1,1.122020774999998e-06,3.338148524975781e-02,2.694098610785437e-02,0.000000000000000e+00,0.000000000000000e+00,0.000000000000000e+00,1.000000000000000e+00,1603732 877469 877429 1603777
257,0,-1,0,1,1,2.120941179999999e-06,3.411245847853263e-02,2.032849790337734e-02,0.000000000000000e+00,0.000000000000000e+00,0.000000000000000e+00,1.000000000000000e+00,1562875 1603781 1603776 1562874
258,0,-1,0,1,1,2.101097584999995e-06,3.370267762369162e-02,2.141078277328109e-02,0.000000000000000e+00,0.000000000000000e+00,0.000000000000000e+00,1.000000000000000e+00,1603781 1603780 1603775 1603776
259,0,-1,0,1,1,2.046651060000005e-06,3.311115790435620e-02,2.241135024881770e-02,0.000000000000000e+00,0.000000000000000e+00,0.000000000000000e+00,1.000000000000000e+00,1603780 1603779 1603774 1603775
260,0,-1,0,1,1,2.038936749999993e-06,3.246375382674736e-02,2.382025905878803e-02,0.000000000000000e+00,0.000000000000000e+00,0.000000000000000e+00,1.000000000000000e+00,1603779 1603778 1603773 1603771
261,0,-1,0,1,1,2.343816090000006e-06,3.218192020809990e-02,2.503942460237612e-02,0.000000000000000e+00,0.000000000000000e+00,0.000000000000000e+00,1.000000000000000e+00,1603778 1603777 1603772 1603773
262,0,-1,0,1,1,2.039966610000000e-06,3.210134322012261e-02,2.636179855556312e-02,0.000000000000000e+00,0.000000000000000e+00,0.000000000000000e+00,1.000000000000000e+00,1603777 877429 877433 1603772
263,0,-1,0,1,1,1.895851845000006e-06,3.251895003197873e-02,1.938819891722473e-02,0.000000000000000e+00,0.000000000000000e+00,0.000000000000000e+00,1.000000000000000e+00,1562874 1603776 1603770 1562873
264,0,-1,0,1,1,1.908115449999997e-06,3.219437855574183e-02,2.044879637727337e-02,0.000000000000000e+00,0.000000000000000e+00,0.000000000000000e+00,1.000000000000000e+00,1603776 1603775 1603769 1603770
265,0,-1,0,1,1,1.925202799999999e-06,3.162031096744993e-02,2.135864321423869e-02,0.000000000000000e+00,0.000000000000000e+00,0.000000000000000e+00,1.000000000000000e+00,1603775 1603774 1603768 1603769
266,0,-1,0,1,1,1.631178390000001e-06,3.111613757888859e-02,2.215022766139392e-02,0.000000000000000e+00,0.000000000000000e+00,0.000000000000000e+00,1.000000000000000e+00,1603774 1603771 1603767 1603768
267,0,-1,0,1,1,1.840475524999999e-06,3.082544514115177e-02,2.308687286526336e-02,0.000000000000000e+00,0.000000000000000e+00,0.000000000000000e+00,1.000000000000000e+00,1603771 1603773 1603766 1603767
268,0,-1,0,1,1,2.123316295000002e-06,3.057190934478888e-02,2.419342737549471e-02,0.000000000000000e+00,0.000000000000000e+00,0.000000000000000e+00,1.000000000000000e+00,1603773 1603772 1603765 1603766
269,0,-1,0,1,1,2.014042710000003e-06,3.044145410080504e-02,2.541145261915944e-02,0.000000000000000e+00,0.000000000000000e+00,0.000000000000000e+00,1.000000000000000e+00,1603772 877433 877432 1603765
270,0,-1,0,1,1,1.655097399999999e-06,3.105184778842723e-02,1.851496145234212e-02,0.000000000000000e+00,0.000000000000000e+00,0.000000000000000e+00,1.000000000000000e+00,1562873 1603770 1603764 1562872
271,0,-1,0,1,1,1.770525760000006e-06,3.073401266968707e-02,1.953205491577862e-02,0.000000000000000e+00,0.000000000000000e+00,0.000000000000000e+00,1.000000000000000e+00,1603770 1603769 1603763 1603764
272,0,-1,0,1,1,1.943056125000000e-06,3.005926642898954e-02,2.037042808960806e-02,0.000000000000000e+00,0.000000000000000e+00,0.000000000000000e+00,1.000000000000000e+00,1603769 1603768 1603762 1603763
273,0,-1,0,1,1,1.854067070000000e-06,2.954541840426139e-02,2.126587649769802e-02,0.000000000000000e+00,0.000000000000000e+00,0.000000000000000e+00,1.000000000000000e+00,1603768 1603767 1603761 1603762
274,0,-1,0,1,1,1.798343900000003e-06,2.924480026370188e-02,2.228897625139811e-02,0.000000000000000e+00,0.000000000000000e+00,0.000000000000000e+00,1.000000000000000e+00,1603767 1603766 1603760 1603761
275,0,-1,0,1,1,2.087078815000001e-06,2.894899430990200e-02,2.334524158077143e-02,0.000000000000000e+00,0.000000000000000e+00,0.000000000000000e+00,1.000000000000000e+00,1603766 1603765 1603759 1603760
276,0,-1,0,1,1,2.019314805000004e-06,2.874520259359858e-02,2.444530916899334e-02,0.000000000000000e+00,0.000000000000000e+00,0.000000000000000e+00,1.000000000000000e+00,1603765 877432 877431 1603759
277,0,-1,0,1,1,1.422021449999998e-06,2.970976902339975e-02,1.770880344170968e-02,0.000000000000000e+00,0.000000000000000e+00,0.000000000000000e+00,1.000000000000000e+00,1562872 1603764 1603758 1562871
278,0,-1,0,1,1,1.513839284999998e-06,2.939938746485309e-02,1.867063748126494e-02,0.000000000000000e+00,0.000000000000000e+00,0.000000000000000e+00,1.000000000000000e+00,1603764 1603763 1603757 1603758
279,0,-1,0,1,1,1.439611999999997e-06,2.879987787392900e-02,1.948155135970433e-02,0.000000000000000e+00,0.000000000000000e+00,0.000000000000000e+00,1.000000000000000e+00,1603763 1603762 1603756 1603757
280,0,-1,0,1,1,1.563059479999996e-06,2.807509131228838e-02,2.060750884928747e-02,0.000000000000000e+00,0.000000000000000e+00,0.000000000000000e+00,1.000000000000000e+00,1603762 1603761 1603755 1603752
281,0,-1,0,1,1,1.548337935000000e-06,2.777208169756355e-02,2.156426798473766e-02,0.000000000000000e+00,0.000000000000000e+00,0.000000000000000e+00,1.000000000000000e+00,1603761 1603760 1603754 1603755
282,0,-1,0,1,1,1.559665759999998e-06,2.745916140282069e-02,2.255529391703750e-02,0.000000000000000e+00,0.000000000000000e+00,0.000000000000000e+00,1.000000000000000e+00,1603760 1603759 1603753 1603754
283,0,-1,0,1,1,1.741739644999995e-06,2.709389874094299e-02,2.353326927762817e-02,0.000000000000000e+00,0.000000000000000e+00,0.000000000000000e+00,1.000000000000000e+00,1603759 877431 877430 1603753
284,0,-1,0,1,1,1.228017655000001e-06,2.849154486028175e-02,1.697779536558671e-02,0.000000000000000e+00,0.000000000000000e+00,0.000000000000000e+00,1.000000000000000e+00,1562871 1603758 1603751 1562870
285,0,-1,0,1,1,1.277788689999999e-06,2.820831212507105e-02,1.788206679568565e-02,0.000000000000000e+00,0.000000000000000e+00,0.000000000000000e+00,1.000000000000000e+00,1603758 1603757 1603750 1603751
286,0,-1,0,1,1,1.181985654999999e-06,2.769789620929988e-02,1.862888530912022e-02,0.000000000000000e+00,0.000000000000000e+00,0.000000000000000e+00,1.000000000000000e+00,1603757 1603756 1603749 1603750
287,0,-1,0,1,1,1.058676585000001e-06,2.709512532333092e-02,1.922538620721832e-02,0.000000000000000e+00,0.000000000000000e+00,0.000000000000000e+00,1.000000000000000e+00,1603756 1603752 1603748 1603749
288,0,-1,0,1,1,1.344552029999998e-06,2.671868953706537e-02,1.998265619616594e-02,0.000000000000000e+00,0.000000000000000e+00,0.000000000000000e+00,1.000000000000000e+00,1603752 1603755 1603747 1603748
289,0,-1,0,1,1,1.435897809999999e-06,2.639299437809320e-02,2.089737280604507e-02,0.000000000000000e+00,0.000000000000000e+00,0.000000000000000e+00,1.000000000000000e+00,1603755 1603754 1603746 1603747
290,0,-1,0,1,1,1.595228670000005e-06,2.607188502851444e-02,2.181638785796083e-02,0.000000000000000e+00,0.000000000000000e+00,0.000000000000000e+00,1.000000000000000e+00,1603754 1603753 1603745 1603746
291,0,-1,0,1,1,1.763293709999997e-06,2.551894817711963e-02,2.262930070825637e-02,0.000000000000000e+00,0.000000000000000e+00,0.000000000000000e+00,1.000000000000000e+00,1603753 877430 877428 1603745
292,0,-1,0,1,1,1.068955545000003e-06,2.736943524405592e-02,1.629644403300654e-02,0.000000000000000e+00,0.000000000000000e+00,0.000000000000000e+00,1.000000000000000e+00,1562870 1603751 1603744 1562869
293,0,-1,0,1,1,1.172287484999997e-06,2.707199068009670e-02,1.709916810951966e-02,0.000000000000000e+00,0.000000000000000e+00,0.000000000000000e+00,1.000000000000000e+00,1603751 1603750 1603743 1603744
294,0,-1,0,1,1,1.194999770000000e-06,2.660561774059421e-02,1.779478123481787e-02,0.000000000000000e+00,0.000000000000000e+00,0.000000000000000e+00,1.000000000000000e+00,1603750 1603749 1603742 1603743
295,0,-1,0,1,1,1.034479549999998e-06,2.609672713743834e-02,1.842614965651730e-02,0.000000000000000e+00,0.000000000000000e+00,0.000000000000000e+00,1.000000000000000e+00,1603749 1603748 1603741 1603742
296,0,-1,0,1,1,1.139852625000003e-06,2.552335882606973e-02,1.939901465965465e-02,0.000000000000000e+00,0.000000000000000e+00,0.000000000000000e+00,1.000000000000000e+00,1603748 1603747 1603740 1603737
297,0,-1,0,1,1,1.402474499999998e-06,2.507795605833927e-02,2.018474626111871e-02,0.000000000000000e+00,0.000000000000000e+00,0.000000000000000e+00,1.000000000000000e+00,1603747 1603746 1603739 1603740
298,0,-1,0,1,1,1.543747485000002e-06,2.466199131406877e-02,2.105624270724301e-02,0.000000000000000e+00,0.000000000000000e+00,0.000000000000000e+00,1.000000000000000e+00,1603746 1603745 1603738 1603739
299,0,-1,0,1,1,1.277906864999999e-06,2.412659953183247e-02,2.181152311570530e-02,0.000000000000000e+00,0.000000000000000e+00,0.000000000000000e+00,1.000000000000000e+00,1603745 877428 877501 1603738
300,0,-1,0,1,1,9.250907500000014e-07,2.630465721858424e-02,1.564281051577120e-02,0.000000000000000e+00,0.000000000000000e+00,0.000000000000000e+00,1.000000000000000e+00,1562869 1603744 1603723 1562464
301,0,-1,0,1,1,1.023195870000000e-06,2.595488962753534e-02,1.631285154009662e-02,0.000000000000000e+00,0.000000000000000e+00,0.000000000000000e+00,1.000000000000000e+00,1603744 1603743 1603722 1603723
302,0,-1,0,1,1,1.013191430000001e-06,2.553606297560274e-02,1.695447678673351e-02,0.000000000000000e+00,0.000000000000000e+00,0.000000000000000e+00,1.000000000000000e+00,1603743 1603742 1603721 1603722
303,0,-1,0,1,1,8.931403000000008e-07,2.510313935697914e-02,1.755745533252259e-02,0.000000000000000e+00,0.000000000000000e+00,0.000000000000000e+00,1.000000000000000e+00,1603742 1603741 1603720 1603721
304,0,-1,0,1,1,8.253468799999987e-07,2.472271339525025e-02,1.813054397948169e-02,0.000000000000000e+00,0.000000000000000e+00,0.000000000000000e+00,1.000000000000000e+00,1603741 1603737 1603719 1603720
305,0,-1,0,1,1,9.835486849999986e-07,2.438638625568274e-02,1.875746708478358e-02,0.000000000000000e+00,0.000000000000000e+00,0.000000000000000e+00,1.000000000000000e+00,1603737 1603740 1603718 1603719
306,0,-1,0,1,1,1.069693855000001e-06,2.396430255572594e-02,1.943722613462771e-02,0.000000000000000e+00,0.000000000000000e+00,0.000000000000000e+00,1.000000000000000e+00,1603740 1603739 1603717 1603718
307,0,-1,0,1,1,1.180417735000003e-06,2.335588530989879e-02,2.049044544925049e-02,0.000000000000000e+00,0.000000000000000e+00,0.000000000000000e+00,1.000000000000000e+00,1603739 1603738 1603715 1603716
308,0,-1,0,1,1,1.071306974999999e-06,2.290442942798678e-02,2.117593057925344e-02,0.000000000000000e+00,0.000000000000000e+00,0.000000000000000e+00,1.000000000000000e+00,877501 877466 1603715 1603738
309,0,-1,0,1,1,2.430437274999992e-06,3.752740670216193e-02,2.241553704173947e-02,0.000000000000000e+00,0.000000000000000e+00,0.000000000000000e+00,1.000000000000000e+00,1562876 1562932 1603851 1603736
310,0,-1,0,1,1,2.747928649999998e-06,3.910969724613907e-02,2.342712853384664e-02,0.000000000000000e+00,0.000000000000000e+00,0.000000000000000e+00,1.000000000000000e+00,1562932 1562933 1603850 1603851
311,0,-1,0,1,1,3.066192925000001e-06,4.068803128619072e-02,2.443607847472258e-02,0.000000000000000e+00,0.000000000000000e+00,0.000000000000000e+00,1.000000000000000e+00,1562933 1562934 1603849 1603850
312,0,-1,0,1,1,3.345670835000000e-06,4.227213735583679e-02,2.543629657439816e-02,0.000000000000000e+00,0.000000000000000e+00,0.000000000000000e+00,1.000000000000000e+00,1562934 1562935 1603848 1603849
313,0,-1,0,1,1,3.622572470000005e-06,4.385920021917297e-02,2.643829726534801e-02,0.000000000000000e+00,0.000000000000000e+00,0.000000000000000e+00,1.000000000000000e+00,1562935 1562936 1603847 1603848
314,0,-1,0,1,1,3.920289144999994e-06,4.544139103495477e-02,2.744353361194268e-02,0.000000000000000e+00,0.000000000000000e+00,0.000000000000000e+00,1.000000000000000e+00,1562936 876970 877653 1603847
315,0,-1,0,1,1,2.444919549999999e-06,3.690046474470227e-02,2.355935117805274e-02,0.000000000000000e+00,0.000000000000000e+00,0.000000000000000e+00,1.000000000000000e+00,1603736 1603851 1603846 1603735
316,0,-1,0,1,1,2.765447399999997e-06,3.839152976590865e-02,2.471520841820001e-02,0.000000000000000e+00,0.000000000000000e+00,0.000000000000000e+00,1.000000000000000e+00,1603851 1603850 1603845 1603846
317,0,-1,0,1,1,3.101678915000000e-06,3.988497528527154e-02,2.587740707100437e-02,0.000000000000000e+00,0.000000000000000e+00,0.000000000000000e+00,1.000000000000000e+00,1603850 1603849 1603844 1603845
318,0,-1,0,1,1,3.431285879999995e-06,4.138459019089019e-02,2.701534856679561e-02,0.000000000000000e+00,0.000000000000000e+00,0.000000000000000e+00,1.000000000000000e+00,1603849 1603848 1603843 1603844
319,0,-1,0,1,1,3.705478500000003e-06,4.289112506711887e-02,2.814297225957394e-02,0.000000000000000e+00,0.000000000000000e+00,0.000000000000000e+00,1.000000000000000e+00,1603848 1603847 1603842 1603843
320,0,-1,0,1,1,3.932416525000003e-06,4.439261807708443e-02,2.926640499977881e-02,0.000000000000000e+00,0.000000000000000e+00,0.000000000000000e+00,1.000000000000000e+00,1603847 877653 877652 1603842
321,0,-1,0,1,1,2.461104915000004e-06,3.626740750402284e-02,2.471449289483682e-02,0.000000000000000e+00,0.000000000000000e+00,0.000000000000000e+00,1.000000000000000e+00,1603735 1603846 1603841 1603734
322,0,-1,0,1,1,2.819979854999999e-06,3.766110973160569e-02,2.602579387123406e-02,0.000000000000000e+00,0.000000000000000e+00,0.000000000000000e+00,1.000000000000000e+00,1603846 1603845 1603840 1603841
323,0,-1,0,1,1,3.167131919999991e-06,3.905222583499331e-02,2.733446859665763e-02,0.000000000000000e+00,0.000000000000000e+00,0.000000000000000e+00,1.000000000000000e+00,1603845 1603844 1603839 1603840
324,0,-1,0,1,1,3.468215709999995e-06,4.046535640014632e-02,2.861438923707781e-02,0.000000000000000e+00,0.000000000000000e+00,0.000000000000000e+00,1.000000000000000e+00,1603844 1603843 1603838 1603839
325,0,-1,0,1,1,3.713509914999985e-06,4.190011896847460e-02,2.986462526176699e-02,0.000000000000000e+00,0.000000000000000e+00,0.000000000000000e+00,1.000000000000000e+00,1603843 1603842 1603837 1603838
326,0,-1,0,1,1,3.919683645000010e-06,4.333673369313430e-02,3.109988971003258e-02,0.000000000000000e+00,0.000000000000000e+00,0.000000000000000e+00,1.000000000000000e+00,1603842 877652 877651 1603837
327,0,-1,0,1,1,2.470902540000007e-06,3.562265481446508e-02,2.587822231339646e-02,0.000000000000000e+00,0.000000000000000e+00,0.000000000000000e+00,1.000000000000000e+00,1603734 1603841 1603836 1603733
328,0,-1,0,1,1,2.878018560000001e-06,3.689399206364084e-02,2.736252922194116e-02,0.000000000000000e+00,0.000000000000000e+00,0.000000000000000e+00,1.000000000000000e+00,1603841 1603840 1603835 1603836
329,0,-1,0,1,1,3.225435530000010e-06,3.817939855670179e-02,2.881434488057813e-02,0.000000000000000e+00,0.000000000000000e+00,0.000000000000000e+00,1.000000000000000e+00,1603840 1603839 1603834 1603835
330,0,-1,0,1,1,3.532778860000003e-06,3.950992656144064e-02,3.022074892892021e-02,0.000000000000000e+00,0.000000000000000e+00,0.000000000000000e+00,1.000000000000000e+00,1603839 1603838 1603833 1603834
331,0,-1,0,1,1,3.802202914999989e-06,4.087826715624960e-02,3.158545943699548e-02,0.000000000000000e+00,0.000000000000000e+00,0.000000000000000e+00,1.000000000000000e+00,1603838 1603837 1603832 1603833
332,0,-1,0,1,1,3.980564445000000e-06,4.226903849924782e-02,3.292794844141219e-02,0.000000000000000e+00,0.000000000000000e+00,0.000000000000000e+00,1.000000000000000e+00,1603837 877651 877650 1603832
333,0,-1,0,1,1,2.453284250000000e-06,3.496408358303432e-02,2.705308746257866e-02,0.000000000000000e+00,0.000000000000000e+00,0.000000000000000e+00,1.000000000000000e+00,1603733 1603836 1603831 1603732
334,0,-1,0,1,1,2.894806534999993e-06,3.609721455953307e-02,2.872036932777892e-02,0.000000000000000e+00,0.000000000000000e+00,0.000000000000000e+00,1.000000000000000e+00,1603836 1603835 1603830 1603831
335,0,-1,0,1,1,3.298290899999995e-06,3.726767869615018e-02,3.031934464685756e-02,0.000000000000000e+00,0.000000000000000e+00,0.000000000000000e+00,1.000000000000000e+00,1603835 1603834 1603829 1603830
336,0,-1,0,1,1,3.621897054999997e-06,3.851175101787683e-02,3.184692569351357e-02,0.000000000000000e+00,0.000000000000000e+00,0.000000000000000e+00,1.000000000000000e+00,1603834 1603833 1603828 1603829
337,0,-1,0,1,1,3.899628720000004e-06,3.982634109893930e-02,3.331845796860306e-02,0.000000000000000e+00,0.000000000000000e+00,0.000000000000000e+00,1.000000000000000e+00,1603833 1603832 1603827 1603828
338,0,-1,0,1,1,4.071603719999998e-06,4.119010984103336e-02,3.476009979581281e-02,0.000000000000000e+00,0.000000000000000e+00,0.000000000000000e+00,1.000000000000000e+00,1603832 877650 877649 1603827
339,0,-1,0,1,1,2.357223949999999e-06,3.430984326681568e-02,2.820928719909281e-02,0.000000000000000e+00,0.000000000000000e+00,0.000000000000000e+00,1.000000000000000e+00,1603732 1603831 1603826 877469
340,0,-1,0,1,1,2.770097380000008e-06,3.528814699127941e-02,3.008978554916434e-02,0.000000000000000e+00,0.000000000000000e+00,0.000000000000000e+00,1.000000000000000e+00,1603831 1603830 1603825 1603826
341,0,-1,0,1,1,3.413236490000004e-06,3.629045517553615e-02,3.184061096073647e-02,0.000000000000000e+00,0.000000000000000e+00,0.000000000000000e+00,1.000000000000000e+00,1603830 1603829 1603824 1603825
342,0,-1,0,1,1,3.783837080000004e-06,3.745641896781120e-02,3.348880396625128e-02,0.000000000000000e+00,0.000000000000000e+00,0.000000000000000e+00,1.000000000000000e+00,1603829 1603828 1603823 1603824
343,0,-1,0,1,1,4.023682514999993e-06,3.874169502560090e-02,3.506138168708078e-02,0.000000000000000e+00,0.000000000000000e+00,0.000000000000000e+00,1.000000000000000e+00,1603828 1603827 1603822 1603823
344,0,-1,0,1,1,4.211433059999986e-06,4.009825817135716e-02,3.659419646915470e-02,0.000000000000000e+00,0.000000000000000e+00,0.000000000000000e+00,1.000000000000000e+00,1603827 877649 877648 1603822
345,0,-1,0,1,1,3.708039049999987e-06,3.343655284413379e-02,2.963555024557962e-02,0.000000000000000e+00,0.000000000000000e+00,0.000000000000000e+00,1.000000000000000e+00,877469 1603826 1603821 877508
346,0,-1,0,1,1,3.526537440000002e-06,3.427653645442198e-02,3.154866867686962e-02,0.000000000000000e+00,0.000000000000000e+00,0.000000000000000e+00,1.000000000000000e+00,1603826 1603825 1603820 1603821
347,0,-1,0,1,1,3.698581444999991e-06,3.519687209413454e-02,3.339768595378428e-02,0.000000000000000e+00,0.000000000000000e+00,0.000000000000000e+00,1.000000000000000e+00,1603825 1603824 1603819 1603820
348,0,-1,0,1,1,4.035174220000007e-06,3.631393212625096e-02,3.513250340116706e-02,0.000000000000000e+00,0.000000000000000e+00,0.000000000000000e+00,1.000000000000000e+00,1603824 1603823 1603818 1603819
349,0,-1,0,1,1,4.262001465000008e-06,3.757971106159029e-02,3.679528182405106e-02,0.000000000000000e+00,0.000000000000000e+00,0.000000000000000e+00,1.000000000000000e+00,1603823 1603822 1603817 1603818
350,0,-1,0,1,1,4.560248560000002e-06,3.896096470367952e-02,3.842688141883215e-02,0.000000000000000e+00,0.000000000000000e+00,0.000000000000000e+00,1.000000000000000e+00,1603822 877648 877654 1603817
351,0,-1,0,1,1,3.462438450000009e-06,3.231962515943785e-02,3.142255978871681e-02,0.000000000000000e+00,0.000000000000000e+00,0.000000000000000e+00,1.000000000000000e+00,877508 1603821 1603816 877507
352,0,-1,0,1,1,3.660992005000008e-06,3.308616806094450e-02,3.325167832513772e-02,0.000000000000000e+00,0.000000000000000e+00,0.000000000000000e+00,1.000000000000000e+00,1603821 1603820 1603815 1603816
353,0,-1,0,1,1,3.834927280000012e-06,3.397520853377951e-02,3.502684052853566e-02,0.000000000000000e+00,0.000000000000000e+00,0.000000000000000e+00,1.000000000000000e+00,1603820 1603819 1603814 1603815
354,0,-1,0,1,1,4.211215380000004e-06,3.503029517419505e-02,3.675545506674512e-02,0.000000000000000e+00,0.000000000000000e+00,0.000000000000000e+00,1.000000000000000e+00,1603819 1603818 1603813 1603814
355,0,-1,0,1,1,4.487884510000007e-06,3.623830665304650e-02,3.844821841744386e-02,0.000000000000000e+00,0.000000000000000e+00,0.000000000000000e+00,1.000000000000000e+00,1603818 1603817 1603812 1603813
356,0,-1,0,1,1,4.973603544999995e-06,3.760554437808281e-02,4.012044218588405e-02,0.000000000000000e+00,0.000000000000000e+00,0.000000000000000e+00,1.000000000000000e+00,1603817 877654 877659 1603812
357,0,-1,0,1,1,2.969862240000000e-06,3.120279835224276e-02,3.317293394578598e-02,0.000000000000000e+00,0.000000000000000e+00,0.000000000000000e+00,1.000000000000000e+00,877507 1603816 1603811 877506
358,0,-1,0,1,1,3.254430824999999e-06,3.185665099034560e-02,3.493683324392599e-02,0.000000000000000e+00,0.000000000000000e+00,0.000000000000000e+00,1.000000000000000e+00,1603816 1603815 1603810 1603811
359,0,-1,0,1,1,3.832152259999995e-06,3.260512789887812e-02,3.665030839938865e-02,0.000000000000000e+00,0.000000000000000e+00,0.000000000000000e+00,1.000000000000000e+00,1603815 1603814 1603809 1603810
360,0,-1,0,1,1,4.208525774999984e-06,3.357192870906536e-02,3.833202834831800e-02,0.000000000000000e+00,0.000000000000000e+00,0.000000000000000e+00,1.000000000000000e+00,1603814 1603813 1603808 1603809
361,0,-1,0,1,1,4.507033639999989e-06,3.470049352793641e-02,4.000813828537129e-02,0.000000000000000e+00,0.000000000000000e+00,0.000000000000000e+00,1.000000000000000e+00,1603813 1603812 1603807 1603808
362,0,-1,0,1,1,4.802819649999997e-06,3.593991839422458e-02,4.167868372319616e-02,0.000000000000000e+00,0.000000000000000e+00,0.000000000000000e+00,1.000000000000000e+00,1603812 877659 877658 1603807
363,0,-1,0,1,1,3.924663940000002e-06,2.974542640160230e-02,3.482047432000603e-02,0.000000000000000e+00,0.000000000000000e+00,0.000000000000000e+00,1.000000000000000e+00,877506 1603811 1603806 877505
364,0,-1,0,1,1,3.800594205000013e-06,3.033004426424802e-02,3.649437504948531e-02,0.000000000000000e+00,0.000000000000000e+00,0.000000000000000e+00,1.000000000000000e+00,1603811 1603810 1603805 1603806
365,0,-1,0,1,1,4.006436440000005e-06,3.103986276347001e-02,3.817933238251065e-02,0.000000000000000e+00,0.000000000000000e+00,0.000000000000000e+00,1.000000000000000e+00,1603810 1603809 1603804 1603805
366,0,-1,0,1,1,4.208671960000014e-06,3.197630783359984e-02,3.983583451182130e-02,0.000000000000000e+00,0.000000000000000e+00,0.000000000000000e+00,1.000000000000000e+00,1603809 1603808 1603803 1603804
367,0,-1,0,1,1,4.440992810000014e-06,3.304529787490886e-02,4.149521135762493e-02,0.000000000000000e+00,0.000000000000000e+00,0.000000000000000e+00,1.000000000000000e+00,1603808 1603807 1603802 1603803
368,0,-1,0,1,1,4.700402874999998e-06,3.419658306085997e-02,4.316540423931818e-02,0.000000000000000e+00,0.000000000000000e+00,0.000000000000000e+00,1.000000000000000e+00,1603807 877658 877657 1603802
369,0,-1,0,1,1,4.050838725000005e-06,2.787988191895092e-02,3.635484170435334e-02,0.000000000000000e+00,0.000000000000000e+00,0.000000000000000e+00,1.000000000000000e+00,877505 1603806 1603801 877504
370,0,-1,0,1,1,4.018691725000001e-06,2.855818180726942e-02,3.796964337756997e-02,0.000000000000000e+00,0.000000000000000e+00,0.000000000000000e+00,1.000000000000000e+00,1603806 1603805 1603800 1603801
371,0,-1,0,1,1,4.041104114999995e-06,2.935121968125449e-02,3.962328784810101e-02,0.000000000000000e+00,0.000000000000000e+00,0.000000000000000e+00,1.000000000000000e+00,1603805 1603804 1603799 1603800
372,0,-1,0,1,1,4.228187374999985e-06,3.028152332028607e-02,4.126154943888771e-02,0.000000000000000e+00,0.000000000000000e+00,0.000000000000000e+00,1.000000000000000e+00,1603804 1603803 1603798 1603799
373,0,-1,0,1,1,4.407705364999999e-06,3.130053598801649e-02,4.290947030470998e-02,0.000000000000000e+00,0.000000000000000e+00,0.000000000000000e+00,1.000000000000000e+00,1603803 1603802 1603797 1603798
374,0,-1,0,1,1,4.612015239999992e-06,3.237896685696830e-02,4.457270182077665e-02,0.000000000000000e+00,0.000000000000000e+00,0.000000000000000e+00,1.000000000000000e+00,1603802 877657 877656 1603797
375,0,-1,0,1,1,4.127007690000012e-06,2.594283425919047e-02,3.779102945275297e-02,0.000000000000000e+00,0.000000000000000e+00,0.000000000000000e+00,1.000000000000000e+00,877504 1603801 1603796 877503
376,0,-1,0,1,1,4.079996680000008e-06,2.672960438470928e-02,3.938515514548376e-02,0.000000000000000e+00,0.000000000000000e+00,0.000000000000000e+00,1.000000000000000e+00,1603801 1603800 1603795 1603796
377,0,-1,0,1,1,4.120973739999998e-06,2.758154342413063e-02,4.099862185674383e-02,0.000000000000000e+00,0.000000000000000e+00,0.000000000000000e+00,1.000000000000000e+00,1603800 1603799 1603794 1603795
378,0,-1,0,1,1,4.228637544999987e-06,2.850073742241103e-02,4.262404693242040e-02,0.000000000000000e+00,0.000000000000000e+00,0.000000000000000e+00,1.000000000000000e+00,1603799 1603798 1603793 1603794
379,0,-1,0,1,1,4.336278185000007e-06,2.947887216495716e-02,4.425220813933873e-02,0.000000000000000e+00,0.000000000000000e+00,0.000000000000000e+00,1.000000000000000e+00,1603798 1603797 1603792 1603793
380,0,-1,0,1,1,4.486952750000004e-06,3.049832946007362e-02,4.589891434748598e-02,0.000000000000000e+00,0.000000000000000e+00,0.000000000000000e+00,1.000000000000000e+00,1603797 877656 877655 1603792
381,0,-1,0,1,1,4.326054640000007e-06,2.395904842840543e-02,3.912593028654072e-02,0.000000000000000e+00,0.000000000000000e+00,0.000000000000000e+00,1.000000000000000e+00,877503 1603796 1603782 877502
382,0,-1,0,1,1,4.221143240000001e-06,2.484040565545271e-02,4.072102759474445e-02,0.000000000000000e+00,0.000000000000000e+00,0.000000000000000e+00,1.000000000000000e+00,1603796 1603795 1603783 1603782
383,0,-1,0,1,1,4.186920439999994e-06,2.574249242227683e-02,4.232133496503634e-02,0.000000000000000e+00,0.000000000000000e+00,0.000000000000000e+00,1.000000000000000e+00,1603795 1603794 1603784 1603783
384,0,-1,0,1,1,4.179878034999999e-06,2.666471101415446e-02,4.393389772442701e-02,0.000000000000000e+00,0.000000000000000e+00,0.000000000000000e+00,1.000000000000000e+00,1603794 1603793 1603785 1603784
385,0,-1,0,1,1,4.249002544999999e-06,2.761081053832392e-02,4.554501308982922e-02,0.000000000000000e+00,0.000000000000000e+00,0.000000000000000e+00,1.000000000000000e+00,1603793 1603792 1603786 1603785
386,0,-1,0,1,1,4.358171600000002e-06,2.856999988017300e-02,4.716013677786957e-02,0.000000000000000e+00,0.000000000000000e+00,0.000000000000000e+00,1.000000000000000e+00,1603792 877655 877660 1603786
387,0,-1,0,1,1,1.280810899999994e-07,2.445579304476563e-02,1.440499747919853e-02,0.000000000000000e+00,0.000000000000000e+00,0.000000000000000e+00,1.000000000000000e+00,1563381 1603892 1603893 1563380
388,0,-1,0,1,1,1.262909850000004e-07,2.423366046116039e-02,1.427324931859942e-02,0.000000000000000e+00,0.000000000000000e+00,0.000000000000000e+00,1.000000000000000e+00,1563380 1603893 877425 867289
389,0,-1,0,1,1,1.272826649999998e-07,2.419338513046926e-02,1.482554395443008e-02,0.000000000000000e+00,0.000000000000000e+00,0.000000000000000e+00,1.000000000000000e+00,1603892 1603891 1603894 1603893
390,0,-1,0,1,1,1.249001099999999e-07,2.397613358722422e-02,1.469016571636326e-02,0.000000000000000e+00,0.000000000000000e+00,0.000000000000000e+00,1.000000000000000e+00,1603893 1603894 877424 877425
391,0,-1,0,1,1,1.275501200000004e-07,2.392994124603202e-02,1.524569157725868e-02,0.000000000000000e+00,0.000000000000000e+00,0.000000000000000e+00,1.000000000000000e+00,1603891 1603890 1603895 1603894
392,0,-1,0,1,1,1.247750600000001e-07,2.371563357362708e-02,1.510541968038591e-02,0.000000000000000e+00,0.000000000000000e+00,0.000000000000000e+00,1.000000000000000e+00,1603894 1603895 877423 877424
393,0,-1,0,1,1,1.293327550000002e-07,2.366515266177801e-02,1.566507172704496e-02,0.000000000000000e+00,0.000000000000000e+00,0.000000000000000e+00,1.000000000000000e+00,1603890 1603889 1603896 1603895
394,0,-1,0,1,1,1.263245550000004e-07,2.345101139654916e-02,1.551823713969149e-02,0.000000000000000e+00,0.000000000000000e+00,0.000000000000000e+00,1.000000000000000e+00,1603895 1603896 877422 877423
395,0,-1,0,1,1,1.329474800000000e-07,2.339878447000775e-02,1.608346000915048e-02,0.000000000000000e+00,0.000000000000000e+00,0.000000000000000e+00,1.000000000000000e+00,1603889 1603888 1603897 1603896
396,0,-1,0,1,1,1.298435450000019e-07,2.318168829075022e-02,1.592791598152864e-02,0.000000000000000e+00,0.000000000000000e+00,0.000000000000000e+00,1.000000000000000e+00,1603896 1603897 877421 877422
397,0,-1,0,1,1,1.392752799999999e-07,2.312993473670992e-02,1.650060383331247e-02,0.000000000000000e+00,0.000000000000000e+00,0.000000000000000e+00,1.000000000000000e+00,1603888 1603887 1603898 1603897
398,0,-1,0,1,1,1.347609899999985e-07,2.290693341786077e-02,1.633332348547356e-02,0.000000000000000e+00,0.000000000000000e+00,0.000000000000000e+00,1.000000000000000e+00,1603897 1603898 877420 877421
399,0,-1,0,1,1,1.485443299999990e-07,2.285301841579772e-02,1.691114326957257e-02,0.000000000000000e+00,0.000000000000000e+00,0.000000000000000e+00,1.000000000000000e+00,1603887 1603886 1603899 1603898
400,0,-1,0,1,1,1.375320550000011e-07,2.262435531171503e-02,1.673095471244261e-02,0.000000000000000e+00,0.000000000000000e+00,0.000000000000000e+00,1.000000000000000e+00,1603898 1603899 877419 877420
401,0,-1,0,1,1,1.465693199999989e-07,2.255700530214645e-02,1.729803084391740e-02,0.000000000000000e+00,0.000000000000000e+00,0.000000000000000e+00,1.000000000000000e+00,1603886 1603885 1603900 1603899
402,0,-1,0,1,1,1.359029100000008e-07,2.233084408425103e-02,1.712099793959158e-02,0.000000000000000e+00,0.000000000000000e+00,0.000000000000000e+00,1.000000000000000e+00,1603899 1603900 877418 877419
403,0,-1,0,1,1,1.353930299999998e-07,2.223562499590513e-02,1.767694697421894e-02,0.000000000000000e+00,0.000000000000000e+00,0.000000000000000e+00,1.000000000000000e+00,1603885 1603884 1603901 1603900
404,0,-1,0,1,1,1.311113400000003e-07,2.202744272951778e-02,1.750390974496435e-02,0.000000000000000e+00,0.000000000000000e+00,0.000000000000000e+00,1.000000000000000e+00,1603900 1603901 877417 877418
405,0,-1,0,1,1,1.291411200000005e-07,2.191092830942616e-02,1.805198855496994e-02,0.000000000000000e+00,0.000000000000000e+00,0.000000000000000e+00,1.000000000000000e+00,1603884 1603883 1603902 1603901
406,0,-1,0,1,1,1.257005150000009e-07,2.171579067863936e-02,1.788202186525648e-02,0.000000000000000e+00,0.000000000000000e+00,0.000000000000000e+00,1.000000000000000e+00,1603901 1603902 877416 877417
407,0,-1,0,1,1,1.253946000000004e-07,2.158430319024902e-02,1.842539991666308e-02,0.000000000000000e+00,0.000000000000000e+00,0.000000000000000e+00,1.000000000000000e+00,1603883 1603882 1603903 1603902
408,0,-1,0,1,1,1.221098749999992e-07,2.139867363620947e-02,1.825595585134563e-02,0.000000000000000e+00,0.000000000000000e+00,0.000000000000000e+00,1.000000000000000e+00,1603902 1603903 877415 877416
409,0,-1,0,1,1,1.238646800000003e-07,2.125600612202768e-02,1.879734527784676e-02,0.000000000000000e+00,0.000000000000000e+00,0.000000000000000e+00,1.000000000000000e+00,1603882 1603881 1603904 1603903
410,0,-1,0,1,1,1.206340250000001e-07,2.107650689678969e-02,1.862569276010645e-02,0.000000000000000e+00,0.000000000000000e+00,0.000000000000000e+00,1.000000000000000e+00,1603903 1603904 877414 877415
411,0,-1,0,1,1,1.245288000000000e-07,2.092603148532307e-02,1.916789460330060e-02,0.000000000000000e+00,0.000000000000000e+00,0.000000000000000e+00,1.000000000000000e+00,1603881 1603880 1603905 1603904
412,0,-1,0,1,1,1.213114500000004e-07,2.074940739812277e-02,1.899114056131552e-02,0.000000000000000e+00,0.000000000000000e+00,0.000000000000000e+00,1.000000000000000e+00,1603904 1603905 877413 877414
413,0,-1,0,1,1,1.273453300000017e-07,2.059447481588842e-02,1.953694387681904e-02,0.000000000000000e+00,0.000000000000000e+00,0.000000000000000e+00,1.000000000000000e+00,1603880 1603879 1603906 1603905
414,0,-1,0,1,1,1.241776900000004e-07,2.041748247462702e-02,1.935211990253107e-02,0.000000000000000e+00,0.000000000000000e+00,0.000000000000000e+00,1.000000000000000e+00,1603905 1603906 877412 877413
415,0,-1,0,1,1,1.323313649999992e-07,2.026134747621246e-02,1.990445957253973e-02,0.000000000000000e+00,0.000000000000000e+00,0.000000000000000e+00,1.000000000000000e+00,1603879 1603878 1603907 1603906
416,0,-1,0,1,1,1.292118000000002e-07,2.008088636827287e-02,1.970855272444158e-02,0.000000000000000e+00,0.000000000000000e+00,0.000000000000000e+00,1.000000000000000e+00,1603906 1603907 877411 877412
417,0,-1,0,1,1,1.418004900000006e-07,1.992426572768308e-02,2.026958522638391e-02,0.000000000000000e+00,0.000000000000000e+00,0.000000000000000e+00,1.000000000000000e+00,1603878 1603877 1603908 1603907
418,0,-1,0,1,1,1.341774499999996e-07,1.973899549381808e-02,2.005773042067302e-02,0.000000000000000e+00,0.000000000000000e+00,0.000000000000000e+00,1.000000000000000e+00,1603907 1603908 877410 877411
419,0,-1,0,1,1,1.474036100000004e-07,1.957756701420678e-02,2.061568312906539e-02,0.000000000000000e+00,0.000000000000000e+00,0.000000000000000e+00,1.000000000000000e+00,1603877 1603876 1603909 1603908
420,0,-1,0,1,1,1.358281900000000e-07,1.938901863099381e-02,2.039771945010212e-02,0.000000000000000e+00,0.000000000000000e+00,0.000000000000000e+00,1.000000000000000e+00,1603908 1603909 877409 877410
421,0,-1,0,1,1,1.411319699999990e-07,1.920943598991781e-02,2.094203511971101e-02,0.000000000000000e+00,0.000000000000000e+00,0.000000000000000e+00,1.000000000000000e+00,1603876 1603875 1603910 1603909
422,0,-1,0,1,1,1.334100749999992e-07,1.902989858224726e-02,2.072841738232663e-02,0.000000000000000e+00,0.000000000000000e+00,0.000000000000000e+00,1.000000000000000e+00,1603909 1603910 877408 877409
423,0,-1,0,1,1,1.328465500000007e-07,1.882782083433857e-02,2.125970933629815e-02,0.000000000000000e+00,0.000000000000000e+00,0.000000000000000e+00,1.000000000000000e+00,1603875 1603874 1603911 1603910
424,0,-1,0,1,1,1.288354900000006e-07,1.866249990039753e-02,2.105151626041862e-02,0.000000000000000e+00,0.000000000000000e+00,0.000000000000000e+00,1.000000000000000e+00,1603910 1603911 877407 877408
425,0,-1,0,1,1,1.283633649999987e-07,1.844404034108434e-02,2.157413454044436e-02,0.000000000000000e+00,0.000000000000000e+00,0.000000000000000e+00,1.000000000000000e+00,1603874 1603873 1603912 1603911
426,0,-1,0,1,1,1.248397750000012e-07,1.828888919426120e-02,2.136887445815380e-02,0.000000000000000e+00,0.000000000000000e+00,0.000000000000000e+00,1.000000000000000e+00,1603911 1603912 877406 877407
427,0,-1,0,1,1,1.263000299999991e-07,1.805871747963163e-02,2.188668111159593e-02,0.000000000000000e+00,0.000000000000000e+00,0.000000000000000e+00,1.000000000000000e+00,1603873 1603872 1603913 1603912
428,0,-1,0,1,1,1.229567050000003e-07,1.791064146016139e-02,2.168101906365877e-02,0.000000000000000e+00,0.000000000000000e+00,0.000000000000000e+00,1.000000000000000e+00,1603912 1603913 877405 877406
429,0,-1,0,1,1,1.263796199999993e-07,1.767206747461339e-02,2.219749176120327e-02,0.000000000000000e+00,0.000000000000000e+00,0.000000000000000e+00,1.000000000000000e+00,1603872 1603871 1603914 1603913
430,0,-1,0,1,1,1.232261850000008e-07,1.752829005241459e-02,2.198807297865303e-02,0.000000000000000e+00,0.000000000000000e+00,0.000000000000000e+00,1.000000000000000e+00,1603913 1603914 877404 877405
431,0,-1,0,1,1,1.284950899999993e-07,1.728414975020058e-02,2.250670220866806e-02,0.000000000000000e+00,0.000000000000000e+00,0.000000000000000e+00,1.000000000000000e+00,1603871 1603870 1603915 1603914
432,0,-1,0,1,1,1.255937650000018e-07,1.714216303629802e-02,2.229029027133499e-02,0.000000000000000e+00,0.000000000000000e+00,0.000000000000000e+00,1.000000000000000e+00,1603914 1603915 877403 877404
433,0,-1,0,1,1,1.324169400000003e-07,1.689526325797893e-02,2.281440249900051e-02,0.000000000000000e+00,0.000000000000000e+00,0.000000000000000e+00,1.000000000000000e+00,1603870 1603869 1603916 1603915
434,0,-1,0,1,1,1.298207349999999e-07,1.675275220238636e-02,2.258800406408498e-02,0.000000000000000e+00,0.000000000000000e+00,0.000000000000000e+00,1.000000000000000e+00,1603915 1603916 877402 877403
435,0,-1,0,1,1,1.377992499999996e-07,1.650561875596807e-02,2.312075762387434e-02,0.000000000000000e+00,0.000000000000000e+00,0.000000000000000e+00,1.000000000000000e+00,1603869 1603868 1603917 1603916
436,0,-1,0,1,1,1.356454400000007e-07,1.636075604904104e-02,2.288197430424250e-02,0.000000000000000e+00,0.000000000000000e+00,0.000000000000000e+00,1.000000000000000e+00,1603916 1603917 877401 877402
437,0,-1,0,1,1,1.441719450000008e-07,1.611554773607191e-02,2.342623035196735e-02,0.000000000000000e+00,0.000000000000000e+00,0.000000000000000e+00,1.000000000000000e+00,1603868 877426 877427 1603917
438,0,-1,0,1,1,1.426078000000007e-07,1.596701663359227e-02,2.317330415666839e-02,0.000000000000000e+00,0.000000000000000e+00,0.000000000000000e+00,1.000000000000000e+00,1603917 877427 877399 877401
439,0,-1,0,1,1,3.348644199999994e-07,1.930329452478509e-02,2.207935909008239e-02,0.000000000000000e+00,0.000000000000000e+00,0.000000000000000e+00,1.000000000000000e+00,1603965 877719 877718 1603961
440,0,-1,0,1,1,1.937414599999985e-07,1.963189791410935e-02,2.174600792442757e-02,0.000000000000000e+00,0.000000000000000e+00,0.000000000000000e+00,1.000000000000000e+00,1603965 1603964 1603963 877719
441,0,-1,0,1,1,3.017081300000010e-07,2.516992144644119e-02,1.585974156930021e-02,0.000000000000000e+00,0.000000000000000e+00,0.000000000000000e+00,1.000000000000000e+00,1603960 1603723 1603722 1603958
442,0,-1,0,1,1,2.807046800000007e-07,2.156378099697755e-02,1.906072275599632e-02,0.000000000000000e+00,0.000000000000000e+00,0.000000000000000e+00,1.000000000000000e+00,1603882 1603957 1603956 1603881
443,0,-1,0,1,1,2.553287600000003e-07,2.287864519267891e-02,1.753978933071752e-02,0.000000000000000e+00,0.000000000000000e+00,0.000000000000000e+00,1.000000000000000e+00,1603885 1603886 1603955 1603954
444,0,-1,0,1,1,3.197343199999993e-07,2.206455137172638e-02,2.075725051733368e-02,0.000000000000000e+00,0.000000000000000e+00,0.000000000000000e+00,1.000000000000000e+00,1603967 1603715 877466 1603953
445,0,-1,0,1,1,3.207991399999999e-07,2.402678101935062e-02,1.765708027704397e-02,0.000000000000000e+00,0.000000000000000e+00,0.000000000000000e+00,1.000000000000000e+00,1603952 1603720 1603719 1603951
446,0,-1,0,1,1,2.707362850000014e-07,2.360209666188077e-02,1.739289711819752e-02,0.000000000000000e+00,0.000000000000000e+00,0.000000000000000e+00,1.000000000000000e+00,1603952 1603951 1603955 1603950
447,0,-1,0,1,1,2.633665249999995e-07,2.389637882181496e-02,1.694076355858690e-02,0.000000000000000e+00,0.000000000000000e+00,0.000000000000000e+00,1.000000000000000e+00,1603949 1603970 1603952 1603950
448,0,-1,0,1,1,2.456499799999995e-07,2.372508407257486e-02,1.628055365435948e-02,0.000000000000000e+00,0.000000000000000e+00,0.000000000000000e+00,1.000000000000000e+00,1603949 1603888 1603889 1603948
449,0,-1,0,1,1,2.553017400000015e-07,2.299157330909691e-02,1.823433072123989e-02,0.000000000000000e+00,0.000000000000000e+00,0.000000000000000e+00,1.000000000000000e+00,1603947 1603946 1603945 1603954
450,0,-1,0,1,1,2.467441949999994e-07,2.398920147088972e-02,1.585945449553332e-02,0.000000000000000e+00,0.000000000000000e+00,0.000000000000000e+00,1.000000000000000e+00,1603890 1603944 1603948 1603889
451,0,-1,0,1,1,2.551022250000012e-07,2.442276970221447e-02,1.610574408918817e-02,0.000000000000000e+00,0.000000000000000e+00,0.000000000000000e+00,1.000000000000000e+00,1603944 1603958 1603971 1603948
452,0,-1,0,1,1,2.325172799999997e-07,2.415777381353478e-02,1.651801425081324e-02,0.000000000000000e+00,0.000000000000000e+00,0.000000000000000e+00,1.000000000000000e+00,1603970 1603949 1603948 1603971
453,0,-1,0,1,1,2.011457099999996e-07,1.865384595634179e-02,2.185602131614440e-02,0.000000000000000e+00,0.000000000000000e+00,0.000000000000000e+00,1.000000000000000e+00,1603873 1603874 1603961 1603962
454,0,-1,0,1,1,2.008120200000004e-07,1.949759130273842e-02,2.116187247178397e-02,0.000000000000000e+00,0.000000000000000e+00,0.000000000000000e+00,1.000000000000000e+00,1603964 1603875 1603876 1603943
455,0,-1,0,1,1,2.370183599999986e-07,2.054049435982934e-02,2.015084204977200e-02,0.000000000000000e+00,0.000000000000000e+00,0.000000000000000e+00,1.000000000000000e+00,1603879 1603942 1603941 1603878
456,0,-1,0,1,1,2.804607099999985e-07,2.223237768413979e-02,1.830546668330002e-02,0.000000000000000e+00,0.000000000000000e+00,0.000000000000000e+00,1.000000000000000e+00,1603940 1603883 1603884 1603945
457,0,-1,0,1,1,2.468477750000007e-07,2.451876980282349e-02,1.501664200564835e-02,0.000000000000000e+00,0.000000000000000e+00,0.000000000000000e+00,1.000000000000000e+00,1603939 1603891 1603892 1603938
458,0,-1,0,1,1,2.473588400000007e-07,2.478127044223822e-02,1.459575133999658e-02,0.000000000000000e+00,0.000000000000000e+00,0.000000000000000e+00,1.000000000000000e+00,1563381 1563433 1603938 1603892
459,0,-1,0,1,1,2.336950900000002e-07,2.199616173578286e-02,2.010451498754067e-02,0.000000000000000e+00,0.000000000000000e+00,0.000000000000000e+00,1.000000000000000e+00,1603967 1603937 1603936 1603966
460,0,-1,0,1,1,3.026653750000014e-07,2.241668388725227e-02,1.982202566090246e-02,0.000000000000000e+00,0.000000000000000e+00,0.000000000000000e+00,1.000000000000000e+00,1603936 1603935 1603716 1603966
461,0,-1,0,1,1,3.038139800000004e-07,2.483190572861723e-02,1.639432033486412e-02,0.000000000000000e+00,0.000000000000000e+00,0.000000000000000e+00,1.000000000000000e+00,1603958 1603722 1603721 1603971
462,0,-1,0,1,1,2.154707250000008e-07,2.055975019769314e-02,2.079407960192349e-02,0.000000000000000e+00,0.000000000000000e+00,0.000000000000000e+00,1.000000000000000e+00,1603941 1603934 1603933 1603932
463,0,-1,0,1,1,2.357047400000004e-07,2.091038654958459e-02,2.045805281371940e-02,0.000000000000000e+00,0.000000000000000e+00,0.000000000000000e+00,1.000000000000000e+00,1603931 1603934 1603941 1603942
464,0,-1,0,1,1,2.490390599999984e-07,2.126267676525923e-02,2.011400276413668e-02,0.000000000000000e+00,0.000000000000000e+00,0.000000000000000e+00,1.000000000000000e+00,1603930 1603937 1603931 1603942
465,0,-1,0,1,1,2.432866449999997e-07,2.127073881388420e-02,2.078036856390603e-02,0.000000000000000e+00,0.000000000000000e+00,0.000000000000000e+00,1.000000000000000e+00,1603931 1603953 1603968 1603934
466,0,-1,0,1,1,2.574007600000018e-07,2.164581358319999e-02,2.044730166608418e-02,0.000000000000000e+00,0.000000000000000e+00,0.000000000000000e+00,1.000000000000000e+00,1603953 1603931 1603937 1603967
467,0,-1,0,1,1,2.586487349999996e-07,2.161662259827020e-02,1.976491169623930e-02,0.000000000000000e+00,0.000000000000000e+00,0.000000000000000e+00,1.000000000000000e+00,1603956 1603936 1603937 1603930
468,0,-1,0,1,1,2.905553949999995e-07,2.199457476350651e-02,1.942520233648963e-02,0.000000000000000e+00,0.000000000000000e+00,0.000000000000000e+00,1.000000000000000e+00,1603935 1603936 1603956 1603957
469,0,-1,0,1,1,4.001611500000006e-07,2.282934309661245e-02,1.944608205874892e-02,0.000000000000000e+00,0.000000000000000e+00,0.000000000000000e+00,1.000000000000000e+00,1603935 1603929 1603717 1603716
470,0,-1,0,1,1,2.742584900000008e-07,2.329626476931732e-02,1.783858409265410e-02,0.000000000000000e+00,0.000000000000000e+00,0.000000000000000e+00,1.000000000000000e+00,1603951 1603947 1603954 1603955
471,0,-1,0,1,1,2.496776400000009e-07,2.345932072043576e-02,1.670534797043900e-02,0.000000000000000e+00,0.000000000000000e+00,0.000000000000000e+00,1.000000000000000e+00,1603950 1603887 1603888 1603949
472,0,-1,0,1,1,2.019629300000008e-07,2.089397319456182e-02,2.109225872449381e-02,0.000000000000000e+00,0.000000000000000e+00,0.000000000000000e+00,1.000000000000000e+00,1603933 1603934 1603968 1603969
473,0,-1,0,1,1,2.613682749999993e-07,2.121798739485948e-02,1.942368629003718e-02,0.000000000000000e+00,0.000000000000000e+00,0.000000000000000e+00,1.000000000000000e+00,1603880 1603881 1603956 1603930
474,0,-1,0,1,1,2.278451250000002e-07,2.494951313553011e-02,1.525911537373029e-02,0.000000000000000e+00,0.000000000000000e+00,0.000000000000000e+00,1.000000000000000e+00,1603959 1603960 1603939 1603938
475,0,-1,0,1,1,2.540535899999992e-07,2.469693645374387e-02,1.567140483061664e-02,0.000000000000000e+00,0.000000000000000e+00,0.000000000000000e+00,1.000000000000000e+00,1603944 1603939 1603960 1603958
476,0,-1,0,1,1,2.480399750000003e-07,2.425517201751116e-02,1.543695779739737e-02,0.000000000000000e+00,0.000000000000000e+00,0.000000000000000e+00,1.000000000000000e+00,1603944 1603890 1603891 1603939
477,0,-1,0,1,1,3.187437600000000e-07,2.235865212654829e-02,1.905239245865289e-02,0.000000000000000e+00,0.000000000000000e+00,0.000000000000000e+00,1.000000000000000e+00,1603957 1603940 1603929 1603935
478,0,-1,0,1,1,2.540009849999992e-07,2.520934257384409e-02,1.485074410920362e-02,0.000000000000000e+00,0.000000000000000e+00,0.000000000000000e+00,1.000000000000000e+00,1603959 1603938 1563433 1563432
479,0,-1,0,1,1,2.333463599999998e-07,2.056516131081710e-02,2.144497275723521e-02,0.000000000000000e+00,0.000000000000000e+00,0.000000000000000e+00,1.000000000000000e+00,877720 1603928 1603933 1603969
480,0,-1,0,1,1,1.862317200000005e-07,1.987940884402507e-02,2.141019182222019e-02,0.000000000000000e+00,0.000000000000000e+00,0.000000000000000e+00,1.000000000000000e+00,1603928 1603963 1603964 1603943
481,0,-1,0,1,1,2.476668800000004e-07,2.318202217037189e-02,1.713071449305953e-02,0.000000000000000e+00,0.000000000000000e+00,0.000000000000000e+00,1.000000000000000e+00,1603950 1603955 1603886 1603887
482,0,-1,0,1,1,2.910528049999989e-07,2.190297556093644e-02,1.869017952604969e-02,0.000000000000000e+00,0.000000000000000e+00,0.000000000000000e+00,1.000000000000000e+00,1603882 1603883 1603940 1603957
483,0,-1,0,1,1,2.502206849999995e-07,2.087865051266445e-02,1.978866658711888e-02,0.000000000000000e+00,0.000000000000000e+00,0.000000000000000e+00,1.000000000000000e+00,1603930 1603942 1603879 1603880
484,0,-1,0,1,1,2.101737900000003e-07,1.985880894553185e-02,2.085248115615336e-02,0.000000000000000e+00,0.000000000000000e+00,0.000000000000000e+00,1.000000000000000e+00,1603943 1603876 1603877 1603932
485,0,-1,0,1,1,2.200288499999998e-07,2.020314681901941e-02,2.050869941500853e-02,0.000000000000000e+00,0.000000000000000e+00,0.000000000000000e+00,1.000000000000000e+00,1603877 1603878 1603941 1603932
486,0,-1,0,1,1,3.588530700000002e-07,2.319611577661855e-02,1.891326898700072e-02,0.000000000000000e+00,0.000000000000000e+00,0.000000000000000e+00,1.000000000000000e+00,1603718 1603717 1603929 1603946
487,0,-1,0,1,1,2.487449600000011e-07,1.902856481199057e-02,2.159734469704499e-02,0.000000000000000e+00,0.000000000000000e+00,0.000000000000000e+00,1.000000000000000e+00,1603961 1603874 1603875 1603965
488,0,-1,0,1,1,2.668351999999998e-07,2.255717076278667e-02,1.792285928971078e-02,0.000000000000000e+00,0.000000000000000e+00,0.000000000000000e+00,1.000000000000000e+00,1603885 1603954 1603945 1603884
489,0,-1,0,1,1,3.046407199999988e-07,2.561369110927127e-02,1.515163560177379e-02,0.000000000000000e+00,0.000000000000000e+00,0.000000000000000e+00,1.000000000000000e+00,1603723 1603959 1563432 1562464
490,0,-1,0,1,1,3.066881699999995e-07,2.437865816865711e-02,1.711195890626952e-02,0.000000000000000e+00,0.000000000000000e+00,0.000000000000000e+00,1.000000000000000e+00,1603952 1603970 1603721 1603720
491,0,-1,0,1,1,2.743171199999996e-07,2.013203334147355e-02,2.177836622288467e-02,0.000000000000000e+00,0.000000000000000e+00,0.000000000000000e+00,1.000000000000000e+00,1603928 877720 877719 1603963
492,0,-1,0,1,1,3.153267600000005e-07,2.159369313987180e-02,2.115033906267898e-02,0.000000000000000e+00,0.000000000000000e+00,0.000000000000000e+00,1.000000000000000e+00,1603968 1603953 877466 877721
493,0,-1,0,1,1,2.299146299999999e-07,1.708429989164094e-02,2.308011683320167e-02,0.000000000000000e+00,0.000000000000000e+00,0.000000000000000e+00,1.000000000000000e+00,1603869 1603870 877716 877715
494,0,-1,0,1,1,3.230389399999982e-07,2.367679518051601e-02,1.820525004922626e-02,0.000000000000000e+00,0.000000000000000e+00,0.000000000000000e+00,1.000000000000000e+00,1603947 1603951 1603719 1603718
495,0,-1,0,1,1,2.980264549999996e-07,2.269037507363901e-02,1.863238577831287e-02,0.000000000000000e+00,0.000000000000000e+00,0.000000000000000e+00,1.000000000000000e+00,1603945 1603946 1603929 1603940
496,0,-1,0,1,1,2.128663800000000e-07,2.022313217392996e-02,2.112587544730173e-02,0.000000000000000e+00,0.000000000000000e+00,0.000000000000000e+00,1.000000000000000e+00,1603932 1603933 1603928 1603943
497,0,-1,0,1,1,3.448426500000003e-07,1.765898389986466e-02,2.276598882865368e-02,0.000000000000000e+00,0.000000000000000e+00,0.000000000000000e+00,1.000000000000000e+00,1603870 1603871 877717 877716
498,0,-1,0,1,1,2.431399950000000e-07,1.858174133798514e-02,2.244507277485343e-02,0.000000000000000e+00,0.000000000000000e+00,0.000000000000000e+00,1.000000000000000e+00,1603962 877718 877717 1603927
499,0,-1,0,1,1,2.435151799999988e-07,1.799482469679303e-02,2.244502058252522e-02,0.000000000000000e+00,0.000000000000000e+00,0.000000000000000e+00,1.000000000000000e+00,877717 1603871 1603872 1603927
500,0,-1,0,1,1,1.849257749999994e-07,1.829882017910159e-02,2.211404661096323e-02,0.000000000000000e+00,0.000000000000000e+00,0.000000000000000e+00,1.000000000000000e+00,1603872 1603873 1603962 1603927
501,0,-1,0,1,1,2.463889822536384e-06,5.799523976620485e-04,4.171378921397183e-02,0.000000000000000e+00,0.000000000000000e+00,0.000000000000000e+00,1.000000000000000e+00,1713930 1713929 1713980 1713935
502,0,-1,0,1,1,2.391215977999996e-06,1.781697366353035e-03,4.178771142417689e-02,0.000000000000000e+00,0.000000000000000e+00,0.000000000000000e+00,1.000000000000000e+00,1713935 1713980 1713979 1713934
503,0,-1,0,1,1,2.623294582999998e-06,3.021773769277296e-03,4.174693154905830e-02,0.000000000000000e+00,0.000000000000000e+00,0.000000000000000e+00,1.000000000000000e+00,1713934 1713979 1713978 1713933
504,0,-1,0,1,1,2.466473880499999e-06,4.234081509426371e-03,4.182613872884788e-02,0.000000000000000e+00,0.000000000000000e+00,0.000000000000000e+00,1.000000000000000e+00,1713933 1713978 1713977 1713932
505,0,-1,0,1,1,2.045937545999999e-06,5.494278547628125e-03,4.204980307230848e-02,0.000000000000000e+00,0.000000000000000e+00,0.000000000000000e+00,1.000000000000000e+00,1713932 1713977 1713976 1713931
506,0,-1,0,1,1,1.121964347000001e-06,6.640835554621464e-03,4.237970521721373e-02,0.000000000000000e+00,0.000000000000000e+00,0.000000000000000e+00,1.000000000000000e+00,1713931 1713976 877843 877844
507,0,-1,0,1,1,2.120849052185702e-06,5.487504362158014e-04,3.970653223331315e-02,0.000000000000000e+00,0.000000000000000e+00,0.000000000000000e+00,1.000000000000000e+00,1713929 1713928 1713975 1713980
508,0,-1,0,1,1,2.101143667000000e-06,1.690922141074087e-03,3.989279879593751e-02,0.000000000000000e+00,0.000000000000000e+00,0.000000000000000e+00,1.000000000000000e+00,1713980 1713975 1713974 1713979
509,0,-1,0,1,1,2.046724727999998e-06,2.853233183006501e-03,3.988080404853982e-02,0.000000000000000e+00,0.000000000000000e+00,0.000000000000000e+00,1.000000000000000e+00,1713979 1713974 1713973 1713978
510,0,-1,0,1,1,2.038941113000003e-06,4.397069896349862e-03,4.002458002275506e-02,0.000000000000000e+00,0.000000000000000e+00,0.000000000000000e+00,1.000000000000000e+00,1713978 1713970 1713972 1713977
511,0,-1,0,1,1,2.343816002000003e-06,5.593817775407726e-03,4.039007987223554e-02,0.000000000000000e+00,0.000000000000000e+00,0.000000000000000e+00,1.000000000000000e+00,1713977 1713972 1713971 1713976
512,0,-1,0,1,1,2.039899686999999e-06,6.779318866800695e-03,4.098149995412743e-02,0.000000000000000e+00,0.000000000000000e+00,0.000000000000000e+00,1.000000000000000e+00,1713976 1713971 877875 877843
513,0,-1,0,1,1,1.895797188953000e-06,5.311847721291968e-04,3.785635756886841e-02,0.000000000000000e+00,0.000000000000000e+00,0.000000000000000e+00,1.000000000000000e+00,1713928 1713927 1713969 1713975
514,0,-1,0,1,1,1.908223299500001e-06,1.611977620837270e-03,3.810556637871600e-02,0.000000000000000e+00,0.000000000000000e+00,0.000000000000000e+00,1.000000000000000e+00,1713975 1713969 1713968 1713974
515,0,-1,0,1,1,1.925237640000001e-06,2.686976730653463e-03,3.806332456978866e-02,0.000000000000000e+00,0.000000000000000e+00,0.000000000000000e+00,1.000000000000000e+00,1713974 1713968 1713967 1713973
516,0,-1,0,1,1,1.631172611500001e-06,3.624589871952531e-03,3.802245613112493e-02,0.000000000000000e+00,0.000000000000000e+00,0.000000000000000e+00,1.000000000000000e+00,1713973 1713967 1713966 1713970
517,0,-1,0,1,1,1.840489573999996e-06,4.581093385759464e-03,3.823902891292991e-02,0.000000000000000e+00,0.000000000000000e+00,0.000000000000000e+00,1.000000000000000e+00,1713970 1713966 1713965 1713972
518,0,-1,0,1,1,2.123380512999998e-06,5.666160247250416e-03,3.857274474172712e-02,0.000000000000000e+00,0.000000000000000e+00,0.000000000000000e+00,1.000000000000000e+00,1713972 1713965 1713964 1713971
519,0,-1,0,1,1,2.014186131999997e-06,6.786231181975782e-03,3.906880445380911e-02,0.000000000000000e+00,0.000000000000000e+00,0.000000000000000e+00,1.000000000000000e+00,1713971 1713964 877874 877875
520,0,-1,0,1,1,1.655161716983451e-06,5.085029235877754e-04,3.614915867037898e-02,0.000000000000000e+00,0.000000000000000e+00,0.000000000000000e+00,1.000000000000000e+00,1713927 1713926 1713963 1713969
521,0,-1,0,1,1,1.770506625600002e-06,1.548245140553374e-03,3.638248183267499e-02,0.000000000000000e+00,0.000000000000000e+00,0.000000000000000e+00,1.000000000000000e+00,1713969 1713963 1713962 1713968
522,0,-1,0,1,1,1.943007301499999e-06,2.611647958884696e-03,3.621728827658113e-02,0.000000000000000e+00,0.000000000000000e+00,0.000000000000000e+00,1.000000000000000e+00,1713968 1713962 1713961 1713967
523,0,-1,0,1,1,1.854158407499998e-06,3.644076351453564e-03,3.621999126654393e-02,0.000000000000000e+00,0.000000000000000e+00,0.000000000000000e+00,1.000000000000000e+00,1713967 1713961 1713960 1713966
524,0,-1,0,1,1,1.798374107500005e-06,4.680431066283293e-03,3.647120069375331e-02,0.000000000000000e+00,0.000000000000000e+00,0.000000000000000e+00,1.000000000000000e+00,1713966 1713960 1713959 1713965
525,0,-1,0,1,1,2.087046786500001e-06,5.743092621132776e-03,3.674313461843623e-02,0.000000000000000e+00,0.000000000000000e+00,0.000000000000000e+00,1.000000000000000e+00,1713965 1713959 1713958 1713964
526,0,-1,0,1,1,2.019314381000001e-06,6.797660496514124e-03,3.711669905209121e-02,0.000000000000000e+00,0.000000000000000e+00,0.000000000000000e+00,1.000000000000000e+00,1713964 1713958 877873 877874
527,0,-1,0,1,1,1.422021648729300e-06,4.813958574956883e-04,3.458382170718853e-02,0.000000000000000e+00,0.000000000000000e+00,0.000000000000000e+00,1.000000000000000e+00,1713926 1713925 1713957 1713963
528,0,-1,0,1,1,1.513750225450000e-06,1.469549366179988e-03,3.479593161459422e-02,0.000000000000000e+00,0.000000000000000e+00,0.000000000000000e+00,1.000000000000000e+00,1713963 1713957 1713956 1713962
529,0,-1,0,1,1,1.439590751000001e-06,2.471564671399888e-03,3.468221226028702e-02,0.000000000000000e+00,0.000000000000000e+00,0.000000000000000e+00,1.000000000000000e+00,1713962 1713956 1713955 1713961
530,0,-1,0,1,1,1.563085404499999e-06,3.809086408377522e-03,3.461748969650761e-02,0.000000000000000e+00,0.000000000000000e+00,0.000000000000000e+00,1.000000000000000e+00,1713961 1713951 1713954 1713960
531,0,-1,0,1,1,1.548218221500000e-06,4.789179169375189e-03,3.483347075975617e-02,0.000000000000000e+00,0.000000000000000e+00,0.000000000000000e+00,1.000000000000000e+00,1713960 1713954 1713953 1713959
532,0,-1,0,1,1,1.559640775499999e-06,5.803899722116572e-03,3.505795718200407e-02,0.000000000000000e+00,0.000000000000000e+00,0.000000000000000e+00,1.000000000000000e+00,1713959 1713953 1713952 1713958
533,0,-1,0,1,1,1.741657711000004e-06,6.833485651829474e-03,3.523062566936118e-02,0.000000000000000e+00,0.000000000000000e+00,0.000000000000000e+00,1.000000000000000e+00,1713958 1713952 877872 877873
534,0,-1,0,1,1,1.228040871738651e-06,4.574093646975978e-04,3.316330026178990e-02,0.000000000000000e+00,0.000000000000000e+00,0.000000000000000e+00,1.000000000000000e+00,1713925 1713924 1713950 1713957
535,0,-1,0,1,1,1.277867174900000e-06,1.382156488058243e-03,3.337014383585526e-02,0.000000000000000e+00,0.000000000000000e+00,0.000000000000000e+00,1.000000000000000e+00,1713957 1713950 1713949 1713956
536,0,-1,0,1,1,1.181989758499998e-06,2.284129005005764e-03,3.330152864846997e-02,0.000000000000000e+00,0.000000000000000e+00,0.000000000000000e+00,1.000000000000000e+00,1713956 1713949 1713948 1713955
537,0,-1,0,1,1,1.058653060499998e-06,3.102118282697408e-03,3.307777800670993e-02,0.000000000000000e+00,0.000000000000000e+00,0.000000000000000e+00,1.000000000000000e+00,1713955 1713948 1713947 1713951
538,0,-1,0,1,1,1.344544878499998e-06,3.946157970359969e-03,3.313040113575304e-02,0.000000000000000e+00,0.000000000000000e+00,0.000000000000000e+00,1.000000000000000e+00,1713951 1713947 1713946 1713954
539,0,-1,0,1,1,1.436018390999998e-06,4.901163184854414e-03,3.330565855902064e-02,0.000000000000000e+00,0.000000000000000e+00,0.000000000000000e+00,1.000000000000000e+00,1713954 1713946 1713945 1713953
540,0,-1,0,1,1,1.595293432000001e-06,5.857605628705744e-03,3.348711666068917e-02,0.000000000000000e+00,0.000000000000000e+00,0.000000000000000e+00,1.000000000000000e+00,1713953 1713945 1713944 1713952
541,0,-1,0,1,1,1.763361960999999e-06,6.838097369520545e-03,3.341469345186181e-02,0.000000000000000e+00,0.000000000000000e+00,0.000000000000000e+00,1.000000000000000e+00,1713952 1713944 877842 877872
542,0,-1,0,1,1,1.068942146536025e-06,4.284120183251616e-04,3.185084915822755e-02,0.000000000000000e+00,0.000000000000000e+00,0.000000000000000e+00,1.000000000000000e+00,1713924 1713923 1713943 1713950
543,0,-1,0,1,1,1.172287772850002e-06,1.272313251669897e-03,3.199458539429175e-02,0.000000000000000e+00,0.000000000000000e+00,0.000000000000000e+00,1.000000000000000e+00,1713950 1713943 1713942 1713949
544,0,-1,0,1,1,1.195071899000000e-06,2.107926838932940e-03,3.193851201325854e-02,0.000000000000000e+00,0.000000000000000e+00,0.000000000000000e+00,1.000000000000000e+00,1713949 1713942 1713941 1713948
545,0,-1,0,1,1,1.034544369000002e-06,2.909166582173219e-03,3.181350815015629e-02,0.000000000000000e+00,0.000000000000000e+00,0.000000000000000e+00,1.000000000000000e+00,1713948 1713941 1713940 1713947
546,0,-1,0,1,1,1.139751960000000e-06,4.038343614219127e-03,3.180337639882395e-02,0.000000000000000e+00,0.000000000000000e+00,0.000000000000000e+00,1.000000000000000e+00,1713947 1713936 1713939 1713946
547,0,-1,0,1,1,1.402490692000000e-06,4.941524399627830e-03,3.181049929503769e-02,0.000000000000000e+00,0.000000000000000e+00,0.000000000000000e+00,1.000000000000000e+00,1713946 1713939 1713938 1713945
548,0,-1,0,1,1,1.543661795999999e-06,5.904273194673178e-03,3.188601505390844e-02,0.000000000000000e+00,0.000000000000000e+00,0.000000000000000e+00,1.000000000000000e+00,1713945 1713938 1713937 1713944
549,0,-1,0,1,1,1.277888085000000e-06,6.826046111184723e-03,3.179999613179611e-02,0.000000000000000e+00,0.000000000000000e+00,0.000000000000000e+00,1.000000000000000e+00,1713944 1713937 877876 877842
550,0,-1,0,1,1,9.250790427925963e-07,3.947470226416203e-04,3.060192244652631e-02,0.000000000000000e+00,0.000000000000000e+00,0.000000000000000e+00,1.000000000000000e+00,1713923 1713913 1713922 1713943
551,0,-1,0,1,1,1.023158583600001e-06,1.149918844261425e-03,3.063400405423381e-02,0.000000000000000e+00,0.000000000000000e+00,0.000000000000000e+00,1.000000000000000e+00,1713943 1713922 1713921 1713942
552,0,-1,0,1,1,1.013121181999999e-06,1.914975334472479e-03,3.059208874452404e-02,0.000000000000000e+00,0.000000000000000e+00,0.000000000000000e+00,1.000000000000000e+00,1713942 1713921 1713920 1713941
553,0,-1,0,1,1,8.932000795000012e-07,2.653626106193988e-03,3.051864237367750e-02,0.000000000000000e+00,0.000000000000000e+00,0.000000000000000e+00,1.000000000000000e+00,1713941 1713920 1713919 1713940
554,0,-1,0,1,1,8.253547865000006e-07,3.340155345391443e-03,3.047575120597581e-02,0.000000000000000e+00,0.000000000000000e+00,0.000000000000000e+00,1.000000000000000e+00,1713940 1713919 1713918 1713936
555,0,-1,0,1,1,9.835749905000005e-07,4.051238388088679e-03,3.049793952979091e-02,0.000000000000000e+00,0.000000000000000e+00,0.000000000000000e+00,1.000000000000000e+00,1713936 1713918 1713917 1713939
556,0,-1,0,1,1,1.069753605999999e-06,4.850984583450849e-03,3.047231834108106e-02,0.000000000000000e+00,0.000000000000000e+00,0.000000000000000e+00,1.000000000000000e+00,1713939 1713917 1713916 1713938
557,0,-1,0,1,1,1.180399263500000e-06,6.067320782365824e-03,3.047202802507891e-02,0.000000000000000e+00,0.000000000000000e+00,0.000000000000000e+00,1.000000000000000e+00,1713938 1713915 1713914 1713937
558,0,-1,0,1,1,1.071260558000000e-06,6.886663166575146e-03,3.042377274238468e-02,0.000000000000000e+00,0.000000000000000e+00,0.000000000000000e+00,1.000000000000000e+00,877876 1713937 1713914 877841
559,0,-1,0,1,1,2.430395239048007e-06,6.486870816358614e-04,4.370743458222667e-02,0.000000000000000e+00,0.000000000000000e+00,0.000000000000000e+00,1.000000000000000e+00,1713930 1713935 1714050 1713986
560,0,-1,0,1,1,2.747925325151300e-06,7.336196862866604e-04,4.558354583044152e-02,0.000000000000000e+00,0.000000000000000e+00,0.000000000000000e+00,1.000000000000000e+00,1713986 1714050 1714049 1713987
561,0,-1,0,1,1,3.066257940222445e-06,8.182348293701029e-04,4.745488100260649e-02,0.000000000000000e+00,0.000000000000000e+00,0.000000000000000e+00,1.000000000000000e+00,1713987 1714049 1714048 1713988
562,0,-1,0,1,1,3.345660121308154e-06,8.923861086405000e-04,4.932689746629505e-02,0.000000000000000e+00,0.000000000000000e+00,0.000000000000000e+00,1.000000000000000e+00,1713988 1714048 1714047 1713989
563,0,-1,0,1,1,3.622496210728159e-06,9.666285105865283e-04,5.120233536195831e-02,0.000000000000000e+00,0.000000000000000e+00,0.000000000000000e+00,1.000000000000000e+00,1713989 1714047 1714046 1713990
564,0,-1,0,1,1,3.920219217872307e-06,1.046081948226130e-03,5.307515276038182e-02,0.000000000000000e+00,0.000000000000000e+00,0.000000000000000e+00,1.000000000000000e+00,1713990 1714046 877728 877722
565,0,-1,0,1,1,2.444971541999997e-06,1.952738430473347e-03,4.373643251476552e-02,0.000000000000000e+00,0.000000000000000e+00,0.000000000000000e+00,1.000000000000000e+00,1713935 1713934 1714045 1714050
566,0,-1,0,1,1,2.765354737500002e-06,2.208208905928582e-03,4.560562066623692e-02,0.000000000000000e+00,0.000000000000000e+00,0.000000000000000e+00,1.000000000000000e+00,1714050 1714045 1714044 1714049
567,0,-1,0,1,1,3.101757091500002e-06,2.467997727666235e-03,4.748010464802805e-02,0.000000000000000e+00,0.000000000000000e+00,0.000000000000000e+00,1.000000000000000e+00,1714049 1714044 1714043 1714048
568,0,-1,0,1,1,3.431329096500000e-06,2.703685981252457e-03,4.934779835763502e-02,0.000000000000000e+00,0.000000000000000e+00,0.000000000000000e+00,1.000000000000000e+00,1714048 1714043 1714042 1714047
569,0,-1,0,1,1,3.705636410500002e-06,2.926949048325773e-03,5.121631817135930e-02,0.000000000000000e+00,0.000000000000000e+00,0.000000000000000e+00,1.000000000000000e+00,1714047 1714042 1714041 1714046
570,0,-1,0,1,1,3.932381686499994e-06,3.149154082111631e-03,5.307832380588426e-02,0.000000000000000e+00,0.000000000000000e+00,0.000000000000000e+00,1.000000000000000e+00,1714046 1714041 877727 877728
571,0,-1,0,1,1,2.461085624000002e-06,3.269649915915009e-03,4.376577438472044e-02,0.000000000000000e+00,0.000000000000000e+00,0.000000000000000e+00,1.000000000000000e+00,1713934 1713933 1714040 1714045
572,0,-1,0,1,1,2.819832256999998e-06,3.708421904566891e-03,4.562838561828108e-02,0.000000000000000e+00,0.000000000000000e+00,0.000000000000000e+00,1.000000000000000e+00,1714045 1714040 1714039 1714044
573,0,-1,0,1,1,3.167326377999994e-06,4.146228126832501e-03,4.748746933620630e-02,0.000000000000000e+00,0.000000000000000e+00,0.000000000000000e+00,1.000000000000000e+00,1714044 1714039 1714038 1714043
574,0,-1,0,1,1,3.468266625000008e-06,4.548128039262934e-03,4.935127993814653e-02,0.000000000000000e+00,0.000000000000000e+00,0.000000000000000e+00,1.000000000000000e+00,1714043 1714038 1714037 1714042
575,0,-1,0,1,1,3.713433207000004e-06,4.913498277476838e-03,5.121892523815368e-02,0.000000000000000e+00,0.000000000000000e+00,0.000000000000000e+00,1.000000000000000e+00,1714042 1714037 1714036 1714041
576,0,-1,0,1,1,3.919444980999991e-06,5.264955344915392e-03,5.308065948984854e-02,0.000000000000000e+00,0.000000000000000e+00,0.000000000000000e+00,1.000000000000000e+00,1714041 1714036 877726 877727
577,0,-1,0,1,1,2.470980899000000e-06,4.599849623152246e-03,4.378922276695428e-02,0.000000000000000e+00,0.000000000000000e+00,0.000000000000000e+00,1.000000000000000e+00,1713933 1713932 1714035 1714040
578,0,-1,0,1,1,2.878131867999999e-06,5.249640684831411e-03,4.563237176743060e-02,0.000000000000000e+00,0.000000000000000e+00,0.000000000000000e+00,1.000000000000000e+00,1714040 1714035 1714034 1714039
579,0,-1,0,1,1,3.225499092500002e-06,5.864243873766315e-03,4.747149480550538e-02,0.000000000000000e+00,0.000000000000000e+00,0.000000000000000e+00,1.000000000000000e+00,1714039 1714034 1714033 1714038
580,0,-1,0,1,1,3.532646490000005e-06,6.416980401737946e-03,4.932699038437569e-02,0.000000000000000e+00,0.000000000000000e+00,0.000000000000000e+00,1.000000000000000e+00,1714038 1714033 1714032 1714037
581,0,-1,0,1,1,3.802209071500004e-06,6.914664373535339e-03,5.119437043646054e-02,0.000000000000000e+00,0.000000000000000e+00,0.000000000000000e+00,1.000000000000000e+00,1714037 1714032 1714031 1714036
582,0,-1,0,1,1,3.980340386999994e-06,7.381927324306399e-03,5.307004725314830e-02,0.000000000000000e+00,0.000000000000000e+00,0.000000000000000e+00,1.000000000000000e+00,1714036 1714031 877725 877726
583,0,-1,0,1,1,2.453267705000002e-06,5.946623975419130e-03,4.380628239867677e-02,0.000000000000000e+00,0.000000000000000e+00,0.000000000000000e+00,1.000000000000000e+00,1713932 1713931 1714030 1714035
584,0,-1,0,1,1,2.894855235999998e-06,6.823961681336614e-03,4.562124676233997e-02,0.000000000000000e+00,0.000000000000000e+00,0.000000000000000e+00,1.000000000000000e+00,1714035 1714030 1714029 1714034
585,0,-1,0,1,1,3.298250697499996e-06,7.623460841128034e-03,4.743441105576428e-02,0.000000000000000e+00,0.000000000000000e+00,0.000000000000000e+00,1.000000000000000e+00,1714034 1714029 1714028 1714033
586,0,-1,0,1,1,3.621971507999990e-06,8.324352700328828e-03,4.927561716728016e-02,0.000000000000000e+00,0.000000000000000e+00,0.000000000000000e+00,1.000000000000000e+00,1714033 1714028 1714027 1714032
587,0,-1,0,1,1,3.899724603499999e-06,8.941440384038690e-03,5.114988422693333e-02,0.000000000000000e+00,0.000000000000000e+00,0.000000000000000e+00,1.000000000000000e+00,1714032 1714027 1714026 1714031
588,0,-1,0,1,1,4.071570254999996e-06,9.508047499900097e-03,5.305175837188422e-02,0.000000000000000e+00,0.000000000000000e+00,0.000000000000000e+00,1.000000000000000e+00,1714031 1714026 877724 877725
589,0,-1,0,1,1,2.357175319499996e-06,7.275035634097498e-03,4.381781109982499e-02,0.000000000000000e+00,0.000000000000000e+00,0.000000000000000e+00,1.000000000000000e+00,1713931 877844 1714025 1714030
590,0,-1,0,1,1,2.770023777500003e-06,8.414441012891464e-03,4.560532691407990e-02,0.000000000000000e+00,0.000000000000000e+00,0.000000000000000e+00,1.000000000000000e+00,1714030 1714025 1714024 1714029
591,0,-1,0,1,1,3.413226697000007e-06,9.429528616020089e-03,4.734878038000071e-02,0.000000000000000e+00,0.000000000000000e+00,0.000000000000000e+00,1.000000000000000e+00,1714029 1714024 1714023 1714028
592,0,-1,0,1,1,3.783821521000002e-06,1.027391200091013e-02,4.918264014959604e-02,0.000000000000000e+00,0.000000000000000e+00,0.000000000000000e+00,1.000000000000000e+00,1714028 1714023 1714022 1714027
593,0,-1,0,1,1,4.023748797499999e-06,1.099320956559231e-02,5.108202415914961e-02,0.000000000000000e+00,0.000000000000000e+00,0.000000000000000e+00,1.000000000000000e+00,1714027 1714022 1714021 1714026
594,0,-1,0,1,1,4.211535449999997e-06,1.164240165490237e-02,5.302323074137485e-02,0.000000000000000e+00,0.000000000000000e+00,0.000000000000000e+00,1.000000000000000e+00,1714026 1714021 877723 877724
595,0,-1,0,1,1,3.707946449999994e-06,8.946850425462066e-03,4.377468813321721e-02,0.000000000000000e+00,0.000000000000000e+00,0.000000000000000e+00,1.000000000000000e+00,877844 877883 1714020 1714025
596,0,-1,0,1,1,3.526752417500000e-06,1.018368690926678e-02,4.545870712205888e-02,0.000000000000000e+00,0.000000000000000e+00,0.000000000000000e+00,1.000000000000000e+00,1714025 1714020 1714019 1714024
597,0,-1,0,1,1,3.698611794999997e-06,1.132479775882422e-02,4.718027655781698e-02,0.000000000000000e+00,0.000000000000000e+00,0.000000000000000e+00,1.000000000000000e+00,1714024 1714019 1714018 1714023
598,0,-1,0,1,1,4.035145844999992e-06,1.226865607729770e-02,4.901505394066166e-02,0.000000000000000e+00,0.000000000000000e+00,0.000000000000000e+00,1.000000000000000e+00,1714023 1714018 1714017 1714022
599,0,-1,0,1,1,4.261949005000011e-06,1.307577744293744e-02,5.094263661763999e-02,0.000000000000000e+00,0.000000000000000e+00,0.000000000000000e+00,1.000000000000000e+00,1714022 1714017 1714016 1714021
600,0,-1,0,1,1,4.560012224999993e-06,1.379819595688913e-02,5.295465431326525e-02,0.000000000000000e+00,0.000000000000000e+00,0.000000000000000e+00,1.000000000000000e+00,1714021 1714016 877729 877723
601,0,-1,0,1,1,3.462345075999995e-06,1.105291407394640e-02,4.370089280959910e-02,0.000000000000000e+00,0.000000000000000e+00,0.000000000000000e+00,1.000000000000000e+00,877883 877882 1714015 1714020
602,0,-1,0,1,1,3.661027970000002e-06,1.225368491321642e-02,4.527930739318398e-02,0.000000000000000e+00,0.000000000000000e+00,0.000000000000000e+00,1.000000000000000e+00,1714020 1714015 1714014 1714019
603,0,-1,0,1,1,3.834863789999999e-06,1.334654008625767e-02,4.693682168329504e-02,0.000000000000000e+00,0.000000000000000e+00,0.000000000000000e+00,1.000000000000000e+00,1714019 1714014 1714013 1714018
604,0,-1,0,1,1,4.211171244999990e-06,1.431599291953768e-02,4.871483795228081e-02,0.000000000000000e+00,0.000000000000000e+00,0.000000000000000e+00,1.000000000000000e+00,1714018 1714013 1714012 1714017
605,0,-1,0,1,1,4.488304500000002e-06,1.517797560279433e-02,5.060739624603411e-02,0.000000000000000e+00,0.000000000000000e+00,0.000000000000000e+00,1.000000000000000e+00,1714017 1714012 1714011 1714016
606,0,-1,0,1,1,4.973627805000001e-06,1.594256203673306e-02,5.262759022488867e-02,0.000000000000000e+00,0.000000000000000e+00,0.000000000000000e+00,1.000000000000000e+00,1714016 1714011 877734 877729
607,0,-1,0,1,1,2.969921295000004e-06,1.312719125121361e-02,4.360887730647135e-02,0.000000000000000e+00,0.000000000000000e+00,0.000000000000000e+00,1.000000000000000e+00,877882 877881 1714010 1714015
608,0,-1,0,1,1,3.254363289999999e-06,1.432782377270025e-02,4.505705876738098e-02,0.000000000000000e+00,0.000000000000000e+00,0.000000000000000e+00,1.000000000000000e+00,1714015 1714010 1714009 1714014
609,0,-1,0,1,1,3.832305270000012e-06,1.543750673426346e-02,4.656201612981995e-02,0.000000000000000e+00,0.000000000000000e+00,0.000000000000000e+00,1.000000000000000e+00,1714014 1714009 1714008 1714013
610,0,-1,0,1,1,4.208298244999988e-06,1.641055039870667e-02,4.824013903297420e-02,0.000000000000000e+00,0.000000000000000e+00,0.000000000000000e+00,1.000000000000000e+00,1714013 1714008 1714007 1714012
611,0,-1,0,1,1,4.507171804999990e-06,1.729784026405298e-02,5.005556820993048e-02,0.000000000000000e+00,0.000000000000000e+00,0.000000000000000e+00,1.000000000000000e+00,1714012 1714007 1714006 1714011
612,0,-1,0,1,1,4.802813315000011e-06,1.812487925308534e-02,5.196423264337981e-02,0.000000000000000e+00,0.000000000000000e+00,0.000000000000000e+00,1.000000000000000e+00,1714011 1714006 877733 877734
613,0,-1,0,1,1,3.924592760000010e-06,1.528268649268958e-02,4.317054139685048e-02,0.000000000000000e+00,0.000000000000000e+00,0.000000000000000e+00,1.000000000000000e+00,877881 877880 1714005 1714010
614,0,-1,0,1,1,3.800589834999990e-06,1.644002670331389e-02,4.451376536212630e-02,0.000000000000000e+00,0.000000000000000e+00,0.000000000000000e+00,1.000000000000000e+00,1714010 1714005 1714004 1714009
615,0,-1,0,1,1,4.006558230000007e-06,1.754432056483677e-02,4.597101816640163e-02,0.000000000000000e+00,0.000000000000000e+00,0.000000000000000e+00,1.000000000000000e+00,1714009 1714004 1714003 1714008
616,0,-1,0,1,1,4.208522950000008e-06,1.851069149091204e-02,4.761025151566924e-02,0.000000000000000e+00,0.000000000000000e+00,0.000000000000000e+00,1.000000000000000e+00,1714008 1714003 1714002 1714007
617,0,-1,0,1,1,4.440989970000004e-06,1.941327528845451e-02,4.936567431082150e-02,0.000000000000000e+00,0.000000000000000e+00,0.000000000000000e+00,1.000000000000000e+00,1714007 1714002 1714001 1714006
618,0,-1,0,1,1,4.700219165000021e-06,2.028406246148620e-02,5.119779138627815e-02,0.000000000000000e+00,0.000000000000000e+00,0.000000000000000e+00,1.000000000000000e+00,1714006 1714001 877732 877733
619,0,-1,0,1,1,4.050610684999998e-06,1.754425344552295e-02,4.232212660455765e-02,0.000000000000000e+00,0.000000000000000e+00,0.000000000000000e+00,1.000000000000000e+00,877880 877879 1714000 1714005
620,0,-1,0,1,1,4.018771419999990e-06,1.860356567128667e-02,4.371696275910893e-02,0.000000000000000e+00,0.000000000000000e+00,0.000000000000000e+00,1.000000000000000e+00,1714005 1714000 1713999 1714004
621,0,-1,0,1,1,4.041048135000007e-06,1.963912960430302e-02,4.523059420392922e-02,0.000000000000000e+00,0.000000000000000e+00,0.000000000000000e+00,1.000000000000000e+00,1714004 1713999 1713998 1714003
622,0,-1,0,1,1,4.228223419999985e-06,2.059279811990116e-02,4.685533998658142e-02,0.000000000000000e+00,0.000000000000000e+00,0.000000000000000e+00,1.000000000000000e+00,1714003 1713998 1713997 1714002
623,0,-1,0,1,1,4.407647694999998e-06,2.151043641214258e-02,4.856179341435908e-02,0.000000000000000e+00,0.000000000000000e+00,0.000000000000000e+00,1.000000000000000e+00,1714002 1713997 1713996 1714001
624,0,-1,0,1,1,4.611871009999996e-06,2.241158671922411e-02,5.032733043234927e-02,0.000000000000000e+00,0.000000000000000e+00,0.000000000000000e+00,1.000000000000000e+00,1714001 1713996 877731 877732
625,0,-1,0,1,1,4.126863275000005e-06,1.975655844253447e-02,4.136268973785109e-02,0.000000000000000e+00,0.000000000000000e+00,0.000000000000000e+00,1.000000000000000e+00,877879 877878 1713995 1714000
626,0,-1,0,1,1,4.080137969999998e-06,2.074368330823554e-02,4.284112334970844e-02,0.000000000000000e+00,0.000000000000000e+00,0.000000000000000e+00,1.000000000000000e+00,1714000 1713995 1713994 1713999
627,0,-1,0,1,1,4.120743240000014e-06,2.171505814780491e-02,4.438561549404775e-02,0.000000000000000e+00,0.000000000000000e+00,0.000000000000000e+00,1.000000000000000e+00,1713999 1713994 1713993 1713998
628,0,-1,0,1,1,4.228851805000000e-06,2.266312840383893e-02,4.599436678241188e-02,0.000000000000000e+00,0.000000000000000e+00,0.000000000000000e+00,1.000000000000000e+00,1713998 1713993 1713992 1713997
629,0,-1,0,1,1,4.336332974999993e-06,2.358412411474479e-02,4.765556744316805e-02,0.000000000000000e+00,0.000000000000000e+00,0.000000000000000e+00,1.000000000000000e+00,1713997 1713992 1713991 1713996
630,0,-1,0,1,1,4.486990320000003e-06,2.450050206585175e-02,4.936177674519320e-02,0.000000000000000e+00,0.000000000000000e+00,0.000000000000000e+00,1.000000000000000e+00,1713996 1713991 877730 877731
631,0,-1,0,1,1,4.326046330000004e-06,2.190453355023139e-02,4.031211058557711e-02,0.000000000000000e+00,0.000000000000000e+00,0.000000000000000e+00,1.000000000000000e+00,877878 877502 1603782 1713995
632,0,-1,0,1,1,4.221279904999996e-06,2.284521913513026e-02,4.187294117855778e-02,0.000000000000000e+00,0.000000000000000e+00,0.000000000000000e+00,1.000000000000000e+00,1713995 1603782 1603783 1713994
633,0,-1,0,1,1,4.186943199999989e-06,2.378009254441474e-02,4.345430212713466e-02,0.000000000000000e+00,0.000000000000000e+00,0.000000000000000e+00,1.000000000000000e+00,1713994 1603783 1603784 1713993
634,0,-1,0,1,1,4.179950074999998e-06,2.471551530267743e-02,4.505926280508059e-02,0.000000000000000e+00,0.000000000000000e+00,0.000000000000000e+00,1.000000000000000e+00,1713993 1603784 1603785 1713992
635,0,-1,0,1,1,4.248992854999993e-06,2.563774996936017e-02,4.668417443260240e-02,0.000000000000000e+00,0.000000000000000e+00,0.000000000000000e+00,1.000000000000000e+00,1713992 1603785 1603786 1713991
636,0,-1,0,1,1,4.358013839999996e-06,2.655691894449889e-02,4.832240912701385e-02,0.000000000000000e+00,0.000000000000000e+00,0.000000000000000e+00,1.000000000000000e+00,1713991 1603786 877660 877730
637,0,-1,0,1,1,1.280988684036792e-07,2.472032376421259e-04,2.838180962173781e-02,0.000000000000000e+00,0.000000000000000e+00,0.000000000000000e+00,1.000000000000000e+00,1714052 1714051 1714078 1714077
638,0,-1,0,1,1,1.262673672663503e-07,2.441477165512997e-04,2.812358987672264e-02,0.000000000000000e+00,0.000000000000000e+00,0.000000000000000e+00,1.000000000000000e+00,1714051 877845 877846 1714078
639,0,-1,0,1,1,1.272772357499992e-07,7.426108456005434e-04,2.836482717785569e-02,0.000000000000000e+00,0.000000000000000e+00,0.000000000000000e+00,1.000000000000000e+00,1714077 1714078 1714079 1714076
640,0,-1,0,1,1,1.249019551000002e-07,7.340325945728252e-04,2.810900620596377e-02,0.000000000000000e+00,0.000000000000000e+00,0.000000000000000e+00,1.000000000000000e+00,1714078 877846 877847 1714079
641,0,-1,0,1,1,1.275305927500000e-07,1.238189979052267e-03,2.834676026599630e-02,0.000000000000000e+00,0.000000000000000e+00,0.000000000000000e+00,1.000000000000000e+00,1714076 1714079 1714080 1714075
642,0,-1,0,1,1,1.247881049500001e-07,1.223871061372581e-03,2.809101422187872e-02,0.000000000000000e+00,0.000000000000000e+00,0.000000000000000e+00,1.000000000000000e+00,1714079 877847 877848 1714080
643,0,-1,0,1,1,1.293348175000005e-07,1.733778251492101e-03,2.832713511668078e-02,0.000000000000000e+00,0.000000000000000e+00,0.000000000000000e+00,1.000000000000000e+00,1714075 1714080 1714081 1714074
644,0,-1,0,1,1,1.263120330000002e-07,1.713658840517805e-03,2.806827657940633e-02,0.000000000000000e+00,0.000000000000000e+00,0.000000000000000e+00,1.000000000000000e+00,1714080 877848 877849 1714081
645,0,-1,0,1,1,1.329924544999995e-07,2.229313638562529e-03,2.830565036773483e-02,0.000000000000000e+00,0.000000000000000e+00,0.000000000000000e+00,1.000000000000000e+00,1714074 1714081 1714082 1714073
646,0,-1,0,1,1,1.298197790000008e-07,2.203125747920764e-03,2.803984751748602e-02,0.000000000000000e+00,0.000000000000000e+00,0.000000000000000e+00,1.000000000000000e+00,1714081 877849 877850 1714082
647,0,-1,0,1,1,1.393681739999995e-07,2.724968312657523e-03,2.828141259060480e-02,0.000000000000000e+00,0.000000000000000e+00,0.000000000000000e+00,1.000000000000000e+00,1714073 1714082 1714083 1714072
648,0,-1,0,1,1,1.347384765000003e-07,2.691609366045935e-03,2.800457809925623e-02,0.000000000000000e+00,0.000000000000000e+00,0.000000000000000e+00,1.000000000000000e+00,1714082 877850 877851 1714083
649,0,-1,0,1,1,1.485911839999995e-07,3.218936590055931e-03,2.824683422797233e-02,0.000000000000000e+00,0.000000000000000e+00,0.000000000000000e+00,1.000000000000000e+00,1714072 1714083 1714084 1714071
650,0,-1,0,1,1,1.375145760000002e-07,3.177253397090356e-03,2.795867472219090e-02,0.000000000000000e+00,0.000000000000000e+00,0.000000000000000e+00,1.000000000000000e+00,1714083 877851 877852 1714084
651,0,-1,0,1,1,1.465785774999986e-07,3.702001136074039e-03,2.818388181123136e-02,0.000000000000000e+00,0.000000000000000e+00,0.000000000000000e+00,1.000000000000000e+00,1714071 1714084 1714085 1714070
652,0,-1,0,1,1,1.358951295000009e-07,3.661803333686731e-03,2.789950521236708e-02,0.000000000000000e+00,0.000000000000000e+00,0.000000000000000e+00,1.000000000000000e+00,1714084 877852 877853 1714085
653,0,-1,0,1,1,1.353727244999995e-07,4.190855928478254e-03,2.809504849615626e-02,0.000000000000000e+00,0.000000000000000e+00,0.000000000000000e+00,1.000000000000000e+00,1714070 1714085 1714086 1714069
654,0,-1,0,1,1,1.311037990000006e-07,4.145117291931869e-03,2.782825589816000e-02,0.000000000000000e+00,0.000000000000000e+00,0.000000000000000e+00,1.000000000000000e+00,1714085 877853 877854 1714086
655,0,-1,0,1,1,1.291095549999994e-07,4.678027197463941e-03,2.800140204678693e-02,0.000000000000000e+00,0.000000000000000e+00,0.000000000000000e+00,1.000000000000000e+00,1714069 1714086 1714087 1714068
656,0,-1,0,1,1,1.257048449999999e-07,4.628398782555146e-03,2.774746038238224e-02,0.000000000000000e+00,0.000000000000000e+00,0.000000000000000e+00,1.000000000000000e+00,1714086 877854 877855 1714087
657,0,-1,0,1,1,1.253824944999994e-07,5.164716026955647e-03,2.790523817993946e-02,0.000000000000000e+00,0.000000000000000e+00,0.000000000000000e+00,1.000000000000000e+00,1714068 1714087 1714088 1714067
658,0,-1,0,1,1,1.221095420000006e-07,5.110801357668948e-03,2.765977847405406e-02,0.000000000000000e+00,0.000000000000000e+00,0.000000000000000e+00,1.000000000000000e+00,1714087 877855 877856 1714088
659,0,-1,0,1,1,1.238575794999995e-07,5.651001981082110e-03,2.780689424767218e-02,0.000000000000000e+00,0.000000000000000e+00,0.000000000000000e+00,1.000000000000000e+00,1714067 1714088 1714089 1714066
660,0,-1,0,1,1,1.206421914999996e-07,5.592099882620611e-03,2.756561220521484e-02,0.000000000000000e+00,0.000000000000000e+00,0.000000000000000e+00,1.000000000000000e+00,1714088 877856 877857 1714089
661,0,-1,0,1,1,1.244998884999999e-07,6.136883903493227e-03,2.770641173745294e-02,0.000000000000000e+00,0.000000000000000e+00,0.000000000000000e+00,1.000000000000000e+00,1714066 1714089 1714090 1714065
662,0,-1,0,1,1,1.213488359999994e-07,6.072103153481259e-03,2.746505339350433e-02,0.000000000000000e+00,0.000000000000000e+00,0.000000000000000e+00,1.000000000000000e+00,1714089 877857 877858 1714090
663,0,-1,0,1,1,1.273372980000006e-07,6.622271995550590e-03,2.760377775570203e-02,0.000000000000000e+00,0.000000000000000e+00,0.000000000000000e+00,1.000000000000000e+00,1714065 1714090 1714091 1714064
664,0,-1,0,1,1,1.241819464999988e-07,6.550661336242945e-03,2.735811063579036e-02,0.000000000000000e+00,0.000000000000000e+00,0.000000000000000e+00,1.000000000000000e+00,1714090 877858 877859 1714091
665,0,-1,0,1,1,1.323203520000006e-07,7.107063399334065e-03,2.749905937435233e-02,0.000000000000000e+00,0.000000000000000e+00,0.000000000000000e+00,1.000000000000000e+00,1714064 1714091 1714092 1714063
666,0,-1,0,1,1,1.291919114999986e-07,7.027680744859030e-03,2.724482450551274e-02,0.000000000000000e+00,0.000000000000000e+00,0.000000000000000e+00,1.000000000000000e+00,1714091 877859 877860 1714092
667,0,-1,0,1,1,1.417832570000004e-07,7.591848579495250e-03,2.738972021036283e-02,0.000000000000000e+00,0.000000000000000e+00,0.000000000000000e+00,1.000000000000000e+00,1714063 1714092 1714093 1714062
668,0,-1,0,1,1,1.341929214999996e-07,7.501008049777812e-03,2.712336283007273e-02,0.000000000000000e+00,0.000000000000000e+00,0.000000000000000e+00,1.000000000000000e+00,1714092 877860 877861 1714093
669,0,-1,0,1,1,1.473927680000006e-07,8.064944723928203e-03,2.726253520221924e-02,0.000000000000000e+00,0.000000000000000e+00,0.000000000000000e+00,1.000000000000000e+00,1714062 1714093 1714094 1714061
670,0,-1,0,1,1,1.358308774999995e-07,7.970421096031780e-03,2.699026051726162e-02,0.000000000000000e+00,0.000000000000000e+00,0.000000000000000e+00,1.000000000000000e+00,1714093 877861 877862 1714094
671,0,-1,0,1,1,1.411705140000003e-07,8.531586380962670e-03,2.710690257133582e-02,0.000000000000000e+00,0.000000000000000e+00,0.000000000000000e+00,1.000000000000000e+00,1714061 1714094 1714095 1714060
672,0,-1,0,1,1,1.333993354999995e-07,8.436365153377669e-03,2.684459094929312e-02,0.000000000000000e+00,0.000000000000000e+00,0.000000000000000e+00,1.000000000000000e+00,1714094 877862 877863 1714095
673,0,-1,0,1,1,1.328557790000002e-07,8.997523703315535e-03,2.693524944190309e-02,0.000000000000000e+00,0.000000000000000e+00,0.000000000000000e+00,1.000000000000000e+00,1714060 1714095 1714096 1714059
674,0,-1,0,1,1,1.287910899999996e-07,8.899897668887394e-03,2.668799612933110e-02,0.000000000000000e+00,0.000000000000000e+00,0.000000000000000e+00,1.000000000000000e+00,1714095 877863 877864 1714096
675,0,-1,0,1,1,1.283632795000002e-07,9.461731885020058e-03,2.676008312500577e-02,0.000000000000000e+00,0.000000000000000e+00,0.000000000000000e+00,1.000000000000000e+00,1714059 1714096 1714097 1714058
676,0,-1,0,1,1,1.248401655000000e-07,9.361541560972658e-03,2.652311236886657e-02,0.000000000000000e+00,0.000000000000000e+00,0.000000000000000e+00,1.000000000000000e+00,1714096 877864 877865 1714097
677,0,-1,0,1,1,1.262777040000001e-07,9.925024677969754e-03,2.658265111713783e-02,0.000000000000000e+00,0.000000000000000e+00,0.000000000000000e+00,1.000000000000000e+00,1714058 1714097 1714098 1714057
678,0,-1,0,1,1,1.229577980000002e-07,9.820985755221100e-03,2.635157225612157e-02,0.000000000000000e+00,0.000000000000000e+00,0.000000000000000e+00,1.000000000000000e+00,1714097 877865 877866 1714098
679,0,-1,0,1,1,1.263722399999990e-07,1.038754399126739e-02,2.640318502587277e-02,0.000000000000000e+00,0.000000000000000e+00,0.000000000000000e+00,1.000000000000000e+00,1714057 1714098 1714099 1714056
680,0,-1,0,1,1,1.232490384999999e-07,1.027806472671981e-02,2.617396603839632e-02,0.000000000000000e+00,0.000000000000000e+00,0.000000000000000e+00,1.000000000000000e+00,1714098 877866 877867 1714099
681,0,-1,0,1,1,1.285114649999997e-07,1.084927400870161e-02,2.622186206767233e-02,0.000000000000000e+00,0.000000000000000e+00,0.000000000000000e+00,1.000000000000000e+00,1714056 1714099 1714100 1714055
682,0,-1,0,1,1,1.255642649999998e-07,1.073287001906155e-02,2.599068272778485e-02,0.000000000000000e+00,0.000000000000000e+00,0.000000000000000e+00,1.000000000000000e+00,1714099 877867 877868 1714100
683,0,-1,0,1,1,1.324546700000001e-07,1.131019117326202e-02,2.603892142449438e-02,0.000000000000000e+00,0.000000000000000e+00,0.000000000000000e+00,1.000000000000000e+00,1714055 1714100 1714101 1714054
684,0,-1,0,1,1,1.298066400000001e-07,1.118546163371920e-02,2.580229754088851e-02,0.000000000000000e+00,0.000000000000000e+00,0.000000000000000e+00,1.000000000000000e+00,1714100 877868 877869 1714101
685,0,-1,0,1,1,1.378212800000001e-07,1.177036414150268e-02,2.585466656454407e-02,0.000000000000000e+00,0.000000000000000e+00,0.000000000000000e+00,1.000000000000000e+00,1714054 1714101 1714102 1714053
686,0,-1,0,1,1,1.355950150000005e-07,1.163604252444433e-02,2.560981551007977e-02,0.000000000000000e+00,0.000000000000000e+00,0.000000000000000e+00,1.000000000000000e+00,1714101 877869 877870 1714102
687,0,-1,0,1,1,1.441498199999999e-07,1.222993659580012e-02,2.566961694524488e-02,0.000000000000000e+00,0.000000000000000e+00,0.000000000000000e+00,1.000000000000000e+00,1714053 1714102 877871 877840
688,0,-1,0,1,1,1.426123399999996e-07,1.208520986133107e-02,2.541451078978976e-02,0.000000000000000e+00,0.000000000000000e+00,0.000000000000000e+00,1.000000000000000e+00,1714102 877870 877839 877871
689,0,-1,0,1,1,3.348854755000015e-07,9.469639140311610e-03,2.775683666479279e-02,0.000000000000000e+00,0.000000000000000e+00,0.000000000000000e+00,1.000000000000000e+00,1714143 1714139 877901 877902
690,0,-1,0,1,1,1.937479765000004e-07,9.016640267446707e-03,2.787474422450454e-02,0.000000000000000e+00,0.000000000000000e+00,0.000000000000000e+00,1.000000000000000e+00,1714143 877902 1714141 1714142
691,0,-1,0,1,1,3.017092624499996e-07,1.150014997066355e-03,2.972769099651130e-02,0.000000000000000e+00,0.000000000000000e+00,0.000000000000000e+00,1.000000000000000e+00,1714138 1714136 1713921 1713922
692,0,-1,0,1,1,2.807207160000006e-07,5.725166063237266e-03,2.820511193678679e-02,0.000000000000000e+00,0.000000000000000e+00,0.000000000000000e+00,1.000000000000000e+00,1714067 1714066 1714134 1714135
693,0,-1,0,1,1,2.553901835000005e-07,3.750573906109694e-03,2.858337559571386e-02,0.000000000000000e+00,0.000000000000000e+00,0.000000000000000e+00,1.000000000000000e+00,1714070 1714132 1714133 1714071
694,0,-1,0,1,1,3.197103944999988e-07,6.944024970555422e-03,2.948710438468368e-02,0.000000000000000e+00,0.000000000000000e+00,0.000000000000000e+00,1.000000000000000e+00,1714145 1714131 877841 1713914
695,0,-1,0,1,1,3.207746230000009e-07,3.278078776147130e-03,2.963631201284233e-02,0.000000000000000e+00,0.000000000000000e+00,0.000000000000000e+00,1.000000000000000e+00,1714130 1714129 1713918 1713919
696,0,-1,0,1,1,2.707252309999995e-07,3.261622047631091e-03,2.913644288432627e-02,0.000000000000000e+00,0.000000000000000e+00,0.000000000000000e+00,1.000000000000000e+00,1714130 1714128 1714133 1714129
697,0,-1,0,1,1,2.633567545000009e-07,2.722945573709078e-03,2.916522112703404e-02,0.000000000000000e+00,0.000000000000000e+00,0.000000000000000e+00,1.000000000000000e+00,1714127 1714128 1714130 1714148
698,0,-1,0,1,1,2.456070525000001e-07,2.236837896078290e-03,2.868679618430561e-02,0.000000000000000e+00,0.000000000000000e+00,0.000000000000000e+00,1.000000000000000e+00,1714127 1714126 1714074 1714073
699,0,-1,0,1,1,2.553230195000011e-07,4.295612543254532e-03,2.902848278064185e-02,0.000000000000000e+00,0.000000000000000e+00,0.000000000000000e+00,1.000000000000000e+00,1714125 1714132 1714123 1714124
700,0,-1,0,1,1,2.467299764999994e-07,1.740100795494624e-03,2.870493981888233e-02,0.000000000000000e+00,0.000000000000000e+00,0.000000000000000e+00,1.000000000000000e+00,1714075 1714074 1714126 1714122
701,0,-1,0,1,1,2.551144485000013e-07,1.736618975561747e-03,2.920358561105899e-02,0.000000000000000e+00,0.000000000000000e+00,0.000000000000000e+00,1.000000000000000e+00,1714122 1714126 1714149 1714136
702,0,-1,0,1,1,2.325614650000014e-07,2.226121268941309e-03,2.918024395918874e-02,0.000000000000000e+00,0.000000000000000e+00,0.000000000000000e+00,1.000000000000000e+00,1714148 1714149 1714126 1714127
703,0,-1,0,1,1,2.011315149999989e-07,9.600968935541573e-03,2.708272934852949e-02,0.000000000000000e+00,0.000000000000000e+00,0.000000000000000e+00,1.000000000000000e+00,1714058 1714140 1714139 1714059
704,0,-1,0,1,1,2.008004570000001e-07,8.577921134090396e-03,2.746638931537159e-02,0.000000000000000e+00,0.000000000000000e+00,0.000000000000000e+00,1.000000000000000e+00,1714142 1714121 1714061 1714060
705,0,-1,0,1,1,2.370351345000004e-07,7.180886689050459e-03,2.786401263943870e-02,0.000000000000000e+00,0.000000000000000e+00,0.000000000000000e+00,1.000000000000000e+00,1714064 1714063 1714119 1714120
706,0,-1,0,1,1,2.804555580000008e-07,4.736811991981881e-03,2.840650783396313e-02,0.000000000000000e+00,0.000000000000000e+00,0.000000000000000e+00,1.000000000000000e+00,1714118 1714123 1714069 1714068
707,0,-1,0,1,1,2.468324261999996e-07,7.454326136921622e-04,2.874217012796801e-02,0.000000000000000e+00,0.000000000000000e+00,0.000000000000000e+00,1.000000000000000e+00,1714117 1714116 1714077 1714076
708,0,-1,0,1,1,2.473443236325408e-07,2.496689695268290e-04,2.875904642889326e-02,0.000000000000000e+00,0.000000000000000e+00,0.000000000000000e+00,1.000000000000000e+00,1714052 1714077 1714116 1714104
709,0,-1,0,1,1,2.337091074999998e-07,6.412930546015286e-03,2.910149259814903e-02,0.000000000000000e+00,0.000000000000000e+00,0.000000000000000e+00,1.000000000000000e+00,1714145 1714144 1714114 1714115
710,0,-1,0,1,1,3.026730834999996e-07,5.958053604671144e-03,2.932441554334459e-02,0.000000000000000e+00,0.000000000000000e+00,0.000000000000000e+00,1.000000000000000e+00,1714114 1714144 1713915 1714113
711,0,-1,0,1,1,3.037484759999990e-07,1.781923117962826e-03,2.970220671685115e-02,0.000000000000000e+00,0.000000000000000e+00,0.000000000000000e+00,1.000000000000000e+00,1714136 1714149 1713920 1713921
712,0,-1,0,1,1,2.154650000000001e-07,7.728330945748652e-03,2.820231804437225e-02,0.000000000000000e+00,0.000000000000000e+00,0.000000000000000e+00,1.000000000000000e+00,1714119 1714110 1714111 1714112
713,0,-1,0,1,1,2.357064445000003e-07,7.261992747225422e-03,2.833798889692987e-02,0.000000000000000e+00,0.000000000000000e+00,0.000000000000000e+00,1.000000000000000e+00,1714109 1714120 1714119 1714112
714,0,-1,0,1,1,2.490368945000001e-07,6.787879398641592e-03,2.847101091782426e-02,0.000000000000000e+00,0.000000000000000e+00,0.000000000000000e+00,1.000000000000000e+00,1714108 1714120 1714109 1714115
715,0,-1,0,1,1,2.432908395000002e-07,7.360937681123277e-03,2.881118944575429e-02,0.000000000000000e+00,0.000000000000000e+00,0.000000000000000e+00,1.000000000000000e+00,1714109 1714112 1714146 1714131
716,0,-1,0,1,1,2.574187329999998e-07,6.884944584471248e-03,2.896950258967161e-02,0.000000000000000e+00,0.000000000000000e+00,0.000000000000000e+00,1.000000000000000e+00,1714131 1714145 1714115 1714109
717,0,-1,0,1,1,2.586602520000010e-07,6.308577471872178e-03,2.860297811601452e-02,0.000000000000000e+00,0.000000000000000e+00,0.000000000000000e+00,1.000000000000000e+00,1714134 1714108 1714115 1714114
718,0,-1,0,1,1,2.905248779999997e-07,5.825413156208349e-03,2.876044070365299e-02,0.000000000000000e+00,0.000000000000000e+00,0.000000000000000e+00,1.000000000000000e+00,1714113 1714135 1714134 1714114
719,0,-1,0,1,1,4.001696660000013e-07,5.426165308016401e-03,2.949382933467734e-02,0.000000000000000e+00,0.000000000000000e+00,0.000000000000000e+00,1.000000000000000e+00,1714113 1713915 1713916 1714107
720,0,-1,0,1,1,2.742549099999999e-07,3.800550021493375e-03,2.909450017948825e-02,0.000000000000000e+00,0.000000000000000e+00,0.000000000000000e+00,1.000000000000000e+00,1714129 1714133 1714132 1714125
721,0,-1,0,1,1,2.496079454999997e-07,2.737589949143746e-03,2.866905969003078e-02,0.000000000000000e+00,0.000000000000000e+00,0.000000000000000e+00,1.000000000000000e+00,1714128 1714127 1714073 1714072
722,0,-1,0,1,1,2.019572954999984e-07,7.819461153628342e-03,2.864082585160682e-02,0.000000000000000e+00,0.000000000000000e+00,0.000000000000000e+00,1.000000000000000e+00,1714111 1714147 1714146 1714112
723,0,-1,0,1,1,2.613811599999998e-07,6.212422307497648e-03,2.808713318873575e-02,0.000000000000000e+00,0.000000000000000e+00,0.000000000000000e+00,1.000000000000000e+00,1714065 1714108 1714134 1714066
724,0,-1,0,1,1,2.279115921000002e-07,7.400311972178979e-04,2.923647896324686e-02,0.000000000000000e+00,0.000000000000000e+00,0.000000000000000e+00,1.000000000000000e+00,1714137 1714116 1714117 1714138
725,0,-1,0,1,1,2.540702348000004e-07,1.223381810053243e-03,2.922388007378754e-02,0.000000000000000e+00,0.000000000000000e+00,0.000000000000000e+00,1.000000000000000e+00,1714122 1714136 1714138 1714117
726,0,-1,0,1,1,2.480583463499998e-07,1.241218091924048e-03,2.872404294423597e-02,0.000000000000000e+00,0.000000000000000e+00,0.000000000000000e+00,1.000000000000000e+00,1714122 1714117 1714076 1714075
727,0,-1,0,1,1,3.187517244999994e-07,5.320532470212893e-03,2.888934696238074e-02,0.000000000000000e+00,0.000000000000000e+00,0.000000000000000e+00,1.000000000000000e+00,1714135 1714113 1714107 1714118
728,0,-1,0,1,1,2.540099104282513e-07,2.564558598833719e-04,2.925726640163530e-02,0.000000000000000e+00,0.000000000000000e+00,0.000000000000000e+00,1.000000000000000e+00,1714137 1714103 1714104 1714116
729,0,-1,0,1,1,2.333410924999996e-07,8.289318319948634e-03,2.853241273882688e-02,0.000000000000000e+00,0.000000000000000e+00,0.000000000000000e+00,1.000000000000000e+00,877903 1714147 1714111 1714106
730,0,-1,0,1,1,1.862137504999995e-07,8.602091964928130e-03,2.792118882575260e-02,0.000000000000000e+00,0.000000000000000e+00,0.000000000000000e+00,1.000000000000000e+00,1714106 1714121 1714142 1714141
731,0,-1,0,1,1,2.476570000000003e-07,3.244642509586108e-03,2.864159717109685e-02,0.000000000000000e+00,0.000000000000000e+00,0.000000000000000e+00,1.000000000000000e+00,1714128 1714072 1714071 1714133
732,0,-1,0,1,1,2.910403720000005e-07,5.234680361977549e-03,2.831358992011734e-02,0.000000000000000e+00,0.000000000000000e+00,0.000000000000000e+00,1.000000000000000e+00,1714067 1714135 1714118 1714068
733,0,-1,0,1,1,2.502162064999996e-07,6.698169157788088e-03,2.797576126520206e-02,0.000000000000000e+00,0.000000000000000e+00,0.000000000000000e+00,1.000000000000000e+00,1714108 1714065 1714064 1714120
734,0,-1,0,1,1,2.101538075000000e-07,8.129385122791941e-03,2.762451236868208e-02,0.000000000000000e+00,0.000000000000000e+00,0.000000000000000e+00,1.000000000000000e+00,1714121 1714110 1714062 1714061
735,0,-1,0,1,1,2.200814150000014e-07,7.659476359157117e-03,2.775079005391406e-02,0.000000000000000e+00,0.000000000000000e+00,0.000000000000000e+00,1.000000000000000e+00,1714062 1714110 1714119 1714063
736,0,-1,0,1,1,3.588260020000002e-07,4.781331544269658e-03,2.954505602168615e-02,0.000000000000000e+00,0.000000000000000e+00,0.000000000000000e+00,1.000000000000000e+00,1713917 1714124 1714107 1713916
737,0,-1,0,1,1,2.487639825000000e-07,9.189566865327440e-03,2.727789390068255e-02,0.000000000000000e+00,0.000000000000000e+00,0.000000000000000e+00,1.000000000000000e+00,1714139 1714143 1714060 1714059
738,0,-1,0,1,1,2.668849240000005e-07,4.243053905366556e-03,2.849647349454741e-02,0.000000000000000e+00,0.000000000000000e+00,0.000000000000000e+00,1.000000000000000e+00,1714070 1714069 1714123 1714132
739,0,-1,0,1,1,3.046372281303502e-07,3.148613327889244e-04,2.975793342834481e-02,0.000000000000000e+00,0.000000000000000e+00,0.000000000000000e+00,1.000000000000000e+00,1713922 1713913 1714103 1714137
740,0,-1,0,1,1,3.066849984999992e-07,2.630059038922445e-03,2.966847881129488e-02,0.000000000000000e+00,0.000000000000000e+00,0.000000000000000e+00,1.000000000000000e+00,1714130 1713919 1713920 1714148
741,0,-1,0,1,1,2.742752080000000e-07,8.794610520620709e-03,2.832405074870809e-02,0.000000000000000e+00,0.000000000000000e+00,0.000000000000000e+00,1.000000000000000e+00,1714106 1714141 877902 877903
742,0,-1,0,1,1,3.153700340000004e-07,7.519877674170506e-03,2.927587631061908e-02,0.000000000000000e+00,0.000000000000000e+00,0.000000000000000e+00,1.000000000000000e+00,1714146 877904 877841 1714131
743,0,-1,0,1,1,2.298844800000003e-07,1.144578333333333e-02,2.633551666666667e-02,0.000000000000000e+00,0.000000000000000e+00,0.000000000000000e+00,1.000000000000000e+00,1714054 877898 877899 1714055
744,0,-1,0,1,1,3.230027354999997e-07,3.927797431408388e-03,2.960733862208169e-02,0.000000000000000e+00,0.000000000000000e+00,0.000000000000000e+00,1.000000000000000e+00,1714125 1713917 1713918 1714129
745,0,-1,0,1,1,2.980644339999999e-07,4.790950356378849e-03,2.896661196762286e-02,0.000000000000000e+00,0.000000000000000e+00,0.000000000000000e+00,1.000000000000000e+00,1714123 1714118 1714107 1714124
746,0,-1,0,1,1,2.128573460000011e-07,8.184006358959802e-03,2.807668917811431e-02,0.000000000000000e+00,0.000000000000000e+00,0.000000000000000e+00,1.000000000000000e+00,1714110 1714121 1714106 1714111
747,0,-1,0,1,1,3.448551450000010e-07,1.088642577487716e-02,2.667614613285094e-02,0.000000000000000e+00,0.000000000000000e+00,0.000000000000000e+00,1.000000000000000e+00,1714055 877899 877900 1714056
748,0,-1,0,1,1,2.431789290000000e-07,1.014714493380134e-02,2.731480756722800e-02,0.000000000000000e+00,0.000000000000000e+00,0.000000000000000e+00,1.000000000000000e+00,1714140 1714105 877900 877901
749,0,-1,0,1,1,2.435318850000003e-07,1.044052868458409e-02,2.680646486348800e-02,0.000000000000000e+00,0.000000000000000e+00,0.000000000000000e+00,1.000000000000000e+00,877900 1714105 1714057 1714056
750,0,-1,0,1,1,1.849220904999995e-07,1.000190338547172e-02,2.690424488504335e-02,0.000000000000000e+00,0.000000000000000e+00,0.000000000000000e+00,1.000000000000000e+00,1714057 1714105 1714140 1714058
751,0,-1,0,1,1,2.463898279463603e-06,-5.799505044891410e-04,4.171379132291095e-02,0.000000000000000e+00,0.000000000000000e+00,0.000000000000000e+00,1.000000000000000e+00,1713930 1714163 1714208 1713929
752,0,-1,0,1,1,2.391215977999998e-06,-1.781697366353034e-03,4.178771142417690e-02,0.000000000000000e+00,0.000000000000000e+00,0.000000000000000e+00,1.000000000000000e+00,1714163 1714162 1714207 1714208
753,0,-1,0,1,1,2.623294582999998e-06,-3.021773769277296e-03,4.174693154905831e-02,0.000000000000000e+00,0.000000000000000e+00,0.000000000000000e+00,1.000000000000000e+00,1714162 1714161 1714206 1714207
754,0,-1,0,1,1,2.466485055000001e-06,-4.234084043701544e-03,4.182613729324752e-02,0.000000000000000e+00,0.000000000000000e+00,0.000000000000000e+00,1.000000000000000e+00,1714161 1714160 1714205 1714206
755,0,-1,0,1,1,2.045930767999996e-06,-5.494281052299616e-03,4.204980389204489e-02,0.000000000000000e+00,0.000000000000000e+00,0.000000000000000e+00,1.000000000000000e+00,1714160 1714159 1714204 1714205
756,0,-1,0,1,1,1.121964347000003e-06,-6.640835554621463e-03,4.237970521721372e-02,0.000000000000000e+00,0.000000000000000e+00,0.000000000000000e+00,1.000000000000000e+00,1714159 877940 877934 1714204
757,0,-1,0,1,1,2.120842364814301e-06,-5.487521699974600e-04,3.970653207454121e-02,0.000000000000000e+00,0.000000000000000e+00,0.000000000000000e+00,1.000000000000000e+00,1713929 1714208 1714203 1713928
758,0,-1,0,1,1,2.101143667000001e-06,-1.690922141074085e-03,3.989279879593752e-02,0.000000000000000e+00,0.000000000000000e+00,0.000000000000000e+00,1.000000000000000e+00,1714208 1714207 1714202 1714203
759,0,-1,0,1,1,2.046724727999999e-06,-2.853233183006502e-03,3.988080404853982e-02,0.000000000000000e+00,0.000000000000000e+00,0.000000000000000e+00,1.000000000000000e+00,1714207 1714206 1714201 1714202
760,0,-1,0,1,1,2.038947963000003e-06,-4.397072245405778e-03,4.002458097369408e-02,0.000000000000000e+00,0.000000000000000e+00,0.000000000000000e+00,1.000000000000000e+00,1714206 1714205 1714200 1714198
761,0,-1,0,1,1,2.343804755500001e-06,-5.593820571152505e-03,4.039007886143713e-02,0.000000000000000e+00,0.000000000000000e+00,0.000000000000000e+00,1.000000000000000e+00,1714205 1714204 1714199 1714200
762,0,-1,0,1,1,2.039899686999998e-06,-6.779318866800697e-03,4.098149995412744e-02,0.000000000000000e+00,0.000000000000000e+00,0.000000000000000e+00,1.000000000000000e+00,1714204 877934 877938 1714199
763,0,-1,0,1,1,1.895791135046997e-06,-5.311865416239491e-04,3.785635781934396e-02,0.000000000000000e+00,0.000000000000000e+00,0.000000000000000e+00,1.000000000000000e+00,1713928 1714203 1714197 1713927
764,0,-1,0,1,1,1.908223299499999e-06,-1.611977620837270e-03,3.810556637871599e-02,0.000000000000000e+00,0.000000000000000e+00,0.000000000000000e+00,1.000000000000000e+00,1714203 1714202 1714196 1714197
765,0,-1,0,1,1,1.925237640000001e-06,-2.686976730653464e-03,3.806332456978866e-02,0.000000000000000e+00,0.000000000000000e+00,0.000000000000000e+00,1.000000000000000e+00,1714202 1714201 1714195 1714196
766,0,-1,0,1,1,1.631172611499999e-06,-3.624589871952531e-03,3.802245613112493e-02,0.000000000000000e+00,0.000000000000000e+00,0.000000000000000e+00,1.000000000000000e+00,1714201 1714198 1714194 1714195
767,0,-1,0,1,1,1.840489573999997e-06,-4.581093385759464e-03,3.823902891292991e-02,0.000000000000000e+00,0.000000000000000e+00,0.000000000000000e+00,1.000000000000000e+00,1714198 1714200 1714193 1714194
768,0,-1,0,1,1,2.123380512999997e-06,-5.666160247250415e-03,3.857274474172711e-02,0.000000000000000e+00,0.000000000000000e+00,0.000000000000000e+00,1.000000000000000e+00,1714200 1714199 1714192 1714193
769,0,-1,0,1,1,2.014186131999997e-06,-6.786231181975780e-03,3.906880445380910e-02,0.000000000000000e+00,0.000000000000000e+00,0.000000000000000e+00,1.000000000000000e+00,1714199 877938 877937 1714192
770,0,-1,0,1,1,1.655149064066554e-06,-5.085051938959463e-04,3.614915957258327e-02,0.000000000000000e+00,0.000000000000000e+00,0.000000000000000e+00,1.000000000000000e+00,1713927 1714197 1714191 1713926
771,0,-1,0,1,1,1.770509044800003e-06,-1.548244391262477e-03,3.638248141964113e-02,0.000000000000000e+00,0.000000000000000e+00,0.000000000000000e+00,1.000000000000000e+00,1714197 1714196 1714190 1714191
772,0,-1,0,1,1,1.943000079999998e-06,-2.611645560719078e-03,3.621728950304034e-02,0.000000000000000e+00,0.000000000000000e+00,0.000000000000000e+00,1.000000000000000e+00,1714196 1714195 1714189 1714190
773,0,-1,0,1,1,1.854165555000000e-06,-3.644073974923548e-03,3.621999000309158e-02,0.000000000000000e+00,0.000000000000000e+00,0.000000000000000e+00,1.000000000000000e+00,1714195 1714194 1714188 1714189
774,0,-1,0,1,1,1.798374107500005e-06,-4.680431066283291e-03,3.647120069375330e-02,0.000000000000000e+00,0.000000000000000e+00,0.000000000000000e+00,1.000000000000000e+00,1714194 1714193 1714187 1714188
775,0,-1,0,1,1,2.087046786499998e-06,-5.743092621132776e-03,3.674313461843623e-02,0.000000000000000e+00,0.000000000000000e+00,0.000000000000000e+00,1.000000000000000e+00,1714193 1714192 1714186 1714187
776,0,-1,0,1,1,2.019314380999999e-06,-6.797660496514123e-03,3.711669905209121e-02,0.000000000000000e+00,0.000000000000000e+00,0.000000000000000e+00,1.000000000000000e+00,1714192 877937 877936 1714186
777,0,-1,0,1,1,1.422007538370697e-06,-4.813987161998111e-04,3.458382140652506e-02,0.000000000000000e+00,0.000000000000000e+00,0.000000000000000e+00,1.000000000000000e+00,1713926 1714191 1714185 1713925
778,0,-1,0,1,1,1.513745592499999e-06,-1.469545935794957e-03,3.479593311326031e-02,0.000000000000000e+00,0.000000000000000e+00,0.000000000000000e+00,1.000000000000000e+00,1714191 1714190 1714184 1714185
779,0,-1,0,1,1,1.439590751000000e-06,-2.471558944346821e-03,3.468221021275052e-02,0.000000000000000e+00,0.000000000000000e+00,0.000000000000000e+00,1.000000000000000e+00,1714190 1714189 1714183 1714184
780,0,-1,0,1,1,1.563094640999998e-06,-3.809083509074931e-03,3.461749077478431e-02,0.000000000000000e+00,0.000000000000000e+00,0.000000000000000e+00,1.000000000000000e+00,1714189 1714188 1714182 1714179
781,0,-1,0,1,1,1.548226485999999e-06,-4.789181800835171e-03,3.483346939995677e-02,0.000000000000000e+00,0.000000000000000e+00,0.000000000000000e+00,1.000000000000000e+00,1714188 1714187 1714181 1714182
782,0,-1,0,1,1,1.559634938000003e-06,-5.803901950037362e-03,3.505795837007808e-02,0.000000000000000e+00,0.000000000000000e+00,0.000000000000000e+00,1.000000000000000e+00,1714187 1714186 1714180 1714181
783,0,-1,0,1,1,1.741657711000004e-06,-6.833485651829474e-03,3.523062566936118e-02,0.000000000000000e+00,0.000000000000000e+00,0.000000000000000e+00,1.000000000000000e+00,1714186 877936 877935 1714180
784,0,-1,0,1,1,1.228031908011349e-06,-4.574147644017731e-04,3.316330025266805e-02,0.000000000000000e+00,0.000000000000000e+00,0.000000000000000e+00,1.000000000000000e+00,1713925 1714185 1714178 1713924
785,0,-1,0,1,1,1.277858650549998e-06,-1.382154656917192e-03,3.337014329424526e-02,0.000000000000000e+00,0.000000000000000e+00,0.000000000000000e+00,1.000000000000000e+00,1714185 1714184 1714177 1714178
786,0,-1,0,1,1,1.181995578999997e-06,-2.284126720004216e-03,3.330152984197905e-02,0.000000000000000e+00,0.000000000000000e+00,0.000000000000000e+00,1.000000000000000e+00,1714184 1714183 1714176 1714177
787,0,-1,0,1,1,1.058653060499997e-06,-3.102118282697408e-03,3.307777800670993e-02,0.000000000000000e+00,0.000000000000000e+00,0.000000000000000e+00,1.000000000000000e+00,1714183 1714179 1714175 1714176
788,0,-1,0,1,1,1.344544878499997e-06,-3.946157970359968e-03,3.313040113575302e-02,0.000000000000000e+00,0.000000000000000e+00,0.000000000000000e+00,1.000000000000000e+00,1714179 1714182 1714174 1714175
789,0,-1,0,1,1,1.436025572999997e-06,-4.901165666946455e-03,3.330565977587838e-02,0.000000000000000e+00,0.000000000000000e+00,0.000000000000000e+00,1.000000000000000e+00,1714182 1714181 1714173 1714174
790,0,-1,0,1,1,1.595283822999998e-06,-5.857608306903205e-03,3.348711531356028e-02,0.000000000000000e+00,0.000000000000000e+00,0.000000000000000e+00,1.000000000000000e+00,1714181 1714180 1714172 1714173
791,0,-1,0,1,1,1.763361960999996e-06,-6.838097369520546e-03,3.341469345186181e-02,0.000000000000000e+00,0.000000000000000e+00,0.000000000000000e+00,1.000000000000000e+00,1714180 877935 877933 1714172
792,0,-1,0,1,1,1.068937210063974e-06,-4.284145302993113e-04,3.185084758160289e-02,0.000000000000000e+00,0.000000000000000e+00,0.000000000000000e+00,1.000000000000000e+00,1713924 1714178 1714171 1713923
793,0,-1,0,1,1,1.172285648300003e-06,-1.272313956971761e-03,3.199458471406201e-02,0.000000000000000e+00,0.000000000000000e+00,0.000000000000000e+00,1.000000000000000e+00,1714178 1714177 1714170 1714171
794,0,-1,0,1,1,1.195065498999998e-06,-2.107924655181467e-03,3.193851343445558e-02,0.000000000000000e+00,0.000000000000000e+00,0.000000000000000e+00,1.000000000000000e+00,1714177 1714176 1714169 1714170
795,0,-1,0,1,1,1.034551598000001e-06,-2.909163687200565e-03,3.181350678309805e-02,0.000000000000000e+00,0.000000000000000e+00,0.000000000000000e+00,1.000000000000000e+00,1714176 1714175 1714168 1714169
796,0,-1,0,1,1,1.139759093499999e-06,-4.038346310816725e-03,3.180337519603438e-02,0.000000000000000e+00,0.000000000000000e+00,0.000000000000000e+00,1.000000000000000e+00,1714175 1714174 1714167 1714164
797,0,-1,0,1,1,1.402482916500002e-06,-4.941526880994303e-03,3.181050063725944e-02,0.000000000000000e+00,0.000000000000000e+00,0.000000000000000e+00,1.000000000000000e+00,1714174 1714173 1714166 1714167
798,0,-1,0,1,1,1.543661796000000e-06,-5.904273194673177e-03,3.188601505390844e-02,0.000000000000000e+00,0.000000000000000e+00,0.000000000000000e+00,1.000000000000000e+00,1714173 1714172 1714165 1714166
799,0,-1,0,1,1,1.277888085000000e-06,-6.826046111184724e-03,3.179999613179612e-02,0.000000000000000e+00,0.000000000000000e+00,0.000000000000000e+00,1.000000000000000e+00,1714172 877933 877941 1714165
800,0,-1,0,1,1,9.250808837074072e-07,-3.947458909783850e-04,3.060192341333335e-02,0.000000000000000e+00,0.000000000000000e+00,0.000000000000000e+00,1.000000000000000e+00,1713923 1714171 1714158 1713913
801,0,-1,0,1,1,1.023159238049998e-06,-1.149918603308322e-03,3.063400419273385e-02,0.000000000000000e+00,0.000000000000000e+00,0.000000000000000e+00,1.000000000000000e+00,1714171 1714170 1714157 1714158
802,0,-1,0,1,1,1.013114353499998e-06,-1.914972578003567e-03,3.059208740226802e-02,0.000000000000000e+00,0.000000000000000e+00,0.000000000000000e+00,1.000000000000000e+00,1714170 1714169 1714156 1714157
803,0,-1,0,1,1,8.932060790000016e-07,-2.653623882394348e-03,3.051864383340458e-02,0.000000000000000e+00,0.000000000000000e+00,0.000000000000000e+00,1.000000000000000e+00,1714169 1714168 1714155 1714156
804,0,-1,0,1,1,8.253547865000005e-07,-3.340155345391444e-03,3.047575120597581e-02,0.000000000000000e+00,0.000000000000000e+00,0.000000000000000e+00,1.000000000000000e+00,1714168 1714164 1714154 1714155
805,0,-1,0,1,1,9.835751629999985e-07,-4.051238627280388e-03,3.049794232583135e-02,0.000000000000000e+00,0.000000000000000e+00,0.000000000000000e+00,1.000000000000000e+00,1714164 1714167 1714153 1714154
806,0,-1,0,1,1,1.069754358999999e-06,-4.850984318625360e-03,3.047231596829334e-02,0.000000000000000e+00,0.000000000000000e+00,0.000000000000000e+00,1.000000000000000e+00,1714167 1714166 1714152 1714153
807,0,-1,0,1,1,1.180399263499998e-06,-6.067320782365822e-03,3.047202802507891e-02,0.000000000000000e+00,0.000000000000000e+00,0.000000000000000e+00,1.000000000000000e+00,1714166 1714165 1714150 1714151
808,0,-1,0,1,1,1.071260558000001e-06,-6.886663166575144e-03,3.042377274238468e-02,0.000000000000000e+00,0.000000000000000e+00,0.000000000000000e+00,1.000000000000000e+00,877941 877939 1714150 1714165
809,0,-1,0,1,1,2.430397740952004e-06,-6.486863682526319e-04,4.370743221076653e-02,0.000000000000000e+00,0.000000000000000e+00,0.000000000000000e+00,1.000000000000000e+00,1713930 1713986 1714273 1714163
810,0,-1,0,1,1,2.747907744848700e-06,-7.336243754293767e-04,4.558354572247943e-02,0.000000000000000e+00,0.000000000000000e+00,0.000000000000000e+00,1.000000000000000e+00,1713986 1713987 1714272 1714273
811,0,-1,0,1,1,3.066245776777550e-06,-8.182380906180183e-04,4.745488181028534e-02,0.000000000000000e+00,0.000000000000000e+00,0.000000000000000e+00,1.000000000000000e+00,1713987 1713988 1714271 1714272
812,0,-1,0,1,1,3.345653167691850e-06,-8.923879613036221e-04,4.932689730161025e-02,0.000000000000000e+00,0.000000000000000e+00,0.000000000000000e+00,1.000000000000000e+00,1713988 1713989 1714270 1714271
813,0,-1,0,1,1,3.622494623271845e-06,-9.666289419584343e-04,5.120233599911703e-02,0.000000000000000e+00,0.000000000000000e+00,0.000000000000000e+00,1.000000000000000e+00,1713989 1713990 1714269 1714270
814,0,-1,0,1,1,3.920222886127691e-06,-1.046080967399138e-03,5.307515258765694e-02,0.000000000000000e+00,0.000000000000000e+00,0.000000000000000e+00,1.000000000000000e+00,1713990 877722 877741 1714269
815,0,-1,0,1,1,2.444971541999999e-06,-1.952738430473347e-03,4.373643251476552e-02,0.000000000000000e+00,0.000000000000000e+00,0.000000000000000e+00,1.000000000000000e+00,1714163 1714273 1714268 1714162
816,0,-1,0,1,1,2.765354737500000e-06,-2.208208905928583e-03,4.560562066623693e-02,0.000000000000000e+00,0.000000000000000e+00,0.000000000000000e+00,1.000000000000000e+00,1714273 1714272 1714267 1714268
817,0,-1,0,1,1,3.101757091499998e-06,-2.467997727666235e-03,4.748010464802805e-02,0.000000000000000e+00,0.000000000000000e+00,0.000000000000000e+00,1.000000000000000e+00,1714272 1714271 1714266 1714267
818,0,-1,0,1,1,3.431319852000003e-06,-2.703683362138555e-03,4.934779754202073e-02,0.000000000000000e+00,0.000000000000000e+00,0.000000000000000e+00,1.000000000000000e+00,1714271 1714270 1714265 1714266
819,0,-1,0,1,1,3.705626963999999e-06,-2.926946671090007e-03,5.121631898639484e-02,0.000000000000000e+00,0.000000000000000e+00,0.000000000000000e+00,1.000000000000000e+00,1714270 1714269 1714264 1714265
820,0,-1,0,1,1,3.932381686499999e-06,-3.149154082111630e-03,5.307832380588426e-02,0.000000000000000e+00,0.000000000000000e+00,0.000000000000000e+00,1.000000000000000e+00,1714269 877741 877740 1714264
821,0,-1,0,1,1,2.461085623999999e-06,-3.269649915915008e-03,4.376577438472044e-02,0.000000000000000e+00,0.000000000000000e+00,0.000000000000000e+00,1.000000000000000e+00,1714162 1714268 1714263 1714161
822,0,-1,0,1,1,2.819832256999997e-06,-3.708421904566891e-03,4.562838561828109e-02,0.000000000000000e+00,0.000000000000000e+00,0.000000000000000e+00,1.000000000000000e+00,1714268 1714267 1714262 1714263
823,0,-1,0,1,1,3.167326377999998e-06,-4.146228126832501e-03,4.748746933620631e-02,0.000000000000000e+00,0.000000000000000e+00,0.000000000000000e+00,1.000000000000000e+00,1714267 1714266 1714261 1714262
824,0,-1,0,1,1,3.468275911000010e-06,-4.548125670880081e-03,4.935128074677837e-02,0.000000000000000e+00,0.000000000000000e+00,0.000000000000000e+00,1.000000000000000e+00,1714266 1714265 1714260 1714261
825,0,-1,0,1,1,3.713442611999999e-06,-4.913495640746349e-03,5.121892442881081e-02,0.000000000000000e+00,0.000000000000000e+00,0.000000000000000e+00,1.000000000000000e+00,1714265 1714264 1714259 1714260
826,0,-1,0,1,1,3.919435671999995e-06,-5.264952687522614e-03,5.308065878031389e-02,0.000000000000000e+00,0.000000000000000e+00,0.000000000000000e+00,1.000000000000000e+00,1714264 877740 877739 1714259
827,0,-1,0,1,1,2.470980899000004e-06,-4.599849623152246e-03,4.378922276695427e-02,0.000000000000000e+00,0.000000000000000e+00,0.000000000000000e+00,1.000000000000000e+00,1714161 1714263 1714258 1714160
828,0,-1,0,1,1,2.878131867999999e-06,-5.249640684831409e-03,4.563237176743060e-02,0.000000000000000e+00,0.000000000000000e+00,0.000000000000000e+00,1.000000000000000e+00,1714263 1714262 1714257 1714258
829,0,-1,0,1,1,3.225499092500000e-06,-5.864243873766316e-03,4.747149480550539e-02,0.000000000000000e+00,0.000000000000000e+00,0.000000000000000e+00,1.000000000000000e+00,1714262 1714261 1714256 1714257
830,0,-1,0,1,1,3.532646490000007e-06,-6.416980401737948e-03,4.932699038437568e-02,0.000000000000000e+00,0.000000000000000e+00,0.000000000000000e+00,1.000000000000000e+00,1714261 1714260 1714255 1714256
831,0,-1,0,1,1,3.802218635000000e-06,-6.914667107002590e-03,5.119437118616086e-02,0.000000000000000e+00,0.000000000000000e+00,0.000000000000000e+00,1.000000000000000e+00,1714260 1714259 1714254 1714255
832,0,-1,0,1,1,3.980359004999994e-06,-7.381927291707635e-03,5.307004722953994e-02,0.000000000000000e+00,0.000000000000000e+00,0.000000000000000e+00,1.000000000000000e+00,1714259 877739 877738 1714254
833,0,-1,0,1,1,2.453267704999999e-06,-5.946623975419129e-03,4.380628239867677e-02,0.000000000000000e+00,0.000000000000000e+00,0.000000000000000e+00,1.000000000000000e+00,1714160 1714258 1714253 1714159
834,0,-1,0,1,1,2.894855236000001e-06,-6.823961681336613e-03,4.562124676233996e-02,0.000000000000000e+00,0.000000000000000e+00,0.000000000000000e+00,1.000000000000000e+00,1714258 1714257 1714252 1714253
835,0,-1,0,1,1,3.298250697500000e-06,-7.623460841128035e-03,4.743441105576428e-02,0.000000000000000e+00,0.000000000000000e+00,0.000000000000000e+00,1.000000000000000e+00,1714257 1714256 1714251 1714252
836,0,-1,0,1,1,3.621971507999997e-06,-8.324352700328830e-03,4.927561716728017e-02,0.000000000000000e+00,0.000000000000000e+00,0.000000000000000e+00,1.000000000000000e+00,1714256 1714255 1714250 1714251
837,0,-1,0,1,1,3.899715376000005e-06,-8.941442640537586e-03,5.114988346939704e-02,0.000000000000000e+00,0.000000000000000e+00,0.000000000000000e+00,1.000000000000000e+00,1714255 1714254 1714249 1714250
838,0,-1,0,1,1,4.071560609999995e-06,-9.508050204245003e-03,5.305175913835212e-02,0.000000000000000e+00,0.000000000000000e+00,0.000000000000000e+00,1.000000000000000e+00,1714254 877738 877737 1714249
839,0,-1,0,1,1,2.357175319499997e-06,-7.275035634097499e-03,4.381781109982498e-02,0.000000000000000e+00,0.000000000000000e+00,0.000000000000000e+00,1.000000000000000e+00,1714159 1714253 1714248 877940
840,0,-1,0,1,1,2.770023777500010e-06,-8.414441012891464e-03,4.560532691407989e-02,0.000000000000000e+00,0.000000000000000e+00,0.000000000000000e+00,1.000000000000000e+00,1714253 1714252 1714247 1714248
841,0,-1,0,1,1,3.413226697000003e-06,-9.429528616020089e-03,4.734878038000070e-02,0.000000000000000e+00,0.000000000000000e+00,0.000000000000000e+00,1.000000000000000e+00,1714252 1714251 1714246 1714247
842,0,-1,0,1,1,3.783821521000001e-06,-1.027391200091012e-02,4.918264014959604e-02,0.000000000000000e+00,0.000000000000000e+00,0.000000000000000e+00,1.000000000000000e+00,1714251 1714250 1714245 1714246
843,0,-1,0,1,1,4.023748797500004e-06,-1.099320956559231e-02,5.108202415914959e-02,0.000000000000000e+00,0.000000000000000e+00,0.000000000000000e+00,1.000000000000000e+00,1714250 1714249 1714244 1714245
844,0,-1,0,1,1,4.211535449999996e-06,-1.164240165490237e-02,5.302323074137485e-02,0.000000000000000e+00,0.000000000000000e+00,0.000000000000000e+00,1.000000000000000e+00,1714249 877737 877736 1714244
845,0,-1,0,1,1,3.708028723999993e-06,-8.946878550105666e-03,4.377469579022342e-02,0.000000000000000e+00,0.000000000000000e+00,0.000000000000000e+00,1.000000000000000e+00,877940 1714248 1714243 877948
846,0,-1,0,1,1,3.526826962500006e-06,-1.018370641919270e-02,4.545870080066693e-02,0.000000000000000e+00,0.000000000000000e+00,0.000000000000000e+00,1.000000000000000e+00,1714248 1714247 1714242 1714243
847,0,-1,0,1,1,3.698611794999993e-06,-1.132479775882422e-02,4.718027655781697e-02,0.000000000000000e+00,0.000000000000000e+00,0.000000000000000e+00,1.000000000000000e+00,1714247 1714246 1714241 1714242
848,0,-1,0,1,1,4.035145844999996e-06,-1.226865607729770e-02,4.901505394066167e-02,0.000000000000000e+00,0.000000000000000e+00,0.000000000000000e+00,1.000000000000000e+00,1714246 1714245 1714240 1714241
849,0,-1,0,1,1,4.261949005000011e-06,-1.307577744293744e-02,5.094263661763999e-02,0.000000000000000e+00,0.000000000000000e+00,0.000000000000000e+00,1.000000000000000e+00,1714245 1714244 1714239 1714240
850,0,-1,0,1,1,4.560012224999996e-06,-1.379819595688913e-02,5.295465431326524e-02,0.000000000000000e+00,0.000000000000000e+00,0.000000000000000e+00,1.000000000000000e+00,1714244 877736 877742 1714239
851,0,-1,0,1,1,3.462279011999995e-06,-1.105293225097918e-02,4.370088685247034e-02,0.000000000000000e+00,0.000000000000000e+00,0.000000000000000e+00,1.000000000000000e+00,877948 1714243 1714238 877947
852,0,-1,0,1,1,3.660937215000005e-06,-1.225371523815576e-02,4.527931303889939e-02,0.000000000000000e+00,0.000000000000000e+00,0.000000000000000e+00,1.000000000000000e+00,1714243 1714242 1714237 1714238
853,0,-1,0,1,1,3.834863790000001e-06,-1.334654008625767e-02,4.693682168329504e-02,0.000000000000000e+00,0.000000000000000e+00,0.000000000000000e+00,1.000000000000000e+00,1714242 1714241 1714236 1714237
854,0,-1,0,1,1,4.211171244999994e-06,-1.431599291953768e-02,4.871483795228081e-02,0.000000000000000e+00,0.000000000000000e+00,0.000000000000000e+00,1.000000000000000e+00,1714241 1714240 1714235 1714236
855,0,-1,0,1,1,4.488304500000006e-06,-1.517797560279433e-02,5.060739624603410e-02,0.000000000000000e+00,0.000000000000000e+00,0.000000000000000e+00,1.000000000000000e+00,1714240 1714239 1714234 1714235
856,0,-1,0,1,1,4.973627804999999e-06,-1.594256203673306e-02,5.262759022488868e-02,0.000000000000000e+00,0.000000000000000e+00,0.000000000000000e+00,1.000000000000000e+00,1714239 877742 877747 1714234
857,0,-1,0,1,1,2.969921295000002e-06,-1.312719125121361e-02,4.360887730647135e-02,0.000000000000000e+00,0.000000000000000e+00,0.000000000000000e+00,1.000000000000000e+00,877947 1714238 1714233 877946
858,0,-1,0,1,1,3.254363289999992e-06,-1.432782377270025e-02,4.505705876738098e-02,0.000000000000000e+00,0.000000000000000e+00,0.000000000000000e+00,1.000000000000000e+00,1714238 1714237 1714232 1714233
859,0,-1,0,1,1,3.832305270000006e-06,-1.543750673426346e-02,4.656201612981995e-02,0.000000000000000e+00,0.000000000000000e+00,0.000000000000000e+00,1.000000000000000e+00,1714237 1714236 1714231 1714232
860,0,-1,0,1,1,4.208298244999992e-06,-1.641055039870667e-02,4.824013903297420e-02,0.000000000000000e+00,0.000000000000000e+00,0.000000000000000e+00,1.000000000000000e+00,1714236 1714235 1714230 1714231
861,0,-1,0,1,1,4.507171804999997e-06,-1.729784026405298e-02,5.005556820993048e-02,0.000000000000000e+00,0.000000000000000e+00,0.000000000000000e+00,1.000000000000000e+00,1714235 1714234 1714229 1714230
862,0,-1,0,1,1,4.802813315000006e-06,-1.812487925308533e-02,5.196423264337979e-02,0.000000000000000e+00,0.000000000000000e+00,0.000000000000000e+00,1.000000000000000e+00,1714234 877747 877746 1714229
863,0,-1,0,1,1,3.924592760000004e-06,-1.528268649268958e-02,4.317054139685046e-02,0.000000000000000e+00,0.000000000000000e+00,0.000000000000000e+00,1.000000000000000e+00,877946 1714233 1714228 877945
864,0,-1,0,1,1,3.800589834999995e-06,-1.644002670331390e-02,4.451376536212631e-02,0.000000000000000e+00,0.000000000000000e+00,0.000000000000000e+00,1.000000000000000e+00,1714233 1714232 1714227 1714228
865,0,-1,0,1,1,4.006558230000007e-06,-1.754432056483677e-02,4.597101816640164e-02,0.000000000000000e+00,0.000000000000000e+00,0.000000000000000e+00,1.000000000000000e+00,1714232 1714231 1714226 1714227
866,0,-1,0,1,1,4.208522950000005e-06,-1.851069149091203e-02,4.761025151566926e-02,0.000000000000000e+00,0.000000000000000e+00,0.000000000000000e+00,1.000000000000000e+00,1714231 1714230 1714225 1714226
867,0,-1,0,1,1,4.440989970000006e-06,-1.941327528845451e-02,4.936567431082152e-02,0.000000000000000e+00,0.000000000000000e+00,0.000000000000000e+00,1.000000000000000e+00,1714230 1714229 1714224 1714225
868,0,-1,0,1,1,4.700219165000012e-06,-2.028406246148620e-02,5.119779138627815e-02,0.000000000000000e+00,0.000000000000000e+00,0.000000000000000e+00,1.000000000000000e+00,1714229 877746 877745 1714224
869,0,-1,0,1,1,4.050724704999999e-06,-1.754428560701650e-02,4.232212881249241e-02,0.000000000000000e+00,0.000000000000000e+00,0.000000000000000e+00,1.000000000000000e+00,877945 1714228 1714223 877944
870,0,-1,0,1,1,4.018801199999993e-06,-1.860358452471847e-02,4.371696010827308e-02,0.000000000000000e+00,0.000000000000000e+00,0.000000000000000e+00,1.000000000000000e+00,1714228 1714227 1714222 1714223
871,0,-1,0,1,1,4.041048135000005e-06,-1.963912960430302e-02,4.523059420392923e-02,0.000000000000000e+00,0.000000000000000e+00,0.000000000000000e+00,1.000000000000000e+00,1714227 1714226 1714221 1714222
872,0,-1,0,1,1,4.228347789999989e-06,-2.059282949239030e-02,4.685534422485375e-02,0.000000000000000e+00,0.000000000000000e+00,0.000000000000000e+00,1.000000000000000e+00,1714226 1714225 1714220 1714221
873,0,-1,0,1,1,4.407691419999997e-06,-2.151045471238615e-02,4.856178903235948e-02,0.000000000000000e+00,0.000000000000000e+00,0.000000000000000e+00,1.000000000000000e+00,1714225 1714224 1714219 1714220
874,0,-1,0,1,1,4.611871009999999e-06,-2.241158671922411e-02,5.032733043234926e-02,0.000000000000000e+00,0.000000000000000e+00,0.000000000000000e+00,1.000000000000000e+00,1714224 877745 877744 1714219
875,0,-1,0,1,1,4.126841385000004e-06,-1.975657548056729e-02,4.136268749054203e-02,0.000000000000000e+00,0.000000000000000e+00,0.000000000000000e+00,1.000000000000000e+00,877944 1714223 1714218 877943
876,0,-1,0,1,1,4.080016059999988e-06,-2.074371530926719e-02,4.284112622085740e-02,0.000000000000000e+00,0.000000000000000e+00,0.000000000000000e+00,1.000000000000000e+00,1714223 1714222 1714217 1714218
877,0,-1,0,1,1,4.120743240000006e-06,-2.171505814780491e-02,4.438561549404774e-02,0.000000000000000e+00,0.000000000000000e+00,0.000000000000000e+00,1.000000000000000e+00,1714222 1714221 1714216 1714217
878,0,-1,0,1,1,4.228815290000000e-06,-2.266314688664399e-02,4.599436316126303e-02,0.000000000000000e+00,0.000000000000000e+00,0.000000000000000e+00,1.000000000000000e+00,1714221 1714220 1714215 1714216
879,0,-1,0,1,1,4.336201394999998e-06,-2.358415584691022e-02,4.765557112094882e-02,0.000000000000000e+00,0.000000000000000e+00,0.000000000000000e+00,1.000000000000000e+00,1714220 1714219 1714214 1714215
880,0,-1,0,1,1,4.486853670000001e-06,-2.450047025832819e-02,4.936177312127899e-02,0.000000000000000e+00,0.000000000000000e+00,0.000000000000000e+00,1.000000000000000e+00,1714219 877744 877743 1714214
881,0,-1,0,1,1,4.326046330000002e-06,-2.190453355023139e-02,4.031211058557712e-02,0.000000000000000e+00,0.000000000000000e+00,0.000000000000000e+00,1.000000000000000e+00,877943 1714218 1714209 877942
882,0,-1,0,1,1,4.221279904999999e-06,-2.284521913513025e-02,4.187294117855778e-02,0.000000000000000e+00,0.000000000000000e+00,0.000000000000000e+00,1.000000000000000e+00,1714218 1714217 1714210 1714209
883,0,-1,0,1,1,4.186943199999990e-06,-2.378009254441474e-02,4.345430212713466e-02,0.000000000000000e+00,0.000000000000000e+00,0.000000000000000e+00,1.000000000000000e+00,1714217 1714216 1714211 1714210
884,0,-1,0,1,1,4.179950075000003e-06,-2.471551530267743e-02,4.505926280508059e-02,0.000000000000000e+00,0.000000000000000e+00,0.000000000000000e+00,1.000000000000000e+00,1714216 1714215 1714212 1714211
885,0,-1,0,1,1,4.248992854999993e-06,-2.563774996936018e-02,4.668417443260241e-02,0.000000000000000e+00,0.000000000000000e+00,0.000000000000000e+00,1.000000000000000e+00,1714215 1714214 1714213 1714212
886,0,-1,0,1,1,4.358042619999998e-06,-2.655690061297458e-02,4.832241202759875e-02,0.000000000000000e+00,0.000000000000000e+00,0.000000000000000e+00,1.000000000000000e+00,1714214 877743 877748 1714213
887,0,-1,0,1,1,1.280974505963195e-07,-2.472043536414136e-04,2.838181001184490e-02,0.000000000000000e+00,0.000000000000000e+00,0.000000000000000e+00,1.000000000000000e+00,1714052 1714298 1714299 1714051
888,0,-1,0,1,1,1.262648885836502e-07,-2.441529581785665e-04,2.812358986550994e-02,0.000000000000000e+00,0.000000000000000e+00,0.000000000000000e+00,1.000000000000000e+00,1714051 1714299 877930 877845
889,0,-1,0,1,1,1.272776468999991e-07,-7.426101317843396e-04,2.836482739215475e-02,0.000000000000000e+00,0.000000000000000e+00,0.000000000000000e+00,1.000000000000000e+00,1714298 1714297 1714300 1714299
890,0,-1,0,1,1,1.249005770000007e-07,-7.340304090705249e-04,2.810900659778110e-02,0.000000000000000e+00,0.000000000000000e+00,0.000000000000000e+00,1.000000000000000e+00,1714299 1714300 877929 877930
891,0,-1,0,1,1,1.275320092500004e-07,-1.238192538709766e-03,2.834676051895338e-02,0.000000000000000e+00,0.000000000000000e+00,0.000000000000000e+00,1.000000000000000e+00,1714297 1714296 1714301 1714300
892,0,-1,0,1,1,1.247894373499999e-07,-1.223868511765215e-03,2.809101396100000e-02,0.000000000000000e+00,0.000000000000000e+00,0.000000000000000e+00,1.000000000000000e+00,1714300 1714301 877928 877929
893,0,-1,0,1,1,1.293336175000002e-07,-1.733780648166295e-03,2.832713468030653e-02,0.000000000000000e+00,0.000000000000000e+00,0.000000000000000e+00,1.000000000000000e+00,1714296 1714295 1714302 1714301
894,0,-1,0,1,1,1.263108734999999e-07,-1.713656452395407e-03,2.806827701002678e-02,0.000000000000000e+00,0.000000000000000e+00,0.000000000000000e+00,1.000000000000000e+00,1714301 1714302 877927 877928
895,0,-1,0,1,1,1.329924544999998e-07,-2.229313638562528e-03,2.830565036773483e-02,0.000000000000000e+00,0.000000000000000e+00,0.000000000000000e+00,1.000000000000000e+00,1714295 1714294 1714303 1714302
896,0,-1,0,1,1,1.298212560000009e-07,-2.203123120994788e-03,2.803984706640902e-02,0.000000000000000e+00,0.000000000000000e+00,0.000000000000000e+00,1.000000000000000e+00,1714302 1714303 877926 877927
897,0,-1,0,1,1,1.393681739999993e-07,-2.724968312657523e-03,2.828141259060480e-02,0.000000000000000e+00,0.000000000000000e+00,0.000000000000000e+00,1.000000000000000e+00,1714294 1714293 1714304 1714303
898,0,-1,0,1,1,1.347384764999998e-07,-2.691609366045934e-03,2.800457809925623e-02,0.000000000000000e+00,0.000000000000000e+00,0.000000000000000e+00,1.000000000000000e+00,1714303 1714304 877925 877926
899,0,-1,0,1,1,1.485911839999998e-07,-3.218936590055930e-03,2.824683422797232e-02,0.000000000000000e+00,0.000000000000000e+00,0.000000000000000e+00,1.000000000000000e+00,1714293 1714292 1714305 1714304
900,0,-1,0,1,1,1.375145760000002e-07,-3.177253397090356e-03,2.795867472219091e-02,0.000000000000000e+00,0.000000000000000e+00,0.000000000000000e+00,1.000000000000000e+00,1714304 1714305 877924 877925
901,0,-1,0,1,1,1.465785774999992e-07,-3.702001136074040e-03,2.818388181123136e-02,0.000000000000000e+00,0.000000000000000e+00,0.000000000000000e+00,1.000000000000000e+00,1714292 1714291 1714306 1714305
902,0,-1,0,1,1,1.358951295000014e-07,-3.661803333686731e-03,2.789950521236708e-02,0.000000000000000e+00,0.000000000000000e+00,0.000000000000000e+00,1.000000000000000e+00,1714305 1714306 877923 877924
903,0,-1,0,1,1,1.353745319999993e-07,-4.190858770640454e-03,2.809504889962464e-02,0.000000000000000e+00,0.000000000000000e+00,0.000000000000000e+00,1.000000000000000e+00,1714291 1714290 1714307 1714306
904,0,-1,0,1,1,1.311028655000006e-07,-4.145115139648250e-03,2.782825631486192e-02,0.000000000000000e+00,0.000000000000000e+00,0.000000000000000e+00,1.000000000000000e+00,1714306 1714307 877922 877923
905,0,-1,0,1,1,1.291087504999996e-07,-4.678029347297997e-03,2.800140169162237e-02,0.000000000000000e+00,0.000000000000000e+00,0.000000000000000e+00,1.000000000000000e+00,1714290 1714289 1714308 1714307
906,0,-1,0,1,1,1.257065265000002e-07,-4.628395924425901e-03,2.774746001327783e-02,0.000000000000000e+00,0.000000000000000e+00,0.000000000000000e+00,1.000000000000000e+00,1714307 1714308 877921 877922
907,0,-1,0,1,1,1.253824944999992e-07,-5.164716026955648e-03,2.790523817993946e-02,0.000000000000000e+00,0.000000000000000e+00,0.000000000000000e+00,1.000000000000000e+00,1714289 1714288 1714309 1714308
908,0,-1,0,1,1,1.221095420000002e-07,-5.110801357668947e-03,2.765977847405406e-02,0.000000000000000e+00,0.000000000000000e+00,0.000000000000000e+00,1.000000000000000e+00,1714308 1714309 877920 877921
909,0,-1,0,1,1,1.238575794999989e-07,-5.651001981082111e-03,2.780689424767219e-02,0.000000000000000e+00,0.000000000000000e+00,0.000000000000000e+00,1.000000000000000e+00,1714288 1714287 1714310 1714309
910,0,-1,0,1,1,1.206421914999998e-07,-5.592099882620610e-03,2.756561220521485e-02,0.000000000000000e+00,0.000000000000000e+00,0.000000000000000e+00,1.000000000000000e+00,1714309 1714310 877919 877920
911,0,-1,0,1,1,1.244998885000004e-07,-6.136883903493228e-03,2.770641173745295e-02,0.000000000000000e+00,0.000000000000000e+00,0.000000000000000e+00,1.000000000000000e+00,1714287 1714286 1714311 1714310
912,0,-1,0,1,1,1.213488359999995e-07,-6.072103153481257e-03,2.746505339350432e-02,0.000000000000000e+00,0.000000000000000e+00,0.000000000000000e+00,1.000000000000000e+00,1714310 1714311 877918 877919
913,0,-1,0,1,1,1.273372980000002e-07,-6.622271995550590e-03,2.760377775570202e-02,0.000000000000000e+00,0.000000000000000e+00,0.000000000000000e+00,1.000000000000000e+00,1714286 1714285 1714312 1714311
914,0,-1,0,1,1,1.241812769999995e-07,-6.550659291752302e-03,2.735811095052061e-02,0.000000000000000e+00,0.000000000000000e+00,0.000000000000000e+00,1.000000000000000e+00,1714311 1714312 877917 877918
915,0,-1,0,1,1,1.323203519999995e-07,-7.107063399334064e-03,2.749905937435233e-02,0.000000000000000e+00,0.000000000000000e+00,0.000000000000000e+00,1.000000000000000e+00,1714285 1714284 1714313 1714312
916,0,-1,0,1,1,1.291930739999985e-07,-7.027675730188758e-03,2.724482449035000e-02,0.000000000000000e+00,0.000000000000000e+00,0.000000000000000e+00,1.000000000000000e+00,1714312 1714313 877916 877917
917,0,-1,0,1,1,1.417832570000007e-07,-7.591848579495250e-03,2.738972021036283e-02,0.000000000000000e+00,0.000000000000000e+00,0.000000000000000e+00,1.000000000000000e+00,1714284 1714283 1714314 1714313
918,0,-1,0,1,1,1.341948599999997e-07,-7.501005042929959e-03,2.712336250221730e-02,0.000000000000000e+00,0.000000000000000e+00,0.000000000000000e+00,1.000000000000000e+00,1714313 1714314 877915 877916
919,0,-1,0,1,1,1.473927680000004e-07,-8.064944723928200e-03,2.726253520221923e-02,0.000000000000000e+00,0.000000000000000e+00,0.000000000000000e+00,1.000000000000000e+00,1714283 1714282 1714315 1714314
920,0,-1,0,1,1,1.358308774999995e-07,-7.970421096031782e-03,2.699026051726162e-02,0.000000000000000e+00,0.000000000000000e+00,0.000000000000000e+00,1.000000000000000e+00,1714314 1714315 877914 877915
921,0,-1,0,1,1,1.411705140000009e-07,-8.531586380962668e-03,2.710690257133582e-02,0.000000000000000e+00,0.000000000000000e+00,0.000000000000000e+00,1.000000000000000e+00,1714282 1714281 1714316 1714315
922,0,-1,0,1,1,1.333993354999993e-07,-8.436365153377671e-03,2.684459094929312e-02,0.000000000000000e+00,0.000000000000000e+00,0.000000000000000e+00,1.000000000000000e+00,1714315 1714316 877913 877914
923,0,-1,0,1,1,1.328557789999997e-07,-8.997523703315531e-03,2.693524944190308e-02,0.000000000000000e+00,0.000000000000000e+00,0.000000000000000e+00,1.000000000000000e+00,1714281 1714280 1714317 1714316
924,0,-1,0,1,1,1.287910899999997e-07,-8.899897668887394e-03,2.668799612933109e-02,0.000000000000000e+00,0.000000000000000e+00,0.000000000000000e+00,1.000000000000000e+00,1714316 1714317 877912 877913
925,0,-1,0,1,1,1.283653545000006e-07,-9.461735069991839e-03,2.676008329500893e-02,0.000000000000000e+00,0.000000000000000e+00,0.000000000000000e+00,1.000000000000000e+00,1714280 1714279 1714318 1714317
926,0,-1,0,1,1,1.248401654999995e-07,-9.361541560972660e-03,2.652311236886658e-02,0.000000000000000e+00,0.000000000000000e+00,0.000000000000000e+00,1.000000000000000e+00,1714317 1714318 877911 877912
927,0,-1,0,1,1,1.262774310000001e-07,-9.925026488805508e-03,2.658265097052696e-02,0.000000000000000e+00,0.000000000000000e+00,0.000000000000000e+00,1.000000000000000e+00,1714279 1714278 1714319 1714318
928,0,-1,0,1,1,1.229577979999999e-07,-9.820985755221098e-03,2.635157225612157e-02,0.000000000000000e+00,0.000000000000000e+00,0.000000000000000e+00,1.000000000000000e+00,1714318 1714319 877910 877911
929,0,-1,0,1,1,1.263747699999995e-07,-1.038756181119591e-02,2.640318365281298e-02,0.000000000000000e+00,0.000000000000000e+00,0.000000000000000e+00,1.000000000000000e+00,1714278 1714277 1714320 1714319
930,0,-1,0,1,1,1.232694334999995e-07,-1.027809696370767e-02,2.617396732901484e-02,0.000000000000000e+00,0.000000000000000e+00,0.000000000000000e+00,1.000000000000000e+00,1714319 1714320 877909 877910
931,0,-1,0,1,1,1.284907350000000e-07,-1.084930619244259e-02,2.622186345440783e-02,0.000000000000000e+00,0.000000000000000e+00,0.000000000000000e+00,1.000000000000000e+00,1714277 1714276 1714321 1714320
932,0,-1,0,1,1,1.255620700000005e-07,-1.073288755099901e-02,2.599068150844706e-02,0.000000000000000e+00,0.000000000000000e+00,0.000000000000000e+00,1.000000000000000e+00,1714320 1714321 877908 877909
933,0,-1,0,1,1,1.324546699999997e-07,-1.131019117326202e-02,2.603892142449438e-02,0.000000000000000e+00,0.000000000000000e+00,0.000000000000000e+00,1.000000000000000e+00,1714276 1714275 1714322 1714321
934,0,-1,0,1,1,1.298044050000003e-07,-1.118544379994654e-02,2.580229874497325e-02,0.000000000000000e+00,0.000000000000000e+00,0.000000000000000e+00,1.000000000000000e+00,1714321 1714322 877907 877908
935,0,-1,0,1,1,1.378212800000000e-07,-1.177036414150268e-02,2.585466656454407e-02,0.000000000000000e+00,0.000000000000000e+00,0.000000000000000e+00,1.000000000000000e+00,1714275 1714274 1714323 1714322
936,0,-1,0,1,1,1.356169100000002e-07,-1.163601018132375e-02,2.560981413527265e-02,0.000000000000000e+00,0.000000000000000e+00,0.000000000000000e+00,1.000000000000000e+00,1714322 1714323 877906 877907
937,0,-1,0,1,1,1.441498199999994e-07,-1.222993659580012e-02,2.566961694524488e-02,0.000000000000000e+00,0.000000000000000e+00,0.000000000000000e+00,1.000000000000000e+00,1714274 877931 877932 1714323
938,0,-1,0,1,1,1.426123400000001e-07,-1.208520986133108e-02,2.541451078978977e-02,0.000000000000000e+00,0.000000000000000e+00,0.000000000000000e+00,1.000000000000000e+00,1714323 877932 877905 877906
939,0,-1,0,1,1,3.348813480000009e-07,-9.469642385972360e-03,2.775683692202097e-02,0.000000000000000e+00,0.000000000000000e+00,0.000000000000000e+00,1.000000000000000e+00,1714362 877966 877965 1714358
940,0,-1,0,1,1,1.937509295000000e-07,-9.016642843542222e-03,2.787474330275294e-02,0.000000000000000e+00,0.000000000000000e+00,0.000000000000000e+00,1.000000000000000e+00,1714362 1714361 1714360 877966
941,0,-1,0,1,1,3.017082326499994e-07,-1.150015889228710e-03,2.972769130298875e-02,0.000000000000000e+00,0.000000000000000e+00,0.000000000000000e+00,1.000000000000000e+00,1714357 1714158 1714157 1714355
942,0,-1,0,1,1,2.807207160000000e-07,-5.725166063237266e-03,2.820511193678679e-02,0.000000000000000e+00,0.000000000000000e+00,0.000000000000000e+00,1.000000000000000e+00,1714288 1714354 1714353 1714287
943,0,-1,0,1,1,2.553901835000002e-07,-3.750573906109694e-03,2.858337559571385e-02,0.000000000000000e+00,0.000000000000000e+00,0.000000000000000e+00,1.000000000000000e+00,1714291 1714292 1714352 1714351
944,0,-1,0,1,1,3.197103944999993e-07,-6.944024970555422e-03,2.948710438468369e-02,0.000000000000000e+00,0.000000000000000e+00,0.000000000000000e+00,1.000000000000000e+00,1714364 1714150 877939 1714350
945,0,-1,0,1,1,3.207746230000010e-07,-3.278078776147130e-03,2.963631201284233e-02,0.000000000000000e+00,0.000000000000000e+00,0.000000000000000e+00,1.000000000000000e+00,1714349 1714155 1714154 1714348
946,0,-1,0,1,1,2.707252309999996e-07,-3.261622047631090e-03,2.913644288432626e-02,0.000000000000000e+00,0.000000000000000e+00,0.000000000000000e+00,1.000000000000000e+00,1714349 1714348 1714352 1714347
947,0,-1,0,1,1,2.633567545000007e-07,-2.722945573709078e-03,2.916522112703403e-02,0.000000000000000e+00,0.000000000000000e+00,0.000000000000000e+00,1.000000000000000e+00,1714346 1714367 1714349 1714347
948,0,-1,0,1,1,2.456070524999996e-07,-2.236837896078289e-03,2.868679618430562e-02,0.000000000000000e+00,0.000000000000000e+00,0.000000000000000e+00,1.000000000000000e+00,1714346 1714294 1714295 1714345
949,0,-1,0,1,1,2.553199800000007e-07,-4.295609868644476e-03,2.902848180226984e-02,0.000000000000000e+00,0.000000000000000e+00,0.000000000000000e+00,1.000000000000000e+00,1714344 1714343 1714342 1714351
950,0,-1,0,1,1,2.467274114999991e-07,-1.740103314000338e-03,2.870494064821107e-02,0.000000000000000e+00,0.000000000000000e+00,0.000000000000000e+00,1.000000000000000e+00,1714296 1714341 1714345 1714295
951,0,-1,0,1,1,2.551144485000009e-07,-1.736618975561747e-03,2.920358561105900e-02,0.000000000000000e+00,0.000000000000000e+00,0.000000000000000e+00,1.000000000000000e+00,1714341 1714355 1714368 1714345
952,0,-1,0,1,1,2.325614650000009e-07,-2.226121268941310e-03,2.918024395918874e-02,0.000000000000000e+00,0.000000000000000e+00,0.000000000000000e+00,1.000000000000000e+00,1714367 1714346 1714345 1714368
953,0,-1,0,1,1,2.011328029999995e-07,-9.600970990282046e-03,2.708272878545377e-02,0.000000000000000e+00,0.000000000000000e+00,0.000000000000000e+00,1.000000000000000e+00,1714279 1714280 1714358 1714359
954,0,-1,0,1,1,2.008004570000005e-07,-8.577921134090396e-03,2.746638931537159e-02,0.000000000000000e+00,0.000000000000000e+00,0.000000000000000e+00,1.000000000000000e+00,1714361 1714281 1714282 1714340
955,0,-1,0,1,1,2.370351345000003e-07,-7.180886689050459e-03,2.786401263943869e-02,0.000000000000000e+00,0.000000000000000e+00,0.000000000000000e+00,1.000000000000000e+00,1714285 1714339 1714338 1714284
956,0,-1,0,1,1,2.804523345000002e-07,-4.736814707465289e-03,2.840650874858701e-02,0.000000000000000e+00,0.000000000000000e+00,0.000000000000000e+00,1.000000000000000e+00,1714337 1714289 1714290 1714342
957,0,-1,0,1,1,2.468336497499998e-07,-7.454318592154658e-04,2.874216987892301e-02,0.000000000000000e+00,0.000000000000000e+00,0.000000000000000e+00,1.000000000000000e+00,1714336 1714297 1714298 1714335
958,0,-1,0,1,1,2.473423414674570e-07,-2.496689973027022e-04,2.875904585106512e-02,0.000000000000000e+00,0.000000000000000e+00,0.000000000000000e+00,1.000000000000000e+00,1714052 1714104 1714335 1714298
959,0,-1,0,1,1,2.337091074999999e-07,-6.412930546015285e-03,2.910149259814903e-02,0.000000000000000e+00,0.000000000000000e+00,0.000000000000000e+00,1.000000000000000e+00,1714364 1714334 1714333 1714363
960,0,-1,0,1,1,3.026730834999992e-07,-5.958053604671143e-03,2.932441554334459e-02,0.000000000000000e+00,0.000000000000000e+00,0.000000000000000e+00,1.000000000000000e+00,1714333 1714332 1714151 1714363
961,0,-1,0,1,1,3.037484759999989e-07,-1.781923117962826e-03,2.970220671685115e-02,0.000000000000000e+00,0.000000000000000e+00,0.000000000000000e+00,1.000000000000000e+00,1714355 1714157 1714156 1714368
962,0,-1,0,1,1,2.154649999999999e-07,-7.728330945748651e-03,2.820231804437225e-02,0.000000000000000e+00,0.000000000000000e+00,0.000000000000000e+00,1.000000000000000e+00,1714338 1714331 1714330 1714329
963,0,-1,0,1,1,2.357080829999998e-07,-7.261990590489592e-03,2.833798958774401e-02,0.000000000000000e+00,0.000000000000000e+00,0.000000000000000e+00,1.000000000000000e+00,1714328 1714331 1714338 1714339
964,0,-1,0,1,1,2.490338065000007e-07,-6.787876554874395e-03,2.847101013676450e-02,0.000000000000000e+00,0.000000000000000e+00,0.000000000000000e+00,1.000000000000000e+00,1714327 1714334 1714328 1714339
965,0,-1,0,1,1,2.432941694999995e-07,-7.360934659411063e-03,2.881118886282682e-02,0.000000000000000e+00,0.000000000000000e+00,0.000000000000000e+00,1.000000000000000e+00,1714328 1714350 1714365 1714331
966,0,-1,0,1,1,2.574168524999995e-07,-6.884942444485022e-03,2.896950335138683e-02,0.000000000000000e+00,0.000000000000000e+00,0.000000000000000e+00,1.000000000000000e+00,1714350 1714328 1714334 1714364
967,0,-1,0,1,1,2.586602520000014e-07,-6.308577471872176e-03,2.860297811601451e-02,0.000000000000000e+00,0.000000000000000e+00,0.000000000000000e+00,1.000000000000000e+00,1714353 1714333 1714334 1714327
968,0,-1,0,1,1,2.905248780000003e-07,-5.825413156208347e-03,2.876044070365298e-02,0.000000000000000e+00,0.000000000000000e+00,0.000000000000000e+00,1.000000000000000e+00,1714332 1714333 1714353 1714354
969,0,-1,0,1,1,4.001696660000007e-07,-5.426165308016401e-03,2.949382933467734e-02,0.000000000000000e+00,0.000000000000000e+00,0.000000000000000e+00,1.000000000000000e+00,1714332 1714326 1714152 1714151
970,0,-1,0,1,1,2.742549100000003e-07,-3.800550021493375e-03,2.909450017948825e-02,0.000000000000000e+00,0.000000000000000e+00,0.000000000000000e+00,1.000000000000000e+00,1714348 1714344 1714351 1714352
971,0,-1,0,1,1,2.496079454999995e-07,-2.737589949143747e-03,2.866905969003078e-02,0.000000000000000e+00,0.000000000000000e+00,0.000000000000000e+00,1.000000000000000e+00,1714347 1714293 1714294 1714346
972,0,-1,0,1,1,2.019572954999983e-07,-7.819461153628341e-03,2.864082585160683e-02,0.000000000000000e+00,0.000000000000000e+00,0.000000000000000e+00,1.000000000000000e+00,1714330 1714331 1714365 1714366
973,0,-1,0,1,1,2.613811599999993e-07,-6.212422307497649e-03,2.808713318873575e-02,0.000000000000000e+00,0.000000000000000e+00,0.000000000000000e+00,1.000000000000000e+00,1714286 1714287 1714353 1714327
974,0,-1,0,1,1,2.279119280499998e-07,-7.400323784093903e-04,2.923647887896118e-02,0.000000000000000e+00,0.000000000000000e+00,0.000000000000000e+00,1.000000000000000e+00,1714356 1714357 1714336 1714335
975,0,-1,0,1,1,2.540695520000003e-07,-1.223382572896860e-03,2.922387967521272e-02,0.000000000000000e+00,0.000000000000000e+00,0.000000000000000e+00,1.000000000000000e+00,1714341 1714336 1714357 1714355
976,0,-1,0,1,1,2.480604526500000e-07,-1.241220820192180e-03,2.872404235601652e-02,0.000000000000000e+00,0.000000000000000e+00,0.000000000000000e+00,1.000000000000000e+00,1714341 1714296 1714297 1714336
977,0,-1,0,1,1,3.187517244999989e-07,-5.320532470212895e-03,2.888934696238075e-02,0.000000000000000e+00,0.000000000000000e+00,0.000000000000000e+00,1.000000000000000e+00,1714354 1714337 1714326 1714332
978,0,-1,0,1,1,2.540059867717512e-07,-2.564608937343592e-04,2.925726635312253e-02,0.000000000000000e+00,0.000000000000000e+00,0.000000000000000e+00,1.000000000000000e+00,1714356 1714335 1714104 1714103
979,0,-1,0,1,1,2.333410924999995e-07,-8.289318319948634e-03,2.853241273882689e-02,0.000000000000000e+00,0.000000000000000e+00,0.000000000000000e+00,1.000000000000000e+00,877967 1714325 1714330 1714366
980,0,-1,0,1,1,1.862137504999999e-07,-8.602091964928128e-03,2.792118882575260e-02,0.000000000000000e+00,0.000000000000000e+00,0.000000000000000e+00,1.000000000000000e+00,1714325 1714360 1714361 1714340
981,0,-1,0,1,1,2.476569999999999e-07,-3.244642509586107e-03,2.864159717109685e-02,0.000000000000000e+00,0.000000000000000e+00,0.000000000000000e+00,1.000000000000000e+00,1714347 1714352 1714292 1714293
982,0,-1,0,1,1,2.910403720000009e-07,-5.234680361977546e-03,2.831358992011733e-02,0.000000000000000e+00,0.000000000000000e+00,0.000000000000000e+00,1.000000000000000e+00,1714288 1714289 1714337 1714354
983,0,-1,0,1,1,2.502162064999993e-07,-6.698169157788087e-03,2.797576126520206e-02,0.000000000000000e+00,0.000000000000000e+00,0.000000000000000e+00,1.000000000000000e+00,1714327 1714339 1714285 1714286
984,0,-1,0,1,1,2.101538075000003e-07,-8.129385122791941e-03,2.762451236868209e-02,0.000000000000000e+00,0.000000000000000e+00,0.000000000000000e+00,1.000000000000000e+00,1714340 1714282 1714283 1714329
985,0,-1,0,1,1,2.200814150000005e-07,-7.659476359157117e-03,2.775079005391406e-02,0.000000000000000e+00,0.000000000000000e+00,0.000000000000000e+00,1.000000000000000e+00,1714283 1714284 1714338 1714329
986,0,-1,0,1,1,3.588317010000004e-07,-4.781326622618887e-03,2.954505579074566e-02,0.000000000000000e+00,0.000000000000000e+00,0.000000000000000e+00,1.000000000000000e+00,1714153 1714152 1714326 1714343
987,0,-1,0,1,1,2.487627900000000e-07,-9.189568686494473e-03,2.727789340498232e-02,0.000000000000000e+00,0.000000000000000e+00,0.000000000000000e+00,1.000000000000000e+00,1714358 1714280 1714281 1714362
988,0,-1,0,1,1,2.668871445000004e-07,-4.243056198585373e-03,2.849647264030434e-02,0.000000000000000e+00,0.000000000000000e+00,0.000000000000000e+00,1.000000000000000e+00,1714291 1714351 1714342 1714290
989,0,-1,0,1,1,3.046345404696495e-07,-3.148659325410211e-04,2.975793393208009e-02,0.000000000000000e+00,0.000000000000000e+00,0.000000000000000e+00,1.000000000000000e+00,1714158 1714356 1714103 1713913
990,0,-1,0,1,1,3.066849984999999e-07,-2.630059038922444e-03,2.966847881129487e-02,0.000000000000000e+00,0.000000000000000e+00,0.000000000000000e+00,1.000000000000000e+00,1714349 1714367 1714156 1714155
991,0,-1,0,1,1,2.742752080000006e-07,-8.794610520620711e-03,2.832405074870809e-02,0.000000000000000e+00,0.000000000000000e+00,0.000000000000000e+00,1.000000000000000e+00,1714325 877967 877966 1714360
992,0,-1,0,1,1,3.153700340000008e-07,-7.519877674170506e-03,2.927587631061908e-02,0.000000000000000e+00,0.000000000000000e+00,0.000000000000000e+00,1.000000000000000e+00,1714365 1714350 877939 877968
993,0,-1,0,1,1,2.298844800000010e-07,-1.144578333333333e-02,2.633551666666667e-02,0.000000000000000e+00,0.000000000000000e+00,0.000000000000000e+00,1.000000000000000e+00,1714275 1714276 877963 877962
994,0,-1,0,1,1,3.230001004999990e-07,-3.927794560023141e-03,2.960733808560745e-02,0.000000000000000e+00,0.000000000000000e+00,0.000000000000000e+00,1.000000000000000e+00,1714344 1714348 1714154 1714153
995,0,-1,0,1,1,2.980668880000001e-07,-4.790948025457382e-03,2.896661283226915e-02,0.000000000000000e+00,0.000000000000000e+00,0.000000000000000e+00,1.000000000000000e+00,1714342 1714343 1714326 1714337
996,0,-1,0,1,1,2.128573460000007e-07,-8.184006358959800e-03,2.807668917811431e-02,0.000000000000000e+00,0.000000000000000e+00,0.000000000000000e+00,1.000000000000000e+00,1714329 1714330 1714325 1714340
997,0,-1,0,1,1,3.448551450000006e-07,-1.088642577487716e-02,2.667614613285094e-02,0.000000000000000e+00,0.000000000000000e+00,0.000000000000000e+00,1.000000000000000e+00,1714276 1714277 877964 877963
998,0,-1,0,1,1,2.431789290000001e-07,-1.014714493380134e-02,2.731480756722800e-02,0.000000000000000e+00,0.000000000000000e+00,0.000000000000000e+00,1.000000000000000e+00,1714359 877965 877964 1714324
999,0,-1,0,1,1,2.435318850000003e-07,-1.044052868458409e-02,2.680646486348800e-02,0.000000000000000e+00,0.000000000000000e+00,0.000000000000000e+00,1.000000000000000e+00,877964 1714277 1714278 1714324
1000,0,-1,0,1,1,1.849190004999997e-07,-1.000190644350316e-02,2.690424537929594e-02,0.000000000000000e+00,0.000000000000000e+00,0.000000000000000e+00,1.000000000000000e+00,1714278 1714279 1714359 1714324
1001,0,-1,0,1,1,2.463953770000006e-06,-3.583519135541383e-02,2.135917746967279e-02,0.000000000000000e+00,0.000000000000000e+00,0.000000000000000e+00,1.000000000000000e+00,1715061 1715060 1715111 1715066
1002,0,-1,0,1,1,2.391155360000006e-06,-3.529833888085807e-02,2.243687652760700e-02,0.000000000000000e+00,0.000000000000000e+00,0.000000000000000e+00,1.000000000000000e+00,1715066 1715111 1715110 1715065
1003,0,-1,0,1,1,2.623305789999998e-06,-3.464297116965295e-02,2.349039295385144e-02,0.000000000000000e+00,0.000000000000000e+00,0.000000000000000e+00,1.000000000000000e+00,1715065 1715110 1715109 1715064
1004,0,-1,0,1,1,2.466479139999993e-06,-3.410544407393935e-02,2.457989294570804e-02,0.000000000000000e+00,0.000000000000000e+00,0.000000000000000e+00,1.000000000000000e+00,1715064 1715109 1715108 1715063
1005,0,-1,0,1,1,2.045964024999998e-06,-3.366907877073825e-02,2.578309344892318e-02,0.000000000000000e+00,0.000000000000000e+00,0.000000000000000e+00,1.000000000000000e+00,1715063 1715108 1715107 1715062
1006,0,-1,0,1,1,1.122020774999996e-06,-3.338148524975782e-02,2.694098610785438e-02,0.000000000000000e+00,0.000000000000000e+00,0.000000000000000e+00,1.000000000000000e+00,1715062 1715107 878974 878975
1007,0,-1,0,1,1,2.120941180000004e-06,-3.411245847853263e-02,2.032849790337735e-02,0.000000000000000e+00,0.000000000000000e+00,0.000000000000000e+00,1.000000000000000e+00,1715060 1715059 1715106 1715111
1008,0,-1,0,1,1,2.101097585000000e-06,-3.370267762369163e-02,2.141078277328109e-02,0.000000000000000e+00,0.000000000000000e+00,0.000000000000000e+00,1.000000000000000e+00,1715111 1715106 1715105 1715110
1009,0,-1,0,1,1,2.046651060000006e-06,-3.311115790435620e-02,2.241135024881770e-02,0.000000000000000e+00,0.000000000000000e+00,0.000000000000000e+00,1.000000000000000e+00,1715110 1715105 1715104 1715109
1010,0,-1,0,1,1,2.038936749999993e-06,-3.246375382674736e-02,2.382025905878803e-02,0.000000000000000e+00,0.000000000000000e+00,0.000000000000000e+00,1.000000000000000e+00,1715109 1715101 1715103 1715108
1011,0,-1,0,1,1,2.343816090000000e-06,-3.218192020809989e-02,2.503942460237613e-02,0.000000000000000e+00,0.000000000000000e+00,0.000000000000000e+00,1.000000000000000e+00,1715108 1715103 1715102 1715107
1012,0,-1,0,1,1,2.039853420000001e-06,-3.210137419476641e-02,2.636179557570857e-02,0.000000000000000e+00,0.000000000000000e+00,0.000000000000000e+00,1.000000000000000e+00,1715107 1715102 879006 878974
1013,0,-1,0,1,1,1.895851845000004e-06,-3.251895003197872e-02,1.938819891722473e-02,0.000000000000000e+00,0.000000000000000e+00,0.000000000000000e+00,1.000000000000000e+00,1715059 1715058 1715100 1715106
1014,0,-1,0,1,1,1.908115449999996e-06,-3.219437855574182e-02,2.044879637727336e-02,0.000000000000000e+00,0.000000000000000e+00,0.000000000000000e+00,1.000000000000000e+00,1715106 1715100 1715099 1715105
1015,0,-1,0,1,1,1.925202800000000e-06,-3.162031096744995e-02,2.135864321423870e-02,0.000000000000000e+00,0.000000000000000e+00,0.000000000000000e+00,1.000000000000000e+00,1715105 1715099 1715098 1715104
1016,0,-1,0,1,1,1.631178389999998e-06,-3.111613757888859e-02,2.215022766139392e-02,0.000000000000000e+00,0.000000000000000e+00,0.000000000000000e+00,1.000000000000000e+00,1715104 1715098 1715097 1715101
1017,0,-1,0,1,1,1.840475524999998e-06,-3.082544514115177e-02,2.308687286526336e-02,0.000000000000000e+00,0.000000000000000e+00,0.000000000000000e+00,1.000000000000000e+00,1715101 1715097 1715096 1715103
1018,0,-1,0,1,1,2.123316295000002e-06,-3.057190934478888e-02,2.419342737549471e-02,0.000000000000000e+00,0.000000000000000e+00,0.000000000000000e+00,1.000000000000000e+00,1715103 1715096 1715095 1715102
1019,0,-1,0,1,1,2.014053965000002e-06,-3.044147342416477e-02,2.541145443243283e-02,0.000000000000000e+00,0.000000000000000e+00,0.000000000000000e+00,1.000000000000000e+00,1715102 1715095 879005 879006
1020,0,-1,0,1,1,1.655193925000001e-06,-3.105181598784062e-02,1.851496382806877e-02,0.000000000000000e+00,0.000000000000000e+00,0.000000000000000e+00,1.000000000000000e+00,1715058 1715057 1715094 1715100
1021,0,-1,0,1,1,1.770527830000004e-06,-3.073399633132473e-02,1.953205454275783e-02,0.000000000000000e+00,0.000000000000000e+00,0.000000000000000e+00,1.000000000000000e+00,1715100 1715094 1715093 1715099
1022,0,-1,0,1,1,1.943056124999999e-06,-3.005926642898954e-02,2.037042808960807e-02,0.000000000000000e+00,0.000000000000000e+00,0.000000000000000e+00,1.000000000000000e+00,1715099 1715093 1715092 1715098
1023,0,-1,0,1,1,1.854067070000000e-06,-2.954541840426139e-02,2.126587649769802e-02,0.000000000000000e+00,0.000000000000000e+00,0.000000000000000e+00,1.000000000000000e+00,1715098 1715092 1715091 1715097
1024,0,-1,0,1,1,1.798343900000001e-06,-2.924480026370188e-02,2.228897625139812e-02,0.000000000000000e+00,0.000000000000000e+00,0.000000000000000e+00,1.000000000000000e+00,1715097 1715091 1715090 1715096
1025,0,-1,0,1,1,2.087078815000000e-06,-2.894899430990200e-02,2.334524158077143e-02,0.000000000000000e+00,0.000000000000000e+00,0.000000000000000e+00,1.000000000000000e+00,1715096 1715090 1715089 1715095
1026,0,-1,0,1,1,2.019314805000004e-06,-2.874520259359857e-02,2.444530916899334e-02,0.000000000000000e+00,0.000000000000000e+00,0.000000000000000e+00,1.000000000000000e+00,1715095 1715089 879004 879005
1027,0,-1,0,1,1,1.422008314999999e-06,-2.970975024837332e-02,1.770880075410096e-02,0.000000000000000e+00,0.000000000000000e+00,0.000000000000000e+00,1.000000000000000e+00,1715057 1715056 1715088 1715094
1028,0,-1,0,1,1,1.513753824999997e-06,-2.939935448218603e-02,1.867063824741450e-02,0.000000000000000e+00,0.000000000000000e+00,0.000000000000000e+00,1.000000000000000e+00,1715094 1715088 1715087 1715093
1029,0,-1,0,1,1,1.439612000000000e-06,-2.879987787392900e-02,1.948155135970433e-02,0.000000000000000e+00,0.000000000000000e+00,0.000000000000000e+00,1.000000000000000e+00,1715093 1715087 1715086 1715092
1030,0,-1,0,1,1,1.563059479999998e-06,-2.807509131228838e-02,2.060750884928746e-02,0.000000000000000e+00,0.000000000000000e+00,0.000000000000000e+00,1.000000000000000e+00,1715092 1715082 1715085 1715091
1031,0,-1,0,1,1,1.548337935000000e-06,-2.777208169756354e-02,2.156426798473766e-02,0.000000000000000e+00,0.000000000000000e+00,0.000000000000000e+00,1.000000000000000e+00,1715091 1715085 1715084 1715090
1032,0,-1,0,1,1,1.559665759999999e-06,-2.745916140282069e-02,2.255529391703750e-02,0.000000000000000e+00,0.000000000000000e+00,0.000000000000000e+00,1.000000000000000e+00,1715090 1715084 1715083 1715089
1033,0,-1,0,1,1,1.741739644999997e-06,-2.709389874094299e-02,2.353326927762817e-02,0.000000000000000e+00,0.000000000000000e+00,0.000000000000000e+00,1.000000000000000e+00,1715089 1715083 879003 879004
1034,0,-1,0,1,1,1.228017655000002e-06,-2.849154486028175e-02,1.697779536558671e-02,0.000000000000000e+00,0.000000000000000e+00,0.000000000000000e+00,1.000000000000000e+00,1715056 1715055 1715081 1715088
1035,0,-1,0,1,1,1.277788689999998e-06,-2.820831212507106e-02,1.788206679568565e-02,0.000000000000000e+00,0.000000000000000e+00,0.000000000000000e+00,1.000000000000000e+00,1715088 1715081 1715080 1715087
1036,0,-1,0,1,1,1.181985654999999e-06,-2.769789620929989e-02,1.862888530912021e-02,0.000000000000000e+00,0.000000000000000e+00,0.000000000000000e+00,1.000000000000000e+00,1715087 1715080 1715079 1715086
1037,0,-1,0,1,1,1.058676585000000e-06,-2.709512532333092e-02,1.922538620721833e-02,0.000000000000000e+00,0.000000000000000e+00,0.000000000000000e+00,1.000000000000000e+00,1715086 1715079 1715078 1715082
1038,0,-1,0,1,1,1.344552029999997e-06,-2.671868953706536e-02,1.998265619616594e-02,0.000000000000000e+00,0.000000000000000e+00,0.000000000000000e+00,1.000000000000000e+00,1715082 1715078 1715077 1715085
1039,0,-1,0,1,1,1.435897809999997e-06,-2.639299437809320e-02,2.089737280604506e-02,0.000000000000000e+00,0.000000000000000e+00,0.000000000000000e+00,1.000000000000000e+00,1715085 1715077 1715076 1715084
1040,0,-1,0,1,1,1.595228670000004e-06,-2.607188502851444e-02,2.181638785796083e-02,0.000000000000000e+00,0.000000000000000e+00,0.000000000000000e+00,1.000000000000000e+00,1715084 1715076 1715075 1715083
1041,0,-1,0,1,1,1.763293709999997e-06,-2.551894817711963e-02,2.262930070825638e-02,0.000000000000000e+00,0.000000000000000e+00,0.000000000000000e+00,1.000000000000000e+00,1715083 1715075 878973 879003
1042,0,-1,0,1,1,1.068955545000002e-06,-2.736943524405592e-02,1.629644403300654e-02,0.000000000000000e+00,0.000000000000000e+00,0.000000000000000e+00,1.000000000000000e+00,1715055 1715054 1715074 1715081
1043,0,-1,0,1,1,1.172287484999999e-06,-2.707199068009670e-02,1.709916810951966e-02,0.000000000000000e+00,0.000000000000000e+00,0.000000000000000e+00,1.000000000000000e+00,1715081 1715074 1715073 1715080
1044,0,-1,0,1,1,1.194999769999998e-06,-2.660561774059421e-02,1.779478123481787e-02,0.000000000000000e+00,0.000000000000000e+00,0.000000000000000e+00,1.000000000000000e+00,1715080 1715073 1715072 1715079
1045,0,-1,0,1,1,1.034479549999999e-06,-2.609672713743834e-02,1.842614965651730e-02,0.000000000000000e+00,0.000000000000000e+00,0.000000000000000e+00,1.000000000000000e+00,1715079 1715072 1715071 1715078
1046,0,-1,0,1,1,1.139852625000004e-06,-2.552335882606973e-02,1.939901465965466e-02,0.000000000000000e+00,0.000000000000000e+00,0.000000000000000e+00,1.000000000000000e+00,1715078 1715067 1715070 1715077
1047,0,-1,0,1,1,1.402474500000000e-06,-2.507795605833927e-02,2.018474626111871e-02,0.000000000000000e+00,0.000000000000000e+00,0.000000000000000e+00,1.000000000000000e+00,1715077 1715070 1715069 1715076
1048,0,-1,0,1,1,1.543747484999999e-06,-2.466199131406876e-02,2.105624270724302e-02,0.000000000000000e+00,0.000000000000000e+00,0.000000000000000e+00,1.000000000000000e+00,1715076 1715069 1715068 1715075
1049,0,-1,0,1,1,1.277906865000000e-06,-2.412659953183247e-02,2.181152311570531e-02,0.000000000000000e+00,0.000000000000000e+00,0.000000000000000e+00,1.000000000000000e+00,1715075 1715068 879007 878973
1050,0,-1,0,1,1,9.250907500000004e-07,-2.630465721858423e-02,1.564281051577120e-02,0.000000000000000e+00,0.000000000000000e+00,0.000000000000000e+00,1.000000000000000e+00,1715054 1715044 1715053 1715074
1051,0,-1,0,1,1,1.023195870000000e-06,-2.595488962753534e-02,1.631285154009662e-02,0.000000000000000e+00,0.000000000000000e+00,0.000000000000000e+00,1.000000000000000e+00,1715074 1715053 1715052 1715073
1052,0,-1,0,1,1,1.013191430000000e-06,-2.553606297560274e-02,1.695447678673351e-02,0.000000000000000e+00,0.000000000000000e+00,0.000000000000000e+00,1.000000000000000e+00,1715073 1715052 1715051 1715072
1053,0,-1,0,1,1,8.931403000000002e-07,-2.510313935697916e-02,1.755745533252260e-02,0.000000000000000e+00,0.000000000000000e+00,0.000000000000000e+00,1.000000000000000e+00,1715072 1715051 1715050 1715071
1054,0,-1,0,1,1,8.253468799999986e-07,-2.472271339525025e-02,1.813054397948170e-02,0.000000000000000e+00,0.000000000000000e+00,0.000000000000000e+00,1.000000000000000e+00,1715071 1715050 1715049 1715067
1055,0,-1,0,1,1,9.835486849999982e-07,-2.438638625568275e-02,1.875746708478357e-02,0.000000000000000e+00,0.000000000000000e+00,0.000000000000000e+00,1.000000000000000e+00,1715067 1715049 1715048 1715070
1056,0,-1,0,1,1,1.069693855000001e-06,-2.396430255572594e-02,1.943722613462771e-02,0.000000000000000e+00,0.000000000000000e+00,0.000000000000000e+00,1.000000000000000e+00,1715070 1715048 1715047 1715069
1057,0,-1,0,1,1,1.180417735000005e-06,-2.335588530989879e-02,2.049044544925050e-02,0.000000000000000e+00,0.000000000000000e+00,0.000000000000000e+00,1.000000000000000e+00,1715069 1715046 1715045 1715068
1058,0,-1,0,1,1,1.071245249999999e-06,-2.290446264200005e-02,2.117593036205995e-02,0.000000000000000e+00,0.000000000000000e+00,0.000000000000000e+00,1.000000000000000e+00,879007 1715068 1715045 878972
1059,0,-1,0,1,1,2.430443709999998e-06,-3.752739059046890e-02,2.241553603905903e-02,0.000000000000000e+00,0.000000000000000e+00,0.000000000000000e+00,1.000000000000000e+00,1715061 1715066 1715181 1715117
1060,0,-1,0,1,1,2.747972000000002e-06,-3.910970288952240e-02,2.342711015710641e-02,0.000000000000000e+00,0.000000000000000e+00,0.000000000000000e+00,1.000000000000000e+00,1715117 1715181 1715180 1715118
1061,0,-1,0,1,1,3.066312154999999e-06,-4.068802596955287e-02,2.443604607892435e-02,0.000000000000000e+00,0.000000000000000e+00,0.000000000000000e+00,1.000000000000000e+00,1715118 1715180 1715179 1715119
1062,0,-1,0,1,1,3.345670834999997e-06,-4.227213735583679e-02,2.543629657439815e-02,0.000000000000000e+00,0.000000000000000e+00,0.000000000000000e+00,1.000000000000000e+00,1715119 1715179 1715178 1715120
1063,0,-1,0,1,1,3.622572470000009e-06,-4.385920021917297e-02,2.643829726534801e-02,0.000000000000000e+00,0.000000000000000e+00,0.000000000000000e+00,1.000000000000000e+00,1715120 1715178 1715177 1715121
1064,0,-1,0,1,1,3.920289144999993e-06,-4.544139103495477e-02,2.744353361194267e-02,0.000000000000000e+00,0.000000000000000e+00,0.000000000000000e+00,1.000000000000000e+00,1715121 1715177 878859 878853
1065,0,-1,0,1,1,2.444919124999994e-06,-3.690048252728707e-02,2.355935111598119e-02,0.000000000000000e+00,0.000000000000000e+00,0.000000000000000e+00,1.000000000000000e+00,1715066 1715065 1715176 1715181
1066,0,-1,0,1,1,2.765324559999999e-06,-3.839156277814589e-02,2.471520739687834e-02,0.000000000000000e+00,0.000000000000000e+00,0.000000000000000e+00,1.000000000000000e+00,1715181 1715176 1715175 1715180
1067,0,-1,0,1,1,3.101693370000001e-06,-3.988499343000423e-02,2.587740897798971e-02,0.000000000000000e+00,0.000000000000000e+00,0.000000000000000e+00,1.000000000000000e+00,1715180 1715175 1715174 1715179
1068,0,-1,0,1,1,3.431149649999991e-06,-4.138462277864836e-02,2.701534526800689e-02,0.000000000000000e+00,0.000000000000000e+00,0.000000000000000e+00,1.000000000000000e+00,1715179 1715174 1715173 1715178
1069,0,-1,0,1,1,3.705478500000013e-06,-4.289112506711887e-02,2.814297225957394e-02,0.000000000000000e+00,0.000000000000000e+00,0.000000000000000e+00,1.000000000000000e+00,1715178 1715173 1715172 1715177
1070,0,-1,0,1,1,3.932416525000003e-06,-4.439261807708442e-02,2.926640499977881e-02,0.000000000000000e+00,0.000000000000000e+00,0.000000000000000e+00,1.000000000000000e+00,1715177 1715172 878858 878859
1071,0,-1,0,1,1,2.461228845000004e-06,-3.626744122957469e-02,2.471449416912287e-02,0.000000000000000e+00,0.000000000000000e+00,0.000000000000000e+00,1.000000000000000e+00,1715065 1715064 1715171 1715176
1072,0,-1,0,1,1,2.819979189999992e-06,-3.766112545874545e-02,2.602579398070688e-02,0.000000000000000e+00,0.000000000000000e+00,0.000000000000000e+00,1.000000000000000e+00,1715176 1715171 1715170 1715175
1073,0,-1,0,1,1,3.167270979999996e-06,-3.905225895867353e-02,2.733446752381993e-02,0.000000000000000e+00,0.000000000000000e+00,0.000000000000000e+00,1.000000000000000e+00,1715175 1715170 1715169 1715174
1074,0,-1,0,1,1,3.468198424999997e-06,-4.046537287037511e-02,2.861439169173916e-02,0.000000000000000e+00,0.000000000000000e+00,0.000000000000000e+00,1.000000000000000e+00,1715174 1715169 1715168 1715173
1075,0,-1,0,1,1,3.713532994999989e-06,-4.190013661630820e-02,2.986462823098030e-02,0.000000000000000e+00,0.000000000000000e+00,0.000000000000000e+00,1.000000000000000e+00,1715173 1715168 1715167 1715172
1076,0,-1,0,1,1,3.919531415000006e-06,-4.333676652472921e-02,3.109988569110902e-02,0.000000000000000e+00,0.000000000000000e+00,0.000000000000000e+00,1.000000000000000e+00,1715172 1715167 878857 878858
1077,0,-1,0,1,1,2.470902540000004e-06,-3.562265481446509e-02,2.587822231339646e-02,0.000000000000000e+00,0.000000000000000e+00,0.000000000000000e+00,1.000000000000000e+00,1715064 1715063 1715166 1715171
1078,0,-1,0,1,1,2.878018560000003e-06,-3.689399206364083e-02,2.736252922194116e-02,0.000000000000000e+00,0.000000000000000e+00,0.000000000000000e+00,1.000000000000000e+00,1715171 1715166 1715165 1715170
1079,0,-1,0,1,1,3.225435530000010e-06,-3.817939855670179e-02,2.881434488057814e-02,0.000000000000000e+00,0.000000000000000e+00,0.000000000000000e+00,1.000000000000000e+00,1715170 1715165 1715164 1715169
1080,0,-1,0,1,1,3.532778860000008e-06,-3.950992656144064e-02,3.022074892892022e-02,0.000000000000000e+00,0.000000000000000e+00,0.000000000000000e+00,1.000000000000000e+00,1715169 1715164 1715163 1715168
1081,0,-1,0,1,1,3.802357264999992e-06,-4.087830021295220e-02,3.158545699222283e-02,0.000000000000000e+00,0.000000000000000e+00,0.000000000000000e+00,1.000000000000000e+00,1715168 1715163 1715162 1715167
1082,0,-1,0,1,1,3.980564445000001e-06,-4.226907252263404e-02,3.292795510411551e-02,0.000000000000000e+00,0.000000000000000e+00,0.000000000000000e+00,1.000000000000000e+00,1715167 1715162 878856 878857
1083,0,-1,0,1,1,2.453284250000004e-06,-3.496408358303432e-02,2.705308746257865e-02,0.000000000000000e+00,0.000000000000000e+00,0.000000000000000e+00,1.000000000000000e+00,1715063 1715062 1715161 1715166
1084,0,-1,0,1,1,2.894806534999994e-06,-3.609721455953308e-02,2.872036932777893e-02,0.000000000000000e+00,0.000000000000000e+00,0.000000000000000e+00,1.000000000000000e+00,1715166 1715161 1715160 1715165
1085,0,-1,0,1,1,3.298290899999992e-06,-3.726767869615018e-02,3.031934464685756e-02,0.000000000000000e+00,0.000000000000000e+00,0.000000000000000e+00,1.000000000000000e+00,1715165 1715160 1715159 1715164
1086,0,-1,0,1,1,3.621897055000001e-06,-3.851175101787683e-02,3.184692569351358e-02,0.000000000000000e+00,0.000000000000000e+00,0.000000000000000e+00,1.000000000000000e+00,1715164 1715159 1715158 1715163
1087,0,-1,0,1,1,3.899642930000009e-06,-3.982635837408990e-02,3.331845985764462e-02,0.000000000000000e+00,0.000000000000000e+00,0.000000000000000e+00,1.000000000000000e+00,1715163 1715158 1715157 1715162
1088,0,-1,0,1,1,4.071603720000011e-06,-4.119017601362443e-02,3.476009437528791e-02,0.000000000000000e+00,0.000000000000000e+00,0.000000000000000e+00,1.000000000000000e+00,1715162 1715157 878855 878856
1089,0,-1,0,1,1,2.357223950000001e-06,-3.430984326681568e-02,2.820928719909281e-02,0.000000000000000e+00,0.000000000000000e+00,0.000000000000000e+00,1.000000000000000e+00,1715062 878975 1715156 1715161
1090,0,-1,0,1,1,2.770097380000012e-06,-3.528814699127943e-02,3.008978554916434e-02,0.000000000000000e+00,0.000000000000000e+00,0.000000000000000e+00,1.000000000000000e+00,1715161 1715156 1715155 1715160
1091,0,-1,0,1,1,3.413236490000007e-06,-3.629045517553615e-02,3.184061096073647e-02,0.000000000000000e+00,0.000000000000000e+00,0.000000000000000e+00,1.000000000000000e+00,1715160 1715155 1715154 1715159
1092,0,-1,0,1,1,3.783837079999998e-06,-3.745641896781120e-02,3.348880396625128e-02,0.000000000000000e+00,0.000000000000000e+00,0.000000000000000e+00,1.000000000000000e+00,1715159 1715154 1715153 1715158
1093,0,-1,0,1,1,4.023846964999993e-06,-3.874172826321545e-02,3.506138032008502e-02,0.000000000000000e+00,0.000000000000000e+00,0.000000000000000e+00,1.000000000000000e+00,1715158 1715153 1715152 1715157
1094,0,-1,0,1,1,4.211417319999991e-06,-4.009827456080781e-02,3.659419861768216e-02,0.000000000000000e+00,0.000000000000000e+00,0.000000000000000e+00,1.000000000000000e+00,1715157 1715152 878854 878855
1095,0,-1,0,1,1,3.708039049999991e-06,-3.343655284413379e-02,2.963555024557962e-02,0.000000000000000e+00,0.000000000000000e+00,0.000000000000000e+00,1.000000000000000e+00,878975 879014 1715151 1715156
1096,0,-1,0,1,1,3.526537440000001e-06,-3.427653645442200e-02,3.154866867686962e-02,0.000000000000000e+00,0.000000000000000e+00,0.000000000000000e+00,1.000000000000000e+00,1715156 1715151 1715150 1715155
1097,0,-1,0,1,1,3.698581444999996e-06,-3.519687209413454e-02,3.339768595378428e-02,0.000000000000000e+00,0.000000000000000e+00,0.000000000000000e+00,1.000000000000000e+00,1715155 1715150 1715149 1715154
1098,0,-1,0,1,1,4.035174220000011e-06,-3.631393212625096e-02,3.513250340116707e-02,0.000000000000000e+00,0.000000000000000e+00,0.000000000000000e+00,1.000000000000000e+00,1715154 1715149 1715148 1715153
1099,0,-1,0,1,1,4.262001465000011e-06,-3.757971106159028e-02,3.679528182405106e-02,0.000000000000000e+00,0.000000000000000e+00,0.000000000000000e+00,1.000000000000000e+00,1715153 1715148 1715147 1715152
1100,0,-1,0,1,1,4.560248560000008e-06,-3.896096470367951e-02,3.842688141883214e-02,0.000000000000000e+00,0.000000000000000e+00,0.000000000000000e+00,1.000000000000000e+00,1715152 1715147 878860 878854
1101,0,-1,0,1,1,3.462438450000010e-06,-3.231962515943786e-02,3.142255978871682e-02,0.000000000000000e+00,0.000000000000000e+00,0.000000000000000e+00,1.000000000000000e+00,879014 879013 1715146 1715151
1102,0,-1,0,1,1,3.660992005000005e-06,-3.308616806094450e-02,3.325167832513772e-02,0.000000000000000e+00,0.000000000000000e+00,0.000000000000000e+00,1.000000000000000e+00,1715151 1715146 1715145 1715150
1103,0,-1,0,1,1,3.834927280000010e-06,-3.397520853377951e-02,3.502684052853565e-02,0.000000000000000e+00,0.000000000000000e+00,0.000000000000000e+00,1.000000000000000e+00,1715150 1715145 1715144 1715149
1104,0,-1,0,1,1,4.211215380000005e-06,-3.503029517419505e-02,3.675545506674513e-02,0.000000000000000e+00,0.000000000000000e+00,0.000000000000000e+00,1.000000000000000e+00,1715149 1715144 1715143 1715148
1105,0,-1,0,1,1,4.487884510000002e-06,-3.623830665304650e-02,3.844821841744386e-02,0.000000000000000e+00,0.000000000000000e+00,0.000000000000000e+00,1.000000000000000e+00,1715148 1715143 1715142 1715147
1106,0,-1,0,1,1,4.973603544999998e-06,-3.760554437808281e-02,4.012044218588405e-02,0.000000000000000e+00,0.000000000000000e+00,0.000000000000000e+00,1.000000000000000e+00,1715147 1715142 878865 878860
1107,0,-1,0,1,1,2.969862239999996e-06,-3.120279835224276e-02,3.317293394578599e-02,0.000000000000000e+00,0.000000000000000e+00,0.000000000000000e+00,1.000000000000000e+00,879013 879012 1715141 1715146
1108,0,-1,0,1,1,3.254430824999997e-06,-3.185665099034560e-02,3.493683324392599e-02,0.000000000000000e+00,0.000000000000000e+00,0.000000000000000e+00,1.000000000000000e+00,1715146 1715141 1715140 1715145
1109,0,-1,0,1,1,3.832152259999986e-06,-3.260512789887812e-02,3.665030839938863e-02,0.000000000000000e+00,0.000000000000000e+00,0.000000000000000e+00,1.000000000000000e+00,1715145 1715140 1715139 1715144
1110,0,-1,0,1,1,4.208525774999977e-06,-3.357192870906536e-02,3.833202834831802e-02,0.000000000000000e+00,0.000000000000000e+00,0.000000000000000e+00,1.000000000000000e+00,1715144 1715139 1715138 1715143
1111,0,-1,0,1,1,4.507033639999985e-06,-3.470049352793642e-02,4.000813828537129e-02,0.000000000000000e+00,0.000000000000000e+00,0.000000000000000e+00,1.000000000000000e+00,1715143 1715138 1715137 1715142
1112,0,-1,0,1,1,4.802819649999991e-06,-3.593991839422459e-02,4.167868372319616e-02,0.000000000000000e+00,0.000000000000000e+00,0.000000000000000e+00,1.000000000000000e+00,1715142 1715137 878864 878865
1113,0,-1,0,1,1,3.924663940000000e-06,-2.974542640160230e-02,3.482047432000603e-02,0.000000000000000e+00,0.000000000000000e+00,0.000000000000000e+00,1.000000000000000e+00,879012 879011 1715136 1715141
1114,0,-1,0,1,1,3.800594205000011e-06,-3.033004426424802e-02,3.649437504948532e-02,0.000000000000000e+00,0.000000000000000e+00,0.000000000000000e+00,1.000000000000000e+00,1715141 1715136 1715135 1715140
1115,0,-1,0,1,1,4.006436440000005e-06,-3.103986276347001e-02,3.817933238251064e-02,0.000000000000000e+00,0.000000000000000e+00,0.000000000000000e+00,1.000000000000000e+00,1715140 1715135 1715134 1715139
1116,0,-1,0,1,1,4.208671960000014e-06,-3.197630783359984e-02,3.983583451182132e-02,0.000000000000000e+00,0.000000000000000e+00,0.000000000000000e+00,1.000000000000000e+00,1715139 1715134 1715133 1715138
1117,0,-1,0,1,1,4.440992810000019e-06,-3.304529787490885e-02,4.149521135762493e-02,0.000000000000000e+00,0.000000000000000e+00,0.000000000000000e+00,1.000000000000000e+00,1715138 1715133 1715132 1715137
1118,0,-1,0,1,1,4.700402874999987e-06,-3.419658306085997e-02,4.316540423931816e-02,0.000000000000000e+00,0.000000000000000e+00,0.000000000000000e+00,1.000000000000000e+00,1715137 1715132 878863 878864
1119,0,-1,0,1,1,4.050838725000002e-06,-2.787988191895091e-02,3.635484170435334e-02,0.000000000000000e+00,0.000000000000000e+00,0.000000000000000e+00,1.000000000000000e+00,879011 879010 1715131 1715136
1120,0,-1,0,1,1,4.018691725000001e-06,-2.855818180726942e-02,3.796964337756997e-02,0.000000000000000e+00,0.000000000000000e+00,0.000000000000000e+00,1.000000000000000e+00,1715136 1715131 1715130 1715135
1121,0,-1,0,1,1,4.041115599999992e-06,-2.935120269870449e-02,3.962328929747969e-02,0.000000000000000e+00,0.000000000000000e+00,0.000000000000000e+00,1.000000000000000e+00,1715135 1715130 1715129 1715134
1122,0,-1,0,1,1,4.228338869999984e-06,-3.028149035924140e-02,4.126154794306832e-02,0.000000000000000e+00,0.000000000000000e+00,0.000000000000000e+00,1.000000000000000e+00,1715134 1715129 1715128 1715133
1123,0,-1,0,1,1,4.407705364999996e-06,-3.130053598801648e-02,4.290947030470998e-02,0.000000000000000e+00,0.000000000000000e+00,0.000000000000000e+00,1.000000000000000e+00,1715133 1715128 1715127 1715132
1124,0,-1,0,1,1,4.612015239999994e-06,-3.237896685696829e-02,4.457270182077665e-02,0.000000000000000e+00,0.000000000000000e+00,0.000000000000000e+00,1.000000000000000e+00,1715132 1715127 878862 878863
1125,0,-1,0,1,1,4.127007690000013e-06,-2.594283425919046e-02,3.779102945275296e-02,0.000000000000000e+00,0.000000000000000e+00,0.000000000000000e+00,1.000000000000000e+00,879010 879009 1715126 1715131
1126,0,-1,0,1,1,4.079996680000009e-06,-2.672960438470928e-02,3.938515514548376e-02,0.000000000000000e+00,0.000000000000000e+00,0.000000000000000e+00,1.000000000000000e+00,1715131 1715126 1715125 1715130
1127,0,-1,0,1,1,4.120825354999997e-06,-2.758151062799647e-02,4.099862015312553e-02,0.000000000000000e+00,0.000000000000000e+00,0.000000000000000e+00,1.000000000000000e+00,1715130 1715125 1715124 1715129
1128,0,-1,0,1,1,4.228622949999994e-06,-2.850072020723359e-02,4.262404862909899e-02,0.000000000000000e+00,0.000000000000000e+00,0.000000000000000e+00,1.000000000000000e+00,1715129 1715124 1715123 1715128
1129,0,-1,0,1,1,4.336278185000010e-06,-2.947887216495718e-02,4.425220813933874e-02,0.000000000000000e+00,0.000000000000000e+00,0.000000000000000e+00,1.000000000000000e+00,1715128 1715123 1715122 1715127
1130,0,-1,0,1,1,4.486952749999997e-06,-3.049832946007360e-02,4.589891434748597e-02,0.000000000000000e+00,0.000000000000000e+00,0.000000000000000e+00,1.000000000000000e+00,1715127 1715122 878861 878862
1131,0,-1,0,1,1,4.326054640000001e-06,-2.395904842840543e-02,3.912593028654071e-02,0.000000000000000e+00,0.000000000000000e+00,0.000000000000000e+00,1.000000000000000e+00,879009 877942 1714209 1715126
1132,0,-1,0,1,1,4.221143239999994e-06,-2.484040565545271e-02,4.072102759474446e-02,0.000000000000000e+00,0.000000000000000e+00,0.000000000000000e+00,1.000000000000000e+00,1715126 1714209 1714210 1715125
1133,0,-1,0,1,1,4.186920440000000e-06,-2.574249242227683e-02,4.232133496503633e-02,0.000000000000000e+00,0.000000000000000e+00,0.000000000000000e+00,1.000000000000000e+00,1715125 1714210 1714211 1715124
1134,0,-1,0,1,1,4.179878035000008e-06,-2.666471101415447e-02,4.393389772442702e-02,0.000000000000000e+00,0.000000000000000e+00,0.000000000000000e+00,1.000000000000000e+00,1715124 1714211 1714212 1715123
1135,0,-1,0,1,1,4.249002545000001e-06,-2.761081053832393e-02,4.554501308982922e-02,0.000000000000000e+00,0.000000000000000e+00,0.000000000000000e+00,1.000000000000000e+00,1715123 1714212 1714213 1715122
1136,0,-1,0,1,1,4.358171600000002e-06,-2.856999988017299e-02,4.716013677786957e-02,0.000000000000000e+00,0.000000000000000e+00,0.000000000000000e+00,1.000000000000000e+00,1715122 1714213 877748 878861
1137,0,-1,0,1,1,1.281053149999993e-07,-2.445579428785215e-02,1.440496340488813e-02,0.000000000000000e+00,0.000000000000000e+00,0.000000000000000e+00,1.000000000000000e+00,1715183 1715182 1715209 1715208
1138,0,-1,0,1,1,1.262892700000003e-07,-2.423365939324062e-02,1.427323306886906e-02,0.000000000000000e+00,0.000000000000000e+00,0.000000000000000e+00,1.000000000000000e+00,1715182 878976 878977 1715209
1139,0,-1,0,1,1,1.272826649999992e-07,-2.419338513046926e-02,1.482554395443009e-02,0.000000000000000e+00,0.000000000000000e+00,0.000000000000000e+00,1.000000000000000e+00,1715208 1715209 1715210 1715207
1140,0,-1,0,1,1,1.249001099999998e-07,-2.397613358722422e-02,1.469016571636326e-02,0.000000000000000e+00,0.000000000000000e+00,0.000000000000000e+00,1.000000000000000e+00,1715209 878977 878978 1715210
1141,0,-1,0,1,1,1.275501200000004e-07,-2.392994124603202e-02,1.524569157725868e-02,0.000000000000000e+00,0.000000000000000e+00,0.000000000000000e+00,1.000000000000000e+00,1715207 1715210 1715211 1715206
1142,0,-1,0,1,1,1.247750600000002e-07,-2.371563357362708e-02,1.510541968038591e-02,0.000000000000000e+00,0.000000000000000e+00,0.000000000000000e+00,1.000000000000000e+00,1715210 878978 878979 1715211
1143,0,-1,0,1,1,1.293327550000007e-07,-2.366515266177801e-02,1.566507172704496e-02,0.000000000000000e+00,0.000000000000000e+00,0.000000000000000e+00,1.000000000000000e+00,1715206 1715211 1715212 1715205
1144,0,-1,0,1,1,1.263245550000004e-07,-2.345101139654915e-02,1.551823713969149e-02,0.000000000000000e+00,0.000000000000000e+00,0.000000000000000e+00,1.000000000000000e+00,1715211 878979 878980 1715212
1145,0,-1,0,1,1,1.329474800000003e-07,-2.339878447000775e-02,1.608346000915048e-02,0.000000000000000e+00,0.000000000000000e+00,0.000000000000000e+00,1.000000000000000e+00,1715205 1715212 1715213 1715204
1146,0,-1,0,1,1,1.298716500000003e-07,-2.318165406264570e-02,1.592792499498543e-02,0.000000000000000e+00,0.000000000000000e+00,0.000000000000000e+00,1.000000000000000e+00,1715212 878980 878981 1715213
1147,0,-1,0,1,1,1.392752799999999e-07,-2.312993473670992e-02,1.650060383331246e-02,0.000000000000000e+00,0.000000000000000e+00,0.000000000000000e+00,1.000000000000000e+00,1715204 1715213 1715214 1715203
1148,0,-1,0,1,1,1.347729049999986e-07,-2.290691801938972e-02,1.633331491371726e-02,0.000000000000000e+00,0.000000000000000e+00,0.000000000000000e+00,1.000000000000000e+00,1715213 878981 878982 1715214
1149,0,-1,0,1,1,1.485443299999989e-07,-2.285301841579771e-02,1.691114326957257e-02,0.000000000000000e+00,0.000000000000000e+00,0.000000000000000e+00,1.000000000000000e+00,1715203 1715214 1715215 1715202
1150,0,-1,0,1,1,1.375320550000012e-07,-2.262435531171503e-02,1.673095471244261e-02,0.000000000000000e+00,0.000000000000000e+00,0.000000000000000e+00,1.000000000000000e+00,1715214 878982 878983 1715215
1151,0,-1,0,1,1,1.465693199999991e-07,-2.255700530214645e-02,1.729803084391740e-02,0.000000000000000e+00,0.000000000000000e+00,0.000000000000000e+00,1.000000000000000e+00,1715202 1715215 1715216 1715201
1152,0,-1,0,1,1,1.359309550000003e-07,-2.233080965098788e-02,1.712100540872754e-02,0.000000000000000e+00,0.000000000000000e+00,0.000000000000000e+00,1.000000000000000e+00,1715215 878983 878984 1715216
1153,0,-1,0,1,1,1.353930300000004e-07,-2.223562499590513e-02,1.767694697421894e-02,0.000000000000000e+00,0.000000000000000e+00,0.000000000000000e+00,1.000000000000000e+00,1715201 1715216 1715217 1715200
1154,0,-1,0,1,1,1.311217600000002e-07,-2.202742710078150e-02,1.750390257086746e-02,0.000000000000000e+00,0.000000000000000e+00,0.000000000000000e+00,1.000000000000000e+00,1715216 878984 878985 1715217
1155,0,-1,0,1,1,1.291411200000008e-07,-2.191092830942615e-02,1.805198855496995e-02,0.000000000000000e+00,0.000000000000000e+00,0.000000000000000e+00,1.000000000000000e+00,1715200 1715217 1715218 1715199
1156,0,-1,0,1,1,1.257005150000003e-07,-2.171579067863936e-02,1.788202186525648e-02,0.000000000000000e+00,0.000000000000000e+00,0.000000000000000e+00,1.000000000000000e+00,1715217 878985 878986 1715218
1157,0,-1,0,1,1,1.253946000000002e-07,-2.158430319024902e-02,1.842539991666307e-02,0.000000000000000e+00,0.000000000000000e+00,0.000000000000000e+00,1.000000000000000e+00,1715199 1715218 1715219 1715198
1158,0,-1,0,1,1,1.221098749999999e-07,-2.139867363620946e-02,1.825595585134563e-02,0.000000000000000e+00,0.000000000000000e+00,0.000000000000000e+00,1.000000000000000e+00,1715218 878986 878987 1715219
1159,0,-1,0,1,1,1.238918600000003e-07,-2.125597080707858e-02,1.879735256611693e-02,0.000000000000000e+00,0.000000000000000e+00,0.000000000000000e+00,1.000000000000000e+00,1715198 1715219 1715220 1715197
1160,0,-1,0,1,1,1.206241900000008e-07,-2.107649214411581e-02,1.862568548394536e-02,0.000000000000000e+00,0.000000000000000e+00,0.000000000000000e+00,1.000000000000000e+00,1715219 878987 878988 1715220
1161,0,-1,0,1,1,1.245383650000001e-07,-2.092601700049218e-02,1.916788750961869e-02,0.000000000000000e+00,0.000000000000000e+00,0.000000000000000e+00,1.000000000000000e+00,1715197 1715220 1715221 1715196
1162,0,-1,0,1,1,1.212845399999998e-07,-2.074937208399356e-02,1.899114749281318e-02,0.000000000000000e+00,0.000000000000000e+00,0.000000000000000e+00,1.000000000000000e+00,1715220 878988 878989 1715221
1163,0,-1,0,1,1,1.273453300000011e-07,-2.059447481588842e-02,1.953694387681904e-02,0.000000000000000e+00,0.000000000000000e+00,0.000000000000000e+00,1.000000000000000e+00,1715196 1715221 1715222 1715195
1164,0,-1,0,1,1,1.241776900000007e-07,-2.041748247462702e-02,1.935211990253106e-02,0.000000000000000e+00,0.000000000000000e+00,0.000000000000000e+00,1.000000000000000e+00,1715221 878989 878990 1715222
1165,0,-1,0,1,1,1.323313649999997e-07,-2.026134747621246e-02,1.990445957253974e-02,0.000000000000000e+00,0.000000000000000e+00,0.000000000000000e+00,1.000000000000000e+00,1715195 1715222 1715223 1715194
1166,0,-1,0,1,1,1.292118000000005e-07,-2.008088636827287e-02,1.970855272444157e-02,0.000000000000000e+00,0.000000000000000e+00,0.000000000000000e+00,1.000000000000000e+00,1715222 878990 878991 1715223
1167,0,-1,0,1,1,1.418004900000005e-07,-1.992426572768308e-02,2.026958522638391e-02,0.000000000000000e+00,0.000000000000000e+00,0.000000000000000e+00,1.000000000000000e+00,1715194 1715223 1715224 1715193
1168,0,-1,0,1,1,1.341774499999998e-07,-1.973899549381808e-02,2.005773042067302e-02,0.000000000000000e+00,0.000000000000000e+00,0.000000000000000e+00,1.000000000000000e+00,1715223 878991 878992 1715224
1169,0,-1,0,1,1,1.474091800000009e-07,-1.957758258192152e-02,2.061568668410384e-02,0.000000000000000e+00,0.000000000000000e+00,0.000000000000000e+00,1.000000000000000e+00,1715193 1715224 1715225 1715192
1170,0,-1,0,1,1,1.358281900000004e-07,-1.938901863099381e-02,2.039771945010212e-02,0.000000000000000e+00,0.000000000000000e+00,0.000000000000000e+00,1.000000000000000e+00,1715224 878992 878993 1715225
1171,0,-1,0,1,1,1.411588649999994e-07,-1.920947042541395e-02,2.094203210264548e-02,0.000000000000000e+00,0.000000000000000e+00,0.000000000000000e+00,1.000000000000000e+00,1715192 1715225 1715226 1715191
1172,0,-1,0,1,1,1.334100750000001e-07,-1.902989858224725e-02,2.072841738232663e-02,0.000000000000000e+00,0.000000000000000e+00,0.000000000000000e+00,1.000000000000000e+00,1715225 878993 878994 1715226
1173,0,-1,0,1,1,1.328465500000003e-07,-1.882782083433856e-02,2.125970933629815e-02,0.000000000000000e+00,0.000000000000000e+00,0.000000000000000e+00,1.000000000000000e+00,1715191 1715226 1715227 1715190
1174,0,-1,0,1,1,1.288091800000001e-07,-1.866253479156791e-02,2.105151230798923e-02,0.000000000000000e+00,0.000000000000000e+00,0.000000000000000e+00,1.000000000000000e+00,1715226 878994 878995 1715227
1175,0,-1,0,1,1,1.283633649999987e-07,-1.844404034108434e-02,2.157413454044436e-02,0.000000000000000e+00,0.000000000000000e+00,0.000000000000000e+00,1.000000000000000e+00,1715190 1715227 1715228 1715189
1176,0,-1,0,1,1,1.248342500000006e-07,-1.828890434331390e-02,2.136887825441870e-02,0.000000000000000e+00,0.000000000000000e+00,0.000000000000000e+00,1.000000000000000e+00,1715227 878995 878996 1715228
1177,0,-1,0,1,1,1.263000299999984e-07,-1.805871747963164e-02,2.188668111159593e-02,0.000000000000000e+00,0.000000000000000e+00,0.000000000000000e+00,1.000000000000000e+00,1715189 1715228 1715229 1715188
1178,0,-1,0,1,1,1.229567050000013e-07,-1.791064146016139e-02,2.168101906365876e-02,0.000000000000000e+00,0.000000000000000e+00,0.000000000000000e+00,1.000000000000000e+00,1715228 878996 878997 1715229
1179,0,-1,0,1,1,1.264056400000005e-07,-1.767203256424318e-02,2.219749515248423e-02,0.000000000000000e+00,0.000000000000000e+00,0.000000000000000e+00,1.000000000000000e+00,1715188 1715229 1715230 1715187
1180,0,-1,0,1,1,1.232213800000003e-07,-1.752827475975354e-02,2.198806968513365e-02,0.000000000000000e+00,0.000000000000000e+00,0.000000000000000e+00,1.000000000000000e+00,1715229 878997 878998 1715230
1181,0,-1,0,1,1,1.284996100000002e-07,-1.728413483017575e-02,2.250669907330717e-02,0.000000000000000e+00,0.000000000000000e+00,0.000000000000000e+00,1.000000000000000e+00,1715187 1715230 1715231 1715186
1182,0,-1,0,1,1,1.255680300000000e-07,-1.714212831340509e-02,2.229029317278053e-02,0.000000000000000e+00,0.000000000000000e+00,0.000000000000000e+00,1.000000000000000e+00,1715230 878998 878999 1715231
1183,0,-1,0,1,1,1.324169400000001e-07,-1.689526325797893e-02,2.281440249900051e-02,0.000000000000000e+00,0.000000000000000e+00,0.000000000000000e+00,1.000000000000000e+00,1715186 1715231 1715232 1715185
1184,0,-1,0,1,1,1.298207350000005e-07,-1.675275220238637e-02,2.258800406408499e-02,0.000000000000000e+00,0.000000000000000e+00,0.000000000000000e+00,1.000000000000000e+00,1715231 878999 879000 1715232
1185,0,-1,0,1,1,1.377992499999996e-07,-1.650561875596807e-02,2.312075762387435e-02,0.000000000000000e+00,0.000000000000000e+00,0.000000000000000e+00,1.000000000000000e+00,1715185 1715232 1715233 1715184
1186,0,-1,0,1,1,1.356454400000010e-07,-1.636075604904104e-02,2.288197430424249e-02,0.000000000000000e+00,0.000000000000000e+00,0.000000000000000e+00,1.000000000000000e+00,1715232 879000 879001 1715233
1187,0,-1,0,1,1,1.441745350000002e-07,-1.611556415521415e-02,2.342623197839226e-02,0.000000000000000e+00,0.000000000000000e+00,0.000000000000000e+00,1.000000000000000e+00,1715184 1715233 879002 878971
1188,0,-1,0,1,1,1.426078000000009e-07,-1.596701663359227e-02,2.317330415666838e-02,0.000000000000000e+00,0.000000000000000e+00,0.000000000000000e+00,1.000000000000000e+00,1715233 879001 878970 879002
1189,0,-1,0,1,1,3.348559649999990e-07,-1.930331539238221e-02,2.207935662636571e-02,0.000000000000000e+00,0.000000000000000e+00,0.000000000000000e+00,1.000000000000000e+00,1715274 1715270 879032 879033
1190,0,-1,0,1,1,1.937414599999990e-07,-1.963189791410935e-02,2.174600792442757e-02,0.000000000000000e+00,0.000000000000000e+00,0.000000000000000e+00,1.000000000000000e+00,1715274 879033 1715272 1715273
1191,0,-1,0,1,1,3.017081300000010e-07,-2.516992144644119e-02,1.585974156930022e-02,0.000000000000000e+00,0.000000000000000e+00,0.000000000000000e+00,1.000000000000000e+00,1715269 1715267 1715052 1715053
1192,0,-1,0,1,1,2.807046800000003e-07,-2.156378099697756e-02,1.906072275599632e-02,0.000000000000000e+00,0.000000000000000e+00,0.000000000000000e+00,1.000000000000000e+00,1715198 1715197 1715265 1715266
1193,0,-1,0,1,1,2.553287600000002e-07,-2.287864519267891e-02,1.753978933071751e-02,0.000000000000000e+00,0.000000000000000e+00,0.000000000000000e+00,1.000000000000000e+00,1715201 1715263 1715264 1715202
1194,0,-1,0,1,1,3.197463349999993e-07,-2.206457308988858e-02,2.075725393866933e-02,0.000000000000000e+00,0.000000000000000e+00,0.000000000000000e+00,1.000000000000000e+00,1715276 1715262 878972 1715045
1195,0,-1,0,1,1,3.207991399999990e-07,-2.402678101935062e-02,1.765708027704397e-02,0.000000000000000e+00,0.000000000000000e+00,0.000000000000000e+00,1.000000000000000e+00,1715261 1715260 1715049 1715050
1196,0,-1,0,1,1,2.707362850000008e-07,-2.360209666188076e-02,1.739289711819751e-02,0.000000000000000e+00,0.000000000000000e+00,0.000000000000000e+00,1.000000000000000e+00,1715261 1715259 1715264 1715260
1197,0,-1,0,1,1,2.633665249999993e-07,-2.389637882181496e-02,1.694076355858690e-02,0.000000000000000e+00,0.000000000000000e+00,0.000000000000000e+00,1.000000000000000e+00,1715258 1715259 1715261 1715279
1198,0,-1,0,1,1,2.456499799999988e-07,-2.372508407257486e-02,1.628055365435948e-02,0.000000000000000e+00,0.000000000000000e+00,0.000000000000000e+00,1.000000000000000e+00,1715258 1715257 1715205 1715204
1199,0,-1,0,1,1,2.553361500000016e-07,-2.299160637735002e-02,1.823432949524382e-02,0.000000000000000e+00,0.000000000000000e+00,0.000000000000000e+00,1.000000000000000e+00,1715256 1715263 1715254 1715255
1200,0,-1,0,1,1,2.467441949999999e-07,-2.398920147088972e-02,1.585945449553332e-02,0.000000000000000e+00,0.000000000000000e+00,0.000000000000000e+00,1.000000000000000e+00,1715206 1715205 1715257 1715253
1201,0,-1,0,1,1,2.551022250000005e-07,-2.442276970221448e-02,1.610574408918817e-02,0.000000000000000e+00,0.000000000000000e+00,0.000000000000000e+00,1.000000000000000e+00,1715253 1715257 1715280 1715267
1202,0,-1,0,1,1,2.325172799999999e-07,-2.415777381353478e-02,1.651801425081324e-02,0.000000000000000e+00,0.000000000000000e+00,0.000000000000000e+00,1.000000000000000e+00,1715279 1715280 1715257 1715258
1203,0,-1,0,1,1,2.011457100000000e-07,-1.865384595634180e-02,2.185602131614440e-02,0.000000000000000e+00,0.000000000000000e+00,0.000000000000000e+00,1.000000000000000e+00,1715189 1715271 1715270 1715190
1204,0,-1,0,1,1,2.008084249999999e-07,-1.949760915703363e-02,2.116187391006628e-02,0.000000000000000e+00,0.000000000000000e+00,0.000000000000000e+00,1.000000000000000e+00,1715273 1715252 1715192 1715191
1205,0,-1,0,1,1,2.370183599999994e-07,-2.054049435982934e-02,2.015084204977201e-02,0.000000000000000e+00,0.000000000000000e+00,0.000000000000000e+00,1.000000000000000e+00,1715195 1715194 1715250 1715251
1206,0,-1,0,1,1,2.804607099999980e-07,-2.223237768413979e-02,1.830546668330001e-02,0.000000000000000e+00,0.000000000000000e+00,0.000000000000000e+00,1.000000000000000e+00,1715249 1715254 1715200 1715199
1207,0,-1,0,1,1,2.468477750000000e-07,-2.451876980282349e-02,1.501664200564835e-02,0.000000000000000e+00,0.000000000000000e+00,0.000000000000000e+00,1.000000000000000e+00,1715248 1715247 1715208 1715207
1208,0,-1,0,1,1,2.473588400000008e-07,-2.478127044223822e-02,1.459575133999658e-02,0.000000000000000e+00,0.000000000000000e+00,0.000000000000000e+00,1.000000000000000e+00,1715183 1715208 1715247 1715235
1209,0,-1,0,1,1,2.336950900000000e-07,-2.199616173578287e-02,2.010451498754067e-02,0.000000000000000e+00,0.000000000000000e+00,0.000000000000000e+00,1.000000000000000e+00,1715276 1715275 1715245 1715246
1210,0,-1,0,1,1,3.026653750000013e-07,-2.241668388725227e-02,1.982202566090246e-02,0.000000000000000e+00,0.000000000000000e+00,0.000000000000000e+00,1.000000000000000e+00,1715245 1715275 1715046 1715244
1211,0,-1,0,1,1,3.038139800000002e-07,-2.483190572861723e-02,1.639432033486412e-02,0.000000000000000e+00,0.000000000000000e+00,0.000000000000000e+00,1.000000000000000e+00,1715267 1715280 1715051 1715052
1212,0,-1,0,1,1,2.154707250000014e-07,-2.055975019769313e-02,2.079407960192349e-02,0.000000000000000e+00,0.000000000000000e+00,0.000000000000000e+00,1.000000000000000e+00,1715250 1715241 1715242 1715243
1213,0,-1,0,1,1,2.357047400000001e-07,-2.091038654958460e-02,2.045805281371940e-02,0.000000000000000e+00,0.000000000000000e+00,0.000000000000000e+00,1.000000000000000e+00,1715240 1715251 1715250 1715243
1214,0,-1,0,1,1,2.490390599999987e-07,-2.126267676525923e-02,2.011400276413668e-02,0.000000000000000e+00,0.000000000000000e+00,0.000000000000000e+00,1.000000000000000e+00,1715239 1715251 1715240 1715246
1215,0,-1,0,1,1,2.432866450000002e-07,-2.127073881388420e-02,2.078036856390604e-02,0.000000000000000e+00,0.000000000000000e+00,0.000000000000000e+00,1.000000000000000e+00,1715240 1715243 1715277 1715262
1216,0,-1,0,1,1,2.574007600000006e-07,-2.164581358319998e-02,2.044730166608417e-02,0.000000000000000e+00,0.000000000000000e+00,0.000000000000000e+00,1.000000000000000e+00,1715262 1715276 1715246 1715240
1217,0,-1,0,1,1,2.586487349999994e-07,-2.161662259827020e-02,1.976491169623930e-02,0.000000000000000e+00,0.000000000000000e+00,0.000000000000000e+00,1.000000000000000e+00,1715265 1715239 1715246 1715245
1218,0,-1,0,1,1,2.905553949999998e-07,-2.199457476350651e-02,1.942520233648962e-02,0.000000000000000e+00,0.000000000000000e+00,0.000000000000000e+00,1.000000000000000e+00,1715244 1715266 1715265 1715245
1219,0,-1,0,1,1,4.001611500000000e-07,-2.282934309661246e-02,1.944608205874892e-02,0.000000000000000e+00,0.000000000000000e+00,0.000000000000000e+00,1.000000000000000e+00,1715244 1715046 1715047 1715238
1220,0,-1,0,1,1,2.742646500000010e-07,-2.329628288852392e-02,1.783858670212148e-02,0.000000000000000e+00,0.000000000000000e+00,0.000000000000000e+00,1.000000000000000e+00,1715260 1715264 1715263 1715256
1221,0,-1,0,1,1,2.496776400000008e-07,-2.345932072043576e-02,1.670534797043901e-02,0.000000000000000e+00,0.000000000000000e+00,0.000000000000000e+00,1.000000000000000e+00,1715259 1715258 1715204 1715203
1222,0,-1,0,1,1,2.019629300000011e-07,-2.089397319456182e-02,2.109225872449381e-02,0.000000000000000e+00,0.000000000000000e+00,0.000000000000000e+00,1.000000000000000e+00,1715242 1715278 1715277 1715243
1223,0,-1,0,1,1,2.613682750000004e-07,-2.121798739485948e-02,1.942368629003718e-02,0.000000000000000e+00,0.000000000000000e+00,0.000000000000000e+00,1.000000000000000e+00,1715196 1715239 1715265 1715197
1224,0,-1,0,1,1,2.278451250000003e-07,-2.494951313553011e-02,1.525911537373029e-02,0.000000000000000e+00,0.000000000000000e+00,0.000000000000000e+00,1.000000000000000e+00,1715268 1715247 1715248 1715269
1225,0,-1,0,1,1,2.540535899999994e-07,-2.469693645374388e-02,1.567140483061664e-02,0.000000000000000e+00,0.000000000000000e+00,0.000000000000000e+00,1.000000000000000e+00,1715253 1715267 1715269 1715248
1226,0,-1,0,1,1,2.480399750000005e-07,-2.425517201751116e-02,1.543695779739737e-02,0.000000000000000e+00,0.000000000000000e+00,0.000000000000000e+00,1.000000000000000e+00,1715253 1715248 1715207 1715206
1227,0,-1,0,1,1,3.187437599999995e-07,-2.235865212654830e-02,1.905239245865289e-02,0.000000000000000e+00,0.000000000000000e+00,0.000000000000000e+00,1.000000000000000e+00,1715266 1715244 1715238 1715249
1228,0,-1,0,1,1,2.540009849999988e-07,-2.520934257384409e-02,1.485074410920362e-02,0.000000000000000e+00,0.000000000000000e+00,0.000000000000000e+00,1.000000000000000e+00,1715268 1715234 1715235 1715247
1229,0,-1,0,1,1,2.333463599999998e-07,-2.056516131081710e-02,2.144497275723521e-02,0.000000000000000e+00,0.000000000000000e+00,0.000000000000000e+00,1.000000000000000e+00,879034 1715278 1715242 1715237
1230,0,-1,0,1,1,1.862317200000004e-07,-1.987940884402507e-02,2.141019182222019e-02,0.000000000000000e+00,0.000000000000000e+00,0.000000000000000e+00,1.000000000000000e+00,1715237 1715252 1715273 1715272
1231,0,-1,0,1,1,2.476668800000000e-07,-2.318202217037189e-02,1.713071449305952e-02,0.000000000000000e+00,0.000000000000000e+00,0.000000000000000e+00,1.000000000000000e+00,1715259 1715203 1715202 1715264
1232,0,-1,0,1,1,2.910528049999985e-07,-2.190297556093644e-02,1.869017952604969e-02,0.000000000000000e+00,0.000000000000000e+00,0.000000000000000e+00,1.000000000000000e+00,1715198 1715266 1715249 1715199
1233,0,-1,0,1,1,2.502206849999991e-07,-2.087865051266445e-02,1.978866658711889e-02,0.000000000000000e+00,0.000000000000000e+00,0.000000000000000e+00,1.000000000000000e+00,1715239 1715196 1715195 1715251
1234,0,-1,0,1,1,2.101449199999987e-07,-1.985884221701545e-02,2.085247942255912e-02,0.000000000000000e+00,0.000000000000000e+00,0.000000000000000e+00,1.000000000000000e+00,1715252 1715241 1715193 1715192
1235,0,-1,0,1,1,2.200288499999997e-07,-2.020314681901942e-02,2.050869941500853e-02,0.000000000000000e+00,0.000000000000000e+00,0.000000000000000e+00,1.000000000000000e+00,1715193 1715241 1715250 1715194
1236,0,-1,0,1,1,3.588530699999998e-07,-2.319611577661855e-02,1.891326898700072e-02,0.000000000000000e+00,0.000000000000000e+00,0.000000000000000e+00,1.000000000000000e+00,1715048 1715255 1715238 1715047
1237,0,-1,0,1,1,2.487449600000007e-07,-1.902856481199056e-02,2.159734469704498e-02,0.000000000000000e+00,0.000000000000000e+00,0.000000000000000e+00,1.000000000000000e+00,1715270 1715274 1715191 1715190
1238,0,-1,0,1,1,2.668352000000010e-07,-2.255717076278667e-02,1.792285928971078e-02,0.000000000000000e+00,0.000000000000000e+00,0.000000000000000e+00,1.000000000000000e+00,1715201 1715200 1715254 1715263
1239,0,-1,0,1,1,3.046407199999979e-07,-2.561369110927127e-02,1.515163560177379e-02,0.000000000000000e+00,0.000000000000000e+00,0.000000000000000e+00,1.000000000000000e+00,1715053 1715044 1715234 1715268
1240,0,-1,0,1,1,3.066881699999996e-07,-2.437865816865710e-02,1.711195890626951e-02,0.000000000000000e+00,0.000000000000000e+00,0.000000000000000e+00,1.000000000000000e+00,1715261 1715050 1715051 1715279
1241,0,-1,0,1,1,2.743171199999995e-07,-2.013203334147354e-02,2.177836622288467e-02,0.000000000000000e+00,0.000000000000000e+00,0.000000000000000e+00,1.000000000000000e+00,1715237 1715272 879033 879034
1242,0,-1,0,1,1,3.153614399999994e-07,-2.159372598161652e-02,2.115034008109552e-02,0.000000000000000e+00,0.000000000000000e+00,0.000000000000000e+00,1.000000000000000e+00,1715277 879035 878972 1715262
1243,0,-1,0,1,1,2.299146300000002e-07,-1.708429989164094e-02,2.308011683320167e-02,0.000000000000000e+00,0.000000000000000e+00,0.000000000000000e+00,1.000000000000000e+00,1715185 879029 879030 1715186
1244,0,-1,0,1,1,3.229915749999989e-07,-2.367682855171222e-02,1.820524649798786e-02,0.000000000000000e+00,0.000000000000000e+00,0.000000000000000e+00,1.000000000000000e+00,1715256 1715048 1715049 1715260
1245,0,-1,0,1,1,2.980264549999995e-07,-2.269037507363901e-02,1.863238577831287e-02,0.000000000000000e+00,0.000000000000000e+00,0.000000000000000e+00,1.000000000000000e+00,1715254 1715249 1715238 1715255
1246,0,-1,0,1,1,2.128663799999998e-07,-2.022313217392996e-02,2.112587544730173e-02,0.000000000000000e+00,0.000000000000000e+00,0.000000000000000e+00,1.000000000000000e+00,1715241 1715252 1715237 1715242
1247,0,-1,0,1,1,3.448426500000004e-07,-1.765898389986467e-02,2.276598882865369e-02,0.000000000000000e+00,0.000000000000000e+00,0.000000000000000e+00,1.000000000000000e+00,1715186 879030 879031 1715187
1248,0,-1,0,1,1,2.431701300000014e-07,-1.858177402457695e-02,2.244507383985648e-02,0.000000000000000e+00,0.000000000000000e+00,0.000000000000000e+00,1.000000000000000e+00,1715271 1715236 879031 879032
1249,0,-1,0,1,1,2.435151799999995e-07,-1.799482469679303e-02,2.244502058252522e-02,0.000000000000000e+00,0.000000000000000e+00,0.000000000000000e+00,1.000000000000000e+00,879031 1715236 1715188 1715187
1250,0,-1,0,1,1,1.849257749999993e-07,-1.829882017910159e-02,2.211404661096324e-02,0.000000000000000e+00,0.000000000000000e+00,0.000000000000000e+00,1.000000000000000e+00,1715188 1715236 1715271 1715189
1251,0,-1,0,1,1,2.463944370000002e-06,-3.641517673564548e-02,2.035467131527960e-02,0.000000000000000e+00,0.000000000000000e+00,0.000000000000000e+00,1.000000000000000e+00,1715061 1715294 1715339 1715060
1252,0,-1,0,1,1,2.391245765000003e-06,-3.708006103137333e-02,1.935085644976187e-02,0.000000000000000e+00,0.000000000000000e+00,0.000000000000000e+00,1.000000000000000e+00,1715294 1715293 1715338 1715339
1253,0,-1,0,1,1,2.623195820000006e-06,-3.766477682099870e-02,1.825653885478363e-02,0.000000000000000e+00,0.000000000000000e+00,0.000000000000000e+00,1.000000000000000e+00,1715293 1715292 1715337 1715338
1254,0,-1,0,1,1,2.466544639999998e-06,-3.833954765574490e-02,1.724624863121357e-02,0.000000000000000e+00,0.000000000000000e+00,0.000000000000000e+00,1.000000000000000e+00,1715292 1715291 1715336 1715337
1255,0,-1,0,1,1,2.045893389999999e-06,-3.916332480439315e-02,1.626671539740445e-02,0.000000000000000e+00,0.000000000000000e+00,0.000000000000000e+00,1.000000000000000e+00,1715291 1715290 1715335 1715336
1256,0,-1,0,1,1,1.121980939999996e-06,-4.002230098806550e-02,1.543871595565489e-02,0.000000000000000e+00,0.000000000000000e+00,0.000000000000000e+00,1.000000000000000e+00,1715290 879071 879065 1715335
1257,0,-1,0,1,1,2.120813999999997e-06,-3.466121303300006e-02,1.937803145652660e-02,0.000000000000000e+00,0.000000000000000e+00,0.000000000000000e+00,1.000000000000000e+00,1715060 1715339 1715334 1715059
1258,0,-1,0,1,1,2.101171149999996e-06,-3.539363169817542e-02,1.848204784254565e-02,0.000000000000000e+00,0.000000000000000e+00,0.000000000000000e+00,1.000000000000000e+00,1715339 1715338 1715333 1715334
1259,0,-1,0,1,1,2.046728720000008e-06,-3.596440797615100e-02,1.746945248471229e-02,0.000000000000000e+00,0.000000000000000e+00,0.000000000000000e+00,1.000000000000000e+00,1715338 1715337 1715332 1715333
1260,0,-1,0,1,1,2.039031295000000e-06,-3.686081448479860e-02,1.620431601215239e-02,0.000000000000000e+00,0.000000000000000e+00,0.000000000000000e+00,1.000000000000000e+00,1715337 1715336 1715331 1715329
1261,0,-1,0,1,1,2.343708470000001e-06,-3.777574242796488e-02,1.535065698744193e-02,0.000000000000000e+00,0.000000000000000e+00,0.000000000000000e+00,1.000000000000000e+00,1715336 1715335 1715330 1715331
1262,0,-1,0,1,1,2.039888914999999e-06,-3.888068127498011e-02,1.461971324302064e-02,0.000000000000000e+00,0.000000000000000e+00,0.000000000000000e+00,1.000000000000000e+00,1715335 879065 879069 1715330
1263,0,-1,0,1,1,1.895789979999998e-06,-3.305013778936614e-02,1.846812746856520e-02,0.000000000000000e+00,0.000000000000000e+00,0.000000000000000e+00,1.000000000000000e+00,1715059 1715334 1715328 1715058
1264,0,-1,0,1,1,1.908139235000002e-06,-3.380636800691198e-02,1.765677072048187e-02,0.000000000000000e+00,0.000000000000000e+00,0.000000000000000e+00,1.000000000000000e+00,1715334 1715333 1715327 1715328
1265,0,-1,0,1,1,1.925297999999996e-06,-3.430730307448197e-02,1.670470468155475e-02,0.000000000000000e+00,0.000000000000000e+00,0.000000000000000e+00,1.000000000000000e+00,1715333 1715332 1715326 1715327
1266,0,-1,0,1,1,1.631161479999999e-06,-3.474069644622146e-02,1.587224961444855e-02,0.000000000000000e+00,0.000000000000000e+00,0.000000000000000e+00,1.000000000000000e+00,1715332 1715329 1715325 1715326
1267,0,-1,0,1,1,1.840581715000002e-06,-3.540652613457480e-02,1.515216529679586e-02,0.000000000000000e+00,0.000000000000000e+00,0.000000000000000e+00,1.000000000000000e+00,1715329 1715331 1715324 1715325
1268,0,-1,0,1,1,2.123301579999999e-06,-3.623806558953847e-02,1.437933963200963e-02,0.000000000000000e+00,0.000000000000000e+00,0.000000000000000e+00,1.000000000000000e+00,1715331 1715330 1715323 1715324
1269,0,-1,0,1,1,2.014227329999998e-06,-3.722770824282034e-02,1.365737015485040e-02,0.000000000000000e+00,0.000000000000000e+00,0.000000000000000e+00,1.000000000000000e+00,1715330 879069 879068 1715323
1270,0,-1,0,1,1,1.655122490000000e-06,-3.156035544838759e-02,1.763420973641614e-02,0.000000000000000e+00,0.000000000000000e+00,0.000000000000000e+00,1.000000000000000e+00,1715058 1715328 1715322 1715057
1271,0,-1,0,1,1,1.770474420000003e-06,-3.228226660785530e-02,1.685040796154570e-02,0.000000000000000e+00,0.000000000000000e+00,0.000000000000000e+00,1.000000000000000e+00,1715328 1715327 1715321 1715322
1272,0,-1,0,1,1,1.942932955000000e-06,-3.267094583524980e-02,1.584689001284538e-02,0.000000000000000e+00,0.000000000000000e+00,0.000000000000000e+00,1.000000000000000e+00,1715327 1715326 1715320 1715321
1273,0,-1,0,1,1,1.854164715000000e-06,-3.318950544736151e-02,1.495414545334016e-02,0.000000000000000e+00,0.000000000000000e+00,0.000000000000000e+00,1.000000000000000e+00,1715326 1715325 1715319 1715320
1274,0,-1,0,1,1,1.798279700000002e-06,-3.392520925590719e-02,1.418222840792230e-02,0.000000000000000e+00,0.000000000000000e+00,0.000000000000000e+00,1.000000000000000e+00,1715325 1715324 1715318 1715319
1275,0,-1,0,1,1,2.087039415000000e-06,-3.469203772063189e-02,1.339790611413656e-02,0.000000000000000e+00,0.000000000000000e+00,0.000000000000000e+00,1.000000000000000e+00,1715324 1715323 1715317 1715318
1276,0,-1,0,1,1,2.019339304999998e-06,-3.554285773620999e-02,1.267142032377466e-02,0.000000000000000e+00,0.000000000000000e+00,0.000000000000000e+00,1.000000000000000e+00,1715323 879068 879067 1715317
1277,0,-1,0,1,1,1.422055364999994e-06,-3.019115867271466e-02,1.687500809637945e-02,0.000000000000000e+00,0.000000000000000e+00,0.000000000000000e+00,1.000000000000000e+00,1715057 1715322 1715316 1715056
1278,0,-1,0,1,1,1.513795379999999e-06,-3.086897528536717e-02,1.612531281943722e-02,0.000000000000000e+00,0.000000000000000e+00,0.000000000000000e+00,1.000000000000000e+00,1715322 1715321 1715315 1715316
1279,0,-1,0,1,1,1.439595615000000e-06,-3.127149414812889e-02,1.520067754791195e-02,0.000000000000000e+00,0.000000000000000e+00,0.000000000000000e+00,1.000000000000000e+00,1715321 1715320 1715314 1715315
1280,0,-1,0,1,1,1.563047045000003e-06,-3.188420688294403e-02,1.400998355573787e-02,0.000000000000000e+00,0.000000000000000e+00,0.000000000000000e+00,1.000000000000000e+00,1715320 1715319 1715313 1715310
1281,0,-1,0,1,1,1.548191659999997e-06,-3.256126911935697e-02,1.326919763268156e-02,0.000000000000000e+00,0.000000000000000e+00,0.000000000000000e+00,1.000000000000000e+00,1715319 1715318 1715312 1715313
1282,0,-1,0,1,1,1.559739984999996e-06,-3.326303603807282e-02,1.250266836227546e-02,0.000000000000000e+00,0.000000000000000e+00,0.000000000000000e+00,1.000000000000000e+00,1715318 1715317 1715311 1715312
1283,0,-1,0,1,1,1.741638359999999e-06,-3.392736130450240e-02,1.169732518334748e-02,0.000000000000000e+00,0.000000000000000e+00,0.000000000000000e+00,1.000000000000000e+00,1715317 879067 879066 1715311
1284,0,-1,0,1,1,1.228037839999999e-06,-2.894896531298199e-02,1.618553122988024e-02,0.000000000000000e+00,0.000000000000000e+00,0.000000000000000e+00,1.000000000000000e+00,1715056 1715316 1715309 1715055
1285,0,-1,0,1,1,1.277831510000000e-06,-2.959048590514176e-02,1.548809317483623e-02,0.000000000000000e+00,0.000000000000000e+00,0.000000000000000e+00,1.000000000000000e+00,1715316 1715315 1715308 1715309
1286,0,-1,0,1,1,1.181973429999998e-06,-2.998203963738536e-02,1.467267845685837e-02,0.000000000000000e+00,0.000000000000000e+00,0.000000000000000e+00,1.000000000000000e+00,1715315 1715314 1715307 1715308
1287,0,-1,0,1,1,1.058770955000001e-06,-3.019725107834835e-02,1.385238509039379e-02,0.000000000000000e+00,0.000000000000000e+00,0.000000000000000e+00,1.000000000000000e+00,1715314 1715310 1715306 1715307
1288,0,-1,0,1,1,1.344569925000001e-06,-3.066485462346631e-02,1.314773662520378e-02,0.000000000000000e+00,0.000000000000000e+00,0.000000000000000e+00,1.000000000000000e+00,1715310 1715313 1715305 1715306
1289,0,-1,0,1,1,1.435949900000001e-06,-3.129412314388778e-02,1.240831805342234e-02,0.000000000000000e+00,0.000000000000000e+00,0.000000000000000e+00,1.000000000000000e+00,1715313 1715312 1715304 1715305
1290,0,-1,0,1,1,1.595375020000000e-06,-3.192949895275772e-02,1.167072407374840e-02,0.000000000000000e+00,0.000000000000000e+00,0.000000000000000e+00,1.000000000000000e+00,1715312 1715311 1715303 1715304
1291,0,-1,0,1,1,1.763324876999998e-06,-3.235703216065226e-02,1.078537948189447e-02,0.000000000000000e+00,0.000000000000000e+00,0.000000000000000e+00,1.000000000000000e+00,1715311 879066 879064 1715303
1292,0,-1,0,1,1,1.068988635000000e-06,-2.779784049166388e-02,1.555440464272569e-02,0.000000000000000e+00,0.000000000000000e+00,0.000000000000000e+00,1.000000000000000e+00,1715055 1715309 1715302 1715054
1293,0,-1,0,1,1,1.172365569999999e-06,-2.834428476495120e-02,1.489544026355249e-02,0.000000000000000e+00,0.000000000000000e+00,0.000000000000000e+00,1.000000000000000e+00,1715309 1715308 1715301 1715302
1294,0,-1,0,1,1,1.194988409999999e-06,-2.871352802975693e-02,1.414375579934676e-02,0.000000000000000e+00,0.000000000000000e+00,0.000000000000000e+00,1.000000000000000e+00,1715308 1715307 1715300 1715301
1295,0,-1,0,1,1,1.034528859999999e-06,-2.900589170989843e-02,1.338736692015597e-02,0.000000000000000e+00,0.000000000000000e+00,0.000000000000000e+00,1.000000000000000e+00,1715307 1715306 1715299 1715300
1296,0,-1,0,1,1,1.139751135000000e-06,-2.956170752347850e-02,1.240436198207018e-02,0.000000000000000e+00,0.000000000000000e+00,0.000000000000000e+00,1.000000000000000e+00,1715306 1715305 1715298 1715295
1297,0,-1,0,1,1,1.402554575000002e-06,-3.001945221606629e-02,1.162575080596299e-02,0.000000000000000e+00,0.000000000000000e+00,0.000000000000000e+00,1.000000000000000e+00,1715305 1715304 1715297 1715298
1298,0,-1,0,1,1,1.543689500000003e-06,-3.056623565578192e-02,1.082975987284597e-02,0.000000000000000e+00,0.000000000000000e+00,0.000000000000000e+00,1.000000000000000e+00,1715304 1715303 1715296 1715297
1299,0,-1,0,1,1,1.277850986500006e-06,-3.095264740765994e-02,9.988479353716767e-03,0.000000000000000e+00,0.000000000000000e+00,0.000000000000000e+00,1.000000000000000e+00,1715303 879064 879072 1715296
1300,0,-1,0,1,1,9.250518400000013e-07,-2.669939638141649e-02,1.495906397036084e-02,0.000000000000000e+00,0.000000000000000e+00,0.000000000000000e+00,1.000000000000000e+00,1715054 1715302 1715289 1715044
1301,0,-1,0,1,1,1.023129269999999e-06,-2.710477985528261e-02,1.432113959198138e-02,0.000000000000000e+00,0.000000000000000e+00,0.000000000000000e+00,1.000000000000000e+00,1715302 1715301 1715288 1715289
1302,0,-1,0,1,1,1.013048625000000e-06,-2.745103031068918e-02,1.363764466531176e-02,0.000000000000000e+00,0.000000000000000e+00,0.000000000000000e+00,1.000000000000000e+00,1715301 1715300 1715287 1715288
1303,0,-1,0,1,1,8.932872449999987e-07,-2.775676704774062e-02,1.296123218140320e-02,0.000000000000000e+00,0.000000000000000e+00,0.000000000000000e+00,1.000000000000000e+00,1715300 1715299 1715286 1715287
1304,0,-1,0,1,1,8.254311600000027e-07,-2.806287303598521e-02,1.234521143893090e-02,0.000000000000000e+00,0.000000000000000e+00,0.000000000000000e+00,1.000000000000000e+00,1715299 1715295 1715285 1715286
1305,0,-1,0,1,1,9.835309549999995e-07,-2.843763324909772e-02,1.174048736211731e-02,0.000000000000000e+00,0.000000000000000e+00,0.000000000000000e+00,1.000000000000000e+00,1715295 1715298 1715284 1715285
1306,0,-1,0,1,1,1.069732180000000e-06,-2.881527661221366e-02,1.103506541430476e-02,0.000000000000000e+00,0.000000000000000e+00,0.000000000000000e+00,1.000000000000000e+00,1715298 1715297 1715283 1715284
1307,0,-1,0,1,1,1.180379071499999e-06,-2.942320873604026e-02,9.981548917703578e-03,0.000000000000000e+00,0.000000000000000e+00,0.000000000000000e+00,1.000000000000000e+00,1715297 1715296 1715281 1715282
1308,0,-1,0,1,1,1.071264526000001e-06,-2.979112680217659e-02,9.247876605651807e-03,0.000000000000000e+00,0.000000000000000e+00,0.000000000000000e+00,1.000000000000000e+00,879072 879070 1715281 1715296
1309,0,-1,0,1,1,2.430526225000001e-06,-3.817609187619730e-02,2.129194068769531e-02,0.000000000000000e+00,0.000000000000000e+00,0.000000000000000e+00,1.000000000000000e+00,1715061 1715117 1715404 1715294
1310,0,-1,0,1,1,2.747762685000005e-06,-3.984331619686398e-02,2.215643859124719e-02,0.000000000000000e+00,0.000000000000000e+00,0.000000000000000e+00,1.000000000000000e+00,1715117 1715118 1715403 1715404
1311,0,-1,0,1,1,3.066322229999995e-06,-4.150626739570257e-02,2.301880891755007e-02,0.000000000000000e+00,0.000000000000000e+00,0.000000000000000e+00,1.000000000000000e+00,1715118 1715119 1715402 1715403
1312,0,-1,0,1,1,3.345546429999995e-06,-4.316452973566951e-02,2.389060172362366e-02,0.000000000000000e+00,0.000000000000000e+00,0.000000000000000e+00,1.000000000000000e+00,1715119 1715120 1715401 1715402
1313,0,-1,0,1,1,3.622518845000003e-06,-4.482579988705165e-02,2.476406599229207e-02,0.000000000000000e+00,0.000000000000000e+00,0.000000000000000e+00,1.000000000000000e+00,1715120 1715121 1715400 1715401
1314,0,-1,0,1,1,3.920317929999988e-06,-4.648747122068482e-02,2.563163866933976e-02,0.000000000000000e+00,0.000000000000000e+00,0.000000000000000e+00,1.000000000000000e+00,1715121 878853 878872 1715400
1315,0,-1,0,1,1,2.444999134999999e-06,-3.885324809041053e-02,2.017710761404911e-02,0.000000000000000e+00,0.000000000000000e+00,0.000000000000000e+00,1.000000000000000e+00,1715294 1715404 1715399 1715293
1316,0,-1,0,1,1,2.765266194999999e-06,-4.059974543434465e-02,2.089046536431598e-02,0.000000000000000e+00,0.000000000000000e+00,0.000000000000000e+00,1.000000000000000e+00,1715404 1715403 1715398 1715399
1317,0,-1,0,1,1,3.101661729999997e-06,-4.235296766678895e-02,2.160271885186257e-02,0.000000000000000e+00,0.000000000000000e+00,0.000000000000000e+00,1.000000000000000e+00,1715403 1715402 1715397 1715398
1318,0,-1,0,1,1,3.431262400000008e-06,-4.408829547895236e-02,2.233244909014002e-02,0.000000000000000e+00,0.000000000000000e+00,0.000000000000000e+00,1.000000000000000e+00,1715402 1715401 1715396 1715397
1319,0,-1,0,1,1,3.705619640000012e-06,-4.581807308011869e-02,2.307332248594066e-02,0.000000000000000e+00,0.000000000000000e+00,0.000000000000000e+00,1.000000000000000e+00,1715401 1715400 1715395 1715396
1320,0,-1,0,1,1,3.932554699999991e-06,-4.754172931709379e-02,2.381190093874575e-02,0.000000000000000e+00,0.000000000000000e+00,0.000000000000000e+00,1.000000000000000e+00,1715400 878872 878871 1715395
1321,0,-1,0,1,1,2.461072155000002e-06,-3.953708062211875e-02,1.905129035643898e-02,0.000000000000000e+00,0.000000000000000e+00,0.000000000000000e+00,1.000000000000000e+00,1715293 1715399 1715394 1715292
1322,0,-1,0,1,1,2.820021790000000e-06,-4.136955388660738e-02,1.960260852292858e-02,0.000000000000000e+00,0.000000000000000e+00,0.000000000000000e+00,1.000000000000000e+00,1715399 1715398 1715393 1715394
1323,0,-1,0,1,1,3.167328759999996e-06,-4.319845699774342e-02,2.015299939887432e-02,0.000000000000000e+00,0.000000000000000e+00,0.000000000000000e+00,1.000000000000000e+00,1715398 1715397 1715392 1715393
1324,0,-1,0,1,1,3.468274535000009e-06,-4.501348171574875e-02,2.073683858060288e-02,0.000000000000000e+00,0.000000000000000e+00,0.000000000000000e+00,1.000000000000000e+00,1715397 1715396 1715391 1715392
1325,0,-1,0,1,1,3.713386875000004e-06,-4.681363191042634e-02,2.135424183466385e-02,0.000000000000000e+00,0.000000000000000e+00,0.000000000000000e+00,1.000000000000000e+00,1715396 1715395 1715390 1715391
1326,0,-1,0,1,1,3.919390139999990e-06,-4.860167493347570e-02,2.198075564446297e-02,0.000000000000000e+00,0.000000000000000e+00,0.000000000000000e+00,1.000000000000000e+00,1715395 878871 878870 1715390
1327,0,-1,0,1,1,2.470988825000001e-06,-4.022248613737626e-02,1.791102116450723e-02,0.000000000000000e+00,0.000000000000000e+00,0.000000000000000e+00,1.000000000000000e+00,1715292 1715394 1715389 1715291
1328,0,-1,0,1,1,2.878021219999994e-06,-4.214360054250955e-02,1.826987335710240e-02,0.000000000000000e+00,0.000000000000000e+00,0.000000000000000e+00,1.000000000000000e+00,1715394 1715393 1715388 1715389
1329,0,-1,0,1,1,3.225403499999995e-06,-4.404363807052358e-02,1.865715139972926e-02,0.000000000000000e+00,0.000000000000000e+00,0.000000000000000e+00,1.000000000000000e+00,1715393 1715392 1715387 1715388
1330,0,-1,0,1,1,3.532627135000008e-06,-4.592690052470356e-02,1.910624898607860e-02,0.000000000000000e+00,0.000000000000000e+00,0.000000000000000e+00,1.000000000000000e+00,1715392 1715391 1715386 1715387
1331,0,-1,0,1,1,3.802334849999999e-06,-4.779293513518938e-02,1.960891686466409e-02,0.000000000000000e+00,0.000000000000000e+00,0.000000000000000e+00,1.000000000000000e+00,1715391 1715390 1715385 1715386
1332,0,-1,0,1,1,3.980365089999992e-06,-4.965096386394085e-02,2.014208038131321e-02,0.000000000000000e+00,0.000000000000000e+00,0.000000000000000e+00,1.000000000000000e+00,1715390 878870 878869 1715385
1333,0,-1,0,1,1,2.453350240000008e-06,-4.091070084214121e-02,1.675321480251674e-02,0.000000000000000e+00,0.000000000000000e+00,0.000000000000000e+00,1.000000000000000e+00,1715291 1715389 1715384 1715290
1334,0,-1,0,1,1,2.894801685000000e-06,-4.292114495302706e-02,1.690090652716889e-02,0.000000000000000e+00,0.000000000000000e+00,0.000000000000000e+00,1.000000000000000e+00,1715389 1715388 1715383 1715384
1335,0,-1,0,1,1,3.298436770000006e-06,-4.489114183667304e-02,1.711511588893335e-02,0.000000000000000e+00,0.000000000000000e+00,0.000000000000000e+00,1.000000000000000e+00,1715388 1715387 1715382 1715383
1336,0,-1,0,1,1,3.621801360000001e-06,-4.683612450213891e-02,1.742873077839255e-02,0.000000000000000e+00,0.000000000000000e+00,0.000000000000000e+00,1.000000000000000e+00,1715387 1715386 1715381 1715382
1337,0,-1,0,1,1,3.899621234999994e-06,-4.876781582888128e-02,1.783142392964134e-02,0.000000000000000e+00,0.000000000000000e+00,0.000000000000000e+00,1.000000000000000e+00,1715386 1715385 1715380 1715381
1338,0,-1,0,1,1,4.071646850000001e-06,-5.069820904524623e-02,1.829167045612596e-02,0.000000000000000e+00,0.000000000000000e+00,0.000000000000000e+00,1.000000000000000e+00,1715385 878869 878868 1715380
1339,0,-1,0,1,1,2.357234325000000e-06,-4.158487647777443e-02,1.560853553735796e-02,0.000000000000000e+00,0.000000000000000e+00,0.000000000000000e+00,1.000000000000000e+00,1715290 1715384 1715379 879071
1340,0,-1,0,1,1,2.769959145000000e-06,-4.370259070117261e-02,1.551553669493796e-02,0.000000000000000e+00,0.000000000000000e+00,0.000000000000000e+00,1.000000000000000e+00,1715384 1715383 1715378 1715379
1341,0,-1,0,1,1,3.413286124999997e-06,-4.571999636909773e-02,1.550819722626290e-02,0.000000000000000e+00,0.000000000000000e+00,0.000000000000000e+00,1.000000000000000e+00,1715383 1715382 1715377 1715378
1342,0,-1,0,1,1,3.783866779999996e-06,-4.773037078301438e-02,1.569386748684512e-02,0.000000000000000e+00,0.000000000000000e+00,0.000000000000000e+00,1.000000000000000e+00,1715382 1715381 1715376 1715377
1343,0,-1,0,1,1,4.023871220000000e-06,-4.973494302603824e-02,1.602063125237236e-02,0.000000000000000e+00,0.000000000000000e+00,0.000000000000000e+00,1.000000000000000e+00,1715381 1715380 1715375 1715376
1344,0,-1,0,1,1,4.211452259999997e-06,-5.174070350761402e-02,1.642902975823467e-02,0.000000000000000e+00,0.000000000000000e+00,0.000000000000000e+00,1.000000000000000e+00,1715380 878868 878867 1715375
1345,0,-1,0,1,1,3.707971920000009e-06,-4.238342696241670e-02,1.413913984944538e-02,0.000000000000000e+00,0.000000000000000e+00,0.000000000000000e+00,1.000000000000000e+00,879071 1715379 1715374 879079
1346,0,-1,0,1,1,3.526659380000000e-06,-4.446022995556001e-02,1.391000532395807e-02,0.000000000000000e+00,0.000000000000000e+00,0.000000000000000e+00,1.000000000000000e+00,1715379 1715378 1715373 1715374
1347,0,-1,0,1,1,3.698676874999999e-06,-4.652168188093501e-02,1.378257057811270e-02,0.000000000000000e+00,0.000000000000000e+00,0.000000000000000e+00,1.000000000000000e+00,1715378 1715377 1715372 1715373
1348,0,-1,0,1,1,4.035301560000000e-06,-4.858260729551886e-02,1.388254561002111e-02,0.000000000000000e+00,0.000000000000000e+00,0.000000000000000e+00,1.000000000000000e+00,1715377 1715376 1715371 1715372
1349,0,-1,0,1,1,4.262050730000001e-06,-5.065552730717351e-02,1.414736942141282e-02,0.000000000000000e+00,0.000000000000000e+00,0.000000000000000e+00,1.000000000000000e+00,1715376 1715375 1715370 1715371
1350,0,-1,0,1,1,4.560152614999990e-06,-5.275919308859756e-02,1.452776788163390e-02,0.000000000000000e+00,0.000000000000000e+00,0.000000000000000e+00,1.000000000000000e+00,1715375 878867 878873 1715370
1351,0,-1,0,1,1,3.462306310000009e-06,-4.337252135559337e-02,1.227836027115184e-02,0.000000000000000e+00,0.000000000000000e+00,0.000000000000000e+00,1.000000000000000e+00,879079 1715374 1715369 879078
1352,0,-1,0,1,1,3.660925209999995e-06,-4.533987983741046e-02,1.202763422242488e-02,0.000000000000000e+00,0.000000000000000e+00,0.000000000000000e+00,1.000000000000000e+00,1715374 1715373 1715368 1715369
1353,0,-1,0,1,1,3.834939285000005e-06,-4.732173129226529e-02,1.190995064506047e-02,0.000000000000000e+00,0.000000000000000e+00,0.000000000000000e+00,1.000000000000000e+00,1715373 1715372 1715367 1715368
1354,0,-1,0,1,1,4.211207195000001e-06,-4.934629229649033e-02,1.195940744140015e-02,0.000000000000000e+00,0.000000000000000e+00,0.000000000000000e+00,1.000000000000000e+00,1715372 1715371 1715366 1715367
1355,0,-1,0,1,1,4.488056474999994e-06,-5.141630943999541e-02,1.215919485793124e-02,0.000000000000000e+00,0.000000000000000e+00,0.000000000000000e+00,1.000000000000000e+00,1715371 1715370 1715365 1715366
1356,0,-1,0,1,1,4.973622074999997e-06,-5.354812688904545e-02,1.250715539076016e-02,0.000000000000000e+00,0.000000000000000e+00,0.000000000000000e+00,1.000000000000000e+00,1715370 878873 878878 1715365
1357,0,-1,0,1,1,2.970002536000005e-06,-4.432999240111953e-02,1.043596402112296e-02,0.000000000000000e+00,0.000000000000000e+00,0.000000000000000e+00,1.000000000000000e+00,879078 1715369 1715364 879077
1358,0,-1,0,1,1,3.254355299499991e-06,-4.618446362487118e-02,1.012027226653052e-02,0.000000000000000e+00,0.000000000000000e+00,0.000000000000000e+00,1.000000000000000e+00,1715369 1715368 1715363 1715364
1359,0,-1,0,1,1,3.832163011000008e-06,-4.804264012258561e-02,9.911709276329629e-03,0.000000000000000e+00,0.000000000000000e+00,0.000000000000000e+00,1.000000000000000e+00,1715368 1715367 1715362 1715363
1360,0,-1,0,1,1,4.208532385000001e-06,-4.998245154187163e-02,9.908109719231546e-03,0.000000000000000e+00,0.000000000000000e+00,0.000000000000000e+00,1.000000000000000e+00,1715367 1715366 1715361 1715362
1361,0,-1,0,1,1,4.507291597999998e-06,-5.199831481974675e-02,1.004742906716552e-02,0.000000000000000e+00,0.000000000000000e+00,0.000000000000000e+00,1.000000000000000e+00,1715366 1715365 1715360 1715361
1362,0,-1,0,1,1,4.802783107000005e-06,-5.406476928467210e-02,1.028554204772419e-02,0.000000000000000e+00,0.000000000000000e+00,0.000000000000000e+00,1.000000000000000e+00,1715365 878878 878877 1715360
1363,0,-1,0,1,1,3.924732487999997e-06,-4.502812178375799e-02,8.350047679362177e-03,0.000000000000000e+00,0.000000000000000e+00,0.000000000000000e+00,1.000000000000000e+00,879077 1715364 1715359 879076
1364,0,-1,0,1,1,3.800625203999992e-06,-4.677009035170911e-02,8.019397093124676e-03,0.000000000000000e+00,0.000000000000000e+00,0.000000000000000e+00,1.000000000000000e+00,1715364 1715363 1715358 1715359
1365,0,-1,0,1,1,4.006387891000006e-06,-4.858420485261598e-02,7.791659140984186e-03,0.000000000000000e+00,0.000000000000000e+00,0.000000000000000e+00,1.000000000000000e+00,1715363 1715362 1715357 1715358
1366,0,-1,0,1,1,4.208667369999998e-06,-5.048700768740867e-02,7.774357989733476e-03,0.000000000000000e+00,0.000000000000000e+00,0.000000000000000e+00,1.000000000000000e+00,1715362 1715361 1715356 1715357
1367,0,-1,0,1,1,4.441052944000003e-06,-5.245857538545940e-02,7.870424322170531e-03,0.000000000000000e+00,0.000000000000000e+00,0.000000000000000e+00,1.000000000000000e+00,1715361 1715360 1715355 1715356
1368,0,-1,0,1,1,4.700219707500000e-06,-5.448062318337250e-02,8.032384008460699e-03,0.000000000000000e+00,0.000000000000000e+00,0.000000000000000e+00,1.000000000000000e+00,1715360 878877 878876 1715355
1369,0,-1,0,1,1,4.050832964999999e-06,-4.542416497911145e-02,5.967276900998624e-03,0.000000000000000e+00,0.000000000000000e+00,0.000000000000000e+00,1.000000000000000e+00,879076 1715359 1715354 879075
1370,0,-1,0,1,1,4.018758947499991e-06,-4.716181649049001e-02,5.747304483824083e-03,0.000000000000000e+00,0.000000000000000e+00,0.000000000000000e+00,1.000000000000000e+00,1715359 1715358 1715353 1715354
1371,0,-1,0,1,1,4.040924424500010e-06,-4.899042129053780e-02,5.607268135061659e-03,0.000000000000000e+00,0.000000000000000e+00,0.000000000000000e+00,1.000000000000000e+00,1715358 1715357 1715352 1715353
1372,0,-1,0,1,1,4.228208620500004e-06,-5.087430200705015e-02,5.593767044628055e-03,0.000000000000000e+00,0.000000000000000e+00,0.000000000000000e+00,1.000000000000000e+00,1715357 1715356 1715351 1715352
1373,0,-1,0,1,1,4.407602137499998e-06,-5.281094481983080e-02,5.652298140138790e-03,0.000000000000000e+00,0.000000000000000e+00,0.000000000000000e+00,1.000000000000000e+00,1715356 1715355 1715350 1715351
1374,0,-1,0,1,1,4.611928486500006e-06,-5.479053439614950e-02,5.754639432554668e-03,0.000000000000000e+00,0.000000000000000e+00,0.000000000000000e+00,1.000000000000000e+00,1715355 878876 878875 1715350
1375,0,-1,0,1,1,4.126932306999998e-06,-4.569941690903633e-02,3.571662949072237e-03,0.000000000000000e+00,0.000000000000000e+00,0.000000000000000e+00,1.000000000000000e+00,879075 1715354 1715349 879074
1376,0,-1,0,1,1,4.080136366499988e-06,-4.747334363115246e-02,3.455963817379120e-03,0.000000000000000e+00,0.000000000000000e+00,0.000000000000000e+00,1.000000000000000e+00,1715354 1715353 1715348 1715349
1377,0,-1,0,1,1,4.120832488500005e-06,-4.929661185855048e-02,3.387003088112151e-03,0.000000000000000e+00,0.000000000000000e+00,0.000000000000000e+00,1.000000000000000e+00,1715353 1715352 1715347 1715348
1378,0,-1,0,1,1,4.228607724000004e-06,-5.116387048377102e-02,3.370334408788010e-03,0.000000000000000e+00,0.000000000000000e+00,0.000000000000000e+00,1.000000000000000e+00,1715352 1715351 1715346 1715347
1379,0,-1,0,1,1,4.336214658500000e-06,-5.306297254968804e-02,3.403325686696062e-03,0.000000000000000e+00,0.000000000000000e+00,0.000000000000000e+00,1.000000000000000e+00,1715351 1715350 1715345 1715346
1380,0,-1,0,1,1,4.486968770499998e-06,-5.499877528980791e-02,3.462859118230691e-03,0.000000000000000e+00,0.000000000000000e+00,0.000000000000000e+00,1.000000000000000e+00,1715350 878875 878874 1715345
1381,0,-1,0,1,1,4.325909091999994e-06,-4.586357317339463e-02,1.186171505686970e-03,0.000000000000000e+00,0.000000000000000e+00,0.000000000000000e+00,1.000000000000000e+00,879074 1715349 1715340 879073
1382,0,-1,0,1,1,4.221219528999980e-06,-4.768562697390530e-02,1.151904434824751e-03,0.000000000000000e+00,0.000000000000000e+00,0.000000000000000e+00,1.000000000000000e+00,1715349 1715348 1715341 1715340
1383,0,-1,0,1,1,4.186971418499989e-06,-4.952258502329463e-02,1.133003700616597e-03,0.000000000000000e+00,0.000000000000000e+00,0.000000000000000e+00,1.000000000000000e+00,1715348 1715347 1715342 1715341
1384,0,-1,0,1,1,4.180009892999992e-06,-5.138022981351943e-02,1.125376787270357e-03,0.000000000000000e+00,0.000000000000000e+00,0.000000000000000e+00,1.000000000000000e+00,1715347 1715346 1715343 1715342
1385,0,-1,0,1,1,4.248975234999990e-06,-5.324856160113157e-02,1.139159675647243e-03,0.000000000000000e+00,0.000000000000000e+00,0.000000000000000e+00,1.000000000000000e+00,1715346 1715345 1715344 1715343
1386,0,-1,0,1,1,4.358118202999983e-06,-5.512689237988958e-02,1.162254136154482e-03,0.000000000000000e+00,0.000000000000000e+00,0.000000000000000e+00,1.000000000000000e+00,1715345 878874 878879 1715344
1387,0,-1,0,1,1,1.280999099999996e-07,-2.470300285131869e-02,1.397681964425268e-02,0.000000000000000e+00,0.000000000000000e+00,0.000000000000000e+00,1.000000000000000e+00,1715183 1715429 1715430 1715182
1388,0,-1,0,1,1,1.262732200000004e-07,-2.447784751881146e-02,1.385034015759900e-02,0.000000000000000e+00,0.000000000000000e+00,0.000000000000000e+00,1.000000000000000e+00,1715182 1715430 879061 878976
1389,0,-1,0,1,1,1.272702949999997e-07,-2.493600935658500e-02,1.353930864643107e-02,0.000000000000000e+00,0.000000000000000e+00,0.000000000000000e+00,1.000000000000000e+00,1715429 1715428 1715431 1715430
1390,0,-1,0,1,1,1.249088849999993e-07,-2.471014124356326e-02,1.341881924628500e-02,0.000000000000000e+00,0.000000000000000e+00,0.000000000000000e+00,1.000000000000000e+00,1715430 1715431 879060 879061
1391,0,-1,0,1,1,1.275593200000000e-07,-2.516813275632598e-02,1.310109993305076e-02,0.000000000000000e+00,0.000000000000000e+00,0.000000000000000e+00,1.000000000000000e+00,1715428 1715427 1715432 1715431
1392,0,-1,0,1,1,1.248130599999996e-07,-2.493948339425911e-02,1.298560102736044e-02,0.000000000000000e+00,0.000000000000000e+00,0.000000000000000e+00,1.000000000000000e+00,1715431 1715432 879059 879060
1393,0,-1,0,1,1,1.293150000000007e-07,-2.539891209138924e-02,1.266205550612071e-02,0.000000000000000e+00,0.000000000000000e+00,0.000000000000000e+00,1.000000000000000e+00,1715427 1715426 1715433 1715432
1394,0,-1,0,1,1,1.263116099999995e-07,-2.516467654163910e-02,1.255005565185180e-02,0.000000000000000e+00,0.000000000000000e+00,0.000000000000000e+00,1.000000000000000e+00,1715432 1715433 879058 879059
1395,0,-1,0,1,1,1.329545999999994e-07,-2.562805076851798e-02,1.222219261275654e-02,0.000000000000000e+00,0.000000000000000e+00,0.000000000000000e+00,1.000000000000000e+00,1715426 1715425 1715434 1715433
1396,0,-1,0,1,1,1.298425850000001e-07,-2.538480055519536e-02,1.211194344545359e-02,0.000000000000000e+00,0.000000000000000e+00,0.000000000000000e+00,1.000000000000000e+00,1715433 1715434 879057 879058
1397,0,-1,0,1,1,1.392918799999998e-07,-2.585491322932224e-02,1.178079985864335e-02,0.000000000000000e+00,0.000000000000000e+00,0.000000000000000e+00,1.000000000000000e+00,1715425 1715424 1715435 1715434
1398,0,-1,0,1,1,1.347587400000005e-07,-2.559851393512584e-02,1.167131386762249e-02,0.000000000000000e+00,0.000000000000000e+00,0.000000000000000e+00,1.000000000000000e+00,1715434 1715435 879056 879057
1399,0,-1,0,1,1,1.485546400000006e-07,-2.607197074874605e-02,1.133575126524041e-02,0.000000000000000e+00,0.000000000000000e+00,0.000000000000000e+00,1.000000000000000e+00,1715424 1715423 1715436 1715435
1400,0,-1,0,1,1,1.375295400000003e-07,-2.580161167203788e-02,1.122776397523034e-02,0.000000000000000e+00,0.000000000000000e+00,0.000000000000000e+00,1.000000000000000e+00,1715435 1715436 879055 879056
1401,0,-1,0,1,1,1.465584099999998e-07,-2.625901404213742e-02,1.088595394448534e-02,0.000000000000000e+00,0.000000000000000e+00,0.000000000000000e+00,1.000000000000000e+00,1715423 1715422 1715437 1715436
1402,0,-1,0,1,1,1.359070550000002e-07,-2.599263997241472e-02,1.077855318866019e-02,0.000000000000000e+00,0.000000000000000e+00,0.000000000000000e+00,1.000000000000000e+00,1715436 1715437 879054 879055
1403,0,-1,0,1,1,1.353948999999993e-07,-2.642647935944781e-02,1.041814492023333e-02,0.000000000000000e+00,0.000000000000000e+00,0.000000000000000e+00,1.000000000000000e+00,1715422 1715421 1715438 1715437
1404,0,-1,0,1,1,1.310954300000008e-07,-2.617254564537706e-02,1.032438581417623e-02,0.000000000000000e+00,0.000000000000000e+00,0.000000000000000e+00,1.000000000000000e+00,1715437 1715438 879053 879054
1405,0,-1,0,1,1,1.291506759999998e-07,-2.658893690143674e-02,9.949405394718593e-03,0.000000000000000e+00,0.000000000000000e+00,0.000000000000000e+00,1.000000000000000e+00,1715421 1715420 1715439 1715438
1406,0,-1,0,1,1,1.256766090000004e-07,-2.634418943912705e-02,9.865427223796885e-03,0.000000000000000e+00,0.000000000000000e+00,0.000000000000000e+00,1.000000000000000e+00,1715438 1715439 879052 879053
1407,0,-1,0,1,1,1.254160485000009e-07,-2.674900989638858e-02,9.479857686439669e-03,0.000000000000000e+00,0.000000000000000e+00,0.000000000000000e+00,1.000000000000000e+00,1715420 1715419 1715440 1715439
1408,0,-1,0,1,1,1.220880540000001e-07,-2.650947552003217e-02,9.403794483929171e-03,0.000000000000000e+00,0.000000000000000e+00,0.000000000000000e+00,1.000000000000000e+00,1715439 1715440 879051 879052
1409,0,-1,0,1,1,1.238954894999999e-07,-2.690698905414632e-02,9.009522302679226e-03,0.000000000000000e+00,0.000000000000000e+00,0.000000000000000e+00,1.000000000000000e+00,1715419 1715418 1715441 1715440
1410,0,-1,0,1,1,1.206193605000000e-07,-2.666855513048298e-02,8.939918016505113e-03,0.000000000000000e+00,0.000000000000000e+00,0.000000000000000e+00,1.000000000000000e+00,1715440 1715441 879050 879051
1411,0,-1,0,1,1,1.245425550000003e-07,-2.706290073843836e-02,8.538520233392915e-03,0.000000000000000e+00,0.000000000000000e+00,0.000000000000000e+00,1.000000000000000e+00,1715418 1715417 1715442 1715441
1412,0,-1,0,1,1,1.213259449999999e-07,-2.682147737437775e-02,8.473923351472486e-03,0.000000000000000e+00,0.000000000000000e+00,0.000000000000000e+00,1.000000000000000e+00,1715441 1715442 879049 879050
1413,0,-1,0,1,1,1.273534155000001e-07,-2.721673671312961e-02,8.066842320887026e-03,0.000000000000000e+00,0.000000000000000e+00,0.000000000000000e+00,1.000000000000000e+00,1715417 1715416 1715443 1715442
1414,0,-1,0,1,1,1.241728719999994e-07,-2.696815939602277e-02,8.006020968388490e-03,0.000000000000000e+00,0.000000000000000e+00,0.000000000000000e+00,1.000000000000000e+00,1715442 1715443 879048 879049
1415,0,-1,0,1,1,1.323507010000005e-07,-2.736843481001158e-02,7.594637797219198e-03,0.000000000000000e+00,0.000000000000000e+00,0.000000000000000e+00,1.000000000000000e+00,1715416 1715415 1715444 1715443
1416,0,-1,0,1,1,1.291877265000003e-07,-2.710854353580137e-02,7.536277668045308e-03,0.000000000000000e+00,0.000000000000000e+00,0.000000000000000e+00,1.000000000000000e+00,1715443 1715444 879047 879048
1417,0,-1,0,1,1,1.418278859999996e-07,-2.751612562298551e-02,7.120127858588405e-03,0.000000000000000e+00,0.000000000000000e+00,0.000000000000000e+00,1.000000000000000e+00,1715415 1715414 1715445 1715444
1418,0,-1,0,1,1,1.341820325000012e-07,-2.724000050898841e-02,7.065619868193368e-03,0.000000000000000e+00,0.000000000000000e+00,0.000000000000000e+00,1.000000000000000e+00,1715444 1715445 879046 879047
1419,0,-1,0,1,1,1.474049899999998e-07,-2.764252422528211e-02,6.646839863361477e-03,0.000000000000000e+00,0.000000000000000e+00,0.000000000000000e+00,1.000000000000000e+00,1715414 1715413 1715446 1715445
1420,0,-1,0,1,1,1.358441805000008e-07,-2.735945389889007e-02,6.592519239715904e-03,0.000000000000000e+00,0.000000000000000e+00,0.000000000000000e+00,1.000000000000000e+00,1715445 1715446 879045 879046
1421,0,-1,0,1,1,1.411201484999989e-07,-2.774106789857013e-02,6.164886769254144e-03,0.000000000000000e+00,0.000000000000000e+00,0.000000000000000e+00,1.000000000000000e+00,1715413 1715412 1715447 1715446
1422,0,-1,0,1,1,1.334407575000013e-07,-2.746629524095627e-02,6.116188012713395e-03,0.000000000000000e+00,0.000000000000000e+00,0.000000000000000e+00,1.000000000000000e+00,1715446 1715447 879044 879045
1423,0,-1,0,1,1,1.328240909999994e-07,-2.782537728544666e-02,5.675518213174445e-03,0.000000000000000e+00,0.000000000000000e+00,0.000000000000000e+00,1.000000000000000e+00,1715412 1715411 1715448 1715447
1424,0,-1,0,1,1,1.288228575000002e-07,-2.756244030232950e-02,5.636462259016611e-03,0.000000000000000e+00,0.000000000000000e+00,0.000000000000000e+00,1.000000000000000e+00,1715447 1715448 879043 879044
1425,0,-1,0,1,1,1.283426114999997e-07,-2.790577154257805e-02,5.185946775006719e-03,0.000000000000000e+00,0.000000000000000e+00,0.000000000000000e+00,1.000000000000000e+00,1715411 1715410 1715449 1715448
1426,0,-1,0,1,1,1.248460579999991e-07,-2.765045593162928e-02,5.154225118102540e-03,0.000000000000000e+00,0.000000000000000e+00,0.000000000000000e+00,1.000000000000000e+00,1715448 1715449 879042 879043
1427,0,-1,0,1,1,1.262693354999986e-07,-2.798377494221311e-02,4.695983201480735e-03,0.000000000000000e+00,0.000000000000000e+00,0.000000000000000e+00,1.000000000000000e+00,1715410 1715409 1715450 1715449
1428,0,-1,0,1,1,1.229697180000002e-07,-2.773165249749658e-02,4.670566876097740e-03,0.000000000000000e+00,0.000000000000000e+00,0.000000000000000e+00,1.000000000000000e+00,1715449 1715450 879041 879042
1429,0,-1,0,1,1,1.263853499999988e-07,-2.805964804307383e-02,4.205667045208404e-03,0.000000000000000e+00,0.000000000000000e+00,0.000000000000000e+00,1.000000000000000e+00,1715409 1715408 1715451 1715450
1430,0,-1,0,1,1,1.232577590000005e-07,-2.780637003574652e-02,4.185902728932651e-03,0.000000000000000e+00,0.000000000000000e+00,0.000000000000000e+00,1.000000000000000e+00,1715450 1715451 879040 879041
1431,0,-1,0,1,1,1.285196044999996e-07,-2.813344666099806e-02,3.715170143108945e-03,0.000000000000000e+00,0.000000000000000e+00,0.000000000000000e+00,1.000000000000000e+00,1715408 1715407 1715452 1715451
1432,0,-1,0,1,1,1.255928680000013e-07,-2.787499045114143e-02,3.700391819364246e-03,0.000000000000000e+00,0.000000000000000e+00,0.000000000000000e+00,1.000000000000000e+00,1715451 1715452 879039 879040
1433,0,-1,0,1,1,1.324368085000005e-07,-2.820545521658957e-02,3.224524989595346e-03,0.000000000000000e+00,0.000000000000000e+00,0.000000000000000e+00,1.000000000000000e+00,1715407 1715406 1715453 1715452
1434,0,-1,0,1,1,1.298283669999992e-07,-2.793813408755885e-02,3.214274712781631e-03,0.000000000000000e+00,0.000000000000000e+00,0.000000000000000e+00,1.000000000000000e+00,1715452 1715453 879038 879039
1435,0,-1,0,1,1,1.378299219999993e-07,-2.827596098105751e-02,2.733885910138052e-03,0.000000000000000e+00,0.000000000000000e+00,0.000000000000000e+00,1.000000000000000e+00,1715406 1715405 1715454 1715453
1436,0,-1,0,1,1,1.356253099999987e-07,-2.799672727091672e-02,2.727823577233728e-03,0.000000000000000e+00,0.000000000000000e+00,0.000000000000000e+00,1.000000000000000e+00,1715453 1715454 879037 879038
1437,0,-1,0,1,1,1.441613864999997e-07,-2.834549394623643e-02,2.243348885134265e-03,0.000000000000000e+00,0.000000000000000e+00,0.000000000000000e+00,1.000000000000000e+00,1715405 879062 879063 1715454
1438,0,-1,0,1,1,1.426183300000000e-07,-2.805218349224955e-02,2.241156935425295e-03,0.000000000000000e+00,0.000000000000000e+00,0.000000000000000e+00,1.000000000000000e+00,1715454 879063 879036 879037
1439,0,-1,0,1,1,3.348714150000008e-07,-2.877294262768412e-02,5.677467740877494e-03,0.000000000000000e+00,0.000000000000000e+00,0.000000000000000e+00,1.000000000000000e+00,1715493 879097 879096 1715489
1440,0,-1,0,1,1,1.937574574999998e-07,-2.864852809067439e-02,6.128712484176486e-03,0.000000000000000e+00,0.000000000000000e+00,0.000000000000000e+00,1.000000000000000e+00,1715493 1715492 1715491 879097
1441,0,-1,0,1,1,3.017391349999998e-07,-2.631992945713245e-02,1.386788923935129e-02,0.000000000000000e+00,0.000000000000000e+00,0.000000000000000e+00,1.000000000000000e+00,1715488 1715289 1715288 1715486
1442,0,-1,0,1,1,2.807100619999992e-07,-2.728896304522190e-02,9.144427369351974e-03,0.000000000000000e+00,0.000000000000000e+00,0.000000000000000e+00,1.000000000000000e+00,1715419 1715485 1715484 1715418
1443,0,-1,0,1,1,2.553480699999996e-07,-2.662922436358210e-02,1.104360314143879e-02,0.000000000000000e+00,0.000000000000000e+00,0.000000000000000e+00,1.000000000000000e+00,1715422 1715423 1715483 1715482
1444,0,-1,0,1,1,3.197408490000011e-07,-2.900858285743340e-02,8.729870906392975e-03,0.000000000000000e+00,0.000000000000000e+00,0.000000000000000e+00,1.000000000000000e+00,1715495 1715281 879070 1715481
1445,0,-1,0,1,1,3.207929699999997e-07,-2.730485057316874e-02,1.197922551665643e-02,0.000000000000000e+00,0.000000000000000e+00,0.000000000000000e+00,1.000000000000000e+00,1715480 1715286 1715285 1715479
1446,0,-1,0,1,1,2.707497899999987e-07,-2.686372158016448e-02,1.174355053039807e-02,0.000000000000000e+00,0.000000000000000e+00,0.000000000000000e+00,1.000000000000000e+00,1715480 1715479 1715483 1715478
1447,0,-1,0,1,1,2.633435000000001e-07,-2.661930851962297e-02,1.222448362337530e-02,0.000000000000000e+00,0.000000000000000e+00,0.000000000000000e+00,1.000000000000000e+00,1715477 1715498 1715480 1715478
1448,0,-1,0,1,1,2.456773799999994e-07,-2.596188784330083e-02,1.240624449902416e-02,0.000000000000000e+00,0.000000000000000e+00,0.000000000000000e+00,1.000000000000000e+00,1715477 1715425 1715426 1715476
1449,0,-1,0,1,1,2.552931650000002e-07,-2.728723028791363e-02,1.079414846710252e-02,0.000000000000000e+00,0.000000000000000e+00,0.000000000000000e+00,1.000000000000000e+00,1715475 1715474 1715473 1715482
1450,0,-1,0,1,1,2.467143149999998e-07,-2.572925831772672e-02,1.284550985015401e-02,0.000000000000000e+00,0.000000000000000e+00,0.000000000000000e+00,1.000000000000000e+00,1715427 1715472 1715476 1715426
1451,0,-1,0,1,1,2.550702850000004e-07,-2.615933963681552e-02,1.309786527062662e-02,0.000000000000000e+00,0.000000000000000e+00,0.000000000000000e+00,1.000000000000000e+00,1715472 1715486 1715499 1715476
1452,0,-1,0,1,1,2.325715800000004e-07,-2.638388827812066e-02,1.266225479416703e-02,0.000000000000000e+00,0.000000000000000e+00,0.000000000000000e+00,1.000000000000000e+00,1715498 1715477 1715476 1715499
1453,0,-1,0,1,1,2.011533540000004e-07,-2.825481747725271e-02,5.226679918140067e-03,0.000000000000000e+00,0.000000000000000e+00,0.000000000000000e+00,1.000000000000000e+00,1715410 1715411 1715489 1715490
1454,0,-1,0,1,1,2.007968440000005e-07,-2.807551851272598e-02,6.304479082979703e-03,0.000000000000000e+00,0.000000000000000e+00,0.000000000000000e+00,1.000000000000000e+00,1715492 1715412 1715413 1715471
1455,0,-1,0,1,1,2.370157179999997e-07,-2.772141601829110e-02,7.713183236722119e-03,0.000000000000000e+00,0.000000000000000e+00,0.000000000000000e+00,1.000000000000000e+00,1715416 1715470 1715469 1715415
1456,0,-1,0,1,1,2.804656070000009e-07,-2.696920845832849e-02,1.010108325829402e-02,0.000000000000000e+00,0.000000000000000e+00,0.000000000000000e+00,1.000000000000000e+00,1715468 1715420 1715421 1715473
1457,0,-1,0,1,1,2.468352399999999e-07,-2.526420255405994e-02,1.372557088482990e-02,0.000000000000000e+00,0.000000000000000e+00,0.000000000000000e+00,1.000000000000000e+00,1715467 1715428 1715429 1715466
1458,0,-1,0,1,1,2.473336700000007e-07,-2.503093253169292e-02,1.416332309607772e-02,0.000000000000000e+00,0.000000000000000e+00,0.000000000000000e+00,1.000000000000000e+00,1715183 1715235 1715466 1715429
1459,0,-1,0,1,1,2.336924324999996e-07,-2.840909682957392e-02,8.997006830036920e-03,0.000000000000000e+00,0.000000000000000e+00,0.000000000000000e+00,1.000000000000000e+00,1715495 1715465 1715464 1715494
1460,0,-1,0,1,1,3.026578719999999e-07,-2.837471820897470e-02,9.502384456319159e-03,0.000000000000000e+00,0.000000000000000e+00,0.000000000000000e+00,1.000000000000000e+00,1715464 1715463 1715282 1715494
1461,0,-1,0,1,1,3.037743100000012e-07,-2.661386058195419e-02,1.330791798755793e-02,0.000000000000000e+00,0.000000000000000e+00,0.000000000000000e+00,1.000000000000000e+00,1715486 1715288 1715287 1715499
1462,0,-1,0,1,1,2.154612765000001e-07,-2.828808479193692e-02,7.408220742034975e-03,0.000000000000000e+00,0.000000000000000e+00,0.000000000000000e+00,1.000000000000000e+00,1715469 1715462 1715461 1715460
1463,0,-1,0,1,1,2.356860500000004e-07,-2.817240376855652e-02,7.879921698420080e-03,0.000000000000000e+00,0.000000000000000e+00,0.000000000000000e+00,1.000000000000000e+00,1715459 1715462 1715469 1715470
1464,0,-1,0,1,1,2.490162840000006e-07,-2.805057899272221e-02,8.357039973784565e-03,0.000000000000000e+00,0.000000000000000e+00,0.000000000000000e+00,1.000000000000000e+00,1715458 1715465 1715459 1715470
1465,0,-1,0,1,1,2.432913794999996e-07,-2.863165937800624e-02,8.030844389211722e-03,0.000000000000000e+00,0.000000000000000e+00,0.000000000000000e+00,1.000000000000000e+00,1715459 1715481 1715496 1715462
1466,0,-1,0,1,1,2.573994574999999e-07,-2.853078337761169e-02,8.522209078239862e-03,0.000000000000000e+00,0.000000000000000e+00,0.000000000000000e+00,1.000000000000000e+00,1715481 1715459 1715465 1715495
1467,0,-1,0,1,1,2.586555464999992e-07,-2.792522479172121e-02,8.838114923106374e-03,0.000000000000000e+00,0.000000000000000e+00,0.000000000000000e+00,1.000000000000000e+00,1715484 1715464 1715465 1715458
1468,0,-1,0,1,1,2.904999679999993e-07,-2.781999612702516e-02,9.335268738856867e-03,0.000000000000000e+00,0.000000000000000e+00,0.000000000000000e+00,1.000000000000000e+00,1715463 1715464 1715484 1715485
1469,0,-1,0,1,1,4.002013899999984e-07,-2.825547179293572e-02,1.004771333251491e-02,0.000000000000000e+00,0.000000000000000e+00,0.000000000000000e+00,1.000000000000000e+00,1715463 1715457 1715283 1715282
1470,0,-1,0,1,1,2.742273800000008e-07,-2.709683863803339e-02,1.125586576714064e-02,0.000000000000000e+00,0.000000000000000e+00,0.000000000000000e+00,1.000000000000000e+00,1715479 1715475 1715482 1715483
1471,0,-1,0,1,1,2.496429700000005e-07,-2.619691180271436e-02,1.196369309835429e-02,0.000000000000000e+00,0.000000000000000e+00,0.000000000000000e+00,1.000000000000000e+00,1715478 1715424 1715425 1715477
1472,0,-1,0,1,1,2.019434594999999e-07,-2.871337847629945e-02,7.548561403333664e-03,0.000000000000000e+00,0.000000000000000e+00,0.000000000000000e+00,1.000000000000000e+00,1715461 1715462 1715496 1715497
1473,0,-1,0,1,1,2.613864229999990e-07,-2.743042766874174e-02,8.663462583343143e-03,0.000000000000000e+00,0.000000000000000e+00,0.000000000000000e+00,1.000000000000000e+00,1715417 1715418 1715484 1715458
1474,0,-1,0,1,1,2.278560149999992e-07,-2.568953639814381e-02,1.397736167893132e-02,0.000000000000000e+00,0.000000000000000e+00,0.000000000000000e+00,1.000000000000000e+00,1715487 1715488 1715467 1715466
1475,0,-1,0,1,1,2.540669749999998e-07,-2.592032469798891e-02,1.355244711824838e-02,0.000000000000000e+00,0.000000000000000e+00,0.000000000000000e+00,1.000000000000000e+00,1715472 1715467 1715488 1715486
1476,0,-1,0,1,1,2.480590300000001e-07,-2.549637686181256e-02,1.328711317012057e-02,0.000000000000000e+00,0.000000000000000e+00,0.000000000000000e+00,1.000000000000000e+00,1715472 1715427 1715428 1715467
1477,0,-1,0,1,1,3.187068209999993e-07,-2.767916504624340e-02,9.836931953359716e-03,0.000000000000000e+00,0.000000000000000e+00,0.000000000000000e+00,1.000000000000000e+00,1715485 1715468 1715457 1715463
1478,0,-1,0,1,1,2.539691999999993e-07,-2.546578642823618e-02,1.440655206353763e-02,0.000000000000000e+00,0.000000000000000e+00,0.000000000000000e+00,1.000000000000000e+00,1715487 1715466 1715235 1715234
1479,0,-1,0,1,1,2.333433675000001e-07,-2.885443441102071e-02,7.087439572868404e-03,0.000000000000000e+00,0.000000000000000e+00,0.000000000000000e+00,1.000000000000000e+00,879098 1715456 1715461 1715497
1480,0,-1,0,1,1,1.862129585000005e-07,-2.848146116505877e-02,6.510952475466424e-03,0.000000000000000e+00,0.000000000000000e+00,0.000000000000000e+00,1.000000000000000e+00,1715456 1715491 1715492 1715471
1481,0,-1,0,1,1,2.476622100000004e-07,-2.642666391826189e-02,1.151087590771721e-02,0.000000000000000e+00,0.000000000000000e+00,0.000000000000000e+00,1.000000000000000e+00,1715478 1715483 1715423 1715424
1482,0,-1,0,1,1,2.910346264999996e-07,-2.713766055414796e-02,9.623437940959684e-03,0.000000000000000e+00,0.000000000000000e+00,0.000000000000000e+00,1.000000000000000e+00,1715419 1715420 1715468 1715485
1483,0,-1,0,1,1,2.502101104999998e-07,-2.757684593542108e-02,8.187103905987470e-03,0.000000000000000e+00,0.000000000000000e+00,0.000000000000000e+00,1.000000000000000e+00,1715458 1715470 1715416 1715417
1484,0,-1,0,1,1,2.101318905000008e-07,-2.798822729583019e-02,6.771989006735209e-03,0.000000000000000e+00,0.000000000000000e+00,0.000000000000000e+00,1.000000000000000e+00,1715471 1715413 1715414 1715460
1485,0,-1,0,1,1,2.200649040000007e-07,-2.786266032102359e-02,7.242088432295773e-03,0.000000000000000e+00,0.000000000000000e+00,0.000000000000000e+00,1.000000000000000e+00,1715414 1715415 1715469 1715460
1486,0,-1,0,1,1,3.588677849999995e-07,-2.797745002970848e-02,1.063174992071476e-02,0.000000000000000e+00,0.000000000000000e+00,0.000000000000000e+00,1.000000000000000e+00,1715284 1715283 1715457 1715474
1487,0,-1,0,1,1,2.487607129999993e-07,-2.821811227763673e-02,5.680538891643962e-03,0.000000000000000e+00,0.000000000000000e+00,0.000000000000000e+00,1.000000000000000e+00,1715489 1715411 1715412 1715493
1488,0,-1,0,1,1,2.668985800000019e-07,-2.680023306881089e-02,1.057366891367750e-02,0.000000000000000e+00,0.000000000000000e+00,0.000000000000000e+00,1.000000000000000e+00,1715422 1715482 1715473 1715421
1489,0,-1,0,1,1,3.046334749999989e-07,-2.592855756434569e-02,1.460626701167690e-02,0.000000000000000e+00,0.000000000000000e+00,0.000000000000000e+00,1.000000000000000e+00,1715289 1715487 1715234 1715044
1490,0,-1,0,1,1,3.066672599999992e-07,-2.700868850715050e-02,1.255654776162933e-02,0.000000000000000e+00,0.000000000000000e+00,0.000000000000000e+00,1.000000000000000e+00,1715480 1715498 1715287 1715286
1491,0,-1,0,1,1,2.743011079999990e-07,-2.892662329483026e-02,6.545658319834845e-03,0.000000000000000e+00,0.000000000000000e+00,0.000000000000000e+00,1.000000000000000e+00,1715456 879098 879097 1715491
1492,0,-1,0,1,1,3.153857935000006e-07,-2.911356613378756e-02,8.125521733927469e-03,0.000000000000000e+00,0.000000000000000e+00,0.000000000000000e+00,1.000000000000000e+00,1715496 1715481 879070 879099
1493,0,-1,0,1,1,2.299006395000007e-07,-2.853011271695810e-02,3.255399435603404e-03,0.000000000000000e+00,0.000000000000000e+00,0.000000000000000e+00,1.000000000000000e+00,1715406 1715407 879094 879093
1494,0,-1,0,1,1,3.230017450000005e-07,-2.760460543406094e-02,1.140207101100904e-02,0.000000000000000e+00,0.000000000000000e+00,0.000000000000000e+00,1.000000000000000e+00,1715475 1715479 1715285 1715284
1495,0,-1,0,1,1,2.980406529999993e-07,-2.748130823732750e-02,1.033423232674764e-02,0.000000000000000e+00,0.000000000000000e+00,0.000000000000000e+00,1.000000000000000e+00,1715473 1715474 1715457 1715468
1496,0,-1,0,1,1,2.128419260000002e-07,-2.840711844707185e-02,6.950780946638477e-03,0.000000000000000e+00,0.000000000000000e+00,0.000000000000000e+00,1.000000000000000e+00,1715460 1715461 1715456 1715471
1497,0,-1,0,1,1,3.448350079999992e-07,-2.854544147236060e-02,3.910131399831209e-03,0.000000000000000e+00,0.000000000000000e+00,0.000000000000000e+00,1.000000000000000e+00,1715407 1715408 879095 879094
1498,0,-1,0,1,1,2.431421589999993e-07,-2.872889898138712e-02,4.869731674371343e-03,0.000000000000000e+00,0.000000000000000e+00,0.000000000000000e+00,1.000000000000000e+00,1715490 879096 879095 1715455
1499,0,-1,0,1,1,2.435159834999999e-07,-2.843537079387522e-02,4.361470639692548e-03,0.000000000000000e+00,0.000000000000000e+00,0.000000000000000e+00,1.000000000000000e+00,879095 1715408 1715409 1715455
1500,0,-1,0,1,1,1.849529430000010e-07,-2.830072346022983e-02,4.790221577097047e-03,0.000000000000000e+00,0.000000000000000e+00,0.000000000000000e+00,1.000000000000000e+00,1715409 1715410 1715490 1715455
1501,0,-1,0,1,1,6.227399899999998e-07,3.654752270291090e-02,1.691139090022819e-02,0.000000000000000e+00,0.000000000000000e+00,0.000000000000000e+00,1.000000000000000e+00,1562924 1562919 1562916
1502,0,-1,0,1,1,4.390100599999999e-07,3.162389204898813e-02,1.462533827268036e-02,0.000000000000000e+00,0.000000000000000e+00,0.000000000000000e+00,1.000000000000000e+00,1562907 1562901 1562897
1503,0,-1,0,1,1,3.369373250000011e-07,2.937458400321585e-02,1.296307862106072e-02,0.000000000000000e+00,0.000000000000000e+00,0.000000000000000e+00,1.000000000000000e+00,1562893 1562886 1562882
1504,0,-1,0,1,1,4.453236579999982e-07,2.860469842345339e-02,1.042556492504979e-02,0.000000000000000e+00,0.000000000000000e+00,0.000000000000000e+00,1.000000000000000e+00,1562467 1562466 1562884
1505,0,-1,0,1,1,1.048237600000004e-07,2.660843769075980e-02,1.294014621769561e-02,0.000000000000000e+00,0.000000000000000e+00,0.000000000000000e+00,1.000000000000000e+00,1563485 1563484 1562471
1506,0,-1,0,1,1,8.037570450000002e-08,2.901002967206194e-02,7.514160927035163e-03,0.000000000000000e+00,0.000000000000000e+00,0.000000000000000e+00,1.000000000000000e+00,1563483 877398 1563482
1507,0,-1,0,1,1,8.813403299999989e-08,2.873384315936280e-02,8.974703591115515e-03,0.000000000000000e+00,0.000000000000000e+00,0.000000000000000e+00,1.000000000000000e+00,1563481 1562465 1563480
1508,0,-1,0,1,1,1.186793085000000e-07,2.892582549281556e-02,9.299978459249778e-03,0.000000000000000e+00,0.000000000000000e+00,0.000000000000000e+00,1.000000000000000e+00,1562465 1562466 1563480
1509,0,-1,0,1,1,8.224470100000006e-08,2.857786580735291e-02,5.156296977077601e-03,0.000000000000000e+00,0.000000000000000e+00,0.000000000000000e+00,1.000000000000000e+00,1563476 877395 1563475
1510,0,-1,0,1,1,5.749152850000056e-08,2.853476458568230e-02,2.203894683173601e-03,0.000000000000000e+00,0.000000000000000e+00,0.000000000000000e+00,1.000000000000000e+00,863758 877392 1563382
1511,0,-1,0,1,1,8.581114699999955e-08,2.806772672048280e-02,5.973553122675878e-03,0.000000000000000e+00,0.000000000000000e+00,0.000000000000000e+00,1.000000000000000e+00,1563389 1563479 1563478
1512,0,-1,0,1,1,5.747529900000013e-08,2.847036047934660e-02,2.619667551825641e-03,0.000000000000000e+00,0.000000000000000e+00,0.000000000000000e+00,1.000000000000000e+00,1563382 877392 1563383
1513,0,-1,0,1,1,1.012046699999998e-07,2.602635041724778e-02,1.404732728809417e-02,0.000000000000000e+00,0.000000000000000e+00,0.000000000000000e+00,1.000000000000000e+00,1563474 1562473 1563473
1514,0,-1,0,1,1,1.049790355000001e-07,2.915811832814705e-02,7.106522631359470e-03,0.000000000000000e+00,0.000000000000000e+00,0.000000000000000e+00,1.000000000000000e+00,877397 877398 1563483
1515,0,-1,0,1,1,1.166762700000003e-07,2.787278615259847e-02,1.105536049965240e-02,0.000000000000000e+00,0.000000000000000e+00,0.000000000000000e+00,1.000000000000000e+00,1562468 1563461 1563460
1516,0,-1,0,1,1,6.227652799999990e-07,3.291939757773656e-02,2.319537094292966e-02,0.000000000000000e+00,0.000000000000000e+00,0.000000000000000e+00,1.000000000000000e+00,1603779 1603771 1603774
1517,0,-1,0,1,1,4.389393000000011e-07,2.847782791062633e-02,2.007440561596828e-02,0.000000000000000e+00,0.000000000000000e+00,0.000000000000000e+00,1.000000000000000e+00,1603762 1603752 1603756
1518,0,-1,0,1,1,3.369773700000002e-07,2.591365487845948e-02,1.895756227616916e-02,0.000000000000000e+00,0.000000000000000e+00,0.000000000000000e+00,1.000000000000000e+00,1603748 1603737 1603741
1519,0,-1,0,1,1,4.453339500000006e-07,2.333116102665217e-02,1.955956469843260e-02,0.000000000000000e+00,0.000000000000000e+00,0.000000000000000e+00,1.000000000000000e+00,1603717 1603739 1603716
1520,0,-1,0,1,1,1.047980700000003e-07,2.451068583156548e-02,1.657356028537308e-02,0.000000000000000e+00,0.000000000000000e+00,0.000000000000000e+00,1.000000000000000e+00,1603971 1603721 1603970
1521,0,-1,0,1,1,8.036128500000081e-08,2.101250778488474e-02,2.136635166599279e-02,0.000000000000000e+00,0.000000000000000e+00,0.000000000000000e+00,1.000000000000000e+00,1603969 1603968 877721
1522,0,-1,0,1,1,8.814132999999945e-08,2.213922903076791e-02,2.039689601395518e-02,0.000000000000000e+00,0.000000000000000e+00,0.000000000000000e+00,1.000000000000000e+00,1603967 1603966 1603715
1523,0,-1,0,1,1,1.187017749999998e-07,2.251691831460986e-02,2.040049992708934e-02,0.000000000000000e+00,0.000000000000000e+00,0.000000000000000e+00,1.000000000000000e+00,1603715 1603966 1603716
1524,0,-1,0,1,1,8.224092500000009e-08,1.875439311575288e-02,2.217096435863775e-02,0.000000000000000e+00,0.000000000000000e+00,0.000000000000000e+00,1.000000000000000e+00,1603962 1603961 877718
1525,0,-1,0,1,1,5.749798500000041e-08,1.617598337391508e-02,2.360988585863989e-02,0.000000000000000e+00,0.000000000000000e+00,0.000000000000000e+00,1.000000000000000e+00,877426 1603868 877715
1526,0,-1,0,1,1,8.581600499999996e-08,1.920712611303179e-02,2.132063353104727e-02,0.000000000000000e+00,0.000000000000000e+00,0.000000000000000e+00,1.000000000000000e+00,1603875 1603964 1603965
1527,0,-1,0,1,1,5.747952999999987e-08,1.650389182039963e-02,2.334622823011537e-02,0.000000000000000e+00,0.000000000000000e+00,0.000000000000000e+00,1.000000000000000e+00,1603868 1603869 877715
1528,0,-1,0,1,1,1.011957300000006e-07,2.517851745303989e-02,1.551581226563026e-02,0.000000000000000e+00,0.000000000000000e+00,0.000000000000000e+00,1.000000000000000e+00,1603960 1603959 1603723
1529,0,-1,0,1,1,1.049604000000009e-07,2.073349501178854e-02,2.169843504744846e-02,0.000000000000000e+00,0.000000000000000e+00,0.000000000000000e+00,1.000000000000000e+00,877720 1603969 877721
1530,0,-1,0,1,1,1.166909150000004e-07,2.351063656984625e-02,1.861086196867337e-02,0.000000000000000e+00,0.000000000000000e+00,0.000000000000000e+00,1.000000000000000e+00,1603718 1603946 1603947
1531,0,-1,0,1,1,6.227760480000001e-07,3.628086266257223e-03,4.010676184315784e-02,0.000000000000000e+00,0.000000000000000e+00,0.000000000000000e+00,1.000000000000000e+00,1713978 1713973 1713970
1532,0,-1,0,1,1,4.389687125000000e-07,3.146009708903248e-03,3.469972831810719e-02,0.000000000000000e+00,0.000000000000000e+00,0.000000000000000e+00,1.000000000000000e+00,1713961 1713955 1713951
1533,0,-1,0,1,1,3.369761745000006e-07,3.460931097781759e-03,3.192070975614699e-02,0.000000000000000e+00,0.000000000000000e+00,0.000000000000000e+00,1.000000000000000e+00,1713947 1713940 1713936
1534,0,-1,0,1,1,4.453815089999996e-07,5.273522309667536e-03,2.998515453634871e-02,0.000000000000000e+00,0.000000000000000e+00,0.000000000000000e+00,1.000000000000000e+00,1713916 1713915 1713938
1535,0,-1,0,1,1,1.047914285000000e-07,2.097757188031899e-03,2.951369093252725e-02,0.000000000000000e+00,0.000000000000000e+00,0.000000000000000e+00,1.000000000000000e+00,1714149 1714148 1713920
1536,0,-1,0,1,1,8.038264499999993e-08,7.997563860202591e-03,2.888052415008210e-02,0.000000000000000e+00,0.000000000000000e+00,0.000000000000000e+00,1.000000000000000e+00,1714147 877904 1714146
1537,0,-1,0,1,1,8.810976449999969e-08,6.594606343324164e-03,2.937162313515022e-02,0.000000000000000e+00,0.000000000000000e+00,0.000000000000000e+00,1.000000000000000e+00,1714145 1713914 1714144
1538,0,-1,0,1,1,1.186779739999998e-07,6.408887419909587e-03,2.970043952742201e-02,0.000000000000000e+00,0.000000000000000e+00,0.000000000000000e+00,1.000000000000000e+00,1713914 1713915 1714144
1539,0,-1,0,1,1,8.225340149999988e-08,9.823441134545885e-03,2.732727912098607e-02,0.000000000000000e+00,0.000000000000000e+00,0.000000000000000e+00,1.000000000000000e+00,1714140 877901 1714139
1540,0,-1,0,1,1,5.747112000000053e-08,1.235871235285011e-02,2.581378209886763e-02,0.000000000000000e+00,0.000000000000000e+00,0.000000000000000e+00,1.000000000000000e+00,877840 877898 1714053
1541,0,-1,0,1,1,8.580497100000063e-08,8.860622164505149e-03,2.729419288193973e-02,0.000000000000000e+00,0.000000000000000e+00,0.000000000000000e+00,1.000000000000000e+00,1714060 1714143 1714142
1542,0,-1,0,1,1,5.747112000000048e-08,1.196645308840552e-02,2.596592398318298e-02,0.000000000000000e+00,0.000000000000000e+00,0.000000000000000e+00,1.000000000000000e+00,1714053 877898 1714054
1543,0,-1,0,1,1,1.012135263000002e-07,8.478350715725193e-04,2.956322398318298e-02,0.000000000000000e+00,0.000000000000000e+00,0.000000000000000e+00,1.000000000000000e+00,1714138 1713922 1714137
1544,0,-1,0,1,1,1.049711850000004e-07,8.424629544575103e-03,2.880495169229522e-02,0.000000000000000e+00,0.000000000000000e+00,0.000000000000000e+00,1.000000000000000e+00,877903 877904 1714147
1545,0,-1,0,1,1,1.166863954999997e-07,4.362188441669333e-03,2.966623803886721e-02,0.000000000000000e+00,0.000000000000000e+00,0.000000000000000e+00,1.000000000000000e+00,1713917 1714125 1714124
1546,0,-1,0,1,1,6.227760480000001e-07,-3.628086266257223e-03,4.010676184315784e-02,0.000000000000000e+00,0.000000000000000e+00,0.000000000000000e+00,1.000000000000000e+00,1714206 1714198 1714201
1547,0,-1,0,1,1,4.389679829999998e-07,-3.146002823011538e-03,3.469972831810720e-02,0.000000000000000e+00,0.000000000000000e+00,0.000000000000000e+00,1.000000000000000e+00,1714189 1714179 1714183
1548,0,-1,0,1,1,3.369761745000006e-07,-3.460931097781759e-03,3.192070975614699e-02,0.000000000000000e+00,0.000000000000000e+00,0.000000000000000e+00,1.000000000000000e+00,1714175 1714164 1714168
1549,0,-1,0,1,1,4.453815089999996e-07,-5.273522309667535e-03,2.998515453634870e-02,0.000000000000000e+00,0.000000000000000e+00,0.000000000000000e+00,1.000000000000000e+00,1714152 1714166 1714151
1550,0,-1,0,1,1,1.047914285000000e-07,-2.097757188031900e-03,2.951369093252724e-02,0.000000000000000e+00,0.000000000000000e+00,0.000000000000000e+00,1.000000000000000e+00,1714368 1714156 1714367
1551,0,-1,0,1,1,8.038264499999993e-08,-7.997563860202591e-03,2.888052415008210e-02,0.000000000000000e+00,0.000000000000000e+00,0.000000000000000e+00,1.000000000000000e+00,1714366 1714365 877968
1552,0,-1,0,1,1,8.810976449999969e-08,-6.594606343324164e-03,2.937162313515023e-02,0.000000000000000e+00,0.000000000000000e+00,0.000000000000000e+00,1.000000000000000e+00,1714364 1714363 1714150
1553,0,-1,0,1,1,1.186779739999998e-07,-6.408887419909587e-03,2.970043952742201e-02,0.000000000000000e+00,0.000000000000000e+00,0.000000000000000e+00,1.000000000000000e+00,1714150 1714363 1714151
1554,0,-1,0,1,1,8.225340149999988e-08,-9.823441134545884e-03,2.732727912098608e-02,0.000000000000000e+00,0.000000000000000e+00,0.000000000000000e+00,1.000000000000000e+00,1714359 1714358 877965
1555,0,-1,0,1,1,5.747112000000053e-08,-1.235871235285011e-02,2.581378209886763e-02,0.000000000000000e+00,0.000000000000000e+00,0.000000000000000e+00,1.000000000000000e+00,877931 1714274 877962
1556,0,-1,0,1,1,8.580733800000063e-08,-8.860623721559291e-03,2.729419288193972e-02,0.000000000000000e+00,0.000000000000000e+00,0.000000000000000e+00,1.000000000000000e+00,1714281 1714361 1714362
1557,0,-1,0,1,1,5.747112000000048e-08,-1.196645308840552e-02,2.596592398318298e-02,0.000000000000000e+00,0.000000000000000e+00,0.000000000000000e+00,1.000000000000000e+00,1714274 1714275 877962
1558,0,-1,0,1,1,1.012134971000002e-07,-8.478384487508615e-04,2.956322398318299e-02,0.000000000000000e+00,0.000000000000000e+00,0.000000000000000e+00,1.000000000000000e+00,1714357 1714356 1714158
1559,0,-1,0,1,1,1.049711850000004e-07,-8.424629544575103e-03,2.880495169229522e-02,0.000000000000000e+00,0.000000000000000e+00,0.000000000000000e+00,1.000000000000000e+00,877967 1714366 877968
1560,0,-1,0,1,1,1.166836334999997e-07,-4.362179998723477e-03,2.966623803886722e-02,0.000000000000000e+00,0.000000000000000e+00,0.000000000000000e+00,1.000000000000000e+00,1714153 1714343 1714344
1561,0,-1,0,1,1,6.227652799999990e-07,-3.291939757773656e-02,2.319537094292966e-02,0.000000000000000e+00,0.000000000000000e+00,0.000000000000000e+00,1.000000000000000e+00,1715109 1715104 1715101
1562,0,-1,0,1,1,4.389393000000011e-07,-2.847782791062633e-02,2.007440561596828e-02,0.000000000000000e+00,0.000000000000000e+00,0.000000000000000e+00,1.000000000000000e+00,1715092 1715086 1715082
1563,0,-1,0,1,1,3.369773700000002e-07,-2.591365487845949e-02,1.895756227616916e-02,0.000000000000000e+00,0.000000000000000e+00,0.000000000000000e+00,1.000000000000000e+00,1715078 1715071 1715067
1564,0,-1,0,1,1,4.453339500000006e-07,-2.333116102665217e-02,1.955956469843260e-02,0.000000000000000e+00,0.000000000000000e+00,0.000000000000000e+00,1.000000000000000e+00,1715047 1715046 1715069
1565,0,-1,0,1,1,1.047980700000003e-07,-2.451068583156548e-02,1.657356028537308e-02,0.000000000000000e+00,0.000000000000000e+00,0.000000000000000e+00,1.000000000000000e+00,1715280 1715279 1715051
1566,0,-1,0,1,1,8.036128500000081e-08,-2.101250778488474e-02,2.136635166599279e-02,0.000000000000000e+00,0.000000000000000e+00,0.000000000000000e+00,1.000000000000000e+00,1715278 879035 1715277
1567,0,-1,0,1,1,8.814132999999945e-08,-2.213922903076792e-02,2.039689601395518e-02,0.000000000000000e+00,0.000000000000000e+00,0.000000000000000e+00,1.000000000000000e+00,1715276 1715045 1715275
1568,0,-1,0,1,1,1.187017749999998e-07,-2.251691831460986e-02,2.040049992708934e-02,0.000000000000000e+00,0.000000000000000e+00,0.000000000000000e+00,1.000000000000000e+00,1715045 1715046 1715275
1569,0,-1,0,1,1,8.225084000000039e-08,-1.875440868629432e-02,2.217096435863775e-02,0.000000000000000e+00,0.000000000000000e+00,0.000000000000000e+00,1.000000000000000e+00,1715271 879032 1715270
1570,0,-1,0,1,1,5.749816500000041e-08,-1.617605223283219e-02,2.360988585863989e-02,0.000000000000000e+00,0.000000000000000e+00,0.000000000000000e+00,1.000000000000000e+00,878971 879029 1715184
1571,0,-1,0,1,1,8.581600499999996e-08,-1.920712611303179e-02,2.132063353104727e-02,0.000000000000000e+00,0.000000000000000e+00,0.000000000000000e+00,1.000000000000000e+00,1715191 1715274 1715273
1572,0,-1,0,1,1,5.747952999999987e-08,-1.650389182039963e-02,2.334622823011537e-02,0.000000000000000e+00,0.000000000000000e+00,0.000000000000000e+00,1.000000000000000e+00,1715184 879029 1715185
1573,0,-1,0,1,1,1.011957300000006e-07,-2.517851745303989e-02,1.551581226563026e-02,0.000000000000000e+00,0.000000000000000e+00,0.000000000000000e+00,1.000000000000000e+00,1715269 1715053 1715268
1574,0,-1,0,1,1,1.049604000000009e-07,-2.073349501178854e-02,2.169843504744845e-02,0.000000000000000e+00,0.000000000000000e+00,0.000000000000000e+00,1.000000000000000e+00,879034 879035 1715278
1575,0,-1,0,1,1,1.166977100000003e-07,-2.351065214038770e-02,1.861086196867336e-02,0.000000000000000e+00,0.000000000000000e+00,0.000000000000000e+00,1.000000000000000e+00,1715048 1715256 1715255
1576,0,-1,0,1,1,6.227399899999998e-07,-3.654752270291090e-02,1.691139090022819e-02,0.000000000000000e+00,0.000000000000000e+00,0.000000000000000e+00,1.000000000000000e+00,1715337 1715329 1715332
1577,0,-1,0,1,1,4.390100599999999e-07,-3.162389204898813e-02,1.462533827268037e-02,0.000000000000000e+00,0.000000000000000e+00,0.000000000000000e+00,1.000000000000000e+00,1715320 1715310 1715314
1578,0,-1,0,1,1,3.369373250000011e-07,-2.937458400321585e-02,1.296307862106072e-02,0.000000000000000e+00,0.000000000000000e+00,0.000000000000000e+00,1.000000000000000e+00,1715306 1715295 1715299
1579,0,-1,0,1,1,4.453236579999982e-07,-2.860469842345339e-02,1.042556492504979e-02,0.000000000000000e+00,0.000000000000000e+00,0.000000000000000e+00,1.000000000000000e+00,1715283 1715297 1715282
1580,0,-1,0,1,1,1.048237600000004e-07,-2.660843769075980e-02,1.294014621769561e-02,0.000000000000000e+00,0.000000000000000e+00,0.000000000000000e+00,1.000000000000000e+00,1715499 1715287 1715498
1581,0,-1,0,1,1,8.039030749999996e-08,-2.901001410152048e-02,7.514169369981017e-03,0.000000000000000e+00,0.000000000000000e+00,0.000000000000000e+00,1.000000000000000e+00,1715497 1715496 879099
1582,0,-1,0,1,1,8.813191499999990e-08,-2.873384315936280e-02,8.974710477007226e-03,0.000000000000000e+00,0.000000000000000e+00,0.000000000000000e+00,1.000000000000000e+00,1715495 1715494 1715281
1583,0,-1,0,1,1,1.186793085000000e-07,-2.892582549281556e-02,9.299978459249778e-03,0.000000000000000e+00,0.000000000000000e+00,0.000000000000000e+00,1.000000000000000e+00,1715281 1715494 1715282
1584,0,-1,0,1,1,8.224693000000006e-08,-2.857786580735291e-02,5.156298534131744e-03,0.000000000000000e+00,0.000000000000000e+00,0.000000000000000e+00,1.000000000000000e+00,1715490 1715489 879096
1585,0,-1,0,1,1,5.749152850000056e-08,-2.853476458568230e-02,2.203894683173601e-03,0.000000000000000e+00,0.000000000000000e+00,0.000000000000000e+00,1.000000000000000e+00,879062 1715405 879093
1586,0,-1,0,1,1,8.581114699999955e-08,-2.806772672048280e-02,5.973553122675878e-03,0.000000000000000e+00,0.000000000000000e+00,0.000000000000000e+00,1.000000000000000e+00,1715412 1715492 1715493
1587,0,-1,0,1,1,5.747529900000013e-08,-2.847036047934660e-02,2.619667551825641e-03,0.000000000000000e+00,0.000000000000000e+00,0.000000000000000e+00,1.000000000000000e+00,1715405 1715406 879093
1588,0,-1,0,1,1,1.012046699999998e-07,-2.602635041724778e-02,1.404732728809417e-02,0.000000000000000e+00,0.000000000000000e+00,0.000000000000000e+00,1.000000000000000e+00,1715488 1715487 1715289
1589,0,-1,0,1,1,1.049805310000001e-07,-2.915811832814706e-02,7.106525745467762e-03,0.000000000000000e+00,0.000000000000000e+00,0.000000000000000e+00,1.000000000000000e+00,879098 1715497 879099
1590,0,-1,0,1,1,1.166762700000003e-07,-2.787278615259847e-02,1.105536049965240e-02,0.000000000000000e+00,0.000000000000000e+00,0.000000000000000e+00,1.000000000000000e+00,1715284 1715474 1715475
