# vtk DataFile Version 3.0
eMachineSim boundary faces
ASCII
DATASET POLYDATA
POINTS 5077 double
2.792850000000000e-02 2.000000000000000e-03 0.000000000000000e+00
2.853000000000000e-02 2.000000000000000e-03 0.000000000000000e+00
2.938520000000000e-02 8.536300000000000e-03 0.000000000000000e+00
3.152080000000000e-02 9.769200000000000e-03 0.000000000000000e+00
4.034850000000000e-02 1.486590000000000e-02 0.000000000000000e+00
4.080250000000000e-02 1.512800000000000e-02 0.000000000000000e+00
2.424870000000000e-02 1.400000000000000e-02 0.000000000000000e+00
2.448240000000000e-02 1.357290000000000e-02 0.000000000000000e+00
2.471270000000000e-02 1.314390000000000e-02 0.000000000000000e+00
2.493820000000000e-02 1.271240000000000e-02 0.000000000000000e+00
2.515720000000000e-02 1.227760000000000e-02 0.000000000000000e+00
2.536900000000000e-02 1.183920000000000e-02 0.000000000000000e+00
2.557320000000000e-02 1.139720000000000e-02 0.000000000000000e+00
2.576940000000000e-02 1.095160000000000e-02 0.000000000000000e+00
2.595740000000000e-02 1.050250000000000e-02 0.000000000000000e+00
2.613720000000000e-02 1.005010000000000e-02 0.000000000000000e+00
2.630890000000000e-02 9.594490000000001e-03 0.000000000000000e+00
2.647240000000000e-02 9.135900000000001e-03 0.000000000000000e+00
2.662770000000000e-02 8.674480000000000e-03 0.000000000000000e+00
2.677480000000000e-02 8.210360000000000e-03 0.000000000000000e+00
2.691360000000000e-02 7.743690000000000e-03 0.000000000000000e+00
2.704400000000000e-02 7.274620000000000e-03 0.000000000000000e+00
2.716600000000000e-02 6.803270000000000e-03 0.000000000000000e+00
2.727940000000000e-02 6.329800000000000e-03 0.000000000000000e+00
2.738420000000000e-02 5.854350000000000e-03 0.000000000000000e+00
2.748020000000000e-02 5.377040000000000e-03 0.000000000000000e+00
2.756720000000000e-02 4.898010000000000e-03 0.000000000000000e+00
2.764540000000000e-02 4.417460000000000e-03 0.000000000000000e+00
2.771520000000000e-02 3.935630000000000e-03 0.000000000000000e+00
2.777720000000000e-02 3.452720000000000e-03 0.000000000000000e+00
2.783230000000000e-02 2.968980000000000e-03 0.000000000000000e+00
2.788210000000000e-02 2.484660000000000e-03 0.000000000000000e+00
2.822930000000000e-02 2.000000000000000e-03 0.000000000000000e+00
3.328630000000000e-02 1.078850000000000e-02 0.000000000000000e+00
3.505190000000000e-02 1.180790000000000e-02 0.000000000000000e+00
3.681740000000000e-02 1.282720000000000e-02 0.000000000000000e+00
3.858300000000000e-02 1.384660000000000e-02 0.000000000000000e+00
3.045300000000000e-02 9.152749999999999e-03 0.000000000000000e+00
4.500000000000000e-02 0.000000000000000e+00 0.000000000000000e+00
4.492630000000000e-02 2.438580000000000e-03 0.000000000000000e+00
4.473540000000000e-02 4.870540000000000e-03 0.000000000000000e+00
4.440030000000000e-02 7.286830000000000e-03 0.000000000000000e+00
4.394570000000000e-02 9.683799999999999e-03 0.000000000000000e+00
4.289800000000000e-02 1.149850000000000e-02 0.000000000000000e+00
4.185020000000000e-02 1.331330000000000e-02 0.000000000000000e+00
4.676540000000000e-02 2.700000000000000e-02 0.000000000000000e+00
5.328210000000000e-02 1.571280000000000e-02 0.000000000000000e+00
5.219600000000000e-02 1.759400000000000e-02 0.000000000000000e+00
5.110990000000000e-02 1.947520000000000e-02 0.000000000000000e+00
5.002370000000000e-02 2.135640000000000e-02 0.000000000000000e+00
4.893760000000000e-02 2.323760000000000e-02 0.000000000000000e+00
4.785150000000000e-02 2.511880000000000e-02 0.000000000000000e+00
5.436820000000000e-02 1.383160000000000e-02 0.000000000000000e+00
5.603580000000000e-02 2.328180000000000e-03 0.000000000000000e+00
5.590450000000000e-02 4.653350000000000e-03 0.000000000000000e+00
5.567040000000000e-02 6.970430000000000e-03 0.000000000000000e+00
5.532610000000000e-02 9.273709999999999e-03 0.000000000000000e+00
5.488000000000000e-02 1.155950000000000e-02 0.000000000000000e+00
5.610000000000000e-02 0.000000000000000e+00 0.000000000000000e+00
2.863690000000000e-02 2.817040000000000e-03 0.000000000000000e+00
2.874380000000000e-02 3.634080000000000e-03 0.000000000000000e+00
2.885070000000000e-02 4.451110000000000e-03 0.000000000000000e+00
2.895760000000000e-02 5.268150000000000e-03 0.000000000000000e+00
2.906450000000000e-02 6.085190000000000e-03 0.000000000000000e+00
2.917140000000000e-02 6.902220000000000e-03 0.000000000000000e+00
2.927830000000000e-02 7.719260000000000e-03 0.000000000000000e+00
1.569630000000000e-02 2.318680000000000e-02 0.000000000000000e+00
1.609280000000000e-02 2.290430000000000e-02 0.000000000000000e+00
1.648740000000000e-02 2.261900000000000e-02 0.000000000000000e+00
1.687880000000000e-02 2.232940000000000e-02 0.000000000000000e+00
1.726600000000000e-02 2.203430000000000e-02 0.000000000000000e+00
1.764830000000000e-02 2.173290000000000e-02 0.000000000000000e+00
1.802540000000000e-02 2.142490000000000e-02 0.000000000000000e+00
1.839670000000000e-02 2.111000000000000e-02 0.000000000000000e+00
1.876210000000000e-02 2.078820000000000e-02 0.000000000000000e+00
1.912150000000000e-02 2.045980000000000e-02 0.000000000000000e+00
1.947480000000000e-02 2.012480000000000e-02 0.000000000000000e+00
1.982200000000000e-02 1.978350000000000e-02 0.000000000000000e+00
2.016300000000000e-02 1.943600000000000e-02 0.000000000000000e+00
2.049780000000000e-02 1.908250000000000e-02 0.000000000000000e+00
2.082620000000000e-02 1.872310000000000e-02 0.000000000000000e+00
2.114810000000000e-02 1.835780000000000e-02 0.000000000000000e+00
2.146350000000000e-02 1.798690000000000e-02 0.000000000000000e+00
2.177220000000000e-02 1.761040000000000e-02 0.000000000000000e+00
2.207420000000000e-02 1.722850000000000e-02 0.000000000000000e+00
2.236910000000000e-02 1.684110000000000e-02 0.000000000000000e+00
2.265690000000000e-02 1.644840000000000e-02 0.000000000000000e+00
2.293760000000000e-02 1.605060000000000e-02 0.000000000000000e+00
2.321130000000000e-02 1.564800000000000e-02 0.000000000000000e+00
2.347840000000000e-02 1.524090000000000e-02 0.000000000000000e+00
2.373940000000000e-02 1.482990000000000e-02 0.000000000000000e+00
2.399560000000000e-02 1.441590000000000e-02 0.000000000000000e+00
1.599700000000000e-02 2.370770000000000e-02 0.000000000000000e+00
1.584670000000000e-02 2.344720000000000e-02 0.000000000000000e+00
2.422080000000000e-02 2.241320000000000e-02 0.000000000000000e+00
3.304850000000000e-02 2.750990000000000e-02 0.000000000000000e+00
2.598630000000000e-02 2.343250000000000e-02 0.000000000000000e+00
2.775190000000000e-02 2.445190000000000e-02 0.000000000000000e+00
2.951740000000000e-02 2.547120000000000e-02 0.000000000000000e+00
3.128290000000000e-02 2.649050000000000e-02 0.000000000000000e+00
2.208520000000000e-02 2.118020000000000e-02 0.000000000000000e+00
3.350250000000000e-02 2.777200000000000e-02 0.000000000000000e+00
2.315300000000000e-02 2.179670000000000e-02 0.000000000000000e+00
2.250000000000000e-02 3.897110000000000e-02 0.000000000000000e+00
2.457500000000000e-02 3.768800000000000e-02 0.000000000000000e+00
2.658570000000000e-02 3.630670000000000e-02 0.000000000000000e+00
2.851070000000000e-02 3.480830000000000e-02 0.000000000000000e+00
3.035930000000000e-02 3.321620000000000e-02 0.000000000000000e+00
3.140700000000000e-02 3.140150000000000e-02 0.000000000000000e+00
3.245470000000000e-02 2.958670000000000e-02 0.000000000000000e+00
4.024870000000000e-02 3.828720000000000e-02 0.000000000000000e+00
4.133480000000000e-02 3.640600000000000e-02 0.000000000000000e+00
4.242090000000000e-02 3.452480000000000e-02 0.000000000000000e+00
4.350710000000000e-02 3.264360000000000e-02 0.000000000000000e+00
4.459320000000000e-02 3.076240000000000e-02 0.000000000000000e+00
4.567930000000000e-02 2.888120000000000e-02 0.000000000000000e+00
3.916260000000000e-02 4.016840000000000e-02 0.000000000000000e+00
3.003420000000000e-02 4.736430000000000e-02 0.000000000000000e+00
3.198220000000000e-02 4.608810000000000e-02 0.000000000000000e+00
3.387180000000000e-02 4.472680000000000e-02 0.000000000000000e+00
3.569430000000000e-02 4.327690000000000e-02 0.000000000000000e+00
3.745080000000000e-02 4.174770000000000e-02 0.000000000000000e+00
2.805000000000000e-02 4.858400000000000e-02 0.000000000000000e+00
1.675810000000000e-02 2.339180000000000e-02 0.000000000000000e+00
1.751910000000000e-02 2.307580000000000e-02 0.000000000000000e+00
1.828010000000000e-02 2.275990000000000e-02 0.000000000000000e+00
1.904110000000000e-02 2.244390000000000e-02 0.000000000000000e+00
1.980220000000000e-02 2.212800000000000e-02 0.000000000000000e+00
2.056320000000000e-02 2.181210000000000e-02 0.000000000000000e+00
2.132420000000000e-02 2.149610000000000e-02 0.000000000000000e+00
4.375700000000000e-10 5.400000000000000e-02 0.000000000000000e+00
1.303340000000000e-02 5.400000000000000e-02 0.000000000000000e+00
1.086110000000000e-02 5.400000000000000e-02 0.000000000000000e+00
8.688899999999999e-03 5.400000000000000e-02 0.000000000000000e+00
6.516680000000000e-03 5.400000000000000e-02 0.000000000000000e+00
4.344450000000000e-03 5.400000000000000e-02 0.000000000000000e+00
2.172230000000000e-03 5.400000000000000e-02 0.000000000000000e+00
1.520560000000000e-02 5.400000000000000e-02 0.000000000000000e+00
2.600170000000000e-02 4.969250000000000e-02 0.000000000000000e+00
2.392230000000000e-02 5.074140000000000e-02 0.000000000000000e+00
2.179860000000000e-02 5.169720000000000e-02 0.000000000000000e+00
1.963180000000000e-02 5.255060000000000e-02 0.000000000000000e+00
1.742920000000000e-02 5.330720000000000e-02 0.000000000000000e+00
-1.303340000000000e-02 5.400000000000000e-02 0.000000000000000e+00
-1.086110000000000e-02 5.400000000000000e-02 0.000000000000000e+00
-8.688899999999999e-03 5.400000000000000e-02 0.000000000000000e+00
-6.516670000000000e-03 5.400000000000000e-02 0.000000000000000e+00
-4.344450000000000e-03 5.400000000000000e-02 0.000000000000000e+00
-2.172230000000000e-03 5.400000000000000e-02 0.000000000000000e+00
-1.520560000000000e-02 5.400000000000000e-02 0.000000000000000e+00
-2.600160000000000e-02 4.969250000000000e-02 0.000000000000000e+00
-2.392230000000000e-02 5.074140000000000e-02 0.000000000000000e+00
-2.179860000000000e-02 5.169720000000000e-02 0.000000000000000e+00
-1.963180000000000e-02 5.255060000000000e-02 0.000000000000000e+00
-1.742920000000000e-02 5.330720000000000e-02 0.000000000000000e+00
-2.805000000000000e-02 4.858400000000000e-02 0.000000000000000e+00
1.223220000000000e-02 2.518680000000000e-02 0.000000000000000e+00
1.253290000000000e-02 2.570770000000000e-02 0.000000000000000e+00
7.299950000000000e-03 2.971650000000000e-02 0.000000000000000e+00
7.300020000000000e-03 3.218240000000000e-02 0.000000000000000e+00
7.300000000000000e-03 4.237580000000000e-02 0.000000000000000e+00
7.300020000000000e-03 4.290000000000000e-02 0.000000000000000e+00
-5.653000000000000e-09 2.800000000000000e-02 0.000000000000000e+00
4.867400000000000e-04 2.798880000000000e-02 0.000000000000000e+00
9.733890000000000e-04 2.797380000000000e-02 0.000000000000000e+00
1.459820000000000e-03 2.795330000000000e-02 0.000000000000000e+00
1.945900000000000e-03 2.792560000000000e-02 0.000000000000000e+00
2.431450000000000e-03 2.788980000000000e-02 0.000000000000000e+00
2.916310000000000e-03 2.784560000000000e-02 0.000000000000000e+00
3.400290000000000e-03 2.779270000000000e-02 0.000000000000000e+00
3.883240000000000e-03 2.773100000000000e-02 0.000000000000000e+00
4.364980000000000e-03 2.766050000000000e-02 0.000000000000000e+00
4.845370000000000e-03 2.758140000000000e-02 0.000000000000000e+00
5.324280000000000e-03 2.749370000000000e-02 0.000000000000000e+00
5.801550000000000e-03 2.739750000000000e-02 0.000000000000000e+00
6.277030000000000e-03 2.729280000000000e-02 0.000000000000000e+00
6.750570000000000e-03 2.717970000000000e-02 0.000000000000000e+00
7.222010000000000e-03 2.705810000000000e-02 0.000000000000000e+00
7.691180000000000e-03 2.692810000000000e-02 0.000000000000000e+00
8.157930000000001e-03 2.678960000000000e-02 0.000000000000000e+00
8.622090000000001e-03 2.664260000000000e-02 0.000000000000000e+00
9.083450000000000e-03 2.648710000000000e-02 0.000000000000000e+00
9.541810000000000e-03 2.632290000000000e-02 0.000000000000000e+00
9.997070000000000e-03 2.615030000000000e-02 0.000000000000000e+00
1.044930000000000e-02 2.596990000000000e-02 0.000000000000000e+00
1.089850000000000e-02 2.578220000000000e-02 0.000000000000000e+00
1.134500000000000e-02 2.558800000000000e-02 0.000000000000000e+00
1.178930000000000e-02 2.538900000000000e-02 0.000000000000000e+00
1.238260000000000e-02 2.544730000000000e-02 0.000000000000000e+00
7.300020000000000e-03 3.422110000000000e-02 0.000000000000000e+00
7.300020000000000e-03 3.625980000000000e-02 0.000000000000000e+00
7.300010000000000e-03 3.829840000000000e-02 0.000000000000000e+00
7.300010000000000e-03 4.033710000000000e-02 0.000000000000000e+00
7.299990000000000e-03 3.094940000000000e-02 0.000000000000000e+00
2.035130000000000e-02 4.012660000000000e-02 0.000000000000000e+00
1.814970000000000e-02 4.117730000000000e-02 0.000000000000000e+00
1.588950000000000e-02 4.209520000000000e-02 0.000000000000000e+00
1.358640000000000e-02 4.290000000000000e-02 0.000000000000000e+00
1.149100000000000e-02 4.290000000000000e-02 0.000000000000000e+00
9.395489999999999e-03 4.290000000000000e-02 0.000000000000000e+00
1.187880000000000e-02 2.620880000000000e-02 0.000000000000000e+00
1.122470000000000e-02 2.670990000000000e-02 0.000000000000000e+00
1.057060000000000e-02 2.721100000000000e-02 0.000000000000000e+00
9.916450000000000e-03 2.771210000000000e-02 0.000000000000000e+00
9.262319999999999e-03 2.821320000000000e-02 0.000000000000000e+00
8.608200000000000e-03 2.871430000000000e-02 0.000000000000000e+00
7.954070000000001e-03 2.921540000000000e-02 0.000000000000000e+00
-1.223220000000000e-02 2.518680000000000e-02 0.000000000000000e+00
-1.178930000000000e-02 2.538900000000000e-02 0.000000000000000e+00
-1.134490000000000e-02 2.558800000000000e-02 0.000000000000000e+00
-1.089850000000000e-02 2.578220000000000e-02 0.000000000000000e+00
-1.044930000000000e-02 2.596990000000000e-02 0.000000000000000e+00
-9.997070000000000e-03 2.615030000000000e-02 0.000000000000000e+00
-9.541810000000000e-03 2.632290000000000e-02 0.000000000000000e+00
-9.083450000000000e-03 2.648710000000000e-02 0.000000000000000e+00
-8.622090000000001e-03 2.664260000000000e-02 0.000000000000000e+00
-8.157930000000001e-03 2.678960000000000e-02 0.000000000000000e+00
-7.691180000000000e-03 2.692810000000000e-02 0.000000000000000e+00
-7.222000000000000e-03 2.705810000000000e-02 0.000000000000000e+00
-6.750560000000000e-03 2.717970000000000e-02 0.000000000000000e+00
-6.277030000000000e-03 2.729280000000000e-02 0.000000000000000e+00
-5.801550000000000e-03 2.739750000000000e-02 0.000000000000000e+00
-5.324280000000000e-03 2.749370000000000e-02 0.000000000000000e+00
-4.845370000000000e-03 2.758140000000000e-02 0.000000000000000e+00
-4.364970000000000e-03 2.766050000000000e-02 0.000000000000000e+00
-3.883240000000000e-03 2.773100000000000e-02 0.000000000000000e+00
-3.400290000000000e-03 2.779270000000000e-02 0.000000000000000e+00
-2.916310000000000e-03 2.784560000000000e-02 0.000000000000000e+00
-2.431450000000000e-03 2.788980000000000e-02 0.000000000000000e+00
-1.945890000000000e-03 2.792560000000000e-02 0.000000000000000e+00
-1.459820000000000e-03 2.795330000000000e-02 0.000000000000000e+00
-9.733810000000001e-04 2.797380000000000e-02 0.000000000000000e+00
-4.867420000000000e-04 2.798880000000000e-02 0.000000000000000e+00
-1.253290000000000e-02 2.570770000000000e-02 0.000000000000000e+00
-1.238260000000000e-02 2.544730000000000e-02 0.000000000000000e+00
-7.300020000000000e-03 3.218240000000000e-02 0.000000000000000e+00
-7.300000000000000e-03 4.237580000000000e-02 0.000000000000000e+00
-7.300020000000000e-03 3.422110000000000e-02 0.000000000000000e+00
-7.300020000000000e-03 3.625980000000000e-02 0.000000000000000e+00
-7.300010000000000e-03 3.829840000000000e-02 0.000000000000000e+00
-7.300010000000000e-03 4.033710000000000e-02 0.000000000000000e+00
-7.299950000000000e-03 2.971650000000000e-02 0.000000000000000e+00
-7.300020000000000e-03 4.290000000000000e-02 0.000000000000000e+00
-7.299990000000000e-03 3.094940000000000e-02 0.000000000000000e+00
-2.250000000000000e-02 3.897110000000000e-02 0.000000000000000e+00
-2.035130000000000e-02 4.012660000000000e-02 0.000000000000000e+00
-1.814970000000000e-02 4.117730000000000e-02 0.000000000000000e+00
-1.588950000000000e-02 4.209520000000000e-02 0.000000000000000e+00
-1.358640000000000e-02 4.290000000000000e-02 0.000000000000000e+00
-1.149100000000000e-02 4.290000000000000e-02 0.000000000000000e+00
-9.395479999999999e-03 4.290000000000000e-02 0.000000000000000e+00
-1.187880000000000e-02 2.620880000000000e-02 0.000000000000000e+00
-1.122470000000000e-02 2.670990000000000e-02 0.000000000000000e+00
-1.057060000000000e-02 2.721100000000000e-02 0.000000000000000e+00
-9.916450000000000e-03 2.771210000000000e-02 0.000000000000000e+00
-9.262319999999999e-03 2.821320000000000e-02 0.000000000000000e+00
-8.608200000000000e-03 2.871430000000000e-02 0.000000000000000e+00
-7.954070000000001e-03 2.921540000000000e-02 0.000000000000000e+00
-4.676540000000000e-02 2.700000000000000e-02 0.000000000000000e+00
-4.024870000000000e-02 3.828720000000000e-02 0.000000000000000e+00
-4.133480000000000e-02 3.640600000000000e-02 0.000000000000000e+00
-4.242100000000000e-02 3.452480000000000e-02 0.000000000000000e+00
-4.350710000000000e-02 3.264360000000000e-02 0.000000000000000e+00
-4.459320000000000e-02 3.076240000000000e-02 0.000000000000000e+00
-4.567930000000000e-02 2.888120000000000e-02 0.000000000000000e+00
-3.916260000000000e-02 4.016840000000000e-02 0.000000000000000e+00
-3.003420000000000e-02 4.736430000000000e-02 0.000000000000000e+00
-3.198220000000000e-02 4.608810000000000e-02 0.000000000000000e+00
-3.387180000000000e-02 4.472680000000000e-02 0.000000000000000e+00
-3.569430000000000e-02 4.327690000000000e-02 0.000000000000000e+00
-3.745080000000000e-02 4.174770000000000e-02 0.000000000000000e+00
-5.328210000000000e-02 1.571280000000000e-02 0.000000000000000e+00
-5.219600000000000e-02 1.759400000000000e-02 0.000000000000000e+00
-5.110980000000000e-02 1.947520000000000e-02 0.000000000000000e+00
-5.002370000000000e-02 2.135640000000000e-02 0.000000000000000e+00
-4.893760000000000e-02 2.323760000000000e-02 0.000000000000000e+00
-4.785150000000000e-02 2.511880000000000e-02 0.000000000000000e+00
-5.436820000000000e-02 1.383160000000000e-02 0.000000000000000e+00
-5.603580000000000e-02 2.328180000000000e-03 0.000000000000000e+00
-5.590450000000000e-02 4.653350000000000e-03 0.000000000000000e+00
-5.567040000000000e-02 6.970430000000000e-03 0.000000000000000e+00
-5.532600000000000e-02 9.273709999999999e-03 0.000000000000000e+00
-5.488000000000000e-02 1.155950000000000e-02 0.000000000000000e+00
-5.610000000000000e-02 6.870270000000000e-18 0.000000000000000e+00
-1.569630000000000e-02 2.318680000000000e-02 0.000000000000000e+00
-1.599710000000000e-02 2.370770000000000e-02 0.000000000000000e+00
-2.208530000000000e-02 2.118020000000000e-02 0.000000000000000e+00
-2.422080000000000e-02 2.241320000000000e-02 0.000000000000000e+00
-3.304850000000000e-02 2.750990000000000e-02 0.000000000000000e+00
-3.350250000000000e-02 2.777200000000000e-02 0.000000000000000e+00
-2.424870000000000e-02 1.400000000000000e-02 0.000000000000000e+00
-2.399560000000000e-02 1.441590000000000e-02 0.000000000000000e+00
-2.373940000000000e-02 1.482990000000000e-02 0.000000000000000e+00
-2.347840000000000e-02 1.524090000000000e-02 0.000000000000000e+00
-2.321130000000000e-02 1.564800000000000e-02 0.000000000000000e+00
-2.293750000000000e-02 1.605060000000000e-02 0.000000000000000e+00
-2.265690000000000e-02 1.644840000000000e-02 0.000000000000000e+00
-2.236910000000000e-02 1.684110000000000e-02 0.000000000000000e+00
-2.207410000000000e-02 1.722850000000000e-02 0.000000000000000e+00
-2.177220000000000e-02 1.761040000000000e-02 0.000000000000000e+00
-2.146350000000000e-02 1.798690000000000e-02 0.000000000000000e+00
-2.114810000000000e-02 1.835780000000000e-02 0.000000000000000e+00
-2.082620000000000e-02 1.872310000000000e-02 0.000000000000000e+00
-2.049780000000000e-02 1.908250000000000e-02 0.000000000000000e+00
-2.016300000000000e-02 1.943600000000000e-02 0.000000000000000e+00
-1.982200000000000e-02 1.978350000000000e-02 0.000000000000000e+00
-1.947480000000000e-02 2.012480000000000e-02 0.000000000000000e+00
-1.912150000000000e-02 2.045980000000000e-02 0.000000000000000e+00
-1.876210000000000e-02 2.078820000000000e-02 0.000000000000000e+00
-1.839680000000000e-02 2.111000000000000e-02 0.000000000000000e+00
-1.802540000000000e-02 2.142490000000000e-02 0.000000000000000e+00
-1.764830000000000e-02 2.173290000000000e-02 0.000000000000000e+00
-1.726600000000000e-02 2.203430000000000e-02 0.000000000000000e+00
-1.687880000000000e-02 2.232940000000000e-02 0.000000000000000e+00
-1.648740000000000e-02 2.261900000000000e-02 0.000000000000000e+00
-1.609280000000000e-02 2.290430000000000e-02 0.000000000000000e+00
-1.584670000000000e-02 2.344720000000000e-02 0.000000000000000e+00
-2.598630000000000e-02 2.343250000000000e-02 0.000000000000000e+00
-2.775190000000000e-02 2.445190000000000e-02 0.000000000000000e+00
-2.951740000000000e-02 2.547120000000000e-02 0.000000000000000e+00
-3.128300000000000e-02 2.649050000000000e-02 0.000000000000000e+00
-2.315300000000000e-02 2.179670000000000e-02 0.000000000000000e+00
-2.457500000000000e-02 3.768800000000000e-02 0.000000000000000e+00
-2.658570000000000e-02 3.630670000000000e-02 0.000000000000000e+00
-2.851070000000000e-02 3.480830000000000e-02 0.000000000000000e+00
-3.035930000000000e-02 3.321620000000000e-02 0.000000000000000e+00
-3.140700000000000e-02 3.140150000000000e-02 0.000000000000000e+00
-3.245470000000000e-02 2.958670000000000e-02 0.000000000000000e+00
-1.675810000000000e-02 2.339180000000000e-02 0.000000000000000e+00
-1.751910000000000e-02 2.307580000000000e-02 0.000000000000000e+00
-1.828010000000000e-02 2.275990000000000e-02 0.000000000000000e+00
-1.904120000000000e-02 2.244390000000000e-02 0.000000000000000e+00
-1.980220000000000e-02 2.212800000000000e-02 0.000000000000000e+00
-2.056320000000000e-02 2.181210000000000e-02 0.000000000000000e+00
-2.132420000000000e-02 2.149610000000000e-02 0.000000000000000e+00
-2.792850000000000e-02 2.000000000000000e-03 0.000000000000000e+00
-2.788210000000000e-02 2.484660000000000e-03 0.000000000000000e+00
-2.783230000000000e-02 2.968970000000000e-03 0.000000000000000e+00
-2.777720000000000e-02 3.452720000000000e-03 0.000000000000000e+00
-2.771520000000000e-02 3.935630000000000e-03 0.000000000000000e+00
-2.764540000000000e-02 4.417460000000000e-03 0.000000000000000e+00
-2.756720000000000e-02 4.898010000000000e-03 0.000000000000000e+00
-2.748020000000000e-02 5.377040000000000e-03 0.000000000000000e+00
-2.738420000000000e-02 5.854340000000000e-03 0.000000000000000e+00
-2.727940000000000e-02 6.329810000000000e-03 0.000000000000000e+00
-2.716600000000000e-02 6.803280000000000e-03 0.000000000000000e+00
-2.704400000000000e-02 7.274620000000000e-03 0.000000000000000e+00
-2.691360000000000e-02 7.743690000000000e-03 0.000000000000000e+00
-2.677480000000000e-02 8.210350000000000e-03 0.000000000000000e+00
-2.662770000000000e-02 8.674480000000000e-03 0.000000000000000e+00
-2.647240000000000e-02 9.135900000000001e-03 0.000000000000000e+00
-2.630890000000000e-02 9.594490000000001e-03 0.000000000000000e+00
-2.613720000000000e-02 1.005010000000000e-02 0.000000000000000e+00
-2.595740000000000e-02 1.050250000000000e-02 0.000000000000000e+00
-2.576940000000000e-02 1.095160000000000e-02 0.000000000000000e+00
-2.557320000000000e-02 1.139720000000000e-02 0.000000000000000e+00
-2.536900000000000e-02 1.183920000000000e-02 0.000000000000000e+00
-2.515720000000000e-02 1.227760000000000e-02 0.000000000000000e+00
-2.493820000000000e-02 1.271240000000000e-02 0.000000000000000e+00
-2.471270000000000e-02 1.314390000000000e-02 0.000000000000000e+00
-2.448240000000000e-02 1.357290000000000e-02 0.000000000000000e+00
-2.853000000000000e-02 2.000000000000000e-03 0.000000000000000e+00
-2.822930000000000e-02 2.000000000000000e-03 0.000000000000000e+00
-3.152080000000000e-02 9.769210000000000e-03 0.000000000000000e+00
-4.034850000000000e-02 1.486590000000000e-02 0.000000000000000e+00
-3.328630000000000e-02 1.078850000000000e-02 0.000000000000000e+00
-3.505190000000000e-02 1.180790000000000e-02 0.000000000000000e+00
-3.681740000000000e-02 1.282720000000000e-02 0.000000000000000e+00
-3.858300000000000e-02 1.384660000000000e-02 0.000000000000000e+00
-2.938520000000000e-02 8.536300000000000e-03 0.000000000000000e+00
-4.080250000000000e-02 1.512800000000000e-02 0.000000000000000e+00
-3.045300000000000e-02 9.152749999999999e-03 0.000000000000000e+00
-4.500000000000000e-02 5.510910000000000e-18 0.000000000000000e+00
-4.492630000000000e-02 2.438580000000000e-03 0.000000000000000e+00
-4.473540000000000e-02 4.870540000000000e-03 0.000000000000000e+00
-4.440020000000000e-02 7.286830000000000e-03 0.000000000000000e+00
-4.394570000000000e-02 9.683799999999999e-03 0.000000000000000e+00
-4.289800000000000e-02 1.149850000000000e-02 0.000000000000000e+00
-4.185020000000000e-02 1.331330000000000e-02 0.000000000000000e+00
-2.863690000000000e-02 2.817040000000000e-03 0.000000000000000e+00
-2.874380000000000e-02 3.634080000000000e-03 0.000000000000000e+00
-2.885070000000000e-02 4.451120000000000e-03 0.000000000000000e+00
-2.895760000000000e-02 5.268150000000000e-03 0.000000000000000e+00
-2.906450000000000e-02 6.085190000000000e-03 0.000000000000000e+00
-2.917140000000000e-02 6.902220000000000e-03 0.000000000000000e+00
-2.927830000000000e-02 7.719270000000000e-03 0.000000000000000e+00
2.598080000000000e-02 1.500000000000000e-02 0.000000000000000e+00
2.904480000000000e-02 9.182670000000000e-03 0.000000000000000e+00
2.870430000000000e-02 9.829040000000001e-03 0.000000000000000e+00
2.836390000000000e-02 1.047540000000000e-02 0.000000000000000e+00
2.802340000000000e-02 1.112180000000000e-02 0.000000000000000e+00
2.768300000000000e-02 1.176810000000000e-02 0.000000000000000e+00
2.734250000000000e-02 1.241450000000000e-02 0.000000000000000e+00
2.700210000000000e-02 1.306090000000000e-02 0.000000000000000e+00
2.666170000000000e-02 1.370730000000000e-02 0.000000000000000e+00
2.632120000000000e-02 1.435360000000000e-02 0.000000000000000e+00
2.693100000000000e-02 1.554860000000000e-02 0.000000000000000e+00
2.798020000000000e-02 1.615440000000000e-02 0.000000000000000e+00
2.913860000000000e-02 1.682320000000000e-02 0.000000000000000e+00
3.041760000000000e-02 1.756160000000000e-02 0.000000000000000e+00
3.182970000000000e-02 1.837690000000000e-02 0.000000000000000e+00
3.338880000000000e-02 1.927700000000000e-02 0.000000000000000e+00
3.511020000000000e-02 2.027090000000000e-02 0.000000000000000e+00
3.701080000000000e-02 2.136820000000000e-02 0.000000000000000e+00
4.017050000000000e-02 1.616800000000000e-02 0.000000000000000e+00
3.953860000000000e-02 1.720800000000000e-02 0.000000000000000e+00
3.890660000000000e-02 1.824810000000000e-02 0.000000000000000e+00
3.827470000000000e-02 1.928810000000000e-02 0.000000000000000e+00
3.764270000000000e-02 2.032810000000000e-02 0.000000000000000e+00
2.881010000000000e-02 1.237490000000000e-02 0.000000000000000e+00
3.023080000000000e-02 1.003980000000000e-02 0.000000000000000e+00
2.957000000000000e-02 1.080170000000000e-02 0.000000000000000e+00
2.920090000000000e-02 1.168550000000000e-02 0.000000000000000e+00
2.849730000000000e-02 1.287100000000000e-02 0.000000000000000e+00
2.820760000000000e-02 1.349950000000000e-02 0.000000000000000e+00
2.789130000000000e-02 1.425200000000000e-02 0.000000000000000e+00
2.750650000000000e-02 1.495590000000000e-02 0.000000000000000e+00
3.158770000000000e-02 1.089590000000000e-02 0.000000000000000e+00
3.087460000000000e-02 1.160000000000000e-02 0.000000000000000e+00
3.042330000000000e-02 1.243420000000000e-02 0.000000000000000e+00
2.970060000000000e-02 1.311690000000000e-02 0.000000000000000e+00
2.951750000000000e-02 1.399540000000000e-02 0.000000000000000e+00
2.921190000000000e-02 1.481070000000000e-02 0.000000000000000e+00
2.871800000000000e-02 1.555650000000000e-02 0.000000000000000e+00
3.093810000000000e-02 1.385730000000000e-02 0.000000000000000e+00
3.300620000000000e-02 1.175150000000000e-02 0.000000000000000e+00
3.223340000000000e-02 1.243860000000000e-02 0.000000000000000e+00
3.161610000000000e-02 1.318840000000000e-02 0.000000000000000e+00
3.073130000000000e-02 1.450730000000000e-02 0.000000000000000e+00
3.045970000000000e-02 1.536310000000000e-02 0.000000000000000e+00
2.993360000000000e-02 1.619790000000000e-02 0.000000000000000e+00
3.430440000000000e-02 1.251930000000000e-02 0.000000000000000e+00
3.347410000000000e-02 1.327600000000000e-02 0.000000000000000e+00
3.290970000000000e-02 1.413700000000000e-02 0.000000000000000e+00
3.198080000000000e-02 1.482570000000000e-02 0.000000000000000e+00
3.180500000000000e-02 1.602080000000000e-02 0.000000000000000e+00
3.125350000000000e-02 1.690580000000000e-02 0.000000000000000e+00
3.596100000000000e-02 1.352640000000000e-02 0.000000000000000e+00
3.497850000000000e-02 1.426560000000000e-02 0.000000000000000e+00
3.432710000000000e-02 1.506750000000000e-02 0.000000000000000e+00
3.360640000000000e-02 1.578930000000000e-02 0.000000000000000e+00
3.334050000000000e-02 1.680810000000000e-02 0.000000000000000e+00
3.271220000000000e-02 1.767500000000000e-02 0.000000000000000e+00
3.581120000000000e-02 1.602850000000000e-02 0.000000000000000e+00
3.749210000000000e-02 1.444600000000000e-02 0.000000000000000e+00
3.650370000000000e-02 1.525480000000000e-02 0.000000000000000e+00
3.536640000000000e-02 1.665990000000000e-02 0.000000000000000e+00
3.488980000000000e-02 1.759610000000000e-02 0.000000000000000e+00
3.426000000000000e-02 1.852730000000000e-02 0.000000000000000e+00
3.904970000000000e-02 1.534350000000000e-02 0.000000000000000e+00
3.801190000000000e-02 1.630520000000000e-02 0.000000000000000e+00
3.698110000000000e-02 1.716790000000000e-02 0.000000000000000e+00
3.651400000000000e-02 1.838230000000000e-02 0.000000000000000e+00
3.587990000000000e-02 1.939680000000000e-02 0.000000000000000e+00
4.685000000000000e-02 0.000000000000000e+00 0.000000000000000e+00
4.870000000000000e-02 0.000000000000000e+00 0.000000000000000e+00
5.055000000000000e-02 0.000000000000000e+00 0.000000000000000e+00
5.240000000000000e-02 0.000000000000000e+00 0.000000000000000e+00
5.425000000000000e-02 0.000000000000000e+00 0.000000000000000e+00
3.863650000000000e-02 2.230680000000000e-02 0.000000000000000e+00
4.026230000000000e-02 2.324550000000000e-02 0.000000000000000e+00
4.188810000000000e-02 2.418410000000000e-02 0.000000000000000e+00
4.351380000000000e-02 2.512270000000000e-02 0.000000000000000e+00
4.513960000000000e-02 2.606140000000000e-02 0.000000000000000e+00
5.411300000000000e-02 2.290370000000000e-03 0.000000000000000e+00
5.222100000000000e-02 2.247970000000000e-03 0.000000000000000e+00
5.034980000000000e-02 2.244890000000000e-03 0.000000000000000e+00
4.850250000000000e-02 2.289690000000000e-03 0.000000000000000e+00
4.670180000000000e-02 2.340210000000000e-03 0.000000000000000e+00
5.392710000000000e-02 4.555990000000000e-03 0.000000000000000e+00
5.198910000000000e-02 4.500360000000000e-03 0.000000000000000e+00
5.009110000000000e-02 4.476550000000000e-03 0.000000000000000e+00
4.824770000000000e-02 4.539140000000000e-03 0.000000000000000e+00
4.645980000000000e-02 4.662740000000000e-03 0.000000000000000e+00
5.364730000000000e-02 6.818190000000000e-03 0.000000000000000e+00
5.166980000000000e-02 6.716840000000000e-03 0.000000000000000e+00
4.974220000000000e-02 6.668420000000000e-03 0.000000000000000e+00
4.788380000000000e-02 6.739460000000000e-03 0.000000000000000e+00
4.610520000000000e-02 7.058920000000000e-03 0.000000000000000e+00
5.326060000000000e-02 9.045340000000001e-03 0.000000000000000e+00
5.124210000000000e-02 8.881060000000000e-03 0.000000000000000e+00
4.929280000000000e-02 8.822240000000000e-03 0.000000000000000e+00
4.743040000000000e-02 8.937960000000000e-03 0.000000000000000e+00
4.568590000000000e-02 9.358920000000000e-03 0.000000000000000e+00
5.277070000000000e-02 1.123810000000000e-02 0.000000000000000e+00
5.070410000000000e-02 1.100060000000000e-02 0.000000000000000e+00
4.868630000000000e-02 1.090020000000000e-02 0.000000000000000e+00
4.675110000000000e-02 1.095370000000000e-02 0.000000000000000e+00
4.482150000000000e-02 1.114230000000000e-02 0.000000000000000e+00
5.214010000000000e-02 1.333810000000000e-02 0.000000000000000e+00
5.003780000000000e-02 1.304030000000000e-02 0.000000000000000e+00
4.794420000000000e-02 1.286220000000000e-02 0.000000000000000e+00
4.590980000000000e-02 1.288740000000000e-02 0.000000000000000e+00
4.389450000000000e-02 1.310090000000000e-02 0.000000000000000e+00
5.122730000000000e-02 1.528660000000000e-02 0.000000000000000e+00
4.918940000000000e-02 1.493200000000000e-02 0.000000000000000e+00
4.713580000000000e-02 1.469790000000000e-02 0.000000000000000e+00
4.508270000000000e-02 1.467020000000000e-02 0.000000000000000e+00
4.298860000000000e-02 1.496540000000000e-02 0.000000000000000e+00
5.023080000000000e-02 1.713980000000000e-02 0.000000000000000e+00
4.826380000000000e-02 1.673170000000000e-02 0.000000000000000e+00
4.629520000000000e-02 1.642270000000000e-02 0.000000000000000e+00
4.430290000000000e-02 1.623350000000000e-02 0.000000000000000e+00
4.227230000000000e-02 1.617370000000000e-02 0.000000000000000e+00
4.922550000000000e-02 1.896600000000000e-02 0.000000000000000e+00
4.732080000000000e-02 1.848890000000000e-02 0.000000000000000e+00
4.541980000000000e-02 1.806490000000000e-02 0.000000000000000e+00
4.348800000000000e-02 1.772610000000000e-02 0.000000000000000e+00
4.152610000000000e-02 1.745000000000000e-02 0.000000000000000e+00
4.821200000000000e-02 2.077070000000000e-02 0.000000000000000e+00
4.637750000000000e-02 2.020700000000000e-02 0.000000000000000e+00
4.454100000000000e-02 1.964860000000000e-02 0.000000000000000e+00
4.267180000000000e-02 1.917390000000000e-02 0.000000000000000e+00
4.080260000000000e-02 1.870950000000000e-02 0.000000000000000e+00
4.719700000000000e-02 2.254950000000000e-02 0.000000000000000e+00
4.542910000000000e-02 2.187820000000000e-02 0.000000000000000e+00
4.366110000000000e-02 2.119770000000000e-02 0.000000000000000e+00
4.186060000000000e-02 2.056860000000000e-02 0.000000000000000e+00
4.006800000000000e-02 1.992940000000000e-02 0.000000000000000e+00
4.615260000000000e-02 2.432180000000000e-02 0.000000000000000e+00
4.445270000000000e-02 2.352430000000000e-02 0.000000000000000e+00
4.276160000000000e-02 2.270720000000000e-02 0.000000000000000e+00
4.106000000000000e-02 2.190870000000000e-02 0.000000000000000e+00
3.934680000000000e-02 2.112810000000000e-02 0.000000000000000e+00
2.447380000000000e-02 1.413000000000000e-02 0.000000000000000e+00
2.469890000000000e-02 1.425990000000000e-02 0.000000000000000e+00
2.845370000000000e-02 2.492450000000000e-03 0.000000000000000e+00
2.837750000000000e-02 2.984900000000000e-03 0.000000000000000e+00
2.830120000000000e-02 3.477350000000000e-03 0.000000000000000e+00
2.822500000000000e-02 3.969800000000000e-03 0.000000000000000e+00
2.814870000000000e-02 4.462250000000000e-03 0.000000000000000e+00
2.807240000000000e-02 4.954700000000000e-03 0.000000000000000e+00
2.799620000000000e-02 5.447150000000000e-03 0.000000000000000e+00
2.791990000000000e-02 5.939600000000000e-03 0.000000000000000e+00
2.784370000000000e-02 6.432050000000000e-03 0.000000000000000e+00
2.773430000000000e-02 6.916480000000000e-03 0.000000000000000e+00
2.757710000000000e-02 7.389360000000000e-03 0.000000000000000e+00
2.741990000000000e-02 7.862240000000000e-03 0.000000000000000e+00
2.726270000000000e-02 8.335110000000000e-03 0.000000000000000e+00
2.710550000000000e-02 8.807990000000000e-03 0.000000000000000e+00
2.694830000000000e-02 9.280870000000000e-03 0.000000000000000e+00
2.679110000000000e-02 9.753740000000000e-03 0.000000000000000e+00
2.663390000000000e-02 1.022660000000000e-02 0.000000000000000e+00
2.647670000000000e-02 1.069950000000000e-02 0.000000000000000e+00
2.631950000000000e-02 1.117240000000000e-02 0.000000000000000e+00
2.609980000000000e-02 1.161850000000000e-02 0.000000000000000e+00
2.586630000000000e-02 1.205870000000000e-02 0.000000000000000e+00
2.563280000000000e-02 1.249900000000000e-02 0.000000000000000e+00
2.539940000000000e-02 1.293920000000000e-02 0.000000000000000e+00
2.516590000000000e-02 1.337950000000000e-02 0.000000000000000e+00
2.493240000000000e-02 1.381970000000000e-02 0.000000000000000e+00
2.470680000000000e-02 1.369590000000000e-02 0.000000000000000e+00
2.493830000000000e-02 1.326120000000000e-02 0.000000000000000e+00
2.516750000000000e-02 1.282510000000000e-02 0.000000000000000e+00
2.539350000000000e-02 1.238750000000000e-02 0.000000000000000e+00
2.561610000000000e-02 1.194820000000000e-02 0.000000000000000e+00
2.583220000000000e-02 1.150600000000000e-02 0.000000000000000e+00
2.603070000000000e-02 1.105610000000000e-02 0.000000000000000e+00
2.621380000000000e-02 1.059970000000000e-02 0.000000000000000e+00
2.638360000000000e-02 1.013760000000000e-02 0.000000000000000e+00
2.654820000000000e-02 9.673460000000000e-03 0.000000000000000e+00
2.670860000000000e-02 9.207770000000001e-03 0.000000000000000e+00
2.686480000000000e-02 8.740650000000001e-03 0.000000000000000e+00
2.701700000000000e-02 8.272180000000001e-03 0.000000000000000e+00
2.716490000000000e-02 7.802440000000000e-03 0.000000000000000e+00
2.730870000000000e-02 7.331500000000000e-03 0.000000000000000e+00
2.743930000000000e-02 6.857250000000000e-03 0.000000000000000e+00
2.755240000000000e-02 6.378720000000000e-03 0.000000000000000e+00
2.764930000000000e-02 5.896350000000000e-03 0.000000000000000e+00
2.773620000000000e-02 5.411690000000000e-03 0.000000000000000e+00
2.781790000000000e-02 4.926020000000000e-03 0.000000000000000e+00
2.789520000000000e-02 4.439570000000000e-03 0.000000000000000e+00
2.796840000000000e-02 3.952480000000000e-03 0.000000000000000e+00
2.803770000000000e-02 3.464850000000000e-03 0.000000000000000e+00
2.810370000000000e-02 2.976810000000000e-03 0.000000000000000e+00
2.816710000000000e-02 2.488470000000000e-03 0.000000000000000e+00
2.555350000000000e-02 1.475330000000000e-02 0.000000000000000e+00
2.512620000000000e-02 1.450660000000000e-02 0.000000000000000e+00
2.850490000000000e-02 4.659140000000000e-03 0.000000000000000e+00
2.868280000000000e-02 6.805850000000000e-03 0.000000000000000e+00
2.784110000000000e-02 1.020580000000000e-02 0.000000000000000e+00
2.774380000000000e-02 8.511430000000000e-03 0.000000000000000e+00
2.835270000000000e-02 8.201240000000000e-03 0.000000000000000e+00
2.813830000000000e-02 7.099260000000000e-03 0.000000000000000e+00
2.856030000000000e-02 7.257320000000000e-03 0.000000000000000e+00
2.844620000000000e-02 7.714670000000000e-03 0.000000000000000e+00
2.805540000000000e-02 9.682810000000000e-03 0.000000000000000e+00
2.812330000000000e-02 9.162860000000000e-03 0.000000000000000e+00
2.822470000000000e-02 8.678250000000000e-03 0.000000000000000e+00
2.536510000000000e-02 1.406870000000000e-02 0.000000000000000e+00
2.559560000000000e-02 1.363600000000000e-02 0.000000000000000e+00
2.731290000000000e-02 9.974310000000000e-03 0.000000000000000e+00
2.801050000000000e-02 7.557970000000000e-03 0.000000000000000e+00
2.788340000000000e-02 8.034190000000000e-03 0.000000000000000e+00
2.824460000000000e-02 6.645650000000000e-03 0.000000000000000e+00
2.582510000000000e-02 1.319200000000000e-02 0.000000000000000e+00
2.713170000000000e-02 1.045330000000000e-02 0.000000000000000e+00
2.762610000000000e-02 1.070530000000000e-02 0.000000000000000e+00
2.745340000000000e-02 1.111160000000000e-02 0.000000000000000e+00
2.605950000000000e-02 1.275210000000000e-02 0.000000000000000e+00
2.629040000000000e-02 1.231590000000000e-02 0.000000000000000e+00
2.652710000000000e-02 1.185700000000000e-02 0.000000000000000e+00
2.720810000000000e-02 1.160420000000000e-02 0.000000000000000e+00
2.694880000000000e-02 1.211530000000000e-02 0.000000000000000e+00
2.884500000000000e-02 8.356010000000001e-03 0.000000000000000e+00
2.695570000000000e-02 1.092060000000000e-02 0.000000000000000e+00
2.675470000000000e-02 1.139220000000000e-02 0.000000000000000e+00
2.761300000000000e-02 8.991360000000000e-03 0.000000000000000e+00
2.748940000000000e-02 9.485410000000000e-03 0.000000000000000e+00
2.624600000000000e-02 1.345430000000000e-02 0.000000000000000e+00
2.581000000000000e-02 1.429530000000000e-02 0.000000000000000e+00
2.600860000000000e-02 1.392200000000000e-02 0.000000000000000e+00
2.849030000000000e-02 5.428780000000000e-03 0.000000000000000e+00
2.851180000000000e-02 5.069390000000000e-03 0.000000000000000e+00
2.869450000000000e-02 6.365360000000000e-03 0.000000000000000e+00
2.831040000000000e-02 6.210060000000000e-03 0.000000000000000e+00
2.847880000000000e-02 5.887200000000000e-03 0.000000000000000e+00
2.862120000000000e-02 9.289700000000000e-03 0.000000000000000e+00
2.868900000000000e-02 8.856450000000000e-03 0.000000000000000e+00
2.887810000000000e-02 7.825910000000000e-03 0.000000000000000e+00
2.897920000000000e-02 7.397290000000000e-03 0.000000000000000e+00
2.670450000000000e-02 1.260290000000000e-02 0.000000000000000e+00
2.649770000000000e-02 1.298910000000000e-02 0.000000000000000e+00
2.247480000000000e-02 2.056220000000000e-02 0.000000000000000e+00
2.286440000000000e-02 1.994410000000000e-02 0.000000000000000e+00
2.325390000000000e-02 1.932610000000000e-02 0.000000000000000e+00
2.364350000000000e-02 1.870810000000000e-02 0.000000000000000e+00
2.403300000000000e-02 1.809010000000000e-02 0.000000000000000e+00
2.442260000000000e-02 1.747210000000000e-02 0.000000000000000e+00
2.481210000000000e-02 1.685410000000000e-02 0.000000000000000e+00
2.520170000000000e-02 1.623600000000000e-02 0.000000000000000e+00
2.559120000000000e-02 1.561800000000000e-02 0.000000000000000e+00
3.408720000000000e-02 2.670470000000000e-02 0.000000000000000e+00
3.467190000000000e-02 2.563740000000000e-02 0.000000000000000e+00
3.525660000000000e-02 2.457010000000000e-02 0.000000000000000e+00
3.584130000000000e-02 2.350280000000000e-02 0.000000000000000e+00
3.642600000000000e-02 2.243550000000000e-02 0.000000000000000e+00
2.512200000000000e-02 1.876280000000000e-02 0.000000000000000e+00
2.381010000000000e-02 2.116070000000000e-02 0.000000000000000e+00
2.413960000000000e-02 2.020750000000000e-02 0.000000000000000e+00
2.472040000000000e-02 1.944600000000000e-02 0.000000000000000e+00
2.539520000000000e-02 1.824380000000000e-02 0.000000000000000e+00
2.579470000000000e-02 1.767880000000000e-02 0.000000000000000e+00
2.628830000000000e-02 1.702860000000000e-02 0.000000000000000e+00
2.670550000000000e-02 1.634340000000000e-02 0.000000000000000e+00
2.523000000000000e-02 2.190780000000000e-02 0.000000000000000e+00
2.548320000000000e-02 2.093810000000000e-02 0.000000000000000e+00
2.598000000000000e-02 2.013030000000000e-02 0.000000000000000e+00
2.620990000000000e-02 1.916300000000000e-02 0.000000000000000e+00
2.687910000000000e-02 1.856520000000000e-02 0.000000000000000e+00
2.743240000000000e-02 1.789290000000000e-02 0.000000000000000e+00
2.783130000000000e-02 1.709230000000000e-02 0.000000000000000e+00
2.746980000000000e-02 1.986450000000000e-02 0.000000000000000e+00
2.668020000000000e-02 2.270840000000000e-02 0.000000000000000e+00
2.688880000000000e-02 2.169570000000000e-02 0.000000000000000e+00
2.722950000000000e-02 2.078610000000000e-02 0.000000000000000e+00
2.792930000000000e-02 1.936050000000000e-02 0.000000000000000e+00
2.853460000000000e-02 1.869730000000000e-02 0.000000000000000e+00
2.899460000000000e-02 1.782430000000000e-02 0.000000000000000e+00
2.799430000000000e-02 2.344880000000000e-02 0.000000000000000e+00
2.823440000000000e-02 2.235140000000000e-02 0.000000000000000e+00
2.869790000000000e-02 2.143210000000000e-02 0.000000000000000e+00
2.882980000000000e-02 2.028330000000000e-02 0.000000000000000e+00
2.977690000000000e-02 1.953350000000000e-02 0.000000000000000e+00
3.026760000000000e-02 1.861340000000000e-02 0.000000000000000e+00
2.969470000000000e-02 2.438000000000000e-02 0.000000000000000e+00
2.984370000000000e-02 2.315950000000000e-02 0.000000000000000e+00
3.021240000000000e-02 2.219440000000000e-02 0.000000000000000e+00
3.047710000000000e-02 2.120940000000000e-02 0.000000000000000e+00
3.122650000000000e-02 2.046970000000000e-02 0.000000000000000e+00
3.166310000000000e-02 1.949210000000000e-02 0.000000000000000e+00
3.178670000000000e-02 2.299920000000000e-02 0.000000000000000e+00
3.125660000000000e-02 2.524610000000000e-02 0.000000000000000e+00
3.146290000000000e-02 2.398570000000000e-02 0.000000000000000e+00
3.211110000000000e-02 2.229820000000000e-02 0.000000000000000e+00
3.268350000000000e-02 2.141740000000000e-02 0.000000000000000e+00
3.317510000000000e-02 2.040640000000000e-02 0.000000000000000e+00
3.281270000000000e-02 2.614630000000000e-02 0.000000000000000e+00
3.312670000000000e-02 2.476670000000000e-02 0.000000000000000e+00
3.335830000000000e-02 2.344260000000000e-02 0.000000000000000e+00
3.417650000000000e-02 2.243090000000000e-02 0.000000000000000e+00
3.473800000000000e-02 2.137460000000000e-02 0.000000000000000e+00
2.342500000000000e-02 4.057330000000000e-02 0.000000000000000e+00
2.435000000000000e-02 4.217540000000000e-02 0.000000000000000e+00
2.527500000000000e-02 4.377760000000000e-02 0.000000000000000e+00
2.620000000000000e-02 4.537970000000000e-02 0.000000000000000e+00
2.712500000000000e-02 4.698190000000000e-02 0.000000000000000e+00
2.904000000000000e-02 4.571800000000000e-02 0.000000000000000e+00
2.805730000000000e-02 4.410070000000000e-02 0.000000000000000e+00
2.711900000000000e-02 4.248180000000000e-02 0.000000000000000e+00
2.623420000000000e-02 4.085960000000000e-02 0.000000000000000e+00
2.537760000000000e-02 3.927490000000000e-02 0.000000000000000e+00
3.090920000000000e-02 4.442430000000000e-02 0.000000000000000e+00
2.989200000000000e-02 4.277370000000000e-02 0.000000000000000e+00
2.892240000000000e-02 4.114190000000000e-02 0.000000000000000e+00
2.805480000000000e-02 3.951410000000000e-02 0.000000000000000e+00
2.726790000000000e-02 3.790400000000000e-02 0.000000000000000e+00
3.272840000000000e-02 4.305080000000000e-02 0.000000000000000e+00
3.165190000000000e-02 4.138890000000000e-02 0.000000000000000e+00
3.064610000000000e-02 3.974380000000000e-02 0.000000000000000e+00
2.977840000000000e-02 3.809880000000000e-02 0.000000000000000e+00
2.916580000000000e-02 3.639880000000000e-02 0.000000000000000e+00
3.446380000000000e-02 4.160230000000000e-02 0.000000000000000e+00
3.331230000000000e-02 3.993640000000000e-02 0.000000000000000e+00
3.228670000000000e-02 3.827770000000000e-02 0.000000000000000e+00
3.145570000000000e-02 3.660700000000000e-02 0.000000000000000e+00
3.094800000000000e-02 3.488570000000000e-02 0.000000000000000e+00
3.611780000000000e-02 4.008170000000000e-02 0.000000000000000e+00
3.487890000000000e-02 3.841080000000000e-02 0.000000000000000e+00
3.378300000000000e-02 3.671350000000000e-02 0.000000000000000e+00
3.286180000000000e-02 3.501080000000000e-02 0.000000000000000e+00
3.206020000000000e-02 3.324550000000000e-02 0.000000000000000e+00
3.762110000000000e-02 3.848560000000000e-02 0.000000000000000e+00
3.631210000000000e-02 3.681380000000000e-02 0.000000000000000e+00
3.511110000000000e-02 3.508980000000000e-02 0.000000000000000e+00
3.411570000000000e-02 3.331530000000000e-02 0.000000000000000e+00
3.329300000000000e-02 3.146330000000000e-02 0.000000000000000e+00
3.885220000000000e-02 3.672080000000000e-02 0.000000000000000e+00
3.752620000000000e-02 3.513330000000000e-02 0.000000000000000e+00
3.629660000000000e-02 3.347190000000000e-02 0.000000000000000e+00
3.524610000000000e-02 3.170770000000000e-02 0.000000000000000e+00
3.445470000000000e-02 2.974650000000000e-02 0.000000000000000e+00
3.995880000000000e-02 3.493120000000000e-02 0.000000000000000e+00
3.862190000000000e-02 3.343180000000000e-02 0.000000000000000e+00
3.737000000000000e-02 3.188150000000000e-02 0.000000000000000e+00
3.621010000000000e-02 3.025070000000000e-02 0.000000000000000e+00
3.514300000000000e-02 2.852200000000000e-02 0.000000000000000e+00
4.103780000000000e-02 3.314760000000000e-02 0.000000000000000e+00
3.967230000000000e-02 3.173660000000000e-02 0.000000000000000e+00
3.835450000000000e-02 3.030230000000000e-02 0.000000000000000e+00
3.709530000000000e-02 2.879870000000000e-02 0.000000000000000e+00
3.587520000000000e-02 2.723770000000000e-02 0.000000000000000e+00
4.209390000000000e-02 3.136750000000000e-02 0.000000000000000e+00
4.068850000000000e-02 3.006060000000000e-02 0.000000000000000e+00
3.928670000000000e-02 2.874930000000000e-02 0.000000000000000e+00
3.794100000000000e-02 2.736790000000000e-02 0.000000000000000e+00
3.660420000000000e-02 2.598140000000000e-02 0.000000000000000e+00
4.312700000000000e-02 2.959900000000000e-02 0.000000000000000e+00
4.166160000000000e-02 2.840360000000000e-02 0.000000000000000e+00
4.018820000000000e-02 2.721270000000000e-02 0.000000000000000e+00
3.874320000000000e-02 2.596810000000000e-02 0.000000000000000e+00
3.729330000000000e-02 2.473520000000000e-02 0.000000000000000e+00
4.413960000000000e-02 2.780850000000000e-02 0.000000000000000e+00
4.259900000000000e-02 2.673510000000000e-02 0.000000000000000e+00
4.104580000000000e-02 2.567900000000000e-02 0.000000000000000e+00
3.950350000000000e-02 2.460460000000000e-02 0.000000000000000e+00
3.797080000000000e-02 2.351130000000000e-02 0.000000000000000e+00
1.638540000000000e-02 2.339540000000000e-02 0.000000000000000e+00
1.677370000000000e-02 2.308320000000000e-02 0.000000000000000e+00
1.716210000000000e-02 2.277090000000000e-02 0.000000000000000e+00
1.755040000000000e-02 2.245860000000000e-02 0.000000000000000e+00
1.793880000000000e-02 2.214640000000000e-02 0.000000000000000e+00
1.832710000000000e-02 2.183410000000000e-02 0.000000000000000e+00
1.871550000000000e-02 2.152180000000000e-02 0.000000000000000e+00
1.910380000000000e-02 2.120960000000000e-02 0.000000000000000e+00
1.949210000000000e-02 2.089730000000000e-02 0.000000000000000e+00
1.985700000000000e-02 2.056030000000000e-02 0.000000000000000e+00
2.018790000000000e-02 2.018780000000000e-02 0.000000000000000e+00
2.051880000000000e-02 1.981520000000000e-02 0.000000000000000e+00
2.084980000000000e-02 1.944260000000000e-02 0.000000000000000e+00
2.118070000000000e-02 1.907000000000000e-02 0.000000000000000e+00
2.151160000000000e-02 1.869750000000000e-02 0.000000000000000e+00
2.184250000000000e-02 1.832490000000000e-02 0.000000000000000e+00
2.217350000000000e-02 1.795230000000000e-02 0.000000000000000e+00
2.250440000000000e-02 1.757980000000000e-02 0.000000000000000e+00
2.283530000000000e-02 1.720720000000000e-02 0.000000000000000e+00
2.311180000000000e-02 1.679380000000000e-02 0.000000000000000e+00
2.337630000000000e-02 1.637150000000000e-02 0.000000000000000e+00
2.364090000000000e-02 1.594920000000000e-02 0.000000000000000e+00
2.390540000000000e-02 1.552690000000000e-02 0.000000000000000e+00
2.416990000000000e-02 1.510460000000000e-02 0.000000000000000e+00
2.443440000000000e-02 1.468220000000000e-02 0.000000000000000e+00
2.421440000000000e-02 1.454870000000000e-02 0.000000000000000e+00
2.395370000000000e-02 1.496660000000000e-02 0.000000000000000e+00
2.369060000000000e-02 1.538310000000000e-02 0.000000000000000e+00
2.342470000000000e-02 1.579770000000000e-02 0.000000000000000e+00
2.315550000000000e-02 1.621010000000000e-02 0.000000000000000e+00
2.288060000000000e-02 1.661840000000000e-02 0.000000000000000e+00
2.259020000000000e-02 1.701520000000000e-02 0.000000000000000e+00
2.228650000000000e-02 1.740200000000000e-02 0.000000000000000e+00
2.197120000000000e-02 1.778010000000000e-02 0.000000000000000e+00
2.165160000000000e-02 1.815470000000000e-02 0.000000000000000e+00
2.132850000000000e-02 1.852640000000000e-02 0.000000000000000e+00
2.100210000000000e-02 1.889530000000000e-02 0.000000000000000e+00
2.067240000000000e-02 1.926130000000000e-02 0.000000000000000e+00
2.033960000000000e-02 1.962430000000000e-02 0.000000000000000e+00
2.000360000000000e-02 1.998430000000000e-02 0.000000000000000e+00
1.965820000000000e-02 2.033450000000000e-02 0.000000000000000e+00
1.930030000000000e-02 2.067170000000000e-02 0.000000000000000e+00
1.893100000000000e-02 2.099680000000000e-02 0.000000000000000e+00
1.855470000000000e-02 2.131440000000000e-02 0.000000000000000e+00
1.817500000000000e-02 2.162800000000000e-02 0.000000000000000e+00
1.779240000000000e-02 2.193820000000000e-02 0.000000000000000e+00
1.740720000000000e-02 2.224510000000000e-02 0.000000000000000e+00
1.701950000000000e-02 2.254900000000000e-02 0.000000000000000e+00
1.662990000000000e-02 2.285010000000000e-02 0.000000000000000e+00
1.623870000000000e-02 2.314920000000000e-02 0.000000000000000e+00
1.828740000000000e-02 2.235640000000000e-02 0.000000000000000e+00
2.023550000000000e-02 2.143710000000000e-02 0.000000000000000e+00
2.275910000000000e-02 1.900820000000000e-02 0.000000000000000e+00
2.124300000000000e-02 1.977110000000000e-02 0.000000000000000e+00
2.127880000000000e-02 2.045360000000000e-02 0.000000000000000e+00
2.021730000000000e-02 2.081880000000000e-02 0.000000000000000e+00
2.056520000000000e-02 2.110530000000000e-02 0.000000000000000e+00
2.090420000000000e-02 2.077780000000000e-02 0.000000000000000e+00
2.241330000000000e-02 1.945530000000000e-02 0.000000000000000e+00
2.199690000000000e-02 1.977410000000000e-02 0.000000000000000e+00
2.162790000000000e-02 2.010420000000000e-02 0.000000000000000e+00
2.486640000000000e-02 1.493250000000000e-02 0.000000000000000e+00
2.460690000000000e-02 1.534840000000000e-02 0.000000000000000e+00
2.229450000000000e-02 1.866650000000000e-02 0.000000000000000e+00
2.055060000000000e-02 2.047880000000000e-02 0.000000000000000e+00
2.089950000000000e-02 2.013060000000000e-02 0.000000000000000e+00
1.987760000000000e-02 2.113770000000000e-02 0.000000000000000e+00
2.433720000000000e-02 1.576920000000000e-02 0.000000000000000e+00
2.261860000000000e-02 1.827010000000000e-02 0.000000000000000e+00
2.308410000000000e-02 1.857220000000000e-02 0.000000000000000e+00
2.334960000000000e-02 1.821950000000000e-02 0.000000000000000e+00
2.407340000000000e-02 1.619220000000000e-02 0.000000000000000e+00
2.381110000000000e-02 1.661020000000000e-02 0.000000000000000e+00
2.353200000000000e-02 1.704470000000000e-02 0.000000000000000e+00
2.365360000000000e-02 1.776080000000000e-02 0.000000000000000e+00
2.396660000000000e-02 1.728070000000000e-02 0.000000000000000e+00
2.165900000000000e-02 2.080250000000000e-02 0.000000000000000e+00
2.293530000000000e-02 1.788400000000000e-02 0.000000000000000e+00
2.324330000000000e-02 1.747410000000000e-02 0.000000000000000e+00
2.159320000000000e-02 1.941790000000000e-02 0.000000000000000e+00
2.195930000000000e-02 1.906380000000000e-02 0.000000000000000e+00
2.477480000000000e-02 1.600250000000000e-02 0.000000000000000e+00
2.528510000000000e-02 1.520450000000000e-02 0.000000000000000e+00
2.506110000000000e-02 1.556310000000000e-02 0.000000000000000e+00
1.894660000000000e-02 2.195890000000000e-02 0.000000000000000e+00
1.864610000000000e-02 2.215720000000000e-02 0.000000000000000e+00
1.985980000000000e-02 2.166750000000000e-02 0.000000000000000e+00
1.953330000000000e-02 2.141250000000000e-02 0.000000000000000e+00
1.933790000000000e-02 2.171980000000000e-02 0.000000000000000e+00
2.235570000000000e-02 2.014180000000000e-02 0.000000000000000e+00
2.201440000000000e-02 2.041720000000000e-02 0.000000000000000e+00
2.121650000000000e-02 2.109620000000000e-02 0.000000000000000e+00
2.089590000000000e-02 2.139810000000000e-02 0.000000000000000e+00
2.426670000000000e-02 1.682530000000000e-02 0.000000000000000e+00
2.449770000000000e-02 1.645320000000000e-02 0.000000000000000e+00
-1.057000000000000e-09 3.000000000000000e-02 0.000000000000000e+00
6.569960000000000e-03 2.974480000000000e-02 0.000000000000000e+00
5.839960000000000e-03 2.977320000000000e-02 0.000000000000000e+00
5.109960000000000e-03 2.980150000000000e-02 0.000000000000000e+00
4.379970000000000e-03 2.982990000000000e-02 0.000000000000000e+00
3.649970000000000e-03 2.985820000000000e-02 0.000000000000000e+00
2.919980000000000e-03 2.988660000000000e-02 0.000000000000000e+00
2.189980000000000e-03 2.991490000000000e-02 0.000000000000000e+00
1.459990000000000e-03 2.994330000000000e-02 0.000000000000000e+00
7.299970000000000e-04 2.997170000000000e-02 0.000000000000000e+00
2.765700000000000e-09 3.109730000000000e-02 0.000000000000000e+00
-5.783000000000000e-09 3.230880000000000e-02 0.000000000000000e+00
-3.573000000000000e-09 3.364640000000000e-02 0.000000000000000e+00
-4.052000000000000e-09 3.512320000000000e-02 0.000000000000000e+00
-2.243000000000000e-09 3.675380000000000e-02 0.000000000000000e+00
-1.350000000000000e-09 3.855410000000000e-02 0.000000000000000e+00
-2.037000000000000e-09 4.054180000000000e-02 0.000000000000000e+00
5.607900000000000e-09 4.273630000000000e-02 0.000000000000000e+00
6.083340000000000e-03 4.287270000000000e-02 0.000000000000000e+00
4.866680000000000e-03 4.284540000000000e-02 0.000000000000000e+00
3.650010000000000e-03 4.281820000000000e-02 0.000000000000000e+00
2.433340000000000e-03 4.279090000000000e-02 0.000000000000000e+00
1.216660000000000e-03 4.276360000000000e-02 0.000000000000000e+00
3.688060000000000e-03 3.113770000000000e-02 0.000000000000000e+00
6.420690000000000e-03 3.120050000000000e-02 0.000000000000000e+00
5.430420000000000e-03 3.100930000000000e-02 0.000000000000000e+00
4.480480000000000e-03 3.113150000000000e-02 0.000000000000000e+00
3.102020000000000e-03 3.111480000000000e-02 0.000000000000000e+00
2.412930000000000e-03 3.117820000000000e-02 0.000000000000000e+00
1.603040000000000e-03 3.128060000000000e-02 0.000000000000000e+00
8.010620000000000e-04 3.129930000000000e-02 0.000000000000000e+00
6.357700000000000e-03 3.280370000000000e-02 0.000000000000000e+00
5.391380000000000e-03 3.253810000000000e-02 0.000000000000000e+00
4.443330000000000e-03 3.256440000000000e-02 0.000000000000000e+00
3.490730000000000e-03 3.228000000000000e-02 0.000000000000000e+00
2.638410000000000e-03 3.256060000000000e-02 0.000000000000000e+00
1.779500000000000e-03 3.270360000000000e-02 0.000000000000000e+00
8.866870000000000e-04 3.264870000000000e-02 0.000000000000000e+00
3.468260000000000e-03 3.372180000000000e-02 0.000000000000000e+00
6.325990000000000e-03 3.445990000000000e-02 0.000000000000000e+00
5.344590000000000e-03 3.413430000000000e-02 0.000000000000000e+00
4.386560000000000e-03 3.397450000000000e-02 0.000000000000000e+00
2.802000000000000e-03 3.386770000000000e-02 0.000000000000000e+00
1.925040000000000e-03 3.406040000000000e-02 0.000000000000000e+00
9.389800000000000e-04 3.402220000000000e-02 0.000000000000000e+00
6.310140000000000e-03 3.596810000000000e-02 0.000000000000000e+00
5.239720000000000e-03 3.562740000000000e-02 0.000000000000000e+00
4.211840000000000e-03 3.556910000000000e-02 0.000000000000000e+00
3.150930000000000e-03 3.510900000000000e-02 0.000000000000000e+00
2.028020000000000e-03 3.555430000000000e-02 0.000000000000000e+00
9.859310000000000e-04 3.551920000000000e-02 0.000000000000000e+00
6.266330000000000e-03 3.790630000000000e-02 0.000000000000000e+00
5.134870000000000e-03 3.742510000000000e-02 0.000000000000000e+00
4.114690000000000e-03 3.726190000000000e-02 0.000000000000000e+00
3.129290000000000e-03 3.699860000000000e-02 0.000000000000000e+00
2.114040000000000e-03 3.727780000000000e-02 0.000000000000000e+00
1.049060000000000e-03 3.716710000000000e-02 0.000000000000000e+00
4.024560000000000e-03 3.902770000000000e-02 0.000000000000000e+00
6.235450000000000e-03 3.969210000000000e-02 0.000000000000000e+00
5.040760000000000e-03 3.924050000000000e-02 0.000000000000000e+00
3.255300000000000e-03 3.895810000000000e-02 0.000000000000000e+00
2.206270000000000e-03 3.901350000000000e-02 0.000000000000000e+00
1.084890000000000e-03 3.893370000000000e-02 0.000000000000000e+00
6.237040000000000e-03 4.148980000000000e-02 0.000000000000000e+00
4.885250000000000e-03 4.107190000000000e-02 0.000000000000000e+00
3.622730000000000e-03 4.061050000000000e-02 0.000000000000000e+00
2.337470000000000e-03 4.081320000000000e-02 0.000000000000000e+00
1.141890000000000e-03 4.077130000000000e-02 0.000000000000000e+00
-4.137000000000000e-09 4.461360000000000e-02 0.000000000000000e+00
-5.222000000000000e-09 4.649090000000000e-02 0.000000000000000e+00
-1.307000000000000e-09 4.836820000000000e-02 0.000000000000000e+00
-2.392000000000000e-09 5.024550000000000e-02 0.000000000000000e+00
1.522600000000000e-09 5.212270000000000e-02 0.000000000000000e+00
2.507300000000000e-02 4.800840000000000e-02 0.000000000000000e+00
2.416370000000000e-02 4.634870000000000e-02 0.000000000000000e+00
2.323080000000000e-02 4.472660000000000e-02 0.000000000000000e+00
2.226830000000000e-02 4.314930000000000e-02 0.000000000000000e+00
2.132420000000000e-02 4.161510000000000e-02 0.000000000000000e+00
2.301800000000000e-02 4.898030000000000e-02 0.000000000000000e+00
2.209710000000000e-02 4.727410000000000e-02 0.000000000000000e+00
2.116870000000000e-02 4.561840000000000e-02 0.000000000000000e+00
2.019280000000000e-02 4.405330000000000e-02 0.000000000000000e+00
1.919180000000000e-02 4.256670000000000e-02 0.000000000000000e+00
2.091890000000000e-02 4.986900000000000e-02 0.000000000000000e+00
2.001790000000000e-02 4.810580000000000e-02 0.000000000000000e+00
1.909610000000000e-02 4.641230000000000e-02 0.000000000000000e+00
1.810530000000000e-02 4.483830000000000e-02 0.000000000000000e+00
1.693940000000000e-02 4.345770000000000e-02 0.000000000000000e+00
1.879680000000000e-02 5.064770000000000e-02 0.000000000000000e+00
1.792980000000000e-02 4.881750000000000e-02 0.000000000000000e+00
1.700610000000000e-02 4.710000000000000e-02 0.000000000000000e+00
1.597470000000000e-02 4.554490000000000e-02 0.000000000000000e+00
1.473790000000000e-02 4.424460000000000e-02 0.000000000000000e+00
1.665290000000000e-02 5.131980000000000e-02 0.000000000000000e+00
1.582530000000000e-02 4.941130000000000e-02 0.000000000000000e+00
1.490330000000000e-02 4.761370000000000e-02 0.000000000000000e+00
1.388930000000000e-02 4.596450000000000e-02 0.000000000000000e+00
1.276130000000000e-02 4.438770000000000e-02 0.000000000000000e+00
1.451890000000000e-02 5.182370000000000e-02 0.000000000000000e+00
1.372560000000000e-02 4.985410000000000e-02 0.000000000000000e+00
1.283310000000000e-02 4.795200000000000e-02 0.000000000000000e+00
1.179410000000000e-02 4.620280000000000e-02 0.000000000000000e+00
1.060150000000000e-02 4.456420000000000e-02 0.000000000000000e+00
1.237510000000000e-02 5.200740000000000e-02 0.000000000000000e+00
1.166320000000000e-02 5.006530000000000e-02 0.000000000000000e+00
1.083920000000000e-02 4.816980000000000e-02 0.000000000000000e+00
9.836599999999999e-03 4.637790000000000e-02 0.000000000000000e+00
8.533850000000001e-03 4.471190000000000e-02 0.000000000000000e+00
1.027190000000000e-02 5.207100000000000e-02 0.000000000000000e+00
9.641850000000000e-03 5.016350000000000e-02 0.000000000000000e+00
8.925140000000000e-03 4.830410000000000e-02 0.000000000000000e+00
8.092810000000001e-03 4.648420000000000e-02 0.000000000000000e+00
7.129310000000000e-03 4.469570000000000e-02 0.000000000000000e+00
8.187710000000001e-03 5.211360000000000e-02 0.000000000000000e+00
7.648530000000000e-03 5.022550000000000e-02 0.000000000000000e+00
7.065270000000000e-03 4.836710000000000e-02 0.000000000000000e+00
6.392770000000000e-03 4.652480000000000e-02 0.000000000000000e+00
5.650930000000000e-03 4.468760000000000e-02 0.000000000000000e+00
6.118100000000000e-03 5.213820000000000e-02 0.000000000000000e+00
5.689020000000000e-03 5.026760000000000e-02 0.000000000000000e+00
5.254320000000000e-03 4.839800000000000e-02 0.000000000000000e+00
4.730770000000000e-03 4.654180000000000e-02 0.000000000000000e+00
4.198410000000000e-03 4.469090000000000e-02 0.000000000000000e+00
4.070040000000000e-03 5.214860000000000e-02 0.000000000000000e+00
3.767460000000000e-03 5.028190000000000e-02 0.000000000000000e+00
3.472800000000000e-03 4.841040000000000e-02 0.000000000000000e+00
3.117390000000000e-03 4.653660000000000e-02 0.000000000000000e+00
2.774670000000000e-03 4.466460000000000e-02 0.000000000000000e+00
2.013010000000000e-03 5.213030000000000e-02 0.000000000000000e+00
1.853750000000000e-03 5.025930000000000e-02 0.000000000000000e+00
1.715740000000000e-03 4.838620000000000e-02 0.000000000000000e+00
1.556470000000000e-03 4.651330000000000e-02 0.000000000000000e+00
1.375940000000000e-03 4.463930000000000e-02 0.000000000000000e+00
-4.314000000000000e-09 2.825990000000000e-02 0.000000000000000e+00
6.843200000000000e-10 2.851980000000000e-02 0.000000000000000e+00
1.206830000000000e-02 2.588790000000000e-02 0.000000000000000e+00
1.160370000000000e-02 2.606810000000000e-02 0.000000000000000e+00
1.113910000000000e-02 2.624830000000000e-02 0.000000000000000e+00
1.067450000000000e-02 2.642840000000000e-02 0.000000000000000e+00
1.020990000000000e-02 2.660860000000000e-02 0.000000000000000e+00
9.745320000000000e-03 2.678880000000000e-02 0.000000000000000e+00
9.280729999999999e-03 2.696900000000000e-02 0.000000000000000e+00
8.816120000000000e-03 2.714920000000000e-02 0.000000000000000e+00
8.351519999999999e-03 2.732940000000000e-02 0.000000000000000e+00
7.877280000000000e-03 2.747680000000000e-02 0.000000000000000e+00
7.389160000000000e-03 2.757710000000000e-02 0.000000000000000e+00
6.901040000000000e-03 2.767740000000000e-02 0.000000000000000e+00
6.412920000000000e-03 2.777770000000000e-02 0.000000000000000e+00
5.924800000000000e-03 2.787800000000000e-02 0.000000000000000e+00
5.436680000000000e-03 2.797830000000000e-02 0.000000000000000e+00
4.948560000000000e-03 2.807860000000000e-02 0.000000000000000e+00
4.460430000000000e-03 2.817890000000000e-02 0.000000000000000e+00
3.972320000000000e-03 2.827920000000000e-02 0.000000000000000e+00
3.484190000000000e-03 2.837950000000000e-02 0.000000000000000e+00
2.987990000000000e-03 2.841240000000000e-02 0.000000000000000e+00
2.489990000000000e-03 2.843030000000000e-02 0.000000000000000e+00
1.991990000000000e-03 2.844820000000000e-02 0.000000000000000e+00
1.493990000000000e-03 2.846610000000000e-02 0.000000000000000e+00
9.959910000000001e-04 2.848400000000000e-02 0.000000000000000e+00
4.979960000000000e-04 2.850190000000000e-02 0.000000000000000e+00
4.923480000000000e-04 2.824460000000000e-02 0.000000000000000e+00
9.846540000000000e-04 2.822780000000000e-02 0.000000000000000e+00
1.476840000000000e-03 2.820820000000000e-02 0.000000000000000e+00
1.968840000000000e-03 2.818520000000000e-02 0.000000000000000e+00
2.460580000000000e-03 2.815820000000000e-02 0.000000000000000e+00
2.951630000000000e-03 2.812430000000000e-02 0.000000000000000e+00
3.440470000000000e-03 2.807120000000000e-02 0.000000000000000e+00
3.927320000000000e-03 2.800160000000000e-02 0.000000000000000e+00
4.412400000000000e-03 2.791770000000000e-02 0.000000000000000e+00
4.896650000000000e-03 2.782820000000000e-02 0.000000000000000e+00
5.380130000000000e-03 2.773420000000000e-02 0.000000000000000e+00
5.862790000000000e-03 2.763600000000000e-02 0.000000000000000e+00
6.344560000000000e-03 2.753350000000000e-02 0.000000000000000e+00
6.825360000000000e-03 2.742670000000000e-02 0.000000000000000e+00
7.305100000000000e-03 2.731580000000000e-02 0.000000000000000e+00
7.781120000000000e-03 2.719180000000000e-02 0.000000000000000e+00
8.252040000000000e-03 2.705040000000000e-02 0.000000000000000e+00
8.718250000000000e-03 2.689310000000000e-02 0.000000000000000e+00
9.181419999999999e-03 2.672610000000000e-02 0.000000000000000e+00
9.642899999999999e-03 2.655400000000000e-02 0.000000000000000e+00
1.010280000000000e-02 2.637780000000000e-02 0.000000000000000e+00
1.056120000000000e-02 2.619760000000000e-02 0.000000000000000e+00
1.101820000000000e-02 2.601380000000000e-02 0.000000000000000e+00
1.147390000000000e-02 2.582690000000000e-02 0.000000000000000e+00
1.192850000000000e-02 2.563770000000000e-02 0.000000000000000e+00
-6.250000000000000e-09 2.950660000000000e-02 0.000000000000000e+00
-2.783000000000000e-09 2.901320000000000e-02 0.000000000000000e+00
1.021750000000000e-02 2.701550000000000e-02 0.000000000000000e+00
8.447380000000001e-03 2.824300000000000e-02 0.000000000000000e+00
5.082050000000000e-03 2.921410000000000e-02 0.000000000000000e+00
6.500770000000000e-03 2.828250000000000e-02 0.000000000000000e+00
7.073880000000000e-03 2.865480000000000e-02 0.000000000000000e+00
7.920979999999999e-03 2.791810000000000e-02 0.000000000000000e+00
7.995130000000000e-03 2.836260000000000e-02 0.000000000000000e+00
7.542020000000000e-03 2.849250000000000e-02 0.000000000000000e+00
5.642140000000000e-03 2.913810000000000e-02 0.000000000000000e+00
6.126390000000000e-03 2.893690000000000e-02 0.000000000000000e+00
6.596770000000000e-03 2.878240000000000e-02 0.000000000000000e+00
4.987330000000000e-04 2.900110000000000e-02 0.000000000000000e+00
9.886900000000000e-04 2.898440000000000e-02 0.000000000000000e+00
5.018440000000000e-03 2.864080000000000e-02 0.000000000000000e+00
7.459850000000000e-03 2.803680000000000e-02 0.000000000000000e+00
6.983880000000000e-03 2.816480000000000e-02 0.000000000000000e+00
8.367009999999999e-03 2.778340000000000e-02 0.000000000000000e+00
1.487960000000000e-03 2.896120000000000e-02 0.000000000000000e+00
4.513050000000000e-03 2.872330000000000e-02 0.000000000000000e+00
4.541980000000000e-03 2.927750000000000e-02 0.000000000000000e+00
4.103760000000000e-03 2.933120000000000e-02 0.000000000000000e+00
1.986160000000000e-03 2.894420000000000e-02 0.000000000000000e+00
2.479310000000000e-03 2.892610000000000e-02 0.000000000000000e+00
2.995100000000000e-03 2.890160000000000e-02 0.000000000000000e+00
3.554470000000000e-03 2.936500000000000e-02 0.000000000000000e+00
2.982240000000000e-03 2.939600000000000e-02 0.000000000000000e+00
7.185990000000000e-03 2.915850000000000e-02 0.000000000000000e+00
4.020360000000000e-03 2.880460000000000e-02 0.000000000000000e+00
3.511390000000000e-03 2.886640000000000e-02 0.000000000000000e+00
6.019750000000000e-03 2.840920000000000e-02 0.000000000000000e+00
5.530080000000000e-03 2.854920000000000e-02 0.000000000000000e+00
1.471190000000000e-03 2.945680000000000e-02 0.000000000000000e+00
5.248900000000000e-04 2.949980000000000e-02 0.000000000000000e+00
9.475060000000000e-04 2.948520000000000e-02 0.000000000000000e+00
9.543680000000001e-03 2.738770000000000e-02 0.000000000000000e+00
9.865670000000000e-03 2.722660000000000e-02 0.000000000000000e+00
8.834699999999999e-03 2.803290000000000e-02 0.000000000000000e+00
8.777129999999999e-03 2.762260000000000e-02 0.000000000000000e+00
9.140920000000000e-03 2.760700000000000e-02 0.000000000000000e+00
6.265490000000000e-03 2.943150000000000e-02 0.000000000000000e+00
6.674600000000000e-03 2.927370000000000e-02 0.000000000000000e+00
7.661590000000000e-03 2.892210000000000e-02 0.000000000000000e+00
8.083369999999999e-03 2.879540000000000e-02 0.000000000000000e+00
2.437810000000000e-03 2.942820000000000e-02 0.000000000000000e+00
2.000010000000000e-03 2.944230000000000e-02 0.000000000000000e+00
-6.569960000000000e-03 2.974480000000000e-02 0.000000000000000e+00
-5.839960000000000e-03 2.977320000000000e-02 0.000000000000000e+00
-5.109960000000000e-03 2.980150000000000e-02 0.000000000000000e+00
-4.379960000000000e-03 2.982990000000000e-02 0.000000000000000e+00
-3.649970000000000e-03 2.985820000000000e-02 0.000000000000000e+00
-2.919980000000000e-03 2.988660000000000e-02 0.000000000000000e+00
-2.189980000000000e-03 2.991490000000000e-02 0.000000000000000e+00
-1.459990000000000e-03 2.994330000000000e-02 0.000000000000000e+00
-7.299970000000000e-04 2.997170000000000e-02 0.000000000000000e+00
-6.083340000000000e-03 4.287270000000000e-02 0.000000000000000e+00
-4.866680000000000e-03 4.284540000000000e-02 0.000000000000000e+00
-3.650010000000000e-03 4.281820000000000e-02 0.000000000000000e+00
-2.433340000000000e-03 4.279090000000000e-02 0.000000000000000e+00
-1.216660000000000e-03 4.276360000000000e-02 0.000000000000000e+00
-3.688060000000000e-03 3.113770000000000e-02 0.000000000000000e+00
-6.420690000000000e-03 3.120050000000000e-02 0.000000000000000e+00
-5.430420000000000e-03 3.100930000000000e-02 0.000000000000000e+00
-4.480490000000000e-03 3.113150000000000e-02 0.000000000000000e+00
-3.102020000000000e-03 3.111480000000000e-02 0.000000000000000e+00
-2.412920000000000e-03 3.117820000000000e-02 0.000000000000000e+00
-1.603040000000000e-03 3.128060000000000e-02 0.000000000000000e+00
-8.010610000000000e-04 3.129930000000000e-02 0.000000000000000e+00
-6.357700000000000e-03 3.280370000000000e-02 0.000000000000000e+00
-5.391380000000000e-03 3.253810000000000e-02 0.000000000000000e+00
-4.443330000000000e-03 3.256440000000000e-02 0.000000000000000e+00
-3.490730000000000e-03 3.228000000000000e-02 0.000000000000000e+00
-2.638410000000000e-03 3.256060000000000e-02 0.000000000000000e+00
-1.779500000000000e-03 3.270360000000000e-02 0.000000000000000e+00
-8.866910000000000e-04 3.264870000000000e-02 0.000000000000000e+00
-3.468260000000000e-03 3.372180000000000e-02 0.000000000000000e+00
-6.325990000000000e-03 3.445990000000000e-02 0.000000000000000e+00
-5.344600000000000e-03 3.413430000000000e-02 0.000000000000000e+00
-4.386560000000000e-03 3.397450000000000e-02 0.000000000000000e+00
-2.802000000000000e-03 3.386770000000000e-02 0.000000000000000e+00
-1.925030000000000e-03 3.406040000000000e-02 0.000000000000000e+00
-9.389790000000001e-04 3.402220000000000e-02 0.000000000000000e+00
-6.310140000000000e-03 3.596810000000000e-02 0.000000000000000e+00
-5.239720000000000e-03 3.562740000000000e-02 0.000000000000000e+00
-4.211840000000000e-03 3.556910000000000e-02 0.000000000000000e+00
-3.150920000000000e-03 3.510900000000000e-02 0.000000000000000e+00
-2.028020000000000e-03 3.555430000000000e-02 0.000000000000000e+00
-9.859280000000001e-04 3.551920000000000e-02 0.000000000000000e+00
-6.266330000000000e-03 3.790630000000000e-02 0.000000000000000e+00
-5.134870000000000e-03 3.742510000000000e-02 0.000000000000000e+00
-4.114690000000000e-03 3.726190000000000e-02 0.000000000000000e+00
-3.129290000000000e-03 3.699860000000000e-02 0.000000000000000e+00
-2.114040000000000e-03 3.727780000000000e-02 0.000000000000000e+00
-1.049060000000000e-03 3.716710000000000e-02 0.000000000000000e+00
-4.024560000000000e-03 3.902770000000000e-02 0.000000000000000e+00
-6.235450000000000e-03 3.969210000000000e-02 0.000000000000000e+00
-5.040760000000000e-03 3.924050000000000e-02 0.000000000000000e+00
-3.255300000000000e-03 3.895810000000000e-02 0.000000000000000e+00
-2.206270000000000e-03 3.901350000000000e-02 0.000000000000000e+00
-1.084890000000000e-03 3.893370000000000e-02 0.000000000000000e+00
-6.237040000000000e-03 4.148980000000000e-02 0.000000000000000e+00
-4.885260000000000e-03 4.107190000000000e-02 0.000000000000000e+00
-3.622730000000000e-03 4.061050000000000e-02 0.000000000000000e+00
-2.337470000000000e-03 4.081320000000000e-02 0.000000000000000e+00
-1.141890000000000e-03 4.077130000000000e-02 0.000000000000000e+00
-2.342500000000000e-02 4.057330000000000e-02 0.000000000000000e+00
-2.435000000000000e-02 4.217540000000000e-02 0.000000000000000e+00
-2.527500000000000e-02 4.377760000000000e-02 0.000000000000000e+00
-2.620000000000000e-02 4.537970000000000e-02 0.000000000000000e+00
-2.712500000000000e-02 4.698190000000000e-02 0.000000000000000e+00
-2.507300000000000e-02 4.800840000000000e-02 0.000000000000000e+00
-2.416370000000000e-02 4.634870000000000e-02 0.000000000000000e+00
-2.323080000000000e-02 4.472660000000000e-02 0.000000000000000e+00
-2.226830000000000e-02 4.314930000000000e-02 0.000000000000000e+00
-2.132420000000000e-02 4.161510000000000e-02 0.000000000000000e+00
-2.301800000000000e-02 4.898030000000000e-02 0.000000000000000e+00
-2.209720000000000e-02 4.727410000000000e-02 0.000000000000000e+00
-2.116870000000000e-02 4.561840000000000e-02 0.000000000000000e+00
-2.019280000000000e-02 4.405330000000000e-02 0.000000000000000e+00
-1.919190000000000e-02 4.256670000000000e-02 0.000000000000000e+00
-2.091890000000000e-02 4.986900000000000e-02 0.000000000000000e+00
-2.001790000000000e-02 4.810580000000000e-02 0.000000000000000e+00
-1.909610000000000e-02 4.641230000000000e-02 0.000000000000000e+00
-1.810530000000000e-02 4.483830000000000e-02 0.000000000000000e+00
-1.693940000000000e-02 4.345770000000000e-02 0.000000000000000e+00
-1.879680000000000e-02 5.064770000000000e-02 0.000000000000000e+00
-1.792980000000000e-02 4.881750000000000e-02 0.000000000000000e+00
-1.700610000000000e-02 4.710000000000000e-02 0.000000000000000e+00
-1.597470000000000e-02 4.554490000000000e-02 0.000000000000000e+00
-1.473790000000000e-02 4.424460000000000e-02 0.000000000000000e+00
-1.665290000000000e-02 5.131980000000000e-02 0.000000000000000e+00
-1.582530000000000e-02 4.941130000000000e-02 0.000000000000000e+00
-1.490330000000000e-02 4.761370000000000e-02 0.000000000000000e+00
-1.388930000000000e-02 4.596450000000000e-02 0.000000000000000e+00
-1.276130000000000e-02 4.438770000000000e-02 0.000000000000000e+00
-1.451890000000000e-02 5.182370000000000e-02 0.000000000000000e+00
-1.372560000000000e-02 4.985410000000000e-02 0.000000000000000e+00
-1.283310000000000e-02 4.795200000000000e-02 0.000000000000000e+00
-1.179410000000000e-02 4.620280000000000e-02 0.000000000000000e+00
-1.060160000000000e-02 4.456420000000000e-02 0.000000000000000e+00
-1.237510000000000e-02 5.200740000000000e-02 0.000000000000000e+00
-1.166320000000000e-02 5.006530000000000e-02 0.000000000000000e+00
-1.083920000000000e-02 4.816980000000000e-02 0.000000000000000e+00
-9.836599999999999e-03 4.637790000000000e-02 0.000000000000000e+00
-8.533850000000001e-03 4.471190000000000e-02 0.000000000000000e+00
-1.027190000000000e-02 5.207100000000000e-02 0.000000000000000e+00
-9.641850000000000e-03 5.016350000000000e-02 0.000000000000000e+00
-8.925140000000000e-03 4.830410000000000e-02 0.000000000000000e+00
-8.092810000000001e-03 4.648420000000000e-02 0.000000000000000e+00
-7.129310000000000e-03 4.469570000000000e-02 0.000000000000000e+00
-8.187720000000001e-03 5.211360000000000e-02 0.000000000000000e+00
-7.648530000000000e-03 5.022550000000000e-02 0.000000000000000e+00
-7.065270000000000e-03 4.836710000000000e-02 0.000000000000000e+00
-6.392770000000000e-03 4.652480000000000e-02 0.000000000000000e+00
-5.650930000000000e-03 4.468760000000000e-02 0.000000000000000e+00
-6.118100000000000e-03 5.213820000000000e-02 0.000000000000000e+00
-5.689020000000000e-03 5.026760000000000e-02 0.000000000000000e+00
-5.254320000000000e-03 4.839800000000000e-02 0.000000000000000e+00
-4.730770000000000e-03 4.654180000000000e-02 0.000000000000000e+00
-4.198410000000000e-03 4.469090000000000e-02 0.000000000000000e+00
-4.070040000000000e-03 5.214860000000000e-02 0.000000000000000e+00
-3.767450000000000e-03 5.028190000000000e-02 0.000000000000000e+00
-3.472800000000000e-03 4.841040000000000e-02 0.000000000000000e+00
-3.117390000000000e-03 4.653660000000000e-02 0.000000000000000e+00
-2.774670000000000e-03 4.466460000000000e-02 0.000000000000000e+00
-2.013010000000000e-03 5.213030000000000e-02 0.000000000000000e+00
-1.853750000000000e-03 5.025930000000000e-02 0.000000000000000e+00
-1.715740000000000e-03 4.838620000000000e-02 0.000000000000000e+00
-1.556470000000000e-03 4.651330000000000e-02 0.000000000000000e+00
-1.375940000000000e-03 4.463930000000000e-02 0.000000000000000e+00
-1.206830000000000e-02 2.588790000000000e-02 0.000000000000000e+00
-1.160370000000000e-02 2.606810000000000e-02 0.000000000000000e+00
-1.113910000000000e-02 2.624830000000000e-02 0.000000000000000e+00
-1.067450000000000e-02 2.642840000000000e-02 0.000000000000000e+00
-1.020990000000000e-02 2.660860000000000e-02 0.000000000000000e+00
-9.745330000000000e-03 2.678880000000000e-02 0.000000000000000e+00
-9.280729999999999e-03 2.696900000000000e-02 0.000000000000000e+00
-8.816120000000000e-03 2.714920000000000e-02 0.000000000000000e+00
-8.351519999999999e-03 2.732940000000000e-02 0.000000000000000e+00
-7.877280000000000e-03 2.747680000000000e-02 0.000000000000000e+00
-7.389160000000000e-03 2.757710000000000e-02 0.000000000000000e+00
-6.901040000000000e-03 2.767740000000000e-02 0.000000000000000e+00
-6.412920000000000e-03 2.777770000000000e-02 0.000000000000000e+00
-5.924800000000000e-03 2.787800000000000e-02 0.000000000000000e+00
-5.436680000000000e-03 2.797830000000000e-02 0.000000000000000e+00
-4.948560000000000e-03 2.807860000000000e-02 0.000000000000000e+00
-4.460440000000000e-03 2.817890000000000e-02 0.000000000000000e+00
-3.972320000000000e-03 2.827920000000000e-02 0.000000000000000e+00
-3.484190000000000e-03 2.837950000000000e-02 0.000000000000000e+00
-2.987990000000000e-03 2.841240000000000e-02 0.000000000000000e+00
-2.489990000000000e-03 2.843030000000000e-02 0.000000000000000e+00
-1.991990000000000e-03 2.844820000000000e-02 0.000000000000000e+00
-1.494000000000000e-03 2.846610000000000e-02 0.000000000000000e+00
-9.959929999999999e-04 2.848400000000000e-02 0.000000000000000e+00
-4.979940000000000e-04 2.850190000000000e-02 0.000000000000000e+00
-4.923470000000000e-04 2.824460000000000e-02 0.000000000000000e+00
-9.846519999999999e-04 2.822780000000000e-02 0.000000000000000e+00
-1.476840000000000e-03 2.820820000000000e-02 0.000000000000000e+00
-1.968840000000000e-03 2.818520000000000e-02 0.000000000000000e+00
-2.460580000000000e-03 2.815820000000000e-02 0.000000000000000e+00
-2.951630000000000e-03 2.812430000000000e-02 0.000000000000000e+00
-3.440470000000000e-03 2.807120000000000e-02 0.000000000000000e+00
-3.927320000000000e-03 2.800160000000000e-02 0.000000000000000e+00
-4.412400000000000e-03 2.791770000000000e-02 0.000000000000000e+00
-4.896650000000000e-03 2.782820000000000e-02 0.000000000000000e+00
-5.380130000000000e-03 2.773420000000000e-02 0.000000000000000e+00
-5.862790000000000e-03 2.763600000000000e-02 0.000000000000000e+00
-6.344560000000000e-03 2.753350000000000e-02 0.000000000000000e+00
-6.825360000000000e-03 2.742670000000000e-02 0.000000000000000e+00
-7.305100000000000e-03 2.731580000000000e-02 0.000000000000000e+00
-7.781120000000000e-03 2.719180000000000e-02 0.000000000000000e+00
-8.252040000000000e-03 2.705040000000000e-02 0.000000000000000e+00
-8.718250000000000e-03 2.689310000000000e-02 0.000000000000000e+00
-9.181419999999999e-03 2.672610000000000e-02 0.000000000000000e+00
-9.642899999999999e-03 2.655400000000000e-02 0.000000000000000e+00
-1.010280000000000e-02 2.637780000000000e-02 0.000000000000000e+00
-1.056130000000000e-02 2.619760000000000e-02 0.000000000000000e+00
-1.101820000000000e-02 2.601380000000000e-02 0.000000000000000e+00
-1.147390000000000e-02 2.582690000000000e-02 0.000000000000000e+00
-1.192850000000000e-02 2.563770000000000e-02 0.000000000000000e+00
-1.021750000000000e-02 2.701550000000000e-02 0.000000000000000e+00
-8.447380000000001e-03 2.824300000000000e-02 0.000000000000000e+00
-5.082050000000000e-03 2.921410000000000e-02 0.000000000000000e+00
-6.500770000000000e-03 2.828250000000000e-02 0.000000000000000e+00
-7.073870000000000e-03 2.865480000000000e-02 0.000000000000000e+00
-7.920979999999999e-03 2.791810000000000e-02 0.000000000000000e+00
-7.995130000000000e-03 2.836260000000000e-02 0.000000000000000e+00
-7.542020000000000e-03 2.849250000000000e-02 0.000000000000000e+00
-5.642140000000000e-03 2.913810000000000e-02 0.000000000000000e+00
-6.126390000000000e-03 2.893690000000000e-02 0.000000000000000e+00
-6.596770000000000e-03 2.878240000000000e-02 0.000000000000000e+00
-4.987310000000000e-04 2.900110000000000e-02 0.000000000000000e+00
-9.886890000000001e-04 2.898440000000000e-02 0.000000000000000e+00
-5.018440000000000e-03 2.864080000000000e-02 0.000000000000000e+00
-7.459850000000000e-03 2.803680000000000e-02 0.000000000000000e+00
-6.983880000000000e-03 2.816480000000000e-02 0.000000000000000e+00
-8.367009999999999e-03 2.778340000000000e-02 0.000000000000000e+00
-1.487960000000000e-03 2.896120000000000e-02 0.000000000000000e+00
-4.513050000000000e-03 2.872330000000000e-02 0.000000000000000e+00
-4.541970000000000e-03 2.927750000000000e-02 0.000000000000000e+00
-4.103760000000000e-03 2.933120000000000e-02 0.000000000000000e+00
-1.986160000000000e-03 2.894420000000000e-02 0.000000000000000e+00
-2.479310000000000e-03 2.892610000000000e-02 0.000000000000000e+00
-2.995100000000000e-03 2.890160000000000e-02 0.000000000000000e+00
-3.554470000000000e-03 2.936500000000000e-02 0.000000000000000e+00
-2.982240000000000e-03 2.939600000000000e-02 0.000000000000000e+00
-7.185990000000000e-03 2.915850000000000e-02 0.000000000000000e+00
-4.020360000000000e-03 2.880460000000000e-02 0.000000000000000e+00
-3.511390000000000e-03 2.886640000000000e-02 0.000000000000000e+00
-6.019750000000000e-03 2.840920000000000e-02 0.000000000000000e+00
-5.530080000000000e-03 2.854920000000000e-02 0.000000000000000e+00
-1.471190000000000e-03 2.945680000000000e-02 0.000000000000000e+00
-5.248940000000000e-04 2.949980000000000e-02 0.000000000000000e+00
-9.475100000000000e-04 2.948520000000000e-02 0.000000000000000e+00
-9.543680000000001e-03 2.738770000000000e-02 0.000000000000000e+00
-9.865670000000000e-03 2.722660000000000e-02 0.000000000000000e+00
-8.834699999999999e-03 2.803290000000000e-02 0.000000000000000e+00
-8.777129999999999e-03 2.762260000000000e-02 0.000000000000000e+00
-9.140930000000000e-03 2.760700000000000e-02 0.000000000000000e+00
-6.265490000000000e-03 2.943150000000000e-02 0.000000000000000e+00
-6.674600000000000e-03 2.927370000000000e-02 0.000000000000000e+00
-7.661590000000000e-03 2.892210000000000e-02 0.000000000000000e+00
-8.083369999999999e-03 2.879540000000000e-02 0.000000000000000e+00
-2.437810000000000e-03 2.942820000000000e-02 0.000000000000000e+00
-2.000010000000000e-03 2.944230000000000e-02 0.000000000000000e+00
-2.598080000000000e-02 1.500000000000000e-02 0.000000000000000e+00
-2.247480000000000e-02 2.056220000000000e-02 0.000000000000000e+00
-2.286440000000000e-02 1.994410000000000e-02 0.000000000000000e+00
-2.325390000000000e-02 1.932610000000000e-02 0.000000000000000e+00
-2.364350000000000e-02 1.870810000000000e-02 0.000000000000000e+00
-2.403300000000000e-02 1.809010000000000e-02 0.000000000000000e+00
-2.442260000000000e-02 1.747210000000000e-02 0.000000000000000e+00
-2.481210000000000e-02 1.685410000000000e-02 0.000000000000000e+00
-2.520170000000000e-02 1.623600000000000e-02 0.000000000000000e+00
-2.559120000000000e-02 1.561800000000000e-02 0.000000000000000e+00
-2.693100000000000e-02 1.554860000000000e-02 0.000000000000000e+00
-2.798020000000000e-02 1.615440000000000e-02 0.000000000000000e+00
-2.913860000000000e-02 1.682320000000000e-02 0.000000000000000e+00
-3.041760000000000e-02 1.756160000000000e-02 0.000000000000000e+00
-3.182970000000000e-02 1.837690000000000e-02 0.000000000000000e+00
-3.338880000000000e-02 1.927700000000000e-02 0.000000000000000e+00
-3.511020000000000e-02 2.027090000000000e-02 0.000000000000000e+00
-3.701070000000000e-02 2.136820000000000e-02 0.000000000000000e+00
-3.408720000000000e-02 2.670470000000000e-02 0.000000000000000e+00
-3.467190000000000e-02 2.563740000000000e-02 0.000000000000000e+00
-3.525660000000000e-02 2.457010000000000e-02 0.000000000000000e+00
-3.584130000000000e-02 2.350280000000000e-02 0.000000000000000e+00
-3.642600000000000e-02 2.243550000000000e-02 0.000000000000000e+00
-2.512200000000000e-02 1.876280000000000e-02 0.000000000000000e+00
-2.381010000000000e-02 2.116070000000000e-02 0.000000000000000e+00
-2.413960000000000e-02 2.020750000000000e-02 0.000000000000000e+00
-2.472040000000000e-02 1.944600000000000e-02 0.000000000000000e+00
-2.539520000000000e-02 1.824380000000000e-02 0.000000000000000e+00
-2.579470000000000e-02 1.767880000000000e-02 0.000000000000000e+00
-2.628830000000000e-02 1.702860000000000e-02 0.000000000000000e+00
-2.670550000000000e-02 1.634340000000000e-02 0.000000000000000e+00
-2.523000000000000e-02 2.190780000000000e-02 0.000000000000000e+00
-2.548320000000000e-02 2.093810000000000e-02 0.000000000000000e+00
-2.598000000000000e-02 2.013030000000000e-02 0.000000000000000e+00
-2.620990000000000e-02 1.916300000000000e-02 0.000000000000000e+00
-2.687910000000000e-02 1.856520000000000e-02 0.000000000000000e+00
-2.743240000000000e-02 1.789290000000000e-02 0.000000000000000e+00
-2.783130000000000e-02 1.709230000000000e-02 0.000000000000000e+00
-2.746980000000000e-02 1.986450000000000e-02 0.000000000000000e+00
-2.668020000000000e-02 2.270840000000000e-02 0.000000000000000e+00
-2.688880000000000e-02 2.169570000000000e-02 0.000000000000000e+00
-2.722950000000000e-02 2.078610000000000e-02 0.000000000000000e+00
-2.792930000000000e-02 1.936050000000000e-02 0.000000000000000e+00
-2.853460000000000e-02 1.869730000000000e-02 0.000000000000000e+00
-2.899460000000000e-02 1.782430000000000e-02 0.000000000000000e+00
-2.799430000000000e-02 2.344880000000000e-02 0.000000000000000e+00
-2.823440000000000e-02 2.235140000000000e-02 0.000000000000000e+00
-2.869790000000000e-02 2.143210000000000e-02 0.000000000000000e+00
-2.882980000000000e-02 2.028330000000000e-02 0.000000000000000e+00
-2.977690000000000e-02 1.953350000000000e-02 0.000000000000000e+00
-3.026750000000000e-02 1.861340000000000e-02 0.000000000000000e+00
-2.969470000000000e-02 2.438000000000000e-02 0.000000000000000e+00
-2.984370000000000e-02 2.315950000000000e-02 0.000000000000000e+00
-3.021240000000000e-02 2.219440000000000e-02 0.000000000000000e+00
-3.047710000000000e-02 2.120940000000000e-02 0.000000000000000e+00
-3.122650000000000e-02 2.046970000000000e-02 0.000000000000000e+00
-3.166310000000000e-02 1.949210000000000e-02 0.000000000000000e+00
-3.178670000000000e-02 2.299920000000000e-02 0.000000000000000e+00
-3.125660000000000e-02 2.524610000000000e-02 0.000000000000000e+00
-3.146290000000000e-02 2.398570000000000e-02 0.000000000000000e+00
-3.211110000000000e-02 2.229820000000000e-02 0.000000000000000e+00
-3.268350000000000e-02 2.141740000000000e-02 0.000000000000000e+00
-3.317510000000000e-02 2.040640000000000e-02 0.000000000000000e+00
-3.281270000000000e-02 2.614630000000000e-02 0.000000000000000e+00
-3.312670000000000e-02 2.476670000000000e-02 0.000000000000000e+00
-3.335830000000000e-02 2.344260000000000e-02 0.000000000000000e+00
-3.417650000000000e-02 2.243090000000000e-02 0.000000000000000e+00
-3.473800000000000e-02 2.137460000000000e-02 0.000000000000000e+00
-3.863650000000000e-02 2.230680000000000e-02 0.000000000000000e+00
-4.026230000000000e-02 2.324540000000000e-02 0.000000000000000e+00
-4.188810000000000e-02 2.418410000000000e-02 0.000000000000000e+00
-4.351380000000000e-02 2.512270000000000e-02 0.000000000000000e+00
-4.513960000000000e-02 2.606140000000000e-02 0.000000000000000e+00
-2.904000000000000e-02 4.571800000000000e-02 0.000000000000000e+00
-2.805730000000000e-02 4.410070000000000e-02 0.000000000000000e+00
-2.711900000000000e-02 4.248180000000000e-02 0.000000000000000e+00
-2.623420000000000e-02 4.085960000000000e-02 0.000000000000000e+00
-2.537760000000000e-02 3.927490000000000e-02 0.000000000000000e+00
-3.090920000000000e-02 4.442430000000000e-02 0.000000000000000e+00
-2.989200000000000e-02 4.277370000000000e-02 0.000000000000000e+00
-2.892230000000000e-02 4.114190000000000e-02 0.000000000000000e+00
-2.805480000000000e-02 3.951410000000000e-02 0.000000000000000e+00
-2.726790000000000e-02 3.790400000000000e-02 0.000000000000000e+00
-3.272840000000000e-02 4.305080000000000e-02 0.000000000000000e+00
-3.165190000000000e-02 4.138890000000000e-02 0.000000000000000e+00
-3.064610000000000e-02 3.974380000000000e-02 0.000000000000000e+00
-2.977840000000000e-02 3.809880000000000e-02 0.000000000000000e+00
-2.916580000000000e-02 3.639880000000000e-02 0.000000000000000e+00
-3.446380000000000e-02 4.160230000000000e-02 0.000000000000000e+00
-3.331230000000000e-02 3.993640000000000e-02 0.000000000000000e+00
-3.228670000000000e-02 3.827770000000000e-02 0.000000000000000e+00
-3.145570000000000e-02 3.660700000000000e-02 0.000000000000000e+00
-3.094800000000000e-02 3.488570000000000e-02 0.000000000000000e+00
-3.611780000000000e-02 4.008170000000000e-02 0.000000000000000e+00
-3.487890000000000e-02 3.841080000000000e-02 0.000000000000000e+00
-3.378300000000000e-02 3.671350000000000e-02 0.000000000000000e+00
-3.286180000000000e-02 3.501080000000000e-02 0.000000000000000e+00
-3.206020000000000e-02 3.324550000000000e-02 0.000000000000000e+00
-3.762110000000000e-02 3.848560000000000e-02 0.000000000000000e+00
-3.631210000000000e-02 3.681380000000000e-02 0.000000000000000e+00
-3.511110000000000e-02 3.508980000000000e-02 0.000000000000000e+00
-3.411570000000000e-02 3.331530000000000e-02 0.000000000000000e+00
-3.329300000000000e-02 3.146330000000000e-02 0.000000000000000e+00
-3.885220000000000e-02 3.672080000000000e-02 0.000000000000000e+00
-3.752620000000000e-02 3.513330000000000e-02 0.000000000000000e+00
-3.629660000000000e-02 3.347190000000000e-02 0.000000000000000e+00
-3.524610000000000e-02 3.170770000000000e-02 0.000000000000000e+00
-3.445470000000000e-02 2.974650000000000e-02 0.000000000000000e+00
-3.995890000000000e-02 3.493120000000000e-02 0.000000000000000e+00
-3.862190000000000e-02 3.343180000000000e-02 0.000000000000000e+00
-3.737000000000000e-02 3.188150000000000e-02 0.000000000000000e+00
-3.621010000000000e-02 3.025070000000000e-02 0.000000000000000e+00
-3.514300000000000e-02 2.852200000000000e-02 0.000000000000000e+00
-4.103780000000000e-02 3.314760000000000e-02 0.000000000000000e+00
-3.967230000000000e-02 3.173660000000000e-02 0.000000000000000e+00
-3.835450000000000e-02 3.030230000000000e-02 0.000000000000000e+00
-3.709530000000000e-02 2.879870000000000e-02 0.000000000000000e+00
-3.587520000000000e-02 2.723770000000000e-02 0.000000000000000e+00
-4.209400000000000e-02 3.136750000000000e-02 0.000000000000000e+00
-4.068850000000000e-02 3.006060000000000e-02 0.000000000000000e+00
-3.928670000000000e-02 2.874930000000000e-02 0.000000000000000e+00
-3.794100000000000e-02 2.736790000000000e-02 0.000000000000000e+00
-3.660420000000000e-02 2.598140000000000e-02 0.000000000000000e+00
-4.312700000000000e-02 2.959900000000000e-02 0.000000000000000e+00
-4.166160000000000e-02 2.840360000000000e-02 0.000000000000000e+00
-4.018830000000000e-02 2.721270000000000e-02 0.000000000000000e+00
-3.874320000000000e-02 2.596810000000000e-02 0.000000000000000e+00
-3.729340000000000e-02 2.473520000000000e-02 0.000000000000000e+00
-4.413960000000000e-02 2.780850000000000e-02 0.000000000000000e+00
-4.259900000000000e-02 2.673510000000000e-02 0.000000000000000e+00
-4.104580000000000e-02 2.567900000000000e-02 0.000000000000000e+00
-3.950350000000000e-02 2.460460000000000e-02 0.000000000000000e+00
-3.797080000000000e-02 2.351130000000000e-02 0.000000000000000e+00
-2.447380000000000e-02 1.412990000000000e-02 0.000000000000000e+00
-2.469890000000000e-02 1.425990000000000e-02 0.000000000000000e+00
-1.638540000000000e-02 2.339540000000000e-02 0.000000000000000e+00
-1.677370000000000e-02 2.308320000000000e-02 0.000000000000000e+00
-1.716210000000000e-02 2.277090000000000e-02 0.000000000000000e+00
-1.755040000000000e-02 2.245860000000000e-02 0.000000000000000e+00
-1.793880000000000e-02 2.214640000000000e-02 0.000000000000000e+00
-1.832710000000000e-02 2.183410000000000e-02 0.000000000000000e+00
-1.871550000000000e-02 2.152180000000000e-02 0.000000000000000e+00
-1.910380000000000e-02 2.120960000000000e-02 0.000000000000000e+00
-1.949220000000000e-02 2.089730000000000e-02 0.000000000000000e+00
-1.985700000000000e-02 2.056030000000000e-02 0.000000000000000e+00
-2.018790000000000e-02 2.018780000000000e-02 0.000000000000000e+00
-2.051880000000000e-02 1.981520000000000e-02 0.000000000000000e+00
-2.084980000000000e-02 1.944260000000000e-02 0.000000000000000e+00
-2.118070000000000e-02 1.907000000000000e-02 0.000000000000000e+00
-2.151160000000000e-02 1.869750000000000e-02 0.000000000000000e+00
-2.184250000000000e-02 1.832490000000000e-02 0.000000000000000e+00
-2.217350000000000e-02 1.795230000000000e-02 0.000000000000000e+00
-2.250440000000000e-02 1.757980000000000e-02 0.000000000000000e+00
-2.283530000000000e-02 1.720720000000000e-02 0.000000000000000e+00
-2.311180000000000e-02 1.679380000000000e-02 0.000000000000000e+00
-2.337630000000000e-02 1.637150000000000e-02 0.000000000000000e+00
-2.364090000000000e-02 1.594920000000000e-02 0.000000000000000e+00
-2.390540000000000e-02 1.552690000000000e-02 0.000000000000000e+00
-2.416990000000000e-02 1.510460000000000e-02 0.000000000000000e+00
-2.443440000000000e-02 1.468220000000000e-02 0.000000000000000e+00
-2.421440000000000e-02 1.454870000000000e-02 0.000000000000000e+00
-2.395370000000000e-02 1.496660000000000e-02 0.000000000000000e+00
-2.369060000000000e-02 1.538310000000000e-02 0.000000000000000e+00
-2.342470000000000e-02 1.579770000000000e-02 0.000000000000000e+00
-2.315550000000000e-02 1.621010000000000e-02 0.000000000000000e+00
-2.288060000000000e-02 1.661840000000000e-02 0.000000000000000e+00
-2.259020000000000e-02 1.701520000000000e-02 0.000000000000000e+00
-2.228650000000000e-02 1.740200000000000e-02 0.000000000000000e+00
-2.197120000000000e-02 1.778010000000000e-02 0.000000000000000e+00
-2.165160000000000e-02 1.815470000000000e-02 0.000000000000000e+00
-2.132850000000000e-02 1.852640000000000e-02 0.000000000000000e+00
-2.100200000000000e-02 1.889530000000000e-02 0.000000000000000e+00
-2.067240000000000e-02 1.926130000000000e-02 0.000000000000000e+00
-2.033960000000000e-02 1.962430000000000e-02 0.000000000000000e+00
-2.000360000000000e-02 1.998430000000000e-02 0.000000000000000e+00
-1.965820000000000e-02 2.033450000000000e-02 0.000000000000000e+00
-1.930030000000000e-02 2.067170000000000e-02 0.000000000000000e+00
-1.893100000000000e-02 2.099680000000000e-02 0.000000000000000e+00
-1.855470000000000e-02 2.131440000000000e-02 0.000000000000000e+00
-1.817500000000000e-02 2.162800000000000e-02 0.000000000000000e+00
-1.779240000000000e-02 2.193820000000000e-02 0.000000000000000e+00
-1.740710000000000e-02 2.224510000000000e-02 0.000000000000000e+00
-1.701950000000000e-02 2.254900000000000e-02 0.000000000000000e+00
-1.662990000000000e-02 2.285010000000000e-02 0.000000000000000e+00
-1.623870000000000e-02 2.314920000000000e-02 0.000000000000000e+00
-2.555350000000000e-02 1.475330000000000e-02 0.000000000000000e+00
-2.512620000000000e-02 1.450660000000000e-02 0.000000000000000e+00
-1.828740000000000e-02 2.235640000000000e-02 0.000000000000000e+00
-2.023550000000000e-02 2.143710000000000e-02 0.000000000000000e+00
-2.275910000000000e-02 1.900820000000000e-02 0.000000000000000e+00
-2.124300000000000e-02 1.977110000000000e-02 0.000000000000000e+00
-2.127880000000000e-02 2.045360000000000e-02 0.000000000000000e+00
-2.021730000000000e-02 2.081880000000000e-02 0.000000000000000e+00
-2.056520000000000e-02 2.110530000000000e-02 0.000000000000000e+00
-2.090420000000000e-02 2.077780000000000e-02 0.000000000000000e+00
-2.241330000000000e-02 1.945530000000000e-02 0.000000000000000e+00
-2.199690000000000e-02 1.977410000000000e-02 0.000000000000000e+00
-2.162790000000000e-02 2.010420000000000e-02 0.000000000000000e+00
-2.486640000000000e-02 1.493250000000000e-02 0.000000000000000e+00
-2.460690000000000e-02 1.534840000000000e-02 0.000000000000000e+00
-2.229450000000000e-02 1.866650000000000e-02 0.000000000000000e+00
-2.055060000000000e-02 2.047880000000000e-02 0.000000000000000e+00
-2.089950000000000e-02 2.013060000000000e-02 0.000000000000000e+00
-1.987760000000000e-02 2.113770000000000e-02 0.000000000000000e+00
-2.433720000000000e-02 1.576920000000000e-02 0.000000000000000e+00
-2.261860000000000e-02 1.827010000000000e-02 0.000000000000000e+00
-2.308410000000000e-02 1.857220000000000e-02 0.000000000000000e+00
-2.334970000000000e-02 1.821950000000000e-02 0.000000000000000e+00
-2.407340000000000e-02 1.619220000000000e-02 0.000000000000000e+00
-2.381110000000000e-02 1.661020000000000e-02 0.000000000000000e+00
-2.353200000000000e-02 1.704470000000000e-02 0.000000000000000e+00
-2.365360000000000e-02 1.776080000000000e-02 0.000000000000000e+00
-2.396660000000000e-02 1.728070000000000e-02 0.000000000000000e+00
-2.165900000000000e-02 2.080250000000000e-02 0.000000000000000e+00
-2.293530000000000e-02 1.788400000000000e-02 0.000000000000000e+00
-2.324330000000000e-02 1.747410000000000e-02 0.000000000000000e+00
-2.159320000000000e-02 1.941790000000000e-02 0.000000000000000e+00
-2.195930000000000e-02 1.906380000000000e-02 0.000000000000000e+00
-2.477480000000000e-02 1.600250000000000e-02 0.000000000000000e+00
-2.528510000000000e-02 1.520450000000000e-02 0.000000000000000e+00
-2.506110000000000e-02 1.556310000000000e-02 0.000000000000000e+00
-1.894660000000000e-02 2.195890000000000e-02 0.000000000000000e+00
-1.864610000000000e-02 2.215720000000000e-02 0.000000000000000e+00
-1.985980000000000e-02 2.166750000000000e-02 0.000000000000000e+00
-1.953330000000000e-02 2.141250000000000e-02 0.000000000000000e+00
-1.933790000000000e-02 2.171980000000000e-02 0.000000000000000e+00
-2.235570000000000e-02 2.014180000000000e-02 0.000000000000000e+00
-2.201440000000000e-02 2.041720000000000e-02 0.000000000000000e+00
-2.121650000000000e-02 2.109620000000000e-02 0.000000000000000e+00
-2.089590000000000e-02 2.139810000000000e-02 0.000000000000000e+00
-2.426670000000000e-02 1.682530000000000e-02 0.000000000000000e+00
-2.449770000000000e-02 1.645320000000000e-02 0.000000000000000e+00
-2.904480000000000e-02 9.182670000000000e-03 0.000000000000000e+00
-2.870430000000000e-02 9.829040000000001e-03 0.000000000000000e+00
-2.836390000000000e-02 1.047540000000000e-02 0.000000000000000e+00
-2.802340000000000e-02 1.112180000000000e-02 0.000000000000000e+00
-2.768300000000000e-02 1.176810000000000e-02 0.000000000000000e+00
-2.734250000000000e-02 1.241450000000000e-02 0.000000000000000e+00
-2.700210000000000e-02 1.306090000000000e-02 0.000000000000000e+00
-2.666170000000000e-02 1.370730000000000e-02 0.000000000000000e+00
-2.632120000000000e-02 1.435360000000000e-02 0.000000000000000e+00
-4.017050000000000e-02 1.616800000000000e-02 0.000000000000000e+00
-3.953860000000000e-02 1.720800000000000e-02 0.000000000000000e+00
-3.890660000000000e-02 1.824810000000000e-02 0.000000000000000e+00
-3.827470000000000e-02 1.928810000000000e-02 0.000000000000000e+00
-3.764270000000000e-02 2.032810000000000e-02 0.000000000000000e+00
-2.881010000000000e-02 1.237490000000000e-02 0.000000000000000e+00
-3.023080000000000e-02 1.003980000000000e-02 0.000000000000000e+00
-2.957000000000000e-02 1.080170000000000e-02 0.000000000000000e+00
-2.920090000000000e-02 1.168550000000000e-02 0.000000000000000e+00
-2.849730000000000e-02 1.287100000000000e-02 0.000000000000000e+00
-2.820760000000000e-02 1.349950000000000e-02 0.000000000000000e+00
-2.789130000000000e-02 1.425200000000000e-02 0.000000000000000e+00
-2.750650000000000e-02 1.495590000000000e-02 0.000000000000000e+00
-3.158770000000000e-02 1.089590000000000e-02 0.000000000000000e+00
-3.087450000000000e-02 1.160000000000000e-02 0.000000000000000e+00
-3.042330000000000e-02 1.243420000000000e-02 0.000000000000000e+00
-2.970060000000000e-02 1.311690000000000e-02 0.000000000000000e+00
-2.951750000000000e-02 1.399540000000000e-02 0.000000000000000e+00
-2.921190000000000e-02 1.481070000000000e-02 0.000000000000000e+00
-2.871800000000000e-02 1.555650000000000e-02 0.000000000000000e+00
-3.093810000000000e-02 1.385730000000000e-02 0.000000000000000e+00
-3.300620000000000e-02 1.175150000000000e-02 0.000000000000000e+00
-3.223340000000000e-02 1.243860000000000e-02 0.000000000000000e+00
-3.161610000000000e-02 1.318840000000000e-02 0.000000000000000e+00
-3.073130000000000e-02 1.450730000000000e-02 0.000000000000000e+00
-3.045970000000000e-02 1.536310000000000e-02 0.000000000000000e+00
-2.993360000000000e-02 1.619790000000000e-02 0.000000000000000e+00
-3.430440000000000e-02 1.251930000000000e-02 0.000000000000000e+00
-3.347410000000000e-02 1.327600000000000e-02 0.000000000000000e+00
-3.290970000000000e-02 1.413700000000000e-02 0.000000000000000e+00
-3.198080000000000e-02 1.482570000000000e-02 0.000000000000000e+00
-3.180500000000000e-02 1.602080000000000e-02 0.000000000000000e+00
-3.125350000000000e-02 1.690580000000000e-02 0.000000000000000e+00
-3.596100000000000e-02 1.352640000000000e-02 0.000000000000000e+00
-3.497850000000000e-02 1.426560000000000e-02 0.000000000000000e+00
-3.432710000000000e-02 1.506750000000000e-02 0.000000000000000e+00
-3.360640000000000e-02 1.578930000000000e-02 0.000000000000000e+00
-3.334050000000000e-02 1.680810000000000e-02 0.000000000000000e+00
-3.271220000000000e-02 1.767500000000000e-02 0.000000000000000e+00
-3.581120000000000e-02 1.602850000000000e-02 0.000000000000000e+00
-3.749210000000000e-02 1.444600000000000e-02 0.000000000000000e+00
-3.650370000000000e-02 1.525480000000000e-02 0.000000000000000e+00
-3.536640000000000e-02 1.665990000000000e-02 0.000000000000000e+00
-3.488980000000000e-02 1.759610000000000e-02 0.000000000000000e+00
-3.426000000000000e-02 1.852730000000000e-02 0.000000000000000e+00
-3.904970000000000e-02 1.534350000000000e-02 0.000000000000000e+00
-3.801190000000000e-02 1.630520000000000e-02 0.000000000000000e+00
-3.698110000000000e-02 1.716790000000000e-02 0.000000000000000e+00
-3.651400000000000e-02 1.838230000000000e-02 0.000000000000000e+00
-3.587990000000000e-02 1.939680000000000e-02 0.000000000000000e+00
-4.685000000000000e-02 5.737470000000000e-18 0.000000000000000e+00
-4.870000000000000e-02 5.964030000000000e-18 0.000000000000000e+00
-5.055000000000000e-02 6.190590000000000e-18 0.000000000000000e+00
-5.240000000000000e-02 6.417150000000000e-18 0.000000000000000e+00
-5.425000000000000e-02 6.643710000000000e-18 0.000000000000000e+00
-5.411300000000000e-02 2.290370000000000e-03 0.000000000000000e+00
-5.222100000000000e-02 2.247980000000000e-03 0.000000000000000e+00
-5.034980000000000e-02 2.244890000000000e-03 0.000000000000000e+00
-4.850250000000000e-02 2.289690000000000e-03 0.000000000000000e+00
-4.670180000000000e-02 2.340200000000000e-03 0.000000000000000e+00
-5.392710000000000e-02 4.555990000000000e-03 0.000000000000000e+00
-5.198910000000000e-02 4.500350000000000e-03 0.000000000000000e+00
-5.009110000000000e-02 4.476560000000000e-03 0.000000000000000e+00
-4.824770000000000e-02 4.539140000000000e-03 0.000000000000000e+00
-4.645980000000000e-02 4.662740000000000e-03 0.000000000000000e+00
-5.364730000000000e-02 6.818200000000000e-03 0.000000000000000e+00
-5.166980000000000e-02 6.716840000000000e-03 0.000000000000000e+00
-4.974220000000000e-02 6.668420000000000e-03 0.000000000000000e+00
-4.788380000000000e-02 6.739450000000000e-03 0.000000000000000e+00
-4.610520000000000e-02 7.058920000000000e-03 0.000000000000000e+00
-5.326060000000000e-02 9.045340000000001e-03 0.000000000000000e+00
-5.124210000000000e-02 8.881060000000000e-03 0.000000000000000e+00
-4.929280000000000e-02 8.822240000000000e-03 0.000000000000000e+00
-4.743040000000000e-02 8.937960000000000e-03 0.000000000000000e+00
-4.568590000000000e-02 9.358910000000000e-03 0.000000000000000e+00
-5.277070000000000e-02 1.123810000000000e-02 0.000000000000000e+00
-5.070410000000000e-02 1.100060000000000e-02 0.000000000000000e+00
-4.868630000000000e-02 1.090020000000000e-02 0.000000000000000e+00
-4.675110000000000e-02 1.095370000000000e-02 0.000000000000000e+00
-4.482150000000000e-02 1.114230000000000e-02 0.000000000000000e+00
-5.214010000000000e-02 1.333810000000000e-02 0.000000000000000e+00
-5.003780000000000e-02 1.304030000000000e-02 0.000000000000000e+00
-4.794420000000000e-02 1.286220000000000e-02 0.000000000000000e+00
-4.590980000000000e-02 1.288740000000000e-02 0.000000000000000e+00
-4.389450000000000e-02 1.310090000000000e-02 0.000000000000000e+00
-5.122730000000000e-02 1.528660000000000e-02 0.000000000000000e+00
-4.918940000000000e-02 1.493200000000000e-02 0.000000000000000e+00
-4.713580000000000e-02 1.469790000000000e-02 0.000000000000000e+00
-4.508270000000000e-02 1.467020000000000e-02 0.000000000000000e+00
-4.298860000000000e-02 1.496540000000000e-02 0.000000000000000e+00
-5.023080000000000e-02 1.713980000000000e-02 0.000000000000000e+00
-4.826380000000000e-02 1.673170000000000e-02 0.000000000000000e+00
-4.629520000000000e-02 1.642270000000000e-02 0.000000000000000e+00
-4.430290000000000e-02 1.623350000000000e-02 0.000000000000000e+00
-4.227230000000000e-02 1.617370000000000e-02 0.000000000000000e+00
-4.922550000000000e-02 1.896600000000000e-02 0.000000000000000e+00
-4.732080000000000e-02 1.848890000000000e-02 0.000000000000000e+00
-4.541980000000000e-02 1.806490000000000e-02 0.000000000000000e+00
-4.348800000000000e-02 1.772610000000000e-02 0.000000000000000e+00
-4.152610000000000e-02 1.745000000000000e-02 0.000000000000000e+00
-4.821210000000000e-02 2.077070000000000e-02 0.000000000000000e+00
-4.637750000000000e-02 2.020700000000000e-02 0.000000000000000e+00
-4.454100000000000e-02 1.964860000000000e-02 0.000000000000000e+00
-4.267180000000000e-02 1.917390000000000e-02 0.000000000000000e+00
-4.080260000000000e-02 1.870950000000000e-02 0.000000000000000e+00
-4.719700000000000e-02 2.254950000000000e-02 0.000000000000000e+00
-4.542910000000000e-02 2.187820000000000e-02 0.000000000000000e+00
-4.366100000000000e-02 2.119770000000000e-02 0.000000000000000e+00
-4.186060000000000e-02 2.056860000000000e-02 0.000000000000000e+00
-4.006800000000000e-02 1.992940000000000e-02 0.000000000000000e+00
-4.615260000000000e-02 2.432180000000000e-02 0.000000000000000e+00
-4.445270000000000e-02 2.352430000000000e-02 0.000000000000000e+00
-4.276160000000000e-02 2.270720000000000e-02 0.000000000000000e+00
-4.105990000000000e-02 2.190870000000000e-02 0.000000000000000e+00
-3.934680000000000e-02 2.112810000000000e-02 0.000000000000000e+00
-2.845370000000000e-02 2.492450000000000e-03 0.000000000000000e+00
-2.837750000000000e-02 2.984900000000000e-03 0.000000000000000e+00
-2.830120000000000e-02 3.477350000000000e-03 0.000000000000000e+00
-2.822500000000000e-02 3.969800000000000e-03 0.000000000000000e+00
-2.814870000000000e-02 4.462250000000000e-03 0.000000000000000e+00
-2.807240000000000e-02 4.954700000000000e-03 0.000000000000000e+00
-2.799620000000000e-02 5.447150000000000e-03 0.000000000000000e+00
-2.791990000000000e-02 5.939600000000000e-03 0.000000000000000e+00
-2.784370000000000e-02 6.432050000000000e-03 0.000000000000000e+00
-2.773430000000000e-02 6.916480000000000e-03 0.000000000000000e+00
-2.757710000000000e-02 7.389360000000000e-03 0.000000000000000e+00
-2.741990000000000e-02 7.862230000000000e-03 0.000000000000000e+00
-2.726270000000000e-02 8.335110000000000e-03 0.000000000000000e+00
-2.710550000000000e-02 8.807990000000000e-03 0.000000000000000e+00
-2.694830000000000e-02 9.280860000000000e-03 0.000000000000000e+00
-2.679110000000000e-02 9.753740000000000e-03 0.000000000000000e+00
-2.663390000000000e-02 1.022660000000000e-02 0.000000000000000e+00
-2.647670000000000e-02 1.069950000000000e-02 0.000000000000000e+00
-2.631950000000000e-02 1.117240000000000e-02 0.000000000000000e+00
-2.609980000000000e-02 1.161850000000000e-02 0.000000000000000e+00
-2.586630000000000e-02 1.205870000000000e-02 0.000000000000000e+00
-2.563280000000000e-02 1.249900000000000e-02 0.000000000000000e+00
-2.539940000000000e-02 1.293920000000000e-02 0.000000000000000e+00
-2.516590000000000e-02 1.337950000000000e-02 0.000000000000000e+00
-2.493240000000000e-02 1.381970000000000e-02 0.000000000000000e+00
-2.470680000000000e-02 1.369590000000000e-02 0.000000000000000e+00
-2.493830000000000e-02 1.326120000000000e-02 0.000000000000000e+00
-2.516750000000000e-02 1.282510000000000e-02 0.000000000000000e+00
-2.539350000000000e-02 1.238750000000000e-02 0.000000000000000e+00
-2.561610000000000e-02 1.194820000000000e-02 0.000000000000000e+00
-2.583220000000000e-02 1.150600000000000e-02 0.000000000000000e+00
-2.603070000000000e-02 1.105610000000000e-02 0.000000000000000e+00
-2.621380000000000e-02 1.059970000000000e-02 0.000000000000000e+00
-2.638360000000000e-02 1.013760000000000e-02 0.000000000000000e+00
-2.654820000000000e-02 9.673460000000000e-03 0.000000000000000e+00
-2.670860000000000e-02 9.207770000000001e-03 0.000000000000000e+00
-2.686480000000000e-02 8.740650000000001e-03 0.000000000000000e+00
-2.701700000000000e-02 8.272190000000000e-03 0.000000000000000e+00
-2.716490000000000e-02 7.802440000000000e-03 0.000000000000000e+00
-2.730870000000000e-02 7.331500000000000e-03 0.000000000000000e+00
-2.743930000000000e-02 6.857250000000000e-03 0.000000000000000e+00
-2.755240000000000e-02 6.378730000000000e-03 0.000000000000000e+00
-2.764930000000000e-02 5.896340000000000e-03 0.000000000000000e+00
-2.773620000000000e-02 5.411690000000000e-03 0.000000000000000e+00
-2.781790000000000e-02 4.926020000000000e-03 0.000000000000000e+00
-2.789530000000000e-02 4.439570000000000e-03 0.000000000000000e+00
-2.796840000000000e-02 3.952480000000000e-03 0.000000000000000e+00
-2.803770000000000e-02 3.464850000000000e-03 0.000000000000000e+00
-2.810370000000000e-02 2.976810000000000e-03 0.000000000000000e+00
-2.816710000000000e-02 2.488470000000000e-03 0.000000000000000e+00
-2.850490000000000e-02 4.659140000000000e-03 0.000000000000000e+00
-2.868280000000000e-02 6.805850000000000e-03 0.000000000000000e+00
-2.784110000000000e-02 1.020580000000000e-02 0.000000000000000e+00
-2.774380000000000e-02 8.511420000000000e-03 0.000000000000000e+00
-2.835270000000000e-02 8.201240000000000e-03 0.000000000000000e+00
-2.813830000000000e-02 7.099260000000000e-03 0.000000000000000e+00
-2.856030000000000e-02 7.257320000000000e-03 0.000000000000000e+00
-2.844620000000000e-02 7.714670000000000e-03 0.000000000000000e+00
-2.805540000000000e-02 9.682800000000000e-03 0.000000000000000e+00
-2.812330000000000e-02 9.162860000000000e-03 0.000000000000000e+00
-2.822470000000000e-02 8.678250000000000e-03 0.000000000000000e+00
-2.536510000000000e-02 1.406870000000000e-02 0.000000000000000e+00
-2.559560000000000e-02 1.363600000000000e-02 0.000000000000000e+00
-2.731290000000000e-02 9.974310000000000e-03 0.000000000000000e+00
-2.801050000000000e-02 7.557970000000000e-03 0.000000000000000e+00
-2.788340000000000e-02 8.034190000000000e-03 0.000000000000000e+00
-2.824460000000000e-02 6.645650000000000e-03 0.000000000000000e+00
-2.582510000000000e-02 1.319200000000000e-02 0.000000000000000e+00
-2.713170000000000e-02 1.045330000000000e-02 0.000000000000000e+00
-2.762610000000000e-02 1.070530000000000e-02 0.000000000000000e+00
-2.745340000000000e-02 1.111160000000000e-02 0.000000000000000e+00
-2.605950000000000e-02 1.275210000000000e-02 0.000000000000000e+00
-2.629040000000000e-02 1.231590000000000e-02 0.000000000000000e+00
-2.652710000000000e-02 1.185700000000000e-02 0.000000000000000e+00
-2.720810000000000e-02 1.160420000000000e-02 0.000000000000000e+00
-2.694880000000000e-02 1.211530000000000e-02 0.000000000000000e+00
-2.884500000000000e-02 8.356020000000000e-03 0.000000000000000e+00
-2.695570000000000e-02 1.092060000000000e-02 0.000000000000000e+00
-2.675470000000000e-02 1.139220000000000e-02 0.000000000000000e+00
-2.761300000000000e-02 8.991360000000000e-03 0.000000000000000e+00
-2.748940000000000e-02 9.485410000000000e-03 0.000000000000000e+00
-2.624600000000000e-02 1.345430000000000e-02 0.000000000000000e+00
-2.581000000000000e-02 1.429530000000000e-02 0.000000000000000e+00
-2.600860000000000e-02 1.392200000000000e-02 0.000000000000000e+00
-2.849030000000000e-02 5.428790000000000e-03 0.000000000000000e+00
-2.851180000000000e-02 5.069390000000000e-03 0.000000000000000e+00
-2.869450000000000e-02 6.365360000000000e-03 0.000000000000000e+00
-2.831040000000000e-02 6.210060000000000e-03 0.000000000000000e+00
-2.847880000000000e-02 5.887200000000000e-03 0.000000000000000e+00
-2.862120000000000e-02 9.289700000000000e-03 0.000000000000000e+00
-2.868900000000000e-02 8.856460000000000e-03 0.000000000000000e+00
-2.887800000000000e-02 7.825910000000000e-03 0.000000000000000e+00
-2.897920000000000e-02 7.397300000000000e-03 0.000000000000000e+00
-2.670450000000000e-02 1.260290000000000e-02 0.000000000000000e+00
-2.649770000000000e-02 1.298910000000000e-02 0.000000000000000e+00
2.790530000000000e-02 2.242330000000000e-03 0.000000000000000e+00
2.807890000000000e-02 2.000000000000000e-03 0.000000000000000e+00
2.837965000000000e-02 2.000000000000000e-03 0.000000000000000e+00
2.858345000000000e-02 2.408520000000000e-03 0.000000000000000e+00
2.849185000000000e-02 2.246225000000000e-03 0.000000000000000e+00
2.991910000000000e-02 8.844524999999999e-03 0.000000000000000e+00
2.933175000000000e-02 8.127780000000001e-03 0.000000000000000e+00
2.921500000000000e-02 8.859485000000000e-03 0.000000000000000e+00
2.911510000000000e-02 8.446155000000000e-03 0.000000000000000e+00
3.240355000000000e-02 1.027885000000000e-02 0.000000000000000e+00
3.098690000000000e-02 9.460975000000000e-03 0.000000000000000e+00
3.155425000000001e-02 1.033255000000000e-02 0.000000000000000e+00
4.057550000000000e-02 1.499695000000000e-02 0.000000000000000e+00
3.946575000000000e-02 1.435625000000000e-02 0.000000000000000e+00
3.969910000000000e-02 1.510470000000000e-02 0.000000000000000e+00
4.132635000000000e-02 1.422065000000000e-02 0.000000000000000e+00
4.048649999999999e-02 1.564800000000000e-02 0.000000000000000e+00
4.189555000000000e-02 1.504670000000000e-02 0.000000000000000e+00
2.436555000000000e-02 1.378645000000000e-02 0.000000000000000e+00
2.412215000000000e-02 1.420795000000000e-02 0.000000000000000e+00
2.436125000000000e-02 1.406500000000000e-02 0.000000000000000e+00
2.459755000000000e-02 1.335840000000000e-02 0.000000000000000e+00
2.459460000000000e-02 1.363440000000000e-02 0.000000000000000e+00
2.482545000000000e-02 1.292815000000000e-02 0.000000000000000e+00
2.482550000000000e-02 1.320255000000000e-02 0.000000000000000e+00
2.504770000000000e-02 1.249500000000000e-02 0.000000000000000e+00
2.505285000000000e-02 1.276875000000000e-02 0.000000000000000e+00
2.526310000000000e-02 1.205840000000000e-02 0.000000000000000e+00
2.527535000000000e-02 1.233255000000000e-02 0.000000000000000e+00
2.547110000000000e-02 1.161820000000000e-02 0.000000000000000e+00
2.549255000000000e-02 1.189370000000000e-02 0.000000000000000e+00
2.567130000000000e-02 1.117440000000000e-02 0.000000000000000e+00
2.570270000000000e-02 1.145160000000000e-02 0.000000000000000e+00
2.586340000000000e-02 1.072705000000000e-02 0.000000000000000e+00
2.590005000000000e-02 1.100385000000000e-02 0.000000000000000e+00
2.604730000000000e-02 1.027630000000000e-02 0.000000000000000e+00
2.608560000000000e-02 1.055110000000000e-02 0.000000000000000e+00
2.622305000000000e-02 9.822295000000000e-03 0.000000000000000e+00
2.626040000000000e-02 1.009385000000000e-02 0.000000000000000e+00
2.639065000000000e-02 9.365195000000000e-03 0.000000000000000e+00
2.642855000000000e-02 9.633974999999999e-03 0.000000000000000e+00
2.655005000000000e-02 8.905190000000000e-03 0.000000000000000e+00
2.659050000000000e-02 9.171835000000000e-03 0.000000000000000e+00
2.670125000000000e-02 8.442419999999999e-03 0.000000000000000e+00
2.674625000000000e-02 8.707565000000000e-03 0.000000000000000e+00
2.684420000000000e-02 7.977025000000000e-03 0.000000000000000e+00
2.689590000000000e-02 8.241270000000000e-03 0.000000000000000e+00
2.697880000000000e-02 7.509155000000000e-03 0.000000000000000e+00
2.703925000000000e-02 7.773065000000000e-03 0.000000000000000e+00
2.710500000000000e-02 7.038945000000000e-03 0.000000000000000e+00
2.717635000000000e-02 7.303060000000000e-03 0.000000000000000e+00
2.722270000000000e-02 6.566535000000000e-03 0.000000000000000e+00
2.730265000000000e-02 6.830259999999999e-03 0.000000000000000e+00
2.733180000000000e-02 6.092075000000001e-03 0.000000000000000e+00
2.741590000000000e-02 6.354260000000000e-03 0.000000000000000e+00
2.743220000000000e-02 5.615695000000000e-03 0.000000000000000e+00
2.751675000000000e-02 5.875350000000000e-03 0.000000000000000e+00
2.752370000000000e-02 5.137525000000000e-03 0.000000000000000e+00
2.760820000000000e-02 5.394365000000000e-03 0.000000000000000e+00
2.760630000000000e-02 4.657735000000000e-03 0.000000000000000e+00
2.769255000000000e-02 4.912015000000000e-03 0.000000000000000e+00
2.768030000000000e-02 4.176545000000000e-03 0.000000000000000e+00
2.777030000000000e-02 4.428515000000000e-03 0.000000000000000e+00
2.774620000000000e-02 3.694175000000000e-03 0.000000000000000e+00
2.784180000000000e-02 3.944055000000000e-03 0.000000000000000e+00
2.780475000000000e-02 3.210850000000000e-03 0.000000000000000e+00
2.790745000000000e-02 3.458785000000000e-03 0.000000000000000e+00
2.785720000000000e-02 2.726820000000000e-03 0.000000000000000e+00
2.796800000000000e-02 2.972895000000000e-03 0.000000000000000e+00
2.802460000000000e-02 2.486565000000000e-03 0.000000000000000e+00
2.819820000000000e-02 2.244235000000000e-03 0.000000000000000e+00
3.416909999999999e-02 1.129820000000000e-02 0.000000000000000e+00
3.314625000000000e-02 1.127000000000000e-02 0.000000000000000e+00
3.593465000000000e-02 1.231755000000000e-02 0.000000000000000e+00
3.467815000000000e-02 1.216360000000000e-02 0.000000000000000e+00
3.770020000000000e-02 1.333690000000000e-02 0.000000000000000e+00
3.638920000000000e-02 1.317680000000000e-02 0.000000000000000e+00
3.803755000000000e-02 1.414630000000000e-02 0.000000000000000e+00
3.034190000000000e-02 9.596275000000000e-03 0.000000000000000e+00
4.496315000000000e-02 1.219290000000000e-03 0.000000000000000e+00
4.592500000000000e-02 0.000000000000000e+00 0.000000000000000e+00
4.483085000000001e-02 3.654560000000000e-03 0.000000000000000e+00
4.581405000000000e-02 2.389395000000000e-03 0.000000000000000e+00
4.456785000000000e-02 6.078685000000000e-03 0.000000000000000e+00
4.559760000000000e-02 4.766640000000000e-03 0.000000000000000e+00
4.417300000000000e-02 8.485315000000000e-03 0.000000000000000e+00
4.525274999999999e-02 7.172875000000000e-03 0.000000000000000e+00
4.342185000000000e-02 1.059115000000000e-02 0.000000000000000e+00
4.481580000000000e-02 9.521360000000000e-03 0.000000000000000e+00
4.237410000000000e-02 1.240590000000000e-02 0.000000000000000e+00
4.385975000000000e-02 1.132040000000000e-02 0.000000000000000e+00
4.287235000000000e-02 1.320710000000000e-02 0.000000000000000e+00
4.730845000000000e-02 2.605940000000000e-02 0.000000000000000e+00
4.622235000000000e-02 2.794060000000000e-02 0.000000000000000e+00
4.595250000000000e-02 2.653070000000000e-02 0.000000000000000e+00
5.273905000000000e-02 1.665340000000000e-02 0.000000000000000e+00
5.382515000000000e-02 1.477220000000000e-02 0.000000000000000e+00
5.225470000000000e-02 1.549970000000000e-02 0.000000000000000e+00
5.165295000000000e-02 1.853460000000000e-02 0.000000000000000e+00
5.121340000000000e-02 1.736690000000000e-02 0.000000000000000e+00
5.056680000000000e-02 2.041580000000000e-02 0.000000000000000e+00
5.016770000000000e-02 1.922060000000000e-02 0.000000000000000e+00
4.948065000000000e-02 2.229700000000000e-02 0.000000000000000e+00
4.911785000000000e-02 2.106355000000000e-02 0.000000000000000e+00
4.839454999999999e-02 2.417820000000000e-02 0.000000000000000e+00
4.806730000000000e-02 2.289355000000000e-02 0.000000000000000e+00
4.700205000000000e-02 2.472030000000000e-02 0.000000000000000e+00
5.462409999999999e-02 1.269555000000000e-02 0.000000000000000e+00
5.325415000000000e-02 1.358485000000000e-02 0.000000000000000e+00
5.597015000000000e-02 3.490765000000000e-03 0.000000000000000e+00
5.606790000000000e-02 1.164090000000000e-03 0.000000000000000e+00
5.507440000000000e-02 2.309275000000000e-03 0.000000000000000e+00
5.578745000000000e-02 5.811890000000000e-03 0.000000000000000e+00
5.491580000000000e-02 4.604670000000000e-03 0.000000000000000e+00
5.549825000000000e-02 8.122069999999999e-03 0.000000000000000e+00
5.465885000000000e-02 6.894310000000000e-03 0.000000000000000e+00
5.510305000000000e-02 1.041660500000000e-02 0.000000000000000e+00
5.429335000000000e-02 9.159525000000000e-03 0.000000000000000e+00
5.382534999999999e-02 1.139880000000000e-02 0.000000000000000e+00
5.517500000000000e-02 0.000000000000000e+00 0.000000000000000e+00
2.869035000000000e-02 3.225560000000000e-03 0.000000000000000e+00
2.854530000000000e-02 2.654745000000000e-03 0.000000000000000e+00
2.850720000000000e-02 2.900970000000000e-03 0.000000000000000e+00
2.879725000000000e-02 4.042595000000000e-03 0.000000000000000e+00
2.852250000000000e-02 3.555715000000000e-03 0.000000000000000e+00
2.890415000000000e-02 4.859630000000000e-03 0.000000000000000e+00
2.853785000000000e-02 4.210455000000000e-03 0.000000000000000e+00
2.867780000000000e-02 4.555125000000000e-03 0.000000000000000e+00
2.901105000000000e-02 5.676670000000000e-03 0.000000000000000e+00
2.872395000000000e-02 5.348465000000000e-03 0.000000000000000e+00
2.873470000000000e-02 5.168770000000000e-03 0.000000000000000e+00
2.911795000000000e-02 6.493705000000000e-03 0.000000000000000e+00
2.887950000000000e-02 6.225275000000000e-03 0.000000000000000e+00
2.877165000000000e-02 5.986195000000000e-03 0.000000000000000e+00
2.922485000000000e-02 7.310740000000000e-03 0.000000000000000e+00
2.892710000000000e-02 6.854035000000000e-03 0.000000000000000e+00
2.907530000000000e-02 7.149755000000000e-03 0.000000000000000e+00
2.907820000000000e-02 7.772585000000000e-03 0.000000000000000e+00
2.912875000000000e-02 7.558275000000000e-03 0.000000000000000e+00
1.589455000000000e-02 2.304555000000000e-02 0.000000000000000e+00
1.577150000000000e-02 2.331700000000000e-02 0.000000000000000e+00
1.629010000000000e-02 2.276165000000000e-02 0.000000000000000e+00
1.616575000000000e-02 2.302675000000000e-02 0.000000000000000e+00
1.668310000000000e-02 2.247420000000000e-02 0.000000000000000e+00
1.655865000000000e-02 2.273455000000000e-02 0.000000000000000e+00
1.707240000000000e-02 2.218185000000000e-02 0.000000000000000e+00
1.694915000000000e-02 2.243920000000000e-02 0.000000000000000e+00
1.745715000000000e-02 2.188360000000000e-02 0.000000000000000e+00
1.733660000000000e-02 2.213970000000000e-02 0.000000000000000e+00
1.783685000000000e-02 2.157890000000000e-02 0.000000000000000e+00
1.772035000000000e-02 2.183555000000000e-02 0.000000000000000e+00
1.821105000000000e-02 2.126745000000000e-02 0.000000000000000e+00
1.810020000000000e-02 2.152645000000000e-02 0.000000000000000e+00
1.857940000000000e-02 2.094910000000000e-02 0.000000000000000e+00
1.847570000000000e-02 2.121220000000000e-02 0.000000000000000e+00
1.894180000000000e-02 2.062400000000000e-02 0.000000000000000e+00
1.884655000000000e-02 2.089250000000000e-02 0.000000000000000e+00
1.929815000000000e-02 2.029230000000000e-02 0.000000000000000e+00
1.921090000000000e-02 2.056575000000000e-02 0.000000000000000e+00
1.964840000000000e-02 1.995415000000000e-02 0.000000000000000e+00
1.956650000000000e-02 2.022965000000000e-02 0.000000000000000e+00
1.999250000000000e-02 1.960975000000000e-02 0.000000000000000e+00
1.991280000000000e-02 1.988390000000000e-02 0.000000000000000e+00
2.033040000000000e-02 1.925925000000000e-02 0.000000000000000e+00
2.025130000000000e-02 1.953015000000000e-02 0.000000000000000e+00
2.066200000000000e-02 1.890280000000000e-02 0.000000000000000e+00
2.058510000000000e-02 1.917190000000000e-02 0.000000000000000e+00
2.098715000000000e-02 1.854045000000000e-02 0.000000000000000e+00
2.091415000000000e-02 1.880920000000000e-02 0.000000000000000e+00
2.130580000000000e-02 1.817235000000000e-02 0.000000000000000e+00
2.123830000000000e-02 1.844210000000000e-02 0.000000000000000e+00
2.161785000000000e-02 1.779865000000000e-02 0.000000000000000e+00
2.155755000000000e-02 1.807080000000000e-02 0.000000000000000e+00
2.192320000000000e-02 1.741945000000000e-02 0.000000000000000e+00
2.187170000000000e-02 1.769525000000000e-02 0.000000000000000e+00
2.222165000000000e-02 1.703480000000000e-02 0.000000000000000e+00
2.218035000000000e-02 1.731525000000000e-02 0.000000000000000e+00
2.251300000000000e-02 1.664475000000000e-02 0.000000000000000e+00
2.247965000000000e-02 1.692815000000000e-02 0.000000000000000e+00
2.279725000000000e-02 1.624950000000000e-02 0.000000000000000e+00
2.276875000000000e-02 1.653340000000000e-02 0.000000000000000e+00
2.307445000000000e-02 1.584930000000000e-02 0.000000000000000e+00
2.304655000000000e-02 1.613035000000000e-02 0.000000000000000e+00
2.334485000000000e-02 1.544445000000000e-02 0.000000000000000e+00
2.331800000000000e-02 1.572285000000000e-02 0.000000000000000e+00
2.360890000000000e-02 1.503540000000000e-02 0.000000000000000e+00
2.358450000000000e-02 1.531200000000000e-02 0.000000000000000e+00
2.386750000000000e-02 1.462290000000000e-02 0.000000000000000e+00
2.384655000000000e-02 1.489825000000000e-02 0.000000000000000e+00
2.410500000000000e-02 1.448230000000000e-02 0.000000000000000e+00
1.592185000000000e-02 2.357745000000000e-02 0.000000000000000e+00
1.637755000000000e-02 2.354975000000000e-02 0.000000000000000e+00
1.619120000000000e-02 2.355155000000000e-02 0.000000000000000e+00
1.604270000000000e-02 2.329820000000000e-02 0.000000000000000e+00
2.510355000000000e-02 2.292285000000000e-02 0.000000000000000e+00
2.368690000000000e-02 2.210495000000000e-02 0.000000000000000e+00
2.472540000000000e-02 2.216050000000000e-02 0.000000000000000e+00
3.216570000000001e-02 2.700020000000000e-02 0.000000000000000e+00
3.327550000000000e-02 2.764095000000000e-02 0.000000000000000e+00
3.293060000000000e-02 2.682810000000000e-02 0.000000000000000e+00
2.686910000000000e-02 2.394220000000000e-02 0.000000000000000e+00
2.633325000000000e-02 2.307045000000000e-02 0.000000000000000e+00
2.863465000000000e-02 2.496155000000000e-02 0.000000000000000e+00
2.787310000000000e-02 2.395035000000000e-02 0.000000000000000e+00
3.040015000000000e-02 2.598085000000000e-02 0.000000000000000e+00
2.960605000000000e-02 2.492560000000000e-02 0.000000000000000e+00
3.126975000000000e-02 2.586830000000000e-02 0.000000000000000e+00
2.261910000000000e-02 2.148845000000000e-02 0.000000000000000e+00
2.170470000000000e-02 2.133815000000000e-02 0.000000000000000e+00
2.228000000000000e-02 2.087120000000000e-02 0.000000000000000e+00
2.187210000000000e-02 2.099135000000000e-02 0.000000000000000e+00
3.297860000000000e-02 2.867935000000000e-02 0.000000000000000e+00
3.379485000000000e-02 2.723835000000000e-02 0.000000000000000e+00
3.397860000000000e-02 2.875925000000000e-02 0.000000000000000e+00
2.348155000000000e-02 2.147870000000000e-02 0.000000000000000e+00
2.353750000000000e-02 3.832955000000000e-02 0.000000000000000e+00
2.142565000000000e-02 3.954885000000000e-02 0.000000000000000e+00
2.296250000000000e-02 3.977220000000000e-02 0.000000000000000e+00
2.558035000000000e-02 3.699735000000000e-02 0.000000000000000e+00
2.497630000000000e-02 3.848145000000000e-02 0.000000000000000e+00
2.754820000000000e-02 3.555750000000000e-02 0.000000000000000e+00
2.692680000000000e-02 3.710535000000000e-02 0.000000000000000e+00
2.943500000000000e-02 3.401225000000000e-02 0.000000000000000e+00
2.883825000000000e-02 3.560355000000000e-02 0.000000000000000e+00
3.088315000000000e-02 3.230885000000000e-02 0.000000000000000e+00
3.065365000000000e-02 3.405095000000000e-02 0.000000000000000e+00
3.193085000000000e-02 3.049410000000000e-02 0.000000000000000e+00
3.173360000000000e-02 3.232350000000000e-02 0.000000000000000e+00
3.287385000000000e-02 3.052500000000000e-02 0.000000000000000e+00
4.079175000000000e-02 3.734660000000000e-02 0.000000000000000e+00
3.970565000000000e-02 3.922780000000000e-02 0.000000000000000e+00
3.955045000000000e-02 3.750400000000000e-02 0.000000000000000e+00
4.187784999999999e-02 3.546540000000000e-02 0.000000000000000e+00
4.064680000000000e-02 3.566860000000000e-02 0.000000000000000e+00
4.296400000000000e-02 3.358420000000000e-02 0.000000000000000e+00
4.172935000000000e-02 3.383620000000000e-02 0.000000000000000e+00
4.405015000000000e-02 3.170300000000000e-02 0.000000000000000e+00
4.280050000000000e-02 3.200555000000000e-02 0.000000000000000e+00
4.513625000000000e-02 2.982180000000000e-02 0.000000000000000e+00
4.386010000000000e-02 3.018070000000000e-02 0.000000000000000e+00
4.490945000000000e-02 2.834485000000000e-02 0.000000000000000e+00
3.830670000000000e-02 4.095805000000000e-02 0.000000000000000e+00
3.839185000000000e-02 3.932700000000000e-02 0.000000000000000e+00
3.100820000000000e-02 4.672620000000000e-02 0.000000000000000e+00
2.904210000000000e-02 4.797415000000000e-02 0.000000000000000e+00
2.953710000000000e-02 4.654115000000000e-02 0.000000000000000e+00
3.292700000000000e-02 4.540745000000000e-02 0.000000000000000e+00
3.144570000000000e-02 4.525620000000000e-02 0.000000000000000e+00
3.478305000000000e-02 4.400185000000000e-02 0.000000000000000e+00
3.330010000000000e-02 4.388880000000000e-02 0.000000000000000e+00
3.657255000000000e-02 4.251230000000000e-02 0.000000000000000e+00
3.507905000000000e-02 4.243960000000000e-02 0.000000000000000e+00
3.678430000000000e-02 4.091470000000000e-02 0.000000000000000e+00
2.702585000000000e-02 4.913825000000000e-02 0.000000000000000e+00
2.758750000000000e-02 4.778295000000000e-02 0.000000000000000e+00
1.713860000000000e-02 2.323380000000000e-02 0.000000000000000e+00
1.657175000000000e-02 2.339360000000000e-02 0.000000000000000e+00
1.676590000000000e-02 2.323750000000000e-02 0.000000000000000e+00
1.789960000000000e-02 2.291785000000000e-02 0.000000000000000e+00
1.734060000000000e-02 2.292335000000000e-02 0.000000000000000e+00
1.866060000000000e-02 2.260190000000000e-02 0.000000000000000e+00
1.791525000000000e-02 2.260925000000000e-02 0.000000000000000e+00
1.828375000000000e-02 2.255815000000000e-02 0.000000000000000e+00
1.942165000000000e-02 2.228595000000000e-02 0.000000000000000e+00
1.899385000000000e-02 2.220140000000000e-02 0.000000000000000e+00
1.884360000000000e-02 2.230055000000000e-02 0.000000000000000e+00
2.018270000000000e-02 2.197005000000000e-02 0.000000000000000e+00
1.983100000000000e-02 2.189775000000000e-02 0.000000000000000e+00
1.957005000000000e-02 2.192390000000000e-02 0.000000000000000e+00
2.094370000000000e-02 2.165410000000000e-02 0.000000000000000e+00
2.039935000000000e-02 2.162460000000000e-02 0.000000000000000e+00
2.072955000000000e-02 2.160510000000000e-02 0.000000000000000e+00
2.127035000000000e-02 2.129615000000000e-02 0.000000000000000e+00
2.111005000000000e-02 2.144710000000000e-02 0.000000000000000e+00
1.086115218785000e-03 5.400000000000000e-02 0.000000000000000e+00
-1.086114781215000e-03 5.400000000000000e-02 0.000000000000000e+00
9.800850000000001e-10 5.306135000000000e-02 0.000000000000000e+00
1.194725000000000e-02 5.400000000000000e-02 0.000000000000000e+00
1.411950000000000e-02 5.400000000000000e-02 0.000000000000000e+00
1.270425000000000e-02 5.300370000000000e-02 0.000000000000000e+00
9.774999999999999e-03 5.400000000000000e-02 0.000000000000000e+00
1.056650000000000e-02 5.303550000000000e-02 0.000000000000000e+00
7.602790000000000e-03 5.400000000000000e-02 0.000000000000000e+00
8.438305000000000e-03 5.305680000000000e-02 0.000000000000000e+00
5.430565000000000e-03 5.400000000000000e-02 0.000000000000000e+00
6.317390000000000e-03 5.306910000000000e-02 0.000000000000000e+00
3.258340000000000e-03 5.400000000000000e-02 0.000000000000000e+00
4.207245000000000e-03 5.307430000000000e-02 0.000000000000000e+00
2.092620000000000e-03 5.306515000000000e-02 0.000000000000000e+00
1.631740000000000e-02 5.365360000000000e-02 0.000000000000000e+00
1.486225000000000e-02 5.291185000000000e-02 0.000000000000000e+00
2.496200000000000e-02 5.021695000000000e-02 0.000000000000000e+00
2.553735000000000e-02 4.885045000000000e-02 0.000000000000000e+00
2.286045000000000e-02 5.121930000000000e-02 0.000000000000000e+00
2.347015000000000e-02 4.986085000000000e-02 0.000000000000000e+00
2.071520000000000e-02 5.212390000000000e-02 0.000000000000000e+00
2.135875000000000e-02 5.078310000000000e-02 0.000000000000000e+00
1.853050000000000e-02 5.292890000000000e-02 0.000000000000000e+00
1.921430000000000e-02 5.159915000000000e-02 0.000000000000000e+00
1.704105000000000e-02 5.231350000000000e-02 0.000000000000000e+00
-1.194725000000000e-02 5.400000000000000e-02 0.000000000000000e+00
-1.411950000000000e-02 5.400000000000000e-02 0.000000000000000e+00
-1.270425000000000e-02 5.300370000000000e-02 0.000000000000000e+00
-9.774999999999999e-03 5.400000000000000e-02 0.000000000000000e+00
-1.056650000000000e-02 5.303550000000000e-02 0.000000000000000e+00
-7.602784999999999e-03 5.400000000000000e-02 0.000000000000000e+00
-8.438310000000001e-03 5.305680000000000e-02 0.000000000000000e+00
-5.430559999999999e-03 5.400000000000000e-02 0.000000000000000e+00
-6.317385000000000e-03 5.306910000000000e-02 0.000000000000000e+00
-3.258340000000000e-03 5.400000000000000e-02 0.000000000000000e+00
-4.207245000000000e-03 5.307430000000000e-02 0.000000000000000e+00
-2.092620000000000e-03 5.306515000000000e-02 0.000000000000000e+00
-1.631740000000000e-02 5.365360000000000e-02 0.000000000000000e+00
-1.486225000000000e-02 5.291185000000000e-02 0.000000000000000e+00
-2.496195000000000e-02 5.021695000000000e-02 0.000000000000000e+00
-2.702580000000000e-02 4.913825000000000e-02 0.000000000000000e+00
-2.553730000000000e-02 4.885045000000000e-02 0.000000000000000e+00
-2.286045000000000e-02 5.121930000000000e-02 0.000000000000000e+00
-2.347015000000000e-02 4.986085000000000e-02 0.000000000000000e+00
-2.071520000000000e-02 5.212390000000000e-02 0.000000000000000e+00
-2.135875000000000e-02 5.078310000000000e-02 0.000000000000000e+00
-1.853050000000000e-02 5.292890000000000e-02 0.000000000000000e+00
-1.921430000000000e-02 5.159915000000000e-02 0.000000000000000e+00
-1.704105000000000e-02 5.231350000000000e-02 0.000000000000000e+00
-2.904210000000000e-02 4.797415000000000e-02 0.000000000000000e+00
-2.758750000000000e-02 4.778295000000000e-02 0.000000000000000e+00
1.201075000000000e-02 2.528790000000000e-02 0.000000000000000e+00
1.230740000000000e-02 2.531705000000000e-02 0.000000000000000e+00
1.245775000000000e-02 2.557750000000000e-02 0.000000000000000e+00
1.220585000000000e-02 2.595825000000000e-02 0.000000000000000e+00
1.230060000000000e-02 2.579780000000000e-02 0.000000000000000e+00
7.299970000000000e-03 3.033295000000000e-02 0.000000000000000e+00
7.627010000000000e-03 2.946595000000000e-02 0.000000000000000e+00
6.934955000000000e-03 2.973065000000000e-02 0.000000000000000e+00
7.242970000000000e-03 2.943750000000000e-02 0.000000000000000e+00
7.300020000000000e-03 3.320175000000000e-02 0.000000000000000e+00
7.300005000000000e-03 3.156590000000000e-02 0.000000000000000e+00
6.828860000000000e-03 3.249305000000000e-02 0.000000000000000e+00
7.300010000000000e-03 4.263790000000000e-02 0.000000000000000e+00
7.300005000000000e-03 4.135645000000000e-02 0.000000000000000e+00
6.768520000000000e-03 4.193280000000000e-02 0.000000000000000e+00
8.347755000000000e-03 4.290000000000000e-02 0.000000000000000e+00
6.691680000000000e-03 4.288635000000000e-02 0.000000000000000e+00
7.916935000000000e-03 4.380595000000000e-02 0.000000000000000e+00
2.433671735000000e-04 2.799440000000000e-02 0.000000000000000e+00
-2.433738265000000e-04 2.799440000000000e-02 0.000000000000000e+00
-4.983500000000000e-09 2.812995000000000e-02 0.000000000000000e+00
7.300644999999999e-04 2.798130000000000e-02 0.000000000000000e+00
4.895440000000000e-04 2.811670000000000e-02 0.000000000000000e+00
1.216604500000000e-03 2.796355000000000e-02 0.000000000000000e+00
9.790215000000000e-04 2.810080000000000e-02 0.000000000000000e+00
1.702860000000000e-03 2.793945000000000e-02 0.000000000000000e+00
1.468330000000000e-03 2.808075000000000e-02 0.000000000000000e+00
2.188675000000000e-03 2.790770000000000e-02 0.000000000000000e+00
1.957370000000000e-03 2.805540000000000e-02 0.000000000000000e+00
2.673880000000000e-03 2.786770000000000e-02 0.000000000000000e+00
2.446015000000000e-03 2.802400000000000e-02 0.000000000000000e+00
3.158300000000000e-03 2.781915000000000e-02 0.000000000000000e+00
2.933970000000000e-03 2.798495000000000e-02 0.000000000000000e+00
3.641765000000000e-03 2.776185000000000e-02 0.000000000000000e+00
3.420380000000000e-03 2.793195000000000e-02 0.000000000000000e+00
4.124110000000000e-03 2.769575000000000e-02 0.000000000000000e+00
3.905280000000000e-03 2.786630000000000e-02 0.000000000000000e+00
4.605175000000000e-03 2.762095000000000e-02 0.000000000000000e+00
4.388690000000001e-03 2.778910000000000e-02 0.000000000000000e+00
5.084824999999999e-03 2.753755000000000e-02 0.000000000000000e+00
4.871010000000000e-03 2.770480000000000e-02 0.000000000000000e+00
5.562915000000000e-03 2.744560000000000e-02 0.000000000000000e+00
5.352205000000001e-03 2.761395000000000e-02 0.000000000000000e+00
6.039290000000000e-03 2.734515000000000e-02 0.000000000000000e+00
5.832169999999999e-03 2.751675000000000e-02 0.000000000000000e+00
6.513800000000000e-03 2.723625000000000e-02 0.000000000000000e+00
6.310795000000000e-03 2.741315000000000e-02 0.000000000000000e+00
6.986290000000000e-03 2.711890000000000e-02 0.000000000000000e+00
6.787965000000000e-03 2.730320000000000e-02 0.000000000000000e+00
7.456595000000000e-03 2.699310000000000e-02 0.000000000000000e+00
7.263555000000000e-03 2.718695000000000e-02 0.000000000000000e+00
7.924555000000000e-03 2.685885000000000e-02 0.000000000000000e+00
7.736150000000000e-03 2.705995000000000e-02 0.000000000000000e+00
8.390010000000000e-03 2.671610000000000e-02 0.000000000000000e+00
8.204985000000001e-03 2.692000000000000e-02 0.000000000000000e+00
8.852769999999999e-03 2.656485000000000e-02 0.000000000000000e+00
8.670170000000001e-03 2.676785000000000e-02 0.000000000000000e+00
9.312629999999999e-03 2.640500000000000e-02 0.000000000000000e+00
9.132435000000000e-03 2.660660000000000e-02 0.000000000000000e+00
9.769440000000001e-03 2.623660000000000e-02 0.000000000000000e+00
9.592355000000000e-03 2.643845000000000e-02 0.000000000000000e+00
1.022318500000000e-02 2.606010000000000e-02 0.000000000000000e+00
1.004993500000000e-02 2.626405000000000e-02 0.000000000000000e+00
1.067390000000000e-02 2.587605000000000e-02 0.000000000000000e+00
1.050525000000000e-02 2.608375000000000e-02 0.000000000000000e+00
1.112175000000000e-02 2.568510000000000e-02 0.000000000000000e+00
1.095835000000000e-02 2.589800000000000e-02 0.000000000000000e+00
1.156715000000000e-02 2.548850000000000e-02 0.000000000000000e+00
1.140945000000000e-02 2.570745000000000e-02 0.000000000000000e+00
1.185890000000000e-02 2.551335000000000e-02 0.000000000000000e+00
1.215555000000000e-02 2.554250000000000e-02 0.000000000000000e+00
7.300020000000000e-03 3.524045000000000e-02 0.000000000000000e+00
6.813005000000000e-03 3.434050000000000e-02 0.000000000000000e+00
7.300015000000000e-03 3.727910000000000e-02 0.000000000000000e+00
6.805080000000000e-03 3.611395000000001e-02 0.000000000000000e+00
7.300010000000000e-03 3.931775000000000e-02 0.000000000000000e+00
6.783170000000000e-03 3.810235000000000e-02 0.000000000000000e+00
6.767730000000000e-03 4.001460000000000e-02 0.000000000000000e+00
6.860339999999999e-03 3.107495000000000e-02 0.000000000000000e+00
1.925050000000000e-02 4.065195000000000e-02 0.000000000000000e+00
2.083775000000000e-02 4.087085000000000e-02 0.000000000000000e+00
1.701960000000000e-02 4.163625000000000e-02 0.000000000000000e+00
1.867075000000000e-02 4.187200000000000e-02 0.000000000000000e+00
1.473795000000000e-02 4.249760000000000e-02 0.000000000000000e+00
1.641445000000000e-02 4.277645000000000e-02 0.000000000000000e+00
1.253870000000000e-02 4.290000000000000e-02 0.000000000000000e+00
1.416215000000000e-02 4.357230000000000e-02 0.000000000000000e+00
1.044324500000000e-02 4.290000000000000e-02 0.000000000000000e+00
1.212615000000000e-02 4.364385000000000e-02 0.000000000000000e+00
9.998495000000000e-03 4.373210000000000e-02 0.000000000000000e+00
1.155175000000000e-02 2.645935000000000e-02 0.000000000000000e+00
1.197355000000000e-02 2.604835000000000e-02 0.000000000000000e+00
1.174125000000000e-02 2.613845000000000e-02 0.000000000000000e+00
1.089765000000000e-02 2.696045000000000e-02 0.000000000000000e+00
1.118190000000000e-02 2.647910000000000e-02 0.000000000000000e+00
1.024352500000000e-02 2.746155000000000e-02 0.000000000000000e+00
1.062255000000000e-02 2.681970000000000e-02 0.000000000000000e+00
1.039405000000000e-02 2.711325000000000e-02 0.000000000000000e+00
9.589384999999999e-03 2.796265000000000e-02 0.000000000000000e+00
9.730065000000000e-03 2.754990000000000e-02 0.000000000000000e+00
9.891060000000000e-03 2.746935000000000e-02 0.000000000000000e+00
8.935260000000000e-03 2.846375000000000e-02 0.000000000000000e+00
9.048509999999999e-03 2.812305000000000e-02 0.000000000000000e+00
9.201620000000001e-03 2.791010000000000e-02 0.000000000000000e+00
8.281135000000000e-03 2.896485000000000e-02 0.000000000000000e+00
8.527790000000000e-03 2.847865000000000e-02 0.000000000000000e+00
8.345785000000000e-03 2.875485000000000e-02 0.000000000000000e+00
7.807830000000000e-03 2.906875000000000e-02 0.000000000000000e+00
8.018720000000000e-03 2.900540000000000e-02 0.000000000000000e+00
-1.201075000000000e-02 2.528790000000000e-02 0.000000000000000e+00
-1.230740000000000e-02 2.531705000000000e-02 0.000000000000000e+00
-1.156710000000000e-02 2.548850000000000e-02 0.000000000000000e+00
-1.185890000000000e-02 2.551335000000000e-02 0.000000000000000e+00
-1.112170000000000e-02 2.568510000000000e-02 0.000000000000000e+00
-1.140940000000000e-02 2.570745000000000e-02 0.000000000000000e+00
-1.067390000000000e-02 2.587605000000000e-02 0.000000000000000e+00
-1.095835000000000e-02 2.589800000000000e-02 0.000000000000000e+00
-1.022318500000000e-02 2.606010000000000e-02 0.000000000000000e+00
-1.050530000000000e-02 2.608375000000000e-02 0.000000000000000e+00
-9.769440000000001e-03 2.623660000000000e-02 0.000000000000000e+00
-1.004993500000000e-02 2.626405000000000e-02 0.000000000000000e+00
-9.312629999999999e-03 2.640500000000000e-02 0.000000000000000e+00
-9.592355000000000e-03 2.643845000000000e-02 0.000000000000000e+00
-8.852769999999999e-03 2.656485000000000e-02 0.000000000000000e+00
-9.132435000000000e-03 2.660660000000000e-02 0.000000000000000e+00
-8.390010000000000e-03 2.671610000000000e-02 0.000000000000000e+00
-8.670170000000001e-03 2.676785000000000e-02 0.000000000000000e+00
-7.924555000000000e-03 2.685885000000000e-02 0.000000000000000e+00
-8.204985000000001e-03 2.692000000000000e-02 0.000000000000000e+00
-7.456590000000000e-03 2.699310000000000e-02 0.000000000000000e+00
-7.736150000000000e-03 2.705995000000000e-02 0.000000000000000e+00
-6.986280000000000e-03 2.711890000000000e-02 0.000000000000000e+00
-7.263550000000001e-03 2.718695000000000e-02 0.000000000000000e+00
-6.513795000000000e-03 2.723625000000000e-02 0.000000000000000e+00
-6.787960000000000e-03 2.730320000000000e-02 0.000000000000000e+00
-6.039290000000000e-03 2.734515000000000e-02 0.000000000000000e+00
-6.310795000000000e-03 2.741315000000000e-02 0.000000000000000e+00
-5.562915000000000e-03 2.744560000000000e-02 0.000000000000000e+00
-5.832169999999999e-03 2.751675000000000e-02 0.000000000000000e+00
-5.084824999999999e-03 2.753755000000000e-02 0.000000000000000e+00
-5.352205000000001e-03 2.761395000000000e-02 0.000000000000000e+00
-4.605170000000000e-03 2.762095000000000e-02 0.000000000000000e+00
-4.871010000000000e-03 2.770480000000000e-02 0.000000000000000e+00
-4.124105000000000e-03 2.769575000000000e-02 0.000000000000000e+00
-4.388685000000000e-03 2.778910000000000e-02 0.000000000000000e+00
-3.641765000000000e-03 2.776185000000000e-02 0.000000000000000e+00
-3.905280000000000e-03 2.786630000000000e-02 0.000000000000000e+00
-3.158300000000000e-03 2.781915000000000e-02 0.000000000000000e+00
-3.420380000000000e-03 2.793195000000000e-02 0.000000000000000e+00
-2.673880000000000e-03 2.786770000000000e-02 0.000000000000000e+00
-2.933970000000000e-03 2.798495000000000e-02 0.000000000000000e+00
-2.188670000000000e-03 2.790770000000000e-02 0.000000000000000e+00
-2.446015000000000e-03 2.802400000000000e-02 0.000000000000000e+00
-1.702855000000000e-03 2.793945000000000e-02 0.000000000000000e+00
-1.957365000000000e-03 2.805540000000000e-02 0.000000000000000e+00
-1.216600500000000e-03 2.796355000000000e-02 0.000000000000000e+00
-1.468330000000000e-03 2.808075000000000e-02 0.000000000000000e+00
-7.300615000000000e-04 2.798130000000000e-02 0.000000000000000e+00
-9.790165000000000e-04 2.810080000000000e-02 0.000000000000000e+00
-4.895445000000000e-04 2.811670000000000e-02 0.000000000000000e+00
-1.245775000000000e-02 2.557750000000000e-02 0.000000000000000e+00
-1.220585000000000e-02 2.595825000000000e-02 0.000000000000000e+00
-1.230060000000000e-02 2.579780000000000e-02 0.000000000000000e+00
-1.215555000000000e-02 2.554250000000000e-02 0.000000000000000e+00
-7.300020000000000e-03 3.320175000000000e-02 0.000000000000000e+00
-7.300005000000000e-03 3.156590000000000e-02 0.000000000000000e+00
-6.828860000000000e-03 3.249305000000000e-02 0.000000000000000e+00
-7.300005000000000e-03 4.135645000000000e-02 0.000000000000000e+00
-7.300010000000000e-03 4.263790000000000e-02 0.000000000000000e+00
-6.768520000000000e-03 4.193280000000000e-02 0.000000000000000e+00
-7.300020000000000e-03 3.524045000000000e-02 0.000000000000000e+00
-6.813005000000000e-03 3.434050000000000e-02 0.000000000000000e+00
-7.300015000000000e-03 3.727910000000000e-02 0.000000000000000e+00
-6.805080000000000e-03 3.611395000000001e-02 0.000000000000000e+00
-7.300010000000000e-03 3.931775000000000e-02 0.000000000000000e+00
-6.783170000000000e-03 3.810235000000000e-02 0.000000000000000e+00
-6.767730000000000e-03 4.001460000000000e-02 0.000000000000000e+00
-7.299970000000000e-03 3.033295000000000e-02 0.000000000000000e+00
-7.627010000000000e-03 2.946595000000000e-02 0.000000000000000e+00
-6.934955000000000e-03 2.973065000000000e-02 0.000000000000000e+00
-7.242970000000000e-03 2.943750000000000e-02 0.000000000000000e+00
-8.347749999999999e-03 4.290000000000000e-02 0.000000000000000e+00
-6.691680000000000e-03 4.288635000000000e-02 0.000000000000000e+00
-7.916935000000000e-03 4.380595000000000e-02 0.000000000000000e+00
-6.860339999999999e-03 3.107495000000000e-02 0.000000000000000e+00
-2.142565000000000e-02 3.954885000000000e-02 0.000000000000000e+00
-2.353750000000000e-02 3.832955000000000e-02 0.000000000000000e+00
-2.296250000000000e-02 3.977220000000000e-02 0.000000000000000e+00
-1.925050000000000e-02 4.065195000000000e-02 0.000000000000000e+00
-2.083775000000000e-02 4.087085000000000e-02 0.000000000000000e+00
-1.701960000000000e-02 4.163625000000000e-02 0.000000000000000e+00
-1.867080000000000e-02 4.187200000000000e-02 0.000000000000000e+00
-1.473795000000000e-02 4.249760000000000e-02 0.000000000000000e+00
-1.641445000000000e-02 4.277645000000000e-02 0.000000000000000e+00
-1.253870000000000e-02 4.290000000000000e-02 0.000000000000000e+00
-1.416215000000000e-02 4.357230000000000e-02 0.000000000000000e+00
-1.044324000000000e-02 4.290000000000000e-02 0.000000000000000e+00
-1.212615000000000e-02 4.364385000000000e-02 0.000000000000000e+00
-9.998540000000000e-03 4.373210000000000e-02 0.000000000000000e+00
-1.155175000000000e-02 2.645935000000000e-02 0.000000000000000e+00
-1.197355000000000e-02 2.604835000000000e-02 0.000000000000000e+00
-1.174125000000000e-02 2.613845000000000e-02 0.000000000000000e+00
-1.089765000000000e-02 2.696045000000000e-02 0.000000000000000e+00
-1.118190000000000e-02 2.647910000000000e-02 0.000000000000000e+00
-1.024352500000000e-02 2.746155000000000e-02 0.000000000000000e+00
-1.062255000000000e-02 2.681970000000000e-02 0.000000000000000e+00
-1.039405000000000e-02 2.711325000000000e-02 0.000000000000000e+00
-9.589384999999999e-03 2.796265000000000e-02 0.000000000000000e+00
-9.730065000000000e-03 2.754990000000000e-02 0.000000000000000e+00
-9.891060000000000e-03 2.746935000000000e-02 0.000000000000000e+00
-8.935260000000000e-03 2.846375000000000e-02 0.000000000000000e+00
-9.048509999999999e-03 2.812305000000000e-02 0.000000000000000e+00
-9.201625000000000e-03 2.791010000000000e-02 0.000000000000000e+00
-8.281135000000000e-03 2.896485000000000e-02 0.000000000000000e+00
-8.527790000000000e-03 2.847865000000000e-02 0.000000000000000e+00
-8.345785000000000e-03 2.875485000000000e-02 0.000000000000000e+00
-7.807830000000000e-03 2.906875000000000e-02 0.000000000000000e+00
-8.018720000000000e-03 2.900540000000000e-02 0.000000000000000e+00
-4.622235000000000e-02 2.794060000000000e-02 0.000000000000000e+00
-4.730845000000000e-02 2.605940000000000e-02 0.000000000000000e+00
-4.595250000000000e-02 2.653070000000000e-02 0.000000000000000e+00
-4.079175000000000e-02 3.734660000000000e-02 0.000000000000000e+00
-3.970565000000000e-02 3.922780000000000e-02 0.000000000000000e+00
-3.955045000000000e-02 3.750400000000000e-02 0.000000000000000e+00
-4.187790000000000e-02 3.546540000000000e-02 0.000000000000000e+00
-4.064685000000000e-02 3.566860000000000e-02 0.000000000000000e+00
-4.296405000000000e-02 3.358420000000000e-02 0.000000000000000e+00
-4.172940000000000e-02 3.383620000000000e-02 0.000000000000000e+00
-4.405015000000000e-02 3.170300000000000e-02 0.000000000000000e+00
-4.280055000000000e-02 3.200555000000000e-02 0.000000000000000e+00
-4.513625000000000e-02 2.982180000000000e-02 0.000000000000000e+00
-4.386010000000000e-02 3.018070000000000e-02 0.000000000000000e+00
-4.490945000000000e-02 2.834485000000000e-02 0.000000000000000e+00
-3.830670000000000e-02 4.095805000000000e-02 0.000000000000000e+00
-3.839185000000000e-02 3.932700000000000e-02 0.000000000000000e+00
-3.100820000000000e-02 4.672620000000000e-02 0.000000000000000e+00
-2.953710000000000e-02 4.654115000000000e-02 0.000000000000000e+00
-3.292700000000000e-02 4.540745000000000e-02 0.000000000000000e+00
-3.144570000000000e-02 4.525620000000000e-02 0.000000000000000e+00
-3.478305000000000e-02 4.400185000000000e-02 0.000000000000000e+00
-3.330010000000000e-02 4.388880000000000e-02 0.000000000000000e+00
-3.657255000000000e-02 4.251230000000000e-02 0.000000000000000e+00
-3.507905000000000e-02 4.243960000000000e-02 0.000000000000000e+00
-3.678430000000000e-02 4.091470000000000e-02 0.000000000000000e+00
-5.273905000000000e-02 1.665340000000000e-02 0.000000000000000e+00
-5.382515000000000e-02 1.477220000000000e-02 0.000000000000000e+00
-5.225470000000000e-02 1.549970000000000e-02 0.000000000000000e+00
-5.165290000000000e-02 1.853460000000000e-02 0.000000000000000e+00
-5.121340000000000e-02 1.736690000000000e-02 0.000000000000000e+00
-5.056674999999999e-02 2.041580000000000e-02 0.000000000000000e+00
-5.016764999999999e-02 1.922060000000000e-02 0.000000000000000e+00
-4.948065000000000e-02 2.229700000000000e-02 0.000000000000000e+00
-4.911790000000000e-02 2.106355000000000e-02 0.000000000000000e+00
-4.839454999999999e-02 2.417820000000000e-02 0.000000000000000e+00
-4.806730000000000e-02 2.289355000000000e-02 0.000000000000000e+00
-4.700205000000000e-02 2.472030000000000e-02 0.000000000000000e+00
-5.462409999999999e-02 1.269555000000000e-02 0.000000000000000e+00
-5.325415000000000e-02 1.358485000000000e-02 0.000000000000000e+00
-5.597015000000000e-02 3.490765000000000e-03 0.000000000000000e+00
-5.606790000000000e-02 1.164090000000003e-03 0.000000000000000e+00
-5.507440000000000e-02 2.309275000000000e-03 0.000000000000000e+00
-5.578745000000000e-02 5.811890000000000e-03 0.000000000000000e+00
-5.491580000000000e-02 4.604670000000000e-03 0.000000000000000e+00
-5.549820000000000e-02 8.122069999999999e-03 0.000000000000000e+00
-5.465885000000000e-02 6.894315000000000e-03 0.000000000000000e+00
-5.510300000000000e-02 1.041660500000000e-02 0.000000000000000e+00
-5.429330000000000e-02 9.159525000000000e-03 0.000000000000000e+00
-5.382534999999999e-02 1.139880000000000e-02 0.000000000000000e+00
-5.517500000000000e-02 6.756990000000001e-18 0.000000000000000e+00
-1.589455000000000e-02 2.304555000000000e-02 0.000000000000000e+00
-1.577150000000000e-02 2.331700000000000e-02 0.000000000000000e+00
-1.592190000000000e-02 2.357745000000000e-02 0.000000000000000e+00
-1.637760000000000e-02 2.354975000000000e-02 0.000000000000000e+00
-1.619125000000000e-02 2.355155000000000e-02 0.000000000000000e+00
-2.261915000000000e-02 2.148845000000000e-02 0.000000000000000e+00
-2.170475000000000e-02 2.133815000000000e-02 0.000000000000000e+00
-2.228005000000000e-02 2.087120000000000e-02 0.000000000000000e+00
-2.187215000000000e-02 2.099135000000000e-02 0.000000000000000e+00
-2.510355000000000e-02 2.292285000000000e-02 0.000000000000000e+00
-2.368690000000000e-02 2.210495000000000e-02 0.000000000000000e+00
-2.472540000000000e-02 2.216050000000000e-02 0.000000000000000e+00
-3.327550000000000e-02 2.764095000000000e-02 0.000000000000000e+00
-3.216575000000000e-02 2.700020000000000e-02 0.000000000000000e+00
-3.293060000000000e-02 2.682810000000000e-02 0.000000000000000e+00
-3.297860000000000e-02 2.867935000000000e-02 0.000000000000000e+00
-3.379485000000000e-02 2.723835000000000e-02 0.000000000000000e+00
-3.397860000000000e-02 2.875925000000000e-02 0.000000000000000e+00
-2.412215000000000e-02 1.420795000000000e-02 0.000000000000000e+00
-2.436555000000000e-02 1.378645000000000e-02 0.000000000000000e+00
-2.436125000000000e-02 1.406495000000000e-02 0.000000000000000e+00
-2.386750000000000e-02 1.462290000000000e-02 0.000000000000000e+00
-2.410500000000000e-02 1.448230000000000e-02 0.000000000000000e+00
-2.360890000000000e-02 1.503540000000000e-02 0.000000000000000e+00
-2.384655000000000e-02 1.489825000000000e-02 0.000000000000000e+00
-2.334485000000000e-02 1.544445000000000e-02 0.000000000000000e+00
-2.358450000000000e-02 1.531200000000000e-02 0.000000000000000e+00
-2.307440000000000e-02 1.584930000000000e-02 0.000000000000000e+00
-2.331800000000000e-02 1.572285000000000e-02 0.000000000000000e+00
-2.279720000000000e-02 1.624950000000000e-02 0.000000000000000e+00
-2.304650000000000e-02 1.613035000000000e-02 0.000000000000000e+00
-2.251300000000000e-02 1.664475000000000e-02 0.000000000000000e+00
-2.276875000000000e-02 1.653340000000000e-02 0.000000000000000e+00
-2.222160000000000e-02 1.703480000000000e-02 0.000000000000000e+00
-2.247965000000000e-02 1.692815000000000e-02 0.000000000000000e+00
-2.192315000000000e-02 1.741945000000000e-02 0.000000000000000e+00
-2.218030000000000e-02 1.731525000000000e-02 0.000000000000000e+00
-2.161785000000000e-02 1.779865000000000e-02 0.000000000000000e+00
-2.187170000000000e-02 1.769525000000000e-02 0.000000000000000e+00
-2.130580000000000e-02 1.817235000000000e-02 0.000000000000000e+00
-2.155755000000000e-02 1.807080000000000e-02 0.000000000000000e+00
-2.098715000000000e-02 1.854045000000000e-02 0.000000000000000e+00
-2.123830000000000e-02 1.844210000000000e-02 0.000000000000000e+00
-2.066200000000000e-02 1.890280000000000e-02 0.000000000000000e+00
-2.091410000000000e-02 1.880920000000000e-02 0.000000000000000e+00
-2.033040000000000e-02 1.925925000000000e-02 0.000000000000000e+00
-2.058510000000000e-02 1.917190000000000e-02 0.000000000000000e+00
-1.999250000000000e-02 1.960975000000000e-02 0.000000000000000e+00
-2.025130000000000e-02 1.953015000000000e-02 0.000000000000000e+00
-1.964840000000000e-02 1.995415000000000e-02 0.000000000000000e+00
-1.991280000000000e-02 1.988390000000000e-02 0.000000000000000e+00
-1.929815000000000e-02 2.029230000000000e-02 0.000000000000000e+00
-1.956650000000000e-02 2.022965000000000e-02 0.000000000000000e+00
-1.894180000000000e-02 2.062400000000000e-02 0.000000000000000e+00
-1.921090000000000e-02 2.056575000000000e-02 0.000000000000000e+00
-1.857945000000000e-02 2.094910000000000e-02 0.000000000000000e+00
-1.884655000000000e-02 2.089250000000000e-02 0.000000000000000e+00
-1.821110000000000e-02 2.126745000000000e-02 0.000000000000000e+00
-1.847575000000000e-02 2.121220000000000e-02 0.000000000000000e+00
-1.783685000000000e-02 2.157890000000000e-02 0.000000000000000e+00
-1.810020000000000e-02 2.152645000000000e-02 0.000000000000000e+00
-1.745715000000000e-02 2.188360000000000e-02 0.000000000000000e+00
-1.772035000000000e-02 2.183555000000000e-02 0.000000000000000e+00
-1.707240000000000e-02 2.218185000000000e-02 0.000000000000000e+00
-1.733655000000000e-02 2.213970000000000e-02 0.000000000000000e+00
-1.668310000000000e-02 2.247420000000000e-02 0.000000000000000e+00
-1.694915000000000e-02 2.243920000000000e-02 0.000000000000000e+00
-1.629010000000000e-02 2.276165000000000e-02 0.000000000000000e+00
-1.655865000000000e-02 2.273455000000000e-02 0.000000000000000e+00
-1.616575000000000e-02 2.302675000000000e-02 0.000000000000000e+00
-1.604270000000000e-02 2.329820000000000e-02 0.000000000000000e+00
-2.686910000000000e-02 2.394220000000000e-02 0.000000000000000e+00
-2.633325000000000e-02 2.307045000000000e-02 0.000000000000000e+00
-2.863465000000000e-02 2.496155000000000e-02 0.000000000000000e+00
-2.787310000000000e-02 2.395035000000000e-02 0.000000000000000e+00
-3.040020000000000e-02 2.598085000000000e-02 0.000000000000000e+00
-2.960605000000000e-02 2.492560000000000e-02 0.000000000000000e+00
-3.126980000000000e-02 2.586830000000000e-02 0.000000000000000e+00
-2.348155000000000e-02 2.147870000000000e-02 0.000000000000000e+00
-2.558035000000000e-02 3.699735000000000e-02 0.000000000000000e+00
-2.497630000000000e-02 3.848145000000000e-02 0.000000000000000e+00
-2.754820000000000e-02 3.555750000000000e-02 0.000000000000000e+00
-2.692680000000000e-02 3.710535000000000e-02 0.000000000000000e+00
-2.943500000000000e-02 3.401225000000000e-02 0.000000000000000e+00
-2.883825000000000e-02 3.560355000000000e-02 0.000000000000000e+00
-3.088315000000000e-02 3.230885000000000e-02 0.000000000000000e+00
-3.065365000000000e-02 3.405095000000000e-02 0.000000000000000e+00
-3.193085000000000e-02 3.049410000000000e-02 0.000000000000000e+00
-3.173360000000000e-02 3.232350000000000e-02 0.000000000000000e+00
-3.287385000000000e-02 3.052500000000000e-02 0.000000000000000e+00
-1.713860000000000e-02 2.323380000000000e-02 0.000000000000000e+00
-1.657175000000000e-02 2.339360000000000e-02 0.000000000000000e+00
-1.676590000000000e-02 2.323750000000000e-02 0.000000000000000e+00
-1.789960000000000e-02 2.291785000000000e-02 0.000000000000000e+00
-1.734060000000000e-02 2.292335000000000e-02 0.000000000000000e+00
-1.866065000000000e-02 2.260190000000000e-02 0.000000000000000e+00
-1.791525000000000e-02 2.260925000000000e-02 0.000000000000000e+00
-1.828375000000000e-02 2.255815000000000e-02 0.000000000000000e+00
-1.942170000000000e-02 2.228595000000000e-02 0.000000000000000e+00
-1.899390000000000e-02 2.220140000000000e-02 0.000000000000000e+00
-1.884365000000000e-02 2.230055000000000e-02 0.000000000000000e+00
-2.018270000000000e-02 2.197005000000000e-02 0.000000000000000e+00
-1.983100000000000e-02 2.189775000000000e-02 0.000000000000000e+00
-1.957005000000000e-02 2.192390000000000e-02 0.000000000000000e+00
-2.094370000000000e-02 2.165410000000000e-02 0.000000000000000e+00
-2.039935000000000e-02 2.162460000000000e-02 0.000000000000000e+00
-2.072955000000000e-02 2.160510000000000e-02 0.000000000000000e+00
-2.127035000000000e-02 2.129615000000000e-02 0.000000000000000e+00
-2.111005000000000e-02 2.144710000000000e-02 0.000000000000000e+00
-2.790530000000000e-02 2.242330000000000e-03 0.000000000000000e+00
-2.807890000000000e-02 2.000000000000000e-03 0.000000000000000e+00
-2.785720000000000e-02 2.726815000000000e-03 0.000000000000000e+00
-2.802460000000000e-02 2.486565000000000e-03 0.000000000000000e+00
-2.780475000000000e-02 3.210845000000000e-03 0.000000000000000e+00
-2.796800000000000e-02 2.972890000000000e-03 0.000000000000000e+00
-2.774620000000000e-02 3.694175000000000e-03 0.000000000000000e+00
-2.790745000000000e-02 3.458785000000000e-03 0.000000000000000e+00
-2.768030000000000e-02 4.176545000000000e-03 0.000000000000000e+00
-2.784180000000000e-02 3.944055000000000e-03 0.000000000000000e+00
-2.760630000000000e-02 4.657735000000000e-03 0.000000000000000e+00
-2.777035000000000e-02 4.428515000000000e-03 0.000000000000000e+00
-2.752370000000000e-02 5.137525000000000e-03 0.000000000000000e+00
-2.769255000000000e-02 4.912015000000000e-03 0.000000000000000e+00
-2.743220000000000e-02 5.615690000000000e-03 0.000000000000000e+00
-2.760820000000000e-02 5.394365000000000e-03 0.000000000000000e+00
-2.733180000000000e-02 6.092075000000001e-03 0.000000000000000e+00
-2.751675000000000e-02 5.875340000000000e-03 0.000000000000000e+00
-2.722270000000000e-02 6.566545000000000e-03 0.000000000000000e+00
-2.741590000000000e-02 6.354270000000000e-03 0.000000000000000e+00
-2.710500000000000e-02 7.038950000000000e-03 0.000000000000000e+00
-2.730265000000000e-02 6.830265000000000e-03 0.000000000000000e+00
-2.697880000000000e-02 7.509155000000000e-03 0.000000000000000e+00
-2.717635000000000e-02 7.303060000000000e-03 0.000000000000000e+00
-2.684420000000000e-02 7.977020000000000e-03 0.000000000000000e+00
-2.703925000000000e-02 7.773065000000000e-03 0.000000000000000e+00
-2.670125000000000e-02 8.442415000000000e-03 0.000000000000000e+00
-2.689590000000000e-02 8.241270000000000e-03 0.000000000000000e+00
-2.655005000000000e-02 8.905190000000000e-03 0.000000000000000e+00
-2.674625000000000e-02 8.707565000000000e-03 0.000000000000000e+00
-2.639065000000000e-02 9.365195000000000e-03 0.000000000000000e+00
-2.659050000000000e-02 9.171835000000000e-03 0.000000000000000e+00
-2.622305000000000e-02 9.822295000000000e-03 0.000000000000000e+00
-2.642855000000000e-02 9.633974999999999e-03 0.000000000000000e+00
-2.604730000000000e-02 1.027630000000000e-02 0.000000000000000e+00
-2.626040000000000e-02 1.009385000000000e-02 0.000000000000000e+00
-2.586340000000000e-02 1.072705000000000e-02 0.000000000000000e+00
-2.608560000000000e-02 1.055110000000000e-02 0.000000000000000e+00
-2.567130000000000e-02 1.117440000000000e-02 0.000000000000000e+00
-2.590005000000000e-02 1.100385000000000e-02 0.000000000000000e+00
-2.547110000000000e-02 1.161820000000000e-02 0.000000000000000e+00
-2.570270000000000e-02 1.145160000000000e-02 0.000000000000000e+00
-2.526310000000000e-02 1.205840000000000e-02 0.000000000000000e+00
-2.549255000000000e-02 1.189370000000000e-02 0.000000000000000e+00
-2.504770000000000e-02 1.249500000000000e-02 0.000000000000000e+00
-2.527535000000000e-02 1.233255000000000e-02 0.000000000000000e+00
-2.482545000000000e-02 1.292815000000000e-02 0.000000000000000e+00
-2.505285000000000e-02 1.276875000000000e-02 0.000000000000000e+00
-2.459755000000000e-02 1.335840000000000e-02 0.000000000000000e+00
-2.482550000000000e-02 1.320255000000000e-02 0.000000000000000e+00
-2.459460000000000e-02 1.363440000000000e-02 0.000000000000000e+00
-2.837965000000000e-02 2.000000000000000e-03 0.000000000000000e+00
-2.858345000000000e-02 2.408520000000000e-03 0.000000000000000e+00
-2.849185000000000e-02 2.246225000000000e-03 0.000000000000000e+00
-2.819820000000000e-02 2.244235000000000e-03 0.000000000000000e+00
-3.240355000000000e-02 1.027885500000000e-02 0.000000000000000e+00
-3.098690000000000e-02 9.460980000000001e-03 0.000000000000000e+00
-3.155425000000001e-02 1.033255500000000e-02 0.000000000000000e+00
-3.946575000000000e-02 1.435625000000000e-02 0.000000000000000e+00
-4.057550000000000e-02 1.499695000000000e-02 0.000000000000000e+00
-3.969910000000000e-02 1.510470000000000e-02 0.000000000000000e+00
-3.416909999999999e-02 1.129820000000000e-02 0.000000000000000e+00
-3.314625000000000e-02 1.127000000000000e-02 0.000000000000000e+00
-3.593465000000000e-02 1.231755000000000e-02 0.000000000000000e+00
-3.467815000000000e-02 1.216360000000000e-02 0.000000000000000e+00
-3.770020000000000e-02 1.333690000000000e-02 0.000000000000000e+00
-3.638920000000000e-02 1.317680000000000e-02 0.000000000000000e+00
-3.803755000000000e-02 1.414630000000000e-02 0.000000000000000e+00
-2.991910000000000e-02 8.844524999999999e-03 0.000000000000000e+00
-2.933175000000000e-02 8.127785000000000e-03 0.000000000000000e+00
-2.921500000000000e-02 8.859485000000000e-03 0.000000000000000e+00
-2.911510000000000e-02 8.446160000000001e-03 0.000000000000000e+00
-4.132635000000000e-02 1.422065000000000e-02 0.000000000000000e+00
-4.048649999999999e-02 1.564800000000000e-02 0.000000000000000e+00
-4.189555000000000e-02 1.504670000000000e-02 0.000000000000000e+00
-3.034190000000000e-02 9.596275000000000e-03 0.000000000000000e+00
-4.496315000000000e-02 1.219290000000003e-03 0.000000000000000e+00
-4.592500000000000e-02 5.624190000000000e-18 0.000000000000000e+00
-4.483085000000001e-02 3.654560000000000e-03 0.000000000000000e+00
-4.581405000000000e-02 2.389390000000000e-03 0.000000000000000e+00
-4.456780000000000e-02 6.078685000000000e-03 0.000000000000000e+00
-4.559760000000000e-02 4.766640000000000e-03 0.000000000000000e+00
-4.417295000000000e-02 8.485315000000000e-03 0.000000000000000e+00
-4.525270000000000e-02 7.172875000000000e-03 0.000000000000000e+00
-4.342185000000000e-02 1.059115000000000e-02 0.000000000000000e+00
-4.481580000000000e-02 9.521354999999999e-03 0.000000000000000e+00
-4.237410000000000e-02 1.240590000000000e-02 0.000000000000000e+00
-4.385975000000000e-02 1.132040000000000e-02 0.000000000000000e+00
-4.287235000000000e-02 1.320710000000000e-02 0.000000000000000e+00
-2.869035000000000e-02 3.225560000000000e-03 0.000000000000000e+00
-2.854530000000000e-02 2.654745000000000e-03 0.000000000000000e+00
-2.850720000000000e-02 2.900970000000000e-03 0.000000000000000e+00
-2.879725000000000e-02 4.042600000000000e-03 0.000000000000000e+00
-2.852250000000000e-02 3.555715000000000e-03 0.000000000000000e+00
-2.890415000000000e-02 4.859635000000000e-03 0.000000000000000e+00
-2.853785000000000e-02 4.210460000000000e-03 0.000000000000000e+00
-2.867780000000000e-02 4.555130000000000e-03 0.000000000000000e+00
-2.901105000000000e-02 5.676670000000000e-03 0.000000000000000e+00
-2.872395000000000e-02 5.348470000000000e-03 0.000000000000000e+00
-2.873470000000000e-02 5.168770000000000e-03 0.000000000000000e+00
-2.911795000000000e-02 6.493705000000000e-03 0.000000000000000e+00
-2.887950000000000e-02 6.225275000000000e-03 0.000000000000000e+00
-2.877165000000000e-02 5.986195000000000e-03 0.000000000000000e+00
-2.922485000000000e-02 7.310745000000000e-03 0.000000000000000e+00
-2.892710000000000e-02 6.854035000000000e-03 0.000000000000000e+00
-2.907530000000000e-02 7.149760000000000e-03 0.000000000000000e+00
-2.907815000000000e-02 7.772590000000000e-03 0.000000000000000e+00
-2.912875000000000e-02 7.558285000000000e-03 0.000000000000000e+00
2.615100000000000e-02 1.467680000000000e-02 0.000000000000000e+00
2.645590000000000e-02 1.527430000000000e-02 0.000000000000000e+00
2.576715000000000e-02 1.487665000000000e-02 0.000000000000000e+00
2.578600000000000e-02 1.530900000000000e-02 0.000000000000000e+00
2.887455000000000e-02 9.505855000000001e-03 0.000000000000000e+00
2.963780000000000e-02 9.611234999999999e-03 0.000000000000000e+00
2.883300000000000e-02 9.236185000000001e-03 0.000000000000000e+00
2.886690000000000e-02 9.019559999999999e-03 0.000000000000000e+00
2.853410000000000e-02 1.015222000000000e-02 0.000000000000000e+00
2.913715000000000e-02 1.031537000000000e-02 0.000000000000000e+00
2.837985000000000e-02 9.755925000000000e-03 0.000000000000000e+00
2.866275000000000e-02 9.559370000000001e-03 0.000000000000000e+00
2.819365000000000e-02 1.079860000000000e-02 0.000000000000000e+00
2.896695000000000e-02 1.063855000000000e-02 0.000000000000000e+00
2.810250000000000e-02 1.034060000000000e-02 0.000000000000000e+00
2.785320000000000e-02 1.144495000000000e-02 0.000000000000000e+00
2.861215000000000e-02 1.140365000000000e-02 0.000000000000000e+00
2.782475000000000e-02 1.091355000000000e-02 0.000000000000000e+00
2.773840000000000e-02 1.111670000000000e-02 0.000000000000000e+00
2.751275000000000e-02 1.209130000000000e-02 0.000000000000000e+00
2.824655000000000e-02 1.207150000000000e-02 0.000000000000000e+00
2.744555000000000e-02 1.168615000000000e-02 0.000000000000000e+00
2.717230000000000e-02 1.273770000000000e-02 0.000000000000000e+00
2.791990000000000e-02 1.264275000000000e-02 0.000000000000000e+00
2.714565000000000e-02 1.226490000000000e-02 0.000000000000000e+00
2.683190000000000e-02 1.338410000000000e-02 0.000000000000000e+00
2.760485000000000e-02 1.328020000000000e-02 0.000000000000000e+00
2.685330000000000e-02 1.283190000000000e-02 0.000000000000000e+00
2.674990000000000e-02 1.302500000000000e-02 0.000000000000000e+00
2.649145000000000e-02 1.403045000000000e-02 0.000000000000000e+00
2.727650000000000e-02 1.397965000000000e-02 0.000000000000000e+00
2.645385000000000e-02 1.358080000000000e-02 0.000000000000000e+00
2.691385000000000e-02 1.465475000000000e-02 0.000000000000000e+00
2.606560000000000e-02 1.432445000000000e-02 0.000000000000000e+00
2.616490000000000e-02 1.413780000000000e-02 0.000000000000000e+00
2.745560000000000e-02 1.585150000000000e-02 0.000000000000000e+00
2.721875000000000e-02 1.525225000000000e-02 0.000000000000000e+00
2.681825000000000e-02 1.594600000000000e-02 0.000000000000000e+00
2.855940000000000e-02 1.648880000000000e-02 0.000000000000000e+00
2.834910000000000e-02 1.585545000000000e-02 0.000000000000000e+00
2.790575000000000e-02 1.662335000000000e-02 0.000000000000000e+00
2.977810000000000e-02 1.719240000000000e-02 0.000000000000000e+00
2.953610000000000e-02 1.651055000000000e-02 0.000000000000000e+00
2.906660000000000e-02 1.732375000000000e-02 0.000000000000000e+00
3.112365000000000e-02 1.796925000000000e-02 0.000000000000000e+00
3.083555000000000e-02 1.723370000000000e-02 0.000000000000000e+00
3.034260000000000e-02 1.808750000000000e-02 0.000000000000000e+00
3.260925000000001e-02 1.882695000000000e-02 0.000000000000000e+00
3.227095000000000e-02 1.802595000000000e-02 0.000000000000000e+00
3.174640000000000e-02 1.893450000000000e-02 0.000000000000000e+00
3.424950000000000e-02 1.977395000000000e-02 0.000000000000000e+00
3.382440000000000e-02 1.890215000000000e-02 0.000000000000000e+00
3.328195000000000e-02 1.984170000000000e-02 0.000000000000000e+00
3.606050000000000e-02 2.081955000000000e-02 0.000000000000000e+00
3.549505000000000e-02 1.983385000000000e-02 0.000000000000000e+00
3.492410000000000e-02 2.082275000000000e-02 0.000000000000000e+00
3.732675000000001e-02 2.084815000000000e-02 0.000000000000000e+00
3.782365000000000e-02 2.183750000000000e-02 0.000000000000000e+00
3.671840000000000e-02 2.190185000000000e-02 0.000000000000000e+00
3.985455000000000e-02 1.668800000000000e-02 0.000000000000000e+00
3.961010000000000e-02 1.575575000000000e-02 0.000000000000000e+00
4.122140000000000e-02 1.617085000000000e-02 0.000000000000000e+00
3.922260000000000e-02 1.772805000000000e-02 0.000000000000000e+00
3.877525000000000e-02 1.675660000000000e-02 0.000000000000000e+00
4.053235000000000e-02 1.732900000000000e-02 0.000000000000000e+00
3.859065000000000e-02 1.876810000000000e-02 0.000000000000000e+00
3.794385000000000e-02 1.770800000000000e-02 0.000000000000000e+00
3.985460000000000e-02 1.847880000000000e-02 0.000000000000000e+00
3.795870000000000e-02 1.980810000000000e-02 0.000000000000000e+00
3.739435000000000e-02 1.883520000000000e-02 0.000000000000000e+00
3.917135000000000e-02 1.960875000000000e-02 0.000000000000000e+00
3.676130000000000e-02 1.986245000000000e-02 0.000000000000000e+00
3.849475000000000e-02 2.072810000000000e-02 0.000000000000000e+00
2.900550000000000e-02 1.203020000000000e-02 0.000000000000000e+00
2.865370000000000e-02 1.262295000000000e-02 0.000000000000000e+00
2.925535000000000e-02 1.274590000000000e-02 0.000000000000000e+00
2.990040000000000e-02 1.042075000000000e-02 0.000000000000000e+00
3.090925000000000e-02 1.046785000000000e-02 0.000000000000000e+00
2.938545000000000e-02 1.124360000000000e-02 0.000000000000000e+00
3.022230000000000e-02 1.120085000000000e-02 0.000000000000000e+00
2.981210000000000e-02 1.205985000000000e-02 0.000000000000000e+00
2.835245000000000e-02 1.318525000000000e-02 0.000000000000000e+00
2.909895000000000e-02 1.299395000000000e-02 0.000000000000000e+00
2.804945000000000e-02 1.387575000000000e-02 0.000000000000000e+00
2.886255000000000e-02 1.374745000000000e-02 0.000000000000000e+00
2.769890000000000e-02 1.460395000000000e-02 0.000000000000000e+00
2.855160000000000e-02 1.453135000000000e-02 0.000000000000000e+00
2.811225000000000e-02 1.525620000000000e-02 0.000000000000000e+00
3.123115000000000e-02 1.124795000000000e-02 0.000000000000000e+00
3.229695000000000e-02 1.132370000000000e-02 0.000000000000000e+00
3.064895000000000e-02 1.201710000000000e-02 0.000000000000000e+00
3.155400000000000e-02 1.201930000000000e-02 0.000000000000000e+00
3.006195000000000e-02 1.277555000000000e-02 0.000000000000000e+00
3.101970000000000e-02 1.281130000000000e-02 0.000000000000000e+00
2.960905000000000e-02 1.355615000000000e-02 0.000000000000000e+00
3.031935000000000e-02 1.348710000000000e-02 0.000000000000000e+00
2.936470000000000e-02 1.440305000000000e-02 0.000000000000000e+00
3.012440000000000e-02 1.425135000000000e-02 0.000000000000000e+00
2.896495000000000e-02 1.518360000000000e-02 0.000000000000000e+00
2.983580000000000e-02 1.508690000000000e-02 0.000000000000000e+00
2.932580000000000e-02 1.587720000000000e-02 0.000000000000000e+00
3.127710000000000e-02 1.352285000000000e-02 0.000000000000000e+00
3.083470000000000e-02 1.418230000000000e-02 0.000000000000000e+00
3.145945000000000e-02 1.434150000000000e-02 0.000000000000000e+00
3.261980000000000e-02 1.209505000000000e-02 0.000000000000000e+00
3.365530000000000e-02 1.213540000000000e-02 0.000000000000000e+00
3.192475000000000e-02 1.281350000000000e-02 0.000000000000000e+00
3.285375000000000e-02 1.285730000000000e-02 0.000000000000000e+00
3.226290000000000e-02 1.366270000000000e-02 0.000000000000000e+00
3.059550000000000e-02 1.493520000000000e-02 0.000000000000000e+00
3.135605000000000e-02 1.466650000000000e-02 0.000000000000000e+00
3.019665000000000e-02 1.578050000000000e-02 0.000000000000000e+00
3.113235000000000e-02 1.569195000000000e-02 0.000000000000000e+00
3.059355000000000e-02 1.655185000000000e-02 0.000000000000000e+00
3.388925000000000e-02 1.289765000000000e-02 0.000000000000000e+00
3.513270000000000e-02 1.302285000000000e-02 0.000000000000000e+00
3.319190000000000e-02 1.370650000000000e-02 0.000000000000000e+00
3.422630000000000e-02 1.377080000000000e-02 0.000000000000000e+00
3.244524999999999e-02 1.448135000000000e-02 0.000000000000000e+00
3.361840000000000e-02 1.460225000000000e-02 0.000000000000000e+00
3.189290000000000e-02 1.542325000000000e-02 0.000000000000000e+00
3.279360000000000e-02 1.530750000000000e-02 0.000000000000000e+00
3.152924999999999e-02 1.646330000000000e-02 0.000000000000000e+00
3.257275000000000e-02 1.641445000000000e-02 0.000000000000000e+00
3.198284999999999e-02 1.729040000000000e-02 0.000000000000000e+00
3.546975000000000e-02 1.389600000000000e-02 0.000000000000000e+00
3.672655000000000e-02 1.398620000000000e-02 0.000000000000000e+00
3.465280000000000e-02 1.466655000000000e-02 0.000000000000000e+00
3.574110000000000e-02 1.476020000000000e-02 0.000000000000000e+00
3.396675000000000e-02 1.542840000000000e-02 0.000000000000000e+00
3.506915000000000e-02 1.554800000000000e-02 0.000000000000000e+00
3.347345000000000e-02 1.629870000000000e-02 0.000000000000000e+00
3.448640000000000e-02 1.622460000000000e-02 0.000000000000000e+00
3.302635000000000e-02 1.724155000000000e-02 0.000000000000000e+00
3.411515000000000e-02 1.720210000000000e-02 0.000000000000000e+00
3.348610000000000e-02 1.810115000000000e-02 0.000000000000000e+00
3.615745000000000e-02 1.564165000000000e-02 0.000000000000000e+00
3.558880000000000e-02 1.634420000000000e-02 0.000000000000000e+00
3.639615000000000e-02 1.659820000000000e-02 0.000000000000000e+00
3.699790000000000e-02 1.485040000000000e-02 0.000000000000000e+00
3.827090000000000e-02 1.489475000000000e-02 0.000000000000000e+00
3.725780000000000e-02 1.578000000000000e-02 0.000000000000000e+00
3.512810000000000e-02 1.712800000000000e-02 0.000000000000000e+00
3.617375000000000e-02 1.691390000000000e-02 0.000000000000000e+00
3.457490000000000e-02 1.806170000000000e-02 0.000000000000000e+00
3.570189999999999e-02 1.798920000000000e-02 0.000000000000000e+00
3.506995000000000e-02 1.896205000000000e-02 0.000000000000000e+00
3.853080000000000e-02 1.582435000000000e-02 0.000000000000000e+00
3.749650000000000e-02 1.673655000000000e-02 0.000000000000000e+00
3.674755000000000e-02 1.777510000000000e-02 0.000000000000000e+00
3.619695000000000e-02 1.888955000000000e-02 0.000000000000000e+00
4.777500000000000e-02 0.000000000000000e+00 0.000000000000000e+00
4.677590000000000e-02 1.170105000000000e-03 0.000000000000000e+00
4.962500000000000e-02 0.000000000000000e+00 0.000000000000000e+00
4.860125000000000e-02 1.144845000000000e-03 0.000000000000000e+00
5.147500000000000e-02 0.000000000000000e+00 0.000000000000000e+00
5.044990000000000e-02 1.122445000000000e-03 0.000000000000000e+00
5.332500000000000e-02 0.000000000000000e+00 0.000000000000000e+00
5.231050000000000e-02 1.123985000000000e-03 0.000000000000000e+00
5.418150000000000e-02 1.145185000000000e-03 0.000000000000000e+00
3.944940000000000e-02 2.277615000000000e-02 0.000000000000000e+00
3.899165000000000e-02 2.171745000000000e-02 0.000000000000000e+00
3.830364999999999e-02 2.290905000000000e-02 0.000000000000000e+00
4.107520000000000e-02 2.371480000000000e-02 0.000000000000000e+00
4.066115000000000e-02 2.257710000000000e-02 0.000000000000000e+00
3.988290000000000e-02 2.392505000000000e-02 0.000000000000000e+00
4.270095000000000e-02 2.465340000000000e-02 0.000000000000000e+00
4.232485000000000e-02 2.344565000000000e-02 0.000000000000000e+00
4.146695000000000e-02 2.493155000000000e-02 0.000000000000000e+00
4.432670000000000e-02 2.559205000000000e-02 0.000000000000000e+00
4.398325000000000e-02 2.432350000000000e-02 0.000000000000000e+00
4.305639999999999e-02 2.592890000000000e-02 0.000000000000000e+00
4.564610000000000e-02 2.519160000000000e-02 0.000000000000000e+00
4.463960000000000e-02 2.693495000000000e-02 0.000000000000000e+00
5.316700000000000e-02 2.269170000000000e-03 0.000000000000000e+00
5.402005000000000e-02 3.423180000000000e-03 0.000000000000000e+00
5.128539999999999e-02 2.246430000000000e-03 0.000000000000000e+00
5.210505000000000e-02 3.374165000000000e-03 0.000000000000000e+00
4.942615000000000e-02 2.267290000000000e-03 0.000000000000000e+00
5.022045000000000e-02 3.360720000000000e-03 0.000000000000000e+00
4.760215000000000e-02 2.314950000000000e-03 0.000000000000000e+00
4.837510000000000e-02 3.414415000000000e-03 0.000000000000000e+00
4.658080000000001e-02 3.501475000000000e-03 0.000000000000000e+00
5.295810000000000e-02 4.528175000000001e-03 0.000000000000000e+00
5.378720000000000e-02 5.687090000000001e-03 0.000000000000000e+00
5.104010000000000e-02 4.488455000000001e-03 0.000000000000000e+00
5.182945000000000e-02 5.608600000000000e-03 0.000000000000000e+00
4.916940000000000e-02 4.507845000000000e-03 0.000000000000000e+00
4.991665000000000e-02 5.572485000000000e-03 0.000000000000000e+00
4.735375000000000e-02 4.600940000000000e-03 0.000000000000000e+00
4.806575000000000e-02 5.639300000000000e-03 0.000000000000000e+00
4.628250000000000e-02 5.860830000000000e-03 0.000000000000000e+00
5.265855000000000e-02 6.767515000000000e-03 0.000000000000000e+00
5.345395000000000e-02 7.931765000000000e-03 0.000000000000000e+00
5.070600000000000e-02 6.692630000000000e-03 0.000000000000000e+00
5.145595000000000e-02 7.798950000000000e-03 0.000000000000000e+00
4.881300000000000e-02 6.703940000000000e-03 0.000000000000000e+00
4.951750000000000e-02 7.745330000000000e-03 0.000000000000000e+00
4.699449999999999e-02 6.899189999999999e-03 0.000000000000000e+00
4.765709999999999e-02 7.838710000000000e-03 0.000000000000000e+00
4.589555000000000e-02 8.208920000000000e-03 0.000000000000000e+00
5.225135000000000e-02 8.963200000000001e-03 0.000000000000000e+00
5.301565000000000e-02 1.014172000000000e-02 0.000000000000000e+00
5.026745000000000e-02 8.851649999999999e-03 0.000000000000000e+00
5.097310000000000e-02 9.940829999999999e-03 0.000000000000000e+00
4.836160000000000e-02 8.880100000000000e-03 0.000000000000000e+00
4.898955000000000e-02 9.861220000000000e-03 0.000000000000000e+00
4.655815000000000e-02 9.148440000000001e-03 0.000000000000000e+00
4.709075000000000e-02 9.945829999999999e-03 0.000000000000000e+00
4.525370000000000e-02 1.025061000000000e-02 0.000000000000000e+00
5.173740000000000e-02 1.111935000000000e-02 0.000000000000000e+00
5.245540000000000e-02 1.228810000000000e-02 0.000000000000000e+00
4.969520000000000e-02 1.095040000000000e-02 0.000000000000000e+00
5.037095000000000e-02 1.202045000000000e-02 0.000000000000000e+00
4.771870000000000e-02 1.092695000000000e-02 0.000000000000000e+00
4.831525000000000e-02 1.188120000000000e-02 0.000000000000000e+00
4.578630000000000e-02 1.104800000000000e-02 0.000000000000000e+00
4.633045000000000e-02 1.192055000000000e-02 0.000000000000000e+00
4.435800000000000e-02 1.212160000000000e-02 0.000000000000000e+00
5.108895000000000e-02 1.318920000000000e-02 0.000000000000000e+00
5.168370000000000e-02 1.431235000000000e-02 0.000000000000000e+00
4.899100000000000e-02 1.295125000000000e-02 0.000000000000000e+00
4.961360000000000e-02 1.398615000000000e-02 0.000000000000000e+00
4.692700000000000e-02 1.287480000000000e-02 0.000000000000000e+00
4.754000000000000e-02 1.378005000000000e-02 0.000000000000000e+00
4.490215000000000e-02 1.299415000000000e-02 0.000000000000000e+00
4.549625000000000e-02 1.377880000000000e-02 0.000000000000000e+00
4.344155000000000e-02 1.403315000000000e-02 0.000000000000000e+00
5.020835000000000e-02 1.510930000000000e-02 0.000000000000000e+00
5.072905000000000e-02 1.621320000000000e-02 0.000000000000000e+00
4.816260000000000e-02 1.481495000000000e-02 0.000000000000000e+00
4.872660000000000e-02 1.583185000000000e-02 0.000000000000000e+00
4.610925000000000e-02 1.468405000000000e-02 0.000000000000000e+00
4.671550000000000e-02 1.556030000000000e-02 0.000000000000000e+00
4.403565000000000e-02 1.481780000000000e-02 0.000000000000000e+00
4.469280000000000e-02 1.545185000000000e-02 0.000000000000000e+00
4.263045000000000e-02 1.556955000000000e-02 0.000000000000000e+00
4.924730000000000e-02 1.693575000000000e-02 0.000000000000000e+00
4.972815000000000e-02 1.805290000000000e-02 0.000000000000000e+00
4.727950000000000e-02 1.657720000000000e-02 0.000000000000000e+00
4.779230000000000e-02 1.761030000000000e-02 0.000000000000000e+00
4.529905000000000e-02 1.632810000000000e-02 0.000000000000000e+00
4.585750000000000e-02 1.724380000000000e-02 0.000000000000000e+00
4.328760000000000e-02 1.620360000000000e-02 0.000000000000000e+00
4.389545000000000e-02 1.697980000000000e-02 0.000000000000000e+00
4.189920000000000e-02 1.681185000000000e-02 0.000000000000000e+00
4.827315000000000e-02 1.872745000000000e-02 0.000000000000000e+00
4.871875000000000e-02 1.986835000000000e-02 0.000000000000000e+00
4.637030000000000e-02 1.827690000000000e-02 0.000000000000000e+00
4.684915000000001e-02 1.934795000000000e-02 0.000000000000000e+00
4.445390000000000e-02 1.789550000000000e-02 0.000000000000000e+00
4.498040000000000e-02 1.885675000000000e-02 0.000000000000000e+00
4.250705000000000e-02 1.758805000000000e-02 0.000000000000000e+00
4.307990000000000e-02 1.845000000000000e-02 0.000000000000000e+00
4.116435000000000e-02 1.807975000000000e-02 0.000000000000000e+00
4.729475000000000e-02 2.048885000000000e-02 0.000000000000000e+00
4.770450000000000e-02 2.166010000000000e-02 0.000000000000000e+00
4.545925000000000e-02 1.992780000000000e-02 0.000000000000000e+00
4.590330000000000e-02 2.104260000000000e-02 0.000000000000000e+00
4.360640000000000e-02 1.941125000000000e-02 0.000000000000000e+00
4.410105000000000e-02 2.042315000000000e-02 0.000000000000000e+00
4.173720000000000e-02 1.894170000000000e-02 0.000000000000000e+00
4.226620000000000e-02 1.987125000000000e-02 0.000000000000000e+00
4.043530000000000e-02 1.931945000000000e-02 0.000000000000000e+00
4.631305000000000e-02 2.221385000000000e-02 0.000000000000000e+00
4.667480000000000e-02 2.343565000000000e-02 0.000000000000000e+00
4.454510000000000e-02 2.153795000000000e-02 0.000000000000000e+00
4.494090000000000e-02 2.270125000000000e-02 0.000000000000000e+00
4.276085000000000e-02 2.088315000000000e-02 0.000000000000000e+00
4.321135000000000e-02 2.195245000000000e-02 0.000000000000000e+00
4.096430000000000e-02 2.024900000000000e-02 0.000000000000000e+00
4.146030000000000e-02 2.123865000000000e-02 0.000000000000000e+00
3.970740000000000e-02 2.052875000000000e-02 0.000000000000000e+00
4.530265000000000e-02 2.392305000000000e-02 0.000000000000000e+00
4.360715000000000e-02 2.311575000000000e-02 0.000000000000000e+00
4.191080000000000e-02 2.230795000000000e-02 0.000000000000000e+00
4.020340000000000e-02 2.151840000000000e-02 0.000000000000000e+00
2.458635000000000e-02 1.419495000000000e-02 0.000000000000000e+00
2.459030000000000e-02 1.391295000000000e-02 0.000000000000000e+00
2.434410000000000e-02 1.433935000000000e-02 0.000000000000000e+00
2.481565000000000e-02 1.403980000000000e-02 0.000000000000000e+00
2.491255000000000e-02 1.438325000000000e-02 0.000000000000000e+00
2.456665000000000e-02 1.447105000000000e-02 0.000000000000000e+00
2.841560000000000e-02 2.738675000000000e-03 0.000000000000000e+00
2.831040000000000e-02 2.490460000000000e-03 0.000000000000000e+00
2.833935000000000e-02 3.231125000000000e-03 0.000000000000000e+00
2.824060000000000e-02 2.980855000000000e-03 0.000000000000000e+00
2.826310000000000e-02 3.723575000000000e-03 0.000000000000000e+00
2.816945000000000e-02 3.471100000000000e-03 0.000000000000000e+00
2.818685000000000e-02 4.216025000000000e-03 0.000000000000000e+00
2.809670000000000e-02 3.961140000000000e-03 0.000000000000000e+00
2.811055000000000e-02 4.708475000000000e-03 0.000000000000000e+00
2.802195000000000e-02 4.450910000000001e-03 0.000000000000000e+00
2.832680000000000e-02 4.560695000000000e-03 0.000000000000000e+00
2.803430000000000e-02 5.200925000000000e-03 0.000000000000000e+00
2.794515000000000e-02 4.940360000000000e-03 0.000000000000000e+00
2.829210000000000e-02 5.012045000000000e-03 0.000000000000000e+00
2.795805000000000e-02 5.693375000000001e-03 0.000000000000000e+00
2.786620000000000e-02 5.429420000000001e-03 0.000000000000000e+00
2.824325000000000e-02 5.437965000000000e-03 0.000000000000000e+00
2.788180000000000e-02 6.185825000000000e-03 0.000000000000000e+00
2.778460000000000e-02 5.917975000000000e-03 0.000000000000000e+00
2.811515000000000e-02 6.074830000000000e-03 0.000000000000000e+00
2.819935000000000e-02 5.913400000000000e-03 0.000000000000000e+00
2.778900000000000e-02 6.674265000000000e-03 0.000000000000000e+00
2.769805000000000e-02 6.405385000000000e-03 0.000000000000000e+00
2.804415000000000e-02 6.538850000000001e-03 0.000000000000000e+00
2.765570000000000e-02 7.152920000000000e-03 0.000000000000000e+00
2.758680000000000e-02 6.886865000000000e-03 0.000000000000000e+00
2.793630000000000e-02 7.007869999999999e-03 0.000000000000000e+00
2.749850000000000e-02 7.625800000000000e-03 0.000000000000000e+00
2.744290000000000e-02 7.360430000000000e-03 0.000000000000000e+00
2.779380000000000e-02 7.473665000000000e-03 0.000000000000000e+00
2.734130000000000e-02 8.098675000000000e-03 0.000000000000000e+00
2.729240000000000e-02 7.832340000000000e-03 0.000000000000000e+00
2.765165000000000e-02 7.948215000000000e-03 0.000000000000000e+00
2.718410000000000e-02 8.571550000000001e-03 0.000000000000000e+00
2.713985000000000e-02 8.303645000000000e-03 0.000000000000000e+00
2.750325000000000e-02 8.423270000000000e-03 0.000000000000000e+00
2.702690000000000e-02 9.044429999999999e-03 0.000000000000000e+00
2.698515000000000e-02 8.774320000000000e-03 0.000000000000000e+00
2.735925000000000e-02 8.899674999999999e-03 0.000000000000000e+00
2.686970000000000e-02 9.517305000000000e-03 0.000000000000000e+00
2.682845000000000e-02 9.244320000000000e-03 0.000000000000000e+00
2.721885000000000e-02 9.383140000000000e-03 0.000000000000000e+00
2.671250000000000e-02 9.990170000000000e-03 0.000000000000000e+00
2.666965000000000e-02 9.713599999999999e-03 0.000000000000000e+00
2.705200000000000e-02 9.864025000000000e-03 0.000000000000000e+00
2.655530000000000e-02 1.046305000000000e-02 0.000000000000000e+00
2.650875000000000e-02 1.018210000000000e-02 0.000000000000000e+00
2.688280000000000e-02 1.033995000000000e-02 0.000000000000000e+00
2.639810000000000e-02 1.093595000000000e-02 0.000000000000000e+00
2.634525000000000e-02 1.064960000000000e-02 0.000000000000000e+00
2.671620000000000e-02 1.081005000000000e-02 0.000000000000000e+00
2.620965000000000e-02 1.139545000000000e-02 0.000000000000000e+00
2.617510000000000e-02 1.111425000000000e-02 0.000000000000000e+00
2.653710000000000e-02 1.128230000000000e-02 0.000000000000000e+00
2.598305000000000e-02 1.183860000000000e-02 0.000000000000000e+00
2.596600000000000e-02 1.156225000000000e-02 0.000000000000000e+00
2.631345000000000e-02 1.173775000000000e-02 0.000000000000000e+00
2.574955000000000e-02 1.227885000000000e-02 0.000000000000000e+00
2.574120000000000e-02 1.200345000000000e-02 0.000000000000000e+00
2.607835000000000e-02 1.218730000000000e-02 0.000000000000000e+00
2.551610000000000e-02 1.271910000000000e-02 0.000000000000000e+00
2.551315000000000e-02 1.244325000000000e-02 0.000000000000000e+00
2.584615000000000e-02 1.262555000000000e-02 0.000000000000000e+00
2.528265000000000e-02 1.315935000000000e-02 0.000000000000000e+00
2.528345000000000e-02 1.288215000000000e-02 0.000000000000000e+00
2.561225000000000e-02 1.306560000000000e-02 0.000000000000000e+00
2.504915000000000e-02 1.359960000000000e-02 0.000000000000000e+00
2.505210000000000e-02 1.332035000000000e-02 0.000000000000000e+00
2.538075000000000e-02 1.350775000000000e-02 0.000000000000000e+00
2.481960000000000e-02 1.375780000000000e-02 0.000000000000000e+00
2.514875000000000e-02 1.394420000000000e-02 0.000000000000000e+00
2.482255000000000e-02 1.347855000000000e-02 0.000000000000000e+00
2.505290000000000e-02 1.304315000000000e-02 0.000000000000000e+00
2.528050000000000e-02 1.260630000000000e-02 0.000000000000000e+00
2.550480000000000e-02 1.216785000000000e-02 0.000000000000000e+00
2.572415000000000e-02 1.172710000000000e-02 0.000000000000000e+00
2.593145000000000e-02 1.128105000000000e-02 0.000000000000000e+00
2.612225000000000e-02 1.082790000000000e-02 0.000000000000000e+00
2.629870000000000e-02 1.036865000000000e-02 0.000000000000000e+00
2.646590000000000e-02 9.905529999999999e-03 0.000000000000000e+00
2.662840000000000e-02 9.440614999999999e-03 0.000000000000000e+00
2.678670000000000e-02 8.974210000000000e-03 0.000000000000000e+00
2.694090000000000e-02 8.506415000000000e-03 0.000000000000000e+00
2.709095000000000e-02 8.037310000000001e-03 0.000000000000000e+00
2.723680000000000e-02 7.566970000000000e-03 0.000000000000000e+00
2.737400000000000e-02 7.094375000000000e-03 0.000000000000000e+00
2.749585000000000e-02 6.617985000000000e-03 0.000000000000000e+00
2.760085000000000e-02 6.137535000000000e-03 0.000000000000000e+00
2.769275000000000e-02 5.654020000000000e-03 0.000000000000000e+00
2.777705000000000e-02 5.168855000000000e-03 0.000000000000000e+00
2.785655000000000e-02 4.682795000000000e-03 0.000000000000000e+00
2.793180000000000e-02 4.196025000000001e-03 0.000000000000000e+00
2.800305000000000e-02 3.708665000000000e-03 0.000000000000000e+00
2.807070000000000e-02 3.220830000000000e-03 0.000000000000000e+00
2.813540000000000e-02 2.732640000000000e-03 0.000000000000000e+00
2.533985000000000e-02 1.462995000000000e-02 0.000000000000000e+00
2.568175000000000e-02 1.452430000000000e-02 0.000000000000000e+00
2.541930000000000e-02 1.497890000000000e-02 0.000000000000000e+00
2.524565000000000e-02 1.428765000000000e-02 0.000000000000000e+00
2.499630000000000e-02 1.471955000000000e-02 0.000000000000000e+00
2.850835000000000e-02 4.864265000000000e-03 0.000000000000000e+00
2.862155000000000e-02 7.031585000000000e-03 0.000000000000000e+00
2.846370000000000e-02 6.725750000000000e-03 0.000000000000000e+00
2.868865000000000e-02 6.585605000000000e-03 0.000000000000000e+00
2.794825000000000e-02 9.944305000000001e-03 0.000000000000000e+00
2.757700000000000e-02 1.009005500000000e-02 0.000000000000000e+00
2.773360000000000e-02 1.045555000000000e-02 0.000000000000000e+00
2.798425000000000e-02 8.594839999999999e-03 0.000000000000000e+00
2.781360000000000e-02 8.272810000000000e-03 0.000000000000000e+00
2.767840000000000e-02 8.751395000000000e-03 0.000000000000000e+00
2.839945000000000e-02 7.957954999999999e-03 0.000000000000000e+00
2.828870000000000e-02 8.439745000000000e-03 0.000000000000000e+00
2.811805000000000e-02 8.117715000000001e-03 0.000000000000000e+00
2.859885000000000e-02 8.278625000000001e-03 0.000000000000000e+00
2.834930000000000e-02 7.178290000000000e-03 0.000000000000000e+00
2.807440000000000e-02 7.328615000000000e-03 0.000000000000000e+00
2.819145000000000e-02 6.872455000000000e-03 0.000000000000000e+00
2.850325000000000e-02 7.485995000000000e-03 0.000000000000000e+00
2.876975000000000e-02 7.327305000000000e-03 0.000000000000000e+00
2.822835000000000e-02 7.636320000000000e-03 0.000000000000000e+00
2.866215000000000e-02 7.770290000000000e-03 0.000000000000000e+00
2.808935000000000e-02 9.422835000000001e-03 0.000000000000000e+00
2.777240000000000e-02 9.584110000000000e-03 0.000000000000000e+00
2.817400000000000e-02 8.920555000000000e-03 0.000000000000000e+00
2.786815000000000e-02 9.077109999999999e-03 0.000000000000000e+00
2.837225000000000e-02 9.226280000000000e-03 0.000000000000000e+00
2.845685000000000e-02 8.767350000000000e-03 0.000000000000000e+00
2.548035000000000e-02 1.385235000000000e-02 0.000000000000000e+00
2.558755000000000e-02 1.418200000000000e-02 0.000000000000000e+00
2.571035000000000e-02 1.341400000000000e-02 0.000000000000000e+00
2.580210000000000e-02 1.377900000000000e-02 0.000000000000000e+00
2.722230000000000e-02 1.021380500000000e-02 0.000000000000000e+00
2.740115000000000e-02 9.729860000000000e-03 0.000000000000000e+00
2.794695000000000e-02 7.796080000000000e-03 0.000000000000000e+00
2.827750000000000e-02 6.427855000000000e-03 0.000000000000000e+00
2.594230000000000e-02 1.297205000000000e-02 0.000000000000000e+00
2.603555000000000e-02 1.332315000000000e-02 0.000000000000000e+00
2.737890000000000e-02 1.057930000000000e-02 0.000000000000000e+00
2.704370000000000e-02 1.068695000000000e-02 0.000000000000000e+00
2.753975000000000e-02 1.090845000000000e-02 0.000000000000000e+00
2.733075000000000e-02 1.135790000000000e-02 0.000000000000000e+00
2.720455000000000e-02 1.101610000000000e-02 0.000000000000000e+00
2.617495000000000e-02 1.253400000000000e-02 0.000000000000000e+00
2.627860000000000e-02 1.287060000000000e-02 0.000000000000000e+00
2.640875000000000e-02 1.208645000000000e-02 0.000000000000000e+00
2.649745000000000e-02 1.245940000000000e-02 0.000000000000000e+00
2.673795000000000e-02 1.198615000000000e-02 0.000000000000000e+00
2.664090000000000e-02 1.162460000000000e-02 0.000000000000000e+00
2.707845000000000e-02 1.185975000000000e-02 0.000000000000000e+00
2.698140000000000e-02 1.149820000000000e-02 0.000000000000000e+00
2.682665000000000e-02 1.235910000000000e-02 0.000000000000000e+00
2.876700000000000e-02 8.606229999999999e-03 0.000000000000000e+00
2.886155000000000e-02 8.090960000000001e-03 0.000000000000000e+00
2.685520000000000e-02 1.115640000000000e-02 0.000000000000000e+00
2.755120000000000e-02 9.238385000000000e-03 0.000000000000000e+00
2.612730000000000e-02 1.368815000000000e-02 0.000000000000000e+00
2.637185000000000e-02 1.322170000000000e-02 0.000000000000000e+00
2.590930000000000e-02 1.410865000000000e-02 0.000000000000000e+00
2.850105000000000e-02 5.249085000000001e-03 0.000000000000000e+00
2.848455000000000e-02 5.657990000000000e-03 0.000000000000000e+00
2.850245000000000e-02 6.287710000000000e-03 0.000000000000000e+00
2.839460000000000e-02 6.048630000000000e-03 0.000000000000000e+00
2.865510000000000e-02 9.073075000000000e-03 0.000000000000000e+00
2.892865000000000e-02 7.611600000000000e-03 0.000000000000000e+00
2.660110000000000e-02 1.279600000000000e-02 0.000000000000000e+00
2.266960000000000e-02 2.025315000000000e-02 0.000000000000000e+00
2.314245000000000e-02 2.086145000000000e-02 0.000000000000000e+00
2.241525000000000e-02 2.035200000000000e-02 0.000000000000000e+00
2.224460000000000e-02 2.048970000000000e-02 0.000000000000000e+00
2.305915000000000e-02 1.963510000000000e-02 0.000000000000000e+00
2.350200000000000e-02 2.007580000000000e-02 0.000000000000000e+00
2.263885000000000e-02 1.969970000000000e-02 0.000000000000000e+00
2.261005000000000e-02 2.004295000000000e-02 0.000000000000000e+00
2.344870000000000e-02 1.901710000000000e-02 0.000000000000000e+00
2.369675000000000e-02 1.976680000000000e-02 0.000000000000000e+00
2.300650000000000e-02 1.916715000000000e-02 0.000000000000000e+00
2.383825000000000e-02 1.839910000000000e-02 0.000000000000000e+00
2.418195000000000e-02 1.907705000000000e-02 0.000000000000000e+00
2.336380000000000e-02 1.864015000000000e-02 0.000000000000000e+00
2.349655000000000e-02 1.846380000000000e-02 0.000000000000000e+00
2.422780000000000e-02 1.778110000000000e-02 0.000000000000000e+00
2.457750000000000e-02 1.842645000000000e-02 0.000000000000000e+00
2.384330000000000e-02 1.792545000000000e-02 0.000000000000000e+00
2.461735000000000e-02 1.716310000000000e-02 0.000000000000000e+00
2.490890000000000e-02 1.785795000000000e-02 0.000000000000000e+00
2.419460000000000e-02 1.737640000000000e-02 0.000000000000000e+00
2.500690000000000e-02 1.654505000000000e-02 0.000000000000000e+00
2.530340000000000e-02 1.726645000000000e-02 0.000000000000000e+00
2.453940000000000e-02 1.683970000000000e-02 0.000000000000000e+00
2.465490000000000e-02 1.665365000000000e-02 0.000000000000000e+00
2.539645000000000e-02 1.592700000000000e-02 0.000000000000000e+00
2.574500000000000e-02 1.663230000000000e-02 0.000000000000000e+00
2.498825000000000e-02 1.611925000000000e-02 0.000000000000000e+00
2.614835000000000e-02 1.598070000000000e-02 0.000000000000000e+00
2.543815000000000e-02 1.541125000000000e-02 0.000000000000000e+00
2.532615000000000e-02 1.559055000000000e-02 0.000000000000000e+00
3.437954999999999e-02 2.617105000000000e-02 0.000000000000000e+00
3.344995000000000e-02 2.642550000000000e-02 0.000000000000000e+00
3.461510000000000e-02 2.761335000000000e-02 0.000000000000000e+00
3.496425000000000e-02 2.510375000000000e-02 0.000000000000000e+00
3.389930000000000e-02 2.520205000000000e-02 0.000000000000000e+00
3.527355000000000e-02 2.643755000000000e-02 0.000000000000000e+00
3.554895000000000e-02 2.403645000000000e-02 0.000000000000000e+00
3.430745000000000e-02 2.400635000000000e-02 0.000000000000000e+00
3.593040000000000e-02 2.527575000000000e-02 0.000000000000000e+00
3.613365000000000e-02 2.296915000000000e-02 0.000000000000000e+00
3.500890000000000e-02 2.296685000000000e-02 0.000000000000000e+00
3.656730000000000e-02 2.411900000000000e-02 0.000000000000000e+00
3.558200000000000e-02 2.190505000000000e-02 0.000000000000000e+00
3.719840000000000e-02 2.297340000000000e-02 0.000000000000000e+00
2.492120000000000e-02 1.910440000000000e-02 0.000000000000000e+00
2.525860000000000e-02 1.850330000000000e-02 0.000000000000000e+00
2.566595000000000e-02 1.896290000000000e-02 0.000000000000000e+00
2.397485000000000e-02 2.068410000000000e-02 0.000000000000000e+00
2.452005000000000e-02 2.153425000000000e-02 0.000000000000000e+00
2.443000000000000e-02 1.982675000000000e-02 0.000000000000000e+00
2.481140000000000e-02 2.057280000000000e-02 0.000000000000000e+00
2.535020000000000e-02 1.978815000000000e-02 0.000000000000000e+00
2.559495000000000e-02 1.796130000000000e-02 0.000000000000000e+00
2.580255000000000e-02 1.870340000000000e-02 0.000000000000000e+00
2.604150000000000e-02 1.735370000000000e-02 0.000000000000000e+00
2.633690000000000e-02 1.812200000000000e-02 0.000000000000000e+00
2.649690000000000e-02 1.668600000000000e-02 0.000000000000000e+00
2.686035000000000e-02 1.746075000000000e-02 0.000000000000000e+00
2.726840000000000e-02 1.671785000000000e-02 0.000000000000000e+00
2.535660000000000e-02 2.142295000000000e-02 0.000000000000000e+00
2.595510000000000e-02 2.230810000000000e-02 0.000000000000000e+00
2.573160000000000e-02 2.053420000000000e-02 0.000000000000000e+00
2.618600000000000e-02 2.131690000000000e-02 0.000000000000000e+00
2.609495000000000e-02 1.964665000000000e-02 0.000000000000000e+00
2.660475000000000e-02 2.045820000000000e-02 0.000000000000000e+00
2.654450000000000e-02 1.886410000000000e-02 0.000000000000000e+00
2.683985000000000e-02 1.951375000000000e-02 0.000000000000000e+00
2.715575000000000e-02 1.822905000000000e-02 0.000000000000000e+00
2.740420000000000e-02 1.896285000000000e-02 0.000000000000000e+00
2.763185000000000e-02 1.749260000000000e-02 0.000000000000000e+00
2.798350000000000e-02 1.829510000000000e-02 0.000000000000000e+00
2.841295000000000e-02 1.745830000000000e-02 0.000000000000000e+00
2.734965000000000e-02 2.032530000000000e-02 0.000000000000000e+00
2.769955000000000e-02 1.961250000000000e-02 0.000000000000000e+00
2.814980000000000e-02 2.007390000000000e-02 0.000000000000000e+00
2.678450000000000e-02 2.220205000000000e-02 0.000000000000000e+00
2.733725000000000e-02 2.307860000000000e-02 0.000000000000000e+00
2.705915000000000e-02 2.124090000000000e-02 0.000000000000000e+00
2.756160000000000e-02 2.202355000000000e-02 0.000000000000000e+00
2.796370000000000e-02 2.110910000000000e-02 0.000000000000000e+00
2.823195000000000e-02 1.902890000000000e-02 0.000000000000000e+00
2.837955000000000e-02 1.982190000000000e-02 0.000000000000000e+00
2.876460000000000e-02 1.826080000000000e-02 0.000000000000000e+00
2.915575000000000e-02 1.911540000000000e-02 0.000000000000000e+00
2.963110000000000e-02 1.821885000000000e-02 0.000000000000000e+00
2.811435000000000e-02 2.290010000000000e-02 0.000000000000000e+00
2.884450000000000e-02 2.391440000000000e-02 0.000000000000000e+00
2.846615000000000e-02 2.189175000000000e-02 0.000000000000000e+00
2.903905000000000e-02 2.275545000000000e-02 0.000000000000000e+00
2.876385000000000e-02 2.085770000000000e-02 0.000000000000000e+00
2.945515000000000e-02 2.181325000000000e-02 0.000000000000000e+00
2.930335000000000e-02 1.990840000000000e-02 0.000000000000000e+00
2.965345000000000e-02 2.074635000000000e-02 0.000000000000000e+00
3.002225000000000e-02 1.907345000000000e-02 0.000000000000000e+00
3.050170000000000e-02 2.000160000000000e-02 0.000000000000000e+00
3.096535000000000e-02 1.905275000000000e-02 0.000000000000000e+00
2.976920000000000e-02 2.376975000000000e-02 0.000000000000000e+00
3.047565000000000e-02 2.481305000000000e-02 0.000000000000000e+00
3.002805000000000e-02 2.267695000000000e-02 0.000000000000000e+00
3.065330000000000e-02 2.357260000000000e-02 0.000000000000000e+00
3.034475000000000e-02 2.170190000000000e-02 0.000000000000000e+00
3.099955000000000e-02 2.259680000000000e-02 0.000000000000000e+00
3.085180000000000e-02 2.083955000000000e-02 0.000000000000000e+00
3.129410000000000e-02 2.175380000000000e-02 0.000000000000000e+00
3.144480000000000e-02 1.998090000000000e-02 0.000000000000000e+00
3.195500000000000e-02 2.094355000000000e-02 0.000000000000000e+00
3.241910000000000e-02 1.994925000000000e-02 0.000000000000000e+00
3.162480000000000e-02 2.349245000000000e-02 0.000000000000000e+00
3.194890000000000e-02 2.264870000000000e-02 0.000000000000000e+00
3.257250000000000e-02 2.322090000000000e-02 0.000000000000000e+00
3.135975000000001e-02 2.461590000000000e-02 0.000000000000000e+00
3.203465000000000e-02 2.569620000000000e-02 0.000000000000000e+00
3.229480000000000e-02 2.437620000000000e-02 0.000000000000000e+00
3.239730000000000e-02 2.185780000000000e-02 0.000000000000000e+00
3.273470000000000e-02 2.287040000000000e-02 0.000000000000000e+00
3.292929999999999e-02 2.091190000000000e-02 0.000000000000000e+00
3.343000000000000e-02 2.192415000000000e-02 0.000000000000000e+00
3.395655000000000e-02 2.089050000000000e-02 0.000000000000000e+00
3.296970000000000e-02 2.545650000000000e-02 0.000000000000000e+00
3.324250000000000e-02 2.410465000000000e-02 0.000000000000000e+00
3.376740000000000e-02 2.293675000000000e-02 0.000000000000000e+00
3.445724999999999e-02 2.190275000000000e-02 0.000000000000000e+00
2.388750000000000e-02 4.137435000000000e-02 0.000000000000000e+00
2.440130000000000e-02 3.992410000000000e-02 0.000000000000000e+00
2.237460000000000e-02 4.109420000000000e-02 0.000000000000000e+00
2.481250000000000e-02 4.297650000000000e-02 0.000000000000000e+00
2.529210000000000e-02 4.151750000000000e-02 0.000000000000000e+00
2.330915000000000e-02 4.266235000000000e-02 0.000000000000000e+00
2.573750000000000e-02 4.457865000000000e-02 0.000000000000000e+00
2.619700000000000e-02 4.312970000000000e-02 0.000000000000000e+00
2.425290000000000e-02 4.425210000000000e-02 0.000000000000000e+00
2.666250000000000e-02 4.618080000000000e-02 0.000000000000000e+00
2.712865000000000e-02 4.474020000000000e-02 0.000000000000000e+00
2.518185000000000e-02 4.586420000000000e-02 0.000000000000000e+00
2.808250000000000e-02 4.634995000000000e-02 0.000000000000000e+00
2.609900000000000e-02 4.749515000000000e-02 0.000000000000000e+00
2.854865000000000e-02 4.490935000000000e-02 0.000000000000000e+00
2.997460000000000e-02 4.507115000000000e-02 0.000000000000000e+00
2.758815000000000e-02 4.329125000000000e-02 0.000000000000000e+00
2.897465000000000e-02 4.343720000000000e-02 0.000000000000000e+00
2.667660000000000e-02 4.167070000000000e-02 0.000000000000000e+00
2.802070000000000e-02 4.181185000000000e-02 0.000000000000000e+00
2.580590000000000e-02 4.006725000000000e-02 0.000000000000000e+00
2.714450000000000e-02 4.018685000000000e-02 0.000000000000000e+00
2.632275000000000e-02 3.858945000000000e-02 0.000000000000000e+00
3.040060000000000e-02 4.359900000000000e-02 0.000000000000000e+00
3.181880000000000e-02 4.373755000000000e-02 0.000000000000000e+00
2.940720000000000e-02 4.195780000000000e-02 0.000000000000000e+00
3.077195000000000e-02 4.208130000000000e-02 0.000000000000000e+00
2.848860000000000e-02 4.032800000000000e-02 0.000000000000000e+00
2.978425000000000e-02 4.044285000000000e-02 0.000000000000000e+00
2.766135000000000e-02 3.870905000000000e-02 0.000000000000000e+00
2.891660000000000e-02 3.880645000000001e-02 0.000000000000000e+00
2.821685000000000e-02 3.715140000000000e-02 0.000000000000000e+00
3.219015000000000e-02 4.221985000000000e-02 0.000000000000000e+00
3.359610000000000e-02 4.232655000000000e-02 0.000000000000000e+00
3.114900000000000e-02 4.056635000000000e-02 0.000000000000000e+00
3.248210000000000e-02 4.066264999999999e-02 0.000000000000000e+00
3.021225000000000e-02 3.892130000000001e-02 0.000000000000000e+00
3.146640000000000e-02 3.901075000000000e-02 0.000000000000000e+00
2.947210000000000e-02 3.724880000000000e-02 0.000000000000000e+00
3.061705000000000e-02 3.735290000000000e-02 0.000000000000000e+00
3.005690000000000e-02 3.564225000000000e-02 0.000000000000000e+00
3.388805000000000e-02 4.076935000000000e-02 0.000000000000000e+00
3.529080000000000e-02 4.084200000000000e-02 0.000000000000000e+00
3.279950000000000e-02 3.910705000000000e-02 0.000000000000000e+00
3.409560000000000e-02 3.917360000000000e-02 0.000000000000000e+00
3.187120000000000e-02 3.744235000000000e-02 0.000000000000000e+00
3.303485000000000e-02 3.749560000000000e-02 0.000000000000000e+00
3.120185000000000e-02 3.574635000000000e-02 0.000000000000000e+00
3.215875000000000e-02 3.580890000000000e-02 0.000000000000000e+00
3.150410000000000e-02 3.406560000000000e-02 0.000000000000000e+00
3.549835000000000e-02 3.924625000000000e-02 0.000000000000000e+00
3.686945000000000e-02 3.928365000000000e-02 0.000000000000000e+00
3.433095000000000e-02 3.756215000000000e-02 0.000000000000000e+00
3.559550000000000e-02 3.761230000000000e-02 0.000000000000000e+00
3.332240000000000e-02 3.586215000000000e-02 0.000000000000000e+00
3.444705000000000e-02 3.590165000000000e-02 0.000000000000000e+00
3.246100000000000e-02 3.412815000000000e-02 0.000000000000000e+00
3.348875000000000e-02 3.416305000000000e-02 0.000000000000000e+00
3.267660000000000e-02 3.235440000000000e-02 0.000000000000000e+00
3.696660000000000e-02 3.764970000000000e-02 0.000000000000000e+00
3.823665000000000e-02 3.760320000000000e-02 0.000000000000000e+00
3.571160000000000e-02 3.595180000000000e-02 0.000000000000000e+00
3.691915000000000e-02 3.597355000000000e-02 0.000000000000000e+00
3.461340000000000e-02 3.420255000000000e-02 0.000000000000000e+00
3.570385000000000e-02 3.428085000000000e-02 0.000000000000000e+00
3.370435000000000e-02 3.238930000000000e-02 0.000000000000000e+00
3.468090000000000e-02 3.251150000000000e-02 0.000000000000000e+00
3.387385000000000e-02 3.060490000000000e-02 0.000000000000000e+00
3.818920000000001e-02 3.592705000000000e-02 0.000000000000000e+00
3.940550000000000e-02 3.582600000000000e-02 0.000000000000000e+00
3.691140000000000e-02 3.430260000000000e-02 0.000000000000000e+00
3.807405000000000e-02 3.428254999999999e-02 0.000000000000000e+00
3.577135000000000e-02 3.258980000000000e-02 0.000000000000000e+00
3.683330000000000e-02 3.267670000000000e-02 0.000000000000000e+00
3.485040000000000e-02 3.072710000000000e-02 0.000000000000000e+00
3.572810000000000e-02 3.097920000000000e-02 0.000000000000000e+00
3.479885000000000e-02 2.913425000000000e-02 0.000000000000000e+00
3.929035000000000e-02 3.418150000000000e-02 0.000000000000000e+00
4.049830000000000e-02 3.403940000000000e-02 0.000000000000000e+00
3.799595000000000e-02 3.265665000000000e-02 0.000000000000000e+00
3.914710000000000e-02 3.258419999999999e-02 0.000000000000000e+00
3.679005000000000e-02 3.106610000000000e-02 0.000000000000000e+00
3.786225000000000e-02 3.109190000000000e-02 0.000000000000000e+00
3.567655000000000e-02 2.938635000000000e-02 0.000000000000000e+00
3.665270000000000e-02 2.952470000000000e-02 0.000000000000000e+00
3.550910000000000e-02 2.787985000000000e-02 0.000000000000000e+00
4.035505000000000e-02 3.244210000000000e-02 0.000000000000000e+00
4.156585000000000e-02 3.225755000000000e-02 0.000000000000000e+00
3.901340000000000e-02 3.101945000000000e-02 0.000000000000000e+00
4.018040000000001e-02 3.089860000000000e-02 0.000000000000000e+00
3.772490000000000e-02 2.955050000000000e-02 0.000000000000000e+00
3.882060000000000e-02 2.952580000000000e-02 0.000000000000000e+00
3.648525000000000e-02 2.801820000000000e-02 0.000000000000000e+00
3.751815000000000e-02 2.808330000000000e-02 0.000000000000000e+00
3.623970000000000e-02 2.660955000000000e-02 0.000000000000000e+00
4.139120000000000e-02 3.071405000000000e-02 0.000000000000000e+00
4.261044999999999e-02 3.048325000000000e-02 0.000000000000000e+00
3.998760000000000e-02 2.940495000000000e-02 0.000000000000000e+00
4.117505000000000e-02 2.923210000000000e-02 0.000000000000000e+00
3.861385000000001e-02 2.805860000000000e-02 0.000000000000000e+00
3.973745000000000e-02 2.798100000000000e-02 0.000000000000000e+00
3.727260000000000e-02 2.667465000000000e-02 0.000000000000000e+00
3.834210000000000e-02 2.666800000000000e-02 0.000000000000000e+00
3.694875000000000e-02 2.535830000000000e-02 0.000000000000000e+00
4.239430000000000e-02 2.900130000000000e-02 0.000000000000000e+00
4.363330000000000e-02 2.870375000000000e-02 0.000000000000000e+00
4.092490000000000e-02 2.780815000000000e-02 0.000000000000000e+00
4.213030000000000e-02 2.756935000000000e-02 0.000000000000000e+00
3.946570000000000e-02 2.659040000000000e-02 0.000000000000000e+00
4.061700000000000e-02 2.644585000000000e-02 0.000000000000000e+00
3.801825000000000e-02 2.535165000000000e-02 0.000000000000000e+00
3.912335000000000e-02 2.528635000000000e-02 0.000000000000000e+00
3.763205000000000e-02 2.412325000000000e-02 0.000000000000000e+00
4.336930000000000e-02 2.727180000000000e-02 0.000000000000000e+00
4.182240000000000e-02 2.620705000000000e-02 0.000000000000000e+00
4.027465000000000e-02 2.514180000000000e-02 0.000000000000000e+00
3.873715000000000e-02 2.405795000000000e-02 0.000000000000000e+00
1.657955000000000e-02 2.323930000000000e-02 0.000000000000000e+00
1.631205000000000e-02 2.327230000000000e-02 0.000000000000000e+00
1.696790000000000e-02 2.292705000000000e-02 0.000000000000000e+00
1.670180000000000e-02 2.296665000000000e-02 0.000000000000000e+00
1.735625000000000e-02 2.261475000000000e-02 0.000000000000000e+00
1.709080000000000e-02 2.265995000000000e-02 0.000000000000000e+00
1.774460000000000e-02 2.230250000000000e-02 0.000000000000000e+00
1.747880000000000e-02 2.235185000000000e-02 0.000000000000000e+00
1.813295000000000e-02 2.199025000000000e-02 0.000000000000000e+00
1.786560000000000e-02 2.204230000000000e-02 0.000000000000000e+00
1.811310000000000e-02 2.225140000000000e-02 0.000000000000000e+00
1.852130000000000e-02 2.167795000000000e-02 0.000000000000000e+00
1.825105000000000e-02 2.173105000000000e-02 0.000000000000000e+00
1.848660000000000e-02 2.199565000000000e-02 0.000000000000000e+00
1.890965000000000e-02 2.136570000000000e-02 0.000000000000000e+00
1.863510000000000e-02 2.141810000000000e-02 0.000000000000000e+00
1.883105000000000e-02 2.174035000000000e-02 0.000000000000000e+00
1.929795000000000e-02 2.105345000000000e-02 0.000000000000000e+00
1.901740000000000e-02 2.110320000000000e-02 0.000000000000000e+00
1.931855000000000e-02 2.131105000000000e-02 0.000000000000000e+00
1.922085000000000e-02 2.146470000000000e-02 0.000000000000000e+00
1.967455000000000e-02 2.072880000000000e-02 0.000000000000000e+00
1.939620000000000e-02 2.078450000000000e-02 0.000000000000000e+00
1.968485000000000e-02 2.101750000000000e-02 0.000000000000000e+00
2.002245000000000e-02 2.037405000000000e-02 0.000000000000000e+00
1.975760000000000e-02 2.044740000000000e-02 0.000000000000000e+00
2.003715000000000e-02 2.068955000000000e-02 0.000000000000000e+00
2.035335000000000e-02 2.000150000000000e-02 0.000000000000000e+00
2.009575000000000e-02 2.008605000000000e-02 0.000000000000000e+00
2.036925000000000e-02 2.033330000000000e-02 0.000000000000000e+00
2.068430000000000e-02 1.962890000000000e-02 0.000000000000000e+00
2.042920000000000e-02 1.971975000000000e-02 0.000000000000000e+00
2.070915000000000e-02 1.997290000000000e-02 0.000000000000000e+00
2.101525000000000e-02 1.925630000000000e-02 0.000000000000000e+00
2.076110000000000e-02 1.935195000000000e-02 0.000000000000000e+00
2.104640000000000e-02 1.960685000000000e-02 0.000000000000000e+00
2.134615000000000e-02 1.888375000000000e-02 0.000000000000000e+00
2.109140000000000e-02 1.898265000000000e-02 0.000000000000000e+00
2.138695000000000e-02 1.924395000000000e-02 0.000000000000000e+00
2.167705000000000e-02 1.851120000000000e-02 0.000000000000000e+00
2.142005000000000e-02 1.861195000000000e-02 0.000000000000000e+00
2.173545000000000e-02 1.888065000000000e-02 0.000000000000000e+00
2.200800000000000e-02 1.813860000000000e-02 0.000000000000000e+00
2.174705000000000e-02 1.823980000000000e-02 0.000000000000000e+00
2.206850000000000e-02 1.849570000000000e-02 0.000000000000000e+00
2.233895000000000e-02 1.776605000000000e-02 0.000000000000000e+00
2.207235000000000e-02 1.786620000000000e-02 0.000000000000000e+00
2.239605000000000e-02 1.811120000000000e-02 0.000000000000000e+00
2.266985000000000e-02 1.739350000000000e-02 0.000000000000000e+00
2.239545000000000e-02 1.749090000000000e-02 0.000000000000000e+00
2.271985000000000e-02 1.773190000000000e-02 0.000000000000000e+00
2.297355000000000e-02 1.700050000000000e-02 0.000000000000000e+00
2.271275000000000e-02 1.711120000000000e-02 0.000000000000000e+00
2.303930000000000e-02 1.734065000000000e-02 0.000000000000000e+00
2.324405000000000e-02 1.658265000000000e-02 0.000000000000000e+00
2.299620000000000e-02 1.670610000000000e-02 0.000000000000000e+00
2.332190000000000e-02 1.691925000000000e-02 0.000000000000000e+00
2.350860000000000e-02 1.616035000000000e-02 0.000000000000000e+00
2.326590000000000e-02 1.629080000000000e-02 0.000000000000000e+00
2.359370000000000e-02 1.649085000000000e-02 0.000000000000000e+00
2.377315000000000e-02 1.573805000000000e-02 0.000000000000000e+00
2.353280000000000e-02 1.587345000000000e-02 0.000000000000000e+00
2.385715000000000e-02 1.607070000000000e-02 0.000000000000000e+00
2.403765000000000e-02 1.531575000000000e-02 0.000000000000000e+00
2.379800000000000e-02 1.545500000000000e-02 0.000000000000000e+00
2.412130000000000e-02 1.564805000000000e-02 0.000000000000000e+00
2.430215000000000e-02 1.489340000000000e-02 0.000000000000000e+00
2.406180000000000e-02 1.503560000000000e-02 0.000000000000000e+00
2.438840000000000e-02 1.522650000000000e-02 0.000000000000000e+00
2.432440000000000e-02 1.461545000000000e-02 0.000000000000000e+00
2.465040000000000e-02 1.480735000000000e-02 0.000000000000000e+00
2.408405000000000e-02 1.475765000000000e-02 0.000000000000000e+00
2.382215000000000e-02 1.517485000000000e-02 0.000000000000000e+00
2.355765000000000e-02 1.559040000000000e-02 0.000000000000000e+00
2.329010000000000e-02 1.600390000000000e-02 0.000000000000000e+00
2.301805000000000e-02 1.641425000000000e-02 0.000000000000000e+00
2.273540000000000e-02 1.681680000000000e-02 0.000000000000000e+00
2.243835000000000e-02 1.720860000000000e-02 0.000000000000000e+00
2.212885000000000e-02 1.759105000000000e-02 0.000000000000000e+00
2.181140000000000e-02 1.796740000000000e-02 0.000000000000000e+00
2.149005000000000e-02 1.834055000000000e-02 0.000000000000000e+00
2.116530000000000e-02 1.871085000000000e-02 0.000000000000000e+00
2.083725000000000e-02 1.907830000000000e-02 0.000000000000000e+00
2.050600000000000e-02 1.944280000000000e-02 0.000000000000000e+00
2.017160000000000e-02 1.980430000000000e-02 0.000000000000000e+00
1.983090000000000e-02 2.015940000000000e-02 0.000000000000000e+00
1.947925000000000e-02 2.050310000000000e-02 0.000000000000000e+00
1.911565000000000e-02 2.083425000000000e-02 0.000000000000000e+00
1.874285000000000e-02 2.115560000000000e-02 0.000000000000000e+00
1.836485000000000e-02 2.147120000000000e-02 0.000000000000000e+00
1.798370000000000e-02 2.178310000000000e-02 0.000000000000000e+00
1.759980000000000e-02 2.209165000000000e-02 0.000000000000000e+00
1.721335000000000e-02 2.239705000000000e-02 0.000000000000000e+00
1.682470000000000e-02 2.269955000000000e-02 0.000000000000000e+00
1.643430000000000e-02 2.299965000000000e-02 0.000000000000000e+00
1.846675000000000e-02 2.225680000000000e-02 0.000000000000000e+00
2.040035000000000e-02 2.127120000000000e-02 0.000000000000000e+00
2.005655000000000e-02 2.128740000000000e-02 0.000000000000000e+00
2.004765000000000e-02 2.155230000000000e-02 0.000000000000000e+00
2.258620000000000e-02 1.923175000000000e-02 0.000000000000000e+00
2.252680000000000e-02 1.883735000000000e-02 0.000000000000000e+00
2.292160000000000e-02 1.879020000000000e-02 0.000000000000000e+00
2.143545000000000e-02 1.993765000000000e-02 0.000000000000000e+00
2.107125000000000e-02 1.995085000000000e-02 0.000000000000000e+00
2.141810000000000e-02 1.959450000000000e-02 0.000000000000000e+00
2.109150000000000e-02 2.061570000000000e-02 0.000000000000000e+00
2.145335000000000e-02 2.027890000000000e-02 0.000000000000000e+00
2.108915000000000e-02 2.029210000000000e-02 0.000000000000000e+00
2.146890000000000e-02 2.062805000000000e-02 0.000000000000000e+00
2.039125000000000e-02 2.096205000000000e-02 0.000000000000000e+00
2.038395000000000e-02 2.064880000000000e-02 0.000000000000000e+00
2.004745000000000e-02 2.097825000000000e-02 0.000000000000000e+00
2.073470000000000e-02 2.094155000000000e-02 0.000000000000000e+00
2.073055000000000e-02 2.125170000000000e-02 0.000000000000000e+00
2.072740000000000e-02 2.062830000000000e-02 0.000000000000000e+00
2.106035000000000e-02 2.093700000000000e-02 0.000000000000000e+00
2.220510000000000e-02 1.961470000000000e-02 0.000000000000000e+00
2.218630000000000e-02 1.925955000000000e-02 0.000000000000000e+00
2.181240000000000e-02 1.993915000000000e-02 0.000000000000000e+00
2.179505000000000e-02 1.959600000000000e-02 0.000000000000000e+00
2.217630000000000e-02 1.995795000000000e-02 0.000000000000000e+00
2.182115000000000e-02 2.026070000000000e-02 0.000000000000000e+00
2.473665000000000e-02 1.514045000000000e-02 0.000000000000000e+00
2.507575000000000e-02 1.506850000000000e-02 0.000000000000000e+00
2.447205000000000e-02 1.555880000000000e-02 0.000000000000000e+00
2.483400000000000e-02 1.545575000000000e-02 0.000000000000000e+00
2.245655000000000e-02 1.846830000000000e-02 0.000000000000000e+00
2.212690000000000e-02 1.886515000000000e-02 0.000000000000000e+00
2.072505000000000e-02 2.030470000000000e-02 0.000000000000000e+00
1.970545000000000e-02 2.127510000000000e-02 0.000000000000000e+00
2.420530000000000e-02 1.598070000000000e-02 0.000000000000000e+00
2.455600000000000e-02 1.588585000000000e-02 0.000000000000000e+00
2.285135000000000e-02 1.842115000000000e-02 0.000000000000000e+00
2.277695000000000e-02 1.807705000000000e-02 0.000000000000000e+00
2.321685000000000e-02 1.839585000000000e-02 0.000000000000000e+00
2.350160000000000e-02 1.799015000000000e-02 0.000000000000000e+00
2.314245000000000e-02 1.805175000000000e-02 0.000000000000000e+00
2.394225000000000e-02 1.640120000000000e-02 0.000000000000000e+00
2.428555000000000e-02 1.632270000000000e-02 0.000000000000000e+00
2.367155000000000e-02 1.682745000000000e-02 0.000000000000000e+00
2.403890000000000e-02 1.671775000000000e-02 0.000000000000000e+00
2.374930000000000e-02 1.716270000000000e-02 0.000000000000000e+00
2.338765000000000e-02 1.725940000000000e-02 0.000000000000000e+00
2.381010000000000e-02 1.752075000000000e-02 0.000000000000000e+00
2.344845000000000e-02 1.761745000000000e-02 0.000000000000000e+00
2.411665000000000e-02 1.705300000000000e-02 0.000000000000000e+00
2.183670000000000e-02 2.060985000000000e-02 0.000000000000000e+00
2.143775000000000e-02 2.094935000000000e-02 0.000000000000000e+00
2.308930000000000e-02 1.767905000000000e-02 0.000000000000000e+00
2.177625000000000e-02 1.924085000000000e-02 0.000000000000000e+00
2.491795000000000e-02 1.578280000000000e-02 0.000000000000000e+00
2.463625000000000e-02 1.622785000000000e-02 0.000000000000000e+00
2.517310000000000e-02 1.538380000000000e-02 0.000000000000000e+00
1.879635000000000e-02 2.205805000000000e-02 0.000000000000000e+00
1.914225000000000e-02 2.183935000000000e-02 0.000000000000000e+00
1.969655000000000e-02 2.154000000000000e-02 0.000000000000000e+00
1.943560000000000e-02 2.156615000000000e-02 0.000000000000000e+00
2.218505000000000e-02 2.027950000000000e-02 0.000000000000000e+00
2.105620000000000e-02 2.124715000000000e-02 0.000000000000000e+00
2.438220000000000e-02 1.663925000000000e-02 0.000000000000000e+00
3.649979715000000e-04 2.998585000000000e-02 0.000000000000000e+00
8.543500000000001e-10 3.054865000000000e-02 0.000000000000000e+00
-3.653500000000000e-09 2.975330000000000e-02 0.000000000000000e+00
-3.649990285000000e-04 2.998585000000000e-02 0.000000000000000e+00
6.204960000000000e-03 2.975900000000000e-02 0.000000000000000e+00
6.495325000000000e-03 3.047265000000000e-02 0.000000000000000e+00
6.417725000000000e-03 2.958815000000000e-02 0.000000000000000e+00
6.622279999999999e-03 2.950925000000000e-02 0.000000000000000e+00
5.474960000000000e-03 2.978735000000000e-02 0.000000000000000e+00
5.635190000000000e-03 3.039125000000000e-02 0.000000000000000e+00
5.741050000000000e-03 2.945565000000000e-02 0.000000000000000e+00
6.052725000000000e-03 2.960235000000000e-02 0.000000000000000e+00
4.744965000000000e-03 2.981570000000000e-02 0.000000000000000e+00
5.270190000000000e-03 3.040540000000000e-02 0.000000000000000e+00
5.096005000000001e-03 2.950780000000000e-02 0.000000000000000e+00
4.014970000000001e-03 2.984405000000000e-02 0.000000000000000e+00
4.430225000000000e-03 3.048070000000000e-02 0.000000000000000e+00
4.460975000000001e-03 2.955370000000000e-02 0.000000000000000e+00
4.241865000000000e-03 2.958055000000000e-02 0.000000000000000e+00
3.284975000000000e-03 2.987240000000000e-02 0.000000000000000e+00
3.669015000000000e-03 3.049795000000000e-02 0.000000000000000e+00
3.602220000000000e-03 2.961160000000000e-02 0.000000000000000e+00
2.554980000000000e-03 2.990075000000000e-02 0.000000000000000e+00
3.011000000000000e-03 3.050070000000000e-02 0.000000000000000e+00
2.951110000000000e-03 2.964130000000000e-02 0.000000000000000e+00
1.824985000000000e-03 2.992910000000000e-02 0.000000000000000e+00
2.301455000000000e-03 3.054655000000000e-02 0.000000000000000e+00
2.313895000000000e-03 2.967155000000000e-02 0.000000000000000e+00
2.094995000000000e-03 2.967860000000000e-02 0.000000000000000e+00
1.094993500000000e-03 2.995750000000000e-02 0.000000000000000e+00
1.531515000000000e-03 3.061195000000000e-02 0.000000000000000e+00
1.465590000000000e-03 2.970005000000000e-02 0.000000000000000e+00
7.655295000000000e-04 3.063550000000000e-02 0.000000000000000e+00
6.274435000000001e-04 2.973575000000000e-02 0.000000000000000e+00
8.387514999999999e-04 2.972845000000000e-02 0.000000000000000e+00
-1.508650000000000e-09 3.170305000000000e-02 0.000000000000000e+00
4.005323828500000e-04 3.119830000000000e-02 0.000000000000000e+00
-4.005291171500000e-04 3.119830000000000e-02 0.000000000000000e+00
-4.678000000000001e-09 3.297760000000000e-02 0.000000000000000e+00
4.433406085000000e-04 3.247875000000000e-02 0.000000000000000e+00
-4.433483915000000e-04 3.247875000000000e-02 0.000000000000000e+00
-3.812500000000000e-09 3.438480000000000e-02 0.000000000000000e+00
4.694882135000000e-04 3.383430000000000e-02 0.000000000000000e+00
-4.694912865000000e-04 3.383430000000000e-02 0.000000000000000e+00
-3.147500000000000e-09 3.593850000000000e-02 0.000000000000000e+00
4.929634740000000e-04 3.532120000000000e-02 0.000000000000000e+00
-4.929660260000001e-04 3.532120000000000e-02 0.000000000000000e+00
-1.796500000000000e-09 3.765395000000001e-02 0.000000000000000e+00
5.245288785000001e-04 3.696045000000001e-02 0.000000000000000e+00
-5.245311215000000e-04 3.696045000000001e-02 0.000000000000000e+00
-1.693500000000000e-09 3.954795000000000e-02 0.000000000000000e+00
5.424443250000000e-04 3.874390000000000e-02 0.000000000000000e+00
-5.424456750000000e-04 3.874390000000000e-02 0.000000000000000e+00
1.785450000000000e-09 4.163905000000000e-02 0.000000000000000e+00
5.709439815000000e-04 4.065655000000000e-02 0.000000000000000e+00
-5.709460185000001e-04 4.065655000000000e-02 0.000000000000000e+00
6.083328039500001e-04 4.274994999999999e-02 0.000000000000000e+00
7.354500000000000e-10 4.367495000000000e-02 0.000000000000000e+00
-6.083271960500000e-04 4.274994999999999e-02 0.000000000000000e+00
5.475010000000000e-03 4.285905000000000e-02 0.000000000000000e+00
6.160189999999999e-03 4.218125000000000e-02 0.000000000000000e+00
6.606325000000000e-03 4.378420000000000e-02 0.000000000000000e+00
4.258345000000000e-03 4.283180000000000e-02 0.000000000000000e+00
4.875964999999999e-03 4.195865000000000e-02 0.000000000000000e+00
5.258805000000000e-03 4.376650000000000e-02 0.000000000000000e+00
3.041675000000000e-03 4.280455000000000e-02 0.000000000000000e+00
3.636370000000000e-03 4.171435000000000e-02 0.000000000000000e+00
3.924210000000000e-03 4.375455000000000e-02 0.000000000000000e+00
1.825000000000000e-03 4.277725000000000e-02 0.000000000000000e+00
2.385405000000000e-03 4.180205000000000e-02 0.000000000000000e+00
2.604005000000000e-03 4.372775000000000e-02 0.000000000000000e+00
1.179275000000000e-03 4.176745000000000e-02 0.000000000000000e+00
1.296300000000000e-03 4.370145000000000e-02 0.000000000000000e+00
4.084270000000000e-03 3.113460000000000e-02 0.000000000000000e+00
3.395040000000000e-03 3.112625000000000e-02 0.000000000000000e+00
3.589395000000000e-03 3.170885000000000e-02 0.000000000000000e+00
5.925555000000000e-03 3.110490000000000e-02 0.000000000000000e+00
6.389195000000000e-03 3.200210000000000e-02 0.000000000000000e+00
4.955450000000000e-03 3.107040000000000e-02 0.000000000000000e+00
5.410900000000000e-03 3.177370000000000e-02 0.000000000000000e+00
4.461905000000000e-03 3.184795000000000e-02 0.000000000000000e+00
2.757475000000000e-03 3.114650000000000e-02 0.000000000000000e+00
3.296375000000000e-03 3.169740000000000e-02 0.000000000000000e+00
2.007985000000000e-03 3.122940000000000e-02 0.000000000000000e+00
2.525670000000000e-03 3.186940000000000e-02 0.000000000000000e+00
1.202051000000000e-03 3.128995000000000e-02 0.000000000000000e+00
1.691270000000000e-03 3.199210000000000e-02 0.000000000000000e+00
8.438745000000001e-04 3.197400000000000e-02 0.000000000000000e+00
5.874540000000000e-03 3.267090000000000e-02 0.000000000000000e+00
6.341845000000000e-03 3.363180000000000e-02 0.000000000000000e+00
4.917355000000000e-03 3.255125000000000e-02 0.000000000000000e+00
5.367985000000000e-03 3.333620000000000e-02 0.000000000000000e+00
3.967030000000000e-03 3.242220000000000e-02 0.000000000000000e+00
4.414945000000000e-03 3.326945000000000e-02 0.000000000000000e+00
3.064570000000000e-03 3.242030000000000e-02 0.000000000000000e+00
3.479495000000000e-03 3.300090000000000e-02 0.000000000000000e+00
2.208955000000000e-03 3.263210000000000e-02 0.000000000000000e+00
2.720205000000000e-03 3.321415000000000e-02 0.000000000000000e+00
1.333093500000000e-03 3.267615000000000e-02 0.000000000000000e+00
1.852270000000000e-03 3.338200000000000e-02 0.000000000000000e+00
9.128335000000000e-04 3.333545000000000e-02 0.000000000000000e+00
3.927410000000000e-03 3.384815000000000e-02 0.000000000000000e+00
3.135130000000000e-03 3.379475000000000e-02 0.000000000000000e+00
3.309595000000000e-03 3.441540000000000e-02 0.000000000000000e+00
5.835290000000000e-03 3.429710000000000e-02 0.000000000000000e+00
6.318064999999999e-03 3.521400000000000e-02 0.000000000000000e+00
4.865575000000000e-03 3.405440000000000e-02 0.000000000000000e+00
5.292155000000000e-03 3.488085000000000e-02 0.000000000000000e+00
4.299200000000000e-03 3.477180000000000e-02 0.000000000000000e+00
2.363520000000000e-03 3.396405000000000e-02 0.000000000000000e+00
2.976465000000000e-03 3.448835000000000e-02 0.000000000000000e+00
1.432010000000000e-03 3.404130000000000e-02 0.000000000000000e+00
1.976530000000000e-03 3.480735000000000e-02 0.000000000000000e+00
9.624555000000000e-04 3.477070000000000e-02 0.000000000000000e+00
5.774929999999999e-03 3.579775000000000e-02 0.000000000000000e+00
6.288235000000000e-03 3.693720000000000e-02 0.000000000000000e+00
4.725780000000000e-03 3.559825000000000e-02 0.000000000000000e+00
5.187295000000000e-03 3.652625000000000e-02 0.000000000000000e+00
3.681385000000000e-03 3.533905000000000e-02 0.000000000000000e+00
4.163264999999999e-03 3.641550000000000e-02 0.000000000000000e+00
2.589475000000000e-03 3.533165000000000e-02 0.000000000000000e+00
3.140110000000000e-03 3.605380000000000e-02 0.000000000000000e+00
1.506975500000000e-03 3.553675000000000e-02 0.000000000000000e+00
2.071030000000000e-03 3.641605000000000e-02 0.000000000000000e+00
1.017495500000000e-03 3.634315000000000e-02 0.000000000000000e+00
5.700600000000000e-03 3.766570000000000e-02 0.000000000000000e+00
6.250890000000000e-03 3.879920000000000e-02 0.000000000000000e+00
4.624780000000000e-03 3.734350000000000e-02 0.000000000000000e+00
5.087815000000000e-03 3.833280000000000e-02 0.000000000000000e+00
3.621990000000000e-03 3.713025000000000e-02 0.000000000000000e+00
4.069625000000000e-03 3.814480000000000e-02 0.000000000000000e+00
2.621665000000000e-03 3.713820000000000e-02 0.000000000000000e+00
3.192295000000000e-03 3.797835000000000e-02 0.000000000000000e+00
1.581550000000000e-03 3.722245000000000e-02 0.000000000000000e+00
2.160155000000000e-03 3.814565000000000e-02 0.000000000000000e+00
1.066975000000000e-03 3.805040000000000e-02 0.000000000000000e+00
4.532660000000000e-03 3.913410000000000e-02 0.000000000000000e+00
3.639930000000000e-03 3.899290000000000e-02 0.000000000000000e+00
3.823645000000000e-03 3.981910000000000e-02 0.000000000000000e+00
5.638105000000000e-03 3.946630000000000e-02 0.000000000000000e+00
6.236245000000000e-03 4.059095000000000e-02 0.000000000000000e+00
4.963005000000000e-03 4.015620000000000e-02 0.000000000000000e+00
2.730785000000000e-03 3.898580000000000e-02 0.000000000000000e+00
3.439015000000000e-03 3.978430000000000e-02 0.000000000000000e+00
1.645580000000000e-03 3.897360000000000e-02 0.000000000000000e+00
2.271870000000000e-03 3.991335000000000e-02 0.000000000000000e+00
1.113390000000000e-03 3.985250000000000e-02 0.000000000000000e+00
5.561145000000000e-03 4.128085000000000e-02 0.000000000000000e+00
4.253990000000000e-03 4.084120000000000e-02 0.000000000000000e+00
2.980100000000000e-03 4.071185000000000e-02 0.000000000000000e+00
1.739680000000000e-03 4.079225000000000e-02 0.000000000000000e+00
-4.679500000000001e-09 4.555225000000000e-02 0.000000000000000e+00
6.879679315000000e-04 4.462645000000000e-02 0.000000000000000e+00
-6.879720685000000e-04 4.462645000000000e-02 0.000000000000000e+00
-3.264500000000000e-09 4.742955000000000e-02 0.000000000000000e+00
7.782323890000000e-04 4.650210000000000e-02 0.000000000000000e+00
-7.782376109999999e-04 4.650210000000000e-02 0.000000000000000e+00
-1.849500000000000e-09 4.930685000000000e-02 0.000000000000000e+00
8.578693465000001e-04 4.837720000000000e-02 0.000000000000000e+00
-8.578706535000000e-04 4.837720000000000e-02 0.000000000000000e+00
-4.347000000000000e-10 5.118410000000000e-02 0.000000000000000e+00
9.268738040000000e-04 5.025240000000000e-02 0.000000000000000e+00
-9.268761960000000e-04 5.025240000000000e-02 0.000000000000000e+00
1.006505761300000e-03 5.212650000000000e-02 0.000000000000000e+00
-1.006504238700000e-03 5.212650000000000e-02 0.000000000000000e+00
2.461835000000000e-02 4.717855000000000e-02 0.000000000000000e+00
2.404550000000000e-02 4.849435000000000e-02 0.000000000000000e+00
2.369725000000000e-02 4.553765000000000e-02 0.000000000000000e+00
2.313040000000000e-02 4.681140000000000e-02 0.000000000000000e+00
2.274955000000000e-02 4.393795000000000e-02 0.000000000000000e+00
2.219975000000000e-02 4.517250000000000e-02 0.000000000000000e+00
2.179625000000000e-02 4.238220000000000e-02 0.000000000000000e+00
2.123055000000000e-02 4.360130000000000e-02 0.000000000000000e+00
2.025800000000000e-02 4.209090000000000e-02 0.000000000000000e+00
2.255755000000000e-02 4.812719999999999e-02 0.000000000000000e+00
2.196845000000000e-02 4.942465000000000e-02 0.000000000000000e+00
2.163290000000000e-02 4.644625000000000e-02 0.000000000000000e+00
2.105750000000000e-02 4.768994999999999e-02 0.000000000000000e+00
2.068075000000000e-02 4.483585000000000e-02 0.000000000000000e+00
2.013240000000000e-02 4.601535000000000e-02 0.000000000000000e+00
1.969230000000000e-02 4.331000000000000e-02 0.000000000000000e+00
1.914905000000000e-02 4.444579999999999e-02 0.000000000000000e+00
1.806560000000000e-02 4.301220000000000e-02 0.000000000000000e+00
2.046840000000000e-02 4.898740000000000e-02 0.000000000000000e+00
1.985785000000000e-02 5.025834999999999e-02 0.000000000000000e+00
1.955700000000000e-02 4.725905000000000e-02 0.000000000000000e+00
1.897385000000000e-02 4.846165000000000e-02 0.000000000000000e+00
1.860070000000000e-02 4.562529999999999e-02 0.000000000000000e+00
1.805110000000000e-02 4.675615000000000e-02 0.000000000000000e+00
1.752235000000000e-02 4.414800000000000e-02 0.000000000000000e+00
1.704000000000000e-02 4.519160000000000e-02 0.000000000000000e+00
1.583865000000000e-02 4.385115000000001e-02 0.000000000000000e+00
1.836330000000000e-02 4.973260000000000e-02 0.000000000000000e+00
1.772485000000000e-02 5.098374999999999e-02 0.000000000000000e+00
1.746795000000000e-02 4.795875000000000e-02 0.000000000000000e+00
1.687755000000000e-02 4.911440000000000e-02 0.000000000000000e+00
1.649040000000000e-02 4.632245000000000e-02 0.000000000000000e+00
1.595470000000000e-02 4.735685000000001e-02 0.000000000000000e+00
1.535630000000000e-02 4.489475000000000e-02 0.000000000000000e+00
1.493200000000000e-02 4.575470000000000e-02 0.000000000000000e+00
1.374960000000000e-02 4.431615000000000e-02 0.000000000000000e+00
1.623910000000000e-02 5.036555000000000e-02 0.000000000000000e+00
1.558590000000000e-02 5.157175000000000e-02 0.000000000000000e+00
1.536430000000000e-02 4.851250000000000e-02 0.000000000000000e+00
1.477545000000000e-02 4.963270000000000e-02 0.000000000000000e+00
1.439630000000000e-02 4.678910000000000e-02 0.000000000000000e+00
1.386820000000000e-02 4.778285000000000e-02 0.000000000000000e+00
1.332530000000000e-02 4.517610000000000e-02 0.000000000000000e+00
1.284170000000000e-02 4.608365000000000e-02 0.000000000000000e+00
1.168140000000000e-02 4.447595000000000e-02 0.000000000000000e+00
1.412225000000000e-02 5.083890000000000e-02 0.000000000000000e+00
1.344700000000000e-02 5.191555000000000e-02 0.000000000000000e+00
1.327935000000000e-02 4.890305000000000e-02 0.000000000000000e+00
1.269440000000000e-02 4.995970000000000e-02 0.000000000000000e+00
1.231360000000000e-02 4.707740000000001e-02 0.000000000000000e+00
1.183615000000000e-02 4.806090000000000e-02 0.000000000000000e+00
1.119780000000000e-02 4.538350000000000e-02 0.000000000000000e+00
1.081535000000000e-02 4.629035000000000e-02 0.000000000000000e+00
9.567675000000001e-03 4.463805000000000e-02 0.000000000000000e+00
1.201915000000000e-02 5.103635000000000e-02 0.000000000000000e+00
1.132350000000000e-02 5.203920000000000e-02 0.000000000000000e+00
1.125120000000000e-02 4.911755000000000e-02 0.000000000000000e+00
1.065252500000000e-02 5.011440000000000e-02 0.000000000000000e+00
1.033790000000000e-02 4.727385000000000e-02 0.000000000000000e+00
9.882169999999999e-03 4.823695000000000e-02 0.000000000000000e+00
9.185225000000000e-03 4.554490000000000e-02 0.000000000000000e+00
8.964705000000000e-03 4.643105000000000e-02 0.000000000000000e+00
7.831580000000001e-03 4.470380000000000e-02 0.000000000000000e+00
9.956875000000000e-03 5.111725000000000e-02 0.000000000000000e+00
9.229805000000001e-03 5.209230000000000e-02 0.000000000000000e+00
9.283494999999999e-03 4.923380000000000e-02 0.000000000000000e+00
8.645190000000001e-03 5.019450000000000e-02 0.000000000000000e+00
8.508975000000000e-03 4.739415000000000e-02 0.000000000000000e+00
7.995205000000000e-03 4.833560000000001e-02 0.000000000000000e+00
7.611060000000000e-03 4.558995000000000e-02 0.000000000000000e+00
7.242790000000001e-03 4.650450000000000e-02 0.000000000000000e+00
6.390120000000000e-03 4.469165000000000e-02 0.000000000000000e+00
7.918120000000001e-03 5.116955000000000e-02 0.000000000000000e+00
7.152905000000000e-03 5.212590000000000e-02 0.000000000000000e+00
7.356900000000000e-03 4.929630000000000e-02 0.000000000000000e+00
6.668775000000000e-03 5.024655000000000e-02 0.000000000000000e+00
6.729020000000000e-03 4.744595000000000e-02 0.000000000000000e+00
6.159795000000000e-03 4.838255000000000e-02 0.000000000000000e+00
6.021850000000000e-03 4.560620000000000e-02 0.000000000000000e+00
5.561770000000000e-03 4.653330000000000e-02 0.000000000000000e+00
4.924670000000000e-03 4.468925000000000e-02 0.000000000000000e+00
5.903560000000000e-03 5.120290000000000e-02 0.000000000000000e+00
5.094069999999999e-03 5.214340000000001e-02 0.000000000000000e+00
5.471670000000000e-03 4.933280000000000e-02 0.000000000000000e+00
4.728240000000000e-03 5.027475000000000e-02 0.000000000000000e+00
4.992544999999999e-03 4.746990000000000e-02 0.000000000000000e+00
4.363560000000000e-03 4.840419999999999e-02 0.000000000000000e+00
4.464589999999999e-03 4.561635000000000e-02 0.000000000000000e+00
3.924080000000000e-03 4.653920000000000e-02 0.000000000000000e+00
3.486540000000000e-03 4.467775000000000e-02 0.000000000000000e+00
3.918749999999999e-03 5.121525000000000e-02 0.000000000000000e+00
3.041525000000000e-03 5.213945000000000e-02 0.000000000000000e+00
3.620130000000000e-03 4.934615000000000e-02 0.000000000000000e+00
2.810605000000000e-03 5.027060000000000e-02 0.000000000000000e+00
3.295095000000000e-03 4.747350000000000e-02 0.000000000000000e+00
2.594270000000000e-03 4.839830000000000e-02 0.000000000000000e+00
2.946030000000000e-03 4.560060000000000e-02 0.000000000000000e+00
2.336930000000000e-03 4.652495000000000e-02 0.000000000000000e+00
2.075305000000000e-03 4.465195000000000e-02 0.000000000000000e+00
1.933380000000000e-03 5.119480000000000e-02 0.000000000000000e+00
1.784745000000000e-03 4.932275000000000e-02 0.000000000000000e+00
1.636105000000000e-03 4.744975000000000e-02 0.000000000000000e+00
1.466205000000000e-03 4.557630000000000e-02 0.000000000000000e+00
-1.814840000000000e-09 2.838985000000000e-02 0.000000000000000e+00
2.461718430000000e-04 2.825225000000000e-02 0.000000000000000e+00
-2.461756570000000e-04 2.825225000000000e-02 0.000000000000000e+00
2.489983421600000e-04 2.851085000000000e-02 0.000000000000000e+00
-1.049340000000000e-09 2.876650000000000e-02 0.000000000000000e+00
-2.489966578400000e-04 2.851085000000000e-02 0.000000000000000e+00
1.183600000000000e-02 2.597800000000000e-02 0.000000000000000e+00
1.199840000000000e-02 2.576280000000000e-02 0.000000000000000e+00
1.137140000000000e-02 2.615820000000000e-02 0.000000000000000e+00
1.153880000000000e-02 2.594750000000000e-02 0.000000000000000e+00
1.090680000000000e-02 2.633835000000000e-02 0.000000000000000e+00
1.107865000000000e-02 2.613105000000000e-02 0.000000000000000e+00
1.044220000000000e-02 2.651850000000000e-02 0.000000000000000e+00
1.061785000000000e-02 2.631300000000000e-02 0.000000000000000e+00
9.977610000000000e-03 2.669870000000000e-02 0.000000000000000e+00
1.015635000000000e-02 2.649320000000000e-02 0.000000000000000e+00
1.021370000000000e-02 2.681205000000000e-02 0.000000000000000e+00
9.513025000000000e-03 2.687890000000000e-02 0.000000000000000e+00
9.694109999999999e-03 2.667140000000000e-02 0.000000000000000e+00
9.805495000000001e-03 2.700770000000000e-02 0.000000000000000e+00
9.048424999999999e-03 2.705910000000000e-02 0.000000000000000e+00
9.231074999999998e-03 2.684755000000000e-02 0.000000000000000e+00
9.412205000000000e-03 2.717835000000000e-02 0.000000000000000e+00
8.583819999999999e-03 2.723930000000000e-02 0.000000000000000e+00
8.767185000000000e-03 2.702115000000000e-02 0.000000000000000e+00
8.796624999999999e-03 2.738590000000000e-02 0.000000000000000e+00
8.978520000000000e-03 2.737810000000000e-02 0.000000000000000e+00
8.114400000000001e-03 2.740310000000000e-02 0.000000000000000e+00
8.301780000000000e-03 2.718990000000000e-02 0.000000000000000e+00
8.359264999999999e-03 2.755640000000000e-02 0.000000000000000e+00
7.633220000000000e-03 2.752695000000000e-02 0.000000000000000e+00
7.829200000000000e-03 2.733430000000000e-02 0.000000000000000e+00
7.899130000000001e-03 2.769745000000000e-02 0.000000000000000e+00
7.145100000000000e-03 2.762725000000000e-02 0.000000000000000e+00
7.347130000000000e-03 2.744645000000000e-02 0.000000000000000e+00
7.424505000000000e-03 2.780695000000000e-02 0.000000000000000e+00
6.656980000000000e-03 2.772755000000000e-02 0.000000000000000e+00
6.863200000000000e-03 2.755205000000000e-02 0.000000000000000e+00
6.942459999999999e-03 2.792110000000000e-02 0.000000000000000e+00
6.168860000000000e-03 2.782785000000000e-02 0.000000000000000e+00
6.378740000000000e-03 2.765560000000000e-02 0.000000000000000e+00
6.456845000000000e-03 2.803010000000000e-02 0.000000000000000e+00
5.680740000000000e-03 2.792815000000000e-02 0.000000000000000e+00
5.893795000000000e-03 2.775700000000000e-02 0.000000000000000e+00
5.972275000000000e-03 2.814360000000000e-02 0.000000000000000e+00
5.192620000000000e-03 2.802845000000000e-02 0.000000000000000e+00
5.408405000000000e-03 2.785625000000000e-02 0.000000000000000e+00
5.483380000000000e-03 2.826375000000000e-02 0.000000000000000e+00
4.704495000000000e-03 2.812875000000000e-02 0.000000000000000e+00
4.922605000000000e-03 2.795340000000000e-02 0.000000000000000e+00
4.983500000000000e-03 2.835970000000000e-02 0.000000000000000e+00
4.216375000000000e-03 2.822905000000000e-02 0.000000000000000e+00
4.436415000000000e-03 2.804830000000000e-02 0.000000000000000e+00
4.486739999999999e-03 2.845110000000000e-02 0.000000000000000e+00
3.728255000000000e-03 2.832935000000000e-02 0.000000000000000e+00
3.949820000000000e-03 2.814040000000000e-02 0.000000000000000e+00
3.996339999999999e-03 2.854190000000000e-02 0.000000000000000e+00
3.236090000000000e-03 2.839595000000000e-02 0.000000000000000e+00
3.462330000000000e-03 2.822535000000000e-02 0.000000000000000e+00
3.497790000000000e-03 2.862295000000000e-02 0.000000000000000e+00
2.738990000000000e-03 2.842135000000000e-02 0.000000000000000e+00
2.969810000000000e-03 2.826835000000000e-02 0.000000000000000e+00
2.991545000000000e-03 2.865700000000000e-02 0.000000000000000e+00
2.240990000000000e-03 2.843925000000000e-02 0.000000000000000e+00
2.475285000000000e-03 2.829425000000000e-02 0.000000000000000e+00
2.484650000000000e-03 2.867820000000000e-02 0.000000000000000e+00
1.742990000000000e-03 2.845715000000000e-02 0.000000000000000e+00
1.980415000000000e-03 2.831670000000000e-02 0.000000000000000e+00
1.989075000000000e-03 2.869620000000000e-02 0.000000000000000e+00
1.244990500000000e-03 2.847505000000000e-02 0.000000000000000e+00
1.485415000000000e-03 2.833715000000000e-02 0.000000000000000e+00
1.490975000000000e-03 2.871365000000000e-02 0.000000000000000e+00
7.469935000000000e-04 2.849295000000000e-02 0.000000000000000e+00
9.903225000000000e-04 2.835590000000000e-02 0.000000000000000e+00
9.923405000000001e-04 2.873420000000000e-02 0.000000000000000e+00
4.951720000000000e-04 2.837325000000000e-02 0.000000000000000e+00
4.983645000000000e-04 2.875150000000000e-02 0.000000000000000e+00
7.385009999999999e-04 2.823620000000000e-02 0.000000000000000e+00
1.230747000000000e-03 2.821800000000000e-02 0.000000000000000e+00
1.722840000000000e-03 2.819670000000000e-02 0.000000000000000e+00
2.214710000000000e-03 2.817170000000000e-02 0.000000000000000e+00
2.706105000000000e-03 2.814125000000000e-02 0.000000000000000e+00
3.196050000000000e-03 2.809775000000000e-02 0.000000000000000e+00
3.683895000000000e-03 2.803640000000000e-02 0.000000000000000e+00
4.169860000000000e-03 2.795965000000000e-02 0.000000000000000e+00
4.654525000000000e-03 2.787295000000000e-02 0.000000000000000e+00
5.138390000000000e-03 2.778120000000000e-02 0.000000000000000e+00
5.621460000000000e-03 2.768510000000000e-02 0.000000000000000e+00
6.103674999999999e-03 2.758475000000000e-02 0.000000000000000e+00
6.584960000000000e-03 2.748010000000000e-02 0.000000000000000e+00
7.065230000000000e-03 2.737125000000000e-02 0.000000000000000e+00
7.543110000000000e-03 2.725380000000000e-02 0.000000000000000e+00
8.016580000000001e-03 2.712110000000000e-02 0.000000000000000e+00
8.485144999999999e-03 2.697175000000000e-02 0.000000000000000e+00
8.949835000000000e-03 2.680960000000000e-02 0.000000000000000e+00
9.412159999999999e-03 2.664005000000000e-02 0.000000000000000e+00
9.872849999999999e-03 2.646590000000000e-02 0.000000000000000e+00
1.033200000000000e-02 2.628770000000000e-02 0.000000000000000e+00
1.078970000000000e-02 2.610570000000000e-02 0.000000000000000e+00
1.124605000000000e-02 2.592035000000000e-02 0.000000000000000e+00
1.170120000000000e-02 2.573230000000000e-02 0.000000000000000e+00
-4.516499999999999e-09 2.925990000000000e-02 0.000000000000000e+00
2.624418750000000e-04 2.950320000000000e-02 0.000000000000000e+00
-2.624501250000000e-04 2.950320000000000e-02 0.000000000000000e+00
2.493651085000000e-04 2.900715000000000e-02 0.000000000000000e+00
-2.493668915000000e-04 2.900715000000000e-02 0.000000000000000e+00
1.004158500000000e-02 2.712105000000000e-02 0.000000000000000e+00
8.221255000000000e-03 2.830280000000000e-02 0.000000000000000e+00
8.407194999999999e-03 2.801320000000000e-02 0.000000000000000e+00
8.641039999999999e-03 2.813795000000000e-02 0.000000000000000e+00
5.362095000000001e-03 2.917610000000000e-02 0.000000000000000e+00
5.050245000000000e-03 2.892745000000000e-02 0.000000000000000e+00
4.812015000000000e-03 2.924580000000000e-02 0.000000000000000e+00
6.548770000000001e-03 2.853245000000000e-02 0.000000000000000e+00
6.742325000000000e-03 2.822365000000000e-02 0.000000000000000e+00
6.260260000000000e-03 2.834585000000000e-02 0.000000000000000e+00
7.307950000000001e-03 2.857365000000000e-02 0.000000000000000e+00
6.835325000000000e-03 2.871860000000000e-02 0.000000000000000e+00
7.028880000000000e-03 2.840980000000000e-02 0.000000000000000e+00
7.129935000000000e-03 2.890665000000000e-02 0.000000000000000e+00
7.958054999999999e-03 2.814035000000000e-02 0.000000000000000e+00
7.690414999999999e-03 2.797745000000000e-02 0.000000000000000e+00
8.143994999999999e-03 2.785075000000000e-02 0.000000000000000e+00
7.768575000000000e-03 2.842755000000000e-02 0.000000000000000e+00
8.039250000000000e-03 2.857900000000000e-02 0.000000000000000e+00
7.500935000000000e-03 2.826465000000000e-02 0.000000000000000e+00
7.601805000000000e-03 2.870730000000000e-02 0.000000000000000e+00
5.884265000000000e-03 2.903750000000000e-02 0.000000000000000e+00
5.586110000000000e-03 2.884365000000000e-02 0.000000000000000e+00
6.361580000000000e-03 2.885965000000000e-02 0.000000000000000e+00
6.073070000000000e-03 2.867305000000000e-02 0.000000000000000e+00
6.195940000000000e-03 2.918420000000000e-02 0.000000000000000e+00
6.635685000000001e-03 2.902805000000000e-02 0.000000000000000e+00
7.437114999999999e-04 2.899275000000000e-02 0.000000000000000e+00
5.118115000000000e-04 2.925045000000000e-02 0.000000000000000e+00
1.238325000000000e-03 2.897280000000000e-02 0.000000000000000e+00
9.680979999999999e-04 2.923480000000000e-02 0.000000000000000e+00
4.765745000000000e-03 2.868205000000000e-02 0.000000000000000e+00
5.274259999999999e-03 2.859500000000000e-02 0.000000000000000e+00
7.221864999999999e-03 2.810080000000000e-02 0.000000000000000e+00
8.572069999999999e-03 2.770300000000000e-02 0.000000000000000e+00
1.737060000000000e-03 2.895270000000000e-02 0.000000000000000e+00
1.479575000000000e-03 2.920900000000000e-02 0.000000000000000e+00
4.527515000000000e-03 2.900040000000000e-02 0.000000000000000e+00
4.266705000000000e-03 2.876395000000000e-02 0.000000000000000e+00
4.322869999999999e-03 2.930435000000000e-02 0.000000000000000e+00
3.829115000000000e-03 2.934810000000000e-02 0.000000000000000e+00
4.062059999999999e-03 2.906790000000000e-02 0.000000000000000e+00
2.232735000000000e-03 2.893515000000000e-02 0.000000000000000e+00
1.993085000000000e-03 2.919325000000000e-02 0.000000000000000e+00
2.737205000000000e-03 2.891385000000000e-02 0.000000000000000e+00
2.458560000000000e-03 2.917715000000000e-02 0.000000000000000e+00
2.988670000000000e-03 2.914880000000000e-02 0.000000000000000e+00
3.253245000000000e-03 2.888400000000000e-02 0.000000000000000e+00
3.268355000000000e-03 2.938050000000000e-02 0.000000000000000e+00
3.532930000000000e-03 2.911570000000000e-02 0.000000000000000e+00
2.710025000000000e-03 2.941210000000000e-02 0.000000000000000e+00
6.930295000000000e-03 2.921610000000000e-02 0.000000000000000e+00
7.423790000000000e-03 2.904030000000000e-02 0.000000000000000e+00
3.765875000000000e-03 2.883550000000000e-02 0.000000000000000e+00
5.774915000000000e-03 2.847920000000000e-02 0.000000000000000e+00
1.209348000000000e-03 2.947100000000000e-02 0.000000000000000e+00
1.735600000000000e-03 2.944955000000000e-02 0.000000000000000e+00
7.361980000000000e-04 2.949250000000000e-02 0.000000000000000e+00
9.704674999999999e-03 2.730715000000000e-02 0.000000000000000e+00
9.342300000000001e-03 2.749735000000000e-02 0.000000000000000e+00
8.805914999999999e-03 2.782775000000000e-02 0.000000000000000e+00
8.959024999999999e-03 2.761480000000000e-02 0.000000000000000e+00
6.470045000000001e-03 2.935260000000000e-02 0.000000000000000e+00
7.872479999999999e-03 2.885875000000000e-02 0.000000000000000e+00
2.218910000000000e-03 2.943525000000000e-02 0.000000000000000e+00
-6.204960000000000e-03 2.975900000000000e-02 0.000000000000000e+00
-6.495325000000000e-03 3.047265000000000e-02 0.000000000000000e+00
-6.417725000000000e-03 2.958815000000000e-02 0.000000000000000e+00
-6.622279999999999e-03 2.950925000000000e-02 0.000000000000000e+00
-5.474960000000000e-03 2.978735000000000e-02 0.000000000000000e+00
-5.635190000000000e-03 3.039125000000000e-02 0.000000000000000e+00
-5.741050000000000e-03 2.945565000000000e-02 0.000000000000000e+00
-6.052725000000000e-03 2.960235000000000e-02 0.000000000000000e+00
-4.744959999999999e-03 2.981570000000000e-02 0.000000000000000e+00
-5.270190000000000e-03 3.040540000000000e-02 0.000000000000000e+00
-5.096005000000001e-03 2.950780000000000e-02 0.000000000000000e+00
-4.014965000000000e-03 2.984405000000000e-02 0.000000000000000e+00
-4.430224999999999e-03 3.048070000000000e-02 0.000000000000000e+00
-4.460965000000000e-03 2.955370000000000e-02 0.000000000000000e+00
-4.241860000000000e-03 2.958055000000000e-02 0.000000000000000e+00
-3.284975000000000e-03 2.987240000000000e-02 0.000000000000000e+00
-3.669015000000000e-03 3.049795000000000e-02 0.000000000000000e+00
-3.602220000000000e-03 2.961160000000000e-02 0.000000000000000e+00
-2.554980000000000e-03 2.990075000000000e-02 0.000000000000000e+00
-3.011000000000000e-03 3.050070000000000e-02 0.000000000000000e+00
-2.951110000000000e-03 2.964130000000000e-02 0.000000000000000e+00
-1.824985000000000e-03 2.992910000000000e-02 0.000000000000000e+00
-2.301450000000000e-03 3.054655000000000e-02 0.000000000000000e+00
-2.313895000000000e-03 2.967155000000000e-02 0.000000000000000e+00
-2.094995000000000e-03 2.967860000000000e-02 0.000000000000000e+00
-1.094993500000000e-03 2.995750000000000e-02 0.000000000000000e+00
-1.531515000000000e-03 3.061195000000000e-02 0.000000000000000e+00
-1.465590000000000e-03 2.970005000000000e-02 0.000000000000000e+00
-7.655290000000000e-04 3.063550000000000e-02 0.000000000000000e+00
-6.274455000000001e-04 2.973575000000000e-02 0.000000000000000e+00
-8.387535000000000e-04 2.972845000000000e-02 0.000000000000000e+00
-5.475010000000000e-03 4.285905000000000e-02 0.000000000000000e+00
-6.160189999999999e-03 4.218125000000000e-02 0.000000000000000e+00
-6.606325000000000e-03 4.378420000000000e-02 0.000000000000000e+00
-4.258345000000000e-03 4.283180000000000e-02 0.000000000000000e+00
-4.875970000000000e-03 4.195865000000000e-02 0.000000000000000e+00
-5.258805000000000e-03 4.376650000000000e-02 0.000000000000000e+00
-3.041675000000000e-03 4.280455000000000e-02 0.000000000000000e+00
-3.636370000000000e-03 4.171435000000000e-02 0.000000000000000e+00
-3.924210000000000e-03 4.375455000000000e-02 0.000000000000000e+00
-1.825000000000000e-03 4.277725000000000e-02 0.000000000000000e+00
-2.385405000000000e-03 4.180205000000000e-02 0.000000000000000e+00
-2.604005000000000e-03 4.372775000000000e-02 0.000000000000000e+00
-1.179275000000000e-03 4.176745000000000e-02 0.000000000000000e+00
-1.296300000000000e-03 4.370145000000000e-02 0.000000000000000e+00
-4.084275000000000e-03 3.113460000000000e-02 0.000000000000000e+00
-3.395040000000000e-03 3.112625000000000e-02 0.000000000000000e+00
-3.589395000000000e-03 3.170885000000000e-02 0.000000000000000e+00
-5.925555000000000e-03 3.110490000000000e-02 0.000000000000000e+00
-6.389195000000000e-03 3.200210000000000e-02 0.000000000000000e+00
-4.955455000000000e-03 3.107040000000000e-02 0.000000000000000e+00
-5.410900000000000e-03 3.177370000000000e-02 0.000000000000000e+00
-4.461909999999999e-03 3.184795000000000e-02 0.000000000000000e+00
-2.757470000000000e-03 3.114650000000000e-02 0.000000000000000e+00
-3.296375000000000e-03 3.169740000000000e-02 0.000000000000000e+00
-2.007980000000000e-03 3.122940000000000e-02 0.000000000000000e+00
-2.525665000000000e-03 3.186940000000000e-02 0.000000000000000e+00
-1.202050500000000e-03 3.128995000000000e-02 0.000000000000000e+00
-1.691270000000000e-03 3.199210000000000e-02 0.000000000000000e+00
-8.438760000000000e-04 3.197400000000000e-02 0.000000000000000e+00
-5.874540000000000e-03 3.267090000000000e-02 0.000000000000000e+00
-6.341845000000000e-03 3.363180000000000e-02 0.000000000000000e+00
-4.917355000000000e-03 3.255125000000000e-02 0.000000000000000e+00
-5.367990000000000e-03 3.333620000000000e-02 0.000000000000000e+00
-3.967030000000000e-03 3.242220000000000e-02 0.000000000000000e+00
-4.414945000000000e-03 3.326945000000000e-02 0.000000000000000e+00
-3.064570000000000e-03 3.242030000000000e-02 0.000000000000000e+00
-3.479495000000000e-03 3.300090000000000e-02 0.000000000000000e+00
-2.208955000000000e-03 3.263210000000000e-02 0.000000000000000e+00
-2.720205000000000e-03 3.321415000000000e-02 0.000000000000000e+00
-1.333095500000000e-03 3.267615000000000e-02 0.000000000000000e+00
-1.852265000000000e-03 3.338200000000000e-02 0.000000000000000e+00
-9.128350000000001e-04 3.333545000000000e-02 0.000000000000000e+00
-3.927410000000000e-03 3.384815000000000e-02 0.000000000000000e+00
-3.135130000000000e-03 3.379475000000000e-02 0.000000000000000e+00
-3.309590000000000e-03 3.441540000000000e-02 0.000000000000000e+00
-5.835295000000000e-03 3.429710000000000e-02 0.000000000000000e+00
-6.318064999999999e-03 3.521400000000000e-02 0.000000000000000e+00
-4.865580000000000e-03 3.405440000000000e-02 0.000000000000000e+00
-5.292160000000000e-03 3.488085000000000e-02 0.000000000000000e+00
-4.299200000000000e-03 3.477180000000000e-02 0.000000000000000e+00
-2.363515000000000e-03 3.396405000000000e-02 0.000000000000000e+00
-2.976460000000000e-03 3.448835000000000e-02 0.000000000000000e+00
-1.432004500000000e-03 3.404130000000000e-02 0.000000000000000e+00
-1.976525000000000e-03 3.480735000000000e-02 0.000000000000000e+00
-9.624535000000000e-04 3.477070000000000e-02 0.000000000000000e+00
-5.774929999999999e-03 3.579775000000000e-02 0.000000000000000e+00
-6.288235000000000e-03 3.693720000000000e-02 0.000000000000000e+00
-4.725780000000000e-03 3.559825000000000e-02 0.000000000000000e+00
-5.187295000000000e-03 3.652625000000000e-02 0.000000000000000e+00
-3.681380000000000e-03 3.533905000000000e-02 0.000000000000000e+00
-4.163264999999999e-03 3.641550000000000e-02 0.000000000000000e+00
-2.589470000000000e-03 3.533165000000000e-02 0.000000000000000e+00
-3.140105000000000e-03 3.605380000000000e-02 0.000000000000000e+00
-1.506974000000000e-03 3.553675000000000e-02 0.000000000000000e+00
-2.071030000000000e-03 3.641605000000000e-02 0.000000000000000e+00
-1.017494000000000e-03 3.634315000000000e-02 0.000000000000000e+00
-5.700600000000000e-03 3.766570000000000e-02 0.000000000000000e+00
-6.250890000000000e-03 3.879920000000000e-02 0.000000000000000e+00
-4.624780000000000e-03 3.734350000000000e-02 0.000000000000000e+00
-5.087815000000000e-03 3.833280000000000e-02 0.000000000000000e+00
-3.621990000000000e-03 3.713025000000000e-02 0.000000000000000e+00
-4.069625000000000e-03 3.814480000000000e-02 0.000000000000000e+00
-2.621665000000000e-03 3.713820000000000e-02 0.000000000000000e+00
-3.192295000000000e-03 3.797835000000000e-02 0.000000000000000e+00
-1.581550000000000e-03 3.722245000000000e-02 0.000000000000000e+00
-2.160155000000000e-03 3.814565000000000e-02 0.000000000000000e+00
-1.066975000000000e-03 3.805040000000000e-02 0.000000000000000e+00
-4.532660000000000e-03 3.913410000000000e-02 0.000000000000000e+00
-3.639930000000000e-03 3.899290000000000e-02 0.000000000000000e+00
-3.823645000000000e-03 3.981910000000000e-02 0.000000000000000e+00
-5.638105000000000e-03 3.946630000000000e-02 0.000000000000000e+00
-6.236245000000000e-03 4.059095000000000e-02 0.000000000000000e+00
-4.963010000000000e-03 4.015620000000000e-02 0.000000000000000e+00
-2.730785000000000e-03 3.898580000000000e-02 0.000000000000000e+00
-3.439015000000000e-03 3.978430000000000e-02 0.000000000000000e+00
-1.645580000000000e-03 3.897360000000000e-02 0.000000000000000e+00
-2.271870000000000e-03 3.991335000000000e-02 0.000000000000000e+00
-1.113390000000000e-03 3.985250000000000e-02 0.000000000000000e+00
-5.561150000000000e-03 4.128085000000000e-02 0.000000000000000e+00
-4.253995000000000e-03 4.084120000000000e-02 0.000000000000000e+00
-2.980100000000000e-03 4.071185000000000e-02 0.000000000000000e+00
-1.739680000000000e-03 4.079225000000000e-02 0.000000000000000e+00
-2.388750000000000e-02 4.137435000000000e-02 0.000000000000000e+00
-2.237460000000000e-02 4.109420000000000e-02 0.000000000000000e+00
-2.440130000000000e-02 3.992410000000000e-02 0.000000000000000e+00
-2.481250000000000e-02 4.297650000000000e-02 0.000000000000000e+00
-2.330915000000000e-02 4.266235000000000e-02 0.000000000000000e+00
-2.529210000000000e-02 4.151750000000000e-02 0.000000000000000e+00
-2.573750000000000e-02 4.457865000000000e-02 0.000000000000000e+00
-2.425290000000000e-02 4.425210000000000e-02 0.000000000000000e+00
-2.619700000000000e-02 4.312970000000000e-02 0.000000000000000e+00
-2.666250000000000e-02 4.618080000000000e-02 0.000000000000000e+00
-2.518185000000000e-02 4.586420000000000e-02 0.000000000000000e+00
-2.712865000000000e-02 4.474020000000000e-02 0.000000000000000e+00
-2.609900000000000e-02 4.749515000000000e-02 0.000000000000000e+00
-2.808250000000000e-02 4.634995000000000e-02 0.000000000000000e+00
-2.461835000000000e-02 4.717855000000000e-02 0.000000000000000e+00
-2.404550000000000e-02 4.849435000000000e-02 0.000000000000000e+00
-2.369725000000000e-02 4.553765000000000e-02 0.000000000000000e+00
-2.313045000000000e-02 4.681140000000000e-02 0.000000000000000e+00
-2.274955000000000e-02 4.393795000000000e-02 0.000000000000000e+00
-2.219975000000000e-02 4.517250000000000e-02 0.000000000000000e+00
-2.179625000000000e-02 4.238220000000000e-02 0.000000000000000e+00
-2.123055000000000e-02 4.360130000000000e-02 0.000000000000000e+00
-2.025805000000000e-02 4.209090000000000e-02 0.000000000000000e+00
-2.255760000000000e-02 4.812719999999999e-02 0.000000000000000e+00
-2.196845000000000e-02 4.942465000000000e-02 0.000000000000000e+00
-2.163295000000000e-02 4.644625000000000e-02 0.000000000000000e+00
-2.105755000000000e-02 4.768994999999999e-02 0.000000000000000e+00
-2.068075000000000e-02 4.483585000000000e-02 0.000000000000000e+00
-2.013240000000000e-02 4.601535000000000e-02 0.000000000000000e+00
-1.969235000000000e-02 4.331000000000000e-02 0.000000000000000e+00
-1.914905000000000e-02 4.444579999999999e-02 0.000000000000000e+00
-1.806565000000000e-02 4.301220000000000e-02 0.000000000000000e+00
-2.046840000000000e-02 4.898740000000000e-02 0.000000000000000e+00
-1.985785000000000e-02 5.025834999999999e-02 0.000000000000000e+00
-1.955700000000000e-02 4.725905000000000e-02 0.000000000000000e+00
-1.897385000000000e-02 4.846165000000000e-02 0.000000000000000e+00
-1.860070000000000e-02 4.562529999999999e-02 0.000000000000000e+00
-1.805110000000000e-02 4.675615000000000e-02 0.000000000000000e+00
-1.752235000000000e-02 4.414800000000000e-02 0.000000000000000e+00
-1.704000000000000e-02 4.519160000000000e-02 0.000000000000000e+00
-1.583865000000000e-02 4.385115000000001e-02 0.000000000000000e+00
-1.836330000000000e-02 4.973260000000000e-02 0.000000000000000e+00
-1.772485000000000e-02 5.098374999999999e-02 0.000000000000000e+00
-1.746795000000000e-02 4.795875000000000e-02 0.000000000000000e+00
-1.687755000000000e-02 4.911440000000000e-02 0.000000000000000e+00
-1.649040000000000e-02 4.632245000000000e-02 0.000000000000000e+00
-1.595470000000000e-02 4.735685000000001e-02 0.000000000000000e+00
-1.535630000000000e-02 4.489475000000000e-02 0.000000000000000e+00
-1.493200000000000e-02 4.575470000000000e-02 0.000000000000000e+00
-1.374960000000000e-02 4.431615000000000e-02 0.000000000000000e+00
-1.623910000000000e-02 5.036555000000000e-02 0.000000000000000e+00
-1.558590000000000e-02 5.157175000000000e-02 0.000000000000000e+00
-1.536430000000000e-02 4.851250000000000e-02 0.000000000000000e+00
-1.477545000000000e-02 4.963270000000000e-02 0.000000000000000e+00
-1.439630000000000e-02 4.678910000000000e-02 0.000000000000000e+00
-1.386820000000000e-02 4.778285000000000e-02 0.000000000000000e+00
-1.332530000000000e-02 4.517610000000000e-02 0.000000000000000e+00
-1.284170000000000e-02 4.608365000000000e-02 0.000000000000000e+00
-1.168145000000000e-02 4.447595000000000e-02 0.000000000000000e+00
-1.412225000000000e-02 5.083890000000000e-02 0.000000000000000e+00
-1.344700000000000e-02 5.191555000000000e-02 0.000000000000000e+00
-1.327935000000000e-02 4.890305000000000e-02 0.000000000000000e+00
-1.269440000000000e-02 4.995970000000000e-02 0.000000000000000e+00
-1.231360000000000e-02 4.707740000000001e-02 0.000000000000000e+00
-1.183615000000000e-02 4.806090000000000e-02 0.000000000000000e+00
-1.119785000000000e-02 4.538350000000000e-02 0.000000000000000e+00
-1.081535000000000e-02 4.629035000000000e-02 0.000000000000000e+00
-9.567724999999999e-03 4.463805000000000e-02 0.000000000000000e+00
-1.201915000000000e-02 5.103635000000000e-02 0.000000000000000e+00
-1.132350000000000e-02 5.203920000000000e-02 0.000000000000000e+00
-1.125120000000000e-02 4.911755000000000e-02 0.000000000000000e+00
-1.065252500000000e-02 5.011440000000000e-02 0.000000000000000e+00
-1.033790000000000e-02 4.727385000000000e-02 0.000000000000000e+00
-9.882169999999999e-03 4.823695000000000e-02 0.000000000000000e+00
-9.185225000000000e-03 4.554490000000000e-02 0.000000000000000e+00
-8.964705000000000e-03 4.643105000000000e-02 0.000000000000000e+00
-7.831580000000001e-03 4.470380000000000e-02 0.000000000000000e+00
-9.956875000000000e-03 5.111725000000000e-02 0.000000000000000e+00
-9.229810000000001e-03 5.209230000000000e-02 0.000000000000000e+00
-9.283494999999999e-03 4.923380000000000e-02 0.000000000000000e+00
-8.645190000000001e-03 5.019450000000000e-02 0.000000000000000e+00
-8.508975000000000e-03 4.739415000000000e-02 0.000000000000000e+00
-7.995205000000000e-03 4.833560000000001e-02 0.000000000000000e+00
-7.611060000000000e-03 4.558995000000000e-02 0.000000000000000e+00
-7.242790000000001e-03 4.650450000000000e-02 0.000000000000000e+00
-6.390120000000000e-03 4.469165000000000e-02 0.000000000000000e+00
-7.918125000000000e-03 5.116955000000000e-02 0.000000000000000e+00
-7.152910000000000e-03 5.212590000000000e-02 0.000000000000000e+00
-7.356900000000000e-03 4.929630000000000e-02 0.000000000000000e+00
-6.668775000000000e-03 5.024655000000000e-02 0.000000000000000e+00
-6.729020000000000e-03 4.744595000000000e-02 0.000000000000000e+00
-6.159795000000000e-03 4.838255000000000e-02 0.000000000000000e+00
-6.021850000000000e-03 4.560620000000000e-02 0.000000000000000e+00
-5.561770000000000e-03 4.653330000000000e-02 0.000000000000000e+00
-4.924670000000000e-03 4.468925000000000e-02 0.000000000000000e+00
-5.903560000000000e-03 5.120290000000000e-02 0.000000000000000e+00
-5.094069999999999e-03 5.214340000000001e-02 0.000000000000000e+00
-5.471670000000000e-03 4.933280000000000e-02 0.000000000000000e+00
-4.728235000000000e-03 5.027475000000000e-02 0.000000000000000e+00
-4.992544999999999e-03 4.746990000000000e-02 0.000000000000000e+00
-4.363560000000000e-03 4.840419999999999e-02 0.000000000000000e+00
-4.464589999999999e-03 4.561635000000000e-02 0.000000000000000e+00
-3.924080000000000e-03 4.653920000000000e-02 0.000000000000000e+00
-3.486540000000000e-03 4.467775000000000e-02 0.000000000000000e+00
-3.918745000000000e-03 5.121525000000000e-02 0.000000000000000e+00
-3.041525000000000e-03 5.213945000000000e-02 0.000000000000000e+00
-3.620125000000000e-03 4.934615000000000e-02 0.000000000000000e+00
-2.810600000000000e-03 5.027060000000000e-02 0.000000000000000e+00
-3.295095000000000e-03 4.747350000000000e-02 0.000000000000000e+00
-2.594270000000000e-03 4.839830000000000e-02 0.000000000000000e+00
-2.946030000000000e-03 4.560060000000000e-02 0.000000000000000e+00
-2.336930000000000e-03 4.652495000000000e-02 0.000000000000000e+00
-2.075305000000000e-03 4.465195000000000e-02 0.000000000000000e+00
-1.933380000000000e-03 5.119480000000000e-02 0.000000000000000e+00
-1.784745000000000e-03 4.932275000000000e-02 0.000000000000000e+00
-1.636105000000000e-03 4.744975000000000e-02 0.000000000000000e+00
-1.466205000000000e-03 4.557630000000000e-02 0.000000000000000e+00
-1.183600000000000e-02 2.597800000000000e-02 0.000000000000000e+00
-1.199840000000000e-02 2.576280000000000e-02 0.000000000000000e+00
-1.137140000000000e-02 2.615820000000000e-02 0.000000000000000e+00
-1.153880000000000e-02 2.594750000000000e-02 0.000000000000000e+00
-1.090680000000000e-02 2.633835000000000e-02 0.000000000000000e+00
-1.107865000000000e-02 2.613105000000000e-02 0.000000000000000e+00
-1.044220000000000e-02 2.651850000000000e-02 0.000000000000000e+00
-1.061790000000000e-02 2.631300000000000e-02 0.000000000000000e+00
-9.977614999999999e-03 2.669870000000000e-02 0.000000000000000e+00
-1.015635000000000e-02 2.649320000000000e-02 0.000000000000000e+00
-1.021370000000000e-02 2.681205000000000e-02 0.000000000000000e+00
-9.513029999999999e-03 2.687890000000000e-02 0.000000000000000e+00
-9.694115000000000e-03 2.667140000000000e-02 0.000000000000000e+00
-9.805500000000000e-03 2.700770000000000e-02 0.000000000000000e+00
-9.048424999999999e-03 2.705910000000000e-02 0.000000000000000e+00
-9.231074999999998e-03 2.684755000000000e-02 0.000000000000000e+00
-9.412205000000000e-03 2.717835000000000e-02 0.000000000000000e+00
-8.583819999999999e-03 2.723930000000000e-02 0.000000000000000e+00
-8.767185000000000e-03 2.702115000000000e-02 0.000000000000000e+00
-8.796624999999999e-03 2.738590000000000e-02 0.000000000000000e+00
-8.978525000000001e-03 2.737810000000000e-02 0.000000000000000e+00
-8.114400000000001e-03 2.740310000000000e-02 0.000000000000000e+00
-8.301780000000000e-03 2.718990000000000e-02 0.000000000000000e+00
-8.359264999999999e-03 2.755640000000000e-02 0.000000000000000e+00
-7.633220000000000e-03 2.752695000000000e-02 0.000000000000000e+00
-7.829200000000000e-03 2.733430000000000e-02 0.000000000000000e+00
-7.899130000000001e-03 2.769745000000000e-02 0.000000000000000e+00
-7.145100000000000e-03 2.762725000000000e-02 0.000000000000000e+00
-7.347130000000000e-03 2.744645000000000e-02 0.000000000000000e+00
-7.424505000000000e-03 2.780695000000000e-02 0.000000000000000e+00
-6.656980000000000e-03 2.772755000000000e-02 0.000000000000000e+00
-6.863200000000000e-03 2.755205000000000e-02 0.000000000000000e+00
-6.942459999999999e-03 2.792110000000000e-02 0.000000000000000e+00
-6.168860000000000e-03 2.782785000000000e-02 0.000000000000000e+00
-6.378740000000000e-03 2.765560000000000e-02 0.000000000000000e+00
-6.456845000000000e-03 2.803010000000000e-02 0.000000000000000e+00
-5.680740000000000e-03 2.792815000000000e-02 0.000000000000000e+00
-5.893795000000000e-03 2.775700000000000e-02 0.000000000000000e+00
-5.972275000000000e-03 2.814360000000000e-02 0.000000000000000e+00
-5.192620000000000e-03 2.802845000000000e-02 0.000000000000000e+00
-5.408405000000000e-03 2.785625000000000e-02 0.000000000000000e+00
-5.483380000000000e-03 2.826375000000000e-02 0.000000000000000e+00
-4.704500000000000e-03 2.812875000000000e-02 0.000000000000000e+00
-4.922605000000000e-03 2.795340000000000e-02 0.000000000000000e+00
-4.983500000000000e-03 2.835970000000000e-02 0.000000000000000e+00
-4.216380000000000e-03 2.822905000000000e-02 0.000000000000000e+00
-4.436420000000000e-03 2.804830000000000e-02 0.000000000000000e+00
-4.486745000000000e-03 2.845110000000000e-02 0.000000000000000e+00
-3.728255000000000e-03 2.832935000000000e-02 0.000000000000000e+00
-3.949820000000000e-03 2.814040000000000e-02 0.000000000000000e+00
-3.996339999999999e-03 2.854190000000000e-02 0.000000000000000e+00
-3.236090000000000e-03 2.839595000000000e-02 0.000000000000000e+00
-3.462330000000000e-03 2.822535000000000e-02 0.000000000000000e+00
-3.497790000000000e-03 2.862295000000000e-02 0.000000000000000e+00
-2.738990000000000e-03 2.842135000000000e-02 0.000000000000000e+00
-2.969810000000000e-03 2.826835000000000e-02 0.000000000000000e+00
-2.991545000000000e-03 2.865700000000000e-02 0.000000000000000e+00
-2.240990000000000e-03 2.843925000000000e-02 0.000000000000000e+00
-2.475285000000000e-03 2.829425000000000e-02 0.000000000000000e+00
-2.484650000000000e-03 2.867820000000000e-02 0.000000000000000e+00
-1.742995000000000e-03 2.845715000000000e-02 0.000000000000000e+00
-1.980415000000000e-03 2.831670000000000e-02 0.000000000000000e+00
-1.989075000000000e-03 2.869620000000000e-02 0.000000000000000e+00
-1.244996500000000e-03 2.847505000000000e-02 0.000000000000000e+00
-1.485420000000000e-03 2.833715000000000e-02 0.000000000000000e+00
-1.490980000000000e-03 2.871365000000000e-02 0.000000000000000e+00
-7.469935000000000e-04 2.849295000000000e-02 0.000000000000000e+00
-9.903224999999998e-04 2.835590000000000e-02 0.000000000000000e+00
-9.923409999999999e-04 2.873420000000000e-02 0.000000000000000e+00
-4.951705000000000e-04 2.837325000000000e-02 0.000000000000000e+00
-4.983625000000000e-04 2.875150000000000e-02 0.000000000000000e+00
-7.384994999999999e-04 2.823620000000000e-02 0.000000000000000e+00
-1.230746000000000e-03 2.821800000000000e-02 0.000000000000000e+00
-1.722840000000000e-03 2.819670000000000e-02 0.000000000000000e+00
-2.214710000000000e-03 2.817170000000000e-02 0.000000000000000e+00
-2.706105000000000e-03 2.814125000000000e-02 0.000000000000000e+00
-3.196050000000000e-03 2.809775000000000e-02 0.000000000000000e+00
-3.683895000000000e-03 2.803640000000000e-02 0.000000000000000e+00
-4.169860000000000e-03 2.795965000000000e-02 0.000000000000000e+00
-4.654525000000000e-03 2.787295000000000e-02 0.000000000000000e+00
-5.138390000000000e-03 2.778120000000000e-02 0.000000000000000e+00
-5.621460000000000e-03 2.768510000000000e-02 0.000000000000000e+00
-6.103674999999999e-03 2.758475000000000e-02 0.000000000000000e+00
-6.584960000000000e-03 2.748010000000000e-02 0.000000000000000e+00
-7.065230000000000e-03 2.737125000000000e-02 0.000000000000000e+00
-7.543110000000000e-03 2.725380000000000e-02 0.000000000000000e+00
-8.016580000000001e-03 2.712110000000000e-02 0.000000000000000e+00
-8.485144999999999e-03 2.697175000000000e-02 0.000000000000000e+00
-8.949835000000000e-03 2.680960000000000e-02 0.000000000000000e+00
-9.412159999999999e-03 2.664005000000000e-02 0.000000000000000e+00
-9.872849999999999e-03 2.646590000000000e-02 0.000000000000000e+00
-1.033205000000000e-02 2.628770000000000e-02 0.000000000000000e+00
-1.078975000000000e-02 2.610570000000000e-02 0.000000000000000e+00
-1.124605000000000e-02 2.592035000000000e-02 0.000000000000000e+00
-1.170120000000000e-02 2.573230000000000e-02 0.000000000000000e+00
-1.004158500000000e-02 2.712105000000000e-02 0.000000000000000e+00
-8.221255000000000e-03 2.830280000000000e-02 0.000000000000000e+00
-8.407194999999999e-03 2.801320000000000e-02 0.000000000000000e+00
-8.641039999999999e-03 2.813795000000000e-02 0.000000000000000e+00
-5.362095000000001e-03 2.917610000000000e-02 0.000000000000000e+00
-5.050245000000000e-03 2.892745000000000e-02 0.000000000000000e+00
-4.812010000000000e-03 2.924580000000000e-02 0.000000000000000e+00
-6.548770000000001e-03 2.853245000000000e-02 0.000000000000000e+00
-6.742325000000000e-03 2.822365000000000e-02 0.000000000000000e+00
-6.260260000000000e-03 2.834585000000000e-02 0.000000000000000e+00
-7.307945000000000e-03 2.857365000000000e-02 0.000000000000000e+00
-6.835320000000001e-03 2.871860000000000e-02 0.000000000000000e+00
-7.028875000000000e-03 2.840980000000000e-02 0.000000000000000e+00
-7.129930000000000e-03 2.890665000000000e-02 0.000000000000000e+00
-7.958054999999999e-03 2.814035000000000e-02 0.000000000000000e+00
-7.690414999999999e-03 2.797745000000000e-02 0.000000000000000e+00
-8.143994999999999e-03 2.785075000000000e-02 0.000000000000000e+00
-7.768575000000000e-03 2.842755000000000e-02 0.000000000000000e+00
-8.039250000000000e-03 2.857900000000000e-02 0.000000000000000e+00
-7.500935000000000e-03 2.826465000000000e-02 0.000000000000000e+00
-7.601805000000000e-03 2.870730000000000e-02 0.000000000000000e+00
-5.884265000000000e-03 2.903750000000000e-02 0.000000000000000e+00
-5.586110000000000e-03 2.884365000000000e-02 0.000000000000000e+00
-6.361580000000000e-03 2.885965000000000e-02 0.000000000000000e+00
-6.073070000000000e-03 2.867305000000000e-02 0.000000000000000e+00
-6.195940000000000e-03 2.918420000000000e-02 0.000000000000000e+00
-6.635685000000001e-03 2.902805000000000e-02 0.000000000000000e+00
-7.437100000000001e-04 2.899275000000000e-02 0.000000000000000e+00
-5.118125000000000e-04 2.925045000000000e-02 0.000000000000000e+00
-1.238324500000000e-03 2.897280000000000e-02 0.000000000000000e+00
-9.680995000000000e-04 2.923480000000000e-02 0.000000000000000e+00
-4.765745000000000e-03 2.868205000000000e-02 0.000000000000000e+00
-5.274259999999999e-03 2.859500000000000e-02 0.000000000000000e+00
-7.221864999999999e-03 2.810080000000000e-02 0.000000000000000e+00
-8.572069999999999e-03 2.770300000000000e-02 0.000000000000000e+00
-1.737060000000000e-03 2.895270000000000e-02 0.000000000000000e+00
-1.479575000000000e-03 2.920900000000000e-02 0.000000000000000e+00
-4.527510000000000e-03 2.900040000000000e-02 0.000000000000000e+00
-4.266705000000000e-03 2.876395000000000e-02 0.000000000000000e+00
-4.322865000000000e-03 2.930435000000000e-02 0.000000000000000e+00
-3.829115000000000e-03 2.934810000000000e-02 0.000000000000000e+00
-4.062059999999999e-03 2.906790000000000e-02 0.000000000000000e+00
-2.232735000000000e-03 2.893515000000000e-02 0.000000000000000e+00
-1.993085000000000e-03 2.919325000000000e-02 0.000000000000000e+00
-2.737205000000000e-03 2.891385000000000e-02 0.000000000000000e+00
-2.458560000000000e-03 2.917715000000000e-02 0.000000000000000e+00
-2.988670000000000e-03 2.914880000000000e-02 0.000000000000000e+00
-3.253245000000000e-03 2.888400000000000e-02 0.000000000000000e+00
-3.268355000000000e-03 2.938050000000000e-02 0.000000000000000e+00
-3.532930000000000e-03 2.911570000000000e-02 0.000000000000000e+00
-2.710025000000000e-03 2.941210000000000e-02 0.000000000000000e+00
-6.930295000000000e-03 2.921610000000000e-02 0.000000000000000e+00
-7.423790000000000e-03 2.904030000000000e-02 0.000000000000000e+00
-3.765875000000000e-03 2.883550000000000e-02 0.000000000000000e+00
-5.774915000000000e-03 2.847920000000000e-02 0.000000000000000e+00
-1.209350000000000e-03 2.947100000000000e-02 0.000000000000000e+00
-1.735600000000000e-03 2.944955000000000e-02 0.000000000000000e+00
-7.362020000000000e-04 2.949250000000000e-02 0.000000000000000e+00
-9.704674999999999e-03 2.730715000000000e-02 0.000000000000000e+00
-9.342305000000000e-03 2.749735000000000e-02 0.000000000000000e+00
-8.805914999999999e-03 2.782775000000000e-02 0.000000000000000e+00
-8.959030000000000e-03 2.761480000000000e-02 0.000000000000000e+00
-6.470045000000001e-03 2.935260000000000e-02 0.000000000000000e+00
-7.872479999999999e-03 2.885875000000000e-02 0.000000000000000e+00
-2.218910000000000e-03 2.943525000000000e-02 0.000000000000000e+00
-2.578600000000000e-02 1.530900000000000e-02 0.000000000000000e+00
-2.645590000000000e-02 1.527430000000000e-02 0.000000000000000e+00
-2.576715000000000e-02 1.487665000000000e-02 0.000000000000000e+00
-2.615100000000000e-02 1.467680000000000e-02 0.000000000000000e+00
-2.266960000000000e-02 2.025315000000000e-02 0.000000000000000e+00
-2.314245000000000e-02 2.086145000000000e-02 0.000000000000000e+00
-2.241525000000000e-02 2.035200000000000e-02 0.000000000000000e+00
-2.224460000000000e-02 2.048970000000000e-02 0.000000000000000e+00
-2.305915000000000e-02 1.963510000000000e-02 0.000000000000000e+00
-2.350200000000000e-02 2.007580000000000e-02 0.000000000000000e+00
-2.263885000000000e-02 1.969970000000000e-02 0.000000000000000e+00
-2.261005000000000e-02 2.004295000000000e-02 0.000000000000000e+00
-2.344870000000000e-02 1.901710000000000e-02 0.000000000000000e+00
-2.369675000000000e-02 1.976680000000000e-02 0.000000000000000e+00
-2.300650000000000e-02 1.916715000000000e-02 0.000000000000000e+00
-2.383825000000000e-02 1.839910000000000e-02 0.000000000000000e+00
-2.418195000000000e-02 1.907705000000000e-02 0.000000000000000e+00
-2.336380000000000e-02 1.864015000000000e-02 0.000000000000000e+00
-2.349660000000000e-02 1.846380000000000e-02 0.000000000000000e+00
-2.422780000000000e-02 1.778110000000000e-02 0.000000000000000e+00
-2.457750000000000e-02 1.842645000000000e-02 0.000000000000000e+00
-2.384330000000000e-02 1.792545000000000e-02 0.000000000000000e+00
-2.461735000000000e-02 1.716310000000000e-02 0.000000000000000e+00
-2.490890000000000e-02 1.785795000000000e-02 0.000000000000000e+00
-2.419460000000000e-02 1.737640000000000e-02 0.000000000000000e+00
-2.500690000000000e-02 1.654505000000000e-02 0.000000000000000e+00
-2.530340000000000e-02 1.726645000000000e-02 0.000000000000000e+00
-2.453940000000000e-02 1.683970000000000e-02 0.000000000000000e+00
-2.465490000000000e-02 1.665365000000000e-02 0.000000000000000e+00
-2.539645000000000e-02 1.592700000000000e-02 0.000000000000000e+00
-2.574500000000000e-02 1.663230000000000e-02 0.000000000000000e+00
-2.498825000000000e-02 1.611925000000000e-02 0.000000000000000e+00
-2.614835000000000e-02 1.598070000000000e-02 0.000000000000000e+00
-2.543815000000000e-02 1.541125000000000e-02 0.000000000000000e+00
-2.532615000000000e-02 1.559055000000000e-02 0.000000000000000e+00
-2.745560000000000e-02 1.585150000000000e-02 0.000000000000000e+00
-2.681825000000000e-02 1.594600000000000e-02 0.000000000000000e+00
-2.721875000000000e-02 1.525225000000000e-02 0.000000000000000e+00
-2.855940000000000e-02 1.648880000000000e-02 0.000000000000000e+00
-2.790575000000000e-02 1.662335000000000e-02 0.000000000000000e+00
-2.834910000000000e-02 1.585545000000000e-02 0.000000000000000e+00
-2.977810000000000e-02 1.719240000000000e-02 0.000000000000000e+00
-2.906660000000000e-02 1.732375000000000e-02 0.000000000000000e+00
-2.953610000000000e-02 1.651055000000000e-02 0.000000000000000e+00
-3.112365000000000e-02 1.796925000000000e-02 0.000000000000000e+00
-3.034255000000000e-02 1.808750000000000e-02 0.000000000000000e+00
-3.083555000000000e-02 1.723370000000000e-02 0.000000000000000e+00
-3.260925000000001e-02 1.882695000000000e-02 0.000000000000000e+00
-3.174640000000000e-02 1.893450000000000e-02 0.000000000000000e+00
-3.227095000000000e-02 1.802595000000000e-02 0.000000000000000e+00
-3.424950000000000e-02 1.977395000000000e-02 0.000000000000000e+00
-3.328195000000000e-02 1.984170000000000e-02 0.000000000000000e+00
-3.382440000000000e-02 1.890215000000000e-02 0.000000000000000e+00
-3.606045000000000e-02 2.081955000000000e-02 0.000000000000000e+00
-3.492410000000000e-02 2.082275000000000e-02 0.000000000000000e+00
-3.549505000000000e-02 1.983385000000000e-02 0.000000000000000e+00
-3.671835000000000e-02 2.190185000000000e-02 0.000000000000000e+00
-3.782360000000000e-02 2.183750000000000e-02 0.000000000000000e+00
-3.732670000000000e-02 2.084815000000000e-02 0.000000000000000e+00
-3.437954999999999e-02 2.617105000000000e-02 0.000000000000000e+00
-3.344995000000000e-02 2.642550000000000e-02 0.000000000000000e+00
-3.461510000000000e-02 2.761335000000000e-02 0.000000000000000e+00
-3.496425000000000e-02 2.510375000000000e-02 0.000000000000000e+00
-3.389930000000000e-02 2.520205000000000e-02 0.000000000000000e+00
-3.527355000000000e-02 2.643755000000000e-02 0.000000000000000e+00
-3.554895000000000e-02 2.403645000000000e-02 0.000000000000000e+00
-3.430745000000000e-02 2.400635000000000e-02 0.000000000000000e+00
-3.593040000000000e-02 2.527575000000000e-02 0.000000000000000e+00
-3.613365000000000e-02 2.296915000000000e-02 0.000000000000000e+00
-3.500890000000000e-02 2.296685000000000e-02 0.000000000000000e+00
-3.656735000000000e-02 2.411900000000000e-02 0.000000000000000e+00
-3.558200000000000e-02 2.190505000000000e-02 0.000000000000000e+00
-3.719840000000000e-02 2.297340000000000e-02 0.000000000000000e+00
-2.492120000000000e-02 1.910440000000000e-02 0.000000000000000e+00
-2.525860000000000e-02 1.850330000000000e-02 0.000000000000000e+00
-2.566595000000000e-02 1.896290000000000e-02 0.000000000000000e+00
-2.397485000000000e-02 2.068410000000000e-02 0.000000000000000e+00
-2.452005000000000e-02 2.153425000000000e-02 0.000000000000000e+00
-2.443000000000000e-02 1.982675000000000e-02 0.000000000000000e+00
-2.481140000000000e-02 2.057280000000000e-02 0.000000000000000e+00
-2.535020000000000e-02 1.978815000000000e-02 0.000000000000000e+00
-2.559495000000000e-02 1.796130000000000e-02 0.000000000000000e+00
-2.580255000000000e-02 1.870340000000000e-02 0.000000000000000e+00
-2.604150000000000e-02 1.735370000000000e-02 0.000000000000000e+00
-2.633690000000000e-02 1.812200000000000e-02 0.000000000000000e+00
-2.649690000000000e-02 1.668600000000000e-02 0.000000000000000e+00
-2.686035000000000e-02 1.746075000000000e-02 0.000000000000000e+00
-2.726840000000000e-02 1.671785000000000e-02 0.000000000000000e+00
-2.535660000000000e-02 2.142295000000000e-02 0.000000000000000e+00
-2.595510000000000e-02 2.230810000000000e-02 0.000000000000000e+00
-2.573160000000000e-02 2.053420000000000e-02 0.000000000000000e+00
-2.618600000000000e-02 2.131690000000000e-02 0.000000000000000e+00
-2.609495000000000e-02 1.964665000000000e-02 0.000000000000000e+00
-2.660475000000000e-02 2.045820000000000e-02 0.000000000000000e+00
-2.654450000000000e-02 1.886410000000000e-02 0.000000000000000e+00
-2.683985000000000e-02 1.951375000000000e-02 0.000000000000000e+00
-2.715575000000000e-02 1.822905000000000e-02 0.000000000000000e+00
-2.740420000000000e-02 1.896285000000000e-02 0.000000000000000e+00
-2.763185000000000e-02 1.749260000000000e-02 0.000000000000000e+00
-2.798350000000000e-02 1.829510000000000e-02 0.000000000000000e+00
-2.841295000000000e-02 1.745830000000000e-02 0.000000000000000e+00
-2.734965000000000e-02 2.032530000000000e-02 0.000000000000000e+00
-2.769955000000000e-02 1.961250000000000e-02 0.000000000000000e+00
-2.814980000000000e-02 2.007390000000000e-02 0.000000000000000e+00
-2.678450000000000e-02 2.220205000000000e-02 0.000000000000000e+00
-2.733725000000000e-02 2.307860000000000e-02 0.000000000000000e+00
-2.705915000000000e-02 2.124090000000000e-02 0.000000000000000e+00
-2.756160000000000e-02 2.202355000000000e-02 0.000000000000000e+00
-2.796370000000000e-02 2.110910000000000e-02 0.000000000000000e+00
-2.823195000000000e-02 1.902890000000000e-02 0.000000000000000e+00
-2.837955000000000e-02 1.982190000000000e-02 0.000000000000000e+00
-2.876460000000000e-02 1.826080000000000e-02 0.000000000000000e+00
-2.915575000000000e-02 1.911540000000000e-02 0.000000000000000e+00
-2.963105000000000e-02 1.821885000000000e-02 0.000000000000000e+00
-2.811435000000000e-02 2.290010000000000e-02 0.000000000000000e+00
-2.884450000000000e-02 2.391440000000000e-02 0.000000000000000e+00
-2.846615000000000e-02 2.189175000000000e-02 0.000000000000000e+00
-2.903905000000000e-02 2.275545000000000e-02 0.000000000000000e+00
-2.876385000000000e-02 2.085770000000000e-02 0.000000000000000e+00
-2.945515000000000e-02 2.181325000000000e-02 0.000000000000000e+00
-2.930335000000000e-02 1.990840000000000e-02 0.000000000000000e+00
-2.965345000000000e-02 2.074635000000000e-02 0.000000000000000e+00
-3.002220000000000e-02 1.907345000000000e-02 0.000000000000000e+00
-3.050170000000000e-02 2.000160000000000e-02 0.000000000000000e+00
-3.096530000000000e-02 1.905275000000000e-02 0.000000000000000e+00
-2.976920000000000e-02 2.376975000000000e-02 0.000000000000000e+00
-3.047565000000000e-02 2.481305000000000e-02 0.000000000000000e+00
-3.002805000000000e-02 2.267695000000000e-02 0.000000000000000e+00
-3.065330000000000e-02 2.357260000000000e-02 0.000000000000000e+00
-3.034475000000000e-02 2.170190000000000e-02 0.000000000000000e+00
-3.099955000000000e-02 2.259680000000000e-02 0.000000000000000e+00
-3.085180000000000e-02 2.083955000000000e-02 0.000000000000000e+00
-3.129410000000000e-02 2.175380000000000e-02 0.000000000000000e+00
-3.144480000000000e-02 1.998090000000000e-02 0.000000000000000e+00
-3.195500000000000e-02 2.094355000000000e-02 0.000000000000000e+00
-3.241910000000000e-02 1.994925000000000e-02 0.000000000000000e+00
-3.162480000000000e-02 2.349245000000000e-02 0.000000000000000e+00
-3.194890000000000e-02 2.264870000000000e-02 0.000000000000000e+00
-3.257250000000000e-02 2.322090000000000e-02 0.000000000000000e+00
-3.135975000000001e-02 2.461590000000000e-02 0.000000000000000e+00
-3.203465000000000e-02 2.569620000000000e-02 0.000000000000000e+00
-3.229480000000000e-02 2.437620000000000e-02 0.000000000000000e+00
-3.239730000000000e-02 2.185780000000000e-02 0.000000000000000e+00
-3.273470000000000e-02 2.287040000000000e-02 0.000000000000000e+00
-3.292929999999999e-02 2.091190000000000e-02 0.000000000000000e+00
-3.343000000000000e-02 2.192415000000000e-02 0.000000000000000e+00
-3.395655000000000e-02 2.089050000000000e-02 0.000000000000000e+00
-3.296970000000000e-02 2.545650000000000e-02 0.000000000000000e+00
-3.324250000000000e-02 2.410465000000000e-02 0.000000000000000e+00
-3.376740000000000e-02 2.293675000000000e-02 0.000000000000000e+00
-3.445724999999999e-02 2.190275000000000e-02 0.000000000000000e+00
-3.944940000000000e-02 2.277610000000000e-02 0.000000000000000e+00
-3.830364999999999e-02 2.290905000000000e-02 0.000000000000000e+00
-3.899165000000000e-02 2.171745000000000e-02 0.000000000000000e+00
-4.107520000000000e-02 2.371475000000000e-02 0.000000000000000e+00
-3.988290000000000e-02 2.392500000000000e-02 0.000000000000000e+00
-4.066110000000001e-02 2.257705000000000e-02 0.000000000000000e+00
-4.270095000000000e-02 2.465340000000000e-02 0.000000000000000e+00
-4.146695000000000e-02 2.493155000000000e-02 0.000000000000000e+00
-4.232485000000000e-02 2.344565000000000e-02 0.000000000000000e+00
-4.432670000000000e-02 2.559205000000000e-02 0.000000000000000e+00
-4.305639999999999e-02 2.592890000000000e-02 0.000000000000000e+00
-4.398325000000000e-02 2.432350000000000e-02 0.000000000000000e+00
-4.463960000000000e-02 2.693495000000000e-02 0.000000000000000e+00
-4.564610000000000e-02 2.519160000000000e-02 0.000000000000000e+00
-2.854865000000000e-02 4.490935000000000e-02 0.000000000000000e+00
-2.997460000000000e-02 4.507115000000000e-02 0.000000000000000e+00
-2.758815000000000e-02 4.329125000000000e-02 0.000000000000000e+00
-2.897465000000000e-02 4.343720000000000e-02 0.000000000000000e+00
-2.667660000000000e-02 4.167070000000000e-02 0.000000000000000e+00
-2.802065000000000e-02 4.181185000000000e-02 0.000000000000000e+00
-2.580590000000000e-02 4.006725000000000e-02 0.000000000000000e+00
-2.714450000000000e-02 4.018685000000000e-02 0.000000000000000e+00
-2.632275000000000e-02 3.858945000000000e-02 0.000000000000000e+00
-3.040060000000000e-02 4.359900000000000e-02 0.000000000000000e+00
-3.181880000000000e-02 4.373755000000000e-02 0.000000000000000e+00
-2.940715000000000e-02 4.195780000000000e-02 0.000000000000000e+00
-3.077195000000000e-02 4.208130000000000e-02 0.000000000000000e+00
-2.848855000000000e-02 4.032800000000000e-02 0.000000000000000e+00
-2.978420000000000e-02 4.044285000000000e-02 0.000000000000000e+00
-2.766135000000000e-02 3.870905000000000e-02 0.000000000000000e+00
-2.891660000000000e-02 3.880645000000001e-02 0.000000000000000e+00
-2.821685000000000e-02 3.715140000000000e-02 0.000000000000000e+00
-3.219015000000000e-02 4.221985000000000e-02 0.000000000000000e+00
-3.359610000000000e-02 4.232655000000000e-02 0.000000000000000e+00
-3.114900000000000e-02 4.056635000000000e-02 0.000000000000000e+00
-3.248210000000000e-02 4.066264999999999e-02 0.000000000000000e+00
-3.021225000000000e-02 3.892130000000001e-02 0.000000000000000e+00
-3.146640000000000e-02 3.901075000000000e-02 0.000000000000000e+00
-2.947210000000000e-02 3.724880000000000e-02 0.000000000000000e+00
-3.061705000000000e-02 3.735290000000000e-02 0.000000000000000e+00
-3.005690000000000e-02 3.564225000000000e-02 0.000000000000000e+00
-3.388805000000000e-02 4.076935000000000e-02 0.000000000000000e+00
-3.529080000000000e-02 4.084200000000000e-02 0.000000000000000e+00
-3.279950000000000e-02 3.910705000000000e-02 0.000000000000000e+00
-3.409560000000000e-02 3.917360000000000e-02 0.000000000000000e+00
-3.187120000000000e-02 3.744235000000000e-02 0.000000000000000e+00
-3.303485000000000e-02 3.749560000000000e-02 0.000000000000000e+00
-3.120185000000000e-02 3.574635000000000e-02 0.000000000000000e+00
-3.215875000000000e-02 3.580890000000000e-02 0.000000000000000e+00
-3.150410000000000e-02 3.406560000000000e-02 0.000000000000000e+00
-3.549835000000000e-02 3.924625000000000e-02 0.000000000000000e+00
-3.686945000000000e-02 3.928365000000000e-02 0.000000000000000e+00
-3.433095000000000e-02 3.756215000000000e-02 0.000000000000000e+00
-3.559550000000000e-02 3.761230000000000e-02 0.000000000000000e+00
-3.332240000000000e-02 3.586215000000000e-02 0.000000000000000e+00
-3.444705000000000e-02 3.590165000000000e-02 0.000000000000000e+00
-3.246100000000000e-02 3.412815000000000e-02 0.000000000000000e+00
-3.348875000000000e-02 3.416305000000000e-02 0.000000000000000e+00
-3.267660000000000e-02 3.235440000000000e-02 0.000000000000000e+00
-3.696660000000000e-02 3.764970000000000e-02 0.000000000000000e+00
-3.823665000000000e-02 3.760320000000000e-02 0.000000000000000e+00
-3.571160000000000e-02 3.595180000000000e-02 0.000000000000000e+00
-3.691915000000000e-02 3.597355000000000e-02 0.000000000000000e+00
-3.461340000000000e-02 3.420255000000000e-02 0.000000000000000e+00
-3.570385000000000e-02 3.428085000000000e-02 0.000000000000000e+00
-3.370435000000000e-02 3.238930000000000e-02 0.000000000000000e+00
-3.468090000000000e-02 3.251150000000000e-02 0.000000000000000e+00
-3.387385000000000e-02 3.060490000000000e-02 0.000000000000000e+00
-3.818920000000001e-02 3.592705000000000e-02 0.000000000000000e+00
-3.940555000000000e-02 3.582600000000000e-02 0.000000000000000e+00
-3.691140000000000e-02 3.430260000000000e-02 0.000000000000000e+00
-3.807405000000000e-02 3.428254999999999e-02 0.000000000000000e+00
-3.577135000000000e-02 3.258980000000000e-02 0.000000000000000e+00
-3.683330000000000e-02 3.267670000000000e-02 0.000000000000000e+00
-3.485040000000000e-02 3.072710000000000e-02 0.000000000000000e+00
-3.572810000000000e-02 3.097920000000000e-02 0.000000000000000e+00
-3.479885000000000e-02 2.913425000000000e-02 0.000000000000000e+00
-3.929040000000000e-02 3.418150000000000e-02 0.000000000000000e+00
-4.049835000000000e-02 3.403940000000000e-02 0.000000000000000e+00
-3.799595000000000e-02 3.265665000000000e-02 0.000000000000000e+00
-3.914710000000000e-02 3.258419999999999e-02 0.000000000000000e+00
-3.679005000000000e-02 3.106610000000000e-02 0.000000000000000e+00
-3.786225000000000e-02 3.109190000000000e-02 0.000000000000000e+00
-3.567655000000000e-02 2.938635000000000e-02 0.000000000000000e+00
-3.665270000000000e-02 2.952470000000000e-02 0.000000000000000e+00
-3.550910000000000e-02 2.787985000000000e-02 0.000000000000000e+00
-4.035505000000000e-02 3.244210000000000e-02 0.000000000000000e+00
-4.156590000000000e-02 3.225755000000000e-02 0.000000000000000e+00
-3.901340000000000e-02 3.101945000000000e-02 0.000000000000000e+00
-4.018040000000001e-02 3.089860000000000e-02 0.000000000000000e+00
-3.772490000000000e-02 2.955050000000000e-02 0.000000000000000e+00
-3.882060000000000e-02 2.952580000000000e-02 0.000000000000000e+00
-3.648525000000000e-02 2.801820000000000e-02 0.000000000000000e+00
-3.751815000000000e-02 2.808330000000000e-02 0.000000000000000e+00
-3.623970000000000e-02 2.660955000000000e-02 0.000000000000000e+00
-4.139125000000000e-02 3.071405000000000e-02 0.000000000000000e+00
-4.261050000000000e-02 3.048325000000000e-02 0.000000000000000e+00
-3.998760000000000e-02 2.940495000000000e-02 0.000000000000000e+00
-4.117505000000000e-02 2.923210000000000e-02 0.000000000000000e+00
-3.861385000000001e-02 2.805860000000000e-02 0.000000000000000e+00
-3.973750000000000e-02 2.798100000000000e-02 0.000000000000000e+00
-3.727260000000000e-02 2.667465000000000e-02 0.000000000000000e+00
-3.834210000000000e-02 2.666800000000000e-02 0.000000000000000e+00
-3.694880000000000e-02 2.535830000000000e-02 0.000000000000000e+00
-4.239430000000000e-02 2.900130000000000e-02 0.000000000000000e+00
-4.363330000000000e-02 2.870375000000000e-02 0.000000000000000e+00
-4.092495000000000e-02 2.780815000000000e-02 0.000000000000000e+00
-4.213030000000000e-02 2.756935000000000e-02 0.000000000000000e+00
-3.946575000000000e-02 2.659040000000000e-02 0.000000000000000e+00
-4.061705000000000e-02 2.644585000000000e-02 0.000000000000000e+00
-3.801830000000000e-02 2.535165000000000e-02 0.000000000000000e+00
-3.912335000000000e-02 2.528635000000000e-02 0.000000000000000e+00
-3.763210000000000e-02 2.412325000000000e-02 0.000000000000000e+00
-4.336930000000000e-02 2.727180000000000e-02 0.000000000000000e+00
-4.182240000000000e-02 2.620705000000000e-02 0.000000000000000e+00
-4.027465000000000e-02 2.514180000000000e-02 0.000000000000000e+00
-3.873715000000000e-02 2.405795000000000e-02 0.000000000000000e+00
-2.458635000000000e-02 1.419490000000000e-02 0.000000000000000e+00
-2.434410000000000e-02 1.433930000000000e-02 0.000000000000000e+00
-2.459030000000000e-02 1.391290000000000e-02 0.000000000000000e+00
-2.456665000000000e-02 1.447105000000000e-02 0.000000000000000e+00
-2.491255000000000e-02 1.438325000000000e-02 0.000000000000000e+00
-2.481565000000000e-02 1.403980000000000e-02 0.000000000000000e+00
-1.657955000000000e-02 2.323930000000000e-02 0.000000000000000e+00
-1.631205000000000e-02 2.327230000000000e-02 0.000000000000000e+00
-1.696790000000000e-02 2.292705000000000e-02 0.000000000000000e+00
-1.670180000000000e-02 2.296665000000000e-02 0.000000000000000e+00
-1.735625000000000e-02 2.261475000000000e-02 0.000000000000000e+00
-1.709080000000000e-02 2.265995000000000e-02 0.000000000000000e+00
-1.774460000000000e-02 2.230250000000000e-02 0.000000000000000e+00
-1.747875000000000e-02 2.235185000000000e-02 0.000000000000000e+00
-1.813295000000000e-02 2.199025000000000e-02 0.000000000000000e+00
-1.786560000000000e-02 2.204230000000000e-02 0.000000000000000e+00
-1.811310000000000e-02 2.225140000000000e-02 0.000000000000000e+00
-1.852130000000000e-02 2.167795000000000e-02 0.000000000000000e+00
-1.825105000000000e-02 2.173105000000000e-02 0.000000000000000e+00
-1.848660000000000e-02 2.199565000000000e-02 0.000000000000000e+00
-1.890965000000000e-02 2.136570000000000e-02 0.000000000000000e+00
-1.863510000000000e-02 2.141810000000000e-02 0.000000000000000e+00
-1.883105000000000e-02 2.174035000000000e-02 0.000000000000000e+00
-1.929800000000000e-02 2.105345000000000e-02 0.000000000000000e+00
-1.901740000000000e-02 2.110320000000000e-02 0.000000000000000e+00
-1.931855000000000e-02 2.131105000000000e-02 0.000000000000000e+00
-1.922085000000000e-02 2.146470000000000e-02 0.000000000000000e+00
-1.967460000000000e-02 2.072880000000000e-02 0.000000000000000e+00
-1.939625000000000e-02 2.078450000000000e-02 0.000000000000000e+00
-1.968490000000000e-02 2.101750000000000e-02 0.000000000000000e+00
-2.002245000000000e-02 2.037405000000000e-02 0.000000000000000e+00
-1.975760000000000e-02 2.044740000000000e-02 0.000000000000000e+00
-2.003715000000000e-02 2.068955000000000e-02 0.000000000000000e+00
-2.035335000000000e-02 2.000150000000000e-02 0.000000000000000e+00
-2.009575000000000e-02 2.008605000000000e-02 0.000000000000000e+00
-2.036925000000000e-02 2.033330000000000e-02 0.000000000000000e+00
-2.068430000000000e-02 1.962890000000000e-02 0.000000000000000e+00
-2.042920000000000e-02 1.971975000000000e-02 0.000000000000000e+00
-2.070915000000000e-02 1.997290000000000e-02 0.000000000000000e+00
-2.101525000000000e-02 1.925630000000000e-02 0.000000000000000e+00
-2.076110000000000e-02 1.935195000000000e-02 0.000000000000000e+00
-2.104640000000000e-02 1.960685000000000e-02 0.000000000000000e+00
-2.134615000000000e-02 1.888375000000000e-02 0.000000000000000e+00
-2.109135000000000e-02 1.898265000000000e-02 0.000000000000000e+00
-2.138695000000000e-02 1.924395000000000e-02 0.000000000000000e+00
-2.167705000000000e-02 1.851120000000000e-02 0.000000000000000e+00
-2.142005000000000e-02 1.861195000000000e-02 0.000000000000000e+00
-2.173545000000000e-02 1.888065000000000e-02 0.000000000000000e+00
-2.200800000000000e-02 1.813860000000000e-02 0.000000000000000e+00
-2.174705000000000e-02 1.823980000000000e-02 0.000000000000000e+00
-2.206850000000000e-02 1.849570000000000e-02 0.000000000000000e+00
-2.233895000000000e-02 1.776605000000000e-02 0.000000000000000e+00
-2.207235000000000e-02 1.786620000000000e-02 0.000000000000000e+00
-2.239605000000000e-02 1.811120000000000e-02 0.000000000000000e+00
-2.266985000000000e-02 1.739350000000000e-02 0.000000000000000e+00
-2.239545000000000e-02 1.749090000000000e-02 0.000000000000000e+00
-2.271985000000000e-02 1.773190000000000e-02 0.000000000000000e+00
-2.297355000000000e-02 1.700050000000000e-02 0.000000000000000e+00
-2.271275000000000e-02 1.711120000000000e-02 0.000000000000000e+00
-2.303930000000000e-02 1.734065000000000e-02 0.000000000000000e+00
-2.324405000000000e-02 1.658265000000000e-02 0.000000000000000e+00
-2.299620000000000e-02 1.670610000000000e-02 0.000000000000000e+00
-2.332190000000000e-02 1.691925000000000e-02 0.000000000000000e+00
-2.350860000000000e-02 1.616035000000000e-02 0.000000000000000e+00
-2.326590000000000e-02 1.629080000000000e-02 0.000000000000000e+00
-2.359370000000000e-02 1.649085000000000e-02 0.000000000000000e+00
-2.377315000000000e-02 1.573805000000000e-02 0.000000000000000e+00
-2.353280000000000e-02 1.587345000000000e-02 0.000000000000000e+00
-2.385715000000000e-02 1.607070000000000e-02 0.000000000000000e+00
-2.403765000000000e-02 1.531575000000000e-02 0.000000000000000e+00
-2.379800000000000e-02 1.545500000000000e-02 0.000000000000000e+00
-2.412130000000000e-02 1.564805000000000e-02 0.000000000000000e+00
-2.430215000000000e-02 1.489340000000000e-02 0.000000000000000e+00
-2.406180000000000e-02 1.503560000000000e-02 0.000000000000000e+00
-2.438840000000000e-02 1.522650000000000e-02 0.000000000000000e+00
-2.432440000000000e-02 1.461545000000000e-02 0.000000000000000e+00
-2.465040000000000e-02 1.480735000000000e-02 0.000000000000000e+00
-2.408405000000000e-02 1.475765000000000e-02 0.000000000000000e+00
-2.382215000000000e-02 1.517485000000000e-02 0.000000000000000e+00
-2.355765000000000e-02 1.559040000000000e-02 0.000000000000000e+00
-2.329010000000000e-02 1.600390000000000e-02 0.000000000000000e+00
-2.301805000000000e-02 1.641425000000000e-02 0.000000000000000e+00
-2.273540000000000e-02 1.681680000000000e-02 0.000000000000000e+00
-2.243835000000000e-02 1.720860000000000e-02 0.000000000000000e+00
-2.212885000000000e-02 1.759105000000000e-02 0.000000000000000e+00
-2.181140000000000e-02 1.796740000000000e-02 0.000000000000000e+00
-2.149005000000000e-02 1.834055000000000e-02 0.000000000000000e+00
-2.116525000000000e-02 1.871085000000000e-02 0.000000000000000e+00
-2.083720000000000e-02 1.907830000000000e-02 0.000000000000000e+00
-2.050600000000000e-02 1.944280000000000e-02 0.000000000000000e+00
-2.017160000000000e-02 1.980430000000000e-02 0.000000000000000e+00
-1.983090000000000e-02 2.015940000000000e-02 0.000000000000000e+00
-1.947925000000000e-02 2.050310000000000e-02 0.000000000000000e+00
-1.911565000000000e-02 2.083425000000000e-02 0.000000000000000e+00
-1.874285000000000e-02 2.115560000000000e-02 0.000000000000000e+00
-1.836485000000000e-02 2.147120000000000e-02 0.000000000000000e+00
-1.798370000000000e-02 2.178310000000000e-02 0.000000000000000e+00
-1.759975000000000e-02 2.209165000000000e-02 0.000000000000000e+00
-1.721330000000000e-02 2.239705000000000e-02 0.000000000000000e+00
-1.682470000000000e-02 2.269955000000000e-02 0.000000000000000e+00
-1.643430000000000e-02 2.299965000000000e-02 0.000000000000000e+00
-2.533985000000000e-02 1.462995000000000e-02 0.000000000000000e+00
-2.541930000000000e-02 1.497890000000000e-02 0.000000000000000e+00
-2.568175000000000e-02 1.452430000000000e-02 0.000000000000000e+00
-2.499630000000000e-02 1.471955000000000e-02 0.000000000000000e+00
-2.524565000000000e-02 1.428765000000000e-02 0.000000000000000e+00
-1.846675000000000e-02 2.225680000000000e-02 0.000000000000000e+00
-2.040035000000000e-02 2.127120000000000e-02 0.000000000000000e+00
-2.005655000000000e-02 2.128740000000000e-02 0.000000000000000e+00
-2.004765000000000e-02 2.155230000000000e-02 0.000000000000000e+00
-2.258620000000000e-02 1.923175000000000e-02 0.000000000000000e+00
-2.252680000000000e-02 1.883735000000000e-02 0.000000000000000e+00
-2.292160000000000e-02 1.879020000000000e-02 0.000000000000000e+00
-2.143545000000000e-02 1.993765000000000e-02 0.000000000000000e+00
-2.107125000000000e-02 1.995085000000000e-02 0.000000000000000e+00
-2.141810000000000e-02 1.959450000000000e-02 0.000000000000000e+00
-2.109150000000000e-02 2.061570000000000e-02 0.000000000000000e+00
-2.145335000000000e-02 2.027890000000000e-02 0.000000000000000e+00
-2.108915000000000e-02 2.029210000000000e-02 0.000000000000000e+00
-2.146890000000000e-02 2.062805000000000e-02 0.000000000000000e+00
-2.039125000000000e-02 2.096205000000000e-02 0.000000000000000e+00
-2.038395000000000e-02 2.064880000000000e-02 0.000000000000000e+00
-2.004745000000000e-02 2.097825000000000e-02 0.000000000000000e+00
-2.073470000000000e-02 2.094155000000000e-02 0.000000000000000e+00
-2.073055000000000e-02 2.125170000000000e-02 0.000000000000000e+00
-2.072740000000000e-02 2.062830000000000e-02 0.000000000000000e+00
-2.106035000000000e-02 2.093700000000000e-02 0.000000000000000e+00
-2.220510000000000e-02 1.961470000000000e-02 0.000000000000000e+00
-2.218630000000000e-02 1.925955000000000e-02 0.000000000000000e+00
-2.181240000000000e-02 1.993915000000000e-02 0.000000000000000e+00
-2.179505000000000e-02 1.959600000000000e-02 0.000000000000000e+00
-2.217630000000000e-02 1.995795000000000e-02 0.000000000000000e+00
-2.182115000000000e-02 2.026070000000000e-02 0.000000000000000e+00
-2.473665000000000e-02 1.514045000000000e-02 0.000000000000000e+00
-2.507575000000000e-02 1.506850000000000e-02 0.000000000000000e+00
-2.447205000000000e-02 1.555880000000000e-02 0.000000000000000e+00
-2.483400000000000e-02 1.545575000000000e-02 0.000000000000000e+00
-2.245655000000000e-02 1.846830000000000e-02 0.000000000000000e+00
-2.212690000000000e-02 1.886515000000000e-02 0.000000000000000e+00
-2.072505000000000e-02 2.030470000000000e-02 0.000000000000000e+00
-1.970545000000000e-02 2.127510000000000e-02 0.000000000000000e+00
-2.420530000000000e-02 1.598070000000000e-02 0.000000000000000e+00
-2.455600000000000e-02 1.588585000000000e-02 0.000000000000000e+00
-2.285135000000000e-02 1.842115000000000e-02 0.000000000000000e+00
-2.277695000000000e-02 1.807705000000000e-02 0.000000000000000e+00
-2.321690000000000e-02 1.839585000000000e-02 0.000000000000000e+00
-2.350165000000000e-02 1.799015000000000e-02 0.000000000000000e+00
-2.314250000000000e-02 1.805175000000000e-02 0.000000000000000e+00
-2.394225000000000e-02 1.640120000000000e-02 0.000000000000000e+00
-2.428555000000000e-02 1.632270000000000e-02 0.000000000000000e+00
-2.367155000000000e-02 1.682745000000000e-02 0.000000000000000e+00
-2.403890000000000e-02 1.671775000000000e-02 0.000000000000000e+00
-2.374930000000000e-02 1.716270000000000e-02 0.000000000000000e+00
-2.338765000000000e-02 1.725940000000000e-02 0.000000000000000e+00
-2.381010000000000e-02 1.752075000000000e-02 0.000000000000000e+00
-2.344845000000000e-02 1.761745000000000e-02 0.000000000000000e+00
-2.411665000000000e-02 1.705300000000000e-02 0.000000000000000e+00
-2.183670000000000e-02 2.060985000000000e-02 0.000000000000000e+00
-2.143775000000000e-02 2.094935000000000e-02 0.000000000000000e+00
-2.308930000000000e-02 1.767905000000000e-02 0.000000000000000e+00
-2.177625000000000e-02 1.924085000000000e-02 0.000000000000000e+00
-2.491795000000000e-02 1.578280000000000e-02 0.000000000000000e+00
-2.463625000000000e-02 1.622785000000000e-02 0.000000000000000e+00
-2.517310000000000e-02 1.538380000000000e-02 0.000000000000000e+00
-1.879635000000000e-02 2.205805000000000e-02 0.000000000000000e+00
-1.914225000000000e-02 2.183935000000000e-02 0.000000000000000e+00
-1.969655000000000e-02 2.154000000000000e-02 0.000000000000000e+00
-1.943560000000000e-02 2.156615000000000e-02 0.000000000000000e+00
-2.218505000000000e-02 2.027950000000000e-02 0.000000000000000e+00
-2.105620000000000e-02 2.124715000000000e-02 0.000000000000000e+00
-2.438220000000000e-02 1.663925000000000e-02 0.000000000000000e+00
-2.887455000000000e-02 9.505855000000001e-03 0.000000000000000e+00
-2.963780000000000e-02 9.611234999999999e-03 0.000000000000000e+00
-2.883300000000000e-02 9.236185000000001e-03 0.000000000000000e+00
-2.886690000000000e-02 9.019565000000000e-03 0.000000000000000e+00
-2.853410000000000e-02 1.015222000000000e-02 0.000000000000000e+00
-2.913715000000000e-02 1.031537000000000e-02 0.000000000000000e+00
-2.837985000000000e-02 9.755920000000001e-03 0.000000000000000e+00
-2.866275000000000e-02 9.559370000000001e-03 0.000000000000000e+00
-2.819365000000000e-02 1.079860000000000e-02 0.000000000000000e+00
-2.896695000000000e-02 1.063855000000000e-02 0.000000000000000e+00
-2.810250000000000e-02 1.034060000000000e-02 0.000000000000000e+00
-2.785320000000000e-02 1.144495000000000e-02 0.000000000000000e+00
-2.861215000000000e-02 1.140365000000000e-02 0.000000000000000e+00
-2.782475000000000e-02 1.091355000000000e-02 0.000000000000000e+00
-2.773840000000000e-02 1.111670000000000e-02 0.000000000000000e+00
-2.751275000000000e-02 1.209130000000000e-02 0.000000000000000e+00
-2.824655000000000e-02 1.207150000000000e-02 0.000000000000000e+00
-2.744555000000000e-02 1.168615000000000e-02 0.000000000000000e+00
-2.717230000000000e-02 1.273770000000000e-02 0.000000000000000e+00
-2.791990000000000e-02 1.264275000000000e-02 0.000000000000000e+00
-2.714565000000000e-02 1.226490000000000e-02 0.000000000000000e+00
-2.683190000000000e-02 1.338410000000000e-02 0.000000000000000e+00
-2.760485000000000e-02 1.328020000000000e-02 0.000000000000000e+00
-2.685330000000000e-02 1.283190000000000e-02 0.000000000000000e+00
-2.674990000000000e-02 1.302500000000000e-02 0.000000000000000e+00
-2.649145000000000e-02 1.403045000000000e-02 0.000000000000000e+00
-2.727650000000000e-02 1.397965000000000e-02 0.000000000000000e+00
-2.645385000000000e-02 1.358080000000000e-02 0.000000000000000e+00
-2.691385000000000e-02 1.465475000000000e-02 0.000000000000000e+00
-2.606560000000000e-02 1.432445000000000e-02 0.000000000000000e+00
-2.616490000000000e-02 1.413780000000000e-02 0.000000000000000e+00
-3.985455000000000e-02 1.668800000000000e-02 0.000000000000000e+00
-3.961010000000000e-02 1.575575000000000e-02 0.000000000000000e+00
-4.122140000000000e-02 1.617085000000000e-02 0.000000000000000e+00
-3.922260000000000e-02 1.772805000000000e-02 0.000000000000000e+00
-3.877525000000000e-02 1.675660000000000e-02 0.000000000000000e+00
-4.053235000000000e-02 1.732900000000000e-02 0.000000000000000e+00
-3.859065000000000e-02 1.876810000000000e-02 0.000000000000000e+00
-3.794385000000000e-02 1.770800000000000e-02 0.000000000000000e+00
-3.985460000000000e-02 1.847880000000000e-02 0.000000000000000e+00
-3.795870000000000e-02 1.980810000000000e-02 0.000000000000000e+00
-3.739435000000000e-02 1.883520000000000e-02 0.000000000000000e+00
-3.917135000000000e-02 1.960875000000000e-02 0.000000000000000e+00
-3.676130000000000e-02 1.986245000000000e-02 0.000000000000000e+00
-3.849475000000000e-02 2.072810000000000e-02 0.000000000000000e+00
-2.900550000000000e-02 1.203020000000000e-02 0.000000000000000e+00
-2.865370000000000e-02 1.262295000000000e-02 0.000000000000000e+00
-2.925535000000000e-02 1.274590000000000e-02 0.000000000000000e+00
-2.990040000000000e-02 1.042075000000000e-02 0.000000000000000e+00
-3.090925000000000e-02 1.046785000000000e-02 0.000000000000000e+00
-2.938545000000000e-02 1.124360000000000e-02 0.000000000000000e+00
-3.022225000000000e-02 1.120085000000000e-02 0.000000000000000e+00
-2.981210000000000e-02 1.205985000000000e-02 0.000000000000000e+00
-2.835245000000000e-02 1.318525000000000e-02 0.000000000000000e+00
-2.909895000000000e-02 1.299395000000000e-02 0.000000000000000e+00
-2.804945000000000e-02 1.387575000000000e-02 0.000000000000000e+00
-2.886255000000000e-02 1.374745000000000e-02 0.000000000000000e+00
-2.769890000000000e-02 1.460395000000000e-02 0.000000000000000e+00
-2.855160000000000e-02 1.453135000000000e-02 0.000000000000000e+00
-2.811225000000000e-02 1.525620000000000e-02 0.000000000000000e+00
-3.123110000000000e-02 1.124795000000000e-02 0.000000000000000e+00
-3.229695000000000e-02 1.132370000000000e-02 0.000000000000000e+00
-3.064890000000000e-02 1.201710000000000e-02 0.000000000000000e+00
-3.155395000000000e-02 1.201930000000000e-02 0.000000000000000e+00
-3.006195000000000e-02 1.277555000000000e-02 0.000000000000000e+00
-3.101970000000000e-02 1.281130000000000e-02 0.000000000000000e+00
-2.960905000000000e-02 1.355615000000000e-02 0.000000000000000e+00
-3.031935000000000e-02 1.348710000000000e-02 0.000000000000000e+00
-2.936470000000000e-02 1.440305000000000e-02 0.000000000000000e+00
-3.012440000000000e-02 1.425135000000000e-02 0.000000000000000e+00
-2.896495000000000e-02 1.518360000000000e-02 0.000000000000000e+00
-2.983580000000000e-02 1.508690000000000e-02 0.000000000000000e+00
-2.932580000000000e-02 1.587720000000000e-02 0.000000000000000e+00
-3.127710000000000e-02 1.352285000000000e-02 0.000000000000000e+00
-3.083470000000000e-02 1.418230000000000e-02 0.000000000000000e+00
-3.145945000000000e-02 1.434150000000000e-02 0.000000000000000e+00
-3.261980000000000e-02 1.209505000000000e-02 0.000000000000000e+00
-3.365530000000000e-02 1.213540000000000e-02 0.000000000000000e+00
-3.192475000000000e-02 1.281350000000000e-02 0.000000000000000e+00
-3.285375000000000e-02 1.285730000000000e-02 0.000000000000000e+00
-3.226290000000000e-02 1.366270000000000e-02 0.000000000000000e+00
-3.059550000000000e-02 1.493520000000000e-02 0.000000000000000e+00
-3.135605000000000e-02 1.466650000000000e-02 0.000000000000000e+00
-3.019665000000000e-02 1.578050000000000e-02 0.000000000000000e+00
-3.113235000000000e-02 1.569195000000000e-02 0.000000000000000e+00
-3.059355000000000e-02 1.655185000000000e-02 0.000000000000000e+00
-3.388925000000000e-02 1.289765000000000e-02 0.000000000000000e+00
-3.513270000000000e-02 1.302285000000000e-02 0.000000000000000e+00
-3.319190000000000e-02 1.370650000000000e-02 0.000000000000000e+00
-3.422630000000000e-02 1.377080000000000e-02 0.000000000000000e+00
-3.244524999999999e-02 1.448135000000000e-02 0.000000000000000e+00
-3.361840000000000e-02 1.460225000000000e-02 0.000000000000000e+00
-3.189290000000000e-02 1.542325000000000e-02 0.000000000000000e+00
-3.279360000000000e-02 1.530750000000000e-02 0.000000000000000e+00
-3.152924999999999e-02 1.646330000000000e-02 0.000000000000000e+00
-3.257275000000000e-02 1.641445000000000e-02 0.000000000000000e+00
-3.198284999999999e-02 1.729040000000000e-02 0.000000000000000e+00
-3.546975000000000e-02 1.389600000000000e-02 0.000000000000000e+00
-3.672655000000000e-02 1.398620000000000e-02 0.000000000000000e+00
-3.465280000000000e-02 1.466655000000000e-02 0.000000000000000e+00
-3.574110000000000e-02 1.476020000000000e-02 0.000000000000000e+00
-3.396675000000000e-02 1.542840000000000e-02 0.000000000000000e+00
-3.506915000000000e-02 1.554800000000000e-02 0.000000000000000e+00
-3.347345000000000e-02 1.629870000000000e-02 0.000000000000000e+00
-3.448640000000000e-02 1.622460000000000e-02 0.000000000000000e+00
-3.302635000000000e-02 1.724155000000000e-02 0.000000000000000e+00
-3.411515000000000e-02 1.720210000000000e-02 0.000000000000000e+00
-3.348610000000000e-02 1.810115000000000e-02 0.000000000000000e+00
-3.615745000000000e-02 1.564165000000000e-02 0.000000000000000e+00
-3.558880000000000e-02 1.634420000000000e-02 0.000000000000000e+00
-3.639615000000000e-02 1.659820000000000e-02 0.000000000000000e+00
-3.699790000000000e-02 1.485040000000000e-02 0.000000000000000e+00
-3.827090000000000e-02 1.489475000000000e-02 0.000000000000000e+00
-3.725780000000000e-02 1.578000000000000e-02 0.000000000000000e+00
-3.512810000000000e-02 1.712800000000000e-02 0.000000000000000e+00
-3.617375000000000e-02 1.691390000000000e-02 0.000000000000000e+00
-3.457490000000000e-02 1.806170000000000e-02 0.000000000000000e+00
-3.570189999999999e-02 1.798920000000000e-02 0.000000000000000e+00
-3.506995000000000e-02 1.896205000000000e-02 0.000000000000000e+00
-3.853080000000000e-02 1.582435000000000e-02 0.000000000000000e+00
-3.749650000000000e-02 1.673655000000000e-02 0.000000000000000e+00
-3.674755000000000e-02 1.777510000000000e-02 0.000000000000000e+00
-3.619695000000000e-02 1.888955000000000e-02 0.000000000000000e+00
-4.777500000000000e-02 5.850749999999999e-18 0.000000000000000e+00
-4.677590000000000e-02 1.170100000000003e-03 0.000000000000000e+00
-4.962500000000000e-02 6.077310000000001e-18 0.000000000000000e+00
-4.860125000000000e-02 1.144845000000003e-03 0.000000000000000e+00
-5.147500000000000e-02 6.303870000000000e-18 0.000000000000000e+00
-5.044990000000000e-02 1.122445000000003e-03 0.000000000000000e+00
-5.332500000000000e-02 6.530430000000000e-18 0.000000000000000e+00
-5.231050000000000e-02 1.123990000000003e-03 0.000000000000000e+00
-5.418150000000000e-02 1.145185000000003e-03 0.000000000000000e+00
-5.316700000000000e-02 2.269175000000000e-03 0.000000000000000e+00
-5.402005000000000e-02 3.423180000000000e-03 0.000000000000000e+00
-5.128539999999999e-02 2.246435000000000e-03 0.000000000000000e+00
-5.210505000000000e-02 3.374165000000000e-03 0.000000000000000e+00
-4.942615000000000e-02 2.267290000000000e-03 0.000000000000000e+00
-5.022045000000000e-02 3.360725000000000e-03 0.000000000000000e+00
-4.760215000000000e-02 2.314945000000000e-03 0.000000000000000e+00
-4.837510000000000e-02 3.414415000000000e-03 0.000000000000000e+00
-4.658080000000001e-02 3.501470000000000e-03 0.000000000000000e+00
-5.295810000000000e-02 4.528170000000000e-03 0.000000000000000e+00
-5.378720000000000e-02 5.687095000000000e-03 0.000000000000000e+00
-5.104010000000000e-02 4.488455000000001e-03 0.000000000000000e+00
-5.182945000000000e-02 5.608595000000000e-03 0.000000000000000e+00
-4.916940000000000e-02 4.507850000000000e-03 0.000000000000000e+00
-4.991665000000000e-02 5.572490000000000e-03 0.000000000000000e+00
-4.735375000000000e-02 4.600940000000000e-03 0.000000000000000e+00
-4.806575000000000e-02 5.639295000000000e-03 0.000000000000000e+00
-4.628250000000000e-02 5.860830000000000e-03 0.000000000000000e+00
-5.265855000000000e-02 6.767520000000000e-03 0.000000000000000e+00
-5.345395000000000e-02 7.931770000000001e-03 0.000000000000000e+00
-5.070600000000000e-02 6.692630000000000e-03 0.000000000000000e+00
-5.145595000000000e-02 7.798950000000000e-03 0.000000000000000e+00
-4.881300000000000e-02 6.703935000000000e-03 0.000000000000000e+00
-4.951750000000000e-02 7.745330000000000e-03 0.000000000000000e+00
-4.699449999999999e-02 6.899185000000000e-03 0.000000000000000e+00
-4.765709999999999e-02 7.838705000000000e-03 0.000000000000000e+00
-4.589555000000000e-02 8.208915000000001e-03 0.000000000000000e+00
-5.225135000000000e-02 8.963200000000001e-03 0.000000000000000e+00
-5.301565000000000e-02 1.014172000000000e-02 0.000000000000000e+00
-5.026745000000000e-02 8.851649999999999e-03 0.000000000000000e+00
-5.097310000000000e-02 9.940829999999999e-03 0.000000000000000e+00
-4.836160000000000e-02 8.880100000000000e-03 0.000000000000000e+00
-4.898955000000000e-02 9.861220000000000e-03 0.000000000000000e+00
-4.655815000000000e-02 9.148435000000000e-03 0.000000000000000e+00
-4.709075000000000e-02 9.945829999999999e-03 0.000000000000000e+00
-4.525370000000000e-02 1.025060500000000e-02 0.000000000000000e+00
-5.173740000000000e-02 1.111935000000000e-02 0.000000000000000e+00
-5.245540000000000e-02 1.228810000000000e-02 0.000000000000000e+00
-4.969520000000000e-02 1.095040000000000e-02 0.000000000000000e+00
-5.037095000000000e-02 1.202045000000000e-02 0.000000000000000e+00
-4.771870000000000e-02 1.092695000000000e-02 0.000000000000000e+00
-4.831525000000000e-02 1.188120000000000e-02 0.000000000000000e+00
-4.578630000000000e-02 1.104800000000000e-02 0.000000000000000e+00
-4.633045000000000e-02 1.192055000000000e-02 0.000000000000000e+00
-4.435800000000000e-02 1.212160000000000e-02 0.000000000000000e+00
-5.108895000000000e-02 1.318920000000000e-02 0.000000000000000e+00
-5.168370000000000e-02 1.431235000000000e-02 0.000000000000000e+00
-4.899100000000000e-02 1.295125000000000e-02 0.000000000000000e+00
-4.961360000000000e-02 1.398615000000000e-02 0.000000000000000e+00
-4.692700000000000e-02 1.287480000000000e-02 0.000000000000000e+00
-4.754000000000000e-02 1.378005000000000e-02 0.000000000000000e+00
-4.490215000000000e-02 1.299415000000000e-02 0.000000000000000e+00
-4.549625000000000e-02 1.377880000000000e-02 0.000000000000000e+00
-4.344155000000000e-02 1.403315000000000e-02 0.000000000000000e+00
-5.020835000000000e-02 1.510930000000000e-02 0.000000000000000e+00
-5.072905000000000e-02 1.621320000000000e-02 0.000000000000000e+00
-4.816260000000000e-02 1.481495000000000e-02 0.000000000000000e+00
-4.872660000000000e-02 1.583185000000000e-02 0.000000000000000e+00
-4.610925000000000e-02 1.468405000000000e-02 0.000000000000000e+00
-4.671550000000000e-02 1.556030000000000e-02 0.000000000000000e+00
-4.403565000000000e-02 1.481780000000000e-02 0.000000000000000e+00
-4.469280000000000e-02 1.545185000000000e-02 0.000000000000000e+00
-4.263045000000000e-02 1.556955000000000e-02 0.000000000000000e+00
-4.924730000000000e-02 1.693575000000000e-02 0.000000000000000e+00
-4.972815000000000e-02 1.805290000000000e-02 0.000000000000000e+00
-4.727950000000000e-02 1.657720000000000e-02 0.000000000000000e+00
-4.779230000000000e-02 1.761030000000000e-02 0.000000000000000e+00
-4.529905000000000e-02 1.632810000000000e-02 0.000000000000000e+00
-4.585750000000000e-02 1.724380000000000e-02 0.000000000000000e+00
-4.328760000000000e-02 1.620360000000000e-02 0.000000000000000e+00
-4.389545000000000e-02 1.697980000000000e-02 0.000000000000000e+00
-4.189920000000000e-02 1.681185000000000e-02 0.000000000000000e+00
-4.827315000000000e-02 1.872745000000000e-02 0.000000000000000e+00
-4.871880000000000e-02 1.986835000000000e-02 0.000000000000000e+00
-4.637030000000000e-02 1.827690000000000e-02 0.000000000000000e+00
-4.684915000000001e-02 1.934795000000000e-02 0.000000000000000e+00
-4.445390000000000e-02 1.789550000000000e-02 0.000000000000000e+00
-4.498040000000000e-02 1.885675000000000e-02 0.000000000000000e+00
-4.250705000000000e-02 1.758805000000000e-02 0.000000000000000e+00
-4.307990000000000e-02 1.845000000000000e-02 0.000000000000000e+00
-4.116435000000000e-02 1.807975000000000e-02 0.000000000000000e+00
-4.729480000000000e-02 2.048885000000000e-02 0.000000000000000e+00
-4.770455000000000e-02 2.166010000000000e-02 0.000000000000000e+00
-4.545925000000000e-02 1.992780000000000e-02 0.000000000000000e+00
-4.590330000000000e-02 2.104260000000000e-02 0.000000000000000e+00
-4.360640000000000e-02 1.941125000000000e-02 0.000000000000000e+00
-4.410100000000000e-02 2.042315000000000e-02 0.000000000000000e+00
-4.173720000000000e-02 1.894170000000000e-02 0.000000000000000e+00
-4.226620000000000e-02 1.987125000000000e-02 0.000000000000000e+00
-4.043530000000000e-02 1.931945000000000e-02 0.000000000000000e+00
-4.631305000000000e-02 2.221385000000000e-02 0.000000000000000e+00
-4.667480000000000e-02 2.343565000000000e-02 0.000000000000000e+00
-4.454505000000000e-02 2.153795000000000e-02 0.000000000000000e+00
-4.494090000000000e-02 2.270125000000000e-02 0.000000000000000e+00
-4.276080000000000e-02 2.088315000000000e-02 0.000000000000000e+00
-4.321129999999999e-02 2.195245000000000e-02 0.000000000000000e+00
-4.096430000000000e-02 2.024900000000000e-02 0.000000000000000e+00
-4.146025000000000e-02 2.123865000000000e-02 0.000000000000000e+00
-3.970740000000000e-02 2.052875000000000e-02 0.000000000000000e+00
-4.530265000000000e-02 2.392305000000000e-02 0.000000000000000e+00
-4.360715000000000e-02 2.311575000000000e-02 0.000000000000000e+00
-4.191075000000000e-02 2.230795000000000e-02 0.000000000000000e+00
-4.020335000000000e-02 2.151840000000000e-02 0.000000000000000e+00
-2.841560000000000e-02 2.738675000000000e-03 0.000000000000000e+00
-2.831040000000000e-02 2.490460000000000e-03 0.000000000000000e+00
-2.833935000000000e-02 3.231125000000000e-03 0.000000000000000e+00
-2.824060000000000e-02 2.980855000000000e-03 0.000000000000000e+00
-2.826310000000000e-02 3.723575000000000e-03 0.000000000000000e+00
-2.816945000000000e-02 3.471100000000000e-03 0.000000000000000e+00
-2.818685000000000e-02 4.216025000000000e-03 0.000000000000000e+00
-2.809670000000000e-02 3.961140000000000e-03 0.000000000000000e+00
-2.811055000000000e-02 4.708475000000000e-03 0.000000000000000e+00
-2.802200000000000e-02 4.450910000000001e-03 0.000000000000000e+00
-2.832680000000000e-02 4.560695000000000e-03 0.000000000000000e+00
-2.803430000000000e-02 5.200925000000000e-03 0.000000000000000e+00
-2.794515000000000e-02 4.940360000000000e-03 0.000000000000000e+00
-2.829210000000000e-02 5.012045000000000e-03 0.000000000000000e+00
-2.795805000000000e-02 5.693375000000001e-03 0.000000000000000e+00
-2.786620000000000e-02 5.429420000000001e-03 0.000000000000000e+00
-2.824325000000000e-02 5.437970000000000e-03 0.000000000000000e+00
-2.788180000000000e-02 6.185825000000000e-03 0.000000000000000e+00
-2.778460000000000e-02 5.917970000000000e-03 0.000000000000000e+00
-2.811515000000000e-02 6.074830000000000e-03 0.000000000000000e+00
-2.819935000000000e-02 5.913400000000000e-03 0.000000000000000e+00
-2.778900000000000e-02 6.674265000000000e-03 0.000000000000000e+00
-2.769805000000000e-02 6.405390000000000e-03 0.000000000000000e+00
-2.804415000000000e-02 6.538850000000001e-03 0.000000000000000e+00
-2.765570000000000e-02 7.152920000000000e-03 0.000000000000000e+00
-2.758680000000000e-02 6.886865000000000e-03 0.000000000000000e+00
-2.793630000000000e-02 7.007869999999999e-03 0.000000000000000e+00
-2.749850000000000e-02 7.625794999999999e-03 0.000000000000000e+00
-2.744290000000000e-02 7.360430000000000e-03 0.000000000000000e+00
-2.779380000000000e-02 7.473665000000000e-03 0.000000000000000e+00
-2.734130000000000e-02 8.098669999999999e-03 0.000000000000000e+00
-2.729240000000000e-02 7.832334999999999e-03 0.000000000000000e+00
-2.765165000000000e-02 7.948210000000001e-03 0.000000000000000e+00
-2.718410000000000e-02 8.571550000000001e-03 0.000000000000000e+00
-2.713985000000000e-02 8.303649999999999e-03 0.000000000000000e+00
-2.750325000000000e-02 8.423264999999999e-03 0.000000000000000e+00
-2.702690000000000e-02 9.044425000000000e-03 0.000000000000000e+00
-2.698515000000000e-02 8.774320000000000e-03 0.000000000000000e+00
-2.735925000000000e-02 8.899674999999999e-03 0.000000000000000e+00
-2.686970000000000e-02 9.517299999999999e-03 0.000000000000000e+00
-2.682845000000000e-02 9.244314999999999e-03 0.000000000000000e+00
-2.721885000000000e-02 9.383135000000001e-03 0.000000000000000e+00
-2.671250000000000e-02 9.990170000000000e-03 0.000000000000000e+00
-2.666965000000000e-02 9.713599999999999e-03 0.000000000000000e+00
-2.705200000000000e-02 9.864025000000000e-03 0.000000000000000e+00
-2.655530000000000e-02 1.046305000000000e-02 0.000000000000000e+00
-2.650875000000000e-02 1.018210000000000e-02 0.000000000000000e+00
-2.688280000000000e-02 1.033995000000000e-02 0.000000000000000e+00
-2.639810000000000e-02 1.093595000000000e-02 0.000000000000000e+00
-2.634525000000000e-02 1.064960000000000e-02 0.000000000000000e+00
-2.671620000000000e-02 1.081005000000000e-02 0.000000000000000e+00
-2.620965000000000e-02 1.139545000000000e-02 0.000000000000000e+00
-2.617510000000000e-02 1.111425000000000e-02 0.000000000000000e+00
-2.653710000000000e-02 1.128230000000000e-02 0.000000000000000e+00
-2.598305000000000e-02 1.183860000000000e-02 0.000000000000000e+00
-2.596600000000000e-02 1.156225000000000e-02 0.000000000000000e+00
-2.631345000000000e-02 1.173775000000000e-02 0.000000000000000e+00
-2.574955000000000e-02 1.227885000000000e-02 0.000000000000000e+00
-2.574120000000000e-02 1.200345000000000e-02 0.000000000000000e+00
-2.607835000000000e-02 1.218730000000000e-02 0.000000000000000e+00
-2.551610000000000e-02 1.271910000000000e-02 0.000000000000000e+00
-2.551315000000000e-02 1.244325000000000e-02 0.000000000000000e+00
-2.584615000000000e-02 1.262555000000000e-02 0.000000000000000e+00
-2.528265000000000e-02 1.315935000000000e-02 0.000000000000000e+00
-2.528345000000000e-02 1.288215000000000e-02 0.000000000000000e+00
-2.561225000000000e-02 1.306560000000000e-02 0.000000000000000e+00
-2.504915000000000e-02 1.359960000000000e-02 0.000000000000000e+00
-2.505210000000000e-02 1.332035000000000e-02 0.000000000000000e+00
-2.538075000000000e-02 1.350775000000000e-02 0.000000000000000e+00
-2.481960000000000e-02 1.375780000000000e-02 0.000000000000000e+00
-2.514875000000000e-02 1.394420000000000e-02 0.000000000000000e+00
-2.482255000000000e-02 1.347855000000000e-02 0.000000000000000e+00
-2.505290000000000e-02 1.304315000000000e-02 0.000000000000000e+00
-2.528050000000000e-02 1.260630000000000e-02 0.000000000000000e+00
-2.550480000000000e-02 1.216785000000000e-02 0.000000000000000e+00
-2.572415000000000e-02 1.172710000000000e-02 0.000000000000000e+00
-2.593145000000000e-02 1.128105000000000e-02 0.000000000000000e+00
-2.612225000000000e-02 1.082790000000000e-02 0.000000000000000e+00
-2.629870000000000e-02 1.036865000000000e-02 0.000000000000000e+00
-2.646590000000000e-02 9.905529999999999e-03 0.000000000000000e+00
-2.662840000000000e-02 9.440614999999999e-03 0.000000000000000e+00
-2.678670000000000e-02 8.974210000000000e-03 0.000000000000000e+00
-2.694090000000000e-02 8.506420000000001e-03 0.000000000000000e+00
-2.709095000000000e-02 8.037315000000000e-03 0.000000000000000e+00
-2.723680000000000e-02 7.566970000000000e-03 0.000000000000000e+00
-2.737400000000000e-02 7.094375000000000e-03 0.000000000000000e+00
-2.749585000000000e-02 6.617990000000000e-03 0.000000000000000e+00
-2.760085000000000e-02 6.137535000000000e-03 0.000000000000000e+00
-2.769275000000000e-02 5.654015000000000e-03 0.000000000000000e+00
-2.777705000000000e-02 5.168855000000000e-03 0.000000000000000e+00
-2.785660000000000e-02 4.682795000000000e-03 0.000000000000000e+00
-2.793185000000000e-02 4.196025000000001e-03 0.000000000000000e+00
-2.800305000000000e-02 3.708665000000000e-03 0.000000000000000e+00
-2.807070000000000e-02 3.220830000000000e-03 0.000000000000000e+00
-2.813540000000000e-02 2.732640000000000e-03 0.000000000000000e+00
-2.850835000000000e-02 4.864265000000000e-03 0.000000000000000e+00
-2.862155000000000e-02 7.031585000000000e-03 0.000000000000000e+00
-2.846370000000000e-02 6.725750000000000e-03 0.000000000000000e+00
-2.868865000000000e-02 6.585605000000000e-03 0.000000000000000e+00
-2.794825000000000e-02 9.944300000000000e-03 0.000000000000000e+00
-2.757700000000000e-02 1.009005500000000e-02 0.000000000000000e+00
-2.773360000000000e-02 1.045555000000000e-02 0.000000000000000e+00
-2.798425000000000e-02 8.594835000000000e-03 0.000000000000000e+00
-2.781360000000000e-02 8.272805000000001e-03 0.000000000000000e+00
-2.767840000000000e-02 8.751390000000001e-03 0.000000000000000e+00
-2.839945000000000e-02 7.957954999999999e-03 0.000000000000000e+00
-2.828870000000000e-02 8.439745000000000e-03 0.000000000000000e+00
-2.811805000000000e-02 8.117715000000001e-03 0.000000000000000e+00
-2.859885000000000e-02 8.278630000000000e-03 0.000000000000000e+00
-2.834930000000000e-02 7.178290000000000e-03 0.000000000000000e+00
-2.807440000000000e-02 7.328615000000000e-03 0.000000000000000e+00
-2.819145000000000e-02 6.872455000000000e-03 0.000000000000000e+00
-2.850325000000000e-02 7.485995000000000e-03 0.000000000000000e+00
-2.876975000000000e-02 7.327310000000000e-03 0.000000000000000e+00
-2.822835000000000e-02 7.636320000000000e-03 0.000000000000000e+00
-2.866210000000000e-02 7.770290000000000e-03 0.000000000000000e+00
-2.808935000000000e-02 9.422830000000000e-03 0.000000000000000e+00
-2.777240000000000e-02 9.584104999999999e-03 0.000000000000000e+00
-2.817400000000000e-02 8.920555000000000e-03 0.000000000000000e+00
-2.786815000000000e-02 9.077109999999999e-03 0.000000000000000e+00
-2.837225000000000e-02 9.226280000000000e-03 0.000000000000000e+00
-2.845685000000000e-02 8.767355000000001e-03 0.000000000000000e+00
-2.548035000000000e-02 1.385235000000000e-02 0.000000000000000e+00
-2.558755000000000e-02 1.418200000000000e-02 0.000000000000000e+00
-2.571035000000000e-02 1.341400000000000e-02 0.000000000000000e+00
-2.580210000000000e-02 1.377900000000000e-02 0.000000000000000e+00
-2.722230000000000e-02 1.021380500000000e-02 0.000000000000000e+00
-2.740115000000000e-02 9.729860000000000e-03 0.000000000000000e+00
-2.794695000000000e-02 7.796080000000000e-03 0.000000000000000e+00
-2.827750000000000e-02 6.427855000000000e-03 0.000000000000000e+00
-2.594230000000000e-02 1.297205000000000e-02 0.000000000000000e+00
-2.603555000000000e-02 1.332315000000000e-02 0.000000000000000e+00
-2.737890000000000e-02 1.057930000000000e-02 0.000000000000000e+00
-2.704370000000000e-02 1.068695000000000e-02 0.000000000000000e+00
-2.753975000000000e-02 1.090845000000000e-02 0.000000000000000e+00
-2.733075000000000e-02 1.135790000000000e-02 0.000000000000000e+00
-2.720455000000000e-02 1.101610000000000e-02 0.000000000000000e+00
-2.617495000000000e-02 1.253400000000000e-02 0.000000000000000e+00
-2.627860000000000e-02 1.287060000000000e-02 0.000000000000000e+00
-2.640875000000000e-02 1.208645000000000e-02 0.000000000000000e+00
-2.649745000000000e-02 1.245940000000000e-02 0.000000000000000e+00
-2.673795000000000e-02 1.198615000000000e-02 0.000000000000000e+00
-2.664090000000000e-02 1.162460000000000e-02 0.000000000000000e+00
-2.707845000000000e-02 1.185975000000000e-02 0.000000000000000e+00
-2.698140000000000e-02 1.149820000000000e-02 0.000000000000000e+00
-2.682665000000000e-02 1.235910000000000e-02 0.000000000000000e+00
-2.876700000000000e-02 8.606240000000001e-03 0.000000000000000e+00
-2.886150000000000e-02 8.090965000000000e-03 0.000000000000000e+00
-2.685520000000000e-02 1.115640000000000e-02 0.000000000000000e+00
-2.755120000000000e-02 9.238385000000000e-03 0.000000000000000e+00
-2.612730000000000e-02 1.368815000000000e-02 0.000000000000000e+00
-2.637185000000000e-02 1.322170000000000e-02 0.000000000000000e+00
-2.590930000000000e-02 1.410865000000000e-02 0.000000000000000e+00
-2.850105000000000e-02 5.249090000000000e-03 0.000000000000000e+00
-2.848455000000000e-02 5.657995000000001e-03 0.000000000000000e+00
-2.850245000000000e-02 6.287710000000000e-03 0.000000000000000e+00
-2.839460000000000e-02 6.048630000000000e-03 0.000000000000000e+00
-2.865510000000000e-02 9.073080000000001e-03 0.000000000000000e+00
-2.892860000000000e-02 7.611605000000000e-03 0.000000000000000e+00
-2.660110000000000e-02 1.279600000000000e-02 0.000000000000000e+00
POLYGONS 1590 14130
8 403 402 453 408 2609 2627 2612 2610
8 408 453 452 407 2627 2625 2624 2706
8 407 452 451 406 2625 2622 2621 2705
8 406 451 450 405 2622 2619 2618 2704
8 405 450 449 404 2619 2616 2615 2703
8 404 449 4 5 2616 1756 1760 1758
8 402 401 448 453 2606 2702 2610 2607
8 453 448 447 452 2702 2701 2706 2700
8 452 447 446 451 2701 2699 2705 2698
8 451 443 445 450 2694 2697 2704 2692
8 450 445 444 449 2697 2696 2703 2695
8 449 444 36 4 2696 1757 1758 1821
8 401 400 442 448 2603 2691 2607 2604
8 448 442 441 447 2691 2690 2700 2689
8 447 441 440 446 2690 2688 2698 2687
8 446 440 439 443 2688 2686 2693 2685
8 443 439 438 445 2686 2684 2692 2683
8 445 438 437 444 2684 2682 2695 2681
8 444 437 35 36 2682 1819 1821 1820
8 400 399 436 442 2600 2680 2604 2601
8 442 436 435 441 2680 2679 2689 2678
8 441 435 434 440 2679 2677 2687 2676
8 440 434 433 439 2677 2675 2685 2674
8 439 433 432 438 2675 2673 2683 2672
8 438 432 431 437 2673 2671 2681 2670
8 437 431 34 35 2671 1817 1820 1818
8 399 398 430 436 2597 2669 2601 2598
8 436 430 429 435 2669 2668 2678 2667
8 435 429 428 434 2668 2666 2676 2665
8 434 424 427 433 2659 2664 2674 2657
8 433 427 426 432 2664 2663 2672 2662
8 432 426 425 431 2663 2661 2670 2660
8 431 425 33 34 2661 1815 1818 1816
8 398 397 423 430 2594 2656 2598 2595
8 430 423 422 429 2656 2655 2667 2654
8 429 422 421 428 2655 2653 2665 2652
8 428 421 420 424 2653 2651 2658 2650
8 424 420 419 427 2651 2649 2657 2648
8 427 419 418 426 2649 2647 2662 2646
8 426 418 417 425 2647 2645 2660 2644
8 425 417 3 33 2645 1753 1816 1755
8 397 396 416 423 2591 2643 2595 2592
8 423 416 415 422 2643 2642 2654 2641
8 422 415 414 421 2642 2640 2652 2639
8 421 414 413 420 2640 2638 2650 2637
8 420 409 412 419 2631 2636 2648 2629
8 419 412 411 418 2636 2635 2646 2634
8 418 411 410 417 2635 2633 2644 2632
8 417 410 37 3 2633 1754 1755 1822
8 396 386 395 416 2557 2588 2592 2556
8 416 395 394 415 2588 2586 2641 2585
8 415 394 393 414 2586 2582 2639 2581
8 414 393 392 413 2582 2579 2637 2578
8 413 392 391 409 2579 2576 2630 2575
8 409 391 390 412 2576 2572 2629 2571
8 412 390 389 411 2572 2569 2634 2568
8 411 388 387 410 2565 2561 2632 2560
8 37 410 387 2 1822 1751 1749 2561
8 403 408 523 459 2612 2717 2613 2628
8 459 523 522 460 2717 2720 2716 2832
8 460 522 521 461 2720 2723 2719 2831
8 461 521 520 462 2723 2726 2722 2830
8 462 520 519 463 2726 2728 2725 2829
8 463 519 51 45 2728 1836 1838 1850
8 408 407 518 523 2624 2828 2628 2626
8 523 518 517 522 2828 2827 2832 2826
8 522 517 516 521 2827 2825 2831 2824
8 521 516 515 520 2825 2823 2830 2822
8 520 515 514 519 2823 2821 2829 2820
8 519 514 50 51 2821 1848 1850 1849
8 407 406 513 518 2621 2819 2626 2623
8 518 513 512 517 2819 2818 2826 2817
8 517 512 511 516 2818 2816 2824 2815
8 516 511 510 515 2816 2814 2822 2813
8 515 510 509 514 2814 2812 2820 2811
8 514 509 49 50 2812 1846 1849 1847
8 406 405 508 513 2618 2810 2623 2620
8 513 508 507 512 2810 2809 2817 2808
8 512 507 506 511 2809 2807 2815 2806
8 511 506 505 510 2807 2805 2813 2804
8 510 505 504 509 2805 2803 2811 2802
8 509 504 48 49 2803 1844 1847 1845
8 405 404 503 508 2615 2801 2620 2617
8 508 503 502 507 2801 2800 2808 2799
8 507 502 501 506 2800 2798 2806 2797
8 506 501 500 505 2798 2796 2804 2795
8 505 500 499 504 2796 2794 2802 2793
8 504 499 47 48 2794 1842 1845 1843
8 404 5 498 503 1760 2792 2617 1761
8 503 498 497 502 2792 2791 2799 2790
8 502 497 496 501 2791 2789 2797 2788
8 501 496 495 500 2789 2787 2795 2786
8 500 495 494 499 2787 2785 2793 2784
8 499 494 46 47 2785 1839 1843 1841
8 5 44 493 498 1759 2783 1761 1835
8 498 493 492 497 2783 2782 2790 2781
8 497 492 491 496 2782 2780 2788 2779
8 496 491 490 495 2780 2778 2786 2777
8 495 490 489 494 2778 2776 2784 2775
8 494 489 52 46 2776 1840 1841 1852
8 44 43 488 493 1833 2774 1835 1834
8 493 488 487 492 2774 2773 2781 2772
8 492 487 486 491 2773 2771 2779 2770
8 491 486 485 490 2771 2769 2777 2768
8 490 485 484 489 2769 2767 2775 2766
8 489 484 57 52 2767 1851 1852 1862
8 43 42 483 488 1831 2765 1834 1832
8 488 483 482 487 2765 2764 2772 2763
8 487 482 481 486 2764 2762 2770 2761
8 486 481 480 485 2762 2760 2768 2759
8 485 480 479 484 2760 2758 2766 2757
8 484 479 56 57 2758 1860 1862 1861
8 42 41 478 483 1829 2756 1832 1830
8 483 478 477 482 2756 2755 2763 2754
8 482 477 476 481 2755 2753 2761 2752
8 481 476 475 480 2753 2751 2759 2750
8 480 475 474 479 2751 2749 2757 2748
8 479 474 55 56 2749 1858 1861 1859
8 41 40 473 478 1827 2747 1830 1828
8 478 473 472 477 2747 2746 2754 2745
8 477 472 471 476 2746 2744 2752 2743
8 476 471 470 475 2744 2742 2750 2741
8 475 470 469 474 2742 2740 2748 2739
8 474 469 54 55 2740 1856 1859 1857
8 40 39 468 473 1825 2738 1828 1826
8 473 468 467 472 2738 2737 2745 2736
8 472 467 466 471 2737 2735 2743 2734
8 471 466 465 470 2735 2733 2741 2732
8 470 465 464 469 2733 2731 2739 2730
8 469 464 53 54 2731 1853 1857 1855
8 39 38 454 468 1823 2708 1826 1824
8 468 454 455 467 2708 2710 2736 2707
8 467 455 456 466 2710 2712 2734 2709
8 466 456 457 465 2712 2714 2732 2711
8 465 457 458 464 2714 2715 2730 2713
8 464 458 58 53 2715 1854 1855 1863
8 525 524 551 550 2833 2908 2836 2834
8 524 6 7 551 1764 1766 2834 1762
8 550 551 552 549 2908 2906 2905 2910
8 551 7 8 552 1766 1768 2910 1765
8 549 552 553 548 2906 2903 2902 2911
8 552 8 9 553 1768 1770 2911 1767
8 548 553 554 547 2903 2900 2899 2912
8 553 9 10 554 1770 1772 2912 1769
8 547 554 555 546 2900 2897 2896 2913
8 554 10 11 555 1772 1774 2913 1771
8 546 555 556 545 2897 2894 2893 2914
8 555 11 12 556 1774 1776 2914 1773
8 545 556 557 544 2894 2891 2890 2915
8 556 12 13 557 1776 1778 2915 1775
8 544 557 558 543 2891 2888 2887 2916
8 557 13 14 558 1778 1780 2916 1777
8 543 558 559 542 2888 2885 2884 2917
8 558 14 15 559 1780 1782 2917 1779
8 542 559 560 541 2885 2882 2881 2918
8 559 15 16 560 1782 1784 2918 1781
8 541 560 561 540 2882 2879 2878 2919
8 560 16 17 561 1784 1786 2919 1783
8 540 561 562 539 2879 2876 2875 2920
8 561 17 18 562 1786 1788 2920 1785
8 539 562 563 538 2876 2873 2872 2921
8 562 18 19 563 1788 1790 2921 1787
8 538 563 564 537 2873 2870 2869 2922
8 563 19 20 564 1790 1792 2922 1789
8 537 564 565 536 2870 2867 2866 2923
8 564 20 21 565 1792 1794 2923 1791
8 536 565 566 535 2867 2864 2863 2924
8 565 21 22 566 1794 1796 2924 1793
8 535 566 567 534 2864 2861 2860 2925
8 566 22 23 567 1796 1798 2925 1795
8 534 567 568 533 2861 2857 2856 2926
8 567 23 24 568 1798 1800 2926 1797
8 533 568 569 532 2857 2854 2853 2927
8 568 24 25 569 1800 1802 2927 1799
8 532 569 570 531 2854 2851 2850 2928
8 569 25 26 570 1802 1804 2928 1801
8 531 570 571 530 2851 2848 2847 2929
8 570 26 27 571 1804 1806 2929 1803
8 530 571 572 529 2848 2846 2845 2930
8 571 27 28 572 1806 1808 2930 1805
8 529 572 573 528 2846 2844 2843 2931
8 572 28 29 573 1808 1810 2931 1807
8 528 573 574 527 2844 2842 2841 2932
8 573 29 30 574 1810 1812 2932 1809
8 527 574 575 526 2842 2840 2839 2933
8 574 30 31 575 1812 1813 2933 1811
8 526 575 32 1 2840 1746 1748 1814
8 575 31 0 32 1813 1745 1814 1744
8 616 612 62 63 2998 1872 1877 1873
8 616 63 614 615 1877 2999 3000 1876
8 611 609 394 395 2994 2585 2590 2587
8 540 539 607 608 2875 2993 2880 2877
8 543 605 606 544 2889 2892 2887 2992
8 618 604 2 387 2990 1751 2563 1752
8 603 602 391 392 2987 2575 2580 2577
8 603 601 606 602 2985 2988 2987 2986
8 600 601 603 621 2983 2989 2984 2985
8 600 599 547 546 2981 2896 2898 2901
8 598 605 596 597 2980 2976 2978 2977
8 548 547 599 595 2899 2974 2904 2901
8 595 599 622 609 2974 2995 2975 2982
8 621 622 599 600 3003 2981 2984 2982
8 531 613 612 532 2852 2855 2850 2997
8 615 594 534 533 2973 2856 2858 2862
8 537 536 592 593 2866 2972 2871 2868
8 591 596 542 541 2970 2881 2883 2886
8 590 589 550 549 2966 2905 2907 2909
8 525 550 589 577 2836 2937 2837 2909
8 618 617 587 588 3001 2962 2965 2964
8 587 617 388 586 2964 2566 2960 2567
8 609 622 393 394 2995 2581 2587 2584
8 592 583 584 585 2954 2956 2958 2953
8 582 593 592 585 2951 2958 2949 2972
8 581 593 582 588 2947 2950 2946 2951
8 582 585 619 604 2949 2991 2952 2959
8 604 618 588 582 2990 2950 2952 2965
8 607 581 588 587 2948 2962 2963 2946
8 586 608 607 587 2961 2963 2960 2993
8 586 388 389 580 2566 2570 2943 2564
8 602 606 605 598 2988 2980 2979 2992
8 601 600 546 545 2983 2893 2895 2898
8 584 620 619 585 2957 2959 2956 3002
8 538 581 607 539 2874 2877 2872 2948
8 610 589 590 611 2967 2969 2996 2966
8 595 609 611 590 2975 2969 2968 2994
8 595 590 549 548 2968 2902 2904 2907
8 608 586 580 591 2961 2944 2971 2943
8 610 576 577 589 2935 2937 2967 2934
8 64 620 584 579 1880 2940 1879 2957
8 579 594 615 614 2941 2999 2942 2973
8 601 545 544 606 2895 2892 2986 2890
8 540 608 591 541 2880 2883 2878 2971
8 581 538 537 593 2874 2871 2947 2869
8 594 583 535 534 2955 2860 2862 2865
8 535 583 592 536 2865 2868 2863 2954
8 390 597 580 389 2573 2570 2568 2945
8 612 616 533 532 2998 2853 2855 2859
8 543 542 596 605 2884 2977 2889 2886
8 395 386 576 610 2556 2935 2589 2558
8 603 392 393 621 2580 2583 2989 2578
8 579 614 63 64 2942 1875 1879 1876
8 619 65 2 604 1881 1752 2991 1750
8 527 59 60 528 1866 1868 2841 1864
8 598 390 391 602 2574 2577 2979 2571
8 596 591 580 597 2970 2945 2976 2944
8 583 594 579 584 2955 2940 2953 2941
8 528 60 61 529 1868 1870 2843 1867
8 613 578 61 62 2939 1869 1874 1871
8 61 578 530 529 1871 2845 1870 2849
8 530 578 613 531 2849 2852 2847 2939
8 403 636 681 402 2614 2611 2609 3047
8 636 635 680 681 3044 3126 3047 3045
8 635 634 679 680 3041 3125 3045 3042
8 634 633 678 679 3038 3124 3042 3039
8 633 632 677 678 3035 3123 3039 3036
8 632 101 95 677 1956 1943 3036 1942
8 402 681 676 401 2611 2608 2606 3122
8 681 680 675 676 3126 3120 3122 3121
8 680 679 674 675 3125 3118 3121 3119
8 679 678 673 671 3124 3112 3114 3117
8 678 677 672 673 3123 3115 3117 3116
8 677 95 99 672 1943 1950 3116 1941
8 401 676 670 400 2608 2605 2603 3111
8 676 675 669 670 3120 3109 3111 3110
8 675 674 668 669 3118 3107 3110 3108
8 674 671 667 668 3113 3105 3108 3106
8 671 673 666 667 3112 3103 3106 3104
8 673 672 665 666 3115 3101 3104 3102
8 672 99 98 665 1950 1949 3102 1948
8 400 670 664 399 2605 2602 2600 3100
8 670 669 663 664 3109 3098 3100 3099
8 669 668 662 663 3107 3096 3099 3097
8 668 667 661 662 3105 3094 3097 3095
8 667 666 660 661 3103 3092 3095 3093
8 666 665 659 660 3101 3090 3093 3091
8 665 98 97 659 1949 1947 3091 1946
8 399 664 658 398 2602 2599 2597 3089
8 664 663 657 658 3098 3087 3089 3088
8 663 662 656 657 3096 3085 3088 3086
8 662 661 655 652 3094 3077 3079 3084
8 661 660 654 655 3092 3082 3084 3083
8 660 659 653 654 3090 3080 3083 3081
8 659 97 96 653 1947 1945 3081 1944
8 398 658 651 397 2599 2596 2594 3076
8 658 657 650 651 3087 3074 3076 3075
8 657 656 649 650 3085 3072 3075 3073
8 656 652 648 649 3078 3070 3073 3071
8 652 655 647 648 3077 3068 3071 3069
8 655 654 646 647 3082 3066 3069 3067
8 654 653 645 646 3080 3064 3067 3065
8 653 96 94 645 1945 1940 3065 1938
8 397 651 644 396 2596 2593 2591 3063
8 651 650 643 644 3074 3061 3063 3062
8 650 649 642 643 3072 3059 3062 3060
8 649 648 641 642 3070 3057 3060 3058
8 648 647 640 637 3068 3049 3051 3056
8 647 646 639 640 3066 3054 3056 3055
8 646 645 638 639 3064 3052 3055 3053
8 645 94 102 638 1940 1958 3053 1939
8 396 644 631 386 2593 2559 2557 3032
8 644 643 630 631 3061 3029 3032 3030
8 643 642 629 630 3059 3025 3030 3026
8 642 641 628 629 3057 3022 3026 3023
8 641 637 627 628 3050 3019 3023 3020
8 637 640 626 627 3049 3015 3020 3016
8 640 639 625 626 3054 3012 3016 3013
8 639 638 623 624 3052 3004 3009 3005
8 102 100 623 638 1951 3005 1958 1953
8 403 459 746 636 2613 3048 2614 2718
8 459 460 745 746 2716 3243 2718 2721
8 460 461 744 745 2719 3242 2721 2724
8 461 462 743 744 2722 3241 2724 2727
8 462 463 742 743 2725 3240 2727 2729
8 463 45 115 742 1838 1984 2729 1837
8 636 746 741 635 3048 3046 3044 3239
8 746 745 740 741 3243 3237 3239 3238
8 745 744 739 740 3242 3235 3238 3236
8 744 743 738 739 3241 3233 3236 3234
8 743 742 737 738 3240 3231 3234 3232
8 742 115 114 737 1984 1983 3232 1982
8 635 741 736 634 3046 3043 3041 3230
8 741 740 735 736 3237 3228 3230 3229
8 740 739 734 735 3235 3226 3229 3227
8 739 738 733 734 3233 3224 3227 3225
8 738 737 732 733 3231 3222 3225 3223
8 737 114 113 732 1983 1981 3223 1980
8 634 736 731 633 3043 3040 3038 3221
8 736 735 730 731 3228 3219 3221 3220
8 735 734 729 730 3226 3217 3220 3218
8 734 733 728 729 3224 3215 3218 3216
8 733 732 727 728 3222 3213 3216 3214
8 732 113 112 727 1981 1979 3214 1978
8 633 731 726 632 3040 3037 3035 3212
8 731 730 725 726 3219 3210 3212 3211
8 730 729 724 725 3217 3208 3211 3209
8 729 728 723 724 3215 3206 3209 3207
8 728 727 722 723 3213 3204 3207 3205
8 727 112 111 722 1979 1977 3205 1976
8 632 726 721 101 3037 1957 1956 3203
8 726 725 720 721 3210 3201 3203 3202
8 725 724 719 720 3208 3199 3202 3200
8 724 723 718 719 3206 3197 3200 3198
8 723 722 717 718 3204 3195 3198 3196
8 722 111 110 717 1977 1975 3196 1973
8 101 721 716 109 1957 1972 1955 3194
8 721 720 715 716 3201 3192 3194 3193
8 720 719 714 715 3199 3190 3193 3191
8 719 718 713 714 3197 3188 3191 3189
8 718 717 712 713 3195 3186 3189 3187
8 717 110 116 712 1975 1986 3187 1974
8 109 716 711 108 1972 1971 1970 3185
8 716 715 710 711 3192 3183 3185 3184
8 715 714 709 710 3190 3181 3184 3182
8 714 713 708 709 3188 3179 3182 3180
8 713 712 707 708 3186 3177 3180 3178
8 712 116 121 707 1986 1996 3178 1985
8 108 711 706 107 1971 1969 1968 3176
8 711 710 705 706 3183 3174 3176 3175
8 710 709 704 705 3181 3172 3175 3173
8 709 708 703 704 3179 3170 3173 3171
8 708 707 702 703 3177 3168 3171 3169
8 707 121 120 702 1996 1995 3169 1994
8 107 706 701 106 1969 1967 1966 3167
8 706 705 700 701 3174 3165 3167 3166
8 705 704 699 700 3172 3163 3166 3164
8 704 703 698 699 3170 3161 3164 3162
8 703 702 697 698 3168 3159 3162 3160
8 702 120 119 697 1995 1993 3160 1992
8 106 701 696 105 1967 1965 1964 3158
8 701 700 695 696 3165 3156 3158 3157
8 700 699 694 695 3163 3154 3157 3155
8 699 698 693 694 3161 3152 3155 3153
8 698 697 692 693 3159 3150 3153 3151
8 697 119 118 692 1993 1991 3151 1990
8 105 696 691 104 1965 1963 1962 3149
8 696 695 690 691 3156 3147 3149 3148
8 695 694 689 690 3154 3145 3148 3146
8 694 693 688 689 3152 3143 3146 3144
8 693 692 687 688 3150 3141 3144 3142
8 692 118 117 687 1991 1989 3142 1987
8 104 691 682 103 1963 1961 1959 3128
8 691 690 683 682 3147 3127 3128 3131
8 690 689 684 683 3145 3130 3131 3134
8 689 688 685 684 3143 3133 3134 3137
8 688 687 686 685 3141 3136 3137 3139
8 687 117 122 686 1989 1998 3139 1988
8 525 771 772 524 2838 2835 2833 3313
8 524 772 91 6 2835 1763 1764 1933
8 771 770 773 772 3310 3315 3313 3311
8 772 773 90 91 3315 1931 1933 1932
8 770 769 774 773 3307 3316 3311 3308
8 773 774 89 90 3316 1929 1932 1930
8 769 768 775 774 3304 3317 3308 3305
8 774 775 88 89 3317 1927 1930 1928
8 768 767 776 775 3301 3318 3305 3302
8 775 776 87 88 3318 1925 1928 1926
8 767 766 777 776 3298 3319 3302 3299
8 776 777 86 87 3319 1923 1926 1924
8 766 765 778 777 3295 3320 3299 3296
8 777 778 85 86 3320 1921 1924 1922
8 765 764 779 778 3292 3321 3296 3293
8 778 779 84 85 3321 1919 1922 1920
8 764 763 780 779 3289 3322 3293 3290
8 779 780 83 84 3322 1917 1920 1918
8 763 762 781 780 3286 3323 3290 3287
8 780 781 82 83 3323 1915 1918 1916
8 762 761 782 781 3283 3324 3287 3284
8 781 782 81 82 3324 1913 1916 1914
8 761 760 783 782 3280 3325 3284 3281
8 782 783 80 81 3325 1911 1914 1912
8 760 759 784 783 3277 3326 3281 3278
8 783 784 79 80 3326 1909 1912 1910
8 759 758 785 784 3274 3327 3278 3275
8 784 785 78 79 3327 1907 1910 1908
8 758 757 786 785 3271 3328 3275 3272
8 785 786 77 78 3328 1905 1908 1906
8 757 756 787 786 3268 3329 3272 3269
8 786 787 76 77 3329 1903 1906 1904
8 756 755 788 787 3265 3330 3269 3266
8 787 788 75 76 3330 1901 1904 1902
8 755 754 789 788 3261 3331 3266 3262
8 788 789 74 75 3331 1899 1902 1900
8 754 753 790 789 3258 3332 3262 3259
8 789 790 73 74 3332 1897 1900 1898
8 753 752 791 790 3255 3333 3259 3256
8 790 791 72 73 3333 1895 1898 1896
8 752 751 792 791 3252 3334 3256 3253
8 791 792 71 72 3334 1893 1896 1894
8 751 750 793 792 3250 3335 3253 3251
8 792 793 70 71 3335 1891 1894 1892
8 750 749 794 793 3248 3336 3251 3249
8 793 794 69 70 3336 1889 1892 1890
8 749 748 795 794 3246 3337 3249 3247
8 794 795 68 69 3337 1887 1890 1888
8 748 747 796 795 3244 3338 3247 3245
8 795 796 67 68 3338 1885 1888 1886
8 747 92 93 796 1936 1937 3245 1934
8 796 93 66 67 1937 1883 1886 1884
8 835 127 126 831 2012 2008 3398 2007
8 835 834 833 127 3400 2011 2012 3399
8 830 631 630 828 3034 3031 3394 3029
8 761 827 826 760 3285 3282 3280 3393
8 764 765 825 824 3292 3392 3294 3297
8 837 623 100 823 3007 1954 3390 1953
8 822 628 627 821 3024 3021 3387 3019
8 822 821 825 820 3387 3386 3385 3388
8 819 840 822 820 3384 3385 3383 3389
8 819 767 768 818 3303 3306 3381 3301
8 817 816 815 824 3378 3377 3380 3376
8 769 814 818 768 3309 3306 3304 3374
8 814 828 841 818 3375 3382 3374 3395
8 840 819 818 841 3384 3382 3403 3381
8 752 753 831 832 3255 3397 3257 3260
8 834 754 755 813 3263 3267 3373 3261
8 758 812 811 757 3276 3273 3271 3372
8 810 762 763 815 3288 3291 3370 3286
8 809 770 771 808 3312 3314 3366 3310
8 525 577 808 771 2837 3314 2838 2938
8 837 807 806 836 3365 3364 3401 3362
8 806 805 624 836 3360 3011 3364 3010
8 828 630 629 841 3031 3028 3395 3025
8 811 804 803 802 3358 3353 3354 3356
8 801 804 811 812 3349 3372 3351 3358
8 800 807 801 812 3346 3351 3347 3350
8 801 823 838 804 3352 3359 3349 3391
8 823 801 807 837 3352 3365 3390 3350
8 826 806 807 800 3363 3346 3348 3362
8 805 806 826 827 3360 3393 3361 3363
8 805 799 625 624 3343 3008 3010 3014
8 821 817 824 825 3379 3392 3388 3380
8 820 766 767 819 3300 3303 3383 3298
8 803 804 838 839 3356 3402 3357 3359
8 759 760 826 800 3277 3348 3279 3282
8 829 830 809 808 3396 3366 3367 3369
8 814 809 830 828 3368 3394 3375 3369
8 814 769 770 809 3309 3312 3368 3307
8 827 810 799 805 3371 3343 3361 3344
8 829 808 577 576 3367 2934 2936 2938
8 128 798 803 839 2014 3357 2015 3340
8 798 833 834 813 3342 3373 3341 3399
8 820 825 765 766 3386 3295 3300 3297
8 761 762 810 827 3283 3371 3285 3288
8 800 812 758 759 3347 3274 3279 3276
8 813 755 756 802 3267 3270 3355 3265
8 756 757 811 802 3268 3354 3270 3273
8 626 625 799 816 3012 3345 3017 3014
8 831 753 754 835 3260 3264 3398 3258
8 764 824 815 763 3294 3291 3289 3377
8 631 829 576 386 3033 2558 2559 2936
8 822 840 629 628 3389 3022 3024 3027
8 798 128 127 833 2014 2011 3342 2010
8 838 823 100 129 3391 1952 2016 1954
8 748 749 124 123 3246 1999 2001 2003
8 817 821 627 626 3379 3015 3018 3021
8 815 816 799 810 3376 3344 3370 3345
8 802 803 798 813 3353 3341 3355 3340
8 749 750 125 124 3248 2002 2003 2005
8 832 126 125 797 2009 2006 3339 2004
8 125 750 751 797 2005 3254 2006 3250
8 751 752 832 797 3252 3339 3254 3257
8 859 858 909 864 3457 3475 3460 3458
8 864 909 908 863 3475 3473 3472 3554
8 863 908 907 862 3473 3470 3469 3553
8 862 907 906 861 3470 3467 3466 3552
8 861 906 905 860 3467 3464 3463 3551
8 860 905 160 161 3464 2082 2086 2084
8 858 857 904 909 3454 3550 3458 3455
8 909 904 903 908 3550 3549 3554 3548
8 908 903 902 907 3549 3547 3553 3546
8 907 899 901 906 3542 3545 3552 3540
8 906 901 900 905 3545 3544 3551 3543
8 905 900 192 160 3544 2083 2084 2147
8 857 856 898 904 3451 3539 3455 3452
8 904 898 897 903 3539 3538 3548 3537
8 903 897 896 902 3538 3536 3546 3535
8 902 896 895 899 3536 3534 3541 3533
8 899 895 894 901 3534 3532 3540 3531
8 901 894 893 900 3532 3530 3543 3529
8 900 893 191 192 3530 2145 2147 2146
8 856 855 892 898 3448 3528 3452 3449
8 898 892 891 897 3528 3527 3537 3526
8 897 891 890 896 3527 3525 3535 3524
8 896 890 889 895 3525 3523 3533 3522
8 895 889 888 894 3523 3521 3531 3520
8 894 888 887 893 3521 3519 3529 3518
8 893 887 190 191 3519 2143 2146 2144
8 855 854 886 892 3445 3517 3449 3446
8 892 886 885 891 3517 3516 3526 3515
8 891 885 884 890 3516 3514 3524 3513
8 890 880 883 889 3507 3512 3522 3505
8 889 883 882 888 3512 3511 3520 3510
8 888 882 881 887 3511 3509 3518 3508
8 887 881 189 190 3509 2141 2144 2142
8 854 853 879 886 3442 3504 3446 3443
8 886 879 878 885 3504 3503 3515 3502
8 885 878 877 884 3503 3501 3513 3500
8 884 877 876 880 3501 3499 3506 3498
8 880 876 875 883 3499 3497 3505 3496
8 883 875 874 882 3497 3495 3510 3494
8 882 874 873 881 3495 3493 3508 3492
8 881 873 159 189 3493 2079 2142 2081
8 853 852 872 879 3439 3491 3443 3440
8 879 872 871 878 3491 3490 3502 3489
8 878 871 870 877 3490 3488 3500 3487
8 877 870 869 876 3488 3486 3498 3485
8 876 865 868 875 3479 3484 3496 3477
8 875 868 867 874 3484 3483 3494 3482
8 874 867 866 873 3483 3481 3492 3480
8 873 866 193 159 3481 2080 2081 2148
8 852 842 851 872 3405 3436 3440 3404
8 872 851 850 871 3436 3434 3489 3433
8 871 850 849 870 3434 3430 3487 3429
8 870 849 848 869 3430 3427 3485 3426
8 869 848 847 865 3427 3424 3478 3423
8 865 847 846 868 3424 3420 3477 3419
8 868 846 845 867 3420 3417 3482 3416
8 867 844 843 866 3413 3409 3480 3408
8 193 866 843 158 2148 2077 2075 3409
8 859 864 974 910 3460 3556 3461 3476
8 910 974 973 911 3556 3559 3555 3671
8 911 973 972 912 3559 3562 3558 3670
8 912 972 971 913 3562 3565 3561 3669
8 913 971 970 914 3565 3567 3564 3668
8 914 970 136 130 3567 2018 2020 2032
8 864 863 969 974 3472 3667 3476 3474
8 974 969 968 973 3667 3666 3671 3665
8 973 968 967 972 3666 3664 3670 3663
8 972 967 966 971 3664 3662 3669 3661
8 971 966 965 970 3662 3660 3668 3659
8 970 965 135 136 3660 2030 2032 2031
8 863 862 964 969 3469 3658 3474 3471
8 969 964 963 968 3658 3657 3665 3656
8 968 963 962 967 3657 3655 3663 3654
8 967 962 961 966 3655 3653 3661 3652
8 966 961 960 965 3653 3651 3659 3650
8 965 960 134 135 3651 2028 2031 2029
8 862 861 959 964 3466 3649 3471 3468
8 964 959 958 963 3649 3648 3656 3647
8 963 958 957 962 3648 3646 3654 3645
8 962 957 956 961 3646 3644 3652 3643
8 961 956 955 960 3644 3642 3650 3641
8 960 955 133 134 3642 2026 2029 2027
8 861 860 954 959 3463 3640 3468 3465
8 959 954 953 958 3640 3639 3647 3638
8 958 953 952 957 3639 3637 3645 3636
8 957 952 951 956 3637 3635 3643 3634
8 956 951 950 955 3635 3633 3641 3632
8 955 950 132 133 3633 2024 2027 2025
8 860 161 949 954 2086 3631 3465 2087
8 954 949 948 953 3631 3630 3638 3629
8 953 948 947 952 3630 3628 3636 3627
8 952 947 946 951 3628 3626 3634 3625
8 951 946 945 950 3626 3624 3632 3623
8 950 945 131 132 3624 2021 2025 2023
8 161 199 944 949 2085 3622 2087 2159
8 949 944 943 948 3622 3621 3629 3620
8 948 943 942 947 3621 3619 3627 3618
8 947 942 941 946 3619 3617 3625 3616
8 946 941 940 945 3617 3615 3623 3614
8 945 940 137 131 3615 2022 2023 2034
8 199 198 939 944 2157 3613 2159 2158
8 944 939 938 943 3613 3612 3620 3611
8 943 938 937 942 3612 3610 3618 3609
8 942 937 936 941 3610 3608 3616 3607
8 941 936 935 940 3608 3606 3614 3605
8 940 935 142 137 3606 2033 2034 2043
8 198 197 934 939 2155 3604 2158 2156
8 939 934 933 938 3604 3603 3611 3602
8 938 933 932 937 3603 3601 3609 3600
8 937 932 931 936 3601 3599 3607 3598
8 936 931 930 935 3599 3597 3605 3596
8 935 930 141 142 3597 2041 2043 2042
8 197 196 929 934 2153 3595 2156 2154
8 934 929 928 933 3595 3594 3602 3593
8 933 928 927 932 3594 3592 3600 3591
8 932 927 926 931 3592 3590 3598 3589
8 931 926 925 930 3590 3588 3596 3587
8 930 925 140 141 3588 2039 2042 2040
8 196 195 924 929 2151 3586 2154 2152
8 929 924 923 928 3586 3585 3593 3584
8 928 923 922 927 3585 3583 3591 3582
8 927 922 921 926 3583 3581 3589 3580
8 926 921 920 925 3581 3579 3587 3578
8 925 920 139 140 3579 2037 2040 2038
8 195 194 919 924 2149 3577 2152 2150
8 924 919 918 923 3577 3576 3584 3575
8 923 918 917 922 3576 3574 3582 3573
8 922 917 916 921 3574 3572 3580 3571
8 921 916 915 920 3572 3570 3578 3569
8 920 915 138 139 3570 2035 2038 2036
8 194 103 682 919 1960 3129 2150 1961
8 919 682 683 918 3129 3132 3575 3127
8 918 683 684 917 3132 3135 3573 3130
8 917 684 685 916 3135 3138 3571 3133
8 916 685 686 915 3138 3140 3569 3136
8 915 686 122 138 3140 1997 2036 1998
8 976 975 1002 1001 3672 3747 3675 3673
8 975 162 163 1002 2090 2092 3673 2088
8 1001 1002 1003 1000 3747 3745 3744 3749
8 1002 163 164 1003 2092 2094 3749 2091
8 1000 1003 1004 999 3745 3742 3741 3750
8 1003 164 165 1004 2094 2096 3750 2093
8 999 1004 1005 998 3742 3739 3738 3751
8 1004 165 166 1005 2096 2098 3751 2095
8 998 1005 1006 997 3739 3736 3735 3752
8 1005 166 167 1006 2098 2100 3752 2097
8 997 1006 1007 996 3736 3733 3732 3753
8 1006 167 168 1007 2100 2102 3753 2099
8 996 1007 1008 995 3733 3730 3729 3754
8 1007 168 169 1008 2102 2104 3754 2101
8 995 1008 1009 994 3730 3727 3726 3755
8 1008 169 170 1009 2104 2106 3755 2103
8 994 1009 1010 993 3727 3724 3723 3756
8 1009 170 171 1010 2106 2108 3756 2105
8 993 1010 1011 992 3724 3721 3720 3757
8 1010 171 172 1011 2108 2110 3757 2107
8 992 1011 1012 991 3721 3718 3717 3758
8 1011 172 173 1012 2110 2112 3758 2109
8 991 1012 1013 990 3718 3715 3714 3759
8 1012 173 174 1013 2112 2114 3759 2111
8 990 1013 1014 989 3715 3712 3711 3760
8 1013 174 175 1014 2114 2116 3760 2113
8 989 1014 1015 988 3712 3709 3708 3761
8 1014 175 176 1015 2116 2118 3761 2115
8 988 1015 1016 987 3709 3706 3705 3762
8 1015 176 177 1016 2118 2120 3762 2117
8 987 1016 1017 986 3706 3703 3702 3763
8 1016 177 178 1017 2120 2122 3763 2119
8 986 1017 1018 985 3703 3700 3699 3764
8 1017 178 179 1018 2122 2124 3764 2121
8 985 1018 1019 984 3700 3696 3695 3765
8 1018 179 180 1019 2124 2126 3765 2123
8 984 1019 1020 983 3696 3693 3692 3766
8 1019 180 181 1020 2126 2128 3766 2125
8 983 1020 1021 982 3693 3690 3689 3767
8 1020 181 182 1021 2128 2130 3767 2127
8 982 1021 1022 981 3690 3687 3686 3768
8 1021 182 183 1022 2130 2132 3768 2129
8 981 1022 1023 980 3687 3685 3684 3769
8 1022 183 184 1023 2132 2134 3769 2131
8 980 1023 1024 979 3685 3683 3682 3770
8 1023 184 185 1024 2134 2136 3770 2133
8 979 1024 1025 978 3683 3681 3680 3771
8 1024 185 186 1025 2136 2138 3771 2135
8 978 1025 1026 977 3681 3679 3678 3772
8 1025 186 187 1026 2138 2139 3772 2137
8 977 1026 188 157 3679 2072 2074 2140
8 1026 187 156 188 2139 2071 2140 2070
8 1067 1063 203 204 3837 2168 2173 2169
8 1067 204 1065 1066 2173 3838 3839 2172
8 1062 1060 850 851 3833 3433 3438 3435
8 991 990 1058 1059 3714 3832 3719 3716
8 994 1056 1057 995 3728 3731 3726 3831
8 1069 1055 158 843 3829 2077 3411 2078
8 1054 1053 847 848 3826 3423 3428 3425
8 1054 1052 1057 1053 3824 3827 3826 3825
8 1051 1052 1054 1072 3822 3828 3823 3824
8 1051 1050 998 997 3820 3735 3737 3740
8 1049 1056 1047 1048 3819 3815 3817 3816
8 999 998 1050 1046 3738 3813 3743 3740
8 1046 1050 1073 1060 3813 3834 3814 3821
8 1072 1073 1050 1051 3842 3820 3823 3821
8 982 1064 1063 983 3691 3694 3689 3836
8 1066 1045 985 984 3812 3695 3697 3701
8 988 987 1043 1044 3705 3811 3710 3707
8 1042 1047 993 992 3809 3720 3722 3725
8 1041 1040 1001 1000 3805 3744 3746 3748
8 976 1001 1040 1028 3675 3776 3676 3748
8 1069 1068 1038 1039 3840 3801 3804 3803
8 1038 1068 844 1037 3803 3414 3799 3415
8 1060 1073 849 850 3834 3429 3435 3432
8 1043 1034 1035 1036 3793 3795 3797 3792
8 1033 1044 1043 1036 3790 3797 3788 3811
8 1032 1044 1033 1039 3786 3789 3785 3790
8 1033 1036 1070 1055 3788 3830 3791 3798
8 1055 1069 1039 1033 3829 3789 3791 3804
8 1058 1032 1039 1038 3787 3801 3802 3785
8 1037 1059 1058 1038 3800 3802 3799 3832
8 1037 844 845 1031 3414 3418 3782 3412
8 1053 1057 1056 1049 3827 3819 3818 3831
8 1052 1051 997 996 3822 3732 3734 3737
8 1035 1071 1070 1036 3796 3798 3795 3841
8 989 1032 1058 990 3713 3716 3711 3787
8 1061 1040 1041 1062 3806 3808 3835 3805
8 1046 1060 1062 1041 3814 3808 3807 3833
8 1046 1041 1000 999 3807 3741 3743 3746
8 1059 1037 1031 1042 3800 3783 3810 3782
8 1061 1027 1028 1040 3774 3776 3806 3773
8 205 1071 1035 1030 2176 3779 2175 3796
8 1030 1045 1066 1065 3780 3838 3781 3812
8 1052 996 995 1057 3734 3731 3825 3729
8 991 1059 1042 992 3719 3722 3717 3810
8 1032 989 988 1044 3713 3710 3786 3708
8 1045 1034 986 985 3794 3699 3701 3704
8 986 1034 1043 987 3704 3707 3702 3793
8 846 1048 1031 845 3421 3418 3416 3784
8 1063 1067 984 983 3837 3692 3694 3698
8 994 993 1047 1056 3723 3816 3728 3725
8 851 842 1027 1061 3404 3774 3437 3406
8 1054 848 849 1072 3428 3431 3828 3426
8 1030 1065 204 205 3781 2171 2175 2172
8 1070 206 158 1055 2177 2078 3830 2076
8 978 200 201 979 2162 2164 3680 2160
8 1049 846 847 1053 3422 3425 3818 3419
8 1047 1042 1031 1048 3809 3784 3815 3783
8 1034 1045 1030 1035 3794 3779 3792 3780
8 979 201 202 980 2164 2166 3682 2163
8 1064 1029 202 203 3778 2165 2170 2167
8 202 1029 981 980 2167 3684 2166 3688
8 981 1029 1064 982 3688 3691 3686 3778
8 859 1087 1132 858 3462 3459 3457 3886
8 1087 1086 1131 1132 3883 3965 3886 3884
8 1086 1085 1130 1131 3880 3964 3884 3881
8 1085 1084 1129 1130 3877 3963 3881 3878
8 1084 1083 1128 1129 3874 3962 3878 3875
8 1083 242 236 1128 2252 2239 3875 2238
8 858 1132 1127 857 3459 3456 3454 3961
8 1132 1131 1126 1127 3965 3959 3961 3960
8 1131 1130 1125 1126 3964 3957 3960 3958
8 1130 1129 1124 1122 3963 3951 3953 3956
8 1129 1128 1123 1124 3962 3954 3956 3955
8 1128 236 240 1123 2239 2246 3955 2237
8 857 1127 1121 856 3456 3453 3451 3950
8 1127 1126 1120 1121 3959 3948 3950 3949
8 1126 1125 1119 1120 3957 3946 3949 3947
8 1125 1122 1118 1119 3952 3944 3947 3945
8 1122 1124 1117 1118 3951 3942 3945 3943
8 1124 1123 1116 1117 3954 3940 3943 3941
8 1123 240 239 1116 2246 2245 3941 2244
8 856 1121 1115 855 3453 3450 3448 3939
8 1121 1120 1114 1115 3948 3937 3939 3938
8 1120 1119 1113 1114 3946 3935 3938 3936
8 1119 1118 1112 1113 3944 3933 3936 3934
8 1118 1117 1111 1112 3942 3931 3934 3932
8 1117 1116 1110 1111 3940 3929 3932 3930
8 1116 239 238 1110 2245 2243 3930 2242
8 855 1115 1109 854 3450 3447 3445 3928
8 1115 1114 1108 1109 3937 3926 3928 3927
8 1114 1113 1107 1108 3935 3924 3927 3925
8 1113 1112 1106 1103 3933 3916 3918 3923
8 1112 1111 1105 1106 3931 3921 3923 3922
8 1111 1110 1104 1105 3929 3919 3922 3920
8 1110 238 237 1104 2243 2241 3920 2240
8 854 1109 1102 853 3447 3444 3442 3915
8 1109 1108 1101 1102 3926 3913 3915 3914
8 1108 1107 1100 1101 3924 3911 3914 3912
8 1107 1103 1099 1100 3917 3909 3912 3910
8 1103 1106 1098 1099 3916 3907 3910 3908
8 1106 1105 1097 1098 3921 3905 3908 3906
8 1105 1104 1096 1097 3919 3903 3906 3904
8 1104 237 235 1096 2241 2236 3904 2234
8 853 1102 1095 852 3444 3441 3439 3902
8 1102 1101 1094 1095 3913 3900 3902 3901
8 1101 1100 1093 1094 3911 3898 3901 3899
8 1100 1099 1092 1093 3909 3896 3899 3897
8 1099 1098 1091 1088 3907 3888 3890 3895
8 1098 1097 1090 1091 3905 3893 3895 3894
8 1097 1096 1089 1090 3903 3891 3894 3892
8 1096 235 243 1089 2236 2254 3892 2235
8 852 1095 1082 842 3441 3407 3405 3871
8 1095 1094 1081 1082 3900 3868 3871 3869
8 1094 1093 1080 1081 3898 3864 3869 3865
8 1093 1092 1079 1080 3896 3861 3865 3862
8 1092 1088 1078 1079 3889 3858 3862 3859
8 1088 1091 1077 1078 3888 3854 3859 3855
8 1091 1090 1076 1077 3893 3851 3855 3852
8 1090 1089 1074 1075 3891 3843 3848 3844
8 243 241 1074 1089 2247 3844 2254 2249
8 859 910 1197 1087 3461 3887 3462 3557
8 910 911 1196 1197 3555 4082 3557 3560
8 911 912 1195 1196 3558 4081 3560 3563
8 912 913 1194 1195 3561 4080 3563 3566
8 913 914 1193 1194 3564 4079 3566 3568
8 914 130 148 1193 2020 2055 3568 2019
8 1087 1197 1192 1086 3887 3885 3883 4078
8 1197 1196 1191 1192 4082 4076 4078 4077
8 1196 1195 1190 1191 4081 4074 4077 4075
8 1195 1194 1189 1190 4080 4072 4075 4073
8 1194 1193 1188 1189 4079 4070 4073 4071
8 1193 148 147 1188 2055 2054 4071 2053
8 1086 1192 1187 1085 3885 3882 3880 4069
8 1192 1191 1186 1187 4076 4067 4069 4068
8 1191 1190 1185 1186 4074 4065 4068 4066
8 1190 1189 1184 1185 4072 4063 4066 4064
8 1189 1188 1183 1184 4070 4061 4064 4062
8 1188 147 146 1183 2054 2052 4062 2051
8 1085 1187 1182 1084 3882 3879 3877 4060
8 1187 1186 1181 1182 4067 4058 4060 4059
8 1186 1185 1180 1181 4065 4056 4059 4057
8 1185 1184 1179 1180 4063 4054 4057 4055
8 1184 1183 1178 1179 4061 4052 4055 4053
8 1183 146 145 1178 2052 2050 4053 2049
8 1084 1182 1177 1083 3879 3876 3874 4051
8 1182 1181 1176 1177 4058 4049 4051 4050
8 1181 1180 1175 1176 4056 4047 4050 4048
8 1180 1179 1174 1175 4054 4045 4048 4046
8 1179 1178 1173 1174 4052 4043 4046 4044
8 1178 145 144 1173 2050 2048 4044 2047
8 1083 1177 1172 242 3876 2253 2252 4042
8 1177 1176 1171 1172 4049 4040 4042 4041
8 1176 1175 1170 1171 4047 4038 4041 4039
8 1175 1174 1169 1170 4045 4036 4039 4037
8 1174 1173 1168 1169 4043 4034 4037 4035
8 1173 144 143 1168 2048 2046 4035 2044
8 242 1172 1167 250 2253 2268 2251 4033
8 1172 1171 1166 1167 4040 4031 4033 4032
8 1171 1170 1165 1166 4038 4029 4032 4030
8 1170 1169 1164 1165 4036 4027 4030 4028
8 1169 1168 1163 1164 4034 4025 4028 4026
8 1168 143 149 1163 2046 2057 4026 2045
8 250 1167 1162 249 2268 2267 2266 4024
8 1167 1166 1161 1162 4031 4022 4024 4023
8 1166 1165 1160 1161 4029 4020 4023 4021
8 1165 1164 1159 1160 4027 4018 4021 4019
8 1164 1163 1158 1159 4025 4016 4019 4017
8 1163 149 154 1158 2057 2067 4017 2056
8 249 1162 1157 248 2267 2265 2264 4015
8 1162 1161 1156 1157 4022 4013 4015 4014
8 1161 1160 1155 1156 4020 4011 4014 4012
8 1160 1159 1154 1155 4018 4009 4012 4010
8 1159 1158 1153 1154 4016 4007 4010 4008
8 1158 154 153 1153 2067 2066 4008 2065
8 248 1157 1152 247 2265 2263 2262 4006
8 1157 1156 1151 1152 4013 4004 4006 4005
8 1156 1155 1150 1151 4011 4002 4005 4003
8 1155 1154 1149 1150 4009 4000 4003 4001
8 1154 1153 1148 1149 4007 3998 4001 3999
8 1153 153 152 1148 2066 2064 3999 2063
8 247 1152 1147 246 2263 2261 2260 3997
8 1152 1151 1146 1147 4004 3995 3997 3996
8 1151 1150 1145 1146 4002 3993 3996 3994
8 1150 1149 1144 1145 4000 3991 3994 3992
8 1149 1148 1143 1144 3998 3989 3992 3990
8 1148 152 151 1143 2064 2062 3990 2061
8 246 1147 1142 245 2261 2259 2258 3988
8 1147 1146 1141 1142 3995 3986 3988 3987
8 1146 1145 1140 1141 3993 3984 3987 3985
8 1145 1144 1139 1140 3991 3982 3985 3983
8 1144 1143 1138 1139 3989 3980 3983 3981
8 1143 151 150 1138 2062 2060 3981 2058
8 245 1142 1133 244 2259 2257 2255 3967
8 1142 1141 1134 1133 3986 3966 3967 3970
8 1141 1140 1135 1134 3984 3969 3970 3973
8 1140 1139 1136 1135 3982 3972 3973 3976
8 1139 1138 1137 1136 3980 3975 3976 3978
8 1138 150 155 1137 2060 2069 3978 2059
8 976 1222 1223 975 3677 3674 3672 4152
8 975 1223 232 162 3674 2089 2090 2229
8 1222 1221 1224 1223 4149 4154 4152 4150
8 1223 1224 231 232 4154 2227 2229 2228
8 1221 1220 1225 1224 4146 4155 4150 4147
8 1224 1225 230 231 4155 2225 2228 2226
8 1220 1219 1226 1225 4143 4156 4147 4144
8 1225 1226 229 230 4156 2223 2226 2224
8 1219 1218 1227 1226 4140 4157 4144 4141
8 1226 1227 228 229 4157 2221 2224 2222
8 1218 1217 1228 1227 4137 4158 4141 4138
8 1227 1228 227 228 4158 2219 2222 2220
8 1217 1216 1229 1228 4134 4159 4138 4135
8 1228 1229 226 227 4159 2217 2220 2218
8 1216 1215 1230 1229 4131 4160 4135 4132
8 1229 1230 225 226 4160 2215 2218 2216
8 1215 1214 1231 1230 4128 4161 4132 4129
8 1230 1231 224 225 4161 2213 2216 2214
8 1214 1213 1232 1231 4125 4162 4129 4126
8 1231 1232 223 224 4162 2211 2214 2212
8 1213 1212 1233 1232 4122 4163 4126 4123
8 1232 1233 222 223 4163 2209 2212 2210
8 1212 1211 1234 1233 4119 4164 4123 4120
8 1233 1234 221 222 4164 2207 2210 2208
8 1211 1210 1235 1234 4116 4165 4120 4117
8 1234 1235 220 221 4165 2205 2208 2206
8 1210 1209 1236 1235 4113 4166 4117 4114
8 1235 1236 219 220 4166 2203 2206 2204
8 1209 1208 1237 1236 4110 4167 4114 4111
8 1236 1237 218 219 4167 2201 2204 2202
8 1208 1207 1238 1237 4107 4168 4111 4108
8 1237 1238 217 218 4168 2199 2202 2200
8 1207 1206 1239 1238 4104 4169 4108 4105
8 1238 1239 216 217 4169 2197 2200 2198
8 1206 1205 1240 1239 4100 4170 4105 4101
8 1239 1240 215 216 4170 2195 2198 2196
8 1205 1204 1241 1240 4097 4171 4101 4098
8 1240 1241 214 215 4171 2193 2196 2194
8 1204 1203 1242 1241 4094 4172 4098 4095
8 1241 1242 213 214 4172 2191 2194 2192
8 1203 1202 1243 1242 4091 4173 4095 4092
8 1242 1243 212 213 4173 2189 2192 2190
8 1202 1201 1244 1243 4089 4174 4092 4090
8 1243 1244 211 212 4174 2187 2190 2188
8 1201 1200 1245 1244 4087 4175 4090 4088
8 1244 1245 210 211 4175 2185 2188 2186
8 1200 1199 1246 1245 4085 4176 4088 4086
8 1245 1246 209 210 4176 2183 2186 2184
8 1199 1198 1247 1246 4083 4177 4086 4084
8 1246 1247 208 209 4177 2181 2184 2182
8 1198 233 234 1247 2232 2233 4084 2230
8 1247 234 207 208 2233 2179 2182 2180
8 1286 255 254 1282 2282 2278 4237 2277
8 1286 1285 1284 255 4239 2281 2282 4238
8 1281 1082 1081 1279 3873 3870 4233 3868
8 1212 1278 1277 1211 4124 4121 4119 4232
8 1215 1216 1276 1275 4131 4231 4133 4136
8 1288 1074 241 1274 3846 2250 4229 2249
8 1273 1079 1078 1272 3863 3860 4226 3858
8 1273 1272 1276 1271 4226 4225 4224 4227
8 1270 1291 1273 1271 4223 4224 4222 4228
8 1270 1218 1219 1269 4142 4145 4220 4140
8 1268 1267 1266 1275 4217 4216 4219 4215
8 1220 1265 1269 1219 4148 4145 4143 4213
8 1265 1279 1292 1269 4214 4221 4213 4234
8 1291 1270 1269 1292 4223 4221 4242 4220
8 1203 1204 1282 1283 4094 4236 4096 4099
8 1285 1205 1206 1264 4102 4106 4212 4100
8 1209 1263 1262 1208 4115 4112 4110 4211
8 1261 1213 1214 1266 4127 4130 4209 4125
8 1260 1221 1222 1259 4151 4153 4205 4149
8 976 1028 1259 1222 3676 4153 3677 3777
8 1288 1258 1257 1287 4204 4203 4240 4201
8 1257 1256 1075 1287 4199 3850 4203 3849
8 1279 1081 1080 1292 3870 3867 4234 3864
8 1262 1255 1254 1253 4197 4192 4193 4195
8 1252 1255 1262 1263 4188 4211 4190 4197
8 1251 1258 1252 1263 4185 4190 4186 4189
8 1252 1274 1289 1255 4191 4198 4188 4230
8 1274 1252 1258 1288 4191 4204 4229 4189
8 1277 1257 1258 1251 4202 4185 4187 4201
8 1256 1257 1277 1278 4199 4232 4200 4202
8 1256 1250 1076 1075 4182 3847 3849 3853
8 1272 1268 1275 1276 4218 4231 4227 4219
8 1271 1217 1218 1270 4139 4142 4222 4137
8 1254 1255 1289 1290 4195 4241 4196 4198
8 1210 1211 1277 1251 4116 4187 4118 4121
8 1280 1281 1260 1259 4235 4205 4206 4208
8 1265 1260 1281 1279 4207 4233 4214 4208
8 1265 1220 1221 1260 4148 4151 4207 4146
8 1278 1261 1250 1256 4210 4182 4200 4183
8 1280 1259 1028 1027 4206 3773 3775 3777
8 256 1249 1254 1290 2284 4196 2285 4179
8 1249 1284 1285 1264 4181 4212 4180 4238
8 1271 1276 1216 1217 4225 4134 4139 4136
8 1212 1213 1261 1278 4122 4210 4124 4127
8 1251 1263 1209 1210 4186 4113 4118 4115
8 1264 1206 1207 1253 4106 4109 4194 4104
8 1207 1208 1262 1253 4107 4193 4109 4112
8 1077 1076 1250 1267 3851 4184 3856 3853
8 1282 1204 1205 1286 4099 4103 4237 4097
8 1215 1275 1266 1214 4133 4130 4128 4216
8 1082 1280 1027 842 3872 3406 3407 3775
8 1273 1291 1080 1079 4228 3861 3863 3866
8 1249 256 255 1284 2284 2281 4181 2280
8 1289 1274 241 257 4230 2248 2286 2250
8 1199 1200 252 251 4085 2269 2271 2273
8 1268 1272 1078 1077 4218 3854 3857 3860
8 1266 1267 1250 1261 4215 4183 4209 4184
8 1253 1254 1249 1264 4192 4180 4194 4179
8 1200 1201 253 252 4087 2272 2273 2275
8 1283 254 253 1248 2279 2276 4178 2274
8 253 1201 1202 1248 2275 4093 2276 4089
8 1202 1203 1283 1248 4091 4178 4093 4096
8 1310 1309 1360 1315 4296 4314 4299 4297
8 1315 1360 1359 1314 4314 4312 4311 4393
8 1314 1359 1358 1313 4312 4309 4308 4392
8 1313 1358 1357 1312 4309 4306 4305 4391
8 1312 1357 1356 1311 4306 4303 4302 4390
8 1311 1356 288 289 4303 2351 2355 2353
8 1309 1308 1355 1360 4293 4389 4297 4294
8 1360 1355 1354 1359 4389 4388 4393 4387
8 1359 1354 1353 1358 4388 4386 4392 4385
8 1358 1350 1352 1357 4381 4384 4391 4379
8 1357 1352 1351 1356 4384 4383 4390 4382
8 1356 1351 320 288 4383 2352 2353 2416
8 1308 1307 1349 1355 4290 4378 4294 4291
8 1355 1349 1348 1354 4378 4377 4387 4376
8 1354 1348 1347 1353 4377 4375 4385 4374
8 1353 1347 1346 1350 4375 4373 4380 4372
8 1350 1346 1345 1352 4373 4371 4379 4370
8 1352 1345 1344 1351 4371 4369 4382 4368
8 1351 1344 319 320 4369 2414 2416 2415
8 1307 1306 1343 1349 4287 4367 4291 4288
8 1349 1343 1342 1348 4367 4366 4376 4365
8 1348 1342 1341 1347 4366 4364 4374 4363
8 1347 1341 1340 1346 4364 4362 4372 4361
8 1346 1340 1339 1345 4362 4360 4370 4359
8 1345 1339 1338 1344 4360 4358 4368 4357
8 1344 1338 318 319 4358 2412 2415 2413
8 1306 1305 1337 1343 4284 4356 4288 4285
8 1343 1337 1336 1342 4356 4355 4365 4354
8 1342 1336 1335 1341 4355 4353 4363 4352
8 1341 1331 1334 1340 4346 4351 4361 4344
8 1340 1334 1333 1339 4351 4350 4359 4349
8 1339 1333 1332 1338 4350 4348 4357 4347
8 1338 1332 317 318 4348 2410 2413 2411
8 1305 1304 1330 1337 4281 4343 4285 4282
8 1337 1330 1329 1336 4343 4342 4354 4341
8 1336 1329 1328 1335 4342 4340 4352 4339
8 1335 1328 1327 1331 4340 4338 4345 4337
8 1331 1327 1326 1334 4338 4336 4344 4335
8 1334 1326 1325 1333 4336 4334 4349 4333
8 1333 1325 1324 1332 4334 4332 4347 4331
8 1332 1324 287 317 4332 2348 2411 2350
8 1304 1303 1323 1330 4278 4330 4282 4279
8 1330 1323 1322 1329 4330 4329 4341 4328
8 1329 1322 1321 1328 4329 4327 4339 4326
8 1328 1321 1320 1327 4327 4325 4337 4324
8 1327 1316 1319 1326 4318 4323 4335 4316
8 1326 1319 1318 1325 4323 4322 4333 4321
8 1325 1318 1317 1324 4322 4320 4331 4319
8 1324 1317 321 287 4320 2349 2350 2417
8 1303 1293 1302 1323 4244 4275 4279 4243
8 1323 1302 1301 1322 4275 4273 4328 4272
8 1322 1301 1300 1321 4273 4269 4326 4268
8 1321 1300 1299 1320 4269 4266 4324 4265
8 1320 1299 1298 1316 4266 4263 4317 4262
8 1316 1298 1297 1319 4263 4259 4316 4258
8 1319 1297 1296 1318 4259 4256 4321 4255
8 1318 1295 1294 1317 4252 4248 4319 4247
8 321 1317 1294 286 2417 2346 2344 4248
8 1310 1315 1425 1361 4299 4395 4300 4315
8 1361 1425 1424 1362 4395 4398 4394 4510
8 1362 1424 1423 1363 4398 4401 4397 4509
8 1363 1423 1422 1364 4401 4404 4400 4508
8 1364 1422 1421 1365 4404 4406 4403 4507
8 1365 1421 264 258 4406 2288 2290 2302
8 1315 1314 1420 1425 4311 4506 4315 4313
8 1425 1420 1419 1424 4506 4505 4510 4504
8 1424 1419 1418 1423 4505 4503 4509 4502
8 1423 1418 1417 1422 4503 4501 4508 4500
8 1422 1417 1416 1421 4501 4499 4507 4498
8 1421 1416 263 264 4499 2300 2302 2301
8 1314 1313 1415 1420 4308 4497 4313 4310
8 1420 1415 1414 1419 4497 4496 4504 4495
8 1419 1414 1413 1418 4496 4494 4502 4493
8 1418 1413 1412 1417 4494 4492 4500 4491
8 1417 1412 1411 1416 4492 4490 4498 4489
8 1416 1411 262 263 4490 2298 2301 2299
8 1313 1312 1410 1415 4305 4488 4310 4307
8 1415 1410 1409 1414 4488 4487 4495 4486
8 1414 1409 1408 1413 4487 4485 4493 4484
8 1413 1408 1407 1412 4485 4483 4491 4482
8 1412 1407 1406 1411 4483 4481 4489 4480
8 1411 1406 261 262 4481 2296 2299 2297
8 1312 1311 1405 1410 4302 4479 4307 4304
8 1410 1405 1404 1409 4479 4478 4486 4477
8 1409 1404 1403 1408 4478 4476 4484 4475
8 1408 1403 1402 1407 4476 4474 4482 4473
8 1407 1402 1401 1406 4474 4472 4480 4471
8 1406 1401 260 261 4472 2294 2297 2295
8 1311 289 1400 1405 2355 4470 4304 2356
8 1405 1400 1399 1404 4470 4469 4477 4468
8 1404 1399 1398 1403 4469 4467 4475 4466
8 1403 1398 1397 1402 4467 4465 4473 4464
8 1402 1397 1396 1401 4465 4463 4471 4462
8 1401 1396 259 260 4463 2291 2295 2293
8 289 327 1395 1400 2354 4461 2356 2428
8 1400 1395 1394 1399 4461 4460 4468 4459
8 1399 1394 1393 1398 4460 4458 4466 4457
8 1398 1393 1392 1397 4458 4456 4464 4455
8 1397 1392 1391 1396 4456 4454 4462 4453
8 1396 1391 265 259 4454 2292 2293 2304
8 327 326 1390 1395 2426 4452 2428 2427
8 1395 1390 1389 1394 4452 4451 4459 4450
8 1394 1389 1388 1393 4451 4449 4457 4448
8 1393 1388 1387 1392 4449 4447 4455 4446
8 1392 1387 1386 1391 4447 4445 4453 4444
8 1391 1386 270 265 4445 2303 2304 2313
8 326 325 1385 1390 2424 4443 2427 2425
8 1390 1385 1384 1389 4443 4442 4450 4441
8 1389 1384 1383 1388 4442 4440 4448 4439
8 1388 1383 1382 1387 4440 4438 4446 4437
8 1387 1382 1381 1386 4438 4436 4444 4435
8 1386 1381 269 270 4436 2311 2313 2312
8 325 324 1380 1385 2422 4434 2425 2423
8 1385 1380 1379 1384 4434 4433 4441 4432
8 1384 1379 1378 1383 4433 4431 4439 4430
8 1383 1378 1377 1382 4431 4429 4437 4428
8 1382 1377 1376 1381 4429 4427 4435 4426
8 1381 1376 268 269 4427 2309 2312 2310
8 324 323 1375 1380 2420 4425 2423 2421
8 1380 1375 1374 1379 4425 4424 4432 4423
8 1379 1374 1373 1378 4424 4422 4430 4421
8 1378 1373 1372 1377 4422 4420 4428 4419
8 1377 1372 1371 1376 4420 4418 4426 4417
8 1376 1371 267 268 4418 2307 2310 2308
8 323 322 1370 1375 2418 4416 2421 2419
8 1375 1370 1369 1374 4416 4415 4423 4414
8 1374 1369 1368 1373 4415 4413 4421 4412
8 1373 1368 1367 1372 4413 4411 4419 4410
8 1372 1367 1366 1371 4411 4409 4417 4408
8 1371 1366 266 267 4409 2305 2308 2306
8 322 244 1133 1370 2256 3968 2419 2257
8 1370 1133 1134 1369 3968 3971 4414 3966
8 1369 1134 1135 1368 3971 3974 4412 3969
8 1368 1135 1136 1367 3974 3977 4410 3972
8 1367 1136 1137 1366 3977 3979 4408 3975
8 1366 1137 155 266 3979 2068 2306 2069
8 1427 1426 1453 1452 4511 4586 4514 4512
8 1426 290 291 1453 2359 2361 4512 2357
8 1452 1453 1454 1451 4586 4584 4583 4588
8 1453 291 292 1454 2361 2363 4588 2360
8 1451 1454 1455 1450 4584 4581 4580 4589
8 1454 292 293 1455 2363 2365 4589 2362
8 1450 1455 1456 1449 4581 4578 4577 4590
8 1455 293 294 1456 2365 2367 4590 2364
8 1449 1456 1457 1448 4578 4575 4574 4591
8 1456 294 295 1457 2367 2369 4591 2366
8 1448 1457 1458 1447 4575 4572 4571 4592
8 1457 295 296 1458 2369 2371 4592 2368
8 1447 1458 1459 1446 4572 4569 4568 4593
8 1458 296 297 1459 2371 2373 4593 2370
8 1446 1459 1460 1445 4569 4566 4565 4594
8 1459 297 298 1460 2373 2375 4594 2372
8 1445 1460 1461 1444 4566 4563 4562 4595
8 1460 298 299 1461 2375 2377 4595 2374
8 1444 1461 1462 1443 4563 4560 4559 4596
8 1461 299 300 1462 2377 2379 4596 2376
8 1443 1462 1463 1442 4560 4557 4556 4597
8 1462 300 301 1463 2379 2381 4597 2378
8 1442 1463 1464 1441 4557 4554 4553 4598
8 1463 301 302 1464 2381 2383 4598 2380
8 1441 1464 1465 1440 4554 4551 4550 4599
8 1464 302 303 1465 2383 2385 4599 2382
8 1440 1465 1466 1439 4551 4548 4547 4600
8 1465 303 304 1466 2385 2387 4600 2384
8 1439 1466 1467 1438 4548 4545 4544 4601
8 1466 304 305 1467 2387 2389 4601 2386
8 1438 1467 1468 1437 4545 4542 4541 4602
8 1467 305 306 1468 2389 2391 4602 2388
8 1437 1468 1469 1436 4542 4539 4538 4603
8 1468 306 307 1469 2391 2393 4603 2390
8 1436 1469 1470 1435 4539 4535 4534 4604
8 1469 307 308 1470 2393 2395 4604 2392
8 1435 1470 1471 1434 4535 4532 4531 4605
8 1470 308 309 1471 2395 2397 4605 2394
8 1434 1471 1472 1433 4532 4529 4528 4606
8 1471 309 310 1472 2397 2399 4606 2396
8 1433 1472 1473 1432 4529 4526 4525 4607
8 1472 310 311 1473 2399 2401 4607 2398
8 1432 1473 1474 1431 4526 4524 4523 4608
8 1473 311 312 1474 2401 2403 4608 2400
8 1431 1474 1475 1430 4524 4522 4521 4609
8 1474 312 313 1475 2403 2405 4609 2402
8 1430 1475 1476 1429 4522 4520 4519 4610
8 1475 313 314 1476 2405 2407 4610 2404
8 1429 1476 1477 1428 4520 4518 4517 4611
8 1476 314 315 1477 2407 2408 4611 2406
8 1428 1477 316 285 4518 2341 2343 2409
8 1477 315 284 316 2408 2340 2409 2339
8 1518 1514 331 332 4676 2437 2442 2438
8 1518 332 1516 1517 2442 4677 4678 2441
8 1513 1511 1301 1302 4672 4272 4277 4274
8 1442 1441 1509 1510 4553 4671 4558 4555
8 1445 1507 1508 1446 4567 4570 4565 4670
8 1520 1506 286 1294 4668 2346 4250 2347
8 1505 1504 1298 1299 4665 4262 4267 4264
8 1505 1503 1508 1504 4663 4666 4665 4664
8 1502 1503 1505 1523 4661 4667 4662 4663
8 1502 1501 1449 1448 4659 4574 4576 4579
8 1500 1507 1498 1499 4658 4654 4656 4655
8 1450 1449 1501 1497 4577 4652 4582 4579
8 1497 1501 1524 1511 4652 4673 4653 4660
8 1523 1524 1501 1502 4681 4659 4662 4660
8 1433 1515 1514 1434 4530 4533 4528 4675
8 1517 1496 1436 1435 4651 4534 4536 4540
8 1439 1438 1494 1495 4544 4650 4549 4546
8 1493 1498 1444 1443 4648 4559 4561 4564
8 1492 1491 1452 1451 4644 4583 4585 4587
8 1427 1452 1491 1479 4514 4615 4515 4587
8 1520 1519 1489 1490 4679 4640 4643 4642
8 1489 1519 1295 1488 4642 4253 4638 4254
8 1511 1524 1300 1301 4673 4268 4274 4271
8 1494 1485 1486 1487 4632 4634 4636 4631
8 1484 1495 1494 1487 4629 4636 4627 4650
8 1483 1495 1484 1490 4625 4628 4624 4629
8 1484 1487 1521 1506 4627 4669 4630 4637
8 1506 1520 1490 1484 4668 4628 4630 4643
8 1509 1483 1490 1489 4626 4640 4641 4624
8 1488 1510 1509 1489 4639 4641 4638 4671
8 1488 1295 1296 1482 4253 4257 4621 4251
8 1504 1508 1507 1500 4666 4658 4657 4670
8 1503 1502 1448 1447 4661 4571 4573 4576
8 1486 1522 1521 1487 4635 4637 4634 4680
8 1440 1483 1509 1441 4552 4555 4550 4626
8 1512 1491 1492 1513 4645 4647 4674 4644
8 1497 1511 1513 1492 4653 4647 4646 4672
8 1497 1492 1451 1450 4646 4580 4582 4585
8 1510 1488 1482 1493 4639 4622 4649 4621
8 1512 1478 1479 1491 4613 4615 4645 4612
8 333 1522 1486 1481 2445 4618 2444 4635
8 1481 1496 1517 1516 4619 4677 4620 4651
8 1503 1447 1446 1508 4573 4570 4664 4568
8 1442 1510 1493 1443 4558 4561 4556 4649
8 1483 1440 1439 1495 4552 4549 4625 4547
8 1496 1485 1437 1436 4633 4538 4540 4543
8 1437 1485 1494 1438 4543 4546 4541 4632
8 1297 1499 1482 1296 4260 4257 4255 4623
8 1514 1518 1435 1434 4676 4531 4533 4537
8 1445 1444 1498 1507 4562 4655 4567 4564
8 1302 1293 1478 1512 4243 4613 4276 4245
8 1505 1299 1300 1523 4267 4270 4667 4265
8 1481 1516 332 333 4620 2440 2444 2441
8 1521 334 286 1506 2446 2347 4669 2345
8 1429 328 329 1430 2431 2433 4519 2429
8 1500 1297 1298 1504 4261 4264 4657 4258
8 1498 1493 1482 1499 4648 4623 4654 4622
8 1485 1496 1481 1486 4633 4618 4631 4619
8 1430 329 330 1431 2433 2435 4521 2432
8 1515 1480 330 331 4617 2434 2439 2436
8 330 1480 1432 1431 2436 4523 2435 4527
8 1432 1480 1515 1433 4527 4530 4525 4617
8 1310 1538 1583 1309 4301 4298 4296 4725
8 1538 1537 1582 1583 4722 4804 4725 4723
8 1537 1536 1581 1582 4719 4803 4723 4720
8 1536 1535 1580 1581 4716 4802 4720 4717
8 1535 1534 1579 1580 4713 4801 4717 4714
8 1534 370 364 1579 2521 2508 4714 2507
8 1309 1583 1578 1308 4298 4295 4293 4800
8 1583 1582 1577 1578 4804 4798 4800 4799
8 1582 1581 1576 1577 4803 4796 4799 4797
8 1581 1580 1575 1573 4802 4790 4792 4795
8 1580 1579 1574 1575 4801 4793 4795 4794
8 1579 364 368 1574 2508 2515 4794 2506
8 1308 1578 1572 1307 4295 4292 4290 4789
8 1578 1577 1571 1572 4798 4787 4789 4788
8 1577 1576 1570 1571 4796 4785 4788 4786
8 1576 1573 1569 1570 4791 4783 4786 4784
8 1573 1575 1568 1569 4790 4781 4784 4782
8 1575 1574 1567 1568 4793 4779 4782 4780
8 1574 368 367 1567 2515 2514 4780 2513
8 1307 1572 1566 1306 4292 4289 4287 4778
8 1572 1571 1565 1566 4787 4776 4778 4777
8 1571 1570 1564 1565 4785 4774 4777 4775
8 1570 1569 1563 1564 4783 4772 4775 4773
8 1569 1568 1562 1563 4781 4770 4773 4771
8 1568 1567 1561 1562 4779 4768 4771 4769
8 1567 367 366 1561 2514 2512 4769 2511
8 1306 1566 1560 1305 4289 4286 4284 4767
8 1566 1565 1559 1560 4776 4765 4767 4766
8 1565 1564 1558 1559 4774 4763 4766 4764
8 1564 1563 1557 1554 4772 4755 4757 4762
8 1563 1562 1556 1557 4770 4760 4762 4761
8 1562 1561 1555 1556 4768 4758 4761 4759
8 1561 366 365 1555 2512 2510 4759 2509
8 1305 1560 1553 1304 4286 4283 4281 4754
8 1560 1559 1552 1553 4765 4752 4754 4753
8 1559 1558 1551 1552 4763 4750 4753 4751
8 1558 1554 1550 1551 4756 4748 4751 4749
8 1554 1557 1549 1550 4755 4746 4749 4747
8 1557 1556 1548 1549 4760 4744 4747 4745
8 1556 1555 1547 1548 4758 4742 4745 4743
8 1555 365 363 1547 2510 2505 4743 2503
8 1304 1553 1546 1303 4283 4280 4278 4741
8 1553 1552 1545 1546 4752 4739 4741 4740
8 1552 1551 1544 1545 4750 4737 4740 4738
8 1551 1550 1543 1544 4748 4735 4738 4736
8 1550 1549 1542 1539 4746 4727 4729 4734
8 1549 1548 1541 1542 4744 4732 4734 4733
8 1548 1547 1540 1541 4742 4730 4733 4731
8 1547 363 371 1540 2505 2523 4731 2504
8 1303 1546 1533 1293 4280 4246 4244 4710
8 1546 1545 1532 1533 4739 4707 4710 4708
8 1545 1544 1531 1532 4737 4703 4708 4704
8 1544 1543 1530 1531 4735 4700 4704 4701
8 1543 1539 1529 1530 4728 4697 4701 4698
8 1539 1542 1528 1529 4727 4693 4698 4694
8 1542 1541 1527 1528 4732 4690 4694 4691
8 1541 1540 1525 1526 4730 4682 4687 4683
8 371 369 1525 1540 2516 4683 2523 2518
8 1310 1361 1648 1538 4300 4726 4301 4396
8 1361 1362 1647 1648 4394 4916 4396 4399
8 1362 1363 1646 1647 4397 4915 4399 4402
8 1363 1364 1645 1646 4400 4914 4402 4405
8 1364 1365 1644 1645 4403 4913 4405 4407
8 1365 258 276 1644 2290 2325 4407 2289
8 1538 1648 1643 1537 4726 4724 4722 4912
8 1648 1647 1642 1643 4916 4910 4912 4911
8 1647 1646 1641 1642 4915 4908 4911 4909
8 1646 1645 1640 1641 4914 4906 4909 4907
8 1645 1644 1639 1640 4913 4904 4907 4905
8 1644 276 275 1639 2325 2324 4905 2323
8 1537 1643 1638 1536 4724 4721 4719 4903
8 1643 1642 1637 1638 4910 4901 4903 4902
8 1642 1641 1636 1637 4908 4899 4902 4900
8 1641 1640 1635 1636 4906 4897 4900 4898
8 1640 1639 1634 1635 4904 4895 4898 4896
8 1639 275 274 1634 2324 2322 4896 2321
8 1536 1638 1633 1535 4721 4718 4716 4894
8 1638 1637 1632 1633 4901 4892 4894 4893
8 1637 1636 1631 1632 4899 4890 4893 4891
8 1636 1635 1630 1631 4897 4888 4891 4889
8 1635 1634 1629 1630 4895 4886 4889 4887
8 1634 274 273 1629 2322 2320 4887 2319
8 1535 1633 1628 1534 4718 4715 4713 4885
8 1633 1632 1627 1628 4892 4883 4885 4884
8 1632 1631 1626 1627 4890 4881 4884 4882
8 1631 1630 1625 1626 4888 4879 4882 4880
8 1630 1629 1624 1625 4886 4877 4880 4878
8 1629 273 272 1624 2320 2318 4878 2317
8 1534 1628 1623 370 4715 2522 2521 4876
8 1628 1627 1622 1623 4883 4874 4876 4875
8 1627 1626 1621 1622 4881 4872 4875 4873
8 1626 1625 1620 1621 4879 4870 4873 4871
8 1625 1624 1619 1620 4877 4868 4871 4869
8 1624 272 271 1619 2318 2316 4869 2314
8 370 1623 1618 378 2522 2536 2520 4867
8 1623 1622 1617 1618 4874 4865 4867 4866
8 1622 1621 1616 1617 4872 4863 4866 4864
8 1621 1620 1615 1616 4870 4861 4864 4862
8 1620 1619 1614 1615 4868 4859 4862 4860
8 1619 271 277 1614 2316 2327 4860 2315
8 378 1618 1613 377 2536 2535 2534 4858
8 1618 1617 1612 1613 4865 4856 4858 4857
8 1617 1616 1611 1612 4863 4854 4857 4855
8 1616 1615 1610 1611 4861 4852 4855 4853
8 1615 1614 1609 1610 4859 4850 4853 4851
8 1614 277 282 1609 2327 2337 4851 2326
8 377 1613 1608 376 2535 2533 2532 4849
8 1613 1612 1607 1608 4856 4847 4849 4848
8 1612 1611 1606 1607 4854 4845 4848 4846
8 1611 1610 1605 1606 4852 4843 4846 4844
8 1610 1609 1604 1605 4850 4841 4844 4842
8 1609 282 281 1604 2337 2336 4842 2335
8 376 1608 1603 375 2533 2531 2530 4840
8 1608 1607 1602 1603 4847 4838 4840 4839
8 1607 1606 1601 1602 4845 4836 4839 4837
8 1606 1605 1600 1601 4843 4834 4837 4835
8 1605 1604 1599 1600 4841 4832 4835 4833
8 1604 281 280 1599 2336 2334 4833 2333
8 375 1603 1598 374 2531 2529 2528 4831
8 1603 1602 1597 1598 4838 4829 4831 4830
8 1602 1601 1596 1597 4836 4827 4830 4828
8 1601 1600 1595 1596 4834 4825 4828 4826
8 1600 1599 1594 1595 4832 4823 4826 4824
8 1599 280 279 1594 2334 2332 4824 2331
8 374 1598 1593 373 2529 2527 2526 4822
8 1598 1597 1592 1593 4829 4820 4822 4821
8 1597 1596 1591 1592 4827 4818 4821 4819
8 1596 1595 1590 1591 4825 4816 4819 4817
8 1595 1594 1589 1590 4823 4814 4817 4815
8 1594 279 278 1589 2332 2330 4815 2328
8 373 1593 1584 372 2527 2525 2524 4806
8 1593 1592 1585 1584 4820 4805 4806 4808
8 1592 1591 1586 1585 4818 4807 4808 4810
8 1591 1590 1587 1586 4816 4809 4810 4812
8 1590 1589 1588 1587 4814 4811 4812 4813
8 1589 278 283 1588 2330 2338 4813 2329
8 1427 1673 1674 1426 4516 4513 4511 4986
8 1426 1674 360 290 4513 2358 2359 2498
8 1673 1672 1675 1674 4983 4988 4986 4984
8 1674 1675 359 360 4988 2496 2498 2497
8 1672 1671 1676 1675 4980 4989 4984 4981
8 1675 1676 358 359 4989 2494 2497 2495
8 1671 1670 1677 1676 4977 4990 4981 4978
8 1676 1677 357 358 4990 2492 2495 2493
8 1670 1669 1678 1677 4974 4991 4978 4975
8 1677 1678 356 357 4991 2490 2493 2491
8 1669 1668 1679 1678 4971 4992 4975 4972
8 1678 1679 355 356 4992 2488 2491 2489
8 1668 1667 1680 1679 4968 4993 4972 4969
8 1679 1680 354 355 4993 2486 2489 2487
8 1667 1666 1681 1680 4965 4994 4969 4966
8 1680 1681 353 354 4994 2484 2487 2485
8 1666 1665 1682 1681 4962 4995 4966 4963
8 1681 1682 352 353 4995 2482 2485 2483
8 1665 1664 1683 1682 4959 4996 4963 4960
8 1682 1683 351 352 4996 2480 2483 2481
8 1664 1663 1684 1683 4956 4997 4960 4957
8 1683 1684 350 351 4997 2478 2481 2479
8 1663 1662 1685 1684 4953 4998 4957 4954
8 1684 1685 349 350 4998 2476 2479 2477
8 1662 1661 1686 1685 4950 4999 4954 4951
8 1685 1686 348 349 4999 2474 2477 2475
8 1661 1660 1687 1686 4947 5000 4951 4948
8 1686 1687 347 348 5000 2472 2475 2473
8 1660 1659 1688 1687 4944 5001 4948 4945
8 1687 1688 346 347 5001 2470 2473 2471
8 1659 1658 1689 1688 4941 5002 4945 4942
8 1688 1689 345 346 5002 2468 2471 2469
8 1658 1657 1690 1689 4938 5003 4942 4939
8 1689 1690 344 345 5003 2466 2469 2467
8 1657 1656 1691 1690 4934 5004 4939 4935
8 1690 1691 343 344 5004 2464 2467 2465
8 1656 1655 1692 1691 4931 5005 4935 4932
8 1691 1692 342 343 5005 2462 2465 2463
8 1655 1654 1693 1692 4928 5006 4932 4929
8 1692 1693 341 342 5006 2460 2463 2461
8 1654 1653 1694 1693 4925 5007 4929 4926
8 1693 1694 340 341 5007 2458 2461 2459
8 1653 1652 1695 1694 4923 5008 4926 4924
8 1694 1695 339 340 5008 2456 2459 2457
8 1652 1651 1696 1695 4921 5009 4924 4922
8 1695 1696 338 339 5009 2454 2457 2455
8 1651 1650 1697 1696 4919 5010 4922 4920
8 1696 1697 337 338 5010 2452 2455 2453
8 1650 1649 1698 1697 4917 5011 4920 4918
8 1697 1698 336 337 5011 2450 2453 2451
8 1649 361 362 1698 2501 2502 4918 2499
8 1698 362 335 336 2502 2448 2451 2449
8 1737 383 382 1733 2550 2546 5071 2545
8 1737 1736 1735 383 5073 2549 2550 5072
8 1732 1533 1532 1730 4712 4709 5067 4707
8 1663 1729 1728 1662 4958 4955 4953 5066
8 1666 1667 1727 1726 4965 5065 4967 4970
8 1739 1525 369 1725 4685 2519 5063 2518
8 1724 1530 1529 1723 4702 4699 5060 4697
8 1724 1723 1727 1722 5060 5059 5058 5061
8 1721 1742 1724 1722 5057 5058 5056 5062
8 1721 1669 1670 1720 4976 4979 5054 4974
8 1719 1718 1717 1726 5051 5050 5053 5049
8 1671 1716 1720 1670 4982 4979 4977 5047
8 1716 1730 1743 1720 5048 5055 5047 5068
8 1742 1721 1720 1743 5057 5055 5076 5054
8 1654 1655 1733 1734 4928 5070 4930 4933
8 1736 1656 1657 1715 4936 4940 5046 4934
8 1660 1714 1713 1659 4949 4946 4944 5045
8 1712 1664 1665 1717 4961 4964 5043 4959
8 1711 1672 1673 1710 4985 4987 5039 4983
8 1427 1479 1710 1673 4515 4987 4516 4616
8 1739 1709 1708 1738 5038 5037 5074 5035
8 1708 1707 1526 1738 5033 4689 5037 4688
8 1730 1532 1531 1743 4709 4706 5068 4703
8 1713 1706 1705 1704 5031 5026 5027 5029
8 1703 1706 1713 1714 5022 5045 5024 5031
8 1702 1709 1703 1714 5019 5024 5020 5023
8 1703 1725 1740 1706 5025 5032 5022 5064
8 1725 1703 1709 1739 5025 5038 5063 5023
8 1728 1708 1709 1702 5036 5019 5021 5035
8 1707 1708 1728 1729 5033 5066 5034 5036
8 1707 1701 1527 1526 5016 4686 4688 4692
8 1723 1719 1726 1727 5052 5065 5061 5053
8 1722 1668 1669 1721 4973 4976 5056 4971
8 1705 1706 1740 1741 5029 5075 5030 5032
8 1661 1662 1728 1702 4950 5021 4952 4955
8 1731 1732 1711 1710 5069 5039 5040 5042
8 1716 1711 1732 1730 5041 5067 5048 5042
8 1716 1671 1672 1711 4982 4985 5041 4980
8 1729 1712 1701 1707 5044 5016 5034 5017
8 1731 1710 1479 1478 5040 4612 4614 4616
8 384 1700 1705 1741 2552 5030 2553 5013
8 1700 1735 1736 1715 5015 5046 5014 5072
8 1722 1727 1667 1668 5059 4968 4973 4970
8 1663 1664 1712 1729 4956 5044 4958 4961
8 1702 1714 1660 1661 5020 4947 4952 4949
8 1715 1657 1658 1704 4940 4943 5028 4938
8 1658 1659 1713 1704 4941 5027 4943 4946
8 1528 1527 1701 1718 4690 5018 4695 4692
8 1733 1655 1656 1737 4933 4937 5071 4931
8 1666 1726 1717 1665 4967 4964 4962 5050
8 1533 1731 1478 1293 4711 4245 4246 4614
8 1724 1742 1531 1530 5062 4700 4702 4705
8 1700 384 383 1735 2552 2549 5015 2548
8 1740 1725 369 385 5064 2517 2554 2519
8 1650 1651 380 379 4919 2537 2539 2541
8 1719 1723 1529 1528 5052 4693 4696 4699
8 1717 1718 1701 1712 5049 5017 5043 5018
8 1704 1705 1700 1715 5026 5014 5028 5013
8 1651 1652 381 380 4921 2540 2541 2543
8 1734 382 381 1699 2547 2544 5012 2542
8 381 1652 1653 1699 2543 4927 2544 4923
8 1653 1654 1734 1699 4925 5012 4927 4930
6 451 446 443 2699 2693 2694
6 434 428 424 2666 2658 2659
6 420 413 409 2638 2630 2631
6 389 388 411 2564 2565 2569
6 622 621 393 3003 2583 2584
6 620 65 619 1882 1881 3002
6 618 387 617 2563 2562 3001
6 387 388 617 2560 2567 2562
6 613 62 612 1874 1873 2997
6 1 59 526 1747 1865 1748
6 533 616 615 2859 3000 2858
6 526 59 527 1865 1866 2839
6 611 395 610 2590 2589 2996
6 64 65 620 1878 1882 1880
6 390 598 597 2574 2978 2573
6 679 671 674 3114 3113 3119
6 662 652 656 3079 3078 3086
6 648 637 641 3051 3050 3058
6 625 639 624 3013 3009 3008
6 841 629 840 3028 3027 3403
6 839 838 129 3402 2016 2017
6 837 836 623 3401 3006 3007
6 623 836 624 3006 3011 3004
6 832 831 126 3397 2008 2009
6 92 747 123 1936 2000 1935
6 754 834 835 3263 3400 3264
6 747 748 123 3244 2001 2000
6 830 829 631 3396 3033 3034
6 128 839 129 2015 2017 2013
6 626 816 817 3017 3378 3018
6 907 902 899 3547 3541 3542
6 890 884 880 3514 3506 3507
6 876 869 865 3486 3478 3479
6 845 844 867 3412 3413 3417
6 1073 1072 849 3842 3431 3432
6 1071 206 1070 2178 2177 3841
6 1069 843 1068 3411 3410 3840
6 843 844 1068 3408 3415 3410
6 1064 203 1063 2170 2169 3836
6 157 200 977 2073 2161 2074
6 984 1067 1066 3698 3839 3697
6 977 200 978 2161 2162 3678
6 1062 851 1061 3438 3437 3835
6 205 206 1071 2174 2178 2176
6 846 1049 1048 3422 3817 3421
6 1130 1122 1125 3953 3952 3958
6 1113 1103 1107 3918 3917 3925
6 1099 1088 1092 3890 3889 3897
6 1076 1090 1075 3852 3848 3847
6 1292 1080 1291 3867 3866 4242
6 1290 1289 257 4241 2286 2287
6 1288 1287 1074 4240 3845 3846
6 1074 1287 1075 3845 3850 3843
6 1283 1282 254 4236 2278 2279
6 233 1198 251 2232 2270 2231
6 1205 1285 1286 4102 4239 4103
6 1198 1199 251 4083 2271 2270
6 1281 1280 1082 4235 3872 3873
6 256 1290 257 2285 2287 2283
6 1077 1267 1268 3856 4217 3857
6 1358 1353 1350 4386 4380 4381
6 1341 1335 1331 4353 4345 4346
6 1327 1320 1316 4325 4317 4318
6 1296 1295 1318 4251 4252 4256
6 1524 1523 1300 4681 4270 4271
6 1522 334 1521 2447 2446 4680
6 1520 1294 1519 4250 4249 4679
6 1294 1295 1519 4247 4254 4249
6 1515 331 1514 2439 2438 4675
6 285 328 1428 2342 2430 2343
6 1435 1518 1517 4537 4678 4536
6 1428 328 1429 2430 2431 4517
6 1513 1302 1512 4277 4276 4674
6 333 334 1522 2443 2447 2445
6 1297 1500 1499 4261 4656 4260
6 1581 1573 1576 4792 4791 4797
6 1564 1554 1558 4757 4756 4764
6 1550 1539 1543 4729 4728 4736
6 1527 1541 1526 4691 4687 4686
6 1743 1531 1742 4706 4705 5076
6 1741 1740 385 5075 2554 2555
6 1739 1738 1525 5074 4684 4685
6 1525 1738 1526 4684 4689 4682
6 1734 1733 382 5070 2546 2547
6 361 1649 379 2501 2538 2500
6 1656 1736 1737 4936 5073 4937
6 1649 1650 379 4917 2539 2538
6 1732 1731 1533 5069 4711 4712
6 384 1741 385 2553 2555 2551
6 1528 1718 1719 4695 5051 4696
CELL_DATA 1590
SCALARS face_id int 1
LOOKUP_TABLE default
1
2
3
4
5
6
7
8
9
10
11
12
13
14
15
16
17
18
19
20
21
22
23
24
25
26
27
28
29
30
31
32
33
34
35
36
37
38
39
40
41
42
43
44
45
46
47
48
49
50
51
52
53
54
55
56
57
58
59
60
61
62
63
64
65
66
67
68
69
70
71
72
73
74
75
76
77
78
79
80
81
82
83
84
85
86
87
88
89
90
91
92
93
94
95
96
97
98
99
100
101
102
103
104
105
106
107
108
109
110
111
112
113
114
115
116
117
118
119
120
121
122
123
124
125
126
127
128
129
130
131
132
133
134
135
136
137
138
139
140
141
142
143
144
145
146
147
148
149
150
151
152
153
154
155
156
157
158
159
160
161
162
163
164
165
166
167
168
169
170
171
172
173
174
175
176
177
178
179
180
181
182
183
184
185
186
187
188
189
190
191
192
193
194
195
196
197
198
199
200
201
202
203
204
205
206
207
208
209
210
211
212
213
214
215
216
217
218
219
220
221
222
223
224
225
226
227
228
229
230
231
232
233
234
235
236
237
238
239
240
241
242
243
244
245
246
247
248
249
250
251
252
253
254
255
256
257
258
259
260
261
262
263
264
265
266
267
268
269
270
271
272
273
274
275
276
277
278
279
280
281
282
283
284
285
286
287
288
289
290
291
292
293
294
295
296
297
298
299
300
301
302
303
304
305
306
307
308
309
310
311
312
313
314
315
316
317
318
319
320
321
322
323
324
325
326
327
328
329
330
331
332
333
334
335
336
337
338
339
340
341
342
343
344
345
346
347
348
349
350
351
352
353
354
355
356
357
358
359
360
361
362
363
364
365
366
367
368
369
370
371
372
373
374
375
376
377
378
379
380
381
382
383
384
385
386
387
388
389
390
391
392
393
394
395
396
397
398
399
400
401
402
403
404
405
406
407
408
409
410
411
412
413
414
415
416
417
418
419
420
421
422
423
424
425
426
427
428
429
430
431
432
433
434
435
436
437
438
439
440
441
442
443
444
445
446
447
448
449
450
451
452
453
454
455
456
457
458
459
460
461
462
463
464
465
466
467
468
469
470
471
472
473
474
475
476
477
478
479
480
481
482
483
484
485
486
487
488
489
490
491
492
493
494
495
496
497
498
499
500
501
502
503
504
505
506
507
508
509
510
511
512
513
514
515
516
517
518
519
520
521
522
523
524
525
526
527
528
529
530
531
532
533
534
535
536
537
538
539
540
541
542
543
544
545
546
547
548
549
550
551
552
553
554
555
556
557
558
559
560
561
562
563
564
565
566
567
568
569
570
571
572
573
574
575
576
577
578
579
580
581
582
583
584
585
586
587
588
589
590
591
592
593
594
595
596
597
598
599
600
601
602
603
604
605
606
607
608
609
610
611
612
613
614
615
616
617
618
619
620
621
622
623
624
625
626
627
628
629
630
631
632
633
634
635
636
637
638
639
640
641
642
643
644
645
646
647
648
649
650
651
652
653
654
655
656
657
658
659
660
661
662
663
664
665
666
667
668
669
670
671
672
673
674
675
676
677
678
679
680
681
682
683
684
685
686
687
688
689
690
691
692
693
694
695
696
697
698
699
700
701
702
703
704
705
706
707
708
709
710
711
712
713
714
715
716
717
718
719
720
721
722
723
724
725
726
727
728
729
730
731
732
733
734
735
736
737
738
739
740
741
742
743
744
745
746
747
748
749
750
751
752
753
754
755
756
757
758
759
760
761
762
763
764
765
766
767
768
769
770
771
772
773
774
775
776
777
778
779
780
781
782
783
784
785
786
787
788
789
790
791
792
793
794
795
796
797
798
799
800
801
802
803
804
805
806
807
808
809
810
811
812
813
814
815
816
817
818
819
820
821
822
823
824
825
826
827
828
829
830
831
832
833
834
835
836
837
838
839
840
841
842
843
844
845
846
847
848
849
850
851
852
853
854
855
856
857
858
859
860
861
862
863
864
865
866
867
868
869
870
871
872
873
874
875
876
877
878
879
880
881
882
883
884
885
886
887
888
889
890
891
892
893
894
895
896
897
898
899
900
901
902
903
904
905
906
907
908
909
910
911
912
913
914
915
916
917
918
919
920
921
922
923
924
925
926
927
928
929
930
931
932
933
934
935
936
937
938
939
940
941
942
943
944
945
946
947
948
949
950
951
952
953
954
955
956
957
958
959
960
961
962
963
964
965
966
967
968
969
970
971
972
973
974
975
976
977
978
979
980
981
982
983
984
985
986
987
988
989
990
991
992
993
994
995
996
997
998
999
1000
1001
1002
1003
1004
1005
1006
1007
1008
1009
1010
1011
1012
1013
1014
1015
1016
1017
1018
1019
1020
1021
1022
1023
1024
1025
1026
1027
1028
1029
1030
1031
1032
1033
1034
1035
1036
1037
1038
1039
1040
1041
1042
1043
1044
1045
1046
1047
1048
1049
1050
1051
1052
1053
1054
1055
1056
1057
1058
1059
1060
1061
1062
1063
1064
1065
1066
1067
1068
1069
1070
1071
1072
1073
1074
1075
1076
1077
1078
1079
1080
1081
1082
1083
1084
1085
1086
1087
1088
1089
1090
1091
1092
1093
1094
1095
1096
1097
1098
1099
1100
1101
1102
1103
1104
1105
1106
1107
1108
1109
1110
1111
1112
1113
1114
1115
1116
1117
1118
1119
1120
1121
1122
1123
1124
1125
1126
1127
1128
1129
1130
1131
1132
1133
1134
1135
1136
1137
1138
1139
1140
1141
1142
1143
1144
1145
1146
1147
1148
1149
1150
1151
1152
1153
1154
1155
1156
1157
1158
1159
1160
1161
1162
1163
1164
1165
1166
1167
1168
1169
1170
1171
1172
1173
1174
1175
1176
1177
1178
1179
1180
1181
1182
1183
1184
1185
1186
1187
1188
1189
1190
1191
1192
1193
1194
1195
1196
1197
1198
1199
1200
1201
1202
1203
1204
1205
1206
1207
1208
1209
1210
1211
1212
1213
1214
1215
1216
1217
1218
1219
1220
1221
1222
1223
1224
1225
1226
1227
1228
1229
1230
1231
1232
1233
1234
1235
1236
1237
1238
1239
1240
1241
1242
1243
1244
1245
1246
1247
1248
1249
1250
1251
1252
1253
1254
1255
1256
1257
1258
1259
1260
1261
1262
1263
1264
1265
1266
1267
1268
1269
1270
1271
1272
1273
1274
1275
1276
1277
1278
1279
1280
1281
1282
1283
1284
1285
1286
1287
1288
1289
1290
1291
1292
1293
1294
1295
1296
1297
1298
1299
1300
1301
1302
1303
1304
1305
1306
1307
1308
1309
1310
1311
1312
1313
1314
1315
1316
1317
1318
1319
1320
1321
1322
1323
1324
1325
1326
1327
1328
1329
1330
1331
1332
1333
1334
1335
1336
1337
1338
1339
1340
1341
1342
1343
1344
1345
1346
1347
1348
1349
1350
1351
1352
1353
1354
1355
1356
1357
1358
1359
1360
1361
1362
1363
1364
1365
1366
1367
1368
1369
1370
1371
1372
1373
1374
1375
1376
1377
1378
1379
1380
1381
1382
1383
1384
1385
1386
1387
1388
1389
1390
1391
1392
1393
1394
1395
1396
1397
1398
1399
1400
1401
1402
1403
1404
1405
1406
1407
1408
1409
1410
1411
1412
1413
1414
1415
1416
1417
1418
1419
1420
1421
1422
1423
1424
1425
1426
1427
1428
1429
1430
1431
1432
1433
1434
1435
1436
1437
1438
1439
1440
1441
1442
1443
1444
1445
1446
1447
1448
1449
1450
1451
1452
1453
1454
1455
1456
1457
1458
1459
1460
1461
1462
1463
1464
1465
1466
1467
1468
1469
1470
1471
1472
1473
1474
1475
1476
1477
1478
1479
1480
1481
1482
1483
1484
1485
1486
1487
1488
1489
1490
1491
1492
1493
1494
1495
1496
1497
1498
1499
1500
1501
1502
1503
1504
1505
1506
1507
1508
1509
1510
1511
1512
1513
1514
1515
1516
1517
1518
1519
1520
1521
1522
1523
1524
1525
1526
1527
1528
1529
1530
1531
1532
1533
1534
1535
1536
1537
1538
1539
1540
1541
1542
1543
1544
1545
1546
1547
1548
1549
1550
1551
1552
1553
1554
1555
1556
1557
1558
1559
1560
1561
1562
1563
1564
1565
1566
1567
1568
1569
1570
1571
1572
1573
1574
1575
1576
1577
1578
1579
1580
1581
1582
1583
1584
1585
1586
1587
1588
1589
1590
SCALARS boundary_group_id int 1
LOOKUP_TABLE default
1
1
1
1
1
1
1
1
1
1
1
1
1
1
1
1
1
1
1
1
1
1
1
1
1
1
1
1
1
1
1
1
1
1
1
1
1
1
1
1
1
1
1
1
1
1
1
1
1
1
1
1
1
1
1
1
1
1
1
1
1
1
1
1
1
1
1
1
1
1
1
1
1
1
1
1
1
1
1
1
1
1
1
1
1
1
1
1
1
1
1
1
1
1
1
1
1
1
1
1
1
1
1
1
1
1
1
1
1
1
1
1
1
1
1
1
1
1
1
1
1
1
1
1
1
1
1
1
1
1
1
1
1
1
1
1
1
1
1
1
1
1
1
1
1
1
1
1
1
1
1
1
1
1
1
1
1
1
1
1
1
1
1
1
1
1
1
1
1
1
1
1
1
1
1
1
1
1
1
1
1
1
1
1
1
1
1
1
1
1
1
1
1
1
1
1
1
1
1
1
1
1
1
1
1
1
1
1
1
1
1
1
1
1
1
1
1
1
1
1
1
1
1
1
1
1
1
1
1
1
1
1
1
1
1
1
1
1
1
1
1
1
1
1
1
1
1
1
1
1
1
1
1
1
1
1
1
1
1
1
1
1
1
1
1
1
1
1
1
1
1
1
1
1
1
1
1
1
1
1
1
1
1
1
1
1
1
1
1
1
1
1
1
1
1
1
1
1
1
1
1
1
1
1
1
1
1
1
1
1
1
1
1
1
1
1
1
1
1
1
1
1
1
1
1
1
1
1
1
1
1
1
1
1
1
1
1
1
1
1
1
1
1
1
1
1
1
1
1
1
1
1
1
1
1
1
1
1
1
1
1
1
1
1
1
1
1
1
1
1
1
1
1
1
1
1
1
1
1
1
1
1
1
1
1
1
1
1
1
1
1
1
1
1
1
1
1
1
1
1
1
1
1
1
1
1
1
1
1
1
1
1
1
1
1
1
1
1
1
1
1
1
1
1
1
1
1
1
1
1
1
1
1
1
1
1
1
1
1
1
1
1
1
1
1
1
1
1
1
1
1
1
1
1
1
1
1
1
1
1
1
1
1
1
1
1
1
1
1
1
1
1
1
1
1
1
1
1
1
1
1
1
1
1
1
1
1
1
1
1
1
1
1
1
1
1
1
1
1
1
1
1
1
1
1
1
1
1
1
1
1
1
1
1
1
1
1
1
1
1
1
1
1
1
1
1
1
1
1
1
1
1
1
1
1
1
1
1
1
1
1
1
1
1
1
1
1
1
1
1
1
1
1
1
1
1
1
1
1
1
1
1
1
1
1
1
1
1
1
1
1
1
1
1
1
1
1
1
1
1
1
1
1
1
1
1
1
1
1
1
1
1
1
1
1
1
1
1
1
1
1
1
1
1
1
1
1
1
1
1
1
1
1
1
1
1
1
1
1
1
1
1
1
1
1
1
1
1
1
1
1
1
1
1
1
1
1
1
1
1
1
1
1
1
1
1
1
1
1
1
1
1
1
1
1
1
1
1
1
1
1
1
1
1
1
1
1
1
1
1
1
1
1
1
1
1
1
1
1
1
1
1
1
1
1
1
1
1
1
1
1
1
1
1
1
1
1
1
1
1
1
1
1
1
1
1
1
1
1
1
1
1
1
1
1
1
1
1
1
1
1
1
1
1
1
1
1
1
1
1
1
1
1
1
1
1
1
1
1
1
1
1
1
1
1
1
1
1
1
1
1
1
1
1
1
1
1
1
1
1
1
1
1
1
1
1
1
1
1
1
1
1
1
1
1
1
1
1
1
1
1
1
1
1
1
1
1
1
1
1
1
1
1
1
1
1
1
1
1
1
1
1
1
1
1
1
1
1
1
1
1
1
1
1
1
1
1
1
1
1
1
1
1
1
1
1
1
1
1
1
1
1
1
1
1
1
1
1
1
1
1
1
1
1
1
1
1
1
1
1
1
1
1
1
1
1
1
1
1
1
1
1
1
1
1
1
1
1
1
1
1
1
1
1
1
1
1
1
1
1
1
1
1
1
1
1
1
1
1
1
1
1
1
1
1
1
1
1
1
1
1
1
1
1
1
1
1
1
1
1
1
1
1
1
1
1
1
1
1
1
1
1
1
1
1
1
1
1
1
1
1
1
1
1
1
1
1
1
1
1
1
1
1
1
1
1
1
1
1
1
1
1
1
1
1
1
1
1
1
1
1
1
1
1
1
1
1
1
1
1
1
1
1
1
1
1
1
1
1
1
1
1
1
1
1
1
1
1
1
1
1
1
1
1
1
1
1
1
1
1
1
1
1
1
1
1
1
1
1
1
1
1
1
1
1
1
1
1
1
1
1
1
1
1
1
1
1
1
1
1
1
1
1
1
1
1
1
1
1
1
1
1
1
1
1
1
1
1
1
1
1
1
1
1
1
1
1
1
1
1
1
1
1
1
1
1
1
1
1
1
1
1
1
1
1
1
1
1
1
1
1
1
1
1
1
1
1
1
1
1
1
1
1
1
1
1
1
1
1
1
1
1
1
1
1
1
1
1
1
1
1
1
1
1
1
1
1
1
1
1
1
1
1
1
1
1
1
1
1
1
1
1
1
1
1
1
1
1
1
1
1
1
1
1
1
1
1
1
1
1
1
1
1
1
1
1
1
1
1
1
1
1
1
1
1
1
1
1
1
1
1
1
1
1
1
1
1
1
1
1
1
1
1
1
1
1
1
1
1
1
1
1
1
1
1
1
1
1
1
1
1
1
1
1
1
1
1
1
1
1
1
1
1
1
1
1
1
1
1
1
1
1
1
1
1
1
1
1
1
1
1
1
1
1
1
1
1
1
1
1
1
1
1
1
1
1
1
1
1
1
1
1
1
1
1
1
1
1
1
1
1
1
1
1
1
1
1
1
1
1
1
1
1
1
1
1
1
1
1
1
1
1
1
1
1
1
1
1
1
1
1
1
1
1
1
1
1
1
1
1
1
1
1
1
1
1
1
1
1
1
1
1
1
1
1
1
1
1
1
1
1
1
1
1
1
1
1
1
1
1
1
1
1
1
1
1
1
1
1
1
1
1
1
1
1
1
1
1
1
1
1
1
1
1
1
1
1
1
1
1
1
1
1
1
1
1
1
1
1
1
1
1
1
1
1
1
1
1
1
1
1
1
1
1
1
1
1
1
1
1
1
1
1
1
1
1
1
1
1
1
1
1
1
1
1
1
1
1
1
1
1
1
1
1
1
1
1
1
1
1
1
1
1
1
1
1
1
1
1
1
1
1
1
1
1
1
1
1
1
1
1
1
1
1
1
1
1
1
1
1
1
1
1
1
1
1
1
1
1
1
1
1
1
1
1
1
1
1
1
1
1
1
1
1
1
1
1
1
1
1
1
1
1
1
1
1
1
1
1
1
1
1
1
1
1
1
1
1
1
1
1
1
1
1
1
1
1
1
1
1
1
1
1
1
1
1
1
1
1
1
1
1
1
1
1
1
1
1
1
1
1
1
1
1
1
1
1
1
1
1
1
1
1
1
1
1
1
1
1
1
1
1
1
1
1
1
1
1
1
1
1
1
1
1
1
1
1
1
1
1
1
1
1
1
1
1
1
1
1
1
1
1
1
1
1
1
1
1
1
1
SCALARS parent_element_id int 1
LOOKUP_TABLE default
0
0
0
0
0
0
0
0
0
0
0
0
0
0
0
0
0
0
0
0
0
0
0
0
0
0
0
0
0
0
0
0
0
0
0
0
0
0
0
0
0
0
0
0
0
0
0
0
0
0
0
0
0
0
0
0
0
0
0
0
0
0
0
0
0
0
0
0
0
0
0
0
0
0
0
0
0
0
0
0
0
0
0
0
0
0
0
0
0
0
0
0
0
0
0
0
0
0
0
0
0
0
0
0
0
0
0
0
0
0
0
0
0
0
0
0
0
0
0
0
0
0
0
0
0
0
0
0
0
0
0
0
0
0
0
0
0
0
0
0
0
0
0
0
0
0
0
0
0
0
0
0
0
0
0
0
0
0
0
0
0
0
0
0
0
0
0
0
0
0
0
0
0
0
0
0
0
0
0
0
0
0
0
0
0
0
0
0
0
0
0
0
0
0
0
0
0
0
0
0
0
0
0
0
0
0
0
0
0
0
0
0
0
0
0
0
0
0
0
0
0
0
0
0
0
0
0
0
0
0
0
0
0
0
0
0
0
0
0
0
0
0
0
0
0
0
0
0
0
0
0
0
0
0
0
0
0
0
0
0
0
0
0
0
0
0
0
0
0
0
0
0
0
0
0
0
0
0
0
0
0
0
0
0
0
0
0
0
0
0
0
0
0
0
0
0
0
0
0
0
0
0
0
0
0
0
0
0
0
0
0
0
0
0
0
0
0
0
0
0
0
0
0
0
0
0
0
0
0
0
0
0
0
0
0
0
0
0
0
0
0
0
0
0
0
0
0
0
0
0
0
0
0
0
0
0
0
0
0
0
0
0
0
0
0
0
0
0
0
0
0
0
0
0
0
0
0
0
0
0
0
0
0
0
0
0
0
0
0
0
0
0
0
0
0
0
0
0
0
0
0
0
0
0
0
0
0
0
0
0
0
0
0
0
0
0
0
0
0
0
0
0
0
0
0
0
0
0
0
0
0
0
0
0
0
0
0
0
0
0
0
0
0
0
0
0
0
0
0
0
0
0
0
0
0
0
0
0
0
0
0
0
0
0
0
0
0
0
0
0
0
0
0
0
0
0
0
0
0
0
0
0
0
0
0
0
0
0
0
0
0
0
0
0
0
0
0
0
0
0
0
0
0
0
0
0
0
0
0
0
0
0
0
0
0
0
0
0
0
0
0
0
0
0
0
0
0
0
0
0
0
0
0
0
0
0
0
0
0
0
0
0
0
0
0
0
0
0
0
0
0
0
0
0
0
0
0
0
0
0
0
0
0
0
0
0
0
0
0
0
0
0
0
0
0
0
0
0
0
0
0
0
0
0
0
0
0
0
0
0
0
0
0
0
0
0
0
0
0
0
0
0
0
0
0
0
0
0
0
0
0
0
0
0
0
0
0
0
0
0
0
0
0
0
0
0
0
0
0
0
0
0
0
0
0
0
0
0
0
0
0
0
0
0
0
0
0
0
0
0
0
0
0
0
0
0
0
0
0
0
0
0
0
0
0
0
0
0
0
0
0
0
0
0
0
0
0
0
0
0
0
0
0
0
0
0
0
0
0
0
0
0
0
0
0
0
0
0
0
0
0
0
0
0
0
0
0
0
0
0
0
0
0
0
0
0
0
0
0
0
0
0
0
0
0
0
0
0
0
0
0
0
0
0
0
0
0
0
0
0
0
0
0
0
0
0
0
0
0
0
0
0
0
0
0
0
0
0
0
0
0
0
0
0
0
0
0
0
0
0
0
0
0
0
0
0
0
0
0
0
0
0
0
0
0
0
0
0
0
0
0
0
0
0
0
0
0
0
0
0
0
0
0
0
0
0
0
0
0
0
0
0
0
0
0
0
0
0
0
0
0
0
0
0
0
0
0
0
0
0
0
0
0
0
0
0
0
0
0
0
0
0
0
0
0
0
0
0
0
0
0
0
0
0
0
0
0
0
0
0
0
0
0
0
0
0
0
0
0
0
0
0
0
0
0
0
0
0
0
0
0
0
0
0
0
0
0
0
0
0
0
0
0
0
0
0
0
0
0
0
0
0
0
0
0
0
0
0
0
0
0
0
0
0
0
0
0
0
0
0
0
0
0
0
0
0
0
0
0
0
0
0
0
0
0
0
0
0
0
0
0
0
0
0
0
0
0
0
0
0
0
0
0
0
0
0
0
0
0
0
0
0
0
0
0
0
0
0
0
0
0
0
0
0
0
0
0
0
0
0
0
0
0
0
0
0
0
0
0
0
0
0
0
0
0
0
0
0
0
0
0
0
0
0
0
0
0
0
0
0
0
0
0
0
0
0
0
0
0
0
0
0
0
0
0
0
0
0
0
0
0
0
0
0
0
0
0
0
0
0
0
0
0
0
0
0
0
0
0
0
0
0
0
0
0
0
0
0
0
0
0
0
0
0
0
0
0
0
0
0
0
0
0
0
0
0
0
0
0
0
0
0
0
0
0
0
0
0
0
0
0
0
0
0
0
0
0
0
0
0
0
0
0
0
0
0
0
0
0
0
0
0
0
0
0
0
0
0
0
0
0
0
0
0
0
0
0
0
0
0
0
0
0
0
0
0
0
0
0
0
0
0
0
0
0
0
0
0
0
0
0
0
0
0
0
0
0
0
0
0
0
0
0
0
0
0
0
0
0
0
0
0
0
0
0
0
0
0
0
0
0
0
0
0
0
0
0
0
0
0
0
0
0
0
0
0
0
0
0
0
0
0
0
0
0
0
0
0
0
0
0
0
0
0
0
0
0
0
0
0
0
0
0
0
0
0
0
0
0
0
0
0
0
0
0
0
0
0
0
0
0
0
0
0
0
0
0
0
0
0
0
0
0
0
0
0
0
0
0
0
0
0
0
0
0
0
0
0
0
0
0
0
0
0
0
0
0
0
0
0
0
0
0
0
0
0
0
0
0
0
0
0
0
0
0
0
0
0
0
0
0
0
0
0
0
0
0
0
0
0
0
0
0
0
0
0
0
0
0
0
0
0
0
0
0
0
0
0
0
0
0
0
0
0
0
0
0
0
0
0
0
0
0
0
0
0
0
0
0
0
0
0
0
0
0
0
0
0
0
0
0
0
0
0
0
0
0
0
0
0
0
0
0
0
0
0
0
0
0
0
0
0
0
0
0
0
0
0
0
0
0
0
0
0
0
0
0
0
0
0
0
0
0
0
0
0
0
0
0
0
0
0
0
0
0
0
0
0
0
0
0
0
0
0
0
0
0
0
0
0
0
0
0
0
0
0
0
0
0
0
0
0
0
0
0
0
0
0
0
0
0
0
0
0
0
0
0
0
0
0
0
0
0
0
0
0
0
0
0
0
0
0
0
0
0
0
0
0
0
0
0
0
0
0
0
0
0
0
0
0
0
0
0
0
0
0
0
0
0
0
0
0
0
0
0
0
0
0
0
0
0
0
0
0
0
0
0
0
0
0
0
0
0
0
0
0
0
0
0
0
0
0
0
0
0
0
0
0
0
0
0
0
0
0
0
0
0
0
0
0
0
0
0
0
0
0
0
0
0
0
0
0
0
0
0
0
0
0
0
0
0
0
0
0
0
0
0
0
0
0
0
0
0
0
0
0
0
0
0
0
SCALARS local_face_id int 1
LOOKUP_TABLE default
-1
-1
-1
-1
-1
-1
-1
-1
-1
-1
-1
-1
-1
-1
-1
-1
-1
-1
-1
-1
-1
-1
-1
-1
-1
-1
-1
-1
-1
-1
-1
-1
-1
-1
-1
-1
-1
-1
-1
-1
-1
-1
-1
-1
-1
-1
-1
-1
-1
-1
-1
-1
-1
-1
-1
-1
-1
-1
-1
-1
-1
-1
-1
-1
-1
-1
-1
-1
-1
-1
-1
-1
-1
-1
-1
-1
-1
-1
-1
-1
-1
-1
-1
-1
-1
-1
-1
-1
-1
-1
-1
-1
-1
-1
-1
-1
-1
-1
-1
-1
-1
-1
-1
-1
-1
-1
-1
-1
-1
-1
-1
-1
-1
-1
-1
-1
-1
-1
-1
-1
-1
-1
-1
-1
-1
-1
-1
-1
-1
-1
-1
-1
-1
-1
-1
-1
-1
-1
-1
-1
-1
-1
-1
-1
-1
-1
-1
-1
-1
-1
-1
-1
-1
-1
-1
-1
-1
-1
-1
-1
-1
-1
-1
-1
-1
-1
-1
-1
-1
-1
-1
-1
-1
-1
-1
-1
-1
-1
-1
-1
-1
-1
-1
-1
-1
-1
-1
-1
-1
-1
-1
-1
-1
-1
-1
-1
-1
-1
-1
-1
-1
-1
-1
-1
-1
-1
-1
-1
-1
-1
-1
-1
-1
-1
-1
-1
-1
-1
-1
-1
-1
-1
-1
-1
-1
-1
-1
-1
-1
-1
-1
-1
-1
-1
-1
-1
-1
-1
-1
-1
-1
-1
-1
-1
-1
-1
-1
-1
-1
-1
-1
-1
-1
-1
-1
-1
-1
-1
-1
-1
-1
-1
-1
-1
-1
-1
-1
-1
-1
-1
-1
-1
-1
-1
-1
-1
-1
-1
-1
-1
-1
-1
-1
-1
-1
-1
-1
-1
-1
-1
-1
-1
-1
-1
-1
-1
-1
-1
-1
-1
-1
-1
-1
-1
-1
-1
-1
-1
-1
-1
-1
-1
-1
-1
-1
-1
-1
-1
-1
-1
-1
-1
-1
-1
-1
-1
-1
-1
-1
-1
-1
-1
-1
-1
-1
-1
-1
-1
-1
-1
-1
-1
-1
-1
-1
-1
-1
-1
-1
-1
-1
-1
-1
-1
-1
-1
-1
-1
-1
-1
-1
-1
-1
-1
-1
-1
-1
-1
-1
-1
-1
-1
-1
-1
-1
-1
-1
-1
-1
-1
-1
-1
-1
-1
-1
-1
-1
-1
-1
-1
-1
-1
-1
-1
-1
-1
-1
-1
-1
-1
-1
-1
-1
-1
-1
-1
-1
-1
-1
-1
-1
-1
-1
-1
-1
-1
-1
-1
-1
-1
-1
-1
-1
-1
-1
-1
-1
-1
-1
-1
-1
-1
-1
-1
-1
-1
-1
-1
-1
-1
-1
-1
-1
-1
-1
-1
-1
-1
-1
-1
-1
-1
-1
-1
-1
-1
-1
-1
-1
-1
-1
-1
-1
-1
-1
-1
-1
-1
-1
-1
-1
-1
-1
-1
-1
-1
-1
-1
-1
-1
-1
-1
-1
-1
-1
-1
-1
-1
-1
-1
-1
-1
-1
-1
-1
-1
-1
-1
-1
-1
-1
-1
-1
-1
-1
-1
-1
-1
-1
-1
-1
-1
-1
-1
-1
-1
-1
-1
-1
-1
-1
-1
-1
-1
-1
-1
-1
-1
-1
-1
-1
-1
-1
-1
-1
-1
-1
-1
-1
-1
-1
-1
-1
-1
-1
-1
-1
-1
-1
-1
-1
-1
-1
-1
-1
-1
-1
-1
-1
-1
-1
-1
-1
-1
-1
-1
-1
-1
-1
-1
-1
-1
-1
-1
-1
-1
-1
-1
-1
-1
-1
-1
-1
-1
-1
-1
-1
-1
-1
-1
-1
-1
-1
-1
-1
-1
-1
-1
-1
-1
-1
-1
-1
-1
-1
-1
-1
-1
-1
-1
-1
-1
-1
-1
-1
-1
-1
-1
-1
-1
-1
-1
-1
-1
-1
-1
-1
-1
-1
-1
-1
-1
-1
-1
-1
-1
-1
-1
-1
-1
-1
-1
-1
-1
-1
-1
-1
-1
-1
-1
-1
-1
-1
-1
-1
-1
-1
-1
-1
-1
-1
-1
-1
-1
-1
-1
-1
-1
-1
-1
-1
-1
-1
-1
-1
-1
-1
-1
-1
-1
-1
-1
-1
-1
-1
-1
-1
-1
-1
-1
-1
-1
-1
-1
-1
-1
-1
-1
-1
-1
-1
-1
-1
-1
-1
-1
-1
-1
-1
-1
-1
-1
-1
-1
-1
-1
-1
-1
-1
-1
-1
-1
-1
-1
-1
-1
-1
-1
-1
-1
-1
-1
-1
-1
-1
-1
-1
-1
-1
-1
-1
-1
-1
-1
-1
-1
-1
-1
-1
-1
-1
-1
-1
-1
-1
-1
-1
-1
-1
-1
-1
-1
-1
-1
-1
-1
-1
-1
-1
-1
-1
-1
-1
-1
-1
-1
-1
-1
-1
-1
-1
-1
-1
-1
-1
-1
-1
-1
-1
-1
-1
-1
-1
-1
-1
-1
-1
-1
-1
-1
-1
-1
-1
-1
-1
-1
-1
-1
-1
-1
-1
-1
-1
-1
-1
-1
-1
-1
-1
-1
-1
-1
-1
-1
-1
-1
-1
-1
-1
-1
-1
-1
-1
-1
-1
-1
-1
-1
-1
-1
-1
-1
-1
-1
-1
-1
-1
-1
-1
-1
-1
-1
-1
-1
-1
-1
-1
-1
-1
-1
-1
-1
-1
-1
-1
-1
-1
-1
-1
-1
-1
-1
-1
-1
-1
-1
-1
-1
-1
-1
-1
-1
-1
-1
-1
-1
-1
-1
-1
-1
-1
-1
-1
-1
-1
-1
-1
-1
-1
-1
-1
-1
-1
-1
-1
-1
-1
-1
-1
-1
-1
-1
-1
-1
-1
-1
-1
-1
-1
-1
-1
-1
-1
-1
-1
-1
-1
-1
-1
-1
-1
-1
-1
-1
-1
-1
-1
-1
-1
-1
-1
-1
-1
-1
-1
-1
-1
-1
-1
-1
-1
-1
-1
-1
-1
-1
-1
-1
-1
-1
-1
-1
-1
-1
-1
-1
-1
-1
-1
-1
-1
-1
-1
-1
-1
-1
-1
-1
-1
-1
-1
-1
-1
-1
-1
-1
-1
-1
-1
-1
-1
-1
-1
-1
-1
-1
-1
-1
-1
-1
-1
-1
-1
-1
-1
-1
-1
-1
-1
-1
-1
-1
-1
-1
-1
-1
-1
-1
-1
-1
-1
-1
-1
-1
-1
-1
-1
-1
-1
-1
-1
-1
-1
-1
-1
-1
-1
-1
-1
-1
-1
-1
-1
-1
-1
-1
-1
-1
-1
-1
-1
-1
-1
-1
-1
-1
-1
-1
-1
-1
-1
-1
-1
-1
-1
-1
-1
-1
-1
-1
-1
-1
-1
-1
-1
-1
-1
-1
-1
-1
-1
-1
-1
-1
-1
-1
-1
-1
-1
-1
-1
-1
-1
-1
-1
-1
-1
-1
-1
-1
-1
-1
-1
-1
-1
-1
-1
-1
-1
-1
-1
-1
-1
-1
-1
-1
-1
-1
-1
-1
-1
-1
-1
-1
-1
-1
-1
-1
-1
-1
-1
-1
-1
-1
-1
-1
-1
-1
-1
-1
-1
-1
-1
-1
-1
-1
-1
-1
-1
-1
-1
-1
-1
-1
-1
-1
-1
-1
-1
-1
-1
-1
-1
-1
-1
-1
-1
-1
-1
-1
-1
-1
-1
-1
-1
-1
-1
-1
-1
-1
-1
-1
-1
-1
-1
-1
-1
-1
-1
-1
-1
-1
-1
-1
-1
-1
-1
-1
-1
-1
-1
-1
-1
-1
-1
-1
-1
-1
-1
-1
-1
-1
-1
-1
-1
-1
-1
-1
-1
-1
-1
-1
-1
-1
-1
-1
-1
-1
-1
-1
-1
-1
-1
-1
-1
-1
-1
-1
-1
-1
-1
-1
-1
-1
-1
-1
-1
-1
-1
-1
-1
-1
-1
-1
-1
-1
-1
-1
-1
-1
-1
-1
-1
-1
-1
-1
-1
-1
-1
-1
-1
-1
-1
-1
-1
-1
-1
-1
-1
-1
-1
-1
-1
-1
-1
-1
-1
-1
-1
-1
-1
-1
-1
-1
-1
-1
-1
-1
-1
-1
-1
-1
-1
-1
-1
-1
-1
-1
-1
-1
-1
-1
-1
-1
-1
-1
-1
-1
-1
-1
-1
-1
-1
-1
-1
-1
-1
-1
-1
-1
-1
-1
-1
-1
-1
-1
-1
-1
-1
-1
-1
-1
-1
-1
-1
-1
-1
-1
-1
-1
-1
-1
-1
-1
-1
-1
-1
-1
-1
-1
-1
-1
-1
-1
-1
-1
-1
-1
-1
-1
-1
-1
-1
-1
-1
-1
-1
-1
-1
-1
-1
-1
-1
-1
-1
-1
-1
-1
-1
-1
-1
-1
-1
-1
-1
-1
-1
-1
-1
-1
-1
-1
-1
-1
-1
-1
-1
-1
-1
-1
-1
-1
-1
-1
-1
-1
-1
-1
-1
-1
-1
-1
-1
-1
-1
-1
-1
-1
-1
-1
-1
-1
-1
-1
-1
-1
-1
-1
-1
-1
-1
-1
-1
-1
-1
-1
-1
-1
-1
-1
-1
-1
-1
-1
-1
-1
-1
-1
-1
-1
-1
-1
-1
-1
-1
-1
-1
-1
-1
-1
-1
-1
-1
-1
-1
-1
-1
-1
-1
-1
-1
-1
-1
-1
-1
-1
-1
-1
-1
-1
-1
-1
-1
-1
-1
-1
-1
-1
-1
-1
-1
-1
-1
-1
-1
-1
-1
-1
-1
-1
-1
-1
-1
-1
-1
-1
-1
-1
-1
-1
-1
-1
-1
-1
-1
-1
-1
-1
-1
-1
-1
-1
-1
-1
-1
-1
-1
-1
-1
-1
-1
-1
-1
-1
-1
-1
-1
-1
-1
-1
-1
-1
-1
-1
-1
-1
-1
-1
-1
-1
-1
-1
-1
-1
-1
-1
-1
-1
-1
-1
-1
-1
-1
-1
-1
-1
-1
-1
-1
-1
-1
-1
-1
-1
-1
-1
-1
-1
-1
-1
SCALARS adjacent_element_count int 1
LOOKUP_TABLE default
0
0
0
0
0
0
0
0
0
0
0
0
0
0
0
0
0
0
0
0
0
0
0
0
0
0
0
0
0
0
0
0
0
0
0
0
0
0
0
0
0
0
0
0
0
0
0
0
0
0
0
0
0
0
0
0
0
0
0
0
0
0
0
0
0
0
0
0
0
0
0
0
0
0
0
0
0
0
0
0
0
0
0
0
0
0
0
0
0
0
0
0
0
0
0
0
0
0
0
0
0
0
0
0
0
0
0
0
0
0
0
0
0
0
0
0
0
0
0
0
0
0
0
0
0
0
0
0
0
0
0
0
0
0
0
0
0
0
0
0
0
0
0
0
0
0
0
0
0
0
0
0
0
0
0
0
0
0
0
0
0
0
0
0
0
0
0
0
0
0
0
0
0
0
0
0
0
0
0
0
0
0
0
0
0
0
0
0
0
0
0
0
0
0
0
0
0
0
0
0
0
0
0
0
0
0
0
0
0
0
0
0
0
0
0
0
0
0
0
0
0
0
0
0
0
0
0
0
0
0
0
0
0
0
0
0
0
0
0
0
0
0
0
0
0
0
0
0
0
0
0
0
0
0
0
0
0
0
0
0
0
0
0
0
0
0
0
0
0
0
0
0
0
0
0
0
0
0
0
0
0
0
0
0
0
0
0
0
0
0
0
0
0
0
0
0
0
0
0
0
0
0
0
0
0
0
0
0
0
0
0
0
0
0
0
0
0
0
0
0
0
0
0
0
0
0
0
0
0
0
0
0
0
0
0
0
0
0
0
0
0
0
0
0
0
0
0
0
0
0
0
0
0
0
0
0
0
0
0
0
0
0
0
0
0
0
0
0
0
0
0
0
0
0
0
0
0
0
0
0
0
0
0
0
0
0
0
0
0
0
0
0
0
0
0
0
0
0
0
0
0
0
0
0
0
0
0
0
0
0
0
0
0
0
0
0
0
0
0
0
0
0
0
0
0
0
0
0
0
0
0
0
0
0
0
0
0
0
0
0
0
0
0
0
0
0
0
0
0
0
0
0
0
0
0
0
0
0
0
0
0
0
0
0
0
0
0
0
0
0
0
0
0
0
0
0
0
0
0
0
0
0
0
0
0
0
0
0
0
0
0
0
0
0
0
0
0
0
0
0
0
0
0
0
0
0
0
0
0
0
0
0
0
0
0
0
0
0
0
0
0
0
0
0
0
0
0
0
0
0
0
0
0
0
0
0
0
0
0
0
0
0
0
0
0
0
0
0
0
0
0
0
0
0
0
0
0
0
0
0
0
0
0
0
0
0
0
0
0
0
0
0
0
0
0
0
0
0
0
0
0
0
0
0
0
0
0
0
0
0
0
0
0
0
0
0
0
0
0
0
0
0
0
0
0
0
0
0
0
0
0
0
0
0
0
0
0
0
0
0
0
0
0
0
0
0
0
0
0
0
0
0
0
0
0
0
0
0
0
0
0
0
0
0
0
0
0
0
0
0
0
0
0
0
0
0
0
0
0
0
0
0
0
0
0
0
0
0
0
0
0
0
0
0
0
0
0
0
0
0
0
0
0
0
0
0
0
0
0
0
0
0
0
0
0
0
0
0
0
0
0
0
0
0
0
0
0
0
0
0
0
0
0
0
0
0
0
0
0
0
0
0
0
0
0
0
0
0
0
0
0
0
0
0
0
0
0
0
0
0
0
0
0
0
0
0
0
0
0
0
0
0
0
0
0
0
0
0
0
0
0
0
0
0
0
0
0
0
0
0
0
0
0
0
0
0
0
0
0
0
0
0
0
0
0
0
0
0
0
0
0
0
0
0
0
0
0
0
0
0
0
0
0
0
0
0
0
0
0
0
0
0
0
0
0
0
0
0
0
0
0
0
0
0
0
0
0
0
0
0
0
0
0
0
0
0
0
0
0
0
0
0
0
0
0
0
0
0
0
0
0
0
0
0
0
0
0
0
0
0
0
0
0
0
0
0
0
0
0
0
0
0
0
0
0
0
0
0
0
0
0
0
0
0
0
0
0
0
0
0
0
0
0
0
0
0
0
0
0
0
0
0
0
0
0
0
0
0
0
0
0
0
0
0
0
0
0
0
0
0
0
0
0
0
0
0
0
0
0
0
0
0
0
0
0
0
0
0
0
0
0
0
0
0
0
0
0
0
0
0
0
0
0
0
0
0
0
0
0
0
0
0
0
0
0
0
0
0
0
0
0
0
0
0
0
0
0
0
0
0
0
0
0
0
0
0
0
0
0
0
0
0
0
0
0
0
0
0
0
0
0
0
0
0
0
0
0
0
0
0
0
0
0
0
0
0
0
0
0
0
0
0
0
0
0
0
0
0
0
0
0
0
0
0
0
0
0
0
0
0
0
0
0
0
0
0
0
0
0
0
0
0
0
0
0
0
0
0
0
0
0
0
0
0
0
0
0
0
0
0
0
0
0
0
0
0
0
0
0
0
0
0
0
0
0
0
0
0
0
0
0
0
0
0
0
0
0
0
0
0
0
0
0
0
0
0
0
0
0
0
0
0
0
0
0
0
0
0
0
0
0
0
0
0
0
0
0
0
0
0
0
0
0
0
0
0
0
0
0
0
0
0
0
0
0
0
0
0
0
0
0
0
0
0
0
0
0
0
0
0
0
0
0
0
0
0
0
0
0
0
0
0
0
0
0
0
0
0
0
0
0
0
0
0
0
0
0
0
0
0
0
0
0
0
0
0
0
0
0
0
0
0
0
0
0
0
0
0
0
0
0
0
0
0
0
0
0
0
0
0
0
0
0
0
0
0
0
0
0
0
0
0
0
0
0
0
0
0
0
0
0
0
0
0
0
0
0
0
0
0
0
0
0
0
0
0
0
0
0
0
0
0
0
0
0
0
0
0
0
0
0
0
0
0
0
0
0
0
0
0
0
0
0
0
0
0
0
0
0
0
0
0
0
0
0
0
0
0
0
0
0
0
0
0
0
0
0
0
0
0
0
0
0
0
0
0
0
0
0
0
0
0
0
0
0
0
0
0
0
0
0
0
0
0
0
0
0
0
0
0
0
0
0
0
0
0
0
0
0
0
0
0
0
0
0
0
0
0
0
0
0
0
0
0
0
0
0
0
0
0
0
0
0
0
0
0
0
0
0
0
0
0
0
0
0
0
0
0
0
0
0
0
0
0
0
0
0
0
0
0
0
0
0
0
0
0
0
0
0
0
0
0
0
0
0
0
0
0
0
0
0
0
0
0
0
0
0
0
0
0
0
0
0
0
0
0
0
0
0
0
0
0
0
0
0
0
0
0
0
0
0
0
0
0
0
0
0
0
0
0
0
0
0
0
0
0
0
0
0
0
0
0
0
0
0
0
0
0
0
0
0
0
0
0
0
0
0
0
0
0
0
0
0
0
0
0
0
0
0
0
0
0
0
0
0
0
0
0
0
0
0
0
0
0
0
0
0
0
0
0
0
0
0
0
0
0
0
0
0
0
0
0
0
0
0
0
0
0
0
0
0
0
0
0
0
0
0
0
0
0
0
0
0
0
0
0
0
0
0
0
0
0
0
0
0
0
0
0
0
0
0
0
0
0
0
0
0
0
0
0
0
0
0
0
0
0
0
0
0
0
SCALARS area double 1
LOOKUP_TABLE default
2.463941509999999e-06
2.391245765000008e-06
2.623195820000000e-06
2.466544640000001e-06
2.045893389999993e-06
1.121980940000000e-06
2.120813999999988e-06
2.101171149999998e-06
2.046728720000015e-06
2.039031295000000e-06
2.343708470000001e-06
2.039888915000001e-06
1.895789979999990e-06
1.908139235000006e-06
1.925297999999992e-06
1.631161479999998e-06
1.840581715000001e-06
2.123301580000003e-06
2.014227330000006e-06
1.655122489999999e-06
1.770474420000003e-06
1.942932955000001e-06
1.854164715000004e-06
1.798279700000002e-06
2.087039415000000e-06
2.019339305000001e-06
1.422055364999995e-06
1.513795380000001e-06
1.439595614999997e-06
1.563047044999997e-06
1.548191659999999e-06
1.559739984999990e-06
1.741638359999996e-06
1.228037840000005e-06
1.277831509999998e-06
1.181973429999998e-06
1.058770955000004e-06
1.344569925000003e-06
1.435950119999997e-06
1.595297885000007e-06
1.763333369999994e-06
1.068988635000000e-06
1.172365570000000e-06
1.194988410000000e-06
1.034528859999997e-06
1.139751134999995e-06
1.402636200000003e-06
1.543684789999992e-06
1.277856660000010e-06
9.250518399999986e-07
1.023129269999998e-06
1.013048625000003e-06
8.932872449999946e-07
8.254311600000072e-07
9.835309550000014e-07
1.069732179999997e-06
1.180379071499995e-06
1.071264526000002e-06
2.430427289999997e-06
2.747989725000006e-06
3.066336724999989e-06
3.345546430000001e-06
3.622518844999997e-06
3.920317929999997e-06
2.444999135000006e-06
2.765294169999999e-06
3.101661729999993e-06
3.431220950000012e-06
3.705619640000009e-06
3.932554699999979e-06
2.461072155000001e-06
2.820021790000003e-06
3.167374759999998e-06
3.468163055000003e-06
3.713269749999996e-06
3.919449795000006e-06
2.470988825000001e-06
2.878021220000006e-06
3.225403499999998e-06
3.532627135000004e-06
3.802272799999998e-06
3.980604129999998e-06
2.453350240000002e-06
2.894801685000011e-06
3.298436770000003e-06
3.621801360000006e-06
3.899621234999993e-06
4.071715450000010e-06
2.357234325000001e-06
2.769959145000006e-06
3.413286124999981e-06
3.783866780000017e-06
4.023871219999987e-06
4.211452259999985e-06
3.707971920000004e-06
3.526659380000006e-06
3.698676874999993e-06
4.035301559999995e-06
4.262050729999993e-06
4.560152614999994e-06
3.462306309999999e-06
3.660925209999984e-06
3.834939285000023e-06
4.211207194999997e-06
4.488056475000009e-06
4.973622075000002e-06
2.969998157000022e-06
3.254342254999999e-06
3.832163010999999e-06
4.208532385000016e-06
4.507291597999993e-06
4.802908815000008e-06
3.924612041500014e-06
3.800625203999993e-06
4.006376332000002e-06
4.208667370000001e-06
4.441060898000007e-06
4.700335502000004e-06
4.050723546000014e-06
4.018769659999975e-06
4.040939369500009e-06
4.228211961499993e-06
4.407579564499986e-06
4.611919769999991e-06
4.126924639500006e-06
4.080126152999973e-06
4.120821978000007e-06
4.228618373500009e-06
4.336233808500003e-06
4.486968770499990e-06
4.325918710500004e-06
4.221227791499992e-06
4.186971418499997e-06
4.179999641999999e-06
4.248966669999993e-06
4.358118203000014e-06
1.280995150000010e-07
1.262961250000002e-07
1.272702950000008e-07
1.249088850000003e-07
1.275593200000006e-07
1.248130599999998e-07
1.293150000000016e-07
1.263116100000001e-07
1.329546000000007e-07
1.298425849999989e-07
1.392918800000004e-07
1.347587400000002e-07
1.485546400000009e-07
1.375295400000005e-07
1.465584099999994e-07
1.359070549999989e-07
1.353948999999999e-07
1.310954300000016e-07
1.291506760000009e-07
1.256766090000012e-07
1.254156360000012e-07
1.220880539999983e-07
1.238974739999996e-07
1.206193604999992e-07
1.245445445000015e-07
1.213244484999988e-07
1.273524374999997e-07
1.241714384999999e-07
1.323527620000003e-07
1.291877265000011e-07
1.418278859999989e-07
1.341840090000021e-07
1.474070119999998e-07
1.358461125000013e-07
1.411173389999990e-07
1.334353765000011e-07
1.328250094999986e-07
1.288254630000005e-07
1.283426115000002e-07
1.248460580000000e-07
1.262925239999993e-07
1.229442899999993e-07
1.264108385000001e-07
1.232345100000006e-07
1.285196044999997e-07
1.255928680000000e-07
1.324368085000005e-07
1.298267344999993e-07
1.378299220000008e-07
1.356264180000001e-07
1.441613864999995e-07
1.426183299999995e-07
3.348738090000000e-07
1.937574575000017e-07
3.017391350000008e-07
2.807119815000007e-07
2.553480699999982e-07
3.197433309999997e-07
3.207929700000004e-07
2.707497899999996e-07
2.633435000000000e-07
2.456773799999995e-07
2.552931650000002e-07
2.467143149999999e-07
2.550702849999993e-07
2.325715800000009e-07
2.011507760000004e-07
2.007968440000018e-07
2.370172494999995e-07
2.804656070000004e-07
2.468352399999993e-07
2.473336699999991e-07
2.336944149999999e-07
3.026607770000002e-07
3.037743100000003e-07
2.154612765000025e-07
2.356860500000007e-07
2.490179905000011e-07
2.433208199999985e-07
2.573980374999984e-07
2.586524879999974e-07
2.905031374999998e-07
4.001970739999970e-07
2.742273799999999e-07
2.496429700000006e-07
2.019609170000000e-07
2.613846714999985e-07
2.278560150000016e-07
2.540669749999992e-07
2.480590300000007e-07
3.187050625000026e-07
2.539692000000000e-07
2.333403120000003e-07
1.862129584999995e-07
2.476622099999995e-07
2.910311349999982e-07
2.502101105000013e-07
2.101318904999986e-07
2.200649040000011e-07
3.588677849999994e-07
2.487631260000009e-07
2.668985800000013e-07
3.046334749999992e-07
3.066672599999981e-07
2.743011079999981e-07
3.153539560000003e-07
2.299006395000006e-07
3.230017449999997e-07
2.980406529999985e-07
2.128419259999993e-07
3.448324140000002e-07
2.431444225000014e-07
2.435173830000022e-07
1.849529430000010e-07
2.464062000000012e-06
2.391155360000013e-06
2.623305789999986e-06
2.466479139999995e-06
2.045964024999993e-06
1.122020774999994e-06
2.120941180000001e-06
2.101097585000008e-06
2.046651060000005e-06
2.038936749999993e-06
2.343816090000008e-06
2.039966609999998e-06
1.895851845000008e-06
1.908115449999997e-06
1.925202799999995e-06
1.631178390000001e-06
1.840475524999998e-06
2.123316295000002e-06
2.014042710000004e-06
1.655097400000003e-06
1.770525759999998e-06
1.943056125000006e-06
1.854067070000002e-06
1.798343899999999e-06
2.087078815000004e-06
2.019314805000007e-06
1.422021450000005e-06
1.513839284999992e-06
1.439611999999999e-06
1.563059479999997e-06
1.548337935000004e-06
1.559665759999990e-06
1.741739644999992e-06
1.228017655000003e-06
1.277788690000001e-06
1.181985655000000e-06
1.058676585000000e-06
1.344552029999995e-06
1.435897809999999e-06
1.595228670000007e-06
1.763293710000000e-06
1.068955545000006e-06
1.172287484999998e-06
1.194999769999995e-06
1.034479550000001e-06
1.139852625000001e-06
1.402474499999998e-06
1.543747484999999e-06
1.277906864999994e-06
9.250907499999986e-07
1.023195870000002e-06
1.013191430000002e-06
8.931402999999980e-07
8.253468799999976e-07
9.835486849999961e-07
1.069693855000003e-06
1.180417735000005e-06
1.071306974999998e-06
2.430437274999989e-06
2.747928649999996e-06
3.066192925000011e-06
3.345670835000003e-06
3.622572470000009e-06
3.920289145000002e-06
2.444919550000002e-06
2.765447399999996e-06
3.101678914999994e-06
3.431285879999982e-06
3.705478500000002e-06
3.932416525000011e-06
2.461104915000002e-06
2.819979855000003e-06
3.167131919999993e-06
3.468215710000002e-06
3.713509914999981e-06
3.919683645000010e-06
2.470902539999996e-06
2.878018560000002e-06
3.225435530000005e-06
3.532778860000001e-06
3.802202914999996e-06
3.980564445000006e-06
2.453284250000024e-06
2.894806534999978e-06
3.298290899999991e-06
3.621897054999997e-06
3.899628720000008e-06
4.071603720000014e-06
2.357223949999994e-06
2.770097380000001e-06
3.413236490000013e-06
3.783837080000005e-06
4.023682514999994e-06
4.211433059999986e-06
3.708039049999991e-06
3.526537440000010e-06
3.698581445000002e-06
4.035174220000003e-06
4.262001465000007e-06
4.560248559999999e-06
3.462438450000004e-06
3.660992005000009e-06
3.834927280000010e-06
4.211215379999998e-06
4.487884510000000e-06
4.973603544999999e-06
2.969862240000003e-06
3.254430824999988e-06
3.832152260000003e-06
4.208525774999989e-06
4.507033639999995e-06
4.802819649999993e-06
3.924663939999996e-06
3.800594205000012e-06
4.006436440000009e-06
4.208671960000004e-06
4.440992810000022e-06
4.700402874999986e-06
4.050838724999997e-06
4.018691725000007e-06
4.041104114999988e-06
4.228187374999994e-06
4.407705364999997e-06
4.612015239999997e-06
4.127007690000002e-06
4.079996680000014e-06
4.120973740000003e-06
4.228637544999990e-06
4.336278185000010e-06
4.486952749999998e-06
4.326054640000001e-06
4.221143240000004e-06
4.186920439999997e-06
4.179878034999993e-06
4.249002544999993e-06
4.358171600000002e-06
1.280810899999984e-07
1.262909849999994e-07
1.272826649999988e-07
1.249001100000000e-07
1.275501199999992e-07
1.247750599999993e-07
1.293327550000016e-07
1.263245549999996e-07
1.329474799999985e-07
1.298435450000013e-07
1.392752799999991e-07
1.347609900000003e-07
1.485443299999981e-07
1.375320550000030e-07
1.465693199999983e-07
1.359029100000002e-07
1.353930299999990e-07
1.311113400000012e-07
1.291411200000003e-07
1.257005150000000e-07
1.253946000000009e-07
1.221098749999980e-07
1.238646800000003e-07
1.206340249999987e-07
1.245288000000001e-07
1.213114500000001e-07
1.273453300000033e-07
1.241776900000016e-07
1.323313650000001e-07
1.292117999999996e-07
1.418004899999992e-07
1.341774500000007e-07
1.474036099999995e-07
1.358281899999998e-07
1.411319700000008e-07
1.334100749999996e-07
1.328465500000015e-07
1.288354900000000e-07
1.283633650000001e-07
1.248397750000014e-07
1.263000300000006e-07
1.229567049999996e-07
1.263796200000005e-07
1.232261849999986e-07
1.284950899999994e-07
1.255937650000010e-07
1.324169400000009e-07
1.298207349999994e-07
1.377992499999989e-07
1.356454400000003e-07
1.441719450000003e-07
1.426078000000004e-07
3.348644199999980e-07
1.937414600000003e-07
3.017081299999992e-07
2.807046799999969e-07
2.553287600000038e-07
3.197343199999983e-07
3.207991400000009e-07
2.707362849999982e-07
2.633665249999989e-07
2.456499799999994e-07
2.553017400000031e-07
2.467441949999999e-07
2.551022250000009e-07
2.325172800000007e-07
2.011457099999997e-07
2.008120199999968e-07
2.370183600000000e-07
2.804607099999995e-07
2.468477749999999e-07
2.473588400000015e-07
2.336950899999986e-07
3.026653750000030e-07
3.038139799999975e-07
2.154707250000008e-07
2.357047399999994e-07
2.490390599999996e-07
2.432866449999984e-07
2.574007600000023e-07
2.586487349999983e-07
2.905553949999996e-07
4.001611499999990e-07
2.742584900000001e-07
2.496776400000008e-07
2.019629300000003e-07
2.613682750000029e-07
2.278451250000002e-07
2.540535899999990e-07
2.480399750000003e-07
3.187437600000001e-07
2.540009849999997e-07
2.333463600000017e-07
1.862317200000012e-07
2.476668800000000e-07
2.910528049999984e-07
2.502206849999971e-07
2.101737899999998e-07
2.200288499999975e-07
3.588530699999998e-07
2.487449599999991e-07
2.668351999999990e-07
3.046407200000015e-07
3.066881699999991e-07
2.743171199999981e-07
3.153267600000020e-07
2.299146299999987e-07
3.230389399999966e-07
2.980264550000014e-07
2.128663800000011e-07
3.448426500000028e-07
2.431399950000016e-07
2.435151799999994e-07
1.849257749999977e-07
2.463889822536386e-06
2.391215977999999e-06
2.623294582999999e-06
2.466473880500000e-06
2.045937545999995e-06
1.121964347000004e-06
2.120849052185701e-06
2.101143667000004e-06
2.046724727999999e-06
2.038941113000006e-06
2.343816002000008e-06
2.039899686999997e-06
1.895797188952993e-06
1.908223299499998e-06
1.925237640000003e-06
1.631172611499998e-06
1.840489573999999e-06
2.123380513000002e-06
2.014186132000002e-06
1.655161716983458e-06
1.770506625600003e-06
1.943007301499998e-06
1.854158407500004e-06
1.798374107500001e-06
2.087046786499992e-06
2.019314380999995e-06
1.422021648729299e-06
1.513750225450001e-06
1.439590751000000e-06
1.563085404499997e-06
1.548218221499997e-06
1.559640775500005e-06
1.741657711000007e-06
1.228040871738648e-06
1.277867174899997e-06
1.181989758499996e-06
1.058653060499998e-06
1.344544878500002e-06
1.436018390999996e-06
1.595293431999996e-06
1.763361960999998e-06
1.068942146536022e-06
1.172287772850005e-06
1.195071898999999e-06
1.034544369000000e-06
1.139751960000001e-06
1.402490692000003e-06
1.543661796000001e-06
1.277888084999998e-06
9.250790427925968e-07
1.023158583599999e-06
1.013121182000000e-06
8.932000795000007e-07
8.253547864999998e-07
9.835749904999984e-07
1.069753605999997e-06
1.180399263499996e-06
1.071260557999998e-06
2.430395239048007e-06
2.747925325151299e-06
3.066257940222438e-06
3.345660121308155e-06
3.622496210728153e-06
3.920219217872303e-06
2.444971541999993e-06
2.765354737500008e-06
3.101757091499990e-06
3.431329096500007e-06
3.705636410500000e-06
3.932381686499984e-06
2.461085624000006e-06
2.819832256999991e-06
3.167326377999991e-06
3.468266625000006e-06
3.713433207000014e-06
3.919444980999989e-06
2.470980898999996e-06
2.878131867999990e-06
3.225499092500001e-06
3.532646489999995e-06
3.802209071499986e-06
3.980340386999997e-06
2.453267705000004e-06
2.894855236000010e-06
3.298250697499998e-06
3.621971507999993e-06
3.899724603499993e-06
4.071570254999999e-06
2.357175319500000e-06
2.770023777500010e-06
3.413226696999992e-06
3.783821520999997e-06
4.023748797500014e-06
4.211535449999983e-06
3.707946449999996e-06
3.526752417499993e-06
3.698611794999999e-06
4.035145844999974e-06
4.261949005000010e-06
4.560012224999974e-06
3.462345075999987e-06
3.661027970000007e-06
3.834863789999981e-06
4.211171244999999e-06
4.488304500000006e-06
4.973627804999992e-06
2.969921295000003e-06
3.254363289999996e-06
3.832305270000026e-06
4.208298245000000e-06
4.507171804999965e-06
4.802813315000031e-06
3.924592760000021e-06
3.800589834999984e-06
4.006558230000003e-06
4.208522949999998e-06
4.440989969999983e-06
4.700219165000002e-06
4.050610684999996e-06
4.018771419999977e-06
4.041048135000001e-06
4.228223419999983e-06
4.407647695000011e-06
4.611871009999987e-06
4.126863275000018e-06
4.080137970000000e-06
4.120743240000027e-06
4.228851805000002e-06
4.336332974999981e-06
4.486990320000010e-06
4.326046329999998e-06
4.221279904999994e-06
4.186943199999997e-06
4.179950075000005e-06
4.248992854999994e-06
4.358013840000004e-06
1.280988684036798e-07
1.262673672663494e-07
1.272772357499981e-07
1.249019551000011e-07
1.275305927500004e-07
1.247881049499993e-07
1.293348175000004e-07
1.263120330000000e-07
1.329924544999981e-07
1.298197790000003e-07
1.393681739999995e-07
1.347384764999990e-07
1.485911839999992e-07
1.375145760000005e-07
1.465785774999977e-07
1.358951295000018e-07
1.353727244999995e-07
1.311037990000011e-07
1.291095549999991e-07
1.257048450000008e-07
1.253824945000000e-07
1.221095419999999e-07
1.238575794999986e-07
1.206421914999994e-07
1.244998885000011e-07
1.213488360000004e-07
1.273372980000006e-07
1.241819464999998e-07
1.323203519999993e-07
1.291919114999993e-07
1.417832570000001e-07
1.341929215000008e-07
1.473927680000008e-07
1.358308774999993e-07
1.411705140000004e-07
1.333993354999997e-07
1.328557789999998e-07
1.287910899999995e-07
1.283632795000013e-07
1.248401655000002e-07
1.262777040000001e-07
1.229577979999998e-07
1.263722399999983e-07
1.232490384999987e-07
1.285114650000010e-07
1.255642649999996e-07
1.324546699999990e-07
1.298066399999998e-07
1.378212800000000e-07
1.355950150000012e-07
1.441498199999996e-07
1.426123399999999e-07
3.348854754999977e-07
1.937479765000001e-07
3.017092624499982e-07
2.807207159999999e-07
2.553901835000005e-07
3.197103944999998e-07
3.207746230000027e-07
2.707252309999986e-07
2.633567545000005e-07
2.456070525000008e-07
2.553230194999999e-07
2.467299764999983e-07
2.551144485000018e-07
2.325614650000014e-07
2.011315150000003e-07
2.008004570000005e-07
2.370351345000001e-07
2.804555580000004e-07
2.468324261999997e-07
2.473443236325388e-07
2.337091074999974e-07
3.026730835000003e-07
3.037484759999970e-07
2.154650000000001e-07
2.357064444999991e-07
2.490368945000000e-07
2.432908394999982e-07
2.574187329999981e-07
2.586602520000013e-07
2.905248780000000e-07
4.001696659999994e-07
2.742549100000004e-07
2.496079455000002e-07
2.019572954999972e-07
2.613811599999998e-07
2.279115921000000e-07
2.540702347999999e-07
2.480583463499988e-07
3.187517244999986e-07
2.540099104282522e-07
2.333410924999982e-07
1.862137505000014e-07
2.476569999999997e-07
2.910403720000003e-07
2.502162064999988e-07
2.101538074999975e-07
2.200814150000005e-07
3.588260019999987e-07
2.487639824999992e-07
2.668849240000002e-07
3.046372281303511e-07
3.066849984999993e-07
2.742752080000004e-07
3.153700340000003e-07
2.298844800000009e-07
3.230027354999999e-07
2.980644340000004e-07
2.128573460000024e-07
3.448551450000003e-07
2.431789290000004e-07
2.435318850000011e-07
1.849220905000006e-07
2.463898279463597e-06
2.391215977999997e-06
2.623294583000003e-06
2.466485055000004e-06
2.045930767999994e-06
1.121964347000002e-06
2.120842364814302e-06
2.101143667000005e-06
2.046724727999993e-06
2.038947963000005e-06
2.343804755500004e-06
2.039899687000002e-06
1.895791135046996e-06
1.908223299499996e-06
1.925237640000007e-06
1.631172611500000e-06
1.840489573999997e-06
2.123380513000007e-06
2.014186131999998e-06
1.655149064066555e-06
1.770509044800007e-06
1.943000080000000e-06
1.854165555000004e-06
1.798374107500002e-06
2.087046786499993e-06
2.019314380999997e-06
1.422007538370698e-06
1.513745592500000e-06
1.439590750999998e-06
1.563094640999998e-06
1.548226486000000e-06
1.559634938000003e-06
1.741657711000009e-06
1.228031908011349e-06
1.277858650549997e-06
1.181995578999996e-06
1.058653060499999e-06
1.344544878500001e-06
1.436025572999992e-06
1.595283822999998e-06
1.763361961000000e-06
1.068937210063975e-06
1.172285648299999e-06
1.195065499000002e-06
1.034551598000002e-06
1.139759093500000e-06
1.402482916500005e-06
1.543661796000003e-06
1.277888084999999e-06
9.250808837074081e-07
1.023159238050001e-06
1.013114353499999e-06
8.932060789999994e-07
8.253547865000027e-07
9.835751629999966e-07
1.069754358999996e-06
1.180399263499995e-06
1.071260557999999e-06
2.430397740952005e-06
2.747907744848704e-06
3.066245776777540e-06
3.345653167691862e-06
3.622494623271832e-06
3.920222886127691e-06
2.444971541999987e-06
2.765354737500000e-06
3.101757091500003e-06
3.431319852000007e-06
3.705626963999998e-06
3.932381686499981e-06
2.461085624000000e-06
2.819832256999997e-06
3.167326377999997e-06
3.468275911000002e-06
3.713442612000015e-06
3.919435671999990e-06
2.470980899000008e-06
2.878131868000001e-06
3.225499092499990e-06
3.532646490000003e-06
3.802218635000000e-06
3.980359004999988e-06
2.453267705000000e-06
2.894855236000010e-06
3.298250697500007e-06
3.621971507999994e-06
3.899715376000003e-06
4.071560609999987e-06
2.357175319499996e-06
2.770023777500006e-06
3.413226697000000e-06
3.783821521000009e-06
4.023748797499992e-06
4.211535449999993e-06
3.708028723999988e-06
3.526826962500008e-06
3.698611795000007e-06
4.035145844999978e-06
4.261949005000009e-06
4.560012224999989e-06
3.462279011999994e-06
3.660937215000003e-06
3.834863790000001e-06
4.211171244999995e-06
4.488304500000003e-06
4.973627804999992e-06
2.969921294999992e-06
3.254363289999987e-06
3.832305270000021e-06
4.208298244999994e-06
4.507171804999978e-06
4.802813315000013e-06
3.924592760000017e-06
3.800589834999990e-06
4.006558230000010e-06
4.208522950000005e-06
4.440989970000004e-06
4.700219165000016e-06
4.050724704999993e-06
4.018801199999987e-06
4.041048134999996e-06
4.228347789999984e-06
4.407691420000010e-06
4.611871009999979e-06
4.126841384999997e-06
4.080016059999987e-06
4.120743240000011e-06
4.228815290000009e-06
4.336201394999992e-06
4.486853669999992e-06
4.326046330000002e-06
4.221279905000000e-06
4.186943200000005e-06
4.179950074999993e-06
4.248992854999991e-06
4.358042620000000e-06
1.280974505963192e-07
1.262648885836482e-07
1.272776468999983e-07
1.249005770000016e-07
1.275320092500002e-07
1.247894373499992e-07
1.293336175000003e-07
1.263108734999999e-07
1.329924544999997e-07
1.298212560000017e-07
1.393681739999993e-07
1.347384764999995e-07
1.485911839999991e-07
1.375145760000017e-07
1.465785774999973e-07
1.358951295000018e-07
1.353745319999994e-07
1.311028655000008e-07
1.291087504999988e-07
1.257065265000006e-07
1.253824944999989e-07
1.221095419999996e-07
1.238575795000000e-07
1.206421914999991e-07
1.244998884999994e-07
1.213488359999996e-07
1.273372979999999e-07
1.241812769999995e-07
1.323203519999999e-07
1.291930740000011e-07
1.417832570000008e-07
1.341948600000009e-07
1.473927680000007e-07
1.358308774999989e-07
1.411705139999999e-07
1.333993355000005e-07
1.328557789999991e-07
1.287910899999991e-07
1.283653544999985e-07
1.248401655000000e-07
1.262774309999979e-07
1.229577980000006e-07
1.263747700000012e-07
1.232694334999989e-07
1.284907350000001e-07
1.255620700000003e-07
1.324546699999974e-07
1.298044049999998e-07
1.378212800000007e-07
1.356169100000018e-07
1.441498200000010e-07
1.426123399999983e-07
3.348813480000001e-07
1.937509294999996e-07
3.017082326499984e-07
2.807207160000008e-07
2.553901834999998e-07
3.197103944999984e-07
3.207746230000023e-07
2.707252309999981e-07
2.633567545000014e-07
2.456070525000000e-07
2.553199799999997e-07
2.467274114999986e-07
2.551144485000019e-07
2.325614650000024e-07
2.011328030000008e-07
2.008004569999991e-07
2.370351345000011e-07
2.804523344999998e-07
2.468336497499996e-07
2.473423414674576e-07
2.337091075000001e-07
3.026730834999977e-07
3.037484759999986e-07
2.154649999999999e-07
2.357080829999991e-07
2.490338065000003e-07
2.432941694999996e-07
2.574168524999998e-07
2.586602520000016e-07
2.905248780000005e-07
4.001696660000012e-07
2.742549100000011e-07
2.496079455000004e-07
2.019572954999990e-07
2.613811599999994e-07
2.279119280499997e-07
2.540695519999993e-07
2.480604526499994e-07
3.187517244999988e-07
2.540059867717503e-07
2.333410924999997e-07
1.862137505000009e-07
2.476569999999987e-07
2.910403720000032e-07
2.502162064999997e-07
2.101538075000001e-07
2.200814150000021e-07
3.588317010000005e-07
2.487627900000019e-07
2.668871445000014e-07
3.046345404696513e-07
3.066849984999994e-07
2.742752080000004e-07
3.153700340000017e-07
2.298844799999999e-07
3.230001004999989e-07
2.980668880000001e-07
2.128573460000018e-07
3.448551450000018e-07
2.431789290000005e-07
2.435318850000001e-07
1.849190005000010e-07
2.463953769999999e-06
2.391155360000016e-06
2.623305789999997e-06
2.466479139999990e-06
2.045964024999990e-06
1.122020774999994e-06
2.120941179999997e-06
2.101097585000007e-06
2.046651060000004e-06
2.038936749999997e-06
2.343816090000001e-06
2.039853420000013e-06
1.895851845000008e-06
1.908115449999992e-06
1.925202799999998e-06
1.631178389999998e-06
1.840475524999997e-06
2.123316295000008e-06
2.014053964999997e-06
1.655193925000003e-06
1.770527830000009e-06
1.943056124999998e-06
1.854067070000001e-06
1.798343900000002e-06
2.087078814999998e-06
2.019314805000012e-06
1.422008315000005e-06
1.513753824999993e-06
1.439612000000003e-06
1.563059479999994e-06
1.548337935000002e-06
1.559665759999997e-06
1.741739644999997e-06
1.228017655000001e-06
1.277788689999998e-06
1.181985654999997e-06
1.058676584999999e-06
1.344552029999995e-06
1.435897809999995e-06
1.595228670000007e-06
1.763293710000005e-06
1.068955545000004e-06
1.172287484999998e-06
1.194999769999997e-06
1.034479549999998e-06
1.139852625000004e-06
1.402474500000002e-06
1.543747484999998e-06
1.277906864999993e-06
9.250907500000019e-07
1.023195869999998e-06
1.013191430000005e-06
8.931402999999987e-07
8.253468799999993e-07
9.835486849999923e-07
1.069693855000000e-06
1.180417735000009e-06
1.071245250000001e-06
2.430443709999989e-06
2.747971999999999e-06
3.066312155000005e-06
3.345670835000000e-06
3.622572470000009e-06
3.920289144999989e-06
2.444919125000005e-06
2.765324560000000e-06
3.101693369999992e-06
3.431149649999988e-06
3.705478500000004e-06
3.932416525000011e-06
2.461228845000007e-06
2.819979189999991e-06
3.167270979999988e-06
3.468198425000009e-06
3.713532994999986e-06
3.919531415000017e-06
2.470902539999999e-06
2.878018560000006e-06
3.225435530000011e-06
3.532778860000007e-06
3.802357264999992e-06
3.980564445000007e-06
2.453284250000016e-06
2.894806534999978e-06
3.298290899999993e-06
3.621897054999997e-06
3.899642930000011e-06
4.071603720000004e-06
2.357223949999988e-06
2.770097380000003e-06
3.413236490000002e-06
3.783837079999995e-06
4.023846964999984e-06
4.211417319999995e-06
3.708039049999985e-06
3.526537440000001e-06
3.698581444999993e-06
4.035174220000007e-06
4.262001465000003e-06
4.560248560000007e-06
3.462438450000010e-06
3.660992005000005e-06
3.834927280000006e-06
4.211215379999994e-06
4.487884510000001e-06
4.973603544999979e-06
2.969862240000013e-06
3.254430824999994e-06
3.832152259999994e-06
4.208525774999978e-06
4.507033639999998e-06
4.802819649999997e-06
3.924663940000000e-06
3.800594205000015e-06
4.006436439999993e-06
4.208671960000008e-06
4.440992810000026e-06
4.700402874999971e-06
4.050838725000002e-06
4.018691725000014e-06
4.041115599999984e-06
4.228338869999995e-06
4.407705365000019e-06
4.612015239999996e-06
4.127007690000004e-06
4.079996680000004e-06
4.120825354999986e-06
4.228622949999986e-06
4.336278185000027e-06
4.486952749999988e-06
4.326054639999998e-06
4.221143239999999e-06
4.186920440000004e-06
4.179878034999993e-06
4.249002545000009e-06
4.358171599999985e-06
1.281053149999997e-07
1.262892700000004e-07
1.272826649999976e-07
1.249001100000004e-07
1.275501199999999e-07
1.247750599999990e-07
1.293327550000008e-07
1.263245550000008e-07
1.329474799999987e-07
1.298716500000007e-07
1.392752800000000e-07
1.347729049999980e-07
1.485443299999983e-07
1.375320550000021e-07
1.465693199999991e-07
1.359309549999997e-07
1.353930299999993e-07
1.311217599999997e-07
1.291411199999996e-07
1.257005150000007e-07
1.253946000000008e-07
1.221098749999986e-07
1.238918599999996e-07
1.206241900000012e-07
1.245383649999997e-07
1.212845399999994e-07
1.273453300000018e-07
1.241776900000013e-07
1.323313650000017e-07
1.292117999999993e-07
1.418004900000004e-07
1.341774500000009e-07
1.474091800000001e-07
1.358281900000002e-07
1.411588650000016e-07
1.334100749999996e-07
1.328465500000007e-07
1.288091800000002e-07
1.283633650000002e-07
1.248342499999999e-07
1.263000299999995e-07
1.229567049999999e-07
1.264056400000009e-07
1.232213799999996e-07
1.284996099999982e-07
1.255680300000000e-07
1.324169400000012e-07
1.298207349999996e-07
1.377992499999983e-07
1.356454399999999e-07
1.441745350000003e-07
1.426078000000012e-07
3.348559649999967e-07
1.937414599999992e-07
3.017081300000002e-07
2.807046799999984e-07
2.553287600000005e-07
3.197463349999979e-07
3.207991400000007e-07
2.707362849999990e-07
2.633665250000007e-07
2.456499800000003e-07
2.553361500000019e-07
2.467441950000003e-07
2.551022250000009e-07
2.325172800000003e-07
2.011457100000011e-07
2.008084249999965e-07
2.370183599999994e-07
2.804607099999981e-07
2.468477749999985e-07
2.473588400000000e-07
2.336950900000018e-07
3.026653750000030e-07
3.038139799999983e-07
2.154707250000024e-07
2.357047399999988e-07
2.490390599999992e-07
2.432866449999980e-07
2.574007600000004e-07
2.586487349999984e-07
2.905553949999992e-07
4.001611499999994e-07
2.742646499999992e-07
2.496776400000002e-07
2.019629299999994e-07
2.613682750000022e-07
2.278451250000023e-07
2.540535899999993e-07
2.480399750000030e-07
3.187437600000021e-07
2.540009849999974e-07
2.333463600000000e-07
1.862317200000012e-07
2.476668799999998e-07
2.910528049999983e-07
2.502206849999972e-07
2.101449200000020e-07
2.200288499999991e-07
3.588530699999993e-07
2.487449599999986e-07
2.668352000000001e-07
3.046407199999988e-07
3.066881700000024e-07
2.743171199999992e-07
3.153614400000019e-07
2.299146299999980e-07
3.229915749999992e-07
2.980264550000001e-07
2.128663800000001e-07
3.448426500000010e-07
2.431701300000028e-07
2.435151800000000e-07
1.849257749999990e-07
2.463944370000001e-06
2.391245765000002e-06
2.623195820000001e-06
2.466544639999993e-06
2.045893389999998e-06
1.121980939999999e-06
2.120813999999992e-06
2.101171149999996e-06
2.046728720000019e-06
2.039031294999998e-06
2.343708469999998e-06
2.039888914999999e-06
1.895789980000000e-06
1.908139235000007e-06
1.925297999999996e-06
1.631161480000001e-06
1.840581715000002e-06
2.123301579999998e-06
2.014227330000006e-06
1.655122489999998e-06
1.770474420000003e-06
1.942932954999997e-06
1.854164715000000e-06
1.798279699999999e-06
2.087039415000006e-06
2.019339304999995e-06
1.422055364999988e-06
1.513795380000001e-06
1.439595615000005e-06
1.563047044999995e-06
1.548191660000000e-06
1.559739984999988e-06
1.741638359999995e-06
1.228037839999999e-06
1.277831509999998e-06
1.181973429999997e-06
1.058770955000001e-06
1.344569925000001e-06
1.435949899999997e-06
1.595375020000008e-06
1.763324876999995e-06
1.068988634999998e-06
1.172365570000000e-06
1.194988410000000e-06
1.034528859999998e-06
1.139751135000003e-06
1.402554574999998e-06
1.543689499999996e-06
1.277850986500008e-06
9.250518399999997e-07
1.023129270000003e-06
1.013048625000003e-06
8.932872449999950e-07
8.254311600000050e-07
9.835309549999972e-07
1.069732179999998e-06
1.180379071499999e-06
1.071264526000005e-06
2.430526225000000e-06
2.747762685000016e-06
3.066322229999984e-06
3.345546430000000e-06
3.622518844999992e-06
3.920317929999991e-06
2.444999135000000e-06
2.765266194999997e-06
3.101661729999990e-06
3.431262400000010e-06
3.705619640000007e-06
3.932554699999993e-06
2.461072154999996e-06
2.820021790000002e-06
3.167328760000004e-06
3.468274535000010e-06
3.713386874999999e-06
3.919390139999988e-06
2.470988825000008e-06
2.878021220000001e-06
3.225403499999990e-06
3.532627135000003e-06
3.802334849999993e-06
3.980365089999996e-06
2.453350239999992e-06
2.894801685000013e-06
3.298436770000000e-06
3.621801360000000e-06
3.899621234999991e-06
4.071646850000009e-06
2.357234325000008e-06
2.769959145000003e-06
3.413286124999993e-06
3.783866780000001e-06
4.023871219999991e-06
4.211452259999978e-06
3.707971920000010e-06
3.526659379999996e-06
3.698676874999988e-06
4.035301560000010e-06
4.262050729999992e-06
4.560152615000002e-06
3.462306309999997e-06
3.660925209999990e-06
3.834939285000011e-06
4.211207194999980e-06
4.488056474999999e-06
4.973622074999991e-06
2.970002536000010e-06
3.254355299499995e-06
3.832163011000004e-06
4.208532385000000e-06
4.507291597999991e-06
4.802783107000002e-06
3.924732487999996e-06
3.800625203999985e-06
4.006387891000009e-06
4.208667370000000e-06
4.441052944000001e-06
4.700219707499995e-06
4.050832964999994e-06
4.018758947499983e-06
4.040924424500015e-06
4.228208620499993e-06
4.407602137499994e-06
4.611928486499998e-06
4.126932306999994e-06
4.080136366499988e-06
4.120832488500004e-06
4.228607723999995e-06
4.336214658500001e-06
4.486968770499996e-06
4.325909091999988e-06
4.221219528999983e-06
4.186971418499987e-06
4.180009892999993e-06
4.248975234999994e-06
4.358118202999986e-06
1.280999099999997e-07
1.262732200000021e-07
1.272702950000008e-07
1.249088849999998e-07
1.275593199999992e-07
1.248130600000005e-07
1.293150000000001e-07
1.263116100000011e-07
1.329545999999981e-07
1.298425850000003e-07
1.392918800000001e-07
1.347587400000017e-07
1.485546400000028e-07
1.375295399999980e-07
1.465584099999988e-07
1.359070549999977e-07
1.353948999999985e-07
1.310954300000011e-07
1.291506760000006e-07
1.256766090000027e-07
1.254160485000010e-07
1.220880539999989e-07
1.238954895000000e-07
1.206193605000020e-07
1.245425550000011e-07
1.213259450000012e-07
1.273534154999993e-07
1.241728719999999e-07
1.323507009999986e-07
1.291877264999989e-07
1.418278859999974e-07
1.341820325000039e-07
1.474049900000001e-07
1.358441805000011e-07
1.411201484999972e-07
1.334407575000004e-07
1.328240909999994e-07
1.288228574999996e-07
1.283426115000009e-07
1.248460579999979e-07
1.262693354999981e-07
1.229697179999992e-07
1.263853499999974e-07
1.232577590000031e-07
1.285196044999987e-07
1.255928680000015e-07
1.324368085000024e-07
1.298283669999978e-07
1.378299219999989e-07
1.356253100000017e-07
1.441613864999986e-07
1.426183300000009e-07
3.348714150000017e-07
1.937574575000014e-07
3.017391350000004e-07
2.807100619999990e-07
2.553480700000000e-07
3.197408489999977e-07
3.207929700000020e-07
2.707497899999977e-07
2.633434999999993e-07
2.456773800000007e-07
2.552931650000007e-07
2.467143149999999e-07
2.550702849999981e-07
2.325715799999997e-07
2.011533540000006e-07
2.007968440000015e-07
2.370157179999998e-07
2.804656070000002e-07
2.468352400000010e-07
2.473336699999994e-07
2.336924325000006e-07
3.026578720000007e-07
3.037743099999994e-07
2.154612765000014e-07
2.356860500000024e-07
2.490162839999994e-07
2.432913794999994e-07
2.573994575000001e-07
2.586555464999985e-07
2.904999679999982e-07
4.002013899999984e-07
2.742273800000001e-07
2.496429699999999e-07
2.019434594999998e-07
2.613864229999988e-07
2.278560149999981e-07
2.540669749999988e-07
2.480590300000001e-07
3.187068210000026e-07
2.539691999999997e-07
2.333433674999987e-07
1.862129584999987e-07
2.476622099999994e-07
2.910346264999978e-07
2.502101105000014e-07
2.101318904999999e-07
2.200649039999998e-07
3.588677850000021e-07
2.487607129999996e-07
2.668985800000004e-07
3.046334750000007e-07
3.066672599999989e-07
2.743011079999992e-07
3.153857935000005e-07
2.299006395000023e-07
3.230017450000036e-07
2.980406529999985e-07
2.128419260000019e-07
3.448350080000011e-07
2.431421590000002e-07
2.435159835000009e-07
1.849529430000006e-07
6.227399899999934e-07
4.390100600000032e-07
3.369373250000004e-07
4.453236579999977e-07
1.048237600000013e-07
8.037570450000039e-08
8.813403300000225e-08
1.186793085000004e-07
8.224470100000124e-08
5.749152849999805e-08
8.581114700000031e-08
5.747529899999877e-08
1.012046699999998e-07
1.049790354999995e-07
1.166762700000003e-07
6.227652799999999e-07
4.389392999999976e-07
3.369773699999932e-07
4.453339500000004e-07
1.047980699999989e-07
8.036128500000310e-08
8.814133000000083e-08
1.187017750000002e-07
8.224092500000047e-08
5.749798499999853e-08
8.581600500000241e-08
5.747953000000090e-08
1.011957300000009e-07
1.049603999999995e-07
1.166909150000006e-07
6.227760480000024e-07
4.389687125000017e-07
3.369761745000009e-07
4.453815090000013e-07
1.047914284999991e-07
8.038264500000135e-08
8.810976450000125e-08
1.186779739999988e-07
8.225340149999984e-08
5.747112000000223e-08
8.580497099999962e-08
5.747112000000047e-08
1.012135263000013e-07
1.049711850000027e-07
1.166863954999989e-07
6.227760480000034e-07
4.389679830000024e-07
3.369761745000014e-07
4.453815089999986e-07
1.047914284999982e-07
8.038264500000052e-08
8.810976450000087e-08
1.186779739999962e-07
8.225340149999954e-08
5.747112000000283e-08
8.580733800000073e-08
5.747112000000026e-08
1.012134971000014e-07
1.049711850000014e-07
1.166836334999983e-07
6.227652799999963e-07
4.389392999999977e-07
3.369773699999954e-07
4.453339500000028e-07
1.047980699999995e-07
8.036128500000282e-08
8.814133000000135e-08
1.187017750000005e-07
8.225084000000056e-08
5.749816499999703e-08
8.581600500000161e-08
5.747953000000124e-08
1.011957300000010e-07
1.049603999999977e-07
1.166977099999998e-07
6.227399899999990e-07
4.390100600000026e-07
3.369373249999983e-07
4.453236579999975e-07
1.048237600000013e-07
8.039030750000127e-08
8.813191500000325e-08
1.186793084999996e-07
8.224693000000060e-08
5.749152849999899e-08
8.581114700000000e-08
5.747529899999937e-08
1.012046700000000e-07
1.049805310000017e-07
1.166762700000001e-07
VECTORS normal double
0.000000000000000e+00 0.000000000000000e+00 1.000000000000000e+00
0.000000000000000e+00 0.000000000000000e+00 1.000000000000000e+00
0.000000000000000e+00 0.000000000000000e+00 1.000000000000000e+00
0.000000000000000e+00 0.000000000000000e+00 1.000000000000000e+00
0.000000000000000e+00 0.000000000000000e+00 1.000000000000000e+00
0.000000000000000e+00 0.000000000000000e+00 1.000000000000000e+00
0.000000000000000e+00 0.000000000000000e+00 1.000000000000000e+00
0.000000000000000e+00 0.000000000000000e+00 1.000000000000000e+00
0.000000000000000e+00 0.000000000000000e+00 1.000000000000000e+00
0.000000000000000e+00 0.000000000000000e+00 1.000000000000000e+00
0.000000000000000e+00 0.000000000000000e+00 1.000000000000000e+00
0.000000000000000e+00 0.000000000000000e+00 1.000000000000000e+00
0.000000000000000e+00 0.000000000000000e+00 1.000000000000000e+00
0.000000000000000e+00 0.000000000000000e+00 1.000000000000000e+00
0.000000000000000e+00 0.000000000000000e+00 1.000000000000000e+00
0.000000000000000e+00 0.000000000000000e+00 1.000000000000000e+00
0.000000000000000e+00 0.000000000000000e+00 1.000000000000000e+00
0.000000000000000e+00 0.000000000000000e+00 1.000000000000000e+00
0.000000000000000e+00 0.000000000000000e+00 1.000000000000000e+00
0.000000000000000e+00 0.000000000000000e+00 1.000000000000000e+00
0.000000000000000e+00 0.000000000000000e+00 1.000000000000000e+00
0.000000000000000e+00 0.000000000000000e+00 1.000000000000000e+00
0.000000000000000e+00 0.000000000000000e+00 1.000000000000000e+00
0.000000000000000e+00 0.000000000000000e+00 1.000000000000000e+00
0.000000000000000e+00 0.000000000000000e+00 1.000000000000000e+00
0.000000000000000e+00 0.000000000000000e+00 1.000000000000000e+00
0.000000000000000e+00 0.000000000000000e+00 1.000000000000000e+00
0.000000000000000e+00 0.000000000000000e+00 1.000000000000000e+00
0.000000000000000e+00 0.000000000000000e+00 1.000000000000000e+00
0.000000000000000e+00 0.000000000000000e+00 1.000000000000000e+00
0.000000000000000e+00 0.000000000000000e+00 1.000000000000000e+00
0.000000000000000e+00 0.000000000000000e+00 1.000000000000000e+00
0.000000000000000e+00 0.000000000000000e+00 1.000000000000000e+00
0.000000000000000e+00 0.000000000000000e+00 1.000000000000000e+00
0.000000000000000e+00 0.000000000000000e+00 1.000000000000000e+00
0.000000000000000e+00 0.000000000000000e+00 1.000000000000000e+00
0.000000000000000e+00 0.000000000000000e+00 1.000000000000000e+00
0.000000000000000e+00 0.000000000000000e+00 1.000000000000000e+00
0.000000000000000e+00 0.000000000000000e+00 1.000000000000000e+00
0.000000000000000e+00 0.000000000000000e+00 1.000000000000000e+00
0.000000000000000e+00 0.000000000000000e+00 1.000000000000000e+00
0.000000000000000e+00 0.000000000000000e+00 1.000000000000000e+00
0.000000000000000e+00 0.000000000000000e+00 1.000000000000000e+00
0.000000000000000e+00 0.000000000000000e+00 1.000000000000000e+00
0.000000000000000e+00 0.000000000000000e+00 1.000000000000000e+00
0.000000000000000e+00 0.000000000000000e+00 1.000000000000000e+00
0.000000000000000e+00 0.000000000000000e+00 1.000000000000000e+00
0.000000000000000e+00 0.000000000000000e+00 1.000000000000000e+00
0.000000000000000e+00 0.000000000000000e+00 1.000000000000000e+00
0.000000000000000e+00 0.000000000000000e+00 1.000000000000000e+00
0.000000000000000e+00 0.000000000000000e+00 1.000000000000000e+00
0.000000000000000e+00 0.000000000000000e+00 1.000000000000000e+00
0.000000000000000e+00 0.000000000000000e+00 1.000000000000000e+00
0.000000000000000e+00 0.000000000000000e+00 1.000000000000000e+00
0.000000000000000e+00 0.000000000000000e+00 1.000000000000000e+00
0.000000000000000e+00 0.000000000000000e+00 1.000000000000000e+00
0.000000000000000e+00 0.000000000000000e+00 1.000000000000000e+00
0.000000000000000e+00 0.000000000000000e+00 1.000000000000000e+00
0.000000000000000e+00 0.000000000000000e+00 1.000000000000000e+00
0.000000000000000e+00 0.000000000000000e+00 1.000000000000000e+00
0.000000000000000e+00 0.000000000000000e+00 1.000000000000000e+00
0.000000000000000e+00 0.000000000000000e+00 1.000000000000000e+00
0.000000000000000e+00 0.000000000000000e+00 1.000000000000000e+00
0.000000000000000e+00 0.000000000000000e+00 1.000000000000000e+00
0.000000000000000e+00 0.000000000000000e+00 1.000000000000000e+00
0.000000000000000e+00 0.000000000000000e+00 1.000000000000000e+00
0.000000000000000e+00 0.000000000000000e+00 1.000000000000000e+00
0.000000000000000e+00 0.000000000000000e+00 1.000000000000000e+00
0.000000000000000e+00 0.000000000000000e+00 1.000000000000000e+00
0.000000000000000e+00 0.000000000000000e+00 1.000000000000000e+00
0.000000000000000e+00 0.000000000000000e+00 1.000000000000000e+00
0.000000000000000e+00 0.000000000000000e+00 1.000000000000000e+00
0.000000000000000e+00 0.000000000000000e+00 1.000000000000000e+00
0.000000000000000e+00 0.000000000000000e+00 1.000000000000000e+00
0.000000000000000e+00 0.000000000000000e+00 1.000000000000000e+00
0.000000000000000e+00 0.000000000000000e+00 1.000000000000000e+00
0.000000000000000e+00 0.000000000000000e+00 1.000000000000000e+00
0.000000000000000e+00 0.000000000000000e+00 1.000000000000000e+00
0.000000000000000e+00 0.000000000000000e+00 1.000000000000000e+00
0.000000000000000e+00 0.000000000000000e+00 1.000000000000000e+00
0.000000000000000e+00 0.000000000000000e+00 1.000000000000000e+00
0.000000000000000e+00 0.000000000000000e+00 1.000000000000000e+00
0.000000000000000e+00 0.000000000000000e+00 1.000000000000000e+00
0.000000000000000e+00 0.000000000000000e+00 1.000000000000000e+00
0.000000000000000e+00 0.000000000000000e+00 1.000000000000000e+00
0.000000000000000e+00 0.000000000000000e+00 1.000000000000000e+00
0.000000000000000e+00 0.000000000000000e+00 1.000000000000000e+00
0.000000000000000e+00 0.000000000000000e+00 1.000000000000000e+00
0.000000000000000e+00 0.000000000000000e+00 1.000000000000000e+00
0.000000000000000e+00 0.000000000000000e+00 1.000000000000000e+00
0.000000000000000e+00 0.000000000000000e+00 1.000000000000000e+00
0.000000000000000e+00 0.000000000000000e+00 1.000000000000000e+00
0.000000000000000e+00 0.000000000000000e+00 1.000000000000000e+00
0.000000000000000e+00 0.000000000000000e+00 1.000000000000000e+00
0.000000000000000e+00 0.000000000000000e+00 1.000000000000000e+00
0.000000000000000e+00 0.000000000000000e+00 1.000000000000000e+00
0.000000000000000e+00 0.000000000000000e+00 1.000000000000000e+00
0.000000000000000e+00 0.000000000000000e+00 1.000000000000000e+00
0.000000000000000e+00 0.000000000000000e+00 1.000000000000000e+00
0.000000000000000e+00 0.000000000000000e+00 1.000000000000000e+00
0.000000000000000e+00 0.000000000000000e+00 1.000000000000000e+00
0.000000000000000e+00 0.000000000000000e+00 1.000000000000000e+00
0.000000000000000e+00 0.000000000000000e+00 1.000000000000000e+00
0.000000000000000e+00 0.000000000000000e+00 1.000000000000000e+00
0.000000000000000e+00 0.000000000000000e+00 1.000000000000000e+00
0.000000000000000e+00 0.000000000000000e+00 1.000000000000000e+00
0.000000000000000e+00 0.000000000000000e+00 1.000000000000000e+00
0.000000000000000e+00 0.000000000000000e+00 1.000000000000000e+00
0.000000000000000e+00 0.000000000000000e+00 1.000000000000000e+00
0.000000000000000e+00 0.000000000000000e+00 1.000000000000000e+00
0.000000000000000e+00 0.000000000000000e+00 1.000000000000000e+00
0.000000000000000e+00 0.000000000000000e+00 1.000000000000000e+00
0.000000000000000e+00 0.000000000000000e+00 1.000000000000000e+00
0.000000000000000e+00 0.000000000000000e+00 1.000000000000000e+00
0.000000000000000e+00 0.000000000000000e+00 1.000000000000000e+00
0.000000000000000e+00 0.000000000000000e+00 1.000000000000000e+00
0.000000000000000e+00 0.000000000000000e+00 1.000000000000000e+00
0.000000000000000e+00 0.000000000000000e+00 1.000000000000000e+00
0.000000000000000e+00 0.000000000000000e+00 1.000000000000000e+00
0.000000000000000e+00 0.000000000000000e+00 1.000000000000000e+00
0.000000000000000e+00 0.000000000000000e+00 1.000000000000000e+00
0.000000000000000e+00 0.000000000000000e+00 1.000000000000000e+00
0.000000000000000e+00 0.000000000000000e+00 1.000000000000000e+00
0.000000000000000e+00 0.000000000000000e+00 1.000000000000000e+00
0.000000000000000e+00 0.000000000000000e+00 1.000000000000000e+00
0.000000000000000e+00 0.000000000000000e+00 1.000000000000000e+00
0.000000000000000e+00 0.000000000000000e+00 1.000000000000000e+00
0.000000000000000e+00 0.000000000000000e+00 1.000000000000000e+00
0.000000000000000e+00 0.000000000000000e+00 1.000000000000000e+00
0.000000000000000e+00 0.000000000000000e+00 1.000000000000000e+00
0.000000000000000e+00 0.000000000000000e+00 1.000000000000000e+00
0.000000000000000e+00 0.000000000000000e+00 1.000000000000000e+00
0.000000000000000e+00 0.000000000000000e+00 1.000000000000000e+00
0.000000000000000e+00 0.000000000000000e+00 1.000000000000000e+00
0.000000000000000e+00 0.000000000000000e+00 1.000000000000000e+00
0.000000000000000e+00 0.000000000000000e+00 1.000000000000000e+00
0.000000000000000e+00 0.000000000000000e+00 1.000000000000000e+00
0.000000000000000e+00 0.000000000000000e+00 1.000000000000000e+00
0.000000000000000e+00 0.000000000000000e+00 1.000000000000000e+00
0.000000000000000e+00 0.000000000000000e+00 1.000000000000000e+00
0.000000000000000e+00 0.000000000000000e+00 1.000000000000000e+00
0.000000000000000e+00 0.000000000000000e+00 1.000000000000000e+00
0.000000000000000e+00 0.000000000000000e+00 1.000000000000000e+00
0.000000000000000e+00 0.000000000000000e+00 1.000000000000000e+00
0.000000000000000e+00 0.000000000000000e+00 1.000000000000000e+00
0.000000000000000e+00 0.000000000000000e+00 1.000000000000000e+00
0.000000000000000e+00 0.000000000000000e+00 1.000000000000000e+00
0.000000000000000e+00 0.000000000000000e+00 1.000000000000000e+00
0.000000000000000e+00 0.000000000000000e+00 1.000000000000000e+00
0.000000000000000e+00 0.000000000000000e+00 1.000000000000000e+00
0.000000000000000e+00 0.000000000000000e+00 1.000000000000000e+00
0.000000000000000e+00 0.000000000000000e+00 1.000000000000000e+00
0.000000000000000e+00 0.000000000000000e+00 1.000000000000000e+00
0.000000000000000e+00 0.000000000000000e+00 1.000000000000000e+00
0.000000000000000e+00 0.000000000000000e+00 1.000000000000000e+00
0.000000000000000e+00 0.000000000000000e+00 1.000000000000000e+00
0.000000000000000e+00 0.000000000000000e+00 1.000000000000000e+00
0.000000000000000e+00 0.000000000000000e+00 1.000000000000000e+00
0.000000000000000e+00 0.000000000000000e+00 1.000000000000000e+00
0.000000000000000e+00 0.000000000000000e+00 1.000000000000000e+00
0.000000000000000e+00 0.000000000000000e+00 1.000000000000000e+00
0.000000000000000e+00 0.000000000000000e+00 1.000000000000000e+00
0.000000000000000e+00 0.000000000000000e+00 1.000000000000000e+00
0.000000000000000e+00 0.000000000000000e+00 1.000000000000000e+00
0.000000000000000e+00 0.000000000000000e+00 1.000000000000000e+00
0.000000000000000e+00 0.000000000000000e+00 1.000000000000000e+00
0.000000000000000e+00 0.000000000000000e+00 1.000000000000000e+00
0.000000000000000e+00 0.000000000000000e+00 1.000000000000000e+00
0.000000000000000e+00 0.000000000000000e+00 1.000000000000000e+00
0.000000000000000e+00 0.000000000000000e+00 1.000000000000000e+00
0.000000000000000e+00 0.000000000000000e+00 1.000000000000000e+00
0.000000000000000e+00 0.000000000000000e+00 1.000000000000000e+00
0.000000000000000e+00 0.000000000000000e+00 1.000000000000000e+00
0.000000000000000e+00 0.000000000000000e+00 1.000000000000000e+00
0.000000000000000e+00 0.000000000000000e+00 1.000000000000000e+00
0.000000000000000e+00 0.000000000000000e+00 1.000000000000000e+00
0.000000000000000e+00 0.000000000000000e+00 1.000000000000000e+00
0.000000000000000e+00 0.000000000000000e+00 1.000000000000000e+00
0.000000000000000e+00 0.000000000000000e+00 1.000000000000000e+00
0.000000000000000e+00 0.000000000000000e+00 1.000000000000000e+00
0.000000000000000e+00 0.000000000000000e+00 1.000000000000000e+00
0.000000000000000e+00 0.000000000000000e+00 1.000000000000000e+00
0.000000000000000e+00 0.000000000000000e+00 1.000000000000000e+00
0.000000000000000e+00 0.000000000000000e+00 1.000000000000000e+00
0.000000000000000e+00 0.000000000000000e+00 1.000000000000000e+00
0.000000000000000e+00 0.000000000000000e+00 1.000000000000000e+00
0.000000000000000e+00 0.000000000000000e+00 1.000000000000000e+00
0.000000000000000e+00 0.000000000000000e+00 1.000000000000000e+00
0.000000000000000e+00 0.000000000000000e+00 1.000000000000000e+00
0.000000000000000e+00 0.000000000000000e+00 1.000000000000000e+00
0.000000000000000e+00 0.000000000000000e+00 1.000000000000000e+00
0.000000000000000e+00 0.000000000000000e+00 1.000000000000000e+00
0.000000000000000e+00 0.000000000000000e+00 1.000000000000000e+00
0.000000000000000e+00 0.000000000000000e+00 1.000000000000000e+00
0.000000000000000e+00 0.000000000000000e+00 1.000000000000000e+00
0.000000000000000e+00 0.000000000000000e+00 1.000000000000000e+00
0.000000000000000e+00 0.000000000000000e+00 1.000000000000000e+00
0.000000000000000e+00 0.000000000000000e+00 1.000000000000000e+00
0.000000000000000e+00 0.000000000000000e+00 1.000000000000000e+00
0.000000000000000e+00 0.000000000000000e+00 1.000000000000000e+00
0.000000000000000e+00 0.000000000000000e+00 1.000000000000000e+00
0.000000000000000e+00 0.000000000000000e+00 1.000000000000000e+00
0.000000000000000e+00 0.000000000000000e+00 1.000000000000000e+00
0.000000000000000e+00 0.000000000000000e+00 1.000000000000000e+00
0.000000000000000e+00 0.000000000000000e+00 1.000000000000000e+00
0.000000000000000e+00 0.000000000000000e+00 1.000000000000000e+00
0.000000000000000e+00 0.000000000000000e+00 1.000000000000000e+00
0.000000000000000e+00 0.000000000000000e+00 1.000000000000000e+00
0.000000000000000e+00 0.000000000000000e+00 1.000000000000000e+00
0.000000000000000e+00 0.000000000000000e+00 1.000000000000000e+00
0.000000000000000e+00 0.000000000000000e+00 1.000000000000000e+00
0.000000000000000e+00 0.000000000000000e+00 1.000000000000000e+00
0.000000000000000e+00 0.000000000000000e+00 1.000000000000000e+00
0.000000000000000e+00 0.000000000000000e+00 1.000000000000000e+00
0.000000000000000e+00 0.000000000000000e+00 1.000000000000000e+00
0.000000000000000e+00 0.000000000000000e+00 1.000000000000000e+00
0.000000000000000e+00 0.000000000000000e+00 1.000000000000000e+00
0.000000000000000e+00 0.000000000000000e+00 1.000000000000000e+00
0.000000000000000e+00 0.000000000000000e+00 1.000000000000000e+00
0.000000000000000e+00 0.000000000000000e+00 1.000000000000000e+00
0.000000000000000e+00 0.000000000000000e+00 1.000000000000000e+00
0.000000000000000e+00 0.000000000000000e+00 1.000000000000000e+00
0.000000000000000e+00 0.000000000000000e+00 1.000000000000000e+00
0.000000000000000e+00 0.000000000000000e+00 1.000000000000000e+00
0.000000000000000e+00 0.000000000000000e+00 1.000000000000000e+00
0.000000000000000e+00 0.000000000000000e+00 1.000000000000000e+00
0.000000000000000e+00 0.000000000000000e+00 1.000000000000000e+00
0.000000000000000e+00 0.000000000000000e+00 1.000000000000000e+00
0.000000000000000e+00 0.000000000000000e+00 1.000000000000000e+00
0.000000000000000e+00 0.000000000000000e+00 1.000000000000000e+00
0.000000000000000e+00 0.000000000000000e+00 1.000000000000000e+00
0.000000000000000e+00 0.000000000000000e+00 1.000000000000000e+00
0.000000000000000e+00 0.000000000000000e+00 1.000000000000000e+00
0.000000000000000e+00 0.000000000000000e+00 1.000000000000000e+00
0.000000000000000e+00 0.000000000000000e+00 1.000000000000000e+00
0.000000000000000e+00 0.000000000000000e+00 1.000000000000000e+00
0.000000000000000e+00 0.000000000000000e+00 1.000000000000000e+00
0.000000000000000e+00 0.000000000000000e+00 1.000000000000000e+00
0.000000000000000e+00 0.000000000000000e+00 1.000000000000000e+00
0.000000000000000e+00 0.000000000000000e+00 1.000000000000000e+00
0.000000000000000e+00 0.000000000000000e+00 1.000000000000000e+00
0.000000000000000e+00 0.000000000000000e+00 1.000000000000000e+00
0.000000000000000e+00 0.000000000000000e+00 1.000000000000000e+00
0.000000000000000e+00 0.000000000000000e+00 1.000000000000000e+00
0.000000000000000e+00 0.000000000000000e+00 1.000000000000000e+00
0.000000000000000e+00 0.000000000000000e+00 1.000000000000000e+00
0.000000000000000e+00 0.000000000000000e+00 1.000000000000000e+00
0.000000000000000e+00 0.000000000000000e+00 1.000000000000000e+00
0.000000000000000e+00 0.000000000000000e+00 1.000000000000000e+00
0.000000000000000e+00 0.000000000000000e+00 1.000000000000000e+00
0.000000000000000e+00 0.000000000000000e+00 1.000000000000000e+00
0.000000000000000e+00 0.000000000000000e+00 1.000000000000000e+00
0.000000000000000e+00 0.000000000000000e+00 1.000000000000000e+00
0.000000000000000e+00 0.000000000000000e+00 1.000000000000000e+00
0.000000000000000e+00 0.000000000000000e+00 1.000000000000000e+00
0.000000000000000e+00 0.000000000000000e+00 1.000000000000000e+00
0.000000000000000e+00 0.000000000000000e+00 1.000000000000000e+00
0.000000000000000e+00 0.000000000000000e+00 1.000000000000000e+00
0.000000000000000e+00 0.000000000000000e+00 1.000000000000000e+00
0.000000000000000e+00 0.000000000000000e+00 1.000000000000000e+00
0.000000000000000e+00 0.000000000000000e+00 1.000000000000000e+00
0.000000000000000e+00 0.000000000000000e+00 1.000000000000000e+00
0.000000000000000e+00 0.000000000000000e+00 1.000000000000000e+00
0.000000000000000e+00 0.000000000000000e+00 1.000000000000000e+00
0.000000000000000e+00 0.000000000000000e+00 1.000000000000000e+00
0.000000000000000e+00 0.000000000000000e+00 1.000000000000000e+00
0.000000000000000e+00 0.000000000000000e+00 1.000000000000000e+00
0.000000000000000e+00 0.000000000000000e+00 1.000000000000000e+00
0.000000000000000e+00 0.000000000000000e+00 1.000000000000000e+00
0.000000000000000e+00 0.000000000000000e+00 1.000000000000000e+00
0.000000000000000e+00 0.000000000000000e+00 1.000000000000000e+00
0.000000000000000e+00 0.000000000000000e+00 1.000000000000000e+00
0.000000000000000e+00 0.000000000000000e+00 1.000000000000000e+00
0.000000000000000e+00 0.000000000000000e+00 1.000000000000000e+00
0.000000000000000e+00 0.000000000000000e+00 1.000000000000000e+00
0.000000000000000e+00 0.000000000000000e+00 1.000000000000000e+00
0.000000000000000e+00 0.000000000000000e+00 1.000000000000000e+00
0.000000000000000e+00 0.000000000000000e+00 1.000000000000000e+00
0.000000000000000e+00 0.000000000000000e+00 1.000000000000000e+00
0.000000000000000e+00 0.000000000000000e+00 1.000000000000000e+00
0.000000000000000e+00 0.000000000000000e+00 1.000000000000000e+00
0.000000000000000e+00 0.000000000000000e+00 1.000000000000000e+00
0.000000000000000e+00 0.000000000000000e+00 1.000000000000000e+00
0.000000000000000e+00 0.000000000000000e+00 1.000000000000000e+00
0.000000000000000e+00 0.000000000000000e+00 1.000000000000000e+00
0.000000000000000e+00 0.000000000000000e+00 1.000000000000000e+00
0.000000000000000e+00 0.000000000000000e+00 1.000000000000000e+00
0.000000000000000e+00 0.000000000000000e+00 1.000000000000000e+00
0.000000000000000e+00 0.000000000000000e+00 1.000000000000000e+00
0.000000000000000e+00 0.000000000000000e+00 1.000000000000000e+00
0.000000000000000e+00 0.000000000000000e+00 1.000000000000000e+00
0.000000000000000e+00 0.000000000000000e+00 1.000000000000000e+00
0.000000000000000e+00 0.000000000000000e+00 1.000000000000000e+00
0.000000000000000e+00 0.000000000000000e+00 1.000000000000000e+00
0.000000000000000e+00 0.000000000000000e+00 1.000000000000000e+00
0.000000000000000e+00 0.000000000000000e+00 1.000000000000000e+00
0.000000000000000e+00 0.000000000000000e+00 1.000000000000000e+00
0.000000000000000e+00 0.000000000000000e+00 1.000000000000000e+00
0.000000000000000e+00 0.000000000000000e+00 1.000000000000000e+00
0.000000000000000e+00 0.000000000000000e+00 1.000000000000000e+00
0.000000000000000e+00 0.000000000000000e+00 1.000000000000000e+00
0.000000000000000e+00 0.000000000000000e+00 1.000000000000000e+00
0.000000000000000e+00 0.000000000000000e+00 1.000000000000000e+00
0.000000000000000e+00 0.000000000000000e+00 1.000000000000000e+00
0.000000000000000e+00 0.000000000000000e+00 1.000000000000000e+00
0.000000000000000e+00 0.000000000000000e+00 1.000000000000000e+00
0.000000000000000e+00 0.000000000000000e+00 1.000000000000000e+00
0.000000000000000e+00 0.000000000000000e+00 1.000000000000000e+00
0.000000000000000e+00 0.000000000000000e+00 1.000000000000000e+00
0.000000000000000e+00 0.000000000000000e+00 1.000000000000000e+00
0.000000000000000e+00 0.000000000000000e+00 1.000000000000000e+00
0.000000000000000e+00 0.000000000000000e+00 1.000000000000000e+00
0.000000000000000e+00 0.000000000000000e+00 1.000000000000000e+00
0.000000000000000e+00 0.000000000000000e+00 1.000000000000000e+00
0.000000000000000e+00 0.000000000000000e+00 1.000000000000000e+00
0.000000000000000e+00 0.000000000000000e+00 1.000000000000000e+00
0.000000000000000e+00 0.000000000000000e+00 1.000000000000000e+00
0.000000000000000e+00 0.000000000000000e+00 1.000000000000000e+00
0.000000000000000e+00 0.000000000000000e+00 1.000000000000000e+00
0.000000000000000e+00 0.000000000000000e+00 1.000000000000000e+00
0.000000000000000e+00 0.000000000000000e+00 1.000000000000000e+00
0.000000000000000e+00 0.000000000000000e+00 1.000000000000000e+00
0.000000000000000e+00 0.000000000000000e+00 1.000000000000000e+00
0.000000000000000e+00 0.000000000000000e+00 1.000000000000000e+00
0.000000000000000e+00 0.000000000000000e+00 1.000000000000000e+00
0.000000000000000e+00 0.000000000000000e+00 1.000000000000000e+00
0.000000000000000e+00 0.000000000000000e+00 1.000000000000000e+00
0.000000000000000e+00 0.000000000000000e+00 1.000000000000000e+00
0.000000000000000e+00 0.000000000000000e+00 1.000000000000000e+00
0.000000000000000e+00 0.000000000000000e+00 1.000000000000000e+00
0.000000000000000e+00 0.000000000000000e+00 1.000000000000000e+00
0.000000000000000e+00 0.000000000000000e+00 1.000000000000000e+00
0.000000000000000e+00 0.000000000000000e+00 1.000000000000000e+00
0.000000000000000e+00 0.000000000000000e+00 1.000000000000000e+00
0.000000000000000e+00 0.000000000000000e+00 1.000000000000000e+00
0.000000000000000e+00 0.000000000000000e+00 1.000000000000000e+00
0.000000000000000e+00 0.000000000000000e+00 1.000000000000000e+00
0.000000000000000e+00 0.000000000000000e+00 1.000000000000000e+00
0.000000000000000e+00 0.000000000000000e+00 1.000000000000000e+00
0.000000000000000e+00 0.000000000000000e+00 1.000000000000000e+00
0.000000000000000e+00 0.000000000000000e+00 1.000000000000000e+00
0.000000000000000e+00 0.000000000000000e+00 1.000000000000000e+00
0.000000000000000e+00 0.000000000000000e+00 1.000000000000000e+00
0.000000000000000e+00 0.000000000000000e+00 1.000000000000000e+00
0.000000000000000e+00 0.000000000000000e+00 1.000000000000000e+00
0.000000000000000e+00 0.000000000000000e+00 1.000000000000000e+00
0.000000000000000e+00 0.000000000000000e+00 1.000000000000000e+00
0.000000000000000e+00 0.000000000000000e+00 1.000000000000000e+00
0.000000000000000e+00 0.000000000000000e+00 1.000000000000000e+00
0.000000000000000e+00 0.000000000000000e+00 1.000000000000000e+00
0.000000000000000e+00 0.000000000000000e+00 1.000000000000000e+00
0.000000000000000e+00 0.000000000000000e+00 1.000000000000000e+00
0.000000000000000e+00 0.000000000000000e+00 1.000000000000000e+00
0.000000000000000e+00 0.000000000000000e+00 1.000000000000000e+00
0.000000000000000e+00 0.000000000000000e+00 1.000000000000000e+00
0.000000000000000e+00 0.000000000000000e+00 1.000000000000000e+00
0.000000000000000e+00 0.000000000000000e+00 1.000000000000000e+00
0.000000000000000e+00 0.000000000000000e+00 1.000000000000000e+00
0.000000000000000e+00 0.000000000000000e+00 1.000000000000000e+00
0.000000000000000e+00 0.000000000000000e+00 1.000000000000000e+00
0.000000000000000e+00 0.000000000000000e+00 1.000000000000000e+00
0.000000000000000e+00 0.000000000000000e+00 1.000000000000000e+00
0.000000000000000e+00 0.000000000000000e+00 1.000000000000000e+00
0.000000000000000e+00 0.000000000000000e+00 1.000000000000000e+00
0.000000000000000e+00 0.000000000000000e+00 1.000000000000000e+00
0.000000000000000e+00 0.000000000000000e+00 1.000000000000000e+00
0.000000000000000e+00 0.000000000000000e+00 1.000000000000000e+00
0.000000000000000e+00 0.000000000000000e+00 1.000000000000000e+00
0.000000000000000e+00 0.000000000000000e+00 1.000000000000000e+00
0.000000000000000e+00 0.000000000000000e+00 1.000000000000000e+00
0.000000000000000e+00 0.000000000000000e+00 1.000000000000000e+00
0.000000000000000e+00 0.000000000000000e+00 1.000000000000000e+00
0.000000000000000e+00 0.000000000000000e+00 1.000000000000000e+00
0.000000000000000e+00 0.000000000000000e+00 1.000000000000000e+00
0.000000000000000e+00 0.000000000000000e+00 1.000000000000000e+00
0.000000000000000e+00 0.000000000000000e+00 1.000000000000000e+00
0.000000000000000e+00 0.000000000000000e+00 1.000000000000000e+00
0.000000000000000e+00 0.000000000000000e+00 1.000000000000000e+00
0.000000000000000e+00 0.000000000000000e+00 1.000000000000000e+00
0.000000000000000e+00 0.000000000000000e+00 1.000000000000000e+00
0.000000000000000e+00 0.000000000000000e+00 1.000000000000000e+00
0.000000000000000e+00 0.000000000000000e+00 1.000000000000000e+00
0.000000000000000e+00 0.000000000000000e+00 1.000000000000000e+00
0.000000000000000e+00 0.000000000000000e+00 1.000000000000000e+00
0.000000000000000e+00 0.000000000000000e+00 1.000000000000000e+00
0.000000000000000e+00 0.000000000000000e+00 1.000000000000000e+00
0.000000000000000e+00 0.000000000000000e+00 1.000000000000000e+00
0.000000000000000e+00 0.000000000000000e+00 1.000000000000000e+00
0.000000000000000e+00 0.000000000000000e+00 1.000000000000000e+00
0.000000000000000e+00 0.000000000000000e+00 1.000000000000000e+00
0.000000000000000e+00 0.000000000000000e+00 1.000000000000000e+00
0.000000000000000e+00 0.000000000000000e+00 1.000000000000000e+00
0.000000000000000e+00 0.000000000000000e+00 1.000000000000000e+00
0.000000000000000e+00 0.000000000000000e+00 1.000000000000000e+00
0.000000000000000e+00 0.000000000000000e+00 1.000000000000000e+00
0.000000000000000e+00 0.000000000000000e+00 1.000000000000000e+00
0.000000000000000e+00 0.000000000000000e+00 1.000000000000000e+00
0.000000000000000e+00 0.000000000000000e+00 1.000000000000000e+00
0.000000000000000e+00 0.000000000000000e+00 1.000000000000000e+00
0.000000000000000e+00 0.000000000000000e+00 1.000000000000000e+00
0.000000000000000e+00 0.000000000000000e+00 1.000000000000000e+00
0.000000000000000e+00 0.000000000000000e+00 1.000000000000000e+00
0.000000000000000e+00 0.000000000000000e+00 1.000000000000000e+00
0.000000000000000e+00 0.000000000000000e+00 1.000000000000000e+00
0.000000000000000e+00 0.000000000000000e+00 1.000000000000000e+00
0.000000000000000e+00 0.000000000000000e+00 1.000000000000000e+00
0.000000000000000e+00 0.000000000000000e+00 1.000000000000000e+00
0.000000000000000e+00 0.000000000000000e+00 1.000000000000000e+00
0.000000000000000e+00 0.000000000000000e+00 1.000000000000000e+00
0.000000000000000e+00 0.000000000000000e+00 1.000000000000000e+00
0.000000000000000e+00 0.000000000000000e+00 1.000000000000000e+00
0.000000000000000e+00 0.000000000000000e+00 1.000000000000000e+00
0.000000000000000e+00 0.000000000000000e+00 1.000000000000000e+00
0.000000000000000e+00 0.000000000000000e+00 1.000000000000000e+00
0.000000000000000e+00 0.000000000000000e+00 1.000000000000000e+00
0.000000000000000e+00 0.000000000000000e+00 1.000000000000000e+00
0.000000000000000e+00 0.000000000000000e+00 1.000000000000000e+00
0.000000000000000e+00 0.000000000000000e+00 1.000000000000000e+00
0.000000000000000e+00 0.000000000000000e+00 1.000000000000000e+00
0.000000000000000e+00 0.000000000000000e+00 1.000000000000000e+00
0.000000000000000e+00 0.000000000000000e+00 1.000000000000000e+00
0.000000000000000e+00 0.000000000000000e+00 1.000000000000000e+00
0.000000000000000e+00 0.000000000000000e+00 1.000000000000000e+00
0.000000000000000e+00 0.000000000000000e+00 1.000000000000000e+00
0.000000000000000e+00 0.000000000000000e+00 1.000000000000000e+00
0.000000000000000e+00 0.000000000000000e+00 1.000000000000000e+00
0.000000000000000e+00 0.000000000000000e+00 1.000000000000000e+00
0.000000000000000e+00 0.000000000000000e+00 1.000000000000000e+00
0.000000000000000e+00 0.000000000000000e+00 1.000000000000000e+00
0.000000000000000e+00 0.000000000000000e+00 1.000000000000000e+00
0.000000000000000e+00 0.000000000000000e+00 1.000000000000000e+00
0.000000000000000e+00 0.000000000000000e+00 1.000000000000000e+00
0.000000000000000e+00 0.000000000000000e+00 1.000000000000000e+00
0.000000000000000e+00 0.000000000000000e+00 1.000000000000000e+00
0.000000000000000e+00 0.000000000000000e+00 1.000000000000000e+00
0.000000000000000e+00 0.000000000000000e+00 1.000000000000000e+00
0.000000000000000e+00 0.000000000000000e+00 1.000000000000000e+00
0.000000000000000e+00 0.000000000000000e+00 1.000000000000000e+00
0.000000000000000e+00 0.000000000000000e+00 1.000000000000000e+00
0.000000000000000e+00 0.000000000000000e+00 1.000000000000000e+00
0.000000000000000e+00 0.000000000000000e+00 1.000000000000000e+00
0.000000000000000e+00 0.000000000000000e+00 1.000000000000000e+00
0.000000000000000e+00 0.000000000000000e+00 1.000000000000000e+00
0.000000000000000e+00 0.000000000000000e+00 1.000000000000000e+00
0.000000000000000e+00 0.000000000000000e+00 1.000000000000000e+00
0.000000000000000e+00 0.000000000000000e+00 1.000000000000000e+00
0.000000000000000e+00 0.000000000000000e+00 1.000000000000000e+00
0.000000000000000e+00 0.000000000000000e+00 1.000000000000000e+00
0.000000000000000e+00 0.000000000000000e+00 1.000000000000000e+00
0.000000000000000e+00 0.000000000000000e+00 1.000000000000000e+00
0.000000000000000e+00 0.000000000000000e+00 1.000000000000000e+00
0.000000000000000e+00 0.000000000000000e+00 1.000000000000000e+00
0.000000000000000e+00 0.000000000000000e+00 1.000000000000000e+00
0.000000000000000e+00 0.000000000000000e+00 1.000000000000000e+00
0.000000000000000e+00 0.000000000000000e+00 1.000000000000000e+00
0.000000000000000e+00 0.000000000000000e+00 1.000000000000000e+00
0.000000000000000e+00 0.000000000000000e+00 1.000000000000000e+00
0.000000000000000e+00 0.000000000000000e+00 1.000000000000000e+00
0.000000000000000e+00 0.000000000000000e+00 1.000000000000000e+00
0.000000000000000e+00 0.000000000000000e+00 1.000000000000000e+00
0.000000000000000e+00 0.000000000000000e+00 1.000000000000000e+00
0.000000000000000e+00 0.000000000000000e+00 1.000000000000000e+00
0.000000000000000e+00 0.000000000000000e+00 1.000000000000000e+00
0.000000000000000e+00 0.000000000000000e+00 1.000000000000000e+00
0.000000000000000e+00 0.000000000000000e+00 1.000000000000000e+00
0.000000000000000e+00 0.000000000000000e+00 1.000000000000000e+00
0.000000000000000e+00 0.000000000000000e+00 1.000000000000000e+00
0.000000000000000e+00 0.000000000000000e+00 1.000000000000000e+00
0.000000000000000e+00 0.000000000000000e+00 1.000000000000000e+00
0.000000000000000e+00 0.000000000000000e+00 1.000000000000000e+00
0.000000000000000e+00 0.000000000000000e+00 1.000000000000000e+00
0.000000000000000e+00 0.000000000000000e+00 1.000000000000000e+00
0.000000000000000e+00 0.000000000000000e+00 1.000000000000000e+00
0.000000000000000e+00 0.000000000000000e+00 1.000000000000000e+00
0.000000000000000e+00 0.000000000000000e+00 1.000000000000000e+00
0.000000000000000e+00 0.000000000000000e+00 1.000000000000000e+00
0.000000000000000e+00 0.000000000000000e+00 1.000000000000000e+00
0.000000000000000e+00 0.000000000000000e+00 1.000000000000000e+00
0.000000000000000e+00 0.000000000000000e+00 1.000000000000000e+00
0.000000000000000e+00 0.000000000000000e+00 1.000000000000000e+00
0.000000000000000e+00 0.000000000000000e+00 1.000000000000000e+00
0.000000000000000e+00 0.000000000000000e+00 1.000000000000000e+00
0.000000000000000e+00 0.000000000000000e+00 1.000000000000000e+00
0.000000000000000e+00 0.000000000000000e+00 1.000000000000000e+00
0.000000000000000e+00 0.000000000000000e+00 1.000000000000000e+00
0.000000000000000e+00 0.000000000000000e+00 1.000000000000000e+00
0.000000000000000e+00 0.000000000000000e+00 1.000000000000000e+00
0.000000000000000e+00 0.000000000000000e+00 1.000000000000000e+00
0.000000000000000e+00 0.000000000000000e+00 1.000000000000000e+00
0.000000000000000e+00 0.000000000000000e+00 1.000000000000000e+00
0.000000000000000e+00 0.000000000000000e+00 1.000000000000000e+00
0.000000000000000e+00 0.000000000000000e+00 1.000000000000000e+00
0.000000000000000e+00 0.000000000000000e+00 1.000000000000000e+00
0.000000000000000e+00 0.000000000000000e+00 1.000000000000000e+00
0.000000000000000e+00 0.000000000000000e+00 1.000000000000000e+00
0.000000000000000e+00 0.000000000000000e+00 1.000000000000000e+00
0.000000000000000e+00 0.000000000000000e+00 1.000000000000000e+00
0.000000000000000e+00 0.000000000000000e+00 1.000000000000000e+00
0.000000000000000e+00 0.000000000000000e+00 1.000000000000000e+00
0.000000000000000e+00 0.000000000000000e+00 1.000000000000000e+00
0.000000000000000e+00 0.000000000000000e+00 1.000000000000000e+00
0.000000000000000e+00 0.000000000000000e+00 1.000000000000000e+00
0.000000000000000e+00 0.000000000000000e+00 1.000000000000000e+00
0.000000000000000e+00 0.000000000000000e+00 1.000000000000000e+00
0.000000000000000e+00 0.000000000000000e+00 1.000000000000000e+00
0.000000000000000e+00 0.000000000000000e+00 1.000000000000000e+00
0.000000000000000e+00 0.000000000000000e+00 1.000000000000000e+00
0.000000000000000e+00 0.000000000000000e+00 1.000000000000000e+00
0.000000000000000e+00 0.000000000000000e+00 1.000000000000000e+00
0.000000000000000e+00 0.000000000000000e+00 1.000000000000000e+00
0.000000000000000e+00 0.000000000000000e+00 1.000000000000000e+00
0.000000000000000e+00 0.000000000000000e+00 1.000000000000000e+00
0.000000000000000e+00 0.000000000000000e+00 1.000000000000000e+00
0.000000000000000e+00 0.000000000000000e+00 1.000000000000000e+00
0.000000000000000e+00 0.000000000000000e+00 1.000000000000000e+00
0.000000000000000e+00 0.000000000000000e+00 1.000000000000000e+00
0.000000000000000e+00 0.000000000000000e+00 1.000000000000000e+00
0.000000000000000e+00 0.000000000000000e+00 1.000000000000000e+00
0.000000000000000e+00 0.000000000000000e+00 1.000000000000000e+00
0.000000000000000e+00 0.000000000000000e+00 1.000000000000000e+00
0.000000000000000e+00 0.000000000000000e+00 1.000000000000000e+00
0.000000000000000e+00 0.000000000000000e+00 1.000000000000000e+00
0.000000000000000e+00 0.000000000000000e+00 1.000000000000000e+00
0.000000000000000e+00 0.000000000000000e+00 1.000000000000000e+00
0.000000000000000e+00 0.000000000000000e+00 1.000000000000000e+00
0.000000000000000e+00 0.000000000000000e+00 1.000000000000000e+00
0.000000000000000e+00 0.000000000000000e+00 1.000000000000000e+00
0.000000000000000e+00 0.000000000000000e+00 1.000000000000000e+00
0.000000000000000e+00 0.000000000000000e+00 1.000000000000000e+00
0.000000000000000e+00 0.000000000000000e+00 1.000000000000000e+00
0.000000000000000e+00 0.000000000000000e+00 1.000000000000000e+00
0.000000000000000e+00 0.000000000000000e+00 1.000000000000000e+00
0.000000000000000e+00 0.000000000000000e+00 1.000000000000000e+00
0.000000000000000e+00 0.000000000000000e+00 1.000000000000000e+00
0.000000000000000e+00 0.000000000000000e+00 1.000000000000000e+00
0.000000000000000e+00 0.000000000000000e+00 1.000000000000000e+00
0.000000000000000e+00 0.000000000000000e+00 1.000000000000000e+00
0.000000000000000e+00 0.000000000000000e+00 1.000000000000000e+00
0.000000000000000e+00 0.000000000000000e+00 1.000000000000000e+00
0.000000000000000e+00 0.000000000000000e+00 1.000000000000000e+00
0.000000000000000e+00 0.000000000000000e+00 1.000000000000000e+00
0.000000000000000e+00 0.000000000000000e+00 1.000000000000000e+00
0.000000000000000e+00 0.000000000000000e+00 1.000000000000000e+00
0.000000000000000e+00 0.000000000000000e+00 1.000000000000000e+00
0.000000000000000e+00 0.000000000000000e+00 1.000000000000000e+00
0.000000000000000e+00 0.000000000000000e+00 1.000000000000000e+00
0.000000000000000e+00 0.000000000000000e+00 1.000000000000000e+00
0.000000000000000e+00 0.000000000000000e+00 1.000000000000000e+00
0.000000000000000e+00 0.000000000000000e+00 1.000000000000000e+00
0.000000000000000e+00 0.000000000000000e+00 1.000000000000000e+00
0.000000000000000e+00 0.000000000000000e+00 1.000000000000000e+00
0.000000000000000e+00 0.000000000000000e+00 1.000000000000000e+00
0.000000000000000e+00 0.000000000000000e+00 1.000000000000000e+00
0.000000000000000e+00 0.000000000000000e+00 1.000000000000000e+00
0.000000000000000e+00 0.000000000000000e+00 1.000000000000000e+00
0.000000000000000e+00 0.000000000000000e+00 1.000000000000000e+00
0.000000000000000e+00 0.000000000000000e+00 1.000000000000000e+00
0.000000000000000e+00 0.000000000000000e+00 1.000000000000000e+00
0.000000000000000e+00 0.000000000000000e+00 1.000000000000000e+00
0.000000000000000e+00 0.000000000000000e+00 1.000000000000000e+00
0.000000000000000e+00 0.000000000000000e+00 1.000000000000000e+00
0.000000000000000e+00 0.000000000000000e+00 1.000000000000000e+00
0.000000000000000e+00 0.000000000000000e+00 1.000000000000000e+00
0.000000000000000e+00 0.000000000000000e+00 1.000000000000000e+00
0.000000000000000e+00 0.000000000000000e+00 1.000000000000000e+00
0.000000000000000e+00 0.000000000000000e+00 1.000000000000000e+00
0.000000000000000e+00 0.000000000000000e+00 1.000000000000000e+00
0.000000000000000e+00 0.000000000000000e+00 1.000000000000000e+00
0.000000000000000e+00 0.000000000000000e+00 1.000000000000000e+00
0.000000000000000e+00 0.000000000000000e+00 1.000000000000000e+00
0.000000000000000e+00 0.000000000000000e+00 1.000000000000000e+00
0.000000000000000e+00 0.000000000000000e+00 1.000000000000000e+00
0.000000000000000e+00 0.000000000000000e+00 1.000000000000000e+00
0.000000000000000e+00 0.000000000000000e+00 1.000000000000000e+00
0.000000000000000e+00 0.000000000000000e+00 1.000000000000000e+00
0.000000000000000e+00 0.000000000000000e+00 1.000000000000000e+00
0.000000000000000e+00 0.000000000000000e+00 1.000000000000000e+00
0.000000000000000e+00 0.000000000000000e+00 1.000000000000000e+00
0.000000000000000e+00 0.000000000000000e+00 1.000000000000000e+00
0.000000000000000e+00 0.000000000000000e+00 1.000000000000000e+00
0.000000000000000e+00 0.000000000000000e+00 1.000000000000000e+00
0.000000000000000e+00 0.000000000000000e+00 1.000000000000000e+00
0.000000000000000e+00 0.000000000000000e+00 1.000000000000000e+00
0.000000000000000e+00 0.000000000000000e+00 1.000000000000000e+00
0.000000000000000e+00 0.000000000000000e+00 1.000000000000000e+00
0.000000000000000e+00 0.000000000000000e+00 1.000000000000000e+00
0.000000000000000e+00 0.000000000000000e+00 1.000000000000000e+00
0.000000000000000e+00 0.000000000000000e+00 1.000000000000000e+00
0.000000000000000e+00 0.000000000000000e+00 1.000000000000000e+00
0.000000000000000e+00 0.000000000000000e+00 1.000000000000000e+00
0.000000000000000e+00 0.000000000000000e+00 1.000000000000000e+00
0.000000000000000e+00 0.000000000000000e+00 1.000000000000000e+00
0.000000000000000e+00 0.000000000000000e+00 1.000000000000000e+00
0.000000000000000e+00 0.000000000000000e+00 1.000000000000000e+00
0.000000000000000e+00 0.000000000000000e+00 1.000000000000000e+00
0.000000000000000e+00 0.000000000000000e+00 1.000000000000000e+00
0.000000000000000e+00 0.000000000000000e+00 1.000000000000000e+00
0.000000000000000e+00 0.000000000000000e+00 1.000000000000000e+00
0.000000000000000e+00 0.000000000000000e+00 1.000000000000000e+00
0.000000000000000e+00 0.000000000000000e+00 1.000000000000000e+00
0.000000000000000e+00 0.000000000000000e+00 1.000000000000000e+00
0.000000000000000e+00 0.000000000000000e+00 1.000000000000000e+00
0.000000000000000e+00 0.000000000000000e+00 1.000000000000000e+00
0.000000000000000e+00 0.000000000000000e+00 1.000000000000000e+00
0.000000000000000e+00 0.000000000000000e+00 1.000000000000000e+00
0.000000000000000e+00 0.000000000000000e+00 1.000000000000000e+00
0.000000000000000e+00 0.000000000000000e+00 1.000000000000000e+00
0.000000000000000e+00 0.000000000000000e+00 1.000000000000000e+00
0.000000000000000e+00 0.000000000000000e+00 1.000000000000000e+00
0.000000000000000e+00 0.000000000000000e+00 1.000000000000000e+00
0.000000000000000e+00 0.000000000000000e+00 1.000000000000000e+00
0.000000000000000e+00 0.000000000000000e+00 1.000000000000000e+00
0.000000000000000e+00 0.000000000000000e+00 1.000000000000000e+00
0.000000000000000e+00 0.000000000000000e+00 1.000000000000000e+00
0.000000000000000e+00 0.000000000000000e+00 1.000000000000000e+00
0.000000000000000e+00 0.000000000000000e+00 1.000000000000000e+00
0.000000000000000e+00 0.000000000000000e+00 1.000000000000000e+00
0.000000000000000e+00 0.000000000000000e+00 1.000000000000000e+00
0.000000000000000e+00 0.000000000000000e+00 1.000000000000000e+00
0.000000000000000e+00 0.000000000000000e+00 1.000000000000000e+00
0.000000000000000e+00 0.000000000000000e+00 1.000000000000000e+00
0.000000000000000e+00 0.000000000000000e+00 1.000000000000000e+00
0.000000000000000e+00 0.000000000000000e+00 1.000000000000000e+00
0.000000000000000e+00 0.000000000000000e+00 1.000000000000000e+00
0.000000000000000e+00 0.000000000000000e+00 1.000000000000000e+00
0.000000000000000e+00 0.000000000000000e+00 1.000000000000000e+00
0.000000000000000e+00 0.000000000000000e+00 1.000000000000000e+00
0.000000000000000e+00 0.000000000000000e+00 1.000000000000000e+00
0.000000000000000e+00 0.000000000000000e+00 1.000000000000000e+00
0.000000000000000e+00 0.000000000000000e+00 1.000000000000000e+00
0.000000000000000e+00 0.000000000000000e+00 1.000000000000000e+00
0.000000000000000e+00 0.000000000000000e+00 1.000000000000000e+00
0.000000000000000e+00 0.000000000000000e+00 1.000000000000000e+00
0.000000000000000e+00 0.000000000000000e+00 1.000000000000000e+00
0.000000000000000e+00 0.000000000000000e+00 1.000000000000000e+00
0.000000000000000e+00 0.000000000000000e+00 1.000000000000000e+00
0.000000000000000e+00 0.000000000000000e+00 1.000000000000000e+00
0.000000000000000e+00 0.000000000000000e+00 1.000000000000000e+00
0.000000000000000e+00 0.000000000000000e+00 1.000000000000000e+00
0.000000000000000e+00 0.000000000000000e+00 1.000000000000000e+00
0.000000000000000e+00 0.000000000000000e+00 1.000000000000000e+00
0.000000000000000e+00 0.000000000000000e+00 1.000000000000000e+00
0.000000000000000e+00 0.000000000000000e+00 1.000000000000000e+00
0.000000000000000e+00 0.000000000000000e+00 1.000000000000000e+00
0.000000000000000e+00 0.000000000000000e+00 1.000000000000000e+00
0.000000000000000e+00 0.000000000000000e+00 1.000000000000000e+00
0.000000000000000e+00 0.000000000000000e+00 1.000000000000000e+00
0.000000000000000e+00 0.000000000000000e+00 1.000000000000000e+00
0.000000000000000e+00 0.000000000000000e+00 1.000000000000000e+00
0.000000000000000e+00 0.000000000000000e+00 1.000000000000000e+00
0.000000000000000e+00 0.000000000000000e+00 1.000000000000000e+00
0.000000000000000e+00 0.000000000000000e+00 1.000000000000000e+00
0.000000000000000e+00 0.000000000000000e+00 1.000000000000000e+00
0.000000000000000e+00 0.000000000000000e+00 1.000000000000000e+00
0.000000000000000e+00 0.000000000000000e+00 1.000000000000000e+00
0.000000000000000e+00 0.000000000000000e+00 1.000000000000000e+00
0.000000000000000e+00 0.000000000000000e+00 1.000000000000000e+00
0.000000000000000e+00 0.000000000000000e+00 1.000000000000000e+00
0.000000000000000e+00 0.000000000000000e+00 1.000000000000000e+00
0.000000000000000e+00 0.000000000000000e+00 1.000000000000000e+00
0.000000000000000e+00 0.000000000000000e+00 1.000000000000000e+00
0.000000000000000e+00 0.000000000000000e+00 1.000000000000000e+00
0.000000000000000e+00 0.000000000000000e+00 1.000000000000000e+00
0.000000000000000e+00 0.000000000000000e+00 1.000000000000000e+00
0.000000000000000e+00 0.000000000000000e+00 1.000000000000000e+00
0.000000000000000e+00 0.000000000000000e+00 1.000000000000000e+00
0.000000000000000e+00 0.000000000000000e+00 1.000000000000000e+00
0.000000000000000e+00 0.000000000000000e+00 1.000000000000000e+00
0.000000000000000e+00 0.000000000000000e+00 1.000000000000000e+00
0.000000000000000e+00 0.000000000000000e+00 1.000000000000000e+00
0.000000000000000e+00 0.000000000000000e+00 1.000000000000000e+00
0.000000000000000e+00 0.000000000000000e+00 1.000000000000000e+00
0.000000000000000e+00 0.000000000000000e+00 1.000000000000000e+00
0.000000000000000e+00 0.000000000000000e+00 1.000000000000000e+00
0.000000000000000e+00 0.000000000000000e+00 1.000000000000000e+00
0.000000000000000e+00 0.000000000000000e+00 1.000000000000000e+00
0.000000000000000e+00 0.000000000000000e+00 1.000000000000000e+00
0.000000000000000e+00 0.000000000000000e+00 1.000000000000000e+00
0.000000000000000e+00 0.000000000000000e+00 1.000000000000000e+00
0.000000000000000e+00 0.000000000000000e+00 1.000000000000000e+00
0.000000000000000e+00 0.000000000000000e+00 1.000000000000000e+00
0.000000000000000e+00 0.000000000000000e+00 1.000000000000000e+00
0.000000000000000e+00 0.000000000000000e+00 1.000000000000000e+00
0.000000000000000e+00 0.000000000000000e+00 1.000000000000000e+00
0.000000000000000e+00 0.000000000000000e+00 1.000000000000000e+00
0.000000000000000e+00 0.000000000000000e+00 1.000000000000000e+00
0.000000000000000e+00 0.000000000000000e+00 1.000000000000000e+00
0.000000000000000e+00 0.000000000000000e+00 1.000000000000000e+00
0.000000000000000e+00 0.000000000000000e+00 1.000000000000000e+00
0.000000000000000e+00 0.000000000000000e+00 1.000000000000000e+00
0.000000000000000e+00 0.000000000000000e+00 1.000000000000000e+00
0.000000000000000e+00 0.000000000000000e+00 1.000000000000000e+00
0.000000000000000e+00 0.000000000000000e+00 1.000000000000000e+00
0.000000000000000e+00 0.000000000000000e+00 1.000000000000000e+00
0.000000000000000e+00 0.000000000000000e+00 1.000000000000000e+00
0.000000000000000e+00 0.000000000000000e+00 1.000000000000000e+00
0.000000000000000e+00 0.000000000000000e+00 1.000000000000000e+00
0.000000000000000e+00 0.000000000000000e+00 1.000000000000000e+00
0.000000000000000e+00 0.000000000000000e+00 1.000000000000000e+00
0.000000000000000e+00 0.000000000000000e+00 1.000000000000000e+00
0.000000000000000e+00 0.000000000000000e+00 1.000000000000000e+00
0.000000000000000e+00 0.000000000000000e+00 1.000000000000000e+00
0.000000000000000e+00 0.000000000000000e+00 1.000000000000000e+00
0.000000000000000e+00 0.000000000000000e+00 1.000000000000000e+00
0.000000000000000e+00 0.000000000000000e+00 1.000000000000000e+00
0.000000000000000e+00 0.000000000000000e+00 1.000000000000000e+00
0.000000000000000e+00 0.000000000000000e+00 1.000000000000000e+00
0.000000000000000e+00 0.000000000000000e+00 1.000000000000000e+00
0.000000000000000e+00 0.000000000000000e+00 1.000000000000000e+00
0.000000000000000e+00 0.000000000000000e+00 1.000000000000000e+00
0.000000000000000e+00 0.000000000000000e+00 1.000000000000000e+00
0.000000000000000e+00 0.000000000000000e+00 1.000000000000000e+00
0.000000000000000e+00 0.000000000000000e+00 1.000000000000000e+00
0.000000000000000e+00 0.000000000000000e+00 1.000000000000000e+00
0.000000000000000e+00 0.000000000000000e+00 1.000000000000000e+00
0.000000000000000e+00 0.000000000000000e+00 1.000000000000000e+00
0.000000000000000e+00 0.000000000000000e+00 1.000000000000000e+00
0.000000000000000e+00 0.000000000000000e+00 1.000000000000000e+00
0.000000000000000e+00 0.000000000000000e+00 1.000000000000000e+00
0.000000000000000e+00 0.000000000000000e+00 1.000000000000000e+00
0.000000000000000e+00 0.000000000000000e+00 1.000000000000000e+00
0.000000000000000e+00 0.000000000000000e+00 1.000000000000000e+00
0.000000000000000e+00 0.000000000000000e+00 1.000000000000000e+00
0.000000000000000e+00 0.000000000000000e+00 1.000000000000000e+00
0.000000000000000e+00 0.000000000000000e+00 1.000000000000000e+00
0.000000000000000e+00 0.000000000000000e+00 1.000000000000000e+00
0.000000000000000e+00 0.000000000000000e+00 1.000000000000000e+00
0.000000000000000e+00 0.000000000000000e+00 1.000000000000000e+00
0.000000000000000e+00 0.000000000000000e+00 1.000000000000000e+00
0.000000000000000e+00 0.000000000000000e+00 1.000000000000000e+00
0.000000000000000e+00 0.000000000000000e+00 1.000000000000000e+00
0.000000000000000e+00 0.000000000000000e+00 1.000000000000000e+00
0.000000000000000e+00 0.000000000000000e+00 1.000000000000000e+00
0.000000000000000e+00 0.000000000000000e+00 1.000000000000000e+00
0.000000000000000e+00 0.000000000000000e+00 1.000000000000000e+00
0.000000000000000e+00 0.000000000000000e+00 1.000000000000000e+00
0.000000000000000e+00 0.000000000000000e+00 1.000000000000000e+00
0.000000000000000e+00 0.000000000000000e+00 1.000000000000000e+00
0.000000000000000e+00 0.000000000000000e+00 1.000000000000000e+00
0.000000000000000e+00 0.000000000000000e+00 1.000000000000000e+00
0.000000000000000e+00 0.000000000000000e+00 1.000000000000000e+00
0.000000000000000e+00 0.000000000000000e+00 1.000000000000000e+00
0.000000000000000e+00 0.000000000000000e+00 1.000000000000000e+00
0.000000000000000e+00 0.000000000000000e+00 1.000000000000000e+00
0.000000000000000e+00 0.000000000000000e+00 1.000000000000000e+00
0.000000000000000e+00 0.000000000000000e+00 1.000000000000000e+00
0.000000000000000e+00 0.000000000000000e+00 1.000000000000000e+00
0.000000000000000e+00 0.000000000000000e+00 1.000000000000000e+00
0.000000000000000e+00 0.000000000000000e+00 1.000000000000000e+00
0.000000000000000e+00 0.000000000000000e+00 1.000000000000000e+00
0.000000000000000e+00 0.000000000000000e+00 1.000000000000000e+00
0.000000000000000e+00 0.000000000000000e+00 1.000000000000000e+00
0.000000000000000e+00 0.000000000000000e+00 1.000000000000000e+00
0.000000000000000e+00 0.000000000000000e+00 1.000000000000000e+00
0.000000000000000e+00 0.000000000000000e+00 1.000000000000000e+00
0.000000000000000e+00 0.000000000000000e+00 1.000000000000000e+00
0.000000000000000e+00 0.000000000000000e+00 1.000000000000000e+00
0.000000000000000e+00 0.000000000000000e+00 1.000000000000000e+00
0.000000000000000e+00 0.000000000000000e+00 1.000000000000000e+00
0.000000000000000e+00 0.000000000000000e+00 1.000000000000000e+00
0.000000000000000e+00 0.000000000000000e+00 1.000000000000000e+00
0.000000000000000e+00 0.000000000000000e+00 1.000000000000000e+00
0.000000000000000e+00 0.000000000000000e+00 1.000000000000000e+00
0.000000000000000e+00 0.000000000000000e+00 1.000000000000000e+00
0.000000000000000e+00 0.000000000000000e+00 1.000000000000000e+00
0.000000000000000e+00 0.000000000000000e+00 1.000000000000000e+00
0.000000000000000e+00 0.000000000000000e+00 1.000000000000000e+00
0.000000000000000e+00 0.000000000000000e+00 1.000000000000000e+00
0.000000000000000e+00 0.000000000000000e+00 1.000000000000000e+00
0.000000000000000e+00 0.000000000000000e+00 1.000000000000000e+00
0.000000000000000e+00 0.000000000000000e+00 1.000000000000000e+00
0.000000000000000e+00 0.000000000000000e+00 1.000000000000000e+00
0.000000000000000e+00 0.000000000000000e+00 1.000000000000000e+00
0.000000000000000e+00 0.000000000000000e+00 1.000000000000000e+00
0.000000000000000e+00 0.000000000000000e+00 1.000000000000000e+00
0.000000000000000e+00 0.000000000000000e+00 1.000000000000000e+00
0.000000000000000e+00 0.000000000000000e+00 1.000000000000000e+00
0.000000000000000e+00 0.000000000000000e+00 1.000000000000000e+00
0.000000000000000e+00 0.000000000000000e+00 1.000000000000000e+00
0.000000000000000e+00 0.000000000000000e+00 1.000000000000000e+00
0.000000000000000e+00 0.000000000000000e+00 1.000000000000000e+00
0.000000000000000e+00 0.000000000000000e+00 1.000000000000000e+00
0.000000000000000e+00 0.000000000000000e+00 1.000000000000000e+00
0.000000000000000e+00 0.000000000000000e+00 1.000000000000000e+00
0.000000000000000e+00 0.000000000000000e+00 1.000000000000000e+00
0.000000000000000e+00 0.000000000000000e+00 1.000000000000000e+00
0.000000000000000e+00 0.000000000000000e+00 1.000000000000000e+00
0.000000000000000e+00 0.000000000000000e+00 1.000000000000000e+00
0.000000000000000e+00 0.000000000000000e+00 1.000000000000000e+00
0.000000000000000e+00 0.000000000000000e+00 1.000000000000000e+00
0.000000000000000e+00 0.000000000000000e+00 1.000000000000000e+00
0.000000000000000e+00 0.000000000000000e+00 1.000000000000000e+00
0.000000000000000e+00 0.000000000000000e+00 1.000000000000000e+00
0.000000000000000e+00 0.000000000000000e+00 1.000000000000000e+00
0.000000000000000e+00 0.000000000000000e+00 1.000000000000000e+00
0.000000000000000e+00 0.000000000000000e+00 1.000000000000000e+00
0.000000000000000e+00 0.000000000000000e+00 1.000000000000000e+00
0.000000000000000e+00 0.000000000000000e+00 1.000000000000000e+00
0.000000000000000e+00 0.000000000000000e+00 1.000000000000000e+00
0.000000000000000e+00 0.000000000000000e+00 1.000000000000000e+00
0.000000000000000e+00 0.000000000000000e+00 1.000000000000000e+00
0.000000000000000e+00 0.000000000000000e+00 1.000000000000000e+00
0.000000000000000e+00 0.000000000000000e+00 1.000000000000000e+00
0.000000000000000e+00 0.000000000000000e+00 1.000000000000000e+00
0.000000000000000e+00 0.000000000000000e+00 1.000000000000000e+00
0.000000000000000e+00 0.000000000000000e+00 1.000000000000000e+00
0.000000000000000e+00 0.000000000000000e+00 1.000000000000000e+00
0.000000000000000e+00 0.000000000000000e+00 1.000000000000000e+00
0.000000000000000e+00 0.000000000000000e+00 1.000000000000000e+00
0.000000000000000e+00 0.000000000000000e+00 1.000000000000000e+00
0.000000000000000e+00 0.000000000000000e+00 1.000000000000000e+00
0.000000000000000e+00 0.000000000000000e+00 1.000000000000000e+00
0.000000000000000e+00 0.000000000000000e+00 1.000000000000000e+00
0.000000000000000e+00 0.000000000000000e+00 1.000000000000000e+00
0.000000000000000e+00 0.000000000000000e+00 1.000000000000000e+00
0.000000000000000e+00 0.000000000000000e+00 1.000000000000000e+00
0.000000000000000e+00 0.000000000000000e+00 1.000000000000000e+00
0.000000000000000e+00 0.000000000000000e+00 1.000000000000000e+00
0.000000000000000e+00 0.000000000000000e+00 1.000000000000000e+00
0.000000000000000e+00 0.000000000000000e+00 1.000000000000000e+00
0.000000000000000e+00 0.000000000000000e+00 1.000000000000000e+00
0.000000000000000e+00 0.000000000000000e+00 1.000000000000000e+00
0.000000000000000e+00 0.000000000000000e+00 1.000000000000000e+00
0.000000000000000e+00 0.000000000000000e+00 1.000000000000000e+00
0.000000000000000e+00 0.000000000000000e+00 1.000000000000000e+00
0.000000000000000e+00 0.000000000000000e+00 1.000000000000000e+00
0.000000000000000e+00 0.000000000000000e+00 1.000000000000000e+00
0.000000000000000e+00 0.000000000000000e+00 1.000000000000000e+00
0.000000000000000e+00 0.000000000000000e+00 1.000000000000000e+00
0.000000000000000e+00 0.000000000000000e+00 1.000000000000000e+00
0.000000000000000e+00 0.000000000000000e+00 1.000000000000000e+00
0.000000000000000e+00 0.000000000000000e+00 1.000000000000000e+00
0.000000000000000e+00 0.000000000000000e+00 1.000000000000000e+00
0.000000000000000e+00 0.000000000000000e+00 1.000000000000000e+00
0.000000000000000e+00 0.000000000000000e+00 1.000000000000000e+00
0.000000000000000e+00 0.000000000000000e+00 1.000000000000000e+00
0.000000000000000e+00 0.000000000000000e+00 1.000000000000000e+00
0.000000000000000e+00 0.000000000000000e+00 1.000000000000000e+00
0.000000000000000e+00 0.000000000000000e+00 1.000000000000000e+00
0.000000000000000e+00 0.000000000000000e+00 1.000000000000000e+00
0.000000000000000e+00 0.000000000000000e+00 1.000000000000000e+00
0.000000000000000e+00 0.000000000000000e+00 1.000000000000000e+00
0.000000000000000e+00 0.000000000000000e+00 1.000000000000000e+00
0.000000000000000e+00 0.000000000000000e+00 1.000000000000000e+00
0.000000000000000e+00 0.000000000000000e+00 1.000000000000000e+00
0.000000000000000e+00 0.000000000000000e+00 1.000000000000000e+00
0.000000000000000e+00 0.000000000000000e+00 1.000000000000000e+00
0.000000000000000e+00 0.000000000000000e+00 1.000000000000000e+00
0.000000000000000e+00 0.000000000000000e+00 1.000000000000000e+00
0.000000000000000e+00 0.000000000000000e+00 1.000000000000000e+00
0.000000000000000e+00 0.000000000000000e+00 1.000000000000000e+00
0.000000000000000e+00 0.000000000000000e+00 1.000000000000000e+00
0.000000000000000e+00 0.000000000000000e+00 1.000000000000000e+00
0.000000000000000e+00 0.000000000000000e+00 1.000000000000000e+00
0.000000000000000e+00 0.000000000000000e+00 1.000000000000000e+00
0.000000000000000e+00 0.000000000000000e+00 1.000000000000000e+00
0.000000000000000e+00 0.000000000000000e+00 1.000000000000000e+00
0.000000000000000e+00 0.000000000000000e+00 1.000000000000000e+00
0.000000000000000e+00 0.000000000000000e+00 1.000000000000000e+00
0.000000000000000e+00 0.000000000000000e+00 1.000000000000000e+00
0.000000000000000e+00 0.000000000000000e+00 1.000000000000000e+00
0.000000000000000e+00 0.000000000000000e+00 1.000000000000000e+00
0.000000000000000e+00 0.000000000000000e+00 1.000000000000000e+00
0.000000000000000e+00 0.000000000000000e+00 1.000000000000000e+00
0.000000000000000e+00 0.000000000000000e+00 1.000000000000000e+00
0.000000000000000e+00 0.000000000000000e+00 1.000000000000000e+00
0.000000000000000e+00 0.000000000000000e+00 1.000000000000000e+00
0.000000000000000e+00 0.000000000000000e+00 1.000000000000000e+00
0.000000000000000e+00 0.000000000000000e+00 1.000000000000000e+00
0.000000000000000e+00 0.000000000000000e+00 1.000000000000000e+00
0.000000000000000e+00 0.000000000000000e+00 1.000000000000000e+00
0.000000000000000e+00 0.000000000000000e+00 1.000000000000000e+00
0.000000000000000e+00 0.000000000000000e+00 1.000000000000000e+00
0.000000000000000e+00 0.000000000000000e+00 1.000000000000000e+00
0.000000000000000e+00 0.000000000000000e+00 1.000000000000000e+00
0.000000000000000e+00 0.000000000000000e+00 1.000000000000000e+00
0.000000000000000e+00 0.000000000000000e+00 1.000000000000000e+00
0.000000000000000e+00 0.000000000000000e+00 1.000000000000000e+00
0.000000000000000e+00 0.000000000000000e+00 1.000000000000000e+00
0.000000000000000e+00 0.000000000000000e+00 1.000000000000000e+00
0.000000000000000e+00 0.000000000000000e+00 1.000000000000000e+00
0.000000000000000e+00 0.000000000000000e+00 1.000000000000000e+00
0.000000000000000e+00 0.000000000000000e+00 1.000000000000000e+00
0.000000000000000e+00 0.000000000000000e+00 1.000000000000000e+00
0.000000000000000e+00 0.000000000000000e+00 1.000000000000000e+00
0.000000000000000e+00 0.000000000000000e+00 1.000000000000000e+00
0.000000000000000e+00 0.000000000000000e+00 1.000000000000000e+00
0.000000000000000e+00 0.000000000000000e+00 1.000000000000000e+00
0.000000000000000e+00 0.000000000000000e+00 1.000000000000000e+00
0.000000000000000e+00 0.000000000000000e+00 1.000000000000000e+00
0.000000000000000e+00 0.000000000000000e+00 1.000000000000000e+00
0.000000000000000e+00 0.000000000000000e+00 1.000000000000000e+00
0.000000000000000e+00 0.000000000000000e+00 1.000000000000000e+00
0.000000000000000e+00 0.000000000000000e+00 1.000000000000000e+00
0.000000000000000e+00 0.000000000000000e+00 1.000000000000000e+00
0.000000000000000e+00 0.000000000000000e+00 1.000000000000000e+00
0.000000000000000e+00 0.000000000000000e+00 1.000000000000000e+00
0.000000000000000e+00 0.000000000000000e+00 1.000000000000000e+00
0.000000000000000e+00 0.000000000000000e+00 1.000000000000000e+00
0.000000000000000e+00 0.000000000000000e+00 1.000000000000000e+00
0.000000000000000e+00 0.000000000000000e+00 1.000000000000000e+00
0.000000000000000e+00 0.000000000000000e+00 1.000000000000000e+00
0.000000000000000e+00 0.000000000000000e+00 1.000000000000000e+00
0.000000000000000e+00 0.000000000000000e+00 1.000000000000000e+00
0.000000000000000e+00 0.000000000000000e+00 1.000000000000000e+00
0.000000000000000e+00 0.000000000000000e+00 1.000000000000000e+00
0.000000000000000e+00 0.000000000000000e+00 1.000000000000000e+00
0.000000000000000e+00 0.000000000000000e+00 1.000000000000000e+00
0.000000000000000e+00 0.000000000000000e+00 1.000000000000000e+00
0.000000000000000e+00 0.000000000000000e+00 1.000000000000000e+00
0.000000000000000e+00 0.000000000000000e+00 1.000000000000000e+00
0.000000000000000e+00 0.000000000000000e+00 1.000000000000000e+00
0.000000000000000e+00 0.000000000000000e+00 1.000000000000000e+00
0.000000000000000e+00 0.000000000000000e+00 1.000000000000000e+00
0.000000000000000e+00 0.000000000000000e+00 1.000000000000000e+00
0.000000000000000e+00 0.000000000000000e+00 1.000000000000000e+00
0.000000000000000e+00 0.000000000000000e+00 1.000000000000000e+00
0.000000000000000e+00 0.000000000000000e+00 1.000000000000000e+00
0.000000000000000e+00 0.000000000000000e+00 1.000000000000000e+00
0.000000000000000e+00 0.000000000000000e+00 1.000000000000000e+00
0.000000000000000e+00 0.000000000000000e+00 1.000000000000000e+00
0.000000000000000e+00 0.000000000000000e+00 1.000000000000000e+00
0.000000000000000e+00 0.000000000000000e+00 1.000000000000000e+00
0.000000000000000e+00 0.000000000000000e+00 1.000000000000000e+00
0.000000000000000e+00 0.000000000000000e+00 1.000000000000000e+00
0.000000000000000e+00 0.000000000000000e+00 1.000000000000000e+00
0.000000000000000e+00 0.000000000000000e+00 1.000000000000000e+00
0.000000000000000e+00 0.000000000000000e+00 1.000000000000000e+00
0.000000000000000e+00 0.000000000000000e+00 1.000000000000000e+00
0.000000000000000e+00 0.000000000000000e+00 1.000000000000000e+00
0.000000000000000e+00 0.000000000000000e+00 1.000000000000000e+00
0.000000000000000e+00 0.000000000000000e+00 1.000000000000000e+00
0.000000000000000e+00 0.000000000000000e+00 1.000000000000000e+00
0.000000000000000e+00 0.000000000000000e+00 1.000000000000000e+00
0.000000000000000e+00 0.000000000000000e+00 1.000000000000000e+00
0.000000000000000e+00 0.000000000000000e+00 1.000000000000000e+00
0.000000000000000e+00 0.000000000000000e+00 1.000000000000000e+00
0.000000000000000e+00 0.000000000000000e+00 1.000000000000000e+00
0.000000000000000e+00 0.000000000000000e+00 1.000000000000000e+00
0.000000000000000e+00 0.000000000000000e+00 1.000000000000000e+00
0.000000000000000e+00 0.000000000000000e+00 1.000000000000000e+00
0.000000000000000e+00 0.000000000000000e+00 1.000000000000000e+00
0.000000000000000e+00 0.000000000000000e+00 1.000000000000000e+00
0.000000000000000e+00 0.000000000000000e+00 1.000000000000000e+00
0.000000000000000e+00 0.000000000000000e+00 1.000000000000000e+00
0.000000000000000e+00 0.000000000000000e+00 1.000000000000000e+00
0.000000000000000e+00 0.000000000000000e+00 1.000000000000000e+00
0.000000000000000e+00 0.000000000000000e+00 1.000000000000000e+00
0.000000000000000e+00 0.000000000000000e+00 1.000000000000000e+00
0.000000000000000e+00 0.000000000000000e+00 1.000000000000000e+00
0.000000000000000e+00 0.000000000000000e+00 1.000000000000000e+00
0.000000000000000e+00 0.000000000000000e+00 1.000000000000000e+00
0.000000000000000e+00 0.000000000000000e+00 1.000000000000000e+00
0.000000000000000e+00 0.000000000000000e+00 1.000000000000000e+00
0.000000000000000e+00 0.000000000000000e+00 1.000000000000000e+00
0.000000000000000e+00 0.000000000000000e+00 1.000000000000000e+00
0.000000000000000e+00 0.000000000000000e+00 1.000000000000000e+00
0.000000000000000e+00 0.000000000000000e+00 1.000000000000000e+00
0.000000000000000e+00 0.000000000000000e+00 1.000000000000000e+00
0.000000000000000e+00 0.000000000000000e+00 1.000000000000000e+00
0.000000000000000e+00 0.000000000000000e+00 1.000000000000000e+00
0.000000000000000e+00 0.000000000000000e+00 1.000000000000000e+00
0.000000000000000e+00 0.000000000000000e+00 1.000000000000000e+00
0.000000000000000e+00 0.000000000000000e+00 1.000000000000000e+00
0.000000000000000e+00 0.000000000000000e+00 1.000000000000000e+00
0.000000000000000e+00 0.000000000000000e+00 1.000000000000000e+00
0.000000000000000e+00 0.000000000000000e+00 1.000000000000000e+00
0.000000000000000e+00 0.000000000000000e+00 1.000000000000000e+00
0.000000000000000e+00 0.000000000000000e+00 1.000000000000000e+00
0.000000000000000e+00 0.000000000000000e+00 1.000000000000000e+00
0.000000000000000e+00 0.000000000000000e+00 1.000000000000000e+00
0.000000000000000e+00 0.000000000000000e+00 1.000000000000000e+00
0.000000000000000e+00 0.000000000000000e+00 1.000000000000000e+00
0.000000000000000e+00 0.000000000000000e+00 1.000000000000000e+00
0.000000000000000e+00 0.000000000000000e+00 1.000000000000000e+00
0.000000000000000e+00 0.000000000000000e+00 1.000000000000000e+00
0.000000000000000e+00 0.000000000000000e+00 1.000000000000000e+00
0.000000000000000e+00 0.000000000000000e+00 1.000000000000000e+00
0.000000000000000e+00 0.000000000000000e+00 1.000000000000000e+00
0.000000000000000e+00 0.000000000000000e+00 1.000000000000000e+00
0.000000000000000e+00 0.000000000000000e+00 1.000000000000000e+00
0.000000000000000e+00 0.000000000000000e+00 1.000000000000000e+00
0.000000000000000e+00 0.000000000000000e+00 1.000000000000000e+00
0.000000000000000e+00 0.000000000000000e+00 1.000000000000000e+00
0.000000000000000e+00 0.000000000000000e+00 1.000000000000000e+00
0.000000000000000e+00 0.000000000000000e+00 1.000000000000000e+00
0.000000000000000e+00 0.000000000000000e+00 1.000000000000000e+00
0.000000000000000e+00 0.000000000000000e+00 1.000000000000000e+00
0.000000000000000e+00 0.000000000000000e+00 1.000000000000000e+00
0.000000000000000e+00 0.000000000000000e+00 1.000000000000000e+00
0.000000000000000e+00 0.000000000000000e+00 1.000000000000000e+00
0.000000000000000e+00 0.000000000000000e+00 1.000000000000000e+00
0.000000000000000e+00 0.000000000000000e+00 1.000000000000000e+00
0.000000000000000e+00 0.000000000000000e+00 1.000000000000000e+00
0.000000000000000e+00 0.000000000000000e+00 1.000000000000000e+00
0.000000000000000e+00 0.000000000000000e+00 1.000000000000000e+00
0.000000000000000e+00 0.000000000000000e+00 1.000000000000000e+00
0.000000000000000e+00 0.000000000000000e+00 1.000000000000000e+00
0.000000000000000e+00 0.000000000000000e+00 1.000000000000000e+00
0.000000000000000e+00 0.000000000000000e+00 1.000000000000000e+00
0.000000000000000e+00 0.000000000000000e+00 1.000000000000000e+00
0.000000000000000e+00 0.000000000000000e+00 1.000000000000000e+00
0.000000000000000e+00 0.000000000000000e+00 1.000000000000000e+00
0.000000000000000e+00 0.000000000000000e+00 1.000000000000000e+00
0.000000000000000e+00 0.000000000000000e+00 1.000000000000000e+00
0.000000000000000e+00 0.000000000000000e+00 1.000000000000000e+00
0.000000000000000e+00 0.000000000000000e+00 1.000000000000000e+00
0.000000000000000e+00 0.000000000000000e+00 1.000000000000000e+00
0.000000000000000e+00 0.000000000000000e+00 1.000000000000000e+00
0.000000000000000e+00 0.000000000000000e+00 1.000000000000000e+00
0.000000000000000e+00 0.000000000000000e+00 1.000000000000000e+00
0.000000000000000e+00 0.000000000000000e+00 1.000000000000000e+00
0.000000000000000e+00 0.000000000000000e+00 1.000000000000000e+00
0.000000000000000e+00 0.000000000000000e+00 1.000000000000000e+00
0.000000000000000e+00 0.000000000000000e+00 1.000000000000000e+00
0.000000000000000e+00 0.000000000000000e+00 1.000000000000000e+00
0.000000000000000e+00 0.000000000000000e+00 1.000000000000000e+00
0.000000000000000e+00 0.000000000000000e+00 1.000000000000000e+00
0.000000000000000e+00 0.000000000000000e+00 1.000000000000000e+00
0.000000000000000e+00 0.000000000000000e+00 1.000000000000000e+00
0.000000000000000e+00 0.000000000000000e+00 1.000000000000000e+00
0.000000000000000e+00 0.000000000000000e+00 1.000000000000000e+00
0.000000000000000e+00 0.000000000000000e+00 1.000000000000000e+00
0.000000000000000e+00 0.000000000000000e+00 1.000000000000000e+00
0.000000000000000e+00 0.000000000000000e+00 1.000000000000000e+00
0.000000000000000e+00 0.000000000000000e+00 1.000000000000000e+00
0.000000000000000e+00 0.000000000000000e+00 1.000000000000000e+00
0.000000000000000e+00 0.000000000000000e+00 1.000000000000000e+00
0.000000000000000e+00 0.000000000000000e+00 1.000000000000000e+00
0.000000000000000e+00 0.000000000000000e+00 1.000000000000000e+00
0.000000000000000e+00 0.000000000000000e+00 1.000000000000000e+00
0.000000000000000e+00 0.000000000000000e+00 1.000000000000000e+00
0.000000000000000e+00 0.000000000000000e+00 1.000000000000000e+00
0.000000000000000e+00 0.000000000000000e+00 1.000000000000000e+00
0.000000000000000e+00 0.000000000000000e+00 1.000000000000000e+00
0.000000000000000e+00 0.000000000000000e+00 1.000000000000000e+00
0.000000000000000e+00 0.000000000000000e+00 1.000000000000000e+00
0.000000000000000e+00 0.000000000000000e+00 1.000000000000000e+00
0.000000000000000e+00 0.000000000000000e+00 1.000000000000000e+00
0.000000000000000e+00 0.000000000000000e+00 1.000000000000000e+00
0.000000000000000e+00 0.000000000000000e+00 1.000000000000000e+00
0.000000000000000e+00 0.000000000000000e+00 1.000000000000000e+00
0.000000000000000e+00 0.000000000000000e+00 1.000000000000000e+00
0.000000000000000e+00 0.000000000000000e+00 1.000000000000000e+00
0.000000000000000e+00 0.000000000000000e+00 1.000000000000000e+00
0.000000000000000e+00 0.000000000000000e+00 1.000000000000000e+00
0.000000000000000e+00 0.000000000000000e+00 1.000000000000000e+00
0.000000000000000e+00 0.000000000000000e+00 1.000000000000000e+00
0.000000000000000e+00 0.000000000000000e+00 1.000000000000000e+00
0.000000000000000e+00 0.000000000000000e+00 1.000000000000000e+00
0.000000000000000e+00 0.000000000000000e+00 1.000000000000000e+00
0.000000000000000e+00 0.000000000000000e+00 1.000000000000000e+00
0.000000000000000e+00 0.000000000000000e+00 1.000000000000000e+00
0.000000000000000e+00 0.000000000000000e+00 1.000000000000000e+00
0.000000000000000e+00 0.000000000000000e+00 1.000000000000000e+00
0.000000000000000e+00 0.000000000000000e+00 1.000000000000000e+00
0.000000000000000e+00 0.000000000000000e+00 1.000000000000000e+00
0.000000000000000e+00 0.000000000000000e+00 1.000000000000000e+00
0.000000000000000e+00 0.000000000000000e+00 1.000000000000000e+00
0.000000000000000e+00 0.000000000000000e+00 1.000000000000000e+00
0.000000000000000e+00 0.000000000000000e+00 1.000000000000000e+00
0.000000000000000e+00 0.000000000000000e+00 1.000000000000000e+00
0.000000000000000e+00 0.000000000000000e+00 1.000000000000000e+00
0.000000000000000e+00 0.000000000000000e+00 1.000000000000000e+00
0.000000000000000e+00 0.000000000000000e+00 1.000000000000000e+00
0.000000000000000e+00 0.000000000000000e+00 1.000000000000000e+00
0.000000000000000e+00 0.000000000000000e+00 1.000000000000000e+00
0.000000000000000e+00 0.000000000000000e+00 1.000000000000000e+00
0.000000000000000e+00 0.000000000000000e+00 1.000000000000000e+00
0.000000000000000e+00 0.000000000000000e+00 1.000000000000000e+00
0.000000000000000e+00 0.000000000000000e+00 1.000000000000000e+00
0.000000000000000e+00 0.000000000000000e+00 1.000000000000000e+00
0.000000000000000e+00 0.000000000000000e+00 1.000000000000000e+00
0.000000000000000e+00 0.000000000000000e+00 1.000000000000000e+00
0.000000000000000e+00 0.000000000000000e+00 1.000000000000000e+00
0.000000000000000e+00 0.000000000000000e+00 1.000000000000000e+00
0.000000000000000e+00 0.000000000000000e+00 1.000000000000000e+00
0.000000000000000e+00 0.000000000000000e+00 1.000000000000000e+00
0.000000000000000e+00 0.000000000000000e+00 1.000000000000000e+00
0.000000000000000e+00 0.000000000000000e+00 1.000000000000000e+00
0.000000000000000e+00 0.000000000000000e+00 1.000000000000000e+00
0.000000000000000e+00 0.000000000000000e+00 1.000000000000000e+00
0.000000000000000e+00 0.000000000000000e+00 1.000000000000000e+00
0.000000000000000e+00 0.000000000000000e+00 1.000000000000000e+00
0.000000000000000e+00 0.000000000000000e+00 1.000000000000000e+00
0.000000000000000e+00 0.000000000000000e+00 1.000000000000000e+00
0.000000000000000e+00 0.000000000000000e+00 1.000000000000000e+00
0.000000000000000e+00 0.000000000000000e+00 1.000000000000000e+00
0.000000000000000e+00 0.000000000000000e+00 1.000000000000000e+00
0.000000000000000e+00 0.000000000000000e+00 1.000000000000000e+00
0.000000000000000e+00 0.000000000000000e+00 1.000000000000000e+00
0.000000000000000e+00 0.000000000000000e+00 1.000000000000000e+00
0.000000000000000e+00 0.000000000000000e+00 1.000000000000000e+00
0.000000000000000e+00 0.000000000000000e+00 1.000000000000000e+00
0.000000000000000e+00 0.000000000000000e+00 1.000000000000000e+00
0.000000000000000e+00 0.000000000000000e+00 1.000000000000000e+00
0.000000000000000e+00 0.000000000000000e+00 1.000000000000000e+00
0.000000000000000e+00 0.000000000000000e+00 1.000000000000000e+00
0.000000000000000e+00 0.000000000000000e+00 1.000000000000000e+00
0.000000000000000e+00 0.000000000000000e+00 1.000000000000000e+00
0.000000000000000e+00 0.000000000000000e+00 1.000000000000000e+00
0.000000000000000e+00 0.000000000000000e+00 1.000000000000000e+00
0.000000000000000e+00 0.000000000000000e+00 1.000000000000000e+00
0.000000000000000e+00 0.000000000000000e+00 1.000000000000000e+00
0.000000000000000e+00 0.000000000000000e+00 1.000000000000000e+00
0.000000000000000e+00 0.000000000000000e+00 1.000000000000000e+00
0.000000000000000e+00 0.000000000000000e+00 1.000000000000000e+00
0.000000000000000e+00 0.000000000000000e+00 1.000000000000000e+00
0.000000000000000e+00 0.000000000000000e+00 1.000000000000000e+00
0.000000000000000e+00 0.000000000000000e+00 1.000000000000000e+00
0.000000000000000e+00 0.000000000000000e+00 1.000000000000000e+00
0.000000000000000e+00 0.000000000000000e+00 1.000000000000000e+00
0.000000000000000e+00 0.000000000000000e+00 1.000000000000000e+00
0.000000000000000e+00 0.000000000000000e+00 1.000000000000000e+00
0.000000000000000e+00 0.000000000000000e+00 1.000000000000000e+00
0.000000000000000e+00 0.000000000000000e+00 1.000000000000000e+00
0.000000000000000e+00 0.000000000000000e+00 1.000000000000000e+00
0.000000000000000e+00 0.000000000000000e+00 1.000000000000000e+00
0.000000000000000e+00 0.000000000000000e+00 1.000000000000000e+00
0.000000000000000e+00 0.000000000000000e+00 1.000000000000000e+00
0.000000000000000e+00 0.000000000000000e+00 1.000000000000000e+00
0.000000000000000e+00 0.000000000000000e+00 1.000000000000000e+00
0.000000000000000e+00 0.000000000000000e+00 1.000000000000000e+00
0.000000000000000e+00 0.000000000000000e+00 1.000000000000000e+00
0.000000000000000e+00 0.000000000000000e+00 1.000000000000000e+00
0.000000000000000e+00 0.000000000000000e+00 1.000000000000000e+00
0.000000000000000e+00 0.000000000000000e+00 1.000000000000000e+00
0.000000000000000e+00 0.000000000000000e+00 1.000000000000000e+00
0.000000000000000e+00 0.000000000000000e+00 1.000000000000000e+00
0.000000000000000e+00 0.000000000000000e+00 1.000000000000000e+00
0.000000000000000e+00 0.000000000000000e+00 1.000000000000000e+00
0.000000000000000e+00 0.000000000000000e+00 1.000000000000000e+00
0.000000000000000e+00 0.000000000000000e+00 1.000000000000000e+00
0.000000000000000e+00 0.000000000000000e+00 1.000000000000000e+00
0.000000000000000e+00 0.000000000000000e+00 1.000000000000000e+00
0.000000000000000e+00 0.000000000000000e+00 1.000000000000000e+00
0.000000000000000e+00 0.000000000000000e+00 1.000000000000000e+00
0.000000000000000e+00 0.000000000000000e+00 1.000000000000000e+00
0.000000000000000e+00 0.000000000000000e+00 1.000000000000000e+00
0.000000000000000e+00 0.000000000000000e+00 1.000000000000000e+00
0.000000000000000e+00 0.000000000000000e+00 1.000000000000000e+00
0.000000000000000e+00 0.000000000000000e+00 1.000000000000000e+00
0.000000000000000e+00 0.000000000000000e+00 1.000000000000000e+00
0.000000000000000e+00 0.000000000000000e+00 1.000000000000000e+00
0.000000000000000e+00 0.000000000000000e+00 1.000000000000000e+00
0.000000000000000e+00 0.000000000000000e+00 1.000000000000000e+00
0.000000000000000e+00 0.000000000000000e+00 1.000000000000000e+00
0.000000000000000e+00 0.000000000000000e+00 1.000000000000000e+00
0.000000000000000e+00 0.000000000000000e+00 1.000000000000000e+00
0.000000000000000e+00 0.000000000000000e+00 1.000000000000000e+00
0.000000000000000e+00 0.000000000000000e+00 1.000000000000000e+00
0.000000000000000e+00 0.000000000000000e+00 1.000000000000000e+00
0.000000000000000e+00 0.000000000000000e+00 1.000000000000000e+00
0.000000000000000e+00 0.000000000000000e+00 1.000000000000000e+00
0.000000000000000e+00 0.000000000000000e+00 1.000000000000000e+00
0.000000000000000e+00 0.000000000000000e+00 1.000000000000000e+00
0.000000000000000e+00 0.000000000000000e+00 1.000000000000000e+00
0.000000000000000e+00 0.000000000000000e+00 1.000000000000000e+00
0.000000000000000e+00 0.000000000000000e+00 1.000000000000000e+00
0.000000000000000e+00 0.000000000000000e+00 1.000000000000000e+00
0.000000000000000e+00 0.000000000000000e+00 1.000000000000000e+00
0.000000000000000e+00 0.000000000000000e+00 1.000000000000000e+00
0.000000000000000e+00 0.000000000000000e+00 1.000000000000000e+00
0.000000000000000e+00 0.000000000000000e+00 1.000000000000000e+00
0.000000000000000e+00 0.000000000000000e+00 1.000000000000000e+00
0.000000000000000e+00 0.000000000000000e+00 1.000000000000000e+00
0.000000000000000e+00 0.000000000000000e+00 1.000000000000000e+00
0.000000000000000e+00 0.000000000000000e+00 1.000000000000000e+00
0.000000000000000e+00 0.000000000000000e+00 1.000000000000000e+00
0.000000000000000e+00 0.000000000000000e+00 1.000000000000000e+00
0.000000000000000e+00 0.000000000000000e+00 1.000000000000000e+00
0.000000000000000e+00 0.000000000000000e+00 1.000000000000000e+00
0.000000000000000e+00 0.000000000000000e+00 1.000000000000000e+00
0.000000000000000e+00 0.000000000000000e+00 1.000000000000000e+00
0.000000000000000e+00 0.000000000000000e+00 1.000000000000000e+00
0.000000000000000e+00 0.000000000000000e+00 1.000000000000000e+00
0.000000000000000e+00 0.000000000000000e+00 1.000000000000000e+00
0.000000000000000e+00 0.000000000000000e+00 1.000000000000000e+00
0.000000000000000e+00 0.000000000000000e+00 1.000000000000000e+00
0.000000000000000e+00 0.000000000000000e+00 1.000000000000000e+00
0.000000000000000e+00 0.000000000000000e+00 1.000000000000000e+00
0.000000000000000e+00 0.000000000000000e+00 1.000000000000000e+00
0.000000000000000e+00 0.000000000000000e+00 1.000000000000000e+00
0.000000000000000e+00 0.000000000000000e+00 1.000000000000000e+00
0.000000000000000e+00 0.000000000000000e+00 1.000000000000000e+00
0.000000000000000e+00 0.000000000000000e+00 1.000000000000000e+00
0.000000000000000e+00 0.000000000000000e+00 1.000000000000000e+00
0.000000000000000e+00 0.000000000000000e+00 1.000000000000000e+00
0.000000000000000e+00 0.000000000000000e+00 1.000000000000000e+00
0.000000000000000e+00 0.000000000000000e+00 1.000000000000000e+00
0.000000000000000e+00 0.000000000000000e+00 1.000000000000000e+00
0.000000000000000e+00 0.000000000000000e+00 1.000000000000000e+00
0.000000000000000e+00 0.000000000000000e+00 1.000000000000000e+00
0.000000000000000e+00 0.000000000000000e+00 1.000000000000000e+00
0.000000000000000e+00 0.000000000000000e+00 1.000000000000000e+00
0.000000000000000e+00 0.000000000000000e+00 1.000000000000000e+00
0.000000000000000e+00 0.000000000000000e+00 1.000000000000000e+00
0.000000000000000e+00 0.000000000000000e+00 1.000000000000000e+00
0.000000000000000e+00 0.000000000000000e+00 1.000000000000000e+00
0.000000000000000e+00 0.000000000000000e+00 1.000000000000000e+00
0.000000000000000e+00 0.000000000000000e+00 1.000000000000000e+00
0.000000000000000e+00 0.000000000000000e+00 1.000000000000000e+00
0.000000000000000e+00 0.000000000000000e+00 1.000000000000000e+00
0.000000000000000e+00 0.000000000000000e+00 1.000000000000000e+00
0.000000000000000e+00 0.000000000000000e+00 1.000000000000000e+00
0.000000000000000e+00 0.000000000000000e+00 1.000000000000000e+00
0.000000000000000e+00 0.000000000000000e+00 1.000000000000000e+00
0.000000000000000e+00 0.000000000000000e+00 1.000000000000000e+00
0.000000000000000e+00 0.000000000000000e+00 1.000000000000000e+00
0.000000000000000e+00 0.000000000000000e+00 1.000000000000000e+00
0.000000000000000e+00 0.000000000000000e+00 1.000000000000000e+00
0.000000000000000e+00 0.000000000000000e+00 1.000000000000000e+00
0.000000000000000e+00 0.000000000000000e+00 1.000000000000000e+00
0.000000000000000e+00 0.000000000000000e+00 1.000000000000000e+00
0.000000000000000e+00 0.000000000000000e+00 1.000000000000000e+00
0.000000000000000e+00 0.000000000000000e+00 1.000000000000000e+00
0.000000000000000e+00 0.000000000000000e+00 1.000000000000000e+00
0.000000000000000e+00 0.000000000000000e+00 1.000000000000000e+00
0.000000000000000e+00 0.000000000000000e+00 1.000000000000000e+00
0.000000000000000e+00 0.000000000000000e+00 1.000000000000000e+00
0.000000000000000e+00 0.000000000000000e+00 1.000000000000000e+00
0.000000000000000e+00 0.000000000000000e+00 1.000000000000000e+00
0.000000000000000e+00 0.000000000000000e+00 1.000000000000000e+00
0.000000000000000e+00 0.000000000000000e+00 1.000000000000000e+00
0.000000000000000e+00 0.000000000000000e+00 1.000000000000000e+00
0.000000000000000e+00 0.000000000000000e+00 1.000000000000000e+00
0.000000000000000e+00 0.000000000000000e+00 1.000000000000000e+00
0.000000000000000e+00 0.000000000000000e+00 1.000000000000000e+00
0.000000000000000e+00 0.000000000000000e+00 1.000000000000000e+00
0.000000000000000e+00 0.000000000000000e+00 1.000000000000000e+00
0.000000000000000e+00 0.000000000000000e+00 1.000000000000000e+00
0.000000000000000e+00 0.000000000000000e+00 1.000000000000000e+00
0.000000000000000e+00 0.000000000000000e+00 1.000000000000000e+00
0.000000000000000e+00 0.000000000000000e+00 1.000000000000000e+00
0.000000000000000e+00 0.000000000000000e+00 1.000000000000000e+00
0.000000000000000e+00 0.000000000000000e+00 1.000000000000000e+00
0.000000000000000e+00 0.000000000000000e+00 1.000000000000000e+00
0.000000000000000e+00 0.000000000000000e+00 1.000000000000000e+00
0.000000000000000e+00 0.000000000000000e+00 1.000000000000000e+00
0.000000000000000e+00 0.000000000000000e+00 1.000000000000000e+00
0.000000000000000e+00 0.000000000000000e+00 1.000000000000000e+00
0.000000000000000e+00 0.000000000000000e+00 1.000000000000000e+00
0.000000000000000e+00 0.000000000000000e+00 1.000000000000000e+00
0.000000000000000e+00 0.000000000000000e+00 1.000000000000000e+00
0.000000000000000e+00 0.000000000000000e+00 1.000000000000000e+00
0.000000000000000e+00 0.000000000000000e+00 1.000000000000000e+00
0.000000000000000e+00 0.000000000000000e+00 1.000000000000000e+00
0.000000000000000e+00 0.000000000000000e+00 1.000000000000000e+00
0.000000000000000e+00 0.000000000000000e+00 1.000000000000000e+00
0.000000000000000e+00 0.000000000000000e+00 1.000000000000000e+00
0.000000000000000e+00 0.000000000000000e+00 1.000000000000000e+00
0.000000000000000e+00 0.000000000000000e+00 1.000000000000000e+00
0.000000000000000e+00 0.000000000000000e+00 1.000000000000000e+00
0.000000000000000e+00 0.000000000000000e+00 1.000000000000000e+00
0.000000000000000e+00 0.000000000000000e+00 1.000000000000000e+00
0.000000000000000e+00 0.000000000000000e+00 1.000000000000000e+00
0.000000000000000e+00 0.000000000000000e+00 1.000000000000000e+00
0.000000000000000e+00 0.000000000000000e+00 1.000000000000000e+00
0.000000000000000e+00 0.000000000000000e+00 1.000000000000000e+00
0.000000000000000e+00 0.000000000000000e+00 1.000000000000000e+00
0.000000000000000e+00 0.000000000000000e+00 1.000000000000000e+00
0.000000000000000e+00 0.000000000000000e+00 1.000000000000000e+00
0.000000000000000e+00 0.000000000000000e+00 1.000000000000000e+00
0.000000000000000e+00 0.000000000000000e+00 1.000000000000000e+00
0.000000000000000e+00 0.000000000000000e+00 1.000000000000000e+00
0.000000000000000e+00 0.000000000000000e+00 1.000000000000000e+00
0.000000000000000e+00 0.000000000000000e+00 1.000000000000000e+00
0.000000000000000e+00 0.000000000000000e+00 1.000000000000000e+00
0.000000000000000e+00 0.000000000000000e+00 1.000000000000000e+00
0.000000000000000e+00 0.000000000000000e+00 1.000000000000000e+00
0.000000000000000e+00 0.000000000000000e+00 1.000000000000000e+00
0.000000000000000e+00 0.000000000000000e+00 1.000000000000000e+00
0.000000000000000e+00 0.000000000000000e+00 1.000000000000000e+00
0.000000000000000e+00 0.000000000000000e+00 1.000000000000000e+00
0.000000000000000e+00 0.000000000000000e+00 1.000000000000000e+00
0.000000000000000e+00 0.000000000000000e+00 1.000000000000000e+00
0.000000000000000e+00 0.000000000000000e+00 1.000000000000000e+00
0.000000000000000e+00 0.000000000000000e+00 1.000000000000000e+00
0.000000000000000e+00 0.000000000000000e+00 1.000000000000000e+00
0.000000000000000e+00 0.000000000000000e+00 1.000000000000000e+00
0.000000000000000e+00 0.000000000000000e+00 1.000000000000000e+00
0.000000000000000e+00 0.000000000000000e+00 1.000000000000000e+00
0.000000000000000e+00 0.000000000000000e+00 1.000000000000000e+00
0.000000000000000e+00 0.000000000000000e+00 1.000000000000000e+00
0.000000000000000e+00 0.000000000000000e+00 1.000000000000000e+00
0.000000000000000e+00 0.000000000000000e+00 1.000000000000000e+00
0.000000000000000e+00 0.000000000000000e+00 1.000000000000000e+00
0.000000000000000e+00 0.000000000000000e+00 1.000000000000000e+00
0.000000000000000e+00 0.000000000000000e+00 1.000000000000000e+00
0.000000000000000e+00 0.000000000000000e+00 1.000000000000000e+00
0.000000000000000e+00 0.000000000000000e+00 1.000000000000000e+00
0.000000000000000e+00 0.000000000000000e+00 1.000000000000000e+00
0.000000000000000e+00 0.000000000000000e+00 1.000000000000000e+00
0.000000000000000e+00 0.000000000000000e+00 1.000000000000000e+00
0.000000000000000e+00 0.000000000000000e+00 1.000000000000000e+00
0.000000000000000e+00 0.000000000000000e+00 1.000000000000000e+00
0.000000000000000e+00 0.000000000000000e+00 1.000000000000000e+00
0.000000000000000e+00 0.000000000000000e+00 1.000000000000000e+00
0.000000000000000e+00 0.000000000000000e+00 1.000000000000000e+00
0.000000000000000e+00 0.000000000000000e+00 1.000000000000000e+00
0.000000000000000e+00 0.000000000000000e+00 1.000000000000000e+00
0.000000000000000e+00 0.000000000000000e+00 1.000000000000000e+00
0.000000000000000e+00 0.000000000000000e+00 1.000000000000000e+00
0.000000000000000e+00 0.000000000000000e+00 1.000000000000000e+00
0.000000000000000e+00 0.000000000000000e+00 1.000000000000000e+00
0.000000000000000e+00 0.000000000000000e+00 1.000000000000000e+00
0.000000000000000e+00 0.000000000000000e+00 1.000000000000000e+00
0.000000000000000e+00 0.000000000000000e+00 1.000000000000000e+00
0.000000000000000e+00 0.000000000000000e+00 1.000000000000000e+00
0.000000000000000e+00 0.000000000000000e+00 1.000000000000000e+00
0.000000000000000e+00 0.000000000000000e+00 1.000000000000000e+00
0.000000000000000e+00 0.000000000000000e+00 1.000000000000000e+00
0.000000000000000e+00 0.000000000000000e+00 1.000000000000000e+00
0.000000000000000e+00 0.000000000000000e+00 1.000000000000000e+00
0.000000000000000e+00 0.000000000000000e+00 1.000000000000000e+00
0.000000000000000e+00 0.000000000000000e+00 1.000000000000000e+00
0.000000000000000e+00 0.000000000000000e+00 1.000000000000000e+00
0.000000000000000e+00 0.000000000000000e+00 1.000000000000000e+00
0.000000000000000e+00 0.000000000000000e+00 1.000000000000000e+00
0.000000000000000e+00 0.000000000000000e+00 1.000000000000000e+00
0.000000000000000e+00 0.000000000000000e+00 1.000000000000000e+00
0.000000000000000e+00 0.000000000000000e+00 1.000000000000000e+00
0.000000000000000e+00 0.000000000000000e+00 1.000000000000000e+00
0.000000000000000e+00 0.000000000000000e+00 1.000000000000000e+00
0.000000000000000e+00 0.000000000000000e+00 1.000000000000000e+00
0.000000000000000e+00 0.000000000000000e+00 1.000000000000000e+00
0.000000000000000e+00 0.000000000000000e+00 1.000000000000000e+00
0.000000000000000e+00 0.000000000000000e+00 1.000000000000000e+00
0.000000000000000e+00 0.000000000000000e+00 1.000000000000000e+00
0.000000000000000e+00 0.000000000000000e+00 1.000000000000000e+00
0.000000000000000e+00 0.000000000000000e+00 1.000000000000000e+00
0.000000000000000e+00 0.000000000000000e+00 1.000000000000000e+00
0.000000000000000e+00 0.000000000000000e+00 1.000000000000000e+00
0.000000000000000e+00 0.000000000000000e+00 1.000000000000000e+00
0.000000000000000e+00 0.000000000000000e+00 1.000000000000000e+00
0.000000000000000e+00 0.000000000000000e+00 1.000000000000000e+00
0.000000000000000e+00 0.000000000000000e+00 1.000000000000000e+00
0.000000000000000e+00 0.000000000000000e+00 1.000000000000000e+00
0.000000000000000e+00 0.000000000000000e+00 1.000000000000000e+00
0.000000000000000e+00 0.000000000000000e+00 1.000000000000000e+00
0.000000000000000e+00 0.000000000000000e+00 1.000000000000000e+00
0.000000000000000e+00 0.000000000000000e+00 1.000000000000000e+00
0.000000000000000e+00 0.000000000000000e+00 1.000000000000000e+00
0.000000000000000e+00 0.000000000000000e+00 1.000000000000000e+00
0.000000000000000e+00 0.000000000000000e+00 1.000000000000000e+00
0.000000000000000e+00 0.000000000000000e+00 1.000000000000000e+00
0.000000000000000e+00 0.000000000000000e+00 1.000000000000000e+00
0.000000000000000e+00 0.000000000000000e+00 1.000000000000000e+00
0.000000000000000e+00 0.000000000000000e+00 1.000000000000000e+00
0.000000000000000e+00 0.000000000000000e+00 1.000000000000000e+00
0.000000000000000e+00 0.000000000000000e+00 1.000000000000000e+00
0.000000000000000e+00 0.000000000000000e+00 1.000000000000000e+00
0.000000000000000e+00 0.000000000000000e+00 1.000000000000000e+00
0.000000000000000e+00 0.000000000000000e+00 1.000000000000000e+00
0.000000000000000e+00 0.000000000000000e+00 1.000000000000000e+00
0.000000000000000e+00 0.000000000000000e+00 1.000000000000000e+00
0.000000000000000e+00 0.000000000000000e+00 1.000000000000000e+00
0.000000000000000e+00 0.000000000000000e+00 1.000000000000000e+00
0.000000000000000e+00 0.000000000000000e+00 1.000000000000000e+00
0.000000000000000e+00 0.000000000000000e+00 1.000000000000000e+00
0.000000000000000e+00 0.000000000000000e+00 1.000000000000000e+00
0.000000000000000e+00 0.000000000000000e+00 1.000000000000000e+00
0.000000000000000e+00 0.000000000000000e+00 1.000000000000000e+00
0.000000000000000e+00 0.000000000000000e+00 1.000000000000000e+00
0.000000000000000e+00 0.000000000000000e+00 1.000000000000000e+00
0.000000000000000e+00 0.000000000000000e+00 1.000000000000000e+00
0.000000000000000e+00 0.000000000000000e+00 1.000000000000000e+00
0.000000000000000e+00 0.000000000000000e+00 1.000000000000000e+00
0.000000000000000e+00 0.000000000000000e+00 1.000000000000000e+00
0.000000000000000e+00 0.000000000000000e+00 1.000000000000000e+00
0.000000000000000e+00 0.000000000000000e+00 1.000000000000000e+00
0.000000000000000e+00 0.000000000000000e+00 1.000000000000000e+00
0.000000000000000e+00 0.000000000000000e+00 1.000000000000000e+00
0.000000000000000e+00 0.000000000000000e+00 1.000000000000000e+00
0.000000000000000e+00 0.000000000000000e+00 1.000000000000000e+00
0.000000000000000e+00 0.000000000000000e+00 1.000000000000000e+00
0.000000000000000e+00 0.000000000000000e+00 1.000000000000000e+00
0.000000000000000e+00 0.000000000000000e+00 1.000000000000000e+00
0.000000000000000e+00 0.000000000000000e+00 1.000000000000000e+00
0.000000000000000e+00 0.000000000000000e+00 1.000000000000000e+00
0.000000000000000e+00 0.000000000000000e+00 1.000000000000000e+00
0.000000000000000e+00 0.000000000000000e+00 1.000000000000000e+00
0.000000000000000e+00 0.000000000000000e+00 1.000000000000000e+00
0.000000000000000e+00 0.000000000000000e+00 1.000000000000000e+00
0.000000000000000e+00 0.000000000000000e+00 1.000000000000000e+00
0.000000000000000e+00 0.000000000000000e+00 1.000000000000000e+00
0.000000000000000e+00 0.000000000000000e+00 1.000000000000000e+00
0.000000000000000e+00 0.000000000000000e+00 1.000000000000000e+00
0.000000000000000e+00 0.000000000000000e+00 1.000000000000000e+00
0.000000000000000e+00 0.000000000000000e+00 1.000000000000000e+00
0.000000000000000e+00 0.000000000000000e+00 1.000000000000000e+00
0.000000000000000e+00 0.000000000000000e+00 1.000000000000000e+00
0.000000000000000e+00 0.000000000000000e+00 1.000000000000000e+00
0.000000000000000e+00 0.000000000000000e+00 1.000000000000000e+00
0.000000000000000e+00 0.000000000000000e+00 1.000000000000000e+00
0.000000000000000e+00 0.000000000000000e+00 1.000000000000000e+00
0.000000000000000e+00 0.000000000000000e+00 1.000000000000000e+00
0.000000000000000e+00 0.000000000000000e+00 1.000000000000000e+00
0.000000000000000e+00 0.000000000000000e+00 1.000000000000000e+00
0.000000000000000e+00 0.000000000000000e+00 1.000000000000000e+00
0.000000000000000e+00 0.000000000000000e+00 1.000000000000000e+00
0.000000000000000e+00 0.000000000000000e+00 1.000000000000000e+00
0.000000000000000e+00 0.000000000000000e+00 1.000000000000000e+00
0.000000000000000e+00 0.000000000000000e+00 1.000000000000000e+00
0.000000000000000e+00 0.000000000000000e+00 1.000000000000000e+00
0.000000000000000e+00 0.000000000000000e+00 1.000000000000000e+00
0.000000000000000e+00 0.000000000000000e+00 1.000000000000000e+00
0.000000000000000e+00 0.000000000000000e+00 1.000000000000000e+00
0.000000000000000e+00 0.000000000000000e+00 1.000000000000000e+00
0.000000000000000e+00 0.000000000000000e+00 1.000000000000000e+00
0.000000000000000e+00 0.000000000000000e+00 1.000000000000000e+00
0.000000000000000e+00 0.000000000000000e+00 1.000000000000000e+00
0.000000000000000e+00 0.000000000000000e+00 1.000000000000000e+00
0.000000000000000e+00 0.000000000000000e+00 1.000000000000000e+00
0.000000000000000e+00 0.000000000000000e+00 1.000000000000000e+00
0.000000000000000e+00 0.000000000000000e+00 1.000000000000000e+00
0.000000000000000e+00 0.000000000000000e+00 1.000000000000000e+00
0.000000000000000e+00 0.000000000000000e+00 1.000000000000000e+00
0.000000000000000e+00 0.000000000000000e+00 1.000000000000000e+00
0.000000000000000e+00 0.000000000000000e+00 1.000000000000000e+00
0.000000000000000e+00 0.000000000000000e+00 1.000000000000000e+00
0.000000000000000e+00 0.000000000000000e+00 1.000000000000000e+00
0.000000000000000e+00 0.000000000000000e+00 1.000000000000000e+00
0.000000000000000e+00 0.000000000000000e+00 1.000000000000000e+00
0.000000000000000e+00 0.000000000000000e+00 1.000000000000000e+00
0.000000000000000e+00 0.000000000000000e+00 1.000000000000000e+00
0.000000000000000e+00 0.000000000000000e+00 1.000000000000000e+00
0.000000000000000e+00 0.000000000000000e+00 1.000000000000000e+00
0.000000000000000e+00 0.000000000000000e+00 1.000000000000000e+00
0.000000000000000e+00 0.000000000000000e+00 1.000000000000000e+00
0.000000000000000e+00 0.000000000000000e+00 1.000000000000000e+00
0.000000000000000e+00 0.000000000000000e+00 1.000000000000000e+00
0.000000000000000e+00 0.000000000000000e+00 1.000000000000000e+00
0.000000000000000e+00 0.000000000000000e+00 1.000000000000000e+00
0.000000000000000e+00 0.000000000000000e+00 1.000000000000000e+00
0.000000000000000e+00 0.000000000000000e+00 1.000000000000000e+00
0.000000000000000e+00 0.000000000000000e+00 1.000000000000000e+00
0.000000000000000e+00 0.000000000000000e+00 1.000000000000000e+00
0.000000000000000e+00 0.000000000000000e+00 1.000000000000000e+00
0.000000000000000e+00 0.000000000000000e+00 1.000000000000000e+00
0.000000000000000e+00 0.000000000000000e+00 1.000000000000000e+00
0.000000000000000e+00 0.000000000000000e+00 1.000000000000000e+00
0.000000000000000e+00 0.000000000000000e+00 1.000000000000000e+00
0.000000000000000e+00 0.000000000000000e+00 1.000000000000000e+00
0.000000000000000e+00 0.000000000000000e+00 1.000000000000000e+00
0.000000000000000e+00 0.000000000000000e+00 1.000000000000000e+00
0.000000000000000e+00 0.000000000000000e+00 1.000000000000000e+00
0.000000000000000e+00 0.000000000000000e+00 1.000000000000000e+00
0.000000000000000e+00 0.000000000000000e+00 1.000000000000000e+00
0.000000000000000e+00 0.000000000000000e+00 1.000000000000000e+00
0.000000000000000e+00 0.000000000000000e+00 1.000000000000000e+00
0.000000000000000e+00 0.000000000000000e+00 1.000000000000000e+00
0.000000000000000e+00 0.000000000000000e+00 1.000000000000000e+00
0.000000000000000e+00 0.000000000000000e+00 1.000000000000000e+00
0.000000000000000e+00 0.000000000000000e+00 1.000000000000000e+00
0.000000000000000e+00 0.000000000000000e+00 1.000000000000000e+00
0.000000000000000e+00 0.000000000000000e+00 1.000000000000000e+00
0.000000000000000e+00 0.000000000000000e+00 1.000000000000000e+00
0.000000000000000e+00 0.000000000000000e+00 1.000000000000000e+00
0.000000000000000e+00 0.000000000000000e+00 1.000000000000000e+00
0.000000000000000e+00 0.000000000000000e+00 1.000000000000000e+00
0.000000000000000e+00 0.000000000000000e+00 1.000000000000000e+00
0.000000000000000e+00 0.000000000000000e+00 1.000000000000000e+00
0.000000000000000e+00 0.000000000000000e+00 1.000000000000000e+00
0.000000000000000e+00 0.000000000000000e+00 1.000000000000000e+00
0.000000000000000e+00 0.000000000000000e+00 1.000000000000000e+00
0.000000000000000e+00 0.000000000000000e+00 1.000000000000000e+00
0.000000000000000e+00 0.000000000000000e+00 1.000000000000000e+00
0.000000000000000e+00 0.000000000000000e+00 1.000000000000000e+00
0.000000000000000e+00 0.000000000000000e+00 1.000000000000000e+00
0.000000000000000e+00 0.000000000000000e+00 1.000000000000000e+00
0.000000000000000e+00 0.000000000000000e+00 1.000000000000000e+00
0.000000000000000e+00 0.000000000000000e+00 1.000000000000000e+00
0.000000000000000e+00 0.000000000000000e+00 1.000000000000000e+00
0.000000000000000e+00 0.000000000000000e+00 1.000000000000000e+00
0.000000000000000e+00 0.000000000000000e+00 1.000000000000000e+00
0.000000000000000e+00 0.000000000000000e+00 1.000000000000000e+00
0.000000000000000e+00 0.000000000000000e+00 1.000000000000000e+00
0.000000000000000e+00 0.000000000000000e+00 1.000000000000000e+00
0.000000000000000e+00 0.000000000000000e+00 1.000000000000000e+00
0.000000000000000e+00 0.000000000000000e+00 1.000000000000000e+00
0.000000000000000e+00 0.000000000000000e+00 1.000000000000000e+00
0.000000000000000e+00 0.000000000000000e+00 1.000000000000000e+00
0.000000000000000e+00 0.000000000000000e+00 1.000000000000000e+00
0.000000000000000e+00 0.000000000000000e+00 1.000000000000000e+00
0.000000000000000e+00 0.000000000000000e+00 1.000000000000000e+00
0.000000000000000e+00 0.000000000000000e+00 1.000000000000000e+00
0.000000000000000e+00 0.000000000000000e+00 1.000000000000000e+00
0.000000000000000e+00 0.000000000000000e+00 1.000000000000000e+00
0.000000000000000e+00 0.000000000000000e+00 1.000000000000000e+00
0.000000000000000e+00 0.000000000000000e+00 1.000000000000000e+00
0.000000000000000e+00 0.000000000000000e+00 1.000000000000000e+00
0.000000000000000e+00 0.000000000000000e+00 1.000000000000000e+00
0.000000000000000e+00 0.000000000000000e+00 1.000000000000000e+00
0.000000000000000e+00 0.000000000000000e+00 1.000000000000000e+00
0.000000000000000e+00 0.000000000000000e+00 1.000000000000000e+00
0.000000000000000e+00 0.000000000000000e+00 1.000000000000000e+00
0.000000000000000e+00 0.000000000000000e+00 1.000000000000000e+00
0.000000000000000e+00 0.000000000000000e+00 1.000000000000000e+00
0.000000000000000e+00 0.000000000000000e+00 1.000000000000000e+00
0.000000000000000e+00 0.000000000000000e+00 1.000000000000000e+00
0.000000000000000e+00 0.000000000000000e+00 1.000000000000000e+00
0.000000000000000e+00 0.000000000000000e+00 1.000000000000000e+00
0.000000000000000e+00 0.000000000000000e+00 1.000000000000000e+00
0.000000000000000e+00 0.000000000000000e+00 1.000000000000000e+00
0.000000000000000e+00 0.000000000000000e+00 1.000000000000000e+00
0.000000000000000e+00 0.000000000000000e+00 1.000000000000000e+00
0.000000000000000e+00 0.000000000000000e+00 1.000000000000000e+00
0.000000000000000e+00 0.000000000000000e+00 1.000000000000000e+00
0.000000000000000e+00 0.000000000000000e+00 1.000000000000000e+00
0.000000000000000e+00 0.000000000000000e+00 1.000000000000000e+00
0.000000000000000e+00 0.000000000000000e+00 1.000000000000000e+00
0.000000000000000e+00 0.000000000000000e+00 1.000000000000000e+00
0.000000000000000e+00 0.000000000000000e+00 1.000000000000000e+00
0.000000000000000e+00 0.000000000000000e+00 1.000000000000000e+00
0.000000000000000e+00 0.000000000000000e+00 1.000000000000000e+00
0.000000000000000e+00 0.000000000000000e+00 1.000000000000000e+00
0.000000000000000e+00 0.000000000000000e+00 1.000000000000000e+00
0.000000000000000e+00 0.000000000000000e+00 1.000000000000000e+00
0.000000000000000e+00 0.000000000000000e+00 1.000000000000000e+00
0.000000000000000e+00 0.000000000000000e+00 1.000000000000000e+00
0.000000000000000e+00 0.000000000000000e+00 1.000000000000000e+00
0.000000000000000e+00 0.000000000000000e+00 1.000000000000000e+00
0.000000000000000e+00 0.000000000000000e+00 1.000000000000000e+00
0.000000000000000e+00 0.000000000000000e+00 1.000000000000000e+00
0.000000000000000e+00 0.000000000000000e+00 1.000000000000000e+00
0.000000000000000e+00 0.000000000000000e+00 1.000000000000000e+00
0.000000000000000e+00 0.000000000000000e+00 1.000000000000000e+00
0.000000000000000e+00 0.000000000000000e+00 1.000000000000000e+00
0.000000000000000e+00 0.000000000000000e+00 1.000000000000000e+00
0.000000000000000e+00 0.000000000000000e+00 1.000000000000000e+00
0.000000000000000e+00 0.000000000000000e+00 1.000000000000000e+00
0.000000000000000e+00 0.000000000000000e+00 1.000000000000000e+00
0.000000000000000e+00 0.000000000000000e+00 1.000000000000000e+00
0.000000000000000e+00 0.000000000000000e+00 1.000000000000000e+00
0.000000000000000e+00 0.000000000000000e+00 1.000000000000000e+00
0.000000000000000e+00 0.000000000000000e+00 1.000000000000000e+00
0.000000000000000e+00 0.000000000000000e+00 1.000000000000000e+00
0.000000000000000e+00 0.000000000000000e+00 1.000000000000000e+00
0.000000000000000e+00 0.000000000000000e+00 1.000000000000000e+00
0.000000000000000e+00 0.000000000000000e+00 1.000000000000000e+00
0.000000000000000e+00 0.000000000000000e+00 1.000000000000000e+00
0.000000000000000e+00 0.000000000000000e+00 1.000000000000000e+00
0.000000000000000e+00 0.000000000000000e+00 1.000000000000000e+00
0.000000000000000e+00 0.000000000000000e+00 1.000000000000000e+00
0.000000000000000e+00 0.000000000000000e+00 1.000000000000000e+00
0.000000000000000e+00 0.000000000000000e+00 1.000000000000000e+00
0.000000000000000e+00 0.000000000000000e+00 1.000000000000000e+00
0.000000000000000e+00 0.000000000000000e+00 1.000000000000000e+00
0.000000000000000e+00 0.000000000000000e+00 1.000000000000000e+00
0.000000000000000e+00 0.000000000000000e+00 1.000000000000000e+00
0.000000000000000e+00 0.000000000000000e+00 1.000000000000000e+00
0.000000000000000e+00 0.000000000000000e+00 1.000000000000000e+00
0.000000000000000e+00 0.000000000000000e+00 1.000000000000000e+00
0.000000000000000e+00 0.000000000000000e+00 1.000000000000000e+00
0.000000000000000e+00 0.000000000000000e+00 1.000000000000000e+00
0.000000000000000e+00 0.000000000000000e+00 1.000000000000000e+00
0.000000000000000e+00 0.000000000000000e+00 1.000000000000000e+00
0.000000000000000e+00 0.000000000000000e+00 1.000000000000000e+00
0.000000000000000e+00 0.000000000000000e+00 1.000000000000000e+00
0.000000000000000e+00 0.000000000000000e+00 1.000000000000000e+00
0.000000000000000e+00 0.000000000000000e+00 1.000000000000000e+00
0.000000000000000e+00 0.000000000000000e+00 1.000000000000000e+00
0.000000000000000e+00 0.000000000000000e+00 1.000000000000000e+00
0.000000000000000e+00 0.000000000000000e+00 1.000000000000000e+00
0.000000000000000e+00 0.000000000000000e+00 1.000000000000000e+00
0.000000000000000e+00 0.000000000000000e+00 1.000000000000000e+00
0.000000000000000e+00 0.000000000000000e+00 1.000000000000000e+00
0.000000000000000e+00 0.000000000000000e+00 1.000000000000000e+00
0.000000000000000e+00 0.000000000000000e+00 1.000000000000000e+00
0.000000000000000e+00 0.000000000000000e+00 1.000000000000000e+00
0.000000000000000e+00 0.000000000000000e+00 1.000000000000000e+00
0.000000000000000e+00 0.000000000000000e+00 1.000000000000000e+00
0.000000000000000e+00 0.000000000000000e+00 1.000000000000000e+00
0.000000000000000e+00 0.000000000000000e+00 1.000000000000000e+00
0.000000000000000e+00 0.000000000000000e+00 1.000000000000000e+00
0.000000000000000e+00 0.000000000000000e+00 1.000000000000000e+00
0.000000000000000e+00 0.000000000000000e+00 1.000000000000000e+00
0.000000000000000e+00 0.000000000000000e+00 1.000000000000000e+00
0.000000000000000e+00 0.000000000000000e+00 1.000000000000000e+00
0.000000000000000e+00 0.000000000000000e+00 1.000000000000000e+00
0.000000000000000e+00 0.000000000000000e+00 1.000000000000000e+00
0.000000000000000e+00 0.000000000000000e+00 1.000000000000000e+00
0.000000000000000e+00 0.000000000000000e+00 1.000000000000000e+00
0.000000000000000e+00 0.000000000000000e+00 1.000000000000000e+00
0.000000000000000e+00 0.000000000000000e+00 1.000000000000000e+00
0.000000000000000e+00 0.000000000000000e+00 1.000000000000000e+00
0.000000000000000e+00 0.000000000000000e+00 1.000000000000000e+00
0.000000000000000e+00 0.000000000000000e+00 1.000000000000000e+00
0.000000000000000e+00 0.000000000000000e+00 1.000000000000000e+00
