frequency_hz,mode_id,modal_frequency_hz,zeta,modal_force_real,modal_force_imag,modal_force_abs,modal_coordinate_real,modal_coordinate_imag,modal_coordinate_abs,participation_abs,phase_rad
5.000000000000000e+01,1,1.695549108461087e+03,2.000000000000000e-02,-3.406006785269895e-01,-1.488699265792414e+01,1.489088846306024e+01,-3.158590153385249e-09,-1.312780092446615e-07,1.313160020827565e-07,9.002199364031781e-01,-1.594851999804453e+00
5.000000000000000e+01,2,4.163610342847002e+03,2.000000000000000e-02,6.408605871901214e+00,8.303140654288798e-01,6.462170739667573e+00,9.365980201812959e-09,1.208903579430270e-09,9.443676879537528e-09,6.473991033135314e-02,1.283641861318203e-01
5.000000000000000e+01,3,9.242539562383385e+03,2.000000000000000e-02,2.150638856703388e+00,7.562777311976498e+00,7.862623491081645e+00,6.382166974983433e-10,2.242461022924401e-09,2.331512811952969e-09,1.598338574134147e-02,1.293522089336485e+00
5.000000000000000e+01,7,2.290483206751202e+04,2.000000000000000e-02,4.050565236585519e+00,-1.767741071225509e+01,1.813554322940413e+01,1.954961492055479e-10,-8.535234294030554e-10,8.756260553993071e-10,6.002741626323379e-03,-1.345634172103795e+00
5.000000000000000e+01,8,2.629674673175216e+04,2.000000000000000e-02,-1.967776223649296e+01,-5.463253549155009e+00,2.042208280216058e+01,-7.208130863799808e-10,-2.000645555510292e-10,7.480623850217737e-10,5.128245316557195e-03,-2.870853562864711e+00
1.000000000000000e+02,1,1.695549108461087e+03,2.000000000000000e-02,2.310190997360864e+03,-1.417883468638863e+03,2.710604356029584e+03,2.039608339706001e-05,-1.258469909985618e-05,2.396611919718643e-05,7.576448770454611e-01,-5.528370202187671e-01
1.000000000000000e+02,2,4.163610342847002e+03,2.000000000000000e-02,2.805513727618156e+03,-2.180212121025601e+02,2.813972374558889e+03,4.101382296723992e-06,-3.226919450386138e-07,4.114057223140409e-06,1.300583692060638e-01,-7.851707655635383e-02
1.000000000000000e+02,3,9.242539562383385e+03,2.000000000000000e-02,-2.549504526838729e+03,6.698873712916809e+03,7.167627386658643e+03,-7.552139127481851e-07,1.986926097563359e-06,2.125611293531059e-06,6.719730023385877e-02,1.934023373278607e+00
1.000000000000000e+02,4,1.318370094592269e+04,2.000000000000000e-02,4.619119806358564e+03,1.681098895298966e+03,4.915522483039762e+03,6.732830903132052e-07,2.448057204303343e-07,7.164076775531615e-07,2.264791401179006e-02,3.487388717181201e-01
1.000000000000000e+02,7,2.290483206751202e+04,2.000000000000000e-02,1.494484460526151e+03,4.880973123385652e+03,5.104643222985053e+03,7.219935961435587e-08,2.356554549720333e-07,2.464675252174190e-07,7.791618505384585e-03,1.273499590983540e+00
1.500000000000000e+02,1,1.695549108461087e+03,2.000000000000000e-02,8.244774039671828e+00,6.849204342219127e+00,1.071857728836807e+01,7.343277546597429e-08,6.056167443283685e-08,9.518449938275202e-08,7.314011573991261e-01,6.896350045336284e-01
1.500000000000000e+02,2,4.163610342847002e+03,2.000000000000000e-02,-3.134496501377189e+00,1.493747011731105e+01,1.526280058910246e+01,-4.554433632970646e-09,2.186108777342727e-08,2.233047299890053e-08,1.715881672181734e-01,1.776193484812683e+00
1.500000000000000e+02,4,1.318370094592269e+04,2.000000000000000e-02,1.095492324157283e+01,-4.700655736417211e+01,4.826620741740495e+01,1.593609867263628e-09,-6.852139924130008e-09,7.035013429190906e-09,5.405729922198869e-02,-1.342287371596517e+00
1.500000000000000e+02,6,2.128885113838474e+04,2.000000000000000e-02,1.500097045526687e+01,-5.403353266458917e+01,5.607719471242311e+01,8.375978664294181e-10,-3.020331996607579e-09,3.134322184393085e-09,2.408424573531207e-02,-1.300274697629670e+00
1.500000000000000e+02,5,1.767147235215834e+04,2.000000000000000e-02,-1.515052028879109e+01,-1.492161962331366e+01,2.126483005349278e+01,-1.229415816805504e-09,-1.210019152518248e-09,1.724995536247129e-09,1.325492847996317e-02,-2.364145616487747e+00
2.000000000000000e+02,1,1.695549108461087e+03,2.000000000000000e-02,-4.613373976537321e+01,-7.066308858842675e+02,7.081352489675429e+02,-4.424150864721603e-07,-6.311775298480433e-06,6.327261534601358e-06,8.266694064052718e-01,-1.640775476685845e+00
2.000000000000000e+02,2,4.163610342847002e+03,2.000000000000000e-02,6.958435020969101e+02,-1.656231382490475e+02,7.152826038244993e+02,1.018624675376357e-06,-2.445246108440838e-07,1.047563131555344e-06,1.368662236259947e-01,-2.355957448687573e-01
2.000000000000000e+02,3,9.242539562383385e+03,2.000000000000000e-02,-2.146840227644112e+02,-3.187407118760154e+02,3.842978936157982e+02,-6.377029787018927e-08,-9.450284073602770e-08,1.140063059555553e-07,1.489515246925454e-02,-2.164406989990916e+00
2.000000000000000e+02,7,2.290483206751202e+04,2.000000000000000e-02,-9.716825163327115e+01,-1.304159138828501e+03,1.307773959258772e+03,-4.713839285627697e-09,-6.297068046268034e-08,6.314686752914763e-08,8.250264859639899e-03,-1.645514652837672e+00
2.000000000000000e+02,8,2.629674673175216e+04,2.000000000000000e-02,-1.350835442127461e+03,2.275828793354196e+01,1.351027139393343e+03,-4.948362630257630e-08,8.487377481709922e-10,4.949090449585854e-08,6.466085907515602e-03,3.124442444581955e+00
2.500000000000000e+02,1,1.695549108461087e+03,2.000000000000000e-02,-2.293907620925890e+00,-2.976788145764198e+00,3.758095240690971e+00,-2.082139791697957e-08,-2.668547872701919e-08,3.384738374095397e-08,7.280339943331992e-01,-2.233379273550734e+00
2.500000000000000e+02,2,4.163610342847002e+03,2.000000000000000e-02,-5.914609037154000e+00,-4.978786086706865e-01,5.935527202477942e+00,-8.675216519348571e-09,-7.092052985103523e-10,8.704157271845075e-09,1.872204491320347e-01,-3.060023313377495e+00
2.500000000000000e+02,3,9.242539562383385e+03,2.000000000000000e-02,3.533207689143497e+00,-6.278831781134143e+00,7.204671061915518e+00,1.046424021162525e-09,-1.864310971104161e-09,2.137909873929508e-09,4.598497411065834e-02,-1.059324505599166e+00
2.500000000000000e+02,4,1.318370094592269e+04,2.000000000000000e-02,-4.321960131473753e+00,-2.285917245127325e+00,4.889249127383377e+00,-6.303424245448055e-10,-3.327810043843347e-10,7.127936370788325e-10,1.533170193328405e-02,-2.655846139449085e+00
2.500000000000000e+02,7,2.290483206751202e+04,2.000000000000000e-02,-1.618382736166832e+00,-1.027199001887299e+01,1.039869903538655e+01,-7.836477125518643e-11,-4.959779947983412e-10,5.021306689478954e-10,1.080048606974059e-02,-1.727501392809011e+00
3.000000000000000e+02,1,1.695549108461087e+03,2.000000000000000e-02,9.076397161335223e+01,1.922725887439111e+01,9.277815490109869e+01,8.267889610453158e-07,1.688434247739307e-07,8.438531200367649e-07,7.989666184021889e-01,2.014459724160452e-01
3.000000000000000e+02,2,4.163610342847002e+03,2.000000000000000e-02,7.913230641368408e+01,-1.963568751208247e+01,8.153209271459514e+01,1.161444665003054e-07,-2.917725379995181e-08,1.197532848733068e-07,1.133833303284005e-01,-2.461220405438223e-01
3.000000000000000e+02,4,1.318370094592269e+04,2.000000000000000e-02,-2.895535886866353e+02,7.765613335425462e+01,2.997861834188543e+02,-4.220977362108663e-08,1.136156425970471e-08,4.371212796891476e-08,4.138697865449141e-02,2.878655479644552e+00
3.000000000000000e+02,6,2.128885113838474e+04,2.000000000000000e-02,-4.202891051002503e+02,1.281685224908636e+02,4.393974306063478e+02,-2.349066893521510e-08,7.178033349022776e-09,2.456289253698682e-08,2.325633540064141e-02,2.845034036830346e+00
3.000000000000000e+02,5,1.767147235215834e+04,2.000000000000000e-02,-2.117010041592732e+02,-3.851182248817032e+01,2.151754531386072e+02,-1.717893964206013e-08,-3.113072240577231e-09,1.745872807510896e-08,1.653005789818663e-02,-2.962323620245661e+00
3.500000000000000e+02,1,1.695549108461087e+03,2.000000000000000e-02,3.506502077977836e-02,-1.103952370837661e+00,1.104509118459589e+00,2.350655474007428e-10,-1.016173320855609e-08,1.016445166319593e-08,8.087368145601621e-01,-1.547668025012314e+00
3.500000000000000e+02,2,4.163610342847002e+03,2.000000000000000e-02,1.178938951224962e+00,-1.527983617044126e-01,1.188799558401232e+00,1.734105698592786e-09,-2.307253135959400e-10,1.749387534031816e-09,1.391904008778872e-01,-1.322745828364896e-01
3.500000000000000e+02,3,9.242539562383385e+03,2.000000000000000e-02,-3.218193785884644e-01,-7.599705481282197e-01,8.253017305551784e-01,-9.590582415411952e-11,-2.255264895184718e-10,2.450716723352706e-10,1.949918108627618e-02,-1.972881277684617e+00
3.500000000000000e+02,7,2.290483206751202e+04,2.000000000000000e-02,-4.078244213689681e-01,-3.041729515725125e+00,3.068947572947172e+00,-1.978501284786900e-11,-1.468832545677903e-10,1.482097743261781e-10,1.179234303501486e-02,-1.704689332472472e+00
3.500000000000000e+02,8,2.629674673175216e+04,2.000000000000000e-02,-3.472954716352706e+00,5.597788594763118e-01,3.517778678847364e+00,-1.272257086207076e-10,2.057604450846655e-11,1.288788366709429e-10,1.025427276228552e-02,2.981252327807754e+00
4.000000000000000e+02,1,1.695549108461087e+03,2.000000000000000e-02,-6.186234144453952e+01,-1.068290277991359e+02,1.234479261450323e+02,-5.870861236847435e-07,-9.908641395071514e-07,1.151729942123771e-06,8.618991439537323e-01,-2.105682213298389e+00
4.000000000000000e+02,2,4.163610342847002e+03,2.000000000000000e-02,-4.637214431601633e+01,-4.277980845078686e+01,6.309110697674800e+01,-6.863235429753528e-08,-6.282458041931402e-08,9.304476321258098e-08,6.963021349815966e-02,-2.400345828602699e+00
4.000000000000000e+02,3,9.242539562383385e+03,2.000000000000000e-02,1.656992897366002e+02,6.066190613278307e+01,1.764543042118167e+02,4.925687208187943e-08,1.793594311473870e-08,5.242077357981066e-08,3.922917883902318e-02,3.492076060818647e-01
4.000000000000000e+02,4,1.318370094592269e+04,2.000000000000000e-02,3.865189006527778e+01,-1.166531975555736e+02,1.228899389924090e+02,5.617467075977126e-09,-1.702300867857437e-08,1.792592426684062e-08,1.341489720383512e-02,-1.252055430010757e+00
4.000000000000000e+02,7,2.290483206751202e+04,2.000000000000000e-02,1.098953330007704e+02,-1.099928530736776e+02,1.554844427672359e+02,5.303880187160449e-09,-5.316010805235039e-09,7.509401835108363e-09,5.619674175831169e-03,-7.865404173817397e-01
4.500000000000000e+02,1,1.695549108461087e+03,2.000000000000000e-02,6.641856606661746e-01,1.350696342717985e+00,1.505165506536176e+00,6.440874800283090e-09,1.272905687142993e-08,1.426582479315582e-08,7.674637398964821e-01,1.102361996650030e+00
4.500000000000000e+02,2,4.163610342847002e+03,2.000000000000000e-02,1.086533126857782e+00,1.322835769762753e+00,1.711855341295860e+00,1.614895487936771e-09,1.948666243560747e-09,2.530847203161758e-09,1.361529030257634e-01,8.787878320299380e-01
4.500000000000000e+02,4,1.318370094592269e+04,2.000000000000000e-02,-3.552338934022823e+00,-4.819672509816733e+00,5.987349580912872e+00,-5.192662830856864e-10,-7.025072429034458e-10,8.735868011144773e-10,4.699666533330584e-02,-2.207324609732384e+00
4.500000000000000e+02,6,2.128885113838474e+04,2.000000000000000e-02,-4.449839828787593e+00,-7.023978926126861e+00,8.314887519175388e+00,-2.491457383151034e-10,-3.925364541557545e-10,4.649284533793891e-10,2.501192428677656e-02,-2.136345711372349e+00
4.500000000000000e+02,5,1.767147235215834e+04,2.000000000000000e-02,-1.944541088300991e+00,-3.629393129889672e+00,4.117491291476055e+00,-1.581315715786159e-10,-2.944237477031217e-10,3.342019406608442e-10,1.797918276574422e-02,-2.063672567278317e+00
5.000000000000000e+02,1,1.695549108461087e+03,2.000000000000000e-02,-9.181454968523094e+01,3.463276117663192e+01,9.812919891968630e+01,-8.815504751075820e-07,3.455967466614714e-07,9.468729331147853e-07,8.450269933310798e-01,2.767973319915427e+00
5.000000000000000e+02,2,4.163610342847002e+03,2.000000000000000e-02,-5.547238919454312e+01,-6.703726238352914e+01,8.701253076901622e+01,-8.272289655012496e-08,-9.898277604050713e-08,1.289987114909597e-07,1.151235709697646e-01,-2.266947488761198e+00
5.000000000000000e+02,3,9.242539562383385e+03,2.000000000000000e-02,-2.190449991454577e+00,5.260848740832385e+01,5.265406934470339e+01,-6.174666537098330e-10,1.564672648427395e-08,1.565890528555951e-08,1.397462868516532e-02,1.610238853053726e+00
5.000000000000000e+02,7,2.290483206751202e+04,2.000000000000000e-02,-1.839384954613609e+02,1.431484487496510e+02,2.330769153992316e+02,-8.879121041172490e-09,6.922557764153160e-09,1.125880084475382e-08,1.004780081215226e-02,2.479387433408395e+00
5.000000000000000e+02,8,2.629674673175216e+04,2.000000000000000e-02,1.730900985882021e+02,2.152775791476907e+02,2.762329059199207e+02,6.348571103102701e-09,7.883626670732235e-09,1.012205139952526e-08,9.033320481922135e-03,8.928407519117001e-01
5.500000000000000e+02,1,1.695549108461087e+03,2.000000000000000e-02,6.607448823516336e-01,-5.967005623148429e-01,8.903007135910450e-01,6.419802301678505e-09,-5.968804504477936e-09,8.765870681530313e-09,8.089306618587092e-01,-7.490099938918159e-01
5.500000000000000e+02,2,4.163610342847002e+03,2.000000000000000e-02,6.121610868680235e-02,-8.930524259590180e-01,8.951480589679239e-01,8.389111405208615e-11,-1.328524973187027e-09,1.331171034615196e-09,1.228429103280388e-01,-1.507733999334563e+00
5.500000000000000e+02,3,9.242539562383385e+03,2.000000000000000e-02,7.289206035263904e-01,9.710807484836056e-01,1.214217058981119e+00,2.175984915438180e-10,2.884507682930377e-10,3.613211165306959e-10,3.334337689404264e-02,9.245045325921422e-01
5.500000000000000e+02,4,1.318370094592269e+04,2.000000000000000e-02,6.707858280355673e-01,-5.491640638975477e-01,8.669110658942079e-01,9.779349996034982e-11,-8.033574783220943e-11,1.265598712635853e-10,1.167917759062039e-02,-6.877040606997664e-01
5.500000000000000e+02,7,2.290483206751202e+04,2.000000000000000e-02,2.295333290839967e+00,1.302191164465610e-01,2.299024126521154e+00,1.108933635288411e-10,6.184303989284505e-12,1.110656728722767e-10,1.024934447819951e-02,5.571031951817194e-02
6.000000000000000e+02,1,1.695549108461087e+03,2.000000000000000e-02,1.167606933292399e+01,1.102054511127709e+01,1.605562236778573e+01,1.193678611930710e-07,1.090690099204010e-07,1.616933369401003e-07,6.950060467067928e-01,7.403446568717391e-01
6.000000000000000e+02,2,4.163610342847002e+03,2.000000000000000e-02,2.407909728202072e+01,1.916166916139574e+01,3.077291814189551e+01,3.609679202221608e-08,2.837969018622566e-08,4.591715593720146e-08,1.973655911112519e-01,6.662761983947247e-01
6.000000000000000e+02,4,1.318370094592269e+04,2.000000000000000e-02,-7.467966241920806e+01,-6.015514249117961e+01,9.589417681580565e+01,-1.092206166997723e-08,-8.765015742782581e-09,1.400417552353627e-08,6.019411097692034e-02,-2.465325767782161e+00
6.000000000000000e+02,6,2.128885113838474e+04,2.000000000000000e-02,-8.461373310015433e+01,-6.958396502394386e+01,1.095509562605347e+02,-4.737224782395612e-09,-3.886809933538271e-09,6.127690437546184e-09,2.633863575973861e-02,-2.454486577030956e+00
6.000000000000000e+02,5,1.767147235215834e+04,2.000000000000000e-02,-2.428162533256082e+01,-3.769754680844927e+01,4.484085597048838e+01,-1.976007055266349e-09,-3.058633947026689e-09,3.641407077541105e-09,1.565185050482024e-02,-2.144384333120546e+00
6.500000000000000e+02,1,1.695549108461087e+03,2.000000000000000e-02,-8.438053165059682e-02,-2.529423782879502e-02,8.809013899964636e-02,-8.759658719956131e-10,-2.455135593439255e-10,9.097214500729100e-10,4.824022532944325e-01,-2.868326606699092e+00
6.500000000000000e+02,2,4.163610342847002e+03,2.000000000000000e-02,3.221541397469856e-01,-2.692204887528628e-01,4.198368270178912e-01,4.798797604812104e-10,-4.062745877818106e-10,6.287635685985504e-10,3.334174018399585e-01,-7.025270494001961e-01
6.500000000000000e+02,3,9.242539562383385e+03,2.000000000000000e-02,-3.513450921489502e-01,-5.138577709103742e-01,6.224895039292895e-01,-1.051316121654689e-10,-1.528305203672506e-10,1.854988512962686e-10,9.836534451471605e-02,-2.173353007097665e+00
6.500000000000000e+02,4,1.318370094592269e+04,2.000000000000000e-02,3.788908619911929e-01,-2.538292135612688e-01,4.560565260552265e-01,5.527890394918233e-11,-3.719136890783441e-11,6.662548418631986e-11,3.532980748748685e-02,-5.922332882947121e-01
6.500000000000000e+02,7,2.290483206751202e+04,2.000000000000000e-02,-4.470288528955343e-01,-6.302166045091383e-01,7.726627750319831e-01,-2.163544975956695e-11,-3.042811879561247e-11,3.733581524138251e-11,1.979823758094750e-02,-2.188889833729172e+00
7.000000000000000e+02,1,1.695549108461087e+03,2.000000000000000e-02,3.321889874652922e+01,1.641024623221629e+01,3.705119991760226e+01,3.561522169815219e-07,1.672062323601792e-07,3.934492671246692e-07,7.597788648722217e-01,4.389346325717674e-01
7.000000000000000e+02,2,4.163610342847002e+03,2.000000000000000e-02,4.651932163835404e+01,-3.100631811829374e+01,5.590562627272379e+01,6.962370365624008e-08,-4.710509651228199e-08,8.406158592510219e-08,1.623289752203184e-01,-5.948253607099899e-01
7.000000000000000e+02,3,9.242539562383385e+03,2.000000000000000e-02,7.962033392183904e+00,6.117137526694595e+01,6.168736603055587e+01,2.430106337340184e-09,1.823592841396809e-08,1.839713298125959e-08,3.552618846021564e-02,1.438317574061690e+00
7.000000000000000e+02,7,2.290483206751202e+04,2.000000000000000e-02,7.019278975013874e+01,1.237664230385913e+02,1.422854708136946e+02,3.399536288130099e-09,5.977128085940439e-09,6.876256767315440e-09,1.327854693801077e-02,1.053666123859874e+00
7.000000000000000e+02,4,1.318370094592269e+04,2.000000000000000e-02,4.556076085676456e+01,-6.701628955660752e+00,4.605100173184771e+01,6.656479155701422e-09,-9.936041458898659e-10,6.730227629806962e-09,1.299655415875035e-02,-1.481746860579444e-01
7.500000000000000e+02,1,1.695549108461087e+03,2.000000000000000e-02,2.019538160176000e-01,-2.650892581187008e-02,2.036861972539373e-01,2.204783466345289e-09,-3.388829677437313e-10,2.230675189106730e-09,7.205321196262126e-01,-1.525099841954097e-01
7.500000000000000e+02,2,4.163610342847002e+03,2.000000000000000e-02,2.546977385165648e-01,-2.566823612443404e-01,3.616030594165687e-01,3.817288291143406e-10,-3.904764962995148e-10,5.460666563152803e-10,1.763854133732519e-01,-7.967258410733873e-01
7.500000000000000e+02,4,1.318370094592269e+04,2.000000000000000e-02,-8.592867226118233e-01,8.460297812351788e-01,1.205877299891582e+00,-1.253521923476822e-10,1.239831254335822e-10,1.763093517617533e-10,5.694982019578171e-02,2.361685301392240e+00
7.500000000000000e+02,6,2.128885113838474e+04,2.000000000000000e-02,-1.120815274770653e+00,1.062719283286405e+00,1.544538492633960e+00,-6.263642332225326e-11,5.955779931311524e-11,8.643178226570260e-11,2.791839689754053e-02,2.381383675010839e+00
7.500000000000000e+02,5,1.767147235215834e+04,2.000000000000000e-02,-4.876229968698343e-01,4.557769508067806e-02,4.897484184407191e-01,-3.961791868362920e-11,3.771030454470649e-12,3.979698671396116e-11,1.285485548580899e-02,3.046693593890391e+00
8.000000000000000e+02,1,1.695549108461087e+03,2.000000000000000e-02,5.471634380631246e+00,6.229823685963433e-01,5.506985548091422e+00,6.215051238595567e-08,5.552044958770166e-09,6.239800792542206e-08,4.850178679860940e-01,8.909574769715622e-02
8.000000000000000e+02,2,4.163610342847002e+03,2.000000000000000e-02,1.905776738977644e+01,1.963028183632117e+01,2.735957716881289e+01,2.914986658804578e-08,2.955003355046716e-08,4.150806192698718e-08,3.226409362959788e-01,7.922152237768230e-01
8.000000000000000e+02,3,9.242539562383385e+03,2.000000000000000e-02,2.771109547494713e+01,-3.162082740875285e+01,4.204499421376784e+01,8.245933579821133e-09,-9.475828565633354e-09,1.256131950107531e-08,9.763876453853126e-02,-8.546873293531009e-01
8.000000000000000e+02,4,1.318370094592269e+04,2.000000000000000e-02,2.283230331606731e+01,2.023360635838707e+01,3.050758759690873e+01,3.346966980032448e-09,2.951500317038731e-09,4.462459197226038e-09,3.468656320567737e-02,7.226927166552582e-01
8.000000000000000e+02,7,2.290483206751202e+04,2.000000000000000e-02,6.135094107858014e+01,-1.594023574142110e+01,6.338792540160539e+01,2.964685799336111e-09,-7.747148541661365e-10,3.064236445519643e-09,2.381821915833495e-02,-2.555987619485228e-01
8.500000000000000e+02,1,1.695549108461087e+03,2.000000000000000e-02,1.776865960181781e-01,-1.216556072479010e-01,2.153430128408693e-01,2.051281502922655e-09,-1.486640882339084e-09,2.533348952922703e-09,7.725712188842365e-01,-6.271361914007484e-01
8.500000000000000e+02,2,4.163610342847002e+03,2.000000000000000e-02,-5.942671896161369e-02,-3.196486073817806e-01,3.251257712449974e-01,-9.475480401487230e-11,-4.865651326010397e-10,4.957056597891174e-10,1.511706175926795e-01,-1.763131314487917e+00
8.500000000000000e+02,3,9.242539562383385e+03,2.000000000000000e-02,3.523842143949187e-01,8.905295540830177e-02,3.634626025077092e-01,1.054784813121755e-10,2.624011828913067e-11,1.086933936711451e-10,3.314718548200844e-02,2.438227928799487e-01
8.500000000000000e+02,7,2.290483206751202e+04,2.000000000000000e-02,9.495802657567648e-01,2.142968393221345e-03,9.495826838291769e-01,4.591099670906641e-11,3.536527278278067e-14,4.591101033001154e-11,1.400104204750115e-02,7.703005450322227e-04
8.500000000000000e+02,8,2.629674673175216e+04,2.000000000000000e-02,-4.108798336375501e-02,1.175191174980166e+00,1.175909231245407e+00,-1.450848369265640e-12,4.309408371261634e-11,4.311849964946120e-11,1.314943675335838e-02,1.604450611886069e+00
9.000000000000000e+02,1,1.695549108461087e+03,2.000000000000000e-02,5.379150137344929e+00,-4.003133316781593e-01,5.394025117073264e+00,6.578424418214451e-08,-6.855344461297643e-09,6.614047573384287e-08,6.069641684910400e-01,-1.038347328768720e-01
9.000000000000000e+02,2,4.163610342847002e+03,2.000000000000000e-02,1.124915078056770e+01,-1.451142119314608e+01,1.836095690123029e+01,1.703939903492931e-08,-2.239746113515378e-08,2.814227042674905e-08,2.582586469102384e-01,-9.204356413637126e-01
9.000000000000000e+02,4,1.318370094592269e+04,2.000000000000000e-02,-3.792389336648819e+01,4.509925150529644e+01,5.892507254480686e+01,-5.534580146259759e-09,6.618522342967026e-09,8.627654107561710e-09,7.917507159303644e-02,2.267239295383706e+00
9.000000000000000e+02,6,2.128885113838474e+04,2.000000000000000e-02,-4.992679983487244e+01,5.237023481261647e+01,7.235555843250748e+01,-2.790440485592728e-09,2.936951620017703e-09,4.051202651307336e-09,3.717745935990088e-02,2.330619291834935e+00
9.000000000000000e+02,5,1.767147235215834e+04,2.000000000000000e-02,-1.730381285480414e+01,6.716947266985075e-01,1.731684477957689e+01,-1.407110812108549e-09,5.749940069609683e-11,1.408285133995665e-09,1.292368411128010e-02,3.100751926867382e+00
9.500000000000000e+02,1,1.695549108461087e+03,2.000000000000000e-02,4.507877549298790e-02,-7.030518821654297e-02,8.351595949344495e-02,5.488423924421647e-10,-9.208202120566570e-10,1.071978467448720e-09,7.343102345585910e-01,-1.033296312601313e+00
9.500000000000000e+02,2,4.163610342847002e+03,2.000000000000000e-02,1.616264606887313e-01,2.089980939455379e-02,1.629721289898818e-01,2.494204015204202e-10,2.981386576625906e-11,2.511959459994053e-10,1.720703909902129e-01,1.189681224633799e-01
9.500000000000000e+02,3,9.242539562383385e+03,2.000000000000000e-02,8.464872759399951e-03,-1.950932883525100e-01,1.952768425365088e-01,2.293836355859188e-12,-5.847677717995995e-11,5.852174941491536e-11,4.008767045659085e-02,-1.531589978022170e+00
9.500000000000000e+02,7,2.290483206751202e+04,2.000000000000000e-02,2.840639088778787e-01,-4.020835844778891e-01,4.923042892699265e-01,1.370647623508093e-11,-1.946966720976676e-11,2.381040596129989e-11,1.631023879424499e-02,-9.573966606855026e-01
9.500000000000000e+02,8,2.629674673175216e+04,2.000000000000000e-02,-4.888049302357421e-01,-3.763045153281113e-01,6.168754721004016e-01,-1.794822685243487e-11,-1.377605519170642e-11,2.262561698145280e-11,1.549865283416079e-02,-2.486957561275052e+00
1.000000000000000e+03,1,1.695549108461087e+03,2.000000000000000e-02,1.015350846699746e+01,-8.042652819535698e+00,1.295291467450375e+01,1.330722751982210e-07,-1.134724513969218e-07,1.748834687798073e-07,8.079807781679244e-01,-7.060669603344470e-01
1.000000000000000e+03,2,4.163610342847002e+03,2.000000000000000e-02,-4.667715948303060e+00,-1.774546245692755e+01,1.834908744282036e+01,-7.517579725954221e-09,-2.743972687756144e-08,2.845088076055371e-08,1.314461849188188e-01,-1.838201914873409e+00
1.000000000000000e+03,3,9.242539562383385e+03,2.000000000000000e-02,1.870493860240684e+01,3.532512276580199e+00,1.903558171173131e+01,5.616665348485572e-09,1.035280662822105e-09,5.711281440070340e-09,2.638674572548779e-02,1.822771002170956e-01
1.000000000000000e+03,7,2.290483206751202e+04,2.000000000000000e-02,4.922347866832584e+01,-7.696313635452899e+00,4.982152241538176e+01,2.380492315679474e-09,-3.764688642818375e-10,2.410077274857111e-09,1.113482095003322e-02,-1.568484641197887e-01
1.000000000000000e+03,8,2.629674673175216e+04,2.000000000000000e-02,8.461981104639126e+00,6.050236490106062e+01,6.109125373436333e+01,3.137908520934091e-10,2.218929509711076e-09,2.241007110190448e-09,1.035369827351343e-02,1.430312443328226e+00
1.050000000000000e+03,1,1.695549108461087e+03,2.000000000000000e-02,-1.182381121812463e-02,7.214718772877879e-02,7.310963827631414e-02,-1.273471513148948e-10,1.036217611465687e-09,1.044013522546367e-09,6.578363461617821e-01,1.693079301196618e+00
1.050000000000000e+03,2,4.163610342847002e+03,2.000000000000000e-02,3.613967911787639e-02,2.204622730525017e-01,2.234047677338577e-01,6.009142900609429e-11,3.433631768251381e-10,3.485817709511579e-10,2.196425176388736e-01,1.397542541578042e+00
1.050000000000000e+03,4,1.318370094592269e+04,2.000000000000000e-02,-7.009426390777032e-02,-7.512365235043249e-01,7.544995162885370e-01,-1.063357803884756e-11,-1.101466855678186e-10,1.106587787908585e-10,6.972645960844849e-02,-1.667038229194857e+00
1.050000000000000e+03,6,2.128885113838474e+04,2.000000000000000e-02,-1.060688018684190e-03,-9.993821337318770e-01,9.993826966090379e-01,-1.701597256517116e-13,-5.599155695792764e-11,5.599181551713687e-11,3.528062667705729e-02,-1.573835342158160e+00
1.050000000000000e+03,5,1.767147235215834e+04,2.000000000000000e-02,4.746446116085029e-02,-2.326427595190248e-01,2.374353146225655e-01,3.818473843338293e-12,-1.894650577767667e-11,1.932746293944951e-11,1.217829781519909e-02,-1.371920687306449e+00
1.100000000000000e+03,1,1.695549108461087e+03,2.000000000000000e-02,-2.345619955691888e+00,-1.982784714581489e+00,3.071378876159373e+00,-3.696482669000127e-08,-2.851052351845198e-08,4.668242028342183e-08,7.383030512751646e-01,-2.484605914051266e+00
1.100000000000000e+03,2,4.163610342847002e+03,2.000000000000000e-02,8.725525578861030e-01,-7.533577663978051e+00,7.583939634877283e+00,1.236012304216197e-09,-1.184784332126710e-08,1.191214161187934e-08,1.883957696682584e-01,-1.466848519922099e+00
1.100000000000000e+03,3,9.242539562383385e+03,2.000000000000000e-02,-8.832862178588423e+00,1.283354230713998e+00,8.925606553474633e+00,-2.654848269320207e-09,3.988313082449437e-10,2.684638848252939e-09,4.245874659461213e-02,2.992480186419153e+00
1.100000000000000e+03,4,1.318370094592269e+04,2.000000000000000e-02,-7.929124261444940e-01,-6.515082181348220e+00,6.563155182170799e+00,-1.195777205719067e-10,-9.557336188865789e-10,9.631851231861970e-10,1.523319723085894e-02,-1.695265692828883e+00
1.100000000000000e+03,7,2.290483206751202e+04,2.000000000000000e-02,-6.160306997589632e+00,-1.736134602388292e+00,6.400276998861981e+00,-2.982807256135084e-10,-8.344366090681698e-11,3.097325230227736e-10,4.898556361013656e-03,-2.868816947363297e+00
1.150000000000000e+03,1,1.695549108461087e+03,2.000000000000000e-02,1.713976243440443e-01,-1.476977609162052e-01,2.262559926508968e-01,2.668875340421165e-09,-2.544074495887842e-09,3.687168374692857e-09,8.750875630268492e-01,-7.614621936557850e-01
1.150000000000000e+03,2,4.163610342847002e+03,2.000000000000000e-02,-1.108939242576995e-01,-2.172806303723323e-01,2.439433023722326e-01,-1.795020209564578e-10,-3.415569687418760e-10,3.858524827231146e-10,9.157561426040291e-02,-2.054666949861927e+00
1.150000000000000e+03,3,9.242539562383385e+03,2.000000000000000e-02,1.706213382634728e-01,2.290908976601641e-02,1.721524541350654e-01,5.142220240018510e-11,6.639928579126657e-12,5.184912295518127e-11,1.230551958607223e-02,1.284151516278248e-01
1.150000000000000e+03,7,2.290483206751202e+04,2.000000000000000e-02,6.255840698664416e-01,-2.193875501009198e-01,6.629376483576298e-01,3.025933399106867e-11,-1.068018181478009e-11,3.208883882566964e-11,7.615747618429741e-03,-3.393048651544583e-01
1.150000000000000e+03,8,2.629674673175216e+04,2.000000000000000e-02,2.559187308120871e-01,7.680345538037514e-01,8.095501668315541e-01,9.441622188484195e-12,2.817041899216155e-11,2.971054923329445e-11,7.051300478492149e-03,1.247401890533856e+00
1.200000000000000e+03,1,1.695549108461087e+03,2.000000000000000e-02,1.038431721922545e+00,1.396472348168444e+00,1.740251550866744e+00,1.966660192314806e-08,2.353667565301675e-08,3.067165355827563e-08,8.412355131218237e-01,8.747379543930164e-01
1.200000000000000e+03,2,4.163610342847002e+03,2.000000000000000e-02,-3.838832223098011e-01,-2.237804018480213e+00,2.270491830748824e+00,-6.564630324580527e-10,-3.557768182455178e-09,3.617825058384449e-09,9.922656806202325e-02,-1.753259492604955e+00
1.200000000000000e+03,4,1.318370094592269e+04,2.000000000000000e-02,1.509151062491031e+00,7.441958408186223e+00,7.593436763323405e+00,2.257863097831621e-10,1.092789691746050e-09,1.115871304439685e-09,3.060515037393413e-02,1.367048736041748e+00
1.200000000000000e+03,6,2.128885113838474e+04,2.000000000000000e-02,2.313861182626598e+00,9.725632664685877e+00,9.997093792741522e+00,1.309671518738837e-10,5.450040904476180e-10,5.605192712785104e-10,1.537343644980704e-02,1.334963074518805e+00
1.200000000000000e+03,5,1.767147235215834e+04,2.000000000000000e-02,-2.729323138660461e+00,-3.468211017048275e+00,4.413353878175013e+00,-2.231809515726580e-10,-2.820140223397399e-10,3.596409959127525e-10,9.863921329232604e-03,-2.240260540336598e+00
1.250000000000000e+03,1,1.695549108461087e+03,2.000000000000000e-02,-1.926813326191781e-02,-7.592318637317935e-02,7.833001460778334e-02,-4.646153192803689e-10,-1.435375533066291e-09,1.508698218940865e-09,8.308973014388552e-01,-1.883842045136029e+00
1.250000000000000e+03,2,4.163610342847002e+03,2.000000000000000e-02,9.754750129264993e-02,-9.065103321631750e-02,1.331657795066940e-01,1.547043812340329e-10,-1.476194529049337e-10,2.138339272635587e-10,1.177664498365312e-01,-7.619675537157601e-01
1.250000000000000e+03,3,9.242539562383385e+03,2.000000000000000e-02,-1.167945708762579e-01,-7.917949797503927e-02,1.411040916690529e-01,-3.540819138528438e-11,-2.372082876948656e-11,4.261945253857947e-11,2.347214814634515e-02,-2.551337746794939e+00
1.250000000000000e+03,4,1.318370094592269e+04,2.000000000000000e-02,6.313706384472381e-02,-8.674584557315237e-02,1.072899368772949e-01,9.235829257054752e-12,-1.279197917884666e-11,1.577768276324236e-11,8.689368003721535e-03,-9.454563039507183e-01
1.250000000000000e+03,7,2.290483206751202e+04,2.000000000000000e-02,-7.130945178358919e-02,-2.903894856260293e-01,2.990168745670149e-01,-3.484026611414483e-12,-1.405486447992346e-11,1.448025058409067e-11,7.974822919142678e-03,-1.813785861840361e+00
1.300000000000000e+03,1,1.695549108461087e+03,2.000000000000000e-02,2.073174917345994e+00,1.354890962827490e+00,2.476647685696165e+00,4.621932816763800e-08,2.552539046860148e-08,5.279935468206393e-08,8.411975178840354e-01,5.045817246787743e-01
1.300000000000000e+03,2,4.163610342847002e+03,2.000000000000000e-02,3.522044067438369e+00,-2.374427619005854e+00,4.247670059088350e+00,5.647908043127284e-09,-3.922353225191529e-09,6.876315880381896e-09,1.095532300649269e-01,-6.070109401323314e-01
1.300000000000000e+03,3,9.242539562383385e+03,2.000000000000000e-02,1.575374743457482e+00,4.417673389925295e+00,4.690164577323250e+00,4.842165863921850e-10,1.333598502176066e-09,1.418784926457688e-09,2.260403305559563e-02,1.222507759724009e+00
1.300000000000000e+03,7,2.290483206751202e+04,2.000000000000000e-02,7.056759081955923e+00,8.487909295201517e+00,1.103822689313531e+01,3.427507864334614e-10,4.103577346114959e-10,5.346695913891449e-10,8.518337693195438e-03,8.749287028756650e-01
1.300000000000000e+03,4,1.318370094592269e+04,2.000000000000000e-02,3.244104214793380e+00,-1.265078315439133e+00,3.482044701125258e+00,4.766744011758832e-10,-1.880757547456819e-10,5.124363123935937e-10,8.164117850583718e-03,-3.758063145668615e-01
1.350000000000000e+03,1,1.695549108461087e+03,2.000000000000000e-02,7.373162257053510e-02,7.861695623859138e-02,1.077820855945200e-01,1.924735715009870e-09,1.724805621849881e-09,2.584484862753022e-09,8.368564475985509e-01,7.306706151894070e-01
1.350000000000000e+03,2,4.163610342847002e+03,2.000000000000000e-02,1.811642387463773e-01,7.860445947000387e-02,1.974820053805558e-01,2.976075575650099e-10,1.240342226159923e-10,3.224201400343412e-10,1.043996724112949e-01,3.948800823536812e-01
1.350000000000000e+03,4,1.318370094592269e+04,2.000000000000000e-02,-5.852586236263265e-01,-3.135806893763870e-01,6.639732715092922e-01,-8.638651927632277e-11,-4.582654391549533e-11,9.778907321330594e-11,3.166411132935397e-02,-2.653857395951033e+00
1.350000000000000e+03,6,2.128885113838474e+04,2.000000000000000e-02,-7.212983107039406e-01,-4.977388674333852e-01,8.763647831686457e-01,-4.054715797570872e-11,-2.782778797040030e-11,4.917781820325740e-11,1.592378227295431e-02,-2.540116033507299e+00
1.350000000000000e+03,5,1.767147235215834e+04,2.000000000000000e-02,-2.114477471459523e-01,-2.174395631098874e-01,3.032987197113059e-01,-1.730638322988027e-11,-1.768769366458285e-11,2.474601801647298e-11,8.012763018242637e-03,-2.345298493545270e+00
1.400000000000000e+03,1,1.695549108461087e+03,2.000000000000000e-02,1.579608973217363e+00,3.501990087478598e-01,1.617962871637293e+00,4.426384020852983e-08,5.102008025839358e-09,4.455690783595728e-08,8.513979088599176e-01,1.147571438919590e-01
1.400000000000000e+03,2,4.163610342847002e+03,2.000000000000000e-02,2.100603742512673e+00,2.276631809924311e+00,3.097674689346429e+00,3.516662524413881e-09,3.697261625230566e-09,5.102612942015059e-09,9.750124502686637e-02,8.104277286714384e-01
1.400000000000000e+03,3,9.242539562383385e+03,2.000000000000000e-02,2.026015077043120e+00,-3.896339522016920e+00,4.391605488114465e+00,6.075104543111914e-10,-1.186250742644571e-09,1.332763961293291e-09,2.546658879082401e-02,-1.097494638297025e+00
1.400000000000000e+03,4,1.318370094592269e+04,2.000000000000000e-02,2.792493084770201e+00,1.544239095051638e+00,3.191033063315906e+00,4.125774027565531e-10,2.258448602254957e-10,4.703466956996899e-10,8.987432310882318e-03,5.008448396573922e-01
1.400000000000000e+03,7,2.290483206751202e+04,2.000000000000000e-02,6.923372243802341e+00,-2.575621090438804e+00,7.386941669443845e+00,3.352200423111852e-10,-1.256453477356660e-10,3.579933381708789e-10,6.840572973030664e-03,-3.586080699396531e-01
1.450000000000000e+03,1,1.695549108461087e+03,2.000000000000000e-02,-2.400290966461243e-02,-1.351353483889211e-01,1.372505084018366e-01,-1.329871290323766e-09,-4.262419361176032e-09,4.465061753140228e-09,9.362376564520076e-01,-1.873224855279619e+00
1.450000000000000e+03,2,4.163610342847002e+03,2.000000000000000e-02,-1.423618190434462e-01,-7.317860985748811e-03,1.425497759057013e-01,-2.368583337835205e-10,-8.413545338443821e-12,2.370077172327257e-10,4.969596435860054e-02,-3.106086158111121e+00
1.450000000000000e+03,3,9.242539562383385e+03,2.000000000000000e-02,5.639790875540614e-02,-5.800947155915846e-02,8.090625997137633e-02,1.703106873987470e-11,-1.774472783445610e-11,2.459537900381407e-11,5.157178393307793e-03,-8.059170013968091e-01
1.450000000000000e+03,7,2.290483206751202e+04,2.000000000000000e-02,7.190643617629182e-02,-3.115657913285864e-01,3.197558097826892e-01,3.447340606453183e-12,-1.511234008479531e-11,1.550054773533542e-11,3.250167027420538e-03,-1.346519650419036e+00
1.450000000000000e+03,8,2.629674673175216e+04,2.000000000000000e-02,3.702804481647066e-01,9.840095355397042e-02,3.831322982383326e-01,1.361264659928918e-11,3.585297868537569e-12,1.407687849785169e-11,2.951650943174408e-03,2.575313556213397e-01
1.500000000000000e+03,1,1.695549108461087e+03,2.000000000000000e-02,7.898138050205589e-01,-2.035514064275365e-01,8.156218619309328e-01,2.988047777214896e-08,-1.311573020490759e-08,3.263227437215820e-08,8.819655847886965e-01,-4.136182697240283e-01
1.500000000000000e+03,2,4.163610342847002e+03,2.000000000000000e-02,1.604713687931127e+00,-5.649004982009230e-01,1.701240310215217e+00,2.678030701197699e-09,-9.928715222552987e-10,2.856158660905061e-09,7.719454718006621e-02,-3.550367021450559e-01
1.500000000000000e+03,4,1.318370094592269e+04,2.000000000000000e-02,-5.416142637084687e+00,1.491253311860775e+00,5.617689694650497e+00,-7.986444389336109e-10,2.238612707404909e-10,8.294255894154276e-10,2.241721850781025e-02,2.868304349113928e+00
1.500000000000000e+03,6,2.128885113838474e+04,2.000000000000000e-02,-7.109506988929354e+00,1.200286034787898e+00,7.210116239766331e+00,-3.991402491345202e-10,6.854949308489445e-11,4.049839150896771e-10,1.094566291728749e-02,2.971509067040159e+00
1.500000000000000e+03,5,1.767147235215834e+04,2.000000000000000e-02,-2.362253429614288e+00,6.812759120222515e-01,2.458531702871902e+00,-1.928093450502382e-10,5.632132788184895e-11,2.008669597347372e-10,5.428911990220508e-03,2.857391020143123e+00
1.550000000000000e+03,1,1.695549108461087e+03,2.000000000000000e-02,-2.076084820607550e-02,-5.432102957719078e-03,2.145974279386798e-02,-1.122469563502268e-09,-4.148768679183321e-11,1.123236016669831e-09,9.236664637156445e-01,-3.104648391397625e+00
1.550000000000000e+03,2,4.163610342847002e+03,2.000000000000000e-02,2.793622796948270e-02,-2.288561330875667e-02,3.611348958049952e-02,4.670169517459562e-11,-3.962694201254344e-11,6.124820703862544e-11,5.036600853667256e-02,-7.036294848065596e-01
1.550000000000000e+03,3,9.242539562383385e+03,2.000000000000000e-02,-1.278270706611536e-02,-4.646245758539914e-02,4.818877011102410e-02,-3.997700397872899e-12,-1.414825511163202e-11,1.470220157578363e-11,1.209000631817381e-02,-1.846175335118831e+00
1.550000000000000e+03,4,1.318370094592269e+04,2.000000000000000e-02,3.390223569693474e-02,-1.167911168000528e-02,3.585754083710360e-02,5.001668920519300e-12,-1.749770095629746e-12,5.298904356378669e-12,4.357428159163449e-03,-3.365298222864899e-01
1.550000000000000e+03,7,2.290483206751202e+04,2.000000000000000e-02,-4.775134303786016e-02,-9.451316833008561e-02,1.058911221477537e-01,-2.328589931436285e-12,-4.577954231868030e-12,5.136146027700619e-12,4.223587712757507e-03,-2.041342310592403e+00
1.600000000000000e+03,1,1.695549108461087e+03,2.000000000000000e-02,8.380085222872480e-01,-2.235250213413005e+00,2.387174438533754e+00,4.868188771091875e-09,-1.814868877153910e-07,1.815521679147069e-07,9.616658506666459e-01,-1.543978842921063e+00
1.600000000000000e+03,2,4.163610342847002e+03,2.000000000000000e-02,-2.568109630643908e+00,-1.903610193806534e+00,3.196704372470207e+00,-4.459982688340846e-09,-3.182976703172028e-09,5.479305272864062e-09,2.902339766477783e-02,-2.521747890523005e+00
1.600000000000000e+03,3,9.242539562383385e+03,2.000000000000000e-02,2.029705552309238e+00,-1.397353104485216e+00,2.464203791834072e+00,6.173662415804439e-10,-4.315543744357293e-10,7.532464764854706e-10,3.989880274585116e-03,-6.100712340973942e-01
1.600000000000000e+03,7,2.290483206751202e+04,2.000000000000000e-02,3.789591988483085e+00,-5.973904841232114e+00,7.074499734346710e+00,1.830513146759535e-10,-2.903609232732814e-10,3.432451741375359e-10,1.818139470134387e-03,-1.008304090840495e+00
1.600000000000000e+03,8,2.629674673175216e+04,2.000000000000000e-02,7.151222684546971e+00,4.535561040587671e+00,8.468252466529083e+00,2.633279776550437e-10,1.661113984234843e-10,3.113432518974849e-10,1.649157796485121e-03,5.627703994006711e-01
1.650000000000000e+03,1,1.695549108461087e+03,2.000000000000000e-02,8.587567360299236e-02,1.955794947372365e-02,8.807465415421400e-02,1.082451960381159e-08,-4.698062767505920e-09,1.180008552599204e-08,9.728959407604287e-01,-4.094861652227926e-01
1.650000000000000e+03,2,4.163610342847002e+03,2.000000000000000e-02,1.085002888648876e-01,-5.695673147133393e-02,1.225413478939321e-01,1.861509615430031e-10,-1.022287950018336e-10,2.123744499955480e-10,1.750989345516009e-02,-5.022068718608885e-01
1.650000000000000e+03,4,1.318370094592269e+04,2.000000000000000e-02,-3.750344420733604e-01,1.535449859163965e-01,4.052491769779960e-01,-5.540854383524994e-11,2.301484867741314e-11,5.999824988770122e-11,4.946748363806200e-03,2.747909944713468e+00
1.650000000000000e+03,6,2.128885113838474e+04,2.000000000000000e-02,-5.092680439374195e-01,1.335191124388277e-01,5.264800983534874e-01,-2.861142217004535e-11,7.596748277624425e-12,2.960277120450301e-11,2.440695525187679e-03,2.882066217379311e+00
1.650000000000000e+03,5,1.767147235215834e+04,2.000000000000000e-02,-2.364244145319130e-01,-4.063802352772216e-02,2.398915437088134e-01,-1.935819859565583e-11,-3.252359643735261e-12,1.962951084772743e-11,1.618418051360800e-03,-2.975137802373639e+00
1.700000000000000e+03,1,1.695549108461087e+03,2.000000000000000e-02,5.592593358718830e-02,-4.559184331916741e-01,4.593357462374876e-01,-1.000545825966116e-07,8.285234697864901e-10,1.000580129211157e-07,9.749884006736736e-01,3.133312127983534e+00
1.700000000000000e+03,2,4.163610342847002e+03,2.000000000000000e-02,5.827844671923711e-01,7.642512076723396e-01,9.611023065362633e-01,1.047769121395415e-09,1.319570780550160e-09,1.684959102361680e-09,1.641863087674283e-02,8.997107366919427e-01
1.700000000000000e+03,3,9.242539562383385e+03,2.000000000000000e-02,1.230411560727682e+00,-4.806923280556674e-01,1.320976049375578e+00,3.764747265753165e-10,-1.503938943857708e-10,4.054029393313246e-10,3.950339926884960e-03,-3.800574954372670e-01
1.700000000000000e+03,7,2.290483206751202e+04,2.000000000000000e-02,1.913341794854217e+00,-2.341936326497782e+00,3.024159814114638e+00,9.255159538791208e-11,-1.139761952082937e-10,1.468208802691459e-10,1.430656586714068e-03,-8.887655570313459e-01
1.700000000000000e+03,8,2.629674673175216e+04,2.000000000000000e-02,-3.042664767725893e+00,-2.410566579036967e+00,3.881834633357074e+00,-1.121498623084659e-10,-8.837825678887775e-11,1.427876321284469e-10,1.391355684773107e-03,-2.474188823080344e+00
1.750000000000000e+03,1,1.695549108461087e+03,2.000000000000000e-02,-5.549350146861184e-03,-4.570926287455498e-02,4.604489113449655e-02,-2.253165573354374e-09,4.745957929549906e-09,5.253653183262764e-09,9.752445666821459e-01,2.014044456748471e+00
1.750000000000000e+03,2,4.163610342847002e+03,2.000000000000000e-02,-4.992233266115787e-02,-1.913437612382786e-02,5.346366661555699e-02,-8.925241950061790e-11,-3.213491861021100e-11,9.486120060804187e-11,1.760924584376221e-02,-2.795996926705428e+00
1.750000000000000e+03,3,9.242539562383385e+03,2.000000000000000e-02,4.762250939298748e-02,-2.395598360953548e-02,5.330846604044721e-02,1.458744183832871e-11,-7.482208095864754e-12,1.639441665252067e-11,3.043323418308406e-03,-4.739310506716398e-01
1.750000000000000e+03,7,2.290483206751202e+04,2.000000000000000e-02,7.907666320442285e-02,-1.273158896287524e-01,1.498747957980473e-01,3.821360877724088e-12,-6.194917897632774e-12,7.278722876728518e-12,1.351161694595532e-03,-1.018076150290793e+00
1.750000000000000e+03,8,2.629674673175216e+04,2.000000000000000e-02,1.573862685987139e-01,1.013659468280402e-01,1.872044142635840e-01,5.800625160886752e-12,3.714035980382180e-12,6.887765640662135e-12,1.278587638604646e-03,5.695132346042345e-01
1.800000000000000e+03,1,1.695549108461087e+03,2.000000000000000e-02,6.822520080861758e-02,-7.568444961369467e-02,1.018960938343766e-01,-5.836375872508122e-09,3.299270962009821e-09,6.704362177415251e-09,8.207505936159826e-01,2.627082931740345e+00
1.800000000000000e+03,2,4.163610342847002e+03,2.000000000000000e-02,-5.338161265063490e-01,1.514722993263640e-01,5.548905427032056e-01,-9.530630325030306e-10,2.924694518823823e-10,9.969290467271250e-10,1.220444369265501e-01,2.843842208748829e+00
1.800000000000000e+03,4,1.318370094592269e+04,2.000000000000000e-02,1.716257999287971e+00,-7.143608081587067e-01,1.858992437949415e+00,2.542726637908748e-10,-1.075003585465928e-10,2.760632439115234e-10,3.379576838482945e-02,-3.999853217357057e-01
1.800000000000000e+03,6,2.128885113838474e+04,2.000000000000000e-02,2.104155985073913e+00,-1.268691278064485e+00,2.457040896802344e+00,1.182038683195087e-10,-7.182064544111869e-11,1.383125431668243e-10,1.693227467500465e-02,-5.459888494050058e-01
1.800000000000000e+03,5,1.767147235215834e+04,2.000000000000000e-02,-3.279404093302952e-01,2.908919530852597e-01,4.383640501244126e-01,-2.678076002738906e-11,2.395298745965772e-11,3.592985827813853e-11,4.398547054880239e-03,2.411874384456013e+00
1.850000000000000e+03,1,1.695549108461087e+03,2.000000000000000e-02,3.728853585802222e-03,8.928555640075161e-03,9.675921397069534e-03,-7.397076211587790e-11,-4.299460018454431e-10,4.362628085808892e-10,9.191130952580746e-01,-1.741174955856606e+00
1.850000000000000e+03,2,4.163610342847002e+03,2.000000000000000e-02,1.024314001464934e-02,5.735346553613952e-03,1.173951095445470e-02,1.887064958475566e-11,1.002388618709197e-11,2.136772589777424e-11,4.501726093134981e-02,4.882865708104527e-01
1.850000000000000e+03,3,9.242539562383385e+03,2.000000000000000e-02,4.642426601604063e-03,-3.055419234547063e-02,3.090486684383702e-02,1.355223790050765e-12,-9.449443684059473e-12,9.546131020436028e-12,2.011167089505697e-02,-1.428349314985666e+00
1.850000000000000e+03,4,1.318370094592269e+04,2.000000000000000e-02,2.092938017984577e-02,3.056325840853150e-03,2.115136124125319e-02,3.113921874128681e-12,4.365327719241457e-13,3.144371208865273e-12,6.624522415333698e-03,1.392797848950538e-01
1.850000000000000e+03,7,2.290483206751202e+04,2.000000000000000e-02,1.863785123926833e-02,-2.961266596216517e-02,3.498970540321641e-02,9.010937526313328e-13,-1.442080143307927e-12,1.700460258504805e-12,3.582508664081804e-03,-1.012299909105848e+00
1.900000000000000e+03,1,1.695549108461087e+03,2.000000000000000e-02,1.096495936539170e+00,1.415420286457521e-01,1.105593724982222e+00,-3.582685419556638e-08,-1.115748122847048e-08,3.752403055262112e-08,9.390936189080361e-01,-2.839684819309544e+00
1.900000000000000e+03,2,4.163610342847002e+03,2.000000000000000e-02,3.697145802989711e-02,-1.109650355076561e+00,1.110266093884882e+00,2.100749458754943e-11,-2.048312256132371e-09,2.048419979752914e-09,5.126469900753555e-02,-1.560540684370590e+00
1.900000000000000e+03,3,9.242539562383385e+03,2.000000000000000e-02,3.373150920490946e-01,-1.311860120124488e-01,3.619271212161635e-01,1.040784882223005e-10,-4.150959927434732e-11,1.120507855508227e-10,2.804234410715778e-03,-3.794971492054416e-01
1.900000000000000e+03,7,2.290483206751202e+04,2.000000000000000e-02,2.259953247215472e+00,1.696342575336132e-02,2.260016910868821e+00,1.098728162774572e-10,4.576119642334356e-13,1.098737692329232e-10,2.749751400700873e-03,4.164900234306575e-03
1.900000000000000e+03,8,2.629674673175216e+04,2.000000000000000e-02,2.278525459150341e-02,2.690441431033397e+00,2.690537913066425e+00,1.126810690093195e-12,9.906460973187132e-11,9.907101798033208e-11,2.479396787442237e-03,1.559422314404571e+00
1.950000000000000e+03,1,1.695549108461087e+03,2.000000000000000e-02,6.322525269884301e-02,-2.428870433498807e-02,6.773015382460772e-02,-1.784771871550295e-09,4.087899221901538e-10,1.830988758556801e-09,8.637198253440340e-01,2.916433150871192e+00
1.950000000000000e+03,2,4.163610342847002e+03,2.000000000000000e-02,3.182024077187692e-02,-9.859397869310367e-02,1.036016426381184e-01,5.509840456144227e-11,-1.858627370307767e-10,1.938576570625675e-10,9.144714893370556e-02,-1.282602573152180e+00
1.950000000000000e+03,4,1.318370094592269e+04,2.000000000000000e-02,-1.252560526362568e-01,3.150381458615651e-01,3.390252381016928e-01,-1.837795515778477e-11,4.705033259030431e-11,5.051220676865938e-11,2.382777840883984e-02,1.943174839379360e+00
1.950000000000000e+03,6,2.128885113838474e+04,2.000000000000000e-02,-1.948978372911181e-01,3.829604547057984e-01,4.297020791772214e-01,-1.090514550352577e-11,2.162513506487778e-11,2.421917969352544e-11,1.142474827172382e-02,2.037862896181490e+00
1.950000000000000e+03,5,1.767147235215834e+04,2.000000000000000e-02,-1.637737646357356e-01,7.231114152191542e-02,1.790272246647527e-01,-1.342126504218953e-11,5.997703359476582e-12,1.470043539902732e-11,6.934536018307968e-03,2.721335825100344e+00
2.000000000000000e+03,1,1.695549108461087e+03,2.000000000000000e-02,3.988639478706754e-01,1.690608010195694e-01,4.332135770637380e-01,-8.398896984459233e-09,-4.818732372899332e-09,9.683060065763634e-09,8.396139719291368e-01,-2.620710361771653e+00
2.000000000000000e+03,2,4.163610342847002e+03,2.000000000000000e-02,8.643001192889313e-02,6.736727729611713e-01,6.791944876036778e-01,1.960075511099924e-10,1.274706622846162e-09,1.289688309018890e-09,1.118283183551156e-01,1.418224523935310e+00
2.000000000000000e+03,3,9.242539562383385e+03,2.000000000000000e-02,7.140586918642631e-01,-3.690016753826615e-01,8.037674115452267e-01,2.210753197605884e-10,-1.167999930341515e-10,2.500330685729874e-10,2.168025979312568e-02,-4.860513241432965e-01
2.000000000000000e+03,7,2.290483206751202e+04,2.000000000000000e-02,2.099987111654781e+00,-1.372503063119367e-01,2.104467513576513e+00,1.021459848669328e-10,-7.037151968394253e-12,1.023881034703834e-10,8.878028396933265e-03,-6.878439909405423e-02
2.000000000000000e+03,8,2.629674673175216e+04,2.000000000000000e-02,-1.721025929405740e-01,-2.597985861597823e+00,2.603680057065202e+00,-6.633609900089496e-12,-9.569743659542709e-11,9.592707725789603e-11,8.317795594062909e-03,-1.640004193672721e+00
2.050000000000000e+03,1,1.695549108461087e+03,2.000000000000000e-02,-2.169899911679216e-02,-1.356237874059012e-02,2.558876080965544e-02,3.827110714144439e-10,2.988440493377358e-10,4.855672250139692e-10,8.460036117322646e-01,6.629612216648081e-01
2.050000000000000e+03,2,4.163610342847002e+03,2.000000000000000e-02,-3.027517307717209e-02,7.097705279582062e-03,3.109603712836304e-02,-5.799754301557245e-11,1.519728705102711e-11,5.995558797605518e-11,1.044606006301496e-01,2.885320996373312e+00
2.050000000000000e+03,3,9.242539562383385e+03,2.000000000000000e-02,2.086548095091692e-02,-3.848630029189196e-02,4.377857473092015e-02,6.394656289051342e-12,-1.206219197558707e-11,1.365240287682066e-11,2.378657690967911e-02,-1.083328077849323e+00
2.050000000000000e+03,4,1.318370094592269e+04,2.000000000000000e-02,-2.940079790341838e-02,-1.485121963910734e-02,3.293881664733355e-02,-4.404866907574483e-12,-2.189902637963896e-12,4.919199735445392e-12,8.570720033460818e-03,-2.680223446096853e+00
2.050000000000000e+03,7,2.290483206751202e+04,2.000000000000000e-02,-3.514640622773996e-03,-8.792993424350440e-02,8.800014792472942e-02,-1.865073117778719e-13,-4.279049928350833e-12,4.283112567592157e-12,7.462465576284672e-03,-1.614354907187989e+00
2.100000000000000e+03,1,1.695549108461087e+03,2.000000000000000e-02,4.135031566854535e-01,-1.917841261194889e-01,4.558135711233823e-01,-7.055919024128864e-09,2.509913541007614e-09,7.489035936513924e-09,8.252899095861275e-01,2.799833443188454e+00
2.100000000000000e+03,2,4.163610342847002e+03,2.000000000000000e-02,2.279915263593071e-01,-4.969586603489846e-01,5.467614161473943e-01,4.201341076363461e-10,-9.852539661118390e-10,1.071091987710905e-09,1.180340723679094e-01,-1.167721728362623e+00
2.100000000000000e+03,4,1.318370094592269e+04,2.000000000000000e-02,-8.075035199297961e-01,1.563561538414452e+00,1.759768910711852e+00,-1.192120883056711e-10,2.345779367145090e-10,2.631317738157733e-10,2.899705645193403e-02,2.040980976151107e+00
2.100000000000000e+03,6,2.128885113838474e+04,2.000000000000000e-02,-1.112236888636515e+00,1.858337570933316e+00,2.165753777322383e+00,-6.235508639542099e-11,1.051319140405301e-10,1.222328767116517e-10,1.347003280862461e-02,2.106136336553845e+00
2.100000000000000e+03,5,1.767147235215834e+04,2.000000000000000e-02,-1.045901298576543e+00,4.998794905291912e-01,1.159219147277952e+00,-8.585196414692518e-11,4.154187007674657e-11,9.537445526637737e-11,1.051024140234721e-02,2.690925691961643e+00
2.150000000000000e+03,1,1.695549108461087e+03,2.000000000000000e-02,8.520502082118433e-03,-4.156626455099419e-03,9.480321683287805e-03,-1.276363587944337e-10,4.959735806007215e-11,1.369340644720677e-10,7.253927253818008e-01,2.770966832869000e+00
2.150000000000000e+03,2,4.163610342847002e+03,2.000000000000000e-02,1.385891444278759e-02,-8.889339122619721e-03,1.646480669699599e-02,2.709282557367634e-11,-1.847462758302317e-11,3.279227137447254e-11,1.737133502572726e-01,-5.984754960852593e-01
2.150000000000000e+03,3,9.242539562383385e+03,2.000000000000000e-02,-2.415464358705974e-02,-2.055051159553994e-02,3.171388234915914e-02,-7.634773865249666e-12,-6.367190620357731e-12,9.941372559635354e-12,5.266329720710761e-02,-2.446477346718601e+00
2.150000000000000e+03,4,1.318370094592269e+04,2.000000000000000e-02,1.506109912176530e-02,-1.713585418213729e-02,2.281390377175970e-02,2.237614263981234e-12,-2.580529507837225e-12,3.415560003160669e-12,1.809354296865396e-02,-8.564500066087861e-01
2.150000000000000e+03,7,2.290483206751202e+04,2.000000000000000e-02,5.232223138850418e-03,-4.258259909950506e-02,4.290284262195095e-02,2.470073846701592e-13,-2.075188589751750e-12,2.089837393463293e-12,1.107067732411000e-02,-1.452324839612972e+00
2.200000000000000e+03,1,1.695549108461087e+03,2.000000000000000e-02,4.118081556033351e-02,-4.205456120063486e-01,4.225570628305821e-01,-9.370145040830975e-10,5.349683836709815e-09,5.431124499918625e-09,8.110599512292734e-01,1.744190684397677e+00
2.200000000000000e+03,2,4.163610342847002e+03,2.000000000000000e-02,-4.301899343111525e-01,-2.033206462751072e-01,4.758178903576041e-01,-8.833762345072529e-10,-3.862547915037712e-10,9.641298333999600e-10,1.439788566194304e-01,-2.729393461487112e+00
2.200000000000000e+03,3,9.242539562383385e+03,2.000000000000000e-02,3.533502673584654e-01,-1.866763373703730e-01,3.996304122264924e-01,1.104657869899494e-10,-5.979327596378012e-11,1.256102143370102e-10,1.875807014101785e-02,-4.961262359084400e-01
2.200000000000000e+03,7,2.290483206751202e+04,2.000000000000000e-02,6.183629578508194e-01,-1.069820930049510e+00,1.235673731214681e+00,2.993124141239578e-11,-5.225021892528814e-11,6.021598284697889e-11,8.992386772173096e-03,-1.050583602751090e+00
2.200000000000000e+03,8,2.629674673175216e+04,2.000000000000000e-02,1.284202822645828e+00,7.439656455462090e-01,1.484136709149296e+00,4.746377858220338e-11,2.728354355602158e-11,5.474670790352380e-11,8.175629603567471e-03,5.217055562210283e-01
2.250000000000000e+03,1,1.695549108461087e+03,2.000000000000000e-02,1.195811452410213e-02,-2.235503154570702e-02,2.535239512119316e-02,-1.557609058819271e-10,2.479828404431133e-10,2.928428741755434e-10,6.369272128672940e-01,2.131630089504404e+00
2.250000000000000e+03,2,4.163610342847002e+03,2.000000000000000e-02,-2.466890521533267e-02,-5.085972059132180e-02,5.652668452289052e-02,-5.406812817783393e-11,-1.033174844764625e-10,1.166098841573850e-10,2.536240935288022e-01,-2.052925585105779e+00
2.250000000000000e+03,4,1.318370094592269e+04,2.000000000000000e-02,7.253387595933536e-02,1.748140230464251e-01,1.892646449164774e-01,1.107185723303256e-11,2.616308138807788e-11,2.840937961849647e-11,6.178981486451015e-02,1.170462914204193e+00
2.250000000000000e+03,6,2.128885113838474e+04,2.000000000000000e-02,7.460155362216479e-02,2.361652064190589e-01,2.476679158183341e-01,4.273588089396874e-12,1.333015869702615e-11,1.399845298758890e-11,3.044634659778059e-02,1.260553345249481e+00
2.250000000000000e+03,5,1.767147235215834e+04,2.000000000000000e-02,-2.238971658342912e-02,6.237104581198890e-02,6.626799200494533e-02,-1.819371077058756e-12,5.151938987979225e-12,5.463752048903604e-12,1.188354804296881e-02,1.910268378075447e+00
2.300000000000000e+03,1,1.695549108461087e+03,2.000000000000000e-02,-1.505928740112910e-01,-2.307749443219225e-01,2.755635836422639e-01,1.417208943437052e-09,2.511960405563007e-09,2.884168210849400e-09,6.512270138467779e-01,1.057128222351804e+00
2.300000000000000e+03,2,4.163610342847002e+03,2.000000000000000e-02,1.806342079853836e-01,-5.001308699010130e-01,5.317514495724960e-01,3.460539418169892e-10,-1.062708818564569e-09,1.117632928873330e-09,2.523544750646348e-01,-1.255991257811470e+00
2.300000000000000e+03,3,9.242539562383385e+03,2.000000000000000e-02,-6.665811091106347e-01,-3.617817982291115e-02,6.675621586927040e-01,-2.108019747331127e-10,-9.198982466814089e-12,2.110025919978346e-10,4.764305611017462e-02,-3.097982293665035e+00
2.300000000000000e+03,4,1.318370094592269e+04,2.000000000000000e-02,3.979372523348897e-02,-4.895679833843381e-01,4.911826044588367e-01,5.451492603215148e-12,-7.362637175291506e-11,7.382791741002423e-11,1.666987868897468e-02,-1.496888529255875e+00
2.300000000000000e+03,7,2.290483206751202e+04,2.000000000000000e-02,-1.085622997587692e+00,-6.504735507126898e-01,1.265580156713932e+00,-5.307791032613620e-11,-3.151075867576048e-11,6.172675657210064e-11,1.393751280028760e-02,-2.605840626284666e+00
2.350000000000000e+03,1,1.695549108461087e+03,2.000000000000000e-02,-1.775676475413697e-02,1.344877211043006e-02,2.227492235254800e-02,1.769870356268715e-10,-1.180130447125283e-10,2.127239749118765e-10,8.441060458243148e-01,-5.880874327129033e-01
2.350000000000000e+03,2,4.163610342847002e+03,2.000000000000000e-02,7.559320715343021e-03,1.357777441415134e-02,1.554024735063753e-02,1.715478273370584e-11,2.854572951241658e-11,3.330383227252838e-11,1.321523170202412e-01,1.029672758346416e+00
2.350000000000000e+03,3,9.242539562383385e+03,2.000000000000000e-02,1.756661635149659e-03,-6.166716128475831e-03,6.412039294141187e-03,5.355713084920327e-13,-1.960776630702829e-12,2.032604639862412e-12,8.065540642464864e-03,-1.304157895697436e+00
2.350000000000000e+03,7,2.290483206751202e+04,2.000000000000000e-02,-2.749366823350987e-02,1.221616215048220e-02,3.008548504879360e-02,-1.339078287405751e-12,6.016505423063391e-13,1.468030665503630e-12,5.825265162144742e-03,2.719319342881152e+00
2.350000000000000e+03,8,2.629674673175216e+04,2.000000000000000e-02,-1.309931159350547e-02,-3.272621958924182e-02,3.525049521392603e-02,-4.880377780534779e-13,-1.206651320834136e-12,1.301609881215621e-12,5.164893945282481e-03,-1.955138464023144e+00
2.400000000000000e+03,1,1.695549108461087e+03,2.000000000000000e-02,-1.598594770921014e-01,-3.327961824090803e-02,1.632868194509914e-01,1.382625545430748e-09,3.701886924853554e-10,1.431325632734106e-09,7.558849117961288e-01,2.616072549075460e-01
2.400000000000000e+03,2,4.163610342847002e+03,2.000000000000000e-02,-1.301250643891415e-01,6.282815209896650e-02,1.444988203358391e-01,-2.796640642152080e-10,1.471398232064369e-10,3.160096776786899e-10,1.668851181562353e-01,2.657259750194910e+00
2.400000000000000e+03,4,1.318370094592269e+04,2.000000000000000e-02,4.231122405243191e-01,-1.511522493506541e-01,4.493005347929953e-01,6.360082447084470e-11,-2.326228702621413e-11,6.772148013046649e-11,3.576380095795456e-02,-3.506404823154989e-01
2.400000000000000e+03,5,1.767147235215834e+04,2.000000000000000e-02,4.386139757688590e-01,8.880026796127559e-02,4.475128013026661e-01,3.628571148644284e-11,7.137456228860741e-12,3.698102404607359e-11,1.952972647167682e-02,1.942219851347270e-01
2.400000000000000e+03,6,2.128885113838474e+04,2.000000000000000e-02,5.239336255382946e-01,-9.182261279372880e-02,5.319190128111317e-01,2.963535620990900e-11,-5.333407016066059e-12,3.011145244067803e-11,1.590189685117129e-02,-1.780616556634842e-01
2.450000000000000e+03,2,4.163610342847002e+03,2.000000000000000e-02,7.601169257516915e-03,-1.691094565281362e-02,1.854070810281625e-02,1.560802582836407e-11,-3.835895740517815e-11,4.141280096143162e-11,5.698302484781481e-01,-1.184361095072983e+00
2.450000000000000e+03,1,1.695549108461087e+03,2.000000000000000e-02,5.510231853764362e-04,-1.475512329110643e-03,1.575043867382718e-03,-5.083228701154188e-12,1.167999770934961e-11,1.273819298482520e-11,1.752744925528123e-01,1.981281391782821e+00
2.450000000000000e+03,3,9.242539562383385e+03,2.000000000000000e-02,-2.959896828663186e-02,-1.081242646132232e-02,3.151202135082010e-02,-9.478177947188154e-12,-3.340343956456387e-12,1.004956491326856e-11,1.382796125516437e-01,-2.802759386253711e+00
2.450000000000000e+03,4,1.318370094592269e+04,2.000000000000000e-02,7.811526880102832e-03,-2.134121455217315e-02,2.272591892004493e-02,1.154267530553876e-12,-3.230312657805836e-12,3.430343043963905e-12,4.720070083952286e-02,-1.227611938801745e+00
2.450000000000000e+03,7,2.290483206751202e+04,2.000000000000000e-02,-3.729718832319583e-02,-1.769118849859397e-02,4.128024233587684e-02,-1.825333538997347e-12,-8.561532532438080e-13,2.016145064629164e-12,2.774167446958200e-02,-2.703018896348495e+00
2.500000000000000e+03,1,1.695549108461087e+03,2.000000000000000e-02,-1.213512613482721e-01,7.825376280253356e-02,1.443945290638528e-01,9.378806947432938e-10,-5.401800090999473e-10,1.082319102577138e-09,6.118862062652364e-01,-5.225540401985581e-01
2.500000000000000e+03,2,4.163610342847002e+03,2.000000000000000e-02,4.783665790396040e-02,2.200227529802426e-01,2.251629580291248e-01,1.280067200842922e-10,4.979359702312223e-10,5.141263957791382e-10,2.906599810583083e-01,1.319170323856916e+00
2.500000000000000e+03,3,9.242539562383385e+03,2.000000000000000e-02,-2.399436333401176e-01,-4.666734323811522e-03,2.399890113936591e-01,-7.677209155431314e-11,-5.968187938366661e-13,7.677441132497542e-11,4.340420784593690e-02,-3.133818907172834e+00
2.500000000000000e+03,7,2.290483206751202e+04,2.000000000000000e-02,-6.142431320490319e-01,1.895375613632464e-01,6.428212134310215e-01,-2.997299949620172e-11,9.394040383998880e-12,3.141064618143839e-11,1.775792470310775e-02,2.837872805785166e+00
2.500000000000000e+03,8,2.629674673175216e+04,2.000000000000000e-02,-2.299541835771932e-01,-7.513294204120107e-01,7.857320309884925e-01,-8.606479159938476e-12,-2.773913221403703e-11,2.904360410689903e-11,1.641972380504417e-02,-1.871643656304833e+00
2.550000000000000e+03,1,1.695549108461087e+03,2.000000000000000e-02,-1.005659184519863e-02,-1.244303505544546e-02,1.599887998992305e-02,6.592941170981075e-11,9.002833784566437e-11,1.115875841823579e-10,6.269647089873380e-01,9.387077868244842e-01
2.550000000000000e+03,2,4.163610342847002e+03,2.000000000000000e-02,-1.772232546320626e-02,-8.523579578322237e-03,1.966550860394413e-02,-4.215522765574015e-11,-1.827741174050313e-11,4.594700206367289e-11,2.581572940105439e-01,-2.732482201896134e+00
2.550000000000000e+03,4,1.318370094592269e+04,2.000000000000000e-02,5.671498772744454e-02,3.665989429574750e-02,6.753175314398083e-02,8.630683518019846e-12,5.480926603897196e-12,1.022395493072654e-11,5.744419484310387e-02,5.657945723336653e-01
2.550000000000000e+03,6,2.128885113838474e+04,2.000000000000000e-02,6.878119431190202e-02,6.300741268073398e-02,9.327800782441668e-02,3.917427988591285e-12,3.553715664906153e-12,5.289152774575314e-12,2.971757256328758e-02,7.367542850327673e-01
2.550000000000000e+03,5,1.767147235215834e+04,2.000000000000000e-02,2.940945910420543e-02,3.270663440237246e-02,4.398454522593573e-02,2.452128026857437e-12,2.694921212191406e-12,3.643560374142157e-12,2.047166614807848e-02,8.325345577821893e-01
2.600000000000000e+03,2,4.163610342847002e+03,2.000000000000000e-02,1.356242012236615e-01,1.611971122844584e-01,2.106618925349446e-01,3.400788571332833e-10,3.721672655057422e-10,5.041449222030326e-10,5.758165886572254e-01,8.304201348637323e-01
2.600000000000000e+03,1,1.695549108461087e+03,2.000000000000000e-02,2.742284385318301e-02,1.132892671196146e-02,2.967080965260387e-02,-1.750792606887164e-10,-8.180920819411347e-11,1.932498229459870e-10,2.207231470687253e-01,-2.704470535808692e+00
2.600000000000000e+03,3,9.242539562383385e+03,2.000000000000000e-02,2.288456541190106e-01,-2.268356273962538e-01,3.222184589147709e-01,7.278582825430004e-11,-7.393137032962316e-11,1.037478882362448e-10,1.184971869269900e-01,-7.932058288177776e-01
2.600000000000000e+03,4,1.318370094592269e+04,2.000000000000000e-02,1.621003772462235e-01,1.661459841365373e-01,2.321228561517941e-01,2.478488404074149e-11,2.498979347819215e-11,3.519631024689516e-11,4.019998696233344e-02,7.895148807747385e-01
2.600000000000000e+03,7,2.290483206751202e+04,2.000000000000000e-02,2.338156991222873e-01,-1.394754988016972e-01,2.722557546169157e-01,1.140485028067265e-11,-6.874532262015867e-12,1.331652371101617e-11,1.520966475779028e-02,-5.424557479351805e-01
2.650000000000000e+03,1,1.695549108461087e+03,2.000000000000000e-02,-6.573119183767406e-03,5.243102486665277e-03,8.408092500067224e-03,4.145305242553617e-11,-3.022438402003644e-11,5.130174407157016e-11,6.234331124298399e-01,-6.300055587343882e-01
2.650000000000000e+03,2,4.163610342847002e+03,2.000000000000000e-02,4.916126183420700e-03,8.703863674745396e-03,9.996276282689821e-03,1.296567266417281e-11,2.082284412400317e-11,2.452956389842696e-11,2.980901067692475e-01,1.013877306447012e+00
2.650000000000000e+03,3,9.242539562383385e+03,2.000000000000000e-02,-7.200241679776993e-03,2.220100372212187e-03,7.534741263633046e-03,-2.316944462143198e-12,7.462271771132624e-13,2.434150085865385e-12,2.958047122209607e-02,2.830009647340047e+00
2.650000000000000e+03,7,2.290483206751202e+04,2.000000000000000e-02,-2.527787265218463e-02,1.649367120933248e-02,3.018297592653227e-02,-1.233213603638061e-12,8.129376484508018e-13,1.477052271406362e-12,1.794955145189178e-02,2.558775277892409e+00
2.650000000000000e+03,8,2.629674673175216e+04,2.000000000000000e-02,-2.057103787821916e-02,-3.100705358944799e-02,3.721028045696548e-02,-7.659064766750208e-13,-1.144320007732944e-12,1.376982574730221e-12,1.673347656812796e-02,-2.160627695621437e+00
2.700000000000000e+03,1,1.695549108461087e+03,2.000000000000000e-02,3.544346745100090e-02,-2.646495752229760e-02,4.423384859592455e-02,-2.092829215267985e-10,1.431540780097145e-10,2.535595221907541e-10,4.604667918077890e-01,2.541671007773077e+00
2.700000000000000e+03,2,4.163610342847002e+03,2.000000000000000e-02,8.213305862666878e-02,-1.476608376023107e-02,8.344984451145473e-02,2.050225855842224e-10,-4.641030791284166e-11,2.102098410641247e-10,3.817433093615141e-01,-2.226150068112701e-01
2.700000000000000e+03,4,1.318370094592269e+04,2.000000000000000e-02,-3.047607821307824e-01,4.254844496353503e-02,3.077165976897918e-01,-4.630016195843511e-11,6.868177468065781e-12,4.680680355578843e-11,8.500165358371710e-02,2.994326330051015e+00
2.700000000000000e+03,6,2.128885113838474e+04,2.000000000000000e-02,-4.433223800111063e-01,4.094351966442026e-02,4.452090569847187e-01,-2.516978579096295e-11,2.455527922276132e-12,2.528928101271442e-11,4.592560356021552e-02,3.044341853486154e+00
2.700000000000000e+03,5,1.767147235215834e+04,2.000000000000000e-02,-9.424417302155408e-02,7.965254522035700e-02,1.233956729735595e-01,-7.785524126553171e-12,6.664071378620455e-12,1.024813315997064e-11,1.861071892476840e-02,2.433650578962345e+00
2.750000000000000e+03,2,4.163610342847002e+03,2.000000000000000e-02,8.809077323187264e-03,-8.502865436159694e-03,1.224330690260320e-02,2.175105832215879e-11,-2.305725328833699e-11,3.169772022301414e-11,4.329409052344789e-01,-8.145406399047121e-01
2.750000000000000e+03,1,1.695549108461087e+03,2.000000000000000e-02,-4.021935181252486e-04,-5.698227380506521e-03,5.712403601460261e-03,9.466981064297459e-13,3.082898437891960e-11,3.084351658193965e-11,4.212738296524037e-01,1.540097920089380e+00
2.750000000000000e+03,3,9.242539562383385e+03,2.000000000000000e-02,-1.387095027941139e-02,-8.486596560371443e-03,1.626116794183036e-02,-4.547811052003932e-12,-2.701500540454273e-12,5.289677734494214e-12,7.224866175416148e-02,-2.605580218763641e+00
2.750000000000000e+03,4,1.318370094592269e+04,2.000000000000000e-02,6.324963157442002e-03,-1.012954307059405e-02,1.194206019755463e-02,9.501674568807494e-13,-1.551676317439570e-12,1.819482780962232e-12,2.485126743204722e-02,-1.021346119058349e+00
2.750000000000000e+03,7,2.290483206751202e+04,2.000000000000000e-02,-1.874146124532488e-02,-2.586989353104545e-02,3.194516803708569e-02,-9.242646953988107e-13,-1.262817063831973e-12,1.564919219597568e-12,2.137433035513682e-02,-2.202617025899257e+00
2.800000000000000e+03,1,1.695549108461087e+03,2.000000000000000e-02,4.696017422442997e-02,-2.167411675424792e-01,2.217701325040544e-01,-2.814542651362987e-10,1.094973886982528e-09,1.130568138829783e-09,6.464120564623987e-01,1.822391683516321e+00
2.800000000000000e+03,2,4.163610342847002e+03,2.000000000000000e-02,-1.892544601515884e-01,-7.066485219952287e-02,2.020167617393408e-01,-5.128695202012531e-10,-1.633166649156213e-10,5.382448121353561e-10,3.077461003392177e-01,-2.833308108002208e+00
2.800000000000000e+03,3,9.242539562383385e+03,2.000000000000000e-02,7.236773115334341e-02,-1.955560933397996e-02,7.496339352447856e-02,2.353770295312190e-11,-6.698689975549589e-12,2.447234986056574e-11,1.399227649932679e-02,-2.772636539315307e-01
2.800000000000000e+03,7,2.290483206751202e+04,2.000000000000000e-02,2.118805670657539e-01,-3.915173593177845e-01,4.451732441951972e-01,1.028971865111175e-11,-1.924112613399617e-11,2.181969855024096e-11,1.247560029937694e-02,-1.079715431930915e+00
2.800000000000000e+03,8,2.629674673175216e+04,2.000000000000000e-02,4.634728276037375e-01,2.571325666713470e-01,5.300228474037685e-01,1.721238468327045e-11,9.452609376097173e-12,1.963715892134001e-11,1.122771449632501e-02,5.022095044838956e-01
2.850000000000000e+03,1,1.695549108461087e+03,2.000000000000000e-02,-1.333128348253828e-02,-3.503073108878668e-03,1.378385434114663e-02,6.364108234750726e-11,1.925355859185237e-11,6.648975019363580e-11,5.000300467266955e-01,2.937794711914912e-01
2.850000000000000e+03,2,4.163610342847002e+03,2.000000000000000e-02,-1.373581562022522e-02,1.151241319403224e-02,1.792228468424020e-02,-3.603842230513634e-11,3.350846241283475e-11,4.920960206621984e-11,3.700762831701725e-01,2.392556216351303e+00
2.850000000000000e+03,4,1.318370094592269e+04,2.000000000000000e-02,4.738231650840834e-02,-3.442161967755997e-02,5.856561976902122e-02,7.195480448814729e-12,-5.327646067039304e-12,8.953141990659725e-12,6.733128030865773e-02,-6.373388291272695e-01
2.850000000000000e+03,6,2.128885113838474e+04,2.000000000000000e-02,6.460583462678160e-02,-3.654154808586271e-02,7.422397593995129e-02,3.665280204299541e-12,-2.099570802002828e-12,4.224035573791121e-12,3.176647075958132e-02,-5.201995432831551e-01
2.850000000000000e+03,5,1.767147235215834e+04,2.000000000000000e-02,3.528410819176679e-02,7.453775777164960e-03,3.606282107967367e-02,2.942440740047938e-12,6.012611761682655e-13,3.003243664883204e-12,2.258561756826905e-02,2.015660575810285e-01
2.900000000000000e+03,2,4.163610342847002e+03,2.000000000000000e-02,1.640596074002198e-01,-1.492620534288693e-01,2.217988173415650e-01,4.413746735319358e-10,-4.474773383686699e-10,6.285280986470947e-10,4.634721911821468e-01,-7.922638382979070e-01
2.900000000000000e+03,1,1.695549108461087e+03,2.000000000000000e-02,-3.050784767398548e-03,-1.173960972691276e-01,1.174357311116146e-01,-5.122396171712129e-12,5.370568355478760e-10,5.370812634520387e-10,3.960399392657175e-01,1.580333940898824e+00
2.900000000000000e+03,3,9.242539562383385e+03,2.000000000000000e-02,-2.461958172577175e-01,-1.476720743709429e-01,2.870878297389367e-01,-8.163481838618567e-11,-4.743330213619152e-11,9.441483847620960e-11,6.962083662268675e-02,-2.615229103100140e+00
2.900000000000000e+03,4,1.318370094592269e+04,2.000000000000000e-02,1.125486266466017e-01,-1.778139055110961e-01,2.104399637738639e-01,1.698310206763265e-11,-2.738846471626567e-11,3.222660012092119e-11,2.376366785278840e-02,-1.015741156862853e+00
2.900000000000000e+03,7,2.290483206751202e+04,2.000000000000000e-02,-2.452005440012693e-01,-5.051472001746153e-01,5.615131348621966e-01,-1.215892000984058e-11,-2.472432171281216e-11,2.755233964592365e-11,2.031690111448925e-02,-2.027846112862508e+00
2.950000000000000e+03,1,1.695549108461087e+03,2.000000000000000e-02,3.945763722708212e-03,-4.201023139074978e-03,5.763475233787645e-03,-1.775663318692683e-11,1.765053729573569e-11,2.503676274926988e-11,5.083191751661955e-01,2.359190933348104e+00
2.950000000000000e+03,2,4.163610342847002e+03,2.000000000000000e-02,-5.370143798808106e-03,-4.443713947620467e-03,6.970296842183540e-03,-1.644512690421559e-11,-1.210230173506262e-11,2.041832280532011e-11,4.145513983024866e-01,-2.507163656016027e+00
2.950000000000000e+03,3,9.242539562383385e+03,2.000000000000000e-02,3.134937621358967e-03,-3.331775410034243e-03,4.574774450475200e-03,1.019177918100241e-12,-1.114495850784327e-12,1.510239924700252e-12,3.066226734321219e-02,-8.300416330442786e-01
2.950000000000000e+03,7,2.290483206751202e+04,2.000000000000000e-02,1.254209375379759e-02,-1.264045837941010e-02,1.780688922217038e-02,6.125048826304932e-13,-6.238108652641869e-13,8.742438028764332e-13,1.774969444822757e-02,-7.945428074730010e-01
2.950000000000000e+03,8,2.629674673175216e+04,2.000000000000000e-02,1.577929713422570e-02,1.481124844139144e-02,2.164161034772606e-02,5.878460656804490e-13,5.467783377843918e-13,8.028259759164780e-13,1.629970463700467e-02,7.492189591774444e-01
3.000000000000000e+03,2,4.163610342847002e+03,2.000000000000000e-02,-9.533083439746945e-02,-1.520533306273310e-02,9.653584899127571e-02,-2.914129970797701e-10,-2.873872276492766e-11,2.928266535907779e-10,4.445872262777976e-01,-3.043291974779580e+00
3.000000000000000e+03,1,1.695549108461087e+03,2.000000000000000e-02,-3.738539802943991e-02,-5.581383767205607e-02,6.717776761326827e-02,1.467773267923425e-10,2.356928193763102e-10,2.776593034023173e-10,4.215592332055026e-01,1.013817776327601e+00
3.000000000000000e+03,4,1.318370094592269e+04,2.000000000000000e-02,2.990686766885898e-01,6.801834282963648e-02,3.067059965790597e-01,4.606115303325481e-11,1.001185771031800e-11,4.713668543252244e-11,7.156578124087200e-02,2.140309054231139e-01
3.000000000000000e+03,6,2.128885113838474e+04,2.000000000000000e-02,3.524474385167106e-01,1.176815871765240e-01,3.715752317867491e-01,2.013538823751054e-11,6.594710009815330e-12,2.118782809985101e-11,3.216864861942403e-02,3.165080110494068e-01
3.000000000000000e+03,5,1.767147235215834e+04,2.000000000000000e-02,1.049906640148324e-01,1.379871838347104e-01,1.733882995848036e-01,8.849064743245243e-12,1.146293972280172e-11,1.448119242047186e-11,2.198622663772232e-02,9.133810003916648e-01
3.050000000000000e+03,2,4.163610342847002e+03,2.000000000000000e-02,-9.301186495421809e-03,-3.955505972865052e-03,1.010732891143788e-02,-2.999742797085709e-11,-1.057575395785481e-11,3.180711015863970e-11,6.500319822949511e-01,-2.802643162310523e+00
3.050000000000000e+03,1,1.695549108461087e+03,2.000000000000000e-02,-1.823733219138086e-03,1.125318995382897e-03,2.142975897194679e-03,7.322206234107160e-12,-4.199072450214275e-12,8.440788682163905e-12,1.725017636570617e-01,-5.206843870753102e-01
3.050000000000000e+03,3,9.242539562383385e+03,2.000000000000000e-02,-4.095226470458408e-03,1.397697115303407e-02,1.456456667591212e-02,-1.293545422961638e-12,4.670124648314379e-12,4.845959553283385e-12,9.903536281136559e-02,1.841005237912117e+00
3.050000000000000e+03,4,1.318370094592269e+04,2.000000000000000e-02,-9.903687766708755e-03,-2.899471204969978e-03,1.031939749447160e-02,-1.529154695191069e-12,-4.314998784737809e-13,1.588869480778009e-12,3.247122964163839e-02,-2.866561762313891e+00
3.050000000000000e+03,7,2.290483206751202e+04,2.000000000000000e-02,-1.044439357887321e-02,1.465229512579678e-02,1.799375196238561e-02,-5.094597582682071e-13,7.229764320298470e-13,8.844456832193303e-13,1.807514036414622e-02,2.184649607109738e+00
3.100000000000000e+03,1,1.695549108461087e+03,2.000000000000000e-02,-9.096185483308689e-02,-8.033332421226283e-02,1.213569199249392e-01,3.323459461124592e-10,3.125028347682107e-10,4.561927768340411e-10,4.880104133790324e-01,7.546361423687706e-01
3.100000000000000e+03,2,4.163610342847002e+03,2.000000000000000e-02,-9.948636610792694e-02,7.720793882193509e-02,1.259309448010780e-01,-3.078965050356273e-10,2.737197274655418e-10,4.119742067374662e-10,4.407077734257708e-01,2.414888729034335e+00
3.100000000000000e+03,3,9.242539562383385e+03,2.000000000000000e-02,-2.998980658010552e-03,-7.525413052415164e-02,7.531386357061476e-02,-1.381752906643138e-12,-2.512217133521552e-11,2.516014176611374e-11,2.691496184829556e-02,-1.625742297696735e+00
3.100000000000000e+03,7,2.290483206751202e+04,2.000000000000000e-02,-1.535443016811557e-01,-2.744226256050021e-01,3.144576760435288e-01,-7.625969788377213e-12,-1.345487382155965e-11,1.546573776990070e-11,1.654441162939906e-02,-2.086432039206185e+00
3.100000000000000e+03,8,2.629674673175216e+04,2.000000000000000e-02,3.299907276854351e-01,-1.804095146189773e-01,3.760870555116435e-01,1.222556267248361e-11,-6.759981487378875e-12,1.397002979125419e-11,1.494438395246120e-02,-5.050962819890428e-01
3.150000000000000e+03,2,4.163610342847002e+03,2.000000000000000e-02,-2.170461628644596e-03,9.686075234012704e-03,9.926276095312521e-03,-5.048857977392349e-12,3.345404067935562e-11,3.383288052548672e-11,5.273866809884643e-01,1.720585152986795e+00
3.150000000000000e+03,1,1.695549108461087e+03,2.000000000000000e-02,-5.643610003672140e-03,1.135406273834179e-03,5.756690132377308e-03,2.038904387971542e-11,-3.462772056103814e-12,2.068100337608149e-11,3.223753213033858e-01,-1.682297295986668e-01
3.150000000000000e+03,4,1.318370094592269e+04,2.000000000000000e-02,1.089040554778719e-02,-3.164535446094609e-02,3.346684018478880e-02,1.633467750481751e-12,-4.907633381203808e-12,5.172338184628867e-12,8.062636777517111e-02,-1.249487809978630e+00
3.150000000000000e+03,6,2.128885113838474e+04,2.000000000000000e-02,2.093624567965966e-02,-4.075020620883847e-02,4.581381548421748e-02,1.182189839294427e-12,-2.335671041459720e-12,2.617810541281495e-12,4.080641055032371e-02,-1.102244258857654e+00
3.150000000000000e+03,5,1.767147235215834e+04,2.000000000000000e-02,1.435535600117331e-02,-4.772533098013592e-03,1.512789866743091e-02,1.199620901423987e-12,-4.086565605301004e-13,1.267316255556438e-12,1.975491602842241e-02,-3.283252952182670e-01
3.200000000000000e+03,2,4.163610342847002e+03,2.000000000000000e-02,-7.419224350950662e-02,-4.086661208982651e-02,8.470282746564180e-02,-2.742641163801253e-10,-1.252875128020839e-10,3.015257309051804e-10,5.762985492451422e-01,-2.713087200805667e+00
3.200000000000000e+03,1,1.695549108461087e+03,2.000000000000000e-02,-3.685099478181679e-02,2.998260626639278e-02,4.750739410802306e-02,1.296649265737679e-10,-9.929610732254926e-11,1.633178193363843e-10,3.121452423542453e-01,-6.535303718558920e-01
3.200000000000000e+03,3,9.242539562383385e+03,2.000000000000000e-02,-2.334409694624960e-02,8.376510180626665e-02,8.695711093895724e-02,-7.418917394136854e-12,2.833789763717001e-11,2.929294757780022e-11,5.598687429269154e-02,1.826851512258169e+00
3.200000000000000e+03,4,1.318370094592269e+04,2.000000000000000e-02,-6.174818554640076e-02,-1.812751556157957e-02,6.435406155564734e-02,-9.590208088921565e-12,-2.708270496412949e-12,9.965280742184710e-12,1.904639055944308e-02,-2.866360232998407e+00
3.200000000000000e+03,7,2.290483206751202e+04,2.000000000000000e-02,-1.120602346061676e-01,1.281996187110875e-01,1.702722479374062e-01,-5.482049665977716e-12,6.344210038069559e-12,8.384621013939088e-12,1.602531535798828e-02,2.283421029918383e+00
3.250000000000000e+03,1,1.695549108461087e+03,2.000000000000000e-02,5.270321865980440e-03,1.493704093052027e-03,5.477905118622622e-03,-1.721017918140728e-11,-5.415134320625711e-12,1.804200507611510e-11,6.250803096956520e-01,-2.836752834391846e+00
3.250000000000000e+03,2,4.163610342847002e+03,2.000000000000000e-02,1.735786470763505e-03,-1.325520593824480e-03,2.184023698758423e-03,6.056682510319407e-12,-5.441208231745046e-12,8.141876322569574e-12,2.820820940768379e-01,-7.319198826066756e-01
3.250000000000000e+03,3,9.242539562383385e+03,2.000000000000000e-02,-3.991173812677024e-03,1.369218915251958e-03,4.219505757891865e-03,-1.342670720719011e-12,4.848382546727881e-13,1.427526811471597e-12,4.945785668771420e-02,2.795063712483465e+00
3.250000000000000e+03,4,1.318370094592269e+04,2.000000000000000e-02,1.248308153960519e-03,2.427876405989654e-03,2.729992141015347e-03,1.976270421194433e-13,3.746466533574419e-13,4.235759231221853e-13,1.467514104379405e-02,1.085389571381935e+00
3.250000000000000e+03,7,2.290483206751202e+04,2.000000000000000e-02,5.513514990470468e-03,4.028442068969917e-03,6.828410726749615e-03,2.728142719151752e-13,1.969177742265784e-13,3.364583730076528e-13,1.165688087948397e-02,6.252085427563739e-01
3.300000000000000e+03,2,4.163610342847002e+03,2.000000000000000e-02,-2.388813291741828e-02,-1.980298268479817e-03,2.397007458295420e-02,-9.385742474302173e-11,2.206413458467589e-13,9.385768408604319e-11,5.682148577524412e-01,3.139241843944133e+00
3.300000000000000e+03,1,1.695549108461087e+03,2.000000000000000e-02,-1.534129182390659e-02,6.301375077121740e-04,1.535422769483665e-02,4.850113046254530e-11,-6.370978163429603e-13,4.850531465491621e-11,2.936514014304243e-01,-1.313497584205402e-02
3.300000000000000e+03,4,1.318370094592269e+04,2.000000000000000e-02,7.819070210278836e-02,1.521920058046532e-02,7.965808158395121e-02,1.218073528060612e-11,2.236124559866753e-12,1.238428702119916e-11,7.497453145834106e-02,1.815572322391314e-01
3.300000000000000e+03,6,2.128885113838474e+04,2.000000000000000e-02,9.856084425455720e-02,3.442196929120176e-02,1.043988122061526e-01,5.656503028218885e-12,1.935280200517481e-12,5.978405804456937e-12,3.619329665807309e-02,3.296498472639040e-01
3.300000000000000e+03,5,1.767147235215834e+04,2.000000000000000e-02,3.713745898625631e-02,2.700353764480098e-03,3.723550416483187e-02,3.122774213528604e-12,2.027813792720012e-13,3.129351222930824e-12,1.894510691703162e-02,6.484524981406996e-02
3.350000000000000e+03,1,1.695549108461087e+03,2.000000000000000e-02,-2.489829184937876e-04,-4.049911405475709e-03,4.057557748930250e-03,4.207262402551843e-13,1.230064715561412e-11,1.230784022548867e-11,5.955119392090128e-01,1.536606069741171e+00
3.350000000000000e+03,2,4.163610342847002e+03,2.000000000000000e-02,-6.942232800472470e-04,-9.875722250010668e-04,1.207163974840666e-03,-3.223186497811947e-12,-3.797911085141004e-12,4.981270903124439e-12,2.410176148616105e-01,-2.274519785853188e+00
3.350000000000000e+03,3,9.242539562383385e+03,2.000000000000000e-02,-1.002666862189591e-03,6.287047647708306e-03,6.366498956340735e-03,-3.063721752363986e-13,2.151318543212431e-12,2.173024478492762e-12,1.051412755956945e-01,1.712256475891537e+00
3.350000000000000e+03,4,1.318370094592269e+04,2.000000000000000e-02,-4.320726750407729e-03,-4.148999585285002e-04,4.340601528276453e-03,-6.737699173659305e-13,-5.731835312790181e-14,6.762035900175239e-13,3.271795081946993e-02,-3.056725881972224e+00
3.350000000000000e+03,6,2.128885113838474e+04,2.000000000000000e-02,4.006098165900786e-03,6.170978015281469e-04,4.053348271674236e-03,2.298054063286822e-13,3.388224110482656e-14,2.322897566406584e-13,1.123928495179794e-02,1.463842033488712e-01
3.400000000000000e+03,2,4.163610342847002e+03,2.000000000000000e-02,2.248423359423745e-02,-1.759507932650227e-03,2.255297382797433e-02,9.692103101036422e-11,-1.721892241496102e-11,9.843869940853764e-11,6.376263916383661e-01,-1.758247739982771e-01
3.400000000000000e+03,1,1.695549108461087e+03,2.000000000000000e-02,-1.008295223421474e-02,3.775137846822685e-03,1.076650321692095e-02,2.967852695502829e-11,-1.022227875644562e-11,3.138964710210709e-11,2.033231598626986e-01,-3.317072133369102e-01
3.400000000000000e+03,3,9.242539562383385e+03,2.000000000000000e-02,2.228025905991562e-02,3.337306576742038e-02,4.012694185324268e-02,7.833037439005737e-12,1.131129558731383e-11,1.375870209665326e-11,8.912055547490667e-02,9.651237516036397e-01
3.400000000000000e+03,4,1.318370094592269e+04,2.000000000000000e-02,2.329857460269423e-02,-1.647055505606260e-02,2.853248608817847e-02,3.608492948442516e-12,-2.611242389941098e-12,4.454189957555095e-12,2.885155012583778e-02,-6.264148235559742e-01
3.400000000000000e+03,7,2.290483206751202e+04,2.000000000000000e-02,3.477456152940953e-02,3.575886276897364e-02,4.987951880374328e-02,1.727472513414263e-12,1.754924400392350e-12,2.462502981865045e-12,1.595060581010830e-02,7.932810437918714e-01
3.450000000000000e+03,2,4.163610342847002e+03,2.000000000000000e-02,4.414855206859819e-03,4.840243637082208e-03,6.551252167628113e-03,2.271523165462969e-11,2.016382837767316e-11,3.037370118980807e-11,5.746476356519095e-01,7.259659241459839e-01
3.450000000000000e+03,1,1.695549108461087e+03,2.000000000000000e-02,8.687871107449701e-04,5.436644444864452e-03,5.505623839645431e-03,-2.040951268612671e-12,-1.530740880646567e-11,1.544287040835072e-11,2.921675205922989e-01,-1.703345511637175e+00
3.450000000000000e+03,4,1.318370094592269e+04,2.000000000000000e-02,-1.289144306966091e-02,-1.837867428444366e-02,2.244916419094437e-02,-2.048907382466896e-12,-2.852305549118989e-12,3.511932289703537e-12,6.644312374828124e-02,-2.193721149784248e+00
3.450000000000000e+03,6,2.128885113838474e+04,2.000000000000000e-02,-1.338418383874511e-02,-2.780511305536794e-02,3.085872144226197e-02,-7.788101059698053e-13,-1.590762587843848e-12,1.771177797976351e-12,3.350935493721756e-02,-2.026075552845290e+00
3.450000000000000e+03,5,1.767147235215834e+04,2.000000000000000e-02,-3.621944008412207e-03,-1.435443476454570e-02,1.480433300792951e-02,-3.152377604958204e-13,-1.207920673072798e-12,1.248377826653078e-12,2.361837176192335e-02,-1.826077945441793e+00
3.500000000000000e+03,2,4.163610342847002e+03,2.000000000000000e-02,-3.253398717976752e-03,-6.816395838982928e-02,6.824155498366453e-02,-5.440310074508804e-11,-3.332712652959030e-10,3.376824449725102e-10,7.389937174973910e-01,-1.732608814820255e+00
3.500000000000000e+03,1,1.695549108461087e+03,2.000000000000000e-02,-2.146901749436469e-02,-3.791096434574101e-03,2.180117254529163e-02,5.771004958565310e-11,1.170424539591698e-11,5.888496568281571e-11,1.288655076463711e-01,2.000971860983804e-01
3.500000000000000e+03,3,9.242539562383385e+03,2.000000000000000e-02,-9.129349150236302e-02,9.005043797222403e-03,9.173653800139790e-02,-3.153741842350892e-11,3.674890887957002e-12,3.175080446001124e-11,6.948434948505114e-02,3.025591005842713e+00
3.500000000000000e+03,4,1.318370094592269e+04,2.000000000000000e-02,-6.830603948947677e-03,-6.765685357468569e-02,6.800078665672803e-02,-1.191970860191333e-12,-1.059401083390601e-11,1.066085644216557e-11,2.333051673605152e-02,-1.682838771689824e+00
3.500000000000000e+03,7,2.290483206751202e+04,2.000000000000000e-02,-1.535401694218048e-01,-1.509982768707120e-02,1.542808751020546e-01,-7.594849750488198e-12,-6.989498933343948e-13,7.626943928329537e-12,1.669101764291962e-02,-3.049821696999408e+00
3.550000000000000e+03,2,4.163610342847002e+03,2.000000000000000e-02,-4.255589192064227e-03,-3.621230463264671e-03,5.587785736737758e-03,-2.480822233916970e-11,-1.628078341015755e-11,2.967341915044743e-11,6.166360890855185e-01,-2.560825382216239e+00
3.550000000000000e+03,1,1.695549108461087e+03,2.000000000000000e-02,1.730376041816744e-03,-5.239265375756005e-03,5.517617504293778e-03,-4.840534460239653e-12,1.352301881910471e-11,1.436324517101298e-11,2.984790961878876e-01,1.914533946493435e+00
3.550000000000000e+03,3,9.242539562383385e+03,2.000000000000000e-02,5.325669519115368e-03,-4.099717581581449e-04,5.341426089474775e-03,1.849301223281435e-12,-1.759330611735673e-13,1.857651058849351e-12,3.860339376485920e-02,-9.484942389487680e-02
3.550000000000000e+03,7,2.290483206751202e+04,2.000000000000000e-02,1.254368315674304e-02,-9.091176022083720e-03,1.549172258340786e-02,6.176598609472342e-13,-4.536680249704776e-13,7.663670013159299e-13,1.592568581664529e-02,-6.335037782666100e-01
3.550000000000000e+03,8,2.629674673175216e+04,2.000000000000000e-02,1.039981342466055e-02,1.530185977624921e-02,1.850143323852893e-02,3.911441553721872e-13,5.687593587198342e-13,6.902760016205247e-13,1.434445730270525e-02,9.683632238455512e-01
3.600000000000000e+03,2,4.163610342847002e+03,2.000000000000000e-02,6.725178435599288e-03,-2.796276023950546e-02,2.876011100817793e-02,1.644251020977922e-11,-1.641271771117969e-10,1.649487387302063e-10,7.755400849928477e-01,-1.470947953958592e+00
3.600000000000000e+03,1,1.695549108461087e+03,2.000000000000000e-02,8.029731362608715e-04,-8.919979844364680e-03,8.956048586370485e-03,-2.557684780330654e-12,2.234196504290171e-11,2.248788903863093e-11,1.057313897068059e-01,1.684779077728715e+00
3.600000000000000e+03,4,1.318370094592269e+04,2.000000000000000e-02,-2.353374256170346e-02,9.441850943771508e-02,9.730720406732703e-02,-3.530058564989432e-12,1.491048101609862e-11,1.532265504420473e-11,7.204258296715596e-02,1.803266192410904e+00
3.600000000000000e+03,6,2.128885113838474e+04,2.000000000000000e-02,-3.125616836111141e-02,1.237374515503221e-01,1.276240767911229e-01,-1.748680822829692e-12,7.131470865379786e-12,7.342735275351622e-12,3.452336515794985e-02,1.811258107604631e+00
3.600000000000000e+03,5,1.767147235215834e+04,2.000000000000000e-02,-2.912598312647291e-03,1.930313656645468e-02,1.952163697628956e-02,-2.325767061089444e-13,1.635522076550484e-12,1.651975903912794e-12,7.767101117530701e-03,1.712052598539073e+00
3.650000000000000e+03,2,4.163610342847002e+03,2.000000000000000e-02,-5.559124654977625e-03,-2.394740686193025e-03,6.052986856394812e-03,-3.653938819606164e-11,-9.580418549559696e-12,3.777447960365882e-11,7.219870668190684e-01,-2.885170357382010e+00
3.650000000000000e+03,1,1.695549108461087e+03,2.000000000000000e-02,-2.886092690184936e-03,2.973666587753962e-03,4.143938222447725e-03,7.164154511853287e-12,-7.039920543256915e-12,1.004418195400096e-11,1.919753638873100e-01,-7.766520253812830e-01
3.650000000000000e+03,3,9.242539562383385e+03,2.000000000000000e-02,8.072539777342781e-04,5.740223688128851e-03,5.796708287840902e-03,3.212267416353671e-13,2.010596408754883e-12,2.036095414866334e-12,3.891607698549769e-02,1.412368361126181e+00
3.650000000000000e+03,7,2.290483206751202e+04,2.000000000000000e-02,-5.619971691271207e-03,1.515825026713699e-02,1.616652816692095e-02,-2.734909478156760e-13,7.527300981577751e-13,8.008744590819029e-13,1.530718643035508e-02,1.919298505119921e+00
3.650000000000000e+03,8,2.629674673175216e+04,2.000000000000000e-02,1.878559128006619e-02,7.459039380602132e-03,2.021226628122320e-02,7.031870314521689e-13,2.746105910677625e-13,7.549059397892557e-13,1.442858593715598e-02,3.723098014909514e-01
3.700000000000000e+03,2,4.163610342847002e+03,2.000000000000000e-02,-3.401866679486072e-03,7.246184918795980e-02,7.254165895982548e-02,5.975661470752859e-11,4.933706371964026e-10,4.969762958621752e-10,7.236886977271995e-01,1.450264319221542e+00
3.700000000000000e+03,1,1.695549108461087e+03,2.000000000000000e-02,-6.647508575269456e-02,1.927331250621179e-03,6.650301971773701e-02,1.557135526963521e-10,-9.010460020585208e-13,1.557161596534459e-10,2.267513073217780e-01,-5.786496613147056e-03
3.700000000000000e+03,3,9.242539562383385e+03,2.000000000000000e-02,-3.535649361436768e-02,-1.046057439298674e-02,3.687146942195324e-02,-1.255065924129293e-11,-3.454423189073909e-12,1.301737634703180e-11,1.895568906373124e-02,-2.873004830904257e+00
3.700000000000000e+03,7,2.290483206751202e+04,2.000000000000000e-02,-1.657336725865202e-01,-7.253362199677302e-03,1.658923189668997e-01,-8.218393872275363e-12,-3.050646781275391e-13,8.224053884654107e-12,1.197573183143165e-02,-3.104489944120989e+00
3.700000000000000e+03,8,2.629674673175216e+04,2.000000000000000e-02,7.157330040711700e-03,-1.955399458163778e-01,1.956708915071009e-01,2.255036889568924e-13,-7.308573615891192e-12,7.312051710199677e-12,1.064768928402948e-02,-1.539951434073698e+00
3.750000000000000e+03,2,4.163610342847002e+03,2.000000000000000e-02,5.296584459960725e-03,-5.767122268424437e-03,7.830294132435541e-03,3.133265753452767e-11,-5.060917010932163e-11,5.952330238931849e-11,7.671474550022214e-01,-1.016443530254388e+00
3.750000000000000e+03,1,1.695549108461087e+03,2.000000000000000e-02,4.474813541842600e-03,8.781232432794708e-04,4.560159719203437e-03,-1.008118529171650e-11,-2.217371374812727e-12,1.032216221049446e-11,1.330339573249540e-01,-2.925088652809058e+00
3.750000000000000e+03,4,1.318370094592269e+04,2.000000000000000e-02,-1.914855804959978e-02,1.863505951097512e-02,2.671951942600160e-02,-2.999245093978938e-12,2.991989434275377e-12,4.236445669257688e-12,5.460010421077426e-02,2.357405535448914e+00
3.750000000000000e+03,6,2.128885113838474e+04,2.000000000000000e-02,-2.597511248138002e-02,2.315346785424812e-02,3.479640128085152e-02,-1.488452854825567e-12,1.346313783244870e-12,2.007000922768471e-12,2.586660330131879e-02,2.406293898405377e+00
3.750000000000000e+03,5,1.767147235215834e+04,2.000000000000000e-02,-1.224054273547552e-02,-4.998910937623880e-05,1.224064481022380e-02,-1.039651788350657e-12,4.994955264200472e-15,1.039663787288377e-12,1.339938135924687e-02,3.136788240335009e+00
3.800000000000000e+03,2,4.163610342847002e+03,2.000000000000000e-02,1.121406916948050e-02,-3.605939748848175e-02,3.776288514626785e-02,2.782675160449286e-11,-3.215186715761748e-10,3.227205978504724e-10,8.205252042989213e-01,-1.484463601492225e+00
3.800000000000000e+03,1,1.695549108461087e+03,2.000000000000000e-02,-1.772463683578220e-02,-1.825155922841425e-03,1.781835977588988e-02,3.871278180088322e-11,4.860214576461704e-12,3.901667797868042e-11,9.920088114225435e-02,1.248920414332351e-01
3.800000000000000e+03,3,9.242539562383385e+03,2.000000000000000e-02,-3.965016856575292e-02,-2.117391572969132e-02,4.494964487758152e-02,-1.429280179258951e-11,-7.272880788868681e-12,1.603680074239700e-11,4.077396761502414e-02,-2.670890770166772e+00
3.800000000000000e+03,4,1.318370094592269e+04,2.000000000000000e-02,1.561734631028761e-02,-3.013579106644966e-02,3.394211851043127e-02,2.421614421430134e-12,-4.820238278893281e-12,5.394340874600572e-12,1.371524680380167e-02,-1.105242701982585e+00
3.800000000000000e+03,7,2.290483206751202e+04,2.000000000000000e-02,-7.755848235663695e-02,-4.477190596583584e-02,8.955356915990793e-02,-3.865660429827650e-12,-2.196484193607101e-12,4.446107665306940e-12,1.130434011559835e-02,-2.624880653701300e+00
3.850000000000000e+03,2,4.163610342847002e+03,2.000000000000000e-02,2.400595246981577e-03,3.622408252220790e-03,4.345652895203183e-03,3.146294931208323e-11,2.848326799199183e-11,4.244070846390697e-11,7.539718708094828e-01,7.357331279472857e-01
3.850000000000000e+03,1,1.695549108461087e+03,2.000000000000000e-02,-5.097773234624883e-03,2.515213061700248e-03,5.684504261358714e-03,1.091918471683322e-11,-5.093898828486366e-12,1.204891697021682e-11,2.140526112326402e-01,-4.364977477836685e-01
3.850000000000000e+03,3,9.242539562383385e+03,2.000000000000000e-02,8.211003058769430e-04,1.272613180721412e-03,1.514513129707722e-03,3.036722175291494e-13,4.504606008961193e-13,5.432601298261855e-13,9.651178579396050e-03,9.776396791506717e-01
3.850000000000000e+03,7,2.290483206751202e+04,2.000000000000000e-02,-7.404869050736914e-03,7.160485913467193e-03,1.030071085777693e-02,-3.654382839575186e-13,3.583034309336851e-13,5.117875418576209e-13,9.092058647407756e-03,2.366052457136942e+00
3.850000000000000e+03,8,2.629674673175216e+04,2.000000000000000e-02,-8.118689686113694e-03,-8.791155007635521e-03,1.196651697812208e-02,-3.058595403288609e-13,-3.272426488038111e-13,4.479261207010779e-13,7.957541413255099e-03,-2.322432194928187e+00
3.900000000000000e+03,2,4.163610342847002e+03,2.000000000000000e-02,-1.126238985820502e-03,1.106402029305914e-02,1.112119414893951e-02,2.457183360027177e-11,1.243359896980493e-10,1.267407327605173e-10,8.681821257224377e-01,1.375685973991059e+00
3.900000000000000e+03,1,1.695549108461087e+03,2.000000000000000e-02,-5.140484590266648e-03,1.834906473514794e-04,5.143758415831204e-03,1.055926835554181e-11,-1.503744721124146e-13,1.056033904219981e-11,7.233899787632303e-02,-1.424003090710827e-02
3.900000000000000e+03,4,1.318370094592269e+04,2.000000000000000e-02,-7.259849575345006e-04,-3.146052392535770e-02,3.146889924697988e-02,-1.810750874447790e-13,-5.022270609197465e-12,5.025533828291460e-12,3.442522815597371e-02,-1.606835143004522e+00
3.900000000000000e+03,6,2.128885113838474e+04,2.000000000000000e-02,-9.223675297624679e-03,-3.128629494733605e-02,3.261760931655962e-02,-5.471019885245580e-13,-1.805170762970950e-12,1.886256098554130e-12,1.292097491967311e-02,-1.865071757895685e+00
3.900000000000000e+03,5,1.767147235215834e+04,2.000000000000000e-02,1.447158045487708e-02,-2.702243826182268e-03,1.472171058532671e-02,1.231701506500393e-12,-2.418416613516116e-13,1.255219498844981e-12,8.598333850685879e-03,-1.938812036079421e-01
3.950000000000000e+03,2,4.163610342847002e+03,2.000000000000000e-02,2.810499712510779e-03,-3.673972289087559e-03,4.625687085721045e-03,1.808861986248221e-11,-6.056160508074360e-11,6.320527017967201e-11,9.024599179642230e-01,-1.280549773444906e+00
3.950000000000000e+03,3,9.242539562383385e+03,2.000000000000000e-02,-5.688682501392904e-03,-4.732142830178999e-03,7.399613798494374e-03,-2.098748665473485e-12,-1.672849074321251e-12,2.683872200065458e-12,3.832096720118949e-02,-2.468641004799052e+00
3.950000000000000e+03,1,1.695549108461087e+03,2.000000000000000e-02,-9.478064250216473e-04,-1.645549108006010e-04,9.619851027853338e-04,1.878583915588713e-12,3.670359120623423e-13,1.914103677613116e-12,2.733002869797580e-02,1.929484013375366e-01
3.950000000000000e+03,4,1.318370094592269e+04,2.000000000000000e-02,3.262484837319423e-03,-3.928028183952091e-03,5.106193565432190e-03,5.139806381910634e-13,-6.356763699796919e-13,8.174720446509782e-13,1.167206076734780e-02,-8.908593806368261e-01
3.950000000000000e+03,7,2.290483206751202e+04,2.000000000000000e-02,-1.037491134405815e-02,-6.462822977501777e-03,1.222321014445843e-02,-5.185366444776097e-13,-3.179164775726113e-13,6.082360876980875e-13,8.684539884831238e-03,-2.591594114705945e+00
4.000000000000000e+03,2,4.163610342847002e+03,2.000000000000000e-02,-2.372050192340843e-02,2.566562184511476e-02,3.494833838961239e-02,-1.658298137619124e-10,5.694525463051183e-10,5.931068450335853e-10,8.743800064162505e-01,1.854168772076223e+00
4.000000000000000e+03,1,1.695549108461087e+03,2.000000000000000e-02,-2.839560098351318e-02,-1.209285746372565e-02,3.086336593524562e-02,5.429539217797283e-11,2.446038622052704e-11,5.955081952263312e-11,8.779201655199984e-02,4.232744262834305e-01
4.000000000000000e+03,3,9.242539562383385e+03,2.000000000000000e-02,-3.789505991001091e-03,-3.003768767863984e-02,3.027578300779923e-02,-1.615358476824535e-12,-1.092516769519941e-11,1.104394278221676e-11,1.628138815398189e-02,-1.717589412710551e+00
4.000000000000000e+03,7,2.290483206751202e+04,2.000000000000000e-02,-5.475150206261541e-02,-8.548090852731348e-02,1.015121308059658e-01,-2.757203281586821e-12,-4.237159701806415e-12,5.055263818497049e-12,7.452656544206615e-03,-2.147677319862772e+00
4.000000000000000e+03,8,2.629674673175216e+04,2.000000000000000e-02,1.073042529313774e-01,-6.514279347555821e-02,1.255300212656728e-01,4.008275557666017e-12,-2.467660046631208e-12,4.706975573754633e-12,6.939197156201519e-03,-5.518411531126696e-01
4.050000000000000e+03,2,4.163610342847002e+03,2.000000000000000e-02,5.038560676518088e-04,-2.565532787652544e-03,2.614541914261422e-03,-2.408000551816811e-11,-5.223551065875314e-11,5.751865123188929e-11,9.179304319493855e-01,-2.002751190019090e+00
4.050000000000000e+03,1,1.695549108461087e+03,2.000000000000000e-02,-1.269163272295524e-03,-2.882136260170354e-04,1.301477047805980e-03,2.364560169294764e-12,5.876891377954184e-13,2.436498166816056e-12,3.888366237401228e-02,2.436046131702962e-01
4.050000000000000e+03,4,1.318370094592269e+04,2.000000000000000e-02,-1.662327801181021e-03,9.630983683618565e-03,9.773391449886081e-03,-2.464307315648055e-13,1.553179035431751e-12,1.572607141521451e-12,2.509697153508963e-02,1.728146865542013e+00
4.050000000000000e+03,6,2.128885113838474e+04,2.000000000000000e-02,-2.961096796612567e-03,1.248328718539220e-02,1.282967471107067e-02,-1.659850680794432e-13,7.252028595083384e-13,7.439557985958629e-13,1.187266483011235e-02,1.795801561558630e+00
4.050000000000000e+03,5,1.767147235215834e+04,2.000000000000000e-02,2.125597652234211e-03,1.923116454058152e-03,2.866451163905080e-03,1.835492275215090e-13,1.628629949003924e-13,2.453867845497551e-13,3.916086213988730e-03,7.257533385200626e-01
4.100000000000000e+03,2,4.163610342847002e+03,2.000000000000000e-02,-1.311715374681325e-02,1.651561170834210e-02,2.109087841978763e-02,1.494892736298969e-10,6.016714612117910e-10,6.199641845841789e-10,9.336860871219818e-01,1.327270758196290e+00
4.100000000000000e+03,1,1.695549108461087e+03,2.000000000000000e-02,1.828441770682205e-02,2.815190677515245e-03,1.849987106518088e-02,-3.312086282453503e-11,-5.778175730436336e-12,3.362110749236959e-11,5.063447386128117e-02,-2.968873626046545e+00
4.100000000000000e+03,3,9.242539562383385e+03,2.000000000000000e-02,2.908517704879458e-03,1.503215388434486e-02,1.531094790149263e-02,1.195740930339277e-12,5.522975794043968e-12,5.650934258517280e-12,8.510489521192901e-03,1.357584000233804e+00
4.100000000000000e+03,4,1.318370094592269e+04,2.000000000000000e-02,-9.974705182167034e-03,2.762090004738298e-03,1.035006689183336e-02,-1.602872843817228e-12,4.677081876995615e-13,1.669716234061326e-12,2.514646581125349e-03,2.857681480224566e+00
4.100000000000000e+03,7,2.290483206751202e+04,2.000000000000000e-02,2.576960206856282e-02,3.869206428435013e-03,2.605845638478842e-02,1.286753478265893e-12,1.834790837448368e-13,1.299768859452026e-12,1.957493885487482e-03,1.416359343363480e-01
4.150000000000000e+03,2,4.163610342847002e+03,2.000000000000000e-02,-3.564994308521588e-03,1.282877642911258e-03,3.788793932965061e-03,2.495772874628527e-11,1.347393467958285e-10,1.370313095578514e-10,9.313773960757069e-01,1.387642471295189e+00
4.150000000000000e+03,1,1.695549108461087e+03,2.000000000000000e-02,-1.428549652151945e-03,-4.169439362897783e-03,4.407377758888487e-03,2.376745124062823e-12,7.407649804081970e-12,7.779601082618058e-12,5.287656246018415e-02,1.260322443838399e+00
4.150000000000000e+03,3,9.242539562383385e+03,2.000000000000000e-02,-1.325590269354471e-04,-2.239832633633162e-03,2.243751796057250e-03,-6.791190763893908e-14,-8.303480481589639e-13,8.331205844777578e-13,5.662572174867653e-03,-1.652401971711065e+00
4.150000000000000e+03,7,2.290483206751202e+04,2.000000000000000e-02,-4.417407994659801e-03,-1.126557895733496e-02,1.210069265105236e-02,-2.247224589959229e-13,-5.607036977229307e-13,6.040602786289974e-13,4.105690087889890e-03,-1.951980516387909e+00
4.150000000000000e+03,8,2.629674673175216e+04,2.000000000000000e-02,1.264320235900179e-02,-5.914567123725665e-03,1.395824738825491e-02,4.734902804891655e-13,-2.252490835481934e-13,5.243378637453237e-13,3.563831038138374e-03,-4.440361226713775e-01
4.200000000000000e+03,2,4.163610342847002e+03,2.000000000000000e-02,-1.668590860567911e-02,-1.367005049087773e-03,1.674181139546458e-02,1.794349567756989e-10,5.261690521519617e-10,5.559233536699018e-10,9.255251681506900e-01,1.242142458971304e+00
4.200000000000000e+03,1,1.695549108461087e+03,2.000000000000000e-02,-4.895292834855157e-03,-1.369574128810840e-02,1.454431921300483e-02,7.941880116914107e-12,2.364895119619293e-11,2.494687059475298e-11,4.153262576508361e-02,1.246806050060162e+00
4.200000000000000e+03,4,1.318370094592269e+04,2.000000000000000e-02,6.124160756174368e-02,8.287210757684791e-03,6.179977636601048e-02,9.950265131569921e-12,1.203042033463965e-12,1.002272848693495e-11,1.668627052085904e-02,1.203215010930135e-01
4.200000000000000e+03,6,2.128885113838474e+04,2.000000000000000e-02,8.803709159580497e-02,1.749181560392570e-02,8.975796961702005e-02,5.127686735551267e-12,9.751096298132647e-13,5.219579489585628e-12,8.689780979489328e-03,1.879217727574266e-01
4.200000000000000e+03,5,1.767147235215834e+04,2.000000000000000e-02,1.837296883061172e-02,3.335990327816369e-02,3.808476244351626e-02,1.608259309379012e-12,2.851747701833019e-12,3.273982736838141e-12,5.450667619971641e-03,1.057301757198350e+00
4.250000000000000e+03,2,4.163610342847002e+03,2.000000000000000e-02,-1.162059466077950e-03,1.240302646564074e-03,1.699627270249338e-03,4.239013266394830e-11,-1.943889460345631e-12,4.243467984445246e-11,9.262416174173616e-01,-4.582501797013123e-02
4.250000000000000e+03,3,9.242539562383385e+03,2.000000000000000e-02,3.245030544627618e-03,1.617381255565605e-03,3.625761349209458e-03,1.233750852794075e-12,5.794099872091133e-13,1.363032318049639e-12,2.975154433803230e-02,4.390601625348496e-01
4.250000000000000e+03,1,1.695549108461087e+03,2.000000000000000e-02,-5.840088684355039e-04,4.424152055867674e-05,5.856822265978893e-04,9.750743401679686e-13,-5.528137320151442e-14,9.766401584396600e-13,2.131758182938569e-02,-5.663389463001352e-02
4.250000000000000e+03,4,1.318370094592269e+04,2.000000000000000e-02,-1.163078676139067e-03,2.317689199845373e-03,2.593151602581170e-03,-1.836972961518299e-13,3.795853682761526e-13,4.216986464560154e-13,9.204613721321496e-03,2.021515194653613e+00
4.250000000000000e+03,7,2.290483206751202e+04,2.000000000000000e-02,3.665035901498503e-03,3.177117956887606e-03,4.850419226340196e-03,1.844754717350875e-13,1.574495278762772e-13,2.425315515563813e-13,5.293849686430300e-03,7.065215875468992e-01
4.300000000000000e+03,2,4.163610342847002e+03,2.000000000000000e-02,-1.573944606882492e-03,-1.957969913848373e-02,1.964285926180491e-02,-1.675291535546749e-10,3.257118162208260e-10,3.662706711116998e-10,8.938327458827960e-01,2.045856175041930e+00
4.300000000000000e+03,1,1.695549108461087e+03,2.000000000000000e-02,1.549879766224328e-02,7.934475817862930e-03,1.741173843932332e-02,-2.489254527664350e-11,-1.333593558272096e-11,2.823979440817920e-11,6.891529944894391e-02,-2.649763392252248e+00
4.300000000000000e+03,3,9.242539562383385e+03,2.000000000000000e-02,1.253551006450944e-02,-1.658302528970565e-02,2.078787483934890e-02,4.592224175444917e-12,-6.384645194963446e-12,7.864618054496390e-12,1.919250899787748e-02,-9.472603589338829e-01
4.300000000000000e+03,4,1.318370094592269e+04,2.000000000000000e-02,-1.169919767688666e-02,-9.811047245676746e-03,1.526852561119676e-02,-1.930907132159185e-12,-1.571840443680802e-12,2.489796122861041e-12,6.076001931660357e-03,-2.458347678384319e+00
4.300000000000000e+03,7,2.290483206751202e+04,2.000000000000000e-02,3.560242877183242e-02,-2.353193387701135e-02,4.267651399125091e-02,1.772481389522453e-12,-1.191473078982308e-12,2.135719638469204e-12,5.211927406293937e-03,-5.918279049900513e-01
4.350000000000000e+03,2,4.163610342847002e+03,2.000000000000000e-02,-3.885945384163304e-03,-1.180208236008636e-03,4.061214474642124e-03,4.421342168088363e-11,3.902466161402067e-11,5.897245857873360e-11,8.969060695835093e-01,7.231423470694274e-01
4.350000000000000e+03,1,1.695549108461087e+03,2.000000000000000e-02,-1.574621430239903e-03,-8.123393969450017e-04,1.771814873060876e-03,2.461050500589504e-12,1.327479032316767e-12,2.796242147542395e-12,4.252775981533206e-02,4.946649532758864e-01
4.350000000000000e+03,4,1.318370094592269e+04,2.000000000000000e-02,1.303087698488438e-02,3.774478184994012e-03,1.356651910270962e-02,2.139742389332664e-12,5.855874398974700e-13,2.218425149170629e-12,3.373980039430412e-02,2.671311006219953e-01
4.350000000000000e+03,6,2.128885113838474e+04,2.000000000000000e-02,1.680251739025905e-02,4.429609843073198e-03,1.737659443077983e-02,9.821458005553046e-13,2.499816572914924e-13,1.013460015259912e-12,1.541360935042656e-02,2.492338851683286e-01
4.350000000000000e+03,5,1.767147235215834e+04,2.000000000000000e-02,4.813842218295683e-03,2.541323055176935e-03,5.443473135179389e-03,4.179095753350221e-13,2.150524885569313e-13,4.699957297585028e-13,7.148116813477175e-03,4.752521227097303e-01
4.400000000000000e+03,2,4.163610342847002e+03,2.000000000000000e-02,-3.925916151938311e-03,-9.511301818854540e-03,1.028968803809891e-02,5.342535914649579e-12,1.209470728356059e-10,1.210650119460642e-10,7.078127845917568e-01,1.526652512088320e+00
4.400000000000000e+03,1,1.695549108461087e+03,2.000000000000000e-02,1.597385642274736e-03,-1.759768244637399e-02,1.767003306090752e-02,-2.942987702625289e-12,2.698654605750881e-11,2.714654388189863e-11,1.587136573005034e-01,1.679420954285039e+00
4.400000000000000e+03,3,9.242539562383385e+03,2.000000000000000e-02,-1.975068574218483e-02,3.138494293956742e-02,3.708239785405531e-02,-7.272050450354566e-12,1.221259197792581e-11,1.421373000207194e-11,8.310129946283791e-02,2.107867303648730e+00
4.400000000000000e+03,4,1.318370094592269e+04,2.000000000000000e-02,-2.232730135946863e-02,-1.367626693332393e-02,2.618298423075680e-02,-3.694612245351684e-12,-2.187447251119144e-12,4.293609800614317e-12,2.510280930940820e-02,-2.607028813201712e+00
4.400000000000000e+03,7,2.290483206751202e+04,2.000000000000000e-02,-2.707369251647902e-02,1.029395643161552e-02,2.896463991650597e-02,-1.353056714361054e-12,5.268525168617487e-13,1.452011035357890e-12,8.489256785870571e-03,2.770275293844246e+00
4.450000000000000e+03,2,4.163610342847002e+03,2.000000000000000e-02,-1.945545595809995e-03,-7.336985748656979e-04,2.079293453107479e-03,1.624750051100623e-11,1.241510671314435e-11,2.044788858425020e-11,8.302394382987023e-01,6.524794211332930e-01
4.450000000000000e+03,1,1.695549108461087e+03,2.000000000000000e-02,-2.398224070814359e-04,-1.561968825176587e-03,1.580272570717426e-03,3.170941455825539e-13,2.342966695621583e-12,2.364326888134264e-12,9.599804984613718e-02,1.436274943063032e+00
4.450000000000000e+03,3,9.242539562383385e+03,2.000000000000000e-02,1.549946247186429e-03,-1.600660029602991e-03,2.228103655473852e-03,5.824276598386752e-13,-6.324610976190791e-13,8.597842862873721e-13,3.490956144269571e-02,-8.265584583083661e-01
4.450000000000000e+03,7,2.290483206751202e+04,2.000000000000000e-02,3.446513431590386e-03,-4.941885204474058e-03,6.025004913552564e-03,1.709185517096755e-13,-2.493444347967781e-13,3.023008410220814e-13,1.227422965521804e-02,-9.698875975279959e-01
4.450000000000000e+03,4,1.318370094592269e+04,2.000000000000000e-02,-1.131672115746624e-03,-1.239132121582215e-03,1.678132948337313e-03,-1.891927360580462e-13,-2.009227528015865e-13,2.759779773288024e-13,1.120545037871345e-02,-2.326135484579364e+00
4.500000000000000e+03,2,4.163610342847002e+03,2.000000000000000e-02,-9.922652039677226e-03,-1.287593617304761e-12,9.922652039677226e-03,8.089395989243899e-11,2.080257680137200e-11,8.352592381205076e-11,8.286513409090198e-01,2.517047303608369e-01
4.500000000000000e+03,1,1.695549108461087e+03,2.000000000000000e-02,-4.959643205633916e-03,-1.714543624889441e-12,4.959643205633916e-03,7.228181987410389e-12,1.269650890797132e-13,7.229296990508069e-12,7.172104625258584e-02,1.756348052818215e-02
4.500000000000000e+03,4,1.318370094592269e+04,2.000000000000000e-02,3.448955586578128e-02,-1.076095107819012e-13,3.448955586578128e-02,5.687823884277293e-12,-8.789779256551172e-14,5.688503015776042e-12,5.643500169354290e-02,-1.545244687938318e-02
4.500000000000000e+03,6,2.128885113838474e+04,2.000000000000000e-02,4.692043699463619e-02,-3.777157852434865e-13,4.692043699463619e-02,2.744829165667246e-12,-2.429333151734483e-14,2.744936668605263e-12,2.723220944276369e-02,-8.850349424165523e-03
4.500000000000000e+03,5,1.767147235215834e+04,2.000000000000000e-02,1.260877962886285e-02,-4.020963297241271e-13,1.260877962886285e-02,1.093535626935634e-12,-1.191103003051754e-14,1.093600493788247e-12,1.084948808989590e-02,-1.089178873314104e-02
