frequency_hz,order,kR,sigma,velocity_order_abs,power_index,power_index_db
5.000000000000000e+01,0,5.138759776957189e-02,2.640685204527310e-03,1.838754999027920e-05,3.899641899469122e-12,5.910247279944512e+00
5.000000000000000e+01,1,5.138759776957189e-02,2.388861287889933e-03,1.520933013173559e-21,2.413634300647617e-44,-3.161732853094206e+02
5.000000000000000e+01,2,5.138759776957189e-02,3.937697610804867e-07,2.089142229766095e-05,7.506521640816828e-16,-3.124561259020115e+01
5.000000000000000e+01,3,5.138759776957189e-02,2.281211940163887e-11,1.500293120992944e-21,2.242736416498224e-52,-3.964922176502022e+02
5.000000000000000e+01,4,5.138759776957189e-02,6.699404093715661e-16,3.912038934451087e-06,4.478193694522912e-26,-1.334889712588802e+02
5.000000000000000e+01,5,5.138759776957189e-02,1.187069713131120e-20,4.580860212733014e-21,1.088004435858152e-60,-4.796336933399005e+02
5.000000000000000e+01,6,5.138759776957189e-02,1.406177494095843e-25,1.151318011297811e-06,8.141250228929874e-37,-2.408930889660561e+02
5.000000000000000e+01,7,5.138759776957189e-02,1.191714437160711e-30,5.448291524147790e-21,1.545088067884078e-70,-5.781104676134851e+02
5.000000000000000e+01,8,5.138759776957189e-02,7.582306019688734e-36,1.345366083062185e-06,5.994357232281811e-47,-3.422225737894363e+02
5.000000000000000e+01,9,5.138759776957189e-02,3.754713137736592e-41,2.156312469689350e-21,7.625362844690391e-82,-6.911773948605362e+02
5.000000000000000e+01,10,5.138759776957189e-02,1.488147274530675e-46,3.923272962009632e-07,1.000468286735686e-58,-4.599979667325863e+02
5.000000000000000e+01,11,5.138759776957189e-02,4.827398087127054e-52,6.806028407665760e-21,9.766995595552486e-92,-7.901023900812720e+02
5.000000000000000e+01,12,5.138759776957189e-02,1.305299819479890e-57,6.044409879469545e-07,2.082948126156733e-69,-5.668132154560886e+02
5.000000000000000e+01,13,5.138759776957189e-02,2.987048979620649e-63,3.107494630722691e-21,1.259863461440305e-103,-9.089967651929209e+02
5.000000000000000e+01,14,5.138759776957189e-02,5.859962916155371e-69,3.258836069713326e-07,2.718192812186359e-81,-6.856571974028247e+02
5.000000000000000e+01,15,5.138759776957189e-02,9.964449069901618e-75,3.324908832940615e-21,4.811418548203801e-115,-1.023177268619150e+03
5.000000000000000e+01,16,5.138759776957189e-02,1.482734842771512e-80,3.131717058669696e-07,6.351684123312097e-93,-8.019711110801699e+02
5.000000000000000e+01,17,5.138759776957189e-02,1.946937654401607e-86,5.929599896340564e-21,2.989944917860294e-126,-1.135243368123745e+03
5.000000000000000e+01,18,5.138759776957189e-02,2.272574277281957e-92,3.004000695350148e-07,8.957328615144412e-105,-9.204782149264655e+02
5.000000000000000e+01,19,5.138759776957189e-02,2.373584653801109e-98,5.320359854310731e-22,2.934587774092461e-140,-1.275324528961235e+03
5.000000000000000e+01,20,5.138759776957189e-02,2.231286612986262e-104,1.996149962422044e-07,3.883309923394360e-117,-1.044107979474275e+03
5.000000000000000e+01,21,5.138759776957189e-02,1.897836164946578e-110,3.126236737586173e-21,8.101450930134088e-151,-1.380914371941435e+03
5.000000000000000e+01,22,5.138759776957189e-02,1.467524291085448e-116,2.656549691905542e-07,4.523572440664547e-129,-1.163445184504829e+03
5.000000000000000e+01,23,5.138759776957189e-02,1.036136971586191e-122,5.777935151425156e-21,1.510855256685941e-162,-1.498207771400512e+03
5.000000000000000e+01,24,5.138759776957189e-02,6.706139538199415e-129,1.592609886697129e-07,7.429366165113642e-142,-1.291290482364057e+03
5.000000000000000e+01,25,5.138759776957189e-02,3.993249816987735e-135,2.866690573471942e-21,1.433337555153987e-175,-1.628436515199465e+03
5.000000000000000e+01,26,5.138759776957189e-02,2.194965467564473e-141,1.819074782291544e-07,3.172408914779073e-154,-1.414986108383828e+03
5.000000000000000e+01,27,5.138759776957189e-02,1.117155234204108e-147,1.159678473621811e-20,6.562194205375486e-187,-1.741829509209974e+03
5.000000000000000e+01,28,5.138759776957189e-02,5.279856912357321e-154,1.492413660018752e-07,5.136424950324590e-167,-1.542893390530960e+03
5.000000000000000e+01,29,5.138759776957189e-02,2.323289091152169e-160,1.417119915601069e-20,2.037871609966826e-199,-1.866908231808985e+03
5.000000000000000e+01,30,5.138759776957189e-02,9.541730920963244e-167,1.189313021571732e-07,5.894946608443511e-180,-1.672295201240317e+03
5.000000000000000e+01,31,5.138759776957189e-02,3.666003138266816e-173,7.318116199512404e-21,8.575348871344616e-213,-2.000667482025018e+03
5.000000000000000e+01,32,5.138759776957189e-02,1.320488782450991e-179,1.282383583423781e-07,9.484861171996887e-193,-1.800229690214097e+03
5.000000000000000e+01,33,5.138759776957189e-02,4.468161325519596e-186,4.195272185677552e-21,3.434863583204626e-226,-2.134640905064175e+03
5.000000000000000e+01,34,5.138759776957189e-02,1.422977818590317e-192,7.629149595936266e-08,3.617518451346803e-206,-1.934415892450610e+03
5.000000000000000e+01,35,5.138759776957189e-02,4.272844175718289e-199,5.144747422702042e-21,4.939756422140087e-239,-2.263062944654749e+03
5.000000000000000e+01,36,5.138759776957189e-02,1.211757811423773e-205,1.000972621470296e-07,5.302987319808733e-219,-2.062754794113396e+03
5.000000000000000e+01,37,5.138759776957189e-02,3.250753771478839e-212,2.033190965507131e-20,5.869495588086340e-251,-2.382313992194889e+03
5.000000000000000e+01,38,5.138759776957189e-02,8.261789606952662e-219,7.174359881066880e-08,1.857380193650633e-232,-2.197310991899036e+03
5.000000000000000e+01,39,5.138759776957189e-02,1.992067204031883e-225,2.328475664631425e-20,4.717454883099736e-264,-2.513262922446584e+03
5.000000000000000e+01,40,5.138759776957189e-02,4.563099362332951e-232,6.772649439802719e-08,9.141921375727273e-246,-2.330389625181413e+03
1.000000000000000e+02,0,1.027751955391438e-01,1.056274081810924e-02,6.622644850137894e-03,2.023484668990410e-06,6.306099918291168e+01
1.000000000000000e+02,1,1.027751955391438e-01,8.685656408987035e-03,7.100541344907244e-19,1.912695911030471e-38,-2.571835407056810e+02
1.000000000000000e+02,2,1.027751955391438e-01,5.706658252779149e-06,7.635615180161199e-03,1.453216410898384e-09,3.162330293623906e+01
1.000000000000000e+02,3,1.027751955391438e-01,1.320772460793370e-09,1.979005428719631e-18,2.259343889845734e-44,-3.164601766102487e+02
1.000000000000000e+02,4,1.027751955391438e-01,1.550546247413836e-13,1.335351667983945e-03,1.207636952847520e-18,-5.918063606337719e+01
1.000000000000000e+02,5,1.027751955391438e-01,1.098547296725817e-17,2.156939089395859e-18,2.232311953487587e-52,-3.965124511519523e+02
1.000000000000000e+02,6,1.027751955391438e-01,5.203927915946286e-22,4.428996424927630e-04,4.458638835989246e-28,-1.535079770546818e+02
1.000000000000000e+02,7,1.027751955391438e-01,1.763775855275504e-26,1.580264765561827e-18,1.923815723715360e-61,-4.871583653001461e+02
1.000000000000000e+02,8,1.027751955391438e-01,4.488201521089416e-31,5.872553065311731e-04,6.760621328016300e-37,-2.417001338883219e+02
1.000000000000000e+02,9,1.027751955391438e-01,8.889163570811393e-36,1.179775512208799e-18,5.404058178668804e-71,-5.826727998412470e+02
1.000000000000000e+02,10,1.027751955391438e-01,1.409134503833200e-40,1.801608362089264e-04,1.997715272981990e-47,-3.469946641009624e+02
1.000000000000000e+02,11,1.027751955391438e-01,1.828305793859432e-45,2.289785593543665e-18,4.186960229787112e-80,-6.737810116427381e+02
1.000000000000000e+02,12,1.027751955391438e-01,1.977335144901663e-50,2.310456364471819e-04,4.610374346753353e-57,-4.433626380994033e+02
1.000000000000000e+02,13,1.027751955391438e-01,1.809883280358962e-55,1.415026784965466e-18,1.582851792375071e-90,-7.780055974765627e+02
1.000000000000000e+02,14,1.027751955391438e-01,1.420183299737270e-60,1.673869136427492e-04,1.737991978749389e-67,-5.475995223225611e+02
1.000000000000000e+02,15,1.027751955391438e-01,9.659321309103930e-66,1.539006420015125e-18,9.992814803003371e-101,-8.800031216130116e+02
1.000000000000000e+02,16,1.027751955391438e-01,5.749136457620802e-71,1.423979584697323e-04,5.091790257144647e-78,-6.529312949426441e+02
1.000000000000000e+02,17,1.027751955391438e-01,3.019525019556270e-76,1.634695466197062e-18,3.524298715988818e-111,-9.845292728833958e+02
1.000000000000000e+02,18,1.027751955391438e-01,1.409787074669176e-81,1.311811920459042e-04,1.059636802573768e-88,-7.597484296649679e+02
1.000000000000000e+02,19,1.027751955391438e-01,5.889659411471912e-87,5.933875392243740e-19,9.057897216984306e-123,-1.100429726117111e+03
1.000000000000000e+02,20,1.027751955391438e-01,2.214582310693076e-92,8.997527348162967e-05,7.830663111619162e-100,-8.710620145971432e+02
1.000000000000000e+02,21,1.027751955391438e-01,7.534371810635297e-98,1.778753055199960e-18,1.041210955927399e-132,-1.199824612707647e+03
1.000000000000000e+02,22,1.027751955391438e-01,2.330377229159794e-103,1.153201002292760e-04,1.353619534910093e-110,-9.786850338669096e+02
1.000000000000000e+02,23,1.027751955391438e-01,6.581294725305004e-109,1.514081758969394e-18,6.589771526075214e-144,-1.311811296425661e+03
1.000000000000000e+02,24,1.027751955391438e-01,1.703807618734234e-114,8.241115349715952e-05,5.054205601320892e-122,-1.092963470952806e+03
1.000000000000000e+02,25,1.027751955391438e-01,4.058156066970905e-120,7.463739811209757e-19,9.874203888446317e-156,-1.430054979094526e+03
1.000000000000000e+02,26,1.027751955391438e-01,8.922461606652763e-126,7.942607230365319e-05,2.458505727527138e-133,-1.206093287756063e+03
1.000000000000000e+02,27,1.027751955391438e-01,1.816459169558162e-131,4.711233497336435e-18,1.760983397843663e-165,-1.527542447384444e+03
1.000000000000000e+02,28,1.027751955391438e-01,3.433916537871616e-137,6.994679620447182e-05,7.338135935113247e-145,-1.321344142474284e+03
1.000000000000000e+02,29,1.027751955391438e-01,6.044030029636276e-143,3.835748276343453e-18,3.884071119692000e-177,-1.644107128264965e+03
1.000000000000000e+02,30,1.027751955391438e-01,9.929024526666323e-149,5.959707640232721e-05,1.540340936174556e-156,-1.438123831425975e+03
1.000000000000000e+02,31,1.027751955391438e-01,1.525908744670627e-154,2.704578190167938e-18,4.875150282542171e-189,-1.763120119920941e+03
1.000000000000000e+02,32,1.027751955391438e-01,2.198502613968661e-160,6.339588746641368e-05,3.859308721453119e-168,-1.554134904790962e+03
1.000000000000000e+02,33,1.027751955391438e-01,2.975622709476745e-166,1.434024528283187e-18,2.672707221095149e-201,-1.885730486129707e+03
1.000000000000000e+02,34,1.027751955391438e-01,3.790566230126834e-172,4.226295444592716e-05,2.957223573426197e-180,-1.675291158404942e+03
1.000000000000000e+02,35,1.027751955391438e-01,4.552816299069265e-178,2.115279897273561e-18,8.897667541552106e-213,-2.000507238255566e+03
1.000000000000000e+02,36,1.027751955391438e-01,5.164593845763610e-184,4.567738340588315e-05,4.706509848215910e-192,-1.793273010282282e+03
1.000000000000000e+02,37,1.027751955391438e-01,5.541940261958834e-190,7.275523713211089e-18,1.281299699056611e-223,-2.108923492758578e+03
1.000000000000000e+02,38,1.027751955391438e-01,5.633904108760131e-196,3.905502941239816e-05,3.753390515248845e-204,-1.914255762477919e+03
1.000000000000000e+02,39,1.027751955391438e-01,5.433716613384434e-202,7.576153605471980e-18,1.362243958123834e-235,-2.228657451096190e+03
1.000000000000000e+02,40,1.027751955391438e-01,4.978639949291705e-208,3.399975416493730e-05,2.513753199334053e-216,-2.035996773636544e+03
1.500000000000000e+02,0,1.541627933087157e-01,2.376616684074578e-02,4.060751423536446e-05,1.711718383713206e-10,2.233432314979141e+01
1.500000000000000e+02,1,1.541627933087157e-01,1.784123862267567e-02,7.602681043978502e-21,4.504212863329716e-42,-2.934638109347087e+02
1.500000000000000e+02,2,1.541627933087157e-01,2.623035698605058e-05,4.253758550699979e-05,2.073052183241121e-13,-6.833897656300046e+00
1.500000000000000e+02,3,1.541627933087157e-01,1.363241498328169e-08,1.085880567001160e-20,7.020972677350146e-48,-3.515360271705209e+02
1.500000000000000e+02,4,1.541627933087157e-01,3.597232206454130e-12,1.324442602153308e-05,2.756100943172357e-21,-8.559704880284033e+01
1.500000000000000e+02,5,1.541627933087157e-01,5.730788655289898e-16,4.051865349197768e-21,4.109460065870397e-56,-4.338621523550034e+02
1.500000000000000e+02,6,1.541627933087157e-01,6.105582253883893e-20,6.396637031164715e-06,1.091166100546521e-29,-1.696210913478279e+02
1.500000000000000e+02,7,1.541627933087157e-01,4.654687558367409e-24,4.637275734041339e-21,4.371965614296769e-64,-5.135932326245425e+02
1.500000000000000e+02,8,1.541627933087157e-01,2.664422486850645e-28,4.131143573808058e-06,1.986113350303596e-38,-2.570199596933177e+02
1.500000000000000e+02,9,1.541627933087157e-01,1.187126249760867e-32,4.336199118388176e-21,9.749350965219314e-73,-6.001102429523542e+02
1.500000000000000e+02,10,1.541627933087157e-01,4.233591783991597e-37,2.222062806132687e-06,9.130235984437043e-48,-3.503951799733817e+02
1.500000000000000e+02,11,1.541627933087157e-01,1.235768232798640e-41,1.259138230114986e-20,8.557446846749753e-81,-6.806765578973434e+02
1.500000000000000e+02,12,1.541627933087157e-01,3.006827564380708e-46,2.574747813851593e-06,8.706393300165468e-57,-4.406016171803855e+02
1.500000000000000e+02,13,1.541627933087157e-01,6.191919775643534e-51,7.333227793197834e-21,1.454373776654824e-90,-7.783732396467544e+02
1.500000000000000e+02,14,1.541627933087157e-01,1.093127362654536e-55,1.762999068229451e-06,1.484004760030491e-66,-5.382856470603026e+02
1.500000000000000e+02,15,1.541627933087157e-01,1.672740891228417e-60,9.319768452741166e-21,6.345988513678379e-100,-8.719750071831355e+02
1.500000000000000e+02,16,1.541627933087157e-01,2.239977727991449e-65,1.492216827411251e-06,2.178551993862726e-76,-6.366183207062462e+02
1.500000000000000e+02,17,1.541627933087157e-01,2.646924058589723e-70,1.397644468120843e-20,2.258370874145652e-109,-9.664620473585272e+02
1.500000000000000e+02,18,1.541627933087157e-01,2.780484179045441e-75,1.267925165063652e-06,1.952396562491987e-86,-7.370943196566010e+02
1.500000000000000e+02,19,1.541627933087157e-01,2.613503403239592e-80,2.878763470314463e-21,9.460092853703879e-121,-1.080241046008442e+03
1.500000000000000e+02,20,1.541627933087157e-01,2.211018331348980e-85,1.127170782902935e-06,1.226964937542888e-96,-8.391116784774506e+02
1.500000000000000e+02,21,1.541627933087157e-01,1.692452941711465e-90,7.832908269729564e-21,4.535477807045261e-130,-1.173433769538007e+03
1.500000000000000e+02,22,1.541627933087157e-01,1.177785049909427e-95,1.147932034031900e-06,6.778892565762398e-107,-9.416884124888541e+02
1.500000000000000e+02,23,1.541627933087157e-01,7.483805037592700e-101,9.451750086499100e-21,2.920164304198031e-140,-1.275345927121135e+03
1.500000000000000e+02,24,1.541627933087157e-01,4.359171197063079e-106,8.304517519287521e-07,1.313085784036949e-117,-1.048817069004780e+03
1.500000000000000e+02,25,1.541627933087157e-01,2.336066364411802e-111,8.575554991239133e-21,7.503605821958553e-151,-1.381247299883076e+03
1.500000000000000e+02,26,1.541627933087157e-01,1.155619615505446e-116,8.197997364754161e-07,3.392273163503302e-128,-1.154695091833536e+03
1.500000000000000e+02,27,1.541627933087157e-01,5.293346050671668e-122,2.538286249768723e-20,1.489607478513660e-160,-1.478269281559995e+03
1.500000000000000e+02,28,1.541627933087157e-01,2.251486703033038e-127,7.319377618940902e-07,5.268391698940238e-139,-1.262783219432083e+03
1.500000000000000e+02,29,1.541627933087157e-01,8.916240718850358e-133,2.871580722490836e-20,3.211324600338331e-171,-1.584933157937761e+03
1.500000000000000e+02,30,1.541627933087157e-01,3.295624629881745e-138,6.585630225983248e-07,6.242992121925367e-150,-1.372046072131076e+03
1.500000000000000e+02,31,1.541627933087157e-01,1.139557182908301e-143,1.693339887952899e-20,1.427199757237709e-182,-1.698455152368401e+03
1.500000000000000e+02,32,1.541627933087157e-01,3.694122837431187e-149,5.825616282577935e-07,5.475899216533955e-161,-1.482615445536180e+03
1.500000000000000e+02,33,1.541627933087157e-01,1.124965857833043e-154,1.017242274233793e-20,5.084502968924641e-194,-1.812937514947380e+03
1.500000000000000e+02,34,1.541627933087157e-01,3.224356204546056e-160,4.566087134129713e-07,2.936241457090202e-172,-1.595322082337798e+03
1.500000000000000e+02,35,1.541627933087157e-01,8.713583302888547e-166,1.172775540631750e-20,5.234641572351942e-205,-1.922811130500843e+03
1.500000000000000e+02,36,1.541627933087157e-01,2.223979777162321e-171,4.898051601610801e-07,2.330439909510594e-183,-1.706325620908882e+03
1.500000000000000e+02,37,1.541627933087157e-01,5.369511097270097e-177,3.911083486269464e-20,3.587478279345822e-215,-2.024452107197182e+03
1.500000000000000e+02,38,1.541627933087157e-01,1.228176612125065e-182,4.022692381423971e-07,8.680701686122400e-195,-1.820614451681306e+03
1.500000000000000e+02,39,1.541627933087157e-01,2.665182983785580e-188,5.338305556985441e-20,3.317372589215906e-226,-2.134792057481509e+03
1.500000000000000e+02,40,1.541627933087157e-01,5.494391898853929e-194,3.566459706612369e-07,3.052492739612787e-206,-1.935153453603560e+03
2.000000000000000e+02,0,2.055503910782876e-01,4.225096327243696e-02,3.578201858163441e-03,2.362798309987443e-06,6.373426651552854e+01
2.000000000000000e+02,1,2.055503910782876e-01,2.907139541774519e-02,2.685949355729287e-19,9.160556982534489e-39,-2.603807811944490e+02
2.000000000000000e+02,2,2.055503910782876e-01,7.544062725497757e-05,3.874689271869126e-03,4.946971566647593e-09,3.694339414208220e+01
2.000000000000000e+02,3,2.055503910782876e-01,6.951750779637148e-08,1.351934902706741e-18,5.549656689425893e-43,-3.025573388219256e+02
2.000000000000000e+02,4,2.055503910782876e-01,3.256594841401237e-11,1.147247301209379e-03,1.872139398742432e-16,-3.727661817002470e+01
2.000000000000000e+02,5,2.055503910782876e-01,9.215449527355044e-15,7.100223050187272e-19,2.029181396081300e-50,-3.769267912803031e+02
2.000000000000000e+02,6,2.055503910782876e-01,1.744439893190175e-18,3.402811110618604e-04,8.822507925228588e-25,-1.205440794284257e+02
2.000000000000000e+02,7,2.055503910782876e-01,2.363284832765521e-22,9.661583207207304e-19,9.635472750996657e-58,-4.501612697243434e+02
2.000000000000000e+02,8,2.055503910782876e-01,2.404193665369129e-26,3.283535936488547e-04,1.132174473825913e-32,-1.994608664100903e+02
2.000000000000000e+02,9,2.055503910782876e-01,1.903854957459792e-30,6.132518538121134e-19,3.127317402499055e-66,-5.350482803843779e+02
2.000000000000000e+02,10,2.055503910782876e-01,1.206806163143601e-34,1.596684933639220e-04,1.343805260857074e-41,-2.887166366302547e+02
2.000000000000000e+02,11,2.055503910782876e-01,6.261415412815479e-39,1.163392892282523e-18,3.701567669063245e-74,-6.143161430678911e+02
2.000000000000000e+02,12,2.055503910782876e-01,2.708086575436505e-43,1.745231349094091e-04,3.602706791328634e-50,-3.744337108178241e+02
2.000000000000000e+02,13,2.055503910782876e-01,9.913039031874782e-48,5.842759347710187e-19,1.478097821574582e-83,-7.083029682306959e+02
2.000000000000000e+02,14,2.055503910782876e-01,3.110905267652836e-52,1.153798573554615e-04,1.808869119395053e-59,-4.674259285535181e+02
2.000000000000000e+02,15,2.055503910782876e-01,8.462231031027460e-57,8.126308902923456e-19,2.440798315863400e-92,-7.961246810502621e+02
2.000000000000000e+02,16,2.055503910782876e-01,2.014395289390935e-61,9.645863547309434e-05,8.186293065105191e-69,-5.608691271189209e+02
2.000000000000000e+02,17,2.055503910782876e-01,4.231468139725410e-66,1.121437074971586e-18,2.324348572954375e-101,-8.863369874204811e+02
2.000000000000000e+02,18,2.055503910782876e-01,7.901722898864037e-71,9.365582229622055e-05,3.027273931725528e-78,-6.551894827886036e+02
2.000000000000000e+02,19,2.055503910782876e-01,1.320319052765082e-75,2.550792994892701e-19,3.752232014570196e-112,-9.942571031540699e+02
2.000000000000000e+02,20,2.055503910782876e-01,1.985660049893240e-80,7.165702364721356e-05,4.453308603666915e-88,-7.535131720825398e+02
2.000000000000000e+02,21,2.055503910782876e-01,2.702015585076712e-85,6.722176424681190e-19,5.332956306201794e-121,-1.082730319745495e+03
2.000000000000000e+02,22,2.055503910782876e-01,3.342702075859967e-90,7.694453962571221e-05,8.643977844223389e-98,-8.506328635494751e+02
2.000000000000000e+02,23,2.055503910782876e-01,3.775860659085134e-95,1.071983695240727e-18,1.895189675156127e-130,-1.177223473182809e+03
2.000000000000000e+02,24,2.055503910782876e-01,3.909854275263281e-100,5.489690005874975e-05,5.146554503271470e-108,-9.528848342357896e+02
2.000000000000000e+02,25,2.055503910782876e-01,3.724827038468051e-105,7.280700263442694e-19,8.624080035739292e-141,-1.280642872216705e+03
2.000000000000000e+02,26,2.055503910782876e-01,3.275677488522915e-110,5.558638874931439e-05,4.420775083680390e-118,-1.053545015801860e+03
2.000000000000000e+02,27,2.055503910782876e-01,2.667366608910351e-115,2.347229626816764e-18,6.418805699596955e-150,-1.371925457704242e+03
2.000000000000000e+02,28,2.055503910782876e-01,2.016920604852639e-120,4.966045498263864e-05,2.172553870833777e-128,-1.156630294459422e+03
2.000000000000000e+02,29,2.055503910782876e-01,1.419936465450852e-125,2.695087935462574e-18,4.504796275610596e-160,-1.473463248447246e+03
2.000000000000000e+02,30,2.055503910782876e-01,9.330248815250924e-131,4.031739533527790e-05,6.624277583171405e-139,-1.261788614772024e+03
2.000000000000000e+02,31,2.055503910782876e-01,5.735358258745816e-136,1.336642682247443e-18,4.475603083319136e-171,-1.583491484356307e+03
2.000000000000000e+02,32,2.055503910782876e-01,3.305257000834466e-141,3.963883810075243e-05,2.268336225285141e-149,-1.366442925714884e+03
2.000000000000000e+02,33,2.055503910782876e-01,1.789382552283880e-146,7.661973696052205e-19,4.588226772245604e-182,-1.693383551253172e+03
2.000000000000000e+02,34,2.055503910782876e-01,9.117531343726289e-152,2.954055765388249e-05,3.475161617283138e-160,-1.474590249931279e+03
2.000000000000000e+02,35,2.055503910782876e-01,4.380279631627690e-157,9.901695597132413e-19,1.875777581083953e-192,-1.797268186590457e+03
2.000000000000000e+02,36,2.055503910782876e-01,1.987499595904274e-162,3.205099118906115e-05,8.917648324026167e-171,-1.580497496584662e+03
2.000000000000000e+02,37,2.055503910782876e-01,8.530656703416483e-168,3.695549515619466e-18,5.088630062903470e-202,-1.892933991206495e+03
2.000000000000000e+02,38,2.055503910782876e-01,3.468808798313968e-173,2.574139771357111e-05,1.003933564670099e-181,-1.689982950256888e+03
2.000000000000000e+02,39,2.055503910782876e-01,1.338192765961058e-178,4.747859567813786e-18,1.317573254823204e-212,-1.998802252294125e+03
2.000000000000000e+02,40,2.055503910782876e-01,4.904374810834683e-184,2.262845812222835e-05,1.096866926141589e-192,-1.799598460586131e+03
2.500000000000000e+02,0,2.569379888478595e-01,6.601713011318275e-02,2.395626002339774e-05,1.654836305684471e-10,2.218755040375194e+01
2.500000000000000e+02,1,2.569379888478595e-01,4.178582069057798e-02,5.450461213850267e-21,5.421953719677550e-42,-2.926584419375930e+02
2.500000000000000e+02,2,2.569379888478595e-01,1.679711807181289e-04,2.916046113422574e-05,6.238553630939008e-13,-2.049160870664005e+00
2.500000000000000e+02,3,2.569379888478595e-01,2.410532457864607e-07,6.469248792211116e-21,4.406370929762689e-47,-3.435591894659322e+02
2.500000000000000e+02,4,2.569379888478595e-01,1.761359364469370e-10,2.481758477104701e-06,4.738352474001160e-21,-8.324372636348573e+01
2.500000000000000e+02,5,2.569379888478595e-01,7.779553346965484e-14,6.955258843883622e-21,1.643772159213407e-53,-4.078415837952937e+02
2.500000000000000e+02,6,2.569379888478595e-01,2.299310567476469e-17,1.680282018621209e-06,2.835452380176025e-28,-1.554737764204768e+02
2.500000000000000e+02,7,2.569379888478595e-01,4.864617721045721e-21,4.765736617751409e-21,4.825798171829335e-61,-4.831643084543878e+02
2.500000000000000e+02,8,2.569379888478595e-01,7.729452968283134e-25,1.168274391909313e-06,4.607855340882935e-36,-2.333650116362183e+02
2.500000000000000e+02,9,2.569379888478595e-01,9.560869431403605e-29,4.029670781167610e-21,6.781049002987937e-69,-5.616870311719940e+02
2.500000000000000e+02,10,2.569379888478595e-01,9.466987652036249e-33,9.490967535818767e-07,3.724715870033152e-44,-3.142890685064269e+02
2.500000000000000e+02,11,2.569379888478595e-01,7.673209003655616e-37,1.095465987834204e-20,4.021936289925937e-76,-6.339556481319048e+02
2.500000000000000e+02,12,2.569379888478595e-01,5.184560616124949e-41,7.502458250135077e-07,1.274616376479483e-52,-3.989462050593384e+02
2.500000000000000e+02,13,2.569379888478595e-01,2.964916626337238e-45,5.266638108428703e-21,3.592028741435167e-85,-7.244466019700563e+02
2.500000000000000e+02,14,2.569379888478595e-01,1.453642707732817e-49,8.907740286535766e-07,5.037941607527055e-61,-4.829774687051710e+02
2.500000000000000e+02,15,2.569379888478595e-01,6.177719430883199e-54,3.666613896598917e-21,3.627595909409895e-94,-8.144038109649825e+02
2.500000000000000e+02,16,2.569379888478595e-01,2.297556925532605e-58,6.255499567763202e-07,3.926907218694899e-70,-5.740594935971375e+02
2.500000000000000e+02,17,2.569379888478595e-01,7.540424304573925e-63,6.271941524801253e-21,1.295567809755104e-102,-8.988753985119861e+02
2.500000000000000e+02,18,2.569379888478595e-01,2.199954398547811e-67,5.371961027975593e-07,2.772935375660615e-79,-6.655706025170632e+02
2.500000000000000e+02,19,2.569379888478595e-01,5.743298168828172e-72,2.291127243817062e-21,1.316800994073435e-112,-9.988047985427606e+02
2.500000000000000e+02,20,2.569379888478595e-01,1.349524804810727e-76,5.131425640553135e-07,1.552091477680383e-88,-7.580908268573181e+02
2.500000000000000e+02,21,2.569379888478595e-01,2.869193389782525e-81,7.306282525965017e-21,6.689799601888622e-121,-1.081745868916638e+03
2.500000000000000e+02,22,2.569379888478595e-01,5.545845967472759e-86,4.451302754892746e-07,4.799571144438360e-98,-8.531879756635873e+02
2.500000000000000e+02,23,2.569379888478595e-01,9.787823599774542e-91,6.097536511141054e-21,1.589480907461283e-130,-1.177987446843796e+03
2.500000000000000e+02,24,2.569379888478595e-01,1.583552395211041e-95,4.220015931514445e-07,1.231745491981903e-107,-9.490947901850786e+02
2.500000000000000e+02,25,2.569379888478595e-01,2.357116905802727e-100,6.988222340604216e-22,5.027764349477992e-142,-1.292986250858229e+03
2.500000000000000e+02,26,2.569379888478595e-01,3.238773519627904e-105,3.171426406636092e-07,1.422820843502337e-117,-1.048468497812767e+03
2.500000000000000e+02,27,2.569379888478595e-01,4.120669007934041e-110,1.509371729339728e-20,4.100346109114864e-149,-1.363871794830523e+03
2.500000000000000e+02,28,2.569379888478595e-01,4.868334658189641e-115,3.255294477110107e-07,2.253312108660034e-127,-1.146471786495185e+03
2.500000000000000e+02,29,2.569379888478595e-01,5.355105780465926e-120,1.815888616722210e-20,7.712706930614431e-159,-1.461127931707553e+03
2.500000000000000e+02,30,2.569379888478595e-01,5.497949087069519e-125,3.001686588822798e-07,2.163673701489400e-137,-1.246648082335505e+03
2.500000000000000e+02,31,2.569379888478595e-01,5.280525379642976e-130,9.269412960837406e-21,1.981718477959193e-169,-1.567029580411488e+03
2.500000000000000e+02,32,2.569379888478595e-01,4.754792728049418e-135,2.584715910048780e-07,1.387450778588707e-147,-1.348577824150280e+03
2.500000000000000e+02,33,2.569379888478595e-01,4.021980350119970e-140,5.047336533403056e-21,4.475327606192918e-180,-1.673491751676432e+03
2.500000000000000e+02,34,2.569379888478595e-01,3.202026811912179e-145,2.392889553668990e-07,8.008121147844294e-158,-1.450964693654186e+03
2.500000000000000e+02,35,2.569379888478595e-01,2.403593403409837e-150,7.303848738897151e-21,5.600475572584571e-190,-1.772517750926760e+03
2.500000000000000e+02,36,2.569379888478595e-01,1.704033611078225e-155,2.035376890712054e-07,3.083388144888863e-168,-1.555109718017176e+03
2.500000000000000e+02,37,2.569379888478595e-01,1.142788726938310e-160,2.946884260216841e-20,4.334634355793880e-199,-1.863630475311655e+03
2.500000000000000e+02,38,2.569379888478595e-01,7.260668683446543e-166,2.110891427129023e-07,1.413086589259418e-178,-1.658498312252106e+03
2.500000000000000e+02,39,2.569379888478595e-01,4.376511561349359e-171,2.249850298302684e-20,9.675996142160429e-210,-1.970143043134642e+03
2.500000000000000e+02,40,2.569379888478595e-01,2.506147005404515e-176,1.694724994281551e-07,3.143875753827305e-189,-1.765025346256394e+03
3.000000000000000e+02,0,3.083255866174313e-01,9.506466736298314e-02,7.204083959745539e-04,2.154949152519759e-07,5.333437027146118e+01
3.000000000000000e+02,1,3.083255866174313e-01,5.553764538965780e-02,1.182703402158270e-19,3.393122338227780e-39,-2.646940048168721e+02
3.000000000000000e+02,2,3.083255866174313e-01,3.183097955912542e-04,8.393754504341865e-04,9.795416182022777e-10,2.991022892777534e+01
3.000000000000000e+02,3,3.083255866174313e-01,6.552513676151980e-07,2.042034646479777e-19,1.193423297405933e-43,-3.092320548833197e+02
3.000000000000000e+02,4,3.083255866174313e-01,6.880316276156526e-10,1.124541591487581e-04,3.800316878620601e-17,-4.420180189462471e+01
3.000000000000000e+02,5,3.083255866174313e-01,4.370389454488871e-13,7.896964075503061e-20,1.190421678760046e-50,-3.792429917279271e+02
3.000000000000000e+02,6,3.083255866174313e-01,1.858427382764030e-16,5.434950302857349e-05,2.397712532865619e-24,-1.162020288665581e+02
3.000000000000000e+02,7,3.083255866174313e-01,5.658267988453321e-20,2.272906815356466e-19,1.276753736402867e-56,-4.389389286251352e+02
3.000000000000000e+02,8,3.083255866174313e-01,1.294007954715085e-23,3.345624086481942e-05,6.326326373936271e-32,-1.919884840667523e+02
3.000000000000000e+02,9,3.083255866174313e-01,2.304008170434920e-27,1.018167426980798e-19,1.043236505908063e-64,-5.198161722410733e+02
3.000000000000000e+02,10,3.083255866174313e-01,3.284193861159940e-31,1.726086133790029e-05,4.273798825629959e-40,-2.736918592460879e+02
3.000000000000000e+02,11,3.083255866174313e-01,3.832196517239517e-35,2.592598909872070e-19,1.125068079299521e-71,-5.894882119704636e+02
3.000000000000000e+02,12,3.083255866174313e-01,3.727813465894192e-39,1.844667277328167e-05,5.540521231354969e-48,-3.525644937656164e+02
3.000000000000000e+02,13,3.083255866174313e-01,3.069303809064232e-43,1.185876376946861e-19,1.885293963669513e-80,-6.772462092299355e+02
3.000000000000000e+02,14,3.083255866174313e-01,2.166611626602035e-47,1.481216186269385e-05,2.076243714807092e-56,-4.368272166923230e+02
3.000000000000000e+02,15,3.083255866174313e-01,1.325733648193477e-51,1.242687114716219e-19,8.942114623472722e-89,-7.604855976747821e+02
3.000000000000000e+02,16,3.083255866174313e-01,7.099147188435375e-56,1.123970108798128e-05,3.917202894998517e-65,-5.240702393320164e+02
3.000000000000000e+02,17,3.083255866174313e-01,3.354697397949104e-60,1.532731805010783e-19,3.442278889395160e-97,-8.446315394655386e+02
3.000000000000000e+02,18,3.083255866174313e-01,1.409268732871301e-64,8.811701450728983e-06,4.779403839986983e-74,-6.132062627182949e+02
3.000000000000000e+02,19,3.083255866174313e-01,5.297466419860296e-69,4.072810638065212e-20,3.838106418458237e-107,-9.441588298783179e+02
3.000000000000000e+02,20,3.083255866174313e-01,1.792329939348115e-73,9.537259765272222e-06,7.120746835872152e-83,-7.014747445444060e+02
3.000000000000000e+02,21,3.083255866174313e-01,5.486939599135296e-78,1.824604129308582e-19,7.978621247065631e-115,-1.020980721508203e+03
3.000000000000000e+02,22,3.083255866174313e-01,1.527123125194273e-82,8.270029396795276e-06,4.561929015262133e-92,-7.934085147673578e+02
3.000000000000000e+02,23,3.083255866174313e-01,3.880883106569872e-87,1.906746233015087e-19,6.162780772392145e-124,-1.112102232810822e+03
3.000000000000000e+02,24,3.083255866174313e-01,9.041012001919618e-92,6.659992190948463e-06,1.751559313787885e-101,-8.875657515140103e+02
3.000000000000000e+02,25,3.083255866174313e-01,1.937794308841544e-96,3.546428934119841e-20,1.064512001594714e-134,-1.219728494378452e+03
3.000000000000000e+02,26,3.083255866174313e-01,3.833987050800546e-101,5.973358243122191e-06,5.975140585951685e-111,-9.822365187197233e+02
3.000000000000000e+02,27,3.083255866174313e-01,7.023970733922640e-106,4.383090641417554e-19,5.893916244873522e-142,-1.292295960399567e+03
3.000000000000000e+02,28,3.083255866174313e-01,1.194927430984061e-110,5.705438998742146e-06,1.698947765625099e-120,-1.077698199733673e+03
3.000000000000000e+02,29,3.083255866174313e-01,1.892676635114304e-115,4.894802522709655e-19,1.980647244843990e-151,-1.387031928658342e+03
3.000000000000000e+02,30,3.083255866174313e-01,2.798062089187638e-120,5.576938573322308e-06,3.801101199233016e-130,-1.174200905677335e+03
3.000000000000000e+02,31,3.083255866174313e-01,3.869750311176475e-125,3.160465968304201e-19,1.688284150033113e-161,-1.487725544567590e+03
3.000000000000000e+02,32,3.083255866174313e-01,5.017500221897735e-130,4.351540648410830e-06,4.149863890144417e-140,-1.273819661473189e+03
3.000000000000000e+02,33,3.083255866174313e-01,6.111481572440553e-135,1.610699464972672e-19,6.925257054940174e-172,-1.591595641016180e+03
3.000000000000000e+02,34,3.083255866174313e-01,7.006206971941090e-140,4.078953016137357e-06,5.091441187102124e-150,-1.372931592685446e+03
3.000000000000000e+02,35,3.083255866174313e-01,7.573054203206234e-145,2.231670618845456e-19,1.647371770742234e-181,-1.687832083803312e+03
3.000000000000000e+02,36,3.083255866174313e-01,7.731092269921997e-150,3.850404895073967e-06,5.006267148831634e-160,-1.473004859789052e+03
3.000000000000000e+02,37,3.083255866174313e-01,7.465893906218311e-155,8.414431437177627e-19,2.308828789468762e-190,-1.776366082708705e+03
3.000000000000000e+02,38,3.083255866174313e-01,6.830400038744931e-160,3.517213806410634e-06,3.690660029597037e-170,-1.574328959586164e+03
3.000000000000000e+02,39,3.083255866174313e-01,5.928593918325691e-165,8.027380219987189e-19,1.668628799973365e-200,-1.877776402649104e+03
3.000000000000000e+02,40,3.083255866174313e-01,4.888602061561229e-170,2.928728694737969e-06,1.831484865138456e-180,-1.677371966658687e+03
3.500000000000000e+02,0,3.597131843870032e-01,1.293935750218382e-01,1.005126362351349e-05,5.709714627157465e-11,1.756614402650766e+01
3.500000000000000e+02,1,3.597131843870032e-01,6.998711554148314e-02,1.105430256265971e-21,3.735434730432013e-43,-3.042765884765287e+02
3.500000000000000e+02,2,3.597131843870032e-01,5.399935197770844e-04,1.087153500417157e-05,2.787601233937643e-13,-5.547693519107168e+00
3.500000000000000e+02,3,3.597131843870032e-01,1.506346610650744e-06,2.409222572022235e-21,3.818907369841731e-47,-3.441806087560272e+02
3.500000000000000e+02,4,3.597131843870032e-01,2.147768640685940e-09,3.303410282834980e-06,1.023700446207644e-19,-6.989827107414135e+01
3.500000000000000e+02,5,3.597131843870032e-01,1.854163650400061e-12,2.109310562010221e-21,3.603209221872765e-53,-4.044331051965185e+02
3.500000000000000e+02,6,3.597131843870032e-01,1.072076839910331e-15,9.665285953629261e-07,4.374371786814879e-27,-1.435908430815244e+02
3.500000000000000e+02,7,3.597131843870032e-01,4.439525231039607e-19,3.476522717090426e-21,2.343619131945830e-59,-4.663011296532206e+02
3.500000000000000e+02,8,3.597131843870032e-01,1.381146221049712e-22,9.279665738105891e-07,5.194750434412850e-34,-2.128443531192987e+02
3.500000000000000e+02,9,3.597131843870032e-01,3.345712963735460e-26,1.270566653694012e-21,2.359086949258565e-67,-5.462725605195574e+02
3.500000000000000e+02,10,3.597131843870032e-01,6.488920971670348e-30,4.524497265241292e-07,5.801943669514213e-42,-2.923642649203420e+02
3.500000000000000e+02,11,3.597131843870032e-01,1.030285948604769e-33,3.384103351003272e-21,5.153536730521196e-74,-6.128789462428358e+02
3.500000000000000e+02,12,3.597131843870032e-01,1.363801361487337e-37,4.961539540747364e-07,1.466372799883230e-49,-3.683375560380837e+02
3.500000000000000e+02,13,3.597131843870032e-01,1.528057726507344e-41,1.533706176122808e-21,1.569945068793023e-82,-6.980411554296493e+02
3.500000000000000e+02,14,3.597131843870032e-01,1.467900217817782e-45,3.307540958229925e-07,7.014025809691353e-58,-4.515403264036700e+02
3.500000000000000e+02,15,3.597131843870032e-01,1.222355412991858e-49,1.706633779725203e-21,1.555029161982659e-90,-7.780826146209091e+02
3.500000000000000e+02,16,3.597131843870032e-01,8.908025696246047e-54,2.712642796371986e-07,2.863037539490792e-66,-5.354317295757155e+02
3.500000000000000e+02,17,3.597131843870032e-01,5.728877806744020e-58,3.394749233917626e-21,2.883668411219301e-98,-8.554005467996404e+02
3.500000000000000e+02,18,3.597131843870032e-01,3.275342299926650e-62,2.671988097073359e-07,1.021377050170541e-74,-6.199081390474978e+02
3.500000000000000e+02,19,3.597131843870032e-01,1.675647305852205e-66,3.276804767283048e-22,7.858580551983176e-109,-9.610465589087041e+02
3.500000000000000e+02,20,3.597131843870032e-01,7.715925373032028e-71,2.056566139312699e-07,1.425390117868542e-83,-7.084606625646234e+02
3.500000000000000e+02,21,3.597131843870032e-01,3.214840660325597e-75,1.622286558629531e-21,3.695514879114178e-116,-1.034323250447982e+03
3.500000000000000e+02,22,3.597131843870032e-01,1.217770973042470e-79,2.196300361886584e-07,2.565721108159279e-92,-7.959079055285981e+02
3.500000000000000e+02,23,3.597131843870032e-01,4.211987745136355e-84,2.950994630043670e-21,1.602080374291074e-124,-1.117953156997153e+03
3.500000000000000e+02,24,3.597131843870032e-01,1.335490819085616e-88,1.571259808945173e-07,1.440115330068645e-101,-8.884160272651116e+02
3.500000000000000e+02,25,3.597131843870032e-01,3.895838397656129e-93,1.897903501905969e-21,6.129281263378191e-134,-1.212125904490786e+03
3.500000000000000e+02,26,3.597131843870032e-01,1.049095761794933e-97,1.584338717089875e-07,1.150195240596748e-110,-9.793922843380562e+02
3.500000000000000e+02,27,3.597131843870032e-01,2.615893461713963e-102,6.552125984393397e-21,4.905066438460825e-142,-1.293093551057842e+03
3.500000000000000e+02,28,3.597131843870032e-01,6.056939281699314e-107,1.431662803883182e-07,5.422443885058711e-120,-1.072658049336495e+03
3.500000000000000e+02,29,3.597131843870032e-01,1.305761178175819e-111,7.731079057857733e-21,3.408822156975327e-151,-1.384673956559313e+03
3.500000000000000e+02,30,3.597131843870032e-01,2.627371616221847e-116,1.153279440029114e-07,1.526338877535532e-129,-1.168163490336781e+03
3.500000000000000e+02,31,3.597131843870032e-01,4.945668407624708e-121,3.576090735389180e-21,2.762500827811851e-161,-1.485586975831660e+03
3.500000000000000e+02,32,3.597131843870032e-01,8.727870945856975e-126,1.129277909383273e-07,4.861500606291145e-139,-1.263132296557500e+03
3.500000000000000e+02,33,3.597131843870032e-01,1.446928828635941e-130,2.170400873142082e-21,2.977059012464682e-171,-1.585262125565075e+03
3.500000000000000e+02,34,3.597131843870032e-01,2.257689321868489e-135,8.463880921745275e-08,7.064210487695492e-149,-1.361509363688469e+03
3.500000000000000e+02,35,3.597131843870032e-01,3.321494761535080e-140,2.529110911509946e-21,9.279609169242172e-181,-1.680324703146449e+03
3.500000000000000e+02,36,3.597131843870032e-01,4.615144783722178e-145,9.154266081179758e-08,1.689245443778489e-158,-1.457723072437776e+03
3.500000000000000e+02,37,3.597131843870032e-01,6.066090377458041e-150,1.028794559829774e-20,2.804313467033518e-189,-1.765521734424194e+03
3.500000000000000e+02,38,3.597131843870032e-01,7.553641421671098e-155,7.379806045203561e-08,1.796828483284168e-168,-1.557454933766018e+03
3.500000000000000e+02,39,3.597131843870032e-01,8.923713545942460e-160,1.299792860623789e-20,6.584977238928188e-199,-1.861814457218449e+03
3.500000000000000e+02,40,3.597131843870032e-01,1.001527285103645e-164,6.414858649748783e-08,1.800102897089913e-178,-1.657447026691405e+03
4.000000000000000e+02,0,4.111007821565751e-01,1.690038530897479e-01,1.285997610791795e-03,1.220779682055178e-06,6.086637292526967e+01
4.000000000000000e+02,1,4.111007821565751e-01,8.487514729152215e-02,3.890786627902945e-19,5.611975069849261e-38,-2.525088426691149e+02
4.000000000000000e+02,2,4.111007821565751e-01,8.451460315348959e-04,1.514071077141951e-03,8.462226512809788e-09,3.927484646136703e+01
4.000000000000000e+02,3,4.111007821565751e-01,3.064238130622007e-06,3.121681291558259e-19,1.304247457386364e-42,-2.988464000125626e+02
4.000000000000000e+02,4,4.111007821565751e-01,5.691288240624465e-09,1.684689189672311e-04,7.055219379484244e-16,-3.151489477470490e+01
4.000000000000000e+02,5,4.111007821565751e-01,6.406588102898286e-12,2.797415274206321e-19,2.189782847050124e-48,-3.565959895045843e+02
4.000000000000000e+02,6,4.111007821565751e-01,4.832683890218569e-15,3.427983289399325e-05,2.480425250635021e-23,-1.060547385620122e+02
4.000000000000000e+02,7,4.111007821565751e-01,2.611669241092766e-18,3.670771468476519e-19,1.537068533912932e-54,-4.181330676800015e+02
4.000000000000000e+02,8,4.111007821565751e-01,1.060540996104115e-21,6.683624283140965e-05,2.069244838720633e-29,-1.668418811938051e+02
4.000000000000000e+02,9,4.111007821565751e-01,3.353835974709416e-25,2.141251711539090e-19,6.716416625860299e-62,-4.917286237198900e+02
4.000000000000000e+02,10,4.111007821565751e-01,8.492450999122830e-29,1.542987654522830e-05,8.831171427028712e-38,-2.505398168480846e+02
4.000000000000000e+02,11,4.111007821565751e-01,1.760584055352706e-32,5.481559827793009e-19,2.310603593086147e-68,-5.563627455564684e+02
4.000000000000000e+02,12,4.111007821565751e-01,3.043070540953350e-36,1.916400536778203e-05,4.881406222088488e-45,-3.231145504961236e+02
4.000000000000000e+02,13,4.111007821565751e-01,4.452262882470647e-40,2.380524276557670e-19,1.102012172587404e-76,-6.395781360833510e+02
4.000000000000000e+02,14,4.111007821565751e-01,5.585115200779556e-44,1.507562663382964e-05,5.544255609737164e-53,-4.025615675542739e+02
4.000000000000000e+02,15,4.111007821565751e-01,6.073503348251587e-48,2.654458549158990e-19,1.869181758879505e-84,-7.172834846585478e+02
4.000000000000000e+02,16,4.111007821565751e-01,5.780147180601046e-52,1.090899067657084e-05,3.004473661506047e-61,-4.852223159884419e+02
4.000000000000000e+02,17,4.111007821565751e-01,4.854567063392848e-56,3.328667054234024e-19,2.349370888868662e-92,-7.962904841690729e+02
4.000000000000000e+02,18,4.111007821565751e-01,3.624663699044226e-60,9.996128059936465e-06,1.581946178664759e-69,-5.680080829625333e+02
4.000000000000000e+02,19,4.111007821565751e-01,2.421749771609959e-64,7.625649031601542e-20,6.150965011216861e-102,-8.921105674338411e+02
4.000000000000000e+02,20,4.111007821565751e-01,1.456381115401379e-68,8.523955184788012e-06,4.621869908610341e-78,-6.533518228273570e+02
4.000000000000000e+02,21,4.111007821565751e-01,7.924847414600334e-73,2.940314780002031e-19,2.992532846130291e-109,-9.652396107406614e+02
4.000000000000000e+02,22,4.111007821565751e-01,3.920532297184323e-77,8.890112696962154e-06,1.353380552805070e-86,-7.386858006833587e+02
4.000000000000000e+02,23,4.111007821565751e-01,1.770995881943942e-81,3.674248892107093e-19,1.044275425529582e-117,-1.049811849419352e+03
4.000000000000000e+02,24,4.111007821565751e-01,7.333732900059419e-86,6.929782374112104e-06,1.538241923923617e-95,-8.281297535636645e+02
4.000000000000000e+02,25,4.111007821565751e-01,2.794095342465579e-90,1.014885454914480e-19,1.257001051653153e-127,-1.149006643589672e+03
4.000000000000000e+02,26,4.111007821565751e-01,9.826834284747292e-95,6.002890515344568e-06,1.546659951550254e-104,-9.181060515973223e+02
4.000000000000000e+02,27,4.111007821565751e-01,3.200211193252856e-99,7.555230015075743e-19,7.978741308120756e-135,-1.220980656156735e+03
4.000000000000000e+02,28,4.111007821565751e-01,9.677731584310165e-104,5.483556417043520e-06,1.271038096072779e-113,-1.008958414323994e+03
4.000000000000000e+02,29,4.111007821565751e-01,2.724879966968161e-108,8.761191432832316e-19,9.135536951628427e-144,-1.310392659214066e+03
4.000000000000000e+02,30,4.111007821565751e-01,7.160935402248406e-113,4.941218934245316e-06,7.636569574181640e-123,-1.101171016871800e+03
4.000000000000000e+02,31,4.111007821565751e-01,1.760512460145871e-117,5.261820210018845e-19,2.128979479695305e-153,-1.406718285245166e+03
4.000000000000000e+02,32,4.111007821565751e-01,4.057788381920387e-122,4.873941770499227e-06,4.210274676362191e-132,-1.193756895700700e+03
4.000000000000000e+02,33,4.111007821565751e-01,8.786101820796369e-127,3.007623043461753e-19,3.471389951988710e-163,-1.504594965979436e+03
4.000000000000000e+02,34,4.111007821565751e-01,1.790532261751123e-131,4.019730378813956e-06,1.263677815965291e-141,-1.288983636385410e+03
4.000000000000000e+02,35,4.111007821565751e-01,3.440497920281714e-136,3.853692731971395e-19,2.231700087439799e-172,-1.596513641695560e+03
4.000000000000000e+02,36,4.111007821565751e-01,6.243722477043227e-141,3.519271142212499e-06,3.377609292312866e-151,-1.384713905892251e+03
4.000000000000000e+02,37,4.111007821565751e-01,1.071860793727336e-145,1.467659783030296e-18,1.008438775172879e-180,-1.679963504637494e+03
4.000000000000000e+02,38,4.111007821565751e-01,1.743242401094483e-150,3.535648797078705e-06,9.518234100036469e-161,-1.480214436179756e+03
4.000000000000000e+02,39,4.111007821565751e-01,2.689797295750107e-155,1.452793615917634e-18,2.479635018596979e-190,-1.776056122389618e+03
4.000000000000000e+02,40,4.111007821565751e-01,3.942845833742022e-160,2.791022098005297e-06,1.341518633707267e-170,-1.578724032905954e+03
4.500000000000000e+02,0,4.624883799261470e-01,2.138955015667121e-01,1.827640490918801e-05,3.120639176433850e-10,2.494243556315831e+01
4.500000000000000e+02,1,4.624883799261470e-01,1.000038690598596e-01,3.720981676798395e-21,6.047727697843241e-42,-2.921840777140671e+02
4.500000000000000e+02,2,4.624883799261470e-01,1.244246829584652e-03,2.108538607532710e-05,2.416184091458299e-12,3.831300205363029e+00
4.500000000000000e+02,3,4.624883799261470e-01,5.679041019078683e-06,6.954352155250870e-21,1.199633889448750e-45,-3.292095127399563e+02
4.500000000000000e+02,4,4.624883799261470e-01,1.331036050078939e-08,3.346657119672318e-06,6.511373676343673e-19,-6.186327380537400e+01
4.500000000000000e+02,5,4.624883799261470e-01,1.892792445190789e-11,4.517267784568233e-21,1.686999794099382e-51,-3.877288497041710e+02
4.500000000000000e+02,6,4.624883799261470e-01,1.804731521005199e-14,1.829266881046621e-06,2.637710387809948e-25,-1.257877289032139e+02
4.500000000000000e+02,7,4.624883799261470e-01,1.233218998846888e-17,3.690446441432383e-21,7.335984136486126e-58,-4.513454161646616e+02
4.500000000000000e+02,8,4.624883799261470e-01,6.333500987217115e-21,1.006927519864542e-06,2.804791783795110e-32,-1.955209937344711e+02
4.500000000000000e+02,9,4.624883799261470e-01,2.533485329813352e-24,3.366302741429494e-21,1.253964085995187e-64,-5.190171490168510e+02
4.500000000000000e+02,10,4.624883799261470e-01,8.115527190139116e-28,5.969747071605569e-07,1.263248997989571e-39,-2.689851103757243e+02
4.500000000000000e+02,11,4.624883799261470e-01,2.128541765647930e-31,7.243246130314858e-21,4.877631932979463e-71,-5.831179097472892e+02
4.500000000000000e+02,12,4.624883799261470e-01,4.654847090108956e-35,6.419630884764450e-07,8.378878591733875e-47,-3.407681410237346e+02
4.500000000000000e+02,13,4.624883799261470e-01,8.617128826429758e-39,3.897175054521484e-21,5.716402186432945e-79,-6.624287722333735e+02
4.500000000000000e+02,14,4.624883799261470e-01,1.367786993990608e-42,5.026805993810170e-07,1.509604150593242e-54,-4.182113691876704e+02
4.500000000000000e+02,15,4.624883799261470e-01,1.882102092130811e-46,3.387950838426174e-21,9.435778553564490e-87,-7.402522226003883e+02
4.500000000000000e+02,16,4.624883799261470e-01,2.266579783992270e-50,3.904742450148735e-07,1.509441067052149e-62,-4.982118383842339e+02
4.500000000000000e+02,17,4.624883799261470e-01,2.408904833509806e-54,3.397656826610934e-21,1.214616088625178e-94,-8.191556097057485e+02
4.500000000000000e+02,18,4.624883799261470e-01,2.276047174315299e-58,3.095529256504644e-07,9.526019102806442e-71,-5.802108855192005e+02
4.500000000000000e+02,19,4.624883799261470e-01,1.924391592457253e-62,9.162712166376318e-22,7.056704014672621e-104,-9.115139809816601e+02
4.500000000000000e+02,20,4.624883799261470e-01,1.464519601193267e-66,3.229546465218218e-07,6.671732517963726e-79,-6.617576137368642e+02
4.500000000000000e+02,21,4.624883799261470e-01,1.008490018215874e-70,5.039278794678295e-21,1.118584350615811e-110,-9.795133126089615e+02
4.500000000000000e+02,22,4.624883799261470e-01,6.313791595631512e-75,2.889668798293534e-07,2.302749744674582e-87,-7.463775325717793e+02
4.500000000000000e+02,23,4.624883799261470e-01,3.609364385839061e-79,3.858804561547986e-21,2.347451662050672e-119,-1.066294033418183e+03
4.500000000000000e+02,24,4.624883799261470e-01,1.891512740633042e-83,2.288663743494926e-07,4.327465489742548e-96,-8.336376638680881e+02
4.500000000000000e+02,25,4.624883799261470e-01,9.120089178520638e-88,9.926167350636332e-22,3.924846116333370e-129,-1.164061773662149e+03
4.500000000000000e+02,26,4.624883799261470e-01,4.059266362238723e-92,2.085543027653116e-07,7.711630664803195e-105,-9.211285377838932e+02
4.500000000000000e+02,27,4.624883799261470e-01,1.672979905758804e-96,1.153882787592096e-20,9.729140557207107e-136,-1.230119255222957e+03
4.500000000000000e+02,28,4.624883799261470e-01,6.402737764758009e-101,1.969671516168986e-07,1.084959899752411e-113,-1.009645863130948e+03
4.500000000000000e+02,29,4.624883799261470e-01,2.281504204832218e-105,1.153608751513822e-20,1.326168538069031e-144,-1.318774012794742e+03
4.500000000000000e+02,30,4.624883799261470e-01,7.587993305426230e-110,1.885445283738588e-07,1.178189557249316e-122,-1.099287848309033e+03
4.500000000000000e+02,31,4.624883799261470e-01,2.360918286528395e-114,7.929289669297870e-21,6.483505538115862e-154,-1.411881901138507e+03
4.500000000000000e+02,32,4.624883799261470e-01,6.886795282914551e-119,1.514555663687280e-07,6.899982908763058e-132,-1.191611519850075e+03
4.500000000000000e+02,33,4.624883799261470e-01,1.887170245687262e-123,3.608152350277038e-21,1.073102427347376e-163,-1.509693588227603e+03
4.500000000000000e+02,34,4.624883799261470e-01,4.867266351237033e-128,1.362794680498711e-07,3.948265373547184e-141,-1.284035936649198e+03
4.500000000000000e+02,35,4.624883799261470e-01,1.183622823847236e-132,5.334563638528309e-21,1.471199249973945e-172,-1.598323285051758e+03
4.500000000000000e+02,36,4.624883799261470e-01,2.718476409726948e-137,1.324793283198392e-07,2.083925393110738e-150,-1.376811178333285e+03
4.500000000000000e+02,37,4.624883799261470e-01,5.906240344454271e-142,2.027089180418700e-20,1.060027641135774e-180,-1.679746828099841e+03
4.500000000000000e+02,38,4.624883799261470e-01,1.215687657012302e-146,1.181442787152993e-07,7.411528119518683e-160,-1.471300922393279e+03
4.500000000000000e+02,39,4.624883799261470e-01,2.373974023941381e-151,1.998915316159187e-20,4.143097148338944e-190,-1.773826748831408e+03
4.500000000000000e+02,40,4.624883799261470e-01,4.404118804729234e-156,9.988313566523638e-08,1.919127039844916e-169,-1.567168962754587e+03
5.000000000000000e+02,0,5.138759776957189e-01,2.640685204527310e-01,1.333048468349291e-03,2.049598882161245e-06,6.311668875539109e+01
5.000000000000000e+02,1,5.138759776957189e-01,1.152221664986495e-01,1.401577204439531e-19,9.886224097994123e-39,-2.600496954930522e+02
5.000000000000000e+02,2,5.138759776957189e-01,1.746054810785135e-03,1.471289166666301e-03,1.650875452782757e-08,4.217714309962066e+01
5.000000000000000e+02,3,5.138759776957189e-01,9.782082526973362e-06,4.817115914964244e-19,9.914387274303603e-42,-2.900373412075384e+02
5.000000000000000e+02,4,5.138759776957189e-01,2.821431755184230e-08,3.792345445884472e-04,1.772334509961998e-14,-1.751454306083216e+01
5.000000000000000e+02,5,5.138759776957189e-01,4.943257418257270e-11,2.896419223889020e-19,1.811325212539260e-47,-3.474200356772500e+02
5.000000000000000e+02,6,5.138759776957189e-01,5.810666730418785e-14,1.104641514465470e-04,3.096913332801167e-21,-8.509070948215340e+01
5.000000000000000e+02,7,5.138759776957189e-01,4.896887323862705e-17,3.125551575368368e-19,2.089458806208040e-53,-4.067996618657486e+02
5.000000000000000e+02,8,5.138759776957189e-01,3.102386810803942e-20,1.126922302162007e-04,1.720854912598826e-27,-1.476425574403264e+02
5.000000000000000e+02,9,5.138759776957189e-01,1.531140157656793e-23,2.366619755773382e-19,3.745693876795222e-60,-4.742646771896590e+02
5.000000000000000e+02,10,5.138759776957189e-01,6.052145027828185e-27,4.826501100749015e-05,6.157926608427106e-35,-2.221056549142260e+02
5.000000000000000e+02,11,5.138759776957189e-01,1.958884893240635e-30,4.264876077659483e-19,1.556259849818498e-66,-5.380791788683198e+02
5.000000000000000e+02,12,5.138759776957189e-01,5.286829085708964e-34,5.703643140081645e-05,7.512082069118575e-42,-2.912423967607067e+02
5.000000000000000e+02,13,5.138759776957189e-01,1.207919705516882e-37,2.631874625470951e-19,3.654507210410322e-74,-6.143717117690811e+02
5.000000000000000e+02,14,5.138759776957189e-01,2.366450557191206e-41,3.622379673887090e-05,1.356268685282622e-49,-3.686765426550105e+02
5.000000000000000e+02,15,5.138759776957189e-01,4.019203766742783e-45,2.608325151555220e-19,1.194328638022213e-81,-6.892287615390916e+02
5.000000000000000e+02,16,5.138759776957189e-01,5.974444318890096e-49,3.071609608269356e-05,2.462010584631198e-57,-4.460871008428974e+02
5.000000000000000e+02,17,5.138759776957189e-01,7.837644613826993e-53,4.043613219085218e-19,5.597384558515303e-89,-7.625201485462553e+02
5.000000000000000e+02,18,5.138759776957189e-01,9.141022428434790e-57,3.012933956223308e-05,3.624385309825011e-65,-5.244076563852402e+02
5.000000000000000e+02,19,5.138759776957189e-01,9.540287735198910e-61,8.369782817553730e-20,2.919108341542591e-98,-8.553474978604627e+02
5.000000000000000e+02,20,5.138759776957189e-01,8.962385520380680e-65,2.244117409098881e-05,1.971401732932258e-73,-6.070522486602109e+02
5.000000000000000e+02,21,5.138759776957189e-01,7.618430780276114e-69,2.943631438959702e-19,2.883319401482296e-105,-9.254010724570826e+02
5.000000000000000e+02,22,5.138759776957189e-01,5.887813641378161e-73,2.524260772973709e-05,1.638637370887198e-81,-6.878551714481104e+02
5.000000000000000e+02,23,5.138759776957189e-01,4.154973628356994e-77,3.515380624866273e-19,2.242711159874983e-113,-1.006492266558642e+03
5.000000000000000e+02,24,5.138759776957189e-01,2.687966878227391e-81,1.732849040471612e-05,3.525378375747250e-90,-7.745279426372782e+02
5.000000000000000e+02,25,5.138759776957189e-01,1.599903537326760e-85,2.169462877787276e-19,3.288960123433455e-122,-1.094829413920320e+03
5.000000000000000e+02,26,5.138759776957189e-01,8.790730601130987e-90,1.796570361548360e-05,1.239292425702602e-98,-8.590682620461314e+02
5.000000000000000e+02,27,5.138759776957189e-01,4.472529371103006e-94,8.347882493097819e-19,1.361338787204549e-129,-1.168660337814066e+03
5.000000000000000e+02,28,5.138759776957189e-01,2.113077121744796e-98,1.589364802800577e-05,2.331432752059095e-107,-9.463237710683649e+02
5.000000000000000e+02,29,5.138759776957189e-01,9.295225928728273e-103,1.017906668316175e-18,4.206648570748782e-138,-1.253760637680304e+03
5.000000000000000e+02,30,5.138759776957189e-01,3.816421736671184e-107,1.275986431166541e-05,2.713993704533111e-116,-1.035663911640785e+03
5.000000000000000e+02,31,5.138759776957189e-01,1.465894320164994e-111,5.397454517522011e-19,1.865267004108579e-147,-1.347292589922139e+03
5.000000000000000e+02,32,5.138759776957189e-01,5.278767826062835e-116,1.277511736073048e-05,3.762900381703354e-125,-1.124244772789560e+03
5.000000000000000e+02,33,5.138759776957189e-01,1.785753137859139e-120,2.820823198415726e-19,6.206310766389730e-157,-1.442071664819344e+03
5.000000000000000e+02,34,5.138759776957189e-01,5.685799869300916e-125,9.107957527799146e-06,2.060126675545521e-134,-1.216861060743886e+03
5.000000000000000e+02,35,5.138759776957189e-01,1.706934930224342e-129,3.475932603386567e-19,9.007826713184596e-166,-1.530453799770921e+03
5.000000000000000e+02,36,5.138759776957189e-01,4.839799355689863e-134,1.025223163325128e-05,2.221900158841687e-143,-1.306532754599939e+03
5.000000000000000e+02,37,5.138759776957189e-01,1.298111377594165e-138,1.415647256923039e-18,1.136272308562383e-173,-1.609445175771337e+03
5.000000000000000e+02,38,5.138759776957189e-01,3.298547385606503e-143,8.060800128862818e-06,9.361369679403331e-153,-1.400286606041798e+03
5.000000000000000e+02,39,5.138759776957189e-01,7.952017498334970e-148,1.681774051402295e-18,9.823652347090554e-183,-1.700077270153409e+03
5.000000000000000e+02,40,5.138759776957189e-01,1.821217198799430e-152,7.119881452503522e-06,4.032437372285522e-162,-1.493944323689067e+03
5.500000000000000e+02,0,5.652635754652908e-01,3.195229097478046e-01,1.354619308246765e-05,2.560925169824546e-10,2.408396888578904e+01
5.500000000000000e+02,1,5.652635754652908e-01,1.304148494252942e-01,3.096964213398536e-21,5.463359527829506e-42,-2.926254021888598e+02
5.500000000000000e+02,2,5.652635754652908e-01,2.357632049041966e-03,1.618206398879440e-05,2.696523551945976e-12,4.308042178507738e+00
5.500000000000000e+02,3,5.652635754652908e-01,1.588386378609845e-05,3.319293475388079e-21,7.643773710263773e-46,-3.311669217847710e+02
5.500000000000000e+02,4,5.652635754652908e-01,5.524349635004411e-08,1.362383165908137e-06,4.478577124614856e-19,-6.348859942493117e+01
5.500000000000000e+02,5,5.652635754652908e-01,1.168564356381259e-10,1.725618508445663e-21,1.519856477285179e-51,-3.881819742130917e+02
5.500000000000000e+02,6,5.652635754652908e-01,1.659533478965275e-13,5.075510096476420e-07,1.867264210179844e-25,-1.272879422682606e+02
5.500000000000000e+02,7,5.652635754652908e-01,1.690351906218370e-16,3.642649469643173e-21,9.796529560034345e-57,-4.400892774674203e+02
5.500000000000000e+02,8,5.652635754652908e-01,1.294685576178491e-19,5.332638733436238e-07,1.608084990129706e-31,-1.879369100175117e+02
5.500000000000000e+02,9,5.652635754652908e-01,7.726326758059320e-23,3.650934969972171e-21,4.498229702349596e-63,-5.034695837106228e+02
5.500000000000000e+02,10,5.652635754652908e-01,3.693289098573692e-26,3.028176571159829e-07,1.479231195570224e-38,-2.582996394289733e+02
5.500000000000000e+02,11,5.652635754652908e-01,1.445773496567432e-29,5.613231790390590e-21,1.989695301530596e-69,-5.670121342559819e+02
5.500000000000000e+02,12,5.652635754652908e-01,4.719603965251227e-33,2.274432138485093e-07,1.066379744404545e-45,-3.297208811282233e+02
5.500000000000000e+02,13,5.652635754652908e-01,1.304343206261178e-36,1.827613211821977e-21,1.902921273299406e-77,-6.472057917875391e+02
5.500000000000000e+02,14,5.652635754652908e-01,3.091108772681671e-40,2.990806607450691e-07,1.207678440940886e-52,-3.991804868650567e+02
5.500000000000000e+02,15,5.652635754652908e-01,6.350905635787810e-44,2.018494259491816e-21,1.130188958446957e-84,-7.194684893992344e+02
5.500000000000000e+02,16,5.652635754652908e-01,1.142049226849662e-47,1.927847010445406e-07,1.853917140188768e-60,-4.773190968031178e+02
5.500000000000000e+02,17,5.652635754652908e-01,1.812488369990732e-51,3.577339545730373e-21,1.013108405143508e-91,-7.899434408155312e+02
5.500000000000000e+02,18,5.652635754652908e-01,2.557382837907152e-55,1.633150376511703e-07,2.979260372435847e-68,-5.552589153996362e+02
5.500000000000000e+02,19,5.652635754652908e-01,3.229098819843167e-59,7.112445048091823e-22,7.134762923713111e-101,-8.814662045319177e+02
5.500000000000000e+02,20,5.652635754652908e-01,3.670023524058921e-63,1.685769079230386e-07,4.555388050291934e-76,-6.334147462178159e+02
5.500000000000000e+02,21,5.652635754652908e-01,3.774345810594802e-67,3.819819401461561e-21,2.405402243570399e-107,-9.461881228828985e+02
5.500000000000000e+02,22,5.652635754652908e-01,3.529116405071476e-71,1.345536776234087e-07,2.790727880638402e-84,-7.155428250879935e+02
5.500000000000000e+02,23,5.652635754652908e-01,3.013146029417911e-75,3.615911409504208e-21,1.720743374723456e-115,-1.027642838939094e+03
5.500000000000000e+02,24,5.652635754652908e-01,2.358411047988252e-79,1.355099260412747e-07,1.891568530115650e-92,-7.972317791992136e+02
5.500000000000000e+02,25,5.652635754652908e-01,1.698385723623172e-83,8.956803954681367e-22,5.951176497432182e-125,-1.122253971694253e+03
5.500000000000000e+02,26,5.652635754652908e-01,1.129060835157876e-87,9.401909073287912e-08,4.359230157049599e-101,-8.836059020065476e+02
5.500000000000000e+02,27,5.652635754652908e-01,6.950211063275725e-92,8.742533840438292e-21,2.320240485323433e-131,-1.186344669995762e+03
5.500000000000000e+02,28,5.652635754652908e-01,3.972966191365584e-96,1.018756323030842e-07,1.801008932556590e-109,-9.674448413318246e+02
5.500000000000000e+02,29,5.652635754652908e-01,2.114541803688934e-100,1.019235181479545e-20,9.594568556527790e-140,-1.270179745496135e+03
5.500000000000000e+02,30,5.652635754652908e-01,1.050440265012340e-104,9.604515042312316e-08,4.232360043081297e-118,-1.053734173943584e+03
5.500000000000000e+02,31,5.652635754652908e-01,4.881778039107836e-109,5.676209557529422e-21,6.869976216018255e-149,-1.361630447664732e+03
5.500000000000000e+02,32,5.652635754652908e-01,2.127011472870608e-113,7.932541942295235e-08,5.845948020540398e-127,-1.142331450505066e+03
5.500000000000000e+02,33,5.652635754652908e-01,8.706066834395179e-118,3.120516468245786e-21,3.702843162637127e-158,-1.454314646825073e+03
5.500000000000000e+02,34,5.652635754652908e-01,3.353951091520256e-122,7.944040504895026e-08,9.244852531720693e-136,-1.230341000120517e+03
5.500000000000000e+02,35,5.652635754652908e-01,1.218282127320987e-126,4.290391197474981e-21,9.794945452244277e-167,-1.540089979782354e+03
5.500000000000000e+02,36,5.652635754652908e-01,4.179507314219324e-131,6.308887747792202e-08,7.265927379598917e-145,-1.321387089470730e+03
5.500000000000000e+02,37,5.652635754652908e-01,1.356367895139006e-135,1.624307085112347e-20,1.563054574793089e-174,-1.618060258581179e+03
5.500000000000000e+02,38,5.652635754652908e-01,4.170201082400826e-140,7.006711330224980e-08,8.942229470557602e-154,-1.410485541896997e+03
5.500000000000000e+02,39,5.652635754652908e-01,1.216413306986783e-144,1.413791665926659e-20,1.061970272695774e-183,-1.709738876401141e+03
5.500000000000000e+02,40,5.652635754652908e-01,3.370822810680496e-149,5.406037489180542e-08,4.302832034192872e-163,-1.503662456067520e+03
6.000000000000000e+02,0,6.166511732348626e-01,3.802586694519325e-01,2.760710242075510e-04,1.265846776788697e-07,5.102381140102835e+01
6.000000000000000e+02,1,6.166511732348626e-01,1.454944679444710e-01,7.105112100198006e-20,3.208106020987282e-39,-2.649375128765442e+02
6.000000000000000e+02,2,6.166511732348626e-01,3.084430055427378e-03,3.177455424720589e-04,1.360173228797688e-09,3.133594222723177e+01
6.000000000000000e+02,3,6.166511732348626e-01,2.456957446848912e-05,4.808917197113195e-20,2.481718945456404e-43,-3.060524740388032e+02
6.000000000000000e+02,4,6.166511732348626e-01,1.013211259693460e-07,7.009099425614626e-05,2.174126509630955e-15,-2.662715188475996e+01
6.000000000000000e+02,5,6.166511732348626e-01,2.544609218897408e-10,2.964615315390051e-20,9.768281239674672e-49,-3.601018184506231e+02
6.000000000000000e+02,6,6.166511732348626e-01,4.293543547615874e-13,4.489455189314372e-05,3.779753842684782e-21,-8.422536482767192e+01
6.000000000000000e+02,7,6.166511732348626e-01,5.198247363632270e-16,7.504731033031300e-20,1.278755659163927e-53,-4.089321243129485e+02
6.000000000000000e+02,8,6.166511732348626e-01,4.733875205994441e-19,2.220255928500160e-05,1.019255924765552e-27,-1.499171675538671e+02
6.000000000000000e+02,9,6.166511732348626e-01,3.359561400156670e-22,4.016937099443374e-20,2.367734532339713e-60,-4.762566699181521e+02
6.000000000000000e+02,10,6.166511732348626e-01,1.910030398390753e-25,1.593858377207159e-05,2.119337393629013e-34,-2.167379989910458e+02
6.000000000000000e+02,11,6.166511732348626e-01,8.893843845363847e-29,8.921256649321057e-20,3.091732632518367e-66,-5.350979807013616e+02
6.000000000000000e+02,12,6.166511732348626e-01,3.453752337007164e-32,1.677872453653546e-05,4.246874653204583e-41,-2.837193055705145e+02
6.000000000000000e+02,13,6.166511732348626e-01,1.135534943717520e-35,5.579538214175089e-20,1.544035847460782e-73,-6.081134262098624e+02
6.000000000000000e+02,14,6.166511732348626e-01,3.201599662915560e-39,1.331245510486809e-05,2.478241931083223e-48,-3.560585629916829e+02
6.000000000000000e+02,15,6.166511732348626e-01,7.826175354595181e-43,4.496460658232511e-20,6.911169323451905e-81,-6.816044846669822e+02
6.000000000000000e+02,16,6.166511732348626e-01,1.674456586865917e-46,1.047791058067988e-05,8.029409930399286e-56,-4.309531636921541e+02
6.000000000000000e+02,17,6.166511732348626e-01,3.161921204678619e-50,6.172489261783659e-20,5.261772806722070e-88,-7.527886790784992e+02
6.000000000000000e+02,18,6.166511732348626e-01,5.308453649430867e-54,8.522741367962562e-06,1.684174205946901e-63,-5.077361298838954e+02
6.000000000000000e+02,19,6.166511732348626e-01,7.975507385358175e-58,1.952429317151350e-20,1.327912090205698e-96,-8.387683067496972e+02
6.000000000000000e+02,20,6.166511732348626e-01,1.078592931768063e-61,8.526798089368284e-06,3.425231200042660e-71,-5.846531010869304e+02
6.000000000000000e+02,21,6.166511732348626e-01,1.319921804325020e-65,7.848892675485900e-20,3.551610632296692e-103,-9.044957465255391e+02
6.000000000000000e+02,22,6.166511732348626e-01,1.468573014674268e-69,7.679510359799935e-06,3.782883509918874e-79,-6.642217703216176e+02
6.000000000000000e+02,23,6.166511732348626e-01,1.492029362287398e-73,3.713444993530046e-20,8.986523683369799e-112,-9.904640827679898e+02
6.000000000000000e+02,24,6.166511732348626e-01,1.389659323650207e-77,6.091027886436437e-06,2.251904061357576e-87,-7.464745011582361e+02
6.000000000000000e+02,25,6.166511732348626e-01,1.190859111097782e-81,3.749077768807103e-20,7.310879827261563e-120,-1.071360303547615e+03
6.000000000000000e+02,26,6.166511732348626e-01,9.420625872336200e-86,5.523673356032100e-06,1.255440390212036e-95,-8.290120390327489e+02
6.000000000000000e+02,27,6.166511732348626e-01,6.900833952550093e-90,1.741678993564467e-19,9.143198914995606e-127,-1.140389018318295e+03
6.000000000000000e+02,28,6.166511732348626e-01,4.694205940527117e-94,5.201970782853148e-06,5.548279345943750e-104,-9.125584168109771e+02
6.000000000000000e+02,29,6.166511732348626e-01,2.973099814478899e-98,1.512048713522843e-19,2.968939985300973e-135,-1.225273985812238e+03
6.000000000000000e+02,30,6.166511732348626e-01,1.757569705952385e-102,4.871679179733616e-06,1.821924106679870e-112,-9.973946971777830e+02
6.000000000000000e+02,31,6.166511732348626e-01,9.720062448992108e-107,1.105574727213495e-19,5.189262294824673e-144,-1.312848943770376e+03
6.000000000000000e+02,32,6.166511732348626e-01,5.039789080306988e-111,4.005736500451097e-06,3.532136508720947e-121,-1.084519625203157e+03
6.000000000000000e+02,33,6.166511732348626e-01,2.454808135203079e-115,5.452229755848082e-20,3.187324008394784e-153,-1.404965737859441e+03
6.000000000000000e+02,34,6.166511732348626e-01,1.125399463180649e-119,3.549596972615681e-06,6.193343348209125e-130,-1.172080748427905e+03
6.000000000000000e+02,35,6.166511732348626e-01,4.864671831638953e-124,7.874018687706975e-20,1.317367040722868e-161,-1.488802932063957e+03
6.000000000000000e+02,36,6.166511732348626e-01,1.986038361448681e-128,3.487871606970818e-06,1.055283080411416e-138,-1.259766310249447e+03
6.000000000000000e+02,37,6.166511732348626e-01,7.670046386149956e-133,3.177370071319973e-19,3.382158484286485e-169,-1.564708060456920e+03
6.000000000000000e+02,38,6.166511732348626e-01,2.806315046954746e-137,3.094089337081137e-06,1.173444317172249e-147,-1.349305375139210e+03
6.000000000000000e+02,39,6.166511732348626e-01,9.741379182446521e-142,2.959890097291512e-19,3.727623001577036e-178,-1.654285680170836e+03
6.000000000000000e+02,40,6.166511732348626e-01,3.212446611483618e-146,2.641190446646738e-06,9.788039586789528e-157,-1.440093042828542e+03
6.500000000000000e+02,0,6.680387710044345e-01,4.462757995651153e-01,1.734409808182278e-06,5.863637874054591e-12,7.681671413472503e+00
6.500000000000000e+02,1,6.680387710044345e-01,1.603950845842807e-01,3.969501778898381e-22,1.103883951829950e-43,-3.095707658034681e+02
6.500000000000000e+02,2,6.680387710044345e-01,3.930412463553417e-03,1.526939027591390e-06,4.002597154585632e-14,-1.397658117700144e+01
6.500000000000000e+02,3,6.680387710044345e-01,3.649274272293004e-05,9.535555700988440e-22,1.449301971599843e-46,-3.383884111698836e+02
6.500000000000000e+02,4,6.680387710044345e-01,1.759291122507638e-07,1.506215579286573e-06,1.743300861759114e-18,-5.758627655158414e+01
6.500000000000000e+02,5,6.680387710044345e-01,5.172357814522973e-10,6.548099869600758e-22,9.686781706510311e-52,-3.901382048706262e+02
6.500000000000000e+02,6,6.680387710044345e-01,1.022451283363963e-12,4.538004926677886e-07,9.196718921911196e-25,-1.203636708659642e+02
6.500000000000000e+02,7,6.680387710044345e-01,1.450918960793038e-15,7.827506596283291e-22,3.882848124073479e-57,-4.441084959636273e+02
6.500000000000000e+02,8,6.680387710044345e-01,1.549148928545613e-18,3.221373911024170e-07,7.021595518900619e-31,-1.815356419181299e+02
6.500000000000000e+02,9,6.680387710044345e-01,1.289255908555217e-21,2.323891759479519e-22,3.041104089566010e-64,-5.151696871476199e+02
6.500000000000000e+02,10,6.680387710044345e-01,8.596895742824168e-25,2.812963630980596e-07,2.971188854224481e-37,-2.452706974276352e+02
6.500000000000000e+02,11,6.680387710044345e-01,4.695520126843924e-28,6.858958495750647e-22,9.648513730074587e-70,-5.701553958080542e+02
6.500000000000000e+02,12,6.680387710044345e-01,2.139019915423764e-31,2.246559451737131e-07,4.715318394013189e-44,-3.132648897692571e+02
6.500000000000000e+02,13,6.680387710044345e-01,8.250535255835813e-35,4.298570420563019e-22,6.658717332323656e-77,-6.417660942085121e+02
6.500000000000000e+02,14,6.680387710044345e-01,2.729162129073356e-38,1.874307250991131e-07,4.187658612443377e-51,-3.837802873023466e+02
6.500000000000000e+02,15,6.680387710044345e-01,7.827280992476373e-42,5.850453807659617e-22,1.170173873180338e-83,-7.093174960273896e+02
6.500000000000000e+02,16,6.680387710044345e-01,1.964940140468167e-45,1.343437032997953e-07,1.548974681924224e-58,-4.580995568074981e+02
6.500000000000000e+02,17,6.680387710044345e-01,4.353645288900623e-49,1.011982375957153e-21,1.947418554342971e-90,-7.771054069649960e+02
6.500000000000000e+02,18,6.680387710044345e-01,8.576440342827925e-53,1.335016678833438e-07,6.676376457309520e-66,-5.317545918296902e+02
6.500000000000000e+02,19,6.680387710044345e-01,1.511970371071978e-56,2.967169612255215e-22,5.814178874884802e-99,-8.623551161116545e+02
6.500000000000000e+02,20,6.680387710044345e-01,2.399363415776100e-60,1.177775526801430e-07,1.453722282166579e-73,-6.083751855279100e+02
6.500000000000000e+02,21,6.680387710044345e-01,3.445455964760714e-64,9.870867937906218e-23,1.466282832187688e-107,-9.483378225028763e+02
6.500000000000000e+02,22,6.680387710044345e-01,4.498417400878596e-68,1.013645182513528e-07,2.018794136801344e-81,-6.869490796526118e+02
6.500000000000000e+02,23,6.680387710044345e-01,5.363054768862165e-72,8.085342472004710e-22,1.531332272418461e-113,-1.008149305647420e+03
6.500000000000000e+02,24,6.680387710044345e-01,5.861627417978081e-76,8.751993468967731e-08,1.961067501609047e-89,-7.670750745728999e+02
6.500000000000000e+02,25,6.680387710044345e-01,5.894528725213630e-80,1.073016190949318e-21,2.964298960500659e-121,-1.085280779982810e+03
6.500000000000000e+02,26,6.680387710044345e-01,5.472058198570224e-84,7.774158000098156e-08,1.444500832295787e-97,-8.484028220358692e+02
6.500000000000000e+02,27,6.680387710044345e-01,4.703897083100050e-88,1.271742241320993e-21,3.322893082724317e-129,-1.164784836323385e+03
6.500000000000000e+02,28,6.680387710044345e-01,3.754969150201276e-92,7.676656746081215e-08,9.665203005107417e-106,-9.301478901974490e+02
6.500000000000000e+02,29,6.680387710044345e-01,2.790899311741175e-96,1.665865358884539e-21,3.382862346363244e-137,-1.244707156739327e+03
6.500000000000000e+02,30,6.680387710044345e-01,1.936153944345138e-100,6.323248057936215e-08,3.381276505215396e-114,-1.014709193131801e+03
6.500000000000000e+02,31,6.680387710044345e-01,1.256582552575918e-104,6.598392318765395e-22,2.389613458926051e-146,-1.336216723443373e+03
6.500000000000000e+02,32,6.680387710044345e-01,7.645938250412877e-109,5.629963320130731e-08,1.058527828382191e-122,-1.099752977200216e+03
6.500000000000000e+02,33,6.680387710044345e-01,4.370529782004566e-113,4.329877686779466e-22,3.578868189356183e-155,-1.424462542964939e+03
6.500000000000000e+02,34,6.680387710044345e-01,2.351380141641151e-117,5.147013459102653e-08,2.720782445275159e-131,-1.185653061831720e+03
6.500000000000000e+02,35,6.680387710044345e-01,1.192808385066504e-121,3.893060326171828e-22,7.896112246609570e-164,-1.511025866866129e+03
6.500000000000000e+02,36,6.680387710044345e-01,5.714878847886626e-126,4.718734509610513e-08,5.557999169826645e-140,-1.272550815224273e+03
6.500000000000000e+02,37,6.680387710044345e-01,2.590125526442869e-130,1.299890053872988e-21,1.911588532073710e-171,-1.587186055835457e+03
6.500000000000000e+02,38,6.680387710044345e-01,1.112150979461590e-134,4.244096963204235e-08,8.749731105380155e-149,-1.360580052934056e+03
6.500000000000000e+02,39,6.680387710044345e-01,4.530574423760447e-139,2.853776469980921e-21,1.611586191036988e-179,-1.667927464625434e+03
6.500000000000000e+02,40,6.680387710044345e-01,1.753376399980157e-143,3.465039541688002e-08,9.195003727918294e-158,-1.450364480903504e+03
7.000000000000000e+02,0,7.194263687740063e-01,5.175743000873526e-01,7.793424136058681e-04,1.373060554400925e-06,6.137689690814515e+01
7.000000000000000e+02,1,7.194263687740063e-01,1.750675032729113e-01,2.559903976559479e-19,5.010871330062664e-38,-2.530008674899594e+02
7.000000000000000e+02,2,7.194263687740063e-01,4.898196341816910e-03,9.442547902594650e-04,1.907545676346721e-08,4.280474945970474e+01
7.000000000000000e+02,3,7.194263687740063e-01,5.236755729277543e-05,6.800044650233999e-20,1.057660312348428e-42,-2.997565379180958e+02
7.000000000000000e+02,4,7.194263687740063e-01,2.915930014012444e-07,5.488577218462648e-05,3.836692705541671e-15,-2.416042983609066e+01
7.000000000000000e+02,5,7.194263687740063e-01,9.916051746092754e-10,9.154227998262168e-20,3.629464870111106e-47,-3.444015740281234e+02
7.000000000000000e+02,6,7.194263687740063e-01,2.269080111418985e-12,4.060106331257906e-05,1.633747768239265e-20,-7.786814992673547e+01
7.000000000000000e+02,7,7.194263687740063e-01,3.729224403161482e-15,1.691522886978599e-19,4.660522801567677e-52,-3.933156536290213e+02
7.000000000000000e+02,8,7.194263687740063e-01,4.612910133913928e-18,2.532898441860224e-05,1.292620117196183e-26,-1.388852908938557e+02
7.000000000000000e+02,9,7.194263687740063e-01,4.448595506585322e-21,1.306189621402720e-19,3.315093173334766e-58,-4.547950426089525e+02
7.000000000000000e+02,10,7.194263687740063e-01,3.437922842464878e-24,2.441726644666477e-05,8.952628703840124e-33,-2.004804942681248e+02
7.000000000000000e+02,11,7.194263687740063e-01,2.176506324843130e-27,3.222334211451130e-19,9.871007023502234e-64,-5.100563853907902e+02
7.000000000000000e+02,12,7.194263687740063e-01,1.149348750672122e-30,1.719386616857466e-05,1.484086706758567e-39,-2.682854072495541e+02
7.000000000000000e+02,13,7.194263687740063e-01,5.139375647517438e-34,1.200039738561811e-19,3.232674523631573e-71,-5.849043801939292e+02
7.000000000000000e+02,14,7.194263687740063e-01,1.970938427703727e-37,2.401858734451224e-05,4.966247295114158e-46,-3.330397165847669e+02
7.000000000000000e+02,15,7.194263687740063e-01,6.553748016612591e-41,1.541693041736587e-19,6.803712079074003e-78,-6.516725407323629e+02
7.000000000000000e+02,16,7.194263687740063e-01,1.907564883919901e-44,1.557625890197493e-05,2.021463929850594e-53,-4.069433400362865e+02
7.000000000000000e+02,17,7.194263687740063e-01,4.900581039749160e-48,2.623615334412981e-19,1.473357911669342e-84,-7.183169174047464e+02
7.000000000000000e+02,18,7.194263687740063e-01,1.119379523570751e-51,1.313820718419903e-05,8.439368172323854e-61,-4.807369006635357e+02
7.000000000000000e+02,19,7.194263687740063e-01,2.288225539883309e-55,5.085020342828965e-20,2.584309838382879e-93,-8.058765541906967e+02
7.000000000000000e+02,20,7.194263687740063e-01,4.210609537658326e-59,1.344679602249559e-05,3.325392912559489e-68,-5.547815703316537e+02
7.000000000000000e+02,21,7.194263687740063e-01,7.011259389566279e-63,2.163584797785722e-19,1.433521596322489e-99,-8.684359575992501e+02
7.000000000000000e+02,22,7.194263687740063e-01,1.061489135892429e-66,1.070968990930639e-05,5.317771954591385e-76,-6.327427029073257e+02
7.000000000000000e+02,23,7.194263687740063e-01,1.467505766320094e-70,2.088739281441546e-19,2.796460233546712e-107,-9.455339135208185e+02
7.000000000000000e+02,24,7.194263687740063e-01,1.859954153594715e-74,1.090185170178192e-05,9.655241529516061e-84,-7.101523685770809e+02
7.000000000000000e+02,25,7.194263687740063e-01,2.168970684825676e-78,4.485277402470214e-20,1.905867312455891e-116,-1.037199073384690e+03
7.000000000000000e+02,26,7.194263687740063e-01,2.334960415538792e-82,7.514455060466515e-06,5.758838088771713e-92,-7.923966513160059e+02
7.000000000000000e+02,27,7.194263687740063e-01,2.327630863230494e-86,4.708048076211045e-19,2.253493179749398e-122,-1.096471437519936e+03
7.000000000000000e+02,28,7.194263687740063e-01,2.154731049469493e-90,8.246337419666909e-06,6.399936057911480e-100,-8.719382436505282e+02
7.000000000000000e+02,29,7.194263687740063e-01,1.857222302573979e-94,6.081112575993022e-19,2.999786455296276e-130,-1.175229096601428e+03
7.000000000000000e+02,30,7.194263687740063e-01,1.494152755670495e-98,7.744619093356633e-06,3.914312440964290e-108,-9.540734451184841e+02
7.000000000000000e+02,31,7.194263687740063e-01,1.124562706850384e-102,2.957843417958007e-19,4.297287393746159e-139,-1.263668056006227e+03
7.000000000000000e+02,32,7.194263687740063e-01,7.935292180497988e-107,6.371977865160834e-06,1.407251765509280e-116,-1.038516281978104e+03
7.000000000000000e+02,33,7.194263687740063e-01,5.260263236694324e-111,1.589106952001859e-19,5.801951525653802e-148,-1.352364259039768e+03
7.000000000000000e+02,34,7.194263687740063e-01,3.282004092460418e-115,6.340446080928822e-06,5.762873791588101e-125,-1.122393608914749e+03
7.000000000000000e+02,35,7.194263687740063e-01,1.930773449281127e-119,2.483887109501038e-19,5.203018718075610e-156,-1.432837446117087e+03
7.000000000000000e+02,36,7.194263687740063e-01,1.072786718168880e-123,5.110356355806587e-06,1.223703273624437e-133,-1.209123238781465e+03
7.000000000000000e+02,37,7.194263687740063e-01,5.638637193388985e-128,9.419691896770013e-19,2.185284123417716e-163,-1.506604920894897e+03
7.000000000000000e+02,38,7.194263687740063e-01,2.807793893609752e-132,5.617500442733907e-06,3.870007607823383e-142,-1.294122881812259e+03
7.000000000000000e+02,39,7.194263687740063e-01,1.326489913543617e-136,7.692556248711151e-19,3.428512017025933e-172,-1.594648943239822e+03
7.000000000000000e+02,40,7.194263687740063e-01,5.953550436219944e-141,4.361875246566665e-06,4.947466708636812e-151,-1.383056171194670e+03
7.500000000000000e+02,0,7.708139665435784e-01,5.941541710186448e-01,4.756614706081190e-06,5.871586478639750e-11,1.768755461695344e+01
7.500000000000000e+02,1,7.708139665435784e-01,1.894755921467552e-01,9.231336562593325e-22,7.052495310889668e-43,-3.015165719392912e+02
7.500000000000000e+02,2,7.708139665435784e-01,5.989200169866899e-03,5.736832722944208e-06,8.609413453163000e-13,-6.502643539092366e-01
7.500000000000000e+02,3,7.708139665435784e-01,7.296033323938863e-05,9.571362592110914e-22,2.919407434921140e-46,-3.353470529028434e+02
7.500000000000000e+02,4,7.708139665435784e-01,4.643620771709235e-07,7.211847067215237e-07,1.054897165378777e-18,-5.976789874665148e+01
7.500000000000000e+02,5,7.708139665435784e-01,1.807694385937283e-09,1.154900850329341e-21,1.053112516302349e-50,-3.797752522558686e+02
7.500000000000000e+02,6,7.708139665435784e-01,4.739192232339177e-12,6.007353464593118e-07,7.470179885550520e-24,-1.112666894003717e+02
7.500000000000000e+02,7,7.708139665435784e-01,8.928178878741875e-15,7.046651577807117e-22,1.936372215569052e-56,-4.371301115754923e+02
7.500000000000000e+02,8,7.708139665435784e-01,1.266353077442981e-17,2.252986801683197e-07,2.807582121513716e-30,-1.755166753180786e+02
7.500000000000000e+02,9,7.708139665435784e-01,1.400680075550845e-20,5.375324871644743e-22,1.767700757562179e-62,-4.975259125195805e+02
7.500000000000000e+02,10,7.708139665435784e-01,1.241712365806479e-23,2.067798873785460e-07,2.318985098808446e-36,-2.363470204201577e+02
7.500000000000000e+02,11,7.708139665435784e-01,9.018778965859196e-27,2.305232902232517e-21,2.093330134433051e-67,-5.467916227464448e+02
7.500000000000000e+02,12,7.708139665435784e-01,5.464418061415785e-30,2.016550266975241e-07,9.705599930595554e-43,-3.001297761447506e+02
7.500000000000000e+02,13,7.708139665435784e-01,2.803748528674083e-33,8.540414500042254e-22,8.932176992052332e-75,-6.204904267992324e+02
7.500000000000000e+02,14,7.708139665435784e-01,1.233854953426422e-36,1.795930996103998e-07,1.738216082993450e-49,-3.675989623604705e+02
7.500000000000000e+02,15,7.708139665435784e-01,4.708298510756094e-40,7.604089205725299e-22,1.189101039557963e-81,-6.892478124121133e+02
7.500000000000000e+02,16,7.708139665435784e-01,1.572728935055619e-43,1.335707851010630e-07,1.225567391666226e-56,-4.391166280271132e+02
7.500000000000000e+02,17,7.708139665435784e-01,4.636995320293259e-47,8.364199054985271e-22,1.416921336641403e-88,-7.584865425985196e+02
7.500000000000000e+02,18,7.708139665435784e-01,1.215606198521258e-50,1.029872529493993e-07,5.631449799015838e-64,-5.124937978300725e+02
7.500000000000000e+02,19,7.708139665435784e-01,2.852009507103073e-54,1.790688415545338e-22,3.994398407764939e-97,-8.439854862007007e+02
7.500000000000000e+02,20,7.708139665435784e-01,6.023409162583397e-58,1.155838898074317e-07,3.514773473306046e-71,-5.845410265996518e+02
7.500000000000000e+02,21,7.708139665435784e-01,1.151187731649078e-61,1.372988258920287e-21,9.478511958516806e-103,-9.002325983765454e+02
7.500000000000000e+02,22,7.708139665435784e-01,2.000436991417595e-65,9.457838170287941e-08,7.815720086334802e-79,-6.610703100291481e+02
7.500000000000000e+02,23,7.708139665435784e-01,3.174344141306677e-69,1.032512274654454e-21,1.478103406401408e-110,-9.783029518213971e+02
7.500000000000000e+02,24,7.708139665435784e-01,4.617918637448704e-73,8.103369056374941e-08,1.324457043196712e-86,-7.387796212283686e+02
7.500000000000000e+02,25,7.708139665435784e-01,6.181188137052287e-77,2.397853782329682e-22,1.552307369224194e-119,-1.068090222807961e+03
7.500000000000000e+02,26,7.708139665435784e-01,7.637934839092457e-81,6.866423992501235e-08,1.572887083267401e-94,-8.180330245402902e+02
7.500000000000000e+02,27,7.708139665435784e-01,8.739612190779693e-85,2.953278991945343e-21,3.329365514950064e-125,-1.124776385231336e+03
7.500000000000000e+02,28,7.708139665435784e-01,9.286581424731160e-89,6.774532892882218e-08,1.861551028288797e-102,-8.973012505452992e+02
7.500000000000000e+02,29,7.708139665435784e-01,9.187857305646648e-93,3.091487252515422e-21,3.835389939384516e-133,-1.204161904752837e+03
7.500000000000000e+02,30,7.708139665435784e-01,8.484679305423237e-97,6.608370295299988e-08,1.618395028488344e-110,-9.779091546433476e+02
7.500000000000000e+02,31,7.708139665435784e-01,7.330211078573527e-101,1.973430359866726e-21,1.246867927752660e-141,-1.289041795459488e+03
7.500000000000000e+02,32,7.708139665435784e-01,5.937316200646363e-105,5.071846485210278e-08,6.670874052378585e-119,-1.061758172588487e+03
7.500000000000000e+02,33,7.708139665435784e-01,4.517842464486926e-109,1.045577235338647e-21,2.157265927913073e-150,-1.376660963157660e+03
7.500000000000000e+02,34,7.708139665435784e-01,3.235644539957635e-113,4.921626974544961e-08,3.423249521508577e-127,-1.144655614438756e+03
7.500000000000000e+02,35,7.708139665435784e-01,2.185006198778642e-117,1.427912131809804e-21,1.945879770971772e-158,-1.457108839967586e+03
7.500000000000000e+02,36,7.708139665435784e-01,1.393592721430586e-121,4.539995646770569e-08,1.254605263431241e-135,-1.229014928948041e+03
7.500000000000000e+02,37,7.708139665435784e-01,8.408123862725594e-126,5.714120564083807e-21,1.199107895690425e-165,-1.529211417373392e+03
7.500000000000000e+02,38,7.708139665435784e-01,4.806111917596536e-130,4.251610018182832e-08,3.794557045418105e-144,-1.314208389138287e+03
7.500000000000000e+02,39,7.708139665435784e-01,2.606378331694370e-134,4.739740001699287e-21,2.557448268218047e-174,-1.615921931423879e+03
7.500000000000000e+02,40,7.708139665435784e-01,1.342812735455456e-138,3.530470927581429e-08,7.310399206337346e-153,-1.401360589064381e+03
8.000000000000000e+02,0,8.222015643131503e-01,6.760154123589914e-01,1.431323840474105e-04,6.049127946973401e-08,4.781692770501212e+01
8.000000000000000e+02,1,8.222015643131503e-01,2.035934337839206e-01,2.063590536719115e-20,3.786789684006437e-40,-2.742172881466050e+02
8.000000000000000e+02,2,8.222015643131503e-01,7.203790627757579e-03,1.403359133655538e-04,6.196680377453085e-10,2.792159095974070e+01
8.000000000000000e+02,3,8.222015643131503e-01,9.908051994651846e-05,3.284727942450540e-20,4.669253465756462e-43,-3.033075255018751e+02
8.000000000000000e+02,4,8.222015643131503e-01,7.142718146191832e-07,1.191955542423546e-04,4.432451485092577e-14,-1.353356009223241e+01
8.000000000000000e+02,5,8.222015643131503e-01,3.154355382603729e-09,2.280239006312265e-20,7.163606554841834e-48,-3.514486827482655e+02
8.000000000000000e+02,6,8.222015643131503e-01,9.389555321157850e-12,3.603210133656175e-05,5.324570338068512e-20,-7.273715431520114e+01
8.000000000000000e+02,7,8.222015643131503e-01,2.009509869626309e-14,2.669545185259013e-20,6.254967520403871e-53,-4.020377494108583e+02
8.000000000000000e+02,8,8.222015643131503e-01,3.239076183787032e-17,2.519287273171542e-05,8.979184828466110e-26,-1.304676308878576e+02
8.000000000000000e+02,9,8.222015643131503e-01,4.072398023779242e-20,4.332749598705388e-20,3.339164098588047e-58,-4.547636223762125e+02
8.000000000000000e+02,10,8.222015643131503e-01,4.104437112019787e-23,2.256272273178436e-05,9.126347090710857e-32,-1.903970301828153e+02
8.000000000000000e+02,11,8.222015643131503e-01,3.389679680138375e-26,1.851409239899417e-20,5.074857787853398e-65,-5.229457612342774e+02
8.000000000000000e+02,12,8.222015643131503e-01,2.335483358277808e-29,1.779785609553420e-05,3.231264593676382e-38,-2.549062747811090e+02
8.000000000000000e+02,13,8.222015643131503e-01,1.362787053324340e-32,3.253660312713488e-20,6.301338091817306e-71,-5.820056721813578e+02
8.000000000000000e+02,14,8.222015643131503e-01,6.820816224870063e-36,1.510197505425656e-05,6.794604906933280e-45,-3.216783579157716e+02
8.000000000000000e+02,15,8.222015643131503e-01,2.960339887376142e-39,4.404622228850532e-20,2.508529844139923e-77,-6.460058072777628e+02
8.000000000000000e+02,16,8.222015643131503e-01,1.124747204417507e-42,1.067631758660255e-05,5.599616102111304e-52,-3.925184174628839e+02
8.000000000000000e+02,17,8.222015643131503e-01,3.772039387275668e-46,5.344559863124432e-20,4.706092656770313e-84,-7.132733952638908e+02
8.000000000000000e+02,18,8.222015643131503e-01,1.124821574525506e-49,1.066499891667622e-05,5.588118820580151e-59,-4.625273436802427e+02
8.000000000000000e+02,19,8.222015643131503e-01,3.001951060574248e-53,1.491890881675225e-20,2.918354797976917e-92,-7.953486191003110e+02
8.000000000000000e+02,20,8.222015643131503e-01,7.212172397250236e-57,9.497385837696500e-06,2.841414720459310e-66,-5.354646537392850e+02
8.000000000000000e+02,21,8.222015643131503e-01,1.568010278949260e-60,4.827066050619026e-20,1.595790044048245e-98,-8.579702424876814e+02
8.000000000000000e+02,22,8.222015643131503e-01,3.099656215962180e-64,8.097561801598156e-06,8.877331428611539e-74,-6.105171756575335e+02
8.000000000000000e+02,23,8.222015643131503e-01,5.595444246598954e-68,2.880612606086739e-20,2.027984584870170e-106,-9.369293535048824e+02
8.000000000000000e+02,24,8.222015643131503e-01,9.260278317218111e-72,7.047730822755442e-06,2.009014260699730e-81,-6.869701698046368e+02
8.000000000000000e+02,25,8.222015643131503e-01,1.410105460763017e-75,5.988416607750629e-20,2.208696126979807e-113,-1.006558640303729e+03
8.000000000000000e+02,26,8.222015643131503e-01,1.982264477462584e-79,6.205926314369000e-06,3.334534313127008e-89,-7.647696480923197e+02
8.000000000000000e+02,27,8.222015643131503e-01,2.580402945873813e-83,1.083898140982200e-19,1.324112345600669e-120,-1.078780751651950e+03
8.000000000000000e+02,28,8.222015643131503e-01,3.119351180597886e-87,6.179444684999278e-06,5.202637080354410e-97,-8.428377646806834e+02
8.000000000000000e+02,29,8.222015643131503e-01,3.511063269303371e-91,8.809066295980343e-20,1.190032371574964e-128,-1.159244412246535e+03
8.000000000000000e+02,30,8.222015643131503e-01,3.688744292122324e-95,5.085512118012013e-06,4.166854160376070e-105,-9.238019169955527e+02
8.000000000000000e+02,31,8.222015643131503e-01,3.625607116917065e-99,4.604707083343269e-20,3.357724977907348e-137,-1.244739548786175e+03
8.000000000000000e+02,32,8.222015643131503e-01,3.341010142941022e-103,4.498408741651864e-06,2.952949269084587e-113,-1.005297440140393e+03
8.000000000000000e+02,33,8.222015643131503e-01,2.892304889032592e-107,2.322110352830351e-20,6.811929491804169e-146,-1.331667298559353e+03
8.000000000000000e+02,34,8.222015643131503e-01,2.356682137297866e-111,4.154463522954134e-06,1.776606608514027e-121,-1.087504087267617e+03
8.000000000000000e+02,35,8.222015643131503e-01,1.810596947749665e-115,3.175667612967837e-20,7.975395458496164e-154,-1.410982477733260e+03
8.000000000000000e+02,36,8.222015643131503e-01,1.313818693116897e-119,3.778242752568678e-06,8.191727851836112e-130,-1.170866244843967e+03
8.000000000000000e+02,37,8.222015643131503e-01,9.018421994163254e-124,1.516665061120527e-19,9.060877949515399e-161,-1.480428297195244e+03
8.000000000000000e+02,38,8.222015643131503e-01,5.864871956292890e-128,3.423426706593264e-06,3.002209303870966e-138,-1.255225590334960e+03
8.000000000000000e+02,39,8.222015643131503e-01,3.618566287241357e-132,2.037622658616955e-19,6.562123784630139e-169,-1.561829555815582e+03
8.000000000000000e+02,40,8.222015643131503e-01,2.121045953297764e-136,2.776290942290158e-06,7.140693514083957e-147,-1.341462596068914e+03
8.500000000000000e+02,0,8.735891620827220e-01,7.631580241083923e-01,6.096436436494072e-06,1.238873427685585e-10,2.093026937961482e+01
8.500000000000000e+02,1,8.735891620827220e-01,2.174031056834955e-01,5.010065742305014e-22,2.383487925952691e-43,-3.062278704373920e+02
8.500000000000000e+02,2,8.735891620827220e-01,8.541423228089266e-03,7.363608206564320e-06,2.022888524763172e-12,3.059719507816067e+00
8.500000000000000e+02,3,8.735891620827220e-01,1.315715778101491e-04,2.775992501883833e-21,4.428524209541624e-45,-3.235374097680946e+02
8.500000000000000e+02,4,8.735891620827220e-01,1.065777561830192e-06,3.813476821652968e-07,6.769695860846569e-19,-6.169430842234074e+01
8.500000000000000e+02,5,8.735891620827220e-01,5.297082250439686e-09,1.993652859031961e-21,9.195940638762577e-50,-3.703640384083263e+02
8.500000000000000e+02,6,8.735891620827220e-01,1.776167840969934e-11,2.649008462643376e-07,5.443911506254650e-24,-1.126408894310457e+02
8.500000000000000e+02,7,8.735891620827220e-01,4.284329121665536e-14,1.630525532287139e-21,4.975060843387884e-55,-4.230320160360448e+02
8.500000000000000e+02,8,8.735891620827220e-01,7.786220882670041e-17,1.550543357718619e-07,8.176264126773443e-30,-1.708744508749466e+02
8.500000000000000e+02,9,8.735891620827220e-01,1.104026077388212e-19,6.123282355119364e-22,1.808040966752193e-61,-4.874279173346638e+02
8.500000000000000e+02,10,8.735891620827220e-01,1.255123177227665e-22,1.666059484232679e-07,1.521695368266775e-35,-2.281767228128593e+02
8.500000000000000e+02,11,8.735891620827220e-01,1.169377764759858e-25,2.834447556295323e-21,4.103477406088478e-66,-5.338684795347702e+02
8.500000000000000e+02,12,8.735891620827220e-01,9.090383645910696e-29,1.077031150284324e-07,4.605736670621104e-42,-2.933670089610809e+02
8.500000000000000e+02,13,8.735891620827220e-01,5.985199125732148e-32,9.040747313659749e-22,2.136720067330974e-73,-6.067025237122704e+02
8.500000000000000e+02,14,8.735891620827220e-01,3.380343029950582e-35,1.690242165346466e-07,4.218120671653232e-48,-3.537488100015759e+02
8.500000000000000e+02,15,8.735891620827220e-01,1.655629097615067e-38,1.012966337299442e-21,7.420162901861089e-80,-6.712958656013839e+02
8.500000000000000e+02,16,8.735891620827220e-01,7.098924151005274e-42,1.055956641141262e-07,3.457363722395936e-55,-4.246125492930336e+02
8.500000000000000e+02,17,8.735891620827220e-01,2.686865055295375e-45,1.997120313016099e-21,4.680741700477142e-86,-7.332968532408354e+02
8.500000000000000e+02,18,8.735891620827220e-01,9.042710993897823e-49,8.780767144613317e-08,3.045256890707922e-62,-4.951637606542485e+02
8.500000000000000e+02,19,8.735891620827220e-01,2.723800745521443e-52,4.744297269693097e-22,2.677808304619803e-94,-8.157222051590714e+02
8.500000000000000e+02,20,8.735891620827220e-01,7.385913959094942e-56,9.356123611253191e-08,2.823946788202186e-69,-5.654914349097996e+02
8.500000000000000e+02,21,8.735891620827220e-01,1.812432496933126e-59,1.592166044274467e-21,2.006776093125227e-100,-8.769750108139635e+02
8.500000000000000e+02,22,8.735891620827220e-01,4.043975607138705e-63,7.119870347176868e-08,8.953916925052237e-77,-6.404798693934265e+02
8.500000000000000e+02,23,8.735891620827220e-01,8.239825089141840e-67,1.713509380760311e-21,1.056699077929664e-107,-9.497604867153964e+02
8.500000000000000e+02,24,8.735891620827220e-01,1.539222742428155e-70,7.595890024408249e-08,3.878994564360104e-84,-7.141128082897692e+02
8.500000000000000e+02,25,8.735891620827220e-01,2.645623136680390e-74,6.893586452015769e-22,5.491345835856384e-116,-1.032603212042829e+03
8.500000000000000e+02,26,8.735891620827220e-01,4.197989295704827e-78,4.965256647691918e-08,4.520485628307281e-92,-7.934481490714325e+02
8.500000000000000e+02,27,8.735891620827220e-01,6.168428243265180e-82,3.584896564565139e-21,3.462486898721514e-122,-1.094606118611979e+03
8.500000000000000e+02,28,8.735891620827220e-01,8.417091100561076e-86,5.651876584205912e-08,1.174377522980353e-99,-8.693019226953548e+02
8.500000000000000e+02,29,8.735891620827220e-01,1.069425012796881e-89,4.995991217621748e-21,1.165880485293010e-129,-1.169333459669338e+03
8.500000000000000e+02,30,8.735891620827220e-01,1.268256239160847e-93,5.378282679356709e-08,1.602339799293380e-107,-9.479524538006859e+02
8.500000000000000e+02,31,8.735891620827220e-01,1.407111633897007e-97,2.361241210784992e-21,3.426649036046685e-138,-1.254651303745645e+03
8.500000000000000e+02,32,8.735891620827220e-01,1.463683943535745e-101,4.316770451116833e-08,1.191312179947820e-115,-1.029239744179772e+03
8.500000000000000e+02,33,8.735891620827220e-01,1.430333878420522e-105,1.282777655055788e-21,1.028017625562752e-146,-1.339879994392133e+03
8.500000000000000e+02,34,8.735891620827220e-01,1.315588765753318e-109,4.456206666207379e-08,1.141067056515469e-123,-1.109426888328658e+03
8.500000000000000e+02,35,8.735891620827220e-01,1.140954991650794e-113,1.830928737514940e-21,1.670597234498763e-154,-1.417771282418592e+03
8.500000000000000e+02,36,8.735891620827220e-01,9.345690457617017e-118,3.474356122543501e-08,4.927429495217576e-132,-1.193073795811646e+03
8.500000000000000e+02,37,8.735891620827220e-01,7.241645312919541e-122,7.377596384817041e-21,1.721580745749296e-161,-1.487640726031591e+03
8.500000000000000e+02,38,8.735891620827220e-01,5.316151750759982e-126,3.953880463389112e-08,3.629984770369590e-140,-1.274400951970461e+03
8.500000000000000e+02,39,8.735891620827220e-01,3.702617054007230e-130,6.133753906192593e-21,6.084457406116742e-170,-1.572157781448022e+03
8.500000000000000e+02,40,8.735891620827220e-01,2.449948577861191e-134,3.022920658900975e-08,9.778468232380065e-149,-1.360097291708081e+03
9.000000000000000e+02,0,9.249767598522940e-01,8.555820062668483e-01,1.693472157068694e-04,1.071712081589004e-07,5.030078126614227e+01
9.000000000000000e+02,1,9.249767598522940e-01,2.308929438863093e-01,3.308735155681925e-20,1.104065999704503e-39,-2.695700496424203e+02
9.000000000000000e+02,2,9.249767598522940e-01,1.000077382694154e-02,2.164042054014539e-04,2.045621883052001e-09,3.310825360910877e+01
9.000000000000000e+02,3,9.249767598522940e-01,1.713019826475284e-04,2.425001666689521e-20,4.399940821204262e-43,-3.035655316469501e+02
9.000000000000000e+02,4,9.249767598522940e-01,1.548150172931458e-06,3.527076577156095e-05,8.412076745806867e-15,-2.075096773773592e+01
9.000000000000000e+02,5,9.249767598522940e-01,8.598876266157411e-09,6.725968392522709e-20,1.699071702161634e-46,-3.376978829317565e+02
9.000000000000000e+02,6,9.249767598522940e-01,3.225150689637825e-11,3.778517167174990e-05,2.011190335848087e-19,-6.696546826520654e+01
9.000000000000000e+02,7,9.249767598522940e-01,8.706819356206023e-14,2.421555203944813e-20,2.230019420218188e-52,-3.965169135486356e+02
9.000000000000000e+02,8,9.249767598522940e-01,1.771656966609744e-16,1.179681222270801e-05,1.076885011508982e-25,-1.296783066767068e+02
9.000000000000000e+02,9,9.249767598522940e-01,2.813350281490705e-19,3.261970509245653e-20,1.307507629884738e-57,-4.488355576815310e+02
9.000000000000000e+02,10,9.249767598522940e-01,3.582663240571328e-22,1.337881951484631e-05,2.800927971241980e-31,-1.855269805936435e+02
9.000000000000000e+02,11,9.249767598522940e-01,3.739488109106281e-25,8.331253696665329e-20,1.133687187514124e-62,-4.994550676156069e+02
9.000000000000000e+02,12,9.249767598522940e-01,3.257055862909738e-28,1.301514096141564e-05,2.409812887141723e-37,-2.461801667744032e+02
9.000000000000000e+02,13,9.249767598522940e-01,2.402950894434316e-31,2.972941603541286e-20,9.276369001951820e-70,-5.703262198401809e+02
9.000000000000000e+02,14,9.249767598522940e-01,1.520829099116921e-34,1.149999296081408e-05,8.784881863041860e-44,-3.105626407441616e+02
9.000000000000000e+02,15,9.249767598522940e-01,8.347576710880125e-38,2.798094848262942e-20,2.854602523845907e-76,-6.354445435456973e+02
9.000000000000000e+02,16,9.249767598522940e-01,4.011323475508017e-41,8.649659979067407e-06,1.310829236316052e-50,-3.788245388081641e+02
9.000000000000000e+02,17,9.249767598522940e-01,1.701592164018040e-44,2.097261958769071e-20,3.269047257392936e-83,-7.048557880120713e+02
9.000000000000000e+02,18,9.249767598522940e-01,6.418547916379467e-48,6.760404258676339e-06,1.281275388232622e-57,-4.489235751605083e+02
9.000000000000000e+02,19,9.249767598522940e-01,2.166975050875189e-51,6.729782044537408e-21,4.286632696838848e-91,-7.836788372772569e+02
9.000000000000000e+02,20,9.249767598522940e-01,6.586178157388728e-55,7.387242430385995e-06,1.569851385425869e-64,-5.180414145940251e+02
9.000000000000000e+02,21,9.249767598522940e-01,1.811550888451780e-58,5.419563103033006e-20,2.324017832151057e-96,-8.363376054393441e+02
9.000000000000000e+02,22,9.249767598522940e-01,4.530690048107607e-62,6.137664552110131e-06,7.454714455974022e-72,-5.912756898702921e+02
9.000000000000000e+02,23,9.249767598522940e-01,1.034779087495142e-65,4.693300183523356e-20,9.955536553717758e-104,-9.100193532870142e+02
9.000000000000000e+02,24,9.249767598522940e-01,2.166760143229582e-69,5.215228053041561e-06,2.574054924381663e-79,-6.658938219049247e+02
9.000000000000000e+02,25,9.249767598522940e-01,4.174671160398428e-73,2.143261176323104e-20,8.375925943466618e-112,-9.907696717116755e+02
9.000000000000000e+02,26,9.249767598522940e-01,7.425490921128670e-77,4.451993705627409e-06,6.428277518574434e-87,-7.419190538234681e+02
9.000000000000000e+02,27,9.249767598522940e-01,1.223072058066370e-80,1.112448472849438e-19,6.611077005043011e-118,-1.051797277841988e+03
9.000000000000000e+02,28,9.249767598522940e-01,1.870841260929863e-84,4.366199225599203e-06,1.557773813873818e-94,-8.180749560091099e+02
9.000000000000000e+02,29,9.249767598522940e-01,2.664562821454291e-88,1.013313501504316e-19,1.195016730098681e-125,-1.129226260145998e+03
9.000000000000000e+02,30,9.249767598522940e-01,3.542308285203174e-92,4.207199416119232e-06,2.738627172712374e-102,-8.956246708707960e+02
9.000000000000000e+02,31,9.249767598522940e-01,4.405694168036533e-96,7.413474110974031e-20,1.057592250193903e-133,-1.209756817402623e+03
9.000000000000000e+02,32,9.249767598522940e-01,5.137383917202445e-100,3.282350914542210e-06,2.417532958415990e-110,-9.761662759643394e+02
9.000000000000000e+02,33,9.249767598522940e-01,5.627860392146670e-104,3.574639608772889e-20,3.141001942549559e-142,-1.295029317950124e+03
9.000000000000000e+02,34,9.249767598522940e-01,5.802822496906904e-108,3.126814042898696e-06,2.478014004974611e-118,-1.056058962434539e+03
9.000000000000000e+02,35,9.249767598522940e-01,5.641606257851599e-112,5.351453676872614e-20,7.056781591970453e-150,-1.371513933238114e+03
9.000000000000000e+02,36,9.249767598522940e-01,5.180390739708656e-116,2.919999196148896e-06,1.929249272230456e-126,-1.137146116549066e+03
9.000000000000000e+02,37,9.249767598522940e-01,4.499941220759537e-120,2.201048362125334e-19,9.521960468589751e-157,-1.440212736258765e+03
9.000000000000000e+02,38,9.249767598522940e-01,3.703283001120162e-124,2.707553857948436e-06,1.185772770247191e-134,-1.219259985268930e+03
9.000000000000000e+02,39,9.249767598522940e-01,2.891476287373219e-128,1.396521088529889e-19,2.463060017967503e-165,-1.526085250054753e+03
9.000000000000000e+02,40,9.249767598522940e-01,2.144817662279285e-132,2.263591593797422e-06,4.800062422174745e-143,-1.303187531148265e+03
9.500000000000000e+02,0,9.763643576218660e-01,9.532873588343591e-01,2.889793976208503e-06,3.477106236018742e-11,1.541217959884262e+01
9.500000000000000e+02,1,9.763643576218660e-01,2.440561791746739e-01,8.237589340027170e-22,7.233532653354730e-43,-3.014064955372006e+02
9.500000000000000e+02,2,9.763643576218660e-01,1.157985943063100e-02,3.056969141405324e-06,4.726566362710246e-13,-3.254542400750827e+00
9.500000000000000e+02,3,9.763643576218660e-01,2.191565566464795e-04,2.520065164018002e-22,6.079087200161929e-47,-3.421616162692687e+02
9.500000000000000e+02,4,9.763643576218660e-01,2.195826233699036e-06,1.145107413934701e-06,1.257623908985661e-17,-4.900449214751043e+01
9.500000000000000e+02,5,9.763643576218660e-01,1.354404849975087e-08,6.490495750230857e-22,2.492095052475663e-50,-3.760343539701350e+02
9.500000000000000e+02,6,9.763643576218660e-01,5.646679639971093e-11,3.251296856875851e-07,2.607154452983615e-23,-1.058383323960592e+02
9.500000000000000e+02,7,9.763643576218660e-01,1.695497133342926e-13,5.615088195861966e-22,2.334912375103692e-55,-4.263172941305204e+02
9.500000000000000e+02,8,9.763643576218660e-01,3.838690611219789e-16,2.908633980684121e-07,1.418474786270439e-28,-1.584817837948811e+02
9.500000000000000e+02,9,9.763643576218660e-01,6.784425357171055e-19,3.758568895666882e-22,4.186185435923237e-61,-4.837818153758011e+02
9.500000000000000e+02,10,9.763643576218660e-01,9.617629497072859e-22,1.699790301785732e-07,1.213721652150752e-34,-2.191588090040693e+02
9.500000000000000e+02,11,9.763643576218660e-01,1.117666341462987e-24,1.009550809508118e-21,4.975410266866981e-66,-5.330317110199562e+02
9.500000000000000e+02,12,9.763643576218660e-01,1.083959996797702e-27,1.655614468623197e-07,1.297753007852309e-40,-2.788680795586684e+02
9.500000000000000e+02,13,9.763643576218660e-01,8.905540417793787e-31,5.160758562224507e-22,1.035971303368843e-72,-5.998465227447608e+02
9.500000000000000e+02,14,9.763643576218660e-01,6.277034988109481e-34,1.187099009567406e-07,3.863570110725633e-47,-3.441301120237198e+02
9.500000000000000e+02,15,9.763643576218660e-01,3.837238696078952e-37,7.506936362748969e-22,9.445058386910892e-79,-6.602479535303756e+02
9.500000000000000e+02,16,9.763643576218660e-01,2.053767780689544e-40,9.149055221184801e-08,7.508690388628530e-54,-4.112443580288777e+02
9.500000000000000e+02,17,9.763643576218660e-01,9.703800693134136e-44,9.558944397232369e-22,3.872773533545389e-85,-7.241197789831658e+02
9.500000000000000e+02,18,9.763643576218660e-01,4.077187045849516e-47,9.181635266374328e-08,1.501277833058855e-60,-4.782353892787758e+02
9.500000000000000e+02,19,9.763643576218660e-01,1.533302064190553e-50,6.100982745314721e-23,2.492801381850494e-94,-8.160331232326223e+02
9.500000000000000e+02,20,9.763643576218660e-01,5.191202356736881e-54,7.401016243806745e-08,1.241969801389487e-67,-5.490588896394153e+02
9.500000000000000e+02,21,9.763643576218660e-01,1.590577910134265e-57,5.484999650902329e-22,2.090106992388088e-99,-8.667983148182462e+02
9.500000000000000e+02,22,9.763643576218660e-01,4.431458897356869e-61,7.333560250686061e-08,1.040966652867225e-74,-6.198256318279275e+02
9.500000000000000e+02,23,9.763643576218660e-01,1.127496011767062e-64,6.216525091355929e-22,1.903140095439951e-106,-9.372052924091054e+02
9.500000000000000e+02,24,9.763643576218660e-01,2.630082642701816e-68,5.590863710677345e-08,3.590769843172720e-82,-6.944481243086486e+02
9.500000000000000e+02,25,9.763643576218660e-01,5.645176001351687e-72,5.428725294931703e-22,7.266638935325883e-114,-1.011386664184900e+03
9.500000000000000e+02,26,9.763643576218660e-01,1.118618268259844e-75,5.405206625302675e-08,1.427469610629821e-89,-7.684543312866969e+02
9.500000000000000e+02,27,9.763643576218660e-01,2.052648768940596e-79,1.968064159662437e-21,3.472590006075877e-120,-1.074593464889638e+03
9.500000000000000e+02,28,9.763643576218660e-01,3.497915323527270e-83,5.070477055894921e-08,3.927962189763286e-97,-8.440583270134746e+02
9.500000000000000e+02,29,9.763643576218660e-01,5.550237555269494e-87,2.074020088463788e-21,1.042792386642939e-127,-1.149818021482469e+03
9.500000000000000e+02,30,9.763643576218660e-01,8.220313494219100e-91,4.080258169733540e-08,5.977561173682524e-105,-9.222347597066902e+02
9.500000000000000e+02,31,9.763643576218660e-01,1.139031289843799e-94,1.173155592771914e-21,6.847109105625410e-136,-1.231644927517890e+03
9.500000000000000e+02,32,9.763643576218660e-01,1.479739331134142e-98,3.869997276679990e-08,9.679811477890158e-113,-1.000141331008434e+03
9.500000000000000e+02,33,9.763643576218660e-01,1.805971002152574e-102,5.794044451020950e-22,2.648102437716514e-144,-1.315770652189021e+03
9.500000000000000e+02,34,9.763643576218660e-01,2.074594276084341e-106,3.123904932462539e-08,8.842786833580409e-121,-1.080534108440695e+03
9.500000000000000e+02,35,9.763643576218660e-01,2.247113883597284e-110,7.260893225144238e-22,5.174466105676650e-152,-1.392861344534691e+03
9.500000000000000e+02,36,9.763643576218660e-01,2.298873522514476e-114,3.174175466060636e-08,1.011666344368087e-128,-1.159949626976667e+03
9.500000000000000e+02,37,9.763643576218660e-01,2.224801832052049e-118,3.020528810435002e-21,8.865794516208310e-159,-1.460522823386256e+03
9.500000000000000e+02,38,9.763643576218660e-01,2.039881223878737e-122,2.657195399916792e-08,6.290891969269171e-137,-1.242012877726998e+03
9.500000000000000e+02,39,9.763643576218660e-01,1.774485836480888e-126,3.831523455463625e-21,1.137826062400003e-166,-1.539439241227506e+03
9.500000000000000e+02,40,9.763643576218660e-01,1.466491447907735e-130,2.240245920980049e-08,3.214632181381547e-145,-1.324928687119263e+03
1.000000000000000e+03,0,1.027751955391438e+00,1.000000000000000e+00,4.948416746146020e-04,1.069529822476597e-06,6.029192898824751e+01
1.000000000000000e+03,1,1.027751955391438e+00,2.568898621748309e-01,1.891616310338094e-19,4.014887945579799e-38,-2.539632657125590e+02
1.000000000000000e+03,2,1.027751955391438e+00,1.327614765264251e-02,5.935224022346294e-04,2.042709781264224e-08,4.310206668468627e+01
1.000000000000000e+03,3,1.027751955391438e+00,2.760282725049636e-04,1.328546268771911e-19,2.127978807008703e-41,-2.867203270158611e+02
1.000000000000000e+03,4,1.027751955391438e+00,3.048707402265915e-06,3.777520326754851e-05,1.900158059485213e-14,-1.721210271938137e+01
1.000000000000000e+03,5,1.027751955391438e+00,2.076487835854472e-08,1.595145435974011e-19,2.307758320693235e-45,-3.263680967449598e+02
1.000000000000000e+03,6,1.027751955391438e+00,9.568913856451758e-11,1.623315980629898e-05,1.101359585460979e-19,-6.958070864057129e+01
1.000000000000000e+03,7,1.027751955391438e+00,3.177760292319265e-13,8.401119412856721e-20,9.796158707509252e-51,-3.800894418748800e+02
1.000000000000000e+03,8,1.027751955391438e+00,7.960477149161964e-16,1.134368423621703e-05,4.474120955715432e-25,-1.234929227913753e+02
1.000000000000000e+03,9,1.027751955391438e+00,1.557130892920084e-18,7.235565455318080e-20,3.560659438293762e-56,-4.344846956273201e+02
1.000000000000000e+03,10,1.027751955391438e+00,2.443579390315553e-21,1.081896516417403e-05,1.249275610350386e-30,-1.790334173868758e+02
1.000000000000000e+03,11,1.027751955391438e+00,3.144015423168981e-24,1.925673100447156e-19,5.092255177573921e-61,-4.829308984157857e+02
1.000000000000000e+03,12,1.027751955391438e+00,3.376384785199573e-27,6.398036757872496e-06,6.036785701634851e-37,-2.421919424078548e+02
1.000000000000000e+03,13,1.027751955391438e+00,3.071892968095551e-30,9.772866314664846e-20,1.281475651121787e-67,-5.489228964128147e+02
1.000000000000000e+03,14,1.027751955391438e+00,2.397950546260724e-33,1.107974937679068e-05,1.285761622514628e-42,-2.989083954122725e+02
1.000000000000000e+03,15,1.027751955391438e+00,1.623569825673740e-36,9.477689311194747e-20,6.369953618720329e-74,-6.119586372986357e+02
1.000000000000000e+03,16,1.027751955391438e+00,9.624803923850253e-40,6.710128089428192e-06,1.892839868084642e-49,-3.672288612525904e+02
1.000000000000000e+03,17,1.027751955391438e+00,5.037198719896458e-43,1.546786297773592e-19,5.263929688649888e-80,-6.727868992031266e+02
1.000000000000000e+03,18,1.027751955391438e+00,2.344390182389269e-46,5.493365997373504e-06,3.090062950741550e-56,-4.351003267304080e+02
1.000000000000000e+03,19,1.027751955391438e+00,9.766345721025121e-50,3.214264039834626e-20,4.407126901005770e-88,-7.535584444401854e+02
1.000000000000000e+03,20,1.027751955391438e+00,3.662845943786543e-53,6.195156586039641e-06,6.140215190067560e-63,-5.021181640830162e+02
1.000000000000000e+03,21,1.027751955391438e+00,1.243259081986191e-56,1.049372637693473e-19,5.979728624050804e-94,-8.122331852500014e+02
1.000000000000000e+03,22,1.027751955391438e+00,3.837230024966372e-60,4.424841687157105e-06,3.281509538892137e-70,-5.748392632897153e+02
1.000000000000000e+03,23,1.027751955391438e+00,1.081578141106105e-63,1.438890596818754e-19,9.780787274619737e-101,-8.800962618659662e+02
1.000000000000000e+03,24,1.027751955391438e+00,2.795056178149828e-67,4.999707145827065e-06,3.051687349646161e-77,-6.451545996261714e+02
1.000000000000000e+03,25,1.027751955391438e+00,6.646341070944137e-71,4.234529413908310e-20,5.205390258694782e-109,-9.628354670499223e+02
1.000000000000000e+03,26,1.027751955391438e+00,1.459070014975990e-74,3.115580333773614e-06,6.186063917341245e-85,-7.220858559697344e+02
1.000000000000000e+03,27,1.027751955391438e+00,2.966214168700031e-78,3.210534222367873e-19,1.335418766980456e-114,-1.018743825248085e+03
1.000000000000000e+03,28,1.027751955391438e+00,5.600088239630571e-82,3.648240371990022e-06,3.255533158469020e-92,-7.948737787689003e+02
1.000000000000000e+03,29,1.027751955391438e+00,9.844610484652973e-86,3.999765005565862e-19,6.879040289684525e-122,-1.091624721469341e+03
1.000000000000000e+03,30,1.027751955391438e+00,1.615399891859937e-89,3.528915561023938e-06,8.786642283125176e-100,-8.705617705399331e+02
1.000000000000000e+03,31,1.027751955391438e+00,2.479904932148690e-93,2.084630513253774e-19,4.707101638918749e-130,-1.173272464240123e+03
1.000000000000000e+03,32,1.027751955391438e+00,3.569398491951815e-97,2.735182541083822e-06,1.166347680629887e-107,-9.493317196992747e+02
1.000000000000000e+03,33,1.027751955391438e+00,4.826513471462620e-101,1.135695572004446e-19,2.719053486321530e-138,-1.255655822493504e+03
1.000000000000000e+03,34,1.027751955391438e+00,6.142867309265128e-105,2.977193072645684e-06,2.378184240568884e-115,-1.026237545031391e+03
1.000000000000000e+03,35,1.027751955391438e+00,7.371915333176152e-109,1.463284657921576e-19,6.894429578805018e-146,-1.331615016600212e+03
1.000000000000000e+03,36,1.027751955391438e+00,8.355829103714786e-113,2.220106868090685e-06,1.798861275370873e-123,-1.107450023272959e+03
1.000000000000000e+03,37,1.027751955391438e+00,8.959562148546290e-117,5.899547993682209e-19,1.362023579884994e-152,-1.398658153736822e+03
1.000000000000000e+03,38,1.027751955391438e+00,9.101709007038676e-121,2.619729637201775e-06,2.728325964479967e-131,-1.185641037439430e+03
1.000000000000000e+03,39,1.027751955391438e+00,8.772325239697915e-125,5.104554296207911e-19,9.983682090705580e-161,-1.480007092566331e+03
1.000000000000000e+03,40,1.027751955391438e+00,8.032435421592928e-129,1.976400401954556e-06,1.370431942186157e-139,-1.268631425273386e+03
1.050000000000000e+03,0,1.079139553161010e+00,1.000000000000000e+00,3.116549851075980e-06,4.242369766572819e-11,1.627608519103581e+01
1.050000000000000e+03,1,1.079139553161010e+00,2.693940136214588e-01,7.323739614567765e-22,6.311231258131019e-43,-3.019988590597796e+02
1.050000000000000e+03,2,1.079139553161010e+00,1.508665479771130e-02,3.702537266755906e-06,9.033419798612956e-13,-4.414780688428620e-01
1.050000000000000e+03,3,1.079139553161010e+00,3.428106333196103e-04,1.612611039089105e-21,3.893802361924621e-45,-3.240962609578050e+02
1.050000000000000e+03,4,1.079139553161010e+00,4.152405159484660e-06,7.523190314579630e-07,1.026512356725977e-17,-4.988635818406778e+01
1.050000000000000e+03,5,1.079139553161010e+00,3.107098176869003e-08,4.587684173469617e-22,2.856290424689302e-50,-3.754419763603194e+02
1.050000000000000e+03,6,1.079139553161010e+00,1.574583311690218e-10,5.749058461437024e-07,2.273104789699192e-22,-9.643380542920383e+01
1.050000000000000e+03,7,1.079139553161010e+00,5.754068304791503e-13,6.253047753884774e-22,9.826952721283166e-55,-4.200758113338883e+02
1.050000000000000e+03,8,1.079139553161010e+00,1.586816499784960e-15,2.378405852422392e-07,3.920658360479659e-28,-1.540664099973569e+02
1.050000000000000e+03,9,1.079139553161010e+00,3.418021135131001e-18,6.996442077682879e-22,7.307849467201922e-60,-4.713621040716472e+02
1.050000000000000e+03,10,1.079139553161010e+00,5.907878570759757e-21,1.972191038600825e-07,1.003667555622142e-33,-2.099841011454903e+02
1.050000000000000e+03,11,1.079139553161010e+00,8.373662720032445e-24,1.263429504631741e-21,5.838185048759734e-65,-5.223372214360948e+02
1.050000000000000e+03,12,1.079139553161010e+00,9.907463727922606e-27,2.021895021398105e-07,1.769049803837675e-39,-2.675225994027999e+02
1.050000000000000e+03,13,1.079139553161010e+00,9.932050629156602e-30,5.831241981634949e-22,1.475099838549758e-71,-5.883117858452387e+02
1.050000000000000e+03,14,1.079139553161010e+00,8.543373800763145e-33,1.663899613897729e-07,1.033103929590452e-45,-3.298585598653727e+02
1.050000000000000e+03,15,1.079139553161010e+00,6.374471567378409e-36,5.423580490980415e-22,8.189864774189033e-78,-6.508672326897320e+02
1.050000000000000e+03,16,1.079139553161010e+00,4.164587170929747e-39,1.280660928253744e-07,2.983325494746406e-52,-3.952529936049633e+02
1.050000000000000e+03,17,1.079139553161010e+00,2.402121807837373e-42,4.978940213082119e-22,2.600933279486686e-84,-7.158487078841251e+02
1.050000000000000e+03,18,1.079139553161010e+00,1.232190176575465e-45,1.013945805138234e-07,5.533088168963715e-59,-4.625703240931064e+02
1.050000000000000e+03,19,1.079139553161010e+00,5.657642234900377e-49,1.445271781840419e-22,5.161725330029187e-92,-7.928720510921222e+02
1.050000000000000e+03,20,1.079139553161010e+00,2.338779450303995e-52,1.067482341900805e-07,1.164048382388892e-65,-5.293402896833919e+02
1.050000000000000e+03,21,1.079139553161010e+00,8.750030878616104e-56,9.266785932398849e-22,3.281921658705800e-97,-8.448387179000987e+02
1.050000000000000e+03,22,1.079139553161010e+00,2.976815331035750e-59,9.294028697893970e-08,1.123104778200863e-72,-5.994957972506379e+02
1.050000000000000e+03,23,1.079139553161010e+00,9.248808034882786e-63,4.887174589244931e-22,9.648545216814725e-105,-9.201553816354100e+02
1.050000000000000e+03,24,1.079139553161010e+00,2.634626030833029e-66,7.587083708106069e-08,6.624133747765060e-80,-6.717887090730260e+02
1.050000000000000e+03,25,1.079139553161010e+00,6.905857685918731e-70,2.962554032799979e-22,2.647345032402841e-112,-9.957718945276612e+02
1.050000000000000e+03,26,1.079139553161010e+00,1.671179196298482e-73,6.725781650136046e-08,3.301937979591776e-87,-7.448123108836397e+02
1.050000000000000e+03,27,1.079139553161010e+00,3.745122583350737e-77,1.909545682649532e-21,5.964671160499320e-118,-1.052244134945112e+03
1.050000000000000e+03,28,1.079139553161010e+00,7.794339370886588e-81,6.454027934592172e-08,1.418082037295376e-94,-8.184829864410774e+02
1.050000000000000e+03,29,1.079139553161010e+00,1.510454775221399e-84,1.691194177745705e-21,1.886926740501561e-125,-1.127242449608915e+03
1.050000000000000e+03,30,1.079139553161010e+00,2.732231253242552e-88,6.157960347206814e-08,4.525343953590844e-102,-8.934434840618926e+02
1.050000000000000e+03,31,1.079139553161010e+00,4.623850644596303e-92,1.279483442093613e-21,3.306233335712953e-133,-1.204806664995738e+03
1.050000000000000e+03,32,1.079139553161010e+00,7.336653678495475e-96,4.919992536327931e-08,7.756883517028315e-110,-9.711031273018682e+02
1.050000000000000e+03,33,1.079139553161010e+00,1.093637341306572e-99,4.981138517844218e-22,1.185198058260474e-141,-1.289262090687069e+03
1.050000000000000e+03,34,1.079139553161010e+00,1.534440843628749e-103,4.498897030525124e-08,1.356508812483506e-117,-1.048675773805234e+03
1.050000000000000e+03,35,1.079139553161010e+00,2.030022013438176e-107,9.820832238912167e-22,8.551803143669734e-149,-1.360679423048294e+03
1.050000000000000e+03,36,1.079139553161010e+00,2.536608006976501e-111,4.325299303360226e-08,2.072745841473787e-125,-1.126834539475022e+03
1.050000000000000e+03,37,1.079139553161010e+00,2.998443344990633e-115,3.727555962264148e-21,1.819719943649900e-155,-1.427399954451392e+03
1.050000000000000e+03,38,1.079139553161010e+00,3.357986658378738e-119,3.902201600514633e-08,2.233360005746914e-133,-1.206510412653265e+03
1.050000000000000e+03,39,1.079139553161010e+00,3.567954304052849e-123,3.132002486411816e-21,1.528705551943512e-163,-1.508156761571519e+03
1.050000000000000e+03,40,1.079139553161010e+00,3.601652466781756e-127,3.295250689248944e-08,1.708201450367723e-141,-1.287674609137266e+03
1.100000000000000e+03,0,1.130527150930582e+00,1.000000000000000e+00,1.469176222641454e-04,9.427751897547958e-08,4.974408145029245e+01
1.100000000000000e+03,1,1.130527150930582e+00,2.815709509333847e-01,2.620759497737294e-20,8.447001031945312e-40,-2.707329745276087e+02
1.100000000000000e+03,2,1.130527150930582e+00,1.700803295062215e-02,1.535595081443179e-04,1.751732857940529e-09,3.243467876279350e+01
1.100000000000000e+03,3,1.130527150930582e+00,4.203906943173456e-04,3.351471329807127e-20,2.062454964297290e-42,-2.968561552591536e+02
1.100000000000000e+03,4,1.130527150930582e+00,5.558428878669819e-06,6.111829729109577e-05,9.068906185945445e-14,-1.042445090674684e+01
1.100000000000000e+03,5,1.130527150930582e+00,4.548118453776485e-08,1.334244943433644e-20,3.536415303437276e-47,-3.445143673873813e+02
1.100000000000000e+03,6,1.130527150930582e+00,2.522971287753298e-10,1.790114959181819e-05,3.531299188589543e-19,-6.452065485368385e+01
1.100000000000000e+03,7,1.130527150930582e+00,1.009885402192706e-12,2.478566615525998e-20,2.709777603856117e-51,-3.856706635096376e+02
1.100000000000000e+03,8,1.130527150930582e+00,3.051843888977336e-15,1.547385147787542e-05,3.191681346719837e-24,-1.149598047454853e+02
1.100000000000000e+03,9,1.130527150930582e+00,7.205782296145800e-18,2.722143691899756e-20,2.332188193246437e-56,-4.363223640760481e+02
1.100000000000000e+03,10,1.130527150930582e+00,1.365542655004746e-20,9.961466574250569e-06,5.918507435762548e-30,-1.722778780242241e+02
1.100000000000000e+03,11,1.130527150930582e+00,2.122409099236273e-23,3.973162413517609e-20,1.463396791606002e-61,-4.883463790146153e+02
1.100000000000000e+03,12,1.130527150930582e+00,2.754051367806589e-26,9.077352541882405e-06,9.911760616851332e-36,-2.300384919533618e+02
1.100000000000000e+03,13,1.130527150930582e+00,3.028227219631373e-29,2.482633916929009e-20,8.152188072209793e-68,-5.508872580964678e+02
1.100000000000000e+03,14,1.130527150930582e+00,2.857289566856079e-32,6.627051912592347e-06,5.480943984517647e-42,-2.926114463641333e+02
1.100000000000000e+03,15,1.130527150930582e+00,2.338692331749231e-35,3.067060569841085e-20,9.608999262749880e-74,-6.101732183993774e+02
1.100000000000000e+03,16,1.130527150930582e+00,1.676210741164631e-38,5.217317918381510e-06,1.992891179278274e-48,-3.570051641506230e+02
1.100000000000000e+03,17,1.130527150930582e+00,1.060716250433774e-41,5.176135452476289e-20,1.241283123500082e-79,-6.690612914924269e+02
1.100000000000000e+03,18,1.130527150930582e+00,5.969612517230343e-45,5.063746775531565e-06,6.685755104190187e-55,-4.217484953543814e+02
1.100000000000000e+03,19,1.130527150930582e+00,3.007338176617020e-48,1.114500317979998e-20,1.631559903919406e-87,-7.478739697614270e+02
1.100000000000000e+03,20,1.130527150930582e+00,1.364038436564328e-51,4.129383674912444e-06,1.015915167211699e-61,-4.899314255578246e+02
1.100000000000000e+03,21,1.130527150930582e+00,5.599483799570165e-55,3.197829838070935e-20,2.501030893969421e-93,-8.060188094361632e+02
1.100000000000000e+03,22,1.130527150930582e+00,2.090261003376818e-58,3.960348892419631e-06,1.431949743480733e-68,-5.584407222400582e+02
1.100000000000000e+03,23,1.130527150930582e+00,7.126111592207661e-62,4.275838761691612e-20,5.690568058512559e-100,-8.724484437818079e+02
1.100000000000000e+03,24,1.130527150930582e+00,2.227466158881511e-65,3.107648726078578e-06,9.395833716803827e-76,-6.302706467777284e+02
1.100000000000000e+03,25,1.130527150930582e+00,6.406801763266479e-69,3.278903815882464e-20,3.008562262526692e-107,-9.452164099630728e+02
1.100000000000000e+03,26,1.130527150930582e+00,1.701311199719689e-72,2.967568781907318e-06,6.544036476554769e-83,-7.018415428856621e+02
1.100000000000000e+03,27,1.130527150930582e+00,4.183779767142421e-76,1.006696074304480e-19,1.851935805110113e-113,-1.007323740716334e+03
1.100000000000000e+03,28,1.130527150930582e+00,9.554953444549583e-80,2.753836199465193e-06,3.164937566254699e-90,-7.749963485275516e+02
1.100000000000000e+03,29,1.130527150930582e+00,2.031924101002988e-83,1.048904620437892e-19,9.764271384081827e-121,-1.080103601584876e+03
1.100000000000000e+03,30,1.130527150930582e+00,4.033400239468137e-87,2.263769761135041e-06,9.028096479100089e-98,-8.504440380846481e+02
1.100000000000000e+03,31,1.130527150930582e+00,7.490573207997297e-91,5.561718324134601e-20,1.012030021525660e-128,-1.159948066041073e+03
1.100000000000000e+03,32,1.130527150930582e+00,1.304276436547911e-94,2.129805537900038e-06,2.584103564301933e-105,-9.258769008490933e+02
1.100000000000000e+03,33,1.130527150930582e+00,2.133575690337201e-98,3.044093705010927e-20,8.635439609607625e-137,-1.240637155486388e+03
1.100000000000000e+03,34,1.130527150930582e+00,3.285114091351663e-102,1.767600155179242e-06,4.483104704539855e-113,-1.003484211179103e+03
1.100000000000000e+03,35,1.130527150930582e+00,4.769456797938450e-106,3.627499565733366e-20,2.741220812134139e-144,-1.315620559795540e+03
1.100000000000000e+03,36,1.130527150930582e+00,6.540206979622037e-110,1.752143258138155e-06,8.769828076488963e-121,-1.080570089204497e+03
1.100000000000000e+03,37,1.130527150930582e+00,8.484101880508924e-114,1.553901867892962e-19,8.947741224398662e-151,-1.380482865845263e+03
1.100000000000000e+03,38,1.130527150930582e+00,1.042707918831254e-117,1.483080668898312e-06,1.001734388838761e-128,-1.159992474169452e+03
1.100000000000000e+03,39,1.130527150930582e+00,1.215845291398679e-121,1.902164552966412e-19,1.921475488678845e-158,-1.457163651512462e+03
1.100000000000000e+03,40,1.130527150930582e+00,1.346907266714587e-125,1.268791173694812e-06,9.470618807006507e-137,-1.240236216434161e+03
1.150000000000000e+03,0,1.181914748700153e+00,1.000000000000000e+00,1.197722098260021e-05,6.265741705559258e-10,2.796972487870548e+01
1.150000000000000e+03,1,1.181914748700153e+00,2.934247534471501e-01,2.492801243590913e-21,7.964021367537063e-42,-2.909886758342727e+02
1.150000000000000e+03,2,1.181914748700153e+00,1.903664669226655e-02,1.421243496020302e-05,1.679530106467887e-11,1.225187793206372e+01
1.150000000000000e+03,3,1.181914748700153e+00,5.096427629725761e-04,5.002805851158071e-21,5.571261232405048e-44,-3.125404647730934e+02
1.150000000000000e+03,4,1.181914748700153e+00,7.324316554869162e-06,1.169903948524737e-06,4.378525492331741e-17,-4.358672117431290e+01
1.150000000000000e+03,5,1.181914748700153e+00,6.525764609648779e-08,1.722367222451600e-21,8.455577439920042e-49,-3.607285672864487e+02
1.150000000000000e+03,6,1.181914748700153e+00,3.945943636946801e-10,1.456012583611013e-07,3.653772454035420e-23,-1.043725850269610e+02
1.150000000000000e+03,7,1.181914748700153e+00,1.722807796179644e-12,2.257586693143233e-21,3.835182760145650e-53,-4.041621393553988e+02
1.150000000000000e+03,8,1.181914748700153e+00,5.681281845889087e-15,2.990871488454958e-07,2.219740486328376e-27,-1.465369779669512e+02
1.150000000000000e+03,9,1.181914748700153e+00,1.464267831852013e-17,1.912109530265327e-21,2.338333312051796e-58,-4.563109358330786e+02
1.150000000000000e+03,10,1.181914748700153e+00,3.029699146981502e-20,1.443337536033760e-07,2.756739188426358e-33,-2.055960431999695e+02
1.150000000000000e+03,11,1.181914748700153e+00,5.142249162924611e-23,4.219336007005680e-21,3.998542373775434e-63,-5.039809829727099e+02
1.150000000000000e+03,12,1.181914748700153e+00,7.287585846410633e-26,4.943281386354729e-08,7.778121299185612e-40,-2.710912528834770e+02
1.150000000000000e+03,13,1.181914748700153e+00,8.752524283180704e-29,2.387861690160818e-21,2.179776786264305e-69,-5.666158797678851e+02
1.150000000000000e+03,14,1.181914748700153e+00,9.021295391793243e-32,1.601335042737095e-07,1.010400800651073e-44,-3.199550631831357e+02
1.150000000000000e+03,15,1.181914748700153e+00,8.066540105209040e-35,2.551280338729708e-21,2.293316652993628e-75,-6.263953597529484e+02
1.150000000000000e+03,16,1.181914748700153e+00,6.316361112026064e-38,7.989540177895335e-08,1.761046745671466e-51,-3.875422911585684e+02
1.150000000000000e+03,17,1.181914748700153e+00,4.366989917210698e-41,3.598722051963719e-21,2.470240071202886e-81,-6.860726083761800e+02
1.150000000000000e+03,18,1.181914748700153e+00,2.685289052586066e-44,5.872351512047125e-08,4.044599206670228e-58,-4.539312450766245e+02
1.150000000000000e+03,19,1.181914748700153e+00,1.478100014780978e-47,5.295610023151289e-22,1.810490187083177e-89,-7.674220382473108e+02
1.150000000000000e+03,20,1.181914748700153e+00,7.325503025028321e-51,9.165081608402159e-08,2.687636235553130e-64,-5.157062951224866e+02
1.150000000000000e+03,21,1.181914748700153e+00,3.285935620993803e-54,2.785150410943378e-21,1.113311567237956e-94,-8.195338327861544e+02
1.150000000000000e+03,22,1.181914748700153e+00,1.340359507382569e-57,4.455269273444468e-08,1.162062742868160e-71,-5.893477042259475e+02
1.150000000000000e+03,23,1.181914748700153e+00,4.993343592552857e-61,3.510440692787799e-21,2.687664743664424e-101,-8.857062490565437e+02
1.150000000000000e+03,24,1.181914748700153e+00,1.705592715811256e-64,7.135859381776771e-08,3.793396700653528e-78,-6.542097173786773e+02
1.150000000000000e+03,25,1.181914748700153e+00,5.360896021586372e-68,9.264422860593910e-22,2.009715055111113e-109,-9.669686551410456e+02
1.150000000000000e+03,26,1.181914748700153e+00,1.555670134050835e-71,3.226198855216748e-08,7.072291334348998e-86,-7.315043985739909e+02
1.150000000000000e+03,27,1.181914748700153e+00,4.180665158633224e-75,7.351025236694931e-21,9.867373681945798e-115,-1.020057984245560e+03
1.150000000000000e+03,28,1.181914748700153e+00,1.043404226071190e-78,4.703008782575289e-08,1.008009288145971e-92,-7.999653546613260e+02
1.150000000000000e+03,29,1.181914748700153e+00,2.424840143357571e-82,9.680170665899477e-21,9.924519845476739e-122,-1.090032904954973e+03
1.150000000000000e+03,30,1.181914748700153e+00,5.260200940913930e-86,4.947633168463321e-08,5.624160193176405e-100,-8.724994231778522e+02
1.150000000000000e+03,31,1.181914748700153e+00,1.067590909927117e-89,4.764045610343891e-21,1.058320117480760e-129,-1.169753829483430e+03
1.150000000000000e+03,32,1.181914748700153e+00,2.031521249466629e-93,3.127328051001553e-08,8.678179182130488e-108,-9.506157138704765e+02
1.150000000000000e+03,33,1.181914748700153e+00,3.631821676954058e-97,2.853247025899276e-21,1.291408456251600e-137,-1.248889363741239e+03
1.150000000000000e+03,34,1.181914748700153e+00,6.111309131942220e-101,4.525783923981111e-08,5.467417597681663e-115,-1.022622177537209e+03
1.150000000000000e+03,35,1.181914748700153e+00,9.696665743938084e-105,3.674082643211636e-21,5.717163731296257e-145,-1.322428193700421e+03
1.150000000000000e+03,36,1.181914748700153e+00,1.453171576528868e-108,2.706334682331376e-08,4.648793593260321e-123,-1.103326597360923e+03
1.150000000000000e+03,37,1.181914748700153e+00,2.060180093101558e-112,1.400497128039256e-20,1.764940197282491e-151,-1.387532700055341e+03
1.150000000000000e+03,38,1.181914748700153e+00,2.767182177473564e-116,3.890418166441004e-08,1.829324217569601e-130,-1.177377093161622e+03
1.150000000000000e+03,39,1.181914748700153e+00,3.526394426147241e-120,1.337196180282891e-20,2.754111407263380e-159,-1.465600184959669e+03
1.150000000000000e+03,40,1.181914748700153e+00,4.269424610434137e-124,2.736707019681816e-08,1.396645943909316e-138,-1.258549136755571e+03
1.200000000000000e+03,0,1.233302346469725e+00,1.000000000000000e+00,1.044857061497776e-04,4.768415898269408e-08,4.678374127278808e+01
1.200000000000000e+03,1,1.233302346469725e+00,3.049608371304259e-01,2.160868041062337e-20,6.219578116514066e-40,-2.720623907316833e+02
1.200000000000000e+03,2,1.233302346469725e+00,2.116864020244469e-02,1.221615505045775e-04,1.379819876867223e-09,3.139822396844505e+01
1.200000000000000e+03,3,1.233302346469725e+00,6.114227905882114e-04,6.373043472745113e-20,1.084665302668652e-41,-2.896470425225636e+02
1.200000000000000e+03,4,1.233302346469725e+00,9.513708766823735e-06,1.556113248925371e-05,1.006219237909536e-14,-1.997307383653000e+01
1.200000000000000e+03,5,1.233302346469725e+00,9.194193702499859e-08,2.466960737932660e-20,2.443984726495917e-46,-3.361190151251265e+02
1.200000000000000e+03,6,1.233302346469725e+00,6.036639895626325e-10,6.075837188217024e-06,9.733474333390223e-20,-7.011732111993526e+01
1.200000000000000e+03,7,1.233302346469725e+00,2.863761937532877e-12,2.743474860752592e-20,9.414543045107917e-51,-3.802620075454314e+02
1.200000000000000e+03,8,1.233302346469725e+00,1.026597056769608e-14,4.645605528052614e-06,9.677095731854221e-25,-1.201425496261734e+02
1.200000000000000e+03,9,1.233302346469725e+00,2.877183344467650e-17,1.928395657713071e-20,4.673262650533810e-56,-4.333037980971569e+02
1.200000000000000e+03,10,1.233302346469725e+00,6.475036076897677e-20,2.113640961961895e-06,1.263470159465242e-30,-1.789843501075445e+02
1.200000000000000e+03,11,1.233302346469725e+00,1.195552530346444e-22,3.444587995828854e-20,6.195888496413122e-61,-4.820789640657265e+02
1.200000000000000e+03,12,1.233302346469725e+00,1.843451619527390e-25,2.230139051041541e-06,4.004570946760810e-36,-2.339744400777848e+02
1.200000000000000e+03,13,1.233302346469725e+00,2.409134001739921e-28,1.746845023439035e-20,3.210924352931292e-67,-5.449336992597865e+02
1.200000000000000e+03,14,1.233302346469725e+00,2.702177565350985e-31,1.822263484519421e-06,3.919192471244347e-42,-2.940680340782917e+02
1.200000000000000e+03,15,1.233302346469725e+00,2.629543797096026e-34,1.838763969280157e-20,3.883226671637466e-73,-6.041080725808434e+02
1.200000000000000e+03,16,1.233302346469725e+00,2.240957446592891e-37,1.365665121728059e-06,1.825502401512853e-48,-3.573861759138416e+02
1.200000000000000e+03,17,1.233302346469725e+00,1.686334107795767e-40,3.564401296811123e-20,9.357873564494721e-79,-6.602882282691614e+02
1.200000000000000e+03,18,1.233302346469725e+00,1.128665280142265e-43,1.096217043257274e-06,5.924048812105256e-55,-4.222738137170035e+02
1.200000000000000e+03,19,1.233302346469725e+00,6.762478363498428e-47,4.073251013331468e-21,4.900592601016751e-87,-7.430975140001431e+02
1.200000000000000e+03,20,1.233302346469725e+00,3.648216122776739e-50,1.175367921809376e-06,2.201347418926011e-61,-4.865731141123326e+02
1.200000000000000e+03,21,1.233302346469725e+00,1.781371593363937e-53,2.135505964004476e-20,3.548268394039019e-92,-7.944998353719387e+02
1.200000000000000e+03,22,1.233302346469725e+00,7.910045834571638e-57,1.001090865007497e-06,3.462472715581437e-68,-5.546061364017128e+02
1.200000000000000e+03,23,1.233302346469725e+00,3.207894085190258e-60,3.596852504903758e-20,1.812698778537713e-98,-8.574167435789433e+02
1.200000000000000e+03,24,1.233302346469725e+00,1.192840520538244e-63,8.294650594050971e-07,3.584585464186028e-75,-6.244556106064497e+02
1.200000000000000e+03,25,1.233302346469725e+00,4.081592627354714e-67,1.804330539617551e-20,5.803930718221633e-106,-9.323627778039586e+02
1.200000000000000e+03,26,1.233302346469725e+00,1.289439608403551e-70,7.225398762943736e-07,2.940255088556994e-82,-6.953161498974196e+02
1.200000000000000e+03,27,1.233302346469725e+00,3.772467061772848e-74,6.049395809131311e-20,6.029895999565940e-112,-9.921969017827513e+02
1.200000000000000e+03,28,1.233302346469725e+00,1.025024040158102e-77,6.927903703313025e-07,2.148810408253733e-89,-7.666780190106580e+02
1.200000000000000e+03,29,1.233302346469725e+00,2.593404694851225e-81,8.864049041723439e-20,8.900101428507395e-119,-1.060506050439629e+03
1.200000000000000e+03,30,1.233302346469725e+00,6.124902068087300e-85,6.726217882068487e-07,1.210323245974935e-96,-8.391709862539010e+02
1.200000000000000e+03,31,1.233302346469725e+00,1.353364770639411e-88,4.114108869124571e-20,1.000522339858194e-126,-1.139997732099075e+03
1.200000000000000e+03,32,1.233302346469725e+00,2.803804861298655e-92,5.264089378093172e-07,3.393553156065196e-104,-9.146934534370104e+02
1.200000000000000e+03,33,1.233302346469725e+00,5.457205310897841e-96,2.590924982970126e-20,1.600074976905921e-134,-1.217958596665356e+03
1.200000000000000e+03,34,1.233302346469725e+00,9.997745704596289e-100,5.054679253737533e-07,1.115705705835766e-111,-9.895245034588825e+02
1.200000000000000e+03,35,1.233302346469725e+00,1.727089278036433e-103,3.148012506281559e-20,7.475634317843520e-142,-1.291263519509565e+03
1.200000000000000e+03,36,1.233302346469725e+00,2.817968014815589e-107,4.617501939386274e-07,2.624282566380124e-119,-1.065809894046574e+03
1.200000000000000e+03,37,1.233302346469725e+00,4.349639333675760e-111,1.195637336890081e-19,2.715892322371271e-148,-1.355660874526268e+03
1.200000000000000e+03,38,1.233302346469725e+00,6.360871805390279e-115,4.344174730262915e-07,5.243141470591915e-127,-1.142804084239822e+03
1.200000000000000e+03,39,1.233302346469725e+00,8.825562556246236e-119,1.227738117366044e-19,5.810509820993444e-156,-1.432357857604271e+03
1.200000000000000e+03,40,1.233302346469725e+00,1.163362712460026e-122,3.581533670675332e-07,6.517988346003545e-135,-1.221858864203776e+03
1.250000000000000e+03,0,1.284689944239297e+00,1.000000000000000e+00,5.347109680614231e-06,1.248816269151486e-10,2.096498547931276e+01
1.250000000000000e+03,1,1.284689944239297e+00,3.161856160513873e-01,7.826579961018977e-22,8.459535655519094e-43,-3.007265347476006e+02
1.250000000000000e+03,2,1.284689944239297e+00,2.339999557184018e-02,5.854491241117794e-06,3.503115522738597e-12,5.444544593447126e+00
1.250000000000000e+03,3,1.284689944239297e+00,7.265634501972835e-04,7.570542067176234e-22,1.818812221936235e-45,-3.274021213611327e+02
1.250000000000000e+03,4,1.284689944239297e+00,1.219636747903809e-05,1.616810918673362e-06,1.392545297373130e-16,-3.856190668987817e+01
1.250000000000000e+03,5,1.284689944239297e+00,1.273927408491212e-07,1.406592357399830e-21,1.100883978222601e-48,-3.595825844876010e+02
1.250000000000000e+03,6,1.284689944239297e+00,9.049967835559068e-10,4.364402153809745e-07,7.529340218270334e-22,-9.123243078529518e+01
1.250000000000000e+03,7,1.284689944239297e+00,4.648458018858617e-12,1.505148716468702e-21,4.599685109034396e-53,-4.033727189877272e+02
1.250000000000000e+03,8,1.284689944239297e+00,1.805072750992296e-14,4.408221428269140e-07,1.532081525992652e-26,-1.381471812416380e+02
1.250000000000000e+03,9,1.284689944239297e+00,5.481863079011443e-17,7.198429674318638e-22,1.240692277756819e-58,-4.590633592087360e+02
1.250000000000000e+03,10,1.284689944239297e+00,1.337130745824410e-19,2.128353342302302e-07,2.645584865780340e-32,-1.957747830249369e+02
1.250000000000000e+03,11,1.284689944239297e+00,2.676398333703453e-22,1.699488818711598e-21,3.376352151646342e-63,-5.047155226301177e+02
1.250000000000000e+03,12,1.284689944239297e+00,4.474305651505167e-25,2.273326023913552e-07,1.009972290318872e-37,-2.499569054139230e+02
1.250000000000000e+03,13,1.284689944239297e+00,6.340378266642240e-28,8.427375188010048e-22,1.966799956410244e-69,-5.670623981000705e+02
1.250000000000000e+03,14,1.284689944239297e+00,7.712006019175913e-31,1.456561924499389e-07,7.146372155461914e-44,-3.114591437116534e+02
1.250000000000000e+03,15,1.284689944239297e+00,8.138885114963706e-34,1.120226122432379e-21,4.461045703090782e-75,-6.235056332742001e+02
1.250000000000000e+03,16,1.284689944239297e+00,7.522728703880987e-37,1.206883960922817e-07,4.785934981183428e-50,-3.732003320574454e+02
1.250000000000000e+03,17,1.284689944239297e+00,6.139947100367789e-40,1.823343249805321e-21,8.915831651152267e-81,-6.804983814046836e+02
1.250000000000000e+03,18,1.284689944239297e+00,4.457423556142965e-43,1.198560903639083e-07,2.796819771451620e-56,-4.355333551889338e+02
1.250000000000000e+03,19,1.284689944239297e+00,2.896930896339104e-46,3.686813679039222e-22,1.719890821835738e-88,-7.576449912110363e+02
1.250000000000000e+03,20,1.284689944239297e+00,1.695273852245518e-49,9.012399934223324e-08,6.014245306500323e-63,-5.022081886205413e+02
1.250000000000000e+03,21,1.284689944239297e+00,8.979509398256935e-53,1.036897870765230e-21,4.216818782209557e-94,-8.137501506238981e+02
1.250000000000000e+03,22,1.284689944239297e+00,4.325398044597098e-56,9.696637546449008e-08,1.776350927511659e-69,-5.675047123291182e+02
1.250000000000000e+03,23,1.284689944239297e+00,1.902939765436184e-59,1.497897791663064e-21,1.864875165626213e-100,-8.772935023446881e+02
1.250000000000000e+03,24,1.284689944239297e+00,7.676322838917023e-63,6.853156086873135e-08,1.574689171517766e-76,-6.380280515896438e+02
1.250000000000000e+03,25,1.284689944239297e+00,2.849530542140293e-66,9.097723319978769e-22,1.030146826637656e-107,-9.498710087097052e+02
1.250000000000000e+03,26,1.284689944239297e+00,9.766156821055869e-70,7.064513483764135e-08,2.128867213269025e-83,-7.067185142655745e+02
1.250000000000000e+03,27,1.284689944239297e+00,3.099793245914903e-73,3.525757006318284e-21,1.683053207346391e-113,-1.007739021542014e+03
1.250000000000000e+03,28,1.284689944239297e+00,9.137573695984555e-77,6.316743827907165e-08,1.592493927373414e-90,-7.779792221507628e+02
1.250000000000000e+03,29,1.284689944239297e+00,2.508194416351403e-80,4.069147528334047e-21,1.813963027316167e-120,-1.077413715690930e+03
1.250000000000000e+03,30,1.284689944239297e+00,6.426702207110292e-84,5.037842614511609e-08,7.124226704264645e-98,-8.514726226904531e+02
1.250000000000000e+03,31,1.284689944239297e+00,1.540656077468996e-87,2.083457627203499e-21,2.921025908463458e-128,-1.155344645909714e+03
1.250000000000000e+03,32,1.284689944239297e+00,3.462930508418268e-91,5.011007915575982e-08,3.797994373398352e-105,-9.242044568299127e+02
1.250000000000000e+03,33,1.284689944239297e+00,7.312645170137756e-95,1.186074317423274e-21,4.493230185231489e-136,-1.233474413322160e+03
1.250000000000000e+03,34,1.284689944239297e+00,1.453507599613496e-98,3.733796088375611e-08,8.850725315591026e-113,-1.000530211374772e+03
1.250000000000000e+03,35,1.284689944239297e+00,2.724228848992681e-102,1.497824703155891e-21,2.669475434218700e-143,-1.305735740713719e+03
1.250000000000000e+03,36,1.284689944239297e+00,4.822595065893292e-106,4.060246076975549e-08,3.472528919211258e-120,-1.074593541287720e+03
1.250000000000000e+03,37,1.284689944239297e+00,8.076367979739914e-110,5.711130988763744e-21,1.150590286911386e-149,-1.369390792965356e+03
1.250000000000000e+03,38,1.284689944239297e+00,1.281443950253066e-113,3.212514651462163e-08,5.776306268737339e-128,-1.152383497878594e+03
1.250000000000000e+03,39,1.284689944239297e+00,1.929067167016396e-117,6.730211491709858e-21,3.816498850359445e-157,-1.444183348641045e+03
1.250000000000000e+03,40,1.284689944239297e+00,2.758949776860249e-121,2.815085734617886e-08,9.549649010356745e-136,-1.230200125902662e+03
1.300000000000000e+03,0,1.336077542008869e+00,1.000000000000000e+00,1.944830529700999e-04,1.652052672004550e-07,5.218023889713336e+01
1.300000000000000e+03,1,1.336077542008869e+00,3.271062328234258e-01,3.397119592966417e-20,1.648810918340766e-39,-2.678282914534369e+02
1.300000000000000e+03,2,1.336077542008869e+00,2.572658315879855e-02,2.310086727980308e-04,5.996516633987842e-09,3.777899042726004e+01
1.300000000000000e+03,3,1.336077542008869e+00,8.558698818541106e-04,7.996642645611530e-20,2.390471025591272e-41,-2.862151651593058e+02
1.300000000000000e+03,4,1.336077542008869e+00,1.544814213365604e-05,1.916948755611392e-05,2.479462967873659e-14,-1.605642373748441e+01
1.300000000000000e+03,5,1.336077542008869e+00,1.738248265101566e-07,4.569907600956490e-20,1.585575789440392e-45,-3.279981299416096e+02
1.300000000000000e+03,6,1.336077542008869e+00,1.331720271441964e-09,4.372079244718168e-06,1.111858251799359e-19,-6.953950576409798e+01
1.300000000000000e+03,7,1.336077542008869e+00,7.382081843611858e-12,5.898293720897300e-20,1.121739491960848e-49,-3.695010799008532e+02
1.300000000000000e+03,8,1.336077542008869e+00,3.095105253734184e-14,4.836128641482490e-06,3.161778737903240e-24,-1.150006852538101e+02
1.300000000000000e+03,9,1.336077542008869e+00,1.015234329921912e-16,1.952314478500711e-20,1.690153729018977e-55,-4.277207379205598e+02
1.300000000000000e+03,10,1.336077542008869e+00,2.675328536145687e-19,3.037781528755029e-06,1.078327197191762e-29,-1.696724944102871e+02
1.300000000000000e+03,11,1.336077542008869e+00,5.786295592545782e-22,7.997287487536658e-20,1.616390895134082e-59,-4.679145360453239e+02
1.300000000000000e+03,12,1.336077542008869e+00,1.045406626852615e-24,1.803926530337703e-06,1.485878515622960e-35,-2.282801669673381e+02
1.300000000000000e+03,13,1.336077542008869e+00,1.601158737380558e-27,2.765614457930875e-20,5.349066860543640e-66,-5.327172197361673e+02
1.300000000000000e+03,14,1.336077542008869e+00,2.105165830788750e-30,3.253068737512828e-06,9.730455152601787e-41,-2.801186684466071e+02
1.300000000000000e+03,15,1.336077542008869e+00,2.401686601829747e-33,2.944657991938567e-20,9.095915556538033e-72,-5.904115358014748e+02
1.300000000000000e+03,16,1.336077542008869e+00,2.399862402814019e-36,1.900092711922116e-06,3.784393511660890e-47,-3.442200371078576e+02
1.300000000000000e+03,17,1.336077542008869e+00,2.117667264258373e-39,5.880629560004062e-20,3.198642706378293e-77,-6.449503426861061e+02
1.300000000000000e+03,18,1.336077542008869e+00,1.662180797744538e-42,1.525272312361686e-06,1.689014575244835e-53,-4.077236660269596e+02
1.300000000000000e+03,19,1.336077542008869e+00,1.168019368600346e-45,1.329194155802955e-20,9.013371128334883e-85,-7.204511274635618e+02
1.300000000000000e+03,20,1.336077542008869e+00,7.390661641298830e-49,1.827041560548155e-06,1.077557703286470e-59,-4.696755946404621e+02
1.300000000000000e+03,21,1.336077542008869e+00,4.232916746753239e-52,4.577113999131084e-20,3.873321515415518e-90,-7.741191645174220e+02
1.300000000000000e+03,22,1.336077542008869e+00,2.204790926159638e-55,1.234514796002461e-06,1.467642821496226e-66,-5.383337962529698e+02
1.300000000000000e+03,23,1.336077542008869e+00,1.048889753658069e-58,5.738335650852481e-20,1.508558309161246e-96,-8.382143789870904e+02
1.300000000000000e+03,24,1.336077542008869e+00,4.575406198579486e-62,1.492140052578856e-06,4.449479346270087e-73,-6.035169080481028e+02
1.300000000000000e+03,25,1.336077542008869e+00,1.836659249568393e-65,1.315630595240934e-20,1.388535163242926e-104,-9.185744311770775e+02
1.300000000000000e+03,26,1.336077542008869e+00,6.807133200778973e-69,8.776635813061408e-07,2.290238795579177e-80,-6.764011923285857e+02
1.300000000000000e+03,27,1.336077542008869e+00,2.336492085385013e-72,1.214281629328928e-19,1.504747140034067e-109,-9.682253647343504e+02
1.300000000000000e+03,28,1.336077542008869e+00,7.448325926768210e-76,1.053574604238991e-06,3.611184043231494e-87,-7.444235037728265e+02
1.300000000000000e+03,29,1.336077542008869e+00,2.211005488094171e-79,1.573927906988295e-19,2.392323217754012e-116,-1.036211801448324e+03
1.300000000000000e+03,30,1.336077542008869e+00,6.126632773518191e-83,1.044923492291601e-06,2.921804806467530e-94,-8.153434880082664e+02
1.300000000000000e+03,31,1.336077542008869e+00,1.588357429742350e-86,7.856116429570526e-20,4.281780738063469e-124,-1.113683755758756e+03
1.300000000000000e+03,32,1.336077542008869e+00,3.860989755623062e-90,7.812806264493571e-07,1.029373829275312e-101,-8.898742687741652e+02
1.300000000000000e+03,33,1.336077542008869e+00,8.817487987284653e-94,4.183658990232950e-20,6.740898619703784e-132,-1.191712822044195e+03
1.300000000000000e+03,34,1.336077542008869e+00,1.895422730156659e-97,8.985451623067649e-07,6.684151240864883e-109,-9.617495373197883e+02
1.300000000000000e+03,35,1.336077542008869e+00,3.841965194743235e-101,5.463526660996156e-20,5.009102544472984e-139,-1.263002400775054e+03
1.300000000000000e+03,36,1.336077542008869e+00,7.355532895408638e-105,6.313717723954599e-07,1.280692386702352e-116,-1.038925551722075e+03
1.300000000000000e+03,37,1.336077542008869e+00,1.332217710376570e-108,2.295931982792100e-19,3.067281262307899e-145,-1.325132463984330e+03
1.300000000000000e+03,38,1.336077542008869e+00,2.286054402999535e-112,7.860728821670055e-07,6.169820837815690e-124,-1.112097274470329e+03
1.300000000000000e+03,39,1.336077542008869e+00,3.721894549364901e-116,2.088112314811350e-19,7.088137547715145e-153,-1.401494678634074e+03
1.300000000000000e+03,40,1.336077542008869e+00,5.756944800964751e-120,5.822517395110158e-07,8.524600155700194e-132,-1.190693259823349e+03
1.350000000000000e+03,0,1.387465139778441e+00,1.000000000000000e+00,9.898993575196946e-06,4.279986978360660e-10,2.631442447696650e+01
1.350000000000000e+03,1,1.387465139778441e+00,3.377303440512358e-01,7.576324197452569e-22,8.467350663243515e-43,-3.007225245416975e+02
1.350000000000000e+03,2,1.387465139778441e+00,2.814420480722236e-02,1.151446835705860e-05,1.629810557479889e-11,1.212137126721428e+01
1.350000000000000e+03,3,1.387465139778441e+00,1.000116076286734e-03,2.198147462592082e-21,2.110689835338560e-44,-3.167557558132887e+02
1.350000000000000e+03,4,1.387465139778441e+00,1.935088614436310e-05,1.612384532998144e-06,2.197346101569794e-16,-3.658101532445108e+01
1.350000000000000e+03,5,1.387465139778441e+00,2.338489223521723e-07,2.560395387577390e-21,6.695913091275560e-48,-3.517419019184640e+02
1.350000000000000e+03,6,1.387465139778441e+00,1.926280944390902e-09,6.645143941287928e-07,3.715256278173905e-21,-8.430011223260624e+01
1.350000000000000e+03,7,1.387465139778441e+00,1.148891269208350e-11,1.272890941666084e-21,8.130582929750911e-53,-4.008987831614043e+02
1.350000000000000e+03,8,1.387465139778441e+00,5.185371632015096e-14,4.861260603951844e-07,5.352270538110126e-26,-1.327146194265449e+02
1.350000000000000e+03,9,1.387465139778441e+00,1.831576305916304e-16,1.825503467669250e-21,2.665942045502737e-57,-4.457414929587937e+02
1.350000000000000e+03,10,1.387465139778441e+00,5.198767495783358e-19,2.279043685202761e-07,1.179413399878124e-31,-1.892833394230345e+02
1.350000000000000e+03,11,1.387465139778441e+00,1.211356483184263e-21,4.033776429205721e-21,8.609064839784750e-62,-4.906504402125001e+02
1.350000000000000e+03,12,1.387465139778441e+00,2.358139290931076e-24,2.512263562807916e-07,6.500701379095268e-37,-2.418703978356671e+02
1.350000000000000e+03,13,1.387465139778441e+00,3.892088372383561e-27,2.218571805450732e-21,8.367390440230198e-68,-5.507740996543747e+02
1.350000000000000e+03,14,1.387465139778441e+00,5.514929298639376e-30,1.916428611233016e-07,8.846787672932392e-43,-3.005321439587541e+02
1.350000000000000e+03,15,1.387465139778441e+00,6.781237915416162e-33,2.097636092838776e-21,1.303255716824457e-73,-6.088497036133294e+02
1.350000000000000e+03,16,1.387465139778441e+00,7.303749245243144e-36,1.483799935402210e-07,7.023553793722572e-49,-3.615344308694813e+02
1.350000000000000e+03,17,1.387465139778441e+00,6.947161696907465e-39,2.373228316726929e-21,1.709018694605638e-79,-6.676725318659485e+02
1.350000000000000e+03,18,1.387465139778441e+00,5.878111381467991e-42,1.207985225993036e-07,3.746462755502431e-55,-4.242637858047151e+02
1.350000000000000e+03,19,1.387465139778441e+00,4.452831420860094e-45,2.607810692837265e-22,1.322661584248846e-87,-7.487855126004064e+02
1.350000000000000e+03,20,1.387465139778441e+00,3.037460383045685e-48,1.230812680203816e-07,2.009809565287741e-61,-4.869684509116798e+02
1.350000000000000e+03,21,1.387465139778441e+00,1.875515339030184e-51,2.394893445329348e-21,4.698436633877811e-92,-7.932804662594235e+02
1.350000000000000e+03,22,1.387465139778441e+00,1.053204705450219e-54,1.103275007515801e-07,5.599389958466765e-68,-5.525185928586939e+02
1.350000000000000e+03,23,1.387465139778441e+00,5.401933788240877e-58,2.610068251002665e-21,1.607360706867214e-98,-8.579388665253130e+02
1.350000000000000e+03,24,1.387465139778441e+00,2.540572119217685e-61,8.759626012059167e-08,8.514575873169245e-75,-6.206983698017698e+02
1.350000000000000e+03,25,1.387465139778441e+00,1.099563672010196e-64,3.308722450212111e-22,5.257768041608987e-107,-9.427919857769550e+02
1.350000000000000e+03,26,1.387465139778441e+00,4.393924677164828e-68,7.939199264190305e-08,1.209668510287671e-81,-6.891733362462287e+02
1.350000000000000e+03,27,1.387465139778441e+00,1.626129698485121e-71,5.842870342315783e-21,2.424756000049096e-111,-9.861533195733545e+02
1.350000000000000e+03,28,1.387465139778441e+00,5.589299519395629e-75,7.450583908417431e-08,1.355184314653806e-88,-7.586800163365057e+02
1.350000000000000e+03,29,1.387465139778441e+00,1.788962276543571e-78,6.962357153088043e-21,3.787687506115844e-118,-1.054216258585937e+03
1.350000000000000e+03,30,1.387465139778441e+00,5.345030791538780e-82,7.085252196601943e-08,1.171982700457257e-95,-8.293107879885667e+02
1.350000000000000e+03,31,1.387465139778441e+00,1.494161510627455e-85,4.176944640532854e-21,1.138610924808210e-125,-1.129436246535113e+03
1.350000000000000e+03,32,1.387465139778441e+00,3.916268774681114e-89,5.750140419071769e-08,5.655744131225067e-103,-9.024751024647259e+02
1.350000000000000e+03,33,1.387465139778441e+00,9.643762994602468e-93,2.414415376771619e-21,2.455448717453546e-133,-1.206098691317663e+03
1.350000000000000e+03,34,1.387465139778441e+00,2.235314042782881e-96,5.229601677036334e-08,2.670152905764465e-110,-9.757346386813790e+02
1.350000000000000e+03,35,1.387465139778441e+00,4.885617354280921e-100,3.052414370509959e-21,1.988230774234340e-140,-1.277015332083895e+03
1.350000000000000e+03,36,1.387465139778441e+00,1.008593714767614e-103,4.991647703067636e-08,1.097651495009585e-117,-1.049595355267522e+03
1.350000000000000e+03,37,1.387465139778441e+00,1.969771015366963e-107,1.125024799258870e-20,1.088930838638038e-146,-1.339629997027527e+03
1.350000000000000e+03,38,1.387465139778441e+00,3.644749461254110e-111,4.518315742829330e-08,3.249983800295405e-125,-1.124881188037780e+03
1.350000000000000e+03,39,1.387465139778441e+00,6.398641186685032e-115,1.113777116636692e-20,3.466927034946823e-154,-1.414600552984225e+03
1.350000000000000e+03,40,1.387465139778441e+00,1.067235300865296e-118,3.790512115638310e-08,6.697555530605972e-133,-1.201740836768932e+03
1.400000000000000e+03,0,1.438852737548013e+00,1.000000000000000e+00,1.763935106764814e-04,1.359019131987841e-07,5.133225570682650e+01
1.400000000000000e+03,1,1.438852737548013e+00,3.480659497508328e-01,2.931838481916351e-20,1.306778511391412e-39,-2.688379801565732e+02
1.400000000000000e+03,2,1.438852737548013e+00,3.064863070221079e-02,1.980012096317706e-04,5.248160715491660e-09,3.720007126059383e+01
1.400000000000000e+03,3,1.438852737548013e+00,1.160041860812907e-03,3.317667731642000e-20,5.576989177852014e-42,-2.925360019825610e+02
1.400000000000000e+03,4,1.438852737548013e+00,2.399232740298856e-05,4.570433982960716e-05,2.189009380316757e-13,-6.597523773945728e+00
1.400000000000000e+03,5,1.438852737548013e+00,3.105121149035010e-07,2.052444248089261e-20,5.713229237117702e-46,-3.324311834999548e+02
1.400000000000000e+03,6,1.438852737548013e+00,2.742361056812117e-09,1.175875865270936e-05,1.656181576474618e-18,-5.780892050801134e+01
1.400000000000000e+03,7,1.438852737548013e+00,1.754935454002888e-11,4.458001271919994e-20,1.523357681809442e-49,-3.681719811308025e+02
1.400000000000000e+03,8,1.438852737548013e+00,8.502647846618616e-14,1.270174277991462e-05,5.991577519695469e-23,-1.022245881736027e+02
1.400000000000000e+03,9,1.438852737548013e+00,3.225108842533551e-16,3.076858839969965e-20,1.333582486002482e-54,-4.187498011675115e+02
1.400000000000000e+03,10,1.438852737548013e+00,9.832808223118916e-19,5.695971309505224e-06,1.393392658522999e-28,-1.585592648199676e+02
1.400000000000000e+03,11,1.438852737548013e+00,2.461458199967919e-21,5.120522592267339e-20,2.818911239678884e-59,-4.654991859873803e+02
1.400000000000000e+03,12,1.438852737548013e+00,5.148724552037193e-24,6.212081331467843e-06,8.678292573739293e-34,-2.106156571246693e+02
1.400000000000000e+03,13,1.438852737548013e+00,9.132194864558355e-27,2.624521028179794e-20,2.747487001663194e-65,-5.256106435354299e+02
1.400000000000000e+03,14,1.438852737548013e+00,1.390711464913511e-29,3.849614101595986e-06,9.001850394971735e-40,-2.704566820903564e+02
1.400000000000000e+03,15,1.438852737548013e+00,1.837999009315406e-32,2.082672133229920e-20,3.482149782281635e-71,-5.845815255193800e+02
1.400000000000000e+03,16,1.438852737548013e+00,2.127893990356581e-35,3.195280280429985e-06,9.489170921180474e-46,-3.302277173067972e+02
1.400000000000000e+03,17,1.438852737548013e+00,2.175721754099179e-38,4.087756782377346e-20,1.587938990583300e-76,-6.379916618740137e+02
1.400000000000000e+03,18,1.438852737548013e+00,1.979000198121112e-41,3.209459868210877e-06,8.903691413692883e-52,-3.905042990029652e+02
1.400000000000000e+03,19,1.438852737548013e+00,1.611660820162559e-44,9.310140590199263e-21,6.101638723446916e-84,-7.121455351040361e+02
1.400000000000000e+03,20,1.438852737548013e+00,1.181931347074179e-47,2.381434765454105e-06,2.927723056171718e-58,-4.553347000714400e+02
1.400000000000000e+03,21,1.438852737548013e+00,7.846199741178398e-51,3.447174346834585e-20,4.072360544217594e-89,-7.639015377894425e+02
1.400000000000000e+03,22,1.438852737548013e+00,4.737179782082149e-54,2.600451058264639e-06,1.399192920671679e-64,-5.185412240087144e+02
1.400000000000000e+03,23,1.438852737548013e+00,2.612368972016156e-57,4.810455521099254e-20,2.640385180597027e-95,-8.257833271343105e+02
1.400000000000000e+03,24,1.438852737548013e+00,1.321002550671569e-60,1.801934560136042e-06,1.873449750190714e-71,-5.872735795109303e+02
1.400000000000000e+03,25,1.438852737548013e+00,6.147337789507358e-64,2.434759335844039e-20,1.591693784060625e-102,-8.979814047974173e+02
1.400000000000000e+03,26,1.438852737548013e+00,2.641318204629529e-67,1.887141044189545e-06,4.108561652651779e-78,-6.538631019166332e+02
1.400000000000000e+03,27,1.438852737548013e+00,1.051068092381828e-70,1.147872239388076e-19,6.048926687382215e-108,-9.521832167908304e+02
1.400000000000000e+03,28,1.438852737548013e+00,3.884598285799240e-74,1.677818167418684e-06,4.776351308572920e-85,-7.232090373762333e+02
1.400000000000000e+03,29,1.438852737548013e+00,1.336927748148373e-77,1.319857001484342e-19,1.017236796042729e-114,-1.019925779386759e+03
1.400000000000000e+03,30,1.438852737548013e+00,4.295161306525348e-81,1.325175343576902e-06,3.294477417700109e-92,-7.948221346501791e+02
1.400000000000000e+03,31,1.438852737548013e+00,1.291080728039803e-84,7.321937212532057e-20,3.023192226053648e-122,-1.095195342378502e+03
1.400000000000000e+03,32,1.438852737548013e+00,3.638803786364345e-88,1.331841961304686e-06,2.819190273546919e-99,-8.654987561161942e+02
1.400000000000000e+03,33,1.438852737548013e+00,9.635324729036869e-92,3.731994868246368e-20,5.861500340042031e-130,-1.172319912054833e+03
1.400000000000000e+03,34,1.438852737548013e+00,2.401569452714896e-95,9.868948899528731e-07,1.021638649365580e-106,-9.399070268574395e+02
1.400000000000000e+03,35,1.438852737548013e+00,5.644372586845145e-99,4.888818528798556e-20,5.892286702972600e-137,-1.242297161297028e+03
1.400000000000000e+03,36,1.438852737548013e+00,1.253010517789482e-102,1.078722481994429e-06,6.368461675200691e-114,-1.011959654603891e+03
1.400000000000000e+03,37,1.438852737548013e+00,2.631472567900587e-106,2.012559016793296e-19,4.655394178108636e-143,-1.303320435408631e+03
1.400000000000000e+03,38,1.438852737548013e+00,5.235976121374259e-110,8.452561422301849e-07,1.633934680767901e-121,-1.087867653090944e+03
1.400000000000000e+03,39,1.438852737548013e+00,9.884772269223125e-114,2.174273520235451e-19,2.041058181539392e-150,-1.376901446152931e+03
1.400000000000000e+03,40,1.438852737548013e+00,1.772923267861926e-117,7.391045117636256e-07,4.230210797481943e-129,-1.163736379905677e+03
1.450000000000000e+03,0,1.490240335317585e+00,1.000000000000000e+00,1.830719000767823e-05,1.463874147334481e-09,3.165503741020460e+01
1.450000000000000e+03,1,1.490240335317585e+00,3.581212580078292e-01,6.032221181739821e-21,5.691739027148629e-41,-2.824475502103814e+02
1.450000000000000e+03,2,1.490240335317585e+00,3.323563058851943e-02,2.142086582771581e-05,6.660983042432609e-11,1.823538328028977e+01
1.450000000000000e+03,3,1.490240335317585e+00,1.336350446801534e-03,3.052478927771460e-21,5.438586937323087e-44,-3.126451392475782e+02
1.450000000000000e+03,4,1.490240335317585e+00,2.946589676138675e-05,2.446732539564582e-06,7.704651891713080e-16,-3.113246978609854e+01
1.450000000000000e+03,5,1.490240335317585e+00,4.073383954709803e-07,4.727139700911399e-21,3.975690661131685e-47,-3.440058741436274e+02
1.450000000000000e+03,6,1.490240335317585e+00,3.847040274253021e-09,2.335321364029427e-07,9.163901249615799e-22,-9.037919599423498e+01
1.450000000000000e+03,7,1.490240335317585e+00,2.634563181834362e-11,5.826614201876197e-21,3.906623042139211e-51,-3.840819849269561e+02
1.450000000000000e+03,8,1.490240335317585e+00,1.366676258510082e-13,7.122840466912887e-07,3.028533958901814e-25,-1.251876755223645e+02
1.450000000000000e+03,9,1.490240335317585e+00,5.552336320888339e-16,3.279289492792103e-21,2.607928273006017e-56,-4.358370435736729e+02
1.450000000000000e+03,10,1.490240335317585e+00,1.813610517142295e-18,5.804027697389132e-08,2.668476245260842e-32,-1.957373665892675e+02
1.450000000000000e+03,11,1.490240335317585e+00,4.864983991862408e-21,6.914656807468523e-21,1.015975039031285e-60,-4.799311696187901e+02
1.450000000000000e+03,12,1.490240335317585e+00,1.090634042607892e-23,1.777839558277703e-07,1.505651784111251e-36,-2.382227545690365e+02
1.450000000000000e+03,13,1.490240335317585e+00,2.073475250683645e-26,3.123686342993122e-21,8.836780275668885e-67,-5.405370594349594e+02
1.450000000000000e+03,14,1.490240335317585e+00,3.384920109568131e-29,8.628369786056084e-08,1.100693203170752e-42,-2.995833371530376e+02
1.450000000000000e+03,15,1.490240335317585e+00,4.796007582561564e-32,3.616226269384596e-21,2.739374554789885e-72,-5.956234858258460e+02
1.450000000000000e+03,16,1.490240335317585e+00,5.953017736225389e-35,3.743139464616970e-08,3.643087118112952e-49,-3.643853044323424e+02
1.450000000000000e+03,17,1.490240335317585e+00,6.526311014353570e-38,4.669497200437554e-21,6.215389762333225e-78,-6.520653163189394e+02
1.450000000000000e+03,18,1.490240335317585e+00,6.365145013622292e-41,4.369495687123852e-08,5.308004658762820e-55,-4.227506870463313e+02
1.450000000000000e+03,19,1.490240335317585e+00,5.558427435870328e-44,9.718411212512705e-22,2.292993617848720e-85,-7.263959715405199e+02
1.450000000000000e+03,20,1.490240335317585e+00,4.371209902474520e-47,5.140160656066251e-08,5.044468456170562e-61,-4.829718458933073e+02
1.450000000000000e+03,21,1.490240335317585e+00,3.111810466515599e-50,3.244897018541062e-21,1.431117646786703e-90,-7.784432466306055e+02
1.450000000000000e+03,22,1.490240335317585e+00,2.014788978282677e-53,4.125561024192138e-08,1.497807359932408e-67,-5.482454403970613e+02
1.450000000000000e+03,23,1.490240335317585e+00,1.191544526788463e-56,5.369794564293852e-21,1.500672696301401e-96,-8.382371401907615e+02
1.450000000000000e+03,24,1.490240335317585e+00,6.461813495048519e-60,3.920894036196682e-08,4.338953469807038e-74,-6.136261500714536e+02
1.450000000000000e+03,25,1.490240335317585e+00,3.224933576127625e-63,1.787494240821106e-21,4.500600242717014e-104,-9.134672956073232e+02
1.450000000000000e+03,26,1.490240335317585e+00,1.486087624907057e-66,2.624704635665655e-08,4.471627900094214e-81,-6.834953434279143e+02
1.450000000000000e+03,27,1.490240335317585e+00,6.342359590013365e-70,1.123978032493249e-20,3.499668196848656e-109,-9.645597312910932e+02
1.450000000000000e+03,28,1.490240335317585e+00,2.514016450278770e-73,1.995132124110724e-08,4.370909362224461e-88,-7.535942819920558e+02
1.450000000000000e+03,29,1.490240335317585e+00,9.279766463949415e-77,1.440513033066274e-20,8.410693243972389e-116,-1.030751682063871e+03
1.450000000000000e+03,30,1.490240335317585e+00,3.197571952077721e-80,2.558283732418390e-08,9.140671622471010e-95,-8.203902189275447e+02
1.450000000000000e+03,31,1.490240335317585e+00,1.030884914751289e-83,7.808181195761542e-21,2.745176758555609e-123,-1.105614296866260e+03
1.450000000000000e+03,32,1.490240335317585e+00,3.116270779397000e-87,1.622496609441653e-08,3.583134793890261e-102,-8.944573685380943e+02
1.450000000000000e+03,33,1.490240335317585e+00,8.850466454986483e-91,4.077463136557066e-21,6.426974992051385e-131,-1.181919933899659e+03
1.450000000000000e+03,34,1.490240335317585e+00,2.366036318789277e-94,2.922695355746892e-08,8.827726484373384e-109,-9.605415113135175e+02
1.450000000000000e+03,35,1.490240335317585e+00,5.964462530632869e-98,5.673740298224960e-21,8.386303662117158e-138,-1.250764294161521e+03
1.450000000000000e+03,36,1.490240335317585e+00,1.420176887121002e-101,1.188572499222953e-08,8.763027170974016e-117,-1.040573458417148e+03
1.450000000000000e+03,37,1.490240335317585e+00,3.199050840507509e-105,2.128764450168938e-20,6.331939010039457e-144,-1.311984632769636e+03
1.450000000000000e+03,38,1.490240335317585e+00,6.827423182034403e-109,2.369889753241080e-08,1.674840567694641e-123,-1.107760265282486e+03
1.450000000000000e+03,39,1.490240335317585e+00,1.382499019192665e-112,2.067355875554737e-20,2.580807904590422e-151,-1.385882443197805e+03
1.450000000000000e+03,40,1.490240335317585e+00,2.659678093752378e-116,1.355443875025725e-08,2.134285520579453e-131,-1.186707474819511e+03
1.500000000000000e+03,0,1.541627933087157e+00,1.000000000000000e+00,1.387522189338389e-04,8.408920317842073e-08,4.924740237164756e+01
1.500000000000000e+03,1,1.541627933087157e+00,3.679045779290196e-01,2.203201733936583e-20,7.800170292209043e-40,-2.710789591575062e+02
1.500000000000000e+03,2,1.541627933087157e+00,3.590100001936352e-02,1.588873853842180e-04,3.958637604015200e-09,3.597545745808716e+01
1.500000000000000e+03,3,1.541627933087157e+00,1.529706495293432e-03,2.984589432069342e-20,5.951653889647144e-42,-2.922536233253391e+02
1.500000000000000e+03,4,1.541627933087157e+00,3.587051867473370e-05,2.569093197065941e-05,1.034088569640068e-13,-9.854422623459227e+00
1.500000000000000e+03,5,1.541627933087157e+00,5.283689838323346e-07,3.285802824299650e-20,2.491613503725566e-45,-3.260351932405829e+02
1.500000000000000e+03,6,1.541627933087157e+00,5.323210226402638e-09,8.216963685151605e-06,1.569844790087048e-18,-5.804143283986221e+01
1.500000000000000e+03,7,1.541627933087157e+00,3.891749619825671e-11,2.403829101140473e-20,9.822282745171339e-50,-3.700778756838195e+02
1.500000000000000e+03,8,1.541627933087157e+00,2.156321387144948e-13,7.832988590518892e-06,5.778682602497889e-23,-1.023817115875550e+02
1.500000000000000e+03,9,1.541627933087157e+00,9.360390503731003e-16,1.895036576550379e-20,1.468214550918652e-54,-4.183321047611502e+02
1.500000000000000e+03,10,1.541627933087157e+00,3.267758992949172e-18,2.778288055711448e-06,1.101703997115463e-28,-1.595793507489203e+02
1.500000000000000e+03,11,1.541627933087157e+00,9.370537004964135e-21,4.268123713790712e-20,7.455878829265107e-59,-4.612750115862204e+02
1.500000000000000e+03,12,1.541627933087157e+00,2.245994301506399e-23,3.604455050723371e-06,1.274524654900290e-33,-2.089465175895220e+02
1.500000000000000e+03,13,1.541627933087157e+00,4.565938956798282e-26,2.258975096738619e-20,1.017684946173408e-64,-5.199238664961758e+02
1.500000000000000e+03,14,1.541627933087157e+00,7.971237809081251e-29,2.150933434069000e-06,1.610794245009865e-39,-2.679295993069418e+02
1.500000000000000e+03,15,1.541627933087157e+00,1.207924194827785e-31,2.371148614174701e-20,2.966317217882294e-70,-5.752778240738410e+02
1.500000000000000e+03,16,1.541627933087157e+00,1.603650116749309e-34,1.866593515318902e-06,2.440447608174591e-45,-3.261253051139402e+02
1.500000000000000e+03,17,1.541627933087157e+00,1.880520612384424e-37,3.392959084910328e-20,9.455744008452049e-76,-6.302430429378321e+02
1.500000000000000e+03,18,1.541627933087157e+00,1.961904674045120e-40,1.647218021785204e-06,2.325093569680522e-51,-3.863355956493393e+02
1.500000000000000e+03,19,1.541627933087157e+00,1.832732415500575e-43,5.117369021411509e-21,2.096297400132772e-83,-7.067854710428645e+02
1.500000000000000e+03,20,1.541627933087157e+00,1.541849599396723e-46,1.361388484096050e-06,1.248149250969361e-57,-4.490373347956000e+02
1.500000000000000e+03,21,1.541627933087157e+00,1.174249363323395e-49,3.020525457851004e-20,4.679351799244302e-88,-7.532981430280372e+02
1.500000000000000e+03,22,1.541627933087157e+00,8.133837403502426e-53,1.477585844662102e-06,7.756419566892448e-64,-5.111033870672873e+02
1.500000000000000e+03,23,1.541627933087157e+00,5.146421410553118e-56,3.611968010741283e-20,2.932604514599452e-94,-8.153274650118857e+02
1.500000000000000e+03,24,1.541627933087157e+00,2.985986474992705e-59,9.947301586272776e-07,1.290502260789828e-70,-5.788924123029277e+02
1.500000000000000e+03,25,1.541627933087157e+00,1.594412527067974e-62,9.193819846400786e-21,5.886444311690952e-102,-8.923014696023963e+02
1.500000000000000e+03,26,1.541627933087157e+00,7.861005812042084e-66,1.046716832733002e-06,3.761810349406703e-77,-6.442460310306590e+02
1.500000000000000e+03,27,1.541627933087157e+00,3.589589953472491e-69,9.074155484877161e-20,1.290974420355880e-106,-9.388908236285237e+02
1.500000000000000e+03,28,1.541627933087157e+00,1.522398046094918e-72,9.002450012860666e-07,5.389022762316215e-84,-7.126848998201401e+02
1.500000000000000e+03,29,1.541627933087157e+00,6.012686237270809e-76,9.871205094378826e-20,2.558993926258415e-113,-1.005919307449044e+03
1.500000000000000e+03,30,1.541627933087157e+00,2.216807486638805e-79,7.963628095452547e-07,6.140592567931226e-91,-7.821178971736613e+02
1.500000000000000e+03,31,1.541627933087157e+00,7.647127384265570e-83,5.729469244639783e-20,1.096446568218870e-120,-1.079600125274093e+03
1.500000000000000e+03,32,1.541627933087157e+00,2.473476303161180e-86,7.367485926445758e-07,5.864172632417806e-98,-8.523179325320273e+02
1.500000000000000e+03,33,1.541627933087157e+00,7.516691927796010e-90,2.800337553602417e-20,2.574588843268344e-128,-1.155892921170527e+03
1.500000000000000e+03,34,1.541627933087157e+00,2.150172560042158e-93,5.572333516804215e-07,2.916136724410670e-105,-9.253519211778031e+02
1.500000000000000e+03,35,1.541627933087157e+00,5.799860713821600e-97,4.001950562486255e-20,4.057152810977019e-135,-1.223917786344662e+03
1.500000000000000e+03,36,1.541627933087157e+00,1.477698429883304e-100,6.122672435934494e-07,2.419514478279596e-112,-9.961627177474646e+02
1.500000000000000e+03,37,1.541627933087157e+00,3.561756294885750e-104,1.526399435311998e-19,3.624607267146390e-141,-1.284407390431485e+03
1.500000000000000e+03,38,1.541627933087157e+00,8.133958228606311e-108,4.893885889776140e-07,8.508832572938010e-120,-1.070701300218086e+03
1.500000000000000e+03,39,1.541627933087157e+00,1.762439422818310e-111,1.601373975837576e-19,1.974058845215234e-148,-1.357046399054803e+03
1.500000000000000e+03,40,1.541627933087157e+00,3.628145793989362e-115,4.338682387002886e-07,2.983051911030521e-127,-1.145253391889853e+03
1.550000000000000e+03,0,1.593015530856728e+00,1.000000000000000e+00,4.927964603685146e-06,1.060707213675757e-10,2.025595522419056e+01
1.550000000000000e+03,1,1.593015530856728e+00,3.774242353476275e-01,1.151333496184165e-21,2.185206213179991e-42,-2.966050757332955e+02
1.550000000000000e+03,2,1.593015530856728e+00,3.864058224353908e-02,5.597654610013877e-06,5.288301658284193e-12,7.233162204548234e+00
1.550000000000000e+03,3,1.593015530856728e+00,1.740734656259428e-03,1.149352503928960e-21,1.004383180349804e-44,-3.199810056870148e+02
1.550000000000000e+03,4,1.593015530856728e+00,4.331036830562713e-05,1.037302368873934e-06,2.035461907614231e-16,-3.691337020755837e+01
1.550000000000000e+03,5,1.593015530856728e+00,6.782020702642804e-07,4.071880059685973e-22,4.911446618899604e-49,-3.630879057181335e+02
1.550000000000000e+03,6,1.593015530856728e+00,7.272247660512475e-09,2.352186364471889e-07,1.757407516895677e-21,-8.755127520338688e+01
1.550000000000000e+03,7,1.593015530856728e+00,5.662937708926128e-11,9.554419479999037e-22,2.257931471819659e-52,-3.964628924304091e+02
1.550000000000000e+03,8,1.593015530856728e+00,3.343780780608743e-13,3.053917354960786e-07,1.362111689977935e-25,-1.286578727982973e+02
1.550000000000000e+03,9,1.593015530856728e+00,1.547416473570613e-15,6.353522538905644e-22,2.728328933913587e-57,-4.456410327126929e+02
1.550000000000000e+03,10,1.593015530856728e+00,5.760654709144960e-18,9.551212501206411e-08,2.295351615634275e-31,-1.863915077721473e+02
1.550000000000000e+03,11,1.593015530856728e+00,1.761919088089561e-20,1.980664933721905e-21,3.019036398686974e-61,-4.852013165092072e+02
1.550000000000000e+03,12,1.593015530856728e+00,4.505061491447885e-23,1.299542074854996e-07,3.323087496198835e-36,-2.347845822368786e+02
1.550000000000000e+03,13,1.593015530856728e+00,9.771226850326979e-26,9.773733138078183e-22,4.076903320644708e-67,-5.438966958724992e+02
1.550000000000000e+03,14,1.593015530856728e+00,1.820191813392666e-28,6.246232475498294e-08,3.101800114300524e-42,-2.950838619235520e+02
1.550000000000000e+03,15,1.593015530856728e+00,2.943341858405275e-31,1.098097139852165e-21,1.550181645412980e-72,-5.980961740958555e+02
1.550000000000000e+03,16,1.593015530856728e+00,4.170145060350901e-34,5.972523296775249e-08,6.497214879332811e-48,-3.518727276977991e+02
1.550000000000000e+03,17,1.593015530856728e+00,5.218984976827629e-37,1.534562500942160e-21,5.368037888859432e-78,-6.527018442747682e+02
1.550000000000000e+03,18,1.593015530856728e+00,5.811311807690435e-40,6.077827429702802e-08,9.376295173358392e-54,-4.102796872916911e+02
1.550000000000000e+03,19,1.593015530856728e+00,5.794318842048622e-43,4.141590155348059e-22,4.341072025290278e-85,-7.236240300846523e+02
1.550000000000000e+03,20,1.593015530856728e+00,5.203175938967789e-46,3.790021226077917e-08,3.264466067658222e-60,-4.748618784128999e+02
1.550000000000000e+03,21,1.593015530856728e+00,4.229840389970122e-49,9.187768788039193e-22,1.559568511383399e-90,-7.780699554205964e+02
1.550000000000000e+03,22,1.593015530856728e+00,3.127580365078531e-52,5.065199941254755e-08,3.504790211522742e-66,-5.345533797276288e+02
1.550000000000000e+03,23,1.593015530856728e+00,2.112410849802808e-55,1.469132383305296e-21,1.991409689504972e-96,-8.370083938407714e+02
1.550000000000000e+03,24,1.593015530856728e+00,1.308369419724514e-58,2.915204457465808e-08,4.856560312623194e-73,-6.031367121348089e+02
1.550000000000000e+03,25,1.593015530856728e+00,7.457978638829602e-62,6.097033772574725e-22,1.210929053926748e-103,-9.091688130061475e+02
1.550000000000000e+03,26,1.593015530856728e+00,3.925399971879403e-65,3.584447458373727e-08,2.202869224162944e-79,-6.665701128446984e+02
1.550000000000000e+03,27,1.593015530856728e+00,1.913562653094163e-68,3.000622726781900e-21,7.525334999106781e-109,-9.612347416217596e+02
1.550000000000000e+03,28,1.593015530856728e+00,8.664113231086350e-72,2.909235382206934e-08,3.202891331365144e-86,-7.349445779595657e+02
1.550000000000000e+03,29,1.593015530856728e+00,3.653153476941364e-75,3.984581127685596e-21,2.533340863762973e-115,-1.025963063714839e+03
1.550000000000000e+03,30,1.593015530856728e+00,1.437923347908272e-78,2.188303986844835e-08,3.007539927335434e-93,-8.052178859836672e+02
1.550000000000000e+03,31,1.593015530856728e+00,5.295645587536029e-82,1.904467991708637e-21,8.389317499053550e-123,-1.100762733691417e+03
1.550000000000000e+03,32,1.593015530856728e+00,1.828711631848253e-85,2.474205048271996e-08,4.889640926162316e-100,-8.731072303239215e+02
1.550000000000000e+03,33,1.593015530856728e+00,5.933142956170881e-89,1.055166062988702e-21,2.885272290181648e-130,-1.175398131951449e+03
1.550000000000000e+03,34,1.593015530856728e+00,1.811988158523468e-92,1.480608941224990e-08,1.734987912933765e-107,-9.476070354644339e+02
1.550000000000000e+03,35,1.593015530856728e+00,5.218271779575673e-96,1.414152774950272e-21,4.558056638963361e-137,-1.243412202825263e+03
1.550000000000000e+03,36,1.593015530856728e+00,1.419465679364940e-99,1.951408603739063e-08,2.360922277824240e-114,-1.016269183097733e+03
1.550000000000000e+03,37,1.593015530856728e+00,3.652883989467835e-103,5.287437860410782e-21,4.460533400118797e-143,-1.303506132043199e+03
1.550000000000000e+03,38,1.593015530856728e+00,8.906532407306607e-107,1.315476947705935e-08,6.731866568776750e-122,-1.091718645006906e+03
1.550000000000000e+03,39,1.593015530856728e+00,2.060431633051583e-110,6.168878536303747e-21,3.424766842254974e-150,-1.374653689898851e+03
1.550000000000000e+03,40,1.593015530856728e+00,4.528643491413242e-114,1.245147941626659e-08,3.066693734814010e-129,-1.165133295940605e+03
1.600000000000000e+03,0,1.644403128626301e+00,1.000000000000000e+00,8.220645126564451e-04,2.951699654256551e-06,6.470072164419599e+01
1.600000000000000e+03,1,1.644403128626301e+00,3.866885068498969e-01,7.138011779399803e-20,8.605500768551705e-39,-2.606522385227532e+02
1.600000000000000e+03,2,1.644403128626301e+00,4.145028627992768e-02,9.538427473386073e-04,1.647181519201606e-07,5.216741461005683e+01
1.600000000000000e+03,3,1.644403128626301e+00,1.970018537018749e-03,3.543190555237312e-19,1.080238607654717e-39,-2.696648030512206e+02
1.600000000000000e+03,4,1.644403128626301e+00,5.189459940856793e-05,1.269924931611205e-04,3.655431296349008e-12,5.629386257737366e+00
1.600000000000000e+03,5,1.644403128626301e+00,8.620316339217841e-07,1.423777728911803e-19,7.632520104941485e-44,-3.111733204304585e+02
1.600000000000000e+03,6,1.644403128626301e+00,9.816949432872442e-09,1.872752258345461e-05,1.503825953694828e-17,-4.822802424199057e+01
1.600000000000000e+03,7,1.644403128626301e+00,8.125048379574363e-11,1.916036457220236e-19,1.302848313699440e-47,-3.488510614480780e+02
1.600000000000000e+03,8,1.644403128626301e+00,5.101842251593808e-13,3.774904172524780e-05,3.175405932369915e-21,-8.498200748192670e+01
1.600000000000000e+03,9,1.644403128626301e+00,2.511687753498944e-15,1.147221623887125e-19,1.443845287612725e-52,-3.984047934023993e+02
1.600000000000000e+03,10,1.644403128626301e+00,9.949957879761116e-18,4.467791633325323e-06,8.674958907098564e-28,-1.506173257376621e+02
1.600000000000000e+03,11,1.644403128626301e+00,3.239061085189950e-20,2.849104579089708e-19,1.148408194604835e-56,-4.393990371720395e+02
1.600000000000000e+03,12,1.644403128626301e+00,8.816374912908370e-23,1.202268964802986e-05,5.566134365501989e-32,-1.925444631408323e+02
1.600000000000000e+03,13,1.644403128626301e+00,2.035879595614505e-25,1.651887988356259e-19,2.426462831123530e-62,-4.961502635687768e+02
1.600000000000000e+03,14,1.644403128626301e+00,4.038129916125544e-28,2.329680974053636e-06,9.572680320032898e-39,-2.601896644412285e+02
1.600000000000000e+03,15,1.644403128626301e+00,6.953477521831568e-31,1.508218217614619e-19,6.908611681168503e-68,-5.516060921742832e+02
1.600000000000000e+03,16,1.644403128626301e+00,1.049161452437636e-33,3.595452206889454e-06,5.923927421366003e-44,-3.122739027099710e+02
1.600000000000000e+03,17,1.644403128626301e+00,1.398406812078245e-36,2.321426653788812e-19,3.291575544013961e-73,-6.048259617308840e+02
1.600000000000000e+03,18,1.644403128626301e+00,1.658442566408107e-39,4.111741087748819e-06,1.224650935242302e-49,-3.691198768150437e+02
1.600000000000000e+03,19,1.644403128626301e+00,1.761272712539983e-42,3.219839523712436e-20,7.975454168656784e-81,-6.809824457631777e+02
1.600000000000000e+03,20,1.644403128626301e+00,1.684640400652532e-45,1.316679423527809e-06,1.275638657702582e-56,-4.389427232811478e+02
1.600000000000000e+03,21,1.644403128626301e+00,1.458785692709566e-48,1.614103459544458e-19,1.660024871211166e-85,-7.277988540512329e+02
1.600000000000000e+03,22,1.644403128626301e+00,1.148992833394300e-51,3.637689205311471e-06,6.640929433611116e-62,-4.917777113454148e+02
1.600000000000000e+03,23,1.644403128626301e+00,8.266840240542509e-55,2.560786675522106e-19,2.367809237508203e-91,-7.862565328946379e+02
1.600000000000000e+03,24,1.644403128626301e+00,5.454482516792591e-58,1.076748900346210e-06,2.762121578963674e-69,-5.655875720920743e+02
1.600000000000000e+03,25,1.644403128626301e+00,3.312187586373526e-61,6.428528079669252e-20,5.978584592457758e-99,-8.622340162143699e+02
1.600000000000000e+03,26,1.644403128626301e+00,1.857188552708439e-64,2.438675292904103e-06,4.824189039786153e-75,-6.231657568235062e+02
1.600000000000000e+03,27,1.644403128626301e+00,9.644948884259963e-68,4.978882432062116e-19,1.044297013012566e-103,-9.098117596420042e+02
1.600000000000000e+03,28,1.644403128626301e+00,4.652353397345069e-71,1.376554480415621e-06,3.850524298236342e-82,-6.941448013170498e+02
1.600000000000000e+03,29,1.644403128626301e+00,2.089841727238412e-74,6.468137925127669e-19,3.818847392201770e-110,-9.741806769644440e+02
1.600000000000000e+03,30,1.644403128626301e+00,8.763612248790191e-78,8.337208070818232e-07,2.660631920667081e-89,-7.657501520281805e+02
1.600000000000000e+03,31,1.644403128626301e+00,3.438530225261037e-81,3.239566068068367e-19,1.576183917871689e-117,-1.048023931080035e+03
1.600000000000000e+03,32,1.644403128626301e+00,1.265056273844998e-84,1.502365979401144e-06,1.247158608757465e-95,-8.290407831113425e+02
1.600000000000000e+03,33,1.644403128626301e+00,4.372843350552774e-88,1.860698311160697e-19,6.612660247483345e-125,-1.121796237903814e+03
1.600000000000000e+03,34,1.644403128626301e+00,1.422828113915900e-91,6.130602238572750e-07,2.335710858524687e-103,-9.063158092025798e+02
1.600000000000000e+03,35,1.644403128626301e+00,4.365610172819925e-95,2.417236737072352e-19,1.114150059351768e-131,-1.189530563122507e+03
1.600000000000000e+03,36,1.644403128626301e+00,1.265223574518037e-98,1.083653959957978e-06,6.489464829260864e-110,-9.718779111695653e+02
1.600000000000000e+03,37,1.644403128626301e+00,3.469006357165652e-102,9.493758237857695e-19,1.365657501922115e-137,-1.248646582052488e+03
1.600000000000000e+03,38,1.644403128626301e+00,9.011710170082854e-106,5.187393463061789e-07,1.059170702901922e-117,-1.049750340405026e+03
1.600000000000000e+03,39,1.644403128626301e+00,2.221203988153208e-109,9.758422456501386e-19,9.238639872162253e-145,-1.320343919616256e+03
1.600000000000000e+03,40,1.644403128626301e+00,5.201543068765822e-113,5.039604168949809e-07,5.770127567868644e-125,-1.122388145852136e+03
1.650000000000000e+03,0,1.695790726395872e+00,1.000000000000000e+00,5.512915374506753e-05,1.327464802931830e-08,4.123023014804254e+01
1.650000000000000e+03,1,1.695790726395872e+00,3.957055685666638e-01,1.554233692438489e-20,4.175083479072837e-40,-2.737933483655445e+02
1.650000000000000e+03,2,1.695790726395872e+00,4.432610167188664e-02,6.346593273249832e-05,7.798323287886161e-10,2.892001235370398e+01
1.650000000000000e+03,3,1.695790726395872e+00,2.218100056275828e-03,1.273732835419574e-20,1.571803259145219e-42,-2.980360181504903e+02
1.650000000000000e+03,4,1.695790726395872e+00,6.173704725765491e-05,9.463143408161383e-06,2.414777165697351e-14,-1.617122939518302e+01
1.650000000000000e+03,5,1.695790726395872e+00,1.085685016337814e-06,1.316194985367365e-20,8.214945200246287e-46,-3.308539532928431e+02
1.650000000000000e+03,6,1.695790726395872e+00,1.310473006667240e-08,1.782287793950280e-06,1.818210277499382e-19,-6.740355891698928e+01
1.650000000000000e+03,7,1.695790726395872e+00,1.150494299604315e-10,1.580296830086397e-20,1.254937716649298e-49,-3.690137782795725e+02
1.650000000000000e+03,8,1.695790726395872e+00,7.666980615067650e-13,2.883883226879958e-06,2.785095363972424e-23,-1.055515992963283e+02
1.650000000000000e+03,9,1.695790726395872e+00,4.007453227091064e-15,9.793818452627848e-21,1.678931292329225e-54,-4.177496707632940e+02
1.650000000000000e+03,10,1.695790726395872e+00,1.685983587530564e-17,5.368880882836244e-07,2.122663942512389e-29,-1.667311875734837e+02
1.650000000000000e+03,11,1.695790726395872e+00,5.830086795460073e-20,2.262038974687462e-20,1.302973401680331e-58,-4.588506444969138e+02
1.650000000000000e+03,12,1.695790726395872e+00,1.685945267416263e-22,1.034571953336039e-06,7.881796833573533e-34,-2.110337476398895e+02
1.650000000000000e+03,13,1.695790726395872e+00,4.136773334338213e-25,8.604917829643891e-21,1.337875014849976e-64,-5.187358445674483e+02
1.650000000000000e+03,14,1.695790726395872e+00,8.719540081902367e-28,3.079681956871530e-07,3.612149183071926e-40,-2.744223432146844e+02
1.650000000000000e+03,15,1.695790726395872e+00,1.595724473756788e-30,1.323753651416374e-20,1.221328835739921e-69,-5.691316738902810e+02
1.650000000000000e+03,16,1.695790726395872e+00,2.559016198259251e-33,3.930198485001270e-07,1.726483235704178e-45,-3.276283763432959e+02
1.650000000000000e+03,17,1.695790726395872e+00,3.625485792221109e-36,1.400048674831541e-20,3.103936587484813e-75,-6.250808715983226e+02
1.650000000000000e+03,18,1.695790726395872e+00,4.570440447665175e-39,4.112872992973981e-07,3.376828577587032e-51,-3.847149098546990e+02
1.650000000000000e+03,19,1.695790726395872e+00,5.159751748419940e-42,3.923246402170502e-21,3.468808622940065e-82,-6.945981965988517e+02
1.650000000000000e+03,20,1.695790726395872e+00,5.246514950514257e-45,1.793831535236693e-07,7.373854889298200e-58,-4.513230541316293e+02
1.650000000000000e+03,21,1.695790726395872e+00,4.829824865953000e-48,1.153062003081962e-20,2.804768802626995e-87,-7.455210293187004e+02
1.650000000000000e+03,22,1.695790726395872e+00,4.044326541097514e-51,3.579562592045905e-07,2.263427031182299e-63,-5.064523350181626e+02
1.650000000000000e+03,23,1.695790726395872e+00,3.093632390507436e-54,1.701494233694335e-20,3.911920609066116e-93,-8.040760996763555e+02
1.650000000000000e+03,24,1.695790726395872e+00,2.170165869221336e-57,1.402328533156668e-07,1.864029723619700e-70,-5.772954716671321e+02
1.650000000000000e+03,25,1.695790726395872e+00,1.401113574250635e-60,5.462018336244886e-21,1.825744542225961e-100,-8.773855998893912e+02
1.650000000000000e+03,26,1.695790726395872e+00,8.352977742242986e-64,2.445006384040001e-07,2.181030214082304e-76,-6.366133831804426e+02
1.650000000000000e+03,27,1.695790726395872e+00,4.612317692712298e-67,3.414006459699234e-20,2.348054935231289e-105,-9.262929174652634e+02
1.650000000000000e+03,28,1.695790726395872e+00,2.365550757168254e-70,1.665747371369126e-07,2.866889190847813e-83,-7.054258909279936e+02
1.650000000000000e+03,29,1.695790726395872e+00,1.129845281617759e-73,4.280270581683954e-20,9.041110718958243e-112,-9.904377821228098e+02
1.650000000000000e+03,30,1.695790726395872e+00,5.037788287798607e-77,1.134443683067510e-07,2.831823345013146e-90,-7.754793384232370e+02
1.650000000000000e+03,31,1.695790726395872e+00,2.101771418190270e-80,2.170838250435779e-20,4.326142048299822e-119,-1.063638992246611e+03
1.650000000000000e+03,32,1.695790726395872e+00,8.222097771261825e-84,1.613025160179305e-07,9.343837629540930e-97,-8.402947471702181e+02
1.650000000000000e+03,33,1.695790726395872e+00,3.022043959590607e-87,1.308196387592709e-20,2.258952149216071e-126,-1.136460929685270e+03
1.650000000000000e+03,34,1.695790726395872e+00,1.045579215660683e-90,6.036649920656402e-08,1.664214441048132e-104,-9.177879071376434e+02
1.650000000000000e+03,35,1.695790726395872e+00,3.411303737633287e-94,1.360083113925728e-20,2.756205851370400e-133,-1.205596883496180e+03
1.650000000000000e+03,36,1.695790726395872e+00,1.051275811592010e-97,1.220302156263023e-07,6.837727549802833e-111,-9.816508820771820e+02
1.650000000000000e+03,37,1.695790726395872e+00,3.065005390151440e-101,6.321145200474469e-20,5.349129824469802e-139,-1.262717168615616e+03
1.650000000000000e+03,38,1.695790726395872e+00,8.466671168324282e-105,5.821240344541765e-08,1.253153054272994e-118,-1.059019958830627e+03
1.650000000000000e+03,39,1.695790726395872e+00,2.219093705090399e-108,6.620188718333174e-20,4.247924057801355e-146,-1.333718232559503e+03
1.650000000000000e+03,40,1.695790726395872e+00,5.525903965422476e-112,6.686572322739969e-08,1.079122601604326e-125,-1.129669292113176e+03
1.700000000000000e+03,0,1.747178324165444e+00,1.000000000000000e+00,4.811026059160438e-04,1.010964211102726e-06,6.004735781510178e+01
1.700000000000000e+03,1,1.747178324165444e+00,4.044834568689744e-01,8.917435788709131e-20,1.404886077068874e-38,-2.585235889149293e+02
1.700000000000000e+03,2,1.747178324165444e+00,4.726411036082911e-02,5.572840050939797e-04,6.411283882865946e-08,4.806945007274095e+01
1.700000000000000e+03,3,1.747178324165444e+00,2.485479141822087e-03,8.696234288215889e-20,8.209807030331296e-41,-2.808566705075476e+02
1.700000000000000e+03,4,1.747178324165444e+00,7.295591076134283e-05,7.655154811513732e-05,1.867363227109334e-12,2.712288022480954e+00
1.700000000000000e+03,5,1.747178324165444e+00,1.355658952725041e-06,9.292791332370085e-20,5.113322443247018e-44,-3.129129682004336e+02
1.700000000000000e+03,6,1.747178324165444e+00,1.731108008745211e-08,1.320242685598064e-05,1.317929164795650e-17,-4.880107931293665e+01
1.700000000000000e+03,7,1.747178324165444e+00,1.609049996427382e-10,1.673368468819113e-19,1.967945488048354e-47,-3.470598693566467e+02
1.700000000000000e+03,8,1.747178324165444e+00,1.135881811300708e-12,2.412153735488694e-05,2.886712118080928e-21,-8.539596524662014e+01
1.700000000000000e+03,9,1.747178324165444e+00,6.291728960265130e-15,6.615674364705916e-20,1.202758982699287e-52,-3.991982139092329e+02
1.700000000000000e+03,10,1.747178324165444e+00,2.805908036792317e-17,3.322519734961680e-06,1.352910085704004e-27,-1.486873106561980e+02
1.700000000000000e+03,11,1.747178324165444e+00,1.028749836749886e-19,1.747784293737805e-19,1.372605727738492e-56,-4.386245419317664e+02
1.700000000000000e+03,12,1.747178324165444e+00,3.154772199295797e-22,8.116042765115132e-06,9.076470939623669e-32,-1.904208297850176e+02
1.700000000000000e+03,13,1.747178324165444e+00,8.209861563722328e-25,9.916075469775665e-20,3.525947519037838e-62,-4.945272415612118e+02
1.700000000000000e+03,14,1.747178324165444e+00,1.835547602275138e-27,1.684462646104573e-06,2.274829146846663e-38,-2.564305121587196e+02
1.700000000000000e+03,15,1.747178324165444e+00,3.563425241165800e-30,1.209812446885189e-19,2.278054508746577e-67,-5.464243588843750e+02
1.700000000000000e+03,16,1.747178324165444e+00,6.062523563372703e-33,2.786898372395101e-06,2.056629525691772e-43,-3.068684393360348e+02
1.700000000000000e+03,17,1.747178324165444e+00,9.112655893427151e-36,1.377568304051469e-19,7.553211007418983e-73,-6.012186838263003e+02
1.700000000000000e+03,18,1.747178324165444e+00,1.218873579553202e-38,3.000396612529161e-06,4.792657117079068e-49,-3.631942364079482e+02
1.700000000000000e+03,19,1.747178324165444e+00,1.460062165449154e-41,4.170508451850196e-20,1.109199643979453e-79,-6.695499027848995e+02
1.700000000000000e+03,20,1.747178324165444e+00,1.575334190014068e-44,9.170474903959011e-07,5.786510094819562e-56,-4.323758328489459e+02
1.700000000000000e+03,21,1.747178324165444e+00,1.538889502059544e-47,1.144443075951058e-19,8.803516688394217e-85,-7.205534380815925e+02
1.700000000000000e+03,22,1.747178324165444e+00,1.367444356714763e-50,2.655197979402980e-06,4.210792532142659e-61,-4.837563615595928e+02
1.700000000000000e+03,23,1.747178324165444e+00,1.110020718549442e-53,1.496757789652478e-19,1.086161743196334e-90,-7.796410549800015e+02
1.700000000000000e+03,24,1.747178324165444e+00,8.263507482984063e-57,7.542010568929430e-07,2.053047800179255e-68,-5.568760093903056e+02
1.700000000000000e+03,25,1.747178324165444e+00,5.661910467561750e-60,7.691227073256487e-20,1.462899958181107e-97,-8.483478537250454e+02
1.700000000000000e+03,26,1.747178324165444e+00,3.582260857466487e-63,1.766896381172331e-06,4.884720661187446e-74,-6.131116026690397e+02
1.700000000000000e+03,27,1.747178324165444e+00,2.099271194387335e-66,2.822132775810130e-19,7.302705629706660e-103,-9.013651620531098e+02
1.700000000000000e+03,28,1.747178324165444e+00,1.142671900013548e-69,1.064325161484714e-06,5.653671480056911e-81,-6.824766943082061e+02
1.700000000000000e+03,29,1.747178324165444e+00,5.792340130641792e-73,3.792778600890492e-19,3.639396750496085e-109,-9.643897059702197e+02
1.700000000000000e+03,30,1.747178324165444e+00,2.741107708869680e-76,6.291222452389871e-07,4.738670893261261e-88,-7.532434345255905e+02
1.700000000000000e+03,31,1.747178324165444e+00,1.213745404105078e-79,1.923678771593325e-19,1.961792483631366e-116,-1.037073469337452e+03
1.700000000000000e+03,32,1.747178324165444e+00,5.039472410172594e-83,1.136522426726016e-06,2.843161010151971e-94,-8.154619854521968e+02
1.700000000000000e+03,33,1.747178324165444e+00,1.965927700672434e-86,1.186148599347053e-19,1.208108961213333e-123,-1.109178938942582e+03
1.700000000000000e+03,34,1.747178324165444e+00,7.219243825367418e-90,2.537412023552202e-07,2.030177731995923e-102,-8.969246594009355e+02
1.700000000000000e+03,35,1.747178324165444e+00,2.499922448650099e-93,1.484725779461870e-19,2.407018332282410e-130,-1.176185206020479e+03
1.700000000000000e+03,36,1.747178324165444e+00,8.177062211916055e-97,8.309886274058933e-07,2.466310917103863e-108,-9.560795217467017e+02
1.700000000000000e+03,37,1.747178324165444e+00,2.530400246498417e-100,5.482371267012517e-19,3.321899349009220e-136,-1.234786135304734e+03
1.700000000000000e+03,38,1.747178324165444e+00,7.419090501303169e-104,2.722971591685986e-07,2.402687299049719e-116,-1.036193027473542e+03
1.700000000000000e+03,39,1.747178324165444e+00,2.063935250162977e-107,5.780172940372075e-19,3.011882994877521e-143,-1.305211619035424e+03
1.700000000000000e+03,40,1.747178324165444e+00,5.455172501115351e-111,3.960268419815394e-07,3.736956963830863e-123,-1.104274819036164e+03
1.750000000000000e+03,0,1.798565921935016e+00,1.000000000000000e+00,2.602376276230498e-05,2.958016180596545e-09,3.471000545294604e+01
1.750000000000000e+03,1,1.798565921935016e+00,4.130300386608378e-01,3.541909725256691e-21,2.263168952944220e-41,-2.864528302333540e+02
1.750000000000000e+03,2,1.798565921935016e+00,5.026049606901882e-02,2.981736078404881e-05,1.951756049496374e-10,2.290425534140899e+01
1.750000000000000e+03,3,1.798565921935016e+00,2.772613731997543e-03,7.990585953340852e-21,7.732269594134969e-43,-3.011169301222185e+02
1.750000000000000e+03,4,1.798565921935016e+00,8.567341774012255e-05,4.834826639858555e-06,8.747184120716986e-15,-2.058131731852377e+01
1.750000000000000e+03,5,1.798565921935016e+00,1.679153790062052e-06,7.671122975865813e-21,4.315873699769973e-46,-3.336493127304741e+02
1.750000000000000e+03,6,1.798565921935016e+00,2.264328086292947e-08,1.009513101202673e-06,1.007914366146408e-19,-6.996576364606669e+01
1.750000000000000e+03,7,1.798565921935016e+00,2.224347080187120e-10,6.073531161926025e-21,3.583813864685893e-50,-3.744565455471277e+02
1.750000000000000e+03,8,1.798565921935016e+00,1.660433421464798e-12,1.512519646804009e-06,1.659143227005815e-23,-1.078011612150225e+02
1.750000000000000e+03,9,1.798565921935016e+00,9.729375791960929e-15,5.305853950900418e-21,1.196343581394375e-54,-4.192214407613792e+02
1.750000000000000e+03,10,1.798565921935016e+00,4.591374738120618e-17,3.425200765299710e-07,2.352746673774672e-29,-1.662842483189943e+02
1.750000000000000e+03,11,1.798565921935016e+00,1.781685786906582e-19,9.199457563054085e-21,6.585911934974910e-59,-4.618138408085310e+02
1.750000000000000e+03,12,1.798565921935016e+00,5.783860163526088e-22,5.807703375137484e-07,8.520930072896180e-34,-2.106951299872142e+02
1.750000000000000e+03,13,1.798565921935016e+00,1.593583972934154e-24,4.120112813604845e-21,1.181553882606540e-64,-5.192754646837346e+02
1.750000000000000e+03,14,1.798565921935016e+00,3.772623147102136e-27,2.147955960717733e-07,7.602466824431420e-40,-2.711904546634960e+02
1.750000000000000e+03,15,1.798565921935016e+00,7.755763778135497e-30,4.793880976299579e-21,7.785014577005338e-70,-5.710874056990292e+02
1.750000000000000e+03,16,1.798565921935016e+00,1.397407813207658e-32,2.437299243321922e-07,3.625778233160538e-45,-3.244059876258469e+02
1.750000000000000e+03,17,1.798565921935016e+00,2.224619731329311e-35,8.022395893341976e-21,6.253516898537403e-75,-6.220387567224616e+02
1.750000000000000e+03,18,1.798565921935016e+00,3.151625114950385e-38,2.490033755197659e-07,8.535036536551695e-51,-3.806879461542929e+02
1.750000000000000e+03,19,1.798565921935016e+00,3.998829034231958e-41,1.091376971846160e-21,2.080380486036515e-82,-6.968185722855919e+02
1.750000000000000e+03,20,1.798565921935016e+00,4.570223983191950e-44,1.215042491293871e-07,2.947004369837793e-57,-4.453061922017483e+02
1.750000000000000e+03,21,1.798565921935016e+00,4.729234896021926e-47,5.443515162706225e-21,6.120827248903221e-87,-7.421318987763311e+02
1.750000000000000e+03,22,1.798565921935016e+00,4.451692935544292e-50,2.125371068865477e-07,8.783246926442771e-63,-5.005634490760605e+02
1.750000000000000e+03,23,1.798565921935016e+00,3.828163790412069e-53,8.679827799902453e-21,1.259717296586363e-92,-7.989972690750797e+02
1.750000000000000e+03,24,1.798565921935016e+00,3.019104647398810e-56,9.673220046842216e-08,1.233901988426323e-69,-5.690871933590741e+02
1.750000000000000e+03,25,1.798565921935016e+00,2.191494141013328e-59,4.181973874141956e-21,1.674030273205034e-99,-8.677623669247954e+02
1.750000000000000e+03,26,1.798565921935016e+00,1.468947778607987e-62,1.455727833893899e-07,1.359649888965983e-75,-6.286657290844237e+02
1.750000000000000e+03,27,1.798565921935016e+00,9.120043836927345e-66,1.684986001443583e-20,1.130966870113463e-104,-9.194655011685849e+02
1.750000000000000e+03,28,1.798565921935016e+00,5.259395239907284e-69,1.063583450487472e-07,2.598599281065344e-82,-6.958526068603944e+02
1.750000000000000e+03,29,1.798565921935016e+00,2.824621126335650e-72,2.020405523284067e-20,5.036138441151969e-111,-9.829790233984259e+02
1.750000000000000e+03,30,1.798565921935016e+00,1.416216240037473e-75,7.501384951707888e-08,3.480750057386499e-89,-7.645832716102914e+02
1.750000000000000e+03,31,1.798565921935016e+00,6.644056681893509e-79,1.070400708319339e-20,3.324960324632092e-118,-1.054782135325853e+03
1.750000000000000e+03,32,1.798565921935016e+00,2.922789669986458e-82,9.942836378371512e-08,1.262055668901382e-95,-8.289892148806854e+02
1.750000000000000e+03,33,1.798565921935016e+00,1.208066683584616e-85,6.013943245843240e-21,1.908402254487885e-125,-1.127193300790597e+03
1.750000000000000e+03,34,1.798565921935016e+00,4.700344785136722e-89,4.258011893412266e-08,3.722235263927725e-103,-9.042919618074943e+02
1.750000000000000e+03,35,1.798565921935016e+00,1.724577210225918e-92,7.980539781466097e-21,4.797417768155554e-132,-1.193189924607076e+03
1.750000000000000e+03,36,1.798565921935016e+00,5.976882164322397e-96,7.597084968911142e-08,1.506707756976168e-109,-9.682197097584766e+02
1.750000000000000e+03,37,1.798565921935016e+00,1.959705615334706e-99,2.924856747749635e-20,7.322517200842583e-138,-1.251353395994726e+03
1.750000000000000e+03,38,1.798565921935016e+00,6.088064230184993e-103,4.129542665039471e-08,4.534647193192419e-117,-1.043434564964782e+03
1.750000000000000e+03,39,1.798565921935016e+00,1.794543885128686e-106,3.181320651422999e-20,7.932851703600305e-145,-1.321005706643209e+03
1.750000000000000e+03,40,1.798565921935016e+00,5.025720098678500e-110,4.467251974505535e-08,4.380660121872409e-124,-1.113584604407094e+03
1.800000000000000e+03,0,1.849953519704588e+00,1.000000000000000e+00,3.411746552845798e-05,5.084097677440331e-09,3.706213885777690e+01
1.800000000000000e+03,1,1.849953519704588e+00,4.213529894050096e-01,2.394015605439635e-21,1.054776381431120e-41,-2.897683960349841e+02
1.800000000000000e+03,2,1.849953519704588e+00,5.331155153648636e-02,3.902549380006464e-05,3.546324717356751e-10,2.549778499031304e+01
1.800000000000000e+03,3,1.849953519704588e+00,3.079920043362628e-03,1.111402973872681e-20,1.661662864105515e-42,-2.977945708591344e+02
1.800000000000000e+03,4,1.849953519704588e+00,1.000154771376390e-04,7.677636540410425e-06,2.575032244242220e-14,-1.589217328405783e+01
1.800000000000000e+03,5,1.849953519704588e+00,2.064105648927108e-06,4.466809620331821e-21,1.798817777437286e-46,-3.374501282901784e+02
1.800000000000000e+03,6,1.849953519704588e+00,2.934436925897411e-08,3.237484701826324e-06,1.343385300213881e-18,-5.871799408211604e+01
1.800000000000000e+03,7,1.849953519704588e+00,3.041428274053186e-10,7.785760696232263e-21,8.052672634230670e-50,-3.709405995594756e+02
1.800000000000000e+03,8,1.849953519704588e+00,2.396768957947703e-12,2.415642065461525e-06,6.108740850968521e-23,-1.021404829840402e+02
1.800000000000000e+03,9,1.849953519704588e+00,1.483176734550429e-14,6.037489238354741e-21,2.361380685241426e-54,-4.162683399336501e+02
1.800000000000000e+03,10,1.849953519704588e+00,7.394067304068523e-17,1.156664811840388e-06,4.320746726713096e-28,-1.536444119039201e+02
1.800000000000000e+03,11,1.849953519704588e+00,3.031822152026682e-19,1.165752654169060e-20,1.799603837509152e-58,-4.574482308940775e+02
1.800000000000000e+03,12,1.849953519704588e+00,1.040159697087134e-21,1.369759964922967e-06,8.524115434171151e-33,-2.006935067767157e+02
1.800000000000000e+03,13,1.849953519704588e+00,3.029205841690433e-24,5.863877703158752e-21,4.549450633262319e-64,-5.134204104319945e+02
1.800000000000000e+03,14,1.849953519704588e+00,7.580870330160386e-27,9.113223862981019e-07,2.749941837874199e-38,-2.556067649153607e+02
1.800000000000000e+03,15,1.849953519704588e+00,1.647643649396743e-29,6.978038383929319e-21,3.504211897236942e-69,-5.645540964022704e+02
1.800000000000000e+03,16,1.849953519704588e+00,3.138768407336839e-32,7.640858217313298e-07,8.003941719873776e-44,-3.109669608230836e+02
1.800000000000000e+03,17,1.849953519704588e+00,5.283456404000047e-35,8.970404841220284e-21,1.856960125444838e-74,-6.173119742177729e+02
1.800000000000000e+03,18,1.849953519704588e+00,7.914939806363831e-38,6.605503964289411e-07,1.508411707066907e-49,-3.682148010561219e+02
1.800000000000000e+03,19,1.849953519704588e+00,1.061983028383244e-40,1.444968758085786e-21,9.684893597476836e-82,-6.901390514626986e+02
1.800000000000000e+03,20,1.849953519704588e+00,1.283547589534105e-43,5.752443550559950e-07,1.855141622729582e-55,-4.273162293045744e+02
1.800000000000000e+03,21,1.849953519704588e+00,1.404658740515222e-46,9.690253355532352e-21,5.761047458458203e-86,-7.323949854712000e+02
1.800000000000000e+03,22,1.849953519704588e+00,1.398377131814727e-49,5.819777607484312e-07,2.068699714186424e-61,-4.868430254555296e+02
1.800000000000000e+03,23,1.849953519704588e+00,1.271805972780413e-52,9.175053348392534e-21,4.676257518253830e-92,-7.933010158055615e+02
1.800000000000000e+03,24,1.849953519704588e+00,1.060841289411470e-55,4.169807638221738e-07,8.056433353263121e-68,-5.509385718124923e+02
1.800000000000000e+03,25,1.849953519704588e+00,8.144490684158838e-59,3.030529678981028e-21,3.267092095738059e-99,-8.648583862306754e+02
1.800000000000000e+03,26,1.849953519704588e+00,5.774173001062680e-62,4.148605241708856e-07,4.340646095901819e-74,-6.136244562186978e+02
1.800000000000000e+03,27,1.849953519704588e+00,3.791820308863022e-65,2.222240074921856e-20,8.178808914250038e-104,-9.108730993833760e+02
1.800000000000000e+03,28,1.849953519704588e+00,2.312921148720785e-68,3.706117616309340e-07,1.387584966259707e-80,-6.785774041415272e+02
1.800000000000000e+03,29,1.849953519704588e+00,1.313909832502344e-71,2.300892348246471e-20,3.038215151583665e-110,-9.751738147476651e+02
1.800000000000000e+03,30,1.849953519704588e+00,6.968203694402824e-75,3.318580367086705e-07,3.351860067305367e-87,-7.447471412049094e+02
1.800000000000000e+03,31,1.849953519704588e+00,3.457924934629383e-78,1.257314531080602e-20,2.387612224903884e-117,-1.046220362061270e+03
1.800000000000000e+03,32,1.849953519704588e+00,1.609071602516172e-81,2.966253066526793e-07,6.183752994172714e-94,-8.120874786634237e+02
1.800000000000000e+03,33,1.849953519704588e+00,7.035071246235090e-85,7.229691052826233e-21,1.606084315108084e-124,-1.117942316591663e+03
1.800000000000000e+03,34,1.849953519704588e+00,2.895415892647597e-88,2.364029666410952e-07,7.067684611334006e-101,-8.815072283870876e+02
1.800000000000000e+03,35,1.849953519704588e+00,1.123753534445747e-91,9.000698165630179e-21,3.976342909589514e-131,-1.184005161702202e+03
1.800000000000000e+03,36,1.849953519704588e+00,4.119775735485920e-95,2.514133468774973e-07,1.137393121171603e-107,-9.494408940264112e+02
1.800000000000000e+03,37,1.849953519704588e+00,1.428904434121696e-98,3.736756702227452e-20,8.714715046713975e-137,-1.240597468088595e+03
1.800000000000000e+03,38,1.849953519704588e+00,4.695780871115528e-102,2.074628922589835e-07,8.827729998950920e-115,-1.020541509584464e+03
1.800000000000000e+03,39,1.849953519704588e+00,1.464203733155688e-105,4.093403146008033e-20,1.071595572955992e-143,-1.309699690892452e+03
1.800000000000000e+03,40,1.849953519704588e+00,4.337774272086439e-109,1.822203045358132e-07,6.291016840295676e-122,-1.092012791522593e+03
1.850000000000000e+03,0,1.901341117474160e+00,1.000000000000000e+00,2.297235453528651e-06,2.305002407347142e-11,1.362671383303556e+01
1.850000000000000e+03,1,1.901341117474160e+00,4.294597773726863e-01,1.444608834819996e-22,3.914563935574965e-44,-3.140731660932026e+02
1.850000000000000e+03,2,1.901341117474160e+00,5.641368391602595e-02,2.589695546911807e-06,1.652502951372676e-12,2.181422438089473e+00
1.850000000000000e+03,3,1.901341117474160e+00,3.407773069570194e-03,4.690019245515409e-22,3.274012092613978e-45,-3.248491972084777e+02
1.850000000000000e+03,4,1.901341117474160e+00,1.161113217032618e-04,5.161812137278472e-07,1.351261243300890e-16,-3.869260679434030e+01
1.850000000000000e+03,5,1.901341117474160e+00,2.519216315060502e-06,5.716344722613473e-22,3.595527750477364e-48,-3.544423735498946e+02
1.850000000000000e+03,6,1.901341117474160e+00,3.769734311030771e-08,1.044144931357172e-07,1.795116647876053e-21,-8.745907325423872e+01
1.850000000000000e+03,7,1.901341117474160e+00,4.115895505450712e-10,4.661454494419420e-22,3.906318057221335e-52,-3.940823239881759e+02
1.850000000000000e+03,8,1.901341117474160e+00,3.418662872087304e-12,1.376796713261015e-07,2.830455161725392e-25,-1.254814372054250e+02
1.850000000000000e+03,9,1.901341117474160e+00,2.230704232911027e-14,3.640948011905391e-22,1.291609735748925e-56,-4.388886869006700e+02
1.850000000000000e+03,10,1.901341117474160e+00,1.172958750433540e-16,4.686059903410918e-08,1.125016195447689e-30,-1.794884122551445e+02
1.850000000000000e+03,11,1.901341117474160e+00,5.074041322561601e-19,9.532110818760865e-22,2.013689605017828e-60,-4.769600747182453e+02
1.850000000000000e+03,12,1.901341117474160e+00,1.836877329302509e-21,5.908045495118059e-08,2.800452295058135e-35,-2.255277182102040e+02
1.850000000000000e+03,13,1.901341117474160e+00,5.645491691253823e-24,3.561692182152265e-22,3.128058752346615e-66,-5.350472509845736e+02
1.850000000000000e+03,14,1.901341117474160e+00,1.491200380638396e-26,2.730993405648025e-08,4.857778090098335e-41,-2.831356232823962e+02
1.850000000000000e+03,15,1.901341117474160e+00,3.421103315320438e-29,4.712810271966012e-22,3.318841143513727e-71,-5.847901353461957e+02
1.850000000000000e+03,16,1.901341117474160e+00,6.879915414038322e-32,2.563115170865596e-08,1.974147981320452e-46,-3.370462029591050e+02
1.850000000000000e+03,17,1.901341117474160e+00,1.222622220397707e-34,7.412719880876174e-22,2.934322375108323e-76,-6.353249217473282e+02
1.850000000000000e+03,18,1.901341117474160e+00,1.933735497696257e-37,2.713912435781636e-08,6.220840906790194e-52,-3.920615090526184e+02
1.850000000000000e+03,19,1.901341117474160e+00,2.739452064348594e-40,1.174945930775113e-22,1.651809012549508e-83,-7.078204016863237e+02
1.850000000000000e+03,20,1.901341117474160e+00,3.496014517405493e-43,1.651305310766179e-08,4.163785472648310e-58,-4.538051165438848e+02
1.850000000000000e+03,21,1.901341117474160e+00,4.039831288741901e-46,4.531500449573501e-22,3.623327967965959e-88,-7.544089235372937e+02
1.850000000000000e+03,22,1.901341117474160e+00,4.246800699679738e-49,2.169752986664308e-08,8.732585226462870e-64,-5.105885716713299e+02
1.850000000000000e+03,23,1.901341117474160e+00,4.078645085441365e-52,7.238241575090551e-22,9.333454735214562e-94,-8.102995757439628e+02
1.850000000000000e+03,24,1.901341117474160e+00,3.592641261621533e-55,1.237055129273973e-08,2.401332646110162e-70,-5.761954767486031e+02
1.850000000000000e+03,25,1.901341117474160e+00,2.912764895291916e-58,3.007845276987681e-22,1.151003858989101e-100,-8.793892322030169e+02
1.850000000000000e+03,26,1.901341117474160e+00,2.180810814256413e-61,1.571886033429394e-08,2.353533938652027e-76,-6.362827953465799e+02
1.850000000000000e+03,27,1.901341117474160e+00,1.512412952160577e-64,1.438407863777028e-21,1.366768145128223e-105,-9.286430515173181e+02
1.850000000000000e+03,28,1.901341117474160e+00,9.742824258840046e-68,1.282939322517662e-08,7.004182685366479e-83,-7.015464253503121e+02
1.850000000000000e+03,29,1.901341117474160e+00,5.845171960969436e-71,1.827999534500712e-21,8.531193978827209e-112,-9.906899018311987e+02
1.850000000000000e+03,30,1.901341117474160e+00,3.273904069604993e-74,9.304810195486541e-09,1.238059023638638e-89,-7.690725865012244e+02
1.850000000000000e+03,31,1.901341117474160e+00,1.715849652386288e-77,9.312745984327239e-22,6.499726889224528e-119,-1.061871048915102e+03
1.850000000000000e+03,32,1.901341117474160e+00,8.432615807327253e-81,1.071805937182307e-08,4.231116603477770e-96,-8.337354500597355e+02
1.850000000000000e+03,33,1.901341117474160e+00,3.893884172451984e-84,5.544948952267454e-22,5.229239058966478e-126,-1.132815615035869e+03
1.850000000000000e+03,34,1.901341117474160e+00,1.692610450815555e-87,6.457682483589439e-09,3.082980344733139e-103,-9.051102924407048e+02
1.850000000000000e+03,35,1.901341117474160e+00,6.938287621506791e-91,6.514907272332308e-22,1.286261111825323e-132,-1.198906708604055e+03
1.850000000000000e+03,36,1.901341117474160e+00,2.686539991778108e-94,8.560134589875278e-09,8.598344845537146e-110,-9.706558514103914e+02
1.850000000000000e+03,37,1.901341117474160e+00,9.841572769290609e-98,2.542050782806744e-21,2.777751018241491e-138,-1.255563066845343e+03
1.850000000000000e+03,38,1.901341117474160e+00,3.415966380672492e-101,5.584326683438239e-09,4.652812846600016e-117,-1.043322844160512e+03
1.850000000000000e+03,39,1.901341117474160e+00,1.125004757461951e-104,2.827539038894815e-21,3.928546893815438e-145,-1.324057680584530e+03
1.850000000000000e+03,40,1.901341117474160e+00,3.520216179058501e-108,5.282687971276295e-09,4.290813280599044e-124,-1.113674603838523e+03
1.900000000000000e+03,0,1.952728715243732e+00,1.000000000000000e+00,2.020009467416215e-04,1.782244046953311e-07,5.250967172758210e+01
1.900000000000000e+03,1,1.952728715243732e+00,4.373576528933971e-01,2.258999909597696e-20,9.748314237337016e-40,-2.701107047976000e+02
1.900000000000000e+03,2,1.952728715243732e+00,5.956341859334054e-02,2.286812648528888e-04,1.360508157232899e-08,4.133701150033906e+01
1.900000000000000e+03,3,1.952728715243732e+00,3.756507279057097e-03,5.337357852423727e-20,4.674091837754254e-41,-2.833030275873069e+02
1.900000000000000e+03,4,1.952728715243732e+00,1.340931444331738e-04,4.342155335596921e-05,1.104276040657204e-12,4.307764943405706e-01
1.900000000000000e+03,5,1.952728715243732e+00,3.053980676120397e-06,4.969781304323511e-20,3.294588693493042e-44,-3.148219879633435e+02
1.900000000000000e+03,6,1.952728715243732e+00,4.802959632114159e-08,1.086016291592972e-05,2.474240890327498e-17,-4.606558020047611e+01
1.900000000000000e+03,7,1.952728715243732e+00,5.515829475547440e-10,5.550005235641504e-20,7.420923931667194e-48,-3.512954202013275e+02
1.900000000000000e+03,8,1.952728715243732e+00,4.821652848600895e-12,1.369274753361377e-05,3.948548738361709e-21,-8.403562496964352e+01
1.900000000000000e+03,9,1.952728715243732e+00,3.312473955481517e-14,3.499076599100960e-20,1.771412622074848e-52,-3.975168026511270e+02
1.900000000000000e+03,10,1.952728715243732e+00,1.834412497636038e-16,4.276534590256180e-06,1.465349909060344e-26,-1.383405865829346e+02
1.900000000000000e+03,11,1.952728715243732e+00,8.359381516737861e-19,6.970931920068117e-20,1.774255630807744e-56,-4.375098380781256e+02
1.900000000000000e+03,12,1.952728715243732e+00,3.188499095646407e-21,5.929032056561001e-06,4.895693922323944e-31,-1.831018574200648e+02
1.900000000000000e+03,13,1.952728715243732e+00,1.032661354305881e-23,3.181522163252256e-20,4.565498384632210e-62,-4.934051180654562e+02
1.900000000000000e+03,14,1.952728715243732e+00,2.874710529174078e-26,2.982091733498597e-06,1.116597060756463e-36,-2.395210351968721e+02
1.900000000000000e+03,15,1.952728715243732e+00,6.951347690387336e-29,5.333828075792110e-20,8.637884656109140e-67,-5.406359259949548e+02
1.900000000000000e+03,16,1.952728715243732e+00,1.473554560866696e-31,2.866989014741434e-06,5.290279793376982e-42,-2.927652135830388e+02
1.900000000000000e+03,17,1.952728715243732e+00,2.760486696310786e-34,5.105613611016964e-20,3.142982122140966e-72,-5.950265808932210e+02
1.900000000000000e+03,18,1.952728715243732e+00,4.602842742702560e-37,2.802486445322217e-06,1.578968775370911e-47,-3.480162645822362e+02
1.900000000000000e+03,19,1.952728715243732e+00,6.874644765589197e-40,7.635051808331911e-21,1.750389104550009e-79,-6.675686539864222e+02
1.900000000000000e+03,20,1.952728715243732e+00,9.249879714296595e-43,1.735060389622131e-06,1.216257800312428e-53,-4.091497436142305e+02
1.900000000000000e+03,21,1.952728715243732e+00,1.126986565746239e-45,4.479074664933098e-20,9.875422978478514e-84,-7.100544429384985e+02
1.900000000000000e+03,22,1.952728715243732e+00,1.249178050839259e-48,2.349203778716547e-06,3.011106310932471e-59,-4.652127391089831e+02
1.900000000000000e+03,23,1.952728715243732e+00,1.265021520963569e-51,6.338189692886933e-20,2.219671687762711e-89,-7.665371125741301e+02
1.900000000000000e+03,24,1.952728715243732e+00,1.174969274657675e-54,1.351424112241322e-06,9.372818337861273e-66,-5.302812980030319e+02
1.900000000000000e+03,25,1.952728715243732e+00,1.004520100734026e-57,3.392893003966813e-20,5.050790127896896e-96,-8.329664067706079e+02
1.900000000000000e+03,26,1.952728715243732e+00,7.930865013295873e-61,1.633310773258426e-06,9.240991575710639e-72,-5.903428142566792e+02
1.900000000000000e+03,27,1.952728715243732e+00,5.800029844811210e-64,1.290391520560687e-19,4.218262404677958e-101,-8.837486640767879e+02
1.900000000000000e+03,28,1.952728715243732e+00,3.940116824195059e-67,1.317912108182286e-06,2.989113168474837e-78,-6.552445764216588e+02
1.900000000000000e+03,29,1.952728715243732e+00,2.492828132240943e-70,1.574993080746948e-19,2.700909301244655e-107,-9.456848999953352e+02
1.900000000000000e+03,30,1.952728715243732e+00,1.472440081068570e-73,1.017265120829769e-06,6.655279540125202e-85,-7.217683369823827e+02
1.900000000000000e+03,31,1.952728715243732e+00,8.138283963491474e-77,8.483976884448704e-20,2.558539671819838e-114,-1.015920078446216e+03
1.900000000000000e+03,32,1.952728715243732e+00,4.217962096998457e-80,1.151329389660943e-06,2.442093105804659e-91,-7.861223778241964e+02
1.900000000000000e+03,33,1.952728715243732e+00,2.054066722477187e-83,4.717981119727680e-20,1.997042497621933e-121,-1.086996126931231e+03
1.900000000000000e+03,34,1.952728715243732e+00,9.416374789207054e-87,6.728488914907242e-07,1.861997876453526e-98,-8.573002081865276e+02
1.900000000000000e+03,35,1.952728715243732e+00,4.070782787538321e-90,5.444163835785324e-20,5.269879260439789e-128,-1.152781993349061e+03
1.900000000000000e+03,36,1.952728715243732e+00,1.662345420684311e-93,9.057155219411375e-07,5.956144913162021e-105,-9.222503474439518e+02
1.900000000000000e+03,37,1.952728715243732e+00,6.422408951386837e-97,2.222045280456147e-19,1.385045780003071e-133,-1.208585358716002e+03
1.900000000000000e+03,38,1.952728715243732e+00,2.351015220051010e-100,6.189928925684462e-07,3.934478064343881e-112,-9.940511287164281e+02
1.900000000000000e+03,39,1.952728715243732e+00,8.165961368550503e-104,2.482988811580715e-19,2.198959391236606e-140,-1.276577827907960e+03
1.900000000000000e+03,40,1.952728715243732e+00,2.694858190859055e-107,5.943797213996120e-07,4.158380711593725e-119,-1.063810757522880e+03
1.950000000000000e+03,0,2.004116313013304e+00,1.000000000000000e+00,1.008591673020289e-05,4.443151476344804e-10,2.647691119502247e+01
1.950000000000000e+03,1,2.004116313013304e+00,4.450536416114474e-01,8.232271678030856e-22,1.317383169420129e-42,-2.988028788930399e+02
1.950000000000000e+03,2,2.004116313013304e+00,6.275740166634922e-02,1.127130525364988e-05,3.482360600320796e-11,1.541873740538021e+01
1.950000000000000e+03,3,2.004116313013304e+00,4.126417481820029e-03,2.180505833391442e-21,8.569353002689638e-44,-3.106705196663793e+02
1.950000000000000e+03,4,2.004116313013304e+00,1.540957317950737e-04,2.464053208101112e-06,4.086496542657584e-15,-2.388648864175835e+01
1.950000000000000e+03,5,2.004116313013304e+00,3.678711548546813e-06,1.805786620024874e-21,5.239489329464030e-47,-3.428071103977268e+02
1.950000000000000e+03,6,2.004116313013304e+00,6.071757038086666e-08,8.975102473431389e-07,2.136257397056737e-19,-6.670346420469984e+01
1.950000000000000e+03,7,2.004116313013304e+00,7.323953406292883e-10,2.755625548493916e-21,2.429105296236890e-50,-3.761455365910039e+02
1.950000000000000e+03,8,2.004116313013304e+00,6.728326390657100e-12,7.746535630683894e-07,1.763528405795501e-23,-1.075361754060047e+02
1.950000000000000e+03,9,2.004116313013304e+00,4.859812524464223e-14,1.917049917190440e-21,7.800936122430089e-55,-4.210785327828242e+02
1.950000000000000e+03,10,2.004116313013304e+00,2.830443989612527e-16,3.106892428301238e-07,1.193348692379751e-28,-1.592323263843374e+02
1.950000000000000e+03,11,2.004116313013304e+00,1.356830855816547e-18,3.488592432867594e-21,7.212511907171357e-59,-4.614191345685673e+02
1.950000000000000e+03,12,2.004116313013304e+00,5.445191196121298e-21,4.095797972464492e-07,3.989794708085633e-33,-2.039904945003739e+02
1.950000000000000e+03,13,2.004116313013304e+00,1.855773736142153e-23,1.763086529091960e-21,2.519606043814347e-64,-5.159866735857265e+02
1.950000000000000e+03,14,2.004116313013304e+00,5.436936662896606e-26,2.300929359325624e-07,1.257248736821798e-38,-2.590057879204953e+02
1.950000000000000e+03,15,2.004116313013304e+00,1.383775646034955e-28,2.194957694958325e-21,2.911912724423593e-69,-5.653582164579761e+02
1.950000000000000e+03,16,2.004116313013304e+00,3.087703713331653e-31,2.090297458686230e-07,5.892670646180759e-44,-3.122968783186320e+02
1.950000000000000e+03,17,2.004116313013304e+00,6.089172420287012e-34,3.358742813471573e-21,3.000351489160247e-74,-6.152282786499335e+02
1.950000000000000e+03,18,2.004116313013304e+00,1.068877347262647e-36,1.882052019480485e-07,1.653680031355208e-49,-3.678154851779412e+02
1.950000000000000e+03,19,2.004116313013304e+00,1.680750788377081e-39,6.701612923887084e-22,3.297025958547185e-81,-6.848187763350306e+02
1.950000000000000e+03,20,2.004116313013304e+00,2.381001374024710e-42,1.422718718425935e-07,2.105029080592272e-55,-4.267674190008793e+02
1.950000000000000e+03,21,2.004116313013304e+00,3.054425019505003e-45,1.762626976338488e-21,4.144867543883069e-86,-7.338248934349244e+02
1.950000000000000e+03,22,2.004116313013304e+00,3.564813605983839e-48,1.644450124536829e-07,4.210547797831221e-61,-4.837566139820265e+02
1.950000000000000e+03,23,2.004116313013304e+00,3.801237291026585e-51,3.289742117900521e-21,1.796838540259741e-91,-7.874549094583182e+02
1.950000000000000e+03,24,2.004116313013304e+00,3.717744269976290e-54,1.037529717007057e-07,1.747998136026367e-67,-5.475745903481026e+02
1.950000000000000e+03,25,2.004116313013304e+00,3.346937932326232e-57,1.719975645321098e-21,4.324666442044587e-98,-8.536404738368260e+02
1.950000000000000e+03,26,2.004116313013304e+00,2.782624572680545e-60,1.160610038298265e-07,1.637146801462724e-73,-6.078591237605129e+02
1.950000000000000e+03,27,2.004116313013304e+00,2.142976414579171e-63,5.890165365164716e-21,3.247377143282981e-103,-9.048846727043309e+02
1.950000000000000e+03,28,2.004116313013304e+00,1.533051107141819e-66,9.805321757330715e-08,6.437847648408767e-80,-6.719125930510277e+02
1.950000000000000e+03,29,2.004116313013304e+00,1.021425757529108e-69,8.400225322545848e-21,3.148103768527356e-109,-9.650195096076150e+02
1.950000000000000e+03,30,2.004116313013304e+00,6.353674760073579e-73,8.291559995230014e-08,1.907909795736244e-86,-7.371944216220010e+02
1.950000000000000e+03,31,2.004116313013304e+00,3.698268812728576e-76,4.016020398037655e-21,2.605257519540329e-116,-1.035841493419277e+03
1.950000000000000e+03,32,2.004116313013304e+00,2.018605833906207e-79,8.177144068177694e-08,5.895425909779165e-93,-8.022948481421856e+02
1.950000000000000e+03,33,2.004116313013304e+00,1.035264016926551e-82,2.298454961600197e-21,2.388820286500037e-123,-1.106218165214586e+03
1.950000000000000e+03,34,2.004116313013304e+00,4.998183081055529e-86,5.631291458433341e-08,6.922907588025515e-100,-8.715971146562653e+02
1.950000000000000e+03,35,2.004116313013304e+00,2.275631833400246e-89,2.647110305759140e-21,6.964764577601201e-130,-1.171570935589782e+03
1.950000000000000e+03,36,2.004116313013304e+00,9.786884979914858e-93,6.801190434121518e-08,1.977309795671397e-106,-9.370392528212269e+02
1.950000000000000e+03,37,2.004116313013304e+00,3.982204304201946e-96,1.079558205838994e-20,2.027103979014504e-135,-1.226931239738753e+03
1.950000000000000e+03,38,2.004116313013304e+00,1.535275694875033e-99,5.038669075134866e-08,1.702465852671231e-113,-1.007689215902200e+03
1.950000000000000e+03,39,2.004116313013304e+00,5.616249246419899e-103,1.332692287107631e-20,4.356788772382173e-142,-1.293608334951968e+03
1.950000000000000e+03,40,2.004116313013304e+00,1.952026258123502e-106,4.653386624868692e-08,1.846223576960259e-120,-1.077337157072318e+03
2.000000000000000e+03,0,2.055503910782876e+00,1.000000000000000e+00,5.486708059379501e-05,1.314873788799895e-08,4.118884068066579e+01
2.000000000000000e+03,1,2.055503910782876e+00,4.525545409412004e-01,1.175448972020593e-20,2.731107852390726e-40,-2.756366114908279e+02
2.000000000000000e+03,2,2.055503910782876e+00,6.599240128820362e-02,6.556289226575295e-05,1.238997706072545e-09,3.093070502307494e+01
2.000000000000000e+03,3,2.055503910782876e+00,4.517759838146701e-03,1.165295783854606e-20,2.679512908182017e-42,-2.957194414646186e+02
2.000000000000000e+03,4,2.055503910782876e+00,1.762560964947653e-04,6.434245018537473e-06,3.187129429614855e-14,-1.496600299429891e+01
2.000000000000000e+03,5,2.055503910782876e+00,4.404561768436737e-06,1.694892873271309e-20,5.526466920844592e-45,-3.225755242514160e+02
2.000000000000000e+03,6,2.055503910782876e+00,7.619160722207445e-08,1.682258315980799e-06,9.417873776976168e-19,-6.026047134484726e+01
2.000000000000000e+03,7,2.055503910782876e+00,9.640056717372454e-10,1.764246056806783e-20,1.310564086852168e-48,-3.588254173710903e+02
2.000000000000000e+03,8,2.055503910782876e+00,9.294616824630980e-12,1.864411300486962e-06,1.411156909615588e-22,-9.850424693409741e+01
2.000000000000000e+03,9,2.055503910782876e+00,7.048809400715843e-14,7.430421219177133e-21,1.699820248317050e-53,-4.076959700173435e+02
2.000000000000000e+03,10,2.055503910782876e+00,4.311801732451587e-16,1.206399773248209e-06,2.740953320571858e-27,-1.456209836058990e+02
2.000000000000000e+03,11,2.055503910782876e+00,2.171414334750656e-18,2.317011560748909e-20,5.091660812799609e-57,-4.429314053511184e+02
2.000000000000000e+03,12,2.055503910782876e+00,9.156411239219444e-21,7.878654229075431e-07,2.482502729674641e-32,-1.960511026529704e+02
2.000000000000000e+03,13,2.055503910782876e+00,3.279429477190864e-23,1.034910837827464e-20,1.534138358835654e-62,-4.981413547104598e+02
2.000000000000000e+03,14,2.055503910782876e+00,1.009816047544102e-25,9.619012294302359e-07,4.080971770336812e-37,-2.438923640939957e+02
2.000000000000000e+03,15,2.055503910782876e+00,2.701547218199305e-28,1.045365292335203e-20,1.289463576545381e-67,-5.488959092086126e+02
2.000000000000000e+03,16,2.055503910782876e+00,6.336919644232978e-31,5.657294816126774e-07,8.858418340059110e-43,-3.005264381394862e+02
2.000000000000000e+03,17,2.055503910782876e+00,1.313794873629121e-33,1.635926605659957e-20,1.535732435761045e-72,-5.981368444302495e+02
2.000000000000000e+03,18,2.055503910782876e+00,2.424656617686099e-36,5.358814404659543e-07,3.041221395810367e-48,-3.551695196279607e+02
2.000000000000000e+03,19,2.055503910782876e+00,4.008679870292696e-39,3.940353662391102e-21,2.718517572646155e-79,-6.656566785534993e+02
2.000000000000000e+03,20,2.055503910782876e+00,5.971080236774930e-42,6.201544059990837e-07,1.003027723855152e-53,-4.099868706284109e+02
2.000000000000000e+03,21,2.055503910782876e+00,8.054432050616315e-45,1.232264193227921e-20,5.341988430444112e-84,-7.127229705689865e+02
2.000000000000000e+03,22,2.055503910782876e+00,9.884832981124427e-48,4.043959467310747e-07,7.060627284174641e-60,-4.715115671340234e+02
2.000000000000000e+03,23,2.055503910782876e+00,1.108402832189077e-50,1.747943675781909e-20,1.479152180752623e-89,-7.682998714185088e+02
2.000000000000000e+03,24,2.055503910782876e+00,1.139997421772717e-53,4.606978664669682e-07,1.056809318556084e-65,-5.297600336592756e+02
2.000000000000000e+03,25,2.055503910782876e+00,1.079279714848243e-56,1.071892082660005e-20,5.416222583263858e-96,-8.326630349633604e+02
2.000000000000000e+03,26,2.055503910782876e+00,9.436526407434896e-60,3.150708855914035e-07,4.091561372051580e-72,-5.938811093016711e+02
2.000000000000000e+03,27,2.055503910782876e+00,7.642832840292281e-63,3.174912966886628e-20,3.364948123021679e-101,-8.847302162685132e+02
2.000000000000000e+03,28,2.055503910782876e+00,5.750166822312104e-66,3.604206485477890e-07,3.262572228331911e-78,-6.548643986493527e+02
2.000000000000000e+03,29,2.055503910782876e+00,4.029249464466159e-69,4.763101325953074e-20,3.992676839916471e-107,-9.439873583939760e+02
2.000000000000000e+03,30,2.055503910782876e+00,2.635978978838258e-72,3.246850485193723e-07,1.213743412616360e-84,-7.191587311413616e+02
2.000000000000000e+03,31,2.055503910782876e+00,1.613691713183877e-75,2.140879963265949e-20,3.230468918193764e-114,-1.014907344331478e+03
2.000000000000000e+03,32,2.055503910782876e+00,9.263685057256321e-79,2.393242448629998e-07,2.317488240693763e-91,-7.863498246085759e+02
2.000000000000000e+03,33,2.055503910782876e+00,4.996871060034978e-82,1.323107760355031e-20,3.820752793470455e-121,-1.084178510606902e+03
2.000000000000000e+03,34,2.055503910782876e+00,2.537337094372652e-85,2.844342904767613e-07,8.966076422842607e-98,-8.504739756372169e+02
2.000000000000000e+03,35,2.055503910782876e+00,1.215040826653972e-88,1.748160117059278e-20,1.621861070997841e-127,-1.147899863502994e+03
2.000000000000000e+03,36,2.055503910782876e+00,5.496165327283188e-92,2.077829295361161e-07,1.036429775207834e-104,-9.198446011882139e+02
2.000000000000000e+03,37,2.055503910782876e+00,2.352169265951970e-95,6.543545812325397e-20,4.399012830196663e-133,-1.203566447713545e+03
2.000000000000000e+03,38,2.055503910782876e+00,9.538150874258569e-99,2.333772009416622e-07,2.269036093342924e-111,-9.864415859577879e+02
2.000000000000000e+03,39,2.055503910782876e+00,3.669947003329434e-102,6.401557359605214e-20,6.568881662454004e-140,-1.271825085618202e+03
2.000000000000000e+03,40,2.055503910782876e+00,1.341644040791353e-105,1.725327895652889e-07,1.744379432109451e-118,-1.057583590427129e+03
2.050000000000000e+03,0,2.106891508552447e+00,1.000000000000000e+00,2.823228664514657e-06,3.481388357030077e-11,1.541752472553906e+01
2.050000000000000e+03,1,2.106891508552447e+00,4.598669190640891e-01,8.727817795622345e-22,1.530043839929870e-42,-2.981529612528249e+02
2.050000000000000e+03,2,2.106891508552447e+00,6.926530805238419e-02,3.148928376086253e-06,2.999864910068371e-12,4.771016980087176e+00
2.050000000000000e+03,3,2.106891508552447e+00,4.930752984699889e-03,1.240166378253542e-21,3.312329370586843e-44,-3.147986648447286e+02
2.050000000000000e+03,4,2.106891508552447e+00,2.007131122763266e-04,7.155640612928814e-07,4.488829902221306e-16,-3.347866851253794e+01
2.050000000000000e+03,5,2.106891508552447e+00,5.243543448497228e-06,4.190467919107646e-22,4.021705585189446e-48,-3.539558972573522e+02
2.050000000000000e+03,6,2.106891508552447e+00,9.494098667725364e-08,2.136534636630802e-07,1.892927494732878e-20,-7.722866020605919e+01
2.050000000000000e+03,7,2.106891508552447e+00,1.258369373618892e-09,7.527034511395093e-22,3.113983573550101e-51,-3.850668368269127e+02
2.050000000000000e+03,8,2.106891508552447e+00,1.271724691004969e-11,2.361900441965821e-07,3.098679372776137e-24,-1.150882335884878e+02
2.050000000000000e+03,9,2.106891508552447e+00,1.011331594944498e-13,4.314046271114158e-22,8.220978945585644e-56,-4.308507646404734e+02
2.050000000000000e+03,10,2.106891508552447e+00,6.489189289212221e-16,9.203284593843797e-08,2.400692355393634e-29,-1.661966349047001e+02
2.050000000000000e+03,11,2.106891508552447e+00,3.428737996922289e-18,1.083079857142544e-21,1.756772891210457e-59,-4.675528437878314e+02
2.050000000000000e+03,12,2.106891508552447e+00,1.517261070248625e-20,1.117488302152146e-07,8.275736401787862e-34,-2.108219335090531e+02
2.050000000000000e+03,13,2.106891508552447e+00,5.703528616597646e-23,4.744297269693097e-22,5.607222305182985e-65,-5.225125222542453e+02
2.050000000000000e+03,14,2.106891508552447e+00,1.843538886499221e-25,7.081482770310339e-08,4.037951249494585e-39,-2.639383892863243e+02
2.050000000000000e+03,15,2.106891508552447e+00,5.177643575089977e-28,5.682146815208490e-22,7.301589537597288e-70,-5.713658258477536e+02
2.050000000000000e+03,16,2.106891508552447e+00,1.275101473800523e-30,6.098639334397001e-08,2.071433576914474e-44,-3.168372898833335e+02
2.050000000000000e+03,17,2.106891508552447e+00,2.775700448177317e-33,8.304102382696718e-22,8.360232366881765e-75,-6.207778165147820e+02
2.050000000000000e+03,18,2.106891508552447e+00,5.378987997537354e-36,5.763196419283026e-08,7.803470281698975e-50,-3.710771221922924e+02
2.050000000000000e+03,19,2.106891508552447e+00,9.338562044382761e-39,6.908815306625593e-23,1.946917447723047e-82,-6.971065246283972e+02
2.050000000000000e+03,20,2.106891508552447e+00,1.460762849765856e-41,4.062084146638159e-08,1.052780687493238e-55,-4.297766209047788e+02
2.050000000000000e+03,21,2.106891508552447e+00,2.069317815731500e-44,5.093820927647481e-22,2.345173113126344e-86,-7.362982509354566e+02
2.050000000000000e+03,22,2.106891508552447e+00,2.667117901768846e-47,4.803069243034984e-08,2.687449255517564e-61,-4.857065972735793e+02
2.050000000000000e+03,23,2.106891508552447e+00,3.140974686173479e-50,9.266785932398849e-22,1.178102454151541e-91,-7.892881693931306e+02
2.050000000000000e+03,24,2.106891508552447e+00,3.392941746762580e-53,3.222748608123884e-08,1.539180757533791e-67,-5.481271037471707e+02
2.050000000000000e+03,25,2.106891508552447e+00,3.373826622015178e-56,5.850453807659617e-22,5.043850820632658e-98,-8.529723776681230e+02
2.050000000000000e+03,26,2.106891508552447e+00,3.098321530276141e-59,3.349539827856369e-08,1.518298420387997e-73,-6.081864285980395e+02
2.050000000000000e+03,27,2.106891508552447e+00,2.635740599152190e-62,1.657683155976500e-21,3.163487175727470e-103,-9.049983392176183e+02
2.050000000000000e+03,28,2.106891508552447e+00,2.082908980111433e-65,2.910567948673219e-08,7.707013867534830e-80,-6.711311385957005e+02
2.050000000000000e+03,29,2.106891508552447e+00,1.533071394895755e-68,2.265641506754731e-21,3.437202571886504e-109,-9.646379487191864e+02
2.050000000000000e+03,30,2.106891508552447e+00,1.053500474736254e-71,2.380122576986313e-08,2.606716172757109e-86,-7.358390625357117e+02
2.050000000000000e+03,31,2.106891508552447e+00,6.774442543347774e-75,1.077226739287617e-21,3.433587955114146e-116,-1.034642518231987e+03
2.050000000000000e+03,32,2.106891508552447e+00,4.085094570426682e-78,2.464469965796386e-08,1.083701158270645e-92,-7.996509046245371e+02
2.050000000000000e+03,33,2.106891508552447e+00,2.314656297105164e-81,6.960045334123462e-22,4.897461285167963e-123,-1.103100289884531e+03
2.050000000000000e+03,34,2.106891508552447e+00,1.234641525330834e-84,1.687970980012514e-08,1.536495152331509e-99,-8.681346880561196e+02
2.050000000000000e+03,35,2.106891508552447e+00,6.210576025985639e-88,7.974227039433954e-22,1.724921909908966e-129,-1.167632305613810e+03
2.050000000000000e+03,36,2.106891508552447e+00,2.951091984620066e-91,1.945274681088437e-08,4.877586476789799e-106,-9.331179502207498e+02
2.050000000000000e+03,37,2.106891508552447e+00,1.326712567270062e-94,2.978306038729081e-21,5.140150678085185e-135,-1.222890241499343e+03
2.050000000000000e+03,38,2.106891508552447e+00,5.651462988204980e-98,1.534180330358846e-08,5.809972428380629e-113,-1.002358259285788e+03
2.050000000000000e+03,39,2.106891508552447e+00,2.284271954905861e-101,3.728370876719637e-21,1.386903948360920e-141,-1.288579536154525e+03
2.050000000000000e+03,40,2.106891508552447e+00,8.772417999074756e-105,1.373541648293017e-08,7.228752331015983e-120,-1.071409366546438e+03
2.100000000000000e+03,0,2.158279106322019e+00,1.000000000000000e+00,4.437335093399426e-05,8.600126035653183e-09,3.934504815916546e+01
2.100000000000000e+03,1,2.158279106322019e+00,4.669971159324977e-01,8.529842839388845e-21,1.484077634953970e-40,-2.782854337968353e+02
2.100000000000000e+03,2,2.158279106322019e+00,7.257313457507872e-02,4.953005843853675e-05,7.776316445306604e-10,2.890773925227655e+01
2.100000000000000e+03,3,2.158279106322019e+00,5.365579255769535e-03,2.188530597691408e-20,1.122489333726116e-41,-2.894981777711831e+02
2.100000000000000e+03,4,2.158279106322019e+00,2.276071529853054e-04,1.163637675382738e-05,1.346113927009717e-13,-8.709181824761984e+00
2.100000000000000e+03,5,2.158279106322019e+00,6.208544330188153e-06,5.379034364212486e-21,7.846189391904809e-46,-3.310534121304736e+02
2.100000000000000e+03,6,2.158279106322019e+00,1.175191303169923e-07,4.702883504207865e-06,1.135265326159190e-17,-4.944902626382348e+01
2.100000000000000e+03,7,2.158279106322019e+00,1.629717174088072e-09,9.416249732865440e-21,6.311441212728916e-49,-3.619987145862166e+02
2.100000000000000e+03,8,2.158279106322019e+00,1.724246860851483e-11,3.685668960611153e-06,1.023039629427088e-21,-8.990107542721708e+01
2.100000000000000e+03,9,2.158279106322019e+00,1.436107497600839e-13,6.235417162560688e-21,2.438812096797840e-53,-4.061282165949253e+02
2.100000000000000e+03,10,2.158279106322019e+00,9.654059080702681e-16,1.676672132913052e-06,1.185404598483641e-26,-1.392613339235582e+02
2.100000000000000e+03,11,2.158279106322019e+00,5.345486910612021e-18,1.621457117921576e-20,6.138447819676310e-57,-4.421194143155751e+02
2.100000000000000e+03,12,2.158279106322019e+00,2.479312605453333e-20,2.087988553369115e-06,4.721150862519159e-31,-1.832595212163764e+02
2.100000000000000e+03,13,2.158279106322019e+00,9.770130944252698e-23,7.285106590698459e-21,2.264814142201508e-62,-4.964496743176512e+02
2.100000000000000e+03,14,2.158279106322019e+00,3.310930205620616e-25,1.276515280281171e-06,2.356472763525358e-36,-2.362773757551776e+02
2.100000000000000e+03,15,2.158279106322019e+00,9.750263514985423e-28,1.058873898898209e-20,4.774910135394795e-67,-5.432103479749792e+02
2.100000000000000e+03,16,2.158279106322019e+00,2.517986603989792e-30,1.113362482703023e-06,1.363285901821688e-41,-2.886541305644492e+02
2.100000000000000e+03,17,2.158279106322019e+00,5.748277918011553e-33,1.558051790438448e-20,6.094834253999287e-72,-5.921503810030848e+02
2.100000000000000e+03,18,2.158279106322019e+00,1.168286848020222e-35,9.848252869920144e-07,4.949122837522532e-47,-3.430547176684025e+02
2.100000000000000e+03,19,2.158279106322019e+00,2.127335849761319e-38,2.546057088120100e-21,6.023275061499885e-79,-6.622016730369578e+02
2.100000000000000e+03,20,2.158279106322019e+00,3.490302920684235e-41,7.940212692056898e-07,9.611424424752924e-53,-4.001721224459288e+02
2.100000000000000e+03,21,2.158279106322019e+00,5.186275132711880e-44,6.409185844022444e-21,9.305112859525051e-84,-7.103127835504565e+02
2.100000000000000e+03,22,2.158279106322019e+00,7.011822734886116e-47,8.578270653598836e-07,2.253672370076466e-58,-4.564710921970518e+02
2.100000000000000e+03,23,2.158279106322019e+00,8.662177465843792e-50,1.380494806756531e-20,7.210360758016388e-89,-7.614204300555848e+02
2.100000000000000e+03,24,2.158279106322019e+00,9.815783752010210e-53,5.759062122255250e-07,1.421964883985670e-64,-5.184711112855672e+02
2.100000000000000e+03,25,2.158279106322019e+00,1.023924560819655e-55,9.558046457471952e-21,4.085701157775738e-95,-8.238873340233288e+02
2.100000000000000e+03,26,2.158279106322019e+00,9.864562970013007e-59,6.084788522570618e-07,1.595251604669611e-70,-5.779717080984689e+02
2.100000000000000e+03,27,2.158279106322019e+00,8.803771388892979e-62,2.800829156803100e-20,3.016493244828149e-100,-8.752049764291086e+02
2.100000000000000e+03,28,2.158279106322019e+00,7.298923589956610e-65,5.290965438569713e-07,8.924605533530704e-77,-6.404941097055437e+02
2.100000000000000e+03,29,2.158279106322019e+00,5.636120964490967e-68,3.912391022809360e-20,3.768123912835853e-106,-9.342387482409147e+02
2.100000000000000e+03,30,2.158279106322019e+00,4.063388776331575e-71,4.578738733039237e-07,3.720835461852817e-83,-7.042935953438301e+02
2.100000000000000e+03,31,2.158279106322019e+00,2.741376365709158e-74,1.867708849138866e-20,4.176835583908068e-113,-1.003791526198766e+03
2.100000000000000e+03,32,2.158279106322019e+00,1.734378630427264e-77,4.328388975188826e-07,1.419243262407063e-89,-7.684794315882978e+02
2.100000000000000e+03,33,2.158279106322019e+00,1.031050175762080e-80,1.146236206089717e-20,5.916820692254751e-120,-1.072279115917073e+03
2.100000000000000e+03,34,2.158279106322019e+00,5.770189179687889e-84,3.202338310975602e-07,2.584549397310538e-96,-8.358761516294517e+02
2.100000000000000e+03,35,2.158279106322019e+00,3.045376394274763e-87,1.229292586786353e-20,2.010073163054842e-126,-1.136967881347523e+03
2.100000000000000e+03,36,2.158279106322019e+00,1.518292631249076e-90,3.640668484461837e-07,8.789782239026636e-103,-9.005602188414814e+02
2.100000000000000e+03,37,2.158279106322019e+00,7.161708821642175e-94,4.742651802349061e-20,7.035897498170632e-132,-1.191526804961479e+03
2.100000000000000e+03,38,2.158279106322019e+00,3.200891565812854e-97,2.840086346282761e-07,1.127702161881651e-109,-9.694780558699371e+02
2.100000000000000e+03,39,2.158279106322019e+00,1.357472645821709e-100,6.040865342693972e-20,2.163663704314124e-138,-1.256648102401969e+03
2.100000000000000e+03,40,2.158279106322019e+00,5.469889317164256e-104,2.559984501971269e-07,1.565718105592204e-116,-1.038052864263176e+03
2.150000000000000e+03,0,2.209666704091592e+00,1.000000000000000e+00,8.483017846997852e-07,3.143121174058241e-12,4.973611243234735e+00
2.150000000000000e+03,1,2.209666704091592e+00,4.739512458450864e-01,2.849538162949772e-22,1.680904297666782e-43,-3.077445701242513e+02
2.150000000000000e+03,2,2.209666704091592e+00,7.591301440959254e-02,9.393696834333687e-07,2.925833983312164e-13,-5.337503201030296e+00
2.150000000000000e+03,3,2.209666704091592e+00,5.822385979797303e-03,1.444229871320605e-22,5.304372344776419e-46,-3.327536599787515e+02
2.150000000000000e+03,4,2.209666704091592e+00,2.570797378697656e-04,3.004263134947930e-07,1.013454250780956e-16,-3.994195851393103e+01
2.150000000000000e+03,5,2.209666704091592e+00,7.313341185853158e-06,3.218107343997156e-22,3.308089498638658e-48,-3.548042274934951e+02
2.150000000000000e+03,6,2.209666704091592e+00,1.445489521831764e-07,8.155495646849507e-08,4.199291581457330e-21,-8.376823968700609e+01
2.150000000000000e+03,7,2.209666704091592e+00,2.094884168815098e-09,2.446053634083332e-22,5.474599188325509e-52,-3.926164767131349e+02
2.150000000000000e+03,8,2.209666704091592e+00,2.317625768744816e-11,6.710556450044403e-08,4.558487224675307e-25,-1.234117925798860e+02
2.150000000000000e+03,9,2.209666704091592e+00,2.019357866839645e-13,1.247507937159040e-22,1.372651498408483e-56,-4.386243971151043e+02
2.150000000000000e+03,10,2.209666704091592e+00,1.420558934078024e-15,5.049007990364597e-08,1.581727752676257e-29,-1.680086826526640e+02
2.150000000000000e+03,11,2.209666704091592e+00,8.233188464700111e-18,3.697619932758806e-22,4.916691491782890e-60,-4.730832704158166e+02
2.150000000000000e+03,12,2.209666704091592e+00,3.997874213172208e-20,4.121626631792084e-08,2.966379994878155e-34,-2.152777321638650e+02
2.150000000000000e+03,13,2.209666704091592e+00,1.649620077576299e-22,1.409924440504206e-22,1.432306538808548e-65,-5.284396402541772e+02
2.150000000000000e+03,14,2.209666704091592e+00,5.854303338593802e-25,3.263959415711661e-08,2.724112785555896e-39,-2.656477491543379e+02
2.150000000000000e+03,15,2.209666704091592e+00,1.805632503563997e-27,1.862901829956273e-22,2.736967658237668e-70,-5.756273033446123e+02
2.150000000000000e+03,16,2.209666704091592e+00,4.884192732014430e-30,2.378195027436776e-08,1.206557682821022e-44,-3.191845191061219e+02
2.150000000000000e+03,17,2.209666704091592e+00,1.167981665115418e-32,2.953266480977800e-22,4.449402154537180e-75,-6.235169833922764e+02
2.150000000000000e+03,18,2.209666704091592e+00,2.486762646363084e-35,2.356379096367275e-08,6.030940182741332e-50,-3.721961497901275e+02
2.150000000000000e+03,19,2.209666704091592e+00,4.743853338908790e-38,6.879537379740861e-23,9.806410889817336e-82,-6.900848991371662e+02
2.150000000000000e+03,20,2.209666704091592e+00,8.154347535054295e-41,2.044899537172015e-08,1.489338900676034e-55,-4.282700646682375e+02
2.150000000000000e+03,21,2.209666704091592e+00,1.269493390519907e-43,8.679091815110424e-23,4.176758571451412e-87,-7.437916062746810e+02
2.150000000000000e+03,22,2.209666704091592e+00,1.798333728145957e-46,1.771676362880299e-08,2.465468366191447e-61,-4.860810056542107e+02
2.150000000000000e+03,23,2.209666704091592e+00,2.327794916701324e-49,3.552603506801457e-22,1.283212432712340e-91,-7.889170144127297e+02
2.150000000000000e+03,24,2.209666704091592e+00,2.763968712813775e-52,1.513351931619842e-08,2.764861342951408e-67,-5.455832664356399e+02
2.150000000000000e+03,25,2.209666704091592e+00,3.021186110813232e-55,2.900374086846371e-22,1.110058521299594e-97,-8.495465412499034e+02
2.150000000000000e+03,26,2.209666704091592e+00,3.049990349017812e-58,1.364921681077657e-08,2.481842931345863e-73,-6.060522570720807e+02
2.150000000000000e+03,27,2.209666704091592e+00,2.852391859394888e-61,4.792510578165055e-22,2.861512922662167e-103,-9.054340428846670e+02
2.150000000000000e+03,28,2.209666704091592e+00,2.478146163292532e-64,1.329620352899475e-08,1.913562226843109e-79,-6.671815741045272e+02
2.150000000000000e+03,29,2.209666704091592e+00,2.005317632006620e-67,7.825198546287823e-22,5.363326876090501e-109,-9.627056573349446e+02
2.150000000000000e+03,30,2.209666704091592e+00,1.515069116475232e-70,1.095354905733258e-08,7.939671311373852e-86,-7.310019747623932e+02
2.150000000000000e+03,31,2.209666704091592e+00,1.071173423414313e-73,3.546020152246035e-22,5.883050152174508e-116,-1.032303974492974e+03
2.150000000000000e+03,32,2.209666704091592e+00,7.102110656042004e-77,9.842239119833710e-09,3.004938733923257e-92,-7.952216437816717e+02
2.150000000000000e+03,33,2.209666704091592e+00,4.424667111783574e-80,2.014316422783859e-22,7.841449544305484e-123,-1.101056036476595e+03
2.150000000000000e+03,34,2.209666704091592e+00,2.595091136993699e-83,8.949083986580963e-09,9.077581258797747e-99,-8.604202985477094e+02
2.150000000000000e+03,35,2.209666704091592e+00,1.435388355106703e-86,2.299145499384020e-22,3.314077755516033e-129,-1.164796373062983e+03
2.150000000000000e+03,36,2.209666704091592e+00,7.499867655801590e-90,8.254546085407223e-09,2.232031687474160e-105,-9.265129964414418e+02
2.150000000000000e+03,37,2.209666704091592e+00,3.707557997762796e-93,9.057744796191947e-22,1.328582344386420e-134,-1.218766115232226e+03
2.150000000000000e+03,38,2.209666704091592e+00,1.736675497532709e-96,7.356831054882392e-09,4.105448471652570e-112,-9.938663939442140e+02
2.150000000000000e+03,39,2.209666704091592e+00,7.718950025890919e-100,1.131186348717621e-21,4.314067171208108e-141,-1.283651130970967e+03
2.150000000000000e+03,40,2.209666704091592e+00,3.259777072811672e-103,6.042178304143700e-09,5.197988783850443e-119,-1.062841646619487e+03
2.200000000000000e+03,0,2.261054301861163e+00,1.000000000000000e+00,3.387914067366705e-05,5.013316637839945e-09,3.700125135238211e+01
2.200000000000000e+03,1,2.261054301861163e+00,4.807352012391410e-01,5.543005855974080e-21,6.451444443725239e-41,-2.819034303827823e+02
2.200000000000000e+03,2,2.261054301861163e+00,7.928220040953052e-02,3.693378293193273e-05,4.723714519427843e-10,2.674283642882293e+01
2.200000000000000e+03,3,2.261054301861163e+00,6.301286833426255e-03,1.735133928721893e-20,8.286203904658285e-42,-2.908164438390541e+02
2.200000000000000e+03,4,2.261054301861163e+00,2.892731848494486e-04,1.033742647274102e-05,1.350185398957963e-13,-8.696065928264412e+00
2.200000000000000e+03,5,2.261054301861163e+00,8.572610249783657e-06,7.929808780047085e-21,2.354500959524521e-45,-3.262810112823416e+02
2.200000000000000e+03,6,2.261054301861163e+00,1.767283358686199e-07,3.433663968422713e-06,9.100853707193262e-18,-5.040917866697255e+01
2.200000000000000e+03,7,2.261054301861163e+00,2.673670389465989e-09,9.764765914027332e-21,1.113504310315941e-48,-3.595330809749586e+02
2.200000000000000e+03,8,2.261054301861163e+00,3.089613159923063e-11,3.476893850886880e-06,1.631350697906940e-21,-8.787452666921897e+01
2.200000000000000e+03,9,2.261054301861163e+00,2.813033587975001e-13,4.342334871466586e-21,2.316764581895472e-53,-4.063511809481519e+02
2.200000000000000e+03,10,2.261054301861163e+00,2.068538146958220e-15,1.549528186128120e-06,2.169316194237081e-26,-1.366367714166765e+02
2.200000000000000e+03,11,2.261054301861163e+00,1.253500931270187e-17,1.284512705193646e-20,9.033620300010204e-57,-4.404413816760193e+02
2.200000000000000e+03,12,2.261054301861163e+00,6.365384118827534e-20,1.755377889447208e-06,8.566949890637723e-31,-1.806717377334465e+02
2.200000000000000e+03,13,2.261054301861163e+00,2.747184499587653e-22,7.793136473402075e-21,7.287402439865084e-62,-4.913742724631346e+02
2.200000000000000e+03,14,2.261054301861163e+00,1.019868525561924e-24,1.208497216426581e-06,6.505727387542251e-36,-2.318670413911236e+02
2.200000000000000e+03,15,2.261054301861163e+00,3.290866103900157e-27,8.445145744170190e-21,1.025143997671523e-66,-5.398921512680163e+02
2.200000000000000e+03,16,2.261054301861163e+00,9.313751122688314e-30,1.006151674930695e-06,4.118242353098028e-41,-2.838528809931194e+02
2.200000000000000e+03,17,2.261054301861163e+00,2.330514747987033e-32,1.082092878079242e-20,1.191904051149833e-71,-5.892375870410364e+02
2.200000000000000e+03,18,2.261054301861163e+00,5.192329849944823e-35,9.390399300464842e-07,1.999819304665701e-46,-3.369900924360193e+02
2.200000000000000e+03,19,2.261054301861163e+00,1.036562379994567e-37,3.743392130574644e-22,6.344340039193637e-80,-6.719761354807572e+02
2.200000000000000e+03,20,2.261054301861163e+00,1.864706742637410e-40,7.008315888671019e-07,4.000352313584225e-52,-3.939790175839514e+02
2.200000000000000e+03,21,2.261054301861163e+00,3.038275082200764e-43,4.876477718557949e-21,3.155730760879366e-83,-7.050090005681000e+02
2.200000000000000e+03,22,2.261054301861163e+00,4.504620384520928e-46,7.774614270154103e-07,1.189258496891259e-57,-4.492472373699462e+02
2.200000000000000e+03,23,2.261054301861163e+00,6.102923502091700e-49,1.173551940353607e-20,3.671156687539675e-88,-7.543519707910765e+02
2.200000000000000e+03,24,2.261054301861163e+00,7.584798936517344e-52,5.497540617411323e-07,1.001247233434288e-63,-5.099945867091358e+02
2.200000000000000e+03,25,2.261054301861163e+00,8.677951834879305e-55,8.076016079945253e-21,2.472133661970353e-94,-8.160692805175197e+02
2.200000000000000e+03,26,2.261054301861163e+00,9.170160093716357e-58,5.452063407798471e-07,1.190581354237712e-69,-5.692424092324159e+02
2.200000000000000e+03,27,2.261054301861163e+00,8.977082439504482e-61,2.113747394941631e-20,1.751869481858500e-99,-8.675649825285979e+02
2.200000000000000e+03,28,2.261054301861163e+00,8.164103668864597e-64,4.863087704624039e-07,8.433213160296362e-76,-6.307400692218322e+02
2.200000000000000e+03,29,2.261054301861163e+00,6.915563292799446e-67,2.700524698984295e-20,2.202846476189306e-105,-9.265701576924378e+02
2.200000000000000e+03,30,2.261054301861163e+00,5.469481822582653e-70,4.044220019096008e-07,3.907294045619439e-82,-6.940812390446893e+02
2.200000000000000e+03,31,2.261054301861163e+00,4.048077697271622e-73,1.330900939531242e-20,3.131847926602129e-112,-9.950419933417506e+02
2.200000000000000e+03,32,2.261054301861163e+00,2.809682448795681e-76,4.037644858242783e-07,2.000662514538095e-88,-7.569882616495458e+02
2.200000000000000e+03,33,2.261054301861163e+00,1.832466892124606e-79,7.421363408553889e-21,4.408226458989031e-119,-1.063557361030485e+03
2.200000000000000e+03,34,2.261054301861163e+00,1.125118963934285e-82,2.936343206879736e-07,4.237136342388798e-95,-8.237292756106523e+02
2.200000000000000e+03,35,2.261054301861163e+00,6.514929826151229e-86,8.757457676317782e-21,2.182359027002391e-125,-1.126610738006681e+03
2.200000000000000e+03,36,2.261054301861163e+00,3.563627360587320e-89,3.221101979497975e-07,1.614959356830887e-101,-8.879183840294661e+02
2.200000000000000e+03,37,2.261054301861163e+00,1.844287284158169e-92,3.537218360274557e-20,1.007888931946882e-130,-1.179965873239423e+03
2.200000000000000e+03,38,2.261054301861163e+00,9.044082908538184e-96,2.642150494032056e-07,2.757655428375754e-108,-9.555946000027178e+02
2.200000000000000e+03,39,2.261054301861163e+00,4.208355234134130e-99,4.684815992742512e-20,4.034203765008781e-137,-1.243942421696374e+03
2.200000000000000e+03,40,2.261054301861163e+00,1.860600856424856e-102,2.326134186398251e-07,4.397269743064874e-115,-1.023568168925037e+03
2.250000000000000e+03,0,2.312441899630735e+00,1.000000000000000e+00,1.856385781377637e-06,1.505209080634455e-11,1.177596829670110e+01
2.250000000000000e+03,1,2.312441899630735e+00,4.873546574116444e-01,7.802501433197103e-22,1.295905096709602e-42,-2.988742680208000e+02
2.250000000000000e+03,2,2.312441899630735e+00,8.267806264166443e-02,1.891647795847436e-06,1.292204388983548e-12,1.113312117916744e+00
2.250000000000000e+03,3,2.312441899630735e+00,6.802363237329577e-03,5.634551298227672e-22,9.432761553195016e-45,-3.202536114376975e+02
2.250000000000000e+03,4,2.312441899630735e+00,3.243302732507858e-04,8.426427872391314e-07,1.005853812394081e-15,-2.997465133677662e+01
2.250000000000000e+03,5,2.312441899630735e+00,1.000193467963184e-05,4.415626163271697e-22,8.517830091105428e-48,-3.506967102723847e+02
2.250000000000000e+03,6,2.312441899630735e+00,2.148357165399292e-07,4.577074332288763e-07,1.965815606564320e-19,-6.706457221400780e+01
2.250000000000000e+03,7,2.312441899630735e+00,3.389233973464189e-09,5.804238594194251e-22,4.987149959465267e-51,-3.830214757271023e+02
2.250000000000000e+03,8,2.312441899630735e+00,4.086476837464123e-11,2.691066478577374e-07,1.292582457415766e-23,-1.088854174250218e+02
2.250000000000000e+03,9,2.312441899630735e+00,3.883831920216600e-13,3.689336810211293e-22,2.308965265714531e-55,-4.263658260022357e+02
2.250000000000000e+03,10,2.312441899630735e+00,2.982172177173343e-15,1.685722015053596e-07,3.701391252094432e-28,-1.543163500578714e+02
2.250000000000000e+03,11,2.312441899630735e+00,1.887505816481135e-17,3.598454337893078e-22,1.067531389551913e-59,-4.697161934617764e+02
2.250000000000000e+03,12,2.312441899630735e+00,1.001313878382717e-19,1.864885223616239e-07,1.521019613228273e-32,-1.981786518577482e+02
2.250000000000000e+03,13,2.312441899630735e+00,4.515291321890525e-22,2.012617294330674e-22,7.988560695110878e-65,-5.209753146079596e+02
2.250000000000000e+03,14,2.312441899630735e+00,1.751668241107373e-24,1.338360142464924e-07,1.370434262232597e-37,-2.486314179210869e+02
2.250000000000000e+03,15,2.312441899630735e+00,5.907109586150309e-27,4.863371814657765e-22,6.102535827149373e-69,-5.621448966222006e+02
2.250000000000000e+03,16,2.312441899630735e+00,1.747375497277096e-29,1.095562478292446e-07,9.160536383311617e-43,-3.003807909603823e+02
2.250000000000000e+03,17,2.312441899630735e+00,4.570289884221666e-32,8.196888255374671e-22,1.341226542646784e-73,-6.087249786054372e+02
2.250000000000000e+03,18,2.312441899630735e+00,1.064419874757695e-34,9.318762488174152e-08,4.037288861606209e-48,-3.539391017639756e+02
2.250000000000000e+03,19,2.312441899630735e+00,2.221413788135216e-37,9.731244667793042e-23,9.188118971725068e-81,-6.803677339000844e+02
2.250000000000000e+03,20,2.312441899630735e+00,4.177813903014173e-40,8.429522489926565e-08,1.296628016144905e-53,-4.088718459886323e+02
2.250000000000000e+03,21,2.312441899630735e+00,7.116863704446889e-43,1.896391609599297e-22,1.117905420473331e-85,-7.295159493804535e+02
2.250000000000000e+03,22,2.312441899630735e+00,1.103211949416689e-45,8.186511662524165e-08,3.229364671580099e-59,-4.649088291010440e+02
2.250000000000000e+03,23,2.312441899630735e+00,1.562759552845910e-48,7.742410533496339e-22,4.091710669055211e-90,-7.738809508348266e+02
2.250000000000000e+03,24,2.312441899630735e+00,2.030787260487298e-51,6.111156727345113e-08,3.312620132115874e-65,-5.247982836308713e+02
2.250000000000000e+03,25,2.312441899630735e+00,2.429489180513002e-54,6.209917622606906e-22,4.092107276803572e-96,-8.338805298954611e+02
2.250000000000000e+03,26,2.312441899630735e+00,2.684491845627910e-57,5.876738690262131e-08,4.049442274747067e-71,-5.839260478757030e+02
2.250000000000000e+03,27,2.312441899630735e+00,2.748000787065034e-60,1.141734599825266e-21,1.564615183562299e-101,-8.880559245952696e+02
2.250000000000000e+03,28,2.312441899630735e+00,2.613333008683141e-63,5.372943954635923e-08,3.295184513272961e-77,-6.448212026214653e+02
2.250000000000000e+03,29,2.312441899630735e+00,2.314865505370576e-66,1.740074249479289e-21,3.061411340500343e-107,-9.451407831336005e+02
2.250000000000000e+03,30,2.312441899630735e+00,1.914533713784650e-69,4.839145051541134e-08,1.958216301416319e-83,-7.070813933841481e+02
2.250000000000000e+03,31,2.312441899630735e+00,1.481802686532992e-72,7.224843790428928e-22,3.378373516329956e-114,-1.014712923360814e+03
2.250000000000000e+03,32,2.312441899630735e+00,1.075546075108542e-75,4.247648471315652e-08,8.475913555974995e-90,-7.707181348121496e+02
2.250000000000000e+03,33,2.312441899630735e+00,7.335728168642489e-79,4.707028375673125e-22,7.099000807282581e-121,-1.081488027744388e+03
2.250000000000000e+03,34,2.312441899630735e+00,4.710266714901292e-82,3.488622814989521e-08,2.503882216617061e-96,-8.360138610432597e+02
2.250000000000000e+03,35,2.312441899630735e+00,2.852338303437201e-85,3.852353377967812e-22,1.848900898641983e-127,-1.147330863664646e+03
2.250000000000000e+03,36,2.312441899630735e+00,1.631667842509339e-88,3.624734663816150e-08,9.363636791930346e-103,-9.002855544058837e+02
2.250000000000000e+03,37,2.312441899630735e+00,8.831202824918205e-92,1.757234582943701e-21,1.191076635986140e-132,-1.199240602943399e+03
2.250000000000000e+03,38,2.312441899630735e+00,4.529090601781672e-95,3.055166864798087e-08,1.846465688544886e-109,-9.673365875809916e+02
2.250000000000000e+03,39,2.312441899630735e+00,2.204028347941172e-98,2.861515570516449e-21,7.882605024158821e-139,-1.261033302342041e+03
2.250000000000000e+03,40,2.312441899630735e+00,1.019105658303934e-101,2.663277250053289e-08,3.157274445298017e-116,-1.035006876655268e+03
2.300000000000000e+03,0,2.363829497400307e+00,1.000000000000000e+00,1.874831774537090e-05,1.535270742002651e-09,3.186184973552296e+01
2.300000000000000e+03,1,2.363829497400307e+00,4.938150779347840e-01,7.635051808331911e-22,1.257328286119055e-42,-2.990055131401204e+02
2.300000000000000e+03,2,2.363829497400307e+00,8.609808593552085e-02,2.400960645644533e-05,2.167823613968658e-10,2.336023942720384e+01
2.300000000000000e+03,3,2.363829497400307e+00,7.325665779923387e-03,7.592398453565107e-21,1.844443889468132e-42,-2.973413455207449e+02
2.300000000000000e+03,4,2.363829497400307e+00,3.623939172861830e-04,5.429125570309189e-06,4.665530529120295e-14,-1.331098964400027e+01
2.300000000000000e+03,5,2.363829497400307e+00,1.161780907029314e-05,8.319694273687728e-21,3.512362507933382e-45,-3.245440066729029e+02
2.300000000000000e+03,6,2.363829497400307e+00,2.597357458503214e-07,2.309720105253216e-06,6.052165498753894e-18,-5.218089204539658e+01
2.300000000000000e+03,7,2.363829497400307e+00,4.268517910003143e-09,6.174115101562008e-21,7.107009797174369e-49,-3.614831308587235e+02
2.300000000000000e+03,8,2.363829497400307e+00,5.364561299593047e-11,1.122338192947934e-06,2.951495051559250e-22,-9.529957940575029e+01
2.300000000000000e+03,9,2.363829497400307e+00,5.316745820892049e-13,3.898905090317493e-21,3.530137228198622e-53,-4.045220841181018e+02
2.300000000000000e+03,10,2.363829497400307e+00,4.258560374054448e-15,1.492680060444556e-06,4.144351994830668e-26,-1.338254336549242e+02
2.300000000000000e+03,11,2.363829497400307e+00,2.812385677335655e-17,8.925655210852964e-21,9.786230786241722e-57,-4.400938454659678e+02
2.300000000000000e+03,12,2.363829497400307e+00,1.557047118596095e-19,1.056888410817508e-06,7.596619772524315e-31,-1.811937961044277e+02
2.300000000000000e+03,13,2.363829497400307e+00,7.328808791788218e-22,1.916135991739381e-21,1.175293707916950e-62,-4.992985358889174e+02
2.300000000000000e+03,14,2.363829497400307e+00,2.968066702577361e-24,1.106687432785475e-06,1.587756781143798e-35,-2.279921602375844e+02
2.300000000000000e+03,15,2.363829497400307e+00,1.045006646154404e-26,4.168801213125469e-21,7.932348541827482e-67,-5.410059821145277e+02
2.300000000000000e+03,16,2.363829497400307e+00,3.227696341242891e-29,7.477981990283124e-07,7.883550657724522e-41,-2.810327813736470e+02
2.300000000000000e+03,17,2.363829497400307e+00,8.815491398606544e-32,6.190137789882383e-21,1.475392330836371e-71,-5.883109247835636e+02
2.300000000000000e+03,18,2.363829497400307e+00,2.144080283396597e-34,7.059146428984227e-07,4.666655989774919e-46,-3.333099421266724e+02
2.300000000000000e+03,19,2.363829497400307e+00,4.673128155158186e-37,1.130789480273139e-22,2.609946309519532e-80,-6.758336842665376e+02
2.300000000000000e+03,20,2.363829497400307e+00,9.179076921220443e-40,7.016479057321126e-07,1.973775885811779e-51,-3.870470216123115e+02
2.300000000000000e+03,21,2.363829497400307e+00,1.633161075371916e-42,4.982017568149807e-21,1.770516150436751e-82,-6.975190010730544e+02
2.300000000000000e+03,22,2.363829497400307e+00,2.644272645359886e-45,5.424690218709546e-07,3.398728554227996e-57,-4.446868351976776e+02
2.300000000000000e+03,23,2.363829497400307e+00,3.912558491286749e-48,8.292954913325009e-21,1.175275856387789e-87,-7.492986018543814e+02
2.300000000000000e+03,24,2.363829497400307e+00,5.310890746880459e-51,5.249162579075656e-07,6.391573369177294e-63,-5.019439222142806e+02
2.300000000000000e+03,25,2.363829497400307e+00,6.636874463577822e-54,5.578172421379659e-21,9.020026933889167e-94,-8.104479216564853e+02
2.300000000000000e+03,26,2.363829497400307e+00,7.660668132766790e-57,4.153045727394392e-07,5.771124422487286e-69,-5.623873956242377e+02
2.300000000000000e+03,27,2.363829497400307e+00,8.191935449671308e-60,9.428630612448372e-21,3.180856871678875e-99,-8.649745587230683e+02
2.300000000000000e+03,28,2.363829497400307e+00,8.138377054599000e-63,4.329005758481928e-07,6.661537806525927e-75,-6.217642550299259e+02
2.300000000000000e+03,29,2.363829497400307e+00,7.530948603591916e-66,1.844459846230582e-20,1.119047333784887e-104,-9.195115154317066e+02
2.300000000000000e+03,30,2.363829497400307e+00,6.506906926894588e-69,3.759097048713240e-07,4.016077026486800e-81,-6.839619796621728e+02
2.300000000000000e+03,31,2.363829497400307e+00,5.261332976667435e-72,8.128980934467323e-21,1.518547429401327e-111,-9.881857163904001e+02
2.300000000000000e+03,32,2.363829497400307e+00,3.989641769751512e-75,3.089790304235027e-07,1.663612891474436e-87,-7.477894772291006e+02
2.300000000000000e+03,33,2.363829497400307e+00,2.842842135213547e-78,5.286605453570970e-21,3.470299086573445e-118,-1.054596330940705e+03
2.300000000000000e+03,34,2.363829497400307e+00,1.907060093701990e-81,3.113265880504678e-07,8.073412922794952e-94,-8.109294283452200e+02
2.300000000000000e+03,35,2.363829497400307e+00,1.206517516142583e-84,5.897476399659600e-21,1.832847863076746e-124,-1.117368735824837e+03
2.300000000000000e+03,36,2.363829497400307e+00,7.210777295938570e-88,2.618588707335249e-07,2.159618439060868e-100,-8.766562297313069e+02
2.300000000000000e+03,37,2.363829497400307e+00,4.077477985806864e-91,2.345670563869127e-20,9.799096253761494e-130,-1.170088139763589e+03
2.300000000000000e+03,38,2.363829497400307e+00,2.184779653695528e-94,2.589084282458742e-07,6.396764792654002e-107,-9.419403961788186e+02
2.300000000000000e+03,39,2.363829497400307e+00,1.110815319218386e-97,2.175817493342806e-20,2.296926782017506e-136,-1.236388528483716e+03
2.300000000000000e+03,40,2.363829497400307e+00,5.366299456969908e-101,2.053002414691828e-07,9.879027340355190e-114,-1.010052858126503e+03
2.350000000000000e+03,0,2.415217095169879e+00,1.000000000000000e+00,1.424895843750900e-06,8.868018742267009e-12,9.478266023105764e+00
2.350000000000000e+03,1,2.415217095169879e+00,5.001217205758246e-01,1.569900765128973e-22,5.383695418686004e-44,-3.126891951819821e+02
2.350000000000000e+03,2,2.415217095169879e+00,8.953986714457214e-02,1.548198621145481e-06,9.374112500325465e-13,-2.806983874226671e-01
2.350000000000000e+03,3,2.415217095169879e+00,7.871215656772616e-03,1.963678689819205e-22,1.325693199882141e-45,-3.287755697141756e+02
2.350000000000000e+03,4,2.415217095169879e+00,4.036068513509270e-04,4.397424819094827e-07,3.408911600782673e-16,-3.467384260663178e+01
2.350000000000000e+03,5,2.415217095169879e+00,1.343764106126377e-05,3.462795799611128e-22,7.037803928078992e-48,-3.515256283669655e+02
2.350000000000000e+03,6,2.415217095169879e+00,3.123850172384446e-07,1.423886506418831e-07,2.766312936029554e-20,-7.558098692374428e+01
2.350000000000000e+03,7,2.415217095169879e+00,5.342711195638891e-09,4.012294963403936e-22,3.756710830318582e-51,-3.842519223310543e+02
2.350000000000000e+03,8,2.415217095169879e+00,6.992066576883908e-11,1.366480194105647e-07,5.702595940399493e-24,-1.124392739942517e+02
2.350000000000000e+03,9,2.415217095169879e+00,7.219314738945723e-13,2.783312193089726e-22,2.442756532260006e-55,-4.261211981667993e+02
2.350000000000000e+03,10,2.415217095169879e+00,6.026110870440852e-15,6.573218633201231e-08,1.137243952336866e-28,-1.594414636399347e+02
2.350000000000000e+03,11,2.415217095169879e+00,4.148454345849929e-17,5.116979651981651e-22,4.744320915223824e-59,-4.632382594211490e+02
2.350000000000000e+03,12,2.415217095169879e+00,2.394636957187339e-19,7.269900071379267e-08,5.527858611257171e-33,-2.025744307365413e+02
2.350000000000000e+03,13,2.415217095169879e+00,1.175356856522209e-21,2.665575887309014e-22,3.647642022679107e-64,-5.143798778964285e+02
2.350000000000000e+03,14,2.415217095169879e+00,4.964405078534346e-24,4.891036213688275e-08,5.187156258632945e-38,-2.528507066906061e+02
2.350000000000000e+03,15,2.415217095169879e+00,1.823133369463032e-26,3.285479756900369e-22,8.595603904553373e-69,-5.606572360551543e+02
2.350000000000000e+03,16,2.415217095169879e+00,5.874062862229527e-29,4.094972626869959e-08,4.302302658542815e-43,-3.036629904110998e+02
2.350000000000000e+03,17,2.415217095169879e+00,1.673683675745582e-31,5.073038745058574e-22,1.881352182956770e-73,-6.072552989833698e+02
2.350000000000000e+03,18,2.415217095169879e+00,4.246960013400351e-34,3.833697477360070e-08,2.726303575178281e-48,-3.556442578691506e+02
2.350000000000000e+03,19,2.415217095169879e+00,9.657846973460836e-37,7.803606291628287e-23,2.568806450785849e-80,-6.759026861684004e+02
2.350000000000000e+03,20,2.415217095169879e+00,1.979379111758927e-39,2.930649109310838e-08,7.425351064342933e-54,-4.112928300844811e+02
2.350000000000000e+03,21,2.415217095169879e+00,3.674814169848088e-42,2.324598288533435e-22,8.673443877876878e-85,-7.206180842730048e+02
2.350000000000000e+03,22,2.415217095169879e+00,6.208771592937536e-45,3.134319298322841e-08,2.664112251335604e-59,-4.657444748028680e+02
2.350000000000000e+03,23,2.415217095169879e+00,9.586677350772674e-48,4.781304291524341e-22,9.572408897737040e-90,-7.701897875821594e+02
2.350000000000000e+03,24,2.415217095169879e+00,1.357986665045569e-50,2.211939612731777e-08,2.902033362417570e-65,-5.253729759912413e+02
2.350000000000000e+03,25,2.415217095169879e+00,1.771023135726466e-53,2.768127508525827e-22,5.927298240676312e-96,-8.322714322004942e+02
2.350000000000000e+03,26,2.415217095169879e+00,2.133389578315766e-56,2.221221023335182e-08,4.597418962511548e-71,-5.833748591721642e+02
2.350000000000000e+03,27,2.415217095169879e+00,2.380906085787159e-59,8.437647718990394e-22,7.403641930071541e-101,-8.813055459364069e+02
2.350000000000000e+03,28,2.415217095169879e+00,2.468619677357588e-62,1.972875486399676e-08,4.196757764147073e-77,-6.437708609743856e+02
2.350000000000000e+03,29,2.415217095169879e+00,2.384154017210478e-65,1.132530794560267e-21,1.335656278353036e-106,-9.387430529007945e+02
2.350000000000000e+03,30,2.415217095169879e+00,2.149979738070383e-68,1.632979402488886e-08,2.504125804799621e-83,-7.060134385638900e+02
2.350000000000000e+03,31,2.415217095169879e+00,1.814416524282940e-71,5.849260766040178e-22,2.711435772958685e-113,-1.005668006784422e+03
2.350000000000000e+03,32,2.415217095169879e+00,1.436025903789685e-74,1.603062331511379e-08,1.611845664652726e-89,-7.679267654453993e+02
2.350000000000000e+03,33,2.415217095169879e+00,1.068005606311791e-77,3.006753169740672e-22,4.217251004525299e-120,-1.073749705496524e+03
2.350000000000000e+03,34,2.415217095169879e+00,7.477947304979144e-81,1.196313554760323e-08,4.674474666373695e-96,-8.333026718956467e+02
2.350000000000000e+03,35,2.415217095169879e+00,4.938025369798268e-84,3.717309546790436e-22,2.980376524216560e-126,-1.135257288661050e+03
2.350000000000000e+03,36,2.415217095169879e+00,3.080402842116807e-87,1.310577956061946e-08,2.310966213148826e-102,-8.963620640395848e+02
2.350000000000000e+03,37,2.415217095169879e+00,1.818136886418322e-90,1.464789964014435e-21,1.703874692018156e-131,-1.187685623476950e+03
2.350000000000000e+03,38,2.415217095169879e+00,1.016846992127802e-93,1.061846198747530e-08,5.007710391659583e-109,-9.630036079540087e+02
2.350000000000000e+03,39,2.415217095169879e+00,5.396424163651368e-97,1.884154025643177e-21,8.367567922160309e-138,-1.250774007536520e+03
2.350000000000000e+03,40,2.415217095169879e+00,2.721186979315063e-100,9.409196362076869e-09,1.052261815856654e-115,-1.029778761888562e+03
2.400000000000000e+03,0,2.466604692939451e+00,1.000000000000000e+00,9.661032824023835e-06,4.076688030637543e-10,2.610307478252114e+01
2.400000000000000e+03,1,2.466604692939451e+00,5.062796435674656e-01,2.068721658567194e-21,9.463568963454379e-42,-2.902394504871152e+02
2.400000000000000e+03,2,2.466604692939451e+00,9.300111218329014e-02,1.071261201067087e-05,4.661645639318075e-11,1.668539257014256e+01
2.400000000000000e+03,3,2.466604692939451e+00,8.439006115057010e-03,3.029727608405865e-21,3.383442758359813e-43,-3.047064116658372e+02
2.400000000000000e+03,4,2.466604692939451e+00,4.481113280205577e-04,3.050076137767560e-06,1.820822649105787e-14,-1.739732353087919e+01
2.400000000000000e+03,5,2.466604692939451e+00,1.547975009552344e-05,2.117840846301881e-21,3.032570796888384e-46,-3.351818905152023e+02
2.400000000000000e+03,6,2.466604692939451e+00,3.738378288506757e-07,1.408508070147410e-06,3.239382919999550e-18,-5.489537712004193e+01
2.400000000000000e+03,7,2.466604692939451e+00,6.647745083249904e-09,2.833781221640338e-21,2.331671458150706e-49,-3.663233264343452e+02
2.400000000000000e+03,8,2.466604692939451e+00,9.051065449993879e-11,9.809627532364377e-07,3.804215438519916e-22,-9.419734896279573e+01
2.400000000000000e+03,9,2.466604692939451e+00,9.726684540976811e-13,1.248577006660526e-21,6.623016844172113e-54,-4.117894414042016e+02
2.400000000000000e+03,10,2.466604692939451e+00,8.453319783908807e-15,5.313151122476601e-07,1.042298226612294e-26,-1.398200800115053e+02
2.400000000000000e+03,11,2.466604692939451e+00,6.060545515529995e-17,3.395258726042554e-21,3.051531295070944e-57,-4.451548217176443e+02
2.400000000000000e+03,12,2.466604692939451e+00,3.644102122946741e-19,6.162676927406995e-07,6.044908115581312e-31,-1.821861029615959e+02
2.400000000000000e+03,13,2.466604692939451e+00,1.863454370439856e-21,2.116134306951710e-21,3.644731849850926e-62,-4.943833441807685e+02
2.400000000000000e+03,14,2.466604692939451e+00,8.201132434862056e-24,4.140461718926827e-07,6.140895901139337e-36,-2.321176826460186e+02
2.400000000000000e+03,15,2.466604692939451e+00,3.138570319470475e-26,1.973596778447632e-21,5.339604390872169e-67,-5.427249091848189e+02
2.400000000000000e+03,16,2.466604692939451e+00,1.053901516968022e-28,3.471149926702643e-07,5.546348275174582e-41,-2.825599286298796e+02
2.400000000000000e+03,17,2.466604692939451e+00,3.129807917212147e-31,3.439161940130424e-21,1.616900516191733e-71,-5.879131670031505e+02
2.400000000000000e+03,18,2.466604692939451e+00,8.278183997682048e-34,3.032476159979023e-07,3.324989121365106e-46,-3.347820977127481e+02
2.400000000000000e+03,19,2.466604692939451e+00,1.962345144688654e-36,5.615088195861966e-22,2.702395582069947e-78,-6.556825107776574e+02
2.400000000000000e+03,20,2.466604692939451e+00,4.192609219712646e-39,2.582523927626483e-07,1.221331212271169e-51,-3.891316654395398e+02
2.400000000000000e+03,21,2.466604692939451e+00,8.114661921287338e-42,1.394696178667916e-21,6.894297429764975e-83,-7.016150998444426e+02
2.400000000000000e+03,22,2.466604692939451e+00,1.429345852817786e-44,2.608231724093775e-07,4.247076021128575e-57,-4.437190996522520e+02
2.400000000000000e+03,23,2.466604692939451e+00,2.300971805616253e-47,3.894297450138514e-21,1.524157686674249e-87,-7.481697009932855e+02
2.400000000000000e+03,24,2.466604692939451e+00,3.398313873538158e-50,1.865540908194515e-07,5.165750246618646e-63,-5.028686659489855e+02
2.400000000000000e+03,25,2.466604692939451e+00,4.620923929390926e-53,2.558444896645082e-21,1.321117110452468e-93,-8.087905868263607e+02
2.400000000000000e+03,26,2.466604692939451e+00,5.803926638339407e-56,1.860284928660785e-07,8.772860275132228e-69,-5.605685878757091e+02
2.400000000000000e+03,27,2.466604692939451e+00,6.753838229991657e-59,5.639942344851517e-21,9.383402500004646e-99,-8.602763965426129e+02
2.400000000000000e+03,28,2.466604692939451e+00,7.301763594686175e-62,1.667098028172842e-07,8.863605259323589e-75,-6.205238959349051e+02
2.400000000000000e+03,29,2.466604692939451e+00,7.353275108597371e-65,8.999141153437476e-21,2.601017685932967e-104,-9.158485669475646e+02
2.400000000000000e+03,30,2.466604692939451e+00,6.914500580846185e-68,1.466001684544702e-07,6.490678815703101e-81,-6.818770988093496e+02
2.400000000000000e+03,31,2.466604692939451e+00,6.084848568180936e-71,4.002914244975797e-21,4.258559406392372e-111,-9.837073729002033e+02
2.400000000000000e+03,32,2.466604692939451e+00,5.021890277440129e-74,1.337973031524368e-07,3.926650992565893e-87,-7.440597769784814e+02
2.400000000000000e+03,33,2.466604692939451e+00,3.894717659981248e-77,2.339694948253917e-21,9.312254090620978e-118,-1.050309451825386e+03
2.400000000000000e+03,34,2.466604692939451e+00,2.843722723115346e-80,1.058075179249038e-07,1.390530965464173e-93,-8.085681933547261e+02
2.400000000000000e+03,35,2.466604692939451e+00,1.958236184814789e-83,2.593633219634435e-21,5.753638269152407e-124,-1.112400574456520e+03
2.400000000000000e+03,36,2.466604692939451e+00,1.273885314598617e-86,1.137296281878765e-07,7.196775125104463e-100,-8.714286206733502e+02
2.400000000000000e+03,37,2.466604692939451e+00,7.840870719665761e-90,1.059308045794568e-20,3.842989501299255e-129,-1.164153308019874e+03
2.400000000000000e+03,38,2.466604692939451e+00,4.573111361678438e-93,9.318097072715019e-08,1.734309492127125e-106,-9.376087339894209e+02
2.400000000000000e+03,39,2.466604692939451e+00,2.530952515213266e-96,1.340113469777349e-20,1.985306227625088e-135,-1.227021724950921e+03
2.400000000000000e+03,40,2.466604692939451e+00,1.330948087848814e-99,8.223366153450867e-08,3.931160140860237e-113,-1.004054792642757e+03
2.450000000000000e+03,0,2.517992290709023e+00,1.000000000000000e+00,9.181261217361068e-08,3.681841176492007e-14,-1.433934949580187e+01
2.450000000000000e+03,1,2.517992290709023e+00,5.122937121044858e-01,1.156352935432173e-22,2.991990448045599e-44,-3.152403979729411e+02
2.450000000000000e+03,2,2.517992290709023e+00,9.647963289505075e-02,1.600904536300928e-07,1.080007759381671e-14,-1.966573124286627e+01
2.450000000000000e+03,3,2.517992290709023e+00,9.029003893884502e-03,1.028052731340976e-22,4.168031435470533e-46,-3.338006901422871e+02
2.450000000000000e+03,4,2.517992290709023e+00,4.960488294559169e-04,3.011564141192500e-07,1.965029283540661e-16,-3.706630973234937e+01
2.450000000000000e+03,5,2.517992290709023e+00,1.776336340320483e-05,6.289429044783358e-23,3.069078575247020e-49,-3.651299199251984e+02
2.450000000000000e+03,6,2.517992290709023e+00,4.452519612488583e-07,1.056259475568323e-07,2.169738723835757e-20,-7.663592559989299e+01
2.450000000000000e+03,7,2.517992290709023e+00,8.224824951829979e-09,5.983352511361212e-23,1.286104349648815e-52,-3.989072379296846e+02
2.450000000000000e+03,8,2.517992290709023e+00,1.163977987187095e-10,6.373776596989765e-08,2.065374470610226e-24,-1.168500119544797e+02
2.450000000000000e+03,9,2.517992290709023e+00,1.300759560670663e-12,3.745219512734046e-24,7.969148953754656e-59,-4.609858805557039e+02
2.450000000000000e+03,10,2.517992290709023e+00,1.175964812754315e-14,6.620612841893727e-08,2.251391769450187e-28,-1.564754892592083e+02
2.450000000000000e+03,11,2.517992290709023e+00,8.772602207768309e-17,8.697696956921959e-23,2.898660442018376e-60,-4.753780265625411e+02
2.450000000000000e+03,12,2.517992290709023e+00,5.489692665958086e-19,5.068032148063627e-08,6.158672592936807e-33,-2.021051288323892e+02
2.450000000000000e+03,13,2.517992290709023e+00,2.922069037655692e-21,2.960855999386394e-23,1.118884886488284e-65,-5.295121459241226e+02
2.450000000000000e+03,14,2.517992290709023e+00,1.338812740446453e-23,4.602689420563824e-08,1.238806686373492e-37,-2.490699645923447e+02
2.450000000000000e+03,15,2.517992290709023e+00,5.334601178677594e-26,5.966747960416569e-23,8.295407141030266e-70,-5.708116229381520e+02
2.450000000000000e+03,16,2.517992290709023e+00,1.865245103558811e-28,3.241227294903156e-08,8.558846678243568e-43,-3.006758475343272e+02
2.450000000000000e+03,17,2.517992290709023e+00,5.768390264307040e-31,1.096107950720900e-22,3.027064354581326e-74,-6.151897834596035e+02
2.450000000000000e+03,18,2.517992290709023e+00,1.588924336334296e-33,3.137867768777593e-08,6.833337266487372e-48,-3.516536714369124e+02
2.450000000000000e+03,19,2.517992290709023e+00,3.922840440223580e-36,3.248724870962770e-23,1.808368248979525e-80,-6.774271312683904e+02
2.450000000000000e+03,20,2.517992290709023e+00,8.729496589779870e-39,2.896557918841348e-08,3.198998205908704e-53,-4.049498600348081e+02
2.450000000000000e+03,21,2.517992290709023e+00,1.759844933783102e-41,7.859957059208494e-23,4.748704135047790e-85,-7.232342488801303e+02
2.450000000000000e+03,22,2.517992290709023e+00,3.228922682645491e-44,2.392872202596016e-08,8.075269367780119e-59,-4.609284298193936e+02
2.450000000000000e+03,23,2.517992290709023e+00,5.414559539677583e-47,1.340600520401717e-22,4.250326217118531e-90,-7.737157773610086e+02
2.450000000000000e+03,24,2.517992290709023e+00,8.330293289220428e-50,2.154004346379665e-08,1.688160777201162e-64,-5.177258619436546e+02
2.450000000000000e+03,25,2.517992290709023e+00,1.180001536258861e-52,2.051992574128680e-22,2.170173746033841e-95,-8.266350549475834e+02
2.450000000000000e+03,26,2.517992290709023e+00,1.543985932214257e-55,1.831204622163648e-08,2.261400342970347e-70,-5.764562254630042e+02
2.450000000000000e+03,27,2.517992290709023e+00,1.871756631366975e-58,7.538924284326969e-23,4.646527443633030e-102,-8.933287149344715e+02
2.450000000000000e+03,28,2.517992290709023e+00,2.108203252632247e-61,1.841024690489373e-08,3.120987778094908e-76,-6.350570793204480e+02
2.450000000000000e+03,29,2.517992290709023e+00,2.211868818935373e-64,2.344171516249720e-22,5.308826087228879e-107,-9.427500150155543e+02
2.450000000000000e+03,30,2.517992290709023e+00,2.166907338921758e-67,1.552514319303003e-08,2.281245012945681e-82,-6.964182806761426e+02
2.450000000000000e+03,31,2.517992290709023e+00,1.986720443215042e-70,5.182312943981673e-23,2.330474707412298e-114,-1.016325556060937e+03
2.450000000000000e+03,32,2.517992290709023e+00,1.708313591169046e-73,1.340528662295683e-08,1.340849910888382e-88,-7.587261983252945e+02
2.450000000000000e+03,33,2.517992290709023e+00,1.380368921816085e-76,4.957609200945614e-23,1.481835906848859e-120,-1.078291998858950e+03
2.450000000000000e+03,34,2.517992290709023e+00,1.050098983415365e-79,1.271446145418580e-08,7.414579737445883e-95,-8.212991345999376e+02
2.450000000000000e+03,35,2.517992290709023e+00,7.534187766517507e-83,5.255038784540622e-23,9.087588509115228e-127,-1.140415513462751e+03
2.450000000000000e+03,36,2.517992290709023e+00,5.106628940723851e-86,1.129984887624849e-08,2.847999676819912e-101,-8.854546006431725e+02
2.450000000000000e+03,37,2.517992290709023e+00,3.274950732601989e-89,1.520765707188455e-22,3.308184750884705e-132,-1.194804102445701e+03
2.450000000000000e+03,38,2.517992290709023e+00,1.990180084360708e-92,1.053463815881221e-08,9.646993484728677e-108,-9.501560801478427e+02
2.450000000000000e+03,39,2.517992290709023e+00,1.147646324420113e-95,2.995154207215487e-22,4.496833497749107e-138,-1.253470931925627e+03
2.450000000000000e+03,40,2.517992290709023e+00,6.288278678059994e-99,8.530900229951993e-09,1.998857659724759e-114,-1.016992181312431e+03
2.500000000000000e+03,0,2.569379888478594e+00,1.000000000000000e+00,7.634886975826867e-06,2.546042140409005e-10,2.405865587532734e+01
2.500000000000000e+03,1,2.569379888478594e+00,5.181686049668079e-01,1.431572214062233e-21,4.638290869487605e-42,-2.933364202002480e+02
2.500000000000000e+03,2,2.569379888478594e+00,9.997334379779534e-02,7.624322469654772e-06,2.538324221557308e-11,1.404547093976240e+01
2.500000000000000e+03,3,2.569379888478594e+00,9.641150652526487e-03,2.130940560795765e-21,1.912193792353832e-43,-3.071846809601129e+02
2.500000000000000e+03,4,2.569379888478594e+00,5.475597927621398e-04,3.895575609585944e-06,3.629402963006846e-14,-1.440164810555361e+01
2.500000000000000e+03,5,2.569379888478594e+00,2.030860929672188e-05,7.255086048159660e-22,4.669019448233007e-47,-3.433077431706455e+02
2.500000000000000e+03,6,2.569379888478594e+00,5.278944471625804e-07,1.620921486341520e-06,6.058029934510394e-18,-5.217668585020898e+01
2.500000000000000e+03,7,2.569379888478594e+00,1.012099816294628e-08,2.289788934941241e-21,2.317792822866042e-49,-3.663492538627889e+02
2.500000000000000e+03,8,2.569379888478594e+00,1.487513796837380e-10,1.430858330618019e-06,1.330192939136951e-21,-8.876085361795808e+01
2.500000000000000e+03,9,2.569379888478594e+00,1.727143002678520e-12,9.388379700780694e-22,6.649208507715557e-54,-4.117723004810885e+02
2.500000000000000e+03,10,2.569379888478594e+00,1.622891042105137e-14,7.795824081791384e-07,4.307981075417034e-26,-1.336572621318743e+02
2.500000000000000e+03,11,2.569379888478594e+00,1.258644330123972e-16,1.956493217005438e-21,2.104360202488241e-57,-4.467687992014384e+02
2.500000000000000e+03,12,2.569379888478594e+00,8.190191782465367e-19,7.951185240419970e-07,2.261612402663133e-30,-1.764558182284477e+02
2.500000000000000e+03,13,2.569379888478594e+00,4.534006405706855e-21,1.817377363239015e-21,6.540827879221537e-62,-4.918436727910345e+02
2.500000000000000e+03,14,2.569379888478594e+00,2.160816195309097e-23,6.460169637188915e-07,3.938819086006595e-35,-2.240463396632298e+02
2.500000000000000e+03,15,2.569379888478594e+00,8.956877039294977e-26,2.173515870296798e-21,1.848172936398726e-66,-5.373325739360849e+02
2.500000000000000e+03,16,2.569379888478594e+00,3.258287636374894e-28,5.056984830845206e-07,3.639427607969461e-40,-2.743896691477061e+02
2.500000000000000e+03,17,2.569379888478594e+00,1.048437913084139e-30,2.441191478506833e-21,2.729020328939580e-71,-5.856399322918411e+02
2.500000000000000e+03,18,2.569379888478594e+00,3.005082281702882e-33,4.603763118205129e-07,2.781907398562961e-45,-3.255565733047713e+02
2.500000000000000e+03,19,2.569379888478594e+00,7.720494454240699e-36,8.557766121586623e-22,2.469598228289004e-77,-6.460737369509245e+02
2.500000000000000e+03,20,2.569379888478594e+00,1.787918631428942e-38,3.724909352560621e-07,1.083526481305317e-50,-3.796516047009014e+02
2.500000000000000e+03,21,2.569379888478594e+00,3.751171238402085e-41,9.135909357110924e-22,1.367510963579594e-82,-6.986406918316416e+02
2.500000000000000e+03,22,2.569379888478594e+00,7.163108040650620e-44,3.806446761487766e-07,4.533163512670702e-56,-4.334359861551667e+02
2.500000000000000e+03,23,2.569379888478594e+00,1.250183438804924e-46,3.187060669211593e-21,5.546445706528234e-87,-7.425598523390925e+02
2.500000000000000e+03,24,2.569379888478594e+00,2.001941106309108e-49,2.966309347749199e-07,7.693864629234883e-62,-4.911385545921630e+02
2.500000000000000e+03,25,2.569379888478594e+00,2.951658667544642e-52,2.987833166240928e-21,1.150904225102003e-92,-7.993896081558858e+02
2.500000000000000e+03,26,2.569379888478594e+00,4.020039656410925e-55,2.679441708585422e-07,1.260605875505980e-67,-5.489942067302043e+02
2.500000000000000e+03,27,2.569379888478594e+00,5.072821629950712e-58,5.017336948316327e-21,5.577717194573400e-98,-8.525354350942275e+02
2.500000000000000e+03,28,2.569379888478594e+00,5.947503683980551e-61,2.509464794909614e-07,1.635902052916001e-73,-6.078624270259105e+02
2.500000000000000e+03,29,2.569379888478594e+00,6.495485440253884e-64,6.256338334421577e-21,1.110484318382353e-103,-9.095448756992784e+02
2.500000000000000e+03,30,2.569379888478594e+00,6.624145091457777e-67,2.159702667690232e-07,1.349516282307733e-79,-6.686982187118621e+02
2.500000000000000e+03,31,2.569379888478594e+00,6.322227211207462e-70,3.017554874593445e-21,2.514437329830838e-110,-9.759955918432137e+02
2.500000000000000e+03,32,2.569379888478594e+00,5.659144715219492e-73,2.047128911196577e-07,1.035861152829691e-85,-7.298469845366517e+02
2.500000000000000e+03,33,2.569379888478594e+00,4.760293767030880e-76,1.987272801519818e-21,8.211246599230296e-117,-1.040855909049915e+03
2.500000000000000e+03,34,2.569379888478594e+00,3.769895039531482e-79,1.621221241633821e-07,4.327869855084230e-92,-7.936372580752916e+02
2.500000000000000e+03,35,2.569379888478594e+00,2.815791902227683e-82,2.207173330580366e-21,5.991475646192568e-123,-1.102224662016386e+03
2.500000000000000e+03,36,2.569379888478594e+00,1.986862475885820e-85,1.630915963446816e-07,2.308295143850150e-98,-8.563670866208888e+02
2.500000000000000e+03,37,2.569379888478594e+00,1.326513377550644e-88,6.724157660994019e-21,2.619677153388975e-128,-1.155817522274364e+03
2.500000000000000e+03,38,2.569379888478594e+00,8.392208618164083e-92,1.449366081895878e-07,7.700037170427150e-105,-9.211350717835057e+02
2.500000000000000e+03,39,2.569379888478594e+00,5.038165235172243e-95,1.226485349846942e-20,3.310224889173179e-134,-1.214801425002396e+03
2.500000000000000e+03,40,2.569379888478594e+00,2.873953434107357e-98,1.232488974676052e-07,1.906804534083276e-111,-9.871969382405933e+02
2.550000000000000e+03,0,2.620767486248166e+00,1.000000000000000e+00,7.989917334788893e-07,2.788334902766289e-12,4.453449350243744e+00
2.550000000000000e+03,1,2.620767486248166e+00,5.239088211890818e-01,1.727203826656398e-22,6.826581143738435e-44,-3.116579674319250e+02
2.550000000000000e+03,2,2.620767486248166e+00,1.034802587473177e-01,8.774932976330905e-07,3.480210274701178e-13,-4.583945151386107e+00
2.550000000000000e+03,3,2.620767486248166e+00,1.027536437981173e-02,2.899855038011464e-22,3.774071912781862e-45,-3.242318982885927e+02
2.550000000000000e+03,4,2.620767486248166e+00,6.027833497013782e-04,3.431432788705494e-07,3.100077878751421e-16,-3.508627395879546e+01
2.550000000000000e+03,5,2.620767486248166e+00,2.313650787568583e-05,2.215732624900961e-22,4.961270160878974e-48,-3.530440712325924e+02
2.550000000000000e+03,6,2.620767486248166e+00,6.231473108033424e-07,1.916321362484570e-07,9.995114419298888e-20,-7.000212229921482e+01
2.550000000000000e+03,7,2.620767486248166e+00,1.238975810421633e-08,2.933868656493967e-22,4.658054066933289e-51,-3.833179547483214e+02
2.550000000000000e+03,8,2.620767486248166e+00,1.889563344092768e-10,1.100723166284232e-07,9.999494185081738e-24,-1.100002196781837e+02
2.550000000000000e+03,9,2.620767486248166e+00,2.277646120703943e-12,1.465417634298098e-22,2.136335405269410e-55,-4.267033056193262e+02
2.550000000000000e+03,10,2.620767486248166e+00,2.222565293355881e-14,7.328206082736370e-08,5.213270254730094e-28,-1.528288976076342e+02
2.550000000000000e+03,11,2.620767486248166e+00,1.790573207904454e-16,2.894753979528937e-22,6.553537127202012e-59,-4.618352423585583e+02
2.550000000000000e+03,12,2.620767486248166e+00,1.210597347375337e-18,7.838509840942925e-08,3.248830822292752e-32,-1.948827290326187e+02
2.550000000000000e+03,13,2.620767486248166e+00,6.964328181102861e-21,1.671170988139433e-22,8.495351766628041e-64,-5.107081863361159e+02
2.550000000000000e+03,14,2.620767486248166e+00,3.449591806578711e-23,5.842690467120873e-08,5.143441782187916e-37,-2.428874617151279e+02
2.550000000000000e+03,15,2.620767486248166e+00,1.486312565805880e-25,2.184336393310058e-22,3.097487451750666e-68,-5.550899044432122e+02
2.550000000000000e+03,16,2.620767486248166e+00,5.620685421280588e-28,4.705535985807325e-08,5.435854710675264e-42,-2.926473215959135e+02
2.550000000000000e+03,17,2.620767486248166e+00,1.880290844902630e-30,3.416165800016902e-22,9.584363477076004e-73,-6.001843672447321e+02
2.550000000000000e+03,18,2.620767486248166e+00,5.603404925975187e-33,4.004753431229274e-08,3.925219383626778e-47,-3.440613606517709e+02
2.550000000000000e+03,19,2.620767486248166e+00,1.496858205274722e-35,1.063337379648342e-22,7.392361341304588e-79,-6.613121681279724e+02
2.550000000000000e+03,20,2.620767486248166e+00,3.604510182994887e-38,3.679607895450001e-08,2.131619594932996e-52,-3.967129029615671e+02
2.550000000000000e+03,21,2.620767486248166e+00,7.864090046630695e-41,5.956274813663299e-23,1.218591922639999e-84,-7.191414170489570e+02
2.550000000000000e+03,22,2.620767486248166e+00,1.561650475268348e-43,3.481840672260737e-08,8.269171302965452e-58,-4.508253801119502e+02
2.550000000000000e+03,23,2.620767486248166e+00,2.834473637698370e-46,4.108415498530123e-22,2.089688260045853e-88,-7.567991849716162e+02
2.550000000000000e+03,24,2.620767486248166e+00,4.720414757081173e-49,2.671764403243625e-08,1.471759476799889e-63,-5.083216315904313e+02
2.550000000000000e+03,25,2.620767486248166e+00,7.238315524940937e-52,3.014843551607508e-22,2.873607404944744e-94,-8.154157256588609e+02
2.550000000000000e+03,26,2.620767486248166e+00,1.025310174788154e-54,2.507777544012872e-08,2.816395543317171e-69,-5.655030635158369e+02
2.550000000000000e+03,27,2.620767486248166e+00,1.345668216866298e-57,4.712636047151368e-22,1.305347553843650e-99,-8.688427384034071e+02
2.550000000000000e+03,28,2.620767486248166e+00,1.640950736238054e-60,2.321226980011950e-08,3.861811981398561e-75,-6.241320887437558e+02
2.550000000000000e+03,29,2.620767486248166e+00,1.864030245982424e-63,8.784957972639404e-22,6.283370869518086e-105,-9.220180730574136e+02
2.550000000000000e+03,30,2.620767486248166e+00,1.977238453765826e-66,2.099149288966845e-08,3.805450379638182e-81,-6.841959393657630e+02
2.550000000000000e+03,31,2.620767486248166e+00,1.962880576511251e-69,3.085505652743653e-22,8.162194381907545e-112,-9.908819306675650e+02
2.550000000000000e+03,32,2.620767486248166e+00,1.827575212167549e-72,1.822109310150902e-08,2.650235556171410e-87,-7.457671552372394e+02
2.550000000000000e+03,33,2.620767486248166e+00,1.599059025288604e-75,2.239155153028146e-22,3.501815271976123e-118,-1.054557067675837e+03
2.550000000000000e+03,34,2.620767486248166e+00,1.317259747220331e-78,1.536201635815932e-08,1.357776320260886e-93,-8.086717176972975e+02
2.550000000000000e+03,35,2.620767486248166e+00,1.023431712118588e-81,1.881976781685215e-22,1.583243651093448e-124,-1.118004522448453e+03
2.550000000000000e+03,36,2.620767486248166e+00,7.511845328117898e-85,1.557574614890665e-08,7.959847017688805e-100,-8.709909527899752e+02
2.550000000000000e+03,37,2.620767486248166e+00,5.216930015258149e-88,8.563333108057248e-22,1.670940747781760e-129,-1.167770389500873e+03
2.550000000000000e+03,38,2.620767486248166e+00,3.433269769064342e-91,1.339978379032383e-08,2.692550604364005e-106,-9.356983612573117e+02
2.550000000000000e+03,39,2.620767486248166e+00,2.144054455225261e-94,1.234561729809533e-21,1.427321457280008e-135,-1.228454782053011e+03
2.550000000000000e+03,40,2.620767486248166e+00,1.272266521022986e-97,1.157527965753991e-08,7.445629930261386e-113,-1.001280985532962e+03
2.600000000000000e+03,0,2.672155084017738e+00,1.000000000000000e+00,1.381526087375074e-06,8.336399966444588e-12,9.209785431738718e+00
2.600000000000000e+03,1,2.672155084017738e+00,5.295186867132630e-01,1.305902075610305e-21,3.944235868425331e-42,-2.940403712180065e+02
2.600000000000000e+03,2,2.672155084017738e+00,1.069984875519332e-01,2.723932798769194e-06,3.467614257164931e-12,5.400307798934792e+00
2.600000000000000e+03,3,2.672155084017738e+00,1.093154077896187e-02,2.684905437116354e-21,3.441911749877378e-43,-3.046320026911381e+02
2.600000000000000e+03,4,2.672155084017738e+00,6.618570810265773e-04,3.735947133440585e-06,4.034837295757516e-14,-1.394173973452291e+01
2.600000000000000e+03,5,2.672155084017738e+00,2.626895924990992e-05,1.609332124419426e-21,2.971629018650243e-46,-3.352700540931576e+02
2.600000000000000e+03,6,2.672155084017738e+00,7.325132546649691e-07,1.384716849205064e-06,6.134763202680326e-18,-5.212202196059064e+01
2.600000000000000e+03,7,2.672155084017738e+00,1.509168445227548e-08,5.506811652810476e-22,1.998934319939634e-50,-3.769920147549490e+02
2.600000000000000e+03,8,2.672155084017738e+00,2.386450953816391e-10,8.215448065821300e-07,7.035182780998347e-22,-9.152724614682998e+01
2.600000000000000e+03,9,2.672155084017738e+00,2.983946197595141e-12,1.091376971846160e-22,1.552390309192625e-55,-4.280899907700991e+02
2.600000000000000e+03,10,2.672155084017738e+00,3.021507031128604e-14,8.678678547568820e-07,9.940109704059161e-26,-1.300260882248351e+02
2.600000000000000e+03,11,2.672155084017738e+00,2.526638109263805e-16,1.906984128882029e-21,4.013262457285382e-57,-4.439650243756903e+02
2.600000000000000e+03,12,2.672155084017738e+00,1.773478881369457e-18,6.601385220540595e-07,3.375643208438644e-30,-1.747164346275578e+02
2.600000000000000e+03,13,2.672155084017738e+00,1.059391337588293e-20,2.199740611895328e-22,2.239029039037443e-63,-5.064994027381180e+02
2.600000000000000e+03,14,2.672155084017738e+00,5.449513234578386e-23,6.027076813979686e-07,8.646324437080739e-35,-2.206316847241209e+02
2.600000000000000e+03,15,2.672155084017738e+00,2.438733639099100e-25,5.274481355976968e-22,2.963358911366580e-67,-5.452821574514965e+02
2.600000000000000e+03,16,2.672155084017738e+00,9.579676531692944e-28,4.329476901290820e-07,7.842997231190023e-40,-2.710551793830868e+02
2.600000000000000e+03,17,2.672155084017738e+00,3.329127958199168e-30,1.505701398224019e-21,3.296617489306334e-71,-5.848193144167118e+02
2.600000000000000e+03,18,2.672155084017738e+00,1.030700744651994e-32,4.099320616427223e-07,7.565135762491846e-45,-3.212118327380444e+02
2.600000000000000e+03,19,2.672155084017738e+00,2.860640455498757e-35,4.686837760443257e-22,2.744627936962788e-77,-6.456151652038538e+02
2.600000000000000e+03,20,2.672155084017738e+00,7.157382776315422e-38,3.790385725676434e-07,4.491396772029102e-50,-3.734761857747094e+02
2.600000000000000e+03,21,2.672155084017738e+00,1.622565428479792e-40,1.223462484510750e-21,1.060825364438786e-81,-6.897435610479138e+02
2.600000000000000e+03,22,2.672155084017738e+00,3.348121668431474e-43,3.130509107850657e-07,1.433149636340048e-55,-4.284370846218882e+02
2.600000000000000e+03,23,2.672155084017738e+00,6.314940675305836e-46,1.778468326078978e-21,8.724125568164843e-87,-7.405927809215700e+02
2.600000000000000e+03,24,2.672155084017738e+00,1.092875015467362e-48,2.828072101003120e-07,3.817788060820709e-61,-4.841818818452560e+02
2.600000000000000e+03,25,2.672155084017738e+00,1.741541541203714e-51,2.693318365873723e-21,5.517846138369690e-92,-7.925823041371342e+02
2.600000000000000e+03,26,2.672155084017738e+00,2.563709302290103e-54,2.396913491781208e-07,6.433300859753233e-67,-5.419156613790860e+02
2.600000000000000e+03,27,2.672155084017738e+00,3.496864090475572e-57,5.616647726011704e-22,4.818296131457972e-99,-8.631710651187069e+02
2.600000000000000e+03,28,2.672155084017738e+00,4.431723175120486e-60,2.385975467241548e-07,1.101957729133893e-72,-5.995783506460946e+02
2.600000000000000e+03,29,2.672155084017738e+00,5.232082414465643e-63,3.292750748347261e-21,2.477722436198104e-103,-9.060594734653914e+02
2.600000000000000e+03,30,2.672155084017738e+00,5.768098533408517e-66,2.038456052372793e-07,1.046877194667386e-78,-6.598010426082964e+02
2.600000000000000e+03,31,2.672155084017738e+00,5.951498073745947e-69,8.958026142577441e-22,2.085985625427721e-110,-9.768068868863189e+02
2.600000000000000e+03,32,2.672155084017738e+00,5.759339552440278e-72,1.758951357081005e-07,7.782886654965900e-85,-7.210885929429508e+02
2.600000000000000e+03,33,2.672155084017738e+00,5.237603404575578e-75,9.032751689563512e-22,1.866522014042699e-116,-1.037289668835727e+03
2.600000000000000e+03,34,2.672155084017738e+00,4.484514642111542e-78,1.667416199055903e-07,5.445827015568843e-91,-7.826393615796063e+02
2.600000000000000e+03,35,2.672155084017738e+00,3.621459306339679e-81,8.366881807032528e-22,1.107315146625266e-122,-1.099557287594626e+03
2.600000000000000e+03,36,2.672155084017738e+00,2.762845004390671e-84,1.479236719593446e-07,2.640536909596890e-97,-8.457830775753650e+02
2.600000000000000e+03,37,2.672155084017738e+00,1.994408590426220e-87,2.693308203999578e-21,6.318974561568921e-128,-1.151993533929811e+03
2.600000000000000e+03,38,2.672155084017738e+00,1.364269245425551e-90,1.382626330833061e-07,1.139121630491553e-103,-9.094342990135453e+02
2.600000000000000e+03,39,2.672155084017738e+00,8.855733228929283e-94,3.914782191638944e-21,5.927889457197482e-134,-1.212270999036416e+03
2.600000000000000e+03,40,2.672155084017738e+00,5.462187949616592e-97,1.131396498076852e-07,3.053913016676852e-110,-9.751514333693094e+02
2.650000000000000e+03,0,2.723542681787310e+00,1.000000000000000e+00,3.859559429331698e-07,6.506326123092411e-13,-1.866641719318507e+00
2.650000000000000e+03,1,2.723542681787310e+00,5.350023609740977e-01,9.129391225602098e-23,1.947599697721635e-44,-3.171050030153107e+02
2.650000000000000e+03,2,2.723542681787310e+00,1.105262325669760e-01,3.796451193709491e-07,6.957951093614980e-14,-1.157518628167876e+01
2.650000000000000e+03,3,2.723542681787310e+00,1.160955462308826e-02,6.958157565537567e-23,2.455073169917887e-46,-3.360993555982694e+02
2.650000000000000e+03,4,2.723542681787310e+00,7.249167855846193e-04,2.051274547724678e-07,1.332281819883141e-16,-3.875403898383253e+01
2.650000000000000e+03,5,2.723542681787310e+00,2.972872939716619e-05,6.473712277684700e-23,5.441811544436713e-49,-3.626425650236303e+02
2.650000000000000e+03,6,2.723542681787310e+00,8.576212722774871e-07,8.470522684559774e-08,2.687672373903844e-20,-7.570623672700671e+01
2.650000000000000e+03,7,2.723542681787310e+00,1.829511951881814e-08,1.106383058884609e-22,9.781526779712492e-52,-3.900959335173053e+02
2.650000000000000e+03,8,2.723542681787310e+00,2.997328999539261e-10,7.260689153887410e-08,6.901610831268493e-24,-1.116104953339540e+02
2.650000000000000e+03,9,2.723542681787310e+00,3.884684044667145e-12,8.161992761948884e-23,1.130338383418662e-55,-4.294679152461192e+02
2.650000000000000e+03,10,2.723542681787310e+00,4.078708738149355e-14,4.125801905554159e-08,3.032492954193150e-28,-1.551820019951616e+02
2.650000000000000e+03,11,2.723542681787310e+00,3.537487084950487e-16,9.245570549151924e-23,1.320756204794844e-59,-4.687917734035949e+02
2.650000000000000e+03,12,2.723542681787310e+00,2.575875002794715e-18,4.147415898902626e-08,1.935264472283455e-32,-1.971325967612069e+02
2.650000000000000e+03,13,2.723542681787310e+00,1.596534567020104e-20,8.614699881383213e-23,5.175102942777895e-64,-5.128608100683032e+02
2.650000000000000e+03,14,2.723542681787310e+00,8.522465995382455e-23,3.367192160805503e-08,4.220476081136994e-37,-2.437463855668079e+02
2.650000000000000e+03,15,2.723542681787310e+00,3.958307291939067e-25,9.844491898802568e-23,1.675546485509019e-68,-5.577584351881648e+02
2.650000000000000e+03,16,2.723542681787310e+00,1.613901927348413e-27,2.623666593880472e-08,4.852379892679151e-42,-2.931404520557221e+02
2.650000000000000e+03,17,2.723542681787310e+00,5.822036028117220e-30,1.350567097081841e-22,4.638393418326000e-73,-6.033363241823320e+02
2.650000000000000e+03,18,2.723542681787310e+00,1.871227916406788e-32,2.390608418122973e-08,4.670936248666760e-47,-3.433059606014557e+02
2.650000000000000e+03,19,2.723542681787310e+00,5.391806477769543e-35,4.251740534416790e-23,4.257240314696092e-79,-6.637087183387250e+02
2.650000000000000e+03,20,2.723542681787310e+00,1.400637699454497e-37,1.958701783403006e-08,2.347052542308090e-52,-3.962947718795613e+02
2.650000000000000e+03,21,2.723542681787310e+00,3.296817971636188e-40,5.369829477696237e-23,4.152181423701513e-84,-7.138172367886116e+02
2.650000000000000e+03,22,2.723542681787310e+00,7.063717036213625e-43,1.964038147643543e-08,1.190127510494536e-57,-4.492440650571882e+02
2.650000000000000e+03,23,2.723542681787310e+00,1.383428316537429e-45,1.459147538389739e-22,1.286516727360589e-88,-7.589058456269640e+02
2.650000000000000e+03,24,2.723542681787310e+00,2.486150526722551e-48,1.535652205926855e-08,2.560787367597600e-63,-5.059162648123981e+02
2.650000000000000e+03,25,2.723542681787310e+00,4.114082257572145e-51,1.421331234609331e-22,3.630144676006952e-94,-8.144007606622024e+02
2.650000000000000e+03,26,2.723542681787310e+00,6.289287829480946e-54,1.386452324605728e-08,5.280459477024880e-69,-5.627732828586497e+02
2.650000000000000e+03,27,2.723542681787310e+00,8.908717879076936e-57,2.625203993639302e-22,2.681647448901829e-99,-8.657159831860249e+02
2.650000000000000e+03,28,2.723542681787310e+00,1.172524817375868e-59,1.301722050721427e-08,8.677985697399023e-75,-6.206158106998761e+02
2.650000000000000e+03,29,2.723542681787310e+00,1.437623938251760e-62,2.895205998405423e-22,5.263378455284571e-105,-9.227873540157068e+02
2.650000000000000e+03,30,2.723542681787310e+00,1.646009205939484e-65,1.119234301560961e-08,9.006056062341225e-81,-6.804546535389877e+02
2.650000000000000e+03,31,2.723542681787310e+00,1.763850010148190e-68,1.554681505206315e-22,1.862108056659307e-111,-9.872999512085778e+02
2.650000000000000e+03,32,2.723542681787310e+00,1.772760649918024e-71,1.050923011767644e-08,8.551696307317120e-87,-7.406794773043705e+02
2.650000000000000e+03,33,2.723542681787310e+00,1.674394789864398e-74,8.918219300661197e-23,5.816671292386101e-118,-1.052353254780508e+03
2.650000000000000e+03,34,2.723542681787310e+00,1.488997034806616e-77,8.445961134200663e-09,4.639298888880684e-93,-8.033354764696603e+02
2.650000000000000e+03,35,2.723542681787310e+00,1.248877971935022e-80,9.970872297264536e-23,5.423088308549474e-124,-1.112657533235374e+03
2.650000000000000e+03,36,2.723542681787310e+00,9.895902908533883e-84,8.463428269453483e-09,3.096053267579850e-99,-8.650919157589065e+02
2.650000000000000e+03,37,2.723542681787310e+00,7.419586574266528e-87,3.431775379583381e-22,3.816609948277355e-129,-1.164183222220175e+03
2.650000000000000e+03,38,2.723542681787310e+00,5.271523880052618e-90,7.519341155321895e-09,1.301835529014109e-105,-9.288544388009462e+02
2.650000000000000e+03,39,2.723542681787310e+00,3.554141449896726e-93,6.244376801567746e-22,6.053036243077562e-135,-1.222180267257039e+03
2.650000000000000e+03,40,2.723542681787310e+00,2.276953910868120e-96,6.389327094580506e-09,4.059988904475788e-112,-9.939147515330250e+02
2.700000000000000e+03,0,2.774930279556882e+00,1.000000000000000e+00,1.918347937298454e-06,1.607367273954743e-11,1.206115121833364e+01
2.700000000000000e+03,1,2.774930279556882e+00,5.403638433784365e-01,4.859656179358185e-22,5.573881519445187e-43,-3.025384226705401e+02
2.700000000000000e+03,2,2.774930279556882e+00,1.140617852929661e-01,2.613878540236672e-06,3.403857217192645e-12,5.319713342897829e+00
2.700000000000000e+03,3,2.774930279556882e+00,1.230926107740605e-02,8.037676173066136e-22,3.473388453166808e-44,-3.145924664380331e+02
2.700000000000000e+03,4,2.774930279556882e+00,7.920962642308780e-04,1.111383069113974e-06,4.273324579522256e-15,-2.369234119178613e+01
2.700000000000000e+03,5,2.774930279556882e+00,3.353943377919942e-05,9.275051942519821e-22,1.260227029850808e-46,-3.389955120970013e+02
2.700000000000000e+03,6,2.774930279556882e+00,1.000232166047173e-06,8.070568722371531e-07,2.845571218882863e-18,-5.545830540408573e+01
2.700000000000000e+03,7,2.774930279556882e+00,2.207688037474782e-08,7.906115963245724e-22,6.027322470846010e-50,-3.721987557250047e+02
2.700000000000000e+03,8,2.774930279556882e+00,3.744567945721040e-10,3.513971550124272e-07,2.019568370322989e-22,-9.694741439670827e+01
2.700000000000000e+03,9,2.774930279556882e+00,5.026748633603431e-12,2.124034885888355e-22,9.905372733288282e-55,-4.200412917757474e+02
2.700000000000000e+03,10,2.774930279556882e+00,5.468531848527229e-14,3.155978242661770e-07,2.379025569148649e-26,-1.362360089025341e+02
2.700000000000000e+03,11,2.774930279556882e+00,4.915624081227217e-16,1.198031699115133e-21,3.081595595840397e-57,-4.451122435524078e+02
2.700000000000000e+03,12,2.774930279556882e+00,3.710558276723507e-18,3.027190894296986e-07,1.485180493574636e-30,-1.782822076345108e+02
2.700000000000000e+03,13,2.774930279556882e+00,2.384516396600389e-20,1.955298203367572e-22,3.981866345423040e-63,-5.039991332151087e+02
2.700000000000000e+03,14,2.774930279556882e+00,1.319951148463174e-22,2.586715862560270e-07,3.857586505457032e-35,-2.241368432620547e+02
2.700000000000000e+03,15,2.774930279556882e+00,6.358066985132488e-25,4.153863515623084e-22,4.791703173999863e-67,-5.431951009251494e+02
2.700000000000000e+03,16,2.774930279556882e+00,2.688807896210691e-27,1.990645207607439e-07,4.653801584753066e-40,-2.733219213683867e+02
2.700000000000000e+03,17,2.774930279556882e+00,1.006148090095995e-29,1.086813338938564e-21,5.190774831549030e-71,-5.828476780979129e+02
2.700000000000000e+03,18,2.774930279556882e+00,3.354671764394015e-32,1.640612286089175e-07,3.943867496266842e-45,-3.240407768465548e+02
2.700000000000000e+03,19,2.774930279556882e+00,1.002816578783681e-34,1.247261098682067e-22,6.813913600643976e-78,-6.516660337751916e+02
2.700000000000000e+03,20,2.774930279556882e+00,2.702718347521357e-37,1.650528813502277e-07,3.215935822556112e-50,-3.749269262664866e+02
2.700000000000000e+03,21,2.774930279556882e+00,6.600526852752793e-40,5.127986105148433e-22,7.581107319773363e-82,-6.912026735535153e+02
2.700000000000000e+03,22,2.774930279556882e+00,1.467384529352545e-42,1.451400938331593e-07,1.350140913550125e-55,-4.286962090203571e+02
2.700000000000000e+03,23,2.774930279556882e+00,2.982019835431923e-45,1.286663422915543e-21,2.156258383720720e-86,-7.366629919900453e+02
2.700000000000000e+03,24,2.774930279556882e+00,5.560820915432920e-48,1.213230794225320e-07,3.575082942855604e-61,-4.844671387800090e+02
2.700000000000000e+03,25,2.774930279556882e+00,9.548934674444696e-51,1.149156032905172e-21,5.507738190986182e-92,-7.925902671200851e+02
2.700000000000000e+03,26,2.774930279556882e+00,1.514835189844332e-53,1.058289562237019e-07,7.410282653163212e-67,-5.413016522624903e+02
2.700000000000000e+03,27,2.774930279556882e+00,2.226749813221615e-56,9.198307920793753e-22,8.229011612328981e-98,-8.508465232482287e+02
2.700000000000000e+03,28,2.774930279556882e+00,3.041444516899100e-59,1.016691207126272e-07,1.373151312636959e-72,-5.986228160360629e+02
2.700000000000000e+03,29,2.774930279556882e+00,3.870020242471688e-62,2.763306251948600e-21,1.290718808824675e-102,-8.988916836120153e+02
2.700000000000000e+03,30,2.774930279556882e+00,4.598518766547773e-65,9.479740305563936e-08,1.804975063848811e-78,-6.574352879359637e+02
2.700000000000000e+03,31,2.774930279556882e+00,5.114134097724367e-68,7.760770555799278e-22,1.345371310114439e-109,-9.687115783783340e+02
2.700000000000000e+03,32,2.774930279556882e+00,5.334475303738978e-71,7.774166261496514e-08,1.408185021741221e-84,-7.185134027939692e+02
2.700000000000000e+03,33,2.774930279556882e+00,5.229214656467392e-74,6.539646188635764e-22,9.767992955998478e-116,-1.030101946622462e+03
2.700000000000000e+03,34,2.774930279556882e+00,4.826305564297821e-77,7.026091053496368e-08,1.040645294636167e-90,-7.798269727513185e+02
2.700000000000000e+03,35,2.774930279556882e+00,4.201344671037741e-80,5.892870910604556e-22,6.372392675471570e-122,-1.091956974702319e+03
2.700000000000000e+03,36,2.774930279556882e+00,3.455219341294353e-83,6.657619271141104e-08,6.689195611254250e-97,-8.417462610384611e+02
2.700000000000000e+03,37,2.774930279556882e+00,2.688784613571374e-86,2.808185470510483e-21,9.261214715232707e-127,-1.140333320468467e+03
2.700000000000000e+03,38,2.774930279556882e+00,1.982770766259892e-89,6.066918719227717e-08,3.187639671678247e-103,-9.049653077681362e+02
2.700000000000000e+03,39,2.774930279556882e+00,1.387505417752224e-92,2.865422413580449e-21,4.975908180748671e-133,-1.203031276421762e+03
2.700000000000000e+03,40,2.774930279556882e+00,9.226165578572040e-96,5.120990865301578e-08,1.056792225642237e-109,-9.697601039029615e+02
2.750000000000000e+03,0,2.826317877326454e+00,1.000000000000000e+00,2.389281534434026e-07,2.493417574784056e-13,-6.032049837352181e+00
2.750000000000000e+03,1,2.826317877326454e+00,5.456069796483172e-01,1.400355946442119e-22,4.673230044464776e-44,-3.133038283986535e+02
2.750000000000000e+03,2,2.826317877326454e+00,1.176035229973099e-01,3.589586109742750e-07,6.618650472206032e-14,-1.179230553191946e+01
2.750000000000000e+03,3,2.826317877326454e+00,1.303049698496628e-02,2.114406367438696e-22,2.544475414744057e-45,-3.259440174101493e+02
2.750000000000000e+03,4,2.826317877326454e+00,8.635271185032018e-04,2.126128874452565e-07,1.704965183849831e-16,-3.768284485068130e+01
2.750000000000000e+03,5,2.826317877326454e+00,3.772551884491609e-05,1.015143062847145e-22,1.698048484907650e-48,-3.577004991336932e+02
2.750000000000000e+03,6,2.826317877326454e+00,1.162243950090227e-06,8.829599019574527e-08,3.957670372781187e-20,-7.402560380226545e+01
2.750000000000000e+03,7,2.826317877326454e+00,2.652300628054400e-08,8.590839154985604e-23,8.549767146047531e-52,-3.906804571317402e+02
2.750000000000000e+03,8,2.826317877326454e+00,4.654185589656494e-10,4.875508697887240e-08,4.832189209509518e-24,-1.131585606879150e+02
2.750000000000000e+03,9,2.826317877326454e+00,6.466752412083096e-12,3.479078782768784e-23,3.418811241869957e-56,-4.346612487664630e+02
2.750000000000000e+03,10,2.826317877326454e+00,7.284171004976440e-14,5.314200721803798e-08,8.984965293433888e-28,-1.504648359611753e+02
2.750000000000000e+03,11,2.826317877326454e+00,6.781383408575010e-16,1.730073513299469e-22,8.865592735508614e-59,-4.605229222304613e+02
2.750000000000000e+03,12,2.826317877326454e+00,5.302794059162789e-18,4.124359613247508e-08,3.939836278988855e-32,-1.940452182502951e+02
2.750000000000000e+03,13,2.826317877326454e+00,3.530767735467078e-20,2.931535559777852e-23,1.325317233920308e-64,-5.187768015459451e+02
2.750000000000000e+03,14,2.826317877326454e+00,2.025320031361196e-22,3.940342322313655e-08,1.373478696886364e-36,-2.386217807224375e+02
2.750000000000000e+03,15,2.826317877326454e+00,1.011068942896498e-24,3.417817802537249e-23,5.158684271345207e-69,-5.628746105158173e+02
2.750000000000000e+03,16,2.826317877326454e+00,4.431796219374290e-27,2.784750360025346e-08,1.501110570366988e-41,-2.882358731686289e+02
2.750000000000000e+03,17,2.826317877326454e+00,1.719032073723764e-29,1.122842458641020e-22,9.466337752402068e-73,-6.002381800426401e+02
2.750000000000000e+03,18,2.826317877326454e+00,5.941641684773860e-32,2.628026576400652e-08,1.792364470014443e-46,-3.374657367367978e+02
2.750000000000000e+03,19,2.826317877326454e+00,1.841366023202568e-34,2.519847945109353e-23,5.106803627806108e-79,-6.629185084177241e+02
2.750000000000000e+03,20,2.826317877326454e+00,5.145241761514511e-37,2.484426705737489e-08,1.387134351094214e-51,-3.885788147323593e+02
2.750000000000000e+03,21,2.826317877326454e+00,1.302840068508874e-39,9.547846658004294e-23,5.187550536273481e-83,-7.028503765943304e+02
2.750000000000000e+03,22,2.826317877326454e+00,3.003188035490583e-42,2.053255374616612e-08,5.530047028569743e-57,-4.425727117535688e+02
2.750000000000000e+03,23,2.826317877326454e+00,6.328366426227289e-45,1.607052488859716e-22,7.138584492769441e-88,-7.514638789577624e+02
2.750000000000000e+03,24,2.826317877326454e+00,1.223705968656382e-47,1.865624303348374e-08,1.860312150055328e-62,-4.973041417746359e+02
2.750000000000000e+03,25,2.826317877326454e+00,2.179029834549895e-50,1.714260724412711e-22,2.796902258428889e-93,-8.055332271037737e+02
2.750000000000000e+03,26,2.826317877326454e+00,3.584721124426721e-53,1.548671235127046e-08,3.755209766933006e-68,-5.542536579818658e+02
2.750000000000000e+03,27,2.826317877326454e+00,5.464540233270268e-56,8.201715809731545e-23,1.605548482844492e-99,-8.679437657548277e+02
2.750000000000000e+03,28,2.826317877326454e+00,7.740406561152693e-59,1.562400521963477e-08,8.252943768781192e-74,-6.108339111393478e+02
2.750000000000000e+03,29,2.826317877326454e+00,1.021427030550948e-61,3.227191916906301e-22,4.646407500713690e-104,-9.133288270423218e+02
2.750000000000000e+03,30,2.826317877326454e+00,1.258722776637083e-64,1.343472476331782e-08,9.923114458141064e-80,-6.700335199924693e+02
2.750000000000000e+03,31,2.826317877326454e+00,1.451808543875411e-67,1.154887519995768e-22,8.457637895824557e-111,-9.807275091261683e+02
2.750000000000000e+03,32,2.826317877326454e+00,1.570581703530332e-70,1.143555120920724e-08,8.970881146857086e-86,-7.304716489715397e+02
2.750000000000000e+03,33,2.826317877326454e+00,1.596771674856309e-73,8.566512618896081e-23,5.118129860747639e-117,-1.042908886990876e+03
2.750000000000000e+03,34,2.826317877326454e+00,1.528495424766868e-76,1.087616319520752e-08,7.897250918205780e-92,-7.910252406299226e+02
2.750000000000000e+03,35,2.826317877326454e+00,1.380020819922957e-79,9.905811622024031e-23,5.914610242354601e-123,-1.102280738689856e+03
2.750000000000000e+03,36,2.826317877326454e+00,1.177133119401097e-82,9.603132435794425e-09,4.741456585960351e-98,-8.532408822160251e+02
2.750000000000000e+03,37,2.826317877326454e+00,9.500859246841815e-86,3.552227918961768e-22,5.236304501848912e-128,-1.152809751062719e+03
2.750000000000000e+03,38,2.826317877326454e+00,7.266750645783714e-89,9.131121251940120e-09,2.646359493773424e-104,-9.157735115956002e+02
2.750000000000000e+03,39,2.826317877326454e+00,5.274326398900898e-92,3.146430218572527e-22,2.280675904075474e-134,-1.216419364258466e+03
2.750000000000000e+03,40,2.826317877326454e+00,3.637655340097577e-95,7.393731022913446e-09,8.685787614309373e-111,-9.806119079425322e+02
2.800000000000000e+03,0,2.877705475096025e+00,1.000000000000000e+00,9.034826015582955e-06,3.565331780641251e-10,2.552099950400267e+01
2.800000000000000e+03,1,2.877705475096025e+00,5.507354680051347e-01,1.684997566370460e-21,6.829705314404060e-42,-2.916559803469170e+02
2.800000000000000e+03,2,2.877705475096025e+00,1.211499053759493e-01,8.739806811968426e-06,4.041914365676180e-11,1.606587108063930e+01
2.800000000000000e+03,3,2.877705475096025e+00,1.377308211336530e-02,3.960562886275414e-21,9.436377937810175e-43,-3.002519467344366e+02
2.800000000000000e+03,4,2.877705475096025e+00,9.393385639204981e-04,5.048750347328685e-06,1.045804021267444e-13,-9.805496925781709e+00
2.800000000000000e+03,5,2.877705475096025e+00,4.231224155374874e-05,2.335958049849750e-21,1.008454886712883e-45,-3.299634352520519e+02
2.800000000000000e+03,6,2.877705475096025e+00,1.345697118838271e-06,2.059218498572717e-06,2.492370185584668e-17,-4.603387452535839e+01
2.800000000000000e+03,7,2.877705475096025e+00,3.172954078684398e-08,2.067294976623531e-21,5.922827011054393e-49,-3.622747095168147e+02
2.800000000000000e+03,8,2.877705475096025e+00,5.756317742121959e-10,1.654600116932217e-06,6.883213219458939e-21,-8.162208777213634e+01
2.800000000000000e+03,9,2.877705475096025e+00,8.272718324160714e-12,1.662243675761610e-21,9.983848424781412e-53,-4.000070202108921e+02
2.800000000000000e+03,10,2.877705475096025e+00,9.641777350184500e-14,1.023549553916534e-06,4.411996996186502e-25,-1.235536479191183e+02
2.800000000000000e+03,11,2.877705475096025e+00,9.290324631307134e-16,2.272251742739303e-21,2.095097039126573e-56,-4.367879585690713e+02
2.800000000000000e+03,12,2.877705475096025e+00,7.520544165919670e-18,1.004325681852650e-06,3.313284780567294e-29,-1.647974123441275e+02
2.800000000000000e+03,13,2.877705475096025e+00,5.184700045868981e-20,1.571333158225947e-21,5.591399830928439e-61,-4.825247945101494e+02
2.800000000000000e+03,14,2.877705475096025e+00,3.079798447716322e-22,8.064472695566851e-07,8.748520430050664e-34,-2.105806538965173e+02
2.800000000000000e+03,15,2.877705475096025e+00,1.592344180173228e-24,2.621577448461339e-21,4.779942725384998e-65,-5.232057730719505e+02
2.800000000000000e+03,16,2.877705475096025e+00,7.229502040360819e-27,6.331447691989129e-07,1.265828280000219e-38,-2.589762520593525e+02
2.800000000000000e+03,17,2.877705475096025e+00,2.904846016918303e-29,3.376972322211629e-21,1.446899881442479e-69,-5.683956151894411e+02
2.800000000000000e+03,18,2.877705475096025e+00,1.040132704618810e-31,5.769450372569157e-07,1.512230520541814e-43,-3.082038200105152e+02
2.800000000000000e+03,19,2.877705475096025e+00,3.339594391871118e-34,1.074963137109293e-21,1.685548405834763e-75,-6.277325877082911e+02
2.800000000000000e+03,20,2.877705475096025e+00,9.668411755263499e-37,4.832058584636935e-07,9.860067382382490e-49,-3.600612011713821e+02
2.800000000000000e+03,21,2.877705475096025e+00,2.536632705800202e-39,1.407945964906145e-21,2.196291220818488e-80,-6.765831007441820e+02
2.800000000000000e+03,22,2.877705475096025e+00,6.058776470189305e-42,4.702038532848799e-07,5.850832440164064e-54,-4.123278233931094e+02
2.800000000000000e+03,23,2.877705475096025e+00,1.322959535081605e-44,3.368558961511323e-21,6.556849729073045e-85,-7.218330476944958e+02
2.800000000000000e+03,24,2.877705475096025e+00,2.650936451275059e-47,3.703710702327920e-07,1.588304596741863e-59,-4.679906620719925e+02
2.800000000000000e+03,25,2.877705475096025e+00,4.891768304253252e-50,3.584407919373871e-21,2.745118509058480e-90,-7.756143890195370e+02
2.800000000000000e+03,26,2.877705475096025e+00,8.339698304426600e-53,3.360430656135185e-07,4.113396544175488e-65,-5.238579942113856e+02
2.800000000000000e+03,27,2.877705475096025e+00,1.317502562130617e-55,6.374244998249922e-21,2.338133665379115e-95,-8.263113066491188e+02
2.800000000000000e+03,28,2.877705475096025e+00,1.934078378641883e-58,3.143294996189104e-07,8.346506101928639e-71,-5.807849528477997e+02
2.800000000000000e+03,29,2.877705475096025e+00,2.645079805651306e-61,7.032709610146893e-21,5.714056273926808e-101,-8.824305548685570e+02
2.800000000000000e+03,30,2.877705475096025e+00,3.378240358244412e-64,2.702539904125087e-07,1.077693191868649e-76,-6.396750486071087e+02
2.800000000000000e+03,31,2.877705475096025e+00,4.038369118768212e-67,3.776584559122969e-21,2.515734476097510e-107,-9.459933519854114e+02
2.800000000000000e+03,32,2.877705475096025e+00,4.527932834195654e-70,2.498299164447186e-07,1.234380988996774e-82,-6.990855077556885e+02
2.800000000000000e+03,33,2.877705475096025e+00,4.771237763913502e-73,1.990740369666176e-21,8.258870741440675e-114,-1.010830793309228e+03
2.800000000000000e+03,34,2.877705475096025e+00,4.733765151260408e-76,2.054649069505883e-07,8.728555600828958e-89,-7.605905761728974e+02
2.800000000000000e+03,35,2.877705475096025e+00,4.429835715873230e-79,2.398438108094811e-21,1.113025245775349e-119,-1.069534949848328e+03
2.800000000000000e+03,36,2.877705475096025e+00,3.916441784163400e-82,2.043709693805320e-07,7.144806115836838e-95,-8.214600955189256e+02
2.800000000000000e+03,37,2.877705475096025e+00,3.276403936764785e-85,7.972908967213580e-21,9.096857945645899e-125,-1.120411085870748e+03
2.800000000000000e+03,38,2.877705475096025e+00,2.597450599247051e-88,1.806875223744757e-07,3.703940358769582e-101,-8.843133601498844e+02
2.800000000000000e+03,39,2.877705475096025e+00,1.954115642335322e-91,1.424939805338237e-20,1.733020345121996e-130,-1.177611963387735e+03
2.800000000000000e+03,40,2.877705475096025e+00,1.396961709196583e-94,1.542956391319375e-07,1.452620499478772e-107,-9.483784783133826e+02
2.850000000000000e+03,0,2.929093072865598e+00,1.000000000000000e+00,5.302720160662080e-07,1.228168008198843e-12,8.925778052077605e-01
2.850000000000000e+03,1,2.929093072865598e+00,5.557528651782323e-01,1.376330109229578e-22,4.598194047797997e-44,-3.133741270507421e+02
2.850000000000000e+03,2,2.929093072865598e+00,1.246994712684057e-01,4.894478985044387e-07,1.304781863315112e-13,-8.844620886913475e+00
2.850000000000000e+03,3,2.929093072865598e+00,1.453682036047241e-02,2.036696057359342e-22,2.633796595568979e-45,-3.257941776803520e+02
2.850000000000000e+03,4,2.929093072865598e+00,1.019657257698939e-03,3.876869914245460e-07,6.693866324619453e-16,-3.174322964679138e+01
2.850000000000000e+03,5,2.929093072865598e+00,4.732564705504981e-05,1.613448863188365e-22,5.381053800835133e-48,-3.526913266577008e+02
2.850000000000000e+03,6,2.929093072865598e+00,1.552779763147450e-06,2.218889651767200e-07,3.339193872909679e-19,-6.476358365165288e+01
2.850000000000000e+03,7,2.929093072865598e+00,3.780334770907175e-08,1.742192402984257e-22,5.011674482973007e-51,-3.830001714494836e+02
2.850000000000000e+03,8,2.929093072865598e+00,7.085732561487336e-10,1.245737402917492e-07,4.802840099910638e-23,-1.031850187200823e+02
2.850000000000000e+03,9,2.929093072865598e+00,1.052600094686181e-11,6.058780375148967e-23,1.687695870502966e-55,-4.277270581224973e+02
2.850000000000000e+03,10,2.929093072865598e+00,1.268534252455316e-13,8.887208864607183e-08,4.376161441207334e-27,-1.435890666479798e+02
2.850000000000000e+03,11,2.929093072865598e+00,1.264233492464671e-15,2.199942784646263e-22,2.672455156450669e-58,-4.557308957347911e+02
2.850000000000000e+03,12,2.929093072865598e+00,1.058751181474750e-17,9.228994559717611e-08,3.938792033649781e-31,-1.840463694912807e+02
2.850000000000000e+03,13,2.929093072865598e+00,7.552577139932806e-20,1.069024938954146e-22,3.769911944948386e-63,-5.042366879363231e+02
2.850000000000000e+03,14,2.929093072865598e+00,4.642858141043144e-22,7.083926264406218e-08,1.017639231528918e-35,-2.299240615866490e+02
2.850000000000000e+03,15,2.929093072865598e+00,2.484537183653145e-24,1.698622990993844e-22,3.131121063275766e-67,-5.450430014027315e+02
2.850000000000000e+03,16,2.929093072865598e+00,1.167636557439104e-26,5.660400616520687e-08,1.634038880421517e-40,-2.778673761405108e+02
2.850000000000000e+03,17,2.929093072865598e+00,4.856815831264707e-29,2.558489825990825e-22,1.388607117775720e-71,-5.885742061295042e+02
2.850000000000000e+03,18,2.929093072865598e+00,1.800443292545275e-31,4.846435083851825e-08,1.847075339172120e-45,-3.273351539003922e+02
2.850000000000000e+03,19,2.929093072865598e+00,5.985149944930669e-34,1.051691106451506e-22,2.891424128561434e-77,-6.453888819916858e+02
2.850000000000000e+03,20,2.929093072865598e+00,1.794121219315916e-36,4.448974004341716e-08,1.551071728191316e-50,-3.780936811808750e+02
2.850000000000000e+03,21,2.929093072865598e+00,4.874063461405305e-39,6.435018600223592e-23,8.815585371160012e-83,-7.005474884445098e+02
2.850000000000000e+03,22,2.929093072865598e+00,1.205520164269340e-41,4.161643653404989e-08,9.119365508154930e-56,-4.304003537723003e+02
2.850000000000000e+03,23,2.929093072865598e+00,2.725893445693021e-44,3.074409013015552e-22,1.125362729037271e-86,-7.394870747237155e+02
2.850000000000000e+03,24,2.929093072865598e+00,5.656520057919004e-47,3.242219131658932e-08,2.597134388116265e-61,-4.858550557732207e+02
2.850000000000000e+03,25,2.929093072865598e+00,1.080978165835061e-49,3.108262545677964e-22,4.561552476074000e-92,-7.934088732465017e+02
2.850000000000000e+03,26,2.929093072865598e+00,1.908597527731057e-52,3.003187131715050e-08,7.518643770096412e-67,-5.412386049136088e+02
2.850000000000000e+03,27,2.929093072865598e+00,3.122764301866202e-55,3.309973324439884e-22,1.494337023054422e-97,-8.482555144352048e+02
2.850000000000000e+03,28,2.929093072865598e+00,4.747830780527392e-58,2.796705136108681e-08,1.621992921548275e-72,-5.978995104540182e+02
2.850000000000000e+03,29,2.929093072865598e+00,6.725152809475780e-61,6.236947303929994e-22,1.142632754239771e-102,-8.994209333079034e+02
2.850000000000000e+03,30,2.929093072865598e+00,8.896191598459354e-64,2.516338721834796e-08,2.460382855159095e-78,-6.560899730795936e+02
2.850000000000000e+03,31,2.929093072865598e+00,1.101481180860628e-66,2.116241005978150e-22,2.154605157938842e-109,-9.666663230482552e+02
2.850000000000000e+03,32,2.929093072865598e+00,1.279190393881392e-69,2.190131369636099e-08,2.680006724617089e-84,-7.157186411624717e+02
2.850000000000000e+03,33,2.929093072865598e+00,1.396164261917340e-72,1.732602804113625e-22,1.830606102772952e-115,-1.027374050941447e+03
2.850000000000000e+03,34,2.929093072865598e+00,1.434788922600145e-75,1.864094133879007e-08,2.177629832334742e-90,-7.766201594250369e+02
2.850000000000000e+03,35,2.929093072865598e+00,1.390752781223274e-78,1.117275765375587e-22,7.582825421376952e-122,-1.091201689426163e+03
2.850000000000000e+03,36,2.929093072865598e+00,1.273619691195342e-81,1.868251831384292e-08,1.941650063131883e-96,-8.371182903876634e+02
2.850000000000000e+03,37,2.929093072865598e+00,1.103661026020202e-84,4.404859089673444e-22,9.353197595937276e-127,-1.140290398906392e+03
2.850000000000000e+03,38,2.929093072865598e+00,9.063163678725614e-88,1.624478236039389e-08,1.044643197983138e-102,-8.998103201922484e+02
2.850000000000000e+03,39,2.929093072865598e+00,7.062863892397004e-91,1.006308647165337e-21,3.123946655013222e-132,-1.195052963908098e+03
2.850000000000000e+03,40,2.929093072865598e+00,5.230180194252339e-94,1.398555826365974e-08,4.468241402742213e-109,-9.634986337157999e+02
2.900000000000000e+03,0,2.980480670635169e+00,1.000000000000000e+00,4.409637107951690e-06,8.493096606687230e-11,1.929066064095664e+01
2.900000000000000e+03,1,2.980480670635169e+00,5.606625922261559e-01,2.640916056835706e-21,1.707934210964518e-41,-2.876752886219816e+02
2.900000000000000e+03,2,2.980480670635169e+00,1.282508354371102e-01,6.791139239501855e-06,2.583484353554517e-11,1.412205835656981e+01
2.900000000000000e+03,3,2.980480670635169e+00,1.532150091772937e-02,4.103909705511190e-21,1.127086552449123e-42,-2.994804273186186e+02
2.900000000000000e+03,4,2.980480670635169e+00,1.104607140616528e-03,4.469454296017005e-06,9.637784482393743e-14,-1.016022789505411e+01
2.900000000000000e+03,5,2.980480670635169e+00,5.279254466109071e-05,2.639854622019053e-21,1.606915279889507e-45,-3.279400701959409e+02
2.900000000000000e+03,6,2.980480670635169e+00,1.785832516666660e-06,1.884988257743811e-06,2.771522366070110e-17,-4.557281612318990e+01
2.900000000000000e+03,7,2.980480670635169e+00,4.486296002474501e-08,1.567817804699822e-21,4.816587695031843e-49,-3.631726052815853e+02
2.900000000000000e+03,8,2.980480670635169e+00,8.682390719527024e-10,1.058894291808186e-06,4.252114034404698e-21,-8.371395096959506e+01
2.900000000000000e+03,9,2.980480670635169e+00,1.332346554423744e-11,8.286351715436417e-22,3.995805056869523e-53,-4.039839570783120e+02
2.900000000000000e+03,10,2.980480670635169e+00,1.659245684248728e-13,1.121898477194486e-06,9.121750238547562e-25,-1.203992182329280e+02
2.900000000000000e+03,11,2.980480670635169e+00,1.709277349224099e-15,3.414832401917699e-21,8.705860175557456e-56,-4.306018831230744e+02
2.900000000000000e+03,12,2.980480670635169e+00,1.479971887172475e-17,8.810117318011827e-07,5.017382515300332e-29,-1.629952278795939e+02
2.900000000000000e+03,13,2.980480670635169e+00,1.091712438999606e-19,2.754002167420729e-22,3.616572511756502e-62,-4.944170282293794e+02
2.900000000000000e+03,14,2.980480670635169e+00,6.940923159077197e-22,8.330148580484771e-07,2.103696551053376e-33,-2.067701690506364e+02
2.900000000000000e+03,15,2.980480670635169e+00,3.841938103987280e-24,5.072607125646974e-22,4.317905980493766e-66,-5.336472681836985e+02
2.900000000000000e+03,16,2.980480670635169e+00,1.867803995575115e-26,5.961523883252659e-07,2.899387347627027e-38,-2.553769376060240e+02
2.900000000000000e+03,17,2.980480670635169e+00,8.037719479165340e-29,2.015878356087482e-21,1.426664490714523e-69,-5.684567814809299e+02
2.900000000000000e+03,18,2.980480670635169e+00,3.082843862025585e-31,5.583846047157996e-07,4.198351186659347e-43,-3.037692123606112e+02
2.900000000000000e+03,19,2.980480670635169e+00,1.060392682338309e-33,6.119616120238322e-22,1.734504555997059e-75,-6.276082455506563e+02
2.900000000000000e+03,20,2.980480670635169e+00,3.289183107889144e-36,5.248225566100339e-07,3.957066959109182e-48,-3.540262660080156e+02
2.900000000000000e+03,21,2.980480670635169e+00,9.246851404311093e-39,1.770757034783377e-21,1.266403765577314e-79,-6.689742780679461e+02
2.900000000000000e+03,22,2.980480670635169e+00,2.366806924107749e-41,4.377259630851510e-07,1.980741532052877e-53,-4.070317219206706e+02
2.900000000000000e+03,23,2.980480670635169e+00,5.538598464643110e-44,3.390302442795379e-21,2.780591104257277e-84,-7.155586287097800e+02
2.900000000000000e+03,24,2.980480670635169e+00,1.189482614895234e-46,3.947677485677042e-07,8.096583356673664e-59,-4.609169820857527e+02
2.900000000000000e+03,25,2.980480670635169e+00,2.352647917685549e-49,3.846346799161159e-21,1.520247085098096e-89,-7.681808582062506e+02
2.900000000000000e+03,26,2.980480670635169e+00,4.299299615197604e-52,3.294016403223046e-07,2.037556169354375e-64,-5.169089041021772e+02
2.900000000000000e+03,27,2.980480670635169e+00,7.280761056182193e-55,1.360878790676556e-21,5.889467541425057e-96,-8.322992396739860e+02
2.900000000000000e+03,28,2.980480670635169e+00,1.145768414815872e-57,3.298168439128158e-07,5.443808908083409e-70,-5.726409712807221e+02
2.900000000000000e+03,29,2.980480670635169e+00,1.679874026493398e-60,6.516150649009134e-21,3.115439420885137e-100,-8.750648068909902e+02
2.900000000000000e+03,30,2.980480670635169e+00,2.300168873198802e-63,2.845087544027312e-07,8.132261842643174e-76,-6.308978864639107e+02
2.900000000000000e+03,31,2.980480670635169e+00,2.947956620624175e-66,2.046246222227316e-21,5.391346351914677e-107,-9.426830276724507e+02
2.900000000000000e+03,32,2.980480670635169e+00,3.543842016781406e-69,2.431996803564416e-07,9.155049893638993e-82,-6.903833928451651e+02
2.900000000000000e+03,33,2.980480670635169e+00,4.003842803357467e-72,1.681039415248505e-21,4.941891133187980e-113,-1.003061068260680e+03
2.900000000000000e+03,34,2.980480670635169e+00,4.259273545607273e-75,2.294309490479877e-07,9.792642477863925e-88,-7.500910010097489e+02
2.900000000000000e+03,35,2.980480670635169e+00,4.273755789942204e-78,1.891894976604585e-21,6.681348315835909e-119,-1.061751358867701e+03
2.900000000000000e+03,36,2.980480670635169e+00,4.051507104444072e-81,2.038267406347694e-07,7.351894856017383e-94,-8.113360071269076e+02
2.900000000000000e+03,37,2.980480670635169e+00,3.634411400068683e-84,6.784236656664747e-21,7.306281943761974e-124,-1.111363035727130e+03
2.900000000000000e+03,38,2.980480670635169e+00,3.089611555983600e-87,1.930080704322695e-07,5.027072882513105e-100,-8.729868481832398e+02
2.900000000000000e+03,39,2.980480670635169e+00,2.492495681742877e-90,6.299338328643025e-21,4.320008945893881e-130,-1.173645153538452e+03
2.900000000000000e+03,40,2.980480670635169e+00,1.910747601149130e-93,1.572393444502149e-07,2.063412869989338e-106,-9.368541386498950e+02
2.950000000000000e+03,0,3.031868268404742e+00,1.000000000000000e+00,2.093654228520061e-07,1.914565726469218e-13,-7.179297198605996e+00
2.950000000000000e+03,1,3.031868268404742e+00,5.654679401627930e-01,2.293842086734808e-23,1.299557151894804e-45,-3.288620461635015e+02
2.950000000000000e+03,2,3.031868268404742e+00,1.318026854197063e-01,1.794747699852835e-07,1.854348821717150e-14,-1.731808567334182e+01
2.950000000000000e+03,3,3.031868268404742e+00,1.612689939002170e-02,3.959087671047647e-23,1.104082375957773e-46,-3.395699852254046e+02
2.950000000000000e+03,4,3.031868268404742e+00,1.194309292703403e-03,1.680503909720261e-07,1.473181406413452e-16,-3.831743771179462e+01
2.950000000000000e+03,5,3.031868268404742e+00,5.874048225193824e-05,3.145734264467573e-23,2.538878608107525e-49,-3.659535806363568e+02
2.950000000000000e+03,6,3.031868268404742e+00,2.047353316302084e-06,7.498781985344413e-08,5.028455533332036e-20,-7.298565385987854e+01
2.950000000000000e+03,7,3.031868268404742e+00,5.303946059279293e-08,3.983424347326725e-23,3.675975503823289e-52,-3.943462739135280e+02
2.950000000000000e+03,8,3.031868268404742e+00,1.059205352865121e-09,5.836045842294416e-08,1.575715906252889e-23,-1.080252208092544e+02
2.950000000000000e+03,9,3.031868268404742e+00,1.677995022095055e-11,4.715836400616706e-23,1.629928267845627e-55,-4.278783150821218e+02
2.950000000000000e+03,10,3.031868268404742e+00,2.158106776748725e-13,3.765482809377868e-08,1.336517439248534e-27,-1.487402537007617e+02
2.950000000000000e+03,11,3.031868268404742e+00,2.296604622283884e-15,3.338060689350324e-23,1.117725229914172e-59,-4.695166494582208e+02
2.950000000000000e+03,12,3.031868268404742e+00,2.054645006471455e-17,3.610031434885177e-08,1.169550899092446e-31,-1.893198087285956e+02
2.950000000000000e+03,13,3.031868268404742e+00,1.566321803068008e-19,5.418190868818249e-23,2.008398814371972e-63,-5.069715004367683e+02
2.950000000000000e+03,14,3.031868268404742e+00,1.029307345497112e-21,3.056803532498359e-08,4.200882052773680e-36,-2.337665951187992e+02
2.950000000000000e+03,15,3.031868268404742e+00,5.889630539624284e-24,8.510820280987408e-23,1.863336342993369e-67,-5.472970874536041e+02
2.950000000000000e+03,16,3.031868268404742e+00,2.960226557135837e-26,2.363217476013637e-08,7.220922645545574e-41,-2.814140730737931e+02
2.950000000000000e+03,17,3.031868268404742e+00,1.317108804165596e-28,9.095414120427195e-23,4.759123455283442e-72,-5.932247302912582e+02
2.950000000000000e+03,18,3.031868268404742e+00,5.223590124336065e-31,2.135757239026629e-08,1.040718390847771e-45,-3.298266677082203e+02
2.950000000000000e+03,19,3.031868268404742e+00,1.857984373635886e-33,3.475143172026237e-23,9.800490759124598e-78,-6.500875217648675e+02
2.950000000000000e+03,20,3.031868268404742e+00,5.960001816011485e-36,1.816797182060333e-08,8.592502164453624e-51,-3.806588034979183e+02
2.950000000000000e+03,21,3.031868268404742e+00,1.732835375687712e-38,4.988008834525680e-23,1.883094419760484e-82,-6.972512790358774e+02
2.950000000000000e+03,22,3.031868268404742e+00,4.587232738412782e-41,1.748687023690510e-08,6.126822699137802e-56,-4.321276468730314e+02
2.950000000000000e+03,23,3.031868268404742e+00,1.110272368833936e-43,8.437242248040882e-23,3.452160126046941e-87,-7.446190906804208e+02
2.950000000000000e+03,24,3.031868268404742e+00,2.466293376710872e-46,1.413693254061599e-08,2.152858424188189e-61,-4.866698452921761e+02
2.950000000000000e+03,25,3.031868268404742e+00,5.045616129108587e-49,1.164873628398071e-22,2.990420050589329e-92,-7.952426780403670e+02
2.950000000000000e+03,26,3.031868268404742e+00,9.537572282767594e-52,1.247804055391873e-08,6.486209781898101e-67,-5.418800900915559e+02
2.950000000000000e+03,27,3.031868268404742e+00,1.670747349177414e-54,1.508551861795163e-22,1.660701714485289e-97,-8.477970836597506e+02
2.950000000000000e+03,28,3.031868268404742e+00,2.719785563551825e-57,1.182729425958199e-08,1.661750550452253e-72,-5.977943416869443e+02
2.950000000000000e+03,29,3.031868268404742e+00,4.125032375466982e-60,1.523513380511345e-22,4.181963809073984e-103,-9.037861972990846e+02
2.950000000000000e+03,30,3.031868268404742e+00,5.842939495331670e-63,1.027590284673273e-08,2.694832220115975e-78,-6.556946826875037e+02
2.950000000000000e+03,31,3.031868268404742e+00,7.746780425948572e-66,8.174557735794705e-23,2.261049866097744e-109,-9.664568985944487e+02
2.950000000000000e+03,32,3.031868268404742e+00,9.634070760676607e-69,9.415217242452593e-09,3.730189412760779e-84,-7.142826911488614e+02
2.950000000000000e+03,33,3.031868268404742e+00,1.126040675750045e-71,5.308838791579584e-23,1.386160493950373e-115,-1.028581864828543e+03
2.950000000000000e+03,34,3.031868268404742e+00,1.239252856402369e-74,7.847829179129711e-09,3.333645186590403e-90,-7.747708062577556e+02
2.950000000000000e+03,35,3.031868268404742e+00,1.286431696480774e-77,4.109764275280058e-23,9.490321397278357e-122,-1.090227190795958e+03
2.950000000000000e+03,36,3.031868268404742e+00,1.261685641571728e-80,7.641428929024839e-09,3.217812096840658e-96,-8.349243931999082e+02
2.950000000000000e+03,37,3.031868268404742e+00,1.170929351787471e-83,1.527023636074969e-22,1.192566414079564e-126,-1.139235174257343e+03
2.950000000000000e+03,38,3.031868268404742e+00,1.029832828340629e-86,6.915834575437664e-09,2.151375843502624e-102,-8.966728371211341e+02
2.950000000000000e+03,39,3.031868268404742e+00,8.595425972892584e-90,3.797288915378052e-22,5.413461473925056e-132,-1.192665249496249e+03
2.950000000000000e+03,40,3.031868268404742e+00,6.817263398758128e-93,5.850403636892075e-09,1.019159361139224e-108,-9.599175790210534e+02
3.000000000000000e+03,0,3.083255866174313e+00,1.000000000000000e+00,2.326624933179717e-06,2.364357361280067e-11,1.373713118699285e+01
3.000000000000000e+03,1,3.083255866174313e+00,5.701720753838284e-01,1.020417728260030e-21,2.593118102535938e-42,-2.958617770301020e+02
3.000000000000000e+03,2,3.083255866174313e+00,1.353537784611301e-01,2.038993289095916e-06,2.457889416413440e-12,3.905623395261116e+00
3.000000000000000e+03,3,3.083255866174313e+00,1.695277887151276e-02,1.423258413407609e-21,1.499922360993410e-43,-3.082393122032084e+02
3.000000000000000e+03,4,3.083255866174313e+00,1.288881802390340e-03,2.268733350458915e-06,2.897612893002968e-14,-1.537959634621269e+01
3.000000000000000e+03,5,3.083255866174313e+00,6.519771925024136e-05,9.480514717742595e-22,2.559508640287412e-46,-3.359184340003724e+02
3.000000000000000e+03,6,3.083255866174313e+00,2.340001961742914e-06,1.321892218041163e-06,1.785947451079319e-17,-4.748131323746479e+01
3.000000000000000e+03,7,3.083255866174313e+00,6.247739345165562e-08,5.446040562553216e-22,8.093660974998827e-50,-3.709185499116893e+02
3.000000000000000e+03,8,3.083255866174313e+00,1.286694109994419e-09,7.272746033541623e-07,2.972572941063247e-21,-8.526867479850529e+01
3.000000000000000e+03,9,3.083255866174313e+00,2.103103772088600e-11,4.900931696123459e-22,2.206370107445039e-53,-4.065632163507849e+02
3.000000000000000e+03,10,3.083255866174313e+00,2.791737830760139e-13,5.502370547848697e-07,3.691770221502922e-25,-1.243276533761330e+02
3.000000000000000e+03,11,3.083255866174313e+00,3.067205889013000e-15,8.007108329513308e-22,8.589239263376419e-57,-4.406604529930592e+02
3.000000000000000e+03,12,3.083255866174313e+00,2.833656711447763e-17,5.524437554390514e-07,3.777319636885948e-29,-1.642281626360713e+02
3.000000000000000e+03,13,3.083255866174313e+00,2.231133096627498e-19,4.682163774976972e-22,2.136382651841605e-61,-4.867032095730843e+02
3.000000000000000e+03,14,3.083255866174313e+00,1.514571510341326e-21,4.400173708666389e-07,1.280824982144540e-33,-2.089251021020985e+02
3.000000000000000e+03,15,3.083255866174313e+00,8.953403848051959e-24,7.490073629286237e-22,2.193919614088305e-65,-5.265877928915759e+02
3.000000000000000e+03,16,3.083255866174313e+00,4.649721924658711e-26,3.480822248459075e-07,2.460656751205737e-38,-2.560894896388928e+02
3.000000000000000e+03,17,3.083255866174313e+00,2.137790458985447e-28,1.591137758620886e-21,2.363965103417300e-69,-5.662635893874897e+02
3.000000000000000e+03,18,3.083255866174313e+00,8.761691038233755e-31,2.985555558974244e-07,3.411132683640680e-43,-3.046710138740812e+02
3.000000000000000e+03,19,3.083255866174313e+00,3.220813352599085e-33,3.592516918445425e-22,1.815614176367965e-75,-6.274097643493208e+02
3.000000000000000e+03,20,3.083255866174313e+00,1.067824883600019e-35,2.768374447231223e-07,3.574456892194633e-48,-3.544678993614014e+02
3.000000000000000e+03,21,3.083255866174313e+00,3.208953338432453e-38,4.634574200881764e-22,3.010533362870953e-80,-6.752135655555849e+02
3.000000000000000e+03,22,3.083255866174313e+00,8.780696376140223e-41,2.548188947875073e-07,2.490305217849649e-53,-4.060374742145669e+02
3.000000000000000e+03,23,3.083255866174313e+00,2.196833695475728e-43,1.458992785610476e-21,2.042508314004543e-84,-7.168983616700168e+02
3.000000000000000e+03,24,3.083255866174313e+00,5.044490402399218e-46,2.031146687085100e-07,9.089923758377236e-59,-4.604143975940234e+02
3.000000000000000e+03,25,3.083255866174313e+00,1.066855207171518e-48,1.901893842946211e-21,1.685537383549470e-89,-7.677326161081480e+02
3.000000000000000e+03,26,3.083255866174313e+00,2.084779855720818e-51,1.844017493785751e-07,3.096354225631658e-64,-5.150914936147841e+02
3.000000000000000e+03,27,3.083255866174313e+00,3.775507724122148e-54,1.363145463357348e-21,3.064221328313916e-95,-8.251367986887170e+02
3.000000000000000e+03,28,3.083255866174313e+00,6.354063220892647e-57,1.731042331554104e-07,8.316244923545599e-70,-5.708007272865058e+02
3.000000000000000e+03,29,3.083255866174313e+00,9.963355681169025e-60,3.267711445145075e-21,4.646793742448511e-100,-8.733284660415218e+02
3.000000000000000e+03,30,3.083255866174313e+00,1.459080860450352e-62,1.559601079540614e-07,1.550125204567130e-75,-6.280963322218030e+02
3.000000000000000e+03,31,3.083255866174313e+00,2.000075909799087e-65,8.751117405210407e-22,6.690119305725533e-107,-9.417456613733588e+02
3.000000000000000e+03,32,3.083255866174313e+00,2.571693696950073e-68,1.348254271618235e-07,2.041847079306636e-81,-6.868997678678396e+02
3.000000000000000e+03,33,3.083255866174313e+00,3.107806734810506e-71,7.710388274852335e-22,8.069876037035478e-113,-1.000931331365103e+03
3.000000000000000e+03,34,3.083255866174313e+00,3.536357773602688e-74,1.165285116136105e-07,2.097398523028373e-87,-7.467831904215835e+02
3.000000000000000e+03,35,3.083255866174313e+00,3.795637335594457e-77,4.834812303287311e-22,3.875290913474121e-119,-1.064116956899643e+03
3.000000000000000e+03,36,3.083255866174313e+00,3.849069950040087e-80,1.146553766556021e-07,2.210064849977943e-93,-8.065559498261608e+02
3.000000000000000e+03,37,3.083255866174313e+00,3.693572133372240e-83,1.905387513762893e-21,5.856977797463697e-124,-1.112323264222854e+03
3.000000000000000e+03,38,3.083255866174313e+00,3.358908106826572e-86,1.013032389271038e-07,1.505584543868715e-99,-8.682229485230350e+02
3.000000000000000e+03,39,3.083255866174313e+00,2.898799911424724e-89,5.071252681303459e-21,3.256185237261142e-129,-1.164872908970162e+03
3.000000000000000e+03,40,3.083255866174313e+00,2.377300187159837e-92,8.675094093957054e-08,7.814348496877559e-106,-9.310710722442734e+02
3.050000000000000e+03,0,3.134643463943885e+00,1.000000000000000e+00,6.720986391551284e-08,1.972996864405003e-14,-1.704873604951907e+01
3.050000000000000e+03,1,3.134643463943885e+00,5.747780448915550e-01,5.863691062204728e-23,8.631826356899568e-45,-3.206389730477080e+02
3.050000000000000e+03,2,3.134643463943885e+00,1.389029385306595e-01,1.905246908689402e-07,2.202289091804326e-14,-1.657125672314967e+01
3.050000000000000e+03,3,3.134643463943885e+00,1.779889097716937e-02,1.204222706479896e-22,1.127371183196791e-45,-3.294793307040155e+02
3.050000000000000e+03,4,3.134643463943885e+00,1.388439648710599e-03,2.582954389965297e-07,4.045953105838331e-16,-3.392979155177095e+01
3.050000000000000e+03,5,3.134643463943885e+00,7.219319830289002e-05,9.298702208484462e-23,2.726473773916019e-48,-3.556439867545683e+02
3.050000000000000e+03,6,3.134643463943885e+00,2.666604460175753e-06,1.047005791298996e-07,1.276783118685723e-19,-6.893882868090859e+01
3.050000000000000e+03,7,3.134643463943885e+00,7.333570431785351e-08,3.582035898460120e-23,4.109942047753428e-52,-3.938616430185102e+02
3.050000000000000e+03,8,3.134643463943885e+00,1.556644252952433e-09,6.190118718079391e-08,2.605239727208952e-23,-1.058415230790618e+02
3.050000000000000e+03,9,3.134643463943885e+00,2.623616475378077e-11,8.727147482355686e-24,8.727811198728443e-57,-4.405909465703902e+02
3.050000000000000e+03,10,3.134643463943885e+00,3.592503930704089e-13,6.241289745706785e-08,6.112323117441265e-27,-1.421379369559523e+02
3.050000000000000e+03,11,3.134643463943885e+00,4.072606437467206e-15,1.135032267737642e-22,2.291654925971247e-58,-4.563985077720600e+02
3.050000000000000e+03,12,3.134643463943885e+00,3.883139196368571e-17,4.940625709676243e-08,4.140065666571114e-31,-1.838299277037589e+02
3.050000000000000e+03,13,3.134643463943885e+00,3.156081649618278e-19,2.150769011086678e-23,6.376702178203573e-64,-5.119540386612129e+02
3.050000000000000e+03,14,3.134643463943885e+00,2.211903681895252e-21,4.521009871152716e-08,1.974683444087577e-35,-2.270450251497665e+02
3.050000000000000e+03,15,3.134643463943885e+00,1.350124710166627e-23,1.877627109731858e-23,2.078992597639597e-68,-5.568214705699369e+02
3.050000000000000e+03,16,3.134643463943885e+00,7.240504924098627e-26,3.290385371810144e-08,3.423913210722119e-40,-2.746547725234249e+02
3.050000000000000e+03,17,3.134643463943885e+00,3.437977665542331e-28,8.777985356370761e-23,1.157052641017024e-71,-5.893664688203083e+02
3.050000000000000e+03,18,3.134643463943885e+00,1.455312000751455e-30,3.072664762425873e-08,6.001320673585645e-45,-3.222175316659369e+02
3.050000000000000e+03,19,3.134643463943885e+00,5.525779691605888e-33,3.115408618085338e-23,2.342523534511543e-77,-6.463031603721407e+02
3.050000000000000e+03,20,3.134643463943885e+00,1.892402924074125e-35,2.841492924907263e-08,6.673706935251625e-50,-3.717563286858287e+02
3.050000000000000e+03,21,3.134643463943885e+00,5.874691594146185e-38,1.038243481997181e-22,2.765947049326822e-81,-6.855815613818379e+02
3.050000000000000e+03,22,3.134643463943885e+00,1.660651745876285e-40,2.394804631982504e-08,4.159863770052526e-55,-4.238092089170095e+02
3.050000000000000e+03,23,3.134643463943885e+00,4.292321891597231e-43,1.236745670429781e-22,2.867566139730155e-86,-7.354248655641237e+02
3.050000000000000e+03,24,3.134643463943885e+00,1.018294772827235e-45,2.132603742400994e-08,2.022805898437726e-60,-4.769404578864874e+02
3.050000000000000e+03,25,3.134643463943885e+00,2.225034543015791e-48,1.855712000313205e-22,3.346711476659298e-91,-7.847538172698967e+02
3.050000000000000e+03,26,3.134643463943885e+00,4.492406557510845e-51,1.807554275287332e-08,6.410945852753160e-66,-5.319307789117895e+02
3.050000000000000e+03,27,3.134643463943885e+00,8.406070986468481e-54,3.094197313153615e-23,3.515195029122886e-98,-8.545405057456388e+02
3.050000000000000e+03,28,3.134643463943885e+00,1.461767292648193e-56,1.787839399661186e-08,2.040777281114877e-71,-5.869020438914022e+02
3.050000000000000e+03,29,3.134643463943885e+00,2.368375662575799e-59,2.161859121191536e-22,4.834657707078580e-102,-8.931563426846604e+02
3.050000000000000e+03,30,3.134643463943885e+00,3.583859324691689e-62,1.539790755418328e-08,3.711374101975825e-77,-6.443046526709151e+02
3.050000000000000e+03,31,3.134643463943885e+00,5.076359430944841e-65,5.391011221840677e-23,6.443965391728443e-109,-9.619084680068945e+02
3.050000000000000e+03,32,3.134643463943885e+00,6.744758716379516e-68,1.330246716719183e-08,5.213041380962088e-83,-7.028290882764306e+02
3.050000000000000e+03,33,3.134643463943885e+00,8.422652658424933e-71,4.490503301412479e-23,7.418212915542101e-115,-1.021297007058257e+03
3.050000000000000e+03,34,3.134643463943885e+00,9.903864577445542e-74,1.241577288887364e-08,6.668260782018184e-89,-7.617598742414445e+02
3.050000000000000e+03,35,3.134643463943885e+00,1.098480245956802e-76,6.222060320375383e-23,1.857466750891005e-120,-1.077310789514752e+03
3.050000000000000e+03,36,3.134643463943885e+00,1.151138045020823e-79,1.114243957800139e-08,6.242353314871128e-95,-8.220465165406921e+02
3.050000000000000e+03,37,3.134643463943885e+00,1.141528855097889e-82,2.077067648034823e-22,2.151040262403399e-125,-1.126673514605674e+03
3.050000000000000e+03,38,3.134643463943885e+00,1.072781907265643e-85,1.041619323088081e-08,5.083816415952362e-101,-8.829381014084391e+02
3.050000000000000e+03,39,3.134643463943885e+00,9.567722341369148e-89,2.275483507914490e-22,2.163795985942652e-131,-1.186647836892014e+03
3.050000000000000e+03,40,3.134643463943885e+00,8.108771714192542e-92,8.565699497314327e-09,2.598610001317364e-107,-9.458525889440626e+02
3.100000000000000e+03,0,3.186031061713457e+00,1.000000000000000e+00,4.031045429630169e-06,7.097342247376405e-11,1.851095748241879e+01
3.100000000000000e+03,1,3.186031061713457e+00,5.792887813181217e-01,8.929444405141192e-22,2.017457321764568e-42,-2.969519564377724e+02
3.100000000000000e+03,2,3.186031061713457e+00,1.424490534277413e-01,3.260104395512371e-06,6.612762807159100e-12,8.203829452974512e+00
3.100000000000000e+03,3,3.186031061713457e+00,1.866497682999921e-02,1.695051116171500e-21,2.342358779717039e-43,-3.063034658316736e+02
3.100000000000000e+03,4,3.186031061713457e+00,1.493094596119708e-03,3.584616328239296e-06,8.379788239910789e-14,-1.076766955999823e+01
3.100000000000000e+03,5,3.186031061713457e+00,7.975651580469216e-05,1.007700198614836e-21,3.537441159084148e-46,-3.345131077535390e+02
3.100000000000000e+03,6,3.186031061713457e+00,3.030157143502630e-06,1.600438698864812e-06,3.390030478183849e-17,-4.469796397240115e+01
3.100000000000000e+03,7,3.186031061713457e+00,8.578870877973948e-08,1.300121637613885e-21,6.333714259001056e-49,-3.619834153340779e+02
3.100000000000000e+03,8,3.186031061713457e+00,1.875788002769071e-09,1.205276383266191e-06,1.190193051737316e-20,-7.924382589444230e+01
3.100000000000000e+03,9,3.186031061713457e+00,3.258209803592345e-11,1.078724711356299e-21,1.656001265375697e-52,-3.978093933570000e+02
3.100000000000000e+03,10,3.186031061713457e+00,4.599580481107559e-13,8.131746710562218e-07,1.328453234664718e-24,-1.187665372938659e+02
3.100000000000000e+03,11,3.186031061713457e+00,5.377249412847019e-15,8.945551991260744e-22,1.879467551233964e-56,-4.372596516792393e+02
3.100000000000000e+03,12,3.186031061713457e+00,5.288558603582916e-17,7.676144185122756e-07,1.361080874989807e-28,-1.586611606839089e+02
3.100000000000000e+03,13,3.186031061713457e+00,4.434560029373446e-19,7.848858753849490e-22,1.193229353599587e-60,-4.792327607147698e+02
3.100000000000000e+03,14,3.186031061713457e+00,3.206886349517751e-21,6.515892652120868e-07,5.946915580835290e-33,-2.022570822646417e+02
3.100000000000000e+03,15,3.186031061713457e+00,2.020050893990816e-23,1.464789029780857e-21,1.893096845519122e-64,-5.172282716818163e+02
3.100000000000000e+03,16,3.186031061713457e+00,1.118086990876841e-25,5.031890784666951e-07,1.236512098530447e-37,-2.490780162997045e+02
3.100000000000000e+03,17,3.186031061713457e+00,5.479845634413115e-28,1.711194992838264e-21,7.008542143783136e-69,-5.615437231081449e+02
3.100000000000000e+03,18,3.186031061713457e+00,2.394497742677712e-30,4.546043190226597e-07,2.161433657016523e-42,-2.966525809014829e+02
3.100000000000000e+03,19,3.186031061713457e+00,9.385875247910377e-33,7.835457163958658e-22,2.516887604070980e-74,-6.159913617818293e+02
3.100000000000000e+03,20,3.186031061713457e+00,3.318514267799400e-35,3.908575752240163e-07,2.214323754588057e-47,-3.465475888094974e+02
3.100000000000000e+03,21,3.186031061713457e+00,1.063620672497213e-37,1.020138746762531e-21,4.834656454216536e-79,-6.631563438100991e+02
3.100000000000000e+03,22,3.186031061713457e+00,3.104358872974350e-40,3.707465399723082e-07,1.863745025910418e-52,-3.972961350261207e+02
3.100000000000000e+03,23,3.186031061713457e+00,8.285048138584276e-43,2.147521457029246e-21,1.668900415033645e-83,-7.077756957733616e+02
3.100000000000000e+03,24,3.186031061713457e+00,2.029557904172664e-45,3.017691292505620e-07,8.072562735892895e-58,-4.509298857117965e+02
3.100000000000000e+03,25,3.186031061713457e+00,4.579351379692118e-48,2.537373798702188e-21,1.287754966969618e-88,-7.589016676633705e+02
3.100000000000000e+03,26,3.186031061713457e+00,9.547687416055089e-51,2.658977265910641e-07,2.948409510122305e-63,-5.053041219664914e+02
3.100000000000000e+03,27,3.186031061713457e+00,1.844911391087345e-53,3.075802342129600e-21,7.623470461476726e-94,-8.111784727811549e+02
3.100000000000000e+03,28,3.186031061713457e+00,3.313098237541682e-56,2.523513081543897e-07,9.215221896044068e-69,-5.603549420281417e+02
3.100000000000000e+03,29,3.186031061713457e+00,5.543570959853856e-59,3.912835351401063e-21,3.707089925123873e-99,-8.643096687889857e+02
3.100000000000000e+03,30,3.186031061713457e+00,8.663261295440618e-62,2.194319588401511e-07,1.821971320363604e-74,-6.173945846353528e+02
3.100000000000000e+03,31,3.186031061713457e+00,1.267307502680081e-64,1.496713318418481e-21,1.239994090287640e-105,-9.290658038464550e+02
3.100000000000000e+03,32,3.186031061713457e+00,1.739010982436902e-67,1.995368038114702e-07,3.024187475427876e-80,-6.751939128955308e+02
3.100000000000000e+03,33,3.186031061713457e+00,2.242836209475999e-70,9.767178303717657e-22,9.345362540675747e-112,-9.902940384609244e+02
3.100000000000000e+03,34,3.186031061713457e+00,2.723780418835249e-73,1.683229201365952e-07,3.370691222327356e-86,-7.347228102991197e+02
3.100000000000000e+03,35,3.186031061713457e+00,3.120210440777641e-76,8.033316459586217e-22,8.794962659942543e-118,-1.050557660000514e+03
3.100000000000000e+03,36,3.186031061713457e+00,3.377134492620228e-79,1.628979253907407e-07,3.914171281030688e-92,-7.940736017388014e+02
3.100000000000000e+03,37,3.186031061713457e+00,3.458930679065756e-82,2.659990613060334e-21,1.068962399696615e-122,-1.099710375706485e+03
3.100000000000000e+03,38,3.186031061713457e+00,3.357413084331968e-85,1.476017269090694e-07,3.194831949473978e-98,-8.549555198111609e+02
3.100000000000000e+03,39,3.186031061713457e+00,3.092746495695934e-88,8.006419210555667e-21,8.659271126756598e-128,-1.150625186621339e+03
3.100000000000000e+03,40,3.186031061713457e+00,2.707303985185334e-91,1.248540401151100e-07,1.843327854407240e-104,-9.173439741426718e+02
3.150000000000000e+03,0,3.237418659483029e+00,1.000000000000000e+00,1.814392623187786e-07,1.437880870547182e-13,-8.422770940693855e+00
3.150000000000000e+03,1,3.237418659483029e+00,5.837071077489772e-01,7.144465783209877e-23,1.301352245758453e-44,-3.188560513411985e+02
3.150000000000000e+03,2,3.237418659483029e+00,1.459910719792474e-01,1.037211743361723e-07,6.859958855283445e-15,-2.163678489100383e+01
3.150000000000000e+03,3,3.237418659483029e+00,1.955076800427072e-02,1.526153834354738e-22,1.988936004095079e-45,-3.270137919048818e+02
3.150000000000000e+03,4,3.237418659483029e+00,1.602955101473750e-03,2.647054367634057e-07,4.905772942946683e-16,-3.309292556396103e+01
3.150000000000000e+03,5,3.237418659483029e+00,8.791789139674291e-05,9.200873889015987e-23,3.250841405788727e-48,-3.548800421729898e+02
3.150000000000000e+03,6,3.237418659483029e+00,3.433830546579164e-06,1.564234471799465e-07,3.669804488092687e-19,-6.435357072533816e+01
3.150000000000000e+03,7,3.237418659483029e+00,1.000270865628406e-07,5.711291286943677e-23,1.425104146262773e-51,-3.884615339636110e+02
3.150000000000000e+03,8,3.237418659483029e+00,2.251732881154382e-09,8.439464658659932e-08,7.004982107866483e-23,-1.015459296965226e+02
3.150000000000000e+03,9,3.237418659483029e+00,4.028680749113787e-11,1.399500617918964e-23,3.446429550211711e-56,-4.346263059465914e+02
3.150000000000000e+03,10,3.237418659483029e+00,5.860183571816383e-13,6.567951415779338e-08,1.104158567721738e-26,-1.395696855329026e+02
3.150000000000000e+03,11,3.237418659483029e+00,7.061344693179870e-15,5.224514919733922e-23,8.418597036236599e-59,-4.607476027788135e+02
3.150000000000000e+03,12,3.237418659483029e+00,7.159771561224941e-17,6.498815153430832e-08,1.320772135021863e-30,-1.787917210217250e+02
3.150000000000000e+03,13,3.237418659483029e+00,6.190543824636537e-19,4.227178224985597e-23,4.831592327997816e-63,-5.031590971701320e+02
3.150000000000000e+03,14,3.237418659483029e+00,4.616850371802301e-21,5.243870406726148e-08,5.545108690181632e-35,-2.225608993678561e+02
3.150000000000000e+03,15,3.237418659483029e+00,2.999610936903695e-23,9.328089031237893e-23,1.140015238094814e-66,-5.394308934359664e+02
3.150000000000000e+03,16,3.237418659483029e+00,1.712640491042366e-25,4.124543386750667e-08,1.272560161830786e-39,-2.689532167670554e+02
3.150000000000000e+03,17,3.237418659483029e+00,8.659393537002964e-28,1.659380027078332e-22,1.041452716212570e-70,-5.798236044300296e+02
3.150000000000000e+03,18,3.237418659483029e+00,3.903884253010038e-30,3.536578977128860e-08,2.132671756893154e-44,-3.167107598240328e+02
3.150000000000000e+03,19,3.237418659483029e+00,1.578885855703120e-32,4.726524786017165e-23,1.540618031190835e-76,-6.381230502351957e+02
3.150000000000000e+03,20,3.237418659483029e+00,5.760223281621505e-35,3.295900517256599e-08,2.733051845414892e-49,-3.656335212975482e+02
3.150000000000000e+03,21,3.237418659483029e+00,1.905131855553874e-37,6.497745911470438e-23,3.513264530341322e-81,-6.845428914888651e+02
3.150000000000000e+03,22,3.237418659483029e+00,5.738165442450455e-40,3.015352494950405e-08,2.278817813050625e-54,-4.164229039441136e+02
3.150000000000000e+03,23,3.237418659483029e+00,1.580436222461448e-42,1.731517687040512e-22,2.069622808974945e-85,-7.268410879797659e+02
3.150000000000000e+03,24,3.237418659483029e+00,3.995582689448586e-45,2.425236336293262e-08,1.026475572612908e-59,-4.698865138122339e+02
3.150000000000000e+03,25,3.237418659483029e+00,9.304512660308234e-48,2.062162469874018e-22,1.728222883961135e-90,-7.776240024852824e+02
3.150000000000000e+03,26,3.237418659483029e+00,2.002219216217064e-50,2.187507769289568e-08,4.184766172772519e-65,-5.237832880355164e+02
3.150000000000000e+03,27,3.237418659483029e+00,3.993229138428641e-53,1.309168488205909e-22,2.989342529754478e-96,-8.352442431906602e+02
3.150000000000000e+03,28,3.237418659483029e+00,7.401653106474157e-56,2.062359961303520e-08,1.375048534231005e-70,-5.786168197254156e+02
3.150000000000000e+03,29,3.237418659483029e+00,1.278318748027257e-58,2.829105833779360e-22,4.468871941372340e-101,-8.834980209017119e+02
3.150000000000000e+03,30,3.237418659483029e+00,2.062028583057058e-61,1.860570403499630e-08,3.117792876692695e-76,-6.350615273953116e+02
3.150000000000000e+03,31,3.237418659483029e+00,3.113628739201026e-64,7.806236277533982e-23,8.287252564086603e-108,-9.508158942530283e+02
3.150000000000000e+03,32,3.237418659483029e+00,4.410276983445088e-67,1.603966305947473e-08,4.955833540718278e-82,-6.930488328937458e+02
3.150000000000000e+03,33,3.237418659483029e+00,5.871463863459224e-70,6.321305365330990e-23,1.024755590173968e-113,-1.009893797038726e+03
3.150000000000000e+03,34,3.237418659483029e+00,7.360583802960067e-73,1.394525281368242e-08,6.252092698826898e-88,-7.520397459138692e+02
3.150000000000000e+03,35,3.237418659483029e+00,8.704041580389692e-76,1.158791176334338e-23,5.104952190785440e-121,-1.082920083208396e+03
3.150000000000000e+03,36,3.237418659483029e+00,9.724952148417668e-79,1.362093522355963e-08,7.880643673755591e-94,-8.110343830883739e+02
3.150000000000000e+03,37,3.237418659483029e+00,1.028224099507764e-81,7.851682730287983e-23,2.768685500443059e-125,-1.125577263736800e+03
3.150000000000000e+03,38,3.237418659483029e+00,1.030295765338525e-84,1.209981504634467e-08,6.588396708272599e-100,-8.718122025846607e+02
3.150000000000000e+03,39,3.237418659483029e+00,9.797533885266981e-88,4.811328226224184e-22,9.906200359213034e-130,-1.170040928923822e+03
3.150000000000000e+03,40,3.237418659483029e+00,8.853777459750793e-91,1.033030635093905e-08,4.126818479514969e-106,-9.338438463339512e+02
3.200000000000000e+03,0,3.288806257252601e+00,1.000000000000000e+00,1.453400298234355e-06,9.226369702405430e-12,9.650308528841872e+00
3.200000000000000e+03,1,3.288806257252601e+00,5.880357423495202e-01,1.091108922122970e-21,3.057738218454238e-42,-2.951459969850098e+02
3.200000000000000e+03,2,3.288806257252601e+00,1.495280013298028e-01,2.786750324670069e-06,5.071997281202995e-12,7.051790120742178e+00
3.200000000000000e+03,3,3.288806257252601e+00,2.045598742519739e-02,1.765498817198365e-21,2.784938909182476e-43,-3.055518432713152e+02
3.200000000000000e+03,4,3.288806257252601e+00,1.718126232687961e-03,2.288120778334749e-06,3.928921227790441e-14,-1.405726678411122e+01
3.200000000000000e+03,5,3.288806257252601e+00,9.670813656911471e-05,9.930647762763751e-22,4.165609295436378e-46,-3.338032146621574e+02
3.200000000000000e+03,6,3.288806257252601e+00,3.880973036197492e-06,1.036568580779558e-06,1.821365349613036e-17,-4.739602929874482e+01
3.200000000000000e+03,7,3.288806257252601e+00,1.162589001339793e-07,4.053902390595196e-22,8.345130799990185e-50,-3.707856685188242e+02
3.200000000000000e+03,8,3.288806257252601e+00,2.693049447775740e-09,5.953514179829061e-07,4.169187963781843e-21,-8.379948524688267e+01
3.200000000000000e+03,9,3.288806257252601e+00,4.960376826723396e-11,2.279794405570121e-22,1.126072623058054e-53,-4.094843359991424e+02
3.200000000000000e+03,10,3.288806257252601e+00,7.430985378818607e-13,5.959373848011165e-07,1.152678071597986e-24,-1.193829196872487e+02
3.200000000000000e+03,11,3.288806257252601e+00,9.224259942906092e-15,1.382476933087523e-21,7.700300674646079e-56,-4.311349231654308e+02
3.200000000000000e+03,12,3.288806257252601e+00,9.637249616757457e-17,4.826545965721370e-07,9.805875251958457e-29,-1.600851363604708e+02
3.200000000000000e+03,13,3.288806257252601e+00,8.587659975181188e-19,1.669184070817484e-22,1.045065874192069e-61,-4.898085633357547e+02
3.200000000000000e+03,14,3.288806257252601e+00,6.601641117042398e-21,4.508776850600527e-07,5.861783275049219e-33,-2.023197024256598e+02
3.200000000000000e+03,15,3.288806257252601e+00,4.421686267367747e-23,2.643874213204040e-22,1.349987868329507e-65,-5.286967013427627e+02
3.200000000000000e+03,16,3.288806257252601e+00,2.602879436014777e-25,3.307607062435192e-07,1.243776183241409e-37,-2.490525776363912e+02
3.200000000000000e+03,17,3.288806257252601e+00,1.357003702497259e-27,8.586692569110396e-22,4.370118602691226e-69,-5.635950677634871e+02
3.200000000000000e+03,18,3.288806257252601e+00,6.308575371076571e-30,3.042231102571593e-07,2.550210697712546e-42,-2.959342393679203e+02
3.200000000000000e+03,19,3.288806257252601e+00,2.631214618304646e-32,3.050491372657361e-22,1.069439543198825e-74,-6.197084376162754e+02
3.200000000000000e+03,20,3.288806257252601e+00,9.900166180902031e-35,2.835300838379151e-07,3.476171063914405e-47,-3.445889885987410e+02
3.200000000000000e+03,21,3.288806257252601e+00,3.377139601848667e-37,1.065331559664091e-21,1.674090616930418e-78,-6.577622103775990e+02
3.200000000000000e+03,22,3.288806257252601e+00,1.049151671359190e-39,2.413928536822855e-07,2.670222539644170e-52,-3.957345254248862e+02
3.200000000000000e+03,23,3.288806257252601e+00,2.980585039530587e-42,1.436046532372478e-21,2.684719427162272e-83,-7.057110109454624e+02
3.200000000000000e+03,24,3.288806257252601e+00,7.772846660496006e-45,2.144711765125822e-07,1.561630676000006e-57,-4.480642166849995e+02
3.200000000000000e+03,25,3.288806257252601e+00,1.867168180138154e-47,1.770027353514973e-21,2.555075609862020e-88,-7.559259624368583e+02
3.200000000000000e+03,26,3.288806257252601e+00,4.144805727839482e-50,1.801809147122478e-07,5.877357619993755e-63,-5.023081788293463e+02
3.200000000000000e+03,27,3.288806257252601e+00,8.527685427118120e-53,2.912427641481614e-22,3.159379697084379e-95,-8.250039817705806e+02
3.200000000000000e+03,28,3.288806257252601e+00,1.630649321950810e-55,1.778252628910616e-07,2.252204676878125e-68,-5.564739214401628e+02
3.200000000000000e+03,29,3.288806257252601e+00,2.905396810164960e-58,2.727960897282984e-21,9.443698209998303e-99,-8.602485790001629e+02
3.200000000000000e+03,30,3.288806257252601e+00,4.835084964661689e-61,1.547942877606831e-07,5.060277498309755e-74,-6.129582566642499e+02
3.200000000000000e+03,31,3.288806257252601e+00,7.532294823268125e-64,8.108057950982374e-22,2.162824903725441e-105,-9.266497863840829e+02
3.200000000000000e+03,32,3.288806257252601e+00,1.100739753281050e-66,1.332125973594606e-07,8.531700603018077e-80,-6.706896439334668e+02
3.200000000000000e+03,33,3.288806257252601e+00,1.511924583242066e-69,6.440375341858158e-22,2.739131287252778e-111,-9.856238715140321e+02
3.200000000000000e+03,34,3.288806257252601e+00,1.955541612066841e-72,1.234788449581996e-07,1.302304500603284e-85,-7.288528745857103e+02
3.200000000000000e+03,35,3.288806257252601e+00,2.385901196124361e-75,7.632255256693626e-22,6.070417919285831e-117,-1.042167814087943e+03
3.200000000000000e+03,36,3.288806257252601e+00,2.750431746074311e-78,1.110762461528609e-07,1.482189128575454e-91,-7.882909637648081e+02
3.200000000000000e+03,37,3.288806257252601e+00,3.000460367053019e-81,2.999046179011895e-21,1.178730615061620e-121,-1.089285854364315e+03
3.200000000000000e+03,38,3.288806257252601e+00,3.102081567937951e-84,1.046141369375995e-07,1.482840124344180e-97,-8.482890567085835e+02
3.200000000000000e+03,39,3.288806257252601e+00,3.043710928665655e-87,2.203224094190021e-21,6.453288948804679e-128,-1.151902188887342e+03
3.200000000000000e+03,40,3.288806257252601e+00,2.838013279510725e-90,8.623797830519600e-08,9.218747494164122e-104,-9.103532808039147e+02
3.250000000000000e+03,0,3.340193855022173e+00,1.000000000000000e+00,1.717322838789147e-07,1.288143523372152e-13,-8.900357457215669e+00
3.250000000000000e+03,1,3.340193855022173e+00,5.922773027989942e-01,4.785802934066838e-23,5.925091700270648e-45,-3.222730492386412e+02
3.250000000000000e+03,2,3.340193855022173e+00,1.530589043260082e-01,1.676001625568637e-07,1.877879989117478e-14,-1.726332165919454e+01
3.250000000000000e+03,3,3.340193855022173e+00,2.138035022574925e-02,4.736116937153193e-23,2.094691216064409e-46,-3.367887998847004e+02
3.250000000000000e+03,4,3.340193855022173e+00,1.838709598584179e-03,9.545591971720450e-08,7.317778149477842e-17,-4.135620761003832e+01
3.250000000000000e+03,5,3.340193855022173e+00,1.061586224939632e-04,2.408786303067365e-23,2.690371064959600e-49,-3.657018781652153e+02
3.250000000000000e+03,6,3.340193855022173e+00,4.375114181743157e-06,3.796527058277824e-08,2.754373007223037e-20,-7.559977246356073e+01
3.250000000000000e+03,7,3.340193855022173e+00,1.347106358116129e-07,5.595098824329580e-23,1.841949725578628e-51,-3.873472222766889e+02
3.250000000000000e+03,8,3.340193855022173e+00,3.209364945851641e-09,2.862113221471981e-08,1.148293978516264e-23,-1.093994691254519e+02
3.250000000000000e+03,9,3.340193855022173e+00,6.082672437275283e-11,2.835809313004913e-23,2.136529242591943e-55,-4.267029115863457e+02
3.250000000000000e+03,10,3.340193855022173e+00,9.379736572538907e-13,1.953958966966498e-08,1.564162548217993e-27,-1.480571811692456e+02
3.250000000000000e+03,11,3.340193855022173e+00,1.198854034931297e-14,5.480227627755107e-23,1.572620265309316e-58,-4.580337613217014e+02
3.250000000000000e+03,12,3.340193855022173e+00,1.289970553566166e-16,1.850077497048190e-08,1.928501589301803e-31,-1.871477999889038e+02
3.250000000000000e+03,13,3.340193855022173e+00,1.184066712432101e-18,3.293176291617273e-23,5.608755330067502e-63,-5.025113350474342e+02
3.250000000000000e+03,14,3.340193855022173e+00,9.377698844522629e-21,1.495556503963408e-08,9.161409510856480e-36,-2.303803770365806e+02
3.250000000000000e+03,15,3.340193855022173e+00,6.471910854236596e-23,3.432799542095065e-23,3.331116155117239e-67,-5.447741022331395e+02
3.250000000000000e+03,16,3.340193855022173e+00,3.925971969572116e-25,1.158318689134024e-08,2.300719559737228e-40,-2.763813631530841e+02
3.250000000000000e+03,17,3.340193855022173e+00,2.109424035646427e-27,7.734249312223612e-23,5.511382944338574e-71,-5.825873941208555e+02
3.250000000000000e+03,18,3.340193855022173e+00,1.010739524090556e-29,1.057112027684752e-08,4.933346730723420e-45,-3.230685835991835e+02
3.250000000000000e+03,19,3.340193855022173e+00,4.345301785786346e-32,5.392557838892699e-24,5.519121193740016e-78,-6.525813006920804e+02
3.250000000000000e+03,20,3.340193855022173e+00,1.685343987870227e-34,9.089752347553893e-09,6.082092500707761e-50,-3.721594697908806e+02
3.250000000000000e+03,21,3.340193855022173e+00,5.926535312042861e-37,7.328838899444629e-24,1.390373846243778e-82,-6.985686841015522e+02
3.250000000000000e+03,22,3.340193855022173e+00,1.898088900069813e-39,8.481784180075148e-09,5.964188315573854e-55,-4.222444865242169e+02
3.250000000000000e+03,23,3.340193855022173e+00,5.559355770699799e-42,7.887873053752665e-23,1.510791927251055e-85,-7.282079534444266e+02
3.250000000000000e+03,24,3.340193855022173e+00,1.494734262895680e-44,6.768905691572360e-09,2.991309010863402e-60,-4.752413872077648e+02
3.250000000000000e+03,25,3.340193855022173e+00,3.702054473460852e-47,6.882644752899370e-23,7.659737311798743e-91,-7.811578612410010e+02
3.250000000000000e+03,26,3.340193855022173e+00,8.473290090122715e-50,6.097484320981581e-09,1.375985389590686e-65,-5.286138617747683e+02
3.250000000000000e+03,27,3.340193855022173e+00,1.797543275677154e-52,1.041623717185365e-22,8.518466850078417e-96,-8.306963856233024e+02
3.250000000000000e+03,28,3.340193855022173e+00,3.544211885551744e-55,5.748960350867955e-09,5.116331402386984e-71,-5.829104133253455e+02
3.250000000000000e+03,29,3.340193855022173e+00,6.511561167535899e-58,1.747222026878212e-22,8.682437779269160e-101,-8.806135832027944e+02
3.250000000000000e+03,30,3.340193855022173e+00,1.117411462121047e-60,4.938814196115609e-09,1.190471109853180e-76,-6.392428113951453e+02
3.250000000000000e+03,31,3.340193855022173e+00,1.795038114556671e-63,6.908072489817787e-23,3.741517749441871e-107,-9.442695219017999e+02
3.250000000000000e+03,32,3.340193855022173e+00,2.705052489829322e-66,4.469355575957248e-09,2.360075386027033e-82,-6.962707412448217e+02
3.250000000000000e+03,33,3.340193855022173e+00,3.831533076272691e-69,4.340137139771342e-23,3.152389317287672e-113,-1.005013601528865e+03
3.250000000000000e+03,34,3.340193855022173e+00,5.110543631546209e-72,3.805089975325675e-09,3.231895609185968e-88,-7.549054267546139e+02
3.250000000000000e+03,35,3.340193855022173e+00,6.430071183768101e-75,3.701575476714831e-23,3.848126695095333e-119,-1.064147506377582e+03
3.250000000000000e+03,36,3.340193855022173e+00,7.644212462495665e-78,3.736573154921070e-09,4.661654589903223e-94,-8.133145990912012e+02
3.250000000000000e+03,37,3.340193855022173e+00,8.599895924288277e-81,1.608419679482120e-22,9.717450001337341e-124,-1.110124476852425e+03
3.250000000000000e+03,38,3.340193855022173e+00,9.169305789951270e-84,3.318559472588282e-09,4.410583308501937e-100,-8.735550397041620e+02
3.250000000000000e+03,39,3.340193855022173e+00,9.278308047162966e-87,2.774312476006112e-22,3.119176139915356e-129,-1.165059600999356e+03
3.250000000000000e+03,40,3.340193855022173e+00,8.922074696793604e-90,2.823514101085543e-09,3.106748804291725e-106,-9.350769386014065e+02
3.300000000000000e+03,0,3.391581452791745e+00,1.000000000000000e+00,4.455082800246471e-07,8.669058288659218e-13,-6.202807694727231e-01
3.300000000000000e+03,1,3.391581452791745e+00,5.964343105364108e-01,3.211566719797430e-22,2.686933260895151e-43,-3.057074312060997e+02
3.300000000000000e+03,2,3.391581452791745e+00,1.565828969946667e-01,6.588764251164920e-07,2.969016587415262e-13,-5.273873760641797e+00
3.300000000000000e+03,3,3.391581452791745e+00,2.232356456140269e-02,7.195886871474929e-22,5.048851065181490e-44,-3.129680744026190e+02
3.300000000000000e+03,4,3.391581452791745e+00,1.964803289426432e-03,6.955634909146852e-07,4.151958427754786e-15,-2.381747003590977e+01
3.300000000000000e+03,5,3.391581452791745e+00,1.163012472111847e-04,4.379560559916461e-22,9.743293995560323e-47,-3.401129419278805e+02
3.300000000000000e+03,6,3.391581452791745e+00,4.919967859650834e-06,4.216240286366721e-07,3.820087722300067e-18,-5.417926664084774e+01
3.300000000000000e+03,7,3.391581452791745e+00,1.556282654598122e-07,2.317290791325908e-22,3.650143274571167e-50,-3.743769008838340e+02
3.300000000000000e+03,8,3.391581452791745e+00,3.811463004093916e-09,2.191511577386740e-07,7.995389218129623e-22,-9.097160389807485e+01
3.300000000000000e+03,9,3.391581452791745e+00,7.429494782135817e-11,3.108262545677965e-23,3.135126257915700e-55,-4.250374496455833e+02
3.300000000000000e+03,10,3.391581452791745e+00,1.178711954700439e-12,1.868893613307677e-07,1.798196760573638e-25,-1.274516278904545e+02
3.300000000000000e+03,11,3.391581452791745e+00,1.550465456656495e-14,4.049613045955334e-22,1.110579139440905e-56,-4.395445048835561e+02
3.300000000000000e+03,12,3.391581452791745e+00,1.717339501203476e-16,1.753421177037406e-07,2.306157781357157e-29,-1.663711098271842e+02
3.300000000000000e+03,13,3.391581452791745e+00,1.622991638587796e-18,1.292097422221710e-22,1.183497011063196e-61,-4.892683283454977e+02
3.300000000000000e+03,14,3.391581452791745e+00,1.323637133422024e-20,1.498667131058371e-07,1.298493171654032e-33,-2.088656032983966e+02
3.300000000000000e+03,15,3.391581452791745e+00,9.407956518521363e-23,2.145652936072133e-22,1.891797359543637e-65,-5.272312538503000e+02
3.300000000000000e+03,16,3.391581452791745e+00,5.878259175182313e-25,1.161598776322562e-07,3.464346993674045e-38,-2.546037861495417e+02
3.300000000000000e+03,17,3.391581452791745e+00,3.253461469540654e-27,4.169392369564309e-22,2.470310618912160e-69,-5.660724843475735e+02
3.300000000000000e+03,18,3.391581452791745e+00,1.605968136732258e-29,9.971258404851888e-08,6.974245479227405e-43,-3.015650277041034e+02
3.300000000000000e+03,19,3.391581452791745e+00,7.113189709289825e-32,7.726504550223166e-23,1.854773506601848e-75,-6.273170911615061e+02
3.300000000000000e+03,20,3.391581452791745e+00,2.842540657422430e-34,9.465449925580284e-08,1.112370781438488e-47,-3.495375042723928e+02
3.300000000000000e+03,21,3.391581452791745e+00,1.029950336120793e-36,2.801786628435883e-22,3.531398784245413e-79,-6.645205323683563e+02
3.300000000000000e+03,22,3.391581452791745e+00,3.398991204259791e-39,8.452726416726629e-08,1.060727990311581e-52,-3.997439597090747e+02
3.300000000000000e+03,23,3.391581452791745e+00,1.025875082512489e-41,5.511065612155731e-22,1.360899352435765e-83,-7.086617399257630e+02
3.300000000000000e+03,24,3.391581452791745e+00,2.842411444723295e-44,7.038923992006031e-08,6.151200133137150e-58,-4.521104014270424e+02
3.300000000000000e+03,25,3.391581452791745e+00,7.254932544563484e-47,5.857186423034286e-22,1.087105857345466e-88,-7.596372816426458e+02
3.300000000000000e+03,26,3.391581452791745e+00,1.711289361969169e-49,6.161531113023537e-08,2.837664879754275e-63,-5.054703889480777e+02
3.300000000000000e+03,27,3.391581452791745e+00,3.741479850848151e-52,1.830369589012784e-22,5.474965119924920e-95,-8.226161864329559e+02
3.300000000000000e+03,28,3.391581452791745e+00,7.603037923990193e-55,5.878146153719679e-08,1.147435494070885e-68,-5.594027172004473e+02
3.300000000000000e+03,29,3.391581452791745e+00,1.439679344448183e-57,1.005048612612976e-21,6.351850583123305e-99,-8.619709972652685e+02
3.300000000000000e+03,30,3.391581452791745e+00,2.546336596146377e-60,5.322891229848137e-08,3.151166553069581e-74,-6.150152864183791e+02
3.300000000000000e+03,31,3.391581452791745e+00,4.216057266909949e-63,2.279479250478204e-22,9.568374187343128e-106,-9.301916184920843e+02
3.300000000000000e+03,32,3.391581452791745e+00,6.548563902953231e-66,4.529277905074647e-08,5.867652290738673e-80,-6.723153562977894e+02
3.300000000000000e+03,33,3.391581452791745e+00,9.560647292712278e-69,2.382797095950961e-22,2.370946661423230e-111,-9.862507821612309e+02
3.300000000000000e+03,34,3.391581452791745e+00,1.314414722959712e-71,4.028800037458598e-08,9.318461235949635e-86,-7.303065579707836e+02
3.300000000000000e+03,35,3.391581452791745e+00,1.704658764761933e-74,1.706640194472062e-22,2.168611509751259e-117,-1.046638182415694e+03
3.300000000000000e+03,36,3.391581452791745e+00,2.088892588565385e-77,3.826962600377908e-08,1.336241353504674e-91,-7.887411509198886e+02
3.300000000000000e+03,37,3.391581452791745e+00,2.422384999265573e-80,7.576342259693106e-22,6.073271587946169e-122,-1.092165772974203e+03
3.300000000000000e+03,38,3.391581452791745e+00,2.662303810532263e-83,3.481526697706450e-08,1.409475192384774e-97,-8.485094256357047e+02
3.300000000000000e+03,39,3.391581452791745e+00,2.776932840416926e-86,1.168411281547195e-21,1.655835627408082e-127,-1.147809827772448e+03
3.300000000000000e+03,40,3.391581452791745e+00,2.752591912596962e-89,2.949493561367934e-08,1.045916700054227e-103,-9.098050290260771e+02
3.350000000000000e+03,0,3.442969050561317e+00,1.000000000000000e+00,1.239752087059866e-07,6.713207314425913e-14,-1.173069940909678e+01
3.350000000000000e+03,1,3.442969050561317e+00,6.005091948238473e-01,5.649826097192106e-23,8.372404167861799e-45,-3.207714981477728e+02
3.350000000000000e+03,2,3.442969050561317e+00,1.600991461145392e-01,1.210141281803479e-07,1.024050871023257e-14,-1.989678468696193e+01
3.350000000000000e+03,3,3.442969050561317e+00,2.328533238376375e-02,3.332050073923646e-23,1.129186931431557e-46,-3.394723415677379e+02
3.350000000000000e+03,4,3.442969050561317e+00,2.096501827639117e-03,7.327609720041424e-08,4.916774249747394e-17,-4.308319731579623e+01
3.350000000000000e+03,5,3.442969050561317e+00,1.271684022844464e-04,5.570819717911324e-23,1.723763919287077e-48,-3.576352221390084e+02
3.350000000000000e+03,6,3.442969050561317e+00,5.519435084960616e-06,1.989683479201471e-08,9.543836281066805e-21,-8.020277019341813e+01
3.350000000000000e+03,7,3.442969050561317e+00,1.792783267631540e-07,3.413878115971617e-23,9.126078002046135e-52,-3.903971582356320e+02
3.350000000000000e+03,8,3.442969050561317e+00,4.511389529923972e-09,1.440856940110267e-08,4.090839263631933e-24,-1.138818758437087e+02
3.350000000000000e+03,9,3.442969050561317e+00,9.039902817905296e-11,1.545612208117031e-23,9.432465021913948e-56,-4.302537479660328e+02
3.350000000000000e+03,10,3.442969050561317e+00,1.474885819788730e-12,1.283123162356649e-08,1.060609352791078e-27,-1.497444454745350e+02
3.350000000000000e+03,11,3.442969050561317e+00,1.995657642529102e-14,5.154058056472416e-23,2.315501224539904e-58,-4.563535498499581e+02
3.350000000000000e+03,12,3.442969050561317e+00,2.274341232125375e-16,9.931215657235613e-09,9.797625006322717e-32,-1.900887918672102e+02
3.350000000000000e+03,13,3.442969050561317e+00,2.211947755338002e-18,2.117404646093196e-23,4.331546204216518e-63,-5.036335704865982e+02
3.350000000000000e+03,14,3.442969050561317e+00,1.856760291218291e-20,7.994269077554553e-09,5.182910706034603e-36,-2.328542627335428e+02
3.350000000000000e+03,15,3.442969050561317e+00,1.358527516915809e-22,2.726560961218149e-23,4.411225170070717e-67,-5.435544077318434e+02
3.350000000000000e+03,16,3.442969050561317e+00,8.738906349359709e-25,5.820947567929741e-09,1.293316513992570e-40,-2.788829517700771e+02
3.350000000000000e+03,17,3.442969050561317e+00,4.980019227361471e-27,4.679240163218305e-23,4.762577485367598e-71,-5.832215794544886e+02
3.350000000000000e+03,18,3.442969050561317e+00,2.531250933635939e-29,5.707462743535652e-09,3.601486027110173e-45,-3.244351826584099e+02
3.350000000000000e+03,19,3.442969050561317e+00,1.154533960469505e-31,7.328838899444629e-24,2.708553545568477e-77,-6.456726257439650e+02
3.350000000000000e+03,20,3.442969050561317e+00,4.751384570691171e-34,4.987795786747911e-09,5.162949463406379e-50,-3.728710212594467e+02
3.350000000000000e+03,21,3.442969050561317e+00,1.773065412380245e-36,1.223591386045703e-23,1.159465799316733e-81,-6.893574205719165e+02
3.350000000000000e+03,22,3.442969050561317e+00,6.026629343145794e-39,4.236955648414201e-09,4.725444650141161e-55,-4.232555731942628e+02
3.350000000000000e+03,23,3.442969050561317e+00,1.873499129779179e-41,5.675839478218746e-23,2.636173970347187e-85,-7.257902593251935e+02
3.350000000000000e+03,24,3.442969050561317e+00,5.346838929049431e-44,3.651186845305830e-09,3.113333038658183e-60,-4.750677441959529e+02
3.350000000000000e+03,25,3.442969050561317e+00,1.405754564076780e-46,4.909893558721081e-23,1.480178254062598e-90,-7.782968598048739e+02
3.350000000000000e+03,26,3.442969050561317e+00,3.415693151977837e-49,3.281825279012506e-09,1.606830711490448e-65,-5.279402987615410e+02
3.350000000000000e+03,27,3.442969050561317e+00,7.692899895616395e-52,8.381736901990241e-23,2.360578748671366e-95,-8.262698150697051e+02
3.350000000000000e+03,28,3.442969050561317e+00,1.610408116453237e-54,3.205842753464606e-09,7.229041975228797e-71,-5.814091925352702e+02
3.350000000000000e+03,29,3.442969050561317e+00,3.141423863498471e-57,1.286432075825424e-22,2.270704506402496e-100,-8.764383937814863e+02
3.350000000000000e+03,30,3.442969050561317e+00,5.723972130701213e-60,2.653273106043066e-09,1.760036941968216e-76,-6.375447821654689e+02
3.350000000000000e+03,31,3.442969050561317e+00,9.763764954807629e-63,4.170910085946242e-23,7.418896875162202e-107,-9.412966066569749e+02
3.350000000000000e+03,32,3.442969050561317e+00,1.562404529862857e-65,2.369119790170455e-09,3.830256811032591e-82,-6.941677210648170e+02
3.350000000000000e+03,33,3.442969050561317e+00,2.350055901474703e-68,2.983660650140743e-23,9.137710808776270e-113,-1.000391625906598e+03
3.350000000000000e+03,34,3.442969050561317e+00,3.328688144970638e-71,2.182745933631813e-09,6.926914831085614e-88,-7.515946015213751e+02
3.350000000000000e+03,35,3.442969050561317e+00,4.447682478690246e-74,3.189878079474103e-23,1.976707028931713e-118,-1.057040576934313e+03
3.350000000000000e+03,36,3.442969050561317e+00,5.615306128441314e-77,2.006003500907329e-09,9.869545959546584e-94,-8.100570282623605e+02
3.350000000000000e+03,37,3.442969050561317e+00,6.709134376174410e-80,1.203348796659548e-22,4.243360304330456e-123,-1.103722900906611e+03
3.350000000000000e+03,38,3.442969050561317e+00,7.597164886572075e-83,1.786019192001315e-09,1.058483659642399e-99,-8.697531584202050e+02
3.350000000000000e+03,39,3.442969050561317e+00,8.164587127781544e-86,1.880090960606898e-22,1.260527467462420e-128,-1.158994476864117e+03
3.350000000000000e+03,40,3.442969050561317e+00,8.338531873728153e-89,1.476174779675181e-09,7.936436000509047e-106,-9.310037448155274e+02
3.400000000000000e+03,0,3.494356648330888e+00,1.000000000000000e+00,3.092359926027690e-07,4.176768800550643e-13,-3.791595638596135e+00
3.400000000000000e+03,1,3.494356648330888e+00,6.045042966328752e-01,2.678172883494592e-22,1.893812470381848e-43,-3.072266302803104e+02
3.400000000000000e+03,2,3.494356648330888e+00,1.636068668806754e-01,4.552299933172377e-07,1.480892819608632e-13,-8.294763726313651e+00
3.400000000000000e+03,3,3.494356648330888e+00,2.426535017410070e-02,3.826828967970409e-22,1.552119058020618e-44,-3.180907496847846e+02
3.400000000000000e+03,4,3.494356648330888e+00,2.233896128200634e-03,7.111231388958718e-07,4.934156937390039e-15,-2.306787041315968e+01
3.400000000000000e+03,5,3.494356648330888e+00,1.387929390408232e-04,8.900291380428828e-23,4.802155126440026e-48,-3.531856381481861e+02
3.400000000000000e+03,6,3.494356648330888e+00,6.177606564432656e-06,3.646667457594352e-07,3.588169345856648e-18,-5.445127068349371e+01
3.400000000000000e+03,7,3.494356648330888e+00,2.059490200096995e-07,8.410668340598054e-23,6.363281090101590e-51,-3.819631889191642e+02
3.400000000000000e+03,8,3.494356648330888e+00,5.322564915017019e-09,2.573776737670437e-07,1.540008338801909e-21,-8.812476927549348e+01
3.400000000000000e+03,9,3.494356648330888e+00,1.095872283354585e-10,1.243148508391706e-22,7.397182478973604e-54,-4.113093366767990e+02
3.400000000000000e+03,10,3.494356648330888e+00,1.837811196103554e-12,1.880658510168526e-07,2.839102963293076e-25,-1.254681885700596e+02
3.400000000000000e+03,11,3.494356648330888e+00,2.556832506067269e-14,2.386501241017198e-22,6.360422585350835e-57,-4.419651402894449e+02
3.400000000000000e+03,12,3.494356648330888e+00,2.996734937941809e-16,1.712235524038066e-07,3.837387888335552e-29,-1.641596429951175e+02
3.400000000000000e+03,13,3.494356648330888e+00,2.997975272992765e-18,2.019108735427626e-22,5.338359596302630e-61,-4.827259217512889e+02
3.400000000000000e+03,14,3.494356648330888e+00,2.589041891002958e-20,1.546866865685013e-07,2.705859946578931e-33,-2.056769468593575e+02
3.400000000000000e+03,15,3.494356648330888e+00,1.949126436312489e-22,1.982675492088146e-22,3.346598803599547e-65,-5.247539634854046e+02
3.400000000000000e+03,16,3.494356648330888e+00,1.290227489243777e-24,1.193090615023746e-07,8.021831080232112e-38,-2.509572648741738e+02
3.400000000000000e+03,17,3.494356648330888e+00,7.566933730910257e-27,1.304011932441166e-22,5.620091992736236e-70,-5.725025657560341e+02
3.400000000000000e+03,18,3.494356648330888e+00,3.958585330943894e-29,1.064992208004834e-07,1.961070625355172e-42,-2.970750676551135e+02
3.400000000000000e+03,19,3.494356648330888e+00,1.858483812274989e-31,1.791143299386050e-22,2.604232839290921e-74,-6.158432018896000e+02
3.400000000000000e+03,20,3.494356648330888e+00,7.873119910935712e-34,9.337761902595131e-08,2.998422449412700e-47,-3.452310717918494e+02
3.400000000000000e+03,21,3.494356648330888e+00,3.024475368726217e-36,4.137946857121036e-22,2.261935582443963e-78,-6.564551976748637e+02
3.400000000000000e+03,22,3.494356648330888e+00,1.058326226612918e-38,8.779040196596188e-08,3.562656873525099e-52,-3.944822600338867e+02
3.400000000000000e+03,23,3.494356648330888e+00,3.387171039856086e-41,3.341167217123882e-22,1.651558317593323e-83,-7.078210608648251e+02
3.400000000000000e+03,24,3.494356648330888e+00,9.952587629449643e-44,7.408591580048227e-08,2.385984842850686e-57,-4.462233231954548e+02
3.400000000000000e+03,25,3.494356648330888e+00,2.694130618665135e-46,5.882049942816693e-22,4.071331130018470e-88,-7.539026357409036e+02
3.400000000000000e+03,26,3.494356648330888e+00,6.740182689548523e-49,6.347417016490105e-08,1.186113078390356e-62,-4.992587390542374e+02
3.400000000000000e+03,27,3.494356648330888e+00,1.563070935314816e-51,4.710025533341677e-22,1.514556828982830e-93,-8.081971442649051e+02
3.400000000000000e+03,28,3.494356648330888e+00,3.369235000218008e-54,6.068907690419921e-08,5.420167778878800e-68,-5.526598726986134e+02
3.400000000000000e+03,29,3.494356648330888e+00,6.767660811247427e-57,4.895972969563551e-22,7.085605518863737e-99,-8.614962303006517e+02
3.400000000000000e+03,30,3.494356648330888e+00,1.269799944937754e-59,5.356871221353496e-08,1.591541908842907e-73,-6.079818192095150e+02
3.400000000000000e+03,31,3.494356648330888e+00,2.230432701045390e-62,1.215711049637315e-22,1.439826673386886e-105,-9.284168978521187e+02
3.400000000000000e+03,32,3.494356648330888e+00,3.675419195644925e-65,4.830505122931602e-08,3.745866852118726e-79,-6.642644766380483e+02
3.400000000000000e+03,33,3.494356648330888e+00,5.692985922087356e-68,3.994573711978190e-23,3.967723064368789e-112,-9.940145864796284e+02
3.400000000000000e+03,34,3.494356648330888e+00,8.304049743201258e-71,4.122252062431595e-08,6.163386359937287e-85,-7.221018060709822e+02
3.400000000000000e+03,35,3.494356648330888e+00,1.142645239759480e-73,1.017150503170582e-22,5.163476611630224e-117,-1.042870577858093e+03
3.400000000000000e+03,36,3.494356648330888e+00,1.485652802932835e-76,3.877408604054427e-08,9.755753737039136e-91,-7.801073917104741e+02
3.400000000000000e+03,37,3.494356648330888e+00,1.828023054234325e-79,6.235009671411652e-22,3.103961275550943e-121,-1.085080837055580e+03
3.400000000000000e+03,38,3.494356648330888e+00,2.131781526976073e-82,3.601197382699682e-08,1.207527163635449e-96,-8.391810309090001e+02
3.400000000000000e+03,39,3.494356648330888e+00,2.359422294426926e-85,6.910908691791993e-22,4.921940414498999e-127,-1.143078636482137e+03
3.400000000000000e+03,40,3.494356648330888e+00,2.481677810227279e-88,3.031793318706102e-08,9.963339830722114e-103,-9.000159505646400e+02
3.450000000000000e+03,0,3.545744246100460e+00,1.000000000000000e+00,1.476316600718518e-07,9.519614668166030e-14,-1.021380630489062e+01
3.450000000000000e+03,1,3.545744246100460e+00,6.084218723601434e-01,1.048955037242593e-22,2.924010493755265e-44,-3.153402107310548e+02
3.450000000000000e+03,2,3.545744246100460e+00,1.671053206599571e-01,1.373697242880537e-07,1.377313150828053e-14,-1.860967305774471e+01
3.450000000000000e+03,3,3.545744246100460e+00,2.526330963790178e-02,1.530933723365805e-22,2.586207623161977e-45,-3.258733661248965e+02
3.450000000000000e+03,4,3.545744246100460e+00,2.377073468206951e-03,2.534656276257036e-07,6.670234678251366e-16,-3.175858886071958e+01
3.450000000000000e+03,5,3.545744246100460e+00,1.512081345024410e-04,6.770291402310326e-23,3.027263619548677e-48,-3.551894975825379e+02
3.450000000000000e+03,6,3.545744246100460e+00,6.898764966803540e-06,1.451286132966517e-07,6.346551424917997e-19,-6.197462196591889e+01
3.450000000000000e+03,7,3.545744246100460e+00,2.359513192491449e-07,8.049300448577115e-23,6.677271716531949e-51,-3.817540095077124e+02
3.450000000000000e+03,8,3.545744246100460e+00,6.259902659665336e-09,8.026233419774886e-08,1.761373729140346e-22,-9.754148485439417e+01
3.450000000000000e+03,9,3.545744246100460e+00,1.323724431579008e-10,2.751619136208565e-23,4.377585021536977e-55,-4.235876541028717e+02
3.450000000000000e+03,10,3.545744246100460e+00,2.280818387106955e-12,6.467771588428690e-08,4.167354223275643e-26,-1.338013958313386e+02
3.450000000000000e+03,11,3.545744246100460e+00,3.261160031515905e-14,6.286878759197078e-23,5.629925452909898e-58,-4.524949735570002e+02
3.450000000000000e+03,12,3.545744246100460e+00,3.929174513622006e-16,6.180029337248719e-08,6.554548098775882e-30,-1.718345724523604e+02
3.450000000000000e+03,13,3.545744246100460e+00,4.041555950108483e-18,3.173682459649711e-23,1.778016969328163e-62,-4.975006409845556e+02
3.450000000000000e+03,14,3.545744246100460e+00,3.589195722253073e-20,5.144137345399676e-08,4.148419006378534e-34,-2.138211738464369e+02
3.450000000000000e+03,15,3.545744246100460e+00,2.779036257705698e-22,6.598839493185302e-23,5.285544161805003e-66,-5.327691029420262e+02
3.450000000000000e+03,16,3.545744246100460e+00,1.892196527381305e-24,4.015384462497555e-08,1.332541895857977e-38,-2.587531912762680e+02
3.450000000000000e+03,17,3.545744246100460e+00,1.141584305959509e-26,1.509916194889955e-22,1.136773756871847e-69,-5.694432596092269e+02
3.450000000000000e+03,18,3.545744246100460e+00,6.144020170050614e-29,3.477191295370451e-08,3.244667234740061e-43,-3.048882983677628e+02
3.450000000000000e+03,19,3.545744246100460e+00,2.967751717467806e-31,4.848056455634602e-23,3.046654909257511e-75,-6.251617673497744e+02
3.450000000000000e+03,20,3.545744246100460e+00,1.293598121999885e-33,3.229490585584218e-08,5.892882546088560e-48,-3.522967221495338e+02
3.450000000000000e+03,21,3.545744246100460e+00,5.113408454781524e-36,7.108731904095241e-23,1.128639172531605e-79,-6.694744488041802e+02
3.450000000000000e+03,22,3.545744246100460e+00,1.841235183673743e-38,2.926449942844871e-08,6.887344835832029e-53,-4.016194817219838e+02
3.450000000000000e+03,23,3.545744246100460e+00,6.064221315157447e-41,1.638073475760815e-22,7.107259321932208e-84,-7.114829783820473e+02
3.450000000000000e+03,24,3.545744246100460e+00,1.833745262754573e-43,2.399063515827391e-08,4.609808243533538e-58,-4.533631713979632e+02
3.450000000000000e+03,25,3.545744246100460e+00,5.108599054305166e-46,2.086054755760420e-22,9.709873885344576e-89,-7.601278641079793e+02
3.450000000000000e+03,26,3.545744246100460e+00,1.315371953355916e-48,2.129685111476907e-08,2.605791901345637e-63,-5.058406027001480e+02
3.450000000000000e+03,27,3.545744246100460e+00,3.139507787885830e-51,9.563890179853883e-23,1.254270155828438e-94,-8.190160891123326e+02
3.450000000000000e+03,28,3.545744246100460e+00,6.965161864364098e-54,2.019211260342695e-08,1.240380972053270e-68,-5.590644490463694e+02
3.450000000000000e+03,29,3.545744246100460e+00,1.440010210105938e-56,3.018835281698051e-22,5.731981346152766e-99,-8.624169523161664e+02
3.450000000000000e+03,30,3.545744246100460e+00,2.780984151829917e-59,1.813089309638638e-08,3.992981253992659e-74,-6.139870272870039e+02
3.450000000000000e+03,31,3.545744246100460e+00,5.028018966965711e-62,6.505342982019918e-23,9.293892995393946e-106,-9.303180233204840e+02
3.450000000000000e+03,32,3.545744246100460e+00,8.528386648093326e-65,1.566162311201571e-08,9.136940187331457e-80,-6.703919921807794e+02
3.450000000000000e+03,33,3.545744246100460e+00,1.359750879714681e-67,8.206641616912095e-23,3.999913944721777e-111,-9.839794935210566e+02
3.450000000000000e+03,34,3.545744246100460e+00,2.041619819713208e-70,1.373955301456073e-08,1.683373338112869e-85,-7.277381955562166e+02
3.450000000000000e+03,35,3.545744246100460e+00,2.891798257682067e-73,3.725987301071930e-23,1.753521501228897e-117,-1.047560889045428e+03
3.450000000000000e+03,36,3.545744246100460e+00,3.870357223879868e-76,1.321374969189068e-08,2.951641211739305e-91,-7.852993643452913e+02
3.450000000000000e+03,37,3.545744246100460e+00,4.902274601556637e-79,1.559483643946445e-22,5.207384498892052e-122,-1.092833803540351e+03
3.450000000000000e+03,38,3.545744246100460e+00,5.884988633189647e-82,1.189149207441977e-08,3.634784712467675e-97,-8.443952130721379e+02
3.450000000000000e+03,39,3.545744246100460e+00,6.705018385743183e-85,4.445801460326108e-22,5.788425716670475e-127,-1.142374395356729e+03
3.450000000000000e+03,40,3.545744246100460e+00,7.259975281846522e-88,1.011063110401456e-08,3.241544851307623e-103,-9.048924796494781e+02
3.500000000000000e+03,0,3.597131843870032e+00,1.000000000000000e+00,5.257967722578061e-07,1.207525176549380e-12,8.189619443181688e-01
3.500000000000000e+03,1,3.597131843870032e+00,6.122640973783073e-01,1.038670112627836e-21,2.885057191394203e-42,-2.953984557326710e+02
3.500000000000000e+03,2,3.597131843870032e+00,1.705938128361731e-01,2.070812546175243e-06,3.195252725301673e-12,5.045052139383225e+00
3.500000000000000e+03,3,3.597131843870032e+00,2.627889836163493e-02,1.438137649821345e-21,2.373932850623632e-43,-3.062453156971844e+02
3.500000000000000e+03,4,3.597131843870032e+00,2.526117465103856e-03,2.983275775549025e-06,9.819756249790407e-14,-1.007899292323521e+01
3.500000000000000e+03,5,3.597131843870032e+00,1.644476571135234e-04,8.677751493968937e-22,5.408819285530867e-46,-3.326689752856123e+02
3.500000000000000e+03,6,3.597131843870032e+00,7.687386906861343e-06,1.309783037092470e-06,5.760203488652241e-17,-4.239562174139670e+01
3.500000000000000e+03,7,3.597131843870032e+00,2.696200956431084e-07,5.627412511081764e-22,3.729324075970253e-49,-3.642836987507524e+02
3.500000000000000e+03,8,3.597131843870032e+00,7.339934507273547e-09,7.871543709407577e-07,1.986425906130758e-20,-7.701927629530681e+01
3.500000000000000e+03,9,3.597131843870032e+00,1.593397984298083e-10,1.732128843413364e-22,2.088069807018275e-53,-4.068025498637090e+02
3.500000000000000e+03,10,3.597131843870032e+00,2.819557450679753e-12,7.446220499622835e-07,6.828307902075083e-24,-1.116568690390802e+02
3.500000000000000e+03,11,3.597131843870032e+00,4.141466562744331e-14,1.262150766794327e-21,2.881621880929670e-55,-4.254036300679726e+02
3.500000000000000e+03,12,3.597131843870032e+00,5.127181682375079e-16,6.137954394600846e-07,8.436967661443504e-28,-1.507381361552282e+02
3.500000000000000e+03,13,3.597131843870032e+00,5.420085229439048e-18,3.173097606292448e-22,2.383599807074796e-60,-4.762276665839843e+02
3.500000000000000e+03,14,3.597131843870032e+00,4.947719933136965e-20,5.589851967136628e-07,6.752523199816310e-32,-1.917053391502131e+02
3.500000000000000e+03,15,3.597131843870032e+00,3.938325274816456e-22,5.223381951013566e-22,4.693269720174334e-64,-5.132852448635487e+02
3.500000000000000e+03,16,3.597131843870032e+00,2.757039147117296e-24,4.143598983555770e-07,2.067562903275047e-36,-2.368454126865344e+02
3.500000000000000e+03,17,3.597131843870032e+00,1.710356500056280e-26,8.130457503534413e-22,4.938294361579505e-68,-5.530642302623085e+02
3.500000000000000e+03,18,3.597131843870032e+00,9.466075330119534e-29,3.812169730213379e-07,6.008620516561959e-41,-2.822122522363984e+02
3.500000000000000e+03,19,3.597131843870032e+00,4.702354747099620e-31,5.089090489294554e-22,5.319319769054621e-73,-6.027414390143319e+02
3.500000000000000e+03,20,3.597131843870032e+00,2.108072198585217e-33,3.507414536716138e-07,1.132713401818341e-45,-3.294587996105795e+02
3.500000000000000e+03,21,3.597131843870032e+00,8.570758481184369e-36,1.244586626091919e-21,5.798689839835399e-77,-6.423667012016200e+02
3.500000000000000e+03,22,3.597131843870032e+00,3.174404243264926e-38,3.025724653506386e-07,1.269350041996859e-50,-3.789641859827985e+02
3.500000000000000e+03,23,3.597131843870032e+00,1.075452660901596e-40,1.410684206083535e-21,9.347839982172773e-82,-6.902928873053893e+02
3.500000000000000e+03,24,3.597131843870032e+00,3.345303839122402e-43,2.652205739589708e-07,1.027804117101919e-55,-4.298808964698256e+02
3.500000000000000e+03,25,3.597131843870032e+00,9.587247126772707e-46,2.235749690491529e-21,2.093151405854177e-86,-7.367919935630117e+02
3.500000000000000e+03,26,3.597131843870032e+00,2.539509878792601e-48,2.255774494979797e-07,5.644190110825692e-61,-4.824839836651726e+02
3.500000000000000e+03,27,3.597131843870032e+00,6.235689222303887e-51,6.455846602926457e-22,1.135144712531538e-92,-7.994494876944204e+02
3.500000000000000e+03,28,3.597131843870032e+00,1.423268541005082e-53,2.208609260356570e-07,3.032389544618282e-66,-5.351821500943465e+02
3.500000000000000e+03,29,3.597131843870032e+00,3.027360138250212e-56,2.512482374056343e-21,8.347001634836292e-97,-8.407846950143822e+02
3.500000000000000e+03,30,3.597131843870032e+00,6.015187178223860e-59,1.917762218350590e-07,9.662711784979765e-72,-5.901490097420789e+02
3.500000000000000e+03,31,3.597131843870032e+00,1.118943321521556e-61,4.857543756735566e-22,1.153192725885310e-103,-9.093809810572003e+02
3.500000000000000e+03,32,3.597131843870032e+00,1.952748596413810e-64,1.664702411192182e-07,2.363632290464413e-77,-6.462642008559255e+02
3.500000000000000e+03,33,3.597131843870032e+00,3.203422058015979e-67,5.102303208604374e-22,3.642562827957032e-109,-9.643859294865894e+02
3.500000000000000e+03,34,3.597131843870032e+00,4.948932949019697e-70,1.524534429672854e-07,5.023962699569183e-83,-7.029895359367998e+02
3.500000000000000e+03,35,3.597131843870032e+00,7.212612287258252e-73,6.514235078018476e-22,1.336841145783021e-114,-1.018739201960354e+03
3.500000000000000e+03,36,3.597131843870032e+00,9.932740865186024e-76,1.386289840899177e-07,8.337532686103120e-89,-7.607896245048272e+02
3.500000000000000e+03,37,3.597131843870032e+00,1.294536487495591e-78,2.470747365710885e-21,3.451686474786315e-119,-1.064619686592066e+03
3.500000000000000e+03,38,3.597131843870032e+00,1.599063364501649e-81,1.292595799067600e-07,1.166948033938954e-94,-8.193294848335142e+02
3.500000000000000e+03,39,3.597131843870032e+00,1.874683005202530e-84,2.641446614297042e-21,5.713100720640016e-125,-1.122431281193610e+03
3.500000000000000e+03,40,3.597131843870032e+00,2.088694725654289e-87,1.071247940370519e-07,1.046924426833575e-100,-8.798008466712129e+02
3.550000000000000e+03,0,3.648519441639604e+00,1.000000000000000e+00,1.457439634418771e-07,9.277725406414759e-14,-1.032558485475764e+01
3.550000000000000e+03,1,3.648519441639604e+00,6.160330694285752e-01,8.164428735985889e-23,1.793560349788252e-44,-3.174628400558458e+02
3.550000000000000e+03,2,3.648519441639604e+00,1.740716907426862e-01,5.768602282456311e-08,2.530053504010665e-15,-2.596870294535291e+01
3.550000000000000e+03,3,3.648519441639604e+00,2.731180043293542e-02,1.239591626026241e-22,1.833023196077401e-45,-3.273683203920326e+02
3.550000000000000e+03,4,3.648519441639604e+00,2.681108063093270e-03,2.659603382490845e-07,8.283396209178032e-16,-3.081791565087483e+01
3.550000000000000e+03,5,3.648519441639604e+00,1.785455323611157e-04,7.202886250701286e-23,4.045968183421622e-48,-3.539297753674533e+02
3.550000000000000e+03,6,3.648519441639604e+00,8.548144641072304e-06,1.264921922980017e-07,5.973923602128004e-19,-6.223740335696804e+01
3.550000000000000e+03,7,3.648519441639604e+00,3.073152507843481e-07,5.498107191781508e-23,4.057615410317446e-51,-3.839172911873495e+02
3.550000000000000e+03,8,3.648519441639604e+00,8.580942164585490e-09,8.798005985848205e-08,2.901107648412900e-22,-9.537436155980402e+01
3.550000000000000e+03,9,3.648519441639604e+00,1.911549281171716e-10,3.563498135094900e-23,1.060227179910032e-54,-4.197460106642384e+02
3.550000000000000e+03,10,3.648519441639604e+00,3.472341585089563e-12,6.572444418261576e-08,6.551438198638839e-26,-1.318366335143262e+02
3.550000000000000e+03,11,3.648519441639604e+00,5.237264716859144e-14,4.412060735817616e-23,4.452950354428610e-58,-4.535135214675467e+02
3.550000000000000e+03,12,3.648519441639604e+00,6.659503694942767e-16,5.983352803541958e-08,1.041337360394728e-29,-1.698240855000688e+02
3.550000000000000e+03,13,3.648519441639604e+00,7.232146697625449e-18,5.053592915725697e-23,8.067298003230868e-62,-4.909327190007100e+02
3.550000000000000e+03,14,3.648519441639604e+00,6.783203380959645e-20,5.254552333202454e-08,8.180251294299016e-34,-2.108723335475764e+02
3.550000000000000e+03,15,3.648519441639604e+00,5.548418538886285e-22,1.046769611972662e-22,2.655411244771464e-65,-5.257586820998582e+02
3.550000000000000e+03,16,3.648519441639604e+00,3.991891090102358e-24,4.034397312581929e-08,2.837895364742812e-38,-2.554700362133540e+02
3.550000000000000e+03,17,3.648519441639604e+00,2.545326077082025e-26,8.261485779160304e-23,7.587873973444004e-70,-5.711987989089517e+02
3.550000000000000e+03,18,3.648519441639604e+00,1.448053918536142e-28,3.623083036815693e-08,8.302362112447143e-43,-3.008079832853302e+02
3.550000000000000e+03,19,3.648519441639604e+00,7.394694169740737e-31,4.561509219269357e-23,6.720439781767225e-75,-6.217260230603169e+02
3.550000000000000e+03,20,3.648519441639604e+00,3.408068744677581e-33,3.197220648363103e-08,1.521647046906986e-47,-3.481768607250430e+02
3.550000000000000e+03,21,3.648519441639604e+00,1.424573094501977e-35,7.768151960165554e-23,3.754745676503682e-79,-6.642541947411430e+02
3.550000000000000e+03,22,3.648519441639604e+00,5.424903610978938e-38,2.950418280445516e-08,2.062621638267559e-52,-3.968558043052558e+02
3.550000000000000e+03,23,3.648519441639604e+00,1.889751341913894e-40,1.404161931502926e-22,1.627419121921553e-83,-7.078850058541781e+02
3.550000000000000e+03,24,3.648519441639604e+00,6.044350843848085e-43,2.463099988048528e-08,1.601673949966851e-57,-4.479542588784108e+02
3.550000000000000e+03,25,3.648519441639604e+00,1.781246871594269e-45,2.037209366062375e-22,3.228909002797800e-88,-7.549094419410939e+02
3.550000000000000e+03,26,3.648519441639604e+00,4.851879471488995e-48,2.133371335726935e-08,9.645023225977346e-63,-5.001569672220344e+02
3.550000000000000e+03,27,3.648519441639604e+00,1.225143386281657e-50,1.359122502098147e-22,9.884722658494409e-94,-8.100503551143631e+02
3.550000000000000e+03,28,3.648519441639604e+00,2.875695791144104e-53,2.039133217228388e-08,5.222693065119499e-68,-5.528210549666766e+02
3.550000000000000e+03,29,3.648519441639604e+00,6.290483844415846e-56,2.440485094781726e-22,1.636427365077519e-98,-8.578610326664445e+02
3.550000000000000e+03,30,3.648519441639604e+00,1.285411865114659e-58,1.786949956292481e-08,1.792781854035572e-73,-6.074647255224057e+02
3.550000000000000e+03,31,3.648519441639604e+00,2.459138323159421e-61,5.936605872756966e-23,3.785469536573079e-105,-9.242188024443454e+02
3.550000000000000e+03,32,3.648519441639604e+00,4.413780315625993e-64,1.597679247707566e-08,4.920964870926767e-79,-6.630794973523358e+02
3.550000000000000e+03,33,3.648519441639604e+00,7.446894659512591e-67,5.330182680241796e-23,9.241016826248520e-111,-9.803428023898203e+02
3.550000000000000e+03,34,3.648519441639604e+00,1.183248267516980e-69,1.381327988816798e-08,9.861202191795240e-85,-7.200607013643441e+02
3.550000000000000e+03,35,3.648519441639604e+00,1.773643087576313e-72,1.024001489775953e-23,8.123211680776542e-118,-1.050902722294450e+03
3.550000000000000e+03,36,3.648519441639604e+00,2.512220189123449e-75,1.308987966906668e-08,1.880136466201001e-90,-7.772581062713678e+02
3.550000000000000e+03,37,3.648519441639604e+00,3.367619743613527e-78,3.232625643796396e-23,1.537072092728272e-122,-1.098133057624678e+03
3.550000000000000e+03,38,3.648519441639604e+00,4.278577538856552e-81,1.202939172235198e-08,2.704251657889099e-96,-8.356795289536835e+02
3.550000000000000e+03,39,3.648519441639604e+00,5.159303135539840e-84,4.475639556188128e-22,4.514000633179420e-126,-1.133454383843397e+03
3.550000000000000e+03,40,3.648519441639604e+00,5.912509098887472e-87,1.014011463906914e-08,2.655326409443996e-102,-8.957588208508830e+02
3.600000000000000e+03,0,3.699907039409176e+00,1.000000000000000e+00,2.251143200578173e-07,2.213434157781903e-13,-6.549333922924488e+00
3.600000000000000e+03,1,3.699907039409176e+00,6.197308118611514e-01,6.286229801457820e-22,1.069655573191560e-42,-2.997075604170020e+02
3.600000000000000e+03,2,3.699907039409176e+00,1.775383416805381e-01,7.619688175525249e-07,4.502222142977463e-13,-3.465730803952098e+00
3.600000000000000e+03,3,3.699907039409176e+00,2.836169702547678e-02,7.861767539660406e-22,7.656547352607466e-44,-3.111596702720090e+02
3.600000000000000e+03,4,3.699907039409176e+00,2.842121527227441e-03,1.350459171078007e-06,2.263945272114126e-14,-1.645134075852193e+01
3.600000000000000e+03,5,3.699907039409176e+00,1.935361083825306e-04,5.883673539016745e-22,2.926304411081797e-46,-3.353368049804102e+02
3.600000000000000e+03,6,3.699907039409176e+00,9.485907473506855e-06,7.752541267761599e-07,2.490160962650424e-17,-4.603772579437796e+01
3.600000000000000e+03,7,3.699907039409176e+00,3.494228577311596e-07,2.785278156388421e-22,1.183992143515100e-49,-3.692665117940310e+02
3.600000000000000e+03,8,3.699907039409176e+00,1.000309566706960e-08,4.213239286918466e-07,7.755807755018089e-21,-8.110372964416639e+01
3.600000000000000e+03,9,3.699907039409176e+00,2.285729685433180e-10,1.209042678659479e-22,1.459380350969245e-53,-4.083583150536516e+02
3.600000000000000e+03,10,3.699907039409176e+00,4.260532129932796e-12,3.611686041199596e-07,2.427415881893479e-24,-1.161485581092046e+02
3.600000000000000e+03,11,3.699907039409176e+00,6.595943576749899e-14,4.888546443470770e-22,6.884886512827925e-56,-4.316210321405031e+02
3.600000000000000e+03,12,3.699907039409176e+00,8.610920072070249e-16,3.313174363897541e-07,4.128559097265234e-28,-1.538420149441977e+02
3.600000000000000e+03,13,3.699907039409176e+00,9.602752388177462e-18,1.820718292994546e-22,1.390405908820418e-60,-4.785685839526634e+02
3.600000000000000e+03,14,3.699907039409176e+00,9.250285946210140e-20,2.873123127856695e-07,3.335216241989542e-32,-1.947687600292936e+02
3.600000000000000e+03,15,3.699907039409176e+00,7.772145952243154e-22,3.377166827726120e-22,3.871741379176017e-64,-5.141209365997623e+02
3.600000000000000e+03,16,3.699907039409176e+00,5.744501437781720e-24,2.220582363634576e-07,1.237218706612354e-36,-2.390755352213386e+02
3.600000000000000e+03,17,3.699907039409176e+00,3.763242387014333e-26,5.751874009596789e-22,5.438026052198205e-68,-5.526455871614926e+02
3.600000000000000e+03,18,3.699907039409176e+00,2.199813225911673e-28,1.928309920766470e-07,3.572727089880871e-41,-2.844700015700929e+02
3.600000000000000e+03,19,3.699907039409176e+00,1.154345689426341e-30,2.493315019969096e-22,3.134372115372180e-73,-6.050384944498954e+02
3.600000000000000e+03,20,3.699907039409176e+00,5.467223129709515e-33,1.809067868065684e-07,7.815142145828132e-46,-3.310706311840137e+02
3.600000000000000e+03,21,3.699907039409176e+00,2.348609091162453e-35,5.695449377474557e-22,3.327569176779828e-77,-6.447787290721874e+02
3.600000000000000e+03,22,3.699907039409176e+00,9.191945561519704e-38,1.615396012103976e-07,1.047673163319923e-50,-3.797977418062039e+02
3.600000000000000e+03,23,3.699907039409176e+00,3.291007771186883e-40,8.725826304888282e-22,1.094466311530468e-81,-6.896079760179052e+02
3.600000000000000e+03,24,3.699907039409176e+00,1.081932195444397e-42,1.356788099577708e-07,8.699303021543570e-56,-4.306051554117713e+02
3.600000000000000e+03,25,3.699907039409176e+00,3.277299438986814e-45,1.106284104605057e-21,1.751902092374209e-86,-7.375649016867579e+02
3.600000000000000e+03,26,3.699907039409176e+00,9.176088031331442e-48,1.180555984177889e-07,5.585873653556409e-61,-4.825290889179718e+02
3.600000000000000e+03,27,3.699907039409176e+00,2.381785312056992e-50,2.706536986719237e-22,7.620630568347118e-93,-8.011800909151823e+02
3.600000000000000e+03,28,3.699907039409176e+00,5.746959496270604e-53,1.128102087532514e-07,3.194444190021748e-66,-5.349560469500323e+02
3.600000000000000e+03,29,3.699907039409176e+00,1.292317065621612e-55,1.388013011508497e-21,1.087468077007357e-96,-8.396358348304739e+02
3.600000000000000e+03,30,3.699907039409176e+00,2.714729595397416e-58,1.014018686224575e-07,1.219210956675611e-71,-5.891392114311539e+02
3.600000000000000e+03,31,3.699907039409176e+00,5.339186279537283e-61,1.922549970940422e-22,8.619671398154609e-104,-9.106450929017161e+02
3.600000000000000e+03,32,3.699907039409176e+00,9.851867114895835e-64,8.699563943889246e-08,3.256670929720481e-77,-6.448722612249949e+02
3.600000000000000e+03,33,3.699907039409176e+00,1.708858051076475e-66,2.948292647705597e-22,6.487950543458074e-109,-9.618789246933715e+02
3.600000000000000e+03,34,3.699907039409176e+00,2.791491157296910e-69,7.737492900021132e-08,7.299567794676223e-83,-7.013670285357051e+02
3.600000000000000e+03,35,3.699907039409176e+00,4.301920188900487e-72,2.347153228697106e-22,1.035155506746404e-114,-1.019849944032034e+03
3.600000000000000e+03,36,3.699907039409176e+00,6.264627213836272e-75,7.298728073460484e-08,1.457638943728830e-88,-7.583635003717363e+02
3.600000000000000e+03,37,3.699907039409176e+00,8.633904625902044e-78,1.040861450811990e-21,4.085577551620738e-119,-1.063887465413954e+03
3.600000000000000e+03,38,3.699907039409176e+00,1.127807952574045e-80,6.674772142401099e-08,2.194665845593184e-94,-8.165863159499468e+02
3.600000000000000e+03,39,3.699907039409176e+00,1.398243700802784e-83,1.684318479690107e-21,1.732573476363476e-124,-1.117613083384174e+03
3.600000000000000e+03,40,3.699907039409176e+00,1.647494414598811e-86,5.645477192056639e-08,2.293430734291924e-100,-8.763951437180366e+02
3.650000000000000e+03,0,3.751294637178748e+00,1.000000000000000e+00,1.044883062595009e-07,4.768653223723097e-14,-1.321604258295700e+01
3.650000000000000e+03,1,3.751294637178748e+00,6.233592767298218e-01,1.617884979167863e-22,7.126791867797986e-44,-3.114710592423752e+02
3.650000000000000e+03,2,3.751294637178748e+00,1.809931910196940e-01,2.735363257953400e-07,5.914970977780920e-14,-1.228047381927094e+01
3.650000000000000e+03,3,3.751294637178748e+00,2.942826694980509e-02,1.265917436460972e-22,2.059851032199826e-45,-3.268616418654004e+02
3.650000000000000e+03,4,3.751294637178748e+00,3.009230444715389e-03,3.269324583145246e-07,1.404856257000687e-15,-2.852368109911939e+01
3.650000000000000e+03,5,3.751294637178748e+00,2.094540216473280e-04,5.209114083234461e-23,2.482428817868341e-48,-3.560512319578332e+02
3.650000000000000e+03,6,3.751294637178748e+00,1.050574287178532e-05,1.545074039073220e-07,1.095432750384624e-18,-5.960414279019155e+01
3.650000000000000e+03,7,3.751294637178748e+00,3.963563074822573e-07,7.330239180748897e-23,9.302130500000080e-51,-3.803141757204528e+02
3.650000000000000e+03,8,3.751294637178748e+00,1.162859843234427e-08,9.283289308462965e-08,4.377150776948534e-22,-9.358808493261472e+01
3.650000000000000e+03,9,3.751294637178748e+00,2.724483084784462e-10,1.654652005235555e-23,3.258050553421615e-55,-4.248704218126087e+02
3.650000000000000e+03,10,3.751294637178748e+00,5.208969030476399e-12,8.476745935361630e-08,1.634821993512966e-25,-1.278652952829035e+02
3.650000000000000e+03,11,3.751294637178748e+00,8.274139721605019e-14,1.400142163296550e-22,7.084798146098617e-57,-4.414967251878057e+02
3.650000000000000e+03,12,3.751294637178748e+00,1.108557185131745e-15,7.192753084748116e-08,2.505005986150134e-29,-1.660119123197284e+02
3.650000000000000e+03,13,3.751294637178748e+00,1.268974125687850e-17,4.093708410897737e-23,9.288528978734928e-62,-4.903205305963427e+02
3.650000000000000e+03,14,3.751294637178748e+00,1.254966183143515e-19,6.574240017717100e-08,2.369100571245436e-33,-2.062541650254873e+02
3.650000000000000e+03,15,3.751294637178748e+00,1.082673604699705e-21,4.865094961855241e-23,1.119284669064071e-65,-5.295105944476669e+02
3.650000000000000e+03,16,3.751294637178748e+00,8.217495516595376e-24,4.920944598966650e-08,8.691541138728293e-38,-2.506090320989162e+02
3.650000000000000e+03,17,3.751294637178748e+00,5.528703509051334e-26,1.233000384922130e-22,3.671217270077602e-69,-5.643518991230791e+02
3.650000000000000e+03,18,3.751294637178748e+00,3.319390427833182e-28,4.480583138376583e-08,2.910635222519661e-42,-2.953601221942328e+02
3.650000000000000e+03,19,3.751294637178748e+00,1.789172997857872e-30,5.236819310894771e-23,2.143126848282476e-74,-6.166895212299515e+02
3.650000000000000e+03,20,3.751294637178748e+00,8.704735141654781e-33,4.121730362781060e-08,6.459145673819251e-47,-3.418982492065542e+02
3.650000000000000e+03,21,3.751294637178748e+00,3.841463934349366e-35,1.481629186624533e-22,3.683292191170341e-78,-6.543376382771595e+02
3.650000000000000e+03,22,3.751294637178748e+00,1.544588381696487e-37,3.606268424418906e-08,8.773830201992417e-52,-3.905681077465540e+02
3.650000000000000e+03,23,3.751294637178748e+00,5.681631850775308e-40,1.856582883767855e-22,8.553859983333883e-83,-7.006783786291287e+02
3.650000000000000e+03,24,3.751294637178748e+00,1.919112945078276e-42,3.133880075515164e-08,8.232384463637141e-57,-4.408447435562449e+02
3.650000000000000e+03,25,3.751294637178748e+00,5.972945441263037e-45,2.607485981928966e-22,1.773751906740610e-87,-7.475110712467811e+02
3.650000000000000e+03,26,3.751294637178748e+00,1.718367211404984e-47,2.662958797522237e-08,5.322372100989480e-62,-4.927389476605721e+02
3.650000000000000e+03,27,3.751294637178748e+00,4.583103624088804e-50,4.306307353423589e-23,3.712189060338897e-94,-8.143036991344159e+02
3.650000000000000e+03,28,3.751294637178748e+00,1.136332259816106e-52,2.594862050580797e-08,3.341906141065250e-67,-5.447600575162689e+02
3.650000000000000e+03,29,3.751294637178748e+00,2.625770959350324e-55,3.315028862263302e-22,1.260351932408963e-97,-8.489950816840475e+02
3.650000000000000e+03,30,3.751294637178748e+00,5.668189986738490e-58,2.267483713007331e-08,1.272896563520292e-72,-5.989520688599090e+02
3.650000000000000e+03,31,3.751294637178748e+00,1.145596376991708e-60,5.468470947492757e-23,1.496317698298327e-104,-9.182497618724065e+02
3.650000000000000e+03,32,3.751294637178748e+00,2.172309941119376e-63,1.970459610819425e-08,3.683979691541749e-78,-6.543368277257825e+02
3.650000000000000e+03,33,3.751294637178748e+00,3.872248489096086e-66,7.115917074194686e-23,8.564171166001506e-110,-9.706731466135575e+02
3.650000000000000e+03,34,3.751294637178748e+00,6.500611194980487e-69,1.784493058183598e-08,9.041578975420241e-84,-7.104375571991939e+02
3.650000000000000e+03,35,3.751294637178748e+00,1.029549394109516e-71,8.580877603449887e-23,3.311089841759247e-115,-1.024800290351190e+03
3.650000000000000e+03,36,3.751294637178748e+00,1.540822831798951e-74,1.634790607604792e-08,1.798611375728746e-89,-7.674506266411915e+02
3.650000000000000e+03,37,3.751294637178748e+00,2.182441753090348e-77,3.185034753967122e-22,9.670109141522812e-120,-1.070145686242320e+03
3.650000000000000e+03,38,3.751294637178748e+00,2.929904308837203e-80,1.525767055671710e-08,2.979135565051969e-95,-8.252590973383952e+02
3.650000000000000e+03,39,3.751294637178748e+00,3.733263163829694e-83,3.236052770357964e-22,1.707576456088658e-125,-1.127676198418403e+03
3.650000000000000e+03,40,3.751294637178748e+00,4.520863567261235e-86,1.269160368341283e-08,3.180641842589158e-101,-8.849748523203834e+02
3.700000000000000e+03,0,3.802682234948319e+00,1.000000000000000e+00,1.640310633375477e-06,1.175202112368288e-11,1.070112563405981e+01
3.700000000000000e+03,1,3.802682234948319e+00,6.269203477468253e-01,1.751302135800155e-21,8.398367666280213e-42,-2.907580511660669e+02
3.700000000000000e+03,2,3.802682234948319e+00,1.844357003809972e-01,3.122062104121133e-07,7.852147115487178e-14,-1.105011572183881e+01
3.700000000000000e+03,3,3.802682234948319e+00,3.051118717142409e-02,2.371264683255672e-21,7.493410685561616e-43,-3.012532046470798e+02
3.700000000000000e+03,4,3.802682234948319e+00,3.182503732977284e-03,4.559478372609211e-06,2.889745557288782e-13,-5.391403952815867e+00
3.700000000000000e+03,5,3.802682234948319e+00,2.263341627963472e-04,1.173346878917899e-21,1.361016276523398e-45,-3.286613668099650e+02
3.700000000000000e+03,6,3.802682234948319e+00,1.161291729368786e-05,2.194174238934504e-06,2.441990216470081e-16,-3.612256080334448e+01
3.700000000000000e+03,7,3.802682234948319e+00,4.485574586056470e-07,6.567626538940706e-22,8.450751743643793e-49,-3.607310465630536e+02
3.700000000000000e+03,8,3.802682234948319e+00,1.348183902767836e-08,1.472003076986772e-06,1.275930256110664e-19,-6.894173064027159e+01
3.700000000000000e+03,9,3.802682234948319e+00,3.237451344620704e-10,4.164786615628780e-22,2.452726499425255e-52,-3.961035087674782e+02
3.700000000000000e+03,10,3.802682234948319e+00,6.346450842067016e-12,1.149889977331601e-06,3.665252178880168e-23,-1.043589613940528e+02
3.700000000000000e+03,11,3.802682234948319e+00,1.033931168904092e-13,1.085281138618938e-21,5.319079745061741e-55,-4.227416349857194e+02
3.700000000000000e+03,12,3.802682234948319e+00,1.421089677576264e-15,1.031923733309853e-06,6.609628491214400e-27,-1.417982295031010e+02
3.700000000000000e+03,13,3.802682234948319e+00,1.669156122269050e-17,1.107666189188059e-21,8.944892413361991e-59,-4.604842487863649e+02
3.700000000000000e+03,14,3.802682234948319e+00,1.694059581178937e-19,9.115199092722732e-07,6.147823085167413e-31,-1.821127863860903e+02
3.700000000000000e+03,15,3.802682234948319e+00,1.500053946968144e-21,1.273922597333205e-21,1.063293903193407e-62,-4.997334667631110e+02
3.700000000000000e+03,16,3.802682234948319e+00,1.168725583298821e-23,6.997242129032938e-07,2.499347933288902e-35,-2.260217328169297e+02
3.700000000000000e+03,17,3.802682234948319e+00,8.072421322728381e-26,1.474443351122356e-21,7.665144856627317e-67,-5.411547963339415e+02
3.700000000000000e+03,18,3.802682234948319e+00,4.976041374727174e-28,6.277072982790111e-07,8.563645915455791e-40,-2.706734129795663e+02
3.700000000000000e+03,19,3.802682234948319e+00,2.753948549813393e-30,7.020809657514629e-22,5.929124683429726e-72,-5.922700941679011e+02
3.700000000000000e+03,20,3.802682234948319e+00,1.375832230218611e-32,5.593299126149391e-07,1.880017679905070e-44,-3.172583806656126e+02
3.700000000000000e+03,21,3.802682234948319e+00,6.235025520292067e-35,1.687448449608176e-21,7.754604037797773e-76,-6.311044037303926e+02
3.700000000000000e+03,22,3.802682234948319e+00,2.574589534306268e-37,5.102961552059600e-07,2.928282383643502e-49,-3.653338704518715e+02
3.700000000000000e+03,23,3.802682234948319e+00,9.726168767487241e-40,2.289234263484791e-21,2.226294631271157e-80,-6.765241736099507e+02
3.700000000000000e+03,24,3.802682234948319e+00,3.374118322905519e-42,4.294654535907899e-07,2.718173290334185e-54,-4.156572285936332e+02
3.700000000000000e+03,25,3.802682234948319e+00,1.078586886018544e-44,3.381664884399843e-21,5.387367897772183e-85,-7.226862336592114e+02
3.700000000000000e+03,26,3.802682234948319e+00,3.187157643601595e-47,3.709302009500541e-07,1.915350668865917e-59,-4.671775170231604e+02
3.700000000000000e+03,27,3.802682234948319e+00,8.731342201709189e-50,2.064433351934652e-21,1.625335817100434e-90,-7.778905689410299e+02
3.700000000000000e+03,28,3.802682234948319e+00,2.223678575216097e-52,3.549618498974346e-07,1.223758532216137e-64,-5.191230426721621e+02
3.700000000000000e+03,29,3.802682234948319e+00,5.278121425449631e-55,3.527991932434953e-21,2.869425191357817e-95,-8.254220509323937e+02
3.700000000000000e+03,30,3.802682234948319e+00,1.170394789409649e-57,3.116211688846823e-07,4.964170016503599e-70,-5.730415335288545e+02
3.700000000000000e+03,31,3.802682234948319e+00,2.429930289169047e-60,4.363124865361716e-22,2.020456298945997e-102,-8.969455053860509e+02
3.700000000000000e+03,32,3.802682234948319e+00,4.733323610432210e-63,2.767947434762903e-07,1.583952804226372e-75,-6.280025776287873e+02
3.700000000000000e+03,33,3.802682234948319e+00,8.667567253754984e-66,7.048200147891660e-22,1.880676247572998e-107,-9.472568596042736e+02
3.700000000000000e+03,34,3.802682234948319e+00,1.494805093810220e-68,2.416590726626760e-07,3.812862476168045e-81,-6.841874885874900e+02
3.700000000000000e+03,35,3.802682234948319e+00,2.432093124810730e-71,1.659646737694040e-22,2.925983523072613e-114,-1.015337281238221e+03
3.700000000000000e+03,36,3.802682234948319e+00,3.739332975050591e-74,2.274653140194568e-07,8.450547826484258e-87,-7.407311513598437e+02
3.700000000000000e+03,37,3.802682234948319e+00,5.441239950977268e-77,1.095162140384251e-21,2.850460878138944e-118,-1.055450849152018e+03
3.700000000000000e+03,38,3.802682234948319e+00,7.504597612863772e-80,2.095096694372838e-07,1.438785051754917e-92,-7.984200408292893e+02
3.700000000000000e+03,39,3.802682234948319e+00,9.823945950940763e-83,6.447731472637610e-21,1.783857718110312e-122,-1.097486397882468e+03
3.700000000000000e+03,40,3.802682234948319e+00,1.222211750590996e-85,1.765749484077474e-07,1.664427925850405e-98,-8.577873500620461e+02
3.750000000000000e+03,0,3.854069832717892e+00,1.000000000000000e+00,1.066721466171707e-07,4.970069162671139e-14,-1.303637567653502e+01
3.750000000000000e+03,1,3.854069832717892e+00,6.304158431040470e-01,1.776301753400728e-22,8.688023178565739e-44,-3.106107902911000e+02
3.750000000000000e+03,2,3.854069832717892e+00,1.878653658963305e-01,1.513565891762408e-07,1.879791797844532e-14,-1.725890249701472e+01
3.750000000000000e+03,3,3.854069832717892e+00,3.161013329742306e-02,3.858254488128618e-22,2.055267857251496e-44,-3.168713156972683e+02
3.750000000000000e+03,4,3.854069832717892e+00,3.362006653995619e-03,5.322377390489281e-07,4.159779043828149e-15,-2.380929737304676e+01
3.750000000000000e+03,5,3.854069832717892e+00,2.442116427150871e-04,1.136861879246019e-22,1.378612259525270e-47,-3.486055786379301e+02
3.750000000000000e+03,6,3.854069832717892e+00,1.281289672595181e-05,2.905924467019419e-07,4.725810814637551e-18,-5.325523668188949e+01
3.750000000000000e+03,7,3.854069832717892e+00,5.064977877322369e-07,9.367980211305146e-23,1.941466249145945e-50,-3.771187015491813e+02
3.750000000000000e+03,8,3.854069832717892e+00,1.558954966054106e-08,1.662510676059057e-07,1.882013864440770e-21,-8.725377181531535e+01
3.750000000000000e+03,9,3.854069832717892e+00,3.835488108704322e-10,6.954715002301880e-23,8.102885069978268e-54,-4.109136032101245e+02
3.750000000000000e+03,10,3.854069832717892e+00,7.706268582145327e-12,1.385179181426264e-07,6.458273240691215e-25,-1.218988358452572e+02
3.750000000000000e+03,11,3.854069832717892e+00,1.287154262956476e-13,1.502192787745408e-22,1.268651412643833e-56,-4.389665769261136e+02
3.750000000000000e+03,12,3.854069832717892e+00,1.814226489636794e-15,1.275292886796342e-07,1.288759089700417e-28,-1.588982825859082e+02
3.750000000000000e+03,13,3.854069832717892e+00,2.185669798445165e-17,6.148461926331171e-23,3.608925278917805e-61,-4.844262210970819e+02
3.750000000000000e+03,14,3.854069832717892e+00,2.275651796458047e-19,1.094054620130177e-07,1.189718410320046e-32,-1.992455581786421e+02
3.750000000000000e+03,15,3.854069832717892e+00,2.067445379532600e-21,1.220343737609267e-22,1.344803284795547e-64,-5.187134123876635e+02
3.750000000000000e+03,16,3.854069832717892e+00,1.652879144883617e-23,8.482139836803532e-08,5.194124065953721e-37,-2.428448768109956e+02
3.750000000000000e+03,17,3.854069832717892e+00,1.171595521138270e-25,1.995134945366524e-22,2.036960543456874e-68,-5.569101738333411e+02
3.750000000000000e+03,18,3.854069832717892e+00,7.412097219837176e-28,7.434184295398737e-08,1.789238012947456e-41,-2.874733188367289e+02
3.750000000000000e+03,19,3.854069832717892e+00,4.210455841393880e-30,7.452433679587829e-23,1.021376166639549e-73,-6.099081428043162e+02
3.750000000000000e+03,20,3.854069832717892e+00,2.159154531201700e-32,6.860910804104838e-08,4.439229885026757e-46,-3.335269236450076e+02
3.750000000000000e+03,21,3.854069832717892e+00,1.004446337036428e-34,2.175897775869487e-22,2.077131915514319e-77,-6.468253592120169e+02
3.750000000000000e+03,22,3.854069832717892e+00,4.257837922554702e-37,6.168179893276575e-08,7.075604529172895e-51,-3.815023644874106e+02
3.750000000000000e+03,23,3.854069832717892e+00,1.651335867400862e-39,3.034504495310018e-22,6.641579068143377e-82,-6.917772865270263e+02
3.750000000000000e+03,24,3.854069832717892e+00,5.881446227315414e-42,5.149333841595897e-08,6.811560078662037e-56,-4.316675340850436e+02
3.750000000000000e+03,25,3.854069832717892e+00,1.930301047247880e-44,4.326755572680556e-22,1.578374778895387e-86,-7.380178986736184e+02
3.750000000000000e+03,26,3.854069832717892e+00,5.856441718191264e-47,4.506404382461043e-08,5.194628689311586e-61,-4.828444549025238e+02
3.750000000000000e+03,27,3.854069832717892e+00,1.647344960945849e-49,1.566956073894369e-22,1.766682711217656e-92,-7.975284144095190e+02
3.750000000000000e+03,28,3.854069832717892e+00,4.307849203064733e-52,4.293532250773877e-08,3.468568807144724e-66,-5.345984968583596e+02
3.750000000000000e+03,29,3.854069832717892e+00,1.049937399316234e-54,4.698393160815031e-22,1.012330869126321e-96,-8.399467751995597e+02
3.750000000000000e+03,30,3.854069832717892e+00,2.390680973115973e-57,3.829651946290236e-08,1.531442159778406e-71,-5.881489940118416e+02
3.750000000000000e+03,31,3.854069832717892e+00,5.096794374657714e-60,2.813630261799918e-23,1.762347425373990e-104,-9.175390847160544e+02
3.750000000000000e+03,32,3.854069832717892e+00,1.019510362834116e-62,3.322680057651008e-08,4.916194507170758e-77,-6.430837094276690e+02
3.750000000000000e+03,33,3.854069832717892e+00,1.917133042413512e-65,1.041393781797745e-22,9.081186099724863e-109,-9.604185742428463e+02
3.750000000000000e+03,34,3.854069832717892e+00,3.395283427076415e-68,2.935844690285797e-08,1.278211000506661e-82,-6.989339744915737e+02
3.750000000000000e+03,35,3.854069832717892e+00,5.673021304296510e-71,4.957048480568211e-23,6.088651407848320e-115,-1.022154788897953e+03
3.750000000000000e+03,36,3.854069832717892e+00,8.957296405939352e-74,2.782044875188470e-08,3.028067630098497e-88,-7.551883442935341e+02
3.750000000000000e+03,37,3.854069832717892e+00,1.338550279303470e-76,2.532645492432444e-22,3.750108724470778e-119,-1.064259561408714e+03
3.750000000000000e+03,38,3.854069832717892e+00,1.895934156885697e-79,2.533455516217803e-08,5.315084580869239e-94,-8.127448982000004e+02
3.750000000000000e+03,39,3.854069832717892e+00,2.548857206854758e-82,6.977718326841223e-22,5.420417478380743e-124,-1.112659672629866e+03
3.750000000000000e+03,40,3.854069832717892e+00,3.256672227373419e-85,2.146132460680172e-08,6.551601297875063e-100,-8.718365253972770e+02
3.800000000000000e+03,0,3.905457430487464e+00,1.000000000000000e+00,3.902407669319800e-07,6.651592514489731e-13,-1.770743641021162e+00
3.800000000000000e+03,1,3.905457430487464e+00,6.338475181664149e-01,1.205754780576414e-21,4.024974581873881e-42,-2.939523685790152e+02
3.800000000000000e+03,2,3.905457430487464e+00,1.912817165444212e-01,1.950770001592057e-06,3.179405787136057e-12,5.023459603990012e+00
3.800000000000000e+03,3,3.905457430487464e+00,3.272478003293285e-02,1.265919328207876e-21,2.290599494348353e-43,-3.064005083948798e+02
3.800000000000000e+03,4,3.905457430487464e+00,3.547800834525506e-03,2.982564743321184e-06,1.378476459749783e-13,-8.606006459441804e+00
3.800000000000000e+03,5,3.905457430487464e+00,2.631217589135362e-04,9.106383238373074e-22,9.530352703762653e-46,-3.302089102649038e+02
3.800000000000000e+03,6,3.905457430487464e+00,1.411134693760896e-05,1.395747484116418e-06,1.200722198432782e-16,-3.920557460243455e+01
3.800000000000000e+03,7,3.905457430487464e+00,5.706795386306314e-07,4.812401805722885e-22,5.772665948498604e-49,-3.623862357344217e+02
3.800000000000000e+03,8,3.905457430487464e+00,1.798097138397600e-08,8.499473243626913e-07,5.673584598009944e-20,-7.246142465049913e+01
3.800000000000000e+03,9,3.905457430487464e+00,4.530781343140828e-10,4.731422489334276e-22,4.430134646706867e-52,-3.935358307390488e+02
3.800000000000000e+03,10,3.905457430487464e+00,9.326797970116796e-12,7.672920816594546e-07,2.398359960324111e-23,-1.062008563481078e+02
3.800000000000000e+03,11,3.905457430487464e+00,1.596559821586588e-13,1.262490083637202e-21,1.111479635317512e-54,-4.195409849009522e+02
3.800000000000000e+03,12,3.905457430487464e+00,2.306842122771818e-15,6.508735843565356e-07,4.268463068017938e-27,-1.436972847186803e+02
3.800000000000000e+03,13,3.905457430487464e+00,2.849505693429784e-17,3.585997299237273e-22,1.600478366729220e-59,-4.679575019173142e+02
3.800000000000000e+03,14,3.905457430487464e+00,3.042437480331794e-19,5.890082431696323e-07,4.610253127042456e-31,-1.833627522891408e+02
3.800000000000000e+03,15,3.905457430487464e+00,2.834924872672918e-21,4.937097318088336e-22,3.018181085530467e-63,-5.052025470687742e+02
3.800000000000000e+03,16,3.905457430487464e+00,2.324833619242112e-23,4.443454021258953e-07,2.004904181143423e-35,-2.269790637845281e+02
3.800000000000000e+03,17,3.905457430487464e+00,1.690502987343950e-25,1.027159831549993e-21,7.790267314784078e-67,-5.410844763971591e+02
3.800000000000000e+03,18,3.905457430487464e+00,1.097248370574337e-27,4.030406032716213e-07,7.785076919820815e-40,-2.710873709206327e+02
3.800000000000000e+03,19,3.905457430487464e+00,6.395164013566426e-30,5.440811525761737e-22,8.268741473823573e-72,-5.908256058628378e+02
3.800000000000000e+03,20,3.905457430487464e+00,3.365069211483287e-32,3.689963216288164e-07,2.001236603648147e-44,-3.169870156224624e+02
3.800000000000000e+03,21,3.905457430487464e+00,1.606387063369600e-34,1.317806457768284e-21,1.218467146468450e-75,-6.291418617620418e+02
3.800000000000000e+03,22,3.905457430487464e+00,6.987925934237858e-37,3.237431345776818e-07,3.198967227461737e-49,-3.649499020912046e+02
3.800000000000000e+03,23,3.905457430487464e+00,2.781315791155260e-39,1.501264220309332e-21,2.737946343208961e-80,-6.756257506718691e+02
3.800000000000000e+03,24,3.905457430487464e+00,1.016652648293796e-41,2.804958074052865e-07,3.493700786385226e-54,-4.145671429236575e+02
3.800000000000000e+03,25,3.905457430487464e+00,3.424546697937291e-44,2.372148634846549e-21,8.416804718895886e-85,-7.207485274891889e+02
3.800000000000000e+03,26,3.905457430487464e+00,1.066389472676856e-46,2.394408148263710e-07,2.670376980227958e-59,-4.657342742444968e+02
3.800000000000000e+03,27,3.905457430487464e+00,3.078814688092841e-49,7.921954978265906e-22,8.439343277397124e-91,-7.807369134746194e+02
3.800000000000000e+03,28,3.905457430487464e+00,8.263960626544311e-52,2.320903733279017e-07,1.944298121116474e-64,-5.171123714350992e+02
3.800000000000000e+03,29,3.905457430487464e+00,2.067428990519046e-54,2.430765057631568e-21,5.335522236702048e-95,-8.227282306575819e+02
3.800000000000000e+03,30,3.905457430487464e+00,4.832123471265335e-57,2.030993299376778e-07,8.705933931993003e-70,-5.706018463296082e+02
3.800000000000000e+03,31,3.905457430487464e+00,1.057478694251684e-59,2.398766728786645e-22,2.657712640696735e-102,-8.957549197798556e+02
3.800000000000000e+03,32,3.905457430487464e+00,2.171363043851040e-62,1.770415073549285e-07,2.972644686311173e-75,-6.252685699795828e+02
3.800000000000000e+03,33,3.905457430487464e+00,4.191474592899911e-65,4.587684173469617e-22,3.853135003636306e-107,-9.441418577419304e+02
3.800000000000000e+03,34,3.905457430487464e+00,7.620286800508836e-68,1.598366865675743e-07,8.503243502356737e-81,-6.807041538411107e+02
3.800000000000000e+03,35,3.905457430487464e+00,1.307063756372412e-70,5.637853343500322e-22,1.814615783733729e-112,-9.974121531589969e+02
3.800000000000000e+03,36,3.905457430487464e+00,2.118616131404963e-73,1.468111993999024e-07,1.994486086924308e-86,-7.370016898888189e+02
3.800000000000000e+03,37,3.905457430487464e+00,3.250187782742204e-76,2.440736254278842e-21,8.456886864795962e-117,-1.040727894793086e+03
3.800000000000000e+03,38,3.905457430487464e+00,4.726074065304294e-79,1.365043982178084e-07,3.846397607273582e-92,-7.941494582417461e+02
3.800000000000000e+03,39,3.905457430487464e+00,6.522754071055642e-82,2.666060474754246e-21,2.025029527714623e-122,-1.096935686397925e+03
3.800000000000000e+03,40,3.905457430487464e+00,8.556027472895565e-85,1.140460799109960e-07,4.860637768885896e-98,-8.531330674280855e+02
3.850000000000000e+03,0,3.956845028257036e+00,1.000000000000000e+00,1.351321728763273e-07,7.975866629088779e-14,-1.098222116824669e+01
3.850000000000000e+03,1,3.956845028257036e+00,6.372170680432175e-01,1.093201898332448e-22,3.326201210421456e-44,-3.147805148273748e+02
3.850000000000000e+03,2,3.956845028257036e+00,1.946843125596998e-01,7.607240710445790e-08,4.920912445510063e-15,-2.307954362007195e+01
3.850000000000000e+03,3,3.956845028257036e+00,3.385480160868310e-02,1.054543767919322e-22,1.644409037723936e-45,-3.278399014498896e+02
3.850000000000000e+03,4,3.956845028257036e+00,3.739944291741311e-03,4.101477595023799e-07,2.747933275734791e-15,-2.560993816857030e+01
3.850000000000000e+03,5,3.956845028257036e+00,2.830999622794406e-04,1.416998431012543e-22,2.482783858295419e-47,-3.460506108682298e+02
3.850000000000000e+03,6,3.956845028257036e+00,1.551413345099217e-05,1.962086360193749e-07,2.608699910150591e-18,-5.583575876768481e+01
3.850000000000000e+03,7,3.956845028257036e+00,6.416368675936507e-07,4.054253126548093e-23,4.606503373077694e-51,-3.833662860649224e+02
3.850000000000000e+03,8,3.956845028257036e+00,2.068802599131026e-08,1.284226042459161e-07,1.490261086322752e-21,-8.826737638690979e+01
3.850000000000000e+03,9,3.956845028257036e+00,5.336985019010459e-10,6.827630964941296e-23,1.086666866938624e-53,-4.096390357461154e+02
3.850000000000000e+03,10,3.956845028257036e+00,1.125215482908507e-11,1.036681543933597e-07,5.281858909629333e-25,-1.227721320395980e+02
3.850000000000000e+03,11,3.956845028257036e+00,1.973326930765748e-13,9.653419470399393e-23,8.031964159459737e-57,-4.409517823812032e+02
3.850000000000000e+03,12,3.956845028257036e+00,2.921785547618736e-15,9.204454144117361e-08,1.081196861526537e-28,-1.596609522363155e+02
3.850000000000000e+03,13,3.956845028257036e+00,3.699165347568709e-17,6.941736281407254e-23,7.785747740486959e-61,-4.810869967160287e+02
3.850000000000000e+03,14,3.956845028257036e+00,4.048854647123062e-19,8.132980667740101e-08,1.169747239235270e-32,-1.993190797112942e+02
3.850000000000000e+03,15,3.956845028257036e+00,3.868026536148358e-21,1.021310576647647e-22,1.762241671433742e-64,-5.175393453328323e+02
3.850000000000000e+03,16,3.956845028257036e+00,3.252587610318228e-23,6.238120515739235e-08,5.528367278397312e-37,-2.425740311221803e+02
3.850000000000000e+03,17,3.956845028257036e+00,2.425418793283688e-25,1.245767026127122e-22,1.644071739740820e-68,-5.578407923576567e+02
3.850000000000000e+03,18,3.956845028257036e+00,1.614536122748883e-27,5.598282214410101e-08,2.210129415315901e-41,-2.865558229522348e+02
3.850000000000000e+03,19,3.956845028257036e+00,9.651612392884903e-30,6.710502719336437e-23,1.898324044893468e-73,-6.072162965128858e+02
3.850000000000000e+03,20,3.956845028257036e+00,5.209268094167787e-32,5.022551231328401e-08,5.739655449527770e-46,-3.324111417743828e+02
3.850000000000000e+03,21,3.956845028257036e+00,2.550897912866961e-34,1.527408655731680e-22,2.599345064631914e-77,-6.458513606381638e+02
3.850000000000000e+03,22,3.956845028257036e+00,1.138345326458260e-36,4.537405020127068e-08,1.023645275204806e-50,-3.798985051378058e+02
3.850000000000000e+03,23,3.956845028257036e+00,4.648138372421949e-39,2.009916977802096e-22,8.201544556201413e-82,-6.908610435138850e+02
3.850000000000000e+03,24,3.956845028257036e+00,1.743100169269610e-41,3.835339491055904e-08,1.119928592173102e-55,-4.295080966752075e+02
3.850000000000000e+03,25,3.956845028257036e+00,6.024069434398075e-44,3.039231015117946e-22,2.430400002296304e-86,-7.361432224307096e+02
3.850000000000000e+03,26,3.956845028257036e+00,1.924661513276182e-46,3.310980071308480e-08,9.215690021657013e-61,-4.803547214157580e+02
3.850000000000000e+03,27,3.956845028257036e+00,5.701469445093528e-49,2.106122087589834e-22,1.104623427219366e-91,-7.895678575035350e+02
3.850000000000000e+03,28,3.956845028257036e+00,1.570247462718949e-51,3.170846115049062e-08,6.895706916314244e-66,-5.316142120532319e+02
3.850000000000000e+03,29,3.956845028257036e+00,4.030861368791225e-54,2.603773531987475e-22,1.193616025041566e-96,-8.392313535915725e+02
3.850000000000000e+03,30,3.956845028257036e+00,9.667240381117384e-57,2.783935226795158e-08,3.272511138956252e-71,-5.848511886652541e+02
3.850000000000000e+03,31,3.956845028257036e+00,2.170912635710546e-59,4.324541063312997e-23,1.773302228807249e-103,-9.075121724008017e+02
3.850000000000000e+03,32,3.956845028257036e+00,4.574226104900759e-62,2.460084882138823e-08,1.209144417993148e-76,-6.391752182470434e+02
3.850000000000000e+03,33,3.956845028257036e+00,9.060956818347196e-65,5.074872718019121e-23,1.019259415918590e-108,-9.599171526784481e+02
3.850000000000000e+03,34,3.956845028257036e+00,1.690470312925439e-67,2.165153624669552e-08,3.461348630264014e-82,-6.946075465595734e+02
3.850000000000000e+03,35,3.956845028257036e+00,2.975558185605815e-70,2.658584740147398e-23,9.186071582211360e-115,-1.020368701746771e+03
3.850000000000000e+03,36,3.956845028257036e+00,4.949545766970814e-73,2.030279186769179e-08,8.911221368761661e-88,-7.505006276763975e+02
3.850000000000000e+03,37,3.956845028257036e+00,7.792349679080419e-76,1.497539623893917e-22,7.632827380965152e-119,-1.061173145592275e+03
3.850000000000000e+03,38,3.956845028257036e+00,1.162820109234746e-78,1.870352448286777e-08,1.776723315593501e-93,-8.075038019845625e+02
3.850000000000000e+03,39,3.956845028257036e+00,1.647023546266343e-81,5.191074070204566e-22,1.938539356191020e-123,-1.107125253775285e+03
3.850000000000000e+03,40,3.956845028257036e+00,2.217186393159304e-84,1.576304085724583e-08,2.406260101747519e-99,-8.661865742992707e+02
3.900000000000000e+03,0,4.008232626026608e+00,1.000000000000000e+00,1.128686415290552e-07,5.564254156309189e-14,-1.254593041123966e+01
3.900000000000000e+03,1,4.008232626026608e+00,6.405261300428775e-01,3.562266207123072e-22,3.550176593591444e-43,-3.044975004364496e+02
3.900000000000000e+03,2,4.008232626026608e+00,1.980727439116106e-01,4.511616932251772e-07,1.760960103602991e-13,-7.542504833179846e+00
3.900000000000000e+03,3,4.008232626026608e+00,3.499987218091709e-02,6.082289825650404e-22,5.655370248176134e-44,-3.124753895723258e+02
3.900000000000000e+03,4,4.008232626026608e+00,3.938491463911491e-03,1.178836828442568e-06,2.390549066686411e-14,-1.621502337861326e+01
3.900000000000000e+03,5,4.008232626026608e+00,3.041818242669635e-04,4.180530635032498e-22,2.321969141185348e-46,-3.363414355630372e+02
3.900000000000000e+03,6,4.008232626026608e+00,1.702732123426995e-05,6.179595652254400e-07,2.840055390172615e-17,-4.546673189737562e+01
3.900000000000000e+03,7,4.008232626026608e+00,7.199369828888188e-07,1.680831208246276e-22,8.883887551281542e-50,-3.705139694721575e+02
3.900000000000000e+03,8,4.008232626026608e+00,2.374549455745927e-08,3.666183812411983e-07,1.394023365760510e-20,-7.855729946800555e+01
3.900000000000000e+03,9,4.008232626026608e+00,6.269360327266765e-10,1.089400321163739e-22,3.249814650700291e-53,-4.048814140778222e+02
3.900000000000000e+03,10,4.008232626026608e+00,1.353291865741169e-11,3.095214137186651e-07,5.662826229570409e-24,-1.124696676500186e+02
3.900000000000000e+03,11,4.008232626026608e+00,2.430603144869706e-13,3.474562292183356e-22,1.281665289355908e-55,-4.289222537728608e+02
3.900000000000000e+03,12,4.008232626026608e+00,3.686623352955497e-15,2.787387901151182e-07,1.251076752155279e-27,-1.490271604601000e+02
3.900000000000000e+03,13,4.008232626026608e+00,4.782302254413219e-17,1.799854537762000e-22,6.766626400100039e-60,-4.716962780118080e+02
3.900000000000000e+03,14,4.008232626026608e+00,5.364029349754912e-19,2.436318886282370e-07,1.390656186441419e-31,-1.885678022787107e+02
3.900000000000000e+03,15,4.008232626026608e+00,5.252129354851489e-21,3.331977559839650e-22,2.546829739256928e-63,-5.059400008753453e+02
3.900000000000000e+03,16,4.008232626026608e+00,4.527037601921280e-23,1.883006968357255e-07,7.010973395773858e-36,-2.315422168088277e+02
3.900000000000000e+03,17,4.008232626026608e+00,3.460633713568239e-25,3.966087360756491e-22,2.377609621854583e-67,-5.462385945038675e+02
3.900000000000000e+03,18,4.008232626026608e+00,2.361777777293932e-27,1.665428688426794e-07,2.861221486670931e-40,-2.754344852223114e+02
3.900000000000000e+03,19,4.008232626026608e+00,1.447594902275468e-29,1.712823222446015e-22,1.854951218294175e-72,-5.973166750702156e+02
3.900000000000000e+03,20,4.008232626026608e+00,8.011413178333677e-32,1.526204748339359e-07,8.150703485675685e-45,-3.208880490576775e+02
3.900000000000000e+03,21,4.008232626026608e+00,4.022875270550392e-34,4.859909608370407e-22,4.150049853332706e-76,-6.338194668620423e+02
3.900000000000000e+03,22,4.008232626026608e+00,1.840989971295863e-36,1.367384826405470e-07,1.503464916579751e-49,-3.682290670172615e+02
3.900000000000000e+03,23,4.008232626026608e+00,7.709223654082244e-39,6.111739702380853e-22,1.257768480364410e-80,-6.790039929287614e+02
3.900000000000000e+03,24,4.008232626026608e+00,2.965010716231689e-41,1.153229459266431e-07,1.722336820443783e-54,-4.176388191388353e+02
3.900000000000000e+03,25,4.008232626026608e+00,1.050950988064908e-43,9.479547563529124e-22,4.124943893246784e-85,-7.238458195427019e+02
3.900000000000000e+03,26,4.008232626026608e+00,3.443896159755005e-46,1.000580743023210e-07,1.505964351789870e-59,-4.682218530835058e+02
3.900000000000000e+03,27,4.008232626026608e+00,1.046402779846813e-48,3.945165935243958e-22,7.113605826106472e-91,-7.814791020328992e+02
3.900000000000000e+03,28,4.008232626026608e+00,2.956028027634929e-51,9.554013144288758e-08,1.178529829531782e-64,-5.192865942066014e+02
3.900000000000000e+03,29,4.008232626026608e+00,7.783546974918834e-54,9.931173977290251e-22,3.353042775453574e-95,-8.247456090615217e+02
3.900000000000000e+03,30,4.008232626026608e+00,1.914835038559456e-56,8.475409317320577e-08,6.007767148374561e-70,-5.722128690825018e+02
3.900000000000000e+03,31,4.008232626026608e+00,4.410922435876680e-59,3.973912031523287e-23,3.042469842732655e-103,-9.051677371784718e+02
3.900000000000000e+03,32,4.008232626026608e+00,9.533914221322078e-62,7.387285968027269e-08,2.272487094867034e-75,-6.264349857439596e+02
3.900000000000000e+03,33,4.008232626026608e+00,1.937322165335180e-64,1.729816425325199e-22,2.531991500492326e-107,-9.459653775651229e+02
3.900000000000000e+03,34,4.008232626026608e+00,3.707802076398399e-67,6.547296103162180e-08,6.942259942588677e-81,-6.815849912884981e+02
3.900000000000000e+03,35,4.008232626026608e+00,6.695224481669385e-70,1.489384576484676e-22,6.486929978893864e-113,-1.001879607898984e+03
3.900000000000000e+03,36,4.008232626026608e+00,1.142498783491234e-72,6.152394368050652e-08,1.888880317150117e-86,-7.372379555888492e+02
3.900000000000000e+03,37,4.008232626026608e+00,1.845262291528981e-75,6.774604166864724e-22,3.699016935252762e-117,-1.044319136803445e+03
3.900000000000000e+03,38,4.008232626026608e+00,2.824923212630178e-78,5.643396249746967e-08,3.929597788071964e-92,-7.940565189933454e+02
3.900000000000000e+03,39,4.008232626026608e+00,4.104905549465729e-81,1.338561241255540e-21,3.212476970498889e-122,-1.094931599770057e+03
3.900000000000000e+03,40,4.008232626026608e+00,5.669167543107555e-84,4.772344224975182e-08,5.639533461076778e-98,-8.524875682219761e+02
3.950000000000000e+03,0,4.059620223796180e+00,1.000000000000000e+00,1.639068255457758e-08,1.173422580855769e-15,-2.930545558657016e+01
3.950000000000000e+03,1,4.059620223796180e+00,6.437762860165338e-01,2.087660317128199e-22,1.225504781910354e-43,-3.091168498979483e+02
3.950000000000000e+03,2,4.059620223796180e+00,2.014466288517845e-01,3.227388566004787e-07,9.164797617058474e-14,-1.037877120965288e+01
3.950000000000000e+03,3,4.059620223796180e+00,3.615966620489899e-02,1.850040109410137e-22,5.405639308300728e-45,-3.226715293600330e+02
3.950000000000000e+03,4,4.059620223796180e+00,4.143493245709390e-03,6.152921319945871e-07,6.851564041089865e-15,-2.164210278598015e+01
3.950000000000000e+03,5,4.059620223796180e+00,3.264030045778202e-04,1.868059724411159e-22,4.975033677618356e-47,-3.430320397502794e+02
3.950000000000000e+03,6,4.059620223796180e+00,1.865717412004392e-05,2.881111168736014e-07,6.764352942412195e-18,-5.169773740378979e+01
3.950000000000000e+03,7,4.059620223796180e+00,8.061812760544225e-07,3.242136494944435e-23,3.701311698183525e-51,-3.843164434016804e+02
3.950000000000000e+03,8,4.059620223796180e+00,2.719120256692493e-08,1.774552260219003e-07,3.739954905420156e-21,-8.427133634282208e+01
3.950000000000000e+03,9,4.059620223796180e+00,7.344926816515286e-10,7.500024308298603e-23,1.804567692395249e-53,-4.074362682217620e+02
3.950000000000000e+03,10,4.059620223796180e+00,1.622692961137339e-11,1.572008164782265e-07,1.751484547007800e-24,-1.175659369002134e+02
3.950000000000000e+03,11,4.059620223796180e+00,2.983805598691911e-13,2.351434578145284e-22,7.206040322845448e-56,-4.314230331202468e+02
3.950000000000000e+03,12,4.059620223796180e+00,4.634504143812589e-15,1.344462457177136e-07,3.658988096976097e-28,-1.543663900331088e+02
3.950000000000000e+03,13,4.059620223796180e+00,6.157682079455938e-17,8.523573439051421e-23,1.953984166684078e-60,-4.770907895973168e+02
3.950000000000000e+03,14,4.059620223796180e+00,7.075387569346998e-19,1.207174857838662e-07,4.503508228245671e-32,-1.934644903943106e+02
3.950000000000000e+03,15,4.059620223796180e+00,7.097982722405851e-21,1.497539623893917e-22,6.952675265413718e-64,-5.115784805448212e+02
3.950000000000000e+03,16,4.059620223796180e+00,6.269117741238013e-23,9.154376154782456e-08,2.294691446356048e-36,-2.363927570322207e+02
3.950000000000000e+03,17,4.059620223796180e+00,4.911177789036950e-25,1.745566694969727e-22,6.536103389791128e-68,-5.518468108663773e+02
3.950000000000000e+03,18,4.059620223796180e+00,3.435148647180666e-27,8.285169716732835e-08,1.029932389016806e-40,-2.798719128407219e+02
3.950000000000000e+03,19,4.059620223796180e+00,2.158061224193090e-29,1.156020049586554e-22,1.259664404235772e-72,-5.989974514282022e+02
3.950000000000000e+03,20,4.059620223796180e+00,1.224237229036376e-31,7.557094950030542e-08,3.053765630921788e-45,-3.251516429704488e+02
3.950000000000000e+03,21,4.059620223796180e+00,6.301714719500574e-34,2.548629244542425e-22,1.787855545472368e-76,-6.374766757409637e+02
3.950000000000000e+03,22,4.059620223796180e+00,2.956393938195965e-36,6.664682918287481e-08,5.735636901309092e-50,-3.724141834980001e+02
3.950000000000000e+03,23,4.059620223796180e+00,1.269201782925893e-38,3.091763898146140e-22,5.299119091334887e-81,-6.827579632012930e+02
3.950000000000000e+03,24,4.059620223796180e+00,5.004649818898843e-41,5.745058564507004e-08,7.214778096529947e-55,-4.214177702187258e+02
3.950000000000000e+03,25,4.059620223796180e+00,1.818752716613495e-43,4.490846125725351e-22,1.602102755137499e-85,-7.279530963272239e+02
3.950000000000000e+03,26,4.059620223796180e+00,6.110823440939297e-46,4.922818189608672e-08,6.468263328515524e-60,-4.718921230790705e+02
3.950000000000000e+03,27,4.059620223796180e+00,1.903795845905585e-48,1.859248289285076e-22,2.874455031879254e-91,-7.854144448108982e+02
3.950000000000000e+03,28,4.059620223796180e+00,5.514598529198703e-51,4.754780534963620e-08,5.445468069930265e-65,-5.226396478414493e+02
3.950000000000000e+03,29,4.059620223796180e+00,1.488941834173243e-53,4.862198670315017e-22,1.537458832020676e-95,-8.281319650434319e+02
3.950000000000000e+03,30,4.059620223796180e+00,3.756093325585809e-56,4.163443565945523e-08,2.843819985516736e-70,-5.754609789801649e+02
3.950000000000000e+03,31,4.059620223796180e+00,8.872548851961971e-59,2.404521703140032e-23,2.240609458077630e-103,-9.064963383511271e+02
3.950000000000000e+03,32,4.059620223796180e+00,1.966584308194140e-61,3.638476031350885e-08,1.137134848583676e-75,-6.294418803089433e+02
3.950000000000000e+03,33,4.059620223796180e+00,4.098012041805046e-64,8.732633913430524e-23,1.364973127882886e-107,-9.486487589845990e+02
3.950000000000000e+03,34,4.059620223796180e+00,8.043129748353718e-67,3.269470286824573e-08,3.755261866827268e-81,-6.842535977281354e+02
3.950000000000000e+03,35,4.059620223796180e+00,1.489420654886167e-69,9.555636836120432e-23,5.940144462957436e-113,-1.002262029929477e+03
3.950000000000000e+03,36,4.059620223796180e+00,2.606500019507651e-72,3.015779133675023e-08,1.035421454143952e-86,-7.398488284059058e+02
3.950000000000000e+03,37,4.059620223796180e+00,4.317332187977958e-75,4.376981483314887e-22,3.612644668420080e-117,-1.044421747525569e+03
3.950000000000000e+03,38,4.059620223796180e+00,6.778359428209709e-78,2.795352401138385e-08,2.313439190743004e-92,-7.963574191153986e+02
3.950000000000000e+03,39,4.059620223796180e+00,1.010151596878157e-80,6.223785204884668e-22,1.709055276304800e-122,-1.097672438905818e+03
3.950000000000000e+03,40,4.059620223796180e+00,1.430779266623950e-83,2.341654005102641e-08,3.426718681971156e-98,-8.546512154770974e+02
4.000000000000000e+03,0,4.111007821565751e+00,1.000000000000000e+00,6.820187458710529e-07,2.031669151935317e-12,3.078529864920643e+00
4.000000000000000e+03,1,4.111007821565751e+00,6.469690645955758e-01,1.358435078629817e-21,5.214607842123183e-42,-2.928277834656743e+02
4.000000000000000e+03,2,4.111007821565751e+00,2.048056125265006e-01,1.995110977914049e-06,3.560707779965609e-12,5.515363334732148e+00
4.000000000000000e+03,3,4.111007821565751e+00,3.733385878322099e-02,1.738890261790805e-21,4.930688812133957e-43,-3.030709240599405e+02
4.000000000000000e+03,4,4.111007821565751e+00,4.354997027783298e-03,5.738425783279931e-06,6.263740602759553e-13,-2.031662358036848e+00
4.000000000000000e+03,5,4.111007821565751e+00,3.497992193871735e-04,1.635165144896922e-21,4.085097639316644e-45,-3.238879755878648e+02
4.000000000000000e+03,6,4.111007821565751e+00,2.041015395517130e-05,2.807460583255415e-06,7.026417939143744e-16,-3.153266021457511e+01
4.000000000000000e+03,7,4.111007821565751e+00,9.010064428588493e-07,5.691387336529500e-22,1.274748606539325e-48,-3.589457545409877e+02
4.000000000000000e+03,8,4.111007821565751e+00,3.106621155157204e-08,1.794584388520580e-06,4.369949609524159e-19,-6.359523570908703e+01
4.000000000000000e+03,9,4.111007821565751e+00,8.582623840026968e-10,5.421864471463120e-22,1.101990261313558e-51,-3.895782224348466e+02
4.000000000000000e+03,10,4.111007821565751e+00,1.940016437197456e-11,1.488040817044384e-06,1.876270544833082e-22,-9.726704539274301e+01
4.000000000000000e+03,11,4.111007821565751e+00,3.650961046145410e-13,1.683031037711898e-21,4.517017908986865e-54,-4.134514818755267e+02
4.000000000000000e+03,12,4.111007821565751e+00,5.805161011082868e-15,1.311258801246883e-06,4.359648397555129e-26,-1.336054853485045e+02
4.000000000000000e+03,13,4.111007821565751e+00,7.897516547929210e-17,9.268203486281001e-22,2.963070795901529e-58,-4.552825797190770e+02
4.000000000000000e+03,14,4.111007821565751e+00,9.293069351415776e-19,1.168455573918894e-06,5.541711980034367e-30,-1.725635604959894e+02
4.000000000000000e+03,15,4.111007821565751e+00,9.548637028827214e-21,1.553690946644328e-21,1.006771743696086e-61,-4.899706898196860e+02
4.000000000000000e+03,16,4.111007821565751e+00,8.638990191671329e-23,8.971407559805430e-07,3.036998077647598e-34,-2.151755548298042e+02
4.000000000000000e+03,17,4.111007821565751e+00,6.933259223395345e-25,1.932475202279615e-21,1.130903792386469e-65,-5.294657433955983e+02
4.000000000000000e+03,18,4.111007821565751e+00,4.968571396762005e-27,8.034846497064220e-07,1.401028810332032e-38,-2.585355293392224e+02
4.000000000000000e+03,19,4.111007821565751e+00,3.198290468624447e-29,9.707590933174098e-22,1.316440399023361e-70,-5.788059879851098e+02
4.000000000000000e+03,20,4.111007821565751e+00,1.859163417997251e-31,7.252619503586131e-07,4.271375136953620e-43,-3.036943228463629e+02
4.000000000000000e+03,21,4.111007821565751e+00,9.806966895543618e-34,2.374040061602041e-21,2.414188400419576e-74,-6.161722884108626e+02
4.000000000000000e+03,22,4.111007821565751e+00,4.715040213160634e-36,6.520715824252982e-07,8.756616131687519e-48,-3.505766368826696e+02
4.000000000000000e+03,23,4.111007821565751e+00,2.074538387429350e-38,2.979006195493781e-21,8.041270123614047e-79,-6.609467534875016e+02
4.000000000000000e+03,24,4.111007821565751e+00,8.383986678170416e-41,5.545930116589412e-07,1.126314637212380e-52,-3.994834027190265e+02
4.000000000000000e+03,25,4.111007821565751e+00,3.122864248140005e-43,4.554832319134836e-21,2.829816377820696e-83,-7.054824174422357e+02
4.000000000000000e+03,26,4.111007821565751e+00,1.075465769586835e-45,4.770215930510766e-07,1.068890043755239e-57,-4.497106696817424e+02
4.000000000000000e+03,27,4.111007821565751e+00,3.434377606725744e-48,2.198867012006182e-21,7.252810567978108e-89,-7.613949366547996e+02
4.000000000000000e+03,28,4.111007821565751e+00,1.019728449877592e-50,4.570778139999665e-07,9.305188651298996e-63,-5.003127481765545e+02
4.000000000000000e+03,29,4.111007821565751e+00,2.822294867044999e-53,4.762983828877393e-21,2.796539531691248e-93,-8.055337903713530e+02
4.000000000000000e+03,30,4.111007821565751e+00,7.298357372160404e-56,4.022712366739274e-07,5.158500172915222e-68,-5.528747655056457e+02
4.000000000000000e+03,31,4.111007821565751e+00,1.767300761208397e-58,3.984366816773378e-22,1.225432675607780e-100,-8.791171054358383e+02
4.000000000000000e+03,32,4.111007821565751e+00,4.015655057746581e-61,3.542137771590065e-07,2.200633202708850e-73,-6.065745233877992e+02
4.000000000000000e+03,33,4.111007821565751e+00,8.578405934645058e-64,8.976156048409654e-22,3.018893167833170e-105,-9.252015225545701e+02
4.000000000000000e+03,34,4.111007821565751e+00,1.726056969974159e-66,3.131039289280488e-07,7.390818265496759e-79,-6.613130747655549e+02
4.000000000000000e+03,35,4.111007821565751e+00,3.276805906359542e-69,7.272267861895545e-22,7.569214536507378e-111,-9.812094918525015e+02
4.000000000000000e+03,36,4.111007821565751e+00,5.878959713688996e-72,2.921688132949061e-07,2.191939486248038e-84,-7.165917143976401e+02
4.000000000000000e+03,37,4.111007821565751e+00,9.983280854513931e-75,3.102932544649462e-21,4.198346904048626e-115,-1.023769216790720e+03
4.000000000000000e+03,38,4.111007821565751e+00,1.606951430248987e-77,2.700044658746217e-07,5.116877363613300e-90,-7.729099499165487e+02
4.000000000000000e+03,39,4.111007821565751e+00,2.455217324505492e-80,6.735157918770418e-21,4.864585813427504e-120,-1.073129541310586e+03
4.000000000000000e+03,40,4.111007821565751e+00,3.565379919400415e-83,2.275498769526663e-07,8.063421960199492e-96,-8.309348061290420e+02
4.050000000000000e+03,0,4.162395419335323e+00,1.000000000000000e+00,2.721849929783594e-08,3.235852493190003e-15,-2.490011283986133e+01
4.050000000000000e+03,1,4.162395419335323e+00,6.501059433280870e-01,1.864755728906294e-22,9.873892610752772e-44,-3.100551160051239e+02
4.050000000000000e+03,2,4.162395419335323e+00,2.081493656519059e-01,3.037492670949394e-07,8.388145055032927e-14,-1.076334067947315e+01
4.050000000000000e+03,3,4.162395419335323e+00,3.852212599009160e-02,2.372725449112787e-22,9.472521224172668e-45,-3.202353441296975e+02
4.050000000000000e+03,4,4.162395419335323e+00,4.573046740224919e-03,5.467974005322591e-07,5.971987440751927e-15,-2.223881114278873e+01
4.050000000000000e+03,5,4.162395419335323e+00,3.744062101619423e-04,2.523866857429917e-22,1.041684705995575e-46,-3.398226371209893e+02
4.050000000000000e+03,6,4.162395419335323e+00,2.229291948754949e-05,2.805867359899880e-07,7.665872373286327e-18,-5.115438415454597e+01
4.050000000000000e+03,7,4.162395419335323e+00,1.005085591783617e-06,6.203992456051351e-23,1.689685714431732e-50,-3.777219406768290e+02
4.050000000000000e+03,8,4.162395419335323e+00,3.541501714447806e-08,1.680950490255934e-07,4.370767082824536e-21,-8.359442336347055e+01
4.050000000000000e+03,9,4.162395419335323e+00,1.000348269282878e-09,6.933036892033537e-23,2.100190116575387e-53,-4.067774138962685e+02
4.050000000000000e+03,10,4.162395419335323e+00,2.312769659835113e-11,1.449203676569807e-07,2.121541827791344e-24,-1.167334840137090e+02
4.050000000000000e+03,11,4.162395419335323e+00,4.453088889125644e-13,2.103581448998316e-22,8.606773849256937e-56,-4.306515960836351e+02
4.050000000000000e+03,12,4.162395419335323e+00,7.246070797747896e-15,1.276440609339935e-07,5.156608511827643e-28,-1.528763583884863e+02
4.050000000000000e+03,13,4.162395419335323e+00,1.009023332608486e-16,5.478315468890346e-23,1.322682619731431e-60,-4.787854435311790e+02
4.050000000000000e+03,14,4.162395419335323e+00,1.215530424593128e-18,1.136323258444289e-07,6.855355618632752e-32,-1.916397001145011e+02
4.050000000000000e+03,15,4.162395419335323e+00,1.278810279626616e-20,8.569307696267571e-23,4.101643931458695e-64,-5.138704204394685e+02
4.050000000000000e+03,16,4.162395419335323e+00,1.184782498950219e-22,8.742471497120669e-08,3.955190841441317e-36,-2.340283255656951e+02
4.050000000000000e+03,17,4.162395419335323e+00,9.737990379261192e-25,1.608329278644428e-22,1.100220265681112e-67,-5.495852035975671e+02
4.050000000000000e+03,18,4.162395419335323e+00,7.147577701504360e-27,7.765616765110666e-08,1.882656797273595e-40,-2.772522884335838e+02
4.050000000000000e+03,19,4.162395419335323e+00,4.712754461660104e-29,8.832259483110110e-23,1.605753271960684e-72,-5.979432118437348e+02
4.050000000000000e+03,20,4.162395419335323e+00,2.806298768732500e-31,7.119844834932537e-08,6.213486036618093e-45,-3.220666467330379e+02
4.050000000000000e+03,21,4.162395419335323e+00,1.516480350250876e-33,2.438710261632380e-22,3.939286445154216e-76,-6.340458243832596e+02
4.050000000000000e+03,22,4.162395419335323e+00,7.469585521490107e-36,6.347302354258652e-08,1.314423272382411e-49,-3.688126476014985e+02
4.050000000000000e+03,23,4.162395419335323e+00,3.367148854966708e-38,2.820103648810189e-22,1.169641637153096e-80,-6.793194718000320e+02
4.050000000000000e+03,24,4.162395419335323e+00,1.394246818894911e-40,5.414315427173863e-08,1.785201042632918e-54,-4.174831286818509e+02
4.050000000000000e+03,25,4.162395419335323e+00,5.321168721874357e-43,4.499474774669607e-22,4.705340271065765e-85,-7.232740896469097e+02
4.050000000000000e+03,26,4.162395419335323e+00,1.877717715947224e-45,4.658173641268703e-08,1.779598429628523e-59,-4.674967798615841e+02
4.050000000000000e+03,27,4.162395419335323e+00,6.144337317790609e-48,1.468612530010237e-22,5.788284532199204e-91,-7.823745012860227e+02
4.050000000000000e+03,28,4.162395419335323e+00,1.869463897295550e-50,4.462759143985288e-08,1.626238889708667e-64,-5.178881565747398e+02
4.050000000000000e+03,29,4.162395419335323e+00,5.302145114348406e-53,5.024310293213436e-22,5.846081673708012e-95,-8.223313512154907e+02
4.050000000000000e+03,30,4.162395419335323e+00,1.405080429535144e-55,3.953421926305384e-08,9.591971527749522e-70,-5.701809211904178e+02
4.050000000000000e+03,31,4.162395419335323e+00,3.486764782251735e-58,4.661109538837703e-23,3.308732308505810e-102,-8.948033836781793e+02
4.050000000000000e+03,32,4.162395419335323e+00,8.119199874773758e-61,3.444531252294500e-08,4.207594266782904e-75,-6.237596614532599e+02
4.050000000000000e+03,33,4.162395419335323e+00,1.777525762955444e-63,9.508260339987928e-23,7.019050962787801e-107,-9.415372160432134e+02
4.050000000000000e+03,34,4.162395419335323e+00,3.665423245127616e-66,3.067103968897423e-08,1.506057276030307e-80,-6.782215851140829e+02
4.050000000000000e+03,35,4.162395419335323e+00,7.131585235278223e-69,8.824121471635231e-23,2.425433635144939e-112,-9.961521060406602e+02
4.050000000000000e+03,36,4.162395419335323e+00,1.311319029051368e-71,2.855800695650236e-08,4.671157560508675e-86,-7.333057548349246e+02
4.050000000000000e+03,37,4.162395419335323e+00,2.282229964324727e-74,4.167521126319724e-22,1.731312187217634e-116,-1.037616246138338e+03
4.050000000000000e+03,38,4.162395419335323e+00,3.765064383636412e-77,2.637875215728588e-08,1.144303602057031e-91,-7.894145873497901e+02
4.050000000000000e+03,39,4.162395419335323e+00,5.895872428470610e-80,5.851821997060253e-22,8.818417476788116e-122,-1.090546093448867e+03
4.050000000000000e+03,40,4.162395419335323e+00,8.775200266321067e-83,2.225136928885674e-08,1.897714528517282e-97,-8.472176911752211e+02
4.100000000000000e+03,0,4.213783017104895e+00,1.000000000000000e+00,3.916741731125751e-07,6.700546623088917e-13,-1.738897665965303e+00
4.100000000000000e+03,1,4.213783017104895e+00,6.531883507189457e-01,1.559616086814340e-21,6.939596285262905e-42,-2.915866579412475e+02
4.100000000000000e+03,2,4.213783017104895e+00,2.114775832494974e-01,3.428337347032578e-06,1.085654910693593e-11,1.035691801129327e+01
4.100000000000000e+03,3,4.213783017104895e+00,3.972414517275361e-02,2.154110456631886e-21,8.051019177372515e-43,-3.009414913887536e+02
4.100000000000000e+03,4,4.213783017104895e+00,4.797682899591677e-03,6.002093579006876e-06,7.549139096897503e-13,-1.221025724482937e+00
4.100000000000000e+03,5,4.213783017104895e+00,4.002597131147434e-04,2.090851460628277e-21,7.642731522778070e-45,-3.211675139623394e+02
4.100000000000000e+03,6,4.213783017104895e+00,2.431232499612686e-05,2.976008986881997e-06,9.404924904638421e-16,-3.026644667804337e+01
4.100000000000000e+03,7,4.213783017104895e+00,1.119129337939425e-06,4.088414966203990e-22,8.170536654718893e-49,-3.608774941733186e+02
4.100000000000000e+03,8,4.213783017104895e+00,4.028575343964929e-08,1.841845563224310e-06,5.969229517172239e-19,-6.224081722142826e+01
4.100000000000000e+03,9,4.213783017104895e+00,1.163080981294970e-09,5.135266221591531e-22,1.339665099452701e-51,-3.887300375658891e+02
4.100000000000000e+03,10,4.213783017104895e+00,2.749474789627820e-11,1.585985789235828e-06,3.020707599090239e-22,-9.519891311882483e+01
4.100000000000000e+03,11,4.213783017104895e+00,5.414631572810427e-13,2.515954378683273e-21,1.497044803148010e-53,-4.082476520201581e+02
4.100000000000000e+03,12,4.213783017104895e+00,9.013790951250452e-15,1.382900182361066e-06,7.529211768321264e-26,-1.312325048762225e+02
4.100000000000000e+03,13,4.213783017104895e+00,1.284375308979439e-16,9.862435280139808e-22,5.456581465681030e-58,-4.526307935648185e+02
4.100000000000000e+03,14,4.213783017104895e+00,1.583493480462002e-18,1.241048453390785e-06,1.065256316245831e-29,-1.697254588204882e+02
4.100000000000000e+03,15,4.213783017104895e+00,1.705212853779647e-20,1.481114412517731e-21,1.633865026537042e-61,-4.878678382335521e+02
4.100000000000000e+03,16,4.213783017104895e+00,1.617283689711683e-22,9.525960136457075e-07,6.410089438967938e-34,-2.119313591079643e+02
4.100000000000000e+03,17,4.213783017104895e+00,1.360935572157492e-24,1.635677242201654e-21,1.590351603849968e-65,-5.279850684880485e+02
4.100000000000000e+03,18,4.213783017104895e+00,1.022791594932982e-26,8.527197680675431e-07,3.248330242725416e-38,-2.548833982447319e+02
4.100000000000000e+03,19,4.213783017104895e+00,6.905536332826211e-29,8.310889069053348e-22,2.083304483993386e-70,-5.768124725138962e+02
4.100000000000000e+03,20,4.213783017104895e+00,4.210957763122661e-31,7.760487692204639e-07,1.107692658320282e-42,-2.995558072274040e+02
4.100000000000000e+03,21,4.213783017104895e+00,2.330422202343054e-33,2.745117229165086e-21,7.670377939477806e-74,-6.111518323670474e+02
4.100000000000000e+03,22,4.213783017104895e+00,1.175624425153867e-35,6.920895205400086e-07,2.459537848565309e-47,-3.460914648991840e+02
4.100000000000000e+03,23,4.213783017104895e+00,5.427871206140298e-38,3.165112550870724e-21,2.375025151357707e-78,-6.562433178686522e+02
4.100000000000000e+03,24,4.213783017104895e+00,2.302081155292001e-40,5.927337875787545e-07,3.532647960013508e-52,-3.945189963928217e+02
4.100000000000000e+03,25,4.213783017104895e+00,8.999501632438557e-43,4.839674786116471e-21,9.206852410300170e-83,-7.003588881871514e+02
4.100000000000000e+03,26,4.213783017104895e+00,3.253023868034826e-45,5.082593920597842e-07,3.670442610727789e-57,-4.443528156195872e+02
4.100000000000000e+03,27,4.213783017104895e+00,1.090413240084197e-47,1.787494240821106e-21,1.521741138891157e-88,-7.581765921846727e+02
4.100000000000000e+03,28,4.213783017104895e+00,3.398635626034787e-50,4.876176863635303e-07,3.529586807705348e-62,-4.945227613246959e+02
4.100000000000000e+03,29,4.213783017104895e+00,9.874652268673616e-53,5.471055363899593e-21,1.290994503526262e-92,-7.988907560676014e+02
4.100000000000000e+03,30,4.213783017104895e+00,2.680799299067052e-55,4.297727563203075e-07,2.162730613008692e-67,-5.466499757236386e+02
4.100000000000000e+03,31,4.213783017104895e+00,6.815348158467096e-58,3.705916852117497e-22,4.088271707965899e-100,-8.738846024855118e+02
4.100000000000000e+03,32,4.213783017104895e+00,1.625883768488266e-60,3.764135597842852e-07,1.006190883626812e-72,-5.999731962182294e+02
4.100000000000000e+03,33,4.213783017104895e+00,3.646791455709759e-63,1.100904991318477e-21,1.930505187765817e-104,-9.171432902697698e+02
4.100000000000000e+03,34,4.213783017104895e+00,7.704512978011756e-66,3.350785797138331e-07,3.778321293866764e-78,-6.542270111411656e+02
4.100000000000000e+03,35,4.213783017104895e+00,1.535818494616506e-68,9.171788180965541e-22,5.642977110932311e-110,-9.724849171131350e+02
4.100000000000000e+03,36,4.213783017104895e+00,2.893351187765091e-71,3.109133906323993e-07,1.221631907000464e-83,-7.091305963275151e+02
4.100000000000000e+03,37,4.213783017104895e+00,5.159372977078357e-74,4.668076216179431e-21,4.910584221194945e-114,-1.013088668359936e+03
4.100000000000000e+03,38,4.213783017104895e+00,8.720874105678633e-77,2.880644805488569e-07,3.160820277768076e-89,-7.650020019716660e+02
4.100000000000000e+03,39,4.213783017104895e+00,1.399235316268031e-79,6.290698497418064e-21,2.418515429207937e-119,-1.066164511376332e+03
4.100000000000000e+03,40,4.213783017104895e+00,2.133828103256065e-82,2.426434060285636e-07,5.487275694704059e-95,-8.226064321919507e+02
4.150000000000000e+03,0,4.265170614874466e+00,1.000000000000000e+00,9.265527194056551e-08,3.749735487925462e-14,-1.425999366988559e+01
4.150000000000000e+03,1,4.265170614874466e+00,6.562176681781381e-01,5.241512698222345e-22,7.874474242218205e-43,-3.010377843326228e+02
4.150000000000000e+03,2,4.265170614874466e+00,2.147899834394307e-01,6.684170989922524e-07,4.191500186687880e-13,-3.776305101619475e+00
4.150000000000000e+03,3,4.265170614874466e+00,4.093959523114762e-02,4.418354482929052e-22,3.490800422510238e-44,-3.145707498014033e+02
4.150000000000000e+03,4,4.265170614874466e+00,5.028942659153692e-03,1.362160386482238e-06,4.075618633787784e-14,-1.389806460826136e+01
4.150000000000000e+03,5,4.265170614874466e+00,4.273954293323088e-04,3.309126322346689e-22,2.044169615935095e-46,-3.368948307125335e+02
4.150000000000000e+03,6,4.265170614874466e+00,2.647541867088221e-05,6.699971523005525e-07,5.190977101873675e-17,-4.284750886850652e+01
4.150000000000000e+03,7,4.265170614874466e+00,1.243886880378776e-06,1.082003148308677e-22,6.360603136317037e-50,-3.719650170096245e+02
4.150000000000000e+03,8,4.265170614874466e+00,4.573040353123005e-08,4.180631595691103e-07,3.490994732826672e-20,-7.457050806443924e+01
4.150000000000000e+03,9,4.265170614874466e+00,1.349038141290369e-09,1.015549500413032e-22,6.076965702687569e-53,-4.021631321472649e+02
4.150000000000000e+03,10,4.265170614874466e+00,3.259783545219009e-11,3.571082584009913e-07,1.815720151366883e-23,-1.074095108647716e+02
4.150000000000000e+03,11,4.265170614874466e+00,6.563937050024041e-13,4.358058579546885e-22,5.445163159178555e-55,-4.226398910248869e+02
4.150000000000000e+03,12,4.265170614874466e+00,1.117549698578214e-14,3.118392617708634e-07,4.746667337904578e-27,-1.432361120400417e+02
4.150000000000000e+03,13,4.265170614874466e+00,1.628935487733724e-16,1.782503447683779e-22,2.260606671053629e-59,-4.664577499512960e+02
4.150000000000000e+03,14,4.265170614874466e+00,2.054730672088231e-18,2.787752145680993e-07,6.974668718182060e-31,-1.815647641562172e+02
4.150000000000000e+03,15,4.265170614874466e+00,2.264156631253822e-20,2.789806877368377e-22,7.696887015522937e-63,-5.011368488850809e+02
4.150000000000000e+03,16,4.265170614874466e+00,2.197640284063980e-22,2.141977861936583e-07,4.403996104795247e-35,-2.235615307382079e+02
4.150000000000000e+03,17,4.265170614874466e+00,1.892763081174112e-24,4.220098842333304e-22,1.472318826257767e-66,-5.383199813463757e+02
4.150000000000000e+03,18,4.265170614874466e+00,1.456041378562442e-26,1.917314534056866e-07,2.337872427221044e-39,-2.663117919106364e+02
4.150000000000000e+03,19,4.265170614874466e+00,1.006343703531277e-28,2.735717771429944e-22,3.289646863591767e-71,-5.848285072011230e+02
4.150000000000000e+03,20,4.265170614874466e+00,6.282353441656122e-31,1.740951760862133e-07,8.316798971851128e-44,-3.108004379586793e+02
4.150000000000000e+03,21,4.265170614874466e+00,3.559551409926580e-33,6.252002676106029e-22,6.077065862079822e-75,-6.221630605682649e+02
4.150000000000000e+03,22,4.265170614874466e+00,1.838535483697332e-35,1.554749831988054e-07,1.941124612230206e-48,-3.571194658379410e+02
4.150000000000000e+03,23,4.265170614874466e+00,8.691539005420796e-38,6.783385382605594e-22,1.746827534437529e-79,-6.675774997111295e+02
4.150000000000000e+03,24,4.265170614874466e+00,3.774594155198765e-40,1.328993065423892e-07,2.911897313116104e-53,-4.053582394430865e+02
4.150000000000000e+03,25,4.265170614874466e+00,1.511010226230806e-42,1.036680417631112e-21,7.092797428942466e-84,-7.114918244347148e+02
4.150000000000000e+03,26,4.265170614874466e+00,5.593075224379504e-45,1.141514860199588e-07,3.183275028173009e-58,-4.549712583764103e+02
4.150000000000000e+03,27,4.265170614874466e+00,1.919918066644999e-47,4.591202633956443e-22,1.767648789253816e-89,-7.675260401988907e+02
4.150000000000000e+03,28,4.265170614874466e+00,6.128254316759349e-50,1.094052647842752e-07,3.203860409608749e-63,-5.049432641414126e+02
4.150000000000000e+03,29,4.265170614874466e+00,1.823500493861343e-52,1.078137195846845e-21,9.257938835838065e-94,-8.103348569278477e+02
4.150000000000000e+03,30,4.265170614874466e+00,5.070030708486332e-55,9.638818592348078e-08,2.057399197666224e-68,-5.568668143386527e+02
4.150000000000000e+03,31,4.265170614874466e+00,1.320097430229565e-57,3.196172796196911e-23,5.890156717345235e-102,-8.922987314993737e+02
4.150000000000000e+03,32,4.265170614874466e+00,3.225430886844683e-60,8.453693654657722e-08,1.006795150487342e-73,-6.099705888502044e+02
4.150000000000000e+03,33,4.265170614874466e+00,7.409645616517635e-63,1.800823677850766e-22,1.049542875347844e-105,-9.297899981516007e+02
4.150000000000000e+03,34,4.265170614874466e+00,1.603346164081306e-65,7.514974691534175e-08,3.954965548282867e-79,-6.640285729529040e+02
4.150000000000000e+03,35,4.265170614874466e+00,3.273590633310913e-68,1.956155356853027e-22,5.471311217133161e-111,-9.826190858113928e+02
4.150000000000000e+03,36,4.265170614874466e+00,6.316758375219964e-71,6.983830890897654e-08,1.345680803398733e-84,-7.187105794290721e+02
4.150000000000000e+03,37,4.265170614874466e+00,1.153730806690612e-73,9.724337532770581e-22,4.765241351790155e-115,-1.023219150981534e+03
4.150000000000000e+03,38,4.265170614874466e+00,1.997502957465151e-76,6.461362881003132e-08,3.642470631254486e-90,-7.743860394120122e+02
4.150000000000000e+03,39,4.265170614874466e+00,3.282789577737957e-79,1.423419935364877e-21,2.905156259726003e-120,-1.075368305032352e+03
4.150000000000000e+03,40,4.265170614874466e+00,5.127920415029837e-82,5.446621491700138e-08,6.644403985731378e-96,-8.317754396992323e+02
4.200000000000000e+03,0,4.316558212644038e+00,1.000000000000000e+00,2.868019650240458e-07,3.592730228764477e-13,-4.445753919123892e+00
4.200000000000000e+03,1,4.316558212644038e+00,6.591952318816374e-01,2.084560791854846e-21,1.251133204310433e-41,-2.890269644984509e+02
4.200000000000000e+03,2,4.316558212644038e+00,2.180863062892707e-01,2.782974814936376e-06,7.377467621361301e-12,8.679073121204922e+00
4.200000000000000e+03,3,4.316558212644038e+00,4.216815687690331e-02,3.395339737918990e-21,2.123300463181337e-42,-2.967298854550965e+02
4.200000000000000e+03,4,4.316558212644038e+00,5.266859862052486e-03,5.608980136824622e-06,7.237355904537076e-13,-1.404200699639744e+00
4.200000000000000e+03,5,4.316558212644038e+00,4.558489956131416e-04,1.692129314216250e-21,5.700966165887999e-45,-3.224405153644048e+02
4.200000000000000e+03,6,4.316558212644038e+00,2.878944074994436e-05,2.727107778578926e-06,9.351864286222224e-16,-3.029101804259868e+01
4.200000000000000e+03,7,4.316558212644038e+00,1.380147060828357e-06,9.884832547026222e-22,5.890122959348793e-48,-3.522987563899740e+02
4.200000000000000e+03,8,4.316558212644038e+00,5.180501609007621e-08,1.718360739809630e-06,6.681298252834013e-19,-6.175139140928700e+01
4.200000000000000e+03,9,4.316558212644038e+00,1.561064989827717e-09,6.343456069504513e-22,2.743678499421682e-51,-3.856166678003065e+02
4.200000000000000e+03,10,4.316558212644038e+00,3.854602269991145e-11,1.470867055562998e-06,3.642392787092725e-22,-9.438613222717693e+01
4.200000000000000e+03,11,4.316558212644038e+00,7.933798356964630e-13,1.743031092674909e-21,1.052814335469601e-53,-4.097764821019198e+02
4.200000000000000e+03,12,4.316558212644038e+00,1.381074599046222e-14,1.279326711287950e-06,9.872802199188316e-26,-1.300555956395442e+02
4.200000000000000e+03,13,4.316558212644038e+00,2.058622185097042e-16,1.018877012326258e-21,9.334273878541096e-58,-4.502991946055456e+02
4.200000000000000e+03,14,4.316558212644038e+00,2.655978067517612e-18,1.145956278496029e-06,1.523424529347973e-29,-1.681717905591429e+02
4.200000000000000e+03,15,4.316558212644038e+00,2.993888676434436e-20,1.141889205643571e-21,1.705076801912327e-61,-4.876825605426942e+02
4.200000000000000e+03,16,4.316558212644038e+00,2.973027237156193e-22,8.808897668224463e-07,1.007632996413013e-33,-2.099669761933444e+02
4.200000000000000e+03,17,4.316558212644038e+00,2.619977727952570e-24,1.589069718301996e-21,2.889640834399391e-65,-5.253915613417493e+02
4.200000000000000e+03,18,4.316558212644038e+00,2.062404744665345e-26,7.903731520193043e-07,5.627281240065295e-38,-2.524970137914915e+02
4.200000000000000e+03,19,4.316558212644038e+00,1.458747105707798e-28,9.380461563020383e-22,5.606460759450435e-70,-5.725131121320009e+02
4.200000000000000e+03,20,4.316558212644038e+00,9.320085673369792e-31,7.158011224299894e-07,2.085763280991851e-42,-2.968073498238726e+02
4.200000000000000e+03,21,4.316558212644038e+00,5.404847487080356e-33,2.598495965467081e-21,1.593998470265651e-73,-6.079751209972504e+02
4.200000000000000e+03,22,4.316558212644038e+00,2.857423031152445e-35,6.391273028758113e-07,5.098115201506700e-47,-3.429259035505479e+02
4.200000000000000e+03,23,4.316558212644038e+00,1.382721346915722e-37,2.824579925045032e-21,4.818399076528253e-78,-6.531709723307231e+02
4.200000000000000e+03,24,4.316558212644038e+00,6.146990995559793e-40,5.471371178588598e-07,8.037394708648914e-52,-3.909488470336816e+02
4.200000000000000e+03,25,4.316558212644038e+00,2.519016340168208e-42,4.110536375599129e-21,1.859038308313731e-82,-6.973071166083712e+02
4.200000000000000e+03,26,4.316558212644038e+00,9.545545866784413e-45,4.695987397703188e-07,9.194221817754432e-57,-4.403648502276706e+02
4.200000000000000e+03,27,4.316558212644038e+00,3.354541183074439e-47,1.858135636697526e-21,5.058809392094018e-88,-7.529595168380970e+02
4.200000000000000e+03,28,4.316558212644038e+00,1.096225882649098e-49,4.499740965072248e-07,9.694723830691921e-62,-4.901346455796381e+02
4.200000000000000e+03,29,4.316558212644038e+00,3.339591785371815e-52,4.584357642131750e-21,3.065566414037495e-92,-7.951348927065155e+02
4.200000000000000e+03,30,4.316558212644038e+00,9.506763861165589e-55,3.957883160131816e-07,6.504576236923397e-67,-5.418678099179426e+02
4.200000000000000e+03,31,4.316558212644038e+00,2.534382891335011e-57,6.617444900424221e-23,4.847449114756943e-101,-8.831448674115513e+02
4.200000000000000e+03,32,4.316558212644038e+00,6.340256537872047e-60,3.477773379654594e-07,3.349421095228299e-72,-5.947503024874632e+02
4.200000000000000e+03,33,4.316558212644038e+00,1.491342502432036e-62,9.749452623518550e-22,6.191533464047186e-104,-9.120820177545554e+02
4.200000000000000e+03,34,4.316558212644038e+00,3.304269902269923e-65,3.091804381968540e-07,1.379621310665807e-77,-6.486024010581444e+02
4.200000000000000e+03,35,4.316558212644038e+00,6.907925955261674e-68,9.166116724987745e-22,2.535004902633922e-109,-9.659602119641554e+02
4.200000000000000e+03,36,4.316558212644038e+00,1.364894159257024e-70,2.869691997721723e-07,4.909416881046816e-83,-7.030897008840304e+02
4.200000000000000e+03,37,4.316558212644038e+00,2.552680528789353e-73,3.937401959201852e-21,1.728527664811016e-113,-1.007623236652517e+03
4.200000000000000e+03,38,4.316558212644038e+00,4.525557817679712e-76,2.656972034919237e-07,1.395424833219943e-88,-7.585529355250892e+02
4.200000000000000e+03,39,4.316558212644038e+00,7.615975002764791e-79,5.776920432815392e-21,1.110142283951229e-118,-1.059546213552901e+03
4.200000000000000e+03,40,4.316558212644038e+00,1.218221447813690e-81,2.239954748489849e-07,2.669716182168291e-94,-8.157353490607733e+02
4.250000000000000e+03,0,4.367945810413611e+00,1.000000000000000e+00,1.561575518964805e-08,1.065090096955037e-15,-2.972613653299986e+01
4.250000000000000e+03,1,4.367945810413611e+00,6.621223345490129e-01,1.581388104668182e-22,7.232285067329197e-44,-3.114072446406918e+02
4.250000000000000e+03,2,4.367945810413611e+00,2.213663127158685e-01,2.135065155076279e-07,4.407518659786545e-14,-1.355805840384244e+01
4.250000000000000e+03,3,4.367945810413611e+00,4.340951287270411e-02,1.884030959665772e-22,6.730097338834032e-45,-3.217197865443683e+02
4.250000000000000e+03,4,4.367945810413611e+00,5.511465097073589e-03,4.256462434458348e-07,4.361391111323417e-15,-2.360374965866522e+01
4.250000000000000e+03,5,4.367945810413611e+00,4.856559560451536e-04,6.858689458848409e-23,9.978640156803111e-48,-3.500092863833538e+02
4.250000000000000e+03,6,4.367945810413611e+00,3.126182142140777e-05,2.137193762168224e-07,6.236808893421457e-18,-5.205037563276764e+01
4.250000000000000e+03,7,4.367945810413611e+00,1.528739401928503e-06,6.191747417882608e-23,2.559883998485164e-50,-3.759177971435972e+02
4.250000000000000e+03,8,4.367945810413611e+00,5.856992782024980e-08,1.334300815994112e-07,4.554519386332705e-21,-8.341557445008482e+01
4.250000000000000e+03,9,4.367945810413611e+00,1.802296241988520e-09,3.914113861175792e-23,1.206017057214489e-53,-4.091864654974003e+02
4.250000000000000e+03,10,4.367945810413611e+00,4.546227959813925e-11,1.130740006867560e-07,2.538850265309276e-24,-1.159536291191380e+02
4.250000000000000e+03,11,4.367945810413611e+00,9.562055695303248e-13,1.599054804072539e-22,1.067919038103403e-55,-4.297146167112558e+02
4.250000000000000e+03,12,4.367945810413611e+00,1.701349421758827e-14,9.931748112165688e-08,7.330021926328909e-28,-1.513489472624981e+02
4.250000000000000e+03,13,4.367945810413611e+00,2.592677184022891e-16,7.891342061612846e-23,7.051971469712186e-60,-4.715168945340216e+02
4.250000000000000e+03,14,4.367945810413611e+00,3.420316262949897e-18,8.870967602936926e-08,1.175624463503346e-31,-1.892973138529595e+02
4.250000000000000e+03,15,4.367945810413611e+00,3.942851440638058e-20,9.678366656403089e-23,1.613150617806815e-63,-5.079232508119843e+02
4.250000000000000e+03,16,4.367945810413611e+00,4.004611127752932e-22,6.857422187904777e-08,8.225124669967716e-36,-2.308485751063407e+02
4.250000000000000e+03,17,4.367945810413611e+00,3.609872950968406e-24,1.198363192242138e-22,2.264275161858321e-67,-5.464507079744167e+02
4.250000000000000e+03,18,4.367945810413611e+00,2.906973247631042e-26,6.109292094715730e-08,4.738961471481230e-40,-2.732431682217021e+02
4.250000000000000e+03,19,4.367945810413611e+00,2.103559436647794e-28,8.660150426380631e-23,6.890742516001595e-72,-5.916173397791421e+02
4.250000000000000e+03,20,4.367945810413611e+00,1.375095507692535e-30,5.542536111236911e-08,1.845059130137722e-44,-3.173398971108702e+02
4.250000000000000e+03,21,4.367945810413611e+00,8.159461551684077e-33,2.019964216439825e-22,1.454150025593037e-75,-6.283739078472455e+02
4.250000000000000e+03,22,4.367945810413611e+00,4.414093714341620e-35,4.969373817008669e-08,4.761077457994812e-49,-3.632229475292875e+02
4.250000000000000e+03,23,4.367945810413611e+00,2.185807261408701e-37,2.299446800550843e-22,5.047995509554431e-80,-6.729688104009051e+02
4.250000000000000e+03,24,4.367945810413611e+00,9.944179397845999e-40,4.239099150542219e-08,7.805063896583076e-54,-4.110762353721145e+02
4.250000000000000e+03,25,4.367945810413611e+00,4.170456373580158e-42,3.266266435824253e-22,1.943332713979652e-84,-7.171145283837330e+02
4.250000000000000e+03,26,4.367945810413611e+00,1.617390740715564e-44,3.643491800323536e-08,9.378014684110982e-59,-4.602788909157761e+02
4.250000000000000e+03,27,4.367945810413611e+00,5.817317787331918e-47,1.527806174188442e-22,5.930887326333884e-90,-7.722688032651738e+02
4.250000000000000e+03,28,4.367945810413611e+00,1.945708575241501e-49,3.480156633547850e-08,1.029285222844298e-63,-5.098746426222198e+02
4.250000000000000e+03,29,4.367945810413611e+00,6.066953609935384e-52,3.512911018092752e-22,3.270132393065667e-94,-8.148543466433852e+02
4.250000000000000e+03,30,4.367945810413611e+00,1.767746608186340e-54,3.074812680050484e-08,7.299913303238125e-69,-5.613668229770816e+02
4.250000000000000e+03,31,4.367945810413611e+00,4.823687102101145e-57,1.462262551005720e-23,4.504952405664907e-102,-8.934630979293493e+02
4.250000000000000e+03,32,4.367945810413611e+00,1.235213738459560e-59,2.699149616662628e-08,3.930577769608335e-74,-6.140554360644140e+02
4.250000000000000e+03,33,4.367945810413611e+00,2.974056002391534e-62,7.166578449241425e-23,6.671649520882309e-106,-9.317576677639081e+02
4.250000000000000e+03,34,4.367945810413611e+00,6.745143214064239e-65,2.391197857688087e-08,1.684544794291845e-79,-6.677351743606006e+02
4.250000000000000e+03,35,4.367945810413611e+00,1.443491162916885e-67,6.402639769463065e-23,2.584595763752546e-111,-9.858760737183492e+02
4.250000000000000e+03,36,4.367945810413611e+00,2.919594895927525e-70,2.226562594571314e-08,6.321975031799926e-85,-7.219914722370886e+02
4.250000000000000e+03,37,4.367945810413611e+00,5.589631251528706e-73,3.090740185626465e-22,2.332214649741297e-115,-1.026322314809679e+03
4.250000000000000e+03,38,4.367945810413611e+00,1.014442350395228e-75,2.059035015172080e-08,1.878517299129329e-90,-7.772618480119586e+02
4.250000000000000e+03,39,4.367945810413611e+00,1.747649890138494e-78,4.446701709075776e-22,1.509352893488892e-120,-1.078212092083509e+03
4.250000000000000e+03,40,4.367945810413611e+00,2.861762569369684e-81,1.740568978853724e-08,3.786835502558001e-96,-8.342172355991296e+02
4.300000000000000e+03,0,4.419333408183183e+00,1.000000000000000e+00,3.474412046813747e-07,5.272577928387922e-13,-2.779769926944501e+00
4.300000000000000e+03,1,4.419333408183183e+00,6.650002271417429e-01,1.804103482204029e-21,9.453770303448470e-42,-2.902439495387960e+02
4.300000000000000e+03,2,4.419333408183183e+00,2.246297834381095e-01,2.277326131515320e-06,5.088363872441727e-12,7.065781604514985e+00
4.300000000000000e+03,3,4.419333408183183e+00,4.466334825303582e-02,1.192026673556266e-21,2.771938481059146e-43,-3.055721641245598e+02
4.300000000000000e+03,4,4.419333408183183e+00,5.762785756751005e-03,3.718223936567373e-06,3.479877225733056e-13,-4.584360782164199e+00
4.300000000000000e+03,5,4.419333408183183e+00,5.168517343502747e-04,1.094122024148351e-21,2.702451206498498e-45,-3.256824213861046e+02
4.300000000000000e+03,6,4.419333408183183e+00,3.390017849774020e-05,1.844399560236857e-06,5.037004836595008e-16,-3.297827632127098e+01
4.300000000000000e+03,7,4.419333408183183e+00,1.690535123135583e-06,1.929300144058149e-22,2.748426673020807e-49,-3.656091584535542e+02
4.300000000000000e+03,8,4.419333408183183e+00,6.608999162318740e-08,1.130157835547861e-06,3.687009533563642e-19,-6.433325739429759e+01
4.300000000000000e+03,9,4.419333408183183e+00,2.076179189439279e-09,2.545781883332168e-22,5.877160886909940e-52,-3.923083242033872e+02
4.300000000000000e+03,10,4.419333408183183e+00,5.348495930069607e-11,9.861508335321087e-07,2.271845142368923e-22,-9.643621275120678e+01
4.300000000000000e+03,11,4.419333408183183e+00,1.149226678106115e-12,1.451997703219154e-21,1.058273499199502e-53,-4.097540207914088e+02
4.300000000000000e+03,12,4.419333408183183e+00,2.089439957725421e-14,8.556762436810900e-07,6.682042109378319e-26,-1.317509079182075e+02
4.300000000000000e+03,13,4.419333408183183e+00,3.254289060966419e-16,3.557453689921136e-22,1.798850204128700e-58,-4.574500500020583e+02
4.300000000000000e+03,14,4.419333408183183e+00,4.388539680752123e-18,7.679548875261709e-07,1.130451175978747e-29,-1.694674819002884e+02
4.300000000000000e+03,15,4.419333408183183e+00,5.172178146809442e-20,8.092853745175826e-22,1.479575807742839e-61,-4.882986277836346e+02
4.300000000000000e+03,16,4.419333408183183e+00,5.371389203949999e-22,5.902276286974922e-07,8.173085741664963e-34,-2.108761394498960e+02
4.300000000000000e+03,17,4.419333408183183e+00,4.951397058971230e-24,1.131026650112529e-21,2.766519869706124e-65,-5.255806620624768e+02
4.300000000000000e+03,18,4.419333408183183e+00,4.077806194367161e-26,5.278907273450176e-07,4.963351254434305e-38,-2.530422498886382e+02
4.300000000000000e+03,19,4.419333408183183e+00,3.018040329467747e-28,5.994634455824207e-22,4.737081023271897e-70,-5.732448918701388e+02
4.300000000000000e+03,20,4.419333408183183e+00,2.017987685188891e-30,4.814714086492123e-07,2.043242339524661e-42,-2.968968012065260e+02
4.300000000000000e+03,21,4.419333408183183e+00,1.224868911422961e-32,1.724872905547215e-21,1.591710845442259e-73,-6.079813582455978e+02
4.300000000000000e+03,22,4.419333408183183e+00,6.778539229527097e-35,4.280823452230022e-07,5.425641710880266e-47,-3.426554888881350e+02
4.300000000000000e+03,23,4.419333408183183e+00,3.433952189651400e-37,1.989519154311035e-21,5.936778648235555e-78,-6.522644914336668e+02
4.300000000000000e+03,24,4.419333408183183e+00,1.598299822434730e-39,3.673883707220790e-07,9.422571123632902e-52,-3.902583057571601e+02
4.300000000000000e+03,25,4.419333408183183e+00,6.857991764636478e-42,2.977432909287824e-21,2.655469335850435e-82,-6.957585870925062e+02
4.300000000000000e+03,26,4.419333408183183e+00,2.721246400342834e-44,3.150244246198939e-07,1.179550895185191e-56,-4.392828331546409e+02
4.300000000000000e+03,27,4.419333408183183e+00,1.001449898421718e-46,1.061522526972200e-21,4.928877444286185e-88,-7.530725198037072e+02
4.300000000000000e+03,28,4.419333408183183e+00,3.427286758027053e-49,3.020560459054647e-07,1.365796110994406e-61,-4.886461412823797e+02
4.300000000000000e+03,29,4.419333408183183e+00,1.093505787279878e-51,3.381831603989326e-21,5.462423974902058e-92,-7.926261459441700e+02
4.300000000000000e+03,30,4.419333408183183e+00,3.260308737926786e-54,2.664238784114714e-07,1.010800348999132e-66,-5.399533461680320e+02
4.300000000000000e+03,31,4.419333408183183e+00,9.103655107827558e-57,2.911863745711739e-22,3.371461910596035e-99,-8.647218174244186e+02
4.300000000000000e+03,32,4.419333408183183e+00,2.385533864346259e-59,2.330040100583283e-07,5.656824950940575e-72,-5.924742726018779e+02
4.300000000000000e+03,33,4.419333408183183e+00,5.877701992133461e-62,6.776421903723905e-22,1.178877831654313e-103,-9.092853119896554e+02
4.300000000000000e+03,34,4.419333408183183e+00,1.364181170045785e-64,2.079155756712702e-07,2.575766340504635e-77,-6.458909353635573e+02
4.300000000000000e+03,35,4.419333408183183e+00,2.987613372132929e-67,7.218495776509427e-22,6.799518675790937e-109,-9.616752182903589e+02
4.300000000000000e+03,36,4.419333408183183e+00,6.183988459346730e-70,1.926016503220109e-07,1.001956902636172e-82,-6.999915095845861e+02
4.300000000000000e+03,37,4.419333408183183e+00,1.211632732060983e-72,3.021380427464668e-21,4.831057240037510e-113,-1.003159578168117e+03
4.300000000000000e+03,38,4.419333408183183e+00,2.250414450107608e-75,1.784480142639812e-07,3.130014214879839e-88,-7.550445369011175e+02
4.300000000000000e+03,39,4.419333408183183e+00,3.967729151132449e-78,3.778239785780343e-21,2.473895867232619e-118,-1.056066185849163e+03
4.300000000000000e+03,40,4.419333408183183e+00,6.649338372244605e-81,1.504162185586577e-07,6.570949502039604e-94,-8.118237187036386e+02
4.350000000000000e+03,0,4.470721005952755e+00,1.000000000000000e+00,3.255381031983619e-08,4.628753146384626e-15,-2.334535979731695e+01
4.350000000000000e+03,1,4.470721005952755e+00,6.678301204860231e-01,1.820041725479983e-22,9.662489939514223e-44,-3.101491094525636e+02
4.350000000000000e+03,2,4.470721005952755e+00,2.278765179783511e-01,2.952365518388800e-07,8.675613311897418e-14,-1.061699813533332e+01
4.350000000000000e+03,3,4.470721005952755e+00,4.592935052729297e-02,3.890264805930463e-22,3.036050532215751e-44,-3.151769100429177e+02
4.350000000000000e+03,4,4.470721005952755e+00,6.020846097535905e-03,6.253104562569142e-07,1.028274985022011e-14,-1.987890729204772e+01
4.350000000000000e+03,5,4.470721005952755e+00,5.494716070193811e-04,1.602618408861544e-22,6.164046027776410e-47,-3.421013412700510e+02
4.350000000000000e+03,6,4.470721005952755e+00,3.671231487097171e-05,2.905387647315866e-07,1.353568702369232e-17,-4.868519696079196e+01
4.350000000000000e+03,7,4.470721005952755e+00,1.866448132515191e-06,7.685660870744843e-23,4.815470462056621e-50,-3.731736127674421e+02
4.350000000000000e+03,8,4.470721005952755e+00,7.443481028303310e-08,1.907257730108138e-07,1.182647222749897e-20,-7.927144783741915e+01
4.350000000000000e+03,9,4.470721005952755e+00,2.386498081560199e-09,3.149809931386691e-23,1.034165745285532e-53,-4.098540985147968e+02
4.350000000000000e+03,10,4.470721005952755e+00,6.276939819784384e-11,1.626789504061286e-07,7.255561893590037e-24,-1.113932894878983e+02
4.350000000000000e+03,11,4.470721005952755e+00,1.377445159834609e-12,2.518136691409534e-22,3.814988933444398e-55,-4.241850671751277e+02
4.350000000000000e+03,12,4.470721005952755e+00,2.558344285836066e-14,1.397166619026371e-07,2.181301778987310e-27,-1.466128424644216e+02
4.350000000000000e+03,13,4.470721005952755e+00,4.071320079045948e-16,9.980132056496996e-23,1.771202374634900e-59,-4.675173181421030e+02
4.350000000000000e+03,14,4.470721005952755e+00,5.610791956472205e-18,1.259984714376829e-07,3.890586554604500e-31,-1.840998491841088e+02
4.350000000000000e+03,15,4.470721005952755e+00,6.758744747140304e-20,1.342895306862529e-22,5.323665013645080e-63,-5.027378927988830e+02
4.350000000000000e+03,16,4.470721005952755e+00,7.174997244995755e-22,9.670743502839672e-08,2.930905601229542e-35,-2.253299816911712e+02
4.350000000000000e+03,17,4.470721005952755e+00,6.761638691881441e-24,1.406432065120090e-22,5.841842474549961e-67,-5.423345015796775e+02
4.350000000000000e+03,18,4.470721005952755e+00,5.693511454714760e-26,8.748434001116160e-08,1.903273502256970e-39,-2.672049879868821e+02
4.350000000000000e+03,19,4.470721005952755e+00,4.308669972088379e-28,1.153407266075862e-22,2.503623151803976e-71,-5.860143104104021e+02
4.350000000000000e+03,20,4.470721005952755e+00,2.945995801274259e-30,7.848403937771207e-08,7.926020303059127e-44,-3.110094481952451e+02
4.350000000000000e+03,21,4.470721005952755e+00,1.828630060284643e-32,2.865019789150327e-22,6.556038114952931e-75,-6.218335853022880e+02
4.350000000000000e+03,22,4.470721005952755e+00,1.034949385240792e-34,7.013659607459147e-08,2.223662350200888e-48,-3.565293115709770e+02
4.350000000000000e+03,23,4.470721005952755e+00,5.362230543785988e-37,2.994953597301129e-22,2.100806444516348e-79,-6.667761395899374e+02
4.350000000000000e+03,24,4.470721005952755e+00,2.552683376302806e-39,6.029411944062727e-08,4.053285797469968e-53,-4.039219277304385e+02
4.350000000000000e+03,25,4.470721005952755e+00,1.120315594798379e-41,4.792810386238981e-22,1.124038637298615e-83,-7.094921876022853e+02
4.350000000000000e+03,26,4.470721005952755e+00,4.547069308919183e-44,5.161070075997097e-08,5.290192173889630e-58,-4.527652855130245e+02
4.350000000000000e+03,27,4.470721005952755e+00,1.711698594675270e-46,2.374714382833290e-22,4.216095331581209e-89,-7.637508957770262e+02
4.350000000000000e+03,28,4.470721005952755e+00,5.992328950053220e-49,4.948870379360926e-08,6.410149624119715e-63,-5.019313183316899e+02
4.350000000000000e+03,29,4.470721005952755e+00,1.955802755669630e-51,4.819851608365286e-22,1.984507532894776e-93,-8.070234724823658e+02
4.350000000000000e+03,30,4.470721005952755e+00,5.965297077274574e-54,4.328570270941230e-08,4.881815752526975e-68,-5.531141861557242e+02
4.350000000000000e+03,31,4.470721005952755e+00,1.703994715892498e-56,2.078265568090129e-23,3.214627765623106e-101,-8.849286930849250e+02
4.350000000000000e+03,32,4.470721005952755e+00,4.567999525027137e-59,3.828964604625396e-08,2.925156567421735e-73,-6.053385088358265e+02
4.350000000000000e+03,33,4.470721005952755e+00,1.151447779761355e-61,9.028497344919307e-23,4.099544065693112e-105,-9.238726444102761e+02
4.350000000000000e+03,34,4.470721005952755e+00,2.734088179504362e-64,3.401161698530164e-08,1.381425408306843e-78,-6.585967256035681e+02
4.350000000000000e+03,35,4.470721005952755e+00,6.125980811172574e-67,9.530183294675677e-23,2.430180334288250e-110,-9.761436149789125e+02
4.350000000000000e+03,36,4.470721005952755e+00,1.297290232895033e-69,3.145442917378932e-08,5.606103708105658e-84,-7.125133887242636e+02
4.350000000000000e+03,37,4.470721005952755e+00,2.600535081961050e-72,4.028378075738384e-22,1.843246963749273e-114,-1.017344164728069e+03
4.350000000000000e+03,38,4.470721005952755e+00,4.941775892033929e-75,2.919753813931015e-08,1.840076496819742e-89,-7.673516412185127e+02
4.350000000000000e+03,39,4.470721005952755e+00,8.914491347386016e-78,6.338499150410314e-22,1.564335149209711e-119,-1.068056701963789e+03
4.350000000000000e+03,40,4.470721005952755e+00,1.528522499845564e-80,2.459231080124049e-08,4.037670516524402e-95,-8.239386912340465e+02
4.400000000000000e+03,0,4.522108603722327e+00,1.000000000000000e+00,3.910898474972169e-07,6.680568892904296e-13,-1.751865530141001e+00
4.400000000000000e+03,1,4.522108603722327e+00,6.706131868236855e-01,3.701898946081170e-22,4.014038841126435e-43,-3.039641842945559e+02
4.400000000000000e+03,2,4.522108603722327e+00,2.311063337104374e-01,7.773115617954584e-07,6.099053821621004e-13,-2.147375341566662e+00
4.400000000000000e+03,3,4.522108603722327e+00,4.720720986617968e-02,5.031475666506898e-22,5.219867137470840e-44,-3.128234055105858e+02
4.400000000000000e+03,4,4.522108603722327e+00,6.285667301776961e-03,1.198800874551428e-06,3.945534592101788e-14,-1.403894144629355e+01
4.400000000000000e+03,5,4.522108603722327e+00,5.835506772574652e-04,1.797024893841605e-22,8.230896242418406e-47,-3.408455287293540e+02
4.400000000000000e+03,6,4.522108603722327e+00,3.970621575711108e-05,6.403391115736942e-07,7.111134931240818e-17,-4.148061080699155e+01
4.400000000000000e+03,7,4.522108603722327e+00,2.057435992729705e-06,1.085593802389124e-22,1.059062051543017e-49,-3.697507859338332e+02
4.400000000000000e+03,8,4.522108603722327e+00,8.367897547294329e-08,4.010210652487738e-07,5.877749724010603e-20,-7.230788910232650e+01
4.400000000000000e+03,9,4.522108603722327e+00,2.737399816482491e-09,2.120891735812552e-22,5.378183258128371e-52,-3.926936440355602e+02
4.400000000000000e+03,10,4.522108603722327e+00,7.348964649469583e-11,3.285789916155654e-07,3.465501619753273e-23,-1.046023389383038e+02
4.400000000000000e+03,11,4.522108603722327e+00,1.646591808551085e-12,4.169238516122607e-22,1.250143294865389e-54,-4.190304020410989e+02
4.400000000000000e+03,12,4.522108603722327e+00,3.123290469889172e-14,2.953741599534587e-07,1.190193949055033e-26,-1.392438226201837e+02
4.400000000000000e+03,13,4.522108603722327e+00,5.077151594930335e-16,2.871222428869580e-22,1.828159861882794e-58,-4.573798583043043e+02
4.400000000000000e+03,14,4.522108603722327e+00,7.148513351507212e-18,2.639060663272501e-07,2.174577260193317e-30,-1.766262515774822e+02
4.400000000000000e+03,15,4.522108603722327e+00,8.798890489390425e-20,3.291846286245466e-22,4.164543190021772e-62,-4.938043262953527e+02
4.400000000000000e+03,16,4.522108603722327e+00,9.545709477969772e-22,2.067481772690770e-07,1.782181595137516e-34,-2.174904804567063e+02
4.400000000000000e+03,17,4.522108603722327e+00,9.194111535089090e-24,2.733878851880712e-22,3.001433059876438e-66,-5.352267133814868e+02
4.400000000000000e+03,18,4.522108603722327e+00,7.913157967075506e-26,1.818281373483818e-07,1.142700396437799e-38,-2.594206762194930e+02
4.400000000000000e+03,19,4.522108603722327e+00,6.121530552571631e-28,2.455657396930237e-22,1.612337428827616e-70,-5.779254406417947e+02
4.400000000000000e+03,20,4.522108603722327e+00,4.278850065421348e-30,1.646448727793475e-07,5.066217763707365e-43,-3.029531614665287e+02
4.400000000000000e+03,21,4.522108603722327e+00,2.715353055258838e-32,6.632817773467345e-22,5.217744393297197e-74,-6.128251719991950e+02
4.400000000000000e+03,22,4.522108603722327e+00,1.571264584695227e-34,1.497265337257428e-07,1.538534452201552e-47,-3.481289277420788e+02
4.400000000000000e+03,23,4.522108603722327e+00,8.323903983343056e-37,5.546591426048608e-22,1.118509756926498e-78,-6.595136022313566e+02
4.400000000000000e+03,24,4.522108603722327e+00,4.051811498022178e-39,1.267372723098177e-07,2.842616726123327e-52,-3.954628169287754e+02
4.400000000000000e+03,25,4.522108603722327e+00,1.818363618726561e-41,9.480303837816997e-22,7.138149004783212e-83,-7.014641439063649e+02
4.400000000000000e+03,26,4.522108603722327e+00,7.547022674774661e-44,1.089733172471376e-07,3.914500569557894e-57,-4.440732363940963e+02
4.400000000000000e+03,27,4.522108603722327e+00,2.905288539149611e-46,6.599903840825129e-22,5.527450344950776e-88,-7.525747515015327e+02
4.400000000000000e+03,28,4.522108603722327e+00,1.040131809431852e-48,1.033308859596286e-07,4.850751730202357e-62,-4.931419095274197e+02
4.400000000000000e+03,29,4.522108603722327e+00,3.471844369427021e-51,8.783785705792835e-22,1.169995188805865e-92,-7.993181592413363e+02
4.400000000000000e+03,30,4.522108603722327e+00,1.082979971379900e-53,9.203126774091599e-08,4.006374996888815e-67,-5.439724840315590e+02
4.400000000000000e+03,31,4.522108603722327e+00,3.163876557065415e-56,7.400493290499896e-23,7.568350418927595e-100,-8.712099876805929e+02
4.400000000000000e+03,32,4.522108603722327e+00,8.674595997537783e-59,8.096765966497397e-08,2.483892483014589e-72,-5.960486720682237e+02
4.400000000000000e+03,33,4.522108603722327e+00,2.236390495067994e-61,1.428228595515514e-22,1.992523485165341e-104,-9.170059655102716e+02
4.400000000000000e+03,34,4.522108603722327e+00,5.431298990585067e-64,7.089729024982728e-08,1.192403787817781e-77,-6.492357665304721e+02
4.400000000000000e+03,35,4.522108603722327e+00,1.244691343781917e-66,2.236816289845013e-22,2.720086192576826e-109,-9.656541733406601e+02
4.400000000000000e+03,36,4.522108603722327e+00,2.696028927062802e-69,6.648448354048175e-08,5.205057236274189e-83,-7.028357449050284e+02
4.400000000000000e+03,37,4.522108603722327e+00,5.527866243101413e-72,1.184331422871691e-21,3.386603815090644e-113,-1.004702356067164e+03
4.400000000000000e+03,38,4.522108603722327e+00,1.074461567620001e-74,6.147368875587715e-08,1.773494298602217e-88,-7.575117020335193e+02
4.400000000000000e+03,39,4.522108603722327e+00,1.982543251083067e-77,1.051512258214308e-21,9.574403216974671e-119,-1.060188882865658e+03
4.400000000000000e+03,40,4.522108603722327e+00,3.477131236037422e-80,5.227142282376522e-08,4.149636822398668e-94,-8.138198991122288e+02
4.450000000000000e+03,0,4.573496201491898e+00,1.000000000000000e+00,2.918716995751224e-08,3.720868630132934e-15,-2.429355663011390e+01
4.450000000000000e+03,1,4.573496201491898e+00,6.733505612946695e-01,7.501057702776887e-23,1.654804152744937e-44,-3.178125339790950e+02
4.450000000000000e+03,2,4.573496201491898e+00,2.343190649522491e-01,1.388472727269976e-07,1.973070920291261e-14,-1.704857304135747e+01
4.450000000000000e+03,3,4.573496201491898e+00,4.849661927230528e-02,8.821213219491985e-23,1.648270428065777e-45,-3.278297153306264e+02
4.450000000000000e+03,4,4.573496201491898e+00,6.557267541273829e-03,2.238346251609867e-07,1.434953421113456e-15,-2.843162195990416e+01
4.450000000000000e+03,5,4.573496201491898e+00,6.191238497557341e-04,1.166069808494695e-22,3.676943858100663e-47,-3.443451300116275e+02
4.450000000000000e+03,6,4.573496201491898e+00,4.289004573844763e-05,1.090030417281108e-07,2.225840839260552e-18,-5.652505893506323e+01
4.450000000000000e+03,7,4.573496201491898e+00,2.264500859601997e-06,1.830691979902355e-23,3.314846410536410e-51,-3.847953658931103e+02
4.450000000000000e+03,8,4.573496201491898e+00,9.390231186912030e-08,6.389146857225045e-08,1.674258024054414e-21,-8.776177610985658e+01
4.450000000000000e+03,9,4.573496201491898e+00,3.133420971392387e-09,2.511688675079937e-23,8.633973741528392e-54,-4.106378927649590e+02
4.450000000000000e+03,10,4.573496201491898e+00,8.584033667110322e-11,5.887823277286489e-08,1.299754433877213e-24,-1.188613869237477e+02
4.450000000000000e+03,11,4.573496201491898e+00,1.963217568205140e-12,9.299162091777199e-23,7.415090065614529e-56,-4.312988356954971e+02
4.450000000000000e+03,12,4.573496201491898e+00,3.802073874753866e-14,5.045685630103164e-08,4.227866746727927e-28,-1.537387870917746e+02
4.450000000000000e+03,13,4.573496201491898e+00,6.311664745395381e-16,3.509430122413729e-23,3.395294768869467e-60,-4.746912251565851e+02
4.450000000000000e+03,14,4.573496201491898e+00,9.076753041657069e-18,4.489787015728583e-08,7.991758684311722e-32,-1.909735763835240e+02
4.450000000000000e+03,15,4.573496201491898e+00,1.141293922108877e-19,3.767816770087009e-23,7.076808064952108e-64,-5.115016258303859e+02
4.450000000000000e+03,16,4.573496201491898e+00,1.264990032292807e-21,3.464729546399688e-08,6.632635722670100e-36,-2.317831385434923e+02
4.450000000000000e+03,17,4.573496201491898e+00,1.244929805080977e-23,6.744692951359816e-23,2.473600695657922e-67,-5.460667040562386e+02
4.450000000000000e+03,18,4.573496201491898e+00,1.094918525118393e-25,3.102254329580817e-08,4.602533575479719e-40,-2.733700303463440e+02
4.450000000000000e+03,19,4.573496201491898e+00,8.656141483838485e-28,3.684669516057190e-23,5.133124430662945e-72,-5.928961820799809e+02
4.450000000000000e+03,20,4.573496201491898e+00,6.183792363808879e-30,2.856742763526674e-08,2.204233169691315e-44,-3.165674246655615e+02
4.450000000000000e+03,21,4.573496201491898e+00,4.010930447347100e-32,1.020246475522452e-22,1.823541705349747e-75,-6.273908429969533e+02
4.450000000000000e+03,22,4.573496201491898e+00,2.372376030528442e-34,2.503780965366943e-08,6.495858518505671e-49,-3.618736344271107e+02
4.450000000000000e+03,23,4.573496201491898e+00,1.284690096174286e-36,1.016675304303689e-22,5.799937155331025e-80,-6.723657671216824e+02
4.450000000000000e+03,24,4.573496201491898e+00,6.392593671954501e-39,2.156711727189189e-08,1.298738344876160e-53,-4.088647833685820e+02
4.450000000000000e+03,25,4.573496201491898e+00,2.932801207828879e-41,1.702759691815812e-22,3.714066805489676e-84,-7.143015028880449e+02
4.450000000000000e+03,26,4.573496201491898e+00,1.244420989918378e-43,1.856564250765794e-08,1.873473946640528e-58,-4.572735234201983e+02
4.450000000000000e+03,27,4.573496201491898e+00,4.897618819123575e-46,6.655495671230623e-23,9.475587679503883e-90,-7.702339384541784e+02
4.450000000000000e+03,28,4.573496201491898e+00,1.792672962526777e-48,1.776234002173859e-08,2.470368780308331e-63,-5.060723820977761e+02
4.450000000000000e+03,29,4.573496201491898e+00,6.117890573220518e-51,1.704062644301319e-22,7.759490039754086e-94,-8.111016682000447e+02
4.450000000000000e+03,30,4.573496201491898e+00,1.951198296825348e-53,1.565540844414365e-08,2.088769784728873e-68,-5.568010942346222e+02
4.450000000000000e+03,31,4.573496201491898e+00,5.828407325822677e-56,1.950051978520258e-23,9.680607979918201e-101,-8.801409736644864e+02
4.450000000000000e+03,32,4.573496201491898e+00,1.633947314152767e-58,1.358866194552473e-08,1.317806971726123e-73,-6.088014819919084e+02
4.450000000000000e+03,33,4.573496201491898e+00,4.307280727403171e-61,2.783757728296935e-23,1.457895556487026e-105,-9.283627358772317e+02
4.450000000000000e+03,34,4.573496201491898e+00,1.069630245181131e-63,1.226272224747074e-08,7.025347657553802e-79,-6.615333217932020e+02
4.450000000000000e+03,35,4.573496201491898e+00,2.506531394895638e-66,4.303438936040434e-23,2.027518386760570e-110,-9.769303519865445e+02
4.450000000000000e+03,36,4.573496201491898e+00,5.551675976581502e-69,1.132249522831334e-08,3.108628083991444e-84,-7.150743123380500e+02
4.450000000000000e+03,37,4.573496201491898e+00,1.163995405129887e-71,1.789484385694336e-22,1.628048938291824e-114,-1.017883325445877e+03
4.450000000000000e+03,38,4.573496201491898e+00,2.313579709172482e-74,1.045335846542721e-08,1.104222307546268e-89,-7.695694348347156e+02
4.450000000000000e+03,39,4.573496201491898e+00,4.365373081293851e-77,1.966569989421047e-22,7.373956032521429e-120,-1.071322994562187e+03
4.450000000000000e+03,40,4.573496201491898e+00,7.829423965822816e-80,8.833335531126487e-09,2.668330549052716e-95,-8.257376037163050e+02
4.500000000000000e+03,0,4.624883799261470e+00,1.000000000000000e+00,8.845656971964813e-08,3.417594644207206e-14,-1.466279449580101e+01
4.500000000000000e+03,1,4.624883799261470e+00,6.760433433543217e-01,2.986110554499264e-22,2.632974595996452e-43,-3.057955333112249e+02
4.500000000000000e+03,2,4.624883799261470e+00,2.375145621008212e-01,4.278009632260424e-07,1.898602815763027e-13,-7.215658793724976e+00
4.500000000000000e+03,3,4.624883799261470e+00,4.979727473584015e-02,5.143134733655593e-22,5.753362546439082e-44,-3.124007825817389e+02
4.500000000000000e+03,4,4.624883799261470e+00,6.835662042178988e-03,9.345166139934357e-07,2.607444056710154e-14,-1.583785000685790e+01
4.500000000000000e+03,5,4.624883799261470e+00,6.562258063041975e-04,2.222038699183939e-22,1.415197018201073e-46,-3.384918309514934e+02
4.500000000000000e+03,6,4.624883799261470e+00,4.627214561257292e-05,4.102413186370984e-07,3.401408555896948e-17,-4.468341200200456e+01
4.500000000000000e+03,7,4.624883799261470e+00,2.488690391718103e-06,9.271805460267799e-23,9.344581486526946e-50,-3.702944014448975e+02
4.500000000000000e+03,8,4.624883799261470e+00,1.051901261469294e-07,2.836180590283596e-07,3.695754377426618e-20,-7.432296900025779e+01
4.500000000000000e+03,9,4.624883799261470e+00,3.579516199877507e-09,1.099901410437311e-22,1.891438449048423e-52,-3.972320778689758e+02
4.500000000000000e+03,10,4.624883799261470e+00,1.000386973356222e-10,2.414935432595249e-07,2.548234775012717e-23,-1.059376056189580e+02
4.500000000000000e+03,11,4.624883799261470e+00,2.334794407599624e-12,3.408666680144086e-22,1.184890119752489e-54,-4.192632192188827e+02
4.500000000000000e+03,12,4.624883799261470e+00,4.615438510122483e-14,2.042385611849531e-07,8.409086442960160e-27,-1.407525118307628e+02
4.500000000000000e+03,13,4.624883799261470e+00,7.822375175237619e-16,1.856813207893296e-22,1.177973275986676e-58,-4.592886456203038e+02
4.500000000000000e+03,14,4.624883799261470e+00,1.148690692688386e-17,1.858402689132793e-07,1.732778758972959e-30,-1.776125688442453e+02
4.500000000000000e+03,15,4.624883799261470e+00,1.475067680765021e-19,2.357827516378534e-22,3.581759108011927e-62,-4.944590362607468e+02
4.500000000000000e+03,16,4.624883799261470e+00,1.669929294313078e-21,1.424757103923201e-07,1.480608057032788e-34,-2.182955989164478e+02
4.500000000000000e+03,17,4.624883799261470e+00,1.678801943687555e-23,2.331431704803191e-22,3.985705651598823e-66,-5.339949477753884e+02
4.500000000000000e+03,18,4.624883799261470e+00,1.508415038449336e-25,1.301988343642961e-07,1.116851440602765e-38,-2.595200459126870e+02
4.500000000000000e+03,19,4.624883799261470e+00,1.218382040209446e-27,1.884973836671922e-22,1.890838796834381e-70,-5.772334549528480e+02
4.500000000000000e+03,20,4.624883799261470e+00,8.893350894306794e-30,1.154916430672768e-07,5.181158890378292e-43,-3.028557308901834e+02
4.500000000000000e+03,21,4.624883799261470e+00,5.894333099569605e-32,4.237264479032201e-22,4.622385718410529e-74,-6.133513381731908e+02
4.500000000000000e+03,22,4.624883799261470e+00,3.562678207250118e-34,1.032321746872657e-07,1.658315319318270e-47,-3.478033288728404e+02
4.500000000000000e+03,23,4.624883799261470e+00,1.971590962227304e-36,4.204161229748689e-22,1.522074490550432e-78,-6.581756409260923e+02
4.500000000000000e+03,24,4.624883799261470e+00,1.002629483041838e-38,8.920399653481881e-08,3.484732601726663e-52,-3.945783054154015e+02
4.500000000000000e+03,25,4.624883799261470e+00,4.701197521184566e-41,7.012545304006982e-22,1.009764786361247e-82,-6.999577977857582e+02
4.500000000000000e+03,26,4.624883799261470e+00,2.038785572153988e-43,7.608100138900058e-08,5.154474019113627e-57,-4.428781564507514e+02
4.500000000000000e+03,27,4.624883799261470e+00,8.201284959090653e-46,3.718128547236471e-22,4.952118930061408e-88,-7.530520893384876e+02
4.500000000000000e+03,28,4.624883799261470e+00,3.068341626904199e-48,7.298719841776789e-08,7.139330094056898e-62,-4.914634253753808e+02
4.500000000000000e+03,29,4.624883799261470e+00,1.070340437334454e-50,6.702633835808582e-22,2.100261084370993e-92,-7.967772671457384e+02
4.500000000000000e+03,30,4.624883799261470e+00,3.489394366278888e-53,6.338350340517039e-08,6.122980821926845e-67,-5.421303710083610e+02
4.500000000000000e+03,31,4.624883799261470e+00,1.065459343651975e-55,4.685268113539759e-23,1.021565322006145e-99,-8.699073385802831e+02
4.500000000000000e+03,32,4.624883799261470e+00,3.053321128484377e-58,5.651316793375799e-08,4.259240387940354e-72,-5.937066784801973e+02
4.500000000000000e+03,33,4.624883799261470e+00,8.227984032197643e-61,1.274314622271213e-22,5.835890521393079e-104,-9.123389286386578e+02
4.500000000000000e+03,34,4.624883799261470e+00,2.088754962581889e-63,5.017808486310797e-08,2.297079473377164e-77,-6.463882397900954e+02
4.500000000000000e+03,35,4.624883799261470e+00,5.003773818145985e-66,1.321652398805737e-22,3.817618533737102e-109,-9.641820746959603e+02
4.500000000000000e+03,36,4.624883799261470e+00,1.132989669779188e-68,4.619789964508045e-08,1.056162577535050e-82,-6.997626922470773e+02
4.500000000000000e+03,37,4.624883799261470e+00,2.428491357225979e-71,5.845662622965957e-22,3.624636160675904e-113,-1.004407355811871e+03
4.500000000000000e+03,38,4.624883799261470e+00,4.934679218117251e-74,4.302875545589087e-08,3.990587695598918e-88,-7.539896314086448e+02
4.500000000000000e+03,39,4.624883799261470e+00,9.518977559583848e-77,9.364898372201740e-22,3.646336992946632e-118,-1.054381431965110e+03
4.500000000000000e+03,40,4.624883799261470e+00,1.745412900821852e-79,3.621572859060382e-08,9.998917801024644e-94,-8.100004700184764e+02
