frequency_hz,order,value_real,value_imag,value_abs,phase_rad,quantity
5.000000000000000e+01,0,1.838245501833034e-05,-4.328303871936357e-07,1.838754999027920e-05,-2.354149243603837e-02,vn
5.000000000000000e+01,1,1.058791184067875e-21,1.091878408569997e-21,1.520933013173559e-21,8.007815651780434e-01,vn
5.000000000000000e+01,2,2.088302564470559e-05,-5.922546257932113e-07,2.089142229766095e-05,-2.835297550251419e-02,vn
5.000000000000000e+01,3,-1.482307657695026e-21,-2.316105715148477e-22,1.500293120992944e-21,-2.986595911665852e+00,vn
5.000000000000000e+01,4,3.909815143439435e-06,1.318869545969771e-07,3.912038934451087e-06,3.371948817130332e-02,vn
5.000000000000000e+01,5,-4.552802091491864e-21,5.062345348824529e-22,4.580860212733014e-21,3.030855668517207e+00,vn
5.000000000000000e+01,6,1.150815426287893e-06,3.401496371541214e-08,1.151318011297811e-06,2.954866836522566e-02,vn
5.000000000000000e+01,7,-3.599890025830776e-21,-4.089580948462169e-21,5.448291524147790e-21,-2.292597067220225e+00,vn
5.000000000000000e+01,8,1.345359993831808e-06,4.047771110652209e-09,1.345366083062185e-06,3.008680885050455e-03,vn
5.000000000000000e+01,9,-2.064642808932357e-21,6.220398206398768e-22,2.156312469689350e-21,2.848960080700190e+00,vn
5.000000000000000e+01,10,3.910479793972723e-07,3.165730806099639e-08,3.923272962009632e-07,8.077888825276493e-02,vn
5.000000000000000e+01,11,2.117582368135751e-22,-6.802733357636100e-21,6.806028407665760e-21,-1.539677970526324e+00,vn
5.000000000000000e+01,12,6.042469659143103e-07,1.531378769738873e-08,6.044409879469545e-07,2.533816660141183e-02,vn
5.000000000000000e+01,13,-2.646977960169689e-21,-1.627891445504358e-21,3.107494630722691e-21,-2.590216688911148e+00,vn
5.000000000000000e+01,14,3.252455326320770e-07,2.038305167344932e-08,3.258836069713326e-07,6.258788378151171e-02,vn
5.000000000000000e+01,15,-1.958763690525570e-21,-2.686682629572234e-21,3.324908832940615e-21,-2.200763230176345e+00,vn
5.000000000000000e+01,16,3.130256301445483e-07,9.564111471337133e-09,3.131717058669696e-07,3.054426245024327e-02,vn
5.000000000000000e+01,17,6.882142696441190e-22,-5.889525961377557e-21,5.929599896340564e-21,-1.454469952651268e+00,vn
5.000000000000000e+01,18,3.001730886504077e-07,1.167555680540416e-08,3.004000695350148e-07,3.887648354370794e-02,vn
5.000000000000000e+01,19,5.293955920339377e-22,5.293955920339377e-23,5.320359854310731e-22,9.966865249116202e-02,vn
5.000000000000000e+01,20,1.991885590631359e-07,1.304088429236657e-08,1.996149962422044e-07,6.537674466889745e-02,vn
5.000000000000000e+01,21,-1.323488980084844e-21,2.832266417381567e-21,3.126236737586173e-21,2.007934995515234e+00,vn
5.000000000000000e+01,22,2.655422134280968e-07,7.739221106894415e-09,2.656549691905542e-07,2.913672675783217e-02,vn
5.000000000000000e+01,23,-5.611593275559740e-21,1.376428539288238e-21,5.777935151425156e-21,2.901058405643889e+00,vn
5.000000000000000e+01,24,1.589874479129731e-07,9.330268922924728e-09,1.592609886697129e-07,5.861833740925246e-02,vn
5.000000000000000e+01,25,1.376428539288238e-21,2.514629062161204e-21,2.866690573471942e-21,1.069975766830414e+00,vn
5.000000000000000e+01,26,1.817868521120646e-07,6.623521335106301e-09,1.819074782291544e-07,3.641953506647561e-02,vn
5.000000000000000e+01,27,-2.646977960169689e-22,-1.159376346554324e-20,1.159678473621811e-20,-1.593623411316282e+00,vn
5.000000000000000e+01,28,1.490091560139036e-07,8.322064054656635e-09,1.492413660018752e-07,5.579138790405490e-02,vn
5.000000000000000e+01,29,-1.408192274810274e-20,-1.588186776101813e-21,1.417119915601069e-20,-3.029285268897218e+00,vn
5.000000000000000e+01,30,1.187481869294396e-07,6.597176196806589e-09,1.189313021571732e-07,5.549896447306762e-02,vn
5.000000000000000e+01,31,-3.441071348220595e-21,6.458626222814040e-21,7.318116199512404e-21,2.060328121159416e+00,vn
5.000000000000000e+01,32,1.281429469835510e-07,4.945875930409438e-09,1.282383583423781e-07,3.857740353760022e-02,vn
5.000000000000000e+01,33,-4.129285617864714e-21,-7.411538288475128e-22,4.195272185677552e-21,-2.963996486306305e+00,vn
5.000000000000000e+01,34,7.604802414001373e-08,6.090187198874826e-09,7.629149595936266e-08,7.991289219730859e-02,vn
5.000000000000000e+01,35,4.473392752686774e-21,-2.541098841762901e-21,5.144747422702042e-21,-5.165934714181786e-01,vn
5.000000000000000e+01,36,9.999946301306573e-08,4.423718620081398e-09,1.000972621470296e-07,4.420860078170739e-02,vn
5.000000000000000e+01,37,-1.159376346554324e-20,-1.670243092867073e-20,2.033190965507131e-20,-2.177576065934897e+00,vn
5.000000000000000e+01,38,7.158740181284479e-08,4.731582398363656e-09,7.174359881066880e-08,6.599918693085612e-02,vn
5.000000000000000e+01,39,-1.034968382426348e-20,-2.085818632613715e-20,2.328475664631425e-20,-2.031393614803800e+00,vn
5.000000000000000e+01,40,6.764970466763975e-08,3.224205611794936e-09,6.772649439802719e-08,4.762426803373843e-02,vn
1.000000000000000e+02,0,3.402699937533312e-03,5.681642187446228e-03,6.622644850137894e-03,1.031190650194254e+00,vn
1.000000000000000e+02,1,-1.626303258728257e-19,6.911788849595091e-19,7.100541344907244e-19,1.801886993990794e+00,vn
1.000000000000000e+02,2,3.712222744693160e-03,6.672482407117378e-03,7.635615180161199e-03,1.063092421449217e+00,vn
1.000000000000000e+02,3,1.646632049462360e-18,-1.097754699641573e-18,1.979005428719631e-18,-5.880026035475675e-01,vn
1.000000000000000e+02,4,1.110544852008778e-03,7.415215498313612e-04,1.335351667983945e-03,5.887243434275042e-01,vn
1.000000000000000e+02,5,-1.856696220381426e-18,-1.097754699641573e-18,2.156939089395859e-18,-2.607638580470363e+00,vn
1.000000000000000e+02,6,4.358854377769358e-04,7.851100849069698e-05,4.428996424927630e-04,1.782076664359451e-01,vn
1.000000000000000e+02,7,3.320369153236857e-19,-1.544988095791844e-18,1.580264765561827e-18,-1.359104011912727e+00,vn
1.000000000000000e+02,8,5.195829511531644e-04,2.736829404986553e-04,5.872553065311731e-04,4.848067726310168e-01,vn
1.000000000000000e+02,9,-7.013432803265607e-19,-9.486769009248164e-19,1.179775512208799e-18,-2.207404954270431e+00,vn
1.000000000000000e+02,10,1.798652968150908e-04,-1.031512991284585e-05,1.801608362089264e-04,-5.728644590359892e-02,vn
1.000000000000000e+02,11,2.242943244329387e-18,-4.607859233063394e-19,2.289785593543665e-18,-2.026189598197759e-01,vn
1.000000000000000e+02,12,2.229000515513952e-04,6.080833116990419e-05,2.310456364471819e-04,2.663247388052677e-01,vn
1.000000000000000e+02,13,1.253608761936365e-19,-1.409462824231156e-18,1.415026784965466e-18,-1.482087445139508e+00,vn
1.000000000000000e+02,14,1.667469235859216e-04,-1.462334891452746e-05,1.673869136427492e-04,-8.747406951756515e-02,vn
1.000000000000000e+02,15,5.861467994999758e-19,-1.423015351387225e-18,1.539006420015125e-18,-1.180069536959595e+00,vn
1.000000000000000e+02,16,1.418800635959000e-04,1.213367752872099e-05,1.423979584697323e-04,8.531308292207396e-02,vn
1.000000000000000e+02,17,1.599198204416119e-18,-3.388131789017201e-19,1.634695466197062e-18,-2.087771821820653e-01,vn
1.000000000000000e+02,18,1.300267570535630e-04,1.736512587682929e-05,1.311811920459042e-04,1.327648048259525e-01,vn
1.000000000000000e+02,19,1.118083490375676e-19,5.827586677109586e-19,5.933875392243740e-19,1.381239352198583e+00,vn
1.000000000000000e+02,20,8.917930136389674e-05,-1.194160987226327e-05,8.997527348162967e-05,-1.331137830328131e-01,vn
1.000000000000000e+02,21,-1.768604793866979e-18,-1.897353801849633e-19,1.778753055199960e-18,-3.034721699556202e+00,vn
1.000000000000000e+02,22,1.136494539253048e-04,1.955830103486196e-05,1.153201002292760e-04,1.704238808559277e-01,vn
1.000000000000000e+02,23,-9.825582188149884e-19,-1.151964808265848e-18,1.514081758969394e-18,-2.276995419222894e+00,vn
1.000000000000000e+02,24,8.236333590228287e-05,-2.806976982468735e-06,8.241115349715952e-05,-3.406723348390873e-02,vn
1.000000000000000e+02,25,3.659182332138577e-19,6.505213034913027e-19,7.463739811209757e-19,1.058406866484159e+00,vn
1.000000000000000e+02,26,7.844542720014246e-05,1.244250428861857e-05,7.942607230365319e-05,1.573030854375052e-01,vn
1.000000000000000e+02,27,4.038653092508504e-18,-2.425902360936316e-18,4.711233497336435e-18,-5.409128401417592e-01,vn
1.000000000000000e+02,28,6.988305236686946e-05,2.985513550344868e-06,6.994679620447182e-05,4.269560525191390e-02,vn
1.000000000000000e+02,29,-1.192622389734055e-18,-3.645629804982509e-18,3.835748276343453e-18,-1.886960347130883e+00,vn
1.000000000000000e+02,30,5.958431605820891e-05,-1.233205408800043e-06,5.959707640232721e-05,-2.069385789967479e-02,vn
1.000000000000000e+02,31,-2.703729167635727e-18,6.776263578034403e-20,2.704578190167938e-18,3.116535242563315e+00,vn
1.000000000000000e+02,32,6.282943233223402e-05,8.455825238462133e-06,6.339588746641368e-05,1.337799780859034e-01,vn
1.000000000000000e+02,33,-6.030874584450618e-19,-1.301042606982605e-18,1.434024528283187e-18,-2.004854265884114e+00,vn
1.000000000000000e+02,34,4.190045147940837e-05,-5.523539111861172e-06,4.226295444592716e-05,-1.310695373303626e-01,vn
1.000000000000000e+02,35,1.897353801849633e-18,9.351243737687476e-19,2.115279897273561e-18,4.579170127062613e-01,vn
1.000000000000000e+02,36,4.555177957090032e-05,3.385074996533759e-06,4.567738340588315e-05,7.417634121234576e-02,vn
1.000000000000000e+02,37,3.659182332138577e-18,-6.288372600415926e-18,7.275523713211089e-18,-1.043794551596166e+00,vn
1.000000000000000e+02,38,3.888851319210179e-05,-3.602619062711206e-06,3.905502941239816e-05,-9.237601261712605e-02,vn
1.000000000000000e+02,39,3.361026734705064e-18,-6.789816105190472e-18,7.576153605471980e-18,-1.111148696460962e+00,vn
1.000000000000000e+02,40,3.399725537165605e-05,-4.122019778881724e-07,3.399975416493730e-05,-1.212397226084143e-02,vn
1.500000000000000e+02,0,-2.584525444773235e-05,3.132080833738649e-05,4.060751423536446e-05,2.260702512025098e+00,vn
1.500000000000000e+02,1,1.694065894508601e-21,7.411538288475128e-21,7.602681043978502e-21,1.346085158380254e+00,vn
1.500000000000000e+02,2,-2.850616764136126e-05,3.157284572489352e-05,4.253758550699979e-05,2.305194670793842e+00,vn
1.500000000000000e+02,3,6.988021814847978e-21,-8.311510794932822e-21,1.085880567001160e-20,-8.716885403294690e-01,vn
1.500000000000000e+02,4,-5.737166285083472e-06,1.193732564928863e-05,1.324442602153308e-05,2.018809793966237e+00,vn
1.500000000000000e+02,5,1.217609861678057e-21,-3.864587821847745e-21,4.051865349197768e-21,-1.265573193000975e+00,vn
1.500000000000000e+02,6,-1.784486156483498e-06,6.142684630174863e-06,6.396637031164715e-06,1.853520344406997e+00,vn
1.500000000000000e+02,7,4.393983413881683e-21,-1.482307657695026e-21,4.637275734041339e-21,-3.253606470166421e-01,vn
1.500000000000000e+02,8,-1.725532077832160e-06,3.753516521315424e-06,4.131143573808058e-06,2.001696347570803e+00,vn
1.500000000000000e+02,9,4.129285617864714e-21,1.323488980084844e-21,4.336199118388176e-21,3.101680607879859e-01,vn
1.500000000000000e+02,10,-5.841549981274556e-07,2.143904394454422e-06,2.222062806132687e-06,1.836811229475403e+00,vn
1.500000000000000e+02,11,7.358598729271734e-21,1.021733492625500e-20,1.259138230114986e-20,9.466367923122314e-01,vn
1.500000000000000e+02,12,-7.965810588970579e-07,2.448424987934080e-06,2.574747813851593e-06,1.885339581652347e+00,vn
1.500000000000000e+02,13,6.988021814847978e-21,-2.223461486542538e-21,7.333227793197834e-21,-3.080527810237764e-01,vn
1.500000000000000e+02,14,-4.184546169567590e-07,1.712618301935806e-06,1.762999068229451e-06,1.810437274847525e+00,vn
1.500000000000000e+02,15,8.682087709356578e-21,3.388131789017201e-21,9.319768452741166e-21,3.720677588581204e-01,vn
1.500000000000000e+02,16,-4.041496082610109e-07,1.436444970805277e-06,1.492216827411251e-06,1.845060196893909e+00,vn
1.500000000000000e+02,17,1.111730743271269e-20,8.470329472543003e-21,1.397644468120843e-20,6.510767214444798e-01,vn
1.500000000000000e+02,18,-3.677942434454984e-07,1.213409089586049e-06,1.267925165063652e-06,1.865102234684545e+00,vn
1.500000000000000e+02,19,-2.435219723356113e-21,1.535247216898419e-21,2.878763470314463e-21,2.579094722520721e+00,vn
1.500000000000000e+02,20,-2.658599177026238e-07,1.095368649354714e-06,1.127170782902935e-06,1.808904712759239e+00,vn
1.500000000000000e+02,21,-1.270549420881451e-21,-7.729175643695491e-21,7.832908269729564e-21,-1.733722785645269e+00,vn
1.500000000000000e+02,22,-3.369673494048907e-07,1.097360906990793e-06,1.147932034031900e-06,1.868727285153256e+00,vn
1.500000000000000e+02,23,2.117582368135751e-21,-9.211483301390516e-21,9.451750086499100e-21,-1.344837109106256e+00,vn
1.500000000000000e+02,24,-2.069541798101713e-07,8.042512541119429e-07,8.304517519287521e-07,1.822657400516394e+00,vn
1.500000000000000e+02,25,-7.199780051661553e-21,4.658681209898652e-21,8.575554991239133e-21,2.567287823415092e+00,vn
1.500000000000000e+02,26,-2.382613707131995e-07,7.844126000715625e-07,8.197997364754161e-07,1.865685309621665e+00,vn
1.500000000000000e+02,27,1.969351602366248e-20,1.601421665902662e-20,2.538286249768723e-20,6.827212288371793e-01,vn
1.500000000000000e+02,28,-1.947598902053378e-07,7.055504747739417e-07,7.319377618940902e-07,1.840128813933368e+00,vn
1.500000000000000e+02,29,1.630538423464528e-20,-2.363751318431532e-20,2.871580722490836e-20,-9.669423279348286e-01,vn
1.500000000000000e+02,30,-1.634620985991183e-07,6.379540712742680e-07,6.585630225983248e-07,1.821628585516151e+00,vn
1.500000000000000e+02,31,-6.352747104407253e-21,-1.569657930380625e-20,1.693339887952899e-20,-1.955366542203614e+00,vn
1.500000000000000e+02,32,-1.641197830451502e-07,5.589657838647947e-07,5.825616282577935e-07,1.856383504324697e+00,vn
1.500000000000000e+02,33,6.882142696441190e-21,-7.490947627280219e-21,1.017242274233793e-20,-8.277301334247399e-01,vn
1.500000000000000e+02,34,-1.023369662106641e-07,4.449928791693709e-07,4.566087134129713e-07,1.796840391930026e+00,vn
1.500000000000000e+02,35,-1.376428539288238e-21,1.164670302474663e-20,1.172775540631750e-20,1.688432497473192e+00,vn
1.500000000000000e+02,36,-1.304204131012947e-07,4.721224531484485e-07,4.898051601610801e-07,1.840317561338081e+00,vn
1.500000000000000e+02,37,3.801060350803673e-20,9.211483301390516e-21,3.911083486269464e-20,2.377562017141771e-01,vn
1.500000000000000e+02,38,-9.201355707567464e-08,3.916044500129514e-07,4.022692381423971e-07,1.801575644953456e+00,vn
1.500000000000000e+02,39,5.251604272976662e-20,9.582060215814273e-21,5.338305556985441e-20,1.804743973532790e-01,vn
1.500000000000000e+02,40,-8.785431303764925e-08,3.456558520690466e-07,3.566459706612369e-07,1.819693016367901e+00,vn
2.000000000000000e+02,0,3.568612667936631e-03,-2.617864855306798e-04,3.578201858163441e-03,-7.322688879773717e-02,vn
2.000000000000000e+02,1,6.776263578034403e-21,2.685094442796132e-19,2.685949355729287e-19,1.545565089296398e+00,vn
2.000000000000000e+02,2,3.868107378421150e-03,-2.257482282135490e-04,3.874689271869126e-03,-5.829529148110846e-02,vn
2.000000000000000e+02,3,-4.404571325722362e-19,1.278172717406739e-18,1.351934902706741e-18,1.902651550146263e+00,vn
2.000000000000000e+02,4,1.130426312097552e-03,-1.957363610822733e-04,1.147247301209379e-03,-1.714526924313619e-01,vn
2.000000000000000e+02,5,-4.878909776184770e-19,-5.158430648778689e-19,7.100223050187272e-19,-2.328353584468269e+00,vn
2.000000000000000e+02,6,3.349250470661718e-04,-6.013690541769447e-05,3.402811110618604e-04,-1.776602464625882e-01,vn
2.000000000000000e+02,7,-8.131516293641283e-19,-5.217722955086490e-19,9.661583207207304e-19,-2.571097988558713e+00,vn
2.000000000000000e+02,8,3.253518409050271e-04,-4.429742748543178e-05,3.283535936488547e-04,-1.353203083927301e-01,vn
2.000000000000000e+02,9,-6.098637220230962e-19,-6.437450399132683e-20,6.132518538121134e-19,-3.036426530367910e+00,vn
2.000000000000000e+02,10,1.553547457942717e-04,-3.686367768280874e-05,1.596684933639220e-04,-2.329782622321228e-01,vn
2.000000000000000e+02,11,5.421010862427522e-20,-1.162129203632900e-18,1.163392892282523e-18,-1.524182886602287e+00,vn
2.000000000000000e+02,12,1.719070621142206e-04,-3.010459456404095e-05,1.745231349094091e-04,-1.733633955385676e-01,vn
2.000000000000000e+02,13,-5.285485590866834e-19,-2.490276864927643e-19,5.842759347710187e-19,-2.701287107844170e+00,vn
2.000000000000000e+02,14,1.128528825121664e-04,-2.401537824107319e-05,1.153798573554615e-04,-2.096748285291061e-01,vn
2.000000000000000e+02,15,-4.133520782600986e-19,-6.996492144320521e-19,8.126308902923456e-19,-2.104422939057605e+00,vn
2.000000000000000e+02,16,9.474113200610331e-05,-1.812143105644261e-05,9.645863547309434e-05,-1.889904120896087e-01,vn
2.000000000000000e+02,17,6.098637220230962e-20,-1.119777556270185e-18,1.121437074971586e-18,-1.516387145737042e+00,vn
2.000000000000000e+02,18,9.200909048698655e-05,-1.748543158571619e-05,9.365582229622055e-05,-1.878008046044097e-01,vn
2.000000000000000e+02,19,1.626303258728257e-19,1.965116437629977e-19,2.550792994892701e-19,8.794593980254346e-01,vn
2.000000000000000e+02,20,7.005323301132799e-05,-1.507559559811514e-05,7.165702364721356e-05,-2.119692236631712e-01,vn
2.000000000000000e+02,21,-4.065758146820642e-19,5.353248226647178e-19,6.722176424681190e-19,2.220345748930553e+00,vn
2.000000000000000e+02,22,7.579701147930363e-05,-1.323915514748244e-05,7.694453962571221e-05,-1.729215004294342e-01,vn
2.000000000000000e+02,23,-9.757819552369540e-19,4.438452643612534e-19,1.071983695240727e-18,2.714703585789312e+00,vn
2.000000000000000e+02,24,5.374941516740005e-05,-1.116557231953756e-05,5.489690005874975e-05,-2.048207628423025e-01,vn
2.000000000000000e+02,25,6.234162491791650e-19,3.760826285809094e-19,7.280700263442694e-19,5.428137494865207e-01,vn
2.000000000000000e+02,26,5.465232316971600e-05,-1.014742264532375e-05,5.558638874931439e-05,-1.835817417542025e-01,vn
2.000000000000000e+02,27,-2.100641709190665e-19,-2.337810934421869e-18,2.347229626816764e-18,-1.660410736070228e+00,vn
2.000000000000000e+02,28,4.870139263327095e-05,-9.712628102767027e-06,4.966045498263864e-05,-1.968495827198899e-01,vn
2.000000000000000e+02,29,-2.690176640479658e-18,1.626303258728257e-19,2.695087935462574e-18,3.081212736628021e+00,vn
2.000000000000000e+02,30,3.949825818160989e-05,-8.085787978915592e-06,4.031739533527790e-05,-2.019226956565760e-01,vn
2.000000000000000e+02,31,-5.759824041329242e-19,1.206174916890124e-18,1.336642682247443e-18,2.016305335741454e+00,vn
2.000000000000000e+02,32,3.895817673435950e-05,-7.314229386071537e-06,3.963883810075243e-05,-1.855852756683213e-01,vn
2.000000000000000e+02,33,-7.657177843178875e-19,2.710505431213761e-20,7.661973696052205e-19,3.106209197465642e+00,vn
2.000000000000000e+02,34,2.880591243237129e-05,-6.547057006083912e-06,2.954055765388249e-05,-2.234851416775364e-01,vn
2.000000000000000e+02,35,8.538092108323347e-19,-5.014435047745458e-19,9.901695597132413e-19,-5.310301048441823e-01,vn
2.000000000000000e+02,36,3.146010312144301e-05,-6.126005859403642e-06,3.205099118906115e-05,-1.923164167648638e-01,vn
2.000000000000000e+02,37,-2.107417972768699e-18,-3.035766082959412e-18,3.695549515619466e-18,-2.177616647831529e+00,vn
2.000000000000000e+02,38,2.516759564082437e-05,-5.404783613448528e-06,2.574139771357111e-05,-2.115388057310315e-01,vn
2.000000000000000e+02,39,-2.507217523872729e-18,-4.031876828930470e-18,4.747859567813786e-18,-2.127126357077685e+00,vn
2.000000000000000e+02,40,2.216863834368618e-05,-4.538567062001918e-06,2.262845812222835e-05,-2.019386814437274e-01,vn
2.500000000000000e+02,0,1.912537163281839e-05,-1.442645327914074e-05,2.395626002339774e-05,-6.462536138512583e-01,vn
2.500000000000000e+02,1,5.399835038746165e-21,7.411538288475128e-22,5.450461213850267e-21,1.364026044009474e-01,vn
2.500000000000000e+02,2,2.388749116165579e-05,-1.672483959751203e-05,2.916046113422574e-05,-6.108269840991751e-01,vn
2.500000000000000e+02,3,-3.864587821847745e-21,5.188076801932590e-21,6.469248792211116e-21,2.211024124856671e+00,vn
2.500000000000000e+02,4,-7.756882211041936e-07,-2.357420819947354e-06,2.481758477104701e-06,-1.888678864370719e+00,vn
2.500000000000000e+02,5,-6.882142696441190e-21,-1.005851624864482e-21,6.955258843883622e-21,-2.996466331416390e+00,vn
2.500000000000000e+02,6,-1.617338168017818e-06,-4.555929239732906e-07,1.680282018621209e-06,-2.867014675409714e+00,vn
2.500000000000000e+02,7,-4.764560328305439e-21,-1.058791184067875e-22,4.765736617751409e-21,-3.119374088263074e+00,vn
2.500000000000000e+02,8,-7.535241848465537e-07,-8.927857288523442e-07,1.168274391909313e-06,-2.271805275101797e+00,vn
2.500000000000000e+02,9,-3.970466940254533e-21,6.882142696441190e-22,4.029670781167610e-21,2.969964585208913e+00,vn
2.500000000000000e+02,10,-9.435181263870324e-07,-1.027530672961224e-07,9.490967535818767e-07,-3.033115975058135e+00,vn
2.500000000000000e+02,11,-4.605741650695258e-21,-9.939402240437181e-21,1.095465987834204e-20,-2.004722960365470e+00,vn
2.500000000000000e+02,12,-6.973297008221276e-07,-2.767672059719518e-07,7.502458250135077e-07,-2.763765201198799e+00,vn
2.500000000000000e+02,13,-4.605741650695258e-21,2.554333731563749e-21,5.266638108428703e-21,2.635226392171296e+00,vn
2.500000000000000e+02,14,-8.878873106038383e-07,-7.165538215937527e-08,8.907740286535766e-07,-3.061063939793694e+00,vn
2.500000000000000e+02,15,-3.652829585034170e-21,3.176373552203626e-22,3.666613896598917e-21,3.054854314913808e+00,vn
2.500000000000000e+02,16,-6.140545782899010e-07,-1.193722049057819e-07,6.255499567763202e-07,-2.949587470009084e+00,vn
2.500000000000000e+02,17,-2.329340604949326e-21,-5.823351512373315e-21,6.271941524801253e-21,-1.951302703907261e+00,vn
2.500000000000000e+02,18,-5.229909480143537e-07,-1.227196852828978e-07,5.371961027975593e-07,-2.911112656779468e+00,vn
2.500000000000000e+02,19,1.747005453711994e-21,-1.482307657695026e-21,2.291127243817062e-21,-7.036137827794523e-01,vn
2.500000000000000e+02,20,-5.118792496364546e-07,-3.598506408055634e-08,5.131425640553135e-07,-3.071408212730020e+00,vn
2.500000000000000e+02,21,1.852884572118782e-21,7.067431153653068e-21,7.306282525965017e-21,1.314394610456151e+00,vn
2.500000000000000e+02,22,-4.297617815618024e-07,-1.159559108712581e-07,4.451302754892746e-07,-2.878053830103793e+00,vn
2.500000000000000e+02,23,-5.399835038746165e-21,2.832266417381567e-21,6.097536511141054e-21,2.658530008686669e+00,vn
2.500000000000000e+02,24,-4.192341069862415e-07,-4.825047317701582e-08,4.220015931514445e-07,-3.027004872527720e+00,vn
2.500000000000000e+02,25,-6.352747104407253e-22,2.911675756186657e-22,6.988222340604216e-22,2.711830374493105e+00,vn
2.500000000000000e+02,26,-3.069375992934237e-07,-7.980454039136386e-08,3.171426406636092e-07,-2.887222261786849e+00,vn
2.500000000000000e+02,27,-1.101142831430590e-20,-1.032321404466179e-20,1.509371729339728e-20,-2.388441372627599e+00,vn
2.500000000000000e+02,28,-3.212857376151459e-07,-5.239175633749366e-08,3.255294477110107e-07,-2.979946400083104e+00,vn
2.500000000000000e+02,29,-1.778769189234031e-20,3.652829585034170e-21,1.815888616722210e-20,2.939051341559487e+00,vn
2.500000000000000e+02,30,-2.979300667660614e-07,-3.659097008766882e-08,3.001686588822798e-07,-3.019387340996399e+00,vn
2.500000000000000e+02,31,1.429368098491632e-21,9.158543742187122e-21,9.269412960837406e-21,1.415975920612383e+00,vn
2.500000000000000e+02,32,-2.517727153649951e-07,-5.846420404256016e-08,2.584715910048780e-07,-2.913426083791212e+00,vn
2.500000000000000e+02,33,-4.605741650695258e-21,2.064642808932357e-21,5.047336533403056e-21,2.720173446701989e+00,vn
2.500000000000000e+02,34,-2.387524452262574e-07,-1.601480749383927e-08,2.392889553668990e-07,-3.074615942711279e+00,vn
2.500000000000000e+02,35,3.282252670610414e-21,-6.524800671818282e-21,7.303848738897151e-21,-1.104717604269224e+00,vn
2.500000000000000e+02,36,-2.001120038267499e-07,-3.718570688973857e-08,2.035376890712054e-07,-2.957863819558640e+00,vn
2.500000000000000e+02,37,-2.678741695691725e-20,-1.228197773518735e-20,2.946884260216841e-20,-2.711694283040488e+00,vn
2.500000000000000e+02,38,-2.103922312666639e-07,-1.713870455730640e-08,2.110891427129023e-07,-3.060311397519987e+00,vn
2.500000000000000e+02,39,-1.937587866844212e-20,-1.143494478793305e-20,2.249850298302684e-20,-2.608436948082163e+00,vn
2.500000000000000e+02,40,-1.681028253359525e-07,-2.150274811498016e-08,1.694724994281551e-07,-3.014369272803178e+00,vn
3.000000000000000e+02,0,-1.441287125172641e-04,7.058435883527919e-04,7.204083959745539e-04,1.772220881331279e+00,vn
3.000000000000000e+02,1,-1.181610961419749e-19,-5.082197683525802e-21,1.182703402158270e-19,-3.098608393722022e+00,vn
3.000000000000000e+02,2,-2.083552655613850e-04,8.131046858212282e-04,8.393754504341865e-04,1.821645394343789e+00,vn
3.000000000000000e+02,3,7.962109704190423e-20,-1.880413142904547e-19,2.042034646479777e-19,-1.170261811409111e+00,vn
3.000000000000000e+02,4,4.129254805450022e-05,1.045985821367622e-04,1.124541591487581e-04,1.194805314155333e+00,vn
3.000000000000000e+02,5,3.049318610115481e-20,-7.284483346386983e-20,7.896964075503061e-20,-1.174355043576455e+00,vn
3.000000000000000e+02,6,5.426694310516940e-05,2.994555972631952e-06,5.434950302857349e-05,5.512604580983201e-02,vn
3.000000000000000e+02,7,2.041349402882864e-19,-9.994988777600744e-20,2.272906815356466e-19,-4.553144685606702e-01,vn
3.000000000000000e+02,8,1.400379461049746e-05,3.038443333866563e-05,3.345624086481942e-05,1.138925626618680e+00,vn
3.000000000000000e+02,9,5.929230630780102e-21,-1.016439536705160e-19,1.018167426980798e-19,-1.512529023825363e+00,vn
3.000000000000000e+02,10,1.719964890551844e-05,1.452381373166004e-06,1.726086133790029e-05,8.424264876327171e-02,vn
3.000000000000000e+02,11,2.515687853345272e-19,6.268043809681823e-20,2.592598909872070e-19,2.441862702657671e-01,vn
3.000000000000000e+02,12,1.735949378086672e-05,6.239207648137772e-06,1.844667277328167e-05,3.450348055170961e-01,vn
3.000000000000000e+02,13,5.505714157152952e-20,-1.050320854595332e-19,1.185876376946861e-19,-1.087981736210582e+00,vn
3.000000000000000e+02,14,1.479647722278791e-05,-6.814696193966208e-07,1.481216186269385e-05,-4.602368407419870e-02,vn
3.000000000000000e+02,15,1.101142831430590e-19,-5.759824041329242e-20,1.242687114716219e-19,-4.819382519576264e-01,vn
3.000000000000000e+02,16,1.112736144932623e-05,1.585152271302691e-06,1.123970108798128e-05,1.415032844109664e-01,vn
3.000000000000000e+02,17,1.439956010332311e-19,5.251604272976662e-20,1.532731805010783e-19,3.497152903665077e-01,vn
3.000000000000000e+02,18,8.398235762832557e-06,2.667530417569691e-06,8.811701450728983e-06,3.075514823469098e-01,vn
3.000000000000000e+02,19,-1.185846126156020e-20,3.896351557369782e-20,4.072810638065212e-20,1.866237163938617e+00,vn
3.000000000000000e+02,20,9.523624544532417e-06,-5.098032611312618e-07,9.537259765272222e-06,-5.347933939014037e-02,vn
3.000000000000000e+02,21,-1.448426339804854e-19,-1.109613160903133e-19,1.824604129308582e-19,-2.487878343747982e+00,vn
3.000000000000000e+02,22,7.954475157986695e-06,2.262677879157922e-06,8.270029396795276e-06,2.771335902586796e-01,vn
3.000000000000000e+02,23,5.929230630780102e-21,-1.905824131322176e-19,1.906746233015087e-19,-1.539695247352915e+00,vn
3.000000000000000e+02,24,6.658169171948035e-06,1.558180387995015e-07,6.659992190948463e-06,2.339826430491054e-02,vn
3.000000000000000e+02,25,-2.710505431213761e-20,2.286988957586611e-20,3.546428934119841e-20,2.440738245705343e+00,vn
3.000000000000000e+02,26,5.786155787374483e-06,1.483714900143757e-06,5.973358243122191e-06,2.510165048143898e-01,vn
3.000000000000000e+02,27,4.336808689942018e-19,6.352747104407253e-20,4.383090641417554e-19,1.454499229564010e-01,vn
3.000000000000000e+02,28,5.679779977341834e-06,5.404938273047844e-07,5.705438998742146e-06,9.487535324669047e-02,vn
3.000000000000000e+02,29,2.117582368135751e-19,-4.413041655194905e-19,4.894802522709655e-19,-1.123401156629279e+00,vn
3.000000000000000e+02,30,5.575710396294113e-06,-1.170360084247778e-07,5.576938573322308e-06,-2.098724937190601e-02,vn
3.000000000000000e+02,31,-2.405573570202213e-19,-2.049819732355407e-19,3.160465968304201e-19,-2.435873350017868e+00,vn
3.000000000000000e+02,32,4.274369861767203e-06,8.158849793861648e-07,4.351540648410830e-06,1.886096267674822e-01,vn
3.000000000000000e+02,33,4.065758146820642e-20,-1.558540622947913e-19,1.610699464972672e-19,-1.315613936174078e+00,vn
3.000000000000000e+02,34,4.051620905019661e-06,-4.714082624050011e-07,4.078953016137357e-06,-1.158297296029535e-01,vn
3.000000000000000e+02,35,5.929230630780102e-20,2.151463686025923e-19,2.231670618845456e-19,1.301881168094176e+00,vn
3.000000000000000e+02,36,3.836203592789854e-06,3.303934785612242e-07,3.850404895073967e-06,8.591311312953251e-02,vn
3.000000000000000e+02,37,8.080694316806025e-19,-2.346281263894412e-19,8.414431437177627e-19,-2.825861371765970e-01,vn
3.000000000000000e+02,38,3.502318738946003e-06,-3.233518375288118e-07,3.517213806410634e-06,-9.206408389719539e-02,vn
3.000000000000000e+02,39,7.741881137904305e-19,-2.121817532872022e-19,8.027380219987189e-19,-2.675014122508201e-01,vn
3.000000000000000e+02,40,2.928691567894983e-06,-1.474678006875019e-08,2.928728694737969e-06,-5.035236759706221e-03,vn
3.500000000000000e+02,0,1.004905861917592e-05,2.105262400075756e-07,1.005126362351349e-05,2.094678281603094e-02,vn
3.500000000000000e+02,1,-2.646977960169689e-23,1.105113298370845e-21,1.105430256265971e-21,1.594743843717104e+00,vn
3.500000000000000e+02,2,1.086500478080944e-05,3.767551723811531e-07,1.087153500417157e-05,3.466213609718983e-02,vn
3.500000000000000e+02,3,-2.170521927339145e-21,1.045556294267027e-21,2.409222572022235e-21,2.692685991524297e+00,vn
3.500000000000000e+02,4,3.295546877564254e-06,-2.277943689303571e-07,3.303410282834980e-06,-6.901210209328383e-02,vn
3.500000000000000e+02,5,-2.064642808932357e-21,4.317882797526804e-22,2.109310562010221e-21,2.935429436544393e+00,vn
3.500000000000000e+02,6,9.647279895690921e-07,-5.896975323171312e-08,9.665285953629261e-07,-6.104982334674090e-02,vn
3.500000000000000e+02,7,-2.249931266144235e-21,-2.650286682619901e-21,3.476522717090426e-21,-2.274674002427722e+00,vn
3.500000000000000e+02,8,9.275697470160920e-07,-2.713533729782301e-08,9.279665738105891e-07,-2.924588739648868e-02,vn
3.500000000000000e+02,9,-1.244079641279754e-21,-2.580803511165446e-22,1.270566653694012e-21,-2.937047062368397e+00,vn
3.500000000000000e+02,10,4.499755872249066e-07,-4.725172942189385e-08,4.524497265241292e-07,-1.046260935832140e-01,vn
3.500000000000000e+02,11,-1.323488980084844e-22,-3.381514344116777e-21,3.384103351003272e-21,-1.609915303305451e+00,vn
3.500000000000000e+02,12,4.954049494808522e-07,-2.725219576235773e-08,4.961539540747364e-07,-5.495455054499566e-02,vn
3.500000000000000e+02,13,-1.349958759686541e-21,-7.279189390466644e-22,1.533706176122808e-21,-2.647066831200815e+00,vn
3.500000000000000e+02,14,3.295197289320654e-07,-2.854855772580171e-08,3.307540958229925e-07,-8.642107650379724e-02,vn
3.500000000000000e+02,15,-6.882142696441190e-22,-1.561716996500116e-21,1.706633779725203e-21,-1.985871060489570e+00,vn
3.500000000000000e+02,16,2.707567720810250e-07,-1.658552921531863e-08,2.712642796371986e-07,-6.117974787202032e-02,vn
3.500000000000000e+02,17,0.000000000000000e+00,-3.394749233917626e-21,3.394749233917626e-21,-1.570796326794897e+00,vn
3.500000000000000e+02,18,2.665846325918583e-07,-1.810628550755293e-08,2.671988097073359e-07,-6.781531397550673e-02,vn
3.500000000000000e+02,19,2.382280164152720e-22,2.249931266144235e-22,3.276804767283048e-22,7.568345055586884e-01,vn
3.500000000000000e+02,20,2.048744023275557e-07,-1.791988070837138e-08,2.056566139312699e-07,-8.724559989735631e-02,vn
3.500000000000000e+02,21,-1.217609861678057e-21,1.072026073868724e-21,1.622286558629531e-21,2.419692824777949e+00,vn
3.500000000000000e+02,22,2.192709882830648e-07,-1.255334591252276e-08,2.196300361886584e-07,-5.718794788282253e-02,vn
3.500000000000000e+02,23,-2.699917519373082e-21,1.191140082076360e-21,2.950994630043670e-21,2.726100557648903e+00,vn
3.500000000000000e+02,24,1.565617142393474e-07,-1.330426647738006e-08,1.571259808945173e-07,-8.477411113231596e-02,vn
3.500000000000000e+02,25,1.455837878093329e-21,1.217609861678057e-21,1.897903501905969e-21,6.965239885843405e-01,vn
3.500000000000000e+02,26,1.580826895885509e-07,-1.054300512898345e-08,1.584338717089875e-07,-6.659435731950351e-02,vn
3.500000000000000e+02,27,1.058791184067875e-22,-6.551270451419979e-21,6.552125984393397e-21,-1.554636117539193e+00,vn
3.500000000000000e+02,28,1.426822697394145e-07,-1.176238675760682e-08,1.431662803883182e-07,-8.225163034640991e-02,vn
3.500000000000000e+02,29,-7.702705864093794e-21,-6.617444900424221e-22,7.731079057857733e-21,-3.055892428140178e+00,vn
3.500000000000000e+02,30,1.149323152035912e-07,-9.544505743149797e-09,1.153279440029114e-07,-8.285446223653306e-02,vn
3.500000000000000e+02,31,-1.919059021123024e-21,3.017554874593445e-21,3.576090735389180e-21,2.137241695333690e+00,vn
3.500000000000000e+02,32,1.126547545722677e-07,-7.848072277488630e-09,1.129277909383273e-07,-6.955244008853882e-02,vn
3.500000000000000e+02,33,-2.157287037538296e-21,-2.382280164152720e-22,2.170400873142082e-21,-3.031608832987509e+00,vn
3.500000000000000e+02,34,8.421687132098438e-08,-8.440770738097538e-09,8.463880921745275e-08,-9.989300462970559e-02,vn
3.500000000000000e+02,35,2.302870825347629e-21,-1.045556294267027e-21,2.529110911509946e-21,-4.261944052371064e-01,vn
3.500000000000000e+02,36,9.129887409599945e-08,-6.676401523774534e-09,9.154266081179758e-08,-7.299694386638865e-02,vn
3.500000000000000e+02,37,-5.148372132530044e-21,-8.907080835971002e-21,1.028794559829774e-20,-2.094888946093996e+00,vn
3.500000000000000e+02,38,7.350383323596796e-08,-6.583329408537506e-09,7.379806045203561e-08,-8.932609368796522e-02,vn
3.500000000000000e+02,39,-5.876291071576709e-21,-1.159376346554324e-20,1.299792860623789e-20,-2.039908362280190e+00,vn
3.500000000000000e+02,40,6.396157000507127e-08,-4.894763744252096e-09,6.414858649748783e-08,-7.637776977906638e-02,vn
4.000000000000000e+02,0,1.110474425250985e-03,-6.485648817394444e-04,1.285997610791795e-03,-5.286038220945681e-01,vn
4.000000000000000e+02,1,3.557538378468061e-19,1.575481281892999e-19,3.890786627902945e-19,4.168980704098938e-01,vn
4.000000000000000e+02,2,1.318500080994544e-03,-7.442907785638415e-04,1.514071077141951e-03,-5.139060019410697e-01,vn
4.000000000000000e+02,3,-1.355252715606881e-19,2.812149384884277e-19,3.121681291558259e-19,2.019881858402964e+00,vn
4.000000000000000e+02,4,1.114388670555225e-04,-1.263453820579488e-04,1.684689189672311e-04,-8.480054796098475e-01,vn
4.000000000000000e+02,5,-2.744386749103933e-19,5.421010862427522e-20,2.797415274206321e-19,2.946572386184872e+00,vn
4.000000000000000e+02,6,-3.807220765553698e-06,-3.406775621144484e-05,3.427983289399325e-05,-1.682088921144402e+00,vn
4.000000000000000e+02,7,-3.625301014248405e-19,-5.759824041329242e-20,3.670771468476519e-19,-2.984031084004134e+00,vn
4.000000000000000e+02,8,3.657623525905583e-05,-5.593981024363024e-05,6.683624283140965e-05,-9.917194842098463e-01,vn
4.000000000000000e+02,9,-2.100641709190665e-19,4.150461441546072e-20,2.141251711539090e-19,2.946524475107867e+00,vn
4.000000000000000e+02,10,-1.121549301391388e-05,-1.059687721245441e-05,1.542987654522830e-05,-2.384547668557674e+00,vn
4.000000000000000e+02,11,-2.032879073410321e-19,-5.090668012998345e-19,5.481559827793009e-19,-1.950728815878442e+00,vn
4.000000000000000e+02,12,2.717256352472715e-06,-1.897038796786521e-05,1.916400536778203e-05,-1.428527295897567e+00,vn
4.000000000000000e+02,13,-2.337810934421869e-19,4.489274620447792e-20,2.380524276557670e-19,2.951873146742417e+00,vn
4.000000000000000e+02,14,-1.125777993157905e-05,-1.002680953318499e-05,1.507562663382964e-05,-2.413964019436215e+00,vn
4.000000000000000e+02,15,-1.931235119739805e-19,-1.821120836596746e-19,2.654458549158990e-19,-2.385531443404739e+00,vn
4.000000000000000e+02,16,-4.277488003448910e-06,-1.003539605406085e-05,1.090899067657084e-05,-1.973716862960473e+00,vn
4.000000000000000e+02,17,-7.453889935837843e-20,-3.244136187983970e-19,3.328667054234024e-19,-1.796641522648850e+00,vn
4.000000000000000e+02,18,-2.514169039225383e-06,-9.674788381812269e-06,9.996128059936465e-06,-1.825040849166015e+00,vn
4.000000000000000e+02,19,7.453889935837843e-20,-1.609362599783171e-20,7.625649031601542e-20,-2.126449223577715e-01,vn
4.000000000000000e+02,20,-7.109616069696742e-06,-4.702251730159104e-06,8.523955184788012e-06,-2.557249802091452e+00,vn
4.000000000000000e+02,21,2.371692252312041e-20,2.930733997499879e-19,2.940314780002031e-19,1.490047434840034e+00,vn
4.000000000000000e+02,22,-1.225816493263780e-06,-8.805196061958541e-06,8.890112696962154e-06,-1.709122400834144e+00,vn
4.000000000000000e+02,23,-3.049318610115481e-19,2.049819732355407e-19,3.674248892107093e-19,2.549753751726624e+00,vn
4.000000000000000e+02,24,-4.716041374315226e-06,-5.077483383360476e-06,6.929782374112104e-06,-2.319305009750457e+00,vn
4.000000000000000e+02,25,8.470329472543003e-20,5.590417451878382e-20,1.014885454914480e-19,5.833730069938560e-01,vn
4.000000000000000e+02,26,-1.146759581838954e-06,-5.892337142482117e-06,6.002890515344568e-06,-1.763012341783421e+00,vn
4.000000000000000e+02,27,-4.167402100491158e-19,-6.301925127571995e-19,7.555230015075743e-19,-2.155067604375805e+00,vn
4.000000000000000e+02,28,-2.791535935062555e-06,-4.719821829492465e-06,5.483556417043520e-06,-2.104904920686380e+00,vn
4.000000000000000e+02,29,-8.436448154652831e-19,2.363221922839498e-19,8.761191432832316e-19,2.868472231142582e+00,vn
4.000000000000000e+02,30,-3.232183851079382e-06,-3.737463325434253e-06,4.941218934245316e-06,-2.283823963989898e+00,vn
4.000000000000000e+02,31,1.355252715606881e-20,5.260074602449205e-19,5.261820210018845e-19,1.545037130363804e+00,vn
4.000000000000000e+02,32,-1.211115278333966e-06,-4.721070658738670e-06,4.873941770499227e-06,-1.821915147208320e+00,vn
4.000000000000000e+02,33,-2.778268066994105e-19,1.151964808265848e-19,3.007623043461753e-19,2.748534634407861e+00,vn
4.000000000000000e+02,34,-3.318074705327588e-06,-2.269055435247237e-06,4.019730378813956e-06,-2.541790091114729e+00,vn
4.000000000000000e+02,35,1.897353801849633e-19,-3.354250471127029e-19,3.853692731971395e-19,-1.056012235045990e+00,vn
4.000000000000000e+02,36,-1.492785218235836e-06,-3.186983160392639e-06,3.519271142212499e-06,-2.008846491856438e+00,vn
4.000000000000000e+02,37,-1.294266343404571e-18,-6.920259179067634e-19,1.467659783030296e-18,-2.650582910560026e+00,vn
4.000000000000000e+02,38,-2.710570156236916e-06,-2.270158990996418e-06,3.535648797078705e-06,-2.444388146702900e+00,vn
4.000000000000000e+02,39,-1.212951180468158e-18,-7.995991022080595e-19,1.452793615917634e-18,-2.558764648099125e+00,vn
4.000000000000000e+02,40,-1.776099662973313e-06,-2.152968726837427e-06,2.791022098005297e-06,-2.260568861919871e+00,vn
4.500000000000000e+02,0,-1.630661149611475e-05,8.253568798972341e-06,1.827640490918801e-05,2.673038261264078e+00,vn
4.500000000000000e+02,1,1.508777437296722e-21,-3.401366678818050e-21,3.720981676798395e-21,-1.153294279502488e+00,vn
4.500000000000000e+02,2,-1.940989523710266e-05,8.237079144350706e-06,2.108538607532710e-05,2.740251293979903e+00,vn
4.500000000000000e+02,3,3.996936719856230e-21,-5.691002614364830e-21,6.954352155250870e-21,-9.585112741772068e-01,vn
4.500000000000000e+02,4,-1.338961593853923e-06,3.067131514434550e-06,3.346657119672318e-06,1.982410573196480e+00,vn
4.500000000000000e+02,5,4.446922973085077e-21,7.940933880509066e-22,4.517267784568233e-21,1.767088560700366e-01,vn
4.500000000000000e+02,6,7.843735573809105e-07,1.652566320779789e-06,1.829266881046621e-06,1.127642016401327e+00,vn
4.500000000000000e+02,7,3.546950466627383e-21,1.019086514665330e-21,3.690446441432383e-21,2.797774904415714e-01,vn
4.500000000000000e+02,8,-3.433502605409162e-07,9.465799643173542e-07,1.006927519864542e-06,1.918764075205077e+00,vn
4.500000000000000e+02,9,3.335192229813808e-21,-4.566036981292713e-22,3.366302741429494e-21,-1.360589224348708e-01,vn
4.500000000000000e+02,10,2.767049267402964e-07,5.289737087106314e-07,5.969747071605569e-07,1.088841766971706e+00,vn
4.500000000000000e+02,11,1.905824131322176e-21,6.988021814847978e-21,7.243246130314858e-21,1.304544277643971e+00,vn
4.500000000000000e+02,12,1.762970733092648e-07,6.172810939181628e-07,6.419630884764450e-07,1.292599945480333e+00,vn
4.500000000000000e+02,13,3.546950466627383e-21,-1.614656555703510e-21,3.897175054521484e-21,-4.271896066146086e-01,vn
4.500000000000000e+02,14,2.753269867361488e-07,4.205744112150085e-07,5.026805993810170e-07,9.911625705565082e-01,vn
4.500000000000000e+02,15,3.335192229813808e-21,5.955700410381799e-22,3.387950838426174e-21,1.767088560700366e-01,vn
4.500000000000000e+02,16,1.671198037354916e-07,3.529038214858919e-07,3.904742450148735e-07,1.128526634963818e+00,vn
4.500000000000000e+02,17,1.482307657695026e-21,3.057259543995990e-21,3.397656826610934e-21,1.119343235242342e+00,vn
4.500000000000000e+02,18,1.040713533315548e-07,2.915341612821739e-07,3.095529256504644e-07,1.227918384603321e+00,vn
4.500000000000000e+02,19,-8.999725064576941e-22,-1.720535674110298e-22,9.162712166376318e-22,-2.952695472712171e+00,vn
4.500000000000000e+02,20,1.780217402169285e-07,2.694586493697526e-07,3.229546465218218e-07,9.869606496031544e-01,vn
4.500000000000000e+02,21,3.176373552203626e-22,-5.029258124322408e-21,5.039278794678295e-21,-1.507722208897984e+00,vn
4.500000000000000e+02,22,9.571057294850174e-08,2.726560908253867e-07,2.889668798293534e-07,1.233203863495058e+00,vn
4.500000000000000e+02,23,3.599890025830776e-21,-1.389663429089086e-21,3.858804561547986e-21,-3.684050570325709e-01,vn
4.500000000000000e+02,24,1.150773630136913e-07,1.978307807943374e-07,2.288663743494926e-07,1.043944427234931e+00,vn
4.500000000000000e+02,25,-9.529120656610879e-22,-2.779326858178173e-22,9.926167350636332e-22,-2.857798544381466e+00,vn
4.500000000000000e+02,26,7.219341475655660e-08,1.956604407326965e-07,2.085543027653116e-07,1.217320065758153e+00,vn
4.500000000000000e+02,27,5.770411953169921e-21,9.992341799640574e-21,1.153882787592096e-20,1.047097676067117e+00,vn
4.500000000000000e+02,28,8.837903949320045e-08,1.760261463372236e-07,1.969671516168986e-07,1.105486865146667e+00,vn
4.500000000000000e+02,29,1.127612611032287e-20,-2.435219723356113e-21,1.153608751513822e-20,-2.126958959534048e-01,vn
4.500000000000000e+02,30,9.698014508873380e-08,1.616907252698465e-07,1.885445283738588e-07,1.030532776397490e+00,vn
4.500000000000000e+02,31,1.588186776101813e-22,-7.927698990708217e-21,7.929289669297870e-21,-1.550765617212654e+00,vn
4.500000000000000e+02,32,5.851272117162596e-08,1.396962778500691e-07,1.514555663687280e-07,1.174140599832861e+00,vn
4.500000000000000e+02,33,3.441071348220595e-21,-1.085260963669572e-21,3.608152350277038e-21,-3.055106829089713e-01,vn
4.500000000000000e+02,34,7.990055357048338e-08,1.103992524933306e-07,1.362794680498711e-07,9.443133397964143e-01,vn
4.500000000000000e+02,35,-3.441071348220595e-21,4.076346058661320e-21,5.334563638528309e-21,2.271887757666138e+00,vn
4.500000000000000e+02,36,5.995459178612710e-08,1.181364438089898e-07,1.324793283198392e-07,1.101164402615169e+00,vn
4.500000000000000e+02,37,1.614656555703510e-20,1.225550795558566e-20,2.027089180418700e-20,6.492466710589513e-01,vn
4.500000000000000e+02,38,6.767889513133185e-08,9.683820396393411e-08,1.181442787152993e-07,9.608181958280091e-01,vn
4.500000000000000e+02,39,1.635832379384868e-20,1.148788434713645e-20,1.998915316159187e-20,6.122447308500054e-01,vn
4.500000000000000e+02,40,5.175263421591505e-08,8.543012139774656e-08,9.988313566523638e-08,1.026131023129559e+00,vn
5.000000000000000e+02,0,-4.905851418192904e-04,-1.239493621441650e-03,1.333048468349291e-03,-1.947672291303685e+00,vn
5.000000000000000e+02,1,6.268043809681823e-20,1.253608761936365e-19,1.401577204439531e-19,1.107148717794090e+00,vn
5.000000000000000e+02,2,-5.128162945733945e-04,-1.379025474735558e-03,1.471289166666301e-03,-1.926818851720353e+00,vn
5.000000000000000e+02,3,4.802676810931883e-19,3.726944967918921e-20,4.817115914964244e-19,7.744620000102274e-02,vn
5.000000000000000e+02,4,-1.971162447367474e-04,-3.239815208774872e-04,3.792345445884472e-04,-2.117382677984199e+00,vn
5.000000000000000e+02,5,2.769797737521562e-19,8.470329472543003e-20,2.896419223889020e-19,2.967788730803966e-01,vn
5.000000000000000e+02,6,-5.817393513435839e-05,-9.390485624177877e-05,1.104641514465470e-04,-2.125429857034204e+00,vn
5.000000000000000e+02,7,6.860966872759833e-20,3.049318610115481e-19,3.125551575368368e-19,1.349481884447105e+00,vn
5.000000000000000e+02,8,-5.188472106410779e-05,-1.000375653002456e-04,1.126922302162007e-04,-2.049254247608217e+00,vn
5.000000000000000e+02,9,-6.691560283308973e-20,2.270048298641525e-19,2.366619755773382e-19,1.857453706632360e+00,vn
5.000000000000000e+02,10,-2.939411148275717e-05,-3.828181680239836e-05,4.826501100749015e-05,-2.225614345133655e+00,vn
5.000000000000000e+02,11,-4.133520782600986e-19,1.050320854595332e-19,4.264876077659483e-19,2.892760444990646e+00,vn
5.000000000000000e+02,12,-2.955607248324578e-05,-4.878107303355640e-05,5.703643140081645e-05,-2.115537079399693e+00,vn
5.000000000000000e+02,13,3.472835083742631e-20,2.608861477543245e-19,2.631874625470951e-19,1.438457469952268e+00,vn
5.000000000000000e+02,14,-2.113183050133773e-05,-2.942123705491946e-05,3.622379673887090e-05,-2.193666499211336e+00,vn
5.000000000000000e+02,15,-1.397604362969596e-19,2.202285662861181e-19,2.608325151555220e-19,2.136280214949721e+00,vn
5.000000000000000e+02,16,-1.655469061123398e-05,-2.587316712981973e-05,3.071609608269356e-05,-2.139996094273463e+00,vn
5.000000000000000e+02,17,-3.904821886842325e-19,1.050320854595332e-19,4.043613219085218e-19,2.878831312288952e+00,vn
5.000000000000000e+02,18,-1.641312412684766e-05,-2.526631074876256e-05,3.012933956223308e-05,-2.146893882056440e+00,vn
5.000000000000000e+02,19,4.912791094074942e-20,-6.776263578034403e-20,8.369782817553730e-20,-9.434881345191340e-01,vn
5.000000000000000e+02,20,-1.318208262488418e-05,-1.816146999151760e-05,2.244117409098881e-05,-2.198646283251878e+00,vn
5.000000000000000e+02,21,2.829090043829363e-19,8.131516293641283e-20,2.943631438959702e-19,2.798806853557597e-01,vn
5.000000000000000e+02,22,-1.324571222297721e-05,-2.148814446860070e-05,2.524260772973709e-05,-2.123201619238191e+00,vn
5.000000000000000e+02,23,2.015938414465235e-19,2.879912020664621e-19,3.515380624866273e-19,9.600703624056880e-01,vn
5.000000000000000e+02,24,-1.000017767449944e-05,-1.415178526493324e-05,1.732849040471612e-05,-2.185962900720920e+00,vn
5.000000000000000e+02,25,5.421010862427522e-20,-2.100641709190665e-19,2.169462877787276e-19,-1.318242051016837e+00,vn
5.000000000000000e+02,26,-9.688925055023626e-06,-1.512915191534330e-05,1.796570361548360e-05,-2.140403367414155e+00,vn
5.000000000000000e+02,27,-7.716470149486676e-19,3.184843881676169e-19,8.347882493097819e-19,2.750157749824043e+00,vn
5.000000000000000e+02,28,-9.014888050142404e-06,-1.308968452948853e-05,1.589364802800577e-05,-2.173899226932387e+00,vn
5.000000000000000e+02,29,3.320369153236857e-19,9.622294280808852e-19,1.017906668316175e-18,1.238519845366529e+00,vn
5.000000000000000e+02,30,-7.298604231953771e-06,-1.046635149024812e-05,1.275986431166541e-05,-2.179734739838234e+00,vn
5.000000000000000e+02,31,5.319366908757006e-19,9.147955830346444e-20,5.397454517522011e-19,1.703085903407557e-01,vn
5.000000000000000e+02,32,-6.939958952771732e-06,-1.072569780080908e-05,1.277511736073048e-05,-2.145088115147323e+00,vn
5.000000000000000e+02,33,6.522153693858113e-20,2.744386749103933e-19,2.820823198415726e-19,1.337470450116544e+00,vn
5.000000000000000e+02,34,-5.517457626836776e-06,-7.246554468452839e-06,9.107957527799146e-06,-2.221547579070174e+00,vn
5.000000000000000e+02,35,-2.541098841762901e-19,-2.371692252312041e-19,3.475932603386567e-19,-2.390663591191853e+00,vn
5.000000000000000e+02,36,-5.676366201916304e-06,-8.537395399276087e-06,1.025223163325128e-05,-2.157562834842725e+00,vn
5.000000000000000e+02,37,-8.368685518872487e-19,1.141800412898797e-18,1.415647256923039e-18,2.203287827783203e+00,vn
5.000000000000000e+02,38,-4.739596475496213e-06,-6.520178215887867e-06,8.060800128862818e-06,-2.199356706650204e+00,vn
5.000000000000000e+02,39,-1.109613160903133e-18,1.263773157303416e-18,1.681774051402295e-18,2.291332000873457e+00,vn
5.000000000000000e+02,40,-4.027066813314390e-06,-5.871579410925611e-06,7.119881452503522e-06,-2.171967490288368e+00,vn
5.500000000000000e+02,0,9.136683314666376e-06,1.000101819991301e-05,1.354619308246765e-05,8.305314787452610e-01,vn
5.500000000000000e+02,1,-1.191140082076360e-21,2.858736196983264e-21,3.096964213398536e-21,1.965587446494658e+00,vn
5.500000000000000e+02,2,1.066815327979109e-05,1.216756756859477e-05,1.618206398879440e-05,8.509649576211771e-01,vn
5.500000000000000e+02,3,-3.308722450212111e-21,2.646977960169689e-22,3.319293475388079e-21,3.061762667877556e+00,vn
5.500000000000000e+02,4,1.330600314419665e-06,2.925588727353301e-07,1.362383165908137e-06,2.164261465553800e-01,vn
5.500000000000000e+02,5,6.088049308390284e-22,-1.614656555703510e-21,1.725618508445663e-21,-1.210230326316791e+00,vn
5.500000000000000e+02,6,2.094828320032458e-07,-4.623039806125842e-07,5.075510096476420e-07,-1.145344283240584e+00,vn
5.500000000000000e+02,7,3.441071348220595e-22,-3.626359805432473e-21,3.642649469643173e-21,-1.476189091675167e+00,vn
5.500000000000000e+02,8,5.269987359144064e-07,-8.150270521928754e-08,5.332638733436238e-07,-1.534388498628917e-01,vn
5.500000000000000e+02,9,-2.130817257936599e-21,-2.964615315390051e-21,3.650934969972171e-21,-2.193995656728962e+00,vn
5.500000000000000e+02,10,2.302014689916136e-08,-3.019413954693096e-07,3.028176571159829e-07,-1.494703085495156e+00,vn
5.500000000000000e+02,11,4.830734777309682e-21,-2.858736196983264e-21,5.613231790390590e-21,-5.343540671722601e-01,vn
5.500000000000000e+02,12,1.375699353153651e-07,-1.811213085836809e-07,2.274432138485093e-07,-9.212138247413688e-01,vn
5.500000000000000e+02,13,-6.617444900424221e-23,-1.826414792517085e-21,1.827613211821977e-21,-1.607012368867308e+00,vn
5.500000000000000e+02,14,1.708326415841398e-08,-2.985923704942927e-07,2.990806607450691e-07,-1.513645967703130e+00,vn
5.500000000000000e+02,15,8.007108329513308e-22,-1.852884572118782e-21,2.018494259491816e-21,-1.162891204817660e+00,vn
5.500000000000000e+02,16,4.821600897818822e-08,-1.866578619695623e-07,1.927847010445406e-07,-1.318009816043247e+00,vn
5.500000000000000e+02,17,3.255782891008717e-21,-1.482307657695026e-21,3.577339545730373e-21,-4.272398629217328e-01,vn
5.500000000000000e+02,18,5.341212933123570e-08,-1.543338782098945e-07,1.633150376511703e-07,-1.237616462840178e+00,vn
5.500000000000000e+02,19,5.029258124322408e-22,5.029258124322408e-22,7.112445048091823e-22,7.853981633974483e-01,vn
5.500000000000000e+02,20,7.314053499508368e-10,-1.685753212398147e-07,1.685769079230386e-07,-1.566457608914214e+00,vn
5.500000000000000e+02,21,-3.520480687025686e-21,1.482307657695026e-21,3.819819401461561e-21,2.743070207923373e+00,vn
5.500000000000000e+02,22,5.311949701818221e-08,-1.236244765348655e-07,1.345536776234087e-07,-1.164964732558528e+00,vn
5.500000000000000e+02,23,-2.144052147737448e-21,-2.911675756186657e-21,3.615911409504208e-21,-2.205512888497887e+00,vn
5.500000000000000e+02,24,1.341194999176089e-08,-1.348445759129014e-07,1.355099260412747e-07,-1.471660091106110e+00,vn
5.500000000000000e+02,25,-7.411538288475128e-22,5.029258124322408e-22,8.956803954681367e-22,2.545393512292313e+00,vn
5.500000000000000e+02,26,3.440713397673737e-08,-8.749707740115782e-08,9.401909073287912e-08,-1.196133230866184e+00,vn
5.500000000000000e+02,27,5.863056181775860e-21,-6.485096002415737e-21,8.742533840438292e-21,-8.357307505810518e-01,vn
5.500000000000000e+02,28,1.929080045017811e-08,-1.000325420807880e-07,1.018756323030842e-07,-1.380289705310934e+00,vn
5.500000000000000e+02,29,-4.010171609657078e-21,-9.370301979000698e-21,1.019235181479545e-20,-1.975176604173184e+00,vn
5.500000000000000e+02,30,1.087417498894861e-08,-9.542758111840664e-08,9.604515042312316e-08,-1.457333627267847e+00,vn
5.500000000000000e+02,31,-5.479244377551255e-21,1.482307657695026e-21,5.676209557529422e-21,2.877385591363222e+00,vn
5.500000000000000e+02,32,2.606211976605103e-08,-7.492187984779424e-08,7.932541942295235e-08,-1.236031681934781e+00,vn
5.500000000000000e+02,33,-1.773475233313691e-21,-2.567568621364598e-21,3.120516468245786e-21,-2.175268029438223e+00,vn
5.500000000000000e+02,34,7.619759730592662e-10,-7.943675060674224e-08,7.944040504895026e-08,-1.561204386056134e+00,vn
5.500000000000000e+02,35,4.129285617864714e-21,1.164670302474663e-21,4.290391197474981e-21,2.749098414806725e-01,vn
5.500000000000000e+02,36,1.469498820602348e-08,-6.135359633345943e-08,6.308887747792202e-08,-1.335711807398055e+00,vn
5.500000000000000e+02,37,5.068962793724954e-21,-1.543188150778928e-20,1.624307085112347e-20,-1.253426058735293e+00,vn
5.500000000000000e+02,38,3.264623654663975e-09,-6.999101798733690e-08,7.006711330224980e-08,-1.524186642937644e+00,vn
5.500000000000000e+02,39,5.439539708148710e-21,-1.304960134363656e-20,1.413791665926659e-20,-1.175861187509467e+00,vn
5.500000000000000e+02,40,6.628089708946291e-09,-5.365251681191393e-08,5.406037489180542e-08,-1.447881738956938e+00,vn
6.000000000000000e+02,0,-1.864427973221960e-04,2.036032753510629e-04,2.760710242075510e-04,2.312226816005911e+00,vn
6.000000000000000e+02,1,-4.785736151986797e-20,-5.251604272976662e-20,7.105112100198006e-20,-2.309814273263823e+00,vn
6.000000000000000e+02,2,-2.378592773186985e-04,2.106779389359253e-04,3.177455424720589e-04,2.416720433956281e+00,vn
6.000000000000000e+02,3,1.609362599783171e-20,-4.531626267810507e-20,4.808917197113195e-20,-1.229549635687810e+00,vn
6.000000000000000e+02,4,1.216009532001612e-05,6.902810701173291e-05,7.009099425614626e-05,1.396423890714410e+00,vn
6.000000000000000e+02,5,1.778769189234031e-20,-2.371692252312041e-20,2.964615315390051e-20,-9.272952180016122e-01,vn
6.000000000000000e+02,6,3.058500345372788e-05,3.286454553803579e-05,4.489455189314372e-05,8.213095625385892e-01,vn
6.000000000000000e+02,7,6.013933925505532e-20,-4.489274620447792e-20,7.504731033031300e-20,-6.412437762842940e-01,vn
6.000000000000000e+02,8,5.212593316141755e-06,2.158199503578215e-05,2.220255928500160e-05,1.333809815849057e+00,vn
6.000000000000000e+02,9,2.964615315390051e-20,-2.710505431213761e-20,4.016937099443374e-20,-7.406519319428327e-01,vn
6.000000000000000e+02,10,1.106371429405208e-05,1.147312854799995e-05,1.593858377207159e-05,8.035626076138307e-01,vn
6.000000000000000e+02,11,4.065758146820642e-20,7.940933880509066e-20,8.921256649321057e-20,1.097594868356493e+00,vn
6.000000000000000e+02,12,1.015207104231371e-05,1.335893149262892e-05,1.677872453653546e-05,9.209598944128862e-01,vn
6.000000000000000e+02,13,5.251604272976662e-20,-1.884648307640818e-20,5.579538214175089e-20,-3.445557237516401e-01,vn
6.000000000000000e+02,14,9.753553413617785e-06,9.060334250282014e-06,1.331245510486809e-05,7.485686830995407e-01,vn
6.000000000000000e+02,15,4.489274620447792e-20,-2.541098841762901e-21,4.496460658232511e-20,-5.654343694481738e-02,vn
6.000000000000000e+02,16,7.093977044698221e-06,7.711167215539949e-06,1.047791058067988e-05,8.270615882182432e-01,vn
6.000000000000000e+02,17,5.378659215064807e-20,3.028142786434124e-20,6.172489261783659e-20,5.127632222069941e-01,vn
6.000000000000000e+02,18,5.411278814911666e-06,6.584465203224067e-06,8.522741367962562e-06,8.828883435645679e-01,vn
6.000000000000000e+02,19,-1.567010952420456e-20,1.164670302474663e-20,1.952429317151350e-20,2.502429912372132e+00,vn
6.000000000000000e+02,20,6.264189316206412e-06,5.784999383541890e-06,8.526798089368284e-06,7.456496331578295e-01,vn
6.000000000000000e+02,21,-2.583450489125616e-20,-7.411538288475128e-20,7.848892675485900e-20,-1.906197910302297e+00,vn
6.000000000000000e+02,22,4.859510254662625e-06,5.946430816136965e-06,7.679510359799935e-06,8.856464463363126e-01,vn
6.000000000000000e+02,23,2.625802136488331e-20,-2.625802136488331e-20,3.713444993530046e-20,-7.853981633974483e-01,vn
6.000000000000000e+02,24,4.339118973871296e-06,4.274654049620441e-06,6.091027886436437e-06,7.779143673221970e-01,vn
6.000000000000000e+02,25,8.470329472543003e-22,3.748120791600279e-20,3.749077768807103e-20,1.548201302708198e+00,vn
6.000000000000000e+02,26,3.534979101616021e-06,4.244395138918727e-06,5.523673356032100e-06,8.763385496564344e-01,vn
6.000000000000000e+02,27,1.304430738771623e-19,1.154082390633984e-19,1.741678993564467e-19,7.243200508338439e-01,vn
6.000000000000000e+02,28,3.577798455997449e-06,3.776222746862275e-06,5.201970782853148e-06,8.123733589410669e-01,vn
6.000000000000000e+02,29,1.219727444046192e-19,-8.936197593532869e-20,1.512048713522843e-19,-6.322970958370074e-01,vn
6.000000000000000e+02,30,3.506548818658505e-06,3.381918599347809e-06,4.871679179733616e-06,7.673075467879140e-01,vn
6.000000000000000e+02,31,-3.515186731105346e-20,-1.048203272227197e-19,1.105574727213495e-19,-1.894363959748913e+00,vn
6.000000000000000e+02,32,2.638457520088977e-06,3.014044927623364e-06,4.005736500451097e-06,8.517468503211857e-01,vn
6.000000000000000e+02,33,4.616329562535937e-20,-2.901087844345979e-20,5.452229755848082e-20,-5.610694626456372e-01,vn
6.000000000000000e+02,34,2.670026578150995e-06,2.338930683019423e-06,3.549596972615681e-06,7.193934207234156e-01,vn
6.000000000000000e+02,35,-2.202285662861181e-20,7.559769054244631e-20,7.874018687706975e-20,1.854267716565202e+00,vn
6.000000000000000e+02,36,2.404092412158109e-06,2.526972105211491e-06,3.487871606970818e-06,8.103125133806438e-01,vn
6.000000000000000e+02,37,2.977320809598866e-19,1.109613160903133e-19,3.177370071319973e-19,3.567425919278961e-01,vn
6.000000000000000e+02,38,2.306076503419260e-06,2.062862086087383e-06,3.094089337081137e-06,7.297865691843971e-01,vn
6.000000000000000e+02,39,2.934969162236151e-19,3.832824086325709e-20,2.959890097291512e-19,1.298567581842690e-01,vn
6.000000000000000e+02,40,1.899871271226993e-06,1.834768685209208e-06,2.641190446646738e-06,7.679678371629074e-01,vn
6.500000000000000e+02,0,5.171630815626785e-07,-1.655511923782937e-06,1.734409808182278e-06,-1.268012934421636e+00,vn
6.500000000000000e+02,1,1.422750653591208e-22,-3.705769144237564e-22,3.969501778898381e-22,-1.204220936950718e+00,vn
6.500000000000000e+02,2,1.209942073960415e-07,-1.522137705911769e-06,1.526939027591390e-06,-1.491473457068011e+00,vn
6.500000000000000e+02,3,9.520848850485349e-22,-5.293955920339377e-23,9.535555700988440e-22,-5.554662380982174e-02,vn
6.500000000000000e+02,4,1.057442586484102e-06,-1.072613885596955e-06,1.506215579286573e-06,-7.925205297636743e-01,vn
6.500000000000000e+02,5,-3.565148440103549e-22,5.492479267352104e-22,6.548099869600758e-22,2.146536055229929e+00,vn
6.500000000000000e+02,6,3.198483033964432e-07,-3.219191668104657e-07,4.538004926677886e-07,-7.886249648835102e-01,vn
6.500000000000000e+02,7,-5.641371777611649e-22,5.426304818347862e-22,7.827506596283291e-22,2.375624032934637e+00,vn
6.500000000000000e+02,8,2.060483089542138e-07,-2.476218752925121e-07,3.221373911024170e-07,-8.767812390295570e-01,vn
6.500000000000000e+02,9,-1.091878408569997e-22,2.051407919131509e-22,2.323891759479519e-22,2.059916132306425e+00,vn
6.500000000000000e+02,10,2.087569544049962e-07,-1.885422442842605e-07,2.812963630980596e-07,-7.345616823797178e-01,vn
6.500000000000000e+02,11,-6.716706573930585e-22,1.389663429089086e-22,6.858958495750647e-22,2.937574673997245e+00,vn
6.500000000000000e+02,12,1.565943002869164e-07,-1.610854395019781e-07,2.246559451737131e-07,-7.995345387565936e-01,vn
6.500000000000000e+02,13,-4.020097777007714e-22,1.522012327097571e-22,4.298570420563019e-22,2.779668840615949e+00,vn
6.500000000000000e+02,14,1.379125925293822e-07,-1.269267250542765e-07,1.874307250991131e-07,-7.439406752679710e-01,vn
6.500000000000000e+02,15,-5.823351512373315e-22,5.624828165360588e-23,5.850453807659617e-22,3.045300465476211e+00,vn
6.500000000000000e+02,16,9.535291093787010e-08,-9.463642529162878e-08,1.343437032997953e-07,-7.816269925312185e-01,vn
6.500000000000000e+02,17,-9.429858983104515e-22,-3.672681919735443e-22,1.011982375957153e-21,-2.770193492804545e+00,vn
6.500000000000000e+02,18,9.556475824870694e-08,-9.322055732777408e-08,1.335016678833438e-07,-7.729815173165332e-01,vn
6.500000000000000e+02,19,2.944762980688779e-22,-3.639594695233322e-23,2.967169612255215e-22,-1.229718695642971e-01,vn
6.500000000000000e+02,20,8.683189649111009e-08,-7.957244288747837e-08,1.177775526801430e-07,-7.418004210118265e-01,vn
6.500000000000000e+02,21,-2.316105715148477e-23,9.595295105615121e-23,9.870867937906218e-23,1.807645087741817e+00,vn
6.500000000000000e+02,22,7.143929872523313e-08,-7.191100164770152e-08,1.013645182513528e-07,-7.886887126237272e-01,vn
6.500000000000000e+02,23,2.216844041642114e-22,7.775497757998460e-22,8.085342472004710e-22,1.293058781277518e+00,vn
6.500000000000000e+02,24,6.427427353173149e-08,-5.940165595379932e-08,8.751993468967731e-08,-7.460202600908074e-01,vn
6.500000000000000e+02,25,9.694556779121484e-22,-4.599124205794834e-22,1.073016190949318e-21,-4.429609052209620e-01,vn
6.500000000000000e+02,26,5.549660126942455e-08,-5.444153293756084e-08,7.774158000098156e-08,-7.758015302518483e-01,vn
6.500000000000000e+02,27,-1.081952241219360e-21,-6.683619349428464e-22,1.271742241320993e-21,-2.588233224100926e+00,vn
6.500000000000000e+02,28,5.610840210160484e-08,-5.239229994302643e-08,7.676656746081215e-08,-7.511619780668329e-01,vn
6.500000000000000e+02,29,-3.044024654195142e-22,1.637817612854995e-21,1.665865358884539e-21,1.754558138540463e+00,vn
6.500000000000000e+02,30,4.629522221273070e-08,-4.307086022467275e-08,6.323248057936215e-08,-7.493334301040815e-01,vn
6.500000000000000e+02,31,5.525566491854225e-22,3.606507470731201e-22,6.598392318765395e-22,5.782671670409657e-01,vn
6.500000000000000e+02,32,4.036356374708604e-08,-3.924833015857702e-08,5.629963320130731e-08,-7.713907005270390e-01,vn
6.500000000000000e+02,33,-7.279189390466644e-23,4.268251960773623e-22,4.329877686779466e-22,1.739713830586325e+00,vn
6.500000000000000e+02,34,3.834087790988553e-08,-3.433878034988484e-08,5.147013459102653e-08,-7.303888248525828e-01,vn
6.500000000000000e+02,35,-2.051407919131509e-22,-3.308722450212111e-22,3.893060326171828e-22,-2.125792054133484e+00,vn
6.500000000000000e+02,36,3.405635710027743e-08,-3.266205869625029e-08,4.718734509610513e-08,-7.645029508841052e-01,vn
6.500000000000000e+02,37,-1.181213914725724e-21,5.426304818347862e-22,1.299890053872988e-21,2.710962653924152e+00,vn
6.500000000000000e+02,38,3.134643184093511e-08,-2.861183521114208e-08,4.244096963204235e-08,-7.398214142574130e-01,vn
6.500000000000000e+02,39,-2.838883862281991e-21,2.911675756186657e-22,2.853776469980921e-21,3.039385935482540e+00,vn
6.500000000000000e+02,40,2.517325372997147e-08,-2.381086305014199e-08,3.465039541688002e-08,-7.575924247959442e-01,vn
7.000000000000000e+02,0,-3.365061566017409e-04,7.029496455750900e-04,7.793424136058681e-04,2.017264015346618e+00,vn
7.000000000000000e+02,1,-2.532628512290358e-19,3.726944967918921e-20,2.559903976559479e-19,2.995484112420314e+00,vn
7.000000000000000e+02,2,-4.241600128793177e-04,8.436263345831277e-04,9.442547902594650e-04,2.036666941977169e+00,vn
7.000000000000000e+02,3,-4.319868030996932e-20,-5.251604272976662e-20,6.800044650233999e-20,-2.259155104210345e+00,vn
7.000000000000000e+02,4,2.670564173402658e-05,4.795056504230722e-05,5.488577218462648e-05,1.062639659512555e+00,vn
7.000000000000000e+02,5,7.115076756936123e-20,-5.759824041329242e-20,9.154227998262168e-20,-6.805212246672144e-01,vn
7.000000000000000e+02,6,3.726261282672472e-05,-1.612277976769713e-05,4.060106331257906e-05,-4.083574804276504e-01,vn
7.000000000000000e+02,7,1.677125235563515e-19,-2.202285662861181e-20,1.691522886978599e-19,-1.305660947996277e-01,vn
7.000000000000000e+02,8,2.324247518671626e-05,1.006701539050545e-05,2.532898441860224e-05,4.087367047724458e-01,vn
7.000000000000000e+02,9,1.084202172485504e-19,-7.284483346386983e-20,1.306189621402720e-19,-5.915997103351114e-01,vn
7.000000000000000e+02,10,2.036991960918123e-05,-1.346362788563748e-05,2.441726644666477e-05,-5.840388874271073e-01,vn
7.000000000000000e+02,11,2.270048298641525e-19,2.286988957586611e-19,3.222334211451130e-19,7.891156183918915e-01,vn
7.000000000000000e+02,12,1.648590830040782e-05,-4.883017646230741e-06,1.719386616857466e-05,-2.879608755931821e-01,vn
7.000000000000000e+02,13,7.962109704190423e-20,-8.978549240895584e-20,1.200039738561811e-19,-8.453263185186561e-01,vn
7.000000000000000e+02,14,1.996540697109351e-05,-1.335196848800109e-05,2.401858734451224e-05,-5.894470747571368e-01,vn
7.000000000000000e+02,15,1.541599964002827e-19,1.694065894508601e-21,1.541693041736587e-19,1.098856868273362e-02,vn
7.000000000000000e+02,16,1.366068542696360e-05,-7.483683254046599e-06,1.557625890197493e-05,-5.011728399123857e-01,vn
7.000000000000000e+02,17,2.236166980751353e-19,1.372193374551967e-19,2.623615334412981e-19,5.503859476767913e-01,vn
7.000000000000000e+02,18,1.177006684867124e-05,-5.837637740794578e-06,1.313820718419903e-05,-4.604209844652971e-01,vn
7.000000000000000e+02,19,1.694065894508601e-21,5.082197683525802e-20,5.085020342828965e-20,1.537475330916649e+00,vn
7.000000000000000e+02,20,1.091244227765816e-05,-7.857157679936299e-06,1.344679602249559e-05,-6.240350774114339e-01,vn
7.000000000000000e+02,21,-1.473837328222483e-19,-1.583951611365542e-19,2.163584797785722e-19,-2.320198964123816e+00,vn
7.000000000000000e+02,22,9.752589734237790e-06,-4.425432343753422e-06,1.070968990930639e-05,-4.259846086839285e-01,vn
7.000000000000000e+02,23,1.185846126156020e-19,-1.719476882926230e-19,2.088739281441546e-19,-9.670469933974603e-01,vn
7.000000000000000e+02,24,9.123353400351376e-06,-5.967813105312725e-06,1.090185170178192e-05,-5.792695476088275e-01,vn
7.000000000000000e+02,25,-8.470329472543003e-21,-4.404571325722362e-20,4.485277402470214e-20,-1.760784614713612e+00,vn
7.000000000000000e+02,26,6.776988575925429e-06,-3.246453556967516e-06,7.514455060466515e-06,-4.467400429583714e-01,vn
7.000000000000000e+02,27,4.506215279392878e-19,1.363723045079424e-19,4.708048076211045e-19,2.938693350324676e-01,vn
7.000000000000000e+02,28,7.105708329115194e-06,-4.184613480423448e-06,8.246337419666909e-06,-5.322242165492016e-01,vn
7.000000000000000e+02,29,4.404571325722362e-19,-4.192813088908787e-19,6.081112575993022e-19,-7.607726005309797e-01,vn
7.000000000000000e+02,30,6.515570231259367e-06,-4.186462643176322e-06,7.744619093356633e-06,-5.711074103006987e-01,vn
7.000000000000000e+02,31,-1.778769189234031e-19,-2.363221922839498e-19,2.957843417958007e-19,-2.216015646955735e+00,vn
7.000000000000000e+02,32,5.703152065228393e-06,-2.841858271445067e-06,6.371977865160834e-06,-4.622835376394940e-01,vn
7.000000000000000e+02,33,1.067261513540418e-19,-1.177375796683477e-19,1.589106952001859e-19,-8.344154714996050e-01,vn
7.000000000000000e+02,34,5.153694588774773e-06,-3.693330284553398e-06,6.340446080928822e-06,-6.218049511432101e-01,vn
7.000000000000000e+02,35,1.016439536705160e-20,2.481806535455100e-19,2.483887109501038e-19,1.529863571540750e+00,vn
7.000000000000000e+02,36,4.461901647096944e-06,-2.491420433199975e-06,5.110356355806587e-06,-5.092514488772751e-01,vn
7.000000000000000e+02,37,9.402065714522734e-19,-5.759824041329242e-20,9.419691896770013e-19,-6.118479671163599e-02,vn
7.000000000000000e+02,38,4.634203075055156e-06,-3.174976076014586e-06,5.617500442733907e-06,-6.006680810841813e-01,vn
7.000000000000000e+02,39,7.657177843178875e-19,7.369186641112413e-20,7.692556248711151e-19,9.594345881016964e-02,vn
7.000000000000000e+02,40,3.681331292811820e-06,-2.339605859792512e-06,4.361875246566665e-06,-5.661374560952541e-01,vn
7.500000000000000e+02,0,7.214409958188485e-07,4.701585514659895e-06,4.756614706081190e-06,1.418537610895730e+00,vn
7.500000000000000e+02,1,-8.333844671471754e-22,3.970466940254533e-22,9.231336562593325e-22,2.696980821134976e+00,vn
7.500000000000000e+02,2,4.643946461345741e-07,5.718005535471700e-06,5.736832722944208e-06,1.489757998758938e+00,vn
7.500000000000000e+02,3,-7.974021105011187e-22,-5.293955920339377e-22,9.571362592110914e-22,-2.555507593233678e+00,vn
7.500000000000000e+02,4,6.855746656353953e-07,2.238185851262717e-07,7.211847067215237e-07,3.155596023027475e-01,vn
7.500000000000000e+02,5,3.565148440103549e-22,-1.098495853470421e-21,1.154900850329341e-21,-1.256973126153481e+00,vn
7.500000000000000e+02,6,4.868795129401034e-07,-3.518967126370991e-07,6.007353464593118e-07,-6.258379407235695e-01,vn
7.500000000000000e+02,7,1.513740520972041e-22,-6.882142696441190e-22,7.046651577807117e-22,-1.354291879705185e+00,vn
7.500000000000000e+02,8,2.202093138232821e-07,4.761673435953025e-08,2.252986801683197e-07,2.129553112595191e-01,vn
7.500000000000000e+02,9,2.216844041642114e-22,-4.896909226313924e-22,5.375324871644743e-22,-1.145697105529653e+00,vn
7.500000000000000e+02,10,1.648326020594879e-07,-1.248524534103462e-07,2.067798873785460e-07,-6.482520795032376e-01,vn
7.500000000000000e+02,11,2.281364129421250e-21,3.308722450212111e-22,2.305232902232517e-21,1.440283819361539e-01,vn
7.500000000000000e+02,12,1.778107400259679e-07,-9.512145143865703e-08,2.016550266975241e-07,-4.912221107368585e-01,vn
7.500000000000000e+02,13,-4.003554164756654e-22,-7.543887186483612e-22,8.540414500042254e-22,-2.058702607611151e+00,vn
7.500000000000000e+02,14,1.359566459722303e-07,-1.173433928419177e-07,1.795930996103998e-07,-7.120469747929962e-01,vn
7.500000000000000e+02,15,5.327043144841498e-22,-5.426304818347862e-22,7.604089205725299e-22,-7.946286704659261e-01,vn
7.500000000000000e+02,16,1.085562391461439e-07,-7.782478766408265e-08,1.335707851010630e-07,-6.219834158197646e-01,vn
7.500000000000000e+02,17,8.337980574534519e-22,6.617444900424221e-23,8.364199054985271e-22,7.919907096945150e-02,vn
7.500000000000000e+02,18,8.783239187499068e-08,-5.377587942174107e-08,1.029872529493993e-07,-5.493823155840696e-01,vn
7.500000000000000e+02,19,-4.963083675318166e-23,1.720535674110298e-22,1.790688415545338e-22,1.851634051416099e+00,vn
7.500000000000000e+02,20,8.710029524356773e-08,-7.598140661701288e-08,1.155838898074317e-07,-7.173236480035721e-01,vn
7.500000000000000e+02,21,-1.310254090283996e-21,-4.102815838263017e-22,1.372988258920287e-21,-2.838132742149971e+00,vn
7.500000000000000e+02,22,8.053611201792598e-08,-4.958835494923817e-08,9.457838170287941e-08,-5.519041507044626e-01,vn
7.500000000000000e+02,23,1.985233470127266e-23,-1.032321404466179e-21,1.032512274654454e-21,-1.551567927695189e+00,vn
7.500000000000000e+02,24,6.261312483202480e-08,-5.143982508864867e-08,8.103369056374941e-08,-6.877438755072607e-01,vn
7.500000000000000e+02,25,2.117582368135751e-22,-1.124965633072118e-22,2.397853782329682e-22,-4.883339510564055e-01,vn
7.500000000000000e+02,26,5.799431857450772e-08,-3.676189409644407e-08,6.866423992501235e-08,-5.649650659534212e-01,vn
7.500000000000000e+02,27,2.871971086784112e-21,-6.882142696441190e-22,2.953278991945343e-21,-2.351963664766628e-01,vn
7.500000000000000e+02,28,5.418271184377096e-08,-4.066525948434604e-08,6.774532892882218e-08,-6.438344230156730e-01,vn
7.500000000000000e+02,29,5.757177063369073e-22,-3.037407209294718e-21,3.091487252515422e-21,-1.383475992769156e+00,vn
7.500000000000000e+02,30,5.071665203679256e-08,-4.236598874284927e-08,6.608370295299988e-08,-6.959253262739619e-01,vn
7.500000000000000e+02,31,-1.866119461919630e-21,-6.418921553411495e-22,1.973430359866726e-21,-2.810298380475611e+00,vn
7.500000000000000e+02,32,4.198987237078890e-08,-2.844667459016684e-08,5.071846485210278e-08,-5.954412553791675e-01,vn
7.500000000000000e+02,33,6.617444900424221e-24,-1.045556294267027e-21,1.045577235338647e-21,-1.564467297378695e+00,vn
7.500000000000000e+02,34,3.617518436911759e-08,-3.337060448234657e-08,4.921626974544961e-08,-7.450929044370047e-01,vn
7.500000000000000e+02,35,7.874759431504823e-22,1.191140082076360e-21,1.427912131809804e-21,9.866497452667113e-01,vn
7.500000000000000e+02,36,3.638009801874523e-08,-2.715961184214645e-08,4.539995646770569e-08,-6.412903265128743e-01,vn
7.500000000000000e+02,37,4.705003324201621e-21,-3.242548001207868e-21,5.714120564083807e-21,-6.034205915045483e-01,vn
7.500000000000000e+02,38,3.156749324491843e-08,-2.848003063381941e-08,4.251610018182832e-08,-7.340264175198792e-01,vn
7.500000000000000e+02,39,3.824883152445200e-21,-2.799179192879446e-21,4.739740001699287e-21,-6.317730791007919e-01,vn
7.500000000000000e+02,40,2.716956940838371e-08,-2.254411220724355e-08,3.530470927581429e-08,-6.926233229564733e-01,vn
8.000000000000000e+02,0,-5.860884166683184e-06,1.430123400265870e-04,1.431323840474105e-04,1.611755074518399e+00,vn
8.000000000000000e+02,1,3.546950466627383e-21,2.032879073410321e-20,2.063590536719115e-20,1.398056061777799e+00,vn
8.000000000000000e+02,2,-4.496170320051588e-05,1.329383835671734e-04,1.403359133655538e-04,1.896933575833752e+00,vn
8.000000000000000e+02,3,2.106994456295072e-20,2.519923018081544e-20,3.284727942450540e-20,8.744072060392655e-01,vn
8.000000000000000e+02,4,7.390465101796076e-05,9.351835493129424e-05,1.191955542423546e-04,9.020171886204844e-01,vn
8.000000000000000e+02,5,-2.170521927339145e-20,-6.988021814847978e-21,2.280239006312265e-20,-2.830120738665391e+00,vn
8.000000000000000e+02,6,2.308122133760034e-05,2.766892748721854e-05,3.603210133656175e-05,8.755510122079335e-01,vn
8.000000000000000e+02,7,1.508777437296722e-20,-2.202285662861181e-20,2.669545185259013e-20,-9.701431330200159e-01,vn
8.000000000000000e+02,8,1.324986328756245e-05,2.142713138376939e-05,2.519287273171542e-05,1.016979942927869e+00,vn
8.000000000000000e+02,9,1.709947762269619e-20,-3.981054852095212e-20,4.332749598705388e-20,-1.165102358747017e+00,vn
8.000000000000000e+02,10,1.625162127223493e-05,1.565123838854996e-05,2.256272273178436e-05,7.665812915473327e-01,vn
8.000000000000000e+02,11,1.657008203066225e-20,8.258571235729428e-21,1.851409239899417e-20,4.623688373193301e-01,vn
8.000000000000000e+02,12,1.120076583561861e-05,1.383136024738648e-05,1.779785609553420e-05,8.901025855051807e-01,vn
8.000000000000000e+02,13,1.514071393217062e-20,-2.879912020664621e-20,3.253660312713488e-20,-1.086773080963885e+00,vn
8.000000000000000e+02,14,1.028356532020836e-05,1.105974388692593e-05,1.510197505425656e-05,8.217485091583151e-01,vn
8.000000000000000e+02,15,3.536362554786704e-20,-2.625802136488331e-20,4.404622228850532e-20,-6.386934535265933e-01,vn
8.000000000000000e+02,16,7.111358618062350e-06,7.963186285357719e-06,1.067631758660255e-05,8.418458202624984e-01,vn
8.000000000000000e+02,17,4.515744400049489e-20,-2.858736196983264e-20,5.344559863124432e-20,-5.643741356510557e-01,vn
8.000000000000000e+02,18,6.960408699796991e-06,8.080526754147610e-06,1.066499891667622e-05,8.597322502326337e-01,vn
8.000000000000000e+02,19,-7.464477847678522e-21,1.291725244562808e-20,1.491890881675225e-20,2.094783952508120e+00,vn
8.000000000000000e+02,20,6.481657235619343e-06,6.941790635709309e-06,9.497385837696500e-06,8.196630789328758e-01,vn
8.000000000000000e+02,21,-1.926999955003533e-20,-4.425747149403719e-20,4.827066050619026e-20,-1.981448418031619e+00,vn
8.000000000000000e+02,22,5.046845896682941e-06,6.332444522128570e-06,8.097561801598156e-06,8.978981853937363e-01,vn
8.000000000000000e+02,23,-2.265813133905253e-20,-1.778769189234031e-20,2.880612606086739e-20,-2.476036298102994e+00,vn
8.000000000000000e+02,24,4.762103920026911e-06,5.195466870732739e-06,7.047730822755442e-06,8.288916683173061e-01,vn
8.000000000000000e+02,25,2.498747194400186e-20,5.442186686108880e-20,5.988416607750629e-20,1.140364345146307e+00,vn
8.000000000000000e+02,26,4.014172342232401e-06,4.732857680749976e-06,6.205926314369000e-06,8.673773744074887e-01,vn
8.000000000000000e+02,27,1.077849425381097e-19,-1.143494478793305e-20,1.083898140982200e-19,-1.056950181059700e-01,vn
8.000000000000000e+02,28,4.076769034693476e-06,4.643865938281407e-06,6.179444684999278e-06,8.503360429799277e-01,vn
8.000000000000000e+02,29,-2.265813133905253e-20,-8.512681119905718e-20,8.809066295980343e-20,-1.830934178470357e+00,vn
8.000000000000000e+02,30,3.421708029980137e-06,3.762226423278706e-06,5.085512118012013e-06,8.327626985081569e-01,vn
8.000000000000000e+02,31,-3.853999910007067e-20,-2.519923018081544e-20,4.604707083343269e-20,-2.562518384222062e+00,vn
8.000000000000000e+02,32,2.930106674026147e-06,3.413232498057720e-06,4.498408741651864e-06,8.614141044918149e-01,vn
8.000000000000000e+02,33,2.541098841762901e-21,-2.308164781267968e-20,2.322110352830351e-20,-1.461146154625987e+00,vn
8.000000000000000e+02,34,2.904187936871907e-06,2.970733847197383e-06,4.154463522954134e-06,7.967247932600280e-01,vn
8.000000000000000e+02,35,3.599890025830776e-21,3.155197728522269e-20,3.175667612967837e-20,1.457193606039236e+00,vn
8.000000000000000e+02,36,2.493024292061500e-06,2.839004786281453e-06,3.778242752568678e-06,8.501945374928955e-01,vn
8.000000000000000e+02,37,1.488660404799433e-19,-2.901087844345979e-20,1.516665061120527e-19,-1.924667936277162e-01,vn
8.000000000000000e+02,38,2.339475545179014e-06,2.499340830884287e-06,3.423426706593264e-06,8.184242479155156e-01,vn
8.000000000000000e+02,39,1.577598864261134e-19,-1.289607662194672e-19,2.037622658616955e-19,-6.852907861611093e-01,vn
8.000000000000000e+02,40,1.885967499045248e-06,2.037380177774239e-06,2.776290942290158e-06,8.239717457130534e-01,vn
8.500000000000000e+02,0,3.554219253407677e-06,4.953187127791430e-06,6.096436436494072e-06,9.483807161161726e-01,vn
8.500000000000000e+02,1,1.058791184067875e-22,4.896909226313924e-22,5.010065742305014e-22,1.357857977215500e+00,vn
8.500000000000000e+02,2,4.216011921498036e-06,6.037215359548460e-06,7.363608206564320e-06,9.611872240870829e-01,vn
8.500000000000000e+02,3,-2.719769854074355e-21,5.558653716356346e-22,2.775992501883833e-21,2.939989544936950e+00,vn
8.500000000000000e+02,4,3.684895672995996e-07,9.819110695067063e-08,3.813476821652968e-07,2.604179922503169e-01,vn
8.500000000000000e+02,5,-1.568334441400540e-21,-1.230844751478905e-21,1.993652859031961e-21,-2.476182700268700e+00,vn
8.500000000000000e+02,6,-5.161452813116134e-09,-2.648505574025100e-07,2.649008462643376e-07,-1.590282030702602e+00,vn
8.500000000000000e+02,7,-9.264422860593910e-23,-1.627891445504358e-21,1.630525532287139e-21,-1.627645574127734e+00,vn
8.500000000000000e+02,8,1.273100728615702e-07,-8.850984346181491e-08,1.550543357718619e-07,-6.075177686876846e-01,vn
8.500000000000000e+02,9,-1.422750653591208e-22,-5.955700410381799e-22,6.123282355119364e-22,-1.805290446195986e+00,vn
8.500000000000000e+02,10,-3.258258924307298e-08,-1.633888519092835e-07,1.666059484232679e-07,-1.767631685816736e+00,vn
8.500000000000000e+02,11,2.584112233615658e-21,-1.164670302474663e-21,2.834447556295323e-21,-4.234394061597193e-01,vn
8.500000000000000e+02,12,1.171834428436318e-08,-1.070637258554963e-07,1.077031150284324e-07,-1.461778231202029e+00,vn
8.500000000000000e+02,13,8.602678370551488e-23,-8.999725064576941e-22,9.040747313659749e-22,-1.475497639203054e+00,vn
8.500000000000000e+02,14,-3.138497396258455e-08,-1.660848252686530e-07,1.690242165346466e-07,-1.757563534563879e+00,vn
8.500000000000000e+02,15,3.044024654195142e-22,-9.661469554619363e-22,1.012966337299442e-21,-1.265573193000975e+00,vn
8.500000000000000e+02,16,-1.248022332186313e-08,-1.048555592495686e-07,1.055956641141262e-07,-1.689262011746295e+00,vn
8.500000000000000e+02,17,1.925676466023448e-21,-5.293955920339377e-22,1.997120313016099e-21,-2.682863387016038e-01,vn
8.500000000000000e+02,18,-6.855538570047830e-09,-8.753964105310608e-08,8.780767144613317e-08,-1.648950347166105e+00,vn
8.500000000000000e+02,19,4.367513634279986e-22,1.852884572118782e-22,4.744297269693097e-22,4.012287990048488e-01,vn
8.500000000000000e+02,20,-2.192069024912137e-08,-9.095706812506118e-08,9.356123611253191e-08,-1.807287012477713e+00,vn
8.500000000000000e+02,21,-1.541864661798844e-21,3.970466940254533e-22,1.592166044274467e-21,2.889557655968356e+00,vn
8.500000000000000e+02,22,-3.220566665342739e-09,-7.112582742165414e-08,7.119870347176868e-08,-1.616045267734856e+00,vn
8.500000000000000e+02,23,-7.610061635487855e-22,-1.535247216898419e-21,1.713509380760311e-21,-2.030989718100400e+00,vn
8.500000000000000e+02,24,-1.450989993308223e-08,-7.456015913490538e-08,7.595890024408249e-08,-1.763000598538889e+00,vn
8.500000000000000e+02,25,-6.882142696441190e-22,3.970466940254533e-23,6.893586452015769e-22,3.083964226112319e+00,vn
8.500000000000000e+02,26,-3.692068632277610e-09,-4.951510867361022e-08,4.965256647691918e-08,-1.645223082625259e+00,vn
8.500000000000000e+02,27,2.488159282559507e-21,-2.580803511165446e-21,3.584896564565139e-21,-8.036728911504757e-01,vn
8.500000000000000e+02,28,-8.300045214885138e-09,-5.590599379083043e-08,5.651876584205912e-08,-1.718184047176580e+00,vn
8.500000000000000e+02,29,-1.323488980084844e-21,-4.817499887508833e-21,4.995991217621748e-21,-1.838907109864724e+00,vn
8.500000000000000e+02,30,-9.830777123102861e-09,-5.287672719696933e-08,5.378282679356709e-08,-1.754616331533631e+00,vn
8.500000000000000e+02,31,-2.349192939650599e-21,2.382280164152720e-22,2.361241210784992e-21,3.040529690791930e+00,vn
8.500000000000000e+02,32,-3.395193014993122e-09,-4.303397933208693e-08,4.316770451116833e-08,-1.649528872032221e+00,vn
8.500000000000000e+02,33,-4.036641389258775e-22,-1.217609861678057e-21,1.282777655055788e-21,-1.890915561268322e+00,vn
8.500000000000000e+02,34,-1.012552545277765e-08,-4.339644593166888e-08,4.456206666207379e-08,-1.800021443253098e+00,vn
8.500000000000000e+02,35,1.674213559807328e-21,7.411538288475128e-22,1.830928737514940e-21,4.167564407252587e-01,vn
8.500000000000000e+02,36,-4.329281258905731e-09,-3.447277723663759e-08,3.474356122543501e-08,-1.695727780420314e+00,vn
8.500000000000000e+02,37,3.037407209294718e-21,-6.723324018831009e-21,7.377596384817041e-21,-1.146470069305902e+00,vn
8.500000000000000e+02,38,-8.032381429618414e-09,-3.871431157138315e-08,3.953880463389112e-08,-1.775372156555180e+00,vn
8.500000000000000e+02,39,3.414601568618898e-21,-5.095432573326650e-21,6.133753906192593e-21,-9.803999516376301e-01,vn
8.500000000000000e+02,40,-5.394341255775576e-09,-2.974400802543712e-08,3.022920658900975e-08,-1.750205227967520e+00,vn
9.000000000000000e+02,0,1.750036741482096e-05,1.684405432430543e-04,1.693472157068694e-04,1.467271351367539e+00,vn
9.000000000000000e+02,1,-3.186961464044305e-20,-8.893845946170154e-21,3.308735155681925e-20,-2.869446763058606e+00,vn
9.000000000000000e+02,2,7.473413884272496e-07,2.164029149440547e-04,2.164042054014539e-04,1.567342868612072e+00,vn
9.000000000000000e+02,3,2.424631811515435e-20,4.235164736271502e-22,2.425001666689521e-20,1.746547278635670e-02,vn
9.000000000000000e+02,4,3.313805597969599e-05,-1.207874844505216e-05,3.527076577156095e-05,-3.495316221696157e-01,vn
9.000000000000000e+02,5,5.225134493374965e-20,-4.235164736271502e-20,6.725968392522709e-20,-6.811329879258802e-01,vn
9.000000000000000e+02,6,2.540932437871241e-05,-2.796579040329420e-05,3.778517167174990e-05,-8.332578042907570e-01,vn
9.000000000000000e+02,7,1.905824131322176e-21,-2.414043899674756e-20,2.421555203944813e-20,-1.492012365805753e+00,vn
9.000000000000000e+02,8,1.071153330112635e-05,-4.942452119818102e-06,1.179681222270801e-05,-4.323052191902970e-01,vn
9.000000000000000e+02,9,-5.293955920339377e-21,-3.218725199566341e-20,3.261970509245653e-20,-1.733810535732794e+00,vn
9.000000000000000e+02,10,8.638640488938749e-06,-1.021600225693498e-05,1.337881951484631e-05,-8.688628710042486e-01,vn
9.000000000000000e+02,11,8.110340469959926e-20,1.905824131322176e-20,8.331253696665329e-20,2.307995887584767e-01,vn
9.000000000000000e+02,12,9.146541116717725e-06,-9.259302341197807e-06,1.301514096141564e-05,-7.915244685586736e-01,vn
9.000000000000000e+02,13,2.223461486542538e-21,-2.964615315390051e-20,2.972941603541286e-20,-1.495936479084130e+00,vn
9.000000000000000e+02,14,7.172458170659220e-06,-8.989198067064562e-06,1.149999296081408e-05,-8.973387458377388e-01,vn
9.000000000000000e+02,15,2.159934015498466e-20,-1.778769189234031e-20,2.798094848262942e-20,-6.889243882148613e-01,vn
9.000000000000000e+02,16,5.662301424553119e-06,-6.538727730299228e-06,8.649659979067407e-06,-8.571071587717159e-01,vn
9.000000000000000e+02,17,2.054054897091678e-20,4.235164736271502e-21,2.097261958769071e-20,2.033360840282757e-01,vn
9.000000000000000e+02,18,4.547983929568693e-06,-5.001890434337211e-06,6.760404258676339e-06,-8.328925221412024e-01,vn
9.000000000000000e+02,19,6.140988867593677e-21,2.752857078576476e-21,6.729782044537408e-21,4.214192068878042e-01,vn
9.000000000000000e+02,20,4.596701325853149e-06,-5.782878837239725e-06,7.387242430385995e-06,-8.991844434163266e-01,vn
9.000000000000000e+02,21,-5.315131744020735e-20,-1.058791184067875e-20,5.419563103033006e-20,-2.944963377114832e+00,vn
9.000000000000000e+02,22,4.170957752372413e-06,-4.502670050331661e-06,6.137664552110131e-06,-8.236233130063967e-01,vn
9.000000000000000e+02,23,2.985791139071409e-20,-3.621065849512134e-20,4.693300183523356e-20,-8.812573105074615e-01,vn
9.000000000000000e+02,24,3.295716073186616e-06,-4.041888074918832e-06,5.215228053041561e-06,-8.867412903461783e-01,vn
9.000000000000000e+02,25,1.058791184067875e-20,-1.863472483959461e-20,2.143261176323104e-20,-1.054101188032619e+00,vn
9.000000000000000e+02,26,3.009119122319178e-06,-3.281074528662695e-06,4.451993705627409e-06,-8.286060772309070e-01,vn
9.000000000000000e+02,27,1.077849425381097e-19,-2.752857078576476e-20,1.112448472849438e-19,-2.500571051556737e-01,vn
9.000000000000000e+02,28,2.836809019183367e-06,-3.319067680283574e-06,4.366199225599203e-06,-8.635796648340727e-01,vn
9.000000000000000e+02,29,4.489274620447792e-20,-9.084428359302371e-20,1.013313501504316e-19,-1.111821580978386e+00,vn
9.000000000000000e+02,30,2.671529685004476e-06,-3.250147084230787e-06,4.207199416119232e-06,-8.828007121613954e-01,vn
9.000000000000000e+02,31,-6.776263578034403e-20,-3.006966962752766e-20,7.413474110974031e-20,-2.723948370349223e+00,vn
9.000000000000000e+02,32,2.186717708437596e-06,-2.447875239835869e-06,3.282350914542210e-06,-8.416882505124980e-01,vn
9.000000000000000e+02,33,8.470329472543003e-21,-3.472835083742631e-20,3.574639608772889e-20,-1.331564726831236e+00,vn
9.000000000000000e+02,34,1.918097979994218e-06,-2.469385793676352e-06,3.126814042898696e-06,-9.103932138063080e-01,vn
9.000000000000000e+02,35,2.308164781267968e-20,4.828087799349512e-20,5.351453676872614e-20,1.124845985051861e+00,vn
9.000000000000000e+02,36,1.902780378308344e-06,-2.214909058502167e-06,2.919999196148896e-06,-8.610553771367058e-01,vn
9.000000000000000e+02,37,1.914294460794719e-19,-1.086319754853640e-19,2.201048362125334e-19,-5.161628295408676e-01,vn
9.000000000000000e+02,38,1.670659827244688e-06,-2.130667415464509e-06,2.707553857948436e-06,-9.058249604708996e-01,vn
9.000000000000000e+02,39,1.130788984584491e-19,-8.195043764685356e-20,1.396521088529889e-19,-6.271240471715002e-01,vn
9.000000000000000e+02,40,1.429801976599154e-06,-1.754854185174228e-06,2.263591593797422e-06,-8.871141434583792e-01,vn
9.500000000000000e+02,0,2.498362331318605e-06,1.452272318258258e-06,2.889793976208503e-06,5.265483171899552e-01,vn
9.500000000000000e+02,1,5.955700410381799e-22,5.691002614364830e-22,8.237589340027170e-22,7.626748025558072e-01,vn
9.500000000000000e+02,2,2.557184206847201e-06,1.675072912966971e-06,3.056969141405324e-06,5.799142194294101e-01,vn
9.500000000000000e+02,3,-2.514629062161204e-22,1.654361225106055e-23,2.520065164018002e-22,3.075897852037329e+00,vn
9.500000000000000e+02,4,1.106246203542236e-06,2.957876376669743e-07,1.145107413934701e-06,2.612678501016538e-01,vn
9.500000000000000e+02,5,-6.220398206398768e-22,1.852884572118782e-22,6.490495750230857e-22,2.852088981628405e+00,vn
9.500000000000000e+02,6,3.169391644327093e-07,7.251812576179792e-08,3.251296856875851e-07,2.249357107446467e-01,vn
9.500000000000000e+02,7,-3.970466940254533e-22,-3.970466940254533e-22,5.615088195861966e-22,-2.356194490192345e+00,vn
9.500000000000000e+02,8,2.752369338642384e-07,9.405395564736466e-08,2.908633980684121e-07,3.292794384708895e-01,vn
9.500000000000000e+02,9,-1.654361225106055e-22,-3.374896899216353e-22,3.758568895666882e-22,-2.026570082771602e+00,vn
9.500000000000000e+02,10,1.689177633180498e-07,1.896470237244978e-08,1.699790301785732e-07,1.118036148144488e-01,vn
9.500000000000000e+02,11,4.764560328305439e-22,-8.900463391070578e-22,1.009550809508118e-21,-1.079296684432301e+00,vn
9.500000000000000e+02,12,1.607585588050773e-07,3.958886785523425e-08,1.655614468623197e-07,2.414583054855583e-01,vn
9.500000000000000e+02,13,-3.904292491250291e-22,-3.374896899216353e-22,5.160758562224507e-22,-2.428793943922840e+00,vn
9.500000000000000e+02,14,1.171431900746301e-07,1.922273664955720e-08,1.187099009567406e-07,1.626465146212215e-01,vn
9.500000000000000e+02,15,-6.617444900424221e-23,-7.477712737479370e-22,7.506936362748969e-22,-1.659061964779705e+00,vn
9.500000000000000e+02,16,8.988002783357676e-08,1.709098419238502e-08,9.149055221184801e-08,1.879099042199874e-01,vn
9.500000000000000e+02,17,4.301339185275744e-22,-8.536503921547246e-22,9.558944397232369e-22,-1.104052752453541e+00,vn
9.500000000000000e+02,18,8.983948438411469e-08,1.895018897186222e-08,9.181635266374328e-08,2.078864395998799e-01,vn
9.500000000000000e+02,19,5.955700410381799e-23,-1.323488980084844e-23,6.100982745314721e-23,-2.186689458739420e-01,vn
9.500000000000000e+02,20,7.306026430497947e-08,1.181955683584087e-08,7.401016243806745e-08,1.603885777533140e-01,vn
9.500000000000000e+02,21,-5.459392042849983e-22,5.293955920339377e-23,5.484999650902329e-22,3.044925192568063e+00,vn
9.500000000000000e+02,22,7.125063292654767e-08,1.736254309168509e-08,7.333560250686061e-08,2.390241418193920e-01,vn
9.500000000000000e+02,23,-6.088049308390284e-22,-1.257314531080602e-22,6.216525091355929e-22,-2.937934127612245e+00,vn
9.500000000000000e+02,24,5.512802607060594e-08,9.310018512090975e-09,5.590863710677345e-08,1.673013703101044e-01,vn
9.500000000000000e+02,25,3.904292491250291e-22,3.771943593241806e-22,5.428725294931703e-22,7.681584922029187e-01,vn
9.500000000000000e+02,26,5.282697756913404e-08,1.144274036810247e-08,5.405206625302675e-08,2.133125043274579e-01,vn
9.500000000000000e+02,27,8.933550615572699e-22,-1.753622898612419e-21,1.968064159662437e-21,-1.099630062481787e+00,vn
9.500000000000000e+02,28,4.975033905244568e-08,9.791706776777022e-09,5.070477055894921e-08,1.943330075402579e-01,vn
9.500000000000000e+02,29,-1.783401400664328e-21,-1.058791184067875e-21,2.074020088463788e-21,-2.605824282570318e+00,vn
9.500000000000000e+02,30,4.019528211863553e-08,7.013556057452514e-09,4.080258169733540e-08,1.727479119774217e-01,vn
9.500000000000000e+02,31,-9.595295105615121e-22,6.749793798432706e-22,1.173155592771914e-21,2.528556157267867e+00,vn
9.500000000000000e+02,32,3.788435715920681e-08,7.903377428967275e-09,3.869997276679990e-08,2.056686696396477e-01,vn
9.500000000000000e+02,33,-4.929996450816045e-22,-3.044024654195142e-22,5.794044451020950e-22,-2.588441226237377e+00,vn
9.500000000000000e+02,34,3.096371223790559e-08,4.138445016495100e-09,3.123904932462539e-08,1.328672515320108e-01,vn
9.500000000000000e+02,35,7.246102165964522e-22,4.632211430296955e-23,7.260893225144238e-22,6.384007111970974e-02,vn
9.500000000000000e+02,36,3.113207520605053e-08,6.191355449248497e-09,3.174175466060636e-08,1.963124828283323e-01,vn
9.500000000000000e+02,37,1.340032592335905e-22,-3.017554874593445e-21,3.020528810435002e-21,-1.526417589260088e+00,vn
9.500000000000000e+02,38,2.624879669809820e-08,4.131514399806027e-09,2.657195399916792e-08,1.561174199768186e-01,vn
9.500000000000000e+02,39,-1.323488980084844e-23,-3.831500597345624e-21,3.831523455463625e-21,-1.574250544490200e+00,vn
9.500000000000000e+02,40,2.209741154881973e-08,3.684369890342619e-09,2.240245920980049e-08,1.652133128314728e-01,vn
1.000000000000000e+03,0,3.194360092300878e-04,3.779271344353815e-04,4.948416746146020e-04,8.690770053039010e-01,vn
1.000000000000000e+03,1,-1.084202172485504e-19,1.550070293475370e-19,1.891616310338094e-19,2.181155453342893e+00,vn
1.000000000000000e+03,2,3.775856852583926e-04,4.579278242718117e-04,5.935224022346294e-04,8.812624117421585e-01,vn
1.000000000000000e+03,3,-1.016439536705160e-19,8.555032767268433e-20,1.328546268771911e-19,2.441956457376206e+00,vn
1.000000000000000e+03,4,3.506029547527008e-05,1.406206468095509e-05,3.777520326754851e-05,3.814390640157546e-01,vn
1.000000000000000e+03,5,-8.809142651444724e-20,-1.329841727189252e-19,1.595145435974011e-19,-2.155853430760700e+00,vn
1.000000000000000e+03,6,1.856147571915485e-07,-1.623209858455626e-05,1.623315980629898e-05,-1.559361781439169e+00,vn
1.000000000000000e+03,7,-2.414043899674756e-20,-8.046812998915853e-20,8.401119412856721e-20,-1.862253121272764e+00,vn
1.000000000000000e+03,8,1.093593781989371e-05,-3.014039822301144e-06,1.134368423621703e-05,-2.689320447335388e-01,vn
1.000000000000000e+03,9,-3.303428494291771e-20,-6.437450399132683e-20,7.235565455318080e-20,-2.044914757300400e+00,vn
1.000000000000000e+03,10,-2.396262881504761e-06,-1.055025741043003e-05,1.081896516417403e-05,-1.794135666787119e+00,vn
1.000000000000000e+03,11,1.753358200816402e-19,-7.962109704190423e-20,1.925673100447156e-19,-4.262634596518755e-01,vn
1.000000000000000e+03,12,1.371438637075658e-06,-6.249322396854211e-06,6.398036757872496e-06,-1.354766899495969e+00,vn
1.000000000000000e+03,13,-5.421010862427522e-20,-8.131516293641283e-20,9.772866314664846e-20,-2.158798930342464e+00,vn
1.000000000000000e+03,14,-2.641617126713896e-06,-1.076023722825595e-05,1.107974937679068e-05,-1.811533381445045e+00,vn
1.000000000000000e+03,15,3.896351557369782e-20,-8.639736061993863e-20,9.477689311194747e-20,-1.147127404917381e+00,vn
1.000000000000000e+03,16,-8.864438002495318e-07,-6.651318393035505e-06,6.710128089428192e-06,-1.703288969732997e+00,vn
1.000000000000000e+03,17,1.410309857178410e-19,-6.352747104407253e-20,1.546786297773592e-19,-4.232284579506344e-01,vn
1.000000000000000e+03,18,-4.123819565926226e-07,-5.477865560870971e-06,5.493365997373504e-06,-1.645936097739117e+00,vn
1.000000000000000e+03,19,3.049318610115481e-20,1.016439536705160e-20,3.214264039834626e-20,3.217505543966422e-01,vn
1.000000000000000e+03,20,-1.694497312587102e-06,-5.958912986710363e-06,6.195156586039641e-06,-1.847846694778607e+00,vn
1.000000000000000e+03,21,-9.444417361885449e-20,4.573977915173222e-20,1.049372637693473e-19,2.690579751290199e+00,vn
1.000000000000000e+03,22,-1.483143246513503e-07,-4.422355347267624e-06,4.424841687157105e-06,-1.604321166980407e+00,vn
1.000000000000000e+03,23,-7.496241583200558e-20,-1.228197773518735e-19,1.438890596818754e-19,-2.118787615727261e+00,vn
1.000000000000000e+03,24,-1.164874703241188e-06,-4.862112552150862e-06,4.999707145827065e-06,-1.805946046008127e+00,vn
1.000000000000000e+03,25,-4.192813088908787e-20,5.929230630780102e-21,4.234529413908310e-20,3.001110025199396e+00,vn
1.000000000000000e+03,26,-1.905532637400488e-07,-3.109747621572355e-06,3.115580333773614e-06,-1.631995925174114e+00,vn
1.000000000000000e+03,27,2.244637310223896e-19,-2.295459287059154e-19,3.210534222367873e-19,-7.965917257225075e-01,vn
1.000000000000000e+03,28,-6.379255091555266e-07,-3.592034083438875e-06,3.648240371990022e-06,-1.746558287152541e+00,vn
1.000000000000000e+03,29,-1.384898868760781e-19,-3.752355956336551e-19,3.999765005565862e-19,-1.924361938111153e+00,vn
1.000000000000000e+03,30,-7.870647476852854e-07,-3.440025308015624e-06,3.528915561023938e-06,-1.795721104199501e+00,vn
1.000000000000000e+03,31,-2.058290061827950e-19,3.303428494291771e-20,2.084630513253774e-19,2.982455927791100e+00,vn
1.000000000000000e+03,32,-2.550844682984447e-07,-2.723261913052553e-06,2.735182541083822e-06,-1.664192539383016e+00,vn
1.000000000000000e+03,33,-4.108109794183357e-20,-1.058791184067875e-19,1.135695572004446e-19,-1.940915265886641e+00,vn
1.000000000000000e+03,34,-8.269371719251911e-07,-2.860044318799591e-06,2.977193072645684e-06,-1.852255105251804e+00,vn
1.000000000000000e+03,35,1.372193374551967e-19,5.082197683525802e-20,1.463284657921576e-19,3.547056520109403e-01,vn
1.000000000000000e+03,36,-3.203818975009931e-07,-2.196868213047176e-06,2.220106868090685e-06,-1.715611179785341e+00,vn
1.000000000000000e+03,37,1.884648307640818e-19,-5.590417451878382e-19,5.899547993682209e-19,-1.245640564220561e+00,vn
1.000000000000000e+03,38,-6.696111408460928e-07,-2.532706910024951e-06,2.619729637201775e-06,-1.829267849981231e+00,vn
1.000000000000000e+03,39,2.460630711773742e-19,-4.472333961502706e-19,5.104554296207911e-19,-1.067807719481161e+00,vn
1.000000000000000e+03,40,-4.275171778710612e-07,-1.929608149721413e-06,1.976400401954556e-06,-1.788830764414089e+00,vn
1.050000000000000e+03,0,-3.093166406209708e-06,-3.810571580976142e-07,3.116549851075980e-06,-3.019017027152682e+00,vn
1.050000000000000e+03,1,6.683619349428464e-22,-2.994393817441960e-22,7.323739614567765e-22,-4.212059721195527e-01,vn
1.050000000000000e+03,2,-3.595404817211632e-06,-8.842207937431039e-07,3.702537266755906e-06,-2.900447474590155e+00,vn
1.050000000000000e+03,3,1.555099551599692e-21,-4.268251960773623e-22,1.612611039089105e-21,-2.678716266443399e-01,vn
1.050000000000000e+03,4,-3.858817620746888e-07,6.458166851297516e-07,7.523190314579630e-07,2.109382744479968e+00,vn
1.050000000000000e+03,5,1.985233470127266e-22,4.135903062765138e-22,4.587684173469617e-22,1.123276351637727e+00,vn
1.050000000000000e+03,6,1.316605326843057e-08,5.747550669385519e-07,5.749058461437024e-07,1.547893090573758e+00,vn
1.050000000000000e+03,7,4.830734777309682e-22,3.970466940254533e-22,6.253047753884774e-22,6.879633121051921e-01,vn
1.050000000000000e+03,8,-1.082932621721651e-07,2.117562593088610e-07,2.378405852422392e-07,2.043526447475300e+00,vn
1.050000000000000e+03,9,5.691002614364830e-22,4.069728613760896e-22,6.996442077682879e-22,6.207992385387628e-01,vn
1.050000000000000e+03,10,1.580834747494049e-08,1.965845138292575e-07,1.972191038600825e-07,1.490553974636135e+00,vn
1.050000000000000e+03,11,-4.896909226313924e-22,1.164670302474663e-21,1.263429504631741e-21,1.968810642423748e+00,vn
1.050000000000000e+03,12,-9.359609912970886e-09,2.019727518201935e-07,2.021895021398105e-07,1.617104150882095e+00,vn
1.050000000000000e+03,13,5.757177063369073e-22,9.264422860593910e-23,5.831241981634949e-22,1.595517209332598e-01,vn
1.050000000000000e+03,14,2.151176174262584e-08,1.649935252002897e-07,1.663899613897729e-07,1.441148216819995e+00,vn
1.050000000000000e+03,15,2.977850205190900e-22,4.532949756790592e-22,5.423580490980415e-22,9.895618094128559e-01,vn
1.050000000000000e+03,16,7.722189415094152e-09,1.278330627114707e-07,1.280660928253744e-07,1.510461257279092e+00,vn
1.050000000000000e+03,17,-3.970466940254533e-23,4.963083675318166e-22,4.978940213082119e-22,1.650626312507134e+00,vn
1.050000000000000e+03,18,1.968701646135225e-09,1.013754663190396e-07,1.013945805138234e-07,1.551378865288636e+00,vn
1.050000000000000e+03,19,-1.389663429089086e-22,-3.970466940254533e-23,1.445271781840419e-22,-2.863292994584682e+00,vn
1.050000000000000e+03,20,1.421982201062313e-08,1.057968910917824e-07,1.067482341900805e-07,1.437190223051336e+00,vn
1.050000000000000e+03,21,6.418921553411495e-22,-6.683619349428464e-22,9.266785932398849e-22,-8.055974359785162e-01,vn
1.050000000000000e+03,22,5.949076277546327e-10,9.293838296765287e-08,9.294028697893970e-08,1.564395316967730e+00,vn
1.050000000000000e+03,23,4.665298654799076e-22,1.455837878093329e-22,4.887174589244931e-22,3.024809911756064e-01,vn
1.050000000000000e+03,24,8.575243754990155e-09,7.538467426422533e-08,7.587083708106069e-08,1.457530054508764e+00,vn
1.050000000000000e+03,25,-1.025703959565754e-22,2.779326858178173e-22,2.962554032799979e-22,1.924338286546015e+00,vn
1.050000000000000e+03,26,9.990525325966267e-10,6.725039609227434e-08,6.725781650136046e-08,1.555941707253420e+00,vn
1.050000000000000e+03,27,-3.970466940254533e-23,1.909132853772388e-21,1.909545682649532e-21,1.591590556171392e+00,vn
1.050000000000000e+03,28,4.693412287503556e-09,6.436939908954503e-08,6.454027934592172e-08,1.498011410112962e+00,vn
1.050000000000000e+03,29,1.541864661798844e-21,6.948317145445432e-22,1.691194177745705e-21,4.233891624779045e-01,vn
1.050000000000000e+03,30,6.529538882517438e-09,6.123244798110590e-08,6.157960347206814e-08,1.464562503280737e+00,vn
1.050000000000000e+03,31,7.907846656006945e-22,-1.005851624864482e-21,1.279483442093613e-21,-9.045366028589611e-01,vn
1.050000000000000e+03,32,1.772698025654764e-09,4.916797939169450e-08,4.919992536327931e-08,1.534758024120485e+00,vn
1.050000000000000e+03,33,4.698385879301197e-22,1.654361225106055e-22,4.981138517844218e-22,3.385556949116842e-01,vn
1.050000000000000e+03,34,6.886412610011750e-09,4.445879857228993e-08,4.498897030525124e-08,1.417123289619543e+00,vn
1.050000000000000e+03,35,-9.198248411589668e-22,3.441071348220595e-22,9.820832238912167e-22,2.783610626688843e+00,vn
1.050000000000000e+03,36,2.909840450630478e-09,4.315500243212507e-08,4.325299303360226e-08,1.503470584103256e+00,vn
1.050000000000000e+03,37,9.165161187087547e-22,3.613124915631625e-21,3.727555962264148e-21,1.322373113243848e+00,vn
1.050000000000000e+03,38,5.651885355365599e-09,3.861054163095489e-08,3.902201600514633e-08,1.425446704519410e+00,vn
1.050000000000000e+03,39,1.469072767894177e-21,2.766091968377325e-21,3.132002486411816e-21,1.082578993813764e+00,vn
1.050000000000000e+03,40,3.694916116895170e-09,3.274469888987639e-08,3.295250689248944e-08,1.458431496915380e+00,vn
1.100000000000000e+03,0,8.815388780272974e-05,-1.175316119051120e-04,1.469176222641454e-04,-9.272670178507161e-01,vn
1.100000000000000e+03,1,2.562274665444259e-20,5.505714157152952e-21,2.620759497737294e-20,2.116576672486170e-01,vn
1.100000000000000e+03,2,1.007408346191263e-04,-1.158956719716776e-04,1.535595081443179e-04,-8.552395245759137e-01,vn
1.100000000000000e+03,3,6.776263578034403e-21,3.282252670610414e-20,3.351471329807127e-20,1.367205059359082e+00,vn
1.100000000000000e+03,4,1.709841661264112e-05,-5.867785283310324e-05,6.111829729109577e-05,-1.287252860126901e+00,vn
1.100000000000000e+03,5,-1.079967007749233e-20,7.835054762102278e-21,1.334244943433644e-20,2.513963227788299e+00,vn
1.100000000000000e+03,6,4.487782708722225e-06,-1.732948248124988e-05,1.790114959181819e-05,-1.317395095393212e+00,vn
1.100000000000000e+03,7,-2.329340604949326e-20,8.470329472543003e-21,2.478566615525998e-20,2.792821650005886e+00,vn
1.100000000000000e+03,8,5.795314534083095e-06,-1.434762729549359e-05,1.547385147787542e-05,-1.186913960504849e+00,vn
1.100000000000000e+03,9,-2.096406544454393e-20,1.736417541871316e-20,2.722143691899756e-20,2.449842416309044e+00,vn
1.100000000000000e+03,10,1.455253282265915e-06,-9.854595587560437e-06,9.961466574250569e-06,-1.424183385173498e+00,vn
1.100000000000000e+03,11,-2.329340604949326e-20,-3.218725199566341e-20,3.973162413517609e-20,-2.197241520363652e+00,vn
1.100000000000000e+03,12,2.427651552778521e-06,-8.746704356951308e-06,9.077352541882405e-06,-1.300060551222104e+00,vn
1.100000000000000e+03,13,-2.456395547037471e-20,3.599890025830776e-21,2.482633916929009e-20,2.996076796929827e+00,vn
1.100000000000000e+03,14,1.138941614418208e-06,-6.528447675453968e-06,6.627051912592347e-06,-1.398076351979615e+00,vn
1.100000000000000e+03,15,-3.028142786434124e-20,-4.870439446712227e-21,3.067060569841085e-20,-2.982119284141134e+00,vn
1.100000000000000e+03,16,1.180749834331153e-06,-5.081951996053459e-06,5.217317918381510e-06,-1.342504944261847e+00,vn
1.100000000000000e+03,17,-4.086933970501999e-20,-3.176373552203626e-20,5.176135452476289e-20,-2.480908293478642e+00,vn
1.100000000000000e+03,18,1.145125058249626e-06,-4.932567283643997e-06,5.063746775531565e-06,-1.342681233914973e+00,vn
1.100000000000000e+03,19,1.079967007749233e-20,2.752857078576476e-21,1.114500317979998e-20,2.495869254369846e-01,vn
1.100000000000000e+03,20,6.875486113764325e-07,-4.071742433114813e-06,4.129383674912444e-06,-1.403515746076945e+00,vn
1.100000000000000e+03,21,4.235164736271502e-22,3.197549375884984e-20,3.197829838070935e-20,1.557552068130168e+00,vn
1.100000000000000e+03,22,1.013973938643539e-06,-3.828344315946661e-06,3.960348892419631e-06,-1.311881740767980e+00,vn
1.100000000000000e+03,23,-1.185846126156020e-20,4.108109794183357e-20,4.275838761691612e-20,1.851817067519473e+00,vn
1.100000000000000e+03,24,5.534483798977718e-07,-3.057969178308758e-06,3.107648726078578e-06,-1.391748886239127e+00,vn
1.100000000000000e+03,25,2.668153783851046e-20,-1.905824131322176e-20,3.278903815882464e-20,-6.202494859828215e-01,vn
1.100000000000000e+03,26,6.907731222410295e-07,-2.886052142450004e-06,2.967568781907318e-06,-1.335867169030297e+00,vn
1.100000000000000e+03,27,-8.427977825180288e-20,-5.505714157152952e-20,1.006696074304480e-19,-2.562924668056696e+00,vn
1.100000000000000e+03,28,5.395642746395519e-07,-2.700459999151550e-06,2.753836199465193e-06,-1.373588678312903e+00,vn
1.100000000000000e+03,29,-6.098637220230962e-20,8.533856943587076e-20,1.048904620437892e-19,2.191280499466674e+00,vn
1.100000000000000e+03,30,4.175148405060898e-07,-2.224934805648601e-06,2.263769761135041e-06,-1.385300946412267e+00,vn
1.100000000000000e+03,31,2.329340604949326e-20,5.050433948003766e-20,5.561718324134601e-20,1.138654473302920e+00,vn
1.100000000000000e+03,32,4.806613639152170e-07,-2.074858135514049e-06,2.129805537900038e-06,-1.343152037938823e+00,vn
1.100000000000000e+03,33,-2.032879073410321e-20,2.265813133905253e-20,3.044093705010927e-20,2.302060240580464e+00,vn
1.100000000000000e+03,34,2.533585754542538e-07,-1.749348376062776e-06,1.767600155179242e-06,-1.426966156418210e+00,vn
1.100000000000000e+03,35,5.929230630780102e-21,-3.578714202149419e-20,3.627499565733366e-20,-1.406607341983913e+00,vn
1.100000000000000e+03,36,3.705836085412472e-07,-1.712505120027247e-06,1.752143258138155e-06,-1.357683802395549e+00,vn
1.100000000000000e+03,37,-1.520424140321469e-19,-3.208137287725663e-20,1.553901867892962e-19,-2.933640222806677e+00,vn
1.100000000000000e+03,38,2.430473206353926e-07,-1.463029825530506e-06,1.483080668898312e-06,-1.406173730994484e+00,vn
1.100000000000000e+03,39,-1.893118637113361e-19,-1.852884572118782e-20,1.902164552966412e-19,-3.044028678134958e+00,vn
1.100000000000000e+03,40,2.413248966419055e-07,-1.245629694855831e-06,1.268791173694812e-06,-1.379429810856923e+00,vn
1.150000000000000e+03,0,8.250575323511336e-06,8.682270975793402e-06,1.197722098260021e-05,8.108872129592879e-01,vn
1.150000000000000e+03,1,-1.667596114906904e-21,1.852884572118782e-21,2.492801243590913e-21,2.303611428581403e+00,vn
1.150000000000000e+03,2,9.739489989863824e-06,1.035063487112473e-05,1.421243496020302e-05,8.158089485491941e-01,vn
1.150000000000000e+03,3,-3.798413372843503e-21,-3.255782891008717e-21,5.002805851158071e-21,-2.432966381462123e+00,vn
1.150000000000000e+03,4,9.220550842262575e-07,7.200622684367511e-07,1.169903948524737e-06,6.630054543967202e-01,vn
1.150000000000000e+03,5,1.191140082076360e-21,-1.244079641279754e-21,1.722367222451600e-21,-8.071338702392410e-01,vn
1.150000000000000e+03,6,5.025434628739897e-09,-1.455145059543152e-07,1.456012583611013e-07,-1.536274420795451e+00,vn
1.150000000000000e+03,7,-9.132073962585426e-22,-2.064642808932357e-21,2.257586693143233e-21,-1.987234943986488e+00,vn
1.150000000000000e+03,8,2.690255028649713e-07,1.306843579498983e-07,2.990871488454958e-07,4.521984576328466e-01,vn
1.150000000000000e+03,9,-8.867376166568457e-22,-1.694065894508601e-21,1.912109530265327e-21,-2.053017651022750e+00,vn
1.150000000000000e+03,10,-5.882261506357984e-08,-1.318033853371071e-07,1.443337536033760e-07,-1.990561254509264e+00,vn
1.150000000000000e+03,11,3.388131789017201e-21,-2.514629062161204e-21,4.219336007005680e-21,-6.384823303544376e-01,vn
1.150000000000000e+03,12,3.494439719588464e-08,-3.496415580397106e-08,4.943281386354729e-08,-7.856807984501342e-01,vn
1.150000000000000e+03,13,-1.244079641279754e-21,-2.038173029330660e-21,2.387861690160818e-21,-2.118820243219174e+00,vn
1.150000000000000e+03,14,-6.976530236463805e-08,-1.441372324451555e-07,1.601335042737095e-07,-2.021578399706556e+00,vn
1.150000000000000e+03,15,1.297019200483147e-21,-2.196991706940842e-21,2.551280338729708e-21,-1.037494144065522e+00,vn
1.150000000000000e+03,16,-2.419318185129400e-08,-7.614437062140970e-08,7.989540177895335e-08,-1.878436756581733e+00,vn
1.150000000000000e+03,17,3.229313111407020e-21,-1.588186776101813e-21,3.598722051963719e-21,-4.570687565477896e-01,vn
1.150000000000000e+03,18,-1.171894403738964e-08,-5.754231120447583e-08,5.872351512047125e-08,-1.771706574189230e+00,vn
1.150000000000000e+03,19,-1.323488980084844e-23,5.293955920339377e-22,5.295610023151289e-22,1.595791120413817e+00,vn
1.150000000000000e+03,20,-4.328173688181998e-08,-8.078714836754703e-08,9.165081608402159e-08,-2.062633465591504e+00,vn
1.150000000000000e+03,21,-2.607273290767143e-21,9.793818452627848e-22,2.785150410943378e-21,2.782265809850428e+00,vn
1.150000000000000e+03,22,-5.423190798343901e-09,-4.422139110718474e-08,4.455269273444468e-08,-1.692824271146508e+00,vn
1.150000000000000e+03,23,-2.421984833555265e-21,-2.541098841762901e-21,3.510440692787799e-21,-2.332199096600475e+00,vn
1.150000000000000e+03,24,-3.106088580319622e-08,-6.424383460511958e-08,7.135859381776771e-08,-2.021144298704077e+00,vn
1.150000000000000e+03,25,-7.411538288475128e-22,5.558653716356346e-22,9.264422860593910e-22,2.498091544796509e+00,vn
1.150000000000000e+03,26,-5.624021980368766e-09,-3.176800721015586e-08,3.226198855216748e-08,-1.746015009195036e+00,vn
1.150000000000000e+03,27,4.685150989500349e-21,-5.664532834763134e-21,7.351025236694931e-21,-8.797463695117219e-01,vn
1.150000000000000e+03,28,-1.711944943519122e-08,-4.380357989861058e-08,4.703008782575289e-08,-1.943366607272469e+00,vn
1.150000000000000e+03,29,-4.539567201691016e-21,-8.549738811348094e-21,9.680170665899477e-21,-2.058903888389826e+00,vn
1.150000000000000e+03,30,-2.093930726035551e-08,-4.482692057708475e-08,4.947633168463321e-08,-2.007791218707875e+00,vn
1.150000000000000e+03,31,-4.552802091491864e-21,1.402898318889935e-21,4.764045610343891e-21,2.842685225294310e+00,vn
1.150000000000000e+03,32,-7.705302605011718e-09,-3.030917989031238e-08,3.127328051001553e-08,-1.819745982696368e+00,vn
1.150000000000000e+03,33,-1.442602988292480e-21,-2.461689502957810e-21,2.853247025899276e-21,-2.100874111439382e+00,vn
1.150000000000000e+03,34,-2.156800990423686e-08,-3.978810075169870e-08,4.525783923981111e-08,-2.067532306438044e+00,vn
1.150000000000000e+03,35,3.533715576826534e-21,1.005851624864482e-21,3.674082643211636e-21,2.773100502237574e-01,vn
1.150000000000000e+03,36,-8.661000179081718e-09,-2.564004323664283e-08,2.706334682331376e-08,-1.896554253671790e+00,vn
1.150000000000000e+03,37,3.427836458419747e-21,-1.357899693567050e-20,1.400497128039256e-20,-1.323525666764718e+00,vn
1.150000000000000e+03,38,-1.774230096230196e-08,-3.462291304238448e-08,3.890418166441004e-08,-2.044349433576080e+00,vn
1.150000000000000e+03,39,5.810116622572466e-21,-1.204374971877208e-20,1.337196180282891e-20,-1.121313330388767e+00,vn
1.150000000000000e+03,40,-1.138666339402398e-08,-2.488574748543364e-08,2.736707019681816e-08,-1.999917369055425e+00,vn
1.200000000000000e+03,0,-8.018467218884604e-05,6.699015700522708e-05,1.044857061497776e-04,2.445607432274569e+00,vn
1.200000000000000e+03,1,-8.893845946170154e-21,1.969351602366248e-20,2.160868041062337e-20,1.994990734698663e+00,vn
1.200000000000000e+03,2,-9.061659090922432e-05,8.192727185542507e-05,1.221615505045775e-04,2.406512040227757e+00,vn
1.200000000000000e+03,3,-5.082197683525802e-21,-6.352747104407253e-20,6.373043472745113e-20,-1.650626312507134e+00,vn
1.200000000000000e+03,4,-1.526794395284278e-05,3.006448369914099e-06,1.556113248925371e-05,2.947167639331779e+00,vn
1.200000000000000e+03,5,2.032879073410321e-20,-1.397604362969596e-20,2.466960737932660e-20,-6.022873461349642e-01,vn
1.200000000000000e+03,6,-3.525886250735332e-06,-4.948123248727390e-06,6.075837188217024e-06,-2.189909086632457e+00,vn
1.200000000000000e+03,7,2.731681254895119e-20,2.541098841762901e-21,2.743474860752592e-20,9.275632018814374e-02,vn
1.200000000000000e+03,8,-4.594793196968188e-06,6.852198182830543e-07,4.645605528052614e-06,2.993554030184856e+00,vn
1.200000000000000e+03,9,1.651714247145886e-20,-9.952637130238029e-21,1.928395657713071e-20,-5.423027372156047e-01,vn
1.200000000000000e+03,10,-1.119669503402367e-06,-1.792712559010480e-06,2.113640961961895e-06,-2.129084370689343e+00,vn
1.200000000000000e+03,11,1.905824131322176e-20,2.869324108823942e-20,3.444587995828854e-20,9.844987514331082e-01,vn
1.200000000000000e+03,12,-1.802857498231795e-06,-1.312716659469917e-06,2.230139051041541e-06,-2.512235157485128e+00,vn
1.200000000000000e+03,13,1.736417541871316e-20,-1.905824131322176e-21,1.746845023439035e-20,-1.093185338879001e-01,vn
1.200000000000000e+03,14,-7.120248823418546e-07,-1.677398215671797e-06,1.822263484519421e-06,-1.972227905849954e+00,vn
1.200000000000000e+03,15,1.609362599783171e-20,8.893845946170154e-21,1.838763969280157e-20,5.048613716591264e-01,vn
1.200000000000000e+03,16,-7.974899570089071e-07,-1.108625722764201e-06,1.365665121728059e-06,-2.194391191383668e+00,vn
1.200000000000000e+03,17,8.893845946170154e-21,3.451659260061274e-20,3.564401296811123e-20,1.318613177368327e+00,vn
1.200000000000000e+03,18,-7.817487445660137e-07,-7.684794768223690e-07,1.096217043257274e-06,-2.364753838753187e+00,vn
1.200000000000000e+03,19,-1.905824131322176e-21,3.599890025830776e-21,4.073251013331468e-21,2.057695558606166e+00,vn
1.200000000000000e+03,20,-4.378352207014252e-07,-1.090774986480633e-06,1.175367921809376e-06,-1.952507549817246e+00,vn
1.200000000000000e+03,21,-1.079967007749233e-20,-1.842296660278103e-20,2.135505964004476e-20,-2.101012099571526e+00,vn
1.200000000000000e+03,22,-7.028437183073189e-07,-7.128770073704160e-07,1.001090865007497e-06,-2.349107554960173e+00,vn
1.200000000000000e+03,23,2.731681254895119e-20,-2.339928516790005e-20,3.596852504903758e-20,-7.083069873364765e-01,vn
1.200000000000000e+03,24,-3.534242564814859e-07,-7.504022785842338e-07,8.294650594050971e-07,-2.010959370130470e+00,vn
1.200000000000000e+03,25,-1.270549420881451e-20,-1.281137332722129e-20,1.804330539617551e-20,-2.352045136412479e+00,vn
1.200000000000000e+03,26,-4.897810286452089e-07,-5.312046844811609e-07,7.225398762943736e-07,-2.315644511384720e+00,vn
1.200000000000000e+03,27,4.298692207315574e-20,4.256340559952859e-20,6.049395809131311e-20,7.804477087886049e-01,vn
1.200000000000000e+03,28,-3.660669550036880e-07,-5.881781037050862e-07,6.927903703313025e-07,-2.127505293575036e+00,vn
1.200000000000000e+03,29,7.919758056827708e-20,-3.981054852095212e-20,8.864049041723439e-20,-4.657843578856372e-01,vn
1.200000000000000e+03,30,-2.781131167289348e-07,-6.124321711617514e-07,6.726217882068487e-07,-1.997064959700106e+00,vn
1.200000000000000e+03,31,-9.529120656610879e-21,-4.002230675776569e-20,4.114108869124571e-20,-1.804539507663798e+00,vn
1.200000000000000e+03,32,-3.294860417138019e-07,-4.105427116894226e-07,5.264089378093172e-07,-2.247097604707121e+00,vn
1.200000000000000e+03,33,2.117582368135751e-20,-1.492895569535704e-20,2.590924982970126e-20,-6.140737925245042e-01,vn
1.200000000000000e+03,34,-1.558052387237706e-07,-4.808560607581805e-07,5.054679253737533e-07,-1.884138315554200e+00,vn
1.200000000000000e+03,35,-9.317362419797304e-21,3.006966962752766e-20,3.148012506281559e-20,1.871273495167478e+00,vn
1.200000000000000e+03,36,-2.517557629408898e-07,-3.870817451500530e-07,4.617501939386274e-07,-2.147448689600814e+00,vn
1.200000000000000e+03,37,1.160435137738391e-19,2.879912020664621e-20,1.195637336890081e-19,2.432604517593102e-01,vn
1.200000000000000e+03,38,-1.456781636601282e-07,-4.092632569669083e-07,4.344174730262915e-07,-1.912763916900742e+00,vn
1.200000000000000e+03,39,1.046085689859061e-19,6.426862487292004e-20,1.227738117366044e-19,5.509205193837761e-01,vn
1.200000000000000e+03,40,-1.539340996936859e-07,-3.233854160182638e-07,3.581533670675332e-07,-2.015066917008578e+00,vn
1.250000000000000e+03,0,5.075653896370787e-06,-1.682058102674959e-06,5.347109680614231e-06,-3.200071323153525e-01,vn
1.250000000000000e+03,1,7.543887186483612e-22,-2.084495143633630e-22,7.826579961018977e-22,-2.695890779209262e-01,vn
1.250000000000000e+03,2,5.615325682200145e-06,-1.656256373617454e-06,5.854491241117794e-06,-2.868199835259895e-01,vn
1.250000000000000e+03,3,-6.088049308390284e-22,4.499862532288471e-22,7.570542067176234e-22,2.505084437801842e+00,vn
1.250000000000000e+03,4,1.380413494733686e-06,-8.417458822581379e-07,1.616810918673362e-06,-5.475782559634896e-01,vn
1.250000000000000e+03,5,-8.867376166568457e-22,1.091878408569997e-21,1.406592357399830e-21,2.252884675375112e+00,vn
1.250000000000000e+03,6,3.617427256411910e-07,-2.441767025075763e-07,4.364402153809745e-07,-5.937503555181149e-01,vn
1.250000000000000e+03,7,-1.469072767894177e-21,-3.275635225709990e-22,1.505148716468702e-21,-2.922208400255590e+00,vn
1.250000000000000e+03,8,3.914743748433004e-07,-2.026622200795189e-07,4.408221428269140e-07,-4.776989479256158e-01,vn
1.250000000000000e+03,9,-7.146840492458159e-22,-8.602678370551488e-23,7.198429674318638e-22,-3.021798630837038e+00,vn
1.250000000000000e+03,10,1.598758750642361e-07,-1.404940712960465e-07,2.128353342302302e-07,-7.209610542701509e-01,vn
1.250000000000000e+03,11,-1.720535674110298e-22,-1.690757172058389e-21,1.699488818711598e-21,-1.672208487786743e+00,vn
1.250000000000000e+03,12,1.908943124494469e-07,-1.234482627843702e-07,2.273326023913552e-07,-5.740404517039051e-01,vn
1.250000000000000e+03,13,-8.337980574534519e-22,1.224227306578481e-22,8.427375188010048e-22,2.995808888962626e+00,vn
1.250000000000000e+03,14,1.129667853120455e-07,-9.194689671367845e-08,1.456561924499389e-07,-6.831764711038766e-01,vn
1.250000000000000e+03,15,-9.529120656610879e-22,-5.889525961377557e-22,1.120226122432379e-21,-2.588002688956084e+00,vn
1.250000000000000e+03,16,9.735557723516855e-08,-7.132727761897686e-08,1.206883960922817e-07,-6.323024141434654e-01,vn
1.250000000000000e+03,17,-4.235164736271502e-22,-1.773475233313691e-21,1.823343249805321e-21,-1.805212002518708e+00,vn
1.250000000000000e+03,18,9.766078234767813e-08,-6.948276036946709e-08,1.198560903639083e-07,-6.183828384580052e-01,vn
1.250000000000000e+03,19,3.441071348220595e-22,1.323488980084844e-22,3.686813679039222e-22,3.671738338182192e-01,vn
1.250000000000000e+03,20,6.956497536274031e-08,-5.729790101059715e-08,9.012399934223324e-08,-6.890023124562763e-01,vn
1.250000000000000e+03,21,-2.646977960169689e-22,1.002542902414270e-21,1.036897870765230e-21,1.828932125394517e+00,vn
1.250000000000000e+03,22,8.077358440514780e-08,-5.364798256285998e-08,9.696637546449008e-08,-5.862772268951111e-01,vn
1.250000000000000e+03,23,-1.230844751478905e-21,8.536503921547246e-22,1.497897791663064e-21,2.535209767213831e+00,vn
1.250000000000000e+03,24,5.339049972975950e-08,-4.296544394872676e-08,6.853156086873135e-08,-6.776242060375710e-01,vn
1.250000000000000e+03,25,8.337980574534519e-22,3.639594695233322e-22,9.097723319978769e-22,4.115774555343207e-01,vn
1.250000000000000e+03,26,5.781892113879439e-08,-4.059196268443303e-08,7.064513483764135e-08,-6.121026694339323e-01,vn
1.250000000000000e+03,27,-1.270549420881451e-21,-3.288870115510838e-21,3.525757006318284e-21,-1.939452439543689e+00,vn
1.250000000000000e+03,28,5.043043459857711e-08,-3.803809307705848e-08,6.316743827907165e-08,-6.462274171655976e-01,vn
1.250000000000000e+03,29,-3.930762270851988e-21,1.052173739167451e-21,4.069147528334047e-21,2.880047458853413e+00,vn
1.250000000000000e+03,30,3.950275859270027e-08,-3.126528241397735e-08,5.037842614511609e-08,-6.695185679230429e-01,vn
1.250000000000000e+03,31,-4.764560328305439e-22,2.028246861980024e-21,2.083457627203499e-21,1.801523258442590e+00,vn
1.250000000000000e+03,32,4.074376872863394e-08,-2.917131026855163e-08,5.011007915575982e-08,-6.213637734841186e-01,vn
1.250000000000000e+03,33,-1.151435412673815e-21,2.845501307182415e-22,1.186074317423274e-21,2.899320343801358e+00,vn
1.250000000000000e+03,34,2.801904999445593e-08,-2.467906319869295e-08,3.733796088375611e-08,-7.221031965618084e-01,vn
1.250000000000000e+03,35,1.032321404466179e-21,-1.085260963669572e-21,1.497824703155891e-21,-8.103929570163685e-01,vn
1.250000000000000e+03,36,3.267848119392286e-08,-2.409723402006886e-08,4.060246076975549e-08,-6.353906370555683e-01,vn
1.250000000000000e+03,37,-4.235164736271502e-21,-3.831500597345624e-21,5.711130988763744e-21,-2.406193800770449e+00,vn
1.250000000000000e+03,38,2.467708375161192e-08,-2.056858225794469e-08,3.212514651462163e-08,-6.948421989822654e-01,vn
1.250000000000000e+03,39,-4.857204556911379e-21,-4.658681209898652e-21,6.730211491709858e-21,-2.377053773069229e+00,vn
1.250000000000000e+03,40,2.205828159292340e-08,-1.749008240381415e-08,2.815085734617886e-08,-6.703986293915750e-01,vn
1.300000000000000e+03,0,-9.469726461322756e-05,1.698707919783240e-04,1.944830529700999e-04,2.079353845989857e+00,vn
1.300000000000000e+03,1,-2.752857078576476e-20,1.990527426047606e-20,3.397119592966417e-20,2.515546131096262e+00,vn
1.300000000000000e+03,2,-1.149438734683434e-04,2.003819174975654e-04,2.310086727980308e-04,2.091595877790663e+00,vn
1.300000000000000e+03,3,1.969351602366248e-20,-7.750351467376848e-20,7.996642645611530e-20,-1.321964118195749e+00,vn
1.300000000000000e+03,4,-3.064103903698732e-06,1.892301562730805e-05,1.916948755611392e-05,1.731327695189728e+00,vn
1.300000000000000e+03,5,3.112846081159554e-20,-3.345780141654486e-20,4.569907600956490e-20,-8.214481122218914e-01,vn
1.300000000000000e+03,6,4.367227713026719e-06,-2.059102344877310e-07,4.372079244718168e-06,-4.711406641816795e-02,vn
1.300000000000000e+03,7,5.759824041329242e-20,-1.270549420881451e-20,5.898293720897300e-20,-2.171113147349052e-01,vn
1.300000000000000e+03,8,1.070171436162455e-06,4.716235080462939e-06,4.836128641482490e-06,1.347662540070719e+00,vn
1.300000000000000e+03,9,1.482307657695026e-20,-1.270549420881451e-20,1.952314478500711e-20,-7.086262721276703e-01,vn
1.300000000000000e+03,10,2.766691616788393e-06,-1.254405880900623e-06,3.037781528755029e-06,-4.256741413773022e-01,vn
1.300000000000000e+03,11,5.759824041329242e-20,5.548065804515667e-20,7.997287487536658e-20,7.666737602230997e-01,vn
1.300000000000000e+03,12,1.712414734440728e-06,5.672624649370999e-07,1.803926530337703e-06,3.198875839501469e-01,vn
1.300000000000000e+03,13,2.202285662861181e-20,-1.672890070827243e-20,2.765614457930875e-20,-6.496266064516500e-01,vn
1.300000000000000e+03,14,2.811062381621507e-06,-1.637187984812901e-06,3.253068737512828e-06,-5.273845007759493e-01,vn
1.300000000000000e+03,15,2.879912020664621e-20,6.140988867593677e-21,2.944657991938567e-20,2.100888132190836e-01,vn
1.300000000000000e+03,16,1.793664322471767e-06,-6.269933111217674e-07,1.900092711922116e-06,-3.362827886848951e-01,vn
1.300000000000000e+03,17,4.404571325722362e-20,3.896351557369782e-20,5.880629560004062e-20,7.242500007481470e-01,vn
1.300000000000000e+03,18,1.483411604829323e-06,-3.548882042486888e-07,1.525272312361686e-06,-2.348242159057143e-01,vn
1.300000000000000e+03,19,-6.776263578034403e-21,1.143494478793305e-20,1.329194155802955e-20,2.105751400580993e+00,vn
1.300000000000000e+03,20,1.572809996739349e-06,-9.297040271651022e-07,1.827041560548155e-06,-5.338572373062536e-01,vn
1.300000000000000e+03,21,-2.879912020664621e-20,-3.557538378468061e-20,4.577113999131084e-20,-2.251317551462111e+00,vn
1.300000000000000e+03,22,1.213003788562907e-06,-2.294528066532028e-07,1.234514796002461e-06,-1.869518931191703e-01,vn
1.300000000000000e+03,23,3.134021904840911e-20,-4.806911975668154e-20,5.738335650852481e-20,-9.930287803707479e-01,vn
1.300000000000000e+03,24,1.303320195668917e-06,-7.265248819356204e-07,1.492140052578856e-06,-5.085385652481309e-01,vn
1.300000000000000e+03,25,-1.101142831430590e-20,-7.199780051661553e-21,1.315630595240934e-20,-2.562518384222062e+00,vn
1.300000000000000e+03,26,8.590711844833984e-07,-1.796943570104853e-07,8.776635813061408e-07,-2.061998369091071e-01,vn
1.300000000000000e+03,27,1.126553819848219e-19,4.531626267810507e-20,1.214281629328928e-19,3.824493798485951e-01,vn
1.300000000000000e+03,28,9.658568161638526e-07,-4.208800985639165e-07,1.053574604238991e-06,-4.109475988005228e-01,vn
1.300000000000000e+03,29,1.130788984584491e-19,-1.094790084326183e-19,1.573927906988295e-19,-7.692245024592282e-01,vn
1.300000000000000e+03,30,9.214345812442540e-07,-4.927711611185269e-07,1.044923492291601e-06,-4.910883277804831e-01,vn
1.300000000000000e+03,31,-3.938703204732497e-20,-6.797439401715760e-20,7.856116429570526e-20,-2.095960422553578e+00,vn
1.300000000000000e+03,32,7.441476592809426e-07,-2.379993244776001e-07,7.812806264493571e-07,-3.095469950965035e-01,vn
1.300000000000000e+03,33,2.795208725939191e-20,-3.112846081159554e-20,4.183658990232950e-20,-8.391098927006809e-01,vn
1.300000000000000e+03,34,7.577030599357111e-07,-4.829797942657134e-07,8.985451623067649e-07,-5.674851601613368e-01,vn
1.300000000000000e+03,35,-4.235164736271502e-22,5.463362509790237e-20,5.463526660996156e-20,1.578548109507103e+00,vn
1.300000000000000e+03,36,5.913443944829550e-07,-2.212286647145251e-07,6.313717723954599e-07,-3.579913745539708e-01,vn
1.300000000000000e+03,37,2.295459287059154e-19,-4.658681209898652e-21,2.295931982792100e-19,-2.029241714115623e-02,vn
1.300000000000000e+03,38,6.700138302302290e-07,-4.110864183825110e-07,7.860728821670055e-07,-5.503225910708786e-01,vn
1.300000000000000e+03,39,2.070995556036764e-19,2.668153783851046e-20,2.088112314811350e-19,1.281285615406968e-01,vn
1.300000000000000e+03,40,5.167085603061247e-07,-2.683828457073508e-07,5.822517395110158e-07,-4.790536197407854e-01,vn
1.350000000000000e+03,0,-6.607493394946201e-06,7.370963630186540e-06,9.898993575196946e-06,2.301631069921612e+00,vn
1.350000000000000e+03,1,-3.441071348220595e-22,6.749793798432706e-22,7.576324197452569e-22,2.042256276855804e+00,vn
1.350000000000000e+03,2,-8.059240164131917e-06,8.223845178658622e-06,1.151446835705860e-05,2.346085877214275e+00,vn
1.350000000000000e+03,3,7.543887186483612e-22,-2.064642808932357e-21,2.198147462592082e-21,-1.220482114559494e+00,vn
1.350000000000000e+03,4,-3.232337812683009e-07,1.579653064726125e-06,1.612384532998144e-06,1.772633363927273e+00,vn
1.350000000000000e+03,5,2.183756817139993e-21,-1.336723869885693e-21,2.560395387577390e-21,-5.492845162607726e-01,vn
1.350000000000000e+03,6,4.476247003871713e-07,4.911328818228848e-07,6.645143941287928e-07,8.317115785334207e-01,vn
1.350000000000000e+03,7,1.124965633072118e-21,-5.955700410381799e-22,1.272890941666084e-21,-4.868992318112690e-01,vn
1.350000000000000e+03,8,-7.592711791813581e-08,4.801599935021533e-07,4.861260603951844e-07,1.727626553763338e+00,vn
1.350000000000000e+03,9,1.799945012915388e-21,-3.044024654195142e-22,1.825503467669250e-21,-1.675324631258414e-01,vn
1.350000000000000e+03,10,1.699096439466707e-07,1.518917841245582e-07,2.279043685202761e-07,7.294659479641101e-01,vn
1.350000000000000e+03,11,2.885205976584961e-21,2.819031527580718e-21,4.033776429205721e-21,7.737977557047411e-01,vn
1.350000000000000e+03,12,1.192956177447595e-07,2.210955397040371e-07,2.512263562807916e-07,1.075999205503110e+00,vn
1.350000000000000e+03,13,2.117582368135751e-21,-6.617444900424221e-22,2.218571805450732e-21,-3.028848683749714e-01,vn
1.350000000000000e+03,14,1.596264940776548e-07,1.060488972502850e-07,1.916428611233016e-07,5.864015444441560e-01,vn
1.350000000000000e+03,15,2.064642808932357e-21,3.705769144237564e-22,2.097636092838776e-21,1.775961672834879e-01,vn
1.350000000000000e+03,16,1.048723837014490e-07,1.049685934923970e-07,1.483799935402210e-07,7.858566524184825e-01,vn
1.350000000000000e+03,17,1.826414792517085e-21,1.515394882197147e-21,2.373228316726929e-21,6.925961873631051e-01,vn
1.350000000000000e+03,18,7.322148626715523e-08,9.607755727017241e-08,1.207985225993036e-07,9.195909527650106e-01,vn
1.350000000000000e+03,19,-2.117582368135751e-22,1.522012327097571e-22,2.607810692837265e-22,2.518393323655727e+00,vn
1.350000000000000e+03,20,1.039224654204140e-07,6.594785605649266e-08,1.230812680203816e-07,5.654637247054127e-01,vn
1.350000000000000e+03,21,-8.205631676526035e-22,-2.249931266144235e-21,2.394893445329348e-21,-1.920511617161404e+00,vn
1.350000000000000e+03,22,6.697438717103295e-08,8.767319365207633e-08,1.103275007515801e-07,9.184523977296961e-01,vn
1.350000000000000e+03,23,1.588186776101813e-21,-2.071260253832781e-21,2.610068251002665e-21,-9.166465332994833e-01,vn
1.350000000000000e+03,24,7.184933656262120e-08,5.010766031881298e-08,8.759626012059167e-08,6.089782383084166e-01,vn
1.350000000000000e+03,25,-3.176373552203626e-22,9.264422860593910e-23,3.308722450212111e-22,2.857798544381466e+00,vn
1.350000000000000e+03,26,4.995953035163720e-08,6.170197584110114e-08,7.939199264190305e-08,8.901741498278660e-01,vn
1.350000000000000e+03,27,4.473392752686774e-21,3.758708703440958e-21,5.842870342315783e-21,6.987985787097499e-01,vn
1.350000000000000e+03,28,5.567585465684938e-08,4.951079948724581e-08,7.450583908417431e-08,7.268545171043724e-01,vn
1.350000000000000e+03,29,5.505714157152952e-21,-4.261634515873199e-21,6.962357153088043e-21,-6.587090617190214e-01,vn
1.350000000000000e+03,30,5.786226138901072e-08,4.089056829997676e-08,7.085252196601943e-08,6.152004951794451e-01,vn
1.350000000000000e+03,31,-1.297019200483147e-21,-3.970466940254533e-21,4.176944640532854e-21,-1.886534929575606e+00,vn
1.350000000000000e+03,32,3.866806219239347e-08,4.255810675052964e-08,5.750140419071769e-08,8.332531174016635e-01,vn
1.350000000000000e+03,33,1.905824131322176e-21,-1.482307657695026e-21,2.414415376771619e-21,-6.610431688506869e-01,vn
1.350000000000000e+03,34,4.582259353441898e-08,2.520244614765693e-08,5.229601677036334e-08,5.028435410623469e-01,vn
1.350000000000000e+03,35,-6.088049308390284e-22,2.991085094991748e-21,3.052414370509959e-21,1.771593234072019e+00,vn
1.350000000000000e+03,36,3.638227659572133e-08,3.417579009864246e-08,4.991647703067636e-08,7.541364274022275e-01,vn
1.350000000000000e+03,37,1.085260963669572e-20,2.964615315390051e-21,1.125024799258870e-20,2.666647606421441e-01,vn
1.350000000000000e+03,38,3.898257028121941e-08,2.284462583321786e-08,4.518315742829330e-08,5.300778097271320e-01,vn
1.350000000000000e+03,39,1.066732117948384e-20,3.202843331805323e-21,1.113777116636692e-20,2.916844293475979e-01,vn
1.350000000000000e+03,40,3.072431197722177e-08,2.219943385328617e-08,3.790512115638310e-08,6.256914891538519e-01,vn
1.400000000000000e+03,0,-1.882905471862100e-05,1.753856815911069e-04,1.763935106764814e-04,1.677744688481716e+00,vn
1.400000000000000e+03,1,-2.392868075993398e-20,-1.694065894508601e-20,2.931838481916351e-20,-2.525541295756565e+00,vn
1.400000000000000e+03,2,-2.967222610167487e-05,1.957652625309594e-04,1.980012096317706e-04,1.721221797700771e+00,vn
1.400000000000000e+03,3,3.070494433796839e-21,-3.303428494291771e-20,3.317667731642000e-20,-1.478113905512914e+00,vn
1.400000000000000e+03,4,1.259802691077755e-05,4.393377285432632e-05,4.570433982960716e-05,1.291539013806341e+00,vn
1.400000000000000e+03,5,1.577598864261134e-20,-1.312901068244166e-20,2.052444248089261e-20,-6.940777743112481e-01,vn
1.400000000000000e+03,6,4.281886148296145e-06,1.095143169022648e-05,1.175875865270936e-05,1.198082359644873e+00,vn
1.400000000000000e+03,7,2.795208725939191e-20,-3.472835083742631e-20,4.458001271919994e-20,-8.930880342302689e-01,vn
1.400000000000000e+03,8,1.844673709443951e-06,1.256707796398190e-05,1.270174277991462e-05,1.425050925036588e+00,vn
1.400000000000000e+03,9,1.852884572118782e-20,-2.456395547037471e-20,3.076858839969965e-20,-9.245422999732218e-01,vn
1.400000000000000e+03,10,3.232108704648345e-06,4.690155912125210e-06,5.695971309505224e-06,9.674056447966632e-01,vn
1.400000000000000e+03,11,4.785736151986797e-20,1.821120836596746e-20,5.120522592267339e-20,3.636109035266313e-01,vn
1.400000000000000e+03,12,2.017712655604322e-06,5.875269364734304e-06,6.212081331467843e-06,1.239991196925504e+00,vn
1.400000000000000e+03,13,6.564505341220828e-21,-2.541098841762901e-20,2.624521028179794e-20,-1.317990034893140e+00,vn
1.400000000000000e+03,14,2.075481595396242e-06,3.242206791427428e-06,3.849614101595986e-06,1.001380466984088e+00,vn
1.400000000000000e+03,15,1.418780186650953e-20,-1.524659305057741e-20,2.082672133229920e-20,-8.213538837180479e-01,vn
1.400000000000000e+03,16,1.357655838475716e-06,2.892505262701786e-06,3.195280280429985e-06,1.131951395161790e+00,vn
1.400000000000000e+03,17,4.065758146820642e-20,4.235164736271502e-21,4.087756782377346e-20,1.037923404570428e-01,vn
1.400000000000000e+03,18,1.330239712421694e-06,2.920803819696289e-06,3.209459868210877e-06,1.143430883616002e+00,vn
1.400000000000000e+03,19,-2.752857078576476e-21,8.893845946170154e-21,9.310140590199263e-21,1.870967497625009e+00,vn
1.400000000000000e+03,20,1.314021965338962e-06,1.986096124743256e-06,2.381434765454105e-06,9.863023493727404e-01,vn
1.400000000000000e+03,21,-2.541098841762901e-20,-2.329340604949326e-20,3.447174346834585e-20,-2.399645385583876e+00,vn
1.400000000000000e+03,22,9.471241202761256e-07,2.421838476699232e-06,2.600451058264639e-06,1.198006211016232e+00,vn
1.400000000000000e+03,23,-4.870439446712227e-21,-4.785736151986797e-20,4.810455521099254e-20,-1.672217058088932e+00,vn
1.400000000000000e+03,24,9.600977240409857e-07,1.524854261660436e-06,1.801934560136042e-06,1.008872745136906e+00,vn
1.400000000000000e+03,25,-1.567010952420456e-20,1.863472483959461e-20,2.434759335844039e-20,2.269988916516566e+00,vn
1.400000000000000e+03,26,7.645499083593089e-07,1.725330333093515e-06,1.887141044189545e-06,1.153668088884778e+00,vn
1.400000000000000e+03,27,1.145612061161441e-19,7.199780051661553e-21,1.147872239388076e-19,6.276403437810006e-02,vn
1.400000000000000e+03,28,8.087565643080911e-07,1.470029463177104e-06,1.677818167418684e-06,1.067827591614458e+00,vn
1.400000000000000e+03,29,2.710505431213761e-20,-1.291725244562808e-19,1.319857001484342e-19,-1.363961148024106e+00,vn
1.400000000000000e+03,30,6.861605369811198e-07,1.133698993875332e-06,1.325175343576902e-06,1.026532430643631e+00,vn
1.400000000000000e+03,31,-5.717472393966527e-20,-4.573977915173222e-20,7.321937212532057e-20,-2.466851711366241e+00,vn
1.400000000000000e+03,32,5.635282376964771e-07,1.206747254072126e-06,1.331841961304686e-06,1.133910942769880e+00,vn
1.400000000000000e+03,33,5.929230630780102e-21,-3.684593320556206e-20,3.731994868246368e-20,-1.411244605861637e+00,vn
1.400000000000000e+03,34,5.953284687415909e-07,7.871121509168093e-07,9.868948899528731e-07,9.232466659230359e-01,vn
1.400000000000000e+03,35,1.482307657695026e-20,4.658681209898652e-20,4.888818528798556e-20,1.262743545771120e+00,vn
1.400000000000000e+03,36,4.855853398629033e-07,9.632492257305220e-07,1.078722481994429e-06,1.103864658780048e+00,vn
1.400000000000000e+03,37,1.846531825014375e-19,-8.004461351553138e-20,2.012559016793296e-19,-4.090365539292966e-01,vn
1.400000000000000e+03,38,4.766173658296544e-07,6.980643470106865e-07,8.452561422301849e-07,9.717279886378981e-01,vn
1.400000000000000e+03,39,2.045584567619135e-19,-7.369186641112413e-20,2.174273520235451e-19,-3.457755058035898e-01,vn
1.400000000000000e+03,40,3.746214731106691e-07,6.371296816141434e-07,7.391045117636256e-07,1.039259657124675e+00,vn
1.450000000000000e+03,0,1.747949372678826e-05,-5.442472327206037e-06,1.830719000767823e-05,-3.018489361847319e-01,vn
1.450000000000000e+03,1,5.346895479542771e-21,2.792561747979021e-21,6.032221181739821e-21,4.813101489116730e-01,vn
1.450000000000000e+03,2,2.047681198746661e-05,-6.289170345836306e-06,2.142086582771581e-05,-2.979908458463505e-01,vn
1.450000000000000e+03,3,1.058791184067875e-22,3.050642099095566e-21,3.052478927771460e-21,1.536103094308667e+00,vn
1.450000000000000e+03,4,2.271539280972916e-06,-9.091806284568503e-07,2.446732539564582e-06,-3.807207492992250e-01,vn
1.450000000000000e+03,5,-4.023406499457927e-21,2.481541837659083e-21,4.727139700911399e-21,2.588928867294877e+00,vn
1.450000000000000e+03,6,1.640022912883679e-07,-1.662543448607823e-07,2.335321364029427e-07,-7.922171593537636e-01,vn
1.450000000000000e+03,7,-4.711620769102046e-21,-3.427836458419747e-21,5.826614201876197e-21,-2.512629366507910e+00,vn
1.450000000000000e+03,8,6.450218815082010e-07,-3.021511799522520e-07,7.122840466912887e-07,-4.380787251826442e-01,vn
1.450000000000000e+03,9,-3.070494433796839e-21,1.151435412673815e-21,3.279289492792103e-21,2.782821983319221e+00,vn
1.450000000000000e+03,10,-3.720230446498274e-08,-4.454954874856472e-08,5.804027697389132e-08,-2.266562782606905e+00,vn
1.450000000000000e+03,11,-7.940933880509066e-22,-6.868907806640342e-21,6.914656807468523e-21,-1.685892326679535e+00,vn
1.450000000000000e+03,12,1.466630840532218e-07,-1.004842013739880e-07,1.777839558277703e-07,-6.006805091209031e-01,vn
1.450000000000000e+03,13,-3.123433993000233e-21,3.970466940254533e-23,3.123686342993122e-21,3.128881473826367e+00,vn
1.450000000000000e+03,14,-8.193776553713488e-08,-2.703847435182065e-08,8.628369786056084e-08,-2.822855970017134e+00,vn
1.450000000000000e+03,15,-2.329340604949326e-21,-2.766091968377325e-21,3.616226269384596e-21,-2.270689196514140e+00,vn
1.450000000000000e+03,16,-3.365739352563076e-09,-3.727976802191652e-08,3.743139464616970e-08,-1.660835487573093e+00,vn
1.450000000000000e+03,17,-3.176373552203626e-22,-4.658681209898652e-21,4.669497200437554e-21,-1.638872785052896e+00,vn
1.450000000000000e+03,18,1.802281766162591e-08,-3.980486527442568e-08,4.369495687123852e-08,-1.145633566602257e+00,vn
1.450000000000000e+03,19,8.470329472543003e-22,4.764560328305439e-22,9.718411212512705e-22,5.123894603107377e-01,vn
1.450000000000000e+03,20,-4.981434456689213e-08,-1.267502396005970e-08,5.140160656066251e-08,-2.892434610118883e+00,vn
1.450000000000000e+03,21,-3.176373552203626e-22,3.229313111407020e-21,3.244897018541062e-21,1.668841604088736e+00,vn
1.450000000000000e+03,22,2.142416141997677e-08,-3.525664028072027e-08,4.125561024192138e-08,-1.024761195142503e+00,vn
1.450000000000000e+03,23,-5.082197683525802e-21,1.733770563911146e-21,5.369794564293852e-21,2.812827405208957e+00,vn
1.450000000000000e+03,24,-3.730969435895002e-08,-1.205519436384184e-08,3.920894036196682e-08,-2.829069711093744e+00,vn
1.450000000000000e+03,25,7.940933880509066e-22,1.601421665902662e-21,1.787494240821106e-21,1.110459963970294e+00,vn
1.450000000000000e+03,26,1.197739031568663e-08,-2.335486167105629e-08,2.624704635665655e-08,-1.096926745237264e+00,vn
1.450000000000000e+03,27,-3.917527381051139e-21,-1.053497228147536e-20,1.123978032493249e-20,-1.926810664464746e+00,vn
1.450000000000000e+03,28,-1.263400339740170e-08,-1.544141112140660e-08,1.995132124110724e-08,-2.256530553709914e+00,vn
1.450000000000000e+03,29,-1.434662054411971e-20,1.297019200483147e-21,1.440513033066274e-20,3.051431851358423e+00,vn
1.450000000000000e+03,30,-2.365962533378821e-08,-9.731582328708092e-09,2.558283732418390e-08,-2.751369331818100e+00,vn
1.450000000000000e+03,31,-1.429368098491632e-21,7.676236084492097e-21,7.808181195761542e-21,1.754894798057229e+00,vn
1.450000000000000e+03,32,4.899119780974996e-10,-1.621756797484390e-08,1.622496609441653e-08,-1.540596790427880e+00,vn
1.450000000000000e+03,33,-4.023406499457927e-21,6.617444900424221e-22,4.077463136557066e-21,2.978578444651895e+00,vn
1.450000000000000e+03,34,-2.895331443840515e-08,-3.990037253119941e-09,2.922695355746892e-08,-3.004645900345709e+00,vn
1.450000000000000e+03,35,3.891057601449442e-21,-4.129285617864714e-21,5.673740298224960e-21,-8.150924030043578e-01,vn
1.450000000000000e+03,36,-3.031290524738435e-09,-1.149268186045105e-08,1.188572499222953e-08,-1.828681501638020e+00,vn
1.450000000000000e+03,37,-1.598774687942492e-20,-1.405545296850105e-20,2.128764450168938e-20,-2.420423203329132e+00,vn
1.450000000000000e+03,38,-2.324183262258157e-08,-4.631949977667065e-09,2.369889753241080e-08,-2.944876355288592e+00,vn
1.450000000000000e+03,39,-1.323488980084844e-20,-1.588186776101813e-20,2.067355875554737e-20,-2.265534602991600e+00,vn
1.450000000000000e+03,40,-1.219356114645227e-08,-5.919448994814043e-09,1.355443875025725e-08,-2.689647027124219e+00,vn
1.500000000000000e+03,0,5.574228646850682e-05,1.270628811192587e-04,1.387522189338389e-04,1.157380432603574e+00,vn
1.500000000000000e+03,1,-1.799945012915388e-20,1.270549420881451e-20,2.203201733936583e-20,2.526929701667628e+00,vn
1.500000000000000e+03,2,5.899063785445634e-05,1.475306947037036e-04,1.588873853842180e-04,1.190416405666988e+00,vn
1.500000000000000e+03,3,1.249373597200093e-20,2.710505431213761e-20,2.984589432069342e-20,1.138884091322548e+00,vn
1.500000000000000e+03,4,1.763805960344388e-05,1.867947640985718e-05,2.569093197065941e-05,8.140656232039628e-01,vn
1.500000000000000e+03,5,4.023406499457927e-21,-3.261076846929056e-20,3.285802824299650e-20,-1.448040051909257e+00,vn
1.500000000000000e+03,6,8.075084100260950e-06,1.520364751239997e-06,8.216963685151605e-06,1.860999077216897e-01,vn
1.500000000000000e+03,7,3.917527381051139e-21,-2.371692252312041e-20,2.403829101140473e-20,-1.407095874291032e+00,vn
1.500000000000000e+03,8,5.521035034377260e-06,5.556427126164621e-06,7.832988590518892e-06,7.885931164336321e-01,vn
1.500000000000000e+03,9,5.241016361135983e-21,-1.821120836596746e-20,1.895036576550379e-20,-1.290578020873187e+00,vn
1.500000000000000e+03,10,2.767021009368673e-06,2.499585049988703e-07,2.778288055711448e-06,9.009035142003012e-02,vn
1.500000000000000e+03,11,3.917527381051139e-20,-1.694065894508601e-20,4.268123713790712e-20,-4.081491037550893e-01,vn
1.500000000000000e+03,12,3.329775654873194e-06,1.380105177477068e-06,3.604455050723371e-06,3.929212927033425e-01,vn
1.500000000000000e+03,13,-2.541098841762901e-21,-2.244637310223896e-20,2.258975096738619e-20,-1.683523938385274e+00,vn
1.500000000000000e+03,14,2.146166731783541e-06,-1.431188218978087e-07,2.150933434069000e-06,-6.658720150224899e-02,vn
1.500000000000000e+03,15,8.787966827763366e-21,-2.202285662861181e-20,2.371148614174701e-20,-1.191119136888847e+00,vn
1.500000000000000e+03,16,1.846595530254844e-06,2.725000900429370e-07,1.866593515318902e-06,1.465115099459444e-01,vn
1.500000000000000e+03,17,3.324604317973129e-20,-6.776263578034403e-21,3.392959084910328e-20,-2.010675139707385e-01,vn
1.500000000000000e+03,18,1.589406275230295e-06,4.325678022605486e-07,1.647218021785204e-06,2.657210386444003e-01,vn
1.500000000000000e+03,19,-2.117582368135751e-21,4.658681209898652e-21,5.117369021411509e-21,1.997423819921773e+00,vn
1.500000000000000e+03,20,1.355109402956149e-06,-1.306028738166637e-07,1.361388484096050e-06,-9.608134496637702e-02,vn
1.500000000000000e+03,21,-2.996379050912087e-20,-3.811648262644352e-21,3.020525457851004e-20,-3.015063749424108e+00,vn
1.500000000000000e+03,22,1.427721670620640e-06,3.806189164847527e-07,1.477585844662102e-06,2.605325114528999e-01,vn
1.500000000000000e+03,23,-2.001115337888285e-20,-3.006966962752766e-20,3.611968010741283e-20,-2.157985922391511e+00,vn
1.500000000000000e+03,24,9.934413123114570e-07,-5.062062302598564e-08,9.947301586272776e-07,-5.091078875759449e-02,vn
1.500000000000000e+03,25,2.329340604949326e-21,8.893845946170154e-21,9.193819846400786e-21,1.314644944229293e+00,vn
1.500000000000000e+03,26,1.017918292391014e-06,2.438410915788595e-07,1.046716832733002e-06,2.351182978576813e-01,vn
1.500000000000000e+03,27,8.195043764685356e-20,-3.896351557369782e-20,9.074155484877161e-20,-4.438172234181829e-01,vn
1.500000000000000e+03,28,8.972810928274036e-07,7.299111449354930e-08,9.002450012860666e-07,8.116826394171558e-02,vn
1.500000000000000e+03,29,-2.414043899674756e-20,-9.571472303973594e-20,9.871205094378826e-20,-1.817856152369740e+00,vn
1.500000000000000e+03,30,7.955436935018288e-07,-3.611033309566312e-08,7.963628095452547e-07,-4.535962559338987e-02,vn
1.500000000000000e+03,31,-5.706884482125849e-20,-5.082197683525802e-21,5.729469244639783e-20,-3.052773152465829e+00,vn
1.500000000000000e+03,32,7.241090130660819e-07,1.358846053099022e-07,7.367485926445758e-07,1.855002542669497e-01,vn
1.500000000000000e+03,33,-1.694065894508601e-21,-2.795208725939191e-20,2.800337553602417e-20,-1.631328346577004e+00,vn
1.500000000000000e+03,34,5.484355355271395e-07,-9.862794530991711e-08,5.572333516804215e-07,-1.779331838848882e-01,vn
1.500000000000000e+03,35,3.091670257478196e-20,2.541098841762901e-20,4.001950562486255e-20,6.879633121051921e-01,vn
1.500000000000000e+03,36,6.082678590610213e-07,6.986693932642129e-08,6.122672435934494e-07,1.143609499913365e-01,vn
1.500000000000000e+03,37,9.063252535621014e-20,-1.228197773518735e-19,1.526399435311998e-19,-9.350642070870581e-01,vn
1.500000000000000e+03,38,4.845567497735959e-07,-6.859990721822263e-08,4.893885889776140e-07,-1.406378722534430e-01,vn
1.500000000000000e+03,39,1.012204371968889e-19,-1.240903267727550e-19,1.601373975837576e-19,-8.865554638399449e-01,vn
1.500000000000000e+03,40,4.337416075018872e-07,-1.048172097364946e-08,4.338682387002886e-07,-2.416111599976801e-02,vn
1.550000000000000e+03,0,1.909585642891001e-07,-4.924263392823168e-06,4.927964603685146e-06,-1.532036635663122e+00,vn
1.550000000000000e+03,1,9.421587176978985e-22,-6.617444900424221e-22,1.151333496184165e-21,-6.123151331514735e-01,vn
1.550000000000000e+03,2,1.198521892375838e-07,-5.596371376681910e-06,5.597654610013877e-06,-1.549383546456330e+00,vn
1.550000000000000e+03,3,8.784658105313154e-22,7.411538288475128e-22,1.149352503928960e-21,7.008200294466199e-01,vn
1.550000000000000e+03,4,2.490475956334717e-07,-1.006961518420969e-06,1.037302368873934e-06,-1.328336106712845e+00,vn
1.550000000000000e+03,5,2.547716286663325e-22,3.176373552203626e-22,4.071880059685973e-22,8.947863497195883e-01,vn
1.550000000000000e+03,6,7.654105741992088e-08,-2.224168911326547e-07,2.352186364471889e-07,-1.239357501662794e+00,vn
1.550000000000000e+03,7,-4.665298654799076e-22,8.337980574534519e-22,9.554419479999037e-22,2.080922067146706e+00,vn
1.550000000000000e+03,8,5.177684869719807e-08,-3.009705468119668e-07,3.053917354960786e-07,-1.400430995207867e+00,vn
1.550000000000000e+03,9,-3.077111878697263e-22,5.558653716356346e-22,6.353522538905644e-22,2.076377381669102e+00,vn
1.550000000000000e+03,10,4.632391246404452e-08,-8.352640994526045e-08,9.551212501206411e-08,-1.064426791880940e+00,vn
1.550000000000000e+03,11,-1.975307302776630e-21,-1.455837878093329e-22,1.980664933721905e-21,-3.068023826317852e+00,vn
1.550000000000000e+03,12,3.753511692790271e-08,-1.244154774953380e-07,1.299542074854996e-07,-1.277788237386757e+00,vn
1.550000000000000e+03,13,-7.312276614968765e-22,6.485096002415737e-22,9.773733138078183e-22,2.416074855588380e+00,vn
1.550000000000000e+03,14,3.232631927631778e-08,-5.344671267573452e-08,6.246232475498294e-08,-1.026830949140716e+00,vn
1.550000000000000e+03,15,-1.058791184067875e-21,2.911675756186657e-22,1.098097139852165e-21,2.873226442683886e+00,vn
1.550000000000000e+03,16,2.230917064928860e-08,-5.540220535315565e-08,5.972523296775249e-08,-1.187984683744942e+00,vn
1.550000000000000e+03,17,-1.482307657695026e-21,-3.970466940254533e-22,1.534562500942160e-21,-2.879879151188588e+00,vn
1.550000000000000e+03,18,2.267007029249363e-08,-5.639207869424725e-08,6.077827429702802e-08,-1.188560060940294e+00,vn
1.550000000000000e+03,19,4.036641389258775e-22,-9.264422860593910e-23,4.141590155348059e-22,-2.256012438360240e-01,vn
1.550000000000000e+03,20,2.036844060165344e-08,-3.196173832677177e-08,3.790021226077917e-08,-1.003418170769504e+00,vn
1.550000000000000e+03,21,8.668852819555730e-22,3.044024654195142e-22,9.187768788039193e-22,3.376945335132340e-01,vn
1.550000000000000e+03,22,1.742246808603949e-08,-4.756135669090668e-08,5.065199941254755e-08,-1.219661007467290e+00,vn
1.550000000000000e+03,23,2.779326858178173e-22,1.442602988292480e-21,1.469132383305296e-21,1.380467787102990e+00,vn
1.550000000000000e+03,24,1.512231911904434e-08,-2.492302484339808e-08,2.915204457465808e-08,-1.025420338417611e+00,vn
1.550000000000000e+03,25,5.492479267352104e-22,-2.646977960169689e-22,6.097033772574725e-22,-4.490855316080675e-01,vn
1.550000000000000e+03,26,1.323494081800029e-08,-3.331160007757384e-08,3.584447458373727e-08,-1.192613423645827e+00,vn
1.550000000000000e+03,27,-2.997702539892172e-21,-1.323488980084844e-22,3.000622726781900e-21,-3.097471195984371e+00,vn
1.550000000000000e+03,28,1.336764973784737e-08,-2.583933032016700e-08,2.909235382206934e-08,-1.093375261743018e+00,vn
1.550000000000000e+03,29,-7.279189390466644e-22,3.917527381051139e-21,3.984581127685596e-21,1.754511958305637e+00,vn
1.550000000000000e+03,30,1.092133053575522e-08,-1.896291046260781e-08,2.188303986844835e-08,-1.048262556276282e+00,vn
1.550000000000000e+03,31,1.621274000603934e-21,9.992341799640574e-22,1.904467991708637e-21,5.523378870433754e-01,vn
1.550000000000000e+03,32,9.604667146775519e-09,-2.280174184331350e-08,2.474205048271996e-08,-1.172127350302586e+00,vn
1.550000000000000e+03,33,-7.940933880509066e-23,1.052173739167451e-21,1.055166062988702e-21,1.646125217623237e+00,vn
1.550000000000000e+03,34,8.851974364898052e-09,-1.186856493122595e-08,1.480608941224990e-08,-9.299670588086690e-01,vn
1.550000000000000e+03,35,-7.411538288475128e-22,-1.204374971877208e-21,1.414152774950272e-21,-2.122451309323444e+00,vn
1.550000000000000e+03,36,8.078497830797328e-09,-1.776337317832643e-08,1.951408603739063e-08,-1.143971156384143e+00,vn
1.550000000000000e+03,37,-4.526332311890167e-21,2.733004743875203e-21,5.287437860410782e-21,2.598382862213426e+00,vn
1.550000000000000e+03,38,7.354491030626907e-09,-1.090685205157752e-08,1.315476947705935e-08,-9.775276656531660e-01,vn
1.550000000000000e+03,39,-5.743942173568224e-21,2.249931266144235e-21,6.168878536303747e-21,2.768257468287385e+00,vn
1.550000000000000e+03,40,5.881144414018512e-09,-1.097503895369714e-08,1.245147941626659e-08,-1.078869686476713e+00,vn
1.600000000000000e+03,0,8.217560159695742e-04,2.251917376129955e-05,8.220645126564451e-04,2.739686577612336e-02,vn
1.600000000000000e+03,1,2.541098841762901e-20,6.670384459627615e-20,7.138011779399803e-20,1.206817370285252e+00,vn
1.600000000000000e+03,2,9.533605644100984e-04,3.032525149311746e-05,9.538427473386073e-04,3.179807424182386e-02,vn
1.600000000000000e+03,3,-1.914294460794719e-19,2.981555974335137e-19,3.543190555237312e-19,2.141559259147935e+00,vn
1.600000000000000e+03,4,1.268553360931760e-04,-5.900595221211913e-06,1.269924931611205e-04,-4.648086108769506e-02,vn
1.600000000000000e+03,5,-1.423015351387225e-19,4.658681209898652e-21,1.423777728911803e-19,3.108866246879411e+00,vn
1.600000000000000e+03,6,1.815617892851686e-05,-4.590563018790069e-06,1.872752258345461e-05,-2.476474698807984e-01,vn
1.600000000000000e+03,7,-1.524659305057741e-19,-1.160435137738391e-19,1.916036457220236e-19,-2.491018276376333e+00,vn
1.600000000000000e+03,8,3.763409446484991e-05,-2.943651641287228e-06,3.774904172524780e-05,-7.805875312733783e-02,vn
1.600000000000000e+03,9,-1.101142831430590e-19,-3.218725199566341e-20,1.147221623887125e-19,-2.857207876995934e+00,vn
1.600000000000000e+03,10,3.727930107497433e-06,-2.462457957494084e-06,4.467791633325323e-06,-5.837511181166877e-01,vn
1.600000000000000e+03,11,4.573977915173222e-20,-2.812149384884277e-19,2.849104579089708e-19,-1.409557697880114e+00,vn
1.600000000000000e+03,12,1.183957562730433e-05,-2.090338570228655e-06,1.202268964802986e-05,-1.747542482519324e-01,vn
1.600000000000000e+03,13,-1.253608761936365e-19,-1.075731843012961e-19,1.651887988356259e-19,-2.432410207993330e+00,vn
1.600000000000000e+03,14,7.185964904482879e-07,-2.216084954324383e-06,2.329680974053636e-06,-1.257230291639385e+00,vn
1.600000000000000e+03,15,-7.115076756936123e-20,-1.329841727189252e-19,1.508218217614619e-19,-2.062075092649461e+00,vn
1.600000000000000e+03,16,3.221637831757853e-06,-1.596347785732423e-06,3.595452206889454e-06,-4.600476723309562e-01,vn
1.600000000000000e+03,17,5.590417451878382e-20,-2.253107639696439e-19,2.321426653788812e-19,-1.327587573324327e+00,vn
1.600000000000000e+03,18,3.867253640408365e-06,-1.396697552596872e-06,4.111741087748819e-06,-3.465821650194573e-01,vn
1.600000000000000e+03,19,1.863472483959461e-20,2.625802136488331e-20,3.219839523712436e-20,9.536049352545344e-01,vn
1.600000000000000e+03,20,3.387975480388441e-07,-1.272344656838072e-06,1.316679423527809e-06,-1.310556717622231e+00,vn
1.600000000000000e+03,21,-9.147955830346444e-20,1.329841727189252e-19,1.614103459544458e-19,2.173353943193550e+00,vn
1.600000000000000e+03,22,3.451230817995860e-06,-1.149690652025676e-06,3.637689205311471e-06,-3.215628824853800e-01,vn
1.600000000000000e+03,23,-2.558039500707987e-19,-1.185846126156020e-20,2.560786675522106e-19,-3.095268202889186e+00,vn
1.600000000000000e+03,24,3.101732761295275e-07,-1.031106557622368e-06,1.076748900346210e-06,-1.278591142605554e+00,vn
1.600000000000000e+03,25,2.032879073410321e-20,6.098637220230962e-20,6.428528079669252e-20,1.249045772398254e+00,vn
1.600000000000000e+03,26,2.298185180247939e-06,-8.157708388448690e-07,2.438675292904103e-06,-3.410893913979375e-01,vn
1.600000000000000e+03,27,-3.896351557369782e-20,-4.963613070910200e-19,4.978882432062116e-19,-1.649133978789306e+00,vn
1.600000000000000e+03,28,1.104977307770635e-06,-8.209308051622126e-07,1.376554480415621e-06,-6.389667717873400e-01,vn
1.600000000000000e+03,29,-6.301925127571995e-19,-1.456896669277397e-19,6.468137925127669e-19,-2.914401186788904e+00,vn
1.600000000000000e+03,30,3.829800655892677e-07,-7.405515873471658e-07,8.337208070818232e-07,-1.093518977510705e+00,vn
1.600000000000000e+03,31,-1.694065894508601e-19,2.761327408049019e-19,3.239566068068367e-19,2.121080977875600e+00,vn
1.600000000000000e+03,32,1.352966500825463e-06,-6.531348893651758e-07,1.502365979401144e-06,-4.497468139580368e-01,vn
1.600000000000000e+03,33,-1.829591166069289e-19,-3.388131789017201e-20,1.860698311160697e-19,-2.958481836327309e+00,vn
1.600000000000000e+03,34,-1.955217188912949e-07,-5.810456914199825e-07,6.130602238572750e-07,-1.895393926974121e+00,vn
1.600000000000000e+03,35,2.066760391300493e-19,-1.253608761936365e-19,2.417236737072352e-19,-5.452271555372752e-01,vn
1.600000000000000e+03,36,9.507101944193554e-07,-5.200538733244079e-07,1.083653959957978e-06,-5.005494959728921e-01,vn
1.600000000000000e+03,37,-4.785736151986797e-19,-8.199278929421627e-19,9.493758237857695e-19,-2.099127663019857e+00,vn
1.600000000000000e+03,38,-6.401976774219479e-08,-5.147737160582281e-07,5.187393463061789e-07,-1.694525916568887e+00,vn
1.600000000000000e+03,39,-3.574479037413147e-19,-9.080193194566100e-19,9.758422456501386e-19,-1.945822423504303e+00,vn
1.600000000000000e+03,40,2.795341022587303e-07,-4.193289728499196e-07,5.039604168949809e-07,-9.828243436302359e-01,vn
1.650000000000000e+03,0,2.193735632156880e-05,5.057643710531436e-05,5.512915374506753e-05,1.161540639510380e+00,vn
1.650000000000000e+03,1,3.017554874593445e-21,1.524659305057741e-20,1.554233692438489e-20,1.375404772278324e+00,vn
1.650000000000000e+03,2,2.488985941478200e-05,5.838167106137327e-05,6.346593273249832e-05,1.167799673886861e+00,vn
1.650000000000000e+03,3,-1.233491729439075e-20,-3.176373552203626e-21,1.273732835419574e-20,-2.889557655968356e+00,vn
1.650000000000000e+03,4,4.406950742803746e-06,8.374357785163573e-06,9.463143408161383e-06,1.086375064790628e+00,vn
1.650000000000000e+03,5,3.017554874593445e-21,-1.281137332722129e-20,1.316194985367365e-20,-1.339475350989529e+00,vn
1.650000000000000e+03,6,1.190349118234700e-06,1.326506222066835e-06,1.782287793950280e-06,8.394435860277009e-01,vn
1.650000000000000e+03,7,3.282252670610414e-21,-1.545835128739098e-20,1.580296830086397e-20,-1.361574774259366e+00,vn
1.650000000000000e+03,8,1.359584122419460e-06,2.543287927141649e-06,2.883883226879958e-06,1.079870975163026e+00,vn
1.650000000000000e+03,9,3.017554874593445e-21,-9.317362419797304e-21,9.793818452627848e-21,-1.257592572830866e+00,vn
1.650000000000000e+03,10,3.823979340193318e-07,3.768562582717601e-07,5.368880882836244e-07,7.780994518465612e-01,vn
1.650000000000000e+03,11,2.167874949378975e-20,-6.458626222814040e-21,2.262038974687462e-20,-2.895513944076046e-01,vn
1.650000000000000e+03,12,5.953645866528531e-07,8.460970012884014e-07,1.034571953336039e-06,9.576182310201301e-01,vn
1.650000000000000e+03,13,-4.870439446712227e-21,-7.093900933254765e-21,8.604917829643891e-21,-2.172449959453222e+00,vn
1.650000000000000e+03,14,2.557245311676902e-07,1.716081982711362e-07,3.079681956871530e-07,5.910425463696698e-01,vn
1.650000000000000e+03,15,9.899697571034635e-21,-8.787966827763366e-21,1.323753651416374e-20,-7.259781096269715e-01,vn
1.650000000000000e+03,16,2.669300388932706e-07,2.884665589830124e-07,3.930198485001270e-07,8.241555765509332e-01,vn
1.650000000000000e+03,17,1.387016451128917e-20,-1.905824131322176e-21,1.400048674831541e-20,-1.365495119950133e-01,vn
1.650000000000000e+03,18,2.550403684257438e-07,3.226633741790481e-07,4.112872992973981e-07,9.019227110706655e-01,vn
1.650000000000000e+03,19,2.117582368135751e-22,3.917527381051139e-21,3.923246402170502e-21,1.516794826418928e+00,vn
1.650000000000000e+03,20,1.546208456726185e-07,9.094344314781899e-08,1.793831535236693e-07,5.316760390647221e-01,vn
1.650000000000000e+03,21,-1.143494478793305e-20,-1.482307657695026e-21,1.153062003081962e-20,-3.012681881905802e+00,vn
1.650000000000000e+03,22,2.240345861511361e-07,2.791794901346322e-07,3.579562592045905e-07,8.945480051458204e-01,vn
1.650000000000000e+03,23,-8.893845946170154e-21,-1.450543922172989e-20,1.701494233694335e-20,-2.120820654429592e+00,vn
1.650000000000000e+03,24,1.160532842268610e-07,7.872031738511189e-08,1.402328533156668e-07,5.960213790469692e-01,vn
1.650000000000000e+03,25,-3.017554874593445e-21,4.552802091491864e-21,5.462018336244886e-21,2.156110764774577e+00,vn
1.650000000000000e+03,26,1.559554468274097e-07,1.883041709172332e-07,2.445006384040001e-07,8.790891299060998e-01,vn
1.650000000000000e+03,27,3.059906521956160e-20,-1.514071393217062e-20,3.414006459699234e-20,-4.594867453569867e-01,vn
1.650000000000000e+03,28,1.204148467629905e-07,1.150973836856297e-07,1.665747371369126e-07,7.628237104006380e-01,vn
1.650000000000000e+03,29,-9.582060215814273e-21,-4.171637265227429e-20,4.280270581683954e-20,-1.796575429211710e+00,vn
1.650000000000000e+03,30,9.367171615635121e-08,6.399401763322674e-08,1.134443683067510e-07,5.993433996743612e-01,vn
1.650000000000000e+03,31,-2.154640059578126e-20,-2.646977960169689e-21,2.170838250435779e-20,-3.019355018250284e+00,vn
1.650000000000000e+03,32,1.067691951632268e-07,1.209083977145984e-07,1.613025160179305e-07,8.474203751875800e-01,vn
1.650000000000000e+03,33,-2.646977960169689e-21,-1.281137332722129e-20,1.308196387592709e-20,-1.774541007678754e+00,vn
1.650000000000000e+03,34,5.696059062893501e-08,1.999013110659794e-08,6.036649920656402e-08,3.375179524072180e-01,vn
1.650000000000000e+03,35,1.111730743271269e-20,7.835054762102278e-21,1.360083113925728e-20,6.139147290913480e-01,vn
1.650000000000000e+03,36,8.537130115145440e-08,8.719583972592686e-08,1.220302156263023e-07,7.959706894496968e-01,vn
1.650000000000000e+03,37,3.626359805432473e-20,-5.177488890091911e-20,6.321145200474469e-20,-9.597959198739847e-01,vn
1.650000000000000e+03,38,5.273536696067328e-08,2.465086177834768e-08,5.821240344541765e-08,4.372657717526990e-01,vn
1.650000000000000e+03,39,4.425747149403719e-20,-4.923379005915621e-20,6.620188718333174e-20,-8.385756139065319e-01,vn
1.650000000000000e+03,40,5.332891473525371e-08,4.033673010896221e-08,6.686572322739969e-08,6.475695011374467e-01,vn
1.700000000000000e+03,0,-4.094239104352858e-06,-4.810851843752460e-04,4.811026059160438e-04,-1.579306545767941e+00,vn
1.700000000000000e+03,1,5.696296570285170e-20,-6.860966872759833e-20,8.917435788709131e-20,-8.778823112683498e-01,vn
1.700000000000000e+03,2,-6.690158958646407e-06,-5.572438461810905e-04,5.572840050939797e-04,-1.582801551426959e+00,vn
1.700000000000000e+03,3,8.290334971251465e-20,2.625802136488331e-20,8.696234288215889e-20,3.067343554613560e-01,vn
1.700000000000000e+03,4,3.791037942602390e-06,-7.645761930731255e-05,7.655154811513732e-05,-1.521253380468292e+00,vn
1.700000000000000e+03,5,-4.648093298057973e-20,8.046812998915853e-20,9.292791332370085e-20,2.094606059011600e+00,vn
1.700000000000000e+03,6,1.717179967918600e-06,-1.309027760764828e-05,1.320242685598064e-05,-1.440361307782030e+00,vn
1.700000000000000e+03,7,-1.145612061161441e-19,1.219727444046192e-19,1.673368468819113e-19,2.324870808694971e+00,vn
1.700000000000000e+03,8,9.286985256736194e-07,-2.410365290597294e-05,2.412153735488694e-05,-1.532286007076389e+00,vn
1.700000000000000e+03,9,-4.023406499457927e-20,5.251604272976662e-20,6.615674364705916e-20,2.224540355201886e+00,vn
1.700000000000000e+03,10,9.470863257423507e-07,-3.184676573971317e-06,3.322519734961680e-06,-1.281737083224443e+00,vn
1.700000000000000e+03,11,-1.727947212398773e-19,-2.625802136488331e-20,1.747784293737805e-19,-2.990785622299625e+00,vn
1.700000000000000e+03,12,7.921128744427605e-07,-8.077295794962550e-06,8.116042765115132e-06,-1.473042303422929e+00,vn
1.700000000000000e+03,13,-5.675120746603812e-20,8.131516293641283e-20,9.916075469775665e-20,2.180122711971986e+00,vn
1.700000000000000e+03,14,7.837322613909174e-07,-1.491032577972963e-06,1.684462646104573e-06,-1.086855153440868e+00,vn
1.700000000000000e+03,15,-1.054556019331604e-19,5.929230630780102e-20,1.209812446885189e-19,2.629393887403365e+00,vn
1.700000000000000e+03,16,5.358729266580392e-07,-2.734893552687821e-06,2.786898372395101e-06,-1.377308388723777e+00,vn
1.700000000000000e+03,17,-1.363723045079424e-19,-1.948175778684891e-20,1.377568304051469e-19,-2.999695598985629e+00,vn
1.700000000000000e+03,18,5.191443381063314e-07,-2.955142803434143e-06,3.000396612529161e-06,-1.396895915837412e+00,vn
1.700000000000000e+03,19,3.430483436379916e-20,-2.371692252312041e-20,4.170508451850196e-20,-6.049024029354130e-01,vn
1.700000000000000e+03,20,4.968489507305654e-07,-7.707899972102365e-07,9.170474903959011e-07,-9.982287025419639e-01,vn
1.700000000000000e+03,21,1.105377996166862e-19,2.964615315390051e-20,1.144443075951058e-19,2.620326649079219e-01,vn
1.700000000000000e+03,22,4.218414048375070e-07,-2.621474039350836e-06,2.655197979402980e-06,-1.411246462179046e+00,vn
1.700000000000000e+03,23,3.049318610115481e-20,1.465366998749940e-19,1.496757789652478e-19,1.365631777859570e+00,vn
1.700000000000000e+03,24,3.770939045432633e-07,-6.531610990978784e-07,7.542010568929430e-07,-1.047207692527135e+00,vn
1.700000000000000e+03,25,7.369186641112413e-20,-2.202285662861181e-20,7.691227073256487e-20,-2.904019425484411e-01,vn
1.700000000000000e+03,26,3.096438815133450e-07,-1.739552669062144e-06,1.766896381172331e-06,-1.394639341723665e+00,vn
1.700000000000000e+03,27,-2.812149384884277e-19,2.371692252312041e-20,2.822132775810130e-19,3.057454413058622e+00,vn
1.700000000000000e+03,28,3.186122432375261e-07,-1.015516759009232e-06,1.064325161484714e-06,-1.266778578257288e+00,vn
1.700000000000000e+03,29,-4.912791094074942e-20,3.760826285809094e-19,3.792778600890492e-19,1.700691430865432e+00,vn
1.700000000000000e+03,30,2.708947953263280e-07,-5.678123011344956e-07,6.291222452389871e-07,-1.125648101378045e+00,vn
1.700000000000000e+03,31,1.668654906090972e-19,9.571472303973594e-20,1.923678771593325e-19,5.207845617153867e-01,vn
1.700000000000000e+03,32,2.291144970058043e-07,-1.113189010776234e-06,1.136522426726016e-06,-1.367812707513610e+00,vn
1.700000000000000e+03,33,-1.439956010332311e-20,1.177375796683477e-19,1.186148599347053e-19,1.692494108817993e+00,vn
1.700000000000000e+03,34,2.142318995429746e-07,-1.359753322881826e-07,2.537412023552202e-07,-5.655520123880645e-01,vn
1.700000000000000e+03,35,-8.216219588366713e-20,-1.236668102991278e-19,1.484725779461870e-19,-2.157216653181917e+00,vn
1.700000000000000e+03,36,1.912795474880280e-07,-8.086743680806915e-07,8.309886274058933e-07,-1.338530484389178e+00,vn
1.700000000000000e+03,37,-4.633270221481023e-19,2.930733997499879e-19,5.482371267012517e-19,2.577588870721106e+00,vn
1.700000000000000e+03,38,1.835521860871489e-07,-2.011326375154409e-07,2.722971591685986e-07,-8.310673094237045e-01,vn
1.700000000000000e+03,39,-5.319366908757006e-19,2.261577969168982e-19,5.780172940372075e-19,2.739587139836388e+00,vn
1.700000000000000e+03,40,1.455477015209564e-07,-3.683111811387725e-07,3.960268419815394e-07,-1.194455564216459e+00,vn
1.750000000000000e+03,0,-2.351532236647334e-05,-1.114745900685756e-05,2.602376276230498e-05,-2.698919007544390e+00,vn
1.750000000000000e+03,1,-2.858736196983264e-21,-2.091112588534054e-21,3.541909725256691e-21,-2.510049121338612e+00,vn
1.750000000000000e+03,2,-2.692539333031583e-05,-1.281008189411431e-05,2.981736078404881e-05,-2.697522688987933e+00,vn
1.750000000000000e+03,3,3.176373552203626e-21,-7.332128949670037e-21,7.990585953340852e-21,-1.161989814966218e+00,vn
1.750000000000000e+03,4,-4.402489209108084e-06,-1.998408717248010e-06,4.834826639858555e-06,-2.715477835027012e+00,vn
1.750000000000000e+03,5,6.829203137237796e-21,3.494010907423989e-21,7.671122975865813e-21,4.729066036629292e-01,vn
1.750000000000000e+03,6,-9.263670647133170e-07,-4.011991561734302e-07,1.009513101202673e-06,-2.732890757869617e+00,vn
1.750000000000000e+03,7,1.535247216898419e-21,5.876291071576709e-21,6.073531161926025e-21,1.315247232853515e+00,vn
1.750000000000000e+03,8,-1.370982840878855e-06,-6.388440592068370e-07,1.512519646804009e-06,-2.705533421032377e+00,vn
1.750000000000000e+03,9,4.817499887508833e-21,2.223461486542538e-21,5.305853950900418e-21,4.324077755705378e-01,vn
1.750000000000000e+03,10,-3.178765626361090e-07,-1.275715240668898e-07,3.425200765299710e-07,-2.759945336036746e+00,vn
1.750000000000000e+03,11,-4.552802091491864e-21,7.993873439712459e-21,9.199457563054085e-21,2.088514890262405e+00,vn
1.750000000000000e+03,12,-5.314133585538849e-07,-2.342947444701086e-07,5.807703375137484e-07,-2.726340523924285e+00,vn
1.750000000000000e+03,13,1.905824131322176e-21,3.652829585034170e-21,4.120112813604845e-21,1.089909046599561e+00,vn
1.750000000000000e+03,14,-1.995091774991380e-07,-7.958163221149599e-08,2.147955960717733e-07,-2.762046062779849e+00,vn
1.750000000000000e+03,15,-5.293955920339377e-22,4.764560328305439e-21,4.793880976299579e-21,1.681453547968792e+00,vn
1.750000000000000e+03,16,-2.243681817130868e-07,-9.520081433338374e-08,2.437299243321922e-07,-2.740309793568017e+00,vn
1.750000000000000e+03,17,-3.070494433796839e-21,7.411538288475128e-21,8.022395893341976e-21,1.963556992432218e+00,vn
1.750000000000000e+03,18,-2.287458860794306e-07,-9.837682970076708e-08,2.490033755197659e-07,-2.735435201027707e+00,vn
1.750000000000000e+03,19,-1.005851624864482e-21,-4.235164736271502e-22,1.091376971846160e-21,-2.743070207923373e+00,vn
1.750000000000000e+03,20,-1.135443445704140e-07,-4.325464567617288e-08,1.215042491293871e-07,-2.777616333024838e+00,vn
1.750000000000000e+03,21,4.129285617864714e-21,-3.546950466627383e-21,5.443515162706225e-21,-7.096811240570962e-01,vn
1.750000000000000e+03,22,-1.948138023765489e-07,-8.496825411466774e-08,2.125371068865477e-07,-2.730314964449334e+00,vn
1.750000000000000e+03,23,8.523269031746397e-21,1.641126335305207e-21,8.679827799902453e-21,1.902186495824594e-01,vn
1.750000000000000e+03,24,-8.979715808713355e-08,-3.596649839694375e-08,9.673220046842216e-08,-2.760629053970401e+00,vn
1.750000000000000e+03,25,-6.617444900424221e-22,-4.129285617864714e-21,4.181973874141956e-21,-1.729701588976090e+00,vn
1.750000000000000e+03,26,-1.336676675905721e-07,-5.765752253288877e-08,1.455727833893899e-07,-2.734355980271985e+00,vn
1.750000000000000e+03,27,-6.326277324805556e-21,1.561716996500116e-20,1.684986001443583e-20,1.955678405268424e+00,vn
1.750000000000000e+03,28,-9.815318220991886e-08,-4.096401327476146e-08,1.063583450487472e-07,-2.746221312309003e+00,vn
1.750000000000000e+03,29,1.672890070827243e-20,1.132906566952627e-20,2.020405523284067e-20,5.952699174670502e-01,vn
1.750000000000000e+03,30,-6.954398146263260e-08,-2.811960635741489e-08,7.501384951707888e-08,-2.757348121418826e+00,vn
1.750000000000000e+03,31,8.946785505373547e-21,-5.876291071576709e-21,1.070400708319339e-20,-5.811440005310674e-01,vn
1.750000000000000e+03,32,-9.120984572909250e-08,-3.958236434047287e-08,9.942836378371512e-08,-2.732148679651373e+00,vn
1.750000000000000e+03,33,4.817499887508833e-21,3.599890025830776e-21,6.013943245843240e-21,6.417405472320037e-01,vn
1.750000000000000e+03,34,-3.990131583590882e-08,-1.486443820018376e-08,4.258011893412266e-08,-2.784989197027235e+00,vn
1.750000000000000e+03,35,-7.940933880509066e-21,7.940933880509066e-22,7.980539781466097e-21,3.041924001098631e+00,vn
1.750000000000000e+03,36,-6.998201694784305e-08,-2.956496755278733e-08,7.597084968911142e-08,-2.741870952829186e+00,vn
1.750000000000000e+03,37,3.282252670610414e-21,2.906381800266318e-20,2.924856747749635e-20,1.458340186913891e+00,vn
1.750000000000000e+03,38,-3.849155252527916e-08,-1.495702665745451e-08,4.129542665039471e-08,-2.770970173765329e+00,vn
1.750000000000000e+03,39,-1.773475233313691e-21,3.176373552203626e-20,3.181320651422999e-20,1.626571750850169e+00,vn
1.750000000000000e+03,40,-4.138042672095021e-08,-1.683134886942902e-08,4.467251974505535e-08,-2.755283785600537e+00,vn
1.800000000000000e+03,0,-1.678083356359015e-05,-2.970530388662275e-05,3.411746552845798e-05,-2.085014907566297e+00,vn
1.800000000000000e+03,1,-2.276401045745932e-21,7.411538288475128e-22,2.394015605439635e-21,2.826834992198485e+00,vn
1.800000000000000e+03,2,-1.728596232729653e-05,-3.498835052925715e-05,3.902549380006464e-05,-2.029671875243412e+00,vn
1.800000000000000e+03,3,1.095848875510251e-20,1.852884572118782e-21,1.111402973872681e-20,1.674979291617014e-01,vn
1.800000000000000e+03,4,-6.437050451080201e-06,-4.184553062979788e-06,7.677636540410425e-06,-2.565166076739283e+00,vn
1.800000000000000e+03,5,1.826414792517085e-21,4.076346058661320e-21,4.466809620331821e-21,1.149563582705603e+00,vn
1.800000000000000e+03,6,-3.235026663973595e-06,-1.261335718171663e-07,3.237484701826324e-06,-3.102622429743614e+00,vn
1.800000000000000e+03,7,2.382280164152720e-22,7.782115202898884e-21,7.785760696232263e-21,1.540193638866178e+00,vn
1.800000000000000e+03,8,-2.044644349632995e-06,-1.286373224200928e-06,2.415642065461525e-06,-2.580019807879772e+00,vn
1.800000000000000e+03,9,-1.138200522872966e-21,5.929230630780102e-21,6.037489238354741e-21,1.760453434066671e+00,vn
1.800000000000000e+03,10,-1.156125888556825e-06,-3.530462800332207e-08,1.156664811840388e-06,-3.111065130136194e+00,vn
1.800000000000000e+03,11,-1.117024699191609e-20,3.335192229813808e-21,1.165752654169060e-20,2.851440773551769e+00,vn
1.800000000000000e+03,12,-1.334496396479950e-06,-3.088069450122426e-07,1.369759964922967e-06,-2.914191826315864e+00,vn
1.800000000000000e+03,13,6.882142696441190e-22,5.823351512373315e-21,5.863877703158752e-21,1.453160156116601e+00,vn
1.800000000000000e+03,14,-9.097431595234715e-07,5.362718963658555e-08,9.113223862981019e-07,3.082713173935710e+00,vn
1.800000000000000e+03,15,-3.679299364635867e-21,5.929230630780102e-21,6.978038383929319e-21,2.126178926252940e+00,vn
1.800000000000000e+03,16,-7.623902987865127e-07,-5.087411215002607e-08,7.640858217313298e-07,-3.074961688342077e+00,vn
1.800000000000000e+03,17,-7.729175643695491e-21,4.552802091491864e-21,8.970404841220284e-21,2.609270142356947e+00,vn
1.800000000000000e+03,18,-6.526093569324181e-07,-1.021168618137429e-07,6.605503964289411e-07,-2.986376561617426e+00,vn
1.800000000000000e+03,19,-6.882142696441190e-22,-1.270549420881451e-21,1.444968758085786e-21,-2.067219080199779e+00,vn
1.800000000000000e+03,20,-5.732507516377330e-07,4.785022226240822e-08,5.752443550559950e-07,3.058313997874488e+00,vn
1.800000000000000e+03,21,9.687939334221060e-21,2.117582368135751e-22,9.690253355532352e-21,2.185444348336243e-02,vn
1.800000000000000e+03,22,-5.773421278575783e-07,-7.330880852013570e-08,5.819777607484312e-07,-3.015292168927454e+00,vn
1.800000000000000e+03,23,6.299807545203859e-21,6.670384459627615e-21,9.175053348392534e-21,8.139618212362083e-01,vn
1.800000000000000e+03,24,-4.159710759918861e-07,2.900036785759875e-08,4.169807638221738e-07,3.071988008770336e+00,vn
1.800000000000000e+03,25,-1.005851624864482e-21,-2.858736196983264e-21,3.030529678981028e-21,-1.909119949304156e+00,vn
1.800000000000000e+03,26,-4.125619722797859e-07,-4.361047516314319e-08,4.148605241708856e-07,-3.036277268246731e+00,vn
1.800000000000000e+03,27,-1.892589241521327e-20,1.164670302474663e-20,2.222240074921856e-20,2.589937671061247e+00,vn
1.800000000000000e+03,28,-3.705990144508335e-07,-3.073816399063386e-09,3.706117616309340e-07,-3.133298659823123e+00,vn
1.800000000000000e+03,29,8.999725064576941e-21,2.117582368135751e-20,2.300892348246471e-20,1.168925679354440e+00,vn
1.800000000000000e+03,30,-3.307874209056878e-07,2.663529047516896e-08,3.318580367086705e-07,3.061245133046221e+00,vn
1.800000000000000e+03,31,1.257314531080602e-20,0.000000000000000e+00,1.257314531080602e-20,0.000000000000000e+00,vn
1.800000000000000e+03,32,-2.958104950242552e-07,-2.197097130991650e-08,2.966253066526793e-07,-3.067454976908214e+00,vn
1.800000000000000e+03,33,2.911675756186657e-21,6.617444900424221e-21,7.229691052826233e-21,1.156289452210111e+00,vn
1.800000000000000e+03,34,-2.342166668610106e-07,3.207671431473574e-08,2.364029666410952e-07,3.005486216829307e+00,vn
1.800000000000000e+03,35,-7.120370712856462e-21,-5.505714157152952e-21,9.000698165630179e-21,-2.483386722418657e+00,vn
1.800000000000000e+03,36,-2.512443449720191e-07,-9.216838271655686e-09,2.514133468774973e-07,-3.104924337645182e+00,vn
1.800000000000000e+03,37,-1.985233470127266e-20,3.165785640362948e-20,3.736756702227452e-20,2.130897367995604e+00,vn
1.800000000000000e+03,38,-2.061844579064536e-07,2.299610798123224e-08,2.074628922589835e-07,3.030519968496729e+00,vn
1.800000000000000e+03,39,-2.183756817139993e-20,3.462247171901953e-20,4.093403146008033e-20,2.133508306592462e+00,vn
1.800000000000000e+03,40,-1.820507559690793e-07,7.858857182264657e-09,1.822203045358132e-07,3.098450943566857e+00,vn
1.850000000000000e+03,0,2.264249396740837e-06,-3.878986959345740e-07,2.297235453528651e-06,-1.696674324306404e-01,vn
1.850000000000000e+03,1,3.308722450212111e-23,1.406207041340147e-22,1.444608834819996e-22,1.339705659599000e+00,vn
1.850000000000000e+03,2,2.547058417571347e-06,-4.679919263980864e-07,2.589695546911807e-06,-1.817114464451252e-01,vn
1.850000000000000e+03,3,-4.301339185275744e-22,1.869428184369843e-22,4.690019245515409e-22,2.731605960023465e+00,vn
1.850000000000000e+03,4,5.157945129250222e-07,-1.997663239869602e-08,5.161812137278472e-07,-3.871047978450504e-02,vn
1.850000000000000e+03,5,-5.691002614364830e-22,5.376673981594680e-23,5.716344722613473e-22,3.047395508772098e+00,vn
1.850000000000000e+03,6,1.041544197150142e-07,7.365000381356951e-09,1.044144931357172e-07,7.059481036998722e-02,vn
1.850000000000000e+03,7,-4.433688083284228e-22,-1.439294265842268e-22,4.661454494419420e-22,-2.827698278752194e+00,vn
1.850000000000000e+03,8,1.374330228326296e-07,-8.237483326188986e-09,1.376796713261015e-07,-5.986654262322144e-02,vn
1.850000000000000e+03,9,-3.639594695233322e-22,-9.926167350636332e-24,3.640948011905391e-22,-3.114326685134199e+00,vn
1.850000000000000e+03,10,4.633822199109285e-08,6.977458315157008e-09,4.686059903410918e-08,1.494539468388487e-01,vn
1.850000000000000e+03,11,-4.632211430296955e-23,-9.520848850485349e-22,9.532110818760865e-22,-1.619411336256154e+00,vn
1.850000000000000e+03,12,5.904773608258389e-08,1.965965604988825e-09,5.908045495118059e-08,3.328221838384372e-02,vn
1.850000000000000e+03,13,-3.507245797224837e-22,-6.203854594147708e-23,3.561692182152265e-22,-2.966516849060620e+00,vn
1.850000000000000e+03,14,2.648566825710752e-08,6.658969525665891e-09,2.730993405648025e-08,2.463126557138958e-01,vn
1.850000000000000e+03,15,-2.911675756186657e-22,-3.705769144237564e-22,4.712810271966012e-22,-2.236765564174006e+00,vn
1.850000000000000e+03,16,2.540159298865717e-08,3.422719905388177e-09,2.563115170865596e-08,1.339375976831613e-01,vn
1.850000000000000e+03,17,-1.323488980084844e-23,-7.411538288475128e-22,7.412719880876174e-22,-1.588651571934449e+00,vn
1.850000000000000e+03,18,2.697289733527708e-08,2.999146586884935e-09,2.713912435781636e-08,1.107362508133925e-01,vn
1.850000000000000e+03,19,9.926167350636332e-23,6.286572655403010e-23,1.174945930775113e-22,5.645693936681000e-01,vn
1.850000000000000e+03,20,1.593008252517587e-08,4.348953170309496e-09,1.651305310766179e-08,2.665082519810113e-01,vn
1.850000000000000e+03,21,-1.522012327097571e-22,4.268251960773623e-22,4.531500449573501e-22,1.913329108119535e+00,vn
1.850000000000000e+03,22,2.157671795176397e-08,2.286491798344157e-09,2.169752986664308e-08,1.055763037481235e-01,vn
1.850000000000000e+03,23,-6.749793798432706e-22,2.613890735667567e-22,7.238241575090551e-22,2.772121482165659e+00,vn
1.850000000000000e+03,24,1.193501064392788e-08,3.253622629567372e-09,1.237055129273973e-08,2.661444033608880e-01,vn
1.850000000000000e+03,25,2.316105715148477e-22,1.919059021123024e-22,3.007845276987681e-22,6.919213822388588e-01,vn
1.850000000000000e+03,26,1.561570740799763e-08,1.797846588796495e-09,1.571886033429394e-08,1.146259723862522e-01,vn
1.850000000000000e+03,27,-3.176373552203626e-22,-1.402898318889935e-21,1.438407863777028e-21,-1.793457267431262e+00,vn
1.850000000000000e+03,28,1.260737824284086e-08,2.376414182786845e-09,1.282939322517662e-08,1.863079439234114e-01,vn
1.850000000000000e+03,29,-1.826414792517085e-21,7.610061635487855e-23,1.827999534500712e-21,3.099950074491205e+00,vn
1.850000000000000e+03,30,9.026649691474846e-09,2.258116055792379e-09,9.304810195486541e-09,2.451302224875208e-01,vn
1.850000000000000e+03,31,-2.845501307182415e-22,8.867376166568457e-22,9.312745984327239e-22,1.881311398933576e+00,vn
1.850000000000000e+03,32,1.061913582279206e-08,1.452842412314131e-09,1.071805937182307e-08,1.359694561898552e-01,vn
1.850000000000000e+03,33,-5.525566491854225e-22,4.632211430296955e-23,5.544948952267454e-22,3.057955881603162e+00,vn
1.850000000000000e+03,34,6.138682266792096e-09,2.004555583222905e-09,6.457682483589439e-09,3.156286020182854e-01,vn
1.850000000000000e+03,35,4.863822001811803e-22,-4.334426409777865e-22,6.514907272332308e-22,-7.279076289141362e-01,vn
1.850000000000000e+03,36,8.461008009174301e-09,1.298940978438791e-09,8.560134589875278e-09,1.523315116793220e-01,vn
1.850000000000000e+03,37,-1.670904837357116e-21,-1.915750298672812e-21,2.542050782806744e-21,-2.288034555996478e+00,vn
1.850000000000000e+03,38,5.330777181468681e-09,1.663586231276620e-09,5.584326683438239e-09,3.024948880063074e-01,vn
1.850000000000000e+03,39,-1.502159992396298e-21,-2.395515053953568e-21,2.827539038894815e-21,-2.130884105440110e+00,vn
1.850000000000000e+03,40,5.148425212490583e-09,1.183431465382996e-09,5.282687971276295e-09,2.259380829348510e-01,vn
1.900000000000000e+03,0,6.008724989800433e-05,-1.928572137209449e-04,2.020009467416215e-04,-1.268764955196614e+00,vn
1.900000000000000e+03,1,1.704653806349279e-20,1.482307657695026e-20,2.258999909597696e-20,7.157435896688801e-01,vn
1.900000000000000e+03,2,6.904449792306721e-05,-2.180091241238968e-04,2.286812648528888e-04,-1.264085508819351e+00,vn
1.900000000000000e+03,3,2.604626312806974e-20,4.658681209898652e-20,5.337357852423727e-20,1.061000333762244e+00,vn
1.900000000000000e+03,4,1.066584418264936e-05,-4.209122311975177e-05,4.342155335596921e-05,-1.322621834428598e+00,vn
1.900000000000000e+03,5,-2.668153783851046e-20,4.192813088908787e-20,4.969781304323511e-20,2.137525544318403e+00,vn
1.900000000000000e+03,6,2.031357714146188e-06,-1.066849213327328e-05,1.086016291592972e-05,-1.382641397495028e+00,vn
1.900000000000000e+03,7,-3.684593320556206e-20,4.150461441546072e-20,5.550005235641504e-20,2.296804953999984e+00,vn
1.900000000000000e+03,8,3.204720946862139e-06,-1.331244149929039e-05,1.369274753361377e-05,-1.334560018164416e+00,vn
1.900000000000000e+03,9,-2.159934015498466e-20,2.752857078576476e-20,3.499076599100960e-20,2.236085754625432e+00,vn
1.900000000000000e+03,10,6.521573672489442e-07,-4.226516162278399e-06,4.276534590256180e-06,-1.417702307169872e+00,vn
1.900000000000000e+03,11,-6.183340514956392e-20,-3.218725199566341e-20,6.970931920068117e-20,-2.661642141270325e+00,vn
1.900000000000000e+03,12,1.198506600724362e-06,-5.806634400041741e-06,5.929032056561001e-06,-1.367251711742642e+00,vn
1.900000000000000e+03,13,-1.969351602366248e-20,2.498747194400186e-20,3.181522163252256e-20,2.238260890162293e+00,vn
1.900000000000000e+03,14,3.594150093106345e-07,-2.960353350207185e-06,2.982091733498597e-06,-1.449978145571476e+00,vn
1.900000000000000e+03,15,-5.272780096658020e-20,8.046812998915853e-21,5.333828075792110e-20,2.990150689533907e+00,vn
1.900000000000000e+03,16,4.612216351474123e-07,-2.829646729526497e-06,2.866989014741434e-06,-1.409221035977489e+00,vn
1.900000000000000e+03,17,-4.785736151986797e-20,-1.778769189234031e-20,5.105613611016964e-20,-2.785734596442211e+00,vn
1.900000000000000e+03,18,4.844118168553941e-07,-2.760303510106382e-06,2.802486445322217e-06,-1.397073097463723e+00,vn
1.900000000000000e+03,19,4.235164736271502e-21,-6.352747104407253e-21,7.635051808331911e-21,-9.827937232473291e-01,vn
1.900000000000000e+03,20,2.086494672362137e-07,-1.722469144994401e-06,1.735060389622131e-06,-1.450249712015961e+00,vn
1.900000000000000e+03,21,2.879912020664621e-20,3.430483436379916e-20,4.479074664933098e-20,8.724261053088934e-01,vn
1.900000000000000e+03,22,4.131985732114985e-07,-2.312579800359781e-06,2.349203778716547e-06,-1.393987781637428e+00,vn
1.900000000000000e+03,23,-5.929230630780102e-21,6.310395457044538e-20,6.338189692886933e-20,1.664481008158391e+00,vn
1.900000000000000e+03,24,1.597258576410972e-07,-1.341951855152808e-06,1.351424112241322e-06,-1.452328642677211e+00,vn
1.900000000000000e+03,25,3.091670257478196e-20,-1.397604362969596e-20,3.392893003966813e-20,-4.245613803643576e-01,vn
1.900000000000000e+03,26,2.829956578182727e-07,-1.608607329244164e-06,1.633310773258426e-06,-1.396652435601192e+00,vn
1.900000000000000e+03,27,-1.236668102991278e-19,-3.684593320556206e-20,1.290391520560687e-19,-2.852022056183451e+00,vn
1.900000000000000e+03,28,1.937249774653148e-07,-1.303596163694700e-06,1.317912108182286e-06,-1.423267906429749e+00,vn
1.900000000000000e+03,29,-6.522153693858113e-20,1.433603263227903e-19,1.574993080746948e-19,1.997757635420667e+00,vn
1.900000000000000e+03,30,1.273205735099651e-07,-1.009265969711601e-06,1.017265120829769e-06,-1.445307555138495e+00,vn
1.900000000000000e+03,31,5.717472393966527e-20,6.268043809681823e-20,8.483976884448704e-20,8.313022890714354e-01,vn
1.900000000000000e+03,32,1.852210559091456e-07,-1.136332928302679e-06,1.151329389660943e-06,-1.409218362777376e+00,vn
1.900000000000000e+03,33,-2.837560373301906e-20,3.769296615281637e-20,4.717981119727680e-20,2.216092765795715e+00,vn
1.900000000000000e+03,34,6.393008331220862e-08,-6.698048784743139e-07,6.728488914907242e-07,-1.475638755901223e+00,vn
1.900000000000000e+03,35,-1.355252715606881e-20,-5.272780096658020e-20,5.444163835785324e-20,-1.822378667512707e+00,vn
1.900000000000000e+03,36,1.422638245995375e-07,-8.944728117139275e-07,9.057155219411375e-07,-1.413069752466938e+00,vn
1.900000000000000e+03,37,-2.147228521289651e-19,5.717472393966527e-20,2.222045280456147e-19,2.881358585951026e+00,vn
1.900000000000000e+03,38,6.376343749817095e-08,-6.156999472865568e-07,6.189928925684462e-07,-1.467601686075196e+00,vn
1.900000000000000e+03,39,-2.460630711773742e-19,3.324604317973129e-20,2.482988811580715e-19,3.007294053638694e+00,vn
1.900000000000000e+03,40,7.720731665771234e-08,-5.893439432670842e-07,5.943797213996120e-07,-1.440532629504438e+00,vn
1.950000000000000e+03,0,-2.248301925361182e-06,-9.832133783721811e-06,1.008591673020289e-05,-1.795600000294227e+00,vn
1.950000000000000e+03,1,4.896909226313924e-22,-6.617444900424221e-22,8.232271678030856e-22,-9.337259975192130e-01,vn
1.950000000000000e+03,2,-2.750524731883428e-06,-1.093055057260397e-05,1.127130525364988e-05,-1.817314565991079e+00,vn
1.950000000000000e+03,3,1.826414792517085e-21,-1.191140082076360e-21,2.180505833391442e-21,-5.779019369622457e-01,vn
1.950000000000000e+03,4,-1.861715799710495e-07,-2.457010043765484e-06,2.464053208101112e-06,-1.646423413315621e+00,vn
1.950000000000000e+03,5,9.065899513581183e-22,1.561716996500116e-21,1.805786620024874e-21,1.044832136380889e+00,vn
1.950000000000000e+03,6,9.116278001291555e-08,-8.928684066682274e-07,8.975102473431389e-07,-1.469047886616456e+00,vn
1.950000000000000e+03,7,-9.297510085096031e-22,2.594038400966295e-21,2.755625548493916e-21,1.914951031615331e+00,vn
1.950000000000000e+03,8,-5.760500543587002e-08,-7.725087741399994e-07,7.746535630683894e-07,-1.645227312375040e+00,vn
1.950000000000000e+03,9,-7.279189390466644e-22,1.773475233313691e-21,1.917049917190440e-21,1.960276821964274e+00,vn
1.950000000000000e+03,10,3.268882896005319e-08,-3.089647974633616e-07,3.106892428301238e-07,-1.465387327763608e+00,vn
1.950000000000000e+03,11,-3.414601568618898e-21,7.146840492458159e-22,3.488592432867594e-21,2.935268759560076e+00,vn
1.950000000000000e+03,12,1.103399987868331e-08,-4.094311433673795e-07,4.095797972464492e-07,-1.543853262100612e+00,vn
1.950000000000000e+03,13,-7.080666043453917e-22,1.614656555703510e-21,1.763086529091960e-21,1.984066428614645e+00,vn
1.950000000000000e+03,14,3.356293245970804e-08,-2.276319150092345e-07,2.300929359325624e-07,-1.424407185883477e+00,vn
1.950000000000000e+03,15,-1.892589241521327e-21,1.111730743271269e-21,2.194957694958325e-21,2.610480020067083e+00,vn
1.950000000000000e+03,16,1.907591329758984e-08,-2.081574985191836e-07,2.090297458686230e-07,-1.479409853766904e+00,vn
1.950000000000000e+03,17,-3.335192229813808e-21,3.970466940254533e-22,3.358742813471573e-21,3.023102694431655e+00,vn
1.950000000000000e+03,18,1.052736821789595e-08,-1.879105440328205e-07,1.882052019480485e-07,-1.514831531421935e+00,vn
1.950000000000000e+03,19,1.058791184067875e-22,-6.617444900424221e-22,6.701612923887084e-22,-1.412141064608495e+00,vn
1.950000000000000e+03,20,2.283766889134471e-08,-1.404269432737345e-07,1.422718718425935e-07,-1.409577525803336e+00,vn
1.950000000000000e+03,21,1.733770563911146e-21,3.176373552203626e-22,1.762626976338488e-21,1.811966823292414e-01,vn
1.950000000000000e+03,22,1.155847104045598e-08,-1.640383000036848e-07,1.644450124536829e-07,-1.500450566388887e+00,vn
1.950000000000000e+03,23,1.627891445504358e-21,2.858736196983264e-21,3.289742117900521e-21,1.053147217418122e+00,vn
1.950000000000000e+03,24,1.647965443816072e-08,-1.024358341906105e-07,1.037529717007057e-07,-1.411285266200848e+00,vn
1.950000000000000e+03,25,1.098495853470421e-21,-1.323488980084844e-21,1.719975645321098e-21,-8.780284913977744e-01,vn
1.950000000000000e+03,26,9.171760411987476e-09,-1.156980355102544e-07,1.160610038298265e-07,-1.491688501448643e+00,vn
1.950000000000000e+03,27,-5.664532834763134e-21,1.614656555703510e-21,5.890165365164716e-21,2.863910278456896e+00,vn
1.950000000000000e+03,28,1.168094161305056e-08,-9.735496432905110e-08,9.805321757330715e-08,-1.451384150088911e+00,vn
1.950000000000000e+03,29,1.217609861678057e-21,8.311510794932822e-21,8.400225322545848e-21,1.425334224905614e+00,vn
1.950000000000000e+03,30,1.337743807965927e-08,-8.182933988414399e-08,8.291559995230014e-08,-1.408750049693325e+00,vn
1.950000000000000e+03,31,3.851352932046897e-21,1.138200522872966e-21,4.016020398037655e-21,2.873532821572463e-01,vn
1.950000000000000e+03,32,7.397911291457240e-09,-8.143610636380582e-08,8.177144068177694e-08,-1.480201854208243e+00,vn
1.950000000000000e+03,33,3.176373552203626e-22,2.276401045745932e-21,2.298454961600197e-21,1.432156589660738e+00,vn
1.950000000000000e+03,34,1.053555095082065e-08,-5.531859104446798e-08,5.631291458433341e-08,-1.382597909592467e+00,vn
1.950000000000000e+03,35,-1.720535674110298e-21,-2.011703249728963e-21,2.647110305759140e-21,-2.278338000649376e+00,vn
1.950000000000000e+03,36,7.016413462109641e-09,-6.764901384534242e-08,6.801190434121518e-08,-1.467447959139539e+00,vn
1.950000000000000e+03,37,-7.226249831263250e-21,8.020343219314156e-21,1.079558205838994e-20,2.304158175383129e+00,vn
1.950000000000000e+03,38,8.744717440696283e-09,-4.962205680697272e-08,5.038669075134866e-08,-1.396360931380640e+00,vn
1.950000000000000e+03,39,-1.079967007749233e-20,7.808584982500581e-21,1.332692287107631e-20,2.515570892765193e+00,vn
1.950000000000000e+03,40,6.533082969667081e-09,-4.607298053048153e-08,4.653386624868692e-08,-1.429936822413877e+00,vn
2.000000000000000e+03,0,2.749255230325382e-05,-4.748216613360062e-05,5.486708059379501e-05,-1.045955173080470e+00,vn
2.000000000000000e+03,1,1.175258214315342e-20,-2.117582368135751e-22,1.175448972020593e-20,-1.801606855405535e-02,vn
2.000000000000000e+03,2,3.088176859812912e-05,-5.783432553857903e-05,6.556289226575295e-05,-1.080343809483089e+00,vn
2.000000000000000e+03,3,-1.027027448545839e-20,5.505714157152952e-21,1.165295783854606e-20,2.649497436418965e+00,vn
2.000000000000000e+03,4,6.284648296875383e-06,-1.379385639752579e-06,6.434245018537473e-06,-2.160589677400850e-01,vn
2.000000000000000e+03,5,-1.387016451128917e-20,9.740878893424454e-21,1.694892873271309e-20,2.529331378226777e+00,vn
2.000000000000000e+03,6,1.227293660892896e-06,1.150540443278144e-06,1.682258315980799e-06,7.531307409176423e-01,vn
2.000000000000000e+03,7,-1.715241718189958e-20,4.129285617864714e-21,1.764246056806783e-20,2.905347392871356e+00,vn
2.000000000000000e+03,8,1.640735311748552e-06,-8.854474203276367e-07,1.864411300486962e-06,-4.948738581205072e-01,vn
2.000000000000000e+03,9,-5.611593275559740e-21,4.870439446712227e-21,7.430421219177133e-21,2.426784080011219e+00,vn
2.000000000000000e+03,10,5.678855734872836e-07,1.064380753451672e-06,1.206399773248209e-06,1.080681137803326e+00,vn
2.000000000000000e+03,11,-2.032879073410321e-20,-1.111730743271269e-20,2.317011560748909e-20,-2.641151840442499e+00,vn
2.000000000000000e+03,12,7.015619372962987e-07,3.585286219402101e-07,7.878654229075431e-07,4.724432750137856e-01,vn
2.000000000000000e+03,13,-7.729175643695491e-21,6.882142696441190e-21,1.034910837827464e-20,2.414100695440452e+00,vn
2.000000000000000e+03,14,3.062815197716642e-07,9.118363920275166e-07,9.619012294302359e-07,1.246741815424249e+00,vn
2.000000000000000e+03,15,-1.037615360386518e-20,-1.270549420881451e-21,1.045365292335203e-20,-3.019750216569876e+00,vn
2.000000000000000e+03,16,2.971701576522616e-07,4.813935435448617e-07,5.657294816126774e-07,1.017744352204941e+00,vn
2.000000000000000e+03,17,-9.317362419797304e-21,-1.344664803766202e-20,1.635926605659957e-20,-2.176750323164561e+00,vn
2.000000000000000e+03,18,3.164886276593696e-07,4.324394371448505e-07,5.358814404659543e-07,9.390009852519146e-01,vn
2.000000000000000e+03,19,3.388131789017201e-21,2.011703249728963e-21,3.940353662391102e-21,5.358112379604637e-01,vn
2.000000000000000e+03,20,1.832361321830310e-07,5.924660388095499e-07,6.201544059990837e-07,1.270850382732939e+00,vn
2.000000000000000e+03,21,8.999725064576941e-21,8.417389913339610e-21,1.232264193227921e-20,7.519759631880012e-01,vn
2.000000000000000e+03,22,2.488306741901940e-07,3.187779435823247e-07,4.043959467310747e-07,9.080115022053532e-01,vn
2.000000000000000e+03,23,-8.258571235729428e-21,1.540541172818759e-20,1.747943675781909e-20,2.062891543965725e+00,vn
2.000000000000000e+03,24,1.360880628747482e-07,4.401392544527414e-07,4.606978664669682e-07,1.270926892272891e+00,vn
2.000000000000000e+03,25,7.940933880509066e-21,7.199780051661553e-21,1.071892082660005e-20,7.364861572482536e-01,vn
2.000000000000000e+03,26,1.820436116364673e-07,2.571571239722951e-07,3.150708855914035e-07,9.547826057889783e-01,vn
2.000000000000000e+03,27,-2.848148285142585e-20,-1.402898318889935e-20,3.174912966886628e-20,-2.683910671059216e+00,vn
2.000000000000000e+03,28,1.455570575930008e-07,3.297213776576774e-07,3.604206485477890e-07,1.155071341458948e+00,vn
2.000000000000000e+03,29,-3.282252670610414e-20,3.451659260061274e-20,4.763101325953074e-20,2.331042562696654e+00,vn
2.000000000000000e+03,30,1.032305438502005e-07,3.078373524256259e-07,3.246850485193723e-07,1.247239791905199e+00,vn
2.000000000000000e+03,31,1.090554919589912e-20,1.842296660278103e-20,2.140879963265949e-20,1.036313991706644e+00,vn
2.000000000000000e+03,32,1.233147925402107e-07,2.051086446740115e-07,2.393242448629998e-07,1.029482495148385e+00,vn
2.000000000000000e+03,33,-1.016439536705160e-20,8.470329472543003e-21,1.323107760355031e-20,2.446854377393090e+00,vn
2.000000000000000e+03,34,7.105340909186509e-08,2.754165547955364e-07,2.844342904767613e-07,1.318316368083869e+00,vn
2.000000000000000e+03,35,-6.352747104407253e-22,-1.747005453711994e-20,1.748160117059278e-20,-1.607143947813917e+00,vn
2.000000000000000e+03,36,9.844739392039834e-08,1.829804810270551e-07,2.077829295361161e-07,1.077196316358230e+00,vn
2.000000000000000e+03,37,-6.532741605698791e-20,3.758708703440958e-21,6.543545812325397e-20,3.084119551439972e+00,vn
2.000000000000000e+03,38,6.073963494635634e-08,2.253344506859711e-07,2.333772009416622e-07,1.307500928041665e+00,vn
2.000000000000000e+03,39,-6.236280074159786e-20,-1.445249966252650e-20,6.401557359605214e-20,-2.913864034527562e+00,vn
2.000000000000000e+03,40,5.940159366308193e-08,1.619846108291352e-07,1.725327895652889e-07,1.219312154501810e+00,vn
2.050000000000000e+03,0,-1.725318703970014e-06,2.234702544382238e-06,2.823228664514657e-06,2.228265386303401e+00,vn
2.050000000000000e+03,1,-8.569591146049367e-22,-1.654361225106055e-22,8.727817795622345e-22,-2.950888443685717e+00,vn
2.050000000000000e+03,2,-1.887017360272506e-06,2.520895753447848e-06,3.148928376086253e-06,2.213369004096085e+00,vn
2.050000000000000e+03,3,-1.118348188171693e-21,-5.360130369343619e-22,1.240166378253542e-21,-2.694649934477798e+00,vn
2.050000000000000e+03,4,-5.205672444852262e-07,4.909599472289172e-07,7.155640612928814e-07,2.385456033252842e+00,vn
2.050000000000000e+03,5,-1.522012327097571e-22,-3.904292491250291e-22,4.190467919107646e-22,-1.942505276913482e+00,vn
2.050000000000000e+03,6,-1.767528013480001e-07,1.200260378037430e-07,2.136534636630802e-07,2.545057969273464e+00,vn
2.050000000000000e+03,7,7.477712737479370e-22,-8.602678370551488e-23,7.527034511395093e-22,-1.145406967966813e-01,vn
2.050000000000000e+03,8,-1.892256033116889e-07,1.413485338760567e-07,2.361900441965821e-07,2.500024459335740e+00,vn
2.050000000000000e+03,9,3.639594695233322e-22,-2.316105715148477e-22,4.314046271114158e-22,-5.667292175235064e-01,vn
2.050000000000000e+03,10,-7.764180377438669e-08,4.941452254335654e-08,9.203284593843797e-08,2.574807499641508e+00,vn
2.050000000000000e+03,11,8.470329472543003e-22,6.749793798432706e-22,1.083079857142544e-21,6.728325475937632e-01,vn
2.050000000000000e+03,12,-9.060054028017217e-08,6.541668866130226e-08,1.117488302152146e-07,2.516231192441503e+00,vn
2.050000000000000e+03,13,4.367513634279986e-22,-1.852884572118782e-22,4.744297269693097e-22,-4.012287990048488e-01,vn
2.050000000000000e+03,14,-6.319286711078550e-08,3.195937059672519e-08,7.081482770310339e-08,2.673360949621211e+00,vn
2.050000000000000e+03,15,5.492479267352104e-22,1.455837878093329e-22,5.682146815208490e-22,2.591020177794102e-01,vn
2.050000000000000e+03,16,-5.256531493249303e-08,3.092293387040200e-08,6.098639334397001e-08,2.609838053191684e+00,vn
2.050000000000000e+03,17,5.227781471335135e-22,6.452008777913616e-22,8.304102382696718e-22,8.898326895330396e-01,vn
2.050000000000000e+03,18,-4.898219536359105e-08,3.036754573696513e-08,5.763196419283026e-08,2.586617799085926e+00,vn
2.050000000000000e+03,19,-6.617444900424221e-23,1.985233470127266e-23,6.908815306625593e-23,2.850135859111926e+00,vn
2.050000000000000e+03,20,-3.552696308280109e-08,1.969486368447862e-08,4.062084146638159e-08,2.635405260321259e+00,vn
2.050000000000000e+03,21,-2.448454613156962e-22,-4.466775307786349e-22,5.093820927647481e-22,-2.072216658774069e+00,vn
2.050000000000000e+03,22,-4.104927076652598e-08,2.493801886428233e-08,4.803069243034984e-08,2.595666247044825e+00,vn
2.050000000000000e+03,23,3.904292491250291e-22,-8.404155023538761e-22,9.266785932398849e-22,-1.135894790807770e+00,vn
2.050000000000000e+03,24,-2.891076337679286e-08,1.424003581763529e-08,3.222748608123884e-08,2.683921692860176e+00,vn
2.050000000000000e+03,25,-5.823351512373315e-22,-5.624828165360588e-23,5.850453807659617e-22,-3.045300465476211e+00,vn
2.050000000000000e+03,26,-2.851211175292752e-08,1.757842965762812e-08,3.349539827856369e-08,2.589110947178588e+00,vn
2.050000000000000e+03,27,1.330106424985269e-21,9.893080126134211e-22,1.657683155976500e-21,6.395091140308614e-01,vn
2.050000000000000e+03,28,-2.545979219376223e-08,1.410459357212490e-08,2.910567948673219e-08,2.635687559529224e+00,vn
2.050000000000000e+03,29,1.442602988292480e-21,-1.747005453711994e-21,2.265641506754731e-21,-8.805456794106999e-01,vn
2.050000000000000e+03,30,-2.121974501354082e-08,1.078057371888464e-08,2.380122576986313e-08,2.671530213089822e+00,vn
2.050000000000000e+03,31,-4.830734777309682e-22,-9.628382330117242e-22,1.077226739287617e-21,-2.035817561305388e+00,vn
2.050000000000000e+03,32,-2.159425633719788e-08,1.187641841948292e-08,2.464469965796386e-08,2.638764466542755e+00,vn
2.050000000000000e+03,33,4.632211430296955e-22,-5.194694246833014e-22,6.960045334123462e-22,-8.425748322738381e-01,vn
2.050000000000000e+03,34,-1.524706226645267e-08,7.242354256687260e-09,1.687970980012514e-08,2.698144334287552e+00,vn
2.050000000000000e+03,35,-7.279189390466644e-23,7.940933880509066e-22,7.974227039433954e-22,1.662207528655177e+00,vn
2.050000000000000e+03,36,-1.683750993047071e-08,9.742054086776169e-09,1.945274681088437e-08,2.617062834075305e+00,vn
2.050000000000000e+03,37,2.971232760290475e-21,2.051407919131509e-22,2.978306038729081e-21,6.893292436930513e-02,vn
2.050000000000000e+03,38,-1.389492417783051e-08,6.503999592430702e-09,1.534180330358846e-08,2.703801790905706e+00,vn
2.050000000000000e+03,39,3.613124915631625e-21,9.198248411589668e-22,3.728370876719637e-21,2.492834148402948e-01,vn
2.050000000000000e+03,40,-1.219066786884609e-08,6.328450274042872e-09,1.373541648293017e-08,2.662764318048656e+00,vn
2.100000000000000e+03,0,-1.485713889964999e-05,-4.181219555139285e-05,4.437335093399426e-05,-1.912211805302662e+00,vn
2.100000000000000e+03,1,1.005851624864482e-21,-8.470329472543003e-21,8.529842839388845e-21,-1.452599837914467e+00,vn
2.100000000000000e+03,2,-1.839907187813916e-05,-4.598587655952569e-05,4.953005843853675e-05,-1.951391207227064e+00,vn
2.100000000000000e+03,3,1.985233470127266e-20,-9.211483301390516e-21,2.188530597691408e-20,-4.344351422809843e-01,vn
2.100000000000000e+03,4,-8.196445277895251e-07,-1.160747374776609e-05,1.163637675382738e-05,-1.641292826228847e+00,vn
2.100000000000000e+03,5,3.176373552203626e-21,4.341043854678289e-21,5.379034364212486e-21,9.391056924559273e-01,vn
2.100000000000000e+03,6,8.251783665754429e-07,-4.629923748560697e-06,4.702883504207865e-06,-1.394421077361707e+00,vn
2.100000000000000e+03,7,-4.711620769102046e-21,8.152692117322641e-21,9.416249732865440e-21,2.094823852757476e+00,vn
2.100000000000000e+03,8,-2.471863871612923e-07,-3.677370606454379e-06,3.685668960611153e-06,-1.637913605096880e+00,vn
2.100000000000000e+03,9,-2.488159282559507e-21,5.717472393966527e-21,6.235417162560688e-21,1.981262191358663e+00,vn
2.100000000000000e+03,10,3.328064052203323e-07,-1.643310481294245e-06,1.676672132913052e-06,-1.370977017435006e+00,vn
2.100000000000000e+03,11,-1.532600238938250e-20,5.293955920339377e-21,1.621457117921576e-20,2.809001016441459e+00,vn
2.100000000000000e+03,12,1.770740729984204e-07,-2.080466527409705e-06,2.087988553369115e-06,-1.485888285808438e+00,vn
2.100000000000000e+03,13,1.111730743271269e-21,7.199780051661553e-21,7.285106590698459e-21,1.417594512268000e+00,vn
2.100000000000000e+03,14,3.179551926551964e-07,-1.236283040510915e-06,1.276515280281171e-06,-1.319065507065067e+00,vn
2.100000000000000e+03,15,-8.549738811348094e-21,6.246867986000465e-21,1.058873898898209e-20,2.510590893815871e+00,vn
2.100000000000000e+03,16,2.012894767257131e-07,-1.095015326125680e-06,1.113362482703023e-06,-1.389002430851357e+00,vn
2.100000000000000e+03,17,-1.540541172818759e-20,2.329340604949326e-21,1.558051790438448e-20,2.991526631253709e+00,vn
2.100000000000000e+03,18,1.357408839161280e-07,-9.754256805787776e-07,9.848252869920144e-07,-1.432523682749887e+00,vn
2.100000000000000e+03,19,-1.588186776101813e-22,-2.541098841762901e-21,2.546057088120100e-21,-1.633215136790854e+00,vn
2.100000000000000e+03,20,2.125987566747937e-07,-7.650304207097560e-07,7.940212692056898e-07,-1.299739892605124e+00,vn
2.100000000000000e+03,21,6.405686663610646e-21,2.117582368135751e-22,6.409185844022444e-21,3.304581701892995e-02,vn
2.100000000000000e+03,22,1.310417254744742e-07,-8.477590107150867e-07,8.578270653598836e-07,-1.417435800710615e+00,vn
2.100000000000000e+03,23,7.411538288475128e-21,1.164670302474663e-20,1.380494806756531e-20,1.004067109271390e+00,vn
2.100000000000000e+03,24,1.555469965735370e-07,-5.545025672951421e-07,5.759062122255250e-07,-1.297308943049469e+00,vn
2.100000000000000e+03,25,6.405686663610646e-21,-7.093900933254765e-21,9.558046457471952e-21,-8.363344582796078e-01,vn
2.100000000000000e+03,26,1.000771808780899e-07,-6.001925287035531e-07,6.084788522570618e-07,-1.405574550331441e+00,vn
2.100000000000000e+03,27,-2.633743070368840e-20,9.529120656610879e-21,2.800829156803100e-20,2.794436505283637e+00,vn
2.100000000000000e+03,28,1.146517118353336e-07,-5.165250600838449e-07,5.290965438569713e-07,-1.352370248200963e+00,vn
2.100000000000000e+03,29,1.222903817598396e-20,3.716357056078243e-20,3.912391022809360e-20,1.252896844502528e+00,vn
2.100000000000000e+03,30,1.217923412066361e-07,-4.413786463771711e-07,4.578738733039237e-07,-1.301559957722761e+00,vn
2.100000000000000e+03,31,1.842296660278103e-20,3.070494433796839e-21,1.867708849138866e-20,1.651486774146268e-01,vn
2.100000000000000e+03,32,7.747850358493904e-08,-4.258480863965463e-07,4.328388975188826e-07,-1.390825585193685e+00,vn
2.100000000000000e+03,33,2.329340604949326e-21,1.122318655111948e-20,1.146236206089717e-20,1.366154516965119e+00,vn
2.100000000000000e+03,34,9.520693491614968e-08,-3.057537344388336e-07,3.202338310975602e-07,-1.268928152841181e+00,vn
2.100000000000000e+03,35,-9.105604182983729e-21,-8.258571235729428e-21,1.229292586786353e-20,-2.404936341502276e+00,vn
2.100000000000000e+03,36,7.019375785237126e-08,-3.572359255395503e-07,3.640668484461837e-07,-1.376776764746349e+00,vn
2.100000000000000e+03,37,-2.657565872010367e-20,3.928115292891818e-20,4.742651802349061e-20,2.165609970529351e+00,vn
2.100000000000000e+03,38,8.006063515493193e-08,-2.724907323965469e-07,2.840086346282761e-07,-1.285027611980399e+00,vn
2.100000000000000e+03,39,-4.616329562535937e-20,3.896351557369782e-20,6.040865342693972e-20,2.440570797615816e+00,vn
2.100000000000000e+03,40,6.213442466774439e-08,-2.483435519085190e-07,2.559984501971269e-07,-1.325633726981654e+00,vn
2.150000000000000e+03,0,-2.962714893223045e-07,-7.948830873402605e-07,8.483017846997852e-07,-1.927569539898302e+00,vn
2.150000000000000e+03,1,6.286572655403010e-23,-2.779326858178173e-22,2.849538162949772e-22,-1.348349061368955e+00,vn
2.150000000000000e+03,2,-4.192088878671598e-07,-8.406422012288501e-07,9.393696834333687e-07,-2.033384934715707e+00,vn
2.150000000000000e+03,3,1.422750653591208e-22,2.481541837659083e-23,1.444229871320605e-22,1.726814916180054e-01,vn
2.150000000000000e+03,4,1.147978530701104e-07,-2.776282096087589e-07,3.004263134947930e-07,-1.178710804395165e+00,vn
2.150000000000000e+03,5,2.709016506111166e-22,1.737079286361358e-22,3.218107343997156e-22,5.701791791933413e-01,vn
2.150000000000000e+03,6,4.991051048608009e-08,-6.449923927921177e-08,8.155495646849507e-08,-9.122267122958072e-01,vn
2.150000000000000e+03,7,-1.451701975030564e-22,1.968689857876206e-22,2.446053634083332e-22,2.206181279679560e+00,vn
2.150000000000000e+03,8,1.996431876110640e-08,-6.406701774960490e-08,6.710556450044403e-08,-1.268716857393382e+00,vn
2.150000000000000e+03,9,2.398823776403780e-23,1.224227306578481e-22,1.247507937159040e-22,1.377301917505495e+00,vn
2.150000000000000e+03,10,3.314461516717861e-08,-3.808782816197568e-08,5.049007990364597e-08,-8.546826149555177e-01,vn
2.150000000000000e+03,11,-3.494838088036542e-22,1.207683694327420e-22,3.697619932758806e-22,2.808876850680806e+00,vn
2.150000000000000e+03,12,2.270314706502388e-08,-3.439982154799169e-08,4.121626631792084e-08,-9.874382063667283e-01,vn
2.150000000000000e+03,13,-4.384057246531047e-23,1.340032592335905e-22,1.409924440504206e-22,1.886981075956385e+00,vn
2.150000000000000e+03,14,2.448561304058924e-08,-2.158235067752830e-08,3.263959415711661e-08,-7.224601116519003e-01,vn
2.150000000000000e+03,15,-1.555099551599692e-22,1.025703959565754e-22,1.862901829956273e-22,2.558516118570649e+00,vn
2.150000000000000e+03,16,1.594807929767900e-08,-1.764199324247245e-08,2.378195027436776e-08,-8.357844853579529e-01,vn
2.150000000000000e+03,17,-2.936491174563248e-22,3.143286327701505e-23,2.953266480977800e-22,3.034956443840668e+00,vn
2.150000000000000e+03,18,1.546694789797668e-08,-1.777711358182031e-08,2.356379096367275e-08,-8.547777071136862e-01,vn
2.150000000000000e+03,19,6.534726839168919e-23,-2.150669592637872e-23,6.879537379740861e-23,-3.179482913512914e-01,vn
2.150000000000000e+03,20,1.555400902978696e-08,-1.327532352953922e-08,2.044899537172015e-08,-7.065216263055067e-01,vn
2.150000000000000e+03,21,8.519960309296185e-23,-1.654361225106055e-23,8.679091815110424e-23,-1.917881419867051e-01,vn
2.150000000000000e+03,22,1.178676456067377e-08,-1.322708942549801e-08,1.771676362880299e-08,-8.429157369287780e-01,vn
2.150000000000000e+03,23,2.233387653893175e-22,2.762783245927112e-22,3.552603506801457e-22,8.909645194607176e-01,vn
2.150000000000000e+03,24,1.156827340592965e-08,-9.756969678102499e-09,1.513351931619842e-08,-7.006644648542691e-01,vn
2.150000000000000e+03,25,2.580803511165446e-22,-1.323488980084844e-22,2.900374086846371e-22,-4.738513364947604e-01,vn
2.150000000000000e+03,26,9.072573388547067e-09,-1.019752576152732e-08,1.364921681077657e-08,-8.437101120192128e-01,vn
2.150000000000000e+03,27,-4.566036981292713e-22,1.455837878093329e-22,4.792510578165055e-22,2.832941786512928e+00,vn
2.150000000000000e+03,28,9.659856019016727e-09,-9.136531616336626e-09,1.329620352899475e-08,-7.575635999128484e-01,vn
2.150000000000000e+03,29,2.018320694629388e-22,7.560430798734673e-22,7.825198546287823e-22,1.309921566812428e+00,vn
2.150000000000000e+03,30,8.275575145505084e-09,-7.176008149555711e-09,1.095354905733258e-08,-7.143558301129966e-01,vn
2.150000000000000e+03,31,3.532061215601428e-22,3.143286327701505e-23,3.546020152246035e-22,8.875915031339660e-02,vn
2.150000000000000e+03,32,6.745883723129896e-09,-7.166779171008144e-09,9.842239119833710e-09,-8.156416269852123e-01,vn
2.150000000000000e+03,33,6.617444900424221e-23,1.902515408871964e-22,2.014316422783859e-22,1.236059489478082e+00,vn
2.150000000000000e+03,34,6.911230961845134e-09,-5.685155300509652e-09,8.949083986580963e-09,-6.883683113845244e-01,vn
2.150000000000000e+03,35,-1.935602633374085e-22,-1.240770918829542e-22,2.299145499384020e-22,-2.571552189890083e+00,vn
2.150000000000000e+03,36,5.751849215271901e-09,-5.920621730940741e-09,8.254546085407223e-09,-7.998561780321165e-01,vn
2.150000000000000e+03,37,-4.963083675318166e-22,7.576974410985734e-22,9.057744796191947e-22,2.150693738027517e+00,vn
2.150000000000000e+03,38,5.719074367400554e-09,-4.627650759318806e-09,7.356831054882392e-09,-6.803018849156900e-01,vn
2.150000000000000e+03,39,-8.900463391070578e-22,6.981404369947554e-22,1.131186348717621e-21,2.476444838730059e+00,vn
2.150000000000000e+03,40,4.460593695452837e-09,-4.075662221425034e-09,6.042178304143700e-09,-7.403349783690224e-01,vn
2.200000000000000e+03,0,-3.339420014289030e-05,-5.711704614448023e-06,3.387914067366705e-05,-2.972193027894396e+00,vn
2.200000000000000e+03,1,-5.505714157152952e-21,-6.418921553411495e-22,5.543005855974080e-21,-3.025530079655349e+00,vn
2.200000000000000e+03,2,-3.645282119462650e-05,-5.941056186884162e-06,3.693378293193273e-05,-2.980033791221801e+00,vn
2.200000000000000e+03,3,6.352747104407253e-21,-1.614656555703510e-20,1.735133928721893e-20,-1.195955611439299e+00,vn
2.200000000000000e+03,4,-1.004947693817536e-05,-2.422890700879539e-06,1.033742647274102e-05,-2.905011433368450e+00,vn
2.200000000000000e+03,5,6.670384459627615e-21,4.288104295474895e-21,7.929808780047085e-21,5.713374798336268e-01,vn
2.200000000000000e+03,6,-3.288115469672871e-06,-9.891131917745132e-07,3.433663968422713e-06,-2.849388672813428e+00,vn
2.200000000000000e+03,7,5.082197683525802e-21,8.337980574534519e-21,9.764765914027332e-21,1.023403438863441e+00,vn
2.200000000000000e+03,8,-3.329029964526582e-06,-1.003170147890744e-06,3.476893850886880e-06,-2.848906884008248e+00,vn
2.200000000000000e+03,9,3.070494433796839e-21,3.070494433796839e-21,4.342334871466586e-21,7.853981633974483e-01,vn
2.200000000000000e+03,10,-1.483040996689249e-06,-4.490289542384328e-07,1.549528186128120e-06,-2.847591184624028e+00,vn
2.200000000000000e+03,11,-2.752857078576476e-21,1.254667553120432e-20,1.284512705193646e-20,1.786783115488660e+00,vn
2.200000000000000e+03,12,-1.685248024178359e-06,-4.912134279140495e-07,1.755377889447208e-06,-2.857972043190931e+00,vn
2.200000000000000e+03,13,3.705769144237564e-21,6.855672916839493e-21,7.793136473402075e-21,1.075244653309068e+00,vn
2.200000000000000e+03,14,-1.143274920636378e-06,-3.916477728197592e-07,1.208497216426581e-06,-2.811555326846661e+00,vn
2.200000000000000e+03,15,1.164670302474663e-21,8.364450354136216e-21,8.445145744170190e-21,1.432445356617771e+00,vn
2.200000000000000e+03,16,-9.568796890389663e-07,-3.110023370821085e-07,1.006151674930695e-06,-2.827345216852650e+00,vn
2.200000000000000e+03,17,-3.070494433796839e-21,1.037615360386518e-20,1.082092878079242e-20,1.858504310343175e+00,vn
2.200000000000000e+03,18,-8.950445831964523e-07,-2.840619374580041e-07,9.390399300464842e-07,-2.834275568426281e+00,vn
2.200000000000000e+03,19,5.293955920339377e-23,-3.705769144237564e-22,3.743392130574644e-22,-1.428899272190733e+00,vn
2.200000000000000e+03,20,-6.669907617628851e-07,-2.151470187498605e-07,7.008315888671019e-07,-2.829565865545957e+00,vn
2.200000000000000e+03,21,4.129285617864714e-21,-2.594038400966295e-21,4.876477718557949e-21,-5.609008072523719e-01,vn
2.200000000000000e+03,22,-7.395528976858812e-07,-2.398078022526681e-07,7.774614270154103e-07,-2.828029740210121e+00,vn
2.200000000000000e+03,23,1.138200522872966e-20,-2.858736196983264e-21,1.173551940353607e-20,-2.460727545940282e-01,vn
2.200000000000000e+03,24,-5.188952284015325e-07,-1.815964491475370e-07,5.497540617411323e-07,-2.804946816394642e+00,vn
2.200000000000000e+03,25,-4.552802091491864e-21,-6.670384459627615e-21,8.076016079945253e-21,-2.169707588525128e+00,vn
2.200000000000000e+03,26,-5.192098324097643e-07,-1.663463373674796e-07,5.452063407798471e-07,-2.831541741123137e+00,vn
2.200000000000000e+03,27,-4.764560328305439e-21,2.059348853012018e-20,2.113747394941631e-20,1.798158343552150e+00,vn
2.200000000000000e+03,28,-4.612344737218060e-07,-1.541394838424723e-07,4.863087704624039e-07,-2.819072204187735e+00,vn
2.200000000000000e+03,29,2.652271916090028e-20,5.082197683525802e-21,2.700524698984295e-20,1.893219175153504e-01,vn
2.200000000000000e+03,30,-3.822278269520163e-07,-1.321326754898601e-07,4.044220019096008e-07,-2.808761835982401e+00,vn
2.200000000000000e+03,31,7.993873439712459e-21,-1.064085139988215e-20,1.330900939531242e-20,-9.264996732211539e-01,vn
2.200000000000000e+03,32,-3.819457317403965e-07,-1.309321122499630e-07,4.037644858242783e-07,-2.811343818625379e+00,vn
2.200000000000000e+03,33,7.199780051661553e-21,1.799945012915388e-21,7.421363408553889e-21,2.449786631268641e-01,vn
2.200000000000000e+03,34,-2.771872207700679e-07,-9.689354430328857e-08,2.936343206879736e-07,-2.805309936341181e+00,vn
2.200000000000000e+03,35,-8.364450354136216e-21,2.594038400966295e-21,8.757457676317782e-21,2.840871503439360e+00,vn
2.200000000000000e+03,36,-3.060886393362053e-07,-1.003231004931973e-07,3.221101979497975e-07,-2.824867967978133e+00,vn
2.200000000000000e+03,37,1.344664803766202e-20,3.271664758769735e-20,3.537218360274557e-20,1.180840536668439e+00,vn
2.200000000000000e+03,38,-2.490186352950480e-07,-8.831371131896962e-08,2.642150494032056e-07,-2.800783983431025e+00,vn
2.200000000000000e+03,39,1.339370847845862e-20,4.489274620447792e-20,4.684815992742512e-20,1.280854846667555e+00,vn
2.200000000000000e+03,40,-2.200826570763157e-07,-7.531684131411332e-08,2.326134186398251e-07,-2.811864906297276e+00,vn
2.250000000000000e+03,0,-1.571041221800285e-06,-9.889376364085487e-07,1.856385781377637e-06,-2.579778884374630e+00,vn
2.250000000000000e+03,1,-6.385834328909374e-22,-4.483318920037410e-22,7.802501433197103e-22,-2.529477077449567e+00,vn
2.250000000000000e+03,2,-1.685442296522043e-06,-8.588455324614332e-07,1.891647795847436e-06,-2.670320883568968e+00,vn
2.250000000000000e+03,3,4.698385879301197e-22,-3.110199103199384e-22,5.634551298227672e-22,-5.847452860775617e-01,vn
2.250000000000000e+03,4,-5.360325042208109e-07,-6.501661489995448e-07,8.426427872391314e-07,-2.260271791727345e+00,vn
2.250000000000000e+03,5,3.606507470731201e-22,-2.547716286663325e-22,4.415626163271697e-22,-6.150230527348324e-01,vn
2.250000000000000e+03,6,-2.401321298869335e-07,-3.896570987790819e-07,4.577074332288763e-07,-2.123089802742760e+00,vn
2.250000000000000e+03,7,3.407984123718474e-22,4.698385879301197e-22,5.804238594194251e-22,9.432573741678592e-01,vn
2.250000000000000e+03,8,-1.720194724151506e-07,-2.069485178280857e-07,2.691066478577374e-07,-2.264285308249451e+00,vn
2.250000000000000e+03,9,3.044024654195142e-22,2.084495143633630e-22,3.689336810211293e-22,6.004397731794763e-01,vn
2.250000000000000e+03,10,-9.029026844654792e-08,-1.423525712595802e-07,1.685722015053596e-07,-2.136035472732986e+00,vn
2.250000000000000e+03,11,-1.919059021123024e-22,3.044024654195142e-22,3.598454337893078e-22,2.133294257863969e+00,vn
2.250000000000000e+03,12,-1.066144101406469e-07,-1.530076355054997e-07,1.864885223616239e-07,-2.179365645323944e+00,vn
2.250000000000000e+03,13,9.264422860593910e-23,1.786710123114540e-22,2.012617294330674e-22,1.092443895416239e+00,vn
2.250000000000000e+03,14,-6.971550342282298e-08,-1.142445941473367e-07,1.338360142464924e-07,-2.118704107407134e+00,vn
2.250000000000000e+03,15,-5.624828165360588e-23,4.830734777309682e-22,4.863371814657765e-22,1.686712703087414e+00,vn
2.250000000000000e+03,16,-5.937258057860846e-08,-9.207316717621645e-08,1.095562478292446e-07,-2.143536490244537e+00,vn
2.250000000000000e+03,17,-4.698385879301197e-22,6.716706573930585e-22,8.196888255374671e-22,2.181191603365471e+00,vn
2.250000000000000e+03,18,-5.225892420357110e-08,-7.715528674164578e-08,9.318762488174152e-08,-2.166139032774061e+00,vn
2.250000000000000e+03,19,-7.940933880509066e-23,-5.624828165360588e-23,9.731244667793042e-23,-2.525295716193722e+00,vn
2.250000000000000e+03,20,-4.335219355077494e-08,-7.229296131127790e-08,8.429522489926565e-08,-2.110975926664877e+00,vn
2.250000000000000e+03,21,1.885971796620903e-22,-1.985233470127266e-23,1.896391609599297e-22,-1.048769387302339e-01,vn
2.250000000000000e+03,22,-4.490640742282408e-08,-6.844933814464350e-08,8.186511662524165e-08,-2.151415110418028e+00,vn
2.250000000000000e+03,23,7.742410533496339e-22,0.000000000000000e+00,7.742410533496339e-22,0.000000000000000e+00,vn
2.250000000000000e+03,24,-3.134529075155762e-08,-5.246042701234770e-08,6.111156727345113e-08,-2.109378171444421e+00,vn
2.250000000000000e+03,25,-1.224227306578481e-22,-6.088049308390284e-22,6.209917622606906e-22,-1.769236818343878e+00,vn
2.250000000000000e+03,26,-3.195135007689066e-08,-4.932258095057847e-08,5.876738690262131e-08,-2.145626020587040e+00,vn
2.250000000000000e+03,27,-6.485096002415737e-22,9.396771758602394e-22,1.141734599825266e-21,2.174874715790855e+00,vn
2.250000000000000e+03,28,-2.830669104795187e-08,-4.566819370066734e-08,5.372943954635923e-08,-2.125672009124910e+00,vn
2.250000000000000e+03,29,1.586532414876707e-21,7.146840492458159e-22,1.740074249479289e-21,4.232440769714766e-01,vn
2.250000000000000e+03,30,-2.459861603889319e-08,-4.167301971247838e-08,4.839145051541134e-08,-2.104035725952902e+00,vn
2.250000000000000e+03,31,6.352747104407253e-22,-3.441071348220595e-22,7.224843790428928e-22,-4.964227534048819e-01,vn
2.250000000000000e+03,32,-2.289136431016533e-08,-3.578040236786484e-08,4.247648471315652e-08,-2.139949036739635e+00,vn
2.250000000000000e+03,33,4.020097777007714e-22,2.448454613156962e-22,4.707028375673125e-22,5.470499034077911e-01,vn
2.250000000000000e+03,34,-1.760159387159396e-08,-3.012030557125885e-08,3.488622814989521e-08,-2.099648622393408e+00,vn
2.250000000000000e+03,35,-3.838118042246048e-22,3.308722450212111e-23,3.852353377967812e-22,3.055598362395552e+00,vn
2.250000000000000e+03,36,-1.937755536435255e-08,-3.063299669324713e-08,3.624734663816150e-08,-2.134821674428634e+00,vn
2.250000000000000e+03,37,2.862044919433476e-22,1.733770563911146e-21,1.757234582943701e-21,1.407195396171004e+00,vn
2.250000000000000e+03,38,-1.557054561808366e-08,-2.628616682460935e-08,3.055166864798087e-08,-2.105569999366933e+00,vn
2.250000000000000e+03,39,-4.516406144539531e-22,2.825648972481143e-21,2.861515570516449e-21,1.729291742435345e+00,vn
2.250000000000000e+03,40,-1.388029709653642e-08,-2.272975854638636e-08,2.663277250053289e-08,-2.119021788097957e+00,vn
2.300000000000000e+03,0,-1.647016498971304e-05,8.957292196474348e-06,1.874831774537090e-05,2.643483719728298e+00,vn
2.300000000000000e+03,1,4.235164736271502e-22,-6.352747104407253e-22,7.635051808331911e-22,-9.827937232473291e-01,vn
2.300000000000000e+03,2,-1.975412333115432e-05,1.364682430497755e-05,2.400960645644533e-05,2.537044746964442e+00,vn
2.300000000000000e+03,3,6.670384459627615e-21,-3.626359805432473e-21,7.592398453565107e-21,-4.979555150095014e-01,vn
2.300000000000000e+03,4,-1.048192285574408e-06,-5.326978260763542e-06,5.429125570309189e-06,-1.765084698249611e+00,vn
2.300000000000000e+03,5,7.199780051661553e-21,-4.168990287267259e-21,8.319694273687728e-21,-5.248682301674793e-01,vn
2.300000000000000e+03,6,3.482205605392083e-07,-2.283319821187713e-06,2.309720105253216e-06,-1.419456177395362e+00,vn
2.300000000000000e+03,7,5.823351512373315e-21,2.051407919131509e-21,6.174115101562008e-21,3.386980842030471e-01,vn
2.300000000000000e+03,8,-3.190620912091413e-07,-1.076030855181617e-06,1.122338192947934e-06,-1.859055208555487e+00,vn
2.300000000000000e+03,9,3.652829585034170e-21,-1.363193649487390e-21,3.898905090317493e-21,-3.571814781241185e-01,vn
2.300000000000000e+03,10,2.697160326854687e-07,-1.468110017866909e-06,1.492680060444556e-06,-1.389105871734102e+00,vn
2.300000000000000e+03,11,4.023406499457927e-21,7.967403660110763e-21,8.925655210852964e-21,1.103169958948651e+00,vn
2.300000000000000e+03,12,9.179584176831332e-08,-1.052894408929216e-06,1.056888410817508e-06,-1.483831942797053e+00,vn
2.300000000000000e+03,13,1.905824131322176e-21,1.985233470127266e-22,1.916135991739381e-21,1.037923404570428e-01,vn
2.300000000000000e+03,14,2.856702663384426e-07,-1.069181730490859e-06,1.106687432785475e-06,-1.309709250811022e+00,vn
2.300000000000000e+03,15,2.699917519373082e-21,3.176373552203626e-21,4.168801213125469e-21,8.663022625526789e-01,vn
2.300000000000000e+03,16,1.556477231801709e-07,-7.314204896903124e-07,7.477981990283124e-07,-1.361122025565255e+00,vn
2.300000000000000e+03,17,-5.293955920339377e-22,6.167458647195374e-21,6.190137789882383e-21,1.656423349017844e+00,vn
2.300000000000000e+03,18,1.312003543832965e-07,-6.936151310835895e-07,7.059146428984227e-07,-1.383850643511704e+00,vn
2.300000000000000e+03,19,1.058791184067875e-22,-3.970466940254533e-23,1.130789480273139e-22,-3.587706702705722e-01,vn
2.300000000000000e+03,20,1.862126271391275e-07,-6.764869851757711e-07,7.016479057321126e-07,-1.302184537590648e+00,vn
2.300000000000000e+03,21,-3.176373552203626e-21,-3.838118042246048e-21,4.982017568149807e-21,-2.262133255564359e+00,vn
2.300000000000000e+03,22,1.070781050883585e-07,-5.317959374612753e-07,5.424690218709546e-07,-1.372101233013765e+00,vn
2.300000000000000e+03,23,7.464477847678522e-21,-3.613124915631625e-21,8.292954913325009e-21,-4.508003501308988e-01,vn
2.300000000000000e+03,24,1.421375015985229e-07,-5.053058563434742e-07,5.249162579075656e-07,-1.296591776521318e+00,vn
2.300000000000000e+03,25,2.646977960169689e-22,-5.571888606157194e-21,5.578172421379659e-21,-1.523326077597109e+00,vn
2.300000000000000e+03,26,8.104761620731749e-08,-4.073194962746069e-07,4.153045727394392e-07,-1.374383658067863e+00,vn
2.300000000000000e+03,27,4.870439446712227e-21,8.073282778517550e-21,9.428630612448372e-21,1.027969512927106e+00,vn
2.300000000000000e+03,28,1.031429881501847e-07,-4.204336244464134e-07,4.329005758481928e-07,-1.330222235448495e+00,vn
2.300000000000000e+03,29,1.821120836596746e-20,-2.924910645987506e-21,1.844459846230582e-20,-1.592504327317025e-01,vn
2.300000000000000e+03,30,9.947160432666807e-08,-3.625100083433900e-07,3.759097048713240e-07,-1.302990946210643e+00,vn
2.300000000000000e+03,31,-2.117582368135751e-22,-8.126222337720944e-21,8.128980934467323e-21,-1.596849062727452e+00,vn
2.300000000000000e+03,32,6.584310259179528e-08,-3.018819754184310e-07,3.089790304235027e-07,-1.356050668175595e+00,vn
2.300000000000000e+03,33,5.082197683525802e-21,-1.455837878093329e-21,5.286605453570970e-21,-2.789874168058883e-01,vn
2.300000000000000e+03,34,8.535534283144983e-08,-2.993972442713382e-07,3.113265880504678e-07,-1.293073369108917e+00,vn
2.300000000000000e+03,35,-2.488159282559507e-21,5.346895479542771e-21,5.897476399659600e-21,2.006338888335247e+00,vn
2.300000000000000e+03,36,5.748674420923552e-08,-2.554708249919329e-07,2.618588707335249e-07,-1.349460243350110e+00,vn
2.300000000000000e+03,37,2.170521927339145e-20,8.893845946170154e-21,2.345670563869127e-20,3.888884104769572e-01,vn
2.300000000000000e+03,38,7.226579707002358e-08,-2.486186412773249e-07,2.589084282458742e-07,-1.287921671640587e+00,vn
2.300000000000000e+03,39,1.307607112323826e-20,1.739064519831485e-20,2.175817493342806e-20,9.260786735896011e-01,vn
2.300000000000000e+03,40,5.241101697205142e-08,-1.984975426731024e-07,2.053002414691828e-07,-1.312649108306079e+00,vn
2.350000000000000e+03,0,7.922781274005446e-07,1.184324083340905e-06,1.424895843750900e-06,9.812003094912871e-01,vn
2.350000000000000e+03,1,2.150669592637872e-23,1.555099551599692e-22,1.569900765128973e-22,1.433370181297953e+00,vn
2.350000000000000e+03,2,8.605231055602122e-07,1.287019407512481e-06,1.548198621145481e-06,9.814446805741081e-01,vn
2.350000000000000e+03,3,-1.935602633374085e-22,3.308722450212111e-23,1.963678689819205e-22,2.972288875434006e+00,vn
2.350000000000000e+03,4,2.433554143390385e-07,3.662671056862555e-07,4.397424819094827e-07,9.843502968559262e-01,vn
2.350000000000000e+03,5,-3.077111878697263e-22,-1.588186776101813e-22,3.462795799611128e-22,-2.665125234116087e+00,vn
2.350000000000000e+03,6,7.727806337288087e-08,1.195935982941948e-07,1.423886506418831e-07,9.971166821793187e-01,vn
2.350000000000000e+03,7,1.455837878093329e-22,-3.738856368739685e-22,4.012294963403936e-22,-1.199478052525689e+00,vn
2.350000000000000e+03,8,7.290815435255601e-08,1.155728438593337e-07,1.366480194105647e-07,1.008007355590458e+00,vn
2.350000000000000e+03,9,-1.042247571816815e-22,-2.580803511165446e-22,2.783312193089726e-22,-1.954613950083465e+00,vn
2.350000000000000e+03,10,3.604305557043759e-08,5.496925017801074e-08,6.573218633201231e-08,9.904280918352000e-01,vn
2.350000000000000e+03,11,4.830734777309682e-22,-1.687448449608176e-22,5.116979651981651e-22,-3.360645051506339e-01,vn
2.350000000000000e+03,12,3.949192574208007e-08,6.103714038162388e-08,7.269900071379267e-08,9.965226143225162e-01,vn
2.350000000000000e+03,13,3.143286327701505e-23,-2.646977960169689e-22,2.665575887309014e-22,-1.452599837914467e+00,vn
2.350000000000000e+03,14,2.620768431431134e-08,4.129625657662463e-08,4.891036213688275e-08,1.005304764228225e+00,vn
2.350000000000000e+03,15,1.058791184067875e-22,-3.110199103199384e-22,3.285479756900369e-22,-1.242676431779591e+00,vn
2.350000000000000e+03,16,2.203923116231157e-08,3.451307536652768e-08,4.094972626869959e-08,1.002493808084479e+00,vn
2.350000000000000e+03,17,4.367513634279986e-22,-2.580803511165446e-22,5.073038745058574e-22,-5.337081916392615e-01,vn
2.350000000000000e+03,18,2.068152032632825e-08,3.227999925315004e-08,3.833697477360070e-08,1.000992742908249e+00,vn
2.350000000000000e+03,19,-4.135903062765138e-23,6.617444900424221e-23,7.803606291628287e-23,2.129395642138459e+00,vn
2.350000000000000e+03,20,1.592034568719268e-08,2.460514201118796e-08,2.930649109310838e-08,9.965095034264183e-01,vn
2.350000000000000e+03,21,-2.316105715148477e-22,-1.985233470127266e-23,2.324598288533435e-22,-3.056087359911589e+00,vn
2.350000000000000e+03,22,1.681496645217989e-08,2.645094799049674e-08,3.134319298322841e-08,1.004536943621442e+00,vn
2.350000000000000e+03,23,-4.003554164756654e-22,-2.613890735667567e-22,4.781304291524341e-22,-2.563186684412166e+00,vn
2.350000000000000e+03,24,1.183899249641298e-08,1.868437694190195e-08,2.211939612731777e-08,1.006014814860827e+00,vn
2.350000000000000e+03,25,-3.474158572722716e-23,2.746239633676052e-22,2.768127508525827e-22,1.696633899944060e+00,vn
2.350000000000000e+03,26,1.197846021481210e-08,1.870558136847885e-08,2.221221023335182e-08,1.001221942302114e+00,vn
2.350000000000000e+03,27,6.700162961679524e-22,-5.128519797828772e-22,8.437647718990394e-22,-6.533047162725804e-01,vn
2.350000000000000e+03,28,1.060484472857491e-08,1.663613647354736e-08,1.972875486399676e-08,1.003288290480826e+00,vn
2.350000000000000e+03,29,-6.418921553411495e-22,-9.330597309598152e-22,1.132530794560267e-21,-2.173384605812742e+00,vn
2.350000000000000e+03,30,8.751648637970199e-09,1.378661738835202e-08,1.632979402488886e-08,1.005185806164577e+00,vn
2.350000000000000e+03,31,-5.839895124624375e-22,3.308722450212111e-23,5.849260766040178e-22,3.084995937301428e+00,vn
2.350000000000000e+03,32,8.545641948028976e-09,1.356292326776044e-08,1.603062331511379e-08,1.008556787921782e+00,vn
2.350000000000000e+03,33,-1.224227306578481e-22,-2.746239633676052e-22,3.006753169740672e-22,-1.990137974344927e+00,vn
2.350000000000000e+03,34,6.431701069335811e-09,1.008711224707213e-08,1.196313554760323e-08,1.003176444636195e+00,vn
2.350000000000000e+03,35,3.391440511467413e-22,1.522012327097571e-22,3.717309546790436e-22,4.218393160914883e-01,vn
2.350000000000000e+03,36,7.052279256022621e-09,1.104657481695678e-08,1.310577956061946e-08,1.002609651223197e+00,vn
2.350000000000000e+03,37,5.839895124624375e-22,-1.343341314786117e-21,1.464789964014435e-21,-1.160714019127373e+00,vn
2.350000000000000e+03,38,5.672576509168238e-09,8.976280450559165e-09,1.061846198747530e-08,1.007213582190667e+00,vn
2.350000000000000e+03,39,9.429858983104515e-22,-1.631200167954571e-21,1.884154025643177e-21,-1.046640452673831e+00,vn
2.350000000000000e+03,40,5.045708189809931e-09,7.941901853045376e-09,9.409196362076869e-09,1.004804981942893e+00,vn
2.400000000000000e+03,0,-2.502815835271424e-06,9.331209360076568e-06,9.661032824023835e-06,1.832848250485142e+00,vn
2.400000000000000e+03,1,-1.224227306578481e-21,1.667596114906904e-21,2.068721658567194e-21,2.204061068888024e+00,vn
2.400000000000000e+03,2,-2.091395980408352e-06,1.050647985503715e-05,1.071261201067087e-05,1.767285689277603e+00,vn
2.400000000000000e+03,3,-2.058025364031933e-21,-2.223461486542538e-21,3.029727608405865e-21,-2.317573826925577e+00,vn
2.400000000000000e+03,4,-1.848044469019456e-06,2.426457518009676e-06,3.050076137767560e-06,2.221694388690268e+00,vn
2.400000000000000e+03,5,1.025703959565754e-21,-1.852884572118782e-21,2.117840846301881e-21,-1.065215271920692e+00,vn
2.400000000000000e+03,6,-1.099304170005189e-06,8.805823785879347e-07,1.408508070147410e-06,2.466220232637600e+00,vn
2.400000000000000e+03,7,2.210226596741690e-21,-1.773475233313691e-21,2.833781221640338e-21,-6.761997303937139e-01,vn
2.400000000000000e+03,8,-5.919912534978980e-07,7.821983629612117e-07,9.809627532364377e-07,2.218654378325977e+00,vn
2.400000000000000e+03,9,1.058791184067875e-22,-1.244079641279754e-21,1.248577006660526e-21,-1.485894533345175e+00,vn
2.400000000000000e+03,10,-4.182079445659475e-07,3.277161326585388e-07,5.313151122476601e-07,2.476919589576688e+00,vn
2.400000000000000e+03,11,3.361662009415504e-21,4.764560328305439e-22,3.395258726042554e-21,1.407945192184911e-01,vn
2.400000000000000e+03,12,-4.415614870158961e-07,4.298945478838454e-07,6.162676927406995e-07,2.369581559302419e+00,vn
2.400000000000000e+03,13,1.971998580326418e-21,-7.676236084492097e-22,2.116134306951710e-21,-3.712151229982336e-01,vn
2.400000000000000e+03,14,-3.361126408403664e-07,2.417902502713867e-07,4.140461718926827e-07,2.517982870804623e+00,vn
2.400000000000000e+03,15,1.971998580326418e-21,-7.940933880509066e-23,1.973596778447632e-21,-4.024671177514055e-02,vn
2.400000000000000e+03,16,-2.697937947415572e-07,2.184035861780391e-07,3.471149926702643e-07,2.461073476244100e+00,vn
2.400000000000000e+03,17,2.977850205190900e-21,1.720535674110298e-21,3.439161940130424e-21,5.239193476851991e-01,vn
2.400000000000000e+03,18,-2.278182266988668e-07,2.001448780063956e-07,3.032476159979023e-07,2.420767521659148e+00,vn
2.400000000000000e+03,19,-5.558653716356346e-22,-7.940933880509066e-23,5.615088195861966e-22,-2.999695598985629e+00,vn
2.400000000000000e+03,20,-2.124832190668260e-07,1.467827645966392e-07,2.582523927626483e-07,2.537069958264375e+00,vn
2.400000000000000e+03,21,-9.661469554619363e-22,-1.005851624864482e-21,1.394696178667916e-21,-2.336062982061943e+00,vn
2.400000000000000e+03,22,-1.995280884219178e-07,1.679799666519410e-07,2.608231724093775e-07,2.441827903196178e+00,vn
2.400000000000000e+03,23,-1.588186776101813e-22,-3.891057601449442e-21,3.894297450138514e-21,-1.611590009662762e+00,vn
2.400000000000000e+03,24,-1.545197118371805e-07,1.045279266762086e-07,1.865540908194515e-07,2.546833900854246e+00,vn
2.400000000000000e+03,25,-2.488159282559507e-21,5.955700410381799e-22,2.558444896645082e-21,2.906651294526001e+00,vn
2.400000000000000e+03,26,-1.437687420890430e-07,1.180557027684764e-07,1.860284928660785e-07,2.454087756074054e+00,vn
2.400000000000000e+03,27,5.479244377551255e-21,1.336723869885693e-21,5.639942344851517e-21,2.392872049458097e-01,vn
2.400000000000000e+03,28,-1.335199710320835e-07,9.982272131618811e-08,1.667098028172842e-07,2.499613984749389e+00,vn
2.400000000000000e+03,29,2.726387298974779e-21,-8.576208590949791e-21,8.999141153437476e-21,-1.262998355295482e+00,vn
2.400000000000000e+03,30,-1.212746346785524e-07,8.236548047855177e-08,1.466001684544702e-07,2.544987234700244e+00,vn
2.400000000000000e+03,31,-2.991085094991748e-21,-2.660212849970537e-21,4.002914244975797e-21,-2.414675738505303e+00,vn
2.400000000000000e+03,32,-1.044080655731476e-07,8.367003151749364e-08,1.337973031524368e-07,2.466013754103109e+00,vn
2.400000000000000e+03,33,8.735027268559972e-22,-2.170521927339145e-21,2.339694948253917e-21,-1.188189112437096e+00,vn
2.400000000000000e+03,34,-8.854985239677032e-08,5.791506272066897e-08,1.058075179249038e-07,2.562383257980081e+00,vn
2.400000000000000e+03,35,6.352747104407253e-22,2.514629062161204e-21,2.593633219634435e-21,1.323342421198418e+00,vn
2.400000000000000e+03,36,-8.927402323356945e-08,7.045975520426342e-08,1.137296281878765e-07,2.473439444574684e+00,vn
2.400000000000000e+03,37,9.793818452627848e-21,-4.036641389258775e-21,1.059308045794568e-20,-3.909468330152248e-01,vn
2.400000000000000e+03,38,-7.727063039162321e-08,5.207631884585524e-08,9.318097072715019e-08,2.548566657947965e+00,vn
2.400000000000000e+03,39,1.334076891925523e-20,-1.270549420881451e-21,1.340113469777349e-20,-9.495170634275632e-02,vn
2.400000000000000e+03,40,-6.668420198062643e-08,4.812060157125167e-08,8.223366153450867e-08,2.516504022784743e+00,vn
2.450000000000000e+03,0,-7.654022175164076e-08,-5.070651051247269e-08,9.181261217361068e-08,-2.556492803770361e+00,vn
2.450000000000000e+03,1,-4.921724644690515e-23,-1.046383474879580e-22,1.156352935432173e-22,-2.010448542203833e+00,vn
2.450000000000000e+03,2,-1.404658463540296e-07,7.680038640225083e-08,1.600904536300928e-07,2.641244314203245e+00,vn
2.450000000000000e+03,3,3.350081480839762e-23,-9.719372197498075e-23,1.028052731340976e-22,-1.238868006792243e+00,vn
2.450000000000000e+03,4,9.552451774708581e-08,-2.856050634606324e-07,3.011564141192500e-07,-1.248028814438310e+00,vn
2.450000000000000e+03,5,5.583469134732937e-23,-2.895132143935597e-23,6.289429044783358e-23,-4.783524313786576e-01,vn
2.450000000000000e+03,6,3.749762610429881e-08,-9.874598135529815e-08,1.056259475568323e-07,-1.207878059643801e+00,vn
2.450000000000000e+03,7,2.150669592637872e-23,5.583469134732937e-23,5.983352511361212e-23,1.203126215101788e+00,vn
2.450000000000000e+03,8,2.005051821347657e-08,-6.050189691410087e-08,6.373776596989765e-08,-1.250783957109398e+00,vn
2.450000000000000e+03,9,-3.722312756488625e-24,4.135903062765138e-25,3.745219512734046e-24,3.030935432415898e+00,vn
2.450000000000000e+03,10,2.364625846360605e-08,-6.183935559898044e-08,6.620612841893727e-08,-1.205569496711033e+00,vn
2.450000000000000e+03,11,2.688336990797340e-23,8.271806125530277e-23,8.697696956921959e-23,1.256564427710558e+00,vn
2.450000000000000e+03,12,1.765746852755882e-08,-4.750482912903605e-08,5.068032148063627e-08,-1.214923355527048e+00,vn
2.450000000000000e+03,13,-2.688336990797340e-23,1.240770918829542e-23,2.960855999386394e-23,2.709184878019256e+00,vn
2.450000000000000e+03,14,1.708606272232747e-08,-4.273805623640021e-08,4.602689420563824e-08,-1.190474725023275e+00,vn
2.450000000000000e+03,15,-5.045801736573469e-23,3.184645358329157e-23,5.966747960416569e-23,2.578584843661146e+00,vn
2.450000000000000e+03,16,1.183205937849399e-08,-3.017545042888864e-08,3.241227294903156e-08,-1.197111172027705e+00,vn
2.450000000000000e+03,17,-1.079470699381701e-22,1.902515408871964e-23,1.096107950720900e-22,2.967139033813045e+00,vn
2.450000000000000e+03,18,1.134391930073130e-08,-2.925639944237539e-08,3.137867768777593e-08,-1.200902110464731e+00,vn
2.450000000000000e+03,19,2.771055052052643e-23,-1.695720255733707e-23,3.248724870962770e-23,-5.491529026790107e-01,vn
2.450000000000000e+03,20,1.079346564419061e-08,-2.687946943501543e-08,2.896557918841348e-08,-1.188953986667558e+00,vn
2.450000000000000e+03,21,-7.858215819253763e-23,-1.654361225106055e-24,7.859957059208494e-23,-3.120543131452747e+00,vn
2.450000000000000e+03,22,8.716133372997038e-09,-2.228481000187792e-08,2.392872202596016e-08,-1.197964650828794e+00,vn
2.450000000000000e+03,23,1.269722240268897e-22,4.301339185275744e-23,1.340600520401717e-22,3.266285644860403e-01,vn
2.450000000000000e+03,24,8.053810218333889e-09,-1.997772793360920e-08,2.154004346379665e-08,-1.187586461999729e+00,vn
2.450000000000000e+03,25,1.023636008034372e-22,-1.778438316989010e-22,2.051992574128680e-22,-1.048525222720840e+00,vn
2.450000000000000e+03,26,6.643355507428358e-09,-1.706449133215731e-08,1.831204622163648e-08,-1.199540398998227e+00,vn
2.450000000000000e+03,27,-7.237830359838992e-23,-2.109310562010221e-23,7.538924284326969e-23,-2.858017986993699e+00,vn
2.450000000000000e+03,28,6.779802282950454e-09,-1.711640943957724e-08,1.841024690489373e-08,-1.193656911974032e+00,vn
2.450000000000000e+03,29,2.028660452286300e-22,1.174596469825299e-22,2.344171516249720e-22,5.248359532710123e-01,vn
2.450000000000000e+03,30,5.782600225543492e-09,-1.440803962361400e-08,1.552514319303003e-08,-1.189130672426163e+00,vn
2.450000000000000e+03,31,3.122606812387679e-23,-4.135903062765138e-23,5.182312943981673e-23,-9.241028904580763e-01,vn
2.450000000000000e+03,32,4.894027614767294e-09,-1.247999211335971e-08,1.340528662295683e-08,-1.197075544621647e+00,vn
2.450000000000000e+03,33,4.611531914983129e-23,1.819797347616661e-23,4.957609200945614e-23,3.758588505430919e-01,vn
2.450000000000000e+03,34,4.743258109224479e-09,-1.179656867818997e-08,1.271446145418580e-08,-1.188491290287474e+00,vn
2.450000000000000e+03,35,-2.481541837659083e-23,4.632211430296955e-23,5.255038784540622e-23,2.062605502783595e+00,vn
2.450000000000000e+03,36,4.131929933812856e-09,-1.051730667272356e-08,1.129984887624849e-08,-1.196451930085113e+00,vn
2.450000000000000e+03,37,1.478585344938537e-22,3.556876633978019e-23,1.520765707188455e-22,2.360738853100384e-01,vn
2.450000000000000e+03,38,3.947585272448771e-09,-9.767045185410367e-09,1.053463815881221e-08,-1.186696900331137e+00,vn
2.450000000000000e+03,39,-2.041068161474596e-22,2.192028623265523e-22,2.995154207215487e-22,2.320547652339159e+00,vn
2.450000000000000e+03,40,3.168748194868528e-09,-7.920561445435065e-09,8.530900229951993e-09,-1.190232960867405e+00,vn
2.500000000000000e+03,0,3.869304446595530e-06,6.581791719069116e-06,7.634886975826867e-06,1.039336176875445e+00,vn
2.500000000000000e+03,1,1.191140082076360e-21,7.940933880509066e-22,1.431572214062233e-21,5.880026035475675e-01,vn
2.500000000000000e+03,2,4.095317669770969e-06,6.431070385631331e-06,7.624322469654772e-06,1.003755249503142e+00,vn
2.500000000000000e+03,3,-2.117582368135751e-21,2.382280164152720e-22,2.130940560795765e-21,3.029563691163805e+00,vn
2.500000000000000e+03,4,1.418507252086656e-06,3.628132647213779e-06,3.895575609585944e-06,1.198094708223048e+00,vn
2.500000000000000e+03,5,-5.691002614364830e-22,-4.499862532288471e-22,7.255086048159660e-22,-2.472549655399220e+00,vn
2.500000000000000e+03,6,5.059186787229180e-07,1.539945698848780e-06,1.620921486341520e-06,1.253374797236331e+00,vn
2.500000000000000e+03,7,2.646977960169689e-23,-2.289635935546781e-21,2.289788934941241e-21,-1.559236148139487e+00,vn
2.500000000000000e+03,8,4.633112386018215e-07,1.353771863529535e-06,1.430858330618019e-06,1.241053713889170e+00,vn
2.500000000000000e+03,9,6.088049308390284e-22,-7.146840492458159e-22,9.388379700780694e-22,-8.652281491096856e-01,vn
2.500000000000000e+03,10,2.405701790854275e-07,7.415353801924694e-07,7.795824081791384e-07,1.257087556434864e+00,vn
2.500000000000000e+03,11,1.541864661798844e-21,-1.204374971877208e-21,1.956493217005438e-21,-6.631197010187962e-01,vn
2.500000000000000e+03,12,2.535426398161263e-07,7.536110383147223e-07,7.951185240419970e-07,1.246255074586063e+00,vn
2.500000000000000e+03,13,3.970466940254533e-22,-1.773475233313691e-21,1.817377363239015e-21,-1.350547603404208e+00,vn
2.500000000000000e+03,14,1.878777148739745e-07,6.180937482828225e-07,6.460169637188915e-07,1.275707604128185e+00,vn
2.500000000000000e+03,15,1.091878408569997e-21,-1.879354351720479e-21,2.173515870296798e-21,-1.044475109094627e+00,vn
2.500000000000000e+03,16,1.496484702849374e-07,4.830489531459140e-07,5.056984830845206e-07,1.270373312375553e+00,vn
2.500000000000000e+03,17,2.084495143633630e-21,-1.270549420881451e-21,2.441191478506833e-21,-5.473928879314556e-01,vn
2.500000000000000e+03,18,1.384699774619112e-07,4.390585539847230e-07,4.603763118205129e-07,1.265290482447004e+00,vn
2.500000000000000e+03,19,-7.279189390466644e-22,4.499862532288471e-22,8.557766121586623e-22,2.587911331382795e+00,vn
2.500000000000000e+03,20,1.097769088884946e-07,3.559473656635529e-07,3.724909352560621e-07,1.271644004804709e+00,vn
2.500000000000000e+03,21,-5.691002614364830e-22,-7.146840492458159e-22,9.135909357110924e-22,-2.243274829439742e+00,vn
2.500000000000000e+03,22,1.129557504104276e-07,3.634987866962202e-07,3.806446761487766e-07,1.269510314869250e+00,vn
2.500000000000000e+03,23,-3.024172319493869e-21,-1.005851624864482e-21,3.187060669211593e-21,-2.820498697916915e+00,vn
2.500000000000000e+03,24,8.367020208199583e-08,2.845860304881475e-07,2.966309347749199e-07,1.284846994101709e+00,vn
2.500000000000000e+03,25,-5.426304818347862e-22,2.938145535788354e-21,2.987833166240928e-21,1.753423195071126e+00,vn
2.500000000000000e+03,26,7.942325800348254e-08,2.559023735434743e-07,2.679441708585422e-07,1.269857272299167e+00,vn
2.500000000000000e+03,27,4.652063764998228e-21,-1.879354351720479e-21,5.017336948316327e-21,-3.839352150095696e-01,vn
2.500000000000000e+03,28,7.295530249958717e-08,2.401075996425379e-07,2.509464794909614e-07,1.275816481723338e+00,vn
2.500000000000000e+03,29,-4.791030107907136e-21,-4.023406499457927e-21,6.256338334421577e-21,-2.443062412902852e+00,vn
2.500000000000000e+03,30,6.142085572859979e-08,2.070522509171286e-07,2.159702667690232e-07,1.282421055937780e+00,vn
2.500000000000000e+03,31,-3.017554874593445e-21,0.000000000000000e+00,3.017554874593445e-21,3.141592653589793e+00,vn
2.500000000000000e+03,32,5.876517808491612e-08,1.960969699796938e-07,2.047128911196577e-07,1.279638572913716e+00,vn
2.500000000000000e+03,33,-1.038938849366603e-21,-1.694065894508601e-21,1.987272801519818e-21,-2.120924259899590e+00,vn
2.500000000000000e+03,34,4.577879216892912e-08,1.555245489651106e-07,1.621221241633821e-07,1.284530209634671e+00,vn
2.500000000000000e+03,35,2.038173029330660e-21,8.470329472543003e-22,2.207173330580366e-21,3.938686107363614e-01,vn
2.500000000000000e+03,36,4.801001853982047e-08,1.558650278865104e-07,1.630915963446816e-07,1.271995301780993e+00,vn
2.500000000000000e+03,37,2.488159282559507e-21,-6.246867986000465e-21,6.724157660994019e-21,-1.191751936945004e+00,vn
2.500000000000000e+03,38,4.084777438855092e-08,1.390614242736070e-07,1.449366081895878e-07,1.285093350062538e+00,vn
2.500000000000000e+03,39,5.763794508269497e-21,-1.082613985709403e-20,1.226485349846942e-20,-1.081568973751614e+00,vn
2.500000000000000e+03,40,3.525464486639654e-08,1.180991140624031e-07,1.232488974676052e-07,1.280700236056503e+00,vn
2.550000000000000e+03,0,-6.450257827987221e-07,4.715183238141400e-07,7.989917334788893e-07,2.510358325560241e+00,vn
2.550000000000000e+03,1,-1.654361225106055e-22,4.963083675318166e-23,1.727203826656398e-22,2.850135859111926e+00,vn
2.550000000000000e+03,2,-6.254198616308292e-07,6.155034395262711e-07,8.774932976330905e-07,2.364185484494810e+00,vn
2.550000000000000e+03,3,1.654361225106055e-23,-2.895132143935597e-22,2.899855038011464e-22,-1.513715544388632e+00,vn
2.550000000000000e+03,4,-3.430590301246369e-07,-7.603399501218121e-09,3.431432788705494e-07,-3.119432750440541e+00,vn
2.550000000000000e+03,5,8.768114493062093e-23,-2.034864306880448e-22,2.215732624900961e-22,-1.163943758708941e+00,vn
2.550000000000000e+03,6,-1.844584954333845e-07,-5.194168947578908e-08,1.916321362484570e-07,-2.867110044242282e+00,vn
2.550000000000000e+03,7,2.928219368437718e-22,1.819797347616661e-23,2.933868656493967e-22,6.206706889192661e-02,vn
2.550000000000000e+03,8,-1.100673071023605e-07,-1.050140553701683e-09,1.100723166284232e-07,-3.132052048674590e+00,vn
2.550000000000000e+03,9,1.257314531080602e-22,7.527343574232552e-23,1.465417634298098e-22,5.394514463619454e-01,vn
2.550000000000000e+03,10,-7.086745256250475e-08,-1.865648965927335e-08,7.328206082736370e-08,-2.884174450418676e+00,vn
2.550000000000000e+03,11,1.919059021123024e-22,2.167213204888933e-22,2.894753979528937e-22,8.460524176246135e-01,vn
2.550000000000000e+03,12,-7.727174146728803e-08,-1.316440744084243e-08,7.838509840942925e-08,-2.972847679438704e+00,vn
2.550000000000000e+03,13,1.621274000603934e-22,4.053185001509836e-23,1.671170988139433e-22,2.449786631268641e-01,vn
2.550000000000000e+03,14,-5.602290245293547e-08,-1.658727193384702e-08,5.842690467120873e-08,-2.853735877978388e+00,vn
2.550000000000000e+03,15,1.836340959867721e-22,1.182868275950830e-22,2.184336393310058e-22,5.722476047245399e-01,vn
2.550000000000000e+03,16,-4.567722586085824e-08,-1.130477461203514e-08,4.705535985807325e-08,-2.898975301097495e+00,vn
2.550000000000000e+03,17,1.257314531080602e-22,3.176373552203626e-22,3.416165800016902e-22,1.193887056470076e+00,vn
2.550000000000000e+03,18,-3.922888605105117e-08,-8.056022820716662e-09,4.004753431229274e-08,-2.939049119040263e+00,vn
2.550000000000000e+03,19,-6.782881022934827e-23,-8.189088064274974e-23,1.063337379648342e-22,-2.262546564075646e+00,vn
2.550000000000000e+03,20,-3.511622762715206e-08,-1.099099557200537e-08,3.679607895450001e-08,-2.838262285077044e+00,vn
2.550000000000000e+03,21,-9.926167350636332e-24,-5.872982349126496e-23,5.956274813663299e-23,-1.738228105265420e+00,vn
2.550000000000000e+03,22,-3.389917758481833e-08,-7.947779927367198e-09,3.481840672260737e-08,-2.911298680498542e+00,vn
2.550000000000000e+03,23,2.084495143633630e-22,-3.540333021726958e-22,4.108415498530123e-22,-1.038663929628201e+00,vn
2.550000000000000e+03,24,-2.543213855657738e-08,-8.187724414208529e-09,2.671764403243625e-08,-2.830127280195433e+00,vn
2.550000000000000e+03,25,-2.531172674412265e-22,-1.637817612854995e-22,3.014843551607508e-22,-2.567287823415092e+00,vn
2.550000000000000e+03,26,-2.434660755105619e-08,-6.011449224636049e-09,2.507777544012872e-08,-2.899523235850892e+00,vn
2.550000000000000e+03,27,2.663521572420749e-22,3.887748878999230e-22,4.712636047151368e-22,9.701361714132771e-01,vn
2.550000000000000e+03,28,-2.231499559302606e-08,-6.391434968515852e-09,2.321226980011950e-08,-2.862641743118342e+00,vn
2.550000000000000e+03,29,6.915229920943311e-22,-5.418033012222331e-22,8.784957972639404e-22,-6.645942316350492e-01,vn
2.550000000000000e+03,30,-1.993843481049833e-08,-6.565180198936606e-09,2.099149288966845e-08,-2.823501203687480e+00,vn
2.550000000000000e+03,31,-5.955700410381799e-23,-3.027481041944081e-22,3.085505652743653e-22,-1.765037322976301e+00,vn
2.550000000000000e+03,32,-1.764462517645273e-08,-4.547024983035615e-09,1.822109310150902e-08,-2.889379894324856e+00,vn
2.550000000000000e+03,33,1.869428184369843e-22,-1.232499112704011e-22,2.239155153028146e-22,-5.828796975438310e-01,vn
2.550000000000000e+03,34,-1.456207364110713e-08,-4.892602360638691e-09,1.536201635815932e-08,-2.817459719093598e+00,vn
2.550000000000000e+03,35,-4.797647552807561e-23,1.819797347616661e-22,1.881976781685215e-22,1.828567469029193e+00,vn
2.550000000000000e+03,36,-1.506020072436760e-08,-3.974194539392578e-09,1.557574614890665e-08,-2.883586969630597e+00,vn
2.550000000000000e+03,37,8.437242248040882e-22,1.464109684218859e-22,8.563333108057248e-22,1.718184212928840e-01,vn
2.550000000000000e+03,38,-1.274874406391961e-08,-4.125982358190563e-09,1.339978379032383e-08,-2.828592822482580e+00,vn
2.550000000000000e+03,39,9.727644003623605e-22,7.601789829362324e-22,1.234561729809533e-21,6.633349906593583e-01,vn
2.550000000000000e+03,40,-1.109609886032222e-08,-3.296011109236933e-09,1.157527965753991e-08,-2.852851517679828e+00,vn
2.600000000000000e+03,0,7.682384073159228e-07,-1.148226493172221e-06,1.381526087375074e-06,-9.811350264431746e-01,vn
2.600000000000000e+03,1,1.244079641279754e-21,-3.970466940254533e-22,1.305902075610305e-21,-3.089307439237416e-01,vn
2.600000000000000e+03,2,-4.205254770809058e-07,-2.691276317165604e-06,2.723932798769194e-06,-1.725797984426225e+00,vn
2.600000000000000e+03,3,2.428602278455689e-21,1.144817967773390e-21,2.684905437116354e-21,4.404984924684937e-01,vn
2.600000000000000e+03,4,2.722379573744579e-06,2.558505509144198e-06,3.735947133440585e-06,7.543765654722873e-01,vn
2.600000000000000e+03,5,-3.308722450212111e-22,1.574951886300965e-21,1.609332124419426e-21,1.777869003911928e+00,vn
2.600000000000000e+03,6,9.644379245188182e-07,9.936298315883203e-07,1.384716849205064e-06,8.003055865419975e-01,vn
2.600000000000000e+03,7,-5.492479267352104e-22,-3.970466940254533e-23,5.506811652810476e-22,-3.069429024630136e+00,vn
2.600000000000000e+03,8,6.020599698409166e-07,5.589809137503926e-07,8.215448065821300e-07,7.483113526539579e-01,vn
2.600000000000000e+03,9,2.646977960169689e-23,-1.058791184067875e-22,1.091376971846160e-22,-1.325817663668033e+00,vn
2.600000000000000e+03,10,6.033180097171841e-07,6.238605553096047e-07,8.678678547568820e-07,8.021362549162596e-01,vn
2.600000000000000e+03,11,-1.899206686421752e-21,-1.720535674110298e-22,1.906984128882029e-21,-3.051246935401646e+00,vn
2.600000000000000e+03,12,4.642835387284195e-07,4.692799420021424e-07,6.601385220540595e-07,7.907500817969106e-01,vn
2.600000000000000e+03,13,-7.940933880509066e-23,-2.051407919131509e-22,2.199740611895328e-22,-1.940129984468522e+00,vn
2.600000000000000e+03,14,4.118965467145756e-07,4.399974818345243e-07,6.027076813979686e-07,8.183726280387439e-01,vn
2.600000000000000e+03,15,-2.117582368135751e-22,-4.830734777309682e-22,5.274481355976968e-22,-1.983925159073298e+00,vn
2.600000000000000e+03,16,2.989216273037096e-07,3.131925336246216e-07,4.329476901290820e-07,8.087080660783839e-01,vn
2.600000000000000e+03,17,-2.646977960169689e-23,-1.505468714846510e-21,1.505701398224019e-21,-1.588376932895529e+00,vn
2.600000000000000e+03,18,2.838326446400531e-07,2.957758019163941e-07,4.099320616427223e-07,8.060008089698281e-01,vn
2.600000000000000e+03,19,-1.191140082076360e-22,4.532949756790592e-22,4.686837760443257e-22,1.827760717311453e+00,vn
2.600000000000000e+03,20,2.585813713540059e-07,2.771387989488271e-07,3.790385725676434e-07,8.200244689992972e-01,vn
2.600000000000000e+03,21,5.955700410381799e-22,-1.068717351418512e-21,1.223462484510750e-21,-1.062384453050025e+00,vn
2.600000000000000e+03,22,2.160270992661376e-07,2.265682350331077e-07,3.130509107850657e-07,8.092103063110320e-01,vn
2.600000000000000e+03,23,-9.926167350636332e-22,1.475690212794601e-21,1.778468326078978e-21,2.162926873871962e+00,vn
2.600000000000000e+03,24,1.926366668367736e-07,2.070532121816512e-07,2.828072101003120e-07,8.214518615747175e-01,vn
2.600000000000000e+03,25,1.608039110803086e-21,2.160595759988508e-21,2.693318365873723e-21,9.309807050005966e-01,vn
2.600000000000000e+03,26,1.656042690351364e-07,1.732834930054388e-07,2.396913491781208e-07,8.080543666041187e-01,vn
2.600000000000000e+03,27,3.176373552203626e-22,-4.632211430296955e-22,5.616647726011704e-22,-9.697225722971473e-01,vn
2.600000000000000e+03,28,1.634783538185329e-07,1.737918787963575e-07,2.385975467241548e-07,8.159680478884668e-01,vn
2.600000000000000e+03,29,-2.382280164152720e-21,2.273092323295720e-21,3.292750748347261e-21,2.379644348702461e+00,vn
2.600000000000000e+03,30,1.390256849347820e-07,1.490801452339225e-07,2.038456052372793e-07,8.202825025332636e-01,vn
2.600000000000000e+03,31,5.889525961377557e-22,6.749793798432706e-22,8.958026142577441e-22,8.533561803436719e-01,vn
2.600000000000000e+03,32,1.211395342280240e-07,1.275316118175745e-07,1.758951357081005e-07,8.110974469957269e-01,vn
2.600000000000000e+03,33,-5.691002614364830e-22,7.014491594449675e-22,9.032751689563512e-22,2.252402149735302e+00,vn
2.600000000000000e+03,34,1.135904807000356e-07,1.220654353331654e-07,1.667416199055903e-07,8.213459295193404e-01,vn
2.600000000000000e+03,35,-5.558653716356346e-22,-6.253485430900889e-22,8.366881807032528e-22,-2.297438667476622e+00,vn
2.600000000000000e+03,36,1.017875832135066e-07,1.073345267352926e-07,1.479236719593446e-07,8.119168475458269e-01,vn
2.600000000000000e+03,37,-1.621274000603934e-21,2.150669592637872e-21,2.693308203999578e-21,2.216754433101007e+00,vn
2.600000000000000e+03,38,9.403512992839765e-08,1.013604954924664e-07,1.382626330833061e-07,8.228705301452020e-01,vn
2.600000000000000e+03,39,-2.071260253832781e-21,-3.321957340012959e-21,3.914782191638944e-21,-2.128320566401418e+00,vn
2.600000000000000e+03,40,7.737959504499552e-08,8.254076949773459e-08,1.131396498076852e-07,8.176603688640112e-01,vn
2.650000000000000e+03,0,2.287957392308814e-07,3.108287303246383e-07,3.859559429331698e-07,9.362617678008243e-01,vn
2.650000000000000e+03,1,2.812414082680294e-23,8.685396431806791e-23,9.129391225602098e-23,1.257641549224205e+00,vn
2.650000000000000e+03,2,2.275466038765885e-07,3.038962976517041e-07,3.796451193709491e-07,9.280867348835524e-01,vn
2.650000000000000e+03,3,-6.121136532892405e-23,3.308722450212111e-23,6.958157565537567e-23,2.646040980103965e+00,vn
2.650000000000000e+03,4,1.156416187169000e-07,1.694234007507993e-07,2.051274547724678e-07,9.718712760296369e-01,vn
2.650000000000000e+03,5,-1.158052857574239e-23,-6.369290716658313e-23,6.473712277684700e-23,-1.750649826587375e+00,vn
2.650000000000000e+03,6,4.658492581778824e-08,7.074475345575344e-08,8.470522684559774e-08,9.884737738232093e-01,vn
2.650000000000000e+03,7,-2.233387653893175e-23,-1.083606602444466e-22,1.106383058884609e-22,-1.774056922033401e+00,vn
2.650000000000000e+03,8,3.976428021147695e-08,6.075000179589273e-08,7.260689153887410e-08,9.912249355251387e-01,vn
2.650000000000000e+03,9,-9.512577044359818e-24,-8.106370003019671e-23,8.161992761948884e-23,-1.687609038214695e+00,vn
2.650000000000000e+03,10,2.283057511813713e-08,3.436552016429448e-08,4.125801905554159e-08,9.844024786291372e-01,vn
2.650000000000000e+03,11,5.128519797828772e-23,-7.692779696743157e-23,9.245570549151924e-23,-9.827937232473291e-01,vn
2.650000000000000e+03,12,2.290499012306339e-08,3.457553023902014e-08,4.147415898902626e-08,9.857099922896078e-01,vn
2.650000000000000e+03,13,-4.549493369041652e-24,-8.602678370551488e-23,8.614699881383213e-23,-1.623631722490818e+00,vn
2.650000000000000e+03,14,1.843053409375002e-08,2.818002338178805e-08,3.367192160805503e-08,9.915944388934592e-01,vn
2.650000000000000e+03,15,4.135903062765138e-23,-8.933550615572699e-23,9.844491898802568e-23,-1.137214842843135e+00,vn
2.650000000000000e+03,16,1.434151130729654e-08,2.197006356402095e-08,2.623666593880472e-08,9.924726905041773e-01,vn
2.650000000000000e+03,17,1.104286117758292e-22,-7.775497757998460e-23,1.350567097081841e-22,-6.134856161894677e-01,vn
2.650000000000000e+03,18,1.310294129751602e-08,1.999534421393869e-08,2.390608418122973e-08,9.907045616292366e-01,vn
2.650000000000000e+03,19,-2.564259898914386e-23,3.391440511467413e-23,4.251740534416790e-23,2.218188466534825e+00,vn
2.650000000000000e+03,20,1.076632996863651e-08,1.636268335686574e-08,1.958701783403006e-08,9.888312103683999e-01,vn
2.650000000000000e+03,21,-4.094544032137487e-23,-3.474158572722716e-23,5.369829477696237e-23,-2.437978870810341e+00,vn
2.650000000000000e+03,22,1.071275839059234e-08,1.646151245191952e-08,1.964038147643543e-08,9.938757315311495e-01,vn
2.650000000000000e+03,23,-1.439294265842268e-22,-2.398823776403780e-23,1.459147538389739e-22,-2.976443976175166e+00,vn
2.650000000000000e+03,24,8.342221058086402e-09,1.289302592779606e-08,1.535652205926855e-08,9.965092721199768e-01,vn
2.650000000000000e+03,25,2.067951531382569e-23,1.406207041340147e-22,1.421331234609331e-22,1.424784069083621e+00,vn
2.650000000000000e+03,26,7.562364606675618e-09,1.162048391402710e-08,1.386452324605728e-08,9.938738124076683e-01,vn
2.650000000000000e+03,27,2.295426199834652e-22,-1.273858143331663e-22,2.625203993639302e-22,-5.066394378599333e-01,vn
2.650000000000000e+03,28,7.097229873214895e-09,1.091225723029777e-08,1.301722050721427e-08,9.941465459436890e-01,vn
2.650000000000000e+03,29,-2.328513424336773e-22,-1.720535674110298e-22,2.895205998405423e-22,-2.505234280465922e+00,vn
2.650000000000000e+03,30,6.082527329377786e-09,9.395286236535725e-09,1.119234301560961e-08,9.962496197246151e-01,vn
2.650000000000000e+03,31,-1.538555939348631e-22,2.233387653893175e-23,1.554681505206315e-22,2.997438266476639e+00,vn
2.650000000000000e+03,32,5.693074617489388e-09,8.833618684660075e-09,1.050923011767644e-08,9.983126671794482e-01,vn
2.650000000000000e+03,33,-5.790264287871194e-23,-6.782881022934827e-23,8.918219300661197e-23,-2.277410529203201e+00,vn
2.650000000000000e+03,34,4.598290866602043e-09,7.084488731486021e-09,8.445961134200663e-09,9.950789598098133e-01,vn
2.650000000000000e+03,35,9.181704799338607e-23,3.887748878999230e-23,9.970872297264536e-23,4.005345153857860e-01,vn
2.650000000000000e+03,36,4.620533726507002e-09,7.090859338218162e-09,8.463428269453483e-09,9.932843004533747e-01,vn
2.650000000000000e+03,37,1.170460566762534e-22,-3.226004388956808e-22,3.431775379583381e-22,-1.222746080911551e+00,vn
2.650000000000000e+03,38,4.088931324452406e-09,6.310398722270211e-09,7.519341155321895e-09,9.958514746649880e-01,vn
2.650000000000000e+03,39,2.254067169207000e-22,-5.823351512373315e-22,6.244376801567746e-22,-1.201482594202961e+00,vn
2.650000000000000e+03,40,3.477003537251726e-09,5.360405499911323e-09,6.389327094580506e-09,9.953738095301401e-01,vn
2.700000000000000e+03,0,-1.081639913306654e-06,-1.584333899933726e-06,1.918347937298454e-06,-2.169823474456443e+00,vn
2.700000000000000e+03,1,-5.293955920339377e-23,-4.830734777309682e-22,4.859656179358185e-22,-1.679949789703774e+00,vn
2.700000000000000e+03,2,-1.969882969321966e-06,-1.718115860553377e-06,2.613878540236672e-06,-2.424355328798861e+00,vn
2.700000000000000e+03,3,7.411538288475128e-22,3.110199103199384e-22,8.037676173066136e-22,3.973243631725711e-01,vn
2.700000000000000e+03,4,9.613971247039070e-07,-5.575732193391802e-07,1.111383069113974e-06,-5.255549071181358e-01,vn
2.700000000000000e+03,5,8.073282778517550e-22,4.566036981292713e-22,9.275051942519821e-22,5.147213643622118e-01,vn
2.700000000000000e+03,6,7.690564006306913e-07,-2.447305613816595e-07,8.070568722371531e-07,-3.080891449719030e-01,vn
2.700000000000000e+03,7,-3.771943593241806e-22,6.948317145445432e-22,7.906115963245724e-22,2.068139043141719e+00,vn
2.700000000000000e+03,8,3.014373877226951e-07,-1.805975133653434e-07,3.513971550124272e-07,-5.397730339830458e-01,vn
2.700000000000000e+03,9,2.018320694629388e-22,6.617444900424221e-23,2.124034885888355e-22,3.168244858682192e-01,vn
2.700000000000000e+03,10,3.007206689946810e-07,-9.575523965264910e-08,3.155978242661770e-07,-3.082683394772766e-01,vn
2.700000000000000e+03,11,-8.602678370551488e-22,8.337980574534519e-22,1.198031699115133e-21,2.371818218812822e+00,vn
2.700000000000000e+03,12,2.809897902400520e-07,-1.126214228555003e-07,3.027190894296986e-07,-3.811980341429876e-01,vn
2.700000000000000e+03,13,-1.042247571816815e-22,1.654361225106055e-22,1.955298203367572e-22,2.132983070694926e+00,vn
2.700000000000000e+03,14,2.480911542957990e-07,-7.322409915039775e-08,2.586715862560270e-07,-2.870013165240741e-01,vn
2.700000000000000e+03,15,-3.937379715752412e-22,1.323488980084844e-22,4.153863515623084e-22,2.817323212832774e+00,vn
2.700000000000000e+03,16,1.891311648014107e-07,-6.209739065827380e-08,1.990645207607439e-07,-3.172406025516264e-01,vn
2.700000000000000e+03,17,-1.072026073868724e-21,-1.786710123114540e-22,1.086813338938564e-21,-2.976443976175166e+00,vn
2.700000000000000e+03,18,1.544491976630817e-07,-5.533111307300632e-08,1.640612286089175e-07,-3.440037060963972e-01,vn
2.700000000000000e+03,19,1.158052857574239e-22,4.632211430296955e-23,1.247261098682067e-22,3.805063771123649e-01,vn
2.700000000000000e+03,20,1.588028019831418e-07,-4.499026254997177e-08,1.650528813502277e-07,-2.760744914000134e-01,vn
2.700000000000000e+03,21,1.522012327097571e-22,-4.896909226313924e-22,5.127986105148433e-22,-1.269451103084793e+00,vn
2.700000000000000e+03,22,1.374861469080727e-07,-4.651028108139246e-08,1.451400938331593e-07,-3.262055046191731e-01,vn
2.700000000000000e+03,23,7.014491594449675e-22,1.078643518769148e-21,1.286663422915543e-21,9.942054960302537e-01,vn
2.700000000000000e+03,24,1.169501465866681e-07,-3.227929388823187e-08,1.213230794225320e-07,-2.693040349574835e-01,vn
2.700000000000000e+03,25,1.115039465721481e-21,-2.779326858178173e-22,1.149156032905172e-21,-2.442803392180318e-01,vn
2.700000000000000e+03,26,1.005215780603413e-07,-3.309350872387105e-08,1.058289562237019e-07,-3.180421556765715e-01,vn
2.700000000000000e+03,27,-7.378451063973007e-22,5.492479267352104e-22,9.198307920793753e-22,2.501688651584053e+00,vn
2.700000000000000e+03,28,9.733712850613987e-08,-2.936142913173614e-08,1.016691207126272e-07,-2.929668949682794e-01,vn
2.700000000000000e+03,29,8.768114493062093e-22,2.620508180567992e-21,2.763306251948600e-21,1.247909839528260e+00,vn
2.700000000000000e+03,30,9.138497248688254e-08,-2.520584118146156e-08,9.479740305563936e-08,-2.691287855799043e-01,vn
2.700000000000000e+03,31,7.610061635487855e-22,-1.522012327097571e-22,7.760770555799278e-22,-1.973955598498807e-01,vn
2.700000000000000e+03,32,7.399403017465802e-08,-2.384637508408494e-08,7.774166261496514e-08,-3.117646346785952e-01,vn
2.700000000000000e+03,33,2.018320694629388e-22,6.220398206398768e-22,6.539646188635764e-22,1.257045601738141e+00,vn
2.700000000000000e+03,34,6.781709212801277e-08,-1.836947371327764e-08,7.026091053496368e-08,-2.645205919978901e-01,vn
2.700000000000000e+03,35,-5.757177063369073e-22,-1.257314531080602e-22,5.892870910604556e-22,-2.926577771842287e+00,vn
2.700000000000000e+03,36,6.341976534441805e-08,-2.025642613112915e-08,6.657619271141104e-08,-3.091607730446894e-01,vn
2.700000000000000e+03,37,-1.158052857574239e-22,2.805796637779870e-21,2.808185470510483e-21,1.612046498987644e+00,vn
2.700000000000000e+03,38,5.845331072942786e-08,-1.624686860107268e-08,6.066918719227717e-08,-2.711030900756225e-01,vn
2.700000000000000e+03,39,-2.494776727459931e-21,1.409515763790359e-21,2.865422413580449e-21,2.627316165703809e+00,vn
2.700000000000000e+03,40,4.912603596911745e-08,-1.445985249617710e-08,5.120990865301578e-08,-2.862578599928455e-01,vn
2.750000000000000e+03,0,-2.389271861174560e-07,-6.798837170124641e-10,2.389281534434026e-07,-3.138747092592721e+00,vn
2.750000000000000e+03,1,-8.768114493062093e-23,-1.091878408569997e-22,1.400355946442119e-22,-2.247382285375100e+00,vn
2.750000000000000e+03,2,-3.483086970066732e-07,8.678903146189848e-08,3.589586109742750e-07,2.897392742068754e+00,vn
2.750000000000000e+03,3,1.968689857876206e-22,-7.713459212056983e-23,2.114406367438696e-22,-3.734233135833852e-01,vn
2.750000000000000e+03,4,1.138411043811786e-07,-1.795673769399188e-07,2.126128874452565e-07,-1.005769586333662e+00,vn
2.750000000000000e+03,5,9.843449289381029e-23,-2.481541837659083e-23,1.015143062847145e-22,-2.469549451389250e-01,vn
2.750000000000000e+03,6,5.710194291201682e-08,-6.734649211592179e-08,8.829599019574527e-08,-8.675325995124663e-01,vn
2.750000000000000e+03,7,5.624828165360588e-23,6.493367808541267e-23,8.590839154985604e-23,8.569481700164499e-01,vn
2.750000000000000e+03,8,2.712230449427730e-08,-4.051467765189696e-08,4.875508697887240e-08,-9.808734753837252e-01,vn
2.750000000000000e+03,9,3.060568266446202e-23,1.654361225106055e-23,3.479078782768784e-23,4.955516734858285e-01,vn
2.750000000000000e+03,10,3.386767802789187e-08,-4.095184142576560e-08,5.314200721803798e-08,-8.798000908642679e-01,vn
2.750000000000000e+03,11,6.617444900424221e-24,1.728807480235828e-22,1.730073513299469e-22,1.532537492743709e+00,vn
2.750000000000000e+03,12,2.595107806308616e-08,-3.205582270512366e-08,4.124359613247508e-08,-8.902538758189384e-01,vn
2.750000000000000e+03,13,8.271806125530277e-24,2.812414082680294e-23,2.931535559777852e-23,1.284744885077578e+00,vn
2.750000000000000e+03,14,2.655301625512084e-08,-2.911300550367319e-08,3.940342322313655e-08,-8.313541473543823e-01,vn
2.750000000000000e+03,15,-1.240770918829542e-23,3.184645358329157e-23,3.417817802537249e-23,1.942314181941605e+00,vn
2.750000000000000e+03,16,1.847202757361656e-08,-2.083908956950085e-08,2.784750360025346e-08,-8.455391017594057e-01,vn
2.750000000000000e+03,17,-9.595295105615121e-23,5.831623318498845e-23,1.122842458641020e-22,2.595487807121921e+00,vn
2.750000000000000e+03,18,1.722602668203436e-08,-1.984732660527995e-08,2.628026576400652e-08,-8.559864571702520e-01,vn
2.750000000000000e+03,19,2.316105715148477e-23,9.926167350636332e-24,2.519847945109353e-23,4.048917862850834e-01,vn
2.750000000000000e+03,20,1.680424146555625e-08,-1.829904572335517e-08,2.484426705737489e-08,-8.279554804622443e-01,vn
2.750000000000000e+03,21,-6.079777502264753e-23,-7.361907451721946e-23,9.547846658004294e-23,-2.261097582747081e+00,vn
2.750000000000000e+03,22,1.366726661220551e-08,-1.532291051628551e-08,2.053255374616612e-08,-8.424467074320752e-01,vn
2.750000000000000e+03,23,1.555099551599692e-22,4.053185001509836e-23,1.607052488859716e-22,2.549658466657795e-01,vn
2.750000000000000e+03,24,1.268995767249939e-08,-1.367553941877922e-08,1.865624303348374e-08,-8.227622628185016e-01,vn
2.750000000000000e+03,25,1.182868275950830e-22,-1.240770918829542e-22,1.714260724412711e-22,-8.092844045583812e-01,vn
2.750000000000000e+03,26,1.022339215121469e-08,-1.163273451830974e-08,1.548671235127046e-08,-8.497917263145374e-01,vn
2.750000000000000e+03,27,-4.549493369041652e-24,8.189088064274974e-23,8.201715809731545e-23,1.626294832040613e+00,vn
2.750000000000000e+03,28,1.046839797418590e-08,-1.159836984050928e-08,1.562400521963477e-08,-8.365604257741082e-01,vn
2.750000000000000e+03,29,2.928219368437718e-22,1.356576204586965e-22,3.227191916906301e-22,4.338399263994882e-01,vn
2.750000000000000e+03,30,9.113557493800603e-09,-9.870911775175381e-09,1.343472476331782e-08,-8.252703811774318e-01,vn
2.750000000000000e+03,31,4.797647552807561e-23,-1.050519377942345e-22,1.154887519995768e-22,-1.142390530859699e+00,vn
2.750000000000000e+03,32,7.606409661071254e-09,-8.538990779147331e-09,1.143555120920724e-08,-8.430954651305342e-01,vn
2.750000000000000e+03,33,8.313165156157928e-23,2.067951531382569e-23,8.566512618896081e-23,2.438077034746966e-01,vn
2.750000000000000e+03,34,7.356146798892874e-09,-8.011119155394260e-09,1.087616319520752e-08,-8.279936510124545e-01,vn
2.750000000000000e+03,35,-7.444625512977249e-23,6.534726839168919e-23,9.905811622024031e-23,2.421191563351948e+00,vn
2.750000000000000e+03,36,6.386578219117967e-09,-7.171594748066496e-09,9.603132435794425e-09,-8.432334677905894e-01,vn
2.750000000000000e+03,37,2.721424215299461e-22,2.283018490646356e-22,3.552227918961768e-22,6.980179305082177e-01,vn
2.750000000000000e+03,38,6.221128757846056e-09,-6.683930901493020e-09,9.131121251940120e-09,-8.212448706103712e-01,vn
2.750000000000000e+03,39,-8.271806125530277e-23,3.035752848069612e-22,3.146430218572527e-22,1.836817801820325e+00,vn
2.750000000000000e+03,40,4.993376249190553e-09,-5.452838900353869e-09,7.393731022913446e-09,-8.293534813575429e-01,vn
2.800000000000000e+03,0,-8.758360857595085e-06,-2.217926107876645e-06,9.034826015582955e-06,-2.893571331211835e+00,vn
2.800000000000000e+03,1,-1.667596114906904e-21,-2.415367388654841e-22,1.684997566370460e-21,-2.997751696963163e+00,vn
2.800000000000000e+03,2,-8.477470795034463e-06,-2.125255756342627e-06,8.739806811968426e-06,-2.895960399893350e+00,vn
2.800000000000000e+03,3,-3.176373552203626e-21,-2.365736551901659e-21,3.960562886275414e-21,-2.501433219910070e+00,vn
2.800000000000000e+03,4,-4.876635264120546e-06,-1.307022788778931e-06,5.048750347328685e-06,-2.879729688700254e+00,vn
2.800000000000000e+03,5,1.799945012915388e-21,-1.488925102595450e-21,2.335958049849750e-21,-6.911111611634243e-01,vn
2.800000000000000e+03,6,-1.981226632187912e-06,-5.613571561612284e-07,2.059218498572717e-06,-2.865491143948028e+00,vn
2.800000000000000e+03,7,1.244079641279754e-21,1.651052502655843e-21,2.067294976623531e-21,9.250545047222251e-01,vn
2.800000000000000e+03,8,-1.581486965246949e-06,-4.864160006682558e-07,1.654600116932217e-06,-2.843206579275539e+00,vn
2.800000000000000e+03,9,1.217609861678057e-21,1.131583077972542e-21,1.662243675761610e-21,7.487948009897011e-01,vn
2.800000000000000e+03,10,-9.866532109660024e-07,-2.723401010009578e-07,1.023549553916534e-06,-2.872274560262471e+00,vn
2.800000000000000e+03,11,-1.058791184067875e-22,2.269783600845508e-21,2.272251742739303e-21,1.617409766987507e+00,vn
2.800000000000000e+03,12,-9.663341575995673e-07,-2.736208527965738e-07,1.004325681852650e-06,-2.865662155736892e+00,vn
2.800000000000000e+03,13,8.470329472543003e-22,1.323488980084844e-21,1.571333158225947e-21,1.001483135694235e+00,vn
2.800000000000000e+03,14,-7.738648241286918e-07,-2.269150337718975e-07,8.064472695566851e-07,-2.856364746903548e+00,vn
2.800000000000000e+03,15,5.293955920339377e-22,2.567568621364598e-21,2.621577448461339e-21,1.367460242766621e+00,vn
2.800000000000000e+03,16,-6.081656199240853e-07,-1.760876983389179e-07,6.331447691989129e-07,-2.859760471622605e+00,vn
2.800000000000000e+03,17,-8.470329472543003e-22,3.269017780809565e-21,3.376972322211629e-21,1.824329914293183e+00,vn
2.800000000000000e+03,18,-5.543528348276564e-07,-1.598702928436832e-07,5.769450372569157e-07,-2.860820175840356e+00,vn
2.800000000000000e+03,19,-7.940933880509066e-23,-1.072026073868724e-21,1.074963137109293e-21,-1.644735364452837e+00,vn
2.800000000000000e+03,20,-4.652361603225117e-07,-1.305496717039198e-07,4.832058584636935e-07,-2.868018879966032e+00,vn
2.800000000000000e+03,21,1.402898318889935e-21,-1.191140082076360e-22,1.407945964906145e-21,-8.470251086965776e-02,vn
2.800000000000000e+03,22,-4.512718429551586e-07,-1.320809880331136e-07,4.702038532848799e-07,-2.856859308034950e+00,vn
2.800000000000000e+03,23,3.044024654195142e-21,-1.442602988292480e-21,3.368558961511323e-21,-4.425611039313999e-01,vn
2.800000000000000e+03,24,-3.554405330396318e-07,-1.040997460990476e-07,3.703710702327920e-07,-2.856685047344691e+00,vn
2.800000000000000e+03,25,-2.554333731563749e-21,-2.514629062161204e-21,3.584407919373871e-21,-2.364027228176587e+00,vn
2.800000000000000e+03,26,-3.229134918563814e-07,-9.301515319586478e-08,3.360430656135185e-07,-2.861135118906832e+00,vn
2.800000000000000e+03,27,-2.236696376343387e-21,5.968935300182648e-21,6.374244998249922e-21,1.929323983704518e+00,vn
2.800000000000000e+03,28,-3.018503727045228e-07,-8.768914886583906e-08,3.143294996189104e-07,-2.858869145488759e+00,vn
2.800000000000000e+03,29,7.027726484250523e-21,-2.646977960169689e-22,7.032709610146893e-21,-3.764698770098966e-02,vn
2.800000000000000e+03,30,-2.594230179815297e-07,-7.574243906317834e-08,2.702539904125087e-07,-2.857523630894914e+00,vn
2.800000000000000e+03,31,2.527863951962053e-21,-2.805796637779870e-21,3.776584559122969e-21,-8.374602560531775e-01,vn
2.800000000000000e+03,32,-2.394180951411700e-07,-7.137200340293598e-08,2.498299164447186e-07,-2.851874252743229e+00,vn
2.800000000000000e+03,33,1.919059021123024e-21,5.293955920339377e-22,1.990740369666176e-21,2.691674927857005e-01,vn
2.800000000000000e+03,34,-1.973747770772362e-07,-5.708787403578096e-08,2.054649069505883e-07,-2.860040187004743e+00,vn
2.800000000000000e+03,35,-2.263166155945084e-21,7.940933880509066e-22,2.398438108094811e-21,2.804136584362012e+00,vn
2.800000000000000e+03,36,-1.963002484065081e-07,-5.686568034484035e-08,2.043709693805320e-07,-2.859623738199419e+00,vn
2.800000000000000e+03,37,2.541098841762901e-21,7.557122076284461e-21,7.972908967213580e-21,1.246421106509255e+00,vn
2.800000000000000e+03,38,-1.733420785330472e-07,-5.099514243209397e-08,1.806875223744757e-07,-2.855476551600452e+00,vn
2.800000000000000e+03,39,4.235164736271502e-21,1.360546671527220e-20,1.424939805338237e-20,1.269019613994685e+00,vn
2.800000000000000e+03,40,-1.481324329264289e-07,-4.317321589168595e-08,1.542956391319375e-07,-2.857998122047816e+00,vn
2.850000000000000e+03,0,-1.539062291677835e-07,5.074458430672916e-07,5.302720160662080e-07,1.865274106916867e+00,vn
2.850000000000000e+03,1,-5.211237859084074e-23,1.273858143331663e-22,1.376330109229578e-22,1.959115044967363e+00,vn
2.850000000000000e+03,2,-5.475833331749512e-08,4.863751332898316e-07,4.894478985044387e-07,1.682908797570680e+00,vn
2.850000000000000e+03,3,-1.778438316989010e-22,-9.926167350636332e-23,2.036696057359342e-22,-2.632521765167410e+00,vn
2.850000000000000e+03,4,-2.452306143449488e-07,3.002717920614838e-07,3.876869914245460e-07,2.255634855608522e+00,vn
2.850000000000000e+03,5,1.675040740419881e-23,-1.604730388352874e-22,1.613448863188365e-22,-1.466791519870916e+00,vn
2.850000000000000e+03,6,-1.554741125231236e-07,1.583114436872546e-07,2.218889651767200e-07,2.347152474769155e+00,vn
2.850000000000000e+03,7,1.505468714846510e-22,-8.768114493062093e-23,1.742192402984257e-22,-5.273909215334932e-01,vn
2.850000000000000e+03,8,-7.807310166699334e-08,9.707320725293620e-08,1.245737402917492e-07,2.248135717861707e+00,vn
2.850000000000000e+03,9,5.872982349126496e-23,-1.488925102595450e-23,6.058780375148967e-23,-2.482899093030681e-01,vn
2.850000000000000e+03,10,-6.137743624263027e-08,6.427331063977571e-08,8.887208864607183e-08,2.333151556477491e+00,vn
2.850000000000000e+03,11,2.092766949759160e-22,-6.782881022934827e-23,2.199942784646263e-22,-3.134273221079422e-01,vn
2.850000000000000e+03,12,-6.168894704072907e-08,6.864333814242902e-08,9.228994559717611e-08,2.302886115980667e+00,vn
2.850000000000000e+03,13,8.395883217413231e-23,-6.617444900424221e-23,1.069024938954146e-22,-6.674903139982812e-01,vn
2.850000000000000e+03,14,-4.947331683101262e-08,5.070100643668395e-08,7.083926264406218e-08,2.343939571909573e+00,vn
2.850000000000000e+03,15,1.695720255733707e-22,9.926167350636332e-24,1.698622990993844e-22,5.846986332975117e-02,vn
2.850000000000000e+03,16,-3.892737682216061e-08,4.109346478086620e-08,5.660400616520687e-08,2.329132051297076e+00,vn
2.850000000000000e+03,17,2.415367388654841e-22,8.437242248040882e-23,2.558489825990825e-22,3.360645051506339e-01,vn
2.850000000000000e+03,18,-3.277910553385663e-08,3.569766858772816e-08,4.846435083851825e-08,2.313599058978524e+00,vn
2.850000000000000e+03,19,-1.050519377942345e-22,4.963083675318166e-24,1.051691106451506e-22,3.094383661780579e+00,vn
2.850000000000000e+03,20,-3.127840343560448e-08,3.163855950656417e-08,4.448974004341716e-08,2.350470244768433e+00,vn
2.850000000000000e+03,21,4.466775307786349e-23,-4.632211430296955e-23,6.435018600223592e-23,-8.035779784704266e-01,vn
2.850000000000000e+03,22,-2.855683619336987e-08,3.027267573931388e-08,4.161643653404989e-08,2.327036450322860e+00,vn
2.850000000000000e+03,23,-1.414478847465677e-22,-2.729696021424991e-22,3.074409013015552e-22,-2.048883365398469e+00,vn
2.850000000000000e+03,24,-2.289673521360987e-08,2.295513028338889e-08,3.242219131658932e-08,2.354920931579740e+00,vn
2.850000000000000e+03,25,-2.746239633676052e-22,1.455837878093329e-22,3.108262545677964e-22,2.654140018403917e+00,vn
2.850000000000000e+03,26,-2.070297191071572e-08,2.175546480482554e-08,3.003187131715050e-08,2.331410784642640e+00,vn
2.850000000000000e+03,27,3.019209235818551e-22,1.356576204586965e-22,3.309973324439884e-22,4.222841905519241e-01,vn
2.850000000000000e+03,28,-1.952725998787749e-08,2.002104091198824e-08,2.796705136108681e-08,2.343709623407020e+00,vn
2.850000000000000e+03,29,-8.271806125530277e-25,-6.236941818649829e-22,6.236947303929994e-22,-1.572122585964232e+00,vn
2.850000000000000e+03,30,-1.784112837435771e-08,1.774514566382045e-08,2.516338721834796e-08,2.358891667134322e+00,vn
2.850000000000000e+03,31,-1.298673561708253e-22,-1.670904837357116e-22,2.116241005978150e-22,-2.231496677695352e+00,vn
2.850000000000000e+03,32,-1.514574699197564e-08,1.582004708215086e-08,2.190131369636099e-08,2.334422287635367e+00,vn
2.850000000000000e+03,33,2.646977960169689e-23,-1.712263867984767e-22,1.732602804113625e-22,-1.417421045714092e+00,vn
2.850000000000000e+03,34,-1.319957651861727e-08,1.316266970357382e-08,1.864094133879007e-08,2.357594476772411e+00,vn
2.850000000000000e+03,35,5.128519797828772e-23,9.926167350636332e-23,1.117275765375587e-22,1.093904459129361e+00,vn
2.850000000000000e+03,36,-1.293187616046325e-08,1.348343685851343e-08,1.868251831384292e-08,2.335317184647519e+00,vn
2.850000000000000e+03,37,3.672681919735443e-22,-2.431911000905901e-22,4.404859089673444e-22,-5.848776137200340e-01,vn
2.850000000000000e+03,38,-1.145742121132347e-08,1.151609539396402e-08,1.624478236039389e-08,2.353640503526989e+00,vn
2.850000000000000e+03,39,9.992341799640574e-22,-1.191140082076360e-22,1.006308647165337e-21,-1.186454317937010e-01,vn
2.850000000000000e+03,40,-9.784137460413302e-09,9.993322475631336e-09,1.398555826365974e-08,2.345617944175189e+00,vn
2.900000000000000e+03,0,-4.404141813989090e-06,-2.200779545920635e-07,4.409637107951690e-06,-3.091663506303981e+00,vn
2.900000000000000e+03,1,-1.111730743271269e-21,-2.395515053953568e-21,2.640916056835706e-21,-2.005304204283230e+00,vn
2.900000000000000e+03,2,-6.609422465568099e-06,1.560482887424767e-06,6.791139239501855e-06,2.909738768912110e+00,vn
2.900000000000000e+03,3,2.514629062161204e-22,-4.096198393362593e-21,4.103909705511190e-21,-1.509483933567338e+00,vn
2.900000000000000e+03,4,2.510449536291413e-06,-3.697791885695988e-06,4.469454296017005e-06,-9.743687939486705e-01,vn
2.900000000000000e+03,5,2.594038400966295e-21,4.896909226313924e-22,2.639854622019053e-21,1.865798557476332e-01,vn
2.900000000000000e+03,6,1.256850750913254e-06,-1.404815618421449e-06,1.884988257743811e-06,-8.409320685192575e-01,vn
2.900000000000000e+03,7,8.999725064576941e-22,1.283784310682299e-21,1.567817804699822e-21,9.593787995837100e-01,vn
2.900000000000000e+03,8,6.273640882029695e-07,-8.530365889322779e-07,1.058894291808186e-06,-9.366737069146143e-01,vn
2.900000000000000e+03,9,3.705769144237564e-22,-7.411538288475128e-22,8.286351715436417e-22,-1.107148717794090e+00,vn
2.900000000000000e+03,10,7.283059193055931e-07,-8.533619871049690e-07,1.121898477194486e-06,-8.642999654603455e-01,vn
2.900000000000000e+03,11,3.970466940254533e-23,3.414601568618898e-21,3.414832401917699e-21,1.559168943838513e+00,vn
2.900000000000000e+03,12,5.732446306984847e-07,-6.690084191896818e-07,8.810117318011827e-07,-8.623347940744286e-01,vn
2.900000000000000e+03,13,1.588186776101813e-22,2.249931266144235e-22,2.754002167420729e-22,9.561333748727311e-01,vn
2.900000000000000e+03,14,5.743593231616390e-07,-6.033449441462392e-07,8.330148580484771e-07,-8.100051647005556e-01,vn
2.900000000000000e+03,15,-1.323488980084844e-22,4.896909226313924e-22,5.072607125646974e-22,1.834760050420601e+00,vn
2.900000000000000e+03,16,4.047346132596374e-07,-4.377071657346844e-07,5.961523883252659e-07,-8.245174616887364e-01,vn
2.900000000000000e+03,17,-1.747005453711994e-21,1.005851624864482e-21,2.015878356087482e-21,2.619189221873265e+00,vn
2.900000000000000e+03,18,3.761046827027189e-07,-4.127210128315578e-07,5.583846047157996e-07,-8.317836515621486e-01,vn
2.900000000000000e+03,19,5.691002614364830e-22,2.249931266144235e-22,6.119616120238322e-22,3.764903344465229e-01,vn
2.900000000000000e+03,20,3.630492607248438e-07,-3.789906993764314e-07,5.248225566100339e-07,-8.068781209477586e-01,vn
2.900000000000000e+03,21,-1.310254090283996e-21,-1.191140082076360e-21,1.770757034783377e-21,-2.403777593469328e+00,vn
2.900000000000000e+03,22,3.001717234958123e-07,-3.185921454969920e-07,4.377259630851510e-07,-8.151590854609381e-01,vn
2.900000000000000e+03,23,3.202843331805323e-21,1.111730743271269e-21,3.390302442795379e-21,3.340956062408667e-01,vn
2.900000000000000e+03,24,2.746948949121304e-07,-2.835212338052085e-07,3.947677485677042e-07,-8.012085332404202e-01,vn
2.900000000000000e+03,25,2.726387298974779e-21,-2.713152409173931e-21,3.846346799161159e-21,-7.829650781743388e-01,vn
2.900000000000000e+03,26,2.235361327173020e-07,-2.419442870100836e-07,3.294016403223046e-07,-8.249241373057985e-01,vn
2.900000000000000e+03,27,-1.720535674110298e-22,1.349958759686541e-21,1.360878790676556e-21,1.697563861896259e+00,vn
2.900000000000000e+03,28,2.269251376452931e-07,-2.393410379213632e-07,3.298168439128158e-07,-8.120202252088982e-01,vn
2.900000000000000e+03,29,5.704237504165679e-21,3.149903772601929e-21,6.516150649009134e-21,5.045339016109517e-01,vn
2.900000000000000e+03,30,1.975899973653329e-07,-2.047032590677572e-07,2.845087544027312e-07,-8.030781031383126e-01,vn
2.900000000000000e+03,31,1.065408628968300e-21,-1.747005453711994e-21,2.046246222227316e-21,-1.023166746252671e+00,vn
2.900000000000000e+03,32,1.661674850029056e-07,-1.775794229444519e-07,2.431996803564416e-07,-8.185846383519108e-01,vn
2.900000000000000e+03,33,1.561716996500116e-21,6.220398206398768e-22,1.681039415248505e-21,3.790443898498927e-01,vn
2.900000000000000e+03,34,1.584482910654925e-07,-1.659298027464786e-07,2.294309490479877e-07,-8.084582455526743e-01,vn
2.900000000000000e+03,35,-1.283784310682299e-21,1.389663429089086e-21,1.891894976604585e-21,2.316611216255248e+00,vn
2.900000000000000e+03,36,1.391435320843849e-07,-1.489443442258729e-07,2.038267406347694e-07,-8.194052650437305e-01,vn
2.900000000000000e+03,37,5.088815128426226e-21,4.486627642487622e-21,6.784236656664747e-21,7.225921400662848e-01,vn
2.900000000000000e+03,38,1.344707283459130e-07,-1.384548246544972e-07,1.930080704322695e-07,-7.999948668034446e-01,vn
2.900000000000000e+03,39,-2.402132498853992e-21,5.823351512373315e-21,6.299338328643025e-21,1.962031905922071e+00,vn
2.900000000000000e+03,40,1.085508002015310e-07,-1.137582314328974e-07,1.572393444502149e-07,-8.088181705466376e-01,vn
2.950000000000000e+03,0,-1.474649263750802e-07,-1.486202401262745e-07,2.093654228520061e-07,-2.352292545689158e+00,vn
2.950000000000000e+03,1,-2.067951531382569e-23,9.926167350636332e-24,2.293842086734808e-23,2.694072678432623e+00,vn
2.950000000000000e+03,2,-1.188471413259581e-07,-1.344862448725451e-07,1.794747699852835e-07,-2.294539442608401e+00,vn
2.950000000000000e+03,3,1.695720255733707e-23,-3.577556149291845e-23,3.959087671047647e-23,-1.128173656618295e+00,vn
2.950000000000000e+03,4,-1.327598674512532e-07,-1.030327690600254e-07,1.680503909720261e-07,-2.481605892791605e+00,vn
2.950000000000000e+03,5,1.323488980084844e-23,-2.853773113307945e-23,3.145734264467573e-23,-1.136552005998096e+00,vn
2.950000000000000e+03,6,-6.006531036728030e-08,-4.489244498637693e-08,7.498781985344413e-08,-2.499761553202155e+00,vn
2.950000000000000e+03,7,1.571643163850753e-23,3.660274210547147e-23,3.983424347326725e-23,1.165222877357044e+00,vn
2.950000000000000e+03,8,-4.579434909585249e-08,-3.617762703969662e-08,5.836045842294416e-08,-2.472977858712425e+00,vn
2.950000000000000e+03,9,3.143286327701505e-23,3.515517603350368e-23,4.715836400616706e-23,8.412406658776183e-01,vn
2.950000000000000e+03,10,-3.031332017679346e-08,-2.233805494288235e-08,3.765482809377868e-08,-2.506524777182628e+00,vn
2.950000000000000e+03,11,-1.861156378244312e-23,2.771055052052643e-23,3.338060689350324e-23,2.162235342932452e+00,vn
2.950000000000000e+03,12,-2.883349264890848e-08,-2.172239392312122e-08,3.610031434885177e-08,-2.495935895716314e+00,vn
2.950000000000000e+03,13,4.135903062765138e-25,5.418033012222331e-23,5.418190868818249e-23,1.563162887277403e+00,vn
2.950000000000000e+03,14,-2.457038085809597e-08,-1.818519090132286e-08,3.056803532498359e-08,-2.504440565779054e+00,vn
2.950000000000000e+03,15,-1.116693826946587e-23,8.437242248040882e-23,8.510820280987408e-23,1.702384468252817e+00,vn
2.950000000000000e+03,16,-1.898039209179610e-08,-1.407921872602704e-08,2.363217476013637e-08,-2.503375055791491e+00,vn
2.950000000000000e+03,17,-4.508134338414001e-23,7.899574849881414e-23,9.095414120427195e-23,2.089378425308785e+00,vn
2.950000000000000e+03,18,-1.713312518550420e-08,-1.275154578015177e-08,2.135757239026629e-08,-2.501773548697987e+00,vn
2.950000000000000e+03,19,8.271806125530277e-25,-3.474158572722716e-23,3.475143172026237e-23,-1.546991300609827e+00,vn
2.950000000000000e+03,20,-1.467508453690954e-08,-1.071060660788152e-08,1.816797182060333e-08,-2.511112927893463e+00,vn
2.950000000000000e+03,21,3.019209235818551e-23,3.970466940254533e-23,4.988008834525680e-23,9.206618161268737e-01,vn
2.950000000000000e+03,22,-1.401935013097161e-08,-1.045219845714688e-08,1.748687023690510e-08,-2.500942333972259e+00,vn
2.950000000000000e+03,23,7.444625512977249e-23,-3.970466940254533e-23,8.437242248040882e-23,-4.899573262537283e-01,vn
2.950000000000000e+03,24,-1.139553306621574e-08,-8.366282794330520e-09,1.413693254061599e-08,-2.508298575875043e+00,vn
2.950000000000000e+03,25,-5.521430588791460e-23,-1.025703959565754e-22,1.164873628398071e-22,-2.064617460053160e+00,vn
2.950000000000000e+03,26,-1.002535417072182e-08,-7.429250959338425e-09,1.247804055391873e-08,-2.503846625577484e+00,vn
2.950000000000000e+03,27,-1.180800324419447e-22,9.388499952476864e-23,1.508551861795163e-22,2.469848919261363e+00,vn
2.950000000000000e+03,28,-9.514971757537387e-09,-7.024969890042740e-09,1.182729425958199e-08,-2.505617186815536e+00,vn
2.950000000000000e+03,29,1.515808472503423e-22,1.530284133223101e-23,1.523513380511345e-22,1.006140871095248e-01,vn
2.950000000000000e+03,30,-8.279785078947772e-09,-6.085995264697775e-09,1.027590284673273e-08,-2.507733166765763e+00,vn
2.950000000000000e+03,31,7.734138727370809e-23,-2.646977960169689e-23,8.174557735794705e-23,-3.297503837365288e-01,vn
2.950000000000000e+03,32,-7.551847314458298e-09,-5.622803381026729e-09,9.415217242452593e-09,-2.501582250295089e+00,vn
2.950000000000000e+03,33,4.776968037493735e-23,2.316105715148477e-23,5.308838791579584e-23,4.514530915525543e-01,vn
2.950000000000000e+03,34,-6.335812757886727e-09,-4.630971768624754e-09,7.847829179129711e-09,-2.510415040318895e+00,vn
2.950000000000000e+03,35,-3.846389848371579e-23,-1.447566071967798e-23,4.109764275280058e-23,-2.781644127562387e+00,vn
2.950000000000000e+03,36,-6.140710251780330e-09,-4.547869136311825e-09,7.641428929024839e-09,-2.504128520688770e+00,vn
2.950000000000000e+03,37,-5.438712527536157e-23,1.426886556653973e-22,1.527023636074969e-22,1.934956071539283e+00,vn
2.950000000000000e+03,38,-5.572442794181571e-09,-4.095930807569012e-09,6.915834575437664e-09,-2.507739269129273e+00,vn
2.950000000000000e+03,39,-1.881835893558138e-23,3.792623108555632e-22,3.797288915378052e-22,1.620373987717037e+00,vn
2.950000000000000e+03,40,-4.711676245737261e-09,-3.468044069776976e-09,5.850403636892075e-09,-2.507077454551028e+00,vn
3.000000000000000e+03,0,-1.976503835557372e-06,1.227442938682087e-06,2.326624933179717e-06,2.585862479961183e+00,vn
3.000000000000000e+03,1,-8.139457227521792e-22,6.154223757394526e-22,1.020417728260030e-21,2.494200513849864e+00,vn
3.000000000000000e+03,2,-1.287276306367122e-06,1.581269535545412e-06,2.038993289095916e-06,2.254062495525342e+00,vn
3.000000000000000e+03,3,-1.038938849366603e-21,-9.727644003623605e-22,1.423258413407609e-21,-2.389077369997857e+00,vn
3.000000000000000e+03,4,-2.268000993946107e-06,5.764119138259216e-08,2.268733350458915e-06,3.116183147248476e+00,vn
3.000000000000000e+03,5,1.257314531080602e-22,-9.396771758602394e-22,9.480514717742595e-22,-1.437783539918388e+00,vn
3.000000000000000e+03,6,-1.319703040582047e-06,-7.604551792371349e-08,1.321892218041163e-06,-3.084033100536606e+00,vn
3.000000000000000e+03,7,5.426304818347862e-22,4.632211430296955e-23,5.446040562553216e-22,8.515939261970673e-02,vn
3.000000000000000e+03,8,-7.268631965358724e-07,2.445899028185194e-08,7.272746033541623e-07,3.107955285773242e+00,vn
3.000000000000000e+03,9,4.896909226313924e-22,-1.985233470127266e-23,4.900931696123459e-22,-4.051835247834694e-02,vn
3.000000000000000e+03,10,-5.495922961574174e-07,-2.662939095708594e-08,5.502370547848697e-07,-3.093177526154181e+00,vn
3.000000000000000e+03,11,8.007108329513308e-22,0.000000000000000e+00,8.007108329513308e-22,0.000000000000000e+00,vn
3.000000000000000e+03,12,-5.523513254224222e-07,-1.010525742847958e-08,5.524437554390514e-07,-3.123299712560259e+00,vn
3.000000000000000e+03,13,3.970466940254533e-22,2.481541837659083e-22,4.682163774976972e-22,5.585993153435624e-01,vn
3.000000000000000e+03,14,-4.392691256995810e-07,-2.564998774882665e-08,4.400173708666389e-07,-3.083266463471237e+00,vn
3.000000000000000e+03,15,2.713152409173931e-22,6.981404369947554e-22,7.490073629286237e-22,1.200133766249060e+00,vn
3.000000000000000e+03,16,-3.477259883345438e-07,-1.574396044334336e-08,3.480822248459075e-07,-3.096346638577602e+00,vn
3.000000000000000e+03,17,7.808584982500581e-22,1.386354706638874e-21,1.591137758620886e-21,1.057840486843770e+00,vn
3.000000000000000e+03,18,-2.984046676006095e-07,-9.490748726517948e-09,2.985555558974244e-07,-3.109798410544258e+00,vn
3.000000000000000e+03,19,-2.316105715148477e-22,-2.746239633676052e-22,3.592516918445425e-22,-2.271430761079727e+00,vn
3.000000000000000e+03,20,-2.762547953696405e-07,-1.795156918227021e-08,2.768374447231223e-07,-3.076701960028974e+00,vn
3.000000000000000e+03,21,3.374896899216353e-22,3.176373552203626e-22,4.634574200881764e-22,7.551044034786732e-01,vn
3.000000000000000e+03,22,-2.545785039617536e-07,-1.106591439159716e-08,2.548188947875073e-07,-3.098152407533198e+00,vn
3.000000000000000e+03,23,2.580803511165446e-22,-1.435985543392056e-21,1.458992785610476e-21,-1.392971221786471e+00,vn
3.000000000000000e+03,24,-2.026251934340069e-07,-1.409253811061148e-08,2.031146687085100e-07,-3.072154688274343e+00,vn
3.000000000000000e+03,25,-1.786710123114540e-21,-6.518183226917858e-22,1.901893842946211e-21,-2.791781222319473e+00,vn
3.000000000000000e+03,26,-1.841949316065502e-07,-8.731113579441816e-09,1.844017493785751e-07,-3.094226621368403e+00,vn
3.000000000000000e+03,27,4.764560328305439e-22,1.277166865781875e-21,1.363145463357348e-21,1.213730200328035e+00,vn
3.000000000000000e+03,28,-1.728099668109537e-07,-1.008914798780167e-08,1.731042331554104e-07,-3.083275946556977e+00,vn
3.000000000000000e+03,29,1.952146245625145e-21,-2.620508180567992e-21,3.267711445145075e-21,-9.305353848722063e-01,vn
3.000000000000000e+03,30,-1.555597978194801e-07,-1.116712028255086e-08,1.559601079540614e-07,-3.069928914444108e+00,vn
3.000000000000000e+03,31,-9.264422860593910e-23,-8.701940044057851e-22,8.751117405210407e-22,-1.676860678384838e+00,vn
3.000000000000000e+03,32,-1.346601686143278e-07,-6.673439752406176e-09,1.348254271618235e-07,-3.092075527441175e+00,vn
3.000000000000000e+03,33,5.955700410381799e-22,-4.896909226313924e-22,7.710388274852335e-22,-6.881449651458825e-01,vn
3.000000000000000e+03,34,-1.162394557604846e-07,-8.202618081423823e-09,1.165285116136105e-07,-3.071142880705819e+00,vn
3.000000000000000e+03,35,1.985233470127266e-23,4.830734777309682e-22,4.834812303287311e-22,1.529723548204442e+00,vn
3.000000000000000e+03,36,-1.145129470362529e-07,-5.713173996154228e-09,1.146553766556021e-07,-3.091742912110899e+00,vn
3.000000000000000e+03,37,1.885971796620903e-21,-2.713152409173931e-22,1.905387513762893e-21,-1.428793725593215e-01,vn
3.000000000000000e+03,38,-1.010759717072342e-07,-6.781899480253945e-09,1.013032389271038e-07,-3.074596023561889e+00,vn
3.000000000000000e+03,39,4.023406499457927e-21,3.087038046047899e-21,5.071252681303459e-21,6.544624340907904e-01,vn
3.000000000000000e+03,40,-8.659472560802906e-08,-5.203772743982169e-09,8.675094093957054e-08,-3.081571419522731e+00,vn
3.050000000000000e+03,0,2.571337433725039e-08,6.209660367310106e-08,6.720986391551284e-08,1.178205579936334e+00,vn
3.050000000000000e+03,1,-1.344168495398670e-23,5.707546226615891e-23,5.863691062204728e-23,1.802088932598711e+00,vn
3.050000000000000e+03,2,1.544267419597070e-07,1.115887055145604e-07,1.905246908689402e-07,6.257330238815879e-01,vn
3.050000000000000e+03,3,-1.199411888201890e-22,1.075334796318936e-23,1.204222706479896e-22,3.052176546842203e+00,vn
3.050000000000000e+03,4,-2.476762807851843e-07,-7.330070765571442e-08,2.582954389965297e-07,-2.853852197595951e+00,vn
3.050000000000000e+03,5,-5.459392042849983e-23,-7.527343574232552e-23,9.298702208484462e-23,-2.198284569482829e+00,vn
3.050000000000000e+03,6,-9.928187301001385e-08,-3.324636764760711e-08,1.047005791298996e-07,-2.818461124537933e+00,vn
3.050000000000000e+03,7,3.060568266446202e-23,-1.861156378244312e-23,3.582035898460120e-23,-5.463600244489791e-01,vn
3.050000000000000e+03,8,-5.912841825554179e-08,-1.831903733795522e-08,6.190118718079391e-08,-2.841153204295173e+00,vn
3.050000000000000e+03,9,-8.478601278668534e-24,2.067951531382569e-24,8.727147482355686e-24,2.902361053626133e+00,vn
3.050000000000000e+03,10,-5.938627955433407e-08,-1.919998879377146e-08,6.241289745706785e-08,-2.828892945404658e+00,vn
3.050000000000000e+03,11,9.636654136242772e-23,-5.997059441009451e-23,1.135032267737642e-22,-5.566680701586190e-01,vn
3.050000000000000e+03,12,-4.694116418375322e-08,-1.541120843364700e-08,4.940625709676243e-08,-2.824370760504800e+00,vn
3.050000000000000e+03,13,2.067951531382569e-25,2.150669592637872e-23,2.150769011086678e-23,1.561181238495194e+00,vn
3.050000000000000e+03,14,-4.272794444000547e-08,-1.477415951713788e-08,4.521009871152716e-08,-2.808688696993931e+00,vn
3.050000000000000e+03,15,2.481541837659083e-24,1.861156378244312e-23,1.877627109731858e-23,1.438244794498223e+00,vn
3.050000000000000e+03,16,-3.116360775412103e-08,-1.055903126472810e-08,3.290385371810144e-08,-2.814907139178650e+00,vn
3.050000000000000e+03,17,4.446095792472524e-23,7.568702604860203e-23,8.777985356370761e-23,1.039669488323183e+00,vn
3.050000000000000e+03,18,-2.910337948565101e-08,-9.854956962846289e-09,3.072664762425873e-08,-2.815092575397752e+00,vn
3.050000000000000e+03,19,-2.895132143935597e-24,-3.101927297073854e-23,3.115408618085338e-23,-1.663860055519315e+00,vn
3.050000000000000e+03,20,-2.684685852451337e-08,-9.308834062038434e-09,2.841492924907263e-08,-2.807826531054938e+00,vn
3.050000000000000e+03,21,-1.654361225106055e-24,1.038111668754050e-22,1.038243481997181e-22,1.586731232900973e+00,vn
3.050000000000000e+03,22,-2.263205898033464e-08,-7.829356860377479e-09,2.394804631982504e-08,-2.808538446392685e+00,vn
3.050000000000000e+03,23,-1.654361225106055e-24,-1.236635015766776e-22,1.236745670429781e-22,-1.584173455224329e+00,vn
3.050000000000000e+03,24,-2.013442337237514e-08,-7.028859628149229e-09,2.132603742400994e-08,-2.805722832266235e+00,vn
3.050000000000000e+03,25,-1.679176643482646e-22,-7.899574849881414e-23,1.855712000313205e-22,-2.701868694735541e+00,vn
3.050000000000000e+03,26,-1.710770019230010e-08,-5.835395440013158e-09,1.807554275287332e-08,-2.812870612891099e+00,vn
3.050000000000000e+03,27,-2.440182807031432e-23,1.902515408871964e-23,3.094197313153615e-23,2.479377152333621e+00,vn
3.050000000000000e+03,28,-1.689282486919904e-08,-5.854010577087932e-09,1.787839399661186e-08,-2.808005088944580e+00,vn
3.050000000000000e+03,29,3.929107909626881e-23,-2.125854174261281e-22,2.161859121191536e-22,-1.388033868746357e+00,vn
3.050000000000000e+03,30,-1.454120849357145e-08,-5.064465677014692e-09,1.539790755418328e-08,-2.806447662930610e+00,vn
3.050000000000000e+03,31,-5.376673981594680e-23,-3.929107909626881e-24,5.391011221840677e-23,-3.068645397981280e+00,vn
3.050000000000000e+03,32,-1.258227666165834e-08,-4.317632076000062e-09,1.330246716719183e-08,-2.811031574624185e+00,vn
3.050000000000000e+03,33,1.654361225106055e-24,-4.487454823100175e-23,4.490503301412479e-23,-1.533946655780404e+00,vn
3.050000000000000e+03,34,-1.173634196501594e-08,-4.050888014780879e-09,1.241577288887364e-08,-2.809238243153892e+00,vn
3.050000000000000e+03,35,6.203854594147708e-23,4.756288522179909e-24,6.222060320375383e-23,7.651698431633913e-02,vn
3.050000000000000e+03,36,-1.054100958798385e-08,-3.611243084513169e-09,1.114243957800139e-08,-2.811534479480819e+00,vn
3.050000000000000e+03,37,-1.943874439499615e-23,-2.067951531382569e-22,2.077067648034823e-22,-1.664520924068852e+00,vn
3.050000000000000e+03,38,-9.834001931662561e-09,-3.433582302946049e-09,1.041619323088081e-08,-2.805671599668537e+00,vn
3.050000000000000e+03,39,1.943874439499615e-22,1.182868275950830e-22,2.275483507914490e-22,5.466538334646592e-01,vn
3.050000000000000e+03,40,-8.097727979451391e-09,-2.792491620238279e-09,8.565699497314327e-09,-2.809514244005445e+00,vn
3.100000000000000e+03,0,-2.741370114658093e-06,2.955370898923137e-06,4.031045429630169e-06,2.318646670231255e+00,vn
3.100000000000000e+03,1,-5.525566491854225e-22,7.014491594449675e-22,8.929444405141192e-22,2.238014262796588e+00,vn
3.100000000000000e+03,2,-2.168780760868473e-06,2.434064641895496e-06,3.260104395512371e-06,2.298623421656262e+00,vn
3.100000000000000e+03,3,-1.637817612854995e-21,-4.367513634279986e-22,1.695051116171500e-21,-2.880990261842452e+00,vn
3.100000000000000e+03,4,-2.551330585234190e-06,2.517972689591439e-06,3.584616328239296e-06,2.362774766093581e+00,vn
3.100000000000000e+03,5,-3.639594695233322e-22,-9.396771758602394e-22,1.007700198614836e-21,-1.940327534841298e+00,vn
3.100000000000000e+03,6,-1.160041477167017e-06,1.102591402141454e-06,1.600438698864812e-06,2.381579842997692e+00,vn
3.100000000000000e+03,7,1.204374971877208e-21,-4.896909226313924e-22,1.300121637613885e-21,-3.861773938221957e-01,vn
3.100000000000000e+03,8,-8.947933537888142e-07,8.074874699180150e-07,1.205276383266191e-06,2.407437183495010e+00,vn
3.100000000000000e+03,9,1.078643518769148e-21,1.323488980084844e-23,1.078724711356299e-21,1.226932295379750e-02,vn
3.100000000000000e+03,10,-5.854204801434778e-07,5.643898538031797e-07,8.131746710562218e-07,2.374482968712272e+00,vn
3.100000000000000e+03,11,8.933550615572699e-22,4.632211430296955e-23,8.945551991260744e-22,5.180545679100115e-02,vn
3.100000000000000e+03,12,-5.562658861645883e-07,5.289613968877732e-07,7.676144185122756e-07,2.381349340552415e+00,vn
3.100000000000000e+03,13,7.808584982500581e-22,-7.940933880509066e-23,7.848858753849490e-22,-1.013465032656678e-01,vn
3.100000000000000e+03,14,-4.770531323588923e-07,4.438342927785058e-07,6.515892652120868e-07,2.392251494994682e+00,vn
3.100000000000000e+03,15,1.363193649487390e-21,5.360130369343619e-22,1.464789029780857e-21,3.746339613957596e-01,vn
3.100000000000000e+03,16,-3.670872281085141e-07,3.441601598787542e-07,5.031890784666951e-07,2.388418344258358e+00,vn
3.100000000000000e+03,17,1.508777437296722e-21,8.073282778517550e-22,1.711194992838264e-21,4.913222025672462e-01,vn
3.100000000000000e+03,18,-3.312502865592602e-07,3.113492163607676e-07,4.546043190226597e-07,2.387154226816344e+00,vn
3.100000000000000e+03,19,-7.543887186483612e-22,-2.117582368135751e-22,7.835457163958658e-22,-2.867933332507703e+00,vn
3.100000000000000e+03,20,-2.828009974626007e-07,2.698022237568765e-07,3.908575752240163e-07,2.379712950635216e+00,vn
3.100000000000000e+03,21,1.019086514665330e-21,-4.632211430296955e-23,1.020138746762531e-21,-4.542327942157701e-02,vn
3.100000000000000e+03,22,-2.712507187634388e-07,2.527371054510124e-07,3.707465399723082e-07,2.391511942879503e+00,vn
3.100000000000000e+03,23,-6.352747104407253e-22,-2.051407919131509e-21,2.147521457029246e-21,-1.871107671439622e+00,vn
3.100000000000000e+03,24,-2.208320684934763e-07,2.056643014563660e-07,3.017691292505620e-07,2.391743156861061e+00,vn
3.100000000000000e+03,25,-2.382280164152720e-21,8.735027268559972e-22,2.537373798702188e-21,2.790147859586241e+00,vn
3.100000000000000e+03,26,-1.936566013985713e-07,1.822051638704325e-07,2.658977265910641e-07,2.386652220407428e+00,vn
3.100000000000000e+03,27,1.852884572118782e-21,2.455072058057386e-21,3.075802342129600e-21,9.242831789176613e-01,vn
3.100000000000000e+03,28,-1.842391274452054e-07,1.724445610782234e-07,2.523513081543897e-07,2.389249745187753e+00,vn
3.100000000000000e+03,29,3.441071348220595e-22,-3.897675046349866e-21,3.912835351401063e-21,-1.482739404164035e+00,vn
3.100000000000000e+03,30,-1.604305789494141e-07,1.497077616504287e-07,2.194319588401511e-07,2.390755027652377e+00,vn
3.100000000000000e+03,31,-5.558653716356346e-22,-1.389663429089086e-21,1.496713318418481e-21,-1.951302703907261e+00,vn
3.100000000000000e+03,32,-1.466952119701412e-07,1.352606774355817e-07,1.995368038114702e-07,2.396726617817694e+00,vn
3.100000000000000e+03,33,4.499862532288471e-22,-8.668852819555730e-22,9.767178303717657e-22,-1.091998361919321e+00,vn
3.100000000000000e+03,34,-1.227571027649906e-07,1.151663977211068e-07,1.683229201365952e-07,2.388087645623305e+00,vn
3.100000000000000e+03,35,-1.588186776101813e-22,7.874759431504823e-22,8.033316459586217e-22,1.769807394124656e+00,vn
3.100000000000000e+03,36,-1.188364395500867e-07,1.114164921888404e-07,1.628979253907407e-07,2.388408544779078e+00,vn
3.100000000000000e+03,37,2.620508180567992e-21,4.566036981292713e-22,2.659990613060334e-21,1.725105076066769e-01,vn
3.100000000000000e+03,38,-1.081447970160005e-07,1.004538335003077e-07,1.476017269090694e-07,2.393047471316701e+00,vn
3.100000000000000e+03,39,7.954168770309914e-21,9.132073962585426e-22,8.006419210555667e-21,1.143081724584799e-01,vn
3.100000000000000e+03,40,-9.124559048331514e-08,8.522190769055015e-08,1.248540401151100e-07,2.390316041876860e+00,vn
3.150000000000000e+03,0,3.016630976359934e-08,1.789139448618500e-07,1.814392623187786e-07,1.403759449966569e+00,vn
3.150000000000000e+03,1,5.293955920339377e-23,4.797647552807561e-23,7.144465783209877e-23,7.362574289814281e-01,vn
3.150000000000000e+03,2,5.766507329321938e-08,8.621381169953155e-08,1.037211743361723e-07,9.812759714379411e-01,vn
3.150000000000000e+03,3,-5.831623318498845e-23,1.410342944402912e-22,1.526153834354738e-22,1.962877426028727e+00,vn
3.150000000000000e+03,4,-2.396806718193468e-08,2.636180949928658e-07,2.647054367634057e-07,1.661466694997459e+00,vn
3.150000000000000e+03,5,-8.974909646200350e-23,2.026592500754918e-23,9.200873889015987e-23,2.919510751684313e+00,vn
3.150000000000000e+03,6,-2.289231571065167e-08,1.547392539372649e-07,1.564234471799465e-07,1.717672202817185e+00,vn
3.150000000000000e+03,7,2.067951531382569e-24,-5.707546226615891e-23,5.711291286943677e-23,-1.534580284722485e+00,vn
3.150000000000000e+03,8,-7.156184511876264e-09,8.409069743859294e-08,8.439464658659932e-08,1.655692564273472e+00,vn
3.150000000000000e+03,9,7.858215819253763e-24,-1.158052857574239e-23,1.399500617918964e-23,-9.745971854974165e-01,vn
3.150000000000000e+03,10,-7.269029367738899e-09,6.527602769818896e-08,6.567951415779338e-08,1.681697744367177e+00,vn
3.150000000000000e+03,11,-3.722312756488625e-24,-5.211237859084074e-23,5.224514919733922e-23,-1.642103791580187e+00,vn
3.150000000000000e+03,12,-7.047582347901618e-09,6.460488698926550e-08,6.498815153430832e-08,1.679454123746476e+00,vn
3.150000000000000e+03,13,3.536197118664193e-23,-2.316105715148477e-23,4.227178224985597e-23,-5.798616707798041e-01,vn
3.150000000000000e+03,14,-6.028810480387158e-09,5.209098893710312e-08,5.243870406726148e-08,1.686019833677036e+00,vn
3.150000000000000e+03,15,8.189088064274974e-23,-4.466775307786349e-23,9.328089031237893e-23,-4.993467216801301e-01,vn
3.150000000000000e+03,16,-4.548843308173449e-09,4.099382684596001e-08,4.124543386750667e-08,1.681308332313766e+00,vn
3.150000000000000e+03,17,1.602662436821491e-22,-4.301339185275744e-23,1.659380027078332e-22,-2.622079133669390e-01,vn
3.150000000000000e+03,18,-3.458999634426059e-09,3.519622717957170e-08,3.536578977128860e-08,1.668759312529060e+00,vn
3.150000000000000e+03,19,-3.970466940254533e-23,2.564259898914386e-23,4.726524786017165e-23,2.568152127434964e+00,vn
3.150000000000000e+03,20,-3.879952867663121e-09,3.272983329792475e-08,3.295900517256599e-08,1.688790504150822e+00,vn
3.150000000000000e+03,21,5.686866711302065e-23,-3.143286327701505e-23,6.497745911470438e-23,-5.049346746937406e-01,vn
3.150000000000000e+03,22,-3.373352538644990e-09,2.996423801017441e-08,3.015352494950405e-08,1.682903584199755e+00,vn
3.150000000000000e+03,23,-1.685380498076794e-22,-3.970466940254533e-23,1.731517687040512e-22,-2.910228444719805e+00,vn
3.150000000000000e+03,24,-2.858091749681527e-09,2.408336438785326e-08,2.425236336293262e-08,1.688918795737909e+00,vn
3.150000000000000e+03,25,-7.548023089546378e-23,1.919059021123024e-22,2.062162469874018e-22,1.945529956114923e+00,vn
3.150000000000000e+03,26,-2.490868211749388e-09,2.173280008700946e-08,2.187507769289568e-08,1.684911696699608e+00,vn
3.150000000000000e+03,27,1.282129949457193e-22,2.646977960169689e-23,1.309168488205909e-22,2.035912674358148e-01,vn
3.150000000000000e+03,28,-2.430655699147902e-09,2.047986264287399e-08,2.062359961303520e-08,1.688928873190347e+00,vn
3.150000000000000e+03,29,-2.245795363081470e-22,-1.720535674110298e-22,2.829105833779360e-22,-2.487857983921994e+00,vn
3.150000000000000e+03,30,-2.381609091513379e-09,1.845264644361612e-08,1.860570403499630e-08,1.699152734398508e+00,vn
3.150000000000000e+03,31,-7.527343574232552e-23,-2.067951531382569e-23,7.806236277533982e-23,-2.873481870519966e+00,vn
3.150000000000000e+03,32,-1.848340904144194e-09,1.593280976361500e-08,1.603966305947473e-08,1.686288547667613e+00,vn
3.150000000000000e+03,33,-4.301339185275744e-23,-4.632211430296955e-23,6.321305365330990e-23,-2.319174374318415e+00,vn
3.150000000000000e+03,34,-1.692822923304738e-09,1.384212507485218e-08,1.394525281368242e-08,1.692487072921688e+00,vn
3.150000000000000e+03,35,9.512577044359818e-24,6.617444900424221e-24,1.158791176334338e-23,6.078019961139605e-01,vn
3.150000000000000e+03,36,-1.592256952471801e-09,1.352754945146063e-08,1.362093522355963e-08,1.687961983764180e+00,vn
3.150000000000000e+03,37,-1.571643163850753e-23,-7.692779696743157e-23,7.851682730287983e-23,-1.772324094530230e+00,vn
3.150000000000000e+03,38,-1.449061481553053e-09,1.201273261911827e-08,1.209981504634467e-08,1.690843436222673e+00,vn
3.150000000000000e+03,39,3.635458792170557e-22,-3.151558133827035e-22,4.811328226224184e-22,-7.142206193597705e-01,vn
3.150000000000000e+03,40,-1.210722243651566e-09,1.025911209379150e-08,1.033030635093905e-08,1.688267313480440e+00,vn
3.200000000000000e+03,0,8.438442786367750e-07,1.183342410428906e-06,1.453400298234355e-06,9.513308445679355e-01,vn
3.200000000000000e+03,1,-3.333537868588702e-22,1.038938849366603e-21,1.091108922122970e-21,1.881279077094259e+00,vn
3.200000000000000e+03,2,2.102277747741712e-06,1.829318354852094e-06,2.786750324670069e-06,7.160822714115553e-01,vn
3.200000000000000e+03,3,-1.608452701109362e-21,-7.279189390466644e-22,1.765498817198365e-21,-2.716613116473182e+00,vn
3.200000000000000e+03,4,-2.151361662975446e-06,-7.791916910021182e-07,2.288120778334749e-06,-2.794103793196695e+00,vn
3.200000000000000e+03,5,-3.742992271802450e-22,-9.198248411589668e-22,9.930647762763751e-22,-1.957257776589679e+00,vn
3.200000000000000e+03,6,-9.513694489241578e-07,-4.115465882656450e-07,1.036568580779558e-06,-2.733316410185358e+00,vn
3.200000000000000e+03,7,2.820685888805824e-22,-2.911675756186657e-22,4.053902390595196e-22,-8.012698463892384e-01,vn
3.200000000000000e+03,8,-5.545866883601854e-07,-2.165107756855065e-07,5.953514179829061e-07,-2.769389227279792e+00,vn
3.200000000000000e+03,9,-1.943874439499615e-22,-1.191140082076360e-22,2.279794405570121e-22,-2.591839261352953e+00,vn
3.200000000000000e+03,10,-5.499969505383327e-07,-2.294443745270928e-07,5.959373848011165e-07,-2.746369410311665e+00,vn
3.200000000000000e+03,11,1.149781051448708e-21,-7.676236084492097e-22,1.382476933087523e-21,-5.886663936923585e-01,vn
3.200000000000000e+03,12,-4.446334714239419e-07,-1.877672380414299e-07,4.826545965721370e-07,-2.742013970350675e+00,vn
3.200000000000000e+03,13,-1.621274000603934e-22,3.970466940254533e-23,1.669184070817484e-22,2.901421645729620e+00,vn
3.200000000000000e+03,14,-4.114674714315997e-07,-1.843507711912204e-07,4.508776850600527e-07,-2.720376164293522e+00,vn
3.200000000000000e+03,15,1.885971796620903e-22,1.852884572118782e-22,2.643874213204040e-22,7.765488368811906e-01,vn
3.200000000000000e+03,16,-3.026546657761861e-07,-1.334271264721560e-07,3.307607062435192e-07,-2.726368844033802e+00,vn
3.200000000000000e+03,17,6.121136532892405e-22,6.021874859386041e-22,8.586692569110396e-22,7.772239585416517e-01,vn
3.200000000000000e+03,18,-2.786920515133706e-07,-1.219936114630947e-07,3.042231102571593e-07,-2.728983940351186e+00,vn
3.200000000000000e+03,19,-1.985233470127266e-23,-3.044024654195142e-22,3.050491372657361e-22,-1.635921490129282e+00,vn
3.200000000000000e+03,20,-2.585689098025180e-07,-1.163246634410456e-07,2.835300838379151e-07,-2.718839545909289e+00,vn
3.200000000000000e+03,21,-2.878588531684536e-22,1.025703959565754e-21,1.065331559664091e-21,1.844403187484631e+00,vn
3.200000000000000e+03,22,-2.203386713513483e-07,-9.859705733945524e-08,2.413928536822855e-07,-2.720836681895423e+00,vn
3.200000000000000e+03,23,-1.323488980084844e-23,-1.435985543392056e-21,1.436046532372478e-21,-1.580012655700582e+00,vn
3.200000000000000e+03,24,-1.953457867851040e-07,-8.853196676907084e-08,2.144711765125822e-07,-2.716075459062989e+00,vn
3.200000000000000e+03,25,-1.568334441400540e-21,-8.205631676526035e-22,1.770027353514973e-21,-2.659552470028626e+00,vn
3.200000000000000e+03,26,-1.648270033712796e-07,-7.278201004497266e-08,1.801809147122478e-07,-2.725774491287182e+00,vn
3.200000000000000e+03,27,6.617444900424221e-24,-2.911675756186657e-22,2.912427641481614e-22,-1.548072965953255e+00,vn
3.200000000000000e+03,28,-1.622851609577318e-07,-7.270041715972634e-08,1.778252628910616e-07,-2.720420288358699e+00,vn
3.200000000000000e+03,29,9.264422860593910e-23,-2.726387298974779e-21,2.727960897282984e-21,-1.536828814116474e+00,vn
3.200000000000000e+03,30,-1.410500974739241e-07,-6.376630400088794e-08,1.547942877606831e-07,-2.717008131809854e+00,vn
3.200000000000000e+03,31,-8.106370003019671e-22,1.654361225106055e-23,8.108057950982374e-22,3.121187322903255e+00,vn
3.200000000000000e+03,32,-1.217256250860491e-07,-5.411532400960369e-08,1.332125973594606e-07,-2.723265110157258e+00,vn
3.200000000000000e+03,33,-1.058791184067875e-22,-6.352747104407253e-22,6.440375341858158e-22,-1.735945004209523e+00,vn
3.200000000000000e+03,34,-1.126750161982931e-07,-5.051104707809461e-08,1.234788449581996e-07,-2.720161940033786e+00,vn
3.200000000000000e+03,35,7.543887186483612e-22,1.158052857574239e-22,7.632255256693626e-22,1.523197305166269e-01,vn
3.200000000000000e+03,36,-1.015283804281877e-07,-4.505463824114178e-08,1.110762461528609e-07,-2.723936689884614e+00,vn
3.200000000000000e+03,37,2.183756817139993e-22,-2.991085094991748e-21,2.999046179011895e-21,-1.497916783443045e+00,vn
3.200000000000000e+03,38,-9.528004519237536e-08,-4.319526172322294e-08,1.046141369375995e-07,-2.715955896473352e+00,vn
3.200000000000000e+03,39,2.153978315088084e-21,4.632211430296955e-22,2.203224094190021e-21,2.118275474814175e-01,vn
3.200000000000000e+03,40,-7.868097339770216e-08,-3.530287987342592e-08,8.623797830519600e-08,-2.719833800994101e+00,vn
3.250000000000000e+03,0,4.940919960651276e-08,-1.644709953776407e-07,1.717322838789147e-07,-1.278960818680986e+00,vn
3.250000000000000e+03,1,3.572386270463388e-23,-3.184645358329157e-23,4.785802934066838e-23,-7.280777034709883e-01,vn
3.250000000000000e+03,2,3.628163183098155e-08,-1.636259688459269e-07,1.676001625568637e-07,-1.352591561973124e+00,vn
3.250000000000000e+03,3,4.621871672640042e-23,1.033975765691285e-23,4.736116937153193e-23,2.200897358248563e-01,vn
3.250000000000000e+03,4,5.184110207871900e-08,-8.015193537476951e-08,9.545591971720450e-08,-9.966842465315717e-01,vn
3.250000000000000e+03,5,-6.617444900424221e-24,2.316105715148477e-23,2.408786303067365e-23,1.849095985800008e+00,vn
3.250000000000000e+03,6,2.360926194080704e-08,-2.973154084526947e-08,3.796527058277824e-08,-8.996747544995631e-01,vn
3.250000000000000e+03,7,-3.722312756488625e-23,4.177262093392790e-23,5.595098824329580e-23,2.298666413943837e+00,vn
3.250000000000000e+03,8,1.792945905910657e-08,-2.230927401553653e-08,2.862113221471981e-08,-8.938170939819732e-01,vn
3.250000000000000e+03,9,-2.833093597994120e-23,1.240770918829542e-24,2.835809313004913e-23,3.097825001794539e+00,vn
3.250000000000000e+03,10,1.209613581816871e-08,-1.534532706485249e-08,1.953958966966498e-08,-9.032538909094431e-01,vn
3.250000000000000e+03,11,-5.480071558163808e-23,4.135903062765138e-25,5.480227627755107e-23,3.134045627068600e+00,vn
3.250000000000000e+03,12,1.136146216783266e-08,-1.460122775376498e-08,1.850077497048190e-08,-9.095418895171457e-01,vn
3.250000000000000e+03,13,-2.977850205190900e-23,1.406207041340147e-23,3.293176291617273e-23,2.700413173174812e+00,vn
3.250000000000000e+03,14,9.778678684401064e-09,-1.131575754609321e-08,1.495556503963408e-08,-8.581361634782994e-01,vn
3.250000000000000e+03,15,-3.432799542095065e-23,0.000000000000000e+00,3.432799542095065e-23,3.141592653589793e+00,vn
3.250000000000000e+03,16,7.575663389240241e-09,-8.762393666837923e-09,1.158318689134024e-08,-8.579067732033554e-01,vn
3.250000000000000e+03,17,-7.485984543604900e-23,-1.943874439499615e-23,7.734249312223612e-23,-2.887535121887120e+00,vn
3.250000000000000e+03,18,6.836365383749622e-09,-8.063044849648717e-09,1.057112027684752e-08,-8.675436338182195e-01,vn
3.250000000000000e+03,19,4.549493369041652e-24,-2.895132143935597e-24,5.392557838892699e-24,-5.667292175235064e-01,vn
3.250000000000000e+03,20,5.864501084693304e-09,-6.944870392418606e-09,9.089752347553893e-09,-8.695411223471388e-01,vn
3.250000000000000e+03,21,-2.067951531382569e-24,7.031035206700735e-24,7.328838899444629e-24,1.856847768512215e+00,vn
3.250000000000000e+03,22,5.590527989060385e-09,-6.378609541342494e-09,8.481784180075148e-09,-8.511460632361452e-01,vn
3.250000000000000e+03,23,2.357464745776129e-23,7.527343574232552e-23,7.887873053752665e-23,1.267285872014203e+00,vn
3.250000000000000e+03,24,4.582398493557271e-09,-4.981938207931201e-09,6.768905691572360e-09,-8.271477967527842e-01,vn
3.250000000000000e+03,25,6.079777502264753e-23,-3.226004388956808e-23,6.882644752899370e-23,-4.878364386596424e-01,vn
3.250000000000000e+03,26,4.014373854358317e-09,-4.589566167086009e-09,6.097484320981581e-09,-8.521510365484857e-01,vn
3.250000000000000e+03,27,-9.595295105615121e-23,-4.053185001509836e-23,1.041623717185365e-22,-2.741914584400825e+00,vn
3.250000000000000e+03,28,3.808173972264807e-09,-4.306780248958228e-09,5.748960350867955e-09,-8.467639123039905e-01,vn
3.250000000000000e+03,29,-1.447566071967798e-23,1.741215189424123e-22,1.747222026878212e-22,1.653740979169456e+00,vn
3.250000000000000e+03,30,3.318672423772467e-09,-3.657635712785685e-09,4.938814196115609e-09,-8.339477574292025e-01,vn
3.250000000000000e+03,31,5.087160767201120e-23,4.673570460924606e-23,6.908072489817787e-23,7.430506143768725e-01,vn
3.250000000000000e+03,32,3.026712860737797e-09,-3.288487269700851e-09,4.469355575957248e-09,-8.268259295472616e-01,vn
3.250000000000000e+03,33,-5.790264287871194e-24,4.301339185275744e-23,4.340137139771342e-23,1.704607304269487e+00,vn
3.250000000000000e+03,34,2.545242392465381e-09,-2.828506829392684e-09,3.805089975325675e-09,-8.380620485683117e-01,vn
3.250000000000000e+03,35,-8.685396431806791e-24,-3.598235664605670e-23,3.701575476714831e-23,-1.807645087741817e+00,vn
3.250000000000000e+03,36,2.450504903099763e-09,-2.820816311276013e-09,3.736573154921070e-09,-8.555331479727388e-01,vn
3.250000000000000e+03,37,-1.464109684218859e-22,6.658803931051873e-23,1.608419679482120e-22,2.714752349229697e+00,vn
3.250000000000000e+03,38,2.232279374657176e-09,-2.455558137488417e-09,3.318559472588282e-09,-8.329915689881059e-01,vn
3.250000000000000e+03,39,-2.754511439801582e-22,3.308722450212111e-23,2.774312476006112e-22,3.022045314309723e+00,vn
3.250000000000000e+03,40,1.888507572622574e-09,-2.098992860201315e-09,2.823514101085543e-09,-8.381354907617526e-01,vn
3.300000000000000e+03,0,6.078020016538892e-09,4.454668172189685e-07,4.455082800246471e-07,1.557153014529841e+00,vn
3.300000000000000e+03,1,-1.281612961574347e-22,2.944762980688779e-22,3.211566719797430e-22,1.981289525675114e+00,vn
3.300000000000000e+03,2,3.814184981522222e-07,5.372504749570647e-07,6.588764251164920e-07,9.534267431814653e-01,vn
3.300000000000000e+03,3,-5.114044137109094e-22,-5.062345348824529e-22,7.195886871474929e-22,-2.361274714725425e+00,vn
3.300000000000000e+03,4,-6.892525929702937e-07,9.348493449294402e-08,6.955634909146852e-07,3.006782966647326e+00,vn
3.300000000000000e+03,5,-2.979918156722282e-22,-3.209460776705747e-22,4.379560559916461e-22,-2.319124944002843e+00,vn
3.300000000000000e+03,6,-4.213157489125145e-07,1.612021222268330e-08,4.216240286366721e-07,3.103349714003619e+00,vn
3.300000000000000e+03,7,1.195275985139125e-22,-1.985233470127266e-22,2.317290791325908e-22,-1.028846371643327e+00,vn
3.300000000000000e+03,8,-2.167259380217950e-07,3.251303933461541e-08,2.191511577386740e-07,2.992683984964192e+00,vn
3.300000000000000e+03,9,-2.812414082680294e-23,1.323488980084844e-23,3.108262545677965e-23,2.701750070774057e+00,vn
3.300000000000000e+03,10,-1.865974787987088e-07,1.044099059417532e-08,1.868893613307677e-07,3.085696322874351e+00,vn
3.300000000000000e+03,11,3.399712317592944e-22,-2.200300429391054e-22,4.049613045955334e-22,-5.744057078097878e-01,vn
3.300000000000000e+03,12,-1.746770959092374e-07,1.525681505254327e-08,1.753421177037406e-07,3.054470786996353e+00,vn
3.300000000000000e+03,13,1.290401755582723e-22,-6.617444900424221e-24,1.292097422221710e-22,-5.123716740341881e-02,vn
3.300000000000000e+03,14,-1.497042052953991e-07,6.977292742911944e-09,1.498667131058371e-07,3.095019164169653e+00,vn
3.300000000000000e+03,15,1.910787214997494e-22,9.760731228125727e-23,2.145652936072133e-22,4.722680851129424e-01,vn
3.300000000000000e+03,16,-1.159497182328572e-07,6.984268985496513e-09,1.161598776322562e-07,3.081430020695899e+00,vn
3.300000000000000e+03,17,3.300450644086580e-22,2.547716286663325e-22,4.169392369564309e-22,6.573891047242515e-01,vn
3.300000000000000e+03,18,-9.942747064027558e-08,7.535084585462782e-09,9.971258404851888e-08,3.065952505436210e+00,vn
3.300000000000000e+03,19,-2.067951531382569e-23,-7.444625512977249e-23,7.726504550223166e-23,-1.841743177133317e+00,vn
3.300000000000000e+03,20,-9.457928968933870e-08,3.772557650577791e-09,9.465449925580284e-08,3.101726010332643e+00,vn
3.300000000000000e+03,21,1.819797347616661e-23,2.795870470429234e-22,2.801786628435883e-22,1.505799253635294e+00,vn
3.300000000000000e+03,22,-8.436812013420390e-08,5.184466474320848e-09,8.452726416726629e-08,3.080219288803967e+00,vn
3.300000000000000e+03,23,-1.348304398461435e-22,-5.343586757092559e-22,5.511065612155731e-22,-1.817959187394844e+00,vn
3.300000000000000e+03,24,-7.034378674133282e-08,2.529182360704652e-09,7.038923992006031e-08,3.105653539846333e+00,vn
3.300000000000000e+03,25,-5.823351512373315e-22,-6.286572655403010e-23,5.857186423034286e-22,-3.034054573891205e+00,vn
3.300000000000000e+03,26,-6.151556899582919e-08,3.504473825709677e-09,6.161531113023537e-08,3.084685271529958e+00,vn
3.300000000000000e+03,27,1.588186776101813e-22,9.098986738083304e-23,1.830369589012784e-22,5.202671900100465e-01,vn
3.300000000000000e+03,28,-5.872026780502370e-08,2.681486407805029e-09,5.878146153719679e-08,3.095958924264051e+00,vn
3.300000000000000e+03,29,4.135903062765138e-23,-1.004197263639376e-21,1.005048612612976e-21,-1.529633429698851e+00,vn
3.300000000000000e+03,30,-5.320325075392981e-08,1.652638403852439e-09,5.322891229848137e-08,3.110539904970413e+00,vn
3.300000000000000e+03,31,-2.117582368135751e-22,-8.437242248040882e-23,2.279479250478204e-22,-2.762433984556351e+00,vn
3.300000000000000e+03,32,-4.522519620159280e-08,2.473350494203078e-09,4.529277905074647e-08,3.086957423205280e+00,vn
3.300000000000000e+03,33,4.963083675318166e-24,-2.382280164152720e-22,2.382797095950961e-22,-1.549966006758680e+00,vn
3.300000000000000e+03,34,-4.026474810767573e-08,1.368588326730619e-09,4.028800037458598e-08,3.107615993817039e+00,vn
3.300000000000000e+03,35,1.637817612854995e-22,4.797647552807561e-23,1.706640194472062e-22,2.849573502501542e-01,vn
3.300000000000000e+03,36,-3.821405747151736e-08,2.061573678695974e-09,3.826962600377908e-08,3.087696854382114e+00,vn
3.300000000000000e+03,37,1.571643163850753e-22,-7.411538288475128e-22,7.576342259693106e-22,-1.361838113097222e+00,vn
3.300000000000000e+03,38,-3.479062431455935e-08,1.309684880980680e-09,3.481526697706450e-08,3.103965655844824e+00,vn
3.300000000000000e+03,39,1.153089773898921e-21,1.885971796620903e-22,1.168411281547195e-21,1.621226158877570e-01,vn
3.300000000000000e+03,40,-2.946555976755169e-08,1.316060196164559e-09,2.949493561367934e-08,3.096957964332548e+00,vn
3.350000000000000e+03,0,-1.239223980931334e-07,3.618235003409887e-09,1.239752087059866e-07,3.112403359289626e+00,vn
3.350000000000000e+03,1,-5.583469134732937e-23,-8.633697643522226e-24,5.649826097192106e-23,-2.988178054716397e+00,vn
3.350000000000000e+03,2,-1.193860323810861e-07,1.978369256614970e-08,1.210141281803479e-07,2.977373030505484e+00,vn
3.350000000000000e+03,3,7.031035206700735e-24,-3.257023661927546e-23,3.332050073923646e-23,-1.358185872932906e+00,vn
3.350000000000000e+03,4,-6.611152896679650e-08,-3.160145817200502e-08,7.327609720041424e-08,-2.695697619917363e+00,vn
3.350000000000000e+03,5,4.756288522179909e-23,-2.900302022764053e-23,5.570819717911324e-23,-5.475815614786945e-01,vn
3.350000000000000e+03,6,-1.366050907577575e-08,-1.446632387759155e-08,1.989683479201471e-08,-2.327552998807098e+00,vn
3.350000000000000e+03,7,2.688336990797340e-23,2.104140683181764e-23,3.413878115971617e-23,6.640980139103259e-01,vn
3.350000000000000e+03,8,-1.154223776724211e-08,-8.624593875124900e-09,1.440856940110267e-08,-2.499872955088294e+00,vn
3.350000000000000e+03,9,1.530284133223101e-23,2.171349107951698e-24,1.545612208117031e-23,1.409509810926707e-01,vn
3.350000000000000e+03,10,-1.011064320569153e-08,-7.900341697978408e-09,1.283123162356649e-08,-2.478303576499800e+00,vn
3.350000000000000e+03,11,1.075334796318936e-23,5.040631857745012e-23,5.154058056472416e-23,1.360613740132727e+00,vn
3.350000000000000e+03,12,-7.324213380781468e-09,-6.707081539932514e-09,9.931215657235613e-09,-2.400148691570641e+00,vn
3.350000000000000e+03,13,2.067951531382569e-23,4.549493369041652e-24,2.117404646093196e-23,2.165503049760893e-01,vn
3.350000000000000e+03,14,-5.210007107441205e-09,-6.063345943021647e-09,7.994269077554553e-09,-2.280643356320943e+00,vn
3.350000000000000e+03,15,1.033975765691285e-23,2.522900868286734e-23,2.726560961218149e-23,1.181839446615890e+00,vn
3.350000000000000e+03,16,-3.685205685500118e-09,-4.505850601622824e-09,5.820947567929741e-09,-2.256339778844577e+00,vn
3.350000000000000e+03,17,-6.617444900424221e-24,4.632211430296955e-23,4.679240163218305e-23,1.712693381399061e+00,vn
3.350000000000000e+03,18,-3.939890611293905e-09,-4.129454315025854e-09,5.707462743535652e-09,-2.332706977174082e+00,vn
3.350000000000000e+03,19,-2.067951531382569e-24,-7.031035206700735e-24,7.328838899444629e-24,-1.856847768512215e+00,vn
3.350000000000000e+03,20,-3.223946740576748e-09,-3.805821097243639e-09,4.987795786747911e-09,-2.273609840130018e+00,vn
3.350000000000000e+03,21,6.203854594147708e-24,-1.054655281005110e-23,1.223591386045703e-23,-1.039072259536091e+00,vn
3.350000000000000e+03,22,-2.638970690310603e-09,-3.314758944826996e-09,4.236955648414201e-09,-2.243171512623045e+00,vn
3.350000000000000e+03,23,5.252596889711726e-23,-2.150669592637872e-23,5.675839478218746e-23,-3.886252785552599e-01,vn
3.350000000000000e+03,24,-2.252961239084223e-09,-2.873209187392805e-09,3.651186845305830e-09,-2.235783466855965e+00,vn
3.350000000000000e+03,25,-2.771055052052643e-23,-4.053185001509836e-23,4.909893558721081e-23,-2.170480641932701e+00,vn
3.350000000000000e+03,26,-2.180367710340004e-09,-2.452829755541995e-09,3.281825279012506e-09,-2.297455655729257e+00,vn
3.350000000000000e+03,27,-3.308722450212111e-24,8.375203702099405e-23,8.381736901990241e-23,1.610281965935262e+00,vn
3.350000000000000e+03,28,-2.127644550560908e-09,-2.398031781776463e-09,3.205842753464606e-09,-2.296520270386765e+00,vn
3.350000000000000e+03,29,1.286265852519958e-22,-2.067951531382569e-24,1.286432075825424e-22,-1.607578544839053e-02,vn
3.350000000000000e+03,30,-1.639314956473108e-09,-2.086265718631017e-09,2.653273106043066e-09,-2.236797030725100e+00,vn
3.350000000000000e+03,31,1.613002194478404e-23,-3.846389848371579e-23,4.170910085946242e-23,-1.173716881569914e+00,vn
3.350000000000000e+03,32,-1.529503320831833e-09,-1.809239666750013e-09,2.369119790170455e-09,-2.272604793359032e+00,vn
3.350000000000000e+03,33,2.977850205190900e-23,1.861156378244312e-24,2.983660650140743e-23,6.241880999595735e-02,vn
3.350000000000000e+03,34,-1.435335831198681e-09,-1.644442416888899e-09,2.182745933631813e-09,-2.288401899017731e+00,vn
3.350000000000000e+03,35,-2.171349107951698e-23,2.336785230462303e-23,3.189878079474103e-23,2.319513702435693e+00,vn
3.350000000000000e+03,36,-1.321873587300586e-09,-1.508873839938098e-09,2.006003500907329e-09,-2.290229953943832e+00,vn
3.350000000000000e+03,37,7.527343574232552e-23,9.388499952476864e-23,1.203348796659548e-22,8.949818476783332e-01,vn
3.350000000000000e+03,38,-1.105853285854874e-09,-1.402481038859709e-09,1.786019192001315e-09,-2.238484307318792e+00,vn
3.350000000000000e+03,39,5.976379925695625e-23,1.782574220051775e-22,1.880090960606898e-22,1.247306643716845e+00,vn
3.350000000000000e+03,40,-9.091130543339034e-10,-1.163015663948147e-09,1.476174779675181e-09,-2.234270006323802e+00,vn
3.400000000000000e+03,0,7.007679813754052e-08,3.011912041939641e-07,3.092359926027690e-07,1.342197850481907e+00,vn
3.400000000000000e+03,1,-1.096014311632762e-23,-2.675929281609045e-22,2.678172883494592e-22,-1.611731715166285e+00,vn
3.400000000000000e+03,2,-2.539320758821273e-07,3.778264782328070e-07,4.552299933172377e-07,2.162541743574925e+00,vn
3.400000000000000e+03,3,2.673602836136239e-22,-2.737967827550522e-22,3.826828967970409e-22,-7.972915600680899e-01,vn
3.400000000000000e+03,4,7.108092781332376e-07,-2.112554834372709e-08,7.111231388958718e-07,-2.971167118904005e-02,vn
3.400000000000000e+03,5,5.810943803185019e-23,6.741521992307176e-23,8.900291380428828e-23,8.593978843492034e-01,vn
3.400000000000000e+03,6,3.626910946155240e-07,-3.790785339965274e-08,3.646667457594352e-07,-1.041401778399959e-01,vn
3.400000000000000e+03,7,-8.390713338584774e-23,5.790264287871194e-24,8.410668340598054e-23,3.072693872943697e+00,vn
3.400000000000000e+03,8,2.550716231643910e-07,-3.437635830069432e-08,2.573776737670437e-07,-1.339642072193389e-01,vn
3.400000000000000e+03,9,3.949787424940707e-23,-1.178732372888064e-22,1.243148508391706e-22,-1.247467656927686e+00,vn
3.400000000000000e+03,10,1.871901183402933e-07,-1.812798704875947e-08,1.880658510168526e-07,-9.654159568131841e-02,vn
3.400000000000000e+03,11,-2.016252743098005e-24,2.386416067215485e-22,2.386501241017198e-22,1.579244999250426e+00,vn
3.400000000000000e+03,12,1.703883051493546e-07,-1.689172478196167e-08,1.712235524038066e-07,-9.881377189222501e-02,vn
3.400000000000000e+03,13,-9.636654136242772e-23,-1.774302413926244e-22,2.019108735427626e-22,-2.068344783289006e+00,vn
3.400000000000000e+03,14,1.532621386275836e-07,-2.094487681608866e-08,1.546866865685013e-07,-1.358191230442637e-01,vn
3.400000000000000e+03,15,-3.903258515484599e-23,-1.943874439499615e-22,1.982675492088146e-22,-1.768958953740561e+00,vn
3.400000000000000e+03,16,1.184106589617705e-07,-1.461396595098942e-08,1.193090615023746e-07,-1.227966918868738e-01,vn
3.400000000000000e+03,17,1.178732372888064e-23,-1.298673561708253e-22,1.304011932441166e-22,-1.480280014611112e+00,vn
3.400000000000000e+03,18,1.057541857334368e-07,-1.257522289933085e-08,1.064992208004834e-07,-1.183541927371862e-01,vn
3.400000000000000e+03,19,4.528813853727827e-23,1.732943383298593e-22,1.791143299386050e-22,1.315176788348806e+00,vn
3.400000000000000e+03,20,9.278104578286972e-08,-1.053837171448872e-08,9.337761902595131e-08,-1.130985340835073e-01,vn
3.400000000000000e+03,21,-2.451556540454036e-22,-3.333537868588702e-22,4.137946857121036e-22,-2.204901940158800e+00,vn
3.400000000000000e+03,22,8.709102994729266e-08,-1.105925766337589e-08,8.779040196596188e-08,-1.263090126735010e-01,vn
3.400000000000000e+03,23,1.790846026177305e-22,2.820685888805824e-22,3.341167217123882e-22,1.005111445737828e+00,vn
3.400000000000000e+03,24,7.341796132426840e-08,-9.926020097923274e-09,7.408591580048227e-08,-1.343839622287571e-01,vn
3.400000000000000e+03,25,5.846098979218523e-22,6.493367808541267e-23,5.882049942816693e-22,1.106183967766639e-01,vn
3.400000000000000e+03,26,6.303874455571277e-08,-7.422059213076150e-09,6.347417016490105e-08,-1.171984981439122e-01,vn
3.400000000000000e+03,27,3.858797557559874e-22,-2.700744699985635e-22,4.710025533341677e-22,-6.106540271186327e-01,vn
3.400000000000000e+03,28,6.020380925545955e-08,-7.659334606612280e-09,6.068907690419921e-08,-1.265436072435279e-01,vn
3.400000000000000e+03,29,3.631322889107791e-22,3.283907031835520e-22,4.895972969563551e-22,7.352011326722797e-01,vn
3.400000000000000e+03,30,5.310448389005394e-08,-7.037095920017724e-09,5.356871221353496e-08,-1.317465785914904e-01,vn
3.400000000000000e+03,31,-1.187004179013595e-22,-2.626298444855863e-23,1.215711049637315e-22,-2.923846216679252e+00,vn
3.400000000000000e+03,32,4.785220235133253e-08,-6.598841140228395e-09,4.830505122931602e-08,-1.370361792166605e-01,vn
3.400000000000000e+03,33,1.654361225106055e-24,3.991146455568359e-23,3.994573711978190e-23,1.529369264934351e+00,vn
3.400000000000000e+03,34,4.087905327861657e-08,-5.310292804185254e-09,4.122252062431595e-08,-1.291791613645249e-01,vn
3.400000000000000e+03,35,-1.096014311632762e-23,1.011228298846076e-22,1.017150503170582e-22,1.678759347033653e+00,vn
3.400000000000000e+03,36,3.848027299843248e-08,-4.764277305703207e-09,3.877408604054427e-08,-1.231840194364476e-01,vn
3.400000000000000e+03,37,6.017738956323276e-22,1.631613758260847e-22,6.235009671411652e-22,2.647685001913188e-01,vn
3.400000000000000e+03,38,3.566959131477810e-08,-4.954040205025705e-09,3.601197382699682e-08,-1.380041065974267e-01,vn
3.400000000000000e+03,39,-5.430440721410627e-22,-4.274455815367771e-22,6.910908691791993e-22,-2.474749481541326e+00,vn
3.400000000000000e+03,40,3.006114337549491e-08,-3.937604816767997e-09,3.031793318706102e-08,-1.302450147638176e-01,vn
3.450000000000000e+03,0,1.463851980156354e-07,-1.914368975652328e-08,1.476316600718518e-07,-1.300381600443570e-01,vn
3.450000000000000e+03,1,9.926167350636332e-23,-3.391440511467413e-23,1.048955037242593e-22,-3.292317115838699e-01,vn
3.450000000000000e+03,2,8.357031545930988e-08,-1.090249674386895e-07,1.373697242880537e-07,-9.168031073445339e-01,vn
3.450000000000000e+03,3,9.843449289381029e-23,1.172528518293917e-22,1.530933723365805e-22,8.724261053088934e-01,vn
3.450000000000000e+03,4,2.051467808008131e-07,1.488610852934875e-07,2.534656276257036e-07,6.277223768456148e-01,vn
3.450000000000000e+03,5,-2.564259898914386e-23,6.265893140089185e-23,6.770291402310326e-23,1.959243546637177e+00,vn
3.450000000000000e+03,6,1.110195340076099e-07,9.347180037927063e-08,1.451286132966517e-07,6.997962415224597e-01,vn
3.450000000000000e+03,7,-6.369290716658313e-23,-4.921724644690515e-23,8.049300448577115e-23,-2.483704048407583e+00,vn
3.450000000000000e+03,8,6.550856134378454e-08,4.637532405858468e-08,8.026233419774886e-08,6.160267648932037e-01,vn
3.450000000000000e+03,9,8.271806125530277e-25,-2.750375536738817e-23,2.751619136208565e-23,-1.540730201745852e+00,vn
3.450000000000000e+03,10,5.039451341184252e-08,4.054133631236350e-08,6.467771588428690e-08,6.774661820212651e-01,vn
3.450000000000000e+03,11,-6.286572655403010e-23,-6.203854594147708e-25,6.286878759197078e-23,-3.131724552866254e+00,vn
3.450000000000000e+03,12,4.899761684070261e-08,3.766310933602243e-08,6.180029337248719e-08,6.553446524997085e-01,vn
3.450000000000000e+03,13,2.481541837659083e-24,-3.163965843015331e-23,3.173682459649711e-23,-1.492525186273619e+00,vn
3.450000000000000e+03,14,3.984048702604496e-08,3.254151957670546e-08,5.144137345399676e-08,6.848983634147103e-01,vn
3.450000000000000e+03,15,-1.654361225106055e-24,-6.596765385110396e-23,6.598839493185302e-23,-1.595869441215662e+00,vn
3.450000000000000e+03,16,3.135337886266145e-08,2.508579024190970e-08,4.015384462497555e-08,6.748009778330790e-01,vn
3.450000000000000e+03,17,1.158052857574239e-23,-1.505468714846510e-22,1.509916194889955e-22,-1.494024435525119e+00,vn
3.450000000000000e+03,18,2.744584499839455e-08,2.134974292079659e-08,3.477191295370451e-08,6.611106945631913e-01,vn
3.450000000000000e+03,19,-8.271806125530277e-24,4.776968037493735e-23,4.848056455634602e-23,1.742256280859624e+00,vn
3.450000000000000e+03,20,2.489800005880642e-08,2.056819236854286e-08,3.229490585584218e-08,6.904531240965259e-01,vn
3.450000000000000e+03,21,2.316105715148477e-23,-6.720842476993350e-23,7.108731904095241e-23,-1.238926522597295e+00,vn
3.450000000000000e+03,22,2.283691559645731e-08,1.829989652533478e-08,2.926449942844871e-08,6.755511505374033e-01,vn
3.450000000000000e+03,23,-9.595295105615121e-23,1.327624883147609e-22,1.638073475760815e-22,2.196622508708406e+00,vn
3.450000000000000e+03,24,1.842938555824211e-08,1.535930738161932e-08,2.399063515827391e-08,6.947858631255800e-01,vn
3.450000000000000e+03,25,1.315217173959314e-22,1.619206049072552e-22,2.086054755760420e-22,8.886240304304001e-01,vn
3.450000000000000e+03,26,1.657198920099749e-08,1.337628652977586e-08,2.129685111476907e-08,6.790930244808729e-01,vn
3.450000000000000e+03,27,4.135903062765138e-23,-8.623357885865314e-23,9.563890179853883e-23,-1.123588242465820e+00,vn
3.450000000000000e+03,28,1.560549341333374e-08,1.281366406286160e-08,2.019211260342695e-08,6.874747806875988e-01,vn
3.450000000000000e+03,29,-2.597347123416507e-22,1.538555939348631e-22,3.018835281698051e-22,2.606812191291358e+00,vn
3.450000000000000e+03,30,1.386177315377505e-08,1.168676728209613e-08,1.813089309638638e-08,7.004706446866346e-01,vn
3.450000000000000e+03,31,-1.323488980084844e-23,6.369290716658313e-23,6.505342982019918e-23,1.775673043832005e+00,vn
3.450000000000000e+03,32,1.217021324019188e-08,9.857603572424841e-09,1.566162311201571e-08,6.807954747189476e-01,vn
3.450000000000000e+03,33,-7.444625512977249e-23,3.453479057408891e-23,8.206641616912095e-23,2.707248942387807e+00,vn
3.450000000000000e+03,34,1.054868634699913e-08,8.803438725438987e-09,1.373955301456073e-08,6.954576974947230e-01,vn
3.450000000000000e+03,35,-1.654361225106055e-24,-3.722312756488625e-23,3.725987301071930e-23,-1.615211542041807e+00,vn
3.450000000000000e+03,36,1.027013343343471e-08,8.314297335276601e-09,1.321374969189068e-08,6.805435644940464e-01,vn
3.450000000000000e+03,37,-1.497196908720980e-22,4.363377731217221e-23,1.559483643946445e-22,2.858010712203031e+00,vn
3.450000000000000e+03,38,9.151988001817524e-09,7.592674059287430e-09,1.189149207441977e-08,6.925429096190293e-01,vn
3.450000000000000e+03,39,-1.588186776101813e-22,-4.152446675016199e-22,4.445801460326108e-22,-1.936100005165825e+00,vn
3.450000000000000e+03,40,7.815725783686432e-09,6.413991876802298e-09,1.011063110401456e-08,6.872074513879335e-01,vn
3.500000000000000e+03,0,-1.342694685881977e-07,5.083639990417990e-07,5.257967722578061e-07,1.829020300080996e+00,vn
3.500000000000000e+03,1,-1.035630126916391e-21,7.940933880509066e-23,1.038670112627836e-21,3.065065081885151e+00,vn
3.500000000000000e+03,2,9.945190039826204e-08,2.068423051724179e-06,2.070812546175243e-06,1.522752301514178e+00,vn
3.500000000000000e+03,3,7.808584982500581e-22,-1.207683694327420e-21,1.438137649821345e-21,-9.968323669626341e-01,vn
3.500000000000000e+03,4,-5.179194383123541e-07,-2.937974439711117e-06,2.983275775549025e-06,-1.745288079400377e+00,vn
3.500000000000000e+03,5,7.907846656006945e-22,-3.573420246229080e-22,8.677751493968937e-22,-4.244185980132266e-01,vn
3.500000000000000e+03,6,-2.232872876312570e-07,-1.290610084974331e-06,1.309783037092470e-06,-1.742109600729690e+00,vn
3.500000000000000e+03,7,4.367513634279986e-22,3.548604827852489e-22,5.627412511081764e-22,6.823165548747481e-01,vn
3.500000000000000e+03,8,-1.411769126042465e-07,-7.743907818657663e-07,7.871543709407577e-07,-1.751123027255108e+00,vn
3.500000000000000e+03,9,-1.488925102595450e-22,-8.850832554317396e-23,1.732128843413364e-22,-2.605268134524656e+00,vn
3.500000000000000e+03,10,-1.269427277538038e-07,-7.337217055263236e-07,7.446220499622835e-07,-1.742112507701337e+00,vn
3.500000000000000e+03,11,1.164670302474663e-21,4.863822001811803e-22,1.262150766794327e-21,3.955977337615680e-01,vn
3.500000000000000e+03,12,-1.051287859541401e-07,-6.047253755762254e-07,6.137954394600846e-07,-1.742921581102459e+00,vn
3.500000000000000e+03,13,-3.110199103199384e-22,6.286572655403010e-23,3.173097606292448e-22,2.942152106815558e+00,vn
3.500000000000000e+03,14,-9.241102078707473e-08,-5.512936181220522e-07,5.589851967136628e-07,-1.736878046714166e+00,vn
3.500000000000000e+03,15,-3.010937429693021e-22,4.268251960773623e-22,5.223381951013566e-22,2.185154864723421e+00,vn
3.500000000000000e+03,16,-7.065918541166981e-08,-4.082908336984843e-07,4.143598983555770e-07,-1.742159910997144e+00,vn
3.500000000000000e+03,17,-5.293955920339377e-22,6.170767369645586e-22,8.130457503534413e-22,2.279864002557550e+00,vn
3.500000000000000e+03,18,-6.391592361051356e-08,-3.758206157577927e-07,3.812169730213379e-07,-1.739254805292554e+00,vn
3.500000000000000e+03,19,3.838118042246048e-22,-3.341809674714232e-22,5.089090489294554e-22,-7.163835213221411e-01,vn
3.500000000000000e+03,20,-5.771277966663918e-08,-3.459606948582841e-07,3.507414536716138e-07,-1.736093111335507e+00,vn
3.500000000000000e+03,21,-1.022395237115542e-21,7.097209655704977e-22,1.244586626091919e-21,2.534786956605338e+00,vn
3.500000000000000e+03,22,-5.048962777502780e-08,-2.983301766089085e-07,3.025724653506386e-07,-1.738448483589468e+00,vn
3.500000000000000e+03,23,1.244079641279754e-21,-6.650532124926343e-22,1.410684206083535e-21,-4.909231096179132e-01,vn
3.500000000000000e+03,24,-4.370040449959120e-08,-2.615955418154102e-07,2.652205739589708e-07,-1.736321186608264e+00,vn
3.500000000000000e+03,25,-5.624828165360588e-23,-2.235042015118281e-21,2.235749690491529e-21,-1.595957558996442e+00,vn
3.500000000000000e+03,26,-3.778903139455314e-08,-2.223896913714192e-07,2.255774494979797e-07,-1.739111243128516e+00,vn
3.500000000000000e+03,27,-4.301339185275744e-22,-4.814191165058621e-22,6.455846602926457e-22,-2.299992396762397e+00,vn
3.500000000000000e+03,28,-3.624401719263332e-08,-2.178667479609224e-07,2.208609260356570e-07,-1.735645293435033e+00,vn
3.500000000000000e+03,29,2.322723160048902e-21,-9.578751493364060e-22,2.512482374056343e-21,-3.911442736879063e-01,vn
3.500000000000000e+03,30,-3.169605544928431e-08,-1.891387832526308e-07,1.917762218350590e-07,-1.736834437208976e+00,vn
3.500000000000000e+03,31,-2.349192939650599e-22,-4.251708348522562e-22,4.857543756735566e-22,-2.075579254776744e+00,vn
3.500000000000000e+03,32,-2.786459569418189e-08,-1.641216179699994e-07,1.664702411192182e-07,-1.738972817831658e+00,vn
3.500000000000000e+03,33,4.235164736271502e-22,-2.845501307182415e-22,5.102303208604374e-22,-5.915997103351114e-01,vn
3.500000000000000e+03,34,-2.515217741456767e-08,-1.503642917846038e-07,1.524534429672854e-07,-1.736536776229303e+00,vn
3.500000000000000e+03,35,3.341809674714232e-22,5.591740940858467e-22,6.514235078018476e-22,1.032118985040505e+00,vn
3.500000000000000e+03,36,-2.312564693340846e-08,-1.366865014685575e-07,1.386289840899177e-07,-1.738396695987953e+00,vn
3.500000000000000e+03,37,1.823106070066873e-21,-1.667596114906904e-21,2.470747365710885e-21,-7.408778376798194e-01,vn
3.500000000000000e+03,38,-2.127277699564898e-08,-1.274970899925385e-07,1.292595799067600e-07,-1.736122519040750e+00,vn
3.500000000000000e+03,39,-4.235164736271502e-22,2.607273290767143e-21,2.641446614297042e-21,1.731826411352338e+00,vn
3.500000000000000e+03,40,-1.793457965291100e-08,-1.056128417861870e-07,1.071247940370519e-07,-1.739006075879043e+00,vn
3.550000000000000e+03,0,-1.382651736898082e-07,-4.608735861680933e-08,1.457439634418771e-07,-2.819848820725924e+00,vn
3.550000000000000e+03,1,-7.610061635487855e-23,2.957170689877074e-23,8.164428735985889e-23,2.770963659853083e+00,vn
3.550000000000000e+03,2,-5.749696536086468e-08,4.666498002522267e-09,5.768602282456311e-08,3.060609386122827e+00,vn
3.550000000000000e+03,3,-9.305781891221561e-23,-8.189088064274974e-23,1.239591626026241e-22,-2.419937802725032e+00,vn
3.550000000000000e+03,4,-2.321845585199524e-07,-1.297121131832421e-07,2.659603382490845e-07,-2.632125380382177e+00,vn
3.550000000000000e+03,5,1.364848010712496e-23,-7.072394237328387e-23,7.202886250701286e-23,-1.380157420880801e+00,vn
3.550000000000000e+03,6,-1.084758337145626e-07,-6.506357054669830e-08,1.264921922980017e-07,-2.601321815042430e+00,vn
3.550000000000000e+03,7,3.887748878999230e-23,3.887748878999230e-23,5.498107191781508e-23,7.853981633974483e-01,vn
3.550000000000000e+03,8,-7.390165510656706e-08,-4.773925329550197e-08,8.798005985848205e-08,-2.568046133985134e+00,vn
3.550000000000000e+03,9,9.926167350636332e-24,3.422459784438152e-23,3.563498135094900e-23,1.288511037240121e+00,vn
3.550000000000000e+03,10,-5.668268771818756e-08,-3.326823524258843e-08,6.572444418261576e-08,-2.610845898172090e+00,vn
3.550000000000000e+03,11,4.384057246531047e-23,-4.963083675318166e-24,4.412060735817616e-23,-1.127276115903776e-01,vn
3.550000000000000e+03,12,-5.131008313662891e-08,-3.077866867942098e-08,5.983352803541958e-08,-2.601278935632152e+00,vn
3.550000000000000e+03,13,-7.031035206700735e-24,5.004442705945817e-23,5.053592915725697e-23,1.710378570718775e+00,vn
3.550000000000000e+03,14,-4.467720730225113e-08,-2.765825681253274e-08,5.254552333202454e-08,-2.587269979042316e+00,vn
3.550000000000000e+03,15,-1.985233470127266e-23,1.027771911097137e-22,1.046769611972662e-22,1.761605387548255e+00,vn
3.550000000000000e+03,16,-3.438562283473273e-08,-2.110130588007140e-08,4.034397312581929e-08,-2.591184791029927e+00,vn
3.550000000000000e+03,17,4.135903062765138e-24,8.251126610216451e-23,8.261485779160304e-23,1.520712931073605e+00,vn
3.550000000000000e+03,18,-3.091730964918048e-08,-1.888896591195119e-08,3.623083036815693e-08,-2.593159724863003e+00,vn
3.550000000000000e+03,19,3.308722450212111e-24,-4.549493369041652e-23,4.561509219269357e-23,-1.498196873064402e+00,vn
3.550000000000000e+03,20,-2.743006211176780e-08,-1.642600620895107e-08,3.197220648363103e-08,-2.602032224748156e+00,vn
3.550000000000000e+03,21,-4.549493369041652e-24,7.754818242684634e-23,7.768151960165554e-23,1.629395826235357e+00,vn
3.550000000000000e+03,22,-2.508658630329631e-08,-1.552932679178250e-08,2.950418280445516e-08,-2.587298550171696e+00,vn
3.550000000000000e+03,23,7.940933880509066e-23,-1.158052857574239e-22,1.404161931502926e-22,-9.697225722971473e-01,vn
3.550000000000000e+03,24,-2.094355473395089e-08,-1.296355160511459e-08,2.463099988048528e-08,-2.587337147708261e+00,vn
3.550000000000000e+03,25,-1.464109684218859e-22,-1.416546798997060e-22,2.037209366062375e-22,-2.372704117095223e+00,vn
3.550000000000000e+03,26,-1.821020886504993e-08,-1.111375808182766e-08,2.133371335726935e-08,-2.593631320854366e+00,vn
3.550000000000000e+03,27,-1.050519377942345e-22,8.623357885865314e-23,1.359122502098147e-22,2.454257320276198e+00,vn
3.550000000000000e+03,28,-1.737540350841341e-08,-1.067247771982844e-08,2.039133217228388e-08,-2.590776254855693e+00,vn
3.550000000000000e+03,29,1.885971796620903e-22,-1.548895697005544e-22,2.440485094781726e-22,-6.875777172320898e-01,vn
3.550000000000000e+03,30,-1.520721219492896e-08,-9.384013634249153e-09,1.786949956292481e-08,-2.588711419693768e+00,vn
3.550000000000000e+03,31,3.350081480839762e-23,-4.901045129376689e-23,5.936605872756966e-23,-9.712000398258789e-01,vn
3.550000000000000e+03,32,-1.353327054394338e-08,-8.491671581024308e-09,1.597679247707566e-08,-2.581221764217436e+00,vn
3.550000000000000e+03,33,4.963083675318166e-23,-1.943874439499615e-23,5.330182680241796e-23,-3.733018908126590e-01,vn
3.550000000000000e+03,34,-1.178041396979659e-08,-7.213081724830751e-09,1.381327988816798e-08,-2.592182150366015e+00,vn
3.550000000000000e+03,35,-7.444625512977249e-24,7.031035206700735e-24,1.024001489775953e-23,2.384758148031105e+00,vn
3.550000000000000e+03,36,-1.115935182305084e-08,-6.842062308983836e-09,1.308987966906668e-08,-2.591579267766585e+00,vn
3.550000000000000e+03,37,3.101927297073854e-23,-9.098986738083304e-24,3.232625643796396e-23,-2.853294201821354e-01,vn
3.550000000000000e+03,38,-1.021896965538775e-08,-6.346567922275368e-09,1.202939172235198e-08,-2.585833406776230e+00,vn
3.550000000000000e+03,39,1.435158362779503e-22,4.239300639334267e-22,4.475639556188128e-22,1.244370178182339e+00,vn
3.550000000000000e+03,40,-8.630161364655929e-09,-5.323743017226170e-09,1.014011463906914e-08,-2.588856355429082e+00,vn
3.600000000000000e+03,0,-2.236739382064781e-07,-2.542491813748899e-08,2.251143200578173e-07,-3.028408898973246e+00,vn
3.600000000000000e+03,1,-5.988787634883920e-22,-1.910787214997494e-22,6.286229801457820e-22,-2.832741924602002e+00,vn
3.600000000000000e+03,2,-3.429623225192957e-07,6.804214313604207e-07,7.619688175525249e-07,2.037673879329354e+00,vn
3.600000000000000e+03,3,1.621274000603934e-22,-7.692779696743157e-22,7.861767539660406e-22,-1.363083345188059e+00,vn
3.600000000000000e+03,4,8.431069336676568e-08,-1.347824795636552e-06,1.350459171078007e-06,-1.508324568793786e+00,vn
3.600000000000000e+03,5,4.334426409777865e-22,-3.978738746380063e-22,5.883673539016745e-22,-7.426381738464101e-01,vn
3.600000000000000e+03,6,7.453801300839397e-08,-7.716625206009599e-07,7.752541267761599e-07,-1.474501020501850e+00,vn
3.600000000000000e+03,7,2.779326858178173e-22,1.819797347616661e-23,2.785278156388421e-22,6.538286207884247e-02,vn
3.600000000000000e+03,8,2.577604350024853e-08,-4.205347173180897e-07,4.213239286918466e-07,-1.509579414778092e+00,vn
3.600000000000000e+03,9,-1.158052857574239e-22,3.474158572722716e-23,1.209042678659479e-22,2.850135859111926e+00,vn
3.600000000000000e+03,10,3.094454655813015e-08,-3.598405141729761e-07,3.611686041199596e-07,-1.485012203073313e+00,vn
3.600000000000000e+03,11,4.202077511769381e-22,2.498085449910144e-22,4.888546443470770e-22,5.363568412526920e-01,vn
3.600000000000000e+03,12,2.651806208466318e-08,-3.302545019210983e-07,3.313174363897541e-07,-1.490672391026778e+00,vn
3.600000000000000e+03,13,-1.819797347616661e-22,-5.790264287871194e-24,1.820718292994546e-22,-3.109785202794630e+00,vn
3.600000000000000e+03,14,2.599265832262915e-08,-2.861341412547154e-07,2.873123127856695e-07,-1.480204157211314e+00,vn
3.600000000000000e+03,15,-2.547716286663325e-22,2.216844041642114e-22,3.377166827726120e-22,2.425527623880554e+00,vn
3.600000000000000e+03,16,1.946673171281069e-08,-2.212033152854420e-07,2.220582363634576e-07,-1.483018666383595e+00,vn
3.600000000000000e+03,17,-4.880365614062863e-22,3.044024654195142e-22,5.751874009596789e-22,2.583907972137525e+00,vn
3.600000000000000e+03,18,1.582083942027773e-08,-1.921808849633638e-07,1.928309920766470e-07,-1.488658893231452e+00,vn
3.600000000000000e+03,19,2.233387653893175e-22,-1.108422020821057e-22,2.493315019969096e-22,-4.606802586597312e-01,vn
3.600000000000000e+03,20,1.686812767140374e-08,-1.801186602813224e-07,1.809067868065684e-07,-1.477418592005220e+00,vn
3.600000000000000e+03,21,-5.558653716356346e-22,1.240770918829542e-22,5.695449377474557e-22,2.921978528413193e+00,vn
3.600000000000000e+03,22,1.414906523341858e-08,-1.609187581117713e-07,1.615396012103976e-07,-1.483095110828762e+00,vn
3.600000000000000e+03,23,8.586134758300427e-22,-1.555099551599692e-22,8.725826304888282e-22,-1.791751888909138e-01,vn
3.600000000000000e+03,24,1.268179441943904e-08,-1.350848309835711e-07,1.356788099577708e-07,-1.477190456103411e+00,vn
3.600000000000000e+03,25,2.795870470429234e-22,-1.070371712643618e-21,1.106284104605057e-21,-1.315299371856049e+00,vn
3.600000000000000e+03,26,1.040180375916877e-08,-1.175964574140649e-07,1.180555984177889e-07,-1.482572559468975e+00,vn
3.600000000000000e+03,27,-2.167213204888933e-22,-1.621274000603934e-22,2.706536986719237e-22,-2.499314038075038e+00,vn
3.600000000000000e+03,28,1.022768971318290e-08,-1.123456165681733e-07,1.128102087532514e-07,-1.480008858120717e+00,vn
3.600000000000000e+03,29,1.386354706638874e-21,6.782881022934827e-23,1.388013011508497e-21,4.888703133214040e-02,vn
3.600000000000000e+03,30,9.691886142238004e-09,-1.009376357120178e-07,1.014018686224575e-07,-1.475071231060942e+00,vn
3.600000000000000e+03,31,5.128519797828772e-23,-1.852884572118782e-22,1.922549970940422e-22,-1.300770710650036e+00,vn
3.600000000000000e+03,32,7.654952098287883e-09,-8.665819632184077e-08,8.699563943889246e-08,-1.482690014773776e+00,vn
3.600000000000000e+03,33,2.911675756186657e-22,4.632211430296955e-23,2.948292647705597e-22,1.577687375959540e-01,vn
3.600000000000000e+03,34,7.227957766474261e-09,-7.703659042502990e-08,7.737492900021132e-08,-1.477245203839510e+00,vn
3.600000000000000e+03,35,3.805030817743927e-23,2.316105715148477e-22,2.347153228697106e-22,1.407965142334479e+00,vn
3.600000000000000e+03,36,6.487432408403868e-09,-7.269839317191549e-08,7.298728073460484e-08,-1.481794447033119e+00,vn
3.600000000000000e+03,37,1.007505986089588e-21,-2.613890735667567e-22,1.040861450811990e-21,-2.538450460486533e-01,vn
3.600000000000000e+03,38,6.205242794376763e-09,-6.645865840626194e-08,6.674772142401099e-08,-1.477696280113521e+00,vn
3.600000000000000e+03,39,-8.470329472543003e-22,1.455837878093329e-21,1.684318479690107e-21,2.097739553984326e+00,vn
3.600000000000000e+03,40,5.167259955581403e-09,-5.621779697884484e-08,5.645477192056639e-08,-1.479138846248275e+00,vn
3.650000000000000e+03,0,7.046354985199833e-08,7.715370559625898e-08,1.044883062595009e-07,8.306881320913146e-01,vn
3.650000000000000e+03,1,-7.548023089546378e-23,1.431022459716738e-22,1.617884979167863e-22,2.056167219042605e+00,vn
3.650000000000000e+03,2,2.429195475803009e-07,1.257466299071124e-07,2.735363257953400e-07,4.776655140830643e-01,vn
3.650000000000000e+03,3,-1.228363209641246e-22,-3.060568266446202e-23,1.265917436460972e-22,-2.897406383324026e+00,vn
3.650000000000000e+03,4,-3.204054131375318e-07,-6.500156560995959e-08,3.269324583145246e-07,-2.941436251405074e+00,vn
3.650000000000000e+03,5,1.581982921507665e-23,-4.963083675318166e-23,5.209114083234461e-23,-1.262227683036379e+00,vn
3.650000000000000e+03,6,-1.497060588786166e-07,-3.821823906477801e-08,1.545074039073220e-07,-2.891642781447730e+00,vn
3.650000000000000e+03,7,4.797647552807561e-23,-5.542110104105285e-23,7.330239180748897e-23,-8.572741329537832e-01,vn
3.650000000000000e+03,8,-9.025567985465091e-08,-2.172229942793905e-08,9.283289308462965e-08,-2.905409389925745e+00,vn
3.650000000000000e+03,9,-3.101927297073854e-25,1.654361225106055e-23,1.654652005235555e-23,1.589544129992641e+00,vn
3.650000000000000e+03,10,-8.244327654688485e-08,-1.971365814558170e-08,8.476745935361630e-08,-2.906881955409434e+00,vn
3.650000000000000e+03,11,1.071198893256171e-22,-9.016268676828002e-23,1.400142163296550e-22,-6.996550293146429e-01,vn
3.650000000000000e+03,12,-6.979223403207848e-08,-1.739579726908022e-08,7.192753084748116e-08,-2.897318878460704e+00,vn
3.650000000000000e+03,13,1.282129949457193e-23,3.887748878999230e-23,4.093708410897737e-23,1.252240649706829e+00,vn
3.650000000000000e+03,14,-6.361927708414322e-08,-1.657259075541008e-08,6.574240017717100e-08,-2.886759711023911e+00,vn
3.650000000000000e+03,15,2.109310562010221e-23,4.384057246531047e-23,4.865094961855241e-23,1.122356670719828e+00,vn
3.650000000000000e+03,16,-4.760969400710184e-08,-1.244534495946315e-08,4.920944598966650e-08,-2.885910329259448e+00,vn
3.650000000000000e+03,17,8.912871100258873e-23,8.519960309296185e-23,1.233000384922130e-22,7.628634258728018e-01,vn
3.650000000000000e+03,18,-4.340254047111117e-08,-1.112573622930242e-08,4.480583138376583e-08,-2.890657425209824e+00,vn
3.650000000000000e+03,19,5.169878828456423e-24,-5.211237859084074e-23,5.236819310894771e-23,-1.471913528758858e+00,vn
3.650000000000000e+03,20,-3.988452175512595e-08,-1.039668421719220e-08,4.121730362781060e-08,-2.886597451925673e+00,vn
3.650000000000000e+03,21,-5.376673981594680e-24,1.480653296469920e-22,1.481629186624533e-22,1.607093227586734e+00,vn
3.650000000000000e+03,22,-3.486750124139619e-08,-9.207309708993024e-09,3.606268424418906e-08,-2.883420156781880e+00,vn
3.650000000000000e+03,23,-2.440182807031432e-23,-1.840476862930487e-22,1.856582883767855e-22,-1.702611807406447e+00,vn
3.650000000000000e+03,24,-3.029955214646991e-08,-8.003597472039925e-09,3.133880075515164e-08,-2.883342217342972e+00,vn
3.650000000000000e+03,25,-2.427775097843136e-22,-9.512577044359818e-23,2.607485981928966e-22,-2.768155378162577e+00,vn
3.650000000000000e+03,26,-2.577746436299928e-08,-6.682610773074404e-09,2.662958797522237e-08,-2.887934389634656e+00,vn
3.650000000000000e+03,27,-4.301339185275744e-23,2.067951531382569e-24,4.306307353423589e-23,3.093552720742031e+00,vn
3.650000000000000e+03,28,-2.511451504530594e-08,-6.526257748016044e-09,2.594862050580797e-08,-2.887355739674327e+00,vn
3.650000000000000e+03,29,-1.199411888201890e-23,-3.312858353274876e-22,3.315028862263302e-22,-1.606985264433933e+00,vn
3.650000000000000e+03,30,-2.192468534987763e-08,-5.784151725552521e-09,2.267483713007331e-08,-2.883650616912570e+00,vn
3.650000000000000e+03,31,-5.335314950967029e-23,1.199411888201890e-23,5.468470947492757e-23,2.920462679050277e+00,vn
3.650000000000000e+03,32,-1.906346635389775e-08,-4.985514854142182e-09,1.970459610819425e-08,-2.885799545444390e+00,vn
3.650000000000000e+03,33,-7.858215819253763e-24,-7.072394237328387e-23,7.115917074194686e-23,-1.681453547968792e+00,vn
3.650000000000000e+03,34,-1.727296489007354e-08,-4.481766546444827e-09,1.784493058183598e-08,-2.887723793013176e+00,vn
3.650000000000000e+03,35,8.561319339923836e-23,-5.790264287871194e-24,8.580877603449887e-23,-6.753001022495858e-02,vn
3.650000000000000e+03,36,-1.582321419418209e-08,-4.108518666906488e-09,1.634790607604792e-08,-2.887551211770324e+00,vn
3.650000000000000e+03,37,-4.880365614062863e-23,-3.147422230764270e-22,3.185034753967122e-22,-1.724630371784671e+00,vn
3.650000000000000e+03,38,-1.475304317306766e-08,-3.891558550364319e-09,1.525767055671710e-08,-2.883687162176305e+00,vn
3.650000000000000e+03,39,2.953034786814309e-22,1.323488980084844e-22,3.236052770357964e-22,4.213387757772240e-01,vn
3.650000000000000e+03,40,-1.227279299376079e-08,-3.233474321703230e-09,1.269160368341283e-08,-2.883979999317098e+00,vn
3.700000000000000e+03,0,2.033536043217887e-08,1.640184577137815e-06,1.640310633375477e-06,1.558398747365847e+00,vn
3.700000000000000e+03,1,1.541864661798844e-21,8.304893350032398e-22,1.751302135800155e-21,4.940693279719858e-01,vn
3.700000000000000e+03,2,-2.548957140795131e-07,-1.802800398374371e-07,3.122062104121133e-07,-2.526004276364367e+00,vn
3.700000000000000e+03,3,1.005851624864482e-21,2.147360870187660e-21,2.371264683255672e-21,1.132736140903370e+00,vn
3.700000000000000e+03,4,5.615891863028316e-07,4.524760835239677e-06,4.559478372609211e-06,1.447313139083776e+00,vn
3.700000000000000e+03,5,-1.171287747375087e-21,-6.948317145445432e-23,1.173346878917899e-21,-3.082340059926361e+00,vn
3.700000000000000e+03,6,2.725565072556883e-07,2.177180181141743e-06,2.194174238934504e-06,1.446256375931322e+00,vn
3.700000000000000e+03,7,-4.632211430296955e-23,-6.551270451419979e-22,6.567626538940706e-22,-1.641385916613770e+00,vn
3.700000000000000e+03,8,1.621624104812539e-07,1.463043543878799e-06,1.472003076986772e-06,1.460407820491674e+00,vn
3.700000000000000e+03,9,2.911675756186657e-22,-2.977850205190900e-22,4.164786615628780e-22,-7.966336456554111e-01,vn
3.700000000000000e+03,10,1.468278556046093e-07,1.140477330237749e-06,1.149889977331601e-06,1.442758162988563e+00,vn
3.700000000000000e+03,11,-9.992341799640574e-22,-4.235164736271502e-22,1.085281138618938e-21,-2.740704048482350e+00,vn
3.700000000000000e+03,12,1.269195535386195e-07,1.024088872265343e-06,1.031923733309853e-06,1.447490951064297e+00,vn
3.700000000000000e+03,13,9.462946207606637e-22,-5.757177063369073e-22,1.107666189188059e-21,-5.465669638127907e-01,vn
3.700000000000000e+03,14,1.128982914497229e-07,9.045012552713603e-07,9.115199092722732e-07,1.446620260001735e+00,vn
3.700000000000000e+03,15,1.072026073868724e-21,-6.882142696441190e-22,1.273922597333205e-21,-5.707132601893593e-01,vn
3.700000000000000e+03,16,8.661367716321744e-08,6.943428872332459e-07,6.997242129032938e-07,1.446695432450235e+00,vn
3.700000000000000e+03,17,1.250697086180178e-21,-7.808584982500581e-22,1.474443351122356e-21,-5.581235779864939e-01,vn
3.700000000000000e+03,18,7.757931812586977e-08,6.228947757943235e-07,6.277072982790111e-07,1.446887953047208e+00,vn
3.700000000000000e+03,19,-6.650532124926343e-22,2.249931266144235e-22,7.020809657514629e-22,2.815371190085930e+00,vn
3.700000000000000e+03,20,7.137743135497144e-08,5.547568958012165e-07,5.593299126149391e-07,1.442835006134027e+00,vn
3.700000000000000e+03,21,1.488925102595450e-21,-7.940933880509066e-22,1.687448449608176e-21,-4.899573262537283e-01,vn
3.700000000000000e+03,22,6.248068482823983e-08,5.064566418178158e-07,5.102961552059600e-07,1.448048270133872e+00,vn
3.700000000000000e+03,23,-2.269783600845508e-21,2.977850205190900e-22,2.289234263484791e-21,3.011142359843437e+00,vn
3.700000000000000e+03,24,5.353076549022778e-08,4.261162200315462e-07,4.294654535907899e-07,1.445826190615245e+00,vn
3.700000000000000e+03,25,-3.672681919735443e-22,3.361662009415504e-21,3.381664884399843e-21,1.679616705085950e+00,vn
3.700000000000000e+03,26,4.602433162958307e-08,3.680638190244970e-07,3.709302009500541e-07,1.446397582879823e+00,vn
3.700000000000000e+03,27,1.882663074170691e-21,8.470329472543003e-22,2.064433351934652e-21,4.227808480857163e-01,vn
3.700000000000000e+03,28,4.413925578548233e-08,3.522068156372228e-07,3.549618498974346e-07,1.446124317576322e+00,vn
3.700000000000000e+03,29,-3.527098131926110e-21,-7.940933880509066e-23,3.527991932434953e-21,-3.119082385141790e+00,vn
3.700000000000000e+03,30,3.884621205052276e-08,3.091904343707637e-07,3.116211688846823e-07,1.445812737724975e+00,vn
3.700000000000000e+03,31,-4.135903062765138e-22,-1.389663429089086e-22,4.363124865361716e-22,-2.817444022255322e+00,vn
3.700000000000000e+03,32,3.367730474312113e-08,2.747383649244209e-07,2.767947434762903e-07,1.448825251637806e+00,vn
3.700000000000000e+03,33,-6.584357675922100e-22,-2.514629062161204e-22,7.048200147891660e-22,-2.776778100867691e+00,vn
3.700000000000000e+03,34,3.042645393394480e-08,2.397359762346696e-07,2.416590726626760e-07,1.444554752169971e+00,vn
3.700000000000000e+03,35,-6.617444900424221e-23,-1.522012327097571e-22,1.659646737694040e-22,-1.980923667336388e+00,vn
3.700000000000000e+03,36,2.820468492925952e-08,2.257099130078502e-07,2.274653140194568e-07,1.446480829606840e+00,vn
3.700000000000000e+03,37,-5.624828165360588e-22,9.396771758602394e-22,1.095162140384251e-21,2.110179558006363e+00,vn
3.700000000000000e+03,38,2.605120351489952e-08,2.078837087968781e-07,2.095096694372838e-07,1.446129975427286e+00,vn
3.700000000000000e+03,39,3.613124915631625e-21,-5.340278034642347e-21,6.447731472637610e-21,-9.759620618109344e-01,vn
3.700000000000000e+03,40,2.197859166058098e-08,1.752017520283861e-07,1.765749484077474e-07,1.446000910450320e+00,vn
3.750000000000000e+03,0,2.370005840983397e-08,-1.040060291294962e-07,1.066721466171707e-07,-1.346749992230538e+00,vn
3.750000000000000e+03,1,-1.116693826946587e-22,-1.381391622963556e-22,1.776301753400728e-22,-2.250628134129076e+00,vn
3.750000000000000e+03,2,-1.145832776690204e-07,9.889130176961731e-08,1.513565891762408e-07,2.429569990681238e+00,vn
3.750000000000000e+03,3,2.605618929542037e-22,-2.845501307182415e-22,3.858254488128618e-22,-8.293758597411686e-01,vn
3.750000000000000e+03,4,2.704940605108878e-07,-4.583775453665320e-07,5.322377390489281e-07,-1.037679188599648e+00,vn
3.750000000000000e+03,5,1.120829730009352e-22,-1.902515408871964e-23,1.136861879246019e-22,-1.681390991225342e-01,vn
3.750000000000000e+03,6,1.545894801127408e-07,-2.460610955000677e-07,2.905924467019419e-07,-1.009858692652941e+00,vn
3.750000000000000e+03,7,8.189088064274974e-23,4.549493369041652e-23,9.367980211305146e-23,5.070985043923369e-01,vn
3.750000000000000e+03,8,8.422235433891068e-08,-1.433388032240901e-07,1.662510676059057e-07,-1.039562658008215e+00,vn
3.750000000000000e+03,9,-6.203854594147708e-23,-3.143286327701505e-23,6.954715002301880e-23,-2.672625945817471e+00,vn
3.750000000000000e+03,10,7.148559064667641e-08,-1.186466349141987e-07,1.385179181426264e-07,-1.028534477472414e+00,vn
3.750000000000000e+03,11,4.301339185275744e-23,1.439294265842268e-22,1.502192787745408e-22,1.280394384246455e+00,vn
3.750000000000000e+03,12,6.586720238120573e-08,-1.092027065672219e-07,1.275292886796342e-07,-1.028053192964859e+00,vn
3.750000000000000e+03,13,-5.872982349126496e-23,1.819797347616661e-23,6.148461926331171e-23,2.841115485217212e+00,vn
3.750000000000000e+03,14,5.678661982288623e-08,-9.351382211936828e-08,1.094054620130177e-07,-1.025060245902616e+00,vn
3.750000000000000e+03,15,-1.220091403515716e-22,-2.481541837659083e-24,1.220343737609267e-22,-3.121256474414106e+00,vn
3.750000000000000e+03,16,4.394521134345528e-08,-7.254990021418358e-08,8.482139836803532e-08,-1.026178673912932e+00,vn
3.750000000000000e+03,17,-1.985233470127266e-22,-1.985233470127266e-23,1.995134945366524e-22,-3.041924001098631e+00,vn
3.750000000000000e+03,18,3.813649071275900e-08,-6.381471374151081e-08,7.434184295398737e-08,-1.032133958418894e+00,vn
3.750000000000000e+03,19,7.361907451721946e-23,1.158052857574239e-23,7.452433679587829e-23,1.560248430010514e-01,vn
3.750000000000000e+03,20,3.574695839649444e-08,-5.856077758694419e-08,6.860910804104838e-08,-1.022746680436663e+00,vn
3.750000000000000e+03,21,-2.171349107951698e-22,-1.406207041340147e-23,2.175897775869487e-22,-3.076921061063822e+00,vn
3.750000000000000e+03,22,3.199959088584415e-08,-5.273206332698108e-08,6.168179893276575e-08,-1.025367223181988e+00,vn
3.750000000000000e+03,23,2.824821791868590e-22,1.108422020821057e-22,3.034504495310018e-22,3.739258595966921e-01,vn
3.750000000000000e+03,24,2.679633779722268e-08,-4.397181121897995e-08,5.149333841595897e-08,-1.023495107968511e+00,vn
3.750000000000000e+03,25,2.919947562312188e-22,-3.192917164454687e-22,4.326755572680556e-22,-8.300234563700284e-01,vn
3.750000000000000e+03,26,2.338357647780952e-08,-3.852241421475091e-08,4.506404382461043e-08,-1.025236723559827e+00,vn
3.750000000000000e+03,27,-8.768114493062093e-23,-1.298673561708253e-22,1.566956073894369e-22,-2.164655378760099e+00,vn
3.750000000000000e+03,28,2.231983449056479e-08,-3.667788035256854e-08,4.293532250773877e-08,-1.024123509828422e+00,vn
3.750000000000000e+03,29,3.763671787116276e-22,2.812414082680294e-22,4.698393160815031e-22,6.417405472320037e-01,vn
3.750000000000000e+03,30,2.006525429863742e-08,-3.261915040131291e-08,3.829651946290236e-08,-1.019320787531506e+00,vn
3.750000000000000e+03,31,2.812414082680294e-23,-8.271806125530277e-25,2.813630261799918e-23,-2.940328820400511e-02,vn
3.750000000000000e+03,32,1.722505773472625e-08,-2.841333599890231e-08,3.322680057651008e-08,-1.025807475601676e+00,vn
3.750000000000000e+03,33,7.527343574232552e-23,7.196471329211341e-23,1.041393781797745e-22,7.629300348116228e-01,vn
3.750000000000000e+03,34,1.528530279160999e-08,-2.506547272877036e-08,2.935844690285797e-08,-1.023191109220552e+00,vn
3.750000000000000e+03,35,-1.530284133223101e-23,4.714929491552258e-23,4.957048480568211e-23,1.884631479222805e+00,vn
3.750000000000000e+03,36,1.445414271170279e-08,-2.377088822963862e-08,2.782044875188470e-08,-1.024470919604926e+00,vn
3.750000000000000e+03,37,2.506357256035674e-22,3.639594695233322e-23,2.532645492432444e-22,1.442065193203847e-01,vn
3.750000000000000e+03,38,1.318670678760528e-08,-2.163216238296963e-08,2.533455516217803e-08,-1.023356631506821e+00,vn
3.750000000000000e+03,39,-6.385834328909374e-22,2.812414082680294e-22,6.977718326841223e-22,2.726738556796739e+00,vn
3.750000000000000e+03,40,1.116084280105760e-08,-1.833095856327742e-08,2.146132460680172e-08,-1.023893333517346e+00,vn
3.800000000000000e+03,0,-4.010170490689920e-08,3.881748439031308e-07,3.902407669319800e-07,1.673739494832172e+00,vn
3.800000000000000e+03,1,-1.154744135124027e-21,-3.470022669659951e-22,1.205754780576414e-21,-2.849675892656208e+00,vn
3.800000000000000e+03,2,-1.899057313136128e-07,1.941504419857374e-06,1.950770001592057e-06,1.668299860754971e+00,vn
3.800000000000000e+03,3,-9.595295105615121e-23,-1.262277614755920e-21,1.265919328207876e-21,-1.646666143537383e+00,vn
3.800000000000000e+03,4,3.015233501784556e-07,-2.967284300062891e-06,2.982564743321184e-06,-1.469528002095135e+00,vn
3.800000000000000e+03,5,8.999725064576941e-22,-1.389663429089086e-22,9.106383238373074e-22,-1.532018145268967e-01,vn
3.800000000000000e+03,6,1.066048647216134e-07,-1.391670378442754e-06,1.395747484116418e-06,-1.494343538438654e+00,vn
3.800000000000000e+03,7,4.466775307786349e-22,-1.790846026177305e-22,4.812401805722885e-22,-3.813043341724948e-01,vn
3.800000000000000e+03,8,6.166591076264522e-08,-8.477073608510848e-07,8.499473243626913e-07,-1.498179897624020e+00,vn
3.800000000000000e+03,9,-2.283018490646356e-22,-4.144174868890669e-22,4.731422489334276e-22,-2.074328875848863e+00,vn
3.800000000000000e+03,10,6.581825584491903e-08,-7.644639270592379e-07,7.672920816594546e-07,-1.484910856151727e+00,vn
3.800000000000000e+03,11,9.959254575138453e-22,7.758954145747400e-22,1.262490083637202e-21,6.618476739064046e-01,vn
3.800000000000000e+03,12,5.081012447310478e-08,-6.488873200056785e-07,6.508735843565356e-07,-1.492652314730287e+00,vn
3.800000000000000e+03,13,-3.441071348220595e-22,-1.009160347314694e-22,3.585997299237273e-22,-2.856322258316101e+00,vn
3.800000000000000e+03,14,4.694019438552150e-08,-5.871348470946228e-07,5.890082431696323e-07,-1.491018116165632e+00,vn
3.800000000000000e+03,15,-4.896909226313924e-22,6.286572655403010e-23,4.937097318088336e-22,3.013912650515118e+00,vn
3.800000000000000e+03,16,3.213027323021303e-08,-4.431822220402974e-07,4.443454021258953e-07,-1.498423936568425e+00,vn
3.800000000000000e+03,17,-7.345363839470886e-22,7.179927716960280e-22,1.027159831549993e-21,2.367583519383281e+00,vn
3.800000000000000e+03,18,3.169216786662696e-08,-4.017926509799127e-07,4.030406032716213e-07,-1.492082375582318e+00,vn
3.800000000000000e+03,19,5.426304818347862e-22,-3.970466940254533e-23,5.440811525761737e-22,-7.304056530311932e-02,vn
3.800000000000000e+03,20,2.962441581821026e-08,-3.678052193254287e-07,3.689963216288164e-07,-1.490426061054379e+00,vn
3.800000000000000e+03,21,-1.273858143331663e-21,3.374896899216353e-22,1.317806457768284e-21,2.882607598294133e+00,vn
3.800000000000000e+03,22,2.431316610480234e-08,-3.228288821343952e-07,3.237431345776818e-07,-1.495625377269006e+00,vn
3.800000000000000e+03,23,1.462455322993753e-21,-3.391440511467413e-22,1.501264220309332e-21,-2.278726066236266e-01,vn
3.800000000000000e+03,24,2.195086665387066e-08,-2.796355796837870e-07,2.804958074052865e-07,-1.492458849515139e+00,vn
3.800000000000000e+03,25,5.691002614364830e-22,-2.302870825347629e-21,2.372148634846549e-21,-1.328524017006461e+00,vn
3.800000000000000e+03,26,1.851841769979941e-08,-2.387236310267842e-07,2.394408148263710e-07,-1.493378744680699e+00,vn
3.800000000000000e+03,27,-3.805030817743927e-22,-6.948317145445432e-22,7.921954978265906e-22,-2.071809713598486e+00,vn
3.800000000000000e+03,28,1.893273470077007e-08,-2.313168669773889e-07,2.320903733279017e-07,-1.489130743714105e+00,vn
3.800000000000000e+03,29,2.382280164152720e-21,-4.830734777309682e-22,2.430765057631568e-21,-2.000650676570748e-01,vn
3.800000000000000e+03,30,1.583598604175600e-08,-2.024810098928268e-07,2.030993299376778e-07,-1.492745472976383e+00,vn
3.800000000000000e+03,31,-9.926167350636332e-23,-2.183756817139993e-22,2.398766728786645e-22,-1.997423819921773e+00,vn
3.800000000000000e+03,32,1.355944617657082e-08,-1.765214908896078e-07,1.770415073549285e-07,-1.494132171265746e+00,vn
3.800000000000000e+03,33,4.499862532288471e-22,-8.933550615572699e-23,4.587684173469617e-22,-1.959811336361145e-01,vn
3.800000000000000e+03,34,1.296092227744229e-08,-1.593103288133544e-07,1.598366865675743e-07,-1.489618666548588e+00,vn
3.800000000000000e+03,35,2.481541837659083e-22,5.062345348824529e-22,5.637853343500322e-22,1.115022570818191e+00,vn
3.800000000000000e+03,36,1.148150013935426e-08,-1.463615503600174e-07,1.468111993999024e-07,-1.492510499149095e+00,vn
3.800000000000000e+03,37,2.107656200785115e-21,-1.230844751478905e-21,2.440736254278842e-21,-5.285623484657094e-01,vn
3.800000000000000e+03,38,1.077078811789313e-08,-1.360788038458799e-07,1.365043982178084e-07,-1.491809891312892e+00,vn
3.800000000000000e+03,39,-1.260623253530814e-21,2.349192939650599e-21,2.666060474754246e-21,2.063308765023585e+00,vn
3.800000000000000e+03,40,8.590565318360871e-09,-1.137220758277664e-07,1.140460799109960e-07,-1.495399523803231e+00,vn
3.850000000000000e+03,0,5.635424807878699e-08,1.228206125605639e-07,1.351321728763273e-07,1.140620543049647e+00,vn
3.850000000000000e+03,1,9.512577044359818e-23,-5.387013739251593e-23,1.093201898332448e-22,-5.152747117201852e-01,vn
3.850000000000000e+03,2,-7.519529420349125e-08,1.151863066153149e-08,7.607240710445790e-08,2.989591341597686e+00,vn
3.850000000000000e+03,3,4.921724644690515e-23,9.326461406535387e-23,1.054543767919322e-22,1.085222407695290e+00,vn
3.850000000000000e+03,4,2.947491745280808e-07,2.852088861516012e-07,4.101477595023799e-07,7.689496844040754e-01,vn
3.850000000000000e+03,5,5.831623318498845e-23,1.291435731348414e-22,1.416998431012543e-22,1.146644823535531e+00,vn
3.850000000000000e+03,6,1.430566747717757e-07,1.342855787187363e-07,1.962086360193749e-07,7.537831696911954e-01,vn
3.850000000000000e+03,7,8.685396431806791e-24,-3.960127182597620e-23,4.054253126548093e-23,-1.354893625593971e+00,vn
3.850000000000000e+03,8,9.327778293639897e-08,8.827015629176835e-08,1.284226042459161e-07,7.578222113936501e-01,vn
3.850000000000000e+03,9,5.293955920339377e-23,-4.311678942932657e-23,6.827630964941296e-23,-6.834919014282133e-01,vn
3.850000000000000e+03,10,7.570737638284288e-08,7.082004939670713e-08,1.036681543933597e-07,7.520561745879691e-01,vn
3.850000000000000e+03,11,-9.636654136242772e-23,5.686866711302065e-24,9.653419470399393e-23,3.082648139763661e+00,vn
3.850000000000000e+03,12,6.699386541223758e-08,6.311909066394194e-08,9.204454144117361e-08,7.556268783398089e-01,vn
3.850000000000000e+03,13,2.481541837659083e-23,-6.483028050884354e-23,6.941736281407254e-23,-1.205226598113479e+00,vn
3.850000000000000e+03,14,5.961706588418803e-08,5.532036613710908e-08,8.132980667740101e-08,7.480326174284996e-01,vn
3.850000000000000e+03,15,2.646977960169689e-23,-9.864128804694855e-23,1.021310576647647e-22,-1.308628786984266e+00,vn
3.850000000000000e+03,16,4.570708806295697e-08,4.245323141639244e-08,6.238120515739235e-08,7.485065054320067e-01,vn
3.850000000000000e+03,17,5.128519797828772e-23,-1.135305390729030e-22,1.245767026127122e-22,-1.146504315065370e+00,vn
3.850000000000000e+03,18,4.097332276121513e-08,3.814791209389232e-08,5.598282214410101e-08,7.497034398995976e-01,vn
3.850000000000000e+03,19,0.000000000000000e+00,6.710502719336437e-23,6.710502719336437e-23,1.570796326794897e+00,vn
3.850000000000000e+03,20,3.679739135213208e-08,3.418412024332174e-08,5.022551231328401e-08,7.485985615899838e-01,vn
3.850000000000000e+03,21,6.203854594147708e-24,-1.526148230160336e-22,1.527408655731680e-22,-1.530168289113524e+00,vn
3.850000000000000e+03,22,3.325109438219835e-08,3.087343767793878e-08,4.537405020127068e-08,7.483364040510831e-01,vn
3.850000000000000e+03,23,-1.381391622963556e-22,1.459973781156094e-22,2.009916977802096e-22,2.328545060822281e+00,vn
3.850000000000000e+03,24,2.820458657829649e-08,2.599007882082457e-08,3.835339491055904e-08,7.445587847410778e-01,vn
3.850000000000000e+03,25,1.691584352670942e-22,2.524968819818117e-22,3.039231015117946e-22,9.805291488961675e-01,vn
3.850000000000000e+03,26,2.427297247581814e-08,2.251847486950139e-08,3.310980071308480e-08,7.479196037828155e-01,vn
3.850000000000000e+03,27,2.076223337508099e-22,-3.536197118664193e-23,2.106122087589834e-22,-1.686999134948882e-01,vn
3.850000000000000e+03,28,2.326678713381414e-08,2.154258863279791e-08,3.170846115049062e-08,7.469386160545449e-01,vn
3.850000000000000e+03,29,-1.890107699683668e-22,1.790846026177305e-22,2.603773531987475e-22,2.383154248719977e+00,vn
3.850000000000000e+03,30,2.045704756942889e-08,1.888223343360695e-08,2.783935226795158e-08,7.453879325182394e-01,vn
3.850000000000000e+03,31,-4.259980154648093e-23,7.444625512977249e-24,4.324541063312997e-23,2.968582502912631e+00,vn
3.850000000000000e+03,32,1.807574897395140e-08,1.668739229968222e-08,2.460084882138823e-08,7.454817697600444e-01,vn
3.850000000000000e+03,33,-4.797647552807561e-23,1.654361225106055e-23,5.074872718019121e-23,2.809533186046908e+00,vn
3.850000000000000e+03,34,1.591184274597564e-08,1.468340159054817e-08,2.165153624669552e-08,7.452683431257114e-01,vn
3.850000000000000e+03,35,-2.646977960169689e-23,2.481541837659083e-24,2.658584740147398e-23,3.048115872431204e+00,vn
3.850000000000000e+03,36,1.488068879553647e-08,1.381189554670927e-08,2.030279186769179e-08,7.481655700142734e-01,vn
3.850000000000000e+03,37,4.135903062765138e-23,1.439294265842268e-22,1.497539623893917e-22,1.290979218271654e+00,vn
3.850000000000000e+03,38,1.374624184872839e-08,1.268316455453853e-08,1.870352448286777e-08,7.451965594685455e-01,vn
3.850000000000000e+03,39,-3.019209235818551e-23,-5.182286537644718e-22,5.191074070204566e-22,-1.628990719795115e+00,vn
3.850000000000000e+03,40,1.157740167483347e-08,1.069753371234531e-08,1.576304085724583e-08,7.459183282316804e-01,vn
3.900000000000000e+03,0,1.565698433552400e-09,1.128577814287944e-07,1.128686415290552e-07,1.556924017968596e+00,vn
3.900000000000000e+03,1,3.523789409475898e-22,5.221577616740987e-23,3.562266207123072e-22,1.471102580639627e-01,vn
3.900000000000000e+03,2,-1.113961245570556e-07,-4.371930658959241e-07,4.511616932251772e-07,-1.820286073683952e+00,vn
3.900000000000000e+03,3,1.604730388352874e-22,5.866778494532349e-22,6.082289825650404e-22,1.303798787995285e+00,vn
3.900000000000000e+03,4,2.283404482625926e-07,1.156510660469575e-06,1.178836828442568e-06,1.375864358852003e+00,vn
3.900000000000000e+03,5,-2.713152409173931e-22,3.180509455266391e-22,4.180530635032498e-22,2.277061834985470e+00,vn
3.900000000000000e+03,6,1.137025419313281e-07,6.074090518027940e-07,6.179595652254400e-07,1.385745254294012e+00,vn
3.900000000000000e+03,7,-1.009160347314694e-22,-1.344168495398670e-22,1.680831208246276e-22,-2.214789561532704e+00,vn
3.900000000000000e+03,8,6.872941687183420e-08,3.601184592885711e-07,3.666183812411983e-07,1.382211956879199e+00,vn
3.900000000000000e+03,9,1.058791184067875e-22,2.564259898914386e-23,1.089400321163739e-22,2.376123138654712e-01,vn
3.900000000000000e+03,10,5.898936866616230e-08,3.038482514920378e-07,3.095214137186651e-07,1.379040825899827e+00,vn
3.900000000000000e+03,11,-3.341809674714232e-22,-9.512577044359818e-23,3.474562292183356e-22,-2.864274027625092e+00,vn
3.900000000000000e+03,12,5.166263317572586e-08,2.739092649915119e-07,2.787387901151182e-07,1.384374151974889e+00,vn
3.900000000000000e+03,13,1.753622898612419e-22,-4.053185001509836e-23,1.799854537762000e-22,-2.271433192769126e-01,vn
3.900000000000000e+03,14,4.552044308449838e-08,2.393415685123514e-07,2.436318886282370e-07,1.382850723748788e+00,vn
3.900000000000000e+03,15,2.117582368135751e-22,-2.572531705039916e-22,3.331977559839650e-22,-8.820973923018381e-01,vn
3.900000000000000e+03,16,3.484234457237656e-08,1.850490839034865e-07,1.883006968357255e-07,1.384688173363890e+00,vn
3.900000000000000e+03,17,2.762783245927112e-22,-2.845501307182415e-22,3.966087360756491e-22,-8.001463565520431e-01,vn
3.900000000000000e+03,18,3.109965694416888e-08,1.636133811774114e-07,1.665428688426794e-07,1.382957018664590e+00,vn
3.900000000000000e+03,19,-1.538555939348631e-22,7.527343574232552e-23,1.712823222446015e-22,2.686584138514645e+00,vn
3.900000000000000e+03,20,2.833743810882928e-08,1.499666594279019e-07,1.526204748339359e-07,1.384040021432123e+00,vn
3.900000000000000e+03,21,3.788487205492867e-22,-3.044024654195142e-22,4.859909608370407e-22,-6.768674674604047e-01,vn
3.900000000000000e+03,22,2.528012499232738e-08,1.343812781424983e-07,1.367384826405470e-07,1.384847208397350e+00,vn
3.900000000000000e+03,23,-5.757177063369073e-22,2.051407919131509e-22,6.111739702380853e-22,2.799297045159751e+00,vn
3.900000000000000e+03,24,2.156031060893595e-08,1.132896061589308e-07,1.153229459266431e-07,1.382733787211556e+00,vn
3.900000000000000e+03,25,-3.308722450212111e-24,9.479489819857697e-22,9.479547563529124e-22,1.574286714016755e+00,vn
3.900000000000000e+03,26,1.863813287064824e-08,9.830685752369896e-08,1.000580743023210e-07,1.383428791720294e+00,vn
3.900000000000000e+03,27,3.374896899216353e-22,2.043136113005978e-22,3.945165935243958e-22,5.443748913653360e-01,vn
3.900000000000000e+03,28,1.790110144238471e-08,9.384810751034721e-08,9.554013144288758e-08,1.382314981876636e+00,vn
3.900000000000000e+03,29,-9.578751493364060e-22,2.622162541793098e-22,9.931173977290251e-22,2.874390937108025e+00,vn
3.900000000000000e+03,30,1.580478409514428e-08,8.326743126408019e-08,8.475409317320577e-08,1.383220166552710e+00,vn
3.900000000000000e+03,31,-1.654361225106055e-24,3.970466940254533e-23,3.973912031523287e-23,1.612438905893485e+00,vn
3.900000000000000e+03,32,1.384387563891153e-08,7.256408550126992e-08,7.387285968027269e-08,1.382280343193015e+00,vn
3.900000000000000e+03,33,-1.703992061859237e-22,2.977850205190900e-23,1.729816425325199e-22,2.968582502912631e+00,vn
3.900000000000000e+03,34,1.231843949855591e-08,6.430369098713296e-08,6.547296103162180e-08,1.381522798739297e+00,vn
3.900000000000000e+03,35,-1.124965633072118e-22,-9.760731228125727e-23,1.489384576484676e-22,-2.426942357945952e+00,vn
3.900000000000000e+03,36,1.146831339910729e-08,6.044562377692858e-08,6.152394368050652e-08,1.383295541506597e+00,vn
3.900000000000000e+03,37,-4.483318920037410e-22,5.078888961075590e-22,6.774604166864724e-22,2.293991104579096e+00,vn
3.900000000000000e+03,38,1.055659444534198e-08,5.543780692706367e-08,5.643396249746967e-08,1.382626830192903e+00,vn
3.900000000000000e+03,39,5.260868695837256e-22,-1.230844751478905e-21,1.338561241255540e-21,-1.166878250036554e+00,vn
3.900000000000000e+03,40,8.882483202695217e-09,4.688953435809780e-08,4.772344224975182e-08,1.383580486671514e+00,vn
3.950000000000000e+03,0,3.259311533878202e-10,1.638744163950509e-08,1.639068255457758e-08,1.550909867763842e+00,vn
3.950000000000000e+03,1,-1.621274000603934e-22,-1.315217173959314e-22,2.087660317128199e-22,-2.460044885801717e+00,vn
3.950000000000000e+03,2,-9.092814635440146e-08,3.096650476891715e-07,3.227388566004787e-07,1.856402450439426e+00,vn
3.950000000000000e+03,3,1.431022459716738e-22,-1.172528518293917e-22,1.850040109410137e-22,-6.864373361911428e-01,vn
3.950000000000000e+03,4,1.857154808232838e-07,-5.865954039003552e-07,6.152921319945871e-07,-1.264181566248400e+00,vn
3.950000000000000e+03,5,1.579914969976283e-22,-9.967526381263983e-23,1.868059724411159e-22,-5.628236506943762e-01,vn
3.950000000000000e+03,6,8.079960107507808e-08,-2.765491640418793e-07,2.881111168736014e-07,-1.286537636050749e+00,vn
3.950000000000000e+03,7,2.977850205190900e-23,1.282129949457193e-23,3.242136494944435e-23,4.065668265945415e-01,vn
3.950000000000000e+03,8,4.951979577371397e-08,-1.704058305018152e-07,1.774552260219003e-07,-1.287986289061062e+00,vn
3.950000000000000e+03,9,-9.098986738083304e-24,-7.444625512977249e-23,7.500024308298603e-23,-1.692415350056243e+00,vn
3.950000000000000e+03,10,4.573495427318927e-08,-1.504008333057046e-07,1.572008164782265e-07,-1.275594123684898e+00,vn
3.950000000000000e+03,11,1.679176643482646e-22,1.646089418980525e-22,2.351434578145284e-22,7.754482430046431e-01,vn
3.950000000000000e+03,12,3.803532705772285e-08,-1.289538944088153e-07,1.344462457177136e-07,-1.283976293287961e+00,vn
3.950000000000000e+03,13,-8.519960309296185e-23,-2.481541837659083e-24,8.523573439051421e-23,-3.112474672082755e+00,vn
3.950000000000000e+03,14,3.426496045060190e-08,-1.157524248527720e-07,1.207174857838662e-07,-1.282995471050726e+00,vn
3.950000000000000e+03,15,-1.439294265842268e-22,4.135903062765138e-23,1.497539623893917e-22,2.861775545066550e+00,vn
3.950000000000000e+03,16,2.556388853559197e-08,-8.790192194295181e-08,9.154376154782456e-08,-1.287780044014436e+00,vn
3.950000000000000e+03,17,-1.687448449608176e-22,4.466775307786349e-23,1.745566694969727e-22,2.882821761626095e+00,vn
3.950000000000000e+03,18,2.348198972702363e-08,-7.945438868915071e-08,8.285169716732835e-08,-1.283435821948776e+00,vn
3.950000000000000e+03,19,1.149781051448708e-22,1.199411888201890e-23,1.156020049586554e-22,1.039406094158496e-01,vn
3.950000000000000e+03,20,2.148550578923652e-08,-7.245233915725838e-08,7.557094950030542e-08,-1.282510653868383e+00,vn
3.950000000000000e+03,21,-2.531172674412265e-22,2.977850205190900e-23,2.548629244542425e-22,3.024483909022929e+00,vn
3.950000000000000e+03,22,1.863879629142044e-08,-6.398746059141764e-08,6.664682918287481e-08,-1.287350989262424e+00,vn
3.950000000000000e+03,23,3.085383684822793e-22,1.985233470127266e-23,3.091763898146140e-22,6.425458897509968e-02,vn
3.950000000000000e+03,24,1.622964282845614e-08,-5.511051156197218e-08,5.745058564507004e-08,-1.284399736775260e+00,vn
3.950000000000000e+03,25,2.204436332453819e-22,-3.912564297375821e-22,4.490846125725351e-22,-1.057704513717494e+00,vn
3.950000000000000e+03,26,1.387489434198191e-08,-4.723241683201315e-08,4.922818189608672e-08,-1.285076046228610e+00,vn
3.950000000000000e+03,27,-8.644037401179139e-23,-1.646089418980525e-22,1.859248289285076e-22,-2.054341806868843e+00,vn
3.950000000000000e+03,28,1.352249715376175e-08,-4.558438180225107e-08,4.754780534963620e-08,-1.282417965488400e+00,vn
3.950000000000000e+03,29,4.826598874246916e-22,5.872982349126496e-23,4.862198670315017e-22,1.210842739877911e-01,vn
3.950000000000000e+03,30,1.173809307205651e-08,-3.994550542568032e-08,4.163443565945523e-08,-1.284988790833111e+00,vn
3.950000000000000e+03,31,1.075334796318936e-23,-2.150669592637872e-23,2.404521703140032e-23,-1.107148717794090e+00,vn
3.950000000000000e+03,32,1.022426529499883e-08,-3.491869387948197e-08,3.638476031350885e-08,-1.285956164141195e+00,vn
3.950000000000000e+03,33,8.644037401179139e-23,1.240770918829542e-23,8.732633913430524e-23,1.425668468683698e-01,vn
3.950000000000000e+03,34,9.314452339531124e-09,-3.133982407827904e-08,3.269470286824573e-08,-1.281902791318968e+00,vn
3.950000000000000e+03,35,1.985233470127266e-23,9.347140921849213e-23,9.555636836120432e-23,1.361516776347356e+00,vn
3.950000000000000e+03,36,8.515303909835942e-09,-2.893064080925447e-08,3.015779133675023e-08,-1.284544729880628e+00,vn
3.950000000000000e+03,37,4.094544032137487e-22,-1.546827745474162e-22,4.376981483314887e-22,-3.612037554936817e-01,vn
3.950000000000000e+03,38,7.905870303954419e-09,-2.681224942805182e-08,2.795352401138385e-08,-1.284061415904518e+00,vn
3.950000000000000e+03,39,-4.350970022028926e-22,4.450231695535289e-22,6.223785204884668e-22,2.344916772853949e+00,vn
3.950000000000000e+03,40,6.574827081938910e-09,-2.247456332843703e-08,2.341654005102641e-08,-1.286192692834914e+00,vn
4.000000000000000e+03,0,-2.645790289511391e-07,6.286075939398093e-07,6.820187458710529e-07,1.969186540733371e+00,vn
4.000000000000000e+03,1,5.955700410381799e-22,1.220918584128269e-21,1.358435078629817e-21,1.116952325273386e+00,vn
4.000000000000000e+03,2,4.077242881837876e-07,-1.953005048385226e-06,1.995110977914049e-06,-1.364984716705055e+00,vn
4.000000000000000e+03,3,-4.698385879301197e-22,1.674213559807328e-21,1.738890261790805e-21,1.844391368131623e+00,vn
4.000000000000000e+03,4,-1.518846517379836e-06,5.533772287224605e-06,5.738425783279931e-06,1.838668396128989e+00,vn
4.000000000000000e+03,5,-1.634508890404783e-21,4.632211430296955e-23,1.635165144896922e-21,3.113260156172251e+00,vn
4.000000000000000e+03,6,-7.597181759763530e-07,2.702714046957983e-06,2.807460583255415e-06,1.844819712656094e+00,vn
4.000000000000000e+03,7,-5.227781471335135e-22,2.249931266144235e-22,5.691387336529500e-22,2.735174150933648e+00,vn
4.000000000000000e+03,8,-5.216742316267320e-07,1.717087395439861e-06,1.794584388520580e-06,1.865748009431922e+00,vn
4.000000000000000e+03,9,5.095432573326650e-22,1.852884572118782e-22,5.421864471463120e-22,3.487710035839070e-01,vn
4.000000000000000e+03,10,-3.952912241313877e-07,1.434576704576938e-06,1.488040817044384e-06,1.839669658506671e+00,vn
4.000000000000000e+03,11,-1.396280873989511e-21,-9.396771758602394e-22,1.683031037711898e-21,-2.549228027544610e+00,vn
4.000000000000000e+03,12,-3.564813626771120e-07,1.261871895998671e-06,1.311258801246883e-06,1.846123644135392e+00,vn
4.000000000000000e+03,13,9.264422860593910e-22,-2.646977960169689e-23,9.268203486281001e-22,-2.856365783875999e-02,vn
4.000000000000000e+03,14,-3.208643757343565e-07,1.123536595134637e-06,1.168455573918894e-06,1.848975776320560e+00,vn
4.000000000000000e+03,15,1.528629771997995e-21,-2.779326858178173e-22,1.553690946644328e-21,-1.798534997924783e-01,vn
4.000000000000000e+03,16,-2.446689421218696e-07,8.631330400363002e-07,8.971407559805430e-07,1.847016226829319e+00,vn
4.000000000000000e+03,17,1.879354351720479e-21,-4.499862532288471e-22,1.932475202279615e-21,-2.350122157206571e-01,vn
4.000000000000000e+03,18,-2.189435633423175e-07,7.730791022817913e-07,8.034846497064220e-07,1.846778971699325e+00,vn
4.000000000000000e+03,19,-9.529120656610879e-22,-1.852884572118782e-22,9.707590933174098e-22,-2.949544636349063e+00,vn
4.000000000000000e+03,20,-1.941186157369082e-07,6.988010157851561e-07,7.252619503586131e-07,1.841752772249528e+00,vn
4.000000000000000e+03,21,2.335958049849750e-21,-4.235164736271502e-22,2.374040061602041e-21,-1.793548710629230e-01,vn
4.000000000000000e+03,22,-1.789294159222982e-07,6.270419545168710e-07,6.520715824252982e-07,1.848763576526226e+00,vn
4.000000000000000e+03,23,-2.961306592939839e-21,-3.242548001207868e-22,2.979006195493781e-21,-3.032529936154736e+00,vn
4.000000000000000e+03,24,-1.509983450948323e-07,5.336411794076207e-07,5.545930116589412e-07,1.846546398375145e+00,vn
4.000000000000000e+03,25,-1.922367743573236e-21,4.129285617864714e-21,4.554832319134836e-21,2.006501908776566e+00,vn
4.000000000000000e+03,26,-1.292678850040386e-07,4.591725320003033e-07,4.770215930510766e-07,1.845217265287976e+00,vn
4.000000000000000e+03,27,1.141509245323178e-21,1.879354351720479e-21,2.198867012006182e-21,1.024957524739080e+00,vn
4.000000000000000e+03,28,-1.242953788675749e-07,4.398531423590764e-07,4.570778139999665e-07,1.846199389582281e+00,vn
4.000000000000000e+03,29,-4.691768434400773e-21,-8.205631676526035e-22,4.762983828877393e-21,-2.968449628439928e+00,vn
4.000000000000000e+03,30,-1.094189278416260e-07,3.871041798859319e-07,4.022712366739274e-07,1.846270084078710e+00,vn
4.000000000000000e+03,31,-1.621274000603934e-22,3.639594695233322e-22,3.984366816773378e-22,1.989863826494717e+00,vn
4.000000000000000e+03,32,-9.764311982257149e-08,3.404896783759608e-07,3.542137771590065e-07,1.850074179276675e+00,vn
4.000000000000000e+03,33,-8.635765595053609e-22,-2.448454613156962e-22,8.976156048409654e-22,-2.865318308271165e+00,vn
4.000000000000000e+03,34,-8.465254063986781e-08,3.014432246267879e-07,3.131039289280488e-07,1.844569110463611e+00,vn
4.000000000000000e+03,35,-1.919059021123024e-22,-7.014491594449675e-22,7.272267861895545e-22,-1.837846460373346e+00,vn
4.000000000000000e+03,36,-7.953749895868012e-08,2.811341347498586e-07,2.921688132949061e-07,1.846507491016031e+00,vn
4.000000000000000e+03,37,-2.891823421485385e-21,1.124965633072118e-21,3.102932544649462e-21,2.770590940749311e+00,vn
4.000000000000000e+03,38,-7.382507620315122e-08,2.597157479165224e-07,2.700044658746217e-07,1.847744805905901e+00,vn
4.000000000000000e+03,39,5.247633806036408e-21,-4.221929846470653e-21,6.735157918770418e-21,-6.775029422585552e-01,vn
4.000000000000000e+03,40,-6.196077130818015e-08,2.189516141070191e-07,2.275498769526663e-07,1.846574035134381e+00,vn
4.050000000000000e+03,0,-6.171993479927299e-09,2.650949264904989e-08,2.721849929783594e-08,1.799543287409479e+00,vn
4.050000000000000e+03,1,-1.861156378244312e-22,1.158052857574239e-23,1.864755728906294e-22,3.079450545302325e+00,vn
4.050000000000000e+03,2,1.067461742858768e-07,2.843745268761638e-07,3.037492670949394e-07,1.211699746264172e+00,vn
4.050000000000000e+03,3,-2.001777082378327e-22,-1.273858143331663e-22,2.372725449112787e-22,-2.574863436066287e+00,vn
4.050000000000000e+03,4,-2.358674003675519e-07,-4.933091998662590e-07,5.467974005322591e-07,-2.016797792373639e+00,vn
4.050000000000000e+03,5,6.286572655403010e-23,-2.444318710094197e-22,2.523866857429917e-22,-1.319061009732247e+00,vn
4.050000000000000e+03,6,-1.142900938143681e-07,-2.562551284743745e-07,2.805867359899880e-07,-1.990319872906298e+00,vn
4.050000000000000e+03,7,6.203854594147708e-23,4.135903062765138e-25,6.203992456051351e-23,6.666567903868229e-03,vn
4.050000000000000e+03,8,-7.243660653758655e-08,-1.516867942183350e-07,1.680950490255934e-07,-2.016315543282780e+00,vn
4.050000000000000e+03,9,-6.534726839168919e-23,-2.316105715148477e-23,6.933036892033537e-23,-2.800976413171480e+00,vn
4.050000000000000e+03,10,-6.170409932833570e-08,-1.311278654135472e-07,1.449203676569807e-07,-2.010619358193177e+00,vn
4.050000000000000e+03,11,2.101038755884690e-22,1.033975765691285e-23,2.103581448998316e-22,4.917292705677138e-02,vn
4.050000000000000e+03,12,-5.385834206072356e-08,-1.157250417247328e-07,1.276440609339935e-07,-2.006382179870389e+00,vn
4.050000000000000e+03,13,-5.459392042849983e-23,-4.549493369041652e-24,5.478315468890346e-23,-3.058451421701352e+00,vn
4.050000000000000e+03,14,-4.806066199597450e-08,-1.029683361297207e-07,1.136323258444289e-07,-2.007493439054823e+00,vn
4.050000000000000e+03,15,-6.121136532892405e-23,5.997059441009451e-23,8.569307696267571e-23,2.366433040265245e+00,vn
4.050000000000000e+03,16,-3.698062642707334e-08,-7.921814222044075e-08,8.742471497120669e-08,-2.007549529217233e+00,vn
4.050000000000000e+03,17,-8.768114493062093e-23,1.348304398461435e-22,1.608329278644428e-22,2.147387157559539e+00,vn
4.050000000000000e+03,18,-3.321311079414451e-08,-7.019522523386235e-08,7.765616765110666e-08,-2.012736940715981e+00,vn
4.050000000000000e+03,19,6.286572655403010e-23,-6.203854594147708e-23,8.832259483110110e-23,-7.787757436547805e-01,vn
4.050000000000000e+03,20,-3.000430430884337e-08,-6.456749004176852e-08,7.119844834932537e-08,-2.005804653155906e+00,vn
4.050000000000000e+03,21,-1.604730388352874e-22,1.836340959867721e-22,2.438710261632380e-22,2.288988164409980e+00,vn
4.050000000000000e+03,22,-2.682188759194224e-08,-5.752748094296288e-08,6.347302354258652e-08,-2.007076989333871e+00,vn
4.050000000000000e+03,23,2.208572235516584e-22,-1.753622898612419e-22,2.820103648810189e-22,-6.710762769980626e-01,vn
4.050000000000000e+03,24,-2.290919224061582e-08,-4.905761985029234e-08,5.414315427173863e-08,-2.007685188411380e+00,vn
4.050000000000000e+03,25,-9.760731228125727e-23,-4.392329052656577e-22,4.499474774669607e-22,-1.789465272668838e+00,vn
4.050000000000000e+03,26,-1.969871669400970e-08,-4.221159470844706e-08,4.658173641268703e-08,-2.007422951570514e+00,vn
4.050000000000000e+03,27,-1.315217173959314e-22,-6.534726839168919e-23,1.468612530010237e-22,-2.680463930949364e+00,vn
4.050000000000000e+03,28,-1.886111330451318e-08,-4.044601738906744e-08,4.462759143985288e-08,-2.007145407374587e+00,vn
4.050000000000000e+03,29,4.168990287267259e-22,-2.804142276554764e-22,5.024310293213436e-22,-5.921121694536622e-01,vn
4.050000000000000e+03,30,-1.657024165462016e-08,-3.589403271083800e-08,3.953421926305384e-08,-2.003290571360258e+00,vn
4.050000000000000e+03,31,-2.067951531382569e-23,-4.177262093392790e-23,4.661109538837703e-23,-2.030475702656669e+00,vn
4.050000000000000e+03,32,-1.458696202688641e-08,-3.120416788875367e-08,3.444531252294500e-08,-2.008081631203033e+00,vn
4.050000000000000e+03,33,8.437242248040882e-23,-4.384057246531047e-23,9.508260339987928e-23,-4.792105547378178e-01,vn
4.050000000000000e+03,34,-1.295288980387289e-08,-2.780171435957427e-08,3.067103968897423e-08,-2.006795840433920e+00,vn
4.050000000000000e+03,35,7.610061635487855e-23,4.466775307786349e-23,8.824121471635231e-23,5.307734972029068e-01,vn
4.050000000000000e+03,36,-1.204342185151432e-08,-2.589431890268799e-08,2.855800695650236e-08,-2.006135396752198e+00,vn
4.050000000000000e+03,37,2.225115847767644e-22,-3.523789409475898e-22,4.167521126319724e-22,-1.007568388920434e+00,vn
4.050000000000000e+03,38,-1.113506022399942e-08,-2.391336444717515e-08,2.637875215728588e-08,-2.006581505283920e+00,vn
4.050000000000000e+03,39,-2.067951531382569e-23,5.848166930749906e-22,5.851821997060253e-22,1.606142278699841e+00,vn
4.050000000000000e+03,40,-9.392141847189406e-09,-2.017203774414847e-08,2.225136928885674e-08,-2.006548889635435e+00,vn
4.100000000000000e+03,0,4.471896914964540e-08,-3.891129292141453e-07,3.916741731125751e-07,-1.456372901288009e+00,vn
4.100000000000000e+03,1,1.535247216898419e-21,2.746239633676052e-22,1.559616086814340e-21,1.770072076685534e-01,vn
4.100000000000000e+03,2,-6.402303065489957e-07,-3.368026442834818e-06,3.428337347032578e-06,-1.758645755045162e+00,vn
4.100000000000000e+03,3,3.374896899216353e-22,2.127508535486387e-21,2.154110456631886e-21,1.413475772303458e+00,vn
4.100000000000000e+03,4,1.413934681260191e-06,5.833173754336932e-06,6.002093579006876e-06,1.332987609269230e+00,vn
4.100000000000000e+03,5,-8.337980574534519e-22,1.917404659897918e-21,2.090851460628277e-21,1.980986764790322e+00,vn
4.100000000000000e+03,6,7.318398683595078e-07,2.884621274462550e-06,2.976008986881997e-06,1.322334624199561e+00,vn
4.100000000000000e+03,7,-3.507245797224837e-22,2.101038755884690e-22,4.088414966203990e-22,2.601867115733832e+00,vn
4.100000000000000e+03,8,4.604644480455241e-07,1.783358508784817e-06,1.841845563224310e-06,1.318114357337522e+00,vn
4.100000000000000e+03,9,3.110199103199384e-22,-4.086272226011957e-22,5.135266221591531e-22,-9.202077078131796e-01,vn
4.100000000000000e+03,10,3.777158285140926e-07,1.540351153649032e-06,1.585985789235828e-06,1.330327083546719e+00,vn
4.100000000000000e+03,11,-2.316105715148477e-21,-9.826905677129969e-22,2.515954378683273e-21,-2.740327168107596e+00,vn
4.100000000000000e+03,12,3.389615846603768e-07,1.340715465152392e-06,1.382900182361066e-06,1.323163979611180e+00,vn
4.100000000000000e+03,13,7.543887186483612e-22,-6.352747104407253e-22,9.862435280139808e-22,-6.998928697192437e-01,vn
4.100000000000000e+03,14,3.017829022319461e-07,1.203797467842545e-06,1.241048453390785e-06,1.325166079076731e+00,vn
4.100000000000000e+03,15,9.595295105615121e-22,-1.128274355522330e-21,1.481114412517731e-21,-8.660469434092907e-01,vn
4.100000000000000e+03,16,2.341554576534290e-07,9.233690415347518e-07,9.525960136457075e-07,1.322443432056704e+00,vn
4.100000000000000e+03,17,1.177905192275511e-21,-1.134891800422754e-21,1.635677242201654e-21,-7.668023100729524e-01,vn
4.100000000000000e+03,18,2.080949259179572e-07,8.269386341563468e-07,8.527197680675431e-07,1.324270081716745e+00,vn
4.100000000000000e+03,19,-7.808584982500581e-22,2.845501307182415e-22,8.310889069053348e-22,2.792141378001979e+00,vn
4.100000000000000e+03,20,1.883349695726107e-07,7.528490097255097e-07,7.760487692204639e-07,1.325664254347130e+00,vn
4.100000000000000e+03,21,2.236696376343387e-21,-1.591495498552025e-21,2.745117229165086e-21,-6.184279943725194e-01,vn
4.100000000000000e+03,22,1.706113967006047e-07,6.707306879494689e-07,6.920895205400086e-07,1.321712286816568e+00,vn
4.100000000000000e+03,23,-2.825648972481143e-21,1.426059376041420e-21,3.165112550870724e-21,2.674204996576485e+00,vn
4.100000000000000e+03,24,1.444684158294812e-07,5.748584345429545e-07,5.927337875787545e-07,1.324583887904914e+00,vn
4.100000000000000e+03,25,3.441071348220595e-22,4.827426054859470e-21,4.839674786116471e-21,1.499634989626686e+00,vn
4.100000000000000e+03,26,1.244312967439912e-07,4.927925141553900e-07,5.082593920597842e-07,1.323463845894965e+00,vn
4.100000000000000e+03,27,1.270549420881451e-21,1.257314531080602e-21,1.787494240821106e-21,7.801626091410407e-01,vn
4.100000000000000e+03,28,1.185991521623493e-07,4.729748927383928e-07,4.876176863635303e-07,1.325110517894857e+00,vn
4.100000000000000e+03,29,-4.857204556911379e-21,2.517937784611416e-21,5.471055363899593e-21,2.663339645555409e+00,vn
4.100000000000000e+03,30,1.049195719492829e-07,4.167691273320682e-07,4.297727563203075e-07,1.324175923100939e+00,vn
4.100000000000000e+03,31,1.455837878093329e-22,3.407984123718474e-22,3.705916852117497e-22,1.167076872915298e+00,vn
4.100000000000000e+03,32,9.230293442197702e-08,3.649210000624380e-07,3.764135597842852e-07,1.323052996905902e+00,vn
4.100000000000000e+03,33,-9.859992901632090e-22,4.896909226313924e-22,1.100904991318477e-21,2.680633210156874e+00,vn
4.100000000000000e+03,34,8.107845788439925e-08,3.251214207801868e-07,3.350785797138331e-07,1.326402210651149e+00,vn
4.100000000000000e+03,35,-6.551270451419979e-22,-6.418921553411495e-22,9.171788180965541e-22,-2.366398217686299e+00,vn
4.100000000000000e+03,36,7.597666729936442e-08,3.014874499885802e-07,3.109133906323993e-07,1.323930491198532e+00,vn
4.100000000000000e+03,37,-3.182990997104050e-21,3.414601568618898e-21,4.668076216179431e-21,2.321103584657803e+00,vn
4.100000000000000e+03,38,7.014794911774650e-08,2.793929315291581e-07,2.880644805488569e-07,1.324808280259077e+00,vn
4.100000000000000e+03,39,1.171287747375087e-21,-6.180693536996223e-21,6.290698497418064e-21,-1.383509768565407e+00,vn
4.100000000000000e+03,40,5.936290996320160e-08,2.352697758103305e-07,2.426434060285636e-07,1.323636767069859e+00,vn
4.150000000000000e+03,0,-8.786236420975546e-08,2.941435659422840e-08,9.265527194056551e-08,2.818542769924659e+00,vn
4.150000000000000e+03,1,5.145063410079832e-22,1.000888541189163e-22,5.241512698222345e-22,1.921340794635048e-01,vn
4.150000000000000e+03,2,-2.306864145545639e-07,-6.273477475572687e-07,6.684170989922524e-07,-1.923166639274377e+00,vn
4.150000000000000e+03,3,6.948317145445432e-23,4.363377731217221e-22,4.418354482929052e-22,1.412880518017551e+00,vn
4.150000000000000e+03,4,2.415499612624733e-07,1.340572465298142e-06,1.362160386482238e-06,1.392524986594103e+00,vn
4.150000000000000e+03,5,-2.349192939650599e-22,2.330581375868155e-22,3.309126322346689e-22,2.360171490877430e+00,vn
4.150000000000000e+03,6,1.208488990251461e-07,6.590081393239842e-07,6.699971523005525e-07,1.389431423526637e+00,vn
4.150000000000000e+03,7,-1.075334796318936e-22,-1.199411888201890e-23,1.082003148308677e-22,-3.030513313403401e+00,vn
4.150000000000000e+03,8,6.842735091439370e-08,4.124251484036173e-07,4.180631595691103e-07,1.406379485207551e+00,vn
4.150000000000000e+03,9,1.009160347314694e-22,1.137373342260413e-23,1.015549500413032e-22,1.122313147692485e-01,vn
4.150000000000000e+03,10,6.564868489733454e-08,3.510221622482541e-07,3.571082584009913e-07,1.385910683560445e+00,vn
4.150000000000000e+03,11,-4.168990287267259e-22,-1.269722240268897e-22,4.358058579546885e-22,-2.845954445430596e+00,vn
4.150000000000000e+03,12,5.556657520547948e-08,3.068486286456742e-07,3.118392617708634e-07,1.391649826055345e+00,vn
4.150000000000000e+03,13,1.703992061859237e-22,-5.231917374397900e-23,1.782503447683779e-22,-2.979018658092946e-01,vn
4.150000000000000e+03,14,5.008054795095844e-08,2.742399660414608e-07,2.787752145680993e-07,1.390170851148334e+00,vn
4.150000000000000e+03,15,2.332649327399538e-22,-1.530284133223101e-22,2.789806877368377e-22,-5.806014229003842e-01,vn
4.150000000000000e+03,16,3.869157789024023e-08,2.106742827462043e-07,2.141977861936583e-07,1.389164479609021e+00,vn
4.150000000000000e+03,17,2.977850205190900e-22,-2.990257914379195e-22,4.220098842333304e-22,-7.874771624811362e-01,vn
4.150000000000000e+03,18,3.456906296453412e-08,1.885893160038793e-07,1.917314534056866e-07,1.389505511799538e+00,vn
4.150000000000000e+03,19,-2.398823776403780e-22,1.315217173959314e-22,2.735717771429944e-22,2.640074120652495e+00,vn
4.150000000000000e+03,20,3.207894162347388e-08,1.711142070104273e-07,1.740951760862133e-07,1.385476447813770e+00,vn
4.150000000000000e+03,21,5.029258124322408e-22,-3.714040950363094e-22,6.252002676106029e-22,-6.360918768195473e-01,vn
4.150000000000000e+03,22,2.795919760876785e-08,1.529403598457343e-07,1.554749831988054e-07,1.389981836570007e+00,vn
4.150000000000000e+03,23,-6.319659879905131e-22,2.464998225408022e-22,6.783385382605594e-22,2.769691136556585e+00,vn
4.150000000000000e+03,24,2.430821909769210e-08,1.306573234217911e-07,1.328993065423892e-07,1.386853759026507e+00,vn
4.150000000000000e+03,25,2.150669592637872e-23,1.036457307528944e-21,1.036680417631112e-21,1.550049104647802e+00,vn
4.150000000000000e+03,26,2.081634379976440e-08,1.122374340020960e-07,1.141514860199588e-07,1.387413021217583e+00,vn
4.150000000000000e+03,27,3.589963858480140e-22,2.862044919433476e-22,4.591202633956443e-22,6.730527052230714e-01,vn
4.150000000000000e+03,28,1.993408769652484e-08,1.075739006926151e-07,1.094052647842752e-07,1.387568716928456e+00,vn
4.150000000000000e+03,29,-9.942710962887393e-22,4.168990287267259e-22,1.078137195846845e-21,2.744558855874708e+00,vn
4.150000000000000e+03,30,1.762367982470166e-08,9.476332779644193e-08,9.638818592348078e-08,1.386921276978039e+00,vn
4.150000000000000e+03,31,3.143286327701505e-23,-5.790264287871194e-24,3.196172796196911e-23,-1.821683104727635e-01,vn
4.150000000000000e+03,32,1.523238939132366e-08,8.315327987584804e-08,8.453693654657722e-08,1.389620580067186e+00,vn
4.150000000000000e+03,33,-1.654361225106055e-22,7.113753267956038e-23,1.800823677850766e-22,2.735494595272177e+00,vn
4.150000000000000e+03,34,1.381635831537162e-08,7.386875323397017e-08,7.514974691534175e-08,1.385893488180837e+00,vn
4.150000000000000e+03,35,-1.505468714846510e-22,-1.249042724955072e-22,1.956155356853027e-22,-2.449020048073378e+00,vn
4.150000000000000e+03,36,1.266521901928436e-08,6.868028551527134e-08,6.983830890897654e-08,1.388436679391609e+00,vn
4.150000000000000e+03,37,-5.839895124624375e-22,7.775497757998460e-22,9.724337532770581e-22,2.214977939055781e+00,vn
4.150000000000000e+03,38,1.174664672837770e-08,6.353689730101087e-08,6.461362881003132e-08,1.387981426624953e+00,vn
4.150000000000000e+03,39,5.790264287871194e-22,-1.300327922933360e-21,1.423419935364877e-21,-1.151863949186716e+00,vn
4.150000000000000e+03,40,9.922794032792311e-09,5.355470778528966e-08,5.446621491700138e-08,1.387590630684590e+00,vn
4.200000000000000e+03,0,-2.723740342832617e-07,8.982066905737561e-08,2.868019650240458e-07,2.823052904984174e+00,vn
4.200000000000000e+03,1,2.084495143633630e-21,1.654361225106055e-23,2.084560791854846e-21,7.936341307466063e-03,vn
4.200000000000000e+03,2,-1.222998538224124e-06,-2.499844674389153e-06,2.782974814936376e-06,-2.025790721154438e+00,vn
4.200000000000000e+03,3,1.839649682317934e-21,2.853773113307945e-21,3.395339737918990e-21,9.981999917213340e-01,vn
4.200000000000000e+03,4,1.806851625545679e-06,5.309985440522045e-06,5.608980136824622e-06,1.242811956021541e+00,vn
4.200000000000000e+03,5,-1.098495853470421e-21,1.287093033132511e-21,1.692129314216250e-21,2.277301711328481e+00,vn
4.200000000000000e+03,6,8.099643319241714e-07,2.604049657167911e-06,2.727107778578926e-06,1.269241863097024e+00,vn
4.200000000000000e+03,7,-8.470329472543003e-22,5.095432573326650e-22,9.884832547026222e-22,2.600025048197948e+00,vn
4.200000000000000e+03,8,5.458408876268569e-07,1.629362254845074e-06,1.718360739809630e-06,1.247544022205159e+00,vn
4.200000000000000e+03,9,4.168990287267259e-22,-4.781103940556500e-22,6.343456069504513e-22,-8.536836954554540e-01,vn
4.200000000000000e+03,10,4.778797344176568e-07,1.391071836597044e-06,1.470867055562998e-06,1.239893911173703e+00,vn
4.200000000000000e+03,11,-1.740388008811570e-21,-9.595295105615121e-23,1.743031092674909e-21,-3.086515333956740e+00,vn
4.200000000000000e+03,12,3.984107642167360e-07,1.215707899608734e-06,1.279326711287950e-06,1.254107015185746e+00,vn
4.200000000000000e+03,13,8.602678370551488e-22,-5.459392042849983e-22,1.018877012326258e-21,-5.654838881548245e-01,vn
4.200000000000000e+03,14,3.696694709995596e-07,1.084693631600819e-06,1.145956278496029e-06,1.242336034128852e+00,vn
4.200000000000000e+03,15,9.198248411589668e-22,-6.766337410683766e-22,1.141889205643571e-21,-6.342286999550608e-01,vn
4.200000000000000e+03,16,2.824647513566525e-07,8.343742838400091e-07,8.808897668224463e-07,1.244371758411699e+00,vn
4.200000000000000e+03,17,1.019086514665330e-21,-1.219264222903163e-21,1.589069718301996e-21,-8.745917759891815e-01,vn
4.200000000000000e+03,18,2.570999231409937e-07,7.473883521662787e-07,7.903731520193043e-07,1.239478684507892e+00,vn
4.200000000000000e+03,19,-7.543887186483612e-22,5.575197328607407e-22,9.380461563020383e-22,2.505146101488019e+00,vn
4.200000000000000e+03,20,2.306453722361446e-07,6.776237592780252e-07,7.158011224299894e-07,1.242722794083437e+00,vn
4.200000000000000e+03,21,1.919059021123024e-21,-1.751968537387313e-21,2.598495965467081e-21,-7.399135581107424e-01,vn
4.200000000000000e+03,22,2.047911410488002e-07,6.054290196457710e-07,6.391273028758113e-07,1.244620240962812e+00,vn
4.200000000000000e+03,23,-2.388897609053144e-21,1.507123076071616e-21,2.824579925045032e-21,2.578771596394293e+00,vn
4.200000000000000e+03,24,1.786769235309201e-07,5.171398096612033e-07,5.471371178588598e-07,1.238127183847272e+00,vn
4.200000000000000e+03,25,5.161607022330893e-22,4.078000419886426e-21,4.110536375599129e-21,1.444893809521824e+00,vn
4.200000000000000e+03,26,1.510535979908269e-07,4.446411889691476e-07,4.695987397703188e-07,1.243308639376205e+00,vn
4.200000000000000e+03,27,1.574951886300965e-21,9.859992901632090e-22,1.858135636697526e-21,5.593543170876099e-01,vn
4.200000000000000e+03,28,1.453465744757311e-07,4.258533325167998e-07,4.499740965072248e-07,1.241887033306820e+00,vn
4.200000000000000e+03,29,-3.930762270851988e-21,2.359119107001235e-21,4.584357642131750e-21,2.601049375624582e+00,vn
4.200000000000000e+03,30,1.268263711859469e-07,3.749179412409528e-07,3.957883160131816e-07,1.244602480836369e+00,vn
4.200000000000000e+03,31,6.617444900424221e-23,0.000000000000000e+00,6.617444900424221e-23,0.000000000000000e+00,vn
4.200000000000000e+03,32,1.121390397162191e-07,3.292019328221899e-07,3.477773379654594e-07,1.242485084359109e+00,vn
4.200000000000000e+03,33,-8.933550615572699e-22,3.904292491250291e-22,9.749452623518550e-22,2.729570863352550e+00,vn
4.200000000000000e+03,34,1.001985668982213e-07,2.924940863592653e-07,3.091804381968540e-07,1.240759398471741e+00,vn
4.200000000000000e+03,35,-7.411538288475128e-22,-5.393217593845740e-22,9.166116724987745e-22,-2.512530974399275e+00,vn
4.200000000000000e+03,36,9.154954845967130e-08,2.719742667877077e-07,2.869691997721723e-07,1.246098717479913e+00,vn
4.200000000000000e+03,37,-1.971998580326418e-21,3.407984123718474e-21,3.937401959201852e-21,2.095362442167942e+00,vn
4.200000000000000e+03,38,8.586884847407676e-08,2.514389484649599e-07,2.656972034919237e-07,1.241705149697715e+00,vn
4.200000000000000e+03,39,1.244079641279754e-21,-5.641371777611649e-21,5.776920432815392e-21,-1.353742587319017e+00,vn
4.200000000000000e+03,40,7.214635282961204e-08,2.120586629360078e-07,2.239954748489849e-07,1.242861667429165e+00,vn
4.250000000000000e+03,0,-5.572670220189021e-10,1.560580864964037e-08,1.561575518964805e-08,1.606490109355380e+00,vn
4.250000000000000e+03,1,3.288042934898285e-23,-1.546827745474162e-22,1.581388104668182e-22,-1.361346977843215e+00,vn
4.250000000000000e+03,2,-2.123647306168892e-07,2.205115312687801e-08,2.135065155076279e-07,3.038127213404833e+00,vn
4.250000000000000e+03,3,1.784642171583157e-22,-6.038418471637102e-23,1.884030959665772e-22,-3.262628458821881e-01,vn
4.250000000000000e+03,4,4.256194686537510e-07,-4.774145206160439e-09,4.256462434458348e-07,-1.121646293430079e-02,vn
4.250000000000000e+03,5,6.255553382432272e-23,2.812414082680294e-23,6.858689458848409e-23,4.225102362921977e-01,vn
4.250000000000000e+03,6,2.133999029825480e-07,-1.168131745766613e-08,2.137193762168224e-07,-5.468451975927813e-02,vn
4.250000000000000e+03,7,-4.751118643351453e-23,3.970466940254533e-23,6.191747417882608e-23,2.445464598514511e+00,vn
4.250000000000000e+03,8,1.332178298955737e-07,-7.523062776523093e-09,1.334300815994112e-07,-5.641197463841980e-02,vn
4.250000000000000e+03,9,-1.633681709792230e-23,-3.556876633978019e-23,3.914113861175792e-23,-2.001359086008784e+00,vn
4.250000000000000e+03,10,1.129980964773444e-07,-4.142441768481279e-09,1.130740006867560e-07,-3.664298515797727e-02,vn
4.250000000000000e+03,11,-5.831623318498845e-23,1.488925102595450e-22,1.599054804072539e-22,1.944098217607556e+00,vn
4.250000000000000e+03,12,9.918824732797387e-08,-5.064943075233420e-09,9.931748112165688e-08,-5.101962946312792e-02,vn
4.250000000000000e+03,13,-4.714929491552258e-23,-6.327931686030662e-23,7.891342061612846e-23,-2.211152791865739e+00,vn
4.250000000000000e+03,14,8.859156762145470e-08,-4.576108347588644e-09,8.870967602936926e-08,-5.160812796883423e-02,vn
4.250000000000000e+03,15,-8.271806125530277e-25,-9.678013166870424e-23,9.678366656403089e-23,-1.579343127227508e+00,vn
4.250000000000000e+03,16,6.845350199405407e-08,-4.067182202324986e-09,6.857422187904777e-08,-5.934548626712549e-02,vn
4.250000000000000e+03,17,-5.914341379754148e-23,-1.042247571816815e-22,1.198363192242138e-22,-2.086945874668119e+00,vn
4.250000000000000e+03,18,6.101042476755954e-08,-3.173808364972454e-09,6.109292094715730e-08,-5.197390566152001e-02,vn
4.250000000000000e+03,19,3.639594695233322e-23,7.858215819253763e-23,8.660150426380631e-23,1.137054329200854e+00,vn
4.250000000000000e+03,20,5.535327453589236e-08,-2.825889698952956e-09,5.542536111236911e-08,-5.100761462425102e-02,vn
4.250000000000000e+03,21,-9.264422860593910e-23,-1.794981929240070e-22,2.019964216439825e-22,-2.047263746268603e+00,vn
4.250000000000000e+03,22,4.960782112515040e-08,-2.920906799645168e-09,4.969373817008669e-08,-5.881206407624532e-02,vn
4.250000000000000e+03,23,8.561319339923836e-23,2.134125980386811e-22,2.299446800550843e-22,1.189287946009857e+00,vn
4.250000000000000e+03,24,4.232816711077597e-08,-2.307039196676243e-09,4.239099150542219e-08,-5.444976598252270e-02,vn
4.250000000000000e+03,25,3.242548001207868e-22,3.929107909626881e-23,3.266266435824253e-22,1.205855762442991e-01,vn
4.250000000000000e+03,26,3.638076026770687e-08,-1.985832884742613e-09,3.643491800323536e-08,-5.453058518813754e-02,vn
4.250000000000000e+03,27,1.224227306578481e-22,-9.140345768710956e-23,1.527806174188442e-22,-6.413354381129963e-01,vn
4.250000000000000e+03,28,3.475756236610414e-08,-1.749536444059427e-09,3.480156633547850e-08,-5.029297205162347e-02,vn
4.250000000000000e+03,29,8.685396431806791e-23,3.403848220655709e-22,3.512911018092752e-22,1.320963332866357e+00,vn
4.250000000000000e+03,30,3.070191314183502e-08,-1.685179863142929e-09,3.074812680050484e-08,-5.483340962221286e-02,vn
4.250000000000000e+03,31,1.447566071967798e-23,-2.067951531382569e-24,1.462262551005720e-23,-1.418970546041639e-01,vn
4.250000000000000e+03,32,2.694920818563543e-08,-1.510312378377967e-09,2.699149616662628e-08,-5.598435917289805e-02,vn
4.250000000000000e+03,33,8.685396431806791e-24,7.113753267956038e-23,7.166578449241425e-23,1.449304602877271e+00,vn
4.250000000000000e+03,34,2.388271391503064e-08,-1.182664582209135e-09,2.391197857688087e-08,-4.947927175980371e-02,vn
4.250000000000000e+03,35,-5.087160767201120e-23,3.887748878999230e-23,6.402639769463065e-23,2.489047863711364e+00,vn
4.250000000000000e+03,36,2.223374174484667e-08,-1.191145153991235e-09,2.226562594571314e-08,-5.352259365757240e-02,vn
4.250000000000000e+03,37,2.096902852821925e-22,2.270610781458061e-22,3.090740185626465e-22,8.251499387932963e-01,vn
4.250000000000000e+03,38,2.056082680359830e-08,-1.102234332119347e-09,2.059035015172080e-08,-5.355719727861614e-02,vn
4.250000000000000e+03,39,-3.995282358631124e-22,-1.952146245625145e-22,4.446701709075776e-22,-2.687096203439255e+00,vn
4.250000000000000e+03,40,1.737745399338601e-08,-9.910245822087400e-10,1.740568978853724e-08,-5.696762539515240e-02,vn
4.300000000000000e+03,0,1.803404202904661e-07,-2.969725972541961e-07,3.474412046813747e-07,-1.025053616256341e+00,vn
4.300000000000000e+03,1,1.177905192275511e-21,1.366502371937602e-21,1.804103482204029e-21,8.593851006577853e-01,vn
4.300000000000000e+03,2,1.021527660711045e-06,-2.035361281857536e-06,2.277326131515320e-06,-1.105637787778767e+00,vn
4.300000000000000e+03,3,2.382280164152720e-22,1.167979024924875e-21,1.192026673556266e-21,1.369590224691654e+00,vn
4.300000000000000e+03,4,-1.622957671158597e-06,3.345324743592173e-06,3.718223936567373e-06,2.022487072555810e+00,vn
4.300000000000000e+03,5,-1.085260963669572e-21,-1.389663429089086e-22,1.094122024148351e-21,-3.014236917862190e+00,vn
4.300000000000000e+03,6,-8.217751467070432e-07,1.651210267063686e-06,1.844399560236857e-06,2.032586612469092e+00,vn
4.300000000000000e+03,7,-1.919059021123024e-22,-1.985233470127266e-23,1.929300144058149e-22,-3.038511045067093e+00,vn
4.300000000000000e+03,8,-5.256868883067157e-07,1.000454910884358e-06,1.130157835547861e-06,2.054594351433254e+00,vn
4.300000000000000e+03,9,2.514629062161204e-22,3.970466940254533e-23,2.545781883332168e-22,1.566018769820154e-01,vn
4.300000000000000e+03,10,-4.344617427082380e-07,8.852889136315858e-07,9.861508335321087e-07,2.027022242344374e+00,vn
4.300000000000000e+03,11,-7.146840492458159e-22,-1.263931975981026e-21,1.451997703219154e-21,-2.085420142871016e+00,vn
4.300000000000000e+03,12,-3.820027157021658e-07,7.656734024349745e-07,8.556762436810900e-07,2.033572181529072e+00,vn
4.300000000000000e+03,13,3.374896899216353e-22,-1.124965633072118e-22,3.557453689921136e-22,-3.217505543966422e-01,vn
4.300000000000000e+03,14,-3.455388924747204e-07,6.858262047069049e-07,7.679548875261709e-07,2.037502164581563e+00,vn
4.300000000000000e+03,15,8.073282778517550e-22,5.624828165360588e-23,8.092853745175826e-22,6.955972406556894e-02,vn
4.300000000000000e+03,16,-2.648740367949665e-07,5.274565368917172e-07,5.902276286974922e-07,2.036180226730110e+00,vn
4.300000000000000e+03,17,1.108422020821057e-21,-2.249931266144235e-22,1.131026650112529e-21,-2.002641693077840e-01,vn
4.300000000000000e+03,18,-2.366224586360356e-07,4.718881563314440e-07,5.278907273450176e-07,2.035593344263524e+00,vn
4.300000000000000e+03,19,-5.823351512373315e-22,-1.422750653591208e-22,5.994634455824207e-22,-2.901968691626911e+00,vn
4.300000000000000e+03,20,-2.135742981563444e-07,4.315098336233853e-07,4.814714086492123e-07,2.030392999607381e+00,vn
4.300000000000000e+03,21,1.723844396560510e-21,5.955700410381799e-23,1.724872905547215e-21,3.453520796047471e-02,vn
4.300000000000000e+03,22,-1.929108471683240e-07,3.821516705922208e-07,4.280823452230022e-07,2.038277984440234e+00,vn
4.300000000000000e+03,23,-1.952146245625145e-21,-3.838118042246048e-22,1.989519154311035e-21,-2.947458660778587e+00,vn
4.300000000000000e+03,24,-1.649583377614029e-07,3.282726941809487e-07,3.673883707220790e-07,2.036445118620577e+00,vn
4.300000000000000e+03,25,-1.727153119010722e-21,2.425293556005477e-21,2.977432909287824e-21,2.189624808696065e+00,vn
4.300000000000000e+03,26,-1.409799454342148e-07,2.817180205319870e-07,3.150244246198939e-07,2.034787298711328e+00,vn
4.300000000000000e+03,27,7.610061635487855e-23,1.058791184067875e-21,1.061522526972200e-21,1.499044713693264e+00,vn
4.300000000000000e+03,28,-1.353795562776470e-07,2.700189449096334e-07,3.020560459054647e-07,2.035539802290776e+00,vn
4.300000000000000e+03,29,-3.288870115510838e-21,-7.874759431504823e-22,3.381831603989326e-21,-2.906580437869136e+00,vn
4.300000000000000e+03,30,-1.195129201199961e-07,2.381141426127434e-07,2.664238784114714e-07,2.035974293117537e+00,vn
4.300000000000000e+03,31,-3.308722450212111e-24,2.911675756186657e-22,2.911863745711739e-22,1.582159474059187e+00,vn
4.300000000000000e+03,32,-1.053913576085926e-07,2.078064735389138e-07,2.330040100583283e-07,2.040156382464206e+00,vn
4.300000000000000e+03,33,-6.518183226917858e-22,-1.852884572118782e-22,6.776421903723905e-22,-2.864634375403237e+00,vn
4.300000000000000e+03,34,-9.289313525490187e-08,1.860100858266299e-07,2.079155756712702e-07,2.033962522817820e+00,vn
4.300000000000000e+03,35,-2.812414082680294e-23,-7.213014941462401e-22,7.218495776509427e-22,-1.609767411437893e+00,vn
4.300000000000000e+03,36,-8.633937394114320e-08,1.721653513753961e-07,1.926016503220109e-07,2.035636022944275e+00,vn
4.300000000000000e+03,37,-2.996048178667066e-21,3.904292491250291e-22,3.021380427464668e-21,3.012008149529813e+00,vn
4.300000000000000e+03,38,-8.024698879084735e-08,1.593866825828295e-07,1.784480142639812e-07,2.037218962546949e+00,vn
4.300000000000000e+03,39,2.969578399065369e-21,-2.335958049849750e-21,3.778239785780343e-21,-6.665348759986336e-01,vn
4.300000000000000e+03,40,-6.750246064000628e-08,1.344189592766968e-07,1.504162185586577e-07,2.036186103690897e+00,vn
4.350000000000000e+03,0,-1.544368951388962e-08,2.865733798765071e-08,3.255381031983619e-08,2.065084304135002e+00,vn
4.350000000000000e+03,1,1.629545806729465e-22,-8.106370003019671e-23,1.820041725479983e-22,-4.616150914744705e-01,vn
4.350000000000000e+03,2,-2.459515998799639e-07,-1.633169680657764e-07,2.952365518388800e-07,-2.555424069800313e+00,vn
4.350000000000000e+03,3,3.763671787116276e-22,9.843449289381029e-23,3.890264805930463e-22,2.558085646153719e-01,vn
4.350000000000000e+03,4,4.689516596874212e-07,4.136393448170075e-07,6.253104562569142e-07,7.228096367683754e-01,vn
4.350000000000000e+03,5,6.700162961679524e-23,1.455837878093329e-22,1.602618408861544e-22,1.139470021603026e+00,vn
4.350000000000000e+03,6,2.119850750387581e-07,1.986834209806352e-07,2.905387647315866e-07,7.530192363555188e-01,vn
4.350000000000000e+03,7,-6.369290716658313e-23,4.301339185275744e-23,7.685660870744843e-23,2.547619971717688e+00,vn
4.350000000000000e+03,8,1.421026227545238e-07,1.272130696778359e-07,1.907257730108138e-07,7.301677749048030e-01,vn
4.350000000000000e+03,9,2.895132143935597e-23,-1.240770918829542e-23,3.149809931386691e-23,-4.048917862850834e-01,vn
4.350000000000000e+03,10,1.222041930125571e-07,1.073805201858761e-07,1.626789504061286e-07,7.209203315580129e-01,vn
4.350000000000000e+03,11,-2.357464745776129e-22,8.850832554317396e-23,2.518136691409534e-22,2.782437515825669e+00,vn
4.350000000000000e+03,12,1.034351871397600e-07,9.392501091071877e-08,1.397166619026371e-07,7.372485073056577e-01,vn
4.350000000000000e+03,13,5.459392042849983e-23,-8.354524186785580e-23,9.980132056496996e-23,-9.919888663856159e-01,vn
4.350000000000000e+03,14,9.437058104620475e-08,8.348537738810493e-08,1.259984714376829e-07,7.242720520661654e-01,vn
4.350000000000000e+03,15,6.121136532892405e-23,-1.195275985139125e-22,1.342895306862529e-22,-1.097507143287087e+00,vn
4.350000000000000e+03,16,7.227436324726926e-08,6.425530644992169e-08,9.670743502839672e-08,7.267306627389746e-01,vn
4.350000000000000e+03,17,3.556876633978019e-23,-1.360712107649731e-22,1.406432065120090e-22,-1.315119070446814e+00,vn
4.350000000000000e+03,18,6.567616909472633e-08,5.779403568041813e-08,8.748434001116160e-08,7.216463287587968e-01,vn
4.350000000000000e+03,19,-6.369290716658313e-23,9.615974620928947e-23,1.153407266075862e-22,2.155815348941930e+00,vn
4.350000000000000e+03,20,5.876980271720238e-08,5.201783084311926e-08,7.848403937771207e-08,7.245282757645015e-01,vn
4.350000000000000e+03,21,9.678013166870424e-23,-2.696608796922870e-22,2.865019789150327e-22,-1.226218687876869e+00,vn
4.350000000000000e+03,22,5.240565317332327e-08,4.661319152780416e-08,7.013659607459147e-08,7.269661773735072e-01,vn
4.350000000000000e+03,23,-1.505468714846510e-22,2.589075317290977e-22,2.994953597301129e-22,2.097479126020250e+00,vn
4.350000000000000e+03,24,4.534569696056833e-08,3.973850281881454e-08,6.029411944062727e-08,7.195916114223294e-01,vn
4.350000000000000e+03,25,2.903403950061127e-22,3.813302623869458e-22,4.792810386238981e-22,9.200464668148828e-01,vn
4.350000000000000e+03,26,3.862079012591945e-08,3.423593146074676e-08,5.161070075997097e-08,7.252859901661116e-01,vn
4.350000000000000e+03,27,2.374008358027189e-22,5.790264287871194e-24,2.374714382833290e-22,2.438540917271854e-02,vn
4.350000000000000e+03,28,3.708777115873125e-08,3.276627891062972e-08,4.948870379360926e-08,7.236123147924628e-01,vn
4.350000000000000e+03,29,-2.316105715148477e-22,4.226892930145971e-22,4.819851608365286e-22,2.072060591666479e+00,vn
4.350000000000000e+03,30,3.236097414026218e-08,2.874751140083097e-08,4.328570270941230e-08,7.263350082940950e-01,vn
4.350000000000000e+03,31,1.406207041340147e-23,1.530284133223101e-23,2.078265568090129e-23,8.276265655104502e-01,vn
4.350000000000000e+03,32,2.867208805286171e-08,2.537731981585834e-08,3.828964604625396e-08,7.245150493033573e-01,vn
4.350000000000000e+03,33,-4.218621124020441e-23,7.982292911136717e-23,9.028497344919307e-23,2.056981102904915e+00,vn
4.350000000000000e+03,34,2.551806706825510e-08,2.248595879776741e-08,3.401161698530164e-08,7.223183383755931e-01,vn
4.350000000000000e+03,35,-9.512577044359818e-23,5.790264287871194e-24,9.530183294675677e-23,3.080798097715004e+00,vn
4.350000000000000e+03,36,2.347291499759576e-08,2.093808434801457e-08,3.145442917378932e-08,7.283833822413615e-01,vn
4.350000000000000e+03,37,-8.271806125530277e-25,4.028369583133245e-22,4.028378075738384e-22,1.572849711999283e+00,vn
4.350000000000000e+03,38,2.188194606361717e-08,1.933071829667537e-08,2.919753813931015e-08,7.235730806508611e-01,vn
4.350000000000000e+03,39,-1.861156378244312e-22,-6.059097986950928e-22,6.338499150410314e-22,-1.868815527067434e+00,vn
4.350000000000000e+03,40,1.840873004779344e-08,1.630645297335617e-08,2.459231080124049e-08,7.249141713742269e-01,vn
4.400000000000000e+03,0,-3.867632095788248e-07,-5.801283075046772e-08,3.910898474972169e-07,-2.992706880017937e+00,vn
4.400000000000000e+03,1,3.689225531986503e-22,3.060568266446202e-23,3.701898946081170e-22,8.277010553695174e-02,vn
4.400000000000000e+03,2,-4.004119775154730e-07,-6.662458347810086e-07,7.773115617954584e-07,-2.111948845977099e+00,vn
4.400000000000000e+03,3,-6.121136532892405e-23,4.994102948288905e-22,5.031475666506898e-22,1.692755322664017e+00,vn
4.400000000000000e+03,4,-1.484180884339232e-07,1.189577911635420e-06,1.198800874551428e-06,1.694920261376559e+00,vn
4.400000000000000e+03,5,-8.933550615572699e-23,1.559235454662457e-22,1.797024893841605e-22,2.091084318935078e+00,vn
4.400000000000000e+03,6,3.671015012423676e-08,6.392859631564297e-07,6.403391115736942e-07,1.513435643827736e+00,vn
4.400000000000000e+03,7,-1.488925102595450e-23,-1.075334796318936e-22,1.085593802389124e-22,-1.708383063265247e+00,vn
4.400000000000000e+03,8,1.865330987738377e-08,4.005870052858424e-07,4.010210652487738e-07,1.524264998536746e+00,vn
4.400000000000000e+03,9,1.695720255733707e-22,1.273858143331663e-22,2.120891735812552e-22,6.442811398363295e-01,vn
4.400000000000000e+03,10,-3.800699381660176e-09,3.285570093839303e-07,3.285789916155654e-07,1.582363664444764e+00,vn
4.400000000000000e+03,11,-4.168990287267259e-22,-4.549493369041652e-24,4.169238516122607e-22,-3.130680388332935e+00,vn
4.400000000000000e+03,12,1.226491632878037e-08,2.951194100625363e-07,2.953741599534587e-07,1.529261063289900e+00,vn
4.400000000000000e+03,13,2.795870470429234e-22,-6.534726839168919e-23,2.871222428869580e-22,-2.296060097581907e-01,vn
4.400000000000000e+03,14,1.475216409048544e-08,2.634934259122423e-07,2.639060663272501e-07,1.514867875138143e+00,vn
4.400000000000000e+03,15,3.093655490948324e-22,-1.124965633072118e-22,3.291846286245466e-22,-3.487710035839070e-01,vn
4.400000000000000e+03,16,1.554622243720628e-08,2.061628574016634e-07,2.067481772690770e-07,1.495531286377062e+00,vn
4.400000000000000e+03,17,2.456726419282492e-22,-1.199411888201890e-22,2.733878851880712e-22,-4.541756324704192e-01,vn
4.400000000000000e+03,18,9.623805564686192e-09,1.815732741843774e-07,1.818281373483818e-07,1.517843551189046e+00,vn
4.400000000000000e+03,19,-2.398823776403780e-22,5.252596889711726e-23,2.455657396930237e-22,2.926029287793870e+00,vn
4.400000000000000e+03,20,9.195020277645497e-09,1.643879123738154e-07,1.646448727793475e-07,1.514919659329484e+00,vn
4.400000000000000e+03,21,5.922613185879678e-22,-2.986122011316430e-22,6.632817773467345e-22,-4.669939434146796e-01,vn
4.400000000000000e+03,22,1.196377238590962e-08,1.492477907770300e-07,1.497265337257428e-07,1.490806898050313e+00,vn
4.400000000000000e+03,23,-4.830734777309682e-22,2.725560118362226e-22,5.546591426048608e-22,2.627903384920526e+00,vn
4.400000000000000e+03,24,8.695092192860656e-09,1.264386474314342e-07,1.267372723098177e-07,1.502135168543484e+00,vn
4.400000000000000e+03,25,-1.712263867984767e-22,9.324393455004004e-22,9.480303837816997e-22,1.752405751033807e+00,vn
4.400000000000000e+03,26,6.904840843204615e-09,1.087543426478930e-07,1.089733172471376e-07,1.507391177010367e+00,vn
4.400000000000000e+03,27,2.795870470429234e-22,5.978447877227008e-22,6.599903840825129e-22,1.133355220275871e+00,vn
4.400000000000000e+03,28,5.582173838396871e-09,1.031799948073254e-07,1.033308859596286e-07,1.516747699050690e+00,vn
4.400000000000000e+03,29,-7.213014941462401e-22,5.012714512071348e-22,8.783785705792835e-22,2.534261214042339e+00,vn
4.400000000000000e+03,30,6.338298854625832e-09,9.181274535504105e-08,9.203126774091599e-08,1.501870619164387e+00,vn
4.400000000000000e+03,31,5.128519797828772e-23,-5.335314950967029e-23,7.400493290499896e-23,-8.051584369246247e-01,vn
4.400000000000000e+03,32,5.571512065272836e-09,8.077573995284458e-08,8.096765966497397e-08,1.501930333070007e+00,vn
4.400000000000000e+03,33,-1.373119816838026e-22,3.929107909626881e-23,1.428228595515514e-22,2.862895222131516e+00,vn
4.400000000000000e+03,34,3.509266697283961e-09,7.081038632867065e-08,7.089729024982728e-08,1.521278196524145e+00,vn
4.400000000000000e+03,35,-1.803253735365600e-22,-1.323488980084844e-22,2.236816289845013e-22,-2.508446204294449e+00,vn
4.400000000000000e+03,36,4.020528986983681e-09,6.636280508168271e-08,6.648448354048175e-08,1.510286214790036e+00,vn
4.400000000000000e+03,37,-6.212126400273238e-22,1.008333166702141e-21,1.184331422871691e-21,2.122954626599634e+00,vn
4.400000000000000e+03,38,4.005646111464867e-09,6.134304531472303e-08,6.147368875587715e-08,1.505589793771415e+00,vn
4.400000000000000e+03,39,6.303116267654071e-22,-8.416562732727057e-22,1.051512258214308e-21,-9.280032103313983e-01,vn
4.400000000000000e+03,40,3.788469255735371e-09,5.213395385657212e-08,5.227142282376522e-08,1.498255851417255e+00,vn
4.450000000000000e+03,0,-2.873146051076120e-08,5.137515649345995e-09,2.918716995751224e-08,2.964651151218693e+00,vn
4.450000000000000e+03,1,7.186131571554428e-23,-2.150669592637872e-23,7.501057702776887e-23,-2.907966414182337e-01,vn
4.450000000000000e+03,2,-1.235314574553032e-07,-6.339198815855083e-08,1.388472727269976e-07,-2.667468805241281e+00,vn
4.450000000000000e+03,3,8.809473523689745e-23,-4.549493369041652e-24,8.821213219491985e-23,-5.159735468523717e-02,vn
4.450000000000000e+03,4,1.749227480965090e-07,1.396566203920341e-07,2.238346251609867e-07,6.737586295928000e-01,vn
4.450000000000000e+03,5,1.530284133223101e-23,1.155984906042856e-22,1.166069808494695e-22,1.439182330846057e+00,vn
4.450000000000000e+03,6,8.574890973382594e-08,6.729626724745162e-08,1.090030417281108e-07,6.654074602075265e-01,vn
4.450000000000000e+03,7,-1.220091403515716e-23,1.364848010712496e-23,1.830691979902355e-23,2.300252918958784e+00,vn
4.450000000000000e+03,8,4.990480752069910e-08,3.989523709217481e-08,6.389146857225045e-08,6.743912896380360e-01,vn
4.450000000000000e+03,9,2.398823776403780e-23,7.444625512977249e-24,2.511688675079937e-23,3.009202343604251e-01,vn
4.450000000000000e+03,10,4.638561086403175e-08,3.626322378424566e-08,5.887823277286489e-08,6.635304354563764e-01,vn
4.450000000000000e+03,11,-7.940933880509066e-23,4.839006583435212e-23,9.299162091777199e-23,2.594308272602356e+00,vn
4.450000000000000e+03,12,3.958843151113420e-08,3.128338917494703e-08,5.045685630103164e-08,6.687461958417952e-01,vn
4.450000000000000e+03,13,2.481541837659083e-23,-2.481541837659083e-23,3.509430122413729e-23,-7.853981633974483e-01,vn
4.450000000000000e+03,14,3.539296535960877e-08,2.762529181228736e-08,4.489787015728583e-08,6.627560901550983e-01,vn
4.450000000000000e+03,15,7.031035206700735e-24,-3.701633241174799e-23,3.767816770087009e-23,-1.383088300263997e+00,vn
4.450000000000000e+03,16,2.727405884823412e-08,2.136728333018873e-08,3.464729546399688e-08,6.645545628006618e-01,vn
4.450000000000000e+03,17,-2.067951531382569e-24,-6.741521992307176e-23,6.744692951359816e-23,-1.601461557721845e+00,vn
4.450000000000000e+03,18,2.441147372330128e-08,1.914361886365437e-08,3.102254329580817e-08,6.650358515930079e-01,vn
4.450000000000000e+03,19,-1.654361225106055e-24,3.680953725860973e-23,3.684669516057190e-23,1.615709922264686e+00,vn
4.450000000000000e+03,20,2.252135781518547e-08,1.757516326685434e-08,2.856742763526674e-08,6.626610212506522e-01,vn
4.450000000000000e+03,21,2.605618929542037e-23,-9.864128804694855e-23,1.020246475522452e-22,-1.312544106983858e+00,vn
4.450000000000000e+03,22,1.971147270766724e-08,1.543858011438459e-08,2.503780965366943e-08,6.644302047904111e-01,vn
4.450000000000000e+03,23,-4.094544032137487e-23,9.305781891221561e-23,1.016675304303689e-22,1.985303201379683e+00,vn
4.450000000000000e+03,24,1.702908699746079e-08,1.323445289584913e-08,2.156711727189189e-08,6.606628036950953e-01,vn
4.450000000000000e+03,25,1.153916954511474e-22,1.252144652252146e-22,1.702759691815812e-22,8.262006018360454e-01,vn
4.450000000000000e+03,26,1.462812400540042e-08,1.143245685777050e-08,1.856564250765794e-08,6.633827476667586e-01,vn
4.450000000000000e+03,27,6.514047323855093e-23,1.364848010712496e-23,6.655495671230623e-23,2.065360731056762e-01,vn
4.450000000000000e+03,28,1.401227374564504e-08,1.091590159010988e-08,1.776234002173859e-08,6.618193721010605e-01,vn
4.450000000000000e+03,29,-6.410649747285964e-23,1.578880994210592e-22,1.704062644301319e-22,1.956485756085756e+00,vn
4.450000000000000e+03,30,1.236007371275921e-08,9.608350085635042e-09,1.565540844414365e-08,6.607890207117849e-01,vn
4.450000000000000e+03,31,1.943874439499615e-23,-1.550963648536927e-24,1.950051978520258e-23,-7.961856922490095e-02,vn
4.450000000000000e+03,32,1.071788057771098e-08,8.353368745103838e-09,1.358866194552473e-08,6.620445894746808e-01,vn
4.450000000000000e+03,33,-1.261450434143367e-23,2.481541837659083e-23,2.783757728296935e-23,2.041088356286393e+00,vn
4.450000000000000e+03,34,9.685466331068250e-09,7.521043735304106e-09,1.226272224747074e-08,6.602645005583004e-01,vn
4.450000000000000e+03,35,-4.259980154648093e-23,6.100457017578579e-24,4.303438936040434e-23,2.999355809668091e+00,vn
4.450000000000000e+03,36,8.922223508195622e-09,6.970855461489624e-09,1.132249522831334e-08,6.632286288748909e-01,vn
4.450000000000000e+03,37,1.985233470127266e-23,1.778438316989010e-22,1.789484385694336e-22,1.459628641142623e+00,vn
4.450000000000000e+03,38,8.252300077122391e-09,6.416560343661121e-09,1.045335846542721e-08,6.609000534041160e-01,vn
4.450000000000000e+03,39,-7.010355691386910e-23,-1.837374935633413e-22,1.966569989421047e-22,-1.935290011505965e+00,vn
4.450000000000000e+03,40,6.967206563186961e-09,5.430087412864198e-09,8.833335531126487e-09,6.620394481642362e-01,vn
4.500000000000000e+03,0,-1.672850325941357e-09,8.844075021365416e-08,8.845656971964813e-08,1.589708998427315e+00,vn
4.500000000000000e+03,1,1.091878408569997e-22,-2.779326858178173e-22,2.986110554499264e-22,-1.196462710787313e+00,vn
4.500000000000000e+03,2,-4.277983829557628e-07,1.485825549734740e-09,4.278009632260424e-07,3.138119476423999e+00,vn
4.500000000000000e+03,3,3.829846236120518e-22,-3.432799542095065e-22,5.143134733655593e-22,-7.307828272382857e-01,vn
4.500000000000000e+03,4,9.031993159321671e-07,2.399005992685755e-07,9.345166139934357e-07,2.596175094907823e-01,vn
4.500000000000000e+03,5,-3.639594695233322e-23,2.192028623265523e-22,2.222038699183939e-22,1.735333009181889e+00,vn
4.500000000000000e+03,6,3.928610544590666e-07,1.181445360836276e-07,4.102413186370984e-07,2.921250568003827e-01,vn
4.500000000000000e+03,7,-2.481541837659083e-23,8.933550615572699e-23,9.271805460267799e-23,1.841743177133317e+00,vn
4.500000000000000e+03,8,2.735029029313696e-07,7.506907149504292e-08,2.836180590283596e-07,2.678758885509677e-01,vn
4.500000000000000e+03,9,9.595295105615121e-23,-5.376673981594680e-23,1.099901410437311e-22,-5.107507891023498e-01,vn
4.500000000000000e+03,10,2.338027330273397e-07,6.046001542330702e-08,2.414935432595249e-07,2.530507617630111e-01,vn
4.500000000000000e+03,11,-2.531172674412265e-22,2.283018490646356e-22,3.408666680144086e-22,2.407695301143570e+00,vn
4.500000000000000e+03,12,1.965875134731888e-07,5.537814931296149e-08,2.042385611849531e-07,2.745818084859005e-01,vn
4.500000000000000e+03,13,1.381391622963556e-22,-1.240770918829542e-22,1.856813207893296e-22,-7.318217246298173e-01,vn
4.500000000000000e+03,14,1.798030297301543e-07,4.698378496478534e-08,1.858402689132793e-07,2.555918819534167e-01,vn
4.500000000000000e+03,15,-4.135903062765138e-24,-2.357464745776129e-22,2.357827516378534e-22,-1.588338386852299e+00,vn
4.500000000000000e+03,16,1.377251672276436e-07,3.648433038872801e-08,1.424757103923201e-07,2.589586240341225e-01,vn
4.500000000000000e+03,17,-3.308722450212111e-23,-2.307833909022947e-22,2.331431704803191e-22,-1.713195137503466e+00,vn
4.500000000000000e+03,18,1.260302574274896e-07,3.268196264886966e-08,1.301988343642961e-07,2.537294959741617e-01,vn
4.500000000000000e+03,19,1.654361225106055e-23,1.877699990495373e-22,1.884973836671922e-22,1.482917521021655e+00,vn
4.500000000000000e+03,20,1.117508470537362e-07,2.915592223119926e-08,1.154916430672768e-07,2.552119436030840e-01,vn
4.500000000000000e+03,21,-9.926167350636332e-23,-4.119359450514078e-22,4.237264479032201e-22,-1.807252468994814e+00,vn
4.500000000000000e+03,22,9.979283532084873e-08,2.642483508535324e-08,1.032321746872657e-07,2.588559632213103e-01,vn
4.500000000000000e+03,23,-1.323488980084844e-23,4.202077511769381e-22,4.204161229748689e-22,1.602281981262495e+00,vn
4.500000000000000e+03,24,8.646444463081062e-08,2.193747507051463e-08,8.920399653481881e-08,2.484736794564031e-01,vn
4.500000000000000e+03,25,6.352747104407253e-22,2.969578399065369e-22,7.012545304006982e-22,4.372685051257361e-01,vn
4.500000000000000e+03,26,7.358696096220878e-08,1.932040239486403e-08,7.608100138900058e-08,2.567569601306583e-01,vn
4.500000000000000e+03,27,3.399712317592944e-22,-1.505468714846510e-22,3.718128547236471e-22,-4.168690107795405e-01,vn
4.500000000000000e+03,28,7.064001875220998e-08,1.836079746530754e-08,7.298719841776789e-08,2.542937033514785e-01,vn
4.500000000000000e+03,29,1.819797347616661e-23,6.700162961679524e-22,6.702633835808582e-22,1.543642508710050e+00,vn
4.500000000000000e+03,30,6.130817137652170e-08,1.608653556177626e-08,6.338350340517039e-08,2.566036557547160e-01,vn
4.500000000000000e+03,31,4.632211430296955e-23,-7.031035206700735e-24,4.685268113539759e-23,-1.506359082971857e-01,vn
4.500000000000000e+03,32,5.467446628662799e-08,1.429828263049487e-08,5.651316793375799e-08,2.557881385668858e-01,vn
4.500000000000000e+03,33,1.488925102595450e-23,1.265586337206132e-22,1.274314622271213e-22,1.453687582228032e+00,vn
4.500000000000000e+03,34,4.858815754516750e-08,1.253120692093334e-08,5.017808486310797e-08,2.524062219991638e-01,vn
4.500000000000000e+03,35,-1.158052857574239e-22,6.369290716658313e-23,1.321652398805737e-22,2.638749442661932e+00,vn
4.500000000000000e+03,36,4.463454864431612e-08,1.191650111967024e-08,4.619789964508045e-08,2.608942584698372e-01,vn
4.500000000000000e+03,37,3.267363419584459e-22,4.847278389560742e-22,5.845662622965957e-22,9.776917267004140e-01,vn
4.500000000000000e+03,38,4.164894953965776e-08,1.080919970792934e-08,4.302875545589087e-08,2.539288444200121e-01,vn
4.500000000000000e+03,39,-6.319659879905131e-22,-6.911094017880546e-22,9.364898372201740e-22,-2.311522759813201e+00,vn
4.500000000000000e+03,40,3.503710746077429e-08,9.164065589596855e-09,3.621572859060382e-08,2.558223063856805e-01,vn
