face_id,parent_element_id,local_face_id,adjacent_element_count,boundary_group_id,material_id,area,cx,cy,cz,nx,ny,nz,node_ids
1,0,-1,0,20,20,4.547459943233575e-07,7.599109409929861e-02,1.286968245128379e-02,0.000000000000000e+00,0.000000000000000e+00,0.000000000000000e+00,1.000000000000000e+00,184 186 185
2,0,-1,0,20,20,4.394330079854079e-07,7.627232869787043e-02,1.287318640918624e-02,0.000000000000000e+00,0.000000000000000e+00,0.000000000000000e+00,1.000000000000000e+00,184 185 187
3,0,-1,0,20,20,1.231996328000679e-06,6.373042844302543e-02,1.905153246455114e-02,0.000000000000000e+00,0.000000000000000e+00,0.000000000000000e+00,1.000000000000000e+00,119 189 188
4,0,-1,0,20,20,7.870722377126913e-07,5.694014839772598e-02,1.708129804928893e-02,0.000000000000000e+00,0.000000000000000e+00,0.000000000000000e+00,1.000000000000000e+00,83 190 84
5,0,-1,0,20,20,2.718324600815186e-06,4.616007091572739e-02,1.517900437692447e-02,0.000000000000000e+00,0.000000000000000e+00,0.000000000000000e+00,1.000000000000000e+00,191 193 192
6,0,-1,0,20,20,2.611597372949560e-06,4.445751002685838e-02,1.620372568749773e-02,0.000000000000000e+00,0.000000000000000e+00,0.000000000000000e+00,1.000000000000000e+00,192 193 152
7,0,-1,0,20,20,3.564452376819662e-07,7.846744578784562e-02,8.697706804864110e-04,0.000000000000000e+00,0.000000000000000e+00,0.000000000000000e+00,1.000000000000000e+00,194 196 195
8,0,-1,0,20,20,2.447843028974150e-07,7.432633207199513e-02,2.898131071410589e-02,0.000000000000000e+00,0.000000000000000e+00,0.000000000000000e+00,1.000000000000000e+00,182 47 183
9,0,-1,0,20,20,3.565416239061497e-07,7.895918676679692e-02,1.378348753190610e-03,0.000000000000000e+00,0.000000000000000e+00,0.000000000000000e+00,1.000000000000000e+00,195 196 153
10,0,-1,0,20,20,2.706936321710906e-07,7.482545311733999e-02,2.789232510175529e-02,0.000000000000000e+00,0.000000000000000e+00,0.000000000000000e+00,1.000000000000000e+00,181 45 46
11,0,-1,0,20,20,7.746626385006328e-07,6.338274079657749e-02,1.907428251528888e-02,0.000000000000000e+00,0.000000000000000e+00,0.000000000000000e+00,1.000000000000000e+00,119 188 120
12,0,-1,0,20,20,2.451424841230243e-07,7.502615480105568e-02,2.711877538388460e-02,0.000000000000000e+00,0.000000000000000e+00,0.000000000000000e+00,1.000000000000000e+00,180 45 181
13,0,-1,0,20,20,3.730681175694482e-06,6.418621708701742e-02,2.109097145927852e-02,0.000000000000000e+00,0.000000000000000e+00,0.000000000000000e+00,1.000000000000000e+00,188 198 197
14,0,-1,0,20,20,2.452267622169279e-07,7.535856889803666e-02,2.618109718641073e-02,0.000000000000000e+00,0.000000000000000e+00,0.000000000000000e+00,1.000000000000000e+00,179 44 180
15,0,-1,0,20,20,7.959463911115924e-07,7.067867288465210e-02,7.513938425823405e-03,0.000000000000000e+00,0.000000000000000e+00,0.000000000000000e+00,1.000000000000000e+00,199 101 100
16,0,-1,0,20,20,2.705192639819741e-07,7.583132085796492e-02,2.502902425985791e-02,0.000000000000000e+00,0.000000000000000e+00,0.000000000000000e+00,1.000000000000000e+00,178 42 43
17,0,-1,0,20,20,4.844948141399136e-06,6.747489184752149e-02,2.321251244038872e-02,0.000000000000000e+00,0.000000000000000e+00,0.000000000000000e+00,1.000000000000000e+00,200 201 197
18,0,-1,0,20,20,2.452056926878013e-07,7.598814288544532e-02,2.429365182848905e-02,0.000000000000000e+00,0.000000000000000e+00,0.000000000000000e+00,1.000000000000000e+00,177 42 178
19,0,-1,0,20,20,6.999807529736814e-07,7.282336075366298e-02,7.233151372871192e-03,0.000000000000000e+00,0.000000000000000e+00,0.000000000000000e+00,1.000000000000000e+00,102 202 103
20,0,-1,0,20,20,2.451003450987039e-07,7.628520442583550e-02,2.334417941229517e-02,0.000000000000000e+00,0.000000000000000e+00,0.000000000000000e+00,1.000000000000000e+00,176 41 177
21,0,-1,0,20,20,2.128895817127844e-06,6.204057077290400e-02,2.021507649489371e-02,0.000000000000000e+00,0.000000000000000e+00,0.000000000000000e+00,1.000000000000000e+00,121 188 203
22,0,-1,0,20,20,2.449317891523756e-07,7.657038651466552e-02,2.239107133765122e-02,0.000000000000000e+00,0.000000000000000e+00,0.000000000000000e+00,1.000000000000000e+00,175 40 176
23,0,-1,0,20,20,3.040031280664312e-06,4.715531954374528e-02,4.038376444711383e-03,0.000000000000000e+00,0.000000000000000e+00,0.000000000000000e+00,1.000000000000000e+00,204 206 205
24,0,-1,0,20,20,2.709726207865735e-07,7.672742549028069e-02,2.212949931639761e-02,0.000000000000000e+00,0.000000000000000e+00,0.000000000000000e+00,1.000000000000000e+00,175 39 40
25,0,-1,0,20,20,3.194223261474680e-06,4.840225836305130e-02,2.252847352164398e-03,0.000000000000000e+00,0.000000000000000e+00,0.000000000000000e+00,1.000000000000000e+00,205 206 138
26,0,-1,0,20,20,2.444050533764236e-07,7.710493605368314e-02,2.047454412928513e-02,0.000000000000000e+00,0.000000000000000e+00,0.000000000000000e+00,1.000000000000000e+00,173 38 174
27,0,-1,0,20,20,2.472932853516318e-06,5.856171053036401e-02,1.440575911070841e-02,0.000000000000000e+00,0.000000000000000e+00,0.000000000000000e+00,1.000000000000000e+00,207 209 208
28,0,-1,0,20,20,2.446087242635129e-07,7.731230033731115e-02,1.967524319829513e-02,0.000000000000000e+00,0.000000000000000e+00,0.000000000000000e+00,1.000000000000000e+00,172 38 173
29,0,-1,0,20,20,3.893615401052094e-06,5.907511750561597e-02,1.277432131940179e-02,0.000000000000000e+00,0.000000000000000e+00,0.000000000000000e+00,1.000000000000000e+00,208 209 210
30,0,-1,0,20,20,2.448615575793414e-07,7.755176005542039e-02,1.870963887176016e-02,0.000000000000000e+00,0.000000000000000e+00,0.000000000000000e+00,1.000000000000000e+00,171 37 172
31,0,-1,0,20,20,1.164701466684296e-06,5.797538771330440e-02,2.344828839277903e-02,0.000000000000000e+00,0.000000000000000e+00,0.000000000000000e+00,1.000000000000000e+00,147 79 211
32,0,-1,0,20,20,2.450511829227552e-07,7.777914365437724e-02,1.774111818576479e-02,0.000000000000000e+00,0.000000000000000e+00,0.000000000000000e+00,1.000000000000000e+00,170 36 171
33,0,-1,0,20,20,3.773982059598327e-07,5.889828117386831e-02,2.248445441919104e-02,0.000000000000000e+00,0.000000000000000e+00,0.000000000000000e+00,1.000000000000000e+00,211 79 16
34,0,-1,0,20,20,2.451775999881415e-07,7.799441559019865e-02,1.676983238224745e-02,0.000000000000000e+00,0.000000000000000e+00,0.000000000000000e+00,1.000000000000000e+00,169 35 170
35,0,-1,0,20,20,8.187914136572075e-07,6.093018127385019e-02,2.061646242873126e-02,0.000000000000000e+00,0.000000000000000e+00,0.000000000000000e+00,1.000000000000000e+00,122 203 123
36,0,-1,0,20,20,2.452408085717686e-07,7.819754221592806e-02,1.579593313668403e-02,0.000000000000000e+00,0.000000000000000e+00,0.000000000000000e+00,1.000000000000000e+00,168 34 169
37,0,-1,0,20,20,2.534970342290371e-06,6.365881732454516e-02,7.759651897919140e-03,0.000000000000000e+00,0.000000000000000e+00,0.000000000000000e+00,1.000000000000000e+00,212 214 213
38,0,-1,0,20,20,2.452408085717862e-07,7.838849178692776e-02,1.481957253425520e-02,0.000000000000000e+00,0.000000000000000e+00,0.000000000000000e+00,1.000000000000000e+00,167 33 168
39,0,-1,0,20,20,2.130121669895166e-06,7.149975007368405e-02,1.655535592852216e-02,0.000000000000000e+00,0.000000000000000e+00,0.000000000000000e+00,1.000000000000000e+00,215 217 216
40,0,-1,0,20,20,2.451775999881381e-07,7.856723446587097e-02,1.384090304594935e-02,0.000000000000000e+00,0.000000000000000e+00,0.000000000000000e+00,1.000000000000000e+00,166 32 167
41,0,-1,0,20,20,3.163141966744016e-06,7.266640444988887e-02,1.782768767812883e-02,0.000000000000000e+00,0.000000000000000e+00,0.000000000000000e+00,1.000000000000000e+00,216 218 215
42,0,-1,0,20,20,2.450511829227534e-07,7.873374232743374e-02,1.286007750460434e-02,0.000000000000000e+00,0.000000000000000e+00,0.000000000000000e+00,1.000000000000000e+00,165 31 166
43,0,-1,0,20,20,4.652611873912140e-06,6.963915085326824e-02,1.901672243700464e-02,0.000000000000000e+00,0.000000000000000e+00,0.000000000000000e+00,1.000000000000000e+00,219 215 218
44,0,-1,0,20,20,2.448615575793460e-07,7.888798936268497e-02,1.187724908089235e-02,0.000000000000000e+00,0.000000000000000e+00,0.000000000000000e+00,1.000000000000000e+00,164 30 165
45,0,-1,0,20,20,5.444130510407736e-07,6.832075904417199e-02,1.591641672416988e-02,0.000000000000000e+00,0.000000000000000e+00,0.000000000000000e+00,1.000000000000000e+00,113 220 114
46,0,-1,0,20,20,2.710617420235183e-07,7.900911164208635e-02,1.159168645431829e-02,0.000000000000000e+00,0.000000000000000e+00,0.000000000000000e+00,1.000000000000000e+00,164 29 30
47,0,-1,0,20,20,4.963555454487742e-07,7.918453099540027e-02,7.519246885765073e-03,0.000000000000000e+00,0.000000000000000e+00,0.000000000000000e+00,1.000000000000000e+00,160 74 159
48,0,-1,0,20,20,2.444050533764175e-07,7.913791332423206e-02,1.007389784128711e-02,0.000000000000000e+00,0.000000000000000e+00,0.000000000000000e+00,1.000000000000000e+00,162 29 163
49,0,-1,0,20,20,4.614750664407414e-07,7.910081970278775e-02,6.718127652616199e-03,0.000000000000000e+00,0.000000000000000e+00,0.000000000000000e+00,1.000000000000000e+00,159 74 7
50,0,-1,0,20,20,2.712632332902219e-07,7.923603870062330e-02,9.921911392904622e-03,0.000000000000000e+00,0.000000000000000e+00,0.000000000000000e+00,1.000000000000000e+00,162 28 29
51,0,-1,0,20,20,4.885258844802951e-07,7.927263969127003e-02,6.555752520695053e-03,0.000000000000000e+00,0.000000000000000e+00,0.000000000000000e+00,1.000000000000000e+00,159 7 158
52,0,-1,0,20,20,2.709726207865801e-07,7.935549074767506e-02,8.917323060015046e-03,0.000000000000000e+00,0.000000000000000e+00,0.000000000000000e+00,1.000000000000000e+00,161 27 28
53,0,-1,0,20,20,3.231307711610027e-06,7.361825435799670e-02,4.407142350795971e-03,0.000000000000000e+00,0.000000000000000e+00,0.000000000000000e+00,1.000000000000000e+00,221 202 222
54,0,-1,0,20,20,2.707517548487522e-07,7.946217917370327e-02,7.911297820913186e-03,0.000000000000000e+00,0.000000000000000e+00,0.000000000000000e+00,1.000000000000000e+00,160 26 27
55,0,-1,0,20,20,2.764490038907697e-06,7.182028927634898e-02,3.674321806778501e-03,0.000000000000000e+00,0.000000000000000e+00,0.000000000000000e+00,1.000000000000000e+00,222 202 223
56,0,-1,0,20,20,2.706006358327048e-07,7.955608671364460e-02,6.903998196371166e-03,0.000000000000000e+00,0.000000000000000e+00,0.000000000000000e+00,1.000000000000000e+00,159 25 26
57,0,-1,0,20,20,1.643184937208384e-06,5.992354303857095e-02,1.494701264578848e-02,0.000000000000000e+00,0.000000000000000e+00,0.000000000000000e+00,1.000000000000000e+00,87 207 208
58,0,-1,0,20,20,2.452478317498284e-07,7.961233716581118e-02,5.123078991890641e-03,0.000000000000000e+00,0.000000000000000e+00,0.000000000000000e+00,1.000000000000000e+00,157 24 158
59,0,-1,0,20,20,2.213643377023209e-06,6.489448694625424e-02,1.962220661262751e-02,0.000000000000000e+00,0.000000000000000e+00,0.000000000000000e+00,1.000000000000000e+00,189 198 188
60,0,-1,0,20,20,2.452267622169242e-07,7.967007887463699e-02,4.129898196481682e-03,0.000000000000000e+00,0.000000000000000e+00,0.000000000000000e+00,1.000000000000000e+00,156 23 157
61,0,-1,0,20,20,9.531145546396000e-07,6.030913273788192e-02,1.492348591533856e-02,0.000000000000000e+00,0.000000000000000e+00,0.000000000000000e+00,1.000000000000000e+00,87 208 88
62,0,-1,0,20,20,2.451424841230272e-07,7.971541395779323e-02,3.136073299684538e-03,0.000000000000000e+00,0.000000000000000e+00,0.000000000000000e+00,1.000000000000000e+00,155 22 156
63,0,-1,0,20,20,4.501711757147827e-07,7.501912918403858e-02,2.462381871232971e-02,0.000000000000000e+00,0.000000000000000e+00,0.000000000000000e+00,1.000000000000000e+00,224 178 225
64,0,-1,0,20,20,2.449949976039525e-07,7.974833532546038e-02,2.141759502795354e-03,0.000000000000000e+00,0.000000000000000e+00,0.000000000000000e+00,1.000000000000000e+00,154 21 155
65,0,-1,0,20,20,4.612750045576284e-07,7.487084325083247e-02,2.535964873584044e-02,0.000000000000000e+00,0.000000000000000e+00,0.000000000000000e+00,1.000000000000000e+00,225 178 179
66,0,-1,0,20,20,2.272063333779276e-06,6.747362453613047e-02,1.008209745826637e-02,0.000000000000000e+00,0.000000000000000e+00,0.000000000000000e+00,1.000000000000000e+00,96 227 226
67,0,-1,0,20,20,5.578874898845668e-07,5.740516382203344e-02,2.275080042441821e-02,0.000000000000000e+00,0.000000000000000e+00,0.000000000000000e+00,1.000000000000000e+00,14 79 147
68,0,-1,0,20,20,2.454357668681643e-06,7.006356580446406e-02,2.588925409340149e-02,0.000000000000000e+00,0.000000000000000e+00,0.000000000000000e+00,1.000000000000000e+00,228 229 201
69,0,-1,0,20,20,2.285023823339803e-06,6.804665791729189e-02,2.628805622585736e-02,0.000000000000000e+00,0.000000000000000e+00,0.000000000000000e+00,1.000000000000000e+00,201 229 143
70,0,-1,0,20,20,2.614243383356426e-07,7.689008053103479e-02,1.661213462694814e-02,0.000000000000000e+00,0.000000000000000e+00,0.000000000000000e+00,1.000000000000000e+00,230 232 231
71,0,-1,0,20,20,7.380538438648705e-07,5.478665079845691e-02,2.177951592357571e-02,0.000000000000000e+00,0.000000000000000e+00,0.000000000000000e+00,1.000000000000000e+00,70 71 148
72,0,-1,0,20,20,8.187914136572028e-07,6.163404536122288e-02,2.017860043169142e-02,0.000000000000000e+00,0.000000000000000e+00,0.000000000000000e+00,1.000000000000000e+00,121 203 122
73,0,-1,0,20,20,7.380538438648699e-07,5.549213335967550e-02,2.264852559029706e-02,0.000000000000000e+00,0.000000000000000e+00,0.000000000000000e+00,1.000000000000000e+00,148 71 14
74,0,-1,0,20,20,2.799129367364827e-07,7.639603934213002e-02,1.624631249613157e-02,0.000000000000000e+00,0.000000000000000e+00,0.000000000000000e+00,1.000000000000000e+00,231 232 233
75,0,-1,0,20,20,2.791659860057023e-06,6.081439202209799e-02,1.127262391610968e-02,0.000000000000000e+00,0.000000000000000e+00,0.000000000000000e+00,1.000000000000000e+00,234 235 208
76,0,-1,0,20,20,1.724080134827367e-06,6.055024310727175e-02,1.332366091823866e-02,0.000000000000000e+00,0.000000000000000e+00,0.000000000000000e+00,1.000000000000000e+00,208 235 89
77,0,-1,0,20,20,1.455235316457180e-06,5.578051813827573e-02,2.293651280292374e-02,0.000000000000000e+00,0.000000000000000e+00,0.000000000000000e+00,1.000000000000000e+00,148 14 147
78,0,-1,0,20,20,1.074583547501697e-06,6.787190719246324e-02,1.017343755476128e-02,0.000000000000000e+00,0.000000000000000e+00,0.000000000000000e+00,1.000000000000000e+00,96 226 97
79,0,-1,0,20,20,1.239169835183039e-06,7.075168576802382e-02,2.514956566600687e-02,0.000000000000000e+00,0.000000000000000e+00,0.000000000000000e+00,1.000000000000000e+00,228 237 236
80,0,-1,0,20,20,7.990682461364469e-07,7.108303465562228e-02,2.536532731011288e-02,0.000000000000000e+00,0.000000000000000e+00,0.000000000000000e+00,1.000000000000000e+00,228 236 238
81,0,-1,0,20,20,4.842715022037037e-07,7.440554127412774e-02,2.259925396619634e-02,0.000000000000000e+00,0.000000000000000e+00,0.000000000000000e+00,1.000000000000000e+00,239 241 240
82,0,-1,0,20,20,2.708912491689868e-07,7.983345215739059e-02,1.854085531906798e-03,0.000000000000000e+00,0.000000000000000e+00,0.000000000000000e+00,1.000000000000000e+00,154 20 21
83,0,-1,0,20,20,1.494146819805027e-06,5.957201488655790e-02,2.237118862833811e-02,0.000000000000000e+00,0.000000000000000e+00,0.000000000000000e+00,1.000000000000000e+00,211 124 203
84,0,-1,0,20,20,8.187914136572241e-07,6.089493221489232e-02,2.168513541847696e-02,0.000000000000000e+00,0.000000000000000e+00,0.000000000000000e+00,1.000000000000000e+00,203 124 123
85,0,-1,0,20,20,1.095203234067169e-06,6.534380851082724e-02,1.799793678890219e-02,0.000000000000000e+00,0.000000000000000e+00,0.000000000000000e+00,1.000000000000000e+00,117 242 189
86,0,-1,0,20,20,2.883383799730270e-07,7.238504006662040e-02,2.954347304844342e-02,0.000000000000000e+00,0.000000000000000e+00,0.000000000000000e+00,1.000000000000000e+00,243 139 140
87,0,-1,0,20,20,5.181233084939739e-07,6.499124544813271e-02,1.797783075869767e-02,0.000000000000000e+00,0.000000000000000e+00,0.000000000000000e+00,1.000000000000000e+00,117 189 118
88,0,-1,0,20,20,5.571274782999504e-07,7.403748821711055e-02,1.307711839667389e-02,0.000000000000000e+00,0.000000000000000e+00,0.000000000000000e+00,1.000000000000000e+00,244 107 106
89,0,-1,0,20,20,7.380538438648725e-07,5.321656763994161e-02,2.112916618526509e-02,0.000000000000000e+00,0.000000000000000e+00,0.000000000000000e+00,1.000000000000000e+00,13 70 149
90,0,-1,0,20,20,5.797578884573043e-07,5.635628937378204e-02,1.873284047351682e-02,0.000000000000000e+00,0.000000000000000e+00,0.000000000000000e+00,1.000000000000000e+00,12 68 11
91,0,-1,0,20,20,9.531145546396069e-07,6.101299682525460e-02,1.448562391829872e-02,0.000000000000000e+00,0.000000000000000e+00,0.000000000000000e+00,1.000000000000000e+00,88 208 89
92,0,-1,0,20,20,3.746202085394388e-07,7.687391865234321e-02,1.286705162428098e-02,0.000000000000000e+00,0.000000000000000e+00,0.000000000000000e+00,1.000000000000000e+00,187 245 184
93,0,-1,0,20,20,3.258981675778641e-07,7.712485357779345e-02,1.286820633961065e-02,0.000000000000000e+00,0.000000000000000e+00,0.000000000000000e+00,1.000000000000000e+00,187 246 245
94,0,-1,0,20,20,1.455235316457185e-06,5.308558878220161e-02,2.182023651400044e-02,0.000000000000000e+00,0.000000000000000e+00,0.000000000000000e+00,1.000000000000000e+00,149 70 148
95,0,-1,0,20,20,3.565363328132410e-07,7.766369474575351e-02,1.289765063578940e-02,0.000000000000000e+00,0.000000000000000e+00,0.000000000000000e+00,1.000000000000000e+00,246 187 247
96,0,-1,0,20,20,3.370911206402570e-07,7.378844135373926e-02,2.809574176750492e-02,0.000000000000000e+00,0.000000000000000e+00,0.000000000000000e+00,1.000000000000000e+00,248 250 249
97,0,-1,0,20,20,4.308152954434874e-07,7.313011333405021e-02,2.803259956333308e-02,0.000000000000000e+00,0.000000000000000e+00,0.000000000000000e+00,1.000000000000000e+00,249 250 251
98,0,-1,0,20,20,4.353740030982123e-07,7.263697388836338e-02,2.839271829330028e-02,0.000000000000000e+00,0.000000000000000e+00,0.000000000000000e+00,1.000000000000000e+00,251 252 249
99,0,-1,0,20,20,4.327647149513134e-07,7.246032219388410e-02,2.733001604992764e-02,0.000000000000000e+00,0.000000000000000e+00,0.000000000000000e+00,1.000000000000000e+00,253 249 252
100,0,-1,0,20,20,5.198256757137246e-07,7.101806347143942e-02,2.850105919574867e-02,0.000000000000000e+00,0.000000000000000e+00,0.000000000000000e+00,1.000000000000000e+00,254 255 141
101,0,-1,0,20,20,6.652924208379815e-07,7.007221190017317e-02,2.884921530338283e-02,0.000000000000000e+00,0.000000000000000e+00,0.000000000000000e+00,1.000000000000000e+00,142 254 141
102,0,-1,0,20,20,3.804909242010522e-07,7.634324228113036e-02,1.216296973931491e-02,0.000000000000000e+00,0.000000000000000e+00,0.000000000000000e+00,1.000000000000000e+00,185 256 187
103,0,-1,0,20,20,2.900641843576825e-07,7.236913451185897e-02,2.917083336973370e-02,0.000000000000000e+00,0.000000000000000e+00,0.000000000000000e+00,1.000000000000000e+00,243 255 251
104,0,-1,0,20,20,4.869837818073958e-07,7.169078699023140e-02,2.861274320374045e-02,0.000000000000000e+00,0.000000000000000e+00,0.000000000000000e+00,1.000000000000000e+00,255 254 252
105,0,-1,0,20,20,3.575528286331382e-07,7.242905993123205e-02,2.856434474377974e-02,0.000000000000000e+00,0.000000000000000e+00,0.000000000000000e+00,1.000000000000000e+00,251 255 252
106,0,-1,0,20,20,4.079932231264037e-06,5.135589191682164e-02,1.210593426173699e-02,0.000000000000000e+00,0.000000000000000e+00,0.000000000000000e+00,1.000000000000000e+00,257 259 258
107,0,-1,0,20,20,5.065829135136615e-06,4.954759064773209e-02,1.010345228174902e-02,0.000000000000000e+00,0.000000000000000e+00,0.000000000000000e+00,1.000000000000000e+00,260 257 258
108,0,-1,0,20,20,3.295759134589119e-07,7.791429591784538e-02,3.576950451636304e-03,0.000000000000000e+00,0.000000000000000e+00,0.000000000000000e+00,1.000000000000000e+00,261 263 262
109,0,-1,0,20,20,5.549406740694150e-07,7.690878391594880e-02,3.499505465947247e-03,0.000000000000000e+00,0.000000000000000e+00,0.000000000000000e+00,1.000000000000000e+00,263 265 264
110,0,-1,0,20,20,3.865626143735407e-07,7.721241266098733e-02,3.433209753858581e-03,0.000000000000000e+00,0.000000000000000e+00,0.000000000000000e+00,1.000000000000000e+00,263 264 262
111,0,-1,0,20,20,4.442975913198985e-06,4.968762254644626e-02,2.426520969519798e-03,0.000000000000000e+00,0.000000000000000e+00,0.000000000000000e+00,1.000000000000000e+00,205 137 266
112,0,-1,0,20,20,4.848855577369376e-06,5.142443402106281e-02,5.188116717376042e-04,0.000000000000000e+00,0.000000000000000e+00,0.000000000000000e+00,1.000000000000000e+00,137 136 266
113,0,-1,0,20,20,3.938515983089546e-06,4.590430622248526e-02,1.274290206900905e-02,0.000000000000000e+00,0.000000000000000e+00,0.000000000000000e+00,1.000000000000000e+00,267 258 191
114,0,-1,0,20,20,3.288100750696073e-06,4.730666103814168e-02,1.432870084571600e-02,0.000000000000000e+00,0.000000000000000e+00,0.000000000000000e+00,1.000000000000000e+00,191 258 268
115,0,-1,0,20,20,2.626628179729230e-06,5.017157883416436e-02,1.391970231950406e-02,0.000000000000000e+00,0.000000000000000e+00,0.000000000000000e+00,1.000000000000000e+00,259 268 258
116,0,-1,0,20,20,2.703388053858087e-06,4.681753686077535e-02,1.540977414993595e-02,0.000000000000000e+00,0.000000000000000e+00,0.000000000000000e+00,1.000000000000000e+00,191 269 193
117,0,-1,0,20,20,2.622966479000498e-06,4.728571935088553e-02,1.508165614004964e-02,0.000000000000000e+00,0.000000000000000e+00,0.000000000000000e+00,1.000000000000000e+00,191 268 269
118,0,-1,0,20,20,2.449949976039569e-07,7.468205793712947e-02,2.805222848071368e-02,0.000000000000000e+00,0.000000000000000e+00,0.000000000000000e+00,1.000000000000000e+00,181 46 182
119,0,-1,0,20,20,3.977114237613500e-07,7.793194447846026e-02,5.196885051979417e-03,0.000000000000000e+00,0.000000000000000e+00,0.000000000000000e+00,1.000000000000000e+00,270 272 271
120,0,-1,0,20,20,7.143256261283317e-07,7.488279276249085e-02,1.266520306492107e-02,0.000000000000000e+00,0.000000000000000e+00,0.000000000000000e+00,1.000000000000000e+00,186 244 106
121,0,-1,0,20,20,8.932619215698508e-07,7.074912837395161e-02,2.788735762049780e-02,0.000000000000000e+00,0.000000000000000e+00,0.000000000000000e+00,1.000000000000000e+00,254 229 273
122,0,-1,0,20,20,2.452478317498282e-07,7.567924829214842e-02,2.523934031324403e-02,0.000000000000000e+00,0.000000000000000e+00,0.000000000000000e+00,1.000000000000000e+00,178 43 179
123,0,-1,0,20,20,5.001183716072162e-07,7.503999001060430e-02,1.171995037598326e-02,0.000000000000000e+00,0.000000000000000e+00,0.000000000000000e+00,1.000000000000000e+00,105 186 106
124,0,-1,0,20,20,3.125894617241964e-07,7.852181050437611e-02,4.162280748180112e-03,0.000000000000000e+00,0.000000000000000e+00,0.000000000000000e+00,1.000000000000000e+00,274 272 261
125,0,-1,0,20,20,2.706006358326936e-07,7.614228592825908e-02,2.406633370299008e-02,0.000000000000000e+00,0.000000000000000e+00,0.000000000000000e+00,1.000000000000000e+00,177 41 42
126,0,-1,0,20,20,2.809598709737204e-06,5.301270275550655e-02,1.190260684090191e-02,0.000000000000000e+00,0.000000000000000e+00,0.000000000000000e+00,1.000000000000000e+00,257 276 275
127,0,-1,0,20,20,5.696194172771688e-07,7.414499960679696e-02,1.721054549646097e-02,0.000000000000000e+00,0.000000000000000e+00,0.000000000000000e+00,1.000000000000000e+00,277 278 216
128,0,-1,0,20,20,5.980518125942726e-07,7.448517919817686e-02,1.785351991649064e-02,0.000000000000000e+00,0.000000000000000e+00,0.000000000000000e+00,1.000000000000000e+00,278 279 216
129,0,-1,0,20,20,2.707517548487490e-07,7.644100355189858e-02,2.309977333705969e-02,0.000000000000000e+00,0.000000000000000e+00,0.000000000000000e+00,1.000000000000000e+00,176 40 41
130,0,-1,0,20,20,3.274758171857882e-06,6.906475373046191e-02,1.864744482729151e-02,0.000000000000000e+00,0.000000000000000e+00,0.000000000000000e+00,1.000000000000000e+00,219 220 215
131,0,-1,0,20,20,2.445104003429663e-07,7.395903279274903e-02,2.990587700633156e-02,0.000000000000000e+00,0.000000000000000e+00,0.000000000000000e+00,1.000000000000000e+00,183 2 19
132,0,-1,0,20,20,7.815770735495010e-07,7.390870858388311e-02,1.696119733800100e-02,0.000000000000000e+00,0.000000000000000e+00,0.000000000000000e+00,1.000000000000000e+00,277 216 217
133,0,-1,0,20,20,2.447000251204399e-07,7.684364461401252e-02,2.143447644708709e-02,0.000000000000000e+00,0.000000000000000e+00,0.000000000000000e+00,1.000000000000000e+00,174 39 175
134,0,-1,0,20,20,3.941979793903390e-07,7.337530503781114e-02,2.966117221063791e-02,0.000000000000000e+00,0.000000000000000e+00,0.000000000000000e+00,1.000000000000000e+00,280 183 19
135,0,-1,0,20,20,3.714841142903829e-07,7.294063628938363e-02,3.008478021359749e-02,0.000000000000000e+00,0.000000000000000e+00,0.000000000000000e+00,1.000000000000000e+00,139 280 19
136,0,-1,0,20,20,1.117652693475397e-06,7.288299170751932e-02,1.482590371983770e-02,0.000000000000000e+00,0.000000000000000e+00,0.000000000000000e+00,1.000000000000000e+00,281 282 217
137,0,-1,0,20,20,7.654672857008032e-07,7.359353325530157e-02,1.592853867492203e-02,0.000000000000000e+00,0.000000000000000e+00,0.000000000000000e+00,1.000000000000000e+00,217 282 283
138,0,-1,0,20,20,2.708912491689880e-07,7.475353229450973e-02,2.883259034999281e-02,0.000000000000000e+00,0.000000000000000e+00,0.000000000000000e+00,1.000000000000000e+00,46 47 182
139,0,-1,0,20,20,4.260557641534878e-07,7.496301512879271e-02,7.157909682726304e-03,0.000000000000000e+00,0.000000000000000e+00,0.000000000000000e+00,1.000000000000000e+00,9 10 67
140,0,-1,0,20,20,6.096091625240875e-07,7.434047760450108e-02,1.621586085368533e-02,0.000000000000000e+00,0.000000000000000e+00,0.000000000000000e+00,1.000000000000000e+00,283 277 217
141,0,-1,0,20,20,2.111531121504430e-06,7.435771438418977e-02,2.444074605748278e-03,0.000000000000000e+00,0.000000000000000e+00,0.000000000000000e+00,1.000000000000000e+00,284 265 221
142,0,-1,0,20,20,1.544234914185676e-06,7.556852962022505e-02,2.910849800621293e-03,0.000000000000000e+00,0.000000000000000e+00,0.000000000000000e+00,1.000000000000000e+00,265 284 285
143,0,-1,0,20,20,2.711586128638392e-07,7.436211756863348e-02,2.982755541987286e-02,0.000000000000000e+00,0.000000000000000e+00,0.000000000000000e+00,1.000000000000000e+00,47 2 183
144,0,-1,0,20,20,1.804004417331851e-06,7.457823234268730e-02,1.519251908219441e-03,0.000000000000000e+00,0.000000000000000e+00,0.000000000000000e+00,1.000000000000000e+00,284 128 285
145,0,-1,0,20,20,2.442878525919434e-06,7.078078585187397e-02,5.337106861420940e-03,0.000000000000000e+00,0.000000000000000e+00,0.000000000000000e+00,1.000000000000000e+00,223 202 199
146,0,-1,0,20,20,2.446087242635054e-07,7.902995148317440e-02,1.089257125925148e-02,0.000000000000000e+00,0.000000000000000e+00,0.000000000000000e+00,1.000000000000000e+00,163 29 164
147,0,-1,0,20,20,1.864341272311404e-06,7.203752006296958e-02,6.529833316252486e-03,0.000000000000000e+00,0.000000000000000e+00,0.000000000000000e+00,1.000000000000000e+00,202 101 199
148,0,-1,0,20,20,6.966066061437446e-07,7.541707796813717e-02,4.733260584997828e-03,0.000000000000000e+00,0.000000000000000e+00,0.000000000000000e+00,1.000000000000000e+00,286 287 221
149,0,-1,0,20,20,2.447000251204515e-07,7.925751385425543e-02,9.086261182540061e-03,0.000000000000000e+00,0.000000000000000e+00,0.000000000000000e+00,1.000000000000000e+00,161 28 162
150,0,-1,0,20,20,4.647754482554524e-07,7.846399911462679e-02,7.670820162342907e-03,0.000000000000000e+00,0.000000000000000e+00,0.000000000000000e+00,1.000000000000000e+00,73 74 160
151,0,-1,0,20,20,5.833861241290666e-07,7.588055035195029e-02,5.351583675089056e-03,0.000000000000000e+00,0.000000000000000e+00,0.000000000000000e+00,1.000000000000000e+00,287 286 288
152,0,-1,0,20,20,7.940604645626214e-07,7.663854738691707e-02,5.080921470809108e-03,0.000000000000000e+00,0.000000000000000e+00,0.000000000000000e+00,1.000000000000000e+00,288 8 287
153,0,-1,0,20,20,2.449317891523794e-07,7.936477232441284e-02,8.097206418961108e-03,0.000000000000000e+00,0.000000000000000e+00,0.000000000000000e+00,1.000000000000000e+00,160 27 161
154,0,-1,0,20,20,4.036155502372319e-07,7.607144560440640e-02,5.830295613715182e-03,0.000000000000000e+00,0.000000000000000e+00,0.000000000000000e+00,1.000000000000000e+00,287 8 66
155,0,-1,0,20,20,4.563658269767799e-07,7.828294226565249e-02,9.790281702910818e-03,0.000000000000000e+00,0.000000000000000e+00,0.000000000000000e+00,1.000000000000000e+00,15 162 289
156,0,-1,0,20,20,3.702628462676286e-07,7.894593559783152e-02,1.003248175434365e-02,0.000000000000000e+00,0.000000000000000e+00,0.000000000000000e+00,1.000000000000000e+00,162 163 289
157,0,-1,0,20,20,2.451003450987081e-07,7.945967194558688e-02,7.106888003039095e-03,0.000000000000000e+00,0.000000000000000e+00,0.000000000000000e+00,1.000000000000000e+00,159 26 160
158,0,-1,0,20,20,3.055762242854322e-07,7.847604343395091e-02,2.480323007152324e-03,0.000000000000000e+00,0.000000000000000e+00,0.000000000000000e+00,1.000000000000000e+00,290 292 291
159,0,-1,0,20,20,2.971239482486247e-07,7.892892893508170e-02,3.022781102821451e-03,0.000000000000000e+00,0.000000000000000e+00,0.000000000000000e+00,1.000000000000000e+00,291 292 155
160,0,-1,0,20,20,2.766845552563316e-07,7.798866478686069e-02,1.050021519592506e-02,0.000000000000000e+00,0.000000000000000e+00,0.000000000000000e+00,1.000000000000000e+00,289 293 75
161,0,-1,0,20,20,2.452056926877900e-07,7.954219786445131e-02,6.115460585676882e-03,0.000000000000000e+00,0.000000000000000e+00,0.000000000000000e+00,1.000000000000000e+00,158 25 159
162,0,-1,0,20,20,3.223215287998109e-07,7.809542774898681e-02,1.033070258338104e-02,0.000000000000000e+00,0.000000000000000e+00,0.000000000000000e+00,1.000000000000000e+00,289 75 15
163,0,-1,0,20,20,2.915066655899467e-06,5.022370096760367e-02,1.847570565713235e-02,0.000000000000000e+00,0.000000000000000e+00,0.000000000000000e+00,1.000000000000000e+00,294 296 295
164,0,-1,0,20,20,2.905259723083676e-06,4.464653385296992e-02,1.308672958585498e-02,0.000000000000000e+00,0.000000000000000e+00,0.000000000000000e+00,1.000000000000000e+00,267 192 54
165,0,-1,0,20,20,2.705192639819712e-07,7.963719817648156e-02,5.895586914293288e-03,0.000000000000000e+00,0.000000000000000e+00,0.000000000000000e+00,1.000000000000000e+00,158 24 25
166,0,-1,0,20,20,2.398600902591723e-06,4.965011768176912e-02,1.809426568312988e-02,0.000000000000000e+00,0.000000000000000e+00,0.000000000000000e+00,1.000000000000000e+00,294 269 296
167,0,-1,0,20,20,2.705076394277044e-07,7.970550044772229e-02,4.886226883186829e-03,0.000000000000000e+00,0.000000000000000e+00,0.000000000000000e+00,1.000000000000000e+00,157 23 24
168,0,-1,0,20,20,2.732732663219903e-06,4.927743084131662e-02,1.554160332088907e-02,0.000000000000000e+00,0.000000000000000e+00,0.000000000000000e+00,1.000000000000000e+00,268 296 269
169,0,-1,0,20,20,2.712632332902200e-07,7.739967795985697e-02,2.070293038492636e-02,0.000000000000000e+00,0.000000000000000e+00,0.000000000000000e+00,1.000000000000000e+00,38 39 174
170,0,-1,0,20,20,3.251087274765373e-07,7.632274234688642e-02,1.328509899239875e-02,0.000000000000000e+00,0.000000000000000e+00,0.000000000000000e+00,1.000000000000000e+00,184 245 297
171,0,-1,0,20,20,3.747734173481365e-07,7.802502950333151e-02,5.435770891991704e-03,0.000000000000000e+00,0.000000000000000e+00,0.000000000000000e+00,1.000000000000000e+00,270 271 7
172,0,-1,0,20,20,2.068855220019116e-07,7.788887226310283e-02,5.576146246294946e-03,0.000000000000000e+00,0.000000000000000e+00,0.000000000000000e+00,1.000000000000000e+00,270 7 65
173,0,-1,0,20,20,2.710617420235205e-07,7.770682223516920e-02,1.952070932097699e-02,0.000000000000000e+00,0.000000000000000e+00,0.000000000000000e+00,1.000000000000000e+00,37 38 172
174,0,-1,0,20,20,2.705657621886424e-07,7.517285126150436e-02,2.694217449342132e-02,0.000000000000000e+00,0.000000000000000e+00,0.000000000000000e+00,1.000000000000000e+00,180 44 45
175,0,-1,0,20,20,3.440758838303888e-06,4.522589859018111e-02,1.326508759033121e-02,0.000000000000000e+00,0.000000000000000e+00,0.000000000000000e+00,1.000000000000000e+00,267 191 192
176,0,-1,0,20,20,2.708176271853232e-07,7.796039610515298e-02,1.848202683077517e-02,0.000000000000000e+00,0.000000000000000e+00,0.000000000000000e+00,1.000000000000000e+00,36 37 171
177,0,-1,0,20,20,2.593649753097186e-06,6.322349155039443e-02,2.544590059178882e-02,0.000000000000000e+00,0.000000000000000e+00,0.000000000000000e+00,1.000000000000000e+00,145 298 197
178,0,-1,0,20,20,2.470922564919320e-06,6.139401940902935e-02,2.279269628530227e-02,0.000000000000000e+00,0.000000000000000e+00,0.000000000000000e+00,1.000000000000000e+00,203 298 146
179,0,-1,0,20,20,2.705657621886260e-07,7.976098249154079e-02,3.876081165603283e-03,0.000000000000000e+00,0.000000000000000e+00,0.000000000000000e+00,1.000000000000000e+00,156 22 23
180,0,-1,0,20,20,2.706432591627268e-07,7.820007039392943e-02,1.744004933895139e-02,0.000000000000000e+00,0.000000000000000e+00,0.000000000000000e+00,1.000000000000000e+00,35 36 170
181,0,-1,0,20,20,2.539449562879227e-07,7.864468755007306e-02,9.342414174763865e-03,0.000000000000000e+00,0.000000000000000e+00,0.000000000000000e+00,1.000000000000000e+00,299 162 15
182,0,-1,0,20,20,3.437621954974425e-06,7.328428554431553e-02,1.682047562095659e-03,0.000000000000000e+00,0.000000000000000e+00,0.000000000000000e+00,1.000000000000000e+00,284 222 130
183,0,-1,0,20,20,2.705076394277053e-07,7.584754183844768e-02,2.581756763756822e-02,0.000000000000000e+00,0.000000000000000e+00,0.000000000000000e+00,1.000000000000000e+00,43 44 179
184,0,-1,0,20,20,2.705386382367629e-07,7.842580227680222e-02,1.639496304570873e-02,0.000000000000000e+00,0.000000000000000e+00,0.000000000000000e+00,1.000000000000000e+00,34 35 169
185,0,-1,0,20,20,2.217052713808522e-06,7.354881141949746e-02,1.231846115173572e-03,0.000000000000000e+00,0.000000000000000e+00,0.000000000000000e+00,1.000000000000000e+00,284 130 129
186,0,-1,0,20,20,2.445104003429664e-07,7.977691827801900e-02,1.522863728950341e-04,0.000000000000000e+00,0.000000000000000e+00,0.000000000000000e+00,1.000000000000000e+00,18 1 153
187,0,-1,0,20,20,2.705037645760532e-07,7.863755142587601e-02,1.534695470787866e-02,0.000000000000000e+00,0.000000000000000e+00,0.000000000000000e+00,1.000000000000000e+00,33 34 168
188,0,-1,0,20,20,2.738550806889731e-06,4.592528415946610e-02,1.762028012515689e-02,0.000000000000000e+00,0.000000000000000e+00,0.000000000000000e+00,1.000000000000000e+00,193 151 152
189,0,-1,0,20,20,2.706936321710831e-07,7.980363535257594e-02,2.865312951554276e-03,0.000000000000000e+00,0.000000000000000e+00,0.000000000000000e+00,1.000000000000000e+00,155 21 22
190,0,-1,0,20,20,5.115681367103572e-07,7.768036495651509e-02,4.651916516589243e-03,0.000000000000000e+00,0.000000000000000e+00,0.000000000000000e+00,1.000000000000000e+00,272 270 288
191,0,-1,0,20,20,2.447843028974209e-07,7.976883783225107e-02,1.147112083784134e-03,0.000000000000000e+00,0.000000000000000e+00,0.000000000000000e+00,1.000000000000000e+00,153 20 154
192,0,-1,0,20,20,2.705386382367695e-07,7.883528001729055e-02,1.429621160541061e-02,0.000000000000000e+00,0.000000000000000e+00,0.000000000000000e+00,1.000000000000000e+00,32 33 167
193,0,-1,0,20,20,2.711586128638503e-07,8.012006796970354e-02,3.213797890749062e-04,0.000000000000000e+00,0.000000000000000e+00,0.000000000000000e+00,1.000000000000000e+00,1 20 153
194,0,-1,0,20,20,5.335861312045721e-07,7.695416038839543e-02,5.038273391877145e-03,0.000000000000000e+00,0.000000000000000e+00,0.000000000000000e+00,1.000000000000000e+00,288 270 8
195,0,-1,0,20,20,2.706432591627258e-07,7.901895273800573e-02,1.324292150776750e-02,0.000000000000000e+00,0.000000000000000e+00,0.000000000000000e+00,1.000000000000000e+00,31 32 166
196,0,-1,0,20,20,2.708176271853192e-07,7.918853679213413e-02,1.218727264023328e-02,0.000000000000000e+00,0.000000000000000e+00,0.000000000000000e+00,1.000000000000000e+00,30 31 165
197,0,-1,0,20,20,2.201476841834449e-06,5.776862981857204e-02,3.025264222565537e-03,0.000000000000000e+00,0.000000000000000e+00,0.000000000000000e+00,1.000000000000000e+00,300 302 301
198,0,-1,0,20,20,2.537290423320755e-06,5.653758431410151e-02,6.018008863439450e-03,0.000000000000000e+00,0.000000000000000e+00,0.000000000000000e+00,1.000000000000000e+00,303 301 302
199,0,-1,0,20,20,3.835335787863582e-06,5.823260638355687e-02,7.310105887612605e-03,0.000000000000000e+00,0.000000000000000e+00,0.000000000000000e+00,1.000000000000000e+00,304 303 302
200,0,-1,0,20,20,2.411062521550070e-06,5.072944147509453e-02,1.604469167893582e-02,0.000000000000000e+00,0.000000000000000e+00,0.000000000000000e+00,1.000000000000000e+00,296 268 259
201,0,-1,0,20,20,3.076643866174037e-06,5.250219323365210e-02,1.507245332056536e-02,0.000000000000000e+00,0.000000000000000e+00,0.000000000000000e+00,1.000000000000000e+00,305 296 259
202,0,-1,0,20,20,3.842435221254658e-06,5.301667824032045e-02,1.564750527650212e-02,0.000000000000000e+00,0.000000000000000e+00,0.000000000000000e+00,1.000000000000000e+00,305 306 296
203,0,-1,0,20,20,4.286245969604621e-06,6.126491131717752e-02,7.714356722033033e-03,0.000000000000000e+00,0.000000000000000e+00,0.000000000000000e+00,1.000000000000000e+00,214 304 307
204,0,-1,0,20,20,3.935489244048771e-06,5.899258344961704e-02,7.119544086273067e-03,0.000000000000000e+00,0.000000000000000e+00,0.000000000000000e+00,1.000000000000000e+00,304 302 307
205,0,-1,0,20,20,2.795925341549226e-06,7.053007048750015e-02,4.145188254317655e-03,0.000000000000000e+00,0.000000000000000e+00,0.000000000000000e+00,1.000000000000000e+00,223 308 222
206,0,-1,0,20,20,3.929749696733495e-06,7.100245607153922e-02,8.617393417591800e-04,0.000000000000000e+00,0.000000000000000e+00,0.000000000000000e+00,1.000000000000000e+00,130 222 308
207,0,-1,0,20,20,3.845048463820220e-06,6.935931861674781e-02,1.819978700625532e-03,0.000000000000000e+00,0.000000000000000e+00,0.000000000000000e+00,1.000000000000000e+00,308 131 130
208,0,-1,0,20,20,3.964343688962066e-06,4.827125008195476e-02,1.134414354910733e-02,0.000000000000000e+00,0.000000000000000e+00,0.000000000000000e+00,1.000000000000000e+00,258 309 260
209,0,-1,0,20,20,4.388119455832864e-06,4.764074627179710e-02,1.183413482685815e-02,0.000000000000000e+00,0.000000000000000e+00,0.000000000000000e+00,1.000000000000000e+00,258 267 309
210,0,-1,0,20,20,3.407106638841891e-07,7.713123396182447e-02,1.374238593192288e-02,0.000000000000000e+00,0.000000000000000e+00,0.000000000000000e+00,1.000000000000000e+00,245 311 310
211,0,-1,0,20,20,2.938946732149930e-07,7.690552336782966e-02,1.372103109917286e-02,0.000000000000000e+00,0.000000000000000e+00,0.000000000000000e+00,1.000000000000000e+00,245 310 297
212,0,-1,0,20,20,3.671479175558567e-07,7.742543858235307e-02,1.470992612811395e-02,0.000000000000000e+00,0.000000000000000e+00,0.000000000000000e+00,1.000000000000000e+00,312 310 311
213,0,-1,0,20,20,1.805101464254507e-06,4.364365388349353e-02,1.206279448513370e-02,0.000000000000000e+00,0.000000000000000e+00,0.000000000000000e+00,1.000000000000000e+00,53 267 54
214,0,-1,0,20,20,3.565809847548321e-07,7.779194107829558e-02,1.424867821005933e-02,0.000000000000000e+00,0.000000000000000e+00,0.000000000000000e+00,1.000000000000000e+00,311 167 312
215,0,-1,0,20,20,2.948052084039526e-07,7.770058805108536e-02,1.205089915882479e-02,0.000000000000000e+00,0.000000000000000e+00,0.000000000000000e+00,1.000000000000000e+00,247 256 313
216,0,-1,0,20,20,2.918031649229138e-07,7.718658069708573e-02,1.208900956667533e-02,0.000000000000000e+00,0.000000000000000e+00,0.000000000000000e+00,1.000000000000000e+00,256 247 187
217,0,-1,0,20,20,4.427965715485184e-07,7.905934832800750e-02,1.578566204219356e-03,0.000000000000000e+00,0.000000000000000e+00,0.000000000000000e+00,1.000000000000000e+00,195 153 154
218,0,-1,0,20,20,1.127988865305389e-06,7.009978109464893e-02,2.696914147877012e-02,0.000000000000000e+00,0.000000000000000e+00,0.000000000000000e+00,1.000000000000000e+00,229 228 273
219,0,-1,0,20,20,8.174072794120158e-07,7.129601989935112e-02,2.666916200417158e-02,0.000000000000000e+00,0.000000000000000e+00,0.000000000000000e+00,1.000000000000000e+00,273 228 314
220,0,-1,0,20,20,2.431386449416243e-06,4.626337025780426e-02,2.874591147496916e-03,0.000000000000000e+00,0.000000000000000e+00,0.000000000000000e+00,1.000000000000000e+00,206 204 49
221,0,-1,0,20,20,3.933962308042851e-06,4.734453813930175e-02,5.385587976741196e-03,0.000000000000000e+00,0.000000000000000e+00,0.000000000000000e+00,1.000000000000000e+00,204 316 315
222,0,-1,0,20,20,5.181233084939748e-07,6.458880239203006e-02,1.889055403755161e-02,0.000000000000000e+00,0.000000000000000e+00,0.000000000000000e+00,1.000000000000000e+00,189 119 118
223,0,-1,0,20,20,2.117395753349974e-06,4.622813907499653e-02,4.787104160702328e-03,0.000000000000000e+00,0.000000000000000e+00,0.000000000000000e+00,1.000000000000000e+00,204 50 49
224,0,-1,0,20,20,2.847494171083664e-06,4.530340267985707e-02,5.919132313874151e-03,0.000000000000000e+00,0.000000000000000e+00,0.000000000000000e+00,1.000000000000000e+00,50 204 315
225,0,-1,0,20,20,2.669314512641339e-07,7.886576606377418e-02,5.771249720907405e-04,0.000000000000000e+00,0.000000000000000e+00,0.000000000000000e+00,1.000000000000000e+00,196 194 125
226,0,-1,0,20,20,3.635185364690211e-07,7.825873138215308e-02,5.117900704442865e-04,0.000000000000000e+00,0.000000000000000e+00,0.000000000000000e+00,1.000000000000000e+00,194 126 125
227,0,-1,0,20,20,4.553409410307295e-07,7.452978517404904e-02,2.383325139732857e-02,0.000000000000000e+00,0.000000000000000e+00,0.000000000000000e+00,1.000000000000000e+00,317 318 224
228,0,-1,0,20,20,4.031672382046343e-06,5.007750654373376e-02,4.313757452769064e-04,0.000000000000000e+00,0.000000000000000e+00,0.000000000000000e+00,1.000000000000000e+00,137 205 138
229,0,-1,0,20,20,2.785564234586759e-06,6.303849728837643e-02,4.060553946251751e-03,0.000000000000000e+00,0.000000000000000e+00,0.000000000000000e+00,1.000000000000000e+00,319 213 307
230,0,-1,0,20,20,4.297070605282480e-06,6.127936716359255e-02,4.686806130872540e-03,0.000000000000000e+00,0.000000000000000e+00,0.000000000000000e+00,1.000000000000000e+00,307 320 319
231,0,-1,0,20,20,4.128735034550823e-07,7.687944085213513e-02,1.462103146299328e-02,0.000000000000000e+00,0.000000000000000e+00,0.000000000000000e+00,1.000000000000000e+00,310 312 321
232,0,-1,0,20,20,4.114554846941229e-07,7.717537337651946e-02,1.560056856542536e-02,0.000000000000000e+00,0.000000000000000e+00,0.000000000000000e+00,1.000000000000000e+00,322 321 312
233,0,-1,0,20,20,5.133005678719242e-07,7.378004839283722e-02,2.721100241292317e-02,0.000000000000000e+00,0.000000000000000e+00,0.000000000000000e+00,1.000000000000000e+00,323 249 324
234,0,-1,0,20,20,4.544256885871649e-07,7.351710669592072e-02,2.665328343562320e-02,0.000000000000000e+00,0.000000000000000e+00,0.000000000000000e+00,1.000000000000000e+00,324 325 323
235,0,-1,0,20,20,3.292361111021449e-06,6.775852847498913e-02,5.942716796152754e-03,0.000000000000000e+00,0.000000000000000e+00,0.000000000000000e+00,1.000000000000000e+00,326 226 327
236,0,-1,0,20,20,4.535674443617355e-07,7.535871626152880e-02,2.364274451001659e-02,0.000000000000000e+00,0.000000000000000e+00,0.000000000000000e+00,1.000000000000000e+00,318 177 224
237,0,-1,0,20,20,2.636015027702760e-06,7.012384414519685e-02,5.237721624161919e-03,0.000000000000000e+00,0.000000000000000e+00,0.000000000000000e+00,1.000000000000000e+00,223 199 326
238,0,-1,0,20,20,2.830531062674298e-06,6.873964767756741e-02,4.875486512309171e-03,0.000000000000000e+00,0.000000000000000e+00,0.000000000000000e+00,1.000000000000000e+00,326 308 223
239,0,-1,0,20,20,4.602881367771641e-06,6.659542829012954e-02,2.177994328355974e-03,0.000000000000000e+00,0.000000000000000e+00,0.000000000000000e+00,1.000000000000000e+00,328 132 131
240,0,-1,0,20,20,3.800247896663413e-06,6.814523351439200e-02,9.040311314616093e-04,0.000000000000000e+00,0.000000000000000e+00,0.000000000000000e+00,1.000000000000000e+00,131 308 328
241,0,-1,0,20,20,4.097352910737524e-07,7.470531062340018e-02,2.263037274435130e-02,0.000000000000000e+00,0.000000000000000e+00,0.000000000000000e+00,1.000000000000000e+00,239 240 329
242,0,-1,0,20,20,4.952911816783570e-06,5.603190392874870e-02,7.651842068490786e-03,0.000000000000000e+00,0.000000000000000e+00,0.000000000000000e+00,1.000000000000000e+00,303 210 330
243,0,-1,0,20,20,2.049884453977209e-06,5.664316113694638e-02,3.556559229611616e-03,0.000000000000000e+00,0.000000000000000e+00,0.000000000000000e+00,1.000000000000000e+00,301 331 300
244,0,-1,0,20,20,2.213002665016896e-06,5.671592018458644e-02,6.866160057075026e-04,0.000000000000000e+00,0.000000000000000e+00,0.000000000000000e+00,1.000000000000000e+00,135 300 331
245,0,-1,0,20,20,2.758887304425610e-07,7.714410685660113e-02,1.173895300846214e-02,0.000000000000000e+00,0.000000000000000e+00,0.000000000000000e+00,1.000000000000000e+00,256 332 313
246,0,-1,0,20,20,4.508922895821936e-06,6.541844406256095e-02,5.288327549619816e-03,0.000000000000000e+00,0.000000000000000e+00,0.000000000000000e+00,1.000000000000000e+00,327 319 328
247,0,-1,0,20,20,3.253525779713296e-06,6.356038051334738e-02,5.536902395014153e-03,0.000000000000000e+00,0.000000000000000e+00,0.000000000000000e+00,1.000000000000000e+00,213 319 327
248,0,-1,0,20,20,3.612246170263549e-06,5.331276546217072e-02,1.787751927306141e-02,0.000000000000000e+00,0.000000000000000e+00,0.000000000000000e+00,1.000000000000000e+00,306 295 296
249,0,-1,0,20,20,2.315629890362675e-06,4.999849104600800e-02,1.907107431393295e-02,0.000000000000000e+00,0.000000000000000e+00,0.000000000000000e+00,1.000000000000000e+00,294 295 150
250,0,-1,0,20,20,2.737389461161703e-07,7.737851507408901e-02,1.090216927237508e-02,0.000000000000000e+00,0.000000000000000e+00,0.000000000000000e+00,1.000000000000000e+00,293 313 332
251,0,-1,0,20,20,2.431938718331350e-07,7.692794923895364e-02,1.059245033751001e-02,0.000000000000000e+00,0.000000000000000e+00,0.000000000000000e+00,1.000000000000000e+00,17 293 332
252,0,-1,0,20,20,3.175533867677022e-07,7.763551981877419e-02,1.379846772044064e-02,0.000000000000000e+00,0.000000000000000e+00,0.000000000000000e+00,1.000000000000000e+00,311 245 246
253,0,-1,0,20,20,3.539928371109244e-07,7.788639565992422e-02,1.332577424829489e-02,0.000000000000000e+00,0.000000000000000e+00,0.000000000000000e+00,1.000000000000000e+00,246 166 311
254,0,-1,0,20,20,3.520405433786941e-06,6.014734550849839e-02,3.386053361854732e-03,0.000000000000000e+00,0.000000000000000e+00,0.000000000000000e+00,1.000000000000000e+00,320 307 302
255,0,-1,0,20,20,3.032710470087763e-06,5.864241403850685e-02,4.124861133170758e-03,0.000000000000000e+00,0.000000000000000e+00,0.000000000000000e+00,1.000000000000000e+00,302 300 320
256,0,-1,0,20,20,3.062732574975323e-06,5.941842096977224e-02,7.670016810152625e-04,0.000000000000000e+00,0.000000000000000e+00,0.000000000000000e+00,1.000000000000000e+00,134 320 300
257,0,-1,0,20,20,3.481873960344123e-07,7.336907167248256e-02,2.938069288191505e-02,0.000000000000000e+00,0.000000000000000e+00,0.000000000000000e+00,1.000000000000000e+00,280 250 183
258,0,-1,0,20,20,3.461644263431212e-07,7.399396600198373e-02,2.931280708997565e-02,0.000000000000000e+00,0.000000000000000e+00,0.000000000000000e+00,1.000000000000000e+00,183 250 182
259,0,-1,0,20,20,4.475759274782028e-07,7.307353658344376e-02,2.684746557492412e-02,0.000000000000000e+00,0.000000000000000e+00,0.000000000000000e+00,1.000000000000000e+00,324 249 253
260,0,-1,0,20,20,4.846381203925542e-06,6.525305637701735e-02,1.010915928717886e-03,0.000000000000000e+00,0.000000000000000e+00,0.000000000000000e+00,1.000000000000000e+00,132 328 319
261,0,-1,0,20,20,3.767051959394093e-07,7.425117929667334e-02,2.703618552798608e-02,0.000000000000000e+00,0.000000000000000e+00,0.000000000000000e+00,1.000000000000000e+00,323 325 180
262,0,-1,0,20,20,4.845220142354756e-06,6.361942169824365e-02,2.292664343594345e-03,0.000000000000000e+00,0.000000000000000e+00,0.000000000000000e+00,1.000000000000000e+00,319 133 132
263,0,-1,0,20,20,3.077305017944158e-06,5.621681920964992e-02,1.505170099449251e-02,0.000000000000000e+00,0.000000000000000e+00,0.000000000000000e+00,1.000000000000000e+00,190 275 209
264,0,-1,0,20,20,2.120154976642714e-06,5.539636643257002e-02,1.207671772777059e-02,0.000000000000000e+00,0.000000000000000e+00,0.000000000000000e+00,1.000000000000000e+00,276 209 275
265,0,-1,0,20,20,4.502042556806430e-07,7.537761083576673e-02,1.287408839099961e-02,0.000000000000000e+00,0.000000000000000e+00,0.000000000000000e+00,1.000000000000000e+00,186 184 333
266,0,-1,0,20,20,3.194162799040089e-07,7.568340983731439e-02,1.361912642495812e-02,0.000000000000000e+00,0.000000000000000e+00,0.000000000000000e+00,1.000000000000000e+00,333 184 297
267,0,-1,0,20,20,3.256223156376807e-06,6.716753243565196e-02,8.000665094915734e-03,0.000000000000000e+00,0.000000000000000e+00,0.000000000000000e+00,1.000000000000000e+00,226 227 327
268,0,-1,0,20,20,3.906717706879483e-06,6.122427999968930e-02,8.498644557415173e-03,0.000000000000000e+00,0.000000000000000e+00,0.000000000000000e+00,1.000000000000000e+00,214 234 304
269,0,-1,0,20,20,3.538670020406332e-07,7.340780521930657e-02,2.771089304874402e-02,0.000000000000000e+00,0.000000000000000e+00,0.000000000000000e+00,1.000000000000000e+00,249 323 248
270,0,-1,0,20,20,2.827788088164291e-07,7.449171834403660e-02,2.772718303774523e-02,0.000000000000000e+00,0.000000000000000e+00,0.000000000000000e+00,1.000000000000000e+00,181 248 323
271,0,-1,0,20,20,2.775262127705744e-06,6.566334225694423e-02,8.806806151841805e-03,0.000000000000000e+00,0.000000000000000e+00,0.000000000000000e+00,1.000000000000000e+00,227 212 327
272,0,-1,0,20,20,3.867079546152649e-07,7.860865763050305e-02,4.381774721352527e-03,0.000000000000000e+00,0.000000000000000e+00,0.000000000000000e+00,1.000000000000000e+00,274 271 272
273,0,-1,0,20,20,3.843681322728855e-07,7.882329657713738e-02,4.925789526723278e-03,0.000000000000000e+00,0.000000000000000e+00,0.000000000000000e+00,1.000000000000000e+00,271 274 157
274,0,-1,0,20,20,3.495405081667572e-06,5.266432530819325e-02,1.427899475797467e-02,0.000000000000000e+00,0.000000000000000e+00,0.000000000000000e+00,1.000000000000000e+00,305 259 257
275,0,-1,0,20,20,3.847149536158060e-07,7.663739449778832e-02,1.456778475233128e-02,0.000000000000000e+00,0.000000000000000e+00,0.000000000000000e+00,1.000000000000000e+00,310 321 334
276,0,-1,0,20,20,3.786642862545417e-07,7.688234387859703e-02,1.184912707440249e-02,0.000000000000000e+00,0.000000000000000e+00,0.000000000000000e+00,1.000000000000000e+00,256 185 332
277,0,-1,0,20,20,3.633181007566107e-07,7.744345550342814e-02,1.563481542111148e-02,0.000000000000000e+00,0.000000000000000e+00,0.000000000000000e+00,1.000000000000000e+00,322 312 168
278,0,-1,0,20,20,4.894144554973890e-07,7.658777108239423e-02,1.133273394985754e-02,0.000000000000000e+00,0.000000000000000e+00,0.000000000000000e+00,1.000000000000000e+00,332 185 104
279,0,-1,0,20,20,2.979266432708146e-07,7.774706887019117e-02,1.115896427929175e-02,0.000000000000000e+00,0.000000000000000e+00,0.000000000000000e+00,1.000000000000000e+00,313 293 289
280,0,-1,0,20,20,3.147217157427608e-06,6.824620991863432e-02,7.499991092475352e-03,0.000000000000000e+00,0.000000000000000e+00,0.000000000000000e+00,1.000000000000000e+00,226 326 199
281,0,-1,0,20,20,2.970311474108237e-06,5.685144914548496e-02,1.243221916488726e-02,0.000000000000000e+00,0.000000000000000e+00,0.000000000000000e+00,1.000000000000000e+00,209 276 210
282,0,-1,0,20,20,1.074583547501695e-06,6.815576438140131e-02,8.623104282097022e-03,0.000000000000000e+00,0.000000000000000e+00,0.000000000000000e+00,1.000000000000000e+00,226 98 97
283,0,-1,0,20,20,3.171106359966398e-06,5.491266099989241e-02,9.745482823620659e-03,0.000000000000000e+00,0.000000000000000e+00,0.000000000000000e+00,1.000000000000000e+00,330 210 276
284,0,-1,0,20,20,4.789296983692616e-07,7.346965328440958e-02,2.640263369158317e-02,0.000000000000000e+00,0.000000000000000e+00,0.000000000000000e+00,1.000000000000000e+00,324 335 325
285,0,-1,0,20,20,5.060782692662228e-07,7.530407096527464e-02,1.174017600487502e-02,0.000000000000000e+00,0.000000000000000e+00,0.000000000000000e+00,1.000000000000000e+00,105 185 186
286,0,-1,0,20,20,4.040945322928602e-07,7.901468969780330e-02,4.262460378491437e-03,0.000000000000000e+00,0.000000000000000e+00,0.000000000000000e+00,1.000000000000000e+00,274 156 157
287,0,-1,0,20,20,6.644555221764105e-07,7.173645682401078e-02,2.785254915597767e-02,0.000000000000000e+00,0.000000000000000e+00,0.000000000000000e+00,1.000000000000000e+00,252 254 273
288,0,-1,0,20,20,5.152057427453970e-07,7.197488512297619e-02,2.767596344445858e-02,0.000000000000000e+00,0.000000000000000e+00,0.000000000000000e+00,1.000000000000000e+00,252 273 253
289,0,-1,0,20,20,3.647999258765081e-06,6.615870455597231e-02,5.611416397249791e-03,0.000000000000000e+00,0.000000000000000e+00,0.000000000000000e+00,1.000000000000000e+00,327 328 326
290,0,-1,0,20,20,2.141840017865835e-06,7.235058507780628e-02,1.504436565427170e-02,0.000000000000000e+00,0.000000000000000e+00,0.000000000000000e+00,1.000000000000000e+00,281 217 215
291,0,-1,0,20,20,1.842379642895964e-06,7.118945503503621e-02,1.448082878857310e-02,0.000000000000000e+00,0.000000000000000e+00,0.000000000000000e+00,1.000000000000000e+00,110 281 215
292,0,-1,0,20,20,1.464131520190021e-06,7.314163053470585e-02,1.828478061908813e-02,0.000000000000000e+00,0.000000000000000e+00,0.000000000000000e+00,1.000000000000000e+00,216 336 218
293,0,-1,0,20,20,4.036780613073519e-07,7.804086512124286e-02,2.393203209013065e-03,0.000000000000000e+00,0.000000000000000e+00,0.000000000000000e+00,1.000000000000000e+00,290 262 337
294,0,-1,0,20,20,3.898777389186225e-07,7.805108329444793e-02,2.157309568309184e-03,0.000000000000000e+00,0.000000000000000e+00,0.000000000000000e+00,1.000000000000000e+00,290 337 338
295,0,-1,0,20,20,3.678882100017110e-07,7.799200696723760e-02,2.909499861313932e-03,0.000000000000000e+00,0.000000000000000e+00,0.000000000000000e+00,1.000000000000000e+00,262 290 291
296,0,-1,0,20,20,9.177692627502918e-07,7.339776486838524e-02,1.949567353420997e-02,0.000000000000000e+00,0.000000000000000e+00,0.000000000000000e+00,1.000000000000000e+00,336 339 218
297,0,-1,0,20,20,2.805196555042732e-06,7.376064728685615e-02,2.364042604284947e-03,0.000000000000000e+00,0.000000000000000e+00,0.000000000000000e+00,1.000000000000000e+00,284 221 222
298,0,-1,0,20,20,6.999807529736715e-07,7.241490686171498e-02,6.592386385699057e-03,0.000000000000000e+00,0.000000000000000e+00,0.000000000000000e+00,1.000000000000000e+00,202 102 101
299,0,-1,0,20,20,3.424453759435030e-06,6.625093239788243e-02,2.173093934552444e-02,0.000000000000000e+00,0.000000000000000e+00,0.000000000000000e+00,1.000000000000000e+00,198 200 197
300,0,-1,0,20,20,4.310988723753540e-06,6.227704526905254e-02,2.200845694023403e-02,0.000000000000000e+00,0.000000000000000e+00,0.000000000000000e+00,1.000000000000000e+00,203 188 197
301,0,-1,0,20,20,4.200580192090733e-06,6.536988041869056e-02,2.453195597889983e-02,0.000000000000000e+00,0.000000000000000e+00,0.000000000000000e+00,1.000000000000000e+00,197 201 144
302,0,-1,0,20,20,2.971765021297471e-07,7.783909418619556e-02,1.231770515802052e-03,0.000000000000000e+00,0.000000000000000e+00,0.000000000000000e+00,1.000000000000000e+00,338 340 194
303,0,-1,0,20,20,2.803300357663383e-07,7.764312360942444e-02,5.913312500473127e-04,0.000000000000000e+00,0.000000000000000e+00,0.000000000000000e+00,1.000000000000000e+00,340 126 194
304,0,-1,0,20,20,4.756027317215809e-07,7.367547007356906e-02,2.299701078054087e-02,0.000000000000000e+00,0.000000000000000e+00,0.000000000000000e+00,1.000000000000000e+00,341 241 239
305,0,-1,0,20,20,4.489040985691324e-07,7.418006344278065e-02,2.356464815065532e-02,0.000000000000000e+00,0.000000000000000e+00,0.000000000000000e+00,1.000000000000000e+00,317 341 239
306,0,-1,0,20,20,2.452500731859642e-06,5.979362466702264e-02,2.448330023153905e-02,0.000000000000000e+00,0.000000000000000e+00,0.000000000000000e+00,1.000000000000000e+00,146 147 211
307,0,-1,0,20,20,3.852231218804568e-07,7.796068896788745e-02,1.243084928578919e-02,0.000000000000000e+00,0.000000000000000e+00,0.000000000000000e+00,1.000000000000000e+00,247 165 246
308,0,-1,0,20,20,3.437061959707426e-06,6.688717924055776e-02,1.894281672873620e-02,0.000000000000000e+00,0.000000000000000e+00,0.000000000000000e+00,1.000000000000000e+00,242 219 198
309,0,-1,0,20,20,2.362118192783066e-06,6.805484556697877e-02,1.766390604980318e-02,0.000000000000000e+00,0.000000000000000e+00,0.000000000000000e+00,1.000000000000000e+00,220 219 242
310,0,-1,0,20,20,1.204916821637902e-06,6.773395260482361e-02,1.721686781196587e-02,0.000000000000000e+00,0.000000000000000e+00,0.000000000000000e+00,1.000000000000000e+00,220 242 115
311,0,-1,0,20,20,5.959627777962523e-07,7.633557910617191e-02,1.751241194826804e-03,0.000000000000000e+00,0.000000000000000e+00,0.000000000000000e+00,1.000000000000000e+00,285 342 337
312,0,-1,0,20,20,4.928285622139779e-07,7.633743217792462e-02,2.029069781239448e-03,0.000000000000000e+00,0.000000000000000e+00,0.000000000000000e+00,1.000000000000000e+00,285 337 264
313,0,-1,0,20,20,2.891335032993333e-07,7.631599193823677e-02,1.406996205501331e-02,0.000000000000000e+00,0.000000000000000e+00,0.000000000000000e+00,1.000000000000000e+00,297 310 334
314,0,-1,0,20,20,3.387908679779828e-07,7.609787916908822e-02,1.395942640356404e-02,0.000000000000000e+00,0.000000000000000e+00,0.000000000000000e+00,1.000000000000000e+00,297 334 333
315,0,-1,0,20,20,6.409717473073443e-07,6.666346328116775e-02,1.698346119698874e-02,0.000000000000000e+00,0.000000000000000e+00,0.000000000000000e+00,1.000000000000000e+00,115 242 116
316,0,-1,0,20,20,2.644704351618679e-07,7.259493980750727e-02,2.950219578226900e-02,0.000000000000000e+00,0.000000000000000e+00,0.000000000000000e+00,1.000000000000000e+00,243 280 139
317,0,-1,0,20,20,2.838383558663117e-07,7.258381891730234e-02,2.927035323033928e-02,0.000000000000000e+00,0.000000000000000e+00,0.000000000000000e+00,1.000000000000000e+00,243 251 280
318,0,-1,0,20,20,3.807541982765203e-07,7.338273159827921e-02,2.881169694528742e-02,0.000000000000000e+00,0.000000000000000e+00,0.000000000000000e+00,1.000000000000000e+00,250 280 251
319,0,-1,0,20,20,2.928473718179746e-06,6.538105846519744e-02,9.550464451268214e-03,0.000000000000000e+00,0.000000000000000e+00,0.000000000000000e+00,1.000000000000000e+00,227 343 212
320,0,-1,0,20,20,9.381675316880598e-07,7.050912683195165e-02,2.817814657279294e-02,0.000000000000000e+00,0.000000000000000e+00,0.000000000000000e+00,1.000000000000000e+00,254 142 229
321,0,-1,0,20,20,1.324043900869840e-06,6.945140668125802e-02,2.851679515494586e-02,0.000000000000000e+00,0.000000000000000e+00,0.000000000000000e+00,1.000000000000000e+00,142 143 229
322,0,-1,0,20,20,3.262665663049196e-06,6.376582192253488e-02,8.554447853743041e-03,0.000000000000000e+00,0.000000000000000e+00,0.000000000000000e+00,1.000000000000000e+00,212 343 214
323,0,-1,0,20,20,8.943426828785715e-07,7.082244577959163e-02,1.449087278400226e-02,0.000000000000000e+00,0.000000000000000e+00,0.000000000000000e+00,1.000000000000000e+00,110 215 111
324,0,-1,0,20,20,3.233215387936849e-06,7.055658803275966e-02,2.097449870981312e-02,0.000000000000000e+00,0.000000000000000e+00,0.000000000000000e+00,1.000000000000000e+00,344 219 218
325,0,-1,0,20,20,1.927933982715637e-06,7.180057650654623e-02,2.009477913447415e-02,0.000000000000000e+00,0.000000000000000e+00,0.000000000000000e+00,1.000000000000000e+00,218 345 344
326,0,-1,0,20,20,5.482363278004072e-07,7.824562762420779e-02,1.086736922739463e-02,0.000000000000000e+00,0.000000000000000e+00,0.000000000000000e+00,1.000000000000000e+00,289 164 313
327,0,-1,0,20,20,2.999784752369980e-06,6.215439844667425e-02,1.207620498942853e-02,0.000000000000000e+00,0.000000000000000e+00,0.000000000000000e+00,1.000000000000000e+00,235 234 343
328,0,-1,0,20,20,3.891483277414851e-06,6.302879588287447e-02,1.047237234491741e-02,0.000000000000000e+00,0.000000000000000e+00,0.000000000000000e+00,1.000000000000000e+00,343 234 214
329,0,-1,0,20,20,1.723889665599406e-06,6.259593697314385e-02,1.250368165124474e-02,0.000000000000000e+00,0.000000000000000e+00,0.000000000000000e+00,1.000000000000000e+00,235 343 91
330,0,-1,0,20,20,2.559524556562191e-06,6.877460441041261e-02,2.261130172225981e-02,0.000000000000000e+00,0.000000000000000e+00,0.000000000000000e+00,1.000000000000000e+00,200 344 237
331,0,-1,0,20,20,3.558293073079375e-06,6.995872590397167e-02,2.145607919955409e-02,0.000000000000000e+00,0.000000000000000e+00,0.000000000000000e+00,1.000000000000000e+00,344 200 219
332,0,-1,0,20,20,4.496905961757480e-07,7.797370892281805e-02,1.201458929091610e-02,0.000000000000000e+00,0.000000000000000e+00,0.000000000000000e+00,1.000000000000000e+00,247 313 164
333,0,-1,0,20,20,4.431968874635814e-07,7.857885004649073e-02,1.244292643480335e-02,0.000000000000000e+00,0.000000000000000e+00,0.000000000000000e+00,1.000000000000000e+00,165 247 164
334,0,-1,0,20,20,8.330869186476046e-07,7.553396587123981e-02,3.743750506031791e-03,0.000000000000000e+00,0.000000000000000e+00,0.000000000000000e+00,1.000000000000000e+00,265 286 221
335,0,-1,0,20,20,1.499155197897074e-06,7.450955109688003e-02,4.910894470517685e-03,0.000000000000000e+00,0.000000000000000e+00,0.000000000000000e+00,1.000000000000000e+00,221 287 10
336,0,-1,0,20,20,2.671985625747805e-06,5.382423680041393e-02,1.840875487934026e-02,0.000000000000000e+00,0.000000000000000e+00,0.000000000000000e+00,1.000000000000000e+00,306 69 295
337,0,-1,0,20,20,1.328577027212163e-06,5.315325299377519e-02,2.057621054223657e-02,0.000000000000000e+00,0.000000000000000e+00,0.000000000000000e+00,1.000000000000000e+00,13 295 69
338,0,-1,0,20,20,8.835491290862850e-07,6.385751643986912e-02,1.161255015749032e-02,0.000000000000000e+00,0.000000000000000e+00,0.000000000000000e+00,1.000000000000000e+00,343 92 91
339,0,-1,0,20,20,4.208485637876500e-07,7.893597500592502e-02,5.184630282422763e-03,0.000000000000000e+00,0.000000000000000e+00,0.000000000000000e+00,1.000000000000000e+00,271 157 158
340,0,-1,0,20,20,4.428329400052683e-07,7.866018577115222e-02,5.838307907866513e-03,0.000000000000000e+00,0.000000000000000e+00,0.000000000000000e+00,1.000000000000000e+00,7 271 158
341,0,-1,0,20,20,1.590936155025431e-06,7.495610867694577e-02,2.785479614830348e-04,0.000000000000000e+00,0.000000000000000e+00,0.000000000000000e+00,1.000000000000000e+00,128 284 129
342,0,-1,0,20,20,2.659435117999828e-06,6.146573192230941e-02,5.953227987967725e-03,0.000000000000000e+00,0.000000000000000e+00,0.000000000000000e+00,1.000000000000000e+00,307 213 214
343,0,-1,0,20,20,3.698050847014771e-06,4.375773704589176e-02,1.623102842910521e-02,0.000000000000000e+00,0.000000000000000e+00,0.000000000000000e+00,1.000000000000000e+00,192 152 4
344,0,-1,0,20,20,2.023505035011672e-06,5.611302147714513e-02,3.781172166933086e-03,0.000000000000000e+00,0.000000000000000e+00,0.000000000000000e+00,1.000000000000000e+00,301 346 331
345,0,-1,0,20,20,3.249438289265825e-06,5.531620161722561e-02,2.009718116418120e-03,0.000000000000000e+00,0.000000000000000e+00,0.000000000000000e+00,1.000000000000000e+00,331 346 136
346,0,-1,0,20,20,1.743450734183363e-06,4.246355937276020e-02,1.569772692979080e-02,0.000000000000000e+00,0.000000000000000e+00,0.000000000000000e+00,1.000000000000000e+00,55 192 4
347,0,-1,0,20,20,3.456429145905279e-06,6.689430892777386e-02,2.108362388194945e-02,0.000000000000000e+00,0.000000000000000e+00,0.000000000000000e+00,1.000000000000000e+00,198 219 200
348,0,-1,0,20,20,8.943426828785682e-07,7.011858169221893e-02,1.492873478104211e-02,0.000000000000000e+00,0.000000000000000e+00,0.000000000000000e+00,1.000000000000000e+00,111 215 112
349,0,-1,0,20,20,1.762506971438634e-06,6.879375568434087e-02,1.595624762373015e-02,0.000000000000000e+00,0.000000000000000e+00,0.000000000000000e+00,1.000000000000000e+00,113 215 220
350,0,-1,0,20,20,2.964680343560018e-06,6.254248958145736e-02,2.376572126298139e-02,0.000000000000000e+00,0.000000000000000e+00,0.000000000000000e+00,1.000000000000000e+00,298 203 197
351,0,-1,0,20,20,6.702810529562653e-07,7.447221058203360e-02,1.336626539621764e-02,0.000000000000000e+00,0.000000000000000e+00,0.000000000000000e+00,1.000000000000000e+00,244 186 333
352,0,-1,0,20,20,5.382968164671901e-07,7.443897265308649e-02,1.364034880423030e-02,0.000000000000000e+00,0.000000000000000e+00,0.000000000000000e+00,1.000000000000000e+00,244 333 347
353,0,-1,0,20,20,2.588780672764407e-06,6.366819288575287e-02,6.278761367654499e-03,0.000000000000000e+00,0.000000000000000e+00,0.000000000000000e+00,1.000000000000000e+00,213 327 212
354,0,-1,0,20,20,2.773436634537960e-06,6.984045589757673e-02,2.437089771795278e-02,0.000000000000000e+00,0.000000000000000e+00,0.000000000000000e+00,1.000000000000000e+00,237 228 201
355,0,-1,0,20,20,3.794074009462388e-06,5.807632623930163e-02,8.159262730783653e-03,0.000000000000000e+00,0.000000000000000e+00,0.000000000000000e+00,1.000000000000000e+00,304 210 303
356,0,-1,0,20,20,4.614041092712946e-06,5.832189717881826e-02,1.081255530388074e-02,0.000000000000000e+00,0.000000000000000e+00,0.000000000000000e+00,1.000000000000000e+00,210 234 208
357,0,-1,0,20,20,3.966688516247191e-06,5.879567198787355e-02,8.752988764826256e-03,0.000000000000000e+00,0.000000000000000e+00,0.000000000000000e+00,1.000000000000000e+00,304 234 210
358,0,-1,0,20,20,3.271795722661753e-07,7.908846173934368e-02,4.613977890655885e-04,0.000000000000000e+00,0.000000000000000e+00,0.000000000000000e+00,1.000000000000000e+00,196 125 18
359,0,-1,0,20,20,3.276893302259580e-06,4.579086534287505e-02,1.014192706439924e-02,0.000000000000000e+00,0.000000000000000e+00,0.000000000000000e+00,1.000000000000000e+00,309 267 52
360,0,-1,0,20,20,4.439706870751388e-06,5.367486067389253e-02,6.101136113200971e-03,0.000000000000000e+00,0.000000000000000e+00,0.000000000000000e+00,1.000000000000000e+00,348 346 303
361,0,-1,0,20,20,3.456322976690228e-06,6.811124030589896e-02,2.487182154833968e-02,0.000000000000000e+00,0.000000000000000e+00,0.000000000000000e+00,1.000000000000000e+00,201 200 237
362,0,-1,0,20,20,3.793594007817427e-07,7.423866703426574e-02,2.132339908618287e-02,0.000000000000000e+00,0.000000000000000e+00,0.000000000000000e+00,1.000000000000000e+00,349 350 240
363,0,-1,0,20,20,7.746626385006277e-07,6.318166318097372e-02,2.018970031313588e-02,0.000000000000000e+00,0.000000000000000e+00,0.000000000000000e+00,1.000000000000000e+00,188 121 120
364,0,-1,0,20,20,3.931979139097572e-07,7.519467355210614e-02,1.432021059460861e-02,0.000000000000000e+00,0.000000000000000e+00,0.000000000000000e+00,1.000000000000000e+00,347 333 334
365,0,-1,0,20,20,8.943426828785767e-07,7.014499416145914e-02,1.605563411797116e-02,0.000000000000000e+00,0.000000000000000e+00,0.000000000000000e+00,1.000000000000000e+00,215 113 112
366,0,-1,0,20,20,3.225687992617043e-06,4.722859920475350e-02,3.451380543822049e-04,0.000000000000000e+00,0.000000000000000e+00,0.000000000000000e+00,1.000000000000000e+00,138 206 3
367,0,-1,0,20,20,1.462406243874514e-06,4.598607079566200e-02,1.831962958063298e-03,0.000000000000000e+00,0.000000000000000e+00,0.000000000000000e+00,1.000000000000000e+00,206 48 3
368,0,-1,0,20,20,2.814791019371831e-06,5.043402875732730e-02,2.056447095185475e-02,0.000000000000000e+00,0.000000000000000e+00,0.000000000000000e+00,1.000000000000000e+00,150 295 149
369,0,-1,0,20,20,9.909124014807722e-07,5.225696039268680e-02,2.003536424427431e-02,0.000000000000000e+00,0.000000000000000e+00,0.000000000000000e+00,1.000000000000000e+00,295 13 149
370,0,-1,0,20,20,1.095985282138740e-06,7.362565474642591e-02,1.355157934695925e-02,0.000000000000000e+00,0.000000000000000e+00,0.000000000000000e+00,1.000000000000000e+00,244 281 108
371,0,-1,0,20,20,5.843159541049542e-07,7.243690508875519e-02,1.411772805580934e-02,0.000000000000000e+00,0.000000000000000e+00,0.000000000000000e+00,1.000000000000000e+00,281 109 108
372,0,-1,0,20,20,5.843159541049579e-07,7.217729084671211e-02,1.427922970438085e-02,0.000000000000000e+00,0.000000000000000e+00,0.000000000000000e+00,1.000000000000000e+00,281 110 109
373,0,-1,0,20,20,3.950123709224139e-07,7.396902548280837e-02,2.568830509606639e-02,0.000000000000000e+00,0.000000000000000e+00,0.000000000000000e+00,1.000000000000000e+00,335 225 325
374,0,-1,0,20,20,4.895415393211674e-07,7.466081514155952e-02,2.557152327509666e-02,0.000000000000000e+00,0.000000000000000e+00,0.000000000000000e+00,1.000000000000000e+00,225 179 325
375,0,-1,0,20,20,4.240906216623851e-06,6.465655931192074e-02,2.460888351219893e-02,0.000000000000000e+00,0.000000000000000e+00,0.000000000000000e+00,1.000000000000000e+00,197 144 145
376,0,-1,0,20,20,1.568966432604148e-06,5.452286138004227e-02,1.966103511151371e-02,0.000000000000000e+00,0.000000000000000e+00,0.000000000000000e+00,1.000000000000000e+00,69 306 68
377,0,-1,0,20,20,1.465721910621555e-06,5.464246781438616e-02,1.804893207330441e-02,0.000000000000000e+00,0.000000000000000e+00,0.000000000000000e+00,1.000000000000000e+00,306 11 68
378,0,-1,0,20,20,2.408434764700645e-06,6.567548137124643e-02,1.011150362214719e-02,0.000000000000000e+00,0.000000000000000e+00,0.000000000000000e+00,1.000000000000000e+00,227 94 343
379,0,-1,0,20,20,9.078107582082488e-07,6.615829308934518e-02,1.014119688626441e-02,0.000000000000000e+00,0.000000000000000e+00,0.000000000000000e+00,1.000000000000000e+00,227 95 94
380,0,-1,0,20,20,4.144536477363478e-07,7.472118790014458e-02,2.100745854661190e-02,0.000000000000000e+00,0.000000000000000e+00,0.000000000000000e+00,1.000000000000000e+00,350 349 351
381,0,-1,0,20,20,3.243032781466968e-07,7.959196845767461e-02,7.778012165755151e-04,0.000000000000000e+00,0.000000000000000e+00,0.000000000000000e+00,1.000000000000000e+00,153 196 18
382,0,-1,0,20,20,2.038768733187280e-06,5.580119000864857e-02,1.757747483975508e-02,0.000000000000000e+00,0.000000000000000e+00,0.000000000000000e+00,1.000000000000000e+00,11 306 190
383,0,-1,0,20,20,4.051899124711792e-06,5.383430786709192e-02,1.551090585015009e-02,0.000000000000000e+00,0.000000000000000e+00,0.000000000000000e+00,1.000000000000000e+00,305 190 306
384,0,-1,0,20,20,3.099690432374893e-06,5.478200815754686e-02,1.402984442195254e-02,0.000000000000000e+00,0.000000000000000e+00,0.000000000000000e+00,1.000000000000000e+00,275 190 305
385,0,-1,0,20,20,3.478178506936079e-06,6.718233808833796e-02,3.431043762916414e-03,0.000000000000000e+00,0.000000000000000e+00,0.000000000000000e+00,1.000000000000000e+00,328 308 326
386,0,-1,0,20,20,3.433800506290794e-07,7.635768170160415e-02,1.557853920476912e-02,0.000000000000000e+00,0.000000000000000e+00,0.000000000000000e+00,1.000000000000000e+00,321 231 233
387,0,-1,0,20,20,4.666180355334967e-07,7.615450178917189e-02,1.544620078469615e-02,0.000000000000000e+00,0.000000000000000e+00,0.000000000000000e+00,1.000000000000000e+00,321 233 352
388,0,-1,0,20,20,2.693064956561607e-07,7.705130063246109e-02,1.645820449587308e-02,0.000000000000000e+00,0.000000000000000e+00,0.000000000000000e+00,1.000000000000000e+00,230 231 322
389,0,-1,0,20,20,3.588301651304118e-07,7.726786209017220e-02,1.651345146548664e-02,0.000000000000000e+00,0.000000000000000e+00,0.000000000000000e+00,1.000000000000000e+00,230 322 169
390,0,-1,0,20,20,7.870722377126969e-07,5.623628431035330e-02,1.751916004632877e-02,0.000000000000000e+00,0.000000000000000e+00,0.000000000000000e+00,1.000000000000000e+00,11 190 83
391,0,-1,0,20,20,3.186391647976484e-07,7.328312319544367e-02,2.519618870444345e-02,0.000000000000000e+00,0.000000000000000e+00,0.000000000000000e+00,1.000000000000000e+00,353 335 354
392,0,-1,0,20,20,3.552794492389326e-07,7.251912006736741e-02,2.524158212921982e-02,0.000000000000000e+00,0.000000000000000e+00,0.000000000000000e+00,1.000000000000000e+00,238 353 354
393,0,-1,0,20,20,2.204336415682049e-06,6.535975308135378e-02,1.928283328248673e-02,0.000000000000000e+00,0.000000000000000e+00,0.000000000000000e+00,1.000000000000000e+00,189 242 198
394,0,-1,0,20,20,2.985133324893995e-06,6.037087842384148e-02,2.418271639585079e-02,0.000000000000000e+00,0.000000000000000e+00,0.000000000000000e+00,1.000000000000000e+00,146 211 203
395,0,-1,0,20,20,1.204672146636398e-06,7.301537911951676e-02,1.441279276939771e-02,0.000000000000000e+00,0.000000000000000e+00,0.000000000000000e+00,1.000000000000000e+00,281 244 282
396,0,-1,0,20,20,6.532794165775232e-07,7.423376717704040e-02,1.384205161083960e-02,0.000000000000000e+00,0.000000000000000e+00,0.000000000000000e+00,1.000000000000000e+00,244 347 282
397,0,-1,0,20,20,6.999807529736827e-07,7.293413534580109e-02,6.269383088556048e-03,0.000000000000000e+00,0.000000000000000e+00,0.000000000000000e+00,1.000000000000000e+00,202 10 103
398,0,-1,0,20,20,2.750028616246009e-06,5.721876284799973e-02,1.382583796350996e-02,0.000000000000000e+00,0.000000000000000e+00,0.000000000000000e+00,1.000000000000000e+00,209 207 190
399,0,-1,0,20,20,7.959463911115731e-07,7.041905864260903e-02,7.675440074394909e-03,0.000000000000000e+00,0.000000000000000e+00,0.000000000000000e+00,1.000000000000000e+00,199 100 99
400,0,-1,0,20,20,1.569507874524712e-06,5.823501454085002e-02,1.531903560321237e-02,0.000000000000000e+00,0.000000000000000e+00,0.000000000000000e+00,1.000000000000000e+00,207 85 190
401,0,-1,0,20,20,4.769964260667354e-07,7.475228217560360e-02,2.046879463625340e-02,0.000000000000000e+00,0.000000000000000e+00,0.000000000000000e+00,1.000000000000000e+00,351 355 350
402,0,-1,0,20,20,4.228405389297326e-07,7.519631446737206e-02,2.108196893999857e-02,0.000000000000000e+00,0.000000000000000e+00,0.000000000000000e+00,1.000000000000000e+00,350 355 356
403,0,-1,0,20,20,7.870722377126869e-07,5.690218823634864e-02,1.609871716258331e-02,0.000000000000000e+00,0.000000000000000e+00,0.000000000000000e+00,1.000000000000000e+00,190 85 84
404,0,-1,0,20,20,8.835491290862903e-07,6.437674492395527e-02,1.128954686034732e-02,0.000000000000000e+00,0.000000000000000e+00,0.000000000000000e+00,1.000000000000000e+00,343 94 93
405,0,-1,0,20,20,2.495264947072218e-07,7.915828871663871e-02,8.557509626889665e-03,0.000000000000000e+00,0.000000000000000e+00,0.000000000000000e+00,1.000000000000000e+00,161 357 160
406,0,-1,0,20,20,2.313060525364509e-07,7.834803924717465e-02,8.028659620705170e-03,0.000000000000000e+00,0.000000000000000e+00,0.000000000000000e+00,1.000000000000000e+00,73 357 72
407,0,-1,0,20,20,5.507654208978401e-07,5.917913544108331e-02,2.160563971436152e-02,0.000000000000000e+00,0.000000000000000e+00,0.000000000000000e+00,1.000000000000000e+00,124 211 16
408,0,-1,0,20,20,5.791648436319027e-07,5.869827192125331e-02,1.606526105734328e-02,0.000000000000000e+00,0.000000000000000e+00,0.000000000000000e+00,1.000000000000000e+00,85 207 86
409,0,-1,0,20,20,3.415265264476000e-07,7.403180540876869e-02,2.494688811841661e-02,0.000000000000000e+00,0.000000000000000e+00,0.000000000000000e+00,1.000000000000000e+00,358 225 335
410,0,-1,0,20,20,4.211788212701221e-07,7.591122182995425e-02,1.482106627102919e-02,0.000000000000000e+00,0.000000000000000e+00,0.000000000000000e+00,1.000000000000000e+00,334 321 352
411,0,-1,0,20,20,4.027650995621353e-07,7.568163425842690e-02,1.467684050190058e-02,0.000000000000000e+00,0.000000000000000e+00,0.000000000000000e+00,1.000000000000000e+00,334 352 347
412,0,-1,0,20,20,3.061538186339839e-07,7.666733276024519e-02,1.597077317963577e-02,0.000000000000000e+00,0.000000000000000e+00,0.000000000000000e+00,1.000000000000000e+00,231 321 322
413,0,-1,0,20,20,3.992046162994242e-07,7.454390022519326e-02,2.507424175165703e-02,0.000000000000000e+00,0.000000000000000e+00,0.000000000000000e+00,1.000000000000000e+00,225 358 224
414,0,-1,0,20,20,4.281094480725151e-07,7.307360029787326e-02,2.487990887435652e-02,0.000000000000000e+00,0.000000000000000e+00,0.000000000000000e+00,1.000000000000000e+00,353 238 359
415,0,-1,0,20,20,2.906873796770567e-07,7.345381756985704e-02,2.503217083852752e-02,0.000000000000000e+00,0.000000000000000e+00,0.000000000000000e+00,1.000000000000000e+00,353 358 335
416,0,-1,0,20,20,3.147891181575574e-07,7.371329324101537e-02,2.466794223565766e-02,0.000000000000000e+00,0.000000000000000e+00,0.000000000000000e+00,1.000000000000000e+00,358 353 359
417,0,-1,0,20,20,3.882013972705754e-07,7.280991128948965e-02,2.596300191356134e-02,0.000000000000000e+00,0.000000000000000e+00,0.000000000000000e+00,1.000000000000000e+00,354 324 314
418,0,-1,0,20,20,2.038697550228348e-06,7.304032292997133e-02,5.856814713704419e-03,0.000000000000000e+00,0.000000000000000e+00,0.000000000000000e+00,1.000000000000000e+00,202 221 10
419,0,-1,0,20,20,3.842479505068904e-07,7.324348389418124e-02,2.630982690128469e-02,0.000000000000000e+00,0.000000000000000e+00,0.000000000000000e+00,1.000000000000000e+00,324 354 335
420,0,-1,0,20,20,5.447146435958129e-07,7.697873028198725e-02,4.533956011296375e-03,0.000000000000000e+00,0.000000000000000e+00,0.000000000000000e+00,1.000000000000000e+00,288 263 272
421,0,-1,0,20,20,3.565735564429090e-07,7.233946191802493e-02,2.543479365498712e-02,0.000000000000000e+00,0.000000000000000e+00,0.000000000000000e+00,1.000000000000000e+00,238 354 314
422,0,-1,0,20,20,4.698614408961635e-07,7.443334675443776e-02,1.493643291425051e-02,0.000000000000000e+00,0.000000000000000e+00,0.000000000000000e+00,1.000000000000000e+00,282 347 352
423,0,-1,0,20,20,7.918618227714471e-07,7.665712359821751e-02,4.368842812969009e-03,0.000000000000000e+00,0.000000000000000e+00,0.000000000000000e+00,1.000000000000000e+00,288 265 263
424,0,-1,0,20,20,5.571274782999578e-07,7.377787397506744e-02,1.323862004524540e-02,0.000000000000000e+00,0.000000000000000e+00,0.000000000000000e+00,1.000000000000000e+00,244 108 107
425,0,-1,0,20,20,4.049150062541213e-07,7.789313286490331e-02,1.624934336309366e-02,0.000000000000000e+00,0.000000000000000e+00,0.000000000000000e+00,1.000000000000000e+00,169 322 168
426,0,-1,0,20,20,5.444130510407761e-07,6.790061802621522e-02,1.687375848461835e-02,0.000000000000000e+00,0.000000000000000e+00,0.000000000000000e+00,1.000000000000000e+00,220 115 114
427,0,-1,0,20,20,1.791258234471465e-06,4.405053408467612e-02,1.045611395273388e-02,0.000000000000000e+00,0.000000000000000e+00,0.000000000000000e+00,1.000000000000000e+00,52 267 53
428,0,-1,0,20,20,3.970824048526054e-06,5.238669005314386e-02,1.078083754653047e-02,0.000000000000000e+00,0.000000000000000e+00,0.000000000000000e+00,1.000000000000000e+00,257 360 330
429,0,-1,0,20,20,3.565022400584763e-06,5.293581153296287e-02,1.124751630562092e-02,0.000000000000000e+00,0.000000000000000e+00,0.000000000000000e+00,1.000000000000000e+00,257 330 276
430,0,-1,0,20,20,3.351272243089792e-06,4.837573900570731e-02,9.044118810280647e-03,0.000000000000000e+00,0.000000000000000e+00,0.000000000000000e+00,1.000000000000000e+00,260 309 315
431,0,-1,0,20,20,2.826696323363829e-06,4.630392637656505e-02,7.757599606803631e-03,0.000000000000000e+00,0.000000000000000e+00,0.000000000000000e+00,1.000000000000000e+00,315 309 51
432,0,-1,0,20,20,1.966718699163915e-06,7.079384932307482e-02,2.218592874838715e-02,0.000000000000000e+00,0.000000000000000e+00,0.000000000000000e+00,1.000000000000000e+00,344 361 237
433,0,-1,0,20,20,3.317706636356493e-06,5.003994373242084e-02,7.139887106445007e-03,0.000000000000000e+00,0.000000000000000e+00,0.000000000000000e+00,1.000000000000000e+00,316 360 260
434,0,-1,0,20,20,3.250216060922926e-06,5.155363977671375e-02,7.880148129105804e-03,0.000000000000000e+00,0.000000000000000e+00,0.000000000000000e+00,1.000000000000000e+00,360 316 348
435,0,-1,0,20,20,3.936387450922876e-06,5.132325931147797e-02,9.141735275098714e-03,0.000000000000000e+00,0.000000000000000e+00,0.000000000000000e+00,1.000000000000000e+00,360 257 260
436,0,-1,0,20,20,2.165759881595876e-06,6.212341413276060e-02,2.462312987141478e-02,0.000000000000000e+00,0.000000000000000e+00,0.000000000000000e+00,1.000000000000000e+00,298 145 146
437,0,-1,0,20,20,2.660088331904731e-06,5.615203301151719e-02,4.502570879227228e-03,0.000000000000000e+00,0.000000000000000e+00,0.000000000000000e+00,1.000000000000000e+00,301 303 346
438,0,-1,0,20,20,2.326993108001751e-06,4.457416714670819e-02,8.409925745871939e-03,0.000000000000000e+00,0.000000000000000e+00,0.000000000000000e+00,1.000000000000000e+00,51 309 52
439,0,-1,0,20,20,2.999829174656705e-06,5.565063322062912e-02,1.419461073706140e-03,0.000000000000000e+00,0.000000000000000e+00,0.000000000000000e+00,1.000000000000000e+00,331 136 135
440,0,-1,0,20,20,9.078107582082494e-07,6.689248392715211e-02,1.084501684142824e-02,0.000000000000000e+00,0.000000000000000e+00,0.000000000000000e+00,1.000000000000000e+00,95 227 96
441,0,-1,0,20,20,3.681936670529761e-07,7.574221593901770e-02,1.634506603980115e-02,0.000000000000000e+00,0.000000000000000e+00,0.000000000000000e+00,1.000000000000000e+00,233 232 362
442,0,-1,0,20,20,4.690279398514594e-07,7.549101415009907e-02,1.623129244079358e-02,0.000000000000000e+00,0.000000000000000e+00,0.000000000000000e+00,1.000000000000000e+00,233 362 283
443,0,-1,0,20,20,3.473052449397719e-07,7.676255991472244e-02,1.727069993058290e-02,0.000000000000000e+00,0.000000000000000e+00,0.000000000000000e+00,1.000000000000000e+00,363 232 230
444,0,-1,0,20,20,3.946860118324340e-07,7.700071326094780e-02,1.737381605709555e-02,0.000000000000000e+00,0.000000000000000e+00,0.000000000000000e+00,1.000000000000000e+00,363 230 170
445,0,-1,0,20,20,4.079724512532434e-07,7.460083362241597e-02,2.636973864196242e-02,0.000000000000000e+00,0.000000000000000e+00,0.000000000000000e+00,1.000000000000000e+00,325 179 180
446,0,-1,0,20,20,6.461357922886186e-07,7.653860515459793e-02,1.576024203295559e-04,0.000000000000000e+00,0.000000000000000e+00,0.000000000000000e+00,1.000000000000000e+00,127 342 128
447,0,-1,0,20,20,3.830473964438492e-07,7.809144311894037e-02,1.530429764868245e-02,0.000000000000000e+00,0.000000000000000e+00,0.000000000000000e+00,1.000000000000000e+00,168 312 167
448,0,-1,0,20,20,3.417339193270328e-06,5.796055479222587e-02,1.617018729425706e-03,0.000000000000000e+00,0.000000000000000e+00,0.000000000000000e+00,1.000000000000000e+00,300 135 134
449,0,-1,0,20,20,4.252256492071687e-07,7.599915635784525e-02,2.306599423527354e-02,0.000000000000000e+00,0.000000000000000e+00,0.000000000000000e+00,1.000000000000000e+00,176 318 329
450,0,-1,0,20,20,6.409717473073474e-07,6.595959919379508e-02,1.742132319402858e-02,0.000000000000000e+00,0.000000000000000e+00,0.000000000000000e+00,1.000000000000000e+00,116 242 117
451,0,-1,0,20,20,8.835491290862819e-07,6.443674836122504e-02,1.238175131349696e-02,0.000000000000000e+00,0.000000000000000e+00,0.000000000000000e+00,1.000000000000000e+00,92 343 93
452,0,-1,0,20,20,7.105537540727010e-07,7.611317229417912e-02,2.236683305012453e-03,0.000000000000000e+00,0.000000000000000e+00,0.000000000000000e+00,1.000000000000000e+00,285 264 265
453,0,-1,0,20,20,6.193958686125130e-07,6.242971308613490e-02,1.293712903679073e-02,0.000000000000000e+00,0.000000000000000e+00,0.000000000000000e+00,1.000000000000000e+00,235 91 90
454,0,-1,0,20,20,9.470157449331857e-07,7.605572087277382e-02,1.428621270214391e-03,0.000000000000000e+00,0.000000000000000e+00,0.000000000000000e+00,1.000000000000000e+00,285 128 342
455,0,-1,0,20,20,2.276806728631203e-06,4.603297301079130e-02,7.159525782605508e-03,0.000000000000000e+00,0.000000000000000e+00,0.000000000000000e+00,1.000000000000000e+00,315 51 50
456,0,-1,0,20,20,4.426929949299237e-07,7.524629791042092e-02,1.554728755373899e-02,0.000000000000000e+00,0.000000000000000e+00,0.000000000000000e+00,1.000000000000000e+00,352 233 283
457,0,-1,0,20,20,5.506208650843466e-07,7.499420442009333e-02,1.537051967956276e-02,0.000000000000000e+00,0.000000000000000e+00,0.000000000000000e+00,1.000000000000000e+00,352 283 282
458,0,-1,0,20,20,4.292562671505770e-06,4.761224522995310e-02,7.460913714390955e-03,0.000000000000000e+00,0.000000000000000e+00,0.000000000000000e+00,1.000000000000000e+00,315 316 260
459,0,-1,0,20,20,4.153363109348989e-07,7.541223825838289e-02,2.222360154650638e-02,0.000000000000000e+00,0.000000000000000e+00,0.000000000000000e+00,1.000000000000000e+00,329 240 356
460,0,-1,0,20,20,5.054291757659782e-07,7.402556512752641e-02,2.149991981748521e-02,0.000000000000000e+00,0.000000000000000e+00,0.000000000000000e+00,1.000000000000000e+00,349 240 241
461,0,-1,0,20,20,7.790378638269044e-07,7.115503019908878e-02,2.565527981962120e-02,0.000000000000000e+00,0.000000000000000e+00,0.000000000000000e+00,1.000000000000000e+00,228 238 314
462,0,-1,0,20,20,3.891760991601005e-07,7.430994321691524e-02,2.725538673914886e-02,0.000000000000000e+00,0.000000000000000e+00,0.000000000000000e+00,1.000000000000000e+00,323 180 181
463,0,-1,0,20,20,6.886711378033973e-07,7.581178419505510e-02,4.438898032647362e-03,0.000000000000000e+00,0.000000000000000e+00,0.000000000000000e+00,1.000000000000000e+00,286 265 288
464,0,-1,0,20,20,3.952156123463584e-07,7.769390611250153e-02,1.719077537621187e-02,0.000000000000000e+00,0.000000000000000e+00,0.000000000000000e+00,1.000000000000000e+00,170 230 169
465,0,-1,0,20,20,4.183402732266429e-07,7.479889036165979e-02,2.285714352231969e-02,0.000000000000000e+00,0.000000000000000e+00,0.000000000000000e+00,1.000000000000000e+00,239 329 318
466,0,-1,0,20,20,3.751120156124398e-06,6.055185190929859e-02,1.774957417374408e-03,0.000000000000000e+00,0.000000000000000e+00,0.000000000000000e+00,1.000000000000000e+00,320 134 133
467,0,-1,0,20,20,3.479132362492213e-07,7.828394595243149e-02,1.434923782644292e-02,0.000000000000000e+00,0.000000000000000e+00,0.000000000000000e+00,1.000000000000000e+00,167 311 166
468,0,-1,0,20,20,3.639492998707826e-07,7.793227385657654e-02,3.808359362052335e-03,0.000000000000000e+00,0.000000000000000e+00,0.000000000000000e+00,1.000000000000000e+00,261 272 263
469,0,-1,0,20,20,4.551157726832289e-06,4.768942830386844e-02,4.679963028734189e-03,0.000000000000000e+00,0.000000000000000e+00,0.000000000000000e+00,1.000000000000000e+00,204 205 316
470,0,-1,0,20,20,4.841011879732444e-06,6.229224296453455e-02,9.197802677181231e-04,0.000000000000000e+00,0.000000000000000e+00,0.000000000000000e+00,1.000000000000000e+00,133 319 320
471,0,-1,0,20,20,4.140174319110078e-07,7.556079566466382e-02,2.344854324974900e-02,0.000000000000000e+00,0.000000000000000e+00,0.000000000000000e+00,1.000000000000000e+00,318 176 177
472,0,-1,0,20,20,3.630352520323440e-07,7.656829700317030e-02,1.741613928503741e-02,0.000000000000000e+00,0.000000000000000e+00,0.000000000000000e+00,1.000000000000000e+00,363 364 232
473,0,-1,0,20,20,3.687056295696558e-07,7.602427525962564e-02,1.694618256647159e-02,0.000000000000000e+00,0.000000000000000e+00,0.000000000000000e+00,1.000000000000000e+00,232 364 362
474,0,-1,0,20,20,4.046492286880702e-07,7.527603157507186e-02,1.715796739484303e-02,0.000000000000000e+00,0.000000000000000e+00,0.000000000000000e+00,1.000000000000000e+00,362 364 278
475,0,-1,0,20,20,4.062661600197116e-07,7.501744686819414e-02,1.705818803465261e-02,0.000000000000000e+00,0.000000000000000e+00,0.000000000000000e+00,1.000000000000000e+00,362 278 277
476,0,-1,0,20,20,4.070291318263801e-07,7.644554349874680e-02,1.814274713751541e-02,0.000000000000000e+00,0.000000000000000e+00,0.000000000000000e+00,1.000000000000000e+00,365 364 363
477,0,-1,0,20,20,4.693070124087391e-07,7.670753661273071e-02,1.826849177815492e-02,0.000000000000000e+00,0.000000000000000e+00,0.000000000000000e+00,1.000000000000000e+00,365 363 171
478,0,-1,0,20,20,3.760680189694178e-07,7.828907562423174e-02,2.088337892745176e-03,0.000000000000000e+00,0.000000000000000e+00,0.000000000000000e+00,1.000000000000000e+00,290 338 195
479,0,-1,0,20,20,4.753780027574280e-06,5.064755023775295e-02,5.892916879861823e-03,0.000000000000000e+00,0.000000000000000e+00,0.000000000000000e+00,1.000000000000000e+00,316 266 348
480,0,-1,0,20,20,4.789063388039358e-06,5.104767820143871e-02,3.712484944724916e-03,0.000000000000000e+00,0.000000000000000e+00,0.000000000000000e+00,1.000000000000000e+00,266 316 205
481,0,-1,0,20,20,2.738388109856773e-06,6.743420484453097e-02,2.628528927512331e-02,0.000000000000000e+00,0.000000000000000e+00,0.000000000000000e+00,1.000000000000000e+00,201 143 144
482,0,-1,0,20,20,3.515486171581453e-07,7.740295123620826e-02,4.756040670221604e-04,0.000000000000000e+00,0.000000000000000e+00,0.000000000000000e+00,1.000000000000000e+00,340 127 126
483,0,-1,0,20,20,3.209331096074928e-07,7.742521649059302e-02,8.612505829445862e-04,0.000000000000000e+00,0.000000000000000e+00,0.000000000000000e+00,1.000000000000000e+00,340 338 342
484,0,-1,0,20,20,4.291339043946471e-07,7.291532448937234e-02,2.660877179839019e-02,0.000000000000000e+00,0.000000000000000e+00,0.000000000000000e+00,1.000000000000000e+00,324 253 314
485,0,-1,0,20,20,4.962165081836313e-07,7.202543473105116e-02,2.647318735528841e-02,0.000000000000000e+00,0.000000000000000e+00,0.000000000000000e+00,1.000000000000000e+00,314 253 273
486,0,-1,0,20,20,3.576700730817446e-07,7.685433971404040e-02,2.651471385457567e-04,0.000000000000000e+00,0.000000000000000e+00,0.000000000000000e+00,1.000000000000000e+00,127 340 342
487,0,-1,0,20,20,4.192266140194634e-07,7.117485500533741e-02,2.934277498932003e-02,0.000000000000000e+00,0.000000000000000e+00,0.000000000000000e+00,1.000000000000000e+00,141 255 140
488,0,-1,0,20,20,2.444029812001672e-06,6.990691380115012e-02,7.592635161130130e-03,0.000000000000000e+00,0.000000000000000e+00,0.000000000000000e+00,1.000000000000000e+00,199 99 226
489,0,-1,0,20,20,5.118704236357033e-07,7.354534638362398e-02,2.344932244928681e-02,0.000000000000000e+00,0.000000000000000e+00,0.000000000000000e+00,1.000000000000000e+00,341 317 359
490,0,-1,0,20,20,6.193958686125271e-07,6.206100241003815e-02,1.395833508305347e-02,0.000000000000000e+00,0.000000000000000e+00,0.000000000000000e+00,1.000000000000000e+00,89 235 90
491,0,-1,0,20,20,4.939368806726380e-07,7.589045839340530e-02,1.182002950732508e-02,0.000000000000000e+00,0.000000000000000e+00,0.000000000000000e+00,1.000000000000000e+00,185 105 104
492,0,-1,0,20,20,4.394306882406344e-07,7.901296422433986e-02,3.252510248936404e-03,0.000000000000000e+00,0.000000000000000e+00,0.000000000000000e+00,1.000000000000000e+00,291 155 156
493,0,-1,0,20,20,3.118778701393304e-07,7.848716241588212e-02,3.225127582788111e-03,0.000000000000000e+00,0.000000000000000e+00,0.000000000000000e+00,1.000000000000000e+00,291 261 262
494,0,-1,0,20,20,4.432792417645370e-07,7.757315884672369e-02,1.488720959502668e-03,0.000000000000000e+00,0.000000000000000e+00,0.000000000000000e+00,1.000000000000000e+00,338 337 342
495,0,-1,0,20,20,3.860464499147013e-07,7.702170553807269e-02,2.712200883087854e-03,0.000000000000000e+00,0.000000000000000e+00,0.000000000000000e+00,1.000000000000000e+00,264 337 262
496,0,-1,0,20,20,4.517344796766135e-07,7.746246216440267e-02,1.812631307003281e-02,0.000000000000000e+00,0.000000000000000e+00,0.000000000000000e+00,1.000000000000000e+00,171 363 170
497,0,-1,0,20,20,6.542998592389076e-07,7.330711511550907e-02,2.301708741108434e-02,0.000000000000000e+00,0.000000000000000e+00,0.000000000000000e+00,1.000000000000000e+00,341 361 241
498,0,-1,0,20,20,4.683208289763815e-07,7.465477972016983e-02,1.634325263500934e-02,0.000000000000000e+00,0.000000000000000e+00,0.000000000000000e+00,1.000000000000000e+00,283 362 277
499,0,-1,0,20,20,4.042084052807354e-07,7.843489174015036e-02,1.339391502202406e-02,0.000000000000000e+00,0.000000000000000e+00,0.000000000000000e+00,1.000000000000000e+00,166 246 165
500,0,-1,0,20,20,7.105114637540133e-07,7.250171469629724e-02,2.318745895575041e-02,0.000000000000000e+00,0.000000000000000e+00,0.000000000000000e+00,1.000000000000000e+00,361 341 359
501,0,-1,0,20,20,2.091627917722931e-07,7.732748354570312e-02,5.904157185213964e-03,0.000000000000000e+00,0.000000000000000e+00,0.000000000000000e+00,1.000000000000000e+00,8 270 65
502,0,-1,0,20,20,2.918106198389309e-07,7.956009117038434e-02,2.703737734822961e-03,0.000000000000000e+00,0.000000000000000e+00,0.000000000000000e+00,1.000000000000000e+00,155 292 154
503,0,-1,0,20,20,2.997866675023640e-07,7.874459015282491e-02,1.864215544871611e-03,0.000000000000000e+00,0.000000000000000e+00,0.000000000000000e+00,1.000000000000000e+00,195 292 290
504,0,-1,0,20,20,3.155957242668990e-07,7.911471082199052e-02,2.235108800279508e-03,0.000000000000000e+00,0.000000000000000e+00,0.000000000000000e+00,1.000000000000000e+00,292 195 154
505,0,-1,0,20,20,2.847815888772154e-07,7.415286481965833e-02,2.809710698071492e-02,0.000000000000000e+00,0.000000000000000e+00,0.000000000000000e+00,1.000000000000000e+00,248 181 182
506,0,-1,0,20,20,2.499513876609952e-07,7.377289189194973e-02,2.859346391412690e-02,0.000000000000000e+00,0.000000000000000e+00,0.000000000000000e+00,1.000000000000000e+00,250 248 182
507,0,-1,0,20,20,4.564953688974010e-07,7.446045758701163e-02,2.359182431913535e-02,0.000000000000000e+00,0.000000000000000e+00,0.000000000000000e+00,1.000000000000000e+00,317 239 318
508,0,-1,0,20,20,3.398079223227797e-06,5.412651060531654e-02,1.337298528571388e-02,0.000000000000000e+00,0.000000000000000e+00,0.000000000000000e+00,1.000000000000000e+00,275 305 257
509,0,-1,0,20,20,4.209874646266336e-07,7.623931903856232e-02,1.828922326749311e-02,0.000000000000000e+00,0.000000000000000e+00,0.000000000000000e+00,1.000000000000000e+00,365 366 364
510,0,-1,0,20,20,4.450435762208550e-07,7.562988446549097e-02,1.775585055567614e-02,0.000000000000000e+00,0.000000000000000e+00,0.000000000000000e+00,1.000000000000000e+00,364 366 278
511,0,-1,0,20,20,4.046420802857843e-07,7.482650312425938e-02,1.795756230564117e-02,0.000000000000000e+00,0.000000000000000e+00,0.000000000000000e+00,1.000000000000000e+00,278 366 279
512,0,-1,0,20,20,3.804706699304816e-07,7.827913040118421e-02,9.934824150855622e-04,0.000000000000000e+00,0.000000000000000e+00,0.000000000000000e+00,1.000000000000000e+00,194 195 338
513,0,-1,0,20,20,4.731750492717932e-07,7.615148512846841e-02,1.906267101745064e-02,0.000000000000000e+00,0.000000000000000e+00,0.000000000000000e+00,1.000000000000000e+00,367 366 365
514,0,-1,0,20,20,5.141640829464035e-07,7.643674332801524e-02,1.920478123251937e-02,0.000000000000000e+00,0.000000000000000e+00,0.000000000000000e+00,1.000000000000000e+00,367 365 172
515,0,-1,0,20,20,8.980097972623948e-07,7.194365792845371e-02,2.410595739351784e-02,0.000000000000000e+00,0.000000000000000e+00,0.000000000000000e+00,1.000000000000000e+00,236 361 359
516,0,-1,0,20,20,1.189940531126587e-06,7.176624219742075e-02,2.330793645793024e-02,0.000000000000000e+00,0.000000000000000e+00,0.000000000000000e+00,1.000000000000000e+00,361 236 237
517,0,-1,0,20,20,5.791648436318967e-07,5.940213600862600e-02,1.562739906030344e-02,0.000000000000000e+00,0.000000000000000e+00,0.000000000000000e+00,1.000000000000000e+00,86 207 87
518,0,-1,0,20,20,5.085337039799590e-07,7.335492440334089e-02,2.419905582828797e-02,0.000000000000000e+00,0.000000000000000e+00,0.000000000000000e+00,1.000000000000000e+00,359 317 358
519,0,-1,0,20,20,6.218321479939632e-07,7.228863309511538e-02,2.489658069402763e-02,0.000000000000000e+00,0.000000000000000e+00,0.000000000000000e+00,1.000000000000000e+00,238 236 359
520,0,-1,0,20,20,4.172250282962865e-06,5.436468596999996e-02,8.392883930652802e-03,0.000000000000000e+00,0.000000000000000e+00,0.000000000000000e+00,1.000000000000000e+00,330 348 303
521,0,-1,0,20,20,4.982575590653121e-07,7.722072860551982e-02,1.906821859220657e-02,0.000000000000000e+00,0.000000000000000e+00,0.000000000000000e+00,1.000000000000000e+00,172 365 171
522,0,-1,0,20,20,3.706451285116349e-07,7.876466376634814e-02,1.136716588209272e-02,0.000000000000000e+00,0.000000000000000e+00,0.000000000000000e+00,1.000000000000000e+00,164 289 163
523,0,-1,0,20,20,3.498551284280326e-07,7.671311149078848e-02,1.107025584810852e-02,0.000000000000000e+00,0.000000000000000e+00,0.000000000000000e+00,1.000000000000000e+00,332 104 17
524,0,-1,0,20,20,3.181373154454316e-06,5.294427324667343e-02,7.232419667016536e-03,0.000000000000000e+00,0.000000000000000e+00,0.000000000000000e+00,1.000000000000000e+00,348 330 360
525,0,-1,0,20,20,8.022894397139676e-07,7.480891045463132e-02,6.440447189928936e-03,0.000000000000000e+00,0.000000000000000e+00,0.000000000000000e+00,1.000000000000000e+00,10 287 67
526,0,-1,0,20,20,4.690245103319776e-07,7.584364950307146e-02,5.972003732708329e-03,0.000000000000000e+00,0.000000000000000e+00,0.000000000000000e+00,1.000000000000000e+00,287 66 67
527,0,-1,0,20,20,4.010198925280864e-06,5.383026560095167e-02,4.139584832675355e-03,0.000000000000000e+00,0.000000000000000e+00,0.000000000000000e+00,1.000000000000000e+00,346 348 266
528,0,-1,0,20,20,4.957290394690169e-06,5.395368608975096e-02,3.129155115456827e-03,0.000000000000000e+00,0.000000000000000e+00,0.000000000000000e+00,1.000000000000000e+00,346 266 136
529,0,-1,0,20,20,2.563599250944163e-06,4.778597569626671e-02,1.949670258709366e-02,0.000000000000000e+00,0.000000000000000e+00,0.000000000000000e+00,1.000000000000000e+00,151 294 150
530,0,-1,0,20,20,2.678461644524442e-06,4.900622769574558e-02,1.851621137894922e-02,0.000000000000000e+00,0.000000000000000e+00,0.000000000000000e+00,1.000000000000000e+00,294 151 269
531,0,-1,0,20,20,1.764901964972257e-06,4.300892270709631e-02,1.413262224803026e-02,0.000000000000000e+00,0.000000000000000e+00,0.000000000000000e+00,1.000000000000000e+00,54 192 55
532,0,-1,0,20,20,5.515420919665400e-07,7.592891984184974e-02,1.922308531237747e-02,0.000000000000000e+00,0.000000000000000e+00,0.000000000000000e+00,1.000000000000000e+00,367 368 366
533,0,-1,0,20,20,4.787703379238582e-07,7.525802859685386e-02,1.861961091653372e-02,0.000000000000000e+00,0.000000000000000e+00,0.000000000000000e+00,1.000000000000000e+00,366 368 279
534,0,-1,0,20,20,5.518890081803603e-07,7.445111103785422e-02,1.880013093713849e-02,0.000000000000000e+00,0.000000000000000e+00,0.000000000000000e+00,1.000000000000000e+00,279 368 336
535,0,-1,0,20,20,7.273051879402643e-07,7.417395261767595e-02,1.854291619515509e-02,0.000000000000000e+00,0.000000000000000e+00,0.000000000000000e+00,1.000000000000000e+00,279 336 216
536,0,-1,0,20,20,6.398926793012713e-07,7.573852082054534e-02,2.014680202636616e-02,0.000000000000000e+00,0.000000000000000e+00,0.000000000000000e+00,1.000000000000000e+00,355 368 367
537,0,-1,0,20,20,6.943477596677215e-07,7.605003553017782e-02,2.028323538196875e-02,0.000000000000000e+00,0.000000000000000e+00,0.000000000000000e+00,1.000000000000000e+00,355 367 173
538,0,-1,0,20,20,4.027306064117415e-07,7.432204846715147e-02,2.404080016897524e-02,0.000000000000000e+00,0.000000000000000e+00,0.000000000000000e+00,1.000000000000000e+00,317 224 358
539,0,-1,0,20,20,3.243149890593719e-07,7.831250630942184e-02,3.688620007701697e-03,0.000000000000000e+00,0.000000000000000e+00,0.000000000000000e+00,1.000000000000000e+00,261 291 274
540,0,-1,0,20,20,4.358255900714407e-07,7.888797079203153e-02,3.995977547381298e-03,0.000000000000000e+00,0.000000000000000e+00,0.000000000000000e+00,1.000000000000000e+00,274 291 156
541,0,-1,0,20,20,5.164380652604502e-07,7.697472827165981e-02,2.001522723995441e-02,0.000000000000000e+00,0.000000000000000e+00,0.000000000000000e+00,1.000000000000000e+00,173 367 172
542,0,-1,0,20,20,5.772347096176247e-07,7.380117819163552e-02,1.962817114291861e-02,0.000000000000000e+00,0.000000000000000e+00,0.000000000000000e+00,1.000000000000000e+00,336 351 339
543,0,-1,0,20,20,2.452052223254540e-07,7.905013701557653e-02,9.515986547536472e-03,0.000000000000000e+00,0.000000000000000e+00,0.000000000000000e+00,1.000000000000000e+00,162 299 161
544,0,-1,0,20,20,2.307930208078442e-07,7.825776290566049e-02,8.931637965357168e-03,0.000000000000000e+00,0.000000000000000e+00,0.000000000000000e+00,1.000000000000000e+00,72 299 15
545,0,-1,0,20,20,1.074583547501695e-06,6.841537862344438e-02,8.461602633525517e-03,0.000000000000000e+00,0.000000000000000e+00,0.000000000000000e+00,1.000000000000000e+00,226 99 98
546,0,-1,0,20,20,5.692406997458898e-07,7.589996347601419e-02,2.133609137079569e-02,0.000000000000000e+00,0.000000000000000e+00,0.000000000000000e+00,1.000000000000000e+00,356 355 174
547,0,-1,0,20,20,6.253561277981932e-07,7.546615017492160e-02,2.029786662703405e-02,0.000000000000000e+00,0.000000000000000e+00,0.000000000000000e+00,1.000000000000000e+00,355 351 368
548,0,-1,0,20,20,6.162250325773313e-07,7.477074488756157e-02,1.955478064924935e-02,0.000000000000000e+00,0.000000000000000e+00,0.000000000000000e+00,1.000000000000000e+00,368 351 336
549,0,-1,0,20,20,2.798074532542997e-07,7.223953925000230e-02,2.934438938303455e-02,0.000000000000000e+00,0.000000000000000e+00,0.000000000000000e+00,1.000000000000000e+00,243 140 255
550,0,-1,0,20,20,4.219565243479461e-07,7.523738861520431e-02,2.443033013074783e-02,0.000000000000000e+00,0.000000000000000e+00,0.000000000000000e+00,1.000000000000000e+00,224 177 178
551,0,-1,0,20,20,6.495966737939391e-07,7.331999323841007e-02,2.062447467015456e-02,0.000000000000000e+00,0.000000000000000e+00,0.000000000000000e+00,1.000000000000000e+00,339 349 345
552,0,-1,0,20,20,5.856713679354393e-07,7.669186307863880e-02,2.099021900525686e-02,0.000000000000000e+00,0.000000000000000e+00,0.000000000000000e+00,1.000000000000000e+00,174 355 173
553,0,-1,0,20,20,1.034164259235580e-06,7.299487754409557e-02,2.034924103864846e-02,0.000000000000000e+00,0.000000000000000e+00,0.000000000000000e+00,1.000000000000000e+00,339 345 218
554,0,-1,0,20,20,4.754589737746274e-07,7.645926148855305e-02,2.194994292177790e-02,0.000000000000000e+00,0.000000000000000e+00,0.000000000000000e+00,1.000000000000000e+00,175 356 174
555,0,-1,0,20,20,1.470490023639428e-06,4.516832557512425e-02,2.307428702002552e-03,0.000000000000000e+00,0.000000000000000e+00,0.000000000000000e+00,1.000000000000000e+00,48 206 49
556,0,-1,0,20,20,4.424135704993664e-07,7.569887940366792e-02,2.226651995150400e-02,0.000000000000000e+00,0.000000000000000e+00,0.000000000000000e+00,1.000000000000000e+00,329 356 175
557,0,-1,0,20,20,3.663797079329884e-07,7.502896152633291e-02,2.130533985211201e-02,0.000000000000000e+00,0.000000000000000e+00,0.000000000000000e+00,1.000000000000000e+00,350 356 240
558,0,-1,0,20,20,5.195985095094125e-07,7.422035407036805e-02,2.046363043491391e-02,0.000000000000000e+00,0.000000000000000e+00,0.000000000000000e+00,1.000000000000000e+00,351 349 339
559,0,-1,0,20,20,2.766263781953068e-06,4.703393407587887e-02,1.869509342268082e-02,0.000000000000000e+00,0.000000000000000e+00,0.000000000000000e+00,1.000000000000000e+00,151 193 269
560,0,-1,0,20,20,4.550997002808432e-07,7.619221776487066e-02,2.288214186230276e-02,0.000000000000000e+00,0.000000000000000e+00,0.000000000000000e+00,1.000000000000000e+00,176 329 175
561,0,-1,0,20,20,1.011771948759811e-06,7.267940893512109e-02,2.171580194027879e-02,0.000000000000000e+00,0.000000000000000e+00,0.000000000000000e+00,1.000000000000000e+00,345 241 361
562,0,-1,0,20,20,1.542903516157331e-06,7.222095965147059e-02,2.162250527535621e-02,0.000000000000000e+00,0.000000000000000e+00,0.000000000000000e+00,1.000000000000000e+00,345 361 344
563,0,-1,0,20,20,2.267394432234040e-07,7.905652206851134e-02,8.771337828568976e-03,0.000000000000000e+00,0.000000000000000e+00,0.000000000000000e+00,1.000000000000000e+00,161 299 357
564,0,-1,0,20,20,2.117203143015335e-07,7.733969289581825e-02,1.055846425228175e-02,0.000000000000000e+00,0.000000000000000e+00,0.000000000000000e+00,1.000000000000000e+00,293 17 75
565,0,-1,0,20,20,6.804233027820079e-07,7.369681231317463e-02,2.140526467391144e-02,0.000000000000000e+00,0.000000000000000e+00,0.000000000000000e+00,1.000000000000000e+00,349 241 345
566,0,-1,0,20,20,2.262264114947899e-07,7.865228816951192e-02,8.501711281368868e-03,0.000000000000000e+00,0.000000000000000e+00,0.000000000000000e+00,1.000000000000000e+00,357 299 72
567,0,-1,0,20,20,2.495264947072182e-07,7.876812975063245e-02,8.146824685598649e-03,0.000000000000000e+00,0.000000000000000e+00,0.000000000000000e+00,1.000000000000000e+00,357 73 160
568,0,-1,0,30,30,2.036780627548253e-05,3.910253867393415e-02,7.466042549394957e-03,0.000000000000000e+00,0.000000000000000e+00,0.000000000000000e+00,1.000000000000000e+00,369 371 370
569,0,-1,0,30,30,4.317752273078177e-06,4.292865825707640e-02,1.096417034032010e-02,0.000000000000000e+00,0.000000000000000e+00,0.000000000000000e+00,1.000000000000000e+00,53 369 52
570,0,-1,0,30,30,1.496313657946018e-05,3.505879413242921e-02,5.362777478040671e-03,0.000000000000000e+00,0.000000000000000e+00,0.000000000000000e+00,1.000000000000000e+00,371 369 372
571,0,-1,0,30,30,1.079778914963975e-05,3.348287196417869e-02,4.846342239594644e-03,0.000000000000000e+00,0.000000000000000e+00,0.000000000000000e+00,1.000000000000000e+00,371 372 57
572,0,-1,0,30,30,1.374654327515633e-05,3.999989302001277e-02,3.077956710902347e-03,0.000000000000000e+00,0.000000000000000e+00,0.000000000000000e+00,1.000000000000000e+00,370 371 60
573,0,-1,0,30,30,7.096551739743223e-06,3.643705453902538e-02,5.893181492438554e-04,0.000000000000000e+00,0.000000000000000e+00,0.000000000000000e+00,1.000000000000000e+00,60 371 59
574,0,-1,0,30,30,9.169434092274079e-06,3.215780706401231e-02,9.675295741683909e-03,0.000000000000000e+00,0.000000000000000e+00,0.000000000000000e+00,1.000000000000000e+00,372 64 6
575,0,-1,0,30,30,1.751814738553295e-05,3.521174813587652e-02,1.263827371260302e-02,0.000000000000000e+00,0.000000000000000e+00,0.000000000000000e+00,1.000000000000000e+00,63 372 369
576,0,-1,0,30,30,2.962954479156987e-06,4.272791795536558e-02,4.013880077308549e-03,0.000000000000000e+00,0.000000000000000e+00,0.000000000000000e+00,1.000000000000000e+00,370 49 50
577,0,-1,0,30,30,1.170798406981529e-05,4.185866208856409e-02,5.133080649748019e-03,0.000000000000000e+00,0.000000000000000e+00,0.000000000000000e+00,1.000000000000000e+00,370 51 369
578,0,-1,0,30,30,3.043312850178164e-06,4.397511666159918e-02,6.858051877503261e-03,0.000000000000000e+00,0.000000000000000e+00,0.000000000000000e+00,1.000000000000000e+00,51 370 50
579,0,-1,0,30,30,6.612925322920392e-06,2.992868199988116e-02,6.714931733387780e-03,0.000000000000000e+00,0.000000000000000e+00,0.000000000000000e+00,1.000000000000000e+00,57 372 58
580,0,-1,0,30,30,6.392819758563667e-06,2.928166849727775e-02,9.113035392159340e-03,0.000000000000000e+00,0.000000000000000e+00,0.000000000000000e+00,1.000000000000000e+00,58 372 6
581,0,-1,0,30,30,6.776460477460255e-06,4.106283848098741e-02,2.488638561658492e-03,0.000000000000000e+00,0.000000000000000e+00,0.000000000000000e+00,1.000000000000000e+00,370 60 61
582,0,-1,0,30,30,6.776460477460277e-06,4.223062908939375e-02,2.488638561658493e-03,0.000000000000000e+00,0.000000000000000e+00,0.000000000000000e+00,1.000000000000000e+00,370 61 3
583,0,-1,0,30,30,2.961025838682919e-06,4.438123317577022e-02,3.569019241403449e-03,0.000000000000000e+00,0.000000000000000e+00,0.000000000000000e+00,1.000000000000000e+00,49 370 48
584,0,-1,0,30,30,3.037530600032694e-06,4.447632278502178e-02,1.914349547017487e-03,0.000000000000000e+00,0.000000000000000e+00,0.000000000000000e+00,1.000000000000000e+00,48 370 3
585,0,-1,0,30,30,4.933982904505995e-06,3.607526704411226e-02,1.449937395108159e-02,0.000000000000000e+00,0.000000000000000e+00,0.000000000000000e+00,1.000000000000000e+00,63 373 62
586,0,-1,0,30,30,1.363793402807456e-05,3.934572915428666e-02,1.321353178463180e-02,0.000000000000000e+00,0.000000000000000e+00,0.000000000000000e+00,1.000000000000000e+00,373 63 369
587,0,-1,0,30,30,7.096551739743196e-06,3.327094984322854e-02,5.893181492438554e-04,0.000000000000000e+00,0.000000000000000e+00,0.000000000000000e+00,1.000000000000000e+00,59 371 5
588,0,-1,0,30,30,6.833548285885124e-06,3.293362691909190e-02,3.975343863166414e-03,0.000000000000000e+00,0.000000000000000e+00,0.000000000000000e+00,1.000000000000000e+00,371 57 56
589,0,-1,0,30,30,6.776845016351524e-06,3.302338199544499e-02,3.064045279800808e-03,0.000000000000000e+00,0.000000000000000e+00,0.000000000000000e+00,1.000000000000000e+00,371 56 5
590,0,-1,0,30,30,4.334586833463496e-06,4.097102837832965e-02,9.047232710599550e-03,0.000000000000000e+00,0.000000000000000e+00,0.000000000000000e+00,1.000000000000000e+00,369 51 52
591,0,-1,0,30,30,8.205012586275743e-06,4.237282726932467e-02,1.160740221943571e-02,0.000000000000000e+00,0.000000000000000e+00,0.000000000000000e+00,1.000000000000000e+00,53 373 369
592,0,-1,0,30,30,2.313590345177647e-06,4.260518191695861e-02,1.329107154570358e-02,0.000000000000000e+00,0.000000000000000e+00,0.000000000000000e+00,1.000000000000000e+00,54 373 53
593,0,-1,0,30,30,4.933982904506011e-06,3.900036637034684e-02,1.571098976329636e-02,0.000000000000000e+00,0.000000000000000e+00,0.000000000000000e+00,1.000000000000000e+00,62 373 4
594,0,-1,0,30,30,9.169434092274059e-06,3.323670490537783e-02,1.012218985999256e-02,0.000000000000000e+00,0.000000000000000e+00,0.000000000000000e+00,1.000000000000000e+00,372 63 64
595,0,-1,0,30,30,2.266848976921044e-06,4.106054591496167e-02,1.405474329017239e-02,0.000000000000000e+00,0.000000000000000e+00,0.000000000000000e+00,1.000000000000000e+00,373 54 55
596,0,-1,0,30,30,2.299862415599033e-06,4.085148277418452e-02,1.462913954869785e-02,0.000000000000000e+00,0.000000000000000e+00,0.000000000000000e+00,1.000000000000000e+00,373 55 4
597,0,-1,0,50000,50000,3.583574372651918e-07,7.365697401033484e-02,9.559464254608166e-03,0.000000000000000e+00,0.000000000000000e+00,0.000000000000000e+00,1.000000000000000e+00,374 376 375
598,0,-1,0,50000,50000,3.754567449345267e-07,7.341346884595201e-02,9.596330005450165e-03,0.000000000000000e+00,0.000000000000000e+00,0.000000000000000e+00,1.000000000000000e+00,374 375 377
599,0,-1,0,50000,50000,3.501882449729400e-07,7.171093250333219e-02,9.054593807207188e-03,0.000000000000000e+00,0.000000000000000e+00,0.000000000000000e+00,1.000000000000000e+00,378 380 379
600,0,-1,0,50000,50000,4.063166631357033e-07,6.361113446263240e-02,1.533641518373809e-02,0.000000000000000e+00,0.000000000000000e+00,0.000000000000000e+00,1.000000000000000e+00,381 383 382
601,0,-1,0,50000,50000,2.983787670605331e-07,7.157466162188118e-02,8.885038814125572e-03,0.000000000000000e+00,0.000000000000000e+00,0.000000000000000e+00,1.000000000000000e+00,378 379 100
602,0,-1,0,50000,50000,3.744939111284573e-07,7.465163142673999e-02,1.088439169699479e-02,0.000000000000000e+00,0.000000000000000e+00,0.000000000000000e+00,1.000000000000000e+00,384 385 105
603,0,-1,0,50000,50000,4.046945059317818e-07,6.277866262584671e-02,1.585862027359150e-02,0.000000000000000e+00,0.000000000000000e+00,0.000000000000000e+00,1.000000000000000e+00,386 381 387
604,0,-1,0,50000,50000,4.195435232460403e-07,7.367646733126178e-02,9.309692146630057e-03,0.000000000000000e+00,0.000000000000000e+00,0.000000000000000e+00,1.000000000000000e+00,374 388 376
605,0,-1,0,50000,50000,2.426099448851584e-07,6.287152879967801e-02,1.827557512389473e-02,0.000000000000000e+00,0.000000000000000e+00,0.000000000000000e+00,1.000000000000000e+00,389 391 390
606,0,-1,0,50000,50000,2.346648697409673e-07,6.301795464830140e-02,1.841946962986580e-02,0.000000000000000e+00,0.000000000000000e+00,0.000000000000000e+00,1.000000000000000e+00,389 390 119
607,0,-1,0,50000,50000,3.371907638511218e-07,6.042968159587904e-02,1.960085385349737e-02,0.000000000000000e+00,0.000000000000000e+00,0.000000000000000e+00,1.000000000000000e+00,392 394 393
608,0,-1,0,50000,50000,3.490256437790780e-07,5.963699963495164e-02,1.840521675294963e-02,0.000000000000000e+00,0.000000000000000e+00,0.000000000000000e+00,1.000000000000000e+00,395 397 396
609,0,-1,0,50000,50000,3.019032795285963e-07,6.051568266057401e-02,1.981385195525917e-02,0.000000000000000e+00,0.000000000000000e+00,0.000000000000000e+00,1.000000000000000e+00,392 393 122
610,0,-1,0,50000,50000,2.724241017901159e-07,7.200830042660394e-02,9.447465454982502e-03,0.000000000000000e+00,0.000000000000000e+00,0.000000000000000e+00,1.000000000000000e+00,380 378 398
611,0,-1,0,50000,50000,3.918676622020162e-07,6.197323152858782e-02,1.636155747759230e-02,0.000000000000000e+00,0.000000000000000e+00,0.000000000000000e+00,1.000000000000000e+00,399 386 400
612,0,-1,0,50000,50000,3.385479521918327e-07,7.232673659070224e-02,1.031444147840809e-02,0.000000000000000e+00,0.000000000000000e+00,0.000000000000000e+00,1.000000000000000e+00,401 380 377
613,0,-1,0,50000,50000,3.152084504139145e-07,6.124191038518672e-02,1.941560823631108e-02,0.000000000000000e+00,0.000000000000000e+00,0.000000000000000e+00,1.000000000000000e+00,393 402 121
614,0,-1,0,50000,50000,2.612571179542740e-07,6.232424559298102e-02,1.866694879926210e-02,0.000000000000000e+00,0.000000000000000e+00,0.000000000000000e+00,1.000000000000000e+00,403 389 120
615,0,-1,0,50000,50000,4.821208215430933e-07,6.112988804363228e-02,1.692945529298459e-02,0.000000000000000e+00,0.000000000000000e+00,0.000000000000000e+00,1.000000000000000e+00,404 399 405
616,0,-1,0,50000,50000,3.506935824666677e-07,7.246030528466350e-02,9.288961099032067e-03,0.000000000000000e+00,0.000000000000000e+00,0.000000000000000e+00,1.000000000000000e+00,398 377 380
617,0,-1,0,50000,50000,2.378518682000478e-07,6.300763744908740e-02,1.746405912439531e-02,0.000000000000000e+00,0.000000000000000e+00,0.000000000000000e+00,1.000000000000000e+00,406 390 391
618,0,-1,0,50000,50000,4.677993729734807e-07,6.195498921381928e-02,1.878621710710502e-02,0.000000000000000e+00,0.000000000000000e+00,0.000000000000000e+00,1.000000000000000e+00,403 121 402
619,0,-1,0,50000,50000,3.877057254349246e-07,6.027489253863418e-02,1.733647089348752e-02,0.000000000000000e+00,0.000000000000000e+00,0.000000000000000e+00,1.000000000000000e+00,407 404 408
620,0,-1,0,50000,50000,3.300296861269803e-07,5.963970329534988e-02,1.933939448756441e-02,0.000000000000000e+00,0.000000000000000e+00,0.000000000000000e+00,1.000000000000000e+00,397 392 409
621,0,-1,0,50000,50000,1.955237246035782e-07,6.399594007084006e-02,1.691147966534282e-02,0.000000000000000e+00,0.000000000000000e+00,0.000000000000000e+00,1.000000000000000e+00,410 412 411
622,0,-1,0,50000,50000,2.782954119716289e-07,6.390318214581185e-02,1.745762801043862e-02,0.000000000000000e+00,0.000000000000000e+00,0.000000000000000e+00,1.000000000000000e+00,411 412 118
623,0,-1,0,50000,50000,4.401756042722962e-07,5.964869549395255e-02,2.000682713655137e-02,0.000000000000000e+00,0.000000000000000e+00,0.000000000000000e+00,1.000000000000000e+00,409 392 123
624,0,-1,0,50000,50000,3.733577725025151e-07,6.027765857322019e-02,1.907290356674046e-02,0.000000000000000e+00,0.000000000000000e+00,0.000000000000000e+00,1.000000000000000e+00,394 392 397
625,0,-1,0,50000,50000,1.785415285559112e-07,6.483899040818071e-02,1.638873248078071e-02,0.000000000000000e+00,0.000000000000000e+00,0.000000000000000e+00,1.000000000000000e+00,413 415 414
626,0,-1,0,50000,50000,2.631515632062306e-07,6.477276359051241e-02,1.692314664891241e-02,0.000000000000000e+00,0.000000000000000e+00,0.000000000000000e+00,1.000000000000000e+00,414 415 117
627,0,-1,0,50000,50000,3.474088400205085e-07,6.020434316145333e-02,1.883837626183802e-02,0.000000000000000e+00,0.000000000000000e+00,0.000000000000000e+00,1.000000000000000e+00,394 397 395
628,0,-1,0,50000,50000,3.916441114137830e-07,6.106824783912466e-02,1.861744190194611e-02,0.000000000000000e+00,0.000000000000000e+00,0.000000000000000e+00,1.000000000000000e+00,402 394 408
629,0,-1,0,50000,50000,1.779329936836812e-07,6.567299976139322e-02,1.586997240833109e-02,0.000000000000000e+00,0.000000000000000e+00,0.000000000000000e+00,1.000000000000000e+00,416 418 417
630,0,-1,0,50000,50000,2.626078674491388e-07,6.560772383704712e-02,1.640396742639659e-02,0.000000000000000e+00,0.000000000000000e+00,0.000000000000000e+00,1.000000000000000e+00,417 418 116
631,0,-1,0,50000,50000,4.065802112918867e-07,6.444461339120043e-02,1.481720529993017e-02,0.000000000000000e+00,0.000000000000000e+00,0.000000000000000e+00,1.000000000000000e+00,383 420 419
632,0,-1,0,50000,50000,3.194679250402083e-07,6.113357530980598e-02,1.886118589267112e-02,0.000000000000000e+00,0.000000000000000e+00,0.000000000000000e+00,1.000000000000000e+00,402 393 394
633,0,-1,0,50000,50000,1.779110678194844e-07,6.650668341993067e-02,1.535135439860210e-02,0.000000000000000e+00,0.000000000000000e+00,0.000000000000000e+00,1.000000000000000e+00,421 423 422
634,0,-1,0,50000,50000,2.625881427331177e-07,6.644144177956669e-02,1.588533448854607e-02,0.000000000000000e+00,0.000000000000000e+00,0.000000000000000e+00,1.000000000000000e+00,422 423 115
635,0,-1,0,50000,50000,3.820869555790266e-07,6.050471749693757e-02,1.813815954193824e-02,0.000000000000000e+00,0.000000000000000e+00,0.000000000000000e+00,1.000000000000000e+00,408 394 395
636,0,-1,0,50000,50000,2.872420765665076e-07,7.369569789410084e-02,1.050476239654818e-02,0.000000000000000e+00,0.000000000000000e+00,0.000000000000000e+00,1.000000000000000e+00,375 425 424
637,0,-1,0,50000,50000,1.779102620040144e-07,6.734035512063627e-02,1.483274140149720e-02,0.000000000000000e+00,0.000000000000000e+00,0.000000000000000e+00,1.000000000000000e+00,426 428 427
638,0,-1,0,50000,50000,2.625874009535732e-07,6.727511474363175e-02,1.536672096516298e-02,0.000000000000000e+00,0.000000000000000e+00,0.000000000000000e+00,1.000000000000000e+00,427 428 114
639,0,-1,0,50000,50000,3.562878345265023e-07,7.388525632462273e-02,1.051224729168603e-02,0.000000000000000e+00,0.000000000000000e+00,0.000000000000000e+00,1.000000000000000e+00,375 384 425
640,0,-1,0,50000,50000,3.808886687573340e-07,7.391364070484036e-02,1.134108457429538e-02,0.000000000000000e+00,0.000000000000000e+00,0.000000000000000e+00,1.000000000000000e+00,425 384 106
641,0,-1,0,50000,50000,1.779102277736579e-07,6.817402635231518e-02,1.431412857348258e-02,0.000000000000000e+00,0.000000000000000e+00,0.000000000000000e+00,1.000000000000000e+00,429 431 430
642,0,-1,0,50000,50000,2.625873703537598e-07,6.810878602553280e-02,1.484810811799292e-02,0.000000000000000e+00,0.000000000000000e+00,0.000000000000000e+00,1.000000000000000e+00,430 431 113
643,0,-1,0,50000,50000,4.066232464358540e-07,6.527825354906422e-02,1.429849318365307e-02,0.000000000000000e+00,0.000000000000000e+00,0.000000000000000e+00,1.000000000000000e+00,420 433 432
644,0,-1,0,50000,50000,4.073432869178451e-07,6.216729048192224e-02,1.886811662115487e-02,0.000000000000000e+00,0.000000000000000e+00,0.000000000000000e+00,1.000000000000000e+00,403 120 121
645,0,-1,0,50000,50000,1.779101923114964e-07,6.900769755938782e-02,1.379551571228690e-02,0.000000000000000e+00,0.000000000000000e+00,0.000000000000000e+00,1.000000000000000e+00,434 436 435
646,0,-1,0,50000,50000,2.625874280837755e-07,6.894245723217898e-02,1.432949523681923e-02,0.000000000000000e+00,0.000000000000000e+00,0.000000000000000e+00,1.000000000000000e+00,435 436 112
647,0,-1,0,50000,50000,2.532617159580303e-07,6.253296506372275e-02,1.801866908722013e-02,0.000000000000000e+00,0.000000000000000e+00,0.000000000000000e+00,1.000000000000000e+00,391 389 403
648,0,-1,0,50000,50000,2.169749103261162e-07,6.354443014381433e-02,1.740962572869011e-02,0.000000000000000e+00,0.000000000000000e+00,0.000000000000000e+00,1.000000000000000e+00,411 390 406
649,0,-1,0,50000,50000,1.779092056580329e-07,6.984136870441066e-02,1.327690175086547e-02,0.000000000000000e+00,0.000000000000000e+00,0.000000000000000e+00,1.000000000000000e+00,437 439 438
650,0,-1,0,50000,50000,2.625891044923865e-07,6.977612834465899e-02,1.381088070204741e-02,0.000000000000000e+00,0.000000000000000e+00,0.000000000000000e+00,1.000000000000000e+00,438 439 111
651,0,-1,0,50000,50000,2.913593475609805e-07,6.352018394959927e-02,1.717250991674241e-02,0.000000000000000e+00,0.000000000000000e+00,0.000000000000000e+00,1.000000000000000e+00,411 406 387
652,0,-1,0,50000,50000,4.549197588562216e-07,6.192160833587997e-02,1.844650576157798e-02,0.000000000000000e+00,0.000000000000000e+00,0.000000000000000e+00,1.000000000000000e+00,403 402 405
653,0,-1,0,50000,50000,1.778812344922249e-07,7.067503974249827e-02,1.275825646432331e-02,0.000000000000000e+00,0.000000000000000e+00,0.000000000000000e+00,1.000000000000000e+00,440 442 441
654,0,-1,0,50000,50000,2.626343470818738e-07,7.060979643342059e-02,1.329222007103764e-02,0.000000000000000e+00,0.000000000000000e+00,0.000000000000000e+00,1.000000000000000e+00,441 442 110
655,0,-1,0,50000,50000,4.066303025403963e-07,6.611191971261231e-02,1.377986384124367e-02,0.000000000000000e+00,0.000000000000000e+00,0.000000000000000e+00,1.000000000000000e+00,433 444 443
656,0,-1,0,50000,50000,1.768835960771163e-07,6.445732307499533e-02,1.685599507975396e-02,0.000000000000000e+00,0.000000000000000e+00,0.000000000000000e+00,1.000000000000000e+00,414 412 410
657,0,-1,0,50000,50000,1.777895197836578e-07,7.150843140954784e-02,1.223799631349891e-02,0.000000000000000e+00,0.000000000000000e+00,0.000000000000000e+00,1.000000000000000e+00,445 447 446
658,0,-1,0,50000,50000,2.636629214298064e-07,7.144342587985655e-02,1.277249861864070e-02,0.000000000000000e+00,0.000000000000000e+00,0.000000000000000e+00,1.000000000000000e+00,446 447 109
659,0,-1,0,50000,50000,2.502425468057455e-07,6.440583031166491e-02,1.663254543565909e-02,0.000000000000000e+00,0.000000000000000e+00,0.000000000000000e+00,1.000000000000000e+00,414 410 382
660,0,-1,0,50000,50000,1.759101225035198e-07,6.529383656884115e-02,1.633613203790245e-02,0.000000000000000e+00,0.000000000000000e+00,0.000000000000000e+00,1.000000000000000e+00,417 415 413
661,0,-1,0,50000,50000,1.869609414877159e-07,7.234192402819017e-02,1.167830521783640e-02,0.000000000000000e+00,0.000000000000000e+00,0.000000000000000e+00,1.000000000000000e+00,448 450 449
662,0,-1,0,50000,50000,2.763483343927391e-07,7.227828742123865e-02,1.223808816591283e-02,0.000000000000000e+00,0.000000000000000e+00,0.000000000000000e+00,1.000000000000000e+00,449 450 108
663,0,-1,0,50000,50000,2.509507928794361e-07,6.524073734859090e-02,1.611339252334412e-02,0.000000000000000e+00,0.000000000000000e+00,0.000000000000000e+00,1.000000000000000e+00,417 413 419
664,0,-1,0,50000,50000,4.169687625503878e-07,6.233349645708759e-02,1.712875415780728e-02,0.000000000000000e+00,0.000000000000000e+00,0.000000000000000e+00,1.000000000000000e+00,400 391 405
665,0,-1,0,50000,50000,2.236157645936870e-07,7.324424448692649e-02,1.098838649763522e-02,0.000000000000000e+00,0.000000000000000e+00,0.000000000000000e+00,1.000000000000000e+00,424 425 451
666,0,-1,0,50000,50000,4.279370869093290e-07,7.315617425618900e-02,1.159533828329869e-02,0.000000000000000e+00,0.000000000000000e+00,0.000000000000000e+00,1.000000000000000e+00,451 425 107
667,0,-1,0,50000,50000,4.066314634139123e-07,6.694559009721833e-02,1.326124827008497e-02,0.000000000000000e+00,0.000000000000000e+00,0.000000000000000e+00,1.000000000000000e+00,444 453 452
668,0,-1,0,50000,50000,1.758749967461570e-07,6.612761063414811e-02,1.581747477164500e-02,0.000000000000000e+00,0.000000000000000e+00,0.000000000000000e+00,1.000000000000000e+00,422 418 416
669,0,-1,0,50000,50000,4.751613712671432e-07,6.141875962522855e-02,1.780400703322045e-02,0.000000000000000e+00,0.000000000000000e+00,0.000000000000000e+00,1.000000000000000e+00,405 402 408
670,0,-1,0,50000,50000,4.097335556258803e-07,6.020947116585344e-02,1.706979118221762e-02,0.000000000000000e+00,0.000000000000000e+00,0.000000000000000e+00,1.000000000000000e+00,407 454 404
671,0,-1,0,50000,50000,2.509756831093040e-07,6.607445378414636e-02,1.559476061154116e-02,0.000000000000000e+00,0.000000000000000e+00,0.000000000000000e+00,1.000000000000000e+00,422 416 432
672,0,-1,0,50000,50000,1.758737003047790e-07,6.696128568018102e-02,1.529886039476489e-02,0.000000000000000e+00,0.000000000000000e+00,0.000000000000000e+00,1.000000000000000e+00,427 423 421
673,0,-1,0,50000,50000,3.481767877643464e-07,7.431029795292730e-02,9.972696300949857e-03,0.000000000000000e+00,0.000000000000000e+00,0.000000000000000e+00,1.000000000000000e+00,376 384 375
674,0,-1,0,50000,50000,2.509765168868563e-07,6.690812674568430e-02,1.507614713606537e-02,0.000000000000000e+00,0.000000000000000e+00,0.000000000000000e+00,1.000000000000000e+00,427 421 443
675,0,-1,0,50000,50000,3.604617950382524e-07,5.999315481440071e-02,1.703553846962350e-02,0.000000000000000e+00,0.000000000000000e+00,0.000000000000000e+00,1.000000000000000e+00,407 455 454
676,0,-1,0,50000,50000,4.066316549062600e-07,6.777926117054497e-02,1.274263499094490e-02,0.000000000000000e+00,0.000000000000000e+00,0.000000000000000e+00,1.000000000000000e+00,453 457 456
677,0,-1,0,50000,50000,1.758736489248927e-07,6.779495704709708e-02,1.478024752036652e-02,0.000000000000000e+00,0.000000000000000e+00,0.000000000000000e+00,1.000000000000000e+00,430 428 426
678,0,-1,0,50000,50000,2.509765394653603e-07,6.774179803474907e-02,1.455753429340300e-02,0.000000000000000e+00,0.000000000000000e+00,0.000000000000000e+00,1.000000000000000e+00,430 426 452
679,0,-1,0,50000,50000,3.457198072243696e-07,6.000444440685684e-02,1.623654775171462e-02,0.000000000000000e+00,0.000000000000000e+00,0.000000000000000e+00,1.000000000000000e+00,454 455 86
680,0,-1,0,50000,50000,2.753886865477506e-07,7.229342857440148e-02,8.866140334757893e-03,0.000000000000000e+00,0.000000000000000e+00,0.000000000000000e+00,1.000000000000000e+00,398 378 101
681,0,-1,0,50000,50000,1.758736491992421e-07,6.862862825968288e-02,1.426163467129070e-02,0.000000000000000e+00,0.000000000000000e+00,0.000000000000000e+00,1.000000000000000e+00,435 431 429
682,0,-1,0,50000,50000,2.509765363597036e-07,6.857546924468366e-02,1.403892144671905e-02,0.000000000000000e+00,0.000000000000000e+00,0.000000000000000e+00,1.000000000000000e+00,435 429 456
683,0,-1,0,50000,50000,3.784965466102499e-07,7.129197694806691e-02,1.005725677526897e-02,0.000000000000000e+00,0.000000000000000e+00,0.000000000000000e+00,1.000000000000000e+00,458 379 380
684,0,-1,0,50000,50000,4.594053975871897e-07,6.104839248537841e-02,1.663844471115784e-02,0.000000000000000e+00,0.000000000000000e+00,0.000000000000000e+00,1.000000000000000e+00,404 459 399
685,0,-1,0,50000,50000,4.512671316347401e-07,6.081809237585567e-02,1.661690495843849e-02,0.000000000000000e+00,0.000000000000000e+00,0.000000000000000e+00,1.000000000000000e+00,404 454 459
686,0,-1,0,50000,50000,3.996318763420058e-07,6.861115725583893e-02,1.222582513144301e-02,0.000000000000000e+00,0.000000000000000e+00,0.000000000000000e+00,1.000000000000000e+00,457 461 460
687,0,-1,0,50000,50000,3.790337064543197e-07,6.082690228239745e-02,1.572409582467788e-02,0.000000000000000e+00,0.000000000000000e+00,0.000000000000000e+00,1.000000000000000e+00,459 454 87
688,0,-1,0,50000,50000,4.310819260419119e-07,6.189193103092090e-02,1.609738986914176e-02,0.000000000000000e+00,0.000000000000000e+00,0.000000000000000e+00,1.000000000000000e+00,399 462 386
689,0,-1,0,50000,50000,1.758737698237137e-07,6.946229942430586e-02,1.374302107493814e-02,0.000000000000000e+00,0.000000000000000e+00,0.000000000000000e+00,1.000000000000000e+00,438 436 434
690,0,-1,0,50000,50000,2.509764886375672e-07,6.940914041130428e-02,1.352030788457443e-02,0.000000000000000e+00,0.000000000000000e+00,0.000000000000000e+00,1.000000000000000e+00,438 434 460
691,0,-1,0,50000,50000,4.419535203216744e-07,6.166471639979912e-02,1.607402852658743e-02,0.000000000000000e+00,0.000000000000000e+00,0.000000000000000e+00,1.000000000000000e+00,399 459 462
692,0,-1,0,50000,50000,3.783892444545591e-07,6.166055214216948e-02,1.520521701306463e-02,0.000000000000000e+00,0.000000000000000e+00,0.000000000000000e+00,1.000000000000000e+00,462 459 88
693,0,-1,0,50000,50000,1.758771429703294e-07,7.029596942950425e-02,1.322438651252833e-02,0.000000000000000e+00,0.000000000000000e+00,0.000000000000000e+00,1.000000000000000e+00,441 439 437
694,0,-1,0,50000,50000,2.509751759847114e-07,7.024281047047055e-02,1.300167429475400e-02,0.000000000000000e+00,0.000000000000000e+00,0.000000000000000e+00,1.000000000000000e+00,441 437 463
695,0,-1,0,50000,50000,4.394074148570931e-07,6.271152730571766e-02,1.558492589486336e-02,0.000000000000000e+00,0.000000000000000e+00,0.000000000000000e+00,1.000000000000000e+00,386 464 381
696,0,-1,0,50000,50000,4.409370393447798e-07,6.248458009869051e-02,1.556234516650797e-02,0.000000000000000e+00,0.000000000000000e+00,0.000000000000000e+00,1.000000000000000e+00,386 462 464
697,0,-1,0,50000,50000,3.783778575644319e-07,6.249422770692804e-02,1.468660135221623e-02,0.000000000000000e+00,0.000000000000000e+00,0.000000000000000e+00,1.000000000000000e+00,464 462 89
698,0,-1,0,50000,50000,3.035869256687071e-07,6.942265439984995e-02,1.175105556120548e-02,0.000000000000000e+00,0.000000000000000e+00,0.000000000000000e+00,1.000000000000000e+00,461 465 463
699,0,-1,0,50000,50000,4.323817016343621e-07,6.854401125486873e-02,1.195212844796672e-02,0.000000000000000e+00,0.000000000000000e+00,0.000000000000000e+00,1.000000000000000e+00,457 466 461
700,0,-1,0,50000,50000,4.378984284857419e-07,6.831888963199167e-02,1.192790079019454e-02,0.000000000000000e+00,0.000000000000000e+00,0.000000000000000e+00,1.000000000000000e+00,457 467 466
701,0,-1,0,50000,50000,1.759644668861835e-07,7.112959465712482e-02,1.270517004451274e-02,0.000000000000000e+00,0.000000000000000e+00,0.000000000000000e+00,1.000000000000000e+00,446 442 440
702,0,-1,0,50000,50000,2.509296508064386e-07,7.107643766847306e-02,1.248248486792278e-02,0.000000000000000e+00,0.000000000000000e+00,0.000000000000000e+00,1.000000000000000e+00,446 440 468
703,0,-1,0,50000,50000,3.783775622838319e-07,6.832992624679711e-02,1.105631157765605e-02,0.000000000000000e+00,0.000000000000000e+00,0.000000000000000e+00,1.000000000000000e+00,466 467 96
704,0,-1,0,50000,50000,4.378984514281312e-07,6.771211516962193e-02,1.246893830747892e-02,0.000000000000000e+00,0.000000000000000e+00,0.000000000000000e+00,1.000000000000000e+00,453 467 457
705,0,-1,0,50000,50000,1.782023620856347e-07,7.196358371272783e-02,1.217559584852404e-02,0.000000000000000e+00,0.000000000000000e+00,0.000000000000000e+00,1.000000000000000e+00,449 447 445
706,0,-1,0,50000,50000,2.506060584388255e-07,7.191042387945253e-02,1.195344392739849e-02,0.000000000000000e+00,0.000000000000000e+00,0.000000000000000e+00,1.000000000000000e+00,449 445 469
707,0,-1,0,50000,50000,4.378984810454960e-07,6.748521844506349e-02,1.244651368500085e-02,0.000000000000000e+00,0.000000000000000e+00,0.000000000000000e+00,1.000000000000000e+00,453 470 467
708,0,-1,0,50000,50000,3.783775622822254e-07,6.749625503840452e-02,1.157492439898153e-02,0.000000000000000e+00,0.000000000000000e+00,0.000000000000000e+00,1.000000000000000e+00,467 470 95
709,0,-1,0,50000,50000,4.378986180212360e-07,6.687844409665425e-02,1.298755158669721e-02,0.000000000000000e+00,0.000000000000000e+00,0.000000000000000e+00,1.000000000000000e+00,444 470 453
710,0,-1,0,50000,50000,2.983600188962454e-07,7.015004458107142e-02,1.138609513732835e-02,0.000000000000000e+00,0.000000000000000e+00,0.000000000000000e+00,1.000000000000000e+00,465 471 468
711,0,-1,0,50000,50000,4.378987973046175e-07,6.665154736725287e-02,1.296512694760265e-02,0.000000000000000e+00,0.000000000000000e+00,0.000000000000000e+00,1.000000000000000e+00,444 472 470
712,0,-1,0,50000,50000,3.783775622708795e-07,6.666258383002677e-02,1.209353722030591e-02,0.000000000000000e+00,0.000000000000000e+00,0.000000000000000e+00,1.000000000000000e+00,470 472 94
713,0,-1,0,50000,50000,2.040625803773548e-07,7.281651703930858e-02,1.156364441465211e-02,0.000000000000000e+00,0.000000000000000e+00,0.000000000000000e+00,1.000000000000000e+00,451 450 448
714,0,-1,0,50000,50000,3.021768419793212e-07,7.275301427270886e-02,1.131990651039477e-02,0.000000000000000e+00,0.000000000000000e+00,0.000000000000000e+00,1.000000000000000e+00,451 448 401
715,0,-1,0,50000,50000,4.378996139955928e-07,6.604477371477771e-02,1.350616715845038e-02,0.000000000000000e+00,0.000000000000000e+00,0.000000000000000e+00,1.000000000000000e+00,433 472 444
716,0,-1,0,50000,50000,4.379007017538692e-07,6.581787695592102e-02,1.348374241956723e-02,0.000000000000000e+00,0.000000000000000e+00,0.000000000000000e+00,1.000000000000000e+00,433 473 472
717,0,-1,0,50000,50000,3.783775622012341e-07,6.582891262174963e-02,1.261215004162186e-02,0.000000000000000e+00,0.000000000000000e+00,0.000000000000000e+00,1.000000000000000e+00,472 473 93
718,0,-1,0,50000,50000,4.379055621960829e-07,6.521110757206629e-02,1.402479650528817e-02,0.000000000000000e+00,0.000000000000000e+00,0.000000000000000e+00,1.000000000000000e+00,420 473 433
719,0,-1,0,50000,50000,4.379121808316545e-07,6.498421063343826e-02,1.400237116699657e-02,0.000000000000000e+00,0.000000000000000e+00,0.000000000000000e+00,1.000000000000000e+00,420 474 473
720,0,-1,0,50000,50000,3.783775617637290e-07,6.499524141410845e-02,1.313076286288291e-02,0.000000000000000e+00,0.000000000000000e+00,0.000000000000000e+00,1.000000000000000e+00,473 474 92
721,0,-1,0,50000,50000,4.381522881558631e-07,6.354398986207460e-02,1.506271880126951e-02,0.000000000000000e+00,0.000000000000000e+00,0.000000000000000e+00,1.000000000000000e+00,381 475 383
722,0,-1,0,50000,50000,4.203279987482189e-07,7.077168766711678e-02,1.083663075611200e-02,0.000000000000000e+00,0.000000000000000e+00,0.000000000000000e+00,1.000000000000000e+00,471 458 469
723,0,-1,0,50000,50000,4.384002115604409e-07,6.331708502458293e-02,1.504026821423532e-02,0.000000000000000e+00,0.000000000000000e+00,0.000000000000000e+00,1.000000000000000e+00,381 464 475
724,0,-1,0,50000,50000,3.783775518297875e-07,6.332789902498200e-02,1.416798850306439e-02,0.000000000000000e+00,0.000000000000000e+00,0.000000000000000e+00,1.000000000000000e+00,475 464 90
725,0,-1,0,50000,50000,3.833390128626966e-07,7.272251008360757e-02,9.004821951658982e-03,0.000000000000000e+00,0.000000000000000e+00,0.000000000000000e+00,1.000000000000000e+00,398 476 374
726,0,-1,0,50000,50000,3.758431181077154e-07,7.269555732972595e-02,9.241330978703770e-03,0.000000000000000e+00,0.000000000000000e+00,0.000000000000000e+00,1.000000000000000e+00,398 374 377
727,0,-1,0,50000,50000,4.379410396992478e-07,6.437746757356561e-02,1.454350865571395e-02,0.000000000000000e+00,0.000000000000000e+00,0.000000000000000e+00,1.000000000000000e+00,383 474 420
728,0,-1,0,50000,50000,4.379814566351021e-07,6.415056953306784e-02,1.452107971593077e-02,0.000000000000000e+00,0.000000000000000e+00,0.000000000000000e+00,1.000000000000000e+00,383 475 474
729,0,-1,0,50000,50000,3.783775590021990e-07,6.416157021050618e-02,1.364937568380652e-02,0.000000000000000e+00,0.000000000000000e+00,0.000000000000000e+00,1.000000000000000e+00,474 475 91
730,0,-1,0,50000,50000,4.106166996627580e-07,6.935540894330573e-02,1.147731458665533e-02,0.000000000000000e+00,0.000000000000000e+00,0.000000000000000e+00,1.000000000000000e+00,461 477 465
731,0,-1,0,50000,50000,4.396408424831727e-07,6.914461120311065e-02,1.141721739266715e-02,0.000000000000000e+00,0.000000000000000e+00,0.000000000000000e+00,1.000000000000000e+00,461 466 477
732,0,-1,0,50000,50000,3.780960769105896e-07,6.916315762445525e-02,1.053750288418937e-02,0.000000000000000e+00,0.000000000000000e+00,0.000000000000000e+00,1.000000000000000e+00,477 466 97
733,0,-1,0,50000,50000,4.242094592537010e-07,6.972153213686515e-02,1.048932283000649e-02,0.000000000000000e+00,0.000000000000000e+00,0.000000000000000e+00,1.000000000000000e+00,477 478 471
734,0,-1,0,50000,50000,3.957899510136556e-07,6.995299200350484e-02,1.119310498706377e-02,0.000000000000000e+00,0.000000000000000e+00,0.000000000000000e+00,1.000000000000000e+00,465 477 471
735,0,-1,0,50000,50000,3.704824228353264e-07,6.954982401291365e-02,1.029525471599377e-02,0.000000000000000e+00,0.000000000000000e+00,0.000000000000000e+00,1.000000000000000e+00,477 98 478
736,0,-1,0,50000,50000,4.087206831194455e-07,7.051888243115689e-02,9.949044867359301e-03,0.000000000000000e+00,0.000000000000000e+00,0.000000000000000e+00,1.000000000000000e+00,478 379 458
737,0,-1,0,50000,50000,3.770655549194225e-07,7.057197970090127e-02,1.064368813625683e-02,0.000000000000000e+00,0.000000000000000e+00,0.000000000000000e+00,1.000000000000000e+00,471 478 458
738,0,-1,0,50000,50000,3.671431443216499e-07,7.036932584256787e-02,9.763821497313953e-03,0.000000000000000e+00,0.000000000000000e+00,0.000000000000000e+00,1.000000000000000e+00,478 99 379
739,0,-1,0,50000,50000,3.783775622859784e-07,6.678854525314668e-02,1.187383900175782e-02,0.000000000000000e+00,0.000000000000000e+00,0.000000000000000e+00,1.000000000000000e+00,470 94 95
740,0,-1,0,50000,50000,3.783775623015344e-07,6.595487404479965e-02,1.239245182307974e-02,0.000000000000000e+00,0.000000000000000e+00,0.000000000000000e+00,1.000000000000000e+00,472 93 94
741,0,-1,0,50000,50000,3.627102260191150e-07,5.917361442544061e-02,1.711741863075789e-02,0.000000000000000e+00,0.000000000000000e+00,0.000000000000000e+00,1.000000000000000e+00,479 85 455
742,0,-1,0,50000,50000,3.783775622840305e-07,6.762221646153510e-02,1.135522618043261e-02,0.000000000000000e+00,0.000000000000000e+00,0.000000000000000e+00,1.000000000000000e+00,467 95 96
743,0,-1,0,50000,50000,3.766621066866030e-07,5.818769105226154e-02,1.781260022878734e-02,0.000000000000000e+00,0.000000000000000e+00,0.000000000000000e+00,1.000000000000000e+00,480 84 481
744,0,-1,0,50000,50000,3.601981491570527e-07,5.902575485865450e-02,1.722790052385752e-02,0.000000000000000e+00,0.000000000000000e+00,0.000000000000000e+00,1.000000000000000e+00,479 481 85
745,0,-1,0,50000,50000,3.911848859759999e-07,5.777320563623777e-02,1.724608828024514e-02,0.000000000000000e+00,0.000000000000000e+00,0.000000000000000e+00,1.000000000000000e+00,84 480 482
746,0,-1,0,50000,50000,3.783775624018914e-07,6.512120283671441e-02,1.291106464437894e-02,0.000000000000000e+00,0.000000000000000e+00,0.000000000000000e+00,1.000000000000000e+00,473 92 93
747,0,-1,0,50000,50000,3.574043002544089e-07,5.902372899729172e-02,1.852910859229984e-02,0.000000000000000e+00,0.000000000000000e+00,0.000000000000000e+00,1.000000000000000e+00,396 397 483
748,0,-1,0,50000,50000,3.783775622839364e-07,6.845588766992901e-02,1.083661335910705e-02,0.000000000000000e+00,0.000000000000000e+00,0.000000000000000e+00,1.000000000000000e+00,466 96 97
749,0,-1,0,50000,50000,3.901243362719817e-07,6.036996555919032e-02,2.001464693825973e-02,0.000000000000000e+00,0.000000000000000e+00,0.000000000000000e+00,1.000000000000000e+00,392 122 123
750,0,-1,0,50000,50000,2.948716952955288e-07,6.119459741124661e-02,1.965900939893244e-02,0.000000000000000e+00,0.000000000000000e+00,0.000000000000000e+00,1.000000000000000e+00,393 121 122
751,0,-1,0,50000,50000,4.207658018489219e-07,6.211729087638106e-02,1.830375994537101e-02,0.000000000000000e+00,0.000000000000000e+00,0.000000000000000e+00,1.000000000000000e+00,403 405 391
752,0,-1,0,50000,50000,2.676030253044651e-07,5.940432577210727e-02,1.726257323101284e-02,0.000000000000000e+00,0.000000000000000e+00,0.000000000000000e+00,1.000000000000000e+00,479 455 407
753,0,-1,0,50000,50000,3.846054820508533e-07,5.945275603427135e-02,1.750890174590592e-02,0.000000000000000e+00,0.000000000000000e+00,0.000000000000000e+00,1.000000000000000e+00,479 407 395
754,0,-1,0,50000,50000,2.989657761611482e-07,5.838187539265163e-02,1.802814321344508e-02,0.000000000000000e+00,0.000000000000000e+00,0.000000000000000e+00,1.000000000000000e+00,480 481 396
755,0,-1,0,50000,50000,3.399753916093845e-07,5.840565247988858e-02,1.829200084002361e-02,0.000000000000000e+00,0.000000000000000e+00,0.000000000000000e+00,1.000000000000000e+00,480 396 483
756,0,-1,0,50000,50000,3.496797422713006e-07,5.762210313699510e-02,1.879598036839329e-02,0.000000000000000e+00,0.000000000000000e+00,0.000000000000000e+00,1.000000000000000e+00,484 485 482
757,0,-1,0,50000,50000,3.529331919606751e-07,5.781234644994172e-02,1.874473586493777e-02,0.000000000000000e+00,0.000000000000000e+00,0.000000000000000e+00,1.000000000000000e+00,484 482 480
758,0,-1,0,50000,50000,4.374196948870171e-07,5.847982856296350e-02,1.893870956860262e-02,0.000000000000000e+00,0.000000000000000e+00,0.000000000000000e+00,1.000000000000000e+00,483 484 480
759,0,-1,0,50000,50000,3.058927582359851e-07,7.566887087743258e-02,9.996811831105314e-03,0.000000000000000e+00,0.000000000000000e+00,0.000000000000000e+00,1.000000000000000e+00,486 385 487
760,0,-1,0,50000,50000,3.791929420635954e-07,7.539659057865206e-02,1.044025118480058e-02,0.000000000000000e+00,0.000000000000000e+00,0.000000000000000e+00,1.000000000000000e+00,385 486 104
761,0,-1,0,50000,50000,4.320208103403573e-07,7.529345917786659e-02,1.121407876735050e-02,0.000000000000000e+00,0.000000000000000e+00,0.000000000000000e+00,1.000000000000000e+00,105 385 104
762,0,-1,0,50000,50000,3.840561091420488e-07,7.345991492076055e-02,9.110048870427266e-03,0.000000000000000e+00,0.000000000000000e+00,0.000000000000000e+00,1.000000000000000e+00,374 476 388
763,0,-1,0,50000,50000,3.138009685272136e-07,7.351217310274022e-02,8.079871124425085e-03,0.000000000000000e+00,0.000000000000000e+00,0.000000000000000e+00,1.000000000000000e+00,488 388 476
764,0,-1,0,50000,50000,3.049857121519574e-07,7.304755359961761e-02,8.203593002091418e-03,0.000000000000000e+00,0.000000000000000e+00,0.000000000000000e+00,1.000000000000000e+00,476 102 488
765,0,-1,0,50000,50000,4.207753646542413e-07,5.783962671737657e-02,2.032676392081488e-02,0.000000000000000e+00,0.000000000000000e+00,0.000000000000000e+00,1.000000000000000e+00,81 490 489
766,0,-1,0,50000,50000,5.410732922409625e-07,5.823027531244184e-02,1.986418764111424e-02,0.000000000000000e+00,0.000000000000000e+00,0.000000000000000e+00,1.000000000000000e+00,490 81 484
767,0,-1,0,50000,50000,3.880300057028024e-07,5.750678032503265e-02,1.998627842128434e-02,0.000000000000000e+00,0.000000000000000e+00,0.000000000000000e+00,1.000000000000000e+00,81 82 484
768,0,-1,0,50000,50000,3.964393344703011e-07,7.539630556500947e-02,9.551450538749598e-03,0.000000000000000e+00,0.000000000000000e+00,0.000000000000000e+00,1.000000000000000e+00,487 77 486
769,0,-1,0,50000,50000,3.973598007281809e-07,7.561352948547116e-02,8.985588176938545e-03,0.000000000000000e+00,0.000000000000000e+00,0.000000000000000e+00,1.000000000000000e+00,77 487 491
770,0,-1,0,50000,50000,3.689150502418887e-07,7.539687823854746e-02,8.348187586755389e-03,0.000000000000000e+00,0.000000000000000e+00,0.000000000000000e+00,1.000000000000000e+00,76 77 491
771,0,-1,0,50000,50000,3.187362360009069e-07,7.503406539812911e-02,1.018925230351922e-02,0.000000000000000e+00,0.000000000000000e+00,0.000000000000000e+00,1.000000000000000e+00,385 376 487
772,0,-1,0,50000,50000,4.207187997345000e-07,7.451920322265512e-02,1.000014953835534e-02,0.000000000000000e+00,0.000000000000000e+00,0.000000000000000e+00,1.000000000000000e+00,376 385 384
773,0,-1,0,50000,50000,3.043892290417201e-07,5.895118487461033e-02,1.799534105945260e-02,0.000000000000000e+00,0.000000000000000e+00,0.000000000000000e+00,1.000000000000000e+00,396 481 479
774,0,-1,0,50000,50000,3.666541906747092e-07,5.928642190697325e-02,1.766004095459446e-02,0.000000000000000e+00,0.000000000000000e+00,0.000000000000000e+00,1.000000000000000e+00,479 395 396
775,0,-1,0,50000,50000,4.584286490771470e-07,7.439797877180758e-02,9.402057685715953e-03,0.000000000000000e+00,0.000000000000000e+00,0.000000000000000e+00,1.000000000000000e+00,376 388 491
776,0,-1,0,50000,50000,4.457123194088623e-07,7.464077564543496e-02,8.613526964411410e-03,0.000000000000000e+00,0.000000000000000e+00,0.000000000000000e+00,1.000000000000000e+00,491 388 492
777,0,-1,0,50000,50000,3.503033301465840e-07,7.417570116269953e-02,7.918615787140808e-03,0.000000000000000e+00,0.000000000000000e+00,0.000000000000000e+00,1.000000000000000e+00,492 388 488
778,0,-1,0,50000,50000,3.082215516715160e-07,7.462398634001230e-02,7.756992984738940e-03,0.000000000000000e+00,0.000000000000000e+00,0.000000000000000e+00,1.000000000000000e+00,492 9 76
779,0,-1,0,50000,50000,4.456125096822648e-07,7.461286663391523e-02,7.980778380844360e-03,0.000000000000000e+00,0.000000000000000e+00,0.000000000000000e+00,1.000000000000000e+00,492 76 491
780,0,-1,0,50000,50000,3.427962803654683e-07,7.280928271860217e-02,1.017314167675088e-02,0.000000000000000e+00,0.000000000000000e+00,0.000000000000000e+00,1.000000000000000e+00,377 424 401
781,0,-1,0,50000,50000,3.783775630393703e-07,6.428753163028418e-02,1.342967746553584e-02,0.000000000000000e+00,0.000000000000000e+00,0.000000000000000e+00,1.000000000000000e+00,474 91 92
782,0,-1,0,50000,50000,3.710209060206712e-07,7.218056563788641e-02,1.079760057548398e-02,0.000000000000000e+00,0.000000000000000e+00,0.000000000000000e+00,1.000000000000000e+00,401 448 469
783,0,-1,0,50000,50000,4.778821674546240e-07,7.159467212963806e-02,1.098111208123161e-02,0.000000000000000e+00,0.000000000000000e+00,0.000000000000000e+00,1.000000000000000e+00,469 458 401
784,0,-1,0,50000,50000,3.302649374505818e-07,7.138928034086563e-02,1.144390253623191e-02,0.000000000000000e+00,0.000000000000000e+00,0.000000000000000e+00,1.000000000000000e+00,469 445 468
785,0,-1,0,50000,50000,4.174143347659406e-07,7.079268231672302e-02,1.153574204902415e-02,0.000000000000000e+00,0.000000000000000e+00,0.000000000000000e+00,1.000000000000000e+00,468 471 469
786,0,-1,0,50000,50000,3.309664165076197e-07,7.055567125927609e-02,1.196273333004628e-02,0.000000000000000e+00,0.000000000000000e+00,0.000000000000000e+00,1.000000000000000e+00,468 440 463
787,0,-1,0,50000,50000,3.325899459382961e-07,7.000194655284779e-02,1.205933027926292e-02,0.000000000000000e+00,0.000000000000000e+00,0.000000000000000e+00,1.000000000000000e+00,463 465 468
788,0,-1,0,50000,50000,3.309660813745757e-07,6.972199958507222e-02,1.248134631594384e-02,0.000000000000000e+00,0.000000000000000e+00,0.000000000000000e+00,1.000000000000000e+00,463 437 460
789,0,-1,0,50000,50000,4.047610084294436e-07,6.918259922710743e-02,1.254207356436633e-02,0.000000000000000e+00,0.000000000000000e+00,0.000000000000000e+00,1.000000000000000e+00,460 461 463
790,0,-1,0,50000,50000,3.309660814582265e-07,6.888832837658623e-02,1.299995913724934e-02,0.000000000000000e+00,0.000000000000000e+00,0.000000000000000e+00,1.000000000000000e+00,460 434 456
791,0,-1,0,50000,50000,4.066316824079649e-07,6.835070312018164e-02,1.305888335035082e-02,0.000000000000000e+00,0.000000000000000e+00,0.000000000000000e+00,1.000000000000000e+00,456 457 460
792,0,-1,0,50000,50000,3.309660820941253e-07,6.805465716749441e-02,1.351857195842220e-02,0.000000000000000e+00,0.000000000000000e+00,0.000000000000000e+00,1.000000000000000e+00,456 429 452
793,0,-1,0,50000,50000,3.907211960784676e-07,5.803809674400318e-02,1.920393421616954e-02,0.000000000000000e+00,0.000000000000000e+00,0.000000000000000e+00,1.000000000000000e+00,484 483 490
794,0,-1,0,50000,50000,3.278756512715731e-07,7.459144985301659e-02,9.550377429765501e-03,0.000000000000000e+00,0.000000000000000e+00,0.000000000000000e+00,1.000000000000000e+00,376 491 487
795,0,-1,0,50000,50000,4.066316301725243e-07,6.751703191501235e-02,1.357749618793545e-02,0.000000000000000e+00,0.000000000000000e+00,0.000000000000000e+00,1.000000000000000e+00,452 453 456
796,0,-1,0,50000,50000,3.778288404680336e-07,5.877236611200981e-02,1.935190345305260e-02,0.000000000000000e+00,0.000000000000000e+00,0.000000000000000e+00,1.000000000000000e+00,483 409 490
797,0,-1,0,50000,50000,3.280290071656034e-07,5.930808568410696e-02,1.963992709976332e-02,0.000000000000000e+00,0.000000000000000e+00,0.000000000000000e+00,1.000000000000000e+00,409 483 397
798,0,-1,0,50000,50000,3.309660869806773e-07,6.722098595381955e-02,1.403718477859239e-02,0.000000000000000e+00,0.000000000000000e+00,0.000000000000000e+00,1.000000000000000e+00,452 426 443
799,0,-1,0,50000,50000,3.780933617476120e-07,6.928911904758721e-02,1.031780466564036e-02,0.000000000000000e+00,0.000000000000000e+00,0.000000000000000e+00,1.000000000000000e+00,477 97 98
800,0,-1,0,50000,50000,2.771544217080198e-07,6.291163862492036e-02,1.862013491943995e-02,0.000000000000000e+00,0.000000000000000e+00,0.000000000000000e+00,1.000000000000000e+00,389 119 120
801,0,-1,0,50000,50000,4.066313163777903e-07,6.668336072376199e-02,1.409610910633272e-02,0.000000000000000e+00,0.000000000000000e+00,0.000000000000000e+00,1.000000000000000e+00,443 444 452
802,0,-1,0,50000,50000,3.601416880634865e-07,6.352136432999922e-02,1.810374448912073e-02,0.000000000000000e+00,0.000000000000000e+00,0.000000000000000e+00,1.000000000000000e+00,390 118 119
803,0,-1,0,50000,50000,3.513307924343899e-07,6.447557133205430e-02,1.752470348834226e-02,0.000000000000000e+00,0.000000000000000e+00,0.000000000000000e+00,1.000000000000000e+00,412 117 118
804,0,-1,0,50000,50000,3.309661244411997e-07,6.638731470518110e-02,1.455579759125213e-02,0.000000000000000e+00,0.000000000000000e+00,0.000000000000000e+00,1.000000000000000e+00,443 421 432
805,0,-1,0,50000,50000,3.505241942855842e-07,6.865130235726788e-02,1.492838398397724e-02,0.000000000000000e+00,0.000000000000000e+00,0.000000000000000e+00,1.000000000000000e+00,431 112 113
806,0,-1,0,50000,50000,3.505242890838065e-07,6.948497355703580e-02,1.440977101141653e-02,0.000000000000000e+00,0.000000000000000e+00,0.000000000000000e+00,1.000000000000000e+00,436 111 112
807,0,-1,0,50000,50000,3.411877407286951e-07,7.341401218479315e-02,7.690812072549086e-03,0.000000000000000e+00,0.000000000000000e+00,0.000000000000000e+00,1.000000000000000e+00,488 102 103
808,0,-1,0,50000,50000,4.066294310772368e-07,6.584968960102558e-02,1.461472250682284e-02,0.000000000000000e+00,0.000000000000000e+00,0.000000000000000e+00,1.000000000000000e+00,432 433 443
809,0,-1,0,50000,50000,2.458863205404250e-07,6.261263119197645e-02,1.756947207518092e-02,0.000000000000000e+00,0.000000000000000e+00,0.000000000000000e+00,1.000000000000000e+00,391 400 406
810,0,-1,0,50000,50000,2.957332839230599e-07,7.170580367281294e-02,8.678371597278075e-03,0.000000000000000e+00,0.000000000000000e+00,0.000000000000000e+00,1.000000000000000e+00,378 100 101
811,0,-1,0,50000,50000,4.035943420810574e-07,5.756876732076134e-02,1.713500823251483e-02,0.000000000000000e+00,0.000000000000000e+00,0.000000000000000e+00,1.000000000000000e+00,84 482 83
812,0,-1,0,50000,50000,3.309664102207859e-07,6.555364318875290e-02,1.507441034644820e-02,0.000000000000000e+00,0.000000000000000e+00,0.000000000000000e+00,1.000000000000000e+00,432 416 419
813,0,-1,0,50000,50000,2.769784555667207e-07,6.366765438908992e-02,1.708556410056750e-02,0.000000000000000e+00,0.000000000000000e+00,0.000000000000000e+00,1.000000000000000e+00,411 387 410
814,0,-1,0,50000,50000,3.540219985317408e-07,6.374611918561005e-02,1.755204299780075e-02,0.000000000000000e+00,0.000000000000000e+00,0.000000000000000e+00,1.000000000000000e+00,411 118 390
815,0,-1,0,50000,50000,4.066180985288358e-07,6.501601877376124e-02,1.513333877378508e-02,0.000000000000000e+00,0.000000000000000e+00,0.000000000000000e+00,1.000000000000000e+00,419 420 432
816,0,-1,0,50000,50000,3.309685897189587e-07,6.471996962393003e-02,1.559302265971481e-02,0.000000000000000e+00,0.000000000000000e+00,0.000000000000000e+00,1.000000000000000e+00,419 413 382
817,0,-1,0,50000,50000,2.607448792892018e-07,6.453564079749921e-02,1.655179533932558e-02,0.000000000000000e+00,0.000000000000000e+00,0.000000000000000e+00,1.000000000000000e+00,414 382 413
818,0,-1,0,50000,50000,2.671047084302006e-07,6.464134879832195e-02,1.700460734075376e-02,0.000000000000000e+00,0.000000000000000e+00,0.000000000000000e+00,1.000000000000000e+00,414 117 412
819,0,-1,0,50000,50000,3.548265555903523e-07,5.935169978041947e-02,2.070640289871849e-02,0.000000000000000e+00,0.000000000000000e+00,0.000000000000000e+00,1.000000000000000e+00,493 123 124
820,0,-1,0,50000,50000,4.065499410714737e-07,6.418234884392982e-02,1.565197204855850e-02,0.000000000000000e+00,0.000000000000000e+00,0.000000000000000e+00,1.000000000000000e+00,382 383 419
821,0,-1,0,50000,50000,2.601629679823000e-07,6.537054490899109e-02,1.603264179394916e-02,0.000000000000000e+00,0.000000000000000e+00,0.000000000000000e+00,1.000000000000000e+00,417 419 416
822,0,-1,0,50000,50000,2.617677981347679e-07,6.547785892735503e-02,1.648474357095002e-02,0.000000000000000e+00,0.000000000000000e+00,0.000000000000000e+00,1.000000000000000e+00,417 116 415
823,0,-1,0,50000,50000,3.309852042824516e-07,6.388628041078218e-02,1.611163158973137e-02,0.000000000000000e+00,0.000000000000000e+00,0.000000000000000e+00,1.000000000000000e+00,382 410 387
824,0,-1,0,50000,50000,2.601419726141407e-07,6.620426096244401e-02,1.551400979958763e-02,0.000000000000000e+00,0.000000000000000e+00,0.000000000000000e+00,1.000000000000000e+00,422 432 421
825,0,-1,0,50000,50000,2.615762806638955e-07,6.631163255328336e-02,1.596608620980177e-02,0.000000000000000e+00,0.000000000000000e+00,0.000000000000000e+00,1.000000000000000e+00,422 115 418
826,0,-1,0,50000,50000,4.061397283434929e-07,6.334867763954033e-02,1.617070591574048e-02,0.000000000000000e+00,0.000000000000000e+00,0.000000000000000e+00,1.000000000000000e+00,387 381 382
827,0,-1,0,50000,50000,2.601411969564137e-07,6.703793387415964e-02,1.499539631337846e-02,0.000000000000000e+00,0.000000000000000e+00,0.000000000000000e+00,1.000000000000000e+00,427 443 426
828,0,-1,0,50000,50000,2.615693457385234e-07,6.714530754204016e-02,1.544747182058944e-02,0.000000000000000e+00,0.000000000000000e+00,0.000000000000000e+00,1.000000000000000e+00,427 114 423
829,0,-1,0,50000,50000,2.837882534123707e-07,6.304906991017506e-02,1.662690379918464e-02,0.000000000000000e+00,0.000000000000000e+00,0.000000000000000e+00,1.000000000000000e+00,387 406 400
830,0,-1,0,50000,50000,2.601411649386164e-07,6.787160515675077e-02,1.447678346933103e-02,0.000000000000000e+00,0.000000000000000e+00,0.000000000000000e+00,1.000000000000000e+00,430 452 429
831,0,-1,0,50000,50000,2.615690865427877e-07,6.797897890150240e-02,1.492885894459223e-02,0.000000000000000e+00,0.000000000000000e+00,0.000000000000000e+00,1.000000000000000e+00,430 113 428
832,0,-1,0,50000,50000,3.580630955797790e-07,6.257790408672331e-02,1.664796914726984e-02,0.000000000000000e+00,0.000000000000000e+00,0.000000000000000e+00,1.000000000000000e+00,400 386 387
833,0,-1,0,50000,50000,2.601411497471144e-07,6.870527636583709e-02,1.395817062246217e-02,0.000000000000000e+00,0.000000000000000e+00,0.000000000000000e+00,1.000000000000000e+00,435 456 434
834,0,-1,0,50000,50000,2.615690885092415e-07,6.881265011310804e-02,1.441024609530262e-02,0.000000000000000e+00,0.000000000000000e+00,0.000000000000000e+00,1.000000000000000e+00,435 112 431
835,0,-1,0,50000,50000,3.783775816104763e-07,6.262018927183492e-02,1.446690310257365e-02,0.000000000000000e+00,0.000000000000000e+00,0.000000000000000e+00,1.000000000000000e+00,464 89 90
836,0,-1,0,50000,50000,2.601407328131410e-07,6.953894753234316e-02,1.343955706029248e-02,0.000000000000000e+00,0.000000000000000e+00,0.000000000000000e+00,1.000000000000000e+00,438 460 437
837,0,-1,0,50000,50000,4.615551853227865e-07,6.176236736026305e-02,1.727420957361398e-02,0.000000000000000e+00,0.000000000000000e+00,0.000000000000000e+00,1.000000000000000e+00,405 399 400
838,0,-1,0,50000,50000,2.615694505306856e-07,6.964632127759915e-02,1.389163249892119e-02,0.000000000000000e+00,0.000000000000000e+00,0.000000000000000e+00,1.000000000000000e+00,438 111 436
839,0,-1,0,50000,50000,3.738010467988284e-07,7.011104653043507e-02,9.799406753323714e-03,0.000000000000000e+00,0.000000000000000e+00,0.000000000000000e+00,1.000000000000000e+00,478 98 99
840,0,-1,0,50000,50000,4.405633998808065e-07,6.085503089400338e-02,1.771861967158832e-02,0.000000000000000e+00,0.000000000000000e+00,0.000000000000000e+00,1.000000000000000e+00,408 404 405
841,0,-1,0,50000,50000,3.853784292658844e-07,5.997850504931757e-02,1.806992230720618e-02,0.000000000000000e+00,0.000000000000000e+00,0.000000000000000e+00,1.000000000000000e+00,395 407 408
842,0,-1,0,50000,50000,3.783775671243459e-07,6.345386043439614e-02,1.394829028582973e-02,0.000000000000000e+00,0.000000000000000e+00,0.000000000000000e+00,1.000000000000000e+00,475 90 91
843,0,-1,0,50000,50000,2.963509087519570e-07,5.873397176531010e-02,2.003151771497626e-02,0.000000000000000e+00,0.000000000000000e+00,0.000000000000000e+00,1.000000000000000e+00,490 409 493
844,0,-1,0,50000,50000,3.566143654781933e-07,5.947714741142138e-02,2.012672949758855e-02,0.000000000000000e+00,0.000000000000000e+00,0.000000000000000e+00,1.000000000000000e+00,409 123 493
845,0,-1,0,50000,50000,2.288503378006546e-07,5.672761377631602e-02,1.883803828335885e-02,0.000000000000000e+00,0.000000000000000e+00,0.000000000000000e+00,1.000000000000000e+00,12 485 82
846,0,-1,0,50000,50000,2.601306462420854e-07,7.037261805729196e-02,1.292092330589414e-02,0.000000000000000e+00,0.000000000000000e+00,0.000000000000000e+00,1.000000000000000e+00,441 463 440
847,0,-1,0,50000,50000,4.111744265831568e-07,5.716716274137676e-02,1.929043244483011e-02,0.000000000000000e+00,0.000000000000000e+00,0.000000000000000e+00,1.000000000000000e+00,82 485 484
848,0,-1,0,50000,50000,2.981024007332641e-07,5.896319233283000e-02,2.050137698113723e-02,0.000000000000000e+00,0.000000000000000e+00,0.000000000000000e+00,1.000000000000000e+00,493 489 490
849,0,-1,0,50000,50000,2.414374712421250e-07,5.828062395546140e-02,2.078499200770603e-02,0.000000000000000e+00,0.000000000000000e+00,0.000000000000000e+00,1.000000000000000e+00,489 80 81
850,0,-1,0,50000,50000,2.615795781092436e-07,7.047999128278018e-02,1.337299793650759e-02,0.000000000000000e+00,0.000000000000000e+00,0.000000000000000e+00,1.000000000000000e+00,441 110 439
851,0,-1,0,50000,50000,2.552229238096595e-07,7.621321833394175e-02,9.585981207337271e-03,0.000000000000000e+00,0.000000000000000e+00,0.000000000000000e+00,1.000000000000000e+00,78 486 77
852,0,-1,0,50000,50000,2.997386220362786e-07,5.734231277955328e-02,1.796299290434831e-02,0.000000000000000e+00,0.000000000000000e+00,0.000000000000000e+00,1.000000000000000e+00,482 485 83
853,0,-1,0,50000,50000,4.275461961229853e-07,5.842100246013196e-02,1.716037032094794e-02,0.000000000000000e+00,0.000000000000000e+00,0.000000000000000e+00,1.000000000000000e+00,481 84 85
854,0,-1,0,50000,50000,4.581954184124957e-07,5.678167860119798e-02,1.764503864215915e-02,0.000000000000000e+00,0.000000000000000e+00,0.000000000000000e+00,1.000000000000000e+00,83 485 11
855,0,-1,0,50000,50000,2.600425047408491e-07,7.120618323932122e-02,1.240151135987266e-02,0.000000000000000e+00,0.000000000000000e+00,0.000000000000000e+00,1.000000000000000e+00,446 468 445
856,0,-1,0,50000,50000,2.618588149892328e-07,7.131361604460085e-02,1.285378163306610e-02,0.000000000000000e+00,0.000000000000000e+00,0.000000000000000e+00,1.000000000000000e+00,446 109 442
857,0,-1,0,50000,50000,2.542781531118379e-07,5.678269844305343e-02,1.841353740891659e-02,0.000000000000000e+00,0.000000000000000e+00,0.000000000000000e+00,1.000000000000000e+00,485 12 11
858,0,-1,0,50000,50000,2.671145252465327e-07,7.203998737259851e-02,1.186519053803498e-02,0.000000000000000e+00,0.000000000000000e+00,0.000000000000000e+00,1.000000000000000e+00,449 469 448
859,0,-1,0,50000,50000,3.540742513112490e-07,7.411977639654332e-02,7.666313972646006e-03,0.000000000000000e+00,0.000000000000000e+00,0.000000000000000e+00,1.000000000000000e+00,492 488 103
860,0,-1,0,50000,50000,2.668876569446630e-07,7.214766665037728e-02,1.232443012084177e-02,0.000000000000000e+00,0.000000000000000e+00,0.000000000000000e+00,1.000000000000000e+00,449 108 447
861,0,-1,0,50000,50000,3.780177121932885e-07,5.933450852018356e-02,1.651027528943729e-02,0.000000000000000e+00,0.000000000000000e+00,0.000000000000000e+00,1.000000000000000e+00,455 85 86
862,0,-1,0,50000,50000,5.149818268044869e-07,7.425566521022083e-02,7.454332034896265e-03,0.000000000000000e+00,0.000000000000000e+00,0.000000000000000e+00,1.000000000000000e+00,492 103 10
863,0,-1,0,50000,50000,3.275632981406747e-07,7.289161733203327e-02,1.121444761512498e-02,0.000000000000000e+00,0.000000000000000e+00,0.000000000000000e+00,1.000000000000000e+00,451 401 424
864,0,-1,0,50000,50000,3.056676767039135e-07,7.300084360483360e-02,1.171998125204760e-02,0.000000000000000e+00,0.000000000000000e+00,0.000000000000000e+00,1.000000000000000e+00,451 107 450
865,0,-1,0,50000,50000,3.424683907461316e-07,7.476383361330656e-02,7.290809316569816e-03,0.000000000000000e+00,0.000000000000000e+00,0.000000000000000e+00,1.000000000000000e+00,9 492 10
866,0,-1,0,50000,50000,3.618736078239793e-07,7.356049271008368e-02,1.029271487188914e-02,0.000000000000000e+00,0.000000000000000e+00,0.000000000000000e+00,1.000000000000000e+00,375 424 377
867,0,-1,0,50000,50000,4.213044384005314e-07,7.611455645380573e-02,1.070729098778606e-02,0.000000000000000e+00,0.000000000000000e+00,0.000000000000000e+00,1.000000000000000e+00,104 486 17
868,0,-1,0,50000,50000,3.505538035973295e-07,6.531635228009035e-02,1.700295135992572e-02,0.000000000000000e+00,0.000000000000000e+00,0.000000000000000e+00,1.000000000000000e+00,415 116 117
869,0,-1,0,50000,50000,3.791212468686068e-07,6.011932489718817e-02,1.602387721383715e-02,0.000000000000000e+00,0.000000000000000e+00,0.000000000000000e+00,1.000000000000000e+00,454 86 87
870,0,-1,0,50000,50000,2.552229238096625e-07,7.611639609949496e-02,1.000251240385794e-02,0.000000000000000e+00,0.000000000000000e+00,0.000000000000000e+00,1.000000000000000e+00,486 78 17
871,0,-1,0,50000,50000,2.738022703995310e-07,5.873851598380977e-02,2.086271496316926e-02,0.000000000000000e+00,0.000000000000000e+00,0.000000000000000e+00,1.000000000000000e+00,489 493 124
872,0,-1,0,50000,50000,4.108797746499349e-07,5.863249584326875e-02,2.106121076622950e-02,0.000000000000000e+00,0.000000000000000e+00,0.000000000000000e+00,1.000000000000000e+00,489 124 16
873,0,-1,0,50000,50000,4.390591257023370e-07,7.248079427811562e-02,8.802146254619911e-03,0.000000000000000e+00,0.000000000000000e+00,0.000000000000000e+00,1.000000000000000e+00,398 101 476
874,0,-1,0,50000,50000,3.505253486866756e-07,6.615027905219040e-02,1.648422656264738e-02,0.000000000000000e+00,0.000000000000000e+00,0.000000000000000e+00,1.000000000000000e+00,418 115 116
875,0,-1,0,50000,50000,2.414374712421258e-07,5.816816134029532e-02,2.114547625413331e-02,0.000000000000000e+00,0.000000000000000e+00,0.000000000000000e+00,1.000000000000000e+00,80 489 16
876,0,-1,0,50000,50000,4.412723468979166e-07,7.452501303537494e-02,1.112453658602954e-02,0.000000000000000e+00,0.000000000000000e+00,0.000000000000000e+00,1.000000000000000e+00,384 105 106
877,0,-1,0,50000,50000,3.783785176099920e-07,6.095282994292685e-02,1.550414081218869e-02,0.000000000000000e+00,0.000000000000000e+00,0.000000000000000e+00,1.000000000000000e+00,459 87 88
878,0,-1,0,50000,50000,3.505242439154040e-07,6.698395957086117e-02,1.596560977457603e-02,0.000000000000000e+00,0.000000000000000e+00,0.000000000000000e+00,1.000000000000000e+00,423 114 115
879,0,-1,0,50000,50000,4.341703707891190e-07,7.188336233458398e-02,9.906074032844176e-03,0.000000000000000e+00,0.000000000000000e+00,0.000000000000000e+00,1.000000000000000e+00,380 401 458
880,0,-1,0,50000,50000,4.406324289375533e-07,7.376980578051906e-02,1.159539541182282e-02,0.000000000000000e+00,0.000000000000000e+00,0.000000000000000e+00,1.000000000000000e+00,425 106 107
881,0,-1,0,50000,50000,3.348649105816987e-07,7.093399056837216e-02,9.223146798563458e-03,0.000000000000000e+00,0.000000000000000e+00,0.000000000000000e+00,1.000000000000000e+00,379 99 100
882,0,-1,0,50000,50000,3.656357208306025e-07,7.282325971380643e-02,1.230811616111786e-02,0.000000000000000e+00,0.000000000000000e+00,0.000000000000000e+00,1.000000000000000e+00,450 107 108
883,0,-1,0,50000,50000,4.364484743926461e-07,7.279402105023050e-02,8.233863537198932e-03,0.000000000000000e+00,0.000000000000000e+00,0.000000000000000e+00,1.000000000000000e+00,476 101 102
884,0,-1,0,50000,50000,3.520228499633555e-07,7.198599023318294e-02,1.285145511048824e-02,0.000000000000000e+00,0.000000000000000e+00,0.000000000000000e+00,1.000000000000000e+00,447 108 109
885,0,-1,0,50000,50000,3.783774094168221e-07,6.178651737579215e-02,1.498551606721952e-02,0.000000000000000e+00,0.000000000000000e+00,0.000000000000000e+00,1.000000000000000e+00,462 88 89
886,0,-1,0,50000,50000,3.505241931029259e-07,6.781763113556717e-02,1.544699681553425e-02,0.000000000000000e+00,0.000000000000000e+00,0.000000000000000e+00,1.000000000000000e+00,428 113 114
887,0,-1,0,50000,50000,3.506026554192849e-07,7.115230702140238e-02,1.337242148110053e-02,0.000000000000000e+00,0.000000000000000e+00,0.000000000000000e+00,1.000000000000000e+00,442 109 110
888,0,-1,0,50000,50000,3.505269826441490e-07,7.031864452679067e-02,1.389115388893299e-02,0.000000000000000e+00,0.000000000000000e+00,0.000000000000000e+00,1.000000000000000e+00,439 110 111
889,0,-1,0,20,20,4.547459943233550e-07,6.283405768041937e-02,4.463357821437882e-02,0.000000000000000e+00,0.000000000000000e+00,0.000000000000000e+00,-1.000000000000000e+00,663 665 664
890,0,-1,0,20,20,4.394330079854055e-07,6.303539824456759e-02,4.482996343373941e-02,0.000000000000000e+00,0.000000000000000e+00,0.000000000000000e+00,-1.000000000000000e+00,663 664 666
891,0,-1,0,20,20,1.231996328000683e-06,5.853568591766707e-02,3.159275032230753e-02,0.000000000000000e+00,0.000000000000000e+00,0.000000000000000e+00,-1.000000000000000e+00,612 668 667
892,0,-1,0,20,20,7.870722377126937e-07,5.234106673592109e-02,2.818446337167962e-02,0.000000000000000e+00,0.000000000000000e+00,0.000000000000000e+00,-1.000000000000000e+00,576 669 577
893,0,-1,0,20,20,2.718324600815189e-06,4.337327609114634e-02,2.190692223797918e-02,0.000000000000000e+00,0.000000000000000e+00,0.000000000000000e+00,-1.000000000000000e+00,670 672 671
894,0,-1,0,20,20,2.611597372949567e-06,4.289397112877680e-02,1.997844250054420e-02,0.000000000000000e+00,0.000000000000000e+00,0.000000000000000e+00,-1.000000000000000e+00,671 672 152
895,0,-1,0,20,20,3.564452376819663e-07,5.609988376522262e-02,5.486984227272426e-02,0.000000000000000e+00,0.000000000000000e+00,0.000000000000000e+00,-1.000000000000000e+00,673 675 674
896,0,-1,0,20,20,2.447843028974185e-07,7.304953476244953e-02,3.206377209521231e-02,0.000000000000000e+00,0.000000000000000e+00,0.000000000000000e+00,-1.000000000000000e+00,661 543 662
897,0,-1,0,20,20,3.565416239061516e-07,5.680721614999830e-02,5.485793664955609e-02,0.000000000000000e+00,0.000000000000000e+00,0.000000000000000e+00,-1.000000000000000e+00,674 675 632
898,0,-1,0,20,20,2.706936321710876e-07,7.263243752713816e-02,3.318673308211628e-02,0.000000000000000e+00,0.000000000000000e+00,0.000000000000000e+00,-1.000000000000000e+00,660 541 542
899,0,-1,0,20,20,7.746626385006368e-07,5.830592034027796e-02,3.133081131462042e-02,0.000000000000000e+00,0.000000000000000e+00,0.000000000000000e+00,-1.000000000000000e+00,612 667 613
900,0,-1,0,20,20,2.451424841230228e-07,7.222737279759772e-02,3.387563285475850e-02,0.000000000000000e+00,0.000000000000000e+00,0.000000000000000e+00,-1.000000000000000e+00,659 541 660
901,0,-1,0,20,20,3.730681175694479e-06,6.030007830160964e-02,3.047294042027408e-02,0.000000000000000e+00,0.000000000000000e+00,0.000000000000000e+00,-1.000000000000000e+00,667 677 676
902,0,-1,0,20,20,2.452267622169280e-07,7.179938644773046e-02,3.477372372890031e-02,0.000000000000000e+00,0.000000000000000e+00,0.000000000000000e+00,-1.000000000000000e+00,658 540 659
903,0,-1,0,20,20,7.959463911115961e-07,5.529052569632117e-02,4.466421206768537e-02,0.000000000000000e+00,0.000000000000000e+00,0.000000000000000e+00,-1.000000000000000e+00,678 594 593
904,0,-1,0,20,20,2.705192639819765e-07,7.131903398562804e-02,3.592264842437175e-02,0.000000000000000e+00,0.000000000000000e+00,0.000000000000000e+00,-1.000000000000000e+00,657 538 539
905,0,-1,0,20,20,4.844948141399139e-06,6.412567854018732e-02,3.129822863023539e-02,0.000000000000000e+00,0.000000000000000e+00,0.000000000000000e+00,-1.000000000000000e+00,679 680 676
906,0,-1,0,20,20,2.452056926878034e-07,7.090993707178028e-02,3.655352517636112e-02,0.000000000000000e+00,0.000000000000000e+00,0.000000000000000e+00,-1.000000000000000e+00,656 538 657
907,0,-1,0,20,20,6.999807529736814e-07,5.660850260281541e-02,4.637928183260340e-02,0.000000000000000e+00,0.000000000000000e+00,0.000000000000000e+00,-1.000000000000000e+00,595 681 596
908,0,-1,0,20,20,2.451003450987067e-07,7.044861291737961e-02,3.743495779004101e-02,0.000000000000000e+00,0.000000000000000e+00,0.000000000000000e+00,-1.000000000000000e+00,655 537 656
909,0,-1,0,20,20,2.128895817127843e-06,5.816352597394849e-02,2.957509063046021e-02,0.000000000000000e+00,0.000000000000000e+00,0.000000000000000e+00,-1.000000000000000e+00,614 667 682
910,0,-1,0,20,20,2.449317891523739e-07,6.997631792347989e-02,3.831056116171005e-02,0.000000000000000e+00,0.000000000000000e+00,0.000000000000000e+00,-1.000000000000000e+00,654 536 655
911,0,-1,0,20,20,3.040031280664312e-06,3.619940958744026e-02,3.048828284936138e-02,0.000000000000000e+00,0.000000000000000e+00,0.000000000000000e+00,-1.000000000000000e+00,683 685 684
912,0,-1,0,20,20,2.709726207865697e-07,6.990240189805086e-02,3.860656383627523e-02,0.000000000000000e+00,0.000000000000000e+00,0.000000000000000e+00,-1.000000000000000e+00,654 535 536
913,0,-1,0,20,20,3.194223261474683e-06,3.581856875295045e-02,3.263256147356324e-02,0.000000000000000e+00,0.000000000000000e+00,0.000000000000000e+00,-1.000000000000000e+00,684 685 631
914,0,-1,0,20,20,2.444050533764246e-07,6.899911214203522e-02,4.004373415099374e-02,0.000000000000000e+00,0.000000000000000e+00,0.000000000000000e+00,-1.000000000000000e+00,652 534 653
915,0,-1,0,20,20,2.472932853516315e-06,5.159579258922586e-02,3.122297267858224e-02,0.000000000000000e+00,0.000000000000000e+00,0.000000000000000e+00,-1.000000000000000e+00,686 688 687
916,0,-1,0,20,20,2.446087242635153e-07,6.858054972465272e-02,4.075555395063474e-02,0.000000000000000e+00,0.000000000000000e+00,0.000000000000000e+00,-1.000000000000000e+00,651 534 652
917,0,-1,0,20,20,3.893615401052107e-06,5.080522541761807e-02,3.273960695760828e-02,0.000000000000000e+00,0.000000000000000e+00,0.000000000000000e+00,-1.000000000000000e+00,687 688 689
918,0,-1,0,20,20,2.448615575793449e-07,6.806708794791284e-02,4.160766290836677e-02,0.000000000000000e+00,0.000000000000000e+00,0.000000000000000e+00,-1.000000000000000e+00,650 533 651
919,0,-1,0,20,20,1.164701466684291e-06,5.757523352374867e-02,2.441434606424493e-02,0.000000000000000e+00,0.000000000000000e+00,0.000000000000000e+00,-1.000000000000000e+00,147 572 690
920,0,-1,0,20,20,2.450511829227536e-07,6.754302488787906e-02,4.245329493790653e-02,0.000000000000000e+00,0.000000000000000e+00,0.000000000000000e+00,-1.000000000000000e+00,649 532 650
921,0,-1,0,20,20,3.773982059598337e-07,5.754628420936406e-02,2.574846382718441e-02,0.000000000000000e+00,0.000000000000000e+00,0.000000000000000e+00,-1.000000000000000e+00,690 572 513
922,0,-1,0,20,20,2.451775999881379e-07,6.700844235536019e-02,4.329231796166234e-02,0.000000000000000e+00,0.000000000000000e+00,0.000000000000000e+00,-1.000000000000000e+00,648 531 649
923,0,-1,0,20,20,8.187914136572096e-07,5.766218474509863e-02,2.850610397023151e-02,0.000000000000000e+00,0.000000000000000e+00,0.000000000000000e+00,-1.000000000000000e+00,615 682 616
924,0,-1,0,20,20,2.452408085717683e-07,6.646342380912264e-02,4.412460093688550e-02,0.000000000000000e+00,0.000000000000000e+00,0.000000000000000e+00,-1.000000000000000e+00,647 530 648
925,0,-1,0,20,20,2.534970342290369e-06,5.050048388916725e-02,3.952667893583588e-02,0.000000000000000e+00,0.000000000000000e+00,0.000000000000000e+00,-1.000000000000000e+00,691 693 692
926,0,-1,0,20,20,2.452408085717898e-07,6.590805434278035e-02,4.495001387626484e-02,0.000000000000000e+00,0.000000000000000e+00,0.000000000000000e+00,-1.000000000000000e+00,646 529 647
927,0,-1,0,20,20,2.130121669895169e-06,6.226436257226028e-02,3.885155368823043e-02,0.000000000000000e+00,0.000000000000000e+00,0.000000000000000e+00,-1.000000000000000e+00,694 696 695
928,0,-1,0,20,20,2.451775999881421e-07,6.534242067142711e-02,4.576842786835445e-02,0.000000000000000e+00,0.000000000000000e+00,0.000000000000000e+00,-1.000000000000000e+00,645 528 646
929,0,-1,0,20,20,3.163141966744020e-06,6.398898620104149e-02,3.877682850087998e-02,0.000000000000000e+00,0.000000000000000e+00,0.000000000000000e+00,-1.000000000000000e+00,695 697 694
930,0,-1,0,20,20,2.450511829227553e-07,6.476661111801299e-02,4.657971509783241e-02,0.000000000000000e+00,0.000000000000000e+00,0.000000000000000e+00,-1.000000000000000e+00,644 527 645
931,0,-1,0,20,20,4.652611873912132e-06,6.268916919556727e-02,3.579546241327057e-02,0.000000000000000e+00,0.000000000000000e+00,0.000000000000000e+00,-1.000000000000000e+00,698 694 697
932,0,-1,0,20,20,2.448615575793441e-07,6.418071559946745e-02,4.738374886558610e-02,0.000000000000000e+00,0.000000000000000e+00,0.000000000000000e+00,-1.000000000000000e+00,643 526 644
933,0,-1,0,20,20,5.444130510407731e-07,5.956467821379766e-02,3.705546581809466e-02,0.000000000000000e+00,0.000000000000000e+00,0.000000000000000e+00,-1.000000000000000e+00,606 699 607
934,0,-1,0,20,20,2.710617420235185e-07,6.406443871488098e-02,4.767131852040755e-02,0.000000000000000e+00,0.000000000000000e+00,0.000000000000000e+00,-1.000000000000000e+00,643 525 526
935,0,-1,0,20,20,4.963555454487730e-07,6.130882929426419e-02,5.067500836958357e-02,0.000000000000000e+00,0.000000000000000e+00,0.000000000000000e+00,-1.000000000000000e+00,639 567 638
936,0,-1,0,20,20,2.444050533764194e-07,6.308227663707237e-02,4.883563368396310e-02,0.000000000000000e+00,0.000000000000000e+00,0.000000000000000e+00,-1.000000000000000e+00,641 525 642
937,0,-1,0,20,20,4.614750664407374e-07,6.068315962929746e-02,5.118229238921392e-02,0.000000000000000e+00,0.000000000000000e+00,0.000000000000000e+00,-1.000000000000000e+00,638 567 504
938,0,-1,0,20,20,2.712632332902177e-07,6.304419110782537e-02,4.901248945131553e-02,0.000000000000000e+00,0.000000000000000e+00,0.000000000000000e+00,-1.000000000000000e+00,641 524 525
939,0,-1,0,20,20,4.885258844802946e-07,6.068983815141918e-02,5.141860402509064e-02,0.000000000000000e+00,0.000000000000000e+00,0.000000000000000e+00,-1.000000000000000e+00,638 504 637
940,0,-1,0,20,20,2.709726207865837e-07,6.241830523783520e-02,4.980730602629957e-02,0.000000000000000e+00,0.000000000000000e+00,0.000000000000000e+00,-1.000000000000000e+00,640 523 524
941,0,-1,0,20,20,3.231307711610042e-06,5.517228711755785e-02,4.893964663375334e-02,0.000000000000000e+00,0.000000000000000e+00,0.000000000000000e+00,-1.000000000000000e+00,700 681 701
942,0,-1,0,20,20,2.707517548487537e-07,6.178237807874009e-02,5.059411340443196e-02,0.000000000000000e+00,0.000000000000000e+00,0.000000000000000e+00,-1.000000000000000e+00,639 522 523
943,0,-1,0,20,20,2.764490038907687e-06,5.338275143992053e-02,4.818647570825116e-02,0.000000000000000e+00,0.000000000000000e+00,0.000000000000000e+00,-1.000000000000000e+00,701 681 702
944,0,-1,0,20,20,2.706006358327052e-07,6.113651234183685e-02,5.137278445792935e-02,0.000000000000000e+00,0.000000000000000e+00,0.000000000000000e+00,-1.000000000000000e+00,638 521 522
945,0,-1,0,20,20,1.643184937208386e-06,5.294147763561557e-02,3.180320963497933e-02,0.000000000000000e+00,0.000000000000000e+00,0.000000000000000e+00,-1.000000000000000e+00,580 686 687
946,0,-1,0,20,20,2.452478317498294e-07,5.991698737177510e-02,5.267185958033468e-02,0.000000000000000e+00,0.000000000000000e+00,0.000000000000000e+00,-1.000000000000000e+00,636 520 637
947,0,-1,0,20,20,2.213643377023204e-06,5.976232713895070e-02,3.201233642368583e-02,0.000000000000000e+00,0.000000000000000e+00,0.000000000000000e+00,-1.000000000000000e+00,668 677 667
948,0,-1,0,20,20,2.452267622169254e-07,5.925553205026523e-02,5.341497400958065e-02,0.000000000000000e+00,0.000000000000000e+00,0.000000000000000e+00,-1.000000000000000e+00,635 519 636
949,0,-1,0,20,20,9.531145546396051e-07,5.319749481611374e-02,3.209249863675809e-02,0.000000000000000e+00,0.000000000000000e+00,0.000000000000000e+00,-1.000000000000000e+00,580 687 581
950,0,-1,0,20,20,2.451424841230286e-07,5.858484847115337e-02,5.414977107814337e-02,0.000000000000000e+00,0.000000000000000e+00,0.000000000000000e+00,-1.000000000000000e+00,634 518 635
951,0,-1,0,20,20,4.501711757147825e-07,7.045820415493988e-02,3.563486577454678e-02,0.000000000000000e+00,0.000000000000000e+00,0.000000000000000e+00,-1.000000000000000e+00,703 657 704
952,0,-1,0,20,20,2.449949976039495e-07,5.790504136506907e-02,5.487613602887443e-02,0.000000000000000e+00,0.000000000000000e+00,0.000000000000000e+00,-1.000000000000000e+00,633 517 634
953,0,-1,0,20,20,4.612750045576268e-07,7.087366056544035e-02,3.500970138619706e-02,0.000000000000000e+00,0.000000000000000e+00,0.000000000000000e+00,-1.000000000000000e+00,704 657 658
954,0,-1,0,20,20,2.272063333779282e-06,5.484017694205667e-02,4.058193797940907e-02,0.000000000000000e+00,0.000000000000000e+00,0.000000000000000e+00,-1.000000000000000e+00,589 706 705
955,0,-1,0,20,20,5.578874898845682e-07,5.667882587121246e-02,2.450433535615662e-02,0.000000000000000e+00,0.000000000000000e+00,0.000000000000000e+00,-1.000000000000000e+00,511 572 147
956,0,-1,0,20,20,2.454357668681659e-06,6.784888962375221e-02,3.123595536514066e-02,0.000000000000000e+00,0.000000000000000e+00,0.000000000000000e+00,-1.000000000000000e+00,707 708 680
957,0,-1,0,20,20,2.285023823339800e-06,6.670471607191536e-02,2.952779042888140e-02,0.000000000000000e+00,0.000000000000000e+00,0.000000000000000e+00,-1.000000000000000e+00,680 708 143
958,0,-1,0,20,20,2.614243383356389e-07,6.611605039417333e-02,4.262294430477555e-02,0.000000000000000e+00,0.000000000000000e+00,0.000000000000000e+00,-1.000000000000000e+00,709 711 710
959,0,-1,0,20,20,7.380538438648709e-07,5.414045569860906e-02,2.333956889756749e-02,0.000000000000000e+00,0.000000000000000e+00,0.000000000000000e+00,-1.000000000000000e+00,563 564 148
960,0,-1,0,20,20,8.187914136572092e-07,5.785027662698276e-02,2.931342622677716e-02,0.000000000000000e+00,0.000000000000000e+00,0.000000000000000e+00,-1.000000000000000e+00,614 682 615
961,0,-1,0,20,20,7.380538438648667e-07,5.525378982991087e-02,2.322393777235866e-02,0.000000000000000e+00,0.000000000000000e+00,0.000000000000000e+00,-1.000000000000000e+00,148 564 511
962,0,-1,0,20,20,2.799129367364778e-07,6.550803520990479e-02,4.253227973932404e-02,0.000000000000000e+00,0.000000000000000e+00,0.000000000000000e+00,-1.000000000000000e+00,710 711 712
963,0,-1,0,20,20,2.791659860057033e-06,5.097321780540937e-02,3.503132017971575e-02,0.000000000000000e+00,0.000000000000000e+00,0.000000000000000e+00,-1.000000000000000e+00,713 714 687
964,0,-1,0,20,20,1.724080134827370e-06,5.223673848916260e-02,3.339423651812912e-02,0.000000000000000e+00,0.000000000000000e+00,0.000000000000000e+00,-1.000000000000000e+00,687 714 582
965,0,-1,0,20,20,1.455235316457174e-06,5.566134637339343e-02,2.322421889395454e-02,0.000000000000000e+00,0.000000000000000e+00,0.000000000000000e+00,-1.000000000000000e+00,148 511 147
966,0,-1,0,20,20,1.074583547501695e-06,5.518639251080436e-02,4.079897914490518e-02,0.000000000000000e+00,0.000000000000000e+00,0.000000000000000e+00,-1.000000000000000e+00,589 705 590
967,0,-1,0,20,20,1.239169835183041e-06,6.781242521327925e-02,3.224556836061956e-02,0.000000000000000e+00,0.000000000000000e+00,0.000000000000000e+00,-1.000000000000000e+00,707 716 715
968,0,-1,0,20,20,7.990682461364361e-07,6.819929078030605e-02,3.232730088431174e-02,0.000000000000000e+00,0.000000000000000e+00,0.000000000000000e+00,-1.000000000000000e+00,707 715 717
969,0,-1,0,20,20,4.842715022037048e-07,6.859274852204569e-02,3.663257706353687e-02,0.000000000000000e+00,0.000000000000000e+00,0.000000000000000e+00,-1.000000000000000e+00,718 720 719
970,0,-1,0,20,20,2.708912491689846e-07,5.776181183853386e-02,5.513973893351153e-02,0.000000000000000e+00,0.000000000000000e+00,0.000000000000000e+00,-1.000000000000000e+00,633 516 517
971,0,-1,0,20,20,1.494146819805032e-06,5.794259487753232e-02,2.630495651292979e-02,0.000000000000000e+00,0.000000000000000e+00,0.000000000000000e+00,-1.000000000000000e+00,690 617 682
972,0,-1,0,20,20,8.187914136572213e-07,5.839292581439914e-02,2.772551320369187e-02,0.000000000000000e+00,0.000000000000000e+00,0.000000000000000e+00,-1.000000000000000e+00,682 617 616
973,0,-1,0,20,20,1.095203234067173e-06,5.893151325736076e-02,3.347858695576162e-02,0.000000000000000e+00,0.000000000000000e+00,0.000000000000000e+00,-1.000000000000000e+00,610 721 668
974,0,-1,0,20,20,2.883383799730289e-07,7.207434281992357e-02,3.029356255521088e-02,0.000000000000000e+00,0.000000000000000e+00,0.000000000000000e+00,-1.000000000000000e+00,722 139 140
975,0,-1,0,20,20,5.181233084939725e-07,5.866799641463321e-02,3.324350433363478e-02,0.000000000000000e+00,0.000000000000000e+00,0.000000000000000e+00,-1.000000000000000e+00,610 668 611
976,0,-1,0,20,20,5.571274782999512e-07,6.159932907700544e-02,4.310549088367052e-02,0.000000000000000e+00,0.000000000000000e+00,0.000000000000000e+00,-1.000000000000000e+00,723 600 599
977,0,-1,0,20,20,7.380538438648749e-07,5.257037254009372e-02,2.268921915925686e-02,0.000000000000000e+00,0.000000000000000e+00,0.000000000000000e+00,-1.000000000000000e+00,510 563 149
978,0,-1,0,20,20,5.797578884573089e-07,5.309603290842219e-02,2.660379584900309e-02,0.000000000000000e+00,0.000000000000000e+00,0.000000000000000e+00,-1.000000000000000e+00,509 561 508
979,0,-1,0,20,20,9.531145546396106e-07,5.338558669799789e-02,3.289982089330375e-02,0.000000000000000e+00,0.000000000000000e+00,0.000000000000000e+00,-1.000000000000000e+00,581 687 582
980,0,-1,0,20,20,3.746202085394418e-07,6.345644863286139e-02,4.525968971804845e-02,0.000000000000000e+00,0.000000000000000e+00,0.000000000000000e+00,-1.000000000000000e+00,666 724 663
981,0,-1,0,20,20,3.258981675778633e-07,6.363470292732371e-02,4.543631099843089e-02,0.000000000000000e+00,0.000000000000000e+00,0.000000000000000e+00,-1.000000000000000e+00,666 725 724
982,0,-1,0,20,20,1.455235316457188e-06,5.296641701731929e-02,2.210794260503125e-02,0.000000000000000e+00,0.000000000000000e+00,0.000000000000000e+00,-1.000000000000000e+00,149 563 148
983,0,-1,0,20,20,3.565363328132412e-07,6.403654143266600e-02,4.579650898078266e-02,0.000000000000000e+00,0.000000000000000e+00,0.000000000000000e+00,-1.000000000000000e+00,725 666 726
984,0,-1,0,20,20,3.370911206402571e-07,7.204299678068377e-02,3.230961772814605e-02,0.000000000000000e+00,0.000000000000000e+00,0.000000000000000e+00,-1.000000000000000e+00,727 729 728
985,0,-1,0,20,20,4.308152954434895e-07,7.153284029296754e-02,3.188875780192780e-02,0.000000000000000e+00,0.000000000000000e+00,0.000000000000000e+00,-1.000000000000000e+00,728 729 730
986,0,-1,0,20,20,4.353740030982110e-07,7.143878044284389e-02,3.128541315981996e-02,0.000000000000000e+00,0.000000000000000e+00,0.000000000000000e+00,-1.000000000000000e+00,730 731 728
987,0,-1,0,20,20,4.327647149513179e-07,7.056242486909857e-02,3.191194551141652e-02,0.000000000000000e+00,0.000000000000000e+00,0.000000000000000e+00,-1.000000000000000e+00,732 728 731
988,0,-1,0,20,20,5.198256757137227e-07,7.037064649570456e-02,3.006406203907837e-02,0.000000000000000e+00,0.000000000000000e+00,0.000000000000000e+00,-1.000000000000000e+00,733 734 141
989,0,-1,0,20,20,6.652924208379786e-07,6.994801198028584e-02,2.914906043442041e-02,0.000000000000000e+00,0.000000000000000e+00,0.000000000000000e+00,-1.000000000000000e+00,142 733 141
990,0,-1,0,20,20,3.804909242010515e-07,6.258334269679119e-02,4.538230593271849e-02,0.000000000000000e+00,0.000000000000000e+00,0.000000000000000e+00,-1.000000000000000e+00,664 735 666
991,0,-1,0,20,20,2.900641843576777e-07,7.179959985053842e-02,3.054581167333536e-02,0.000000000000000e+00,0.000000000000000e+00,0.000000000000000e+00,-1.000000000000000e+00,722 734 730
992,0,-1,0,20,20,4.869837818073957e-07,7.092530637710712e-02,3.046077688167877e-02,0.000000000000000e+00,0.000000000000000e+00,0.000000000000000e+00,-1.000000000000000e+00,734 733 731
993,0,-1,0,20,20,3.575528286331342e-07,7.141312130081802e-02,3.101703756386407e-02,0.000000000000000e+00,0.000000000000000e+00,0.000000000000000e+00,-1.000000000000000e+00,730 734 731
994,0,-1,0,20,20,4.079932231264037e-06,4.487428763734078e-02,2.775391121919521e-02,0.000000000000000e+00,0.000000000000000e+00,0.000000000000000e+00,-1.000000000000000e+00,736 738 737
995,0,-1,0,20,20,5.065829135136622e-06,4.217965696028595e-02,2.789121771664710e-02,0.000000000000000e+00,0.000000000000000e+00,0.000000000000000e+00,-1.000000000000000e+00,739 736 737
996,0,-1,0,20,20,3.295759134589115e-07,5.762301291520413e-02,5.256444107456349e-02,0.000000000000000e+00,0.000000000000000e+00,0.000000000000000e+00,-1.000000000000000e+00,740 742 741
997,0,-1,0,20,20,5.549406740694164e-07,5.685724668554896e-02,5.190819859400760e-02,0.000000000000000e+00,0.000000000000000e+00,0.000000000000000e+00,-1.000000000000000e+00,742 744 743
998,0,-1,0,20,20,3.865626143735405e-07,5.702506648254740e-02,5.216977468616900e-02,0.000000000000000e+00,0.000000000000000e+00,0.000000000000000e+00,-1.000000000000000e+00,742 743 741
999,0,-1,0,20,20,4.442975913198990e-06,3.685026427586854e-02,3.341864541139094e-02,0.000000000000000e+00,0.000000000000000e+00,0.000000000000000e+00,-1.000000000000000e+00,684 630 745
1000,0,-1,0,20,20,4.848855577369376e-06,3.672942126621811e-02,3.599571076372933e-02,0.000000000000000e+00,0.000000000000000e+00,0.000000000000000e+00,-1.000000000000000e+00,630 629 745
1001,0,-1,0,20,20,3.938515983089532e-06,4.146983868057554e-02,2.344865375059076e-02,0.000000000000000e+00,0.000000000000000e+00,0.000000000000000e+00,-1.000000000000000e+00,746 737 670
1002,0,-1,0,20,20,3.288100750696080e-06,4.358278234896263e-02,2.331893928176423e-02,0.000000000000000e+00,0.000000000000000e+00,0.000000000000000e+00,-1.000000000000000e+00,670 737 747
1003,0,-1,0,20,20,2.626628179729222e-06,4.531937951869253e-02,2.563394771425365e-02,0.000000000000000e+00,0.000000000000000e+00,0.000000000000000e+00,-1.000000000000000e+00,738 747 737
1004,0,-1,0,20,20,2.703388053858084e-06,4.400135359067829e-02,2.220864199473253e-02,0.000000000000000e+00,0.000000000000000e+00,0.000000000000000e+00,-1.000000000000000e+00,670 748 672
1005,0,-1,0,20,20,2.622966479000508e-06,4.410039413444795e-02,2.277171147814228e-02,0.000000000000000e+00,0.000000000000000e+00,0.000000000000000e+00,-1.000000000000000e+00,670 747 748
1006,0,-1,0,20,20,2.449949976039561e-07,7.264411058641793e-02,3.297226861420383e-02,0.000000000000000e+00,0.000000000000000e+00,0.000000000000000e+00,-1.000000000000000e+00,660 542 661
1007,0,-1,0,20,20,3.977114237613468e-07,5.878095907307442e-02,5.143145375047113e-02,0.000000000000000e+00,0.000000000000000e+00,0.000000000000000e+00,-1.000000000000000e+00,749 751 750
1008,0,-1,0,20,20,7.143256261283328e-07,6.190578152885456e-02,4.399447958423388e-02,0.000000000000000e+00,0.000000000000000e+00,0.000000000000000e+00,-1.000000000000000e+00,665 723 599
1009,0,-1,0,20,20,8.932619215698491e-07,6.974652811908710e-02,3.030784875343042e-02,0.000000000000000e+00,0.000000000000000e+00,0.000000000000000e+00,-1.000000000000000e+00,733 708 752
1010,0,-1,0,20,20,2.452478317498306e-07,7.136021835064844e-02,3.566640097430875e-02,0.000000000000000e+00,0.000000000000000e+00,0.000000000000000e+00,-1.000000000000000e+00,657 539 658
1011,0,-1,0,20,20,5.001183716072115e-07,6.134854218269668e-02,4.477402941064149e-02,0.000000000000000e+00,0.000000000000000e+00,0.000000000000000e+00,-1.000000000000000e+00,598 665 599
1012,0,-1,0,20,20,3.125894617241974e-07,5.846648162092982e-02,5.258012773644907e-02,0.000000000000000e+00,0.000000000000000e+00,0.000000000000000e+00,-1.000000000000000e+00,753 751 740
1013,0,-1,0,20,20,2.706006358326955e-07,7.085819447459965e-02,3.682325895523440e-02,0.000000000000000e+00,0.000000000000000e+00,0.000000000000000e+00,-1.000000000000000e+00,656 537 538
1014,0,-1,0,20,20,2.809598709737201e-06,4.590205561844459e-02,2.906922759644633e-02,0.000000000000000e+00,0.000000000000000e+00,0.000000000000000e+00,-1.000000000000000e+00,736 755 754
1015,0,-1,0,20,20,5.696194172771646e-07,6.459812544150720e-02,4.025873858457289e-02,0.000000000000000e+00,0.000000000000000e+00,0.000000000000000e+00,-1.000000000000000e+00,756 757 695
1016,0,-1,0,20,20,5.980518125942722e-07,6.529332030992566e-02,4.004463030792642e-02,0.000000000000000e+00,0.000000000000000e+00,0.000000000000000e+00,-1.000000000000000e+00,757 758 695
1017,0,-1,0,20,20,2.707517548487531e-07,7.038595834275957e-02,3.771794560174534e-02,0.000000000000000e+00,0.000000000000000e+00,0.000000000000000e+00,-1.000000000000000e+00,655 536 537
1018,0,-1,0,20,20,3.274758171857885e-06,6.202189039296833e-02,3.565042101460867e-02,0.000000000000000e+00,0.000000000000000e+00,0.000000000000000e+00,-1.000000000000000e+00,698 699 694
1019,0,-1,0,20,20,2.445104003429675e-07,7.344358204625899e-02,3.115028518924319e-02,0.000000000000000e+00,0.000000000000000e+00,0.000000000000000e+00,-1.000000000000000e+00,662 2 19
1020,0,-1,0,20,20,7.815770735495050e-07,6.425472668314790e-02,4.026797137366043e-02,0.000000000000000e+00,0.000000000000000e+00,0.000000000000000e+00,-1.000000000000000e+00,756 695 696
1021,0,-1,0,20,20,2.447000251204390e-07,6.949312584457598e-02,3.918019855073877e-02,0.000000000000000e+00,0.000000000000000e+00,0.000000000000000e+00,-1.000000000000000e+00,653 535 654
1022,0,-1,0,20,20,3.941979793903378e-07,7.285779177195176e-02,3.091055975578367e-02,0.000000000000000e+00,0.000000000000000e+00,0.000000000000000e+00,-1.000000000000000e+00,759 662 19
1023,0,-1,0,20,20,3.714841142903790e-07,7.284997064382637e-02,3.030366644474308e-02,0.000000000000000e+00,0.000000000000000e+00,0.000000000000000e+00,-1.000000000000000e+00,139 759 19
1024,0,-1,0,20,20,1.117652693475396e-06,6.201955472706594e-02,4.105256061203374e-02,0.000000000000000e+00,0.000000000000000e+00,0.000000000000000e+00,-1.000000000000000e+00,760 761 696
1025,0,-1,0,20,20,7.654672857008021e-07,6.330166412773099e-02,4.077530870487187e-02,0.000000000000000e+00,0.000000000000000e+00,0.000000000000000e+00,-1.000000000000000e+00,696 761 762
1026,0,-1,0,20,20,2.708912491689899e-07,7.324644975874912e-02,3.247100944744168e-02,0.000000000000000e+00,0.000000000000000e+00,0.000000000000000e+00,-1.000000000000000e+00,542 543 661
1027,0,-1,0,20,20,4.260557641534895e-07,5.806826281153570e-02,4.794544985998245e-02,0.000000000000000e+00,0.000000000000000e+00,0.000000000000000e+00,-1.000000000000000e+00,506 507 560
1028,0,-1,0,20,20,6.096091625240872e-07,6.403300100320777e-02,4.110031065837101e-02,0.000000000000000e+00,0.000000000000000e+00,0.000000000000000e+00,-1.000000000000000e+00,762 756 696
1029,0,-1,0,20,20,2.111531121504424e-06,5.430706580204352e-02,5.085062234714263e-02,0.000000000000000e+00,0.000000000000000e+00,0.000000000000000e+00,-1.000000000000000e+00,763 744 700
1030,0,-1,0,20,20,1.544234914185681e-06,5.549330137179245e-02,5.137673810572279e-02,0.000000000000000e+00,0.000000000000000e+00,0.000000000000000e+00,-1.000000000000000e+00,744 763 764
1031,0,-1,0,20,20,2.711586128638415e-07,7.367322429978169e-02,3.149069089256237e-02,0.000000000000000e+00,0.000000000000000e+00,0.000000000000000e+00,-1.000000000000000e+00,543 2 662
1032,0,-1,0,20,20,1.804004417331858e-06,5.380904714505267e-02,5.166050049178753e-02,0.000000000000000e+00,0.000000000000000e+00,0.000000000000000e+00,-1.000000000000000e+00,763 621 764
1033,0,-1,0,20,20,2.442878525919424e-06,5.382347810720093e-02,4.627566919994493e-02,0.000000000000000e+00,0.000000000000000e+00,0.000000000000000e+00,-1.000000000000000e+00,702 681 678
1034,0,-1,0,20,20,2.446087242635069e-07,6.358482561257088e-02,4.818040360862205e-02,0.000000000000000e+00,0.000000000000000e+00,0.000000000000000e+00,-1.000000000000000e+00,642 525 643
1035,0,-1,0,20,20,1.864341272311403e-06,5.555550835432775e-02,4.632092951844779e-02,0.000000000000000e+00,0.000000000000000e+00,0.000000000000000e+00,-1.000000000000000e+00,681 594 678
1036,0,-1,0,20,20,6.966066061437469e-07,5.667484790531934e-02,4.998100659176941e-02,0.000000000000000e+00,0.000000000000000e+00,0.000000000000000e+00,-1.000000000000000e+00,765 766 700
1037,0,-1,0,20,20,2.447000251204475e-07,6.246848240413690e-02,4.961856860852455e-02,0.000000000000000e+00,0.000000000000000e+00,0.000000000000000e+00,-1.000000000000000e+00,640 524 641
1038,0,-1,0,20,20,4.647754482554543e-07,6.090651480702305e-02,5.005833689891271e-02,0.000000000000000e+00,0.000000000000000e+00,0.000000000000000e+00,-1.000000000000000e+00,566 567 639
1039,0,-1,0,20,20,5.833861241290666e-07,5.743979282077401e-02,4.987151060728862e-02,0.000000000000000e+00,0.000000000000000e+00,0.000000000000000e+00,-1.000000000000000e+00,766 765 767
1040,0,-1,0,20,20,7.940604645626245e-07,5.778439058426106e-02,5.059888253089016e-02,0.000000000000000e+00,0.000000000000000e+00,0.000000000000000e+00,-1.000000000000000e+00,767 505 766
1041,0,-1,0,20,20,2.449317891523861e-07,6.184495826543338e-02,5.039377913040411e-02,0.000000000000000e+00,0.000000000000000e+00,0.000000000000000e+00,-1.000000000000000e+00,639 523 640
1042,0,-1,0,20,20,4.036155502372312e-07,5.791327660631957e-02,4.966799347675919e-02,0.000000000000000e+00,0.000000000000000e+00,0.000000000000000e+00,-1.000000000000000e+00,766 505 559
1043,0,-1,0,20,20,4.563658269767839e-07,6.227717390913270e-02,4.843162474542305e-02,0.000000000000000e+00,0.000000000000000e+00,0.000000000000000e+00,-1.000000000000000e+00,512 641 768
1044,0,-1,0,20,20,3.702628462676336e-07,6.291724228896983e-02,4.872917052771642e-02,0.000000000000000e+00,0.000000000000000e+00,0.000000000000000e+00,-1.000000000000000e+00,641 642 768
1045,0,-1,0,20,20,2.451003450987073e-07,6.121180156366521e-02,5.116114416350069e-02,0.000000000000000e+00,0.000000000000000e+00,0.000000000000000e+00,-1.000000000000000e+00,638 522 639
1046,0,-1,0,20,20,3.055762242854280e-07,5.724479569072714e-02,5.373708925494631e-02,0.000000000000000e+00,0.000000000000000e+00,0.000000000000000e+00,-1.000000000000000e+00,769 771 770
1047,0,-1,0,20,20,2.971239482486247e-07,5.794860989763496e-02,5.367375186593978e-02,0.000000000000000e+00,0.000000000000000e+00,0.000000000000000e+00,-1.000000000000000e+00,770 771 634
1048,0,-1,0,20,20,2.766845552563271e-07,6.257108709543034e-02,4.772154035751706e-02,0.000000000000000e+00,0.000000000000000e+00,0.000000000000000e+00,-1.000000000000000e+00,768 772 568
1049,0,-1,0,20,20,2.452056926877892e-07,6.056911115064682e-02,5.192054385022447e-02,0.000000000000000e+00,0.000000000000000e+00,0.000000000000000e+00,-1.000000000000000e+00,637 521 638
1050,0,-1,0,20,20,3.223215287998068e-07,6.252671639210278e-02,4.791689668984254e-02,0.000000000000000e+00,0.000000000000000e+00,0.000000000000000e+00,-1.000000000000000e+00,768 568 512
1051,0,-1,0,20,20,2.915066655899461e-06,4.857781628784287e-02,2.244922277311299e-02,0.000000000000000e+00,0.000000000000000e+00,0.000000000000000e+00,-1.000000000000000e+00,773 775 774
1052,0,-1,0,20,20,2.905259723083675e-06,4.082358207762246e-02,2.231615161019710e-02,0.000000000000000e+00,0.000000000000000e+00,0.000000000000000e+00,-1.000000000000000e+00,746 671 550
1053,0,-1,0,20,20,2.705192639819716e-07,6.048081235145853e-02,5.214319337911563e-02,0.000000000000000e+00,0.000000000000000e+00,0.000000000000000e+00,-1.000000000000000e+00,637 520 521
1054,0,-1,0,20,20,2.398600902591724e-06,4.790251286462125e-02,2.231335693435688e-02,0.000000000000000e+00,0.000000000000000e+00,0.000000000000000e+00,-1.000000000000000e+00,773 748 775
1055,0,-1,0,20,20,2.705076394277059e-07,5.981538402796927e-02,5.290521570093445e-02,0.000000000000000e+00,0.000000000000000e+00,0.000000000000000e+00,-1.000000000000000e+00,636 519 520
1056,0,-1,0,20,20,2.732732663219909e-06,4.583397860605811e-02,2.385483240863407e-02,0.000000000000000e+00,0.000000000000000e+00,0.000000000000000e+00,-1.000000000000000e+00,747 775 748
1057,0,-1,0,20,20,2.712632332902184e-07,6.936901961268428e-02,4.009065468145538e-02,0.000000000000000e+00,0.000000000000000e+00,0.000000000000000e+00,-1.000000000000000e+00,534 535 653
1058,0,-1,0,20,20,3.251087274765393e-07,6.336231225849678e-02,4.457434508597734e-02,0.000000000000000e+00,0.000000000000000e+00,0.000000000000000e+00,-1.000000000000000e+00,663 724 776
1059,0,-1,0,20,20,3.747734173481368e-07,5.901569792278992e-02,5.132835700538237e-02,0.000000000000000e+00,0.000000000000000e+00,0.000000000000000e+00,-1.000000000000000e+00,749 750 504
1060,0,-1,0,20,20,2.068855220019135e-07,5.901868057985586e-02,5.113281893256974e-02,0.000000000000000e+00,0.000000000000000e+00,0.000000000000000e+00,-1.000000000000000e+00,749 504 558
1061,0,-1,0,20,20,2.710617420235217e-07,6.875024688138001e-02,4.114379501251145e-02,0.000000000000000e+00,0.000000000000000e+00,0.000000000000000e+00,-1.000000000000000e+00,533 534 651
1062,0,-1,0,20,20,2.705657621886420e-07,7.220622717234687e-02,3.410423860392797e-02,0.000000000000000e+00,0.000000000000000e+00,0.000000000000000e+00,-1.000000000000000e+00,659 540 541
1063,0,-1,0,20,20,3.440758838303878e-06,4.135937296652890e-02,2.259970619021547e-02,0.000000000000000e+00,0.000000000000000e+00,0.000000000000000e+00,-1.000000000000000e+00,746 670 671
1064,0,-1,0,20,20,2.708176271853234e-07,6.819509125205582e-02,4.205755824783015e-02,0.000000000000000e+00,0.000000000000000e+00,0.000000000000000e+00,-1.000000000000000e+00,532 533 650
1065,0,-1,0,20,20,2.593649753097174e-06,6.269872846742697e-02,2.671279074372164e-02,0.000000000000000e+00,0.000000000000000e+00,0.000000000000000e+00,-1.000000000000000e+00,145 777 676
1066,0,-1,0,20,20,2.470922564919329e-06,5.952899755328585e-02,2.729525734356051e-02,0.000000000000000e+00,0.000000000000000e+00,0.000000000000000e+00,-1.000000000000000e+00,682 777 146
1067,0,-1,0,20,20,2.705657621886267e-07,5.914033487049750e-02,5.365872831724242e-02,0.000000000000000e+00,0.000000000000000e+00,0.000000000000000e+00,-1.000000000000000e+00,635 518 519
1068,0,-1,0,20,20,2.706432591627252e-07,6.762777721661335e-02,4.296382291301237e-02,0.000000000000000e+00,0.000000000000000e+00,0.000000000000000e+00,-1.000000000000000e+00,531 532 649
1069,0,-1,0,20,20,2.539449562879252e-07,6.221627628658275e-02,4.900410745532505e-02,0.000000000000000e+00,0.000000000000000e+00,0.000000000000000e+00,-1.000000000000000e+00,778 641 512
1070,0,-1,0,20,20,3.437621954974426e-06,5.300920250023294e-02,5.063042802536066e-02,0.000000000000000e+00,0.000000000000000e+00,0.000000000000000e+00,-1.000000000000000e+00,763 701 623
1071,0,-1,0,20,20,2.705076394277073e-07,7.188808832056356e-02,3.537653402002989e-02,0.000000000000000e+00,0.000000000000000e+00,0.000000000000000e+00,-1.000000000000000e+00,539 540 658
1072,0,-1,0,20,20,2.705386382367605e-07,6.704840615684575e-02,4.386242706299877e-02,0.000000000000000e+00,0.000000000000000e+00,0.000000000000000e+00,-1.000000000000000e+00,530 531 648
1073,0,-1,0,20,20,2.217052713808520e-06,5.287791004435478e-02,5.113581656151971e-02,0.000000000000000e+00,0.000000000000000e+00,0.000000000000000e+00,-1.000000000000000e+00,763 623 622
1074,0,-1,0,20,20,2.445104003429649e-07,5.651848262350865e-02,5.630311716959589e-02,0.000000000000000e+00,0.000000000000000e+00,0.000000000000000e+00,-1.000000000000000e+00,515 501 632
1075,0,-1,0,20,20,2.705037645760551e-07,6.645708161364658e-02,4.475321012463895e-02,0.000000000000000e+00,0.000000000000000e+00,0.000000000000000e+00,-1.000000000000000e+00,529 530 647
1076,0,-1,0,20,20,2.738550806889732e-06,4.493349941998260e-02,2.001466029417261e-02,0.000000000000000e+00,0.000000000000000e+00,0.000000000000000e+00,-1.000000000000000e+00,672 151 152
1077,0,-1,0,20,20,2.706936321710829e-07,5.845577393941063e-02,5.440360950287929e-02,0.000000000000000e+00,0.000000000000000e+00,0.000000000000000e+00,-1.000000000000000e+00,634 517 518
1078,0,-1,0,20,20,5.115681367103573e-07,5.821771454019164e-02,5.163891111140372e-02,0.000000000000000e+00,0.000000000000000e+00,0.000000000000000e+00,-1.000000000000000e+00,751 749 767
1079,0,-1,0,20,20,2.447843028974224e-07,5.721621689177953e-02,5.559395542532996e-02,0.000000000000000e+00,0.000000000000000e+00,0.000000000000000e+00,-1.000000000000000e+00,632 516 633
1080,0,-1,0,20,20,2.705386382367708e-07,6.585390926843016e-02,4.563601292550282e-02,0.000000000000000e+00,0.000000000000000e+00,0.000000000000000e+00,-1.000000000000000e+00,528 529 646
1081,0,-1,0,20,20,2.711586128638519e-07,5.688069319869565e-02,5.642619354231333e-02,0.000000000000000e+00,0.000000000000000e+00,0.000000000000000e+00,-1.000000000000000e+00,501 516 632
1082,0,-1,0,20,20,5.335861312045778e-07,5.797740593201969e-02,5.085221137028354e-02,0.000000000000000e+00,0.000000000000000e+00,0.000000000000000e+00,-1.000000000000000e+00,767 749 505
1083,0,-1,0,20,20,2.706432591627324e-07,6.523899692416674e-02,4.651067772243958e-02,0.000000000000000e+00,0.000000000000000e+00,0.000000000000000e+00,-1.000000000000000e+00,527 528 645
1084,0,-1,0,20,20,2.708176271853190e-07,6.461245448603668e-02,4.737704822988023e-02,0.000000000000000e+00,0.000000000000000e+00,0.000000000000000e+00,-1.000000000000000e+00,526 527 644
1085,0,-1,0,20,20,2.201476841834434e-06,4.298777473122483e-02,3.870940503791055e-02,0.000000000000000e+00,0.000000000000000e+00,0.000000000000000e+00,-1.000000000000000e+00,779 781 780
1086,0,-1,0,20,20,2.537290423320747e-06,4.423348413698615e-02,3.572273438382859e-02,0.000000000000000e+00,0.000000000000000e+00,0.000000000000000e+00,-1.000000000000000e+00,782 780 781
1087,0,-1,0,20,20,3.835335787863580e-06,4.634569630430267e-02,3.600764541565752e-02,0.000000000000000e+00,0.000000000000000e+00,0.000000000000000e+00,-1.000000000000000e+00,783 782 781
1088,0,-1,0,20,20,2.411062521550064e-06,4.721644236106835e-02,2.452582178462256e-02,0.000000000000000e+00,0.000000000000000e+00,0.000000000000000e+00,-1.000000000000000e+00,775 747 738
1089,0,-1,0,20,20,3.076643866174044e-06,4.778249081477132e-02,2.646682291059240e-02,0.000000000000000e+00,0.000000000000000e+00,0.000000000000000e+00,-1.000000000000000e+00,784 775 738
1090,0,-1,0,20,20,3.842435221254658e-06,4.855290978938280e-02,2.642399561004893e-02,0.000000000000000e+00,0.000000000000000e+00,0.000000000000000e+00,-1.000000000000000e+00,784 785 775
1091,0,-1,0,20,20,4.286245969604634e-06,4.877570819181027e-02,3.786596029052711e-02,0.000000000000000e+00,0.000000000000000e+00,0.000000000000000e+00,-1.000000000000000e+00,693 783 786
1092,0,-1,0,20,20,3.935489244048780e-06,4.674833369929775e-02,3.667977789457722e-02,0.000000000000000e+00,0.000000000000000e+00,0.000000000000000e+00,-1.000000000000000e+00,783 781 786
1093,0,-1,0,20,20,2.795925341549217e-06,5.280338184319940e-02,4.694120039535371e-02,0.000000000000000e+00,0.000000000000000e+00,0.000000000000000e+00,-1.000000000000000e+00,702 787 701
1094,0,-1,0,20,20,3.929749696733488e-06,5.081565990125848e-02,4.959697643691219e-02,0.000000000000000e+00,0.000000000000000e+00,0.000000000000000e+00,-1.000000000000000e+00,623 701 787
1095,0,-1,0,20,20,3.845048463820222e-06,5.033136381320811e-02,4.775752525155332e-02,0.000000000000000e+00,0.000000000000000e+00,0.000000000000000e+00,-1.000000000000000e+00,787 624 623
1096,0,-1,0,20,20,3.964343688962058e-06,4.215444909962934e-02,2.611140743897448e-02,0.000000000000000e+00,0.000000000000000e+00,0.000000000000000e+00,-1.000000000000000e+00,737 788 739
1097,0,-1,0,20,20,4.388119455832850e-06,4.205509173512275e-02,2.531909776402818e-02,0.000000000000000e+00,0.000000000000000e+00,0.000000000000000e+00,-1.000000000000000e+00,737 746 788
1098,0,-1,0,20,20,3.407106638841902e-07,6.425735285783753e-02,4.482268429354695e-02,0.000000000000000e+00,0.000000000000000e+00,0.000000000000000e+00,-1.000000000000000e+00,724 790 789
1099,0,-1,0,20,20,2.938946732149909e-07,6.408265121918948e-02,4.467818294899621e-02,0.000000000000000e+00,0.000000000000000e+00,0.000000000000000e+00,-1.000000000000000e+00,724 789 776
1100,0,-1,0,20,20,3.671479175558563e-07,6.514954117386694e-02,4.434656414198185e-02,0.000000000000000e+00,0.000000000000000e+00,0.000000000000000e+00,-1.000000000000000e+00,791 789 790
1101,0,-1,0,20,20,1.805101464254507e-06,3.939040739727461e-02,2.233103983627915e-02,0.000000000000000e+00,0.000000000000000e+00,0.000000000000000e+00,-1.000000000000000e+00,549 746 550
1102,0,-1,0,20,20,3.565809847548304e-07,6.508254604340510e-02,4.493187207284920e-02,0.000000000000000e+00,0.000000000000000e+00,0.000000000000000e+00,-1.000000000000000e+00,790 646 791
1103,0,-1,0,20,20,2.948052084039577e-07,6.346388522770517e-02,4.642134019850464e-02,0.000000000000000e+00,0.000000000000000e+00,0.000000000000000e+00,-1.000000000000000e+00,726 735 792
1104,0,-1,0,20,20,2.918031649229179e-07,6.312737526993717e-02,4.603093398508683e-02,0.000000000000000e+00,0.000000000000000e+00,0.000000000000000e+00,-1.000000000000000e+00,735 726 666
1105,0,-1,0,20,20,4.427965715485200e-07,5.701961618647886e-02,5.478718645136804e-02,0.000000000000000e+00,0.000000000000000e+00,0.000000000000000e+00,-1.000000000000000e+00,674 632 633
1106,0,-1,0,20,20,1.127988865305386e-06,6.863809339413655e-02,3.049796774930106e-02,0.000000000000000e+00,0.000000000000000e+00,0.000000000000000e+00,-1.000000000000000e+00,708 707 752
1107,0,-1,0,20,20,8.174072794120091e-07,6.927184444415457e-02,3.155595384072988e-02,0.000000000000000e+00,0.000000000000000e+00,0.000000000000000e+00,-1.000000000000000e+00,752 707 793
1108,0,-1,0,20,20,2.431386449416233e-06,3.474578572337132e-02,3.068049993630354e-02,0.000000000000000e+00,0.000000000000000e+00,0.000000000000000e+00,-1.000000000000000e+00,685 683 545
1109,0,-1,0,20,20,3.933962308042845e-06,3.728582974947585e-02,2.966945819141497e-02,0.000000000000000e+00,0.000000000000000e+00,0.000000000000000e+00,-1.000000000000000e+00,683 795 794
1110,0,-1,0,20,20,5.181233084939768e-07,5.902881902044603e-02,3.231354129979871e-02,0.000000000000000e+00,0.000000000000000e+00,0.000000000000000e+00,-1.000000000000000e+00,668 612 611
1111,0,-1,0,20,20,2.117395753349967e-06,3.607322443584381e-02,2.930323680728590e-02,0.000000000000000e+00,0.000000000000000e+00,0.000000000000000e+00,-1.000000000000000e+00,683 546 545
1112,0,-1,0,20,20,2.847494171083655e-06,3.621980184363260e-02,2.784888464787093e-02,0.000000000000000e+00,0.000000000000000e+00,0.000000000000000e+00,-1.000000000000000e+00,546 683 794
1113,0,-1,0,20,20,2.669314512641339e-07,5.617460696852408e-02,5.535842900580917e-02,0.000000000000000e+00,0.000000000000000e+00,0.000000000000000e+00,-1.000000000000000e+00,675 673 618
1114,0,-1,0,20,20,3.635185364690209e-07,5.569916987673202e-02,5.497538941802184e-02,0.000000000000000e+00,0.000000000000000e+00,0.000000000000000e+00,-1.000000000000000e+00,673 619 618
1115,0,-1,0,20,20,4.553409410307317e-07,6.955317017772149e-02,3.584786281617191e-02,0.000000000000000e+00,0.000000000000000e+00,0.000000000000000e+00,-1.000000000000000e+00,796 797 703
1116,0,-1,0,20,20,4.031672382046347e-06,3.571517317671255e-02,3.510511574726315e-02,0.000000000000000e+00,0.000000000000000e+00,0.000000000000000e+00,-1.000000000000000e+00,630 684 631
1117,0,-1,0,20,20,2.785564234586761e-06,4.744619413918918e-02,4.170370367765235e-02,0.000000000000000e+00,0.000000000000000e+00,0.000000000000000e+00,-1.000000000000000e+00,798 692 786
1118,0,-1,0,20,20,4.297070605282484e-06,4.664512846544321e-02,4.001698367094989e-02,0.000000000000000e+00,0.000000000000000e+00,0.000000000000000e+00,-1.000000000000000e+00,786 799 798
1119,0,-1,0,20,20,4.128735034550786e-07,6.470060445579924e-02,4.402334346495042e-02,0.000000000000000e+00,0.000000000000000e+00,0.000000000000000e+00,-1.000000000000000e+00,789 791 800
1120,0,-1,0,20,20,4.114554846941212e-07,6.560249767811860e-02,4.353996203216269e-02,0.000000000000000e+00,0.000000000000000e+00,0.000000000000000e+00,-1.000000000000000e+00,801 800 791
1121,0,-1,0,20,20,5.133005678719212e-07,7.141145686390832e-02,3.292928820578536e-02,0.000000000000000e+00,0.000000000000000e+00,0.000000000000000e+00,-1.000000000000000e+00,802 728 803
1122,0,-1,0,20,20,4.544256885871620e-07,7.083116213611675e-02,3.313772721968424e-02,0.000000000000000e+00,0.000000000000000e+00,0.000000000000000e+00,-1.000000000000000e+00,803 804 802
1123,0,-1,0,20,20,3.292361111021452e-06,5.211465031311739e-02,4.371037962265578e-02,0.000000000000000e+00,0.000000000000000e+00,0.000000000000000e+00,-1.000000000000000e+00,805 705 806
1124,0,-1,0,20,20,4.535674443617363e-07,7.000460425893373e-02,3.656871432114622e-02,0.000000000000000e+00,0.000000000000000e+00,0.000000000000000e+00,-1.000000000000000e+00,797 656 703
1125,0,-1,0,20,20,2.636015027702762e-06,5.328867419634958e-02,4.588141723952496e-02,0.000000000000000e+00,0.000000000000000e+00,0.000000000000000e+00,-1.000000000000000e+00,702 678 805
1126,0,-1,0,20,20,2.830531062674300e-06,5.205376058361941e-02,4.515878143474467e-02,0.000000000000000e+00,0.000000000000000e+00,0.000000000000000e+00,-1.000000000000000e+00,805 787 702
1127,0,-1,0,20,20,4.602881367771632e-06,4.863015349893941e-02,4.555000438100671e-02,0.000000000000000e+00,0.000000000000000e+00,0.000000000000000e+00,-1.000000000000000e+00,807 625 624
1128,0,-1,0,20,20,3.800247896663423e-06,4.882520326702763e-02,4.754671018010712e-02,0.000000000000000e+00,0.000000000000000e+00,0.000000000000000e+00,-1.000000000000000e+00,624 787 807
1129,0,-1,0,20,20,4.097352910737497e-07,6.882672176076370e-02,3.682254170414365e-02,0.000000000000000e+00,0.000000000000000e+00,0.000000000000000e+00,-1.000000000000000e+00,718 719 808
1130,0,-1,0,20,20,4.952911816783574e-06,4.503120864600969e-02,3.420986981561303e-02,0.000000000000000e+00,0.000000000000000e+00,0.000000000000000e+00,-1.000000000000000e+00,782 689 809
1131,0,-1,0,20,20,2.049884453977200e-06,4.256763049672707e-02,3.753789619882712e-02,0.000000000000000e+00,0.000000000000000e+00,0.000000000000000e+00,-1.000000000000000e+00,780 810 779
1132,0,-1,0,20,20,2.213002665016898e-06,4.058972259746305e-02,3.961870093004905e-02,0.000000000000000e+00,0.000000000000000e+00,0.000000000000000e+00,-1.000000000000000e+00,628 779 810
1133,0,-1,0,20,20,2.758887304425604e-07,6.284981436319610e-02,4.624842781056849e-02,0.000000000000000e+00,0.000000000000000e+00,0.000000000000000e+00,-1.000000000000000e+00,735 811 792
1134,0,-1,0,20,20,4.508922895821935e-06,4.999723768278150e-02,4.251841313983788e-02,0.000000000000000e+00,0.000000000000000e+00,0.000000000000000e+00,-1.000000000000000e+00,806 798 807
1135,0,-1,0,20,20,3.253525779713295e-06,4.885915730606778e-02,4.102879484550268e-02,0.000000000000000e+00,0.000000000000000e+00,0.000000000000000e+00,-1.000000000000000e+00,692 798 806
1136,0,-1,0,20,20,3.612246170263541e-06,5.033913309088379e-02,2.505650287333395e-02,0.000000000000000e+00,0.000000000000000e+00,0.000000000000000e+00,-1.000000000000000e+00,785 774 775
1137,0,-1,0,20,20,2.315629890362674e-06,4.883955803962170e-02,2.186898609583256e-02,0.000000000000000e+00,0.000000000000000e+00,0.000000000000000e+00,-1.000000000000000e+00,773 774 150
1138,0,-1,0,20,20,2.737389461161691e-07,6.242387054917387e-02,4.700587490489380e-02,0.000000000000000e+00,0.000000000000000e+00,0.000000000000000e+00,-1.000000000000000e+00,772 792 811
1139,0,-1,0,20,20,2.431938718331379e-07,6.188626803267371e-02,4.690628110660359e-02,0.000000000000000e+00,0.000000000000000e+00,0.000000000000000e+00,-1.000000000000000e+00,514 772 811
1140,0,-1,0,20,20,3.175533867677007e-07,6.465359261990511e-02,4.513961242969058e-02,0.000000000000000e+00,0.000000000000000e+00,0.000000000000000e+00,-1.000000000000000e+00,790 724 725
1141,0,-1,0,20,20,3.539928371109201e-07,6.449674386884130e-02,4.565125319778052e-02,0.000000000000000e+00,0.000000000000000e+00,0.000000000000000e+00,-1.000000000000000e+00,725 645 790
1142,0,-1,0,20,20,3.520405433786943e-06,4.492489717305645e-02,4.013629458580247e-02,0.000000000000000e+00,0.000000000000000e+00,0.000000000000000e+00,-1.000000000000000e+00,799 786 781
1143,0,-1,0,20,20,3.032710470087759e-06,4.438316591049526e-02,3.854973135305952e-02,0.000000000000000e+00,0.000000000000000e+00,0.000000000000000e+00,-1.000000000000000e+00,781 779 799
1144,0,-1,0,20,20,3.062732574975331e-06,4.255752048495030e-02,4.147281630529555e-02,0.000000000000000e+00,0.000000000000000e+00,0.000000000000000e+00,-1.000000000000000e+00,627 799 779
1145,0,-1,0,20,20,3.481873960344102e-07,7.265505528173573e-02,3.110448093621278e-02,0.000000000000000e+00,0.000000000000000e+00,0.000000000000000e+00,-1.000000000000000e+00,759 729 662
1146,0,-1,0,20,20,3.461644263431207e-07,7.304891979582442e-02,3.159435045795465e-02,0.000000000000000e+00,0.000000000000000e+00,0.000000000000000e+00,-1.000000000000000e+00,662 729 661
1147,0,-1,0,20,20,4.475759274782072e-07,7.065481820913759e-02,3.268676827773512e-02,0.000000000000000e+00,0.000000000000000e+00,0.000000000000000e+00,-1.000000000000000e+00,803 728 732
1148,0,-1,0,20,20,4.846381203925541e-06,4.685570416574297e-02,4.542605314893113e-02,0.000000000000000e+00,0.000000000000000e+00,0.000000000000000e+00,-1.000000000000000e+00,625 807 798
1149,0,-1,0,20,20,3.767051959394084e-07,7.162098251603247e-02,3.338604226751935e-02,0.000000000000000e+00,0.000000000000000e+00,0.000000000000000e+00,-1.000000000000000e+00,802 804 659
1150,0,-1,0,20,20,4.845220142354769e-06,4.660688300233483e-02,4.336456599365450e-02,0.000000000000000e+00,0.000000000000000e+00,0.000000000000000e+00,-1.000000000000000e+00,798 626 625
1151,0,-1,0,20,20,3.077305017944155e-06,5.039445392147960e-02,2.910813423828368e-02,0.000000000000000e+00,0.000000000000000e+00,0.000000000000000e+00,-1.000000000000000e+00,669 754 688
1152,0,-1,0,20,20,2.120154976642713e-06,4.771067535734749e-02,3.063161735778272e-02,0.000000000000000e+00,0.000000000000000e+00,0.000000000000000e+00,-1.000000000000000e+00,755 688 754
1153,0,-1,0,20,20,4.502042556806422e-07,6.240337497448208e-02,4.419666456874041e-02,0.000000000000000e+00,0.000000000000000e+00,0.000000000000000e+00,-1.000000000000000e+00,665 663 812
1154,0,-1,0,20,20,3.194162799040112e-07,6.314642896821047e-02,4.388607567036089e-02,0.000000000000000e+00,0.000000000000000e+00,0.000000000000000e+00,-1.000000000000000e+00,812 663 776
1155,0,-1,0,20,20,3.256223156376814e-06,5.315194220343433e-02,4.183729311819946e-02,0.000000000000000e+00,0.000000000000000e+00,0.000000000000000e+00,-1.000000000000000e+00,705 706 806
1156,0,-1,0,20,20,3.906717706879489e-06,4.930155275848663e-02,3.728265436360181e-02,0.000000000000000e+00,0.000000000000000e+00,0.000000000000000e+00,-1.000000000000000e+00,693 713 783
1157,0,-1,0,20,20,3.538670020406336e-07,7.150171725009498e-02,3.231259647509086e-02,0.000000000000000e+00,0.000000000000000e+00,0.000000000000000e+00,-1.000000000000000e+00,728 802 727
1158,0,-1,0,20,20,2.827788088164318e-07,7.227967833249692e-02,3.306752003411637e-02,0.000000000000000e+00,0.000000000000000e+00,0.000000000000000e+00,-1.000000000000000e+00,660 727 802
1159,0,-1,0,20,20,2.775262127705737e-06,5.265834693582121e-02,4.020364223469571e-02,0.000000000000000e+00,0.000000000000000e+00,0.000000000000000e+00,-1.000000000000000e+00,706 691 806
1160,0,-1,0,20,20,3.867079546152633e-07,5.868309748960052e-02,5.248633225140020e-02,0.000000000000000e+00,0.000000000000000e+00,0.000000000000000e+00,-1.000000000000000e+00,753 750 751
1161,0,-1,0,20,20,3.843681322728830e-07,5.921954670221593e-02,5.225342834812852e-02,0.000000000000000e+00,0.000000000000000e+00,0.000000000000000e+00,-1.000000000000000e+00,750 753 636
1162,0,-1,0,20,20,3.495405081667576e-06,4.733607557392883e-02,2.714252753014671e-02,0.000000000000000e+00,0.000000000000000e+00,0.000000000000000e+00,-1.000000000000000e+00,784 738 736
1163,0,-1,0,20,20,3.847149536158001e-07,6.449180072709416e-02,4.388984195661528e-02,0.000000000000000e+00,0.000000000000000e+00,0.000000000000000e+00,-1.000000000000000e+00,789 800 813
1164,0,-1,0,20,20,3.786642862545375e-07,6.274262481552313e-02,4.598542860462091e-02,0.000000000000000e+00,0.000000000000000e+00,0.000000000000000e+00,-1.000000000000000e+00,735 664 811
1165,0,-1,0,20,20,3.633181007566104e-07,6.581627655186062e-02,4.370530853812476e-02,0.000000000000000e+00,0.000000000000000e+00,0.000000000000000e+00,-1.000000000000000e+00,801 791 647
1166,0,-1,0,20,20,4.894144554973905e-07,6.216918531365120e-02,4.614227926299665e-02,0.000000000000000e+00,0.000000000000000e+00,0.000000000000000e+00,-1.000000000000000e+00,811 664 597
1167,0,-1,0,20,20,2.979266432708082e-07,6.286605892839538e-02,4.708490030258406e-02,0.000000000000000e+00,0.000000000000000e+00,0.000000000000000e+00,-1.000000000000000e+00,792 772 768
1168,0,-1,0,20,20,3.147217157427604e-06,5.356065238407500e-02,4.295406326341894e-02,0.000000000000000e+00,0.000000000000000e+00,0.000000000000000e+00,-1.000000000000000e+00,705 805 678
1169,0,-1,0,20,20,2.970311474108247e-06,4.899095168774373e-02,3.140913873436544e-02,0.000000000000000e+00,0.000000000000000e+00,0.000000000000000e+00,-1.000000000000000e+00,688 755 689
1170,0,-1,0,20,20,1.074583547501692e-06,5.429085868379100e-02,4.209594765829188e-02,0.000000000000000e+00,0.000000000000000e+00,0.000000000000000e+00,-1.000000000000000e+00,705 591 590
1171,0,-1,0,20,20,3.171106359966400e-06,4.572021195654119e-02,3.193801797550280e-02,0.000000000000000e+00,0.000000000000000e+00,0.000000000000000e+00,-1.000000000000000e+00,809 689 755
1172,0,-1,0,20,20,4.789296983692565e-07,7.062037137333339e-02,3.328140872432765e-02,0.000000000000000e+00,0.000000000000000e+00,0.000000000000000e+00,-1.000000000000000e+00,803 814 804
1173,0,-1,0,20,20,5.060782692662243e-07,6.154957729586941e-02,4.494646116512797e-02,0.000000000000000e+00,0.000000000000000e+00,0.000000000000000e+00,-1.000000000000000e+00,598 664 665
1174,0,-1,0,20,20,4.040945322928580e-07,5.888583753683781e-02,5.285780826049726e-02,0.000000000000000e+00,0.000000000000000e+00,0.000000000000000e+00,-1.000000000000000e+00,753 635 636
1175,0,-1,0,20,20,6.644555221764082e-07,7.042006146007748e-02,3.103060869703055e-02,0.000000000000000e+00,0.000000000000000e+00,0.000000000000000e+00,-1.000000000000000e+00,731 733 752
1176,0,-1,0,20,20,5.152057427453944e-07,7.046379077302688e-02,3.132406791813157e-02,0.000000000000000e+00,0.000000000000000e+00,0.000000000000000e+00,-1.000000000000000e+00,731 752 732
1177,0,-1,0,20,20,3.647999258765091e-06,5.074913921260206e-02,4.281339803948864e-02,0.000000000000000e+00,0.000000000000000e+00,0.000000000000000e+00,-1.000000000000000e+00,806 807 805
1178,0,-1,0,20,20,2.141840017865835e-06,6.179756230411656e-02,4.052161635854555e-02,0.000000000000000e+00,0.000000000000000e+00,0.000000000000000e+00,-1.000000000000000e+00,760 696 694
1179,0,-1,0,20,20,1.842379642895956e-06,6.057803863785035e-02,4.009905417064752e-02,0.000000000000000e+00,0.000000000000000e+00,0.000000000000000e+00,-1.000000000000000e+00,603 760 694
1180,0,-1,0,20,20,1.464131520190033e-06,6.464823530639713e-02,3.878965056986597e-02,0.000000000000000e+00,0.000000000000000e+00,0.000000000000000e+00,-1.000000000000000e+00,695 815 697
1181,0,-1,0,20,20,4.036780613073508e-07,5.687547515474607e-02,5.349097471904498e-02,0.000000000000000e+00,0.000000000000000e+00,0.000000000000000e+00,-1.000000000000000e+00,769 741 816
1182,0,-1,0,20,20,3.898777389186201e-07,5.671589850133023e-02,5.366500205159015e-02,0.000000000000000e+00,0.000000000000000e+00,0.000000000000000e+00,-1.000000000000000e+00,769 816 817
1183,0,-1,0,20,20,3.678882100017085e-07,5.720600408667857e-02,5.309134992308578e-02,0.000000000000000e+00,0.000000000000000e+00,0.000000000000000e+00,-1.000000000000000e+00,741 769 770
1184,0,-1,0,20,20,9.177692627502950e-07,6.568558022220991e-02,3.811453430253198e-02,0.000000000000000e+00,0.000000000000000e+00,0.000000000000000e+00,-1.000000000000000e+00,815 818 697
1185,0,-1,0,20,20,2.805196555042730e-06,5.382828443774892e-02,5.048502332474133e-02,0.000000000000000e+00,0.000000000000000e+00,0.000000000000000e+00,-1.000000000000000e+00,763 700 701
1186,0,-1,0,20,20,6.999807529736684e-07,5.586659281844059e-02,4.654355058338123e-02,0.000000000000000e+00,0.000000000000000e+00,0.000000000000000e+00,-1.000000000000000e+00,681 595 594
1187,0,-1,0,20,20,3.424453759435040e-06,6.221257813124811e-02,3.148038898570032e-02,0.000000000000000e+00,0.000000000000000e+00,0.000000000000000e+00,-1.000000000000000e+00,677 679 676
1188,0,-1,0,20,20,4.310988723753530e-06,5.959885016790026e-02,2.847419187611703e-02,0.000000000000000e+00,0.000000000000000e+00,0.000000000000000e+00,-1.000000000000000e+00,682 667 676
1189,0,-1,0,20,20,4.200580192090727e-06,6.357019815785975e-02,2.887677330095987e-02,0.000000000000000e+00,0.000000000000000e+00,0.000000000000000e+00,-1.000000000000000e+00,676 680 144
1190,0,-1,0,20,20,2.971765021297480e-07,5.591154462506654e-02,5.416955805588797e-02,0.000000000000000e+00,0.000000000000000e+00,0.000000000000000e+00,-1.000000000000000e+00,817 819 673
1191,0,-1,0,20,20,2.803300357663368e-07,5.532011355356533e-02,5.448384487989338e-02,0.000000000000000e+00,0.000000000000000e+00,0.000000000000000e+00,-1.000000000000000e+00,819 619 673
1192,0,-1,0,20,20,4.756027317215844e-07,6.835776676606785e-02,3.583508222618666e-02,0.000000000000000e+00,0.000000000000000e+00,0.000000000000000e+00,-1.000000000000000e+00,820 720 718
1193,0,-1,0,20,20,4.489040985691333e-07,6.911594839284194e-02,3.579050338563509e-02,0.000000000000000e+00,0.000000000000000e+00,0.000000000000000e+00,-1.000000000000000e+00,796 820 718
1194,0,-1,0,20,20,2.452500731859637e-06,5.959278509332238e-02,2.496816985422752e-02,0.000000000000000e+00,0.000000000000000e+00,0.000000000000000e+00,-1.000000000000000e+00,146 147 690
1195,0,-1,0,20,20,3.852231218804568e-07,6.391646966105796e-02,4.633659400927899e-02,0.000000000000000e+00,0.000000000000000e+00,0.000000000000000e+00,-1.000000000000000e+00,726 644 725
1196,0,-1,0,20,20,3.437061959707432e-06,6.069097217910181e-02,3.390178385177512e-02,0.000000000000000e+00,0.000000000000000e+00,0.000000000000000e+00,-1.000000000000000e+00,721 698 677
1197,0,-1,0,20,20,2.362118192783073e-06,6.061231054307187e-02,3.563177504295604e-02,0.000000000000000e+00,0.000000000000000e+00,0.000000000000000e+00,-1.000000000000000e+00,699 698 721
1198,0,-1,0,20,20,1.204916821637900e-06,6.006930118407246e-02,3.572097322280552e-02,0.000000000000000e+00,0.000000000000000e+00,0.000000000000000e+00,-1.000000000000000e+00,699 721 608
1199,0,-1,0,20,20,5.959627777962536e-07,5.521572015613155e-02,5.273909110742101e-02,0.000000000000000e+00,0.000000000000000e+00,0.000000000000000e+00,-1.000000000000000e+00,764 821 816
1200,0,-1,0,20,20,4.928285622139747e-07,5.541348495319376e-02,5.254394694956353e-02,0.000000000000000e+00,0.000000000000000e+00,0.000000000000000e+00,-1.000000000000000e+00,764 816 743
1201,0,-1,0,20,20,2.891335032993304e-07,6.391252099264245e-02,4.401458983236779e-02,0.000000000000000e+00,0.000000000000000e+00,0.000000000000000e+00,-1.000000000000000e+00,776 789 813
1202,0,-1,0,20,20,3.387908679779858e-07,6.368013146581149e-02,4.393852132294214e-02,0.000000000000000e+00,0.000000000000000e+00,0.000000000000000e+00,-1.000000000000000e+00,776 813 812
1203,0,-1,0,20,20,6.409717473073428e-07,5.914730752390350e-02,3.512906636308481e-02,0.000000000000000e+00,0.000000000000000e+00,0.000000000000000e+00,-1.000000000000000e+00,608 721 609
1204,0,-1,0,20,20,2.644704351618675e-07,7.219357691525320e-02,3.047117152018207e-02,0.000000000000000e+00,0.000000000000000e+00,0.000000000000000e+00,-1.000000000000000e+00,722 759 139
1205,0,-1,0,20,20,2.838383558663141e-07,7.202177581773933e-02,3.062724530394240e-02,0.000000000000000e+00,0.000000000000000e+00,0.000000000000000e+00,-1.000000000000000e+00,722 730 759
1206,0,-1,0,20,20,3.807541982765247e-07,7.226237342264005e-02,3.151648084763110e-02,0.000000000000000e+00,0.000000000000000e+00,0.000000000000000e+00,-1.000000000000000e+00,729 759 730
1207,0,-1,0,20,20,2.928473718179727e-06,5.298458797886806e-02,3.947819162492244e-02,0.000000000000000e+00,0.000000000000000e+00,0.000000000000000e+00,-1.000000000000000e+00,706 822 691
1208,0,-1,0,20,20,9.381675316880541e-07,6.978244024130571e-02,2.993252319552500e-02,0.000000000000000e+00,0.000000000000000e+00,0.000000000000000e+00,-1.000000000000000e+00,733 142 708
1209,0,-1,0,20,20,1.324043900869828e-06,6.927397985903214e-02,2.894514139549235e-02,0.000000000000000e+00,0.000000000000000e+00,0.000000000000000e+00,-1.000000000000000e+00,142 143 708
1210,0,-1,0,20,20,3.262665663049182e-06,5.113815317604666e-02,3.904033700266984e-02,0.000000000000000e+00,0.000000000000000e+00,0.000000000000000e+00,-1.000000000000000e+00,691 822 693
1211,0,-1,0,20,20,8.943426828785698e-07,6.032562608184539e-02,3.983243726008623e-02,0.000000000000000e+00,0.000000000000000e+00,0.000000000000000e+00,-1.000000000000000e+00,603 694 604
1212,0,-1,0,20,20,3.233215387936836e-06,6.472225212504730e-02,3.505983158565262e-02,0.000000000000000e+00,0.000000000000000e+00,0.000000000000000e+00,-1.000000000000000e+00,823 698 697
1213,0,-1,0,20,20,1.927933982715636e-06,6.497982913331496e-02,3.656151994844973e-02,0.000000000000000e+00,0.000000000000000e+00,0.000000000000000e+00,-1.000000000000000e+00,697 824 823
1214,0,-1,0,20,20,5.482363278004112e-07,6.301240436562353e-02,4.764362341692603e-02,0.000000000000000e+00,0.000000000000000e+00,0.000000000000000e+00,-1.000000000000000e+00,768 643 792
1215,0,-1,0,20,20,2.999784752369997e-06,5.248896306123772e-02,3.541063018319024e-02,0.000000000000000e+00,0.000000000000000e+00,0.000000000000000e+00,-1.000000000000000e+00,714 713 822
1216,0,-1,0,20,20,3.891483277414854e-06,5.197317447900485e-02,3.716300347860171e-02,0.000000000000000e+00,0.000000000000000e+00,0.000000000000000e+00,-1.000000000000000e+00,822 713 693
1217,0,-1,0,20,20,1.723889665599412e-06,5.310344959382871e-02,3.542057342304277e-02,0.000000000000000e+00,0.000000000000000e+00,0.000000000000000e+00,-1.000000000000000e+00,714 822 584
1218,0,-1,0,20,20,2.559524556562193e-06,6.461959393128995e-02,3.264238437276001e-02,0.000000000000000e+00,0.000000000000000e+00,0.000000000000000e+00,-1.000000000000000e+00,679 823 716
1219,0,-1,0,20,20,3.558293073079368e-06,6.464002858954968e-02,3.429655039018902e-02,0.000000000000000e+00,0.000000000000000e+00,0.000000000000000e+00,-1.000000000000000e+00,823 679 698
1220,0,-1,0,20,20,4.496905961757532e-07,6.363133589436872e-02,4.664014077281263e-02,0.000000000000000e+00,0.000000000000000e+00,0.000000000000000e+00,-1.000000000000000e+00,726 792 643
1221,0,-1,0,20,20,4.431968874635767e-07,6.436211538556924e-02,4.676516006585965e-02,0.000000000000000e+00,0.000000000000000e+00,0.000000000000000e+00,-1.000000000000000e+00,644 726 643
1222,0,-1,0,20,20,8.330869186476028e-07,5.605781084735256e-02,5.076334810758126e-02,0.000000000000000e+00,0.000000000000000e+00,0.000000000000000e+00,-1.000000000000000e+00,744 765 700
1223,0,-1,0,20,20,1.499155197897076e-06,5.615873562556399e-02,4.921368206197486e-02,0.000000000000000e+00,0.000000000000000e+00,0.000000000000000e+00,-1.000000000000000e+00,700 766 507
1224,0,-1,0,20,20,2.671985625747799e-06,5.107643824214564e-02,2.504252742538077e-02,0.000000000000000e+00,0.000000000000000e+00,0.000000000000000e+00,-1.000000000000000e+00,785 562 774
1225,0,-1,0,20,20,1.328577027212160e-06,5.213460363956021e-02,2.303544762848499e-02,0.000000000000000e+00,0.000000000000000e+00,0.000000000000000e+00,-1.000000000000000e+00,510 774 562
1226,0,-1,0,20,20,8.835491290862884e-07,5.336539586759322e-02,3.694276994113257e-02,0.000000000000000e+00,0.000000000000000e+00,0.000000000000000e+00,-1.000000000000000e+00,822 585 584
1227,0,-1,0,20,20,4.208485637876475e-07,5.948225043690768e-02,5.215007597561516e-02,0.000000000000000e+00,0.000000000000000e+00,0.000000000000000e+00,-1.000000000000000e+00,750 636 637
1228,0,-1,0,20,20,4.428329400052675e-07,5.974945788048279e-02,5.149284365586787e-02,0.000000000000000e+00,0.000000000000000e+00,0.000000000000000e+00,-1.000000000000000e+00,504 750 637
1229,0,-1,0,20,20,1.590936155025433e-06,5.319893588927452e-02,5.280500958437383e-02,0.000000000000000e+00,0.000000000000000e+00,0.000000000000000e+00,-1.000000000000000e+00,621 763 622
1230,0,-1,0,20,20,2.659435117999831e-06,4.767240373310096e-02,3.925326797261790e-02,0.000000000000000e+00,0.000000000000000e+00,0.000000000000000e+00,-1.000000000000000e+00,786 692 693
1231,0,-1,0,20,20,3.698050847014766e-06,4.241846286237982e-02,1.946432232667594e-02,0.000000000000000e+00,0.000000000000000e+00,0.000000000000000e+00,-1.000000000000000e+00,671 152 4
1232,0,-1,0,20,20,2.023505035011670e-06,4.235159047942792e-02,3.700420551928348e-02,0.000000000000000e+00,0.000000000000000e+00,0.000000000000000e+00,-1.000000000000000e+00,780 825 810
1233,0,-1,0,20,20,3.249438289265821e-06,4.053554658141522e-02,3.769337596462980e-02,0.000000000000000e+00,0.000000000000000e+00,0.000000000000000e+00,-1.000000000000000e+00,810 825 629
1234,0,-1,0,20,20,1.743450734183355e-06,4.112623994706607e-02,1.892630162452656e-02,0.000000000000000e+00,0.000000000000000e+00,0.000000000000000e+00,-1.000000000000000e+00,551 671 4
1235,0,-1,0,20,20,3.456429145905287e-06,6.220979288452980e-02,3.239304604670360e-02,0.000000000000000e+00,0.000000000000000e+00,0.000000000000000e+00,-1.000000000000000e+00,677 698 679
1236,0,-1,0,20,20,8.943426828785668e-07,6.013753419996127e-02,3.902511500354058e-02,0.000000000000000e+00,0.000000000000000e+00,0.000000000000000e+00,-1.000000000000000e+00,604 694 605
1237,0,-1,0,20,20,1.762506971438627e-06,5.992730204471935e-02,3.736176025065670e-02,0.000000000000000e+00,0.000000000000000e+00,0.000000000000000e+00,-1.000000000000000e+00,606 694 699
1238,0,-1,0,20,20,2.964680343560007e-06,6.102912116018096e-02,2.741931583049404e-02,0.000000000000000e+00,0.000000000000000e+00,0.000000000000000e+00,-1.000000000000000e+00,777 682 676
1239,0,-1,0,20,20,6.702810529562681e-07,6.211118201331312e-02,4.320842821170395e-02,0.000000000000000e+00,0.000000000000000e+00,0.000000000000000e+00,-1.000000000000000e+00,723 665 812
1240,0,-1,0,20,20,5.382968164671897e-07,6.228148548477848e-02,4.299111921033635e-02,0.000000000000000e+00,0.000000000000000e+00,0.000000000000000e+00,-1.000000000000000e+00,723 812 826
1241,0,-1,0,20,20,2.588780672764411e-06,4.945996567592958e-02,4.058045619488834e-02,0.000000000000000e+00,0.000000000000000e+00,0.000000000000000e+00,-1.000000000000000e+00,692 806 691
1242,0,-1,0,20,20,2.773436634537975e-06,6.661748700630465e-02,3.215183292636834e-02,0.000000000000000e+00,0.000000000000000e+00,0.000000000000000e+00,-1.000000000000000e+00,716 707 680
1243,0,-1,0,20,20,3.794074009462379e-06,4.683563411663218e-02,3.529669410379262e-02,0.000000000000000e+00,0.000000000000000e+00,0.000000000000000e+00,-1.000000000000000e+00,783 689 782
1244,0,-1,0,20,20,4.614041092712947e-06,4.888544016413560e-02,3.359417780947831e-02,0.000000000000000e+00,0.000000000000000e+00,0.000000000000000e+00,-1.000000000000000e+00,689 713 687
1245,0,-1,0,20,20,3.966688516247182e-06,4.776411607830364e-02,3.538552065578703e-02,0.000000000000000e+00,0.000000000000000e+00,0.000000000000000e+00,-1.000000000000000e+00,783 713 689
1246,0,-1,0,20,20,3.271795722661746e-07,5.625024511497548e-02,5.559773010402996e-02,0.000000000000000e+00,0.000000000000000e+00,0.000000000000000e+00,-1.000000000000000e+00,675 618 515
1247,0,-1,0,20,20,3.276893302259580e-06,3.955045680188310e-02,2.520760599881093e-02,0.000000000000000e+00,0.000000000000000e+00,0.000000000000000e+00,-1.000000000000000e+00,788 746 548
1248,0,-1,0,20,20,4.439706870751388e-06,4.226801268033908e-02,3.363970324316600e-02,0.000000000000000e+00,0.000000000000000e+00,0.000000000000000e+00,-1.000000000000000e+00,827 825 782
1249,0,-1,0,20,20,3.456322976690222e-06,6.574895357262037e-02,3.057488621803498e-02,0.000000000000000e+00,0.000000000000000e+00,0.000000000000000e+00,-1.000000000000000e+00,680 679 716
1250,0,-1,0,20,20,3.793594007817414e-07,6.757258497796645e-02,3.741674479439257e-02,0.000000000000000e+00,0.000000000000000e+00,0.000000000000000e+00,-1.000000000000000e+00,828 829 719
1251,0,-1,0,20,20,7.746626385006267e-07,5.895245648345347e-02,3.039990848036838e-02,0.000000000000000e+00,0.000000000000000e+00,0.000000000000000e+00,-1.000000000000000e+00,667 614 613
1252,0,-1,0,20,20,3.931979139097593e-07,6.329658159727018e-02,4.304474555833582e-02,0.000000000000000e+00,0.000000000000000e+00,0.000000000000000e+00,-1.000000000000000e+00,826 812 813
1253,0,-1,0,20,20,8.943426828785736e-07,6.095304879892606e-02,3.824695327679107e-02,0.000000000000000e+00,0.000000000000000e+00,0.000000000000000e+00,-1.000000000000000e+00,694 606 605
1254,0,-1,0,20,20,3.225687992617051e-06,3.363971222232198e-02,3.315161330492360e-02,0.000000000000000e+00,0.000000000000000e+00,0.000000000000000e+00,-1.000000000000000e+00,631 685 502
1255,0,-1,0,20,20,1.462406243874506e-06,3.381245593026638e-02,3.122166906920813e-02,0.000000000000000e+00,0.000000000000000e+00,0.000000000000000e+00,-1.000000000000000e+00,685 544 502
1256,0,-1,0,20,20,2.814791019371835e-06,5.020352059843376e-02,2.112096687529320e-02,0.000000000000000e+00,0.000000000000000e+00,0.000000000000000e+00,-1.000000000000000e+00,150 774 149
1257,0,-1,0,20,20,9.909124014807735e-07,5.111839297853452e-02,2.278410913719682e-02,0.000000000000000e+00,0.000000000000000e+00,0.000000000000000e+00,-1.000000000000000e+00,774 510 149
1258,0,-1,0,20,20,1.095985282138743e-06,6.164361339251974e-02,4.247878608847484e-02,0.000000000000000e+00,0.000000000000000e+00,0.000000000000000e+00,-1.000000000000000e+00,723 760 601
1259,0,-1,0,20,20,5.843159541049502e-07,6.120336803963550e-02,4.123788555321477e-02,0.000000000000000e+00,0.000000000000000e+00,0.000000000000000e+00,-1.000000000000000e+00,760 602 601
1260,0,-1,0,20,20,5.843159541049583e-07,6.113399195947195e-02,4.094011165129580e-02,0.000000000000000e+00,0.000000000000000e+00,0.000000000000000e+00,-1.000000000000000e+00,760 603 602
1261,0,-1,0,20,20,3.950123709224052e-07,7.046837424727186e-02,3.413962478603686e-02,0.000000000000000e+00,0.000000000000000e+00,0.000000000000000e+00,-1.000000000000000e+00,814 704 804
1262,0,-1,0,20,20,4.895415393211634e-07,7.087496618860249e-02,3.471137116242152e-02,0.000000000000000e+00,0.000000000000000e+00,0.000000000000000e+00,-1.000000000000000e+00,704 658 804
1263,0,-1,0,20,20,4.240906216623847e-06,6.312019994655504e-02,2.831798312874367e-02,0.000000000000000e+00,0.000000000000000e+00,0.000000000000000e+00,-1.000000000000000e+00,676 144 145
1264,0,-1,0,20,20,1.568966432604155e-06,5.245593626402018e-02,2.465103375902387e-02,0.000000000000000e+00,0.000000000000000e+00,0.000000000000000e+00,-1.000000000000000e+00,562 785 561
1265,0,-1,0,20,20,1.465721910621555e-06,5.140058179452905e-02,2.587553727011120e-02,0.000000000000000e+00,0.000000000000000e+00,0.000000000000000e+00,-1.000000000000000e+00,785 508 561
1266,0,-1,0,20,20,2.408434764700641e-06,5.358949101451175e-02,3.928966545608653e-02,0.000000000000000e+00,0.000000000000000e+00,0.000000000000000e+00,-1.000000000000000e+00,706 587 822
1267,0,-1,0,20,20,9.078107582082518e-07,5.395188676282854e-02,3.961006858757762e-02,0.000000000000000e+00,0.000000000000000e+00,0.000000000000000e+00,-1.000000000000000e+00,706 588 587
1268,0,-1,0,20,20,4.144536477363432e-07,6.769037505631102e-02,3.798134226870188e-02,0.000000000000000e+00,0.000000000000000e+00,0.000000000000000e+00,-1.000000000000000e+00,829 828 830
1269,0,-1,0,20,20,3.243032781466972e-07,5.683000913906323e-02,5.573003210975184e-02,0.000000000000000e+00,0.000000000000000e+00,0.000000000000000e+00,-1.000000000000000e+00,632 675 515
1270,0,-1,0,20,20,2.038768733187275e-06,5.188655150872119e-02,2.702824819806769e-02,0.000000000000000e+00,0.000000000000000e+00,0.000000000000000e+00,-1.000000000000000e+00,508 785 669
1271,0,-1,0,20,20,4.051899124711800e-06,4.903447086229222e-02,2.709873744431779e-02,0.000000000000000e+00,0.000000000000000e+00,0.000000000000000e+00,-1.000000000000000e+00,784 669 785
1272,0,-1,0,20,20,3.099690432374894e-06,4.865732758497306e-02,2.881613132546326e-02,0.000000000000000e+00,0.000000000000000e+00,0.000000000000000e+00,-1.000000000000000e+00,754 669 784
1273,0,-1,0,20,20,3.478178506936092e-06,4.993120114953705e-02,4.507897252692503e-02,0.000000000000000e+00,0.000000000000000e+00,0.000000000000000e+00,-1.000000000000000e+00,807 787 805
1274,0,-1,0,20,20,3.433800506290779e-07,6.500872523956097e-02,4.297734381421552e-02,0.000000000000000e+00,0.000000000000000e+00,0.000000000000000e+00,-1.000000000000000e+00,800 710 712
1275,0,-1,0,20,20,4.666180355334980e-07,6.477147795143412e-02,4.292725131457888e-02,0.000000000000000e+00,0.000000000000000e+00,0.000000000000000e+00,-1.000000000000000e+00,800 712 831
1276,0,-1,0,20,20,2.693064956561586e-07,6.612120518164334e-02,4.284578917126978e-02,0.000000000000000e+00,0.000000000000000e+00,0.000000000000000e+00,-1.000000000000000e+00,709 710 801
1277,0,-1,0,20,20,3.588301651304148e-07,6.631340276378825e-02,4.295985573970720e-02,0.000000000000000e+00,0.000000000000000e+00,0.000000000000000e+00,-1.000000000000000e+00,709 801 648
1278,0,-1,0,20,20,7.870722377127036e-07,5.215297485403695e-02,2.737714111513395e-02,0.000000000000000e+00,0.000000000000000e+00,0.000000000000000e+00,-1.000000000000000e+00,508 669 576
1279,0,-1,0,20,20,3.186391647976553e-07,6.963538925099523e-02,3.400259746505953e-02,0.000000000000000e+00,0.000000000000000e+00,0.000000000000000e+00,-1.000000000000000e+00,832 814 833
1280,0,-1,0,20,20,3.552794492389342e-07,6.912725545676547e-02,3.343026767386845e-02,0.000000000000000e+00,0.000000000000000e+00,0.000000000000000e+00,-1.000000000000000e+00,717 832 833
1281,0,-1,0,20,20,2.204336415682041e-06,5.985134679503964e-02,3.258130244596759e-02,0.000000000000000e+00,0.000000000000000e+00,0.000000000000000e+00,-1.000000000000000e+00,668 721 677
1282,0,-1,0,20,20,2.985133324893997e-06,5.978842027070415e-02,2.558889476866975e-02,0.000000000000000e+00,0.000000000000000e+00,0.000000000000000e+00,-1.000000000000000e+00,146 690 682
1283,0,-1,0,20,20,1.204672146636396e-06,6.182105320939453e-02,4.143828620323940e-02,0.000000000000000e+00,0.000000000000000e+00,0.000000000000000e+00,-1.000000000000000e+00,760 723 761
1284,0,-1,0,20,20,6.532794165775258e-07,6.227900872346748e-02,4.270339160434977e-02,0.000000000000000e+00,0.000000000000000e+00,0.000000000000000e+00,-1.000000000000000e+00,723 826 761
1285,0,-1,0,20,20,6.999807529736872e-07,5.600534497876768e-02,4.713909838721918e-02,0.000000000000000e+00,0.000000000000000e+00,0.000000000000000e+00,-1.000000000000000e+00,681 507 596
1286,0,-1,0,20,20,2.750028616246001e-06,5.023611900050980e-02,3.068343144134120e-02,0.000000000000000e+00,0.000000000000000e+00,0.000000000000000e+00,-1.000000000000000e+00,688 686 669
1287,0,-1,0,20,20,7.959463911115679e-07,5.522114961615761e-02,4.436643816576637e-02,0.000000000000000e+00,0.000000000000000e+00,0.000000000000000e+00,-1.000000000000000e+00,678 593 592
1288,0,-1,0,20,20,1.569507874524710e-06,5.201056764060189e-02,3.034617972806265e-02,0.000000000000000e+00,0.000000000000000e+00,0.000000000000000e+00,-1.000000000000000e+00,686 578 669
1289,0,-1,0,20,20,4.769964260667343e-07,6.733146912554920e-02,3.838422214552999e-02,0.000000000000000e+00,0.000000000000000e+00,0.000000000000000e+00,-1.000000000000000e+00,830 834 829
1290,0,-1,0,20,20,4.228405389297375e-07,6.807902707835205e-02,3.826462068187771e-02,0.000000000000000e+00,0.000000000000000e+00,0.000000000000000e+00,-1.000000000000000e+00,829 834 835
1291,0,-1,0,20,20,7.870722377126877e-07,5.161943524034244e-02,2.885241109220861e-02,0.000000000000000e+00,0.000000000000000e+00,0.000000000000000e+00,-1.000000000000000e+00,669 578 577
1292,0,-1,0,20,20,8.835491290862900e-07,5.350414802792029e-02,3.753831774497053e-02,0.000000000000000e+00,0.000000000000000e+00,0.000000000000000e+00,-1.000000000000000e+00,822 587 586
1293,0,-1,0,20,20,2.495264947072249e-07,6.202443582590064e-02,4.992228965141495e-02,0.000000000000000e+00,0.000000000000000e+00,0.000000000000000e+00,-1.000000000000000e+00,640 836 639
1294,0,-1,0,20,20,2.313060525364508e-07,6.107754950598621e-02,4.972331018270773e-02,0.000000000000000e+00,0.000000000000000e+00,0.000000000000000e+00,-1.000000000000000e+00,566 836 565
1295,0,-1,0,20,20,5.507654208978398e-07,5.712346232904555e-02,2.656847362124874e-02,0.000000000000000e+00,0.000000000000000e+00,0.000000000000000e+00,-1.000000000000000e+00,617 690 513
1296,0,-1,0,20,20,5.791648436319033e-07,5.286580115462974e-02,3.014609108427054e-02,0.000000000000000e+00,0.000000000000000e+00,0.000000000000000e+00,-1.000000000000000e+00,578 686 579
1297,0,-1,0,20,20,3.415265264475982e-07,6.998850538605778e-02,3.470827786998878e-02,0.000000000000000e+00,0.000000000000000e+00,0.000000000000000e+00,-1.000000000000000e+00,837 704 814
1298,0,-1,0,20,20,4.211788212701185e-07,6.415741618877691e-02,4.319726325945698e-02,0.000000000000000e+00,0.000000000000000e+00,0.000000000000000e+00,-1.000000000000000e+00,813 800 831
1299,0,-1,0,20,20,4.027650995621353e-07,6.389309024070107e-02,4.313690335012653e-02,0.000000000000000e+00,0.000000000000000e+00,0.000000000000000e+00,-1.000000000000000e+00,813 831 826
1300,0,-1,0,20,20,3.061538186339846e-07,6.550503290636761e-02,4.291894887414224e-02,0.000000000000000e+00,0.000000000000000e+00,0.000000000000000e+00,-1.000000000000000e+00,710 800 801
1301,0,-1,0,20,20,3.992046162994242e-07,7.044066372103512e-02,3.498033096962003e-02,0.000000000000000e+00,0.000000000000000e+00,0.000000000000000e+00,-1.000000000000000e+00,704 837 703
1302,0,-1,0,20,20,4.281094480725142e-07,6.926359057670234e-02,3.407808601598064e-02,0.000000000000000e+00,0.000000000000000e+00,0.000000000000000e+00,-1.000000000000000e+00,832 717 838
1303,0,-1,0,20,20,2.906873796770616e-07,6.964011025542843e-02,3.423927475994253e-02,0.000000000000000e+00,0.000000000000000e+00,0.000000000000000e+00,-1.000000000000000e+00,832 837 814
1304,0,-1,0,20,20,3.147891181575569e-07,6.956603874706604e-02,3.468030028156290e-02,0.000000000000000e+00,0.000000000000000e+00,0.000000000000000e+00,-1.000000000000000e+00,837 832 838
1305,0,-1,0,20,20,3.882013972705779e-07,6.984299672342761e-02,3.312576729735055e-02,0.000000000000000e+00,0.000000000000000e+00,0.000000000000000e+00,-1.000000000000000e+00,833 803 793
1306,0,-1,0,20,20,2.038697550228357e-06,5.578870104405154e-02,4.750591424362444e-02,0.000000000000000e+00,0.000000000000000e+00,0.000000000000000e+00,-1.000000000000000e+00,681 700 507
1307,0,-1,0,20,20,3.842479505068968e-07,7.039482115304589e-02,3.318710712556058e-02,0.000000000000000e+00,0.000000000000000e+00,0.000000000000000e+00,-1.000000000000000e+00,803 833 814
1308,0,-1,0,20,20,5.447146435958181e-07,5.763817323071257e-02,5.122619114833422e-02,0.000000000000000e+00,0.000000000000000e+00,0.000000000000000e+00,-1.000000000000000e+00,767 742 751
1309,0,-1,0,20,20,3.565735564429098e-07,6.913683914114339e-02,3.316660899809948e-02,0.000000000000000e+00,0.000000000000000e+00,0.000000000000000e+00,-1.000000000000000e+00,717 833 793
1310,0,-1,0,20,20,4.698614408961654e-07,6.319397723687713e-02,4.207067123606817e-02,0.000000000000000e+00,0.000000000000000e+00,0.000000000000000e+00,-1.000000000000000e+00,761 826 831
1311,0,-1,0,20,20,7.918618227714480e-07,5.729401030154341e-02,5.111553354356645e-02,0.000000000000000e+00,0.000000000000000e+00,0.000000000000000e+00,-1.000000000000000e+00,767 744 742
1312,0,-1,0,20,20,5.571274782999607e-07,6.152995299684189e-02,4.280771698175153e-02,0.000000000000000e+00,0.000000000000000e+00,0.000000000000000e+00,-1.000000000000000e+00,723 601 600
1313,0,-1,0,20,20,4.049150062541208e-07,6.656878333851000e-02,4.358874157476571e-02,0.000000000000000e+00,0.000000000000000e+00,0.000000000000000e+00,-1.000000000000000e+00,648 801 647
1314,0,-1,0,20,20,5.444130510407758e-07,5.994453650167200e-02,3.608143840451664e-02,0.000000000000000e+00,0.000000000000000e+00,0.000000000000000e+00,-1.000000000000000e+00,699 608 607
1315,0,-1,0,20,20,1.791258234471468e-06,3.854202044700104e-02,2.375484228532623e-02,0.000000000000000e+00,0.000000000000000e+00,0.000000000000000e+00,-1.000000000000000e+00,548 746 549
1316,0,-1,0,20,20,3.970824048526059e-06,4.466618711651812e-02,2.941978044447365e-02,0.000000000000000e+00,0.000000000000000e+00,0.000000000000000e+00,-1.000000000000000e+00,736 839 809
1317,0,-1,0,20,20,3.565022400584756e-06,4.538446635378191e-02,2.947807625136029e-02,0.000000000000000e+00,0.000000000000000e+00,0.000000000000000e+00,-1.000000000000000e+00,736 809 755
1318,0,-1,0,20,20,3.351272243089789e-06,4.060197083645247e-02,2.781165535523996e-02,0.000000000000000e+00,0.000000000000000e+00,0.000000000000000e+00,-1.000000000000000e+00,739 788 794
1319,0,-1,0,20,20,2.826696323363835e-06,3.822727162413273e-02,2.725636904873084e-02,0.000000000000000e+00,0.000000000000000e+00,0.000000000000000e+00,-1.000000000000000e+00,794 788 547
1320,0,-1,0,20,20,1.966718699163919e-06,6.574663158755101e-02,3.437099025773876e-02,0.000000000000000e+00,0.000000000000000e+00,0.000000000000000e+00,-1.000000000000000e+00,823 840 716
1321,0,-1,0,20,20,3.317706636356495e-06,4.043224613326170e-02,3.033492095351438e-02,0.000000000000000e+00,0.000000000000000e+00,0.000000000000000e+00,-1.000000000000000e+00,795 839 739
1322,0,-1,0,20,20,3.250216060922926e-06,4.202603445980802e-02,3.088182210211762e-02,0.000000000000000e+00,0.000000000000000e+00,0.000000000000000e+00,-1.000000000000000e+00,839 795 827
1323,0,-1,0,20,20,3.936387450922878e-06,4.275520769657627e-02,2.982684168690712e-02,0.000000000000000e+00,0.000000000000000e+00,0.000000000000000e+00,-1.000000000000000e+00,839 736 739
1324,0,-1,0,20,20,2.165759881595880e-06,6.133906950984968e-02,2.651670529762080e-02,0.000000000000000e+00,0.000000000000000e+00,0.000000000000000e+00,-1.000000000000000e+00,777 145 146
1325,0,-1,0,20,20,2.660088331904732e-06,4.288928172132932e-02,3.652168491838004e-02,0.000000000000000e+00,0.000000000000000e+00,0.000000000000000e+00,-1.000000000000000e+00,780 782 825
1326,0,-1,0,20,20,2.326993108001750e-06,3.746541137936137e-02,2.557198033099860e-02,0.000000000000000e+00,0.000000000000000e+00,0.000000000000000e+00,-1.000000000000000e+00,547 788 548
1327,0,-1,0,20,20,2.999829174656709e-06,4.035465067848015e-02,3.834722957678426e-02,0.000000000000000e+00,0.000000000000000e+00,0.000000000000000e+00,-1.000000000000000e+00,810 629 628
1328,0,-1,0,20,20,9.078107582082518e-07,5.496871394595761e-02,3.963154404464516e-02,0.000000000000000e+00,0.000000000000000e+00,0.000000000000000e+00,-1.000000000000000e+00,588 706 589
1329,0,-1,0,20,20,3.681936670529725e-07,6.511554154826059e-02,4.200012747688989e-02,0.000000000000000e+00,0.000000000000000e+00,0.000000000000000e+00,-1.000000000000000e+00,712 711 841
1330,0,-1,0,20,20,4.690279398514628e-07,6.485746497649177e-02,4.190295107187758e-02,0.000000000000000e+00,0.000000000000000e+00,0.000000000000000e+00,-1.000000000000000e+00,712 841 762
1331,0,-1,0,20,20,3.473052449397716e-07,6.649155569369211e-02,4.206709762018569e-02,0.000000000000000e+00,0.000000000000000e+00,0.000000000000000e+00,-1.000000000000000e+00,842 711 709
1332,0,-1,0,20,20,3.946860118324378e-07,6.673286965207709e-02,4.216258335395710e-02,0.000000000000000e+00,0.000000000000000e+00,0.000000000000000e+00,-1.000000000000000e+00,842 709 649
1333,0,-1,0,20,20,4.079724512532450e-07,7.139697634842830e-02,3.410453432473116e-02,0.000000000000000e+00,0.000000000000000e+00,0.000000000000000e+00,-1.000000000000000e+00,804 658 659
1334,0,-1,0,20,20,6.461357922886135e-07,5.423240846752227e-02,5.400952498722939e-02,0.000000000000000e+00,0.000000000000000e+00,0.000000000000000e+00,-1.000000000000000e+00,620 821 621
1335,0,-1,0,20,20,3.830473964438513e-07,6.604076163072697e-02,4.439721633336557e-02,0.000000000000000e+00,0.000000000000000e+00,0.000000000000000e+00,-1.000000000000000e+00,647 791 646
1336,0,-1,0,20,20,3.417339193270340e-06,4.212770624379993e-02,3.984089642603478e-02,0.000000000000000e+00,0.000000000000000e+00,0.000000000000000e+00,-1.000000000000000e+00,779 628 627
1337,0,-1,0,20,20,4.252256492071667e-07,7.004963976366085e-02,3.742939788651738e-02,0.000000000000000e+00,0.000000000000000e+00,0.000000000000000e+00,-1.000000000000000e+00,655 797 808
1338,0,-1,0,20,20,6.409717473073486e-07,5.895921564201933e-02,3.432174410653916e-02,0.000000000000000e+00,0.000000000000000e+00,0.000000000000000e+00,-1.000000000000000e+00,609 721 610
1339,0,-1,0,20,20,8.835491290862768e-07,5.431888204057254e-02,3.680844140709425e-02,0.000000000000000e+00,0.000000000000000e+00,0.000000000000000e+00,-1.000000000000000e+00,585 822 586
1340,0,-1,0,20,20,7.105537540727029e-07,5.540171419917517e-02,5.223856633449309e-02,0.000000000000000e+00,0.000000000000000e+00,0.000000000000000e+00,-1.000000000000000e+00,764 743 744
1341,0,-1,0,20,20,6.193958686125142e-07,5.329240514173666e-02,3.499654179973643e-02,0.000000000000000e+00,0.000000000000000e+00,0.000000000000000e+00,-1.000000000000000e+00,714 584 583
1342,0,-1,0,20,20,9.470157449331862e-07,5.478970376508554e-02,5.276932818925367e-02,0.000000000000000e+00,0.000000000000000e+00,0.000000000000000e+00,-1.000000000000000e+00,764 621 821
1343,0,-1,0,20,20,2.276806728631205e-06,3.761277660506814e-02,2.748767814314758e-02,0.000000000000000e+00,0.000000000000000e+00,0.000000000000000e+00,-1.000000000000000e+00,794 547 546
1344,0,-1,0,20,20,4.426929949299283e-07,6.420075996994783e-02,4.221357505333572e-02,0.000000000000000e+00,0.000000000000000e+00,0.000000000000000e+00,-1.000000000000000e+00,831 712 762
1345,0,-1,0,20,20,5.506208650843482e-07,6.389750919091824e-02,4.216031179935804e-02,0.000000000000000e+00,0.000000000000000e+00,0.000000000000000e+00,-1.000000000000000e+00,831 762 761
1346,0,-1,0,20,20,4.292562671505767e-06,3.894260415091023e-02,2.839127878832312e-02,0.000000000000000e+00,0.000000000000000e+00,0.000000000000000e+00,-1.000000000000000e+00,794 795 739
1347,0,-1,0,20,20,4.153363109348995e-07,6.903896441288064e-02,3.761004570103562e-02,0.000000000000000e+00,0.000000000000000e+00,0.000000000000000e+00,-1.000000000000000e+00,808 719 835
1348,0,-1,0,20,20,5.054291757659764e-07,6.754671818075116e-02,3.714123998492950e-02,0.000000000000000e+00,0.000000000000000e+00,0.000000000000000e+00,-1.000000000000000e+00,828 719 720
1349,0,-1,0,20,20,7.790378638269000e-07,6.845522670300180e-02,3.217318203561673e-02,0.000000000000000e+00,0.000000000000000e+00,0.000000000000000e+00,-1.000000000000000e+00,707 717 793
1350,0,-1,0,20,20,3.891760991601036e-07,7.181753354538210e-02,3.327259597115399e-02,0.000000000000000e+00,0.000000000000000e+00,0.000000000000000e+00,-1.000000000000000e+00,802 659 660
1351,0,-1,0,20,20,6.886711378033930e-07,5.674580159805519e-02,5.046825179829403e-02,0.000000000000000e+00,0.000000000000000e+00,0.000000000000000e+00,-1.000000000000000e+00,765 744 767
1352,0,-1,0,20,20,3.952156123463600e-07,6.709360171139493e-02,4.278217402664666e-02,0.000000000000000e+00,0.000000000000000e+00,0.000000000000000e+00,-1.000000000000000e+00,649 709 648
1353,0,-1,0,20,20,4.183402732266390e-07,6.905324378314516e-02,3.672836141677231e-02,0.000000000000000e+00,0.000000000000000e+00,0.000000000000000e+00,-1.000000000000000e+00,718 808 797
1354,0,-1,0,20,20,3.751120156124392e-06,4.407170952461145e-02,4.156154067232583e-02,0.000000000000000e+00,0.000000000000000e+00,0.000000000000000e+00,-1.000000000000000e+00,799 627 626
1355,0,-1,0,20,20,3.479132362492177e-07,6.550155241294177e-02,4.520866566906916e-02,0.000000000000000e+00,0.000000000000000e+00,0.000000000000000e+00,-1.000000000000000e+00,646 790 645
1356,0,-1,0,20,20,3.639492998707834e-07,5.779935604737485e-02,5.241352258716989e-02,0.000000000000000e+00,0.000000000000000e+00,0.000000000000000e+00,-1.000000000000000e+00,740 751 742
1357,0,-1,0,20,20,4.551157726832290e-06,3.703075173789533e-02,3.041228455125477e-02,0.000000000000000e+00,0.000000000000000e+00,0.000000000000000e+00,-1.000000000000000e+00,683 684 795
1358,0,-1,0,20,20,4.841011879732454e-06,4.469765028004746e-02,4.339688455103732e-02,0.000000000000000e+00,0.000000000000000e+00,0.000000000000000e+00,-1.000000000000000e+00,626 798 799
1359,0,-1,0,20,20,4.140174319110037e-07,7.001017494717846e-02,3.684892706549131e-02,0.000000000000000e+00,0.000000000000000e+00,0.000000000000000e+00,-1.000000000000000e+00,797 655 656
1360,0,-1,0,20,20,3.630352520323437e-07,6.645703222538675e-02,4.182689184430796e-02,0.000000000000000e+00,0.000000000000000e+00,0.000000000000000e+00,-1.000000000000000e+00,842 843 711
1361,0,-1,0,20,20,3.687056295696537e-07,6.574004117885128e-02,4.177451996289667e-02,0.000000000000000e+00,0.000000000000000e+00,0.000000000000000e+00,-1.000000000000000e+00,711 843 841
1362,0,-1,0,20,20,4.046492286880669e-07,6.536070748381716e-02,4.109567729127479e-02,0.000000000000000e+00,0.000000000000000e+00,0.000000000000000e+00,-1.000000000000000e+00,841 843 757
1363,0,-1,0,20,20,4.062661600197068e-07,6.510730582185971e-02,4.098338495374354e-02,0.000000000000000e+00,0.000000000000000e+00,0.000000000000000e+00,-1.000000000000000e+00,841 757 756
1364,0,-1,0,20,20,4.070291318263775e-07,6.688402172974503e-02,4.122630266916508e-02,0.000000000000000e+00,0.000000000000000e+00,0.000000000000000e+00,-1.000000000000000e+00,844 843 842
1365,0,-1,0,20,20,4.693070124087392e-07,6.715819372536128e-02,4.132264488859322e-02,0.000000000000000e+00,0.000000000000000e+00,0.000000000000000e+00,-1.000000000000000e+00,844 842 650
1366,0,-1,0,20,20,3.760680189694161e-07,5.683541415208964e-02,5.388205838135176e-02,0.000000000000000e+00,0.000000000000000e+00,0.000000000000000e+00,-1.000000000000000e+00,769 817 674
1367,0,-1,0,20,20,4.753780027574283e-06,3.998014771032042e-02,3.164630473688249e-02,0.000000000000000e+00,0.000000000000000e+00,0.000000000000000e+00,-1.000000000000000e+00,795 745 827
1368,0,-1,0,20,20,4.789063388039358e-06,3.872128269953397e-02,3.347103614059806e-02,0.000000000000000e+00,0.000000000000000e+00,0.000000000000000e+00,-1.000000000000000e+00,745 795 684
1369,0,-1,0,20,20,2.738388109856764e-06,6.626968982138028e-02,2.909667723760085e-02,0.000000000000000e+00,0.000000000000000e+00,0.000000000000000e+00,-1.000000000000000e+00,680 143 144
1370,0,-1,0,20,20,3.515486171581451e-07,5.506845456392580e-02,5.439584884202327e-02,0.000000000000000e+00,0.000000000000000e+00,0.000000000000000e+00,-1.000000000000000e+00,819 620 619
1371,0,-1,0,20,20,3.209331096074954e-07,5.535689174283582e-02,5.413889948783385e-02,0.000000000000000e+00,0.000000000000000e+00,0.000000000000000e+00,-1.000000000000000e+00,819 817 821
1372,0,-1,0,20,20,4.291339043946476e-07,7.037416337653980e-02,3.274367742116566e-02,0.000000000000000e+00,0.000000000000000e+00,0.000000000000000e+00,-1.000000000000000e+00,803 732 793
1373,0,-1,0,20,20,4.962165081836286e-07,6.964904361478179e-02,3.221030301768898e-02,0.000000000000000e+00,0.000000000000000e+00,0.000000000000000e+00,-1.000000000000000e+00,793 732 752
1374,0,-1,0,20,20,3.576700730817439e-07,5.453171211509047e-02,5.415673743573464e-02,0.000000000000000e+00,0.000000000000000e+00,0.000000000000000e+00,-1.000000000000000e+00,620 819 821
1375,0,-1,0,20,20,4.192266140194644e-07,7.107669779802259e-02,2.957974745046415e-02,0.000000000000000e+00,0.000000000000000e+00,0.000000000000000e+00,-1.000000000000000e+00,141 734 140
1376,0,-1,0,20,20,2.444029812001669e-06,5.480045661012723e-02,4.406284899110617e-02,0.000000000000000e+00,0.000000000000000e+00,0.000000000000000e+00,-1.000000000000000e+00,678 592 705
1377,0,-1,0,20,20,5.118704236357011e-07,6.858558807069470e-02,3.542323823445340e-02,0.000000000000000e+00,0.000000000000000e+00,0.000000000000000e+00,-1.000000000000000e+00,820 796 838
1378,0,-1,0,20,20,6.193958686125227e-07,5.375378904267386e-02,3.401372226007146e-02,0.000000000000000e+00,0.000000000000000e+00,0.000000000000000e+00,-1.000000000000000e+00,582 714 583
1379,0,-1,0,20,20,4.939368806726422e-07,6.202068077578708e-02,4.530463473887777e-02,0.000000000000000e+00,0.000000000000000e+00,0.000000000000000e+00,-1.000000000000000e+00,664 598 597
1380,0,-1,0,20,20,4.394306882406378e-07,5.817047485758250e-02,5.357073075177914e-02,0.000000000000000e+00,0.000000000000000e+00,0.000000000000000e+00,-1.000000000000000e+00,770 634 635
1381,0,-1,0,20,20,3.118778701393307e-07,5.777931436434143e-02,5.321829519637893e-02,0.000000000000000e+00,0.000000000000000e+00,0.000000000000000e+00,-1.000000000000000e+00,770 740 741
1382,0,-1,0,20,20,4.432792417645373e-07,5.590519134433843e-02,5.379982197282068e-02,0.000000000000000e+00,0.000000000000000e+00,0.000000000000000e+00,-1.000000000000000e+00,817 816 821
1383,0,-1,0,20,20,3.860464499146996e-07,5.638038592089623e-02,5.254475464815312e-02,0.000000000000000e+00,0.000000000000000e+00,0.000000000000000e+00,-1.000000000000000e+00,743 816 741
1384,0,-1,0,20,20,4.517344796766169e-07,6.759147117358603e-02,4.195699339412495e-02,0.000000000000000e+00,0.000000000000000e+00,0.000000000000000e+00,-1.000000000000000e+00,650 842 649
1385,0,-1,0,20,20,6.542998592389101e-07,6.811149679894059e-02,3.556041961585808e-02,0.000000000000000e+00,0.000000000000000e+00,0.000000000000000e+00,-1.000000000000000e+00,820 840 720
1386,0,-1,0,20,20,4.683208289763803e-07,6.434532575298005e-02,4.123247622326003e-02,0.000000000000000e+00,0.000000000000000e+00,0.000000000000000e+00,-1.000000000000000e+00,762 841 756
1387,0,-1,0,20,20,4.042084052807350e-07,6.493277196980263e-02,4.599091569238348e-02,0.000000000000000e+00,0.000000000000000e+00,0.000000000000000e+00,-1.000000000000000e+00,645 725 644
1388,0,-1,0,20,20,7.105114637540133e-07,6.766246357550003e-02,3.487044464330830e-02,0.000000000000000e+00,0.000000000000000e+00,0.000000000000000e+00,-1.000000000000000e+00,840 820 838
1389,0,-1,0,20,20,2.091627917722955e-07,5.885365757011393e-02,5.050391840440178e-02,0.000000000000000e+00,0.000000000000000e+00,0.000000000000000e+00,-1.000000000000000e+00,505 749 558
1390,0,-1,0,20,20,2.918106198389342e-07,5.816931126524202e-02,5.434564869155548e-02,0.000000000000000e+00,0.000000000000000e+00,0.000000000000000e+00,-1.000000000000000e+00,634 771 633
1391,0,-1,0,20,20,2.997866675023627e-07,5.699903313219003e-02,5.436263422544583e-02,0.000000000000000e+00,0.000000000000000e+00,0.000000000000000e+00,-1.000000000000000e+00,674 771 769
1392,0,-1,0,20,20,3.155957242669027e-07,5.752300910320961e-02,5.436208792447487e-02,0.000000000000000e+00,0.000000000000000e+00,0.000000000000000e+00,-1.000000000000000e+00,771 674 633
1393,0,-1,0,20,20,2.847815888772122e-07,7.230164843617717e-02,3.256633868060239e-02,0.000000000000000e+00,0.000000000000000e+00,0.000000000000000e+00,-1.000000000000000e+00,727 660 661
1394,0,-1,0,20,20,2.499513876609949e-07,7.238394435583170e-02,3.194667989324775e-02,0.000000000000000e+00,0.000000000000000e+00,0.000000000000000e+00,-1.000000000000000e+00,729 727 661
1395,0,-1,0,20,20,4.564953688974006e-07,6.933343344665155e-02,3.596955553340692e-02,0.000000000000000e+00,0.000000000000000e+00,0.000000000000000e+00,-1.000000000000000e+00,796 718 797
1396,0,-1,0,20,20,3.398079223227797e-06,4.772935127122112e-02,2.881709411074871e-02,0.000000000000000e+00,0.000000000000000e+00,0.000000000000000e+00,-1.000000000000000e+00,754 784 736
1397,0,-1,0,20,20,4.209874646266331e-07,6.684177328029124e-02,4.097690569013292e-02,0.000000000000000e+00,0.000000000000000e+00,0.000000000000000e+00,-1.000000000000000e+00,844 845 843
1398,0,-1,0,20,20,4.450435762208588e-07,6.603368649955735e-02,4.092312183225028e-02,0.000000000000000e+00,0.000000000000000e+00,0.000000000000000e+00,-1.000000000000000e+00,843 845 757
1399,0,-1,0,20,20,4.046420802857912e-07,6.560824185153899e-02,4.021241369174140e-02,0.000000000000000e+00,0.000000000000000e+00,0.000000000000000e+00,-1.000000000000000e+00,757 845 758
1400,0,-1,0,20,20,3.804706699304793e-07,5.605420208475999e-02,5.464920577936680e-02,0.000000000000000e+00,0.000000000000000e+00,0.000000000000000e+00,-1.000000000000000e+00,673 674 817
1401,0,-1,0,20,20,4.731750492717932e-07,6.732657547573413e-02,4.036788758779893e-02,0.000000000000000e+00,0.000000000000000e+00,0.000000000000000e+00,-1.000000000000000e+00,846 845 844
1402,0,-1,0,20,20,5.141640829464066e-07,6.762877057977375e-02,4.046910849833657e-02,0.000000000000000e+00,0.000000000000000e+00,0.000000000000000e+00,-1.000000000000000e+00,846 844 651
1403,0,-1,0,20,20,8.980097972623960e-07,6.791733432452540e-02,3.382636244462449e-02,0.000000000000000e+00,0.000000000000000e+00,0.000000000000000e+00,-1.000000000000000e+00,715 840 838
1404,0,-1,0,20,20,1.189940531126590e-06,6.722759644294000e-02,3.426519659320474e-02,0.000000000000000e+00,0.000000000000000e+00,0.000000000000000e+00,-1.000000000000000e+00,840 715 716
1405,0,-1,0,20,20,5.791648436318968e-07,5.305389303651388e-02,3.095341334081619e-02,0.000000000000000e+00,0.000000000000000e+00,0.000000000000000e+00,-1.000000000000000e+00,579 686 580
1406,0,-1,0,20,20,5.085337039799559e-07,6.898108095352319e-02,3.475844800453464e-02,0.000000000000000e+00,0.000000000000000e+00,0.000000000000000e+00,-1.000000000000000e+00,838 796 837
1407,0,-1,0,20,20,6.218321479939588e-07,6.872032370136739e-02,3.351124162715734e-02,0.000000000000000e+00,0.000000000000000e+00,0.000000000000000e+00,-1.000000000000000e+00,717 715 838
1408,0,-1,0,20,20,4.172250282962872e-06,4.437630324754036e-02,3.250697296538794e-02,0.000000000000000e+00,0.000000000000000e+00,0.000000000000000e+00,-1.000000000000000e+00,809 827 782
1409,0,-1,0,20,20,4.982575590653189e-07,6.808656751682572e-02,4.112003417343240e-02,0.000000000000000e+00,0.000000000000000e+00,0.000000000000000e+00,-1.000000000000000e+00,651 844 650
1410,0,-1,0,20,20,3.706451285116393e-07,6.373282794516326e-02,4.765722778896300e-02,0.000000000000000e+00,0.000000000000000e+00,0.000000000000000e+00,-1.000000000000000e+00,643 768 642
1411,0,-1,0,20,20,3.498551284280330e-07,6.207221432072376e-02,4.641650836138862e-02,0.000000000000000e+00,0.000000000000000e+00,0.000000000000000e+00,-1.000000000000000e+00,811 597 514
1412,0,-1,0,20,20,3.181373154454317e-06,4.255134762865065e-02,3.232316164678195e-02,0.000000000000000e+00,0.000000000000000e+00,0.000000000000000e+00,-1.000000000000000e+00,827 809 839
1413,0,-1,0,20,20,8.022894397139654e-07,5.745197175751961e-02,4.834380399377444e-02,0.000000000000000e+00,0.000000000000000e+00,0.000000000000000e+00,-1.000000000000000e+00,507 766 560
1414,0,-1,0,20,20,4.690245103319785e-07,5.785240321022701e-02,4.940671453688814e-02,0.000000000000000e+00,0.000000000000000e+00,0.000000000000000e+00,-1.000000000000000e+00,766 559 560
1415,0,-1,0,20,20,4.010198925280868e-06,4.099087434598759e-02,3.513661733302414e-02,0.000000000000000e+00,0.000000000000000e+00,0.000000000000000e+00,-1.000000000000000e+00,825 827 745
1416,0,-1,0,20,20,4.957290394690176e-06,4.036366410559731e-02,3.593837050254912e-02,0.000000000000000e+00,0.000000000000000e+00,0.000000000000000e+00,-1.000000000000000e+00,825 745 629
1417,0,-1,0,20,20,2.563599250944166e-06,4.757603807055696e-02,2.000353685033451e-02,0.000000000000000e+00,0.000000000000000e+00,0.000000000000000e+00,-1.000000000000000e+00,151 773 150
1418,0,-1,0,20,20,2.678461644524454e-06,4.774557455197220e-02,2.155969729609519e-02,0.000000000000000e+00,0.000000000000000e+00,0.000000000000000e+00,-1.000000000000000e+00,773 151 748
1419,0,-1,0,20,20,1.764901964972259e-06,4.040517392524596e-02,2.041862787018583e-02,0.000000000000000e+00,0.000000000000000e+00,0.000000000000000e+00,-1.000000000000000e+00,550 671 551
1420,0,-1,0,20,20,5.515420919665409e-07,6.728262808805140e-02,4.009708012863213e-02,0.000000000000000e+00,0.000000000000000e+00,0.000000000000000e+00,-1.000000000000000e+00,846 847 845
1421,0,-1,0,20,20,4.787703379238627e-07,6.638151550170257e-02,4.004940921743042e-02,0.000000000000000e+00,0.000000000000000e+00,0.000000000000000e+00,-1.000000000000000e+00,845 847 758
1422,0,-1,0,20,20,5.518890081803595e-07,6.593858555458497e-02,3.935118540889371e-02,0.000000000000000e+00,0.000000000000000e+00,0.000000000000000e+00,-1.000000000000000e+00,758 847 815
1423,0,-1,0,20,20,7.273051879402598e-07,6.556072666793634e-02,3.933708309880031e-02,0.000000000000000e+00,0.000000000000000e+00,0.000000000000000e+00,-1.000000000000000e+00,758 815 695
1424,0,-1,0,20,20,6.398926793012733e-07,6.780116200131253e-02,3.930928133717974e-02,0.000000000000000e+00,0.000000000000000e+00,0.000000000000000e+00,-1.000000000000000e+00,834 847 846
1425,0,-1,0,20,20,6.943477596677190e-07,6.811790911585962e-02,3.943308254987359e-02,0.000000000000000e+00,0.000000000000000e+00,0.000000000000000e+00,-1.000000000000000e+00,834 846 652
1426,0,-1,0,20,20,4.027306064117398e-07,6.955303728743116e-02,3.555421163816497e-02,0.000000000000000e+00,0.000000000000000e+00,0.000000000000000e+00,-1.000000000000000e+00,796 703 837
1427,0,-1,0,20,20,3.243149890593762e-07,5.798355248377273e-02,5.276705604244024e-02,0.000000000000000e+00,0.000000000000000e+00,0.000000000000000e+00,-1.000000000000000e+00,740 770 753
1428,0,-1,0,20,20,4.358255900714437e-07,5.860780192231429e-02,5.295663627986927e-02,0.000000000000000e+00,0.000000000000000e+00,0.000000000000000e+00,-1.000000000000000e+00,753 770 635
1429,0,-1,0,20,20,5.164380652604484e-07,6.858225524924397e-02,4.027644943252103e-02,0.000000000000000e+00,0.000000000000000e+00,0.000000000000000e+00,-1.000000000000000e+00,652 846 651
1430,0,-1,0,20,20,5.772347096176212e-07,6.606452647631009e-02,3.830610064141438e-02,0.000000000000000e+00,0.000000000000000e+00,0.000000000000000e+00,-1.000000000000000e+00,815 830 818
1431,0,-1,0,20,20,2.452052223254550e-07,6.262570655488288e-02,4.916806931999688e-02,0.000000000000000e+00,0.000000000000000e+00,0.000000000000000e+00,-1.000000000000000e+00,641 778 640
1432,0,-1,0,20,20,2.307930208078457e-07,6.165221660348887e-02,4.902097305867432e-02,0.000000000000000e+00,0.000000000000000e+00,0.000000000000000e+00,-1.000000000000000e+00,565 778 512
1433,0,-1,0,20,20,1.074583547501700e-06,5.436023476395454e-02,4.239372156021085e-02,0.000000000000000e+00,0.000000000000000e+00,0.000000000000000e+00,-1.000000000000000e+00,705 592 591
1434,0,-1,0,20,20,5.692406997458926e-07,6.875627375800634e-02,3.858248397339551e-02,0.000000000000000e+00,0.000000000000000e+00,0.000000000000000e+00,-1.000000000000000e+00,835 834 653
1435,0,-1,0,20,20,6.253561277981968e-07,6.771538567432533e-02,3.900986740313354e-02,0.000000000000000e+00,0.000000000000000e+00,0.000000000000000e+00,-1.000000000000000e+00,834 830 847
1436,0,-1,0,20,20,6.162250325773317e-07,6.669821874606385e-02,3.904358274266445e-02,0.000000000000000e+00,0.000000000000000e+00,0.000000000000000e+00,-1.000000000000000e+00,847 830 815
1437,0,-1,0,20,20,2.798074532542999e-07,7.183068479599065e-02,3.033145135094614e-02,0.000000000000000e+00,0.000000000000000e+00,0.000000000000000e+00,-1.000000000000000e+00,722 140 734
1438,0,-1,0,20,20,4.219565243479450e-07,7.047571979065634e-02,3.592601558650069e-02,0.000000000000000e+00,0.000000000000000e+00,0.000000000000000e+00,-1.000000000000000e+00,703 656 657
1439,0,-1,0,20,20,6.495966737939407e-07,6.642877031310805e-02,3.726135851775510e-02,0.000000000000000e+00,0.000000000000000e+00,0.000000000000000e+00,-1.000000000000000e+00,818 828 824
1440,0,-1,0,20,20,5.856713679354356e-07,6.907166264194360e-02,3.938701024752785e-02,0.000000000000000e+00,0.000000000000000e+00,0.000000000000000e+00,-1.000000000000000e+00,653 834 652
1441,0,-1,0,20,20,1.034164259235587e-06,6.600425923373954e-02,3.722608657288371e-02,0.000000000000000e+00,0.000000000000000e+00,0.000000000000000e+00,-1.000000000000000e+00,818 824 697
1442,0,-1,0,20,20,4.754589737746272e-07,6.958581576971812e-02,3.854390879642450e-02,0.000000000000000e+00,0.000000000000000e+00,0.000000000000000e+00,-1.000000000000000e+00,654 835 653
1443,0,-1,0,20,20,1.470490023639423e-06,3.357042779130261e-02,3.030723082672166e-02,0.000000000000000e+00,0.000000000000000e+00,0.000000000000000e+00,-1.000000000000000e+00,544 685 545
1444,0,-1,0,20,20,4.424135704993688e-07,6.927199820569027e-02,3.778238370342221e-02,0.000000000000000e+00,0.000000000000000e+00,0.000000000000000e+00,-1.000000000000000e+00,808 835 654
1445,0,-1,0,20,20,3.663797079329927e-07,6.811863776556698e-02,3.798833719574218e-02,0.000000000000000e+00,0.000000000000000e+00,0.000000000000000e+00,-1.000000000000000e+00,829 835 719
1446,0,-1,0,20,20,5.195985095094075e-07,6.695168751344688e-02,3.801174381700078e-02,0.000000000000000e+00,0.000000000000000e+00,0.000000000000000e+00,-1.000000000000000e+00,830 828 818
1447,0,-1,0,20,20,2.766263781953062e-06,4.647744106502862e-02,2.003858639684136e-02,0.000000000000000e+00,0.000000000000000e+00,0.000000000000000e+00,-1.000000000000000e+00,151 672 748
1448,0,-1,0,20,20,4.550997002808491e-07,7.005615153408906e-02,3.769591617627534e-02,0.000000000000000e+00,0.000000000000000e+00,0.000000000000000e+00,-1.000000000000000e+00,655 808 654
1449,0,-1,0,20,20,1.011771948759821e-06,6.674749372152938e-02,3.603671209977916e-02,0.000000000000000e+00,0.000000000000000e+00,0.000000000000000e+00,-1.000000000000000e+00,824 720 840
1450,0,-1,0,20,20,1.542903516157332e-06,6.635735041980118e-02,3.577851020690861e-02,0.000000000000000e+00,0.000000000000000e+00,0.000000000000000e+00,-1.000000000000000e+00,824 840 823
1451,0,-1,0,20,20,2.267394432234044e-07,6.210367531032754e-02,4.969913039300911e-02,0.000000000000000e+00,0.000000000000000e+00,0.000000000000000e+00,-1.000000000000000e+00,640 778 836
1452,0,-1,0,20,20,2.117203143015352e-07,6.215338297322230e-02,4.722145962981396e-02,0.000000000000000e+00,0.000000000000000e+00,0.000000000000000e+00,-1.000000000000000e+00,772 514 568
1453,0,-1,0,20,20,6.804233027820147e-07,6.724732354249366e-02,3.697570793446241e-02,0.000000000000000e+00,0.000000000000000e+00,0.000000000000000e+00,-1.000000000000000e+00,828 720 824
1454,0,-1,0,20,20,2.262264114947907e-07,6.162718401924645e-02,4.960394862175425e-02,0.000000000000000e+00,0.000000000000000e+00,0.000000000000000e+00,-1.000000000000000e+00,836 778 565
1455,0,-1,0,20,20,2.495264947072201e-07,6.145815366837882e-02,4.993680370772928e-02,0.000000000000000e+00,0.000000000000000e+00,0.000000000000000e+00,-1.000000000000000e+00,836 566 639
1456,0,-1,0,30,30,2.036780627548255e-05,3.292895957325254e-02,2.237038094264360e-02,0.000000000000000e+00,0.000000000000000e+00,0.000000000000000e+00,-1.000000000000000e+00,848 850 849
1457,0,-1,0,30,30,4.317752273078177e-06,3.810798455854335e-02,2.260230616309384e-02,0.000000000000000e+00,0.000000000000000e+00,0.000000000000000e+00,-1.000000000000000e+00,549 848 548
1458,0,-1,0,30,30,1.496313657946020e-05,2.858236739198089e-02,2.099825475054680e-02,0.000000000000000e+00,0.000000000000000e+00,0.000000000000000e+00,-1.000000000000000e+00,850 848 851
1459,0,-1,0,30,30,1.079778914963976e-05,2.710284728103987e-02,2.024908435790353e-02,0.000000000000000e+00,0.000000000000000e+00,0.000000000000000e+00,-1.000000000000000e+00,850 851 553
1460,0,-1,0,30,30,1.374654327515632e-05,3.046063966366518e-02,2.610775153870980e-02,0.000000000000000e+00,0.000000000000000e+00,0.000000000000000e+00,-1.000000000000000e+00,849 850 556
1461,0,-1,0,30,30,7.096551739743214e-06,2.618159921061556e-02,2.534817749140228e-02,0.000000000000000e+00,0.000000000000000e+00,0.000000000000000e+00,-1.000000000000000e+00,556 850 555
1462,0,-1,0,30,30,9.169434092274059e-06,2.958047067198179e-02,1.589753621412174e-02,0.000000000000000e+00,0.000000000000000e+00,0.000000000000000e+00,-1.000000000000000e+00,851 64 6
1463,0,-1,0,30,30,1.751814738553293e-05,3.383507492898434e-02,1.596185683963778e-02,0.000000000000000e+00,0.000000000000000e+00,0.000000000000000e+00,-1.000000000000000e+00,63 851 848
1464,0,-1,0,30,30,2.962954479156987e-06,3.305144235375591e-02,2.737495871068700e-02,0.000000000000000e+00,0.000000000000000e+00,0.000000000000000e+00,-1.000000000000000e+00,849 545 546
1465,0,-1,0,30,30,1.170798406981529e-05,3.322817995003421e-02,2.596890767840565e-02,0.000000000000000e+00,0.000000000000000e+00,0.000000000000000e+00,-1.000000000000000e+00,849 547 848
1466,0,-1,0,30,30,3.043312850178177e-06,3.594447818319800e-02,2.624572820657461e-02,0.000000000000000e+00,0.000000000000000e+00,0.000000000000000e+00,-1.000000000000000e+00,547 849 546
1467,0,-1,0,30,30,6.612925322920385e-06,2.591094775797497e-02,1.641460023020849e-02,0.000000000000000e+00,0.000000000000000e+00,0.000000000000000e+00,-1.000000000000000e+00,553 851 554
1468,0,-1,0,30,30,6.392819758563679e-06,2.714915548187047e-02,1.426137723589272e-02,0.000000000000000e+00,0.000000000000000e+00,0.000000000000000e+00,-1.000000000000000e+00,554 851 6
1469,0,-1,0,30,30,6.776460477460254e-06,3.079554474754517e-02,2.727607834180306e-02,0.000000000000000e+00,0.000000000000000e+00,0.000000000000000e+00,-1.000000000000000e+00,849 556 557
1470,0,-1,0,30,30,6.776460477460271e-06,3.162129740575526e-02,2.810183100001314e-02,0.000000000000000e+00,0.000000000000000e+00,0.000000000000000e+00,-1.000000000000000e+00,849 557 502
1471,0,-1,0,30,30,2.961025838682925e-06,3.390594864379014e-02,2.885859322822685e-02,0.000000000000000e+00,0.000000000000000e+00,0.000000000000000e+00,-1.000000000000000e+00,545 849 544
1472,0,-1,0,30,30,3.037530600032705e-06,3.280315898978811e-02,3.009585989727319e-02,0.000000000000000e+00,0.000000000000000e+00,0.000000000000000e+00,-1.000000000000000e+00,544 849 502
1473,0,-1,0,30,30,4.933982904505975e-06,3.576167160377675e-02,1.525646031623799e-02,0.000000000000000e+00,0.000000000000000e+00,0.000000000000000e+00,-1.000000000000000e+00,63 852 62
1474,0,-1,0,30,30,1.363793402807454e-05,3.716500982406248e-02,1.847825396738822e-02,0.000000000000000e+00,0.000000000000000e+00,0.000000000000000e+00,-1.000000000000000e+00,852 63 848
1475,0,-1,0,30,30,7.096551739743195e-06,2.394282511027103e-02,2.310940339105776e-02,0.000000000000000e+00,0.000000000000000e+00,0.000000000000000e+00,-1.000000000000000e+00,555 850 503
1476,0,-1,0,30,30,6.833548285885131e-06,2.609858352675102e-02,2.047659832036442e-02,0.000000000000000e+00,0.000000000000000e+00,0.000000000000000e+00,-1.000000000000000e+00,850 553 552
1477,0,-1,0,30,30,6.776845016351523e-06,2.551766454190267e-02,2.118445015148311e-02,0.000000000000000e+00,0.000000000000000e+00,0.000000000000000e+00,-1.000000000000000e+00,850 552 503
1478,0,-1,0,30,30,4.334586833463496e-06,3.536825159914107e-02,2.257353239786568e-02,0.000000000000000e+00,0.000000000000000e+00,0.000000000000000e+00,-1.000000000000000e+00,848 547 548
1479,0,-1,0,30,30,8.205012586275743e-06,3.816978632150852e-02,2.175444067886296e-02,0.000000000000000e+00,0.000000000000000e+00,0.000000000000000e+00,-1.000000000000000e+00,549 852 848
1480,0,-1,0,30,30,2.313590345177648e-06,3.952461986637047e-02,2.072820622796533e-02,0.000000000000000e+00,0.000000000000000e+00,0.000000000000000e+00,-1.000000000000000e+00,550 852 549
1481,0,-1,0,30,30,4.933982904505995e-06,3.868677093001131e-02,1.646807612845275e-02,0.000000000000000e+00,0.000000000000000e+00,0.000000000000000e+00,-1.000000000000000e+00,62 852 4
1482,0,-1,0,30,30,9.169434092274045e-06,3.065936851334730e-02,1.634443033243039e-02,0.000000000000000e+00,0.000000000000000e+00,0.000000000000000e+00,-1.000000000000000e+00,851 63 64
1483,0,-1,0,30,30,2.266848976921048e-06,3.897239474400800e-02,1.909598616737396e-02,0.000000000000000e+00,0.000000000000000e+00,0.000000000000000e+00,-1.000000000000000e+00,852 550 551
1484,0,-1,0,30,30,2.299862415599020e-06,3.923072426895987e-02,1.854199671334275e-02,0.000000000000000e+00,0.000000000000000e+00,0.000000000000000e+00,-1.000000000000000e+00,852 551 4
1485,0,-1,0,50001,50001,3.583574372651914e-07,5.884290780333291e-02,4.532378380544522e-02,0.000000000000000e+00,0.000000000000000e+00,0.000000000000000e+00,-1.000000000000000e+00,853 855 854
1486,0,-1,0,50001,50001,3.754567449345238e-07,5.869679167275775e-02,4.512553163004226e-02,0.000000000000000e+00,0.000000000000000e+00,0.000000000000000e+00,-1.000000000000000e+00,853 854 856
1487,0,-1,0,50001,50001,3.501882449729438e-07,5.710985134028292e-02,4.430472197635108e-02,0.000000000000000e+00,0.000000000000000e+00,0.000000000000000e+00,-1.000000000000000e+00,857 859 858
1488,0,-1,0,50001,50001,4.063166631357029e-07,5.582434771301020e-02,3.413538136198313e-02,0.000000000000000e+00,0.000000000000000e+00,0.000000000000000e+00,-1.000000000000000e+00,860 862 861
1489,0,-1,0,50001,50001,2.983787670605305e-07,5.689359979053858e-02,4.432825739739085e-02,0.000000000000000e+00,0.000000000000000e+00,0.000000000000000e+00,-1.000000000000000e+00,857 858 593
1490,0,-1,0,50001,50001,3.744939111284566e-07,6.048310198652222e-02,4.509024763045107e-02,0.000000000000000e+00,0.000000000000000e+00,0.000000000000000e+00,-1.000000000000000e+00,863 864 598
1491,0,-1,0,50001,50001,4.046945059317857e-07,5.560495599227770e-02,3.317748012083967e-02,0.000000000000000e+00,0.000000000000000e+00,0.000000000000000e+00,-1.000000000000000e+00,865 860 866
1492,0,-1,0,50001,50001,4.195435232460425e-07,5.868007611144561e-02,4.551418321616309e-02,0.000000000000000e+00,0.000000000000000e+00,0.000000000000000e+00,-1.000000000000000e+00,853 867 855
1493,0,-1,0,50001,50001,2.426099448851584e-07,5.737966745800779e-02,3.153410125762750e-02,0.000000000000000e+00,0.000000000000000e+00,0.000000000000000e+00,-1.000000000000000e+00,868 870 869
1494,0,-1,0,50001,50001,2.346648697409680e-07,5.758495494945802e-02,3.153589118718247e-02,0.000000000000000e+00,0.000000000000000e+00,0.000000000000000e+00,-1.000000000000000e+00,868 869 612
1495,0,-1,0,50001,50001,3.371907638511195e-07,5.659013431824444e-02,2.887034096453552e-02,0.000000000000000e+00,0.000000000000000e+00,0.000000000000000e+00,-1.000000000000000e+00,871 873 872
1496,0,-1,0,50001,50001,3.490256437790809e-07,5.518418042671291e-02,2.915527327627504e-02,0.000000000000000e+00,0.000000000000000e+00,0.000000000000000e+00,-1.000000000000000e+00,874 876 875
1497,0,-1,0,50001,50001,3.019032795285936e-07,5.680155865641515e-02,2.878054049843496e-02,0.000000000000000e+00,0.000000000000000e+00,0.000000000000000e+00,-1.000000000000000e+00,871 872 615
1498,0,-1,0,50001,50001,2.724241017901188e-07,5.759792442161359e-02,4.423719064512604e-02,0.000000000000000e+00,0.000000000000000e+00,0.000000000000000e+00,-1.000000000000000e+00,859 857 877
1499,0,-1,0,50001,50001,3.918676622020163e-07,5.539106050908741e-02,3.225232402272943e-02,0.000000000000000e+00,0.000000000000000e+00,0.000000000000000e+00,-1.000000000000000e+00,878 865 879
1500,0,-1,0,50001,50001,3.385479521918313e-07,5.843613741791293e-02,4.384931439084460e-02,0.000000000000000e+00,0.000000000000000e+00,0.000000000000000e+00,-1.000000000000000e+00,880 859 856
1501,0,-1,0,50001,50001,3.152084504139155e-07,5.703347837094135e-02,2.957566188142744e-02,0.000000000000000e+00,0.000000000000000e+00,0.000000000000000e+00,-1.000000000000000e+00,872 881 614
1502,0,-1,0,50001,50001,2.612571179542762e-07,5.726942277115300e-02,3.087037061111236e-02,0.000000000000000e+00,0.000000000000000e+00,0.000000000000000e+00,-1.000000000000000e+00,882 868 613
1503,0,-1,0,50001,50001,4.821208215430948e-07,5.519629100829073e-02,3.125442572936293e-02,0.000000000000000e+00,0.000000000000000e+00,0.000000000000000e+00,-1.000000000000000e+00,883 878 884
1504,0,-1,0,50001,50001,3.506935824666679e-07,5.780546061693660e-02,4.466888585032936e-02,0.000000000000000e+00,0.000000000000000e+00,0.000000000000000e+00,-1.000000000000000e+00,877 856 859
1505,0,-1,0,50001,50001,2.378518682000509e-07,5.690208234069589e-02,3.220417307289045e-02,0.000000000000000e+00,0.000000000000000e+00,0.000000000000000e+00,-1.000000000000000e+00,885 869 870
1506,0,-1,0,50001,50001,4.677993729734795e-07,5.709265451070771e-02,3.052493149215435e-02,0.000000000000000e+00,0.000000000000000e+00,0.000000000000000e+00,-1.000000000000000e+00,882 614 881
1507,0,-1,0,50001,50001,3.877057254349251e-07,5.487952137998690e-02,3.036204911873045e-02,0.000000000000000e+00,0.000000000000000e+00,0.000000000000000e+00,-1.000000000000000e+00,886 883 887
1508,0,-1,0,50001,50001,3.300296861269826e-07,5.584665561429414e-02,2.849662164189706e-02,0.000000000000000e+00,0.000000000000000e+00,0.000000000000000e+00,-1.000000000000000e+00,876 871 888
1509,0,-1,0,50001,50001,1.955237246035765e-07,5.721018514376124e-02,3.329374124123660e-02,0.000000000000000e+00,0.000000000000000e+00,0.000000000000000e+00,-1.000000000000000e+00,889 891 890
1510,0,-1,0,50001,50001,2.782954119716281e-07,5.753078058431602e-02,3.284196628508930e-02,0.000000000000000e+00,0.000000000000000e+00,0.000000000000000e+00,-1.000000000000000e+00,890 891 611
1511,0,-1,0,50001,50001,4.401756042722996e-07,5.632496021098781e-02,2.803103393442279e-02,0.000000000000000e+00,0.000000000000000e+00,0.000000000000000e+00,-1.000000000000000e+00,888 871 616
1512,0,-1,0,50001,50001,3.733577725025141e-07,5.610932058013070e-02,2.913616168221216e-02,0.000000000000000e+00,0.000000000000000e+00,0.000000000000000e+00,-1.000000000000000e+00,873 871 876
1513,0,-1,0,50001,50001,1.785415285559109e-07,5.743667367512634e-02,3.425950593070182e-02,0.000000000000000e+00,0.000000000000000e+00,0.000000000000000e+00,-1.000000000000000e+00,892 894 893
1514,0,-1,0,50001,50001,2.631515632062305e-07,5.776773212550480e-02,3.383478861658407e-02,0.000000000000000e+00,0.000000000000000e+00,0.000000000000000e+00,-1.000000000000000e+00,893 894 610
1515,0,-1,0,50001,50001,3.474088400205089e-07,5.589164290763492e-02,2.925015570505625e-02,0.000000000000000e+00,0.000000000000000e+00,0.000000000000000e+00,-1.000000000000000e+00,873 876 874
1516,0,-1,0,50001,50001,3.916441114137807e-07,5.634629157943843e-02,3.001725274501310e-02,0.000000000000000e+00,0.000000000000000e+00,0.000000000000000e+00,-1.000000000000000e+00,881 873 887
1517,0,-1,0,50001,50001,1.779329936836816e-07,5.765958857931799e-02,3.521605836496935e-02,0.000000000000000e+00,0.000000000000000e+00,0.000000000000000e+00,-1.000000000000000e+00,895 897 896
1518,0,-1,0,50001,50001,2.626078674491345e-07,5.799102302895857e-02,3.479230981782203e-02,0.000000000000000e+00,0.000000000000000e+00,0.000000000000000e+00,-1.000000000000000e+00,896 897 609
1519,0,-1,0,50001,50001,4.065802112918866e-07,5.604656948567708e-02,3.509187679404933e-02,0.000000000000000e+00,0.000000000000000e+00,0.000000000000000e+00,-1.000000000000000e+00,862 899 898
1520,0,-1,0,50001,50001,3.194679250402068e-07,5.656483810567010e-02,2.989109321381449e-02,0.000000000000000e+00,0.000000000000000e+00,0.000000000000000e+00,-1.000000000000000e+00,881 872 873
1521,0,-1,0,50001,50001,1.779110678194874e-07,5.788237363610937e-02,3.617228004481043e-02,0.000000000000000e+00,0.000000000000000e+00,0.000000000000000e+00,-1.000000000000000e+00,900 902 901
1522,0,-1,0,50001,50001,2.625881427331207e-07,5.821382177241028e-02,3.574856629587533e-02,0.000000000000000e+00,0.000000000000000e+00,0.000000000000000e+00,-1.000000000000000e+00,901 902 608
1523,0,-1,0,50001,50001,3.820869555790272e-07,5.560891164620892e-02,2.995768042551290e-02,0.000000000000000e+00,0.000000000000000e+00,0.000000000000000e+00,-1.000000000000000e+00,887 873 874
1524,0,-1,0,50001,50001,2.872420765665046e-07,5.953871645054654e-02,4.468273899984122e-02,0.000000000000000e+00,0.000000000000000e+00,0.000000000000000e+00,-1.000000000000000e+00,854 904 903
1525,0,-1,0,50001,50001,1.779102620040140e-07,5.810515378189728e-02,3.712848972472704e-02,0.000000000000000e+00,0.000000000000000e+00,0.000000000000000e+00,-1.000000000000000e+00,905 907 906
1526,0,-1,0,50001,50001,2.625874009535724e-07,5.843660243939332e-02,3.670477724125686e-02,0.000000000000000e+00,0.000000000000000e+00,0.000000000000000e+00,-1.000000000000000e+00,906 907 607
1527,0,-1,0,50001,50001,3.562878345265024e-07,5.967804712230811e-02,4.481148443138587e-02,0.000000000000000e+00,0.000000000000000e+00,0.000000000000000e+00,-1.000000000000000e+00,854 863 904
1528,0,-1,0,50001,50001,3.808886687573341e-07,6.028419437307305e-02,4.424547875608424e-02,0.000000000000000e+00,0.000000000000000e+00,0.000000000000000e+00,-1.000000000000000e+00,904 863 599
1529,0,-1,0,50001,50001,1.779102277736579e-07,5.832793371559813e-02,3.808469895342680e-02,0.000000000000000e+00,0.000000000000000e+00,0.000000000000000e+00,-1.000000000000000e+00,908 910 909
1530,0,-1,0,50001,50001,2.625873703537609e-07,5.865938239506164e-02,3.766098651901399e-02,0.000000000000000e+00,0.000000000000000e+00,0.000000000000000e+00,-1.000000000000000e+00,909 910 606
1531,0,-1,0,50001,50001,4.066232464358529e-07,5.626925723946884e-02,3.604813425764741e-02,0.000000000000000e+00,0.000000000000000e+00,0.000000000000000e+00,-1.000000000000000e+00,899 912 911
1532,0,-1,0,50001,50001,4.073432869178456e-07,5.730068587879832e-02,3.061713945672390e-02,0.000000000000000e+00,0.000000000000000e+00,0.000000000000000e+00,-1.000000000000000e+00,882 613 614
1533,0,-1,0,50001,50001,1.779101923114956e-07,5.855071360843713e-02,3.904090818818987e-02,0.000000000000000e+00,0.000000000000000e+00,0.000000000000000e+00,-1.000000000000000e+00,913 915 914
1534,0,-1,0,50001,50001,2.625874280837763e-07,5.888216227347252e-02,3.861719576760209e-02,0.000000000000000e+00,0.000000000000000e+00,0.000000000000000e+00,-1.000000000000000e+00,914 915 605
1535,0,-1,0,50001,50001,2.532617159580304e-07,5.695860674378959e-02,3.147636054473004e-02,0.000000000000000e+00,0.000000000000000e+00,0.000000000000000e+00,-1.000000000000000e+00,870 868 882
1536,0,-1,0,50001,50001,2.169749103261151e-07,5.724316187200255e-02,3.262223305064942e-02,0.000000000000000e+00,0.000000000000000e+00,0.000000000000000e+00,-1.000000000000000e+00,890 869 885
1537,0,-1,0,50001,50001,1.779092056580309e-07,5.877349267942321e-02,3.999711815705417e-02,0.000000000000000e+00,0.000000000000000e+00,0.000000000000000e+00,-1.000000000000000e+00,916 918 917
1538,0,-1,0,50001,50001,2.625891044923869e-07,5.910494091602739e-02,3.957340611887508e-02,0.000000000000000e+00,0.000000000000000e+00,0.000000000000000e+00,-1.000000000000000e+00,917 918 604
1539,0,-1,0,50001,50001,2.913593475609764e-07,5.705835102510034e-02,3.277275460085675e-02,0.000000000000000e+00,0.000000000000000e+00,0.000000000000000e+00,-1.000000000000000e+00,890 885 866
1540,0,-1,0,50001,50001,4.549197588562195e-07,5.682883846948669e-02,3.074153984306966e-02,0.000000000000000e+00,0.000000000000000e+00,0.000000000000000e+00,-1.000000000000000e+00,882 881 884
1541,0,-1,0,50001,50001,1.778812344922278e-07,5.899624952458937e-02,4.095335020050915e-02,0.000000000000000e+00,0.000000000000000e+00,0.000000000000000e+00,-1.000000000000000e+00,919 921 920
1542,0,-1,0,50001,50001,2.626343470818788e-07,5.932768482552805e-02,4.052964692701876e-02,0.000000000000000e+00,0.000000000000000e+00,0.000000000000000e+00,-1.000000000000000e+00,920 921 603
1543,0,-1,0,50001,50001,4.066303025403964e-07,5.649202191201949e-02,3.700435158007807e-02,0.000000000000000e+00,0.000000000000000e+00,0.000000000000000e+00,-1.000000000000000e+00,912 923 922
1544,0,-1,0,50001,50001,1.768835960771163e-07,5.749719866800243e-02,3.365922181892023e-02,0.000000000000000e+00,0.000000000000000e+00,0.000000000000000e+00,-1.000000000000000e+00,893 891 889
1545,0,-1,0,50001,50001,1.777895197836578e-07,5.921766694311544e-02,4.191052658029334e-02,0.000000000000000e+00,0.000000000000000e+00,0.000000000000000e+00,-1.000000000000000e+00,924 926 925
1546,0,-1,0,50001,50001,2.636629214298048e-07,5.954965129678171e-02,4.148661052490842e-02,0.000000000000000e+00,0.000000000000000e+00,0.000000000000000e+00,-1.000000000000000e+00,925 926 602
1547,0,-1,0,50001,50001,2.502425468057476e-07,5.730278502727627e-02,3.378081369538047e-02,0.000000000000000e+00,0.000000000000000e+00,0.000000000000000e+00,-1.000000000000000e+00,893 889 861
1548,0,-1,0,50001,50001,1.759101225035181e-07,5.772110434987341e-02,3.461832486515412e-02,0.000000000000000e+00,0.000000000000000e+00,0.000000000000000e+00,-1.000000000000000e+00,896 894 892
1549,0,-1,0,50001,50001,1.869609414877159e-07,5.941127385671367e-02,4.289565623211695e-02,0.000000000000000e+00,0.000000000000000e+00,0.000000000000000e+00,-1.000000000000000e+00,927 929 928
1550,0,-1,0,50001,50001,2.763483343927422e-07,5.976210229898399e-02,4.245483203723239e-02,0.000000000000000e+00,0.000000000000000e+00,0.000000000000000e+00,-1.000000000000000e+00,928 929 601
1551,0,-1,0,50001,50001,2.509507928794347e-07,5.752605690997634e-02,3.473827866762186e-02,0.000000000000000e+00,0.000000000000000e+00,0.000000000000000e+00,-1.000000000000000e+00,896 892 898
1552,0,-1,0,50001,50001,4.169687625503877e-07,5.618829625813707e-02,3.196457982161146e-02,0.000000000000000e+00,0.000000000000000e+00,0.000000000000000e+00,-1.000000000000000e+00,879 870 884
1553,0,-1,0,50001,50001,2.236157645936847e-07,5.956146456636768e-02,4.402153935281457e-02,0.000000000000000e+00,0.000000000000000e+00,0.000000000000000e+00,-1.000000000000000e+00,903 904 930
1554,0,-1,0,50001,50001,4.279370869093302e-07,5.992836923248845e-02,4.353008457194349e-02,0.000000000000000e+00,0.000000000000000e+00,0.000000000000000e+00,-1.000000000000000e+00,930 904 600
1555,0,-1,0,50001,50001,4.066314634139136e-07,5.671479930705353e-02,3.796056214950261e-02,0.000000000000000e+00,0.000000000000000e+00,0.000000000000000e+00,-1.000000000000000e+00,923 932 931
1556,0,-1,0,50001,50001,1.758749967461559e-07,5.794392557534711e-02,3.557463823079247e-02,0.000000000000000e+00,0.000000000000000e+00,0.000000000000000e+00,-1.000000000000000e+00,901 897 895
1557,0,-1,0,50001,50001,4.751613712671421e-07,5.601895552854882e-02,3.084028731758248e-02,0.000000000000000e+00,0.000000000000000e+00,0.000000000000000e+00,-1.000000000000000e+00,884 881 887
1558,0,-1,0,50001,50001,4.097335556258808e-07,5.464469045141528e-02,3.050436025464646e-02,0.000000000000000e+00,0.000000000000000e+00,0.000000000000000e+00,-1.000000000000000e+00,886 933 883
1559,0,-1,0,50001,50001,2.509756831093020e-07,5.774885531336866e-02,3.569453335456540e-02,0.000000000000000e+00,0.000000000000000e+00,0.000000000000000e+00,-1.000000000000000e+00,901 895 911
1560,0,-1,0,50001,50001,1.758737003047794e-07,5.816670711099023e-02,3.653085125186111e-02,0.000000000000000e+00,0.000000000000000e+00,0.000000000000000e+00,-1.000000000000000e+00,906 902 900
1561,0,-1,0,50001,50001,3.481767877643485e-07,5.959707677562338e-02,4.549355441339209e-02,0.000000000000000e+00,0.000000000000000e+00,0.000000000000000e+00,-1.000000000000000e+00,855 863 854
1562,0,-1,0,50001,50001,2.509765168868558e-07,5.797163601244035e-02,3.665074426428441e-02,0.000000000000000e+00,0.000000000000000e+00,0.000000000000000e+00,-1.000000000000000e+00,906 900 922
1563,0,-1,0,50001,50001,3.604617950382533e-07,5.446751136707219e-02,3.037562182100205e-02,0.000000000000000e+00,0.000000000000000e+00,0.000000000000000e+00,-1.000000000000000e+00,886 934 933
1564,0,-1,0,50001,50001,4.066316549062580e-07,5.693757880978853e-02,3.891677158522429e-02,0.000000000000000e+00,0.000000000000000e+00,0.000000000000000e+00,-1.000000000000000e+00,932 936 935
1565,0,-1,0,50001,50001,1.758736489248930e-07,5.838948710751989e-02,3.748706060898623e-02,0.000000000000000e+00,0.000000000000000e+00,0.000000000000000e+00,-1.000000000000000e+00,909 907 905
1566,0,-1,0,50001,50001,2.509765394653599e-07,5.819441597636160e-02,3.760695354391964e-02,0.000000000000000e+00,0.000000000000000e+00,0.000000000000000e+00,-1.000000000000000e+00,909 905 931
1567,0,-1,0,50001,50001,3.457198072243676e-07,5.391052255971628e-02,3.094857652312307e-02,0.000000000000000e+00,0.000000000000000e+00,0.000000000000000e+00,-1.000000000000000e+00,933 934 579
1568,0,-1,0,50001,50001,2.753886865477501e-07,5.738848153384349e-02,4.484986562652572e-02,0.000000000000000e+00,0.000000000000000e+00,0.000000000000000e+00,-1.000000000000000e+00,877 857 594
1569,0,-1,0,50001,50001,1.758736491992413e-07,5.861226701282732e-02,3.844326983907766e-02,0.000000000000000e+00,0.000000000000000e+00,0.000000000000000e+00,-1.000000000000000e+00,914 910 908
1570,0,-1,0,50001,50001,2.509765363597042e-07,5.841719588148563e-02,3.856316277044505e-02,0.000000000000000e+00,0.000000000000000e+00,0.000000000000000e+00,-1.000000000000000e+00,914 908 935
1571,0,-1,0,50001,50001,3.784965466102512e-07,5.752259481010017e-02,4.329948587824610e-02,0.000000000000000e+00,0.000000000000000e+00,0.000000000000000e+00,-1.000000000000000e+00,937 858 859
1572,0,-1,0,50001,50001,4.594053975871936e-07,5.493288939060612e-02,3.140257522329180e-02,0.000000000000000e+00,0.000000000000000e+00,0.000000000000000e+00,-1.000000000000000e+00,883 938 878
1573,0,-1,0,50001,50001,4.512671316347431e-07,5.475481171624163e-02,3.125495935935318e-02,0.000000000000000e+00,0.000000000000000e+00,0.000000000000000e+00,-1.000000000000000e+00,883 933 938
1574,0,-1,0,50001,50001,3.996318763420054e-07,5.716037841670455e-02,3.987045070461603e-02,0.000000000000000e+00,0.000000000000000e+00,0.000000000000000e+00,-1.000000000000000e+00,936 940 939
1575,0,-1,0,50001,50001,3.790337064543191e-07,5.412972986811151e-02,3.189250029679791e-02,0.000000000000000e+00,0.000000000000000e+00,0.000000000000000e+00,-1.000000000000000e+00,938 933 580
1576,0,-1,0,50001,50001,4.310819260419066e-07,5.514677766856806e-02,3.238163059682052e-02,0.000000000000000e+00,0.000000000000000e+00,0.000000000000000e+00,-1.000000000000000e+00,878 941 865
1577,0,-1,0,50001,50001,1.758737698237144e-07,5.883504635581549e-02,3.939947956365870e-02,0.000000000000000e+00,0.000000000000000e+00,0.000000000000000e+00,-1.000000000000000e+00,917 915 913
1578,0,-1,0,50001,50001,2.509764886375686e-07,5.863997525007501e-02,3.951937247224997e-02,0.000000000000000e+00,0.000000000000000e+00,0.000000000000000e+00,-1.000000000000000e+00,917 913 939
1579,0,-1,0,50001,50001,4.419535203216748e-07,5.496959369837925e-02,3.223748455410730e-02,0.000000000000000e+00,0.000000000000000e+00,0.000000000000000e+00,-1.000000000000000e+00,878 938 941
1580,0,-1,0,50001,50001,3.783892444545569e-07,5.435230661078580e-02,3.284888249208367e-02,0.000000000000000e+00,0.000000000000000e+00,0.000000000000000e+00,-1.000000000000000e+00,941 938 581
1581,0,-1,0,50001,50001,1.758771429703288e-07,5.905781005372541e-02,4.035570329364400e-02,0.000000000000000e+00,0.000000000000000e+00,0.000000000000000e+00,-1.000000000000000e+00,920 918 916
1582,0,-1,0,50001,50001,2.509751759847113e-07,5.886273967387053e-02,4.047559555267177e-02,0.000000000000000e+00,0.000000000000000e+00,0.000000000000000e+00,-1.000000000000000e+00,920 916 942
1583,0,-1,0,50001,50001,4.394074148570944e-07,5.536395300098601e-02,3.332353943189059e-02,0.000000000000000e+00,0.000000000000000e+00,0.000000000000000e+00,-1.000000000000000e+00,865 943 860
1584,0,-1,0,50001,50001,4.409370393447802e-07,5.518751010578152e-02,3.317903050897457e-02,0.000000000000000e+00,0.000000000000000e+00,0.000000000000000e+00,-1.000000000000000e+00,865 941 943
1585,0,-1,0,50001,50001,3.783778575644325e-07,5.457508760532068e-02,3.380509678784944e-02,0.000000000000000e+00,0.000000000000000e+00,0.000000000000000e+00,-1.000000000000000e+00,943 941 582
1586,0,-1,0,50001,50001,3.035869256687072e-07,5.739848076753230e-02,4.077997862067571e-02,0.000000000000000e+00,0.000000000000000e+00,0.000000000000000e+00,-1.000000000000000e+00,940 944 942
1587,0,-1,0,50001,50001,4.323817016343625e-07,5.691936624321464e-02,4.001650409287480e-02,0.000000000000000e+00,0.000000000000000e+00,0.000000000000000e+00,-1.000000000000000e+00,936 945 940
1588,0,-1,0,50001,50001,4.378984284857413e-07,5.674304967598356e-02,3.987445060784969e-02,0.000000000000000e+00,0.000000000000000e+00,0.000000000000000e+00,-1.000000000000000e+00,936 946 945
1589,0,-1,0,50001,50001,1.759644668861860e-07,5.928013061970653e-02,4.131230683050023e-02,0.000000000000000e+00,0.000000000000000e+00,0.000000000000000e+00,-1.000000000000000e+00,925 921 919
1590,0,-1,0,50001,50001,2.509296508064397e-07,5.908508075412694e-02,4.143218136179361e-02,0.000000000000000e+00,0.000000000000000e+00,0.000000000000000e+00,-1.000000000000000e+00,925 919 947
1591,0,-1,0,50001,50001,3.783775622838348e-07,5.613454709855884e-02,4.049856131561497e-02,0.000000000000000e+00,0.000000000000000e+00,0.000000000000000e+00,-1.000000000000000e+00,945 946 589
1592,0,-1,0,50001,50001,4.378984514281260e-07,5.669656663633920e-02,3.906282497350910e-02,0.000000000000000e+00,0.000000000000000e+00,0.000000000000000e+00,-1.000000000000000e+00,932 946 936
1593,0,-1,0,50001,50001,1.782023620856343e-07,5.949538443123377e-02,4.227649165227752e-02,0.000000000000000e+00,0.000000000000000e+00,0.000000000000000e+00,-1.000000000000000e+00,928 926 924
1594,0,-1,0,50001,50001,2.506060584388218e-07,5.930070962275655e-02,4.239598710356329e-02,0.000000000000000e+00,0.000000000000000e+00,0.000000000000000e+00,-1.000000000000000e+00,928 924 948
1595,0,-1,0,50001,50001,4.378984810454931e-07,5.652026982115515e-02,3.891824136356462e-02,0.000000000000000e+00,0.000000000000000e+00,0.000000000000000e+00,-1.000000000000000e+00,932 949 946
1596,0,-1,0,50001,50001,3.783775622822266e-07,5.591176717659398e-02,3.954235210811105e-02,0.000000000000000e+00,0.000000000000000e+00,0.000000000000000e+00,-1.000000000000000e+00,946 949 588
1597,0,-1,0,50001,50001,4.378986180212354e-07,5.647378713391334e-02,3.810661553798594e-02,0.000000000000000e+00,0.000000000000000e+00,0.000000000000000e+00,-1.000000000000000e+00,923 949 932
1598,0,-1,0,50001,50001,2.983600188962445e-07,5.765475730665428e-02,4.155238714097419e-02,0.000000000000000e+00,0.000000000000000e+00,0.000000000000000e+00,-1.000000000000000e+00,944 950 947
1599,0,-1,0,50001,50001,4.378987973046191e-07,5.629749030355516e-02,3.796203193636660e-02,0.000000000000000e+00,0.000000000000000e+00,0.000000000000000e+00,-1.000000000000000e+00,923 951 949
1600,0,-1,0,50001,50001,3.783775622708788e-07,5.568898725463885e-02,3.858614290061841e-02,0.000000000000000e+00,0.000000000000000e+00,0.000000000000000e+00,-1.000000000000000e+00,949 951 587
1601,0,-1,0,50001,50001,2.040625803773542e-07,5.966578436171135e-02,4.331232160005043e-02,0.000000000000000e+00,0.000000000000000e+00,0.000000000000000e+00,-1.000000000000000e+00,930 929 927
1602,0,-1,0,50001,50001,3.021768419793244e-07,5.944853239989200e-02,4.343976708809623e-02,0.000000000000000e+00,0.000000000000000e+00,0.000000000000000e+00,-1.000000000000000e+00,930 927 880
1603,0,-1,0,50001,50001,4.378996139955974e-07,5.625100974122967e-02,3.715040497007106e-02,0.000000000000000e+00,0.000000000000000e+00,0.000000000000000e+00,-1.000000000000000e+00,912 951 923
1604,0,-1,0,50001,50001,4.379007017538662e-07,5.607471281948225e-02,3.700582141818486e-02,0.000000000000000e+00,0.000000000000000e+00,0.000000000000000e+00,-1.000000000000000e+00,912 952 951
1605,0,-1,0,50001,50001,3.783775622012315e-07,5.546620733274889e-02,3.762993369320285e-02,0.000000000000000e+00,0.000000000000000e+00,0.000000000000000e+00,-1.000000000000000e+00,951 952 586
1606,0,-1,0,50001,50001,4.379055621960818e-07,5.602824508654415e-02,3.619418765924284e-02,0.000000000000000e+00,0.000000000000000e+00,0.000000000000000e+00,-1.000000000000000e+00,899 952 912
1607,0,-1,0,50001,50001,4.379121808316570e-07,5.585194761383342e-02,3.604960440408488e-02,0.000000000000000e+00,0.000000000000000e+00,0.000000000000000e+00,-1.000000000000000e+00,899 953 952
1608,0,-1,0,50001,50001,3.783775617637309e-07,5.524342741126981e-02,3.667372448627583e-02,0.000000000000000e+00,0.000000000000000e+00,0.000000000000000e+00,-1.000000000000000e+00,952 953 585
1609,0,-1,0,50001,50001,4.381522881558643e-07,5.558333674260594e-02,3.428143552763839e-02,0.000000000000000e+00,0.000000000000000e+00,0.000000000000000e+00,-1.000000000000000e+00,860 954 862
1610,0,-1,0,50001,50001,4.203279987482207e-07,5.770579535829615e-02,4.238048517257313e-02,0.000000000000000e+00,0.000000000000000e+00,0.000000000000000e+00,-1.000000000000000e+00,950 937 948
1611,0,-1,0,50001,50001,4.384002115604381e-07,5.540701583099808e-02,3.413686454069750e-02,0.000000000000000e+00,0.000000000000000e+00,0.000000000000000e+00,-1.000000000000000e+00,860 943 954
1612,0,-1,0,50001,50001,3.783775518297846e-07,5.479786758515159e-02,3.476130609257184e-02,0.000000000000000e+00,0.000000000000000e+00,0.000000000000000e+00,-1.000000000000000e+00,954 943 583
1613,0,-1,0,50001,50001,3.833390128626954e-07,5.778995069042153e-02,4.505520935963043e-02,0.000000000000000e+00,0.000000000000000e+00,0.000000000000000e+00,-1.000000000000000e+00,877 955 853
1614,0,-1,0,50001,50001,3.758431181077141e-07,5.793812935221540e-02,4.486891374775389e-02,0.000000000000000e+00,0.000000000000000e+00,0.000000000000000e+00,-1.000000000000000e+00,877 853 856
1615,0,-1,0,50001,50001,4.379410396992461e-07,5.580555746958590e-02,3.523793028418473e-02,0.000000000000000e+00,0.000000000000000e+00,0.000000000000000e+00,-1.000000000000000e+00,862 953 899
1616,0,-1,0,50001,50001,4.379814566351022e-07,5.562925667109650e-02,3.509334879652634e-02,0.000000000000000e+00,0.000000000000000e+00,0.000000000000000e+00,-1.000000000000000e+00,862 954 953
1617,0,-1,0,50001,50001,3.783775590021986e-07,5.502064749240805e-02,3.571751528244333e-02,0.000000000000000e+00,0.000000000000000e+00,0.000000000000000e+00,-1.000000000000000e+00,953 954 584
1618,0,-1,0,50001,50001,4.106166996627575e-07,5.715736694981286e-02,4.092599300174234e-02,0.000000000000000e+00,0.000000000000000e+00,0.000000000000000e+00,-1.000000000000000e+00,940 956 944
1619,0,-1,0,50001,50001,4.396408424831732e-07,5.696581530486281e-02,4.081943162359094e-02,0.000000000000000e+00,0.000000000000000e+00,0.000000000000000e+00,-1.000000000000000e+00,940 945 956
1620,0,-1,0,50001,50001,3.780960769105909e-07,5.635687751070950e-02,4.145459801834327e-02,0.000000000000000e+00,0.000000000000000e+00,0.000000000000000e+00,-1.000000000000000e+00,956 945 590
1621,0,-1,0,50001,50001,4.242094592537046e-07,5.671763947184563e-02,4.188349686554070e-02,0.000000000000000e+00,0.000000000000000e+00,0.000000000000000e+00,-1.000000000000000e+00,956 957 950
1622,0,-1,0,50001,50001,3.957899510136555e-07,5.737895544885235e-02,4.154951457108085e-02,0.000000000000000e+00,0.000000000000000e+00,0.000000000000000e+00,-1.000000000000000e+00,944 956 950
1623,0,-1,0,50001,50001,3.704824228353262e-07,5.645899661358422e-02,4.189930776614026e-02,0.000000000000000e+00,0.000000000000000e+00,0.000000000000000e+00,-1.000000000000000e+00,956 591 957
1624,0,-1,0,50001,50001,4.087206831194476e-07,5.689941706080689e-02,4.282934287672895e-02,0.000000000000000e+00,0.000000000000000e+00,0.000000000000000e+00,-1.000000000000000e+00,957 858 937
1625,0,-1,0,50001,50001,3.770655549194275e-07,5.742814946624870e-02,4.237570135028466e-02,0.000000000000000e+00,0.000000000000000e+00,0.000000000000000e+00,-1.000000000000000e+00,950 957 937
1626,0,-1,0,50001,50001,3.671431443216485e-07,5.666269188185122e-02,4.285456309975984e-02,0.000000000000000e+00,0.000000000000000e+00,0.000000000000000e+00,-1.000000000000000e+00,957 592 858
1627,0,-1,0,50001,50001,3.783775622859813e-07,5.562270533094488e-02,3.883056117722435e-02,0.000000000000000e+00,0.000000000000000e+00,0.000000000000000e+00,-1.000000000000000e+00,949 587 588
1628,0,-1,0,50001,50001,3.783775623015328e-07,5.539992540900973e-02,3.787435196975518e-02,0.000000000000000e+00,0.000000000000000e+00,0.000000000000000e+00,-1.000000000000000e+00,951 586 587
1629,0,-1,0,50001,50001,3.627102260191148e-07,5.394590681776501e-02,2.973822123732931e-02,0.000000000000000e+00,0.000000000000000e+00,0.000000000000000e+00,-1.000000000000000e+00,958 578 934
1630,0,-1,0,50001,50001,3.783775622840321e-07,5.584548525290699e-02,3.978677038472514e-02,0.000000000000000e+00,0.000000000000000e+00,0.000000000000000e+00,-1.000000000000000e+00,946 588 589
1631,0,-1,0,50001,50001,3.766621066865977e-07,5.374032133698252e-02,2.854950051230137e-02,0.000000000000000e+00,0.000000000000000e+00,0.000000000000000e+00,-1.000000000000000e+00,959 577 960
1632,0,-1,0,50001,50001,3.601981491570535e-07,5.391947681123634e-02,2.955554623918248e-02,0.000000000000000e+00,0.000000000000000e+00,0.000000000000000e+00,-1.000000000000000e+00,958 960 578
1633,0,-1,0,50001,50001,3.911848859759994e-07,5.304665144817178e-02,2.865699950436541e-02,0.000000000000000e+00,0.000000000000000e+00,0.000000000000000e+00,-1.000000000000000e+00,577 959 961
1634,0,-1,0,50001,50001,3.783775624018883e-07,5.517714548724361e-02,3.691814276248716e-02,0.000000000000000e+00,0.000000000000000e+00,0.000000000000000e+00,-1.000000000000000e+00,952 585 586
1635,0,-1,0,50001,50001,3.574043002544105e-07,5.483813735985918e-02,2.863402068994489e-02,0.000000000000000e+00,0.000000000000000e+00,0.000000000000000e+00,-1.000000000000000e+00,875 876 962
1636,0,-1,0,50001,50001,3.783775622839383e-07,5.606826517487269e-02,4.074297959223005e-02,0.000000000000000e+00,0.000000000000000e+00,0.000000000000000e+00,-1.000000000000000e+00,945 589 590
1637,0,-1,0,50001,50001,3.901243362719793e-07,5.684050459999986e-02,2.853551945380379e-02,0.000000000000000e+00,0.000000000000000e+00,0.000000000000000e+00,-1.000000000000000e+00,871 615 616
1638,0,-1,0,50001,50001,2.948716952955301e-07,5.717213365886842e-02,2.937009594407802e-02,0.000000000000000e+00,0.000000000000000e+00,0.000000000000000e+00,-1.000000000000000e+00,872 614 615
1639,0,-1,0,50001,50001,4.207658018489211e-07,5.686627038620887e-02,3.098084482904375e-02,0.000000000000000e+00,0.000000000000000e+00,0.000000000000000e+00,-1.000000000000000e+00,882 884 870
1640,0,-1,0,50001,50001,2.676030253044670e-07,5.421168417765039e-02,2.979871899289329e-02,0.000000000000000e+00,0.000000000000000e+00,0.000000000000000e+00,-1.000000000000000e+00,958 934 886
1641,0,-1,0,50001,50001,3.846054820508539e-07,5.442011010772175e-02,2.965878379640365e-02,0.000000000000000e+00,0.000000000000000e+00,0.000000000000000e+00,-1.000000000000000e+00,958 886 874
1642,0,-1,0,50001,50001,2.989657761611458e-07,5.403004230696126e-02,2.853439767010275e-02,0.000000000000000e+00,0.000000000000000e+00,0.000000000000000e+00,-1.000000000000000e+00,959 960 875
1643,0,-1,0,50001,50001,3.399753916093824e-07,5.423343076360482e-02,2.836463509270340e-02,0.000000000000000e+00,0.000000000000000e+00,0.000000000000000e+00,-1.000000000000000e+00,959 875 962
1644,0,-1,0,50001,50001,3.496797422713023e-07,5.403574505193998e-02,2.745421469685975e-02,0.000000000000000e+00,0.000000000000000e+00,0.000000000000000e+00,-1.000000000000000e+00,963 964 961
1645,0,-1,0,50001,50001,3.529331919606745e-07,5.413403205270800e-02,2.762497236941164e-02,0.000000000000000e+00,0.000000000000000e+00,0.000000000000000e+00,-1.000000000000000e+00,963 961 959
1646,0,-1,0,50001,50001,4.374196948870174e-07,5.474317330237971e-02,2.795979337661677e-02,0.000000000000000e+00,0.000000000000000e+00,0.000000000000000e+00,-1.000000000000000e+00,962 963 959
1647,0,-1,0,50001,50001,3.058927582359823e-07,6.057478515818233e-02,4.643715828614137e-02,0.000000000000000e+00,0.000000000000000e+00,0.000000000000000e+00,-1.000000000000000e+00,965 864 966
1648,0,-1,0,50001,50001,3.791929420635926e-07,6.069581288657402e-02,4.593106806644727e-02,0.000000000000000e+00,0.000000000000000e+00,0.000000000000000e+00,-1.000000000000000e+00,864 965 597
1649,0,-1,0,50001,50001,4.320208103403581e-07,6.117006670481555e-02,4.531096442250833e-02,0.000000000000000e+00,0.000000000000000e+00,0.000000000000000e+00,-1.000000000000000e+00,598 864 597
1650,0,-1,0,50001,50001,3.840561091420477e-07,5.838578131907660e-02,4.550222665263666e-02,0.000000000000000e+00,0.000000000000000e+00,0.000000000000000e+00,-1.000000000000000e+00,853 955 867
1651,0,-1,0,50001,50001,3.138009685272116e-07,5.769428776390127e-02,4.626762443751258e-02,0.000000000000000e+00,0.000000000000000e+00,0.000000000000000e+00,-1.000000000000000e+00,967 867 955
1652,0,-1,0,50001,50001,3.049857121519583e-07,5.745323674125076e-02,4.585160425750406e-02,0.000000000000000e+00,0.000000000000000e+00,0.000000000000000e+00,-1.000000000000000e+00,955 595 967
1653,0,-1,0,50001,50001,4.207753646542438e-07,5.527198488114184e-02,2.652559966516933e-02,0.000000000000000e+00,0.000000000000000e+00,0.000000000000000e+00,-1.000000000000000e+00,574 969 968
1654,0,-1,0,50001,50001,5.410732922409614e-07,5.522112432758113e-02,2.712892075999334e-02,0.000000000000000e+00,0.000000000000000e+00,0.000000000000000e+00,-1.000000000000000e+00,969 574 963
1655,0,-1,0,50001,50001,3.880300057028015e-07,5.479586733440823e-02,2.653100132966319e-02,0.000000000000000e+00,0.000000000000000e+00,0.000000000000000e+00,-1.000000000000000e+00,574 575 963
1656,0,-1,0,50001,50001,3.964393344703002e-07,6.006713438754897e-02,4.655934349531347e-02,0.000000000000000e+00,0.000000000000000e+00,0.000000000000000e+00,-1.000000000000000e+00,966 570 965
1657,0,-1,0,50001,50001,3.973598007281834e-07,5.982060978148853e-02,4.711306911576271e-02,0.000000000000000e+00,0.000000000000000e+00,0.000000000000000e+00,-1.000000000000000e+00,570 966 970
1658,0,-1,0,50001,50001,3.689150502418881e-07,5.921670393598545e-02,4.741058382956125e-02,0.000000000000000e+00,0.000000000000000e+00,0.000000000000000e+00,-1.000000000000000e+00,569 570 970
1659,0,-1,0,50001,50001,3.187362360009057e-07,6.026198586205108e-02,4.585220706397290e-02,0.000000000000000e+00,0.000000000000000e+00,0.000000000000000e+00,-1.000000000000000e+00,864 855 966
1660,0,-1,0,50001,50001,4.207187997345012e-07,5.976420747880844e-02,4.562186037590727e-02,0.000000000000000e+00,0.000000000000000e+00,0.000000000000000e+00,-1.000000000000000e+00,855 864 863
1661,0,-1,0,50001,50001,3.043892290417208e-07,5.440941027672244e-02,2.896015489091515e-02,0.000000000000000e+00,0.000000000000000e+00,0.000000000000000e+00,-1.000000000000000e+00,875 960 958
1662,0,-1,0,50001,50001,3.666541906747107e-07,5.440936567773336e-02,2.943429624768157e-02,0.000000000000000e+00,0.000000000000000e+00,0.000000000000000e+00,-1.000000000000000e+00,958 874 875
1663,0,-1,0,50001,50001,4.584286490771479e-07,5.925557404279481e-02,4.595905654944112e-02,0.000000000000000e+00,0.000000000000000e+00,0.000000000000000e+00,-1.000000000000000e+00,855 867 970
1664,0,-1,0,50001,50001,4.457123194088624e-07,5.886968193837927e-02,4.668831528544230e-02,0.000000000000000e+00,0.000000000000000e+00,0.000000000000000e+00,-1.000000000000000e+00,970 867 971
1665,0,-1,0,50001,50001,3.503033301465846e-07,5.804944821210985e-02,4.685083437071361e-02,0.000000000000000e+00,0.000000000000000e+00,0.000000000000000e+00,-1.000000000000000e+00,971 867 967
1666,0,-1,0,50001,50001,3.082215516715139e-07,5.825214912132037e-02,4.728210443906962e-02,0.000000000000000e+00,0.000000000000000e+00,0.000000000000000e+00,-1.000000000000000e+00,971 506 569
1667,0,-1,0,50001,50001,4.456125096822655e-07,5.840252647285098e-02,4.711600144836690e-02,0.000000000000000e+00,0.000000000000000e+00,0.000000000000000e+00,-1.000000000000000e+00,971 569 970
1668,0,-1,0,50001,50001,3.427962803654683e-07,5.867743500925413e-02,4.429044007805008e-02,0.000000000000000e+00,0.000000000000000e+00,0.000000000000000e+00,-1.000000000000000e+00,856 903 880
1669,0,-1,0,50001,50001,3.783775630393705e-07,5.495436556654717e-02,3.596193355649004e-02,0.000000000000000e+00,0.000000000000000e+00,0.000000000000000e+00,-1.000000000000000e+00,953 584 585
1670,0,-1,0,50001,50001,3.710209060206758e-07,5.867442401989866e-02,4.340431084496169e-02,0.000000000000000e+00,0.000000000000000e+00,0.000000000000000e+00,-1.000000000000000e+00,880 927 948
1671,0,-1,0,50001,50001,4.778821674546254e-07,5.838989697730299e-02,4.286025934208620e-02,0.000000000000000e+00,0.000000000000000e+00,0.000000000000000e+00,-1.000000000000000e+00,948 937 880
1672,0,-1,0,50001,50001,3.302649374505793e-07,5.857190531966110e-02,4.238778314644605e-02,0.000000000000000e+00,0.000000000000000e+00,0.000000000000000e+00,-1.000000000000000e+00,948 924 947
1673,0,-1,0,50001,50001,4.174143347659372e-07,5.821498715342362e-02,4.190098429565606e-02,0.000000000000000e+00,0.000000000000000e+00,0.000000000000000e+00,-1.000000000000000e+00,947 950 948
1674,0,-1,0,50001,50001,3.309664165076167e-07,5.834932345780498e-02,4.143146373940087e-02,0.000000000000000e+00,0.000000000000000e+00,0.000000000000000e+00,-1.000000000000000e+00,947 919 942
1675,0,-1,0,50001,50001,3.325899459382964e-07,5.802608532081201e-02,4.097161688674185e-02,0.000000000000000e+00,0.000000000000000e+00,0.000000000000000e+00,-1.000000000000000e+00,942 944 947
1676,0,-1,0,50001,50001,3.309660813745768e-07,5.812654332283185e-02,4.047525408614859e-02,0.000000000000000e+00,0.000000000000000e+00,0.000000000000000e+00,-1.000000000000000e+00,942 916 939
1677,0,-1,0,50001,50001,4.047610084294429e-07,5.778807032110283e-02,4.005089978609490e-02,0.000000000000000e+00,0.000000000000000e+00,0.000000000000000e+00,-1.000000000000000e+00,939 940 942
1678,0,-1,0,50001,50001,3.309660814582251e-07,5.790376340078682e-02,3.951904487859276e-02,0.000000000000000e+00,0.000000000000000e+00,0.000000000000000e+00,-1.000000000000000e+00,939 913 935
1679,0,-1,0,50001,50001,4.066316824079638e-07,5.756527064690613e-02,3.909722070339179e-02,0.000000000000000e+00,0.000000000000000e+00,0.000000000000000e+00,-1.000000000000000e+00,935 936 939
1680,0,-1,0,50001,50001,3.309660820941272e-07,5.768098347821964e-02,3.856283567070235e-02,0.000000000000000e+00,0.000000000000000e+00,0.000000000000000e+00,-1.000000000000000e+00,935 908 931
1681,0,-1,0,50001,50001,3.907211960784659e-07,5.461836388455938e-02,2.745989966513168e-02,0.000000000000000e+00,0.000000000000000e+00,0.000000000000000e+00,-1.000000000000000e+00,963 962 969
1682,0,-1,0,50001,50001,3.278756512715756e-07,5.949725665308245e-02,4.599098336612619e-02,0.000000000000000e+00,0.000000000000000e+00,0.000000000000000e+00,-1.000000000000000e+00,855 970 966
1683,0,-1,0,50001,50001,4.066316301725257e-07,5.734249073871743e-02,3.814101148667013e-02,0.000000000000000e+00,0.000000000000000e+00,0.000000000000000e+00,-1.000000000000000e+00,931 932 935
1684,0,-1,0,50001,50001,3.778288404680323e-07,5.524220078470145e-02,2.787447646365972e-02,0.000000000000000e+00,0.000000000000000e+00,0.000000000000000e+00,-1.000000000000000e+00,962 888 969
1685,0,-1,0,50001,50001,3.280290071656038e-07,5.582467520067692e-02,2.804962393217274e-02,0.000000000000000e+00,0.000000000000000e+00,0.000000000000000e+00,-1.000000000000000e+00,888 962 876
1686,0,-1,0,50001,50001,3.309660869806764e-07,5.745820355170274e-02,3.760662646028020e-02,0.000000000000000e+00,0.000000000000000e+00,0.000000000000000e+00,-1.000000000000000e+00,931 905 922
1687,0,-1,0,50001,50001,3.780933617476129e-07,5.629059558702339e-02,4.169901629495840e-02,0.000000000000000e+00,0.000000000000000e+00,0.000000000000000e+00,-1.000000000000000e+00,956 590 591
1688,0,-1,0,50001,50001,2.771544217080213e-07,5.765166995538314e-02,3.131882261909430e-02,0.000000000000000e+00,0.000000000000000e+00,0.000000000000000e+00,-1.000000000000000e+00,868 612 613
1689,0,-1,0,50001,50001,4.066313163777902e-07,5.711971089751409e-02,3.718480222264748e-02,0.000000000000000e+00,0.000000000000000e+00,0.000000000000000e+00,-1.000000000000000e+00,922 923 931
1690,0,-1,0,50001,50001,3.601416880634853e-07,5.771766796108958e-02,3.211510697483787e-02,0.000000000000000e+00,0.000000000000000e+00,0.000000000000000e+00,-1.000000000000000e+00,869 611 612
1691,0,-1,0,50001,50001,3.513307924343886e-07,5.798295038466289e-02,3.319927703488218e-02,0.000000000000000e+00,0.000000000000000e+00,0.000000000000000e+00,-1.000000000000000e+00,891 610 611
1692,0,-1,0,50001,50001,3.309661244412025e-07,5.723542359515215e-02,3.665041723044576e-02,0.000000000000000e+00,0.000000000000000e+00,0.000000000000000e+00,-1.000000000000000e+00,922 900 911
1693,0,-1,0,50001,50001,3.505241942855866e-07,5.909976298133907e-02,3.798783988688516e-02,0.000000000000000e+00,0.000000000000000e+00,0.000000000000000e+00,-1.000000000000000e+00,910 605 606
1694,0,-1,0,50001,50001,3.505242890838105e-07,5.932254279026590e-02,3.894404919522998e-02,0.000000000000000e+00,0.000000000000000e+00,0.000000000000000e+00,-1.000000000000000e+00,915 604 605
1695,0,-1,0,50001,50001,3.411877407286947e-07,5.734977121930990e-02,4.647332048064825e-02,0.000000000000000e+00,0.000000000000000e+00,0.000000000000000e+00,-1.000000000000000e+00,967 595 596
1696,0,-1,0,50001,50001,4.066294310772351e-07,5.689693144564855e-02,3.622859266618038e-02,0.000000000000000e+00,0.000000000000000e+00,0.000000000000000e+00,-1.000000000000000e+00,911 912 922
1697,0,-1,0,50001,50001,2.458863205404254e-07,5.669730895000700e-02,3.185032325755078e-02,0.000000000000000e+00,0.000000000000000e+00,0.000000000000000e+00,-1.000000000000000e+00,870 879 885
1698,0,-1,0,50001,50001,2.957332839230567e-07,5.684019543356934e-02,4.456712462138521e-02,0.000000000000000e+00,0.000000000000000e+00,0.000000000000000e+00,-1.000000000000000e+00,857 593 594
1699,0,-1,0,50001,50001,4.035943420810577e-07,5.282354627395940e-02,2.859098524016230e-02,0.000000000000000e+00,0.000000000000000e+00,0.000000000000000e+00,-1.000000000000000e+00,577 961 576
1700,0,-1,0,50001,50001,3.309664102207850e-07,5.701264340861267e-02,3.569420785188833e-02,0.000000000000000e+00,0.000000000000000e+00,0.000000000000000e+00,-1.000000000000000e+00,911 895 898
1701,0,-1,0,50001,50001,2.769784555667177e-07,5.710114839667563e-02,3.293851192485820e-02,0.000000000000000e+00,0.000000000000000e+00,0.000000000000000e+00,-1.000000000000000e+00,890 866 889
1702,0,-1,0,50001,50001,3.540219985317394e-07,5.748648177789350e-02,3.266414452304798e-02,0.000000000000000e+00,0.000000000000000e+00,0.000000000000000e+00,-1.000000000000000e+00,890 611 869
1703,0,-1,0,50001,50001,4.066180985288365e-07,5.667415422961522e-02,3.527238129174173e-02,0.000000000000000e+00,0.000000000000000e+00,0.000000000000000e+00,-1.000000000000000e+00,898 899 911
1704,0,-1,0,50001,50001,3.309685897189616e-07,5.678986146114814e-02,3.473799733738845e-02,0.000000000000000e+00,0.000000000000000e+00,0.000000000000000e+00,-1.000000000000000e+00,898 892 861
1705,0,-1,0,50001,50001,2.607448792892039e-07,5.733747596137991e-02,3.392970251088189e-02,0.000000000000000e+00,0.000000000000000e+00,0.000000000000000e+00,-1.000000000000000e+00,893 861 892
1706,0,-1,0,50001,50001,2.671047084302006e-07,5.773240924239987e-02,3.368426291827681e-02,0.000000000000000e+00,0.000000000000000e+00,0.000000000000000e+00,-1.000000000000000e+00,893 610 891
1707,0,-1,0,50001,50001,3.548265555903506e-07,5.660962729334736e-02,2.732635148601810e-02,0.000000000000000e+00,0.000000000000000e+00,0.000000000000000e+00,-1.000000000000000e+00,972 616 617
1708,0,-1,0,50001,50001,4.065499410714733e-07,5.645138967450135e-02,3.431615852554533e-02,0.000000000000000e+00,0.000000000000000e+00,0.000000000000000e+00,-1.000000000000000e+00,861 862 898
1709,0,-1,0,50001,50001,2.601629679823014e-07,5.756074532784364e-02,3.488716586217104e-02,0.000000000000000e+00,0.000000000000000e+00,0.000000000000000e+00,-1.000000000000000e+00,896 898 895
1710,0,-1,0,50001,50001,2.617677981347652e-07,5.795631203024897e-02,3.464336409996876e-02,0.000000000000000e+00,0.000000000000000e+00,0.000000000000000e+00,-1.000000000000000e+00,896 609 894
1711,0,-1,0,50001,50001,3.309852042824510e-07,5.656706605632782e-02,3.378177815017092e-02,0.000000000000000e+00,0.000000000000000e+00,0.000000000000000e+00,-1.000000000000000e+00,861 889 866
1712,0,-1,0,50001,50001,2.601419726141452e-07,5.778354340267098e-02,3.584342033730503e-02,0.000000000000000e+00,0.000000000000000e+00,0.000000000000000e+00,-1.000000000000000e+00,901 911 900
1713,0,-1,0,50001,50001,2.615762806638947e-07,5.817913287793715e-02,3.559967722201742e-02,0.000000000000000e+00,0.000000000000000e+00,0.000000000000000e+00,-1.000000000000000e+00,901 608 897
1714,0,-1,0,50001,50001,4.061397283434915e-07,5.622869534771310e-02,3.335986372852606e-02,0.000000000000000e+00,0.000000000000000e+00,0.000000000000000e+00,-1.000000000000000e+00,866 860 861
1715,0,-1,0,50001,50001,2.601411969564137e-07,5.800632405892332e-02,3.679963121938398e-02,0.000000000000000e+00,0.000000000000000e+00,0.000000000000000e+00,-1.000000000000000e+00,906 922 905
1716,0,-1,0,50001,50001,2.615693457385250e-07,5.840191436435974e-02,3.655589021130593e-02,0.000000000000000e+00,0.000000000000000e+00,0.000000000000000e+00,-1.000000000000000e+00,906 607 902
1717,0,-1,0,50001,50001,2.837882534123672e-07,5.633942130752934e-02,3.282542845444968e-02,0.000000000000000e+00,0.000000000000000e+00,0.000000000000000e+00,-1.000000000000000e+00,866 885 879
1718,0,-1,0,50001,50001,2.601411649386174e-07,5.822910401728761e-02,3.775584049542104e-02,0.000000000000000e+00,0.000000000000000e+00,0.000000000000000e+00,-1.000000000000000e+00,909 931 908
1719,0,-1,0,50001,50001,2.615690865427878e-07,5.862469435448820e-02,3.751209956429097e-02,0.000000000000000e+00,0.000000000000000e+00,0.000000000000000e+00,-1.000000000000000e+00,909 606 907
1720,0,-1,0,50001,50001,3.580630955797819e-07,5.602115220918236e-02,3.247736845514450e-02,0.000000000000000e+00,0.000000000000000e+00,0.000000000000000e+00,-1.000000000000000e+00,879 865 866
1721,0,-1,0,50001,50001,2.601411497471129e-07,5.845188392168108e-02,3.871204972147738e-02,0.000000000000000e+00,0.000000000000000e+00,0.000000000000000e+00,-1.000000000000000e+00,914 935 913
1722,0,-1,0,50001,50001,2.615690885092430e-07,5.884747425895139e-02,3.846830879384048e-02,0.000000000000000e+00,0.000000000000000e+00,0.000000000000000e+00,-1.000000000000000e+00,914 605 910
1723,0,-1,0,50001,50001,3.783775816104724e-07,5.450880575989809e-02,3.404951518670103e-02,0.000000000000000e+00,0.000000000000000e+00,0.000000000000000e+00,-1.000000000000000e+00,943 582 583
1724,0,-1,0,50001,50001,2.601407328131390e-07,5.867466329017176e-02,3.966825942321905e-02,0.000000000000000e+00,0.000000000000000e+00,0.000000000000000e+00,-1.000000000000000e+00,917 939 916
1725,0,-1,0,50001,50001,4.615551853227881e-07,5.588729951171673e-02,3.145787805343667e-02,0.000000000000000e+00,0.000000000000000e+00,0.000000000000000e+00,-1.000000000000000e+00,884 878 879
1726,0,-1,0,50001,50001,2.615694505306883e-07,5.907025360182588e-02,3.942451851834869e-02,0.000000000000000e+00,0.000000000000000e+00,0.000000000000000e+00,-1.000000000000000e+00,917 604 915
1727,0,-1,0,50001,50001,3.738010467988285e-07,5.650522340463664e-02,4.264676947087574e-02,0.000000000000000e+00,0.000000000000000e+00,0.000000000000000e+00,-1.000000000000000e+00,957 591 592
1728,0,-1,0,50001,50001,4.405633998808069e-07,5.555996113751210e-02,3.050204889142118e-02,0.000000000000000e+00,0.000000000000000e+00,0.000000000000000e+00,-1.000000000000000e+00,887 883 884
1729,0,-1,0,50001,50001,3.853784292658847e-07,5.518857224474360e-02,2.963384304686448e-02,0.000000000000000e+00,0.000000000000000e+00,0.000000000000000e+00,-1.000000000000000e+00,874 886 887
1730,0,-1,0,50001,50001,3.783775671243480e-07,5.473158565269492e-02,3.500572435855763e-02,0.000000000000000e+00,0.000000000000000e+00,0.000000000000000e+00,-1.000000000000000e+00,954 583 584
1731,0,-1,0,50001,50001,2.963509087519566e-07,5.569561173498816e-02,2.736676770755182e-02,0.000000000000000e+00,0.000000000000000e+00,0.000000000000000e+00,-1.000000000000000e+00,969 888 972
1732,0,-1,0,50001,50001,3.566143654781919e-07,5.628844117110013e-02,2.782494734939579e-02,0.000000000000000e+00,0.000000000000000e+00,0.000000000000000e+00,-1.000000000000000e+00,888 616 972
1733,0,-1,0,50001,50001,2.288503378006526e-07,5.343298499617930e-02,2.679197576734964e-02,0.000000000000000e+00,0.000000000000000e+00,0.000000000000000e+00,-1.000000000000000e+00,509 964 575
1734,0,-1,0,50001,50001,2.601306462420841e-07,5.889742792695109e-02,4.062448294937297e-02,0.000000000000000e+00,0.000000000000000e+00,0.000000000000000e+00,-1.000000000000000e+00,920 942 919
1735,0,-1,0,50001,50001,4.111744265831582e-07,5.406368402938285e-02,2.678289284186211e-02,0.000000000000000e+00,0.000000000000000e+00,0.000000000000000e+00,-1.000000000000000e+00,575 964 963
1736,0,-1,0,50001,50001,2.981024007332627e-07,5.618993582597467e-02,2.719661045192683e-02,0.000000000000000e+00,0.000000000000000e+00,0.000000000000000e+00,-1.000000000000000e+00,972 968 969
1737,0,-1,0,50001,50001,2.414374712421267e-07,5.590783320624704e-02,2.651341561513278e-02,0.000000000000000e+00,0.000000000000000e+00,0.000000000000000e+00,-1.000000000000000e+00,968 573 574
1738,0,-1,0,50001,50001,2.615795781092452e-07,5.929301729972086e-02,4.038074224832441e-02,0.000000000000000e+00,0.000000000000000e+00,0.000000000000000e+00,-1.000000000000000e+00,920 603 918
1739,0,-1,0,50001,50001,2.552229238096627e-07,6.066919581601612e-02,4.711257118394613e-02,0.000000000000000e+00,0.000000000000000e+00,0.000000000000000e+00,-1.000000000000000e+00,571 965 570
1740,0,-1,0,50001,50001,2.997386220362781e-07,5.324889230841268e-02,2.784538412227163e-02,0.000000000000000e+00,0.000000000000000e+00,0.000000000000000e+00,-1.000000000000000e+00,961 964 576
1741,0,-1,0,50001,50001,4.275461961229819e-07,5.344410122488993e-02,2.917567278166062e-02,0.000000000000000e+00,0.000000000000000e+00,0.000000000000000e+00,-1.000000000000000e+00,960 577 578
1742,0,-1,0,50001,50001,4.581954184124977e-07,5.262763646423158e-02,2.767378350789276e-02,0.000000000000000e+00,0.000000000000000e+00,0.000000000000000e+00,-1.000000000000000e+00,576 964 508
1743,0,-1,0,50001,50001,2.600425047408486e-07,5.911956781046387e-02,4.158118225140797e-02,0.000000000000000e+00,0.000000000000000e+00,0.000000000000000e+00,-1.000000000000000e+00,925 947 924
1744,0,-1,0,50001,50001,2.618588149892346e-07,5.951533765270317e-02,4.133734533943891e-02,0.000000000000000e+00,0.000000000000000e+00,0.000000000000000e+00,-1.000000000000000e+00,925 602 921
1745,0,-1,0,50001,50001,2.542781531118369e-07,5.317176829063098e-02,2.713109395567681e-02,0.000000000000000e+00,0.000000000000000e+00,0.000000000000000e+00,-1.000000000000000e+00,964 509 508
1746,0,-1,0,50001,50001,2.671145252465350e-07,5.932992027727265e-02,4.255000689824266e-02,0.000000000000000e+00,0.000000000000000e+00,0.000000000000000e+00,-1.000000000000000e+00,928 948 927
1747,0,-1,0,50001,50001,3.540742513112497e-07,5.783149910678956e-02,4.698969391326321e-02,0.000000000000000e+00,0.000000000000000e+00,0.000000000000000e+00,-1.000000000000000e+00,971 967 596
1748,0,-1,0,50001,50001,2.668876569446612e-07,5.973079244797527e-02,4.230141622256134e-02,0.000000000000000e+00,0.000000000000000e+00,0.000000000000000e+00,-1.000000000000000e+00,928 601 926
1749,0,-1,0,50001,50001,3.780177121932852e-07,5.363036094941059e-02,3.028130571657498e-02,0.000000000000000e+00,0.000000000000000e+00,0.000000000000000e+00,-1.000000000000000e+00,934 578 579
1750,0,-1,0,50001,50001,5.149818268044880e-07,5.777769314275640e-02,4.723567568057389e-02,0.000000000000000e+00,0.000000000000000e+00,0.000000000000000e+00,-1.000000000000000e+00,971 596 507
1751,0,-1,0,50001,50001,3.275632981406740e-07,5.947196886305178e-02,4.361234495121943e-02,0.000000000000000e+00,0.000000000000000e+00,0.000000000000000e+00,-1.000000000000000e+00,930 880 903
1752,0,-1,0,50001,50001,3.056676767039153e-07,5.990666976401851e-02,4.333211332661439e-02,0.000000000000000e+00,0.000000000000000e+00,0.000000000000000e+00,-1.000000000000000e+00,930 600 929
1753,0,-1,0,50001,50001,3.424683907461290e-07,5.802139444355637e-02,4.771063302738721e-02,0.000000000000000e+00,0.000000000000000e+00,0.000000000000000e+00,-1.000000000000000e+00,506 971 507
1754,0,-1,0,50001,50001,3.618736078239763e-07,5.929317170545621e-02,4.473707473999133e-02,0.000000000000000e+00,0.000000000000000e+00,0.000000000000000e+00,-1.000000000000000e+00,854 903 856
1755,0,-1,0,50001,50001,4.213044384005314e-07,6.139231708109346e-02,4.624992094989120e-02,0.000000000000000e+00,0.000000000000000e+00,0.000000000000000e+00,-1.000000000000000e+00,597 965 514
1756,0,-1,0,50001,50001,3.505538035973272e-07,5.820853782640980e-02,3.416273341283279e-02,0.000000000000000e+00,0.000000000000000e+00,0.000000000000000e+00,-1.000000000000000e+00,894 609 610
1757,0,-1,0,50001,50001,3.791212468686038e-07,5.384137455396386e-02,3.118019007635415e-02,0.000000000000000e+00,0.000000000000000e+00,0.000000000000000e+00,-1.000000000000000e+00,933 579 580
1758,0,-1,0,50001,50001,2.552229238096650e-07,6.089526419110465e-02,4.674957549176365e-02,0.000000000000000e+00,0.000000000000000e+00,0.000000000000000e+00,-1.000000000000000e+00,965 571 514
1759,0,-1,0,50001,50001,2.738022703995285e-07,5.628657019340537e-02,2.678223574456727e-02,0.000000000000000e+00,0.000000000000000e+00,0.000000000000000e+00,-1.000000000000000e+00,968 972 617
1760,0,-1,0,50001,50001,4.108797746499319e-07,5.635196036146741e-02,2.656691045586740e-02,0.000000000000000e+00,0.000000000000000e+00,0.000000000000000e+00,-1.000000000000000e+00,968 617 513
1761,0,-1,0,50001,50001,4.390591257023358e-07,5.747571844548017e-02,4.502760383420514e-02,0.000000000000000e+00,0.000000000000000e+00,0.000000000000000e+00,-1.000000000000000e+00,877 594 955
1762,0,-1,0,50001,50001,3.505253486866735e-07,5.843141928024963e-02,3.511920251012288e-02,0.000000000000000e+00,0.000000000000000e+00,0.000000000000000e+00,-1.000000000000000e+00,897 608 609
1763,0,-1,0,50001,50001,2.414374712421280e-07,5.608321098359279e-02,2.617899168215923e-02,0.000000000000000e+00,0.000000000000000e+00,0.000000000000000e+00,-1.000000000000000e+00,573 968 513
1764,0,-1,0,50001,50001,4.412723468979114e-07,6.056337734286880e-02,4.483090682779014e-02,0.000000000000000e+00,0.000000000000000e+00,0.000000000000000e+00,-1.000000000000000e+00,863 598 599
1765,0,-1,0,50001,50001,3.783785176099913e-07,5.406324248992376e-02,3.213707628038429e-02,0.000000000000000e+00,0.000000000000000e+00,0.000000000000000e+00,-1.000000000000000e+00,938 580 581
1766,0,-1,0,50001,50001,3.505242439154036e-07,5.865420298066243e-02,3.607542110590053e-02,0.000000000000000e+00,0.000000000000000e+00,0.000000000000000e+00,-1.000000000000000e+00,902 607 608
1767,0,-1,0,50001,50001,4.341703707891148e-07,5.783386508483408e-02,4.382456083771390e-02,0.000000000000000e+00,0.000000000000000e+00,0.000000000000000e+00,-1.000000000000000e+00,859 880 937
1768,0,-1,0,50001,50001,4.406324289375559e-07,6.036231264045890e-02,4.396394718798032e-02,0.000000000000000e+00,0.000000000000000e+00,0.000000000000000e+00,-1.000000000000000e+00,904 599 600
1769,0,-1,0,50001,50001,3.348649105816944e-07,5.667965539266179e-02,4.363615610237535e-02,0.000000000000000e+00,0.000000000000000e+00,0.000000000000000e+00,-1.000000000000000e+00,858 592 593
1770,0,-1,0,50001,50001,3.656357208306066e-07,6.019697317289981e-02,4.279066837058347e-02,0.000000000000000e+00,0.000000000000000e+00,0.000000000000000e+00,-1.000000000000000e+00,929 600 601
1771,0,-1,0,50001,50001,4.364484743926467e-07,5.729536665697231e-02,4.565092517193627e-02,0.000000000000000e+00,0.000000000000000e+00,0.000000000000000e+00,-1.000000000000000e+00,955 594 595
1772,0,-1,0,50001,50001,3.520228499633521e-07,5.998913290105302e-02,4.181443078757151e-02,0.000000000000000e+00,0.000000000000000e+00,0.000000000000000e+00,-1.000000000000000e+00,926 601 602
1773,0,-1,0,50001,50001,3.783774094168233e-07,5.428602545303397e-02,3.309330539161219e-02,0.000000000000000e+00,0.000000000000000e+00,0.000000000000000e+00,-1.000000000000000e+00,941 581 582
1774,0,-1,0,50001,50001,3.505241931029283e-07,5.887698305719877e-02,3.703163066273621e-02,0.000000000000000e+00,0.000000000000000e+00,0.000000000000000e+00,-1.000000000000000e+00,907 606 607
1775,0,-1,0,50001,50001,3.506026554192873e-07,5.976800870207165e-02,4.085654888172998e-02,0.000000000000000e+00,0.000000000000000e+00,0.000000000000000e+00,-1.000000000000000e+00,921 602 603
1776,0,-1,0,50001,50001,3.505269826441516e-07,5.954531950211039e-02,3.990026127536960e-02,0.000000000000000e+00,0.000000000000000e+00,0.000000000000000e+00,-1.000000000000000e+00,918 603 604
