   -1
   100
<NULL>
4.41,
   -1
   -1
   450
1,
STEP:1 Time:  0.00000e+00
0,3,
  0.00000e+00,
1,
<NULL>
   -1
   -1
   451
1,271,1,
DISP-node-1
0.,-1.,0.,
271,0,0,0,0,0,0,0,0,0,
0,0,0,0,0,0,0,0,0,0,
0,0,3,7,
0,1,1,
1, 6.04528233e-08,
2, 5.61434492e-08,
3, 3.41034227e-08,
4, 3.03431216e-08,
5, 9.67370107e-09,
6, 1.71438580e-12,
7, 6.00980670e-08,
8, 6.02408966e-08,
9, 6.07252541e-08,
10, 6.03175083e-08,
11, 4.84757795e-08,
12, 4.91373482e-08,
13, 4.43033175e-08,
14, 5.18254381e-08,
15, 5.97720720e-08,
16, 5.34510122e-08,
17, 5.99381629e-08,
18, 6.05312670e-08,
19, 5.62352092e-08,
20, 6.04417667e-08,
21, 6.04390936e-08,
22, 6.04146996e-08,
23, 6.02881180e-08,
24, 5.99812744e-08,
25, 5.96236923e-08,
26, 5.94628289e-08,
27, 5.94104638e-08,
28, 5.95235237e-08,
29, 5.97706504e-08,
30, 5.98898841e-08,
31, 5.98118016e-08,
32, 5.96486707e-08,
33, 5.94746528e-08,
34, 5.93072807e-08,
35, 5.91430734e-08,
36, 5.89756789e-08,
37, 5.88027245e-08,
38, 5.86199668e-08,
39, 5.84127993e-08,
40, 5.82145349e-08,
41, 5.79941763e-08,
42, 5.77401733e-08,
43, 5.74937633e-08,
44, 5.72340344e-08,
45, 5.69936663e-08,
46, 5.67269997e-08,
47, 5.64494042e-08,
48, 3.40648029e-08,
49, 3.39214195e-08,
50, 3.36477210e-08,
51, 3.32343868e-08,
52, 3.26515339e-08,
53, 3.22765572e-08,
54, 3.16927905e-08,
55, 3.09952282e-08,
56, 1.97006656e-10,
57, 2.56518302e-10,
58, 1.46277810e-10,
59, 1.48316286e-08,
60, 2.12700196e-08,
61, 2.78033727e-08,
62, 2.42234766e-08,
63, 1.72871567e-08,
64, 8.90500781e-09,
65, 6.00730741e-08,
66, 6.03234003e-08,
67, 6.04314558e-08,
68, 4.64426101e-08,
69, 4.47694181e-08,
70, 4.62784205e-08,
71, 4.88800559e-08,
72, 5.99056544e-08,
73, 6.00240972e-08,
74, 6.00646191e-08,
75, 5.99004111e-08,
76, 6.04226867e-08,
77, 6.01124064e-08,
78, 5.99543253e-08,
79, 5.28442382e-08,
80, 5.39989856e-08,
81, 5.36633887e-08,
82, 5.22042307e-08,
83, 4.96003867e-08,
84, 5.06129724e-08,
85, 5.14985262e-08,
86, 5.23227612e-08,
87, 5.30711951e-08,
88, 5.37614365e-08,
89, 5.44020387e-08,
90, 5.50262394e-08,
91, 5.56095881e-08,
92, 5.61890715e-08,
93, 5.67208538e-08,
94, 5.72392559e-08,
95, 5.77632044e-08,
96, 5.82409518e-08,
97, 5.86194183e-08,
98, 5.89704689e-08,
99, 5.92992704e-08,
100, 5.96144643e-08,
101, 5.99045758e-08,
102, 6.01492889e-08,
103, 6.03140786e-08,
104, 5.99247930e-08,
105, 5.99124680e-08,
106, 5.98467110e-08,
107, 5.97700533e-08,
108, 5.96608087e-08,
109, 5.95103040e-08,
110, 5.93416025e-08,
111, 5.90650785e-08,
112, 5.87625059e-08,
113, 5.84827851e-08,
114, 5.81466618e-08,
115, 5.77959749e-08,
116, 5.74311856e-08,
117, 5.70473471e-08,
118, 5.66306156e-08,
119, 5.62255938e-08,
120, 5.57597584e-08,
121, 5.53332618e-08,
122, 5.48740349e-08,
123, 5.44252317e-08,
124, 5.39657612e-08,
125, 6.06293154e-08,
126, 6.06696737e-08,
127, 6.06476807e-08,
128, 6.04824888e-08,
129, 6.01813646e-08,
130, 5.95760640e-08,
131, 5.85183078e-08,
132, 5.70229411e-08,
133, 5.50448497e-08,
134, 5.25905259e-08,
135, 4.96914148e-08,
136, 4.63506760e-08,
137, 4.27749157e-08,
138, 3.86223394e-08,
139, 5.63935563e-08,
140, 5.64777535e-08,
141, 5.65197428e-08,
142, 5.65000223e-08,
143, 5.62460424e-08,
144, 5.57903161e-08,
145, 5.50534193e-08,
146, 5.40513661e-08,
147, 5.26225111e-08,
148, 4.82612701e-08,
149, 4.34886532e-08,
150, 4.10418210e-08,
151, 3.80512849e-08,
152, 3.43887744e-08,
153, 6.05315291e-08,
154, 6.05337634e-08,
155, 6.05301541e-08,
156, 6.04655446e-08,
157, 6.02882393e-08,
158, 5.99575263e-08,
159, 5.96951363e-08,
160, 5.96165363e-08,
161, 5.95548889e-08,
162, 5.96595110e-08,
163, 5.98808581e-08,
164, 5.99936899e-08,
165, 5.99409422e-08,
166, 5.98010278e-08,
167, 5.96389813e-08,
168, 5.94815574e-08,
169, 5.93320760e-08,
170, 5.91817564e-08,
171, 5.90289275e-08,
172, 5.88715634e-08,
173, 5.87059832e-08,
174, 5.85213176e-08,
175, 5.83406004e-08,
176, 5.81546533e-08,
177, 5.79249283e-08,
178, 5.76997972e-08,
179, 5.74632704e-08,
180, 5.72369630e-08,
181, 5.70180397e-08,
182, 5.67642306e-08,
183, 5.65138526e-08,
184, 5.99412277e-08,
185, 5.99707181e-08,
186, 5.98971941e-08,
187, 6.00151752e-08,
188, 5.61487557e-08,
189, 5.68724429e-08,
190, 4.91087247e-08,
191, 3.72991585e-08,
192, 3.38059106e-08,
193, 3.66207991e-08,
194, 6.06801963e-08,
195, 6.06567516e-08,
196, 6.06173114e-08,
197, 5.62373453e-08,
198, 5.71562624e-08,
199, 5.94534569e-08,
200, 5.75423104e-08,
201, 5.68079443e-08,
202, 6.00699892e-08,
203, 5.49663745e-08,
204, 3.72705087e-08,
205, 4.01671983e-08,
206, 3.64142548e-08,
207, 5.15554154e-08,
208, 5.27824986e-08,
209, 5.00919552e-08,
210, 5.04465761e-08,
211, 5.37344409e-08,
212, 5.63400653e-08,
213, 5.55781825e-08,
214, 5.46773873e-08,
215, 5.89335955e-08,
216, 5.92019512e-08,
217, 5.93761751e-08,
218, 5.87553287e-08,
219, 5.82063436e-08,
220, 5.82517411e-08,
221, 6.01641831e-08,
222, 5.97640974e-08,
223, 5.95169193e-08,
224, 5.79268476e-08,
225, 5.76971972e-08,
226, 5.84311164e-08,
227, 5.74665053e-08,
228, 5.74543509e-08,
229, 5.68430518e-08,
230, 5.93962846e-08,
231, 5.95170814e-08,
232, 5.94193254e-08,
233, 5.95401005e-08,
234, 5.35229320e-08,
235, 5.46240541e-08,
236, 5.78242621e-08,
237, 5.77353359e-08,
238, 5.77041627e-08,
239, 5.83246776e-08,
240, 5.85010505e-08,
241, 5.84219941e-08,
242, 5.75971350e-08,
243, 5.66250045e-08,
244, 5.98113152e-08,
245, 5.99131786e-08,
246, 5.99586985e-08,
247, 6.00773611e-08,
248, 5.69774631e-08,
249, 5.70704881e-08,
250, 5.67987124e-08,
251, 5.68235545e-08,
252, 5.69863381e-08,
253, 5.72182032e-08,
254, 5.68215622e-08,
255, 5.67316431e-08,
256, 6.00849086e-08,
257, 4.44816042e-08,
258, 3.97029869e-08,
259, 4.26310453e-08,
260, 4.06101494e-08,
261, 6.06669571e-08,
262, 6.06635491e-08,
263, 6.06050782e-08,
264, 6.05780257e-08,
265, 6.04162981e-08,
266, 4.39867485e-08,
267, 3.49926163e-08,
268, 4.04274703e-08,
269, 3.94884622e-08,
270, 6.04711908e-08,
271, 6.04320587e-08,
272, 6.05901161e-08,
273, 5.71412467e-08,
274, 6.05806651e-08,
275, 4.75379175e-08,
276, 4.79817505e-08,
277, 5.93706365e-08,
278, 5.92876214e-08,
279, 5.91501643e-08,
280, 5.65833761e-08,
281, 5.95658829e-08,
282, 5.96206266e-08,
283, 5.95116879e-08,
284, 6.03372631e-08,
285, 6.05820147e-08,
286, 6.03259404e-08,
287, 6.01849576e-08,
288, 6.04295737e-08,
289, 6.00305489e-08,
290, 6.06909576e-08,
291, 6.06550923e-08,
292, 6.06238668e-08,
293, 6.00451888e-08,
294, 4.10205540e-08,
295, 4.33062171e-08,
296, 4.26983539e-08,
297, 5.98606996e-08,
298, 5.50942038e-08,
299, 5.96679429e-08,
300, 5.10417288e-08,
301, 4.96569789e-08,
302, 5.15443655e-08,
303, 4.92069000e-08,
304, 5.18790525e-08,
305, 4.55487805e-08,
306, 4.57983105e-08,
307, 5.39053221e-08,
308, 5.88737740e-08,
309, 3.64682673e-08,
310, 5.97895217e-08,
311, 5.98116635e-08,
312, 5.96604554e-08,
313, 6.01070143e-08,
314, 5.74307707e-08,
315, 3.70369547e-08,
316, 4.15023158e-08,
317, 5.81092321e-08,
318, 5.81669155e-08,
319, 5.57962349e-08,
320, 5.33226660e-08,
321, 5.96509705e-08,
322, 5.95310616e-08,
323, 5.72122266e-08,
324, 5.73999761e-08,
325, 5.74157831e-08,
326, 5.86191397e-08,
327, 5.72568096e-08,
328, 5.76574982e-08,
329, 5.83707095e-08,
330, 4.70867354e-08,
331, 4.89025523e-08,
332, 6.00282848e-08,
333, 5.98470223e-08,
334, 5.97596001e-08,
335, 5.76284619e-08,
336, 5.89858384e-08,
337, 6.06475849e-08,
338, 6.06829529e-08,
339, 5.87947194e-08,
340, 6.06826541e-08,
341, 5.82405249e-08,
342, 6.06326954e-08,
343, 5.59111759e-08,
344, 5.83237944e-08,
345, 5.85861684e-08,
346, 4.73705898e-08,
347, 5.97388573e-08,
348, 4.54959388e-08,
349, 5.86669111e-08,
350, 5.86924666e-08,
351, 5.88421380e-08,
352, 5.96478781e-08,
353, 5.78013090e-08,
354, 5.75829578e-08,
355, 5.87917840e-08,
356, 5.85525110e-08,
357, 5.97606527e-08,
358, 5.78691509e-08,
359, 5.79752732e-08,
360, 4.38341593e-08,
361, 5.82025185e-08,
362, 5.94120358e-08,
363, 5.92727193e-08,
364, 5.92966154e-08,
365, 5.91355164e-08,
366, 5.91623271e-08,
367, 5.89791433e-08,
368, 5.89951160e-08,
369, 2.48175482e-08,
370, 2.88973512e-08,
371, 1.34897339e-08,
372, 1.13223104e-08,
373, 2.76097280e-08,
374, 6.01574988e-08,
375, 5.99900344e-08,
376, 6.00515744e-08,
377, 5.99754869e-08,
378, 5.98690965e-08,
379, 5.95966695e-08,
380, 5.98427953e-08,
381, 5.57598400e-08,
382, 5.62592681e-08,
383, 5.62849613e-08,
384, 5.99185085e-08,
385, 5.99130806e-08,
386, 5.52149371e-08,
387, 5.57561013e-08,
388, 6.03130792e-08,
389, 5.58012964e-08,
390, 5.60388440e-08,
391, 5.55051401e-08,
392, 5.44264919e-08,
393, 5.48469882e-08,
394, 5.42622048e-08,
395, 5.35161275e-08,
396, 5.27128653e-08,
397, 5.37024007e-08,
398, 6.00608853e-08,
399, 5.46579579e-08,
400, 5.52930321e-08,
401, 5.98237600e-08,
402, 5.48251565e-08,
403, 5.53723489e-08,
404, 5.40602076e-08,
405, 5.47944060e-08,
406, 5.57592282e-08,
407, 5.34040081e-08,
408, 5.41489232e-08,
409, 5.40092235e-08,
410, 5.63104218e-08,
411, 5.62116868e-08,
412, 5.65887826e-08,
413, 5.67720350e-08,
414, 5.66945608e-08,
415, 5.70234426e-08,
416, 5.72137633e-08,
417, 5.71304355e-08,
418, 5.74322825e-08,
419, 5.67416475e-08,
420, 5.67870672e-08,
421, 5.76348976e-08,
422, 5.75463108e-08,
423, 5.78227566e-08,
424, 5.98942694e-08,
425, 5.98774171e-08,
426, 5.80317239e-08,
427, 5.79414460e-08,
428, 5.81930571e-08,
429, 5.84043800e-08,
430, 5.83093234e-08,
431, 5.85302121e-08,
432, 5.72022939e-08,
433, 5.72663814e-08,
434, 5.87556999e-08,
435, 5.86571790e-08,
436, 5.88571215e-08,
437, 5.90719402e-08,
438, 5.89826128e-08,
439, 5.91584631e-08,
440, 5.93411693e-08,
441, 5.92625544e-08,
442, 5.93969244e-08,
443, 5.76401051e-08,
444, 5.77195197e-08,
445, 5.95651986e-08,
446, 5.94944062e-08,
447, 5.95925998e-08,
448, 5.97446540e-08,
449, 5.96820460e-08,
450, 5.97466908e-08,
451, 5.98325369e-08,
452, 5.80531584e-08,
453, 5.81500604e-08,
454, 5.33017063e-08,
455, 5.26572843e-08,
456, 5.84426335e-08,
457, 5.85539067e-08,
458, 5.95985821e-08,
459, 5.39611907e-08,
460, 5.88034331e-08,
461, 5.89107878e-08,
462, 5.45869361e-08,
463, 5.91232162e-08,
464, 5.51802622e-08,
465, 5.91873048e-08,
466, 5.86537803e-08,
467, 5.82431880e-08,
468, 5.93969880e-08,
469, 5.96263901e-08,
470, 5.77885810e-08,
471, 5.93830722e-08,
472, 5.73135042e-08,
473, 5.68196715e-08,
474, 5.62959662e-08,
475, 5.57517758e-08,
476, 6.02210648e-08,
477, 5.90147178e-08,
478, 5.93171207e-08,
479, 5.26381366e-08,
480, 5.17207714e-08,
481, 5.18445704e-08,
482, 5.06190460e-08,
483, 5.30213426e-08,
484, 5.20901186e-08,
485, 4.98616001e-08,
486, 5.99057741e-08,
487, 5.99846708e-08,
488, 6.04170098e-08,
489, 5.40426242e-08,
490, 5.36430426e-08,
491, 6.02011908e-08,
492, 6.06918747e-08,
493, 5.40868785e-08,
501, 4.27466235e-08,
502, 2.41154166e-08,
503, 6.84042853e-09,
504, 4.52132365e-08,
505, 4.43582959e-08,
506, 4.67530217e-08,
507, 4.59683624e-08,
508, 4.35770477e-08,
509, 4.44168552e-08,
510, 4.35595617e-08,
511, 5.18802518e-08,
512, 4.86789777e-08,
513, 5.17378908e-08,
514, 4.99557752e-08,
515, 4.28021351e-08,
516, 4.32127339e-08,
517, 4.37028923e-08,
518, 4.42262568e-08,
519, 4.47405133e-08,
520, 4.51944374e-08,
521, 4.56221262e-08,
522, 4.62574125e-08,
523, 4.70299828e-08,
524, 4.78643581e-08,
525, 4.88076089e-08,
526, 4.96251056e-08,
527, 5.02150399e-08,
528, 5.06620542e-08,
529, 5.10545412e-08,
530, 5.14318541e-08,
531, 5.18087211e-08,
532, 5.21835360e-08,
533, 5.25570139e-08,
534, 5.29274516e-08,
535, 5.32809165e-08,
536, 5.36420842e-08,
537, 5.39958695e-08,
538, 5.43139583e-08,
539, 5.46392290e-08,
540, 5.49447423e-08,
541, 5.52731475e-08,
542, 5.55860213e-08,
543, 5.58799301e-08,
544, 2.51291701e-08,
545, 2.60628401e-08,
546, 2.68892354e-08,
547, 2.76037579e-08,
548, 2.81181900e-08,
549, 2.88082467e-08,
550, 2.93747287e-08,
551, 2.98403301e-08,
552,-1.25548476e-09,
553,-7.23354577e-10,
554,-2.32978265e-10,
555, 1.04881327e-08,
556, 1.50409717e-08,
557, 1.96606944e-08,
558, 4.44638062e-08,
559, 4.46758150e-08,
560, 4.54077456e-08,
561, 4.20874803e-08,
562, 4.17643198e-08,
563, 4.64203803e-08,
564, 4.92570579e-08,
565, 4.77762534e-08,
566, 4.69894794e-08,
567, 4.61557720e-08,
568, 4.96035914e-08,
569, 4.82178897e-08,
570, 4.90447371e-08,
571, 4.95965854e-08,
572, 5.20630233e-08,
573, 5.01735233e-08,
574, 4.89457463e-08,
575, 4.72585166e-08,
576, 4.43242243e-08,
577, 4.49357401e-08,
578, 4.53778110e-08,
579, 4.57852384e-08,
580, 4.60951497e-08,
581, 4.63414658e-08,
582, 4.65274137e-08,
583, 4.67108202e-08,
584, 4.68409128e-08,
585, 4.69723830e-08,
586, 4.70534933e-08,
587, 4.71283678e-08,
588, 4.72163043e-08,
589, 4.72586856e-08,
590, 4.72125121e-08,
591, 4.71422857e-08,
592, 4.70558592e-08,
593, 4.69643821e-08,
594, 4.68498814e-08,
595, 4.66907270e-08,
596, 4.64288101e-08,
597, 4.99436865e-08,
598, 5.00159997e-08,
599, 5.01227190e-08,
600, 5.02881056e-08,
601, 5.04684730e-08,
602, 5.06369536e-08,
603, 5.08151508e-08,
604, 5.09089369e-08,
605, 5.09956550e-08,
606, 5.11235333e-08,
607, 5.12072121e-08,
608, 5.12776825e-08,
609, 5.13391523e-08,
610, 5.13881507e-08,
611, 5.14051383e-08,
612, 5.14370335e-08,
613, 5.14047038e-08,
614, 5.14325114e-08,
615, 5.14133269e-08,
616, 5.14328770e-08,
617, 5.15048983e-08,
618, 4.28714873e-08,
619, 4.29000285e-08,
620, 4.28844943e-08,
621, 4.27677312e-08,
622, 4.25549064e-08,
623, 4.21270141e-08,
624, 4.13791277e-08,
625, 4.03217692e-08,
626, 3.89230712e-08,
627, 3.71876207e-08,
628, 3.51376566e-08,
629, 3.27754205e-08,
630, 3.02469843e-08,
631, 2.73106812e-08,
632, 4.32295072e-08,
633, 4.36703810e-08,
634, 4.41365572e-08,
635, 4.45852717e-08,
636, 4.50041828e-08,
637, 4.53775601e-08,
638, 4.58710059e-08,
639, 4.66006024e-08,
640, 4.73356249e-08,
641, 4.81240577e-08,
642, 4.89896696e-08,
643, 4.97004088e-08,
644, 5.02141024e-08,
645, 5.06138681e-08,
646, 5.09714751e-08,
647, 5.13140737e-08,
648, 5.16582395e-08,
649, 5.20008698e-08,
650, 5.23420235e-08,
651, 5.26820193e-08,
652, 5.30181637e-08,
653, 5.33430337e-08,
654, 5.36714832e-08,
655, 5.39978459e-08,
656, 5.42874882e-08,
657, 5.45835276e-08,
658, 5.48655076e-08,
659, 5.51565450e-08,
660, 5.54592139e-08,
661, 5.57251898e-08,
662, 5.59930425e-08,
663, 5.07645644e-08,
664, 5.03977389e-08,
665, 5.05298182e-08,
666, 5.05844043e-08,
667, 5.24506711e-08,
668, 5.20961259e-08,
669, 4.33144694e-08,
670, 3.44496336e-08,
671, 3.22166261e-08,
672, 3.53805704e-08,
673, 4.32207657e-08,
674, 4.35865971e-08,
675, 4.31482544e-08,
676, 5.43128455e-08,
677, 5.34105423e-08,
678, 4.60663563e-08,
679, 5.43310067e-08,
680, 5.54670441e-08,
681, 4.57940837e-08,
682, 5.26252953e-08,
683, 2.89188812e-08,
684, 2.99190123e-08,
685, 2.69431372e-08,
686, 4.47482798e-08,
687, 4.47696335e-08,
688, 4.26980951e-08,
689, 4.14690759e-08,
690, 5.23977341e-08,
691, 4.44995356e-08,
692, 4.26997430e-08,
693, 4.33496652e-08,
694, 5.17819149e-08,
695, 5.25905041e-08,
696, 5.18771137e-08,
697, 5.32074526e-08,
698, 5.30988863e-08,
699, 5.18196729e-08,
700, 4.46346090e-08,
701, 4.37891763e-08,
702, 4.47616685e-08,
703, 5.45968293e-08,
704, 5.49088850e-08,
705, 4.59145905e-08,
706, 4.61124229e-08,
707, 5.55193569e-08,
708, 5.59961630e-08,
709, 5.18735579e-08,
710, 5.17759747e-08,
711, 5.20332222e-08,
712, 5.18423575e-08,
713, 4.38192861e-08,
714, 4.58101680e-08,
715, 5.50144412e-08,
716, 5.48851858e-08,
717, 5.52315698e-08,
718, 5.42477361e-08,
719, 5.39279206e-08,
720, 5.41732583e-08,
721, 5.21110076e-08,
722, 5.63036854e-08,
723, 5.08290834e-08,
724, 5.08546438e-08,
725, 5.06071535e-08,
726, 5.03099502e-08,
727, 5.56847417e-08,
728, 5.57857555e-08,
729, 5.59090488e-08,
730, 5.60866611e-08,
731, 5.60214340e-08,
732, 5.57351555e-08,
733, 5.62341357e-08,
734, 5.62762485e-08,
735, 5.03599353e-08,
736, 3.79367953e-08,
737, 3.47777580e-08,
738, 3.79765115e-08,
739, 3.38409449e-08,
740, 4.43727585e-08,
741, 4.40733879e-08,
742, 4.42304159e-08,
743, 4.39310271e-08,
744, 4.40924941e-08,
745, 3.29829590e-08,
746, 3.13827200e-08,
747, 3.69175208e-08,
748, 3.75261541e-08,
749, 4.46429568e-08,
750, 4.49985431e-08,
751, 4.45284506e-08,
752, 5.58449452e-08,
753, 4.46801786e-08,
754, 4.10145640e-08,
755, 4.03498072e-08,
756, 5.22379362e-08,
757, 5.24969359e-08,
758, 5.28226718e-08,
759, 5.61696186e-08,
760, 5.11957674e-08,
761, 5.14537605e-08,
762, 5.18801894e-08,
763, 4.35262855e-08,
764, 4.35859567e-08,
765, 4.44965158e-08,
766, 4.47124020e-08,
767, 4.43856947e-08,
768, 4.93387979e-08,
769, 4.38841136e-08,
770, 4.42501346e-08,
771, 4.39285829e-08,
772, 4.98813153e-08,
773, 3.96963333e-08,
774, 4.17347594e-08,
775, 3.95772051e-08,
776, 5.10296460e-08,
777, 5.40329872e-08,
778, 4.79228972e-08,
779, 3.74325738e-08,
780, 3.74809429e-08,
781, 3.92468261e-08,
782, 3.85890665e-08,
783, 4.12438316e-08,
784, 4.03501968e-08,
785, 4.16880781e-08,
786, 4.12763677e-08,
787, 4.31417929e-08,
788, 3.10012425e-08,
789, 5.11551700e-08,
790, 5.09099399e-08,
791, 5.12408146e-08,
792, 5.00172927e-08,
793, 5.55409693e-08,
794, 3.01382902e-08,
795, 3.28698151e-08,
796, 5.45866274e-08,
797, 5.42632145e-08,
798, 4.13903686e-08,
799, 3.91958581e-08,
800, 5.15102027e-08,
801, 5.15626648e-08,
802, 5.54984894e-08,
803, 5.55076111e-08,
804, 5.52089973e-08,
805, 4.45422528e-08,
806, 4.40778298e-08,
807, 4.26073799e-08,
808, 5.39606132e-08,
809, 3.84403893e-08,
810, 3.57463291e-08,
811, 5.01604562e-08,
812, 5.09658396e-08,
813, 5.12944983e-08,
814, 5.51359284e-08,
815, 5.31460470e-08,
816, 4.37089921e-08,
817, 4.35120579e-08,
818, 5.35397348e-08,
819, 4.31941196e-08,
820, 5.45101497e-08,
821, 4.32741160e-08,
822, 4.57956839e-08,
823, 5.41642732e-08,
824, 5.39525272e-08,
825, 3.56394684e-08,
826, 5.12341484e-08,
827, 3.58092152e-08,
828, 5.38168488e-08,
829, 5.36562040e-08,
830, 5.34490886e-08,
831, 5.15767631e-08,
832, 5.50467184e-08,
833, 5.53209536e-08,
834, 5.33335436e-08,
835, 5.36542958e-08,
836, 4.71869307e-08,
837, 5.48632566e-08,
838, 5.48388232e-08,
839, 3.57666135e-08,
840, 5.45514590e-08,
841, 5.21711310e-08,
842, 5.21966378e-08,
843, 5.23533208e-08,
844, 5.25394504e-08,
845, 5.26892661e-08,
846, 5.28894358e-08,
847, 5.30759319e-08,
848, 2.16087211e-08,
849, 2.22932872e-08,
850, 1.09786194e-08,
851, 1.01083534e-08,
852, 2.62450327e-08,
853, 4.81812120e-08,
854, 4.88672268e-08,
855, 4.86603860e-08,
856, 4.84121944e-08,
857, 4.73884029e-08,
858, 4.75412517e-08,
859, 4.80025936e-08,
860, 4.84718370e-08,
861, 4.93425512e-08,
862, 4.85559018e-08,
863, 4.94375173e-08,
864, 4.93833494e-08,
865, 4.83673469e-08,
866, 4.92747352e-08,
867, 4.77544433e-08,
868, 5.08447759e-08,
869, 5.06734234e-08,
870, 5.00646076e-08,
871, 5.04850003e-08,
872, 5.07323869e-08,
873, 4.96486655e-08,
874, 4.84318995e-08,
875, 4.75733614e-08,
876, 4.91349032e-08,
877, 4.77394418e-08,
878, 4.82297508e-08,
879, 4.91893527e-08,
880, 4.86921512e-08,
881, 5.00925184e-08,
882, 5.05370984e-08,
883, 4.80657281e-08,
884, 4.92293175e-08,
885, 4.99161030e-08,
886, 4.76982854e-08,
887, 4.88588905e-08,
888, 4.99658872e-08,
889, 4.99982499e-08,
890, 5.03555080e-08,
891, 5.07133559e-08,
892, 5.00248860e-08,
893, 5.03857900e-08,
894, 5.07100745e-08,
895, 5.00313114e-08,
896, 5.03861202e-08,
897, 5.06857026e-08,
898, 4.93873625e-08,
899, 4.86167878e-08,
900, 5.00209201e-08,
901, 5.03694065e-08,
902, 5.06483276e-08,
903, 4.90948600e-08,
904, 4.95530361e-08,
905, 4.99925818e-08,
906, 5.03378197e-08,
907, 5.05966444e-08,
908, 4.99454069e-08,
909, 5.02855270e-08,
910, 5.05168102e-08,
911, 4.94114911e-08,
912, 4.86576871e-08,
913, 4.98869035e-08,
914, 5.02180750e-08,
915, 5.04385783e-08,
916, 4.98090313e-08,
917, 5.01454430e-08,
918, 5.03538880e-08,
919, 4.96964654e-08,
920, 5.00446912e-08,
921, 5.02223411e-08,
922, 4.94172023e-08,
923, 4.86780630e-08,
924, 4.95527483e-08,
925, 4.99065578e-08,
926, 5.00655302e-08,
927, 4.93562322e-08,
928, 4.97394366e-08,
929, 4.98751256e-08,
930, 4.94985519e-08,
931, 4.94040442e-08,
932, 4.86835695e-08,
933, 4.68996005e-08,
934, 4.66137188e-08,
935, 4.93749278e-08,
936, 4.86690592e-08,
937, 4.82246990e-08,
938, 4.71397978e-08,
939, 4.93271830e-08,
940, 4.86225319e-08,
941, 4.73288535e-08,
942, 4.92484117e-08,
943, 4.74829643e-08,
944, 4.86692234e-08,
945, 4.78948614e-08,
946, 4.79109342e-08,
947, 4.91346651e-08,
948, 4.89896817e-08,
949, 4.78829333e-08,
950, 4.84444772e-08,
951, 4.78388853e-08,
952, 4.77861489e-08,
953, 4.77079704e-08,
954, 4.76086664e-08,
955, 4.74104934e-08,
956, 4.78329665e-08,
957, 4.77259920e-08,
958, 4.70099477e-08,
959, 4.65114221e-08,
960, 4.62754711e-08,
961, 4.55253836e-08,
962, 4.82686994e-08,
963, 4.71028127e-08,
964, 4.50380914e-08,
965, 4.94625194e-08,
966, 4.88805357e-08,
967, 4.71485432e-08,
968, 5.05503583e-08,
969, 4.92978885e-08,
970, 4.82098468e-08,
971, 4.72328963e-08,
972, 5.06304369e-08,
-1,0.,
1,272,1,
DISP-node-2
0.,-1.,0.,
272,0,0,0,0,0,0,0,0,0,
0,0,0,0,0,0,0,0,0,0,
0,0,3,7,
0,1,1,
1, 3.13709857e-14,
2, 2.32553779e-08,
3, 9.28376905e-13,
4, 1.25685324e-08,
5, 1.23567581e-13,
6, 7.09631438e-13,
7, 3.84310296e-09,
8, 2.49120494e-09,
9, 5.39350373e-09,
10, 4.69157342e-09,
11, 1.31514732e-08,
12, 1.36775716e-08,
13, 1.72992059e-08,
14, 2.15443182e-08,
15, 9.07039848e-09,
16, 1.97174149e-08,
17, 1.07099724e-08,
18, 9.46023138e-14,
19, 2.32933864e-08,
20, 6.70270537e-10,
21, 1.36613231e-09,
22, 2.13067467e-09,
23, 2.98452267e-09,
24, 3.93330951e-09,
25, 4.89573414e-09,
26, 5.95502956e-09,
27, 7.09997528e-09,
28, 8.16690065e-09,
29, 9.25373216e-09,
30, 1.02906132e-08,
31, 1.12029892e-08,
32, 1.19982944e-08,
33, 1.27273728e-08,
34, 1.34283457e-08,
35, 1.41255233e-08,
36, 1.48229859e-08,
37, 1.55241176e-08,
38, 1.62307533e-08,
39, 1.69377956e-08,
40, 1.76468281e-08,
41, 1.83675152e-08,
42, 1.90713635e-08,
43, 1.97777756e-08,
44, 2.04695656e-08,
45, 2.11743685e-08,
46, 2.18835052e-08,
47, 2.25767501e-08,
48, 1.47321185e-09,
49, 2.93700396e-09,
50, 4.37940198e-09,
51, 5.80322307e-09,
52, 7.11359273e-09,
53, 8.46445684e-09,
54, 9.84934975e-09,
55, 1.12053716e-08,
56,-1.97253059e-09,
57,-1.27949617e-09,
58,-4.75759212e-10,
59, 8.29433078e-13,
60, 1.12971866e-12,
61, 1.05057301e-12,
62, 1.00336923e-08,
63, 7.16057457e-09,
64, 3.68857457e-09,
65, 2.80824122e-09,
66, 2.85774191e-09,
67, 3.78479353e-09,
68, 1.30780760e-08,
69, 1.42942501e-08,
70, 1.93699110e-08,
71, 2.07799437e-08,
72, 7.66017145e-09,
73, 6.42906193e-09,
74, 5.20949844e-09,
75, 1.02496608e-08,
76, 7.76770802e-09,
77, 9.24732693e-09,
78, 1.01858392e-08,
79, 2.07839958e-08,
80, 1.69570914e-08,
81, 1.55563497e-08,
82, 1.46294050e-08,
83, 1.30835331e-08,
84, 1.29357608e-08,
85, 1.26753895e-08,
86, 1.24273433e-08,
87, 1.21171902e-08,
88, 1.17752925e-08,
89, 1.13976607e-08,
90, 1.10328364e-08,
91, 1.06334664e-08,
92, 1.02399099e-08,
93, 9.82283459e-09,
94, 9.41032112e-09,
95, 9.01073365e-09,
96, 8.59292253e-09,
97, 8.14915681e-09,
98, 7.69879134e-09,
99, 7.24776448e-09,
100, 6.80320254e-09,
101, 6.35116274e-09,
102, 5.88137134e-09,
103, 5.34617514e-09,
104, 1.07062465e-08,
105, 1.08208377e-08,
106, 1.10375186e-08,
107, 1.13480681e-08,
108, 1.17123905e-08,
109, 1.21011626e-08,
110, 1.25218731e-08,
111, 1.29310309e-08,
112, 1.33562420e-08,
113, 1.38168102e-08,
114, 1.42712729e-08,
115, 1.47216199e-08,
116, 1.51733402e-08,
117, 1.56264724e-08,
118, 1.60672276e-08,
119, 1.65173560e-08,
120, 1.69374703e-08,
121, 1.74032928e-08,
122, 1.78353888e-08,
123, 1.83118400e-08,
124, 1.88731644e-08,
125, 1.26471160e-13,
126, 1.32488682e-13,
127, 1.54397459e-13,
128, 2.17726204e-13,
129, 3.59177174e-13,
130, 5.28032968e-13,
131, 6.15719857e-13,
132, 6.55858813e-13,
133, 6.88221129e-13,
134, 7.11872517e-13,
135, 7.36236811e-13,
136, 7.67632343e-13,
137, 7.77666241e-13,
138, 7.95760620e-13,
139, 2.33589763e-08,
140, 2.33938518e-08,
141, 2.34112441e-08,
142, 2.34030756e-08,
143, 2.32978736e-08,
144, 2.31091055e-08,
145, 2.28038729e-08,
146, 2.23888090e-08,
147, 2.17969582e-08,
148, 1.99904726e-08,
149, 1.80135905e-08,
150, 1.70000792e-08,
151, 1.57613584e-08,
152, 1.42442968e-08,
153, 6.04229315e-10,
154, 1.22548444e-09,
155, 1.88836548e-09,
156, 2.58755138e-09,
157, 3.35728446e-09,
158, 4.21603170e-09,
159, 5.17626003e-09,
160, 6.28666674e-09,
161, 7.38779369e-09,
162, 8.39818414e-09,
163, 9.40099712e-09,
164, 1.02933023e-08,
165, 1.10725230e-08,
166, 1.17777918e-08,
167, 1.24455711e-08,
168, 1.30875024e-08,
169, 1.37237075e-08,
170, 1.43585795e-08,
171, 1.49938725e-08,
172, 1.56320632e-08,
173, 1.62730232e-08,
174, 1.69171243e-08,
175, 1.75623391e-08,
176, 1.82098332e-08,
177, 1.88491742e-08,
178, 1.94929681e-08,
179, 2.01282748e-08,
180, 2.07661710e-08,
181, 2.14131326e-08,
182, 2.20430879e-08,
183, 2.26722667e-08,
184, 1.18507084e-08,
185, 1.13024483e-08,
186, 1.15627607e-08,
187, 1.15219760e-08,
188, 1.80276942e-08,
189, 1.68026043e-08,
190, 1.21471856e-08,
191, 1.14199814e-08,
192, 1.17552796e-08,
193, 1.34148838e-08,
194, 4.43199538e-10,
195, 9.84007633e-10,
196, 4.03538202e-10,
197, 2.05726170e-08,
198, 1.83776505e-08,
199, 5.69420984e-09,
200, 1.92933360e-08,
201, 2.16343016e-08,
202, 4.69262564e-09,
203, 1.94570313e-08,
204, 3.62696660e-09,
205, 2.14467532e-09,
206, 1.68909658e-09,
207, 1.17282085e-08,
208, 1.05313242e-08,
209, 1.02922700e-08,
210, 8.19955356e-09,
211, 2.03671455e-08,
212, 6.59178180e-09,
213, 4.80837357e-09,
214, 6.62829719e-09,
215, 1.42970917e-08,
216, 1.51722535e-08,
217, 1.39891434e-08,
218, 1.64913728e-08,
219, 1.68868220e-08,
220, 1.50323440e-08,
221, 2.95868572e-09,
222, 2.16314919e-09,
223, 3.78564010e-09,
224, 1.92847292e-08,
225, 1.99556927e-08,
226, 6.50192108e-09,
227, 7.74630882e-09,
228, 2.10618766e-08,
229, 2.23474814e-08,
230, 1.39640050e-08,
231, 1.37052047e-08,
232, 1.41667635e-08,
233, 1.37760652e-08,
234, 8.44689655e-09,
235, 1.01613069e-08,
236, 1.99779069e-08,
237, 1.98840381e-08,
238, 2.04050725e-08,
239, 1.83932070e-08,
240, 1.77645464e-08,
241, 1.81905628e-08,
242, 1.60989588e-08,
243, 2.30004309e-08,
244, 1.20718647e-08,
245, 1.20061490e-08,
246, 1.16106251e-08,
247, 1.10716534e-08,
248, 2.17726534e-08,
249, 2.18224836e-08,
250, 2.22686219e-08,
251, 2.24949618e-08,
252, 2.22399336e-08,
253, 2.16032096e-08,
254, 2.27055152e-08,
255, 2.28549908e-08,
256, 1.11347956e-08,
257, 9.16912709e-09,
258, 9.48019108e-09,
259, 1.10758532e-08,
260, 7.24817479e-09,
261, 2.08559906e-09,
262, 1.66563359e-09,
263, 1.94617463e-09,
264, 1.54982808e-09,
265, 1.93990405e-09,
266, 2.65819976e-09,
267, 9.38925297e-09,
268, 1.17817892e-08,
269, 1.35815346e-08,
270, 2.66348213e-09,
271, 3.20548898e-09,
272, 2.38262105e-09,
273, 2.18354321e-08,
274, 2.60664822e-09,
275, 1.04654356e-08,
276, 9.08149443e-09,
277, 1.45049620e-08,
278, 1.49542580e-08,
279, 1.55523750e-08,
280, 2.28524588e-08,
281, 1.28358659e-08,
282, 1.31459800e-08,
283, 1.38579804e-08,
284, 1.21819903e-09,
285, 1.05783633e-09,
286, 2.60163450e-09,
287, 3.04792653e-09,
288, 2.34127589e-09,
289, 9.74504814e-09,
290, 1.37055247e-09,
291, 1.92404864e-09,
292, 1.50053300e-09,
293, 1.04976441e-08,
294, 1.51185396e-08,
295, 1.57156464e-08,
296, 1.32722671e-08,
297, 1.23061184e-08,
298, 2.13199792e-08,
299, 8.10526842e-09,
300, 1.89592514e-09,
301, 3.34907929e-09,
302, 3.95902858e-09,
303, 5.36628153e-09,
304, 6.44853353e-09,
305, 1.15150157e-08,
306, 1.31575358e-08,
307, 4.46827722e-09,
308, 2.13793520e-09,
309, 7.37411121e-09,
310, 1.25548142e-08,
311, 1.21858649e-08,
312, 1.28050004e-08,
313, 1.06281197e-08,
314, 2.11160216e-08,
315, 5.58502543e-09,
316, 4.98262366e-09,
317, 1.90879170e-08,
318, 1.85728590e-08,
319, 2.73858681e-09,
320, 2.10864861e-09,
321, 1.31954575e-08,
322, 1.33895588e-08,
323, 2.12744896e-08,
324, 2.10996401e-08,
325, 2.06615297e-08,
326, 4.37311966e-09,
327, 5.07865627e-09,
328, 2.59843806e-09,
329, 1.79411220e-08,
330, 7.27618491e-09,
331, 1.65039108e-09,
332, 1.09093132e-08,
333, 1.22295600e-08,
334, 1.27817757e-08,
335, 2.03455159e-08,
336, 1.61740227e-08,
337, 1.16626503e-09,
338, 8.52391397e-10,
339, 1.69219001e-08,
340, 4.03057746e-10,
341, 1.88484683e-08,
342, 5.66147531e-10,
343, 8.85370149e-09,
344, 1.82760557e-08,
345, 1.77142276e-08,
346, 3.03123039e-09,
347, 1.27171711e-08,
348, 5.14593951e-09,
349, 1.74416067e-08,
350, 1.71888652e-08,
351, 1.67462884e-08,
352, 1.32926805e-08,
353, 2.00465068e-08,
354, 2.06526851e-08,
355, 1.66332371e-08,
356, 1.73261220e-08,
357, 6.97174462e-09,
358, 1.97192109e-08,
359, 1.95785344e-08,
360, 6.74747137e-09,
361, 1.89448950e-08,
362, 1.43690860e-08,
363, 1.45444742e-08,
364, 1.47421615e-08,
365, 1.51664875e-08,
366, 1.53515483e-08,
367, 1.58178144e-08,
368, 1.60655871e-08,
369, 5.74179865e-09,
370, 2.63011941e-09,
371, 2.03637824e-09,
372, 2.97306009e-09,
373, 9.50635336e-09,
374, 7.98102562e-09,
375, 9.11866124e-09,
376, 8.76460445e-09,
377, 8.48969584e-09,
378, 7.14822643e-09,
379, 7.63681409e-09,
380, 8.04312439e-09,
381, 1.27896893e-08,
382, 1.35216370e-08,
383, 1.23834538e-08,
384, 9.99669981e-09,
385, 9.92552264e-09,
386, 1.31868208e-08,
387, 1.39288974e-08,
388, 7.22190300e-09,
389, 1.61040746e-08,
390, 1.56241978e-08,
391, 1.52969065e-08,
392, 1.69700796e-08,
393, 1.68994407e-08,
394, 1.59516107e-08,
395, 1.49769212e-08,
396, 1.45660273e-08,
397, 1.57848455e-08,
398, 7.45288163e-09,
399, 1.35492091e-08,
400, 1.42712173e-08,
401, 9.03734133e-09,
402, 1.60163617e-08,
403, 1.60979005e-08,
404, 1.39149964e-08,
405, 1.48263620e-08,
406, 1.48328010e-08,
407, 1.40515535e-08,
408, 1.49479817e-08,
409, 1.66532116e-08,
410, 1.43977810e-08,
411, 1.50017549e-08,
412, 1.51307327e-08,
413, 1.39738373e-08,
414, 1.45617067e-08,
415, 1.46914326e-08,
416, 1.35411965e-08,
417, 1.41262994e-08,
418, 1.42481262e-08,
419, 1.31026308e-08,
420, 1.19674541e-08,
421, 1.31053671e-08,
422, 1.36867880e-08,
423, 1.38047963e-08,
424, 9.53634808e-09,
425, 1.02011591e-08,
426, 1.26684645e-08,
427, 1.32469830e-08,
428, 1.33614050e-08,
429, 1.22290926e-08,
430, 1.28051522e-08,
431, 1.29113470e-08,
432, 1.26761077e-08,
433, 1.15459803e-08,
434, 1.17950358e-08,
435, 1.23619045e-08,
436, 1.24738003e-08,
437, 1.13686672e-08,
438, 1.19337527e-08,
439, 1.20526881e-08,
440, 1.09402458e-08,
441, 1.15113261e-08,
442, 1.16281913e-08,
443, 1.22463735e-08,
444, 1.11216575e-08,
445, 1.05129699e-08,
446, 1.10841245e-08,
447, 1.12107519e-08,
448, 1.00555992e-08,
449, 1.06601398e-08,
450, 1.07873885e-08,
451, 1.01689867e-08,
452, 1.18147116e-08,
453, 1.06989041e-08,
454, 1.30243443e-08,
455, 1.32644686e-08,
456, 1.13840593e-08,
457, 1.02745370e-08,
458, 8.60144175e-09,
459, 1.27045502e-08,
460, 1.09557380e-08,
461, 9.85185593e-09,
462, 1.23461702e-08,
463, 1.05245550e-08,
464, 1.19707900e-08,
465, 9.64137052e-09,
466, 9.07978219e-09,
467, 9.51310508e-09,
468, 1.00899214e-08,
469, 9.65548211e-09,
470, 9.92811277e-09,
471, 9.12776412e-09,
472, 1.03408964e-08,
473, 1.07601486e-08,
474, 1.11732929e-08,
475, 1.15770462e-08,
476, 6.82749894e-09,
477, 8.63131198e-09,
478, 8.17762470e-09,
479, 1.38439684e-08,
480, 1.40563128e-08,
481, 1.35988280e-08,
482, 1.37635696e-08,
483, 1.52409069e-08,
484, 1.45233184e-08,
485, 1.38318808e-08,
486, 1.00447927e-08,
487, 9.14284673e-09,
488, 6.26110042e-09,
489, 1.74463780e-08,
490, 1.60747002e-08,
491, 7.97782935e-09,
492, 6.10552866e-09,
493, 1.75153719e-08,
501, 4.27465791e-08,
502, 2.41141037e-08,
503, 6.84025377e-09,
504, 3.97782685e-08,
505, 4.08351993e-08,
506, 3.91254560e-08,
507, 3.93334760e-08,
508, 2.49780568e-08,
509, 2.50738487e-08,
510, 1.90947912e-08,
511, 2.14119858e-08,
512, 3.58514967e-08,
513, 2.38532561e-08,
514, 3.48095876e-08,
515, 4.28020013e-08,
516, 4.22648293e-08,
517, 4.17708918e-08,
518, 4.12130306e-08,
519, 4.05197629e-08,
520, 3.96318980e-08,
521, 3.86985108e-08,
522, 3.78357270e-08,
523, 3.69891005e-08,
524, 3.63146159e-08,
525, 3.57208552e-08,
526, 3.50719806e-08,
527, 3.43716208e-08,
528, 3.36939044e-08,
529, 3.30553192e-08,
530, 3.24413066e-08,
531, 3.18322154e-08,
532, 3.12206689e-08,
533, 3.06025968e-08,
534, 2.99737008e-08,
535, 2.93272566e-08,
536, 2.86857006e-08,
537, 2.80202806e-08,
538, 2.73429778e-08,
539, 2.66692310e-08,
540, 2.59964059e-08,
541, 2.53280694e-08,
542, 2.46380722e-08,
543, 2.39515837e-08,
544, 2.30457345e-08,
545, 2.19092901e-08,
546, 2.06958266e-08,
547, 1.93967618e-08,
548, 1.80580512e-08,
549, 1.68376975e-08,
550, 1.54456449e-08,
551, 1.39935416e-08,
552, 1.53409419e-09,
553, 1.08612623e-09,
554, 4.39846094e-10,
555, 1.04869597e-08,
556, 1.50393740e-08,
557, 1.96592087e-08,
558, 4.04923531e-08,
559, 4.06343570e-08,
560, 4.00552391e-08,
561, 2.35922887e-08,
562, 2.15491986e-08,
563, 1.90271898e-08,
564, 1.98697800e-08,
565, 3.69431345e-08,
566, 3.78974128e-08,
567, 3.87884290e-08,
568, 3.51083820e-08,
569, 3.72326928e-08,
570, 3.59670432e-08,
571, 3.51916345e-08,
572, 2.26700154e-08,
573, 2.61925753e-08,
574, 2.69457460e-08,
575, 2.65694144e-08,
576, 2.58213151e-08,
577, 2.66418119e-08,
578, 2.74521031e-08,
579, 2.82103203e-08,
580, 2.89588544e-08,
581, 2.96886869e-08,
582, 3.04086869e-08,
583, 3.11080334e-08,
584, 3.18029205e-08,
585, 3.24909638e-08,
586, 3.31619075e-08,
587, 3.38201642e-08,
588, 3.44732027e-08,
589, 3.51064583e-08,
590, 3.56878644e-08,
591, 3.62545510e-08,
592, 3.68059729e-08,
593, 3.73432015e-08,
594, 3.78679817e-08,
595, 3.83732126e-08,
596, 3.88681775e-08,
597, 3.48027685e-08,
598, 3.47130253e-08,
599, 3.45133118e-08,
600, 3.42395150e-08,
601, 3.39046525e-08,
602, 3.35233262e-08,
603, 3.31065489e-08,
604, 3.26216986e-08,
605, 3.21070776e-08,
606, 3.15836141e-08,
607, 3.10245852e-08,
608, 3.04581686e-08,
609, 2.98808091e-08,
610, 2.92889813e-08,
611, 2.86826466e-08,
612, 2.80779642e-08,
613, 2.74515033e-08,
614, 2.68205385e-08,
615, 2.61902781e-08,
616, 2.55360245e-08,
617, 2.48142139e-08,
618, 4.28713085e-08,
619, 4.28998411e-08,
620, 4.28842759e-08,
621, 4.27674233e-08,
622, 4.25543984e-08,
623, 4.21262674e-08,
624, 4.13782569e-08,
625, 4.03208416e-08,
626, 3.89220979e-08,
627, 3.71866139e-08,
628, 3.51366155e-08,
629, 3.27743349e-08,
630, 3.02458845e-08,
631, 2.73095558e-08,
632, 4.23749992e-08,
633, 4.19372859e-08,
634, 4.14660069e-08,
635, 4.09259229e-08,
636, 4.02562661e-08,
637, 3.94151905e-08,
638, 3.85506677e-08,
639, 3.77099117e-08,
640, 3.68877060e-08,
641, 3.62472313e-08,
642, 3.56946518e-08,
643, 3.51434811e-08,
644, 3.45551907e-08,
645, 3.39575559e-08,
646, 3.33707807e-08,
647, 3.28055513e-08,
648, 3.22499871e-08,
649, 3.16947727e-08,
650, 3.11374863e-08,
651, 3.05749442e-08,
652, 3.00046341e-08,
653, 2.94186075e-08,
654, 2.88345852e-08,
655, 2.82452531e-08,
656, 2.76307305e-08,
657, 2.70163081e-08,
658, 2.63998290e-08,
659, 2.57887451e-08,
660, 2.51764721e-08,
661, 2.45515561e-08,
662, 2.39296152e-08,
663, 3.40051327e-08,
664, 3.44136640e-08,
665, 3.41776062e-08,
666, 3.42898702e-08,
667, 2.69556612e-08,
668, 2.83336547e-08,
669, 2.61357551e-08,
670, 1.82993416e-08,
671, 1.55921506e-08,
672, 1.64090601e-08,
673, 4.25939873e-08,
674, 4.21950010e-08,
675, 4.25775660e-08,
676, 2.52187712e-08,
677, 2.74206195e-08,
678, 3.80135282e-08,
679, 2.70461093e-08,
680, 2.48715214e-08,
681, 3.91577093e-08,
682, 2.51088975e-08,
683, 2.37895768e-08,
684, 2.68859841e-08,
685, 2.45543948e-08,
686, 2.81620880e-08,
687, 2.98760917e-08,
688, 2.81426271e-08,
689, 2.98731556e-08,
690, 2.35942415e-08,
691, 3.51773486e-08,
692, 3.58996756e-08,
693, 3.39758370e-08,
694, 3.15627749e-08,
695, 3.11336984e-08,
696, 3.20934785e-08,
697, 2.98851303e-08,
698, 2.92173143e-08,
699, 3.05607292e-08,
700, 4.04503950e-08,
701, 4.07300212e-08,
702, 3.94079655e-08,
703, 2.73241040e-08,
704, 2.66872740e-08,
705, 3.67194862e-08,
706, 3.51574881e-08,
707, 2.57333654e-08,
708, 2.43920519e-08,
709, 3.21254734e-08,
710, 3.23938889e-08,
711, 3.19983936e-08,
712, 3.23600601e-08,
713, 3.18735699e-08,
714, 3.14399098e-08,
715, 2.67614146e-08,
716, 2.67649095e-08,
717, 2.63744397e-08,
718, 2.82358138e-08,
719, 2.88050585e-08,
720, 2.84479181e-08,
721, 2.93436419e-08,
722, 2.37761648e-08,
723, 3.37568898e-08,
724, 3.38753856e-08,
725, 3.41872507e-08,
726, 3.46522683e-08,
727, 2.48935604e-08,
728, 2.49241034e-08,
729, 2.44164619e-08,
730, 2.42739813e-08,
731, 2.45694186e-08,
732, 2.51836037e-08,
733, 2.41236883e-08,
734, 2.39544109e-08,
735, 3.46129571e-08,
736, 2.49696919e-08,
737, 2.13707437e-08,
738, 2.23128904e-08,
739, 2.35904784e-08,
740, 4.14232758e-08,
741, 4.17178258e-08,
742, 4.14781084e-08,
743, 4.17392382e-08,
744, 4.13490544e-08,
745, 2.92236969e-08,
746, 1.81043118e-08,
747, 2.02555553e-08,
748, 1.83189643e-08,
749, 4.08762240e-08,
750, 4.04652974e-08,
751, 4.11589152e-08,
752, 2.49649811e-08,
753, 4.09938217e-08,
754, 2.62142034e-08,
755, 2.75066346e-08,
756, 3.17248234e-08,
757, 3.13484225e-08,
758, 3.08282931e-08,
759, 2.38513615e-08,
760, 3.30431126e-08,
761, 3.28625385e-08,
762, 3.22820468e-08,
763, 4.18034910e-08,
764, 4.20899494e-08,
765, 4.08172482e-08,
766, 4.04019823e-08,
767, 4.10746295e-08,
768, 3.55572183e-08,
769, 4.19458601e-08,
770, 4.15291194e-08,
771, 4.18065099e-08,
772, 3.50354048e-08,
773, 1.83154904e-08,
774, 1.95094803e-08,
775, 2.08073859e-08,
776, 3.36261672e-08,
777, 2.38819834e-08,
778, 3.64603161e-08,
779, 3.47513306e-08,
780, 3.27446292e-08,
781, 3.36479134e-08,
782, 3.09999979e-08,
783, 3.21242272e-08,
784, 2.40655061e-08,
785, 2.30805137e-08,
786, 3.49572686e-08,
787, 4.01182968e-08,
788, 2.05726750e-08,
789, 3.33999822e-08,
790, 3.36765253e-08,
791, 3.31318101e-08,
792, 3.49868620e-08,
793, 2.56784055e-08,
794, 2.22398723e-08,
795, 2.58233217e-08,
796, 2.75922365e-08,
797, 2.79972258e-08,
798, 3.75174217e-08,
799, 3.62137777e-08,
800, 3.28490084e-08,
801, 3.26269698e-08,
802, 2.54118180e-08,
803, 2.56682140e-08,
804, 2.59891822e-08,
805, 3.83577288e-08,
806, 3.68955263e-08,
807, 3.89326349e-08,
808, 2.85880357e-08,
809, 2.81503098e-08,
810, 3.34123234e-08,
811, 3.47323581e-08,
812, 3.36706309e-08,
813, 3.32183386e-08,
814, 2.63630241e-08,
815, 3.02725258e-08,
816, 4.20596436e-08,
817, 4.23065945e-08,
818, 2.96085549e-08,
819, 4.26241095e-08,
820, 2.78543905e-08,
821, 4.24734620e-08,
822, 3.32746592e-08,
823, 2.83180279e-08,
824, 2.89008268e-08,
825, 3.13526615e-08,
826, 3.32493538e-08,
827, 2.85317578e-08,
828, 2.91506926e-08,
829, 2.93474783e-08,
830, 2.97662611e-08,
831, 3.27780753e-08,
832, 2.66966767e-08,
833, 2.61136463e-08,
834, 2.98105948e-08,
835, 2.91514595e-08,
836, 3.73273939e-08,
837, 2.69760812e-08,
838, 2.71505945e-08,
839, 2.62242483e-08,
840, 2.77593320e-08,
841, 3.18501757e-08,
842, 3.16276458e-08,
843, 3.15047568e-08,
844, 3.10907988e-08,
845, 3.09788993e-08,
846, 3.05196688e-08,
847, 3.03557615e-08,
848, 1.34885915e-08,
849, 1.85737371e-08,
850, 8.09874443e-09,
851, 5.90381065e-09,
852, 1.28010187e-08,
853, 3.68943384e-08,
854, 3.59714935e-08,
855, 3.62653648e-08,
856, 3.64059524e-08,
857, 3.72792849e-08,
858, 3.67411662e-08,
859, 3.66278988e-08,
860, 3.03844848e-08,
861, 3.02200684e-08,
862, 3.10430533e-08,
863, 3.53000503e-08,
864, 3.53465419e-08,
865, 2.97183660e-08,
866, 2.95762993e-08,
867, 3.75411312e-08,
868, 2.80701747e-08,
869, 2.85774703e-08,
870, 2.84315148e-08,
871, 2.64856834e-08,
872, 2.68329684e-08,
873, 2.70896812e-08,
874, 2.72513343e-08,
875, 2.69738879e-08,
876, 2.68117607e-08,
877, 3.71994765e-08,
878, 2.90682750e-08,
879, 2.90068035e-08,
880, 3.59114215e-08,
881, 2.74419623e-08,
882, 2.77712290e-08,
883, 2.83869512e-08,
884, 2.82616751e-08,
885, 2.89393542e-08,
886, 2.78263875e-08,
887, 2.77192518e-08,
888, 2.64146898e-08,
889, 2.96367121e-08,
890, 2.91398221e-08,
891, 2.93152679e-08,
892, 3.02628953e-08,
893, 2.97924263e-08,
894, 2.99332509e-08,
895, 3.08811676e-08,
896, 3.04085156e-08,
897, 3.05358094e-08,
898, 3.08574441e-08,
899, 3.16922521e-08,
900, 3.14871327e-08,
901, 3.10133656e-08,
902, 3.11253981e-08,
903, 3.56084282e-08,
904, 3.51264197e-08,
905, 3.20766683e-08,
906, 3.16037578e-08,
907, 3.17007653e-08,
908, 3.26508591e-08,
909, 3.21763082e-08,
910, 3.22574093e-08,
911, 3.14847679e-08,
912, 3.23292055e-08,
913, 3.32062046e-08,
914, 3.27357030e-08,
915, 3.27979616e-08,
916, 3.37313085e-08,
917, 3.32685687e-08,
918, 3.33088137e-08,
919, 3.42246218e-08,
920, 3.37652180e-08,
921, 3.37775959e-08,
922, 3.20982152e-08,
923, 3.29496643e-08,
924, 3.46851643e-08,
925, 3.42312392e-08,
926, 3.42111337e-08,
927, 3.51354684e-08,
928, 3.46637232e-08,
929, 3.46194555e-08,
930, 3.51174337e-08,
931, 3.26955192e-08,
932, 3.35530345e-08,
933, 2.84803956e-08,
934, 2.78549269e-08,
935, 3.32754372e-08,
936, 3.41386698e-08,
937, 3.60604240e-08,
938, 2.91728501e-08,
939, 3.38334301e-08,
940, 3.46899036e-08,
941, 2.98687318e-08,
942, 3.43644433e-08,
943, 3.05537107e-08,
944, 3.50342663e-08,
945, 3.50541105e-08,
946, 3.44573723e-08,
947, 3.48653616e-08,
948, 3.53347684e-08,
949, 3.38424617e-08,
950, 3.55358692e-08,
951, 3.32146495e-08,
952, 3.25690009e-08,
953, 3.19065481e-08,
954, 3.12362507e-08,
955, 3.77549526e-08,
956, 3.56264481e-08,
957, 3.61610844e-08,
958, 2.74316193e-08,
959, 2.66327941e-08,
960, 2.70438238e-08,
961, 2.60607572e-08,
962, 2.67148024e-08,
963, 2.65637393e-08,
964, 2.54768589e-08,
965, 3.52570386e-08,
966, 3.59505993e-08,
967, 3.82940110e-08,
968, 2.58774547e-08,
969, 2.65648300e-08,
970, 3.69274935e-08,
971, 3.85983757e-08,
972, 2.58599610e-08,
-1,0.,
1,273,1,
DISP-node-3
0.,-1.,0.,
273,0,0,0,0,0,0,0,0,0,
0,0,0,0,0,0,0,0,0,0,
0,0,3,7,
0,1,1,
1, 0.00000000e+00,
2, 0.00000000e+00,
3, 0.00000000e+00,
4, 0.00000000e+00,
5, 0.00000000e+00,
6, 0.00000000e+00,
7, 0.00000000e+00,
8, 0.00000000e+00,
9, 0.00000000e+00,
10, 0.00000000e+00,
11, 0.00000000e+00,
12, 0.00000000e+00,
13, 0.00000000e+00,
14, 0.00000000e+00,
15, 0.00000000e+00,
16, 0.00000000e+00,
17, 0.00000000e+00,
18, 0.00000000e+00,
19, 0.00000000e+00,
20, 0.00000000e+00,
21, 0.00000000e+00,
22, 0.00000000e+00,
23, 0.00000000e+00,
24, 0.00000000e+00,
25, 0.00000000e+00,
26, 0.00000000e+00,
27, 0.00000000e+00,
28, 0.00000000e+00,
29, 0.00000000e+00,
30, 0.00000000e+00,
31, 0.00000000e+00,
32, 0.00000000e+00,
33, 0.00000000e+00,
34, 0.00000000e+00,
35, 0.00000000e+00,
36, 0.00000000e+00,
37, 0.00000000e+00,
38, 0.00000000e+00,
39, 0.00000000e+00,
40, 0.00000000e+00,
41, 0.00000000e+00,
42, 0.00000000e+00,
43, 0.00000000e+00,
44, 0.00000000e+00,
45, 0.00000000e+00,
46, 0.00000000e+00,
47, 0.00000000e+00,
48, 0.00000000e+00,
49, 0.00000000e+00,
50, 0.00000000e+00,
51, 0.00000000e+00,
52, 0.00000000e+00,
53, 0.00000000e+00,
54, 0.00000000e+00,
55, 0.00000000e+00,
56, 0.00000000e+00,
57, 0.00000000e+00,
58, 0.00000000e+00,
59, 0.00000000e+00,
60, 0.00000000e+00,
61, 0.00000000e+00,
62, 0.00000000e+00,
63, 0.00000000e+00,
64, 0.00000000e+00,
65, 0.00000000e+00,
66, 0.00000000e+00,
67, 0.00000000e+00,
68, 0.00000000e+00,
69, 0.00000000e+00,
70, 0.00000000e+00,
71, 0.00000000e+00,
72, 0.00000000e+00,
73, 0.00000000e+00,
74, 0.00000000e+00,
75, 0.00000000e+00,
76, 0.00000000e+00,
77, 0.00000000e+00,
78, 0.00000000e+00,
79, 0.00000000e+00,
80, 0.00000000e+00,
81, 0.00000000e+00,
82, 0.00000000e+00,
83, 0.00000000e+00,
84, 0.00000000e+00,
85, 0.00000000e+00,
86, 0.00000000e+00,
87, 0.00000000e+00,
88, 0.00000000e+00,
89, 0.00000000e+00,
90, 0.00000000e+00,
91, 0.00000000e+00,
92, 0.00000000e+00,
93, 0.00000000e+00,
94, 0.00000000e+00,
95, 0.00000000e+00,
96, 0.00000000e+00,
97, 0.00000000e+00,
98, 0.00000000e+00,
99, 0.00000000e+00,
100, 0.00000000e+00,
101, 0.00000000e+00,
102, 0.00000000e+00,
103, 0.00000000e+00,
104, 0.00000000e+00,
105, 0.00000000e+00,
106, 0.00000000e+00,
107, 0.00000000e+00,
108, 0.00000000e+00,
109, 0.00000000e+00,
110, 0.00000000e+00,
111, 0.00000000e+00,
112, 0.00000000e+00,
113, 0.00000000e+00,
114, 0.00000000e+00,
115, 0.00000000e+00,
116, 0.00000000e+00,
117, 0.00000000e+00,
118, 0.00000000e+00,
119, 0.00000000e+00,
120, 0.00000000e+00,
121, 0.00000000e+00,
122, 0.00000000e+00,
123, 0.00000000e+00,
124, 0.00000000e+00,
125, 0.00000000e+00,
126, 0.00000000e+00,
127, 0.00000000e+00,
128, 0.00000000e+00,
129, 0.00000000e+00,
130, 0.00000000e+00,
131, 0.00000000e+00,
132, 0.00000000e+00,
133, 0.00000000e+00,
134, 0.00000000e+00,
135, 0.00000000e+00,
136, 0.00000000e+00,
137, 0.00000000e+00,
138, 0.00000000e+00,
139, 0.00000000e+00,
140, 0.00000000e+00,
141, 0.00000000e+00,
142, 0.00000000e+00,
143, 0.00000000e+00,
144, 0.00000000e+00,
145, 0.00000000e+00,
146, 0.00000000e+00,
147, 0.00000000e+00,
148, 0.00000000e+00,
149, 0.00000000e+00,
150, 0.00000000e+00,
151, 0.00000000e+00,
152, 0.00000000e+00,
153, 0.00000000e+00,
154, 0.00000000e+00,
155, 0.00000000e+00,
156, 0.00000000e+00,
157, 0.00000000e+00,
158, 0.00000000e+00,
159, 0.00000000e+00,
160, 0.00000000e+00,
161, 0.00000000e+00,
162, 0.00000000e+00,
163, 0.00000000e+00,
164, 0.00000000e+00,
165, 0.00000000e+00,
166, 0.00000000e+00,
167, 0.00000000e+00,
168, 0.00000000e+00,
169, 0.00000000e+00,
170, 0.00000000e+00,
171, 0.00000000e+00,
172, 0.00000000e+00,
173, 0.00000000e+00,
174, 0.00000000e+00,
175, 0.00000000e+00,
176, 0.00000000e+00,
177, 0.00000000e+00,
178, 0.00000000e+00,
179, 0.00000000e+00,
180, 0.00000000e+00,
181, 0.00000000e+00,
182, 0.00000000e+00,
183, 0.00000000e+00,
184, 0.00000000e+00,
185, 0.00000000e+00,
186, 0.00000000e+00,
187, 0.00000000e+00,
188, 0.00000000e+00,
189, 0.00000000e+00,
190, 0.00000000e+00,
191, 0.00000000e+00,
192, 0.00000000e+00,
193, 0.00000000e+00,
194, 0.00000000e+00,
195, 0.00000000e+00,
196, 0.00000000e+00,
197, 0.00000000e+00,
198, 0.00000000e+00,
199, 0.00000000e+00,
200, 0.00000000e+00,
201, 0.00000000e+00,
202, 0.00000000e+00,
203, 0.00000000e+00,
204, 0.00000000e+00,
205, 0.00000000e+00,
206, 0.00000000e+00,
207, 0.00000000e+00,
208, 0.00000000e+00,
209, 0.00000000e+00,
210, 0.00000000e+00,
211, 0.00000000e+00,
212, 0.00000000e+00,
213, 0.00000000e+00,
214, 0.00000000e+00,
215, 0.00000000e+00,
216, 0.00000000e+00,
217, 0.00000000e+00,
218, 0.00000000e+00,
219, 0.00000000e+00,
220, 0.00000000e+00,
221, 0.00000000e+00,
222, 0.00000000e+00,
223, 0.00000000e+00,
224, 0.00000000e+00,
225, 0.00000000e+00,
226, 0.00000000e+00,
227, 0.00000000e+00,
228, 0.00000000e+00,
229, 0.00000000e+00,
230, 0.00000000e+00,
231, 0.00000000e+00,
232, 0.00000000e+00,
233, 0.00000000e+00,
234, 0.00000000e+00,
235, 0.00000000e+00,
236, 0.00000000e+00,
237, 0.00000000e+00,
238, 0.00000000e+00,
239, 0.00000000e+00,
240, 0.00000000e+00,
241, 0.00000000e+00,
242, 0.00000000e+00,
243, 0.00000000e+00,
244, 0.00000000e+00,
245, 0.00000000e+00,
246, 0.00000000e+00,
247, 0.00000000e+00,
248, 0.00000000e+00,
249, 0.00000000e+00,
250, 0.00000000e+00,
251, 0.00000000e+00,
252, 0.00000000e+00,
253, 0.00000000e+00,
254, 0.00000000e+00,
255, 0.00000000e+00,
256, 0.00000000e+00,
257, 0.00000000e+00,
258, 0.00000000e+00,
259, 0.00000000e+00,
260, 0.00000000e+00,
261, 0.00000000e+00,
262, 0.00000000e+00,
263, 0.00000000e+00,
264, 0.00000000e+00,
265, 0.00000000e+00,
266, 0.00000000e+00,
267, 0.00000000e+00,
268, 0.00000000e+00,
269, 0.00000000e+00,
270, 0.00000000e+00,
271, 0.00000000e+00,
272, 0.00000000e+00,
273, 0.00000000e+00,
274, 0.00000000e+00,
275, 0.00000000e+00,
276, 0.00000000e+00,
277, 0.00000000e+00,
278, 0.00000000e+00,
279, 0.00000000e+00,
280, 0.00000000e+00,
281, 0.00000000e+00,
282, 0.00000000e+00,
283, 0.00000000e+00,
284, 0.00000000e+00,
285, 0.00000000e+00,
286, 0.00000000e+00,
287, 0.00000000e+00,
288, 0.00000000e+00,
289, 0.00000000e+00,
290, 0.00000000e+00,
291, 0.00000000e+00,
292, 0.00000000e+00,
293, 0.00000000e+00,
294, 0.00000000e+00,
295, 0.00000000e+00,
296, 0.00000000e+00,
297, 0.00000000e+00,
298, 0.00000000e+00,
299, 0.00000000e+00,
300, 0.00000000e+00,
301, 0.00000000e+00,
302, 0.00000000e+00,
303, 0.00000000e+00,
304, 0.00000000e+00,
305, 0.00000000e+00,
306, 0.00000000e+00,
307, 0.00000000e+00,
308, 0.00000000e+00,
309, 0.00000000e+00,
310, 0.00000000e+00,
311, 0.00000000e+00,
312, 0.00000000e+00,
313, 0.00000000e+00,
314, 0.00000000e+00,
315, 0.00000000e+00,
316, 0.00000000e+00,
317, 0.00000000e+00,
318, 0.00000000e+00,
319, 0.00000000e+00,
320, 0.00000000e+00,
321, 0.00000000e+00,
322, 0.00000000e+00,
323, 0.00000000e+00,
324, 0.00000000e+00,
325, 0.00000000e+00,
326, 0.00000000e+00,
327, 0.00000000e+00,
328, 0.00000000e+00,
329, 0.00000000e+00,
330, 0.00000000e+00,
331, 0.00000000e+00,
332, 0.00000000e+00,
333, 0.00000000e+00,
334, 0.00000000e+00,
335, 0.00000000e+00,
336, 0.00000000e+00,
337, 0.00000000e+00,
338, 0.00000000e+00,
339, 0.00000000e+00,
340, 0.00000000e+00,
341, 0.00000000e+00,
342, 0.00000000e+00,
343, 0.00000000e+00,
344, 0.00000000e+00,
345, 0.00000000e+00,
346, 0.00000000e+00,
347, 0.00000000e+00,
348, 0.00000000e+00,
349, 0.00000000e+00,
350, 0.00000000e+00,
351, 0.00000000e+00,
352, 0.00000000e+00,
353, 0.00000000e+00,
354, 0.00000000e+00,
355, 0.00000000e+00,
356, 0.00000000e+00,
357, 0.00000000e+00,
358, 0.00000000e+00,
359, 0.00000000e+00,
360, 0.00000000e+00,
361, 0.00000000e+00,
362, 0.00000000e+00,
363, 0.00000000e+00,
364, 0.00000000e+00,
365, 0.00000000e+00,
366, 0.00000000e+00,
367, 0.00000000e+00,
368, 0.00000000e+00,
369, 0.00000000e+00,
370, 0.00000000e+00,
371, 0.00000000e+00,
372, 0.00000000e+00,
373, 0.00000000e+00,
374, 0.00000000e+00,
375, 0.00000000e+00,
376, 0.00000000e+00,
377, 0.00000000e+00,
378, 0.00000000e+00,
379, 0.00000000e+00,
380, 0.00000000e+00,
381, 0.00000000e+00,
382, 0.00000000e+00,
383, 0.00000000e+00,
384, 0.00000000e+00,
385, 0.00000000e+00,
386, 0.00000000e+00,
387, 0.00000000e+00,
388, 0.00000000e+00,
389, 0.00000000e+00,
390, 0.00000000e+00,
391, 0.00000000e+00,
392, 0.00000000e+00,
393, 0.00000000e+00,
394, 0.00000000e+00,
395, 0.00000000e+00,
396, 0.00000000e+00,
397, 0.00000000e+00,
398, 0.00000000e+00,
399, 0.00000000e+00,
400, 0.00000000e+00,
401, 0.00000000e+00,
402, 0.00000000e+00,
403, 0.00000000e+00,
404, 0.00000000e+00,
405, 0.00000000e+00,
406, 0.00000000e+00,
407, 0.00000000e+00,
408, 0.00000000e+00,
409, 0.00000000e+00,
410, 0.00000000e+00,
411, 0.00000000e+00,
412, 0.00000000e+00,
413, 0.00000000e+00,
414, 0.00000000e+00,
415, 0.00000000e+00,
416, 0.00000000e+00,
417, 0.00000000e+00,
418, 0.00000000e+00,
419, 0.00000000e+00,
420, 0.00000000e+00,
421, 0.00000000e+00,
422, 0.00000000e+00,
423, 0.00000000e+00,
424, 0.00000000e+00,
425, 0.00000000e+00,
426, 0.00000000e+00,
427, 0.00000000e+00,
428, 0.00000000e+00,
429, 0.00000000e+00,
430, 0.00000000e+00,
431, 0.00000000e+00,
432, 0.00000000e+00,
433, 0.00000000e+00,
434, 0.00000000e+00,
435, 0.00000000e+00,
436, 0.00000000e+00,
437, 0.00000000e+00,
438, 0.00000000e+00,
439, 0.00000000e+00,
440, 0.00000000e+00,
441, 0.00000000e+00,
442, 0.00000000e+00,
443, 0.00000000e+00,
444, 0.00000000e+00,
445, 0.00000000e+00,
446, 0.00000000e+00,
447, 0.00000000e+00,
448, 0.00000000e+00,
449, 0.00000000e+00,
450, 0.00000000e+00,
451, 0.00000000e+00,
452, 0.00000000e+00,
453, 0.00000000e+00,
454, 0.00000000e+00,
455, 0.00000000e+00,
456, 0.00000000e+00,
457, 0.00000000e+00,
458, 0.00000000e+00,
459, 0.00000000e+00,
460, 0.00000000e+00,
461, 0.00000000e+00,
462, 0.00000000e+00,
463, 0.00000000e+00,
464, 0.00000000e+00,
465, 0.00000000e+00,
466, 0.00000000e+00,
467, 0.00000000e+00,
468, 0.00000000e+00,
469, 0.00000000e+00,
470, 0.00000000e+00,
471, 0.00000000e+00,
472, 0.00000000e+00,
473, 0.00000000e+00,
474, 0.00000000e+00,
475, 0.00000000e+00,
476, 0.00000000e+00,
477, 0.00000000e+00,
478, 0.00000000e+00,
479, 0.00000000e+00,
480, 0.00000000e+00,
481, 0.00000000e+00,
482, 0.00000000e+00,
483, 0.00000000e+00,
484, 0.00000000e+00,
485, 0.00000000e+00,
486, 0.00000000e+00,
487, 0.00000000e+00,
488, 0.00000000e+00,
489, 0.00000000e+00,
490, 0.00000000e+00,
491, 0.00000000e+00,
492, 0.00000000e+00,
493, 0.00000000e+00,
501, 0.00000000e+00,
502, 0.00000000e+00,
503, 0.00000000e+00,
504, 0.00000000e+00,
505, 0.00000000e+00,
506, 0.00000000e+00,
507, 0.00000000e+00,
508, 0.00000000e+00,
509, 0.00000000e+00,
510, 0.00000000e+00,
511, 0.00000000e+00,
512, 0.00000000e+00,
513, 0.00000000e+00,
514, 0.00000000e+00,
515, 0.00000000e+00,
516, 0.00000000e+00,
517, 0.00000000e+00,
518, 0.00000000e+00,
519, 0.00000000e+00,
520, 0.00000000e+00,
521, 0.00000000e+00,
522, 0.00000000e+00,
523, 0.00000000e+00,
524, 0.00000000e+00,
525, 0.00000000e+00,
526, 0.00000000e+00,
527, 0.00000000e+00,
528, 0.00000000e+00,
529, 0.00000000e+00,
530, 0.00000000e+00,
531, 0.00000000e+00,
532, 0.00000000e+00,
533, 0.00000000e+00,
534, 0.00000000e+00,
535, 0.00000000e+00,
536, 0.00000000e+00,
537, 0.00000000e+00,
538, 0.00000000e+00,
539, 0.00000000e+00,
540, 0.00000000e+00,
541, 0.00000000e+00,
542, 0.00000000e+00,
543, 0.00000000e+00,
544, 0.00000000e+00,
545, 0.00000000e+00,
546, 0.00000000e+00,
547, 0.00000000e+00,
548, 0.00000000e+00,
549, 0.00000000e+00,
550, 0.00000000e+00,
551, 0.00000000e+00,
552, 0.00000000e+00,
553, 0.00000000e+00,
554, 0.00000000e+00,
555, 0.00000000e+00,
556, 0.00000000e+00,
557, 0.00000000e+00,
558, 0.00000000e+00,
559, 0.00000000e+00,
560, 0.00000000e+00,
561, 0.00000000e+00,
562, 0.00000000e+00,
563, 0.00000000e+00,
564, 0.00000000e+00,
565, 0.00000000e+00,
566, 0.00000000e+00,
567, 0.00000000e+00,
568, 0.00000000e+00,
569, 0.00000000e+00,
570, 0.00000000e+00,
571, 0.00000000e+00,
572, 0.00000000e+00,
573, 0.00000000e+00,
574, 0.00000000e+00,
575, 0.00000000e+00,
576, 0.00000000e+00,
577, 0.00000000e+00,
578, 0.00000000e+00,
579, 0.00000000e+00,
580, 0.00000000e+00,
581, 0.00000000e+00,
582, 0.00000000e+00,
583, 0.00000000e+00,
584, 0.00000000e+00,
585, 0.00000000e+00,
586, 0.00000000e+00,
587, 0.00000000e+00,
588, 0.00000000e+00,
589, 0.00000000e+00,
590, 0.00000000e+00,
591, 0.00000000e+00,
592, 0.00000000e+00,
593, 0.00000000e+00,
594, 0.00000000e+00,
595, 0.00000000e+00,
596, 0.00000000e+00,
597, 0.00000000e+00,
598, 0.00000000e+00,
599, 0.00000000e+00,
600, 0.00000000e+00,
601, 0.00000000e+00,
602, 0.00000000e+00,
603, 0.00000000e+00,
604, 0.00000000e+00,
605, 0.00000000e+00,
606, 0.00000000e+00,
607, 0.00000000e+00,
608, 0.00000000e+00,
609, 0.00000000e+00,
610, 0.00000000e+00,
611, 0.00000000e+00,
612, 0.00000000e+00,
613, 0.00000000e+00,
614, 0.00000000e+00,
615, 0.00000000e+00,
616, 0.00000000e+00,
617, 0.00000000e+00,
618, 0.00000000e+00,
619, 0.00000000e+00,
620, 0.00000000e+00,
621, 0.00000000e+00,
622, 0.00000000e+00,
623, 0.00000000e+00,
624, 0.00000000e+00,
625, 0.00000000e+00,
626, 0.00000000e+00,
627, 0.00000000e+00,
628, 0.00000000e+00,
629, 0.00000000e+00,
630, 0.00000000e+00,
631, 0.00000000e+00,
632, 0.00000000e+00,
633, 0.00000000e+00,
634, 0.00000000e+00,
635, 0.00000000e+00,
636, 0.00000000e+00,
637, 0.00000000e+00,
638, 0.00000000e+00,
639, 0.00000000e+00,
640, 0.00000000e+00,
641, 0.00000000e+00,
642, 0.00000000e+00,
643, 0.00000000e+00,
644, 0.00000000e+00,
645, 0.00000000e+00,
646, 0.00000000e+00,
647, 0.00000000e+00,
648, 0.00000000e+00,
649, 0.00000000e+00,
650, 0.00000000e+00,
651, 0.00000000e+00,
652, 0.00000000e+00,
653, 0.00000000e+00,
654, 0.00000000e+00,
655, 0.00000000e+00,
656, 0.00000000e+00,
657, 0.00000000e+00,
658, 0.00000000e+00,
659, 0.00000000e+00,
660, 0.00000000e+00,
661, 0.00000000e+00,
662, 0.00000000e+00,
663, 0.00000000e+00,
664, 0.00000000e+00,
665, 0.00000000e+00,
666, 0.00000000e+00,
667, 0.00000000e+00,
668, 0.00000000e+00,
669, 0.00000000e+00,
670, 0.00000000e+00,
671, 0.00000000e+00,
672, 0.00000000e+00,
673, 0.00000000e+00,
674, 0.00000000e+00,
675, 0.00000000e+00,
676, 0.00000000e+00,
677, 0.00000000e+00,
678, 0.00000000e+00,
679, 0.00000000e+00,
680, 0.00000000e+00,
681, 0.00000000e+00,
682, 0.00000000e+00,
683, 0.00000000e+00,
684, 0.00000000e+00,
685, 0.00000000e+00,
686, 0.00000000e+00,
687, 0.00000000e+00,
688, 0.00000000e+00,
689, 0.00000000e+00,
690, 0.00000000e+00,
691, 0.00000000e+00,
692, 0.00000000e+00,
693, 0.00000000e+00,
694, 0.00000000e+00,
695, 0.00000000e+00,
696, 0.00000000e+00,
697, 0.00000000e+00,
698, 0.00000000e+00,
699, 0.00000000e+00,
700, 0.00000000e+00,
701, 0.00000000e+00,
702, 0.00000000e+00,
703, 0.00000000e+00,
704, 0.00000000e+00,
705, 0.00000000e+00,
706, 0.00000000e+00,
707, 0.00000000e+00,
708, 0.00000000e+00,
709, 0.00000000e+00,
710, 0.00000000e+00,
711, 0.00000000e+00,
712, 0.00000000e+00,
713, 0.00000000e+00,
714, 0.00000000e+00,
715, 0.00000000e+00,
716, 0.00000000e+00,
717, 0.00000000e+00,
718, 0.00000000e+00,
719, 0.00000000e+00,
720, 0.00000000e+00,
721, 0.00000000e+00,
722, 0.00000000e+00,
723, 0.00000000e+00,
724, 0.00000000e+00,
725, 0.00000000e+00,
726, 0.00000000e+00,
727, 0.00000000e+00,
728, 0.00000000e+00,
729, 0.00000000e+00,
730, 0.00000000e+00,
731, 0.00000000e+00,
732, 0.00000000e+00,
733, 0.00000000e+00,
734, 0.00000000e+00,
735, 0.00000000e+00,
736, 0.00000000e+00,
737, 0.00000000e+00,
738, 0.00000000e+00,
739, 0.00000000e+00,
740, 0.00000000e+00,
741, 0.00000000e+00,
742, 0.00000000e+00,
743, 0.00000000e+00,
744, 0.00000000e+00,
745, 0.00000000e+00,
746, 0.00000000e+00,
747, 0.00000000e+00,
748, 0.00000000e+00,
749, 0.00000000e+00,
750, 0.00000000e+00,
751, 0.00000000e+00,
752, 0.00000000e+00,
753, 0.00000000e+00,
754, 0.00000000e+00,
755, 0.00000000e+00,
756, 0.00000000e+00,
757, 0.00000000e+00,
758, 0.00000000e+00,
759, 0.00000000e+00,
760, 0.00000000e+00,
761, 0.00000000e+00,
762, 0.00000000e+00,
763, 0.00000000e+00,
764, 0.00000000e+00,
765, 0.00000000e+00,
766, 0.00000000e+00,
767, 0.00000000e+00,
768, 0.00000000e+00,
769, 0.00000000e+00,
770, 0.00000000e+00,
771, 0.00000000e+00,
772, 0.00000000e+00,
773, 0.00000000e+00,
774, 0.00000000e+00,
775, 0.00000000e+00,
776, 0.00000000e+00,
777, 0.00000000e+00,
778, 0.00000000e+00,
779, 0.00000000e+00,
780, 0.00000000e+00,
781, 0.00000000e+00,
782, 0.00000000e+00,
783, 0.00000000e+00,
784, 0.00000000e+00,
785, 0.00000000e+00,
786, 0.00000000e+00,
787, 0.00000000e+00,
788, 0.00000000e+00,
789, 0.00000000e+00,
790, 0.00000000e+00,
791, 0.00000000e+00,
792, 0.00000000e+00,
793, 0.00000000e+00,
794, 0.00000000e+00,
795, 0.00000000e+00,
796, 0.00000000e+00,
797, 0.00000000e+00,
798, 0.00000000e+00,
799, 0.00000000e+00,
800, 0.00000000e+00,
801, 0.00000000e+00,
802, 0.00000000e+00,
803, 0.00000000e+00,
804, 0.00000000e+00,
805, 0.00000000e+00,
806, 0.00000000e+00,
807, 0.00000000e+00,
808, 0.00000000e+00,
809, 0.00000000e+00,
810, 0.00000000e+00,
811, 0.00000000e+00,
812, 0.00000000e+00,
813, 0.00000000e+00,
814, 0.00000000e+00,
815, 0.00000000e+00,
816, 0.00000000e+00,
817, 0.00000000e+00,
818, 0.00000000e+00,
819, 0.00000000e+00,
820, 0.00000000e+00,
821, 0.00000000e+00,
822, 0.00000000e+00,
823, 0.00000000e+00,
824, 0.00000000e+00,
825, 0.00000000e+00,
826, 0.00000000e+00,
827, 0.00000000e+00,
828, 0.00000000e+00,
829, 0.00000000e+00,
830, 0.00000000e+00,
831, 0.00000000e+00,
832, 0.00000000e+00,
833, 0.00000000e+00,
834, 0.00000000e+00,
835, 0.00000000e+00,
836, 0.00000000e+00,
837, 0.00000000e+00,
838, 0.00000000e+00,
839, 0.00000000e+00,
840, 0.00000000e+00,
841, 0.00000000e+00,
842, 0.00000000e+00,
843, 0.00000000e+00,
844, 0.00000000e+00,
845, 0.00000000e+00,
846, 0.00000000e+00,
847, 0.00000000e+00,
848, 0.00000000e+00,
849, 0.00000000e+00,
850, 0.00000000e+00,
851, 0.00000000e+00,
852, 0.00000000e+00,
853, 0.00000000e+00,
854, 0.00000000e+00,
855, 0.00000000e+00,
856, 0.00000000e+00,
857, 0.00000000e+00,
858, 0.00000000e+00,
859, 0.00000000e+00,
860, 0.00000000e+00,
861, 0.00000000e+00,
862, 0.00000000e+00,
863, 0.00000000e+00,
864, 0.00000000e+00,
865, 0.00000000e+00,
866, 0.00000000e+00,
867, 0.00000000e+00,
868, 0.00000000e+00,
869, 0.00000000e+00,
870, 0.00000000e+00,
871, 0.00000000e+00,
872, 0.00000000e+00,
873, 0.00000000e+00,
874, 0.00000000e+00,
875, 0.00000000e+00,
876, 0.00000000e+00,
877, 0.00000000e+00,
878, 0.00000000e+00,
879, 0.00000000e+00,
880, 0.00000000e+00,
881, 0.00000000e+00,
882, 0.00000000e+00,
883, 0.00000000e+00,
884, 0.00000000e+00,
885, 0.00000000e+00,
886, 0.00000000e+00,
887, 0.00000000e+00,
888, 0.00000000e+00,
889, 0.00000000e+00,
890, 0.00000000e+00,
891, 0.00000000e+00,
892, 0.00000000e+00,
893, 0.00000000e+00,
894, 0.00000000e+00,
895, 0.00000000e+00,
896, 0.00000000e+00,
897, 0.00000000e+00,
898, 0.00000000e+00,
899, 0.00000000e+00,
900, 0.00000000e+00,
901, 0.00000000e+00,
902, 0.00000000e+00,
903, 0.00000000e+00,
904, 0.00000000e+00,
905, 0.00000000e+00,
906, 0.00000000e+00,
907, 0.00000000e+00,
908, 0.00000000e+00,
909, 0.00000000e+00,
910, 0.00000000e+00,
911, 0.00000000e+00,
912, 0.00000000e+00,
913, 0.00000000e+00,
914, 0.00000000e+00,
915, 0.00000000e+00,
916, 0.00000000e+00,
917, 0.00000000e+00,
918, 0.00000000e+00,
919, 0.00000000e+00,
920, 0.00000000e+00,
921, 0.00000000e+00,
922, 0.00000000e+00,
923, 0.00000000e+00,
924, 0.00000000e+00,
925, 0.00000000e+00,
926, 0.00000000e+00,
927, 0.00000000e+00,
928, 0.00000000e+00,
929, 0.00000000e+00,
930, 0.00000000e+00,
931, 0.00000000e+00,
932, 0.00000000e+00,
933, 0.00000000e+00,
934, 0.00000000e+00,
935, 0.00000000e+00,
936, 0.00000000e+00,
937, 0.00000000e+00,
938, 0.00000000e+00,
939, 0.00000000e+00,
940, 0.00000000e+00,
941, 0.00000000e+00,
942, 0.00000000e+00,
943, 0.00000000e+00,
944, 0.00000000e+00,
945, 0.00000000e+00,
946, 0.00000000e+00,
947, 0.00000000e+00,
948, 0.00000000e+00,
949, 0.00000000e+00,
950, 0.00000000e+00,
951, 0.00000000e+00,
952, 0.00000000e+00,
953, 0.00000000e+00,
954, 0.00000000e+00,
955, 0.00000000e+00,
956, 0.00000000e+00,
957, 0.00000000e+00,
958, 0.00000000e+00,
959, 0.00000000e+00,
960, 0.00000000e+00,
961, 0.00000000e+00,
962, 0.00000000e+00,
963, 0.00000000e+00,
964, 0.00000000e+00,
965, 0.00000000e+00,
966, 0.00000000e+00,
967, 0.00000000e+00,
968, 0.00000000e+00,
969, 0.00000000e+00,
970, 0.00000000e+00,
971, 0.00000000e+00,
972, 0.00000000e+00,
-1,0.,
1,274,1,
DISP-node-4
0.,-1.,0.,
274,0,0,0,0,0,0,0,0,0,
0,0,0,0,0,0,0,0,0,0,
0,0,3,7,
0,1,1,
1, 6.04528233e-08,
2, 6.07692314e-08,
3, 3.41034227e-08,
4, 3.28431581e-08,
5, 9.67370107e-09,
6, 1.85545020e-12,
7, 6.02208195e-08,
8, 6.02923853e-08,
9, 6.09643041e-08,
10, 6.04996915e-08,
11, 5.02281041e-08,
12, 5.10054404e-08,
13, 4.75609763e-08,
14, 5.61251609e-08,
15, 6.04563704e-08,
16, 5.69718101e-08,
17, 6.08874937e-08,
18, 6.05312670e-08,
19, 6.08685518e-08,
20, 6.04454831e-08,
21, 6.04545313e-08,
22, 6.04522597e-08,
23, 6.03619462e-08,
24, 6.01101007e-08,
25, 5.98243503e-08,
26, 5.97602744e-08,
27, 5.98332087e-08,
28, 6.00811796e-08,
29, 6.04827430e-08,
30, 6.07675484e-08,
31, 6.08519398e-08,
32, 6.08434300e-08,
33, 6.08212163e-08,
34, 6.08085028e-08,
35, 6.08065254e-08,
36, 6.08099631e-08,
37, 6.08174205e-08,
38, 6.08254705e-08,
39, 6.08189448e-08,
40, 6.08304415e-08,
41, 6.08332976e-08,
42, 6.08082603e-08,
43, 6.08004377e-08,
44, 6.07843550e-08,
45, 6.07999332e-08,
46, 6.08016471e-08,
47, 6.07967506e-08,
48, 3.40966443e-08,
49, 3.40483288e-08,
50, 3.39315235e-08,
51, 3.37372474e-08,
52, 3.34174486e-08,
53, 3.33679963e-08,
54, 3.31879897e-08,
55, 3.29585274e-08,
56, 1.98234421e-09,
57, 1.30495674e-09,
58, 4.97738913e-10,
59, 1.48316287e-08,
60, 2.12700196e-08,
61, 2.78033727e-08,
62, 2.62193020e-08,
63, 1.87114835e-08,
64, 9.63871083e-09,
65, 6.01386769e-08,
66, 6.03910533e-08,
67, 6.05498598e-08,
68, 4.82488560e-08,
69, 4.69960252e-08,
70, 5.01685724e-08,
71, 5.31137075e-08,
72, 6.03934239e-08,
73, 6.03674174e-08,
74, 6.02901099e-08,
75, 6.07710029e-08,
76, 6.09199340e-08,
77, 6.08195237e-08,
78, 6.08134232e-08,
79, 5.67845753e-08,
80, 5.65988815e-08,
81, 5.58727062e-08,
82, 5.42153225e-08,
83, 5.12969512e-08,
84, 5.22398974e-08,
85, 5.30354948e-08,
86, 5.37783433e-08,
87, 5.44369181e-08,
88, 5.50358935e-08,
89, 5.55831673e-08,
90, 5.61213908e-08,
91, 5.66171078e-08,
92, 5.71145122e-08,
93, 5.75651226e-08,
94, 5.80076422e-08,
95, 5.84617918e-08,
96, 5.88714428e-08,
97, 5.91831476e-08,
98, 5.94708970e-08,
99, 5.97405521e-08,
100, 6.00013993e-08,
101, 6.02403144e-08,
102, 6.04361439e-08,
103, 6.05505546e-08,
104, 6.08736768e-08,
105, 6.08818064e-08,
106, 6.08560238e-08,
107, 6.08378001e-08,
108, 6.07996068e-08,
109, 6.07282012e-08,
110, 6.06483561e-08,
111, 6.04639981e-08,
112, 6.02612753e-08,
113, 6.00927649e-08,
114, 5.98723936e-08,
115, 5.96414353e-08,
116, 5.94017788e-08,
117, 5.91488500e-08,
118, 5.88658001e-08,
119, 5.86015396e-08,
120, 5.82754542e-08,
121, 5.80055555e-08,
122, 5.76997469e-08,
123, 5.74232473e-08,
124, 5.71707943e-08,
125, 6.06293154e-08,
126, 6.06696737e-08,
127, 6.06476807e-08,
128, 6.04824888e-08,
129, 6.01813646e-08,
130, 5.95760640e-08,
131, 5.85183078e-08,
132, 5.70229412e-08,
133, 5.50448497e-08,
134, 5.25905259e-08,
135, 4.96914148e-08,
136, 4.63506760e-08,
137, 4.27749157e-08,
138, 3.86223394e-08,
139, 6.10399456e-08,
140, 6.11310800e-08,
141, 6.11765288e-08,
142, 6.11551835e-08,
143, 6.08802776e-08,
144, 6.03870030e-08,
145, 5.95893916e-08,
146, 5.85047772e-08,
147, 5.69581957e-08,
148, 5.22376223e-08,
149, 4.70717792e-08,
150, 4.44233471e-08,
151, 4.11864141e-08,
152, 3.72221412e-08,
153, 6.05345447e-08,
154, 6.05461669e-08,
155, 6.05596027e-08,
156, 6.05208849e-08,
157, 6.03816459e-08,
158, 6.01055728e-08,
159, 5.99191369e-08,
160, 5.99470899e-08,
161, 6.00113680e-08,
162, 6.02477116e-08,
163, 6.06143211e-08,
164, 6.08703121e-08,
165, 6.09550434e-08,
166, 6.09498097e-08,
167, 6.09237256e-08,
168, 6.09043380e-08,
169, 6.08985664e-08,
170, 6.08986789e-08,
171, 6.09034522e-08,
172, 6.09115948e-08,
173, 6.09196499e-08,
174, 6.09174336e-08,
175, 6.09266889e-08,
176, 6.09390001e-08,
177, 6.09146015e-08,
178, 6.09035500e-08,
179, 6.08865740e-08,
180, 6.08876325e-08,
181, 6.09063141e-08,
182, 6.08939701e-08,
183, 6.08920949e-08,
184, 6.11014736e-08,
185, 6.10264890e-08,
186, 6.10030433e-08,
187, 6.11111871e-08,
188, 5.89718621e-08,
189, 5.93026329e-08,
190, 5.05887434e-08,
191, 3.90082453e-08,
192, 3.57914262e-08,
193, 3.90005389e-08,
194, 6.06818148e-08,
195, 6.06647327e-08,
196, 6.06186546e-08,
197, 5.98821474e-08,
198, 6.00381243e-08,
199, 5.97255186e-08,
200, 6.06906113e-08,
201, 6.07880378e-08,
202, 6.02530027e-08,
203, 5.83084761e-08,
204, 3.74465713e-08,
205, 4.02244136e-08,
206, 3.64534086e-08,
207, 5.28725991e-08,
208, 5.38228664e-08,
209, 5.11383887e-08,
210, 5.11086071e-08,
211, 5.74648654e-08,
212, 5.67243734e-08,
213, 5.57857941e-08,
214, 5.50776815e-08,
215, 6.06430170e-08,
216, 6.11152052e-08,
217, 6.10018549e-08,
218, 6.10258472e-08,
219, 6.06064616e-08,
220, 6.01600923e-08,
221, 6.02368886e-08,
222, 5.98032319e-08,
223, 5.96371927e-08,
224, 6.10526040e-08,
225, 6.10507677e-08,
226, 5.87917540e-08,
227, 5.79862444e-08,
228, 6.11931784e-08,
229, 6.10781668e-08,
230, 6.10156706e-08,
231, 6.10746725e-08,
232, 6.10848051e-08,
233, 6.11130390e-08,
234, 5.41853699e-08,
235, 5.55611325e-08,
236, 6.11781174e-08,
237, 6.10634423e-08,
238, 6.12056972e-08,
239, 6.11561778e-08,
240, 6.11387931e-08,
241, 6.11884464e-08,
242, 5.98047359e-08,
243, 6.11180084e-08,
244, 6.10174020e-08,
245, 6.11043091e-08,
246, 6.10725154e-08,
247, 6.10890401e-08,
248, 6.09957354e-08,
249, 6.11004206e-08,
250, 6.10080753e-08,
251, 6.11141527e-08,
252, 6.11723579e-08,
253, 6.11606200e-08,
254, 6.11901164e-08,
255, 6.11623245e-08,
256, 6.11079366e-08,
257, 4.54168031e-08,
258, 4.08191278e-08,
259, 4.40463454e-08,
260, 4.12519124e-08,
261, 6.07027957e-08,
262, 6.06864114e-08,
263, 6.06363184e-08,
264, 6.05978479e-08,
265, 6.04474343e-08,
266, 4.40669952e-08,
267, 3.62303915e-08,
268, 4.21092735e-08,
269, 4.17587922e-08,
270, 6.05298195e-08,
271, 6.05170132e-08,
272, 6.06369446e-08,
273, 6.11711384e-08,
274, 6.06367183e-08,
275, 4.86762667e-08,
276, 4.88336147e-08,
277, 6.11168259e-08,
278, 6.11445164e-08,
279, 6.11605944e-08,
280, 6.10238750e-08,
281, 6.09331918e-08,
282, 6.10527305e-08,
283, 6.11038838e-08,
284, 6.03495595e-08,
285, 6.05912495e-08,
286, 6.03820138e-08,
287, 6.02620858e-08,
288, 6.04749117e-08,
289, 6.08163856e-08,
290, 6.07064309e-08,
291, 6.06856012e-08,
292, 6.06424342e-08,
293, 6.09559286e-08,
294, 4.37179150e-08,
295, 4.60696210e-08,
296, 4.47135606e-08,
297, 6.11125512e-08,
298, 5.90754839e-08,
299, 6.02159346e-08,
300, 5.10769284e-08,
301, 4.97697889e-08,
302, 5.16961848e-08,
303, 4.94986462e-08,
304, 5.22782906e-08,
305, 4.69817729e-08,
306, 4.76508761e-08,
307, 5.40901955e-08,
308, 5.89125796e-08,
309, 3.72063440e-08,
310, 6.10934552e-08,
311, 6.10403997e-08,
312, 6.10191607e-08,
313, 6.10394143e-08,
314, 6.11897033e-08,
315, 3.74556874e-08,
316, 4.18003439e-08,
317, 6.11639717e-08,
318, 6.10601437e-08,
319, 5.58634021e-08,
320, 5.33643431e-08,
321, 6.10930305e-08,
322, 6.10182561e-08,
323, 6.10396820e-08,
324, 6.11551476e-08,
325, 6.10202504e-08,
326, 5.87820356e-08,
327, 5.74816057e-08,
328, 5.77160201e-08,
329, 6.10657317e-08,
330, 4.76456034e-08,
331, 4.89303935e-08,
332, 6.10115407e-08,
333, 6.10837803e-08,
334, 6.11112395e-08,
335, 6.11144797e-08,
336, 6.11631273e-08,
337, 6.06587976e-08,
338, 6.06889392e-08,
339, 6.11814492e-08,
340, 6.06839926e-08,
341, 6.12145693e-08,
342, 6.06353385e-08,
343, 5.66078406e-08,
344, 6.11202030e-08,
345, 6.12056614e-08,
346, 4.74674745e-08,
347, 6.10774714e-08,
348, 4.57860365e-08,
349, 6.12047066e-08,
350, 6.11576873e-08,
351, 6.11787168e-08,
352, 6.11110850e-08,
353, 6.11788669e-08,
354, 6.11745897e-08,
355, 6.10994144e-08,
356, 6.10621901e-08,
357, 6.01659441e-08,
358, 6.11366167e-08,
359, 6.11919220e-08,
360, 4.43504441e-08,
361, 6.12081875e-08,
362, 6.11249591e-08,
363, 6.10311149e-08,
364, 6.11017179e-08,
365, 6.10494196e-08,
366, 6.11216082e-08,
367, 6.10634310e-08,
368, 6.11434936e-08,
369, 2.54731025e-08,
370, 2.90167958e-08,
371, 1.36425715e-08,
372, 1.17061436e-08,
373, 2.92004766e-08,
374, 6.06846062e-08,
375, 6.06791085e-08,
376, 6.06878067e-08,
377, 6.05733766e-08,
378, 6.02943269e-08,
379, 6.00839742e-08,
380, 6.03808910e-08,
381, 5.72078308e-08,
382, 5.78613853e-08,
383, 5.76311270e-08,
384, 6.07467008e-08,
385, 6.07296734e-08,
386, 5.67677859e-08,
387, 5.74696182e-08,
388, 6.07439167e-08,
389, 5.80786182e-08,
390, 5.81761772e-08,
391, 5.75744381e-08,
392, 5.70107588e-08,
393, 5.73914907e-08,
394, 5.65582952e-08,
395, 5.55723319e-08,
396, 5.46883472e-08,
397, 5.59741832e-08,
398, 6.05215283e-08,
399, 5.63122849e-08,
400, 5.71050526e-08,
401, 6.05025272e-08,
402, 5.71167368e-08,
403, 5.76648890e-08,
404, 5.58223358e-08,
405, 5.67648477e-08,
406, 5.76983840e-08,
407, 5.52216827e-08,
408, 5.61742650e-08,
409, 5.65183659e-08,
410, 5.81219382e-08,
411, 5.81790888e-08,
412, 5.85766966e-08,
413, 5.84665040e-08,
414, 5.85347463e-08,
415, 5.88855772e-08,
416, 5.87943765e-08,
417, 5.88509897e-08,
418, 5.91732725e-08,
419, 5.82348134e-08,
420, 5.80343947e-08,
421, 5.91061086e-08,
422, 5.91515516e-08,
423, 5.94478223e-08,
424, 6.06487052e-08,
425, 6.07401739e-08,
426, 5.93984088e-08,
427, 5.94364679e-08,
428, 5.97072779e-08,
429, 5.96709503e-08,
430, 5.96988201e-08,
431, 5.99373724e-08,
432, 5.85899833e-08,
433, 5.84187307e-08,
434, 5.99279162e-08,
435, 5.99456532e-08,
436, 6.01644118e-08,
437, 6.01559699e-08,
438, 6.01777622e-08,
439, 6.03737612e-08,
440, 6.03412243e-08,
441, 6.03701995e-08,
442, 6.05244534e-08,
443, 5.89266949e-08,
444, 5.87812403e-08,
445, 6.04858283e-08,
446, 6.05181145e-08,
447, 6.06379329e-08,
448, 6.05849714e-08,
449, 6.06266047e-08,
450, 6.07127236e-08,
451, 6.06905327e-08,
452, 5.92431988e-08,
453, 5.91261031e-08,
454, 5.48698955e-08,
455, 5.43022625e-08,
456, 5.95410633e-08,
457, 5.94485164e-08,
458, 6.02160758e-08,
459, 5.54365916e-08,
460, 5.98153153e-08,
461, 5.97288874e-08,
462, 5.59657172e-08,
463, 6.00526516e-08,
464, 5.64638039e-08,
465, 5.99674335e-08,
466, 5.93524085e-08,
467, 5.90149821e-08,
468, 6.02478937e-08,
469, 6.04031020e-08,
470, 5.86352072e-08,
471, 6.00804905e-08,
472, 5.82389208e-08,
473, 5.78295415e-08,
474, 5.73940614e-08,
475, 5.69410968e-08,
476, 6.06068592e-08,
477, 5.96425726e-08,
478, 5.98781625e-08,
479, 5.44281993e-08,
480, 5.35968108e-08,
481, 5.35983918e-08,
482, 5.24568744e-08,
483, 5.51683606e-08,
484, 5.40768642e-08,
485, 5.17445658e-08,
486, 6.07420746e-08,
487, 6.06774454e-08,
488, 6.07405668e-08,
489, 5.67889192e-08,
490, 5.59997501e-08,
491, 6.07274990e-08,
492, 6.09982060e-08,
493, 5.68522531e-08,
501, 6.04528233e-08,
502, 3.41034209e-08,
503, 9.67370323e-09,
504, 6.02208219e-08,
505, 6.02923869e-08,
506, 6.09643039e-08,
507, 6.04996915e-08,
508, 5.02281038e-08,
509, 5.10054400e-08,
510, 4.75609763e-08,
511, 5.61251607e-08,
512, 6.04563701e-08,
513, 5.69718103e-08,
514, 6.08874935e-08,
515, 6.05312654e-08,
516, 6.04454810e-08,
517, 6.04545300e-08,
518, 6.04522595e-08,
519, 6.03619476e-08,
520, 6.01101033e-08,
521, 5.98243524e-08,
522, 5.97602748e-08,
523, 5.98332085e-08,
524, 6.00811793e-08,
525, 6.04827429e-08,
526, 6.07675483e-08,
527, 6.08519395e-08,
528, 6.08434296e-08,
529, 6.08212159e-08,
530, 6.08085026e-08,
531, 6.08065253e-08,
532, 6.08099630e-08,
533, 6.08174205e-08,
534, 6.08254706e-08,
535, 6.08189448e-08,
536, 6.08304415e-08,
537, 6.08332972e-08,
538, 6.08082601e-08,
539, 6.08004377e-08,
540, 6.07843551e-08,
541, 6.07999336e-08,
542, 6.08016477e-08,
543, 6.07967511e-08,
544, 3.40966431e-08,
545, 3.40483278e-08,
546, 3.39315225e-08,
547, 3.37372467e-08,
548, 3.34174479e-08,
549, 3.33679957e-08,
550, 3.31879893e-08,
551, 3.29585271e-08,
552, 1.98234380e-09,
553, 1.30495672e-09,
554, 4.97738344e-10,
555, 1.48316301e-08,
556, 2.12700164e-08,
557, 2.78033701e-08,
558, 6.01386791e-08,
559, 6.03910541e-08,
560, 6.05498599e-08,
561, 4.82488558e-08,
562, 4.69960250e-08,
563, 5.01685724e-08,
564, 5.31137073e-08,
565, 6.03934232e-08,
566, 6.03674173e-08,
567, 6.02901112e-08,
568, 6.07710027e-08,
569, 6.09199336e-08,
570, 6.08195235e-08,
571, 6.08134230e-08,
572, 5.67845753e-08,
573, 5.65988820e-08,
574, 5.58727062e-08,
575, 5.42153223e-08,
576, 5.12969509e-08,
577, 5.22398974e-08,
578, 5.30354946e-08,
579, 5.37783435e-08,
580, 5.44369183e-08,
581, 5.50358936e-08,
582, 5.55831672e-08,
583, 5.61213904e-08,
584, 5.66171075e-08,
585, 5.71145121e-08,
586, 5.75651226e-08,
587, 5.80076423e-08,
588, 5.84617918e-08,
589, 5.88714428e-08,
590, 5.91831476e-08,
591, 5.94708968e-08,
592, 5.97405518e-08,
593, 6.00013990e-08,
594, 6.02403139e-08,
595, 6.04361435e-08,
596, 6.05505543e-08,
597, 6.08736767e-08,
598, 6.08818064e-08,
599, 6.08560239e-08,
600, 6.08378003e-08,
601, 6.07996071e-08,
602, 6.07282016e-08,
603, 6.06483564e-08,
604, 6.04639982e-08,
605, 6.02612750e-08,
606, 6.00927644e-08,
607, 5.98723931e-08,
608, 5.96414349e-08,
609, 5.94017787e-08,
610, 5.91488500e-08,
611, 5.88658004e-08,
612, 5.86015400e-08,
613, 5.82754545e-08,
614, 5.80055559e-08,
615, 5.76997474e-08,
616, 5.74232477e-08,
617, 5.71707946e-08,
618, 6.06293123e-08,
619, 6.06696696e-08,
620, 6.06476790e-08,
621, 6.04824878e-08,
622, 6.01813666e-08,
623, 5.95760667e-08,
624, 5.85183078e-08,
625, 5.70229370e-08,
626, 5.50448469e-08,
627, 5.25905256e-08,
628, 4.96914143e-08,
629, 4.63506766e-08,
630, 4.27749178e-08,
631, 3.86223400e-08,
632, 6.05345426e-08,
633, 6.05461652e-08,
634, 6.05596021e-08,
635, 6.05208858e-08,
636, 6.03816482e-08,
637, 6.01055755e-08,
638, 5.99191385e-08,
639, 5.99470899e-08,
640, 6.00113676e-08,
641, 6.02477113e-08,
642, 6.06143209e-08,
643, 6.08703121e-08,
644, 6.09550431e-08,
645, 6.09498093e-08,
646, 6.09237251e-08,
647, 6.09043377e-08,
648, 6.08985662e-08,
649, 6.08986788e-08,
650, 6.09034521e-08,
651, 6.09115947e-08,
652, 6.09196500e-08,
653, 6.09174336e-08,
654, 6.09266889e-08,
655, 6.09389997e-08,
656, 6.09146012e-08,
657, 6.09035499e-08,
658, 6.08865740e-08,
659, 6.08876328e-08,
660, 6.09063146e-08,
661, 6.08939708e-08,
662, 6.08920954e-08,
663, 6.11014734e-08,
664, 6.10264890e-08,
665, 6.10030433e-08,
666, 6.11111869e-08,
667, 5.89718625e-08,
668, 5.93026333e-08,
669, 5.05887433e-08,
670, 3.90082447e-08,
671, 3.57914258e-08,
672, 3.90005386e-08,
673, 6.06818123e-08,
674, 6.06647307e-08,
675, 6.06186521e-08,
676, 5.98821476e-08,
677, 6.00381245e-08,
678, 5.97255180e-08,
679, 6.06906114e-08,
680, 6.07880380e-08,
681, 6.02530023e-08,
682, 5.83084766e-08,
683, 3.74465706e-08,
684, 4.02244134e-08,
685, 3.64534079e-08,
686, 5.28725992e-08,
687, 5.38228663e-08,
688, 5.11383885e-08,
689, 5.11086068e-08,
690, 5.74648655e-08,
691, 5.67243733e-08,
692, 5.57857935e-08,
693, 5.50776813e-08,
694, 6.06430167e-08,
695, 6.11152052e-08,
696, 6.10018548e-08,
697, 6.10258472e-08,
698, 6.06064615e-08,
699, 6.01600920e-08,
700, 6.02368888e-08,
701, 5.98032322e-08,
702, 5.96371923e-08,
703, 6.10526038e-08,
704, 6.10507677e-08,
705, 5.87917536e-08,
706, 5.79862442e-08,
707, 6.11931784e-08,
708, 6.10781669e-08,
709, 6.10156705e-08,
710, 6.10746723e-08,
711, 6.10848050e-08,
712, 6.11130389e-08,
713, 5.41853697e-08,
714, 5.55611323e-08,
715, 6.11781174e-08,
716, 6.10634424e-08,
717, 6.12056972e-08,
718, 6.11561776e-08,
719, 6.11387930e-08,
720, 6.11884463e-08,
721, 5.98047359e-08,
722, 6.11180089e-08,
723, 6.10174019e-08,
724, 6.11043087e-08,
725, 6.10725151e-08,
726, 6.10890399e-08,
727, 6.09957360e-08,
728, 6.11004210e-08,
729, 6.10080761e-08,
730, 6.11141532e-08,
731, 6.11723581e-08,
732, 6.11606201e-08,
733, 6.11901165e-08,
734, 6.11623246e-08,
735, 6.11079364e-08,
736, 4.54168025e-08,
737, 4.08191271e-08,
738, 4.40463449e-08,
739, 4.12519117e-08,
740, 6.07027963e-08,
741, 6.06864112e-08,
742, 6.06363188e-08,
743, 6.05978477e-08,
744, 6.04474345e-08,
745, 4.40669950e-08,
746, 3.62303909e-08,
747, 4.21092729e-08,
748, 4.17587918e-08,
749, 6.05298214e-08,
750, 6.05170156e-08,
751, 6.06369460e-08,
752, 6.11711385e-08,
753, 6.06367197e-08,
754, 4.86762665e-08,
755, 4.88336143e-08,
756, 6.11168259e-08,
757, 6.11445163e-08,
758, 6.11605944e-08,
759, 6.10238764e-08,
760, 6.09331920e-08,
761, 6.10527305e-08,
762, 6.11038837e-08,
763, 6.03495600e-08,
764, 6.05912490e-08,
765, 6.03820144e-08,
766, 6.02620865e-08,
767, 6.04749128e-08,
768, 6.08163855e-08,
769, 6.07064297e-08,
770, 6.06856010e-08,
771, 6.06424329e-08,
772, 6.09559284e-08,
773, 4.37179147e-08,
774, 4.60696208e-08,
775, 4.47135603e-08,
776, 6.11125510e-08,
777, 5.90754842e-08,
778, 6.02159341e-08,
779, 5.10769279e-08,
780, 4.97697882e-08,
781, 5.16961839e-08,
782, 4.94986457e-08,
783, 5.22782901e-08,
784, 4.69817727e-08,
785, 4.76508758e-08,
786, 5.40901947e-08,
787, 5.89125796e-08,
788, 3.72063434e-08,
789, 6.10934549e-08,
790, 6.10403992e-08,
791, 6.10191603e-08,
792, 6.10394142e-08,
793, 6.11897032e-08,
794, 3.74556865e-08,
795, 4.18003431e-08,
796, 6.11639715e-08,
797, 6.10601433e-08,
798, 5.58634007e-08,
799, 5.33643419e-08,
800, 6.10930302e-08,
801, 6.10182559e-08,
802, 6.10396823e-08,
803, 6.11551478e-08,
804, 6.10202506e-08,
805, 5.87820351e-08,
806, 5.74816053e-08,
807, 5.77160193e-08,
808, 6.10657315e-08,
809, 4.76456028e-08,
810, 4.89303934e-08,
811, 6.10115404e-08,
812, 6.10837801e-08,
813, 6.11112394e-08,
814, 6.11144798e-08,
815, 6.11631272e-08,
816, 6.06587966e-08,
817, 6.06889373e-08,
818, 6.11814492e-08,
819, 6.06839903e-08,
820, 6.12145692e-08,
821, 6.06353370e-08,
822, 5.66078405e-08,
823, 6.11202029e-08,
824, 6.12056614e-08,
825, 4.74674740e-08,
826, 6.10774712e-08,
827, 4.57860360e-08,
828, 6.12047065e-08,
829, 6.11576873e-08,
830, 6.11787167e-08,
831, 6.11110850e-08,
832, 6.11788668e-08,
833, 6.11745897e-08,
834, 6.10994144e-08,
835, 6.10621900e-08,
836, 6.01659436e-08,
837, 6.11366166e-08,
838, 6.11919219e-08,
839, 4.43504435e-08,
840, 6.12081873e-08,
841, 6.11249589e-08,
842, 6.10311148e-08,
843, 6.11017177e-08,
844, 6.10494195e-08,
845, 6.11216080e-08,
846, 6.10634309e-08,
847, 6.11434935e-08,
848, 2.54731021e-08,
849, 2.90167945e-08,
850, 1.36425711e-08,
851, 1.17061432e-08,
852, 2.92004764e-08,
853, 6.06846060e-08,
854, 6.06791084e-08,
855, 6.06878065e-08,
856, 6.05733765e-08,
857, 6.02943266e-08,
858, 6.00839738e-08,
859, 6.03808907e-08,
860, 5.72078307e-08,
861, 5.78613851e-08,
862, 5.76311266e-08,
863, 6.07467009e-08,
864, 6.07296733e-08,
865, 5.67677860e-08,
866, 5.74696182e-08,
867, 6.07439164e-08,
868, 5.80786186e-08,
869, 5.81761777e-08,
870, 5.75744385e-08,
871, 5.70107594e-08,
872, 5.73914913e-08,
873, 5.65582957e-08,
874, 5.55723323e-08,
875, 5.46883474e-08,
876, 5.59741836e-08,
877, 6.05215280e-08,
878, 5.63122853e-08,
879, 5.71050529e-08,
880, 6.05025271e-08,
881, 5.71167374e-08,
882, 5.76648894e-08,
883, 5.58223362e-08,
884, 5.67648481e-08,
885, 5.76983844e-08,
886, 5.52216830e-08,
887, 5.61742655e-08,
888, 5.65183662e-08,
889, 5.81219382e-08,
890, 5.81790892e-08,
891, 5.85766968e-08,
892, 5.84665036e-08,
893, 5.85347461e-08,
894, 5.88855769e-08,
895, 5.87943759e-08,
896, 5.88509892e-08,
897, 5.91732719e-08,
898, 5.82348129e-08,
899, 5.80343941e-08,
900, 5.91061077e-08,
901, 5.91515508e-08,
902, 5.94478216e-08,
903, 6.06487051e-08,
904, 6.07401741e-08,
905, 5.93984081e-08,
906, 5.94364669e-08,
907, 5.97072772e-08,
908, 5.96709500e-08,
909, 5.96988194e-08,
910, 5.99373720e-08,
911, 5.85899826e-08,
912, 5.84187303e-08,
913, 5.99279164e-08,
914, 5.99456530e-08,
915, 6.01644119e-08,
916, 6.01559704e-08,
917, 6.01777626e-08,
918, 6.03737617e-08,
919, 6.03412248e-08,
920, 6.03702002e-08,
921, 6.05244539e-08,
922, 5.89266943e-08,
923, 5.87812401e-08,
924, 6.04858288e-08,
925, 6.05181151e-08,
926, 6.06379335e-08,
927, 6.05849717e-08,
928, 6.06266052e-08,
929, 6.07127240e-08,
930, 6.06905330e-08,
931, 5.92431985e-08,
932, 5.91261031e-08,
933, 5.48698958e-08,
934, 5.43022627e-08,
935, 5.95410633e-08,
936, 5.94485164e-08,
937, 6.02160757e-08,
938, 5.54365919e-08,
939, 5.98153156e-08,
940, 5.97288876e-08,
941, 5.59657173e-08,
942, 6.00526520e-08,
943, 5.64638037e-08,
944, 5.99674338e-08,
945, 5.93524087e-08,
946, 5.90149822e-08,
947, 6.02478942e-08,
948, 6.04031024e-08,
949, 5.86352072e-08,
950, 6.00804907e-08,
951, 5.82389207e-08,
952, 5.78295413e-08,
953, 5.73940611e-08,
954, 5.69410965e-08,
955, 6.06068588e-08,
956, 5.96425728e-08,
957, 5.98781624e-08,
958, 5.44281997e-08,
959, 5.35968106e-08,
960, 5.35983921e-08,
961, 5.24568739e-08,
962, 5.51683606e-08,
963, 5.40768639e-08,
964, 5.17445650e-08,
965, 6.07420744e-08,
966, 6.06774452e-08,
967, 6.07405664e-08,
968, 5.67889195e-08,
969, 5.59997501e-08,
970, 6.07274987e-08,
971, 6.09982057e-08,
972, 5.68522535e-08,
-1,0.,
1,701,1,
VON_MISES
0.,-1.,0.,
701,0,0,0,0,0,0,0,0,0,
0,0,0,0,0,0,0,0,0,0,
0,0,3,8,
0,1,1,
1, 1.11136424e+05,
2, 1.16903434e+05,
3, 2.00895362e+05,
4, 2.62625342e+05,
5, 3.45534097e+05,
6, 3.34216531e+05,
7, 1.21532340e+05,
8, 1.41185636e+05,
9, 1.23298946e+05,
10, 1.43243350e+05,
11, 2.03596652e+05,
12, 1.42663700e+05,
13, 1.92108302e+05,
14, 1.41673473e+05,
15, 1.75875829e+05,
16, 1.41019901e+05,
17, 1.73358743e+05,
18, 1.42600912e+05,
19, 1.71846575e+05,
20, 1.41735543e+05,
21, 2.14817713e+05,
22, 1.40709251e+05,
23, 3.42847722e+05,
24, 1.38722008e+05,
25, 3.45813682e+05,
26, 1.39719147e+05,
27, 2.51323719e+05,
28, 1.38093068e+05,
29, 2.54218737e+05,
30, 1.37063805e+05,
31, 1.98023525e+05,
32, 1.36212740e+05,
33, 3.96369636e+05,
34, 1.35972467e+05,
35, 2.20365486e+05,
36, 1.36199563e+05,
37, 2.25431938e+05,
38, 1.37655712e+05,
39, 1.49339084e+05,
40, 1.43065180e+05,
41, 1.55064012e+05,
42, 1.50079573e+05,
43, 1.61783613e+05,
44, 1.63223133e+05,
45, 1.81108404e+05,
46, 1.90359429e+05,
47, 2.35908243e+05,
48, 2.01914513e+05,
49, 3.07054526e+05,
50, 1.97250711e+05,
51, 2.08153169e+05,
52, 1.97177331e+05,
53, 1.71021827e+05,
54, 2.17231741e+05,
55, 1.73202392e+05,
56, 2.00391064e+05,
57, 2.46959682e+05,
58, 1.83519555e+05,
59, 1.90423134e+05,
60, 1.61580715e+05,
61, 2.32413624e+05,
62, 1.45911076e+05,
63, 1.42893183e+05,
64, 1.38275304e+05,
65, 1.40482432e+05,
66, 1.94322787e+05,
67, 3.34503773e+05,
68, 1.56671995e+05,
69, 1.58321624e+05,
70, 1.34527048e+05,
71, 4.03724133e+05,
72, 2.19348625e+05,
73, 4.20005978e+05,
74, 1.35281493e+05,
75, 2.34207482e+05,
76, 2.33692271e+05,
77, 3.37729407e+05,
78, 1.86123757e+05,
79, 1.53142372e+05,
80, 1.50408583e+05,
81, 1.40987987e+05,
82, 1.31239188e+05,
83, 2.45164497e+05,
84, 2.33295038e+05,
85, 1.89657808e+05,
86, 1.42617192e+05,
87, 1.98098353e+05,
88, 1.43944250e+05,
89, 4.81788483e+05,
90, 4.68847239e+05,
91, 2.29474584e+05,
92, 1.17653186e+05,
93, 1.22868537e+05,
94, 3.57456211e+05,
95, 1.29774169e+05,
96, 1.40404689e+05,
97, 1.43350005e+05,
98, 1.42951694e+05,
99, 1.44542188e+05,
100, 1.46212402e+05,
101, 1.47742028e+05,
102, 1.08484575e+05,
103, 1.42821535e+05,
104, 1.45130704e+05,
105, 1.44977578e+05,
106, 3.16217941e+05,
107, 3.15436987e+05,
108, 1.06933550e+05,
109, 1.05206714e+05,
110, 8.98012962e+04,
111, 3.23587670e+05,
112, 3.02468504e+05,
113, 3.41068220e+05,
114, 3.14793109e+05,
115, 3.14649418e+05,
116, 3.14490317e+05,
117, 3.22446204e+05,
118, 1.41472497e+05,
119, 1.11391657e+05,
120, 1.43128482e+05,
121, 1.47328772e+05,
122, 1.41160352e+05,
123, 1.27341955e+05,
124, 1.09089010e+05,
125, 1.40772842e+05,
126, 2.83672820e+05,
127, 1.43404294e+05,
128, 1.42532827e+05,
129, 1.42595740e+05,
130, 1.69804633e+05,
131, 1.42211515e+05,
132, 1.47126575e+05,
133, 1.40104215e+05,
134, 1.41094448e+05,
135, 1.44170362e+05,
136, 1.49056489e+05,
137, 1.42611832e+05,
138, 1.40193983e+05,
139, 3.32508923e+05,
140, 1.42320852e+05,
141, 1.47180776e+05,
142, 1.17864349e+05,
143, 1.40052512e+05,
144, 1.25591450e+05,
145, 1.73606556e+05,
146, 1.82496804e+05,
147, 1.74905277e+05,
148, 1.21174098e+05,
149, 2.07578000e+05,
150, 2.74714476e+05,
151, 1.13744130e+05,
152, 1.05364002e+05,
153, 2.30979081e+05,
154, 4.69459181e+04,
155, 1.78749379e+05,
156, 2.03207618e+05,
157, 2.33812198e+05,
158, 1.22859177e+05,
159, 1.27979775e+05,
160, 1.08491640e+05,
161, 2.06254331e+05,
162, 2.26239978e+05,
163, 2.79799000e+05,
164, 3.62142973e+05,
165, 1.85099457e+05,
166, 3.14092297e+05,
167, 1.84617650e+05,
168, 3.00434826e+05,
169, 1.38766615e+05,
170, 1.24261525e+05,
171, 1.94404957e+05,
172, 1.27465743e+05,
173, 1.37180936e+05,
174, 1.40209564e+05,
175, 3.39423028e+05,
176, 1.35727824e+05,
177, 1.94665684e+05,
178, 2.16285738e+05,
179, 1.63290406e+05,
180, 1.34809712e+05,
181, 2.51984019e+05,
182, 1.65592906e+05,
183, 1.38846597e+05,
184, 1.34607076e+05,
185, 1.48062163e+05,
186, 1.25470097e+05,
187, 1.35228071e+05,
188, 3.32811667e+05,
189, 1.44842473e+05,
190, 6.88663302e+04,
191, 1.29751507e+05,
192, 1.40647065e+05,
193, 1.26196651e+05,
194, 3.56398272e+04,
195, 1.52690561e+05,
196, 1.72159819e+05,
197, 2.67054898e+05,
198, 2.65673960e+05,
199, 2.69488128e+05,
200, 3.05762396e+05,
201, 3.12426669e+05,
202, 2.77196546e+05,
203, 2.43392810e+05,
204, 2.50626851e+05,
205, 1.78638818e+05,
206, 1.70391674e+05,
207, 1.82096643e+05,
208, 3.42606723e+05,
209, 3.33881956e+05,
210, 1.27434964e+05,
211, 1.27627754e+05,
212, 1.33586884e+05,
213, 3.59608340e+05,
214, 1.34733132e+05,
215, 1.25934649e+05,
216, 1.10937759e+05,
217, 1.28472231e+05,
218, 1.53371202e+05,
219, 1.50165681e+05,
220, 3.63142949e+05,
221, 3.33680516e+05,
222, 1.97918714e+05,
223, 3.61983518e+05,
224, 3.62181874e+05,
225, 1.20046351e+05,
226, 1.19219150e+05,
227, 1.42617505e+05,
228, 3.34351632e+05,
229, 2.33452139e+05,
230, 2.33794839e+05,
231, 1.31428618e+05,
232, 1.33401718e+05,
233, 1.42181920e+05,
234, 1.42375706e+05,
235, 1.97558583e+05,
236, 1.43630739e+05,
237, 1.83732247e+05,
238, 1.84457787e+05,
239, 1.99974354e+05,
240, 1.91305153e+05,
241, 1.41193370e+05,
242, 2.76672888e+05,
243, 2.72992906e+05,
244, 2.73033521e+05,
245, 1.08478972e+05,
246, 2.11820112e+05,
247, 2.17648560e+05,
248, 3.19026815e+05,
249, 2.82164467e+05,
250, 8.62953881e+04,
251, 7.70947503e+04,
252, 1.32509225e+05,
253, 1.34375849e+05,
254, 2.54376000e+05,
255, 2.56113613e+05,
256, 2.56310682e+05,
257, 1.42021310e+05,
258, 1.40194958e+05,
259, 1.42180161e+05,
260, 2.12690997e+05,
261, 1.43486266e+05,
262, 2.20804030e+05,
263, 2.65545805e+05,
264, 2.73683037e+05,
265, 1.31220187e+05,
266, 1.20591745e+05,
267, 1.99991097e+05,
268, 2.41570734e+05,
269, 1.40685772e+05,
270, 1.41609925e+05,
271, 2.09616918e+05,
272, 1.47833258e+05,
273, 1.45065953e+05,
274, 2.98689052e+05,
275, 1.32347873e+05,
276, 7.87591169e+04,
277, 1.34519688e+05,
278, 1.06482029e+05,
279, 1.47707530e+05,
280, 1.83995082e+05,
281, 2.72424442e+05,
282, 1.83894092e+05,
283, 2.73345040e+05,
284, 1.45046510e+05,
285, 1.27235176e+05,
286, 1.63118031e+05,
287, 1.45479615e+05,
288, 1.44679220e+05,
289, 1.98910276e+05,
290, 1.55867232e+05,
291, 1.61085500e+05,
292, 1.46647954e+05,
293, 1.03825094e+05,
294, 1.14826423e+05,
295, 1.16502019e+05,
296, 1.45531405e+05,
297, 1.48619391e+05,
298, 1.74886243e+05,
299, 1.80523550e+05,
300, 1.98163850e+05,
301, 1.77018833e+05,
302, 1.15110051e+05,
303, 1.17719943e+05,
304, 1.44712590e+05,
305, 1.43019498e+05,
306, 2.39691107e+05,
307, 1.33714601e+05,
308, 1.80240746e+05,
309, 1.75879081e+05,
310, 1.82551816e+05,
311, 1.16245490e+05,
312, 1.07019414e+05,
313, 1.26412202e+05,
314, 1.29944931e+05,
315, 1.86620661e+05,
316, 1.42919756e+05,
317, 1.43709855e+05,
318, 1.40829428e+05,
319, 2.12489664e+05,
320, 1.50122440e+05,
321, 1.54092367e+05,
322, 2.22119313e+05,
323, 1.64288437e+05,
324, 1.59650405e+05,
325, 1.53918942e+05,
326, 1.63067655e+05,
327, 2.28380940e+05,
328, 2.30399360e+05,
329, 2.17874514e+05,
330, 1.60734486e+05,
331, 1.66587096e+05,
332, 1.37484500e+05,
333, 1.62265890e+05,
334, 1.17304609e+05,
335, 1.90542821e+05,
336, 2.67225209e+05,
337, 4.34694121e+05,
338, 2.12012258e+05,
339, 1.84941355e+05,
340, 1.65254390e+05,
341, 1.42904219e+05,
342, 2.32506337e+05,
343, 3.53051405e+05,
344, 2.84993051e+05,
345, 2.91967308e+05,
346, 3.59633023e+05,
347, 1.71441327e+05,
348, 1.67632414e+05,
349, 1.72302829e+05,
350, 2.05661527e+05,
351, 1.28988896e+05,
352, 1.37619000e+05,
353, 2.16681361e+05,
354, 1.58852239e+05,
355, 2.71801345e+05,
356, 2.49784519e+05,
357, 2.50937976e+05,
358, 1.20889322e+05,
359, 3.65099063e+05,
360, 2.92329320e+05,
361, 1.65491202e+05,
362, 1.43230078e+05,
363, 2.05016433e+05,
364, 1.30371447e+05,
365, 1.71669872e+05,
366, 3.55704507e+05,
367, 3.59600316e+05,
368, 2.89431197e+05,
369, 2.94091952e+05,
370, 1.54826385e+05,
371, 1.56011665e+05,
372, 1.60798947e+05,
373, 1.41752005e+05,
374, 1.43186309e+05,
375, 1.84859300e+05,
376, 2.88042181e+05,
377, 3.14342534e+05,
378, 2.06820474e+05,
379, 1.97758893e+05,
380, 1.41730675e+05,
381, 1.24626009e+05,
382, 2.98811661e+05,
383, 2.79711075e+05,
384, 2.79982819e+05,
385, 1.91497393e+05,
386, 1.33010569e+05,
387, 1.35035327e+05,
388, 1.34671026e+05,
389, 1.35725898e+05,
390, 2.80421477e+05,
391, 1.46756159e+05,
392, 1.46999311e+05,
393, 1.85551128e+05,
394, 2.21088520e+05,
395, 1.45039384e+05,
396, 1.44721619e+05,
397, 1.84654624e+05,
398, 2.62975828e+05,
399, 1.77236507e+05,
400, 2.62850173e+05,
401, 1.40573279e+05,
402, 1.40576068e+05,
403, 2.58572117e+05,
404, 2.05283863e+05,
405, 2.32173867e+05,
406, 2.78870995e+05,
407, 2.50643133e+05,
408, 2.45459676e+05,
409, 1.43787013e+05,
410, 1.31588618e+05,
411, 1.35912524e+05,
412, 1.34450099e+05,
413, 1.41490181e+05,
414, 1.45817369e+05,
415, 1.43603777e+05,
416, 1.44995290e+05,
417, 1.44688558e+05,
418, 1.69716167e+05,
419, 1.44252562e+05,
420, 9.08063538e+04,
421, 1.48208301e+05,
422, 1.35739476e+05,
423, 8.08947822e+04,
424, 1.50566768e+05,
425, 1.34782095e+05,
426, 1.81976552e+05,
427, 3.54399069e+05,
428, 2.98219978e+05,
429, 2.87911510e+05,
430, 3.37218913e+05,
431, 3.58352329e+05,
432, 1.56506783e+05,
433, 3.18010464e+05,
434, 3.13922489e+05,
435, 3.17598584e+05,
436, 2.05688197e+05,
437, 2.84120593e+05,
438, 3.54825236e+05,
439, 2.89266752e+05,
440, 1.94223720e+05,
441, 1.36092092e+05,
442, 1.37669493e+05,
443, 1.34791606e+05,
444, 1.35695921e+05,
445, 1.40032090e+05,
446, 1.16709613e+05,
447, 1.36093848e+05,
448, 2.65352932e+05,
449, 1.40369337e+05,
450, 1.88563078e+05,
451, 2.07134690e+05,
452, 1.16913615e+05,
453, 2.16197817e+05,
454, 1.18361951e+05,
455, 3.58090537e+05,
456, 1.35810149e+05,
457, 1.40061306e+05,
458, 3.36251079e+05,
459, 1.38647258e+05,
460, 1.46193580e+05,
461, 1.49189148e+05,
462, 1.41753075e+05,
463, 1.14477919e+05,
464, 1.34705125e+05,
465, 1.39772687e+05,
466, 2.43272159e+05,
467, 1.41964701e+05,
468, 8.80456296e+04,
469, 3.35237660e+05,
470, 2.36281364e+05,
471, 1.40395109e+05,
472, 1.36022846e+05,
473, 1.36781790e+05,
474, 1.38886498e+05,
475, 1.40745285e+05,
476, 1.35911134e+05,
477, 1.36789266e+05,
478, 1.15397024e+05,
479, 3.13406574e+05,
480, 3.21522917e+05,
481, 1.66610747e+05,
482, 1.17243506e+05,
483, 1.15194341e+05,
484, 1.43793669e+05,
485, 1.47462309e+05,
486, 1.13276609e+05,
487, 1.44308727e+05,
488, 1.81225244e+05,
489, 1.45284592e+05,
490, 2.18542937e+05,
491, 1.06410687e+05,
492, 1.46213168e+05,
493, 1.04773750e+05,
494, 1.11573525e+05,
495, 1.11245963e+05,
496, 1.34837016e+05,
497, 1.45328965e+05,
498, 1.39245491e+05,
499, 1.49189020e+05,
500, 1.45790774e+05,
501, 6.79637428e+04,
502, 1.37998971e+05,
503, 1.22504377e+05,
504, 1.26713681e+05,
505, 1.40671622e+05,
506, 1.41517527e+05,
507, 1.43486871e+05,
508, 2.87031703e+05,
509, 1.37762937e+05,
510, 1.38484104e+05,
511, 1.41398901e+05,
512, 1.17888475e+05,
513, 1.36815337e+05,
514, 1.37862134e+05,
515, 1.49150076e+05,
516, 1.50778735e+05,
517, 2.41470468e+05,
518, 1.42876245e+05,
519, 1.46465143e+05,
520, 2.89714149e+05,
521, 1.35607252e+05,
522, 1.85527288e+05,
523, 6.24335785e+04,
524, 2.99787355e+05,
525, 1.41181792e+05,
526, 1.37972177e+05,
527, 3.04115834e+05,
528, 3.05715962e+05,
529, 3.07280780e+05,
530, 3.01879054e+05,
531, 3.56166681e+05,
532, 1.39522039e+05,
533, 1.40106455e+05,
534, 1.42070119e+05,
535, 1.45024534e+05,
536, 1.38233892e+05,
537, 1.39175883e+05,
538, 1.43509172e+05,
539, 1.35034360e+05,
540, 1.35303444e+05,
541, 1.36562661e+05,
542, 1.42725659e+05,
543, 2.06185040e+05,
544, 3.19478053e+05,
545, 1.82294741e+05,
546, 1.41896283e+05,
547, 1.39900237e+05,
548, 1.41488722e+05,
549, 1.43483930e+05,
550, 1.41323360e+05,
551, 1.45569173e+05,
552, 1.38412854e+05,
553, 1.49464595e+05,
554, 1.38208633e+05,
555, 3.58949587e+05,
556, 1.39761272e+05,
557, 1.43618165e+05,
558, 1.43151314e+05,
559, 3.26083416e+05,
560, 1.38918920e+05,
561, 1.51266704e+05,
562, 1.52350900e+05,
563, 2.61442096e+05,
564, 7.88309273e+04,
565, 1.46715151e+05,
566, 2.62598921e+05,
567, 2.60148552e+05,
568, 4.43107715e+05,
569, 3.97271604e+05,
570, 4.49923637e+05,
571, 5.66793837e+05,
572, 4.42627963e+05,
573, 3.78222619e+05,
574, 5.23906604e+05,
575, 4.72015208e+05,
576, 3.75137784e+05,
577, 3.84230765e+05,
578, 3.74638523e+05,
579, 5.30045031e+05,
580, 5.42822563e+05,
581, 3.87290794e+05,
582, 3.75788145e+05,
583, 3.75869224e+05,
584, 3.74080376e+05,
585, 4.32224114e+05,
586, 4.15272081e+05,
587, 3.13471760e+05,
588, 6.00682552e+05,
589, 7.52643665e+05,
590, 3.95422802e+05,
591, 3.91762131e+05,
592, 3.76276534e+05,
593, 3.88549872e+05,
594, 4.94173104e+05,
595, 3.77497604e+05,
596, 3.70333543e+05,
597, 1.74377360e+05,
598, 1.80400546e+05,
599, 1.64924361e+05,
600, 1.92818600e+05,
601, 1.64699701e+05,
602, 1.40862635e+05,
603, 1.97778054e+05,
604, 1.99798769e+05,
605, 1.97855258e+05,
606, 1.93382352e+05,
607, 2.17013282e+05,
608, 2.45552291e+05,
609, 2.12518569e+05,
610, 1.65234978e+05,
611, 2.03044178e+05,
612, 1.65797742e+05,
613, 2.05747885e+05,
614, 1.95302757e+05,
615, 2.09890421e+05,
616, 1.69501667e+05,
617, 1.94380559e+05,
618, 2.09894941e+05,
619, 2.20492711e+05,
620, 2.32006692e+05,
621, 1.87364165e+05,
622, 1.87373307e+05,
623, 2.30398165e+05,
624, 2.33066774e+05,
625, 1.82871284e+05,
626, 1.83363601e+05,
627, 2.20796821e+05,
628, 2.10497726e+05,
629, 1.78630673e+05,
630, 1.78761145e+05,
631, 1.88089884e+05,
632, 2.17587832e+05,
633, 1.74871486e+05,
634, 1.74844242e+05,
635, 2.27096123e+05,
636, 1.62913383e+05,
637, 1.71615529e+05,
638, 1.71466602e+05,
639, 1.66303079e+05,
640, 1.49776209e+05,
641, 1.67743318e+05,
642, 1.68270766e+05,
643, 1.83682014e+05,
644, 1.97462688e+05,
645, 1.64583377e+05,
646, 1.63040977e+05,
647, 1.97343563e+05,
648, 1.95611276e+05,
649, 1.63435955e+05,
650, 1.60972236e+05,
651, 1.93706826e+05,
652, 2.03377036e+05,
653, 1.62790859e+05,
654, 1.61647907e+05,
655, 1.79448283e+05,
656, 1.89455922e+05,
657, 1.62753721e+05,
658, 1.59387682e+05,
659, 1.88516013e+05,
660, 1.84736128e+05,
661, 1.63854766e+05,
662, 1.58866241e+05,
663, 1.84038792e+05,
664, 2.00605555e+05,
665, 1.66345290e+05,
666, 1.56023252e+05,
667, 1.75335834e+05,
668, 1.80213754e+05,
669, 2.14627239e+05,
670, 2.12718569e+05,
671, 1.79863830e+05,
672, 1.76251502e+05,
673, 1.66024060e+05,
674, 1.75994921e+05,
675, 2.25810113e+05,
676, 1.71484505e+05,
677, 1.72637570e+05,
678, 1.72184576e+05,
679, 2.17071216e+05,
680, 1.64632469e+05,
681, 1.68403854e+05,
682, 1.68406886e+05,
683, 1.65483279e+05,
684, 2.06866116e+05,
685, 2.17125864e+05,
686, 1.68716860e+05,
687, 2.11596843e+05,
688, 2.02765187e+05,
689, 1.64636892e+05,
690, 1.65508064e+05,
691, 2.10090935e+05,
692, 2.07099304e+05,
693, 1.62940341e+05,
694, 1.63994976e+05,
695, 1.97778642e+05,
696, 2.04271718e+05,
697, 2.04672286e+05,
698, 1.67161877e+05,
699, 1.68579221e+05,
700, 1.72314777e+05,
701, 1.61613402e+05,
702, 1.63131553e+05,
703, 1.70883645e+05,
704, 1.71249100e+05,
705, 1.60562183e+05,
706, 1.63645081e+05,
707, 1.76116981e+05,
708, 1.75028148e+05,
709, 1.75801304e+05,
710, 1.66848524e+05,
711, 1.80470475e+05,
712, 1.81736501e+05,
713, 1.60187208e+05,
714, 1.65598799e+05,
715, 1.80497907e+05,
716, 1.84781601e+05,
717, 1.85923083e+05,
718, 1.84316378e+05,
719, 1.89410989e+05,
720, 1.88674479e+05,
721, 1.93148635e+05,
722, 1.67349383e+05,
723, 1.99110029e+05,
724, 1.97922655e+05,
725, 1.75403637e+05,
726, 1.67322207e+05,
727, 1.88628038e+05,
728, 1.93914535e+05,
729, 1.94929413e+05,
730, 1.67249924e+05,
731, 1.69923835e+05,
732, 1.70759009e+05,
733, 1.67836921e+05,
734, 1.67006227e+05,
735, 1.68502163e+05,
736, 1.66213828e+05,
737, 1.65951003e+05,
738, 1.66302538e+05,
739, 1.80915275e+05,
740, 1.85487525e+05,
741, 2.30617869e+05,
742, 1.75943713e+05,
743, 2.35069757e+05,
744, 2.32586185e+05,
745, 2.68358109e+05,
746, 1.89363863e+05,
747, 2.37123762e+05,
748, 1.71896573e+05,
749, 2.25671541e+05,
750, 2.13242197e+05,
751, 2.05378764e+05,
752, 2.20355004e+05,
753, 2.27971671e+05,
754, 2.43893347e+05,
755, 2.62208006e+05,
756, 3.63785050e+05,
757, 2.74075839e+05,
758, 2.61839261e+05,
759, 1.65706363e+05,
760, 1.16271192e+05,
761, 1.40259531e+05,
762, 1.77151294e+05,
763, 1.78441797e+05,
764, 1.68734912e+05,
765, 2.91843212e+05,
766, 3.07079405e+05,
767, 2.77332330e+05,
768, 1.33014614e+05,
769, 1.85008428e+05,
770, 2.07899045e+05,
771, 1.61174493e+05,
772, 1.70376099e+05,
773, 2.38345416e+05,
774, 2.24464923e+05,
775, 1.88308089e+05,
776, 2.38155822e+05,
777, 1.96971002e+05,
778, 4.17065957e+05,
779, 2.12833962e+05,
780, 1.71427767e+05,
781, 1.94316986e+05,
782, 1.65822388e+05,
783, 1.65261061e+05,
784, 1.63982202e+05,
785, 1.65082391e+05,
786, 1.64088925e+05,
787, 1.65130577e+05,
788, 1.65310086e+05,
789, 1.66151064e+05,
790, 1.66951611e+05,
791, 1.68155144e+05,
792, 1.70275954e+05,
793, 2.97170449e+05,
794, 1.91422023e+05,
795, 1.71666007e+05,
796, 2.57380952e+05,
797, 2.58108966e+05,
798, 1.74418571e+05,
799, 1.70958133e+05,
800, 1.93558390e+05,
801, 1.75626255e+05,
802, 1.91966713e+05,
803, 1.84646453e+05,
804, 1.78263754e+05,
805, 1.65995156e+05,
806, 1.61890243e+05,
807, 1.70944462e+05,
808, 1.79421244e+05,
809, 1.98058989e+05,
810, 1.66900194e+05,
811, 2.48910507e+05,
812, 1.82381631e+05,
813, 1.93570820e+05,
814, 1.87112754e+05,
815, 1.83456353e+05,
816, 1.86882532e+05,
817, 1.88765213e+05,
818, 1.82917795e+05,
819, 2.67466232e+05,
820, 1.87613677e+05,
821, 1.84185999e+05,
822, 1.78412206e+05,
823, 1.91576355e+05,
824, 1.79910123e+05,
825, 1.74406414e+05,
826, 1.92120977e+05,
827, 1.75986386e+05,
828, 1.70962594e+05,
829, 1.97312859e+05,
830, 1.72428896e+05,
831, 1.68008154e+05,
832, 1.96569297e+05,
833, 1.68085848e+05,
834, 1.63407700e+05,
835, 2.03959464e+05,
836, 1.65408023e+05,
837, 2.01854840e+05,
838, 1.61108821e+05,
839, 1.68564207e+05,
840, 2.06474684e+05,
841, 2.14727189e+05,
842, 1.98854757e+05,
843, 2.64686274e+05,
844, 2.34453689e+05,
845, 6.12630424e+05,
846, 1.64641553e+05,
847, 3.38032879e+05,
848, 2.71327382e+05,
849, 2.42930760e+05,
850, 1.60967638e+05,
851, 1.31120866e+05,
852, 2.57840062e+05,
853, 2.43013910e+05,
854, 2.43242795e+05,
855, 1.63445335e+05,
856, 1.59703967e+05,
857, 2.54394815e+05,
858, 1.63778423e+05,
859, 1.71764603e+05,
860, 1.59501502e+05,
861, 2.31601824e+05,
862, 1.75492834e+05,
863, 1.64889628e+05,
864, 1.58451293e+05,
865, 1.75518023e+05,
866, 1.66841046e+05,
867, 1.11087377e+05,
868, 1.80393060e+05,
869, 2.22249354e+05,
870, 7.63442531e+04,
871, 2.60834654e+05,
872, 3.51944531e+05,
873, 1.67372467e+05,
874, 1.76102794e+05,
875, 3.94882674e+05,
876, 1.50511015e+05,
877, 2.14708328e+05,
878, 1.72574955e+05,
879, 1.68091828e+05,
880, 1.56488670e+05,
881, 1.65248972e+05,
882, 1.59063875e+05,
883, 1.64804969e+05,
884, 1.59212259e+05,
885, 2.09600308e+05,
886, 1.69646424e+05,
887, 1.60706407e+05,
888, 1.60313377e+05,
926, 1.11136430e+05,
927, 1.16903436e+05,
928, 2.00895351e+05,
929, 2.62625342e+05,
930, 3.45534101e+05,
931, 3.34216528e+05,
932, 1.21532309e+05,
933, 1.41185721e+05,
934, 1.23298906e+05,
935, 1.43243363e+05,
936, 2.03596633e+05,
937, 1.42663699e+05,
938, 1.92108303e+05,
939, 1.41673433e+05,
940, 1.75875831e+05,
941, 1.41019866e+05,
942, 1.73358749e+05,
943, 1.42600857e+05,
944, 1.71846565e+05,
945, 1.41735584e+05,
946, 2.14817707e+05,
947, 1.40709245e+05,
948, 3.42847759e+05,
949, 1.38722050e+05,
950, 3.45813714e+05,
951, 1.39719168e+05,
952, 2.51323725e+05,
953, 1.38093069e+05,
954, 2.54218730e+05,
955, 1.37063798e+05,
956, 1.98023520e+05,
957, 1.36212769e+05,
958, 3.96369637e+05,
959, 1.35972480e+05,
960, 2.20365492e+05,
961, 1.36199573e+05,
962, 2.25431938e+05,
963, 1.37655698e+05,
964, 1.49339086e+05,
965, 1.43065148e+05,
966, 1.55064028e+05,
967, 1.50079530e+05,
968, 1.61783624e+05,
969, 1.63223083e+05,
970, 1.81108413e+05,
971, 1.90359439e+05,
972, 2.35908289e+05,
973, 2.01914463e+05,
974, 3.07054538e+05,
975, 1.97250656e+05,
976, 2.08153267e+05,
977, 1.97177255e+05,
978, 1.71021800e+05,
979, 2.17231620e+05,
980, 1.73202369e+05,
981, 2.00391109e+05,
982, 2.46959691e+05,
983, 1.83519663e+05,
984, 1.90423126e+05,
985, 1.61580829e+05,
986, 2.32413632e+05,
987, 1.45911132e+05,
988, 1.42893157e+05,
989, 1.38275250e+05,
990, 1.40482382e+05,
991, 1.94322803e+05,
992, 3.34503807e+05,
993, 1.56671994e+05,
994, 1.58321624e+05,
995, 1.34527033e+05,
996, 4.03724099e+05,
997, 2.19348618e+05,
998, 4.20005983e+05,
999, 1.35281497e+05,
1000, 2.34207466e+05,
1001, 2.33692280e+05,
1002, 3.37729414e+05,
1003, 1.86123781e+05,
1004, 1.53142379e+05,
1005, 1.50408602e+05,
1006, 1.40988003e+05,
1007, 1.31239001e+05,
1008, 2.45164481e+05,
1009, 2.33294991e+05,
1010, 1.89657804e+05,
1011, 1.42617198e+05,
1012, 1.98098342e+05,
1013, 1.43944255e+05,
1014, 4.81788522e+05,
1015, 4.68847199e+05,
1016, 2.29474590e+05,
1017, 1.17653175e+05,
1018, 1.22868536e+05,
1019, 3.57456216e+05,
1020, 1.29774151e+05,
1021, 1.40404691e+05,
1022, 1.43349967e+05,
1023, 1.42951662e+05,
1024, 1.44542171e+05,
1025, 1.46212393e+05,
1026, 1.47742010e+05,
1027, 1.08484570e+05,
1028, 1.42821458e+05,
1029, 1.45130707e+05,
1030, 1.44977577e+05,
1031, 3.16217934e+05,
1032, 3.15436990e+05,
1033, 1.06933572e+05,
1034, 1.05206695e+05,
1035, 8.98013126e+04,
1036, 3.23587681e+05,
1037, 3.02468410e+05,
1038, 3.41068221e+05,
1039, 3.14793105e+05,
1040, 3.14649426e+05,
1041, 3.14490323e+05,
1042, 3.22446201e+05,
1043, 1.41472545e+05,
1044, 1.11391646e+05,
1045, 1.43128502e+05,
1046, 1.47328775e+05,
1047, 1.41160301e+05,
1048, 1.27341964e+05,
1049, 1.09089019e+05,
1050, 1.40772801e+05,
1051, 2.83672818e+05,
1052, 1.43404320e+05,
1053, 1.42532826e+05,
1054, 1.42595731e+05,
1055, 1.69804651e+05,
1056, 1.42211510e+05,
1057, 1.47126579e+05,
1058, 1.40104237e+05,
1059, 1.41094484e+05,
1060, 1.44170360e+05,
1061, 1.49056488e+05,
1062, 1.42611827e+05,
1063, 1.40194118e+05,
1064, 3.32508855e+05,
1065, 1.42320861e+05,
1066, 1.47180747e+05,
1067, 1.17864339e+05,
1068, 1.40052589e+05,
1069, 1.25591480e+05,
1070, 1.73606554e+05,
1071, 1.82496768e+05,
1072, 1.74905261e+05,
1073, 1.21174088e+05,
1074, 2.07577940e+05,
1075, 2.74714563e+05,
1076, 1.13744115e+05,
1077, 1.05363959e+05,
1078, 2.30979021e+05,
1079, 4.69459643e+04,
1080, 1.78749355e+05,
1081, 2.03207573e+05,
1082, 2.33812260e+05,
1083, 1.22859255e+05,
1084, 1.27979823e+05,
1085, 1.08491582e+05,
1086, 2.06254444e+05,
1087, 2.26239900e+05,
1088, 2.79799005e+05,
1089, 3.62142963e+05,
1090, 1.85099742e+05,
1091, 3.14092306e+05,
1092, 1.84617883e+05,
1093, 3.00434829e+05,
1094, 1.38766660e+05,
1095, 1.24261522e+05,
1096, 1.94404889e+05,
1097, 1.27465732e+05,
1098, 1.37180901e+05,
1099, 1.40209541e+05,
1100, 3.39423029e+05,
1101, 1.35727836e+05,
1102, 1.94665678e+05,
1103, 2.16285730e+05,
1104, 1.63290501e+05,
1105, 1.34809745e+05,
1106, 2.51983986e+05,
1107, 1.65592884e+05,
1108, 1.38846547e+05,
1109, 1.34607119e+05,
1110, 1.48062201e+05,
1111, 1.25469788e+05,
1112, 1.35228072e+05,
1113, 3.32811665e+05,
1114, 1.44842418e+05,
1115, 6.88663476e+04,
1116, 1.29751477e+05,
1117, 1.40647013e+05,
1118, 1.26196495e+05,
1119, 3.56399345e+04,
1120, 1.52690470e+05,
1121, 1.72159770e+05,
1122, 2.67054904e+05,
1123, 2.65673941e+05,
1124, 2.69488122e+05,
1125, 3.05762402e+05,
1126, 3.12426676e+05,
1127, 2.77196542e+05,
1128, 2.43392808e+05,
1129, 2.50626846e+05,
1130, 1.78638815e+05,
1131, 1.70391687e+05,
1132, 1.82096680e+05,
1133, 3.42606723e+05,
1134, 3.33881958e+05,
1135, 1.27434966e+05,
1136, 1.27627755e+05,
1137, 1.33586906e+05,
1138, 3.59608337e+05,
1139, 1.34733153e+05,
1140, 1.25934607e+05,
1141, 1.10937758e+05,
1142, 1.28472195e+05,
1143, 1.53371204e+05,
1144, 1.50165685e+05,
1145, 3.63142970e+05,
1146, 3.33680521e+05,
1147, 1.97918685e+05,
1148, 3.61983538e+05,
1149, 3.62181895e+05,
1150, 1.20046221e+05,
1151, 1.19219083e+05,
1152, 1.42617503e+05,
1153, 3.34351701e+05,
1154, 2.33452147e+05,
1155, 2.33794830e+05,
1156, 1.31428622e+05,
1157, 1.33401723e+05,
1158, 1.42181923e+05,
1159, 1.42375684e+05,
1160, 1.97558596e+05,
1161, 1.43630737e+05,
1162, 1.83732251e+05,
1163, 1.84457793e+05,
1164, 1.99974467e+05,
1165, 1.91305136e+05,
1166, 1.41193388e+05,
1167, 2.76672891e+05,
1168, 2.72992891e+05,
1169, 2.73033501e+05,
1170, 1.08478936e+05,
1171, 2.11820129e+05,
1172, 2.17648562e+05,
1173, 3.19026802e+05,
1174, 2.82164465e+05,
1175, 8.62953129e+04,
1176, 7.70947010e+04,
1177, 1.32509205e+05,
1178, 1.34375826e+05,
1179, 2.54375995e+05,
1180, 2.56113594e+05,
1181, 2.56310672e+05,
1182, 1.42021306e+05,
1183, 1.40195051e+05,
1184, 1.42180149e+05,
1185, 2.12690996e+05,
1186, 1.43486244e+05,
1187, 2.20803976e+05,
1188, 2.65545794e+05,
1189, 2.73683029e+05,
1190, 1.31220190e+05,
1191, 1.20591743e+05,
1192, 1.99991121e+05,
1193, 2.41570743e+05,
1194, 1.40685777e+05,
1195, 1.41609933e+05,
1196, 2.09616945e+05,
1197, 1.47833279e+05,
1198, 1.45065975e+05,
1199, 2.98689057e+05,
1200, 1.32347885e+05,
1201, 7.87590856e+04,
1202, 1.34519691e+05,
1203, 1.06482041e+05,
1204, 1.47707428e+05,
1205, 1.83995100e+05,
1206, 2.72424441e+05,
1207, 1.83894103e+05,
1208, 2.73345038e+05,
1209, 1.45046498e+05,
1210, 1.27235188e+05,
1211, 1.63118158e+05,
1212, 1.45479622e+05,
1213, 1.44679203e+05,
1214, 1.98910290e+05,
1215, 1.55867230e+05,
1216, 1.61085501e+05,
1217, 1.46647963e+05,
1218, 1.03825147e+05,
1219, 1.14826445e+05,
1220, 1.16502095e+05,
1221, 1.45531444e+05,
1222, 1.48619374e+05,
1223, 1.74886222e+05,
1224, 1.80523546e+05,
1225, 1.98163844e+05,
1226, 1.77018837e+05,
1227, 1.15110027e+05,
1228, 1.17719967e+05,
1229, 1.44712611e+05,
1230, 1.43019526e+05,
1231, 2.39691107e+05,
1232, 1.33714579e+05,
1233, 1.80240763e+05,
1234, 1.75879103e+05,
1235, 1.82551837e+05,
1236, 1.16245516e+05,
1237, 1.07019444e+05,
1238, 1.26412191e+05,
1239, 1.29944921e+05,
1240, 1.86620668e+05,
1241, 1.42919699e+05,
1242, 1.43709750e+05,
1243, 1.40829366e+05,
1244, 2.12489670e+05,
1245, 1.50122441e+05,
1246, 1.54092370e+05,
1247, 2.22119325e+05,
1248, 1.64288442e+05,
1249, 1.59650420e+05,
1250, 1.53918957e+05,
1251, 1.63067560e+05,
1252, 2.28380944e+05,
1253, 2.30399361e+05,
1254, 2.17874509e+05,
1255, 1.60734513e+05,
1256, 1.66587115e+05,
1257, 1.37484456e+05,
1258, 1.62265840e+05,
1259, 1.17304552e+05,
1260, 1.90542744e+05,
1261, 2.67225193e+05,
1262, 4.34694119e+05,
1263, 2.12012271e+05,
1264, 1.84941478e+05,
1265, 1.65254392e+05,
1266, 1.42904180e+05,
1267, 2.32506342e+05,
1268, 3.53051411e+05,
1269, 2.84993039e+05,
1270, 2.91967282e+05,
1271, 3.59633029e+05,
1272, 1.71441339e+05,
1273, 1.67632435e+05,
1274, 1.72302839e+05,
1275, 2.05661515e+05,
1276, 1.28988903e+05,
1277, 1.37618954e+05,
1278, 2.16681378e+05,
1279, 1.58852235e+05,
1280, 2.71801338e+05,
1281, 2.49784520e+05,
1282, 2.50937967e+05,
1283, 1.20889125e+05,
1284, 3.65099064e+05,
1285, 2.92329328e+05,
1286, 1.65491208e+05,
1287, 1.43230084e+05,
1288, 2.05016415e+05,
1289, 1.30371416e+05,
1290, 1.71669887e+05,
1291, 3.55704631e+05,
1292, 3.59600341e+05,
1293, 2.89431198e+05,
1294, 2.94091951e+05,
1295, 1.54826384e+05,
1296, 1.56011668e+05,
1297, 1.60798947e+05,
1298, 1.41751984e+05,
1299, 1.43186288e+05,
1300, 1.84859299e+05,
1301, 2.88042158e+05,
1302, 3.14342510e+05,
1303, 2.06820476e+05,
1304, 1.97758890e+05,
1305, 1.41730702e+05,
1306, 1.24625796e+05,
1307, 2.98811640e+05,
1308, 2.79711068e+05,
1309, 2.79982811e+05,
1310, 1.91497427e+05,
1311, 1.33010555e+05,
1312, 1.35035335e+05,
1313, 1.34671015e+05,
1314, 1.35725887e+05,
1315, 2.80421467e+05,
1316, 1.46756155e+05,
1317, 1.46999315e+05,
1318, 1.85551136e+05,
1319, 2.21088510e+05,
1320, 1.45039389e+05,
1321, 1.44721625e+05,
1322, 1.84654576e+05,
1323, 2.62975831e+05,
1324, 1.77236514e+05,
1325, 2.62850162e+05,
1326, 1.40573314e+05,
1327, 1.40576097e+05,
1328, 2.58572096e+05,
1329, 2.05283879e+05,
1330, 2.32173783e+05,
1331, 2.78871098e+05,
1332, 2.50643121e+05,
1333, 2.45459712e+05,
1334, 1.43786989e+05,
1335, 1.31588598e+05,
1336, 1.35912501e+05,
1337, 1.34450104e+05,
1338, 1.41490153e+05,
1339, 1.45817382e+05,
1340, 1.43603752e+05,
1341, 1.44995312e+05,
1342, 1.44688526e+05,
1343, 1.69716114e+05,
1344, 1.44252552e+05,
1345, 9.08063662e+04,
1346, 1.48208298e+05,
1347, 1.35739486e+05,
1348, 8.08947837e+04,
1349, 1.50566789e+05,
1350, 1.34782106e+05,
1351, 1.81976556e+05,
1352, 3.54399062e+05,
1353, 2.98219973e+05,
1354, 2.87911512e+05,
1355, 3.37218920e+05,
1356, 3.58352323e+05,
1357, 1.56506812e+05,
1358, 3.18010471e+05,
1359, 3.13922500e+05,
1360, 3.17598582e+05,
1361, 2.05688192e+05,
1362, 2.84120582e+05,
1363, 3.54825244e+05,
1364, 2.89266703e+05,
1365, 1.94223734e+05,
1366, 1.36092090e+05,
1367, 1.37669494e+05,
1368, 1.34791613e+05,
1369, 1.35695928e+05,
1370, 1.40032046e+05,
1371, 1.16709638e+05,
1372, 1.36093839e+05,
1373, 2.65352949e+05,
1374, 1.40369371e+05,
1375, 1.88563088e+05,
1376, 2.07134696e+05,
1377, 1.16913627e+05,
1378, 2.16197813e+05,
1379, 1.18361978e+05,
1380, 3.58090534e+05,
1381, 1.35810172e+05,
1382, 1.40061288e+05,
1383, 3.36251087e+05,
1384, 1.38647266e+05,
1385, 1.46193584e+05,
1386, 1.49189149e+05,
1387, 1.41753070e+05,
1388, 1.14477865e+05,
1389, 1.34705137e+05,
1390, 1.39772722e+05,
1391, 2.43272066e+05,
1392, 1.41964670e+05,
1393, 8.80456295e+04,
1394, 3.35237671e+05,
1395, 2.36281354e+05,
1396, 1.40395145e+05,
1397, 1.36022819e+05,
1398, 1.36781772e+05,
1399, 1.38886498e+05,
1400, 1.40745284e+05,
1401, 1.35911130e+05,
1402, 1.36789261e+05,
1403, 1.15397043e+05,
1404, 3.13406583e+05,
1405, 3.21522915e+05,
1406, 1.66610751e+05,
1407, 1.17243539e+05,
1408, 1.15194251e+05,
1409, 1.43793655e+05,
1410, 1.47462302e+05,
1411, 1.13276627e+05,
1412, 1.44308684e+05,
1413, 1.81225252e+05,
1414, 1.45284610e+05,
1415, 2.18542920e+05,
1416, 1.06410707e+05,
1417, 1.46213225e+05,
1418, 1.04773788e+05,
1419, 1.11573583e+05,
1420, 1.11245973e+05,
1421, 1.34837045e+05,
1422, 1.45328987e+05,
1423, 1.39245513e+05,
1424, 1.49188986e+05,
1425, 1.45790791e+05,
1426, 6.79636031e+04,
1427, 1.37998931e+05,
1428, 1.22504387e+05,
1429, 1.26713677e+05,
1430, 1.40671663e+05,
1431, 1.41517544e+05,
1432, 1.43486902e+05,
1433, 2.87031703e+05,
1434, 1.37762925e+05,
1435, 1.38484091e+05,
1436, 1.41398900e+05,
1437, 1.17888467e+05,
1438, 1.36815333e+05,
1439, 1.37862129e+05,
1440, 1.49150088e+05,
1441, 1.50778743e+05,
1442, 2.41470490e+05,
1443, 1.42876254e+05,
1444, 1.46465154e+05,
1445, 2.89714141e+05,
1446, 1.35607252e+05,
1447, 1.85527259e+05,
1448, 6.24335947e+04,
1449, 2.99787352e+05,
1450, 1.41181757e+05,
1451, 1.37972154e+05,
1452, 3.04115827e+05,
1453, 3.05715952e+05,
1454, 3.07280773e+05,
1455, 3.01879053e+05,
1456, 3.56166678e+05,
1457, 1.39522055e+05,
1458, 1.40106471e+05,
1459, 1.42070132e+05,
1460, 1.45024534e+05,
1461, 1.38233898e+05,
1462, 1.39175886e+05,
1463, 1.43509182e+05,
1464, 1.35034402e+05,
1465, 1.35303477e+05,
1466, 1.36562666e+05,
1467, 1.42725703e+05,
1468, 2.06184972e+05,
1469, 3.19478025e+05,
1470, 1.82294747e+05,
1471, 1.41896305e+05,
1472, 1.39900256e+05,
1473, 1.41488751e+05,
1474, 1.43483891e+05,
1475, 1.41323310e+05,
1476, 1.45569198e+05,
1477, 1.38412875e+05,
1478, 1.49464613e+05,
1479, 1.38208655e+05,
1480, 3.58949628e+05,
1481, 1.39761274e+05,
1482, 1.43618171e+05,
1483, 1.43151341e+05,
1484, 3.26083420e+05,
1485, 1.38918921e+05,
1486, 1.51266715e+05,
1487, 1.52350912e+05,
1488, 2.61442018e+05,
1489, 7.88308564e+04,
1490, 1.46715155e+05,
1491, 2.62598844e+05,
1492, 2.60148642e+05,
1493, 4.43107697e+05,
1494, 3.97271595e+05,
1495, 4.49923638e+05,
1496, 5.66793816e+05,
1497, 4.42627950e+05,
1498, 3.78222418e+05,
1499, 5.23906604e+05,
1500, 4.72015209e+05,
1501, 3.75137803e+05,
1502, 3.84230768e+05,
1503, 3.74638526e+05,
1504, 5.30045020e+05,
1505, 5.42822548e+05,
1506, 3.87290813e+05,
1507, 3.75788178e+05,
1508, 3.75869236e+05,
1509, 3.74080398e+05,
1510, 4.32224119e+05,
1511, 4.15272079e+05,
1512, 3.13471761e+05,
1513, 6.00682530e+05,
1514, 7.52643699e+05,
1515, 3.95422798e+05,
1516, 3.91762121e+05,
1517, 3.76276534e+05,
1518, 3.88549875e+05,
1519, 4.94173104e+05,
1520, 3.77497594e+05,
1521, 3.70333532e+05,
1522, 1.74377356e+05,
1523, 1.80400539e+05,
1524, 1.64924363e+05,
1525, 1.92818623e+05,
1526, 1.64699715e+05,
1527, 1.40862660e+05,
1528, 1.97778051e+05,
1529, 1.99798758e+05,
1530, 1.97855259e+05,
1531, 1.93382328e+05,
1532, 2.17013290e+05,
1533, 2.45552287e+05,
1534, 2.12518544e+05,
1535, 1.65234979e+05,
1536, 2.03044151e+05,
1537, 1.65797736e+05,
1538, 2.05747879e+05,
1539, 1.95302746e+05,
1540, 2.09890406e+05,
1541, 1.69501665e+05,
1542, 1.94380578e+05,
1543, 2.09894935e+05,
1544, 2.20492723e+05,
1545, 2.32006702e+05,
1546, 1.87364160e+05,
1547, 1.87373282e+05,
1548, 2.30398171e+05,
1549, 2.33066799e+05,
1550, 1.82871288e+05,
1551, 1.83363574e+05,
1552, 2.20796836e+05,
1553, 2.10497731e+05,
1554, 1.78630698e+05,
1555, 1.78761133e+05,
1556, 1.88089893e+05,
1557, 2.17587844e+05,
1558, 1.74871491e+05,
1559, 1.74844252e+05,
1560, 2.27096142e+05,
1561, 1.62913378e+05,
1562, 1.71615503e+05,
1563, 1.71466640e+05,
1564, 1.66303072e+05,
1565, 1.49776206e+05,
1566, 1.67743281e+05,
1567, 1.68270788e+05,
1568, 1.83682013e+05,
1569, 1.97462690e+05,
1570, 1.64583350e+05,
1571, 1.63040975e+05,
1572, 1.97343555e+05,
1573, 1.95611280e+05,
1574, 1.63435928e+05,
1575, 1.60972205e+05,
1576, 1.93706850e+05,
1577, 2.03377028e+05,
1578, 1.62790850e+05,
1579, 1.61647872e+05,
1580, 1.79448256e+05,
1581, 1.89455905e+05,
1582, 1.62753718e+05,
1583, 1.59387672e+05,
1584, 1.88516016e+05,
1585, 1.84736096e+05,
1586, 1.63854759e+05,
1587, 1.58866241e+05,
1588, 1.84038794e+05,
1589, 2.00605564e+05,
1590, 1.66345324e+05,
1591, 1.56023229e+05,
1592, 1.75335808e+05,
1593, 1.80213751e+05,
1594, 2.14627243e+05,
1595, 2.12718565e+05,
1596, 1.79863842e+05,
1597, 1.76251515e+05,
1598, 1.66024049e+05,
1599, 1.75994896e+05,
1600, 2.25810118e+05,
1601, 1.71484481e+05,
1602, 1.72637573e+05,
1603, 1.72184537e+05,
1604, 2.17071211e+05,
1605, 1.64632472e+05,
1606, 1.68403840e+05,
1607, 1.68406850e+05,
1608, 1.65483291e+05,
1609, 2.06866101e+05,
1610, 2.17125852e+05,
1611, 1.68716841e+05,
1612, 2.11596850e+05,
1613, 2.02765174e+05,
1614, 1.64636871e+05,
1615, 1.65508041e+05,
1616, 2.10090939e+05,
1617, 2.07099302e+05,
1618, 1.62940303e+05,
1619, 1.63994944e+05,
1620, 1.97778648e+05,
1621, 2.04271715e+05,
1622, 2.04672272e+05,
1623, 1.67161853e+05,
1624, 1.68579240e+05,
1625, 1.72314788e+05,
1626, 1.61613383e+05,
1627, 1.63131534e+05,
1628, 1.70883659e+05,
1629, 1.71249110e+05,
1630, 1.60562181e+05,
1631, 1.63645048e+05,
1632, 1.76116986e+05,
1633, 1.75028162e+05,
1634, 1.75801305e+05,
1635, 1.66848486e+05,
1636, 1.80470469e+05,
1637, 1.81736506e+05,
1638, 1.60187171e+05,
1639, 1.65598810e+05,
1640, 1.80497899e+05,
1641, 1.84781579e+05,
1642, 1.85923075e+05,
1643, 1.84316368e+05,
1644, 1.89410985e+05,
1645, 1.88674478e+05,
1646, 1.93148635e+05,
1647, 1.67349421e+05,
1648, 1.99110036e+05,
1649, 1.97922655e+05,
1650, 1.75403618e+05,
1651, 1.67322198e+05,
1652, 1.88628030e+05,
1653, 1.93914545e+05,
1654, 1.94929418e+05,
1655, 1.67249947e+05,
1656, 1.69923850e+05,
1657, 1.70759042e+05,
1658, 1.67836962e+05,
1659, 1.67006251e+05,
1660, 1.68502204e+05,
1661, 1.66213838e+05,
1662, 1.65951064e+05,
1663, 1.66302565e+05,
1664, 1.80915280e+05,
1665, 1.85487523e+05,
1666, 2.30617910e+05,
1667, 1.75943722e+05,
1668, 2.35069809e+05,
1669, 2.32586218e+05,
1670, 2.68358171e+05,
1671, 1.89363861e+05,
1672, 2.37123761e+05,
1673, 1.71896606e+05,
1674, 2.25671526e+05,
1675, 2.13242161e+05,
1676, 2.05378752e+05,
1677, 2.20355007e+05,
1678, 2.27971652e+05,
1679, 2.43893384e+05,
1680, 2.62208046e+05,
1681, 3.63785127e+05,
1682, 2.74075913e+05,
1683, 2.61839295e+05,
1684, 1.65706386e+05,
1685, 1.16271222e+05,
1686, 1.40259556e+05,
1687, 1.77151280e+05,
1688, 1.78441791e+05,
1689, 1.68734907e+05,
1690, 2.91843203e+05,
1691, 3.07079434e+05,
1692, 2.77332390e+05,
1693, 1.33014630e+05,
1694, 1.85008419e+05,
1695, 2.07899032e+05,
1696, 1.61174500e+05,
1697, 1.70376095e+05,
1698, 2.38345411e+05,
1699, 2.24464914e+05,
1700, 1.88308079e+05,
1701, 2.38155793e+05,
1702, 1.96970983e+05,
1703, 4.17065865e+05,
1704, 2.12833941e+05,
1705, 1.71427769e+05,
1706, 1.94316987e+05,
1707, 1.65822393e+05,
1708, 1.65261087e+05,
1709, 1.63982170e+05,
1710, 1.65082352e+05,
1711, 1.64088907e+05,
1712, 1.65130544e+05,
1713, 1.65310051e+05,
1714, 1.66151040e+05,
1715, 1.66951583e+05,
1716, 1.68155135e+05,
1717, 1.70275918e+05,
1718, 2.97170480e+05,
1719, 1.91422011e+05,
1720, 1.71665997e+05,
1721, 2.57380959e+05,
1722, 2.58108978e+05,
1723, 1.74418534e+05,
1724, 1.70958181e+05,
1725, 1.93558387e+05,
1726, 1.75626232e+05,
1727, 1.91966684e+05,
1728, 1.84646429e+05,
1729, 1.78263737e+05,
1730, 1.65995161e+05,
1731, 1.61890227e+05,
1732, 1.70944440e+05,
1733, 1.79421231e+05,
1734, 1.98059012e+05,
1735, 1.66900199e+05,
1736, 2.48910489e+05,
1737, 1.82381646e+05,
1738, 1.93570846e+05,
1739, 1.87112727e+05,
1740, 1.83456360e+05,
1741, 1.86882532e+05,
1742, 1.88765223e+05,
1743, 1.82917761e+05,
1744, 2.67466219e+05,
1745, 1.87613689e+05,
1746, 1.84186030e+05,
1747, 1.78412176e+05,
1748, 1.91576376e+05,
1749, 1.79910114e+05,
1750, 1.74406433e+05,
1751, 1.92120981e+05,
1752, 1.75986331e+05,
1753, 1.70962651e+05,
1754, 1.97312886e+05,
1755, 1.72428840e+05,
1756, 1.68008187e+05,
1757, 1.96569281e+05,
1758, 1.68085805e+05,
1759, 1.63407698e+05,
1760, 2.03959457e+05,
1761, 1.65408005e+05,
1762, 2.01854806e+05,
1763, 1.61108783e+05,
1764, 1.68564241e+05,
1765, 2.06474678e+05,
1766, 2.14727191e+05,
1767, 1.98854770e+05,
1768, 2.64686274e+05,
1769, 2.34453691e+05,
1770, 6.12630379e+05,
1771, 1.64641558e+05,
1772, 3.38032961e+05,
1773, 2.71327383e+05,
1774, 2.42930790e+05,
1775, 1.60967571e+05,
1776, 1.31120892e+05,
1777, 2.57840042e+05,
1778, 2.43013946e+05,
1779, 2.43242748e+05,
1780, 1.63445324e+05,
1781, 1.59703947e+05,
1782, 2.54394735e+05,
1783, 1.63778406e+05,
1784, 1.71764583e+05,
1785, 1.59501498e+05,
1786, 2.31601853e+05,
1787, 1.75492795e+05,
1788, 1.64889676e+05,
1789, 1.58451243e+05,
1790, 1.75517981e+05,
1791, 1.66841047e+05,
1792, 1.11087411e+05,
1793, 1.80393051e+05,
1794, 2.22249357e+05,
1795, 7.63443045e+04,
1796, 2.60834651e+05,
1797, 3.51944539e+05,
1798, 1.67372453e+05,
1799, 1.76102792e+05,
1800, 3.94882664e+05,
1801, 1.50511024e+05,
1802, 2.14708335e+05,
1803, 1.72574967e+05,
1804, 1.68091822e+05,
1805, 1.56488661e+05,
1806, 1.65248980e+05,
1807, 1.59063875e+05,
1808, 1.64804954e+05,
1809, 1.59212246e+05,
1810, 2.09600292e+05,
1811, 1.69646450e+05,
1812, 1.60706378e+05,
1813, 1.60313341e+05,
-1,0.,
   -1
