   -1
   100
<NULL>
4.41,
   -1
   -1
   450
1,
STEP:1 Time:  0.00000e+00
0,3,
  0.00000e+00,
1,
<NULL>
   -1
   -1
   451
1,80011,1,
MODE_001_UX_27532.7Hz
0.,-1.,0.,
80011,0,0,0,0,0,0,0,0,0,
0,0,0,0,0,0,0,0,0,0,
0,0,3,7,
0,1,1,
1,-3.00797852e-01,
2,-2.79538362e-01,
3,-1.67461459e-01,
4,-1.48506187e-01,
5,-4.58318262e-02,
6,-8.07779944e-06,
7,-2.98830524e-01,
8,-2.99863694e-01,
9,-3.02683911e-01,
10,-3.00607423e-01,
11,-2.41247206e-01,
12,-2.44616409e-01,
13,-2.19877262e-01,
14,-2.58474531e-01,
15,-2.96897993e-01,
16,-2.66771339e-01,
17,-2.98166139e-01,
18,-3.01195922e-01,
19,-2.79992011e-01,
20,-3.00750126e-01,
21,-3.00733116e-01,
22,-3.00597921e-01,
23,-2.99932492e-01,
24,-2.98288011e-01,
25,-2.96232161e-01,
26,-2.95153059e-01,
27,-2.94863277e-01,
28,-2.95628958e-01,
29,-2.97136305e-01,
30,-2.97880245e-01,
31,-2.97557060e-01,
32,-2.96774191e-01,
33,-2.95921982e-01,
34,-2.95094996e-01,
35,-2.94283716e-01,
36,-2.93458483e-01,
37,-2.92607481e-01,
38,-2.91710137e-01,
39,-2.90698786e-01,
40,-2.89723628e-01,
41,-2.88642152e-01,
42,-2.87400619e-01,
43,-2.86188229e-01,
44,-2.84910876e-01,
45,-2.83719983e-01,
46,-2.82404568e-01,
47,-2.81037622e-01,
48,-1.67194007e-01,
49,-1.66432420e-01,
50,-1.65069388e-01,
51,-1.63042297e-01,
52,-1.60110243e-01,
53,-1.58116365e-01,
54,-1.55175431e-01,
55,-1.51706260e-01,
56,-9.34854553e-04,
57,-1.21537093e-03,
58,-6.97499547e-04,
59,-7.06207995e-02,
60,-1.02474645e-01,
61,-1.35403861e-01,
62,-1.17535607e-01,
63,-8.29091369e-02,
64,-4.25039532e-02,
65,-2.98870699e-01,
66,-3.00449704e-01,
67,-3.01120777e-01,
68,-2.30793535e-01,
69,-2.22210845e-01,
70,-2.30076648e-01,
71,-2.43416151e-01,
72,-2.97354723e-01,
73,-2.97936320e-01,
74,-2.98321932e-01,
75,-2.97727435e-01,
76,-3.01164536e-01,
77,-2.99515113e-01,
78,-2.98551828e-01,
79,-2.63669955e-01,
80,-2.69562294e-01,
81,-2.67838728e-01,
82,-2.60342493e-01,
83,-2.47015521e-01,
84,-2.52200844e-01,
85,-2.56734266e-01,
86,-2.60949795e-01,
87,-2.64768531e-01,
88,-2.68274105e-01,
89,-2.71515181e-01,
90,-2.74667680e-01,
91,-2.77600419e-01,
92,-2.80511164e-01,
93,-2.83167648e-01,
94,-2.85750407e-01,
95,-2.88362269e-01,
96,-2.90729195e-01,
97,-2.92576353e-01,
98,-2.94280886e-01,
99,-2.95870164e-01,
100,-2.97387920e-01,
101,-2.98782938e-01,
102,-2.99937866e-01,
103,-3.00689534e-01,
104,-2.98204076e-01,
105,-2.98226833e-01,
106,-2.97982872e-01,
107,-2.97679627e-01,
108,-2.97213362e-01,
109,-2.96538736e-01,
110,-2.95771383e-01,
111,-2.94458790e-01,
112,-2.93013053e-01,
113,-2.91684168e-01,
114,-2.90061184e-01,
115,-2.88362980e-01,
116,-2.86590685e-01,
117,-2.84717272e-01,
118,-2.82666908e-01,
119,-2.80675564e-01,
120,-2.78356328e-01,
121,-2.76238815e-01,
122,-2.73941558e-01,
123,-2.71687817e-01,
124,-2.69380001e-01,
125,-3.01713508e-01,
126,-3.01953566e-01,
127,-3.01896181e-01,
128,-3.01167080e-01,
129,-2.99840973e-01,
130,-2.97081332e-01,
131,-2.92075354e-01,
132,-2.84770714e-01,
133,-2.74892813e-01,
134,-2.62454657e-01,
135,-2.47622054e-01,
136,-2.30429575e-01,
137,-2.11986329e-01,
138,-1.90606220e-01,
139,-2.80783906e-01,
140,-2.81230517e-01,
141,-2.81481784e-01,
142,-2.81451125e-01,
143,-2.80301372e-01,
144,-2.78195893e-01,
145,-2.74713607e-01,
146,-2.69810267e-01,
147,-2.62553488e-01,
148,-2.40255976e-01,
149,-2.15749209e-01,
150,-2.03157530e-01,
151,-1.87808880e-01,
152,-1.69115165e-01,
153,-3.01199836e-01,
154,-3.01210522e-01,
155,-3.01183130e-01,
156,-3.00842996e-01,
157,-2.99901758e-01,
158,-2.98093213e-01,
159,-2.96491632e-01,
160,-2.95878580e-01,
161,-2.95590416e-01,
162,-2.96316544e-01,
163,-2.97676553e-01,
164,-2.98387889e-01,
165,-2.98194088e-01,
166,-2.97529191e-01,
167,-2.96739002e-01,
168,-2.95962379e-01,
169,-2.95222061e-01,
170,-2.94479369e-01,
171,-2.93725590e-01,
172,-2.92950974e-01,
173,-2.92138014e-01,
174,-2.91234806e-01,
175,-2.90346718e-01,
176,-2.89430676e-01,
177,-2.88309271e-01,
178,-2.87204506e-01,
179,-2.86042558e-01,
180,-2.84925271e-01,
181,-2.83839993e-01,
182,-2.82591013e-01,
183,-2.81357305e-01,
184,-2.98293605e-01,
185,-2.98433028e-01,
186,-2.98140409e-01,
187,-2.98611147e-01,
188,-2.80264834e-01,
189,-2.83852055e-01,
190,-2.44526330e-01,
191,-1.83818562e-01,
192,-1.65997536e-01,
193,-1.80438327e-01,
194,-3.01977718e-01,
195,-3.01842378e-01,
196,-3.01640124e-01,
197,-2.80598009e-01,
198,-2.85150418e-01,
199,-2.96659513e-01,
200,-2.86903140e-01,
201,-2.83193043e-01,
202,-2.99538085e-01,
203,-2.74399844e-01,
204,-1.83597127e-01,
205,-1.98539299e-01,
206,-1.79237161e-01,
207,-2.57053868e-01,
208,-2.63325321e-01,
209,-2.49590733e-01,
210,-2.51439243e-01,
211,-2.68200557e-01,
212,-2.81392143e-01,
213,-2.77582409e-01,
214,-2.73035812e-01,
215,-2.93713291e-01,
216,-2.94795092e-01,
217,-2.95695264e-01,
218,-2.92672350e-01,
219,-2.90207707e-01,
220,-2.90530165e-01,
221,-2.99733141e-01,
222,-2.97953933e-01,
223,-2.96931235e-01,
224,-2.88336290e-01,
225,-2.87209448e-01,
226,-2.91738952e-01,
227,-2.86978036e-01,
228,-2.86190713e-01,
229,-2.83187101e-01,
230,-2.95557515e-01,
231,-2.96178214e-01,
232,-2.95704610e-01,
233,-2.96331762e-01,
234,-2.67117583e-01,
235,-2.72669523e-01,
236,-2.87991368e-01,
237,-2.87665789e-01,
238,-2.87341861e-01,
239,-2.90323711e-01,
240,-2.91199073e-01,
241,-2.90863242e-01,
242,-2.87370793e-01,
243,-2.81937058e-01,
244,-2.97807301e-01,
245,-2.98121138e-01,
246,-2.98316920e-01,
247,-2.98873723e-01,
248,-2.83649385e-01,
249,-2.84133733e-01,
250,-2.82771163e-01,
251,-2.82919171e-01,
252,-2.83755136e-01,
253,-2.84901195e-01,
254,-2.82991965e-01,
255,-2.82495373e-01,
256,-2.98929572e-01,
257,-2.20769699e-01,
258,-1.96163529e-01,
259,-2.11237843e-01,
260,-2.00839655e-01,
261,-3.01896923e-01,
262,-3.01911376e-01,
263,-3.01639926e-01,
264,-3.01541177e-01,
265,-3.00807215e-01,
266,-2.18248314e-01,
267,-1.71967756e-01,
268,-1.99902788e-01,
269,-1.95119090e-01,
270,-3.00884055e-01,
271,-3.00635058e-01,
272,-3.01506629e-01,
273,-2.84579243e-01,
274,-3.01425321e-01,
275,-2.36496746e-01,
276,-2.38782096e-01,
277,-2.95576950e-01,
278,-2.95120540e-01,
279,-2.94448700e-01,
280,-2.81712074e-01,
281,-2.96727659e-01,
282,-2.96853454e-01,
283,-2.96260408e-01,
284,-3.00568932e-01,
285,-3.01618384e-01,
286,-3.00395542e-01,
287,-2.99733514e-01,
288,-3.00786235e-01,
289,-2.98436198e-01,
290,-3.02026830e-01,
291,-3.01826693e-01,
292,-3.01669407e-01,
293,-2.98626073e-01,
294,-2.02986975e-01,
295,-2.14728602e-01,
296,-2.11599488e-01,
297,-2.97898308e-01,
298,-2.74994345e-01,
299,-2.96239901e-01,
300,-2.54554641e-01,
301,-2.47455560e-01,
302,-2.57114444e-01,
303,-2.45138289e-01,
304,-2.58831645e-01,
305,-2.26257442e-01,
306,-2.27531527e-01,
307,-2.69142646e-01,
308,-2.93783812e-01,
309,-1.79587413e-01,
310,-2.97523494e-01,
311,-2.97603430e-01,
312,-2.96865503e-01,
313,-2.98975916e-01,
314,-2.85980930e-01,
315,-1.82452624e-01,
316,-2.05420381e-01,
317,-2.89261042e-01,
318,-2.89513179e-01,
319,-2.78668828e-01,
320,-2.66185230e-01,
321,-2.96852138e-01,
322,-2.96225498e-01,
323,-2.84810047e-01,
324,-2.85769558e-01,
325,-2.85822050e-01,
326,-2.92635912e-01,
327,-2.85964677e-01,
328,-2.87902679e-01,
329,-2.90517809e-01,
330,-2.34202630e-01,
331,-2.43581598e-01,
332,-2.98634394e-01,
333,-2.97879708e-01,
334,-2.97416539e-01,
335,-2.86894944e-01,
336,-2.93674758e-01,
337,-3.01867286e-01,
338,-3.02012254e-01,
339,-2.92743900e-01,
340,-3.02026937e-01,
341,-2.89954288e-01,
342,-3.01820937e-01,
343,-2.79171592e-01,
344,-2.90597411e-01,
345,-2.91750575e-01,
346,-2.35700803e-01,
347,-2.97375918e-01,
348,-2.26024476e-01,
349,-2.92059951e-01,
350,-2.92134963e-01,
351,-2.92906994e-01,
352,-2.96899337e-01,
353,-2.87773976e-01,
354,-2.86703211e-01,
355,-2.92592108e-01,
356,-2.91414441e-01,
357,-2.96586617e-01,
358,-2.88082577e-01,
359,-2.88659258e-01,
360,-2.17447003e-01,
361,-2.89854807e-01,
362,-2.95715730e-01,
363,-2.94950179e-01,
364,-2.95107495e-01,
365,-2.94276460e-01,
366,-2.94454332e-01,
367,-2.93508139e-01,
368,-2.93640399e-01,
369,-1.20520686e-01,
370,-1.40754234e-01,
371,-6.40510591e-02,
372,-5.40165168e-02,
373,-1.34473053e-01,
374,-2.99837515e-01,
375,-2.98885398e-01,
376,-2.99179691e-01,
377,-2.98948112e-01,
378,-2.98583594e-01,
379,-2.97267286e-01,
380,-2.98396051e-01,
381,-2.78352027e-01,
382,-2.80839644e-01,
383,-2.80975663e-01,
384,-2.98397032e-01,
385,-2.98317649e-01,
386,-2.75619273e-01,
387,-2.78329936e-01,
388,-3.00638441e-01,
389,-2.78567900e-01,
390,-2.79741602e-01,
391,-2.77078303e-01,
392,-2.71689184e-01,
393,-2.73798483e-01,
394,-2.70835454e-01,
395,-2.67035631e-01,
396,-2.62936111e-01,
397,-2.67996920e-01,
398,-2.99469303e-01,
399,-2.72814525e-01,
400,-2.76011530e-01,
401,-2.98209468e-01,
402,-2.73677786e-01,
403,-2.76428302e-01,
404,-2.69793495e-01,
405,-2.73506269e-01,
406,-2.78346820e-01,
407,-2.66462041e-01,
408,-2.70247771e-01,
409,-2.69584780e-01,
410,-2.81090904e-01,
411,-2.80605187e-01,
412,-2.82467591e-01,
413,-2.83377701e-01,
414,-2.82996460e-01,
415,-2.84609229e-01,
416,-2.85556499e-01,
417,-2.85144656e-01,
418,-2.86613937e-01,
419,-2.83235517e-01,
420,-2.83474361e-01,
421,-2.87624908e-01,
422,-2.87185523e-01,
423,-2.88520728e-01,
424,-2.98435853e-01,
425,-2.98252765e-01,
426,-2.89564551e-01,
427,-2.89116177e-01,
428,-2.90321387e-01,
429,-2.91376528e-01,
430,-2.90903381e-01,
431,-2.91948173e-01,
432,-2.85513833e-01,
433,-2.85850598e-01,
434,-2.93076872e-01,
435,-2.92584751e-01,
436,-2.93520530e-01,
437,-2.94596841e-01,
438,-2.94150098e-01,
439,-2.94961552e-01,
440,-2.95876077e-01,
441,-2.95482869e-01,
442,-2.96082670e-01,
443,-2.87670026e-01,
444,-2.88087177e-01,
445,-2.96925001e-01,
446,-2.96570092e-01,
447,-2.96986218e-01,
448,-2.97751981e-01,
449,-2.97433798e-01,
450,-2.97680939e-01,
451,-2.98113962e-01,
452,-2.89694762e-01,
453,-2.90203985e-01,
454,-2.65936537e-01,
455,-2.62653216e-01,
456,-2.91595325e-01,
457,-2.92181126e-01,
458,-2.97219315e-01,
459,-2.69285418e-01,
460,-2.93346981e-01,
461,-2.93915837e-01,
462,-2.72450569e-01,
463,-2.94887210e-01,
464,-2.75440243e-01,
465,-2.95239152e-01,
466,-2.92712234e-01,
467,-2.90698083e-01,
468,-2.96191344e-01,
469,-2.97270476e-01,
470,-2.88453176e-01,
471,-2.96186381e-01,
472,-2.86100428e-01,
473,-2.83647252e-01,
474,-2.81034414e-01,
475,-2.78311211e-01,
476,-3.00259339e-01,
477,-2.94467707e-01,
478,-2.95923938e-01,
479,-2.62558506e-01,
480,-2.57857900e-01,
481,-2.58498532e-01,
482,-2.52215185e-01,
483,-2.64521752e-01,
484,-2.59749727e-01,
485,-2.48326978e-01,
486,-2.98253146e-01,
487,-2.98783703e-01,
488,-3.01219717e-01,
489,-2.69783386e-01,
490,-2.67720971e-01,
491,-3.00007192e-01,
492,-3.02555286e-01,
493,-2.69993090e-01,
501,-2.12696312e-01,
502,-1.18416395e-01,
503,-3.24084001e-02,
504,-2.24831024e-01,
505,-2.20783305e-01,
506,-2.33144860e-01,
507,-2.29189643e-01,
508,-2.16632241e-01,
509,-2.20925704e-01,
510,-2.16153659e-01,
511,-2.58770604e-01,
512,-2.42107803e-01,
513,-2.58158739e-01,
514,-2.48907271e-01,
515,-2.12978013e-01,
516,-2.15030292e-01,
517,-2.17482146e-01,
518,-2.20100986e-01,
519,-2.22677582e-01,
520,-2.24921028e-01,
521,-2.26909086e-01,
522,-2.29837354e-01,
523,-2.33577115e-01,
524,-2.37841673e-01,
525,-2.42786509e-01,
526,-2.47043462e-01,
527,-2.50084215e-01,
528,-2.52362283e-01,
529,-2.54341316e-01,
530,-2.56226726e-01,
531,-2.58101063e-01,
532,-2.59961527e-01,
533,-2.61813078e-01,
534,-2.63648655e-01,
535,-2.65404413e-01,
536,-2.67191763e-01,
537,-2.68940768e-01,
538,-2.70520456e-01,
539,-2.72127670e-01,
540,-2.73638401e-01,
541,-2.75251010e-01,
542,-2.76787640e-01,
543,-2.78233937e-01,
544,-1.23291110e-01,
545,-1.27783098e-01,
546,-1.31781805e-01,
547,-1.35258790e-01,
548,-1.37725056e-01,
549,-1.40988440e-01,
550,-1.43725028e-01,
551,-1.45999937e-01,
552, 5.95806869e-03,
553, 3.42778541e-03,
554, 1.11127266e-03,
555,-4.99392547e-02,
556,-7.24644095e-02,
557,-9.57486488e-02,
558,-2.21209855e-01,
559,-2.22528971e-01,
560,-2.26313184e-01,
561,-2.08900529e-01,
562,-2.07086542e-01,
563,-2.30827291e-01,
564,-2.45348491e-01,
565,-2.37391537e-01,
566,-2.33358443e-01,
567,-2.29282438e-01,
568,-2.46928143e-01,
569,-2.40518547e-01,
570,-2.44637511e-01,
571,-2.47318419e-01,
572,-2.59752469e-01,
573,-2.50283625e-01,
574,-2.44071774e-01,
575,-2.35470966e-01,
576,-2.20526709e-01,
577,-2.23708205e-01,
578,-2.26025086e-01,
579,-2.28160028e-01,
580,-2.29793668e-01,
581,-2.31093694e-01,
582,-2.32076312e-01,
583,-2.33047527e-01,
584,-2.33734176e-01,
585,-2.34427494e-01,
586,-2.34853786e-01,
587,-2.35243389e-01,
588,-2.35702028e-01,
589,-2.35917986e-01,
590,-2.35672655e-01,
591,-2.35300199e-01,
592,-2.34842672e-01,
593,-2.34355712e-01,
594,-2.33757016e-01,
595,-2.32920250e-01,
596,-2.31567995e-01,
597,-2.48884038e-01,
598,-2.49271763e-01,
599,-2.49836783e-01,
600,-2.50696364e-01,
601,-2.51633331e-01,
602,-2.52510771e-01,
603,-2.53435620e-01,
604,-2.53930912e-01,
605,-2.54390190e-01,
606,-2.55060999e-01,
607,-2.55499048e-01,
608,-2.55871179e-01,
609,-2.56196910e-01,
610,-2.56457453e-01,
611,-2.56547197e-01,
612,-2.56714653e-01,
613,-2.56540324e-01,
614,-2.56678764e-01,
615,-2.56569809e-01,
616,-2.56651956e-01,
617,-2.57006262e-01,
618,-2.13344112e-01,
619,-2.13513877e-01,
620,-2.13473375e-01,
621,-2.12958045e-01,
622,-2.12020843e-01,
623,-2.10070079e-01,
624,-2.06530628e-01,
625,-2.01365613e-01,
626,-1.94380999e-01,
627,-1.85585980e-01,
628,-1.75097834e-01,
629,-1.62941028e-01,
630,-1.49899717e-01,
631,-1.34781754e-01,
632,-2.15114903e-01,
633,-2.17317531e-01,
634,-2.19646603e-01,
635,-2.21888523e-01,
636,-2.23960560e-01,
637,-2.25734086e-01,
638,-2.28000434e-01,
639,-2.31469879e-01,
640,-2.35125544e-01,
641,-2.39208784e-01,
642,-2.43752637e-01,
643,-2.47448083e-01,
644,-2.50090385e-01,
645,-2.52125407e-01,
646,-2.53929323e-01,
647,-2.55643371e-01,
648,-2.57356151e-01,
649,-2.59057941e-01,
650,-2.60750021e-01,
651,-2.62435113e-01,
652,-2.64101206e-01,
653,-2.65713519e-01,
654,-2.67338984e-01,
655,-2.68951126e-01,
656,-2.70390081e-01,
657,-2.71854410e-01,
658,-2.73248826e-01,
659,-2.74681605e-01,
660,-2.76165589e-01,
661,-2.77475932e-01,
662,-2.78793779e-01,
663,-2.52972709e-01,
664,-2.51148410e-01,
665,-2.51833749e-01,
666,-2.52043343e-01,
667,-2.61770979e-01,
668,-2.60000899e-01,
669,-2.15436194e-01,
670,-1.69614192e-01,
671,-1.58108801e-01,
672,-1.74245318e-01,
673,-2.15089265e-01,
674,-2.16901770e-01,
675,-2.14715282e-01,
676,-2.71003388e-01,
677,-2.66498043e-01,
678,-2.29911633e-01,
679,-2.70967495e-01,
680,-2.76550367e-01,
681,-2.28430631e-01,
682,-2.62662340e-01,
683,-1.42335470e-01,
684,-1.47813111e-01,
685,-1.32567099e-01,
686,-2.22910118e-01,
687,-2.23170405e-01,
688,-2.12521732e-01,
689,-2.06487546e-01,
690,-2.61488492e-01,
691,-2.22190994e-01,
692,-2.13200197e-01,
693,-2.16367572e-01,
694,-2.58235673e-01,
695,-2.62121582e-01,
696,-2.58600014e-01,
697,-2.65232218e-01,
698,-2.64852452e-01,
699,-2.58531418e-01,
700,-2.22405650e-01,
701,-2.18340180e-01,
702,-2.23358941e-01,
703,-2.71932073e-01,
704,-2.73475403e-01,
705,-2.29247343e-01,
706,-2.30242986e-01,
707,-2.76637693e-01,
708,-2.79007413e-01,
709,-2.58440487e-01,
710,-2.57973826e-01,
711,-2.59256333e-01,
712,-2.58330942e-01,
713,-2.18546690e-01,
714,-2.28540299e-01,
715,-2.74123364e-01,
716,-2.73573565e-01,
717,-2.75148983e-01,
718,-2.70229994e-01,
719,-2.68653469e-01,
720,-2.69905832e-01,
721,-2.60032586e-01,
722,-2.80354834e-01,
723,-2.53365425e-01,
724,-2.53389566e-01,
725,-2.52120673e-01,
726,-2.50617810e-01,
727,-2.77284682e-01,
728,-2.77806757e-01,
729,-2.78391612e-01,
730,-2.79290316e-01,
731,-2.79001264e-01,
732,-2.77593768e-01,
733,-2.80096442e-01,
734,-2.80251987e-01,
735,-2.50913623e-01,
736,-1.88027414e-01,
737,-1.71616435e-01,
738,-1.87933425e-01,
739,-1.67149034e-01,
740,-2.20801900e-01,
741,-2.19333605e-01,
742,-2.20118581e-01,
743,-2.18661125e-01,
744,-2.19524439e-01,
745,-1.63563719e-01,
746,-1.54071497e-01,
747,-1.82350992e-01,
748,-1.85293195e-01,
749,-2.22093735e-01,
750,-2.23873181e-01,
751,-2.21557307e-01,
752,-2.78186361e-01,
753,-2.22326013e-01,
754,-2.03776930e-01,
755,-2.00558632e-01,
756,-2.60342666e-01,
757,-2.61598257e-01,
758,-2.63216367e-01,
759,-2.79676149e-01,
760,-2.55259243e-01,
761,-2.56471582e-01,
762,-2.58560624e-01,
763,-2.16834103e-01,
764,-2.16992419e-01,
765,-2.21583698e-01,
766,-2.22705588e-01,
767,-2.20902579e-01,
768,-2.45581790e-01,
769,-2.18386068e-01,
770,-2.20202066e-01,
771,-2.18604793e-01,
772,-2.48452618e-01,
773,-1.96340313e-01,
774,-2.06827931e-01,
775,-1.95929353e-01,
776,-2.54288264e-01,
777,-2.69683568e-01,
778,-2.38154995e-01,
779,-1.86629657e-01,
780,-1.86676218e-01,
781,-1.95675125e-01,
782,-1.92085046e-01,
783,-2.05613864e-01,
784,-2.00142249e-01,
785,-2.06830582e-01,
786,-2.06007547e-01,
787,-2.15298541e-01,
788,-1.52482593e-01,
789,-2.54892482e-01,
790,-2.53639402e-01,
791,-2.55296592e-01,
792,-2.49138667e-01,
793,-2.76664552e-01,
794,-1.48298574e-01,
795,-1.62527581e-01,
796,-2.71902969e-01,
797,-2.70280994e-01,
798,-2.06690524e-01,
799,-1.95622553e-01,
800,-2.56664805e-01,
801,-2.56897551e-01,
802,-2.76370920e-01,
803,-2.76446869e-01,
804,-2.74953381e-01,
805,-2.22375071e-01,
806,-2.20116651e-01,
807,-2.12750450e-01,
808,-2.68785806e-01,
809,-1.90972527e-01,
810,-1.77995634e-01,
811,-2.49927659e-01,
812,-2.53998469e-01,
813,-2.55613438e-01,
814,-2.74615583e-01,
815,-2.64842446e-01,
816,-2.17547257e-01,
817,-2.16549776e-01,
818,-2.66800727e-01,
819,-2.14980371e-01,
820,-2.71560583e-01,
821,-2.15408348e-01,
822,-2.28573543e-01,
823,-2.70019934e-01,
824,-2.68868641e-01,
825,-1.77228519e-01,
826,-2.55347367e-01,
827,-1.77727809e-01,
828,-2.68135323e-01,
829,-2.67304455e-01,
830,-2.66303423e-01,
831,-2.57035477e-01,
832,-2.74198092e-01,
833,-2.75554537e-01,
834,-2.65685477e-01,
835,-2.67271891e-01,
836,-2.34367562e-01,
837,-2.73272399e-01,
838,-2.73194833e-01,
839,-1.77211245e-01,
840,-2.71832294e-01,
841,-2.59971590e-01,
842,-2.60045562e-01,
843,-2.60848892e-01,
844,-2.61746917e-01,
845,-2.62519657e-01,
846,-2.63482329e-01,
847,-2.64441817e-01,
848,-1.04813396e-01,
849,-1.08522234e-01,
850,-5.21065318e-02,
851,-4.81810910e-02,
852,-1.27773773e-01,
853,-2.40282924e-01,
854,-2.43651128e-01,
855,-2.42614423e-01,
856,-2.41447037e-01,
857,-2.36429921e-01,
858,-2.37215498e-01,
859,-2.39462557e-01,
860,-2.41873890e-01,
861,-2.46239865e-01,
862,-2.42316595e-01,
863,-2.46439751e-01,
864,-2.46151663e-01,
865,-2.41321035e-01,
866,-2.45882578e-01,
867,-2.38168167e-01,
868,-2.53742633e-01,
869,-2.52885642e-01,
870,-2.49821711e-01,
871,-2.51879004e-01,
872,-2.53144239e-01,
873,-2.47661676e-01,
874,-2.41493708e-01,
875,-2.37105728e-01,
876,-2.45029121e-01,
877,-2.38139993e-01,
878,-2.40593867e-01,
879,-2.45432442e-01,
880,-2.42856160e-01,
881,-2.49930096e-01,
882,-2.52188918e-01,
883,-2.39722999e-01,
884,-2.45600853e-01,
885,-2.49088856e-01,
886,-2.37820101e-01,
887,-2.43695816e-01,
888,-2.49234539e-01,
889,-2.49515434e-01,
890,-2.51303093e-01,
891,-2.53092505e-01,
892,-2.49654536e-01,
893,-2.51459899e-01,
894,-2.53073328e-01,
895,-2.49685994e-01,
896,-2.51459286e-01,
897,-2.52942482e-01,
898,-2.46474484e-01,
899,-2.42635478e-01,
900,-2.49628399e-01,
901,-2.51368330e-01,
902,-2.52743210e-01,
903,-2.44803382e-01,
904,-2.47044459e-01,
905,-2.49476432e-01,
906,-2.51199188e-01,
907,-2.52469623e-01,
908,-2.49225148e-01,
909,-2.50921803e-01,
910,-2.52048924e-01,
911,-2.46598975e-01,
912,-2.42847985e-01,
913,-2.48913487e-01,
914,-2.50563758e-01,
915,-2.51634029e-01,
916,-2.48501307e-01,
917,-2.50177699e-01,
918,-2.51185533e-01,
919,-2.47910317e-01,
920,-2.49647201e-01,
921,-2.50497962e-01,
922,-2.46625845e-01,
923,-2.42951220e-01,
924,-2.47158393e-01,
925,-2.48924343e-01,
926,-2.49679589e-01,
927,-2.46141525e-01,
928,-2.48053319e-01,
929,-2.48691890e-01,
930,-2.46814047e-01,
931,-2.46552832e-01,
932,-2.42975338e-01,
933,-2.33824757e-01,
934,-2.32323679e-01,
935,-2.46395344e-01,
936,-2.42894308e-01,
937,-2.40594682e-01,
938,-2.35091778e-01,
939,-2.46140229e-01,
940,-2.42645203e-01,
941,-2.36089732e-01,
942,-2.45723911e-01,
943,-2.36904055e-01,
944,-2.42851469e-01,
945,-2.39055073e-01,
946,-2.39143868e-01,
947,-2.45126295e-01,
948,-2.44367600e-01,
949,-2.39001833e-01,
950,-2.41714805e-01,
951,-2.38774738e-01,
952,-2.38500513e-01,
953,-2.38090227e-01,
954,-2.37567637e-01,
955,-2.36493042e-01,
956,-2.38726096e-01,
957,-2.38165451e-01,
958,-2.34295296e-01,
959,-2.31684125e-01,
960,-2.30533197e-01,
961,-2.26645686e-01,
962,-2.40609643e-01,
963,-2.34659245e-01,
964,-2.24122282e-01,
965,-2.46562996e-01,
966,-2.43701126e-01,
967,-2.35175246e-01,
968,-2.52187345e-01,
969,-2.45831814e-01,
970,-2.40421651e-01,
971,-2.35575895e-01,
972,-2.52591700e-01,
-1,0.,
1,80012,1,
MODE_001_UY_27532.7Hz
0.,-1.,0.,
80012,0,0,0,0,0,0,0,0,0,
0,0,0,0,0,0,0,0,0,0,
0,0,3,7,
0,1,1,
1,-1.56533148e-07,
2,-1.15788581e-01,
3,-4.61248393e-06,
4,-6.15132767e-02,
5,-5.72711621e-07,
6,-3.34593632e-06,
7,-1.91285591e-02,
8,-1.23710501e-02,
9,-2.70327114e-02,
10,-2.35156785e-02,
11,-6.51170467e-02,
12,-6.78197181e-02,
13,-8.58101738e-02,
14,-1.07482367e-01,
15,-4.54941456e-02,
16,-9.83202511e-02,
17,-5.38418986e-02,
18,-4.71733522e-07,
19,-1.15976488e-01,
20,-3.34862959e-03,
21,-6.83308479e-03,
22,-1.06718787e-02,
23,-1.49811645e-02,
24,-1.97983571e-02,
25,-2.46657450e-02,
26,-2.98860442e-02,
27,-3.54646476e-02,
28,-4.07299617e-02,
29,-4.62156682e-02,
30,-5.14919693e-02,
31,-5.61154284e-02,
32,-6.01199722e-02,
33,-6.37709570e-02,
34,-6.72643148e-02,
35,-7.07263077e-02,
36,-7.41826332e-02,
37,-7.76521248e-02,
38,-8.11453677e-02,
39,-8.46397343e-02,
40,-8.81425866e-02,
41,-9.16975300e-02,
42,-9.51730783e-02,
43,-9.86584130e-02,
44,-1.02072262e-01,
45,-1.05543728e-01,
46,-1.09032266e-01,
47,-1.12444585e-01,
48,-7.16595282e-03,
49,-1.42801699e-02,
50,-2.12982270e-02,
51,-2.82425181e-02,
52,-3.46623985e-02,
53,-4.12713988e-02,
54,-4.80824527e-02,
55,-5.47688316e-02,
56, 9.36083609e-03,
57, 6.06299154e-03,
58, 2.26907642e-03,
59,-3.97181441e-06,
60,-5.50588980e-06,
61,-5.17664885e-06,
62,-4.86848425e-02,
63,-3.43420889e-02,
64,-1.76057139e-02,
65,-1.39672785e-02,
66,-1.42537843e-02,
67,-1.89343971e-02,
68,-6.46364261e-02,
69,-7.06537507e-02,
70,-9.63624368e-02,
71,-1.03559013e-01,
72,-3.83676083e-02,
73,-3.20823550e-02,
74,-2.59324014e-02,
75,-5.14816936e-02,
76,-3.89800547e-02,
77,-4.64545728e-02,
78,-5.12092338e-02,
79,-1.03675509e-01,
80,-8.43922030e-02,
81,-7.73308848e-02,
82,-7.26637407e-02,
83,-6.48563419e-02,
84,-6.41703343e-02,
85,-6.29134751e-02,
86,-6.17172111e-02,
87,-6.02087907e-02,
88,-5.85417308e-02,
89,-5.66902870e-02,
90,-5.49112932e-02,
91,-5.29496225e-02,
92,-5.10193771e-02,
93,-4.89657613e-02,
94,-4.69339847e-02,
95,-4.49707354e-02,
96,-4.29092214e-02,
97,-4.07151119e-02,
98,-3.84838471e-02,
99,-3.62475283e-02,
100,-3.40411068e-02,
101,-3.17994049e-02,
102,-2.94611106e-02,
103,-2.67970650e-02,
104,-5.37711062e-02,
105,-5.42966752e-02,
106,-5.53396955e-02,
107,-5.68585715e-02,
108,-5.86499074e-02,
109,-6.05654206e-02,
110,-6.26407084e-02,
111,-6.46537496e-02,
112,-6.67490036e-02,
113,-6.90265554e-02,
114,-7.12690346e-02,
115,-7.34935117e-02,
116,-7.57264600e-02,
117,-7.79683355e-02,
118,-8.01456168e-02,
119,-8.23737807e-02,
120,-8.44464775e-02,
121,-8.67597734e-02,
122,-8.89029460e-02,
123,-9.12728597e-02,
124,-9.40817400e-02,
125,-6.28034932e-07,
126,-6.55016794e-07,
127,-7.61560802e-07,
128,-1.07538943e-06,
129,-1.77787994e-06,
130,-2.62234389e-06,
131,-3.06213549e-06,
132,-3.26637450e-06,
133,-3.43268302e-06,
134,-3.55314461e-06,
135,-3.67700247e-06,
136,-3.83695026e-06,
137,-3.88306755e-06,
138,-3.96504333e-06,
139,-1.16304502e-01,
140,-1.16489494e-01,
141,-1.16593572e-01,
142,-1.16580873e-01,
143,-1.16104630e-01,
144,-1.15232512e-01,
145,-1.13790102e-01,
146,-1.11759072e-01,
147,-1.08753216e-01,
148,-9.95172835e-02,
149,-8.93662485e-02,
150,-8.41506043e-02,
151,-7.77929850e-02,
152,-7.00497951e-02,
153,-3.01857721e-03,
154,-6.12287817e-03,
155,-9.44407523e-03,
156,-1.29547622e-02,
157,-1.68263038e-02,
158,-2.11429929e-02,
159,-2.59496736e-02,
160,-3.14692623e-02,
161,-3.69273167e-02,
162,-4.19757618e-02,
163,-4.70417331e-02,
164,-5.15565461e-02,
165,-5.54871268e-02,
166,-5.90299794e-02,
167,-6.23712897e-02,
168,-6.55719424e-02,
169,-6.87344985e-02,
170,-7.18838851e-02,
171,-7.50306268e-02,
172,-7.81883217e-02,
173,-8.13574930e-02,
174,-8.45408566e-02,
175,-8.77276997e-02,
176,-9.09236528e-02,
177,-9.40800487e-02,
178,-9.72556877e-02,
179,-1.00389638e-01,
180,-1.03533180e-01,
181,-1.06717128e-01,
182,-1.09819213e-01,
183,-1.12916639e-01,
184,-5.94638313e-02,
185,-5.67444593e-02,
186,-5.80062948e-02,
187,-5.78319671e-02,
188,-8.99352354e-02,
189,-8.38447429e-02,
190,-6.01464566e-02,
191,-5.60521280e-02,
192,-5.76020750e-02,
193,-6.59817638e-02,
194,-2.20443778e-03,
195,-4.90304673e-03,
196,-2.01313984e-03,
197,-1.02658658e-01,
198,-9.17347286e-02,
199,-2.84846363e-02,
200,-9.63027669e-02,
201,-1.07908237e-01,
202,-2.35116119e-02,
203,-9.70607995e-02,
204,-1.76956257e-02,
205,-1.05000066e-02,
206,-8.24102822e-03,
207,-5.81886447e-02,
208,-5.22852922e-02,
209,-5.09603824e-02,
210,-4.05782458e-02,
211,-1.01600015e-01,
212,-3.28333738e-02,
213,-2.39282013e-02,
214,-3.29541431e-02,
215,-7.14871000e-02,
216,-7.59008044e-02,
217,-7.00203833e-02,
218,-8.24226508e-02,
219,-8.43502221e-02,
220,-7.50884717e-02,
221,-1.47959464e-02,
222,-1.08257113e-02,
223,-1.89460093e-02,
224,-9.62337356e-02,
225,-9.95431765e-02,
226,-3.24657497e-02,
227,-3.86347178e-02,
228,-1.05034064e-01,
229,-1.11388967e-01,
230,-6.99325271e-02,
231,-6.86518700e-02,
232,-7.09392124e-02,
233,-6.90033604e-02,
234,-4.19541101e-02,
235,-5.05352667e-02,
236,-9.96776108e-02,
237,-9.92256581e-02,
238,-1.01777562e-01,
239,-9.18392117e-02,
240,-8.87343067e-02,
241,-9.08412463e-02,
242,-8.03708169e-02,
243,-1.14544550e-01,
244,-6.05055196e-02,
245,-6.02258225e-02,
246,-5.82355540e-02,
247,-5.55533822e-02,
248,-1.08490374e-01,
249,-1.08744351e-01,
250,-1.10934031e-01,
251,-1.12056982e-01,
252,-1.10812236e-01,
253,-1.07675676e-01,
254,-1.13124222e-01,
255,-1.13840788e-01,
256,-5.59158772e-02,
257,-4.51412196e-02,
258,-4.65387606e-02,
259,-5.45401564e-02,
260,-3.55447755e-02,
261,-1.03641184e-02,
262,-8.27318342e-03,
263,-9.65475688e-03,
264,-7.69235135e-03,
265,-9.64722450e-03,
266,-1.30657161e-02,
267,-4.59222448e-02,
268,-5.79804577e-02,
269,-6.69250595e-02,
270,-1.32039167e-02,
271,-1.59694306e-02,
272,-1.18227194e-02,
273,-1.08835682e-01,
274,-1.29911416e-02,
275,-5.16873519e-02,
276,-4.48506408e-02,
277,-7.26031796e-02,
278,-7.48352632e-02,
279,-7.77954559e-02,
280,-1.13809729e-01,
281,-6.42634239e-02,
282,-6.58521357e-02,
283,-6.93995331e-02,
284,-6.08079676e-03,
285,-5.25523777e-03,
286,-1.29711297e-02,
287,-1.52197485e-02,
288,-1.16171882e-02,
289,-4.88688995e-02,
290,-6.81770906e-03,
291,-9.58605491e-03,
292,-7.48445580e-03,
293,-5.27389895e-02,
294,-7.46801585e-02,
295,-7.77702628e-02,
296,-6.54864599e-02,
297,-6.17196028e-02,
298,-1.06395813e-01,
299,-4.05621224e-02,
300,-9.37955009e-03,
301,-1.65444788e-02,
302,-1.96119712e-02,
303,-2.65109880e-02,
304,-3.19502695e-02,
305,-5.67864414e-02,
306,-6.49710874e-02,
307,-2.21960208e-02,
308,-1.06943042e-02,
309,-3.60555377e-02,
310,-6.29489112e-02,
311,-6.10968515e-02,
312,-6.41783995e-02,
313,-5.33593658e-02,
314,-1.05281831e-01,
315,-2.72732308e-02,
316,-2.44283279e-02,
317,-9.52678246e-02,
318,-9.27218682e-02,
319,-1.36357139e-02,
320,-1.04668372e-02,
321,-6.61267105e-02,
322,-6.70825020e-02,
323,-1.06037457e-01,
324,-1.05185353e-01,
325,-1.03020750e-01,
326,-2.18499295e-02,
327,-2.53272757e-02,
328,-1.29718929e-02,
329,-8.96027224e-02,
330,-3.58733080e-02,
331,-8.14224172e-03,
332,-5.48166910e-02,
333,-6.13283722e-02,
334,-6.40754523e-02,
335,-1.01470137e-01,
336,-8.08690209e-02,
337,-5.79099503e-03,
338,-4.23537615e-03,
339,-8.45693070e-02,
340,-2.00121908e-03,
341,-9.40903717e-02,
342,-2.81246993e-03,
343,-4.40802121e-02,
344,-9.12684412e-02,
345,-8.84871039e-02,
346,-1.49381730e-02,
347,-6.37397923e-02,
348,-2.53206018e-02,
349,-8.71406595e-02,
350,-8.58906227e-02,
351,-8.37029186e-02,
352,-6.66037217e-02,
353,-1.00000685e-01,
354,-1.02989753e-01,
355,-8.31438970e-02,
356,-8.65650922e-02,
357,-3.48591674e-02,
358,-9.83829559e-02,
359,-9.76965804e-02,
360,-3.31675431e-02,
361,-9.45741098e-02,
362,-7.19396187e-02,
363,-7.28097819e-02,
364,-7.37885449e-02,
365,-7.58895795e-02,
366,-7.68045279e-02,
367,-7.91121432e-02,
368,-8.03368054e-02,
369,-2.77078400e-02,
370,-1.27193806e-02,
371,-9.63870485e-03,
372,-1.41218355e-02,
373,-4.62263500e-02,
374,-3.99738549e-02,
375,-4.56893321e-02,
376,-4.39289166e-02,
377,-4.25095621e-02,
378,-3.57788076e-02,
379,-3.82060878e-02,
380,-4.02551457e-02,
381,-6.37093085e-02,
382,-6.73961130e-02,
383,-6.17117525e-02,
384,-5.01214063e-02,
385,-4.97933706e-02,
386,-6.56602083e-02,
387,-6.94005414e-02,
388,-3.61822113e-02,
389,-8.02783732e-02,
390,-7.78927022e-02,
391,-7.62229497e-02,
392,-8.45215191e-02,
393,-8.42015327e-02,
394,-7.94110463e-02,
395,-7.44880461e-02,
396,-7.23820247e-02,
397,-7.85265862e-02,
398,-3.73115051e-02,
399,-6.74365854e-02,
400,-7.10823582e-02,
401,-4.52410075e-02,
402,-7.97767458e-02,
403,-8.02206854e-02,
404,-6.92260215e-02,
405,-7.38257883e-02,
406,-7.39180184e-02,
407,-6.98663719e-02,
408,-7.43901568e-02,
409,-8.28860861e-02,
410,-7.17772073e-02,
411,-7.47910544e-02,
412,-7.54592630e-02,
413,-6.96871300e-02,
414,-7.26215404e-02,
415,-7.32905028e-02,
416,-6.75528212e-02,
417,-7.04724768e-02,
418,-7.11007518e-02,
419,-6.53320400e-02,
420,-5.96640235e-02,
421,-6.54029594e-02,
422,-6.83029784e-02,
423,-6.89121476e-02,
424,-4.77684096e-02,
425,-5.11208588e-02,
426,-6.32484036e-02,
427,-6.61331215e-02,
428,-6.67245770e-02,
429,-6.10810562e-02,
430,-6.39536363e-02,
431,-6.45028339e-02,
432,-6.32297812e-02,
433,-5.75883159e-02,
434,-5.89399571e-02,
435,-6.17659140e-02,
436,-6.23437269e-02,
437,-5.68370772e-02,
438,-5.96545967e-02,
439,-6.02684353e-02,
440,-5.47220550e-02,
441,-5.75715881e-02,
442,-5.81749457e-02,
443,-6.11115895e-02,
444,-5.54977330e-02,
445,-5.26097496e-02,
446,-5.54620898e-02,
447,-5.61140437e-02,
448,-5.03447028e-02,
449,-5.33665702e-02,
450,-5.40225055e-02,
451,-5.09338108e-02,
452,-5.89835972e-02,
453,-5.34150326e-02,
454,-6.47416047e-02,
455,-6.59020821e-02,
456,-5.68603131e-02,
457,-5.13232991e-02,
458,-4.30329470e-02,
459,-6.31845623e-02,
460,-5.47478699e-02,
461,-4.92362997e-02,
462,-6.14307323e-02,
463,-5.26188782e-02,
464,-5.95926844e-02,
465,-4.82046892e-02,
466,-4.53626915e-02,
467,-4.75024180e-02,
468,-5.04695860e-02,
469,-4.83174983e-02,
470,-4.95464572e-02,
471,-4.56499750e-02,
472,-5.15780454e-02,
473,-5.36434076e-02,
474,-5.56760137e-02,
475,-5.76601635e-02,
476,-3.41923282e-02,
477,-4.31419760e-02,
478,-4.08928733e-02,
479,-6.87850795e-02,
480,-6.97929321e-02,
481,-6.75246416e-02,
482,-6.83102181e-02,
483,-7.57516684e-02,
484,-7.21085591e-02,
485,-6.86297925e-02,
486,-5.04395867e-02,
487,-4.58617346e-02,
488,-3.13683050e-02,
489,-8.68633770e-02,
490,-7.99377141e-02,
491,-4.00003674e-02,
492,-3.05993393e-02,
493,-8.72255177e-02,
501,-2.12696090e-01,
502,-1.18409872e-01,
503,-3.24075902e-02,
504,-1.97779156e-01,
505,-2.03287998e-01,
506,-1.94914833e-01,
507,-1.95933452e-01,
508,-1.24542830e-01,
509,-1.25014139e-01,
510,-9.47997475e-02,
511,-1.06767583e-01,
512,-1.77769365e-01,
513,-1.19112907e-01,
514,-1.72763327e-01,
515,-2.12977346e-01,
516,-2.10294615e-01,
517,-2.07818705e-01,
518,-2.05008671e-01,
519,-2.01491016e-01,
520,-1.96921923e-01,
521,-1.92026454e-01,
522,-1.87572105e-01,
523,-1.83422530e-01,
524,-1.80240809e-01,
525,-1.77427684e-01,
526,-1.74222820e-01,
527,-1.70725015e-01,
528,-1.67339803e-01,
529,-1.64155564e-01,
530,-1.61100620e-01,
531,-1.58078959e-01,
532,-1.55051441e-01,
533,-1.51996390e-01,
534,-1.48891776e-01,
535,-1.45705753e-01,
536,-1.42539321e-01,
537,-1.39260878e-01,
538,-1.35925398e-01,
539,-1.32603604e-01,
540,-1.29286424e-01,
541,-1.25989638e-01,
542,-1.22592730e-01,
543,-1.19213280e-01,
544,-1.13156922e-01,
545,-1.07587888e-01,
546,-1.01661563e-01,
547,-9.53178376e-02,
548,-8.87050215e-02,
549,-8.26218676e-02,
550,-7.57261712e-02,
551,-6.85451127e-02,
552,-7.28015267e-03,
553,-5.14657947e-03,
554,-2.09768598e-03,
555,-4.99336378e-02,
556,-7.24566230e-02,
557,-9.57413279e-02,
558,-2.01457141e-01,
559,-2.02371076e-01,
560,-1.99535903e-01,
561,-1.17490818e-01,
562,-1.07167049e-01,
563,-9.45502255e-02,
564,-9.88939311e-02,
565,-1.83131545e-01,
566,-1.87987141e-01,
567,-1.92608484e-01,
568,-1.74122033e-01,
569,-1.85392425e-01,
570,-1.78940824e-01,
571,-1.74897626e-01,
572,-1.13133157e-01,
573,-1.30935027e-01,
574,-1.34709387e-01,
575,-1.32708918e-01,
576,-1.28805991e-01,
577,-1.32957648e-01,
578,-1.37051996e-01,
579,-1.40878711e-01,
580,-1.44645580e-01,
581,-1.48303184e-01,
582,-1.51904139e-01,
583,-1.55391232e-01,
584,-1.58852101e-01,
585,-1.62275199e-01,
586,-1.65605742e-01,
587,-1.68868712e-01,
588,-1.72103804e-01,
589,-1.75235184e-01,
590,-1.78092792e-01,
591,-1.80875821e-01,
592,-1.83580926e-01,
593,-1.86214317e-01,
594,-1.88785867e-01,
595,-1.91255948e-01,
596,-1.93671222e-01,
597,-1.72840211e-01,
598,-1.72484669e-01,
599,-1.71574635e-01,
600,-1.70286201e-01,
601,-1.68689837e-01,
602,-1.66858332e-01,
603,-1.64848281e-01,
604,-1.62496702e-01,
605,-1.59992843e-01,
606,-1.57442708e-01,
607,-1.54709413e-01,
608,-1.51935658e-01,
609,-1.49103523e-01,
610,-1.46193575e-01,
611,-1.43204179e-01,
612,-1.40220536e-01,
613,-1.37114970e-01,
614,-1.33981915e-01,
615,-1.30842058e-01,
616,-1.27572640e-01,
617,-1.23954589e-01,
618,-2.13343223e-01,
619,-2.13512951e-01,
620,-2.13472298e-01,
621,-2.12956524e-01,
622,-2.12018328e-01,
623,-2.10066370e-01,
624,-2.06526298e-01,
625,-2.01360994e-01,
626,-1.94376145e-01,
627,-1.85580955e-01,
628,-1.75092634e-01,
629,-1.62935602e-01,
630,-1.49894225e-01,
631,-1.34776147e-01,
632,-2.10845990e-01,
633,-2.08658474e-01,
634,-2.06290664e-01,
635,-2.03567723e-01,
636,-2.00164573e-01,
637,-1.95833379e-01,
638,-1.91302053e-01,
639,-1.86965622e-01,
640,-1.82902432e-01,
641,-1.79846092e-01,
642,-1.77225580e-01,
643,-1.74536117e-01,
644,-1.71619738e-01,
645,-1.68644410e-01,
646,-1.65722999e-01,
647,-1.62910640e-01,
648,-1.60150891e-01,
649,-1.57398776e-01,
650,-1.54640691e-01,
651,-1.51860128e-01,
652,-1.49044336e-01,
653,-1.46154693e-01,
654,-1.43273282e-01,
655,-1.40365663e-01,
656,-1.37340800e-01,
657,-1.34314098e-01,
658,-1.31276439e-01,
659,-1.28263578e-01,
660,-1.25244779e-01,
661,-1.22168111e-01,
662,-1.19105537e-01,
663,-1.68878152e-01,
664,-1.70899626e-01,
665,-1.69800460e-01,
666,-1.70256591e-01,
667,-1.34583350e-01,
668,-1.41426527e-01,
669,-1.30376259e-01,
670,-9.03445121e-02,
671,-7.66471656e-02,
672,-8.09330123e-02,
673,-2.11971719e-01,
674,-2.09967815e-01,
675,-2.11868272e-01,
676,-1.25822122e-01,
677,-1.36765546e-01,
678,-1.89628274e-01,
679,-1.34774816e-01,
680,-1.23945075e-01,
681,-1.95180191e-01,
682,-1.25397641e-01,
683,-1.17310076e-01,
684,-1.32963859e-01,
685,-1.20912525e-01,
686,-1.40618948e-01,
687,-1.49227835e-01,
688,-1.40452868e-01,
689,-1.49101241e-01,
690,-1.17804373e-01,
691,-1.75757591e-01,
692,-1.79360610e-01,
693,-1.69763376e-01,
694,-1.57137647e-01,
695,-1.54781635e-01,
696,-1.59576238e-01,
697,-1.48668988e-01,
698,-1.45563224e-01,
699,-1.52340282e-01,
700,-2.01481022e-01,
701,-2.03030312e-01,
702,-1.96565238e-01,
703,-1.35837019e-01,
704,-1.32700093e-01,
705,-1.83333839e-01,
706,-1.75605245e-01,
707,-1.28097095e-01,
708,-1.21479626e-01,
709,-1.59540959e-01,
710,-1.60885421e-01,
711,-1.58933137e-01,
712,-1.60745454e-01,
713,-1.59214619e-01,
714,-1.57072639e-01,
715,-1.33157935e-01,
716,-1.33247294e-01,
717,-1.31213775e-01,
718,-1.40349736e-01,
719,-1.43164209e-01,
720,-1.41436909e-01,
721,-1.46371087e-01,
722,-1.18364377e-01,
723,-1.67797699e-01,
724,-1.68217391e-01,
725,-1.69763162e-01,
726,-1.72053463e-01,
727,-1.23856124e-01,
728,-1.24019022e-01,
729,-1.21507201e-01,
730,-1.20817812e-01,
731,-1.22289097e-01,
732,-1.25317366e-01,
733,-1.20114633e-01,
734,-1.19256800e-01,
735,-1.71836631e-01,
736,-1.24188089e-01,
737,-1.05800689e-01,
738,-1.10801997e-01,
739,-1.16881130e-01,
740,-2.06144823e-01,
741,-2.07633557e-01,
742,-2.06464693e-01,
743,-2.07782497e-01,
744,-2.05881203e-01,
745,-1.45086007e-01,
746,-8.91276355e-02,
747,-1.00354242e-01,
748,-9.06468683e-02,
749,-2.03420577e-01,
750,-2.01288996e-01,
751,-2.04837457e-01,
752,-1.24269464e-01,
753,-2.03953764e-01,
754,-1.30679976e-01,
755,-1.37130247e-01,
756,-1.57666265e-01,
757,-1.55765213e-01,
758,-1.53196978e-01,
759,-1.18724887e-01,
760,-1.64377037e-01,
761,-1.63342599e-01,
762,-1.60414863e-01,
763,-2.08234557e-01,
764,-2.09560390e-01,
765,-2.03239751e-01,
766,-2.01181613e-01,
767,-2.04473394e-01,
768,-1.76470729e-01,
769,-2.08744371e-01,
770,-2.06645337e-01,
771,-2.08020174e-01,
772,-1.73868424e-01,
773,-9.07266201e-02,
774,-9.68441707e-02,
775,-1.03317513e-01,
776,-1.67003564e-01,
777,-1.19217165e-01,
778,-1.80791491e-01,
779,-1.73364970e-01,
780,-1.63278791e-01,
781,-1.67939609e-01,
782,-1.54592847e-01,
783,-1.60429359e-01,
784,-1.19834094e-01,
785,-1.14947589e-01,
786,-1.74617633e-01,
787,-2.00174511e-01,
788,-1.01492363e-01,
789,-1.65869278e-01,
790,-1.67235406e-01,
791,-1.64534628e-01,
792,-1.73677128e-01,
793,-1.27773558e-01,
794,-1.09728401e-01,
795,-1.27980708e-01,
796,-1.37173919e-01,
797,-1.39152470e-01,
798,-1.87406712e-01,
799,-1.80820210e-01,
800,-1.63147514e-01,
801,-1.62028567e-01,
802,-1.26411311e-01,
803,-1.27692316e-01,
804,-1.29260039e-01,
805,-1.91474605e-01,
806,-1.84298474e-01,
807,-1.94405424e-01,
808,-1.42068420e-01,
809,-1.40240009e-01,
810,-1.66480765e-01,
811,-1.72405151e-01,
812,-1.67267053e-01,
813,-1.64997065e-01,
814,-1.31115138e-01,
815,-1.50476380e-01,
816,-2.09357553e-01,
817,-2.10560049e-01,
818,-1.47201666e-01,
819,-2.12150220e-01,
820,-1.38496704e-01,
821,-2.11430915e-01,
822,-1.66234709e-01,
823,-1.40946867e-01,
824,-1.43728979e-01,
825,-1.56102752e-01,
826,-1.65205689e-01,
827,-1.41919070e-01,
828,-1.44899821e-01,
829,-1.45836772e-01,
830,-1.47929620e-01,
831,-1.62843591e-01,
832,-1.32775768e-01,
833,-1.29905032e-01,
834,-1.48102250e-01,
835,-1.44850364e-01,
836,-1.85069254e-01,
837,-1.34137888e-01,
838,-1.35031004e-01,
839,-1.30305256e-01,
840,-1.38084305e-01,
841,-1.58233606e-01,
842,-1.57076981e-01,
843,-1.56496131e-01,
844,-1.54422844e-01,
845,-1.53901652e-01,
846,-1.51600863e-01,
847,-1.50828417e-01,
848,-6.56285926e-02,
849,-9.05343130e-02,
850,-3.84753447e-02,
851,-2.82097996e-02,
852,-6.23998420e-02,
853,-1.83751357e-01,
854,-1.79036655e-01,
855,-1.80489553e-01,
856,-1.81329438e-01,
857,-1.85831046e-01,
858,-1.83183930e-01,
859,-1.82533184e-01,
860,-1.51775322e-01,
861,-1.50927368e-01,
862,-1.55042998e-01,
863,-1.75557379e-01,
864,-1.75733203e-01,
865,-1.48463478e-01,
866,-1.47735392e-01,
867,-1.86998793e-01,
868,-1.40211869e-01,
869,-1.42728726e-01,
870,-1.42026182e-01,
871,-1.32347525e-01,
872,-1.34065289e-01,
873,-1.35357497e-01,
874,-1.36151703e-01,
875,-1.34742087e-01,
876,-1.33975758e-01,
877,-1.85373557e-01,
878,-1.45224134e-01,
879,-1.44906807e-01,
880,-1.78875714e-01,
881,-1.37108741e-01,
882,-1.38739736e-01,
883,-1.41822621e-01,
884,-1.41195422e-01,
885,-1.44552992e-01,
886,-1.39014131e-01,
887,-1.38492247e-01,
888,-1.32015912e-01,
889,-1.48007134e-01,
890,-1.45532569e-01,
891,-1.46376992e-01,
892,-1.51102052e-01,
893,-1.48757532e-01,
894,-1.49424905e-01,
895,-1.54151879e-01,
896,-1.51796154e-01,
897,-1.52390835e-01,
898,-1.54081026e-01,
899,-1.58257807e-01,
900,-1.57134647e-01,
901,-1.54773331e-01,
902,-1.55286716e-01,
903,-1.77248649e-01,
904,-1.74748647e-01,
905,-1.60029682e-01,
906,-1.57672831e-01,
907,-1.58106821e-01,
908,-1.62843490e-01,
909,-1.60477703e-01,
910,-1.60828141e-01,
911,-1.57178561e-01,
912,-1.61405808e-01,
913,-1.65559800e-01,
914,-1.63213565e-01,
915,-1.63466685e-01,
916,-1.68121541e-01,
917,-1.65813359e-01,
918,-1.65953094e-01,
919,-1.70521644e-01,
920,-1.68228680e-01,
921,-1.68226165e-01,
922,-1.60201007e-01,
923,-1.64465573e-01,
924,-1.72756971e-01,
925,-1.70489103e-01,
926,-1.70322348e-01,
927,-1.74943364e-01,
928,-1.72581592e-01,
929,-1.72292531e-01,
930,-1.74782761e-01,
931,-1.63137429e-01,
932,-1.67435074e-01,
933,-1.42266301e-01,
934,-1.39124061e-01,
935,-1.65982718e-01,
936,-1.70312202e-01,
937,-1.79736905e-01,
938,-1.45735313e-01,
939,-1.68715049e-01,
940,-1.73014560e-01,
941,-1.49213558e-01,
942,-1.71309580e-01,
943,-1.52627272e-01,
944,-1.74679744e-01,
945,-1.74902539e-01,
946,-1.71965304e-01,
947,-1.73751521e-01,
948,-1.76036338e-01,
949,-1.68932561e-01,
950,-1.77155991e-01,
951,-1.65832367e-01,
952,-1.62637278e-01,
953,-1.59352453e-01,
954,-1.56023852e-01,
955,-1.88137787e-01,
956,-1.77714128e-01,
957,-1.80334195e-01,
958,-1.37018504e-01,
959,-1.32982014e-01,
960,-1.35038933e-01,
961,-1.30040450e-01,
962,-1.33480607e-01,
963,-1.32682343e-01,
964,-1.27065098e-01,
965,-1.75230649e-01,
966,-1.78842839e-01,
967,-1.90813764e-01,
968,-1.29343979e-01,
969,-1.32782814e-01,
970,-1.83852589e-01,
971,-1.92301894e-01,
972,-1.29236190e-01,
-1,0.,
1,80013,1,
MODE_001_UZ_27532.7Hz
0.,-1.,0.,
80013,0,0,0,0,0,0,0,0,0,
0,0,0,0,0,0,0,0,0,0,
0,0,3,7,
0,1,1,
1, 0.00000000e+00,
2, 0.00000000e+00,
3, 0.00000000e+00,
4, 0.00000000e+00,
5, 0.00000000e+00,
6, 0.00000000e+00,
7, 0.00000000e+00,
8, 0.00000000e+00,
9, 0.00000000e+00,
10, 0.00000000e+00,
11, 0.00000000e+00,
12, 0.00000000e+00,
13, 0.00000000e+00,
14, 0.00000000e+00,
15, 0.00000000e+00,
16, 0.00000000e+00,
17, 0.00000000e+00,
18, 0.00000000e+00,
19, 0.00000000e+00,
20, 0.00000000e+00,
21, 0.00000000e+00,
22, 0.00000000e+00,
23, 0.00000000e+00,
24, 0.00000000e+00,
25, 0.00000000e+00,
26, 0.00000000e+00,
27, 0.00000000e+00,
28, 0.00000000e+00,
29, 0.00000000e+00,
30, 0.00000000e+00,
31, 0.00000000e+00,
32, 0.00000000e+00,
33, 0.00000000e+00,
34, 0.00000000e+00,
35, 0.00000000e+00,
36, 0.00000000e+00,
37, 0.00000000e+00,
38, 0.00000000e+00,
39, 0.00000000e+00,
40, 0.00000000e+00,
41, 0.00000000e+00,
42, 0.00000000e+00,
43, 0.00000000e+00,
44, 0.00000000e+00,
45, 0.00000000e+00,
46, 0.00000000e+00,
47, 0.00000000e+00,
48, 0.00000000e+00,
49, 0.00000000e+00,
50, 0.00000000e+00,
51, 0.00000000e+00,
52, 0.00000000e+00,
53, 0.00000000e+00,
54, 0.00000000e+00,
55, 0.00000000e+00,
56, 0.00000000e+00,
57, 0.00000000e+00,
58, 0.00000000e+00,
59, 0.00000000e+00,
60, 0.00000000e+00,
61, 0.00000000e+00,
62, 0.00000000e+00,
63, 0.00000000e+00,
64, 0.00000000e+00,
65, 0.00000000e+00,
66, 0.00000000e+00,
67, 0.00000000e+00,
68, 0.00000000e+00,
69, 0.00000000e+00,
70, 0.00000000e+00,
71, 0.00000000e+00,
72, 0.00000000e+00,
73, 0.00000000e+00,
74, 0.00000000e+00,
75, 0.00000000e+00,
76, 0.00000000e+00,
77, 0.00000000e+00,
78, 0.00000000e+00,
79, 0.00000000e+00,
80, 0.00000000e+00,
81, 0.00000000e+00,
82, 0.00000000e+00,
83, 0.00000000e+00,
84, 0.00000000e+00,
85, 0.00000000e+00,
86, 0.00000000e+00,
87, 0.00000000e+00,
88, 0.00000000e+00,
89, 0.00000000e+00,
90, 0.00000000e+00,
91, 0.00000000e+00,
92, 0.00000000e+00,
93, 0.00000000e+00,
94, 0.00000000e+00,
95, 0.00000000e+00,
96, 0.00000000e+00,
97, 0.00000000e+00,
98, 0.00000000e+00,
99, 0.00000000e+00,
100, 0.00000000e+00,
101, 0.00000000e+00,
102, 0.00000000e+00,
103, 0.00000000e+00,
104, 0.00000000e+00,
105, 0.00000000e+00,
106, 0.00000000e+00,
107, 0.00000000e+00,
108, 0.00000000e+00,
109, 0.00000000e+00,
110, 0.00000000e+00,
111, 0.00000000e+00,
112, 0.00000000e+00,
113, 0.00000000e+00,
114, 0.00000000e+00,
115, 0.00000000e+00,
116, 0.00000000e+00,
117, 0.00000000e+00,
118, 0.00000000e+00,
119, 0.00000000e+00,
120, 0.00000000e+00,
121, 0.00000000e+00,
122, 0.00000000e+00,
123, 0.00000000e+00,
124, 0.00000000e+00,
125, 0.00000000e+00,
126, 0.00000000e+00,
127, 0.00000000e+00,
128, 0.00000000e+00,
129, 0.00000000e+00,
130, 0.00000000e+00,
131, 0.00000000e+00,
132, 0.00000000e+00,
133, 0.00000000e+00,
134, 0.00000000e+00,
135, 0.00000000e+00,
136, 0.00000000e+00,
137, 0.00000000e+00,
138, 0.00000000e+00,
139, 0.00000000e+00,
140, 0.00000000e+00,
141, 0.00000000e+00,
142, 0.00000000e+00,
143, 0.00000000e+00,
144, 0.00000000e+00,
145, 0.00000000e+00,
146, 0.00000000e+00,
147, 0.00000000e+00,
148, 0.00000000e+00,
149, 0.00000000e+00,
150, 0.00000000e+00,
151, 0.00000000e+00,
152, 0.00000000e+00,
153, 0.00000000e+00,
154, 0.00000000e+00,
155, 0.00000000e+00,
156, 0.00000000e+00,
157, 0.00000000e+00,
158, 0.00000000e+00,
159, 0.00000000e+00,
160, 0.00000000e+00,
161, 0.00000000e+00,
162, 0.00000000e+00,
163, 0.00000000e+00,
164, 0.00000000e+00,
165, 0.00000000e+00,
166, 0.00000000e+00,
167, 0.00000000e+00,
168, 0.00000000e+00,
169, 0.00000000e+00,
170, 0.00000000e+00,
171, 0.00000000e+00,
172, 0.00000000e+00,
173, 0.00000000e+00,
174, 0.00000000e+00,
175, 0.00000000e+00,
176, 0.00000000e+00,
177, 0.00000000e+00,
178, 0.00000000e+00,
179, 0.00000000e+00,
180, 0.00000000e+00,
181, 0.00000000e+00,
182, 0.00000000e+00,
183, 0.00000000e+00,
184, 0.00000000e+00,
185, 0.00000000e+00,
186, 0.00000000e+00,
187, 0.00000000e+00,
188, 0.00000000e+00,
189, 0.00000000e+00,
190, 0.00000000e+00,
191, 0.00000000e+00,
192, 0.00000000e+00,
193, 0.00000000e+00,
194, 0.00000000e+00,
195, 0.00000000e+00,
196, 0.00000000e+00,
197, 0.00000000e+00,
198, 0.00000000e+00,
199, 0.00000000e+00,
200, 0.00000000e+00,
201, 0.00000000e+00,
202, 0.00000000e+00,
203, 0.00000000e+00,
204, 0.00000000e+00,
205, 0.00000000e+00,
206, 0.00000000e+00,
207, 0.00000000e+00,
208, 0.00000000e+00,
209, 0.00000000e+00,
210, 0.00000000e+00,
211, 0.00000000e+00,
212, 0.00000000e+00,
213, 0.00000000e+00,
214, 0.00000000e+00,
215, 0.00000000e+00,
216, 0.00000000e+00,
217, 0.00000000e+00,
218, 0.00000000e+00,
219, 0.00000000e+00,
220, 0.00000000e+00,
221, 0.00000000e+00,
222, 0.00000000e+00,
223, 0.00000000e+00,
224, 0.00000000e+00,
225, 0.00000000e+00,
226, 0.00000000e+00,
227, 0.00000000e+00,
228, 0.00000000e+00,
229, 0.00000000e+00,
230, 0.00000000e+00,
231, 0.00000000e+00,
232, 0.00000000e+00,
233, 0.00000000e+00,
234, 0.00000000e+00,
235, 0.00000000e+00,
236, 0.00000000e+00,
237, 0.00000000e+00,
238, 0.00000000e+00,
239, 0.00000000e+00,
240, 0.00000000e+00,
241, 0.00000000e+00,
242, 0.00000000e+00,
243, 0.00000000e+00,
244, 0.00000000e+00,
245, 0.00000000e+00,
246, 0.00000000e+00,
247, 0.00000000e+00,
248, 0.00000000e+00,
249, 0.00000000e+00,
250, 0.00000000e+00,
251, 0.00000000e+00,
252, 0.00000000e+00,
253, 0.00000000e+00,
254, 0.00000000e+00,
255, 0.00000000e+00,
256, 0.00000000e+00,
257, 0.00000000e+00,
258, 0.00000000e+00,
259, 0.00000000e+00,
260, 0.00000000e+00,
261, 0.00000000e+00,
262, 0.00000000e+00,
263, 0.00000000e+00,
264, 0.00000000e+00,
265, 0.00000000e+00,
266, 0.00000000e+00,
267, 0.00000000e+00,
268, 0.00000000e+00,
269, 0.00000000e+00,
270, 0.00000000e+00,
271, 0.00000000e+00,
272, 0.00000000e+00,
273, 0.00000000e+00,
274, 0.00000000e+00,
275, 0.00000000e+00,
276, 0.00000000e+00,
277, 0.00000000e+00,
278, 0.00000000e+00,
279, 0.00000000e+00,
280, 0.00000000e+00,
281, 0.00000000e+00,
282, 0.00000000e+00,
283, 0.00000000e+00,
284, 0.00000000e+00,
285, 0.00000000e+00,
286, 0.00000000e+00,
287, 0.00000000e+00,
288, 0.00000000e+00,
289, 0.00000000e+00,
290, 0.00000000e+00,
291, 0.00000000e+00,
292, 0.00000000e+00,
293, 0.00000000e+00,
294, 0.00000000e+00,
295, 0.00000000e+00,
296, 0.00000000e+00,
297, 0.00000000e+00,
298, 0.00000000e+00,
299, 0.00000000e+00,
300, 0.00000000e+00,
301, 0.00000000e+00,
302, 0.00000000e+00,
303, 0.00000000e+00,
304, 0.00000000e+00,
305, 0.00000000e+00,
306, 0.00000000e+00,
307, 0.00000000e+00,
308, 0.00000000e+00,
309, 0.00000000e+00,
310, 0.00000000e+00,
311, 0.00000000e+00,
312, 0.00000000e+00,
313, 0.00000000e+00,
314, 0.00000000e+00,
315, 0.00000000e+00,
316, 0.00000000e+00,
317, 0.00000000e+00,
318, 0.00000000e+00,
319, 0.00000000e+00,
320, 0.00000000e+00,
321, 0.00000000e+00,
322, 0.00000000e+00,
323, 0.00000000e+00,
324, 0.00000000e+00,
325, 0.00000000e+00,
326, 0.00000000e+00,
327, 0.00000000e+00,
328, 0.00000000e+00,
329, 0.00000000e+00,
330, 0.00000000e+00,
331, 0.00000000e+00,
332, 0.00000000e+00,
333, 0.00000000e+00,
334, 0.00000000e+00,
335, 0.00000000e+00,
336, 0.00000000e+00,
337, 0.00000000e+00,
338, 0.00000000e+00,
339, 0.00000000e+00,
340, 0.00000000e+00,
341, 0.00000000e+00,
342, 0.00000000e+00,
343, 0.00000000e+00,
344, 0.00000000e+00,
345, 0.00000000e+00,
346, 0.00000000e+00,
347, 0.00000000e+00,
348, 0.00000000e+00,
349, 0.00000000e+00,
350, 0.00000000e+00,
351, 0.00000000e+00,
352, 0.00000000e+00,
353, 0.00000000e+00,
354, 0.00000000e+00,
355, 0.00000000e+00,
356, 0.00000000e+00,
357, 0.00000000e+00,
358, 0.00000000e+00,
359, 0.00000000e+00,
360, 0.00000000e+00,
361, 0.00000000e+00,
362, 0.00000000e+00,
363, 0.00000000e+00,
364, 0.00000000e+00,
365, 0.00000000e+00,
366, 0.00000000e+00,
367, 0.00000000e+00,
368, 0.00000000e+00,
369, 0.00000000e+00,
370, 0.00000000e+00,
371, 0.00000000e+00,
372, 0.00000000e+00,
373, 0.00000000e+00,
374, 0.00000000e+00,
375, 0.00000000e+00,
376, 0.00000000e+00,
377, 0.00000000e+00,
378, 0.00000000e+00,
379, 0.00000000e+00,
380, 0.00000000e+00,
381, 0.00000000e+00,
382, 0.00000000e+00,
383, 0.00000000e+00,
384, 0.00000000e+00,
385, 0.00000000e+00,
386, 0.00000000e+00,
387, 0.00000000e+00,
388, 0.00000000e+00,
389, 0.00000000e+00,
390, 0.00000000e+00,
391, 0.00000000e+00,
392, 0.00000000e+00,
393, 0.00000000e+00,
394, 0.00000000e+00,
395, 0.00000000e+00,
396, 0.00000000e+00,
397, 0.00000000e+00,
398, 0.00000000e+00,
399, 0.00000000e+00,
400, 0.00000000e+00,
401, 0.00000000e+00,
402, 0.00000000e+00,
403, 0.00000000e+00,
404, 0.00000000e+00,
405, 0.00000000e+00,
406, 0.00000000e+00,
407, 0.00000000e+00,
408, 0.00000000e+00,
409, 0.00000000e+00,
410, 0.00000000e+00,
411, 0.00000000e+00,
412, 0.00000000e+00,
413, 0.00000000e+00,
414, 0.00000000e+00,
415, 0.00000000e+00,
416, 0.00000000e+00,
417, 0.00000000e+00,
418, 0.00000000e+00,
419, 0.00000000e+00,
420, 0.00000000e+00,
421, 0.00000000e+00,
422, 0.00000000e+00,
423, 0.00000000e+00,
424, 0.00000000e+00,
425, 0.00000000e+00,
426, 0.00000000e+00,
427, 0.00000000e+00,
428, 0.00000000e+00,
429, 0.00000000e+00,
430, 0.00000000e+00,
431, 0.00000000e+00,
432, 0.00000000e+00,
433, 0.00000000e+00,
434, 0.00000000e+00,
435, 0.00000000e+00,
436, 0.00000000e+00,
437, 0.00000000e+00,
438, 0.00000000e+00,
439, 0.00000000e+00,
440, 0.00000000e+00,
441, 0.00000000e+00,
442, 0.00000000e+00,
443, 0.00000000e+00,
444, 0.00000000e+00,
445, 0.00000000e+00,
446, 0.00000000e+00,
447, 0.00000000e+00,
448, 0.00000000e+00,
449, 0.00000000e+00,
450, 0.00000000e+00,
451, 0.00000000e+00,
452, 0.00000000e+00,
453, 0.00000000e+00,
454, 0.00000000e+00,
455, 0.00000000e+00,
456, 0.00000000e+00,
457, 0.00000000e+00,
458, 0.00000000e+00,
459, 0.00000000e+00,
460, 0.00000000e+00,
461, 0.00000000e+00,
462, 0.00000000e+00,
463, 0.00000000e+00,
464, 0.00000000e+00,
465, 0.00000000e+00,
466, 0.00000000e+00,
467, 0.00000000e+00,
468, 0.00000000e+00,
469, 0.00000000e+00,
470, 0.00000000e+00,
471, 0.00000000e+00,
472, 0.00000000e+00,
473, 0.00000000e+00,
474, 0.00000000e+00,
475, 0.00000000e+00,
476, 0.00000000e+00,
477, 0.00000000e+00,
478, 0.00000000e+00,
479, 0.00000000e+00,
480, 0.00000000e+00,
481, 0.00000000e+00,
482, 0.00000000e+00,
483, 0.00000000e+00,
484, 0.00000000e+00,
485, 0.00000000e+00,
486, 0.00000000e+00,
487, 0.00000000e+00,
488, 0.00000000e+00,
489, 0.00000000e+00,
490, 0.00000000e+00,
491, 0.00000000e+00,
492, 0.00000000e+00,
493, 0.00000000e+00,
501, 0.00000000e+00,
502, 0.00000000e+00,
503, 0.00000000e+00,
504, 0.00000000e+00,
505, 0.00000000e+00,
506, 0.00000000e+00,
507, 0.00000000e+00,
508, 0.00000000e+00,
509, 0.00000000e+00,
510, 0.00000000e+00,
511, 0.00000000e+00,
512, 0.00000000e+00,
513, 0.00000000e+00,
514, 0.00000000e+00,
515, 0.00000000e+00,
516, 0.00000000e+00,
517, 0.00000000e+00,
518, 0.00000000e+00,
519, 0.00000000e+00,
520, 0.00000000e+00,
521, 0.00000000e+00,
522, 0.00000000e+00,
523, 0.00000000e+00,
524, 0.00000000e+00,
525, 0.00000000e+00,
526, 0.00000000e+00,
527, 0.00000000e+00,
528, 0.00000000e+00,
529, 0.00000000e+00,
530, 0.00000000e+00,
531, 0.00000000e+00,
532, 0.00000000e+00,
533, 0.00000000e+00,
534, 0.00000000e+00,
535, 0.00000000e+00,
536, 0.00000000e+00,
537, 0.00000000e+00,
538, 0.00000000e+00,
539, 0.00000000e+00,
540, 0.00000000e+00,
541, 0.00000000e+00,
542, 0.00000000e+00,
543, 0.00000000e+00,
544, 0.00000000e+00,
545, 0.00000000e+00,
546, 0.00000000e+00,
547, 0.00000000e+00,
548, 0.00000000e+00,
549, 0.00000000e+00,
550, 0.00000000e+00,
551, 0.00000000e+00,
552, 0.00000000e+00,
553, 0.00000000e+00,
554, 0.00000000e+00,
555, 0.00000000e+00,
556, 0.00000000e+00,
557, 0.00000000e+00,
558, 0.00000000e+00,
559, 0.00000000e+00,
560, 0.00000000e+00,
561, 0.00000000e+00,
562, 0.00000000e+00,
563, 0.00000000e+00,
564, 0.00000000e+00,
565, 0.00000000e+00,
566, 0.00000000e+00,
567, 0.00000000e+00,
568, 0.00000000e+00,
569, 0.00000000e+00,
570, 0.00000000e+00,
571, 0.00000000e+00,
572, 0.00000000e+00,
573, 0.00000000e+00,
574, 0.00000000e+00,
575, 0.00000000e+00,
576, 0.00000000e+00,
577, 0.00000000e+00,
578, 0.00000000e+00,
579, 0.00000000e+00,
580, 0.00000000e+00,
581, 0.00000000e+00,
582, 0.00000000e+00,
583, 0.00000000e+00,
584, 0.00000000e+00,
585, 0.00000000e+00,
586, 0.00000000e+00,
587, 0.00000000e+00,
588, 0.00000000e+00,
589, 0.00000000e+00,
590, 0.00000000e+00,
591, 0.00000000e+00,
592, 0.00000000e+00,
593, 0.00000000e+00,
594, 0.00000000e+00,
595, 0.00000000e+00,
596, 0.00000000e+00,
597, 0.00000000e+00,
598, 0.00000000e+00,
599, 0.00000000e+00,
600, 0.00000000e+00,
601, 0.00000000e+00,
602, 0.00000000e+00,
603, 0.00000000e+00,
604, 0.00000000e+00,
605, 0.00000000e+00,
606, 0.00000000e+00,
607, 0.00000000e+00,
608, 0.00000000e+00,
609, 0.00000000e+00,
610, 0.00000000e+00,
611, 0.00000000e+00,
612, 0.00000000e+00,
613, 0.00000000e+00,
614, 0.00000000e+00,
615, 0.00000000e+00,
616, 0.00000000e+00,
617, 0.00000000e+00,
618, 0.00000000e+00,
619, 0.00000000e+00,
620, 0.00000000e+00,
621, 0.00000000e+00,
622, 0.00000000e+00,
623, 0.00000000e+00,
624, 0.00000000e+00,
625, 0.00000000e+00,
626, 0.00000000e+00,
627, 0.00000000e+00,
628, 0.00000000e+00,
629, 0.00000000e+00,
630, 0.00000000e+00,
631, 0.00000000e+00,
632, 0.00000000e+00,
633, 0.00000000e+00,
634, 0.00000000e+00,
635, 0.00000000e+00,
636, 0.00000000e+00,
637, 0.00000000e+00,
638, 0.00000000e+00,
639, 0.00000000e+00,
640, 0.00000000e+00,
641, 0.00000000e+00,
642, 0.00000000e+00,
643, 0.00000000e+00,
644, 0.00000000e+00,
645, 0.00000000e+00,
646, 0.00000000e+00,
647, 0.00000000e+00,
648, 0.00000000e+00,
649, 0.00000000e+00,
650, 0.00000000e+00,
651, 0.00000000e+00,
652, 0.00000000e+00,
653, 0.00000000e+00,
654, 0.00000000e+00,
655, 0.00000000e+00,
656, 0.00000000e+00,
657, 0.00000000e+00,
658, 0.00000000e+00,
659, 0.00000000e+00,
660, 0.00000000e+00,
661, 0.00000000e+00,
662, 0.00000000e+00,
663, 0.00000000e+00,
664, 0.00000000e+00,
665, 0.00000000e+00,
666, 0.00000000e+00,
667, 0.00000000e+00,
668, 0.00000000e+00,
669, 0.00000000e+00,
670, 0.00000000e+00,
671, 0.00000000e+00,
672, 0.00000000e+00,
673, 0.00000000e+00,
674, 0.00000000e+00,
675, 0.00000000e+00,
676, 0.00000000e+00,
677, 0.00000000e+00,
678, 0.00000000e+00,
679, 0.00000000e+00,
680, 0.00000000e+00,
681, 0.00000000e+00,
682, 0.00000000e+00,
683, 0.00000000e+00,
684, 0.00000000e+00,
685, 0.00000000e+00,
686, 0.00000000e+00,
687, 0.00000000e+00,
688, 0.00000000e+00,
689, 0.00000000e+00,
690, 0.00000000e+00,
691, 0.00000000e+00,
692, 0.00000000e+00,
693, 0.00000000e+00,
694, 0.00000000e+00,
695, 0.00000000e+00,
696, 0.00000000e+00,
697, 0.00000000e+00,
698, 0.00000000e+00,
699, 0.00000000e+00,
700, 0.00000000e+00,
701, 0.00000000e+00,
702, 0.00000000e+00,
703, 0.00000000e+00,
704, 0.00000000e+00,
705, 0.00000000e+00,
706, 0.00000000e+00,
707, 0.00000000e+00,
708, 0.00000000e+00,
709, 0.00000000e+00,
710, 0.00000000e+00,
711, 0.00000000e+00,
712, 0.00000000e+00,
713, 0.00000000e+00,
714, 0.00000000e+00,
715, 0.00000000e+00,
716, 0.00000000e+00,
717, 0.00000000e+00,
718, 0.00000000e+00,
719, 0.00000000e+00,
720, 0.00000000e+00,
721, 0.00000000e+00,
722, 0.00000000e+00,
723, 0.00000000e+00,
724, 0.00000000e+00,
725, 0.00000000e+00,
726, 0.00000000e+00,
727, 0.00000000e+00,
728, 0.00000000e+00,
729, 0.00000000e+00,
730, 0.00000000e+00,
731, 0.00000000e+00,
732, 0.00000000e+00,
733, 0.00000000e+00,
734, 0.00000000e+00,
735, 0.00000000e+00,
736, 0.00000000e+00,
737, 0.00000000e+00,
738, 0.00000000e+00,
739, 0.00000000e+00,
740, 0.00000000e+00,
741, 0.00000000e+00,
742, 0.00000000e+00,
743, 0.00000000e+00,
744, 0.00000000e+00,
745, 0.00000000e+00,
746, 0.00000000e+00,
747, 0.00000000e+00,
748, 0.00000000e+00,
749, 0.00000000e+00,
750, 0.00000000e+00,
751, 0.00000000e+00,
752, 0.00000000e+00,
753, 0.00000000e+00,
754, 0.00000000e+00,
755, 0.00000000e+00,
756, 0.00000000e+00,
757, 0.00000000e+00,
758, 0.00000000e+00,
759, 0.00000000e+00,
760, 0.00000000e+00,
761, 0.00000000e+00,
762, 0.00000000e+00,
763, 0.00000000e+00,
764, 0.00000000e+00,
765, 0.00000000e+00,
766, 0.00000000e+00,
767, 0.00000000e+00,
768, 0.00000000e+00,
769, 0.00000000e+00,
770, 0.00000000e+00,
771, 0.00000000e+00,
772, 0.00000000e+00,
773, 0.00000000e+00,
774, 0.00000000e+00,
775, 0.00000000e+00,
776, 0.00000000e+00,
777, 0.00000000e+00,
778, 0.00000000e+00,
779, 0.00000000e+00,
780, 0.00000000e+00,
781, 0.00000000e+00,
782, 0.00000000e+00,
783, 0.00000000e+00,
784, 0.00000000e+00,
785, 0.00000000e+00,
786, 0.00000000e+00,
787, 0.00000000e+00,
788, 0.00000000e+00,
789, 0.00000000e+00,
790, 0.00000000e+00,
791, 0.00000000e+00,
792, 0.00000000e+00,
793, 0.00000000e+00,
794, 0.00000000e+00,
795, 0.00000000e+00,
796, 0.00000000e+00,
797, 0.00000000e+00,
798, 0.00000000e+00,
799, 0.00000000e+00,
800, 0.00000000e+00,
801, 0.00000000e+00,
802, 0.00000000e+00,
803, 0.00000000e+00,
804, 0.00000000e+00,
805, 0.00000000e+00,
806, 0.00000000e+00,
807, 0.00000000e+00,
808, 0.00000000e+00,
809, 0.00000000e+00,
810, 0.00000000e+00,
811, 0.00000000e+00,
812, 0.00000000e+00,
813, 0.00000000e+00,
814, 0.00000000e+00,
815, 0.00000000e+00,
816, 0.00000000e+00,
817, 0.00000000e+00,
818, 0.00000000e+00,
819, 0.00000000e+00,
820, 0.00000000e+00,
821, 0.00000000e+00,
822, 0.00000000e+00,
823, 0.00000000e+00,
824, 0.00000000e+00,
825, 0.00000000e+00,
826, 0.00000000e+00,
827, 0.00000000e+00,
828, 0.00000000e+00,
829, 0.00000000e+00,
830, 0.00000000e+00,
831, 0.00000000e+00,
832, 0.00000000e+00,
833, 0.00000000e+00,
834, 0.00000000e+00,
835, 0.00000000e+00,
836, 0.00000000e+00,
837, 0.00000000e+00,
838, 0.00000000e+00,
839, 0.00000000e+00,
840, 0.00000000e+00,
841, 0.00000000e+00,
842, 0.00000000e+00,
843, 0.00000000e+00,
844, 0.00000000e+00,
845, 0.00000000e+00,
846, 0.00000000e+00,
847, 0.00000000e+00,
848, 0.00000000e+00,
849, 0.00000000e+00,
850, 0.00000000e+00,
851, 0.00000000e+00,
852, 0.00000000e+00,
853, 0.00000000e+00,
854, 0.00000000e+00,
855, 0.00000000e+00,
856, 0.00000000e+00,
857, 0.00000000e+00,
858, 0.00000000e+00,
859, 0.00000000e+00,
860, 0.00000000e+00,
861, 0.00000000e+00,
862, 0.00000000e+00,
863, 0.00000000e+00,
864, 0.00000000e+00,
865, 0.00000000e+00,
866, 0.00000000e+00,
867, 0.00000000e+00,
868, 0.00000000e+00,
869, 0.00000000e+00,
870, 0.00000000e+00,
871, 0.00000000e+00,
872, 0.00000000e+00,
873, 0.00000000e+00,
874, 0.00000000e+00,
875, 0.00000000e+00,
876, 0.00000000e+00,
877, 0.00000000e+00,
878, 0.00000000e+00,
879, 0.00000000e+00,
880, 0.00000000e+00,
881, 0.00000000e+00,
882, 0.00000000e+00,
883, 0.00000000e+00,
884, 0.00000000e+00,
885, 0.00000000e+00,
886, 0.00000000e+00,
887, 0.00000000e+00,
888, 0.00000000e+00,
889, 0.00000000e+00,
890, 0.00000000e+00,
891, 0.00000000e+00,
892, 0.00000000e+00,
893, 0.00000000e+00,
894, 0.00000000e+00,
895, 0.00000000e+00,
896, 0.00000000e+00,
897, 0.00000000e+00,
898, 0.00000000e+00,
899, 0.00000000e+00,
900, 0.00000000e+00,
901, 0.00000000e+00,
902, 0.00000000e+00,
903, 0.00000000e+00,
904, 0.00000000e+00,
905, 0.00000000e+00,
906, 0.00000000e+00,
907, 0.00000000e+00,
908, 0.00000000e+00,
909, 0.00000000e+00,
910, 0.00000000e+00,
911, 0.00000000e+00,
912, 0.00000000e+00,
913, 0.00000000e+00,
914, 0.00000000e+00,
915, 0.00000000e+00,
916, 0.00000000e+00,
917, 0.00000000e+00,
918, 0.00000000e+00,
919, 0.00000000e+00,
920, 0.00000000e+00,
921, 0.00000000e+00,
922, 0.00000000e+00,
923, 0.00000000e+00,
924, 0.00000000e+00,
925, 0.00000000e+00,
926, 0.00000000e+00,
927, 0.00000000e+00,
928, 0.00000000e+00,
929, 0.00000000e+00,
930, 0.00000000e+00,
931, 0.00000000e+00,
932, 0.00000000e+00,
933, 0.00000000e+00,
934, 0.00000000e+00,
935, 0.00000000e+00,
936, 0.00000000e+00,
937, 0.00000000e+00,
938, 0.00000000e+00,
939, 0.00000000e+00,
940, 0.00000000e+00,
941, 0.00000000e+00,
942, 0.00000000e+00,
943, 0.00000000e+00,
944, 0.00000000e+00,
945, 0.00000000e+00,
946, 0.00000000e+00,
947, 0.00000000e+00,
948, 0.00000000e+00,
949, 0.00000000e+00,
950, 0.00000000e+00,
951, 0.00000000e+00,
952, 0.00000000e+00,
953, 0.00000000e+00,
954, 0.00000000e+00,
955, 0.00000000e+00,
956, 0.00000000e+00,
957, 0.00000000e+00,
958, 0.00000000e+00,
959, 0.00000000e+00,
960, 0.00000000e+00,
961, 0.00000000e+00,
962, 0.00000000e+00,
963, 0.00000000e+00,
964, 0.00000000e+00,
965, 0.00000000e+00,
966, 0.00000000e+00,
967, 0.00000000e+00,
968, 0.00000000e+00,
969, 0.00000000e+00,
970, 0.00000000e+00,
971, 0.00000000e+00,
972, 0.00000000e+00,
-1,0.,
1,80014,1,
MODE_001_UMAG_27532.7Hz
0.,-1.,0.,
80014,0,0,0,0,0,0,0,0,0,
0,0,0,0,0,0,0,0,0,0,
0,0,3,7,
0,1,1,
1, 3.00797852e-01,
2, 3.02570143e-01,
3, 1.67461460e-01,
4, 1.60741938e-01,
5, 4.58318262e-02,
6, 8.74334797e-06,
7, 2.99442121e-01,
8, 3.00118773e-01,
9, 3.03888660e-01,
10, 3.01525803e-01,
11, 2.49880860e-01,
12, 2.53843853e-01,
13, 2.36028381e-01,
14, 2.79931317e-01,
15, 3.00363339e-01,
16, 2.84312890e-01,
17, 3.02988443e-01,
18, 3.01195922e-01,
19, 3.03061169e-01,
20, 3.00768767e-01,
21, 3.00810735e-01,
22, 3.00787299e-01,
23, 3.00306402e-01,
24, 2.98944330e-01,
25, 2.97257283e-01,
26, 2.96662272e-01,
27, 2.96988372e-01,
28, 2.98421531e-01,
29, 3.00708948e-01,
30, 3.02297971e-01,
31, 3.02802156e-01,
32, 3.02802463e-01,
33, 3.02715302e-01,
34, 3.02664079e-01,
35, 3.02663371e-01,
36, 3.02689518e-01,
37, 3.02735842e-01,
38, 3.02786021e-01,
39, 3.02769993e-01,
40, 3.02834767e-01,
41, 3.02857605e-01,
42, 3.02749122e-01,
43, 3.02716343e-01,
44, 3.02643278e-01,
45, 3.02715225e-01,
46, 3.02721613e-01,
47, 3.02697753e-01,
48, 1.67347503e-01,
49, 1.67043927e-01,
50, 1.66437728e-01,
51, 1.65470331e-01,
52, 1.63819327e-01,
53, 1.63413932e-01,
54, 1.62454106e-01,
55, 1.61289845e-01,
56, 9.40740163e-03,
57, 6.18360679e-03,
58, 2.37386044e-03,
59, 7.06207997e-02,
60, 1.02474645e-01,
61, 1.35403861e-01,
62, 1.27219624e-01,
63, 8.97402031e-02,
64, 4.60059474e-02,
65, 2.99196891e-01,
66, 3.00787625e-01,
67, 3.01715485e-01,
68, 2.39673785e-01,
69, 2.33172924e-01,
70, 2.49441342e-01,
71, 2.64529567e-01,
72, 2.99819787e-01,
73, 2.99658686e-01,
74, 2.99446931e-01,
75, 3.02145644e-01,
76, 3.03676674e-01,
77, 3.03096240e-01,
78, 3.02911835e-01,
79, 2.83320413e-01,
80, 2.82463935e-01,
81, 2.78778854e-01,
82, 2.70292865e-01,
83, 2.55387965e-01,
84, 2.60236618e-01,
85, 2.64330454e-01,
86, 2.68148857e-01,
87, 2.71528035e-01,
88, 2.74587199e-01,
89, 2.77370298e-01,
90, 2.80102811e-01,
91, 2.82605122e-01,
92, 2.85113118e-01,
93, 2.87370080e-01,
94, 2.89579167e-01,
95, 2.91847846e-01,
96, 2.93878658e-01,
97, 2.95395739e-01,
98, 2.96786533e-01,
99, 2.98082265e-01,
100, 2.99329871e-01,
101, 3.00470375e-01,
102, 3.01381287e-01,
103, 3.01881232e-01,
104, 3.03013206e-01,
105, 3.03129300e-01,
106, 3.03077999e-01,
107, 3.03061144e-01,
108, 3.02944870e-01,
109, 3.02660523e-01,
110, 3.02331886e-01,
111, 3.01473193e-01,
112, 3.00519681e-01,
113, 2.99740420e-01,
114, 2.98688409e-01,
115, 2.97581089e-01,
116, 2.96426580e-01,
117, 2.95199909e-01,
118, 2.93809293e-01,
119, 2.92513610e-01,
120, 2.90883917e-01,
121, 2.89542987e-01,
122, 2.88006443e-01,
123, 2.86609499e-01,
124, 2.85336571e-01,
125, 3.01713508e-01,
126, 3.01953566e-01,
127, 3.01896181e-01,
128, 3.01167080e-01,
129, 2.99840973e-01,
130, 2.97081332e-01,
131, 2.92075354e-01,
132, 2.84770714e-01,
133, 2.74892813e-01,
134, 2.62454657e-01,
135, 2.47622054e-01,
136, 2.30429575e-01,
137, 2.11986329e-01,
138, 1.90606220e-01,
139, 3.03918310e-01,
140, 3.04401718e-01,
141, 3.04673687e-01,
142, 3.04640503e-01,
143, 3.03396018e-01,
144, 3.01117065e-01,
145, 2.97347866e-01,
146, 2.92040528e-01,
147, 2.84185848e-01,
148, 2.60051194e-01,
149, 2.33525261e-01,
150, 2.19896126e-01,
151, 2.03282866e-01,
152, 1.83048936e-01,
153, 3.01214961e-01,
154, 3.01272747e-01,
155, 3.01331161e-01,
156, 3.01121793e-01,
157, 3.00373416e-01,
158, 2.98842082e-01,
159, 2.97625055e-01,
160, 2.97547389e-01,
161, 2.97888101e-01,
162, 2.99274889e-01,
163, 3.01370627e-01,
164, 3.02809197e-01,
165, 3.03312603e-01,
166, 3.03328465e-01,
167, 3.03223042e-01,
168, 3.03139258e-01,
169, 3.03117958e-01,
170, 3.03126033e-01,
171, 3.03157248e-01,
172, 3.03205684e-01,
173, 3.03255108e-01,
174, 3.03257100e-01,
175, 3.03310675e-01,
176, 3.03376379e-01,
177, 3.03270987e-01,
178, 3.03224500e-01,
179, 3.03147529e-01,
180, 3.03152650e-01,
181, 3.03238664e-01,
182, 3.03179716e-01,
183, 3.03170085e-01,
184, 3.04162821e-01,
185, 3.03779864e-01,
186, 3.03730857e-01,
187, 3.04159750e-01,
188, 2.94341169e-01,
189, 2.95976233e-01,
190, 2.51814858e-01,
191, 1.92174673e-01,
192, 1.75707658e-01,
193, 1.92123875e-01,
194, 3.01985764e-01,
195, 3.01882197e-01,
196, 3.01646842e-01,
197, 2.98787622e-01,
198, 2.99543021e-01,
199, 2.98023894e-01,
200, 3.02634490e-01,
201, 3.03055255e-01,
202, 3.00459415e-01,
203, 2.91060257e-01,
204, 1.84447933e-01,
205, 1.98816759e-01,
206, 1.79426515e-01,
207, 2.63557602e-01,
208, 2.68465969e-01,
209, 2.54740053e-01,
210, 2.54692534e-01,
211, 2.86799759e-01,
212, 2.83301198e-01,
213, 2.78611832e-01,
214, 2.75017327e-01,
215, 3.02287782e-01,
216, 3.04409392e-01,
217, 3.03872577e-01,
218, 3.04056899e-01,
219, 3.02217593e-01,
220, 3.00076749e-01,
221, 3.00098110e-01,
222, 2.98150536e-01,
223, 2.97535056e-01,
224, 3.03971624e-01,
225, 3.03970575e-01,
226, 2.93539846e-01,
227, 2.89566978e-01,
228, 3.04856161e-01,
229, 3.04306484e-01,
230, 3.03718295e-01,
231, 3.04030613e-01,
232, 3.04094703e-01,
233, 3.04259719e-01,
234, 2.70392216e-01,
235, 2.77312968e-01,
236, 3.04753432e-01,
237, 3.04298106e-01,
238, 3.04834410e-01,
239, 3.04503363e-01,
240, 3.04418588e-01,
241, 3.04718817e-01,
242, 2.98398124e-01,
243, 3.04317201e-01,
244, 3.03891603e-01,
245, 3.04143655e-01,
246, 3.03947964e-01,
247, 3.03992896e-01,
248, 3.03689207e-01,
249, 3.04232332e-01,
250, 3.03753008e-01,
251, 3.04302521e-01,
252, 3.04624898e-01,
253, 3.04569766e-01,
254, 3.04764732e-01,
255, 3.04570781e-01,
256, 3.04114245e-01,
257, 2.25337501e-01,
258, 2.01608498e-01,
259, 2.18165201e-01,
260, 2.03960776e-01,
261, 3.02074771e-01,
262, 3.02024708e-01,
263, 3.01794399e-01,
264, 3.01639277e-01,
265, 3.00961874e-01,
266, 2.18639062e-01,
267, 1.77993712e-01,
268, 2.08141438e-01,
269, 2.06277539e-01,
270, 3.01173634e-01,
271, 3.01058900e-01,
272, 3.01738337e-01,
273, 3.04681065e-01,
274, 3.01705144e-01,
275, 2.42079105e-01,
276, 2.42957752e-01,
277, 3.04363196e-01,
278, 3.04460917e-01,
279, 3.04552409e-01,
280, 3.03832761e-01,
281, 3.03606804e-01,
282, 3.04069856e-01,
283, 3.04280338e-01,
284, 3.00630436e-01,
285, 3.01664163e-01,
286, 3.00675459e-01,
287, 3.00119676e-01,
288, 3.01010495e-01,
289, 3.02410869e-01,
290, 3.02103769e-01,
291, 3.01978882e-01,
292, 3.01762237e-01,
293, 3.03247312e-01,
294, 2.16288784e-01,
295, 2.28378166e-01,
296, 2.21501286e-01,
297, 3.04224771e-01,
298, 2.94859219e-01,
299, 2.99003954e-01,
300, 2.54727386e-01,
301, 2.48008012e-01,
302, 2.57861332e-01,
303, 2.46567665e-01,
304, 2.60796166e-01,
305, 2.33274795e-01,
306, 2.36625945e-01,
307, 2.70056341e-01,
308, 2.93978394e-01,
309, 1.83171070e-01,
310, 3.04109840e-01,
311, 3.03810182e-01,
312, 3.03723548e-01,
313, 3.03700214e-01,
314, 3.04744740e-01,
315, 1.84479780e-01,
316, 2.06867775e-01,
317, 3.04545413e-01,
318, 3.03998726e-01,
319, 2.79002237e-01,
320, 2.66390937e-01,
321, 3.04128153e-01,
322, 3.03726206e-01,
323, 3.03909041e-01,
324, 3.04513052e-01,
325, 3.03821526e-01,
326, 2.93450501e-01,
327, 2.87084078e-01,
328, 2.88194765e-01,
329, 3.04021785e-01,
330, 2.36934097e-01,
331, 2.43717646e-01,
332, 3.03623733e-01,
333, 3.04127423e-01,
334, 3.04240466e-01,
335, 3.04310529e-01,
336, 3.04605749e-01,
337, 3.01922828e-01,
338, 3.02041950e-01,
339, 3.04714553e-01,
340, 3.02033567e-01,
341, 3.04838461e-01,
342, 3.01834041e-01,
343, 2.82630223e-01,
344, 3.04592817e-01,
345, 3.04874344e-01,
346, 2.36173702e-01,
347, 3.04130231e-01,
348, 2.27438336e-01,
349, 3.04782725e-01,
350, 3.04499648e-01,
351, 3.04632050e-01,
352, 3.04278280e-01,
353, 3.04653899e-01,
354, 3.04640149e-01,
355, 3.04176016e-01,
356, 3.03999822e-01,
357, 2.98628168e-01,
358, 3.04418753e-01,
359, 3.04743809e-01,
360, 2.19962008e-01,
361, 3.04893541e-01,
362, 3.04340437e-01,
363, 3.03804003e-01,
364, 3.04192674e-01,
365, 3.03904366e-01,
366, 3.04306242e-01,
367, 3.03983156e-01,
368, 3.04431743e-01,
369, 1.23664708e-01,
370, 1.41327764e-01,
371, 6.47722379e-02,
372, 5.58319830e-02,
373, 1.42196615e-01,
374, 3.02490404e-01,
375, 3.02357398e-01,
376, 3.02387561e-01,
377, 3.01955355e-01,
378, 3.00719613e-01,
379, 2.99712437e-01,
380, 3.01099119e-01,
381, 2.85549868e-01,
382, 2.88813334e-01,
383, 2.87672841e-01,
384, 3.02577171e-01,
385, 3.02444705e-01,
386, 2.83332396e-01,
387, 2.86851858e-01,
388, 3.02807900e-01,
389, 2.89904626e-01,
390, 2.90383603e-01,
391, 2.87371404e-01,
392, 2.84532775e-01,
393, 2.86453325e-01,
394, 2.82237413e-01,
395, 2.77230044e-01,
396, 2.72716989e-01,
397, 2.79264702e-01,
398, 3.01784711e-01,
399, 2.81025725e-01,
400, 2.85017660e-01,
401, 3.01621676e-01,
402, 2.85068167e-01,
403, 2.87833224e-01,
404, 2.78533251e-01,
405, 2.83294769e-01,
406, 2.87994489e-01,
407, 2.75469289e-01,
408, 2.80299399e-01,
409, 2.82039105e-01,
410, 2.90110434e-01,
411, 2.90401400e-01,
412, 2.92373118e-01,
413, 2.91820523e-01,
414, 2.92165851e-01,
415, 2.93894388e-01,
416, 2.93438064e-01,
417, 2.93724097e-01,
418, 2.95301314e-01,
419, 2.90672726e-01,
420, 2.89685189e-01,
421, 2.94967176e-01,
422, 2.95196242e-01,
423, 2.96636300e-01,
424, 3.02234643e-01,
425, 3.02602139e-01,
426, 2.96391615e-01,
427, 2.96583468e-01,
428, 2.97890378e-01,
429, 2.97709887e-01,
430, 2.97850372e-01,
431, 2.98988881e-01,
432, 2.92431452e-01,
433, 2.91593859e-01,
434, 2.98944763e-01,
435, 2.99033217e-01,
436, 3.00068395e-01,
437, 3.00029586e-01,
438, 3.00138220e-01,
439, 3.01055811e-01,
440, 3.00893929e-01,
441, 3.01039223e-01,
442, 3.01743719e-01,
443, 2.94089561e-01,
444, 2.93384083e-01,
445, 3.01549734e-01,
446, 3.01711556e-01,
447, 3.02240963e-01,
448, 3.01978196e-01,
449, 3.02183479e-01,
450, 3.02543175e-01,
451, 3.02433773e-01,
452, 2.95638495e-01,
453, 2.95078835e-01,
454, 2.73703703e-01,
455, 2.70794749e-01,
456, 2.97087409e-01,
457, 2.96654498e-01,
458, 3.00318424e-01,
459, 2.76598853e-01,
460, 2.98412098e-01,
461, 2.98011296e-01,
462, 2.79290257e-01,
463, 2.99545009e-01,
464, 2.81813086e-01,
465, 2.99148540e-01,
466, 2.96206391e-01,
467, 2.94553654e-01,
468, 3.00460466e-01,
469, 3.01171573e-01,
470, 2.92677444e-01,
471, 2.99683654e-01,
472, 2.90712486e-01,
473, 2.88675213e-01,
474, 2.86496353e-01,
475, 2.84221436e-01,
476, 3.02199910e-01,
477, 2.97611257e-01,
478, 2.98736011e-01,
479, 2.71419152e-01,
480, 2.67136201e-01,
481, 2.67172357e-01,
482, 2.61302097e-01,
483, 2.75154634e-01,
484, 2.69572931e-01,
485, 2.57636054e-01,
486, 3.02488167e-01,
487, 3.02282979e-01,
488, 3.02848623e-01,
489, 2.83422515e-01,
490, 2.79400352e-01,
491, 3.02662097e-01,
492, 3.04098702e-01,
493, 2.83733254e-01,
501, 3.00797852e-01,
502, 1.67461460e-01,
503, 4.58318262e-02,
504, 2.99442121e-01,
505, 3.00118773e-01,
506, 3.03888660e-01,
507, 3.01525803e-01,
508, 2.49880860e-01,
509, 2.53843853e-01,
510, 2.36028381e-01,
511, 2.79931317e-01,
512, 3.00363339e-01,
513, 2.84312890e-01,
514, 3.02988443e-01,
515, 3.01195922e-01,
516, 3.00768768e-01,
517, 3.00810735e-01,
518, 3.00787299e-01,
519, 3.00306402e-01,
520, 2.98944330e-01,
521, 2.97257283e-01,
522, 2.96662273e-01,
523, 2.96988372e-01,
524, 2.98421532e-01,
525, 3.00708948e-01,
526, 3.02297971e-01,
527, 3.02802156e-01,
528, 3.02802463e-01,
529, 3.02715302e-01,
530, 3.02664079e-01,
531, 3.02663371e-01,
532, 3.02689518e-01,
533, 3.02735842e-01,
534, 3.02786021e-01,
535, 3.02769993e-01,
536, 3.02834767e-01,
537, 3.02857605e-01,
538, 3.02749122e-01,
539, 3.02716343e-01,
540, 3.02643278e-01,
541, 3.02715225e-01,
542, 3.02721613e-01,
543, 3.02697753e-01,
544, 1.67347503e-01,
545, 1.67043927e-01,
546, 1.66437728e-01,
547, 1.65470331e-01,
548, 1.63819327e-01,
549, 1.63413932e-01,
550, 1.62454106e-01,
551, 1.61289845e-01,
552, 9.40740163e-03,
553, 6.18360680e-03,
554, 2.37386045e-03,
555, 7.06207997e-02,
556, 1.02474645e-01,
557, 1.35403861e-01,
558, 2.99196891e-01,
559, 3.00787625e-01,
560, 3.01715485e-01,
561, 2.39673785e-01,
562, 2.33172924e-01,
563, 2.49441342e-01,
564, 2.64529567e-01,
565, 2.99819787e-01,
566, 2.99658686e-01,
567, 2.99446931e-01,
568, 3.02145644e-01,
569, 3.03676674e-01,
570, 3.03096240e-01,
571, 3.02911835e-01,
572, 2.83320413e-01,
573, 2.82463935e-01,
574, 2.78778854e-01,
575, 2.70292865e-01,
576, 2.55387965e-01,
577, 2.60236618e-01,
578, 2.64330454e-01,
579, 2.68148857e-01,
580, 2.71528035e-01,
581, 2.74587199e-01,
582, 2.77370298e-01,
583, 2.80102811e-01,
584, 2.82605122e-01,
585, 2.85113118e-01,
586, 2.87370080e-01,
587, 2.89579167e-01,
588, 2.91847846e-01,
589, 2.93878658e-01,
590, 2.95395739e-01,
591, 2.96786533e-01,
592, 2.98082266e-01,
593, 2.99329871e-01,
594, 3.00470375e-01,
595, 3.01381287e-01,
596, 3.01881232e-01,
597, 3.03013206e-01,
598, 3.03129300e-01,
599, 3.03077999e-01,
600, 3.03061144e-01,
601, 3.02944870e-01,
602, 3.02660523e-01,
603, 3.02331886e-01,
604, 3.01473193e-01,
605, 3.00519681e-01,
606, 2.99740420e-01,
607, 2.98688409e-01,
608, 2.97581089e-01,
609, 2.96426580e-01,
610, 2.95199909e-01,
611, 2.93809293e-01,
612, 2.92513610e-01,
613, 2.90883917e-01,
614, 2.89542987e-01,
615, 2.88006443e-01,
616, 2.86609499e-01,
617, 2.85336571e-01,
618, 3.01713508e-01,
619, 3.01953566e-01,
620, 3.01896181e-01,
621, 3.01167080e-01,
622, 2.99840973e-01,
623, 2.97081332e-01,
624, 2.92075354e-01,
625, 2.84770714e-01,
626, 2.74892813e-01,
627, 2.62454657e-01,
628, 2.47622054e-01,
629, 2.30429575e-01,
630, 2.11986329e-01,
631, 1.90606220e-01,
632, 3.01214961e-01,
633, 3.01272747e-01,
634, 3.01331161e-01,
635, 3.01121793e-01,
636, 3.00373416e-01,
637, 2.98842082e-01,
638, 2.97625055e-01,
639, 2.97547389e-01,
640, 2.97888101e-01,
641, 2.99274889e-01,
642, 3.01370627e-01,
643, 3.02809197e-01,
644, 3.03312603e-01,
645, 3.03328465e-01,
646, 3.03223042e-01,
647, 3.03139258e-01,
648, 3.03117958e-01,
649, 3.03126033e-01,
650, 3.03157248e-01,
651, 3.03205684e-01,
652, 3.03255108e-01,
653, 3.03257100e-01,
654, 3.03310675e-01,
655, 3.03376379e-01,
656, 3.03270987e-01,
657, 3.03224500e-01,
658, 3.03147529e-01,
659, 3.03152650e-01,
660, 3.03238664e-01,
661, 3.03179716e-01,
662, 3.03170085e-01,
663, 3.04162821e-01,
664, 3.03779864e-01,
665, 3.03730857e-01,
666, 3.04159750e-01,
667, 2.94341169e-01,
668, 2.95976233e-01,
669, 2.51814858e-01,
670, 1.92174673e-01,
671, 1.75707658e-01,
672, 1.92123875e-01,
673, 3.01985764e-01,
674, 3.01882197e-01,
675, 3.01646842e-01,
676, 2.98787622e-01,
677, 2.99543021e-01,
678, 2.98023894e-01,
679, 3.02634490e-01,
680, 3.03055255e-01,
681, 3.00459415e-01,
682, 2.91060257e-01,
683, 1.84447933e-01,
684, 1.98816759e-01,
685, 1.79426515e-01,
686, 2.63557602e-01,
687, 2.68465969e-01,
688, 2.54740053e-01,
689, 2.54692534e-01,
690, 2.86799759e-01,
691, 2.83301198e-01,
692, 2.78611832e-01,
693, 2.75017327e-01,
694, 3.02287782e-01,
695, 3.04409392e-01,
696, 3.03872577e-01,
697, 3.04056899e-01,
698, 3.02217593e-01,
699, 3.00076749e-01,
700, 3.00098110e-01,
701, 2.98150536e-01,
702, 2.97535056e-01,
703, 3.03971624e-01,
704, 3.03970575e-01,
705, 2.93539846e-01,
706, 2.89566978e-01,
707, 3.04856161e-01,
708, 3.04306484e-01,
709, 3.03718295e-01,
710, 3.04030613e-01,
711, 3.04094703e-01,
712, 3.04259719e-01,
713, 2.70392216e-01,
714, 2.77312968e-01,
715, 3.04753432e-01,
716, 3.04298106e-01,
717, 3.04834410e-01,
718, 3.04503363e-01,
719, 3.04418588e-01,
720, 3.04718817e-01,
721, 2.98398124e-01,
722, 3.04317201e-01,
723, 3.03891603e-01,
724, 3.04143655e-01,
725, 3.03947964e-01,
726, 3.03992896e-01,
727, 3.03689207e-01,
728, 3.04232332e-01,
729, 3.03753008e-01,
730, 3.04302521e-01,
731, 3.04624898e-01,
732, 3.04569766e-01,
733, 3.04764732e-01,
734, 3.04570781e-01,
735, 3.04114245e-01,
736, 2.25337501e-01,
737, 2.01608498e-01,
738, 2.18165201e-01,
739, 2.03960776e-01,
740, 3.02074771e-01,
741, 3.02024708e-01,
742, 3.01794399e-01,
743, 3.01639277e-01,
744, 3.00961874e-01,
745, 2.18639062e-01,
746, 1.77993712e-01,
747, 2.08141438e-01,
748, 2.06277539e-01,
749, 3.01173634e-01,
750, 3.01058900e-01,
751, 3.01738337e-01,
752, 3.04681065e-01,
753, 3.01705144e-01,
754, 2.42079105e-01,
755, 2.42957752e-01,
756, 3.04363196e-01,
757, 3.04460917e-01,
758, 3.04552409e-01,
759, 3.03832761e-01,
760, 3.03606804e-01,
761, 3.04069856e-01,
762, 3.04280338e-01,
763, 3.00630436e-01,
764, 3.01664163e-01,
765, 3.00675459e-01,
766, 3.00119676e-01,
767, 3.01010495e-01,
768, 3.02410869e-01,
769, 3.02103769e-01,
770, 3.01978882e-01,
771, 3.01762237e-01,
772, 3.03247312e-01,
773, 2.16288784e-01,
774, 2.28378166e-01,
775, 2.21501286e-01,
776, 3.04224771e-01,
777, 2.94859219e-01,
778, 2.99003954e-01,
779, 2.54727386e-01,
780, 2.48008012e-01,
781, 2.57861333e-01,
782, 2.46567665e-01,
783, 2.60796166e-01,
784, 2.33274795e-01,
785, 2.36625945e-01,
786, 2.70056341e-01,
787, 2.93978394e-01,
788, 1.83171070e-01,
789, 3.04109840e-01,
790, 3.03810182e-01,
791, 3.03723548e-01,
792, 3.03700214e-01,
793, 3.04744740e-01,
794, 1.84479780e-01,
795, 2.06867775e-01,
796, 3.04545413e-01,
797, 3.03998726e-01,
798, 2.79002238e-01,
799, 2.66390937e-01,
800, 3.04128153e-01,
801, 3.03726206e-01,
802, 3.03909041e-01,
803, 3.04513052e-01,
804, 3.03821526e-01,
805, 2.93450501e-01,
806, 2.87084078e-01,
807, 2.88194765e-01,
808, 3.04021785e-01,
809, 2.36934097e-01,
810, 2.43717646e-01,
811, 3.03623733e-01,
812, 3.04127423e-01,
813, 3.04240466e-01,
814, 3.04310529e-01,
815, 3.04605749e-01,
816, 3.01922828e-01,
817, 3.02041950e-01,
818, 3.04714553e-01,
819, 3.02033567e-01,
820, 3.04838461e-01,
821, 3.01834041e-01,
822, 2.82630223e-01,
823, 3.04592817e-01,
824, 3.04874344e-01,
825, 2.36173702e-01,
826, 3.04130231e-01,
827, 2.27438336e-01,
828, 3.04782725e-01,
829, 3.04499648e-01,
830, 3.04632050e-01,
831, 3.04278280e-01,
832, 3.04653899e-01,
833, 3.04640149e-01,
834, 3.04176016e-01,
835, 3.03999822e-01,
836, 2.98628168e-01,
837, 3.04418753e-01,
838, 3.04743809e-01,
839, 2.19962008e-01,
840, 3.04893541e-01,
841, 3.04340437e-01,
842, 3.03804003e-01,
843, 3.04192674e-01,
844, 3.03904366e-01,
845, 3.04306242e-01,
846, 3.03983156e-01,
847, 3.04431743e-01,
848, 1.23664708e-01,
849, 1.41327764e-01,
850, 6.47722379e-02,
851, 5.58319830e-02,
852, 1.42196615e-01,
853, 3.02490404e-01,
854, 3.02357398e-01,
855, 3.02387561e-01,
856, 3.01955355e-01,
857, 3.00719613e-01,
858, 2.99712437e-01,
859, 3.01099119e-01,
860, 2.85549868e-01,
861, 2.88813334e-01,
862, 2.87672841e-01,
863, 3.02577171e-01,
864, 3.02444705e-01,
865, 2.83332396e-01,
866, 2.86851858e-01,
867, 3.02807900e-01,
868, 2.89904626e-01,
869, 2.90383603e-01,
870, 2.87371404e-01,
871, 2.84532775e-01,
872, 2.86453325e-01,
873, 2.82237413e-01,
874, 2.77230044e-01,
875, 2.72716989e-01,
876, 2.79264702e-01,
877, 3.01784711e-01,
878, 2.81025725e-01,
879, 2.85017660e-01,
880, 3.01621676e-01,
881, 2.85068167e-01,
882, 2.87833224e-01,
883, 2.78533251e-01,
884, 2.83294769e-01,
885, 2.87994489e-01,
886, 2.75469289e-01,
887, 2.80299399e-01,
888, 2.82039105e-01,
889, 2.90110434e-01,
890, 2.90401400e-01,
891, 2.92373118e-01,
892, 2.91820523e-01,
893, 2.92165851e-01,
894, 2.93894388e-01,
895, 2.93438064e-01,
896, 2.93724097e-01,
897, 2.95301314e-01,
898, 2.90672726e-01,
899, 2.89685189e-01,
900, 2.94967176e-01,
901, 2.95196242e-01,
902, 2.96636300e-01,
903, 3.02234643e-01,
904, 3.02602139e-01,
905, 2.96391615e-01,
906, 2.96583468e-01,
907, 2.97890378e-01,
908, 2.97709887e-01,
909, 2.97850372e-01,
910, 2.98988881e-01,
911, 2.92431452e-01,
912, 2.91593859e-01,
913, 2.98944763e-01,
914, 2.99033217e-01,
915, 3.00068395e-01,
916, 3.00029586e-01,
917, 3.00138220e-01,
918, 3.01055811e-01,
919, 3.00893929e-01,
920, 3.01039223e-01,
921, 3.01743719e-01,
922, 2.94089561e-01,
923, 2.93384083e-01,
924, 3.01549734e-01,
925, 3.01711556e-01,
926, 3.02240963e-01,
927, 3.01978196e-01,
928, 3.02183479e-01,
929, 3.02543175e-01,
930, 3.02433773e-01,
931, 2.95638495e-01,
932, 2.95078835e-01,
933, 2.73703703e-01,
934, 2.70794749e-01,
935, 2.97087409e-01,
936, 2.96654498e-01,
937, 3.00318424e-01,
938, 2.76598853e-01,
939, 2.98412098e-01,
940, 2.98011296e-01,
941, 2.79290257e-01,
942, 2.99545009e-01,
943, 2.81813086e-01,
944, 2.99148540e-01,
945, 2.96206391e-01,
946, 2.94553654e-01,
947, 3.00460466e-01,
948, 3.01171573e-01,
949, 2.92677444e-01,
950, 2.99683654e-01,
951, 2.90712486e-01,
952, 2.88675213e-01,
953, 2.86496353e-01,
954, 2.84221436e-01,
955, 3.02199910e-01,
956, 2.97611257e-01,
957, 2.98736011e-01,
958, 2.71419152e-01,
959, 2.67136201e-01,
960, 2.67172357e-01,
961, 2.61302097e-01,
962, 2.75154634e-01,
963, 2.69572931e-01,
964, 2.57636054e-01,
965, 3.02488167e-01,
966, 3.02282979e-01,
967, 3.02848623e-01,
968, 2.83422515e-01,
969, 2.79400352e-01,
970, 3.02662097e-01,
971, 3.04098702e-01,
972, 2.83733254e-01,
-1,0.,
1,80021,1,
MODE_002_UX_29534.2Hz
0.,-1.,0.,
80021,0,0,0,0,0,0,0,0,0,
0,0,0,0,0,0,0,0,0,0,
0,0,3,7,
0,1,1,
1,-4.05202476e-01,
2, 3.57462911e-02,
3,-1.87357024e-01,
4,-5.92205539e-02,
5,-3.68189305e-02,
6,-3.53624474e-02,
7,-3.85919093e-01,
8,-3.88556909e-01,
9,-3.82949552e-01,
10,-3.85875030e-01,
11,-1.57895315e-01,
12,-1.54192814e-01,
13,-6.98869525e-02,
14,-8.31293803e-02,
15,-3.51159392e-01,
16,-1.21324251e-01,
17,-3.46543026e-01,
18,-4.06161406e-01,
19, 3.14707308e-02,
20,-4.04537700e-01,
21,-4.02847026e-01,
22,-3.99952613e-01,
23,-3.95123149e-01,
24,-3.87400508e-01,
25,-3.76907524e-01,
26,-3.66225460e-01,
27,-3.56006148e-01,
28,-3.47334373e-01,
29,-3.39387422e-01,
30,-3.29093095e-01,
31,-3.15756684e-01,
32,-3.00558193e-01,
33,-2.84205977e-01,
34,-2.66901700e-01,
35,-2.48740155e-01,
36,-2.29790908e-01,
37,-2.10086721e-01,
38,-1.89692713e-01,
39,-1.68581703e-01,
40,-1.47009779e-01,
41,-1.24922039e-01,
42,-1.02341830e-01,
43,-7.94905721e-02,
44,-5.64054667e-02,
45,-3.32671005e-02,
46,-1.00871235e-02,
47, 1.29433644e-02,
48,-1.85276230e-01,
49,-1.80034859e-01,
50,-1.70769143e-01,
51,-1.59605180e-01,
52,-1.44105971e-01,
53,-1.26254198e-01,
54,-1.07145849e-01,
55,-8.39007615e-02,
56,-3.85141090e-03,
57,-1.28473169e-02,
58,-2.32135913e-02,
59,-6.89055324e-02,
60,-1.06601069e-01,
61,-1.46231123e-01,
62,-5.36571867e-02,
63,-4.82416071e-02,
64,-3.76020732e-02,
65,-3.86692451e-01,
66,-3.87187085e-01,
67,-3.84734975e-01,
68,-1.31409254e-01,
69,-1.03858779e-01,
70,-6.33996307e-02,
71,-6.89411257e-02,
72,-3.60282386e-01,
73,-3.69298778e-01,
74,-3.77772567e-01,
75,-3.49099911e-01,
76,-3.74062349e-01,
77,-3.64721931e-01,
78,-3.55611202e-01,
79,-1.01610977e-01,
80,-1.43278690e-01,
81,-1.57102982e-01,
82,-1.61440568e-01,
83,-1.70926363e-01,
84,-1.84251489e-01,
85,-1.97991448e-01,
86,-2.11283432e-01,
87,-2.24518658e-01,
88,-2.37374575e-01,
89,-2.49963112e-01,
90,-2.62075511e-01,
91,-2.73977063e-01,
92,-2.85466313e-01,
93,-2.96756030e-01,
94,-3.07655577e-01,
95,-3.18234868e-01,
96,-3.28474521e-01,
97,-3.37337459e-01,
98,-3.46043549e-01,
99,-3.54256143e-01,
100,-3.61983462e-01,
101,-3.69416353e-01,
102,-3.75792250e-01,
103,-3.81656632e-01,
104,-3.41500844e-01,
105,-3.35855271e-01,
106,-3.29389603e-01,
107,-3.22344532e-01,
108,-3.14779230e-01,
109,-3.06534485e-01,
110,-2.97851965e-01,
111,-2.88001754e-01,
112,-2.77995245e-01,
113,-2.67663137e-01,
114,-2.56623825e-01,
115,-2.45511794e-01,
116,-2.34125243e-01,
117,-2.22647448e-01,
118,-2.10739020e-01,
119,-1.99049840e-01,
120,-1.86985431e-01,
121,-1.75420165e-01,
122,-1.62939414e-01,
123,-1.51064572e-01,
124,-1.37907049e-01,
125,-4.07537581e-01,
126,-4.08329639e-01,
127,-4.08545674e-01,
128,-4.07874961e-01,
129,-4.04839785e-01,
130,-4.00248925e-01,
131,-3.89007166e-01,
132,-3.73653492e-01,
133,-3.54081755e-01,
134,-3.30947373e-01,
135,-3.05424014e-01,
136,-2.78528254e-01,
137,-2.50164024e-01,
138,-2.19102041e-01,
139, 2.33887073e-02,
140, 1.56104403e-02,
141, 7.87173068e-03,
142,-1.36113689e-03,
143,-1.32702042e-02,
144,-2.82750430e-02,
145,-4.38761199e-02,
146,-5.75610289e-02,
147,-7.27078606e-02,
148,-6.73377514e-02,
149,-5.62289617e-02,
150,-6.36279282e-02,
151,-6.44361405e-02,
152,-6.23949892e-02,
153,-4.05723580e-01,
154,-4.04389955e-01,
155,-4.02136962e-01,
156,-3.98546915e-01,
157,-3.93055980e-01,
158,-3.84847854e-01,
159,-3.75036107e-01,
160,-3.65686546e-01,
161,-3.56386023e-01,
162,-3.48645501e-01,
163,-3.41481499e-01,
164,-3.32485922e-01,
165,-3.20866739e-01,
166,-3.07553578e-01,
167,-2.93162684e-01,
168,-2.77970757e-01,
169,-2.62058974e-01,
170,-2.45469240e-01,
171,-2.28247631e-01,
172,-2.10421581e-01,
173,-1.91999060e-01,
174,-1.73066342e-01,
175,-1.53692977e-01,
176,-1.33926947e-01,
177,-1.13700351e-01,
178,-9.32093425e-02,
179,-7.24961390e-02,
180,-5.16547945e-02,
181,-3.07836339e-02,
182,-9.86998497e-03,
183, 1.08914315e-02,
184,-3.16054299e-01,
185,-3.28597764e-01,
186,-3.21514251e-01,
187,-3.21937578e-01,
188,-1.66987039e-01,
189,-1.97426968e-01,
190,-1.87652109e-01,
191,-1.25502395e-01,
192,-9.61693713e-02,
193,-9.17328124e-02,
194,-4.07954200e-01,
195,-4.06500841e-01,
196,-4.07061425e-01,
197,-1.05014771e-01,
198,-1.62948334e-01,
199,-3.71850575e-01,
200,-1.37768788e-01,
201,-6.97743826e-02,
202,-3.85988115e-01,
203,-1.30376642e-01,
204,-2.00070857e-01,
205,-2.27256582e-01,
206,-2.01224245e-01,
207,-2.16448628e-01,
208,-2.48361786e-01,
209,-2.28350405e-01,
210,-2.61339907e-01,
211,-1.03505270e-01,
212,-3.32879416e-01,
213,-3.41204281e-01,
214,-3.16668855e-01,
215,-2.60734315e-01,
216,-2.39926692e-01,
217,-2.68393732e-01,
218,-2.06949067e-01,
219,-2.01048821e-01,
220,-2.42190134e-01,
221,-3.95857257e-01,
222,-3.97282916e-01,
223,-3.86745996e-01,
224,-1.07027409e-01,
225,-8.63371725e-02,
226,-3.54265439e-01,
227,-3.31497138e-01,
228,-7.57590390e-02,
229,-3.77143367e-02,
230,-2.60008527e-01,
231,-2.69182425e-01,
232,-2.58214949e-01,
233,-2.70038719e-01,
234,-2.85293558e-01,
235,-2.71446611e-01,
236,-1.05671312e-01,
237,-1.15465548e-01,
238,-8.78371261e-02,
239,-1.40634457e-01,
240,-1.59777681e-01,
241,-1.52599200e-01,
242,-2.16551459e-01,
243, 6.37203758e-03,
244,-3.10282505e-01,
245,-3.10009640e-01,
246,-3.15831394e-01,
247,-3.27460474e-01,
248,-2.45066568e-02,
249,-3.08069016e-02,
250,-9.36465049e-03,
251,-1.02747698e-02,
252,-2.51273813e-02,
253,-4.50163740e-02,
254,-1.77508498e-02,
255,-4.80006489e-03,
256,-3.31203331e-01,
257,-2.05400167e-01,
258,-1.67726562e-01,
259,-1.67524222e-01,
260,-1.98566566e-01,
261,-4.01619720e-01,
262,-4.04026370e-01,
263,-4.01440384e-01,
264,-4.04154054e-01,
265,-4.01360616e-01,
266,-2.54530398e-01,
267,-1.35444140e-01,
268,-1.42794895e-01,
269,-1.09703256e-01,
270,-3.92841718e-01,
271,-3.93661951e-01,
272,-3.98063689e-01,
273,-4.57281310e-02,
274,-3.98801362e-01,
275,-2.07455106e-01,
276,-2.30473006e-01,
277,-2.54920488e-01,
278,-2.42007257e-01,
279,-2.26750993e-01,
280, 8.69561384e-03,
281,-2.93754568e-01,
282,-2.87641909e-01,
283,-2.70313486e-01,
284,-4.05155874e-01,
285,-4.06541228e-01,
286,-3.95822224e-01,
287,-3.90097769e-01,
288,-3.95932759e-01,
289,-3.44845007e-01,
290,-4.05673739e-01,
291,-4.03004973e-01,
292,-4.04506205e-01,
293,-3.43951150e-01,
294,-9.50757766e-02,
295,-9.80315078e-02,
296,-1.36626801e-01,
297,-3.05035344e-01,
298,-8.40241165e-02,
299,-3.53978569e-01,
300,-3.14461551e-01,
301,-2.96839340e-01,
302,-3.10149946e-01,
303,-2.80381114e-01,
304,-2.92807966e-01,
305,-1.77939739e-01,
306,-1.46100010e-01,
307,-3.28112963e-01,
308,-3.88852662e-01,
309,-1.67799854e-01,
310,-2.97442320e-01,
311,-3.02633493e-01,
312,-2.88514156e-01,
313,-3.37167446e-01,
314,-6.46749503e-02,
315,-1.86945881e-01,
316,-2.23600170e-01,
317,-1.19454416e-01,
318,-1.28943553e-01,
319,-3.55968905e-01,
320,-3.34494570e-01,
321,-2.82819666e-01,
322,-2.74528709e-01,
323,-4.29525988e-02,
324,-5.71288082e-02,
325,-6.26771212e-02,
326,-3.74573131e-01,
327,-3.56218623e-01,
328,-3.74901576e-01,
329,-1.48872776e-01,
330,-2.45165969e-01,
331,-2.96440184e-01,
332,-3.38529260e-01,
333,-3.07672240e-01,
334,-2.94303702e-01,
335,-7.91714302e-02,
336,-2.11664337e-01,
337,-4.06288316e-01,
338,-4.07388534e-01,
339,-1.91602588e-01,
340,-4.08321506e-01,
341,-1.32253557e-01,
342,-4.07908793e-01,
343,-3.02623180e-01,
344,-1.62094225e-01,
345,-1.71159299e-01,
346,-2.79841751e-01,
347,-2.96851136e-01,
348,-2.52500641e-01,
349,-1.73782788e-01,
350,-1.76604069e-01,
351,-1.92453259e-01,
352,-2.83128282e-01,
353,-9.33761511e-02,
354,-7.53957650e-02,
355,-1.89215079e-01,
356,-1.67596921e-01,
357,-3.62656074e-01,
358,-9.95467229e-02,
359,-1.10957183e-01,
360,-2.26511865e-01,
361,-1.36405191e-01,
362,-2.55996301e-01,
363,-2.45422681e-01,
364,-2.44017223e-01,
365,-2.29225106e-01,
366,-2.28591121e-01,
367,-2.11451680e-01,
368,-2.09850963e-01,
369,-1.05681364e-01,
370,-1.49421072e-01,
371,-6.55048251e-02,
372,-5.25540522e-02,
373,-8.61198588e-02,
374,-3.60132861e-01,
375,-3.49904436e-01,
376,-3.56128728e-01,
377,-3.52809059e-01,
378,-3.62174690e-01,
379,-3.54426721e-01,
380,-3.54137127e-01,
381,-2.47581297e-01,
382,-2.43631267e-01,
383,-2.59421200e-01,
384,-3.42804457e-01,
385,-3.47348486e-01,
386,-2.35449999e-01,
387,-2.31743000e-01,
388,-3.68263453e-01,
389,-2.00229893e-01,
390,-2.10399750e-01,
391,-2.08793930e-01,
392,-1.68971831e-01,
393,-1.76417239e-01,
394,-1.82206721e-01,
395,-1.86297900e-01,
396,-1.80387310e-01,
397,-1.74992979e-01,
398,-3.62067666e-01,
399,-2.23462174e-01,
400,-2.21088266e-01,
401,-3.45184274e-01,
402,-1.89294725e-01,
403,-1.95140657e-01,
404,-2.10520955e-01,
405,-2.06738740e-01,
406,-2.18695969e-01,
407,-1.99698873e-01,
408,-1.96204656e-01,
409,-1.64782208e-01,
410,-2.31724932e-01,
411,-2.21740405e-01,
412,-2.24376310e-01,
413,-2.43434629e-01,
414,-2.34049422e-01,
415,-2.36155888e-01,
416,-2.54960726e-01,
417,-2.45679008e-01,
418,-2.47644811e-01,
419,-2.55316140e-01,
420,-2.70992555e-01,
421,-2.66251409e-01,
422,-2.57067135e-01,
423,-2.58915936e-01,
424,-3.43032058e-01,
425,-3.37401491e-01,
426,-2.77241392e-01,
427,-2.68237739e-01,
428,-2.69954917e-01,
429,-2.87873149e-01,
430,-2.79040381e-01,
431,-2.80588981e-01,
432,-2.66766046e-01,
433,-2.82267111e-01,
434,-2.98118286e-01,
435,-2.89510043e-01,
436,-2.90814066e-01,
437,-3.07843819e-01,
438,-2.99530906e-01,
439,-3.00659344e-01,
440,-3.16975219e-01,
441,-3.08977929e-01,
442,-3.09802101e-01,
443,-2.77927888e-01,
444,-2.93193515e-01,
445,-3.25497913e-01,
446,-3.17835382e-01,
447,-3.18351388e-01,
448,-3.33919885e-01,
449,-3.26184772e-01,
450,-3.26668016e-01,
451,-3.35162331e-01,
452,-2.88752295e-01,
453,-3.03755320e-01,
454,-2.14141188e-01,
455,-2.02369799e-01,
456,-2.99201860e-01,
457,-3.13886146e-01,
458,-3.45540007e-01,
459,-2.26915554e-01,
460,-3.09196183e-01,
461,-3.23287341e-01,
462,-2.39454289e-01,
463,-3.18628294e-01,
464,-2.51716793e-01,
465,-3.29234930e-01,
466,-3.28414875e-01,
467,-3.18689595e-01,
468,-3.27447922e-01,
469,-3.35657261e-01,
470,-3.08413782e-01,
471,-3.37276706e-01,
472,-2.97759697e-01,
473,-2.86723568e-01,
474,-2.75357274e-01,
475,-2.63688136e-01,
476,-3.69235877e-01,
477,-3.37458592e-01,
478,-3.45763688e-01,
479,-1.92374068e-01,
480,-1.75312974e-01,
481,-1.86070094e-01,
482,-1.69733657e-01,
483,-1.70661112e-01,
484,-1.65590165e-01,
485,-1.59926270e-01,
486,-3.51782769e-01,
487,-3.56614686e-01,
488,-3.75667264e-01,
489,-1.48365005e-01,
490,-1.61237937e-01,
491,-3.66235838e-01,
492,-3.79105321e-01,
493,-1.53554410e-01,
501, 2.86521702e-01,
502, 1.32478274e-01,
503, 2.60321361e-02,
504, 2.98702678e-01,
505, 2.89236699e-01,
506, 2.92543625e-01,
507, 2.89642168e-01,
508, 4.28194473e-02,
509, 3.74328988e-02,
510,-4.50476395e-02,
511,-6.22263594e-02,
512, 3.04783728e-01,
513,-1.94209581e-02,
514, 3.03018310e-01,
515, 2.87200239e-01,
516, 2.91883982e-01,
517, 2.96628262e-01,
518, 3.00877652e-01,
519, 3.04224965e-01,
520, 3.06147346e-01,
521, 3.06125696e-01,
522, 3.05816639e-01,
523, 3.05763912e-01,
524, 3.06210884e-01,
525, 3.07360928e-01,
526, 3.06488698e-01,
527, 3.02379172e-01,
528, 2.95823597e-01,
529, 2.87577353e-01,
530, 2.77952953e-01,
531, 2.67131326e-01,
532, 2.55181203e-01,
533, 2.42114253e-01,
534, 2.27973468e-01,
535, 2.12666794e-01,
536, 1.96475047e-01,
537, 1.79314463e-01,
538, 1.61107115e-01,
539, 1.42047160e-01,
540, 1.22100320e-01,
541, 1.01459939e-01,
542, 8.01185145e-02,
543, 5.81790816e-02,
544, 1.18114078e-01,
545, 1.01842295e-01,
546, 8.26587741e-02,
547, 6.21577387e-02,
548, 3.94588243e-02,
549, 1.52931562e-02,
550,-8.01681070e-03,
551,-3.32646084e-02,
552,-2.48553763e-02,
553,-3.65677395e-02,
554,-3.76864653e-02,
555, 4.87193004e-02,
556, 7.53747246e-02,
557, 1.03397238e-01,
558, 2.91402634e-01,
559, 2.88479614e-01,
560, 2.88923202e-01,
561, 2.22103691e-02,
562,-5.14857657e-03,
563,-6.22148634e-02,
564,-6.74055505e-02,
565, 3.02819529e-01,
566, 3.01857587e-01,
567, 3.00673319e-01,
568, 3.06347228e-01,
569, 2.99754814e-01,
570, 3.02798187e-01,
571, 3.03817602e-01,
572,-4.37871800e-02,
573, 2.88524219e-03,
574, 2.03505985e-02,
575, 3.21947000e-02,
576, 5.19419880e-02,
577, 6.30870759e-02,
578, 7.56849474e-02,
579, 8.91357650e-02,
580, 1.03159959e-01,
581, 1.17622268e-01,
582, 1.31800903e-01,
583, 1.46067711e-01,
584, 1.59942560e-01,
585, 1.73638918e-01,
586, 1.87097541e-01,
587, 1.99905718e-01,
588, 2.12663318e-01,
589, 2.24752616e-01,
590, 2.35562026e-01,
591, 2.45914685e-01,
592, 2.55377198e-01,
593, 2.64538204e-01,
594, 2.72826296e-01,
595, 2.79969445e-01,
596, 2.86018959e-01,
597, 2.93362380e-01,
598, 2.83365681e-01,
599, 2.72821841e-01,
600, 2.61912458e-01,
601, 2.50398124e-01,
602, 2.38320261e-01,
603, 2.25501112e-01,
604, 2.11730788e-01,
605, 1.97640968e-01,
606, 1.82889238e-01,
607, 1.67807658e-01,
608, 1.52336507e-01,
609, 1.36691320e-01,
610, 1.20731522e-01,
611, 1.04475747e-01,
612, 8.82287680e-02,
613, 7.16451800e-02,
614, 5.53194783e-02,
615, 3.82442270e-02,
616, 2.16238922e-02,
617, 3.17555193e-03,
618, 2.88173494e-01,
619, 2.88733484e-01,
620, 2.88886252e-01,
621, 2.88412046e-01,
622, 2.86266136e-01,
623, 2.83019720e-01,
624, 2.75070034e-01,
625, 2.64212692e-01,
626, 2.50372777e-01,
627, 2.34013826e-01,
628, 2.15965707e-01,
629, 1.96947268e-01,
630, 1.76890331e-01,
631, 1.54925954e-01,
632, 2.91872887e-01,
633, 2.95933092e-01,
634, 2.99611934e-01,
635, 3.02418323e-01,
636, 3.04239680e-01,
637, 3.04538358e-01,
638, 3.04106457e-01,
639, 3.04477753e-01,
640, 3.04691174e-01,
641, 3.05356466e-01,
642, 3.06331094e-01,
643, 3.05173818e-01,
644, 3.01192653e-01,
645, 2.95251108e-01,
646, 2.87964889e-01,
647, 2.79538922e-01,
648, 2.70134239e-01,
649, 2.59813993e-01,
650, 2.48578731e-01,
651, 2.36449736e-01,
652, 2.23414417e-01,
653, 2.09539985e-01,
654, 1.94894871e-01,
655, 1.79463935e-01,
656, 1.63152047e-01,
657, 1.46137933e-01,
658, 1.28406246e-01,
659, 1.10056109e-01,
660, 9.11612093e-02,
661, 7.16699482e-02,
662, 5.17697036e-02,
663, 2.81381319e-01,
664, 2.86886035e-01,
665, 2.75992987e-01,
666, 2.90786754e-01,
667, 6.24182200e-02,
668, 9.80439819e-02,
669, 6.81824026e-02,
670, 1.71531460e-03,
671,-2.55727486e-02,
672,-3.44896428e-02,
673, 2.91507808e-01,
674, 2.94682804e-01,
675, 2.90915001e-01,
676, 2.24594119e-02,
677, 8.23558828e-02,
678, 2.67458338e-01,
679, 8.19956633e-02,
680, 2.56954325e-02,
681, 2.83507803e-01,
682, 1.36406341e-02,
683, 1.11657633e-01,
684, 1.43981896e-01,
685, 1.28133357e-01,
686, 9.45196370e-02,
687, 1.27205093e-01,
688, 1.07187981e-01,
689, 1.41499177e-01,
690,-2.94376386e-02,
691, 2.17518926e-01,
692, 2.26190194e-01,
693, 1.99268724e-01,
694, 1.97846043e-01,
695, 2.09843570e-01,
696, 2.27435759e-01,
697, 1.73243414e-01,
698, 1.37867521e-01,
699, 1.61492292e-01,
700, 2.89772581e-01,
701, 2.84745038e-01,
702, 2.77034260e-01,
703, 1.45241249e-01,
704, 1.26348807e-01,
705, 2.45201590e-01,
706, 2.20258528e-01,
707, 6.68002647e-02,
708, 2.62032240e-02,
709, 2.60707296e-01,
710, 2.60388536e-01,
711, 2.51055002e-01,
712, 2.52723068e-01,
713, 1.65993696e-01,
714, 1.53439119e-01,
715, 1.00672820e-01,
716, 8.93046975e-02,
717, 9.61060593e-02,
718, 1.60972554e-01,
719, 1.75431831e-01,
720, 1.56787752e-01,
721, 1.27770140e-01,
722, 3.12969093e-02,
723, 2.60337826e-01,
724, 2.85433874e-01,
725, 2.93465840e-01,
726, 2.98898890e-01,
727, 7.60548910e-02,
728, 6.80056710e-02,
729, 5.97429571e-02,
730, 4.65963144e-02,
731, 4.83936756e-02,
732, 6.76720148e-02,
733, 2.67442453e-02,
734, 3.01561403e-02,
735, 2.96039710e-01,
736, 8.52089537e-02,
737, 4.80625478e-02,
738, 4.40284066e-02,
739, 8.65104471e-02,
740, 2.97992190e-01,
741, 2.96336626e-01,
742, 2.95179734e-01,
743, 2.94207642e-01,
744, 2.92460137e-01,
745, 1.61849075e-01,
746, 1.87331485e-02,
747, 1.79351465e-02,
748,-1.77528000e-02,
749, 2.94680419e-01,
750, 3.00923373e-01,
751, 2.96873718e-01,
752, 5.23660135e-02,
753, 3.00812393e-01,
754, 8.59436408e-02,
755, 1.10222973e-01,
756, 2.28573293e-01,
757, 2.26591498e-01,
758, 2.14251637e-01,
759, 4.06988405e-02,
760, 2.36505828e-01,
761, 2.47434355e-01,
762, 2.41947329e-01,
763, 2.90194991e-01,
764, 2.92468759e-01,
765, 2.91161641e-01,
766, 2.89516089e-01,
767, 2.92479793e-01,
768, 3.05580829e-01,
769, 2.96295575e-01,
770, 2.98943690e-01,
771, 2.97419877e-01,
772, 3.03944079e-01,
773,-3.27854866e-02,
774,-2.36703711e-02,
775, 1.09169146e-02,
776, 2.76589336e-01,
777,-1.75580720e-02,
778, 3.04186899e-01,
779, 2.12500181e-01,
780, 1.91192878e-01,
781, 1.99739355e-01,
782, 1.67717908e-01,
783, 1.75594181e-01,
784, 5.57096328e-02,
785, 2.83773350e-02,
786, 2.14196380e-01,
787, 2.75222274e-01,
788, 5.85319715e-02,
789, 2.77379278e-01,
790, 2.87224722e-01,
791, 2.78518434e-01,
792, 3.02018310e-01,
793, 7.76499767e-02,
794, 8.65886258e-02,
795, 1.21500548e-01,
796, 1.43750642e-01,
797, 1.63698855e-01,
798, 2.43676742e-01,
799, 2.27594193e-01,
800, 2.66363950e-01,
801, 2.69635650e-01,
802, 8.98300819e-02,
803, 8.75236452e-02,
804, 1.07108330e-01,
805, 2.62682281e-01,
806, 2.41905958e-01,
807, 2.61389861e-01,
808, 1.78678254e-01,
809, 1.28633763e-01,
810, 1.99954170e-01,
811, 2.98358222e-01,
812, 2.70700265e-01,
813, 2.67832117e-01,
814, 1.10108672e-01,
815, 1.96916871e-01,
816, 2.94148543e-01,
817, 2.93559859e-01,
818, 1.79343316e-01,
819, 2.91193479e-01,
820, 1.42452341e-01,
821, 2.91504842e-01,
822, 1.87241262e-01,
823, 1.28491768e-01,
824, 1.57206733e-01,
825, 1.78964285e-01,
826, 2.60562898e-01,
827, 1.44609813e-01,
828, 1.75370531e-01,
829, 1.88913896e-01,
830, 1.93136725e-01,
831, 2.55628547e-01,
832, 1.13241886e-01,
833, 9.55702969e-02,
834, 2.06565635e-01,
835, 1.92885051e-01,
836, 3.03452178e-01,
837, 1.26815498e-01,
838, 1.21789655e-01,
839, 1.14110480e-01,
840, 1.28458298e-01,
841, 2.39975546e-01,
842, 2.49922026e-01,
843, 2.39308768e-01,
844, 2.37798673e-01,
845, 2.26353049e-01,
846, 2.24734477e-01,
847, 2.10628135e-01,
848, 1.29891047e-02,
849, 8.12656582e-02,
850, 1.99570784e-02,
851,-1.84543957e-02,
852,-2.47257244e-02,
853, 2.78477438e-01,
854, 2.77193310e-01,
855, 2.84443347e-01,
856, 2.70936309e-01,
857, 2.68769119e-01,
858, 2.60169579e-01,
859, 2.65488771e-01,
860, 1.33109117e-01,
861, 1.32223115e-01,
862, 1.47931222e-01,
863, 2.79604487e-01,
864, 2.87957154e-01,
865, 1.18020828e-01,
866, 1.16881525e-01,
867, 2.84403334e-01,
868, 8.49875530e-02,
869, 9.75436583e-02,
870, 9.15396099e-02,
871, 3.98983551e-02,
872, 5.18880197e-02,
873, 5.47266173e-02,
874, 5.79944353e-02,
875, 5.12061111e-02,
876, 4.37188663e-02,
877, 2.72876251e-01,
878, 1.03180664e-01,
879, 1.03151223e-01,
880, 2.63382365e-01,
881, 6.58128914e-02,
882, 7.59351434e-02,
883, 8.73107253e-02,
884, 8.51860388e-02,
885, 1.03605868e-01,
886, 7.42001570e-02,
887, 7.09382036e-02,
888, 3.10132255e-02,
889, 1.21001631e-01,
890, 1.10145600e-01,
891, 1.16662815e-01,
892, 1.36497917e-01,
893, 1.26718816e-01,
894, 1.32590202e-01,
895, 1.51752774e-01,
896, 1.42279139e-01,
897, 1.48156451e-01,
898, 1.47335106e-01,
899, 1.62487114e-01,
900, 1.66720416e-01,
901, 1.57544921e-01,
902, 1.63409298e-01,
903, 2.69382848e-01,
904, 2.70989931e-01,
905, 1.81346094e-01,
906, 1.72531989e-01,
907, 1.78409375e-01,
908, 1.95545668e-01,
909, 1.87111946e-01,
910, 1.92898969e-01,
911, 1.62172798e-01,
912, 1.76710271e-01,
913, 2.09292187e-01,
914, 2.01280017e-01,
915, 2.07022492e-01,
916, 2.22436007e-01,
917, 2.14948797e-01,
918, 2.20601101e-01,
919, 2.34851949e-01,
920, 2.27940845e-01,
921, 2.33373669e-01,
922, 1.76683988e-01,
923, 1.90553541e-01,
924, 2.46523436e-01,
925, 2.40200662e-01,
926, 2.45509434e-01,
927, 2.57747831e-01,
928, 2.51822106e-01,
929, 2.57153804e-01,
930, 2.63601307e-01,
931, 1.90807142e-01,
932, 2.03981986e-01,
933, 9.11414656e-02,
934, 7.80436679e-02,
935, 2.04490653e-01,
936, 2.16885071e-01,
937, 2.55940294e-01,
938, 1.05919490e-01,
939, 2.17630573e-01,
940, 2.28903259e-01,
941, 1.20641976e-01,
942, 2.30079945e-01,
943, 1.35330488e-01,
944, 2.37743706e-01,
945, 2.29037121e-01,
946, 2.17090665e-01,
947, 2.41777444e-01,
948, 2.52686269e-01,
949, 2.04452303e-01,
950, 2.46503617e-01,
951, 1.91317021e-01,
952, 1.77848086e-01,
953, 1.63949709e-01,
954, 1.49750738e-01,
955, 2.78999195e-01,
956, 2.40078748e-01,
957, 2.50181525e-01,
958, 6.61425280e-02,
959, 4.81210967e-02,
960, 6.06840540e-02,
961, 4.67703694e-02,
962, 3.79213932e-02,
963, 3.45513964e-02,
964, 3.95973571e-02,
965, 2.97115645e-01,
966, 2.91625763e-01,
967, 2.84424885e-01,
968, 9.10018461e-03,
969, 2.46475797e-02,
970, 2.91607554e-01,
971, 2.90134157e-01,
972, 1.79017780e-02,
-1,0.,
1,80022,1,
MODE_002_UY_29534.2Hz
0.,-1.,0.,
80022,0,0,0,0,0,0,0,0,0,
0,0,0,0,0,0,0,0,0,0,
0,0,3,7,
0,1,1,
1,-4.01792729e-07,
2,-8.62991808e-02,
3, 4.45170572e-06,
4, 1.42971064e-01,
5, 3.93051954e-06,
6, 8.53725002e-02,
7,-3.65102859e-02,
8,-2.04855541e-02,
9,-3.07696106e-02,
10,-2.37408514e-02,
11, 9.73394723e-02,
12, 1.01254701e-01,
13, 1.33593935e-01,
14, 1.71130742e-01,
15,-7.98698906e-02,
16, 1.48789633e-01,
17,-8.19895773e-02,
18,-1.06660592e-06,
19,-7.59770652e-02,
20,-8.24858661e-03,
21,-1.66486846e-02,
22,-2.55526427e-02,
23,-3.51159232e-02,
24,-4.55572211e-02,
25,-5.60195881e-02,
26,-6.62645792e-02,
27,-7.64093232e-02,
28,-8.57132124e-02,
29,-9.52865720e-02,
30,-1.04347378e-01,
31,-1.11872042e-01,
32,-1.17799549e-01,
33,-1.22489816e-01,
34,-1.26183137e-01,
35,-1.29040589e-01,
36,-1.31089811e-01,
37,-1.32314540e-01,
38,-1.32710458e-01,
39,-1.32174562e-01,
40,-1.30847897e-01,
41,-1.28666906e-01,
42,-1.25498037e-01,
43,-1.21394448e-01,
44,-1.16270462e-01,
45,-1.10218921e-01,
46,-1.03217566e-01,
47,-9.52210107e-02,
48, 1.82376994e-02,
49, 3.60081050e-02,
50, 5.38719838e-02,
51, 7.17008630e-02,
52, 8.83027663e-02,
53, 1.04626410e-01,
54, 1.18483331e-01,
55, 1.30944022e-01,
56, 3.90022212e-02,
57, 6.45619100e-02,
58, 7.65103017e-02,
59, 6.03701277e-06,
60, 5.11134008e-06,
61, 5.34630961e-06,
62, 1.29539908e-01,
63, 1.16465542e-01,
64, 9.07794352e-02,
65,-2.54131071e-02,
66,-2.07846977e-02,
67,-2.38641353e-02,
68, 9.99990489e-02,
69, 1.11139966e-01,
70, 1.51384734e-01,
71, 1.64266969e-01,
72,-6.79690986e-02,
73,-5.75923156e-02,
74,-4.74437186e-02,
75,-8.41404937e-02,
76,-4.98549735e-02,
77,-6.34993725e-02,
78,-7.40517710e-02,
79, 1.63535401e-01,
80, 1.39198341e-01,
81, 1.28322889e-01,
82, 1.15910387e-01,
83, 9.74692994e-02,
84, 9.50328911e-02,
85, 9.09567690e-02,
86, 8.52264245e-02,
87, 7.86284445e-02,
88, 7.10315681e-02,
89, 6.35684882e-02,
90, 5.55045737e-02,
91, 4.77841259e-02,
92, 3.99037996e-02,
93, 3.21601496e-02,
94, 2.49461999e-02,
95, 1.74835194e-02,
96, 1.06263228e-02,
97, 4.20244762e-03,
98,-1.73233340e-03,
99,-6.90175344e-03,
100,-1.21300547e-02,
101,-1.64182952e-02,
102,-2.01443352e-02,
103,-2.28352586e-02,
104,-7.33762118e-02,
105,-6.48843181e-02,
106,-5.64387439e-02,
107,-4.80556191e-02,
108,-3.93371926e-02,
109,-3.05012604e-02,
110,-2.10547654e-02,
111,-1.14307980e-02,
112,-1.51129189e-03,
113, 9.01869545e-03,
114, 1.93079587e-02,
115, 3.00754399e-02,
116, 4.08145244e-02,
117, 5.19072921e-02,
118, 6.29880009e-02,
119, 7.42755197e-02,
120, 8.56638453e-02,
121, 9.71866089e-02,
122, 1.08853910e-01,
123, 1.20483771e-01,
124, 1.33416141e-01,
125,-1.28315518e-06,
126,-1.16951685e-06,
127,-1.18132696e-06,
128,-1.26632779e-06,
129,-1.66639003e-06,
130,-1.40160275e-06,
131,-6.07363690e-07,
132, 3.19213508e-07,
133, 1.17855188e-06,
134, 1.84617122e-06,
135, 2.38265467e-06,
136, 2.75682786e-06,
137, 3.31782646e-06,
138, 3.65594900e-06,
139,-5.64653344e-02,
140,-3.76869367e-02,
141,-1.90040390e-02,
142, 3.28607512e-03,
143, 3.20371070e-02,
144, 6.82619923e-02,
145, 1.05926324e-01,
146, 1.38964617e-01,
147, 1.75532303e-01,
148, 1.62567713e-01,
149, 1.35748722e-01,
150, 1.53611407e-01,
151, 1.55562604e-01,
152, 1.50634829e-01,
153,-7.04701600e-03,
154,-1.41226382e-02,
155,-2.15782984e-02,
156,-2.91371788e-02,
157,-3.72039019e-02,
158,-4.58344223e-02,
159,-5.50353690e-02,
160,-6.49100215e-02,
161,-7.45123677e-02,
162,-8.31937547e-02,
163,-9.17360888e-02,
164,-9.90950301e-02,
165,-1.05083996e-01,
166,-1.09994543e-01,
167,-1.14081168e-01,
168,-1.17356978e-01,
169,-1.19968530e-01,
170,-1.21963232e-01,
171,-1.23295782e-01,
172,-1.23968843e-01,
173,-1.23956639e-01,
174,-1.23267948e-01,
175,-1.21929993e-01,
176,-1.19873384e-01,
177,-1.17031487e-01,
178,-1.13460904e-01,
179,-1.09097715e-01,
180,-1.03988047e-01,
181,-9.81377847e-02,
182,-9.14866279e-02,
183,-8.41048485e-02,
184,-8.18789791e-02,
185,-7.71203570e-02,
186,-6.87987745e-02,
187,-8.92969936e-02,
188, 7.87143455e-02,
189, 5.87718387e-02,
190, 9.12276304e-02,
191, 1.23076573e-01,
192, 1.32334699e-01,
193, 1.40508533e-01,
194,-4.30009528e-03,
195,-1.02435774e-02,
196,-4.35451600e-03,
197, 7.32523665e-02,
198, 4.64795276e-02,
199,-6.39263394e-03,
200, 2.18094084e-02,
201, 3.34355534e-02,
202,-1.49524652e-02,
203, 1.11085872e-01,
204, 4.21631189e-02,
205, 2.36354328e-02,
206, 2.00163129e-02,
207, 8.27776759e-02,
208, 6.84666185e-02,
209, 7.67637081e-02,
210, 6.12298524e-02,
211, 1.45136378e-01,
212, 2.52612008e-02,
213, 2.13230404e-02,
214, 3.48603233e-02,
215,-1.90622425e-02,
216,-5.68369303e-02,
217,-5.32490035e-02,
218,-3.80541184e-02,
219, 6.07470243e-03,
220, 1.38055445e-02,
221,-1.39430571e-02,
222,-5.40737840e-03,
223,-5.03961105e-03,
224,-9.83747348e-02,
225,-9.23470240e-02,
226, 7.49802498e-03,
227, 2.00045401e-02,
228,-1.87108014e-02,
229, 6.57381939e-04,
230,-1.08687267e-01,
231,-9.90625748e-02,
232,-9.68304408e-02,
233,-8.73656708e-02,
234, 5.05430218e-02,
235, 5.44509283e-02,
236,-3.67015561e-02,
237,-1.08303666e-02,
238,-4.80773663e-02,
239,-8.70151127e-02,
240,-8.83203942e-02,
241,-6.91321651e-02,
242, 3.58571944e-02,
243,-5.06325512e-02,
244,-5.78907802e-02,
245,-9.36548163e-02,
246,-9.91919782e-02,
247,-9.52463905e-02,
248,-8.30512016e-02,
249,-6.53676408e-02,
250,-7.51246498e-02,
251,-5.56223700e-02,
252,-4.33116112e-02,
253,-5.06863072e-02,
254,-2.00712247e-02,
255,-3.78471577e-02,
256,-8.74600411e-02,
257, 8.48965093e-02,
258, 9.97558555e-02,
259, 1.05258652e-01,
260, 7.62223183e-02,
261,-1.98048767e-02,
262,-1.50569054e-02,
263,-1.60067981e-02,
264,-1.19183837e-02,
265,-1.22404763e-02,
266, 2.56412405e-02,
267, 1.08951467e-01,
268, 1.17430767e-01,
269, 1.34809507e-01,
270,-2.38993278e-02,
271,-3.19079645e-02,
272,-2.17791490e-02,
273,-2.83285955e-02,
274,-2.66116032e-02,
275, 8.59124437e-02,
276, 7.45941821e-02,
277,-6.83309632e-02,
278,-7.84415125e-02,
279,-7.62465782e-02,
280,-6.62524660e-02,
281,-4.07151811e-02,
282,-6.22831119e-02,
283,-7.18517082e-02,
284,-5.24181723e-03,
285,-7.07205698e-03,
286,-1.59425174e-02,
287,-1.93398108e-02,
288,-1.76961312e-02,
289,-8.73115456e-02,
290,-1.33514818e-02,
291,-1.97652473e-02,
292,-1.61090193e-02,
293,-8.58906882e-02,
294, 1.41441456e-01,
295, 1.31506468e-01,
296, 1.21187952e-01,
297,-8.61210461e-02,
298, 1.08854980e-01,
299,-7.62066685e-02,
300, 1.39409129e-02,
301, 2.64517788e-02,
302, 2.76758418e-02,
303, 4.31921743e-02,
304, 4.44802928e-02,
305, 9.91544202e-02,
306, 1.05968398e-01,
307, 2.51935375e-02,
308,-3.70410584e-04,
309, 8.50231464e-02,
310,-9.48312167e-02,
311,-1.03563604e-01,
312,-1.05370390e-01,
313,-8.99509446e-02,
314,-4.51386999e-02,
315, 6.44910719e-02,
316, 5.17724470e-02,
317,-8.38396918e-02,
318,-1.02561588e-01,
319, 1.13579513e-02,
320, 1.26277755e-02,
321,-9.38758446e-02,
322,-1.06793684e-01,
323,-8.40863213e-02,
324,-6.66483179e-02,
325,-8.87969320e-02,
326, 3.08428669e-03,
327, 1.41119367e-02,
328, 5.24048992e-03,
329,-1.03816434e-01,
330, 6.32503570e-02,
331, 1.36622848e-02,
332,-8.34129841e-02,
333,-7.51557459e-02,
334,-8.44681100e-02,
335,-7.65457476e-02,
336,-6.68181721e-02,
337,-9.70054265e-03,
338,-7.76780002e-03,
339,-6.20271620e-02,
340,-3.48826151e-03,
341,-6.92044758e-02,
342,-4.34130835e-03,
343, 3.78240478e-02,
344,-1.96205759e-02,
345,-5.11645946e-02,
346, 2.67480319e-02,
347,-7.16404476e-02,
348, 4.79914814e-02,
349,-7.42285954e-02,
350,-9.05605247e-02,
351,-8.06833173e-02,
352,-7.83850757e-02,
353,-6.67720603e-02,
354,-5.97610450e-02,
355,-1.02912844e-01,
356,-1.05183733e-01,
357,-6.64901111e-02,
358,-7.97974740e-02,
359,-6.12793986e-02,
360, 6.51352758e-02,
361,-4.52622767e-02,
362,-8.33803711e-02,
363,-1.08020437e-01,
364,-9.44164824e-02,
365,-1.07073003e-01,
366,-9.15204309e-02,
367,-1.06370866e-01,
368,-8.80222017e-02,
369, 8.73119957e-02,
370, 3.44940764e-02,
371, 3.72812541e-02,
372, 7.86525089e-02,
373, 1.21087314e-01,
374,-3.36937086e-02,
375,-4.21061021e-02,
376,-4.61349114e-02,
377,-3.03527431e-02,
378,-1.79222433e-02,
379,-1.35086255e-02,
380,-2.13206940e-02,
381, 5.93365787e-02,
382, 5.66395446e-02,
383, 5.02148591e-02,
384,-5.26160015e-02,
385,-5.98844265e-02,
386, 6.85433430e-02,
387, 6.64475626e-02,
388,-3.39435984e-02,
389, 8.00393430e-02,
390, 7.24521851e-02,
391, 7.93373720e-02,
392, 1.12547036e-01,
393, 1.03036498e-01,
394, 1.04811597e-01,
395, 1.04281383e-01,
396, 1.07970934e-01,
397, 1.13165165e-01,
398,-2.38376287e-02,
399, 7.75426793e-02,
400, 7.52104064e-02,
401,-2.72946387e-02,
402, 9.62212416e-02,
403, 8.77521472e-02,
404, 8.70449434e-02,
405, 8.62674890e-02,
406, 7.21751461e-02,
407, 9.47640051e-02,
408, 9.58828859e-02,
409, 1.20922884e-01,
410, 6.06027838e-02,
411, 6.59710037e-02,
412, 5.93901757e-02,
413, 5.03974229e-02,
414, 5.48419531e-02,
415, 4.86450269e-02,
416, 4.03498949e-02,
417, 4.44659191e-02,
418, 3.81199480e-02,
419, 4.69528352e-02,
420, 4.12010747e-02,
421, 3.04731356e-02,
422, 3.42649708e-02,
423, 2.78202910e-02,
424,-3.79328196e-02,
425,-4.58361450e-02,
426, 2.07792865e-02,
427, 2.42406598e-02,
428, 1.76459597e-02,
429, 1.13298131e-02,
430, 1.44241293e-02,
431, 7.78864291e-03,
432, 3.74190762e-02,
433, 3.23610494e-02,
434, 2.13443573e-03,
435, 4.85711282e-03,
436,-1.95995091e-03,
437,-6.72819836e-03,
438,-4.45259789e-03,
439,-1.13177245e-02,
440,-1.51555932e-02,
441,-1.33791055e-02,
442,-2.02381064e-02,
443, 2.80589962e-02,
444, 2.37101121e-02,
445,-2.31388739e-02,
446,-2.18596525e-02,
447,-2.88513841e-02,
448,-3.05905927e-02,
449,-2.99454654e-02,
450,-3.70023822e-02,
451,-3.76262131e-02,
452, 1.89102476e-02,
453, 1.52812291e-02,
454, 8.52476911e-02,
455, 9.19993850e-02,
456, 1.00084058e-02,
457, 7.16433627e-03,
458,-1.64142281e-02,
459, 7.71227745e-02,
460, 1.42007447e-03,
461,-4.30752223e-04,
462, 6.88407705e-02,
463,-6.75388479e-03,
464, 6.03305819e-02,
465,-6.98544337e-03,
466, 4.50747168e-03,
467, 1.16770330e-02,
468,-1.44770186e-02,
469,-2.16950873e-02,
470, 1.92745622e-02,
471,-1.13320517e-02,
472, 2.71965723e-02,
473, 3.52083933e-02,
474, 4.34973718e-02,
475, 5.19086112e-02,
476,-2.53285684e-02,
477,-2.06402986e-03,
478,-8.04641743e-03,
479, 9.88344081e-02,
480, 1.07259467e-01,
481, 1.00249882e-01,
482, 1.03590366e-01,
483, 1.17032163e-01,
484, 1.16727112e-01,
485, 1.03927150e-01,
486,-6.84022047e-02,
487,-5.58064233e-02,
488,-2.65702657e-02,
489, 1.35495401e-01,
490, 1.26380995e-01,
491,-4.61595194e-02,
492,-3.12063377e-02,
493, 1.28237473e-01,
501, 2.86521134e-01,
502, 1.32484570e-01,
503, 2.60376947e-02,
504, 2.47069337e-01,
505, 2.60265751e-01,
506, 2.49028825e-01,
507, 2.56067534e-01,
508, 1.80478249e-01,
509, 1.80628671e-01,
510, 1.43882716e-01,
511, 1.79789056e-01,
512, 1.91830646e-01,
513, 1.90999359e-01,
514, 1.87067538e-01,
515, 2.87198730e-01,
516, 2.80218719e-01,
517, 2.73083466e-01,
518, 2.64740758e-01,
519, 2.54563550e-01,
520, 2.41719706e-01,
521, 2.26902035e-01,
522, 2.12104373e-01,
523, 1.97704811e-01,
524, 1.84994097e-01,
525, 1.72605366e-01,
526, 1.58919220e-01,
527, 1.44168213e-01,
528, 1.29229877e-01,
529, 1.14350593e-01,
530, 9.95030503e-02,
531, 8.46403747e-02,
532, 6.97922152e-02,
533, 5.49932371e-02,
534, 4.02925393e-02,
535, 2.57437360e-02,
536, 1.14281765e-02,
537,-2.64802129e-03,
538,-1.63739108e-02,
539,-2.96305146e-02,
540,-4.23309438e-02,
541,-5.44131542e-02,
542,-6.58531677e-02,
543,-7.64837631e-02,
544, 1.43906079e-01,
545, 1.52765445e-01,
546, 1.58845264e-01,
547, 1.63558072e-01,
548, 1.64337794e-01,
549, 1.63257244e-01,
550, 1.59543923e-01,
551, 1.51918203e-01,
552, 3.03020938e-02,
553, 5.47365893e-02,
554, 7.05154410e-02,
555, 4.87278380e-02,
556, 7.53819531e-02,
557, 1.03404799e-01,
558, 2.55463074e-01,
559, 2.59085613e-01,
560, 2.55174218e-01,
561, 1.63630380e-01,
562, 1.52027070e-01,
563, 1.51875481e-01,
564, 1.64903025e-01,
565, 2.06696708e-01,
566, 2.20409753e-01,
567, 2.33577769e-01,
568, 1.87354601e-01,
569, 2.29249234e-01,
570, 2.12996513e-01,
571, 1.99092583e-01,
572, 1.87486801e-01,
573, 1.99741424e-01,
574, 2.01826569e-01,
575, 1.96116741e-01,
576, 1.89784393e-01,
577, 1.97483879e-01,
578, 2.04317244e-01,
579, 2.09664130e-01,
580, 2.14357372e-01,
581, 2.18076075e-01,
582, 2.21700321e-01,
583, 2.24563032e-01,
584, 2.27519519e-01,
585, 2.30071413e-01,
586, 2.32578861e-01,
587, 2.35184972e-01,
588, 2.37388748e-01,
589, 2.39780506e-01,
590, 2.41505184e-01,
591, 2.43464796e-01,
592, 2.45616644e-01,
593, 2.47383716e-01,
594, 2.49607320e-01,
595, 2.51481053e-01,
596, 2.53725026e-01,
597, 1.89592746e-01,
598, 1.91605398e-01,
599, 1.93005403e-01,
600, 1.93951550e-01,
601, 1.94766933e-01,
602, 1.95184965e-01,
603, 1.95725177e-01,
604, 1.95565198e-01,
605, 1.95503678e-01,
606, 1.95643600e-01,
607, 1.95113235e-01,
608, 1.94869602e-01,
609, 1.94411774e-01,
610, 1.94139518e-01,
611, 1.93554232e-01,
612, 1.93270215e-01,
613, 1.92792152e-01,
614, 1.92762099e-01,
615, 1.92186903e-01,
616, 1.92013675e-01,
617, 1.91854468e-01,
618, 2.88171679e-01,
619, 2.88731830e-01,
620, 2.88884581e-01,
621, 2.88410255e-01,
622, 2.86263779e-01,
623, 2.83017738e-01,
624, 2.75069175e-01,
625, 2.64213144e-01,
626, 2.50374444e-01,
627, 2.34016437e-01,
628, 2.15969076e-01,
629, 1.96951167e-01,
630, 1.76895024e-01,
631, 1.54931124e-01,
632, 2.81906902e-01,
633, 2.75960666e-01,
634, 2.69095611e-01,
635, 2.61212129e-01,
636, 2.51625417e-01,
637, 2.39718697e-01,
638, 2.26274692e-01,
639, 2.12681120e-01,
640, 1.99314773e-01,
641, 1.87702730e-01,
642, 1.76596673e-01,
643, 1.65032282e-01,
644, 1.52581441e-01,
645, 1.39695333e-01,
646, 1.26629754e-01,
647, 1.13571092e-01,
648, 1.00473116e-01,
649, 8.73319358e-02,
650, 7.42121639e-02,
651, 6.11313175e-02,
652, 4.81132575e-02,
653, 3.52127821e-02,
654, 2.24598215e-02,
655, 9.93736919e-03,
656,-2.35546864e-03,
657,-1.43200167e-02,
658,-2.58812228e-02,
659,-3.70051980e-02,
660,-4.76265768e-02,
661,-5.77116816e-02,
662,-6.71725138e-02,
663, 1.65586957e-01,
664, 1.77821380e-01,
665, 1.78696827e-01,
666, 1.64501735e-01,
667, 1.73737115e-01,
668, 1.81159913e-01,
669, 1.97197755e-01,
670, 1.75771874e-01,
671, 1.61576778e-01,
672, 1.64219430e-01,
673, 2.85426555e-01,
674, 2.80196198e-01,
675, 2.84756786e-01,
676, 1.26053902e-01,
677, 1.48087861e-01,
678, 2.58417788e-01,
679, 1.12838824e-01,
680, 7.29804456e-02,
681, 2.62361824e-01,
682, 1.70739781e-01,
683, 1.71285287e-01,
684, 1.77407445e-01,
685, 1.56440699e-01,
686, 2.11584949e-01,
687, 2.24031513e-01,
688, 2.15748258e-01,
689, 2.28091265e-01,
690, 1.75816196e-01,
691, 2.53243659e-01,
692, 2.56345527e-01,
693, 2.48568666e-01,
694, 1.70887961e-01,
695, 1.29464012e-01,
696, 1.52130297e-01,
697, 1.19426763e-01,
698, 1.46458448e-01,
699, 1.81016280e-01,
700, 2.70054121e-01,
701, 2.77097850e-01,
702, 2.69907173e-01,
703, 6.11836484e-03,
704,-4.24960673e-03,
705, 2.55805398e-01,
706, 2.48549220e-01,
707, 4.03391956e-02,
708, 2.71329024e-02,
709, 1.07000289e-01,
710, 1.20292900e-01,
711, 1.14116080e-01,
712, 1.29169351e-01,
713, 2.37472323e-01,
714, 2.30444360e-01,
715, 4.87689818e-02,
716, 7.39882462e-02,
717, 2.81143958e-02,
718, 3.79146020e-02,
719, 5.05279318e-02,
720, 5.90201065e-02,
721, 1.78479870e-01,
722,-4.03083313e-02,
723, 1.78467900e-01,
724, 1.52985963e-01,
725, 1.53187200e-01,
726, 1.64200153e-01,
727,-4.13972447e-02,
728,-2.44381331e-02,
729,-4.64993414e-02,
730,-3.20655956e-02,
731,-1.28581923e-02,
732,-4.00924827e-03,
733,-1.64075288e-03,
734,-2.33678234e-02,
735, 1.72352533e-01,
736, 2.05270749e-01,
737, 1.89138632e-01,
738, 1.92886620e-01,
739, 1.94305083e-01,
740, 2.69983865e-01,
741, 2.75042946e-01,
742, 2.72542702e-01,
743, 2.77352502e-01,
744, 2.75149490e-01,
745, 1.98111265e-01,
746, 1.72813791e-01,
747, 1.84007330e-01,
748, 1.72896633e-01,
749, 2.60881666e-01,
750, 2.55798697e-01,
751, 2.66073350e-01,
752, 1.23033295e-02,
753, 2.63177903e-01,
754, 2.07442184e-01,
755, 2.15715077e-01,
756, 1.31938718e-01,
757, 1.15658447e-01,
758, 1.06422692e-01,
759,-5.29962955e-02,
760, 1.78925866e-01,
761, 1.59352733e-01,
762, 1.40333669e-01,
763, 2.82781942e-01,
764, 2.82467360e-01,
765, 2.68615517e-01,
766, 2.62165466e-01,
767, 2.67453685e-01,
768, 1.82103657e-01,
769, 2.77413728e-01,
770, 2.70991409e-01,
771, 2.74638284e-01,
772, 1.82476303e-01,
773, 1.67242939e-01,
774, 1.62307859e-01,
775, 1.82302560e-01,
776, 1.54795784e-01,
777, 1.36386117e-01,
778, 1.96414395e-01,
779, 2.32215609e-01,
780, 2.28601343e-01,
781, 2.38878906e-01,
782, 2.28800866e-01,
783, 2.38498815e-01,
784, 1.95935159e-01,
785, 1.78239280e-01,
786, 2.49825422e-01,
787, 2.74698435e-01,
788, 1.78772858e-01,
789, 1.43267685e-01,
790, 1.40763668e-01,
791, 1.29502198e-01,
792, 1.74808464e-01,
793, 1.38142151e-02,
794, 1.77792774e-01,
795, 1.94717845e-01,
796, 2.51834132e-02,
797, 1.86548662e-02,
798, 2.59739311e-01,
799, 2.45452565e-01,
800, 1.33603458e-01,
801, 1.18606573e-01,
802,-2.90859341e-02,
803,-6.73130982e-03,
804,-1.84694954e-02,
805, 2.67044121e-01,
806, 2.61863250e-01,
807, 2.68801033e-01,
808, 3.18596449e-02,
809, 2.18083275e-01,
810, 2.19275559e-01,
811, 1.80394448e-01,
812, 1.64413990e-01,
813, 1.48376170e-01,
814, 1.85663793e-03,
815, 1.02421705e-01,
816, 2.80429904e-01,
817, 2.82574531e-01,
818, 9.16236625e-02,
819, 2.86260333e-01,
820, 4.45824332e-02,
821, 2.85365305e-01,
822, 2.40732543e-01,
823, 1.00744083e-01,
824, 8.48490693e-02,
825, 2.16791715e-01,
826, 1.59248005e-01,
827, 2.12480017e-01,
828, 7.03954444e-02,
829, 6.08419737e-02,
830, 7.90332839e-02,
831, 1.44775310e-01,
832, 1.88119330e-02,
833, 1.10554165e-02,
834, 6.10248953e-02,
835, 4.41327888e-02,
836, 2.09420961e-01,
837, 1.39648279e-02,
838, 3.51274983e-02,
839, 2.06225671e-01,
840, 6.44477724e-02,
841, 1.22057894e-01,
842, 9.71580587e-02,
843, 1.05783698e-01,
844, 8.63745802e-02,
845, 9.69236147e-02,
846, 7.43033563e-02,
847, 8.61459434e-02,
848, 1.36466913e-01,
849, 1.30047649e-01,
850, 7.26807336e-02,
851, 9.27770491e-02,
852, 1.46517597e-01,
853, 2.30827339e-01,
854, 2.17646289e-01,
855, 2.19198730e-01,
856, 2.28011048e-01,
857, 2.43423239e-01,
858, 2.41065497e-01,
859, 2.35336757e-01,
860, 2.17023712e-01,
861, 2.12323527e-01,
862, 2.18945757e-01,
863, 2.05194224e-01,
864, 2.03267786e-01,
865, 2.14955753e-01,
866, 2.10852569e-01,
867, 2.36399836e-01,
868, 1.98180277e-01,
869, 2.00006521e-01,
870, 2.03739597e-01,
871, 1.99063900e-01,
872, 1.97603632e-01,
873, 2.02952599e-01,
874, 2.05470581e-01,
875, 2.03900070e-01,
876, 2.03758578e-01,
877, 2.39164753e-01,
878, 2.12842573e-01,
879, 2.09514800e-01,
880, 2.24781916e-01,
881, 2.01890276e-01,
882, 2.00035420e-01,
883, 2.10410865e-01,
884, 2.07186692e-01,
885, 2.05676938e-01,
886, 2.08216698e-01,
887, 2.06537081e-01,
888, 2.02024008e-01,
889, 2.06706910e-01,
890, 2.03442688e-01,
891, 2.00653206e-01,
892, 2.07770636e-01,
893, 2.04277050e-01,
894, 2.01384658e-01,
895, 2.08816142e-01,
896, 2.05163445e-01,
897, 2.02066199e-01,
898, 2.13736442e-01,
899, 2.20754233e-01,
900, 2.09815937e-01,
901, 2.06002908e-01,
902, 2.02753130e-01,
903, 2.15737740e-01,
904, 2.06167833e-01,
905, 2.10732443e-01,
906, 2.06813459e-01,
907, 2.03364530e-01,
908, 2.11568443e-01,
909, 2.07510745e-01,
910, 2.03913774e-01,
911, 2.15091363e-01,
912, 2.22475706e-01,
913, 2.12310735e-01,
914, 2.08149012e-01,
915, 2.04250703e-01,
916, 2.12920897e-01,
917, 2.08651872e-01,
918, 2.04595421e-01,
919, 2.13418704e-01,
920, 2.09019933e-01,
921, 2.04752664e-01,
922, 2.16365401e-01,
923, 2.24084703e-01,
924, 2.13800127e-01,
925, 2.09286445e-01,
926, 2.04707416e-01,
927, 2.14486200e-01,
928, 2.09472822e-01,
929, 2.04824534e-01,
930, 2.10389806e-01,
931, 2.17550270e-01,
932, 2.25592907e-01,
933, 2.11699906e-01,
934, 2.08150446e-01,
935, 2.18644676e-01,
936, 2.27016973e-01,
937, 2.32727070e-01,
938, 2.14987563e-01,
939, 2.19638862e-01,
940, 2.28294083e-01,
941, 2.17997527e-01,
942, 2.20528510e-01,
943, 2.20650815e-01,
944, 2.27864797e-01,
945, 2.35411649e-01,
946, 2.33604483e-01,
947, 2.21303848e-01,
948, 2.22004782e-01,
949, 2.31710650e-01,
950, 2.30477676e-01,
951, 2.29778782e-01,
952, 2.27640273e-01,
953, 2.25464282e-01,
954, 2.23160600e-01,
955, 2.43179190e-01,
956, 2.37159769e-01,
957, 2.38802172e-01,
958, 2.05915488e-01,
959, 1.99808889e-01,
960, 2.02458796e-01,
961, 1.93269271e-01,
962, 2.03429866e-01,
963, 1.99628461e-01,
964, 1.86572543e-01,
965, 2.00380319e-01,
966, 2.12703562e-01,
967, 2.46848855e-01,
968, 2.00719618e-01,
969, 2.03377297e-01,
970, 2.26328135e-01,
971, 2.46001730e-01,
972, 1.99256951e-01,
-1,0.,
1,80023,1,
MODE_002_UZ_29534.2Hz
0.,-1.,0.,
80023,0,0,0,0,0,0,0,0,0,
0,0,0,0,0,0,0,0,0,0,
0,0,3,7,
0,1,1,
1, 0.00000000e+00,
2, 0.00000000e+00,
3, 0.00000000e+00,
4, 0.00000000e+00,
5, 0.00000000e+00,
6, 0.00000000e+00,
7, 0.00000000e+00,
8, 0.00000000e+00,
9, 0.00000000e+00,
10, 0.00000000e+00,
11, 0.00000000e+00,
12, 0.00000000e+00,
13, 0.00000000e+00,
14, 0.00000000e+00,
15, 0.00000000e+00,
16, 0.00000000e+00,
17, 0.00000000e+00,
18, 0.00000000e+00,
19, 0.00000000e+00,
20, 0.00000000e+00,
21, 0.00000000e+00,
22, 0.00000000e+00,
23, 0.00000000e+00,
24, 0.00000000e+00,
25, 0.00000000e+00,
26, 0.00000000e+00,
27, 0.00000000e+00,
28, 0.00000000e+00,
29, 0.00000000e+00,
30, 0.00000000e+00,
31, 0.00000000e+00,
32, 0.00000000e+00,
33, 0.00000000e+00,
34, 0.00000000e+00,
35, 0.00000000e+00,
36, 0.00000000e+00,
37, 0.00000000e+00,
38, 0.00000000e+00,
39, 0.00000000e+00,
40, 0.00000000e+00,
41, 0.00000000e+00,
42, 0.00000000e+00,
43, 0.00000000e+00,
44, 0.00000000e+00,
45, 0.00000000e+00,
46, 0.00000000e+00,
47, 0.00000000e+00,
48, 0.00000000e+00,
49, 0.00000000e+00,
50, 0.00000000e+00,
51, 0.00000000e+00,
52, 0.00000000e+00,
53, 0.00000000e+00,
54, 0.00000000e+00,
55, 0.00000000e+00,
56, 0.00000000e+00,
57, 0.00000000e+00,
58, 0.00000000e+00,
59, 0.00000000e+00,
60, 0.00000000e+00,
61, 0.00000000e+00,
62, 0.00000000e+00,
63, 0.00000000e+00,
64, 0.00000000e+00,
65, 0.00000000e+00,
66, 0.00000000e+00,
67, 0.00000000e+00,
68, 0.00000000e+00,
69, 0.00000000e+00,
70, 0.00000000e+00,
71, 0.00000000e+00,
72, 0.00000000e+00,
73, 0.00000000e+00,
74, 0.00000000e+00,
75, 0.00000000e+00,
76, 0.00000000e+00,
77, 0.00000000e+00,
78, 0.00000000e+00,
79, 0.00000000e+00,
80, 0.00000000e+00,
81, 0.00000000e+00,
82, 0.00000000e+00,
83, 0.00000000e+00,
84, 0.00000000e+00,
85, 0.00000000e+00,
86, 0.00000000e+00,
87, 0.00000000e+00,
88, 0.00000000e+00,
89, 0.00000000e+00,
90, 0.00000000e+00,
91, 0.00000000e+00,
92, 0.00000000e+00,
93, 0.00000000e+00,
94, 0.00000000e+00,
95, 0.00000000e+00,
96, 0.00000000e+00,
97, 0.00000000e+00,
98, 0.00000000e+00,
99, 0.00000000e+00,
100, 0.00000000e+00,
101, 0.00000000e+00,
102, 0.00000000e+00,
103, 0.00000000e+00,
104, 0.00000000e+00,
105, 0.00000000e+00,
106, 0.00000000e+00,
107, 0.00000000e+00,
108, 0.00000000e+00,
109, 0.00000000e+00,
110, 0.00000000e+00,
111, 0.00000000e+00,
112, 0.00000000e+00,
113, 0.00000000e+00,
114, 0.00000000e+00,
115, 0.00000000e+00,
116, 0.00000000e+00,
117, 0.00000000e+00,
118, 0.00000000e+00,
119, 0.00000000e+00,
120, 0.00000000e+00,
121, 0.00000000e+00,
122, 0.00000000e+00,
123, 0.00000000e+00,
124, 0.00000000e+00,
125, 0.00000000e+00,
126, 0.00000000e+00,
127, 0.00000000e+00,
128, 0.00000000e+00,
129, 0.00000000e+00,
130, 0.00000000e+00,
131, 0.00000000e+00,
132, 0.00000000e+00,
133, 0.00000000e+00,
134, 0.00000000e+00,
135, 0.00000000e+00,
136, 0.00000000e+00,
137, 0.00000000e+00,
138, 0.00000000e+00,
139, 0.00000000e+00,
140, 0.00000000e+00,
141, 0.00000000e+00,
142, 0.00000000e+00,
143, 0.00000000e+00,
144, 0.00000000e+00,
145, 0.00000000e+00,
146, 0.00000000e+00,
147, 0.00000000e+00,
148, 0.00000000e+00,
149, 0.00000000e+00,
150, 0.00000000e+00,
151, 0.00000000e+00,
152, 0.00000000e+00,
153, 0.00000000e+00,
154, 0.00000000e+00,
155, 0.00000000e+00,
156, 0.00000000e+00,
157, 0.00000000e+00,
158, 0.00000000e+00,
159, 0.00000000e+00,
160, 0.00000000e+00,
161, 0.00000000e+00,
162, 0.00000000e+00,
163, 0.00000000e+00,
164, 0.00000000e+00,
165, 0.00000000e+00,
166, 0.00000000e+00,
167, 0.00000000e+00,
168, 0.00000000e+00,
169, 0.00000000e+00,
170, 0.00000000e+00,
171, 0.00000000e+00,
172, 0.00000000e+00,
173, 0.00000000e+00,
174, 0.00000000e+00,
175, 0.00000000e+00,
176, 0.00000000e+00,
177, 0.00000000e+00,
178, 0.00000000e+00,
179, 0.00000000e+00,
180, 0.00000000e+00,
181, 0.00000000e+00,
182, 0.00000000e+00,
183, 0.00000000e+00,
184, 0.00000000e+00,
185, 0.00000000e+00,
186, 0.00000000e+00,
187, 0.00000000e+00,
188, 0.00000000e+00,
189, 0.00000000e+00,
190, 0.00000000e+00,
191, 0.00000000e+00,
192, 0.00000000e+00,
193, 0.00000000e+00,
194, 0.00000000e+00,
195, 0.00000000e+00,
196, 0.00000000e+00,
197, 0.00000000e+00,
198, 0.00000000e+00,
199, 0.00000000e+00,
200, 0.00000000e+00,
201, 0.00000000e+00,
202, 0.00000000e+00,
203, 0.00000000e+00,
204, 0.00000000e+00,
205, 0.00000000e+00,
206, 0.00000000e+00,
207, 0.00000000e+00,
208, 0.00000000e+00,
209, 0.00000000e+00,
210, 0.00000000e+00,
211, 0.00000000e+00,
212, 0.00000000e+00,
213, 0.00000000e+00,
214, 0.00000000e+00,
215, 0.00000000e+00,
216, 0.00000000e+00,
217, 0.00000000e+00,
218, 0.00000000e+00,
219, 0.00000000e+00,
220, 0.00000000e+00,
221, 0.00000000e+00,
222, 0.00000000e+00,
223, 0.00000000e+00,
224, 0.00000000e+00,
225, 0.00000000e+00,
226, 0.00000000e+00,
227, 0.00000000e+00,
228, 0.00000000e+00,
229, 0.00000000e+00,
230, 0.00000000e+00,
231, 0.00000000e+00,
232, 0.00000000e+00,
233, 0.00000000e+00,
234, 0.00000000e+00,
235, 0.00000000e+00,
236, 0.00000000e+00,
237, 0.00000000e+00,
238, 0.00000000e+00,
239, 0.00000000e+00,
240, 0.00000000e+00,
241, 0.00000000e+00,
242, 0.00000000e+00,
243, 0.00000000e+00,
244, 0.00000000e+00,
245, 0.00000000e+00,
246, 0.00000000e+00,
247, 0.00000000e+00,
248, 0.00000000e+00,
249, 0.00000000e+00,
250, 0.00000000e+00,
251, 0.00000000e+00,
252, 0.00000000e+00,
253, 0.00000000e+00,
254, 0.00000000e+00,
255, 0.00000000e+00,
256, 0.00000000e+00,
257, 0.00000000e+00,
258, 0.00000000e+00,
259, 0.00000000e+00,
260, 0.00000000e+00,
261, 0.00000000e+00,
262, 0.00000000e+00,
263, 0.00000000e+00,
264, 0.00000000e+00,
265, 0.00000000e+00,
266, 0.00000000e+00,
267, 0.00000000e+00,
268, 0.00000000e+00,
269, 0.00000000e+00,
270, 0.00000000e+00,
271, 0.00000000e+00,
272, 0.00000000e+00,
273, 0.00000000e+00,
274, 0.00000000e+00,
275, 0.00000000e+00,
276, 0.00000000e+00,
277, 0.00000000e+00,
278, 0.00000000e+00,
279, 0.00000000e+00,
280, 0.00000000e+00,
281, 0.00000000e+00,
282, 0.00000000e+00,
283, 0.00000000e+00,
284, 0.00000000e+00,
285, 0.00000000e+00,
286, 0.00000000e+00,
287, 0.00000000e+00,
288, 0.00000000e+00,
289, 0.00000000e+00,
290, 0.00000000e+00,
291, 0.00000000e+00,
292, 0.00000000e+00,
293, 0.00000000e+00,
294, 0.00000000e+00,
295, 0.00000000e+00,
296, 0.00000000e+00,
297, 0.00000000e+00,
298, 0.00000000e+00,
299, 0.00000000e+00,
300, 0.00000000e+00,
301, 0.00000000e+00,
302, 0.00000000e+00,
303, 0.00000000e+00,
304, 0.00000000e+00,
305, 0.00000000e+00,
306, 0.00000000e+00,
307, 0.00000000e+00,
308, 0.00000000e+00,
309, 0.00000000e+00,
310, 0.00000000e+00,
311, 0.00000000e+00,
312, 0.00000000e+00,
313, 0.00000000e+00,
314, 0.00000000e+00,
315, 0.00000000e+00,
316, 0.00000000e+00,
317, 0.00000000e+00,
318, 0.00000000e+00,
319, 0.00000000e+00,
320, 0.00000000e+00,
321, 0.00000000e+00,
322, 0.00000000e+00,
323, 0.00000000e+00,
324, 0.00000000e+00,
325, 0.00000000e+00,
326, 0.00000000e+00,
327, 0.00000000e+00,
328, 0.00000000e+00,
329, 0.00000000e+00,
330, 0.00000000e+00,
331, 0.00000000e+00,
332, 0.00000000e+00,
333, 0.00000000e+00,
334, 0.00000000e+00,
335, 0.00000000e+00,
336, 0.00000000e+00,
337, 0.00000000e+00,
338, 0.00000000e+00,
339, 0.00000000e+00,
340, 0.00000000e+00,
341, 0.00000000e+00,
342, 0.00000000e+00,
343, 0.00000000e+00,
344, 0.00000000e+00,
345, 0.00000000e+00,
346, 0.00000000e+00,
347, 0.00000000e+00,
348, 0.00000000e+00,
349, 0.00000000e+00,
350, 0.00000000e+00,
351, 0.00000000e+00,
352, 0.00000000e+00,
353, 0.00000000e+00,
354, 0.00000000e+00,
355, 0.00000000e+00,
356, 0.00000000e+00,
357, 0.00000000e+00,
358, 0.00000000e+00,
359, 0.00000000e+00,
360, 0.00000000e+00,
361, 0.00000000e+00,
362, 0.00000000e+00,
363, 0.00000000e+00,
364, 0.00000000e+00,
365, 0.00000000e+00,
366, 0.00000000e+00,
367, 0.00000000e+00,
368, 0.00000000e+00,
369, 0.00000000e+00,
370, 0.00000000e+00,
371, 0.00000000e+00,
372, 0.00000000e+00,
373, 0.00000000e+00,
374, 0.00000000e+00,
375, 0.00000000e+00,
376, 0.00000000e+00,
377, 0.00000000e+00,
378, 0.00000000e+00,
379, 0.00000000e+00,
380, 0.00000000e+00,
381, 0.00000000e+00,
382, 0.00000000e+00,
383, 0.00000000e+00,
384, 0.00000000e+00,
385, 0.00000000e+00,
386, 0.00000000e+00,
387, 0.00000000e+00,
388, 0.00000000e+00,
389, 0.00000000e+00,
390, 0.00000000e+00,
391, 0.00000000e+00,
392, 0.00000000e+00,
393, 0.00000000e+00,
394, 0.00000000e+00,
395, 0.00000000e+00,
396, 0.00000000e+00,
397, 0.00000000e+00,
398, 0.00000000e+00,
399, 0.00000000e+00,
400, 0.00000000e+00,
401, 0.00000000e+00,
402, 0.00000000e+00,
403, 0.00000000e+00,
404, 0.00000000e+00,
405, 0.00000000e+00,
406, 0.00000000e+00,
407, 0.00000000e+00,
408, 0.00000000e+00,
409, 0.00000000e+00,
410, 0.00000000e+00,
411, 0.00000000e+00,
412, 0.00000000e+00,
413, 0.00000000e+00,
414, 0.00000000e+00,
415, 0.00000000e+00,
416, 0.00000000e+00,
417, 0.00000000e+00,
418, 0.00000000e+00,
419, 0.00000000e+00,
420, 0.00000000e+00,
421, 0.00000000e+00,
422, 0.00000000e+00,
423, 0.00000000e+00,
424, 0.00000000e+00,
425, 0.00000000e+00,
426, 0.00000000e+00,
427, 0.00000000e+00,
428, 0.00000000e+00,
429, 0.00000000e+00,
430, 0.00000000e+00,
431, 0.00000000e+00,
432, 0.00000000e+00,
433, 0.00000000e+00,
434, 0.00000000e+00,
435, 0.00000000e+00,
436, 0.00000000e+00,
437, 0.00000000e+00,
438, 0.00000000e+00,
439, 0.00000000e+00,
440, 0.00000000e+00,
441, 0.00000000e+00,
442, 0.00000000e+00,
443, 0.00000000e+00,
444, 0.00000000e+00,
445, 0.00000000e+00,
446, 0.00000000e+00,
447, 0.00000000e+00,
448, 0.00000000e+00,
449, 0.00000000e+00,
450, 0.00000000e+00,
451, 0.00000000e+00,
452, 0.00000000e+00,
453, 0.00000000e+00,
454, 0.00000000e+00,
455, 0.00000000e+00,
456, 0.00000000e+00,
457, 0.00000000e+00,
458, 0.00000000e+00,
459, 0.00000000e+00,
460, 0.00000000e+00,
461, 0.00000000e+00,
462, 0.00000000e+00,
463, 0.00000000e+00,
464, 0.00000000e+00,
465, 0.00000000e+00,
466, 0.00000000e+00,
467, 0.00000000e+00,
468, 0.00000000e+00,
469, 0.00000000e+00,
470, 0.00000000e+00,
471, 0.00000000e+00,
472, 0.00000000e+00,
473, 0.00000000e+00,
474, 0.00000000e+00,
475, 0.00000000e+00,
476, 0.00000000e+00,
477, 0.00000000e+00,
478, 0.00000000e+00,
479, 0.00000000e+00,
480, 0.00000000e+00,
481, 0.00000000e+00,
482, 0.00000000e+00,
483, 0.00000000e+00,
484, 0.00000000e+00,
485, 0.00000000e+00,
486, 0.00000000e+00,
487, 0.00000000e+00,
488, 0.00000000e+00,
489, 0.00000000e+00,
490, 0.00000000e+00,
491, 0.00000000e+00,
492, 0.00000000e+00,
493, 0.00000000e+00,
501, 0.00000000e+00,
502, 0.00000000e+00,
503, 0.00000000e+00,
504, 0.00000000e+00,
505, 0.00000000e+00,
506, 0.00000000e+00,
507, 0.00000000e+00,
508, 0.00000000e+00,
509, 0.00000000e+00,
510, 0.00000000e+00,
511, 0.00000000e+00,
512, 0.00000000e+00,
513, 0.00000000e+00,
514, 0.00000000e+00,
515, 0.00000000e+00,
516, 0.00000000e+00,
517, 0.00000000e+00,
518, 0.00000000e+00,
519, 0.00000000e+00,
520, 0.00000000e+00,
521, 0.00000000e+00,
522, 0.00000000e+00,
523, 0.00000000e+00,
524, 0.00000000e+00,
525, 0.00000000e+00,
526, 0.00000000e+00,
527, 0.00000000e+00,
528, 0.00000000e+00,
529, 0.00000000e+00,
530, 0.00000000e+00,
531, 0.00000000e+00,
532, 0.00000000e+00,
533, 0.00000000e+00,
534, 0.00000000e+00,
535, 0.00000000e+00,
536, 0.00000000e+00,
537, 0.00000000e+00,
538, 0.00000000e+00,
539, 0.00000000e+00,
540, 0.00000000e+00,
541, 0.00000000e+00,
542, 0.00000000e+00,
543, 0.00000000e+00,
544, 0.00000000e+00,
545, 0.00000000e+00,
546, 0.00000000e+00,
547, 0.00000000e+00,
548, 0.00000000e+00,
549, 0.00000000e+00,
550, 0.00000000e+00,
551, 0.00000000e+00,
552, 0.00000000e+00,
553, 0.00000000e+00,
554, 0.00000000e+00,
555, 0.00000000e+00,
556, 0.00000000e+00,
557, 0.00000000e+00,
558, 0.00000000e+00,
559, 0.00000000e+00,
560, 0.00000000e+00,
561, 0.00000000e+00,
562, 0.00000000e+00,
563, 0.00000000e+00,
564, 0.00000000e+00,
565, 0.00000000e+00,
566, 0.00000000e+00,
567, 0.00000000e+00,
568, 0.00000000e+00,
569, 0.00000000e+00,
570, 0.00000000e+00,
571, 0.00000000e+00,
572, 0.00000000e+00,
573, 0.00000000e+00,
574, 0.00000000e+00,
575, 0.00000000e+00,
576, 0.00000000e+00,
577, 0.00000000e+00,
578, 0.00000000e+00,
579, 0.00000000e+00,
580, 0.00000000e+00,
581, 0.00000000e+00,
582, 0.00000000e+00,
583, 0.00000000e+00,
584, 0.00000000e+00,
585, 0.00000000e+00,
586, 0.00000000e+00,
587, 0.00000000e+00,
588, 0.00000000e+00,
589, 0.00000000e+00,
590, 0.00000000e+00,
591, 0.00000000e+00,
592, 0.00000000e+00,
593, 0.00000000e+00,
594, 0.00000000e+00,
595, 0.00000000e+00,
596, 0.00000000e+00,
597, 0.00000000e+00,
598, 0.00000000e+00,
599, 0.00000000e+00,
600, 0.00000000e+00,
601, 0.00000000e+00,
602, 0.00000000e+00,
603, 0.00000000e+00,
604, 0.00000000e+00,
605, 0.00000000e+00,
606, 0.00000000e+00,
607, 0.00000000e+00,
608, 0.00000000e+00,
609, 0.00000000e+00,
610, 0.00000000e+00,
611, 0.00000000e+00,
612, 0.00000000e+00,
613, 0.00000000e+00,
614, 0.00000000e+00,
615, 0.00000000e+00,
616, 0.00000000e+00,
617, 0.00000000e+00,
618, 0.00000000e+00,
619, 0.00000000e+00,
620, 0.00000000e+00,
621, 0.00000000e+00,
622, 0.00000000e+00,
623, 0.00000000e+00,
624, 0.00000000e+00,
625, 0.00000000e+00,
626, 0.00000000e+00,
627, 0.00000000e+00,
628, 0.00000000e+00,
629, 0.00000000e+00,
630, 0.00000000e+00,
631, 0.00000000e+00,
632, 0.00000000e+00,
633, 0.00000000e+00,
634, 0.00000000e+00,
635, 0.00000000e+00,
636, 0.00000000e+00,
637, 0.00000000e+00,
638, 0.00000000e+00,
639, 0.00000000e+00,
640, 0.00000000e+00,
641, 0.00000000e+00,
642, 0.00000000e+00,
643, 0.00000000e+00,
644, 0.00000000e+00,
645, 0.00000000e+00,
646, 0.00000000e+00,
647, 0.00000000e+00,
648, 0.00000000e+00,
649, 0.00000000e+00,
650, 0.00000000e+00,
651, 0.00000000e+00,
652, 0.00000000e+00,
653, 0.00000000e+00,
654, 0.00000000e+00,
655, 0.00000000e+00,
656, 0.00000000e+00,
657, 0.00000000e+00,
658, 0.00000000e+00,
659, 0.00000000e+00,
660, 0.00000000e+00,
661, 0.00000000e+00,
662, 0.00000000e+00,
663, 0.00000000e+00,
664, 0.00000000e+00,
665, 0.00000000e+00,
666, 0.00000000e+00,
667, 0.00000000e+00,
668, 0.00000000e+00,
669, 0.00000000e+00,
670, 0.00000000e+00,
671, 0.00000000e+00,
672, 0.00000000e+00,
673, 0.00000000e+00,
674, 0.00000000e+00,
675, 0.00000000e+00,
676, 0.00000000e+00,
677, 0.00000000e+00,
678, 0.00000000e+00,
679, 0.00000000e+00,
680, 0.00000000e+00,
681, 0.00000000e+00,
682, 0.00000000e+00,
683, 0.00000000e+00,
684, 0.00000000e+00,
685, 0.00000000e+00,
686, 0.00000000e+00,
687, 0.00000000e+00,
688, 0.00000000e+00,
689, 0.00000000e+00,
690, 0.00000000e+00,
691, 0.00000000e+00,
692, 0.00000000e+00,
693, 0.00000000e+00,
694, 0.00000000e+00,
695, 0.00000000e+00,
696, 0.00000000e+00,
697, 0.00000000e+00,
698, 0.00000000e+00,
699, 0.00000000e+00,
700, 0.00000000e+00,
701, 0.00000000e+00,
702, 0.00000000e+00,
703, 0.00000000e+00,
704, 0.00000000e+00,
705, 0.00000000e+00,
706, 0.00000000e+00,
707, 0.00000000e+00,
708, 0.00000000e+00,
709, 0.00000000e+00,
710, 0.00000000e+00,
711, 0.00000000e+00,
712, 0.00000000e+00,
713, 0.00000000e+00,
714, 0.00000000e+00,
715, 0.00000000e+00,
716, 0.00000000e+00,
717, 0.00000000e+00,
718, 0.00000000e+00,
719, 0.00000000e+00,
720, 0.00000000e+00,
721, 0.00000000e+00,
722, 0.00000000e+00,
723, 0.00000000e+00,
724, 0.00000000e+00,
725, 0.00000000e+00,
726, 0.00000000e+00,
727, 0.00000000e+00,
728, 0.00000000e+00,
729, 0.00000000e+00,
730, 0.00000000e+00,
731, 0.00000000e+00,
732, 0.00000000e+00,
733, 0.00000000e+00,
734, 0.00000000e+00,
735, 0.00000000e+00,
736, 0.00000000e+00,
737, 0.00000000e+00,
738, 0.00000000e+00,
739, 0.00000000e+00,
740, 0.00000000e+00,
741, 0.00000000e+00,
742, 0.00000000e+00,
743, 0.00000000e+00,
744, 0.00000000e+00,
745, 0.00000000e+00,
746, 0.00000000e+00,
747, 0.00000000e+00,
748, 0.00000000e+00,
749, 0.00000000e+00,
750, 0.00000000e+00,
751, 0.00000000e+00,
752, 0.00000000e+00,
753, 0.00000000e+00,
754, 0.00000000e+00,
755, 0.00000000e+00,
756, 0.00000000e+00,
757, 0.00000000e+00,
758, 0.00000000e+00,
759, 0.00000000e+00,
760, 0.00000000e+00,
761, 0.00000000e+00,
762, 0.00000000e+00,
763, 0.00000000e+00,
764, 0.00000000e+00,
765, 0.00000000e+00,
766, 0.00000000e+00,
767, 0.00000000e+00,
768, 0.00000000e+00,
769, 0.00000000e+00,
770, 0.00000000e+00,
771, 0.00000000e+00,
772, 0.00000000e+00,
773, 0.00000000e+00,
774, 0.00000000e+00,
775, 0.00000000e+00,
776, 0.00000000e+00,
777, 0.00000000e+00,
778, 0.00000000e+00,
779, 0.00000000e+00,
780, 0.00000000e+00,
781, 0.00000000e+00,
782, 0.00000000e+00,
783, 0.00000000e+00,
784, 0.00000000e+00,
785, 0.00000000e+00,
786, 0.00000000e+00,
787, 0.00000000e+00,
788, 0.00000000e+00,
789, 0.00000000e+00,
790, 0.00000000e+00,
791, 0.00000000e+00,
792, 0.00000000e+00,
793, 0.00000000e+00,
794, 0.00000000e+00,
795, 0.00000000e+00,
796, 0.00000000e+00,
797, 0.00000000e+00,
798, 0.00000000e+00,
799, 0.00000000e+00,
800, 0.00000000e+00,
801, 0.00000000e+00,
802, 0.00000000e+00,
803, 0.00000000e+00,
804, 0.00000000e+00,
805, 0.00000000e+00,
806, 0.00000000e+00,
807, 0.00000000e+00,
808, 0.00000000e+00,
809, 0.00000000e+00,
810, 0.00000000e+00,
811, 0.00000000e+00,
812, 0.00000000e+00,
813, 0.00000000e+00,
814, 0.00000000e+00,
815, 0.00000000e+00,
816, 0.00000000e+00,
817, 0.00000000e+00,
818, 0.00000000e+00,
819, 0.00000000e+00,
820, 0.00000000e+00,
821, 0.00000000e+00,
822, 0.00000000e+00,
823, 0.00000000e+00,
824, 0.00000000e+00,
825, 0.00000000e+00,
826, 0.00000000e+00,
827, 0.00000000e+00,
828, 0.00000000e+00,
829, 0.00000000e+00,
830, 0.00000000e+00,
831, 0.00000000e+00,
832, 0.00000000e+00,
833, 0.00000000e+00,
834, 0.00000000e+00,
835, 0.00000000e+00,
836, 0.00000000e+00,
837, 0.00000000e+00,
838, 0.00000000e+00,
839, 0.00000000e+00,
840, 0.00000000e+00,
841, 0.00000000e+00,
842, 0.00000000e+00,
843, 0.00000000e+00,
844, 0.00000000e+00,
845, 0.00000000e+00,
846, 0.00000000e+00,
847, 0.00000000e+00,
848, 0.00000000e+00,
849, 0.00000000e+00,
850, 0.00000000e+00,
851, 0.00000000e+00,
852, 0.00000000e+00,
853, 0.00000000e+00,
854, 0.00000000e+00,
855, 0.00000000e+00,
856, 0.00000000e+00,
857, 0.00000000e+00,
858, 0.00000000e+00,
859, 0.00000000e+00,
860, 0.00000000e+00,
861, 0.00000000e+00,
862, 0.00000000e+00,
863, 0.00000000e+00,
864, 0.00000000e+00,
865, 0.00000000e+00,
866, 0.00000000e+00,
867, 0.00000000e+00,
868, 0.00000000e+00,
869, 0.00000000e+00,
870, 0.00000000e+00,
871, 0.00000000e+00,
872, 0.00000000e+00,
873, 0.00000000e+00,
874, 0.00000000e+00,
875, 0.00000000e+00,
876, 0.00000000e+00,
877, 0.00000000e+00,
878, 0.00000000e+00,
879, 0.00000000e+00,
880, 0.00000000e+00,
881, 0.00000000e+00,
882, 0.00000000e+00,
883, 0.00000000e+00,
884, 0.00000000e+00,
885, 0.00000000e+00,
886, 0.00000000e+00,
887, 0.00000000e+00,
888, 0.00000000e+00,
889, 0.00000000e+00,
890, 0.00000000e+00,
891, 0.00000000e+00,
892, 0.00000000e+00,
893, 0.00000000e+00,
894, 0.00000000e+00,
895, 0.00000000e+00,
896, 0.00000000e+00,
897, 0.00000000e+00,
898, 0.00000000e+00,
899, 0.00000000e+00,
900, 0.00000000e+00,
901, 0.00000000e+00,
902, 0.00000000e+00,
903, 0.00000000e+00,
904, 0.00000000e+00,
905, 0.00000000e+00,
906, 0.00000000e+00,
907, 0.00000000e+00,
908, 0.00000000e+00,
909, 0.00000000e+00,
910, 0.00000000e+00,
911, 0.00000000e+00,
912, 0.00000000e+00,
913, 0.00000000e+00,
914, 0.00000000e+00,
915, 0.00000000e+00,
916, 0.00000000e+00,
917, 0.00000000e+00,
918, 0.00000000e+00,
919, 0.00000000e+00,
920, 0.00000000e+00,
921, 0.00000000e+00,
922, 0.00000000e+00,
923, 0.00000000e+00,
924, 0.00000000e+00,
925, 0.00000000e+00,
926, 0.00000000e+00,
927, 0.00000000e+00,
928, 0.00000000e+00,
929, 0.00000000e+00,
930, 0.00000000e+00,
931, 0.00000000e+00,
932, 0.00000000e+00,
933, 0.00000000e+00,
934, 0.00000000e+00,
935, 0.00000000e+00,
936, 0.00000000e+00,
937, 0.00000000e+00,
938, 0.00000000e+00,
939, 0.00000000e+00,
940, 0.00000000e+00,
941, 0.00000000e+00,
942, 0.00000000e+00,
943, 0.00000000e+00,
944, 0.00000000e+00,
945, 0.00000000e+00,
946, 0.00000000e+00,
947, 0.00000000e+00,
948, 0.00000000e+00,
949, 0.00000000e+00,
950, 0.00000000e+00,
951, 0.00000000e+00,
952, 0.00000000e+00,
953, 0.00000000e+00,
954, 0.00000000e+00,
955, 0.00000000e+00,
956, 0.00000000e+00,
957, 0.00000000e+00,
958, 0.00000000e+00,
959, 0.00000000e+00,
960, 0.00000000e+00,
961, 0.00000000e+00,
962, 0.00000000e+00,
963, 0.00000000e+00,
964, 0.00000000e+00,
965, 0.00000000e+00,
966, 0.00000000e+00,
967, 0.00000000e+00,
968, 0.00000000e+00,
969, 0.00000000e+00,
970, 0.00000000e+00,
971, 0.00000000e+00,
972, 0.00000000e+00,
-1,0.,
1,80024,1,
MODE_002_UMAG_29534.2Hz
0.,-1.,0.,
80024,0,0,0,0,0,0,0,0,0,
0,0,0,0,0,0,0,0,0,0,
0,0,3,7,
0,1,1,
1, 4.05202476e-01,
2, 9.34095602e-02,
3, 1.87357024e-01,
4, 1.54750765e-01,
5, 3.68189307e-02,
6, 9.24065283e-02,
7, 3.87642293e-01,
8, 3.89096555e-01,
9, 3.84183717e-01,
10, 3.86604665e-01,
11, 1.85488284e-01,
12, 1.84466633e-01,
13, 1.50769777e-01,
14, 1.90253054e-01,
15, 3.60127919e-01,
16, 1.91984189e-01,
17, 3.56110039e-01,
18, 4.06161406e-01,
19, 8.22369828e-02,
20, 4.04621786e-01,
21, 4.03190904e-01,
22, 4.00768050e-01,
23, 3.96680515e-01,
24, 3.90070012e-01,
25, 3.81047865e-01,
26, 3.72172113e-01,
27, 3.64113667e-01,
28, 3.57753996e-01,
29, 3.52510075e-01,
30, 3.45239975e-01,
31, 3.34989011e-01,
32, 3.22818775e-01,
33, 3.09478258e-01,
34, 2.95226525e-01,
35, 2.80219803e-01,
36, 2.64553208e-01,
37, 2.48281227e-01,
38, 2.31506784e-01,
39, 2.14219292e-01,
40, 1.96807133e-01,
41, 1.79334014e-01,
42, 1.61937048e-01,
43, 1.45104662e-01,
44, 1.29230015e-01,
45, 1.15129972e-01,
46, 1.03709286e-01,
47, 9.60966782e-02,
48, 1.86171681e-01,
49, 1.83600474e-01,
50, 1.79065047e-01,
51, 1.74970933e-01,
52, 1.69008607e-01,
53, 1.63971974e-01,
54, 1.59745212e-01,
55, 1.55517442e-01,
56, 3.91919204e-02,
57, 6.58277584e-02,
58, 7.99543437e-02,
59, 6.89055326e-02,
60, 1.06601069e-01,
61, 1.46231123e-01,
62, 1.40212986e-01,
63, 1.26061394e-01,
64, 9.82589526e-02,
65, 3.87526615e-01,
66, 3.87744559e-01,
67, 3.85474380e-01,
68, 1.65130863e-01,
69, 1.52114227e-01,
70, 1.64124498e-01,
71, 1.78147456e-01,
72, 3.66637691e-01,
73, 3.73762575e-01,
74, 3.80740094e-01,
75, 3.59096604e-01,
76, 3.77370057e-01,
77, 3.70208397e-01,
78, 3.63239579e-01,
79, 1.92532122e-01,
80, 1.99762262e-01,
81, 2.02849971e-01,
82, 1.98741729e-01,
83, 1.96764036e-01,
84, 2.07315850e-01,
85, 2.17884711e-01,
86, 2.27825003e-01,
87, 2.37888755e-01,
88, 2.47774438e-01,
89, 2.57919581e-01,
90, 2.67888655e-01,
91, 2.78112844e-01,
92, 2.88241789e-01,
93, 2.98493578e-01,
94, 3.08665299e-01,
95, 3.18714770e-01,
96, 3.28646359e-01,
97, 3.37363635e-01,
98, 3.46047885e-01,
99, 3.54323368e-01,
100, 3.62186643e-01,
101, 3.69781019e-01,
102, 3.76331781e-01,
103, 3.82339161e-01,
104, 3.49294854e-01,
105, 3.42065399e-01,
106, 3.34189830e-01,
107, 3.25906949e-01,
108, 3.17227645e-01,
109, 3.08048238e-01,
110, 2.98595205e-01,
111, 2.88228509e-01,
112, 2.77999353e-01,
113, 2.67815032e-01,
114, 2.57349149e-01,
115, 2.47347070e-01,
116, 2.37656169e-01,
117, 2.28618138e-01,
118, 2.19950955e-01,
119, 2.12456329e-01,
120, 2.05674125e-01,
121, 2.00542942e-01,
122, 1.95955164e-01,
123, 1.93227441e-01,
124, 1.91880747e-01,
125, 4.07537581e-01,
126, 4.08329639e-01,
127, 4.08545674e-01,
128, 4.07874961e-01,
129, 4.04839785e-01,
130, 4.00248925e-01,
131, 3.89007166e-01,
132, 3.73653492e-01,
133, 3.54081755e-01,
134, 3.30947373e-01,
135, 3.05424014e-01,
136, 2.78528254e-01,
137, 2.50164024e-01,
138, 2.19102041e-01,
139, 6.11176376e-02,
140, 4.07920463e-02,
141, 2.05698236e-02,
142, 3.55682208e-03,
143, 3.46767147e-02,
144, 7.38862481e-02,
145, 1.14653827e-01,
146, 1.50414217e-01,
147, 1.89994796e-01,
148, 1.75962024e-01,
149, 1.46933358e-01,
150, 1.66267789e-01,
151, 1.68379750e-01,
152, 1.63045964e-01,
153, 4.05784775e-01,
154, 4.04636484e-01,
155, 4.02715481e-01,
156, 3.99610584e-01,
157, 3.94812783e-01,
158, 3.87567627e-01,
159, 3.79052731e-01,
160, 3.71402693e-01,
161, 3.64092146e-01,
162, 3.58433936e-01,
163, 3.53588920e-01,
164, 3.46939062e-01,
165, 3.37636062e-01,
166, 3.26631295e-01,
167, 3.14577291e-01,
168, 3.01729021e-01,
169, 2.88214077e-01,
170, 2.74098847e-01,
171, 2.59420182e-01,
172, 2.44224315e-01,
173, 2.28536403e-01,
174, 2.12478106e-01,
175, 1.96184745e-01,
176, 1.79738853e-01,
177, 1.63169050e-01,
178, 1.46837864e-01,
179, 1.30988555e-01,
180, 1.16110860e-01,
181, 1.02852598e-01,
182, 9.20174966e-02,
183, 8.48071272e-02,
184, 3.26488112e-01,
185, 3.37526355e-01,
186, 3.28792769e-01,
187, 3.34092438e-01,
188, 1.84609369e-01,
189, 2.05989166e-01,
190, 2.08652329e-01,
191, 1.75780243e-01,
192, 1.63587960e-01,
193, 1.67802136e-01,
194, 4.07976863e-01,
195, 4.06629886e-01,
196, 4.07084715e-01,
197, 1.28039101e-01,
198, 1.69447650e-01,
199, 3.71905520e-01,
200, 1.39484369e-01,
201, 7.73718340e-02,
202, 3.86277622e-01,
203, 1.71283799e-01,
204, 2.04465343e-01,
205, 2.28482358e-01,
206, 2.02217332e-01,
207, 2.31737249e-01,
208, 2.57626191e-01,
209, 2.40907813e-01,
210, 2.68416918e-01,
211, 1.78263595e-01,
212, 3.33836538e-01,
213, 3.41869907e-01,
214, 3.18581867e-01,
215, 2.61430205e-01,
216, 2.46566936e-01,
217, 2.73625020e-01,
218, 2.10418707e-01,
219, 2.01140574e-01,
220, 2.42583293e-01,
221, 3.96102735e-01,
222, 3.97319714e-01,
223, 3.86778830e-01,
224, 1.45370062e-01,
225, 1.26420252e-01,
226, 3.54344778e-01,
227, 3.32100186e-01,
228, 7.80354155e-02,
229, 3.77200655e-02,
230, 2.81810852e-01,
231, 2.86831957e-01,
232, 2.75773628e-01,
233, 2.83819785e-01,
234, 2.89736106e-01,
235, 2.76854052e-01,
236, 1.11863445e-01,
237, 1.15972366e-01,
238, 1.00133880e-01,
239, 1.65377388e-01,
240, 1.82563412e-01,
241, 1.67528422e-01,
242, 2.19500052e-01,
243, 5.10319322e-02,
244, 3.15636777e-01,
245, 3.23847497e-01,
246, 3.31041565e-01,
247, 3.41031137e-01,
248, 8.65914448e-02,
249, 7.22633631e-02,
250, 7.57060743e-02,
251, 5.65634064e-02,
252, 5.00727566e-02,
253, 6.77906754e-02,
254, 2.67945280e-02,
255, 3.81503338e-02,
256, 3.42556427e-01,
257, 2.22253562e-01,
258, 1.95149764e-01,
259, 1.97847792e-01,
260, 2.12693495e-01,
261, 4.02107737e-01,
262, 4.04306836e-01,
263, 4.01759380e-01,
264, 4.04329751e-01,
265, 4.01547225e-01,
266, 2.55818679e-01,
267, 1.73826169e-01,
268, 1.84879331e-01,
269, 1.73805660e-01,
270, 3.93568028e-01,
271, 3.94952971e-01,
272, 3.98659042e-01,
273, 5.37919259e-02,
274, 3.99688259e-01,
275, 2.24540796e-01,
276, 2.42243882e-01,
277, 2.63919638e-01,
278, 2.54402405e-01,
279, 2.39226992e-01,
280, 6.68206776e-02,
281, 2.96562763e-01,
282, 2.94307753e-01,
283, 2.79699926e-01,
284, 4.05189781e-01,
285, 4.06602735e-01,
286, 3.96143152e-01,
287, 3.90576878e-01,
288, 3.96328025e-01,
289, 3.55726559e-01,
290, 4.05893390e-01,
291, 4.03489372e-01,
292, 4.04826840e-01,
293, 3.54513193e-01,
294, 1.70426198e-01,
295, 1.64024777e-01,
296, 1.82629139e-01,
297, 3.16959612e-01,
298, 1.37511668e-01,
299, 3.62088779e-01,
300, 3.14770418e-01,
301, 2.98015588e-01,
302, 3.11382308e-01,
303, 2.83688444e-01,
304, 2.96167184e-01,
305, 2.03701128e-01,
306, 1.80484111e-01,
307, 3.29078761e-01,
308, 3.88852839e-01,
309, 1.88110942e-01,
310, 3.12193679e-01,
311, 3.19863175e-01,
312, 3.07153605e-01,
313, 3.48959968e-01,
314, 7.88692046e-02,
315, 1.97757075e-01,
316, 2.29515626e-01,
317, 1.45939890e-01,
318, 1.64758366e-01,
319, 3.56150058e-01,
320, 3.34732846e-01,
321, 2.97992681e-01,
322, 2.94569012e-01,
323, 9.44215821e-02,
324, 8.77821109e-02,
325, 1.08689082e-01,
326, 3.74585829e-01,
327, 3.56498043e-01,
328, 3.74938201e-01,
329, 1.81496434e-01,
330, 2.53193522e-01,
331, 2.96754850e-01,
332, 3.48654249e-01,
333, 3.16718477e-01,
334, 3.06185451e-01,
335, 1.10124324e-01,
336, 2.21960491e-01,
337, 4.06404105e-01,
338, 4.07462583e-01,
339, 2.01392454e-01,
340, 4.08336406e-01,
341, 1.49265746e-01,
342, 4.07931894e-01,
343, 3.04977782e-01,
344, 1.63277386e-01,
345, 1.78643000e-01,
346, 2.81117170e-01,
347, 3.05373461e-01,
348, 2.57020925e-01,
349, 1.88971801e-01,
350, 1.98469660e-01,
351, 2.08681707e-01,
352, 2.93778564e-01,
353, 1.14793787e-01,
354, 9.62076083e-02,
355, 2.15391271e-01,
356, 1.97869517e-01,
357, 3.68700913e-01,
358, 1.27582079e-01,
359, 1.26754334e-01,
360, 2.35690961e-01,
361, 1.43718648e-01,
362, 2.69232970e-01,
363, 2.68143072e-01,
364, 2.61646474e-01,
365, 2.52999560e-01,
366, 2.46231375e-01,
367, 2.36699332e-01,
368, 2.27563914e-01,
369, 1.37083680e-01,
370, 1.53350899e-01,
371, 7.53709096e-02,
372, 9.45946381e-02,
373, 1.48589258e-01,
374, 3.61705604e-01,
375, 3.52428771e-01,
376, 3.59104582e-01,
377, 3.54112300e-01,
378, 3.62617860e-01,
379, 3.54684062e-01,
380, 3.54778349e-01,
381, 2.54592475e-01,
382, 2.50128432e-01,
383, 2.64236430e-01,
384, 3.46818885e-01,
385, 3.52472857e-01,
386, 2.45224166e-01,
387, 2.41081099e-01,
388, 3.69824470e-01,
389, 2.15634660e-01,
390, 2.22524996e-01,
391, 2.23359181e-01,
392, 2.03022942e-01,
393, 2.04302623e-01,
394, 2.10201713e-01,
395, 2.13498277e-01,
396, 2.10231549e-01,
397, 2.08396011e-01,
398, 3.62851522e-01,
399, 2.36533740e-01,
400, 2.33530782e-01,
401, 3.46261722e-01,
402, 2.12346463e-01,
403, 2.13963350e-01,
404, 2.27806705e-01,
405, 2.24015594e-01,
406, 2.30298022e-01,
407, 2.21042658e-01,
408, 2.18379932e-01,
409, 2.04390606e-01,
410, 2.39518562e-01,
411, 2.31346019e-01,
412, 2.32103256e-01,
413, 2.48596699e-01,
414, 2.40388793e-01,
415, 2.41113961e-01,
416, 2.58133852e-01,
417, 2.49670568e-01,
418, 2.50561535e-01,
419, 2.59597574e-01,
420, 2.74106719e-01,
421, 2.67989598e-01,
422, 2.59340703e-01,
423, 2.60406279e-01,
424, 3.45123009e-01,
425, 3.40500688e-01,
426, 2.78019007e-01,
427, 2.69330827e-01,
428, 2.70531028e-01,
429, 2.88096016e-01,
430, 2.79412937e-01,
431, 2.80697060e-01,
432, 2.69377636e-01,
433, 2.84116103e-01,
434, 2.98125926e-01,
435, 2.89550784e-01,
436, 2.90820670e-01,
437, 3.07917335e-01,
438, 2.99563998e-01,
439, 3.00872285e-01,
440, 3.17337330e-01,
441, 3.09267459e-01,
442, 3.10462434e-01,
443, 2.79340685e-01,
444, 2.94150653e-01,
445, 3.26319320e-01,
446, 3.18586212e-01,
447, 3.19656078e-01,
448, 3.35318168e-01,
449, 3.27556463e-01,
450, 3.28757006e-01,
451, 3.37267727e-01,
452, 2.89370844e-01,
453, 3.04139459e-01,
454, 2.30485612e-01,
455, 2.22300297e-01,
456, 2.99369206e-01,
457, 3.13967897e-01,
458, 3.45929651e-01,
459, 2.39663495e-01,
460, 3.09199444e-01,
461, 3.23287628e-01,
462, 2.49153383e-01,
463, 3.18699866e-01,
464, 2.58845751e-01,
465, 3.29309027e-01,
466, 3.28445806e-01,
467, 3.18903451e-01,
468, 3.27767792e-01,
469, 3.36357658e-01,
470, 3.09015485e-01,
471, 3.37467024e-01,
472, 2.98999149e-01,
473, 2.88877198e-01,
474, 2.78771680e-01,
475, 2.68748836e-01,
476, 3.70103593e-01,
477, 3.37464904e-01,
478, 3.45857302e-01,
479, 2.16277651e-01,
480, 2.05521853e-01,
481, 2.11357798e-01,
482, 1.98847878e-01,
483, 2.06934150e-01,
484, 2.02596450e-01,
485, 1.90728247e-01,
486, 3.58371286e-01,
487, 3.60954832e-01,
488, 3.76605725e-01,
489, 2.00925803e-01,
490, 2.04865390e-01,
491, 3.69133296e-01,
492, 3.80387540e-01,
493, 2.00059507e-01,
501, 4.05202476e-01,
502, 1.87357024e-01,
503, 3.68189307e-02,
504, 3.87642293e-01,
505, 3.89096555e-01,
506, 3.84183717e-01,
507, 3.86604665e-01,
508, 1.85488284e-01,
509, 1.84466633e-01,
510, 1.50769777e-01,
511, 1.90253054e-01,
512, 3.60127919e-01,
513, 1.91984189e-01,
514, 3.56110039e-01,
515, 4.06161406e-01,
516, 4.04621786e-01,
517, 4.03190904e-01,
518, 4.00768050e-01,
519, 3.96680515e-01,
520, 3.90070012e-01,
521, 3.81047865e-01,
522, 3.72172113e-01,
523, 3.64113667e-01,
524, 3.57753996e-01,
525, 3.52510075e-01,
526, 3.45239975e-01,
527, 3.34989011e-01,
528, 3.22818775e-01,
529, 3.09478258e-01,
530, 2.95226525e-01,
531, 2.80219803e-01,
532, 2.64553208e-01,
533, 2.48281227e-01,
534, 2.31506784e-01,
535, 2.14219292e-01,
536, 1.96807133e-01,
537, 1.79334014e-01,
538, 1.61937048e-01,
539, 1.45104662e-01,
540, 1.29230015e-01,
541, 1.15129972e-01,
542, 1.03709286e-01,
543, 9.60966782e-02,
544, 1.86171681e-01,
545, 1.83600474e-01,
546, 1.79065047e-01,
547, 1.74970933e-01,
548, 1.69008607e-01,
549, 1.63971974e-01,
550, 1.59745212e-01,
551, 1.55517442e-01,
552, 3.91919204e-02,
553, 6.58277584e-02,
554, 7.99543437e-02,
555, 6.89055326e-02,
556, 1.06601069e-01,
557, 1.46231123e-01,
558, 3.87526615e-01,
559, 3.87744559e-01,
560, 3.85474380e-01,
561, 1.65130863e-01,
562, 1.52114227e-01,
563, 1.64124498e-01,
564, 1.78147456e-01,
565, 3.66637691e-01,
566, 3.73762575e-01,
567, 3.80740094e-01,
568, 3.59096604e-01,
569, 3.77370057e-01,
570, 3.70208397e-01,
571, 3.63239579e-01,
572, 1.92532122e-01,
573, 1.99762261e-01,
574, 2.02849971e-01,
575, 1.98741729e-01,
576, 1.96764036e-01,
577, 2.07315850e-01,
578, 2.17884711e-01,
579, 2.27825003e-01,
580, 2.37888755e-01,
581, 2.47774438e-01,
582, 2.57919581e-01,
583, 2.67888655e-01,
584, 2.78112844e-01,
585, 2.88241789e-01,
586, 2.98493578e-01,
587, 3.08665299e-01,
588, 3.18714770e-01,
589, 3.28646359e-01,
590, 3.37363635e-01,
591, 3.46047885e-01,
592, 3.54323368e-01,
593, 3.62186643e-01,
594, 3.69781019e-01,
595, 3.76331781e-01,
596, 3.82339161e-01,
597, 3.49294854e-01,
598, 3.42065399e-01,
599, 3.34189830e-01,
600, 3.25906949e-01,
601, 3.17227645e-01,
602, 3.08048238e-01,
603, 2.98595205e-01,
604, 2.88228509e-01,
605, 2.77999353e-01,
606, 2.67815032e-01,
607, 2.57349149e-01,
608, 2.47347070e-01,
609, 2.37656169e-01,
610, 2.28618138e-01,
611, 2.19950955e-01,
612, 2.12456329e-01,
613, 2.05674125e-01,
614, 2.00542941e-01,
615, 1.95955164e-01,
616, 1.93227441e-01,
617, 1.91880747e-01,
618, 4.07537581e-01,
619, 4.08329639e-01,
620, 4.08545674e-01,
621, 4.07874961e-01,
622, 4.04839785e-01,
623, 4.00248925e-01,
624, 3.89007166e-01,
625, 3.73653492e-01,
626, 3.54081755e-01,
627, 3.30947373e-01,
628, 3.05424014e-01,
629, 2.78528254e-01,
630, 2.50164024e-01,
631, 2.19102041e-01,
632, 4.05784775e-01,
633, 4.04636484e-01,
634, 4.02715481e-01,
635, 3.99610584e-01,
636, 3.94812783e-01,
637, 3.87567627e-01,
638, 3.79052731e-01,
639, 3.71402693e-01,
640, 3.64092146e-01,
641, 3.58433936e-01,
642, 3.53588920e-01,
643, 3.46939062e-01,
644, 3.37636062e-01,
645, 3.26631295e-01,
646, 3.14577291e-01,
647, 3.01729021e-01,
648, 2.88214077e-01,
649, 2.74098847e-01,
650, 2.59420182e-01,
651, 2.44224315e-01,
652, 2.28536403e-01,
653, 2.12478106e-01,
654, 1.96184745e-01,
655, 1.79738853e-01,
656, 1.63169050e-01,
657, 1.46837864e-01,
658, 1.30988555e-01,
659, 1.16110860e-01,
660, 1.02852598e-01,
661, 9.20174966e-02,
662, 8.48071272e-02,
663, 3.26488112e-01,
664, 3.37526355e-01,
665, 3.28792769e-01,
666, 3.34092438e-01,
667, 1.84609369e-01,
668, 2.05989166e-01,
669, 2.08652329e-01,
670, 1.75780243e-01,
671, 1.63587960e-01,
672, 1.67802136e-01,
673, 4.07976863e-01,
674, 4.06629886e-01,
675, 4.07084715e-01,
676, 1.28039101e-01,
677, 1.69447650e-01,
678, 3.71905520e-01,
679, 1.39484369e-01,
680, 7.73718340e-02,
681, 3.86277622e-01,
682, 1.71283799e-01,
683, 2.04465343e-01,
684, 2.28482358e-01,
685, 2.02217332e-01,
686, 2.31737249e-01,
687, 2.57626191e-01,
688, 2.40907813e-01,
689, 2.68416918e-01,
690, 1.78263595e-01,
691, 3.33836538e-01,
692, 3.41869907e-01,
693, 3.18581867e-01,
694, 2.61430205e-01,
695, 2.46566936e-01,
696, 2.73625020e-01,
697, 2.10418707e-01,
698, 2.01140574e-01,
699, 2.42583293e-01,
700, 3.96102735e-01,
701, 3.97319714e-01,
702, 3.86778830e-01,
703, 1.45370062e-01,
704, 1.26420252e-01,
705, 3.54344778e-01,
706, 3.32100186e-01,
707, 7.80354155e-02,
708, 3.77200655e-02,
709, 2.81810852e-01,
710, 2.86831957e-01,
711, 2.75773628e-01,
712, 2.83819785e-01,
713, 2.89736106e-01,
714, 2.76854052e-01,
715, 1.11863445e-01,
716, 1.15972366e-01,
717, 1.00133880e-01,
718, 1.65377388e-01,
719, 1.82563412e-01,
720, 1.67528422e-01,
721, 2.19500052e-01,
722, 5.10319322e-02,
723, 3.15636777e-01,
724, 3.23847497e-01,
725, 3.31041565e-01,
726, 3.41031137e-01,
727, 8.65914448e-02,
728, 7.22633631e-02,
729, 7.57060743e-02,
730, 5.65634063e-02,
731, 5.00727566e-02,
732, 6.77906753e-02,
733, 2.67945280e-02,
734, 3.81503338e-02,
735, 3.42556427e-01,
736, 2.22253562e-01,
737, 1.95149764e-01,
738, 1.97847792e-01,
739, 2.12693495e-01,
740, 4.02107737e-01,
741, 4.04306836e-01,
742, 4.01759380e-01,
743, 4.04329751e-01,
744, 4.01547225e-01,
745, 2.55818679e-01,
746, 1.73826169e-01,
747, 1.84879331e-01,
748, 1.73805660e-01,
749, 3.93568028e-01,
750, 3.94952971e-01,
751, 3.98659042e-01,
752, 5.37919259e-02,
753, 3.99688259e-01,
754, 2.24540796e-01,
755, 2.42243882e-01,
756, 2.63919638e-01,
757, 2.54402405e-01,
758, 2.39226992e-01,
759, 6.68206776e-02,
760, 2.96562763e-01,
761, 2.94307753e-01,
762, 2.79699926e-01,
763, 4.05189781e-01,
764, 4.06602735e-01,
765, 3.96143152e-01,
766, 3.90576878e-01,
767, 3.96328025e-01,
768, 3.55726559e-01,
769, 4.05893390e-01,
770, 4.03489372e-01,
771, 4.04826840e-01,
772, 3.54513193e-01,
773, 1.70426198e-01,
774, 1.64024777e-01,
775, 1.82629139e-01,
776, 3.16959612e-01,
777, 1.37511668e-01,
778, 3.62088779e-01,
779, 3.14770418e-01,
780, 2.98015588e-01,
781, 3.11382307e-01,
782, 2.83688444e-01,
783, 2.96167184e-01,
784, 2.03701128e-01,
785, 1.80484111e-01,
786, 3.29078761e-01,
787, 3.88852839e-01,
788, 1.88110942e-01,
789, 3.12193679e-01,
790, 3.19863175e-01,
791, 3.07153605e-01,
792, 3.48959967e-01,
793, 7.88692045e-02,
794, 1.97757075e-01,
795, 2.29515626e-01,
796, 1.45939890e-01,
797, 1.64758366e-01,
798, 3.56150058e-01,
799, 3.34732846e-01,
800, 2.97992681e-01,
801, 2.94569012e-01,
802, 9.44215821e-02,
803, 8.77821109e-02,
804, 1.08689082e-01,
805, 3.74585829e-01,
806, 3.56498043e-01,
807, 3.74938201e-01,
808, 1.81496434e-01,
809, 2.53193522e-01,
810, 2.96754850e-01,
811, 3.48654249e-01,
812, 3.16718477e-01,
813, 3.06185451e-01,
814, 1.10124324e-01,
815, 2.21960491e-01,
816, 4.06404105e-01,
817, 4.07462583e-01,
818, 2.01392454e-01,
819, 4.08336406e-01,
820, 1.49265746e-01,
821, 4.07931894e-01,
822, 3.04977782e-01,
823, 1.63277386e-01,
824, 1.78643000e-01,
825, 2.81117170e-01,
826, 3.05373461e-01,
827, 2.57020925e-01,
828, 1.88971801e-01,
829, 1.98469660e-01,
830, 2.08681707e-01,
831, 2.93778564e-01,
832, 1.14793787e-01,
833, 9.62076082e-02,
834, 2.15391271e-01,
835, 1.97869517e-01,
836, 3.68700913e-01,
837, 1.27582079e-01,
838, 1.26754334e-01,
839, 2.35690961e-01,
840, 1.43718648e-01,
841, 2.69232970e-01,
842, 2.68143072e-01,
843, 2.61646474e-01,
844, 2.52999560e-01,
845, 2.46231375e-01,
846, 2.36699332e-01,
847, 2.27563914e-01,
848, 1.37083680e-01,
849, 1.53350899e-01,
850, 7.53709096e-02,
851, 9.45946381e-02,
852, 1.48589258e-01,
853, 3.61705604e-01,
854, 3.52428771e-01,
855, 3.59104582e-01,
856, 3.54112300e-01,
857, 3.62617860e-01,
858, 3.54684062e-01,
859, 3.54778349e-01,
860, 2.54592475e-01,
861, 2.50128432e-01,
862, 2.64236430e-01,
863, 3.46818885e-01,
864, 3.52472857e-01,
865, 2.45224166e-01,
866, 2.41081099e-01,
867, 3.69824470e-01,
868, 2.15634660e-01,
869, 2.22524996e-01,
870, 2.23359181e-01,
871, 2.03022942e-01,
872, 2.04302623e-01,
873, 2.10201713e-01,
874, 2.13498277e-01,
875, 2.10231549e-01,
876, 2.08396011e-01,
877, 3.62851522e-01,
878, 2.36533740e-01,
879, 2.33530782e-01,
880, 3.46261722e-01,
881, 2.12346463e-01,
882, 2.13963350e-01,
883, 2.27806705e-01,
884, 2.24015594e-01,
885, 2.30298022e-01,
886, 2.21042658e-01,
887, 2.18379932e-01,
888, 2.04390606e-01,
889, 2.39518562e-01,
890, 2.31346019e-01,
891, 2.32103256e-01,
892, 2.48596699e-01,
893, 2.40388793e-01,
894, 2.41113961e-01,
895, 2.58133852e-01,
896, 2.49670568e-01,
897, 2.50561535e-01,
898, 2.59597574e-01,
899, 2.74106719e-01,
900, 2.67989598e-01,
901, 2.59340703e-01,
902, 2.60406279e-01,
903, 3.45123009e-01,
904, 3.40500688e-01,
905, 2.78019007e-01,
906, 2.69330827e-01,
907, 2.70531028e-01,
908, 2.88096016e-01,
909, 2.79412937e-01,
910, 2.80697060e-01,
911, 2.69377636e-01,
912, 2.84116103e-01,
913, 2.98125926e-01,
914, 2.89550784e-01,
915, 2.90820670e-01,
916, 3.07917335e-01,
917, 2.99563998e-01,
918, 3.00872285e-01,
919, 3.17337330e-01,
920, 3.09267459e-01,
921, 3.10462434e-01,
922, 2.79340685e-01,
923, 2.94150653e-01,
924, 3.26319320e-01,
925, 3.18586212e-01,
926, 3.19656078e-01,
927, 3.35318168e-01,
928, 3.27556463e-01,
929, 3.28757005e-01,
930, 3.37267727e-01,
931, 2.89370844e-01,
932, 3.04139459e-01,
933, 2.30485612e-01,
934, 2.22300297e-01,
935, 2.99369206e-01,
936, 3.13967897e-01,
937, 3.45929651e-01,
938, 2.39663495e-01,
939, 3.09199444e-01,
940, 3.23287628e-01,
941, 2.49153383e-01,
942, 3.18699866e-01,
943, 2.58845751e-01,
944, 3.29309027e-01,
945, 3.28445806e-01,
946, 3.18903451e-01,
947, 3.27767792e-01,
948, 3.36357658e-01,
949, 3.09015485e-01,
950, 3.37467024e-01,
951, 2.98999149e-01,
952, 2.88877198e-01,
953, 2.78771680e-01,
954, 2.68748836e-01,
955, 3.70103593e-01,
956, 3.37464904e-01,
957, 3.45857302e-01,
958, 2.16277651e-01,
959, 2.05521853e-01,
960, 2.11357798e-01,
961, 1.98847878e-01,
962, 2.06934150e-01,
963, 2.02596450e-01,
964, 1.90728247e-01,
965, 3.58371286e-01,
966, 3.60954832e-01,
967, 3.76605725e-01,
968, 2.00925803e-01,
969, 2.04865390e-01,
970, 3.69133296e-01,
971, 3.80387539e-01,
972, 2.00059507e-01,
-1,0.,
1,80031,1,
MODE_003_UX_44869.3Hz
0.,-1.,0.,
80031,0,0,0,0,0,0,0,0,0,
0,0,0,0,0,0,0,0,0,0,
0,0,3,7,
0,1,1,
1,-6.26234462e-02,
2,-2.16123890e-01,
3, 1.16088544e-01,
4, 1.00549284e-02,
5, 2.96595516e-02,
6, 2.26976927e-02,
7,-9.00372518e-02,
8,-5.75208575e-02,
9,-1.32252824e-02,
10,-2.23767218e-02,
11,-2.82209919e-02,
12,-4.58723844e-02,
13,-3.64342721e-02,
14,-9.67954493e-02,
15,-1.48527858e-01,
16,-1.08688943e-01,
17,-1.12149135e-01,
18,-5.92171651e-02,
19,-2.15806445e-01,
20,-6.25159745e-02,
21,-6.30210495e-02,
22,-6.48850048e-02,
23,-7.13995881e-02,
24,-9.03599231e-02,
25,-1.26092639e-01,
26,-1.59295580e-01,
27,-1.70832046e-01,
28,-1.58716506e-01,
29,-1.35717170e-01,
30,-1.25890031e-01,
31,-1.28224191e-01,
32,-1.35558099e-01,
33,-1.44118854e-01,
34,-1.52782641e-01,
35,-1.60910286e-01,
36,-1.68494133e-01,
37,-1.75548650e-01,
38,-1.82051241e-01,
39,-1.87668992e-01,
40,-1.92939464e-01,
41,-1.97433912e-01,
42,-2.01333423e-01,
43,-2.04870235e-01,
44,-2.08021326e-01,
45,-2.10698231e-01,
46,-2.12926496e-01,
47,-2.14859248e-01,
48, 1.13811362e-01,
49, 1.09122329e-01,
50, 1.00545353e-01,
51, 9.01697719e-02,
52, 7.52531984e-02,
53, 6.04452640e-02,
54, 4.41715365e-02,
55, 2.68267387e-02,
56, 2.59423317e-03,
57, 8.49582835e-03,
58, 1.48991638e-02,
59, 5.21540634e-02,
60, 7.80032067e-02,
61, 9.73019876e-02,
62, 1.86920433e-02,
63, 2.44931537e-02,
64, 2.21091201e-02,
65,-7.62255508e-02,
66,-4.01324882e-02,
67,-2.66341470e-02,
68,-4.32988743e-02,
69,-4.21394366e-02,
70,-4.85641187e-02,
71,-7.05504023e-02,
72,-1.54731760e-01,
73,-1.45534786e-01,
74,-1.23445625e-01,
75,-1.32077905e-01,
76,-2.97464585e-02,
77,-5.41639203e-02,
78,-8.00818582e-02,
79,-1.01054540e-01,
80,-1.04530949e-01,
81,-9.24146545e-02,
82,-7.29678609e-02,
83,-2.44858136e-02,
84,-2.10441173e-02,
85,-1.87524309e-02,
86,-1.63533363e-02,
87,-1.45516634e-02,
88,-1.28668585e-02,
89,-1.14786471e-02,
90,-1.01983620e-02,
91,-9.29163873e-03,
92,-8.80120833e-03,
93,-8.42083641e-03,
94,-8.30366765e-03,
95,-8.38604960e-03,
96,-8.45659616e-03,
97,-9.39510882e-03,
98,-1.00111550e-02,
99,-1.04624845e-02,
100,-1.10758637e-02,
101,-1.04781812e-02,
102,-1.19987121e-02,
103,-1.42737286e-02,
104,-1.06477634e-01,
105,-1.02566015e-01,
106,-9.91058165e-02,
107,-9.64080716e-02,
108,-9.40438313e-02,
109,-9.25317394e-02,
110,-9.15587611e-02,
111,-9.08407142e-02,
112,-9.02202798e-02,
113,-9.00099112e-02,
114,-8.99733122e-02,
115,-9.03880970e-02,
116,-9.09925838e-02,
117,-9.19461231e-02,
118,-9.31062213e-02,
119,-9.50701908e-02,
120,-9.70746758e-02,
121,-9.99944196e-02,
122,-1.02396235e-01,
123,-1.05648487e-01,
124,-1.08596232e-01,
125,-5.28402782e-02,
126,-4.69986507e-02,
127,-4.12379346e-02,
128,-3.37204980e-02,
129,-1.82067552e-02,
130, 6.50056641e-03,
131, 3.81137098e-02,
132, 6.65090530e-02,
133, 8.99780998e-02,
134, 1.07952431e-01,
135, 1.20581354e-01,
136, 1.28635975e-01,
137, 1.30312280e-01,
138, 1.25347430e-01,
139,-2.14913143e-01,
140,-2.12808098e-01,
141,-2.09879431e-01,
142,-2.05144073e-01,
143,-1.95666302e-01,
144,-1.81071763e-01,
145,-1.61539199e-01,
146,-1.40284784e-01,
147,-1.20387024e-01,
148,-8.84062340e-02,
149,-4.70078742e-02,
150,-3.10134802e-02,
151,-1.44866612e-02,
152,-7.88812455e-04,
153,-5.91331354e-02,
154,-5.92565342e-02,
155,-6.02365809e-02,
156,-6.36454464e-02,
157,-7.36751992e-02,
158,-9.76646336e-02,
159,-1.33063613e-01,
160,-1.59455839e-01,
161,-1.66814794e-01,
162,-1.54069341e-01,
163,-1.32696372e-01,
164,-1.22676120e-01,
165,-1.23628534e-01,
166,-1.29789019e-01,
167,-1.37527184e-01,
168,-1.45656356e-01,
169,-1.53516236e-01,
170,-1.60868760e-01,
171,-1.67795470e-01,
172,-1.74277354e-01,
173,-1.80248768e-01,
174,-1.85601976e-01,
175,-1.90596185e-01,
176,-1.95109145e-01,
177,-1.98878689e-01,
178,-2.02276649e-01,
179,-2.05418157e-01,
180,-2.08297757e-01,
181,-2.10722217e-01,
182,-2.12760235e-01,
183,-2.14592103e-01,
184,-1.18340895e-01,
185,-1.12387551e-01,
186,-1.11167546e-01,
187,-1.18021575e-01,
188,-1.17703478e-01,
189,-1.07803089e-01,
190,-7.34892835e-05,
191, 3.54059455e-02,
192, 2.66320316e-02,
193, 1.09585185e-02,
194,-5.00707011e-02,
195,-5.31252807e-02,
196,-5.48059784e-02,
197,-1.53644240e-01,
198,-1.37011573e-01,
199, 4.65855501e-03,
200,-1.60517434e-01,
201,-1.80591502e-01,
202,-6.88776670e-03,
203,-1.22879293e-01,
204, 1.13287312e-01,
205, 1.24140821e-01,
206, 1.19042471e-01,
207, 1.22767695e-03,
208, 1.61516440e-02,
209, 3.18379261e-02,
210, 6.26101919e-02,
211,-1.16887475e-01,
212, 4.34276431e-02,
213, 6.75988921e-02,
214, 5.89344194e-02,
215,-1.14627165e-01,
216,-1.44761105e-01,
217,-1.28260643e-01,
218,-1.53152499e-01,
219,-1.35922972e-01,
220,-1.05522270e-01,
221,-2.97512217e-02,
222,-4.04275275e-03,
223, 1.11743539e-02,
224,-1.98607545e-01,
225,-2.02081211e-01,
226, 1.68729249e-02,
227, 1.65787692e-02,
228,-1.92907932e-01,
229,-1.97245743e-01,
230,-1.51807797e-01,
231,-1.45055612e-01,
232,-1.49503747e-01,
233,-1.41312030e-01,
234, 4.29854612e-02,
235, 8.73033754e-03,
236,-1.88580611e-01,
237,-1.78797620e-01,
238,-1.95627943e-01,
239,-1.89356828e-01,
240,-1.83939582e-01,
241,-1.82208602e-01,
242,-1.09062654e-01,
243,-2.12835362e-01,
244,-1.10216690e-01,
245,-1.24018711e-01,
246,-1.22839267e-01,
247,-1.17714227e-01,
248,-2.10920484e-01,
249,-2.08962390e-01,
250,-2.12397591e-01,
251,-2.11088264e-01,
252,-2.07635225e-01,
253,-2.04917299e-01,
254,-2.05952989e-01,
255,-2.10124972e-01,
256,-1.14301280e-01,
257, 6.35894065e-02,
258, 6.02865868e-02,
259, 3.72844056e-02,
260, 8.76140687e-02,
261,-5.25564363e-02,
262,-4.93031600e-02,
263,-4.91027950e-02,
264,-4.55267085e-02,
265,-4.25779562e-02,
266, 1.24288820e-01,
267, 5.65964194e-02,
268, 3.02560094e-02,
269, 8.87445939e-03,
270,-6.19635424e-02,
271,-6.77563156e-02,
272,-5.56167213e-02,
273,-2.01171387e-01,
274,-5.90908415e-02,
275, 3.62491682e-02,
276, 5.70584711e-02,
277,-1.42041316e-01,
278,-1.51392847e-01,
279,-1.57322479e-01,
280,-2.14022948e-01,
281,-1.08363929e-01,
282,-1.22883333e-01,
283,-1.35756371e-01,
284,-2.44777537e-02,
285,-3.84775498e-02,
286,-4.23895751e-02,
287,-4.49263089e-02,
288,-5.28429174e-02,
289,-1.26437073e-01,
290,-5.06355634e-02,
291,-5.41454587e-02,
292,-5.52986546e-02,
293,-1.17034865e-01,
294,-1.07088284e-02,
295,-2.50073538e-02,
296, 5.39585594e-03,
297,-1.24233963e-01,
298,-1.44857233e-01,
299,-1.59531238e-01,
300, 1.13613806e-01,
301, 1.12303994e-01,
302, 1.01631882e-01,
303, 9.99595324e-02,
304, 7.95949286e-02,
305, 2.19069123e-02,
306,-1.82286752e-02,
307, 8.48184074e-02,
308, 2.63362578e-02,
309, 8.08527771e-02,
310,-1.30314454e-01,
311,-1.29996926e-01,
312,-1.37385144e-01,
313,-1.15763719e-01,
314,-2.00147016e-01,
315, 9.92931122e-02,
316, 1.09684903e-01,
317,-1.94169581e-01,
318,-1.94458831e-01,
319, 7.74307321e-02,
320, 1.00776883e-01,
321,-1.37158306e-01,
322,-1.44657563e-01,
323,-2.08521559e-01,
324,-2.04793541e-01,
325,-2.05772963e-01,
326, 2.94797011e-02,
327, 4.73744451e-02,
328, 5.20436560e-02,
329,-1.89652692e-01,
330, 8.37238166e-02,
331, 1.21234095e-01,
332,-1.12807727e-01,
333,-1.19370230e-01,
334,-1.28856096e-01,
335,-2.01740370e-01,
336,-1.60804319e-01,
337,-4.54726270e-02,
338,-4.77308003e-02,
339,-1.67514946e-01,
340,-4.56548518e-02,
341,-1.88209218e-01,
342,-4.20868417e-02,
343, 1.72095796e-02,
344,-1.65798274e-01,
345,-1.72276848e-01,
346, 1.19893651e-01,
347,-1.22897134e-01,
348, 1.07625780e-01,
349,-1.77005089e-01,
350,-1.79547148e-01,
351,-1.71970362e-01,
352,-1.32068901e-01,
353,-1.97510843e-01,
354,-2.00137658e-01,
355,-1.77955158e-01,
356,-1.84596802e-01,
357,-1.59579002e-01,
358,-1.98044569e-01,
359,-1.92287645e-01,
360, 9.31748667e-02,
361,-1.81472123e-01,
362,-1.46688575e-01,
363,-1.58000063e-01,
364,-1.55097177e-01,
365,-1.64360835e-01,
366,-1.60783545e-01,
367,-1.70909408e-01,
368,-1.67226172e-01,
369, 6.44309584e-02,
370, 9.93628241e-02,
371, 4.90872788e-02,
372, 3.43074983e-02,
373, 3.76738490e-02,
374,-4.35264160e-02,
375,-6.62805054e-02,
376,-6.34342489e-02,
377,-4.81273311e-02,
378,-2.03648167e-02,
379,-2.20560956e-02,
380,-3.44132824e-02,
381,-4.08610599e-02,
382,-5.54986003e-02,
383,-3.98042951e-02,
384,-8.55003627e-02,
385,-8.83084073e-02,
386,-4.23010985e-02,
387,-5.68160483e-02,
388,-3.20963187e-02,
389,-8.66658384e-02,
390,-8.22314574e-02,
391,-7.39430288e-02,
392,-9.16719045e-02,
393,-9.16723210e-02,
394,-7.77282344e-02,
395,-6.19417966e-02,
396,-5.53946073e-02,
397,-7.58861210e-02,
398,-2.88065682e-02,
399,-4.39557292e-02,
400,-5.82485694e-02,
401,-5.27490344e-02,
402,-8.01546979e-02,
403,-8.38244634e-02,
404,-4.63870992e-02,
405,-6.31891134e-02,
406,-6.93911653e-02,
407,-4.64071300e-02,
408,-6.24232005e-02,
409,-8.92016553e-02,
410,-6.81366356e-02,
411,-7.52618357e-02,
412,-8.06008908e-02,
413,-6.69872836e-02,
414,-7.39584985e-02,
415,-7.94839506e-02,
416,-6.61679156e-02,
417,-7.30075268e-02,
418,-7.86886546e-02,
419,-5.45103215e-02,
420,-3.90430538e-02,
421,-6.55958638e-02,
422,-7.23212395e-02,
423,-7.81215387e-02,
424,-6.83488207e-02,
425,-8.28847293e-02,
426,-6.52839180e-02,
427,-7.18758476e-02,
428,-7.78634877e-02,
429,-6.52728503e-02,
430,-7.17201237e-02,
431,-7.79222083e-02,
432,-5.38062112e-02,
433,-3.85543432e-02,
434,-6.55045661e-02,
435,-7.19161866e-02,
436,-7.82575334e-02,
437,-6.59293635e-02,
438,-7.22748854e-02,
439,-7.87691550e-02,
440,-6.66986968e-02,
441,-7.28819289e-02,
442,-7.95927679e-02,
443,-5.33560756e-02,
444,-3.82865805e-02,
445,-6.78648081e-02,
446,-7.39207791e-02,
447,-8.08317463e-02,
448,-6.87479073e-02,
449,-7.52634954e-02,
450,-8.22705371e-02,
451,-7.59887658e-02,
452,-5.31482497e-02,
453,-3.81995483e-02,
454,-2.95295371e-02,
455,-3.15985751e-02,
456,-5.31677038e-02,
457,-3.82844208e-02,
458,-3.70769594e-02,
459,-2.76145377e-02,
460,-5.33982023e-02,
461,-3.86820858e-02,
462,-2.60336608e-02,
463,-5.38864483e-02,
464,-2.47166920e-02,
465,-4.17944682e-02,
466,-2.23737141e-02,
467,-2.20806142e-02,
468,-5.46890128e-02,
469,-5.56214997e-02,
470,-2.20340786e-02,
471,-3.90264883e-02,
472,-2.21272925e-02,
473,-2.23920705e-02,
474,-2.28798635e-02,
475,-2.36414756e-02,
476,-2.20622442e-02,
477,-2.29963039e-02,
478,-2.32988762e-02,
479,-4.14650626e-02,
480,-4.59992036e-02,
481,-3.62177590e-02,
482,-3.77344162e-02,
483,-7.00179364e-02,
484,-6.32757939e-02,
485,-4.18449326e-02,
486,-8.85653586e-02,
487,-7.09850394e-02,
488,-1.61397271e-02,
489,-1.02361039e-01,
490,-8.64842091e-02,
491,-4.53024978e-02,
492,-1.35943605e-02,
493,-9.92181215e-02,
501, 4.42806642e-02,
502,-8.20876866e-02,
503,-2.09706934e-02,
504,-2.59141321e-02,
505,-1.97812710e-02,
506,-1.20826804e-01,
507,-9.78845674e-02,
508,-9.20809239e-02,
509,-9.04877709e-02,
510,-6.83449214e-02,
511,-1.26058286e-01,
512,-1.10016609e-01,
513,-1.23882728e-01,
514,-1.76372098e-01,
515, 4.18704771e-02,
516, 2.69743057e-02,
517, 9.26056936e-03,
518,-9.40981066e-03,
519,-2.79520506e-02,
520,-4.17932844e-02,
521,-4.31284942e-02,
522,-3.99500823e-02,
523,-4.86899182e-02,
524,-7.58576687e-02,
525,-1.17541724e-01,
526,-1.50959610e-01,
527,-1.70964346e-01,
528,-1.82525353e-01,
529,-1.90006152e-01,
530,-1.95274643e-01,
531,-1.99516982e-01,
532,-2.03097123e-01,
533,-2.06125161e-01,
534,-2.08681765e-01,
535,-2.10943313e-01,
536,-2.12858793e-01,
537,-2.14521384e-01,
538,-2.15818659e-01,
539,-2.16928451e-01,
540,-2.17413117e-01,
541,-2.17773294e-01,
542,-2.17857844e-01,
543,-2.17168843e-01,
544,-8.04097587e-02,
545,-7.72894636e-02,
546,-7.09377218e-02,
547,-6.23439099e-02,
548,-4.98629807e-02,
549,-3.67714603e-02,
550,-2.24563006e-02,
551,-6.59270091e-03,
552, 1.67335742e-02,
553, 2.41795626e-02,
554, 2.41875054e-02,
555,-3.68762804e-02,
556,-5.51554018e-02,
557,-6.88027144e-02,
558,-1.38206177e-02,
559,-4.32499884e-02,
560,-7.54753768e-02,
561,-7.76433648e-02,
562,-6.83437730e-02,
563,-9.89758748e-02,
564,-1.16965905e-01,
565,-7.08536452e-02,
566,-4.36558622e-02,
567,-3.00728696e-02,
568,-1.50165776e-01,
569,-1.64265446e-01,
570,-1.82821554e-01,
571,-1.87754412e-01,
572,-1.29390689e-01,
573,-1.05088869e-01,
574,-9.39610052e-02,
575,-8.88760389e-02,
576,-1.06647878e-01,
577,-1.19451922e-01,
578,-1.29591269e-01,
579,-1.39044228e-01,
580,-1.46207293e-01,
581,-1.51814845e-01,
582,-1.56226948e-01,
583,-1.59773423e-01,
584,-1.61960655e-01,
585,-1.63240535e-01,
586,-1.63408441e-01,
587,-1.62772048e-01,
588,-1.61389447e-01,
589,-1.59131792e-01,
590,-1.54646192e-01,
591,-1.50046506e-01,
592,-1.45050887e-01,
593,-1.39097858e-01,
594,-1.33947731e-01,
595,-1.25718108e-01,
596,-1.15752240e-01,
597,-1.74873396e-01,
598,-1.74198286e-01,
599,-1.75450415e-01,
600,-1.77884536e-01,
601,-1.80978473e-01,
602,-1.83675445e-01,
603,-1.85844413e-01,
604,-1.87104029e-01,
605,-1.88127559e-01,
606,-1.88624787e-01,
607,-1.87810432e-01,
608,-1.86071910e-01,
609,-1.83811008e-01,
610,-1.80604438e-01,
611,-1.76156678e-01,
612,-1.70381176e-01,
613,-1.63703934e-01,
614,-1.55840295e-01,
615,-1.47622035e-01,
616,-1.38134219e-01,
617,-1.28998437e-01,
618, 3.73606911e-02,
619, 3.32301049e-02,
620, 2.91563596e-02,
621, 2.38394174e-02,
622, 1.28672320e-02,
623,-4.60587391e-03,
624,-2.69600996e-02,
625,-4.70376292e-02,
626,-6.36315217e-02,
627,-7.63400165e-02,
628,-8.52687709e-02,
629,-9.09631402e-02,
630,-9.21471488e-02,
631,-8.86354753e-02,
632, 2.62746421e-02,
633, 1.05202170e-02,
634,-5.88691559e-03,
635,-2.15933023e-02,
636,-3.44235027e-02,
637,-3.91139414e-02,
638,-3.66308562e-02,
639,-4.07497505e-02,
640,-5.67704326e-02,
641,-8.69787695e-02,
642,-1.25957950e-01,
643,-1.54465318e-01,
644,-1.71320042e-01,
645,-1.81467580e-01,
646,-1.88445707e-01,
647,-1.93513346e-01,
648,-1.97632081e-01,
649,-2.01190303e-01,
650,-2.04245688e-01,
651,-2.06889642e-01,
652,-2.09191899e-01,
653,-2.11308257e-01,
654,-2.13099467e-01,
655,-2.14619817e-01,
656,-2.15765721e-01,
657,-2.16788227e-01,
658,-2.17388902e-01,
659,-2.17773241e-01,
660,-2.17998447e-01,
661,-2.17629733e-01,
662,-2.16858454e-01,
663,-1.86976690e-01,
664,-1.81649714e-01,
665,-1.82293308e-01,
666,-1.84298286e-01,
667,-1.69144539e-01,
668,-1.79458913e-01,
669,-1.08887781e-01,
670,-4.16387512e-02,
671,-1.82600494e-02,
672,-2.26528621e-02,
673, 2.44671372e-02,
674, 1.28799174e-02,
675, 2.84633083e-02,
676,-1.75543591e-01,
677,-1.86469998e-01,
678,-1.26145366e-01,
679,-1.96930594e-01,
680,-1.95042103e-01,
681,-1.04091325e-01,
682,-1.49118292e-01,
683,-8.56160639e-02,
684,-9.45617478e-02,
685,-8.60802861e-02,
686,-1.34138930e-01,
687,-1.45170490e-01,
688,-1.25660100e-01,
689,-1.30256757e-01,
690,-1.31865648e-01,
691,-1.41981714e-01,
692,-1.25368903e-01,
693,-1.40312045e-01,
694,-1.95054294e-01,
695,-2.03886520e-01,
696,-1.97725549e-01,
697,-2.05193784e-01,
698,-1.98805351e-01,
699,-1.91702183e-01,
700,-5.14026523e-02,
701,-4.80474203e-02,
702,-9.20628031e-02,
703,-2.16635263e-01,
704,-2.17331830e-01,
705,-1.40270700e-01,
706,-1.52685485e-01,
707,-2.10177085e-01,
708,-2.05693306e-01,
709,-1.99808722e-01,
710,-1.98750475e-01,
711,-2.01062946e-01,
712,-1.99108208e-01,
713,-1.45863471e-01,
714,-1.56048690e-01,
715,-2.12148196e-01,
716,-2.07291929e-01,
717,-2.14187884e-01,
718,-2.14757177e-01,
719,-2.13430863e-01,
720,-2.13123528e-01,
721,-1.87441087e-01,
722,-2.14796582e-01,
723,-1.85613677e-01,
724,-1.88064723e-01,
725,-1.82894774e-01,
726,-1.76676822e-01,
727,-2.17643758e-01,
728,-2.16665024e-01,
729,-2.16995468e-01,
730,-2.15564061e-01,
731,-2.14260887e-01,
732,-2.15167621e-01,
733,-2.10449775e-01,
734,-2.13220117e-01,
735,-1.80747968e-01,
736,-9.57498905e-02,
737,-6.81764297e-02,
738,-7.42218786e-02,
739,-8.54833612e-02,
740,-1.32303610e-02,
741,-5.49991508e-03,
742,-1.17919236e-02,
743,-4.86741524e-03,
744,-1.65899525e-02,
745,-1.02732917e-01,
746,-4.41740738e-02,
747,-5.73205860e-02,
748,-4.05045500e-02,
749,-1.81804400e-02,
750,-2.91847619e-02,
751,-1.70526324e-02,
752,-2.12206644e-01,
753,-2.21856425e-02,
754,-1.07108418e-01,
755,-1.15459668e-01,
756,-2.01699260e-01,
757,-2.04267032e-01,
758,-2.06513457e-01,
759,-2.15977703e-01,
760,-1.89916079e-01,
761,-1.93909910e-01,
762,-1.98845770e-01,
763,-1.20707203e-02,
764, 1.74037479e-03,
765,-3.39321183e-02,
766,-4.44069665e-02,
767,-1.86979341e-02,
768,-1.40906219e-01,
769, 2.02909302e-03,
770,-9.41741955e-03,
771, 1.34253058e-03,
772,-1.67178562e-01,
773,-4.17999769e-02,
774,-5.82774131e-02,
775,-6.20453901e-02,
776,-1.90519278e-01,
777,-1.56058072e-01,
778,-7.76848380e-02,
779,-1.01864997e-01,
780,-1.12814246e-01,
781,-1.18435009e-01,
782,-1.21261509e-01,
783,-1.32901077e-01,
784,-8.77887452e-02,
785,-7.69292031e-02,
786,-1.23745760e-01,
787,-6.44268996e-02,
788,-6.59515271e-02,
789,-1.92052546e-01,
790,-1.88020567e-01,
791,-1.92790184e-01,
792,-1.69811889e-01,
793,-2.14304337e-01,
794,-7.82689971e-02,
795,-9.68309634e-02,
796,-2.16032106e-01,
797,-2.15381850e-01,
798,-1.00225019e-01,
799,-1.00234649e-01,
800,-1.96070691e-01,
801,-1.96515298e-01,
802,-2.17859965e-01,
803,-2.16962826e-01,
804,-2.17677799e-01,
805,-1.10423956e-01,
806,-1.26249037e-01,
807,-8.68328548e-02,
808,-2.14151565e-01,
809,-1.14650763e-01,
810,-1.01159906e-01,
811,-1.78381713e-01,
812,-1.88866579e-01,
813,-1.93419259e-01,
814,-2.16952362e-01,
815,-2.07994812e-01,
816, 3.94716612e-03,
817, 1.29429928e-02,
818,-2.09568332e-01,
819, 2.25171778e-02,
820,-2.14560993e-01,
821, 1.58145583e-02,
822,-1.56663032e-01,
823,-2.07226480e-01,
824,-2.10109698e-01,
825,-1.08949670e-01,
826,-1.91816690e-01,
827,-1.09456667e-01,
828,-2.11827335e-01,
829,-2.12042652e-01,
830,-2.10445002e-01,
831,-1.96164666e-01,
832,-2.15936329e-01,
833,-2.15858032e-01,
834,-2.10830973e-01,
835,-2.12725312e-01,
836,-5.12563058e-02,
837,-2.16593661e-01,
838,-2.14918570e-01,
839,-1.01520668e-01,
840,-2.12318516e-01,
841,-2.01823013e-01,
842,-2.02784228e-01,
843,-2.03670343e-01,
844,-2.05581007e-01,
845,-2.06124005e-01,
846,-2.08122236e-01,
847,-2.08654625e-01,
848,-2.48691493e-02,
849,-6.55713005e-02,
850,-1.97702277e-02,
851, 7.81969417e-03,
852,-4.92977078e-03,
853,-1.48337814e-01,
854,-1.57228170e-01,
855,-1.54620897e-01,
856,-1.53034891e-01,
857,-1.42289583e-01,
858,-1.47652203e-01,
859,-1.50442736e-01,
860,-1.66716599e-01,
861,-1.71268968e-01,
862,-1.69731778e-01,
863,-1.64909089e-01,
864,-1.65568163e-01,
865,-1.62658909e-01,
866,-1.67235045e-01,
867,-1.42749255e-01,
868,-1.65408420e-01,
869,-1.69218732e-01,
870,-1.63528830e-01,
871,-1.40702064e-01,
872,-1.49448791e-01,
873,-1.44290565e-01,
874,-1.39460316e-01,
875,-1.30664847e-01,
876,-1.34538560e-01,
877,-1.44760590e-01,
878,-1.57593184e-01,
879,-1.62718310e-01,
880,-1.58314266e-01,
881,-1.52523840e-01,
882,-1.59974788e-01,
883,-1.51106973e-01,
884,-1.56538571e-01,
885,-1.66821364e-01,
886,-1.43453433e-01,
887,-1.48244959e-01,
888,-1.30401887e-01,
889,-1.72298205e-01,
890,-1.71428925e-01,
891,-1.75313921e-01,
892,-1.75903409e-01,
893,-1.75953613e-01,
894,-1.79147555e-01,
895,-1.78445767e-01,
896,-1.79091055e-01,
897,-1.81785597e-01,
898,-1.74214483e-01,
899,-1.71710811e-01,
900,-1.80061846e-01,
901,-1.81227221e-01,
902,-1.83583892e-01,
903,-1.61498583e-01,
904,-1.67033249e-01,
905,-1.80801082e-01,
906,-1.82526708e-01,
907,-1.84564919e-01,
908,-1.80592486e-01,
909,-1.82939355e-01,
910,-1.84596940e-01,
911,-1.76150485e-01,
912,-1.72701690e-01,
913,-1.79449085e-01,
914,-1.82326761e-01,
915,-1.83595076e-01,
916,-1.77542346e-01,
917,-1.80922110e-01,
918,-1.82065712e-01,
919,-1.74869165e-01,
920,-1.78880435e-01,
921,-1.79900235e-01,
922,-1.77154415e-01,
923,-1.72793830e-01,
924,-1.71341918e-01,
925,-1.76017206e-01,
926,-1.76874253e-01,
927,-1.66776485e-01,
928,-1.72308571e-01,
929,-1.73005518e-01,
930,-1.67281142e-01,
931,-1.77252505e-01,
932,-1.71990169e-01,
933,-1.46278784e-01,
934,-1.38891720e-01,
935,-1.76413390e-01,
936,-1.70216221e-01,
937,-1.56017419e-01,
938,-1.52701151e-01,
939,-1.74663074e-01,
940,-1.67503381e-01,
941,-1.57862246e-01,
942,-1.72024355e-01,
943,-1.61944221e-01,
944,-1.65586901e-01,
945,-1.62117979e-01,
946,-1.65157016e-01,
947,-1.68572410e-01,
948,-1.64380390e-01,
949,-1.66917289e-01,
950,-1.61158281e-01,
951,-1.67749557e-01,
952,-1.67759285e-01,
953,-1.66879816e-01,
954,-1.64925370e-01,
955,-1.38736000e-01,
956,-1.58127498e-01,
957,-1.53557981e-01,
958,-1.35426335e-01,
959,-1.21805208e-01,
960,-1.27568328e-01,
961,-1.12588643e-01,
962,-1.24099379e-01,
963,-1.10155778e-01,
964,-1.01269071e-01,
965,-1.73350382e-01,
966,-1.61636804e-01,
967,-1.33064823e-01,
968,-1.15378277e-01,
969,-1.17215580e-01,
970,-1.53540871e-01,
971,-1.34243252e-01,
972,-1.26238612e-01,
-1,0.,
1,80032,1,
MODE_003_UY_44869.3Hz
0.,-1.,0.,
80032,0,0,0,0,0,0,0,0,0,
0,0,0,0,0,0,0,0,0,0,
0,0,3,7,
0,1,1,
1, 1.13038900e-06,
2, 5.21769228e-01,
3, 9.75761874e-07,
4,-2.42747446e-02,
5,-2.51258275e-06,
6,-5.47970775e-02,
7, 1.26685369e-01,
8, 8.54957992e-02,
9, 1.84100187e-01,
10, 1.60806405e-01,
11, 1.58443083e-01,
12, 1.73841417e-01,
13, 1.33088587e-01,
14, 2.75068788e-01,
15, 3.04114839e-01,
16, 2.83885578e-01,
17, 3.61576947e-01,
18, 3.36854003e-06,
19, 5.21002847e-01,
20, 2.43685455e-02,
21, 4.99246267e-02,
22, 7.81924866e-02,
23, 1.10929757e-01,
24, 1.49464553e-01,
25, 1.87085541e-01,
26, 2.15793529e-01,
27, 2.39689989e-01,
28, 2.65995450e-01,
29, 3.01946271e-01,
30, 3.39379159e-01,
31, 3.70004287e-01,
32, 3.93687929e-01,
33, 4.12828132e-01,
34, 4.28942689e-01,
35, 4.43069909e-01,
36, 4.55716838e-01,
37, 4.67053648e-01,
38, 4.77171824e-01,
39, 4.85987886e-01,
40, 4.93967256e-01,
41, 5.00812963e-01,
42, 5.06547097e-01,
43, 5.11653392e-01,
44, 5.15489904e-01,
45, 5.18676176e-01,
46, 5.21024014e-01,
47, 5.21982371e-01,
48,-9.47905015e-05,
49, 1.81479080e-04,
50,-2.24265153e-04,
51,-2.00216899e-03,
52,-4.73629474e-03,
53,-8.44256612e-03,
54,-1.24135316e-02,
55,-1.75032516e-02,
56,-2.62590808e-02,
57,-4.26908938e-02,
58,-4.91054620e-02,
59,-3.12757498e-06,
60,-1.68945765e-06,
61,-2.55824315e-07,
62,-4.51265844e-02,
63,-5.91317038e-02,
64,-5.33761375e-02,
65, 9.57708557e-02,
66, 1.01297208e-01,
67, 1.33372448e-01,
68, 1.53103174e-01,
69, 1.38792127e-01,
70, 1.88537143e-01,
71, 2.35965171e-01,
72, 2.54933946e-01,
73, 2.07273499e-01,
74, 1.65975085e-01,
75, 3.44444382e-01,
76, 2.62052881e-01,
77, 3.12712642e-01,
78, 3.45606694e-01,
79, 2.84040607e-01,
80, 2.53149053e-01,
81, 2.25295582e-01,
82, 1.98657560e-01,
83, 1.75308690e-01,
84, 1.89974645e-01,
85, 2.02022161e-01,
86, 2.12991569e-01,
87, 2.21320001e-01,
88, 2.27565472e-01,
89, 2.32416916e-01,
90, 2.36152104e-01,
91, 2.38338594e-01,
92, 2.39658188e-01,
93, 2.39515270e-01,
94, 2.38498106e-01,
95, 2.36625194e-01,
96, 2.33502934e-01,
97, 2.28097851e-01,
98, 2.22208959e-01,
99, 2.15595417e-01,
100, 2.07789942e-01,
101, 1.99908879e-01,
102, 1.89790966e-01,
103, 1.77972116e-01,
104, 3.53785962e-01,
105, 3.48919593e-01,
106, 3.47230172e-01,
107, 3.47974795e-01,
108, 3.49986042e-01,
109, 3.52288044e-01,
110, 3.54382450e-01,
111, 3.55445769e-01,
112, 3.56272825e-01,
113, 3.56765643e-01,
114, 3.55577372e-01,
115, 3.53533515e-01,
116, 3.50940604e-01,
117, 3.47359369e-01,
118, 3.42229384e-01,
119, 3.36025561e-01,
120, 3.28587000e-01,
121, 3.20385879e-01,
122, 3.11165319e-01,
123, 3.00999773e-01,
124, 2.91027571e-01,
125, 4.28222083e-06,
126, 4.18571879e-06,
127, 4.61533049e-06,
128, 6.47054225e-06,
129, 9.74108706e-06,
130, 1.31229376e-05,
131, 1.36286976e-05,
132, 1.22002254e-05,
133, 1.04612398e-05,
134, 8.65614155e-06,
135, 6.89800006e-06,
136, 5.33125682e-06,
137, 3.46774944e-06,
138, 2.06105318e-06,
139, 5.18846225e-01,
140, 5.13764197e-01,
141, 5.06693768e-01,
142, 4.95261604e-01,
143, 4.72380240e-01,
144, 4.37145905e-01,
145, 3.89990124e-01,
146, 3.38677428e-01,
147, 2.90639987e-01,
148, 2.13431529e-01,
149, 1.13487048e-01,
150, 7.48731645e-02,
151, 3.49738940e-02,
152, 1.90436173e-03,
153, 2.19751802e-02,
154, 4.43787006e-02,
155, 6.85619368e-02,
156, 9.41829873e-02,
157, 1.22357384e-01,
158, 1.52980100e-01,
159, 1.84867466e-01,
160, 2.17084689e-01,
161, 2.47100310e-01,
162, 2.77075896e-01,
163, 3.10827813e-01,
164, 3.41123067e-01,
165, 3.65911661e-01,
166, 3.86422931e-01,
167, 4.04029658e-01,
168, 4.19325554e-01,
169, 4.33010205e-01,
170, 4.45394816e-01,
171, 4.56642492e-01,
172, 4.66863491e-01,
173, 4.76090788e-01,
174, 4.84436979e-01,
175, 4.91964341e-01,
176, 4.98627400e-01,
177, 5.04017498e-01,
178, 5.08861500e-01,
179, 5.12852491e-01,
180, 5.16275628e-01,
181, 5.19018577e-01,
182, 5.20535156e-01,
183, 5.21276270e-01,
184, 3.82765865e-01,
185, 3.69279039e-01,
186, 3.68969214e-01,
187, 3.78658711e-01,
188, 3.56909978e-01,
189, 3.61596317e-01,
190, 1.54064066e-01,
191, 2.34801412e-02,
192,-8.08422154e-04,
193, 2.10774663e-02,
194, 1.54689438e-02,
195, 3.49103268e-02,
196, 1.45527817e-02,
197, 4.01900367e-01,
198, 4.00719974e-01,
199, 1.73737933e-01,
200, 4.39019351e-01,
201, 4.56422689e-01,
202, 1.54095130e-01,
203, 3.33764403e-01,
204, 7.79208700e-03,
205, 9.58968483e-03,
206, 2.69343690e-03,
207, 1.88473418e-01,
208, 1.89150432e-01,
209, 1.45872291e-01,
210, 1.21600681e-01,
211, 3.03373662e-01,
212, 1.57364822e-01,
213, 1.09699510e-01,
214, 1.39496778e-01,
215, 3.90475593e-01,
216, 4.33100186e-01,
217, 4.07886795e-01,
218, 4.43340332e-01,
219, 4.17076196e-01,
220, 3.76630097e-01,
221, 1.02445550e-01,
222, 7.19920661e-02,
223, 1.19022111e-01,
224, 5.04976071e-01,
225, 5.09434833e-01,
226, 1.81499801e-01,
227, 1.99351115e-01,
228, 4.90143216e-01,
229, 4.88140005e-01,
230, 4.34380001e-01,
231, 4.26131229e-01,
232, 4.33849692e-01,
233, 4.22893558e-01,
234, 1.63296637e-01,
235, 2.11955837e-01,
236, 4.88603466e-01,
237, 4.71952678e-01,
238, 4.98535353e-01,
239, 4.93069341e-01,
240, 4.85776403e-01,
241, 4.83610785e-01,
242, 3.74144382e-01,
243, 5.16603601e-01,
244, 3.72714070e-01,
245, 3.89982393e-01,
246, 3.81491538e-01,
247, 3.67572985e-01,
248, 5.18715238e-01,
249, 5.15373006e-01,
250, 5.19275524e-01,
251, 5.15941883e-01,
252, 5.10645877e-01,
253, 5.09210267e-01,
254, 5.03573914e-01,
255, 5.11663754e-01,
256, 3.69917508e-01,
257, 7.18213872e-02,
258, 3.61294447e-02,
259, 6.76811818e-02,
260, 3.32776601e-02,
261, 7.12669923e-02,
262, 5.70812145e-02,
263, 6.57790933e-02,
264, 5.24102731e-02,
265, 6.60396921e-02,
266, 2.09974645e-02,
267, 5.87515484e-03,
268, 5.08075406e-02,
269, 4.84076246e-02,
270, 8.76745672e-02,
271, 1.09029802e-01,
272, 7.97327853e-02,
273, 5.01276900e-01,
274, 9.04660779e-02,
275, 1.15225009e-01,
276, 1.06226157e-01,
277, 4.27287146e-01,
278, 4.40270054e-01,
279, 4.49376611e-01,
280, 5.19461544e-01,
281, 3.76945823e-01,
282, 3.97113357e-01,
283, 4.16966756e-01,
284, 4.15483300e-02,
285, 3.60162882e-02,
286, 9.03768370e-02,
287, 1.07727243e-01,
288, 7.92857894e-02,
289, 3.25708559e-01,
290, 4.77659925e-02,
291, 6.74637011e-02,
292, 5.34000296e-02,
293, 3.53461055e-01,
294, 6.98229226e-02,
295, 1.07424062e-01,
296, 8.23495762e-02,
297, 3.93668910e-01,
298, 3.65556674e-01,
299, 2.69394189e-01,
300, 3.04450538e-02,
301, 4.72394432e-02,
302, 6.58605139e-02,
303, 7.15301387e-02,
304, 1.08355577e-01,
305, 1.02245122e-01,
306, 1.27022998e-01,
307, 9.01845243e-02,
308, 6.47771373e-02,
309, 1.24167671e-02,
310, 4.01917769e-01,
311, 3.95898162e-01,
312, 4.10031637e-01,
313, 3.55913996e-01,
314, 5.03219115e-01,
315, 1.13959650e-02,
316, 2.72547585e-02,
317, 4.99685115e-01,
318, 4.99054765e-01,
319, 6.43088488e-02,
320, 4.09763169e-02,
321, 4.14444137e-01,
322, 4.22572163e-01,
323, 5.16622075e-01,
324, 5.11625312e-01,
325, 5.13615860e-01,
326, 1.26683355e-01,
327, 1.31168655e-01,
328, 7.07565449e-02,
329, 4.92508740e-01,
330, 7.84168481e-02,
331, 2.18276160e-02,
332, 3.65077566e-01,
333, 3.86467908e-01,
334, 4.02392236e-01,
335, 5.08557343e-01,
336, 4.54953404e-01,
337, 3.98904911e-02,
338, 2.94266443e-02,
339, 4.63889323e-01,
340, 1.38107536e-02,
341, 4.91644284e-01,
342, 1.97216789e-02,
343, 2.04345404e-01,
344, 4.58860773e-01,
345, 4.69416832e-01,
346, 3.41844493e-02,
347, 3.94166899e-01,
348, 4.71693229e-02,
349, 4.76574179e-01,
350, 4.79420743e-01,
351, 4.69584539e-01,
352, 4.09487632e-01,
353, 5.02890929e-01,
354, 5.05407014e-01,
355, 4.76115180e-01,
356, 4.85435824e-01,
357, 2.32066365e-01,
358, 5.04354262e-01,
359, 4.96228401e-01,
360, 5.03970386e-02,
361, 4.81735847e-01,
362, 4.32109417e-01,
363, 4.44780268e-01,
364, 4.43130538e-01,
365, 4.55096283e-01,
366, 4.52286909e-01,
367, 4.65238696e-01,
368, 4.62308373e-01,
369,-2.92606702e-02,
370,-6.63100175e-03,
371,-2.11279547e-02,
372,-4.53662158e-02,
373,-3.07021003e-02,
374, 2.53307764e-01,
375, 2.88634716e-01,
376, 2.82101218e-01,
377, 2.64551350e-01,
378, 2.21592675e-01,
379, 2.30867844e-01,
380, 2.47171439e-01,
381, 2.76633935e-01,
382, 2.97709497e-01,
383, 2.79841277e-01,
384, 3.18717032e-01,
385, 3.22457149e-01,
386, 2.72335533e-01,
387, 2.93322117e-01,
388, 2.33974251e-01,
389, 3.20588669e-01,
390, 3.21542884e-01,
391, 3.05207717e-01,
392, 2.90654671e-01,
393, 3.03024828e-01,
394, 2.81785908e-01,
395, 2.59168467e-01,
396, 2.40182606e-01,
397, 2.66152377e-01,
398, 2.33528958e-01,
399, 2.66826148e-01,
400, 2.88367010e-01,
401, 2.76639216e-01,
402, 2.95855981e-01,
403, 3.10062979e-01,
404, 2.60084630e-01,
405, 2.84568083e-01,
406, 3.05312201e-01,
407, 2.49280921e-01,
408, 2.72073232e-01,
409, 2.73617772e-01,
410, 3.11803094e-01,
411, 3.17698946e-01,
412, 3.28532215e-01,
413, 3.15752270e-01,
414, 3.22794484e-01,
415, 3.32836852e-01,
416, 3.18528340e-01,
417, 3.26280526e-01,
418, 3.35772311e-01,
419, 3.00886807e-01,
420, 2.81878811e-01,
421, 3.20241768e-01,
422, 3.28615233e-01,
423, 3.37748369e-01,
424, 2.96742306e-01,
425, 3.19105415e-01,
426, 3.20975261e-01,
427, 3.30007593e-01,
428, 3.38877699e-01,
429, 3.20669194e-01,
430, 3.30435441e-01,
431, 3.38981704e-01,
432, 3.02920615e-01,
433, 2.82791416e-01,
434, 3.19283896e-01,
435, 3.29765165e-01,
436, 3.37900180e-01,
437, 3.17012158e-01,
438, 3.28137387e-01,
439, 3.36248954e-01,
440, 3.14001042e-01,
441, 3.25857066e-01,
442, 3.34010121e-01,
443, 3.03890252e-01,
444, 2.82653958e-01,
445, 3.10178873e-01,
446, 3.22846699e-01,
447, 3.30969714e-01,
448, 3.04605475e-01,
449, 3.18944613e-01,
450, 3.26937287e-01,
451, 3.12560026e-01,
452, 3.03821147e-01,
453, 2.81430378e-01,
454, 2.36398977e-01,
455, 2.28021129e-01,
456, 3.02653912e-01,
457, 2.79006509e-01,
458, 2.57718910e-01,
459, 2.43566576e-01,
460, 3.00409091e-01,
461, 2.75567639e-01,
462, 2.49284589e-01,
463, 2.97165624e-01,
464, 2.53740406e-01,
465, 2.75969709e-01,
466, 2.51643158e-01,
467, 2.55647907e-01,
468, 2.93086401e-01,
469, 2.88090477e-01,
470, 2.58090772e-01,
471, 2.66938715e-01,
472, 2.59360991e-01,
473, 2.59639526e-01,
474, 2.58883563e-01,
475, 2.56881171e-01,
476, 2.18264577e-01,
477, 2.46622356e-01,
478, 2.40462656e-01,
479, 2.32986822e-01,
480, 2.18257780e-01,
481, 2.16626618e-01,
482, 1.96958802e-01,
483, 2.45520962e-01,
484, 2.19059590e-01,
485, 1.85061026e-01,
486, 3.33719820e-01,
487, 2.99574000e-01,
488, 2.04321805e-01,
489, 2.65530563e-01,
490, 2.52252072e-01,
491, 2.62442080e-01,
492, 2.03442989e-01,
493, 2.77746479e-01,
501, 4.42822628e-02,
502,-8.20863067e-02,
503,-2.09742467e-02,
504, 1.53246035e-01,
505, 1.01128048e-01,
506, 1.39530177e-01,
507, 1.29530031e-01,
508, 1.31991433e-01,
509, 1.55361119e-01,
510, 1.19870763e-01,
511, 2.62947724e-01,
512, 3.20066721e-01,
513, 2.77592106e-01,
514, 3.34974925e-01,
515, 4.18752409e-02,
516, 6.14366332e-02,
517, 7.98646536e-02,
518, 1.01171064e-01,
519, 1.28926316e-01,
520, 1.69581513e-01,
521, 2.21450415e-01,
522, 2.65228052e-01,
523, 2.90282915e-01,
524, 3.00316704e-01,
525, 3.09474787e-01,
526, 3.28994999e-01,
527, 3.52300736e-01,
528, 3.74233455e-01,
529, 3.93820991e-01,
530, 4.11341926e-01,
531, 4.27078492e-01,
532, 4.41383810e-01,
533, 4.54388442e-01,
534, 4.66141099e-01,
535, 4.76347347e-01,
536, 4.85716399e-01,
537, 4.93735100e-01,
538, 5.00547116e-01,
539, 5.06658716e-01,
540, 5.11599697e-01,
541, 5.15745589e-01,
542, 5.18981383e-01,
543, 5.21025705e-01,
544,-8.05438127e-02,
545,-7.70328135e-02,
546,-7.12548806e-02,
547,-6.51754044e-02,
548,-5.65611130e-02,
549,-4.87110518e-02,
550,-4.00116854e-02,
551,-3.13460368e-02,
552,-2.04023740e-02,
553,-3.61944783e-02,
554,-4.52581049e-02,
555,-3.68807034e-02,
556,-5.51577911e-02,
557,-6.88030762e-02,
558, 1.21619825e-01,
559, 1.00005898e-01,
560, 1.13141749e-01,
561, 1.38877220e-01,
562, 1.27937936e-01,
563, 1.67655910e-01,
564, 2.16739241e-01,
565, 2.89677398e-01,
566, 2.49473131e-01,
567, 2.04651346e-01,
568, 3.36952140e-01,
569, 2.06333292e-01,
570, 2.59420905e-01,
571, 3.01007262e-01,
572, 2.72303390e-01,
573, 2.52917955e-01,
574, 2.24655063e-01,
575, 1.92068177e-01,
576, 1.41276048e-01,
577, 1.49212798e-01,
578, 1.56111211e-01,
579, 1.62171338e-01,
580, 1.66786453e-01,
581, 1.70011331e-01,
582, 1.72460207e-01,
583, 1.74196085e-01,
584, 1.75101017e-01,
585, 1.75687324e-01,
586, 1.75317302e-01,
587, 1.74515208e-01,
588, 1.73249112e-01,
589, 1.71091225e-01,
590, 1.67932882e-01,
591, 1.64204417e-01,
592, 1.59847075e-01,
593, 1.54761495e-01,
594, 1.48766117e-01,
595, 1.42686850e-01,
596, 1.35938340e-01,
597, 3.25455510e-01,
598, 3.19248535e-01,
599, 3.15607204e-01,
600, 3.14226139e-01,
601, 3.13976535e-01,
602, 3.14535086e-01,
603, 3.15328055e-01,
604, 3.15572199e-01,
605, 3.15718302e-01,
606, 3.15918024e-01,
607, 3.15051910e-01,
608, 3.13899982e-01,
609, 3.12493954e-01,
610, 3.10635893e-01,
611, 3.07828759e-01,
612, 3.04830729e-01,
613, 3.00988257e-01,
614, 2.97253760e-01,
615, 2.92432179e-01,
616, 2.87543742e-01,
617, 2.82576701e-01,
618, 3.73667471e-02,
619, 3.32360244e-02,
620, 2.91628867e-02,
621, 2.38485681e-02,
622, 1.28810080e-02,
623,-4.58731527e-03,
624,-2.69408257e-02,
625,-4.70203755e-02,
626,-6.36167273e-02,
627,-7.63277749e-02,
628,-8.52590156e-02,
629,-9.09556007e-02,
630,-9.21422447e-02,
631,-8.86325605e-02,
632, 5.73522400e-02,
633, 7.32811773e-02,
634, 9.10743052e-02,
635, 1.11601556e-01,
636, 1.38615969e-01,
637, 1.77232591e-01,
638, 2.24811222e-01,
639, 2.66254361e-01,
640, 2.92682177e-01,
641, 3.04865721e-01,
642, 3.13618959e-01,
643, 3.27955550e-01,
644, 3.46157192e-01,
645, 3.65016971e-01,
646, 3.82938515e-01,
647, 3.99502540e-01,
648, 4.14736823e-01,
649, 4.28693086e-01,
650, 4.41544317e-01,
651, 4.53355039e-01,
652, 4.64102151e-01,
653, 4.73789089e-01,
654, 4.82643176e-01,
655, 4.90545815e-01,
656, 4.97022660e-01,
657, 5.02850607e-01,
658, 5.07894046e-01,
659, 5.12350754e-01,
660, 5.16004665e-01,
661, 5.18518144e-01,
662, 5.20337517e-01,
663, 3.54335988e-01,
664, 3.40589712e-01,
665, 3.39507959e-01,
666, 3.51205998e-01,
667, 3.35602393e-01,
668, 3.31915504e-01,
669, 1.08991711e-01,
670,-8.43281715e-03,
671,-1.94033309e-02,
672, 7.15517656e-03,
673, 4.63435273e-02,
674, 6.22505751e-02,
675, 4.90440496e-02,
676, 3.92829359e-01,
677, 3.80233623e-01,
678, 1.19557175e-01,
679, 4.23936526e-01,
680, 4.50437054e-01,
681, 1.13832098e-01,
682, 3.22895854e-01,
683,-7.45963887e-02,
684,-8.09998855e-02,
685,-8.22711911e-02,
686, 1.32402733e-01,
687, 1.22328616e-01,
688, 8.06344727e-02,
689, 4.17125746e-02,
690, 2.97169500e-01,
691, 8.05657521e-02,
692, 2.97696326e-02,
693, 5.69661901e-02,
694, 3.57161586e-01,
695, 4.08609637e-01,
696, 3.79113489e-01,
697, 4.21784126e-01,
698, 3.91029462e-01,
699, 3.40933208e-01,
700, 9.34772335e-02,
701, 5.37647360e-02,
702, 7.62598803e-02,
703, 4.97508746e-01,
704, 5.03117820e-01,
705, 1.16408780e-01,
706, 1.29239565e-01,
707, 4.82990099e-01,
708, 4.84640910e-01,
709, 4.14497368e-01,
710, 4.03890089e-01,
711, 4.12493172e-01,
712, 3.98953597e-01,
713, 8.50728483e-02,
714, 1.43702128e-01,
715, 4.78841453e-01,
716, 4.60149948e-01,
717, 4.90847574e-01,
718, 4.82548172e-01,
719, 4.73560714e-01,
720, 4.70805404e-01,
721, 3.41678972e-01,
722, 5.15791237e-01,
723, 3.41483615e-01,
724, 3.63453666e-01,
725, 3.56615732e-01,
726, 3.43149879e-01,
727, 5.15930367e-01,
728, 5.12182471e-01,
729, 5.17371021e-01,
730, 5.14087947e-01,
731, 5.07901437e-01,
732, 5.04964445e-01,
733, 5.01711284e-01,
734, 5.10381703e-01,
735, 3.42394389e-01,
736, 5.82088941e-03,
737,-1.70816790e-02,
738, 2.14937666e-02,
739,-3.84216430e-02,
740, 8.75563860e-02,
741, 7.52251126e-02,
742, 8.12337622e-02,
743, 6.92519038e-02,
744, 7.68042757e-02,
745,-7.30380181e-02,
746,-3.58653501e-02,
747, 1.45321271e-02,
748, 2.79541692e-02,
749, 1.05810122e-01,
750, 1.25006662e-01,
751, 9.57065540e-02,
752, 4.96705947e-01,
753, 1.05752712e-01,
754, 5.58443526e-02,
755, 3.47668041e-02,
756, 4.02576016e-01,
757, 4.18368849e-01,
758, 4.29001041e-01,
759, 5.18651858e-01,
760, 3.43165817e-01,
761, 3.67693185e-01,
762, 3.90834271e-01,
763, 4.66874915e-02,
764, 5.26750980e-02,
765, 9.38800303e-02,
766, 1.07942362e-01,
767, 9.34291046e-02,
768, 3.19715242e-01,
769, 6.95804074e-02,
770, 8.59906615e-02,
771, 7.68615767e-02,
772, 3.32690856e-01,
773, 5.69445472e-02,
774, 9.36431520e-02,
775, 5.44144975e-02,
776, 3.66212633e-01,
777, 3.60917135e-01,
778, 3.03296078e-01,
779,-5.88091889e-02,
780,-4.60075852e-02,
781,-2.52941768e-02,
782,-2.01026171e-02,
783, 2.03368497e-02,
784, 5.68076927e-02,
785, 1.02708443e-01,
786, 3.79441763e-03,
787, 2.71818066e-02,
788,-4.83915667e-02,
789, 3.76345014e-01,
790, 3.71863983e-01,
791, 3.87082118e-01,
792, 3.33526511e-01,
793, 4.97354961e-01,
794,-6.21526688e-02,
795,-5.82869143e-02,
796, 4.90629361e-01,
797, 4.90388167e-01,
798,-9.27857271e-03,
799,-4.22853859e-02,
800, 3.90041828e-01,
801, 4.01091985e-01,
802, 5.12753981e-01,
803, 5.06584629e-01,
804, 5.08684715e-01,
805, 6.87333630e-02,
806, 5.92514539e-02,
807, 1.32320107e-02,
808, 4.82360974e-01,
809,-3.75259342e-03,
810,-7.02909955e-02,
811, 3.37915931e-01,
812, 3.57681578e-01,
813, 3.75649298e-01,
814, 5.02256329e-01,
815, 4.35406462e-01,
816, 6.03608397e-02,
817, 5.45585524e-02,
818, 4.46470240e-01,
819, 4.20485328e-02,
820, 4.80729021e-01,
821, 4.37052240e-02,
822, 1.32325011e-01,
823, 4.41700648e-01,
824, 4.53745952e-01,
825,-6.06055578e-02,
826, 3.65619484e-01,
827,-4.27491709e-02,
828, 4.62150332e-01,
829, 4.65960664e-01,
830, 4.53647821e-01,
831, 3.82938297e-01,
832, 4.95258843e-01,
833, 4.98895423e-01,
834, 4.62497571e-01,
835, 4.73784614e-01,
836, 2.76935095e-01,
837, 4.96670976e-01,
838, 4.86854365e-01,
839,-3.02484924e-02,
840, 4.68958853e-01,
841, 4.09271985e-01,
842, 4.26230060e-01,
843, 4.23010874e-01,
844, 4.38022329e-01,
845, 4.33506276e-01,
846, 4.49824638e-01,
847, 4.45148146e-01,
848,-6.62499860e-02,
849,-7.49489531e-02,
850,-4.96496678e-02,
851,-5.63378235e-02,
852,-4.83490974e-02,
853, 2.09893462e-01,
854, 2.50962960e-01,
855, 2.44330472e-01,
856, 2.21097216e-01,
857, 1.71089783e-01,
858, 1.78844233e-01,
859, 1.99110466e-01,
860, 2.24502864e-01,
861, 2.49755841e-01,
862, 2.26023552e-01,
863, 2.85824861e-01,
864, 2.90455111e-01,
865, 2.22481696e-01,
866, 2.47585071e-01,
867, 1.88140304e-01,
868, 2.87972424e-01,
869, 2.85511575e-01,
870, 2.68100064e-01,
871, 2.70345714e-01,
872, 2.79093031e-01,
873, 2.54214888e-01,
874, 2.27059245e-01,
875, 2.09004652e-01,
876, 2.41857741e-01,
877, 1.85499229e-01,
878, 2.19755973e-01,
879, 2.45094227e-01,
880, 2.32912665e-01,
881, 2.65879701e-01,
882, 2.78520481e-01,
883, 2.16708238e-01,
884, 2.45901472e-01,
885, 2.64955291e-01,
886, 2.09083026e-01,
887, 2.36524695e-01,
888, 2.56552078e-01,
889, 2.68657960e-01,
890, 2.77865234e-01,
891, 2.89300794e-01,
892, 2.70637734e-01,
893, 2.80546724e-01,
894, 2.91554836e-01,
895, 2.72021331e-01,
896, 2.82339289e-01,
897, 2.93068159e-01,
898, 2.51303719e-01,
899, 2.26926027e-01,
900, 2.72828406e-01,
901, 2.83504899e-01,
902, 2.94064432e-01,
903, 2.58158412e-01,
904, 2.84249957e-01,
905, 2.73126484e-01,
906, 2.84174506e-01,
907, 2.94680519e-01,
908, 2.72902236e-01,
909, 2.84366927e-01,
910, 2.94795583e-01,
911, 2.52243958e-01,
912, 2.27225765e-01,
913, 2.72086531e-01,
914, 2.84031608e-01,
915, 2.94267941e-01,
916, 2.70780546e-01,
917, 2.83134233e-01,
918, 2.93462119e-01,
919, 2.69195367e-01,
920, 2.81951047e-01,
921, 2.92461407e-01,
922, 2.52611301e-01,
923, 2.26939231e-01,
924, 2.67317250e-01,
925, 2.80556974e-01,
926, 2.91187605e-01,
927, 2.64000708e-01,
928, 2.78747227e-01,
929, 2.89353627e-01,
930, 2.74745485e-01,
931, 2.52415481e-01,
932, 2.26012489e-01,
933, 1.88039856e-01,
934, 1.83578853e-01,
935, 2.51603878e-01,
936, 2.24358568e-01,
937, 2.08452158e-01,
938, 1.91754005e-01,
939, 2.50179536e-01,
940, 2.22208112e-01,
941, 1.94679402e-01,
942, 2.48231301e-01,
943, 1.96898902e-01,
944, 2.24693205e-01,
945, 1.93759189e-01,
946, 1.96383720e-01,
947, 2.45914353e-01,
948, 2.43041069e-01,
949, 1.98078181e-01,
950, 2.16350070e-01,
951, 1.99042274e-01,
952, 1.99426455e-01,
953, 1.99236830e-01,
954, 1.98359466e-01,
955, 1.69936725e-01,
956, 1.90649183e-01,
957, 1.86507568e-01,
958, 1.94066789e-01,
959, 1.86857905e-01,
960, 1.78787974e-01,
961, 1.65953166e-01,
962, 2.23119695e-01,
963, 1.99641264e-01,
964, 1.60446742e-01,
965, 2.98600713e-01,
966, 2.62024809e-01,
967, 1.55889844e-01,
968, 2.60138647e-01,
969, 2.39522721e-01,
970, 2.17608278e-01,
971, 1.53468581e-01,
972, 2.66554225e-01,
-1,0.,
1,80033,1,
MODE_003_UZ_44869.3Hz
0.,-1.,0.,
80033,0,0,0,0,0,0,0,0,0,
0,0,0,0,0,0,0,0,0,0,
0,0,3,7,
0,1,1,
1, 0.00000000e+00,
2, 0.00000000e+00,
3, 0.00000000e+00,
4, 0.00000000e+00,
5, 0.00000000e+00,
6, 0.00000000e+00,
7, 0.00000000e+00,
8, 0.00000000e+00,
9, 0.00000000e+00,
10, 0.00000000e+00,
11, 0.00000000e+00,
12, 0.00000000e+00,
13, 0.00000000e+00,
14, 0.00000000e+00,
15, 0.00000000e+00,
16, 0.00000000e+00,
17, 0.00000000e+00,
18, 0.00000000e+00,
19, 0.00000000e+00,
20, 0.00000000e+00,
21, 0.00000000e+00,
22, 0.00000000e+00,
23, 0.00000000e+00,
24, 0.00000000e+00,
25, 0.00000000e+00,
26, 0.00000000e+00,
27, 0.00000000e+00,
28, 0.00000000e+00,
29, 0.00000000e+00,
30, 0.00000000e+00,
31, 0.00000000e+00,
32, 0.00000000e+00,
33, 0.00000000e+00,
34, 0.00000000e+00,
35, 0.00000000e+00,
36, 0.00000000e+00,
37, 0.00000000e+00,
38, 0.00000000e+00,
39, 0.00000000e+00,
40, 0.00000000e+00,
41, 0.00000000e+00,
42, 0.00000000e+00,
43, 0.00000000e+00,
44, 0.00000000e+00,
45, 0.00000000e+00,
46, 0.00000000e+00,
47, 0.00000000e+00,
48, 0.00000000e+00,
49, 0.00000000e+00,
50, 0.00000000e+00,
51, 0.00000000e+00,
52, 0.00000000e+00,
53, 0.00000000e+00,
54, 0.00000000e+00,
55, 0.00000000e+00,
56, 0.00000000e+00,
57, 0.00000000e+00,
58, 0.00000000e+00,
59, 0.00000000e+00,
60, 0.00000000e+00,
61, 0.00000000e+00,
62, 0.00000000e+00,
63, 0.00000000e+00,
64, 0.00000000e+00,
65, 0.00000000e+00,
66, 0.00000000e+00,
67, 0.00000000e+00,
68, 0.00000000e+00,
69, 0.00000000e+00,
70, 0.00000000e+00,
71, 0.00000000e+00,
72, 0.00000000e+00,
73, 0.00000000e+00,
74, 0.00000000e+00,
75, 0.00000000e+00,
76, 0.00000000e+00,
77, 0.00000000e+00,
78, 0.00000000e+00,
79, 0.00000000e+00,
80, 0.00000000e+00,
81, 0.00000000e+00,
82, 0.00000000e+00,
83, 0.00000000e+00,
84, 0.00000000e+00,
85, 0.00000000e+00,
86, 0.00000000e+00,
87, 0.00000000e+00,
88, 0.00000000e+00,
89, 0.00000000e+00,
90, 0.00000000e+00,
91, 0.00000000e+00,
92, 0.00000000e+00,
93, 0.00000000e+00,
94, 0.00000000e+00,
95, 0.00000000e+00,
96, 0.00000000e+00,
97, 0.00000000e+00,
98, 0.00000000e+00,
99, 0.00000000e+00,
100, 0.00000000e+00,
101, 0.00000000e+00,
102, 0.00000000e+00,
103, 0.00000000e+00,
104, 0.00000000e+00,
105, 0.00000000e+00,
106, 0.00000000e+00,
107, 0.00000000e+00,
108, 0.00000000e+00,
109, 0.00000000e+00,
110, 0.00000000e+00,
111, 0.00000000e+00,
112, 0.00000000e+00,
113, 0.00000000e+00,
114, 0.00000000e+00,
115, 0.00000000e+00,
116, 0.00000000e+00,
117, 0.00000000e+00,
118, 0.00000000e+00,
119, 0.00000000e+00,
120, 0.00000000e+00,
121, 0.00000000e+00,
122, 0.00000000e+00,
123, 0.00000000e+00,
124, 0.00000000e+00,
125, 0.00000000e+00,
126, 0.00000000e+00,
127, 0.00000000e+00,
128, 0.00000000e+00,
129, 0.00000000e+00,
130, 0.00000000e+00,
131, 0.00000000e+00,
132, 0.00000000e+00,
133, 0.00000000e+00,
134, 0.00000000e+00,
135, 0.00000000e+00,
136, 0.00000000e+00,
137, 0.00000000e+00,
138, 0.00000000e+00,
139, 0.00000000e+00,
140, 0.00000000e+00,
141, 0.00000000e+00,
142, 0.00000000e+00,
143, 0.00000000e+00,
144, 0.00000000e+00,
145, 0.00000000e+00,
146, 0.00000000e+00,
147, 0.00000000e+00,
148, 0.00000000e+00,
149, 0.00000000e+00,
150, 0.00000000e+00,
151, 0.00000000e+00,
152, 0.00000000e+00,
153, 0.00000000e+00,
154, 0.00000000e+00,
155, 0.00000000e+00,
156, 0.00000000e+00,
157, 0.00000000e+00,
158, 0.00000000e+00,
159, 0.00000000e+00,
160, 0.00000000e+00,
161, 0.00000000e+00,
162, 0.00000000e+00,
163, 0.00000000e+00,
164, 0.00000000e+00,
165, 0.00000000e+00,
166, 0.00000000e+00,
167, 0.00000000e+00,
168, 0.00000000e+00,
169, 0.00000000e+00,
170, 0.00000000e+00,
171, 0.00000000e+00,
172, 0.00000000e+00,
173, 0.00000000e+00,
174, 0.00000000e+00,
175, 0.00000000e+00,
176, 0.00000000e+00,
177, 0.00000000e+00,
178, 0.00000000e+00,
179, 0.00000000e+00,
180, 0.00000000e+00,
181, 0.00000000e+00,
182, 0.00000000e+00,
183, 0.00000000e+00,
184, 0.00000000e+00,
185, 0.00000000e+00,
186, 0.00000000e+00,
187, 0.00000000e+00,
188, 0.00000000e+00,
189, 0.00000000e+00,
190, 0.00000000e+00,
191, 0.00000000e+00,
192, 0.00000000e+00,
193, 0.00000000e+00,
194, 0.00000000e+00,
195, 0.00000000e+00,
196, 0.00000000e+00,
197, 0.00000000e+00,
198, 0.00000000e+00,
199, 0.00000000e+00,
200, 0.00000000e+00,
201, 0.00000000e+00,
202, 0.00000000e+00,
203, 0.00000000e+00,
204, 0.00000000e+00,
205, 0.00000000e+00,
206, 0.00000000e+00,
207, 0.00000000e+00,
208, 0.00000000e+00,
209, 0.00000000e+00,
210, 0.00000000e+00,
211, 0.00000000e+00,
212, 0.00000000e+00,
213, 0.00000000e+00,
214, 0.00000000e+00,
215, 0.00000000e+00,
216, 0.00000000e+00,
217, 0.00000000e+00,
218, 0.00000000e+00,
219, 0.00000000e+00,
220, 0.00000000e+00,
221, 0.00000000e+00,
222, 0.00000000e+00,
223, 0.00000000e+00,
224, 0.00000000e+00,
225, 0.00000000e+00,
226, 0.00000000e+00,
227, 0.00000000e+00,
228, 0.00000000e+00,
229, 0.00000000e+00,
230, 0.00000000e+00,
231, 0.00000000e+00,
232, 0.00000000e+00,
233, 0.00000000e+00,
234, 0.00000000e+00,
235, 0.00000000e+00,
236, 0.00000000e+00,
237, 0.00000000e+00,
238, 0.00000000e+00,
239, 0.00000000e+00,
240, 0.00000000e+00,
241, 0.00000000e+00,
242, 0.00000000e+00,
243, 0.00000000e+00,
244, 0.00000000e+00,
245, 0.00000000e+00,
246, 0.00000000e+00,
247, 0.00000000e+00,
248, 0.00000000e+00,
249, 0.00000000e+00,
250, 0.00000000e+00,
251, 0.00000000e+00,
252, 0.00000000e+00,
253, 0.00000000e+00,
254, 0.00000000e+00,
255, 0.00000000e+00,
256, 0.00000000e+00,
257, 0.00000000e+00,
258, 0.00000000e+00,
259, 0.00000000e+00,
260, 0.00000000e+00,
261, 0.00000000e+00,
262, 0.00000000e+00,
263, 0.00000000e+00,
264, 0.00000000e+00,
265, 0.00000000e+00,
266, 0.00000000e+00,
267, 0.00000000e+00,
268, 0.00000000e+00,
269, 0.00000000e+00,
270, 0.00000000e+00,
271, 0.00000000e+00,
272, 0.00000000e+00,
273, 0.00000000e+00,
274, 0.00000000e+00,
275, 0.00000000e+00,
276, 0.00000000e+00,
277, 0.00000000e+00,
278, 0.00000000e+00,
279, 0.00000000e+00,
280, 0.00000000e+00,
281, 0.00000000e+00,
282, 0.00000000e+00,
283, 0.00000000e+00,
284, 0.00000000e+00,
285, 0.00000000e+00,
286, 0.00000000e+00,
287, 0.00000000e+00,
288, 0.00000000e+00,
289, 0.00000000e+00,
290, 0.00000000e+00,
291, 0.00000000e+00,
292, 0.00000000e+00,
293, 0.00000000e+00,
294, 0.00000000e+00,
295, 0.00000000e+00,
296, 0.00000000e+00,
297, 0.00000000e+00,
298, 0.00000000e+00,
299, 0.00000000e+00,
300, 0.00000000e+00,
301, 0.00000000e+00,
302, 0.00000000e+00,
303, 0.00000000e+00,
304, 0.00000000e+00,
305, 0.00000000e+00,
306, 0.00000000e+00,
307, 0.00000000e+00,
308, 0.00000000e+00,
309, 0.00000000e+00,
310, 0.00000000e+00,
311, 0.00000000e+00,
312, 0.00000000e+00,
313, 0.00000000e+00,
314, 0.00000000e+00,
315, 0.00000000e+00,
316, 0.00000000e+00,
317, 0.00000000e+00,
318, 0.00000000e+00,
319, 0.00000000e+00,
320, 0.00000000e+00,
321, 0.00000000e+00,
322, 0.00000000e+00,
323, 0.00000000e+00,
324, 0.00000000e+00,
325, 0.00000000e+00,
326, 0.00000000e+00,
327, 0.00000000e+00,
328, 0.00000000e+00,
329, 0.00000000e+00,
330, 0.00000000e+00,
331, 0.00000000e+00,
332, 0.00000000e+00,
333, 0.00000000e+00,
334, 0.00000000e+00,
335, 0.00000000e+00,
336, 0.00000000e+00,
337, 0.00000000e+00,
338, 0.00000000e+00,
339, 0.00000000e+00,
340, 0.00000000e+00,
341, 0.00000000e+00,
342, 0.00000000e+00,
343, 0.00000000e+00,
344, 0.00000000e+00,
345, 0.00000000e+00,
346, 0.00000000e+00,
347, 0.00000000e+00,
348, 0.00000000e+00,
349, 0.00000000e+00,
350, 0.00000000e+00,
351, 0.00000000e+00,
352, 0.00000000e+00,
353, 0.00000000e+00,
354, 0.00000000e+00,
355, 0.00000000e+00,
356, 0.00000000e+00,
357, 0.00000000e+00,
358, 0.00000000e+00,
359, 0.00000000e+00,
360, 0.00000000e+00,
361, 0.00000000e+00,
362, 0.00000000e+00,
363, 0.00000000e+00,
364, 0.00000000e+00,
365, 0.00000000e+00,
366, 0.00000000e+00,
367, 0.00000000e+00,
368, 0.00000000e+00,
369, 0.00000000e+00,
370, 0.00000000e+00,
371, 0.00000000e+00,
372, 0.00000000e+00,
373, 0.00000000e+00,
374, 0.00000000e+00,
375, 0.00000000e+00,
376, 0.00000000e+00,
377, 0.00000000e+00,
378, 0.00000000e+00,
379, 0.00000000e+00,
380, 0.00000000e+00,
381, 0.00000000e+00,
382, 0.00000000e+00,
383, 0.00000000e+00,
384, 0.00000000e+00,
385, 0.00000000e+00,
386, 0.00000000e+00,
387, 0.00000000e+00,
388, 0.00000000e+00,
389, 0.00000000e+00,
390, 0.00000000e+00,
391, 0.00000000e+00,
392, 0.00000000e+00,
393, 0.00000000e+00,
394, 0.00000000e+00,
395, 0.00000000e+00,
396, 0.00000000e+00,
397, 0.00000000e+00,
398, 0.00000000e+00,
399, 0.00000000e+00,
400, 0.00000000e+00,
401, 0.00000000e+00,
402, 0.00000000e+00,
403, 0.00000000e+00,
404, 0.00000000e+00,
405, 0.00000000e+00,
406, 0.00000000e+00,
407, 0.00000000e+00,
408, 0.00000000e+00,
409, 0.00000000e+00,
410, 0.00000000e+00,
411, 0.00000000e+00,
412, 0.00000000e+00,
413, 0.00000000e+00,
414, 0.00000000e+00,
415, 0.00000000e+00,
416, 0.00000000e+00,
417, 0.00000000e+00,
418, 0.00000000e+00,
419, 0.00000000e+00,
420, 0.00000000e+00,
421, 0.00000000e+00,
422, 0.00000000e+00,
423, 0.00000000e+00,
424, 0.00000000e+00,
425, 0.00000000e+00,
426, 0.00000000e+00,
427, 0.00000000e+00,
428, 0.00000000e+00,
429, 0.00000000e+00,
430, 0.00000000e+00,
431, 0.00000000e+00,
432, 0.00000000e+00,
433, 0.00000000e+00,
434, 0.00000000e+00,
435, 0.00000000e+00,
436, 0.00000000e+00,
437, 0.00000000e+00,
438, 0.00000000e+00,
439, 0.00000000e+00,
440, 0.00000000e+00,
441, 0.00000000e+00,
442, 0.00000000e+00,
443, 0.00000000e+00,
444, 0.00000000e+00,
445, 0.00000000e+00,
446, 0.00000000e+00,
447, 0.00000000e+00,
448, 0.00000000e+00,
449, 0.00000000e+00,
450, 0.00000000e+00,
451, 0.00000000e+00,
452, 0.00000000e+00,
453, 0.00000000e+00,
454, 0.00000000e+00,
455, 0.00000000e+00,
456, 0.00000000e+00,
457, 0.00000000e+00,
458, 0.00000000e+00,
459, 0.00000000e+00,
460, 0.00000000e+00,
461, 0.00000000e+00,
462, 0.00000000e+00,
463, 0.00000000e+00,
464, 0.00000000e+00,
465, 0.00000000e+00,
466, 0.00000000e+00,
467, 0.00000000e+00,
468, 0.00000000e+00,
469, 0.00000000e+00,
470, 0.00000000e+00,
471, 0.00000000e+00,
472, 0.00000000e+00,
473, 0.00000000e+00,
474, 0.00000000e+00,
475, 0.00000000e+00,
476, 0.00000000e+00,
477, 0.00000000e+00,
478, 0.00000000e+00,
479, 0.00000000e+00,
480, 0.00000000e+00,
481, 0.00000000e+00,
482, 0.00000000e+00,
483, 0.00000000e+00,
484, 0.00000000e+00,
485, 0.00000000e+00,
486, 0.00000000e+00,
487, 0.00000000e+00,
488, 0.00000000e+00,
489, 0.00000000e+00,
490, 0.00000000e+00,
491, 0.00000000e+00,
492, 0.00000000e+00,
493, 0.00000000e+00,
501, 0.00000000e+00,
502, 0.00000000e+00,
503, 0.00000000e+00,
504, 0.00000000e+00,
505, 0.00000000e+00,
506, 0.00000000e+00,
507, 0.00000000e+00,
508, 0.00000000e+00,
509, 0.00000000e+00,
510, 0.00000000e+00,
511, 0.00000000e+00,
512, 0.00000000e+00,
513, 0.00000000e+00,
514, 0.00000000e+00,
515, 0.00000000e+00,
516, 0.00000000e+00,
517, 0.00000000e+00,
518, 0.00000000e+00,
519, 0.00000000e+00,
520, 0.00000000e+00,
521, 0.00000000e+00,
522, 0.00000000e+00,
523, 0.00000000e+00,
524, 0.00000000e+00,
525, 0.00000000e+00,
526, 0.00000000e+00,
527, 0.00000000e+00,
528, 0.00000000e+00,
529, 0.00000000e+00,
530, 0.00000000e+00,
531, 0.00000000e+00,
532, 0.00000000e+00,
533, 0.00000000e+00,
534, 0.00000000e+00,
535, 0.00000000e+00,
536, 0.00000000e+00,
537, 0.00000000e+00,
538, 0.00000000e+00,
539, 0.00000000e+00,
540, 0.00000000e+00,
541, 0.00000000e+00,
542, 0.00000000e+00,
543, 0.00000000e+00,
544, 0.00000000e+00,
545, 0.00000000e+00,
546, 0.00000000e+00,
547, 0.00000000e+00,
548, 0.00000000e+00,
549, 0.00000000e+00,
550, 0.00000000e+00,
551, 0.00000000e+00,
552, 0.00000000e+00,
553, 0.00000000e+00,
554, 0.00000000e+00,
555, 0.00000000e+00,
556, 0.00000000e+00,
557, 0.00000000e+00,
558, 0.00000000e+00,
559, 0.00000000e+00,
560, 0.00000000e+00,
561, 0.00000000e+00,
562, 0.00000000e+00,
563, 0.00000000e+00,
564, 0.00000000e+00,
565, 0.00000000e+00,
566, 0.00000000e+00,
567, 0.00000000e+00,
568, 0.00000000e+00,
569, 0.00000000e+00,
570, 0.00000000e+00,
571, 0.00000000e+00,
572, 0.00000000e+00,
573, 0.00000000e+00,
574, 0.00000000e+00,
575, 0.00000000e+00,
576, 0.00000000e+00,
577, 0.00000000e+00,
578, 0.00000000e+00,
579, 0.00000000e+00,
580, 0.00000000e+00,
581, 0.00000000e+00,
582, 0.00000000e+00,
583, 0.00000000e+00,
584, 0.00000000e+00,
585, 0.00000000e+00,
586, 0.00000000e+00,
587, 0.00000000e+00,
588, 0.00000000e+00,
589, 0.00000000e+00,
590, 0.00000000e+00,
591, 0.00000000e+00,
592, 0.00000000e+00,
593, 0.00000000e+00,
594, 0.00000000e+00,
595, 0.00000000e+00,
596, 0.00000000e+00,
597, 0.00000000e+00,
598, 0.00000000e+00,
599, 0.00000000e+00,
600, 0.00000000e+00,
601, 0.00000000e+00,
602, 0.00000000e+00,
603, 0.00000000e+00,
604, 0.00000000e+00,
605, 0.00000000e+00,
606, 0.00000000e+00,
607, 0.00000000e+00,
608, 0.00000000e+00,
609, 0.00000000e+00,
610, 0.00000000e+00,
611, 0.00000000e+00,
612, 0.00000000e+00,
613, 0.00000000e+00,
614, 0.00000000e+00,
615, 0.00000000e+00,
616, 0.00000000e+00,
617, 0.00000000e+00,
618, 0.00000000e+00,
619, 0.00000000e+00,
620, 0.00000000e+00,
621, 0.00000000e+00,
622, 0.00000000e+00,
623, 0.00000000e+00,
624, 0.00000000e+00,
625, 0.00000000e+00,
626, 0.00000000e+00,
627, 0.00000000e+00,
628, 0.00000000e+00,
629, 0.00000000e+00,
630, 0.00000000e+00,
631, 0.00000000e+00,
632, 0.00000000e+00,
633, 0.00000000e+00,
634, 0.00000000e+00,
635, 0.00000000e+00,
636, 0.00000000e+00,
637, 0.00000000e+00,
638, 0.00000000e+00,
639, 0.00000000e+00,
640, 0.00000000e+00,
641, 0.00000000e+00,
642, 0.00000000e+00,
643, 0.00000000e+00,
644, 0.00000000e+00,
645, 0.00000000e+00,
646, 0.00000000e+00,
647, 0.00000000e+00,
648, 0.00000000e+00,
649, 0.00000000e+00,
650, 0.00000000e+00,
651, 0.00000000e+00,
652, 0.00000000e+00,
653, 0.00000000e+00,
654, 0.00000000e+00,
655, 0.00000000e+00,
656, 0.00000000e+00,
657, 0.00000000e+00,
658, 0.00000000e+00,
659, 0.00000000e+00,
660, 0.00000000e+00,
661, 0.00000000e+00,
662, 0.00000000e+00,
663, 0.00000000e+00,
664, 0.00000000e+00,
665, 0.00000000e+00,
666, 0.00000000e+00,
667, 0.00000000e+00,
668, 0.00000000e+00,
669, 0.00000000e+00,
670, 0.00000000e+00,
671, 0.00000000e+00,
672, 0.00000000e+00,
673, 0.00000000e+00,
674, 0.00000000e+00,
675, 0.00000000e+00,
676, 0.00000000e+00,
677, 0.00000000e+00,
678, 0.00000000e+00,
679, 0.00000000e+00,
680, 0.00000000e+00,
681, 0.00000000e+00,
682, 0.00000000e+00,
683, 0.00000000e+00,
684, 0.00000000e+00,
685, 0.00000000e+00,
686, 0.00000000e+00,
687, 0.00000000e+00,
688, 0.00000000e+00,
689, 0.00000000e+00,
690, 0.00000000e+00,
691, 0.00000000e+00,
692, 0.00000000e+00,
693, 0.00000000e+00,
694, 0.00000000e+00,
695, 0.00000000e+00,
696, 0.00000000e+00,
697, 0.00000000e+00,
698, 0.00000000e+00,
699, 0.00000000e+00,
700, 0.00000000e+00,
701, 0.00000000e+00,
702, 0.00000000e+00,
703, 0.00000000e+00,
704, 0.00000000e+00,
705, 0.00000000e+00,
706, 0.00000000e+00,
707, 0.00000000e+00,
708, 0.00000000e+00,
709, 0.00000000e+00,
710, 0.00000000e+00,
711, 0.00000000e+00,
712, 0.00000000e+00,
713, 0.00000000e+00,
714, 0.00000000e+00,
715, 0.00000000e+00,
716, 0.00000000e+00,
717, 0.00000000e+00,
718, 0.00000000e+00,
719, 0.00000000e+00,
720, 0.00000000e+00,
721, 0.00000000e+00,
722, 0.00000000e+00,
723, 0.00000000e+00,
724, 0.00000000e+00,
725, 0.00000000e+00,
726, 0.00000000e+00,
727, 0.00000000e+00,
728, 0.00000000e+00,
729, 0.00000000e+00,
730, 0.00000000e+00,
731, 0.00000000e+00,
732, 0.00000000e+00,
733, 0.00000000e+00,
734, 0.00000000e+00,
735, 0.00000000e+00,
736, 0.00000000e+00,
737, 0.00000000e+00,
738, 0.00000000e+00,
739, 0.00000000e+00,
740, 0.00000000e+00,
741, 0.00000000e+00,
742, 0.00000000e+00,
743, 0.00000000e+00,
744, 0.00000000e+00,
745, 0.00000000e+00,
746, 0.00000000e+00,
747, 0.00000000e+00,
748, 0.00000000e+00,
749, 0.00000000e+00,
750, 0.00000000e+00,
751, 0.00000000e+00,
752, 0.00000000e+00,
753, 0.00000000e+00,
754, 0.00000000e+00,
755, 0.00000000e+00,
756, 0.00000000e+00,
757, 0.00000000e+00,
758, 0.00000000e+00,
759, 0.00000000e+00,
760, 0.00000000e+00,
761, 0.00000000e+00,
762, 0.00000000e+00,
763, 0.00000000e+00,
764, 0.00000000e+00,
765, 0.00000000e+00,
766, 0.00000000e+00,
767, 0.00000000e+00,
768, 0.00000000e+00,
769, 0.00000000e+00,
770, 0.00000000e+00,
771, 0.00000000e+00,
772, 0.00000000e+00,
773, 0.00000000e+00,
774, 0.00000000e+00,
775, 0.00000000e+00,
776, 0.00000000e+00,
777, 0.00000000e+00,
778, 0.00000000e+00,
779, 0.00000000e+00,
780, 0.00000000e+00,
781, 0.00000000e+00,
782, 0.00000000e+00,
783, 0.00000000e+00,
784, 0.00000000e+00,
785, 0.00000000e+00,
786, 0.00000000e+00,
787, 0.00000000e+00,
788, 0.00000000e+00,
789, 0.00000000e+00,
790, 0.00000000e+00,
791, 0.00000000e+00,
792, 0.00000000e+00,
793, 0.00000000e+00,
794, 0.00000000e+00,
795, 0.00000000e+00,
796, 0.00000000e+00,
797, 0.00000000e+00,
798, 0.00000000e+00,
799, 0.00000000e+00,
800, 0.00000000e+00,
801, 0.00000000e+00,
802, 0.00000000e+00,
803, 0.00000000e+00,
804, 0.00000000e+00,
805, 0.00000000e+00,
806, 0.00000000e+00,
807, 0.00000000e+00,
808, 0.00000000e+00,
809, 0.00000000e+00,
810, 0.00000000e+00,
811, 0.00000000e+00,
812, 0.00000000e+00,
813, 0.00000000e+00,
814, 0.00000000e+00,
815, 0.00000000e+00,
816, 0.00000000e+00,
817, 0.00000000e+00,
818, 0.00000000e+00,
819, 0.00000000e+00,
820, 0.00000000e+00,
821, 0.00000000e+00,
822, 0.00000000e+00,
823, 0.00000000e+00,
824, 0.00000000e+00,
825, 0.00000000e+00,
826, 0.00000000e+00,
827, 0.00000000e+00,
828, 0.00000000e+00,
829, 0.00000000e+00,
830, 0.00000000e+00,
831, 0.00000000e+00,
832, 0.00000000e+00,
833, 0.00000000e+00,
834, 0.00000000e+00,
835, 0.00000000e+00,
836, 0.00000000e+00,
837, 0.00000000e+00,
838, 0.00000000e+00,
839, 0.00000000e+00,
840, 0.00000000e+00,
841, 0.00000000e+00,
842, 0.00000000e+00,
843, 0.00000000e+00,
844, 0.00000000e+00,
845, 0.00000000e+00,
846, 0.00000000e+00,
847, 0.00000000e+00,
848, 0.00000000e+00,
849, 0.00000000e+00,
850, 0.00000000e+00,
851, 0.00000000e+00,
852, 0.00000000e+00,
853, 0.00000000e+00,
854, 0.00000000e+00,
855, 0.00000000e+00,
856, 0.00000000e+00,
857, 0.00000000e+00,
858, 0.00000000e+00,
859, 0.00000000e+00,
860, 0.00000000e+00,
861, 0.00000000e+00,
862, 0.00000000e+00,
863, 0.00000000e+00,
864, 0.00000000e+00,
865, 0.00000000e+00,
866, 0.00000000e+00,
867, 0.00000000e+00,
868, 0.00000000e+00,
869, 0.00000000e+00,
870, 0.00000000e+00,
871, 0.00000000e+00,
872, 0.00000000e+00,
873, 0.00000000e+00,
874, 0.00000000e+00,
875, 0.00000000e+00,
876, 0.00000000e+00,
877, 0.00000000e+00,
878, 0.00000000e+00,
879, 0.00000000e+00,
880, 0.00000000e+00,
881, 0.00000000e+00,
882, 0.00000000e+00,
883, 0.00000000e+00,
884, 0.00000000e+00,
885, 0.00000000e+00,
886, 0.00000000e+00,
887, 0.00000000e+00,
888, 0.00000000e+00,
889, 0.00000000e+00,
890, 0.00000000e+00,
891, 0.00000000e+00,
892, 0.00000000e+00,
893, 0.00000000e+00,
894, 0.00000000e+00,
895, 0.00000000e+00,
896, 0.00000000e+00,
897, 0.00000000e+00,
898, 0.00000000e+00,
899, 0.00000000e+00,
900, 0.00000000e+00,
901, 0.00000000e+00,
902, 0.00000000e+00,
903, 0.00000000e+00,
904, 0.00000000e+00,
905, 0.00000000e+00,
906, 0.00000000e+00,
907, 0.00000000e+00,
908, 0.00000000e+00,
909, 0.00000000e+00,
910, 0.00000000e+00,
911, 0.00000000e+00,
912, 0.00000000e+00,
913, 0.00000000e+00,
914, 0.00000000e+00,
915, 0.00000000e+00,
916, 0.00000000e+00,
917, 0.00000000e+00,
918, 0.00000000e+00,
919, 0.00000000e+00,
920, 0.00000000e+00,
921, 0.00000000e+00,
922, 0.00000000e+00,
923, 0.00000000e+00,
924, 0.00000000e+00,
925, 0.00000000e+00,
926, 0.00000000e+00,
927, 0.00000000e+00,
928, 0.00000000e+00,
929, 0.00000000e+00,
930, 0.00000000e+00,
931, 0.00000000e+00,
932, 0.00000000e+00,
933, 0.00000000e+00,
934, 0.00000000e+00,
935, 0.00000000e+00,
936, 0.00000000e+00,
937, 0.00000000e+00,
938, 0.00000000e+00,
939, 0.00000000e+00,
940, 0.00000000e+00,
941, 0.00000000e+00,
942, 0.00000000e+00,
943, 0.00000000e+00,
944, 0.00000000e+00,
945, 0.00000000e+00,
946, 0.00000000e+00,
947, 0.00000000e+00,
948, 0.00000000e+00,
949, 0.00000000e+00,
950, 0.00000000e+00,
951, 0.00000000e+00,
952, 0.00000000e+00,
953, 0.00000000e+00,
954, 0.00000000e+00,
955, 0.00000000e+00,
956, 0.00000000e+00,
957, 0.00000000e+00,
958, 0.00000000e+00,
959, 0.00000000e+00,
960, 0.00000000e+00,
961, 0.00000000e+00,
962, 0.00000000e+00,
963, 0.00000000e+00,
964, 0.00000000e+00,
965, 0.00000000e+00,
966, 0.00000000e+00,
967, 0.00000000e+00,
968, 0.00000000e+00,
969, 0.00000000e+00,
970, 0.00000000e+00,
971, 0.00000000e+00,
972, 0.00000000e+00,
-1,0.,
1,80034,1,
MODE_003_UMAG_44869.3Hz
0.,-1.,0.,
80034,0,0,0,0,0,0,0,0,0,
0,0,0,0,0,0,0,0,0,0,
0,0,3,7,
0,1,1,
1, 6.26234462e-02,
2, 5.64758942e-01,
3, 1.16088544e-01,
4, 2.62747942e-02,
5, 2.96595517e-02,
6, 5.93119292e-02,
7, 1.55421650e-01,
8, 1.03044557e-01,
9, 1.84574611e-01,
10, 1.62355836e-01,
11, 1.60936742e-01,
12, 1.79791863e-01,
13, 1.37985608e-01,
14, 2.91602807e-01,
15, 3.38446983e-01,
16, 3.03980769e-01,
17, 3.78570096e-01,
18, 5.92171652e-02,
19, 5.63929418e-01,
20, 6.70974893e-02,
21, 8.03997577e-02,
22, 1.01607720e-01,
23, 1.31921614e-01,
24, 1.74655570e-01,
25, 2.25611066e-01,
26, 2.68219926e-01,
27, 2.94338035e-01,
28, 3.09749106e-01,
29, 3.31044862e-01,
30, 3.61975846e-01,
31, 3.91592410e-01,
32, 4.16372650e-01,
33, 4.37261147e-01,
34, 4.55339836e-01,
35, 4.71384200e-01,
36, 4.85868407e-01,
37, 4.98955347e-01,
38, 5.10720671e-01,
39, 5.20964371e-01,
40, 5.30310556e-01,
41, 5.38324970e-01,
42, 5.45091835e-01,
43, 5.51145178e-01,
44, 5.55880125e-01,
45, 5.59838120e-01,
46, 5.62853192e-01,
47, 5.64473287e-01,
48, 1.13811401e-01,
49, 1.09122480e-01,
50, 1.00545604e-01,
51, 9.01919976e-02,
52, 7.54020978e-02,
53, 6.10320150e-02,
54, 4.58826809e-02,
55, 3.20318237e-02,
56, 2.63869166e-02,
57, 4.35280543e-02,
58, 5.13159963e-02,
59, 5.21540635e-02,
60, 7.80032067e-02,
61, 9.73019876e-02,
62, 4.88446630e-02,
63, 6.40036949e-02,
64, 5.77739149e-02,
65, 1.22402579e-01,
66, 1.08957519e-01,
67, 1.36005837e-01,
68, 1.59108059e-01,
69, 1.45048222e-01,
70, 1.94691366e-01,
71, 2.46286259e-01,
72, 2.98216757e-01,
73, 2.53264047e-01,
74, 2.06849102e-01,
75, 3.68899045e-01,
76, 2.63735785e-01,
77, 3.17368755e-01,
78, 3.54763430e-01,
79, 3.01481486e-01,
80, 2.73881658e-01,
81, 2.43512973e-01,
82, 2.11634437e-01,
83, 1.77010428e-01,
84, 1.91136654e-01,
85, 2.02890629e-01,
86, 2.13618445e-01,
87, 2.21797867e-01,
88, 2.27928936e-01,
89, 2.32700198e-01,
90, 2.36372212e-01,
91, 2.38519643e-01,
92, 2.39819741e-01,
93, 2.39663253e-01,
94, 2.38642614e-01,
95, 2.36773749e-01,
96, 2.33656017e-01,
97, 2.28291256e-01,
98, 2.22434360e-01,
99, 2.15849131e-01,
100, 2.08084922e-01,
101, 2.00183296e-01,
102, 1.90169871e-01,
103, 1.78543590e-01,
104, 3.69461762e-01,
105, 3.63682100e-01,
106, 3.61096601e-01,
107, 3.61083058e-01,
108, 3.62400982e-01,
109, 3.64237545e-01,
110, 3.66019027e-01,
111, 3.66870181e-01,
112, 3.67518740e-01,
113, 3.67944980e-01,
114, 3.66783948e-01,
115, 3.64905405e-01,
116, 3.62545112e-01,
117, 3.59322447e-01,
118, 3.54668464e-01,
119, 3.49215576e-01,
120, 3.42626486e-01,
121, 3.35627763e-01,
122, 3.27580287e-01,
123, 3.19002298e-01,
124, 3.10628699e-01,
125, 5.28402784e-02,
126, 4.69986509e-02,
127, 4.12379348e-02,
128, 3.37204986e-02,
129, 1.82067578e-02,
130, 6.50057965e-03,
131, 3.81137122e-02,
132, 6.65090541e-02,
133, 8.99781004e-02,
134, 1.07952431e-01,
135, 1.20581354e-01,
136, 1.28635975e-01,
137, 1.30312280e-01,
138, 1.25347430e-01,
139, 5.61595107e-01,
140, 5.56094359e-01,
141, 5.48441382e-01,
142, 5.36067297e-01,
143, 5.11300687e-01,
144, 4.73163318e-01,
145, 4.22122269e-01,
146, 3.66581806e-01,
147, 3.14586455e-01,
148, 2.31016622e-01,
149, 1.22837495e-01,
150, 8.10421292e-02,
151, 3.78554700e-02,
152, 2.06126628e-03,
153, 6.30843582e-02,
154, 7.40324653e-02,
155, 9.12643679e-02,
156, 1.13671359e-01,
157, 1.42826343e-01,
158, 1.81497360e-01,
159, 2.27775998e-01,
160, 2.69354649e-01,
161, 2.98137114e-01,
162, 3.17030620e-01,
163, 3.37967834e-01,
164, 3.62511209e-01,
165, 3.86232260e-01,
166, 4.07636936e-01,
167, 4.26794670e-01,
168, 4.43902798e-01,
169, 4.59418189e-01,
170, 4.73556016e-01,
171, 4.86495309e-01,
172, 4.98331331e-01,
173, 5.09069795e-01,
174, 5.18774787e-01,
175, 5.27594369e-01,
176, 5.35440812e-01,
177, 5.41836111e-01,
178, 5.47590968e-01,
179, 5.52462032e-01,
180, 5.56712206e-01,
181, 5.60164384e-01,
182, 5.62337769e-01,
183, 5.63718653e-01,
184, 4.00642328e-01,
185, 3.86002552e-01,
186, 3.85352442e-01,
187, 3.96625152e-01,
188, 3.75817564e-01,
189, 3.77324002e-01,
190, 1.54064084e-01,
191, 4.24840912e-02,
192, 2.66442987e-02,
193, 2.37560248e-02,
194, 5.24057566e-02,
195, 6.35690677e-02,
196, 5.67051913e-02,
197, 4.30267890e-01,
198, 4.23495772e-01,
199, 1.73800378e-01,
200, 4.67443940e-01,
201, 4.90851262e-01,
202, 1.54248988e-01,
203, 3.55665570e-01,
204, 1.13554972e-01,
205, 1.24510665e-01,
206, 1.19072938e-01,
207, 1.88477416e-01,
208, 1.89838778e-01,
209, 1.49306325e-01,
210, 1.36772664e-01,
211, 3.25112689e-01,
212, 1.63247197e-01,
213, 1.28854929e-01,
214, 1.51435190e-01,
215, 4.06952794e-01,
216, 4.56652547e-01,
217, 4.27577397e-01,
218, 4.69048332e-01,
219, 4.38665713e-01,
220, 3.91133199e-01,
221, 1.06678141e-01,
222, 7.21054882e-02,
223, 1.19545510e-01,
224, 5.42628592e-01,
225, 5.48051699e-01,
226, 1.82282400e-01,
227, 2.00039302e-01,
228, 5.26738875e-01,
229, 5.26485088e-01,
230, 4.60143014e-01,
231, 4.50143261e-01,
232, 4.58886615e-01,
233, 4.45878965e-01,
234, 1.68859532e-01,
235, 2.12135559e-01,
236, 5.23732750e-01,
237, 5.04685961e-01,
238, 5.35544387e-01,
239, 5.28179310e-01,
240, 5.19434773e-01,
241, 5.16797219e-01,
242, 3.89716155e-01,
243, 5.58729068e-01,
244, 3.88668878e-01,
245, 4.09227208e-01,
246, 4.00780837e-01,
247, 3.85961836e-01,
248, 5.59957988e-01,
249, 5.56124641e-01,
250, 5.61034586e-01,
251, 5.57453390e-01,
252, 5.51245497e-01,
253, 5.48895432e-01,
254, 5.44061872e-01,
255, 5.53129552e-01,
256, 3.87174050e-01,
257, 9.59266609e-02,
258, 7.02837771e-02,
259, 7.72714000e-02,
260, 9.37210099e-02,
261, 8.85503427e-02,
262, 7.54259016e-02,
263, 8.20851606e-02,
264, 6.94227478e-02,
265, 7.85755896e-02,
266, 1.26050007e-01,
267, 5.69005460e-02,
268, 5.91340198e-02,
269, 4.92143693e-02,
270, 1.07360655e-01,
271, 1.28368283e-01,
272, 9.72138711e-02,
273, 5.40137443e-01,
274, 1.08054795e-01,
275, 1.20792404e-01,
276, 1.20580536e-01,
277, 4.50277737e-01,
278, 4.65572244e-01,
279, 4.76119419e-01,
280, 5.61823921e-01,
281, 3.92212818e-01,
282, 4.15691390e-01,
283, 4.38510054e-01,
284, 4.82226519e-02,
285, 5.27038410e-02,
286, 9.98240890e-02,
287, 1.16719888e-01,
288, 9.52817418e-02,
289, 3.49388607e-01,
290, 6.96099872e-02,
291, 8.65048072e-02,
292, 7.68733007e-02,
293, 3.72333019e-01,
294, 7.06393625e-02,
295, 1.10296404e-01,
296, 8.25261653e-02,
297, 4.12806599e-01,
298, 3.93211521e-01,
299, 3.13086961e-01,
300, 1.17622270e-01,
301, 1.21834938e-01,
302, 1.21105932e-01,
303, 1.22916512e-01,
304, 1.34448071e-01,
305, 1.04565662e-01,
306, 1.28324302e-01,
307, 1.23803920e-01,
308, 6.99262182e-02,
309, 8.18006581e-02,
310, 4.22515976e-01,
311, 4.16694799e-01,
312, 4.32435685e-01,
313, 3.74267299e-01,
314, 5.41560990e-01,
315, 9.99449355e-02,
316, 1.13020351e-01,
317, 5.36084919e-01,
318, 5.35602367e-01,
319, 1.00653596e-01,
320, 1.08788964e-01,
321, 4.36550505e-01,
322, 4.46646441e-01,
323, 5.57117231e-01,
324, 5.51090604e-01,
325, 5.53302597e-01,
326, 1.30068156e-01,
327, 1.39461658e-01,
328, 8.78352480e-02,
329, 5.27762259e-01,
330, 1.14712159e-01,
331, 1.23183403e-01,
332, 3.82108901e-01,
333, 4.04483245e-01,
334, 4.22520301e-01,
335, 5.47110362e-01,
336, 4.82535624e-01,
337, 6.04897602e-02,
338, 5.60727804e-02,
339, 4.93208435e-01,
340, 4.76980336e-02,
341, 5.26437851e-01,
342, 4.64784559e-02,
343, 2.05068803e-01,
344, 4.87895764e-01,
345, 5.00031473e-01,
346, 1.24671826e-01,
347, 4.12881642e-01,
348, 1.17508526e-01,
349, 5.08383467e-01,
350, 5.11938890e-01,
351, 5.00083438e-01,
352, 4.30258429e-01,
353, 5.40286794e-01,
354, 5.43591145e-01,
355, 5.08285061e-01,
356, 5.19349515e-01,
357, 2.81638520e-01,
358, 5.41843956e-01,
359, 5.32181515e-01,
360, 1.05931191e-01,
361, 5.14783020e-01,
362, 4.56328923e-01,
363, 4.72010071e-01,
364, 4.69488880e-01,
365, 4.83866832e-01,
366, 4.80015413e-01,
367, 4.95638044e-01,
368, 4.91623458e-01,
369, 7.07639402e-02,
370, 9.95838391e-02,
371, 5.34411023e-02,
372, 5.68779217e-02,
373, 4.85997722e-02,
374, 2.57020179e-01,
375, 2.96147100e-01,
376, 2.89145294e-01,
377, 2.68893393e-01,
378, 2.22526491e-01,
379, 2.31919022e-01,
380, 2.49555594e-01,
381, 2.79635406e-01,
382, 3.02838306e-01,
383, 2.82657960e-01,
384, 3.29986149e-01,
385, 3.34330657e-01,
386, 2.75601208e-01,
387, 2.98774041e-01,
388, 2.36165458e-01,
389, 3.32096465e-01,
390, 3.31891305e-01,
391, 3.14037135e-01,
392, 3.04768561e-01,
393, 3.16587841e-01,
394, 2.92309727e-01,
395, 2.66467785e-01,
396, 2.46487822e-01,
397, 2.76759446e-01,
398, 2.35298943e-01,
399, 2.70422446e-01,
400, 2.94191143e-01,
401, 2.81623359e-01,
402, 3.06521675e-01,
403, 3.21194009e-01,
404, 2.64188906e-01,
405, 2.91499328e-01,
406, 3.13098505e-01,
407, 2.53563798e-01,
408, 2.79142436e-01,
409, 2.87790932e-01,
410, 3.19161042e-01,
411, 3.26491906e-01,
412, 3.38274918e-01,
413, 3.22779789e-01,
414, 3.31158781e-01,
415, 3.42195951e-01,
416, 3.25328290e-01,
417, 3.34348741e-01,
418, 3.44869467e-01,
419, 3.05784639e-01,
420, 2.84569893e-01,
421, 3.26890819e-01,
422, 3.36479321e-01,
423, 3.46665452e-01,
424, 3.04511999e-01,
425, 3.29694016e-01,
426, 3.27547108e-01,
427, 3.37744207e-01,
428, 3.47707949e-01,
429, 3.27244980e-01,
430, 3.38129201e-01,
431, 3.47822463e-01,
432, 3.07662165e-01,
433, 2.85407467e-01,
434, 3.25934126e-01,
435, 3.37515929e-01,
436, 3.46844019e-01,
437, 3.23795289e-01,
438, 3.36002684e-01,
439, 3.45351906e-01,
440, 3.21006807e-01,
441, 3.33908076e-01,
442, 3.43362446e-01,
443, 3.08538743e-01,
444, 2.85235205e-01,
445, 3.17516244e-01,
446, 3.31201257e-01,
447, 3.40697406e-01,
448, 3.12267145e-01,
449, 3.27704531e-01,
450, 3.37129694e-01,
451, 3.21664518e-01,
452, 3.08434800e-01,
453, 2.84011027e-01,
454, 2.38236164e-01,
455, 2.30200142e-01,
456, 3.07288456e-01,
457, 2.81620896e-01,
458, 2.60372305e-01,
459, 2.45126987e-01,
460, 3.05117994e-01,
461, 2.78269344e-01,
462, 2.50640296e-01,
463, 3.02011850e-01,
464, 2.54941382e-01,
465, 2.79116567e-01,
466, 2.52635829e-01,
467, 2.56599699e-01,
468, 2.98145143e-01,
469, 2.93410760e-01,
470, 2.59029626e-01,
471, 2.69776472e-01,
472, 2.60303170e-01,
473, 2.60603316e-01,
474, 2.59892646e-01,
475, 2.57966772e-01,
476, 2.19376772e-01,
477, 2.47692181e-01,
478, 2.41588755e-01,
479, 2.36647862e-01,
480, 2.23052428e-01,
481, 2.19633371e-01,
482, 2.00540909e-01,
483, 2.55309722e-01,
484, 2.28015197e-01,
485, 1.89732922e-01,
486, 3.45271981e-01,
487, 3.07869221e-01,
488, 2.04958266e-01,
489, 2.84577340e-01,
490, 2.66665757e-01,
491, 2.66323415e-01,
492, 2.03896680e-01,
493, 2.94936166e-01,
501, 6.26234462e-02,
502, 1.16088544e-01,
503, 2.96595517e-02,
504, 1.55421650e-01,
505, 1.03044557e-01,
506, 1.84574611e-01,
507, 1.62355836e-01,
508, 1.60936742e-01,
509, 1.79791863e-01,
510, 1.37985608e-01,
511, 2.91602807e-01,
512, 3.38446983e-01,
513, 3.03980769e-01,
514, 3.78570096e-01,
515, 5.92171652e-02,
516, 6.70974893e-02,
517, 8.03997577e-02,
518, 1.01607720e-01,
519, 1.31921614e-01,
520, 1.74655570e-01,
521, 2.25611066e-01,
522, 2.68219926e-01,
523, 2.94338035e-01,
524, 3.09749106e-01,
525, 3.31044862e-01,
526, 3.61975846e-01,
527, 3.91592410e-01,
528, 4.16372650e-01,
529, 4.37261147e-01,
530, 4.55339836e-01,
531, 4.71384200e-01,
532, 4.85868407e-01,
533, 4.98955347e-01,
534, 5.10720671e-01,
535, 5.20964371e-01,
536, 5.30310556e-01,
537, 5.38324970e-01,
538, 5.45091835e-01,
539, 5.51145178e-01,
540, 5.55880125e-01,
541, 5.59838120e-01,
542, 5.62853192e-01,
543, 5.64473287e-01,
544, 1.13811401e-01,
545, 1.09122480e-01,
546, 1.00545604e-01,
547, 9.01919976e-02,
548, 7.54020978e-02,
549, 6.10320150e-02,
550, 4.58826809e-02,
551, 3.20318237e-02,
552, 2.63869166e-02,
553, 4.35280543e-02,
554, 5.13159963e-02,
555, 5.21540635e-02,
556, 7.80032067e-02,
557, 9.73019876e-02,
558, 1.22402579e-01,
559, 1.08957519e-01,
560, 1.36005837e-01,
561, 1.59108059e-01,
562, 1.45048222e-01,
563, 1.94691366e-01,
564, 2.46286259e-01,
565, 2.98216757e-01,
566, 2.53264047e-01,
567, 2.06849102e-01,
568, 3.68899045e-01,
569, 2.63735785e-01,
570, 3.17368755e-01,
571, 3.54763430e-01,
572, 3.01481486e-01,
573, 2.73881658e-01,
574, 2.43512973e-01,
575, 2.11634437e-01,
576, 1.77010428e-01,
577, 1.91136654e-01,
578, 2.02890629e-01,
579, 2.13618445e-01,
580, 2.21797867e-01,
581, 2.27928936e-01,
582, 2.32700198e-01,
583, 2.36372212e-01,
584, 2.38519643e-01,
585, 2.39819741e-01,
586, 2.39663253e-01,
587, 2.38642614e-01,
588, 2.36773749e-01,
589, 2.33656017e-01,
590, 2.28291256e-01,
591, 2.22434360e-01,
592, 2.15849131e-01,
593, 2.08084922e-01,
594, 2.00183296e-01,
595, 1.90169871e-01,
596, 1.78543590e-01,
597, 3.69461762e-01,
598, 3.63682100e-01,
599, 3.61096601e-01,
600, 3.61083058e-01,
601, 3.62400982e-01,
602, 3.64237545e-01,
603, 3.66019027e-01,
604, 3.66870181e-01,
605, 3.67518740e-01,
606, 3.67944980e-01,
607, 3.66783948e-01,
608, 3.64905405e-01,
609, 3.62545112e-01,
610, 3.59322447e-01,
611, 3.54668464e-01,
612, 3.49215576e-01,
613, 3.42626486e-01,
614, 3.35627763e-01,
615, 3.27580287e-01,
616, 3.19002298e-01,
617, 3.10628699e-01,
618, 5.28402784e-02,
619, 4.69986509e-02,
620, 4.12379348e-02,
621, 3.37204986e-02,
622, 1.82067578e-02,
623, 6.50057965e-03,
624, 3.81137122e-02,
625, 6.65090541e-02,
626, 8.99781004e-02,
627, 1.07952431e-01,
628, 1.20581354e-01,
629, 1.28635975e-01,
630, 1.30312280e-01,
631, 1.25347430e-01,
632, 6.30843582e-02,
633, 7.40324653e-02,
634, 9.12643679e-02,
635, 1.13671359e-01,
636, 1.42826343e-01,
637, 1.81497360e-01,
638, 2.27775998e-01,
639, 2.69354649e-01,
640, 2.98137114e-01,
641, 3.17030620e-01,
642, 3.37967834e-01,
643, 3.62511209e-01,
644, 3.86232260e-01,
645, 4.07636936e-01,
646, 4.26794670e-01,
647, 4.43902798e-01,
648, 4.59418189e-01,
649, 4.73556016e-01,
650, 4.86495309e-01,
651, 4.98331331e-01,
652, 5.09069795e-01,
653, 5.18774787e-01,
654, 5.27594369e-01,
655, 5.35440812e-01,
656, 5.41836111e-01,
657, 5.47590968e-01,
658, 5.52462032e-01,
659, 5.56712206e-01,
660, 5.60164384e-01,
661, 5.62337769e-01,
662, 5.63718653e-01,
663, 4.00642328e-01,
664, 3.86002552e-01,
665, 3.85352442e-01,
666, 3.96625152e-01,
667, 3.75817564e-01,
668, 3.77324002e-01,
669, 1.54064084e-01,
670, 4.24840912e-02,
671, 2.66442987e-02,
672, 2.37560248e-02,
673, 5.24057566e-02,
674, 6.35690677e-02,
675, 5.67051913e-02,
676, 4.30267890e-01,
677, 4.23495772e-01,
678, 1.73800378e-01,
679, 4.67443940e-01,
680, 4.90851262e-01,
681, 1.54248988e-01,
682, 3.55665570e-01,
683, 1.13554972e-01,
684, 1.24510665e-01,
685, 1.19072938e-01,
686, 1.88477416e-01,
687, 1.89838778e-01,
688, 1.49306325e-01,
689, 1.36772664e-01,
690, 3.25112689e-01,
691, 1.63247197e-01,
692, 1.28854929e-01,
693, 1.51435190e-01,
694, 4.06952794e-01,
695, 4.56652547e-01,
696, 4.27577397e-01,
697, 4.69048332e-01,
698, 4.38665713e-01,
699, 3.91133199e-01,
700, 1.06678141e-01,
701, 7.21054882e-02,
702, 1.19545510e-01,
703, 5.42628592e-01,
704, 5.48051699e-01,
705, 1.82282400e-01,
706, 2.00039302e-01,
707, 5.26738875e-01,
708, 5.26485088e-01,
709, 4.60143014e-01,
710, 4.50143261e-01,
711, 4.58886615e-01,
712, 4.45878965e-01,
713, 1.68859532e-01,
714, 2.12135559e-01,
715, 5.23732750e-01,
716, 5.04685961e-01,
717, 5.35544387e-01,
718, 5.28179310e-01,
719, 5.19434773e-01,
720, 5.16797219e-01,
721, 3.89716155e-01,
722, 5.58729068e-01,
723, 3.88668878e-01,
724, 4.09227208e-01,
725, 4.00780837e-01,
726, 3.85961836e-01,
727, 5.59957988e-01,
728, 5.56124641e-01,
729, 5.61034586e-01,
730, 5.57453390e-01,
731, 5.51245497e-01,
732, 5.48895432e-01,
733, 5.44061872e-01,
734, 5.53129552e-01,
735, 3.87174050e-01,
736, 9.59266609e-02,
737, 7.02837771e-02,
738, 7.72714000e-02,
739, 9.37210099e-02,
740, 8.85503427e-02,
741, 7.54259016e-02,
742, 8.20851606e-02,
743, 6.94227478e-02,
744, 7.85755896e-02,
745, 1.26050007e-01,
746, 5.69005460e-02,
747, 5.91340198e-02,
748, 4.92143693e-02,
749, 1.07360655e-01,
750, 1.28368283e-01,
751, 9.72138711e-02,
752, 5.40137443e-01,
753, 1.08054795e-01,
754, 1.20792404e-01,
755, 1.20580536e-01,
756, 4.50277737e-01,
757, 4.65572244e-01,
758, 4.76119419e-01,
759, 5.61823921e-01,
760, 3.92212818e-01,
761, 4.15691390e-01,
762, 4.38510054e-01,
763, 4.82226519e-02,
764, 5.27038410e-02,
765, 9.98240890e-02,
766, 1.16719888e-01,
767, 9.52817418e-02,
768, 3.49388607e-01,
769, 6.96099872e-02,
770, 8.65048072e-02,
771, 7.68733007e-02,
772, 3.72333019e-01,
773, 7.06393625e-02,
774, 1.10296404e-01,
775, 8.25261653e-02,
776, 4.12806599e-01,
777, 3.93211521e-01,
778, 3.13086961e-01,
779, 1.17622270e-01,
780, 1.21834938e-01,
781, 1.21105932e-01,
782, 1.22916512e-01,
783, 1.34448071e-01,
784, 1.04565662e-01,
785, 1.28324302e-01,
786, 1.23803920e-01,
787, 6.99262182e-02,
788, 8.18006581e-02,
789, 4.22515976e-01,
790, 4.16694799e-01,
791, 4.32435685e-01,
792, 3.74267299e-01,
793, 5.41560990e-01,
794, 9.99449355e-02,
795, 1.13020351e-01,
796, 5.36084919e-01,
797, 5.35602367e-01,
798, 1.00653596e-01,
799, 1.08788964e-01,
800, 4.36550505e-01,
801, 4.46646441e-01,
802, 5.57117231e-01,
803, 5.51090604e-01,
804, 5.53302597e-01,
805, 1.30068156e-01,
806, 1.39461658e-01,
807, 8.78352480e-02,
808, 5.27762259e-01,
809, 1.14712159e-01,
810, 1.23183403e-01,
811, 3.82108901e-01,
812, 4.04483245e-01,
813, 4.22520301e-01,
814, 5.47110362e-01,
815, 4.82535624e-01,
816, 6.04897602e-02,
817, 5.60727804e-02,
818, 4.93208435e-01,
819, 4.76980336e-02,
820, 5.26437851e-01,
821, 4.64784559e-02,
822, 2.05068803e-01,
823, 4.87895764e-01,
824, 5.00031473e-01,
825, 1.24671826e-01,
826, 4.12881642e-01,
827, 1.17508526e-01,
828, 5.08383467e-01,
829, 5.11938890e-01,
830, 5.00083438e-01,
831, 4.30258429e-01,
832, 5.40286794e-01,
833, 5.43591145e-01,
834, 5.08285061e-01,
835, 5.19349515e-01,
836, 2.81638520e-01,
837, 5.41843956e-01,
838, 5.32181515e-01,
839, 1.05931191e-01,
840, 5.14783020e-01,
841, 4.56328923e-01,
842, 4.72010071e-01,
843, 4.69488880e-01,
844, 4.83866832e-01,
845, 4.80015413e-01,
846, 4.95638044e-01,
847, 4.91623458e-01,
848, 7.07639402e-02,
849, 9.95838391e-02,
850, 5.34411023e-02,
851, 5.68779217e-02,
852, 4.85997722e-02,
853, 2.57020179e-01,
854, 2.96147100e-01,
855, 2.89145294e-01,
856, 2.68893393e-01,
857, 2.22526491e-01,
858, 2.31919022e-01,
859, 2.49555594e-01,
860, 2.79635406e-01,
861, 3.02838306e-01,
862, 2.82657960e-01,
863, 3.29986149e-01,
864, 3.34330657e-01,
865, 2.75601208e-01,
866, 2.98774041e-01,
867, 2.36165458e-01,
868, 3.32096465e-01,
869, 3.31891305e-01,
870, 3.14037135e-01,
871, 3.04768561e-01,
872, 3.16587841e-01,
873, 2.92309727e-01,
874, 2.66467785e-01,
875, 2.46487822e-01,
876, 2.76759446e-01,
877, 2.35298943e-01,
878, 2.70422446e-01,
879, 2.94191143e-01,
880, 2.81623359e-01,
881, 3.06521675e-01,
882, 3.21194009e-01,
883, 2.64188906e-01,
884, 2.91499328e-01,
885, 3.13098505e-01,
886, 2.53563798e-01,
887, 2.79142436e-01,
888, 2.87790932e-01,
889, 3.19161042e-01,
890, 3.26491906e-01,
891, 3.38274918e-01,
892, 3.22779789e-01,
893, 3.31158781e-01,
894, 3.42195951e-01,
895, 3.25328290e-01,
896, 3.34348741e-01,
897, 3.44869467e-01,
898, 3.05784639e-01,
899, 2.84569893e-01,
900, 3.26890819e-01,
901, 3.36479321e-01,
902, 3.46665452e-01,
903, 3.04511999e-01,
904, 3.29694016e-01,
905, 3.27547108e-01,
906, 3.37744207e-01,
907, 3.47707949e-01,
908, 3.27244980e-01,
909, 3.38129201e-01,
910, 3.47822463e-01,
911, 3.07662165e-01,
912, 2.85407467e-01,
913, 3.25934126e-01,
914, 3.37515929e-01,
915, 3.46844019e-01,
916, 3.23795289e-01,
917, 3.36002684e-01,
918, 3.45351906e-01,
919, 3.21006807e-01,
920, 3.33908076e-01,
921, 3.43362446e-01,
922, 3.08538743e-01,
923, 2.85235205e-01,
924, 3.17516244e-01,
925, 3.31201257e-01,
926, 3.40697406e-01,
927, 3.12267145e-01,
928, 3.27704531e-01,
929, 3.37129694e-01,
930, 3.21664518e-01,
931, 3.08434800e-01,
932, 2.84011027e-01,
933, 2.38236164e-01,
934, 2.30200142e-01,
935, 3.07288456e-01,
936, 2.81620896e-01,
937, 2.60372305e-01,
938, 2.45126987e-01,
939, 3.05117994e-01,
940, 2.78269344e-01,
941, 2.50640296e-01,
942, 3.02011850e-01,
943, 2.54941382e-01,
944, 2.79116567e-01,
945, 2.52635829e-01,
946, 2.56599699e-01,
947, 2.98145143e-01,
948, 2.93410760e-01,
949, 2.59029626e-01,
950, 2.69776472e-01,
951, 2.60303170e-01,
952, 2.60603316e-01,
953, 2.59892646e-01,
954, 2.57966772e-01,
955, 2.19376772e-01,
956, 2.47692181e-01,
957, 2.41588755e-01,
958, 2.36647862e-01,
959, 2.23052428e-01,
960, 2.19633371e-01,
961, 2.00540909e-01,
962, 2.55309722e-01,
963, 2.28015197e-01,
964, 1.89732922e-01,
965, 3.45271981e-01,
966, 3.07869221e-01,
967, 2.04958266e-01,
968, 2.84577340e-01,
969, 2.66665757e-01,
970, 2.66323415e-01,
971, 2.03896680e-01,
972, 2.94936166e-01,
-1,0.,
1,80041,1,
MODE_004_UX_53114.1Hz
0.,-1.,0.,
80041,0,0,0,0,0,0,0,0,0,
0,0,0,0,0,0,0,0,0,0,
0,0,3,7,
0,1,1,
1,-4.85107460e-01,
2, 4.66431824e-01,
3,-7.55947701e-02,
4, 3.32098282e-02,
5,-1.10329738e-02,
6, 6.40458331e-07,
7,-4.03973760e-01,
8,-4.05553561e-01,
9,-3.50316322e-01,
10,-3.76952262e-01,
11, 1.20601356e-01,
12, 1.32548875e-01,
13, 1.48774547e-01,
14, 3.01637239e-01,
15,-2.24092593e-01,
16, 3.13990259e-01,
17,-1.90764356e-01,
18,-4.87820763e-01,
19, 4.69935773e-01,
20,-4.81872109e-01,
21,-4.73838763e-01,
22,-4.60790361e-01,
23,-4.41363226e-01,
24,-4.13663531e-01,
25,-3.74108735e-01,
26,-3.24436479e-01,
27,-2.67922492e-01,
28,-2.14945544e-01,
29,-1.69900912e-01,
30,-1.24885950e-01,
31,-7.52366061e-02,
32,-2.19990561e-02,
33, 3.28145679e-02,
34, 8.77700548e-02,
35, 1.41775720e-01,
36, 1.93983523e-01,
37, 2.43704139e-01,
38, 2.90431712e-01,
39, 3.32490359e-01,
40, 3.70535914e-01,
41, 4.03093614e-01,
42, 4.29713243e-01,
43, 4.50901191e-01,
44, 4.66138125e-01,
45, 4.75969786e-01,
46, 4.79100301e-01,
47, 4.75960584e-01,
48,-7.30048660e-02,
49,-6.37767581e-02,
50,-4.94899943e-02,
51,-3.56626349e-02,
52,-1.76861220e-02,
53, 5.61464304e-04,
54, 1.33783269e-02,
55, 2.58815187e-02,
56,-6.40627053e-04,
57,-1.65843465e-03,
58,-1.37501792e-03,
59,-2.03415715e-02,
60,-3.25438002e-02,
61,-5.18083482e-02,
62, 1.78852322e-02,
63, 8.06403134e-03,
64, 3.05926385e-03,
65,-4.05376281e-01,
66,-3.91549051e-01,
67,-3.71948867e-01,
68, 1.15899037e-01,
69, 1.19089700e-01,
70, 2.09316327e-01,
71, 2.56439350e-01,
72,-2.74711944e-01,
73,-3.23014142e-01,
74,-3.66626209e-01,
75,-2.06446765e-01,
76,-3.05471397e-01,
77,-2.63990175e-01,
78,-2.25897990e-01,
79, 3.12874430e-01,
80, 2.77500493e-01,
81, 2.32667614e-01,
82, 1.84709406e-01,
83, 1.16162383e-01,
84, 1.08327014e-01,
85, 9.74522614e-02,
86, 8.45315007e-02,
87, 6.90194841e-02,
88, 5.06390072e-02,
89, 3.03807156e-02,
90, 8.23011748e-03,
91,-1.57174979e-02,
92,-4.09946293e-02,
93,-6.75303388e-02,
94,-9.54527256e-02,
95,-1.23884995e-01,
96,-1.53322137e-01,
97,-1.81433649e-01,
98,-2.10250035e-01,
99,-2.39240259e-01,
100,-2.67682886e-01,
101,-2.96620515e-01,
102,-3.23841373e-01,
103,-3.51243857e-01,
104,-1.68933971e-01,
105,-1.43858127e-01,
106,-1.16765601e-01,
107,-8.82794449e-02,
108,-5.93453793e-02,
109,-2.93601403e-02,
110, 4.15043227e-04,
111, 3.04423766e-02,
112, 5.96741150e-02,
113, 8.81547963e-02,
114, 1.15918812e-01,
115, 1.42172409e-01,
116, 1.66900104e-01,
117, 1.89916398e-01,
118, 2.10560864e-01,
119, 2.29626856e-01,
120, 2.46001906e-01,
121, 2.61284065e-01,
122, 2.73755915e-01,
123, 2.86675636e-01,
124, 3.00710084e-01,
125,-4.91386461e-01,
126,-4.93109701e-01,
127,-4.93127462e-01,
128,-4.90134167e-01,
129,-4.76710869e-01,
130,-4.57946707e-01,
131,-4.17345988e-01,
132,-3.70640865e-01,
133,-3.19441921e-01,
134,-2.66329019e-01,
135,-2.16231775e-01,
136,-1.72370445e-01,
137,-1.35741959e-01,
138,-1.02641283e-01,
139, 4.75619854e-01,
140, 4.78615507e-01,
141, 4.79829866e-01,
142, 4.78408100e-01,
143, 4.69183790e-01,
144, 4.49592198e-01,
145, 4.17479550e-01,
146, 3.83445609e-01,
147, 3.22218833e-01,
148, 2.45612299e-01,
149, 1.57291192e-01,
150, 1.10909181e-01,
151, 7.92644882e-02,
152, 5.29111957e-02,
153,-4.85592370e-01,
154,-4.79063759e-01,
155,-4.68458623e-01,
156,-4.53101576e-01,
157,-4.32112692e-01,
158,-4.02900142e-01,
159,-3.63457867e-01,
160,-3.16681715e-01,
161,-2.64608496e-01,
162,-2.16750371e-01,
163,-1.76293504e-01,
164,-1.35680078e-01,
165,-9.14590188e-02,
166,-4.39147275e-02,
167, 5.46852282e-03,
168, 5.54025735e-02,
169, 1.05048683e-01,
170, 1.53658112e-01,
171, 2.00639274e-01,
172, 2.45545401e-01,
173, 2.87814438e-01,
174, 3.26582141e-01,
175, 3.61967566e-01,
176, 3.93289117e-01,
177, 4.19437454e-01,
178, 4.41239277e-01,
179, 4.58151229e-01,
180, 4.70832600e-01,
181, 4.78757943e-01,
182, 4.80911672e-01,
183, 4.78220940e-01,
184,-6.76898753e-02,
185,-1.15944251e-01,
186,-8.67762428e-02,
187,-9.11966560e-02,
188, 2.98715413e-01,
189, 2.49163004e-01,
190, 8.34088157e-02,
191, 3.17829877e-02,
192, 3.26622375e-02,
193, 5.26436783e-02,
194,-4.91973751e-01,
195,-4.85954704e-01,
196,-4.89818832e-01,
197, 3.99117520e-01,
198, 3.30041212e-01,
199,-3.17410093e-01,
200, 3.84238285e-01,
201, 4.49596964e-01,
202,-3.77334623e-01,
203, 3.33444736e-01,
204,-7.39244825e-02,
205,-1.05703311e-01,
206,-8.40832228e-02,
207, 5.84671525e-02,
208, 4.06461010e-04,
209, 9.01459649e-03,
210,-7.27122772e-02,
211, 3.31436780e-01,
212,-2.12294180e-01,
213,-2.58849689e-01,
214,-1.82543365e-01,
215, 1.20802253e-01,
216, 1.81780041e-01,
217, 9.84976883e-02,
218, 2.65207049e-01,
219, 2.72443340e-01,
220, 1.61844596e-01,
221,-4.32569245e-01,
222,-4.42084673e-01,
223,-3.90070052e-01,
224, 4.30637980e-01,
225, 4.50996093e-01,
226,-2.58113973e-01,
227,-1.83703456e-01,
228, 4.59471171e-01,
229, 4.73806794e-01,
230, 1.15075695e-01,
231, 8.93353036e-02,
232, 1.23541271e-01,
233, 8.94411766e-02,
234,-9.50253853e-02,
235,-3.08857574e-02,
236, 4.33809285e-01,
237, 4.20647469e-01,
238, 4.51997807e-01,
239, 3.89221105e-01,
240, 3.57664426e-01,
241, 3.71576570e-01,
242, 2.19669951e-01,
243, 4.81951246e-01,
244,-4.18764006e-02,
245,-4.76772954e-02,
246,-7.04011560e-02,
247,-1.13101116e-01,
248, 4.81468254e-01,
249, 4.82152648e-01,
250, 4.82982932e-01,
251, 4.84081855e-01,
252, 4.83275360e-01,
253, 4.77667570e-01,
254, 4.82252120e-01,
255, 4.83357980e-01,
256,-1.26851877e-01,
257,-1.10672114e-02,
258, 3.02769912e-03,
259, 3.33900689e-02,
260,-3.94927905e-02,
261,-4.61225768e-01,
262,-4.71936863e-01,
263,-4.59538047e-01,
264,-4.72467871e-01,
265,-4.59823748e-01,
266,-1.32616608e-01,
267, 6.88723994e-03,
268, 4.10396516e-02,
269, 6.35426583e-02,
270,-4.23599772e-01,
271,-4.30738107e-01,
272,-4.45321008e-01,
273, 4.76070692e-01,
274,-4.51120973e-01,
275, 2.22330770e-02,
276,-2.53525022e-02,
277, 1.38229120e-01,
278, 1.73843920e-01,
279, 2.14785246e-01,
280, 4.80830310e-01,
281, 1.80880814e-02,
282, 3.60428890e-02,
283, 9.11601918e-02,
284,-4.77052360e-01,
285,-4.83215815e-01,
286,-4.33656177e-01,
287,-4.07744311e-01,
288,-4.35571977e-01,
289,-1.85934029e-01,
290,-4.80515550e-01,
291,-4.68997778e-01,
292,-4.77231574e-01,
293,-1.80208800e-01,
294, 8.88242106e-02,
295, 1.11629676e-01,
296, 7.30235537e-02,
297,-2.80582265e-02,
298, 3.87148696e-01,
299,-2.45487337e-01,
300,-2.28464922e-01,
301,-1.88953143e-01,
302,-2.06947859e-01,
303,-1.43424162e-01,
304,-1.46257667e-01,
305, 5.28778846e-02,
306, 1.04414313e-01,
307,-2.35860508e-01,
308,-4.11194776e-01,
309,-2.39494835e-02,
310,-3.18310781e-03,
311,-2.39012591e-02,
312, 2.42973210e-02,
313,-1.51586899e-01,
314, 4.68160363e-01,
315,-5.11984421e-02,
316,-8.31754817e-02,
317, 4.18609353e-01,
318, 4.03573363e-01,
319,-3.14012574e-01,
320,-2.68044584e-01,
321, 4.66986376e-02,
322, 7.01098641e-02,
323, 4.77602184e-01,
324, 4.73196306e-01,
325, 4.67540203e-01,
326,-3.46464692e-01,
327,-2.89731063e-01,
328,-3.65335606e-01,
329, 3.73813348e-01,
330,-7.13683047e-02,
331,-1.96718529e-01,
332,-1.57315481e-01,
333,-3.55595985e-02,
334, 1.01620099e-02,
335, 4.58073592e-01,
336, 2.53371604e-01,
337,-4.82492555e-01,
338,-4.88299187e-01,
339, 2.98725785e-01,
340,-4.92494816e-01,
341, 4.02738899e-01,
342,-4.90024349e-01,
343,-1.07168134e-01,
344, 3.57031411e-01,
345, 3.40932954e-01,
346,-1.65122108e-01,
347, 3.33259025e-03,
348,-1.10877284e-01,
349, 3.34420966e-01,
350, 3.26969064e-01,
351, 2.95559345e-01,
352, 4.89174638e-02,
353, 4.47003181e-01,
354, 4.61542589e-01,
355, 2.99357627e-01,
356, 3.41160681e-01,
357,-2.94101300e-01,
358, 4.40406221e-01,
359, 4.29364111e-01,
360,-6.52453556e-02,
361, 3.97720464e-01,
362, 1.33029571e-01,
363, 1.58175428e-01,
364, 1.65298168e-01,
365, 2.02844220e-01,
366, 2.07696143e-01,
367, 2.47850974e-01,
368, 2.55034979e-01,
369,-1.17128025e-02,
370,-4.78722343e-02,
371,-1.66725405e-02,
372,-5.19377522e-03,
373, 1.20654123e-02,
374,-2.44578250e-01,
375,-2.00677097e-01,
376,-2.26940012e-01,
377,-2.14760129e-01,
378,-2.62313116e-01,
379,-2.32365918e-01,
380,-2.24620700e-01,
381, 7.61690177e-02,
382, 1.03452557e-01,
383, 5.29905677e-02,
384,-1.71397128e-01,
385,-1.91430684e-01,
386, 9.74426652e-02,
387, 1.24785851e-01,
388,-2.79991795e-01,
389, 2.13679022e-01,
390, 1.93930762e-01,
391, 1.82085826e-01,
392, 2.44319999e-01,
393, 2.42403902e-01,
394, 2.08856471e-01,
395, 1.75173073e-01,
396, 1.63415346e-01,
397, 2.05199131e-01,
398,-2.56921804e-01,
399, 1.15789049e-01,
400, 1.41650710e-01,
401,-1.83838882e-01,
402, 2.10731053e-01,
403, 2.13638231e-01,
404, 1.33177071e-01,
405, 1.65578977e-01,
406, 1.62614963e-01,
407, 1.41107284e-01,
408, 1.71936246e-01,
409, 2.36664129e-01,
410, 1.41311798e-01,
411, 1.67632411e-01,
412, 1.71149789e-01,
413, 1.19021146e-01,
414, 1.45695563e-01,
415, 1.48855846e-01,
416, 9.47945295e-02,
417, 1.22438278e-01,
418, 1.24783009e-01,
419, 8.00490706e-02,
420, 2.80774083e-02,
421, 6.89219924e-02,
422, 9.74133892e-02,
423, 9.90767778e-02,
424,-1.72522667e-01,
425,-1.48719189e-01,
426, 4.16615175e-02,
427, 7.08646388e-02,
428, 7.18936500e-02,
429, 1.32510622e-02,
430, 4.30280282e-02,
431, 4.35764067e-02,
432, 5.48783263e-02,
433, 1.66755780e-03,
434,-1.59589468e-02,
435, 1.41461244e-02,
436, 1.45013488e-02,
437,-4.56309308e-02,
438,-1.53060722e-02,
439,-1.52265763e-02,
440,-7.55008127e-02,
441,-4.51678687e-02,
442,-4.51441359e-02,
443, 2.82170171e-02,
444,-2.59759355e-02,
445,-1.05197612e-01,
446,-7.51282272e-02,
447,-7.51321804e-02,
448,-1.36550573e-01,
449,-1.05279151e-01,
450,-1.06126416e-01,
451,-1.39780828e-01,
452, 3.19586149e-04,
453,-5.46200626e-02,
454, 1.02348327e-01,
455, 1.14608604e-01,
456,-2.85416533e-02,
457,-8.39351755e-02,
458,-1.91410401e-01,
459, 8.61437851e-02,
460,-5.80176928e-02,
461,-1.12982324e-01,
462, 6.73665308e-02,
463,-8.77693046e-02,
464, 4.63958189e-02,
465,-1.30785637e-01,
466,-1.41733592e-01,
467,-1.12254825e-01,
468,-1.17453693e-01,
469,-1.46764363e-01,
470,-8.31948509e-02,
471,-1.60386825e-01,
472,-5.48151603e-02,
473,-2.74413930e-02,
474,-1.31513332e-03,
475, 2.33872037e-02,
476,-2.88045698e-01,
477,-1.71101501e-01,
478,-1.99925051e-01,
479, 1.36070932e-01,
480, 1.46706712e-01,
481, 1.29802344e-01,
482, 1.33788890e-01,
483, 1.90447668e-01,
484, 1.72311199e-01,
485, 1.35493119e-01,
486,-2.10665817e-01,
487,-2.30235141e-01,
488,-3.16624828e-01,
489, 2.70602194e-01,
490, 2.25839662e-01,
491,-2.70811683e-01,
492,-3.28175863e-01,
493, 2.64443261e-01,
501,-3.43023667e-01,
502,-5.34512667e-02,
503,-7.80112469e-03,
504,-3.47804148e-01,
505,-3.23070882e-01,
506,-2.83197936e-01,
507,-2.89069621e-01,
508, 1.99877581e-01,
509, 2.21769669e-01,
510, 1.65260082e-01,
511, 3.09493715e-01,
512,-2.71118342e-01,
513, 3.47212588e-01,
514,-2.37684157e-01,
515,-3.44943574e-01,
516,-3.58537608e-01,
517,-3.70498241e-01,
518,-3.79102641e-01,
519,-3.83383489e-01,
520,-3.82832344e-01,
521,-3.74334223e-01,
522,-3.56934663e-01,
523,-3.31188234e-01,
524,-3.02692203e-01,
525,-2.78371152e-01,
526,-2.53243052e-01,
527,-2.22108559e-01,
528,-1.84544078e-01,
529,-1.41946726e-01,
530,-9.56721574e-02,
531,-4.68264805e-02,
532, 3.65880128e-03,
533, 5.49756038e-02,
534, 1.06577303e-01,
535, 1.56897048e-01,
536, 2.06100199e-01,
537, 2.52918243e-01,
538, 2.96286905e-01,
539, 3.36248416e-01,
540, 3.71892708e-01,
541, 4.03777936e-01,
542, 4.30475547e-01,
543, 4.51548773e-01,
544,-4.26786211e-02,
545,-2.82096930e-02,
546,-1.10545043e-02,
547, 3.35900496e-03,
548, 1.72130042e-02,
549, 2.97040930e-02,
550, 3.39793445e-02,
551, 3.63434619e-02,
552, 4.12519285e-03,
553, 4.71870907e-03,
554, 2.23125990e-03,
555,-1.43830480e-02,
556,-2.30109705e-02,
557,-3.66321990e-02,
558,-3.31200958e-01,
559,-3.10768223e-01,
560,-2.96767775e-01,
561, 1.80846997e-01,
562, 1.60132048e-01,
563, 2.17381160e-01,
564, 2.64141166e-01,
565,-2.90264975e-01,
566,-3.12915361e-01,
567,-3.32801641e-01,
568,-2.56075326e-01,
569,-2.79552790e-01,
570,-2.68499376e-01,
571,-2.54185580e-01,
572, 3.33729749e-01,
573, 3.42990677e-01,
574, 3.17285054e-01,
575, 2.79063150e-01,
576, 2.08538797e-01,
577, 2.07578933e-01,
578, 2.02061940e-01,
579, 1.91908366e-01,
580, 1.79353917e-01,
581, 1.63232700e-01,
582, 1.45120873e-01,
583, 1.24000066e-01,
584, 1.00739251e-01,
585, 7.57477637e-02,
586, 4.86542518e-02,
587, 2.00566939e-02,
588,-9.99398045e-03,
589,-4.14698463e-02,
590,-7.26293063e-02,
591,-1.04564768e-01,
592,-1.36229689e-01,
593,-1.68579348e-01,
594,-2.00702261e-01,
595,-2.31442471e-01,
596,-2.61842710e-01,
597,-2.02602357e-01,
598,-1.63046352e-01,
599,-1.21970894e-01,
600,-8.07778446e-02,
601,-3.99509813e-02,
602, 2.54988395e-04,
603, 3.95545360e-02,
604, 7.74908204e-02,
605, 1.13175403e-01,
606, 1.47746037e-01,
607, 1.79496949e-01,
608, 2.08390471e-01,
609, 2.34676971e-01,
610, 2.57905473e-01,
611, 2.77485854e-01,
612, 2.94392158e-01,
613, 3.07456252e-01,
614, 3.18611357e-01,
615, 3.25832187e-01,
616, 3.32832945e-01,
617, 3.40414399e-01,
618,-3.47465255e-01,
619,-3.48683429e-01,
620,-3.48695874e-01,
621,-3.46579008e-01,
622,-3.37087383e-01,
623,-3.23817391e-01,
624,-2.95106255e-01,
625,-2.62079120e-01,
626,-2.25874851e-01,
627,-1.88318122e-01,
628,-1.52894207e-01,
629,-1.21880100e-01,
630,-9.59804329e-02,
631,-7.25755520e-02,
632,-3.58100173e-01,
633,-3.67960273e-01,
634,-3.75230453e-01,
635,-3.78531300e-01,
636,-3.78071661e-01,
637,-3.71897852e-01,
638,-3.58576908e-01,
639,-3.39222846e-01,
640,-3.14719970e-01,
641,-2.89775963e-01,
642,-2.69035592e-01,
643,-2.46076803e-01,
644,-2.17771116e-01,
645,-1.84064468e-01,
646,-1.46204409e-01,
647,-1.05230913e-01,
648,-6.19813347e-02,
649,-1.71131240e-02,
650, 2.86906095e-02,
651, 7.49625474e-02,
652, 1.21122983e-01,
653, 1.66248456e-01,
654, 2.10365850e-01,
655, 2.52586272e-01,
656, 2.91929598e-01,
657, 3.28602152e-01,
658, 3.61745973e-01,
659, 3.91922516e-01,
660, 4.18521405e-01,
661, 4.40386204e-01,
662, 4.57849791e-01,
663,-1.33067160e-01,
664,-1.64704656e-01,
665,-1.21484778e-01,
666,-1.71576080e-01,
667, 3.43519996e-01,
668, 3.03904190e-01,
669, 1.77021190e-01,
670, 6.34276565e-02,
671, 4.86485648e-02,
672, 6.72254996e-02,
673,-3.56168209e-01,
674,-3.63865037e-01,
675,-3.55114637e-01,
676, 4.13752599e-01,
677, 3.59010505e-01,
678,-1.98953981e-01,
679, 3.90092384e-01,
680, 4.48795155e-01,
681,-2.66358022e-01,
682, 3.65984891e-01,
683,-2.63173673e-02,
684,-5.56813909e-02,
685,-4.74370636e-02,
686, 1.69242337e-01,
687, 1.22083481e-01,
688, 1.19451077e-01,
689, 4.74275297e-02,
690, 3.55741926e-01,
691,-7.49019284e-02,
692,-1.24062267e-01,
693,-4.60327491e-02,
694, 1.40181548e-01,
695, 1.37052118e-01,
696, 7.02688501e-02,
697, 2.36377457e-01,
698, 2.90777694e-01,
699, 2.09993641e-01,
700,-3.18673122e-01,
701,-3.09137973e-01,
702,-2.60218875e-01,
703, 3.30185636e-01,
704, 3.65718969e-01,
705,-1.29075597e-01,
706,-5.36060670e-02,
707, 4.36850380e-01,
708, 4.64193258e-01,
709,-2.49484481e-02,
710,-2.79374822e-02,
711, 9.52673793e-03,
712,-2.60899027e-03,
713, 3.61855897e-02,
714, 9.35845516e-02,
715, 3.95836753e-01,
716, 4.02362949e-01,
717, 4.07312837e-01,
718, 2.93576933e-01,
719, 2.57357912e-01,
720, 2.97611877e-01,
721, 2.70957787e-01,
722, 4.72634930e-01,
723,-5.99747245e-02,
724,-1.43122430e-01,
725,-1.78845457e-01,
726,-2.07954177e-01,
727, 4.36567813e-01,
728, 4.45068982e-01,
729, 4.52507029e-01,
730, 4.63076851e-01,
731, 4.60722083e-01,
732, 4.43242994e-01,
733, 4.71539085e-01,
734, 4.72308055e-01,
735,-1.98286385e-01,
736, 6.89499993e-02,
737, 5.56250224e-02,
738, 9.11481558e-02,
739, 2.51317859e-02,
740,-3.63058076e-01,
741,-3.61465837e-01,
742,-3.53222605e-01,
743,-3.54434312e-01,
744,-3.43258730e-01,
745,-6.63575134e-02,
746, 4.11743115e-02,
747, 8.27104308e-02,
748, 8.77883037e-02,
749,-3.42131031e-01,
750,-3.62597282e-01,
751,-3.54472935e-01,
752, 4.53794333e-01,
753,-3.69293784e-01,
754, 1.15602279e-01,
755, 7.76197620e-02,
756, 7.85359206e-02,
757, 9.29827439e-02,
758, 1.34747310e-01,
759, 4.66762917e-01,
760, 2.27111297e-02,
761,-5.28638108e-04,
762, 2.99098480e-02,
763,-3.41524337e-01,
764,-3.52669255e-01,
765,-3.29141742e-01,
766,-3.16428606e-01,
767,-3.38050484e-01,
768,-2.56874568e-01,
769,-3.65315140e-01,
770,-3.69832404e-01,
771,-3.69521150e-01,
772,-2.39840530e-01,
773, 1.06341390e-01,
774, 1.36229547e-01,
775, 1.14162751e-01,
776,-1.07338730e-01,
777, 3.98294345e-01,
778,-2.91904639e-01,
779,-1.35626290e-01,
780,-9.03972257e-02,
781,-9.33714743e-02,
782,-3.46624543e-02,
783,-2.00297458e-02,
784, 1.23745073e-01,
785, 1.59782032e-01,
786,-1.07502895e-01,
787,-2.77078183e-01,
788, 2.36718998e-02,
789,-1.04961212e-01,
790,-1.46406349e-01,
791,-1.04894640e-01,
792,-2.27894418e-01,
793, 4.30911757e-01,
794, 3.06945891e-04,
795,-1.55982289e-02,
796, 3.31713859e-01,
797, 2.89974040e-01,
798,-1.87928801e-01,
799,-1.60779713e-01,
800,-5.62517545e-02,
801,-6.43377489e-02,
802, 4.21210086e-01,
803, 4.23423153e-01,
804, 3.96858847e-01,
805,-2.10831855e-01,
806,-1.50598697e-01,
807,-2.32523925e-01,
808, 2.52754867e-01,
809, 2.85597822e-02,
810,-1.17805276e-01,
811,-2.13906708e-01,
812,-8.97511368e-02,
813,-6.90382150e-02,
814, 3.91311176e-01,
815, 1.86022535e-01,
816,-3.58444861e-01,
817,-3.59792500e-01,
818, 2.35092198e-01,
819,-3.54636399e-01,
820, 3.30448454e-01,
821,-3.53836213e-01,
822, 2.32213301e-02,
823, 3.37246968e-01,
824, 2.88795033e-01,
825,-7.97475116e-02,
826,-4.79517097e-02,
827,-2.30701153e-02,
828, 2.52904309e-01,
829, 2.21273105e-01,
830, 2.05022824e-01,
831,-2.09838524e-02,
832, 3.84852427e-01,
833, 4.10657001e-01,
834, 1.72309490e-01,
835, 2.13823096e-01,
836,-3.14229089e-01,
837, 3.63471306e-01,
838, 3.68836618e-01,
839, 1.60584531e-02,
840, 3.50983803e-01,
841, 4.57503866e-02,
842, 1.90149631e-02,
843, 5.44452759e-02,
844, 6.55827261e-02,
845, 1.00827988e-01,
846, 1.12572322e-01,
847, 1.53213287e-01,
848, 9.46858879e-03,
849,-2.17345684e-02,
850,-6.85363219e-03,
851, 2.27143166e-03,
852, 2.31562962e-02,
853,-1.90038081e-01,
854,-1.68690584e-01,
855,-2.00562298e-01,
856,-1.57426347e-01,
857,-1.74243523e-01,
858,-1.41282803e-01,
859,-1.48593963e-01,
860, 1.77656707e-01,
861, 1.96472486e-01,
862, 1.55122009e-01,
863,-1.63647920e-01,
864,-1.96476475e-01,
865, 1.97634226e-01,
866, 2.16687538e-01,
867,-2.22180752e-01,
868, 2.84118222e-01,
869, 2.68377389e-01,
870, 2.61690466e-01,
871, 3.06068293e-01,
872, 3.05359301e-01,
873, 2.82974729e-01,
874, 2.60663293e-01,
875, 2.53435231e-01,
876, 2.80849267e-01,
877,-1.80744277e-01,
878, 2.14176360e-01,
879, 2.32039549e-01,
880,-1.25098306e-01,
881, 2.84021309e-01,
882, 2.85447443e-01,
883, 2.29134743e-01,
884, 2.51783353e-01,
885, 2.45922019e-01,
886, 2.36104017e-01,
887, 2.57627763e-01,
888, 3.01351910e-01,
889, 2.26077348e-01,
890, 2.47544395e-01,
891, 2.47378434e-01,
892, 2.04447245e-01,
893, 2.26700309e-01,
894, 2.25661396e-01,
895, 1.79911007e-01,
896, 2.03535861e-01,
897, 2.01026410e-01,
898, 1.73388453e-01,
899, 1.30136644e-01,
900, 1.52714735e-01,
901, 1.77535917e-01,
902, 1.73607720e-01,
903,-1.35640553e-01,
904,-1.29989808e-01,
905, 1.23076779e-01,
906, 1.48927596e-01,
907, 1.43591794e-01,
908, 9.11815461e-02,
909, 1.17882360e-01,
910, 1.11142842e-01,
911, 1.47673868e-01,
912, 1.02893922e-01,
913, 5.73740991e-02,
914, 8.45751273e-02,
915, 7.65693648e-02,
916, 2.21167359e-02,
917, 4.95946292e-02,
918, 4.04886333e-02,
919,-1.43191495e-02,
920, 1.31976961e-02,
921, 2.99419455e-03,
922, 1.19553293e-01,
923, 7.35967039e-02,
924,-5.15729973e-02,
925,-2.43841078e-02,
926,-3.57579243e-02,
927,-9.08797249e-02,
928,-6.31311009e-02,
929,-7.62626648e-02,
930,-1.06546203e-01,
931, 8.92302017e-02,
932, 4.24352728e-02,
933, 2.06225021e-01,
934, 2.16329122e-01,
935, 5.69455167e-02,
936, 9.77052508e-03,
937,-1.12061138e-01,
938, 1.92195150e-01,
939, 2.31009672e-02,
940,-2.33678234e-02,
941, 1.75391372e-01,
942,-1.18813704e-02,
943, 1.55780334e-01,
944,-4.71497023e-02,
945,-3.98965378e-02,
946,-7.30114567e-03,
947,-4.76711726e-02,
948,-8.38537996e-02,
949, 2.42136125e-02,
950,-7.79836341e-02,
951, 5.43411701e-02,
952, 8.26843702e-02,
953, 1.09206893e-01,
954, 1.33601502e-01,
955,-2.10637225e-01,
956,-7.27152633e-02,
957,-1.05355895e-01,
958, 2.33390955e-01,
959, 2.42107606e-01,
960, 2.28446082e-01,
961, 2.30541067e-01,
962, 2.72773286e-01,
963, 2.63449438e-01,
964, 2.30483343e-01,
965,-2.30534121e-01,
966,-2.23409236e-01,
967,-2.38494826e-01,
968, 3.27937358e-01,
969, 2.97934289e-01,
970,-2.40492143e-01,
971,-2.59982754e-01,
972, 3.19236354e-01,
-1,0.,
1,80042,1,
MODE_004_UY_53114.1Hz
0.,-1.,0.,
80042,0,0,0,0,0,0,0,0,0,
0,0,0,0,0,0,0,0,0,0,
0,0,3,7,
0,1,1,
1,-1.26191178e-06,
2, 1.93202387e-01,
3, 3.26382647e-06,
4, 1.37559612e-02,
5, 5.17412923e-07,
6, 2.65287010e-07,
7,-8.78955832e-02,
8,-5.13376610e-02,
9,-5.01860407e-02,
10,-3.18539171e-02,
11, 1.62068231e-01,
12, 1.81080799e-01,
13, 8.49385025e-02,
14, 1.36052970e-01,
15,-1.59326643e-01,
16, 1.77042492e-01,
17,-1.45371802e-01,
18,-3.11767529e-06,
19, 1.94653771e-01,
20,-2.51766384e-02,
21,-5.01248736e-02,
22,-7.53417361e-02,
23,-1.00822905e-01,
24,-1.27743162e-01,
25,-1.55279800e-01,
26,-1.80345362e-01,
27,-2.00448401e-01,
28,-2.13125875e-01,
29,-2.23775347e-01,
30,-2.33253809e-01,
31,-2.38872331e-01,
32,-2.38985682e-01,
33,-2.33557553e-01,
34,-2.23070917e-01,
35,-2.07998364e-01,
36,-1.88809197e-01,
37,-1.65956894e-01,
38,-1.39708645e-01,
39,-1.10604426e-01,
40,-7.90662172e-02,
41,-4.54132049e-02,
42,-1.07002839e-02,
43, 2.46258800e-02,
44, 5.97975862e-02,
45, 9.50584470e-02,
46, 1.29684056e-01,
47, 1.62625815e-01,
48, 1.26481812e-02,
49, 2.38822277e-02,
50, 3.38565644e-02,
51, 4.04129853e-02,
52, 4.20289860e-02,
53, 4.14464669e-02,
54, 3.46757229e-02,
55, 2.55158980e-02,
56, 6.47453073e-03,
57, 8.33169701e-03,
58, 4.53049593e-03,
59, 8.69859334e-07,
60, 1.37371091e-06,
61, 2.59550641e-06,
62, 7.40830575e-03,
63, 3.34023115e-03,
64, 1.26718858e-03,
65,-6.30126055e-02,
66,-4.79435844e-02,
67,-4.77441449e-02,
68, 1.39857239e-01,
69, 1.07371214e-01,
70, 9.81070576e-02,
71, 1.17112669e-01,
72,-1.35784721e-01,
73,-1.19515005e-01,
74,-1.04026386e-01,
75,-1.55698434e-01,
76,-8.98759489e-02,
77,-1.15725284e-01,
78,-1.33574705e-01,
79, 1.59090707e-01,
80, 2.07561574e-01,
81, 2.16041213e-01,
82, 2.09945486e-01,
83, 1.78756012e-01,
84, 1.85233928e-01,
85, 1.88306474e-01,
86, 1.86867913e-01,
87, 1.84625258e-01,
88, 1.80206891e-01,
89, 1.74851191e-01,
90, 1.67132457e-01,
91, 1.58184313e-01,
92, 1.48118144e-01,
93, 1.36337842e-01,
94, 1.23817174e-01,
95, 1.09751372e-01,
96, 9.46749183e-02,
97, 7.87202991e-02,
98, 6.23731222e-02,
99, 4.65823853e-02,
100, 2.92756861e-02,
101, 1.27846563e-02,
102,-3.46770871e-03,
103,-1.90576543e-02,
104,-1.17589030e-01,
105,-8.67242355e-02,
106,-5.57272914e-02,
107,-2.59576784e-02,
108, 2.84615976e-03,
109, 2.97207483e-02,
110, 5.55235181e-02,
111, 7.91461925e-02,
112, 1.00380075e-01,
113, 1.20789654e-01,
114, 1.37928207e-01,
115, 1.52536221e-01,
116, 1.64983250e-01,
117, 1.74817019e-01,
118, 1.81863394e-01,
119, 1.86706527e-01,
120, 1.88806895e-01,
121, 1.89300438e-01,
122, 1.87040383e-01,
123, 1.84021228e-01,
124, 1.80708576e-01,
125,-3.61554144e-06,
126,-3.13322647e-06,
127,-2.97299210e-06,
128,-2.56649063e-06,
129,-2.67868938e-06,
130,-2.39051736e-07,
131, 2.71991623e-06,
132, 5.01910082e-06,
133, 6.64304400e-06,
134, 6.97610976e-06,
135, 6.71428593e-06,
136, 5.95533632e-06,
137, 5.12895481e-06,
138, 3.95257702e-06,
139, 1.97008194e-01,
140, 1.98249034e-01,
141, 1.98752038e-01,
142, 1.98163124e-01,
143, 1.94342289e-01,
144, 1.86227186e-01,
145, 1.72925691e-01,
146, 1.58828372e-01,
147, 1.33467411e-01,
148, 1.01735945e-01,
149, 6.51521449e-02,
150, 4.59400870e-02,
151, 3.28324260e-02,
152, 2.19165348e-02,
153,-2.08377506e-02,
154,-4.13106498e-02,
155,-6.21973723e-02,
156,-8.22225220e-02,
157,-1.02561379e-01,
158,-1.23042845e-01,
159,-1.43646459e-01,
160,-1.63051834e-01,
161,-1.80472754e-01,
162,-1.93054726e-01,
163,-2.04180279e-01,
164,-2.12325074e-01,
165,-2.16515846e-01,
166,-2.16391740e-01,
167,-2.12232781e-01,
168,-2.04221558e-01,
169,-1.92703527e-01,
170,-1.77859725e-01,
171,-1.60064625e-01,
172,-1.39532349e-01,
173,-1.16520672e-01,
174,-9.14713207e-02,
175,-6.44653287e-02,
176,-3.60781858e-02,
177,-6.58665682e-03,
178, 2.34743432e-02,
179, 5.34348323e-02,
180, 8.34295376e-02,
181, 1.13120703e-01,
182, 1.41888470e-01,
183, 1.69276444e-01,
184,-1.20495507e-01,
185,-1.16983307e-01,
186,-8.50291784e-02,
187,-1.51448564e-01,
188, 1.87095224e-01,
189, 1.80622424e-01,
190, 1.66936952e-01,
191, 5.79172643e-02,
192, 3.61372227e-02,
193, 4.24275350e-02,
194,-1.17241613e-02,
195,-2.86281654e-02,
196,-1.23891045e-02,
197, 1.86017017e-01,
198, 1.77676314e-01,
199, 3.60466741e-02,
200, 1.67435654e-01,
201, 1.85095232e-01,
202, 6.47496178e-04,
203, 1.84136060e-01,
204, 3.67061047e-02,
205, 2.69579332e-02,
206, 1.69970841e-02,
207, 1.80877656e-01,
208, 1.72245653e-01,
209, 1.59914737e-01,
210, 1.39784933e-01,
211, 1.71658276e-01,
212, 1.06366857e-01,
213, 8.33991479e-02,
214, 1.17443227e-01,
215, 7.74443933e-02,
216, 1.20409234e-02,
217, 8.77472518e-04,
218, 6.90811573e-02,
219, 1.38778418e-01,
220, 1.35131260e-01,
221,-1.81026053e-02,
222, 4.89755882e-03,
223, 2.20649897e-02,
224, 3.63150250e-02,
225, 6.62086328e-02,
226, 7.55735139e-02,
227, 1.07893029e-01,
228, 1.58328562e-01,
229, 1.82661606e-01,
230,-1.50358129e-01,
231,-1.28844870e-01,
232,-1.10068429e-01,
233,-9.31308460e-02,
234, 1.46199537e-01,
235, 1.63234300e-01,
236, 1.25988419e-01,
237, 1.48379671e-01,
238, 1.24029531e-01,
239, 2.59593754e-02,
240, 6.29462406e-03,
241, 4.93101825e-02,
242, 1.63522226e-01,
243, 1.86455482e-01,
244,-4.29406681e-02,
245,-1.54728386e-01,
246,-1.82524515e-01,
247,-1.80990501e-01,
248, 1.35931869e-01,
249, 1.47269943e-01,
250, 1.56958645e-01,
251, 1.70807708e-01,
252, 1.68284059e-01,
253, 1.49172684e-01,
254, 1.84604849e-01,
255, 1.84586476e-01,
256,-1.53567417e-01,
257, 1.08577235e-01,
258, 7.56379619e-02,
259, 9.55128892e-02,
260, 7.50345030e-02,
261,-5.22158875e-02,
262,-3.92530252e-02,
263,-3.99941511e-02,
264,-2.87779395e-02,
265,-2.56174031e-02,
266, 3.87729128e-02,
267, 5.13420298e-02,
268, 7.59305614e-02,
269, 6.06087514e-02,
270,-6.02465713e-02,
271,-8.20518871e-02,
272,-5.59794243e-02,
273, 1.65691409e-01,
274,-7.11393043e-02,
275, 1.41253234e-01,
276, 1.35123422e-01,
277,-2.71625560e-02,
278,-4.23464623e-02,
279,-2.42237728e-02,
280, 1.79272137e-01,
281, 1.40303063e-02,
282,-3.67904962e-02,
283,-4.88612791e-02,
284,-5.93598955e-03,
285,-1.55338288e-02,
286,-3.18205384e-02,
287,-3.97533146e-02,
288,-4.25036018e-02,
289,-1.77341469e-01,
290,-3.61180762e-02,
291,-5.40242236e-02,
292,-4.53502475e-02,
293,-1.58976930e-01,
294, 6.15652250e-02,
295, 8.10279966e-02,
296, 8.84269576e-02,
297,-1.23741662e-01,
298, 1.76124568e-01,
299,-1.67328163e-01,
300, 3.66603839e-02,
301, 6.11121599e-02,
302, 7.49006539e-02,
303, 9.44040496e-02,
304, 1.17931329e-01,
305, 1.22124076e-01,
306, 1.21551603e-01,
307, 8.38284561e-02,
308, 1.93470520e-02,
309, 5.74266052e-02,
310,-1.45254462e-01,
311,-1.83148586e-01,
312,-1.72640744e-01,
313,-1.70704478e-01,
314, 1.41240888e-01,
315, 5.16325291e-02,
316, 6.11162549e-02,
317, 5.05048842e-02,
318, 6.51185739e-03,
319, 4.82411142e-02,
320, 4.06677336e-02,
321,-1.26250632e-01,
322,-1.61097181e-01,
323, 1.18078832e-01,
324, 1.25614459e-01,
325, 9.37029607e-02,
326, 4.83034230e-02,
327, 7.67523437e-02,
328, 3.64971180e-02,
329,-1.63639870e-02,
330, 1.11757936e-01,
331, 3.01167101e-02,
332,-1.45194287e-01,
333,-9.13676765e-02,
334,-1.07796790e-01,
335, 9.53239795e-02,
336, 9.70398708e-03,
337,-2.44250281e-02,
338,-2.05242457e-02,
339, 3.37447902e-02,
340,-9.03678988e-03,
341, 6.45857862e-02,
342,-1.03756228e-02,
343, 1.40008053e-01,
344, 1.19907825e-01,
345, 6.74848987e-02,
346, 5.23420957e-02,
347,-7.11465485e-02,
348, 7.82512145e-02,
349, 2.32397381e-02,
350,-1.40416376e-02,
351,-5.61328631e-03,
352,-7.85931124e-02,
353, 9.72603404e-02,
354, 1.19214111e-01,
355,-5.56752097e-02,
356,-3.87691585e-02,
357,-1.50285739e-01,
358, 7.36198301e-02,
359, 9.22496365e-02,
360, 8.79554379e-02,
361, 9.86455907e-02,
362,-6.83287535e-02,
363,-1.31284210e-01,
364,-8.83009205e-02,
365,-1.10096239e-01,
366,-6.51038352e-02,
367,-8.86496693e-02,
368,-3.83586708e-02,
369, 2.51034092e-02,
370, 1.71349129e-02,
371, 6.98004091e-03,
372, 8.40606468e-03,
373, 2.06825359e-02,
374,-2.41761809e-02,
375,-3.78874149e-02,
376,-5.66979097e-02,
377,-7.87434635e-03,
378, 1.58955636e-02,
379, 3.25618630e-02,
380, 1.44771025e-02,
381, 1.75075507e-01,
382, 1.74401497e-01,
383, 1.66385081e-01,
384,-6.00359801e-02,
385,-8.64290123e-02,
386, 1.82054337e-01,
387, 1.81656605e-01,
388,-3.42192381e-02,
389, 1.88124821e-01,
390, 1.85612181e-01,
391, 1.88000380e-01,
392, 1.88525932e-01,
393, 1.89439364e-01,
394, 1.91330228e-01,
395, 1.93460491e-01,
396, 1.94996195e-01,
397, 1.91981711e-01,
398, 1.31079507e-03,
399, 1.87102064e-01,
400, 1.86502767e-01,
401, 6.92316136e-03,
402, 1.90935734e-01,
403, 1.90045414e-01,
404, 1.90868391e-01,
405, 1.90496456e-01,
406, 1.85171291e-01,
407, 1.92794219e-01,
408, 1.92404431e-01,
409, 1.89511830e-01,
410, 1.78409853e-01,
411, 1.82448230e-01,
412, 1.78696147e-01,
413, 1.70110922e-01,
414, 1.74907088e-01,
415, 1.70277561e-01,
416, 1.59638056e-01,
417, 1.65404898e-01,
418, 1.59511266e-01,
419, 1.65159231e-01,
420, 1.55963598e-01,
421, 1.47049257e-01,
422, 1.53660313e-01,
423, 1.46441615e-01,
424,-1.93020425e-02,
425,-3.51141606e-02,
426, 1.32395333e-01,
427, 1.39750787e-01,
428, 1.31175812e-01,
429, 1.15699117e-01,
430, 1.23682804e-01,
431, 1.13603307e-01,
432, 1.53964061e-01,
433, 1.43846422e-01,
434, 9.70981759e-02,
435, 1.05461168e-01,
436, 9.37840853e-02,
437, 7.69087186e-02,
438, 8.54434694e-02,
439, 7.24861506e-02,
440, 5.52504772e-02,
441, 6.38322295e-02,
442, 4.93785664e-02,
443, 1.40856872e-01,
444, 1.30057392e-01,
445, 3.22623793e-02,
446, 4.06438913e-02,
447, 2.45628389e-02,
448, 8.02723366e-03,
449, 1.59982921e-02,
450,-1.72527853e-03,
451,-1.08982569e-02,
452, 1.25870975e-01,
453, 1.14632601e-01,
454, 1.89297894e-01,
455, 1.91326975e-01,
456, 1.09074775e-01,
457, 9.77527846e-02,
458, 3.29320193e-02,
459, 1.85661203e-01,
460, 9.06873939e-02,
461, 7.99352312e-02,
462, 1.80674326e-01,
463, 7.09665094e-02,
464, 1.73910842e-01,
465, 6.41058882e-02,
466, 8.53113674e-02,
467, 1.01929446e-01,
468, 5.00364739e-02,
469, 2.81771827e-02,
470, 1.17438070e-01,
471, 5.01013123e-02,
472, 1.31665180e-01,
473, 1.44374751e-01,
474, 1.55757003e-01,
475, 1.65553853e-01,
476,-9.84032205e-03,
477, 6.82665893e-02,
478, 5.09293162e-02,
479, 1.93993722e-01,
480, 1.95685147e-01,
481, 1.93269204e-01,
482, 1.92245414e-01,
483, 1.95312013e-01,
484, 2.00262569e-01,
485, 1.90459550e-01,
486,-1.15358663e-01,
487,-8.57132304e-02,
488,-2.06577894e-02,
489, 1.93171265e-01,
490, 1.95503050e-01,
491,-6.92955677e-02,
492,-3.94952738e-02,
493, 1.87025121e-01,
501,-3.43021883e-01,
502,-5.34558824e-02,
503,-7.80185642e-03,
504,-2.23501023e-01,
505,-2.50468465e-01,
506,-2.12224157e-01,
507,-2.44021380e-01,
508,-2.93215085e-02,
509,-3.43172522e-02,
510, 4.51388999e-02,
511, 1.17085759e-01,
512,-4.57964429e-02,
513, 9.68366950e-02,
514,-3.20973827e-02,
515,-3.44939165e-01,
516,-3.22932464e-01,
517,-2.99610965e-01,
518,-2.72553336e-01,
519,-2.40798370e-01,
520,-2.02176231e-01,
521,-1.54735424e-01,
522,-1.01887806e-01,
523,-4.77113877e-02,
524,-1.28670024e-03,
525, 3.80949781e-02,
526, 7.66276478e-02,
527, 1.15707931e-01,
528, 1.53432715e-01,
529, 1.88353533e-01,
530, 2.19797759e-01,
531, 2.47327627e-01,
532, 2.70675328e-01,
533, 2.89674095e-01,
534, 3.04155163e-01,
535, 3.13315327e-01,
536, 3.17916716e-01,
537, 3.17142213e-01,
538, 3.11419391e-01,
539, 3.01422163e-01,
540, 2.87326150e-01,
541, 2.69344991e-01,
542, 2.47074596e-01,
543, 2.21561140e-01,
544,-6.05658505e-02,
545,-6.19842633e-02,
546,-5.89349168e-02,
547,-5.37935869e-02,
548,-4.22249578e-02,
549,-2.89100626e-02,
550,-1.50595332e-02,
551, 2.58532840e-04,
552,-5.03117632e-03,
553,-7.06408984e-03,
554,-4.17582889e-03,
555,-1.43842782e-02,
556,-2.30129132e-02,
557,-3.66358696e-02,
558,-2.42087676e-01,
559,-2.42965756e-01,
560,-2.29247358e-01,
561,-1.69410070e-02,
562, 8.28622051e-03,
563, 7.86368284e-02,
564, 9.85188414e-02,
565,-9.82363818e-02,
566,-1.43895620e-01,
567,-1.85686116e-01,
568,-3.58844889e-02,
569,-1.52449004e-01,
570,-1.04839110e-01,
571,-6.52824203e-02,
572, 1.08741513e-01,
573, 4.94542837e-02,
574, 1.17566405e-02,
575,-1.78446033e-02,
576,-4.42603798e-02,
577,-5.43814003e-02,
578,-6.42436301e-02,
579,-7.23627714e-02,
580,-8.17456265e-02,
581,-9.16183292e-02,
582,-1.02156053e-01,
583,-1.12360922e-01,
584,-1.22967150e-01,
585,-1.33722924e-01,
586,-1.44156573e-01,
587,-1.55047233e-01,
588,-1.65205860e-01,
589,-1.75360400e-01,
590,-1.83956621e-01,
591,-1.92773683e-01,
592,-2.02107130e-01,
593,-2.09981420e-01,
594,-2.18782495e-01,
595,-2.26538391e-01,
596,-2.34891117e-01,
597,-3.63063559e-02,
598,-4.03997625e-02,
599,-4.31606027e-02,
600,-4.40681437e-02,
601,-4.39760590e-02,
602,-4.17764970e-02,
603,-3.89675763e-02,
604,-3.44387984e-02,
605,-2.87834606e-02,
606,-2.30763289e-02,
607,-1.55629923e-02,
608,-7.32832186e-03,
609, 1.35542038e-03,
610, 1.06768732e-02,
611, 2.02921755e-02,
612, 3.03492554e-02,
613, 4.04429802e-02,
614, 5.09001106e-02,
615, 6.13171411e-02,
616, 7.25876279e-02,
617, 8.48538801e-02,
618,-3.47460142e-01,
619,-3.48678998e-01,
620,-3.48691670e-01,
621,-3.46575378e-01,
622,-3.37083594e-01,
623,-3.23817053e-01,
624,-2.95110102e-01,
625,-2.62086218e-01,
626,-2.25884246e-01,
627,-1.88327988e-01,
628,-1.52903702e-01,
629,-1.21888522e-01,
630,-9.59876863e-02,
631,-7.25811418e-02,
632,-3.28631143e-01,
633,-3.09538192e-01,
634,-2.87270085e-01,
635,-2.62251094e-01,
636,-2.33027968e-01,
637,-1.97888992e-01,
638,-1.55430137e-01,
639,-1.08632731e-01,
640,-5.94929531e-02,
641,-1.67553509e-02,
642, 1.97189276e-02,
643, 5.41961961e-02,
644, 8.84285309e-02,
645, 1.21959665e-01,
646, 1.53938068e-01,
647, 1.83581984e-01,
648, 2.10542607e-01,
649, 2.34418511e-01,
650, 2.55056172e-01,
651, 2.72291088e-01,
652, 2.85908099e-01,
653, 2.95608438e-01,
654, 3.01533592e-01,
655, 3.03608531e-01,
656, 3.01244537e-01,
657, 2.95404417e-01,
658, 2.86177709e-01,
659, 2.73935333e-01,
660, 2.58544571e-01,
661, 2.39725605e-01,
662, 2.18456748e-01,
663, 3.73392200e-02,
664, 7.34723513e-04,
665,-1.23536107e-03,
666, 4.26045327e-02,
667, 7.89273926e-02,
668, 4.84655086e-02,
669,-5.90633117e-02,
670,-1.84797242e-02,
671,-2.45718563e-03,
672, 7.22390426e-03,
673,-3.39587741e-01,
674,-3.23378697e-01,
675,-3.37593798e-01,
676, 1.50684811e-01,
677, 1.07738252e-01,
678,-2.49931677e-01,
679, 1.53302611e-01,
680, 1.87030968e-01,
681,-2.67273720e-01,
682, 1.05577177e-01,
683,-7.82276384e-02,
684,-9.38056656e-02,
685,-7.14745704e-02,
686,-8.65572970e-02,
687,-1.21508658e-01,
688,-1.06702512e-01,
689,-1.50258218e-01,
690, 1.12980464e-01,
691,-2.25327380e-01,
692,-2.42006473e-01,
693,-2.12122553e-01,
694, 3.06586367e-02,
695, 1.20023681e-01,
696, 6.90279165e-02,
697, 1.38681948e-01,
698, 9.45153727e-02,
699, 1.88891806e-02,
700,-2.93072172e-01,
701,-3.16064167e-01,
702,-2.91423483e-01,
703, 2.78828435e-01,
704, 2.72085823e-01,
705,-2.35952685e-01,
706,-2.06189852e-01,
707, 2.12939981e-01,
708, 2.05870737e-01,
709, 1.87690057e-01,
710, 1.54276680e-01,
711, 1.65187002e-01,
712, 1.29097915e-01,
713,-1.70571778e-01,
714,-1.37263609e-01,
715, 2.17662222e-01,
716, 1.92522407e-01,
717, 2.31908592e-01,
718, 2.56864832e-01,
719, 2.48455970e-01,
720, 2.27876748e-01,
721, 3.97024374e-02,
722, 2.08947059e-01,
723, 7.52550790e-04,
724, 7.56965518e-02,
725, 7.92831875e-02,
726, 4.80050442e-02,
727, 2.44331121e-01,
728, 2.36797832e-01,
729, 2.30533984e-01,
730, 2.21518274e-01,
731, 2.22732485e-01,
732, 2.32280961e-01,
733, 2.10468404e-01,
734, 2.11263357e-01,
735, 1.88907397e-02,
736,-8.46013997e-02,
737,-5.13432092e-02,
738,-4.39274674e-02,
739,-8.09830259e-02,
740,-2.89213660e-01,
741,-3.05953676e-01,
742,-2.96662334e-01,
743,-3.13736160e-01,
744,-3.07030251e-01,
745,-1.21190693e-01,
746,-3.14342833e-02,
747,-2.46715989e-02,
748, 2.07458552e-03,
749,-2.56929512e-01,
750,-2.46558390e-01,
751,-2.75306074e-01,
752, 2.19471296e-01,
753,-2.68687615e-01,
754,-8.41599601e-02,
755,-1.13473614e-01,
756, 1.16949576e-01,
757, 1.52869685e-01,
758, 1.69004898e-01,
759, 2.13233829e-01,
760, 2.86928024e-03,
761, 5.15009806e-02,
762, 9.90101316e-02,
763,-3.33129581e-01,
764,-3.30701104e-01,
765,-2.84140705e-01,
766,-2.60208929e-01,
767,-2.77941314e-01,
768,-6.07585706e-03,
769,-3.14236467e-01,
770,-2.93430614e-01,
771,-3.05386215e-01,
772,-1.50131993e-02,
773, 1.92750136e-02,
774, 2.16386548e-02,
775,-1.08918513e-02,
776, 6.76584060e-02,
777, 1.49216592e-01,
778,-5.52668822e-02,
779,-1.87471902e-01,
780,-1.76822871e-01,
781,-1.99296995e-01,
782,-1.68169941e-01,
783,-1.86809831e-01,
784,-4.89644517e-02,
785,-1.21178936e-02,
786,-2.26054234e-01,
787,-3.04439046e-01,
788,-5.75415842e-02,
789, 1.00459618e-01,
790, 1.12604865e-01,
791, 1.39256241e-01,
792, 1.35181696e-02,
793, 2.31166978e-01,
794,-7.27124771e-02,
795,-1.02029665e-01,
796, 2.60289166e-01,
797, 2.80764883e-01,
798,-2.56152039e-01,
799,-2.18292573e-01,
800, 1.22293601e-01,
801, 1.63488070e-01,
802, 2.54221401e-01,
803, 2.45777481e-01,
804, 2.64342849e-01,
805,-2.79143211e-01,
806,-2.59142902e-01,
807,-2.84138644e-01,
808, 2.75897039e-01,
809,-1.29489807e-01,
810,-1.60396736e-01,
811,-8.57097846e-03,
812, 3.94622704e-02,
813, 8.34094673e-02,
814, 2.56502711e-01,
815, 1.72299024e-01,
816,-3.23902655e-01,
817,-3.30766833e-01,
818, 1.87369858e-01,
819,-3.41856448e-01,
820, 2.39110359e-01,
821,-3.39162867e-01,
822,-1.74779958e-01,
823, 1.67671696e-01,
824, 1.93356974e-01,
825,-1.53770413e-01,
826, 5.26647041e-02,
827,-1.33734044e-01,
828, 2.20038356e-01,
829, 2.41130980e-01,
830, 2.12961210e-01,
831, 9.01635931e-02,
832, 2.47305534e-01,
833, 2.42062788e-01,
834, 2.51046126e-01,
835, 2.68650966e-01,
836,-1.01692959e-01,
837, 2.59357144e-01,
838, 2.38375931e-01,
839,-1.08329320e-01,
840, 2.11477871e-01,
841, 1.42381837e-01,
842, 2.04678873e-01,
843, 1.79321635e-01,
844, 2.21282320e-01,
845, 1.92898715e-01,
846, 2.37941887e-01,
847, 2.07460640e-01,
848,-2.60329929e-02,
849,-4.59669945e-02,
850,-1.67249007e-02,
851,-9.61653902e-03,
852,-6.09322647e-03,
853,-1.55847798e-01,
854,-1.15109688e-01,
855,-1.20379345e-01,
856,-1.46290340e-01,
857,-1.96723244e-01,
858,-1.87332231e-01,
859,-1.69067677e-01,
860,-6.99374493e-02,
861,-5.01684762e-02,
862,-8.01820295e-02,
863,-7.87442230e-02,
864,-7.42473941e-02,
865,-5.98294871e-02,
866,-4.02136956e-02,
867,-1.73787442e-01,
868, 1.80695494e-02,
869, 5.88212442e-03,
870,-4.18222170e-03,
871, 3.94523634e-02,
872, 3.74515838e-02,
873, 1.23929254e-02,
874,-1.29311566e-02,
875,-2.23310323e-02,
876, 9.34612768e-03,
877,-1.82598022e-01,
878,-5.04259163e-02,
879,-3.17151942e-02,
880,-1.34889135e-01,
881, 1.39974045e-02,
882, 1.66826407e-02,
883,-4.07939239e-02,
884,-1.76193178e-02,
885,-1.59497324e-02,
886,-3.65481828e-02,
887,-1.44731925e-02,
888, 3.33417104e-02,
889,-2.62322865e-02,
890,-1.04763663e-02,
891,-5.33608093e-03,
892,-3.61259270e-02,
893,-2.06556673e-02,
894,-1.51474405e-02,
895,-4.58512976e-02,
896,-3.03819882e-02,
897,-2.45565862e-02,
898,-6.01819712e-02,
899,-9.04291920e-02,
900,-5.52443184e-02,
901,-3.97725812e-02,
902,-3.34919973e-02,
903,-1.08343342e-01,
904,-8.03308857e-02,
905,-6.41584962e-02,
906,-4.87098623e-02,
907,-4.19188191e-02,
908,-7.24417142e-02,
909,-5.70315392e-02,
910,-4.95164964e-02,
911,-7.00641948e-02,
912,-1.00535639e-01,
913,-7.99434581e-02,
914,-6.45694864e-02,
915,-5.60613606e-02,
916,-8.66486171e-02,
917,-7.12406840e-02,
918,-6.20222640e-02,
919,-9.24551237e-02,
920,-7.70747086e-02,
921,-6.68376437e-02,
922,-7.96484052e-02,
923,-1.10332224e-01,
924,-9.71988917e-02,
925,-8.18632501e-02,
926,-7.04950242e-02,
927,-1.02231948e-01,
928,-8.57561026e-02,
929,-7.38227525e-02,
930,-9.11337398e-02,
931,-8.87782387e-02,
932,-1.19679706e-01,
933,-6.14826285e-02,
934,-5.42480804e-02,
935,-9.73095099e-02,
936,-1.28472789e-01,
937,-1.58634047e-01,
938,-7.03694409e-02,
939,-1.05150375e-01,
940,-1.36413312e-01,
941,-8.01207101e-02,
942,-1.12243170e-01,
943,-9.01667375e-02,
944,-1.37809119e-01,
945,-1.60545031e-01,
946,-1.51451151e-01,
947,-1.18433433e-01,
948,-1.23702354e-01,
949,-1.41868899e-01,
950,-1.48837590e-01,
951,-1.31861513e-01,
952,-1.21492360e-01,
953,-1.11066773e-01,
954,-1.00527002e-01,
955,-1.96720908e-01,
956,-1.69258800e-01,
957,-1.77380824e-01,
958,-4.09575977e-02,
959,-3.46329837e-02,
960,-4.48778470e-02,
961,-4.13350043e-02,
962,-3.43961154e-03,
963,-1.97646030e-02,
964,-3.88671358e-02,
965,-6.73923349e-02,
966,-1.02192423e-01,
967,-2.09280300e-01,
968, 5.47519349e-02,
969, 2.14512246e-02,
970,-1.42493412e-01,
971,-2.04128003e-01,
972, 5.47428915e-02,
-1,0.,
1,80043,1,
MODE_004_UZ_53114.1Hz
0.,-1.,0.,
80043,0,0,0,0,0,0,0,0,0,
0,0,0,0,0,0,0,0,0,0,
0,0,3,7,
0,1,1,
1, 0.00000000e+00,
2, 0.00000000e+00,
3, 0.00000000e+00,
4, 0.00000000e+00,
5, 0.00000000e+00,
6, 0.00000000e+00,
7, 0.00000000e+00,
8, 0.00000000e+00,
9, 0.00000000e+00,
10, 0.00000000e+00,
11, 0.00000000e+00,
12, 0.00000000e+00,
13, 0.00000000e+00,
14, 0.00000000e+00,
15, 0.00000000e+00,
16, 0.00000000e+00,
17, 0.00000000e+00,
18, 0.00000000e+00,
19, 0.00000000e+00,
20, 0.00000000e+00,
21, 0.00000000e+00,
22, 0.00000000e+00,
23, 0.00000000e+00,
24, 0.00000000e+00,
25, 0.00000000e+00,
26, 0.00000000e+00,
27, 0.00000000e+00,
28, 0.00000000e+00,
29, 0.00000000e+00,
30, 0.00000000e+00,
31, 0.00000000e+00,
32, 0.00000000e+00,
33, 0.00000000e+00,
34, 0.00000000e+00,
35, 0.00000000e+00,
36, 0.00000000e+00,
37, 0.00000000e+00,
38, 0.00000000e+00,
39, 0.00000000e+00,
40, 0.00000000e+00,
41, 0.00000000e+00,
42, 0.00000000e+00,
43, 0.00000000e+00,
44, 0.00000000e+00,
45, 0.00000000e+00,
46, 0.00000000e+00,
47, 0.00000000e+00,
48, 0.00000000e+00,
49, 0.00000000e+00,
50, 0.00000000e+00,
51, 0.00000000e+00,
52, 0.00000000e+00,
53, 0.00000000e+00,
54, 0.00000000e+00,
55, 0.00000000e+00,
56, 0.00000000e+00,
57, 0.00000000e+00,
58, 0.00000000e+00,
59, 0.00000000e+00,
60, 0.00000000e+00,
61, 0.00000000e+00,
62, 0.00000000e+00,
63, 0.00000000e+00,
64, 0.00000000e+00,
65, 0.00000000e+00,
66, 0.00000000e+00,
67, 0.00000000e+00,
68, 0.00000000e+00,
69, 0.00000000e+00,
70, 0.00000000e+00,
71, 0.00000000e+00,
72, 0.00000000e+00,
73, 0.00000000e+00,
74, 0.00000000e+00,
75, 0.00000000e+00,
76, 0.00000000e+00,
77, 0.00000000e+00,
78, 0.00000000e+00,
79, 0.00000000e+00,
80, 0.00000000e+00,
81, 0.00000000e+00,
82, 0.00000000e+00,
83, 0.00000000e+00,
84, 0.00000000e+00,
85, 0.00000000e+00,
86, 0.00000000e+00,
87, 0.00000000e+00,
88, 0.00000000e+00,
89, 0.00000000e+00,
90, 0.00000000e+00,
91, 0.00000000e+00,
92, 0.00000000e+00,
93, 0.00000000e+00,
94, 0.00000000e+00,
95, 0.00000000e+00,
96, 0.00000000e+00,
97, 0.00000000e+00,
98, 0.00000000e+00,
99, 0.00000000e+00,
100, 0.00000000e+00,
101, 0.00000000e+00,
102, 0.00000000e+00,
103, 0.00000000e+00,
104, 0.00000000e+00,
105, 0.00000000e+00,
106, 0.00000000e+00,
107, 0.00000000e+00,
108, 0.00000000e+00,
109, 0.00000000e+00,
110, 0.00000000e+00,
111, 0.00000000e+00,
112, 0.00000000e+00,
113, 0.00000000e+00,
114, 0.00000000e+00,
115, 0.00000000e+00,
116, 0.00000000e+00,
117, 0.00000000e+00,
118, 0.00000000e+00,
119, 0.00000000e+00,
120, 0.00000000e+00,
121, 0.00000000e+00,
122, 0.00000000e+00,
123, 0.00000000e+00,
124, 0.00000000e+00,
125, 0.00000000e+00,
126, 0.00000000e+00,
127, 0.00000000e+00,
128, 0.00000000e+00,
129, 0.00000000e+00,
130, 0.00000000e+00,
131, 0.00000000e+00,
132, 0.00000000e+00,
133, 0.00000000e+00,
134, 0.00000000e+00,
135, 0.00000000e+00,
136, 0.00000000e+00,
137, 0.00000000e+00,
138, 0.00000000e+00,
139, 0.00000000e+00,
140, 0.00000000e+00,
141, 0.00000000e+00,
142, 0.00000000e+00,
143, 0.00000000e+00,
144, 0.00000000e+00,
145, 0.00000000e+00,
146, 0.00000000e+00,
147, 0.00000000e+00,
148, 0.00000000e+00,
149, 0.00000000e+00,
150, 0.00000000e+00,
151, 0.00000000e+00,
152, 0.00000000e+00,
153, 0.00000000e+00,
154, 0.00000000e+00,
155, 0.00000000e+00,
156, 0.00000000e+00,
157, 0.00000000e+00,
158, 0.00000000e+00,
159, 0.00000000e+00,
160, 0.00000000e+00,
161, 0.00000000e+00,
162, 0.00000000e+00,
163, 0.00000000e+00,
164, 0.00000000e+00,
165, 0.00000000e+00,
166, 0.00000000e+00,
167, 0.00000000e+00,
168, 0.00000000e+00,
169, 0.00000000e+00,
170, 0.00000000e+00,
171, 0.00000000e+00,
172, 0.00000000e+00,
173, 0.00000000e+00,
174, 0.00000000e+00,
175, 0.00000000e+00,
176, 0.00000000e+00,
177, 0.00000000e+00,
178, 0.00000000e+00,
179, 0.00000000e+00,
180, 0.00000000e+00,
181, 0.00000000e+00,
182, 0.00000000e+00,
183, 0.00000000e+00,
184, 0.00000000e+00,
185, 0.00000000e+00,
186, 0.00000000e+00,
187, 0.00000000e+00,
188, 0.00000000e+00,
189, 0.00000000e+00,
190, 0.00000000e+00,
191, 0.00000000e+00,
192, 0.00000000e+00,
193, 0.00000000e+00,
194, 0.00000000e+00,
195, 0.00000000e+00,
196, 0.00000000e+00,
197, 0.00000000e+00,
198, 0.00000000e+00,
199, 0.00000000e+00,
200, 0.00000000e+00,
201, 0.00000000e+00,
202, 0.00000000e+00,
203, 0.00000000e+00,
204, 0.00000000e+00,
205, 0.00000000e+00,
206, 0.00000000e+00,
207, 0.00000000e+00,
208, 0.00000000e+00,
209, 0.00000000e+00,
210, 0.00000000e+00,
211, 0.00000000e+00,
212, 0.00000000e+00,
213, 0.00000000e+00,
214, 0.00000000e+00,
215, 0.00000000e+00,
216, 0.00000000e+00,
217, 0.00000000e+00,
218, 0.00000000e+00,
219, 0.00000000e+00,
220, 0.00000000e+00,
221, 0.00000000e+00,
222, 0.00000000e+00,
223, 0.00000000e+00,
224, 0.00000000e+00,
225, 0.00000000e+00,
226, 0.00000000e+00,
227, 0.00000000e+00,
228, 0.00000000e+00,
229, 0.00000000e+00,
230, 0.00000000e+00,
231, 0.00000000e+00,
232, 0.00000000e+00,
233, 0.00000000e+00,
234, 0.00000000e+00,
235, 0.00000000e+00,
236, 0.00000000e+00,
237, 0.00000000e+00,
238, 0.00000000e+00,
239, 0.00000000e+00,
240, 0.00000000e+00,
241, 0.00000000e+00,
242, 0.00000000e+00,
243, 0.00000000e+00,
244, 0.00000000e+00,
245, 0.00000000e+00,
246, 0.00000000e+00,
247, 0.00000000e+00,
248, 0.00000000e+00,
249, 0.00000000e+00,
250, 0.00000000e+00,
251, 0.00000000e+00,
252, 0.00000000e+00,
253, 0.00000000e+00,
254, 0.00000000e+00,
255, 0.00000000e+00,
256, 0.00000000e+00,
257, 0.00000000e+00,
258, 0.00000000e+00,
259, 0.00000000e+00,
260, 0.00000000e+00,
261, 0.00000000e+00,
262, 0.00000000e+00,
263, 0.00000000e+00,
264, 0.00000000e+00,
265, 0.00000000e+00,
266, 0.00000000e+00,
267, 0.00000000e+00,
268, 0.00000000e+00,
269, 0.00000000e+00,
270, 0.00000000e+00,
271, 0.00000000e+00,
272, 0.00000000e+00,
273, 0.00000000e+00,
274, 0.00000000e+00,
275, 0.00000000e+00,
276, 0.00000000e+00,
277, 0.00000000e+00,
278, 0.00000000e+00,
279, 0.00000000e+00,
280, 0.00000000e+00,
281, 0.00000000e+00,
282, 0.00000000e+00,
283, 0.00000000e+00,
284, 0.00000000e+00,
285, 0.00000000e+00,
286, 0.00000000e+00,
287, 0.00000000e+00,
288, 0.00000000e+00,
289, 0.00000000e+00,
290, 0.00000000e+00,
291, 0.00000000e+00,
292, 0.00000000e+00,
293, 0.00000000e+00,
294, 0.00000000e+00,
295, 0.00000000e+00,
296, 0.00000000e+00,
297, 0.00000000e+00,
298, 0.00000000e+00,
299, 0.00000000e+00,
300, 0.00000000e+00,
301, 0.00000000e+00,
302, 0.00000000e+00,
303, 0.00000000e+00,
304, 0.00000000e+00,
305, 0.00000000e+00,
306, 0.00000000e+00,
307, 0.00000000e+00,
308, 0.00000000e+00,
309, 0.00000000e+00,
310, 0.00000000e+00,
311, 0.00000000e+00,
312, 0.00000000e+00,
313, 0.00000000e+00,
314, 0.00000000e+00,
315, 0.00000000e+00,
316, 0.00000000e+00,
317, 0.00000000e+00,
318, 0.00000000e+00,
319, 0.00000000e+00,
320, 0.00000000e+00,
321, 0.00000000e+00,
322, 0.00000000e+00,
323, 0.00000000e+00,
324, 0.00000000e+00,
325, 0.00000000e+00,
326, 0.00000000e+00,
327, 0.00000000e+00,
328, 0.00000000e+00,
329, 0.00000000e+00,
330, 0.00000000e+00,
331, 0.00000000e+00,
332, 0.00000000e+00,
333, 0.00000000e+00,
334, 0.00000000e+00,
335, 0.00000000e+00,
336, 0.00000000e+00,
337, 0.00000000e+00,
338, 0.00000000e+00,
339, 0.00000000e+00,
340, 0.00000000e+00,
341, 0.00000000e+00,
342, 0.00000000e+00,
343, 0.00000000e+00,
344, 0.00000000e+00,
345, 0.00000000e+00,
346, 0.00000000e+00,
347, 0.00000000e+00,
348, 0.00000000e+00,
349, 0.00000000e+00,
350, 0.00000000e+00,
351, 0.00000000e+00,
352, 0.00000000e+00,
353, 0.00000000e+00,
354, 0.00000000e+00,
355, 0.00000000e+00,
356, 0.00000000e+00,
357, 0.00000000e+00,
358, 0.00000000e+00,
359, 0.00000000e+00,
360, 0.00000000e+00,
361, 0.00000000e+00,
362, 0.00000000e+00,
363, 0.00000000e+00,
364, 0.00000000e+00,
365, 0.00000000e+00,
366, 0.00000000e+00,
367, 0.00000000e+00,
368, 0.00000000e+00,
369, 0.00000000e+00,
370, 0.00000000e+00,
371, 0.00000000e+00,
372, 0.00000000e+00,
373, 0.00000000e+00,
374, 0.00000000e+00,
375, 0.00000000e+00,
376, 0.00000000e+00,
377, 0.00000000e+00,
378, 0.00000000e+00,
379, 0.00000000e+00,
380, 0.00000000e+00,
381, 0.00000000e+00,
382, 0.00000000e+00,
383, 0.00000000e+00,
384, 0.00000000e+00,
385, 0.00000000e+00,
386, 0.00000000e+00,
387, 0.00000000e+00,
388, 0.00000000e+00,
389, 0.00000000e+00,
390, 0.00000000e+00,
391, 0.00000000e+00,
392, 0.00000000e+00,
393, 0.00000000e+00,
394, 0.00000000e+00,
395, 0.00000000e+00,
396, 0.00000000e+00,
397, 0.00000000e+00,
398, 0.00000000e+00,
399, 0.00000000e+00,
400, 0.00000000e+00,
401, 0.00000000e+00,
402, 0.00000000e+00,
403, 0.00000000e+00,
404, 0.00000000e+00,
405, 0.00000000e+00,
406, 0.00000000e+00,
407, 0.00000000e+00,
408, 0.00000000e+00,
409, 0.00000000e+00,
410, 0.00000000e+00,
411, 0.00000000e+00,
412, 0.00000000e+00,
413, 0.00000000e+00,
414, 0.00000000e+00,
415, 0.00000000e+00,
416, 0.00000000e+00,
417, 0.00000000e+00,
418, 0.00000000e+00,
419, 0.00000000e+00,
420, 0.00000000e+00,
421, 0.00000000e+00,
422, 0.00000000e+00,
423, 0.00000000e+00,
424, 0.00000000e+00,
425, 0.00000000e+00,
426, 0.00000000e+00,
427, 0.00000000e+00,
428, 0.00000000e+00,
429, 0.00000000e+00,
430, 0.00000000e+00,
431, 0.00000000e+00,
432, 0.00000000e+00,
433, 0.00000000e+00,
434, 0.00000000e+00,
435, 0.00000000e+00,
436, 0.00000000e+00,
437, 0.00000000e+00,
438, 0.00000000e+00,
439, 0.00000000e+00,
440, 0.00000000e+00,
441, 0.00000000e+00,
442, 0.00000000e+00,
443, 0.00000000e+00,
444, 0.00000000e+00,
445, 0.00000000e+00,
446, 0.00000000e+00,
447, 0.00000000e+00,
448, 0.00000000e+00,
449, 0.00000000e+00,
450, 0.00000000e+00,
451, 0.00000000e+00,
452, 0.00000000e+00,
453, 0.00000000e+00,
454, 0.00000000e+00,
455, 0.00000000e+00,
456, 0.00000000e+00,
457, 0.00000000e+00,
458, 0.00000000e+00,
459, 0.00000000e+00,
460, 0.00000000e+00,
461, 0.00000000e+00,
462, 0.00000000e+00,
463, 0.00000000e+00,
464, 0.00000000e+00,
465, 0.00000000e+00,
466, 0.00000000e+00,
467, 0.00000000e+00,
468, 0.00000000e+00,
469, 0.00000000e+00,
470, 0.00000000e+00,
471, 0.00000000e+00,
472, 0.00000000e+00,
473, 0.00000000e+00,
474, 0.00000000e+00,
475, 0.00000000e+00,
476, 0.00000000e+00,
477, 0.00000000e+00,
478, 0.00000000e+00,
479, 0.00000000e+00,
480, 0.00000000e+00,
481, 0.00000000e+00,
482, 0.00000000e+00,
483, 0.00000000e+00,
484, 0.00000000e+00,
485, 0.00000000e+00,
486, 0.00000000e+00,
487, 0.00000000e+00,
488, 0.00000000e+00,
489, 0.00000000e+00,
490, 0.00000000e+00,
491, 0.00000000e+00,
492, 0.00000000e+00,
493, 0.00000000e+00,
501, 0.00000000e+00,
502, 0.00000000e+00,
503, 0.00000000e+00,
504, 0.00000000e+00,
505, 0.00000000e+00,
506, 0.00000000e+00,
507, 0.00000000e+00,
508, 0.00000000e+00,
509, 0.00000000e+00,
510, 0.00000000e+00,
511, 0.00000000e+00,
512, 0.00000000e+00,
513, 0.00000000e+00,
514, 0.00000000e+00,
515, 0.00000000e+00,
516, 0.00000000e+00,
517, 0.00000000e+00,
518, 0.00000000e+00,
519, 0.00000000e+00,
520, 0.00000000e+00,
521, 0.00000000e+00,
522, 0.00000000e+00,
523, 0.00000000e+00,
524, 0.00000000e+00,
525, 0.00000000e+00,
526, 0.00000000e+00,
527, 0.00000000e+00,
528, 0.00000000e+00,
529, 0.00000000e+00,
530, 0.00000000e+00,
531, 0.00000000e+00,
532, 0.00000000e+00,
533, 0.00000000e+00,
534, 0.00000000e+00,
535, 0.00000000e+00,
536, 0.00000000e+00,
537, 0.00000000e+00,
538, 0.00000000e+00,
539, 0.00000000e+00,
540, 0.00000000e+00,
541, 0.00000000e+00,
542, 0.00000000e+00,
543, 0.00000000e+00,
544, 0.00000000e+00,
545, 0.00000000e+00,
546, 0.00000000e+00,
547, 0.00000000e+00,
548, 0.00000000e+00,
549, 0.00000000e+00,
550, 0.00000000e+00,
551, 0.00000000e+00,
552, 0.00000000e+00,
553, 0.00000000e+00,
554, 0.00000000e+00,
555, 0.00000000e+00,
556, 0.00000000e+00,
557, 0.00000000e+00,
558, 0.00000000e+00,
559, 0.00000000e+00,
560, 0.00000000e+00,
561, 0.00000000e+00,
562, 0.00000000e+00,
563, 0.00000000e+00,
564, 0.00000000e+00,
565, 0.00000000e+00,
566, 0.00000000e+00,
567, 0.00000000e+00,
568, 0.00000000e+00,
569, 0.00000000e+00,
570, 0.00000000e+00,
571, 0.00000000e+00,
572, 0.00000000e+00,
573, 0.00000000e+00,
574, 0.00000000e+00,
575, 0.00000000e+00,
576, 0.00000000e+00,
577, 0.00000000e+00,
578, 0.00000000e+00,
579, 0.00000000e+00,
580, 0.00000000e+00,
581, 0.00000000e+00,
582, 0.00000000e+00,
583, 0.00000000e+00,
584, 0.00000000e+00,
585, 0.00000000e+00,
586, 0.00000000e+00,
587, 0.00000000e+00,
588, 0.00000000e+00,
589, 0.00000000e+00,
590, 0.00000000e+00,
591, 0.00000000e+00,
592, 0.00000000e+00,
593, 0.00000000e+00,
594, 0.00000000e+00,
595, 0.00000000e+00,
596, 0.00000000e+00,
597, 0.00000000e+00,
598, 0.00000000e+00,
599, 0.00000000e+00,
600, 0.00000000e+00,
601, 0.00000000e+00,
602, 0.00000000e+00,
603, 0.00000000e+00,
604, 0.00000000e+00,
605, 0.00000000e+00,
606, 0.00000000e+00,
607, 0.00000000e+00,
608, 0.00000000e+00,
609, 0.00000000e+00,
610, 0.00000000e+00,
611, 0.00000000e+00,
612, 0.00000000e+00,
613, 0.00000000e+00,
614, 0.00000000e+00,
615, 0.00000000e+00,
616, 0.00000000e+00,
617, 0.00000000e+00,
618, 0.00000000e+00,
619, 0.00000000e+00,
620, 0.00000000e+00,
621, 0.00000000e+00,
622, 0.00000000e+00,
623, 0.00000000e+00,
624, 0.00000000e+00,
625, 0.00000000e+00,
626, 0.00000000e+00,
627, 0.00000000e+00,
628, 0.00000000e+00,
629, 0.00000000e+00,
630, 0.00000000e+00,
631, 0.00000000e+00,
632, 0.00000000e+00,
633, 0.00000000e+00,
634, 0.00000000e+00,
635, 0.00000000e+00,
636, 0.00000000e+00,
637, 0.00000000e+00,
638, 0.00000000e+00,
639, 0.00000000e+00,
640, 0.00000000e+00,
641, 0.00000000e+00,
642, 0.00000000e+00,
643, 0.00000000e+00,
644, 0.00000000e+00,
645, 0.00000000e+00,
646, 0.00000000e+00,
647, 0.00000000e+00,
648, 0.00000000e+00,
649, 0.00000000e+00,
650, 0.00000000e+00,
651, 0.00000000e+00,
652, 0.00000000e+00,
653, 0.00000000e+00,
654, 0.00000000e+00,
655, 0.00000000e+00,
656, 0.00000000e+00,
657, 0.00000000e+00,
658, 0.00000000e+00,
659, 0.00000000e+00,
660, 0.00000000e+00,
661, 0.00000000e+00,
662, 0.00000000e+00,
663, 0.00000000e+00,
664, 0.00000000e+00,
665, 0.00000000e+00,
666, 0.00000000e+00,
667, 0.00000000e+00,
668, 0.00000000e+00,
669, 0.00000000e+00,
670, 0.00000000e+00,
671, 0.00000000e+00,
672, 0.00000000e+00,
673, 0.00000000e+00,
674, 0.00000000e+00,
675, 0.00000000e+00,
676, 0.00000000e+00,
677, 0.00000000e+00,
678, 0.00000000e+00,
679, 0.00000000e+00,
680, 0.00000000e+00,
681, 0.00000000e+00,
682, 0.00000000e+00,
683, 0.00000000e+00,
684, 0.00000000e+00,
685, 0.00000000e+00,
686, 0.00000000e+00,
687, 0.00000000e+00,
688, 0.00000000e+00,
689, 0.00000000e+00,
690, 0.00000000e+00,
691, 0.00000000e+00,
692, 0.00000000e+00,
693, 0.00000000e+00,
694, 0.00000000e+00,
695, 0.00000000e+00,
696, 0.00000000e+00,
697, 0.00000000e+00,
698, 0.00000000e+00,
699, 0.00000000e+00,
700, 0.00000000e+00,
701, 0.00000000e+00,
702, 0.00000000e+00,
703, 0.00000000e+00,
704, 0.00000000e+00,
705, 0.00000000e+00,
706, 0.00000000e+00,
707, 0.00000000e+00,
708, 0.00000000e+00,
709, 0.00000000e+00,
710, 0.00000000e+00,
711, 0.00000000e+00,
712, 0.00000000e+00,
713, 0.00000000e+00,
714, 0.00000000e+00,
715, 0.00000000e+00,
716, 0.00000000e+00,
717, 0.00000000e+00,
718, 0.00000000e+00,
719, 0.00000000e+00,
720, 0.00000000e+00,
721, 0.00000000e+00,
722, 0.00000000e+00,
723, 0.00000000e+00,
724, 0.00000000e+00,
725, 0.00000000e+00,
726, 0.00000000e+00,
727, 0.00000000e+00,
728, 0.00000000e+00,
729, 0.00000000e+00,
730, 0.00000000e+00,
731, 0.00000000e+00,
732, 0.00000000e+00,
733, 0.00000000e+00,
734, 0.00000000e+00,
735, 0.00000000e+00,
736, 0.00000000e+00,
737, 0.00000000e+00,
738, 0.00000000e+00,
739, 0.00000000e+00,
740, 0.00000000e+00,
741, 0.00000000e+00,
742, 0.00000000e+00,
743, 0.00000000e+00,
744, 0.00000000e+00,
745, 0.00000000e+00,
746, 0.00000000e+00,
747, 0.00000000e+00,
748, 0.00000000e+00,
749, 0.00000000e+00,
750, 0.00000000e+00,
751, 0.00000000e+00,
752, 0.00000000e+00,
753, 0.00000000e+00,
754, 0.00000000e+00,
755, 0.00000000e+00,
756, 0.00000000e+00,
757, 0.00000000e+00,
758, 0.00000000e+00,
759, 0.00000000e+00,
760, 0.00000000e+00,
761, 0.00000000e+00,
762, 0.00000000e+00,
763, 0.00000000e+00,
764, 0.00000000e+00,
765, 0.00000000e+00,
766, 0.00000000e+00,
767, 0.00000000e+00,
768, 0.00000000e+00,
769, 0.00000000e+00,
770, 0.00000000e+00,
771, 0.00000000e+00,
772, 0.00000000e+00,
773, 0.00000000e+00,
774, 0.00000000e+00,
775, 0.00000000e+00,
776, 0.00000000e+00,
777, 0.00000000e+00,
778, 0.00000000e+00,
779, 0.00000000e+00,
780, 0.00000000e+00,
781, 0.00000000e+00,
782, 0.00000000e+00,
783, 0.00000000e+00,
784, 0.00000000e+00,
785, 0.00000000e+00,
786, 0.00000000e+00,
787, 0.00000000e+00,
788, 0.00000000e+00,
789, 0.00000000e+00,
790, 0.00000000e+00,
791, 0.00000000e+00,
792, 0.00000000e+00,
793, 0.00000000e+00,
794, 0.00000000e+00,
795, 0.00000000e+00,
796, 0.00000000e+00,
797, 0.00000000e+00,
798, 0.00000000e+00,
799, 0.00000000e+00,
800, 0.00000000e+00,
801, 0.00000000e+00,
802, 0.00000000e+00,
803, 0.00000000e+00,
804, 0.00000000e+00,
805, 0.00000000e+00,
806, 0.00000000e+00,
807, 0.00000000e+00,
808, 0.00000000e+00,
809, 0.00000000e+00,
810, 0.00000000e+00,
811, 0.00000000e+00,
812, 0.00000000e+00,
813, 0.00000000e+00,
814, 0.00000000e+00,
815, 0.00000000e+00,
816, 0.00000000e+00,
817, 0.00000000e+00,
818, 0.00000000e+00,
819, 0.00000000e+00,
820, 0.00000000e+00,
821, 0.00000000e+00,
822, 0.00000000e+00,
823, 0.00000000e+00,
824, 0.00000000e+00,
825, 0.00000000e+00,
826, 0.00000000e+00,
827, 0.00000000e+00,
828, 0.00000000e+00,
829, 0.00000000e+00,
830, 0.00000000e+00,
831, 0.00000000e+00,
832, 0.00000000e+00,
833, 0.00000000e+00,
834, 0.00000000e+00,
835, 0.00000000e+00,
836, 0.00000000e+00,
837, 0.00000000e+00,
838, 0.00000000e+00,
839, 0.00000000e+00,
840, 0.00000000e+00,
841, 0.00000000e+00,
842, 0.00000000e+00,
843, 0.00000000e+00,
844, 0.00000000e+00,
845, 0.00000000e+00,
846, 0.00000000e+00,
847, 0.00000000e+00,
848, 0.00000000e+00,
849, 0.00000000e+00,
850, 0.00000000e+00,
851, 0.00000000e+00,
852, 0.00000000e+00,
853, 0.00000000e+00,
854, 0.00000000e+00,
855, 0.00000000e+00,
856, 0.00000000e+00,
857, 0.00000000e+00,
858, 0.00000000e+00,
859, 0.00000000e+00,
860, 0.00000000e+00,
861, 0.00000000e+00,
862, 0.00000000e+00,
863, 0.00000000e+00,
864, 0.00000000e+00,
865, 0.00000000e+00,
866, 0.00000000e+00,
867, 0.00000000e+00,
868, 0.00000000e+00,
869, 0.00000000e+00,
870, 0.00000000e+00,
871, 0.00000000e+00,
872, 0.00000000e+00,
873, 0.00000000e+00,
874, 0.00000000e+00,
875, 0.00000000e+00,
876, 0.00000000e+00,
877, 0.00000000e+00,
878, 0.00000000e+00,
879, 0.00000000e+00,
880, 0.00000000e+00,
881, 0.00000000e+00,
882, 0.00000000e+00,
883, 0.00000000e+00,
884, 0.00000000e+00,
885, 0.00000000e+00,
886, 0.00000000e+00,
887, 0.00000000e+00,
888, 0.00000000e+00,
889, 0.00000000e+00,
890, 0.00000000e+00,
891, 0.00000000e+00,
892, 0.00000000e+00,
893, 0.00000000e+00,
894, 0.00000000e+00,
895, 0.00000000e+00,
896, 0.00000000e+00,
897, 0.00000000e+00,
898, 0.00000000e+00,
899, 0.00000000e+00,
900, 0.00000000e+00,
901, 0.00000000e+00,
902, 0.00000000e+00,
903, 0.00000000e+00,
904, 0.00000000e+00,
905, 0.00000000e+00,
906, 0.00000000e+00,
907, 0.00000000e+00,
908, 0.00000000e+00,
909, 0.00000000e+00,
910, 0.00000000e+00,
911, 0.00000000e+00,
912, 0.00000000e+00,
913, 0.00000000e+00,
914, 0.00000000e+00,
915, 0.00000000e+00,
916, 0.00000000e+00,
917, 0.00000000e+00,
918, 0.00000000e+00,
919, 0.00000000e+00,
920, 0.00000000e+00,
921, 0.00000000e+00,
922, 0.00000000e+00,
923, 0.00000000e+00,
924, 0.00000000e+00,
925, 0.00000000e+00,
926, 0.00000000e+00,
927, 0.00000000e+00,
928, 0.00000000e+00,
929, 0.00000000e+00,
930, 0.00000000e+00,
931, 0.00000000e+00,
932, 0.00000000e+00,
933, 0.00000000e+00,
934, 0.00000000e+00,
935, 0.00000000e+00,
936, 0.00000000e+00,
937, 0.00000000e+00,
938, 0.00000000e+00,
939, 0.00000000e+00,
940, 0.00000000e+00,
941, 0.00000000e+00,
942, 0.00000000e+00,
943, 0.00000000e+00,
944, 0.00000000e+00,
945, 0.00000000e+00,
946, 0.00000000e+00,
947, 0.00000000e+00,
948, 0.00000000e+00,
949, 0.00000000e+00,
950, 0.00000000e+00,
951, 0.00000000e+00,
952, 0.00000000e+00,
953, 0.00000000e+00,
954, 0.00000000e+00,
955, 0.00000000e+00,
956, 0.00000000e+00,
957, 0.00000000e+00,
958, 0.00000000e+00,
959, 0.00000000e+00,
960, 0.00000000e+00,
961, 0.00000000e+00,
962, 0.00000000e+00,
963, 0.00000000e+00,
964, 0.00000000e+00,
965, 0.00000000e+00,
966, 0.00000000e+00,
967, 0.00000000e+00,
968, 0.00000000e+00,
969, 0.00000000e+00,
970, 0.00000000e+00,
971, 0.00000000e+00,
972, 0.00000000e+00,
-1,0.,
1,80044,1,
MODE_004_UMAG_53114.1Hz
0.,-1.,0.,
80044,0,0,0,0,0,0,0,0,0,
0,0,0,0,0,0,0,0,0,0,
0,0,3,7,
0,1,1,
1, 4.85107460e-01,
2, 5.04862168e-01,
3, 7.55947702e-02,
4, 3.59460590e-02,
5, 1.10329738e-02,
6, 6.93227287e-07,
7, 4.13425244e-01,
8, 4.08789979e-01,
9, 3.53892871e-01,
10, 3.78295757e-01,
11, 2.02016827e-01,
12, 2.24409135e-01,
13, 1.71313791e-01,
14, 3.30900944e-01,
15, 2.74959032e-01,
16, 3.60463488e-01,
17, 2.39841615e-01,
18, 4.87820763e-01,
19, 5.08654815e-01,
20, 4.82529370e-01,
21, 4.76482609e-01,
22, 4.66909128e-01,
23, 4.52732543e-01,
24, 4.32938601e-01,
25, 4.05054517e-01,
26, 3.71191970e-01,
27, 3.34607267e-01,
28, 3.02694938e-01,
29, 2.80965702e-01,
30, 2.64582388e-01,
31, 2.50440686e-01,
32, 2.39996072e-01,
33, 2.35851492e-01,
34, 2.39716951e-01,
35, 2.51721422e-01,
36, 2.70700056e-01,
37, 2.94844702e-01,
38, 3.22287270e-01,
39, 3.50404306e-01,
40, 3.78877725e-01,
41, 4.05643712e-01,
42, 4.29846446e-01,
43, 4.51573159e-01,
44, 4.69957980e-01,
45, 4.85369288e-01,
46, 4.96341669e-01,
47, 5.02976772e-01,
48, 7.40924217e-02,
49, 6.81016569e-02,
50, 5.99627091e-02,
51, 5.38983572e-02,
52, 4.55986247e-02,
53, 4.14502697e-02,
54, 3.71669933e-02,
55, 3.63443814e-02,
56, 6.50614719e-03,
57, 8.49515041e-03,
58, 4.73456098e-03,
59, 2.03415715e-02,
60, 3.25438003e-02,
61, 5.18083482e-02,
62, 1.93588358e-02,
63, 8.72844463e-03,
64, 3.31132333e-03,
65, 4.10244460e-01,
66, 3.94473379e-01,
67, 3.75000618e-01,
68, 1.81638746e-01,
69, 1.60346295e-01,
70, 2.31167297e-01,
71, 2.81915799e-01,
72, 3.06437828e-01,
73, 3.44415407e-01,
74, 3.81098762e-01,
75, 2.58577395e-01,
76, 3.18418688e-01,
77, 2.88241486e-01,
78, 2.62434951e-01,
79, 3.50998949e-01,
80, 3.46537633e-01,
81, 3.17502794e-01,
82, 2.79633102e-01,
83, 2.13183984e-01,
84, 2.14584133e-01,
85, 2.12028940e-01,
86, 2.05098005e-01,
87, 1.97104477e-01,
88, 1.87186625e-01,
89, 1.77470918e-01,
90, 1.67334973e-01,
91, 1.58963256e-01,
92, 1.53686513e-01,
93, 1.52145830e-01,
94, 1.56339104e-01,
95, 1.65507872e-01,
96, 1.80197164e-01,
97, 1.97775263e-01,
98, 2.19306825e-01,
99, 2.43733092e-01,
100, 2.69279025e-01,
101, 2.96895903e-01,
102, 3.23859939e-01,
103, 3.51760489e-01,
104, 2.05829703e-01,
105, 1.67976944e-01,
106, 1.29382134e-01,
107, 9.20166369e-02,
108, 5.94135900e-02,
109, 4.17772752e-02,
110, 5.55250693e-02,
111, 8.47989274e-02,
112, 1.16778249e-01,
113, 1.49537315e-01,
114, 1.80170368e-01,
115, 2.08519286e-01,
116, 2.34680885e-01,
117, 2.58126381e-01,
118, 2.78226835e-01,
119, 2.95952395e-01,
120, 3.10104791e-01,
121, 3.22651543e-01,
122, 3.31551514e-01,
123, 3.40656327e-01,
124, 3.50830648e-01,
125, 4.91386461e-01,
126, 4.93109701e-01,
127, 4.93127462e-01,
128, 4.90134167e-01,
129, 4.76710869e-01,
130, 4.57946707e-01,
131, 4.17345988e-01,
132, 3.70640865e-01,
133, 3.19441921e-01,
134, 2.66329019e-01,
135, 2.16231775e-01,
136, 1.72370445e-01,
137, 1.35741959e-01,
138, 1.02641283e-01,
139, 5.14807221e-01,
140, 5.18049692e-01,
141, 5.19364105e-01,
142, 5.17825197e-01,
143, 5.07840875e-01,
144, 4.86635088e-01,
145, 4.51876608e-01,
146, 4.15038537e-01,
147, 3.48767152e-01,
148, 2.65848836e-01,
149, 1.70250759e-01,
150, 1.20047232e-01,
151, 8.57952638e-02,
152, 5.72706655e-02,
153, 4.86039260e-01,
154, 4.80841611e-01,
155, 4.72569566e-01,
156, 4.60501445e-01,
157, 4.44117343e-01,
158, 4.21269588e-01,
159, 3.90814440e-01,
160, 3.56192658e-01,
161, 3.20293726e-01,
162, 2.90259971e-01,
163, 2.69757272e-01,
164, 2.51974246e-01,
165, 2.35040133e-01,
166, 2.20802827e-01,
167, 2.12303222e-01,
168, 2.11603142e-01,
169, 2.19476366e-01,
170, 2.35042331e-01,
171, 2.56664766e-01,
172, 2.82421352e-01,
173, 3.10506390e-01,
174, 3.39150258e-01,
175, 3.67663294e-01,
176, 3.94940458e-01,
177, 4.19489167e-01,
178, 4.41863264e-01,
179, 4.61256794e-01,
180, 4.78167152e-01,
181, 4.91940506e-01,
182, 5.01406396e-01,
183, 5.07296542e-01,
184, 1.38206680e-01,
185, 1.64706295e-01,
186, 1.21491059e-01,
187, 1.76786588e-01,
188, 3.52470596e-01,
189, 3.07744476e-01,
190, 1.86614513e-01,
191, 6.60648758e-02,
192, 4.87105802e-02,
193, 6.76125180e-02,
194, 4.92113429e-01,
195, 4.86797233e-01,
196, 4.89975487e-01,
197, 4.40337513e-01,
198, 3.74828059e-01,
199, 3.19450355e-01,
200, 4.19134535e-01,
201, 4.86207440e-01,
202, 3.77335178e-01,
203, 3.80908757e-01,
204, 8.25358542e-02,
205, 1.09086755e-01,
206, 8.57839684e-02,
207, 1.90092436e-01,
208, 1.72246133e-01,
209, 1.60168617e-01,
210, 1.57565551e-01,
211, 3.73251796e-01,
212, 2.37450473e-01,
213, 2.71953267e-01,
214, 2.17059880e-01,
215, 1.43495012e-01,
216, 1.82178393e-01,
217, 9.85015967e-02,
218, 2.74056536e-01,
219, 3.05752879e-01,
220, 2.10841482e-01,
221, 4.32947868e-01,
222, 4.42111800e-01,
223, 3.90693626e-01,
224, 4.32166462e-01,
225, 4.55830077e-01,
226, 2.68950143e-01,
227, 2.13044281e-01,
228, 4.85985278e-01,
229, 5.07797342e-01,
230, 1.89340916e-01,
231, 1.56785832e-01,
232, 1.65461490e-01,
233, 1.29124276e-01,
234, 1.74367797e-01,
235, 1.66130571e-01,
236, 4.51733968e-01,
237, 4.46050244e-01,
238, 4.68706029e-01,
239, 3.90085834e-01,
240, 3.57719812e-01,
241, 3.74834152e-01,
242, 2.73851065e-01,
243, 5.16761696e-01,
244, 5.99794457e-02,
245, 1.61907374e-01,
246, 1.95631085e-01,
247, 2.13423110e-01,
248, 5.00289069e-01,
249, 5.04142452e-01,
250, 5.07846954e-01,
251, 5.13332753e-01,
252, 5.11736844e-01,
253, 5.00418622e-01,
254, 5.16377824e-01,
255, 5.17404198e-01,
256, 1.99184212e-01,
257, 1.09139815e-01,
258, 7.56985353e-02,
259, 1.01181069e-01,
260, 8.47930253e-02,
261, 4.64172067e-01,
262, 4.73566471e-01,
263, 4.61275133e-01,
264, 4.73343490e-01,
265, 4.60536785e-01,
266, 1.38168388e-01,
267, 5.18019121e-02,
268, 8.63116630e-02,
269, 8.78128132e-02,
270, 4.27862614e-01,
271, 4.38483556e-01,
272, 4.48825686e-01,
273, 5.04080297e-01,
274, 4.56695668e-01,
275, 1.42992258e-01,
276, 1.37481230e-01,
277, 1.40872616e-01,
278, 1.78927168e-01,
279, 2.16146925e-01,
280, 5.13163021e-01,
281, 2.28916619e-02,
282, 5.15036937e-02,
283, 1.03429228e-01,
284, 4.77089290e-01,
285, 4.83465432e-01,
286, 4.34822063e-01,
287, 4.09677616e-01,
288, 4.37640839e-01,
289, 2.56946414e-01,
290, 4.81871050e-01,
291, 4.72099071e-01,
292, 4.79381498e-01,
293, 2.40309958e-01,
294, 1.08074129e-01,
295, 1.37937380e-01,
296, 1.14681150e-01,
297, 1.26882871e-01,
298, 4.25328081e-01,
299, 2.97090469e-01,
300, 2.31387563e-01,
301, 1.98589995e-01,
302, 2.20085266e-01,
303, 1.71705023e-01,
304, 1.87880556e-01,
305, 1.33080279e-01,
306, 1.60240884e-01,
307, 2.50314580e-01,
308, 4.11649672e-01,
309, 6.22205171e-02,
310, 1.45289335e-01,
311, 1.84701583e-01,
312, 1.74342153e-01,
313, 2.28294999e-01,
314, 4.89002161e-01,
315, 7.27131249e-02,
316, 1.03215102e-01,
317, 4.21645033e-01,
318, 4.03625896e-01,
319, 3.17696556e-01,
320, 2.71112087e-01,
321, 1.34610493e-01,
322, 1.75692045e-01,
323, 4.91982171e-01,
324, 4.89585270e-01,
325, 4.76837589e-01,
326, 3.49815670e-01,
327, 2.99724892e-01,
328, 3.67154115e-01,
329, 3.74171350e-01,
330, 1.32601927e-01,
331, 1.99010542e-01,
332, 2.14078354e-01,
333, 9.80435482e-02,
334, 1.08274717e-01,
335, 4.67886821e-01,
336, 2.53557365e-01,
337, 4.83110389e-01,
338, 4.88730336e-01,
339, 3.00625690e-01,
340, 4.92577717e-01,
341, 4.07884720e-01,
342, 4.90134182e-01,
343, 1.76315807e-01,
344, 3.76628882e-01,
345, 3.47547825e-01,
346, 1.73219530e-01,
347, 7.12245570e-02,
348, 1.35709339e-01,
349, 3.35227486e-01,
350, 3.27270434e-01,
351, 2.95612644e-01,
352, 9.25731904e-02,
353, 4.57461930e-01,
354, 4.76690220e-01,
355, 3.04490916e-01,
356, 3.43356459e-01,
357, 3.30274701e-01,
358, 4.46517098e-01,
359, 4.39162311e-01,
360, 1.09513084e-01,
361, 4.09771302e-01,
362, 1.49551614e-01,
363, 2.05560234e-01,
364, 1.87404741e-01,
365, 2.30796359e-01,
366, 2.17660739e-01,
367, 2.63227790e-01,
368, 2.57903525e-01,
369, 2.77014601e-02,
370, 5.08463966e-02,
371, 1.80746944e-02,
372, 9.88115502e-03,
373, 2.39445498e-02,
374, 2.45770235e-01,
375, 2.04222313e-01,
376, 2.33915416e-01,
377, 2.14904440e-01,
378, 2.62794292e-01,
379, 2.34636304e-01,
380, 2.25086750e-01,
381, 1.90927087e-01,
382, 2.02776512e-01,
383, 1.74619574e-01,
384, 1.81607529e-01,
385, 2.10037332e-01,
386, 2.06491779e-01,
387, 2.20387455e-01,
388, 2.82075099e-01,
389, 2.84692242e-01,
390, 2.68441841e-01,
391, 2.61723883e-01,
392, 3.08600533e-01,
393, 3.07647402e-01,
394, 2.83245974e-01,
395, 2.60983844e-01,
396, 2.54417160e-01,
397, 2.81004735e-01,
398, 2.56925147e-01,
399, 2.20032466e-01,
400, 2.34196938e-01,
401, 1.83969195e-01,
402, 2.84366016e-01,
403, 2.85934526e-01,
404, 2.32737781e-01,
405, 2.52399084e-01,
406, 2.46438701e-01,
407, 2.38916045e-01,
408, 2.58033985e-01,
409, 3.03190771e-01,
410, 2.27594156e-01,
411, 2.47765982e-01,
412, 2.47435978e-01,
413, 2.07614447e-01,
414, 2.27639378e-01,
415, 2.26169208e-01,
416, 1.85661821e-01,
417, 2.05790943e-01,
418, 2.02520723e-01,
419, 1.83535896e-01,
420, 1.58470770e-01,
421, 1.62399892e-01,
422, 1.81936418e-01,
423, 1.76808807e-01,
424, 1.73599076e-01,
425, 1.52808381e-01,
426, 1.38795556e-01,
427, 1.56691032e-01,
428, 1.49585396e-01,
429, 1.16455469e-01,
430, 1.30953607e-01,
431, 1.21674215e-01,
432, 1.63452020e-01,
433, 1.43856087e-01,
434, 9.84009336e-02,
435, 1.06405689e-01,
436, 9.48985973e-02,
437, 8.94266898e-02,
438, 8.68035846e-02,
439, 7.40681487e-02,
440, 9.35574045e-02,
441, 7.81964825e-02,
442, 6.69046771e-02,
443, 1.43655346e-01,
444, 1.32626070e-01,
445, 1.10033625e-01,
446, 8.54176588e-02,
447, 7.90454147e-02,
448, 1.36786313e-01,
449, 1.06487769e-01,
450, 1.06140439e-01,
451, 1.40205035e-01,
452, 1.25871381e-01,
453, 1.26980252e-01,
454, 2.15194965e-01,
455, 2.23027225e-01,
456, 1.12747207e-01,
457, 1.28843784e-01,
458, 1.94222706e-01,
459, 2.04672504e-01,
460, 1.07658052e-01,
461, 1.38400313e-01,
462, 1.92824950e-01,
463, 1.12870263e-01,
464, 1.79993203e-01,
465, 1.45651803e-01,
466, 1.65428053e-01,
467, 1.51627035e-01,
468, 1.27667610e-01,
469, 1.49444746e-01,
470, 1.43920407e-01,
471, 1.68029983e-01,
472, 1.42619849e-01,
473, 1.46959514e-01,
474, 1.55762555e-01,
475, 1.67197606e-01,
476, 2.88213733e-01,
477, 1.84217401e-01,
478, 2.06310013e-01,
479, 2.36957512e-01,
480, 2.44572150e-01,
481, 2.32812443e-01,
482, 2.34217348e-01,
483, 2.72794972e-01,
484, 2.64189792e-01,
485, 2.33737514e-01,
486, 2.40182655e-01,
487, 2.45672502e-01,
488, 3.17298008e-01,
489, 3.32476594e-01,
490, 2.98705533e-01,
491, 2.79536837e-01,
492, 3.30543906e-01,
493, 3.23896024e-01,
501, 4.85107460e-01,
502, 7.55947702e-02,
503, 1.10329738e-02,
504, 4.13425244e-01,
505, 4.08789979e-01,
506, 3.53892871e-01,
507, 3.78295757e-01,
508, 2.02016827e-01,
509, 2.24409135e-01,
510, 1.71313791e-01,
511, 3.30900944e-01,
512, 2.74959032e-01,
513, 3.60463488e-01,
514, 2.39841615e-01,
515, 4.87820763e-01,
516, 4.82529370e-01,
517, 4.76482609e-01,
518, 4.66909128e-01,
519, 4.52732543e-01,
520, 4.32938601e-01,
521, 4.05054517e-01,
522, 3.71191970e-01,
523, 3.34607267e-01,
524, 3.02694938e-01,
525, 2.80965702e-01,
526, 2.64582388e-01,
527, 2.50440686e-01,
528, 2.39996072e-01,
529, 2.35851492e-01,
530, 2.39716951e-01,
531, 2.51721422e-01,
532, 2.70700056e-01,
533, 2.94844702e-01,
534, 3.22287270e-01,
535, 3.50404306e-01,
536, 3.78877725e-01,
537, 4.05643712e-01,
538, 4.29846446e-01,
539, 4.51573159e-01,
540, 4.69957980e-01,
541, 4.85369288e-01,
542, 4.96341669e-01,
543, 5.02976772e-01,
544, 7.40924217e-02,
545, 6.81016569e-02,
546, 5.99627091e-02,
547, 5.38983572e-02,
548, 4.55986247e-02,
549, 4.14502697e-02,
550, 3.71669933e-02,
551, 3.63443814e-02,
552, 6.50614719e-03,
553, 8.49515041e-03,
554, 4.73456098e-03,
555, 2.03415715e-02,
556, 3.25438002e-02,
557, 5.18083482e-02,
558, 4.10244460e-01,
559, 3.94473379e-01,
560, 3.75000618e-01,
561, 1.81638746e-01,
562, 1.60346295e-01,
563, 2.31167297e-01,
564, 2.81915799e-01,
565, 3.06437828e-01,
566, 3.44415407e-01,
567, 3.81098762e-01,
568, 2.58577395e-01,
569, 3.18418688e-01,
570, 2.88241486e-01,
571, 2.62434951e-01,
572, 3.50998949e-01,
573, 3.46537633e-01,
574, 3.17502794e-01,
575, 2.79633102e-01,
576, 2.13183984e-01,
577, 2.14584133e-01,
578, 2.12028940e-01,
579, 2.05098005e-01,
580, 1.97104477e-01,
581, 1.87186625e-01,
582, 1.77470918e-01,
583, 1.67334973e-01,
584, 1.58963256e-01,
585, 1.53686513e-01,
586, 1.52145830e-01,
587, 1.56339104e-01,
588, 1.65507872e-01,
589, 1.80197164e-01,
590, 1.97775263e-01,
591, 2.19306825e-01,
592, 2.43733092e-01,
593, 2.69279025e-01,
594, 2.96895903e-01,
595, 3.23859939e-01,
596, 3.51760489e-01,
597, 2.05829703e-01,
598, 1.67976944e-01,
599, 1.29382134e-01,
600, 9.20166369e-02,
601, 5.94135899e-02,
602, 4.17772752e-02,
603, 5.55250693e-02,
604, 8.47989274e-02,
605, 1.16778249e-01,
606, 1.49537315e-01,
607, 1.80170368e-01,
608, 2.08519286e-01,
609, 2.34680885e-01,
610, 2.58126381e-01,
611, 2.78226835e-01,
612, 2.95952395e-01,
613, 3.10104791e-01,
614, 3.22651543e-01,
615, 3.31551514e-01,
616, 3.40656327e-01,
617, 3.50830648e-01,
618, 4.91386461e-01,
619, 4.93109701e-01,
620, 4.93127462e-01,
621, 4.90134167e-01,
622, 4.76710869e-01,
623, 4.57946707e-01,
624, 4.17345988e-01,
625, 3.70640865e-01,
626, 3.19441921e-01,
627, 2.66329019e-01,
628, 2.16231775e-01,
629, 1.72370445e-01,
630, 1.35741959e-01,
631, 1.02641283e-01,
632, 4.86039260e-01,
633, 4.80841611e-01,
634, 4.72569566e-01,
635, 4.60501445e-01,
636, 4.44117343e-01,
637, 4.21269588e-01,
638, 3.90814440e-01,
639, 3.56192658e-01,
640, 3.20293726e-01,
641, 2.90259971e-01,
642, 2.69757272e-01,
643, 2.51974246e-01,
644, 2.35040133e-01,
645, 2.20802827e-01,
646, 2.12303222e-01,
647, 2.11603142e-01,
648, 2.19476366e-01,
649, 2.35042331e-01,
650, 2.56664766e-01,
651, 2.82421352e-01,
652, 3.10506390e-01,
653, 3.39150258e-01,
654, 3.67663294e-01,
655, 3.94940458e-01,
656, 4.19489167e-01,
657, 4.41863264e-01,
658, 4.61256794e-01,
659, 4.78167152e-01,
660, 4.91940506e-01,
661, 5.01406396e-01,
662, 5.07296542e-01,
663, 1.38206680e-01,
664, 1.64706295e-01,
665, 1.21491059e-01,
666, 1.76786588e-01,
667, 3.52470596e-01,
668, 3.07744476e-01,
669, 1.86614513e-01,
670, 6.60648758e-02,
671, 4.87105802e-02,
672, 6.76125180e-02,
673, 4.92113429e-01,
674, 4.86797233e-01,
675, 4.89975487e-01,
676, 4.40337513e-01,
677, 3.74828059e-01,
678, 3.19450355e-01,
679, 4.19134535e-01,
680, 4.86207440e-01,
681, 3.77335178e-01,
682, 3.80908757e-01,
683, 8.25358542e-02,
684, 1.09086755e-01,
685, 8.57839684e-02,
686, 1.90092436e-01,
687, 1.72246133e-01,
688, 1.60168617e-01,
689, 1.57565551e-01,
690, 3.73251796e-01,
691, 2.37450473e-01,
692, 2.71953267e-01,
693, 2.17059880e-01,
694, 1.43495012e-01,
695, 1.82178393e-01,
696, 9.85015967e-02,
697, 2.74056536e-01,
698, 3.05752879e-01,
699, 2.10841482e-01,
700, 4.32947868e-01,
701, 4.42111800e-01,
702, 3.90693626e-01,
703, 4.32166462e-01,
704, 4.55830077e-01,
705, 2.68950143e-01,
706, 2.13044281e-01,
707, 4.85985278e-01,
708, 5.07797342e-01,
709, 1.89340916e-01,
710, 1.56785832e-01,
711, 1.65461490e-01,
712, 1.29124276e-01,
713, 1.74367797e-01,
714, 1.66130571e-01,
715, 4.51733968e-01,
716, 4.46050244e-01,
717, 4.68706029e-01,
718, 3.90085834e-01,
719, 3.57719812e-01,
720, 3.74834152e-01,
721, 2.73851065e-01,
722, 5.16761696e-01,
723, 5.99794457e-02,
724, 1.61907374e-01,
725, 1.95631085e-01,
726, 2.13423110e-01,
727, 5.00289069e-01,
728, 5.04142452e-01,
729, 5.07846954e-01,
730, 5.13332753e-01,
731, 5.11736844e-01,
732, 5.00418622e-01,
733, 5.16377824e-01,
734, 5.17404198e-01,
735, 1.99184212e-01,
736, 1.09139815e-01,
737, 7.56985353e-02,
738, 1.01181069e-01,
739, 8.47930253e-02,
740, 4.64172067e-01,
741, 4.73566471e-01,
742, 4.61275133e-01,
743, 4.73343490e-01,
744, 4.60536785e-01,
745, 1.38168388e-01,
746, 5.18019121e-02,
747, 8.63116630e-02,
748, 8.78128132e-02,
749, 4.27862614e-01,
750, 4.38483556e-01,
751, 4.48825686e-01,
752, 5.04080297e-01,
753, 4.56695668e-01,
754, 1.42992258e-01,
755, 1.37481230e-01,
756, 1.40872616e-01,
757, 1.78927168e-01,
758, 2.16146925e-01,
759, 5.13163021e-01,
760, 2.28916619e-02,
761, 5.15036937e-02,
762, 1.03429228e-01,
763, 4.77089290e-01,
764, 4.83465432e-01,
765, 4.34822063e-01,
766, 4.09677616e-01,
767, 4.37640839e-01,
768, 2.56946414e-01,
769, 4.81871050e-01,
770, 4.72099071e-01,
771, 4.79381498e-01,
772, 2.40309958e-01,
773, 1.08074129e-01,
774, 1.37937380e-01,
775, 1.14681150e-01,
776, 1.26882871e-01,
777, 4.25328081e-01,
778, 2.97090469e-01,
779, 2.31387563e-01,
780, 1.98589995e-01,
781, 2.20085266e-01,
782, 1.71705023e-01,
783, 1.87880556e-01,
784, 1.33080279e-01,
785, 1.60240884e-01,
786, 2.50314580e-01,
787, 4.11649672e-01,
788, 6.22205171e-02,
789, 1.45289335e-01,
790, 1.84701583e-01,
791, 1.74342153e-01,
792, 2.28294999e-01,
793, 4.89002161e-01,
794, 7.27131249e-02,
795, 1.03215102e-01,
796, 4.21645033e-01,
797, 4.03625896e-01,
798, 3.17696556e-01,
799, 2.71112087e-01,
800, 1.34610493e-01,
801, 1.75692045e-01,
802, 4.91982171e-01,
803, 4.89585270e-01,
804, 4.76837589e-01,
805, 3.49815670e-01,
806, 2.99724892e-01,
807, 3.67154115e-01,
808, 3.74171350e-01,
809, 1.32601927e-01,
810, 1.99010542e-01,
811, 2.14078354e-01,
812, 9.80435482e-02,
813, 1.08274717e-01,
814, 4.67886821e-01,
815, 2.53557365e-01,
816, 4.83110389e-01,
817, 4.88730336e-01,
818, 3.00625690e-01,
819, 4.92577717e-01,
820, 4.07884720e-01,
821, 4.90134182e-01,
822, 1.76315807e-01,
823, 3.76628882e-01,
824, 3.47547825e-01,
825, 1.73219530e-01,
826, 7.12245570e-02,
827, 1.35709339e-01,
828, 3.35227486e-01,
829, 3.27270434e-01,
830, 2.95612644e-01,
831, 9.25731904e-02,
832, 4.57461930e-01,
833, 4.76690220e-01,
834, 3.04490916e-01,
835, 3.43356459e-01,
836, 3.30274701e-01,
837, 4.46517098e-01,
838, 4.39162311e-01,
839, 1.09513084e-01,
840, 4.09771302e-01,
841, 1.49551614e-01,
842, 2.05560234e-01,
843, 1.87404741e-01,
844, 2.30796359e-01,
845, 2.17660739e-01,
846, 2.63227790e-01,
847, 2.57903525e-01,
848, 2.77014601e-02,
849, 5.08463966e-02,
850, 1.80746944e-02,
851, 9.88115502e-03,
852, 2.39445498e-02,
853, 2.45770235e-01,
854, 2.04222313e-01,
855, 2.33915416e-01,
856, 2.14904440e-01,
857, 2.62794292e-01,
858, 2.34636304e-01,
859, 2.25086750e-01,
860, 1.90927087e-01,
861, 2.02776512e-01,
862, 1.74619574e-01,
863, 1.81607529e-01,
864, 2.10037332e-01,
865, 2.06491779e-01,
866, 2.20387455e-01,
867, 2.82075099e-01,
868, 2.84692242e-01,
869, 2.68441841e-01,
870, 2.61723883e-01,
871, 3.08600533e-01,
872, 3.07647402e-01,
873, 2.83245974e-01,
874, 2.60983844e-01,
875, 2.54417160e-01,
876, 2.81004735e-01,
877, 2.56925147e-01,
878, 2.20032466e-01,
879, 2.34196938e-01,
880, 1.83969195e-01,
881, 2.84366016e-01,
882, 2.85934526e-01,
883, 2.32737781e-01,
884, 2.52399084e-01,
885, 2.46438701e-01,
886, 2.38916045e-01,
887, 2.58033985e-01,
888, 3.03190771e-01,
889, 2.27594156e-01,
890, 2.47765982e-01,
891, 2.47435978e-01,
892, 2.07614447e-01,
893, 2.27639378e-01,
894, 2.26169208e-01,
895, 1.85661821e-01,
896, 2.05790943e-01,
897, 2.02520723e-01,
898, 1.83535896e-01,
899, 1.58470770e-01,
900, 1.62399892e-01,
901, 1.81936418e-01,
902, 1.76808807e-01,
903, 1.73599076e-01,
904, 1.52808381e-01,
905, 1.38795556e-01,
906, 1.56691032e-01,
907, 1.49585396e-01,
908, 1.16455469e-01,
909, 1.30953607e-01,
910, 1.21674215e-01,
911, 1.63452020e-01,
912, 1.43856087e-01,
913, 9.84009336e-02,
914, 1.06405689e-01,
915, 9.48985973e-02,
916, 8.94266898e-02,
917, 8.68035846e-02,
918, 7.40681487e-02,
919, 9.35574045e-02,
920, 7.81964825e-02,
921, 6.69046771e-02,
922, 1.43655346e-01,
923, 1.32626070e-01,
924, 1.10033625e-01,
925, 8.54176588e-02,
926, 7.90454147e-02,
927, 1.36786313e-01,
928, 1.06487769e-01,
929, 1.06140439e-01,
930, 1.40205035e-01,
931, 1.25871381e-01,
932, 1.26980252e-01,
933, 2.15194965e-01,
934, 2.23027225e-01,
935, 1.12747207e-01,
936, 1.28843784e-01,
937, 1.94222706e-01,
938, 2.04672504e-01,
939, 1.07658052e-01,
940, 1.38400313e-01,
941, 1.92824950e-01,
942, 1.12870263e-01,
943, 1.79993203e-01,
944, 1.45651803e-01,
945, 1.65428053e-01,
946, 1.51627035e-01,
947, 1.27667610e-01,
948, 1.49444746e-01,
949, 1.43920407e-01,
950, 1.68029983e-01,
951, 1.42619849e-01,
952, 1.46959514e-01,
953, 1.55762555e-01,
954, 1.67197606e-01,
955, 2.88213733e-01,
956, 1.84217401e-01,
957, 2.06310013e-01,
958, 2.36957512e-01,
959, 2.44572150e-01,
960, 2.32812443e-01,
961, 2.34217348e-01,
962, 2.72794972e-01,
963, 2.64189792e-01,
964, 2.33737514e-01,
965, 2.40182655e-01,
966, 2.45672502e-01,
967, 3.17298008e-01,
968, 3.32476594e-01,
969, 2.98705533e-01,
970, 2.79536837e-01,
971, 3.30543906e-01,
972, 3.23896024e-01,
-1,0.,
1,80051,1,
MODE_005_UX_69171.1Hz
0.,-1.,0.,
80051,0,0,0,0,0,0,0,0,0,
0,0,0,0,0,0,0,0,0,0,
0,0,3,7,
0,1,1,
1, 2.02626790e-01,
2,-1.39763707e-01,
3,-4.29049094e-01,
4,-7.68134730e-02,
5,-1.34340230e-01,
6,-1.33886225e-01,
7, 1.85391912e-01,
8, 1.88052572e-01,
9, 2.03028829e-01,
10, 1.92043526e-01,
11, 6.96074520e-03,
12, 1.95995546e-02,
13, 4.57190531e-02,
14, 7.64549483e-02,
15, 2.06991631e-01,
16, 7.54456100e-02,
17, 2.07537739e-01,
18, 2.04577180e-01,
19,-1.35420699e-01,
20, 2.02065853e-01,
21, 2.00901112e-01,
22, 1.98495162e-01,
23, 1.92984529e-01,
24, 1.83537641e-01,
25, 1.77014202e-01,
26, 1.81563046e-01,
27, 1.91377651e-01,
28, 1.99683664e-01,
29, 2.01419544e-01,
30, 1.96003659e-01,
31, 1.85567820e-01,
32, 1.73404823e-01,
33, 1.60419108e-01,
34, 1.46541936e-01,
35, 1.31724205e-01,
36, 1.15703872e-01,
37, 9.84579937e-02,
38, 8.01119976e-02,
39, 6.04742313e-02,
40, 3.99742509e-02,
41, 1.87339298e-02,
42,-3.41765844e-03,
43,-2.60254300e-02,
44,-4.90777866e-02,
45,-7.19463854e-02,
46,-9.48264848e-02,
47,-1.17710315e-01,
48,-4.26909516e-01,
49,-4.16187030e-01,
50,-3.89509985e-01,
51,-3.54143455e-01,
52,-3.02925530e-01,
53,-2.58706418e-01,
54,-2.01948858e-01,
55,-1.39764311e-01,
56,-1.49328584e-02,
57,-5.06537298e-02,
58,-8.95783302e-02,
59,-2.44816555e-01,
60,-3.52977471e-01,
61,-4.02638909e-01,
62,-1.20427222e-01,
63,-1.52493234e-01,
64,-1.34071053e-01,
65, 1.83429340e-01,
66, 1.89625247e-01,
67, 1.92797188e-01,
68, 1.47361677e-02,
69, 2.50615958e-02,
70, 6.31557022e-02,
71, 8.03498090e-02,
72, 2.03048220e-01,
73, 1.97466818e-01,
74, 1.90311042e-01,
75, 2.10386315e-01,
76, 2.06354547e-01,
77, 2.06621292e-01,
78, 2.06788267e-01,
79, 7.73369540e-02,
80, 6.98124848e-02,
81, 5.98574362e-02,
82, 4.36924782e-02,
83, 8.01559108e-03,
84, 1.06915109e-02,
85, 1.52142518e-02,
86, 2.08827333e-02,
87, 2.84557735e-02,
88, 3.69795383e-02,
89, 4.66730818e-02,
90, 5.72031783e-02,
91, 6.84481463e-02,
92, 8.05215409e-02,
93, 9.28430078e-02,
94, 1.05550296e-01,
95, 1.19008348e-01,
96, 1.31846405e-01,
97, 1.43717761e-01,
98, 1.54957856e-01,
99, 1.65262663e-01,
100, 1.75454653e-01,
101, 1.83821358e-01,
102, 1.90258586e-01,
103, 1.93885344e-01,
104, 2.02883813e-01,
105, 1.99679171e-01,
106, 1.95266236e-01,
107, 1.90769130e-01,
108, 1.85270986e-01,
109, 1.79136038e-01,
110, 1.72317568e-01,
111, 1.63441974e-01,
112, 1.54332734e-01,
113, 1.45778728e-01,
114, 1.36617604e-01,
115, 1.27574591e-01,
116, 1.18583060e-01,
117, 1.10073453e-01,
118, 1.01731652e-01,
119, 9.45689981e-02,
120, 8.75586255e-02,
121, 8.22782904e-02,
122, 7.72926292e-02,
123, 7.43160111e-02,
124, 7.41132225e-02,
125, 2.07100889e-01,
126, 2.07986673e-01,
127, 2.06875122e-01,
128, 2.02009625e-01,
129, 1.89895313e-01,
130, 1.68112550e-01,
131, 1.23923964e-01,
132, 6.14629722e-02,
133,-1.82511364e-02,
134,-1.07922166e-01,
135,-1.99996573e-01,
136,-2.88217352e-01,
137,-3.66665743e-01,
138,-4.11939688e-01,
139,-1.26375555e-01,
140,-1.15460147e-01,
141,-1.02962619e-01,
142,-8.59397104e-02,
143,-5.93915294e-02,
144,-2.27017552e-02,
145, 1.71027712e-02,
146, 4.86643327e-02,
147, 6.63055727e-02,
148, 7.97622448e-02,
149, 6.28666139e-02,
150, 3.69401943e-02,
151, 2.53627682e-03,
152,-3.69848657e-02,
153, 2.04340050e-01,
154, 2.03507486e-01,
155, 2.01935109e-01,
156, 1.98274601e-01,
157, 1.91667681e-01,
158, 1.82733041e-01,
159, 1.80391448e-01,
160, 1.87452556e-01,
161, 1.96041912e-01,
162, 2.03228036e-01,
163, 2.04273474e-01,
164, 1.99965328e-01,
165, 1.90916946e-01,
166, 1.80152800e-01,
167, 1.68685289e-01,
168, 1.56520852e-01,
169, 1.43694015e-01,
170, 1.30007048e-01,
171, 1.15293095e-01,
172, 9.96077275e-02,
173, 8.29852053e-02,
174, 6.53765896e-02,
175, 4.69655618e-02,
176, 2.78802512e-02,
177, 8.12665236e-03,
178,-1.19921644e-02,
179,-3.26640602e-02,
180,-5.34878844e-02,
181,-7.41451513e-02,
182,-9.48233054e-02,
183,-1.15505514e-01,
184, 1.88842406e-01,
185, 1.96462037e-01,
186, 1.91916751e-01,
187, 1.92844351e-01,
188, 8.46832964e-02,
189, 9.96940385e-02,
190,-1.97522285e-02,
191,-1.53392905e-01,
192,-1.33447020e-01,
193,-7.61566969e-02,
194, 2.08219612e-01,
195, 2.07009722e-01,
196, 2.06627233e-01,
197, 4.89040287e-02,
198, 8.11377850e-02,
199, 1.66941265e-01,
200, 5.78919218e-02,
201,-8.52852386e-04,
202, 1.85656248e-01,
203, 7.29460188e-02,
204,-3.98670387e-01,
205,-3.88542819e-01,
206,-4.20287303e-01,
207, 5.08220454e-04,
208, 4.87445167e-03,
209,-5.17186832e-02,
210,-8.53974415e-02,
211, 7.15454477e-02,
212, 5.77531263e-02,
213, 1.82880288e-02,
214, 3.37032059e-03,
215, 1.48030637e-01,
216, 1.32216151e-01,
217, 1.55097593e-01,
218, 1.06339323e-01,
219, 1.05314398e-01,
220, 1.31710829e-01,
221, 1.90420177e-01,
222, 1.75093284e-01,
223, 1.65016641e-01,
224, 2.85384421e-03,
225,-1.76078532e-02,
226, 1.31359395e-01,
227, 1.02969448e-01,
228,-1.39605276e-02,
229,-4.73073864e-02,
230, 1.43712625e-01,
231, 1.52347102e-01,
232, 1.43715609e-01,
233, 1.54266204e-01,
234,-6.49384906e-03,
235, 4.11725090e-02,
236, 1.12727731e-02,
237, 2.81110093e-02,
238,-9.09354832e-03,
239, 3.75834151e-02,
240, 5.64120325e-02,
241, 5.21478051e-02,
242, 1.13037210e-01,
243,-1.08157768e-01,
244, 1.85321693e-01,
245, 1.84056105e-01,
246, 1.87993373e-01,
247, 1.97253797e-01,
248,-7.97052441e-02,
249,-7.14346384e-02,
250,-9.46055252e-02,
251,-9.15233988e-02,
252,-7.36816479e-02,
253,-5.40612864e-02,
254,-7.61405155e-02,
255,-9.40405876e-02,
256, 1.99390151e-01,
257,-1.76811699e-01,
258,-2.13497311e-01,
259,-1.32092368e-01,
260,-2.79427546e-01,
261, 2.04398472e-01,
262, 2.05932597e-01,
263, 2.03611506e-01,
264, 2.04352209e-01,
265, 1.99566951e-01,
266,-3.24839438e-01,
267,-2.32910465e-01,
268,-1.25660808e-01,
269,-6.77343882e-02,
270, 1.95912864e-01,
271, 1.94943446e-01,
272, 2.01261372e-01,
273,-4.77769111e-02,
274, 2.00673916e-01,
275,-8.81391917e-02,
276,-1.16961598e-01,
277, 1.43671197e-01,
278, 1.32160465e-01,
279, 1.19325978e-01,
280,-1.12457212e-01,
281, 1.73800305e-01,
282, 1.69319863e-01,
283, 1.55781367e-01,
284, 1.95523089e-01,
285, 2.04194710e-01,
286, 1.94750864e-01,
287, 1.89953013e-01,
288, 1.97655875e-01,
289, 2.08907851e-01,
290, 2.07168812e-01,
291, 2.04777637e-01,
292, 2.05144915e-01,
293, 2.07355876e-01,
294,-1.58441064e-02,
295, 1.10363931e-02,
296,-5.78426824e-02,
297, 1.80941243e-01,
298, 4.87905516e-02,
299, 2.01941833e-01,
300,-1.55758870e-01,
301,-1.87366221e-01,
302,-1.23406190e-01,
303,-1.72800598e-01,
304,-8.58422023e-02,
305,-8.10695019e-02,
306,-1.30734683e-02,
307,-4.24100883e-02,
308, 1.40296222e-01,
309,-2.97319034e-01,
310, 1.74594540e-01,
311, 1.77539036e-01,
312, 1.66454287e-01,
313, 2.03635080e-01,
314,-3.22623662e-02,
315,-3.54266480e-01,
316,-3.29859411e-01,
317, 1.69713892e-02,
318, 2.42600798e-02,
319, 1.82430715e-02,
320,-7.74081713e-02,
321, 1.63565433e-01,
322, 1.55447503e-01,
323,-6.09643165e-02,
324,-4.43078302e-02,
325,-4.12643551e-02,
326, 1.32676786e-01,
327, 8.24270040e-02,
328, 9.11183540e-02,
329, 4.38662551e-02,
330,-1.81009813e-01,
331,-2.20241326e-01,
332, 2.02699788e-01,
333, 1.83249604e-01,
334, 1.73233488e-01,
335,-2.31005514e-02,
336, 1.07452969e-01,
337, 2.06534707e-01,
338, 2.07915373e-01,
339, 8.96019737e-02,
340, 2.08176992e-01,
341, 3.20150008e-02,
342, 2.06662325e-01,
343, 6.44996967e-02,
344, 7.04509538e-02,
345, 7.28816012e-02,
346,-2.50973704e-01,
347, 1.75798015e-01,
348,-2.59990250e-01,
349, 7.17261634e-02,
350, 7.22383357e-02,
351, 8.82358742e-02,
352, 1.65179626e-01,
353,-6.98186765e-03,
354,-2.40922403e-02,
355, 8.25547927e-02,
356, 6.20336310e-02,
357, 1.96069773e-01,
358,-2.75615165e-03,
359, 1.17675169e-02,
360,-2.53409027e-01,
361, 4.06511257e-02,
362, 1.43280596e-01,
363, 1.31729090e-01,
364, 1.32178192e-01,
365, 1.18005348e-01,
366, 1.19257473e-01,
367, 1.02375482e-01,
368, 1.03203157e-01,
369,-2.94130235e-01,
370,-4.24573463e-01,
371,-2.40197063e-01,
372,-1.74240883e-01,
373,-1.91308901e-01,
374, 2.00809527e-01,
375, 2.00183579e-01,
376, 2.03595029e-01,
377, 1.95485583e-01,
378, 1.85454318e-01,
379, 1.77428157e-01,
380, 1.87987979e-01,
381, 8.18668084e-02,
382, 9.43611701e-02,
383, 9.20878750e-02,
384, 2.00261270e-01,
385, 2.02920275e-01,
386, 7.23570451e-02,
387, 8.50755677e-02,
388, 2.03040708e-01,
389, 8.82605668e-02,
390, 9.20929943e-02,
391, 8.30711601e-02,
392, 7.04842187e-02,
393, 7.54980356e-02,
394, 6.62838927e-02,
395, 5.42426815e-02,
396, 4.43260153e-02,
397, 5.92867439e-02,
398, 1.93478122e-01,
399, 6.38780395e-02,
400, 7.73714332e-02,
401, 1.90677356e-01,
402, 7.38807554e-02,
403, 8.18493969e-02,
404, 5.60956627e-02,
405, 7.07873923e-02,
406, 8.66760787e-02,
407, 4.80273225e-02,
408, 6.18152610e-02,
409, 6.50100056e-02,
410, 9.64515074e-02,
411, 9.49934819e-02,
412, 1.01874250e-01,
413, 1.05611615e-01,
414, 1.04136973e-01,
415, 1.10743896e-01,
416, 1.15260032e-01,
417, 1.13411018e-01,
418, 1.19953259e-01,
419, 1.04214712e-01,
420, 1.02800068e-01,
421, 1.25170964e-01,
422, 1.22974976e-01,
423, 1.29406215e-01,
424, 1.95688143e-01,
425, 1.96414047e-01,
426, 1.35175392e-01,
427, 1.32742563e-01,
428, 1.38930137e-01,
429, 1.45205529e-01,
430, 1.42439796e-01,
431, 1.48320131e-01,
432, 1.14464889e-01,
433, 1.13864504e-01,
434, 1.55245546e-01,
435, 1.52237467e-01,
436, 1.57849811e-01,
437, 1.64866561e-01,
438, 1.61919869e-01,
439, 1.67136219e-01,
440, 1.73702170e-01,
441, 1.70894570e-01,
442, 1.75326133e-01,
443, 1.24944732e-01,
444, 1.25075249e-01,
445, 1.81685459e-01,
446, 1.78983845e-01,
447, 1.82595949e-01,
448, 1.88873042e-01,
449, 1.86222247e-01,
450, 1.89208383e-01,
451, 1.93123303e-01,
452, 1.35516397e-01,
453, 1.36414470e-01,
454, 3.95322373e-02,
455, 3.33331178e-02,
456, 1.46123338e-01,
457, 1.47647178e-01,
458, 1.80415497e-01,
459, 4.74315738e-02,
460, 1.56540178e-01,
461, 1.58233032e-01,
462, 5.63370750e-02,
463, 1.66400635e-01,
464, 6.61580766e-02,
465, 1.67325670e-01,
466, 1.47721581e-01,
467, 1.35986416e-01,
468, 1.75463711e-01,
469, 1.83615936e-01,
470, 1.23724951e-01,
471, 1.73350390e-01,
472, 1.11581536e-01,
473, 9.96674704e-02,
474, 8.79752330e-02,
475, 7.67968015e-02,
476, 1.96534566e-01,
477, 1.58856523e-01,
478, 1.68601414e-01,
479, 3.79524019e-02,
480, 3.30908650e-02,
481, 2.86066965e-02,
482, 2.25775708e-02,
483, 5.06436082e-02,
484, 4.08242279e-02,
485, 2.14870467e-02,
486, 2.05430954e-01,
487, 2.04599485e-01,
488, 1.99386010e-01,
489, 6.89736889e-02,
490, 5.93147339e-02,
491, 2.05227361e-01,
492, 2.05768279e-01,
493, 6.88011784e-02,
501,-1.43279330e-01,
502, 3.03378987e-01,
503, 9.49818540e-02,
504,-1.96142857e-01,
505,-1.66979626e-01,
506,-2.03868703e-01,
507,-1.85283569e-01,
508, 1.20851617e-01,
509, 1.09511109e-01,
510, 8.38505598e-02,
511, 6.47909545e-02,
512,-2.95525210e-01,
513, 5.45724305e-02,
514,-3.03410648e-01,
515,-1.44659509e-01,
516,-1.54582857e-01,
517,-1.65873428e-01,
518,-1.77360506e-01,
519,-1.87761639e-01,
520,-1.96024326e-01,
521,-2.05361474e-01,
522,-2.24782152e-01,
523,-2.51546203e-01,
524,-2.77860229e-01,
525,-2.98503209e-01,
526,-3.11293877e-01,
527,-3.17088658e-01,
528,-3.19452373e-01,
529,-3.20059198e-01,
530,-3.19215619e-01,
531,-3.17096700e-01,
532,-3.13398367e-01,
533,-3.07938127e-01,
534,-3.00765164e-01,
535,-2.91349547e-01,
536,-2.80558988e-01,
537,-2.68091600e-01,
538,-2.53498220e-01,
539,-2.37749610e-01,
540,-2.20053193e-01,
541,-2.01753784e-01,
542,-1.82459435e-01,
543,-1.61492753e-01,
544, 2.90456302e-01,
545, 2.73576082e-01,
546, 2.44376626e-01,
547, 2.05609615e-01,
548, 1.51658671e-01,
549, 1.02144769e-01,
550, 4.59277715e-02,
551,-1.44484577e-02,
552,-9.63897721e-02,
553,-1.44185714e-01,
554,-1.45434480e-01,
555, 1.73095045e-01,
556, 2.49580682e-01,
557, 2.84701080e-01,
558,-1.73390268e-01,
559,-1.68810328e-01,
560,-1.78323039e-01,
561, 1.21070854e-01,
562, 1.11144541e-01,
563, 8.66759722e-02,
564, 7.45809542e-02,
565,-2.74673943e-01,
566,-2.51519952e-01,
567,-2.24995116e-01,
568,-3.08907868e-01,
569,-2.39494295e-01,
570,-2.64806137e-01,
571,-2.85465185e-01,
572, 5.71710784e-02,
573, 6.05234807e-02,
574, 7.05898950e-02,
575, 8.51535365e-02,
576, 1.16491913e-01,
577, 1.10481957e-01,
578, 1.02678782e-01,
579, 9.19489325e-02,
580, 7.87404125e-02,
581, 6.28463996e-02,
582, 4.56272883e-02,
583, 2.59157105e-02,
584, 5.76078842e-03,
585,-1.56034020e-02,
586,-3.71642720e-02,
587,-5.85636373e-02,
588,-8.09394456e-02,
589,-1.01530915e-01,
590,-1.20994987e-01,
591,-1.38462175e-01,
592,-1.53853054e-01,
593,-1.68820289e-01,
594,-1.79689820e-01,
595,-1.87958455e-01,
596,-1.90481642e-01,
597,-2.90586193e-01,
598,-2.81056368e-01,
599,-2.70003714e-01,
600,-2.58566983e-01,
601,-2.45058687e-01,
602,-2.29980309e-01,
603,-2.12956387e-01,
604,-1.92963961e-01,
605,-1.71820523e-01,
606,-1.50704777e-01,
607,-1.28814728e-01,
608,-1.06005503e-01,
609,-8.32351007e-02,
610,-6.06249214e-02,
611,-3.89837920e-02,
612,-1.85702576e-02,
613, 6.78362873e-04,
614, 1.80328403e-02,
615, 3.28175792e-02,
616, 4.38303120e-02,
617, 5.13801276e-02,
618,-1.46444469e-01,
619,-1.47070757e-01,
620,-1.46284915e-01,
621,-1.42844896e-01,
622,-1.34280106e-01,
623,-1.18877633e-01,
624,-8.76305582e-02,
625,-4.34621589e-02,
626, 1.29057474e-02,
627, 7.63140153e-02,
628, 1.41420968e-01,
629, 2.03802412e-01,
630, 2.59272076e-01,
631, 2.91283724e-01,
632,-1.54845084e-01,
633,-1.64846400e-01,
634,-1.75036640e-01,
635,-1.84192549e-01,
636,-1.92212614e-01,
637,-1.99849250e-01,
638,-2.13823554e-01,
639,-2.37430474e-01,
640,-2.62033061e-01,
641,-2.84562862e-01,
642,-3.01060501e-01,
643,-3.11545995e-01,
644,-3.16032276e-01,
645,-3.18030408e-01,
646,-3.18746392e-01,
647,-3.18250133e-01,
648,-3.16780702e-01,
649,-3.14150354e-01,
650,-3.10088086e-01,
651,-3.04603942e-01,
652,-2.97635254e-01,
653,-2.89138843e-01,
654,-2.79374898e-01,
655,-2.68194090e-01,
656,-2.55075130e-01,
657,-2.41060388e-01,
658,-2.25580078e-01,
659,-2.09367024e-01,
660,-1.92520088e-01,
661,-1.74267172e-01,
662,-1.55119413e-01,
663,-3.01198186e-01,
664,-2.96438688e-01,
665,-2.86464477e-01,
666,-3.08837959e-01,
667,-1.81132595e-02,
668,-5.15467178e-02,
669, 1.35397729e-01,
670, 9.98129826e-02,
671, 2.61615682e-02,
672, 3.40943972e-02,
673,-1.54118584e-01,
674,-1.62401585e-01,
675,-1.52777801e-01,
676,-3.00935180e-02,
677,-7.62329343e-02,
678,-1.47866160e-01,
679,-1.13923286e-01,
680,-7.86662799e-02,
681,-1.71041908e-01,
682, 2.69025175e-02,
683, 2.76277442e-01,
684, 2.81059533e-01,
685, 2.91480766e-01,
686, 1.10298709e-01,
687, 9.32548306e-02,
688, 1.44854001e-01,
689, 1.52547549e-01,
690, 5.09313668e-02,
691,-5.94886174e-03,
692, 2.14608966e-02,
693, 5.31622936e-02,
694,-2.04094200e-01,
695,-2.57339141e-01,
696,-2.59511619e-01,
697,-2.21378825e-01,
698,-1.52079499e-01,
699,-1.41660719e-01,
700,-1.63318859e-01,
701,-1.38915429e-01,
702,-1.36690271e-01,
703,-2.38824705e-01,
704,-2.22377188e-01,
705,-9.71692161e-02,
706,-5.61307793e-02,
707,-1.46617286e-01,
708,-1.05755721e-01,
709,-3.11418355e-01,
710,-3.07373228e-01,
711,-3.02919934e-01,
712,-2.98210339e-01,
713, 8.19141022e-02,
714, 4.34748945e-02,
715,-1.79569899e-01,
716,-1.52598358e-01,
717,-1.83293554e-01,
718,-2.47807876e-01,
719,-2.58227942e-01,
720,-2.36842841e-01,
721,-9.66105222e-02,
722,-1.32348375e-01,
723,-2.73273392e-01,
724,-3.10726046e-01,
725,-3.14843294e-01,
726,-3.13868558e-01,
727,-1.77754390e-01,
728,-1.67627600e-01,
729,-1.61927142e-01,
730,-1.46758523e-01,
731,-1.44683068e-01,
732,-1.62872685e-01,
733,-1.18014856e-01,
734,-1.27669128e-01,
735,-3.08547143e-01,
736, 2.04892634e-01,
737, 1.77051095e-01,
738, 1.63593855e-01,
739, 2.26882774e-01,
740,-1.77245874e-01,
741,-1.70545062e-01,
742,-1.71121011e-01,
743,-1.64999131e-01,
744,-1.63221648e-01,
745, 2.52940950e-01,
746, 1.21268514e-01,
747, 1.31852548e-01,
748, 8.10203423e-02,
749,-1.79773874e-01,
750,-1.91451012e-01,
751,-1.79166255e-01,
752,-1.41696237e-01,
753,-1.85111933e-01,
754, 1.70222197e-01,
755, 1.80410682e-01,
756,-2.74935053e-01,
757,-2.82060305e-01,
758,-2.74731158e-01,
759,-1.43274135e-01,
760,-2.46844307e-01,
761,-2.75120565e-01,
762,-2.82902152e-01,
763,-1.49423775e-01,
764,-1.57015578e-01,
765,-1.66515684e-01,
766,-1.68173464e-01,
767,-1.70050805e-01,
768,-3.06550960e-01,
769,-1.68016686e-01,
770,-1.76332275e-01,
771,-1.69992527e-01,
772,-3.08786135e-01,
773, 7.27157779e-02,
774, 9.48974089e-02,
775, 1.25064655e-01,
776,-3.03810106e-01,
777, 1.84623558e-02,
778,-2.78513595e-01,
779, 1.32980529e-01,
780, 1.73107230e-01,
781, 1.33560150e-01,
782, 1.85618416e-01,
783, 1.33943929e-01,
784, 1.64356353e-01,
785, 1.33105296e-01,
786, 7.30755847e-02,
787,-1.05394558e-01,
788, 1.93765063e-01,
789,-3.09754117e-01,
790,-3.15732605e-01,
791,-3.14696889e-01,
792,-3.10785823e-01,
793,-1.68405554e-01,
794, 2.42117714e-01,
795, 2.60691635e-01,
796,-2.34405348e-01,
797,-2.53815632e-01,
798, 6.07144716e-03,
799, 7.70879523e-02,
800,-3.06543489e-01,
801,-3.13229205e-01,
802,-1.90244099e-01,
803,-1.84748184e-01,
804,-2.05523902e-01,
805,-9.94092295e-02,
806,-4.15854689e-02,
807,-5.96102319e-02,
808,-2.65182595e-01,
809, 2.06742055e-01,
810, 1.75773419e-01,
811,-3.04358438e-01,
812,-2.93015108e-01,
813,-3.00652649e-01,
814,-2.05350199e-01,
815,-2.59820116e-01,
816,-1.62337594e-01,
817,-1.59737852e-01,
818,-2.46152656e-01,
819,-1.52986623e-01,
820,-2.27397350e-01,
821,-1.53529336e-01,
822, 2.60689896e-03,
823,-1.82490480e-01,
824,-2.25855019e-01,
825, 2.11567044e-01,
826,-2.87680117e-01,
827, 2.34678299e-01,
828,-2.51885820e-01,
829,-2.68125996e-01,
830,-2.66174984e-01,
831,-2.92609925e-01,
832,-2.04600440e-01,
833,-1.88286134e-01,
834,-2.83816630e-01,
835,-2.75419267e-01,
836,-2.57073684e-01,
837,-2.19733322e-01,
838,-2.08463437e-01,
839, 2.34513692e-01,
840,-2.03980780e-01,
841,-2.90863237e-01,
842,-3.07283026e-01,
843,-2.96908338e-01,
844,-3.01752497e-01,
845,-2.89424389e-01,
846,-2.94988243e-01,
847,-2.79748390e-01,
848, 6.37173143e-02,
849, 2.58940793e-01,
850, 7.29442226e-02,
851,-7.79258924e-02,
852,-2.11975904e-02,
853,-2.25923474e-01,
854,-2.42842583e-01,
855,-2.47056280e-01,
856,-2.20437275e-01,
857,-1.87415852e-01,
858,-1.76554004e-01,
859,-1.99218351e-01,
860,-9.25202002e-04,
861,-2.17205856e-02,
862,-2.19108766e-02,
863,-2.61182723e-01,
864,-2.69711530e-01,
865, 1.88903568e-02,
866,-1.09722068e-03,
867,-2.22727511e-01,
868,-9.67444372e-04,
869,-1.17392224e-02,
870, 9.07706926e-03,
871, 4.77492957e-02,
872, 3.42306862e-02,
873, 5.01682092e-02,
874, 6.61238523e-02,
875, 8.00532103e-02,
876, 6.42783366e-02,
877,-2.04143571e-01,
878, 3.67227319e-02,
879, 1.61719448e-02,
880,-2.15568349e-01,
881, 3.39359362e-02,
882, 1.58019246e-02,
883, 5.33945725e-02,
884, 3.29651995e-02,
885,-9.62333699e-04,
886, 6.83422161e-02,
887, 5.14519593e-02,
888, 6.07172692e-02,
889,-2.41342053e-02,
890,-1.90817773e-02,
891,-3.68964718e-02,
892,-4.56001442e-02,
893,-4.15249269e-02,
894,-5.89044732e-02,
895,-6.77821773e-02,
896,-6.36485523e-02,
897,-8.14271750e-02,
898,-4.33121896e-02,
899,-4.36236027e-02,
900,-9.02240976e-02,
901,-8.61686856e-02,
902,-1.04046473e-01,
903,-2.36949615e-01,
904,-2.51944601e-01,
905,-1.12513525e-01,
906,-1.08714220e-01,
907,-1.26457662e-01,
908,-1.34335676e-01,
909,-1.30785286e-01,
910,-1.48070899e-01,
911,-6.54494480e-02,
912,-6.56861043e-02,
913,-1.55608376e-01,
914,-1.52344097e-01,
915,-1.69372901e-01,
916,-1.75826532e-01,
917,-1.73279841e-01,
918,-1.89810304e-01,
919,-1.94329668e-01,
920,-1.92762939e-01,
921,-2.08194666e-01,
922,-8.77448395e-02,
923,-8.77225894e-02,
924,-2.10806285e-01,
925,-2.10226318e-01,
926,-2.24527265e-01,
927,-2.24882189e-01,
928,-2.25602528e-01,
929,-2.38791153e-01,
930,-2.38753126e-01,
931,-1.09827724e-01,
932,-1.09521720e-01,
933, 7.16693485e-02,
934, 8.33825410e-02,
935,-1.31476230e-01,
936,-1.30646664e-01,
937,-1.88484873e-01,
938, 5.63214127e-02,
939,-1.52325217e-01,
940,-1.50250706e-01,
941, 3.91433188e-02,
942,-1.71799175e-01,
943, 1.99857804e-02,
944,-1.67848266e-01,
945,-1.28479333e-01,
946,-1.08303543e-01,
947,-1.89489381e-01,
948,-2.05029879e-01,
949,-8.69586239e-02,
950,-1.77309705e-01,
951,-6.50619949e-02,
952,-4.33166573e-02,
953,-2.15511110e-02,
954,-3.54013450e-04,
955,-2.05136815e-01,
956,-1.47023984e-01,
957,-1.63023944e-01,
958, 8.28123071e-02,
959, 9.25971481e-02,
960, 9.38245193e-02,
961, 1.02748538e-01,
962, 7.68865462e-02,
963, 8.80518745e-02,
964, 1.05410213e-01,
965,-2.79511117e-01,
966,-2.59443800e-01,
967,-2.05145416e-01,
968, 6.11693255e-02,
969, 7.06178219e-02,
970,-2.40740226e-01,
971,-2.13621957e-01,
972, 5.82616740e-02,
-1,0.,
1,80052,1,
MODE_005_UY_69171.1Hz
0.,-1.,0.,
80052,0,0,0,0,0,0,0,0,0,
0,0,0,0,0,0,0,0,0,0,
0,0,3,7,
0,1,1,
1, 7.82230388e-07,
2, 3.37419437e-01,
3, 6.41669721e-06,
4, 1.85444128e-01,
5, 1.56040511e-05,
6, 3.23229940e-01,
7, 9.19959763e-02,
8, 4.80922796e-02,
9, 8.52850547e-02,
10, 6.99870107e-02,
11,-1.77870741e-01,
12,-1.74471650e-01,
13,-1.64301652e-01,
14,-1.68083195e-01,
15, 2.10944129e-01,
16,-1.52622681e-01,
17, 2.21549715e-01,
18, 2.25954162e-06,
19, 3.26934489e-01,
20, 1.65473195e-02,
21, 3.36793395e-02,
22, 5.23304721e-02,
23, 7.25505264e-02,
24, 9.36826199e-02,
25, 1.13410781e-01,
26, 1.36326922e-01,
27, 1.64362401e-01,
28, 1.93270041e-01,
29, 2.20727742e-01,
30, 2.44232363e-01,
31, 2.62863261e-01,
32, 2.78369056e-01,
33, 2.92212951e-01,
34, 3.04897121e-01,
35, 3.16718249e-01,
36, 3.27508350e-01,
37, 3.37032281e-01,
38, 3.45234176e-01,
39, 3.51556249e-01,
40, 3.56796075e-01,
41, 3.60404847e-01,
42, 3.61918280e-01,
43, 3.62254153e-01,
44, 3.60279996e-01,
45, 3.57269323e-01,
46, 3.52863092e-01,
47, 3.46095555e-01,
48, 1.61422745e-02,
49, 2.92920239e-02,
50, 4.39092462e-02,
51, 6.33675496e-02,
52, 8.84477800e-02,
53, 1.14251901e-01,
54, 1.36997181e-01,
55, 1.60197516e-01,
56, 1.51248581e-01,
57, 2.54563122e-01,
58, 2.95253745e-01,
59, 2.31943822e-05,
60, 1.70852846e-05,
61, 1.07809694e-05,
62, 2.90737033e-01,
63, 3.68151235e-01,
64, 3.23676154e-01,
65, 6.17815295e-02,
66, 4.91086082e-02,
67, 5.93896720e-02,
68,-1.85956212e-01,
69,-1.82243712e-01,
70,-1.85734038e-01,
71,-1.85823206e-01,
72, 1.85399395e-01,
73, 1.58236110e-01,
74, 1.27880102e-01,
75, 2.26475382e-01,
76, 1.32341533e-01,
77, 1.67871139e-01,
78, 1.96920469e-01,
79,-1.58189068e-01,
80,-1.55405612e-01,
81,-1.59686623e-01,
82,-1.64117764e-01,
83,-1.72760034e-01,
84,-1.66936593e-01,
85,-1.60423978e-01,
86,-1.50918161e-01,
87,-1.39811533e-01,
88,-1.25857769e-01,
89,-1.11199812e-01,
90,-9.38535276e-02,
91,-7.65951315e-02,
92,-5.84549982e-02,
93,-4.02847903e-02,
94,-2.27288062e-02,
95,-4.54268593e-03,
96, 1.17399918e-02,
97, 2.73949903e-02,
98, 4.08572301e-02,
99, 5.23184127e-02,
100, 6.32932893e-02,
101, 7.02984226e-02,
102, 7.55548098e-02,
103, 7.54963780e-02,
104, 2.08067123e-01,
105, 1.97794556e-01,
106, 1.86576678e-01,
107, 1.74899803e-01,
108, 1.61294333e-01,
109, 1.46105233e-01,
110, 1.28848244e-01,
111, 1.09450277e-01,
112, 8.86581800e-02,
113, 6.73500112e-02,
114, 4.55539313e-02,
115, 2.23398292e-02,
116,-8.70851438e-04,
117,-2.43368667e-02,
118,-4.66002443e-02,
119,-6.83066879e-02,
120,-8.85179755e-02,
121,-1.07780578e-01,
122,-1.23703695e-01,
123,-1.36301433e-01,
124,-1.46775696e-01,
125, 2.86546856e-06,
126, 2.78616327e-06,
127, 2.98940300e-06,
128, 3.56440624e-06,
129, 5.43323009e-06,
130, 5.81002636e-06,
131, 4.35962620e-06,
132, 1.80226241e-06,
133,-3.46687897e-07,
134,-2.14988460e-06,
135,-2.87808466e-06,
136,-2.78412469e-06,
137,-3.44001750e-07,
138, 2.29513943e-06,
139, 3.05097579e-01,
140, 2.78745452e-01,
141, 2.48573752e-01,
142, 2.07476814e-01,
143, 1.43383836e-01,
144, 5.48068852e-02,
145,-4.12897423e-02,
146,-1.17486092e-01,
147,-1.60075813e-01,
148,-1.92563093e-01,
149,-1.51773432e-01,
150,-8.91815181e-02,
151,-6.12311391e-03,
152, 8.92893644e-02,
153, 1.46439670e-02,
154, 2.96205277e-02,
155, 4.56040809e-02,
156, 6.22130002e-02,
157, 8.01620040e-02,
158, 9.98964788e-02,
159, 1.22000722e-01,
160, 1.48324841e-01,
161, 1.74528797e-01,
162, 1.99204623e-01,
163, 2.21490370e-01,
164, 2.40627243e-01,
165, 2.56020184e-01,
166, 2.69610116e-01,
167, 2.82090181e-01,
168, 2.93552802e-01,
169, 3.04301550e-01,
170, 3.14268644e-01,
171, 3.23237681e-01,
172, 3.31167298e-01,
173, 3.37934607e-01,
174, 3.43527484e-01,
175, 3.48130208e-01,
176, 3.51403468e-01,
177, 3.52604056e-01,
178, 3.52903035e-01,
179, 3.51682466e-01,
180, 3.49577570e-01,
181, 3.46409671e-01,
182, 3.41274304e-01,
183, 3.34877491e-01,
184, 2.37116153e-01,
185, 2.22765576e-01,
186, 2.13205198e-01,
187, 2.43918478e-01,
188,-5.90672792e-02,
189,-2.67959711e-02,
190,-1.71729077e-01,
191, 1.22360313e-02,
192, 9.64489759e-02,
193, 2.79399380e-02,
194, 9.73698055e-03,
195, 2.26608020e-02,
196, 9.43320498e-03,
197,-6.34536748e-03,
198, 2.66718646e-02,
199, 4.21730640e-02,
200, 1.03219934e-01,
201, 1.12103772e-01,
202, 5.62335390e-02,
203,-1.10991924e-01,
204, 7.95508208e-03,
205,-8.93538469e-03,
206, 8.07125067e-03,
207,-1.56494151e-01,
208,-1.36756698e-01,
209,-1.53135809e-01,
210,-1.30337372e-01,
211,-1.43573277e-01,
212,-4.93401653e-02,
213,-4.86383198e-02,
214,-7.85531571e-02,
215, 1.40602149e-01,
216, 2.31716352e-01,
217, 2.11907259e-01,
218, 2.06737613e-01,
219, 1.09758492e-01,
220, 6.86276804e-02,
221, 4.05475692e-02,
222, 2.13627997e-02,
223, 2.82925937e-02,
224, 3.34895292e-01,
225, 3.32096688e-01,
226, 6.05862840e-03,
227,-2.35885384e-02,
228, 2.21308682e-01,
229, 1.96868561e-01,
230, 2.96699436e-01,
231, 2.82344286e-01,
232, 2.84677870e-01,
233, 2.67466902e-01,
234,-1.09350185e-01,
235,-1.02655294e-01,
236, 2.42677413e-01,
237, 1.87695658e-01,
238, 2.68309778e-01,
239, 3.12869845e-01,
240, 3.08777425e-01,
241, 2.82798552e-01,
242, 2.35907006e-02,
243, 2.95326634e-01,
244, 2.01145243e-01,
245, 2.55376883e-01,
246, 2.57262284e-01,
247, 2.46623375e-01,
248, 3.31087913e-01,
249, 3.08495863e-01,
250, 3.23605085e-01,
251, 2.99071293e-01,
252, 2.78294405e-01,
253, 2.84398046e-01,
254, 2.43038725e-01,
255, 2.74592000e-01,
256, 2.36961403e-01,
257,-1.12950243e-01,
258,-3.68907493e-02,
259,-9.92642808e-02,
260,-4.14331503e-02,
261, 4.62650462e-02,
262, 3.52545424e-02,
263, 3.83901489e-02,
264, 2.89918000e-02,
265, 3.12633169e-02,
266,-3.28730841e-02,
267, 6.14108877e-02,
268,-6.08068528e-02,
269,-4.68456787e-02,
270, 5.83257870e-02,
271, 7.58091708e-02,
272, 5.21179747e-02,
273, 2.48165651e-01,
274, 6.11138913e-02,
275,-1.52591348e-01,
276,-1.38177636e-01,
277, 2.45145683e-01,
278, 2.66733044e-01,
279, 2.69202552e-01,
280, 3.15077437e-01,
281, 1.75290262e-01,
282, 2.19759372e-01,
283, 2.44302693e-01,
284, 1.57940395e-02,
285, 1.78588503e-02,
286, 4.07378743e-02,
287, 4.78801812e-02,
288, 4.28322795e-02,
289, 2.24620674e-01,
290, 3.04426634e-02,
291, 4.45938579e-02,
292, 3.52608224e-02,
293, 2.29333664e-01,
294,-8.69915329e-02,
295,-1.45241596e-01,
296,-1.19025448e-01,
297, 2.48711130e-01,
298,-7.49002656e-02,
299, 1.91935871e-01,
300,-3.23039978e-02,
301,-5.74443707e-02,
302,-6.54763855e-02,
303,-8.97034829e-02,
304,-1.03583118e-01,
305,-1.51365482e-01,
306,-1.75165847e-01,
307,-6.09343946e-02,
308, 8.75419134e-03,
309, 2.32938530e-02,
310, 2.63463934e-01,
311, 2.68974296e-01,
312, 2.78594322e-01,
313, 2.35882445e-01,
314, 2.70423785e-01,
315, 1.18603258e-02,
316,-3.88142346e-02,
317, 3.14527832e-01,
318, 3.34689430e-01,
319,-2.68293944e-02,
320,-3.16106563e-02,
321, 2.69952527e-01,
322, 2.87525487e-01,
323, 3.30010101e-01,
324, 3.05581217e-01,
325, 3.31919044e-01,
326, 7.90909453e-03,
327,-2.36162699e-02,
328,-6.81675554e-03,
329, 3.31158567e-01,
330,-1.11367605e-01,
331,-2.83398274e-02,
332, 2.27728043e-01,
333, 2.31136336e-01,
334, 2.51953566e-01,
335, 3.13509587e-01,
336, 2.59988162e-01,
337, 2.30453202e-02,
338, 1.79880634e-02,
339, 2.58510451e-01,
340, 8.17876593e-03,
341, 2.89573415e-01,
342, 1.04609441e-02,
343,-6.81864085e-02,
344, 1.87629558e-01,
345, 2.46525630e-01,
346,-4.82272780e-02,
347, 2.31043108e-01,
348,-7.18949828e-02,
349, 2.84494180e-01,
350, 3.06949084e-01,
351, 2.88192398e-01,
352, 2.48633298e-01,
353, 2.96330585e-01,
354, 2.90369044e-01,
355, 3.18822535e-01,
356, 3.27468031e-01,
357, 1.67487317e-01,
358, 3.13505995e-01,
359, 2.83044303e-01,
360,-7.82434170e-02,
361, 2.47821260e-01,
362, 2.68062139e-01,
363, 3.02834732e-01,
364, 2.87713606e-01,
365, 3.08737126e-01,
366, 2.90050423e-01,
367, 3.14800892e-01,
368, 2.92420810e-01,
369, 2.04020345e-01,
370, 5.83758823e-02,
371, 1.37038354e-01,
372, 2.84444737e-01,
373, 2.21286821e-01,
374, 1.18694513e-01,
375, 1.43247696e-01,
376, 1.45795313e-01,
377, 1.16259801e-01,
378, 7.95917219e-02,
379, 7.22569097e-02,
380, 9.37493147e-02,
381,-8.05583751e-02,
382,-6.36436232e-02,
383,-6.11012161e-02,
384, 1.69106880e-01,
385, 1.78509430e-01,
386,-9.90720438e-02,
387,-8.35238634e-02,
388, 1.11943558e-01,
389,-8.68923938e-02,
390,-7.54912267e-02,
391,-9.59080746e-02,
392,-1.38011920e-01,
393,-1.23907536e-01,
394,-1.37232455e-01,
395,-1.47755930e-01,
396,-1.57538351e-01,
397,-1.50190039e-01,
398, 9.52244843e-02,
399,-1.15811825e-01,
400,-1.00242017e-01,
401, 1.14182327e-01,
402,-1.21873417e-01,
403,-1.04196693e-01,
404,-1.31606991e-01,
405,-1.17407225e-01,
406,-8.53151333e-02,
407,-1.44677811e-01,
408,-1.34579320e-01,
409,-1.50877191e-01,
410,-6.23205869e-02,
411,-6.80077736e-02,
412,-4.96947593e-02,
413,-4.11232721e-02,
414,-4.54118580e-02,
415,-2.74403910e-02,
416,-1.94015575e-02,
417,-2.33983717e-02,
418,-4.79784390e-03,
419,-4.29620262e-02,
420,-4.11069779e-02,
421, 2.42517839e-03,
422,-1.11405208e-03,
423, 1.77377188e-02,
424, 1.39409217e-01,
425, 1.59889424e-01,
426, 2.39427601e-02,
427, 2.10025622e-02,
428, 3.99080036e-02,
429, 4.47738053e-02,
430, 4.25185294e-02,
431, 6.10837433e-02,
432,-2.19053924e-02,
433,-2.09703245e-02,
434, 6.48179293e-02,
435, 6.32096210e-02,
436, 8.16796425e-02,
437, 8.37897054e-02,
438, 8.31348331e-02,
439, 1.01296088e-01,
440, 1.01121482e-01,
441, 1.01713393e-01,
442, 1.19105587e-01,
443,-8.54790033e-04,
444,-1.01677287e-03,
445, 1.16439648e-01,
446, 1.18321064e-01,
447, 1.34933554e-01,
448, 1.29158399e-01,
449, 1.32827908e-01,
450, 1.48493305e-01,
451, 1.44524606e-01,
452, 1.98034603e-02,
453, 1.84726319e-02,
454,-1.40888002e-01,
455,-1.51253838e-01,
456, 3.98121295e-02,
457, 3.71151063e-02,
458, 8.61423675e-02,
459,-1.27082079e-01,
460, 5.88802092e-02,
461, 5.42535544e-02,
462,-1.11694087e-01,
463, 7.65600876e-02,
464,-9.44222383e-02,
465, 7.00476245e-02,
466, 3.39756341e-02,
467, 1.71779230e-02,
468, 9.25147418e-02,
469, 1.06340100e-01,
470,-7.46885882e-04,
471, 7.74033992e-02,
472,-1.95699806e-02,
473,-3.84084662e-02,
474,-5.74973595e-02,
475,-7.62961509e-02,
476, 9.35727001e-02,
477, 4.90667891e-02,
478, 6.19492586e-02,
479,-1.55066690e-01,
480,-1.64043008e-01,
481,-1.61294604e-01,
482,-1.67885947e-01,
483,-1.59377605e-01,
484,-1.65348383e-01,
485,-1.70559599e-01,
486, 1.89857458e-01,
487, 1.62309455e-01,
488, 9.07334191e-02,
489,-1.55480179e-01,
490,-1.59183415e-01,
491, 1.35230732e-01,
492, 9.63387905e-02,
493,-1.51195628e-01,
501,-1.43278224e-01,
502, 3.03388061e-01,
503, 9.50039215e-02,
504,-6.60408996e-02,
505,-9.89668719e-02,
506,-8.32574216e-02,
507,-8.63069898e-02,
508,-1.30695598e-01,
509,-1.37229064e-01,
510,-1.48507065e-01,
511,-1.72914579e-01,
512, 2.79483777e-03,
513,-1.61268635e-01,
514, 9.90796296e-03,
515,-1.44656314e-01,
516,-1.31181413e-01,
517,-1.18243649e-01,
518,-1.03354043e-01,
519,-8.51597002e-02,
520,-6.35370945e-02,
521,-4.49744102e-02,
522,-3.19867697e-02,
523,-1.91026661e-02,
524,-4.53511628e-03,
525, 1.36529580e-02,
526, 3.41028433e-02,
527, 5.46561302e-02,
528, 7.42209214e-02,
529, 9.31923199e-02,
530, 1.11974025e-01,
531, 1.30810543e-01,
532, 1.49768383e-01,
533, 1.68697497e-01,
534, 1.87469690e-01,
535, 2.05826068e-01,
536, 2.24026861e-01,
537, 2.41597822e-01,
538, 2.58331519e-01,
539, 2.74555126e-01,
540, 2.89459664e-01,
541, 3.03501338e-01,
542, 3.16564336e-01,
543, 3.27960276e-01,
544, 3.13284926e-01,
545, 3.15001260e-01,
546, 3.06473677e-01,
547, 2.95224863e-01,
548, 2.76742721e-01,
549, 2.63721357e-01,
550, 2.39671042e-01,
551, 2.12105042e-01,
552, 1.17508023e-01,
553, 2.15820905e-01,
554, 2.72117370e-01,
555, 1.73127847e-01,
556, 2.49604845e-01,
557, 2.84716326e-01,
558,-8.60179914e-02,
559,-9.93602682e-02,
560,-9.43333592e-02,
561,-1.41910943e-01,
562,-1.46586989e-01,
563,-1.75991623e-01,
564,-1.88212744e-01,
565,-1.24796037e-02,
566,-2.77402994e-02,
567,-4.41453411e-02,
568, 1.13766885e-02,
569,-5.23351035e-02,
570,-2.74004961e-02,
571,-6.97758687e-03,
572,-1.66542048e-01,
573,-1.59253244e-01,
574,-1.55241093e-01,
575,-1.46944032e-01,
576,-1.27827671e-01,
577,-1.25602036e-01,
578,-1.24194983e-01,
579,-1.21481577e-01,
580,-1.18982953e-01,
581,-1.15143364e-01,
582,-1.11632994e-01,
583,-1.06813221e-01,
584,-1.02561085e-01,
585,-9.82712532e-02,
586,-9.41355689e-02,
587,-9.07070233e-02,
588,-8.73637736e-02,
589,-8.49280593e-02,
590,-8.22526199e-02,
591,-8.06813263e-02,
592,-7.98636452e-02,
593,-7.93100608e-02,
594,-8.02728372e-02,
595,-8.11078179e-02,
596,-8.37136406e-02,
597, 3.66515358e-03,
598,-1.33262442e-03,
599,-6.14444544e-03,
600,-1.12213086e-02,
601,-1.69540542e-02,
602,-2.33563064e-02,
603,-3.07374537e-02,
604,-3.81778954e-02,
605,-4.64389225e-02,
606,-5.54574774e-02,
607,-6.43917405e-02,
608,-7.44122134e-02,
609,-8.44666707e-02,
610,-9.50424484e-02,
611,-1.04886490e-01,
612,-1.15170502e-01,
613,-1.24504959e-01,
614,-1.34391915e-01,
615,-1.42125864e-01,
616,-1.48929023e-01,
617,-1.56192052e-01,
618,-1.46440417e-01,
619,-1.47066817e-01,
620,-1.46280688e-01,
621,-1.42839855e-01,
622,-1.34272422e-01,
623,-1.18869416e-01,
624,-8.76243927e-02,
625,-4.34596101e-02,
626, 1.29052571e-02,
627, 7.63109749e-02,
628, 1.41416898e-01,
629, 2.03798475e-01,
630, 2.59271590e-01,
631, 2.91286970e-01,
632,-1.34135387e-01,
633,-1.22956648e-01,
634,-1.10542730e-01,
635,-9.62100803e-02,
636,-7.88464206e-02,
637,-5.85742948e-02,
638,-4.12884785e-02,
639,-2.76674727e-02,
640,-1.52120694e-02,
641,-2.84498250e-03,
642, 1.21741837e-02,
643, 2.87523158e-02,
644, 4.60349416e-02,
645, 6.32558744e-02,
646, 8.01893684e-02,
647, 9.68962213e-02,
648, 1.13566678e-01,
649, 1.30292624e-01,
650, 1.47039027e-01,
651, 1.63737343e-01,
652, 1.80276451e-01,
653, 1.96682384e-01,
654, 2.12955564e-01,
655, 2.28765460e-01,
656, 2.43582308e-01,
657, 2.58019870e-01,
658, 2.71774035e-01,
659, 2.85010316e-01,
660, 2.97377166e-01,
661, 3.08367577e-01,
662, 3.18468876e-01,
663, 3.41346937e-02,
664, 1.85994111e-02,
665, 1.50532049e-02,
666, 3.61148613e-02,
667,-1.01647007e-01,
668,-8.94419436e-02,
669,-1.07463860e-01,
670, 1.17117344e-01,
671, 1.62561018e-01,
672, 7.36074364e-02,
673,-1.40348414e-01,
674,-1.30354371e-01,
675,-1.39437234e-01,
676,-3.90672227e-02,
677,-3.85132216e-02,
678,-8.82244407e-02,
679, 3.20517450e-02,
680, 7.98723953e-02,
681,-9.15156748e-02,
682,-1.30063767e-01,
683, 2.87527627e-01,
684, 2.68422991e-01,
685, 3.02895238e-01,
686,-1.11017442e-01,
687,-1.00148346e-01,
688,-7.17127373e-02,
689,-3.17773294e-02,
690,-1.52111909e-01,
691,-7.57263927e-02,
692,-4.73240749e-02,
693,-5.79286466e-02,
694,-5.25273422e-03,
695, 7.03572670e-02,
696, 4.01705000e-02,
697, 7.09923118e-02,
698, 3.14244892e-03,
699,-4.46065224e-02,
700,-1.05975937e-01,
701,-1.08703868e-01,
702,-9.66785010e-02,
703, 2.34788760e-01,
704, 2.47278453e-01,
705,-8.86010216e-02,
706,-8.94900103e-02,
707, 1.66360453e-01,
708, 1.72658469e-01,
709, 1.08178012e-01,
710, 9.19218905e-02,
711, 9.96753702e-02,
712, 8.00449812e-02,
713,-7.27304128e-02,
714,-1.01701615e-01,
715, 1.63627790e-01,
716, 1.12843387e-01,
717, 1.96153773e-01,
718, 1.94656901e-01,
719, 1.78449280e-01,
720, 1.63094707e-01,
721,-6.32482335e-02,
722, 2.85306557e-01,
723, 1.11889396e-02,
724, 5.04314055e-02,
725, 4.89805170e-02,
726, 3.49095633e-02,
727, 2.90474627e-01,
728, 2.68651434e-01,
729, 2.95719559e-01,
730, 2.76192155e-01,
731, 2.48884654e-01,
732, 2.39326889e-01,
733, 2.25693806e-01,
734, 2.60662603e-01,
735, 2.65668869e-02,
736, 4.51568686e-02,
737, 1.24879697e-01,
738, 2.32129629e-02,
739, 1.68287451e-01,
740,-1.11817218e-01,
741,-1.20687610e-01,
742,-1.16829142e-01,
743,-1.23998535e-01,
744,-1.19008641e-01,
745, 2.06451389e-01,
746, 2.08116624e-01,
747, 4.58586718e-02,
748, 1.47705482e-02,
749,-9.72887552e-02,
750,-8.42406541e-02,
751,-1.05460308e-01,
752, 2.09262992e-01,
753,-9.86838395e-02,
754,-4.55745567e-02,
755,-1.50020043e-02,
756, 7.17532971e-02,
757, 9.51571831e-02,
758, 1.05978741e-01,
759, 3.02312650e-01,
760, 1.05355883e-03,
761, 3.56661190e-02,
762, 6.25940303e-02,
763,-1.27087630e-01,
764,-1.31759350e-01,
765,-1.08903629e-01,
766,-1.00460663e-01,
767,-1.09476814e-01,
768, 1.11106431e-02,
769,-1.24964258e-01,
770,-1.13267037e-01,
771,-1.20126194e-01,
772, 1.55406426e-02,
773,-5.03088277e-02,
774,-1.10505226e-01,
775,-4.32627488e-02,
776, 4.79205472e-02,
777,-8.74626157e-02,
778,-7.07528345e-03,
779, 8.72957771e-02,
780, 9.18686215e-02,
781, 4.09625579e-02,
782, 5.87585335e-02,
783,-1.25447220e-02,
784,-4.97067641e-02,
785,-1.14616620e-01,
786,-1.30986626e-02,
787,-9.30142622e-02,
788, 2.26707546e-01,
789, 6.28401513e-02,
790, 6.46544925e-02,
791, 7.92949794e-02,
792, 2.28023303e-02,
793, 2.14031430e-01,
794, 2.58890747e-01,
795, 2.05800018e-01,
796, 2.10404179e-01,
797, 2.19506698e-01,
798,-3.18710462e-02,
799, 3.23837334e-02,
800, 7.52270355e-02,
801, 9.33932380e-02,
802, 2.76460662e-01,
803, 2.47408918e-01,
804, 2.63880512e-01,
805,-8.82240807e-02,
806,-7.49839181e-02,
807,-6.92505801e-02,
808, 2.03146342e-01,
809, 4.92444769e-02,
810, 1.35694851e-01,
811, 1.76976493e-02,
812, 3.38610323e-02,
813, 5.56635011e-02,
814, 2.38019312e-01,
815, 1.07858669e-01,
816,-1.29746590e-01,
817,-1.34298889e-01,
818, 1.19436330e-01,
819,-1.41420102e-01,
820, 1.82121302e-01,
821,-1.38735327e-01,
822,-9.38232447e-02,
823, 8.28577857e-02,
824, 1.22784870e-01,
825, 1.43363373e-01,
826, 3.90641798e-02,
827, 1.33003439e-01,
828, 1.50449707e-01,
829, 1.65965561e-01,
830, 1.41390614e-01,
831, 5.90106574e-02,
832, 2.14474292e-01,
833, 2.22357707e-01,
834, 1.67066523e-01,
835, 1.87690465e-01,
836,-2.02108483e-02,
837, 2.23631109e-01,
838, 1.91821655e-01,
839, 1.23860791e-01,
840, 1.46491407e-01,
841, 8.82338748e-02,
842, 1.20989960e-01,
843, 1.09980146e-01,
844, 1.34867734e-01,
845, 1.20768853e-01,
846, 1.50207448e-01,
847, 1.33797085e-01,
848, 3.52245653e-01,
849, 3.41496757e-01,
850, 2.66745721e-01,
851, 3.24339712e-01,
852, 2.91749233e-01,
853,-5.80640831e-02,
854,-4.02597491e-02,
855,-4.08705711e-02,
856,-5.60210876e-02,
857,-7.48561597e-02,
858,-7.43673020e-02,
859,-6.66367987e-02,
860,-1.14851949e-01,
861,-1.11726261e-01,
862,-1.08321045e-01,
863,-2.20294805e-02,
864,-1.72610741e-02,
865,-1.21218671e-01,
866,-1.19217801e-01,
867,-6.44154125e-02,
868,-1.23851846e-01,
869,-1.18499939e-01,
870,-1.26557431e-01,
871,-1.47429034e-01,
872,-1.41001032e-01,
873,-1.43907789e-01,
874,-1.42834588e-01,
875,-1.42739662e-01,
876,-1.48122454e-01,
877,-6.94758135e-02,
878,-1.27059922e-01,
879,-1.25591675e-01,
880,-5.40901536e-02,
881,-1.38419103e-01,
882,-1.31554452e-01,
883,-1.32725819e-01,
884,-1.33073690e-01,
885,-1.21616152e-01,
886,-1.36263107e-01,
887,-1.38871940e-01,
888,-1.52655301e-01,
889,-1.12268825e-01,
890,-1.15259293e-01,
891,-1.07175474e-01,
892,-1.03757233e-01,
893,-1.05746992e-01,
894,-9.77110464e-02,
895,-9.52201231e-02,
896,-9.67388469e-02,
897,-8.82123509e-02,
898,-1.04069670e-01,
899,-1.01757648e-01,
900,-8.67943774e-02,
901,-8.77441931e-02,
902,-7.89615506e-02,
903,-3.97952104e-02,
904,-2.58268090e-02,
905,-7.86533485e-02,
906,-7.90121120e-02,
907,-7.00192224e-02,
908,-7.10159531e-02,
909,-7.06550055e-02,
910,-6.16854413e-02,
911,-9.64283511e-02,
912,-9.53426216e-02,
913,-6.39419809e-02,
914,-6.29521937e-02,
915,-5.38604427e-02,
916,-5.73299941e-02,
917,-5.57094330e-02,
918,-4.65560032e-02,
919,-5.13222967e-02,
920,-4.89184796e-02,
921,-3.97539289e-02,
922,-8.89536952e-02,
923,-8.91605234e-02,
924,-4.61357557e-02,
925,-4.28950637e-02,
926,-3.37024030e-02,
927,-4.22246287e-02,
928,-3.77554993e-02,
929,-2.87899077e-02,
930,-3.43644680e-02,
931,-8.18214021e-02,
932,-8.33974732e-02,
933,-1.27576375e-01,
934,-1.30522688e-01,
935,-7.51733764e-02,
936,-7.81579776e-02,
937,-6.66611690e-02,
938,-1.23399788e-01,
939,-6.90560264e-02,
940,-7.35245939e-02,
941,-1.18815974e-01,
942,-6.35268603e-02,
943,-1.13547430e-01,
944,-6.87859653e-02,
945,-8.04305305e-02,
946,-8.40102913e-02,
947,-5.86537785e-02,
948,-5.46422675e-02,
949,-8.80148800e-02,
950,-6.78447678e-02,
951,-9.27381269e-02,
952,-9.76344311e-02,
953,-1.02864657e-01,
954,-1.08253065e-01,
955,-7.28050335e-02,
956,-7.76330651e-02,
957,-7.54144623e-02,
958,-1.36485109e-01,
959,-1.39394698e-01,
960,-1.34280497e-01,
961,-1.34678045e-01,
962,-1.48507424e-01,
963,-1.45786051e-01,
964,-1.35797486e-01,
965,-1.10121249e-02,
966,-2.99035666e-02,
967,-7.68289840e-02,
968,-1.58712852e-01,
969,-1.54501523e-01,
970,-4.94950910e-02,
971,-7.73783334e-02,
972,-1.55561234e-01,
-1,0.,
1,80053,1,
MODE_005_UZ_69171.1Hz
0.,-1.,0.,
80053,0,0,0,0,0,0,0,0,0,
0,0,0,0,0,0,0,0,0,0,
0,0,3,7,
0,1,1,
1, 0.00000000e+00,
2, 0.00000000e+00,
3, 0.00000000e+00,
4, 0.00000000e+00,
5, 0.00000000e+00,
6, 0.00000000e+00,
7, 0.00000000e+00,
8, 0.00000000e+00,
9, 0.00000000e+00,
10, 0.00000000e+00,
11, 0.00000000e+00,
12, 0.00000000e+00,
13, 0.00000000e+00,
14, 0.00000000e+00,
15, 0.00000000e+00,
16, 0.00000000e+00,
17, 0.00000000e+00,
18, 0.00000000e+00,
19, 0.00000000e+00,
20, 0.00000000e+00,
21, 0.00000000e+00,
22, 0.00000000e+00,
23, 0.00000000e+00,
24, 0.00000000e+00,
25, 0.00000000e+00,
26, 0.00000000e+00,
27, 0.00000000e+00,
28, 0.00000000e+00,
29, 0.00000000e+00,
30, 0.00000000e+00,
31, 0.00000000e+00,
32, 0.00000000e+00,
33, 0.00000000e+00,
34, 0.00000000e+00,
35, 0.00000000e+00,
36, 0.00000000e+00,
37, 0.00000000e+00,
38, 0.00000000e+00,
39, 0.00000000e+00,
40, 0.00000000e+00,
41, 0.00000000e+00,
42, 0.00000000e+00,
43, 0.00000000e+00,
44, 0.00000000e+00,
45, 0.00000000e+00,
46, 0.00000000e+00,
47, 0.00000000e+00,
48, 0.00000000e+00,
49, 0.00000000e+00,
50, 0.00000000e+00,
51, 0.00000000e+00,
52, 0.00000000e+00,
53, 0.00000000e+00,
54, 0.00000000e+00,
55, 0.00000000e+00,
56, 0.00000000e+00,
57, 0.00000000e+00,
58, 0.00000000e+00,
59, 0.00000000e+00,
60, 0.00000000e+00,
61, 0.00000000e+00,
62, 0.00000000e+00,
63, 0.00000000e+00,
64, 0.00000000e+00,
65, 0.00000000e+00,
66, 0.00000000e+00,
67, 0.00000000e+00,
68, 0.00000000e+00,
69, 0.00000000e+00,
70, 0.00000000e+00,
71, 0.00000000e+00,
72, 0.00000000e+00,
73, 0.00000000e+00,
74, 0.00000000e+00,
75, 0.00000000e+00,
76, 0.00000000e+00,
77, 0.00000000e+00,
78, 0.00000000e+00,
79, 0.00000000e+00,
80, 0.00000000e+00,
81, 0.00000000e+00,
82, 0.00000000e+00,
83, 0.00000000e+00,
84, 0.00000000e+00,
85, 0.00000000e+00,
86, 0.00000000e+00,
87, 0.00000000e+00,
88, 0.00000000e+00,
89, 0.00000000e+00,
90, 0.00000000e+00,
91, 0.00000000e+00,
92, 0.00000000e+00,
93, 0.00000000e+00,
94, 0.00000000e+00,
95, 0.00000000e+00,
96, 0.00000000e+00,
97, 0.00000000e+00,
98, 0.00000000e+00,
99, 0.00000000e+00,
100, 0.00000000e+00,
101, 0.00000000e+00,
102, 0.00000000e+00,
103, 0.00000000e+00,
104, 0.00000000e+00,
105, 0.00000000e+00,
106, 0.00000000e+00,
107, 0.00000000e+00,
108, 0.00000000e+00,
109, 0.00000000e+00,
110, 0.00000000e+00,
111, 0.00000000e+00,
112, 0.00000000e+00,
113, 0.00000000e+00,
114, 0.00000000e+00,
115, 0.00000000e+00,
116, 0.00000000e+00,
117, 0.00000000e+00,
118, 0.00000000e+00,
119, 0.00000000e+00,
120, 0.00000000e+00,
121, 0.00000000e+00,
122, 0.00000000e+00,
123, 0.00000000e+00,
124, 0.00000000e+00,
125, 0.00000000e+00,
126, 0.00000000e+00,
127, 0.00000000e+00,
128, 0.00000000e+00,
129, 0.00000000e+00,
130, 0.00000000e+00,
131, 0.00000000e+00,
132, 0.00000000e+00,
133, 0.00000000e+00,
134, 0.00000000e+00,
135, 0.00000000e+00,
136, 0.00000000e+00,
137, 0.00000000e+00,
138, 0.00000000e+00,
139, 0.00000000e+00,
140, 0.00000000e+00,
141, 0.00000000e+00,
142, 0.00000000e+00,
143, 0.00000000e+00,
144, 0.00000000e+00,
145, 0.00000000e+00,
146, 0.00000000e+00,
147, 0.00000000e+00,
148, 0.00000000e+00,
149, 0.00000000e+00,
150, 0.00000000e+00,
151, 0.00000000e+00,
152, 0.00000000e+00,
153, 0.00000000e+00,
154, 0.00000000e+00,
155, 0.00000000e+00,
156, 0.00000000e+00,
157, 0.00000000e+00,
158, 0.00000000e+00,
159, 0.00000000e+00,
160, 0.00000000e+00,
161, 0.00000000e+00,
162, 0.00000000e+00,
163, 0.00000000e+00,
164, 0.00000000e+00,
165, 0.00000000e+00,
166, 0.00000000e+00,
167, 0.00000000e+00,
168, 0.00000000e+00,
169, 0.00000000e+00,
170, 0.00000000e+00,
171, 0.00000000e+00,
172, 0.00000000e+00,
173, 0.00000000e+00,
174, 0.00000000e+00,
175, 0.00000000e+00,
176, 0.00000000e+00,
177, 0.00000000e+00,
178, 0.00000000e+00,
179, 0.00000000e+00,
180, 0.00000000e+00,
181, 0.00000000e+00,
182, 0.00000000e+00,
183, 0.00000000e+00,
184, 0.00000000e+00,
185, 0.00000000e+00,
186, 0.00000000e+00,
187, 0.00000000e+00,
188, 0.00000000e+00,
189, 0.00000000e+00,
190, 0.00000000e+00,
191, 0.00000000e+00,
192, 0.00000000e+00,
193, 0.00000000e+00,
194, 0.00000000e+00,
195, 0.00000000e+00,
196, 0.00000000e+00,
197, 0.00000000e+00,
198, 0.00000000e+00,
199, 0.00000000e+00,
200, 0.00000000e+00,
201, 0.00000000e+00,
202, 0.00000000e+00,
203, 0.00000000e+00,
204, 0.00000000e+00,
205, 0.00000000e+00,
206, 0.00000000e+00,
207, 0.00000000e+00,
208, 0.00000000e+00,
209, 0.00000000e+00,
210, 0.00000000e+00,
211, 0.00000000e+00,
212, 0.00000000e+00,
213, 0.00000000e+00,
214, 0.00000000e+00,
215, 0.00000000e+00,
216, 0.00000000e+00,
217, 0.00000000e+00,
218, 0.00000000e+00,
219, 0.00000000e+00,
220, 0.00000000e+00,
221, 0.00000000e+00,
222, 0.00000000e+00,
223, 0.00000000e+00,
224, 0.00000000e+00,
225, 0.00000000e+00,
226, 0.00000000e+00,
227, 0.00000000e+00,
228, 0.00000000e+00,
229, 0.00000000e+00,
230, 0.00000000e+00,
231, 0.00000000e+00,
232, 0.00000000e+00,
233, 0.00000000e+00,
234, 0.00000000e+00,
235, 0.00000000e+00,
236, 0.00000000e+00,
237, 0.00000000e+00,
238, 0.00000000e+00,
239, 0.00000000e+00,
240, 0.00000000e+00,
241, 0.00000000e+00,
242, 0.00000000e+00,
243, 0.00000000e+00,
244, 0.00000000e+00,
245, 0.00000000e+00,
246, 0.00000000e+00,
247, 0.00000000e+00,
248, 0.00000000e+00,
249, 0.00000000e+00,
250, 0.00000000e+00,
251, 0.00000000e+00,
252, 0.00000000e+00,
253, 0.00000000e+00,
254, 0.00000000e+00,
255, 0.00000000e+00,
256, 0.00000000e+00,
257, 0.00000000e+00,
258, 0.00000000e+00,
259, 0.00000000e+00,
260, 0.00000000e+00,
261, 0.00000000e+00,
262, 0.00000000e+00,
263, 0.00000000e+00,
264, 0.00000000e+00,
265, 0.00000000e+00,
266, 0.00000000e+00,
267, 0.00000000e+00,
268, 0.00000000e+00,
269, 0.00000000e+00,
270, 0.00000000e+00,
271, 0.00000000e+00,
272, 0.00000000e+00,
273, 0.00000000e+00,
274, 0.00000000e+00,
275, 0.00000000e+00,
276, 0.00000000e+00,
277, 0.00000000e+00,
278, 0.00000000e+00,
279, 0.00000000e+00,
280, 0.00000000e+00,
281, 0.00000000e+00,
282, 0.00000000e+00,
283, 0.00000000e+00,
284, 0.00000000e+00,
285, 0.00000000e+00,
286, 0.00000000e+00,
287, 0.00000000e+00,
288, 0.00000000e+00,
289, 0.00000000e+00,
290, 0.00000000e+00,
291, 0.00000000e+00,
292, 0.00000000e+00,
293, 0.00000000e+00,
294, 0.00000000e+00,
295, 0.00000000e+00,
296, 0.00000000e+00,
297, 0.00000000e+00,
298, 0.00000000e+00,
299, 0.00000000e+00,
300, 0.00000000e+00,
301, 0.00000000e+00,
302, 0.00000000e+00,
303, 0.00000000e+00,
304, 0.00000000e+00,
305, 0.00000000e+00,
306, 0.00000000e+00,
307, 0.00000000e+00,
308, 0.00000000e+00,
309, 0.00000000e+00,
310, 0.00000000e+00,
311, 0.00000000e+00,
312, 0.00000000e+00,
313, 0.00000000e+00,
314, 0.00000000e+00,
315, 0.00000000e+00,
316, 0.00000000e+00,
317, 0.00000000e+00,
318, 0.00000000e+00,
319, 0.00000000e+00,
320, 0.00000000e+00,
321, 0.00000000e+00,
322, 0.00000000e+00,
323, 0.00000000e+00,
324, 0.00000000e+00,
325, 0.00000000e+00,
326, 0.00000000e+00,
327, 0.00000000e+00,
328, 0.00000000e+00,
329, 0.00000000e+00,
330, 0.00000000e+00,
331, 0.00000000e+00,
332, 0.00000000e+00,
333, 0.00000000e+00,
334, 0.00000000e+00,
335, 0.00000000e+00,
336, 0.00000000e+00,
337, 0.00000000e+00,
338, 0.00000000e+00,
339, 0.00000000e+00,
340, 0.00000000e+00,
341, 0.00000000e+00,
342, 0.00000000e+00,
343, 0.00000000e+00,
344, 0.00000000e+00,
345, 0.00000000e+00,
346, 0.00000000e+00,
347, 0.00000000e+00,
348, 0.00000000e+00,
349, 0.00000000e+00,
350, 0.00000000e+00,
351, 0.00000000e+00,
352, 0.00000000e+00,
353, 0.00000000e+00,
354, 0.00000000e+00,
355, 0.00000000e+00,
356, 0.00000000e+00,
357, 0.00000000e+00,
358, 0.00000000e+00,
359, 0.00000000e+00,
360, 0.00000000e+00,
361, 0.00000000e+00,
362, 0.00000000e+00,
363, 0.00000000e+00,
364, 0.00000000e+00,
365, 0.00000000e+00,
366, 0.00000000e+00,
367, 0.00000000e+00,
368, 0.00000000e+00,
369, 0.00000000e+00,
370, 0.00000000e+00,
371, 0.00000000e+00,
372, 0.00000000e+00,
373, 0.00000000e+00,
374, 0.00000000e+00,
375, 0.00000000e+00,
376, 0.00000000e+00,
377, 0.00000000e+00,
378, 0.00000000e+00,
379, 0.00000000e+00,
380, 0.00000000e+00,
381, 0.00000000e+00,
382, 0.00000000e+00,
383, 0.00000000e+00,
384, 0.00000000e+00,
385, 0.00000000e+00,
386, 0.00000000e+00,
387, 0.00000000e+00,
388, 0.00000000e+00,
389, 0.00000000e+00,
390, 0.00000000e+00,
391, 0.00000000e+00,
392, 0.00000000e+00,
393, 0.00000000e+00,
394, 0.00000000e+00,
395, 0.00000000e+00,
396, 0.00000000e+00,
397, 0.00000000e+00,
398, 0.00000000e+00,
399, 0.00000000e+00,
400, 0.00000000e+00,
401, 0.00000000e+00,
402, 0.00000000e+00,
403, 0.00000000e+00,
404, 0.00000000e+00,
405, 0.00000000e+00,
406, 0.00000000e+00,
407, 0.00000000e+00,
408, 0.00000000e+00,
409, 0.00000000e+00,
410, 0.00000000e+00,
411, 0.00000000e+00,
412, 0.00000000e+00,
413, 0.00000000e+00,
414, 0.00000000e+00,
415, 0.00000000e+00,
416, 0.00000000e+00,
417, 0.00000000e+00,
418, 0.00000000e+00,
419, 0.00000000e+00,
420, 0.00000000e+00,
421, 0.00000000e+00,
422, 0.00000000e+00,
423, 0.00000000e+00,
424, 0.00000000e+00,
425, 0.00000000e+00,
426, 0.00000000e+00,
427, 0.00000000e+00,
428, 0.00000000e+00,
429, 0.00000000e+00,
430, 0.00000000e+00,
431, 0.00000000e+00,
432, 0.00000000e+00,
433, 0.00000000e+00,
434, 0.00000000e+00,
435, 0.00000000e+00,
436, 0.00000000e+00,
437, 0.00000000e+00,
438, 0.00000000e+00,
439, 0.00000000e+00,
440, 0.00000000e+00,
441, 0.00000000e+00,
442, 0.00000000e+00,
443, 0.00000000e+00,
444, 0.00000000e+00,
445, 0.00000000e+00,
446, 0.00000000e+00,
447, 0.00000000e+00,
448, 0.00000000e+00,
449, 0.00000000e+00,
450, 0.00000000e+00,
451, 0.00000000e+00,
452, 0.00000000e+00,
453, 0.00000000e+00,
454, 0.00000000e+00,
455, 0.00000000e+00,
456, 0.00000000e+00,
457, 0.00000000e+00,
458, 0.00000000e+00,
459, 0.00000000e+00,
460, 0.00000000e+00,
461, 0.00000000e+00,
462, 0.00000000e+00,
463, 0.00000000e+00,
464, 0.00000000e+00,
465, 0.00000000e+00,
466, 0.00000000e+00,
467, 0.00000000e+00,
468, 0.00000000e+00,
469, 0.00000000e+00,
470, 0.00000000e+00,
471, 0.00000000e+00,
472, 0.00000000e+00,
473, 0.00000000e+00,
474, 0.00000000e+00,
475, 0.00000000e+00,
476, 0.00000000e+00,
477, 0.00000000e+00,
478, 0.00000000e+00,
479, 0.00000000e+00,
480, 0.00000000e+00,
481, 0.00000000e+00,
482, 0.00000000e+00,
483, 0.00000000e+00,
484, 0.00000000e+00,
485, 0.00000000e+00,
486, 0.00000000e+00,
487, 0.00000000e+00,
488, 0.00000000e+00,
489, 0.00000000e+00,
490, 0.00000000e+00,
491, 0.00000000e+00,
492, 0.00000000e+00,
493, 0.00000000e+00,
501, 0.00000000e+00,
502, 0.00000000e+00,
503, 0.00000000e+00,
504, 0.00000000e+00,
505, 0.00000000e+00,
506, 0.00000000e+00,
507, 0.00000000e+00,
508, 0.00000000e+00,
509, 0.00000000e+00,
510, 0.00000000e+00,
511, 0.00000000e+00,
512, 0.00000000e+00,
513, 0.00000000e+00,
514, 0.00000000e+00,
515, 0.00000000e+00,
516, 0.00000000e+00,
517, 0.00000000e+00,
518, 0.00000000e+00,
519, 0.00000000e+00,
520, 0.00000000e+00,
521, 0.00000000e+00,
522, 0.00000000e+00,
523, 0.00000000e+00,
524, 0.00000000e+00,
525, 0.00000000e+00,
526, 0.00000000e+00,
527, 0.00000000e+00,
528, 0.00000000e+00,
529, 0.00000000e+00,
530, 0.00000000e+00,
531, 0.00000000e+00,
532, 0.00000000e+00,
533, 0.00000000e+00,
534, 0.00000000e+00,
535, 0.00000000e+00,
536, 0.00000000e+00,
537, 0.00000000e+00,
538, 0.00000000e+00,
539, 0.00000000e+00,
540, 0.00000000e+00,
541, 0.00000000e+00,
542, 0.00000000e+00,
543, 0.00000000e+00,
544, 0.00000000e+00,
545, 0.00000000e+00,
546, 0.00000000e+00,
547, 0.00000000e+00,
548, 0.00000000e+00,
549, 0.00000000e+00,
550, 0.00000000e+00,
551, 0.00000000e+00,
552, 0.00000000e+00,
553, 0.00000000e+00,
554, 0.00000000e+00,
555, 0.00000000e+00,
556, 0.00000000e+00,
557, 0.00000000e+00,
558, 0.00000000e+00,
559, 0.00000000e+00,
560, 0.00000000e+00,
561, 0.00000000e+00,
562, 0.00000000e+00,
563, 0.00000000e+00,
564, 0.00000000e+00,
565, 0.00000000e+00,
566, 0.00000000e+00,
567, 0.00000000e+00,
568, 0.00000000e+00,
569, 0.00000000e+00,
570, 0.00000000e+00,
571, 0.00000000e+00,
572, 0.00000000e+00,
573, 0.00000000e+00,
574, 0.00000000e+00,
575, 0.00000000e+00,
576, 0.00000000e+00,
577, 0.00000000e+00,
578, 0.00000000e+00,
579, 0.00000000e+00,
580, 0.00000000e+00,
581, 0.00000000e+00,
582, 0.00000000e+00,
583, 0.00000000e+00,
584, 0.00000000e+00,
585, 0.00000000e+00,
586, 0.00000000e+00,
587, 0.00000000e+00,
588, 0.00000000e+00,
589, 0.00000000e+00,
590, 0.00000000e+00,
591, 0.00000000e+00,
592, 0.00000000e+00,
593, 0.00000000e+00,
594, 0.00000000e+00,
595, 0.00000000e+00,
596, 0.00000000e+00,
597, 0.00000000e+00,
598, 0.00000000e+00,
599, 0.00000000e+00,
600, 0.00000000e+00,
601, 0.00000000e+00,
602, 0.00000000e+00,
603, 0.00000000e+00,
604, 0.00000000e+00,
605, 0.00000000e+00,
606, 0.00000000e+00,
607, 0.00000000e+00,
608, 0.00000000e+00,
609, 0.00000000e+00,
610, 0.00000000e+00,
611, 0.00000000e+00,
612, 0.00000000e+00,
613, 0.00000000e+00,
614, 0.00000000e+00,
615, 0.00000000e+00,
616, 0.00000000e+00,
617, 0.00000000e+00,
618, 0.00000000e+00,
619, 0.00000000e+00,
620, 0.00000000e+00,
621, 0.00000000e+00,
622, 0.00000000e+00,
623, 0.00000000e+00,
624, 0.00000000e+00,
625, 0.00000000e+00,
626, 0.00000000e+00,
627, 0.00000000e+00,
628, 0.00000000e+00,
629, 0.00000000e+00,
630, 0.00000000e+00,
631, 0.00000000e+00,
632, 0.00000000e+00,
633, 0.00000000e+00,
634, 0.00000000e+00,
635, 0.00000000e+00,
636, 0.00000000e+00,
637, 0.00000000e+00,
638, 0.00000000e+00,
639, 0.00000000e+00,
640, 0.00000000e+00,
641, 0.00000000e+00,
642, 0.00000000e+00,
643, 0.00000000e+00,
644, 0.00000000e+00,
645, 0.00000000e+00,
646, 0.00000000e+00,
647, 0.00000000e+00,
648, 0.00000000e+00,
649, 0.00000000e+00,
650, 0.00000000e+00,
651, 0.00000000e+00,
652, 0.00000000e+00,
653, 0.00000000e+00,
654, 0.00000000e+00,
655, 0.00000000e+00,
656, 0.00000000e+00,
657, 0.00000000e+00,
658, 0.00000000e+00,
659, 0.00000000e+00,
660, 0.00000000e+00,
661, 0.00000000e+00,
662, 0.00000000e+00,
663, 0.00000000e+00,
664, 0.00000000e+00,
665, 0.00000000e+00,
666, 0.00000000e+00,
667, 0.00000000e+00,
668, 0.00000000e+00,
669, 0.00000000e+00,
670, 0.00000000e+00,
671, 0.00000000e+00,
672, 0.00000000e+00,
673, 0.00000000e+00,
674, 0.00000000e+00,
675, 0.00000000e+00,
676, 0.00000000e+00,
677, 0.00000000e+00,
678, 0.00000000e+00,
679, 0.00000000e+00,
680, 0.00000000e+00,
681, 0.00000000e+00,
682, 0.00000000e+00,
683, 0.00000000e+00,
684, 0.00000000e+00,
685, 0.00000000e+00,
686, 0.00000000e+00,
687, 0.00000000e+00,
688, 0.00000000e+00,
689, 0.00000000e+00,
690, 0.00000000e+00,
691, 0.00000000e+00,
692, 0.00000000e+00,
693, 0.00000000e+00,
694, 0.00000000e+00,
695, 0.00000000e+00,
696, 0.00000000e+00,
697, 0.00000000e+00,
698, 0.00000000e+00,
699, 0.00000000e+00,
700, 0.00000000e+00,
701, 0.00000000e+00,
702, 0.00000000e+00,
703, 0.00000000e+00,
704, 0.00000000e+00,
705, 0.00000000e+00,
706, 0.00000000e+00,
707, 0.00000000e+00,
708, 0.00000000e+00,
709, 0.00000000e+00,
710, 0.00000000e+00,
711, 0.00000000e+00,
712, 0.00000000e+00,
713, 0.00000000e+00,
714, 0.00000000e+00,
715, 0.00000000e+00,
716, 0.00000000e+00,
717, 0.00000000e+00,
718, 0.00000000e+00,
719, 0.00000000e+00,
720, 0.00000000e+00,
721, 0.00000000e+00,
722, 0.00000000e+00,
723, 0.00000000e+00,
724, 0.00000000e+00,
725, 0.00000000e+00,
726, 0.00000000e+00,
727, 0.00000000e+00,
728, 0.00000000e+00,
729, 0.00000000e+00,
730, 0.00000000e+00,
731, 0.00000000e+00,
732, 0.00000000e+00,
733, 0.00000000e+00,
734, 0.00000000e+00,
735, 0.00000000e+00,
736, 0.00000000e+00,
737, 0.00000000e+00,
738, 0.00000000e+00,
739, 0.00000000e+00,
740, 0.00000000e+00,
741, 0.00000000e+00,
742, 0.00000000e+00,
743, 0.00000000e+00,
744, 0.00000000e+00,
745, 0.00000000e+00,
746, 0.00000000e+00,
747, 0.00000000e+00,
748, 0.00000000e+00,
749, 0.00000000e+00,
750, 0.00000000e+00,
751, 0.00000000e+00,
752, 0.00000000e+00,
753, 0.00000000e+00,
754, 0.00000000e+00,
755, 0.00000000e+00,
756, 0.00000000e+00,
757, 0.00000000e+00,
758, 0.00000000e+00,
759, 0.00000000e+00,
760, 0.00000000e+00,
761, 0.00000000e+00,
762, 0.00000000e+00,
763, 0.00000000e+00,
764, 0.00000000e+00,
765, 0.00000000e+00,
766, 0.00000000e+00,
767, 0.00000000e+00,
768, 0.00000000e+00,
769, 0.00000000e+00,
770, 0.00000000e+00,
771, 0.00000000e+00,
772, 0.00000000e+00,
773, 0.00000000e+00,
774, 0.00000000e+00,
775, 0.00000000e+00,
776, 0.00000000e+00,
777, 0.00000000e+00,
778, 0.00000000e+00,
779, 0.00000000e+00,
780, 0.00000000e+00,
781, 0.00000000e+00,
782, 0.00000000e+00,
783, 0.00000000e+00,
784, 0.00000000e+00,
785, 0.00000000e+00,
786, 0.00000000e+00,
787, 0.00000000e+00,
788, 0.00000000e+00,
789, 0.00000000e+00,
790, 0.00000000e+00,
791, 0.00000000e+00,
792, 0.00000000e+00,
793, 0.00000000e+00,
794, 0.00000000e+00,
795, 0.00000000e+00,
796, 0.00000000e+00,
797, 0.00000000e+00,
798, 0.00000000e+00,
799, 0.00000000e+00,
800, 0.00000000e+00,
801, 0.00000000e+00,
802, 0.00000000e+00,
803, 0.00000000e+00,
804, 0.00000000e+00,
805, 0.00000000e+00,
806, 0.00000000e+00,
807, 0.00000000e+00,
808, 0.00000000e+00,
809, 0.00000000e+00,
810, 0.00000000e+00,
811, 0.00000000e+00,
812, 0.00000000e+00,
813, 0.00000000e+00,
814, 0.00000000e+00,
815, 0.00000000e+00,
816, 0.00000000e+00,
817, 0.00000000e+00,
818, 0.00000000e+00,
819, 0.00000000e+00,
820, 0.00000000e+00,
821, 0.00000000e+00,
822, 0.00000000e+00,
823, 0.00000000e+00,
824, 0.00000000e+00,
825, 0.00000000e+00,
826, 0.00000000e+00,
827, 0.00000000e+00,
828, 0.00000000e+00,
829, 0.00000000e+00,
830, 0.00000000e+00,
831, 0.00000000e+00,
832, 0.00000000e+00,
833, 0.00000000e+00,
834, 0.00000000e+00,
835, 0.00000000e+00,
836, 0.00000000e+00,
837, 0.00000000e+00,
838, 0.00000000e+00,
839, 0.00000000e+00,
840, 0.00000000e+00,
841, 0.00000000e+00,
842, 0.00000000e+00,
843, 0.00000000e+00,
844, 0.00000000e+00,
845, 0.00000000e+00,
846, 0.00000000e+00,
847, 0.00000000e+00,
848, 0.00000000e+00,
849, 0.00000000e+00,
850, 0.00000000e+00,
851, 0.00000000e+00,
852, 0.00000000e+00,
853, 0.00000000e+00,
854, 0.00000000e+00,
855, 0.00000000e+00,
856, 0.00000000e+00,
857, 0.00000000e+00,
858, 0.00000000e+00,
859, 0.00000000e+00,
860, 0.00000000e+00,
861, 0.00000000e+00,
862, 0.00000000e+00,
863, 0.00000000e+00,
864, 0.00000000e+00,
865, 0.00000000e+00,
866, 0.00000000e+00,
867, 0.00000000e+00,
868, 0.00000000e+00,
869, 0.00000000e+00,
870, 0.00000000e+00,
871, 0.00000000e+00,
872, 0.00000000e+00,
873, 0.00000000e+00,
874, 0.00000000e+00,
875, 0.00000000e+00,
876, 0.00000000e+00,
877, 0.00000000e+00,
878, 0.00000000e+00,
879, 0.00000000e+00,
880, 0.00000000e+00,
881, 0.00000000e+00,
882, 0.00000000e+00,
883, 0.00000000e+00,
884, 0.00000000e+00,
885, 0.00000000e+00,
886, 0.00000000e+00,
887, 0.00000000e+00,
888, 0.00000000e+00,
889, 0.00000000e+00,
890, 0.00000000e+00,
891, 0.00000000e+00,
892, 0.00000000e+00,
893, 0.00000000e+00,
894, 0.00000000e+00,
895, 0.00000000e+00,
896, 0.00000000e+00,
897, 0.00000000e+00,
898, 0.00000000e+00,
899, 0.00000000e+00,
900, 0.00000000e+00,
901, 0.00000000e+00,
902, 0.00000000e+00,
903, 0.00000000e+00,
904, 0.00000000e+00,
905, 0.00000000e+00,
906, 0.00000000e+00,
907, 0.00000000e+00,
908, 0.00000000e+00,
909, 0.00000000e+00,
910, 0.00000000e+00,
911, 0.00000000e+00,
912, 0.00000000e+00,
913, 0.00000000e+00,
914, 0.00000000e+00,
915, 0.00000000e+00,
916, 0.00000000e+00,
917, 0.00000000e+00,
918, 0.00000000e+00,
919, 0.00000000e+00,
920, 0.00000000e+00,
921, 0.00000000e+00,
922, 0.00000000e+00,
923, 0.00000000e+00,
924, 0.00000000e+00,
925, 0.00000000e+00,
926, 0.00000000e+00,
927, 0.00000000e+00,
928, 0.00000000e+00,
929, 0.00000000e+00,
930, 0.00000000e+00,
931, 0.00000000e+00,
932, 0.00000000e+00,
933, 0.00000000e+00,
934, 0.00000000e+00,
935, 0.00000000e+00,
936, 0.00000000e+00,
937, 0.00000000e+00,
938, 0.00000000e+00,
939, 0.00000000e+00,
940, 0.00000000e+00,
941, 0.00000000e+00,
942, 0.00000000e+00,
943, 0.00000000e+00,
944, 0.00000000e+00,
945, 0.00000000e+00,
946, 0.00000000e+00,
947, 0.00000000e+00,
948, 0.00000000e+00,
949, 0.00000000e+00,
950, 0.00000000e+00,
951, 0.00000000e+00,
952, 0.00000000e+00,
953, 0.00000000e+00,
954, 0.00000000e+00,
955, 0.00000000e+00,
956, 0.00000000e+00,
957, 0.00000000e+00,
958, 0.00000000e+00,
959, 0.00000000e+00,
960, 0.00000000e+00,
961, 0.00000000e+00,
962, 0.00000000e+00,
963, 0.00000000e+00,
964, 0.00000000e+00,
965, 0.00000000e+00,
966, 0.00000000e+00,
967, 0.00000000e+00,
968, 0.00000000e+00,
969, 0.00000000e+00,
970, 0.00000000e+00,
971, 0.00000000e+00,
972, 0.00000000e+00,
-1,0.,
1,80054,1,
MODE_005_UMAG_69171.1Hz
0.,-1.,0.,
80054,0,0,0,0,0,0,0,0,0,
0,0,0,0,0,0,0,0,0,0,
0,0,3,7,
0,1,1,
1, 2.02626790e-01,
2, 3.65220167e-01,
3, 4.29049094e-01,
4, 2.00723278e-01,
5, 1.34340231e-01,
6, 3.49861566e-01,
7, 2.06962365e-01,
8, 1.94104707e-01,
9, 2.20214092e-01,
10, 2.04398869e-01,
11, 1.78006889e-01,
12, 1.75569072e-01,
13, 1.70544026e-01,
14, 1.84654595e-01,
15, 2.95538426e-01,
16, 1.70251940e-01,
17, 3.03572379e-01,
18, 2.04577180e-01,
19, 3.53871340e-01,
20, 2.02742257e-01,
21, 2.03704577e-01,
22, 2.05277391e-01,
23, 2.06171306e-01,
24, 2.06064308e-01,
25, 2.10228525e-01,
26, 2.27046624e-01,
27, 2.52270498e-01,
28, 2.77897237e-01,
29, 2.98815276e-01,
30, 3.13156322e-01,
31, 3.21764681e-01,
32, 3.27961223e-01,
33, 3.33350714e-01,
34, 3.38285077e-01,
35, 3.43018535e-01,
36, 3.47345801e-01,
37, 3.51119261e-01,
38, 3.54407349e-01,
39, 3.56719678e-01,
40, 3.59028384e-01,
41, 3.60891415e-01,
42, 3.61934416e-01,
43, 3.63187822e-01,
44, 3.63607350e-01,
45, 3.64441561e-01,
46, 3.65382572e-01,
47, 3.65565113e-01,
48, 4.27214593e-01,
49, 4.17216570e-01,
50, 3.91977104e-01,
51, 3.59768027e-01,
52, 3.15573900e-01,
53, 2.82811788e-01,
54, 2.44031901e-01,
55, 2.12596582e-01,
56, 1.51983958e-01,
57, 2.59553816e-01,
58, 3.08543435e-01,
59, 2.44816556e-01,
60, 3.52977472e-01,
61, 4.02638909e-01,
62, 3.14691497e-01,
63, 3.98484025e-01,
64, 3.50344544e-01,
65, 1.93554333e-01,
66, 1.95881060e-01,
67, 2.01737178e-01,
68, 1.86539185e-01,
69, 1.83958839e-01,
70, 1.96177918e-01,
71, 2.02450872e-01,
72, 2.74957298e-01,
73, 2.53045076e-01,
74, 2.29285005e-01,
75, 3.09117292e-01,
76, 2.45145835e-01,
77, 2.66219980e-01,
78, 2.85550449e-01,
79, 1.76081759e-01,
80, 1.70366333e-01,
81, 1.70536595e-01,
82, 1.69834252e-01,
83, 1.72945885e-01,
84, 1.67278613e-01,
85, 1.61143806e-01,
86, 1.52356095e-01,
87, 1.42677944e-01,
88, 1.31177987e-01,
89, 1.20597573e-01,
90, 1.09912184e-01,
91, 1.02722748e-01,
92, 9.95022883e-02,
93, 1.01206168e-01,
94, 1.07969735e-01,
95, 1.19095016e-01,
96, 1.32368055e-01,
97, 1.46305435e-01,
98, 1.60253706e-01,
99, 1.73346370e-01,
100, 1.86521783e-01,
101, 1.96804877e-01,
102, 2.04711648e-01,
103, 2.08065446e-01,
104, 2.90609307e-01,
105, 2.81059527e-01,
106, 2.70073619e-01,
107, 2.58810360e-01,
108, 2.45644458e-01,
109, 2.31163274e-01,
110, 2.15163226e-01,
111, 1.96704453e-01,
112, 1.77985577e-01,
113, 1.60584749e-01,
114, 1.44012258e-01,
115, 1.29515806e-01,
116, 1.18586257e-01,
117, 1.12731753e-01,
118, 1.11896880e-01,
119, 1.16658043e-01,
120, 1.24506807e-01,
121, 1.35596350e-01,
122, 1.45865536e-01,
123, 1.55244807e-01,
124, 1.64425894e-01,
125, 2.07100889e-01,
126, 2.07986673e-01,
127, 2.06875122e-01,
128, 2.02009625e-01,
129, 1.89895313e-01,
130, 1.68112550e-01,
131, 1.23923964e-01,
132, 6.14629723e-02,
133, 1.82511364e-02,
134, 1.07922166e-01,
135, 1.99996573e-01,
136, 2.88217352e-01,
137, 3.66665743e-01,
138, 4.11939688e-01,
139, 3.30235240e-01,
140, 3.01711903e-01,
141, 2.69054290e-01,
142, 2.24571286e-01,
143, 1.55197546e-01,
144, 5.93225451e-02,
145, 4.46916950e-02,
146, 1.27166030e-01,
147, 1.73264811e-01,
148, 2.08428790e-01,
149, 1.64278379e-01,
150, 9.65293796e-02,
151, 6.62761073e-03,
152, 9.66461116e-02,
153, 2.04864106e-01,
154, 2.05651824e-01,
155, 2.07020580e-01,
156, 2.07805858e-01,
157, 2.07755739e-01,
158, 2.08256262e-01,
159, 2.17773393e-01,
160, 2.39037067e-01,
161, 2.62474250e-01,
162, 2.84577083e-01,
163, 3.01306548e-01,
164, 3.12869945e-01,
165, 3.19367523e-01,
166, 3.24260152e-01,
167, 3.28678562e-01,
168, 3.32674052e-01,
169, 3.36522515e-01,
170, 3.40097946e-01,
171, 3.43183765e-01,
172, 3.45822901e-01,
173, 3.47974630e-01,
174, 3.49693052e-01,
175, 3.51283939e-01,
176, 3.52507738e-01,
177, 3.52697693e-01,
178, 3.53106732e-01,
179, 3.53196118e-01,
180, 3.53645912e-01,
181, 3.54255788e-01,
182, 3.54202780e-01,
183, 3.54237854e-01,
184, 3.03126252e-01,
185, 2.97021605e-01,
186, 2.86859715e-01,
187, 3.10942387e-01,
188, 1.03248265e-01,
189, 1.03232385e-01,
190, 1.72861292e-01,
191, 1.53880160e-01,
192, 1.64652702e-01,
193, 8.11201739e-02,
194, 2.08447153e-01,
195, 2.08246337e-01,
196, 2.06842449e-01,
197, 4.93139708e-02,
198, 8.54091828e-02,
199, 1.72185810e-01,
200, 1.18346227e-01,
201, 1.12107016e-01,
202, 1.93985703e-01,
203, 1.32816900e-01,
204, 3.98749747e-01,
205, 3.88645549e-01,
206, 4.20364796e-01,
207, 1.56494976e-01,
208, 1.36843541e-01,
209, 1.61633530e-01,
210, 1.55822185e-01,
211, 1.60412085e-01,
212, 7.59596966e-02,
213, 5.19628536e-02,
214, 7.86254256e-02,
215, 2.04161783e-01,
216, 2.66783768e-01,
217, 2.62602265e-01,
218, 2.32483317e-01,
219, 1.52111962e-01,
220, 1.48517679e-01,
221, 1.94689366e-01,
222, 1.76391687e-01,
223, 1.67424498e-01,
224, 3.34907452e-01,
225, 3.32563147e-01,
226, 1.31499040e-01,
227, 1.05636766e-01,
228, 2.21748572e-01,
229, 2.02472762e-01,
230, 3.29672374e-01,
231, 3.20823838e-01,
232, 3.18897579e-01,
233, 3.08766263e-01,
234, 1.09542837e-01,
235, 1.10604181e-01,
236, 2.42939092e-01,
237, 1.89789064e-01,
238, 2.68463833e-01,
239, 3.15119109e-01,
240, 3.13888221e-01,
241, 2.87566366e-01,
242, 1.15472646e-01,
243, 3.14509020e-01,
244, 2.73502356e-01,
245, 3.14791999e-01,
246, 3.18630493e-01,
247, 3.15803973e-01,
248, 3.40546814e-01,
249, 3.16658499e-01,
250, 3.37150495e-01,
251, 3.12762163e-01,
252, 2.87883242e-01,
253, 2.89490711e-01,
254, 2.54686474e-01,
255, 2.90248857e-01,
256, 3.09688777e-01,
257, 2.09809757e-01,
258, 2.16661093e-01,
259, 1.65232536e-01,
260, 2.82482671e-01,
261, 2.09569058e-01,
262, 2.08928498e-01,
263, 2.07199056e-01,
264, 2.06398522e-01,
265, 2.02000898e-01,
266, 3.26498545e-01,
267, 2.40870467e-01,
268, 1.39599828e-01,
269, 8.23557220e-02,
270, 2.04410733e-01,
271, 2.09164953e-01,
272, 2.07900032e-01,
273, 2.52722819e-01,
274, 2.09773516e-01,
275, 1.76217583e-01,
276, 1.81033351e-01,
277, 2.84144011e-01,
278, 2.97679198e-01,
279, 2.94463415e-01,
280, 3.34545088e-01,
281, 2.46846555e-01,
282, 2.77422777e-01,
283, 2.89744095e-01,
284, 1.96159960e-01,
285, 2.04974189e-01,
286, 1.98966011e-01,
287, 1.95894510e-01,
288, 2.02243539e-01,
289, 3.06752241e-01,
290, 2.09393583e-01,
291, 2.09576938e-01,
292, 2.08153217e-01,
293, 3.09176954e-01,
294, 8.84226357e-02,
295, 1.45660300e-01,
296, 1.32336062e-01,
297, 3.07566187e-01,
298, 8.93899755e-02,
299, 2.78603450e-01,
300, 1.59073485e-01,
301, 1.95974377e-01,
302, 1.39700554e-01,
303, 1.94696588e-01,
304, 1.34530094e-01,
305, 1.71708396e-01,
306, 1.75653037e-01,
307, 7.42402589e-02,
308, 1.40569079e-01,
309, 2.98230132e-01,
310, 3.16064072e-01,
311, 3.22284473e-01,
312, 3.24533243e-01,
313, 3.11621202e-01,
314, 2.72341484e-01,
315, 3.54464958e-01,
316, 3.32135177e-01,
317, 3.14985373e-01,
318, 3.35567528e-01,
319, 3.24441991e-02,
320, 8.36137463e-02,
321, 3.15639062e-01,
322, 3.26855981e-01,
323, 3.35593973e-01,
324, 3.08776722e-01,
325, 3.34474213e-01,
326, 1.32912314e-01,
327, 8.57434498e-02,
328, 9.13729861e-02,
329, 3.34051260e-01,
330, 2.12525988e-01,
331, 2.22057171e-01,
332, 3.04872540e-01,
333, 2.94965122e-01,
334, 3.05762066e-01,
335, 3.14359502e-01,
336, 2.81318299e-01,
337, 2.07816438e-01,
338, 2.08692053e-01,
339, 2.73598551e-01,
340, 2.08337592e-01,
341, 2.91337816e-01,
342, 2.06926914e-01,
343, 9.38594544e-02,
344, 2.00420029e-01,
345, 2.57073169e-01,
346, 2.55565394e-01,
347, 2.90320271e-01,
348, 2.69747694e-01,
349, 2.93396627e-01,
350, 3.15334928e-01,
351, 3.01397458e-01,
352, 2.98500964e-01,
353, 2.96412823e-01,
354, 2.91366810e-01,
355, 3.29337369e-01,
356, 3.33291889e-01,
357, 2.57866937e-01,
358, 3.13518110e-01,
359, 2.83288813e-01,
360, 2.65213437e-01,
361, 2.51133213e-01,
362, 3.03951706e-01,
363, 3.30244498e-01,
364, 3.16623110e-01,
365, 3.30520612e-01,
366, 3.13610575e-01,
367, 3.31029215e-01,
368, 3.10098084e-01,
369, 3.57962143e-01,
370, 4.28567812e-01,
371, 2.76539580e-01,
372, 3.33569623e-01,
373, 2.92518295e-01,
374, 2.33265629e-01,
375, 2.46157201e-01,
376, 2.50414076e-01,
377, 2.27444399e-01,
378, 2.01812156e-01,
379, 1.91577169e-01,
380, 2.10067642e-01,
381, 1.14855675e-01,
382, 1.13818018e-01,
383, 1.10514865e-01,
384, 2.62110116e-01,
385, 2.70263306e-01,
386, 1.22681750e-01,
387, 1.19222850e-01,
388, 2.31855320e-01,
389, 1.23855625e-01,
390, 1.19079994e-01,
391, 1.26882530e-01,
392, 1.54968756e-01,
393, 1.45096626e-01,
394, 1.52401775e-01,
395, 1.57397851e-01,
396, 1.63655515e-01,
397, 1.61468157e-01,
398, 2.15642032e-01,
399, 1.32260284e-01,
400, 1.26628593e-01,
401, 2.22250889e-01,
402, 1.42518405e-01,
403, 1.32500093e-01,
404, 1.43063355e-01,
405, 1.37095993e-01,
406, 1.21619960e-01,
407, 1.52441113e-01,
408, 1.48096994e-01,
409, 1.64287028e-01,
410, 1.14833570e-01,
411, 1.16828160e-01,
412, 1.13348718e-01,
413, 1.13335505e-01,
414, 1.13607860e-01,
415, 1.14092881e-01,
416, 1.16881544e-01,
417, 1.15799580e-01,
418, 1.20049172e-01,
419, 1.12722854e-01,
420, 1.10714216e-01,
421, 1.25194456e-01,
422, 1.22980022e-01,
423, 1.30616213e-01,
424, 2.40268140e-01,
425, 2.53264893e-01,
426, 1.37279432e-01,
427, 1.34393808e-01,
428, 1.44548372e-01,
429, 1.51951767e-01,
430, 1.48650331e-01,
431, 1.60406000e-01,
432, 1.16542083e-01,
433, 1.15779445e-01,
434, 1.68233598e-01,
435, 1.64838414e-01,
436, 1.77730489e-01,
437, 1.84937010e-01,
438, 1.82014956e-01,
439, 1.95436468e-01,
440, 2.00992532e-01,
441, 1.98873247e-01,
442, 2.11956113e-01,
443, 1.24947656e-01,
444, 1.25079381e-01,
445, 2.15795732e-01,
446, 2.14557897e-01,
447, 2.27042605e-01,
448, 2.28811971e-01,
449, 2.28739980e-01,
450, 2.40520423e-01,
451, 2.41213540e-01,
452, 1.36955726e-01,
453, 1.37659528e-01,
454, 1.46329173e-01,
455, 1.54883247e-01,
456, 1.51449779e-01,
457, 1.52240666e-01,
458, 1.99925633e-01,
459, 1.35645159e-01,
460, 1.67247441e-01,
461, 1.67275643e-01,
462, 1.25097703e-01,
463, 1.83168279e-01,
464, 1.15292889e-01,
465, 1.81396112e-01,
466, 1.51578393e-01,
467, 1.37067087e-01,
468, 1.98359500e-01,
469, 2.12186307e-01,
470, 1.23727205e-01,
471, 1.89846369e-01,
472, 1.13284700e-01,
473, 1.06812054e-01,
474, 1.05097992e-01,
475, 1.08253644e-01,
476, 2.17673347e-01,
477, 1.66261675e-01,
478, 1.79622235e-01,
479, 1.59643550e-01,
480, 1.67347285e-01,
481, 1.63811759e-01,
482, 1.69397278e-01,
483, 1.67230368e-01,
484, 1.70313550e-01,
485, 1.71907737e-01,
486, 2.79727959e-01,
487, 2.61161461e-01,
488, 2.19060116e-01,
489, 1.70092492e-01,
490, 1.69875241e-01,
491, 2.45775549e-01,
492, 2.27204197e-01,
493, 1.66113576e-01,
501, 2.02626790e-01,
502, 4.29049094e-01,
503, 1.34340231e-01,
504, 2.06962365e-01,
505, 1.94104707e-01,
506, 2.20214092e-01,
507, 2.04398869e-01,
508, 1.78006889e-01,
509, 1.75569072e-01,
510, 1.70544026e-01,
511, 1.84654595e-01,
512, 2.95538426e-01,
513, 1.70251940e-01,
514, 3.03572379e-01,
515, 2.04577180e-01,
516, 2.02742257e-01,
517, 2.03704577e-01,
518, 2.05277391e-01,
519, 2.06171306e-01,
520, 2.06064308e-01,
521, 2.10228525e-01,
522, 2.27046624e-01,
523, 2.52270498e-01,
524, 2.77897237e-01,
525, 2.98815276e-01,
526, 3.13156322e-01,
527, 3.21764681e-01,
528, 3.27961223e-01,
529, 3.33350714e-01,
530, 3.38285077e-01,
531, 3.43018535e-01,
532, 3.47345801e-01,
533, 3.51119261e-01,
534, 3.54407349e-01,
535, 3.56719678e-01,
536, 3.59028384e-01,
537, 3.60891415e-01,
538, 3.61934416e-01,
539, 3.63187822e-01,
540, 3.63607350e-01,
541, 3.64441561e-01,
542, 3.65382572e-01,
543, 3.65565113e-01,
544, 4.27214593e-01,
545, 4.17216570e-01,
546, 3.91977104e-01,
547, 3.59768027e-01,
548, 3.15573900e-01,
549, 2.82811788e-01,
550, 2.44031901e-01,
551, 2.12596582e-01,
552, 1.51983958e-01,
553, 2.59553816e-01,
554, 3.08543435e-01,
555, 2.44816556e-01,
556, 3.52977472e-01,
557, 4.02638909e-01,
558, 1.93554333e-01,
559, 1.95881060e-01,
560, 2.01737178e-01,
561, 1.86539185e-01,
562, 1.83958839e-01,
563, 1.96177918e-01,
564, 2.02450872e-01,
565, 2.74957298e-01,
566, 2.53045076e-01,
567, 2.29285005e-01,
568, 3.09117292e-01,
569, 2.45145835e-01,
570, 2.66219980e-01,
571, 2.85550449e-01,
572, 1.76081759e-01,
573, 1.70366333e-01,
574, 1.70536595e-01,
575, 1.69834252e-01,
576, 1.72945885e-01,
577, 1.67278613e-01,
578, 1.61143806e-01,
579, 1.52356095e-01,
580, 1.42677944e-01,
581, 1.31177987e-01,
582, 1.20597573e-01,
583, 1.09912184e-01,
584, 1.02722748e-01,
585, 9.95022883e-02,
586, 1.01206168e-01,
587, 1.07969735e-01,
588, 1.19095016e-01,
589, 1.32368055e-01,
590, 1.46305435e-01,
591, 1.60253706e-01,
592, 1.73346370e-01,
593, 1.86521783e-01,
594, 1.96804877e-01,
595, 2.04711648e-01,
596, 2.08065446e-01,
597, 2.90609307e-01,
598, 2.81059527e-01,
599, 2.70073619e-01,
600, 2.58810360e-01,
601, 2.45644458e-01,
602, 2.31163274e-01,
603, 2.15163226e-01,
604, 1.96704453e-01,
605, 1.77985577e-01,
606, 1.60584749e-01,
607, 1.44012258e-01,
608, 1.29515806e-01,
609, 1.18586257e-01,
610, 1.12731753e-01,
611, 1.11896880e-01,
612, 1.16658043e-01,
613, 1.24506807e-01,
614, 1.35596350e-01,
615, 1.45865536e-01,
616, 1.55244807e-01,
617, 1.64425894e-01,
618, 2.07100889e-01,
619, 2.07986673e-01,
620, 2.06875122e-01,
621, 2.02009625e-01,
622, 1.89895313e-01,
623, 1.68112550e-01,
624, 1.23923964e-01,
625, 6.14629723e-02,
626, 1.82511364e-02,
627, 1.07922166e-01,
628, 1.99996573e-01,
629, 2.88217352e-01,
630, 3.66665743e-01,
631, 4.11939688e-01,
632, 2.04864106e-01,
633, 2.05651824e-01,
634, 2.07020580e-01,
635, 2.07805858e-01,
636, 2.07755739e-01,
637, 2.08256262e-01,
638, 2.17773393e-01,
639, 2.39037067e-01,
640, 2.62474250e-01,
641, 2.84577083e-01,
642, 3.01306548e-01,
643, 3.12869945e-01,
644, 3.19367523e-01,
645, 3.24260152e-01,
646, 3.28678562e-01,
647, 3.32674052e-01,
648, 3.36522515e-01,
649, 3.40097946e-01,
650, 3.43183765e-01,
651, 3.45822901e-01,
652, 3.47974630e-01,
653, 3.49693052e-01,
654, 3.51283939e-01,
655, 3.52507738e-01,
656, 3.52697693e-01,
657, 3.53106732e-01,
658, 3.53196118e-01,
659, 3.53645912e-01,
660, 3.54255788e-01,
661, 3.54202780e-01,
662, 3.54237854e-01,
663, 3.03126252e-01,
664, 2.97021605e-01,
665, 2.86859715e-01,
666, 3.10942387e-01,
667, 1.03248265e-01,
668, 1.03232385e-01,
669, 1.72861292e-01,
670, 1.53880160e-01,
671, 1.64652702e-01,
672, 8.11201739e-02,
673, 2.08447153e-01,
674, 2.08246337e-01,
675, 2.06842449e-01,
676, 4.93139708e-02,
677, 8.54091828e-02,
678, 1.72185810e-01,
679, 1.18346227e-01,
680, 1.12107016e-01,
681, 1.93985703e-01,
682, 1.32816900e-01,
683, 3.98749747e-01,
684, 3.88645549e-01,
685, 4.20364796e-01,
686, 1.56494976e-01,
687, 1.36843541e-01,
688, 1.61633530e-01,
689, 1.55822185e-01,
690, 1.60412085e-01,
691, 7.59596966e-02,
692, 5.19628536e-02,
693, 7.86254256e-02,
694, 2.04161783e-01,
695, 2.66783768e-01,
696, 2.62602265e-01,
697, 2.32483317e-01,
698, 1.52111962e-01,
699, 1.48517679e-01,
700, 1.94689366e-01,
701, 1.76391687e-01,
702, 1.67424498e-01,
703, 3.34907452e-01,
704, 3.32563147e-01,
705, 1.31499040e-01,
706, 1.05636766e-01,
707, 2.21748572e-01,
708, 2.02472762e-01,
709, 3.29672374e-01,
710, 3.20823838e-01,
711, 3.18897579e-01,
712, 3.08766263e-01,
713, 1.09542837e-01,
714, 1.10604181e-01,
715, 2.42939092e-01,
716, 1.89789064e-01,
717, 2.68463833e-01,
718, 3.15119109e-01,
719, 3.13888221e-01,
720, 2.87566366e-01,
721, 1.15472646e-01,
722, 3.14509020e-01,
723, 2.73502356e-01,
724, 3.14791999e-01,
725, 3.18630493e-01,
726, 3.15803973e-01,
727, 3.40546814e-01,
728, 3.16658499e-01,
729, 3.37150495e-01,
730, 3.12762163e-01,
731, 2.87883242e-01,
732, 2.89490711e-01,
733, 2.54686474e-01,
734, 2.90248857e-01,
735, 3.09688777e-01,
736, 2.09809757e-01,
737, 2.16661093e-01,
738, 1.65232536e-01,
739, 2.82482671e-01,
740, 2.09569058e-01,
741, 2.08928498e-01,
742, 2.07199056e-01,
743, 2.06398522e-01,
744, 2.02000898e-01,
745, 3.26498545e-01,
746, 2.40870467e-01,
747, 1.39599828e-01,
748, 8.23557220e-02,
749, 2.04410733e-01,
750, 2.09164953e-01,
751, 2.07900032e-01,
752, 2.52722819e-01,
753, 2.09773516e-01,
754, 1.76217583e-01,
755, 1.81033351e-01,
756, 2.84144011e-01,
757, 2.97679198e-01,
758, 2.94463415e-01,
759, 3.34545088e-01,
760, 2.46846555e-01,
761, 2.77422777e-01,
762, 2.89744095e-01,
763, 1.96159960e-01,
764, 2.04974189e-01,
765, 1.98966011e-01,
766, 1.95894510e-01,
767, 2.02243539e-01,
768, 3.06752241e-01,
769, 2.09393583e-01,
770, 2.09576938e-01,
771, 2.08153217e-01,
772, 3.09176954e-01,
773, 8.84226357e-02,
774, 1.45660300e-01,
775, 1.32336062e-01,
776, 3.07566187e-01,
777, 8.93899755e-02,
778, 2.78603450e-01,
779, 1.59073485e-01,
780, 1.95974377e-01,
781, 1.39700554e-01,
782, 1.94696588e-01,
783, 1.34530094e-01,
784, 1.71708396e-01,
785, 1.75653037e-01,
786, 7.42402589e-02,
787, 1.40569079e-01,
788, 2.98230132e-01,
789, 3.16064072e-01,
790, 3.22284473e-01,
791, 3.24533243e-01,
792, 3.11621202e-01,
793, 2.72341484e-01,
794, 3.54464958e-01,
795, 3.32135177e-01,
796, 3.14985373e-01,
797, 3.35567528e-01,
798, 3.24441991e-02,
799, 8.36137463e-02,
800, 3.15639062e-01,
801, 3.26855981e-01,
802, 3.35593973e-01,
803, 3.08776722e-01,
804, 3.34474213e-01,
805, 1.32912314e-01,
806, 8.57434498e-02,
807, 9.13729861e-02,
808, 3.34051260e-01,
809, 2.12525988e-01,
810, 2.22057171e-01,
811, 3.04872540e-01,
812, 2.94965122e-01,
813, 3.05762066e-01,
814, 3.14359502e-01,
815, 2.81318299e-01,
816, 2.07816438e-01,
817, 2.08692053e-01,
818, 2.73598551e-01,
819, 2.08337592e-01,
820, 2.91337816e-01,
821, 2.06926914e-01,
822, 9.38594544e-02,
823, 2.00420029e-01,
824, 2.57073169e-01,
825, 2.55565394e-01,
826, 2.90320271e-01,
827, 2.69747694e-01,
828, 2.93396627e-01,
829, 3.15334928e-01,
830, 3.01397458e-01,
831, 2.98500964e-01,
832, 2.96412823e-01,
833, 2.91366810e-01,
834, 3.29337369e-01,
835, 3.33291889e-01,
836, 2.57866937e-01,
837, 3.13518110e-01,
838, 2.83288813e-01,
839, 2.65213437e-01,
840, 2.51133213e-01,
841, 3.03951706e-01,
842, 3.30244498e-01,
843, 3.16623110e-01,
844, 3.30520612e-01,
845, 3.13610575e-01,
846, 3.31029215e-01,
847, 3.10098084e-01,
848, 3.57962143e-01,
849, 4.28567812e-01,
850, 2.76539580e-01,
851, 3.33569623e-01,
852, 2.92518295e-01,
853, 2.33265629e-01,
854, 2.46157201e-01,
855, 2.50414076e-01,
856, 2.27444399e-01,
857, 2.01812156e-01,
858, 1.91577169e-01,
859, 2.10067642e-01,
860, 1.14855675e-01,
861, 1.13818018e-01,
862, 1.10514865e-01,
863, 2.62110116e-01,
864, 2.70263306e-01,
865, 1.22681750e-01,
866, 1.19222850e-01,
867, 2.31855320e-01,
868, 1.23855625e-01,
869, 1.19079994e-01,
870, 1.26882530e-01,
871, 1.54968756e-01,
872, 1.45096626e-01,
873, 1.52401775e-01,
874, 1.57397851e-01,
875, 1.63655515e-01,
876, 1.61468157e-01,
877, 2.15642032e-01,
878, 1.32260284e-01,
879, 1.26628593e-01,
880, 2.22250889e-01,
881, 1.42518405e-01,
882, 1.32500093e-01,
883, 1.43063355e-01,
884, 1.37095993e-01,
885, 1.21619960e-01,
886, 1.52441113e-01,
887, 1.48096994e-01,
888, 1.64287028e-01,
889, 1.14833570e-01,
890, 1.16828160e-01,
891, 1.13348718e-01,
892, 1.13335505e-01,
893, 1.13607860e-01,
894, 1.14092881e-01,
895, 1.16881544e-01,
896, 1.15799580e-01,
897, 1.20049172e-01,
898, 1.12722854e-01,
899, 1.10714216e-01,
900, 1.25194456e-01,
901, 1.22980022e-01,
902, 1.30616213e-01,
903, 2.40268140e-01,
904, 2.53264893e-01,
905, 1.37279432e-01,
906, 1.34393808e-01,
907, 1.44548372e-01,
908, 1.51951767e-01,
909, 1.48650331e-01,
910, 1.60406000e-01,
911, 1.16542083e-01,
912, 1.15779445e-01,
913, 1.68233598e-01,
914, 1.64838414e-01,
915, 1.77730489e-01,
916, 1.84937010e-01,
917, 1.82014956e-01,
918, 1.95436468e-01,
919, 2.00992532e-01,
920, 1.98873247e-01,
921, 2.11956113e-01,
922, 1.24947656e-01,
923, 1.25079381e-01,
924, 2.15795732e-01,
925, 2.14557897e-01,
926, 2.27042605e-01,
927, 2.28811971e-01,
928, 2.28739980e-01,
929, 2.40520423e-01,
930, 2.41213540e-01,
931, 1.36955726e-01,
932, 1.37659528e-01,
933, 1.46329173e-01,
934, 1.54883247e-01,
935, 1.51449779e-01,
936, 1.52240666e-01,
937, 1.99925633e-01,
938, 1.35645159e-01,
939, 1.67247441e-01,
940, 1.67275643e-01,
941, 1.25097703e-01,
942, 1.83168279e-01,
943, 1.15292889e-01,
944, 1.81396112e-01,
945, 1.51578393e-01,
946, 1.37067087e-01,
947, 1.98359500e-01,
948, 2.12186307e-01,
949, 1.23727205e-01,
950, 1.89846369e-01,
951, 1.13284700e-01,
952, 1.06812054e-01,
953, 1.05097992e-01,
954, 1.08253644e-01,
955, 2.17673347e-01,
956, 1.66261675e-01,
957, 1.79622235e-01,
958, 1.59643550e-01,
959, 1.67347285e-01,
960, 1.63811759e-01,
961, 1.69397278e-01,
962, 1.67230368e-01,
963, 1.70313550e-01,
964, 1.71907737e-01,
965, 2.79727959e-01,
966, 2.61161461e-01,
967, 2.19060116e-01,
968, 1.70092492e-01,
969, 1.69875241e-01,
970, 2.45775549e-01,
971, 2.27204197e-01,
972, 1.66113576e-01,
-1,0.,
1,80061,1,
MODE_006_UX_74046.7Hz
0.,-1.,0.,
80061,0,0,0,0,0,0,0,0,0,
0,0,0,0,0,0,0,0,0,0,
0,0,3,7,
0,1,1,
1,-4.79907487e-01,
2,-9.65992549e-02,
3, 4.28081147e-02,
4,-3.51409573e-02,
5, 3.36258854e-02,
6, 1.36839799e-02,
7,-3.21707219e-01,
8,-3.20471297e-01,
9,-1.85449578e-01,
10,-2.51084579e-01,
11, 1.13837974e-01,
12, 1.34594795e-01,
13,-5.52341510e-02,
14, 6.97198652e-02,
15, 8.45017688e-02,
16, 1.87386520e-01,
17, 1.39974336e-01,
18,-4.83629331e-01,
19,-8.21565620e-02,
20,-4.73170327e-01,
21,-4.56802654e-01,
22,-4.30997618e-01,
23,-3.94959430e-01,
24,-3.45733395e-01,
25,-2.66617271e-01,
26,-1.52208256e-01,
27,-2.13165234e-02,
28, 9.17111717e-02,
29, 1.69233190e-01,
30, 2.31831932e-01,
31, 2.90824044e-01,
32, 3.48195414e-01,
33, 4.00517699e-01,
34, 4.44467916e-01,
35, 4.77658110e-01,
36, 4.98848190e-01,
37, 5.07244477e-01,
38, 5.02889613e-01,
39, 4.83289713e-01,
40, 4.52680249e-01,
41, 4.09455606e-01,
42, 3.54187707e-01,
43, 2.90524026e-01,
44, 2.19178590e-01,
45, 1.43492136e-01,
46, 6.37139913e-02,
47,-1.69885591e-02,
48, 4.33088970e-02,
49, 4.71764162e-02,
50, 4.82313592e-02,
51, 4.40949495e-02,
52, 3.72820055e-02,
53, 2.83454662e-02,
54, 1.04380367e-02,
55,-1.06778820e-02,
56, 1.74202879e-03,
57, 5.30706880e-03,
58, 8.60558596e-03,
59, 5.07742449e-02,
60, 6.79479105e-02,
61, 5.89946833e-02,
62,-1.84294720e-02,
63,-3.88964699e-04,
64, 8.03634771e-03,
65,-3.26814003e-01,
66,-2.87586247e-01,
67,-2.41842328e-01,
68, 7.73785481e-02,
69, 1.90050626e-02,
70,-4.78527066e-02,
71,-2.03607511e-03,
72,-2.06172169e-02,
73,-1.29170749e-01,
74,-2.32954299e-01,
75, 1.19388725e-01,
76,-8.65031842e-02,
77,-7.67583030e-04,
78, 7.33889678e-02,
79, 1.25760473e-01,
80, 2.31303345e-01,
81, 2.37480821e-01,
82, 2.05627563e-01,
83, 1.30594278e-01,
84, 1.47515498e-01,
85, 1.63729596e-01,
86, 1.75796106e-01,
87, 1.86042934e-01,
88, 1.90723108e-01,
89, 1.92703870e-01,
90, 1.89030337e-01,
91, 1.83082624e-01,
92, 1.71439363e-01,
93, 1.57551168e-01,
94, 1.39378068e-01,
95, 1.16802115e-01,
96, 9.13595795e-02,
97, 5.97256009e-02,
98, 2.59090204e-02,
99,-1.16837353e-02,
100,-5.23959014e-02,
101,-9.68812587e-02,
102,-1.44203604e-01,
103,-1.95457488e-01,
104, 1.68819626e-01,
105, 2.03590074e-01,
106, 2.37483327e-01,
107, 2.70539713e-01,
108, 3.01030380e-01,
109, 3.28671184e-01,
110, 3.53378656e-01,
111, 3.68321086e-01,
112, 3.81367696e-01,
113, 3.90955328e-01,
114, 3.92830675e-01,
115, 3.93507394e-01,
116, 3.88647231e-01,
117, 3.81398691e-01,
118, 3.66187298e-01,
119, 3.51654197e-01,
120, 3.30067742e-01,
121, 3.11419313e-01,
122, 2.83081703e-01,
123, 2.58220597e-01,
124, 2.29800236e-01,
125,-4.87933713e-01,
126,-4.89557603e-01,
127,-4.89123182e-01,
128,-4.84087802e-01,
129,-4.61231252e-01,
130,-4.31330772e-01,
131,-3.69912064e-01,
132,-3.08026672e-01,
133,-2.45792375e-01,
134,-1.82529406e-01,
135,-1.23577246e-01,
136,-7.04243796e-02,
137,-2.49960878e-02,
138, 1.39601034e-02,
139,-5.69415680e-02,
140,-3.48936367e-02,
141,-1.53601409e-02,
142, 4.93411007e-03,
143, 2.56032556e-02,
144, 4.47712628e-02,
145, 5.44151158e-02,
146, 5.77512483e-02,
147, 6.98620075e-02,
148, 1.66167147e-02,
149,-6.43723086e-02,
150,-5.88440012e-02,
151,-5.62357442e-02,
152,-4.69808262e-02,
153,-4.78894721e-01,
154,-4.65382912e-01,
155,-4.43873642e-01,
156,-4.14388989e-01,
157,-3.76276053e-01,
158,-3.22933960e-01,
159,-2.38755009e-01,
160,-1.27717050e-01,
161,-8.21269626e-03,
162, 9.32542903e-02,
163, 1.61808985e-01,
164, 2.20456861e-01,
165, 2.74585462e-01,
166, 3.27985290e-01,
167, 3.78236849e-01,
168, 4.22800720e-01,
169, 4.59636211e-01,
170, 4.87135949e-01,
171, 5.04583279e-01,
172, 5.11564030e-01,
173, 5.07379656e-01,
174, 4.92012407e-01,
175, 4.66615710e-01,
176, 4.31430259e-01,
177, 3.85216510e-01,
178, 3.31455014e-01,
179, 2.70674021e-01,
180, 2.04954362e-01,
181, 1.35739837e-01,
182, 6.30416821e-02,
183,-9.97410594e-03,
184, 3.05432768e-01,
185, 2.44046277e-01,
186, 2.80394496e-01,
187, 2.77130715e-01,
188, 3.33754182e-01,
189, 3.78691278e-01,
190, 1.14211594e-01,
191, 1.27492699e-02,
192,-7.03782061e-03,
193,-1.91157775e-02,
194,-4.87748111e-01,
195,-4.76267170e-01,
196,-4.85433827e-01,
197, 2.42222717e-01,
198, 3.75473424e-01,
199,-1.51699511e-01,
200, 3.70689918e-01,
201, 1.94350020e-01,
202,-2.54402409e-01,
203, 2.42075132e-01,
204, 3.38629626e-02,
205, 6.27458518e-03,
206, 3.20842378e-02,
207, 1.42638469e-01,
208, 1.28049388e-01,
209, 9.29904744e-02,
210, 2.99953644e-02,
211, 1.53179290e-01,
212,-5.09719797e-02,
213,-1.36950557e-01,
214,-4.06581023e-02,
215, 4.45278806e-01,
216, 4.97115148e-01,
217, 4.51358416e-01,
218, 4.97579687e-01,
219, 4.58771900e-01,
220, 4.24486632e-01,
221,-3.68174145e-01,
222,-3.95514765e-01,
223,-2.93674385e-01,
224, 3.69661762e-01,
225, 3.12162872e-01,
226,-7.33331224e-02,
227, 1.96682558e-02,
228, 2.52803936e-01,
229, 1.23286364e-01,
230, 4.70277433e-01,
231, 4.54416513e-01,
232, 4.77057344e-01,
233, 4.55169397e-01,
234, 5.06536414e-02,
235, 1.39051321e-01,
236, 3.44547455e-01,
237, 3.50878214e-01,
238, 3.03233120e-01,
239, 4.44713898e-01,
240, 4.76580264e-01,
241, 4.60106365e-01,
242, 4.15467098e-01,
243, 2.94647078e-04,
244, 3.32597984e-01,
245, 3.28068953e-01,
246, 3.01352844e-01,
247, 2.50437182e-01,
248, 1.13011302e-01,
249, 1.31250646e-01,
250, 5.98082916e-02,
251, 5.88747296e-02,
252, 1.05249173e-01,
253, 1.73391506e-01,
254, 7.07638345e-02,
255, 3.46712678e-02,
256, 2.31251212e-01,
257, 4.53386107e-02,
258, 3.57114818e-02,
259, 4.54560786e-02,
260, 3.33169041e-02,
261,-4.23798644e-01,
262,-4.44881775e-01,
263,-4.19221944e-01,
264,-4.46035040e-01,
265,-4.21430264e-01,
266,-2.75245165e-02,
267, 2.64018137e-02,
268, 2.60232767e-02,
269,-3.15536210e-03,
270,-3.51027188e-01,
271,-3.68741232e-01,
272,-3.91937394e-01,
273, 1.65627657e-01,
274,-4.06786810e-01,
275, 7.36813903e-02,
276, 4.94372475e-02,
277, 4.81604429e-01,
278, 5.00526653e-01,
279, 5.11572239e-01,
280,-4.30213398e-03,
281, 3.86270919e-01,
282, 4.08419457e-01,
283, 4.53805964e-01,
284,-4.59392827e-01,
285,-4.68719041e-01,
286,-3.69539988e-01,
287,-3.19538567e-01,
288,-3.72769573e-01,
289, 1.51704396e-01,
290,-4.63495511e-01,
291,-4.41209537e-01,
292,-4.59227478e-01,
293, 1.57338777e-01,
294,-2.14964434e-02,
295,-9.92751998e-03,
296, 3.10432397e-02,
297, 3.49819434e-01,
298, 1.50012419e-01,
299, 3.73009900e-02,
300,-1.36347126e-01,
301,-8.98278821e-02,
302,-1.05852280e-01,
303,-4.33352969e-02,
304,-3.15740596e-02,
305, 6.97904366e-02,
306, 7.45615281e-02,
307,-1.26745413e-01,
308,-3.49648358e-01,
309, 3.67880473e-02,
310, 3.75147879e-01,
311, 3.52079958e-01,
312, 3.99199488e-01,
313, 1.98380499e-01,
314, 2.33552351e-01,
315, 3.76744509e-02,
316, 1.46158950e-02,
317, 3.98979401e-01,
318, 4.22200672e-01,
319,-2.25442882e-01,
320,-1.79348265e-01,
321, 4.21596865e-01,
322, 4.38542914e-01,
323, 1.75863505e-01,
324, 2.18548822e-01,
325, 2.39626522e-01,
326,-2.28741203e-01,
327,-1.55999639e-01,
328,-2.85228989e-01,
329, 4.60992327e-01,
330, 1.53035907e-02,
331,-1.00486126e-01,
332, 1.87737015e-01,
333, 3.41201230e-01,
334, 3.88827463e-01,
335, 2.88262823e-01,
336, 5.12169415e-01,
337,-4.66684980e-01,
338,-4.79162678e-01,
339, 5.03512003e-01,
340,-4.87716746e-01,
341, 4.23025182e-01,
342,-4.82306740e-01,
343, 8.57795254e-02,
344, 4.51218649e-01,
345, 4.80899062e-01,
346,-6.54125712e-02,
347, 3.80419584e-01,
348,-1.48053488e-02,
349, 4.93134769e-01,
350, 4.99512092e-01,
351, 5.10524247e-01,
352, 4.23034171e-01,
353, 3.26136519e-01,
354, 2.71854238e-01,
355, 5.11346909e-01,
356, 4.88821312e-01,
357,-6.91171648e-02,
358, 3.47006391e-01,
359, 3.70773964e-01,
360, 1.90173639e-02,
361, 4.21181444e-01,
362, 4.82304407e-01,
363, 4.94129355e-01,
364, 4.98426447e-01,
365, 5.10561160e-01,
366, 5.12387177e-01,
367, 5.17126202e-01,
368, 5.17042715e-01,
369, 4.23892599e-02,
370, 6.42598338e-02,
371, 4.72531496e-02,
372, 2.56517372e-02,
373, 3.80403894e-03,
374, 2.32406476e-02,
375, 1.04072105e-01,
376, 6.35480037e-02,
377, 6.95412658e-02,
378,-3.06009459e-02,
379, 1.39831226e-02,
380, 4.09313847e-02,
381, 2.70825710e-01,
382, 3.07095989e-01,
383, 2.70023986e-01,
384, 1.57219025e-01,
385, 1.28870118e-01,
386, 2.67544548e-01,
387, 3.01990267e-01,
388,-4.15277505e-02,
389, 3.32462111e-01,
390, 3.38662172e-01,
391, 3.15633636e-01,
392, 2.72719302e-01,
393, 2.92489568e-01,
394, 2.72278153e-01,
395, 2.43849759e-01,
396, 2.16082324e-01,
397, 2.50094417e-01,
398,-1.05622408e-02,
399, 2.60505758e-01,
400, 2.93957763e-01,
401, 1.15681267e-01,
402, 2.94117653e-01,
403, 3.15545360e-01,
404, 2.49870028e-01,
405, 2.85939281e-01,
406, 3.18958514e-01,
407, 2.32706584e-01,
408, 2.64918829e-01,
409, 2.54810056e-01,
410, 3.30607355e-01,
411, 3.38169145e-01,
412, 3.54509440e-01,
413, 3.35899070e-01,
414, 3.47755717e-01,
415, 3.62468103e-01,
416, 3.37048295e-01,
417, 3.52334182e-01,
418, 3.66273665e-01,
419, 3.08059343e-01,
420, 2.65237455e-01,
421, 3.34145976e-01,
422, 3.52657485e-01,
423, 3.65704827e-01,
424, 1.44234809e-01,
425, 1.86832013e-01,
426, 3.27137979e-01,
427, 3.49172590e-01,
428, 3.61825605e-01,
429, 3.15672146e-01,
430, 3.41269616e-01,
431, 3.52798582e-01,
432, 3.04964378e-01,
433, 2.56275060e-01,
434, 2.99953701e-01,
435, 3.28888678e-01,
436, 3.39409886e-01,
437, 2.79683115e-01,
438, 3.12361636e-01,
439, 3.22382655e-01,
440, 2.54728663e-01,
441, 2.90854235e-01,
442, 2.99338362e-01,
443, 2.97704753e-01,
444, 2.43240179e-01,
445, 2.25904205e-01,
446, 2.64764097e-01,
447, 2.71840522e-01,
448, 1.90645254e-01,
449, 2.34152886e-01,
450, 2.38982186e-01,
451, 1.93695477e-01,
452, 2.86255085e-01,
453, 2.25986695e-01,
454, 2.12187327e-01,
455, 2.00558901e-01,
456, 2.70484680e-01,
457, 2.04482857e-01,
458, 8.78690579e-02,
459, 2.21785538e-01,
460, 2.50325023e-01,
461, 1.79342655e-01,
462, 2.27269743e-01,
463, 2.25679712e-01,
464, 2.28887459e-01,
465, 1.65397971e-01,
466, 1.25117591e-01,
467, 1.52114000e-01,
468, 1.97150354e-01,
469, 1.65172043e-01,
470, 1.75004707e-01,
471, 1.28607251e-01,
472, 1.93812296e-01,
473, 2.08426645e-01,
474, 2.19341811e-01,
475, 2.26003132e-01,
476,-6.60915754e-02,
477, 9.37610156e-02,
478, 5.88825601e-02,
479, 2.07898985e-01,
480, 1.84673993e-01,
481, 1.84239983e-01,
482, 1.55604340e-01,
483, 2.25850018e-01,
484, 1.98168497e-01,
485, 1.42392656e-01,
486, 1.00051952e-01,
487, 6.08964091e-02,
488,-1.19776150e-01,
489, 2.40244794e-01,
490, 2.37855847e-01,
491,-1.79368945e-02,
492,-1.36227840e-01,
493, 2.48066535e-01,
501, 3.39347218e-01,
502,-3.02767189e-02,
503,-2.37761944e-02,
504, 2.90657684e-01,
505, 2.72969882e-01,
506, 1.60354123e-01,
507, 1.89146401e-01,
508,-2.15236010e-01,
509,-2.15178339e-01,
510,-5.44441308e-02,
511, 4.79833872e-02,
512, 1.35862163e-02,
513,-7.25698805e-02,
514,-3.76129565e-02,
515, 3.41980751e-01,
516, 3.61306198e-01,
517, 3.75367707e-01,
518, 3.81533071e-01,
519, 3.78958995e-01,
520, 3.67921927e-01,
521, 3.37160819e-01,
522, 2.73099138e-01,
523, 1.82569094e-01,
524, 9.08712277e-02,
525, 2.29412843e-02,
526,-3.21504907e-02,
527,-8.63690483e-02,
528,-1.44681567e-01,
529,-2.05159293e-01,
530,-2.64396544e-01,
531,-3.19495614e-01,
532,-3.67970177e-01,
533,-4.07752837e-01,
534,-4.37852707e-01,
535,-4.54575598e-01,
536,-4.61092495e-01,
537,-4.55089862e-01,
538,-4.34933111e-01,
539,-4.03221000e-01,
540,-3.59122131e-01,
541,-3.05939280e-01,
542,-2.43353249e-01,
543,-1.72837349e-01,
544,-5.09080192e-02,
545,-7.29361951e-02,
546,-9.03265875e-02,
547,-9.88584601e-02,
548,-9.98225041e-02,
549,-9.70015199e-02,
550,-8.08308113e-02,
551,-6.02719062e-02,
552, 1.12122709e-02,
553, 1.50964796e-02,
554, 1.39669398e-02,
555,-3.59032562e-02,
556,-4.80491355e-02,
557,-4.17215292e-02,
558, 2.82470131e-01,
559, 2.46073078e-01,
560, 2.10012315e-01,
561,-1.88227556e-01,
562,-1.39965556e-01,
563, 2.11481418e-02,
564, 5.23840684e-02,
565, 7.20564625e-02,
566, 1.45887242e-01,
567, 2.21458371e-01,
568,-2.15202804e-02,
569, 1.19345589e-01,
570, 7.02682559e-02,
571, 1.79846988e-02,
572,-1.32795451e-04,
573,-1.54564502e-01,
574,-2.05615029e-01,
575,-2.26671828e-01,
576,-2.12755749e-01,
577,-2.15145658e-01,
578,-2.20635089e-01,
579,-2.25407888e-01,
580,-2.31907718e-01,
581,-2.36352985e-01,
582,-2.39041961e-01,
583,-2.36882108e-01,
584,-2.33112051e-01,
585,-2.25057122e-01,
586,-2.14900911e-01,
587,-1.99962094e-01,
588,-1.81152554e-01,
589,-1.58615185e-01,
590,-1.28738592e-01,
591,-9.64284759e-02,
592,-5.98726967e-02,
593,-1.88111412e-02,
594, 2.64815537e-02,
595, 7.56409678e-02,
596, 1.30296001e-01,
597,-7.74921086e-02,
598,-1.28168275e-01,
599,-1.76799297e-01,
600,-2.21636573e-01,
601,-2.60587280e-01,
602,-2.93592919e-01,
603,-3.20398419e-01,
604,-3.36103625e-01,
605,-3.47526736e-01,
606,-3.53560143e-01,
607,-3.51211587e-01,
608,-3.46500517e-01,
609,-3.35894351e-01,
610,-3.21611372e-01,
611,-2.99206376e-01,
612,-2.77470620e-01,
613,-2.49758156e-01,
614,-2.25145552e-01,
615,-1.90826686e-01,
616,-1.60493543e-01,
617,-1.25154721e-01,
618, 3.45024809e-01,
619, 3.46172490e-01,
620, 3.45865049e-01,
621, 3.42303730e-01,
622, 3.26141290e-01,
623, 3.04995198e-01,
624, 2.61562348e-01,
625, 2.17800568e-01,
626, 1.73792754e-01,
627, 1.29058642e-01,
628, 8.73729499e-02,
629, 4.97884296e-02,
630, 1.76664992e-02,
631,-9.87863672e-03,
632, 3.60049308e-01,
633, 3.70969939e-01,
634, 3.75749656e-01,
635, 3.72558947e-01,
636, 3.62145092e-01,
637, 3.39040174e-01,
638, 2.91767524e-01,
639, 2.19000577e-01,
640, 1.35959964e-01,
641, 5.87790668e-02,
642, 5.01667132e-03,
643,-4.31905051e-02,
644,-9.09695165e-02,
645,-1.42927328e-01,
646,-1.97032139e-01,
647,-2.50470901e-01,
648,-3.01189757e-01,
649,-3.47336833e-01,
650,-3.87049680e-01,
651,-4.19292000e-01,
652,-4.42650639e-01,
653,-4.56362498e-01,
654,-4.61084604e-01,
655,-4.55678966e-01,
656,-4.38355248e-01,
657,-4.11588856e-01,
658,-3.74741280e-01,
659,-3.29785098e-01,
660,-2.77582258e-01,
661,-2.17366240e-01,
662,-1.51960015e-01,
663,-1.92206111e-01,
664,-1.41914674e-01,
665,-1.92962025e-01,
666,-1.47034209e-01,
667,-2.39737191e-01,
668,-3.00809022e-01,
669,-2.19839677e-01,
670,-1.16440623e-01,
671,-7.90027870e-02,
672,-8.36085152e-02,
673, 3.56124606e-01,
674, 3.64578453e-01,
675, 3.55523621e-01,
676,-1.36963686e-01,
677,-2.86039550e-01,
678, 4.77016142e-02,
679,-2.87103399e-01,
680,-1.18365160e-01,
681, 1.54947189e-01,
682,-1.36945880e-01,
683,-8.27170105e-02,
684,-4.46839609e-02,
685,-4.97104200e-02,
686,-2.20451154e-01,
687,-2.13510530e-01,
688,-2.05724641e-01,
689,-1.58321180e-01,
690,-3.56545837e-02,
691,-6.80028604e-02,
692, 9.52291195e-03,
693,-8.30227912e-02,
694,-3.89299376e-01,
695,-4.21396676e-01,
696,-3.78624054e-01,
697,-4.27679971e-01,
698,-3.85827698e-01,
699,-3.69417593e-01,
700, 2.67085948e-01,
701, 2.63558450e-01,
702, 1.67331878e-01,
703,-4.11750522e-01,
704,-3.72919569e-01,
705,-3.57821755e-02,
706,-1.18152875e-01,
707,-2.26032209e-01,
708,-9.59102641e-02,
709,-3.35451840e-01,
710,-3.27622183e-01,
711,-3.61333091e-01,
712,-3.44978121e-01,
713,-1.59509234e-01,
714,-2.12757024e-01,
715,-3.19184913e-01,
716,-2.97163039e-01,
717,-3.03973989e-01,
718,-4.36200781e-01,
719,-4.49358124e-01,
720,-4.28470855e-01,
721,-3.47921060e-01,
722,-8.77451006e-02,
723,-2.61107418e-01,
724,-1.89720356e-01,
725,-1.45222530e-01,
726,-1.01146062e-01,
727,-2.32967313e-01,
728,-2.11210396e-01,
729,-1.80735387e-01,
730,-1.40782124e-01,
731,-1.51711543e-01,
732,-2.14577624e-01,
733,-8.51817629e-02,
734,-8.85506589e-02,
735,-1.06775188e-01,
736,-1.76647926e-01,
737,-1.45510616e-01,
738,-1.69653310e-01,
739,-1.37014272e-01,
740, 3.46657408e-01,
741, 3.50293213e-01,
742, 3.32015495e-01,
743, 3.40740662e-01,
744, 3.18982326e-01,
745,-3.42339314e-02,
746,-1.12213536e-01,
747,-1.41710885e-01,
748,-1.09715570e-01,
749, 2.98348584e-01,
750, 3.28906821e-01,
751, 3.25586905e-01,
752,-1.72214891e-01,
753, 3.51365791e-01,
754,-2.01956984e-01,
755,-1.79975074e-01,
756,-3.96178203e-01,
757,-4.12149588e-01,
758,-4.31537896e-01,
759,-1.16763856e-01,
760,-3.30955851e-01,
761,-3.27379228e-01,
762,-3.62220459e-01,
763, 3.25956623e-01,
764, 3.44460166e-01,
765, 2.86665424e-01,
766, 2.59173646e-01,
767, 3.01294493e-01,
768,-2.06372534e-02,
769, 3.61711731e-01,
770, 3.62489314e-01,
771, 3.68810601e-01,
772,-4.48561301e-02,
773,-9.70598870e-02,
774,-1.04927080e-01,
775,-1.51592596e-01,
776,-2.29395039e-01,
777,-3.85003919e-02,
778, 7.08144038e-02,
779, 5.36865753e-02,
780,-9.22862244e-03,
781,-8.82723675e-03,
782,-7.81830676e-02,
783,-9.98109586e-02,
784,-2.00711971e-01,
785,-1.94344925e-01,
786,-3.54535625e-04,
787, 2.18066563e-01,
788,-1.20341284e-01,
789,-2.39392041e-01,
790,-1.92152361e-01,
791,-2.45722819e-01,
792,-6.67786078e-02,
793,-2.49021946e-01,
794,-1.09193740e-01,
795,-1.00184209e-01,
796,-4.10715304e-01,
797,-4.39976603e-01,
798, 1.04738415e-01,
799, 8.09052564e-02,
800,-2.95396514e-01,
801,-2.93517841e-01,
802,-2.76426926e-01,
803,-2.73853169e-01,
804,-3.24501977e-01,
805, 9.83764457e-02,
806, 2.51438457e-02,
807, 1.56733959e-01,
808,-4.54163061e-01,
809,-1.43948623e-01,
810, 3.35817614e-02,
811,-7.70185904e-02,
812,-2.41053634e-01,
813,-2.74108627e-01,
814,-3.35078867e-01,
815,-4.41780957e-01,
816, 3.52032532e-01,
817, 3.57977856e-01,
818,-4.42384652e-01,
819, 3.53259459e-01,
820,-4.08340365e-01,
821, 3.50136329e-01,
822,-1.73911869e-01,
823,-3.85452582e-01,
824,-4.26122284e-01,
825,-2.01752474e-02,
826,-2.86486774e-01,
827,-9.12659902e-02,
828,-4.46935384e-01,
829,-4.55797791e-01,
830,-4.51706459e-01,
831,-3.20799916e-01,
832,-3.45388813e-01,
833,-2.99065023e-01,
834,-4.55357411e-01,
835,-4.59286178e-01,
836, 1.41753328e-01,
837,-3.75738461e-01,
838,-3.67223766e-01,
839,-1.33586668e-01,
840,-3.83917739e-01,
841,-3.83080283e-01,
842,-3.74776779e-01,
843,-3.95676611e-01,
844,-4.09058640e-01,
845,-4.23311135e-01,
846,-4.35270301e-01,
847,-4.44146016e-01,
848,-6.51611643e-02,
849,-7.34591989e-02,
850,-3.17285016e-02,
851,-9.66870880e-03,
852,-5.27514185e-02,
853,-3.29881096e-02,
854,-8.32578545e-02,
855,-3.58160123e-02,
856,-8.04365148e-02,
857,-2.47384166e-02,
858,-6.88426268e-02,
859,-7.58321348e-02,
860,-2.73733155e-01,
861,-2.90685468e-01,
862,-2.77456772e-01,
863,-1.08287712e-01,
864,-6.47834527e-02,
865,-2.66334690e-01,
866,-2.80313469e-01,
867, 2.57372755e-02,
868,-2.66644814e-01,
869,-2.80939853e-01,
870,-2.66768803e-01,
871,-1.94776559e-01,
872,-2.15339775e-01,
873,-2.15543638e-01,
874,-2.14886827e-01,
875,-2.05540061e-01,
876,-1.98782735e-01,
877,-2.84990082e-02,
878,-2.56013088e-01,
879,-2.68139670e-01,
880,-1.24959356e-01,
881,-2.33738698e-01,
882,-2.51341891e-01,
883,-2.42389766e-01,
884,-2.51279755e-01,
885,-2.78251253e-01,
886,-2.28540899e-01,
887,-2.32128783e-01,
888,-1.82107741e-01,
889,-2.95785398e-01,
890,-2.91704354e-01,
891,-3.04365874e-01,
892,-3.07161465e-01,
893,-3.08041485e-01,
894,-3.19081203e-01,
895,-3.14185049e-01,
896,-3.18823879e-01,
897,-3.29127335e-01,
898,-2.97114651e-01,
899,-2.77505985e-01,
900,-3.16724896e-01,
901,-3.25027283e-01,
902,-3.34083788e-01,
903,-1.27846015e-01,
904,-1.49683434e-01,
905,-3.14700922e-01,
906,-3.26713457e-01,
907,-3.35167694e-01,
908,-3.07431673e-01,
909,-3.23557224e-01,
910,-3.30195064e-01,
911,-2.99401661e-01,
912,-2.73344550e-01,
913,-2.94724699e-01,
914,-3.14655081e-01,
915,-3.19627763e-01,
916,-2.76218188e-01,
917,-3.00343195e-01,
918,-3.03822872e-01,
919,-2.51111336e-01,
920,-2.79569969e-01,
921,-2.79944410e-01,
922,-2.97254816e-01,
923,-2.64900291e-01,
924,-2.19873468e-01,
925,-2.51737164e-01,
926,-2.49357453e-01,
927,-1.80570191e-01,
928,-2.17182439e-01,
929,-2.10894989e-01,
930,-1.70851166e-01,
931,-2.90444950e-01,
932,-2.51715097e-01,
933,-2.34422307e-01,
934,-2.25274974e-01,
935,-2.78493785e-01,
936,-2.33401610e-01,
937,-1.21861498e-01,
938,-2.44040490e-01,
939,-2.61090784e-01,
940,-2.10247292e-01,
941,-2.50976594e-01,
942,-2.37794806e-01,
943,-2.54934460e-01,
944,-1.93533172e-01,
945,-1.76306898e-01,
946,-2.00998990e-01,
947,-2.08714593e-01,
948,-1.74197347e-01,
949,-2.20461148e-01,
950,-1.60863667e-01,
951,-2.35280173e-01,
952,-2.45780087e-01,
953,-2.52452948e-01,
954,-2.55194701e-01,
955, 2.21877191e-02,
956,-1.46601739e-01,
957,-1.12545049e-01,
958,-2.18889777e-01,
959,-2.03484031e-01,
960,-2.13375503e-01,
961,-2.06373528e-01,
962,-1.93633460e-01,
963,-1.99197669e-01,
964,-2.07948473e-01,
965,-1.80760241e-02,
966,-8.75535436e-03,
967, 7.30975979e-02,
968,-1.53908233e-01,
969,-1.80485371e-01,
970, 4.15480444e-02,
971, 1.05414376e-01,
972,-1.60379218e-01,
-1,0.,
1,80062,1,
MODE_006_UY_74046.7Hz
0.,-1.,0.,
80062,0,0,0,0,0,0,0,0,0,
0,0,0,0,0,0,0,0,0,0,
0,0,3,7,
0,1,1,
1,-1.95062541e-06,
2, 2.33211231e-01,
3, 9.63187369e-06,
4, 8.48377757e-02,
5,-1.26873725e-06,
6,-3.30360498e-02,
7,-8.93448200e-02,
8,-6.55664118e-02,
9,-4.13253980e-02,
10,-1.64088267e-02,
11, 1.90551711e-01,
12, 1.69713331e-01,
13, 1.32229779e-01,
14,-1.37578622e-01,
15,-1.03715580e-01,
16,-8.47572111e-02,
17,-8.67815822e-02,
18,-4.48512873e-06,
19, 1.98343486e-01,
20,-3.77937980e-02,
21,-7.40474470e-02,
22,-1.08571626e-01,
23,-1.40969521e-01,
24,-1.74586784e-01,
25,-2.10200132e-01,
26,-2.34012249e-01,
27,-2.36875166e-01,
28,-2.20222494e-01,
29,-2.01677065e-01,
30,-1.86364272e-01,
31,-1.68679765e-01,
32,-1.43584781e-01,
33,-1.10378644e-01,
34,-7.05547382e-02,
35,-2.58230800e-02,
36, 2.15402243e-02,
37, 6.94051153e-02,
38, 1.16327623e-01,
39, 1.59577262e-01,
40, 1.99403011e-01,
41, 2.34138649e-01,
42, 2.60900598e-01,
43, 2.79716581e-01,
44, 2.88696798e-01,
45, 2.89171344e-01,
46, 2.80439473e-01,
47, 2.61417482e-01,
48, 2.86859141e-02,
49, 5.59709401e-02,
50, 7.95097259e-02,
51, 9.57120256e-02,
52, 1.03888334e-01,
53, 1.08835399e-01,
54, 1.03873993e-01,
55, 9.59152291e-02,
56,-1.75985744e-02,
57,-2.66567150e-02,
58,-2.83578216e-02,
59, 6.26920781e-07,
60, 3.82868952e-06,
61, 8.46914557e-06,
62, 4.44926812e-02,
63, 9.39043851e-04,
64,-1.94014596e-02,
65,-7.26590880e-02,
66,-6.04136365e-02,
67,-5.51599366e-02,
68, 1.88815414e-01,
69, 1.78936126e-01,
70, 1.79447177e-02,
71,-7.20461849e-02,
72,-8.12860096e-02,
73,-7.71449671e-02,
74,-8.02351327e-02,
75,-8.89544521e-02,
76,-8.22769667e-02,
77,-9.86067375e-02,
78,-9.88231727e-02,
79,-1.25572671e-01,
80,-1.27161310e-02,
81, 5.33027418e-02,
82, 1.14934810e-01,
83, 1.70287787e-01,
84, 1.56746410e-01,
85, 1.48295539e-01,
86, 1.42978786e-01,
87, 1.41924106e-01,
88, 1.43530488e-01,
89, 1.45352513e-01,
90, 1.45971554e-01,
91, 1.46587601e-01,
92, 1.46839471e-01,
93, 1.46364615e-01,
94, 1.43411037e-01,
95, 1.39386284e-01,
96, 1.32956166e-01,
97, 1.22338262e-01,
98, 1.10461438e-01,
99, 9.63565149e-02,
100, 7.89988725e-02,
101, 5.94306862e-02,
102, 3.72311212e-02,
103, 1.11911163e-02,
104,-5.92292350e-02,
105,-2.23327617e-02,
106, 1.25486366e-02,
107, 4.29017346e-02,
108, 6.74956851e-02,
109, 8.65319047e-02,
110, 9.97331329e-02,
111, 1.07001220e-01,
112, 1.10109328e-01,
113, 1.09054222e-01,
114, 1.03857515e-01,
115, 9.65183369e-02,
116, 8.63791165e-02,
117, 7.34284726e-02,
118, 5.69544162e-02,
119, 4.07485177e-02,
120, 2.31436291e-02,
121, 6.98458077e-03,
122,-1.32120156e-02,
123,-3.12484512e-02,
124,-5.28047318e-02,
125,-5.05108340e-06,
126,-4.22783899e-06,
127,-3.86114121e-06,
128,-2.77517061e-06,
129,-2.18331530e-06,
130, 2.42559308e-06,
131, 7.04335348e-06,
132, 1.01551918e-05,
133, 1.23058273e-05,
134, 1.29250134e-05,
135, 1.32357311e-05,
136, 1.29073179e-05,
137, 1.18850313e-05,
138, 1.03986255e-05,
139, 1.37469106e-01,
140, 8.42406910e-02,
141, 3.70826606e-02,
142,-1.19119954e-02,
143,-6.18117269e-02,
144,-1.08087390e-01,
145,-1.31369711e-01,
146,-1.39423847e-01,
147,-1.68661806e-01,
148,-4.01162980e-02,
149, 1.55408500e-01,
150, 1.42061986e-01,
151, 1.35765096e-01,
152, 1.13421748e-01,
153,-3.02918941e-02,
154,-5.92478069e-02,
155,-8.75166183e-02,
156,-1.12488927e-01,
157,-1.35874447e-01,
158,-1.56541253e-01,
159,-1.73866580e-01,
160,-1.81996536e-01,
161,-1.84063728e-01,
162,-1.76380444e-01,
163,-1.68903630e-01,
164,-1.59376263e-01,
165,-1.45935138e-01,
166,-1.25855524e-01,
167,-9.95913263e-02,
168,-6.85813756e-02,
169,-3.36895717e-02,
170, 4.07251131e-03,
171, 4.27876270e-02,
172, 8.14044038e-02,
173, 1.18622881e-01,
174, 1.53381626e-01,
175, 1.85456390e-01,
176, 2.12997115e-01,
177, 2.34711426e-01,
178, 2.50619528e-01,
179, 2.59290180e-01,
180, 2.61432197e-01,
181, 2.56820757e-01,
182, 2.44360603e-01,
183, 2.24878020e-01,
184,-3.36122788e-02,
185,-4.33486202e-02,
186,-7.50498409e-03,
187,-6.91929424e-02,
188, 5.28540516e-03,
189, 4.67169203e-02,
190, 1.96688659e-01,
191, 1.51922638e-01,
192, 1.18764634e-01,
193, 1.37356074e-01,
194,-1.58881369e-02,
195,-3.93246222e-02,
196,-1.73525005e-02,
197,-4.85268150e-02,
198, 2.90475866e-02,
199, 8.42392413e-02,
200, 3.53356020e-02,
201,-2.69564051e-02,
202, 3.52739929e-02,
203,-4.84044111e-02,
204, 8.31165555e-02,
205, 5.69180783e-02,
206, 3.82169123e-02,
207, 1.69126543e-01,
208, 1.73900099e-01,
209, 1.97948103e-01,
210, 1.93904596e-01,
211,-1.02756094e-01,
212, 1.47142547e-01,
213, 1.23483125e-01,
214, 1.58070060e-01,
215, 1.05273651e-01,
216, 9.88297461e-02,
217, 8.40968565e-02,
218, 1.07251128e-01,
219, 8.68708632e-02,
220, 9.79487373e-02,
221,-9.54242527e-03,
222, 2.27868310e-02,
223, 5.70313743e-02,
224, 2.12641411e-01,
225, 2.15225041e-01,
226, 1.23936760e-01,
227, 1.47425143e-01,
228, 6.68538797e-02,
229, 1.23512325e-02,
230, 4.12310867e-03,
231, 8.91122160e-03,
232, 3.39448139e-02,
233, 3.27033401e-02,
234, 1.74926481e-01,
235, 1.61832548e-01,
236, 1.06848179e-01,
237, 6.93737857e-02,
238, 1.26651018e-01,
239, 1.72167162e-01,
240, 1.58908090e-01,
241, 1.45842930e-01,
242, 7.65675848e-02,
243, 1.23795664e-01,
244, 3.66636676e-02,
245,-5.97638533e-02,
246,-9.59771734e-02,
247,-1.07395049e-01,
248, 2.16454232e-01,
249, 1.67445961e-01,
250, 1.95790144e-01,
251, 1.40221259e-01,
252, 1.09303348e-01,
253, 1.30067081e-01,
254, 4.97013700e-02,
255, 9.05582749e-02,
256,-8.02482932e-02,
257, 2.04479282e-01,
258, 1.70071605e-01,
259, 1.94469933e-01,
260, 1.60450538e-01,
261,-6.64489633e-02,
262,-5.05076381e-02,
263,-5.03188715e-02,
264,-3.58450264e-02,
265,-2.96788668e-02,
266, 7.59386066e-02,
267, 1.32292090e-01,
268, 1.74386179e-01,
269, 1.58316609e-01,
270,-7.09014254e-02,
271,-9.64032554e-02,
272,-6.85120223e-02,
273, 7.79209767e-02,
274,-9.01194568e-02,
275, 2.11928916e-01,
276, 2.05085943e-01,
277, 7.86761586e-02,
278, 8.23408842e-02,
279, 9.87145061e-02,
280, 1.69431163e-01,
281, 8.17713331e-02,
282, 5.45646883e-02,
283, 5.84511215e-02,
284,-1.57944923e-03,
285,-1.84211974e-02,
286,-3.58661420e-02,
287,-4.69883183e-02,
288,-5.33251854e-02,
289,-1.22518912e-01,
290,-4.80421250e-02,
291,-7.14277674e-02,
292,-6.23494762e-02,
293,-9.39026299e-02,
294, 1.58759852e-01,
295, 1.58316820e-01,
296, 1.83341065e-01,
297,-2.54058589e-02,
298,-9.55646425e-02,
299,-1.37447680e-01,
300, 6.04228430e-02,
301, 1.02879125e-01,
302, 1.18335878e-01,
303, 1.53902851e-01,
304, 1.72728071e-01,
305, 2.14059155e-01,
306, 2.00283700e-01,
307, 1.27246803e-01,
308, 4.12556674e-02,
309, 1.33400228e-01,
310,-3.65964081e-02,
311,-8.03354834e-02,
312,-5.16949442e-02,
313,-1.03941286e-01,
314, 1.18617862e-01,
315, 1.16748817e-01,
316, 1.27065971e-01,
317, 1.81859752e-01,
318, 2.00020206e-01,
319, 7.73203950e-02,
320, 6.49309544e-02,
321,-3.84310959e-03,
322,-2.34460024e-02,
323, 2.15063203e-01,
324, 1.68738045e-01,
325, 2.19288575e-01,
326, 8.96158993e-02,
327, 1.20440872e-01,
328, 6.35736986e-02,
329, 1.81291234e-01,
330, 1.88270504e-01,
331, 5.29943434e-02,
332,-7.88162797e-02,
333,-2.99911076e-04,
334,-1.17932544e-03,
335, 1.85610254e-01,
336, 1.12603205e-01,
337,-3.11642016e-02,
338,-2.70944611e-02,
339, 1.22114371e-01,
340,-1.18675720e-02,
341, 1.54455300e-01,
342,-1.28608045e-02,
343, 1.60168999e-01,
344, 9.38936201e-02,
345, 1.21728850e-01,
346, 9.39446797e-02,
347, 2.47338972e-02,
348, 1.43874950e-01,
349, 1.38927313e-01,
350, 1.45083325e-01,
351, 1.28285153e-01,
352, 3.06454211e-02,
353, 1.62317025e-01,
354, 1.51087574e-01,
355, 1.32625717e-01,
356, 1.60707429e-01,
357,-1.31352314e-01,
358, 1.84368037e-01,
359, 1.48558866e-01,
360, 1.69902714e-01,
361, 1.21760230e-01,
362, 5.94529253e-02,
363, 3.58850492e-02,
364, 6.11447827e-02,
365, 6.79351171e-02,
366, 8.62651713e-02,
367, 9.84389608e-02,
368, 1.11074605e-01,
369, 4.97625425e-02,
370, 3.96271615e-02,
371,-2.38227242e-03,
372,-1.19781181e-02,
373, 7.07977326e-02,
374, 2.34115844e-02,
375, 1.36722817e-02,
376,-1.28965134e-02,
377, 4.42131444e-02,
378, 6.55863502e-02,
379, 8.33750538e-02,
380, 6.63114488e-02,
381, 1.16291431e-01,
382, 1.03995342e-01,
383, 1.22359145e-01,
384,-4.07707426e-03,
385,-3.72524805e-02,
386, 1.09109582e-01,
387, 9.44328432e-02,
388, 5.12974639e-03,
389, 4.46306012e-02,
390, 5.86467786e-02,
391, 6.16344235e-02,
392, 2.73634953e-03,
393, 1.20468632e-02,
394, 3.25465823e-02,
395, 6.00461054e-02,
396, 7.45952187e-02,
397, 3.10268221e-02,
398, 5.08659246e-02,
399, 1.01551424e-01,
400, 8.52489954e-02,
401, 6.10379487e-02,
402, 3.64387838e-02,
403, 3.99057507e-02,
404, 9.29208662e-02,
405, 6.94239555e-02,
406, 7.45481824e-02,
407, 9.04990547e-02,
408, 6.33608443e-02,
409, 2.72918031e-03,
410, 8.76963666e-02,
411, 7.43631085e-02,
412, 7.59289065e-02,
413, 9.84928397e-02,
414, 8.78807291e-02,
415, 8.87808620e-02,
416, 1.07276462e-01,
417, 9.85508711e-02,
418, 9.91826748e-02,
419, 1.12124226e-01,
420, 1.27215273e-01,
421, 1.13770668e-01,
422, 1.07000506e-01,
423, 1.06760997e-01,
424, 3.65667588e-02,
425, 2.48523297e-02,
426, 1.17916333e-01,
427, 1.12870011e-01,
428, 1.12173094e-01,
429, 1.19101896e-01,
430, 1.16309398e-01,
431, 1.14167756e-01,
432, 1.18453512e-01,
433, 1.30292510e-01,
434, 1.16849966e-01,
435, 1.16100805e-01,
436, 1.12612031e-01,
437, 1.10948393e-01,
438, 1.12387783e-01,
439, 1.07287772e-01,
440, 1.00396395e-01,
441, 1.04517406e-01,
442, 9.65628193e-02,
443, 1.22677040e-01,
444, 1.31385405e-01,
445, 8.50438352e-02,
446, 9.12460152e-02,
447, 8.08041701e-02,
448, 6.47195587e-02,
449, 7.29894654e-02,
450, 5.92683680e-02,
451, 4.79245596e-02,
452, 1.24496103e-01,
453, 1.29992209e-01,
454, 1.19335879e-01,
455, 1.18028023e-01,
456, 1.23365007e-01,
457, 1.25596865e-01,
458, 8.44691254e-02,
459, 1.23339832e-01,
460, 1.18913105e-01,
461, 1.17991917e-01,
462, 1.27664760e-01,
463, 1.10612928e-01,
464, 1.31644311e-01,
465, 1.08299266e-01,
466, 1.24218015e-01,
467, 1.32141498e-01,
468, 9.80166533e-02,
469, 8.11802079e-02,
470, 1.36774438e-01,
471, 9.88883289e-02,
472, 1.38924116e-01,
473, 1.39158887e-01,
474, 1.37680571e-01,
475, 1.34896675e-01,
476, 3.47134022e-02,
477, 1.13565153e-01,
478, 1.00280175e-01,
479, 1.01657906e-01,
480, 1.03095884e-01,
481, 1.17518547e-01,
482, 1.36251903e-01,
483, 4.79890464e-02,
484, 8.35395484e-02,
485, 1.51690895e-01,
486,-7.44885937e-02,
487,-4.85144682e-02,
488, 1.64005354e-02,
489,-2.25856838e-02,
490, 1.73890125e-02,
491,-4.08209134e-02,
492,-1.28506000e-02,
493,-2.12560696e-02,
501, 3.39344459e-01,
502,-3.02630974e-02,
503,-2.37779887e-02,
504, 1.64305028e-01,
505, 1.80244973e-01,
506, 1.01911185e-01,
507, 1.65940816e-01,
508, 5.42448035e-02,
509, 2.48325548e-02,
510, 1.32557016e-01,
511,-1.46582166e-01,
512,-1.33089764e-01,
513,-1.92434678e-01,
514,-1.60340647e-01,
515, 3.41974408e-01,
516, 3.07857696e-01,
517, 2.70648803e-01,
518, 2.27989606e-01,
519, 1.79597987e-01,
520, 1.21018929e-01,
521, 3.98929419e-02,
522,-5.78441581e-02,
523,-1.52422978e-01,
524,-2.20570411e-01,
525,-2.62273157e-01,
526,-2.95709371e-01,
527,-3.24918259e-01,
528,-3.47741111e-01,
529,-3.61258269e-01,
530,-3.64176011e-01,
531,-3.56014964e-01,
532,-3.37507700e-01,
533,-3.09599182e-01,
534,-2.73340605e-01,
535,-2.28899269e-01,
536,-1.79094052e-01,
537,-1.23967810e-01,
538,-6.59639480e-02,
539,-7.64201708e-03,
540, 4.91567967e-02,
541, 1.03010756e-01,
542, 1.53248058e-01,
543, 1.96862800e-01,
544,-1.03400103e-02,
545, 6.21866747e-03,
546, 2.21171452e-02,
547, 3.64987846e-02,
548, 4.70977863e-02,
549, 5.69149772e-02,
550, 6.60691982e-02,
551, 7.53727117e-02,
552,-1.36758717e-02,
553,-2.26018083e-02,
554,-2.61370761e-02,
555,-3.59023696e-02,
556,-4.80437210e-02,
557,-4.17095520e-02,
558, 1.79714664e-01,
559, 1.60635294e-01,
560, 1.32004385e-01,
561, 7.87977635e-02,
562, 1.13088339e-01,
563, 4.65258049e-02,
564,-4.95046234e-02,
565,-4.28993147e-02,
566, 3.67877832e-02,
567, 1.07988758e-01,
568,-1.47320873e-01,
569, 2.98838707e-03,
570,-6.91827296e-02,
571,-1.21772372e-01,
572,-1.77719370e-01,
573,-1.72547826e-01,
574,-1.30233569e-01,
575,-6.41294611e-02,
576, 2.80675494e-02,
577, 6.52724027e-03,
578,-1.09135268e-02,
579,-2.32053494e-02,
580,-3.11967226e-02,
581,-3.33702214e-02,
582,-3.34824653e-02,
583,-3.04471573e-02,
584,-2.58058781e-02,
585,-1.73947509e-02,
586,-7.91008751e-03,
587, 2.85173934e-03,
588, 1.59694189e-02,
589, 2.94132285e-02,
590, 4.42738372e-02,
591, 5.97875879e-02,
592, 7.63959935e-02,
593, 9.29101356e-02,
594, 1.10529236e-01,
595, 1.28293724e-01,
596, 1.46122630e-01,
597,-1.61254896e-01,
598,-1.59751570e-01,
599,-1.59052845e-01,
600,-1.60964358e-01,
601,-1.65133967e-01,
602,-1.71218326e-01,
603,-1.79354470e-01,
604,-1.84781049e-01,
605,-1.91808632e-01,
606,-1.99334184e-01,
607,-2.04334881e-01,
608,-2.10002976e-01,
609,-2.13735833e-01,
610,-2.17767830e-01,
611,-2.18660668e-01,
612,-2.19843514e-01,
613,-2.17028121e-01,
614,-2.15267863e-01,
615,-2.09511298e-01,
616,-2.04685527e-01,
617,-1.99831889e-01,
618, 3.45017666e-01,
619, 3.46166511e-01,
620, 3.45859589e-01,
621, 3.42299805e-01,
622, 3.26138202e-01,
623, 3.04998629e-01,
624, 2.61572309e-01,
625, 2.17814929e-01,
626, 1.73810157e-01,
627, 1.29076920e-01,
628, 8.73916680e-02,
629, 4.98066833e-02,
630, 1.76833072e-02,
631,-9.86393084e-03,
632, 3.17210101e-01,
633, 2.87180887e-01,
634, 2.51982468e-01,
635, 2.13475581e-01,
636, 1.69989606e-01,
637, 1.17657412e-01,
638, 4.58830482e-02,
639,-3.83813928e-02,
640,-1.24345457e-01,
641,-1.90660549e-01,
642,-2.33849133e-01,
643,-2.68582578e-01,
644,-2.97352967e-01,
645,-3.20913917e-01,
646,-3.37875543e-01,
647,-3.47459612e-01,
648,-3.48834006e-01,
649,-3.41577433e-01,
650,-3.26538837e-01,
651,-3.04168788e-01,
652,-2.74892552e-01,
653,-2.39448121e-01,
654,-1.98809661e-01,
655,-1.54455557e-01,
656,-1.06423165e-01,
657,-5.71593199e-02,
658,-8.04959106e-03,
659, 3.99358599e-02,
660, 8.56171397e-02,
661, 1.28211839e-01,
662, 1.66065531e-01,
663,-2.39741052e-01,
664,-2.03218880e-01,
665,-2.03575675e-01,
666,-2.44887807e-01,
667,-2.32262499e-01,
668,-2.34741319e-01,
669, 5.83200920e-02,
670, 9.84104323e-02,
671, 8.89557684e-02,
672, 1.10642307e-01,
673, 3.33655388e-01,
674, 3.08965039e-01,
675, 3.30983480e-01,
676,-2.05590966e-01,
677,-2.44960059e-01,
678, 1.66833892e-01,
679,-2.37131311e-01,
680,-1.56487274e-01,
681, 2.04832148e-01,
682,-2.05400055e-01,
683, 3.48275495e-02,
684, 3.58103574e-02,
685, 4.33645573e-03,
686, 1.87298971e-02,
687, 3.24213488e-02,
688, 7.42162508e-02,
689, 1.15901329e-01,
690,-1.80973646e-01,
691, 1.40088125e-01,
692, 1.84154423e-01,
693, 1.40522031e-01,
694,-2.40419951e-01,
695,-2.81630309e-01,
696,-2.59693139e-01,
697,-2.76003971e-01,
698,-2.62973745e-01,
699,-2.30897160e-01,
700, 2.53590921e-01,
701, 2.95783895e-01,
702, 2.47986421e-01,
703,-1.11030155e-01,
704,-6.85453978e-02,
705, 1.39490872e-01,
706, 9.03377612e-02,
707,-1.31486546e-01,
708,-7.84429835e-02,
709,-3.29620884e-01,
710,-3.15019813e-01,
711,-3.13327875e-01,
712,-2.98728614e-01,
713, 8.78741675e-02,
714, 1.61087600e-02,
715,-1.68078770e-01,
716,-1.99053690e-01,
717,-1.24862402e-01,
718,-1.92719645e-01,
719,-2.24628148e-01,
720,-2.22217806e-01,
721,-2.39638144e-01,
722, 8.73284067e-02,
723,-2.09257162e-01,
724,-2.74239208e-01,
725,-2.80954750e-01,
726,-2.53025597e-01,
727, 7.31451973e-02,
728, 2.55939523e-02,
729, 9.61536900e-02,
730, 5.75206826e-02,
731, 2.86673456e-03,
732,-3.06349948e-02,
733,-1.48934115e-02,
734, 3.95180817e-02,
735,-2.20263412e-01,
736, 1.12529448e-01,
737, 9.50069541e-02,
738, 1.05368707e-01,
739, 8.98970544e-02,
740, 2.52684383e-01,
741, 2.78864627e-01,
742, 2.60853864e-01,
743, 2.90048140e-01,
744, 2.77010070e-01,
745, 7.31594759e-02,
746, 7.48757326e-02,
747, 1.04908414e-01,
748, 1.14177926e-01,
749, 1.98078826e-01,
750, 1.92572030e-01,
751, 2.28696274e-01,
752,-6.20179887e-02,
753, 2.23917633e-01,
754, 9.77557629e-02,
755, 1.10060248e-01,
756,-2.84913312e-01,
757,-2.95701993e-01,
758,-2.91934503e-01,
759, 1.22847992e-01,
760,-2.15313722e-01,
761,-2.50213106e-01,
762,-2.79558090e-01,
763, 3.23722944e-01,
764, 3.18408659e-01,
765, 2.35943039e-01,
766, 1.92722129e-01,
767, 2.25881293e-01,
768,-1.93905161e-01,
769, 2.93769907e-01,
770, 2.61475197e-01,
771, 2.80635126e-01,
772,-1.77654503e-01,
773, 1.27460449e-01,
774, 1.18966714e-01,
775, 1.07690825e-01,
776,-2.65324349e-01,
777,-1.73649205e-01,
778,-1.23565970e-01,
779, 1.39137379e-01,
780, 1.36264432e-01,
781, 1.58524967e-01,
782, 1.39468432e-01,
783, 1.44463422e-01,
784, 1.02013389e-01,
785, 8.88990003e-02,
786, 1.79599618e-01,
787, 2.76410887e-01,
788, 6.83151282e-02,
789,-2.91147178e-01,
790,-3.05763891e-01,
791,-3.18830511e-01,
792,-2.13773784e-01,
793,-8.12709567e-02,
794, 5.59140208e-02,
795, 7.95142116e-02,
796,-1.53526776e-01,
797,-1.57105314e-01,
798, 2.14085966e-01,
799, 1.72731493e-01,
800,-3.00831491e-01,
801,-3.26675496e-01,
802, 2.77183724e-02,
803,-3.52215382e-02,
804,-1.43811002e-02,
805, 2.25112466e-01,
806, 1.95472960e-01,
807, 2.46640746e-01,
808,-1.97778540e-01,
809, 1.22306077e-01,
810, 1.08527081e-01,
811,-1.88481642e-01,
812,-2.41477773e-01,
813,-2.75776445e-01,
814,-7.25863277e-02,
815,-2.82535977e-01,
816, 3.07959696e-01,
817, 3.19660502e-01,
818,-2.69688852e-01,
819, 3.36476178e-01,
820,-1.89907585e-01,
821, 3.31948405e-01,
822, 5.26013011e-02,
823,-2.52666951e-01,
824,-2.53971693e-01,
825, 1.12682593e-01,
826,-2.51507761e-01,
827, 1.12203915e-01,
828,-2.50462494e-01,
829,-2.50618984e-01,
830,-2.70283856e-01,
831,-2.77460746e-01,
832,-1.15837876e-01,
833,-8.53949276e-02,
834,-2.67796323e-01,
835,-2.32011552e-01,
836,-4.40068959e-02,
837,-1.15002683e-01,
838,-1.57129803e-01,
839, 1.06692054e-01,
840,-2.11722770e-01,
841,-2.99001150e-01,
842,-3.24027656e-01,
843,-3.09204830e-01,
844,-3.12983876e-01,
845,-3.01313760e-01,
846,-2.96056588e-01,
847,-2.87062803e-01,
848, 5.21369811e-03,
849,-1.74179296e-02,
850,-3.50975435e-02,
851,-2.66083259e-02,
852, 4.73716951e-02,
853, 1.20870557e-04,
854,-6.39223282e-02,
855,-5.40544365e-02,
856,-1.79096864e-02,
857, 6.80146893e-02,
858, 4.90675051e-02,
859, 1.79464154e-02,
860,-1.09272237e-01,
861,-1.43613845e-01,
862,-1.04414810e-01,
863,-1.14053566e-01,
864,-1.17466416e-01,
865,-1.12030439e-01,
866,-1.46765262e-01,
867, 3.29918324e-02,
868,-2.03527612e-01,
869,-1.98000784e-01,
870,-1.79604566e-01,
871,-1.90906777e-01,
872,-1.98302938e-01,
873,-1.69515820e-01,
874,-1.29968810e-01,
875,-1.00046491e-01,
876,-1.54904182e-01,
877, 4.34362723e-02,
878,-1.12397687e-01,
879,-1.47579385e-01,
880,-3.86386607e-02,
881,-1.82206476e-01,
882,-1.94906637e-01,
883,-1.10979816e-01,
884,-1.53099455e-01,
885,-1.72824203e-01,
886,-1.00555908e-01,
887,-1.42523017e-01,
888,-1.78248097e-01,
889,-1.71764007e-01,
890,-1.86539037e-01,
891,-1.96986185e-01,
892,-1.67871555e-01,
893,-1.83759366e-01,
894,-1.93526104e-01,
895,-1.62473222e-01,
896,-1.79451900e-01,
897,-1.88861851e-01,
898,-1.38547050e-01,
899,-9.75964206e-02,
900,-1.55828875e-01,
901,-1.73705716e-01,
902,-1.83100938e-01,
903,-7.61328085e-02,
904,-1.14536933e-01,
905,-1.47942045e-01,
906,-1.67091156e-01,
907,-1.76530984e-01,
908,-1.38996156e-01,
909,-1.59070895e-01,
910,-1.68737475e-01,
911,-1.31883098e-01,
912,-8.90831150e-02,
913,-1.29473893e-01,
914,-1.50463748e-01,
915,-1.60370301e-01,
916,-1.19313466e-01,
917,-1.41402868e-01,
918,-1.52095050e-01,
919,-1.09129394e-01,
920,-1.31760036e-01,
921,-1.43383961e-01,
922,-1.23763283e-01,
923,-7.90932690e-02,
924,-9.96033228e-02,
925,-1.22695812e-01,
926,-1.35083100e-01,
927,-8.90429134e-02,
928,-1.13959748e-01,
929,-1.27076859e-01,
930,-1.03075604e-01,
931,-1.14380874e-01,
932,-6.78783521e-02,
933,-6.56558885e-02,
934,-5.83581440e-02,
935,-1.04029318e-01,
936,-5.57808198e-02,
937,-2.40411526e-03,
938,-6.96116268e-02,
939,-9.29222582e-02,
940,-4.33815226e-02,
941,-7.04313584e-02,
942,-8.13645035e-02,
943,-6.87612898e-02,
944,-4.03748812e-02,
945,-6.36096409e-04,
946,-1.41226916e-02,
947,-7.00981122e-02,
948,-5.93911964e-02,
949,-2.70328819e-02,
950,-2.10144511e-02,
951,-3.88118041e-02,
952,-4.89797010e-02,
953,-5.77432164e-02,
954,-6.44219932e-02,
955, 7.12798832e-02,
956, 1.40036397e-02,
957, 2.92725342e-02,
958,-7.51237877e-02,
959,-5.76844344e-02,
960,-4.71791798e-02,
961,-1.36842396e-02,
962,-1.25766699e-01,
963,-8.10549069e-02,
964, 6.57484813e-03,
965,-1.23418804e-01,
966,-7.73651733e-02,
967, 9.62914575e-02,
968,-1.85849213e-01,
969,-1.55893593e-01,
970,-1.61814449e-02,
971, 8.72408834e-02,
972,-1.90439840e-01,
-1,0.,
1,80063,1,
MODE_006_UZ_74046.7Hz
0.,-1.,0.,
80063,0,0,0,0,0,0,0,0,0,
0,0,0,0,0,0,0,0,0,0,
0,0,3,7,
0,1,1,
1, 0.00000000e+00,
2, 0.00000000e+00,
3, 0.00000000e+00,
4, 0.00000000e+00,
5, 0.00000000e+00,
6, 0.00000000e+00,
7, 0.00000000e+00,
8, 0.00000000e+00,
9, 0.00000000e+00,
10, 0.00000000e+00,
11, 0.00000000e+00,
12, 0.00000000e+00,
13, 0.00000000e+00,
14, 0.00000000e+00,
15, 0.00000000e+00,
16, 0.00000000e+00,
17, 0.00000000e+00,
18, 0.00000000e+00,
19, 0.00000000e+00,
20, 0.00000000e+00,
21, 0.00000000e+00,
22, 0.00000000e+00,
23, 0.00000000e+00,
24, 0.00000000e+00,
25, 0.00000000e+00,
26, 0.00000000e+00,
27, 0.00000000e+00,
28, 0.00000000e+00,
29, 0.00000000e+00,
30, 0.00000000e+00,
31, 0.00000000e+00,
32, 0.00000000e+00,
33, 0.00000000e+00,
34, 0.00000000e+00,
35, 0.00000000e+00,
36, 0.00000000e+00,
37, 0.00000000e+00,
38, 0.00000000e+00,
39, 0.00000000e+00,
40, 0.00000000e+00,
41, 0.00000000e+00,
42, 0.00000000e+00,
43, 0.00000000e+00,
44, 0.00000000e+00,
45, 0.00000000e+00,
46, 0.00000000e+00,
47, 0.00000000e+00,
48, 0.00000000e+00,
49, 0.00000000e+00,
50, 0.00000000e+00,
51, 0.00000000e+00,
52, 0.00000000e+00,
53, 0.00000000e+00,
54, 0.00000000e+00,
55, 0.00000000e+00,
56, 0.00000000e+00,
57, 0.00000000e+00,
58, 0.00000000e+00,
59, 0.00000000e+00,
60, 0.00000000e+00,
61, 0.00000000e+00,
62, 0.00000000e+00,
63, 0.00000000e+00,
64, 0.00000000e+00,
65, 0.00000000e+00,
66, 0.00000000e+00,
67, 0.00000000e+00,
68, 0.00000000e+00,
69, 0.00000000e+00,
70, 0.00000000e+00,
71, 0.00000000e+00,
72, 0.00000000e+00,
73, 0.00000000e+00,
74, 0.00000000e+00,
75, 0.00000000e+00,
76, 0.00000000e+00,
77, 0.00000000e+00,
78, 0.00000000e+00,
79, 0.00000000e+00,
80, 0.00000000e+00,
81, 0.00000000e+00,
82, 0.00000000e+00,
83, 0.00000000e+00,
84, 0.00000000e+00,
85, 0.00000000e+00,
86, 0.00000000e+00,
87, 0.00000000e+00,
88, 0.00000000e+00,
89, 0.00000000e+00,
90, 0.00000000e+00,
91, 0.00000000e+00,
92, 0.00000000e+00,
93, 0.00000000e+00,
94, 0.00000000e+00,
95, 0.00000000e+00,
96, 0.00000000e+00,
97, 0.00000000e+00,
98, 0.00000000e+00,
99, 0.00000000e+00,
100, 0.00000000e+00,
101, 0.00000000e+00,
102, 0.00000000e+00,
103, 0.00000000e+00,
104, 0.00000000e+00,
105, 0.00000000e+00,
106, 0.00000000e+00,
107, 0.00000000e+00,
108, 0.00000000e+00,
109, 0.00000000e+00,
110, 0.00000000e+00,
111, 0.00000000e+00,
112, 0.00000000e+00,
113, 0.00000000e+00,
114, 0.00000000e+00,
115, 0.00000000e+00,
116, 0.00000000e+00,
117, 0.00000000e+00,
118, 0.00000000e+00,
119, 0.00000000e+00,
120, 0.00000000e+00,
121, 0.00000000e+00,
122, 0.00000000e+00,
123, 0.00000000e+00,
124, 0.00000000e+00,
125, 0.00000000e+00,
126, 0.00000000e+00,
127, 0.00000000e+00,
128, 0.00000000e+00,
129, 0.00000000e+00,
130, 0.00000000e+00,
131, 0.00000000e+00,
132, 0.00000000e+00,
133, 0.00000000e+00,
134, 0.00000000e+00,
135, 0.00000000e+00,
136, 0.00000000e+00,
137, 0.00000000e+00,
138, 0.00000000e+00,
139, 0.00000000e+00,
140, 0.00000000e+00,
141, 0.00000000e+00,
142, 0.00000000e+00,
143, 0.00000000e+00,
144, 0.00000000e+00,
145, 0.00000000e+00,
146, 0.00000000e+00,
147, 0.00000000e+00,
148, 0.00000000e+00,
149, 0.00000000e+00,
150, 0.00000000e+00,
151, 0.00000000e+00,
152, 0.00000000e+00,
153, 0.00000000e+00,
154, 0.00000000e+00,
155, 0.00000000e+00,
156, 0.00000000e+00,
157, 0.00000000e+00,
158, 0.00000000e+00,
159, 0.00000000e+00,
160, 0.00000000e+00,
161, 0.00000000e+00,
162, 0.00000000e+00,
163, 0.00000000e+00,
164, 0.00000000e+00,
165, 0.00000000e+00,
166, 0.00000000e+00,
167, 0.00000000e+00,
168, 0.00000000e+00,
169, 0.00000000e+00,
170, 0.00000000e+00,
171, 0.00000000e+00,
172, 0.00000000e+00,
173, 0.00000000e+00,
174, 0.00000000e+00,
175, 0.00000000e+00,
176, 0.00000000e+00,
177, 0.00000000e+00,
178, 0.00000000e+00,
179, 0.00000000e+00,
180, 0.00000000e+00,
181, 0.00000000e+00,
182, 0.00000000e+00,
183, 0.00000000e+00,
184, 0.00000000e+00,
185, 0.00000000e+00,
186, 0.00000000e+00,
187, 0.00000000e+00,
188, 0.00000000e+00,
189, 0.00000000e+00,
190, 0.00000000e+00,
191, 0.00000000e+00,
192, 0.00000000e+00,
193, 0.00000000e+00,
194, 0.00000000e+00,
195, 0.00000000e+00,
196, 0.00000000e+00,
197, 0.00000000e+00,
198, 0.00000000e+00,
199, 0.00000000e+00,
200, 0.00000000e+00,
201, 0.00000000e+00,
202, 0.00000000e+00,
203, 0.00000000e+00,
204, 0.00000000e+00,
205, 0.00000000e+00,
206, 0.00000000e+00,
207, 0.00000000e+00,
208, 0.00000000e+00,
209, 0.00000000e+00,
210, 0.00000000e+00,
211, 0.00000000e+00,
212, 0.00000000e+00,
213, 0.00000000e+00,
214, 0.00000000e+00,
215, 0.00000000e+00,
216, 0.00000000e+00,
217, 0.00000000e+00,
218, 0.00000000e+00,
219, 0.00000000e+00,
220, 0.00000000e+00,
221, 0.00000000e+00,
222, 0.00000000e+00,
223, 0.00000000e+00,
224, 0.00000000e+00,
225, 0.00000000e+00,
226, 0.00000000e+00,
227, 0.00000000e+00,
228, 0.00000000e+00,
229, 0.00000000e+00,
230, 0.00000000e+00,
231, 0.00000000e+00,
232, 0.00000000e+00,
233, 0.00000000e+00,
234, 0.00000000e+00,
235, 0.00000000e+00,
236, 0.00000000e+00,
237, 0.00000000e+00,
238, 0.00000000e+00,
239, 0.00000000e+00,
240, 0.00000000e+00,
241, 0.00000000e+00,
242, 0.00000000e+00,
243, 0.00000000e+00,
244, 0.00000000e+00,
245, 0.00000000e+00,
246, 0.00000000e+00,
247, 0.00000000e+00,
248, 0.00000000e+00,
249, 0.00000000e+00,
250, 0.00000000e+00,
251, 0.00000000e+00,
252, 0.00000000e+00,
253, 0.00000000e+00,
254, 0.00000000e+00,
255, 0.00000000e+00,
256, 0.00000000e+00,
257, 0.00000000e+00,
258, 0.00000000e+00,
259, 0.00000000e+00,
260, 0.00000000e+00,
261, 0.00000000e+00,
262, 0.00000000e+00,
263, 0.00000000e+00,
264, 0.00000000e+00,
265, 0.00000000e+00,
266, 0.00000000e+00,
267, 0.00000000e+00,
268, 0.00000000e+00,
269, 0.00000000e+00,
270, 0.00000000e+00,
271, 0.00000000e+00,
272, 0.00000000e+00,
273, 0.00000000e+00,
274, 0.00000000e+00,
275, 0.00000000e+00,
276, 0.00000000e+00,
277, 0.00000000e+00,
278, 0.00000000e+00,
279, 0.00000000e+00,
280, 0.00000000e+00,
281, 0.00000000e+00,
282, 0.00000000e+00,
283, 0.00000000e+00,
284, 0.00000000e+00,
285, 0.00000000e+00,
286, 0.00000000e+00,
287, 0.00000000e+00,
288, 0.00000000e+00,
289, 0.00000000e+00,
290, 0.00000000e+00,
291, 0.00000000e+00,
292, 0.00000000e+00,
293, 0.00000000e+00,
294, 0.00000000e+00,
295, 0.00000000e+00,
296, 0.00000000e+00,
297, 0.00000000e+00,
298, 0.00000000e+00,
299, 0.00000000e+00,
300, 0.00000000e+00,
301, 0.00000000e+00,
302, 0.00000000e+00,
303, 0.00000000e+00,
304, 0.00000000e+00,
305, 0.00000000e+00,
306, 0.00000000e+00,
307, 0.00000000e+00,
308, 0.00000000e+00,
309, 0.00000000e+00,
310, 0.00000000e+00,
311, 0.00000000e+00,
312, 0.00000000e+00,
313, 0.00000000e+00,
314, 0.00000000e+00,
315, 0.00000000e+00,
316, 0.00000000e+00,
317, 0.00000000e+00,
318, 0.00000000e+00,
319, 0.00000000e+00,
320, 0.00000000e+00,
321, 0.00000000e+00,
322, 0.00000000e+00,
323, 0.00000000e+00,
324, 0.00000000e+00,
325, 0.00000000e+00,
326, 0.00000000e+00,
327, 0.00000000e+00,
328, 0.00000000e+00,
329, 0.00000000e+00,
330, 0.00000000e+00,
331, 0.00000000e+00,
332, 0.00000000e+00,
333, 0.00000000e+00,
334, 0.00000000e+00,
335, 0.00000000e+00,
336, 0.00000000e+00,
337, 0.00000000e+00,
338, 0.00000000e+00,
339, 0.00000000e+00,
340, 0.00000000e+00,
341, 0.00000000e+00,
342, 0.00000000e+00,
343, 0.00000000e+00,
344, 0.00000000e+00,
345, 0.00000000e+00,
346, 0.00000000e+00,
347, 0.00000000e+00,
348, 0.00000000e+00,
349, 0.00000000e+00,
350, 0.00000000e+00,
351, 0.00000000e+00,
352, 0.00000000e+00,
353, 0.00000000e+00,
354, 0.00000000e+00,
355, 0.00000000e+00,
356, 0.00000000e+00,
357, 0.00000000e+00,
358, 0.00000000e+00,
359, 0.00000000e+00,
360, 0.00000000e+00,
361, 0.00000000e+00,
362, 0.00000000e+00,
363, 0.00000000e+00,
364, 0.00000000e+00,
365, 0.00000000e+00,
366, 0.00000000e+00,
367, 0.00000000e+00,
368, 0.00000000e+00,
369, 0.00000000e+00,
370, 0.00000000e+00,
371, 0.00000000e+00,
372, 0.00000000e+00,
373, 0.00000000e+00,
374, 0.00000000e+00,
375, 0.00000000e+00,
376, 0.00000000e+00,
377, 0.00000000e+00,
378, 0.00000000e+00,
379, 0.00000000e+00,
380, 0.00000000e+00,
381, 0.00000000e+00,
382, 0.00000000e+00,
383, 0.00000000e+00,
384, 0.00000000e+00,
385, 0.00000000e+00,
386, 0.00000000e+00,
387, 0.00000000e+00,
388, 0.00000000e+00,
389, 0.00000000e+00,
390, 0.00000000e+00,
391, 0.00000000e+00,
392, 0.00000000e+00,
393, 0.00000000e+00,
394, 0.00000000e+00,
395, 0.00000000e+00,
396, 0.00000000e+00,
397, 0.00000000e+00,
398, 0.00000000e+00,
399, 0.00000000e+00,
400, 0.00000000e+00,
401, 0.00000000e+00,
402, 0.00000000e+00,
403, 0.00000000e+00,
404, 0.00000000e+00,
405, 0.00000000e+00,
406, 0.00000000e+00,
407, 0.00000000e+00,
408, 0.00000000e+00,
409, 0.00000000e+00,
410, 0.00000000e+00,
411, 0.00000000e+00,
412, 0.00000000e+00,
413, 0.00000000e+00,
414, 0.00000000e+00,
415, 0.00000000e+00,
416, 0.00000000e+00,
417, 0.00000000e+00,
418, 0.00000000e+00,
419, 0.00000000e+00,
420, 0.00000000e+00,
421, 0.00000000e+00,
422, 0.00000000e+00,
423, 0.00000000e+00,
424, 0.00000000e+00,
425, 0.00000000e+00,
426, 0.00000000e+00,
427, 0.00000000e+00,
428, 0.00000000e+00,
429, 0.00000000e+00,
430, 0.00000000e+00,
431, 0.00000000e+00,
432, 0.00000000e+00,
433, 0.00000000e+00,
434, 0.00000000e+00,
435, 0.00000000e+00,
436, 0.00000000e+00,
437, 0.00000000e+00,
438, 0.00000000e+00,
439, 0.00000000e+00,
440, 0.00000000e+00,
441, 0.00000000e+00,
442, 0.00000000e+00,
443, 0.00000000e+00,
444, 0.00000000e+00,
445, 0.00000000e+00,
446, 0.00000000e+00,
447, 0.00000000e+00,
448, 0.00000000e+00,
449, 0.00000000e+00,
450, 0.00000000e+00,
451, 0.00000000e+00,
452, 0.00000000e+00,
453, 0.00000000e+00,
454, 0.00000000e+00,
455, 0.00000000e+00,
456, 0.00000000e+00,
457, 0.00000000e+00,
458, 0.00000000e+00,
459, 0.00000000e+00,
460, 0.00000000e+00,
461, 0.00000000e+00,
462, 0.00000000e+00,
463, 0.00000000e+00,
464, 0.00000000e+00,
465, 0.00000000e+00,
466, 0.00000000e+00,
467, 0.00000000e+00,
468, 0.00000000e+00,
469, 0.00000000e+00,
470, 0.00000000e+00,
471, 0.00000000e+00,
472, 0.00000000e+00,
473, 0.00000000e+00,
474, 0.00000000e+00,
475, 0.00000000e+00,
476, 0.00000000e+00,
477, 0.00000000e+00,
478, 0.00000000e+00,
479, 0.00000000e+00,
480, 0.00000000e+00,
481, 0.00000000e+00,
482, 0.00000000e+00,
483, 0.00000000e+00,
484, 0.00000000e+00,
485, 0.00000000e+00,
486, 0.00000000e+00,
487, 0.00000000e+00,
488, 0.00000000e+00,
489, 0.00000000e+00,
490, 0.00000000e+00,
491, 0.00000000e+00,
492, 0.00000000e+00,
493, 0.00000000e+00,
501, 0.00000000e+00,
502, 0.00000000e+00,
503, 0.00000000e+00,
504, 0.00000000e+00,
505, 0.00000000e+00,
506, 0.00000000e+00,
507, 0.00000000e+00,
508, 0.00000000e+00,
509, 0.00000000e+00,
510, 0.00000000e+00,
511, 0.00000000e+00,
512, 0.00000000e+00,
513, 0.00000000e+00,
514, 0.00000000e+00,
515, 0.00000000e+00,
516, 0.00000000e+00,
517, 0.00000000e+00,
518, 0.00000000e+00,
519, 0.00000000e+00,
520, 0.00000000e+00,
521, 0.00000000e+00,
522, 0.00000000e+00,
523, 0.00000000e+00,
524, 0.00000000e+00,
525, 0.00000000e+00,
526, 0.00000000e+00,
527, 0.00000000e+00,
528, 0.00000000e+00,
529, 0.00000000e+00,
530, 0.00000000e+00,
531, 0.00000000e+00,
532, 0.00000000e+00,
533, 0.00000000e+00,
534, 0.00000000e+00,
535, 0.00000000e+00,
536, 0.00000000e+00,
537, 0.00000000e+00,
538, 0.00000000e+00,
539, 0.00000000e+00,
540, 0.00000000e+00,
541, 0.00000000e+00,
542, 0.00000000e+00,
543, 0.00000000e+00,
544, 0.00000000e+00,
545, 0.00000000e+00,
546, 0.00000000e+00,
547, 0.00000000e+00,
548, 0.00000000e+00,
549, 0.00000000e+00,
550, 0.00000000e+00,
551, 0.00000000e+00,
552, 0.00000000e+00,
553, 0.00000000e+00,
554, 0.00000000e+00,
555, 0.00000000e+00,
556, 0.00000000e+00,
557, 0.00000000e+00,
558, 0.00000000e+00,
559, 0.00000000e+00,
560, 0.00000000e+00,
561, 0.00000000e+00,
562, 0.00000000e+00,
563, 0.00000000e+00,
564, 0.00000000e+00,
565, 0.00000000e+00,
566, 0.00000000e+00,
567, 0.00000000e+00,
568, 0.00000000e+00,
569, 0.00000000e+00,
570, 0.00000000e+00,
571, 0.00000000e+00,
572, 0.00000000e+00,
573, 0.00000000e+00,
574, 0.00000000e+00,
575, 0.00000000e+00,
576, 0.00000000e+00,
577, 0.00000000e+00,
578, 0.00000000e+00,
579, 0.00000000e+00,
580, 0.00000000e+00,
581, 0.00000000e+00,
582, 0.00000000e+00,
583, 0.00000000e+00,
584, 0.00000000e+00,
585, 0.00000000e+00,
586, 0.00000000e+00,
587, 0.00000000e+00,
588, 0.00000000e+00,
589, 0.00000000e+00,
590, 0.00000000e+00,
591, 0.00000000e+00,
592, 0.00000000e+00,
593, 0.00000000e+00,
594, 0.00000000e+00,
595, 0.00000000e+00,
596, 0.00000000e+00,
597, 0.00000000e+00,
598, 0.00000000e+00,
599, 0.00000000e+00,
600, 0.00000000e+00,
601, 0.00000000e+00,
602, 0.00000000e+00,
603, 0.00000000e+00,
604, 0.00000000e+00,
605, 0.00000000e+00,
606, 0.00000000e+00,
607, 0.00000000e+00,
608, 0.00000000e+00,
609, 0.00000000e+00,
610, 0.00000000e+00,
611, 0.00000000e+00,
612, 0.00000000e+00,
613, 0.00000000e+00,
614, 0.00000000e+00,
615, 0.00000000e+00,
616, 0.00000000e+00,
617, 0.00000000e+00,
618, 0.00000000e+00,
619, 0.00000000e+00,
620, 0.00000000e+00,
621, 0.00000000e+00,
622, 0.00000000e+00,
623, 0.00000000e+00,
624, 0.00000000e+00,
625, 0.00000000e+00,
626, 0.00000000e+00,
627, 0.00000000e+00,
628, 0.00000000e+00,
629, 0.00000000e+00,
630, 0.00000000e+00,
631, 0.00000000e+00,
632, 0.00000000e+00,
633, 0.00000000e+00,
634, 0.00000000e+00,
635, 0.00000000e+00,
636, 0.00000000e+00,
637, 0.00000000e+00,
638, 0.00000000e+00,
639, 0.00000000e+00,
640, 0.00000000e+00,
641, 0.00000000e+00,
642, 0.00000000e+00,
643, 0.00000000e+00,
644, 0.00000000e+00,
645, 0.00000000e+00,
646, 0.00000000e+00,
647, 0.00000000e+00,
648, 0.00000000e+00,
649, 0.00000000e+00,
650, 0.00000000e+00,
651, 0.00000000e+00,
652, 0.00000000e+00,
653, 0.00000000e+00,
654, 0.00000000e+00,
655, 0.00000000e+00,
656, 0.00000000e+00,
657, 0.00000000e+00,
658, 0.00000000e+00,
659, 0.00000000e+00,
660, 0.00000000e+00,
661, 0.00000000e+00,
662, 0.00000000e+00,
663, 0.00000000e+00,
664, 0.00000000e+00,
665, 0.00000000e+00,
666, 0.00000000e+00,
667, 0.00000000e+00,
668, 0.00000000e+00,
669, 0.00000000e+00,
670, 0.00000000e+00,
671, 0.00000000e+00,
672, 0.00000000e+00,
673, 0.00000000e+00,
674, 0.00000000e+00,
675, 0.00000000e+00,
676, 0.00000000e+00,
677, 0.00000000e+00,
678, 0.00000000e+00,
679, 0.00000000e+00,
680, 0.00000000e+00,
681, 0.00000000e+00,
682, 0.00000000e+00,
683, 0.00000000e+00,
684, 0.00000000e+00,
685, 0.00000000e+00,
686, 0.00000000e+00,
687, 0.00000000e+00,
688, 0.00000000e+00,
689, 0.00000000e+00,
690, 0.00000000e+00,
691, 0.00000000e+00,
692, 0.00000000e+00,
693, 0.00000000e+00,
694, 0.00000000e+00,
695, 0.00000000e+00,
696, 0.00000000e+00,
697, 0.00000000e+00,
698, 0.00000000e+00,
699, 0.00000000e+00,
700, 0.00000000e+00,
701, 0.00000000e+00,
702, 0.00000000e+00,
703, 0.00000000e+00,
704, 0.00000000e+00,
705, 0.00000000e+00,
706, 0.00000000e+00,
707, 0.00000000e+00,
708, 0.00000000e+00,
709, 0.00000000e+00,
710, 0.00000000e+00,
711, 0.00000000e+00,
712, 0.00000000e+00,
713, 0.00000000e+00,
714, 0.00000000e+00,
715, 0.00000000e+00,
716, 0.00000000e+00,
717, 0.00000000e+00,
718, 0.00000000e+00,
719, 0.00000000e+00,
720, 0.00000000e+00,
721, 0.00000000e+00,
722, 0.00000000e+00,
723, 0.00000000e+00,
724, 0.00000000e+00,
725, 0.00000000e+00,
726, 0.00000000e+00,
727, 0.00000000e+00,
728, 0.00000000e+00,
729, 0.00000000e+00,
730, 0.00000000e+00,
731, 0.00000000e+00,
732, 0.00000000e+00,
733, 0.00000000e+00,
734, 0.00000000e+00,
735, 0.00000000e+00,
736, 0.00000000e+00,
737, 0.00000000e+00,
738, 0.00000000e+00,
739, 0.00000000e+00,
740, 0.00000000e+00,
741, 0.00000000e+00,
742, 0.00000000e+00,
743, 0.00000000e+00,
744, 0.00000000e+00,
745, 0.00000000e+00,
746, 0.00000000e+00,
747, 0.00000000e+00,
748, 0.00000000e+00,
749, 0.00000000e+00,
750, 0.00000000e+00,
751, 0.00000000e+00,
752, 0.00000000e+00,
753, 0.00000000e+00,
754, 0.00000000e+00,
755, 0.00000000e+00,
756, 0.00000000e+00,
757, 0.00000000e+00,
758, 0.00000000e+00,
759, 0.00000000e+00,
760, 0.00000000e+00,
761, 0.00000000e+00,
762, 0.00000000e+00,
763, 0.00000000e+00,
764, 0.00000000e+00,
765, 0.00000000e+00,
766, 0.00000000e+00,
767, 0.00000000e+00,
768, 0.00000000e+00,
769, 0.00000000e+00,
770, 0.00000000e+00,
771, 0.00000000e+00,
772, 0.00000000e+00,
773, 0.00000000e+00,
774, 0.00000000e+00,
775, 0.00000000e+00,
776, 0.00000000e+00,
777, 0.00000000e+00,
778, 0.00000000e+00,
779, 0.00000000e+00,
780, 0.00000000e+00,
781, 0.00000000e+00,
782, 0.00000000e+00,
783, 0.00000000e+00,
784, 0.00000000e+00,
785, 0.00000000e+00,
786, 0.00000000e+00,
787, 0.00000000e+00,
788, 0.00000000e+00,
789, 0.00000000e+00,
790, 0.00000000e+00,
791, 0.00000000e+00,
792, 0.00000000e+00,
793, 0.00000000e+00,
794, 0.00000000e+00,
795, 0.00000000e+00,
796, 0.00000000e+00,
797, 0.00000000e+00,
798, 0.00000000e+00,
799, 0.00000000e+00,
800, 0.00000000e+00,
801, 0.00000000e+00,
802, 0.00000000e+00,
803, 0.00000000e+00,
804, 0.00000000e+00,
805, 0.00000000e+00,
806, 0.00000000e+00,
807, 0.00000000e+00,
808, 0.00000000e+00,
809, 0.00000000e+00,
810, 0.00000000e+00,
811, 0.00000000e+00,
812, 0.00000000e+00,
813, 0.00000000e+00,
814, 0.00000000e+00,
815, 0.00000000e+00,
816, 0.00000000e+00,
817, 0.00000000e+00,
818, 0.00000000e+00,
819, 0.00000000e+00,
820, 0.00000000e+00,
821, 0.00000000e+00,
822, 0.00000000e+00,
823, 0.00000000e+00,
824, 0.00000000e+00,
825, 0.00000000e+00,
826, 0.00000000e+00,
827, 0.00000000e+00,
828, 0.00000000e+00,
829, 0.00000000e+00,
830, 0.00000000e+00,
831, 0.00000000e+00,
832, 0.00000000e+00,
833, 0.00000000e+00,
834, 0.00000000e+00,
835, 0.00000000e+00,
836, 0.00000000e+00,
837, 0.00000000e+00,
838, 0.00000000e+00,
839, 0.00000000e+00,
840, 0.00000000e+00,
841, 0.00000000e+00,
842, 0.00000000e+00,
843, 0.00000000e+00,
844, 0.00000000e+00,
845, 0.00000000e+00,
846, 0.00000000e+00,
847, 0.00000000e+00,
848, 0.00000000e+00,
849, 0.00000000e+00,
850, 0.00000000e+00,
851, 0.00000000e+00,
852, 0.00000000e+00,
853, 0.00000000e+00,
854, 0.00000000e+00,
855, 0.00000000e+00,
856, 0.00000000e+00,
857, 0.00000000e+00,
858, 0.00000000e+00,
859, 0.00000000e+00,
860, 0.00000000e+00,
861, 0.00000000e+00,
862, 0.00000000e+00,
863, 0.00000000e+00,
864, 0.00000000e+00,
865, 0.00000000e+00,
866, 0.00000000e+00,
867, 0.00000000e+00,
868, 0.00000000e+00,
869, 0.00000000e+00,
870, 0.00000000e+00,
871, 0.00000000e+00,
872, 0.00000000e+00,
873, 0.00000000e+00,
874, 0.00000000e+00,
875, 0.00000000e+00,
876, 0.00000000e+00,
877, 0.00000000e+00,
878, 0.00000000e+00,
879, 0.00000000e+00,
880, 0.00000000e+00,
881, 0.00000000e+00,
882, 0.00000000e+00,
883, 0.00000000e+00,
884, 0.00000000e+00,
885, 0.00000000e+00,
886, 0.00000000e+00,
887, 0.00000000e+00,
888, 0.00000000e+00,
889, 0.00000000e+00,
890, 0.00000000e+00,
891, 0.00000000e+00,
892, 0.00000000e+00,
893, 0.00000000e+00,
894, 0.00000000e+00,
895, 0.00000000e+00,
896, 0.00000000e+00,
897, 0.00000000e+00,
898, 0.00000000e+00,
899, 0.00000000e+00,
900, 0.00000000e+00,
901, 0.00000000e+00,
902, 0.00000000e+00,
903, 0.00000000e+00,
904, 0.00000000e+00,
905, 0.00000000e+00,
906, 0.00000000e+00,
907, 0.00000000e+00,
908, 0.00000000e+00,
909, 0.00000000e+00,
910, 0.00000000e+00,
911, 0.00000000e+00,
912, 0.00000000e+00,
913, 0.00000000e+00,
914, 0.00000000e+00,
915, 0.00000000e+00,
916, 0.00000000e+00,
917, 0.00000000e+00,
918, 0.00000000e+00,
919, 0.00000000e+00,
920, 0.00000000e+00,
921, 0.00000000e+00,
922, 0.00000000e+00,
923, 0.00000000e+00,
924, 0.00000000e+00,
925, 0.00000000e+00,
926, 0.00000000e+00,
927, 0.00000000e+00,
928, 0.00000000e+00,
929, 0.00000000e+00,
930, 0.00000000e+00,
931, 0.00000000e+00,
932, 0.00000000e+00,
933, 0.00000000e+00,
934, 0.00000000e+00,
935, 0.00000000e+00,
936, 0.00000000e+00,
937, 0.00000000e+00,
938, 0.00000000e+00,
939, 0.00000000e+00,
940, 0.00000000e+00,
941, 0.00000000e+00,
942, 0.00000000e+00,
943, 0.00000000e+00,
944, 0.00000000e+00,
945, 0.00000000e+00,
946, 0.00000000e+00,
947, 0.00000000e+00,
948, 0.00000000e+00,
949, 0.00000000e+00,
950, 0.00000000e+00,
951, 0.00000000e+00,
952, 0.00000000e+00,
953, 0.00000000e+00,
954, 0.00000000e+00,
955, 0.00000000e+00,
956, 0.00000000e+00,
957, 0.00000000e+00,
958, 0.00000000e+00,
959, 0.00000000e+00,
960, 0.00000000e+00,
961, 0.00000000e+00,
962, 0.00000000e+00,
963, 0.00000000e+00,
964, 0.00000000e+00,
965, 0.00000000e+00,
966, 0.00000000e+00,
967, 0.00000000e+00,
968, 0.00000000e+00,
969, 0.00000000e+00,
970, 0.00000000e+00,
971, 0.00000000e+00,
972, 0.00000000e+00,
-1,0.,
1,80064,1,
MODE_006_UMAG_74046.7Hz
0.,-1.,0.,
80064,0,0,0,0,0,0,0,0,0,
0,0,0,0,0,0,0,0,0,0,
0,0,3,7,
0,1,1,
1, 4.79907487e-01,
2, 2.52426018e-01,
3, 4.28081158e-02,
4, 9.18277467e-02,
5, 3.36258854e-02,
6, 3.57579627e-02,
7, 3.33883260e-01,
8, 3.27109778e-01,
9, 1.89998249e-01,
10, 2.51620180e-01,
11, 2.21966301e-01,
12, 2.16606494e-01,
13, 1.43302219e-01,
14, 1.54235978e-01,
15, 1.33781428e-01,
16, 2.05663543e-01,
17, 1.64693223e-01,
18, 4.83629331e-01,
19, 2.14685443e-01,
20, 4.74677290e-01,
21, 4.62765264e-01,
22, 4.44462310e-01,
23, 4.19363037e-01,
24, 3.87313988e-01,
25, 3.39512687e-01,
26, 2.79157815e-01,
27, 2.37832374e-01,
28, 2.38555834e-01,
29, 2.63274593e-01,
30, 2.97451990e-01,
31, 3.36201558e-01,
32, 3.76638601e-01,
33, 4.15449001e-01,
34, 4.50032998e-01,
35, 4.78355623e-01,
36, 4.99313026e-01,
37, 5.11970731e-01,
38, 5.16168654e-01,
39, 5.08953681e-01,
40, 4.94652372e-01,
41, 4.71672344e-01,
42, 4.39906870e-01,
43, 4.03293411e-01,
44, 3.62470820e-01,
45, 3.22815828e-01,
46, 2.87586110e-01,
47, 2.61968913e-01,
48, 5.19474949e-02,
49, 7.32008223e-02,
50, 9.29949489e-02,
51, 1.05381006e-01,
52, 1.10375422e-01,
53, 1.12466037e-01,
54, 1.04397122e-01,
55, 9.65077631e-02,
56, 1.76845833e-02,
57, 2.71798719e-02,
58, 2.96348132e-02,
59, 5.07742449e-02,
60, 6.79479106e-02,
61, 5.89946839e-02,
62, 4.81585311e-02,
63, 1.01641374e-03,
64, 2.09999886e-02,
65, 3.34793571e-01,
66, 2.93863331e-01,
67, 2.48053079e-01,
68, 2.04055630e-01,
69, 1.79942573e-01,
70, 5.11066965e-02,
71, 7.20749496e-02,
72, 8.38599129e-02,
73, 1.50454074e-01,
74, 2.46384622e-01,
75, 1.48884392e-01,
76, 1.19382998e-01,
77, 9.86097250e-02,
78, 1.23093298e-01,
79, 1.77719420e-01,
80, 2.31652623e-01,
81, 2.43389241e-01,
82, 2.35568897e-01,
83, 2.14599152e-01,
84, 2.15244650e-01,
85, 2.20904838e-01,
86, 2.26599215e-01,
87, 2.33996635e-01,
88, 2.38697099e-01,
89, 2.41375505e-01,
90, 2.38830824e-01,
91, 2.34536078e-01,
92, 2.25728344e-01,
93, 2.15046439e-01,
94, 1.99982428e-01,
95, 1.81855080e-01,
96, 1.61319295e-01,
97, 1.36138891e-01,
98, 1.13459273e-01,
99, 9.70622874e-02,
100, 9.47953181e-02,
101, 1.13657313e-01,
102, 1.48932319e-01,
103, 1.95777605e-01,
104, 1.78908268e-01,
105, 2.04811305e-01,
106, 2.37814631e-01,
107, 2.73920235e-01,
108, 3.08504388e-01,
109, 3.39871325e-01,
110, 3.67182751e-01,
111, 3.83548802e-01,
112, 3.96945064e-01,
113, 4.05880391e-01,
114, 4.06327851e-01,
115, 4.05171394e-01,
116, 3.98130659e-01,
117, 3.88402757e-01,
118, 3.70589993e-01,
119, 3.54007226e-01,
120, 3.30878137e-01,
121, 3.11497629e-01,
122, 2.83389851e-01,
123, 2.60104484e-01,
124, 2.35789075e-01,
125, 4.87933713e-01,
126, 4.89557603e-01,
127, 4.89123182e-01,
128, 4.84087802e-01,
129, 4.61231252e-01,
130, 4.31330772e-01,
131, 3.69912064e-01,
132, 3.08026672e-01,
133, 2.45792375e-01,
134, 1.82529407e-01,
135, 1.23577247e-01,
136, 7.04243808e-02,
137, 2.49960906e-02,
138, 1.39601073e-02,
139, 1.48795488e-01,
140, 9.11814668e-02,
141, 4.01379826e-02,
142, 1.28934510e-02,
143, 6.69045311e-02,
144, 1.16992948e-01,
145, 1.42193550e-01,
146, 1.50911284e-01,
147, 1.82558223e-01,
148, 4.34215681e-02,
149, 1.68212949e-01,
150, 1.53766785e-01,
151, 1.46951081e-01,
152, 1.22766815e-01,
153, 4.79851802e-01,
154, 4.69139166e-01,
155, 4.52419019e-01,
156, 4.29385599e-01,
157, 4.00056913e-01,
158, 3.58875335e-01,
159, 2.95353249e-01,
160, 2.22338445e-01,
161, 1.84246857e-01,
162, 1.99515472e-01,
163, 2.33902937e-01,
164, 2.72033125e-01,
165, 3.10956975e-01,
166, 3.51303235e-01,
167, 3.91128555e-01,
168, 4.28326808e-01,
169, 4.60869215e-01,
170, 4.87152972e-01,
171, 5.06394181e-01,
172, 5.18000418e-01,
173, 5.21061899e-01,
174, 5.15366018e-01,
175, 5.02119800e-01,
176, 4.81144302e-01,
177, 4.51088919e-01,
178, 4.15538896e-01,
179, 3.74827724e-01,
180, 3.32194347e-01,
181, 2.90486152e-01,
182, 2.52361562e-01,
183, 2.25099104e-01,
184, 3.07276685e-01,
185, 2.47866270e-01,
186, 2.80494917e-01,
187, 2.85638052e-01,
188, 3.33796030e-01,
189, 3.81561993e-01,
190, 2.27443876e-01,
191, 1.52456655e-01,
192, 1.18972976e-01,
193, 1.38679861e-01,
194, 4.88006817e-01,
195, 4.77887898e-01,
196, 4.85743872e-01,
197, 2.47035820e-01,
198, 3.76595346e-01,
199, 1.73519427e-01,
200, 3.72370273e-01,
201, 1.96210546e-01,
202, 2.56836213e-01,
203, 2.46867083e-01,
204, 8.97499974e-02,
205, 5.72628855e-02,
206, 4.98992054e-02,
207, 2.21245385e-01,
208, 2.15958076e-01,
209, 2.18702263e-01,
210, 1.96210892e-01,
211, 1.84452460e-01,
212, 1.55721135e-01,
213, 1.84400481e-01,
214, 1.63215272e-01,
215, 4.57554102e-01,
216, 5.06843950e-01,
217, 4.59126019e-01,
218, 5.09007219e-01,
219, 4.66924194e-01,
220, 4.35640742e-01,
221, 3.68297785e-01,
222, 3.96170631e-01,
223, 2.99160863e-01,
224, 4.26457721e-01,
225, 3.79166819e-01,
226, 1.44007178e-01,
227, 1.48731345e-01,
228, 2.61494304e-01,
229, 1.23903513e-01,
230, 4.70295507e-01,
231, 4.54503880e-01,
232, 4.78263484e-01,
233, 4.56342732e-01,
234, 1.82112781e-01,
235, 2.13365985e-01,
236, 3.60734642e-01,
237, 3.57670579e-01,
238, 3.28619545e-01,
239, 4.76877325e-01,
240, 5.02374888e-01,
241, 4.82667615e-01,
242, 4.22463613e-01,
243, 1.23796015e-01,
244, 3.34612677e-01,
245, 3.33468074e-01,
246, 3.16267536e-01,
247, 2.72493080e-01,
248, 2.44180239e-01,
249, 2.12755451e-01,
250, 2.04721304e-01,
251, 1.52079700e-01,
252, 1.51738625e-01,
253, 2.16753454e-01,
254, 8.64739640e-02,
255, 9.69685411e-02,
256, 2.44779312e-01,
257, 2.09445378e-01,
258, 1.73780496e-01,
259, 1.99711818e-01,
260, 1.63873095e-01,
261, 4.28976405e-01,
262, 4.47739674e-01,
263, 4.22231011e-01,
264, 4.47473041e-01,
265, 4.22474026e-01,
266, 8.07729594e-02,
267, 1.34900900e-01,
268, 1.76317187e-01,
269, 1.58348050e-01,
270, 3.58116041e-01,
271, 3.81134732e-01,
272, 3.97880407e-01,
273, 1.83041524e-01,
274, 4.16649763e-01,
275, 2.24372041e-01,
276, 2.10960389e-01,
277, 4.87988487e-01,
278, 5.07254326e-01,
279, 5.21009318e-01,
280, 1.69485773e-01,
281, 3.94831324e-01,
282, 4.12048247e-01,
283, 4.57554791e-01,
284, 4.59395542e-01,
285, 4.69080889e-01,
286, 3.71276424e-01,
287, 3.22974918e-01,
288, 3.76564377e-01,
289, 1.95000276e-01,
290, 4.65978685e-01,
291, 4.46953892e-01,
292, 4.63440755e-01,
293, 1.83229896e-01,
294, 1.60208576e-01,
295, 1.58627776e-01,
296, 1.85950609e-01,
297, 3.50740779e-01,
298, 1.77866036e-01,
299, 1.42419200e-01,
300, 1.49135706e-01,
301, 1.36576582e-01,
302, 1.58770543e-01,
303, 1.59887572e-01,
304, 1.75590170e-01,
305, 2.25148900e-01,
306, 2.13712381e-01,
307, 1.79599968e-01,
308, 3.52073862e-01,
309, 1.38379844e-01,
310, 3.76928678e-01,
311, 3.61128906e-01,
312, 4.02532730e-01,
313, 2.23961187e-01,
314, 2.61948273e-01,
315, 1.22677017e-01,
316, 1.27903813e-01,
317, 4.38471814e-01,
318, 4.67184643e-01,
319, 2.38333666e-01,
320, 1.90740214e-01,
321, 4.21614381e-01,
322, 4.39169219e-01,
323, 2.77813163e-01,
324, 2.76108883e-01,
325, 3.24820487e-01,
326, 2.45669590e-01,
327, 1.97083462e-01,
328, 2.92227978e-01,
329, 4.95358897e-01,
330, 1.88891457e-01,
331, 1.13603970e-01,
332, 2.03610394e-01,
333, 3.41201362e-01,
334, 3.88829252e-01,
335, 3.42850728e-01,
336, 5.24401556e-01,
337, 4.67724361e-01,
338, 4.79928101e-01,
339, 5.18108345e-01,
340, 4.87861111e-01,
341, 4.50340698e-01,
342, 4.82478178e-01,
343, 1.81692694e-01,
344, 4.60884238e-01,
345, 4.96066348e-01,
346, 1.14474483e-01,
347, 3.81222803e-01,
348, 1.44634711e-01,
349, 5.12330653e-01,
350, 5.20155266e-01,
351, 5.26395372e-01,
352, 4.24142726e-01,
353, 3.64296371e-01,
354, 3.11017977e-01,
355, 5.28266260e-01,
356, 5.14561127e-01,
357, 1.48427130e-01,
358, 3.92944027e-01,
359, 3.99428428e-01,
360, 1.70963716e-01,
361, 4.38428286e-01,
362, 4.85954927e-01,
363, 4.95430677e-01,
364, 5.02162929e-01,
365, 5.15061043e-01,
366, 5.19598209e-01,
367, 5.26412137e-01,
368, 5.28839046e-01,
369, 6.53694117e-02,
370, 7.54959481e-02,
371, 4.73131628e-02,
372, 2.83105446e-02,
373, 7.08998565e-02,
374, 3.29883311e-02,
375, 1.04966349e-01,
376, 6.48434178e-02,
377, 8.24062485e-02,
378, 7.23739402e-02,
379, 8.45395015e-02,
380, 7.79268022e-02,
381, 2.94737615e-01,
382, 3.24226738e-01,
383, 2.96453560e-01,
384, 1.57271881e-01,
385, 1.34146392e-01,
386, 2.88937686e-01,
387, 3.16410624e-01,
388, 4.18433789e-02,
389, 3.35444401e-01,
390, 3.43702650e-01,
391, 3.21595078e-01,
392, 2.72733029e-01,
393, 2.92737552e-01,
394, 2.74216471e-01,
395, 2.51133908e-01,
396, 2.28595751e-01,
397, 2.52011669e-01,
398, 5.19509694e-02,
399, 2.79599609e-01,
400, 3.06069531e-01,
401, 1.30796738e-01,
402, 2.96366291e-01,
403, 3.18058711e-01,
404, 2.66588293e-01,
405, 2.94246424e-01,
406, 3.27554522e-01,
407, 2.49684667e-01,
408, 2.72390496e-01,
409, 2.54824672e-01,
410, 3.42040751e-01,
411, 3.46248816e-01,
412, 3.62549503e-01,
413, 3.50041462e-01,
414, 3.58687972e-01,
415, 3.73182485e-01,
416, 3.53708627e-01,
417, 3.65857418e-01,
418, 3.79464888e-01,
419, 3.27829835e-01,
420, 2.94167695e-01,
421, 3.52983424e-01,
422, 3.68532780e-01,
423, 3.80969724e-01,
424, 1.48797876e-01,
425, 1.88477689e-01,
426, 3.47740592e-01,
427, 3.66962038e-01,
428, 3.78814693e-01,
429, 3.37393191e-01,
430, 3.60545180e-01,
431, 3.70811429e-01,
432, 3.27161285e-01,
433, 2.87494425e-01,
434, 3.21910138e-01,
435, 3.48779529e-01,
436, 3.57603887e-01,
437, 3.00885677e-01,
438, 3.31965067e-01,
439, 3.39766452e-01,
440, 2.73799430e-01,
441, 3.09063221e-01,
442, 3.14527953e-01,
443, 3.21990335e-01,
444, 2.76455981e-01,
445, 2.41381780e-01,
446, 2.80046179e-01,
447, 2.83595810e-01,
448, 2.01331156e-01,
449, 2.45265236e-01,
450, 2.46221901e-01,
451, 1.99536215e-01,
452, 3.12155816e-01,
453, 2.60706656e-01,
454, 2.43443040e-01,
455, 2.32711166e-01,
456, 2.97289232e-01,
457, 2.39974606e-01,
458, 1.21885210e-01,
459, 2.53774583e-01,
460, 2.77133440e-01,
461, 2.14676222e-01,
462, 2.60671876e-01,
463, 2.51329569e-01,
464, 2.64044871e-01,
465, 1.97699823e-01,
466, 1.76308046e-01,
467, 2.01494527e-01,
468, 2.20171584e-01,
469, 1.84043555e-01,
470, 2.22112346e-01,
471, 1.62230474e-01,
472, 2.38459883e-01,
473, 2.50612973e-01,
474, 2.58972527e-01,
475, 2.63200548e-01,
476, 7.46533095e-02,
477, 1.47269046e-01,
478, 1.16289593e-01,
479, 2.31422380e-01,
480, 2.11502352e-01,
481, 2.18529129e-01,
482, 2.06826719e-01,
483, 2.30892138e-01,
484, 2.15057223e-01,
485, 2.08052388e-01,
486, 1.24735495e-01,
487, 7.78590153e-02,
488, 1.20893770e-01,
489, 2.41304111e-01,
490, 2.38490632e-01,
491, 4.45878812e-02,
492, 1.36832607e-01,
493, 2.48975554e-01,
501, 4.79907487e-01,
502, 4.28081158e-02,
503, 3.36258854e-02,
504, 3.33883260e-01,
505, 3.27109778e-01,
506, 1.89998249e-01,
507, 2.51620180e-01,
508, 2.21966301e-01,
509, 2.16606494e-01,
510, 1.43302219e-01,
511, 1.54235978e-01,
512, 1.33781428e-01,
513, 2.05663543e-01,
514, 1.64693223e-01,
515, 4.83629331e-01,
516, 4.74677290e-01,
517, 4.62765264e-01,
518, 4.44462310e-01,
519, 4.19363037e-01,
520, 3.87313988e-01,
521, 3.39512687e-01,
522, 2.79157815e-01,
523, 2.37832374e-01,
524, 2.38555834e-01,
525, 2.63274593e-01,
526, 2.97451990e-01,
527, 3.36201558e-01,
528, 3.76638601e-01,
529, 4.15449001e-01,
530, 4.50032998e-01,
531, 4.78355623e-01,
532, 4.99313026e-01,
533, 5.11970731e-01,
534, 5.16168654e-01,
535, 5.08953681e-01,
536, 4.94652372e-01,
537, 4.71672344e-01,
538, 4.39906870e-01,
539, 4.03293411e-01,
540, 3.62470820e-01,
541, 3.22815828e-01,
542, 2.87586110e-01,
543, 2.61968913e-01,
544, 5.19474949e-02,
545, 7.32008223e-02,
546, 9.29949489e-02,
547, 1.05381006e-01,
548, 1.10375422e-01,
549, 1.12466037e-01,
550, 1.04397122e-01,
551, 9.65077631e-02,
552, 1.76845833e-02,
553, 2.71798719e-02,
554, 2.96348132e-02,
555, 5.07742449e-02,
556, 6.79479106e-02,
557, 5.89946839e-02,
558, 3.34793571e-01,
559, 2.93863331e-01,
560, 2.48053079e-01,
561, 2.04055630e-01,
562, 1.79942573e-01,
563, 5.11066965e-02,
564, 7.20749496e-02,
565, 8.38599129e-02,
566, 1.50454074e-01,
567, 2.46384622e-01,
568, 1.48884392e-01,
569, 1.19382998e-01,
570, 9.86097250e-02,
571, 1.23093298e-01,
572, 1.77719420e-01,
573, 2.31652623e-01,
574, 2.43389241e-01,
575, 2.35568897e-01,
576, 2.14599152e-01,
577, 2.15244650e-01,
578, 2.20904838e-01,
579, 2.26599215e-01,
580, 2.33996635e-01,
581, 2.38697099e-01,
582, 2.41375505e-01,
583, 2.38830824e-01,
584, 2.34536078e-01,
585, 2.25728344e-01,
586, 2.15046439e-01,
587, 1.99982428e-01,
588, 1.81855080e-01,
589, 1.61319295e-01,
590, 1.36138891e-01,
591, 1.13459273e-01,
592, 9.70622874e-02,
593, 9.47953181e-02,
594, 1.13657313e-01,
595, 1.48932319e-01,
596, 1.95777605e-01,
597, 1.78908268e-01,
598, 2.04811305e-01,
599, 2.37814631e-01,
600, 2.73920235e-01,
601, 3.08504388e-01,
602, 3.39871325e-01,
603, 3.67182751e-01,
604, 3.83548802e-01,
605, 3.96945064e-01,
606, 4.05880391e-01,
607, 4.06327851e-01,
608, 4.05171394e-01,
609, 3.98130659e-01,
610, 3.88402757e-01,
611, 3.70589993e-01,
612, 3.54007226e-01,
613, 3.30878137e-01,
614, 3.11497629e-01,
615, 2.83389851e-01,
616, 2.60104484e-01,
617, 2.35789075e-01,
618, 4.87933713e-01,
619, 4.89557603e-01,
620, 4.89123182e-01,
621, 4.84087802e-01,
622, 4.61231252e-01,
623, 4.31330772e-01,
624, 3.69912064e-01,
625, 3.08026672e-01,
626, 2.45792375e-01,
627, 1.82529407e-01,
628, 1.23577247e-01,
629, 7.04243808e-02,
630, 2.49960906e-02,
631, 1.39601073e-02,
632, 4.79851802e-01,
633, 4.69139166e-01,
634, 4.52419019e-01,
635, 4.29385599e-01,
636, 4.00056913e-01,
637, 3.58875335e-01,
638, 2.95353249e-01,
639, 2.22338445e-01,
640, 1.84246857e-01,
641, 1.99515472e-01,
642, 2.33902937e-01,
643, 2.72033125e-01,
644, 3.10956975e-01,
645, 3.51303235e-01,
646, 3.91128555e-01,
647, 4.28326808e-01,
648, 4.60869215e-01,
649, 4.87152972e-01,
650, 5.06394181e-01,
651, 5.18000418e-01,
652, 5.21061899e-01,
653, 5.15366018e-01,
654, 5.02119800e-01,
655, 4.81144302e-01,
656, 4.51088919e-01,
657, 4.15538896e-01,
658, 3.74827724e-01,
659, 3.32194347e-01,
660, 2.90486152e-01,
661, 2.52361562e-01,
662, 2.25099104e-01,
663, 3.07276685e-01,
664, 2.47866270e-01,
665, 2.80494917e-01,
666, 2.85638052e-01,
667, 3.33796030e-01,
668, 3.81561993e-01,
669, 2.27443876e-01,
670, 1.52456655e-01,
671, 1.18972976e-01,
672, 1.38679861e-01,
673, 4.88006817e-01,
674, 4.77887898e-01,
675, 4.85743872e-01,
676, 2.47035820e-01,
677, 3.76595346e-01,
678, 1.73519427e-01,
679, 3.72370273e-01,
680, 1.96210546e-01,
681, 2.56836213e-01,
682, 2.46867083e-01,
683, 8.97499974e-02,
684, 5.72628855e-02,
685, 4.98992054e-02,
686, 2.21245385e-01,
687, 2.15958076e-01,
688, 2.18702263e-01,
689, 1.96210892e-01,
690, 1.84452460e-01,
691, 1.55721135e-01,
692, 1.84400481e-01,
693, 1.63215272e-01,
694, 4.57554102e-01,
695, 5.06843950e-01,
696, 4.59126019e-01,
697, 5.09007219e-01,
698, 4.66924194e-01,
699, 4.35640742e-01,
700, 3.68297785e-01,
701, 3.96170631e-01,
702, 2.99160863e-01,
703, 4.26457721e-01,
704, 3.79166819e-01,
705, 1.44007178e-01,
706, 1.48731345e-01,
707, 2.61494304e-01,
708, 1.23903513e-01,
709, 4.70295507e-01,
710, 4.54503880e-01,
711, 4.78263484e-01,
712, 4.56342732e-01,
713, 1.82112781e-01,
714, 2.13365985e-01,
715, 3.60734642e-01,
716, 3.57670579e-01,
717, 3.28619545e-01,
718, 4.76877325e-01,
719, 5.02374888e-01,
720, 4.82667615e-01,
721, 4.22463613e-01,
722, 1.23796015e-01,
723, 3.34612677e-01,
724, 3.33468074e-01,
725, 3.16267536e-01,
726, 2.72493080e-01,
727, 2.44180239e-01,
728, 2.12755451e-01,
729, 2.04721304e-01,
730, 1.52079700e-01,
731, 1.51738625e-01,
732, 2.16753454e-01,
733, 8.64739640e-02,
734, 9.69685411e-02,
735, 2.44779312e-01,
736, 2.09445378e-01,
737, 1.73780496e-01,
738, 1.99711818e-01,
739, 1.63873095e-01,
740, 4.28976405e-01,
741, 4.47739674e-01,
742, 4.22231011e-01,
743, 4.47473041e-01,
744, 4.22474026e-01,
745, 8.07729594e-02,
746, 1.34900900e-01,
747, 1.76317187e-01,
748, 1.58348050e-01,
749, 3.58116041e-01,
750, 3.81134732e-01,
751, 3.97880407e-01,
752, 1.83041524e-01,
753, 4.16649763e-01,
754, 2.24372041e-01,
755, 2.10960389e-01,
756, 4.87988487e-01,
757, 5.07254326e-01,
758, 5.21009318e-01,
759, 1.69485773e-01,
760, 3.94831324e-01,
761, 4.12048247e-01,
762, 4.57554791e-01,
763, 4.59395542e-01,
764, 4.69080889e-01,
765, 3.71276424e-01,
766, 3.22974918e-01,
767, 3.76564377e-01,
768, 1.95000276e-01,
769, 4.65978685e-01,
770, 4.46953892e-01,
771, 4.63440755e-01,
772, 1.83229896e-01,
773, 1.60208576e-01,
774, 1.58627776e-01,
775, 1.85950609e-01,
776, 3.50740779e-01,
777, 1.77866036e-01,
778, 1.42419200e-01,
779, 1.49135706e-01,
780, 1.36576582e-01,
781, 1.58770543e-01,
782, 1.59887572e-01,
783, 1.75590170e-01,
784, 2.25148900e-01,
785, 2.13712381e-01,
786, 1.79599968e-01,
787, 3.52073862e-01,
788, 1.38379844e-01,
789, 3.76928678e-01,
790, 3.61128906e-01,
791, 4.02532730e-01,
792, 2.23961187e-01,
793, 2.61948273e-01,
794, 1.22677017e-01,
795, 1.27903813e-01,
796, 4.38471814e-01,
797, 4.67184643e-01,
798, 2.38333666e-01,
799, 1.90740214e-01,
800, 4.21614381e-01,
801, 4.39169219e-01,
802, 2.77813163e-01,
803, 2.76108883e-01,
804, 3.24820487e-01,
805, 2.45669590e-01,
806, 1.97083462e-01,
807, 2.92227978e-01,
808, 4.95358897e-01,
809, 1.88891457e-01,
810, 1.13603970e-01,
811, 2.03610394e-01,
812, 3.41201362e-01,
813, 3.88829252e-01,
814, 3.42850728e-01,
815, 5.24401556e-01,
816, 4.67724361e-01,
817, 4.79928101e-01,
818, 5.18108345e-01,
819, 4.87861111e-01,
820, 4.50340698e-01,
821, 4.82478178e-01,
822, 1.81692694e-01,
823, 4.60884238e-01,
824, 4.96066348e-01,
825, 1.14474483e-01,
826, 3.81222803e-01,
827, 1.44634711e-01,
828, 5.12330653e-01,
829, 5.20155266e-01,
830, 5.26395372e-01,
831, 4.24142726e-01,
832, 3.64296371e-01,
833, 3.11017977e-01,
834, 5.28266260e-01,
835, 5.14561127e-01,
836, 1.48427130e-01,
837, 3.92944027e-01,
838, 3.99428428e-01,
839, 1.70963716e-01,
840, 4.38428286e-01,
841, 4.85954927e-01,
842, 4.95430677e-01,
843, 5.02162929e-01,
844, 5.15061043e-01,
845, 5.19598209e-01,
846, 5.26412137e-01,
847, 5.28839046e-01,
848, 6.53694117e-02,
849, 7.54959481e-02,
850, 4.73131628e-02,
851, 2.83105446e-02,
852, 7.08998565e-02,
853, 3.29883311e-02,
854, 1.04966349e-01,
855, 6.48434178e-02,
856, 8.24062485e-02,
857, 7.23739402e-02,
858, 8.45395015e-02,
859, 7.79268022e-02,
860, 2.94737615e-01,
861, 3.24226738e-01,
862, 2.96453560e-01,
863, 1.57271881e-01,
864, 1.34146392e-01,
865, 2.88937686e-01,
866, 3.16410624e-01,
867, 4.18433789e-02,
868, 3.35444401e-01,
869, 3.43702650e-01,
870, 3.21595078e-01,
871, 2.72733029e-01,
872, 2.92737552e-01,
873, 2.74216471e-01,
874, 2.51133908e-01,
875, 2.28595751e-01,
876, 2.52011669e-01,
877, 5.19509694e-02,
878, 2.79599609e-01,
879, 3.06069531e-01,
880, 1.30796738e-01,
881, 2.96366291e-01,
882, 3.18058711e-01,
883, 2.66588293e-01,
884, 2.94246424e-01,
885, 3.27554522e-01,
886, 2.49684667e-01,
887, 2.72390496e-01,
888, 2.54824672e-01,
889, 3.42040751e-01,
890, 3.46248816e-01,
891, 3.62549503e-01,
892, 3.50041462e-01,
893, 3.58687972e-01,
894, 3.73182485e-01,
895, 3.53708627e-01,
896, 3.65857418e-01,
897, 3.79464888e-01,
898, 3.27829835e-01,
899, 2.94167695e-01,
900, 3.52983424e-01,
901, 3.68532780e-01,
902, 3.80969724e-01,
903, 1.48797876e-01,
904, 1.88477689e-01,
905, 3.47740592e-01,
906, 3.66962038e-01,
907, 3.78814693e-01,
908, 3.37393191e-01,
909, 3.60545180e-01,
910, 3.70811429e-01,
911, 3.27161285e-01,
912, 2.87494425e-01,
913, 3.21910138e-01,
914, 3.48779529e-01,
915, 3.57603887e-01,
916, 3.00885677e-01,
917, 3.31965067e-01,
918, 3.39766452e-01,
919, 2.73799430e-01,
920, 3.09063221e-01,
921, 3.14527953e-01,
922, 3.21990335e-01,
923, 2.76455981e-01,
924, 2.41381780e-01,
925, 2.80046179e-01,
926, 2.83595810e-01,
927, 2.01331156e-01,
928, 2.45265236e-01,
929, 2.46221901e-01,
930, 1.99536215e-01,
931, 3.12155816e-01,
932, 2.60706656e-01,
933, 2.43443040e-01,
934, 2.32711166e-01,
935, 2.97289232e-01,
936, 2.39974606e-01,
937, 1.21885210e-01,
938, 2.53774583e-01,
939, 2.77133440e-01,
940, 2.14676222e-01,
941, 2.60671876e-01,
942, 2.51329569e-01,
943, 2.64044871e-01,
944, 1.97699823e-01,
945, 1.76308046e-01,
946, 2.01494527e-01,
947, 2.20171584e-01,
948, 1.84043555e-01,
949, 2.22112346e-01,
950, 1.62230474e-01,
951, 2.38459883e-01,
952, 2.50612973e-01,
953, 2.58972527e-01,
954, 2.63200548e-01,
955, 7.46533095e-02,
956, 1.47269046e-01,
957, 1.16289593e-01,
958, 2.31422380e-01,
959, 2.11502352e-01,
960, 2.18529129e-01,
961, 2.06826719e-01,
962, 2.30892138e-01,
963, 2.15057223e-01,
964, 2.08052388e-01,
965, 1.24735495e-01,
966, 7.78590153e-02,
967, 1.20893770e-01,
968, 2.41304111e-01,
969, 2.38490632e-01,
970, 4.45878812e-02,
971, 1.36832607e-01,
972, 2.48975554e-01,
-1,0.,
   -1
