   -1
   100
<NULL>
4.41,
   -1
   -1
   403
1,0,0,1,46,0,0,0,0,0,0,  8.02000e-02,  0.00000e+00,  0.00000e+00,
2,0,0,1,46,0,0,0,0,0,0,  7.40951e-02,  3.06912e-02,  0.00000e+00,
3,0,0,1,46,0,0,0,0,0,0,  4.50000e-02,  0.00000e+00,  0.00000e+00,
4,0,0,1,46,0,0,0,0,0,0,  4.15746e-02,  1.72208e-02,  0.00000e+00,
5,0,0,1,46,0,0,0,0,0,0,  3.00000e-02,  0.00000e+00,  0.00000e+00,
6,0,0,1,46,0,0,0,0,0,0,  2.77164e-02,  1.14805e-02,  0.00000e+00,
7,0,0,1,46,0,0,0,0,0,0,  7.84710e-02,  6.00000e-03,  0.00000e+00,
8,0,0,1,46,0,0,0,0,0,0,  7.71191e-02,  6.00000e-03,  0.00000e+00,
9,0,0,1,46,0,0,0,0,0,0,  7.49326e-02,  7.36020e-03,  0.00000e+00,
10,0,0,1,46,0,0,0,0,0,0,  7.44044e-02,  6.51109e-03,  0.00000e+00,
11,0,0,1,46,0,0,0,0,0,0,  5.60636e-02,  1.79206e-02,  0.00000e+00,
12,0,0,1,46,0,0,0,0,0,0,  5.65918e-02,  1.87697e-02,  0.00000e+00,
13,0,0,1,46,0,0,0,0,0,0,  5.31285e-02,  2.09242e-02,  0.00000e+00,
14,0,0,1,46,0,0,0,0,0,0,  5.72198e-02,  2.26188e-02,  0.00000e+00,
15,0,0,1,46,0,0,0,0,0,0,  7.81094e-02,  9.62372e-03,  0.00000e+00,
16,0,0,1,46,0,0,0,0,0,0,  5.84934e-02,  2.18265e-02,  0.00000e+00,
17,0,0,1,46,0,0,0,0,0,0,  7.68342e-02,  1.04170e-02,  0.00000e+00,
18,0,0,1,46,0,0,0,0,0,0,  7.97000e-02,  0.00000e+00,  0.00000e+00,
19,0,0,1,46,0,0,0,0,0,0,  7.36332e-02,  3.04999e-02,  0.00000e+00,
20,0,0,1,46,0,0,0,0,0,0,  8.01926e-02,  1.08598e-03,  0.00000e+00,
21,0,0,1,46,0,0,0,0,0,0,  8.01706e-02,  2.17177e-03,  0.00000e+00,
22,0,0,1,46,0,0,0,0,0,0,  8.01338e-02,  3.25715e-03,  0.00000e+00,
23,0,0,1,46,0,0,0,0,0,0,  8.00824e-02,  4.34194e-03,  0.00000e+00,
24,0,0,1,46,0,0,0,0,0,0,  8.00162e-02,  5.42593e-03,  0.00000e+00,
25,0,0,1,46,0,0,0,0,0,0,  7.99354e-02,  6.50893e-03,  0.00000e+00,
26,0,0,1,46,0,0,0,0,0,0,  7.98400e-02,  7.59073e-03,  0.00000e+00,
27,0,0,1,46,0,0,0,0,0,0,  7.97299e-02,  8.67115e-03,  0.00000e+00,
28,0,0,1,46,0,0,0,0,0,0,  7.96051e-02,  9.74997e-03,  0.00000e+00,
29,0,0,1,46,0,0,0,0,0,0,  7.94658e-02,  1.08270e-02,  0.00000e+00,
30,0,0,1,46,0,0,0,0,0,0,  7.93119e-02,  1.19020e-02,  0.00000e+00,
31,0,0,1,46,0,0,0,0,0,0,  7.91435e-02,  1.29749e-02,  0.00000e+00,
32,0,0,1,46,0,0,0,0,0,0,  7.89605e-02,  1.40454e-02,  0.00000e+00,
33,0,0,1,46,0,0,0,0,0,0,  7.87631e-02,  1.51133e-02,  0.00000e+00,
34,0,0,1,46,0,0,0,0,0,0,  7.85512e-02,  1.61785e-02,  0.00000e+00,
35,0,0,1,46,0,0,0,0,0,0,  7.83250e-02,  1.72406e-02,  0.00000e+00,
36,0,0,1,46,0,0,0,0,0,0,  7.80843e-02,  1.82996e-02,  0.00000e+00,
37,0,0,1,46,0,0,0,0,0,0,  7.78294e-02,  1.93553e-02,  0.00000e+00,
38,0,0,1,46,0,0,0,0,0,0,  7.75602e-02,  2.04074e-02,  0.00000e+00,
39,0,0,1,46,0,0,0,0,0,0,  7.72767e-02,  2.14558e-02,  0.00000e+00,
40,0,0,1,46,0,0,0,0,0,0,  7.69791e-02,  2.25002e-02,  0.00000e+00,
41,0,0,1,46,0,0,0,0,0,0,  7.66674e-02,  2.35405e-02,  0.00000e+00,
42,0,0,1,46,0,0,0,0,0,0,  7.63416e-02,  2.45765e-02,  0.00000e+00,
43,0,0,1,46,0,0,0,0,0,0,  7.60018e-02,  2.56080e-02,  0.00000e+00,
44,0,0,1,46,0,0,0,0,0,0,  7.56481e-02,  2.66348e-02,  0.00000e+00,
45,0,0,1,46,0,0,0,0,0,0,  7.52805e-02,  2.76567e-02,  0.00000e+00,
46,0,0,1,46,0,0,0,0,0,0,  7.48991e-02,  2.86735e-02,  0.00000e+00,
47,0,0,1,46,0,0,0,0,0,0,  7.45039e-02,  2.96851e-02,  0.00000e+00,
48,0,0,1,46,0,0,0,0,0,0,  4.49572e-02,  1.96287e-03,  0.00000e+00,
49,0,0,1,46,0,0,0,0,0,0,  4.48288e-02,  3.92201e-03,  0.00000e+00,
50,0,0,1,46,0,0,0,0,0,0,  4.46150e-02,  5.87368e-03,  0.00000e+00,
51,0,0,1,46,0,0,0,0,0,0,  4.43163e-02,  7.81417e-03,  0.00000e+00,
52,0,0,1,46,0,0,0,0,0,0,  4.39333e-02,  9.73978e-03,  0.00000e+00,
53,0,0,1,46,0,0,0,0,0,0,  4.34667e-02,  1.16469e-02,  0.00000e+00,
54,0,0,1,46,0,0,0,0,0,0,  4.29173e-02,  1.35318e-02,  0.00000e+00,
55,0,0,1,46,0,0,0,0,0,0,  4.22862e-02,  1.53909e-02,  0.00000e+00,
56,0,0,1,46,0,0,0,0,0,0,  2.98555e-02,  2.94051e-03,  0.00000e+00,
57,0,0,1,46,0,0,0,0,0,0,  2.94236e-02,  5.85271e-03,  0.00000e+00,
58,0,0,1,46,0,0,0,0,0,0,  2.87082e-02,  8.70854e-03,  0.00000e+00,
59,0,0,1,46,0,0,0,0,0,0,  3.37500e-02,  0.00000e+00,  0.00000e+00,
60,0,0,1,46,0,0,0,0,0,0,  3.75000e-02,  0.00000e+00,  0.00000e+00,
61,0,0,1,46,0,0,0,0,0,0,  4.12500e-02,  0.00000e+00,  0.00000e+00,
62,0,0,1,46,0,0,0,0,0,0,  3.81100e-02,  1.57857e-02,  0.00000e+00,
63,0,0,1,46,0,0,0,0,0,0,  3.46455e-02,  1.43506e-02,  0.00000e+00,
64,0,0,1,46,0,0,0,0,0,0,  3.11809e-02,  1.29156e-02,  0.00000e+00,
65,0,0,1,46,0,0,0,0,0,0,  7.77987e-02,  6.00000e-03,  0.00000e+00,
66,0,0,1,46,0,0,0,0,0,0,  7.64425e-02,  6.42094e-03,  0.00000e+00,
67,0,0,1,46,0,0,0,0,0,0,  7.56561e-02,  6.91010e-03,  0.00000e+00,
68,0,0,1,46,0,0,0,0,0,0,  5.56073e-02,  1.93822e-02,  0.00000e+00,
69,0,0,1,46,0,0,0,0,0,0,  5.43726e-02,  2.01502e-02,  0.00000e+00,
70,0,0,1,46,0,0,0,0,0,0,  5.44923e-02,  2.14890e-02,  0.00000e+00,
71,0,0,1,46,0,0,0,0,0,0,  5.58560e-02,  2.20539e-02,  0.00000e+00,
72,0,0,1,46,0,0,0,0,0,0,  7.81998e-02,  8.71779e-03,  0.00000e+00,
73,0,0,1,46,0,0,0,0,0,0,  7.82902e-02,  7.81186e-03,  0.00000e+00,
74,0,0,1,46,0,0,0,0,0,0,  7.83806e-02,  6.90593e-03,  0.00000e+00,
75,0,0,1,46,0,0,0,0,0,0,  7.74737e-02,  1.00192e-02,  0.00000e+00,
76,0,0,1,46,0,0,0,0,0,0,  7.54080e-02,  8.12440e-03,  0.00000e+00,
77,0,0,1,46,0,0,0,0,0,0,  7.58834e-02,  8.88860e-03,  0.00000e+00,
78,0,0,1,46,0,0,0,0,0,0,  7.63588e-02,  9.65280e-03,  0.00000e+00,
79,0,0,1,46,0,0,0,0,0,0,  5.79222e-02,  2.21818e-02,  0.00000e+00,
80,0,0,1,46,0,0,0,0,0,0,  5.80180e-02,  2.10623e-02,  0.00000e+00,
81,0,0,1,46,0,0,0,0,0,0,  5.75426e-02,  2.02981e-02,  0.00000e+00,
82,0,0,1,46,0,0,0,0,0,0,  5.70672e-02,  1.95339e-02,  0.00000e+00,
83,0,0,1,46,0,0,0,0,0,0,  5.68973e-02,  1.74020e-02,  0.00000e+00,
84,0,0,1,46,0,0,0,0,0,0,  5.77310e-02,  1.68834e-02,  0.00000e+00,
85,0,0,1,46,0,0,0,0,0,0,  5.85646e-02,  1.63647e-02,  0.00000e+00,
86,0,0,1,46,0,0,0,0,0,0,  5.93983e-02,  1.58461e-02,  0.00000e+00,
87,0,0,1,46,0,0,0,0,0,0,  6.02320e-02,  1.53275e-02,  0.00000e+00,
88,0,0,1,46,0,0,0,0,0,0,  6.10656e-02,  1.48089e-02,  0.00000e+00,
89,0,0,1,46,0,0,0,0,0,0,  6.18993e-02,  1.42903e-02,  0.00000e+00,
90,0,0,1,46,0,0,0,0,0,0,  6.27330e-02,  1.37717e-02,  0.00000e+00,
91,0,0,1,46,0,0,0,0,0,0,  6.35667e-02,  1.32531e-02,  0.00000e+00,
92,0,0,1,46,0,0,0,0,0,0,  6.44003e-02,  1.27344e-02,  0.00000e+00,
93,0,0,1,46,0,0,0,0,0,0,  6.52340e-02,  1.22158e-02,  0.00000e+00,
94,0,0,1,46,0,0,0,0,0,0,  6.60677e-02,  1.16972e-02,  0.00000e+00,
95,0,0,1,46,0,0,0,0,0,0,  6.69013e-02,  1.11786e-02,  0.00000e+00,
96,0,0,1,46,0,0,0,0,0,0,  6.77350e-02,  1.06600e-02,  0.00000e+00,
97,0,0,1,46,0,0,0,0,0,0,  6.85687e-02,  1.01414e-02,  0.00000e+00,
98,0,0,1,46,0,0,0,0,0,0,  6.94024e-02,  9.62277e-03,  0.00000e+00,
99,0,0,1,46,0,0,0,0,0,0,  7.02360e-02,  9.10416e-03,  0.00000e+00,
100,0,0,1,46,0,0,0,0,0,0,  7.10697e-02,  8.58555e-03,  0.00000e+00,
101,0,0,1,46,0,0,0,0,0,0,  7.19034e-02,  8.06693e-03,  0.00000e+00,
102,0,0,1,46,0,0,0,0,0,0,  7.27370e-02,  7.54832e-03,  0.00000e+00,
103,0,0,1,46,0,0,0,0,0,0,  7.35707e-02,  7.02971e-03,  0.00000e+00,
104,0,0,1,46,0,0,0,0,0,0,  7.60005e-02,  1.09356e-02,  0.00000e+00,
105,0,0,1,46,0,0,0,0,0,0,  7.51668e-02,  1.14542e-02,  0.00000e+00,
106,0,0,1,46,0,0,0,0,0,0,  7.43332e-02,  1.19728e-02,  0.00000e+00,
107,0,0,1,46,0,0,0,0,0,0,  7.34995e-02,  1.24914e-02,  0.00000e+00,
108,0,0,1,46,0,0,0,0,0,0,  7.26658e-02,  1.30101e-02,  0.00000e+00,
109,0,0,1,46,0,0,0,0,0,0,  7.18322e-02,  1.35287e-02,  0.00000e+00,
110,0,0,1,46,0,0,0,0,0,0,  7.09985e-02,  1.40473e-02,  0.00000e+00,
111,0,0,1,46,0,0,0,0,0,0,  7.01648e-02,  1.45659e-02,  0.00000e+00,
112,0,0,1,46,0,0,0,0,0,0,  6.93311e-02,  1.50845e-02,  0.00000e+00,
113,0,0,1,46,0,0,0,0,0,0,  6.84975e-02,  1.56031e-02,  0.00000e+00,
114,0,0,1,46,0,0,0,0,0,0,  6.76638e-02,  1.61217e-02,  0.00000e+00,
115,0,0,1,46,0,0,0,0,0,0,  6.68301e-02,  1.66404e-02,  0.00000e+00,
116,0,0,1,46,0,0,0,0,0,0,  6.59965e-02,  1.71590e-02,  0.00000e+00,
117,0,0,1,46,0,0,0,0,0,0,  6.51628e-02,  1.76776e-02,  0.00000e+00,
118,0,0,1,46,0,0,0,0,0,0,  6.43291e-02,  1.81962e-02,  0.00000e+00,
119,0,0,1,46,0,0,0,0,0,0,  6.34954e-02,  1.87148e-02,  0.00000e+00,
120,0,0,1,46,0,0,0,0,0,0,  6.26618e-02,  1.92334e-02,  0.00000e+00,
121,0,0,1,46,0,0,0,0,0,0,  6.18281e-02,  1.97520e-02,  0.00000e+00,
122,0,0,1,46,0,0,0,0,0,0,  6.09944e-02,  2.02706e-02,  0.00000e+00,
123,0,0,1,46,0,0,0,0,0,0,  6.01608e-02,  2.07893e-02,  0.00000e+00,
124,0,0,1,46,0,0,0,0,0,0,  5.93271e-02,  2.13079e-02,  0.00000e+00,
125,0,0,1,46,0,0,0,0,0,0,  7.87234e-02,  0.00000e+00,  0.00000e+00,
126,0,0,1,46,0,0,0,0,0,0,  7.77452e-02,  0.00000e+00,  0.00000e+00,
127,0,0,1,46,0,0,0,0,0,0,  7.67273e-02,  0.00000e+00,  0.00000e+00,
128,0,0,1,46,0,0,0,0,0,0,  7.54506e-02,  0.00000e+00,  0.00000e+00,
129,0,0,1,46,0,0,0,0,0,0,  7.36719e-02,  0.00000e+00,  0.00000e+00,
130,0,0,1,46,0,0,0,0,0,0,  7.11933e-02,  0.00000e+00,  0.00000e+00,
131,0,0,1,46,0,0,0,0,0,0,  6.82838e-02,  0.00000e+00,  0.00000e+00,
132,0,0,1,46,0,0,0,0,0,0,  6.53733e-02,  0.00000e+00,  0.00000e+00,
133,0,0,1,46,0,0,0,0,0,0,  6.24628e-02,  0.00000e+00,  0.00000e+00,
134,0,0,1,46,0,0,0,0,0,0,  5.95524e-02,  0.00000e+00,  0.00000e+00,
135,0,0,1,46,0,0,0,0,0,0,  5.66419e-02,  0.00000e+00,  0.00000e+00,
136,0,0,1,46,0,0,0,0,0,0,  5.37314e-02,  0.00000e+00,  0.00000e+00,
137,0,0,1,46,0,0,0,0,0,0,  5.08209e-02,  0.00000e+00,  0.00000e+00,
138,0,0,1,46,0,0,0,0,0,0,  4.79105e-02,  0.00000e+00,  0.00000e+00,
139,0,0,1,46,0,0,0,0,0,0,  7.27310e-02,  3.01262e-02,  0.00000e+00,
140,0,0,1,46,0,0,0,0,0,0,  7.18272e-02,  2.97518e-02,  0.00000e+00,
141,0,0,1,46,0,0,0,0,0,0,  7.08868e-02,  2.93623e-02,  0.00000e+00,
142,0,0,1,46,0,0,0,0,0,0,  6.97072e-02,  2.88737e-02,  0.00000e+00,
143,0,0,1,46,0,0,0,0,0,0,  6.80640e-02,  2.81930e-02,  0.00000e+00,
144,0,0,1,46,0,0,0,0,0,0,  6.57740e-02,  2.72445e-02,  0.00000e+00,
145,0,0,1,46,0,0,0,0,0,0,  6.30860e-02,  2.61311e-02,  0.00000e+00,
146,0,0,1,46,0,0,0,0,0,0,  6.03970e-02,  2.50173e-02,  0.00000e+00,
147,0,0,1,46,0,0,0,0,0,0,  5.77081e-02,  2.39035e-02,  0.00000e+00,
148,0,0,1,46,0,0,0,0,0,0,  5.50192e-02,  2.27897e-02,  0.00000e+00,
149,0,0,1,46,0,0,0,0,0,0,  5.23303e-02,  2.16759e-02,  0.00000e+00,
150,0,0,1,46,0,0,0,0,0,0,  4.96414e-02,  2.05621e-02,  0.00000e+00,
151,0,0,1,46,0,0,0,0,0,0,  4.69524e-02,  1.94483e-02,  0.00000e+00,
152,0,0,1,46,0,0,0,0,0,0,  4.42635e-02,  1.83345e-02,  0.00000e+00,
153,0,0,1,46,0,0,0,0,0,0,  7.96940e-02,  9.78042e-04,  0.00000e+00,
154,0,0,1,46,0,0,0,0,0,0,  7.96760e-02,  1.95594e-03,  0.00000e+00,
155,0,0,1,46,0,0,0,0,0,0,  7.96460e-02,  2.93354e-03,  0.00000e+00,
156,0,0,1,46,0,0,0,0,0,0,  7.96040e-02,  3.91069e-03,  0.00000e+00,
157,0,0,1,46,0,0,0,0,0,0,  7.95500e-02,  4.88726e-03,  0.00000e+00,
158,0,0,1,46,0,0,0,0,0,0,  7.94840e-02,  5.86310e-03,  0.00000e+00,
159,0,0,1,46,0,0,0,0,0,0,  7.94061e-02,  6.83805e-03,  0.00000e+00,
160,0,0,1,46,0,0,0,0,0,0,  7.93162e-02,  7.81197e-03,  0.00000e+00,
161,0,0,1,46,0,0,0,0,0,0,  7.92144e-02,  8.78471e-03,  0.00000e+00,
162,0,0,1,46,0,0,0,0,0,0,  7.91006e-02,  9.75613e-03,  0.00000e+00,
163,0,0,1,46,0,0,0,0,0,0,  7.89749e-02,  1.07261e-02,  0.00000e+00,
164,0,0,1,46,0,0,0,0,0,0,  7.88374e-02,  1.16944e-02,  0.00000e+00,
165,0,0,1,46,0,0,0,0,0,0,  7.86879e-02,  1.26610e-02,  0.00000e+00,
166,0,0,1,46,0,0,0,0,0,0,  7.85266e-02,  1.36257e-02,  0.00000e+00,
167,0,0,1,46,0,0,0,0,0,0,  7.83535e-02,  1.45883e-02,  0.00000e+00,
168,0,0,1,46,0,0,0,0,0,0,  7.81686e-02,  1.55487e-02,  0.00000e+00,
169,0,0,1,46,0,0,0,0,0,0,  7.79719e-02,  1.65068e-02,  0.00000e+00,
170,0,0,1,46,0,0,0,0,0,0,  7.77635e-02,  1.74624e-02,  0.00000e+00,
171,0,0,1,46,0,0,0,0,0,0,  7.75433e-02,  1.84153e-02,  0.00000e+00,
172,0,0,1,46,0,0,0,0,0,0,  7.73115e-02,  1.93655e-02,  0.00000e+00,
173,0,0,1,46,0,0,0,0,0,0,  7.70680e-02,  2.03128e-02,  0.00000e+00,
174,0,0,1,46,0,0,0,0,0,0,  7.68130e-02,  2.12570e-02,  0.00000e+00,
175,0,0,1,46,0,0,0,0,0,0,  7.65463e-02,  2.21980e-02,  0.00000e+00,
176,0,0,1,46,0,0,0,0,0,0,  7.62681e-02,  2.31357e-02,  0.00000e+00,
177,0,0,1,46,0,0,0,0,0,0,  7.59785e-02,  2.40699e-02,  0.00000e+00,
178,0,0,1,46,0,0,0,0,0,0,  7.56774e-02,  2.50004e-02,  0.00000e+00,
179,0,0,1,46,0,0,0,0,0,0,  7.53649e-02,  2.59272e-02,  0.00000e+00,
180,0,0,1,46,0,0,0,0,0,0,  7.50411e-02,  2.68501e-02,  0.00000e+00,
181,0,0,1,46,0,0,0,0,0,0,  7.47059e-02,  2.77690e-02,  0.00000e+00,
182,0,0,1,46,0,0,0,0,0,0,  7.43595e-02,  2.86836e-02,  0.00000e+00,
183,0,0,1,46,0,0,0,0,0,0,  7.40019e-02,  2.95940e-02,  0.00000e+00,
184,0,0,1,46,0,0,0,0,0,0,  7.61646e-02,  1.30945e-02,  0.00000e+00,
185,0,0,1,46,0,0,0,0,0,0,  7.60292e-02,  1.21027e-02,  0.00000e+00,
186,0,0,1,46,0,0,0,0,0,0,  7.51858e-02,  1.26422e-02,  0.00000e+00,
187,0,0,1,46,0,0,0,0,0,0,  7.69920e-02,  1.26647e-02,  0.00000e+00,
188,0,0,1,46,0,0,0,0,0,0,  6.36053e-02,  2.05049e-02,  0.00000e+00,
189,0,0,1,46,0,0,0,0,0,0,  6.48948e-02,  1.90873e-02,  0.00000e+00,
190,0,0,1,46,0,0,0,0,0,0,  5.63389e-02,  1.58611e-02,  0.00000e+00,
191,0,0,1,46,0,0,0,0,0,0,  4.66382e-02,  1.46772e-02,  0.00000e+00,
192,0,0,1,46,0,0,0,0,0,0,  4.41370e-02,  1.55316e-02,  0.00000e+00,
193,0,0,1,46,0,0,0,0,0,0,  4.60688e-02,  1.70454e-02,  0.00000e+00,
194,0,0,1,46,0,0,0,0,0,0,  7.82698e-02,  7.43244e-04,  0.00000e+00,
195,0,0,1,46,0,0,0,0,0,0,  7.87764e-02,  1.62903e-03,  0.00000e+00,
196,0,0,1,46,0,0,0,0,0,0,  7.90327e-02,  6.70063e-04,  0.00000e+00,
197,0,0,1,46,0,0,0,0,0,0,  6.47590e-02,  2.36687e-02,  0.00000e+00,
198,0,0,1,46,0,0,0,0,0,0,  6.61825e-02,  2.11050e-02,  0.00000e+00,
199,0,0,1,46,0,0,0,0,0,0,  7.03133e-02,  7.14658e-03,  0.00000e+00,
200,0,0,1,46,0,0,0,0,0,0,  6.80455e-02,  2.25611e-02,  0.00000e+00,
201,0,0,1,46,0,0,0,0,0,0,  6.76672e-02,  2.56370e-02,  0.00000e+00,
202,0,0,1,46,0,0,0,0,0,0,  7.24577e-02,  6.04280e-03,  0.00000e+00,
203,0,0,1,46,0,0,0,0,0,0,  6.14155e-02,  2.19730e-02,  0.00000e+00,
204,0,0,1,46,0,0,0,0,0,0,  4.69093e-02,  4.73702e-03,  0.00000e+00,
205,0,0,1,46,0,0,0,0,0,0,  4.89568e-02,  2.77046e-03,  0.00000e+00,
206,0,0,1,46,0,0,0,0,0,0,  4.64417e-02,  2.21661e-03,  0.00000e+00,
207,0,0,1,46,0,0,0,0,0,0,  5.85892e-02,  1.49600e-02,  0.00000e+00,
208,0,0,1,46,0,0,0,0,0,0,  5.98938e-02,  1.32513e-02,  0.00000e+00,
209,0,0,1,46,0,0,0,0,0,0,  5.71078e-02,  1.31092e-02,  0.00000e+00,
210,0,0,1,46,0,0,0,0,0,0,  5.74217e-02,  1.03300e-02,  0.00000e+00,
211,0,0,1,46,0,0,0,0,0,0,  5.92106e-02,  2.27017e-02,  0.00000e+00,
212,0,0,1,46,0,0,0,0,0,0,  6.41768e-02,  8.09401e-03,  0.00000e+00,
213,0,0,1,46,0,0,0,0,0,0,  6.31133e-02,  5.88342e-03,  0.00000e+00,
214,0,0,1,46,0,0,0,0,0,0,  6.19137e-02,  8.15721e-03,  0.00000e+00,
215,0,0,1,46,0,0,0,0,0,0,  7.07016e-02,  1.63775e-02,  0.00000e+00,
216,0,0,1,46,0,0,0,0,0,0,  7.32873e-02,  1.77846e-02,  0.00000e+00,
217,0,0,1,46,0,0,0,0,0,0,  7.32420e-02,  1.61124e-02,  0.00000e+00,
218,0,0,1,46,0,0,0,0,0,0,  7.18852e-02,  1.94682e-02,  0.00000e+00,
219,0,0,1,46,0,0,0,0,0,0,  6.88910e-02,  1.95114e-02,  0.00000e+00,
220,0,0,1,46,0,0,0,0,0,0,  6.81962e-02,  1.70966e-02,  0.00000e+00,
221,0,0,1,46,0,0,0,0,0,0,  7.42527e-02,  4.38003e-03,  0.00000e+00,
222,0,0,1,46,0,0,0,0,0,0,  7.19730e-02,  2.89137e-03,  0.00000e+00,
223,0,0,1,46,0,0,0,0,0,0,  7.05073e-02,  4.76837e-03,  0.00000e+00,
224,0,0,1,46,0,0,0,0,0,0,  7.49703e-02,  2.43829e-02,  0.00000e+00,
225,0,0,1,46,0,0,0,0,0,0,  7.45767e-02,  2.53125e-02,  0.00000e+00,
226,0,0,1,46,0,0,0,0,0,0,  6.77805e-02,  8.05374e-03,  0.00000e+00,
227,0,0,1,46,0,0,0,0,0,0,  6.60108e-02,  9.55476e-03,  0.00000e+00,
228,0,0,1,46,0,0,0,0,0,0,  7.06860e-02,  2.56358e-02,  0.00000e+00,
229,0,0,1,46,0,0,0,0,0,0,  6.97075e-02,  2.72623e-02,  0.00000e+00,
230,0,0,1,46,0,0,0,0,0,0,  7.71083e-02,  1.66737e-02,  0.00000e+00,
231,0,0,1,46,0,0,0,0,0,0,  7.65811e-02,  1.61520e-02,  0.00000e+00,
232,0,0,1,46,0,0,0,0,0,0,  7.62339e-02,  1.68001e-02,  0.00000e+00,
233,0,0,1,46,0,0,0,0,0,0,  7.57399e-02,  1.61098e-02,  0.00000e+00,
234,0,0,1,46,0,0,0,0,0,0,  6.07309e-02,  1.05076e-02,  0.00000e+00,
235,0,0,1,46,0,0,0,0,0,0,  6.21040e-02,  1.26770e-02,  0.00000e+00,
236,0,0,1,46,0,0,0,0,0,0,  7.16533e-02,  2.43501e-02,  0.00000e+00,
237,0,0,1,46,0,0,0,0,0,0,  7.01407e-02,  2.37986e-02,  0.00000e+00,
238,0,0,1,46,0,0,0,0,0,0,  7.22687e-02,  2.51843e-02,  0.00000e+00,
239,0,0,1,46,0,0,0,0,0,0,  7.45251e-02,  2.28324e-02,  0.00000e+00,
240,0,0,1,46,0,0,0,0,0,0,  7.47054e-02,  2.19224e-02,  0.00000e+00,
241,0,0,1,46,0,0,0,0,0,0,  7.35771e-02,  2.22451e-02,  0.00000e+00,
242,0,0,1,46,0,0,0,0,0,0,  6.65934e-02,  1.83253e-02,  0.00000e+00,
243,0,0,1,46,0,0,0,0,0,0,  7.24329e-02,  2.93646e-02,  0.00000e+00,
244,0,0,1,46,0,0,0,0,0,0,  7.40923e-02,  1.34593e-02,  0.00000e+00,
245,0,0,1,46,0,0,0,0,0,0,  7.70610e-02,  1.35344e-02,  0.00000e+00,
246,0,0,1,46,0,0,0,0,0,0,  7.77762e-02,  1.31020e-02,  0.00000e+00,
247,0,0,1,46,0,0,0,0,0,0,  7.78380e-02,  1.22271e-02,  0.00000e+00,
248,0,0,1,46,0,0,0,0,0,0,  7.39811e-02,  2.80387e-02,  0.00000e+00,
249,0,0,1,46,0,0,0,0,0,0,  7.31318e-02,  2.77453e-02,  0.00000e+00,
250,0,0,1,46,0,0,0,0,0,0,  7.35932e-02,  2.86985e-02,  0.00000e+00,
251,0,0,1,46,0,0,0,0,0,0,  7.26595e-02,  2.86372e-02,  0.00000e+00,
252,0,0,1,46,0,0,0,0,0,0,  7.20423e-02,  2.79591e-02,  0.00000e+00,
253,0,0,1,46,0,0,0,0,0,0,  7.24030e-02,  2.70939e-02,  0.00000e+00,
254,0,0,1,46,0,0,0,0,0,0,  7.08717e-02,  2.82280e-02,  0.00000e+00,
255,0,0,1,46,0,0,0,0,0,0,  7.17965e-02,  2.88476e-02,  0.00000e+00,
256,0,0,1,46,0,0,0,0,0,0,  7.70833e-02,  1.19276e-02,  0.00000e+00,
257,0,0,1,46,0,0,0,0,0,0,  5.21290e-02,  1.16425e-02,  0.00000e+00,
258,0,0,1,46,0,0,0,0,0,0,  4.84940e-02,  1.21779e-02,  0.00000e+00,
259,0,0,1,46,0,0,0,0,0,0,  5.07987e-02,  1.40833e-02,  0.00000e+00,
260,0,0,1,46,0,0,0,0,0,0,  4.92021e-02,  9.28635e-03,  0.00000e+00,
261,0,0,1,46,0,0,0,0,0,0,  7.81154e-02,  3.68878e-03,  0.00000e+00,
262,0,0,1,46,0,0,0,0,0,0,  7.77577e-02,  2.97959e-03,  0.00000e+00,
263,0,0,1,46,0,0,0,0,0,0,  7.71814e-02,  3.67976e-03,  0.00000e+00,
264,0,0,1,46,0,0,0,0,0,0,  7.68041e-02,  2.79651e-03,  0.00000e+00,
265,0,0,1,46,0,0,0,0,0,0,  7.58076e-02,  3.40536e-03,  0.00000e+00,
266,0,0,1,46,0,0,0,0,0,0,  5.17863e-02,  3.33201e-03,  0.00000e+00,
267,0,0,1,46,0,0,0,0,0,0,  4.51528e-02,  1.24333e-02,  0.00000e+00,
268,0,0,1,46,0,0,0,0,0,0,  4.90756e-02,  1.49381e-02,  0.00000e+00,
269,0,0,1,46,0,0,0,0,0,0,  4.83595e-02,  1.70137e-02,  0.00000e+00,
270,0,0,1,46,0,0,0,0,0,0,  7.77776e-02,  5.38446e-03,  0.00000e+00,
271,0,0,1,46,0,0,0,0,0,0,  7.86732e-02,  5.09846e-03,  0.00000e+00,
272,0,0,1,46,0,0,0,0,0,0,  7.78731e-02,  4.46578e-03,  0.00000e+00,
273,0,0,1,46,0,0,0,0,0,0,  7.12486e-02,  2.70061e-02,  0.00000e+00,
274,0,0,1,46,0,0,0,0,0,0,  7.87604e-02,  4.20072e-03,  0.00000e+00,
275,0,0,1,46,0,0,0,0,0,0,  5.47861e-02,  1.34146e-02,  0.00000e+00,
276,0,0,1,46,0,0,0,0,0,0,  5.51474e-02,  1.15407e-02,  0.00000e+00,
277,0,0,1,46,0,0,0,0,0,0,  7.42000e-02,  1.69669e-02,  0.00000e+00,
278,0,0,1,46,0,0,0,0,0,0,  7.47596e-02,  1.77138e-02,  0.00000e+00,
279,0,0,1,46,0,0,0,0,0,0,  7.44695e-02,  1.85402e-02,  0.00000e+00,
280,0,0,1,46,0,0,0,0,0,0,  7.31753e-02,  2.94867e-02,  0.00000e+00,
281,0,0,1,46,0,0,0,0,0,0,  7.25219e-02,  1.45014e-02,  0.00000e+00,
282,0,0,1,46,0,0,0,0,0,0,  7.41209e-02,  1.49745e-02,  0.00000e+00,
283,0,0,1,46,0,0,0,0,0,0,  7.46206e-02,  1.60694e-02,  0.00000e+00,
284,0,0,1,46,0,0,0,0,0,0,  7.40536e-02,  1.78894e-03,  0.00000e+00,
285,0,0,1,46,0,0,0,0,0,0,  7.60260e-02,  1.84583e-03,  0.00000e+00,
286,0,0,1,46,0,0,0,0,0,0,  7.56049e-02,  4.60395e-03,  0.00000e+00,
287,0,0,1,46,0,0,0,0,0,0,  7.57506e-02,  5.65836e-03,  0.00000e+00,
288,0,0,1,46,0,0,0,0,0,0,  7.67307e-02,  4.74252e-03,  0.00000e+00,
289,0,0,1,46,0,0,0,0,0,0,  7.82329e-02,  1.05610e-02,  0.00000e+00,
290,0,0,1,46,0,0,0,0,0,0,  7.82842e-02,  2.33324e-03,  0.00000e+00,
291,0,0,1,46,0,0,0,0,0,0,  7.87362e-02,  3.17581e-03,  0.00000e+00,
292,0,0,1,46,0,0,0,0,0,0,  7.90643e-02,  2.43528e-03,  0.00000e+00,
293,0,0,1,46,0,0,0,0,0,0,  7.74237e-02,  1.07124e-02,  0.00000e+00,
294,0,0,1,46,0,0,0,0,0,0,  4.96169e-02,  1.86452e-02,  0.00000e+00,
295,0,0,1,46,0,0,0,0,0,0,  5.20433e-02,  1.94634e-02,  0.00000e+00,
296,0,0,1,46,0,0,0,0,0,0,  5.10877e-02,  1.67384e-02,  0.00000e+00,
297,0,0,1,46,0,0,0,0,0,0,  7.62840e-02,  1.38785e-02,  0.00000e+00,
298,0,0,1,46,0,0,0,0,0,0,  6.22961e-02,  2.41930e-02,  0.00000e+00,
299,0,0,1,46,0,0,0,0,0,0,  7.86626e-02,  9.18525e-03,  0.00000e+00,
300,0,0,1,46,0,0,0,0,0,0,  5.78988e-02,  2.34831e-03,  0.00000e+00,
301,0,0,1,46,0,0,0,0,0,0,  5.65362e-02,  4.16786e-03,  0.00000e+00,
302,0,0,1,46,0,0,0,0,0,0,  5.84254e-02,  4.87643e-03,  0.00000e+00,
303,0,0,1,46,0,0,0,0,0,0,  5.61110e-02,  6.69450e-03,  0.00000e+00,
304,0,0,1,46,0,0,0,0,0,0,  5.86688e-02,  7.99961e-03,  0.00000e+00,
305,0,0,1,46,0,0,0,0,0,0,  5.32072e-02,  1.49194e-02,  0.00000e+00,
306,0,0,1,46,0,0,0,0,0,0,  5.41029e-02,  1.77765e-02,  0.00000e+00,
307,0,0,1,46,0,0,0,0,0,0,  6.09919e-02,  5.47064e-03,  0.00000e+00,
308,0,0,1,46,0,0,0,0,0,0,  6.91878e-02,  2.64305e-03,  0.00000e+00,
309,0,0,1,46,0,0,0,0,0,0,  4.63552e-02,  9.71474e-03,  0.00000e+00,
310,0,0,1,46,0,0,0,0,0,0,  7.68396e-02,  1.43890e-02,  0.00000e+00,
311,0,0,1,46,0,0,0,0,0,0,  7.77336e-02,  1.40157e-02,  0.00000e+00,
312,0,0,1,46,0,0,0,0,0,0,  7.74882e-02,  1.49395e-02,  0.00000e+00,
313,0,0,1,46,0,0,0,0,0,0,  7.77103e-02,  1.13952e-02,  0.00000e+00,
314,0,0,1,46,0,0,0,0,0,0,  7.21157e-02,  2.62123e-02,  0.00000e+00,
315,0,0,1,46,0,0,0,0,0,0,  4.67418e-02,  7.30226e-03,  0.00000e+00,
316,0,0,1,46,0,0,0,0,0,0,  4.98720e-02,  6.33712e-03,  0.00000e+00,
317,0,0,1,46,0,0,0,0,0,0,  7.42546e-02,  2.38117e-02,  0.00000e+00,
318,0,0,1,46,0,0,0,0,0,0,  7.53064e-02,  2.33788e-02,  0.00000e+00,
319,0,0,1,46,0,0,0,0,0,0,  6.34844e-02,  3.32951e-03,  0.00000e+00,
320,0,0,1,46,0,0,0,0,0,0,  6.03457e-02,  2.57767e-03,  0.00000e+00,
321,0,0,1,46,0,0,0,0,0,0,  7.64469e-02,  1.53288e-02,  0.00000e+00,
322,0,0,1,46,0,0,0,0,0,0,  7.72694e-02,  1.58115e-02,  0.00000e+00,
323,0,0,1,46,0,0,0,0,0,0,  7.40551e-02,  2.72309e-02,  0.00000e+00,
324,0,0,1,46,0,0,0,0,0,0,  7.32120e-02,  2.65887e-02,  0.00000e+00,
325,0,0,1,46,0,0,0,0,0,0,  7.43285e-02,  2.63612e-02,  0.00000e+00,
326,0,0,1,46,0,0,0,0,0,0,  6.82386e-02,  5.40451e-03,  0.00000e+00,
327,0,0,1,46,0,0,0,0,0,0,  6.56135e-02,  6.21185e-03,  0.00000e+00,
328,0,0,1,46,0,0,0,0,0,0,  6.64900e-02,  3.16298e-03,  0.00000e+00,
329,0,0,1,46,0,0,0,0,0,0,  7.55023e-02,  2.24450e-02,  0.00000e+00,
330,0,0,1,46,0,0,0,0,0,0,  5.42922e-02,  9.20735e-03,  0.00000e+00,
331,0,0,1,46,0,0,0,0,0,0,  5.58605e-02,  2.06140e-03,  0.00000e+00,
332,0,0,1,46,0,0,0,0,0,0,  7.68469e-02,  1.12484e-02,  0.00000e+00,
333,0,0,1,46,0,0,0,0,0,0,  7.54388e-02,  1.36791e-02,  0.00000e+00,
334,0,0,1,46,0,0,0,0,0,0,  7.59337e-02,  1.45975e-02,  0.00000e+00,
335,0,0,1,46,0,0,0,0,0,0,  7.37503e-02,  2.56211e-02,  0.00000e+00,
336,0,0,1,46,0,0,0,0,0,0,  7.37537e-02,  1.93132e-02,  0.00000e+00,
337,0,0,1,46,0,0,0,0,0,0,  7.72479e-02,  2.07199e-03,  0.00000e+00,
338,0,0,1,46,0,0,0,0,0,0,  7.78233e-02,  1.46459e-03,  0.00000e+00,
339,0,0,1,46,0,0,0,0,0,0,  7.33364e-02,  2.03302e-02,  0.00000e+00,
340,0,0,1,46,0,0,0,0,0,0,  7.74783e-02,  6.90694e-04,  0.00000e+00,
341,0,0,1,46,0,0,0,0,0,0,  7.35056e-02,  2.32043e-02,  0.00000e+00,
342,0,0,1,46,0,0,0,0,0,0,  7.67922e-02,  1.01218e-03,  0.00000e+00,
343,0,0,1,46,0,0,0,0,0,0,  6.38005e-02,  1.09879e-02,  0.00000e+00,
344,0,0,1,46,0,0,0,0,0,0,  7.06328e-02,  2.16459e-02,  0.00000e+00,
345,0,0,1,46,0,0,0,0,0,0,  7.25940e-02,  2.13145e-02,  0.00000e+00,
346,0,0,1,46,0,0,0,0,0,0,  5.44940e-02,  3.79086e-03,  0.00000e+00,
347,0,0,1,46,0,0,0,0,0,0,  7.49724e-02,  1.44025e-02,  0.00000e+00,
348,0,0,1,46,0,0,0,0,0,0,  5.29388e-02,  6.48937e-03,  0.00000e+00,
349,0,0,1,46,0,0,0,0,0,0,  7.39732e-02,  2.12359e-02,  0.00000e+00,
350,0,0,1,46,0,0,0,0,0,0,  7.49457e-02,  2.11114e-02,  0.00000e+00,
351,0,0,1,46,0,0,0,0,0,0,  7.44761e-02,  2.03192e-02,  0.00000e+00,
352,0,0,1,46,0,0,0,0,0,0,  7.52762e-02,  1.53020e-02,  0.00000e+00,
353,0,0,1,46,0,0,0,0,0,0,  7.32695e-02,  2.49714e-02,  0.00000e+00,
354,0,0,1,46,0,0,0,0,0,0,  7.28760e-02,  2.57651e-02,  0.00000e+00,
355,0,0,1,46,0,0,0,0,0,0,  7.57802e-02,  2.04878e-02,  0.00000e+00,
356,0,0,1,46,0,0,0,0,0,0,  7.57206e-02,  2.15458e-02,  0.00000e+00,
357,0,0,1,46,0,0,0,0,0,0,  7.87523e-02,  8.29829e-03,  0.00000e+00,
358,0,0,1,46,0,0,0,0,0,0,  7.39722e-02,  2.47117e-02,  0.00000e+00,
359,0,0,1,46,0,0,0,0,0,0,  7.30119e-02,  2.41707e-02,  0.00000e+00,
360,0,0,1,46,0,0,0,0,0,0,  5.16207e-02,  8.54355e-03,  0.00000e+00,
361,0,0,1,46,0,0,0,0,0,0,  7.21593e-02,  2.29613e-02,  0.00000e+00,
362,0,0,1,46,0,0,0,0,0,0,  7.52606e-02,  1.69306e-02,  0.00000e+00,
363,0,0,1,46,0,0,0,0,0,0,  7.68039e-02,  1.75121e-02,  0.00000e+00,
364,0,0,1,46,0,0,0,0,0,0,  7.58607e-02,  1.76078e-02,  0.00000e+00,
365,0,0,1,46,0,0,0,0,0,0,  7.64968e-02,  1.84063e-02,  0.00000e+00,
366,0,0,1,46,0,0,0,0,0,0,  7.54795e-02,  1.84528e-02,  0.00000e+00,
367,0,0,1,46,0,0,0,0,0,0,  7.62254e-02,  1.93490e-02,  0.00000e+00,
368,0,0,1,46,0,0,0,0,0,0,  7.50674e-02,  1.94366e-02,  0.00000e+00,
369,0,0,1,46,0,0,0,0,0,0,  3.95447e-02,  9.16946e-03,  0.00000e+00,
370,0,0,1,46,0,0,0,0,0,0,  4.18262e-02,  3.61411e-03,  0.00000e+00,
371,0,0,1,46,0,0,0,0,0,0,  3.44234e-02,  3.78483e-03,  0.00000e+00,
372,0,0,1,46,0,0,0,0,0,0,  3.33830e-02,  8.53440e-03,  0.00000e+00,
373,0,0,1,46,0,0,0,0,0,0,  4.03636e-02,  1.38709e-02,  0.00000e+00,
374,0,0,1,46,0,0,0,0,0,0,  7.34558e-02,  9.36859e-03,  0.00000e+00,
375,0,0,1,46,0,0,0,0,0,0,  7.38047e-02,  1.02542e-02,  0.00000e+00,
376,0,0,1,46,0,0,0,0,0,0,  7.43991e-02,  9.70881e-03,  0.00000e+00,
377,0,0,1,46,0,0,0,0,0,0,  7.28352e-02,  9.94558e-03,  0.00000e+00,
378,0,0,1,46,0,0,0,0,0,0,  7.18050e-02,  8.83762e-03,  0.00000e+00,
379,0,0,1,46,0,0,0,0,0,0,  7.10611e-02,  9.39423e-03,  0.00000e+00,
380,0,0,1,46,0,0,0,0,0,0,  7.19449e-02,  9.67449e-03,  0.00000e+00,
381,0,0,1,46,0,0,0,0,0,0,  6.33816e-02,  1.53277e-02,  0.00000e+00,
382,0,0,1,46,0,0,0,0,0,0,  6.40226e-02,  1.59032e-02,  0.00000e+00,
383,0,0,1,46,0,0,0,0,0,0,  6.42150e-02,  1.48082e-02,  0.00000e+00,
384,0,0,1,46,0,0,0,0,0,0,  7.44233e-02,  1.08582e-02,  0.00000e+00,
385,0,0,1,46,0,0,0,0,0,0,  7.51464e-02,  1.04305e-02,  0.00000e+00,
386,0,0,1,46,0,0,0,0,0,0,  6.25496e-02,  1.58513e-02,  0.00000e+00,
387,0,0,1,46,0,0,0,0,0,0,  6.31889e-02,  1.64218e-02,  0.00000e+00,
388,0,0,1,46,0,0,0,0,0,0,  7.39299e-02,  8.65009e-03,  0.00000e+00,
389,0,0,1,46,0,0,0,0,0,0,  6.28361e-02,  1.84601e-02,  0.00000e+00,
390,0,0,1,46,0,0,0,0,0,0,  6.33446e-02,  1.79447e-02,  0.00000e+00,
391,0,0,1,46,0,0,0,0,0,0,  6.25550e-02,  1.77907e-02,  0.00000e+00,
392,0,0,1,46,0,0,0,0,0,0,  6.02761e-02,  1.97816e-02,  0.00000e+00,
393,0,0,1,46,0,0,0,0,0,0,  6.10966e-02,  1.94997e-02,  0.00000e+00,
394,0,0,1,46,0,0,0,0,0,0,  6.04421e-02,  1.89027e-02,  0.00000e+00,
395,0,0,1,46,0,0,0,0,0,0,  5.98052e-02,  1.82754e-02,  0.00000e+00,
396,0,0,1,46,0,0,0,0,0,0,  5.89781e-02,  1.82677e-02,  0.00000e+00,
397,0,0,1,46,0,0,0,0,0,0,  5.95520e-02,  1.91170e-02,  0.00000e+00,
398,0,0,1,46,0,0,0,0,0,0,  7.24921e-02,  9.05331e-03,  0.00000e+00,
399,0,0,1,46,0,0,0,0,0,0,  6.17360e-02,  1.63599e-02,  0.00000e+00,
400,0,0,1,46,0,0,0,0,0,0,  6.24462e-02,  1.68792e-02,  0.00000e+00,
401,0,0,1,46,0,0,0,0,0,0,  7.22981e-02,  1.05426e-02,  0.00000e+00,
402,0,0,1,46,0,0,0,0,0,0,  6.12983e-02,  1.87074e-02,  0.00000e+00,
403,0,0,1,46,0,0,0,0,0,0,  6.21322e-02,  1.85856e-02,  0.00000e+00,
404,0,0,1,46,0,0,0,0,0,0,  6.08834e-02,  1.69133e-02,  0.00000e+00,
405,0,0,1,46,0,0,0,0,0,0,  6.16137e-02,  1.75703e-02,  0.00000e+00,
406,0,0,1,46,0,0,0,0,0,0,  6.30338e-02,  1.72815e-02,  0.00000e+00,
407,0,0,1,46,0,0,0,0,0,0,  6.00464e-02,  1.72970e-02,  0.00000e+00,
408,0,0,1,46,0,0,0,0,0,0,  6.06771e-02,  1.79343e-02,  0.00000e+00,
409,0,0,1,46,0,0,0,0,0,0,  5.93910e-02,  1.98808e-02,  0.00000e+00,
410,0,0,1,46,0,0,0,0,0,0,  6.39809e-02,  1.67231e-02,  0.00000e+00,
411,0,0,1,46,0,0,0,0,0,0,  6.37051e-02,  1.73176e-02,  0.00000e+00,
412,0,0,1,46,0,0,0,0,0,0,  6.43533e-02,  1.73383e-02,  0.00000e+00,
413,0,0,1,46,0,0,0,0,0,0,  6.48146e-02,  1.62045e-02,  0.00000e+00,
414,0,0,1,46,0,0,0,0,0,0,  6.45886e-02,  1.67770e-02,  0.00000e+00,
415,0,0,1,46,0,0,0,0,0,0,  6.51973e-02,  1.68151e-02,  0.00000e+00,
416,0,0,1,46,0,0,0,0,0,0,  6.56483e-02,  1.56859e-02,  0.00000e+00,
417,0,0,1,46,0,0,0,0,0,0,  6.54240e-02,  1.62576e-02,  0.00000e+00,
418,0,0,1,46,0,0,0,0,0,0,  6.60313e-02,  1.62963e-02,  0.00000e+00,
419,0,0,1,46,0,0,0,0,0,0,  6.48563e-02,  1.53846e-02,  0.00000e+00,
420,0,0,1,46,0,0,0,0,0,0,  6.50486e-02,  1.42895e-02,  0.00000e+00,
421,0,0,1,46,0,0,0,0,0,0,  6.64819e-02,  1.51673e-02,  0.00000e+00,
422,0,0,1,46,0,0,0,0,0,0,  6.62578e-02,  1.57389e-02,  0.00000e+00,
423,0,0,1,46,0,0,0,0,0,0,  6.68650e-02,  1.57777e-02,  0.00000e+00,
424,0,0,1,46,0,0,0,0,0,0,  7.32058e-02,  1.08101e-02,  0.00000e+00,
425,0,0,1,46,0,0,0,0,0,0,  7.37035e-02,  1.13074e-02,  0.00000e+00,
426,0,0,1,46,0,0,0,0,0,0,  6.73156e-02,  1.46487e-02,  0.00000e+00,
427,0,0,1,46,0,0,0,0,0,0,  6.70914e-02,  1.52203e-02,  0.00000e+00,
428,0,0,1,46,0,0,0,0,0,0,  6.76987e-02,  1.52591e-02,  0.00000e+00,
429,0,0,1,46,0,0,0,0,0,0,  6.81493e-02,  1.41301e-02,  0.00000e+00,
430,0,0,1,46,0,0,0,0,0,0,  6.79251e-02,  1.47017e-02,  0.00000e+00,
431,0,0,1,46,0,0,0,0,0,0,  6.85324e-02,  1.47405e-02,  0.00000e+00,
432,0,0,1,46,0,0,0,0,0,0,  6.56899e-02,  1.48660e-02,  0.00000e+00,
433,0,0,1,46,0,0,0,0,0,0,  6.58822e-02,  1.37708e-02,  0.00000e+00,
434,0,0,1,46,0,0,0,0,0,0,  6.89830e-02,  1.36115e-02,  0.00000e+00,
435,0,0,1,46,0,0,0,0,0,0,  6.87588e-02,  1.41831e-02,  0.00000e+00,
436,0,0,1,46,0,0,0,0,0,0,  6.93660e-02,  1.42219e-02,  0.00000e+00,
437,0,0,1,46,0,0,0,0,0,0,  6.98166e-02,  1.30928e-02,  0.00000e+00,
438,0,0,1,46,0,0,0,0,0,0,  6.95925e-02,  1.36645e-02,  0.00000e+00,
439,0,0,1,46,0,0,0,0,0,0,  7.01997e-02,  1.37033e-02,  0.00000e+00,
440,0,0,1,46,0,0,0,0,0,0,  7.06503e-02,  1.25742e-02,  0.00000e+00,
441,0,0,1,46,0,0,0,0,0,0,  7.04261e-02,  1.31458e-02,  0.00000e+00,
442,0,0,1,46,0,0,0,0,0,0,  7.10334e-02,  1.31845e-02,  0.00000e+00,
443,0,0,1,46,0,0,0,0,0,0,  6.65236e-02,  1.43474e-02,  0.00000e+00,
444,0,0,1,46,0,0,0,0,0,0,  6.67159e-02,  1.32522e-02,  0.00000e+00,
445,0,0,1,46,0,0,0,0,0,0,  7.14836e-02,  1.20542e-02,  0.00000e+00,
446,0,0,1,46,0,0,0,0,0,0,  7.12597e-02,  1.26264e-02,  0.00000e+00,
447,0,0,1,46,0,0,0,0,0,0,  7.18670e-02,  1.26625e-02,  0.00000e+00,
448,0,0,1,46,0,0,0,0,0,0,  7.23157e-02,  1.14874e-02,  0.00000e+00,
449,0,0,1,46,0,0,0,0,0,0,  7.20940e-02,  1.20930e-02,  0.00000e+00,
450,0,0,1,46,0,0,0,0,0,0,  7.27059e-02,  1.21079e-02,  0.00000e+00,
451,0,0,1,46,0,0,0,0,0,0,  7.29548e-02,  1.14578e-02,  0.00000e+00,
452,0,0,1,46,0,0,0,0,0,0,  6.73573e-02,  1.38288e-02,  0.00000e+00,
453,0,0,1,46,0,0,0,0,0,0,  6.75496e-02,  1.27336e-02,  0.00000e+00,
454,0,0,1,46,0,0,0,0,0,0,  6.02569e-02,  1.62215e-02,  0.00000e+00,
455,0,0,1,46,0,0,0,0,0,0,  5.94942e-02,  1.66934e-02,  0.00000e+00,
456,0,0,1,46,0,0,0,0,0,0,  6.81910e-02,  1.33102e-02,  0.00000e+00,
457,0,0,1,46,0,0,0,0,0,0,  6.83833e-02,  1.22150e-02,  0.00000e+00,
458,0,0,1,46,0,0,0,0,0,0,  7.11965e-02,  1.02937e-02,  0.00000e+00,
459,0,0,1,46,0,0,0,0,0,0,  6.10903e-02,  1.57013e-02,  0.00000e+00,
460,0,0,1,46,0,0,0,0,0,0,  6.90246e-02,  1.27915e-02,  0.00000e+00,
461,0,0,1,46,0,0,0,0,0,0,  6.92055e-02,  1.17080e-02,  0.00000e+00,
462,0,0,1,46,0,0,0,0,0,0,  6.19240e-02,  1.51827e-02,  0.00000e+00,
463,0,0,1,46,0,0,0,0,0,0,  6.98583e-02,  1.22729e-02,  0.00000e+00,
464,0,0,1,46,0,0,0,0,0,0,  6.27577e-02,  1.46640e-02,  0.00000e+00,
465,0,0,1,46,0,0,0,0,0,0,  6.99472e-02,  1.14197e-02,  0.00000e+00,
466,0,0,1,46,0,0,0,0,0,0,  6.85934e-02,  1.10338e-02,  0.00000e+00,
467,0,0,1,46,0,0,0,0,0,0,  6.77597e-02,  1.15524e-02,  0.00000e+00,
468,0,0,1,46,0,0,0,0,0,0,  7.06920e-02,  1.17543e-02,  0.00000e+00,
469,0,0,1,46,0,0,0,0,0,0,  7.15256e-02,  1.12357e-02,  0.00000e+00,
470,0,0,1,46,0,0,0,0,0,0,  6.69260e-02,  1.20710e-02,  0.00000e+00,
471,0,0,1,46,0,0,0,0,0,0,  7.05051e-02,  1.08692e-02,  0.00000e+00,
472,0,0,1,46,0,0,0,0,0,0,  6.60924e-02,  1.25896e-02,  0.00000e+00,
473,0,0,1,46,0,0,0,0,0,0,  6.52587e-02,  1.31082e-02,  0.00000e+00,
474,0,0,1,46,0,0,0,0,0,0,  6.44250e-02,  1.36268e-02,  0.00000e+00,
475,0,0,1,46,0,0,0,0,0,0,  6.35914e-02,  1.41454e-02,  0.00000e+00,
476,0,0,1,46,0,0,0,0,0,0,  7.30083e-02,  8.42663e-03,  0.00000e+00,
477,0,0,1,46,0,0,0,0,0,0,  6.94264e-02,  1.05149e-02,  0.00000e+00,
478,0,0,1,46,0,0,0,0,0,0,  7.02430e-02,  9.99656e-03,  0.00000e+00,
479,0,0,1,46,0,0,0,0,0,0,  5.92388e-02,  1.73835e-02,  0.00000e+00,
480,0,0,1,46,0,0,0,0,0,0,  5.82103e-02,  1.81154e-02,  0.00000e+00,
481,0,0,1,46,0,0,0,0,0,0,  5.85446e-02,  1.74029e-02,  0.00000e+00,
482,0,0,1,46,0,0,0,0,0,0,  5.75230e-02,  1.79810e-02,  0.00000e+00,
483,0,0,1,46,0,0,0,0,0,0,  5.86973e-02,  1.90975e-02,  0.00000e+00,
484,0,0,1,46,0,0,0,0,0,0,  5.77878e-02,  1.90598e-02,  0.00000e+00,
485,0,0,1,46,0,0,0,0,0,0,  5.69885e-02,  1.84445e-02,  0.00000e+00,
486,0,0,1,46,0,0,0,0,0,0,  7.58993e-02,  9.98787e-03,  0.00000e+00,
487,0,0,1,46,0,0,0,0,0,0,  7.51724e-02,  9.60265e-03,  0.00000e+00,
488,0,0,1,46,0,0,0,0,0,0,  7.35317e-02,  7.87252e-03,  0.00000e+00,
489,0,0,1,46,0,0,0,0,0,0,  5.85069e-02,  2.08324e-02,  0.00000e+00,
490,0,0,1,46,0,0,0,0,0,0,  5.84858e-02,  1.99480e-02,  0.00000e+00,
491,0,0,1,46,0,0,0,0,0,0,  7.48612e-02,  8.79744e-03,  0.00000e+00,
492,0,0,1,46,0,0,0,0,0,0,  7.43769e-02,  7.76364e-03,  0.00000e+00,
493,0,0,1,46,0,0,0,0,0,0,  5.91743e-02,  2.05517e-02,  0.00000e+00,
501,0,0,1,46,0,0,0,0,0,0,  5.67100e-02,  5.67100e-02,  0.00000e+00,
502,0,0,1,46,0,0,0,0,0,0,  3.18198e-02,  3.18198e-02,  0.00000e+00,
503,0,0,1,46,0,0,0,0,0,0,  2.12132e-02,  2.12132e-02,  0.00000e+00,
504,0,0,1,46,0,0,0,0,0,0,  5.97300e-02,  5.12447e-02,  0.00000e+00,
505,0,0,1,46,0,0,0,0,0,0,  5.87741e-02,  5.02888e-02,  0.00000e+00,
506,0,0,1,46,0,0,0,0,0,0,  5.81898e-02,  4.77809e-02,  0.00000e+00,
507,0,0,1,46,0,0,0,0,0,0,  5.72159e-02,  4.80078e-02,  0.00000e+00,
508,0,0,1,46,0,0,0,0,0,0,  5.23147e-02,  2.69712e-02,  0.00000e+00,
509,0,0,1,46,0,0,0,0,0,0,  5.32886e-02,  2.67443e-02,  0.00000e+00,
510,0,0,1,46,0,0,0,0,0,0,  5.23631e-02,  2.27719e-02,  0.00000e+00,
511,0,0,1,46,0,0,0,0,0,0,  5.64544e-02,  2.44666e-02,  0.00000e+00,
512,0,0,1,46,0,0,0,0,0,0,  6.20367e-02,  4.84267e-02,  0.00000e+00,
513,0,0,1,46,0,0,0,0,0,0,  5.67947e-02,  2.59274e-02,  0.00000e+00,
514,0,0,1,46,0,0,0,0,0,0,  6.16959e-02,  4.69640e-02,  0.00000e+00,
515,0,0,1,46,0,0,0,0,0,0,  5.63564e-02,  5.63564e-02,  0.00000e+00,
516,0,0,1,46,0,0,0,0,0,0,  5.74727e-02,  5.59369e-02,  0.00000e+00,
517,0,0,1,46,0,0,0,0,0,0,  5.82248e-02,  5.51535e-02,  0.00000e+00,
518,0,0,1,46,0,0,0,0,0,0,  5.89663e-02,  5.43600e-02,  0.00000e+00,
519,0,0,1,46,0,0,0,0,0,0,  5.96970e-02,  5.35566e-02,  0.00000e+00,
520,0,0,1,46,0,0,0,0,0,0,  6.04167e-02,  5.27433e-02,  0.00000e+00,
521,0,0,1,46,0,0,0,0,0,0,  6.11254e-02,  5.19204e-02,  0.00000e+00,
522,0,0,1,46,0,0,0,0,0,0,  6.18228e-02,  5.10879e-02,  0.00000e+00,
523,0,0,1,46,0,0,0,0,0,0,  6.25090e-02,  5.02461e-02,  0.00000e+00,
524,0,0,1,46,0,0,0,0,0,0,  6.31836e-02,  4.93951e-02,  0.00000e+00,
525,0,0,1,46,0,0,0,0,0,0,  6.38467e-02,  4.85350e-02,  0.00000e+00,
526,0,0,1,46,0,0,0,0,0,0,  6.44980e-02,  4.76660e-02,  0.00000e+00,
527,0,0,1,46,0,0,0,0,0,0,  6.51375e-02,  4.67882e-02,  0.00000e+00,
528,0,0,1,46,0,0,0,0,0,0,  6.57651e-02,  4.59019e-02,  0.00000e+00,
529,0,0,1,46,0,0,0,0,0,0,  6.63807e-02,  4.50072e-02,  0.00000e+00,
530,0,0,1,46,0,0,0,0,0,0,  6.69840e-02,  4.41042e-02,  0.00000e+00,
531,0,0,1,46,0,0,0,0,0,0,  6.75751e-02,  4.31932e-02,  0.00000e+00,
532,0,0,1,46,0,0,0,0,0,0,  6.81538e-02,  4.22742e-02,  0.00000e+00,
533,0,0,1,46,0,0,0,0,0,0,  6.87199e-02,  4.13474e-02,  0.00000e+00,
534,0,0,1,46,0,0,0,0,0,0,  6.92735e-02,  4.04131e-02,  0.00000e+00,
535,0,0,1,46,0,0,0,0,0,0,  6.98144e-02,  3.94714e-02,  0.00000e+00,
536,0,0,1,46,0,0,0,0,0,0,  7.03425e-02,  3.85224e-02,  0.00000e+00,
537,0,0,1,46,0,0,0,0,0,0,  7.08577e-02,  3.75664e-02,  0.00000e+00,
538,0,0,1,46,0,0,0,0,0,0,  7.13599e-02,  3.66034e-02,  0.00000e+00,
539,0,0,1,46,0,0,0,0,0,0,  7.18490e-02,  3.56338e-02,  0.00000e+00,
540,0,0,1,46,0,0,0,0,0,0,  7.23249e-02,  3.46576e-02,  0.00000e+00,
541,0,0,1,46,0,0,0,0,0,0,  7.27875e-02,  3.36751e-02,  0.00000e+00,
542,0,0,1,46,0,0,0,0,0,0,  7.32369e-02,  3.26864e-02,  0.00000e+00,
543,0,0,1,46,0,0,0,0,0,0,  7.36728e-02,  3.16917e-02,  0.00000e+00,
544,0,0,1,46,0,0,0,0,0,0,  3.31775e-02,  3.04016e-02,  0.00000e+00,
545,0,0,1,46,0,0,0,0,0,0,  3.44720e-02,  2.89254e-02,  0.00000e+00,
546,0,0,1,46,0,0,0,0,0,0,  3.57009e-02,  2.73943e-02,  0.00000e+00,
547,0,0,1,46,0,0,0,0,0,0,  3.68618e-02,  2.58109e-02,  0.00000e+00,
548,0,0,1,46,0,0,0,0,0,0,  3.79526e-02,  2.41785e-02,  0.00000e+00,
549,0,0,1,46,0,0,0,0,0,0,  3.89711e-02,  2.25000e-02,  0.00000e+00,
550,0,0,1,46,0,0,0,0,0,0,  3.99155e-02,  2.07787e-02,  0.00000e+00,
551,0,0,1,46,0,0,0,0,0,0,  4.07839e-02,  1.90178e-02,  0.00000e+00,
552,0,0,1,46,0,0,0,0,0,0,  2.31903e-02,  1.90318e-02,  0.00000e+00,
553,0,0,1,46,0,0,0,0,0,0,  2.49441e-02,  1.66671e-02,  0.00000e+00,
554,0,0,1,46,0,0,0,0,0,0,  2.64576e-02,  1.41419e-02,  0.00000e+00,
555,0,0,1,46,0,0,0,0,0,0,  2.38649e-02,  2.38649e-02,  0.00000e+00,
556,0,0,1,46,0,0,0,0,0,0,  2.65165e-02,  2.65165e-02,  0.00000e+00,
557,0,0,1,46,0,0,0,0,0,0,  2.91682e-02,  2.91682e-02,  0.00000e+00,
558,0,0,1,46,0,0,0,0,0,0,  5.92547e-02,  5.07694e-02,  0.00000e+00,
559,0,0,1,46,0,0,0,0,0,0,  5.85933e-02,  4.95127e-02,  0.00000e+00,
560,0,0,1,46,0,0,0,0,0,0,  5.83832e-02,  4.86108e-02,  0.00000e+00,
561,0,0,1,46,0,0,0,0,0,0,  5.30255e-02,  2.56150e-02,  0.00000e+00,
562,0,0,1,46,0,0,0,0,0,0,  5.26956e-02,  2.41989e-02,  0.00000e+00,
563,0,0,1,46,0,0,0,0,0,0,  5.37269e-02,  2.33368e-02,  0.00000e+00,
564,0,0,1,46,0,0,0,0,0,0,  5.50906e-02,  2.39017e-02,  0.00000e+00,
565,0,0,1,46,0,0,0,0,0,0,  6.14600e-02,  4.91312e-02,  0.00000e+00,
566,0,0,1,46,0,0,0,0,0,0,  6.08833e-02,  4.98357e-02,  0.00000e+00,
567,0,0,1,46,0,0,0,0,0,0,  6.03067e-02,  5.05402e-02,  0.00000e+00,
568,0,0,1,46,0,0,0,0,0,0,  6.18668e-02,  4.76976e-02,  0.00000e+00,
569,0,0,1,46,0,0,0,0,0,0,  5.90663e-02,  4.75767e-02,  0.00000e+00,
570,0,0,1,46,0,0,0,0,0,0,  5.99429e-02,  4.73725e-02,  0.00000e+00,
571,0,0,1,46,0,0,0,0,0,0,  6.08194e-02,  4.71683e-02,  0.00000e+00,
572,0,0,1,46,0,0,0,0,0,0,  5.66421e-02,  2.52722e-02,  0.00000e+00,
573,0,0,1,46,0,0,0,0,0,0,  5.59182e-02,  2.61317e-02,  0.00000e+00,
574,0,0,1,46,0,0,0,0,0,0,  5.50417e-02,  2.63359e-02,  0.00000e+00,
575,0,0,1,46,0,0,0,0,0,0,  5.41652e-02,  2.65401e-02,  0.00000e+00,
576,0,0,1,46,0,0,0,0,0,0,  5.25375e-02,  2.79274e-02,  0.00000e+00,
577,0,0,1,46,0,0,0,0,0,0,  5.27603e-02,  2.88836e-02,  0.00000e+00,
578,0,0,1,46,0,0,0,0,0,0,  5.29831e-02,  2.98398e-02,  0.00000e+00,
579,0,0,1,46,0,0,0,0,0,0,  5.32058e-02,  3.07960e-02,  0.00000e+00,
580,0,0,1,46,0,0,0,0,0,0,  5.34286e-02,  3.17523e-02,  0.00000e+00,
581,0,0,1,46,0,0,0,0,0,0,  5.36514e-02,  3.27085e-02,  0.00000e+00,
582,0,0,1,46,0,0,0,0,0,0,  5.38742e-02,  3.36647e-02,  0.00000e+00,
583,0,0,1,46,0,0,0,0,0,0,  5.40970e-02,  3.46209e-02,  0.00000e+00,
584,0,0,1,46,0,0,0,0,0,0,  5.43197e-02,  3.55771e-02,  0.00000e+00,
585,0,0,1,46,0,0,0,0,0,0,  5.45425e-02,  3.65333e-02,  0.00000e+00,
586,0,0,1,46,0,0,0,0,0,0,  5.47653e-02,  3.74895e-02,  0.00000e+00,
587,0,0,1,46,0,0,0,0,0,0,  5.49881e-02,  3.84457e-02,  0.00000e+00,
588,0,0,1,46,0,0,0,0,0,0,  5.52109e-02,  3.94019e-02,  0.00000e+00,
589,0,0,1,46,0,0,0,0,0,0,  5.54336e-02,  4.03581e-02,  0.00000e+00,
590,0,0,1,46,0,0,0,0,0,0,  5.56564e-02,  4.13143e-02,  0.00000e+00,
591,0,0,1,46,0,0,0,0,0,0,  5.58792e-02,  4.22706e-02,  0.00000e+00,
592,0,0,1,46,0,0,0,0,0,0,  5.61020e-02,  4.32268e-02,  0.00000e+00,
593,0,0,1,46,0,0,0,0,0,0,  5.63248e-02,  4.41830e-02,  0.00000e+00,
594,0,0,1,46,0,0,0,0,0,0,  5.65475e-02,  4.51392e-02,  0.00000e+00,
595,0,0,1,46,0,0,0,0,0,0,  5.67703e-02,  4.60954e-02,  0.00000e+00,
596,0,0,1,46,0,0,0,0,0,0,  5.69931e-02,  4.70516e-02,  0.00000e+00,
597,0,0,1,46,0,0,0,0,0,0,  6.14731e-02,  4.60078e-02,  0.00000e+00,
598,0,0,1,46,0,0,0,0,0,0,  6.12503e-02,  4.50516e-02,  0.00000e+00,
599,0,0,1,46,0,0,0,0,0,0,  6.10276e-02,  4.40954e-02,  0.00000e+00,
600,0,0,1,46,0,0,0,0,0,0,  6.08048e-02,  4.31392e-02,  0.00000e+00,
601,0,0,1,46,0,0,0,0,0,0,  6.05820e-02,  4.21830e-02,  0.00000e+00,
602,0,0,1,46,0,0,0,0,0,0,  6.03592e-02,  4.12268e-02,  0.00000e+00,
603,0,0,1,46,0,0,0,0,0,0,  6.01364e-02,  4.02706e-02,  0.00000e+00,
604,0,0,1,46,0,0,0,0,0,0,  5.99137e-02,  3.93144e-02,  0.00000e+00,
605,0,0,1,46,0,0,0,0,0,0,  5.96909e-02,  3.83582e-02,  0.00000e+00,
606,0,0,1,46,0,0,0,0,0,0,  5.94681e-02,  3.74019e-02,  0.00000e+00,
607,0,0,1,46,0,0,0,0,0,0,  5.92453e-02,  3.64457e-02,  0.00000e+00,
608,0,0,1,46,0,0,0,0,0,0,  5.90225e-02,  3.54895e-02,  0.00000e+00,
609,0,0,1,46,0,0,0,0,0,0,  5.87998e-02,  3.45333e-02,  0.00000e+00,
610,0,0,1,46,0,0,0,0,0,0,  5.85770e-02,  3.35771e-02,  0.00000e+00,
611,0,0,1,46,0,0,0,0,0,0,  5.83542e-02,  3.26209e-02,  0.00000e+00,
612,0,0,1,46,0,0,0,0,0,0,  5.81314e-02,  3.16647e-02,  0.00000e+00,
613,0,0,1,46,0,0,0,0,0,0,  5.79086e-02,  3.07085e-02,  0.00000e+00,
614,0,0,1,46,0,0,0,0,0,0,  5.76859e-02,  2.97523e-02,  0.00000e+00,
615,0,0,1,46,0,0,0,0,0,0,  5.74631e-02,  2.87961e-02,  0.00000e+00,
616,0,0,1,46,0,0,0,0,0,0,  5.72403e-02,  2.78399e-02,  0.00000e+00,
617,0,0,1,46,0,0,0,0,0,0,  5.70175e-02,  2.68836e-02,  0.00000e+00,
618,0,0,1,46,0,0,0,0,0,0,  5.56659e-02,  5.56659e-02,  0.00000e+00,
619,0,0,1,46,0,0,0,0,0,0,  5.49742e-02,  5.49742e-02,  0.00000e+00,
620,0,0,1,46,0,0,0,0,0,0,  5.42544e-02,  5.42544e-02,  0.00000e+00,
621,0,0,1,46,0,0,0,0,0,0,  5.33516e-02,  5.33516e-02,  0.00000e+00,
622,0,0,1,46,0,0,0,0,0,0,  5.20939e-02,  5.20939e-02,  0.00000e+00,
623,0,0,1,46,0,0,0,0,0,0,  5.03413e-02,  5.03413e-02,  0.00000e+00,
624,0,0,1,46,0,0,0,0,0,0,  4.82839e-02,  4.82839e-02,  0.00000e+00,
625,0,0,1,46,0,0,0,0,0,0,  4.62259e-02,  4.62259e-02,  0.00000e+00,
626,0,0,1,46,0,0,0,0,0,0,  4.41679e-02,  4.41679e-02,  0.00000e+00,
627,0,0,1,46,0,0,0,0,0,0,  4.21099e-02,  4.21099e-02,  0.00000e+00,
628,0,0,1,46,0,0,0,0,0,0,  4.00519e-02,  4.00519e-02,  0.00000e+00,
629,0,0,1,46,0,0,0,0,0,0,  3.79938e-02,  3.79938e-02,  0.00000e+00,
630,0,0,1,46,0,0,0,0,0,0,  3.59358e-02,  3.59358e-02,  0.00000e+00,
631,0,0,1,46,0,0,0,0,0,0,  3.38778e-02,  3.38778e-02,  0.00000e+00,
632,0,0,1,46,0,0,0,0,0,0,  5.70437e-02,  5.56606e-02,  0.00000e+00,
633,0,0,1,46,0,0,0,0,0,0,  5.77225e-02,  5.49564e-02,  0.00000e+00,
634,0,0,1,46,0,0,0,0,0,0,  5.83925e-02,  5.42439e-02,  0.00000e+00,
635,0,0,1,46,0,0,0,0,0,0,  5.90538e-02,  5.35232e-02,  0.00000e+00,
636,0,0,1,46,0,0,0,0,0,0,  5.97062e-02,  5.27945e-02,  0.00000e+00,
637,0,0,1,46,0,0,0,0,0,0,  6.03495e-02,  5.20579e-02,  0.00000e+00,
638,0,0,1,46,0,0,0,0,0,0,  6.09838e-02,  5.13134e-02,  0.00000e+00,
639,0,0,1,46,0,0,0,0,0,0,  6.16089e-02,  5.05611e-02,  0.00000e+00,
640,0,0,1,46,0,0,0,0,0,0,  6.22248e-02,  4.98013e-02,  0.00000e+00,
641,0,0,1,46,0,0,0,0,0,0,  6.28312e-02,  4.90340e-02,  0.00000e+00,
642,0,0,1,46,0,0,0,0,0,0,  6.34282e-02,  4.82592e-02,  0.00000e+00,
643,0,0,1,46,0,0,0,0,0,0,  6.40156e-02,  4.74772e-02,  0.00000e+00,
644,0,0,1,46,0,0,0,0,0,0,  6.45934e-02,  4.66881e-02,  0.00000e+00,
645,0,0,1,46,0,0,0,0,0,0,  6.51615e-02,  4.58919e-02,  0.00000e+00,
646,0,0,1,46,0,0,0,0,0,0,  6.57198e-02,  4.50888e-02,  0.00000e+00,
647,0,0,1,46,0,0,0,0,0,0,  6.62681e-02,  4.42789e-02,  0.00000e+00,
648,0,0,1,46,0,0,0,0,0,0,  6.68065e-02,  4.34624e-02,  0.00000e+00,
649,0,0,1,46,0,0,0,0,0,0,  6.73348e-02,  4.26393e-02,  0.00000e+00,
650,0,0,1,46,0,0,0,0,0,0,  6.78530e-02,  4.18098e-02,  0.00000e+00,
651,0,0,1,46,0,0,0,0,0,0,  6.83610e-02,  4.09740e-02,  0.00000e+00,
652,0,0,1,46,0,0,0,0,0,0,  6.88586e-02,  4.01320e-02,  0.00000e+00,
653,0,0,1,46,0,0,0,0,0,0,  6.93459e-02,  3.92840e-02,  0.00000e+00,
654,0,0,1,46,0,0,0,0,0,0,  6.98228e-02,  3.84300e-02,  0.00000e+00,
655,0,0,1,46,0,0,0,0,0,0,  7.02891e-02,  3.75703e-02,  0.00000e+00,
656,0,0,1,46,0,0,0,0,0,0,  7.07449e-02,  3.67049e-02,  0.00000e+00,
657,0,0,1,46,0,0,0,0,0,0,  7.11900e-02,  3.58340e-02,  0.00000e+00,
658,0,0,1,46,0,0,0,0,0,0,  7.16244e-02,  3.49577e-02,  0.00000e+00,
659,0,0,1,46,0,0,0,0,0,0,  7.20479e-02,  3.40761e-02,  0.00000e+00,
660,0,0,1,46,0,0,0,0,0,0,  7.24607e-02,  3.31894e-02,  0.00000e+00,
661,0,0,1,46,0,0,0,0,0,0,  7.28625e-02,  3.22977e-02,  0.00000e+00,
662,0,0,1,46,0,0,0,0,0,0,  7.32534e-02,  3.14012e-02,  0.00000e+00,
663,0,0,1,46,0,0,0,0,0,0,  6.31157e-02,  4.45972e-02,  0.00000e+00,
664,0,0,1,46,0,0,0,0,0,0,  6.23187e-02,  4.52028e-02,  0.00000e+00,
665,0,0,1,46,0,0,0,0,0,0,  6.21038e-02,  4.42250e-02,  0.00000e+00,
666,0,0,1,46,0,0,0,0,0,0,  6.33969e-02,  4.54863e-02,  0.00000e+00,
667,0,0,1,46,0,0,0,0,0,0,  5.94749e-02,  3.04766e-02,  0.00000e+00,
668,0,0,1,46,0,0,0,0,0,0,  5.93843e-02,  3.23908e-02,  0.00000e+00,
669,0,0,1,46,0,0,0,0,0,0,  5.10531e-02,  2.86221e-02,  0.00000e+00,
670,0,0,1,46,0,0,0,0,0,0,  4.33565e-02,  2.25998e-02,  0.00000e+00,
671,0,0,1,46,0,0,0,0,0,0,  4.21921e-02,  2.02271e-02,  0.00000e+00,
672,0,0,1,46,0,0,0,0,0,0,  4.46285e-02,  2.05226e-02,  0.00000e+00,
673,0,0,1,46,0,0,0,0,0,0,  5.58706e-02,  5.48195e-02,  0.00000e+00,
674,0,0,1,46,0,0,0,0,0,0,  5.68552e-02,  5.45514e-02,  0.00000e+00,
675,0,0,1,46,0,0,0,0,0,0,  5.63584e-02,  5.54108e-02,  0.00000e+00,
676,0,0,1,46,0,0,0,0,0,0,  6.25278e-02,  2.90552e-02,  0.00000e+00,
677,0,0,1,46,0,0,0,0,0,0,  6.17216e-02,  3.18746e-02,  0.00000e+00,
678,0,0,1,46,0,0,0,0,0,0,  5.47724e-02,  4.46656e-02,  0.00000e+00,
679,0,0,1,46,0,0,0,0,0,0,  6.40686e-02,  3.21623e-02,  0.00000e+00,
680,0,0,1,46,0,0,0,0,0,0,  6.59760e-02,  2.97198e-02,  0.00000e+00,
681,0,0,1,46,0,0,0,0,0,0,  5.55083e-02,  4.69624e-02,  0.00000e+00,
682,0,0,1,46,0,0,0,0,0,0,  5.89646e-02,  2.78900e-02,  0.00000e+00,
683,0,0,1,46,0,0,0,0,0,0,  3.65195e-02,  2.98203e-02,  0.00000e+00,
684,0,0,1,46,0,0,0,0,0,0,  3.65767e-02,  3.26587e-02,  0.00000e+00,
685,0,0,1,46,0,0,0,0,0,0,  3.44066e-02,  3.12719e-02,  0.00000e+00,
686,0,0,1,46,0,0,0,0,0,0,  5.20072e-02,  3.08505e-02,  0.00000e+00,
687,0,0,1,46,0,0,0,0,0,0,  5.17214e-02,  3.29812e-02,  0.00000e+00,
688,0,0,1,46,0,0,0,0,0,0,  4.96509e-02,  3.11118e-02,  0.00000e+00,
689,0,0,1,46,0,0,0,0,0,0,  4.79077e-02,  3.32988e-02,  0.00000e+00,
690,0,0,1,46,0,0,0,0,0,0,  5.79207e-02,  2.58157e-02,  0.00000e+00,
691,0,0,1,46,0,0,0,0,0,0,  5.11032e-02,  3.96565e-02,  0.00000e+00,
692,0,0,1,46,0,0,0,0,0,0,  4.87881e-02,  4.04676e-02,  0.00000e+00,
693,0,0,1,46,0,0,0,0,0,0,  4.95476e-02,  3.80116e-02,  0.00000e+00,
694,0,0,1,46,0,0,0,0,0,0,  6.15742e-02,  3.84129e-02,  0.00000e+00,
695,0,0,1,46,0,0,0,0,0,0,  6.43976e-02,  3.92463e-02,  0.00000e+00,
696,0,0,1,46,0,0,0,0,0,0,  6.31831e-02,  4.03967e-02,  0.00000e+00,
697,0,0,1,46,0,0,0,0,0,0,  6.45966e-02,  3.70644e-02,  0.00000e+00,
698,0,0,1,46,0,0,0,0,0,0,  6.25100e-02,  3.49167e-02,  0.00000e+00,
699,0,0,1,46,0,0,0,0,0,0,  6.03111e-02,  3.61329e-02,  0.00000e+00,
700,0,0,1,46,0,0,0,0,0,0,  5.56017e-02,  4.94074e-02,  0.00000e+00,
701,0,0,1,46,0,0,0,0,0,0,  5.29371e-02,  4.88481e-02,  0.00000e+00,
702,0,0,1,46,0,0,0,0,0,0,  5.32279e-02,  4.64844e-02,  0.00000e+00,
703,0,0,1,46,0,0,0,0,0,0,  7.02533e-02,  3.57707e-02,  0.00000e+00,
704,0,0,1,46,0,0,0,0,0,0,  7.06324e-02,  3.48351e-02,  0.00000e+00,
705,0,0,1,46,0,0,0,0,0,0,  5.36229e-02,  4.22332e-02,  0.00000e+00,
706,0,0,1,46,0,0,0,0,0,0,  5.34329e-02,  3.99204e-02,  0.00000e+00,
707,0,0,1,46,0,0,0,0,0,0,  6.81098e-02,  3.18553e-02,  0.00000e+00,
708,0,0,1,46,0,0,0,0,0,0,  6.85680e-02,  3.00133e-02,  0.00000e+00,
709,0,0,1,46,0,0,0,0,0,0,  6.63139e-02,  4.27337e-02,  0.00000e+00,
710,0,0,1,46,0,0,0,0,0,0,  6.55721e-02,  4.27298e-02,  0.00000e+00,
711,0,0,1,46,0,0,0,0,0,0,  6.57850e-02,  4.20261e-02,  0.00000e+00,
712,0,0,1,46,0,0,0,0,0,0,  6.49475e-02,  4.21649e-02,  0.00000e+00,
713,0,0,1,46,0,0,0,0,0,0,  5.03733e-02,  3.55132e-02,  0.00000e+00,
714,0,0,1,46,0,0,0,0,0,0,  5.28782e-02,  3.49502e-02,  0.00000e+00,
715,0,0,1,46,0,0,0,0,0,0,  6.78847e-02,  3.34484e-02,  0.00000e+00,
716,0,0,1,46,0,0,0,0,0,0,  6.64251e-02,  3.27688e-02,  0.00000e+00,
717,0,0,1,46,0,0,0,0,0,0,  6.89097e-02,  3.32937e-02,  0.00000e+00,
718,0,0,1,46,0,0,0,0,0,0,  6.88421e-02,  3.65522e-02,  0.00000e+00,
719,0,0,1,46,0,0,0,0,0,0,  6.83262e-02,  3.73232e-02,  0.00000e+00,
720,0,0,1,46,0,0,0,0,0,0,  6.77566e-02,  3.62972e-02,  0.00000e+00,
721,0,0,1,46,0,0,0,0,0,0,  6.00466e-02,  3.41307e-02,  0.00000e+00,
722,0,0,1,46,0,0,0,0,0,0,  7.19817e-02,  3.04539e-02,  0.00000e+00,
723,0,0,1,46,0,0,0,0,0,0,  6.19083e-02,  4.28740e-02,  0.00000e+00,
724,0,0,1,46,0,0,0,0,0,0,  6.40606e-02,  4.49201e-02,  0.00000e+00,
725,0,0,1,46,0,0,0,0,0,0,  6.42605e-02,  4.57316e-02,  0.00000e+00,
726,0,0,1,46,0,0,0,0,0,0,  6.36856e-02,  4.63939e-02,  0.00000e+00,
727,0,0,1,46,0,0,0,0,0,0,  7.21389e-02,  3.24862e-02,  0.00000e+00,
728,0,0,1,46,0,0,0,0,0,0,  7.13309e-02,  3.20931e-02,  0.00000e+00,
729,0,0,1,46,0,0,0,0,0,0,  7.23311e-02,  3.17453e-02,  0.00000e+00,
730,0,0,1,46,0,0,0,0,0,0,  7.16276e-02,  3.11285e-02,  0.00000e+00,
731,0,0,1,46,0,0,0,0,0,0,  7.07116e-02,  3.11716e-02,  0.00000e+00,
732,0,0,1,46,0,0,0,0,0,0,  7.03549e-02,  3.20384e-02,  0.00000e+00,
733,0,0,1,46,0,0,0,0,0,0,  7.00741e-02,  3.01537e-02,  0.00000e+00,
734,0,0,1,46,0,0,0,0,0,0,  7.11661e-02,  3.03695e-02,  0.00000e+00,
735,0,0,1,46,0,0,0,0,0,0,  6.29402e-02,  4.60720e-02,  0.00000e+00,
736,0,0,1,46,0,0,0,0,0,0,  4.50933e-02,  2.86283e-02,  0.00000e+00,
737,0,0,1,46,0,0,0,0,0,0,  4.29015e-02,  2.56794e-02,  0.00000e+00,
738,0,0,1,46,0,0,0,0,0,0,  4.58785e-02,  2.59617e-02,  0.00000e+00,
739,0,0,1,46,0,0,0,0,0,0,  4.13576e-02,  2.82247e-02,  0.00000e+00,
740,0,0,1,46,0,0,0,0,0,0,  5.78443e-02,  5.26276e-02,  0.00000e+00,
741,0,0,1,46,0,0,0,0,0,0,  5.70899e-02,  5.28761e-02,  0.00000e+00,
742,0,0,1,46,0,0,0,0,0,0,  5.71775e-02,  5.19735e-02,  0.00000e+00,
743,0,0,1,46,0,0,0,0,0,0,  5.62862e-02,  5.23313e-02,  0.00000e+00,
744,0,0,1,46,0,0,0,0,0,0,  5.60121e-02,  5.11961e-02,  0.00000e+00,
745,0,0,1,46,0,0,0,0,0,0,  3.89746e-02,  3.42624e-02,  0.00000e+00,
746,0,0,1,46,0,0,0,0,0,0,  4.07195e-02,  2.31362e-02,  0.00000e+00,
747,0,0,1,46,0,0,0,0,0,0,  4.52646e-02,  2.41389e-02,  0.00000e+00,
748,0,0,1,46,0,0,0,0,0,0,  4.62258e-02,  2.21649e-02,  0.00000e+00,
749,0,0,1,46,0,0,0,0,0,0,  5.88045e-02,  5.11897e-02,  0.00000e+00,
750,0,0,1,46,0,0,0,0,0,0,  5.92355e-02,  5.20252e-02,  0.00000e+00,
751,0,0,1,46,0,0,0,0,0,0,  5.82224e-02,  5.19068e-02,  0.00000e+00,
752,0,0,1,46,0,0,0,0,0,0,  6.94766e-02,  3.12842e-02,  0.00000e+00,
753,0,0,1,46,0,0,0,0,0,0,  5.86624e-02,  5.27216e-02,  0.00000e+00,
754,0,0,1,46,0,0,0,0,0,0,  4.82251e-02,  2.92540e-02,  0.00000e+00,
755,0,0,1,46,0,0,0,0,0,0,  4.71556e-02,  3.08345e-02,  0.00000e+00,
756,0,0,1,46,0,0,0,0,0,0,  6.44647e-02,  4.04699e-02,  0.00000e+00,
757,0,0,1,46,0,0,0,0,0,0,  6.53886e-02,  4.03374e-02,  0.00000e+00,
758,0,0,1,46,0,0,0,0,0,0,  6.57678e-02,  3.95480e-02,  0.00000e+00,
759,0,0,1,46,0,0,0,0,0,0,  7.25930e-02,  3.08925e-02,  0.00000e+00,
760,0,0,1,46,0,0,0,0,0,0,  6.15348e-02,  4.10267e-02,  0.00000e+00,
761,0,0,1,46,0,0,0,0,0,0,  6.30000e-02,  4.18228e-02,  0.00000e+00,
762,0,0,1,46,0,0,0,0,0,0,  6.41276e-02,  4.14020e-02,  0.00000e+00,
763,0,0,1,46,0,0,0,0,0,0,  5.36288e-02,  5.10988e-02,  0.00000e+00,
764,0,0,1,46,0,0,0,0,0,0,  5.50637e-02,  5.24533e-02,  0.00000e+00,
765,0,0,1,46,0,0,0,0,0,0,  5.67163e-02,  5.02053e-02,  0.00000e+00,
766,0,0,1,46,0,0,0,0,0,0,  5.75649e-02,  4.95627e-02,  0.00000e+00,
767,0,0,1,46,0,0,0,0,0,0,  5.76102e-02,  5.09033e-02,  0.00000e+00,
768,0,0,1,46,0,0,0,0,0,0,  6.27867e-02,  4.78512e-02,  0.00000e+00,
769,0,0,1,46,0,0,0,0,0,0,  5.70051e-02,  5.37054e-02,  0.00000e+00,
770,0,0,1,46,0,0,0,0,0,0,  5.79205e-02,  5.34292e-02,  0.00000e+00,
771,0,0,1,46,0,0,0,0,0,0,  5.76289e-02,  5.41849e-02,  0.00000e+00,
772,0,0,1,46,0,0,0,0,0,0,  6.23216e-02,  4.71720e-02,  0.00000e+00,
773,0,0,1,46,0,0,0,0,0,0,  4.82686e-02,  2.19003e-02,  0.00000e+00,
774,0,0,1,46,0,0,0,0,0,0,  5.05629e-02,  2.30375e-02,  0.00000e+00,
775,0,0,1,46,0,0,0,0,0,0,  4.79603e-02,  2.42886e-02,  0.00000e+00,
776,0,0,1,46,0,0,0,0,0,0,  6.37546e-02,  4.41274e-02,  0.00000e+00,
777,0,0,1,46,0,0,0,0,0,0,  6.11571e-02,  2.69430e-02,  0.00000e+00,
778,0,0,1,46,0,0,0,0,0,0,  6.21178e-02,  4.91279e-02,  0.00000e+00,
779,0,0,1,46,0,0,0,0,0,0,  4.26011e-02,  3.92801e-02,  0.00000e+00,
780,0,0,1,46,0,0,0,0,0,0,  4.29243e-02,  3.70300e-02,  0.00000e+00,
781,0,0,1,46,0,0,0,0,0,0,  4.47612e-02,  3.78648e-02,  0.00000e+00,
782,0,0,1,46,0,0,0,0,0,0,  4.44102e-02,  3.49427e-02,  0.00000e+00,
783,0,0,1,46,0,0,0,0,0,0,  4.71417e-02,  3.58285e-02,  0.00000e+00,
784,0,0,1,46,0,0,0,0,0,0,  4.81728e-02,  2.70736e-02,  0.00000e+00,
785,0,0,1,46,0,0,0,0,0,0,  5.08264e-02,  2.56867e-02,  0.00000e+00,
786,0,0,1,46,0,0,0,0,0,0,  4.69961e-02,  3.92594e-02,  0.00000e+00,
787,0,0,1,46,0,0,0,0,0,0,  5.07921e-02,  4.70543e-02,  0.00000e+00,
788,0,0,1,46,0,0,0,0,0,0,  3.96474e-02,  2.59087e-02,  0.00000e+00,
789,0,0,1,46,0,0,0,0,0,0,  6.45084e-02,  4.41592e-02,  0.00000e+00,
790,0,0,1,46,0,0,0,0,0,0,  6.48766e-02,  4.50554e-02,  0.00000e+00,
791,0,0,1,46,0,0,0,0,0,0,  6.53563e-02,  4.42286e-02,  0.00000e+00,
792,0,0,1,46,0,0,0,0,0,0,  6.30071e-02,  4.68919e-02,  0.00000e+00,
793,0,0,1,46,0,0,0,0,0,0,  6.95284e-02,  3.24586e-02,  0.00000e+00,
794,0,0,1,46,0,0,0,0,0,0,  3.82149e-02,  2.78879e-02,  0.00000e+00,
795,0,0,1,46,0,0,0,0,0,0,  3.97458e-02,  3.07838e-02,  0.00000e+00,
796,0,0,1,46,0,0,0,0,0,0,  6.93433e-02,  3.56685e-02,  0.00000e+00,
797,0,0,1,46,0,0,0,0,0,0,  6.97810e-02,  3.67184e-02,  0.00000e+00,
798,0,0,1,46,0,0,0,0,0,0,  4.72445e-02,  4.25359e-02,  0.00000e+00,
799,0,0,1,46,0,0,0,0,0,0,  4.44936e-02,  4.08482e-02,  0.00000e+00,
800,0,0,1,46,0,0,0,0,0,0,  6.48952e-02,  4.32170e-02,  0.00000e+00,
801,0,0,1,46,0,0,0,0,0,0,  6.58181e-02,  4.34573e-02,  0.00000e+00,
802,0,0,1,46,0,0,0,0,0,0,  7.16200e-02,  3.31097e-02,  0.00000e+00,
803,0,0,1,46,0,0,0,0,0,0,  7.05698e-02,  3.29676e-02,  0.00000e+00,
804,0,0,1,46,0,0,0,0,0,0,  7.11984e-02,  3.39180e-02,  0.00000e+00,
805,0,0,1,46,0,0,0,0,0,0,  5.20735e-02,  4.44304e-02,  0.00000e+00,
806,0,0,1,46,0,0,0,0,0,0,  5.07882e-02,  4.20033e-02,  0.00000e+00,
807,0,0,1,46,0,0,0,0,0,0,  4.92521e-02,  4.47790e-02,  0.00000e+00,
808,0,0,1,46,0,0,0,0,0,0,  6.92592e-02,  3.75172e-02,  0.00000e+00,
809,0,0,1,46,0,0,0,0,0,0,  4.49010e-02,  3.18798e-02,  0.00000e+00,
810,0,0,1,46,0,0,0,0,0,0,  4.09569e-02,  3.80417e-02,  0.00000e+00,
811,0,0,1,46,0,0,0,0,0,0,  6.22928e-02,  4.63851e-02,  0.00000e+00,
812,0,0,1,46,0,0,0,0,0,0,  6.30159e-02,  4.36707e-02,  0.00000e+00,
813,0,0,1,46,0,0,0,0,0,0,  6.40152e-02,  4.33712e-02,  0.00000e+00,
814,0,0,1,46,0,0,0,0,0,0,  7.02662e-02,  3.40325e-02,  0.00000e+00,
815,0,0,1,46,0,0,0,0,0,0,  6.58082e-02,  3.84952e-02,  0.00000e+00,
816,0,0,1,46,0,0,0,0,0,0,  5.60876e-02,  5.31574e-02,  0.00000e+00,
817,0,0,1,46,0,0,0,0,0,0,  5.60650e-02,  5.39938e-02,  0.00000e+00,
818,0,0,1,46,0,0,0,0,0,0,  6.62323e-02,  3.74811e-02,  0.00000e+00,
819,0,0,1,46,0,0,0,0,0,0,  5.52739e-02,  5.42971e-02,  0.00000e+00,
820,0,0,1,46,0,0,0,0,0,0,  6.83842e-02,  3.55684e-02,  0.00000e+00,
821,0,0,1,46,0,0,0,0,0,0,  5.50160e-02,  5.35846e-02,  0.00000e+00,
822,0,0,1,46,0,0,0,0,0,0,  5.28834e-02,  3.73442e-02,  0.00000e+00,
823,0,0,1,46,0,0,0,0,0,0,  6.52509e-02,  3.46389e-02,  0.00000e+00,
824,0,0,1,46,0,0,0,0,0,0,  6.64033e-02,  3.62601e-02,  0.00000e+00,
825,0,0,1,46,0,0,0,0,0,0,  4.12136e-02,  3.58526e-02,  0.00000e+00,
826,0,0,1,46,0,0,0,0,0,0,  6.31976e-02,  4.28294e-02,  0.00000e+00,
827,0,0,1,46,0,0,0,0,0,0,  4.20220e-02,  3.28447e-02,  0.00000e+00,
828,0,0,1,46,0,0,0,0,0,0,  6.73230e-02,  3.72909e-02,  0.00000e+00,
829,0,0,1,46,0,0,0,0,0,0,  6.79227e-02,  3.80666e-02,  0.00000e+00,
830,0,0,1,46,0,0,0,0,0,0,  6.70304e-02,  3.82947e-02,  0.00000e+00,
831,0,0,1,46,0,0,0,0,0,0,  6.40484e-02,  4.24081e-02,  0.00000e+00,
832,0,0,1,46,0,0,0,0,0,0,  6.94669e-02,  3.41519e-02,  0.00000e+00,
833,0,0,1,46,0,0,0,0,0,0,  6.97498e-02,  3.33124e-02,  0.00000e+00,
834,0,0,1,46,0,0,0,0,0,0,  6.80718e-02,  3.90976e-02,  0.00000e+00,
835,0,0,1,46,0,0,0,0,0,0,  6.87777e-02,  3.83074e-02,  0.00000e+00,
836,0,0,1,46,0,0,0,0,0,0,  6.15540e-02,  4.98185e-02,  0.00000e+00,
837,0,0,1,46,0,0,0,0,0,0,  6.97801e-02,  3.48324e-02,  0.00000e+00,
838,0,0,1,46,0,0,0,0,0,0,  6.87185e-02,  3.45359e-02,  0.00000e+00,
839,0,0,1,46,0,0,0,0,0,0,  4.25425e-02,  3.04601e-02,  0.00000e+00,
840,0,0,1,46,0,0,0,0,0,0,  6.72605e-02,  3.47883e-02,  0.00000e+00,
841,0,0,1,46,0,0,0,0,0,0,  6.51890e-02,  4.12456e-02,  0.00000e+00,
842,0,0,1,46,0,0,0,0,0,0,  6.66915e-02,  4.19256e-02,  0.00000e+00,
843,0,0,1,46,0,0,0,0,0,0,  6.60922e-02,  4.11911e-02,  0.00000e+00,
844,0,0,1,46,0,0,0,0,0,0,  6.71066e-02,  4.10761e-02,  0.00000e+00,
845,0,0,1,46,0,0,0,0,0,0,  6.64202e-02,  4.03239e-02,  0.00000e+00,
846,0,0,1,46,0,0,0,0,0,0,  6.75813e-02,  4.02177e-02,  0.00000e+00,
847,0,0,1,46,0,0,0,0,0,0,  6.68244e-02,  3.93369e-02,  0.00000e+00,
848,0,0,1,46,0,0,0,0,0,0,  3.44461e-02,  2.14786e-02,  0.00000e+00,
849,0,0,1,46,0,0,0,0,0,0,  3.21311e-02,  2.70200e-02,  0.00000e+00,
850,0,0,1,46,0,0,0,0,0,0,  2.70173e-02,  2.16647e-02,  0.00000e+00,
851,0,0,1,46,0,0,0,0,0,0,  2.96401e-02,  1.75706e-02,  0.00000e+00,
852,0,0,1,46,0,0,0,0,0,0,  3.83495e-02,  1.87332e-02,  0.00000e+00,
853,0,0,1,46,0,0,0,0,0,0,  5.85657e-02,  4.53165e-02,  0.00000e+00,
854,0,0,1,46,0,0,0,0,0,0,  5.94386e-02,  4.49370e-02,  0.00000e+00,
855,0,0,1,46,0,0,0,0,0,0,  5.94733e-02,  4.57429e-02,  0.00000e+00,
856,0,0,1,46,0,0,0,0,0,0,  5.85348e-02,  4.44697e-02,  0.00000e+00,
857,0,0,1,46,0,0,0,0,0,0,  5.70229e-02,  4.45246e-02,  0.00000e+00,
858,0,0,1,46,0,0,0,0,0,0,  5.68905e-02,  4.36051e-02,  0.00000e+00,
859,0,0,1,46,0,0,0,0,0,0,  5.77136e-02,  4.40318e-02,  0.00000e+00,
860,0,0,1,46,0,0,0,0,0,0,  5.56558e-02,  3.39792e-02,  0.00000e+00,
861,0,0,1,46,0,0,0,0,0,0,  5.65161e-02,  3.40255e-02,  0.00000e+00,
862,0,0,1,46,0,0,0,0,0,0,  5.58778e-02,  3.49358e-02,  0.00000e+00,
863,0,0,1,46,0,0,0,0,0,0,  6.03031e-02,  4.49473e-02,  0.00000e+00,
864,0,0,1,46,0,0,0,0,0,0,  6.05120e-02,  4.57610e-02,  0.00000e+00,
865,0,0,1,46,0,0,0,0,0,0,  5.54378e-02,  3.30207e-02,  0.00000e+00,
866,0,0,1,46,0,0,0,0,0,0,  5.62932e-02,  3.30693e-02,  0.00000e+00,
867,0,0,1,46,0,0,0,0,0,0,  5.83929e-02,  4.61598e-02,  0.00000e+00,
868,0,0,1,46,0,0,0,0,0,0,  5.74851e-02,  3.13786e-02,  0.00000e+00,
869,0,0,1,46,0,0,0,0,0,0,  5.74802e-02,  3.21026e-02,  0.00000e+00,
870,0,0,1,46,0,0,0,0,0,0,  5.68130e-02,  3.16532e-02,  0.00000e+00,
871,0,0,1,46,0,0,0,0,0,0,  5.66093e-02,  2.86339e-02,  0.00000e+00,
872,0,0,1,46,0,0,0,0,0,0,  5.69902e-02,  2.94135e-02,  0.00000e+00,
873,0,0,1,46,0,0,0,0,0,0,  5.61052e-02,  2.93728e-02,  0.00000e+00,
874,0,0,1,46,0,0,0,0,0,0,  5.52113e-02,  2.93660e-02,  0.00000e+00,
875,0,0,1,46,0,0,0,0,0,0,  5.46210e-02,  2.87866e-02,  0.00000e+00,
876,0,0,1,46,0,0,0,0,0,0,  5.56274e-02,  2.85919e-02,  0.00000e+00,
877,0,0,1,46,0,0,0,0,0,0,  5.76613e-02,  4.48580e-02,  0.00000e+00,
878,0,0,1,46,0,0,0,0,0,0,  5.52221e-02,  3.20857e-02,  0.00000e+00,
879,0,0,1,46,0,0,0,0,0,0,  5.60915e-02,  3.22207e-02,  0.00000e+00,
880,0,0,1,46,0,0,0,0,0,0,  5.85772e-02,  4.36678e-02,  0.00000e+00,
881,0,0,1,46,0,0,0,0,0,0,  5.65726e-02,  3.01163e-02,  0.00000e+00,
882,0,0,1,46,0,0,0,0,0,0,  5.70761e-02,  3.07920e-02,  0.00000e+00,
883,0,0,1,46,0,0,0,0,0,0,  5.50106e-02,  3.10915e-02,  0.00000e+00,
884,0,0,1,46,0,0,0,0,0,0,  5.59915e-02,  3.11434e-02,  0.00000e+00,
885,0,0,1,46,0,0,0,0,0,0,  5.67915e-02,  3.23517e-02,  0.00000e+00,
886,0,0,1,46,0,0,0,0,0,0,  5.46900e-02,  3.02284e-02,  0.00000e+00,
887,0,0,1,46,0,0,0,0,0,0,  5.55866e-02,  3.02237e-02,  0.00000e+00,
888,0,0,1,46,0,0,0,0,0,0,  5.60537e-02,  2.79379e-02,  0.00000e+00,
889,0,0,1,46,0,0,0,0,0,0,  5.70664e-02,  3.34163e-02,  0.00000e+00,
890,0,0,1,46,0,0,0,0,0,0,  5.72917e-02,  3.28009e-02,  0.00000e+00,
891,0,0,1,46,0,0,0,0,0,0,  5.77647e-02,  3.32446e-02,  0.00000e+00,
892,0,0,1,46,0,0,0,0,0,0,  5.72892e-02,  3.43725e-02,  0.00000e+00,
893,0,0,1,46,0,0,0,0,0,0,  5.75341e-02,  3.38079e-02,  0.00000e+00,
894,0,0,1,46,0,0,0,0,0,0,  5.79915e-02,  3.42114e-02,  0.00000e+00,
895,0,0,1,46,0,0,0,0,0,0,  5.75120e-02,  3.53287e-02,  0.00000e+00,
896,0,0,1,46,0,0,0,0,0,0,  5.77576e-02,  3.47659e-02,  0.00000e+00,
897,0,0,1,46,0,0,0,0,0,0,  5.82145e-02,  3.51679e-02,  0.00000e+00,
898,0,0,1,46,0,0,0,0,0,0,  5.67389e-02,  3.49817e-02,  0.00000e+00,
899,0,0,1,46,0,0,0,0,0,0,  5.61005e-02,  3.58921e-02,  0.00000e+00,
900,0,0,1,46,0,0,0,0,0,0,  5.77347e-02,  3.62849e-02,  0.00000e+00,
901,0,0,1,46,0,0,0,0,0,0,  5.79804e-02,  3.57222e-02,  0.00000e+00,
902,0,0,1,46,0,0,0,0,0,0,  5.84372e-02,  3.61242e-02,  0.00000e+00,
903,0,0,1,46,0,0,0,0,0,0,  5.94082e-02,  4.41205e-02,  0.00000e+00,
904,0,0,1,46,0,0,0,0,0,0,  6.01118e-02,  4.41207e-02,  0.00000e+00,
905,0,0,1,46,0,0,0,0,0,0,  5.79575e-02,  3.72411e-02,  0.00000e+00,
906,0,0,1,46,0,0,0,0,0,0,  5.82032e-02,  3.66784e-02,  0.00000e+00,
907,0,0,1,46,0,0,0,0,0,0,  5.86600e-02,  3.70804e-02,  0.00000e+00,
908,0,0,1,46,0,0,0,0,0,0,  5.81803e-02,  3.81973e-02,  0.00000e+00,
909,0,0,1,46,0,0,0,0,0,0,  5.84260e-02,  3.76346e-02,  0.00000e+00,
910,0,0,1,46,0,0,0,0,0,0,  5.88828e-02,  3.80366e-02,  0.00000e+00,
911,0,0,1,46,0,0,0,0,0,0,  5.69616e-02,  3.59380e-02,  0.00000e+00,
912,0,0,1,46,0,0,0,0,0,0,  5.63232e-02,  3.68483e-02,  0.00000e+00,
913,0,0,1,46,0,0,0,0,0,0,  5.84031e-02,  3.91536e-02,  0.00000e+00,
914,0,0,1,46,0,0,0,0,0,0,  5.86488e-02,  3.85908e-02,  0.00000e+00,
915,0,0,1,46,0,0,0,0,0,0,  5.91056e-02,  3.89928e-02,  0.00000e+00,
916,0,0,1,46,0,0,0,0,0,0,  5.86259e-02,  4.01098e-02,  0.00000e+00,
917,0,0,1,46,0,0,0,0,0,0,  5.88716e-02,  3.95470e-02,  0.00000e+00,
918,0,0,1,46,0,0,0,0,0,0,  5.93284e-02,  3.99490e-02,  0.00000e+00,
919,0,0,1,46,0,0,0,0,0,0,  5.88486e-02,  4.10660e-02,  0.00000e+00,
920,0,0,1,46,0,0,0,0,0,0,  5.90943e-02,  4.05033e-02,  0.00000e+00,
921,0,0,1,46,0,0,0,0,0,0,  5.95510e-02,  4.09053e-02,  0.00000e+00,
922,0,0,1,46,0,0,0,0,0,0,  5.71844e-02,  3.68942e-02,  0.00000e+00,
923,0,0,1,46,0,0,0,0,0,0,  5.65460e-02,  3.78045e-02,  0.00000e+00,
924,0,0,1,46,0,0,0,0,0,0,  5.90701e-02,  4.20229e-02,  0.00000e+00,
925,0,0,1,46,0,0,0,0,0,0,  5.93164e-02,  4.14600e-02,  0.00000e+00,
926,0,0,1,46,0,0,0,0,0,0,  5.97714e-02,  4.18640e-02,  0.00000e+00,
927,0,0,1,46,0,0,0,0,0,0,  5.92577e-02,  4.30121e-02,  0.00000e+00,
928,0,0,1,46,0,0,0,0,0,0,  5.95291e-02,  4.24271e-02,  0.00000e+00,
929,0,0,1,46,0,0,0,0,0,0,  5.99725e-02,  4.28493e-02,  0.00000e+00,
930,0,0,1,46,0,0,0,0,0,0,  5.96887e-02,  4.34849e-02,  0.00000e+00,
931,0,0,1,46,0,0,0,0,0,0,  5.74072e-02,  3.78504e-02,  0.00000e+00,
932,0,0,1,46,0,0,0,0,0,0,  5.67688e-02,  3.87607e-02,  0.00000e+00,
933,0,0,1,46,0,0,0,0,0,0,  5.40784e-02,  3.11377e-02,  0.00000e+00,
934,0,0,1,46,0,0,0,0,0,0,  5.38727e-02,  3.02647e-02,  0.00000e+00,
935,0,0,1,46,0,0,0,0,0,0,  5.76300e-02,  3.88066e-02,  0.00000e+00,
936,0,0,1,46,0,0,0,0,0,0,  5.69916e-02,  3.97170e-02,  0.00000e+00,
937,0,0,1,46,0,0,0,0,0,0,  5.76223e-02,  4.30648e-02,  0.00000e+00,
938,0,0,1,46,0,0,0,0,0,0,  5.42999e-02,  3.20949e-02,  0.00000e+00,
939,0,0,1,46,0,0,0,0,0,0,  5.78528e-02,  3.97628e-02,  0.00000e+00,
940,0,0,1,46,0,0,0,0,0,0,  5.72145e-02,  4.06569e-02,  0.00000e+00,
941,0,0,1,46,0,0,0,0,0,0,  5.45227e-02,  3.30511e-02,  0.00000e+00,
942,0,0,1,46,0,0,0,0,0,0,  5.80755e-02,  4.07190e-02,  0.00000e+00,
943,0,0,1,46,0,0,0,0,0,0,  5.47454e-02,  3.40073e-02,  0.00000e+00,
944,0,0,1,46,0,0,0,0,0,0,  5.75351e-02,  4.13852e-02,  0.00000e+00,
945,0,0,1,46,0,0,0,0,0,0,  5.63049e-02,  4.07008e-02,  0.00000e+00,
946,0,0,1,46,0,0,0,0,0,0,  5.60821e-02,  3.97446e-02,  0.00000e+00,
947,0,0,1,46,0,0,0,0,0,0,  5.82983e-02,  4.16752e-02,  0.00000e+00,
948,0,0,1,46,0,0,0,0,0,0,  5.85211e-02,  4.26314e-02,  0.00000e+00,
949,0,0,1,46,0,0,0,0,0,0,  5.58593e-02,  3.87884e-02,  0.00000e+00,
950,0,0,1,46,0,0,0,0,0,0,  5.75403e-02,  4.21690e-02,  0.00000e+00,
951,0,0,1,46,0,0,0,0,0,0,  5.56366e-02,  3.78322e-02,  0.00000e+00,
952,0,0,1,46,0,0,0,0,0,0,  5.54138e-02,  3.68760e-02,  0.00000e+00,
953,0,0,1,46,0,0,0,0,0,0,  5.51910e-02,  3.59198e-02,  0.00000e+00,
954,0,0,1,46,0,0,0,0,0,0,  5.49682e-02,  3.49635e-02,  0.00000e+00,
955,0,0,1,46,0,0,0,0,0,0,  5.75832e-02,  4.56661e-02,  0.00000e+00,
956,0,0,1,46,0,0,0,0,0,0,  5.65270e-02,  4.16568e-02,  0.00000e+00,
957,0,0,1,46,0,0,0,0,0,0,  5.67380e-02,  4.26007e-02,  0.00000e+00,
958,0,0,1,46,0,0,0,0,0,0,  5.41802e-02,  2.95962e-02,  0.00000e+00,
959,0,0,1,46,0,0,0,0,0,0,  5.39704e-02,  2.83514e-02,  0.00000e+00,
960,0,0,1,46,0,0,0,0,0,0,  5.37030e-02,  2.90915e-02,  0.00000e+00,
961,0,0,1,46,0,0,0,0,0,0,  5.33893e-02,  2.79604e-02,  0.00000e+00,
962,0,0,1,46,0,0,0,0,0,0,  5.50092e-02,  2.80012e-02,  0.00000e+00,
963,0,0,1,46,0,0,0,0,0,0,  5.43394e-02,  2.73849e-02,  0.00000e+00,
964,0,0,1,46,0,0,0,0,0,0,  5.33391e-02,  2.72547e-02,  0.00000e+00,
965,0,0,1,46,0,0,0,0,0,0,  6.07314e-02,  4.66064e-02,  0.00000e+00,
966,0,0,1,46,0,0,0,0,0,0,  5.99450e-02,  4.63648e-02,  0.00000e+00,
967,0,0,1,46,0,0,0,0,0,0,  5.75614e-02,  4.64280e-02,  0.00000e+00,
968,0,0,1,46,0,0,0,0,0,0,  5.61013e-02,  2.66399e-02,  0.00000e+00,
969,0,0,1,46,0,0,0,0,0,0,  5.54611e-02,  2.72504e-02,  0.00000e+00,
970,0,0,1,46,0,0,0,0,0,0,  5.91556e-02,  4.67141e-02,  0.00000e+00,
971,0,0,1,46,0,0,0,0,0,0,  5.80821e-02,  4.71027e-02,  0.00000e+00,
972,0,0,1,46,0,0,0,0,0,0,  5.63748e-02,  2.73103e-02,  0.00000e+00,
   -1
   -1
   404
1,124,20,17,2,1,0,0,
184,186,185,0,0,0,0,0,0,0,
0,0,0,0,0,0,0,0,0,0,
0.,0.,0.,
0.,0.,0.,
0.,0.,0.,
0,0,0,0,0,0,0,0,0,0,0,0,0,0,0,0,
2,124,20,17,2,1,0,0,
184,185,187,0,0,0,0,0,0,0,
0,0,0,0,0,0,0,0,0,0,
0.,0.,0.,
0.,0.,0.,
0.,0.,0.,
0,0,0,0,0,0,0,0,0,0,0,0,0,0,0,0,
3,124,20,17,2,1,0,0,
119,189,188,0,0,0,0,0,0,0,
0,0,0,0,0,0,0,0,0,0,
0.,0.,0.,
0.,0.,0.,
0.,0.,0.,
0,0,0,0,0,0,0,0,0,0,0,0,0,0,0,0,
4,124,20,17,2,1,0,0,
83,190,84,0,0,0,0,0,0,0,
0,0,0,0,0,0,0,0,0,0,
0.,0.,0.,
0.,0.,0.,
0.,0.,0.,
0,0,0,0,0,0,0,0,0,0,0,0,0,0,0,0,
5,124,20,17,2,1,0,0,
191,193,192,0,0,0,0,0,0,0,
0,0,0,0,0,0,0,0,0,0,
0.,0.,0.,
0.,0.,0.,
0.,0.,0.,
0,0,0,0,0,0,0,0,0,0,0,0,0,0,0,0,
6,124,20,17,2,1,0,0,
192,193,152,0,0,0,0,0,0,0,
0,0,0,0,0,0,0,0,0,0,
0.,0.,0.,
0.,0.,0.,
0.,0.,0.,
0,0,0,0,0,0,0,0,0,0,0,0,0,0,0,0,
7,124,20,17,2,1,0,0,
194,196,195,0,0,0,0,0,0,0,
0,0,0,0,0,0,0,0,0,0,
0.,0.,0.,
0.,0.,0.,
0.,0.,0.,
0,0,0,0,0,0,0,0,0,0,0,0,0,0,0,0,
8,124,20,17,2,1,0,0,
182,47,183,0,0,0,0,0,0,0,
0,0,0,0,0,0,0,0,0,0,
0.,0.,0.,
0.,0.,0.,
0.,0.,0.,
0,0,0,0,0,0,0,0,0,0,0,0,0,0,0,0,
9,124,20,17,2,1,0,0,
195,196,153,0,0,0,0,0,0,0,
0,0,0,0,0,0,0,0,0,0,
0.,0.,0.,
0.,0.,0.,
0.,0.,0.,
0,0,0,0,0,0,0,0,0,0,0,0,0,0,0,0,
10,124,20,17,2,1,0,0,
181,45,46,0,0,0,0,0,0,0,
0,0,0,0,0,0,0,0,0,0,
0.,0.,0.,
0.,0.,0.,
0.,0.,0.,
0,0,0,0,0,0,0,0,0,0,0,0,0,0,0,0,
11,124,20,17,2,1,0,0,
119,188,120,0,0,0,0,0,0,0,
0,0,0,0,0,0,0,0,0,0,
0.,0.,0.,
0.,0.,0.,
0.,0.,0.,
0,0,0,0,0,0,0,0,0,0,0,0,0,0,0,0,
12,124,20,17,2,1,0,0,
180,45,181,0,0,0,0,0,0,0,
0,0,0,0,0,0,0,0,0,0,
0.,0.,0.,
0.,0.,0.,
0.,0.,0.,
0,0,0,0,0,0,0,0,0,0,0,0,0,0,0,0,
13,124,20,17,2,1,0,0,
188,198,197,0,0,0,0,0,0,0,
0,0,0,0,0,0,0,0,0,0,
0.,0.,0.,
0.,0.,0.,
0.,0.,0.,
0,0,0,0,0,0,0,0,0,0,0,0,0,0,0,0,
14,124,20,17,2,1,0,0,
179,44,180,0,0,0,0,0,0,0,
0,0,0,0,0,0,0,0,0,0,
0.,0.,0.,
0.,0.,0.,
0.,0.,0.,
0,0,0,0,0,0,0,0,0,0,0,0,0,0,0,0,
15,124,20,17,2,1,0,0,
199,101,100,0,0,0,0,0,0,0,
0,0,0,0,0,0,0,0,0,0,
0.,0.,0.,
0.,0.,0.,
0.,0.,0.,
0,0,0,0,0,0,0,0,0,0,0,0,0,0,0,0,
16,124,20,17,2,1,0,0,
178,42,43,0,0,0,0,0,0,0,
0,0,0,0,0,0,0,0,0,0,
0.,0.,0.,
0.,0.,0.,
0.,0.,0.,
0,0,0,0,0,0,0,0,0,0,0,0,0,0,0,0,
17,124,20,17,2,1,0,0,
200,201,197,0,0,0,0,0,0,0,
0,0,0,0,0,0,0,0,0,0,
0.,0.,0.,
0.,0.,0.,
0.,0.,0.,
0,0,0,0,0,0,0,0,0,0,0,0,0,0,0,0,
18,124,20,17,2,1,0,0,
177,42,178,0,0,0,0,0,0,0,
0,0,0,0,0,0,0,0,0,0,
0.,0.,0.,
0.,0.,0.,
0.,0.,0.,
0,0,0,0,0,0,0,0,0,0,0,0,0,0,0,0,
19,124,20,17,2,1,0,0,
102,202,103,0,0,0,0,0,0,0,
0,0,0,0,0,0,0,0,0,0,
0.,0.,0.,
0.,0.,0.,
0.,0.,0.,
0,0,0,0,0,0,0,0,0,0,0,0,0,0,0,0,
20,124,20,17,2,1,0,0,
176,41,177,0,0,0,0,0,0,0,
0,0,0,0,0,0,0,0,0,0,
0.,0.,0.,
0.,0.,0.,
0.,0.,0.,
0,0,0,0,0,0,0,0,0,0,0,0,0,0,0,0,
21,124,20,17,2,1,0,0,
121,188,203,0,0,0,0,0,0,0,
0,0,0,0,0,0,0,0,0,0,
0.,0.,0.,
0.,0.,0.,
0.,0.,0.,
0,0,0,0,0,0,0,0,0,0,0,0,0,0,0,0,
22,124,20,17,2,1,0,0,
175,40,176,0,0,0,0,0,0,0,
0,0,0,0,0,0,0,0,0,0,
0.,0.,0.,
0.,0.,0.,
0.,0.,0.,
0,0,0,0,0,0,0,0,0,0,0,0,0,0,0,0,
23,124,20,17,2,1,0,0,
204,206,205,0,0,0,0,0,0,0,
0,0,0,0,0,0,0,0,0,0,
0.,0.,0.,
0.,0.,0.,
0.,0.,0.,
0,0,0,0,0,0,0,0,0,0,0,0,0,0,0,0,
24,124,20,17,2,1,0,0,
175,39,40,0,0,0,0,0,0,0,
0,0,0,0,0,0,0,0,0,0,
0.,0.,0.,
0.,0.,0.,
0.,0.,0.,
0,0,0,0,0,0,0,0,0,0,0,0,0,0,0,0,
25,124,20,17,2,1,0,0,
205,206,138,0,0,0,0,0,0,0,
0,0,0,0,0,0,0,0,0,0,
0.,0.,0.,
0.,0.,0.,
0.,0.,0.,
0,0,0,0,0,0,0,0,0,0,0,0,0,0,0,0,
26,124,20,17,2,1,0,0,
173,38,174,0,0,0,0,0,0,0,
0,0,0,0,0,0,0,0,0,0,
0.,0.,0.,
0.,0.,0.,
0.,0.,0.,
0,0,0,0,0,0,0,0,0,0,0,0,0,0,0,0,
27,124,20,17,2,1,0,0,
207,209,208,0,0,0,0,0,0,0,
0,0,0,0,0,0,0,0,0,0,
0.,0.,0.,
0.,0.,0.,
0.,0.,0.,
0,0,0,0,0,0,0,0,0,0,0,0,0,0,0,0,
28,124,20,17,2,1,0,0,
172,38,173,0,0,0,0,0,0,0,
0,0,0,0,0,0,0,0,0,0,
0.,0.,0.,
0.,0.,0.,
0.,0.,0.,
0,0,0,0,0,0,0,0,0,0,0,0,0,0,0,0,
29,124,20,17,2,1,0,0,
208,209,210,0,0,0,0,0,0,0,
0,0,0,0,0,0,0,0,0,0,
0.,0.,0.,
0.,0.,0.,
0.,0.,0.,
0,0,0,0,0,0,0,0,0,0,0,0,0,0,0,0,
30,124,20,17,2,1,0,0,
171,37,172,0,0,0,0,0,0,0,
0,0,0,0,0,0,0,0,0,0,
0.,0.,0.,
0.,0.,0.,
0.,0.,0.,
0,0,0,0,0,0,0,0,0,0,0,0,0,0,0,0,
31,124,20,17,2,1,0,0,
147,79,211,0,0,0,0,0,0,0,
0,0,0,0,0,0,0,0,0,0,
0.,0.,0.,
0.,0.,0.,
0.,0.,0.,
0,0,0,0,0,0,0,0,0,0,0,0,0,0,0,0,
32,124,20,17,2,1,0,0,
170,36,171,0,0,0,0,0,0,0,
0,0,0,0,0,0,0,0,0,0,
0.,0.,0.,
0.,0.,0.,
0.,0.,0.,
0,0,0,0,0,0,0,0,0,0,0,0,0,0,0,0,
33,124,20,17,2,1,0,0,
211,79,16,0,0,0,0,0,0,0,
0,0,0,0,0,0,0,0,0,0,
0.,0.,0.,
0.,0.,0.,
0.,0.,0.,
0,0,0,0,0,0,0,0,0,0,0,0,0,0,0,0,
34,124,20,17,2,1,0,0,
169,35,170,0,0,0,0,0,0,0,
0,0,0,0,0,0,0,0,0,0,
0.,0.,0.,
0.,0.,0.,
0.,0.,0.,
0,0,0,0,0,0,0,0,0,0,0,0,0,0,0,0,
35,124,20,17,2,1,0,0,
122,203,123,0,0,0,0,0,0,0,
0,0,0,0,0,0,0,0,0,0,
0.,0.,0.,
0.,0.,0.,
0.,0.,0.,
0,0,0,0,0,0,0,0,0,0,0,0,0,0,0,0,
36,124,20,17,2,1,0,0,
168,34,169,0,0,0,0,0,0,0,
0,0,0,0,0,0,0,0,0,0,
0.,0.,0.,
0.,0.,0.,
0.,0.,0.,
0,0,0,0,0,0,0,0,0,0,0,0,0,0,0,0,
37,124,20,17,2,1,0,0,
212,214,213,0,0,0,0,0,0,0,
0,0,0,0,0,0,0,0,0,0,
0.,0.,0.,
0.,0.,0.,
0.,0.,0.,
0,0,0,0,0,0,0,0,0,0,0,0,0,0,0,0,
38,124,20,17,2,1,0,0,
167,33,168,0,0,0,0,0,0,0,
0,0,0,0,0,0,0,0,0,0,
0.,0.,0.,
0.,0.,0.,
0.,0.,0.,
0,0,0,0,0,0,0,0,0,0,0,0,0,0,0,0,
39,124,20,17,2,1,0,0,
215,217,216,0,0,0,0,0,0,0,
0,0,0,0,0,0,0,0,0,0,
0.,0.,0.,
0.,0.,0.,
0.,0.,0.,
0,0,0,0,0,0,0,0,0,0,0,0,0,0,0,0,
40,124,20,17,2,1,0,0,
166,32,167,0,0,0,0,0,0,0,
0,0,0,0,0,0,0,0,0,0,
0.,0.,0.,
0.,0.,0.,
0.,0.,0.,
0,0,0,0,0,0,0,0,0,0,0,0,0,0,0,0,
41,124,20,17,2,1,0,0,
216,218,215,0,0,0,0,0,0,0,
0,0,0,0,0,0,0,0,0,0,
0.,0.,0.,
0.,0.,0.,
0.,0.,0.,
0,0,0,0,0,0,0,0,0,0,0,0,0,0,0,0,
42,124,20,17,2,1,0,0,
165,31,166,0,0,0,0,0,0,0,
0,0,0,0,0,0,0,0,0,0,
0.,0.,0.,
0.,0.,0.,
0.,0.,0.,
0,0,0,0,0,0,0,0,0,0,0,0,0,0,0,0,
43,124,20,17,2,1,0,0,
219,215,218,0,0,0,0,0,0,0,
0,0,0,0,0,0,0,0,0,0,
0.,0.,0.,
0.,0.,0.,
0.,0.,0.,
0,0,0,0,0,0,0,0,0,0,0,0,0,0,0,0,
44,124,20,17,2,1,0,0,
164,30,165,0,0,0,0,0,0,0,
0,0,0,0,0,0,0,0,0,0,
0.,0.,0.,
0.,0.,0.,
0.,0.,0.,
0,0,0,0,0,0,0,0,0,0,0,0,0,0,0,0,
45,124,20,17,2,1,0,0,
113,220,114,0,0,0,0,0,0,0,
0,0,0,0,0,0,0,0,0,0,
0.,0.,0.,
0.,0.,0.,
0.,0.,0.,
0,0,0,0,0,0,0,0,0,0,0,0,0,0,0,0,
46,124,20,17,2,1,0,0,
164,29,30,0,0,0,0,0,0,0,
0,0,0,0,0,0,0,0,0,0,
0.,0.,0.,
0.,0.,0.,
0.,0.,0.,
0,0,0,0,0,0,0,0,0,0,0,0,0,0,0,0,
47,124,20,17,2,1,0,0,
160,74,159,0,0,0,0,0,0,0,
0,0,0,0,0,0,0,0,0,0,
0.,0.,0.,
0.,0.,0.,
0.,0.,0.,
0,0,0,0,0,0,0,0,0,0,0,0,0,0,0,0,
48,124,20,17,2,1,0,0,
162,29,163,0,0,0,0,0,0,0,
0,0,0,0,0,0,0,0,0,0,
0.,0.,0.,
0.,0.,0.,
0.,0.,0.,
0,0,0,0,0,0,0,0,0,0,0,0,0,0,0,0,
49,124,20,17,2,1,0,0,
159,74,7,0,0,0,0,0,0,0,
0,0,0,0,0,0,0,0,0,0,
0.,0.,0.,
0.,0.,0.,
0.,0.,0.,
0,0,0,0,0,0,0,0,0,0,0,0,0,0,0,0,
50,124,20,17,2,1,0,0,
162,28,29,0,0,0,0,0,0,0,
0,0,0,0,0,0,0,0,0,0,
0.,0.,0.,
0.,0.,0.,
0.,0.,0.,
0,0,0,0,0,0,0,0,0,0,0,0,0,0,0,0,
51,124,20,17,2,1,0,0,
159,7,158,0,0,0,0,0,0,0,
0,0,0,0,0,0,0,0,0,0,
0.,0.,0.,
0.,0.,0.,
0.,0.,0.,
0,0,0,0,0,0,0,0,0,0,0,0,0,0,0,0,
52,124,20,17,2,1,0,0,
161,27,28,0,0,0,0,0,0,0,
0,0,0,0,0,0,0,0,0,0,
0.,0.,0.,
0.,0.,0.,
0.,0.,0.,
0,0,0,0,0,0,0,0,0,0,0,0,0,0,0,0,
53,124,20,17,2,1,0,0,
221,202,222,0,0,0,0,0,0,0,
0,0,0,0,0,0,0,0,0,0,
0.,0.,0.,
0.,0.,0.,
0.,0.,0.,
0,0,0,0,0,0,0,0,0,0,0,0,0,0,0,0,
54,124,20,17,2,1,0,0,
160,26,27,0,0,0,0,0,0,0,
0,0,0,0,0,0,0,0,0,0,
0.,0.,0.,
0.,0.,0.,
0.,0.,0.,
0,0,0,0,0,0,0,0,0,0,0,0,0,0,0,0,
55,124,20,17,2,1,0,0,
222,202,223,0,0,0,0,0,0,0,
0,0,0,0,0,0,0,0,0,0,
0.,0.,0.,
0.,0.,0.,
0.,0.,0.,
0,0,0,0,0,0,0,0,0,0,0,0,0,0,0,0,
56,124,20,17,2,1,0,0,
159,25,26,0,0,0,0,0,0,0,
0,0,0,0,0,0,0,0,0,0,
0.,0.,0.,
0.,0.,0.,
0.,0.,0.,
0,0,0,0,0,0,0,0,0,0,0,0,0,0,0,0,
57,124,20,17,2,1,0,0,
87,207,208,0,0,0,0,0,0,0,
0,0,0,0,0,0,0,0,0,0,
0.,0.,0.,
0.,0.,0.,
0.,0.,0.,
0,0,0,0,0,0,0,0,0,0,0,0,0,0,0,0,
58,124,20,17,2,1,0,0,
157,24,158,0,0,0,0,0,0,0,
0,0,0,0,0,0,0,0,0,0,
0.,0.,0.,
0.,0.,0.,
0.,0.,0.,
0,0,0,0,0,0,0,0,0,0,0,0,0,0,0,0,
59,124,20,17,2,1,0,0,
189,198,188,0,0,0,0,0,0,0,
0,0,0,0,0,0,0,0,0,0,
0.,0.,0.,
0.,0.,0.,
0.,0.,0.,
0,0,0,0,0,0,0,0,0,0,0,0,0,0,0,0,
60,124,20,17,2,1,0,0,
156,23,157,0,0,0,0,0,0,0,
0,0,0,0,0,0,0,0,0,0,
0.,0.,0.,
0.,0.,0.,
0.,0.,0.,
0,0,0,0,0,0,0,0,0,0,0,0,0,0,0,0,
61,124,20,17,2,1,0,0,
87,208,88,0,0,0,0,0,0,0,
0,0,0,0,0,0,0,0,0,0,
0.,0.,0.,
0.,0.,0.,
0.,0.,0.,
0,0,0,0,0,0,0,0,0,0,0,0,0,0,0,0,
62,124,20,17,2,1,0,0,
155,22,156,0,0,0,0,0,0,0,
0,0,0,0,0,0,0,0,0,0,
0.,0.,0.,
0.,0.,0.,
0.,0.,0.,
0,0,0,0,0,0,0,0,0,0,0,0,0,0,0,0,
63,124,20,17,2,1,0,0,
224,178,225,0,0,0,0,0,0,0,
0,0,0,0,0,0,0,0,0,0,
0.,0.,0.,
0.,0.,0.,
0.,0.,0.,
0,0,0,0,0,0,0,0,0,0,0,0,0,0,0,0,
64,124,20,17,2,1,0,0,
154,21,155,0,0,0,0,0,0,0,
0,0,0,0,0,0,0,0,0,0,
0.,0.,0.,
0.,0.,0.,
0.,0.,0.,
0,0,0,0,0,0,0,0,0,0,0,0,0,0,0,0,
65,124,20,17,2,1,0,0,
225,178,179,0,0,0,0,0,0,0,
0,0,0,0,0,0,0,0,0,0,
0.,0.,0.,
0.,0.,0.,
0.,0.,0.,
0,0,0,0,0,0,0,0,0,0,0,0,0,0,0,0,
66,124,20,17,2,1,0,0,
96,227,226,0,0,0,0,0,0,0,
0,0,0,0,0,0,0,0,0,0,
0.,0.,0.,
0.,0.,0.,
0.,0.,0.,
0,0,0,0,0,0,0,0,0,0,0,0,0,0,0,0,
67,124,20,17,2,1,0,0,
14,79,147,0,0,0,0,0,0,0,
0,0,0,0,0,0,0,0,0,0,
0.,0.,0.,
0.,0.,0.,
0.,0.,0.,
0,0,0,0,0,0,0,0,0,0,0,0,0,0,0,0,
68,124,20,17,2,1,0,0,
228,229,201,0,0,0,0,0,0,0,
0,0,0,0,0,0,0,0,0,0,
0.,0.,0.,
0.,0.,0.,
0.,0.,0.,
0,0,0,0,0,0,0,0,0,0,0,0,0,0,0,0,
69,124,20,17,2,1,0,0,
201,229,143,0,0,0,0,0,0,0,
0,0,0,0,0,0,0,0,0,0,
0.,0.,0.,
0.,0.,0.,
0.,0.,0.,
0,0,0,0,0,0,0,0,0,0,0,0,0,0,0,0,
70,124,20,17,2,1,0,0,
230,232,231,0,0,0,0,0,0,0,
0,0,0,0,0,0,0,0,0,0,
0.,0.,0.,
0.,0.,0.,
0.,0.,0.,
0,0,0,0,0,0,0,0,0,0,0,0,0,0,0,0,
71,124,20,17,2,1,0,0,
70,71,148,0,0,0,0,0,0,0,
0,0,0,0,0,0,0,0,0,0,
0.,0.,0.,
0.,0.,0.,
0.,0.,0.,
0,0,0,0,0,0,0,0,0,0,0,0,0,0,0,0,
72,124,20,17,2,1,0,0,
121,203,122,0,0,0,0,0,0,0,
0,0,0,0,0,0,0,0,0,0,
0.,0.,0.,
0.,0.,0.,
0.,0.,0.,
0,0,0,0,0,0,0,0,0,0,0,0,0,0,0,0,
73,124,20,17,2,1,0,0,
148,71,14,0,0,0,0,0,0,0,
0,0,0,0,0,0,0,0,0,0,
0.,0.,0.,
0.,0.,0.,
0.,0.,0.,
0,0,0,0,0,0,0,0,0,0,0,0,0,0,0,0,
74,124,20,17,2,1,0,0,
231,232,233,0,0,0,0,0,0,0,
0,0,0,0,0,0,0,0,0,0,
0.,0.,0.,
0.,0.,0.,
0.,0.,0.,
0,0,0,0,0,0,0,0,0,0,0,0,0,0,0,0,
75,124,20,17,2,1,0,0,
234,235,208,0,0,0,0,0,0,0,
0,0,0,0,0,0,0,0,0,0,
0.,0.,0.,
0.,0.,0.,
0.,0.,0.,
0,0,0,0,0,0,0,0,0,0,0,0,0,0,0,0,
76,124,20,17,2,1,0,0,
208,235,89,0,0,0,0,0,0,0,
0,0,0,0,0,0,0,0,0,0,
0.,0.,0.,
0.,0.,0.,
0.,0.,0.,
0,0,0,0,0,0,0,0,0,0,0,0,0,0,0,0,
77,124,20,17,2,1,0,0,
148,14,147,0,0,0,0,0,0,0,
0,0,0,0,0,0,0,0,0,0,
0.,0.,0.,
0.,0.,0.,
0.,0.,0.,
0,0,0,0,0,0,0,0,0,0,0,0,0,0,0,0,
78,124,20,17,2,1,0,0,
96,226,97,0,0,0,0,0,0,0,
0,0,0,0,0,0,0,0,0,0,
0.,0.,0.,
0.,0.,0.,
0.,0.,0.,
0,0,0,0,0,0,0,0,0,0,0,0,0,0,0,0,
79,124,20,17,2,1,0,0,
228,237,236,0,0,0,0,0,0,0,
0,0,0,0,0,0,0,0,0,0,
0.,0.,0.,
0.,0.,0.,
0.,0.,0.,
0,0,0,0,0,0,0,0,0,0,0,0,0,0,0,0,
80,124,20,17,2,1,0,0,
228,236,238,0,0,0,0,0,0,0,
0,0,0,0,0,0,0,0,0,0,
0.,0.,0.,
0.,0.,0.,
0.,0.,0.,
0,0,0,0,0,0,0,0,0,0,0,0,0,0,0,0,
81,124,20,17,2,1,0,0,
239,241,240,0,0,0,0,0,0,0,
0,0,0,0,0,0,0,0,0,0,
0.,0.,0.,
0.,0.,0.,
0.,0.,0.,
0,0,0,0,0,0,0,0,0,0,0,0,0,0,0,0,
82,124,20,17,2,1,0,0,
154,20,21,0,0,0,0,0,0,0,
0,0,0,0,0,0,0,0,0,0,
0.,0.,0.,
0.,0.,0.,
0.,0.,0.,
0,0,0,0,0,0,0,0,0,0,0,0,0,0,0,0,
83,124,20,17,2,1,0,0,
211,124,203,0,0,0,0,0,0,0,
0,0,0,0,0,0,0,0,0,0,
0.,0.,0.,
0.,0.,0.,
0.,0.,0.,
0,0,0,0,0,0,0,0,0,0,0,0,0,0,0,0,
84,124,20,17,2,1,0,0,
203,124,123,0,0,0,0,0,0,0,
0,0,0,0,0,0,0,0,0,0,
0.,0.,0.,
0.,0.,0.,
0.,0.,0.,
0,0,0,0,0,0,0,0,0,0,0,0,0,0,0,0,
85,124,20,17,2,1,0,0,
117,242,189,0,0,0,0,0,0,0,
0,0,0,0,0,0,0,0,0,0,
0.,0.,0.,
0.,0.,0.,
0.,0.,0.,
0,0,0,0,0,0,0,0,0,0,0,0,0,0,0,0,
86,124,20,17,2,1,0,0,
243,139,140,0,0,0,0,0,0,0,
0,0,0,0,0,0,0,0,0,0,
0.,0.,0.,
0.,0.,0.,
0.,0.,0.,
0,0,0,0,0,0,0,0,0,0,0,0,0,0,0,0,
87,124,20,17,2,1,0,0,
117,189,118,0,0,0,0,0,0,0,
0,0,0,0,0,0,0,0,0,0,
0.,0.,0.,
0.,0.,0.,
0.,0.,0.,
0,0,0,0,0,0,0,0,0,0,0,0,0,0,0,0,
88,124,20,17,2,1,0,0,
244,107,106,0,0,0,0,0,0,0,
0,0,0,0,0,0,0,0,0,0,
0.,0.,0.,
0.,0.,0.,
0.,0.,0.,
0,0,0,0,0,0,0,0,0,0,0,0,0,0,0,0,
89,124,20,17,2,1,0,0,
13,70,149,0,0,0,0,0,0,0,
0,0,0,0,0,0,0,0,0,0,
0.,0.,0.,
0.,0.,0.,
0.,0.,0.,
0,0,0,0,0,0,0,0,0,0,0,0,0,0,0,0,
90,124,20,17,2,1,0,0,
12,68,11,0,0,0,0,0,0,0,
0,0,0,0,0,0,0,0,0,0,
0.,0.,0.,
0.,0.,0.,
0.,0.,0.,
0,0,0,0,0,0,0,0,0,0,0,0,0,0,0,0,
91,124,20,17,2,1,0,0,
88,208,89,0,0,0,0,0,0,0,
0,0,0,0,0,0,0,0,0,0,
0.,0.,0.,
0.,0.,0.,
0.,0.,0.,
0,0,0,0,0,0,0,0,0,0,0,0,0,0,0,0,
92,124,20,17,2,1,0,0,
187,245,184,0,0,0,0,0,0,0,
0,0,0,0,0,0,0,0,0,0,
0.,0.,0.,
0.,0.,0.,
0.,0.,0.,
0,0,0,0,0,0,0,0,0,0,0,0,0,0,0,0,
93,124,20,17,2,1,0,0,
187,246,245,0,0,0,0,0,0,0,
0,0,0,0,0,0,0,0,0,0,
0.,0.,0.,
0.,0.,0.,
0.,0.,0.,
0,0,0,0,0,0,0,0,0,0,0,0,0,0,0,0,
94,124,20,17,2,1,0,0,
149,70,148,0,0,0,0,0,0,0,
0,0,0,0,0,0,0,0,0,0,
0.,0.,0.,
0.,0.,0.,
0.,0.,0.,
0,0,0,0,0,0,0,0,0,0,0,0,0,0,0,0,
95,124,20,17,2,1,0,0,
246,187,247,0,0,0,0,0,0,0,
0,0,0,0,0,0,0,0,0,0,
0.,0.,0.,
0.,0.,0.,
0.,0.,0.,
0,0,0,0,0,0,0,0,0,0,0,0,0,0,0,0,
96,124,20,17,2,1,0,0,
248,250,249,0,0,0,0,0,0,0,
0,0,0,0,0,0,0,0,0,0,
0.,0.,0.,
0.,0.,0.,
0.,0.,0.,
0,0,0,0,0,0,0,0,0,0,0,0,0,0,0,0,
97,124,20,17,2,1,0,0,
249,250,251,0,0,0,0,0,0,0,
0,0,0,0,0,0,0,0,0,0,
0.,0.,0.,
0.,0.,0.,
0.,0.,0.,
0,0,0,0,0,0,0,0,0,0,0,0,0,0,0,0,
98,124,20,17,2,1,0,0,
251,252,249,0,0,0,0,0,0,0,
0,0,0,0,0,0,0,0,0,0,
0.,0.,0.,
0.,0.,0.,
0.,0.,0.,
0,0,0,0,0,0,0,0,0,0,0,0,0,0,0,0,
99,124,20,17,2,1,0,0,
253,249,252,0,0,0,0,0,0,0,
0,0,0,0,0,0,0,0,0,0,
0.,0.,0.,
0.,0.,0.,
0.,0.,0.,
0,0,0,0,0,0,0,0,0,0,0,0,0,0,0,0,
100,124,20,17,2,1,0,0,
254,255,141,0,0,0,0,0,0,0,
0,0,0,0,0,0,0,0,0,0,
0.,0.,0.,
0.,0.,0.,
0.,0.,0.,
0,0,0,0,0,0,0,0,0,0,0,0,0,0,0,0,
101,124,20,17,2,1,0,0,
142,254,141,0,0,0,0,0,0,0,
0,0,0,0,0,0,0,0,0,0,
0.,0.,0.,
0.,0.,0.,
0.,0.,0.,
0,0,0,0,0,0,0,0,0,0,0,0,0,0,0,0,
102,124,20,17,2,1,0,0,
185,256,187,0,0,0,0,0,0,0,
0,0,0,0,0,0,0,0,0,0,
0.,0.,0.,
0.,0.,0.,
0.,0.,0.,
0,0,0,0,0,0,0,0,0,0,0,0,0,0,0,0,
103,124,20,17,2,1,0,0,
243,255,251,0,0,0,0,0,0,0,
0,0,0,0,0,0,0,0,0,0,
0.,0.,0.,
0.,0.,0.,
0.,0.,0.,
0,0,0,0,0,0,0,0,0,0,0,0,0,0,0,0,
104,124,20,17,2,1,0,0,
255,254,252,0,0,0,0,0,0,0,
0,0,0,0,0,0,0,0,0,0,
0.,0.,0.,
0.,0.,0.,
0.,0.,0.,
0,0,0,0,0,0,0,0,0,0,0,0,0,0,0,0,
105,124,20,17,2,1,0,0,
251,255,252,0,0,0,0,0,0,0,
0,0,0,0,0,0,0,0,0,0,
0.,0.,0.,
0.,0.,0.,
0.,0.,0.,
0,0,0,0,0,0,0,0,0,0,0,0,0,0,0,0,
106,124,20,17,2,1,0,0,
257,259,258,0,0,0,0,0,0,0,
0,0,0,0,0,0,0,0,0,0,
0.,0.,0.,
0.,0.,0.,
0.,0.,0.,
0,0,0,0,0,0,0,0,0,0,0,0,0,0,0,0,
107,124,20,17,2,1,0,0,
260,257,258,0,0,0,0,0,0,0,
0,0,0,0,0,0,0,0,0,0,
0.,0.,0.,
0.,0.,0.,
0.,0.,0.,
0,0,0,0,0,0,0,0,0,0,0,0,0,0,0,0,
108,124,20,17,2,1,0,0,
261,263,262,0,0,0,0,0,0,0,
0,0,0,0,0,0,0,0,0,0,
0.,0.,0.,
0.,0.,0.,
0.,0.,0.,
0,0,0,0,0,0,0,0,0,0,0,0,0,0,0,0,
109,124,20,17,2,1,0,0,
263,265,264,0,0,0,0,0,0,0,
0,0,0,0,0,0,0,0,0,0,
0.,0.,0.,
0.,0.,0.,
0.,0.,0.,
0,0,0,0,0,0,0,0,0,0,0,0,0,0,0,0,
110,124,20,17,2,1,0,0,
263,264,262,0,0,0,0,0,0,0,
0,0,0,0,0,0,0,0,0,0,
0.,0.,0.,
0.,0.,0.,
0.,0.,0.,
0,0,0,0,0,0,0,0,0,0,0,0,0,0,0,0,
111,124,20,17,2,1,0,0,
205,137,266,0,0,0,0,0,0,0,
0,0,0,0,0,0,0,0,0,0,
0.,0.,0.,
0.,0.,0.,
0.,0.,0.,
0,0,0,0,0,0,0,0,0,0,0,0,0,0,0,0,
112,124,20,17,2,1,0,0,
137,136,266,0,0,0,0,0,0,0,
0,0,0,0,0,0,0,0,0,0,
0.,0.,0.,
0.,0.,0.,
0.,0.,0.,
0,0,0,0,0,0,0,0,0,0,0,0,0,0,0,0,
113,124,20,17,2,1,0,0,
267,258,191,0,0,0,0,0,0,0,
0,0,0,0,0,0,0,0,0,0,
0.,0.,0.,
0.,0.,0.,
0.,0.,0.,
0,0,0,0,0,0,0,0,0,0,0,0,0,0,0,0,
114,124,20,17,2,1,0,0,
191,258,268,0,0,0,0,0,0,0,
0,0,0,0,0,0,0,0,0,0,
0.,0.,0.,
0.,0.,0.,
0.,0.,0.,
0,0,0,0,0,0,0,0,0,0,0,0,0,0,0,0,
115,124,20,17,2,1,0,0,
259,268,258,0,0,0,0,0,0,0,
0,0,0,0,0,0,0,0,0,0,
0.,0.,0.,
0.,0.,0.,
0.,0.,0.,
0,0,0,0,0,0,0,0,0,0,0,0,0,0,0,0,
116,124,20,17,2,1,0,0,
191,269,193,0,0,0,0,0,0,0,
0,0,0,0,0,0,0,0,0,0,
0.,0.,0.,
0.,0.,0.,
0.,0.,0.,
0,0,0,0,0,0,0,0,0,0,0,0,0,0,0,0,
117,124,20,17,2,1,0,0,
191,268,269,0,0,0,0,0,0,0,
0,0,0,0,0,0,0,0,0,0,
0.,0.,0.,
0.,0.,0.,
0.,0.,0.,
0,0,0,0,0,0,0,0,0,0,0,0,0,0,0,0,
118,124,20,17,2,1,0,0,
181,46,182,0,0,0,0,0,0,0,
0,0,0,0,0,0,0,0,0,0,
0.,0.,0.,
0.,0.,0.,
0.,0.,0.,
0,0,0,0,0,0,0,0,0,0,0,0,0,0,0,0,
119,124,20,17,2,1,0,0,
270,272,271,0,0,0,0,0,0,0,
0,0,0,0,0,0,0,0,0,0,
0.,0.,0.,
0.,0.,0.,
0.,0.,0.,
0,0,0,0,0,0,0,0,0,0,0,0,0,0,0,0,
120,124,20,17,2,1,0,0,
186,244,106,0,0,0,0,0,0,0,
0,0,0,0,0,0,0,0,0,0,
0.,0.,0.,
0.,0.,0.,
0.,0.,0.,
0,0,0,0,0,0,0,0,0,0,0,0,0,0,0,0,
121,124,20,17,2,1,0,0,
254,229,273,0,0,0,0,0,0,0,
0,0,0,0,0,0,0,0,0,0,
0.,0.,0.,
0.,0.,0.,
0.,0.,0.,
0,0,0,0,0,0,0,0,0,0,0,0,0,0,0,0,
122,124,20,17,2,1,0,0,
178,43,179,0,0,0,0,0,0,0,
0,0,0,0,0,0,0,0,0,0,
0.,0.,0.,
0.,0.,0.,
0.,0.,0.,
0,0,0,0,0,0,0,0,0,0,0,0,0,0,0,0,
123,124,20,17,2,1,0,0,
105,186,106,0,0,0,0,0,0,0,
0,0,0,0,0,0,0,0,0,0,
0.,0.,0.,
0.,0.,0.,
0.,0.,0.,
0,0,0,0,0,0,0,0,0,0,0,0,0,0,0,0,
124,124,20,17,2,1,0,0,
274,272,261,0,0,0,0,0,0,0,
0,0,0,0,0,0,0,0,0,0,
0.,0.,0.,
0.,0.,0.,
0.,0.,0.,
0,0,0,0,0,0,0,0,0,0,0,0,0,0,0,0,
125,124,20,17,2,1,0,0,
177,41,42,0,0,0,0,0,0,0,
0,0,0,0,0,0,0,0,0,0,
0.,0.,0.,
0.,0.,0.,
0.,0.,0.,
0,0,0,0,0,0,0,0,0,0,0,0,0,0,0,0,
126,124,20,17,2,1,0,0,
257,276,275,0,0,0,0,0,0,0,
0,0,0,0,0,0,0,0,0,0,
0.,0.,0.,
0.,0.,0.,
0.,0.,0.,
0,0,0,0,0,0,0,0,0,0,0,0,0,0,0,0,
127,124,20,17,2,1,0,0,
277,278,216,0,0,0,0,0,0,0,
0,0,0,0,0,0,0,0,0,0,
0.,0.,0.,
0.,0.,0.,
0.,0.,0.,
0,0,0,0,0,0,0,0,0,0,0,0,0,0,0,0,
128,124,20,17,2,1,0,0,
278,279,216,0,0,0,0,0,0,0,
0,0,0,0,0,0,0,0,0,0,
0.,0.,0.,
0.,0.,0.,
0.,0.,0.,
0,0,0,0,0,0,0,0,0,0,0,0,0,0,0,0,
129,124,20,17,2,1,0,0,
176,40,41,0,0,0,0,0,0,0,
0,0,0,0,0,0,0,0,0,0,
0.,0.,0.,
0.,0.,0.,
0.,0.,0.,
0,0,0,0,0,0,0,0,0,0,0,0,0,0,0,0,
130,124,20,17,2,1,0,0,
219,220,215,0,0,0,0,0,0,0,
0,0,0,0,0,0,0,0,0,0,
0.,0.,0.,
0.,0.,0.,
0.,0.,0.,
0,0,0,0,0,0,0,0,0,0,0,0,0,0,0,0,
131,124,20,17,2,1,0,0,
183,2,19,0,0,0,0,0,0,0,
0,0,0,0,0,0,0,0,0,0,
0.,0.,0.,
0.,0.,0.,
0.,0.,0.,
0,0,0,0,0,0,0,0,0,0,0,0,0,0,0,0,
132,124,20,17,2,1,0,0,
277,216,217,0,0,0,0,0,0,0,
0,0,0,0,0,0,0,0,0,0,
0.,0.,0.,
0.,0.,0.,
0.,0.,0.,
0,0,0,0,0,0,0,0,0,0,0,0,0,0,0,0,
133,124,20,17,2,1,0,0,
174,39,175,0,0,0,0,0,0,0,
0,0,0,0,0,0,0,0,0,0,
0.,0.,0.,
0.,0.,0.,
0.,0.,0.,
0,0,0,0,0,0,0,0,0,0,0,0,0,0,0,0,
134,124,20,17,2,1,0,0,
280,183,19,0,0,0,0,0,0,0,
0,0,0,0,0,0,0,0,0,0,
0.,0.,0.,
0.,0.,0.,
0.,0.,0.,
0,0,0,0,0,0,0,0,0,0,0,0,0,0,0,0,
135,124,20,17,2,1,0,0,
139,280,19,0,0,0,0,0,0,0,
0,0,0,0,0,0,0,0,0,0,
0.,0.,0.,
0.,0.,0.,
0.,0.,0.,
0,0,0,0,0,0,0,0,0,0,0,0,0,0,0,0,
136,124,20,17,2,1,0,0,
281,282,217,0,0,0,0,0,0,0,
0,0,0,0,0,0,0,0,0,0,
0.,0.,0.,
0.,0.,0.,
0.,0.,0.,
0,0,0,0,0,0,0,0,0,0,0,0,0,0,0,0,
137,124,20,17,2,1,0,0,
217,282,283,0,0,0,0,0,0,0,
0,0,0,0,0,0,0,0,0,0,
0.,0.,0.,
0.,0.,0.,
0.,0.,0.,
0,0,0,0,0,0,0,0,0,0,0,0,0,0,0,0,
138,124,20,17,2,1,0,0,
46,47,182,0,0,0,0,0,0,0,
0,0,0,0,0,0,0,0,0,0,
0.,0.,0.,
0.,0.,0.,
0.,0.,0.,
0,0,0,0,0,0,0,0,0,0,0,0,0,0,0,0,
139,124,20,17,2,1,0,0,
9,10,67,0,0,0,0,0,0,0,
0,0,0,0,0,0,0,0,0,0,
0.,0.,0.,
0.,0.,0.,
0.,0.,0.,
0,0,0,0,0,0,0,0,0,0,0,0,0,0,0,0,
140,124,20,17,2,1,0,0,
283,277,217,0,0,0,0,0,0,0,
0,0,0,0,0,0,0,0,0,0,
0.,0.,0.,
0.,0.,0.,
0.,0.,0.,
0,0,0,0,0,0,0,0,0,0,0,0,0,0,0,0,
141,124,20,17,2,1,0,0,
284,265,221,0,0,0,0,0,0,0,
0,0,0,0,0,0,0,0,0,0,
0.,0.,0.,
0.,0.,0.,
0.,0.,0.,
0,0,0,0,0,0,0,0,0,0,0,0,0,0,0,0,
142,124,20,17,2,1,0,0,
265,284,285,0,0,0,0,0,0,0,
0,0,0,0,0,0,0,0,0,0,
0.,0.,0.,
0.,0.,0.,
0.,0.,0.,
0,0,0,0,0,0,0,0,0,0,0,0,0,0,0,0,
143,124,20,17,2,1,0,0,
47,2,183,0,0,0,0,0,0,0,
0,0,0,0,0,0,0,0,0,0,
0.,0.,0.,
0.,0.,0.,
0.,0.,0.,
0,0,0,0,0,0,0,0,0,0,0,0,0,0,0,0,
144,124,20,17,2,1,0,0,
284,128,285,0,0,0,0,0,0,0,
0,0,0,0,0,0,0,0,0,0,
0.,0.,0.,
0.,0.,0.,
0.,0.,0.,
0,0,0,0,0,0,0,0,0,0,0,0,0,0,0,0,
145,124,20,17,2,1,0,0,
223,202,199,0,0,0,0,0,0,0,
0,0,0,0,0,0,0,0,0,0,
0.,0.,0.,
0.,0.,0.,
0.,0.,0.,
0,0,0,0,0,0,0,0,0,0,0,0,0,0,0,0,
146,124,20,17,2,1,0,0,
163,29,164,0,0,0,0,0,0,0,
0,0,0,0,0,0,0,0,0,0,
0.,0.,0.,
0.,0.,0.,
0.,0.,0.,
0,0,0,0,0,0,0,0,0,0,0,0,0,0,0,0,
147,124,20,17,2,1,0,0,
202,101,199,0,0,0,0,0,0,0,
0,0,0,0,0,0,0,0,0,0,
0.,0.,0.,
0.,0.,0.,
0.,0.,0.,
0,0,0,0,0,0,0,0,0,0,0,0,0,0,0,0,
148,124,20,17,2,1,0,0,
286,287,221,0,0,0,0,0,0,0,
0,0,0,0,0,0,0,0,0,0,
0.,0.,0.,
0.,0.,0.,
0.,0.,0.,
0,0,0,0,0,0,0,0,0,0,0,0,0,0,0,0,
149,124,20,17,2,1,0,0,
161,28,162,0,0,0,0,0,0,0,
0,0,0,0,0,0,0,0,0,0,
0.,0.,0.,
0.,0.,0.,
0.,0.,0.,
0,0,0,0,0,0,0,0,0,0,0,0,0,0,0,0,
150,124,20,17,2,1,0,0,
73,74,160,0,0,0,0,0,0,0,
0,0,0,0,0,0,0,0,0,0,
0.,0.,0.,
0.,0.,0.,
0.,0.,0.,
0,0,0,0,0,0,0,0,0,0,0,0,0,0,0,0,
151,124,20,17,2,1,0,0,
287,286,288,0,0,0,0,0,0,0,
0,0,0,0,0,0,0,0,0,0,
0.,0.,0.,
0.,0.,0.,
0.,0.,0.,
0,0,0,0,0,0,0,0,0,0,0,0,0,0,0,0,
152,124,20,17,2,1,0,0,
288,8,287,0,0,0,0,0,0,0,
0,0,0,0,0,0,0,0,0,0,
0.,0.,0.,
0.,0.,0.,
0.,0.,0.,
0,0,0,0,0,0,0,0,0,0,0,0,0,0,0,0,
153,124,20,17,2,1,0,0,
160,27,161,0,0,0,0,0,0,0,
0,0,0,0,0,0,0,0,0,0,
0.,0.,0.,
0.,0.,0.,
0.,0.,0.,
0,0,0,0,0,0,0,0,0,0,0,0,0,0,0,0,
154,124,20,17,2,1,0,0,
287,8,66,0,0,0,0,0,0,0,
0,0,0,0,0,0,0,0,0,0,
0.,0.,0.,
0.,0.,0.,
0.,0.,0.,
0,0,0,0,0,0,0,0,0,0,0,0,0,0,0,0,
155,124,20,17,2,1,0,0,
15,162,289,0,0,0,0,0,0,0,
0,0,0,0,0,0,0,0,0,0,
0.,0.,0.,
0.,0.,0.,
0.,0.,0.,
0,0,0,0,0,0,0,0,0,0,0,0,0,0,0,0,
156,124,20,17,2,1,0,0,
162,163,289,0,0,0,0,0,0,0,
0,0,0,0,0,0,0,0,0,0,
0.,0.,0.,
0.,0.,0.,
0.,0.,0.,
0,0,0,0,0,0,0,0,0,0,0,0,0,0,0,0,
157,124,20,17,2,1,0,0,
159,26,160,0,0,0,0,0,0,0,
0,0,0,0,0,0,0,0,0,0,
0.,0.,0.,
0.,0.,0.,
0.,0.,0.,
0,0,0,0,0,0,0,0,0,0,0,0,0,0,0,0,
158,124,20,17,2,1,0,0,
290,292,291,0,0,0,0,0,0,0,
0,0,0,0,0,0,0,0,0,0,
0.,0.,0.,
0.,0.,0.,
0.,0.,0.,
0,0,0,0,0,0,0,0,0,0,0,0,0,0,0,0,
159,124,20,17,2,1,0,0,
291,292,155,0,0,0,0,0,0,0,
0,0,0,0,0,0,0,0,0,0,
0.,0.,0.,
0.,0.,0.,
0.,0.,0.,
0,0,0,0,0,0,0,0,0,0,0,0,0,0,0,0,
160,124,20,17,2,1,0,0,
289,293,75,0,0,0,0,0,0,0,
0,0,0,0,0,0,0,0,0,0,
0.,0.,0.,
0.,0.,0.,
0.,0.,0.,
0,0,0,0,0,0,0,0,0,0,0,0,0,0,0,0,
161,124,20,17,2,1,0,0,
158,25,159,0,0,0,0,0,0,0,
0,0,0,0,0,0,0,0,0,0,
0.,0.,0.,
0.,0.,0.,
0.,0.,0.,
0,0,0,0,0,0,0,0,0,0,0,0,0,0,0,0,
162,124,20,17,2,1,0,0,
289,75,15,0,0,0,0,0,0,0,
0,0,0,0,0,0,0,0,0,0,
0.,0.,0.,
0.,0.,0.,
0.,0.,0.,
0,0,0,0,0,0,0,0,0,0,0,0,0,0,0,0,
163,124,20,17,2,1,0,0,
294,296,295,0,0,0,0,0,0,0,
0,0,0,0,0,0,0,0,0,0,
0.,0.,0.,
0.,0.,0.,
0.,0.,0.,
0,0,0,0,0,0,0,0,0,0,0,0,0,0,0,0,
164,124,20,17,2,1,0,0,
267,192,54,0,0,0,0,0,0,0,
0,0,0,0,0,0,0,0,0,0,
0.,0.,0.,
0.,0.,0.,
0.,0.,0.,
0,0,0,0,0,0,0,0,0,0,0,0,0,0,0,0,
165,124,20,17,2,1,0,0,
158,24,25,0,0,0,0,0,0,0,
0,0,0,0,0,0,0,0,0,0,
0.,0.,0.,
0.,0.,0.,
0.,0.,0.,
0,0,0,0,0,0,0,0,0,0,0,0,0,0,0,0,
166,124,20,17,2,1,0,0,
294,269,296,0,0,0,0,0,0,0,
0,0,0,0,0,0,0,0,0,0,
0.,0.,0.,
0.,0.,0.,
0.,0.,0.,
0,0,0,0,0,0,0,0,0,0,0,0,0,0,0,0,
167,124,20,17,2,1,0,0,
157,23,24,0,0,0,0,0,0,0,
0,0,0,0,0,0,0,0,0,0,
0.,0.,0.,
0.,0.,0.,
0.,0.,0.,
0,0,0,0,0,0,0,0,0,0,0,0,0,0,0,0,
168,124,20,17,2,1,0,0,
268,296,269,0,0,0,0,0,0,0,
0,0,0,0,0,0,0,0,0,0,
0.,0.,0.,
0.,0.,0.,
0.,0.,0.,
0,0,0,0,0,0,0,0,0,0,0,0,0,0,0,0,
169,124,20,17,2,1,0,0,
38,39,174,0,0,0,0,0,0,0,
0,0,0,0,0,0,0,0,0,0,
0.,0.,0.,
0.,0.,0.,
0.,0.,0.,
0,0,0,0,0,0,0,0,0,0,0,0,0,0,0,0,
170,124,20,17,2,1,0,0,
184,245,297,0,0,0,0,0,0,0,
0,0,0,0,0,0,0,0,0,0,
0.,0.,0.,
0.,0.,0.,
0.,0.,0.,
0,0,0,0,0,0,0,0,0,0,0,0,0,0,0,0,
171,124,20,17,2,1,0,0,
270,271,7,0,0,0,0,0,0,0,
0,0,0,0,0,0,0,0,0,0,
0.,0.,0.,
0.,0.,0.,
0.,0.,0.,
0,0,0,0,0,0,0,0,0,0,0,0,0,0,0,0,
172,124,20,17,2,1,0,0,
270,7,65,0,0,0,0,0,0,0,
0,0,0,0,0,0,0,0,0,0,
0.,0.,0.,
0.,0.,0.,
0.,0.,0.,
0,0,0,0,0,0,0,0,0,0,0,0,0,0,0,0,
173,124,20,17,2,1,0,0,
37,38,172,0,0,0,0,0,0,0,
0,0,0,0,0,0,0,0,0,0,
0.,0.,0.,
0.,0.,0.,
0.,0.,0.,
0,0,0,0,0,0,0,0,0,0,0,0,0,0,0,0,
174,124,20,17,2,1,0,0,
180,44,45,0,0,0,0,0,0,0,
0,0,0,0,0,0,0,0,0,0,
0.,0.,0.,
0.,0.,0.,
0.,0.,0.,
0,0,0,0,0,0,0,0,0,0,0,0,0,0,0,0,
175,124,20,17,2,1,0,0,
267,191,192,0,0,0,0,0,0,0,
0,0,0,0,0,0,0,0,0,0,
0.,0.,0.,
0.,0.,0.,
0.,0.,0.,
0,0,0,0,0,0,0,0,0,0,0,0,0,0,0,0,
176,124,20,17,2,1,0,0,
36,37,171,0,0,0,0,0,0,0,
0,0,0,0,0,0,0,0,0,0,
0.,0.,0.,
0.,0.,0.,
0.,0.,0.,
0,0,0,0,0,0,0,0,0,0,0,0,0,0,0,0,
177,124,20,17,2,1,0,0,
145,298,197,0,0,0,0,0,0,0,
0,0,0,0,0,0,0,0,0,0,
0.,0.,0.,
0.,0.,0.,
0.,0.,0.,
0,0,0,0,0,0,0,0,0,0,0,0,0,0,0,0,
178,124,20,17,2,1,0,0,
203,298,146,0,0,0,0,0,0,0,
0,0,0,0,0,0,0,0,0,0,
0.,0.,0.,
0.,0.,0.,
0.,0.,0.,
0,0,0,0,0,0,0,0,0,0,0,0,0,0,0,0,
179,124,20,17,2,1,0,0,
156,22,23,0,0,0,0,0,0,0,
0,0,0,0,0,0,0,0,0,0,
0.,0.,0.,
0.,0.,0.,
0.,0.,0.,
0,0,0,0,0,0,0,0,0,0,0,0,0,0,0,0,
180,124,20,17,2,1,0,0,
35,36,170,0,0,0,0,0,0,0,
0,0,0,0,0,0,0,0,0,0,
0.,0.,0.,
0.,0.,0.,
0.,0.,0.,
0,0,0,0,0,0,0,0,0,0,0,0,0,0,0,0,
181,124,20,17,2,1,0,0,
299,162,15,0,0,0,0,0,0,0,
0,0,0,0,0,0,0,0,0,0,
0.,0.,0.,
0.,0.,0.,
0.,0.,0.,
0,0,0,0,0,0,0,0,0,0,0,0,0,0,0,0,
182,124,20,17,2,1,0,0,
284,222,130,0,0,0,0,0,0,0,
0,0,0,0,0,0,0,0,0,0,
0.,0.,0.,
0.,0.,0.,
0.,0.,0.,
0,0,0,0,0,0,0,0,0,0,0,0,0,0,0,0,
183,124,20,17,2,1,0,0,
43,44,179,0,0,0,0,0,0,0,
0,0,0,0,0,0,0,0,0,0,
0.,0.,0.,
0.,0.,0.,
0.,0.,0.,
0,0,0,0,0,0,0,0,0,0,0,0,0,0,0,0,
184,124,20,17,2,1,0,0,
34,35,169,0,0,0,0,0,0,0,
0,0,0,0,0,0,0,0,0,0,
0.,0.,0.,
0.,0.,0.,
0.,0.,0.,
0,0,0,0,0,0,0,0,0,0,0,0,0,0,0,0,
185,124,20,17,2,1,0,0,
284,130,129,0,0,0,0,0,0,0,
0,0,0,0,0,0,0,0,0,0,
0.,0.,0.,
0.,0.,0.,
0.,0.,0.,
0,0,0,0,0,0,0,0,0,0,0,0,0,0,0,0,
186,124,20,17,2,1,0,0,
18,1,153,0,0,0,0,0,0,0,
0,0,0,0,0,0,0,0,0,0,
0.,0.,0.,
0.,0.,0.,
0.,0.,0.,
0,0,0,0,0,0,0,0,0,0,0,0,0,0,0,0,
187,124,20,17,2,1,0,0,
33,34,168,0,0,0,0,0,0,0,
0,0,0,0,0,0,0,0,0,0,
0.,0.,0.,
0.,0.,0.,
0.,0.,0.,
0,0,0,0,0,0,0,0,0,0,0,0,0,0,0,0,
188,124,20,17,2,1,0,0,
193,151,152,0,0,0,0,0,0,0,
0,0,0,0,0,0,0,0,0,0,
0.,0.,0.,
0.,0.,0.,
0.,0.,0.,
0,0,0,0,0,0,0,0,0,0,0,0,0,0,0,0,
189,124,20,17,2,1,0,0,
155,21,22,0,0,0,0,0,0,0,
0,0,0,0,0,0,0,0,0,0,
0.,0.,0.,
0.,0.,0.,
0.,0.,0.,
0,0,0,0,0,0,0,0,0,0,0,0,0,0,0,0,
190,124,20,17,2,1,0,0,
272,270,288,0,0,0,0,0,0,0,
0,0,0,0,0,0,0,0,0,0,
0.,0.,0.,
0.,0.,0.,
0.,0.,0.,
0,0,0,0,0,0,0,0,0,0,0,0,0,0,0,0,
191,124,20,17,2,1,0,0,
153,20,154,0,0,0,0,0,0,0,
0,0,0,0,0,0,0,0,0,0,
0.,0.,0.,
0.,0.,0.,
0.,0.,0.,
0,0,0,0,0,0,0,0,0,0,0,0,0,0,0,0,
192,124,20,17,2,1,0,0,
32,33,167,0,0,0,0,0,0,0,
0,0,0,0,0,0,0,0,0,0,
0.,0.,0.,
0.,0.,0.,
0.,0.,0.,
0,0,0,0,0,0,0,0,0,0,0,0,0,0,0,0,
193,124,20,17,2,1,0,0,
1,20,153,0,0,0,0,0,0,0,
0,0,0,0,0,0,0,0,0,0,
0.,0.,0.,
0.,0.,0.,
0.,0.,0.,
0,0,0,0,0,0,0,0,0,0,0,0,0,0,0,0,
194,124,20,17,2,1,0,0,
288,270,8,0,0,0,0,0,0,0,
0,0,0,0,0,0,0,0,0,0,
0.,0.,0.,
0.,0.,0.,
0.,0.,0.,
0,0,0,0,0,0,0,0,0,0,0,0,0,0,0,0,
195,124,20,17,2,1,0,0,
31,32,166,0,0,0,0,0,0,0,
0,0,0,0,0,0,0,0,0,0,
0.,0.,0.,
0.,0.,0.,
0.,0.,0.,
0,0,0,0,0,0,0,0,0,0,0,0,0,0,0,0,
196,124,20,17,2,1,0,0,
30,31,165,0,0,0,0,0,0,0,
0,0,0,0,0,0,0,0,0,0,
0.,0.,0.,
0.,0.,0.,
0.,0.,0.,
0,0,0,0,0,0,0,0,0,0,0,0,0,0,0,0,
197,124,20,17,2,1,0,0,
300,302,301,0,0,0,0,0,0,0,
0,0,0,0,0,0,0,0,0,0,
0.,0.,0.,
0.,0.,0.,
0.,0.,0.,
0,0,0,0,0,0,0,0,0,0,0,0,0,0,0,0,
198,124,20,17,2,1,0,0,
303,301,302,0,0,0,0,0,0,0,
0,0,0,0,0,0,0,0,0,0,
0.,0.,0.,
0.,0.,0.,
0.,0.,0.,
0,0,0,0,0,0,0,0,0,0,0,0,0,0,0,0,
199,124,20,17,2,1,0,0,
304,303,302,0,0,0,0,0,0,0,
0,0,0,0,0,0,0,0,0,0,
0.,0.,0.,
0.,0.,0.,
0.,0.,0.,
0,0,0,0,0,0,0,0,0,0,0,0,0,0,0,0,
200,124,20,17,2,1,0,0,
296,268,259,0,0,0,0,0,0,0,
0,0,0,0,0,0,0,0,0,0,
0.,0.,0.,
0.,0.,0.,
0.,0.,0.,
0,0,0,0,0,0,0,0,0,0,0,0,0,0,0,0,
201,124,20,17,2,1,0,0,
305,296,259,0,0,0,0,0,0,0,
0,0,0,0,0,0,0,0,0,0,
0.,0.,0.,
0.,0.,0.,
0.,0.,0.,
0,0,0,0,0,0,0,0,0,0,0,0,0,0,0,0,
202,124,20,17,2,1,0,0,
305,306,296,0,0,0,0,0,0,0,
0,0,0,0,0,0,0,0,0,0,
0.,0.,0.,
0.,0.,0.,
0.,0.,0.,
0,0,0,0,0,0,0,0,0,0,0,0,0,0,0,0,
203,124,20,17,2,1,0,0,
214,304,307,0,0,0,0,0,0,0,
0,0,0,0,0,0,0,0,0,0,
0.,0.,0.,
0.,0.,0.,
0.,0.,0.,
0,0,0,0,0,0,0,0,0,0,0,0,0,0,0,0,
204,124,20,17,2,1,0,0,
304,302,307,0,0,0,0,0,0,0,
0,0,0,0,0,0,0,0,0,0,
0.,0.,0.,
0.,0.,0.,
0.,0.,0.,
0,0,0,0,0,0,0,0,0,0,0,0,0,0,0,0,
205,124,20,17,2,1,0,0,
223,308,222,0,0,0,0,0,0,0,
0,0,0,0,0,0,0,0,0,0,
0.,0.,0.,
0.,0.,0.,
0.,0.,0.,
0,0,0,0,0,0,0,0,0,0,0,0,0,0,0,0,
206,124,20,17,2,1,0,0,
130,222,308,0,0,0,0,0,0,0,
0,0,0,0,0,0,0,0,0,0,
0.,0.,0.,
0.,0.,0.,
0.,0.,0.,
0,0,0,0,0,0,0,0,0,0,0,0,0,0,0,0,
207,124,20,17,2,1,0,0,
308,131,130,0,0,0,0,0,0,0,
0,0,0,0,0,0,0,0,0,0,
0.,0.,0.,
0.,0.,0.,
0.,0.,0.,
0,0,0,0,0,0,0,0,0,0,0,0,0,0,0,0,
208,124,20,17,2,1,0,0,
258,309,260,0,0,0,0,0,0,0,
0,0,0,0,0,0,0,0,0,0,
0.,0.,0.,
0.,0.,0.,
0.,0.,0.,
0,0,0,0,0,0,0,0,0,0,0,0,0,0,0,0,
209,124,20,17,2,1,0,0,
258,267,309,0,0,0,0,0,0,0,
0,0,0,0,0,0,0,0,0,0,
0.,0.,0.,
0.,0.,0.,
0.,0.,0.,
0,0,0,0,0,0,0,0,0,0,0,0,0,0,0,0,
210,124,20,17,2,1,0,0,
245,311,310,0,0,0,0,0,0,0,
0,0,0,0,0,0,0,0,0,0,
0.,0.,0.,
0.,0.,0.,
0.,0.,0.,
0,0,0,0,0,0,0,0,0,0,0,0,0,0,0,0,
211,124,20,17,2,1,0,0,
245,310,297,0,0,0,0,0,0,0,
0,0,0,0,0,0,0,0,0,0,
0.,0.,0.,
0.,0.,0.,
0.,0.,0.,
0,0,0,0,0,0,0,0,0,0,0,0,0,0,0,0,
212,124,20,17,2,1,0,0,
312,310,311,0,0,0,0,0,0,0,
0,0,0,0,0,0,0,0,0,0,
0.,0.,0.,
0.,0.,0.,
0.,0.,0.,
0,0,0,0,0,0,0,0,0,0,0,0,0,0,0,0,
213,124,20,17,2,1,0,0,
53,267,54,0,0,0,0,0,0,0,
0,0,0,0,0,0,0,0,0,0,
0.,0.,0.,
0.,0.,0.,
0.,0.,0.,
0,0,0,0,0,0,0,0,0,0,0,0,0,0,0,0,
214,124,20,17,2,1,0,0,
311,167,312,0,0,0,0,0,0,0,
0,0,0,0,0,0,0,0,0,0,
0.,0.,0.,
0.,0.,0.,
0.,0.,0.,
0,0,0,0,0,0,0,0,0,0,0,0,0,0,0,0,
215,124,20,17,2,1,0,0,
247,256,313,0,0,0,0,0,0,0,
0,0,0,0,0,0,0,0,0,0,
0.,0.,0.,
0.,0.,0.,
0.,0.,0.,
0,0,0,0,0,0,0,0,0,0,0,0,0,0,0,0,
216,124,20,17,2,1,0,0,
256,247,187,0,0,0,0,0,0,0,
0,0,0,0,0,0,0,0,0,0,
0.,0.,0.,
0.,0.,0.,
0.,0.,0.,
0,0,0,0,0,0,0,0,0,0,0,0,0,0,0,0,
217,124,20,17,2,1,0,0,
195,153,154,0,0,0,0,0,0,0,
0,0,0,0,0,0,0,0,0,0,
0.,0.,0.,
0.,0.,0.,
0.,0.,0.,
0,0,0,0,0,0,0,0,0,0,0,0,0,0,0,0,
218,124,20,17,2,1,0,0,
229,228,273,0,0,0,0,0,0,0,
0,0,0,0,0,0,0,0,0,0,
0.,0.,0.,
0.,0.,0.,
0.,0.,0.,
0,0,0,0,0,0,0,0,0,0,0,0,0,0,0,0,
219,124,20,17,2,1,0,0,
273,228,314,0,0,0,0,0,0,0,
0,0,0,0,0,0,0,0,0,0,
0.,0.,0.,
0.,0.,0.,
0.,0.,0.,
0,0,0,0,0,0,0,0,0,0,0,0,0,0,0,0,
220,124,20,17,2,1,0,0,
206,204,49,0,0,0,0,0,0,0,
0,0,0,0,0,0,0,0,0,0,
0.,0.,0.,
0.,0.,0.,
0.,0.,0.,
0,0,0,0,0,0,0,0,0,0,0,0,0,0,0,0,
221,124,20,17,2,1,0,0,
204,316,315,0,0,0,0,0,0,0,
0,0,0,0,0,0,0,0,0,0,
0.,0.,0.,
0.,0.,0.,
0.,0.,0.,
0,0,0,0,0,0,0,0,0,0,0,0,0,0,0,0,
222,124,20,17,2,1,0,0,
189,119,118,0,0,0,0,0,0,0,
0,0,0,0,0,0,0,0,0,0,
0.,0.,0.,
0.,0.,0.,
0.,0.,0.,
0,0,0,0,0,0,0,0,0,0,0,0,0,0,0,0,
223,124,20,17,2,1,0,0,
204,50,49,0,0,0,0,0,0,0,
0,0,0,0,0,0,0,0,0,0,
0.,0.,0.,
0.,0.,0.,
0.,0.,0.,
0,0,0,0,0,0,0,0,0,0,0,0,0,0,0,0,
224,124,20,17,2,1,0,0,
50,204,315,0,0,0,0,0,0,0,
0,0,0,0,0,0,0,0,0,0,
0.,0.,0.,
0.,0.,0.,
0.,0.,0.,
0,0,0,0,0,0,0,0,0,0,0,0,0,0,0,0,
225,124,20,17,2,1,0,0,
196,194,125,0,0,0,0,0,0,0,
0,0,0,0,0,0,0,0,0,0,
0.,0.,0.,
0.,0.,0.,
0.,0.,0.,
0,0,0,0,0,0,0,0,0,0,0,0,0,0,0,0,
226,124,20,17,2,1,0,0,
194,126,125,0,0,0,0,0,0,0,
0,0,0,0,0,0,0,0,0,0,
0.,0.,0.,
0.,0.,0.,
0.,0.,0.,
0,0,0,0,0,0,0,0,0,0,0,0,0,0,0,0,
227,124,20,17,2,1,0,0,
317,318,224,0,0,0,0,0,0,0,
0,0,0,0,0,0,0,0,0,0,
0.,0.,0.,
0.,0.,0.,
0.,0.,0.,
0,0,0,0,0,0,0,0,0,0,0,0,0,0,0,0,
228,124,20,17,2,1,0,0,
137,205,138,0,0,0,0,0,0,0,
0,0,0,0,0,0,0,0,0,0,
0.,0.,0.,
0.,0.,0.,
0.,0.,0.,
0,0,0,0,0,0,0,0,0,0,0,0,0,0,0,0,
229,124,20,17,2,1,0,0,
319,213,307,0,0,0,0,0,0,0,
0,0,0,0,0,0,0,0,0,0,
0.,0.,0.,
0.,0.,0.,
0.,0.,0.,
0,0,0,0,0,0,0,0,0,0,0,0,0,0,0,0,
230,124,20,17,2,1,0,0,
307,320,319,0,0,0,0,0,0,0,
0,0,0,0,0,0,0,0,0,0,
0.,0.,0.,
0.,0.,0.,
0.,0.,0.,
0,0,0,0,0,0,0,0,0,0,0,0,0,0,0,0,
231,124,20,17,2,1,0,0,
310,312,321,0,0,0,0,0,0,0,
0,0,0,0,0,0,0,0,0,0,
0.,0.,0.,
0.,0.,0.,
0.,0.,0.,
0,0,0,0,0,0,0,0,0,0,0,0,0,0,0,0,
232,124,20,17,2,1,0,0,
322,321,312,0,0,0,0,0,0,0,
0,0,0,0,0,0,0,0,0,0,
0.,0.,0.,
0.,0.,0.,
0.,0.,0.,
0,0,0,0,0,0,0,0,0,0,0,0,0,0,0,0,
233,124,20,17,2,1,0,0,
323,249,324,0,0,0,0,0,0,0,
0,0,0,0,0,0,0,0,0,0,
0.,0.,0.,
0.,0.,0.,
0.,0.,0.,
0,0,0,0,0,0,0,0,0,0,0,0,0,0,0,0,
234,124,20,17,2,1,0,0,
324,325,323,0,0,0,0,0,0,0,
0,0,0,0,0,0,0,0,0,0,
0.,0.,0.,
0.,0.,0.,
0.,0.,0.,
0,0,0,0,0,0,0,0,0,0,0,0,0,0,0,0,
235,124,20,17,2,1,0,0,
326,226,327,0,0,0,0,0,0,0,
0,0,0,0,0,0,0,0,0,0,
0.,0.,0.,
0.,0.,0.,
0.,0.,0.,
0,0,0,0,0,0,0,0,0,0,0,0,0,0,0,0,
236,124,20,17,2,1,0,0,
318,177,224,0,0,0,0,0,0,0,
0,0,0,0,0,0,0,0,0,0,
0.,0.,0.,
0.,0.,0.,
0.,0.,0.,
0,0,0,0,0,0,0,0,0,0,0,0,0,0,0,0,
237,124,20,17,2,1,0,0,
223,199,326,0,0,0,0,0,0,0,
0,0,0,0,0,0,0,0,0,0,
0.,0.,0.,
0.,0.,0.,
0.,0.,0.,
0,0,0,0,0,0,0,0,0,0,0,0,0,0,0,0,
238,124,20,17,2,1,0,0,
326,308,223,0,0,0,0,0,0,0,
0,0,0,0,0,0,0,0,0,0,
0.,0.,0.,
0.,0.,0.,
0.,0.,0.,
0,0,0,0,0,0,0,0,0,0,0,0,0,0,0,0,
239,124,20,17,2,1,0,0,
328,132,131,0,0,0,0,0,0,0,
0,0,0,0,0,0,0,0,0,0,
0.,0.,0.,
0.,0.,0.,
0.,0.,0.,
0,0,0,0,0,0,0,0,0,0,0,0,0,0,0,0,
240,124,20,17,2,1,0,0,
131,308,328,0,0,0,0,0,0,0,
0,0,0,0,0,0,0,0,0,0,
0.,0.,0.,
0.,0.,0.,
0.,0.,0.,
0,0,0,0,0,0,0,0,0,0,0,0,0,0,0,0,
241,124,20,17,2,1,0,0,
239,240,329,0,0,0,0,0,0,0,
0,0,0,0,0,0,0,0,0,0,
0.,0.,0.,
0.,0.,0.,
0.,0.,0.,
0,0,0,0,0,0,0,0,0,0,0,0,0,0,0,0,
242,124,20,17,2,1,0,0,
303,210,330,0,0,0,0,0,0,0,
0,0,0,0,0,0,0,0,0,0,
0.,0.,0.,
0.,0.,0.,
0.,0.,0.,
0,0,0,0,0,0,0,0,0,0,0,0,0,0,0,0,
243,124,20,17,2,1,0,0,
301,331,300,0,0,0,0,0,0,0,
0,0,0,0,0,0,0,0,0,0,
0.,0.,0.,
0.,0.,0.,
0.,0.,0.,
0,0,0,0,0,0,0,0,0,0,0,0,0,0,0,0,
244,124,20,17,2,1,0,0,
135,300,331,0,0,0,0,0,0,0,
0,0,0,0,0,0,0,0,0,0,
0.,0.,0.,
0.,0.,0.,
0.,0.,0.,
0,0,0,0,0,0,0,0,0,0,0,0,0,0,0,0,
245,124,20,17,2,1,0,0,
256,332,313,0,0,0,0,0,0,0,
0,0,0,0,0,0,0,0,0,0,
0.,0.,0.,
0.,0.,0.,
0.,0.,0.,
0,0,0,0,0,0,0,0,0,0,0,0,0,0,0,0,
246,124,20,17,2,1,0,0,
327,319,328,0,0,0,0,0,0,0,
0,0,0,0,0,0,0,0,0,0,
0.,0.,0.,
0.,0.,0.,
0.,0.,0.,
0,0,0,0,0,0,0,0,0,0,0,0,0,0,0,0,
247,124,20,17,2,1,0,0,
213,319,327,0,0,0,0,0,0,0,
0,0,0,0,0,0,0,0,0,0,
0.,0.,0.,
0.,0.,0.,
0.,0.,0.,
0,0,0,0,0,0,0,0,0,0,0,0,0,0,0,0,
248,124,20,17,2,1,0,0,
306,295,296,0,0,0,0,0,0,0,
0,0,0,0,0,0,0,0,0,0,
0.,0.,0.,
0.,0.,0.,
0.,0.,0.,
0,0,0,0,0,0,0,0,0,0,0,0,0,0,0,0,
249,124,20,17,2,1,0,0,
294,295,150,0,0,0,0,0,0,0,
0,0,0,0,0,0,0,0,0,0,
0.,0.,0.,
0.,0.,0.,
0.,0.,0.,
0,0,0,0,0,0,0,0,0,0,0,0,0,0,0,0,
250,124,20,17,2,1,0,0,
293,313,332,0,0,0,0,0,0,0,
0,0,0,0,0,0,0,0,0,0,
0.,0.,0.,
0.,0.,0.,
0.,0.,0.,
0,0,0,0,0,0,0,0,0,0,0,0,0,0,0,0,
251,124,20,17,2,1,0,0,
17,293,332,0,0,0,0,0,0,0,
0,0,0,0,0,0,0,0,0,0,
0.,0.,0.,
0.,0.,0.,
0.,0.,0.,
0,0,0,0,0,0,0,0,0,0,0,0,0,0,0,0,
252,124,20,17,2,1,0,0,
311,245,246,0,0,0,0,0,0,0,
0,0,0,0,0,0,0,0,0,0,
0.,0.,0.,
0.,0.,0.,
0.,0.,0.,
0,0,0,0,0,0,0,0,0,0,0,0,0,0,0,0,
253,124,20,17,2,1,0,0,
246,166,311,0,0,0,0,0,0,0,
0,0,0,0,0,0,0,0,0,0,
0.,0.,0.,
0.,0.,0.,
0.,0.,0.,
0,0,0,0,0,0,0,0,0,0,0,0,0,0,0,0,
254,124,20,17,2,1,0,0,
320,307,302,0,0,0,0,0,0,0,
0,0,0,0,0,0,0,0,0,0,
0.,0.,0.,
0.,0.,0.,
0.,0.,0.,
0,0,0,0,0,0,0,0,0,0,0,0,0,0,0,0,
255,124,20,17,2,1,0,0,
302,300,320,0,0,0,0,0,0,0,
0,0,0,0,0,0,0,0,0,0,
0.,0.,0.,
0.,0.,0.,
0.,0.,0.,
0,0,0,0,0,0,0,0,0,0,0,0,0,0,0,0,
256,124,20,17,2,1,0,0,
134,320,300,0,0,0,0,0,0,0,
0,0,0,0,0,0,0,0,0,0,
0.,0.,0.,
0.,0.,0.,
0.,0.,0.,
0,0,0,0,0,0,0,0,0,0,0,0,0,0,0,0,
257,124,20,17,2,1,0,0,
280,250,183,0,0,0,0,0,0,0,
0,0,0,0,0,0,0,0,0,0,
0.,0.,0.,
0.,0.,0.,
0.,0.,0.,
0,0,0,0,0,0,0,0,0,0,0,0,0,0,0,0,
258,124,20,17,2,1,0,0,
183,250,182,0,0,0,0,0,0,0,
0,0,0,0,0,0,0,0,0,0,
0.,0.,0.,
0.,0.,0.,
0.,0.,0.,
0,0,0,0,0,0,0,0,0,0,0,0,0,0,0,0,
259,124,20,17,2,1,0,0,
324,249,253,0,0,0,0,0,0,0,
0,0,0,0,0,0,0,0,0,0,
0.,0.,0.,
0.,0.,0.,
0.,0.,0.,
0,0,0,0,0,0,0,0,0,0,0,0,0,0,0,0,
260,124,20,17,2,1,0,0,
132,328,319,0,0,0,0,0,0,0,
0,0,0,0,0,0,0,0,0,0,
0.,0.,0.,
0.,0.,0.,
0.,0.,0.,
0,0,0,0,0,0,0,0,0,0,0,0,0,0,0,0,
261,124,20,17,2,1,0,0,
323,325,180,0,0,0,0,0,0,0,
0,0,0,0,0,0,0,0,0,0,
0.,0.,0.,
0.,0.,0.,
0.,0.,0.,
0,0,0,0,0,0,0,0,0,0,0,0,0,0,0,0,
262,124,20,17,2,1,0,0,
319,133,132,0,0,0,0,0,0,0,
0,0,0,0,0,0,0,0,0,0,
0.,0.,0.,
0.,0.,0.,
0.,0.,0.,
0,0,0,0,0,0,0,0,0,0,0,0,0,0,0,0,
263,124,20,17,2,1,0,0,
190,275,209,0,0,0,0,0,0,0,
0,0,0,0,0,0,0,0,0,0,
0.,0.,0.,
0.,0.,0.,
0.,0.,0.,
0,0,0,0,0,0,0,0,0,0,0,0,0,0,0,0,
264,124,20,17,2,1,0,0,
276,209,275,0,0,0,0,0,0,0,
0,0,0,0,0,0,0,0,0,0,
0.,0.,0.,
0.,0.,0.,
0.,0.,0.,
0,0,0,0,0,0,0,0,0,0,0,0,0,0,0,0,
265,124,20,17,2,1,0,0,
186,184,333,0,0,0,0,0,0,0,
0,0,0,0,0,0,0,0,0,0,
0.,0.,0.,
0.,0.,0.,
0.,0.,0.,
0,0,0,0,0,0,0,0,0,0,0,0,0,0,0,0,
266,124,20,17,2,1,0,0,
333,184,297,0,0,0,0,0,0,0,
0,0,0,0,0,0,0,0,0,0,
0.,0.,0.,
0.,0.,0.,
0.,0.,0.,
0,0,0,0,0,0,0,0,0,0,0,0,0,0,0,0,
267,124,20,17,2,1,0,0,
226,227,327,0,0,0,0,0,0,0,
0,0,0,0,0,0,0,0,0,0,
0.,0.,0.,
0.,0.,0.,
0.,0.,0.,
0,0,0,0,0,0,0,0,0,0,0,0,0,0,0,0,
268,124,20,17,2,1,0,0,
214,234,304,0,0,0,0,0,0,0,
0,0,0,0,0,0,0,0,0,0,
0.,0.,0.,
0.,0.,0.,
0.,0.,0.,
0,0,0,0,0,0,0,0,0,0,0,0,0,0,0,0,
269,124,20,17,2,1,0,0,
249,323,248,0,0,0,0,0,0,0,
0,0,0,0,0,0,0,0,0,0,
0.,0.,0.,
0.,0.,0.,
0.,0.,0.,
0,0,0,0,0,0,0,0,0,0,0,0,0,0,0,0,
270,124,20,17,2,1,0,0,
181,248,323,0,0,0,0,0,0,0,
0,0,0,0,0,0,0,0,0,0,
0.,0.,0.,
0.,0.,0.,
0.,0.,0.,
0,0,0,0,0,0,0,0,0,0,0,0,0,0,0,0,
271,124,20,17,2,1,0,0,
227,212,327,0,0,0,0,0,0,0,
0,0,0,0,0,0,0,0,0,0,
0.,0.,0.,
0.,0.,0.,
0.,0.,0.,
0,0,0,0,0,0,0,0,0,0,0,0,0,0,0,0,
272,124,20,17,2,1,0,0,
274,271,272,0,0,0,0,0,0,0,
0,0,0,0,0,0,0,0,0,0,
0.,0.,0.,
0.,0.,0.,
0.,0.,0.,
0,0,0,0,0,0,0,0,0,0,0,0,0,0,0,0,
273,124,20,17,2,1,0,0,
271,274,157,0,0,0,0,0,0,0,
0,0,0,0,0,0,0,0,0,0,
0.,0.,0.,
0.,0.,0.,
0.,0.,0.,
0,0,0,0,0,0,0,0,0,0,0,0,0,0,0,0,
274,124,20,17,2,1,0,0,
305,259,257,0,0,0,0,0,0,0,
0,0,0,0,0,0,0,0,0,0,
0.,0.,0.,
0.,0.,0.,
0.,0.,0.,
0,0,0,0,0,0,0,0,0,0,0,0,0,0,0,0,
275,124,20,17,2,1,0,0,
310,321,334,0,0,0,0,0,0,0,
0,0,0,0,0,0,0,0,0,0,
0.,0.,0.,
0.,0.,0.,
0.,0.,0.,
0,0,0,0,0,0,0,0,0,0,0,0,0,0,0,0,
276,124,20,17,2,1,0,0,
256,185,332,0,0,0,0,0,0,0,
0,0,0,0,0,0,0,0,0,0,
0.,0.,0.,
0.,0.,0.,
0.,0.,0.,
0,0,0,0,0,0,0,0,0,0,0,0,0,0,0,0,
277,124,20,17,2,1,0,0,
322,312,168,0,0,0,0,0,0,0,
0,0,0,0,0,0,0,0,0,0,
0.,0.,0.,
0.,0.,0.,
0.,0.,0.,
0,0,0,0,0,0,0,0,0,0,0,0,0,0,0,0,
278,124,20,17,2,1,0,0,
332,185,104,0,0,0,0,0,0,0,
0,0,0,0,0,0,0,0,0,0,
0.,0.,0.,
0.,0.,0.,
0.,0.,0.,
0,0,0,0,0,0,0,0,0,0,0,0,0,0,0,0,
279,124,20,17,2,1,0,0,
313,293,289,0,0,0,0,0,0,0,
0,0,0,0,0,0,0,0,0,0,
0.,0.,0.,
0.,0.,0.,
0.,0.,0.,
0,0,0,0,0,0,0,0,0,0,0,0,0,0,0,0,
280,124,20,17,2,1,0,0,
226,326,199,0,0,0,0,0,0,0,
0,0,0,0,0,0,0,0,0,0,
0.,0.,0.,
0.,0.,0.,
0.,0.,0.,
0,0,0,0,0,0,0,0,0,0,0,0,0,0,0,0,
281,124,20,17,2,1,0,0,
209,276,210,0,0,0,0,0,0,0,
0,0,0,0,0,0,0,0,0,0,
0.,0.,0.,
0.,0.,0.,
0.,0.,0.,
0,0,0,0,0,0,0,0,0,0,0,0,0,0,0,0,
282,124,20,17,2,1,0,0,
226,98,97,0,0,0,0,0,0,0,
0,0,0,0,0,0,0,0,0,0,
0.,0.,0.,
0.,0.,0.,
0.,0.,0.,
0,0,0,0,0,0,0,0,0,0,0,0,0,0,0,0,
283,124,20,17,2,1,0,0,
330,210,276,0,0,0,0,0,0,0,
0,0,0,0,0,0,0,0,0,0,
0.,0.,0.,
0.,0.,0.,
0.,0.,0.,
0,0,0,0,0,0,0,0,0,0,0,0,0,0,0,0,
284,124,20,17,2,1,0,0,
324,335,325,0,0,0,0,0,0,0,
0,0,0,0,0,0,0,0,0,0,
0.,0.,0.,
0.,0.,0.,
0.,0.,0.,
0,0,0,0,0,0,0,0,0,0,0,0,0,0,0,0,
285,124,20,17,2,1,0,0,
105,185,186,0,0,0,0,0,0,0,
0,0,0,0,0,0,0,0,0,0,
0.,0.,0.,
0.,0.,0.,
0.,0.,0.,
0,0,0,0,0,0,0,0,0,0,0,0,0,0,0,0,
286,124,20,17,2,1,0,0,
274,156,157,0,0,0,0,0,0,0,
0,0,0,0,0,0,0,0,0,0,
0.,0.,0.,
0.,0.,0.,
0.,0.,0.,
0,0,0,0,0,0,0,0,0,0,0,0,0,0,0,0,
287,124,20,17,2,1,0,0,
252,254,273,0,0,0,0,0,0,0,
0,0,0,0,0,0,0,0,0,0,
0.,0.,0.,
0.,0.,0.,
0.,0.,0.,
0,0,0,0,0,0,0,0,0,0,0,0,0,0,0,0,
288,124,20,17,2,1,0,0,
252,273,253,0,0,0,0,0,0,0,
0,0,0,0,0,0,0,0,0,0,
0.,0.,0.,
0.,0.,0.,
0.,0.,0.,
0,0,0,0,0,0,0,0,0,0,0,0,0,0,0,0,
289,124,20,17,2,1,0,0,
327,328,326,0,0,0,0,0,0,0,
0,0,0,0,0,0,0,0,0,0,
0.,0.,0.,
0.,0.,0.,
0.,0.,0.,
0,0,0,0,0,0,0,0,0,0,0,0,0,0,0,0,
290,124,20,17,2,1,0,0,
281,217,215,0,0,0,0,0,0,0,
0,0,0,0,0,0,0,0,0,0,
0.,0.,0.,
0.,0.,0.,
0.,0.,0.,
0,0,0,0,0,0,0,0,0,0,0,0,0,0,0,0,
291,124,20,17,2,1,0,0,
110,281,215,0,0,0,0,0,0,0,
0,0,0,0,0,0,0,0,0,0,
0.,0.,0.,
0.,0.,0.,
0.,0.,0.,
0,0,0,0,0,0,0,0,0,0,0,0,0,0,0,0,
292,124,20,17,2,1,0,0,
216,336,218,0,0,0,0,0,0,0,
0,0,0,0,0,0,0,0,0,0,
0.,0.,0.,
0.,0.,0.,
0.,0.,0.,
0,0,0,0,0,0,0,0,0,0,0,0,0,0,0,0,
293,124,20,17,2,1,0,0,
290,262,337,0,0,0,0,0,0,0,
0,0,0,0,0,0,0,0,0,0,
0.,0.,0.,
0.,0.,0.,
0.,0.,0.,
0,0,0,0,0,0,0,0,0,0,0,0,0,0,0,0,
294,124,20,17,2,1,0,0,
290,337,338,0,0,0,0,0,0,0,
0,0,0,0,0,0,0,0,0,0,
0.,0.,0.,
0.,0.,0.,
0.,0.,0.,
0,0,0,0,0,0,0,0,0,0,0,0,0,0,0,0,
295,124,20,17,2,1,0,0,
262,290,291,0,0,0,0,0,0,0,
0,0,0,0,0,0,0,0,0,0,
0.,0.,0.,
0.,0.,0.,
0.,0.,0.,
0,0,0,0,0,0,0,0,0,0,0,0,0,0,0,0,
296,124,20,17,2,1,0,0,
336,339,218,0,0,0,0,0,0,0,
0,0,0,0,0,0,0,0,0,0,
0.,0.,0.,
0.,0.,0.,
0.,0.,0.,
0,0,0,0,0,0,0,0,0,0,0,0,0,0,0,0,
297,124,20,17,2,1,0,0,
284,221,222,0,0,0,0,0,0,0,
0,0,0,0,0,0,0,0,0,0,
0.,0.,0.,
0.,0.,0.,
0.,0.,0.,
0,0,0,0,0,0,0,0,0,0,0,0,0,0,0,0,
298,124,20,17,2,1,0,0,
202,102,101,0,0,0,0,0,0,0,
0,0,0,0,0,0,0,0,0,0,
0.,0.,0.,
0.,0.,0.,
0.,0.,0.,
0,0,0,0,0,0,0,0,0,0,0,0,0,0,0,0,
299,124,20,17,2,1,0,0,
198,200,197,0,0,0,0,0,0,0,
0,0,0,0,0,0,0,0,0,0,
0.,0.,0.,
0.,0.,0.,
0.,0.,0.,
0,0,0,0,0,0,0,0,0,0,0,0,0,0,0,0,
300,124,20,17,2,1,0,0,
203,188,197,0,0,0,0,0,0,0,
0,0,0,0,0,0,0,0,0,0,
0.,0.,0.,
0.,0.,0.,
0.,0.,0.,
0,0,0,0,0,0,0,0,0,0,0,0,0,0,0,0,
301,124,20,17,2,1,0,0,
197,201,144,0,0,0,0,0,0,0,
0,0,0,0,0,0,0,0,0,0,
0.,0.,0.,
0.,0.,0.,
0.,0.,0.,
0,0,0,0,0,0,0,0,0,0,0,0,0,0,0,0,
302,124,20,17,2,1,0,0,
338,340,194,0,0,0,0,0,0,0,
0,0,0,0,0,0,0,0,0,0,
0.,0.,0.,
0.,0.,0.,
0.,0.,0.,
0,0,0,0,0,0,0,0,0,0,0,0,0,0,0,0,
303,124,20,17,2,1,0,0,
340,126,194,0,0,0,0,0,0,0,
0,0,0,0,0,0,0,0,0,0,
0.,0.,0.,
0.,0.,0.,
0.,0.,0.,
0,0,0,0,0,0,0,0,0,0,0,0,0,0,0,0,
304,124,20,17,2,1,0,0,
341,241,239,0,0,0,0,0,0,0,
0,0,0,0,0,0,0,0,0,0,
0.,0.,0.,
0.,0.,0.,
0.,0.,0.,
0,0,0,0,0,0,0,0,0,0,0,0,0,0,0,0,
305,124,20,17,2,1,0,0,
317,341,239,0,0,0,0,0,0,0,
0,0,0,0,0,0,0,0,0,0,
0.,0.,0.,
0.,0.,0.,
0.,0.,0.,
0,0,0,0,0,0,0,0,0,0,0,0,0,0,0,0,
306,124,20,17,2,1,0,0,
146,147,211,0,0,0,0,0,0,0,
0,0,0,0,0,0,0,0,0,0,
0.,0.,0.,
0.,0.,0.,
0.,0.,0.,
0,0,0,0,0,0,0,0,0,0,0,0,0,0,0,0,
307,124,20,17,2,1,0,0,
247,165,246,0,0,0,0,0,0,0,
0,0,0,0,0,0,0,0,0,0,
0.,0.,0.,
0.,0.,0.,
0.,0.,0.,
0,0,0,0,0,0,0,0,0,0,0,0,0,0,0,0,
308,124,20,17,2,1,0,0,
242,219,198,0,0,0,0,0,0,0,
0,0,0,0,0,0,0,0,0,0,
0.,0.,0.,
0.,0.,0.,
0.,0.,0.,
0,0,0,0,0,0,0,0,0,0,0,0,0,0,0,0,
309,124,20,17,2,1,0,0,
220,219,242,0,0,0,0,0,0,0,
0,0,0,0,0,0,0,0,0,0,
0.,0.,0.,
0.,0.,0.,
0.,0.,0.,
0,0,0,0,0,0,0,0,0,0,0,0,0,0,0,0,
310,124,20,17,2,1,0,0,
220,242,115,0,0,0,0,0,0,0,
0,0,0,0,0,0,0,0,0,0,
0.,0.,0.,
0.,0.,0.,
0.,0.,0.,
0,0,0,0,0,0,0,0,0,0,0,0,0,0,0,0,
311,124,20,17,2,1,0,0,
285,342,337,0,0,0,0,0,0,0,
0,0,0,0,0,0,0,0,0,0,
0.,0.,0.,
0.,0.,0.,
0.,0.,0.,
0,0,0,0,0,0,0,0,0,0,0,0,0,0,0,0,
312,124,20,17,2,1,0,0,
285,337,264,0,0,0,0,0,0,0,
0,0,0,0,0,0,0,0,0,0,
0.,0.,0.,
0.,0.,0.,
0.,0.,0.,
0,0,0,0,0,0,0,0,0,0,0,0,0,0,0,0,
313,124,20,17,2,1,0,0,
297,310,334,0,0,0,0,0,0,0,
0,0,0,0,0,0,0,0,0,0,
0.,0.,0.,
0.,0.,0.,
0.,0.,0.,
0,0,0,0,0,0,0,0,0,0,0,0,0,0,0,0,
314,124,20,17,2,1,0,0,
297,334,333,0,0,0,0,0,0,0,
0,0,0,0,0,0,0,0,0,0,
0.,0.,0.,
0.,0.,0.,
0.,0.,0.,
0,0,0,0,0,0,0,0,0,0,0,0,0,0,0,0,
315,124,20,17,2,1,0,0,
115,242,116,0,0,0,0,0,0,0,
0,0,0,0,0,0,0,0,0,0,
0.,0.,0.,
0.,0.,0.,
0.,0.,0.,
0,0,0,0,0,0,0,0,0,0,0,0,0,0,0,0,
316,124,20,17,2,1,0,0,
243,280,139,0,0,0,0,0,0,0,
0,0,0,0,0,0,0,0,0,0,
0.,0.,0.,
0.,0.,0.,
0.,0.,0.,
0,0,0,0,0,0,0,0,0,0,0,0,0,0,0,0,
317,124,20,17,2,1,0,0,
243,251,280,0,0,0,0,0,0,0,
0,0,0,0,0,0,0,0,0,0,
0.,0.,0.,
0.,0.,0.,
0.,0.,0.,
0,0,0,0,0,0,0,0,0,0,0,0,0,0,0,0,
318,124,20,17,2,1,0,0,
250,280,251,0,0,0,0,0,0,0,
0,0,0,0,0,0,0,0,0,0,
0.,0.,0.,
0.,0.,0.,
0.,0.,0.,
0,0,0,0,0,0,0,0,0,0,0,0,0,0,0,0,
319,124,20,17,2,1,0,0,
227,343,212,0,0,0,0,0,0,0,
0,0,0,0,0,0,0,0,0,0,
0.,0.,0.,
0.,0.,0.,
0.,0.,0.,
0,0,0,0,0,0,0,0,0,0,0,0,0,0,0,0,
320,124,20,17,2,1,0,0,
254,142,229,0,0,0,0,0,0,0,
0,0,0,0,0,0,0,0,0,0,
0.,0.,0.,
0.,0.,0.,
0.,0.,0.,
0,0,0,0,0,0,0,0,0,0,0,0,0,0,0,0,
321,124,20,17,2,1,0,0,
142,143,229,0,0,0,0,0,0,0,
0,0,0,0,0,0,0,0,0,0,
0.,0.,0.,
0.,0.,0.,
0.,0.,0.,
0,0,0,0,0,0,0,0,0,0,0,0,0,0,0,0,
322,124,20,17,2,1,0,0,
212,343,214,0,0,0,0,0,0,0,
0,0,0,0,0,0,0,0,0,0,
0.,0.,0.,
0.,0.,0.,
0.,0.,0.,
0,0,0,0,0,0,0,0,0,0,0,0,0,0,0,0,
323,124,20,17,2,1,0,0,
110,215,111,0,0,0,0,0,0,0,
0,0,0,0,0,0,0,0,0,0,
0.,0.,0.,
0.,0.,0.,
0.,0.,0.,
0,0,0,0,0,0,0,0,0,0,0,0,0,0,0,0,
324,124,20,17,2,1,0,0,
344,219,218,0,0,0,0,0,0,0,
0,0,0,0,0,0,0,0,0,0,
0.,0.,0.,
0.,0.,0.,
0.,0.,0.,
0,0,0,0,0,0,0,0,0,0,0,0,0,0,0,0,
325,124,20,17,2,1,0,0,
218,345,344,0,0,0,0,0,0,0,
0,0,0,0,0,0,0,0,0,0,
0.,0.,0.,
0.,0.,0.,
0.,0.,0.,
0,0,0,0,0,0,0,0,0,0,0,0,0,0,0,0,
326,124,20,17,2,1,0,0,
289,164,313,0,0,0,0,0,0,0,
0,0,0,0,0,0,0,0,0,0,
0.,0.,0.,
0.,0.,0.,
0.,0.,0.,
0,0,0,0,0,0,0,0,0,0,0,0,0,0,0,0,
327,124,20,17,2,1,0,0,
235,234,343,0,0,0,0,0,0,0,
0,0,0,0,0,0,0,0,0,0,
0.,0.,0.,
0.,0.,0.,
0.,0.,0.,
0,0,0,0,0,0,0,0,0,0,0,0,0,0,0,0,
328,124,20,17,2,1,0,0,
343,234,214,0,0,0,0,0,0,0,
0,0,0,0,0,0,0,0,0,0,
0.,0.,0.,
0.,0.,0.,
0.,0.,0.,
0,0,0,0,0,0,0,0,0,0,0,0,0,0,0,0,
329,124,20,17,2,1,0,0,
235,343,91,0,0,0,0,0,0,0,
0,0,0,0,0,0,0,0,0,0,
0.,0.,0.,
0.,0.,0.,
0.,0.,0.,
0,0,0,0,0,0,0,0,0,0,0,0,0,0,0,0,
330,124,20,17,2,1,0,0,
200,344,237,0,0,0,0,0,0,0,
0,0,0,0,0,0,0,0,0,0,
0.,0.,0.,
0.,0.,0.,
0.,0.,0.,
0,0,0,0,0,0,0,0,0,0,0,0,0,0,0,0,
331,124,20,17,2,1,0,0,
344,200,219,0,0,0,0,0,0,0,
0,0,0,0,0,0,0,0,0,0,
0.,0.,0.,
0.,0.,0.,
0.,0.,0.,
0,0,0,0,0,0,0,0,0,0,0,0,0,0,0,0,
332,124,20,17,2,1,0,0,
247,313,164,0,0,0,0,0,0,0,
0,0,0,0,0,0,0,0,0,0,
0.,0.,0.,
0.,0.,0.,
0.,0.,0.,
0,0,0,0,0,0,0,0,0,0,0,0,0,0,0,0,
333,124,20,17,2,1,0,0,
165,247,164,0,0,0,0,0,0,0,
0,0,0,0,0,0,0,0,0,0,
0.,0.,0.,
0.,0.,0.,
0.,0.,0.,
0,0,0,0,0,0,0,0,0,0,0,0,0,0,0,0,
334,124,20,17,2,1,0,0,
265,286,221,0,0,0,0,0,0,0,
0,0,0,0,0,0,0,0,0,0,
0.,0.,0.,
0.,0.,0.,
0.,0.,0.,
0,0,0,0,0,0,0,0,0,0,0,0,0,0,0,0,
335,124,20,17,2,1,0,0,
221,287,10,0,0,0,0,0,0,0,
0,0,0,0,0,0,0,0,0,0,
0.,0.,0.,
0.,0.,0.,
0.,0.,0.,
0,0,0,0,0,0,0,0,0,0,0,0,0,0,0,0,
336,124,20,17,2,1,0,0,
306,69,295,0,0,0,0,0,0,0,
0,0,0,0,0,0,0,0,0,0,
0.,0.,0.,
0.,0.,0.,
0.,0.,0.,
0,0,0,0,0,0,0,0,0,0,0,0,0,0,0,0,
337,124,20,17,2,1,0,0,
13,295,69,0,0,0,0,0,0,0,
0,0,0,0,0,0,0,0,0,0,
0.,0.,0.,
0.,0.,0.,
0.,0.,0.,
0,0,0,0,0,0,0,0,0,0,0,0,0,0,0,0,
338,124,20,17,2,1,0,0,
343,92,91,0,0,0,0,0,0,0,
0,0,0,0,0,0,0,0,0,0,
0.,0.,0.,
0.,0.,0.,
0.,0.,0.,
0,0,0,0,0,0,0,0,0,0,0,0,0,0,0,0,
339,124,20,17,2,1,0,0,
271,157,158,0,0,0,0,0,0,0,
0,0,0,0,0,0,0,0,0,0,
0.,0.,0.,
0.,0.,0.,
0.,0.,0.,
0,0,0,0,0,0,0,0,0,0,0,0,0,0,0,0,
340,124,20,17,2,1,0,0,
7,271,158,0,0,0,0,0,0,0,
0,0,0,0,0,0,0,0,0,0,
0.,0.,0.,
0.,0.,0.,
0.,0.,0.,
0,0,0,0,0,0,0,0,0,0,0,0,0,0,0,0,
341,124,20,17,2,1,0,0,
128,284,129,0,0,0,0,0,0,0,
0,0,0,0,0,0,0,0,0,0,
0.,0.,0.,
0.,0.,0.,
0.,0.,0.,
0,0,0,0,0,0,0,0,0,0,0,0,0,0,0,0,
342,124,20,17,2,1,0,0,
307,213,214,0,0,0,0,0,0,0,
0,0,0,0,0,0,0,0,0,0,
0.,0.,0.,
0.,0.,0.,
0.,0.,0.,
0,0,0,0,0,0,0,0,0,0,0,0,0,0,0,0,
343,124,20,17,2,1,0,0,
192,152,4,0,0,0,0,0,0,0,
0,0,0,0,0,0,0,0,0,0,
0.,0.,0.,
0.,0.,0.,
0.,0.,0.,
0,0,0,0,0,0,0,0,0,0,0,0,0,0,0,0,
344,124,20,17,2,1,0,0,
301,346,331,0,0,0,0,0,0,0,
0,0,0,0,0,0,0,0,0,0,
0.,0.,0.,
0.,0.,0.,
0.,0.,0.,
0,0,0,0,0,0,0,0,0,0,0,0,0,0,0,0,
345,124,20,17,2,1,0,0,
331,346,136,0,0,0,0,0,0,0,
0,0,0,0,0,0,0,0,0,0,
0.,0.,0.,
0.,0.,0.,
0.,0.,0.,
0,0,0,0,0,0,0,0,0,0,0,0,0,0,0,0,
346,124,20,17,2,1,0,0,
55,192,4,0,0,0,0,0,0,0,
0,0,0,0,0,0,0,0,0,0,
0.,0.,0.,
0.,0.,0.,
0.,0.,0.,
0,0,0,0,0,0,0,0,0,0,0,0,0,0,0,0,
347,124,20,17,2,1,0,0,
198,219,200,0,0,0,0,0,0,0,
0,0,0,0,0,0,0,0,0,0,
0.,0.,0.,
0.,0.,0.,
0.,0.,0.,
0,0,0,0,0,0,0,0,0,0,0,0,0,0,0,0,
348,124,20,17,2,1,0,0,
111,215,112,0,0,0,0,0,0,0,
0,0,0,0,0,0,0,0,0,0,
0.,0.,0.,
0.,0.,0.,
0.,0.,0.,
0,0,0,0,0,0,0,0,0,0,0,0,0,0,0,0,
349,124,20,17,2,1,0,0,
113,215,220,0,0,0,0,0,0,0,
0,0,0,0,0,0,0,0,0,0,
0.,0.,0.,
0.,0.,0.,
0.,0.,0.,
0,0,0,0,0,0,0,0,0,0,0,0,0,0,0,0,
350,124,20,17,2,1,0,0,
298,203,197,0,0,0,0,0,0,0,
0,0,0,0,0,0,0,0,0,0,
0.,0.,0.,
0.,0.,0.,
0.,0.,0.,
0,0,0,0,0,0,0,0,0,0,0,0,0,0,0,0,
351,124,20,17,2,1,0,0,
244,186,333,0,0,0,0,0,0,0,
0,0,0,0,0,0,0,0,0,0,
0.,0.,0.,
0.,0.,0.,
0.,0.,0.,
0,0,0,0,0,0,0,0,0,0,0,0,0,0,0,0,
352,124,20,17,2,1,0,0,
244,333,347,0,0,0,0,0,0,0,
0,0,0,0,0,0,0,0,0,0,
0.,0.,0.,
0.,0.,0.,
0.,0.,0.,
0,0,0,0,0,0,0,0,0,0,0,0,0,0,0,0,
353,124,20,17,2,1,0,0,
213,327,212,0,0,0,0,0,0,0,
0,0,0,0,0,0,0,0,0,0,
0.,0.,0.,
0.,0.,0.,
0.,0.,0.,
0,0,0,0,0,0,0,0,0,0,0,0,0,0,0,0,
354,124,20,17,2,1,0,0,
237,228,201,0,0,0,0,0,0,0,
0,0,0,0,0,0,0,0,0,0,
0.,0.,0.,
0.,0.,0.,
0.,0.,0.,
0,0,0,0,0,0,0,0,0,0,0,0,0,0,0,0,
355,124,20,17,2,1,0,0,
304,210,303,0,0,0,0,0,0,0,
0,0,0,0,0,0,0,0,0,0,
0.,0.,0.,
0.,0.,0.,
0.,0.,0.,
0,0,0,0,0,0,0,0,0,0,0,0,0,0,0,0,
356,124,20,17,2,1,0,0,
210,234,208,0,0,0,0,0,0,0,
0,0,0,0,0,0,0,0,0,0,
0.,0.,0.,
0.,0.,0.,
0.,0.,0.,
0,0,0,0,0,0,0,0,0,0,0,0,0,0,0,0,
357,124,20,17,2,1,0,0,
304,234,210,0,0,0,0,0,0,0,
0,0,0,0,0,0,0,0,0,0,
0.,0.,0.,
0.,0.,0.,
0.,0.,0.,
0,0,0,0,0,0,0,0,0,0,0,0,0,0,0,0,
358,124,20,17,2,1,0,0,
196,125,18,0,0,0,0,0,0,0,
0,0,0,0,0,0,0,0,0,0,
0.,0.,0.,
0.,0.,0.,
0.,0.,0.,
0,0,0,0,0,0,0,0,0,0,0,0,0,0,0,0,
359,124,20,17,2,1,0,0,
309,267,52,0,0,0,0,0,0,0,
0,0,0,0,0,0,0,0,0,0,
0.,0.,0.,
0.,0.,0.,
0.,0.,0.,
0,0,0,0,0,0,0,0,0,0,0,0,0,0,0,0,
360,124,20,17,2,1,0,0,
348,346,303,0,0,0,0,0,0,0,
0,0,0,0,0,0,0,0,0,0,
0.,0.,0.,
0.,0.,0.,
0.,0.,0.,
0,0,0,0,0,0,0,0,0,0,0,0,0,0,0,0,
361,124,20,17,2,1,0,0,
201,200,237,0,0,0,0,0,0,0,
0,0,0,0,0,0,0,0,0,0,
0.,0.,0.,
0.,0.,0.,
0.,0.,0.,
0,0,0,0,0,0,0,0,0,0,0,0,0,0,0,0,
362,124,20,17,2,1,0,0,
349,350,240,0,0,0,0,0,0,0,
0,0,0,0,0,0,0,0,0,0,
0.,0.,0.,
0.,0.,0.,
0.,0.,0.,
0,0,0,0,0,0,0,0,0,0,0,0,0,0,0,0,
363,124,20,17,2,1,0,0,
188,121,120,0,0,0,0,0,0,0,
0,0,0,0,0,0,0,0,0,0,
0.,0.,0.,
0.,0.,0.,
0.,0.,0.,
0,0,0,0,0,0,0,0,0,0,0,0,0,0,0,0,
364,124,20,17,2,1,0,0,
347,333,334,0,0,0,0,0,0,0,
0,0,0,0,0,0,0,0,0,0,
0.,0.,0.,
0.,0.,0.,
0.,0.,0.,
0,0,0,0,0,0,0,0,0,0,0,0,0,0,0,0,
365,124,20,17,2,1,0,0,
215,113,112,0,0,0,0,0,0,0,
0,0,0,0,0,0,0,0,0,0,
0.,0.,0.,
0.,0.,0.,
0.,0.,0.,
0,0,0,0,0,0,0,0,0,0,0,0,0,0,0,0,
366,124,20,17,2,1,0,0,
138,206,3,0,0,0,0,0,0,0,
0,0,0,0,0,0,0,0,0,0,
0.,0.,0.,
0.,0.,0.,
0.,0.,0.,
0,0,0,0,0,0,0,0,0,0,0,0,0,0,0,0,
367,124,20,17,2,1,0,0,
206,48,3,0,0,0,0,0,0,0,
0,0,0,0,0,0,0,0,0,0,
0.,0.,0.,
0.,0.,0.,
0.,0.,0.,
0,0,0,0,0,0,0,0,0,0,0,0,0,0,0,0,
368,124,20,17,2,1,0,0,
150,295,149,0,0,0,0,0,0,0,
0,0,0,0,0,0,0,0,0,0,
0.,0.,0.,
0.,0.,0.,
0.,0.,0.,
0,0,0,0,0,0,0,0,0,0,0,0,0,0,0,0,
369,124,20,17,2,1,0,0,
295,13,149,0,0,0,0,0,0,0,
0,0,0,0,0,0,0,0,0,0,
0.,0.,0.,
0.,0.,0.,
0.,0.,0.,
0,0,0,0,0,0,0,0,0,0,0,0,0,0,0,0,
370,124,20,17,2,1,0,0,
244,281,108,0,0,0,0,0,0,0,
0,0,0,0,0,0,0,0,0,0,
0.,0.,0.,
0.,0.,0.,
0.,0.,0.,
0,0,0,0,0,0,0,0,0,0,0,0,0,0,0,0,
371,124,20,17,2,1,0,0,
281,109,108,0,0,0,0,0,0,0,
0,0,0,0,0,0,0,0,0,0,
0.,0.,0.,
0.,0.,0.,
0.,0.,0.,
0,0,0,0,0,0,0,0,0,0,0,0,0,0,0,0,
372,124,20,17,2,1,0,0,
281,110,109,0,0,0,0,0,0,0,
0,0,0,0,0,0,0,0,0,0,
0.,0.,0.,
0.,0.,0.,
0.,0.,0.,
0,0,0,0,0,0,0,0,0,0,0,0,0,0,0,0,
373,124,20,17,2,1,0,0,
335,225,325,0,0,0,0,0,0,0,
0,0,0,0,0,0,0,0,0,0,
0.,0.,0.,
0.,0.,0.,
0.,0.,0.,
0,0,0,0,0,0,0,0,0,0,0,0,0,0,0,0,
374,124,20,17,2,1,0,0,
225,179,325,0,0,0,0,0,0,0,
0,0,0,0,0,0,0,0,0,0,
0.,0.,0.,
0.,0.,0.,
0.,0.,0.,
0,0,0,0,0,0,0,0,0,0,0,0,0,0,0,0,
375,124,20,17,2,1,0,0,
197,144,145,0,0,0,0,0,0,0,
0,0,0,0,0,0,0,0,0,0,
0.,0.,0.,
0.,0.,0.,
0.,0.,0.,
0,0,0,0,0,0,0,0,0,0,0,0,0,0,0,0,
376,124,20,17,2,1,0,0,
69,306,68,0,0,0,0,0,0,0,
0,0,0,0,0,0,0,0,0,0,
0.,0.,0.,
0.,0.,0.,
0.,0.,0.,
0,0,0,0,0,0,0,0,0,0,0,0,0,0,0,0,
377,124,20,17,2,1,0,0,
306,11,68,0,0,0,0,0,0,0,
0,0,0,0,0,0,0,0,0,0,
0.,0.,0.,
0.,0.,0.,
0.,0.,0.,
0,0,0,0,0,0,0,0,0,0,0,0,0,0,0,0,
378,124,20,17,2,1,0,0,
227,94,343,0,0,0,0,0,0,0,
0,0,0,0,0,0,0,0,0,0,
0.,0.,0.,
0.,0.,0.,
0.,0.,0.,
0,0,0,0,0,0,0,0,0,0,0,0,0,0,0,0,
379,124,20,17,2,1,0,0,
227,95,94,0,0,0,0,0,0,0,
0,0,0,0,0,0,0,0,0,0,
0.,0.,0.,
0.,0.,0.,
0.,0.,0.,
0,0,0,0,0,0,0,0,0,0,0,0,0,0,0,0,
380,124,20,17,2,1,0,0,
350,349,351,0,0,0,0,0,0,0,
0,0,0,0,0,0,0,0,0,0,
0.,0.,0.,
0.,0.,0.,
0.,0.,0.,
0,0,0,0,0,0,0,0,0,0,0,0,0,0,0,0,
381,124,20,17,2,1,0,0,
153,196,18,0,0,0,0,0,0,0,
0,0,0,0,0,0,0,0,0,0,
0.,0.,0.,
0.,0.,0.,
0.,0.,0.,
0,0,0,0,0,0,0,0,0,0,0,0,0,0,0,0,
382,124,20,17,2,1,0,0,
11,306,190,0,0,0,0,0,0,0,
0,0,0,0,0,0,0,0,0,0,
0.,0.,0.,
0.,0.,0.,
0.,0.,0.,
0,0,0,0,0,0,0,0,0,0,0,0,0,0,0,0,
383,124,20,17,2,1,0,0,
305,190,306,0,0,0,0,0,0,0,
0,0,0,0,0,0,0,0,0,0,
0.,0.,0.,
0.,0.,0.,
0.,0.,0.,
0,0,0,0,0,0,0,0,0,0,0,0,0,0,0,0,
384,124,20,17,2,1,0,0,
275,190,305,0,0,0,0,0,0,0,
0,0,0,0,0,0,0,0,0,0,
0.,0.,0.,
0.,0.,0.,
0.,0.,0.,
0,0,0,0,0,0,0,0,0,0,0,0,0,0,0,0,
385,124,20,17,2,1,0,0,
328,308,326,0,0,0,0,0,0,0,
0,0,0,0,0,0,0,0,0,0,
0.,0.,0.,
0.,0.,0.,
0.,0.,0.,
0,0,0,0,0,0,0,0,0,0,0,0,0,0,0,0,
386,124,20,17,2,1,0,0,
321,231,233,0,0,0,0,0,0,0,
0,0,0,0,0,0,0,0,0,0,
0.,0.,0.,
0.,0.,0.,
0.,0.,0.,
0,0,0,0,0,0,0,0,0,0,0,0,0,0,0,0,
387,124,20,17,2,1,0,0,
321,233,352,0,0,0,0,0,0,0,
0,0,0,0,0,0,0,0,0,0,
0.,0.,0.,
0.,0.,0.,
0.,0.,0.,
0,0,0,0,0,0,0,0,0,0,0,0,0,0,0,0,
388,124,20,17,2,1,0,0,
230,231,322,0,0,0,0,0,0,0,
0,0,0,0,0,0,0,0,0,0,
0.,0.,0.,
0.,0.,0.,
0.,0.,0.,
0,0,0,0,0,0,0,0,0,0,0,0,0,0,0,0,
389,124,20,17,2,1,0,0,
230,322,169,0,0,0,0,0,0,0,
0,0,0,0,0,0,0,0,0,0,
0.,0.,0.,
0.,0.,0.,
0.,0.,0.,
0,0,0,0,0,0,0,0,0,0,0,0,0,0,0,0,
390,124,20,17,2,1,0,0,
11,190,83,0,0,0,0,0,0,0,
0,0,0,0,0,0,0,0,0,0,
0.,0.,0.,
0.,0.,0.,
0.,0.,0.,
0,0,0,0,0,0,0,0,0,0,0,0,0,0,0,0,
391,124,20,17,2,1,0,0,
353,335,354,0,0,0,0,0,0,0,
0,0,0,0,0,0,0,0,0,0,
0.,0.,0.,
0.,0.,0.,
0.,0.,0.,
0,0,0,0,0,0,0,0,0,0,0,0,0,0,0,0,
392,124,20,17,2,1,0,0,
238,353,354,0,0,0,0,0,0,0,
0,0,0,0,0,0,0,0,0,0,
0.,0.,0.,
0.,0.,0.,
0.,0.,0.,
0,0,0,0,0,0,0,0,0,0,0,0,0,0,0,0,
393,124,20,17,2,1,0,0,
189,242,198,0,0,0,0,0,0,0,
0,0,0,0,0,0,0,0,0,0,
0.,0.,0.,
0.,0.,0.,
0.,0.,0.,
0,0,0,0,0,0,0,0,0,0,0,0,0,0,0,0,
394,124,20,17,2,1,0,0,
146,211,203,0,0,0,0,0,0,0,
0,0,0,0,0,0,0,0,0,0,
0.,0.,0.,
0.,0.,0.,
0.,0.,0.,
0,0,0,0,0,0,0,0,0,0,0,0,0,0,0,0,
395,124,20,17,2,1,0,0,
281,244,282,0,0,0,0,0,0,0,
0,0,0,0,0,0,0,0,0,0,
0.,0.,0.,
0.,0.,0.,
0.,0.,0.,
0,0,0,0,0,0,0,0,0,0,0,0,0,0,0,0,
396,124,20,17,2,1,0,0,
244,347,282,0,0,0,0,0,0,0,
0,0,0,0,0,0,0,0,0,0,
0.,0.,0.,
0.,0.,0.,
0.,0.,0.,
0,0,0,0,0,0,0,0,0,0,0,0,0,0,0,0,
397,124,20,17,2,1,0,0,
202,10,103,0,0,0,0,0,0,0,
0,0,0,0,0,0,0,0,0,0,
0.,0.,0.,
0.,0.,0.,
0.,0.,0.,
0,0,0,0,0,0,0,0,0,0,0,0,0,0,0,0,
398,124,20,17,2,1,0,0,
209,207,190,0,0,0,0,0,0,0,
0,0,0,0,0,0,0,0,0,0,
0.,0.,0.,
0.,0.,0.,
0.,0.,0.,
0,0,0,0,0,0,0,0,0,0,0,0,0,0,0,0,
399,124,20,17,2,1,0,0,
199,100,99,0,0,0,0,0,0,0,
0,0,0,0,0,0,0,0,0,0,
0.,0.,0.,
0.,0.,0.,
0.,0.,0.,
0,0,0,0,0,0,0,0,0,0,0,0,0,0,0,0,
400,124,20,17,2,1,0,0,
207,85,190,0,0,0,0,0,0,0,
0,0,0,0,0,0,0,0,0,0,
0.,0.,0.,
0.,0.,0.,
0.,0.,0.,
0,0,0,0,0,0,0,0,0,0,0,0,0,0,0,0,
401,124,20,17,2,1,0,0,
351,355,350,0,0,0,0,0,0,0,
0,0,0,0,0,0,0,0,0,0,
0.,0.,0.,
0.,0.,0.,
0.,0.,0.,
0,0,0,0,0,0,0,0,0,0,0,0,0,0,0,0,
402,124,20,17,2,1,0,0,
350,355,356,0,0,0,0,0,0,0,
0,0,0,0,0,0,0,0,0,0,
0.,0.,0.,
0.,0.,0.,
0.,0.,0.,
0,0,0,0,0,0,0,0,0,0,0,0,0,0,0,0,
403,124,20,17,2,1,0,0,
190,85,84,0,0,0,0,0,0,0,
0,0,0,0,0,0,0,0,0,0,
0.,0.,0.,
0.,0.,0.,
0.,0.,0.,
0,0,0,0,0,0,0,0,0,0,0,0,0,0,0,0,
404,124,20,17,2,1,0,0,
343,94,93,0,0,0,0,0,0,0,
0,0,0,0,0,0,0,0,0,0,
0.,0.,0.,
0.,0.,0.,
0.,0.,0.,
0,0,0,0,0,0,0,0,0,0,0,0,0,0,0,0,
405,124,20,17,2,1,0,0,
161,357,160,0,0,0,0,0,0,0,
0,0,0,0,0,0,0,0,0,0,
0.,0.,0.,
0.,0.,0.,
0.,0.,0.,
0,0,0,0,0,0,0,0,0,0,0,0,0,0,0,0,
406,124,20,17,2,1,0,0,
73,357,72,0,0,0,0,0,0,0,
0,0,0,0,0,0,0,0,0,0,
0.,0.,0.,
0.,0.,0.,
0.,0.,0.,
0,0,0,0,0,0,0,0,0,0,0,0,0,0,0,0,
407,124,20,17,2,1,0,0,
124,211,16,0,0,0,0,0,0,0,
0,0,0,0,0,0,0,0,0,0,
0.,0.,0.,
0.,0.,0.,
0.,0.,0.,
0,0,0,0,0,0,0,0,0,0,0,0,0,0,0,0,
408,124,20,17,2,1,0,0,
85,207,86,0,0,0,0,0,0,0,
0,0,0,0,0,0,0,0,0,0,
0.,0.,0.,
0.,0.,0.,
0.,0.,0.,
0,0,0,0,0,0,0,0,0,0,0,0,0,0,0,0,
409,124,20,17,2,1,0,0,
358,225,335,0,0,0,0,0,0,0,
0,0,0,0,0,0,0,0,0,0,
0.,0.,0.,
0.,0.,0.,
0.,0.,0.,
0,0,0,0,0,0,0,0,0,0,0,0,0,0,0,0,
410,124,20,17,2,1,0,0,
334,321,352,0,0,0,0,0,0,0,
0,0,0,0,0,0,0,0,0,0,
0.,0.,0.,
0.,0.,0.,
0.,0.,0.,
0,0,0,0,0,0,0,0,0,0,0,0,0,0,0,0,
411,124,20,17,2,1,0,0,
334,352,347,0,0,0,0,0,0,0,
0,0,0,0,0,0,0,0,0,0,
0.,0.,0.,
0.,0.,0.,
0.,0.,0.,
0,0,0,0,0,0,0,0,0,0,0,0,0,0,0,0,
412,124,20,17,2,1,0,0,
231,321,322,0,0,0,0,0,0,0,
0,0,0,0,0,0,0,0,0,0,
0.,0.,0.,
0.,0.,0.,
0.,0.,0.,
0,0,0,0,0,0,0,0,0,0,0,0,0,0,0,0,
413,124,20,17,2,1,0,0,
225,358,224,0,0,0,0,0,0,0,
0,0,0,0,0,0,0,0,0,0,
0.,0.,0.,
0.,0.,0.,
0.,0.,0.,
0,0,0,0,0,0,0,0,0,0,0,0,0,0,0,0,
414,124,20,17,2,1,0,0,
353,238,359,0,0,0,0,0,0,0,
0,0,0,0,0,0,0,0,0,0,
0.,0.,0.,
0.,0.,0.,
0.,0.,0.,
0,0,0,0,0,0,0,0,0,0,0,0,0,0,0,0,
415,124,20,17,2,1,0,0,
353,358,335,0,0,0,0,0,0,0,
0,0,0,0,0,0,0,0,0,0,
0.,0.,0.,
0.,0.,0.,
0.,0.,0.,
0,0,0,0,0,0,0,0,0,0,0,0,0,0,0,0,
416,124,20,17,2,1,0,0,
358,353,359,0,0,0,0,0,0,0,
0,0,0,0,0,0,0,0,0,0,
0.,0.,0.,
0.,0.,0.,
0.,0.,0.,
0,0,0,0,0,0,0,0,0,0,0,0,0,0,0,0,
417,124,20,17,2,1,0,0,
354,324,314,0,0,0,0,0,0,0,
0,0,0,0,0,0,0,0,0,0,
0.,0.,0.,
0.,0.,0.,
0.,0.,0.,
0,0,0,0,0,0,0,0,0,0,0,0,0,0,0,0,
418,124,20,17,2,1,0,0,
202,221,10,0,0,0,0,0,0,0,
0,0,0,0,0,0,0,0,0,0,
0.,0.,0.,
0.,0.,0.,
0.,0.,0.,
0,0,0,0,0,0,0,0,0,0,0,0,0,0,0,0,
419,124,20,17,2,1,0,0,
324,354,335,0,0,0,0,0,0,0,
0,0,0,0,0,0,0,0,0,0,
0.,0.,0.,
0.,0.,0.,
0.,0.,0.,
0,0,0,0,0,0,0,0,0,0,0,0,0,0,0,0,
420,124,20,17,2,1,0,0,
288,263,272,0,0,0,0,0,0,0,
0,0,0,0,0,0,0,0,0,0,
0.,0.,0.,
0.,0.,0.,
0.,0.,0.,
0,0,0,0,0,0,0,0,0,0,0,0,0,0,0,0,
421,124,20,17,2,1,0,0,
238,354,314,0,0,0,0,0,0,0,
0,0,0,0,0,0,0,0,0,0,
0.,0.,0.,
0.,0.,0.,
0.,0.,0.,
0,0,0,0,0,0,0,0,0,0,0,0,0,0,0,0,
422,124,20,17,2,1,0,0,
282,347,352,0,0,0,0,0,0,0,
0,0,0,0,0,0,0,0,0,0,
0.,0.,0.,
0.,0.,0.,
0.,0.,0.,
0,0,0,0,0,0,0,0,0,0,0,0,0,0,0,0,
423,124,20,17,2,1,0,0,
288,265,263,0,0,0,0,0,0,0,
0,0,0,0,0,0,0,0,0,0,
0.,0.,0.,
0.,0.,0.,
0.,0.,0.,
0,0,0,0,0,0,0,0,0,0,0,0,0,0,0,0,
424,124,20,17,2,1,0,0,
244,108,107,0,0,0,0,0,0,0,
0,0,0,0,0,0,0,0,0,0,
0.,0.,0.,
0.,0.,0.,
0.,0.,0.,
0,0,0,0,0,0,0,0,0,0,0,0,0,0,0,0,
425,124,20,17,2,1,0,0,
169,322,168,0,0,0,0,0,0,0,
0,0,0,0,0,0,0,0,0,0,
0.,0.,0.,
0.,0.,0.,
0.,0.,0.,
0,0,0,0,0,0,0,0,0,0,0,0,0,0,0,0,
426,124,20,17,2,1,0,0,
220,115,114,0,0,0,0,0,0,0,
0,0,0,0,0,0,0,0,0,0,
0.,0.,0.,
0.,0.,0.,
0.,0.,0.,
0,0,0,0,0,0,0,0,0,0,0,0,0,0,0,0,
427,124,20,17,2,1,0,0,
52,267,53,0,0,0,0,0,0,0,
0,0,0,0,0,0,0,0,0,0,
0.,0.,0.,
0.,0.,0.,
0.,0.,0.,
0,0,0,0,0,0,0,0,0,0,0,0,0,0,0,0,
428,124,20,17,2,1,0,0,
257,360,330,0,0,0,0,0,0,0,
0,0,0,0,0,0,0,0,0,0,
0.,0.,0.,
0.,0.,0.,
0.,0.,0.,
0,0,0,0,0,0,0,0,0,0,0,0,0,0,0,0,
429,124,20,17,2,1,0,0,
257,330,276,0,0,0,0,0,0,0,
0,0,0,0,0,0,0,0,0,0,
0.,0.,0.,
0.,0.,0.,
0.,0.,0.,
0,0,0,0,0,0,0,0,0,0,0,0,0,0,0,0,
430,124,20,17,2,1,0,0,
260,309,315,0,0,0,0,0,0,0,
0,0,0,0,0,0,0,0,0,0,
0.,0.,0.,
0.,0.,0.,
0.,0.,0.,
0,0,0,0,0,0,0,0,0,0,0,0,0,0,0,0,
431,124,20,17,2,1,0,0,
315,309,51,0,0,0,0,0,0,0,
0,0,0,0,0,0,0,0,0,0,
0.,0.,0.,
0.,0.,0.,
0.,0.,0.,
0,0,0,0,0,0,0,0,0,0,0,0,0,0,0,0,
432,124,20,17,2,1,0,0,
344,361,237,0,0,0,0,0,0,0,
0,0,0,0,0,0,0,0,0,0,
0.,0.,0.,
0.,0.,0.,
0.,0.,0.,
0,0,0,0,0,0,0,0,0,0,0,0,0,0,0,0,
433,124,20,17,2,1,0,0,
316,360,260,0,0,0,0,0,0,0,
0,0,0,0,0,0,0,0,0,0,
0.,0.,0.,
0.,0.,0.,
0.,0.,0.,
0,0,0,0,0,0,0,0,0,0,0,0,0,0,0,0,
434,124,20,17,2,1,0,0,
360,316,348,0,0,0,0,0,0,0,
0,0,0,0,0,0,0,0,0,0,
0.,0.,0.,
0.,0.,0.,
0.,0.,0.,
0,0,0,0,0,0,0,0,0,0,0,0,0,0,0,0,
435,124,20,17,2,1,0,0,
360,257,260,0,0,0,0,0,0,0,
0,0,0,0,0,0,0,0,0,0,
0.,0.,0.,
0.,0.,0.,
0.,0.,0.,
0,0,0,0,0,0,0,0,0,0,0,0,0,0,0,0,
436,124,20,17,2,1,0,0,
298,145,146,0,0,0,0,0,0,0,
0,0,0,0,0,0,0,0,0,0,
0.,0.,0.,
0.,0.,0.,
0.,0.,0.,
0,0,0,0,0,0,0,0,0,0,0,0,0,0,0,0,
437,124,20,17,2,1,0,0,
301,303,346,0,0,0,0,0,0,0,
0,0,0,0,0,0,0,0,0,0,
0.,0.,0.,
0.,0.,0.,
0.,0.,0.,
0,0,0,0,0,0,0,0,0,0,0,0,0,0,0,0,
438,124,20,17,2,1,0,0,
51,309,52,0,0,0,0,0,0,0,
0,0,0,0,0,0,0,0,0,0,
0.,0.,0.,
0.,0.,0.,
0.,0.,0.,
0,0,0,0,0,0,0,0,0,0,0,0,0,0,0,0,
439,124,20,17,2,1,0,0,
331,136,135,0,0,0,0,0,0,0,
0,0,0,0,0,0,0,0,0,0,
0.,0.,0.,
0.,0.,0.,
0.,0.,0.,
0,0,0,0,0,0,0,0,0,0,0,0,0,0,0,0,
440,124,20,17,2,1,0,0,
95,227,96,0,0,0,0,0,0,0,
0,0,0,0,0,0,0,0,0,0,
0.,0.,0.,
0.,0.,0.,
0.,0.,0.,
0,0,0,0,0,0,0,0,0,0,0,0,0,0,0,0,
441,124,20,17,2,1,0,0,
233,232,362,0,0,0,0,0,0,0,
0,0,0,0,0,0,0,0,0,0,
0.,0.,0.,
0.,0.,0.,
0.,0.,0.,
0,0,0,0,0,0,0,0,0,0,0,0,0,0,0,0,
442,124,20,17,2,1,0,0,
233,362,283,0,0,0,0,0,0,0,
0,0,0,0,0,0,0,0,0,0,
0.,0.,0.,
0.,0.,0.,
0.,0.,0.,
0,0,0,0,0,0,0,0,0,0,0,0,0,0,0,0,
443,124,20,17,2,1,0,0,
363,232,230,0,0,0,0,0,0,0,
0,0,0,0,0,0,0,0,0,0,
0.,0.,0.,
0.,0.,0.,
0.,0.,0.,
0,0,0,0,0,0,0,0,0,0,0,0,0,0,0,0,
444,124,20,17,2,1,0,0,
363,230,170,0,0,0,0,0,0,0,
0,0,0,0,0,0,0,0,0,0,
0.,0.,0.,
0.,0.,0.,
0.,0.,0.,
0,0,0,0,0,0,0,0,0,0,0,0,0,0,0,0,
445,124,20,17,2,1,0,0,
325,179,180,0,0,0,0,0,0,0,
0,0,0,0,0,0,0,0,0,0,
0.,0.,0.,
0.,0.,0.,
0.,0.,0.,
0,0,0,0,0,0,0,0,0,0,0,0,0,0,0,0,
446,124,20,17,2,1,0,0,
127,342,128,0,0,0,0,0,0,0,
0,0,0,0,0,0,0,0,0,0,
0.,0.,0.,
0.,0.,0.,
0.,0.,0.,
0,0,0,0,0,0,0,0,0,0,0,0,0,0,0,0,
447,124,20,17,2,1,0,0,
168,312,167,0,0,0,0,0,0,0,
0,0,0,0,0,0,0,0,0,0,
0.,0.,0.,
0.,0.,0.,
0.,0.,0.,
0,0,0,0,0,0,0,0,0,0,0,0,0,0,0,0,
448,124,20,17,2,1,0,0,
300,135,134,0,0,0,0,0,0,0,
0,0,0,0,0,0,0,0,0,0,
0.,0.,0.,
0.,0.,0.,
0.,0.,0.,
0,0,0,0,0,0,0,0,0,0,0,0,0,0,0,0,
449,124,20,17,2,1,0,0,
176,318,329,0,0,0,0,0,0,0,
0,0,0,0,0,0,0,0,0,0,
0.,0.,0.,
0.,0.,0.,
0.,0.,0.,
0,0,0,0,0,0,0,0,0,0,0,0,0,0,0,0,
450,124,20,17,2,1,0,0,
116,242,117,0,0,0,0,0,0,0,
0,0,0,0,0,0,0,0,0,0,
0.,0.,0.,
0.,0.,0.,
0.,0.,0.,
0,0,0,0,0,0,0,0,0,0,0,0,0,0,0,0,
451,124,20,17,2,1,0,0,
92,343,93,0,0,0,0,0,0,0,
0,0,0,0,0,0,0,0,0,0,
0.,0.,0.,
0.,0.,0.,
0.,0.,0.,
0,0,0,0,0,0,0,0,0,0,0,0,0,0,0,0,
452,124,20,17,2,1,0,0,
285,264,265,0,0,0,0,0,0,0,
0,0,0,0,0,0,0,0,0,0,
0.,0.,0.,
0.,0.,0.,
0.,0.,0.,
0,0,0,0,0,0,0,0,0,0,0,0,0,0,0,0,
453,124,20,17,2,1,0,0,
235,91,90,0,0,0,0,0,0,0,
0,0,0,0,0,0,0,0,0,0,
0.,0.,0.,
0.,0.,0.,
0.,0.,0.,
0,0,0,0,0,0,0,0,0,0,0,0,0,0,0,0,
454,124,20,17,2,1,0,0,
285,128,342,0,0,0,0,0,0,0,
0,0,0,0,0,0,0,0,0,0,
0.,0.,0.,
0.,0.,0.,
0.,0.,0.,
0,0,0,0,0,0,0,0,0,0,0,0,0,0,0,0,
455,124,20,17,2,1,0,0,
315,51,50,0,0,0,0,0,0,0,
0,0,0,0,0,0,0,0,0,0,
0.,0.,0.,
0.,0.,0.,
0.,0.,0.,
0,0,0,0,0,0,0,0,0,0,0,0,0,0,0,0,
456,124,20,17,2,1,0,0,
352,233,283,0,0,0,0,0,0,0,
0,0,0,0,0,0,0,0,0,0,
0.,0.,0.,
0.,0.,0.,
0.,0.,0.,
0,0,0,0,0,0,0,0,0,0,0,0,0,0,0,0,
457,124,20,17,2,1,0,0,
352,283,282,0,0,0,0,0,0,0,
0,0,0,0,0,0,0,0,0,0,
0.,0.,0.,
0.,0.,0.,
0.,0.,0.,
0,0,0,0,0,0,0,0,0,0,0,0,0,0,0,0,
458,124,20,17,2,1,0,0,
315,316,260,0,0,0,0,0,0,0,
0,0,0,0,0,0,0,0,0,0,
0.,0.,0.,
0.,0.,0.,
0.,0.,0.,
0,0,0,0,0,0,0,0,0,0,0,0,0,0,0,0,
459,124,20,17,2,1,0,0,
329,240,356,0,0,0,0,0,0,0,
0,0,0,0,0,0,0,0,0,0,
0.,0.,0.,
0.,0.,0.,
0.,0.,0.,
0,0,0,0,0,0,0,0,0,0,0,0,0,0,0,0,
460,124,20,17,2,1,0,0,
349,240,241,0,0,0,0,0,0,0,
0,0,0,0,0,0,0,0,0,0,
0.,0.,0.,
0.,0.,0.,
0.,0.,0.,
0,0,0,0,0,0,0,0,0,0,0,0,0,0,0,0,
461,124,20,17,2,1,0,0,
228,238,314,0,0,0,0,0,0,0,
0,0,0,0,0,0,0,0,0,0,
0.,0.,0.,
0.,0.,0.,
0.,0.,0.,
0,0,0,0,0,0,0,0,0,0,0,0,0,0,0,0,
462,124,20,17,2,1,0,0,
323,180,181,0,0,0,0,0,0,0,
0,0,0,0,0,0,0,0,0,0,
0.,0.,0.,
0.,0.,0.,
0.,0.,0.,
0,0,0,0,0,0,0,0,0,0,0,0,0,0,0,0,
463,124,20,17,2,1,0,0,
286,265,288,0,0,0,0,0,0,0,
0,0,0,0,0,0,0,0,0,0,
0.,0.,0.,
0.,0.,0.,
0.,0.,0.,
0,0,0,0,0,0,0,0,0,0,0,0,0,0,0,0,
464,124,20,17,2,1,0,0,
170,230,169,0,0,0,0,0,0,0,
0,0,0,0,0,0,0,0,0,0,
0.,0.,0.,
0.,0.,0.,
0.,0.,0.,
0,0,0,0,0,0,0,0,0,0,0,0,0,0,0,0,
465,124,20,17,2,1,0,0,
239,329,318,0,0,0,0,0,0,0,
0,0,0,0,0,0,0,0,0,0,
0.,0.,0.,
0.,0.,0.,
0.,0.,0.,
0,0,0,0,0,0,0,0,0,0,0,0,0,0,0,0,
466,124,20,17,2,1,0,0,
320,134,133,0,0,0,0,0,0,0,
0,0,0,0,0,0,0,0,0,0,
0.,0.,0.,
0.,0.,0.,
0.,0.,0.,
0,0,0,0,0,0,0,0,0,0,0,0,0,0,0,0,
467,124,20,17,2,1,0,0,
167,311,166,0,0,0,0,0,0,0,
0,0,0,0,0,0,0,0,0,0,
0.,0.,0.,
0.,0.,0.,
0.,0.,0.,
0,0,0,0,0,0,0,0,0,0,0,0,0,0,0,0,
468,124,20,17,2,1,0,0,
261,272,263,0,0,0,0,0,0,0,
0,0,0,0,0,0,0,0,0,0,
0.,0.,0.,
0.,0.,0.,
0.,0.,0.,
0,0,0,0,0,0,0,0,0,0,0,0,0,0,0,0,
469,124,20,17,2,1,0,0,
204,205,316,0,0,0,0,0,0,0,
0,0,0,0,0,0,0,0,0,0,
0.,0.,0.,
0.,0.,0.,
0.,0.,0.,
0,0,0,0,0,0,0,0,0,0,0,0,0,0,0,0,
470,124,20,17,2,1,0,0,
133,319,320,0,0,0,0,0,0,0,
0,0,0,0,0,0,0,0,0,0,
0.,0.,0.,
0.,0.,0.,
0.,0.,0.,
0,0,0,0,0,0,0,0,0,0,0,0,0,0,0,0,
471,124,20,17,2,1,0,0,
318,176,177,0,0,0,0,0,0,0,
0,0,0,0,0,0,0,0,0,0,
0.,0.,0.,
0.,0.,0.,
0.,0.,0.,
0,0,0,0,0,0,0,0,0,0,0,0,0,0,0,0,
472,124,20,17,2,1,0,0,
363,364,232,0,0,0,0,0,0,0,
0,0,0,0,0,0,0,0,0,0,
0.,0.,0.,
0.,0.,0.,
0.,0.,0.,
0,0,0,0,0,0,0,0,0,0,0,0,0,0,0,0,
473,124,20,17,2,1,0,0,
232,364,362,0,0,0,0,0,0,0,
0,0,0,0,0,0,0,0,0,0,
0.,0.,0.,
0.,0.,0.,
0.,0.,0.,
0,0,0,0,0,0,0,0,0,0,0,0,0,0,0,0,
474,124,20,17,2,1,0,0,
362,364,278,0,0,0,0,0,0,0,
0,0,0,0,0,0,0,0,0,0,
0.,0.,0.,
0.,0.,0.,
0.,0.,0.,
0,0,0,0,0,0,0,0,0,0,0,0,0,0,0,0,
475,124,20,17,2,1,0,0,
362,278,277,0,0,0,0,0,0,0,
0,0,0,0,0,0,0,0,0,0,
0.,0.,0.,
0.,0.,0.,
0.,0.,0.,
0,0,0,0,0,0,0,0,0,0,0,0,0,0,0,0,
476,124,20,17,2,1,0,0,
365,364,363,0,0,0,0,0,0,0,
0,0,0,0,0,0,0,0,0,0,
0.,0.,0.,
0.,0.,0.,
0.,0.,0.,
0,0,0,0,0,0,0,0,0,0,0,0,0,0,0,0,
477,124,20,17,2,1,0,0,
365,363,171,0,0,0,0,0,0,0,
0,0,0,0,0,0,0,0,0,0,
0.,0.,0.,
0.,0.,0.,
0.,0.,0.,
0,0,0,0,0,0,0,0,0,0,0,0,0,0,0,0,
478,124,20,17,2,1,0,0,
290,338,195,0,0,0,0,0,0,0,
0,0,0,0,0,0,0,0,0,0,
0.,0.,0.,
0.,0.,0.,
0.,0.,0.,
0,0,0,0,0,0,0,0,0,0,0,0,0,0,0,0,
479,124,20,17,2,1,0,0,
316,266,348,0,0,0,0,0,0,0,
0,0,0,0,0,0,0,0,0,0,
0.,0.,0.,
0.,0.,0.,
0.,0.,0.,
0,0,0,0,0,0,0,0,0,0,0,0,0,0,0,0,
480,124,20,17,2,1,0,0,
266,316,205,0,0,0,0,0,0,0,
0,0,0,0,0,0,0,0,0,0,
0.,0.,0.,
0.,0.,0.,
0.,0.,0.,
0,0,0,0,0,0,0,0,0,0,0,0,0,0,0,0,
481,124,20,17,2,1,0,0,
201,143,144,0,0,0,0,0,0,0,
0,0,0,0,0,0,0,0,0,0,
0.,0.,0.,
0.,0.,0.,
0.,0.,0.,
0,0,0,0,0,0,0,0,0,0,0,0,0,0,0,0,
482,124,20,17,2,1,0,0,
340,127,126,0,0,0,0,0,0,0,
0,0,0,0,0,0,0,0,0,0,
0.,0.,0.,
0.,0.,0.,
0.,0.,0.,
0,0,0,0,0,0,0,0,0,0,0,0,0,0,0,0,
483,124,20,17,2,1,0,0,
340,338,342,0,0,0,0,0,0,0,
0,0,0,0,0,0,0,0,0,0,
0.,0.,0.,
0.,0.,0.,
0.,0.,0.,
0,0,0,0,0,0,0,0,0,0,0,0,0,0,0,0,
484,124,20,17,2,1,0,0,
324,253,314,0,0,0,0,0,0,0,
0,0,0,0,0,0,0,0,0,0,
0.,0.,0.,
0.,0.,0.,
0.,0.,0.,
0,0,0,0,0,0,0,0,0,0,0,0,0,0,0,0,
485,124,20,17,2,1,0,0,
314,253,273,0,0,0,0,0,0,0,
0,0,0,0,0,0,0,0,0,0,
0.,0.,0.,
0.,0.,0.,
0.,0.,0.,
0,0,0,0,0,0,0,0,0,0,0,0,0,0,0,0,
486,124,20,17,2,1,0,0,
127,340,342,0,0,0,0,0,0,0,
0,0,0,0,0,0,0,0,0,0,
0.,0.,0.,
0.,0.,0.,
0.,0.,0.,
0,0,0,0,0,0,0,0,0,0,0,0,0,0,0,0,
487,124,20,17,2,1,0,0,
141,255,140,0,0,0,0,0,0,0,
0,0,0,0,0,0,0,0,0,0,
0.,0.,0.,
0.,0.,0.,
0.,0.,0.,
0,0,0,0,0,0,0,0,0,0,0,0,0,0,0,0,
488,124,20,17,2,1,0,0,
199,99,226,0,0,0,0,0,0,0,
0,0,0,0,0,0,0,0,0,0,
0.,0.,0.,
0.,0.,0.,
0.,0.,0.,
0,0,0,0,0,0,0,0,0,0,0,0,0,0,0,0,
489,124,20,17,2,1,0,0,
341,317,359,0,0,0,0,0,0,0,
0,0,0,0,0,0,0,0,0,0,
0.,0.,0.,
0.,0.,0.,
0.,0.,0.,
0,0,0,0,0,0,0,0,0,0,0,0,0,0,0,0,
490,124,20,17,2,1,0,0,
89,235,90,0,0,0,0,0,0,0,
0,0,0,0,0,0,0,0,0,0,
0.,0.,0.,
0.,0.,0.,
0.,0.,0.,
0,0,0,0,0,0,0,0,0,0,0,0,0,0,0,0,
491,124,20,17,2,1,0,0,
185,105,104,0,0,0,0,0,0,0,
0,0,0,0,0,0,0,0,0,0,
0.,0.,0.,
0.,0.,0.,
0.,0.,0.,
0,0,0,0,0,0,0,0,0,0,0,0,0,0,0,0,
492,124,20,17,2,1,0,0,
291,155,156,0,0,0,0,0,0,0,
0,0,0,0,0,0,0,0,0,0,
0.,0.,0.,
0.,0.,0.,
0.,0.,0.,
0,0,0,0,0,0,0,0,0,0,0,0,0,0,0,0,
493,124,20,17,2,1,0,0,
291,261,262,0,0,0,0,0,0,0,
0,0,0,0,0,0,0,0,0,0,
0.,0.,0.,
0.,0.,0.,
0.,0.,0.,
0,0,0,0,0,0,0,0,0,0,0,0,0,0,0,0,
494,124,20,17,2,1,0,0,
338,337,342,0,0,0,0,0,0,0,
0,0,0,0,0,0,0,0,0,0,
0.,0.,0.,
0.,0.,0.,
0.,0.,0.,
0,0,0,0,0,0,0,0,0,0,0,0,0,0,0,0,
495,124,20,17,2,1,0,0,
264,337,262,0,0,0,0,0,0,0,
0,0,0,0,0,0,0,0,0,0,
0.,0.,0.,
0.,0.,0.,
0.,0.,0.,
0,0,0,0,0,0,0,0,0,0,0,0,0,0,0,0,
496,124,20,17,2,1,0,0,
171,363,170,0,0,0,0,0,0,0,
0,0,0,0,0,0,0,0,0,0,
0.,0.,0.,
0.,0.,0.,
0.,0.,0.,
0,0,0,0,0,0,0,0,0,0,0,0,0,0,0,0,
497,124,20,17,2,1,0,0,
341,361,241,0,0,0,0,0,0,0,
0,0,0,0,0,0,0,0,0,0,
0.,0.,0.,
0.,0.,0.,
0.,0.,0.,
0,0,0,0,0,0,0,0,0,0,0,0,0,0,0,0,
498,124,20,17,2,1,0,0,
283,362,277,0,0,0,0,0,0,0,
0,0,0,0,0,0,0,0,0,0,
0.,0.,0.,
0.,0.,0.,
0.,0.,0.,
0,0,0,0,0,0,0,0,0,0,0,0,0,0,0,0,
499,124,20,17,2,1,0,0,
166,246,165,0,0,0,0,0,0,0,
0,0,0,0,0,0,0,0,0,0,
0.,0.,0.,
0.,0.,0.,
0.,0.,0.,
0,0,0,0,0,0,0,0,0,0,0,0,0,0,0,0,
500,124,20,17,2,1,0,0,
361,341,359,0,0,0,0,0,0,0,
0,0,0,0,0,0,0,0,0,0,
0.,0.,0.,
0.,0.,0.,
0.,0.,0.,
0,0,0,0,0,0,0,0,0,0,0,0,0,0,0,0,
501,124,20,17,2,1,0,0,
8,270,65,0,0,0,0,0,0,0,
0,0,0,0,0,0,0,0,0,0,
0.,0.,0.,
0.,0.,0.,
0.,0.,0.,
0,0,0,0,0,0,0,0,0,0,0,0,0,0,0,0,
502,124,20,17,2,1,0,0,
155,292,154,0,0,0,0,0,0,0,
0,0,0,0,0,0,0,0,0,0,
0.,0.,0.,
0.,0.,0.,
0.,0.,0.,
0,0,0,0,0,0,0,0,0,0,0,0,0,0,0,0,
503,124,20,17,2,1,0,0,
195,292,290,0,0,0,0,0,0,0,
0,0,0,0,0,0,0,0,0,0,
0.,0.,0.,
0.,0.,0.,
0.,0.,0.,
0,0,0,0,0,0,0,0,0,0,0,0,0,0,0,0,
504,124,20,17,2,1,0,0,
292,195,154,0,0,0,0,0,0,0,
0,0,0,0,0,0,0,0,0,0,
0.,0.,0.,
0.,0.,0.,
0.,0.,0.,
0,0,0,0,0,0,0,0,0,0,0,0,0,0,0,0,
505,124,20,17,2,1,0,0,
248,181,182,0,0,0,0,0,0,0,
0,0,0,0,0,0,0,0,0,0,
0.,0.,0.,
0.,0.,0.,
0.,0.,0.,
0,0,0,0,0,0,0,0,0,0,0,0,0,0,0,0,
506,124,20,17,2,1,0,0,
250,248,182,0,0,0,0,0,0,0,
0,0,0,0,0,0,0,0,0,0,
0.,0.,0.,
0.,0.,0.,
0.,0.,0.,
0,0,0,0,0,0,0,0,0,0,0,0,0,0,0,0,
507,124,20,17,2,1,0,0,
317,239,318,0,0,0,0,0,0,0,
0,0,0,0,0,0,0,0,0,0,
0.,0.,0.,
0.,0.,0.,
0.,0.,0.,
0,0,0,0,0,0,0,0,0,0,0,0,0,0,0,0,
508,124,20,17,2,1,0,0,
275,305,257,0,0,0,0,0,0,0,
0,0,0,0,0,0,0,0,0,0,
0.,0.,0.,
0.,0.,0.,
0.,0.,0.,
0,0,0,0,0,0,0,0,0,0,0,0,0,0,0,0,
509,124,20,17,2,1,0,0,
365,366,364,0,0,0,0,0,0,0,
0,0,0,0,0,0,0,0,0,0,
0.,0.,0.,
0.,0.,0.,
0.,0.,0.,
0,0,0,0,0,0,0,0,0,0,0,0,0,0,0,0,
510,124,20,17,2,1,0,0,
364,366,278,0,0,0,0,0,0,0,
0,0,0,0,0,0,0,0,0,0,
0.,0.,0.,
0.,0.,0.,
0.,0.,0.,
0,0,0,0,0,0,0,0,0,0,0,0,0,0,0,0,
511,124,20,17,2,1,0,0,
278,366,279,0,0,0,0,0,0,0,
0,0,0,0,0,0,0,0,0,0,
0.,0.,0.,
0.,0.,0.,
0.,0.,0.,
0,0,0,0,0,0,0,0,0,0,0,0,0,0,0,0,
512,124,20,17,2,1,0,0,
194,195,338,0,0,0,0,0,0,0,
0,0,0,0,0,0,0,0,0,0,
0.,0.,0.,
0.,0.,0.,
0.,0.,0.,
0,0,0,0,0,0,0,0,0,0,0,0,0,0,0,0,
513,124,20,17,2,1,0,0,
367,366,365,0,0,0,0,0,0,0,
0,0,0,0,0,0,0,0,0,0,
0.,0.,0.,
0.,0.,0.,
0.,0.,0.,
0,0,0,0,0,0,0,0,0,0,0,0,0,0,0,0,
514,124,20,17,2,1,0,0,
367,365,172,0,0,0,0,0,0,0,
0,0,0,0,0,0,0,0,0,0,
0.,0.,0.,
0.,0.,0.,
0.,0.,0.,
0,0,0,0,0,0,0,0,0,0,0,0,0,0,0,0,
515,124,20,17,2,1,0,0,
236,361,359,0,0,0,0,0,0,0,
0,0,0,0,0,0,0,0,0,0,
0.,0.,0.,
0.,0.,0.,
0.,0.,0.,
0,0,0,0,0,0,0,0,0,0,0,0,0,0,0,0,
516,124,20,17,2,1,0,0,
361,236,237,0,0,0,0,0,0,0,
0,0,0,0,0,0,0,0,0,0,
0.,0.,0.,
0.,0.,0.,
0.,0.,0.,
0,0,0,0,0,0,0,0,0,0,0,0,0,0,0,0,
517,124,20,17,2,1,0,0,
86,207,87,0,0,0,0,0,0,0,
0,0,0,0,0,0,0,0,0,0,
0.,0.,0.,
0.,0.,0.,
0.,0.,0.,
0,0,0,0,0,0,0,0,0,0,0,0,0,0,0,0,
518,124,20,17,2,1,0,0,
359,317,358,0,0,0,0,0,0,0,
0,0,0,0,0,0,0,0,0,0,
0.,0.,0.,
0.,0.,0.,
0.,0.,0.,
0,0,0,0,0,0,0,0,0,0,0,0,0,0,0,0,
519,124,20,17,2,1,0,0,
238,236,359,0,0,0,0,0,0,0,
0,0,0,0,0,0,0,0,0,0,
0.,0.,0.,
0.,0.,0.,
0.,0.,0.,
0,0,0,0,0,0,0,0,0,0,0,0,0,0,0,0,
520,124,20,17,2,1,0,0,
330,348,303,0,0,0,0,0,0,0,
0,0,0,0,0,0,0,0,0,0,
0.,0.,0.,
0.,0.,0.,
0.,0.,0.,
0,0,0,0,0,0,0,0,0,0,0,0,0,0,0,0,
521,124,20,17,2,1,0,0,
172,365,171,0,0,0,0,0,0,0,
0,0,0,0,0,0,0,0,0,0,
0.,0.,0.,
0.,0.,0.,
0.,0.,0.,
0,0,0,0,0,0,0,0,0,0,0,0,0,0,0,0,
522,124,20,17,2,1,0,0,
164,289,163,0,0,0,0,0,0,0,
0,0,0,0,0,0,0,0,0,0,
0.,0.,0.,
0.,0.,0.,
0.,0.,0.,
0,0,0,0,0,0,0,0,0,0,0,0,0,0,0,0,
523,124,20,17,2,1,0,0,
332,104,17,0,0,0,0,0,0,0,
0,0,0,0,0,0,0,0,0,0,
0.,0.,0.,
0.,0.,0.,
0.,0.,0.,
0,0,0,0,0,0,0,0,0,0,0,0,0,0,0,0,
524,124,20,17,2,1,0,0,
348,330,360,0,0,0,0,0,0,0,
0,0,0,0,0,0,0,0,0,0,
0.,0.,0.,
0.,0.,0.,
0.,0.,0.,
0,0,0,0,0,0,0,0,0,0,0,0,0,0,0,0,
525,124,20,17,2,1,0,0,
10,287,67,0,0,0,0,0,0,0,
0,0,0,0,0,0,0,0,0,0,
0.,0.,0.,
0.,0.,0.,
0.,0.,0.,
0,0,0,0,0,0,0,0,0,0,0,0,0,0,0,0,
526,124,20,17,2,1,0,0,
287,66,67,0,0,0,0,0,0,0,
0,0,0,0,0,0,0,0,0,0,
0.,0.,0.,
0.,0.,0.,
0.,0.,0.,
0,0,0,0,0,0,0,0,0,0,0,0,0,0,0,0,
527,124,20,17,2,1,0,0,
346,348,266,0,0,0,0,0,0,0,
0,0,0,0,0,0,0,0,0,0,
0.,0.,0.,
0.,0.,0.,
0.,0.,0.,
0,0,0,0,0,0,0,0,0,0,0,0,0,0,0,0,
528,124,20,17,2,1,0,0,
346,266,136,0,0,0,0,0,0,0,
0,0,0,0,0,0,0,0,0,0,
0.,0.,0.,
0.,0.,0.,
0.,0.,0.,
0,0,0,0,0,0,0,0,0,0,0,0,0,0,0,0,
529,124,20,17,2,1,0,0,
151,294,150,0,0,0,0,0,0,0,
0,0,0,0,0,0,0,0,0,0,
0.,0.,0.,
0.,0.,0.,
0.,0.,0.,
0,0,0,0,0,0,0,0,0,0,0,0,0,0,0,0,
530,124,20,17,2,1,0,0,
294,151,269,0,0,0,0,0,0,0,
0,0,0,0,0,0,0,0,0,0,
0.,0.,0.,
0.,0.,0.,
0.,0.,0.,
0,0,0,0,0,0,0,0,0,0,0,0,0,0,0,0,
531,124,20,17,2,1,0,0,
54,192,55,0,0,0,0,0,0,0,
0,0,0,0,0,0,0,0,0,0,
0.,0.,0.,
0.,0.,0.,
0.,0.,0.,
0,0,0,0,0,0,0,0,0,0,0,0,0,0,0,0,
532,124,20,17,2,1,0,0,
367,368,366,0,0,0,0,0,0,0,
0,0,0,0,0,0,0,0,0,0,
0.,0.,0.,
0.,0.,0.,
0.,0.,0.,
0,0,0,0,0,0,0,0,0,0,0,0,0,0,0,0,
533,124,20,17,2,1,0,0,
366,368,279,0,0,0,0,0,0,0,
0,0,0,0,0,0,0,0,0,0,
0.,0.,0.,
0.,0.,0.,
0.,0.,0.,
0,0,0,0,0,0,0,0,0,0,0,0,0,0,0,0,
534,124,20,17,2,1,0,0,
279,368,336,0,0,0,0,0,0,0,
0,0,0,0,0,0,0,0,0,0,
0.,0.,0.,
0.,0.,0.,
0.,0.,0.,
0,0,0,0,0,0,0,0,0,0,0,0,0,0,0,0,
535,124,20,17,2,1,0,0,
279,336,216,0,0,0,0,0,0,0,
0,0,0,0,0,0,0,0,0,0,
0.,0.,0.,
0.,0.,0.,
0.,0.,0.,
0,0,0,0,0,0,0,0,0,0,0,0,0,0,0,0,
536,124,20,17,2,1,0,0,
355,368,367,0,0,0,0,0,0,0,
0,0,0,0,0,0,0,0,0,0,
0.,0.,0.,
0.,0.,0.,
0.,0.,0.,
0,0,0,0,0,0,0,0,0,0,0,0,0,0,0,0,
537,124,20,17,2,1,0,0,
355,367,173,0,0,0,0,0,0,0,
0,0,0,0,0,0,0,0,0,0,
0.,0.,0.,
0.,0.,0.,
0.,0.,0.,
0,0,0,0,0,0,0,0,0,0,0,0,0,0,0,0,
538,124,20,17,2,1,0,0,
317,224,358,0,0,0,0,0,0,0,
0,0,0,0,0,0,0,0,0,0,
0.,0.,0.,
0.,0.,0.,
0.,0.,0.,
0,0,0,0,0,0,0,0,0,0,0,0,0,0,0,0,
539,124,20,17,2,1,0,0,
261,291,274,0,0,0,0,0,0,0,
0,0,0,0,0,0,0,0,0,0,
0.,0.,0.,
0.,0.,0.,
0.,0.,0.,
0,0,0,0,0,0,0,0,0,0,0,0,0,0,0,0,
540,124,20,17,2,1,0,0,
274,291,156,0,0,0,0,0,0,0,
0,0,0,0,0,0,0,0,0,0,
0.,0.,0.,
0.,0.,0.,
0.,0.,0.,
0,0,0,0,0,0,0,0,0,0,0,0,0,0,0,0,
541,124,20,17,2,1,0,0,
173,367,172,0,0,0,0,0,0,0,
0,0,0,0,0,0,0,0,0,0,
0.,0.,0.,
0.,0.,0.,
0.,0.,0.,
0,0,0,0,0,0,0,0,0,0,0,0,0,0,0,0,
542,124,20,17,2,1,0,0,
336,351,339,0,0,0,0,0,0,0,
0,0,0,0,0,0,0,0,0,0,
0.,0.,0.,
0.,0.,0.,
0.,0.,0.,
0,0,0,0,0,0,0,0,0,0,0,0,0,0,0,0,
543,124,20,17,2,1,0,0,
162,299,161,0,0,0,0,0,0,0,
0,0,0,0,0,0,0,0,0,0,
0.,0.,0.,
0.,0.,0.,
0.,0.,0.,
0,0,0,0,0,0,0,0,0,0,0,0,0,0,0,0,
544,124,20,17,2,1,0,0,
72,299,15,0,0,0,0,0,0,0,
0,0,0,0,0,0,0,0,0,0,
0.,0.,0.,
0.,0.,0.,
0.,0.,0.,
0,0,0,0,0,0,0,0,0,0,0,0,0,0,0,0,
545,124,20,17,2,1,0,0,
226,99,98,0,0,0,0,0,0,0,
0,0,0,0,0,0,0,0,0,0,
0.,0.,0.,
0.,0.,0.,
0.,0.,0.,
0,0,0,0,0,0,0,0,0,0,0,0,0,0,0,0,
546,124,20,17,2,1,0,0,
356,355,174,0,0,0,0,0,0,0,
0,0,0,0,0,0,0,0,0,0,
0.,0.,0.,
0.,0.,0.,
0.,0.,0.,
0,0,0,0,0,0,0,0,0,0,0,0,0,0,0,0,
547,124,20,17,2,1,0,0,
355,351,368,0,0,0,0,0,0,0,
0,0,0,0,0,0,0,0,0,0,
0.,0.,0.,
0.,0.,0.,
0.,0.,0.,
0,0,0,0,0,0,0,0,0,0,0,0,0,0,0,0,
548,124,20,17,2,1,0,0,
368,351,336,0,0,0,0,0,0,0,
0,0,0,0,0,0,0,0,0,0,
0.,0.,0.,
0.,0.,0.,
0.,0.,0.,
0,0,0,0,0,0,0,0,0,0,0,0,0,0,0,0,
549,124,20,17,2,1,0,0,
243,140,255,0,0,0,0,0,0,0,
0,0,0,0,0,0,0,0,0,0,
0.,0.,0.,
0.,0.,0.,
0.,0.,0.,
0,0,0,0,0,0,0,0,0,0,0,0,0,0,0,0,
550,124,20,17,2,1,0,0,
224,177,178,0,0,0,0,0,0,0,
0,0,0,0,0,0,0,0,0,0,
0.,0.,0.,
0.,0.,0.,
0.,0.,0.,
0,0,0,0,0,0,0,0,0,0,0,0,0,0,0,0,
551,124,20,17,2,1,0,0,
339,349,345,0,0,0,0,0,0,0,
0,0,0,0,0,0,0,0,0,0,
0.,0.,0.,
0.,0.,0.,
0.,0.,0.,
0,0,0,0,0,0,0,0,0,0,0,0,0,0,0,0,
552,124,20,17,2,1,0,0,
174,355,173,0,0,0,0,0,0,0,
0,0,0,0,0,0,0,0,0,0,
0.,0.,0.,
0.,0.,0.,
0.,0.,0.,
0,0,0,0,0,0,0,0,0,0,0,0,0,0,0,0,
553,124,20,17,2,1,0,0,
339,345,218,0,0,0,0,0,0,0,
0,0,0,0,0,0,0,0,0,0,
0.,0.,0.,
0.,0.,0.,
0.,0.,0.,
0,0,0,0,0,0,0,0,0,0,0,0,0,0,0,0,
554,124,20,17,2,1,0,0,
175,356,174,0,0,0,0,0,0,0,
0,0,0,0,0,0,0,0,0,0,
0.,0.,0.,
0.,0.,0.,
0.,0.,0.,
0,0,0,0,0,0,0,0,0,0,0,0,0,0,0,0,
555,124,20,17,2,1,0,0,
48,206,49,0,0,0,0,0,0,0,
0,0,0,0,0,0,0,0,0,0,
0.,0.,0.,
0.,0.,0.,
0.,0.,0.,
0,0,0,0,0,0,0,0,0,0,0,0,0,0,0,0,
556,124,20,17,2,1,0,0,
329,356,175,0,0,0,0,0,0,0,
0,0,0,0,0,0,0,0,0,0,
0.,0.,0.,
0.,0.,0.,
0.,0.,0.,
0,0,0,0,0,0,0,0,0,0,0,0,0,0,0,0,
557,124,20,17,2,1,0,0,
350,356,240,0,0,0,0,0,0,0,
0,0,0,0,0,0,0,0,0,0,
0.,0.,0.,
0.,0.,0.,
0.,0.,0.,
0,0,0,0,0,0,0,0,0,0,0,0,0,0,0,0,
558,124,20,17,2,1,0,0,
351,349,339,0,0,0,0,0,0,0,
0,0,0,0,0,0,0,0,0,0,
0.,0.,0.,
0.,0.,0.,
0.,0.,0.,
0,0,0,0,0,0,0,0,0,0,0,0,0,0,0,0,
559,124,20,17,2,1,0,0,
151,193,269,0,0,0,0,0,0,0,
0,0,0,0,0,0,0,0,0,0,
0.,0.,0.,
0.,0.,0.,
0.,0.,0.,
0,0,0,0,0,0,0,0,0,0,0,0,0,0,0,0,
560,124,20,17,2,1,0,0,
176,329,175,0,0,0,0,0,0,0,
0,0,0,0,0,0,0,0,0,0,
0.,0.,0.,
0.,0.,0.,
0.,0.,0.,
0,0,0,0,0,0,0,0,0,0,0,0,0,0,0,0,
561,124,20,17,2,1,0,0,
345,241,361,0,0,0,0,0,0,0,
0,0,0,0,0,0,0,0,0,0,
0.,0.,0.,
0.,0.,0.,
0.,0.,0.,
0,0,0,0,0,0,0,0,0,0,0,0,0,0,0,0,
562,124,20,17,2,1,0,0,
345,361,344,0,0,0,0,0,0,0,
0,0,0,0,0,0,0,0,0,0,
0.,0.,0.,
0.,0.,0.,
0.,0.,0.,
0,0,0,0,0,0,0,0,0,0,0,0,0,0,0,0,
563,124,20,17,2,1,0,0,
161,299,357,0,0,0,0,0,0,0,
0,0,0,0,0,0,0,0,0,0,
0.,0.,0.,
0.,0.,0.,
0.,0.,0.,
0,0,0,0,0,0,0,0,0,0,0,0,0,0,0,0,
564,124,20,17,2,1,0,0,
293,17,75,0,0,0,0,0,0,0,
0,0,0,0,0,0,0,0,0,0,
0.,0.,0.,
0.,0.,0.,
0.,0.,0.,
0,0,0,0,0,0,0,0,0,0,0,0,0,0,0,0,
565,124,20,17,2,1,0,0,
349,241,345,0,0,0,0,0,0,0,
0,0,0,0,0,0,0,0,0,0,
0.,0.,0.,
0.,0.,0.,
0.,0.,0.,
0,0,0,0,0,0,0,0,0,0,0,0,0,0,0,0,
566,124,20,17,2,1,0,0,
357,299,72,0,0,0,0,0,0,0,
0,0,0,0,0,0,0,0,0,0,
0.,0.,0.,
0.,0.,0.,
0.,0.,0.,
0,0,0,0,0,0,0,0,0,0,0,0,0,0,0,0,
567,124,20,17,2,1,0,0,
357,73,160,0,0,0,0,0,0,0,
0,0,0,0,0,0,0,0,0,0,
0.,0.,0.,
0.,0.,0.,
0.,0.,0.,
0,0,0,0,0,0,0,0,0,0,0,0,0,0,0,0,
568,124,30,17,2,1,0,0,
369,371,370,0,0,0,0,0,0,0,
0,0,0,0,0,0,0,0,0,0,
0.,0.,0.,
0.,0.,0.,
0.,0.,0.,
0,0,0,0,0,0,0,0,0,0,0,0,0,0,0,0,
569,124,30,17,2,1,0,0,
53,369,52,0,0,0,0,0,0,0,
0,0,0,0,0,0,0,0,0,0,
0.,0.,0.,
0.,0.,0.,
0.,0.,0.,
0,0,0,0,0,0,0,0,0,0,0,0,0,0,0,0,
570,124,30,17,2,1,0,0,
371,369,372,0,0,0,0,0,0,0,
0,0,0,0,0,0,0,0,0,0,
0.,0.,0.,
0.,0.,0.,
0.,0.,0.,
0,0,0,0,0,0,0,0,0,0,0,0,0,0,0,0,
571,124,30,17,2,1,0,0,
371,372,57,0,0,0,0,0,0,0,
0,0,0,0,0,0,0,0,0,0,
0.,0.,0.,
0.,0.,0.,
0.,0.,0.,
0,0,0,0,0,0,0,0,0,0,0,0,0,0,0,0,
572,124,30,17,2,1,0,0,
370,371,60,0,0,0,0,0,0,0,
0,0,0,0,0,0,0,0,0,0,
0.,0.,0.,
0.,0.,0.,
0.,0.,0.,
0,0,0,0,0,0,0,0,0,0,0,0,0,0,0,0,
573,124,30,17,2,1,0,0,
60,371,59,0,0,0,0,0,0,0,
0,0,0,0,0,0,0,0,0,0,
0.,0.,0.,
0.,0.,0.,
0.,0.,0.,
0,0,0,0,0,0,0,0,0,0,0,0,0,0,0,0,
574,124,30,17,2,1,0,0,
372,64,6,0,0,0,0,0,0,0,
0,0,0,0,0,0,0,0,0,0,
0.,0.,0.,
0.,0.,0.,
0.,0.,0.,
0,0,0,0,0,0,0,0,0,0,0,0,0,0,0,0,
575,124,30,17,2,1,0,0,
63,372,369,0,0,0,0,0,0,0,
0,0,0,0,0,0,0,0,0,0,
0.,0.,0.,
0.,0.,0.,
0.,0.,0.,
0,0,0,0,0,0,0,0,0,0,0,0,0,0,0,0,
576,124,30,17,2,1,0,0,
370,49,50,0,0,0,0,0,0,0,
0,0,0,0,0,0,0,0,0,0,
0.,0.,0.,
0.,0.,0.,
0.,0.,0.,
0,0,0,0,0,0,0,0,0,0,0,0,0,0,0,0,
577,124,30,17,2,1,0,0,
370,51,369,0,0,0,0,0,0,0,
0,0,0,0,0,0,0,0,0,0,
0.,0.,0.,
0.,0.,0.,
0.,0.,0.,
0,0,0,0,0,0,0,0,0,0,0,0,0,0,0,0,
578,124,30,17,2,1,0,0,
51,370,50,0,0,0,0,0,0,0,
0,0,0,0,0,0,0,0,0,0,
0.,0.,0.,
0.,0.,0.,
0.,0.,0.,
0,0,0,0,0,0,0,0,0,0,0,0,0,0,0,0,
579,124,30,17,2,1,0,0,
57,372,58,0,0,0,0,0,0,0,
0,0,0,0,0,0,0,0,0,0,
0.,0.,0.,
0.,0.,0.,
0.,0.,0.,
0,0,0,0,0,0,0,0,0,0,0,0,0,0,0,0,
580,124,30,17,2,1,0,0,
58,372,6,0,0,0,0,0,0,0,
0,0,0,0,0,0,0,0,0,0,
0.,0.,0.,
0.,0.,0.,
0.,0.,0.,
0,0,0,0,0,0,0,0,0,0,0,0,0,0,0,0,
581,124,30,17,2,1,0,0,
370,60,61,0,0,0,0,0,0,0,
0,0,0,0,0,0,0,0,0,0,
0.,0.,0.,
0.,0.,0.,
0.,0.,0.,
0,0,0,0,0,0,0,0,0,0,0,0,0,0,0,0,
582,124,30,17,2,1,0,0,
370,61,3,0,0,0,0,0,0,0,
0,0,0,0,0,0,0,0,0,0,
0.,0.,0.,
0.,0.,0.,
0.,0.,0.,
0,0,0,0,0,0,0,0,0,0,0,0,0,0,0,0,
583,124,30,17,2,1,0,0,
49,370,48,0,0,0,0,0,0,0,
0,0,0,0,0,0,0,0,0,0,
0.,0.,0.,
0.,0.,0.,
0.,0.,0.,
0,0,0,0,0,0,0,0,0,0,0,0,0,0,0,0,
584,124,30,17,2,1,0,0,
48,370,3,0,0,0,0,0,0,0,
0,0,0,0,0,0,0,0,0,0,
0.,0.,0.,
0.,0.,0.,
0.,0.,0.,
0,0,0,0,0,0,0,0,0,0,0,0,0,0,0,0,
585,124,30,17,2,1,0,0,
63,373,62,0,0,0,0,0,0,0,
0,0,0,0,0,0,0,0,0,0,
0.,0.,0.,
0.,0.,0.,
0.,0.,0.,
0,0,0,0,0,0,0,0,0,0,0,0,0,0,0,0,
586,124,30,17,2,1,0,0,
373,63,369,0,0,0,0,0,0,0,
0,0,0,0,0,0,0,0,0,0,
0.,0.,0.,
0.,0.,0.,
0.,0.,0.,
0,0,0,0,0,0,0,0,0,0,0,0,0,0,0,0,
587,124,30,17,2,1,0,0,
59,371,5,0,0,0,0,0,0,0,
0,0,0,0,0,0,0,0,0,0,
0.,0.,0.,
0.,0.,0.,
0.,0.,0.,
0,0,0,0,0,0,0,0,0,0,0,0,0,0,0,0,
588,124,30,17,2,1,0,0,
371,57,56,0,0,0,0,0,0,0,
0,0,0,0,0,0,0,0,0,0,
0.,0.,0.,
0.,0.,0.,
0.,0.,0.,
0,0,0,0,0,0,0,0,0,0,0,0,0,0,0,0,
589,124,30,17,2,1,0,0,
371,56,5,0,0,0,0,0,0,0,
0,0,0,0,0,0,0,0,0,0,
0.,0.,0.,
0.,0.,0.,
0.,0.,0.,
0,0,0,0,0,0,0,0,0,0,0,0,0,0,0,0,
590,124,30,17,2,1,0,0,
369,51,52,0,0,0,0,0,0,0,
0,0,0,0,0,0,0,0,0,0,
0.,0.,0.,
0.,0.,0.,
0.,0.,0.,
0,0,0,0,0,0,0,0,0,0,0,0,0,0,0,0,
591,124,30,17,2,1,0,0,
53,373,369,0,0,0,0,0,0,0,
0,0,0,0,0,0,0,0,0,0,
0.,0.,0.,
0.,0.,0.,
0.,0.,0.,
0,0,0,0,0,0,0,0,0,0,0,0,0,0,0,0,
592,124,30,17,2,1,0,0,
54,373,53,0,0,0,0,0,0,0,
0,0,0,0,0,0,0,0,0,0,
0.,0.,0.,
0.,0.,0.,
0.,0.,0.,
0,0,0,0,0,0,0,0,0,0,0,0,0,0,0,0,
593,124,30,17,2,1,0,0,
62,373,4,0,0,0,0,0,0,0,
0,0,0,0,0,0,0,0,0,0,
0.,0.,0.,
0.,0.,0.,
0.,0.,0.,
0,0,0,0,0,0,0,0,0,0,0,0,0,0,0,0,
594,124,30,17,2,1,0,0,
372,63,64,0,0,0,0,0,0,0,
0,0,0,0,0,0,0,0,0,0,
0.,0.,0.,
0.,0.,0.,
0.,0.,0.,
0,0,0,0,0,0,0,0,0,0,0,0,0,0,0,0,
595,124,30,17,2,1,0,0,
373,54,55,0,0,0,0,0,0,0,
0,0,0,0,0,0,0,0,0,0,
0.,0.,0.,
0.,0.,0.,
0.,0.,0.,
0,0,0,0,0,0,0,0,0,0,0,0,0,0,0,0,
596,124,30,17,2,1,0,0,
373,55,4,0,0,0,0,0,0,0,
0,0,0,0,0,0,0,0,0,0,
0.,0.,0.,
0.,0.,0.,
0.,0.,0.,
0,0,0,0,0,0,0,0,0,0,0,0,0,0,0,0,
597,124,50000,17,2,1,0,0,
374,376,375,0,0,0,0,0,0,0,
0,0,0,0,0,0,0,0,0,0,
0.,0.,0.,
0.,0.,0.,
0.,0.,0.,
0,0,0,0,0,0,0,0,0,0,0,0,0,0,0,0,
598,124,50000,17,2,1,0,0,
374,375,377,0,0,0,0,0,0,0,
0,0,0,0,0,0,0,0,0,0,
0.,0.,0.,
0.,0.,0.,
0.,0.,0.,
0,0,0,0,0,0,0,0,0,0,0,0,0,0,0,0,
599,124,50000,17,2,1,0,0,
378,380,379,0,0,0,0,0,0,0,
0,0,0,0,0,0,0,0,0,0,
0.,0.,0.,
0.,0.,0.,
0.,0.,0.,
0,0,0,0,0,0,0,0,0,0,0,0,0,0,0,0,
600,124,50000,17,2,1,0,0,
381,383,382,0,0,0,0,0,0,0,
0,0,0,0,0,0,0,0,0,0,
0.,0.,0.,
0.,0.,0.,
0.,0.,0.,
0,0,0,0,0,0,0,0,0,0,0,0,0,0,0,0,
601,124,50000,17,2,1,0,0,
378,379,100,0,0,0,0,0,0,0,
0,0,0,0,0,0,0,0,0,0,
0.,0.,0.,
0.,0.,0.,
0.,0.,0.,
0,0,0,0,0,0,0,0,0,0,0,0,0,0,0,0,
602,124,50000,17,2,1,0,0,
384,385,105,0,0,0,0,0,0,0,
0,0,0,0,0,0,0,0,0,0,
0.,0.,0.,
0.,0.,0.,
0.,0.,0.,
0,0,0,0,0,0,0,0,0,0,0,0,0,0,0,0,
603,124,50000,17,2,1,0,0,
386,381,387,0,0,0,0,0,0,0,
0,0,0,0,0,0,0,0,0,0,
0.,0.,0.,
0.,0.,0.,
0.,0.,0.,
0,0,0,0,0,0,0,0,0,0,0,0,0,0,0,0,
604,124,50000,17,2,1,0,0,
374,388,376,0,0,0,0,0,0,0,
0,0,0,0,0,0,0,0,0,0,
0.,0.,0.,
0.,0.,0.,
0.,0.,0.,
0,0,0,0,0,0,0,0,0,0,0,0,0,0,0,0,
605,124,50000,17,2,1,0,0,
389,391,390,0,0,0,0,0,0,0,
0,0,0,0,0,0,0,0,0,0,
0.,0.,0.,
0.,0.,0.,
0.,0.,0.,
0,0,0,0,0,0,0,0,0,0,0,0,0,0,0,0,
606,124,50000,17,2,1,0,0,
389,390,119,0,0,0,0,0,0,0,
0,0,0,0,0,0,0,0,0,0,
0.,0.,0.,
0.,0.,0.,
0.,0.,0.,
0,0,0,0,0,0,0,0,0,0,0,0,0,0,0,0,
607,124,50000,17,2,1,0,0,
392,394,393,0,0,0,0,0,0,0,
0,0,0,0,0,0,0,0,0,0,
0.,0.,0.,
0.,0.,0.,
0.,0.,0.,
0,0,0,0,0,0,0,0,0,0,0,0,0,0,0,0,
608,124,50000,17,2,1,0,0,
395,397,396,0,0,0,0,0,0,0,
0,0,0,0,0,0,0,0,0,0,
0.,0.,0.,
0.,0.,0.,
0.,0.,0.,
0,0,0,0,0,0,0,0,0,0,0,0,0,0,0,0,
609,124,50000,17,2,1,0,0,
392,393,122,0,0,0,0,0,0,0,
0,0,0,0,0,0,0,0,0,0,
0.,0.,0.,
0.,0.,0.,
0.,0.,0.,
0,0,0,0,0,0,0,0,0,0,0,0,0,0,0,0,
610,124,50000,17,2,1,0,0,
380,378,398,0,0,0,0,0,0,0,
0,0,0,0,0,0,0,0,0,0,
0.,0.,0.,
0.,0.,0.,
0.,0.,0.,
0,0,0,0,0,0,0,0,0,0,0,0,0,0,0,0,
611,124,50000,17,2,1,0,0,
399,386,400,0,0,0,0,0,0,0,
0,0,0,0,0,0,0,0,0,0,
0.,0.,0.,
0.,0.,0.,
0.,0.,0.,
0,0,0,0,0,0,0,0,0,0,0,0,0,0,0,0,
612,124,50000,17,2,1,0,0,
401,380,377,0,0,0,0,0,0,0,
0,0,0,0,0,0,0,0,0,0,
0.,0.,0.,
0.,0.,0.,
0.,0.,0.,
0,0,0,0,0,0,0,0,0,0,0,0,0,0,0,0,
613,124,50000,17,2,1,0,0,
393,402,121,0,0,0,0,0,0,0,
0,0,0,0,0,0,0,0,0,0,
0.,0.,0.,
0.,0.,0.,
0.,0.,0.,
0,0,0,0,0,0,0,0,0,0,0,0,0,0,0,0,
614,124,50000,17,2,1,0,0,
403,389,120,0,0,0,0,0,0,0,
0,0,0,0,0,0,0,0,0,0,
0.,0.,0.,
0.,0.,0.,
0.,0.,0.,
0,0,0,0,0,0,0,0,0,0,0,0,0,0,0,0,
615,124,50000,17,2,1,0,0,
404,399,405,0,0,0,0,0,0,0,
0,0,0,0,0,0,0,0,0,0,
0.,0.,0.,
0.,0.,0.,
0.,0.,0.,
0,0,0,0,0,0,0,0,0,0,0,0,0,0,0,0,
616,124,50000,17,2,1,0,0,
398,377,380,0,0,0,0,0,0,0,
0,0,0,0,0,0,0,0,0,0,
0.,0.,0.,
0.,0.,0.,
0.,0.,0.,
0,0,0,0,0,0,0,0,0,0,0,0,0,0,0,0,
617,124,50000,17,2,1,0,0,
406,390,391,0,0,0,0,0,0,0,
0,0,0,0,0,0,0,0,0,0,
0.,0.,0.,
0.,0.,0.,
0.,0.,0.,
0,0,0,0,0,0,0,0,0,0,0,0,0,0,0,0,
618,124,50000,17,2,1,0,0,
403,121,402,0,0,0,0,0,0,0,
0,0,0,0,0,0,0,0,0,0,
0.,0.,0.,
0.,0.,0.,
0.,0.,0.,
0,0,0,0,0,0,0,0,0,0,0,0,0,0,0,0,
619,124,50000,17,2,1,0,0,
407,404,408,0,0,0,0,0,0,0,
0,0,0,0,0,0,0,0,0,0,
0.,0.,0.,
0.,0.,0.,
0.,0.,0.,
0,0,0,0,0,0,0,0,0,0,0,0,0,0,0,0,
620,124,50000,17,2,1,0,0,
397,392,409,0,0,0,0,0,0,0,
0,0,0,0,0,0,0,0,0,0,
0.,0.,0.,
0.,0.,0.,
0.,0.,0.,
0,0,0,0,0,0,0,0,0,0,0,0,0,0,0,0,
621,124,50000,17,2,1,0,0,
410,412,411,0,0,0,0,0,0,0,
0,0,0,0,0,0,0,0,0,0,
0.,0.,0.,
0.,0.,0.,
0.,0.,0.,
0,0,0,0,0,0,0,0,0,0,0,0,0,0,0,0,
622,124,50000,17,2,1,0,0,
411,412,118,0,0,0,0,0,0,0,
0,0,0,0,0,0,0,0,0,0,
0.,0.,0.,
0.,0.,0.,
0.,0.,0.,
0,0,0,0,0,0,0,0,0,0,0,0,0,0,0,0,
623,124,50000,17,2,1,0,0,
409,392,123,0,0,0,0,0,0,0,
0,0,0,0,0,0,0,0,0,0,
0.,0.,0.,
0.,0.,0.,
0.,0.,0.,
0,0,0,0,0,0,0,0,0,0,0,0,0,0,0,0,
624,124,50000,17,2,1,0,0,
394,392,397,0,0,0,0,0,0,0,
0,0,0,0,0,0,0,0,0,0,
0.,0.,0.,
0.,0.,0.,
0.,0.,0.,
0,0,0,0,0,0,0,0,0,0,0,0,0,0,0,0,
625,124,50000,17,2,1,0,0,
413,415,414,0,0,0,0,0,0,0,
0,0,0,0,0,0,0,0,0,0,
0.,0.,0.,
0.,0.,0.,
0.,0.,0.,
0,0,0,0,0,0,0,0,0,0,0,0,0,0,0,0,
626,124,50000,17,2,1,0,0,
414,415,117,0,0,0,0,0,0,0,
0,0,0,0,0,0,0,0,0,0,
0.,0.,0.,
0.,0.,0.,
0.,0.,0.,
0,0,0,0,0,0,0,0,0,0,0,0,0,0,0,0,
627,124,50000,17,2,1,0,0,
394,397,395,0,0,0,0,0,0,0,
0,0,0,0,0,0,0,0,0,0,
0.,0.,0.,
0.,0.,0.,
0.,0.,0.,
0,0,0,0,0,0,0,0,0,0,0,0,0,0,0,0,
628,124,50000,17,2,1,0,0,
402,394,408,0,0,0,0,0,0,0,
0,0,0,0,0,0,0,0,0,0,
0.,0.,0.,
0.,0.,0.,
0.,0.,0.,
0,0,0,0,0,0,0,0,0,0,0,0,0,0,0,0,
629,124,50000,17,2,1,0,0,
416,418,417,0,0,0,0,0,0,0,
0,0,0,0,0,0,0,0,0,0,
0.,0.,0.,
0.,0.,0.,
0.,0.,0.,
0,0,0,0,0,0,0,0,0,0,0,0,0,0,0,0,
630,124,50000,17,2,1,0,0,
417,418,116,0,0,0,0,0,0,0,
0,0,0,0,0,0,0,0,0,0,
0.,0.,0.,
0.,0.,0.,
0.,0.,0.,
0,0,0,0,0,0,0,0,0,0,0,0,0,0,0,0,
631,124,50000,17,2,1,0,0,
383,420,419,0,0,0,0,0,0,0,
0,0,0,0,0,0,0,0,0,0,
0.,0.,0.,
0.,0.,0.,
0.,0.,0.,
0,0,0,0,0,0,0,0,0,0,0,0,0,0,0,0,
632,124,50000,17,2,1,0,0,
402,393,394,0,0,0,0,0,0,0,
0,0,0,0,0,0,0,0,0,0,
0.,0.,0.,
0.,0.,0.,
0.,0.,0.,
0,0,0,0,0,0,0,0,0,0,0,0,0,0,0,0,
633,124,50000,17,2,1,0,0,
421,423,422,0,0,0,0,0,0,0,
0,0,0,0,0,0,0,0,0,0,
0.,0.,0.,
0.,0.,0.,
0.,0.,0.,
0,0,0,0,0,0,0,0,0,0,0,0,0,0,0,0,
634,124,50000,17,2,1,0,0,
422,423,115,0,0,0,0,0,0,0,
0,0,0,0,0,0,0,0,0,0,
0.,0.,0.,
0.,0.,0.,
0.,0.,0.,
0,0,0,0,0,0,0,0,0,0,0,0,0,0,0,0,
635,124,50000,17,2,1,0,0,
408,394,395,0,0,0,0,0,0,0,
0,0,0,0,0,0,0,0,0,0,
0.,0.,0.,
0.,0.,0.,
0.,0.,0.,
0,0,0,0,0,0,0,0,0,0,0,0,0,0,0,0,
636,124,50000,17,2,1,0,0,
375,425,424,0,0,0,0,0,0,0,
0,0,0,0,0,0,0,0,0,0,
0.,0.,0.,
0.,0.,0.,
0.,0.,0.,
0,0,0,0,0,0,0,0,0,0,0,0,0,0,0,0,
637,124,50000,17,2,1,0,0,
426,428,427,0,0,0,0,0,0,0,
0,0,0,0,0,0,0,0,0,0,
0.,0.,0.,
0.,0.,0.,
0.,0.,0.,
0,0,0,0,0,0,0,0,0,0,0,0,0,0,0,0,
638,124,50000,17,2,1,0,0,
427,428,114,0,0,0,0,0,0,0,
0,0,0,0,0,0,0,0,0,0,
0.,0.,0.,
0.,0.,0.,
0.,0.,0.,
0,0,0,0,0,0,0,0,0,0,0,0,0,0,0,0,
639,124,50000,17,2,1,0,0,
375,384,425,0,0,0,0,0,0,0,
0,0,0,0,0,0,0,0,0,0,
0.,0.,0.,
0.,0.,0.,
0.,0.,0.,
0,0,0,0,0,0,0,0,0,0,0,0,0,0,0,0,
640,124,50000,17,2,1,0,0,
425,384,106,0,0,0,0,0,0,0,
0,0,0,0,0,0,0,0,0,0,
0.,0.,0.,
0.,0.,0.,
0.,0.,0.,
0,0,0,0,0,0,0,0,0,0,0,0,0,0,0,0,
641,124,50000,17,2,1,0,0,
429,431,430,0,0,0,0,0,0,0,
0,0,0,0,0,0,0,0,0,0,
0.,0.,0.,
0.,0.,0.,
0.,0.,0.,
0,0,0,0,0,0,0,0,0,0,0,0,0,0,0,0,
642,124,50000,17,2,1,0,0,
430,431,113,0,0,0,0,0,0,0,
0,0,0,0,0,0,0,0,0,0,
0.,0.,0.,
0.,0.,0.,
0.,0.,0.,
0,0,0,0,0,0,0,0,0,0,0,0,0,0,0,0,
643,124,50000,17,2,1,0,0,
420,433,432,0,0,0,0,0,0,0,
0,0,0,0,0,0,0,0,0,0,
0.,0.,0.,
0.,0.,0.,
0.,0.,0.,
0,0,0,0,0,0,0,0,0,0,0,0,0,0,0,0,
644,124,50000,17,2,1,0,0,
403,120,121,0,0,0,0,0,0,0,
0,0,0,0,0,0,0,0,0,0,
0.,0.,0.,
0.,0.,0.,
0.,0.,0.,
0,0,0,0,0,0,0,0,0,0,0,0,0,0,0,0,
645,124,50000,17,2,1,0,0,
434,436,435,0,0,0,0,0,0,0,
0,0,0,0,0,0,0,0,0,0,
0.,0.,0.,
0.,0.,0.,
0.,0.,0.,
0,0,0,0,0,0,0,0,0,0,0,0,0,0,0,0,
646,124,50000,17,2,1,0,0,
435,436,112,0,0,0,0,0,0,0,
0,0,0,0,0,0,0,0,0,0,
0.,0.,0.,
0.,0.,0.,
0.,0.,0.,
0,0,0,0,0,0,0,0,0,0,0,0,0,0,0,0,
647,124,50000,17,2,1,0,0,
391,389,403,0,0,0,0,0,0,0,
0,0,0,0,0,0,0,0,0,0,
0.,0.,0.,
0.,0.,0.,
0.,0.,0.,
0,0,0,0,0,0,0,0,0,0,0,0,0,0,0,0,
648,124,50000,17,2,1,0,0,
411,390,406,0,0,0,0,0,0,0,
0,0,0,0,0,0,0,0,0,0,
0.,0.,0.,
0.,0.,0.,
0.,0.,0.,
0,0,0,0,0,0,0,0,0,0,0,0,0,0,0,0,
649,124,50000,17,2,1,0,0,
437,439,438,0,0,0,0,0,0,0,
0,0,0,0,0,0,0,0,0,0,
0.,0.,0.,
0.,0.,0.,
0.,0.,0.,
0,0,0,0,0,0,0,0,0,0,0,0,0,0,0,0,
650,124,50000,17,2,1,0,0,
438,439,111,0,0,0,0,0,0,0,
0,0,0,0,0,0,0,0,0,0,
0.,0.,0.,
0.,0.,0.,
0.,0.,0.,
0,0,0,0,0,0,0,0,0,0,0,0,0,0,0,0,
651,124,50000,17,2,1,0,0,
411,406,387,0,0,0,0,0,0,0,
0,0,0,0,0,0,0,0,0,0,
0.,0.,0.,
0.,0.,0.,
0.,0.,0.,
0,0,0,0,0,0,0,0,0,0,0,0,0,0,0,0,
652,124,50000,17,2,1,0,0,
403,402,405,0,0,0,0,0,0,0,
0,0,0,0,0,0,0,0,0,0,
0.,0.,0.,
0.,0.,0.,
0.,0.,0.,
0,0,0,0,0,0,0,0,0,0,0,0,0,0,0,0,
653,124,50000,17,2,1,0,0,
440,442,441,0,0,0,0,0,0,0,
0,0,0,0,0,0,0,0,0,0,
0.,0.,0.,
0.,0.,0.,
0.,0.,0.,
0,0,0,0,0,0,0,0,0,0,0,0,0,0,0,0,
654,124,50000,17,2,1,0,0,
441,442,110,0,0,0,0,0,0,0,
0,0,0,0,0,0,0,0,0,0,
0.,0.,0.,
0.,0.,0.,
0.,0.,0.,
0,0,0,0,0,0,0,0,0,0,0,0,0,0,0,0,
655,124,50000,17,2,1,0,0,
433,444,443,0,0,0,0,0,0,0,
0,0,0,0,0,0,0,0,0,0,
0.,0.,0.,
0.,0.,0.,
0.,0.,0.,
0,0,0,0,0,0,0,0,0,0,0,0,0,0,0,0,
656,124,50000,17,2,1,0,0,
414,412,410,0,0,0,0,0,0,0,
0,0,0,0,0,0,0,0,0,0,
0.,0.,0.,
0.,0.,0.,
0.,0.,0.,
0,0,0,0,0,0,0,0,0,0,0,0,0,0,0,0,
657,124,50000,17,2,1,0,0,
445,447,446,0,0,0,0,0,0,0,
0,0,0,0,0,0,0,0,0,0,
0.,0.,0.,
0.,0.,0.,
0.,0.,0.,
0,0,0,0,0,0,0,0,0,0,0,0,0,0,0,0,
658,124,50000,17,2,1,0,0,
446,447,109,0,0,0,0,0,0,0,
0,0,0,0,0,0,0,0,0,0,
0.,0.,0.,
0.,0.,0.,
0.,0.,0.,
0,0,0,0,0,0,0,0,0,0,0,0,0,0,0,0,
659,124,50000,17,2,1,0,0,
414,410,382,0,0,0,0,0,0,0,
0,0,0,0,0,0,0,0,0,0,
0.,0.,0.,
0.,0.,0.,
0.,0.,0.,
0,0,0,0,0,0,0,0,0,0,0,0,0,0,0,0,
660,124,50000,17,2,1,0,0,
417,415,413,0,0,0,0,0,0,0,
0,0,0,0,0,0,0,0,0,0,
0.,0.,0.,
0.,0.,0.,
0.,0.,0.,
0,0,0,0,0,0,0,0,0,0,0,0,0,0,0,0,
661,124,50000,17,2,1,0,0,
448,450,449,0,0,0,0,0,0,0,
0,0,0,0,0,0,0,0,0,0,
0.,0.,0.,
0.,0.,0.,
0.,0.,0.,
0,0,0,0,0,0,0,0,0,0,0,0,0,0,0,0,
662,124,50000,17,2,1,0,0,
449,450,108,0,0,0,0,0,0,0,
0,0,0,0,0,0,0,0,0,0,
0.,0.,0.,
0.,0.,0.,
0.,0.,0.,
0,0,0,0,0,0,0,0,0,0,0,0,0,0,0,0,
663,124,50000,17,2,1,0,0,
417,413,419,0,0,0,0,0,0,0,
0,0,0,0,0,0,0,0,0,0,
0.,0.,0.,
0.,0.,0.,
0.,0.,0.,
0,0,0,0,0,0,0,0,0,0,0,0,0,0,0,0,
664,124,50000,17,2,1,0,0,
400,391,405,0,0,0,0,0,0,0,
0,0,0,0,0,0,0,0,0,0,
0.,0.,0.,
0.,0.,0.,
0.,0.,0.,
0,0,0,0,0,0,0,0,0,0,0,0,0,0,0,0,
665,124,50000,17,2,1,0,0,
424,425,451,0,0,0,0,0,0,0,
0,0,0,0,0,0,0,0,0,0,
0.,0.,0.,
0.,0.,0.,
0.,0.,0.,
0,0,0,0,0,0,0,0,0,0,0,0,0,0,0,0,
666,124,50000,17,2,1,0,0,
451,425,107,0,0,0,0,0,0,0,
0,0,0,0,0,0,0,0,0,0,
0.,0.,0.,
0.,0.,0.,
0.,0.,0.,
0,0,0,0,0,0,0,0,0,0,0,0,0,0,0,0,
667,124,50000,17,2,1,0,0,
444,453,452,0,0,0,0,0,0,0,
0,0,0,0,0,0,0,0,0,0,
0.,0.,0.,
0.,0.,0.,
0.,0.,0.,
0,0,0,0,0,0,0,0,0,0,0,0,0,0,0,0,
668,124,50000,17,2,1,0,0,
422,418,416,0,0,0,0,0,0,0,
0,0,0,0,0,0,0,0,0,0,
0.,0.,0.,
0.,0.,0.,
0.,0.,0.,
0,0,0,0,0,0,0,0,0,0,0,0,0,0,0,0,
669,124,50000,17,2,1,0,0,
405,402,408,0,0,0,0,0,0,0,
0,0,0,0,0,0,0,0,0,0,
0.,0.,0.,
0.,0.,0.,
0.,0.,0.,
0,0,0,0,0,0,0,0,0,0,0,0,0,0,0,0,
670,124,50000,17,2,1,0,0,
407,454,404,0,0,0,0,0,0,0,
0,0,0,0,0,0,0,0,0,0,
0.,0.,0.,
0.,0.,0.,
0.,0.,0.,
0,0,0,0,0,0,0,0,0,0,0,0,0,0,0,0,
671,124,50000,17,2,1,0,0,
422,416,432,0,0,0,0,0,0,0,
0,0,0,0,0,0,0,0,0,0,
0.,0.,0.,
0.,0.,0.,
0.,0.,0.,
0,0,0,0,0,0,0,0,0,0,0,0,0,0,0,0,
672,124,50000,17,2,1,0,0,
427,423,421,0,0,0,0,0,0,0,
0,0,0,0,0,0,0,0,0,0,
0.,0.,0.,
0.,0.,0.,
0.,0.,0.,
0,0,0,0,0,0,0,0,0,0,0,0,0,0,0,0,
673,124,50000,17,2,1,0,0,
376,384,375,0,0,0,0,0,0,0,
0,0,0,0,0,0,0,0,0,0,
0.,0.,0.,
0.,0.,0.,
0.,0.,0.,
0,0,0,0,0,0,0,0,0,0,0,0,0,0,0,0,
674,124,50000,17,2,1,0,0,
427,421,443,0,0,0,0,0,0,0,
0,0,0,0,0,0,0,0,0,0,
0.,0.,0.,
0.,0.,0.,
0.,0.,0.,
0,0,0,0,0,0,0,0,0,0,0,0,0,0,0,0,
675,124,50000,17,2,1,0,0,
407,455,454,0,0,0,0,0,0,0,
0,0,0,0,0,0,0,0,0,0,
0.,0.,0.,
0.,0.,0.,
0.,0.,0.,
0,0,0,0,0,0,0,0,0,0,0,0,0,0,0,0,
676,124,50000,17,2,1,0,0,
453,457,456,0,0,0,0,0,0,0,
0,0,0,0,0,0,0,0,0,0,
0.,0.,0.,
0.,0.,0.,
0.,0.,0.,
0,0,0,0,0,0,0,0,0,0,0,0,0,0,0,0,
677,124,50000,17,2,1,0,0,
430,428,426,0,0,0,0,0,0,0,
0,0,0,0,0,0,0,0,0,0,
0.,0.,0.,
0.,0.,0.,
0.,0.,0.,
0,0,0,0,0,0,0,0,0,0,0,0,0,0,0,0,
678,124,50000,17,2,1,0,0,
430,426,452,0,0,0,0,0,0,0,
0,0,0,0,0,0,0,0,0,0,
0.,0.,0.,
0.,0.,0.,
0.,0.,0.,
0,0,0,0,0,0,0,0,0,0,0,0,0,0,0,0,
679,124,50000,17,2,1,0,0,
454,455,86,0,0,0,0,0,0,0,
0,0,0,0,0,0,0,0,0,0,
0.,0.,0.,
0.,0.,0.,
0.,0.,0.,
0,0,0,0,0,0,0,0,0,0,0,0,0,0,0,0,
680,124,50000,17,2,1,0,0,
398,378,101,0,0,0,0,0,0,0,
0,0,0,0,0,0,0,0,0,0,
0.,0.,0.,
0.,0.,0.,
0.,0.,0.,
0,0,0,0,0,0,0,0,0,0,0,0,0,0,0,0,
681,124,50000,17,2,1,0,0,
435,431,429,0,0,0,0,0,0,0,
0,0,0,0,0,0,0,0,0,0,
0.,0.,0.,
0.,0.,0.,
0.,0.,0.,
0,0,0,0,0,0,0,0,0,0,0,0,0,0,0,0,
682,124,50000,17,2,1,0,0,
435,429,456,0,0,0,0,0,0,0,
0,0,0,0,0,0,0,0,0,0,
0.,0.,0.,
0.,0.,0.,
0.,0.,0.,
0,0,0,0,0,0,0,0,0,0,0,0,0,0,0,0,
683,124,50000,17,2,1,0,0,
458,379,380,0,0,0,0,0,0,0,
0,0,0,0,0,0,0,0,0,0,
0.,0.,0.,
0.,0.,0.,
0.,0.,0.,
0,0,0,0,0,0,0,0,0,0,0,0,0,0,0,0,
684,124,50000,17,2,1,0,0,
404,459,399,0,0,0,0,0,0,0,
0,0,0,0,0,0,0,0,0,0,
0.,0.,0.,
0.,0.,0.,
0.,0.,0.,
0,0,0,0,0,0,0,0,0,0,0,0,0,0,0,0,
685,124,50000,17,2,1,0,0,
404,454,459,0,0,0,0,0,0,0,
0,0,0,0,0,0,0,0,0,0,
0.,0.,0.,
0.,0.,0.,
0.,0.,0.,
0,0,0,0,0,0,0,0,0,0,0,0,0,0,0,0,
686,124,50000,17,2,1,0,0,
457,461,460,0,0,0,0,0,0,0,
0,0,0,0,0,0,0,0,0,0,
0.,0.,0.,
0.,0.,0.,
0.,0.,0.,
0,0,0,0,0,0,0,0,0,0,0,0,0,0,0,0,
687,124,50000,17,2,1,0,0,
459,454,87,0,0,0,0,0,0,0,
0,0,0,0,0,0,0,0,0,0,
0.,0.,0.,
0.,0.,0.,
0.,0.,0.,
0,0,0,0,0,0,0,0,0,0,0,0,0,0,0,0,
688,124,50000,17,2,1,0,0,
399,462,386,0,0,0,0,0,0,0,
0,0,0,0,0,0,0,0,0,0,
0.,0.,0.,
0.,0.,0.,
0.,0.,0.,
0,0,0,0,0,0,0,0,0,0,0,0,0,0,0,0,
689,124,50000,17,2,1,0,0,
438,436,434,0,0,0,0,0,0,0,
0,0,0,0,0,0,0,0,0,0,
0.,0.,0.,
0.,0.,0.,
0.,0.,0.,
0,0,0,0,0,0,0,0,0,0,0,0,0,0,0,0,
690,124,50000,17,2,1,0,0,
438,434,460,0,0,0,0,0,0,0,
0,0,0,0,0,0,0,0,0,0,
0.,0.,0.,
0.,0.,0.,
0.,0.,0.,
0,0,0,0,0,0,0,0,0,0,0,0,0,0,0,0,
691,124,50000,17,2,1,0,0,
399,459,462,0,0,0,0,0,0,0,
0,0,0,0,0,0,0,0,0,0,
0.,0.,0.,
0.,0.,0.,
0.,0.,0.,
0,0,0,0,0,0,0,0,0,0,0,0,0,0,0,0,
692,124,50000,17,2,1,0,0,
462,459,88,0,0,0,0,0,0,0,
0,0,0,0,0,0,0,0,0,0,
0.,0.,0.,
0.,0.,0.,
0.,0.,0.,
0,0,0,0,0,0,0,0,0,0,0,0,0,0,0,0,
693,124,50000,17,2,1,0,0,
441,439,437,0,0,0,0,0,0,0,
0,0,0,0,0,0,0,0,0,0,
0.,0.,0.,
0.,0.,0.,
0.,0.,0.,
0,0,0,0,0,0,0,0,0,0,0,0,0,0,0,0,
694,124,50000,17,2,1,0,0,
441,437,463,0,0,0,0,0,0,0,
0,0,0,0,0,0,0,0,0,0,
0.,0.,0.,
0.,0.,0.,
0.,0.,0.,
0,0,0,0,0,0,0,0,0,0,0,0,0,0,0,0,
695,124,50000,17,2,1,0,0,
386,464,381,0,0,0,0,0,0,0,
0,0,0,0,0,0,0,0,0,0,
0.,0.,0.,
0.,0.,0.,
0.,0.,0.,
0,0,0,0,0,0,0,0,0,0,0,0,0,0,0,0,
696,124,50000,17,2,1,0,0,
386,462,464,0,0,0,0,0,0,0,
0,0,0,0,0,0,0,0,0,0,
0.,0.,0.,
0.,0.,0.,
0.,0.,0.,
0,0,0,0,0,0,0,0,0,0,0,0,0,0,0,0,
697,124,50000,17,2,1,0,0,
464,462,89,0,0,0,0,0,0,0,
0,0,0,0,0,0,0,0,0,0,
0.,0.,0.,
0.,0.,0.,
0.,0.,0.,
0,0,0,0,0,0,0,0,0,0,0,0,0,0,0,0,
698,124,50000,17,2,1,0,0,
461,465,463,0,0,0,0,0,0,0,
0,0,0,0,0,0,0,0,0,0,
0.,0.,0.,
0.,0.,0.,
0.,0.,0.,
0,0,0,0,0,0,0,0,0,0,0,0,0,0,0,0,
699,124,50000,17,2,1,0,0,
457,466,461,0,0,0,0,0,0,0,
0,0,0,0,0,0,0,0,0,0,
0.,0.,0.,
0.,0.,0.,
0.,0.,0.,
0,0,0,0,0,0,0,0,0,0,0,0,0,0,0,0,
700,124,50000,17,2,1,0,0,
457,467,466,0,0,0,0,0,0,0,
0,0,0,0,0,0,0,0,0,0,
0.,0.,0.,
0.,0.,0.,
0.,0.,0.,
0,0,0,0,0,0,0,0,0,0,0,0,0,0,0,0,
701,124,50000,17,2,1,0,0,
446,442,440,0,0,0,0,0,0,0,
0,0,0,0,0,0,0,0,0,0,
0.,0.,0.,
0.,0.,0.,
0.,0.,0.,
0,0,0,0,0,0,0,0,0,0,0,0,0,0,0,0,
702,124,50000,17,2,1,0,0,
446,440,468,0,0,0,0,0,0,0,
0,0,0,0,0,0,0,0,0,0,
0.,0.,0.,
0.,0.,0.,
0.,0.,0.,
0,0,0,0,0,0,0,0,0,0,0,0,0,0,0,0,
703,124,50000,17,2,1,0,0,
466,467,96,0,0,0,0,0,0,0,
0,0,0,0,0,0,0,0,0,0,
0.,0.,0.,
0.,0.,0.,
0.,0.,0.,
0,0,0,0,0,0,0,0,0,0,0,0,0,0,0,0,
704,124,50000,17,2,1,0,0,
453,467,457,0,0,0,0,0,0,0,
0,0,0,0,0,0,0,0,0,0,
0.,0.,0.,
0.,0.,0.,
0.,0.,0.,
0,0,0,0,0,0,0,0,0,0,0,0,0,0,0,0,
705,124,50000,17,2,1,0,0,
449,447,445,0,0,0,0,0,0,0,
0,0,0,0,0,0,0,0,0,0,
0.,0.,0.,
0.,0.,0.,
0.,0.,0.,
0,0,0,0,0,0,0,0,0,0,0,0,0,0,0,0,
706,124,50000,17,2,1,0,0,
449,445,469,0,0,0,0,0,0,0,
0,0,0,0,0,0,0,0,0,0,
0.,0.,0.,
0.,0.,0.,
0.,0.,0.,
0,0,0,0,0,0,0,0,0,0,0,0,0,0,0,0,
707,124,50000,17,2,1,0,0,
453,470,467,0,0,0,0,0,0,0,
0,0,0,0,0,0,0,0,0,0,
0.,0.,0.,
0.,0.,0.,
0.,0.,0.,
0,0,0,0,0,0,0,0,0,0,0,0,0,0,0,0,
708,124,50000,17,2,1,0,0,
467,470,95,0,0,0,0,0,0,0,
0,0,0,0,0,0,0,0,0,0,
0.,0.,0.,
0.,0.,0.,
0.,0.,0.,
0,0,0,0,0,0,0,0,0,0,0,0,0,0,0,0,
709,124,50000,17,2,1,0,0,
444,470,453,0,0,0,0,0,0,0,
0,0,0,0,0,0,0,0,0,0,
0.,0.,0.,
0.,0.,0.,
0.,0.,0.,
0,0,0,0,0,0,0,0,0,0,0,0,0,0,0,0,
710,124,50000,17,2,1,0,0,
465,471,468,0,0,0,0,0,0,0,
0,0,0,0,0,0,0,0,0,0,
0.,0.,0.,
0.,0.,0.,
0.,0.,0.,
0,0,0,0,0,0,0,0,0,0,0,0,0,0,0,0,
711,124,50000,17,2,1,0,0,
444,472,470,0,0,0,0,0,0,0,
0,0,0,0,0,0,0,0,0,0,
0.,0.,0.,
0.,0.,0.,
0.,0.,0.,
0,0,0,0,0,0,0,0,0,0,0,0,0,0,0,0,
712,124,50000,17,2,1,0,0,
470,472,94,0,0,0,0,0,0,0,
0,0,0,0,0,0,0,0,0,0,
0.,0.,0.,
0.,0.,0.,
0.,0.,0.,
0,0,0,0,0,0,0,0,0,0,0,0,0,0,0,0,
713,124,50000,17,2,1,0,0,
451,450,448,0,0,0,0,0,0,0,
0,0,0,0,0,0,0,0,0,0,
0.,0.,0.,
0.,0.,0.,
0.,0.,0.,
0,0,0,0,0,0,0,0,0,0,0,0,0,0,0,0,
714,124,50000,17,2,1,0,0,
451,448,401,0,0,0,0,0,0,0,
0,0,0,0,0,0,0,0,0,0,
0.,0.,0.,
0.,0.,0.,
0.,0.,0.,
0,0,0,0,0,0,0,0,0,0,0,0,0,0,0,0,
715,124,50000,17,2,1,0,0,
433,472,444,0,0,0,0,0,0,0,
0,0,0,0,0,0,0,0,0,0,
0.,0.,0.,
0.,0.,0.,
0.,0.,0.,
0,0,0,0,0,0,0,0,0,0,0,0,0,0,0,0,
716,124,50000,17,2,1,0,0,
433,473,472,0,0,0,0,0,0,0,
0,0,0,0,0,0,0,0,0,0,
0.,0.,0.,
0.,0.,0.,
0.,0.,0.,
0,0,0,0,0,0,0,0,0,0,0,0,0,0,0,0,
717,124,50000,17,2,1,0,0,
472,473,93,0,0,0,0,0,0,0,
0,0,0,0,0,0,0,0,0,0,
0.,0.,0.,
0.,0.,0.,
0.,0.,0.,
0,0,0,0,0,0,0,0,0,0,0,0,0,0,0,0,
718,124,50000,17,2,1,0,0,
420,473,433,0,0,0,0,0,0,0,
0,0,0,0,0,0,0,0,0,0,
0.,0.,0.,
0.,0.,0.,
0.,0.,0.,
0,0,0,0,0,0,0,0,0,0,0,0,0,0,0,0,
719,124,50000,17,2,1,0,0,
420,474,473,0,0,0,0,0,0,0,
0,0,0,0,0,0,0,0,0,0,
0.,0.,0.,
0.,0.,0.,
0.,0.,0.,
0,0,0,0,0,0,0,0,0,0,0,0,0,0,0,0,
720,124,50000,17,2,1,0,0,
473,474,92,0,0,0,0,0,0,0,
0,0,0,0,0,0,0,0,0,0,
0.,0.,0.,
0.,0.,0.,
0.,0.,0.,
0,0,0,0,0,0,0,0,0,0,0,0,0,0,0,0,
721,124,50000,17,2,1,0,0,
381,475,383,0,0,0,0,0,0,0,
0,0,0,0,0,0,0,0,0,0,
0.,0.,0.,
0.,0.,0.,
0.,0.,0.,
0,0,0,0,0,0,0,0,0,0,0,0,0,0,0,0,
722,124,50000,17,2,1,0,0,
471,458,469,0,0,0,0,0,0,0,
0,0,0,0,0,0,0,0,0,0,
0.,0.,0.,
0.,0.,0.,
0.,0.,0.,
0,0,0,0,0,0,0,0,0,0,0,0,0,0,0,0,
723,124,50000,17,2,1,0,0,
381,464,475,0,0,0,0,0,0,0,
0,0,0,0,0,0,0,0,0,0,
0.,0.,0.,
0.,0.,0.,
0.,0.,0.,
0,0,0,0,0,0,0,0,0,0,0,0,0,0,0,0,
724,124,50000,17,2,1,0,0,
475,464,90,0,0,0,0,0,0,0,
0,0,0,0,0,0,0,0,0,0,
0.,0.,0.,
0.,0.,0.,
0.,0.,0.,
0,0,0,0,0,0,0,0,0,0,0,0,0,0,0,0,
725,124,50000,17,2,1,0,0,
398,476,374,0,0,0,0,0,0,0,
0,0,0,0,0,0,0,0,0,0,
0.,0.,0.,
0.,0.,0.,
0.,0.,0.,
0,0,0,0,0,0,0,0,0,0,0,0,0,0,0,0,
726,124,50000,17,2,1,0,0,
398,374,377,0,0,0,0,0,0,0,
0,0,0,0,0,0,0,0,0,0,
0.,0.,0.,
0.,0.,0.,
0.,0.,0.,
0,0,0,0,0,0,0,0,0,0,0,0,0,0,0,0,
727,124,50000,17,2,1,0,0,
383,474,420,0,0,0,0,0,0,0,
0,0,0,0,0,0,0,0,0,0,
0.,0.,0.,
0.,0.,0.,
0.,0.,0.,
0,0,0,0,0,0,0,0,0,0,0,0,0,0,0,0,
728,124,50000,17,2,1,0,0,
383,475,474,0,0,0,0,0,0,0,
0,0,0,0,0,0,0,0,0,0,
0.,0.,0.,
0.,0.,0.,
0.,0.,0.,
0,0,0,0,0,0,0,0,0,0,0,0,0,0,0,0,
729,124,50000,17,2,1,0,0,
474,475,91,0,0,0,0,0,0,0,
0,0,0,0,0,0,0,0,0,0,
0.,0.,0.,
0.,0.,0.,
0.,0.,0.,
0,0,0,0,0,0,0,0,0,0,0,0,0,0,0,0,
730,124,50000,17,2,1,0,0,
461,477,465,0,0,0,0,0,0,0,
0,0,0,0,0,0,0,0,0,0,
0.,0.,0.,
0.,0.,0.,
0.,0.,0.,
0,0,0,0,0,0,0,0,0,0,0,0,0,0,0,0,
731,124,50000,17,2,1,0,0,
461,466,477,0,0,0,0,0,0,0,
0,0,0,0,0,0,0,0,0,0,
0.,0.,0.,
0.,0.,0.,
0.,0.,0.,
0,0,0,0,0,0,0,0,0,0,0,0,0,0,0,0,
732,124,50000,17,2,1,0,0,
477,466,97,0,0,0,0,0,0,0,
0,0,0,0,0,0,0,0,0,0,
0.,0.,0.,
0.,0.,0.,
0.,0.,0.,
0,0,0,0,0,0,0,0,0,0,0,0,0,0,0,0,
733,124,50000,17,2,1,0,0,
477,478,471,0,0,0,0,0,0,0,
0,0,0,0,0,0,0,0,0,0,
0.,0.,0.,
0.,0.,0.,
0.,0.,0.,
0,0,0,0,0,0,0,0,0,0,0,0,0,0,0,0,
734,124,50000,17,2,1,0,0,
465,477,471,0,0,0,0,0,0,0,
0,0,0,0,0,0,0,0,0,0,
0.,0.,0.,
0.,0.,0.,
0.,0.,0.,
0,0,0,0,0,0,0,0,0,0,0,0,0,0,0,0,
735,124,50000,17,2,1,0,0,
477,98,478,0,0,0,0,0,0,0,
0,0,0,0,0,0,0,0,0,0,
0.,0.,0.,
0.,0.,0.,
0.,0.,0.,
0,0,0,0,0,0,0,0,0,0,0,0,0,0,0,0,
736,124,50000,17,2,1,0,0,
478,379,458,0,0,0,0,0,0,0,
0,0,0,0,0,0,0,0,0,0,
0.,0.,0.,
0.,0.,0.,
0.,0.,0.,
0,0,0,0,0,0,0,0,0,0,0,0,0,0,0,0,
737,124,50000,17,2,1,0,0,
471,478,458,0,0,0,0,0,0,0,
0,0,0,0,0,0,0,0,0,0,
0.,0.,0.,
0.,0.,0.,
0.,0.,0.,
0,0,0,0,0,0,0,0,0,0,0,0,0,0,0,0,
738,124,50000,17,2,1,0,0,
478,99,379,0,0,0,0,0,0,0,
0,0,0,0,0,0,0,0,0,0,
0.,0.,0.,
0.,0.,0.,
0.,0.,0.,
0,0,0,0,0,0,0,0,0,0,0,0,0,0,0,0,
739,124,50000,17,2,1,0,0,
470,94,95,0,0,0,0,0,0,0,
0,0,0,0,0,0,0,0,0,0,
0.,0.,0.,
0.,0.,0.,
0.,0.,0.,
0,0,0,0,0,0,0,0,0,0,0,0,0,0,0,0,
740,124,50000,17,2,1,0,0,
472,93,94,0,0,0,0,0,0,0,
0,0,0,0,0,0,0,0,0,0,
0.,0.,0.,
0.,0.,0.,
0.,0.,0.,
0,0,0,0,0,0,0,0,0,0,0,0,0,0,0,0,
741,124,50000,17,2,1,0,0,
479,85,455,0,0,0,0,0,0,0,
0,0,0,0,0,0,0,0,0,0,
0.,0.,0.,
0.,0.,0.,
0.,0.,0.,
0,0,0,0,0,0,0,0,0,0,0,0,0,0,0,0,
742,124,50000,17,2,1,0,0,
467,95,96,0,0,0,0,0,0,0,
0,0,0,0,0,0,0,0,0,0,
0.,0.,0.,
0.,0.,0.,
0.,0.,0.,
0,0,0,0,0,0,0,0,0,0,0,0,0,0,0,0,
743,124,50000,17,2,1,0,0,
480,84,481,0,0,0,0,0,0,0,
0,0,0,0,0,0,0,0,0,0,
0.,0.,0.,
0.,0.,0.,
0.,0.,0.,
0,0,0,0,0,0,0,0,0,0,0,0,0,0,0,0,
744,124,50000,17,2,1,0,0,
479,481,85,0,0,0,0,0,0,0,
0,0,0,0,0,0,0,0,0,0,
0.,0.,0.,
0.,0.,0.,
0.,0.,0.,
0,0,0,0,0,0,0,0,0,0,0,0,0,0,0,0,
745,124,50000,17,2,1,0,0,
84,480,482,0,0,0,0,0,0,0,
0,0,0,0,0,0,0,0,0,0,
0.,0.,0.,
0.,0.,0.,
0.,0.,0.,
0,0,0,0,0,0,0,0,0,0,0,0,0,0,0,0,
746,124,50000,17,2,1,0,0,
473,92,93,0,0,0,0,0,0,0,
0,0,0,0,0,0,0,0,0,0,
0.,0.,0.,
0.,0.,0.,
0.,0.,0.,
0,0,0,0,0,0,0,0,0,0,0,0,0,0,0,0,
747,124,50000,17,2,1,0,0,
396,397,483,0,0,0,0,0,0,0,
0,0,0,0,0,0,0,0,0,0,
0.,0.,0.,
0.,0.,0.,
0.,0.,0.,
0,0,0,0,0,0,0,0,0,0,0,0,0,0,0,0,
748,124,50000,17,2,1,0,0,
466,96,97,0,0,0,0,0,0,0,
0,0,0,0,0,0,0,0,0,0,
0.,0.,0.,
0.,0.,0.,
0.,0.,0.,
0,0,0,0,0,0,0,0,0,0,0,0,0,0,0,0,
749,124,50000,17,2,1,0,0,
392,122,123,0,0,0,0,0,0,0,
0,0,0,0,0,0,0,0,0,0,
0.,0.,0.,
0.,0.,0.,
0.,0.,0.,
0,0,0,0,0,0,0,0,0,0,0,0,0,0,0,0,
750,124,50000,17,2,1,0,0,
393,121,122,0,0,0,0,0,0,0,
0,0,0,0,0,0,0,0,0,0,
0.,0.,0.,
0.,0.,0.,
0.,0.,0.,
0,0,0,0,0,0,0,0,0,0,0,0,0,0,0,0,
751,124,50000,17,2,1,0,0,
403,405,391,0,0,0,0,0,0,0,
0,0,0,0,0,0,0,0,0,0,
0.,0.,0.,
0.,0.,0.,
0.,0.,0.,
0,0,0,0,0,0,0,0,0,0,0,0,0,0,0,0,
752,124,50000,17,2,1,0,0,
479,455,407,0,0,0,0,0,0,0,
0,0,0,0,0,0,0,0,0,0,
0.,0.,0.,
0.,0.,0.,
0.,0.,0.,
0,0,0,0,0,0,0,0,0,0,0,0,0,0,0,0,
753,124,50000,17,2,1,0,0,
479,407,395,0,0,0,0,0,0,0,
0,0,0,0,0,0,0,0,0,0,
0.,0.,0.,
0.,0.,0.,
0.,0.,0.,
0,0,0,0,0,0,0,0,0,0,0,0,0,0,0,0,
754,124,50000,17,2,1,0,0,
480,481,396,0,0,0,0,0,0,0,
0,0,0,0,0,0,0,0,0,0,
0.,0.,0.,
0.,0.,0.,
0.,0.,0.,
0,0,0,0,0,0,0,0,0,0,0,0,0,0,0,0,
755,124,50000,17,2,1,0,0,
480,396,483,0,0,0,0,0,0,0,
0,0,0,0,0,0,0,0,0,0,
0.,0.,0.,
0.,0.,0.,
0.,0.,0.,
0,0,0,0,0,0,0,0,0,0,0,0,0,0,0,0,
756,124,50000,17,2,1,0,0,
484,485,482,0,0,0,0,0,0,0,
0,0,0,0,0,0,0,0,0,0,
0.,0.,0.,
0.,0.,0.,
0.,0.,0.,
0,0,0,0,0,0,0,0,0,0,0,0,0,0,0,0,
757,124,50000,17,2,1,0,0,
484,482,480,0,0,0,0,0,0,0,
0,0,0,0,0,0,0,0,0,0,
0.,0.,0.,
0.,0.,0.,
0.,0.,0.,
0,0,0,0,0,0,0,0,0,0,0,0,0,0,0,0,
758,124,50000,17,2,1,0,0,
483,484,480,0,0,0,0,0,0,0,
0,0,0,0,0,0,0,0,0,0,
0.,0.,0.,
0.,0.,0.,
0.,0.,0.,
0,0,0,0,0,0,0,0,0,0,0,0,0,0,0,0,
759,124,50000,17,2,1,0,0,
486,385,487,0,0,0,0,0,0,0,
0,0,0,0,0,0,0,0,0,0,
0.,0.,0.,
0.,0.,0.,
0.,0.,0.,
0,0,0,0,0,0,0,0,0,0,0,0,0,0,0,0,
760,124,50000,17,2,1,0,0,
385,486,104,0,0,0,0,0,0,0,
0,0,0,0,0,0,0,0,0,0,
0.,0.,0.,
0.,0.,0.,
0.,0.,0.,
0,0,0,0,0,0,0,0,0,0,0,0,0,0,0,0,
761,124,50000,17,2,1,0,0,
105,385,104,0,0,0,0,0,0,0,
0,0,0,0,0,0,0,0,0,0,
0.,0.,0.,
0.,0.,0.,
0.,0.,0.,
0,0,0,0,0,0,0,0,0,0,0,0,0,0,0,0,
762,124,50000,17,2,1,0,0,
374,476,388,0,0,0,0,0,0,0,
0,0,0,0,0,0,0,0,0,0,
0.,0.,0.,
0.,0.,0.,
0.,0.,0.,
0,0,0,0,0,0,0,0,0,0,0,0,0,0,0,0,
763,124,50000,17,2,1,0,0,
488,388,476,0,0,0,0,0,0,0,
0,0,0,0,0,0,0,0,0,0,
0.,0.,0.,
0.,0.,0.,
0.,0.,0.,
0,0,0,0,0,0,0,0,0,0,0,0,0,0,0,0,
764,124,50000,17,2,1,0,0,
476,102,488,0,0,0,0,0,0,0,
0,0,0,0,0,0,0,0,0,0,
0.,0.,0.,
0.,0.,0.,
0.,0.,0.,
0,0,0,0,0,0,0,0,0,0,0,0,0,0,0,0,
765,124,50000,17,2,1,0,0,
81,490,489,0,0,0,0,0,0,0,
0,0,0,0,0,0,0,0,0,0,
0.,0.,0.,
0.,0.,0.,
0.,0.,0.,
0,0,0,0,0,0,0,0,0,0,0,0,0,0,0,0,
766,124,50000,17,2,1,0,0,
490,81,484,0,0,0,0,0,0,0,
0,0,0,0,0,0,0,0,0,0,
0.,0.,0.,
0.,0.,0.,
0.,0.,0.,
0,0,0,0,0,0,0,0,0,0,0,0,0,0,0,0,
767,124,50000,17,2,1,0,0,
81,82,484,0,0,0,0,0,0,0,
0,0,0,0,0,0,0,0,0,0,
0.,0.,0.,
0.,0.,0.,
0.,0.,0.,
0,0,0,0,0,0,0,0,0,0,0,0,0,0,0,0,
768,124,50000,17,2,1,0,0,
487,77,486,0,0,0,0,0,0,0,
0,0,0,0,0,0,0,0,0,0,
0.,0.,0.,
0.,0.,0.,
0.,0.,0.,
0,0,0,0,0,0,0,0,0,0,0,0,0,0,0,0,
769,124,50000,17,2,1,0,0,
77,487,491,0,0,0,0,0,0,0,
0,0,0,0,0,0,0,0,0,0,
0.,0.,0.,
0.,0.,0.,
0.,0.,0.,
0,0,0,0,0,0,0,0,0,0,0,0,0,0,0,0,
770,124,50000,17,2,1,0,0,
76,77,491,0,0,0,0,0,0,0,
0,0,0,0,0,0,0,0,0,0,
0.,0.,0.,
0.,0.,0.,
0.,0.,0.,
0,0,0,0,0,0,0,0,0,0,0,0,0,0,0,0,
771,124,50000,17,2,1,0,0,
385,376,487,0,0,0,0,0,0,0,
0,0,0,0,0,0,0,0,0,0,
0.,0.,0.,
0.,0.,0.,
0.,0.,0.,
0,0,0,0,0,0,0,0,0,0,0,0,0,0,0,0,
772,124,50000,17,2,1,0,0,
376,385,384,0,0,0,0,0,0,0,
0,0,0,0,0,0,0,0,0,0,
0.,0.,0.,
0.,0.,0.,
0.,0.,0.,
0,0,0,0,0,0,0,0,0,0,0,0,0,0,0,0,
773,124,50000,17,2,1,0,0,
396,481,479,0,0,0,0,0,0,0,
0,0,0,0,0,0,0,0,0,0,
0.,0.,0.,
0.,0.,0.,
0.,0.,0.,
0,0,0,0,0,0,0,0,0,0,0,0,0,0,0,0,
774,124,50000,17,2,1,0,0,
479,395,396,0,0,0,0,0,0,0,
0,0,0,0,0,0,0,0,0,0,
0.,0.,0.,
0.,0.,0.,
0.,0.,0.,
0,0,0,0,0,0,0,0,0,0,0,0,0,0,0,0,
775,124,50000,17,2,1,0,0,
376,388,491,0,0,0,0,0,0,0,
0,0,0,0,0,0,0,0,0,0,
0.,0.,0.,
0.,0.,0.,
0.,0.,0.,
0,0,0,0,0,0,0,0,0,0,0,0,0,0,0,0,
776,124,50000,17,2,1,0,0,
491,388,492,0,0,0,0,0,0,0,
0,0,0,0,0,0,0,0,0,0,
0.,0.,0.,
0.,0.,0.,
0.,0.,0.,
0,0,0,0,0,0,0,0,0,0,0,0,0,0,0,0,
777,124,50000,17,2,1,0,0,
492,388,488,0,0,0,0,0,0,0,
0,0,0,0,0,0,0,0,0,0,
0.,0.,0.,
0.,0.,0.,
0.,0.,0.,
0,0,0,0,0,0,0,0,0,0,0,0,0,0,0,0,
778,124,50000,17,2,1,0,0,
492,9,76,0,0,0,0,0,0,0,
0,0,0,0,0,0,0,0,0,0,
0.,0.,0.,
0.,0.,0.,
0.,0.,0.,
0,0,0,0,0,0,0,0,0,0,0,0,0,0,0,0,
779,124,50000,17,2,1,0,0,
492,76,491,0,0,0,0,0,0,0,
0,0,0,0,0,0,0,0,0,0,
0.,0.,0.,
0.,0.,0.,
0.,0.,0.,
0,0,0,0,0,0,0,0,0,0,0,0,0,0,0,0,
780,124,50000,17,2,1,0,0,
377,424,401,0,0,0,0,0,0,0,
0,0,0,0,0,0,0,0,0,0,
0.,0.,0.,
0.,0.,0.,
0.,0.,0.,
0,0,0,0,0,0,0,0,0,0,0,0,0,0,0,0,
781,124,50000,17,2,1,0,0,
474,91,92,0,0,0,0,0,0,0,
0,0,0,0,0,0,0,0,0,0,
0.,0.,0.,
0.,0.,0.,
0.,0.,0.,
0,0,0,0,0,0,0,0,0,0,0,0,0,0,0,0,
782,124,50000,17,2,1,0,0,
401,448,469,0,0,0,0,0,0,0,
0,0,0,0,0,0,0,0,0,0,
0.,0.,0.,
0.,0.,0.,
0.,0.,0.,
0,0,0,0,0,0,0,0,0,0,0,0,0,0,0,0,
783,124,50000,17,2,1,0,0,
469,458,401,0,0,0,0,0,0,0,
0,0,0,0,0,0,0,0,0,0,
0.,0.,0.,
0.,0.,0.,
0.,0.,0.,
0,0,0,0,0,0,0,0,0,0,0,0,0,0,0,0,
784,124,50000,17,2,1,0,0,
469,445,468,0,0,0,0,0,0,0,
0,0,0,0,0,0,0,0,0,0,
0.,0.,0.,
0.,0.,0.,
0.,0.,0.,
0,0,0,0,0,0,0,0,0,0,0,0,0,0,0,0,
785,124,50000,17,2,1,0,0,
468,471,469,0,0,0,0,0,0,0,
0,0,0,0,0,0,0,0,0,0,
0.,0.,0.,
0.,0.,0.,
0.,0.,0.,
0,0,0,0,0,0,0,0,0,0,0,0,0,0,0,0,
786,124,50000,17,2,1,0,0,
468,440,463,0,0,0,0,0,0,0,
0,0,0,0,0,0,0,0,0,0,
0.,0.,0.,
0.,0.,0.,
0.,0.,0.,
0,0,0,0,0,0,0,0,0,0,0,0,0,0,0,0,
787,124,50000,17,2,1,0,0,
463,465,468,0,0,0,0,0,0,0,
0,0,0,0,0,0,0,0,0,0,
0.,0.,0.,
0.,0.,0.,
0.,0.,0.,
0,0,0,0,0,0,0,0,0,0,0,0,0,0,0,0,
788,124,50000,17,2,1,0,0,
463,437,460,0,0,0,0,0,0,0,
0,0,0,0,0,0,0,0,0,0,
0.,0.,0.,
0.,0.,0.,
0.,0.,0.,
0,0,0,0,0,0,0,0,0,0,0,0,0,0,0,0,
789,124,50000,17,2,1,0,0,
460,461,463,0,0,0,0,0,0,0,
0,0,0,0,0,0,0,0,0,0,
0.,0.,0.,
0.,0.,0.,
0.,0.,0.,
0,0,0,0,0,0,0,0,0,0,0,0,0,0,0,0,
790,124,50000,17,2,1,0,0,
460,434,456,0,0,0,0,0,0,0,
0,0,0,0,0,0,0,0,0,0,
0.,0.,0.,
0.,0.,0.,
0.,0.,0.,
0,0,0,0,0,0,0,0,0,0,0,0,0,0,0,0,
791,124,50000,17,2,1,0,0,
456,457,460,0,0,0,0,0,0,0,
0,0,0,0,0,0,0,0,0,0,
0.,0.,0.,
0.,0.,0.,
0.,0.,0.,
0,0,0,0,0,0,0,0,0,0,0,0,0,0,0,0,
792,124,50000,17,2,1,0,0,
456,429,452,0,0,0,0,0,0,0,
0,0,0,0,0,0,0,0,0,0,
0.,0.,0.,
0.,0.,0.,
0.,0.,0.,
0,0,0,0,0,0,0,0,0,0,0,0,0,0,0,0,
793,124,50000,17,2,1,0,0,
484,483,490,0,0,0,0,0,0,0,
0,0,0,0,0,0,0,0,0,0,
0.,0.,0.,
0.,0.,0.,
0.,0.,0.,
0,0,0,0,0,0,0,0,0,0,0,0,0,0,0,0,
794,124,50000,17,2,1,0,0,
376,491,487,0,0,0,0,0,0,0,
0,0,0,0,0,0,0,0,0,0,
0.,0.,0.,
0.,0.,0.,
0.,0.,0.,
0,0,0,0,0,0,0,0,0,0,0,0,0,0,0,0,
795,124,50000,17,2,1,0,0,
452,453,456,0,0,0,0,0,0,0,
0,0,0,0,0,0,0,0,0,0,
0.,0.,0.,
0.,0.,0.,
0.,0.,0.,
0,0,0,0,0,0,0,0,0,0,0,0,0,0,0,0,
796,124,50000,17,2,1,0,0,
483,409,490,0,0,0,0,0,0,0,
0,0,0,0,0,0,0,0,0,0,
0.,0.,0.,
0.,0.,0.,
0.,0.,0.,
0,0,0,0,0,0,0,0,0,0,0,0,0,0,0,0,
797,124,50000,17,2,1,0,0,
409,483,397,0,0,0,0,0,0,0,
0,0,0,0,0,0,0,0,0,0,
0.,0.,0.,
0.,0.,0.,
0.,0.,0.,
0,0,0,0,0,0,0,0,0,0,0,0,0,0,0,0,
798,124,50000,17,2,1,0,0,
452,426,443,0,0,0,0,0,0,0,
0,0,0,0,0,0,0,0,0,0,
0.,0.,0.,
0.,0.,0.,
0.,0.,0.,
0,0,0,0,0,0,0,0,0,0,0,0,0,0,0,0,
799,124,50000,17,2,1,0,0,
477,97,98,0,0,0,0,0,0,0,
0,0,0,0,0,0,0,0,0,0,
0.,0.,0.,
0.,0.,0.,
0.,0.,0.,
0,0,0,0,0,0,0,0,0,0,0,0,0,0,0,0,
800,124,50000,17,2,1,0,0,
389,119,120,0,0,0,0,0,0,0,
0,0,0,0,0,0,0,0,0,0,
0.,0.,0.,
0.,0.,0.,
0.,0.,0.,
0,0,0,0,0,0,0,0,0,0,0,0,0,0,0,0,
801,124,50000,17,2,1,0,0,
443,444,452,0,0,0,0,0,0,0,
0,0,0,0,0,0,0,0,0,0,
0.,0.,0.,
0.,0.,0.,
0.,0.,0.,
0,0,0,0,0,0,0,0,0,0,0,0,0,0,0,0,
802,124,50000,17,2,1,0,0,
390,118,119,0,0,0,0,0,0,0,
0,0,0,0,0,0,0,0,0,0,
0.,0.,0.,
0.,0.,0.,
0.,0.,0.,
0,0,0,0,0,0,0,0,0,0,0,0,0,0,0,0,
803,124,50000,17,2,1,0,0,
412,117,118,0,0,0,0,0,0,0,
0,0,0,0,0,0,0,0,0,0,
0.,0.,0.,
0.,0.,0.,
0.,0.,0.,
0,0,0,0,0,0,0,0,0,0,0,0,0,0,0,0,
804,124,50000,17,2,1,0,0,
443,421,432,0,0,0,0,0,0,0,
0,0,0,0,0,0,0,0,0,0,
0.,0.,0.,
0.,0.,0.,
0.,0.,0.,
0,0,0,0,0,0,0,0,0,0,0,0,0,0,0,0,
805,124,50000,17,2,1,0,0,
431,112,113,0,0,0,0,0,0,0,
0,0,0,0,0,0,0,0,0,0,
0.,0.,0.,
0.,0.,0.,
0.,0.,0.,
0,0,0,0,0,0,0,0,0,0,0,0,0,0,0,0,
806,124,50000,17,2,1,0,0,
436,111,112,0,0,0,0,0,0,0,
0,0,0,0,0,0,0,0,0,0,
0.,0.,0.,
0.,0.,0.,
0.,0.,0.,
0,0,0,0,0,0,0,0,0,0,0,0,0,0,0,0,
807,124,50000,17,2,1,0,0,
488,102,103,0,0,0,0,0,0,0,
0,0,0,0,0,0,0,0,0,0,
0.,0.,0.,
0.,0.,0.,
0.,0.,0.,
0,0,0,0,0,0,0,0,0,0,0,0,0,0,0,0,
808,124,50000,17,2,1,0,0,
432,433,443,0,0,0,0,0,0,0,
0,0,0,0,0,0,0,0,0,0,
0.,0.,0.,
0.,0.,0.,
0.,0.,0.,
0,0,0,0,0,0,0,0,0,0,0,0,0,0,0,0,
809,124,50000,17,2,1,0,0,
391,400,406,0,0,0,0,0,0,0,
0,0,0,0,0,0,0,0,0,0,
0.,0.,0.,
0.,0.,0.,
0.,0.,0.,
0,0,0,0,0,0,0,0,0,0,0,0,0,0,0,0,
810,124,50000,17,2,1,0,0,
378,100,101,0,0,0,0,0,0,0,
0,0,0,0,0,0,0,0,0,0,
0.,0.,0.,
0.,0.,0.,
0.,0.,0.,
0,0,0,0,0,0,0,0,0,0,0,0,0,0,0,0,
811,124,50000,17,2,1,0,0,
84,482,83,0,0,0,0,0,0,0,
0,0,0,0,0,0,0,0,0,0,
0.,0.,0.,
0.,0.,0.,
0.,0.,0.,
0,0,0,0,0,0,0,0,0,0,0,0,0,0,0,0,
812,124,50000,17,2,1,0,0,
432,416,419,0,0,0,0,0,0,0,
0,0,0,0,0,0,0,0,0,0,
0.,0.,0.,
0.,0.,0.,
0.,0.,0.,
0,0,0,0,0,0,0,0,0,0,0,0,0,0,0,0,
813,124,50000,17,2,1,0,0,
411,387,410,0,0,0,0,0,0,0,
0,0,0,0,0,0,0,0,0,0,
0.,0.,0.,
0.,0.,0.,
0.,0.,0.,
0,0,0,0,0,0,0,0,0,0,0,0,0,0,0,0,
814,124,50000,17,2,1,0,0,
411,118,390,0,0,0,0,0,0,0,
0,0,0,0,0,0,0,0,0,0,
0.,0.,0.,
0.,0.,0.,
0.,0.,0.,
0,0,0,0,0,0,0,0,0,0,0,0,0,0,0,0,
815,124,50000,17,2,1,0,0,
419,420,432,0,0,0,0,0,0,0,
0,0,0,0,0,0,0,0,0,0,
0.,0.,0.,
0.,0.,0.,
0.,0.,0.,
0,0,0,0,0,0,0,0,0,0,0,0,0,0,0,0,
816,124,50000,17,2,1,0,0,
419,413,382,0,0,0,0,0,0,0,
0,0,0,0,0,0,0,0,0,0,
0.,0.,0.,
0.,0.,0.,
0.,0.,0.,
0,0,0,0,0,0,0,0,0,0,0,0,0,0,0,0,
817,124,50000,17,2,1,0,0,
414,382,413,0,0,0,0,0,0,0,
0,0,0,0,0,0,0,0,0,0,
0.,0.,0.,
0.,0.,0.,
0.,0.,0.,
0,0,0,0,0,0,0,0,0,0,0,0,0,0,0,0,
818,124,50000,17,2,1,0,0,
414,117,412,0,0,0,0,0,0,0,
0,0,0,0,0,0,0,0,0,0,
0.,0.,0.,
0.,0.,0.,
0.,0.,0.,
0,0,0,0,0,0,0,0,0,0,0,0,0,0,0,0,
819,124,50000,17,2,1,0,0,
493,123,124,0,0,0,0,0,0,0,
0,0,0,0,0,0,0,0,0,0,
0.,0.,0.,
0.,0.,0.,
0.,0.,0.,
0,0,0,0,0,0,0,0,0,0,0,0,0,0,0,0,
820,124,50000,17,2,1,0,0,
382,383,419,0,0,0,0,0,0,0,
0,0,0,0,0,0,0,0,0,0,
0.,0.,0.,
0.,0.,0.,
0.,0.,0.,
0,0,0,0,0,0,0,0,0,0,0,0,0,0,0,0,
821,124,50000,17,2,1,0,0,
417,419,416,0,0,0,0,0,0,0,
0,0,0,0,0,0,0,0,0,0,
0.,0.,0.,
0.,0.,0.,
0.,0.,0.,
0,0,0,0,0,0,0,0,0,0,0,0,0,0,0,0,
822,124,50000,17,2,1,0,0,
417,116,415,0,0,0,0,0,0,0,
0,0,0,0,0,0,0,0,0,0,
0.,0.,0.,
0.,0.,0.,
0.,0.,0.,
0,0,0,0,0,0,0,0,0,0,0,0,0,0,0,0,
823,124,50000,17,2,1,0,0,
382,410,387,0,0,0,0,0,0,0,
0,0,0,0,0,0,0,0,0,0,
0.,0.,0.,
0.,0.,0.,
0.,0.,0.,
0,0,0,0,0,0,0,0,0,0,0,0,0,0,0,0,
824,124,50000,17,2,1,0,0,
422,432,421,0,0,0,0,0,0,0,
0,0,0,0,0,0,0,0,0,0,
0.,0.,0.,
0.,0.,0.,
0.,0.,0.,
0,0,0,0,0,0,0,0,0,0,0,0,0,0,0,0,
825,124,50000,17,2,1,0,0,
422,115,418,0,0,0,0,0,0,0,
0,0,0,0,0,0,0,0,0,0,
0.,0.,0.,
0.,0.,0.,
0.,0.,0.,
0,0,0,0,0,0,0,0,0,0,0,0,0,0,0,0,
826,124,50000,17,2,1,0,0,
387,381,382,0,0,0,0,0,0,0,
0,0,0,0,0,0,0,0,0,0,
0.,0.,0.,
0.,0.,0.,
0.,0.,0.,
0,0,0,0,0,0,0,0,0,0,0,0,0,0,0,0,
827,124,50000,17,2,1,0,0,
427,443,426,0,0,0,0,0,0,0,
0,0,0,0,0,0,0,0,0,0,
0.,0.,0.,
0.,0.,0.,
0.,0.,0.,
0,0,0,0,0,0,0,0,0,0,0,0,0,0,0,0,
828,124,50000,17,2,1,0,0,
427,114,423,0,0,0,0,0,0,0,
0,0,0,0,0,0,0,0,0,0,
0.,0.,0.,
0.,0.,0.,
0.,0.,0.,
0,0,0,0,0,0,0,0,0,0,0,0,0,0,0,0,
829,124,50000,17,2,1,0,0,
387,406,400,0,0,0,0,0,0,0,
0,0,0,0,0,0,0,0,0,0,
0.,0.,0.,
0.,0.,0.,
0.,0.,0.,
0,0,0,0,0,0,0,0,0,0,0,0,0,0,0,0,
830,124,50000,17,2,1,0,0,
430,452,429,0,0,0,0,0,0,0,
0,0,0,0,0,0,0,0,0,0,
0.,0.,0.,
0.,0.,0.,
0.,0.,0.,
0,0,0,0,0,0,0,0,0,0,0,0,0,0,0,0,
831,124,50000,17,2,1,0,0,
430,113,428,0,0,0,0,0,0,0,
0,0,0,0,0,0,0,0,0,0,
0.,0.,0.,
0.,0.,0.,
0.,0.,0.,
0,0,0,0,0,0,0,0,0,0,0,0,0,0,0,0,
832,124,50000,17,2,1,0,0,
400,386,387,0,0,0,0,0,0,0,
0,0,0,0,0,0,0,0,0,0,
0.,0.,0.,
0.,0.,0.,
0.,0.,0.,
0,0,0,0,0,0,0,0,0,0,0,0,0,0,0,0,
833,124,50000,17,2,1,0,0,
435,456,434,0,0,0,0,0,0,0,
0,0,0,0,0,0,0,0,0,0,
0.,0.,0.,
0.,0.,0.,
0.,0.,0.,
0,0,0,0,0,0,0,0,0,0,0,0,0,0,0,0,
834,124,50000,17,2,1,0,0,
435,112,431,0,0,0,0,0,0,0,
0,0,0,0,0,0,0,0,0,0,
0.,0.,0.,
0.,0.,0.,
0.,0.,0.,
0,0,0,0,0,0,0,0,0,0,0,0,0,0,0,0,
835,124,50000,17,2,1,0,0,
464,89,90,0,0,0,0,0,0,0,
0,0,0,0,0,0,0,0,0,0,
0.,0.,0.,
0.,0.,0.,
0.,0.,0.,
0,0,0,0,0,0,0,0,0,0,0,0,0,0,0,0,
836,124,50000,17,2,1,0,0,
438,460,437,0,0,0,0,0,0,0,
0,0,0,0,0,0,0,0,0,0,
0.,0.,0.,
0.,0.,0.,
0.,0.,0.,
0,0,0,0,0,0,0,0,0,0,0,0,0,0,0,0,
837,124,50000,17,2,1,0,0,
405,399,400,0,0,0,0,0,0,0,
0,0,0,0,0,0,0,0,0,0,
0.,0.,0.,
0.,0.,0.,
0.,0.,0.,
0,0,0,0,0,0,0,0,0,0,0,0,0,0,0,0,
838,124,50000,17,2,1,0,0,
438,111,436,0,0,0,0,0,0,0,
0,0,0,0,0,0,0,0,0,0,
0.,0.,0.,
0.,0.,0.,
0.,0.,0.,
0,0,0,0,0,0,0,0,0,0,0,0,0,0,0,0,
839,124,50000,17,2,1,0,0,
478,98,99,0,0,0,0,0,0,0,
0,0,0,0,0,0,0,0,0,0,
0.,0.,0.,
0.,0.,0.,
0.,0.,0.,
0,0,0,0,0,0,0,0,0,0,0,0,0,0,0,0,
840,124,50000,17,2,1,0,0,
408,404,405,0,0,0,0,0,0,0,
0,0,0,0,0,0,0,0,0,0,
0.,0.,0.,
0.,0.,0.,
0.,0.,0.,
0,0,0,0,0,0,0,0,0,0,0,0,0,0,0,0,
841,124,50000,17,2,1,0,0,
395,407,408,0,0,0,0,0,0,0,
0,0,0,0,0,0,0,0,0,0,
0.,0.,0.,
0.,0.,0.,
0.,0.,0.,
0,0,0,0,0,0,0,0,0,0,0,0,0,0,0,0,
842,124,50000,17,2,1,0,0,
475,90,91,0,0,0,0,0,0,0,
0,0,0,0,0,0,0,0,0,0,
0.,0.,0.,
0.,0.,0.,
0.,0.,0.,
0,0,0,0,0,0,0,0,0,0,0,0,0,0,0,0,
843,124,50000,17,2,1,0,0,
490,409,493,0,0,0,0,0,0,0,
0,0,0,0,0,0,0,0,0,0,
0.,0.,0.,
0.,0.,0.,
0.,0.,0.,
0,0,0,0,0,0,0,0,0,0,0,0,0,0,0,0,
844,124,50000,17,2,1,0,0,
409,123,493,0,0,0,0,0,0,0,
0,0,0,0,0,0,0,0,0,0,
0.,0.,0.,
0.,0.,0.,
0.,0.,0.,
0,0,0,0,0,0,0,0,0,0,0,0,0,0,0,0,
845,124,50000,17,2,1,0,0,
12,485,82,0,0,0,0,0,0,0,
0,0,0,0,0,0,0,0,0,0,
0.,0.,0.,
0.,0.,0.,
0.,0.,0.,
0,0,0,0,0,0,0,0,0,0,0,0,0,0,0,0,
846,124,50000,17,2,1,0,0,
441,463,440,0,0,0,0,0,0,0,
0,0,0,0,0,0,0,0,0,0,
0.,0.,0.,
0.,0.,0.,
0.,0.,0.,
0,0,0,0,0,0,0,0,0,0,0,0,0,0,0,0,
847,124,50000,17,2,1,0,0,
82,485,484,0,0,0,0,0,0,0,
0,0,0,0,0,0,0,0,0,0,
0.,0.,0.,
0.,0.,0.,
0.,0.,0.,
0,0,0,0,0,0,0,0,0,0,0,0,0,0,0,0,
848,124,50000,17,2,1,0,0,
493,489,490,0,0,0,0,0,0,0,
0,0,0,0,0,0,0,0,0,0,
0.,0.,0.,
0.,0.,0.,
0.,0.,0.,
0,0,0,0,0,0,0,0,0,0,0,0,0,0,0,0,
849,124,50000,17,2,1,0,0,
489,80,81,0,0,0,0,0,0,0,
0,0,0,0,0,0,0,0,0,0,
0.,0.,0.,
0.,0.,0.,
0.,0.,0.,
0,0,0,0,0,0,0,0,0,0,0,0,0,0,0,0,
850,124,50000,17,2,1,0,0,
441,110,439,0,0,0,0,0,0,0,
0,0,0,0,0,0,0,0,0,0,
0.,0.,0.,
0.,0.,0.,
0.,0.,0.,
0,0,0,0,0,0,0,0,0,0,0,0,0,0,0,0,
851,124,50000,17,2,1,0,0,
78,486,77,0,0,0,0,0,0,0,
0,0,0,0,0,0,0,0,0,0,
0.,0.,0.,
0.,0.,0.,
0.,0.,0.,
0,0,0,0,0,0,0,0,0,0,0,0,0,0,0,0,
852,124,50000,17,2,1,0,0,
482,485,83,0,0,0,0,0,0,0,
0,0,0,0,0,0,0,0,0,0,
0.,0.,0.,
0.,0.,0.,
0.,0.,0.,
0,0,0,0,0,0,0,0,0,0,0,0,0,0,0,0,
853,124,50000,17,2,1,0,0,
481,84,85,0,0,0,0,0,0,0,
0,0,0,0,0,0,0,0,0,0,
0.,0.,0.,
0.,0.,0.,
0.,0.,0.,
0,0,0,0,0,0,0,0,0,0,0,0,0,0,0,0,
854,124,50000,17,2,1,0,0,
83,485,11,0,0,0,0,0,0,0,
0,0,0,0,0,0,0,0,0,0,
0.,0.,0.,
0.,0.,0.,
0.,0.,0.,
0,0,0,0,0,0,0,0,0,0,0,0,0,0,0,0,
855,124,50000,17,2,1,0,0,
446,468,445,0,0,0,0,0,0,0,
0,0,0,0,0,0,0,0,0,0,
0.,0.,0.,
0.,0.,0.,
0.,0.,0.,
0,0,0,0,0,0,0,0,0,0,0,0,0,0,0,0,
856,124,50000,17,2,1,0,0,
446,109,442,0,0,0,0,0,0,0,
0,0,0,0,0,0,0,0,0,0,
0.,0.,0.,
0.,0.,0.,
0.,0.,0.,
0,0,0,0,0,0,0,0,0,0,0,0,0,0,0,0,
857,124,50000,17,2,1,0,0,
485,12,11,0,0,0,0,0,0,0,
0,0,0,0,0,0,0,0,0,0,
0.,0.,0.,
0.,0.,0.,
0.,0.,0.,
0,0,0,0,0,0,0,0,0,0,0,0,0,0,0,0,
858,124,50000,17,2,1,0,0,
449,469,448,0,0,0,0,0,0,0,
0,0,0,0,0,0,0,0,0,0,
0.,0.,0.,
0.,0.,0.,
0.,0.,0.,
0,0,0,0,0,0,0,0,0,0,0,0,0,0,0,0,
859,124,50000,17,2,1,0,0,
492,488,103,0,0,0,0,0,0,0,
0,0,0,0,0,0,0,0,0,0,
0.,0.,0.,
0.,0.,0.,
0.,0.,0.,
0,0,0,0,0,0,0,0,0,0,0,0,0,0,0,0,
860,124,50000,17,2,1,0,0,
449,108,447,0,0,0,0,0,0,0,
0,0,0,0,0,0,0,0,0,0,
0.,0.,0.,
0.,0.,0.,
0.,0.,0.,
0,0,0,0,0,0,0,0,0,0,0,0,0,0,0,0,
861,124,50000,17,2,1,0,0,
455,85,86,0,0,0,0,0,0,0,
0,0,0,0,0,0,0,0,0,0,
0.,0.,0.,
0.,0.,0.,
0.,0.,0.,
0,0,0,0,0,0,0,0,0,0,0,0,0,0,0,0,
862,124,50000,17,2,1,0,0,
492,103,10,0,0,0,0,0,0,0,
0,0,0,0,0,0,0,0,0,0,
0.,0.,0.,
0.,0.,0.,
0.,0.,0.,
0,0,0,0,0,0,0,0,0,0,0,0,0,0,0,0,
863,124,50000,17,2,1,0,0,
451,401,424,0,0,0,0,0,0,0,
0,0,0,0,0,0,0,0,0,0,
0.,0.,0.,
0.,0.,0.,
0.,0.,0.,
0,0,0,0,0,0,0,0,0,0,0,0,0,0,0,0,
864,124,50000,17,2,1,0,0,
451,107,450,0,0,0,0,0,0,0,
0,0,0,0,0,0,0,0,0,0,
0.,0.,0.,
0.,0.,0.,
0.,0.,0.,
0,0,0,0,0,0,0,0,0,0,0,0,0,0,0,0,
865,124,50000,17,2,1,0,0,
9,492,10,0,0,0,0,0,0,0,
0,0,0,0,0,0,0,0,0,0,
0.,0.,0.,
0.,0.,0.,
0.,0.,0.,
0,0,0,0,0,0,0,0,0,0,0,0,0,0,0,0,
866,124,50000,17,2,1,0,0,
375,424,377,0,0,0,0,0,0,0,
0,0,0,0,0,0,0,0,0,0,
0.,0.,0.,
0.,0.,0.,
0.,0.,0.,
0,0,0,0,0,0,0,0,0,0,0,0,0,0,0,0,
867,124,50000,17,2,1,0,0,
104,486,17,0,0,0,0,0,0,0,
0,0,0,0,0,0,0,0,0,0,
0.,0.,0.,
0.,0.,0.,
0.,0.,0.,
0,0,0,0,0,0,0,0,0,0,0,0,0,0,0,0,
868,124,50000,17,2,1,0,0,
415,116,117,0,0,0,0,0,0,0,
0,0,0,0,0,0,0,0,0,0,
0.,0.,0.,
0.,0.,0.,
0.,0.,0.,
0,0,0,0,0,0,0,0,0,0,0,0,0,0,0,0,
869,124,50000,17,2,1,0,0,
454,86,87,0,0,0,0,0,0,0,
0,0,0,0,0,0,0,0,0,0,
0.,0.,0.,
0.,0.,0.,
0.,0.,0.,
0,0,0,0,0,0,0,0,0,0,0,0,0,0,0,0,
870,124,50000,17,2,1,0,0,
486,78,17,0,0,0,0,0,0,0,
0,0,0,0,0,0,0,0,0,0,
0.,0.,0.,
0.,0.,0.,
0.,0.,0.,
0,0,0,0,0,0,0,0,0,0,0,0,0,0,0,0,
871,124,50000,17,2,1,0,0,
489,493,124,0,0,0,0,0,0,0,
0,0,0,0,0,0,0,0,0,0,
0.,0.,0.,
0.,0.,0.,
0.,0.,0.,
0,0,0,0,0,0,0,0,0,0,0,0,0,0,0,0,
872,124,50000,17,2,1,0,0,
489,124,16,0,0,0,0,0,0,0,
0,0,0,0,0,0,0,0,0,0,
0.,0.,0.,
0.,0.,0.,
0.,0.,0.,
0,0,0,0,0,0,0,0,0,0,0,0,0,0,0,0,
873,124,50000,17,2,1,0,0,
398,101,476,0,0,0,0,0,0,0,
0,0,0,0,0,0,0,0,0,0,
0.,0.,0.,
0.,0.,0.,
0.,0.,0.,
0,0,0,0,0,0,0,0,0,0,0,0,0,0,0,0,
874,124,50000,17,2,1,0,0,
418,115,116,0,0,0,0,0,0,0,
0,0,0,0,0,0,0,0,0,0,
0.,0.,0.,
0.,0.,0.,
0.,0.,0.,
0,0,0,0,0,0,0,0,0,0,0,0,0,0,0,0,
875,124,50000,17,2,1,0,0,
80,489,16,0,0,0,0,0,0,0,
0,0,0,0,0,0,0,0,0,0,
0.,0.,0.,
0.,0.,0.,
0.,0.,0.,
0,0,0,0,0,0,0,0,0,0,0,0,0,0,0,0,
876,124,50000,17,2,1,0,0,
384,105,106,0,0,0,0,0,0,0,
0,0,0,0,0,0,0,0,0,0,
0.,0.,0.,
0.,0.,0.,
0.,0.,0.,
0,0,0,0,0,0,0,0,0,0,0,0,0,0,0,0,
877,124,50000,17,2,1,0,0,
459,87,88,0,0,0,0,0,0,0,
0,0,0,0,0,0,0,0,0,0,
0.,0.,0.,
0.,0.,0.,
0.,0.,0.,
0,0,0,0,0,0,0,0,0,0,0,0,0,0,0,0,
878,124,50000,17,2,1,0,0,
423,114,115,0,0,0,0,0,0,0,
0,0,0,0,0,0,0,0,0,0,
0.,0.,0.,
0.,0.,0.,
0.,0.,0.,
0,0,0,0,0,0,0,0,0,0,0,0,0,0,0,0,
879,124,50000,17,2,1,0,0,
380,401,458,0,0,0,0,0,0,0,
0,0,0,0,0,0,0,0,0,0,
0.,0.,0.,
0.,0.,0.,
0.,0.,0.,
0,0,0,0,0,0,0,0,0,0,0,0,0,0,0,0,
880,124,50000,17,2,1,0,0,
425,106,107,0,0,0,0,0,0,0,
0,0,0,0,0,0,0,0,0,0,
0.,0.,0.,
0.,0.,0.,
0.,0.,0.,
0,0,0,0,0,0,0,0,0,0,0,0,0,0,0,0,
881,124,50000,17,2,1,0,0,
379,99,100,0,0,0,0,0,0,0,
0,0,0,0,0,0,0,0,0,0,
0.,0.,0.,
0.,0.,0.,
0.,0.,0.,
0,0,0,0,0,0,0,0,0,0,0,0,0,0,0,0,
882,124,50000,17,2,1,0,0,
450,107,108,0,0,0,0,0,0,0,
0,0,0,0,0,0,0,0,0,0,
0.,0.,0.,
0.,0.,0.,
0.,0.,0.,
0,0,0,0,0,0,0,0,0,0,0,0,0,0,0,0,
883,124,50000,17,2,1,0,0,
476,101,102,0,0,0,0,0,0,0,
0,0,0,0,0,0,0,0,0,0,
0.,0.,0.,
0.,0.,0.,
0.,0.,0.,
0,0,0,0,0,0,0,0,0,0,0,0,0,0,0,0,
884,124,50000,17,2,1,0,0,
447,108,109,0,0,0,0,0,0,0,
0,0,0,0,0,0,0,0,0,0,
0.,0.,0.,
0.,0.,0.,
0.,0.,0.,
0,0,0,0,0,0,0,0,0,0,0,0,0,0,0,0,
885,124,50000,17,2,1,0,0,
462,88,89,0,0,0,0,0,0,0,
0,0,0,0,0,0,0,0,0,0,
0.,0.,0.,
0.,0.,0.,
0.,0.,0.,
0,0,0,0,0,0,0,0,0,0,0,0,0,0,0,0,
886,124,50000,17,2,1,0,0,
428,113,114,0,0,0,0,0,0,0,
0,0,0,0,0,0,0,0,0,0,
0.,0.,0.,
0.,0.,0.,
0.,0.,0.,
0,0,0,0,0,0,0,0,0,0,0,0,0,0,0,0,
887,124,50000,17,2,1,0,0,
442,109,110,0,0,0,0,0,0,0,
0,0,0,0,0,0,0,0,0,0,
0.,0.,0.,
0.,0.,0.,
0.,0.,0.,
0,0,0,0,0,0,0,0,0,0,0,0,0,0,0,0,
888,124,50000,17,2,1,0,0,
439,110,111,0,0,0,0,0,0,0,
0,0,0,0,0,0,0,0,0,0,
0.,0.,0.,
0.,0.,0.,
0.,0.,0.,
0,0,0,0,0,0,0,0,0,0,0,0,0,0,0,0,
926,124,20,17,2,1,0,0,
663,665,664,0,0,0,0,0,0,0,
0,0,0,0,0,0,0,0,0,0,
0.,0.,0.,
0.,0.,0.,
0.,0.,0.,
0,0,0,0,0,0,0,0,0,0,0,0,0,0,0,0,
927,124,20,17,2,1,0,0,
663,664,666,0,0,0,0,0,0,0,
0,0,0,0,0,0,0,0,0,0,
0.,0.,0.,
0.,0.,0.,
0.,0.,0.,
0,0,0,0,0,0,0,0,0,0,0,0,0,0,0,0,
928,124,20,17,2,1,0,0,
612,668,667,0,0,0,0,0,0,0,
0,0,0,0,0,0,0,0,0,0,
0.,0.,0.,
0.,0.,0.,
0.,0.,0.,
0,0,0,0,0,0,0,0,0,0,0,0,0,0,0,0,
929,124,20,17,2,1,0,0,
576,669,577,0,0,0,0,0,0,0,
0,0,0,0,0,0,0,0,0,0,
0.,0.,0.,
0.,0.,0.,
0.,0.,0.,
0,0,0,0,0,0,0,0,0,0,0,0,0,0,0,0,
930,124,20,17,2,1,0,0,
670,672,671,0,0,0,0,0,0,0,
0,0,0,0,0,0,0,0,0,0,
0.,0.,0.,
0.,0.,0.,
0.,0.,0.,
0,0,0,0,0,0,0,0,0,0,0,0,0,0,0,0,
931,124,20,17,2,1,0,0,
671,672,152,0,0,0,0,0,0,0,
0,0,0,0,0,0,0,0,0,0,
0.,0.,0.,
0.,0.,0.,
0.,0.,0.,
0,0,0,0,0,0,0,0,0,0,0,0,0,0,0,0,
932,124,20,17,2,1,0,0,
673,675,674,0,0,0,0,0,0,0,
0,0,0,0,0,0,0,0,0,0,
0.,0.,0.,
0.,0.,0.,
0.,0.,0.,
0,0,0,0,0,0,0,0,0,0,0,0,0,0,0,0,
933,124,20,17,2,1,0,0,
661,543,662,0,0,0,0,0,0,0,
0,0,0,0,0,0,0,0,0,0,
0.,0.,0.,
0.,0.,0.,
0.,0.,0.,
0,0,0,0,0,0,0,0,0,0,0,0,0,0,0,0,
934,124,20,17,2,1,0,0,
674,675,632,0,0,0,0,0,0,0,
0,0,0,0,0,0,0,0,0,0,
0.,0.,0.,
0.,0.,0.,
0.,0.,0.,
0,0,0,0,0,0,0,0,0,0,0,0,0,0,0,0,
935,124,20,17,2,1,0,0,
660,541,542,0,0,0,0,0,0,0,
0,0,0,0,0,0,0,0,0,0,
0.,0.,0.,
0.,0.,0.,
0.,0.,0.,
0,0,0,0,0,0,0,0,0,0,0,0,0,0,0,0,
936,124,20,17,2,1,0,0,
612,667,613,0,0,0,0,0,0,0,
0,0,0,0,0,0,0,0,0,0,
0.,0.,0.,
0.,0.,0.,
0.,0.,0.,
0,0,0,0,0,0,0,0,0,0,0,0,0,0,0,0,
937,124,20,17,2,1,0,0,
659,541,660,0,0,0,0,0,0,0,
0,0,0,0,0,0,0,0,0,0,
0.,0.,0.,
0.,0.,0.,
0.,0.,0.,
0,0,0,0,0,0,0,0,0,0,0,0,0,0,0,0,
938,124,20,17,2,1,0,0,
667,677,676,0,0,0,0,0,0,0,
0,0,0,0,0,0,0,0,0,0,
0.,0.,0.,
0.,0.,0.,
0.,0.,0.,
0,0,0,0,0,0,0,0,0,0,0,0,0,0,0,0,
939,124,20,17,2,1,0,0,
658,540,659,0,0,0,0,0,0,0,
0,0,0,0,0,0,0,0,0,0,
0.,0.,0.,
0.,0.,0.,
0.,0.,0.,
0,0,0,0,0,0,0,0,0,0,0,0,0,0,0,0,
940,124,20,17,2,1,0,0,
678,594,593,0,0,0,0,0,0,0,
0,0,0,0,0,0,0,0,0,0,
0.,0.,0.,
0.,0.,0.,
0.,0.,0.,
0,0,0,0,0,0,0,0,0,0,0,0,0,0,0,0,
941,124,20,17,2,1,0,0,
657,538,539,0,0,0,0,0,0,0,
0,0,0,0,0,0,0,0,0,0,
0.,0.,0.,
0.,0.,0.,
0.,0.,0.,
0,0,0,0,0,0,0,0,0,0,0,0,0,0,0,0,
942,124,20,17,2,1,0,0,
679,680,676,0,0,0,0,0,0,0,
0,0,0,0,0,0,0,0,0,0,
0.,0.,0.,
0.,0.,0.,
0.,0.,0.,
0,0,0,0,0,0,0,0,0,0,0,0,0,0,0,0,
943,124,20,17,2,1,0,0,
656,538,657,0,0,0,0,0,0,0,
0,0,0,0,0,0,0,0,0,0,
0.,0.,0.,
0.,0.,0.,
0.,0.,0.,
0,0,0,0,0,0,0,0,0,0,0,0,0,0,0,0,
944,124,20,17,2,1,0,0,
595,681,596,0,0,0,0,0,0,0,
0,0,0,0,0,0,0,0,0,0,
0.,0.,0.,
0.,0.,0.,
0.,0.,0.,
0,0,0,0,0,0,0,0,0,0,0,0,0,0,0,0,
945,124,20,17,2,1,0,0,
655,537,656,0,0,0,0,0,0,0,
0,0,0,0,0,0,0,0,0,0,
0.,0.,0.,
0.,0.,0.,
0.,0.,0.,
0,0,0,0,0,0,0,0,0,0,0,0,0,0,0,0,
946,124,20,17,2,1,0,0,
614,667,682,0,0,0,0,0,0,0,
0,0,0,0,0,0,0,0,0,0,
0.,0.,0.,
0.,0.,0.,
0.,0.,0.,
0,0,0,0,0,0,0,0,0,0,0,0,0,0,0,0,
947,124,20,17,2,1,0,0,
654,536,655,0,0,0,0,0,0,0,
0,0,0,0,0,0,0,0,0,0,
0.,0.,0.,
0.,0.,0.,
0.,0.,0.,
0,0,0,0,0,0,0,0,0,0,0,0,0,0,0,0,
948,124,20,17,2,1,0,0,
683,685,684,0,0,0,0,0,0,0,
0,0,0,0,0,0,0,0,0,0,
0.,0.,0.,
0.,0.,0.,
0.,0.,0.,
0,0,0,0,0,0,0,0,0,0,0,0,0,0,0,0,
949,124,20,17,2,1,0,0,
654,535,536,0,0,0,0,0,0,0,
0,0,0,0,0,0,0,0,0,0,
0.,0.,0.,
0.,0.,0.,
0.,0.,0.,
0,0,0,0,0,0,0,0,0,0,0,0,0,0,0,0,
950,124,20,17,2,1,0,0,
684,685,631,0,0,0,0,0,0,0,
0,0,0,0,0,0,0,0,0,0,
0.,0.,0.,
0.,0.,0.,
0.,0.,0.,
0,0,0,0,0,0,0,0,0,0,0,0,0,0,0,0,
951,124,20,17,2,1,0,0,
652,534,653,0,0,0,0,0,0,0,
0,0,0,0,0,0,0,0,0,0,
0.,0.,0.,
0.,0.,0.,
0.,0.,0.,
0,0,0,0,0,0,0,0,0,0,0,0,0,0,0,0,
952,124,20,17,2,1,0,0,
686,688,687,0,0,0,0,0,0,0,
0,0,0,0,0,0,0,0,0,0,
0.,0.,0.,
0.,0.,0.,
0.,0.,0.,
0,0,0,0,0,0,0,0,0,0,0,0,0,0,0,0,
953,124,20,17,2,1,0,0,
651,534,652,0,0,0,0,0,0,0,
0,0,0,0,0,0,0,0,0,0,
0.,0.,0.,
0.,0.,0.,
0.,0.,0.,
0,0,0,0,0,0,0,0,0,0,0,0,0,0,0,0,
954,124,20,17,2,1,0,0,
687,688,689,0,0,0,0,0,0,0,
0,0,0,0,0,0,0,0,0,0,
0.,0.,0.,
0.,0.,0.,
0.,0.,0.,
0,0,0,0,0,0,0,0,0,0,0,0,0,0,0,0,
955,124,20,17,2,1,0,0,
650,533,651,0,0,0,0,0,0,0,
0,0,0,0,0,0,0,0,0,0,
0.,0.,0.,
0.,0.,0.,
0.,0.,0.,
0,0,0,0,0,0,0,0,0,0,0,0,0,0,0,0,
956,124,20,17,2,1,0,0,
147,572,690,0,0,0,0,0,0,0,
0,0,0,0,0,0,0,0,0,0,
0.,0.,0.,
0.,0.,0.,
0.,0.,0.,
0,0,0,0,0,0,0,0,0,0,0,0,0,0,0,0,
957,124,20,17,2,1,0,0,
649,532,650,0,0,0,0,0,0,0,
0,0,0,0,0,0,0,0,0,0,
0.,0.,0.,
0.,0.,0.,
0.,0.,0.,
0,0,0,0,0,0,0,0,0,0,0,0,0,0,0,0,
958,124,20,17,2,1,0,0,
690,572,513,0,0,0,0,0,0,0,
0,0,0,0,0,0,0,0,0,0,
0.,0.,0.,
0.,0.,0.,
0.,0.,0.,
0,0,0,0,0,0,0,0,0,0,0,0,0,0,0,0,
959,124,20,17,2,1,0,0,
648,531,649,0,0,0,0,0,0,0,
0,0,0,0,0,0,0,0,0,0,
0.,0.,0.,
0.,0.,0.,
0.,0.,0.,
0,0,0,0,0,0,0,0,0,0,0,0,0,0,0,0,
960,124,20,17,2,1,0,0,
615,682,616,0,0,0,0,0,0,0,
0,0,0,0,0,0,0,0,0,0,
0.,0.,0.,
0.,0.,0.,
0.,0.,0.,
0,0,0,0,0,0,0,0,0,0,0,0,0,0,0,0,
961,124,20,17,2,1,0,0,
647,530,648,0,0,0,0,0,0,0,
0,0,0,0,0,0,0,0,0,0,
0.,0.,0.,
0.,0.,0.,
0.,0.,0.,
0,0,0,0,0,0,0,0,0,0,0,0,0,0,0,0,
962,124,20,17,2,1,0,0,
691,693,692,0,0,0,0,0,0,0,
0,0,0,0,0,0,0,0,0,0,
0.,0.,0.,
0.,0.,0.,
0.,0.,0.,
0,0,0,0,0,0,0,0,0,0,0,0,0,0,0,0,
963,124,20,17,2,1,0,0,
646,529,647,0,0,0,0,0,0,0,
0,0,0,0,0,0,0,0,0,0,
0.,0.,0.,
0.,0.,0.,
0.,0.,0.,
0,0,0,0,0,0,0,0,0,0,0,0,0,0,0,0,
964,124,20,17,2,1,0,0,
694,696,695,0,0,0,0,0,0,0,
0,0,0,0,0,0,0,0,0,0,
0.,0.,0.,
0.,0.,0.,
0.,0.,0.,
0,0,0,0,0,0,0,0,0,0,0,0,0,0,0,0,
965,124,20,17,2,1,0,0,
645,528,646,0,0,0,0,0,0,0,
0,0,0,0,0,0,0,0,0,0,
0.,0.,0.,
0.,0.,0.,
0.,0.,0.,
0,0,0,0,0,0,0,0,0,0,0,0,0,0,0,0,
966,124,20,17,2,1,0,0,
695,697,694,0,0,0,0,0,0,0,
0,0,0,0,0,0,0,0,0,0,
0.,0.,0.,
0.,0.,0.,
0.,0.,0.,
0,0,0,0,0,0,0,0,0,0,0,0,0,0,0,0,
967,124,20,17,2,1,0,0,
644,527,645,0,0,0,0,0,0,0,
0,0,0,0,0,0,0,0,0,0,
0.,0.,0.,
0.,0.,0.,
0.,0.,0.,
0,0,0,0,0,0,0,0,0,0,0,0,0,0,0,0,
968,124,20,17,2,1,0,0,
698,694,697,0,0,0,0,0,0,0,
0,0,0,0,0,0,0,0,0,0,
0.,0.,0.,
0.,0.,0.,
0.,0.,0.,
0,0,0,0,0,0,0,0,0,0,0,0,0,0,0,0,
969,124,20,17,2,1,0,0,
643,526,644,0,0,0,0,0,0,0,
0,0,0,0,0,0,0,0,0,0,
0.,0.,0.,
0.,0.,0.,
0.,0.,0.,
0,0,0,0,0,0,0,0,0,0,0,0,0,0,0,0,
970,124,20,17,2,1,0,0,
606,699,607,0,0,0,0,0,0,0,
0,0,0,0,0,0,0,0,0,0,
0.,0.,0.,
0.,0.,0.,
0.,0.,0.,
0,0,0,0,0,0,0,0,0,0,0,0,0,0,0,0,
971,124,20,17,2,1,0,0,
643,525,526,0,0,0,0,0,0,0,
0,0,0,0,0,0,0,0,0,0,
0.,0.,0.,
0.,0.,0.,
0.,0.,0.,
0,0,0,0,0,0,0,0,0,0,0,0,0,0,0,0,
972,124,20,17,2,1,0,0,
639,567,638,0,0,0,0,0,0,0,
0,0,0,0,0,0,0,0,0,0,
0.,0.,0.,
0.,0.,0.,
0.,0.,0.,
0,0,0,0,0,0,0,0,0,0,0,0,0,0,0,0,
973,124,20,17,2,1,0,0,
641,525,642,0,0,0,0,0,0,0,
0,0,0,0,0,0,0,0,0,0,
0.,0.,0.,
0.,0.,0.,
0.,0.,0.,
0,0,0,0,0,0,0,0,0,0,0,0,0,0,0,0,
974,124,20,17,2,1,0,0,
638,567,504,0,0,0,0,0,0,0,
0,0,0,0,0,0,0,0,0,0,
0.,0.,0.,
0.,0.,0.,
0.,0.,0.,
0,0,0,0,0,0,0,0,0,0,0,0,0,0,0,0,
975,124,20,17,2,1,0,0,
641,524,525,0,0,0,0,0,0,0,
0,0,0,0,0,0,0,0,0,0,
0.,0.,0.,
0.,0.,0.,
0.,0.,0.,
0,0,0,0,0,0,0,0,0,0,0,0,0,0,0,0,
976,124,20,17,2,1,0,0,
638,504,637,0,0,0,0,0,0,0,
0,0,0,0,0,0,0,0,0,0,
0.,0.,0.,
0.,0.,0.,
0.,0.,0.,
0,0,0,0,0,0,0,0,0,0,0,0,0,0,0,0,
977,124,20,17,2,1,0,0,
640,523,524,0,0,0,0,0,0,0,
0,0,0,0,0,0,0,0,0,0,
0.,0.,0.,
0.,0.,0.,
0.,0.,0.,
0,0,0,0,0,0,0,0,0,0,0,0,0,0,0,0,
978,124,20,17,2,1,0,0,
700,681,701,0,0,0,0,0,0,0,
0,0,0,0,0,0,0,0,0,0,
0.,0.,0.,
0.,0.,0.,
0.,0.,0.,
0,0,0,0,0,0,0,0,0,0,0,0,0,0,0,0,
979,124,20,17,2,1,0,0,
639,522,523,0,0,0,0,0,0,0,
0,0,0,0,0,0,0,0,0,0,
0.,0.,0.,
0.,0.,0.,
0.,0.,0.,
0,0,0,0,0,0,0,0,0,0,0,0,0,0,0,0,
980,124,20,17,2,1,0,0,
701,681,702,0,0,0,0,0,0,0,
0,0,0,0,0,0,0,0,0,0,
0.,0.,0.,
0.,0.,0.,
0.,0.,0.,
0,0,0,0,0,0,0,0,0,0,0,0,0,0,0,0,
981,124,20,17,2,1,0,0,
638,521,522,0,0,0,0,0,0,0,
0,0,0,0,0,0,0,0,0,0,
0.,0.,0.,
0.,0.,0.,
0.,0.,0.,
0,0,0,0,0,0,0,0,0,0,0,0,0,0,0,0,
982,124,20,17,2,1,0,0,
580,686,687,0,0,0,0,0,0,0,
0,0,0,0,0,0,0,0,0,0,
0.,0.,0.,
0.,0.,0.,
0.,0.,0.,
0,0,0,0,0,0,0,0,0,0,0,0,0,0,0,0,
983,124,20,17,2,1,0,0,
636,520,637,0,0,0,0,0,0,0,
0,0,0,0,0,0,0,0,0,0,
0.,0.,0.,
0.,0.,0.,
0.,0.,0.,
0,0,0,0,0,0,0,0,0,0,0,0,0,0,0,0,
984,124,20,17,2,1,0,0,
668,677,667,0,0,0,0,0,0,0,
0,0,0,0,0,0,0,0,0,0,
0.,0.,0.,
0.,0.,0.,
0.,0.,0.,
0,0,0,0,0,0,0,0,0,0,0,0,0,0,0,0,
985,124,20,17,2,1,0,0,
635,519,636,0,0,0,0,0,0,0,
0,0,0,0,0,0,0,0,0,0,
0.,0.,0.,
0.,0.,0.,
0.,0.,0.,
0,0,0,0,0,0,0,0,0,0,0,0,0,0,0,0,
986,124,20,17,2,1,0,0,
580,687,581,0,0,0,0,0,0,0,
0,0,0,0,0,0,0,0,0,0,
0.,0.,0.,
0.,0.,0.,
0.,0.,0.,
0,0,0,0,0,0,0,0,0,0,0,0,0,0,0,0,
987,124,20,17,2,1,0,0,
634,518,635,0,0,0,0,0,0,0,
0,0,0,0,0,0,0,0,0,0,
0.,0.,0.,
0.,0.,0.,
0.,0.,0.,
0,0,0,0,0,0,0,0,0,0,0,0,0,0,0,0,
988,124,20,17,2,1,0,0,
703,657,704,0,0,0,0,0,0,0,
0,0,0,0,0,0,0,0,0,0,
0.,0.,0.,
0.,0.,0.,
0.,0.,0.,
0,0,0,0,0,0,0,0,0,0,0,0,0,0,0,0,
989,124,20,17,2,1,0,0,
633,517,634,0,0,0,0,0,0,0,
0,0,0,0,0,0,0,0,0,0,
0.,0.,0.,
0.,0.,0.,
0.,0.,0.,
0,0,0,0,0,0,0,0,0,0,0,0,0,0,0,0,
990,124,20,17,2,1,0,0,
704,657,658,0,0,0,0,0,0,0,
0,0,0,0,0,0,0,0,0,0,
0.,0.,0.,
0.,0.,0.,
0.,0.,0.,
0,0,0,0,0,0,0,0,0,0,0,0,0,0,0,0,
991,124,20,17,2,1,0,0,
589,706,705,0,0,0,0,0,0,0,
0,0,0,0,0,0,0,0,0,0,
0.,0.,0.,
0.,0.,0.,
0.,0.,0.,
0,0,0,0,0,0,0,0,0,0,0,0,0,0,0,0,
992,124,20,17,2,1,0,0,
511,572,147,0,0,0,0,0,0,0,
0,0,0,0,0,0,0,0,0,0,
0.,0.,0.,
0.,0.,0.,
0.,0.,0.,
0,0,0,0,0,0,0,0,0,0,0,0,0,0,0,0,
993,124,20,17,2,1,0,0,
707,708,680,0,0,0,0,0,0,0,
0,0,0,0,0,0,0,0,0,0,
0.,0.,0.,
0.,0.,0.,
0.,0.,0.,
0,0,0,0,0,0,0,0,0,0,0,0,0,0,0,0,
994,124,20,17,2,1,0,0,
680,708,143,0,0,0,0,0,0,0,
0,0,0,0,0,0,0,0,0,0,
0.,0.,0.,
0.,0.,0.,
0.,0.,0.,
0,0,0,0,0,0,0,0,0,0,0,0,0,0,0,0,
995,124,20,17,2,1,0,0,
709,711,710,0,0,0,0,0,0,0,
0,0,0,0,0,0,0,0,0,0,
0.,0.,0.,
0.,0.,0.,
0.,0.,0.,
0,0,0,0,0,0,0,0,0,0,0,0,0,0,0,0,
996,124,20,17,2,1,0,0,
563,564,148,0,0,0,0,0,0,0,
0,0,0,0,0,0,0,0,0,0,
0.,0.,0.,
0.,0.,0.,
0.,0.,0.,
0,0,0,0,0,0,0,0,0,0,0,0,0,0,0,0,
997,124,20,17,2,1,0,0,
614,682,615,0,0,0,0,0,0,0,
0,0,0,0,0,0,0,0,0,0,
0.,0.,0.,
0.,0.,0.,
0.,0.,0.,
0,0,0,0,0,0,0,0,0,0,0,0,0,0,0,0,
998,124,20,17,2,1,0,0,
148,564,511,0,0,0,0,0,0,0,
0,0,0,0,0,0,0,0,0,0,
0.,0.,0.,
0.,0.,0.,
0.,0.,0.,
0,0,0,0,0,0,0,0,0,0,0,0,0,0,0,0,
999,124,20,17,2,1,0,0,
710,711,712,0,0,0,0,0,0,0,
0,0,0,0,0,0,0,0,0,0,
0.,0.,0.,
0.,0.,0.,
0.,0.,0.,
0,0,0,0,0,0,0,0,0,0,0,0,0,0,0,0,
1000,124,20,17,2,1,0,0,
713,714,687,0,0,0,0,0,0,0,
0,0,0,0,0,0,0,0,0,0,
0.,0.,0.,
0.,0.,0.,
0.,0.,0.,
0,0,0,0,0,0,0,0,0,0,0,0,0,0,0,0,
1001,124,20,17,2,1,0,0,
687,714,582,0,0,0,0,0,0,0,
0,0,0,0,0,0,0,0,0,0,
0.,0.,0.,
0.,0.,0.,
0.,0.,0.,
0,0,0,0,0,0,0,0,0,0,0,0,0,0,0,0,
1002,124,20,17,2,1,0,0,
148,511,147,0,0,0,0,0,0,0,
0,0,0,0,0,0,0,0,0,0,
0.,0.,0.,
0.,0.,0.,
0.,0.,0.,
0,0,0,0,0,0,0,0,0,0,0,0,0,0,0,0,
1003,124,20,17,2,1,0,0,
589,705,590,0,0,0,0,0,0,0,
0,0,0,0,0,0,0,0,0,0,
0.,0.,0.,
0.,0.,0.,
0.,0.,0.,
0,0,0,0,0,0,0,0,0,0,0,0,0,0,0,0,
1004,124,20,17,2,1,0,0,
707,716,715,0,0,0,0,0,0,0,
0,0,0,0,0,0,0,0,0,0,
0.,0.,0.,
0.,0.,0.,
0.,0.,0.,
0,0,0,0,0,0,0,0,0,0,0,0,0,0,0,0,
1005,124,20,17,2,1,0,0,
707,715,717,0,0,0,0,0,0,0,
0,0,0,0,0,0,0,0,0,0,
0.,0.,0.,
0.,0.,0.,
0.,0.,0.,
0,0,0,0,0,0,0,0,0,0,0,0,0,0,0,0,
1006,124,20,17,2,1,0,0,
718,720,719,0,0,0,0,0,0,0,
0,0,0,0,0,0,0,0,0,0,
0.,0.,0.,
0.,0.,0.,
0.,0.,0.,
0,0,0,0,0,0,0,0,0,0,0,0,0,0,0,0,
1007,124,20,17,2,1,0,0,
633,516,517,0,0,0,0,0,0,0,
0,0,0,0,0,0,0,0,0,0,
0.,0.,0.,
0.,0.,0.,
0.,0.,0.,
0,0,0,0,0,0,0,0,0,0,0,0,0,0,0,0,
1008,124,20,17,2,1,0,0,
690,617,682,0,0,0,0,0,0,0,
0,0,0,0,0,0,0,0,0,0,
0.,0.,0.,
0.,0.,0.,
0.,0.,0.,
0,0,0,0,0,0,0,0,0,0,0,0,0,0,0,0,
1009,124,20,17,2,1,0,0,
682,617,616,0,0,0,0,0,0,0,
0,0,0,0,0,0,0,0,0,0,
0.,0.,0.,
0.,0.,0.,
0.,0.,0.,
0,0,0,0,0,0,0,0,0,0,0,0,0,0,0,0,
1010,124,20,17,2,1,0,0,
610,721,668,0,0,0,0,0,0,0,
0,0,0,0,0,0,0,0,0,0,
0.,0.,0.,
0.,0.,0.,
0.,0.,0.,
0,0,0,0,0,0,0,0,0,0,0,0,0,0,0,0,
1011,124,20,17,2,1,0,0,
722,139,140,0,0,0,0,0,0,0,
0,0,0,0,0,0,0,0,0,0,
0.,0.,0.,
0.,0.,0.,
0.,0.,0.,
0,0,0,0,0,0,0,0,0,0,0,0,0,0,0,0,
1012,124,20,17,2,1,0,0,
610,668,611,0,0,0,0,0,0,0,
0,0,0,0,0,0,0,0,0,0,
0.,0.,0.,
0.,0.,0.,
0.,0.,0.,
0,0,0,0,0,0,0,0,0,0,0,0,0,0,0,0,
1013,124,20,17,2,1,0,0,
723,600,599,0,0,0,0,0,0,0,
0,0,0,0,0,0,0,0,0,0,
0.,0.,0.,
0.,0.,0.,
0.,0.,0.,
0,0,0,0,0,0,0,0,0,0,0,0,0,0,0,0,
1014,124,20,17,2,1,0,0,
510,563,149,0,0,0,0,0,0,0,
0,0,0,0,0,0,0,0,0,0,
0.,0.,0.,
0.,0.,0.,
0.,0.,0.,
0,0,0,0,0,0,0,0,0,0,0,0,0,0,0,0,
1015,124,20,17,2,1,0,0,
509,561,508,0,0,0,0,0,0,0,
0,0,0,0,0,0,0,0,0,0,
0.,0.,0.,
0.,0.,0.,
0.,0.,0.,
0,0,0,0,0,0,0,0,0,0,0,0,0,0,0,0,
1016,124,20,17,2,1,0,0,
581,687,582,0,0,0,0,0,0,0,
0,0,0,0,0,0,0,0,0,0,
0.,0.,0.,
0.,0.,0.,
0.,0.,0.,
0,0,0,0,0,0,0,0,0,0,0,0,0,0,0,0,
1017,124,20,17,2,1,0,0,
666,724,663,0,0,0,0,0,0,0,
0,0,0,0,0,0,0,0,0,0,
0.,0.,0.,
0.,0.,0.,
0.,0.,0.,
0,0,0,0,0,0,0,0,0,0,0,0,0,0,0,0,
1018,124,20,17,2,1,0,0,
666,725,724,0,0,0,0,0,0,0,
0,0,0,0,0,0,0,0,0,0,
0.,0.,0.,
0.,0.,0.,
0.,0.,0.,
0,0,0,0,0,0,0,0,0,0,0,0,0,0,0,0,
1019,124,20,17,2,1,0,0,
149,563,148,0,0,0,0,0,0,0,
0,0,0,0,0,0,0,0,0,0,
0.,0.,0.,
0.,0.,0.,
0.,0.,0.,
0,0,0,0,0,0,0,0,0,0,0,0,0,0,0,0,
1020,124,20,17,2,1,0,0,
725,666,726,0,0,0,0,0,0,0,
0,0,0,0,0,0,0,0,0,0,
0.,0.,0.,
0.,0.,0.,
0.,0.,0.,
0,0,0,0,0,0,0,0,0,0,0,0,0,0,0,0,
1021,124,20,17,2,1,0,0,
727,729,728,0,0,0,0,0,0,0,
0,0,0,0,0,0,0,0,0,0,
0.,0.,0.,
0.,0.,0.,
0.,0.,0.,
0,0,0,0,0,0,0,0,0,0,0,0,0,0,0,0,
1022,124,20,17,2,1,0,0,
728,729,730,0,0,0,0,0,0,0,
0,0,0,0,0,0,0,0,0,0,
0.,0.,0.,
0.,0.,0.,
0.,0.,0.,
0,0,0,0,0,0,0,0,0,0,0,0,0,0,0,0,
1023,124,20,17,2,1,0,0,
730,731,728,0,0,0,0,0,0,0,
0,0,0,0,0,0,0,0,0,0,
0.,0.,0.,
0.,0.,0.,
0.,0.,0.,
0,0,0,0,0,0,0,0,0,0,0,0,0,0,0,0,
1024,124,20,17,2,1,0,0,
732,728,731,0,0,0,0,0,0,0,
0,0,0,0,0,0,0,0,0,0,
0.,0.,0.,
0.,0.,0.,
0.,0.,0.,
0,0,0,0,0,0,0,0,0,0,0,0,0,0,0,0,
1025,124,20,17,2,1,0,0,
733,734,141,0,0,0,0,0,0,0,
0,0,0,0,0,0,0,0,0,0,
0.,0.,0.,
0.,0.,0.,
0.,0.,0.,
0,0,0,0,0,0,0,0,0,0,0,0,0,0,0,0,
1026,124,20,17,2,1,0,0,
142,733,141,0,0,0,0,0,0,0,
0,0,0,0,0,0,0,0,0,0,
0.,0.,0.,
0.,0.,0.,
0.,0.,0.,
0,0,0,0,0,0,0,0,0,0,0,0,0,0,0,0,
1027,124,20,17,2,1,0,0,
664,735,666,0,0,0,0,0,0,0,
0,0,0,0,0,0,0,0,0,0,
0.,0.,0.,
0.,0.,0.,
0.,0.,0.,
0,0,0,0,0,0,0,0,0,0,0,0,0,0,0,0,
1028,124,20,17,2,1,0,0,
722,734,730,0,0,0,0,0,0,0,
0,0,0,0,0,0,0,0,0,0,
0.,0.,0.,
0.,0.,0.,
0.,0.,0.,
0,0,0,0,0,0,0,0,0,0,0,0,0,0,0,0,
1029,124,20,17,2,1,0,0,
734,733,731,0,0,0,0,0,0,0,
0,0,0,0,0,0,0,0,0,0,
0.,0.,0.,
0.,0.,0.,
0.,0.,0.,
0,0,0,0,0,0,0,0,0,0,0,0,0,0,0,0,
1030,124,20,17,2,1,0,0,
730,734,731,0,0,0,0,0,0,0,
0,0,0,0,0,0,0,0,0,0,
0.,0.,0.,
0.,0.,0.,
0.,0.,0.,
0,0,0,0,0,0,0,0,0,0,0,0,0,0,0,0,
1031,124,20,17,2,1,0,0,
736,738,737,0,0,0,0,0,0,0,
0,0,0,0,0,0,0,0,0,0,
0.,0.,0.,
0.,0.,0.,
0.,0.,0.,
0,0,0,0,0,0,0,0,0,0,0,0,0,0,0,0,
1032,124,20,17,2,1,0,0,
739,736,737,0,0,0,0,0,0,0,
0,0,0,0,0,0,0,0,0,0,
0.,0.,0.,
0.,0.,0.,
0.,0.,0.,
0,0,0,0,0,0,0,0,0,0,0,0,0,0,0,0,
1033,124,20,17,2,1,0,0,
740,742,741,0,0,0,0,0,0,0,
0,0,0,0,0,0,0,0,0,0,
0.,0.,0.,
0.,0.,0.,
0.,0.,0.,
0,0,0,0,0,0,0,0,0,0,0,0,0,0,0,0,
1034,124,20,17,2,1,0,0,
742,744,743,0,0,0,0,0,0,0,
0,0,0,0,0,0,0,0,0,0,
0.,0.,0.,
0.,0.,0.,
0.,0.,0.,
0,0,0,0,0,0,0,0,0,0,0,0,0,0,0,0,
1035,124,20,17,2,1,0,0,
742,743,741,0,0,0,0,0,0,0,
0,0,0,0,0,0,0,0,0,0,
0.,0.,0.,
0.,0.,0.,
0.,0.,0.,
0,0,0,0,0,0,0,0,0,0,0,0,0,0,0,0,
1036,124,20,17,2,1,0,0,
684,630,745,0,0,0,0,0,0,0,
0,0,0,0,0,0,0,0,0,0,
0.,0.,0.,
0.,0.,0.,
0.,0.,0.,
0,0,0,0,0,0,0,0,0,0,0,0,0,0,0,0,
1037,124,20,17,2,1,0,0,
630,629,745,0,0,0,0,0,0,0,
0,0,0,0,0,0,0,0,0,0,
0.,0.,0.,
0.,0.,0.,
0.,0.,0.,
0,0,0,0,0,0,0,0,0,0,0,0,0,0,0,0,
1038,124,20,17,2,1,0,0,
746,737,670,0,0,0,0,0,0,0,
0,0,0,0,0,0,0,0,0,0,
0.,0.,0.,
0.,0.,0.,
0.,0.,0.,
0,0,0,0,0,0,0,0,0,0,0,0,0,0,0,0,
1039,124,20,17,2,1,0,0,
670,737,747,0,0,0,0,0,0,0,
0,0,0,0,0,0,0,0,0,0,
0.,0.,0.,
0.,0.,0.,
0.,0.,0.,
0,0,0,0,0,0,0,0,0,0,0,0,0,0,0,0,
1040,124,20,17,2,1,0,0,
738,747,737,0,0,0,0,0,0,0,
0,0,0,0,0,0,0,0,0,0,
0.,0.,0.,
0.,0.,0.,
0.,0.,0.,
0,0,0,0,0,0,0,0,0,0,0,0,0,0,0,0,
1041,124,20,17,2,1,0,0,
670,748,672,0,0,0,0,0,0,0,
0,0,0,0,0,0,0,0,0,0,
0.,0.,0.,
0.,0.,0.,
0.,0.,0.,
0,0,0,0,0,0,0,0,0,0,0,0,0,0,0,0,
1042,124,20,17,2,1,0,0,
670,747,748,0,0,0,0,0,0,0,
0,0,0,0,0,0,0,0,0,0,
0.,0.,0.,
0.,0.,0.,
0.,0.,0.,
0,0,0,0,0,0,0,0,0,0,0,0,0,0,0,0,
1043,124,20,17,2,1,0,0,
660,542,661,0,0,0,0,0,0,0,
0,0,0,0,0,0,0,0,0,0,
0.,0.,0.,
0.,0.,0.,
0.,0.,0.,
0,0,0,0,0,0,0,0,0,0,0,0,0,0,0,0,
1044,124,20,17,2,1,0,0,
749,751,750,0,0,0,0,0,0,0,
0,0,0,0,0,0,0,0,0,0,
0.,0.,0.,
0.,0.,0.,
0.,0.,0.,
0,0,0,0,0,0,0,0,0,0,0,0,0,0,0,0,
1045,124,20,17,2,1,0,0,
665,723,599,0,0,0,0,0,0,0,
0,0,0,0,0,0,0,0,0,0,
0.,0.,0.,
0.,0.,0.,
0.,0.,0.,
0,0,0,0,0,0,0,0,0,0,0,0,0,0,0,0,
1046,124,20,17,2,1,0,0,
733,708,752,0,0,0,0,0,0,0,
0,0,0,0,0,0,0,0,0,0,
0.,0.,0.,
0.,0.,0.,
0.,0.,0.,
0,0,0,0,0,0,0,0,0,0,0,0,0,0,0,0,
1047,124,20,17,2,1,0,0,
657,539,658,0,0,0,0,0,0,0,
0,0,0,0,0,0,0,0,0,0,
0.,0.,0.,
0.,0.,0.,
0.,0.,0.,
0,0,0,0,0,0,0,0,0,0,0,0,0,0,0,0,
1048,124,20,17,2,1,0,0,
598,665,599,0,0,0,0,0,0,0,
0,0,0,0,0,0,0,0,0,0,
0.,0.,0.,
0.,0.,0.,
0.,0.,0.,
0,0,0,0,0,0,0,0,0,0,0,0,0,0,0,0,
1049,124,20,17,2,1,0,0,
753,751,740,0,0,0,0,0,0,0,
0,0,0,0,0,0,0,0,0,0,
0.,0.,0.,
0.,0.,0.,
0.,0.,0.,
0,0,0,0,0,0,0,0,0,0,0,0,0,0,0,0,
1050,124,20,17,2,1,0,0,
656,537,538,0,0,0,0,0,0,0,
0,0,0,0,0,0,0,0,0,0,
0.,0.,0.,
0.,0.,0.,
0.,0.,0.,
0,0,0,0,0,0,0,0,0,0,0,0,0,0,0,0,
1051,124,20,17,2,1,0,0,
736,755,754,0,0,0,0,0,0,0,
0,0,0,0,0,0,0,0,0,0,
0.,0.,0.,
0.,0.,0.,
0.,0.,0.,
0,0,0,0,0,0,0,0,0,0,0,0,0,0,0,0,
1052,124,20,17,2,1,0,0,
756,757,695,0,0,0,0,0,0,0,
0,0,0,0,0,0,0,0,0,0,
0.,0.,0.,
0.,0.,0.,
0.,0.,0.,
0,0,0,0,0,0,0,0,0,0,0,0,0,0,0,0,
1053,124,20,17,2,1,0,0,
757,758,695,0,0,0,0,0,0,0,
0,0,0,0,0,0,0,0,0,0,
0.,0.,0.,
0.,0.,0.,
0.,0.,0.,
0,0,0,0,0,0,0,0,0,0,0,0,0,0,0,0,
1054,124,20,17,2,1,0,0,
655,536,537,0,0,0,0,0,0,0,
0,0,0,0,0,0,0,0,0,0,
0.,0.,0.,
0.,0.,0.,
0.,0.,0.,
0,0,0,0,0,0,0,0,0,0,0,0,0,0,0,0,
1055,124,20,17,2,1,0,0,
698,699,694,0,0,0,0,0,0,0,
0,0,0,0,0,0,0,0,0,0,
0.,0.,0.,
0.,0.,0.,
0.,0.,0.,
0,0,0,0,0,0,0,0,0,0,0,0,0,0,0,0,
1056,124,20,17,2,1,0,0,
662,2,19,0,0,0,0,0,0,0,
0,0,0,0,0,0,0,0,0,0,
0.,0.,0.,
0.,0.,0.,
0.,0.,0.,
0,0,0,0,0,0,0,0,0,0,0,0,0,0,0,0,
1057,124,20,17,2,1,0,0,
756,695,696,0,0,0,0,0,0,0,
0,0,0,0,0,0,0,0,0,0,
0.,0.,0.,
0.,0.,0.,
0.,0.,0.,
0,0,0,0,0,0,0,0,0,0,0,0,0,0,0,0,
1058,124,20,17,2,1,0,0,
653,535,654,0,0,0,0,0,0,0,
0,0,0,0,0,0,0,0,0,0,
0.,0.,0.,
0.,0.,0.,
0.,0.,0.,
0,0,0,0,0,0,0,0,0,0,0,0,0,0,0,0,
1059,124,20,17,2,1,0,0,
759,662,19,0,0,0,0,0,0,0,
0,0,0,0,0,0,0,0,0,0,
0.,0.,0.,
0.,0.,0.,
0.,0.,0.,
0,0,0,0,0,0,0,0,0,0,0,0,0,0,0,0,
1060,124,20,17,2,1,0,0,
139,759,19,0,0,0,0,0,0,0,
0,0,0,0,0,0,0,0,0,0,
0.,0.,0.,
0.,0.,0.,
0.,0.,0.,
0,0,0,0,0,0,0,0,0,0,0,0,0,0,0,0,
1061,124,20,17,2,1,0,0,
760,761,696,0,0,0,0,0,0,0,
0,0,0,0,0,0,0,0,0,0,
0.,0.,0.,
0.,0.,0.,
0.,0.,0.,
0,0,0,0,0,0,0,0,0,0,0,0,0,0,0,0,
1062,124,20,17,2,1,0,0,
696,761,762,0,0,0,0,0,0,0,
0,0,0,0,0,0,0,0,0,0,
0.,0.,0.,
0.,0.,0.,
0.,0.,0.,
0,0,0,0,0,0,0,0,0,0,0,0,0,0,0,0,
1063,124,20,17,2,1,0,0,
542,543,661,0,0,0,0,0,0,0,
0,0,0,0,0,0,0,0,0,0,
0.,0.,0.,
0.,0.,0.,
0.,0.,0.,
0,0,0,0,0,0,0,0,0,0,0,0,0,0,0,0,
1064,124,20,17,2,1,0,0,
506,507,560,0,0,0,0,0,0,0,
0,0,0,0,0,0,0,0,0,0,
0.,0.,0.,
0.,0.,0.,
0.,0.,0.,
0,0,0,0,0,0,0,0,0,0,0,0,0,0,0,0,
1065,124,20,17,2,1,0,0,
762,756,696,0,0,0,0,0,0,0,
0,0,0,0,0,0,0,0,0,0,
0.,0.,0.,
0.,0.,0.,
0.,0.,0.,
0,0,0,0,0,0,0,0,0,0,0,0,0,0,0,0,
1066,124,20,17,2,1,0,0,
763,744,700,0,0,0,0,0,0,0,
0,0,0,0,0,0,0,0,0,0,
0.,0.,0.,
0.,0.,0.,
0.,0.,0.,
0,0,0,0,0,0,0,0,0,0,0,0,0,0,0,0,
1067,124,20,17,2,1,0,0,
744,763,764,0,0,0,0,0,0,0,
0,0,0,0,0,0,0,0,0,0,
0.,0.,0.,
0.,0.,0.,
0.,0.,0.,
0,0,0,0,0,0,0,0,0,0,0,0,0,0,0,0,
1068,124,20,17,2,1,0,0,
543,2,662,0,0,0,0,0,0,0,
0,0,0,0,0,0,0,0,0,0,
0.,0.,0.,
0.,0.,0.,
0.,0.,0.,
0,0,0,0,0,0,0,0,0,0,0,0,0,0,0,0,
1069,124,20,17,2,1,0,0,
763,621,764,0,0,0,0,0,0,0,
0,0,0,0,0,0,0,0,0,0,
0.,0.,0.,
0.,0.,0.,
0.,0.,0.,
0,0,0,0,0,0,0,0,0,0,0,0,0,0,0,0,
1070,124,20,17,2,1,0,0,
702,681,678,0,0,0,0,0,0,0,
0,0,0,0,0,0,0,0,0,0,
0.,0.,0.,
0.,0.,0.,
0.,0.,0.,
0,0,0,0,0,0,0,0,0,0,0,0,0,0,0,0,
1071,124,20,17,2,1,0,0,
642,525,643,0,0,0,0,0,0,0,
0,0,0,0,0,0,0,0,0,0,
0.,0.,0.,
0.,0.,0.,
0.,0.,0.,
0,0,0,0,0,0,0,0,0,0,0,0,0,0,0,0,
1072,124,20,17,2,1,0,0,
681,594,678,0,0,0,0,0,0,0,
0,0,0,0,0,0,0,0,0,0,
0.,0.,0.,
0.,0.,0.,
0.,0.,0.,
0,0,0,0,0,0,0,0,0,0,0,0,0,0,0,0,
1073,124,20,17,2,1,0,0,
765,766,700,0,0,0,0,0,0,0,
0,0,0,0,0,0,0,0,0,0,
0.,0.,0.,
0.,0.,0.,
0.,0.,0.,
0,0,0,0,0,0,0,0,0,0,0,0,0,0,0,0,
1074,124,20,17,2,1,0,0,
640,524,641,0,0,0,0,0,0,0,
0,0,0,0,0,0,0,0,0,0,
0.,0.,0.,
0.,0.,0.,
0.,0.,0.,
0,0,0,0,0,0,0,0,0,0,0,0,0,0,0,0,
1075,124,20,17,2,1,0,0,
566,567,639,0,0,0,0,0,0,0,
0,0,0,0,0,0,0,0,0,0,
0.,0.,0.,
0.,0.,0.,
0.,0.,0.,
0,0,0,0,0,0,0,0,0,0,0,0,0,0,0,0,
1076,124,20,17,2,1,0,0,
766,765,767,0,0,0,0,0,0,0,
0,0,0,0,0,0,0,0,0,0,
0.,0.,0.,
0.,0.,0.,
0.,0.,0.,
0,0,0,0,0,0,0,0,0,0,0,0,0,0,0,0,
1077,124,20,17,2,1,0,0,
767,505,766,0,0,0,0,0,0,0,
0,0,0,0,0,0,0,0,0,0,
0.,0.,0.,
0.,0.,0.,
0.,0.,0.,
0,0,0,0,0,0,0,0,0,0,0,0,0,0,0,0,
1078,124,20,17,2,1,0,0,
639,523,640,0,0,0,0,0,0,0,
0,0,0,0,0,0,0,0,0,0,
0.,0.,0.,
0.,0.,0.,
0.,0.,0.,
0,0,0,0,0,0,0,0,0,0,0,0,0,0,0,0,
1079,124,20,17,2,1,0,0,
766,505,559,0,0,0,0,0,0,0,
0,0,0,0,0,0,0,0,0,0,
0.,0.,0.,
0.,0.,0.,
0.,0.,0.,
0,0,0,0,0,0,0,0,0,0,0,0,0,0,0,0,
1080,124,20,17,2,1,0,0,
512,641,768,0,0,0,0,0,0,0,
0,0,0,0,0,0,0,0,0,0,
0.,0.,0.,
0.,0.,0.,
0.,0.,0.,
0,0,0,0,0,0,0,0,0,0,0,0,0,0,0,0,
1081,124,20,17,2,1,0,0,
641,642,768,0,0,0,0,0,0,0,
0,0,0,0,0,0,0,0,0,0,
0.,0.,0.,
0.,0.,0.,
0.,0.,0.,
0,0,0,0,0,0,0,0,0,0,0,0,0,0,0,0,
1082,124,20,17,2,1,0,0,
638,522,639,0,0,0,0,0,0,0,
0,0,0,0,0,0,0,0,0,0,
0.,0.,0.,
0.,0.,0.,
0.,0.,0.,
0,0,0,0,0,0,0,0,0,0,0,0,0,0,0,0,
1083,124,20,17,2,1,0,0,
769,771,770,0,0,0,0,0,0,0,
0,0,0,0,0,0,0,0,0,0,
0.,0.,0.,
0.,0.,0.,
0.,0.,0.,
0,0,0,0,0,0,0,0,0,0,0,0,0,0,0,0,
1084,124,20,17,2,1,0,0,
770,771,634,0,0,0,0,0,0,0,
0,0,0,0,0,0,0,0,0,0,
0.,0.,0.,
0.,0.,0.,
0.,0.,0.,
0,0,0,0,0,0,0,0,0,0,0,0,0,0,0,0,
1085,124,20,17,2,1,0,0,
768,772,568,0,0,0,0,0,0,0,
0,0,0,0,0,0,0,0,0,0,
0.,0.,0.,
0.,0.,0.,
0.,0.,0.,
0,0,0,0,0,0,0,0,0,0,0,0,0,0,0,0,
1086,124,20,17,2,1,0,0,
637,521,638,0,0,0,0,0,0,0,
0,0,0,0,0,0,0,0,0,0,
0.,0.,0.,
0.,0.,0.,
0.,0.,0.,
0,0,0,0,0,0,0,0,0,0,0,0,0,0,0,0,
1087,124,20,17,2,1,0,0,
768,568,512,0,0,0,0,0,0,0,
0,0,0,0,0,0,0,0,0,0,
0.,0.,0.,
0.,0.,0.,
0.,0.,0.,
0,0,0,0,0,0,0,0,0,0,0,0,0,0,0,0,
1088,124,20,17,2,1,0,0,
773,775,774,0,0,0,0,0,0,0,
0,0,0,0,0,0,0,0,0,0,
0.,0.,0.,
0.,0.,0.,
0.,0.,0.,
0,0,0,0,0,0,0,0,0,0,0,0,0,0,0,0,
1089,124,20,17,2,1,0,0,
746,671,550,0,0,0,0,0,0,0,
0,0,0,0,0,0,0,0,0,0,
0.,0.,0.,
0.,0.,0.,
0.,0.,0.,
0,0,0,0,0,0,0,0,0,0,0,0,0,0,0,0,
1090,124,20,17,2,1,0,0,
637,520,521,0,0,0,0,0,0,0,
0,0,0,0,0,0,0,0,0,0,
0.,0.,0.,
0.,0.,0.,
0.,0.,0.,
0,0,0,0,0,0,0,0,0,0,0,0,0,0,0,0,
1091,124,20,17,2,1,0,0,
773,748,775,0,0,0,0,0,0,0,
0,0,0,0,0,0,0,0,0,0,
0.,0.,0.,
0.,0.,0.,
0.,0.,0.,
0,0,0,0,0,0,0,0,0,0,0,0,0,0,0,0,
1092,124,20,17,2,1,0,0,
636,519,520,0,0,0,0,0,0,0,
0,0,0,0,0,0,0,0,0,0,
0.,0.,0.,
0.,0.,0.,
0.,0.,0.,
0,0,0,0,0,0,0,0,0,0,0,0,0,0,0,0,
1093,124,20,17,2,1,0,0,
747,775,748,0,0,0,0,0,0,0,
0,0,0,0,0,0,0,0,0,0,
0.,0.,0.,
0.,0.,0.,
0.,0.,0.,
0,0,0,0,0,0,0,0,0,0,0,0,0,0,0,0,
1094,124,20,17,2,1,0,0,
534,535,653,0,0,0,0,0,0,0,
0,0,0,0,0,0,0,0,0,0,
0.,0.,0.,
0.,0.,0.,
0.,0.,0.,
0,0,0,0,0,0,0,0,0,0,0,0,0,0,0,0,
1095,124,20,17,2,1,0,0,
663,724,776,0,0,0,0,0,0,0,
0,0,0,0,0,0,0,0,0,0,
0.,0.,0.,
0.,0.,0.,
0.,0.,0.,
0,0,0,0,0,0,0,0,0,0,0,0,0,0,0,0,
1096,124,20,17,2,1,0,0,
749,750,504,0,0,0,0,0,0,0,
0,0,0,0,0,0,0,0,0,0,
0.,0.,0.,
0.,0.,0.,
0.,0.,0.,
0,0,0,0,0,0,0,0,0,0,0,0,0,0,0,0,
1097,124,20,17,2,1,0,0,
749,504,558,0,0,0,0,0,0,0,
0,0,0,0,0,0,0,0,0,0,
0.,0.,0.,
0.,0.,0.,
0.,0.,0.,
0,0,0,0,0,0,0,0,0,0,0,0,0,0,0,0,
1098,124,20,17,2,1,0,0,
533,534,651,0,0,0,0,0,0,0,
0,0,0,0,0,0,0,0,0,0,
0.,0.,0.,
0.,0.,0.,
0.,0.,0.,
0,0,0,0,0,0,0,0,0,0,0,0,0,0,0,0,
1099,124,20,17,2,1,0,0,
659,540,541,0,0,0,0,0,0,0,
0,0,0,0,0,0,0,0,0,0,
0.,0.,0.,
0.,0.,0.,
0.,0.,0.,
0,0,0,0,0,0,0,0,0,0,0,0,0,0,0,0,
1100,124,20,17,2,1,0,0,
746,670,671,0,0,0,0,0,0,0,
0,0,0,0,0,0,0,0,0,0,
0.,0.,0.,
0.,0.,0.,
0.,0.,0.,
0,0,0,0,0,0,0,0,0,0,0,0,0,0,0,0,
1101,124,20,17,2,1,0,0,
532,533,650,0,0,0,0,0,0,0,
0,0,0,0,0,0,0,0,0,0,
0.,0.,0.,
0.,0.,0.,
0.,0.,0.,
0,0,0,0,0,0,0,0,0,0,0,0,0,0,0,0,
1102,124,20,17,2,1,0,0,
145,777,676,0,0,0,0,0,0,0,
0,0,0,0,0,0,0,0,0,0,
0.,0.,0.,
0.,0.,0.,
0.,0.,0.,
0,0,0,0,0,0,0,0,0,0,0,0,0,0,0,0,
1103,124,20,17,2,1,0,0,
682,777,146,0,0,0,0,0,0,0,
0,0,0,0,0,0,0,0,0,0,
0.,0.,0.,
0.,0.,0.,
0.,0.,0.,
0,0,0,0,0,0,0,0,0,0,0,0,0,0,0,0,
1104,124,20,17,2,1,0,0,
635,518,519,0,0,0,0,0,0,0,
0,0,0,0,0,0,0,0,0,0,
0.,0.,0.,
0.,0.,0.,
0.,0.,0.,
0,0,0,0,0,0,0,0,0,0,0,0,0,0,0,0,
1105,124,20,17,2,1,0,0,
531,532,649,0,0,0,0,0,0,0,
0,0,0,0,0,0,0,0,0,0,
0.,0.,0.,
0.,0.,0.,
0.,0.,0.,
0,0,0,0,0,0,0,0,0,0,0,0,0,0,0,0,
1106,124,20,17,2,1,0,0,
778,641,512,0,0,0,0,0,0,0,
0,0,0,0,0,0,0,0,0,0,
0.,0.,0.,
0.,0.,0.,
0.,0.,0.,
0,0,0,0,0,0,0,0,0,0,0,0,0,0,0,0,
1107,124,20,17,2,1,0,0,
763,701,623,0,0,0,0,0,0,0,
0,0,0,0,0,0,0,0,0,0,
0.,0.,0.,
0.,0.,0.,
0.,0.,0.,
0,0,0,0,0,0,0,0,0,0,0,0,0,0,0,0,
1108,124,20,17,2,1,0,0,
539,540,658,0,0,0,0,0,0,0,
0,0,0,0,0,0,0,0,0,0,
0.,0.,0.,
0.,0.,0.,
0.,0.,0.,
0,0,0,0,0,0,0,0,0,0,0,0,0,0,0,0,
1109,124,20,17,2,1,0,0,
530,531,648,0,0,0,0,0,0,0,
0,0,0,0,0,0,0,0,0,0,
0.,0.,0.,
0.,0.,0.,
0.,0.,0.,
0,0,0,0,0,0,0,0,0,0,0,0,0,0,0,0,
1110,124,20,17,2,1,0,0,
763,623,622,0,0,0,0,0,0,0,
0,0,0,0,0,0,0,0,0,0,
0.,0.,0.,
0.,0.,0.,
0.,0.,0.,
0,0,0,0,0,0,0,0,0,0,0,0,0,0,0,0,
1111,124,20,17,2,1,0,0,
515,501,632,0,0,0,0,0,0,0,
0,0,0,0,0,0,0,0,0,0,
0.,0.,0.,
0.,0.,0.,
0.,0.,0.,
0,0,0,0,0,0,0,0,0,0,0,0,0,0,0,0,
1112,124,20,17,2,1,0,0,
529,530,647,0,0,0,0,0,0,0,
0,0,0,0,0,0,0,0,0,0,
0.,0.,0.,
0.,0.,0.,
0.,0.,0.,
0,0,0,0,0,0,0,0,0,0,0,0,0,0,0,0,
1113,124,20,17,2,1,0,0,
672,151,152,0,0,0,0,0,0,0,
0,0,0,0,0,0,0,0,0,0,
0.,0.,0.,
0.,0.,0.,
0.,0.,0.,
0,0,0,0,0,0,0,0,0,0,0,0,0,0,0,0,
1114,124,20,17,2,1,0,0,
634,517,518,0,0,0,0,0,0,0,
0,0,0,0,0,0,0,0,0,0,
0.,0.,0.,
0.,0.,0.,
0.,0.,0.,
0,0,0,0,0,0,0,0,0,0,0,0,0,0,0,0,
1115,124,20,17,2,1,0,0,
751,749,767,0,0,0,0,0,0,0,
0,0,0,0,0,0,0,0,0,0,
0.,0.,0.,
0.,0.,0.,
0.,0.,0.,
0,0,0,0,0,0,0,0,0,0,0,0,0,0,0,0,
1116,124,20,17,2,1,0,0,
632,516,633,0,0,0,0,0,0,0,
0,0,0,0,0,0,0,0,0,0,
0.,0.,0.,
0.,0.,0.,
0.,0.,0.,
0,0,0,0,0,0,0,0,0,0,0,0,0,0,0,0,
1117,124,20,17,2,1,0,0,
528,529,646,0,0,0,0,0,0,0,
0,0,0,0,0,0,0,0,0,0,
0.,0.,0.,
0.,0.,0.,
0.,0.,0.,
0,0,0,0,0,0,0,0,0,0,0,0,0,0,0,0,
1118,124,20,17,2,1,0,0,
501,516,632,0,0,0,0,0,0,0,
0,0,0,0,0,0,0,0,0,0,
0.,0.,0.,
0.,0.,0.,
0.,0.,0.,
0,0,0,0,0,0,0,0,0,0,0,0,0,0,0,0,
1119,124,20,17,2,1,0,0,
767,749,505,0,0,0,0,0,0,0,
0,0,0,0,0,0,0,0,0,0,
0.,0.,0.,
0.,0.,0.,
0.,0.,0.,
0,0,0,0,0,0,0,0,0,0,0,0,0,0,0,0,
1120,124,20,17,2,1,0,0,
527,528,645,0,0,0,0,0,0,0,
0,0,0,0,0,0,0,0,0,0,
0.,0.,0.,
0.,0.,0.,
0.,0.,0.,
0,0,0,0,0,0,0,0,0,0,0,0,0,0,0,0,
1121,124,20,17,2,1,0,0,
526,527,644,0,0,0,0,0,0,0,
0,0,0,0,0,0,0,0,0,0,
0.,0.,0.,
0.,0.,0.,
0.,0.,0.,
0,0,0,0,0,0,0,0,0,0,0,0,0,0,0,0,
1122,124,20,17,2,1,0,0,
779,781,780,0,0,0,0,0,0,0,
0,0,0,0,0,0,0,0,0,0,
0.,0.,0.,
0.,0.,0.,
0.,0.,0.,
0,0,0,0,0,0,0,0,0,0,0,0,0,0,0,0,
1123,124,20,17,2,1,0,0,
782,780,781,0,0,0,0,0,0,0,
0,0,0,0,0,0,0,0,0,0,
0.,0.,0.,
0.,0.,0.,
0.,0.,0.,
0,0,0,0,0,0,0,0,0,0,0,0,0,0,0,0,
1124,124,20,17,2,1,0,0,
783,782,781,0,0,0,0,0,0,0,
0,0,0,0,0,0,0,0,0,0,
0.,0.,0.,
0.,0.,0.,
0.,0.,0.,
0,0,0,0,0,0,0,0,0,0,0,0,0,0,0,0,
1125,124,20,17,2,1,0,0,
775,747,738,0,0,0,0,0,0,0,
0,0,0,0,0,0,0,0,0,0,
0.,0.,0.,
0.,0.,0.,
0.,0.,0.,
0,0,0,0,0,0,0,0,0,0,0,0,0,0,0,0,
1126,124,20,17,2,1,0,0,
784,775,738,0,0,0,0,0,0,0,
0,0,0,0,0,0,0,0,0,0,
0.,0.,0.,
0.,0.,0.,
0.,0.,0.,
0,0,0,0,0,0,0,0,0,0,0,0,0,0,0,0,
1127,124,20,17,2,1,0,0,
784,785,775,0,0,0,0,0,0,0,
0,0,0,0,0,0,0,0,0,0,
0.,0.,0.,
0.,0.,0.,
0.,0.,0.,
0,0,0,0,0,0,0,0,0,0,0,0,0,0,0,0,
1128,124,20,17,2,1,0,0,
693,783,786,0,0,0,0,0,0,0,
0,0,0,0,0,0,0,0,0,0,
0.,0.,0.,
0.,0.,0.,
0.,0.,0.,
0,0,0,0,0,0,0,0,0,0,0,0,0,0,0,0,
1129,124,20,17,2,1,0,0,
783,781,786,0,0,0,0,0,0,0,
0,0,0,0,0,0,0,0,0,0,
0.,0.,0.,
0.,0.,0.,
0.,0.,0.,
0,0,0,0,0,0,0,0,0,0,0,0,0,0,0,0,
1130,124,20,17,2,1,0,0,
702,787,701,0,0,0,0,0,0,0,
0,0,0,0,0,0,0,0,0,0,
0.,0.,0.,
0.,0.,0.,
0.,0.,0.,
0,0,0,0,0,0,0,0,0,0,0,0,0,0,0,0,
1131,124,20,17,2,1,0,0,
623,701,787,0,0,0,0,0,0,0,
0,0,0,0,0,0,0,0,0,0,
0.,0.,0.,
0.,0.,0.,
0.,0.,0.,
0,0,0,0,0,0,0,0,0,0,0,0,0,0,0,0,
1132,124,20,17,2,1,0,0,
787,624,623,0,0,0,0,0,0,0,
0,0,0,0,0,0,0,0,0,0,
0.,0.,0.,
0.,0.,0.,
0.,0.,0.,
0,0,0,0,0,0,0,0,0,0,0,0,0,0,0,0,
1133,124,20,17,2,1,0,0,
737,788,739,0,0,0,0,0,0,0,
0,0,0,0,0,0,0,0,0,0,
0.,0.,0.,
0.,0.,0.,
0.,0.,0.,
0,0,0,0,0,0,0,0,0,0,0,0,0,0,0,0,
1134,124,20,17,2,1,0,0,
737,746,788,0,0,0,0,0,0,0,
0,0,0,0,0,0,0,0,0,0,
0.,0.,0.,
0.,0.,0.,
0.,0.,0.,
0,0,0,0,0,0,0,0,0,0,0,0,0,0,0,0,
1135,124,20,17,2,1,0,0,
724,790,789,0,0,0,0,0,0,0,
0,0,0,0,0,0,0,0,0,0,
0.,0.,0.,
0.,0.,0.,
0.,0.,0.,
0,0,0,0,0,0,0,0,0,0,0,0,0,0,0,0,
1136,124,20,17,2,1,0,0,
724,789,776,0,0,0,0,0,0,0,
0,0,0,0,0,0,0,0,0,0,
0.,0.,0.,
0.,0.,0.,
0.,0.,0.,
0,0,0,0,0,0,0,0,0,0,0,0,0,0,0,0,
1137,124,20,17,2,1,0,0,
791,789,790,0,0,0,0,0,0,0,
0,0,0,0,0,0,0,0,0,0,
0.,0.,0.,
0.,0.,0.,
0.,0.,0.,
0,0,0,0,0,0,0,0,0,0,0,0,0,0,0,0,
1138,124,20,17,2,1,0,0,
549,746,550,0,0,0,0,0,0,0,
0,0,0,0,0,0,0,0,0,0,
0.,0.,0.,
0.,0.,0.,
0.,0.,0.,
0,0,0,0,0,0,0,0,0,0,0,0,0,0,0,0,
1139,124,20,17,2,1,0,0,
790,646,791,0,0,0,0,0,0,0,
0,0,0,0,0,0,0,0,0,0,
0.,0.,0.,
0.,0.,0.,
0.,0.,0.,
0,0,0,0,0,0,0,0,0,0,0,0,0,0,0,0,
1140,124,20,17,2,1,0,0,
726,735,792,0,0,0,0,0,0,0,
0,0,0,0,0,0,0,0,0,0,
0.,0.,0.,
0.,0.,0.,
0.,0.,0.,
0,0,0,0,0,0,0,0,0,0,0,0,0,0,0,0,
1141,124,20,17,2,1,0,0,
735,726,666,0,0,0,0,0,0,0,
0,0,0,0,0,0,0,0,0,0,
0.,0.,0.,
0.,0.,0.,
0.,0.,0.,
0,0,0,0,0,0,0,0,0,0,0,0,0,0,0,0,
1142,124,20,17,2,1,0,0,
674,632,633,0,0,0,0,0,0,0,
0,0,0,0,0,0,0,0,0,0,
0.,0.,0.,
0.,0.,0.,
0.,0.,0.,
0,0,0,0,0,0,0,0,0,0,0,0,0,0,0,0,
1143,124,20,17,2,1,0,0,
708,707,752,0,0,0,0,0,0,0,
0,0,0,0,0,0,0,0,0,0,
0.,0.,0.,
0.,0.,0.,
0.,0.,0.,
0,0,0,0,0,0,0,0,0,0,0,0,0,0,0,0,
1144,124,20,17,2,1,0,0,
752,707,793,0,0,0,0,0,0,0,
0,0,0,0,0,0,0,0,0,0,
0.,0.,0.,
0.,0.,0.,
0.,0.,0.,
0,0,0,0,0,0,0,0,0,0,0,0,0,0,0,0,
1145,124,20,17,2,1,0,0,
685,683,545,0,0,0,0,0,0,0,
0,0,0,0,0,0,0,0,0,0,
0.,0.,0.,
0.,0.,0.,
0.,0.,0.,
0,0,0,0,0,0,0,0,0,0,0,0,0,0,0,0,
1146,124,20,17,2,1,0,0,
683,795,794,0,0,0,0,0,0,0,
0,0,0,0,0,0,0,0,0,0,
0.,0.,0.,
0.,0.,0.,
0.,0.,0.,
0,0,0,0,0,0,0,0,0,0,0,0,0,0,0,0,
1147,124,20,17,2,1,0,0,
668,612,611,0,0,0,0,0,0,0,
0,0,0,0,0,0,0,0,0,0,
0.,0.,0.,
0.,0.,0.,
0.,0.,0.,
0,0,0,0,0,0,0,0,0,0,0,0,0,0,0,0,
1148,124,20,17,2,1,0,0,
683,546,545,0,0,0,0,0,0,0,
0,0,0,0,0,0,0,0,0,0,
0.,0.,0.,
0.,0.,0.,
0.,0.,0.,
0,0,0,0,0,0,0,0,0,0,0,0,0,0,0,0,
1149,124,20,17,2,1,0,0,
546,683,794,0,0,0,0,0,0,0,
0,0,0,0,0,0,0,0,0,0,
0.,0.,0.,
0.,0.,0.,
0.,0.,0.,
0,0,0,0,0,0,0,0,0,0,0,0,0,0,0,0,
1150,124,20,17,2,1,0,0,
675,673,618,0,0,0,0,0,0,0,
0,0,0,0,0,0,0,0,0,0,
0.,0.,0.,
0.,0.,0.,
0.,0.,0.,
0,0,0,0,0,0,0,0,0,0,0,0,0,0,0,0,
1151,124,20,17,2,1,0,0,
673,619,618,0,0,0,0,0,0,0,
0,0,0,0,0,0,0,0,0,0,
0.,0.,0.,
0.,0.,0.,
0.,0.,0.,
0,0,0,0,0,0,0,0,0,0,0,0,0,0,0,0,
1152,124,20,17,2,1,0,0,
796,797,703,0,0,0,0,0,0,0,
0,0,0,0,0,0,0,0,0,0,
0.,0.,0.,
0.,0.,0.,
0.,0.,0.,
0,0,0,0,0,0,0,0,0,0,0,0,0,0,0,0,
1153,124,20,17,2,1,0,0,
630,684,631,0,0,0,0,0,0,0,
0,0,0,0,0,0,0,0,0,0,
0.,0.,0.,
0.,0.,0.,
0.,0.,0.,
0,0,0,0,0,0,0,0,0,0,0,0,0,0,0,0,
1154,124,20,17,2,1,0,0,
798,692,786,0,0,0,0,0,0,0,
0,0,0,0,0,0,0,0,0,0,
0.,0.,0.,
0.,0.,0.,
0.,0.,0.,
0,0,0,0,0,0,0,0,0,0,0,0,0,0,0,0,
1155,124,20,17,2,1,0,0,
786,799,798,0,0,0,0,0,0,0,
0,0,0,0,0,0,0,0,0,0,
0.,0.,0.,
0.,0.,0.,
0.,0.,0.,
0,0,0,0,0,0,0,0,0,0,0,0,0,0,0,0,
1156,124,20,17,2,1,0,0,
789,791,800,0,0,0,0,0,0,0,
0,0,0,0,0,0,0,0,0,0,
0.,0.,0.,
0.,0.,0.,
0.,0.,0.,
0,0,0,0,0,0,0,0,0,0,0,0,0,0,0,0,
1157,124,20,17,2,1,0,0,
801,800,791,0,0,0,0,0,0,0,
0,0,0,0,0,0,0,0,0,0,
0.,0.,0.,
0.,0.,0.,
0.,0.,0.,
0,0,0,0,0,0,0,0,0,0,0,0,0,0,0,0,
1158,124,20,17,2,1,0,0,
802,728,803,0,0,0,0,0,0,0,
0,0,0,0,0,0,0,0,0,0,
0.,0.,0.,
0.,0.,0.,
0.,0.,0.,
0,0,0,0,0,0,0,0,0,0,0,0,0,0,0,0,
1159,124,20,17,2,1,0,0,
803,804,802,0,0,0,0,0,0,0,
0,0,0,0,0,0,0,0,0,0,
0.,0.,0.,
0.,0.,0.,
0.,0.,0.,
0,0,0,0,0,0,0,0,0,0,0,0,0,0,0,0,
1160,124,20,17,2,1,0,0,
805,705,806,0,0,0,0,0,0,0,
0,0,0,0,0,0,0,0,0,0,
0.,0.,0.,
0.,0.,0.,
0.,0.,0.,
0,0,0,0,0,0,0,0,0,0,0,0,0,0,0,0,
1161,124,20,17,2,1,0,0,
797,656,703,0,0,0,0,0,0,0,
0,0,0,0,0,0,0,0,0,0,
0.,0.,0.,
0.,0.,0.,
0.,0.,0.,
0,0,0,0,0,0,0,0,0,0,0,0,0,0,0,0,
1162,124,20,17,2,1,0,0,
702,678,805,0,0,0,0,0,0,0,
0,0,0,0,0,0,0,0,0,0,
0.,0.,0.,
0.,0.,0.,
0.,0.,0.,
0,0,0,0,0,0,0,0,0,0,0,0,0,0,0,0,
1163,124,20,17,2,1,0,0,
805,787,702,0,0,0,0,0,0,0,
0,0,0,0,0,0,0,0,0,0,
0.,0.,0.,
0.,0.,0.,
0.,0.,0.,
0,0,0,0,0,0,0,0,0,0,0,0,0,0,0,0,
1164,124,20,17,2,1,0,0,
807,625,624,0,0,0,0,0,0,0,
0,0,0,0,0,0,0,0,0,0,
0.,0.,0.,
0.,0.,0.,
0.,0.,0.,
0,0,0,0,0,0,0,0,0,0,0,0,0,0,0,0,
1165,124,20,17,2,1,0,0,
624,787,807,0,0,0,0,0,0,0,
0,0,0,0,0,0,0,0,0,0,
0.,0.,0.,
0.,0.,0.,
0.,0.,0.,
0,0,0,0,0,0,0,0,0,0,0,0,0,0,0,0,
1166,124,20,17,2,1,0,0,
718,719,808,0,0,0,0,0,0,0,
0,0,0,0,0,0,0,0,0,0,
0.,0.,0.,
0.,0.,0.,
0.,0.,0.,
0,0,0,0,0,0,0,0,0,0,0,0,0,0,0,0,
1167,124,20,17,2,1,0,0,
782,689,809,0,0,0,0,0,0,0,
0,0,0,0,0,0,0,0,0,0,
0.,0.,0.,
0.,0.,0.,
0.,0.,0.,
0,0,0,0,0,0,0,0,0,0,0,0,0,0,0,0,
1168,124,20,17,2,1,0,0,
780,810,779,0,0,0,0,0,0,0,
0,0,0,0,0,0,0,0,0,0,
0.,0.,0.,
0.,0.,0.,
0.,0.,0.,
0,0,0,0,0,0,0,0,0,0,0,0,0,0,0,0,
1169,124,20,17,2,1,0,0,
628,779,810,0,0,0,0,0,0,0,
0,0,0,0,0,0,0,0,0,0,
0.,0.,0.,
0.,0.,0.,
0.,0.,0.,
0,0,0,0,0,0,0,0,0,0,0,0,0,0,0,0,
1170,124,20,17,2,1,0,0,
735,811,792,0,0,0,0,0,0,0,
0,0,0,0,0,0,0,0,0,0,
0.,0.,0.,
0.,0.,0.,
0.,0.,0.,
0,0,0,0,0,0,0,0,0,0,0,0,0,0,0,0,
1171,124,20,17,2,1,0,0,
806,798,807,0,0,0,0,0,0,0,
0,0,0,0,0,0,0,0,0,0,
0.,0.,0.,
0.,0.,0.,
0.,0.,0.,
0,0,0,0,0,0,0,0,0,0,0,0,0,0,0,0,
1172,124,20,17,2,1,0,0,
692,798,806,0,0,0,0,0,0,0,
0,0,0,0,0,0,0,0,0,0,
0.,0.,0.,
0.,0.,0.,
0.,0.,0.,
0,0,0,0,0,0,0,0,0,0,0,0,0,0,0,0,
1173,124,20,17,2,1,0,0,
785,774,775,0,0,0,0,0,0,0,
0,0,0,0,0,0,0,0,0,0,
0.,0.,0.,
0.,0.,0.,
0.,0.,0.,
0,0,0,0,0,0,0,0,0,0,0,0,0,0,0,0,
1174,124,20,17,2,1,0,0,
773,774,150,0,0,0,0,0,0,0,
0,0,0,0,0,0,0,0,0,0,
0.,0.,0.,
0.,0.,0.,
0.,0.,0.,
0,0,0,0,0,0,0,0,0,0,0,0,0,0,0,0,
1175,124,20,17,2,1,0,0,
772,792,811,0,0,0,0,0,0,0,
0,0,0,0,0,0,0,0,0,0,
0.,0.,0.,
0.,0.,0.,
0.,0.,0.,
0,0,0,0,0,0,0,0,0,0,0,0,0,0,0,0,
1176,124,20,17,2,1,0,0,
514,772,811,0,0,0,0,0,0,0,
0,0,0,0,0,0,0,0,0,0,
0.,0.,0.,
0.,0.,0.,
0.,0.,0.,
0,0,0,0,0,0,0,0,0,0,0,0,0,0,0,0,
1177,124,20,17,2,1,0,0,
790,724,725,0,0,0,0,0,0,0,
0,0,0,0,0,0,0,0,0,0,
0.,0.,0.,
0.,0.,0.,
0.,0.,0.,
0,0,0,0,0,0,0,0,0,0,0,0,0,0,0,0,
1178,124,20,17,2,1,0,0,
725,645,790,0,0,0,0,0,0,0,
0,0,0,0,0,0,0,0,0,0,
0.,0.,0.,
0.,0.,0.,
0.,0.,0.,
0,0,0,0,0,0,0,0,0,0,0,0,0,0,0,0,
1179,124,20,17,2,1,0,0,
799,786,781,0,0,0,0,0,0,0,
0,0,0,0,0,0,0,0,0,0,
0.,0.,0.,
0.,0.,0.,
0.,0.,0.,
0,0,0,0,0,0,0,0,0,0,0,0,0,0,0,0,
1180,124,20,17,2,1,0,0,
781,779,799,0,0,0,0,0,0,0,
0,0,0,0,0,0,0,0,0,0,
0.,0.,0.,
0.,0.,0.,
0.,0.,0.,
0,0,0,0,0,0,0,0,0,0,0,0,0,0,0,0,
1181,124,20,17,2,1,0,0,
627,799,779,0,0,0,0,0,0,0,
0,0,0,0,0,0,0,0,0,0,
0.,0.,0.,
0.,0.,0.,
0.,0.,0.,
0,0,0,0,0,0,0,0,0,0,0,0,0,0,0,0,
1182,124,20,17,2,1,0,0,
759,729,662,0,0,0,0,0,0,0,
0,0,0,0,0,0,0,0,0,0,
0.,0.,0.,
0.,0.,0.,
0.,0.,0.,
0,0,0,0,0,0,0,0,0,0,0,0,0,0,0,0,
1183,124,20,17,2,1,0,0,
662,729,661,0,0,0,0,0,0,0,
0,0,0,0,0,0,0,0,0,0,
0.,0.,0.,
0.,0.,0.,
0.,0.,0.,
0,0,0,0,0,0,0,0,0,0,0,0,0,0,0,0,
1184,124,20,17,2,1,0,0,
803,728,732,0,0,0,0,0,0,0,
0,0,0,0,0,0,0,0,0,0,
0.,0.,0.,
0.,0.,0.,
0.,0.,0.,
0,0,0,0,0,0,0,0,0,0,0,0,0,0,0,0,
1185,124,20,17,2,1,0,0,
625,807,798,0,0,0,0,0,0,0,
0,0,0,0,0,0,0,0,0,0,
0.,0.,0.,
0.,0.,0.,
0.,0.,0.,
0,0,0,0,0,0,0,0,0,0,0,0,0,0,0,0,
1186,124,20,17,2,1,0,0,
802,804,659,0,0,0,0,0,0,0,
0,0,0,0,0,0,0,0,0,0,
0.,0.,0.,
0.,0.,0.,
0.,0.,0.,
0,0,0,0,0,0,0,0,0,0,0,0,0,0,0,0,
1187,124,20,17,2,1,0,0,
798,626,625,0,0,0,0,0,0,0,
0,0,0,0,0,0,0,0,0,0,
0.,0.,0.,
0.,0.,0.,
0.,0.,0.,
0,0,0,0,0,0,0,0,0,0,0,0,0,0,0,0,
1188,124,20,17,2,1,0,0,
669,754,688,0,0,0,0,0,0,0,
0,0,0,0,0,0,0,0,0,0,
0.,0.,0.,
0.,0.,0.,
0.,0.,0.,
0,0,0,0,0,0,0,0,0,0,0,0,0,0,0,0,
1189,124,20,17,2,1,0,0,
755,688,754,0,0,0,0,0,0,0,
0,0,0,0,0,0,0,0,0,0,
0.,0.,0.,
0.,0.,0.,
0.,0.,0.,
0,0,0,0,0,0,0,0,0,0,0,0,0,0,0,0,
1190,124,20,17,2,1,0,0,
665,663,812,0,0,0,0,0,0,0,
0,0,0,0,0,0,0,0,0,0,
0.,0.,0.,
0.,0.,0.,
0.,0.,0.,
0,0,0,0,0,0,0,0,0,0,0,0,0,0,0,0,
1191,124,20,17,2,1,0,0,
812,663,776,0,0,0,0,0,0,0,
0,0,0,0,0,0,0,0,0,0,
0.,0.,0.,
0.,0.,0.,
0.,0.,0.,
0,0,0,0,0,0,0,0,0,0,0,0,0,0,0,0,
1192,124,20,17,2,1,0,0,
705,706,806,0,0,0,0,0,0,0,
0,0,0,0,0,0,0,0,0,0,
0.,0.,0.,
0.,0.,0.,
0.,0.,0.,
0,0,0,0,0,0,0,0,0,0,0,0,0,0,0,0,
1193,124,20,17,2,1,0,0,
693,713,783,0,0,0,0,0,0,0,
0,0,0,0,0,0,0,0,0,0,
0.,0.,0.,
0.,0.,0.,
0.,0.,0.,
0,0,0,0,0,0,0,0,0,0,0,0,0,0,0,0,
1194,124,20,17,2,1,0,0,
728,802,727,0,0,0,0,0,0,0,
0,0,0,0,0,0,0,0,0,0,
0.,0.,0.,
0.,0.,0.,
0.,0.,0.,
0,0,0,0,0,0,0,0,0,0,0,0,0,0,0,0,
1195,124,20,17,2,1,0,0,
660,727,802,0,0,0,0,0,0,0,
0,0,0,0,0,0,0,0,0,0,
0.,0.,0.,
0.,0.,0.,
0.,0.,0.,
0,0,0,0,0,0,0,0,0,0,0,0,0,0,0,0,
1196,124,20,17,2,1,0,0,
706,691,806,0,0,0,0,0,0,0,
0,0,0,0,0,0,0,0,0,0,
0.,0.,0.,
0.,0.,0.,
0.,0.,0.,
0,0,0,0,0,0,0,0,0,0,0,0,0,0,0,0,
1197,124,20,17,2,1,0,0,
753,750,751,0,0,0,0,0,0,0,
0,0,0,0,0,0,0,0,0,0,
0.,0.,0.,
0.,0.,0.,
0.,0.,0.,
0,0,0,0,0,0,0,0,0,0,0,0,0,0,0,0,
1198,124,20,17,2,1,0,0,
750,753,636,0,0,0,0,0,0,0,
0,0,0,0,0,0,0,0,0,0,
0.,0.,0.,
0.,0.,0.,
0.,0.,0.,
0,0,0,0,0,0,0,0,0,0,0,0,0,0,0,0,
1199,124,20,17,2,1,0,0,
784,738,736,0,0,0,0,0,0,0,
0,0,0,0,0,0,0,0,0,0,
0.,0.,0.,
0.,0.,0.,
0.,0.,0.,
0,0,0,0,0,0,0,0,0,0,0,0,0,0,0,0,
1200,124,20,17,2,1,0,0,
789,800,813,0,0,0,0,0,0,0,
0,0,0,0,0,0,0,0,0,0,
0.,0.,0.,
0.,0.,0.,
0.,0.,0.,
0,0,0,0,0,0,0,0,0,0,0,0,0,0,0,0,
1201,124,20,17,2,1,0,0,
735,664,811,0,0,0,0,0,0,0,
0,0,0,0,0,0,0,0,0,0,
0.,0.,0.,
0.,0.,0.,
0.,0.,0.,
0,0,0,0,0,0,0,0,0,0,0,0,0,0,0,0,
1202,124,20,17,2,1,0,0,
801,791,647,0,0,0,0,0,0,0,
0,0,0,0,0,0,0,0,0,0,
0.,0.,0.,
0.,0.,0.,
0.,0.,0.,
0,0,0,0,0,0,0,0,0,0,0,0,0,0,0,0,
1203,124,20,17,2,1,0,0,
811,664,597,0,0,0,0,0,0,0,
0,0,0,0,0,0,0,0,0,0,
0.,0.,0.,
0.,0.,0.,
0.,0.,0.,
0,0,0,0,0,0,0,0,0,0,0,0,0,0,0,0,
1204,124,20,17,2,1,0,0,
792,772,768,0,0,0,0,0,0,0,
0,0,0,0,0,0,0,0,0,0,
0.,0.,0.,
0.,0.,0.,
0.,0.,0.,
0,0,0,0,0,0,0,0,0,0,0,0,0,0,0,0,
1205,124,20,17,2,1,0,0,
705,805,678,0,0,0,0,0,0,0,
0,0,0,0,0,0,0,0,0,0,
0.,0.,0.,
0.,0.,0.,
0.,0.,0.,
0,0,0,0,0,0,0,0,0,0,0,0,0,0,0,0,
1206,124,20,17,2,1,0,0,
688,755,689,0,0,0,0,0,0,0,
0,0,0,0,0,0,0,0,0,0,
0.,0.,0.,
0.,0.,0.,
0.,0.,0.,
0,0,0,0,0,0,0,0,0,0,0,0,0,0,0,0,
1207,124,20,17,2,1,0,0,
705,591,590,0,0,0,0,0,0,0,
0,0,0,0,0,0,0,0,0,0,
0.,0.,0.,
0.,0.,0.,
0.,0.,0.,
0,0,0,0,0,0,0,0,0,0,0,0,0,0,0,0,
1208,124,20,17,2,1,0,0,
809,689,755,0,0,0,0,0,0,0,
0,0,0,0,0,0,0,0,0,0,
0.,0.,0.,
0.,0.,0.,
0.,0.,0.,
0,0,0,0,0,0,0,0,0,0,0,0,0,0,0,0,
1209,124,20,17,2,1,0,0,
803,814,804,0,0,0,0,0,0,0,
0,0,0,0,0,0,0,0,0,0,
0.,0.,0.,
0.,0.,0.,
0.,0.,0.,
0,0,0,0,0,0,0,0,0,0,0,0,0,0,0,0,
1210,124,20,17,2,1,0,0,
598,664,665,0,0,0,0,0,0,0,
0,0,0,0,0,0,0,0,0,0,
0.,0.,0.,
0.,0.,0.,
0.,0.,0.,
0,0,0,0,0,0,0,0,0,0,0,0,0,0,0,0,
1211,124,20,17,2,1,0,0,
753,635,636,0,0,0,0,0,0,0,
0,0,0,0,0,0,0,0,0,0,
0.,0.,0.,
0.,0.,0.,
0.,0.,0.,
0,0,0,0,0,0,0,0,0,0,0,0,0,0,0,0,
1212,124,20,17,2,1,0,0,
731,733,752,0,0,0,0,0,0,0,
0,0,0,0,0,0,0,0,0,0,
0.,0.,0.,
0.,0.,0.,
0.,0.,0.,
0,0,0,0,0,0,0,0,0,0,0,0,0,0,0,0,
1213,124,20,17,2,1,0,0,
731,752,732,0,0,0,0,0,0,0,
0,0,0,0,0,0,0,0,0,0,
0.,0.,0.,
0.,0.,0.,
0.,0.,0.,
0,0,0,0,0,0,0,0,0,0,0,0,0,0,0,0,
1214,124,20,17,2,1,0,0,
806,807,805,0,0,0,0,0,0,0,
0,0,0,0,0,0,0,0,0,0,
0.,0.,0.,
0.,0.,0.,
0.,0.,0.,
0,0,0,0,0,0,0,0,0,0,0,0,0,0,0,0,
1215,124,20,17,2,1,0,0,
760,696,694,0,0,0,0,0,0,0,
0,0,0,0,0,0,0,0,0,0,
0.,0.,0.,
0.,0.,0.,
0.,0.,0.,
0,0,0,0,0,0,0,0,0,0,0,0,0,0,0,0,
1216,124,20,17,2,1,0,0,
603,760,694,0,0,0,0,0,0,0,
0,0,0,0,0,0,0,0,0,0,
0.,0.,0.,
0.,0.,0.,
0.,0.,0.,
0,0,0,0,0,0,0,0,0,0,0,0,0,0,0,0,
1217,124,20,17,2,1,0,0,
695,815,697,0,0,0,0,0,0,0,
0,0,0,0,0,0,0,0,0,0,
0.,0.,0.,
0.,0.,0.,
0.,0.,0.,
0,0,0,0,0,0,0,0,0,0,0,0,0,0,0,0,
1218,124,20,17,2,1,0,0,
769,741,816,0,0,0,0,0,0,0,
0,0,0,0,0,0,0,0,0,0,
0.,0.,0.,
0.,0.,0.,
0.,0.,0.,
0,0,0,0,0,0,0,0,0,0,0,0,0,0,0,0,
1219,124,20,17,2,1,0,0,
769,816,817,0,0,0,0,0,0,0,
0,0,0,0,0,0,0,0,0,0,
0.,0.,0.,
0.,0.,0.,
0.,0.,0.,
0,0,0,0,0,0,0,0,0,0,0,0,0,0,0,0,
1220,124,20,17,2,1,0,0,
741,769,770,0,0,0,0,0,0,0,
0,0,0,0,0,0,0,0,0,0,
0.,0.,0.,
0.,0.,0.,
0.,0.,0.,
0,0,0,0,0,0,0,0,0,0,0,0,0,0,0,0,
1221,124,20,17,2,1,0,0,
815,818,697,0,0,0,0,0,0,0,
0,0,0,0,0,0,0,0,0,0,
0.,0.,0.,
0.,0.,0.,
0.,0.,0.,
0,0,0,0,0,0,0,0,0,0,0,0,0,0,0,0,
1222,124,20,17,2,1,0,0,
763,700,701,0,0,0,0,0,0,0,
0,0,0,0,0,0,0,0,0,0,
0.,0.,0.,
0.,0.,0.,
0.,0.,0.,
0,0,0,0,0,0,0,0,0,0,0,0,0,0,0,0,
1223,124,20,17,2,1,0,0,
681,595,594,0,0,0,0,0,0,0,
0,0,0,0,0,0,0,0,0,0,
0.,0.,0.,
0.,0.,0.,
0.,0.,0.,
0,0,0,0,0,0,0,0,0,0,0,0,0,0,0,0,
1224,124,20,17,2,1,0,0,
677,679,676,0,0,0,0,0,0,0,
0,0,0,0,0,0,0,0,0,0,
0.,0.,0.,
0.,0.,0.,
0.,0.,0.,
0,0,0,0,0,0,0,0,0,0,0,0,0,0,0,0,
1225,124,20,17,2,1,0,0,
682,667,676,0,0,0,0,0,0,0,
0,0,0,0,0,0,0,0,0,0,
0.,0.,0.,
0.,0.,0.,
0.,0.,0.,
0,0,0,0,0,0,0,0,0,0,0,0,0,0,0,0,
1226,124,20,17,2,1,0,0,
676,680,144,0,0,0,0,0,0,0,
0,0,0,0,0,0,0,0,0,0,
0.,0.,0.,
0.,0.,0.,
0.,0.,0.,
0,0,0,0,0,0,0,0,0,0,0,0,0,0,0,0,
1227,124,20,17,2,1,0,0,
817,819,673,0,0,0,0,0,0,0,
0,0,0,0,0,0,0,0,0,0,
0.,0.,0.,
0.,0.,0.,
0.,0.,0.,
0,0,0,0,0,0,0,0,0,0,0,0,0,0,0,0,
1228,124,20,17,2,1,0,0,
819,619,673,0,0,0,0,0,0,0,
0,0,0,0,0,0,0,0,0,0,
0.,0.,0.,
0.,0.,0.,
0.,0.,0.,
0,0,0,0,0,0,0,0,0,0,0,0,0,0,0,0,
1229,124,20,17,2,1,0,0,
820,720,718,0,0,0,0,0,0,0,
0,0,0,0,0,0,0,0,0,0,
0.,0.,0.,
0.,0.,0.,
0.,0.,0.,
0,0,0,0,0,0,0,0,0,0,0,0,0,0,0,0,
1230,124,20,17,2,1,0,0,
796,820,718,0,0,0,0,0,0,0,
0,0,0,0,0,0,0,0,0,0,
0.,0.,0.,
0.,0.,0.,
0.,0.,0.,
0,0,0,0,0,0,0,0,0,0,0,0,0,0,0,0,
1231,124,20,17,2,1,0,0,
146,147,690,0,0,0,0,0,0,0,
0,0,0,0,0,0,0,0,0,0,
0.,0.,0.,
0.,0.,0.,
0.,0.,0.,
0,0,0,0,0,0,0,0,0,0,0,0,0,0,0,0,
1232,124,20,17,2,1,0,0,
726,644,725,0,0,0,0,0,0,0,
0,0,0,0,0,0,0,0,0,0,
0.,0.,0.,
0.,0.,0.,
0.,0.,0.,
0,0,0,0,0,0,0,0,0,0,0,0,0,0,0,0,
1233,124,20,17,2,1,0,0,
721,698,677,0,0,0,0,0,0,0,
0,0,0,0,0,0,0,0,0,0,
0.,0.,0.,
0.,0.,0.,
0.,0.,0.,
0,0,0,0,0,0,0,0,0,0,0,0,0,0,0,0,
1234,124,20,17,2,1,0,0,
699,698,721,0,0,0,0,0,0,0,
0,0,0,0,0,0,0,0,0,0,
0.,0.,0.,
0.,0.,0.,
0.,0.,0.,
0,0,0,0,0,0,0,0,0,0,0,0,0,0,0,0,
1235,124,20,17,2,1,0,0,
699,721,608,0,0,0,0,0,0,0,
0,0,0,0,0,0,0,0,0,0,
0.,0.,0.,
0.,0.,0.,
0.,0.,0.,
0,0,0,0,0,0,0,0,0,0,0,0,0,0,0,0,
1236,124,20,17,2,1,0,0,
764,821,816,0,0,0,0,0,0,0,
0,0,0,0,0,0,0,0,0,0,
0.,0.,0.,
0.,0.,0.,
0.,0.,0.,
0,0,0,0,0,0,0,0,0,0,0,0,0,0,0,0,
1237,124,20,17,2,1,0,0,
764,816,743,0,0,0,0,0,0,0,
0,0,0,0,0,0,0,0,0,0,
0.,0.,0.,
0.,0.,0.,
0.,0.,0.,
0,0,0,0,0,0,0,0,0,0,0,0,0,0,0,0,
1238,124,20,17,2,1,0,0,
776,789,813,0,0,0,0,0,0,0,
0,0,0,0,0,0,0,0,0,0,
0.,0.,0.,
0.,0.,0.,
0.,0.,0.,
0,0,0,0,0,0,0,0,0,0,0,0,0,0,0,0,
1239,124,20,17,2,1,0,0,
776,813,812,0,0,0,0,0,0,0,
0,0,0,0,0,0,0,0,0,0,
0.,0.,0.,
0.,0.,0.,
0.,0.,0.,
0,0,0,0,0,0,0,0,0,0,0,0,0,0,0,0,
1240,124,20,17,2,1,0,0,
608,721,609,0,0,0,0,0,0,0,
0,0,0,0,0,0,0,0,0,0,
0.,0.,0.,
0.,0.,0.,
0.,0.,0.,
0,0,0,0,0,0,0,0,0,0,0,0,0,0,0,0,
1241,124,20,17,2,1,0,0,
722,759,139,0,0,0,0,0,0,0,
0,0,0,0,0,0,0,0,0,0,
0.,0.,0.,
0.,0.,0.,
0.,0.,0.,
0,0,0,0,0,0,0,0,0,0,0,0,0,0,0,0,
1242,124,20,17,2,1,0,0,
722,730,759,0,0,0,0,0,0,0,
0,0,0,0,0,0,0,0,0,0,
0.,0.,0.,
0.,0.,0.,
0.,0.,0.,
0,0,0,0,0,0,0,0,0,0,0,0,0,0,0,0,
1243,124,20,17,2,1,0,0,
729,759,730,0,0,0,0,0,0,0,
0,0,0,0,0,0,0,0,0,0,
0.,0.,0.,
0.,0.,0.,
0.,0.,0.,
0,0,0,0,0,0,0,0,0,0,0,0,0,0,0,0,
1244,124,20,17,2,1,0,0,
706,822,691,0,0,0,0,0,0,0,
0,0,0,0,0,0,0,0,0,0,
0.,0.,0.,
0.,0.,0.,
0.,0.,0.,
0,0,0,0,0,0,0,0,0,0,0,0,0,0,0,0,
1245,124,20,17,2,1,0,0,
733,142,708,0,0,0,0,0,0,0,
0,0,0,0,0,0,0,0,0,0,
0.,0.,0.,
0.,0.,0.,
0.,0.,0.,
0,0,0,0,0,0,0,0,0,0,0,0,0,0,0,0,
1246,124,20,17,2,1,0,0,
142,143,708,0,0,0,0,0,0,0,
0,0,0,0,0,0,0,0,0,0,
0.,0.,0.,
0.,0.,0.,
0.,0.,0.,
0,0,0,0,0,0,0,0,0,0,0,0,0,0,0,0,
1247,124,20,17,2,1,0,0,
691,822,693,0,0,0,0,0,0,0,
0,0,0,0,0,0,0,0,0,0,
0.,0.,0.,
0.,0.,0.,
0.,0.,0.,
0,0,0,0,0,0,0,0,0,0,0,0,0,0,0,0,
1248,124,20,17,2,1,0,0,
603,694,604,0,0,0,0,0,0,0,
0,0,0,0,0,0,0,0,0,0,
0.,0.,0.,
0.,0.,0.,
0.,0.,0.,
0,0,0,0,0,0,0,0,0,0,0,0,0,0,0,0,
1249,124,20,17,2,1,0,0,
823,698,697,0,0,0,0,0,0,0,
0,0,0,0,0,0,0,0,0,0,
0.,0.,0.,
0.,0.,0.,
0.,0.,0.,
0,0,0,0,0,0,0,0,0,0,0,0,0,0,0,0,
1250,124,20,17,2,1,0,0,
697,824,823,0,0,0,0,0,0,0,
0,0,0,0,0,0,0,0,0,0,
0.,0.,0.,
0.,0.,0.,
0.,0.,0.,
0,0,0,0,0,0,0,0,0,0,0,0,0,0,0,0,
1251,124,20,17,2,1,0,0,
768,643,792,0,0,0,0,0,0,0,
0,0,0,0,0,0,0,0,0,0,
0.,0.,0.,
0.,0.,0.,
0.,0.,0.,
0,0,0,0,0,0,0,0,0,0,0,0,0,0,0,0,
1252,124,20,17,2,1,0,0,
714,713,822,0,0,0,0,0,0,0,
0,0,0,0,0,0,0,0,0,0,
0.,0.,0.,
0.,0.,0.,
0.,0.,0.,
0,0,0,0,0,0,0,0,0,0,0,0,0,0,0,0,
1253,124,20,17,2,1,0,0,
822,713,693,0,0,0,0,0,0,0,
0,0,0,0,0,0,0,0,0,0,
0.,0.,0.,
0.,0.,0.,
0.,0.,0.,
0,0,0,0,0,0,0,0,0,0,0,0,0,0,0,0,
1254,124,20,17,2,1,0,0,
714,822,584,0,0,0,0,0,0,0,
0,0,0,0,0,0,0,0,0,0,
0.,0.,0.,
0.,0.,0.,
0.,0.,0.,
0,0,0,0,0,0,0,0,0,0,0,0,0,0,0,0,
1255,124,20,17,2,1,0,0,
679,823,716,0,0,0,0,0,0,0,
0,0,0,0,0,0,0,0,0,0,
0.,0.,0.,
0.,0.,0.,
0.,0.,0.,
0,0,0,0,0,0,0,0,0,0,0,0,0,0,0,0,
1256,124,20,17,2,1,0,0,
823,679,698,0,0,0,0,0,0,0,
0,0,0,0,0,0,0,0,0,0,
0.,0.,0.,
0.,0.,0.,
0.,0.,0.,
0,0,0,0,0,0,0,0,0,0,0,0,0,0,0,0,
1257,124,20,17,2,1,0,0,
726,792,643,0,0,0,0,0,0,0,
0,0,0,0,0,0,0,0,0,0,
0.,0.,0.,
0.,0.,0.,
0.,0.,0.,
0,0,0,0,0,0,0,0,0,0,0,0,0,0,0,0,
1258,124,20,17,2,1,0,0,
644,726,643,0,0,0,0,0,0,0,
0,0,0,0,0,0,0,0,0,0,
0.,0.,0.,
0.,0.,0.,
0.,0.,0.,
0,0,0,0,0,0,0,0,0,0,0,0,0,0,0,0,
1259,124,20,17,2,1,0,0,
744,765,700,0,0,0,0,0,0,0,
0,0,0,0,0,0,0,0,0,0,
0.,0.,0.,
0.,0.,0.,
0.,0.,0.,
0,0,0,0,0,0,0,0,0,0,0,0,0,0,0,0,
1260,124,20,17,2,1,0,0,
700,766,507,0,0,0,0,0,0,0,
0,0,0,0,0,0,0,0,0,0,
0.,0.,0.,
0.,0.,0.,
0.,0.,0.,
0,0,0,0,0,0,0,0,0,0,0,0,0,0,0,0,
1261,124,20,17,2,1,0,0,
785,562,774,0,0,0,0,0,0,0,
0,0,0,0,0,0,0,0,0,0,
0.,0.,0.,
0.,0.,0.,
0.,0.,0.,
0,0,0,0,0,0,0,0,0,0,0,0,0,0,0,0,
1262,124,20,17,2,1,0,0,
510,774,562,0,0,0,0,0,0,0,
0,0,0,0,0,0,0,0,0,0,
0.,0.,0.,
0.,0.,0.,
0.,0.,0.,
0,0,0,0,0,0,0,0,0,0,0,0,0,0,0,0,
1263,124,20,17,2,1,0,0,
822,585,584,0,0,0,0,0,0,0,
0,0,0,0,0,0,0,0,0,0,
0.,0.,0.,
0.,0.,0.,
0.,0.,0.,
0,0,0,0,0,0,0,0,0,0,0,0,0,0,0,0,
1264,124,20,17,2,1,0,0,
750,636,637,0,0,0,0,0,0,0,
0,0,0,0,0,0,0,0,0,0,
0.,0.,0.,
0.,0.,0.,
0.,0.,0.,
0,0,0,0,0,0,0,0,0,0,0,0,0,0,0,0,
1265,124,20,17,2,1,0,0,
504,750,637,0,0,0,0,0,0,0,
0,0,0,0,0,0,0,0,0,0,
0.,0.,0.,
0.,0.,0.,
0.,0.,0.,
0,0,0,0,0,0,0,0,0,0,0,0,0,0,0,0,
1266,124,20,17,2,1,0,0,
621,763,622,0,0,0,0,0,0,0,
0,0,0,0,0,0,0,0,0,0,
0.,0.,0.,
0.,0.,0.,
0.,0.,0.,
0,0,0,0,0,0,0,0,0,0,0,0,0,0,0,0,
1267,124,20,17,2,1,0,0,
786,692,693,0,0,0,0,0,0,0,
0,0,0,0,0,0,0,0,0,0,
0.,0.,0.,
0.,0.,0.,
0.,0.,0.,
0,0,0,0,0,0,0,0,0,0,0,0,0,0,0,0,
1268,124,20,17,2,1,0,0,
671,152,4,0,0,0,0,0,0,0,
0,0,0,0,0,0,0,0,0,0,
0.,0.,0.,
0.,0.,0.,
0.,0.,0.,
0,0,0,0,0,0,0,0,0,0,0,0,0,0,0,0,
1269,124,20,17,2,1,0,0,
780,825,810,0,0,0,0,0,0,0,
0,0,0,0,0,0,0,0,0,0,
0.,0.,0.,
0.,0.,0.,
0.,0.,0.,
0,0,0,0,0,0,0,0,0,0,0,0,0,0,0,0,
1270,124,20,17,2,1,0,0,
810,825,629,0,0,0,0,0,0,0,
0,0,0,0,0,0,0,0,0,0,
0.,0.,0.,
0.,0.,0.,
0.,0.,0.,
0,0,0,0,0,0,0,0,0,0,0,0,0,0,0,0,
1271,124,20,17,2,1,0,0,
551,671,4,0,0,0,0,0,0,0,
0,0,0,0,0,0,0,0,0,0,
0.,0.,0.,
0.,0.,0.,
0.,0.,0.,
0,0,0,0,0,0,0,0,0,0,0,0,0,0,0,0,
1272,124,20,17,2,1,0,0,
677,698,679,0,0,0,0,0,0,0,
0,0,0,0,0,0,0,0,0,0,
0.,0.,0.,
0.,0.,0.,
0.,0.,0.,
0,0,0,0,0,0,0,0,0,0,0,0,0,0,0,0,
1273,124,20,17,2,1,0,0,
604,694,605,0,0,0,0,0,0,0,
0,0,0,0,0,0,0,0,0,0,
0.,0.,0.,
0.,0.,0.,
0.,0.,0.,
0,0,0,0,0,0,0,0,0,0,0,0,0,0,0,0,
1274,124,20,17,2,1,0,0,
606,694,699,0,0,0,0,0,0,0,
0,0,0,0,0,0,0,0,0,0,
0.,0.,0.,
0.,0.,0.,
0.,0.,0.,
0,0,0,0,0,0,0,0,0,0,0,0,0,0,0,0,
1275,124,20,17,2,1,0,0,
777,682,676,0,0,0,0,0,0,0,
0,0,0,0,0,0,0,0,0,0,
0.,0.,0.,
0.,0.,0.,
0.,0.,0.,
0,0,0,0,0,0,0,0,0,0,0,0,0,0,0,0,
1276,124,20,17,2,1,0,0,
723,665,812,0,0,0,0,0,0,0,
0,0,0,0,0,0,0,0,0,0,
0.,0.,0.,
0.,0.,0.,
0.,0.,0.,
0,0,0,0,0,0,0,0,0,0,0,0,0,0,0,0,
1277,124,20,17,2,1,0,0,
723,812,826,0,0,0,0,0,0,0,
0,0,0,0,0,0,0,0,0,0,
0.,0.,0.,
0.,0.,0.,
0.,0.,0.,
0,0,0,0,0,0,0,0,0,0,0,0,0,0,0,0,
1278,124,20,17,2,1,0,0,
692,806,691,0,0,0,0,0,0,0,
0,0,0,0,0,0,0,0,0,0,
0.,0.,0.,
0.,0.,0.,
0.,0.,0.,
0,0,0,0,0,0,0,0,0,0,0,0,0,0,0,0,
1279,124,20,17,2,1,0,0,
716,707,680,0,0,0,0,0,0,0,
0,0,0,0,0,0,0,0,0,0,
0.,0.,0.,
0.,0.,0.,
0.,0.,0.,
0,0,0,0,0,0,0,0,0,0,0,0,0,0,0,0,
1280,124,20,17,2,1,0,0,
783,689,782,0,0,0,0,0,0,0,
0,0,0,0,0,0,0,0,0,0,
0.,0.,0.,
0.,0.,0.,
0.,0.,0.,
0,0,0,0,0,0,0,0,0,0,0,0,0,0,0,0,
1281,124,20,17,2,1,0,0,
689,713,687,0,0,0,0,0,0,0,
0,0,0,0,0,0,0,0,0,0,
0.,0.,0.,
0.,0.,0.,
0.,0.,0.,
0,0,0,0,0,0,0,0,0,0,0,0,0,0,0,0,
1282,124,20,17,2,1,0,0,
783,713,689,0,0,0,0,0,0,0,
0,0,0,0,0,0,0,0,0,0,
0.,0.,0.,
0.,0.,0.,
0.,0.,0.,
0,0,0,0,0,0,0,0,0,0,0,0,0,0,0,0,
1283,124,20,17,2,1,0,0,
675,618,515,0,0,0,0,0,0,0,
0,0,0,0,0,0,0,0,0,0,
0.,0.,0.,
0.,0.,0.,
0.,0.,0.,
0,0,0,0,0,0,0,0,0,0,0,0,0,0,0,0,
1284,124,20,17,2,1,0,0,
788,746,548,0,0,0,0,0,0,0,
0,0,0,0,0,0,0,0,0,0,
0.,0.,0.,
0.,0.,0.,
0.,0.,0.,
0,0,0,0,0,0,0,0,0,0,0,0,0,0,0,0,
1285,124,20,17,2,1,0,0,
827,825,782,0,0,0,0,0,0,0,
0,0,0,0,0,0,0,0,0,0,
0.,0.,0.,
0.,0.,0.,
0.,0.,0.,
0,0,0,0,0,0,0,0,0,0,0,0,0,0,0,0,
1286,124,20,17,2,1,0,0,
680,679,716,0,0,0,0,0,0,0,
0,0,0,0,0,0,0,0,0,0,
0.,0.,0.,
0.,0.,0.,
0.,0.,0.,
0,0,0,0,0,0,0,0,0,0,0,0,0,0,0,0,
1287,124,20,17,2,1,0,0,
828,829,719,0,0,0,0,0,0,0,
0,0,0,0,0,0,0,0,0,0,
0.,0.,0.,
0.,0.,0.,
0.,0.,0.,
0,0,0,0,0,0,0,0,0,0,0,0,0,0,0,0,
1288,124,20,17,2,1,0,0,
667,614,613,0,0,0,0,0,0,0,
0,0,0,0,0,0,0,0,0,0,
0.,0.,0.,
0.,0.,0.,
0.,0.,0.,
0,0,0,0,0,0,0,0,0,0,0,0,0,0,0,0,
1289,124,20,17,2,1,0,0,
826,812,813,0,0,0,0,0,0,0,
0,0,0,0,0,0,0,0,0,0,
0.,0.,0.,
0.,0.,0.,
0.,0.,0.,
0,0,0,0,0,0,0,0,0,0,0,0,0,0,0,0,
1290,124,20,17,2,1,0,0,
694,606,605,0,0,0,0,0,0,0,
0,0,0,0,0,0,0,0,0,0,
0.,0.,0.,
0.,0.,0.,
0.,0.,0.,
0,0,0,0,0,0,0,0,0,0,0,0,0,0,0,0,
1291,124,20,17,2,1,0,0,
631,685,502,0,0,0,0,0,0,0,
0,0,0,0,0,0,0,0,0,0,
0.,0.,0.,
0.,0.,0.,
0.,0.,0.,
0,0,0,0,0,0,0,0,0,0,0,0,0,0,0,0,
1292,124,20,17,2,1,0,0,
685,544,502,0,0,0,0,0,0,0,
0,0,0,0,0,0,0,0,0,0,
0.,0.,0.,
0.,0.,0.,
0.,0.,0.,
0,0,0,0,0,0,0,0,0,0,0,0,0,0,0,0,
1293,124,20,17,2,1,0,0,
150,774,149,0,0,0,0,0,0,0,
0,0,0,0,0,0,0,0,0,0,
0.,0.,0.,
0.,0.,0.,
0.,0.,0.,
0,0,0,0,0,0,0,0,0,0,0,0,0,0,0,0,
1294,124,20,17,2,1,0,0,
774,510,149,0,0,0,0,0,0,0,
0,0,0,0,0,0,0,0,0,0,
0.,0.,0.,
0.,0.,0.,
0.,0.,0.,
0,0,0,0,0,0,0,0,0,0,0,0,0,0,0,0,
1295,124,20,17,2,1,0,0,
723,760,601,0,0,0,0,0,0,0,
0,0,0,0,0,0,0,0,0,0,
0.,0.,0.,
0.,0.,0.,
0.,0.,0.,
0,0,0,0,0,0,0,0,0,0,0,0,0,0,0,0,
1296,124,20,17,2,1,0,0,
760,602,601,0,0,0,0,0,0,0,
0,0,0,0,0,0,0,0,0,0,
0.,0.,0.,
0.,0.,0.,
0.,0.,0.,
0,0,0,0,0,0,0,0,0,0,0,0,0,0,0,0,
1297,124,20,17,2,1,0,0,
760,603,602,0,0,0,0,0,0,0,
0,0,0,0,0,0,0,0,0,0,
0.,0.,0.,
0.,0.,0.,
0.,0.,0.,
0,0,0,0,0,0,0,0,0,0,0,0,0,0,0,0,
1298,124,20,17,2,1,0,0,
814,704,804,0,0,0,0,0,0,0,
0,0,0,0,0,0,0,0,0,0,
0.,0.,0.,
0.,0.,0.,
0.,0.,0.,
0,0,0,0,0,0,0,0,0,0,0,0,0,0,0,0,
1299,124,20,17,2,1,0,0,
704,658,804,0,0,0,0,0,0,0,
0,0,0,0,0,0,0,0,0,0,
0.,0.,0.,
0.,0.,0.,
0.,0.,0.,
0,0,0,0,0,0,0,0,0,0,0,0,0,0,0,0,
1300,124,20,17,2,1,0,0,
676,144,145,0,0,0,0,0,0,0,
0,0,0,0,0,0,0,0,0,0,
0.,0.,0.,
0.,0.,0.,
0.,0.,0.,
0,0,0,0,0,0,0,0,0,0,0,0,0,0,0,0,
1301,124,20,17,2,1,0,0,
562,785,561,0,0,0,0,0,0,0,
0,0,0,0,0,0,0,0,0,0,
0.,0.,0.,
0.,0.,0.,
0.,0.,0.,
0,0,0,0,0,0,0,0,0,0,0,0,0,0,0,0,
1302,124,20,17,2,1,0,0,
785,508,561,0,0,0,0,0,0,0,
0,0,0,0,0,0,0,0,0,0,
0.,0.,0.,
0.,0.,0.,
0.,0.,0.,
0,0,0,0,0,0,0,0,0,0,0,0,0,0,0,0,
1303,124,20,17,2,1,0,0,
706,587,822,0,0,0,0,0,0,0,
0,0,0,0,0,0,0,0,0,0,
0.,0.,0.,
0.,0.,0.,
0.,0.,0.,
0,0,0,0,0,0,0,0,0,0,0,0,0,0,0,0,
1304,124,20,17,2,1,0,0,
706,588,587,0,0,0,0,0,0,0,
0,0,0,0,0,0,0,0,0,0,
0.,0.,0.,
0.,0.,0.,
0.,0.,0.,
0,0,0,0,0,0,0,0,0,0,0,0,0,0,0,0,
1305,124,20,17,2,1,0,0,
829,828,830,0,0,0,0,0,0,0,
0,0,0,0,0,0,0,0,0,0,
0.,0.,0.,
0.,0.,0.,
0.,0.,0.,
0,0,0,0,0,0,0,0,0,0,0,0,0,0,0,0,
1306,124,20,17,2,1,0,0,
632,675,515,0,0,0,0,0,0,0,
0,0,0,0,0,0,0,0,0,0,
0.,0.,0.,
0.,0.,0.,
0.,0.,0.,
0,0,0,0,0,0,0,0,0,0,0,0,0,0,0,0,
1307,124,20,17,2,1,0,0,
508,785,669,0,0,0,0,0,0,0,
0,0,0,0,0,0,0,0,0,0,
0.,0.,0.,
0.,0.,0.,
0.,0.,0.,
0,0,0,0,0,0,0,0,0,0,0,0,0,0,0,0,
1308,124,20,17,2,1,0,0,
784,669,785,0,0,0,0,0,0,0,
0,0,0,0,0,0,0,0,0,0,
0.,0.,0.,
0.,0.,0.,
0.,0.,0.,
0,0,0,0,0,0,0,0,0,0,0,0,0,0,0,0,
1309,124,20,17,2,1,0,0,
754,669,784,0,0,0,0,0,0,0,
0,0,0,0,0,0,0,0,0,0,
0.,0.,0.,
0.,0.,0.,
0.,0.,0.,
0,0,0,0,0,0,0,0,0,0,0,0,0,0,0,0,
1310,124,20,17,2,1,0,0,
807,787,805,0,0,0,0,0,0,0,
0,0,0,0,0,0,0,0,0,0,
0.,0.,0.,
0.,0.,0.,
0.,0.,0.,
0,0,0,0,0,0,0,0,0,0,0,0,0,0,0,0,
1311,124,20,17,2,1,0,0,
800,710,712,0,0,0,0,0,0,0,
0,0,0,0,0,0,0,0,0,0,
0.,0.,0.,
0.,0.,0.,
0.,0.,0.,
0,0,0,0,0,0,0,0,0,0,0,0,0,0,0,0,
1312,124,20,17,2,1,0,0,
800,712,831,0,0,0,0,0,0,0,
0,0,0,0,0,0,0,0,0,0,
0.,0.,0.,
0.,0.,0.,
0.,0.,0.,
0,0,0,0,0,0,0,0,0,0,0,0,0,0,0,0,
1313,124,20,17,2,1,0,0,
709,710,801,0,0,0,0,0,0,0,
0,0,0,0,0,0,0,0,0,0,
0.,0.,0.,
0.,0.,0.,
0.,0.,0.,
0,0,0,0,0,0,0,0,0,0,0,0,0,0,0,0,
1314,124,20,17,2,1,0,0,
709,801,648,0,0,0,0,0,0,0,
0,0,0,0,0,0,0,0,0,0,
0.,0.,0.,
0.,0.,0.,
0.,0.,0.,
0,0,0,0,0,0,0,0,0,0,0,0,0,0,0,0,
1315,124,20,17,2,1,0,0,
508,669,576,0,0,0,0,0,0,0,
0,0,0,0,0,0,0,0,0,0,
0.,0.,0.,
0.,0.,0.,
0.,0.,0.,
0,0,0,0,0,0,0,0,0,0,0,0,0,0,0,0,
1316,124,20,17,2,1,0,0,
832,814,833,0,0,0,0,0,0,0,
0,0,0,0,0,0,0,0,0,0,
0.,0.,0.,
0.,0.,0.,
0.,0.,0.,
0,0,0,0,0,0,0,0,0,0,0,0,0,0,0,0,
1317,124,20,17,2,1,0,0,
717,832,833,0,0,0,0,0,0,0,
0,0,0,0,0,0,0,0,0,0,
0.,0.,0.,
0.,0.,0.,
0.,0.,0.,
0,0,0,0,0,0,0,0,0,0,0,0,0,0,0,0,
1318,124,20,17,2,1,0,0,
668,721,677,0,0,0,0,0,0,0,
0,0,0,0,0,0,0,0,0,0,
0.,0.,0.,
0.,0.,0.,
0.,0.,0.,
0,0,0,0,0,0,0,0,0,0,0,0,0,0,0,0,
1319,124,20,17,2,1,0,0,
146,690,682,0,0,0,0,0,0,0,
0,0,0,0,0,0,0,0,0,0,
0.,0.,0.,
0.,0.,0.,
0.,0.,0.,
0,0,0,0,0,0,0,0,0,0,0,0,0,0,0,0,
1320,124,20,17,2,1,0,0,
760,723,761,0,0,0,0,0,0,0,
0,0,0,0,0,0,0,0,0,0,
0.,0.,0.,
0.,0.,0.,
0.,0.,0.,
0,0,0,0,0,0,0,0,0,0,0,0,0,0,0,0,
1321,124,20,17,2,1,0,0,
723,826,761,0,0,0,0,0,0,0,
0,0,0,0,0,0,0,0,0,0,
0.,0.,0.,
0.,0.,0.,
0.,0.,0.,
0,0,0,0,0,0,0,0,0,0,0,0,0,0,0,0,
1322,124,20,17,2,1,0,0,
681,507,596,0,0,0,0,0,0,0,
0,0,0,0,0,0,0,0,0,0,
0.,0.,0.,
0.,0.,0.,
0.,0.,0.,
0,0,0,0,0,0,0,0,0,0,0,0,0,0,0,0,
1323,124,20,17,2,1,0,0,
688,686,669,0,0,0,0,0,0,0,
0,0,0,0,0,0,0,0,0,0,
0.,0.,0.,
0.,0.,0.,
0.,0.,0.,
0,0,0,0,0,0,0,0,0,0,0,0,0,0,0,0,
1324,124,20,17,2,1,0,0,
678,593,592,0,0,0,0,0,0,0,
0,0,0,0,0,0,0,0,0,0,
0.,0.,0.,
0.,0.,0.,
0.,0.,0.,
0,0,0,0,0,0,0,0,0,0,0,0,0,0,0,0,
1325,124,20,17,2,1,0,0,
686,578,669,0,0,0,0,0,0,0,
0,0,0,0,0,0,0,0,0,0,
0.,0.,0.,
0.,0.,0.,
0.,0.,0.,
0,0,0,0,0,0,0,0,0,0,0,0,0,0,0,0,
1326,124,20,17,2,1,0,0,
830,834,829,0,0,0,0,0,0,0,
0,0,0,0,0,0,0,0,0,0,
0.,0.,0.,
0.,0.,0.,
0.,0.,0.,
0,0,0,0,0,0,0,0,0,0,0,0,0,0,0,0,
1327,124,20,17,2,1,0,0,
829,834,835,0,0,0,0,0,0,0,
0,0,0,0,0,0,0,0,0,0,
0.,0.,0.,
0.,0.,0.,
0.,0.,0.,
0,0,0,0,0,0,0,0,0,0,0,0,0,0,0,0,
1328,124,20,17,2,1,0,0,
669,578,577,0,0,0,0,0,0,0,
0,0,0,0,0,0,0,0,0,0,
0.,0.,0.,
0.,0.,0.,
0.,0.,0.,
0,0,0,0,0,0,0,0,0,0,0,0,0,0,0,0,
1329,124,20,17,2,1,0,0,
822,587,586,0,0,0,0,0,0,0,
0,0,0,0,0,0,0,0,0,0,
0.,0.,0.,
0.,0.,0.,
0.,0.,0.,
0,0,0,0,0,0,0,0,0,0,0,0,0,0,0,0,
1330,124,20,17,2,1,0,0,
640,836,639,0,0,0,0,0,0,0,
0,0,0,0,0,0,0,0,0,0,
0.,0.,0.,
0.,0.,0.,
0.,0.,0.,
0,0,0,0,0,0,0,0,0,0,0,0,0,0,0,0,
1331,124,20,17,2,1,0,0,
566,836,565,0,0,0,0,0,0,0,
0,0,0,0,0,0,0,0,0,0,
0.,0.,0.,
0.,0.,0.,
0.,0.,0.,
0,0,0,0,0,0,0,0,0,0,0,0,0,0,0,0,
1332,124,20,17,2,1,0,0,
617,690,513,0,0,0,0,0,0,0,
0,0,0,0,0,0,0,0,0,0,
0.,0.,0.,
0.,0.,0.,
0.,0.,0.,
0,0,0,0,0,0,0,0,0,0,0,0,0,0,0,0,
1333,124,20,17,2,1,0,0,
578,686,579,0,0,0,0,0,0,0,
0,0,0,0,0,0,0,0,0,0,
0.,0.,0.,
0.,0.,0.,
0.,0.,0.,
0,0,0,0,0,0,0,0,0,0,0,0,0,0,0,0,
1334,124,20,17,2,1,0,0,
837,704,814,0,0,0,0,0,0,0,
0,0,0,0,0,0,0,0,0,0,
0.,0.,0.,
0.,0.,0.,
0.,0.,0.,
0,0,0,0,0,0,0,0,0,0,0,0,0,0,0,0,
1335,124,20,17,2,1,0,0,
813,800,831,0,0,0,0,0,0,0,
0,0,0,0,0,0,0,0,0,0,
0.,0.,0.,
0.,0.,0.,
0.,0.,0.,
0,0,0,0,0,0,0,0,0,0,0,0,0,0,0,0,
1336,124,20,17,2,1,0,0,
813,831,826,0,0,0,0,0,0,0,
0,0,0,0,0,0,0,0,0,0,
0.,0.,0.,
0.,0.,0.,
0.,0.,0.,
0,0,0,0,0,0,0,0,0,0,0,0,0,0,0,0,
1337,124,20,17,2,1,0,0,
710,800,801,0,0,0,0,0,0,0,
0,0,0,0,0,0,0,0,0,0,
0.,0.,0.,
0.,0.,0.,
0.,0.,0.,
0,0,0,0,0,0,0,0,0,0,0,0,0,0,0,0,
1338,124,20,17,2,1,0,0,
704,837,703,0,0,0,0,0,0,0,
0,0,0,0,0,0,0,0,0,0,
0.,0.,0.,
0.,0.,0.,
0.,0.,0.,
0,0,0,0,0,0,0,0,0,0,0,0,0,0,0,0,
1339,124,20,17,2,1,0,0,
832,717,838,0,0,0,0,0,0,0,
0,0,0,0,0,0,0,0,0,0,
0.,0.,0.,
0.,0.,0.,
0.,0.,0.,
0,0,0,0,0,0,0,0,0,0,0,0,0,0,0,0,
1340,124,20,17,2,1,0,0,
832,837,814,0,0,0,0,0,0,0,
0,0,0,0,0,0,0,0,0,0,
0.,0.,0.,
0.,0.,0.,
0.,0.,0.,
0,0,0,0,0,0,0,0,0,0,0,0,0,0,0,0,
1341,124,20,17,2,1,0,0,
837,832,838,0,0,0,0,0,0,0,
0,0,0,0,0,0,0,0,0,0,
0.,0.,0.,
0.,0.,0.,
0.,0.,0.,
0,0,0,0,0,0,0,0,0,0,0,0,0,0,0,0,
1342,124,20,17,2,1,0,0,
833,803,793,0,0,0,0,0,0,0,
0,0,0,0,0,0,0,0,0,0,
0.,0.,0.,
0.,0.,0.,
0.,0.,0.,
0,0,0,0,0,0,0,0,0,0,0,0,0,0,0,0,
1343,124,20,17,2,1,0,0,
681,700,507,0,0,0,0,0,0,0,
0,0,0,0,0,0,0,0,0,0,
0.,0.,0.,
0.,0.,0.,
0.,0.,0.,
0,0,0,0,0,0,0,0,0,0,0,0,0,0,0,0,
1344,124,20,17,2,1,0,0,
803,833,814,0,0,0,0,0,0,0,
0,0,0,0,0,0,0,0,0,0,
0.,0.,0.,
0.,0.,0.,
0.,0.,0.,
0,0,0,0,0,0,0,0,0,0,0,0,0,0,0,0,
1345,124,20,17,2,1,0,0,
767,742,751,0,0,0,0,0,0,0,
0,0,0,0,0,0,0,0,0,0,
0.,0.,0.,
0.,0.,0.,
0.,0.,0.,
0,0,0,0,0,0,0,0,0,0,0,0,0,0,0,0,
1346,124,20,17,2,1,0,0,
717,833,793,0,0,0,0,0,0,0,
0,0,0,0,0,0,0,0,0,0,
0.,0.,0.,
0.,0.,0.,
0.,0.,0.,
0,0,0,0,0,0,0,0,0,0,0,0,0,0,0,0,
1347,124,20,17,2,1,0,0,
761,826,831,0,0,0,0,0,0,0,
0,0,0,0,0,0,0,0,0,0,
0.,0.,0.,
0.,0.,0.,
0.,0.,0.,
0,0,0,0,0,0,0,0,0,0,0,0,0,0,0,0,
1348,124,20,17,2,1,0,0,
767,744,742,0,0,0,0,0,0,0,
0,0,0,0,0,0,0,0,0,0,
0.,0.,0.,
0.,0.,0.,
0.,0.,0.,
0,0,0,0,0,0,0,0,0,0,0,0,0,0,0,0,
1349,124,20,17,2,1,0,0,
723,601,600,0,0,0,0,0,0,0,
0,0,0,0,0,0,0,0,0,0,
0.,0.,0.,
0.,0.,0.,
0.,0.,0.,
0,0,0,0,0,0,0,0,0,0,0,0,0,0,0,0,
1350,124,20,17,2,1,0,0,
648,801,647,0,0,0,0,0,0,0,
0,0,0,0,0,0,0,0,0,0,
0.,0.,0.,
0.,0.,0.,
0.,0.,0.,
0,0,0,0,0,0,0,0,0,0,0,0,0,0,0,0,
1351,124,20,17,2,1,0,0,
699,608,607,0,0,0,0,0,0,0,
0,0,0,0,0,0,0,0,0,0,
0.,0.,0.,
0.,0.,0.,
0.,0.,0.,
0,0,0,0,0,0,0,0,0,0,0,0,0,0,0,0,
1352,124,20,17,2,1,0,0,
548,746,549,0,0,0,0,0,0,0,
0,0,0,0,0,0,0,0,0,0,
0.,0.,0.,
0.,0.,0.,
0.,0.,0.,
0,0,0,0,0,0,0,0,0,0,0,0,0,0,0,0,
1353,124,20,17,2,1,0,0,
736,839,809,0,0,0,0,0,0,0,
0,0,0,0,0,0,0,0,0,0,
0.,0.,0.,
0.,0.,0.,
0.,0.,0.,
0,0,0,0,0,0,0,0,0,0,0,0,0,0,0,0,
1354,124,20,17,2,1,0,0,
736,809,755,0,0,0,0,0,0,0,
0,0,0,0,0,0,0,0,0,0,
0.,0.,0.,
0.,0.,0.,
0.,0.,0.,
0,0,0,0,0,0,0,0,0,0,0,0,0,0,0,0,
1355,124,20,17,2,1,0,0,
739,788,794,0,0,0,0,0,0,0,
0,0,0,0,0,0,0,0,0,0,
0.,0.,0.,
0.,0.,0.,
0.,0.,0.,
0,0,0,0,0,0,0,0,0,0,0,0,0,0,0,0,
1356,124,20,17,2,1,0,0,
794,788,547,0,0,0,0,0,0,0,
0,0,0,0,0,0,0,0,0,0,
0.,0.,0.,
0.,0.,0.,
0.,0.,0.,
0,0,0,0,0,0,0,0,0,0,0,0,0,0,0,0,
1357,124,20,17,2,1,0,0,
823,840,716,0,0,0,0,0,0,0,
0,0,0,0,0,0,0,0,0,0,
0.,0.,0.,
0.,0.,0.,
0.,0.,0.,
0,0,0,0,0,0,0,0,0,0,0,0,0,0,0,0,
1358,124,20,17,2,1,0,0,
795,839,739,0,0,0,0,0,0,0,
0,0,0,0,0,0,0,0,0,0,
0.,0.,0.,
0.,0.,0.,
0.,0.,0.,
0,0,0,0,0,0,0,0,0,0,0,0,0,0,0,0,
1359,124,20,17,2,1,0,0,
839,795,827,0,0,0,0,0,0,0,
0,0,0,0,0,0,0,0,0,0,
0.,0.,0.,
0.,0.,0.,
0.,0.,0.,
0,0,0,0,0,0,0,0,0,0,0,0,0,0,0,0,
1360,124,20,17,2,1,0,0,
839,736,739,0,0,0,0,0,0,0,
0,0,0,0,0,0,0,0,0,0,
0.,0.,0.,
0.,0.,0.,
0.,0.,0.,
0,0,0,0,0,0,0,0,0,0,0,0,0,0,0,0,
1361,124,20,17,2,1,0,0,
777,145,146,0,0,0,0,0,0,0,
0,0,0,0,0,0,0,0,0,0,
0.,0.,0.,
0.,0.,0.,
0.,0.,0.,
0,0,0,0,0,0,0,0,0,0,0,0,0,0,0,0,
1362,124,20,17,2,1,0,0,
780,782,825,0,0,0,0,0,0,0,
0,0,0,0,0,0,0,0,0,0,
0.,0.,0.,
0.,0.,0.,
0.,0.,0.,
0,0,0,0,0,0,0,0,0,0,0,0,0,0,0,0,
1363,124,20,17,2,1,0,0,
547,788,548,0,0,0,0,0,0,0,
0,0,0,0,0,0,0,0,0,0,
0.,0.,0.,
0.,0.,0.,
0.,0.,0.,
0,0,0,0,0,0,0,0,0,0,0,0,0,0,0,0,
1364,124,20,17,2,1,0,0,
810,629,628,0,0,0,0,0,0,0,
0,0,0,0,0,0,0,0,0,0,
0.,0.,0.,
0.,0.,0.,
0.,0.,0.,
0,0,0,0,0,0,0,0,0,0,0,0,0,0,0,0,
1365,124,20,17,2,1,0,0,
588,706,589,0,0,0,0,0,0,0,
0,0,0,0,0,0,0,0,0,0,
0.,0.,0.,
0.,0.,0.,
0.,0.,0.,
0,0,0,0,0,0,0,0,0,0,0,0,0,0,0,0,
1366,124,20,17,2,1,0,0,
712,711,841,0,0,0,0,0,0,0,
0,0,0,0,0,0,0,0,0,0,
0.,0.,0.,
0.,0.,0.,
0.,0.,0.,
0,0,0,0,0,0,0,0,0,0,0,0,0,0,0,0,
1367,124,20,17,2,1,0,0,
712,841,762,0,0,0,0,0,0,0,
0,0,0,0,0,0,0,0,0,0,
0.,0.,0.,
0.,0.,0.,
0.,0.,0.,
0,0,0,0,0,0,0,0,0,0,0,0,0,0,0,0,
1368,124,20,17,2,1,0,0,
842,711,709,0,0,0,0,0,0,0,
0,0,0,0,0,0,0,0,0,0,
0.,0.,0.,
0.,0.,0.,
0.,0.,0.,
0,0,0,0,0,0,0,0,0,0,0,0,0,0,0,0,
1369,124,20,17,2,1,0,0,
842,709,649,0,0,0,0,0,0,0,
0,0,0,0,0,0,0,0,0,0,
0.,0.,0.,
0.,0.,0.,
0.,0.,0.,
0,0,0,0,0,0,0,0,0,0,0,0,0,0,0,0,
1370,124,20,17,2,1,0,0,
804,658,659,0,0,0,0,0,0,0,
0,0,0,0,0,0,0,0,0,0,
0.,0.,0.,
0.,0.,0.,
0.,0.,0.,
0,0,0,0,0,0,0,0,0,0,0,0,0,0,0,0,
1371,124,20,17,2,1,0,0,
620,821,621,0,0,0,0,0,0,0,
0,0,0,0,0,0,0,0,0,0,
0.,0.,0.,
0.,0.,0.,
0.,0.,0.,
0,0,0,0,0,0,0,0,0,0,0,0,0,0,0,0,
1372,124,20,17,2,1,0,0,
647,791,646,0,0,0,0,0,0,0,
0,0,0,0,0,0,0,0,0,0,
0.,0.,0.,
0.,0.,0.,
0.,0.,0.,
0,0,0,0,0,0,0,0,0,0,0,0,0,0,0,0,
1373,124,20,17,2,1,0,0,
779,628,627,0,0,0,0,0,0,0,
0,0,0,0,0,0,0,0,0,0,
0.,0.,0.,
0.,0.,0.,
0.,0.,0.,
0,0,0,0,0,0,0,0,0,0,0,0,0,0,0,0,
1374,124,20,17,2,1,0,0,
655,797,808,0,0,0,0,0,0,0,
0,0,0,0,0,0,0,0,0,0,
0.,0.,0.,
0.,0.,0.,
0.,0.,0.,
0,0,0,0,0,0,0,0,0,0,0,0,0,0,0,0,
1375,124,20,17,2,1,0,0,
609,721,610,0,0,0,0,0,0,0,
0,0,0,0,0,0,0,0,0,0,
0.,0.,0.,
0.,0.,0.,
0.,0.,0.,
0,0,0,0,0,0,0,0,0,0,0,0,0,0,0,0,
1376,124,20,17,2,1,0,0,
585,822,586,0,0,0,0,0,0,0,
0,0,0,0,0,0,0,0,0,0,
0.,0.,0.,
0.,0.,0.,
0.,0.,0.,
0,0,0,0,0,0,0,0,0,0,0,0,0,0,0,0,
1377,124,20,17,2,1,0,0,
764,743,744,0,0,0,0,0,0,0,
0,0,0,0,0,0,0,0,0,0,
0.,0.,0.,
0.,0.,0.,
0.,0.,0.,
0,0,0,0,0,0,0,0,0,0,0,0,0,0,0,0,
1378,124,20,17,2,1,0,0,
714,584,583,0,0,0,0,0,0,0,
0,0,0,0,0,0,0,0,0,0,
0.,0.,0.,
0.,0.,0.,
0.,0.,0.,
0,0,0,0,0,0,0,0,0,0,0,0,0,0,0,0,
1379,124,20,17,2,1,0,0,
764,621,821,0,0,0,0,0,0,0,
0,0,0,0,0,0,0,0,0,0,
0.,0.,0.,
0.,0.,0.,
0.,0.,0.,
0,0,0,0,0,0,0,0,0,0,0,0,0,0,0,0,
1380,124,20,17,2,1,0,0,
794,547,546,0,0,0,0,0,0,0,
0,0,0,0,0,0,0,0,0,0,
0.,0.,0.,
0.,0.,0.,
0.,0.,0.,
0,0,0,0,0,0,0,0,0,0,0,0,0,0,0,0,
1381,124,20,17,2,1,0,0,
831,712,762,0,0,0,0,0,0,0,
0,0,0,0,0,0,0,0,0,0,
0.,0.,0.,
0.,0.,0.,
0.,0.,0.,
0,0,0,0,0,0,0,0,0,0,0,0,0,0,0,0,
1382,124,20,17,2,1,0,0,
831,762,761,0,0,0,0,0,0,0,
0,0,0,0,0,0,0,0,0,0,
0.,0.,0.,
0.,0.,0.,
0.,0.,0.,
0,0,0,0,0,0,0,0,0,0,0,0,0,0,0,0,
1383,124,20,17,2,1,0,0,
794,795,739,0,0,0,0,0,0,0,
0,0,0,0,0,0,0,0,0,0,
0.,0.,0.,
0.,0.,0.,
0.,0.,0.,
0,0,0,0,0,0,0,0,0,0,0,0,0,0,0,0,
1384,124,20,17,2,1,0,0,
808,719,835,0,0,0,0,0,0,0,
0,0,0,0,0,0,0,0,0,0,
0.,0.,0.,
0.,0.,0.,
0.,0.,0.,
0,0,0,0,0,0,0,0,0,0,0,0,0,0,0,0,
1385,124,20,17,2,1,0,0,
828,719,720,0,0,0,0,0,0,0,
0,0,0,0,0,0,0,0,0,0,
0.,0.,0.,
0.,0.,0.,
0.,0.,0.,
0,0,0,0,0,0,0,0,0,0,0,0,0,0,0,0,
1386,124,20,17,2,1,0,0,
707,717,793,0,0,0,0,0,0,0,
0,0,0,0,0,0,0,0,0,0,
0.,0.,0.,
0.,0.,0.,
0.,0.,0.,
0,0,0,0,0,0,0,0,0,0,0,0,0,0,0,0,
1387,124,20,17,2,1,0,0,
802,659,660,0,0,0,0,0,0,0,
0,0,0,0,0,0,0,0,0,0,
0.,0.,0.,
0.,0.,0.,
0.,0.,0.,
0,0,0,0,0,0,0,0,0,0,0,0,0,0,0,0,
1388,124,20,17,2,1,0,0,
765,744,767,0,0,0,0,0,0,0,
0,0,0,0,0,0,0,0,0,0,
0.,0.,0.,
0.,0.,0.,
0.,0.,0.,
0,0,0,0,0,0,0,0,0,0,0,0,0,0,0,0,
1389,124,20,17,2,1,0,0,
649,709,648,0,0,0,0,0,0,0,
0,0,0,0,0,0,0,0,0,0,
0.,0.,0.,
0.,0.,0.,
0.,0.,0.,
0,0,0,0,0,0,0,0,0,0,0,0,0,0,0,0,
1390,124,20,17,2,1,0,0,
718,808,797,0,0,0,0,0,0,0,
0,0,0,0,0,0,0,0,0,0,
0.,0.,0.,
0.,0.,0.,
0.,0.,0.,
0,0,0,0,0,0,0,0,0,0,0,0,0,0,0,0,
1391,124,20,17,2,1,0,0,
799,627,626,0,0,0,0,0,0,0,
0,0,0,0,0,0,0,0,0,0,
0.,0.,0.,
0.,0.,0.,
0.,0.,0.,
0,0,0,0,0,0,0,0,0,0,0,0,0,0,0,0,
1392,124,20,17,2,1,0,0,
646,790,645,0,0,0,0,0,0,0,
0,0,0,0,0,0,0,0,0,0,
0.,0.,0.,
0.,0.,0.,
0.,0.,0.,
0,0,0,0,0,0,0,0,0,0,0,0,0,0,0,0,
1393,124,20,17,2,1,0,0,
740,751,742,0,0,0,0,0,0,0,
0,0,0,0,0,0,0,0,0,0,
0.,0.,0.,
0.,0.,0.,
0.,0.,0.,
0,0,0,0,0,0,0,0,0,0,0,0,0,0,0,0,
1394,124,20,17,2,1,0,0,
683,684,795,0,0,0,0,0,0,0,
0,0,0,0,0,0,0,0,0,0,
0.,0.,0.,
0.,0.,0.,
0.,0.,0.,
0,0,0,0,0,0,0,0,0,0,0,0,0,0,0,0,
1395,124,20,17,2,1,0,0,
626,798,799,0,0,0,0,0,0,0,
0,0,0,0,0,0,0,0,0,0,
0.,0.,0.,
0.,0.,0.,
0.,0.,0.,
0,0,0,0,0,0,0,0,0,0,0,0,0,0,0,0,
1396,124,20,17,2,1,0,0,
797,655,656,0,0,0,0,0,0,0,
0,0,0,0,0,0,0,0,0,0,
0.,0.,0.,
0.,0.,0.,
0.,0.,0.,
0,0,0,0,0,0,0,0,0,0,0,0,0,0,0,0,
1397,124,20,17,2,1,0,0,
842,843,711,0,0,0,0,0,0,0,
0,0,0,0,0,0,0,0,0,0,
0.,0.,0.,
0.,0.,0.,
0.,0.,0.,
0,0,0,0,0,0,0,0,0,0,0,0,0,0,0,0,
1398,124,20,17,2,1,0,0,
711,843,841,0,0,0,0,0,0,0,
0,0,0,0,0,0,0,0,0,0,
0.,0.,0.,
0.,0.,0.,
0.,0.,0.,
0,0,0,0,0,0,0,0,0,0,0,0,0,0,0,0,
1399,124,20,17,2,1,0,0,
841,843,757,0,0,0,0,0,0,0,
0,0,0,0,0,0,0,0,0,0,
0.,0.,0.,
0.,0.,0.,
0.,0.,0.,
0,0,0,0,0,0,0,0,0,0,0,0,0,0,0,0,
1400,124,20,17,2,1,0,0,
841,757,756,0,0,0,0,0,0,0,
0,0,0,0,0,0,0,0,0,0,
0.,0.,0.,
0.,0.,0.,
0.,0.,0.,
0,0,0,0,0,0,0,0,0,0,0,0,0,0,0,0,
1401,124,20,17,2,1,0,0,
844,843,842,0,0,0,0,0,0,0,
0,0,0,0,0,0,0,0,0,0,
0.,0.,0.,
0.,0.,0.,
0.,0.,0.,
0,0,0,0,0,0,0,0,0,0,0,0,0,0,0,0,
1402,124,20,17,2,1,0,0,
844,842,650,0,0,0,0,0,0,0,
0,0,0,0,0,0,0,0,0,0,
0.,0.,0.,
0.,0.,0.,
0.,0.,0.,
0,0,0,0,0,0,0,0,0,0,0,0,0,0,0,0,
1403,124,20,17,2,1,0,0,
769,817,674,0,0,0,0,0,0,0,
0,0,0,0,0,0,0,0,0,0,
0.,0.,0.,
0.,0.,0.,
0.,0.,0.,
0,0,0,0,0,0,0,0,0,0,0,0,0,0,0,0,
1404,124,20,17,2,1,0,0,
795,745,827,0,0,0,0,0,0,0,
0,0,0,0,0,0,0,0,0,0,
0.,0.,0.,
0.,0.,0.,
0.,0.,0.,
0,0,0,0,0,0,0,0,0,0,0,0,0,0,0,0,
1405,124,20,17,2,1,0,0,
745,795,684,0,0,0,0,0,0,0,
0,0,0,0,0,0,0,0,0,0,
0.,0.,0.,
0.,0.,0.,
0.,0.,0.,
0,0,0,0,0,0,0,0,0,0,0,0,0,0,0,0,
1406,124,20,17,2,1,0,0,
680,143,144,0,0,0,0,0,0,0,
0,0,0,0,0,0,0,0,0,0,
0.,0.,0.,
0.,0.,0.,
0.,0.,0.,
0,0,0,0,0,0,0,0,0,0,0,0,0,0,0,0,
1407,124,20,17,2,1,0,0,
819,620,619,0,0,0,0,0,0,0,
0,0,0,0,0,0,0,0,0,0,
0.,0.,0.,
0.,0.,0.,
0.,0.,0.,
0,0,0,0,0,0,0,0,0,0,0,0,0,0,0,0,
1408,124,20,17,2,1,0,0,
819,817,821,0,0,0,0,0,0,0,
0,0,0,0,0,0,0,0,0,0,
0.,0.,0.,
0.,0.,0.,
0.,0.,0.,
0,0,0,0,0,0,0,0,0,0,0,0,0,0,0,0,
1409,124,20,17,2,1,0,0,
803,732,793,0,0,0,0,0,0,0,
0,0,0,0,0,0,0,0,0,0,
0.,0.,0.,
0.,0.,0.,
0.,0.,0.,
0,0,0,0,0,0,0,0,0,0,0,0,0,0,0,0,
1410,124,20,17,2,1,0,0,
793,732,752,0,0,0,0,0,0,0,
0,0,0,0,0,0,0,0,0,0,
0.,0.,0.,
0.,0.,0.,
0.,0.,0.,
0,0,0,0,0,0,0,0,0,0,0,0,0,0,0,0,
1411,124,20,17,2,1,0,0,
620,819,821,0,0,0,0,0,0,0,
0,0,0,0,0,0,0,0,0,0,
0.,0.,0.,
0.,0.,0.,
0.,0.,0.,
0,0,0,0,0,0,0,0,0,0,0,0,0,0,0,0,
1412,124,20,17,2,1,0,0,
141,734,140,0,0,0,0,0,0,0,
0,0,0,0,0,0,0,0,0,0,
0.,0.,0.,
0.,0.,0.,
0.,0.,0.,
0,0,0,0,0,0,0,0,0,0,0,0,0,0,0,0,
1413,124,20,17,2,1,0,0,
678,592,705,0,0,0,0,0,0,0,
0,0,0,0,0,0,0,0,0,0,
0.,0.,0.,
0.,0.,0.,
0.,0.,0.,
0,0,0,0,0,0,0,0,0,0,0,0,0,0,0,0,
1414,124,20,17,2,1,0,0,
820,796,838,0,0,0,0,0,0,0,
0,0,0,0,0,0,0,0,0,0,
0.,0.,0.,
0.,0.,0.,
0.,0.,0.,
0,0,0,0,0,0,0,0,0,0,0,0,0,0,0,0,
1415,124,20,17,2,1,0,0,
582,714,583,0,0,0,0,0,0,0,
0,0,0,0,0,0,0,0,0,0,
0.,0.,0.,
0.,0.,0.,
0.,0.,0.,
0,0,0,0,0,0,0,0,0,0,0,0,0,0,0,0,
1416,124,20,17,2,1,0,0,
664,598,597,0,0,0,0,0,0,0,
0,0,0,0,0,0,0,0,0,0,
0.,0.,0.,
0.,0.,0.,
0.,0.,0.,
0,0,0,0,0,0,0,0,0,0,0,0,0,0,0,0,
1417,124,20,17,2,1,0,0,
770,634,635,0,0,0,0,0,0,0,
0,0,0,0,0,0,0,0,0,0,
0.,0.,0.,
0.,0.,0.,
0.,0.,0.,
0,0,0,0,0,0,0,0,0,0,0,0,0,0,0,0,
1418,124,20,17,2,1,0,0,
770,740,741,0,0,0,0,0,0,0,
0,0,0,0,0,0,0,0,0,0,
0.,0.,0.,
0.,0.,0.,
0.,0.,0.,
0,0,0,0,0,0,0,0,0,0,0,0,0,0,0,0,
1419,124,20,17,2,1,0,0,
817,816,821,0,0,0,0,0,0,0,
0,0,0,0,0,0,0,0,0,0,
0.,0.,0.,
0.,0.,0.,
0.,0.,0.,
0,0,0,0,0,0,0,0,0,0,0,0,0,0,0,0,
1420,124,20,17,2,1,0,0,
743,816,741,0,0,0,0,0,0,0,
0,0,0,0,0,0,0,0,0,0,
0.,0.,0.,
0.,0.,0.,
0.,0.,0.,
0,0,0,0,0,0,0,0,0,0,0,0,0,0,0,0,
1421,124,20,17,2,1,0,0,
650,842,649,0,0,0,0,0,0,0,
0,0,0,0,0,0,0,0,0,0,
0.,0.,0.,
0.,0.,0.,
0.,0.,0.,
0,0,0,0,0,0,0,0,0,0,0,0,0,0,0,0,
1422,124,20,17,2,1,0,0,
820,840,720,0,0,0,0,0,0,0,
0,0,0,0,0,0,0,0,0,0,
0.,0.,0.,
0.,0.,0.,
0.,0.,0.,
0,0,0,0,0,0,0,0,0,0,0,0,0,0,0,0,
1423,124,20,17,2,1,0,0,
762,841,756,0,0,0,0,0,0,0,
0,0,0,0,0,0,0,0,0,0,
0.,0.,0.,
0.,0.,0.,
0.,0.,0.,
0,0,0,0,0,0,0,0,0,0,0,0,0,0,0,0,
1424,124,20,17,2,1,0,0,
645,725,644,0,0,0,0,0,0,0,
0,0,0,0,0,0,0,0,0,0,
0.,0.,0.,
0.,0.,0.,
0.,0.,0.,
0,0,0,0,0,0,0,0,0,0,0,0,0,0,0,0,
1425,124,20,17,2,1,0,0,
840,820,838,0,0,0,0,0,0,0,
0,0,0,0,0,0,0,0,0,0,
0.,0.,0.,
0.,0.,0.,
0.,0.,0.,
0,0,0,0,0,0,0,0,0,0,0,0,0,0,0,0,
1426,124,20,17,2,1,0,0,
505,749,558,0,0,0,0,0,0,0,
0,0,0,0,0,0,0,0,0,0,
0.,0.,0.,
0.,0.,0.,
0.,0.,0.,
0,0,0,0,0,0,0,0,0,0,0,0,0,0,0,0,
1427,124,20,17,2,1,0,0,
634,771,633,0,0,0,0,0,0,0,
0,0,0,0,0,0,0,0,0,0,
0.,0.,0.,
0.,0.,0.,
0.,0.,0.,
0,0,0,0,0,0,0,0,0,0,0,0,0,0,0,0,
1428,124,20,17,2,1,0,0,
674,771,769,0,0,0,0,0,0,0,
0,0,0,0,0,0,0,0,0,0,
0.,0.,0.,
0.,0.,0.,
0.,0.,0.,
0,0,0,0,0,0,0,0,0,0,0,0,0,0,0,0,
1429,124,20,17,2,1,0,0,
771,674,633,0,0,0,0,0,0,0,
0,0,0,0,0,0,0,0,0,0,
0.,0.,0.,
0.,0.,0.,
0.,0.,0.,
0,0,0,0,0,0,0,0,0,0,0,0,0,0,0,0,
1430,124,20,17,2,1,0,0,
727,660,661,0,0,0,0,0,0,0,
0,0,0,0,0,0,0,0,0,0,
0.,0.,0.,
0.,0.,0.,
0.,0.,0.,
0,0,0,0,0,0,0,0,0,0,0,0,0,0,0,0,
1431,124,20,17,2,1,0,0,
729,727,661,0,0,0,0,0,0,0,
0,0,0,0,0,0,0,0,0,0,
0.,0.,0.,
0.,0.,0.,
0.,0.,0.,
0,0,0,0,0,0,0,0,0,0,0,0,0,0,0,0,
1432,124,20,17,2,1,0,0,
796,718,797,0,0,0,0,0,0,0,
0,0,0,0,0,0,0,0,0,0,
0.,0.,0.,
0.,0.,0.,
0.,0.,0.,
0,0,0,0,0,0,0,0,0,0,0,0,0,0,0,0,
1433,124,20,17,2,1,0,0,
754,784,736,0,0,0,0,0,0,0,
0,0,0,0,0,0,0,0,0,0,
0.,0.,0.,
0.,0.,0.,
0.,0.,0.,
0,0,0,0,0,0,0,0,0,0,0,0,0,0,0,0,
1434,124,20,17,2,1,0,0,
844,845,843,0,0,0,0,0,0,0,
0,0,0,0,0,0,0,0,0,0,
0.,0.,0.,
0.,0.,0.,
0.,0.,0.,
0,0,0,0,0,0,0,0,0,0,0,0,0,0,0,0,
1435,124,20,17,2,1,0,0,
843,845,757,0,0,0,0,0,0,0,
0,0,0,0,0,0,0,0,0,0,
0.,0.,0.,
0.,0.,0.,
0.,0.,0.,
0,0,0,0,0,0,0,0,0,0,0,0,0,0,0,0,
1436,124,20,17,2,1,0,0,
757,845,758,0,0,0,0,0,0,0,
0,0,0,0,0,0,0,0,0,0,
0.,0.,0.,
0.,0.,0.,
0.,0.,0.,
0,0,0,0,0,0,0,0,0,0,0,0,0,0,0,0,
1437,124,20,17,2,1,0,0,
673,674,817,0,0,0,0,0,0,0,
0,0,0,0,0,0,0,0,0,0,
0.,0.,0.,
0.,0.,0.,
0.,0.,0.,
0,0,0,0,0,0,0,0,0,0,0,0,0,0,0,0,
1438,124,20,17,2,1,0,0,
846,845,844,0,0,0,0,0,0,0,
0,0,0,0,0,0,0,0,0,0,
0.,0.,0.,
0.,0.,0.,
0.,0.,0.,
0,0,0,0,0,0,0,0,0,0,0,0,0,0,0,0,
1439,124,20,17,2,1,0,0,
846,844,651,0,0,0,0,0,0,0,
0,0,0,0,0,0,0,0,0,0,
0.,0.,0.,
0.,0.,0.,
0.,0.,0.,
0,0,0,0,0,0,0,0,0,0,0,0,0,0,0,0,
1440,124,20,17,2,1,0,0,
715,840,838,0,0,0,0,0,0,0,
0,0,0,0,0,0,0,0,0,0,
0.,0.,0.,
0.,0.,0.,
0.,0.,0.,
0,0,0,0,0,0,0,0,0,0,0,0,0,0,0,0,
1441,124,20,17,2,1,0,0,
840,715,716,0,0,0,0,0,0,0,
0,0,0,0,0,0,0,0,0,0,
0.,0.,0.,
0.,0.,0.,
0.,0.,0.,
0,0,0,0,0,0,0,0,0,0,0,0,0,0,0,0,
1442,124,20,17,2,1,0,0,
579,686,580,0,0,0,0,0,0,0,
0,0,0,0,0,0,0,0,0,0,
0.,0.,0.,
0.,0.,0.,
0.,0.,0.,
0,0,0,0,0,0,0,0,0,0,0,0,0,0,0,0,
1443,124,20,17,2,1,0,0,
838,796,837,0,0,0,0,0,0,0,
0,0,0,0,0,0,0,0,0,0,
0.,0.,0.,
0.,0.,0.,
0.,0.,0.,
0,0,0,0,0,0,0,0,0,0,0,0,0,0,0,0,
1444,124,20,17,2,1,0,0,
717,715,838,0,0,0,0,0,0,0,
0,0,0,0,0,0,0,0,0,0,
0.,0.,0.,
0.,0.,0.,
0.,0.,0.,
0,0,0,0,0,0,0,0,0,0,0,0,0,0,0,0,
1445,124,20,17,2,1,0,0,
809,827,782,0,0,0,0,0,0,0,
0,0,0,0,0,0,0,0,0,0,
0.,0.,0.,
0.,0.,0.,
0.,0.,0.,
0,0,0,0,0,0,0,0,0,0,0,0,0,0,0,0,
1446,124,20,17,2,1,0,0,
651,844,650,0,0,0,0,0,0,0,
0,0,0,0,0,0,0,0,0,0,
0.,0.,0.,
0.,0.,0.,
0.,0.,0.,
0,0,0,0,0,0,0,0,0,0,0,0,0,0,0,0,
1447,124,20,17,2,1,0,0,
643,768,642,0,0,0,0,0,0,0,
0,0,0,0,0,0,0,0,0,0,
0.,0.,0.,
0.,0.,0.,
0.,0.,0.,
0,0,0,0,0,0,0,0,0,0,0,0,0,0,0,0,
1448,124,20,17,2,1,0,0,
811,597,514,0,0,0,0,0,0,0,
0,0,0,0,0,0,0,0,0,0,
0.,0.,0.,
0.,0.,0.,
0.,0.,0.,
0,0,0,0,0,0,0,0,0,0,0,0,0,0,0,0,
1449,124,20,17,2,1,0,0,
827,809,839,0,0,0,0,0,0,0,
0,0,0,0,0,0,0,0,0,0,
0.,0.,0.,
0.,0.,0.,
0.,0.,0.,
0,0,0,0,0,0,0,0,0,0,0,0,0,0,0,0,
1450,124,20,17,2,1,0,0,
507,766,560,0,0,0,0,0,0,0,
0,0,0,0,0,0,0,0,0,0,
0.,0.,0.,
0.,0.,0.,
0.,0.,0.,
0,0,0,0,0,0,0,0,0,0,0,0,0,0,0,0,
1451,124,20,17,2,1,0,0,
766,559,560,0,0,0,0,0,0,0,
0,0,0,0,0,0,0,0,0,0,
0.,0.,0.,
0.,0.,0.,
0.,0.,0.,
0,0,0,0,0,0,0,0,0,0,0,0,0,0,0,0,
1452,124,20,17,2,1,0,0,
825,827,745,0,0,0,0,0,0,0,
0,0,0,0,0,0,0,0,0,0,
0.,0.,0.,
0.,0.,0.,
0.,0.,0.,
0,0,0,0,0,0,0,0,0,0,0,0,0,0,0,0,
1453,124,20,17,2,1,0,0,
825,745,629,0,0,0,0,0,0,0,
0,0,0,0,0,0,0,0,0,0,
0.,0.,0.,
0.,0.,0.,
0.,0.,0.,
0,0,0,0,0,0,0,0,0,0,0,0,0,0,0,0,
1454,124,20,17,2,1,0,0,
151,773,150,0,0,0,0,0,0,0,
0,0,0,0,0,0,0,0,0,0,
0.,0.,0.,
0.,0.,0.,
0.,0.,0.,
0,0,0,0,0,0,0,0,0,0,0,0,0,0,0,0,
1455,124,20,17,2,1,0,0,
773,151,748,0,0,0,0,0,0,0,
0,0,0,0,0,0,0,0,0,0,
0.,0.,0.,
0.,0.,0.,
0.,0.,0.,
0,0,0,0,0,0,0,0,0,0,0,0,0,0,0,0,
1456,124,20,17,2,1,0,0,
550,671,551,0,0,0,0,0,0,0,
0,0,0,0,0,0,0,0,0,0,
0.,0.,0.,
0.,0.,0.,
0.,0.,0.,
0,0,0,0,0,0,0,0,0,0,0,0,0,0,0,0,
1457,124,20,17,2,1,0,0,
846,847,845,0,0,0,0,0,0,0,
0,0,0,0,0,0,0,0,0,0,
0.,0.,0.,
0.,0.,0.,
0.,0.,0.,
0,0,0,0,0,0,0,0,0,0,0,0,0,0,0,0,
1458,124,20,17,2,1,0,0,
845,847,758,0,0,0,0,0,0,0,
0,0,0,0,0,0,0,0,0,0,
0.,0.,0.,
0.,0.,0.,
0.,0.,0.,
0,0,0,0,0,0,0,0,0,0,0,0,0,0,0,0,
1459,124,20,17,2,1,0,0,
758,847,815,0,0,0,0,0,0,0,
0,0,0,0,0,0,0,0,0,0,
0.,0.,0.,
0.,0.,0.,
0.,0.,0.,
0,0,0,0,0,0,0,0,0,0,0,0,0,0,0,0,
1460,124,20,17,2,1,0,0,
758,815,695,0,0,0,0,0,0,0,
0,0,0,0,0,0,0,0,0,0,
0.,0.,0.,
0.,0.,0.,
0.,0.,0.,
0,0,0,0,0,0,0,0,0,0,0,0,0,0,0,0,
1461,124,20,17,2,1,0,0,
834,847,846,0,0,0,0,0,0,0,
0,0,0,0,0,0,0,0,0,0,
0.,0.,0.,
0.,0.,0.,
0.,0.,0.,
0,0,0,0,0,0,0,0,0,0,0,0,0,0,0,0,
1462,124,20,17,2,1,0,0,
834,846,652,0,0,0,0,0,0,0,
0,0,0,0,0,0,0,0,0,0,
0.,0.,0.,
0.,0.,0.,
0.,0.,0.,
0,0,0,0,0,0,0,0,0,0,0,0,0,0,0,0,
1463,124,20,17,2,1,0,0,
796,703,837,0,0,0,0,0,0,0,
0,0,0,0,0,0,0,0,0,0,
0.,0.,0.,
0.,0.,0.,
0.,0.,0.,
0,0,0,0,0,0,0,0,0,0,0,0,0,0,0,0,
1464,124,20,17,2,1,0,0,
740,770,753,0,0,0,0,0,0,0,
0,0,0,0,0,0,0,0,0,0,
0.,0.,0.,
0.,0.,0.,
0.,0.,0.,
0,0,0,0,0,0,0,0,0,0,0,0,0,0,0,0,
1465,124,20,17,2,1,0,0,
753,770,635,0,0,0,0,0,0,0,
0,0,0,0,0,0,0,0,0,0,
0.,0.,0.,
0.,0.,0.,
0.,0.,0.,
0,0,0,0,0,0,0,0,0,0,0,0,0,0,0,0,
1466,124,20,17,2,1,0,0,
652,846,651,0,0,0,0,0,0,0,
0,0,0,0,0,0,0,0,0,0,
0.,0.,0.,
0.,0.,0.,
0.,0.,0.,
0,0,0,0,0,0,0,0,0,0,0,0,0,0,0,0,
1467,124,20,17,2,1,0,0,
815,830,818,0,0,0,0,0,0,0,
0,0,0,0,0,0,0,0,0,0,
0.,0.,0.,
0.,0.,0.,
0.,0.,0.,
0,0,0,0,0,0,0,0,0,0,0,0,0,0,0,0,
1468,124,20,17,2,1,0,0,
641,778,640,0,0,0,0,0,0,0,
0,0,0,0,0,0,0,0,0,0,
0.,0.,0.,
0.,0.,0.,
0.,0.,0.,
0,0,0,0,0,0,0,0,0,0,0,0,0,0,0,0,
1469,124,20,17,2,1,0,0,
565,778,512,0,0,0,0,0,0,0,
0,0,0,0,0,0,0,0,0,0,
0.,0.,0.,
0.,0.,0.,
0.,0.,0.,
0,0,0,0,0,0,0,0,0,0,0,0,0,0,0,0,
1470,124,20,17,2,1,0,0,
705,592,591,0,0,0,0,0,0,0,
0,0,0,0,0,0,0,0,0,0,
0.,0.,0.,
0.,0.,0.,
0.,0.,0.,
0,0,0,0,0,0,0,0,0,0,0,0,0,0,0,0,
1471,124,20,17,2,1,0,0,
835,834,653,0,0,0,0,0,0,0,
0,0,0,0,0,0,0,0,0,0,
0.,0.,0.,
0.,0.,0.,
0.,0.,0.,
0,0,0,0,0,0,0,0,0,0,0,0,0,0,0,0,
1472,124,20,17,2,1,0,0,
834,830,847,0,0,0,0,0,0,0,
0,0,0,0,0,0,0,0,0,0,
0.,0.,0.,
0.,0.,0.,
0.,0.,0.,
0,0,0,0,0,0,0,0,0,0,0,0,0,0,0,0,
1473,124,20,17,2,1,0,0,
847,830,815,0,0,0,0,0,0,0,
0,0,0,0,0,0,0,0,0,0,
0.,0.,0.,
0.,0.,0.,
0.,0.,0.,
0,0,0,0,0,0,0,0,0,0,0,0,0,0,0,0,
1474,124,20,17,2,1,0,0,
722,140,734,0,0,0,0,0,0,0,
0,0,0,0,0,0,0,0,0,0,
0.,0.,0.,
0.,0.,0.,
0.,0.,0.,
0,0,0,0,0,0,0,0,0,0,0,0,0,0,0,0,
1475,124,20,17,2,1,0,0,
703,656,657,0,0,0,0,0,0,0,
0,0,0,0,0,0,0,0,0,0,
0.,0.,0.,
0.,0.,0.,
0.,0.,0.,
0,0,0,0,0,0,0,0,0,0,0,0,0,0,0,0,
1476,124,20,17,2,1,0,0,
818,828,824,0,0,0,0,0,0,0,
0,0,0,0,0,0,0,0,0,0,
0.,0.,0.,
0.,0.,0.,
0.,0.,0.,
0,0,0,0,0,0,0,0,0,0,0,0,0,0,0,0,
1477,124,20,17,2,1,0,0,
653,834,652,0,0,0,0,0,0,0,
0,0,0,0,0,0,0,0,0,0,
0.,0.,0.,
0.,0.,0.,
0.,0.,0.,
0,0,0,0,0,0,0,0,0,0,0,0,0,0,0,0,
1478,124,20,17,2,1,0,0,
818,824,697,0,0,0,0,0,0,0,
0,0,0,0,0,0,0,0,0,0,
0.,0.,0.,
0.,0.,0.,
0.,0.,0.,
0,0,0,0,0,0,0,0,0,0,0,0,0,0,0,0,
1479,124,20,17,2,1,0,0,
654,835,653,0,0,0,0,0,0,0,
0,0,0,0,0,0,0,0,0,0,
0.,0.,0.,
0.,0.,0.,
0.,0.,0.,
0,0,0,0,0,0,0,0,0,0,0,0,0,0,0,0,
1480,124,20,17,2,1,0,0,
544,685,545,0,0,0,0,0,0,0,
0,0,0,0,0,0,0,0,0,0,
0.,0.,0.,
0.,0.,0.,
0.,0.,0.,
0,0,0,0,0,0,0,0,0,0,0,0,0,0,0,0,
1481,124,20,17,2,1,0,0,
808,835,654,0,0,0,0,0,0,0,
0,0,0,0,0,0,0,0,0,0,
0.,0.,0.,
0.,0.,0.,
0.,0.,0.,
0,0,0,0,0,0,0,0,0,0,0,0,0,0,0,0,
1482,124,20,17,2,1,0,0,
829,835,719,0,0,0,0,0,0,0,
0,0,0,0,0,0,0,0,0,0,
0.,0.,0.,
0.,0.,0.,
0.,0.,0.,
0,0,0,0,0,0,0,0,0,0,0,0,0,0,0,0,
1483,124,20,17,2,1,0,0,
830,828,818,0,0,0,0,0,0,0,
0,0,0,0,0,0,0,0,0,0,
0.,0.,0.,
0.,0.,0.,
0.,0.,0.,
0,0,0,0,0,0,0,0,0,0,0,0,0,0,0,0,
1484,124,20,17,2,1,0,0,
151,672,748,0,0,0,0,0,0,0,
0,0,0,0,0,0,0,0,0,0,
0.,0.,0.,
0.,0.,0.,
0.,0.,0.,
0,0,0,0,0,0,0,0,0,0,0,0,0,0,0,0,
1485,124,20,17,2,1,0,0,
655,808,654,0,0,0,0,0,0,0,
0,0,0,0,0,0,0,0,0,0,
0.,0.,0.,
0.,0.,0.,
0.,0.,0.,
0,0,0,0,0,0,0,0,0,0,0,0,0,0,0,0,
1486,124,20,17,2,1,0,0,
824,720,840,0,0,0,0,0,0,0,
0,0,0,0,0,0,0,0,0,0,
0.,0.,0.,
0.,0.,0.,
0.,0.,0.,
0,0,0,0,0,0,0,0,0,0,0,0,0,0,0,0,
1487,124,20,17,2,1,0,0,
824,840,823,0,0,0,0,0,0,0,
0,0,0,0,0,0,0,0,0,0,
0.,0.,0.,
0.,0.,0.,
0.,0.,0.,
0,0,0,0,0,0,0,0,0,0,0,0,0,0,0,0,
1488,124,20,17,2,1,0,0,
640,778,836,0,0,0,0,0,0,0,
0,0,0,0,0,0,0,0,0,0,
0.,0.,0.,
0.,0.,0.,
0.,0.,0.,
0,0,0,0,0,0,0,0,0,0,0,0,0,0,0,0,
1489,124,20,17,2,1,0,0,
772,514,568,0,0,0,0,0,0,0,
0,0,0,0,0,0,0,0,0,0,
0.,0.,0.,
0.,0.,0.,
0.,0.,0.,
0,0,0,0,0,0,0,0,0,0,0,0,0,0,0,0,
1490,124,20,17,2,1,0,0,
828,720,824,0,0,0,0,0,0,0,
0,0,0,0,0,0,0,0,0,0,
0.,0.,0.,
0.,0.,0.,
0.,0.,0.,
0,0,0,0,0,0,0,0,0,0,0,0,0,0,0,0,
1491,124,20,17,2,1,0,0,
836,778,565,0,0,0,0,0,0,0,
0,0,0,0,0,0,0,0,0,0,
0.,0.,0.,
0.,0.,0.,
0.,0.,0.,
0,0,0,0,0,0,0,0,0,0,0,0,0,0,0,0,
1492,124,20,17,2,1,0,0,
836,566,639,0,0,0,0,0,0,0,
0,0,0,0,0,0,0,0,0,0,
0.,0.,0.,
0.,0.,0.,
0.,0.,0.,
0,0,0,0,0,0,0,0,0,0,0,0,0,0,0,0,
1493,124,30,17,2,1,0,0,
848,850,849,0,0,0,0,0,0,0,
0,0,0,0,0,0,0,0,0,0,
0.,0.,0.,
0.,0.,0.,
0.,0.,0.,
0,0,0,0,0,0,0,0,0,0,0,0,0,0,0,0,
1494,124,30,17,2,1,0,0,
549,848,548,0,0,0,0,0,0,0,
0,0,0,0,0,0,0,0,0,0,
0.,0.,0.,
0.,0.,0.,
0.,0.,0.,
0,0,0,0,0,0,0,0,0,0,0,0,0,0,0,0,
1495,124,30,17,2,1,0,0,
850,848,851,0,0,0,0,0,0,0,
0,0,0,0,0,0,0,0,0,0,
0.,0.,0.,
0.,0.,0.,
0.,0.,0.,
0,0,0,0,0,0,0,0,0,0,0,0,0,0,0,0,
1496,124,30,17,2,1,0,0,
850,851,553,0,0,0,0,0,0,0,
0,0,0,0,0,0,0,0,0,0,
0.,0.,0.,
0.,0.,0.,
0.,0.,0.,
0,0,0,0,0,0,0,0,0,0,0,0,0,0,0,0,
1497,124,30,17,2,1,0,0,
849,850,556,0,0,0,0,0,0,0,
0,0,0,0,0,0,0,0,0,0,
0.,0.,0.,
0.,0.,0.,
0.,0.,0.,
0,0,0,0,0,0,0,0,0,0,0,0,0,0,0,0,
1498,124,30,17,2,1,0,0,
556,850,555,0,0,0,0,0,0,0,
0,0,0,0,0,0,0,0,0,0,
0.,0.,0.,
0.,0.,0.,
0.,0.,0.,
0,0,0,0,0,0,0,0,0,0,0,0,0,0,0,0,
1499,124,30,17,2,1,0,0,
851,64,6,0,0,0,0,0,0,0,
0,0,0,0,0,0,0,0,0,0,
0.,0.,0.,
0.,0.,0.,
0.,0.,0.,
0,0,0,0,0,0,0,0,0,0,0,0,0,0,0,0,
1500,124,30,17,2,1,0,0,
63,851,848,0,0,0,0,0,0,0,
0,0,0,0,0,0,0,0,0,0,
0.,0.,0.,
0.,0.,0.,
0.,0.,0.,
0,0,0,0,0,0,0,0,0,0,0,0,0,0,0,0,
1501,124,30,17,2,1,0,0,
849,545,546,0,0,0,0,0,0,0,
0,0,0,0,0,0,0,0,0,0,
0.,0.,0.,
0.,0.,0.,
0.,0.,0.,
0,0,0,0,0,0,0,0,0,0,0,0,0,0,0,0,
1502,124,30,17,2,1,0,0,
849,547,848,0,0,0,0,0,0,0,
0,0,0,0,0,0,0,0,0,0,
0.,0.,0.,
0.,0.,0.,
0.,0.,0.,
0,0,0,0,0,0,0,0,0,0,0,0,0,0,0,0,
1503,124,30,17,2,1,0,0,
547,849,546,0,0,0,0,0,0,0,
0,0,0,0,0,0,0,0,0,0,
0.,0.,0.,
0.,0.,0.,
0.,0.,0.,
0,0,0,0,0,0,0,0,0,0,0,0,0,0,0,0,
1504,124,30,17,2,1,0,0,
553,851,554,0,0,0,0,0,0,0,
0,0,0,0,0,0,0,0,0,0,
0.,0.,0.,
0.,0.,0.,
0.,0.,0.,
0,0,0,0,0,0,0,0,0,0,0,0,0,0,0,0,
1505,124,30,17,2,1,0,0,
554,851,6,0,0,0,0,0,0,0,
0,0,0,0,0,0,0,0,0,0,
0.,0.,0.,
0.,0.,0.,
0.,0.,0.,
0,0,0,0,0,0,0,0,0,0,0,0,0,0,0,0,
1506,124,30,17,2,1,0,0,
849,556,557,0,0,0,0,0,0,0,
0,0,0,0,0,0,0,0,0,0,
0.,0.,0.,
0.,0.,0.,
0.,0.,0.,
0,0,0,0,0,0,0,0,0,0,0,0,0,0,0,0,
1507,124,30,17,2,1,0,0,
849,557,502,0,0,0,0,0,0,0,
0,0,0,0,0,0,0,0,0,0,
0.,0.,0.,
0.,0.,0.,
0.,0.,0.,
0,0,0,0,0,0,0,0,0,0,0,0,0,0,0,0,
1508,124,30,17,2,1,0,0,
545,849,544,0,0,0,0,0,0,0,
0,0,0,0,0,0,0,0,0,0,
0.,0.,0.,
0.,0.,0.,
0.,0.,0.,
0,0,0,0,0,0,0,0,0,0,0,0,0,0,0,0,
1509,124,30,17,2,1,0,0,
544,849,502,0,0,0,0,0,0,0,
0,0,0,0,0,0,0,0,0,0,
0.,0.,0.,
0.,0.,0.,
0.,0.,0.,
0,0,0,0,0,0,0,0,0,0,0,0,0,0,0,0,
1510,124,30,17,2,1,0,0,
63,852,62,0,0,0,0,0,0,0,
0,0,0,0,0,0,0,0,0,0,
0.,0.,0.,
0.,0.,0.,
0.,0.,0.,
0,0,0,0,0,0,0,0,0,0,0,0,0,0,0,0,
1511,124,30,17,2,1,0,0,
852,63,848,0,0,0,0,0,0,0,
0,0,0,0,0,0,0,0,0,0,
0.,0.,0.,
0.,0.,0.,
0.,0.,0.,
0,0,0,0,0,0,0,0,0,0,0,0,0,0,0,0,
1512,124,30,17,2,1,0,0,
555,850,503,0,0,0,0,0,0,0,
0,0,0,0,0,0,0,0,0,0,
0.,0.,0.,
0.,0.,0.,
0.,0.,0.,
0,0,0,0,0,0,0,0,0,0,0,0,0,0,0,0,
1513,124,30,17,2,1,0,0,
850,553,552,0,0,0,0,0,0,0,
0,0,0,0,0,0,0,0,0,0,
0.,0.,0.,
0.,0.,0.,
0.,0.,0.,
0,0,0,0,0,0,0,0,0,0,0,0,0,0,0,0,
1514,124,30,17,2,1,0,0,
850,552,503,0,0,0,0,0,0,0,
0,0,0,0,0,0,0,0,0,0,
0.,0.,0.,
0.,0.,0.,
0.,0.,0.,
0,0,0,0,0,0,0,0,0,0,0,0,0,0,0,0,
1515,124,30,17,2,1,0,0,
848,547,548,0,0,0,0,0,0,0,
0,0,0,0,0,0,0,0,0,0,
0.,0.,0.,
0.,0.,0.,
0.,0.,0.,
0,0,0,0,0,0,0,0,0,0,0,0,0,0,0,0,
1516,124,30,17,2,1,0,0,
549,852,848,0,0,0,0,0,0,0,
0,0,0,0,0,0,0,0,0,0,
0.,0.,0.,
0.,0.,0.,
0.,0.,0.,
0,0,0,0,0,0,0,0,0,0,0,0,0,0,0,0,
1517,124,30,17,2,1,0,0,
550,852,549,0,0,0,0,0,0,0,
0,0,0,0,0,0,0,0,0,0,
0.,0.,0.,
0.,0.,0.,
0.,0.,0.,
0,0,0,0,0,0,0,0,0,0,0,0,0,0,0,0,
1518,124,30,17,2,1,0,0,
62,852,4,0,0,0,0,0,0,0,
0,0,0,0,0,0,0,0,0,0,
0.,0.,0.,
0.,0.,0.,
0.,0.,0.,
0,0,0,0,0,0,0,0,0,0,0,0,0,0,0,0,
1519,124,30,17,2,1,0,0,
851,63,64,0,0,0,0,0,0,0,
0,0,0,0,0,0,0,0,0,0,
0.,0.,0.,
0.,0.,0.,
0.,0.,0.,
0,0,0,0,0,0,0,0,0,0,0,0,0,0,0,0,
1520,124,30,17,2,1,0,0,
852,550,551,0,0,0,0,0,0,0,
0,0,0,0,0,0,0,0,0,0,
0.,0.,0.,
0.,0.,0.,
0.,0.,0.,
0,0,0,0,0,0,0,0,0,0,0,0,0,0,0,0,
1521,124,30,17,2,1,0,0,
852,551,4,0,0,0,0,0,0,0,
0,0,0,0,0,0,0,0,0,0,
0.,0.,0.,
0.,0.,0.,
0.,0.,0.,
0,0,0,0,0,0,0,0,0,0,0,0,0,0,0,0,
1522,124,50001,17,2,1,0,0,
853,855,854,0,0,0,0,0,0,0,
0,0,0,0,0,0,0,0,0,0,
0.,0.,0.,
0.,0.,0.,
0.,0.,0.,
0,0,0,0,0,0,0,0,0,0,0,0,0,0,0,0,
1523,124,50001,17,2,1,0,0,
853,854,856,0,0,0,0,0,0,0,
0,0,0,0,0,0,0,0,0,0,
0.,0.,0.,
0.,0.,0.,
0.,0.,0.,
0,0,0,0,0,0,0,0,0,0,0,0,0,0,0,0,
1524,124,50001,17,2,1,0,0,
857,859,858,0,0,0,0,0,0,0,
0,0,0,0,0,0,0,0,0,0,
0.,0.,0.,
0.,0.,0.,
0.,0.,0.,
0,0,0,0,0,0,0,0,0,0,0,0,0,0,0,0,
1525,124,50001,17,2,1,0,0,
860,862,861,0,0,0,0,0,0,0,
0,0,0,0,0,0,0,0,0,0,
0.,0.,0.,
0.,0.,0.,
0.,0.,0.,
0,0,0,0,0,0,0,0,0,0,0,0,0,0,0,0,
1526,124,50001,17,2,1,0,0,
857,858,593,0,0,0,0,0,0,0,
0,0,0,0,0,0,0,0,0,0,
0.,0.,0.,
0.,0.,0.,
0.,0.,0.,
0,0,0,0,0,0,0,0,0,0,0,0,0,0,0,0,
1527,124,50001,17,2,1,0,0,
863,864,598,0,0,0,0,0,0,0,
0,0,0,0,0,0,0,0,0,0,
0.,0.,0.,
0.,0.,0.,
0.,0.,0.,
0,0,0,0,0,0,0,0,0,0,0,0,0,0,0,0,
1528,124,50001,17,2,1,0,0,
865,860,866,0,0,0,0,0,0,0,
0,0,0,0,0,0,0,0,0,0,
0.,0.,0.,
0.,0.,0.,
0.,0.,0.,
0,0,0,0,0,0,0,0,0,0,0,0,0,0,0,0,
1529,124,50001,17,2,1,0,0,
853,867,855,0,0,0,0,0,0,0,
0,0,0,0,0,0,0,0,0,0,
0.,0.,0.,
0.,0.,0.,
0.,0.,0.,
0,0,0,0,0,0,0,0,0,0,0,0,0,0,0,0,
1530,124,50001,17,2,1,0,0,
868,870,869,0,0,0,0,0,0,0,
0,0,0,0,0,0,0,0,0,0,
0.,0.,0.,
0.,0.,0.,
0.,0.,0.,
0,0,0,0,0,0,0,0,0,0,0,0,0,0,0,0,
1531,124,50001,17,2,1,0,0,
868,869,612,0,0,0,0,0,0,0,
0,0,0,0,0,0,0,0,0,0,
0.,0.,0.,
0.,0.,0.,
0.,0.,0.,
0,0,0,0,0,0,0,0,0,0,0,0,0,0,0,0,
1532,124,50001,17,2,1,0,0,
871,873,872,0,0,0,0,0,0,0,
0,0,0,0,0,0,0,0,0,0,
0.,0.,0.,
0.,0.,0.,
0.,0.,0.,
0,0,0,0,0,0,0,0,0,0,0,0,0,0,0,0,
1533,124,50001,17,2,1,0,0,
874,876,875,0,0,0,0,0,0,0,
0,0,0,0,0,0,0,0,0,0,
0.,0.,0.,
0.,0.,0.,
0.,0.,0.,
0,0,0,0,0,0,0,0,0,0,0,0,0,0,0,0,
1534,124,50001,17,2,1,0,0,
871,872,615,0,0,0,0,0,0,0,
0,0,0,0,0,0,0,0,0,0,
0.,0.,0.,
0.,0.,0.,
0.,0.,0.,
0,0,0,0,0,0,0,0,0,0,0,0,0,0,0,0,
1535,124,50001,17,2,1,0,0,
859,857,877,0,0,0,0,0,0,0,
0,0,0,0,0,0,0,0,0,0,
0.,0.,0.,
0.,0.,0.,
0.,0.,0.,
0,0,0,0,0,0,0,0,0,0,0,0,0,0,0,0,
1536,124,50001,17,2,1,0,0,
878,865,879,0,0,0,0,0,0,0,
0,0,0,0,0,0,0,0,0,0,
0.,0.,0.,
0.,0.,0.,
0.,0.,0.,
0,0,0,0,0,0,0,0,0,0,0,0,0,0,0,0,
1537,124,50001,17,2,1,0,0,
880,859,856,0,0,0,0,0,0,0,
0,0,0,0,0,0,0,0,0,0,
0.,0.,0.,
0.,0.,0.,
0.,0.,0.,
0,0,0,0,0,0,0,0,0,0,0,0,0,0,0,0,
1538,124,50001,17,2,1,0,0,
872,881,614,0,0,0,0,0,0,0,
0,0,0,0,0,0,0,0,0,0,
0.,0.,0.,
0.,0.,0.,
0.,0.,0.,
0,0,0,0,0,0,0,0,0,0,0,0,0,0,0,0,
1539,124,50001,17,2,1,0,0,
882,868,613,0,0,0,0,0,0,0,
0,0,0,0,0,0,0,0,0,0,
0.,0.,0.,
0.,0.,0.,
0.,0.,0.,
0,0,0,0,0,0,0,0,0,0,0,0,0,0,0,0,
1540,124,50001,17,2,1,0,0,
883,878,884,0,0,0,0,0,0,0,
0,0,0,0,0,0,0,0,0,0,
0.,0.,0.,
0.,0.,0.,
0.,0.,0.,
0,0,0,0,0,0,0,0,0,0,0,0,0,0,0,0,
1541,124,50001,17,2,1,0,0,
877,856,859,0,0,0,0,0,0,0,
0,0,0,0,0,0,0,0,0,0,
0.,0.,0.,
0.,0.,0.,
0.,0.,0.,
0,0,0,0,0,0,0,0,0,0,0,0,0,0,0,0,
1542,124,50001,17,2,1,0,0,
885,869,870,0,0,0,0,0,0,0,
0,0,0,0,0,0,0,0,0,0,
0.,0.,0.,
0.,0.,0.,
0.,0.,0.,
0,0,0,0,0,0,0,0,0,0,0,0,0,0,0,0,
1543,124,50001,17,2,1,0,0,
882,614,881,0,0,0,0,0,0,0,
0,0,0,0,0,0,0,0,0,0,
0.,0.,0.,
0.,0.,0.,
0.,0.,0.,
0,0,0,0,0,0,0,0,0,0,0,0,0,0,0,0,
1544,124,50001,17,2,1,0,0,
886,883,887,0,0,0,0,0,0,0,
0,0,0,0,0,0,0,0,0,0,
0.,0.,0.,
0.,0.,0.,
0.,0.,0.,
0,0,0,0,0,0,0,0,0,0,0,0,0,0,0,0,
1545,124,50001,17,2,1,0,0,
876,871,888,0,0,0,0,0,0,0,
0,0,0,0,0,0,0,0,0,0,
0.,0.,0.,
0.,0.,0.,
0.,0.,0.,
0,0,0,0,0,0,0,0,0,0,0,0,0,0,0,0,
1546,124,50001,17,2,1,0,0,
889,891,890,0,0,0,0,0,0,0,
0,0,0,0,0,0,0,0,0,0,
0.,0.,0.,
0.,0.,0.,
0.,0.,0.,
0,0,0,0,0,0,0,0,0,0,0,0,0,0,0,0,
1547,124,50001,17,2,1,0,0,
890,891,611,0,0,0,0,0,0,0,
0,0,0,0,0,0,0,0,0,0,
0.,0.,0.,
0.,0.,0.,
0.,0.,0.,
0,0,0,0,0,0,0,0,0,0,0,0,0,0,0,0,
1548,124,50001,17,2,1,0,0,
888,871,616,0,0,0,0,0,0,0,
0,0,0,0,0,0,0,0,0,0,
0.,0.,0.,
0.,0.,0.,
0.,0.,0.,
0,0,0,0,0,0,0,0,0,0,0,0,0,0,0,0,
1549,124,50001,17,2,1,0,0,
873,871,876,0,0,0,0,0,0,0,
0,0,0,0,0,0,0,0,0,0,
0.,0.,0.,
0.,0.,0.,
0.,0.,0.,
0,0,0,0,0,0,0,0,0,0,0,0,0,0,0,0,
1550,124,50001,17,2,1,0,0,
892,894,893,0,0,0,0,0,0,0,
0,0,0,0,0,0,0,0,0,0,
0.,0.,0.,
0.,0.,0.,
0.,0.,0.,
0,0,0,0,0,0,0,0,0,0,0,0,0,0,0,0,
1551,124,50001,17,2,1,0,0,
893,894,610,0,0,0,0,0,0,0,
0,0,0,0,0,0,0,0,0,0,
0.,0.,0.,
0.,0.,0.,
0.,0.,0.,
0,0,0,0,0,0,0,0,0,0,0,0,0,0,0,0,
1552,124,50001,17,2,1,0,0,
873,876,874,0,0,0,0,0,0,0,
0,0,0,0,0,0,0,0,0,0,
0.,0.,0.,
0.,0.,0.,
0.,0.,0.,
0,0,0,0,0,0,0,0,0,0,0,0,0,0,0,0,
1553,124,50001,17,2,1,0,0,
881,873,887,0,0,0,0,0,0,0,
0,0,0,0,0,0,0,0,0,0,
0.,0.,0.,
0.,0.,0.,
0.,0.,0.,
0,0,0,0,0,0,0,0,0,0,0,0,0,0,0,0,
1554,124,50001,17,2,1,0,0,
895,897,896,0,0,0,0,0,0,0,
0,0,0,0,0,0,0,0,0,0,
0.,0.,0.,
0.,0.,0.,
0.,0.,0.,
0,0,0,0,0,0,0,0,0,0,0,0,0,0,0,0,
1555,124,50001,17,2,1,0,0,
896,897,609,0,0,0,0,0,0,0,
0,0,0,0,0,0,0,0,0,0,
0.,0.,0.,
0.,0.,0.,
0.,0.,0.,
0,0,0,0,0,0,0,0,0,0,0,0,0,0,0,0,
1556,124,50001,17,2,1,0,0,
862,899,898,0,0,0,0,0,0,0,
0,0,0,0,0,0,0,0,0,0,
0.,0.,0.,
0.,0.,0.,
0.,0.,0.,
0,0,0,0,0,0,0,0,0,0,0,0,0,0,0,0,
1557,124,50001,17,2,1,0,0,
881,872,873,0,0,0,0,0,0,0,
0,0,0,0,0,0,0,0,0,0,
0.,0.,0.,
0.,0.,0.,
0.,0.,0.,
0,0,0,0,0,0,0,0,0,0,0,0,0,0,0,0,
1558,124,50001,17,2,1,0,0,
900,902,901,0,0,0,0,0,0,0,
0,0,0,0,0,0,0,0,0,0,
0.,0.,0.,
0.,0.,0.,
0.,0.,0.,
0,0,0,0,0,0,0,0,0,0,0,0,0,0,0,0,
1559,124,50001,17,2,1,0,0,
901,902,608,0,0,0,0,0,0,0,
0,0,0,0,0,0,0,0,0,0,
0.,0.,0.,
0.,0.,0.,
0.,0.,0.,
0,0,0,0,0,0,0,0,0,0,0,0,0,0,0,0,
1560,124,50001,17,2,1,0,0,
887,873,874,0,0,0,0,0,0,0,
0,0,0,0,0,0,0,0,0,0,
0.,0.,0.,
0.,0.,0.,
0.,0.,0.,
0,0,0,0,0,0,0,0,0,0,0,0,0,0,0,0,
1561,124,50001,17,2,1,0,0,
854,904,903,0,0,0,0,0,0,0,
0,0,0,0,0,0,0,0,0,0,
0.,0.,0.,
0.,0.,0.,
0.,0.,0.,
0,0,0,0,0,0,0,0,0,0,0,0,0,0,0,0,
1562,124,50001,17,2,1,0,0,
905,907,906,0,0,0,0,0,0,0,
0,0,0,0,0,0,0,0,0,0,
0.,0.,0.,
0.,0.,0.,
0.,0.,0.,
0,0,0,0,0,0,0,0,0,0,0,0,0,0,0,0,
1563,124,50001,17,2,1,0,0,
906,907,607,0,0,0,0,0,0,0,
0,0,0,0,0,0,0,0,0,0,
0.,0.,0.,
0.,0.,0.,
0.,0.,0.,
0,0,0,0,0,0,0,0,0,0,0,0,0,0,0,0,
1564,124,50001,17,2,1,0,0,
854,863,904,0,0,0,0,0,0,0,
0,0,0,0,0,0,0,0,0,0,
0.,0.,0.,
0.,0.,0.,
0.,0.,0.,
0,0,0,0,0,0,0,0,0,0,0,0,0,0,0,0,
1565,124,50001,17,2,1,0,0,
904,863,599,0,0,0,0,0,0,0,
0,0,0,0,0,0,0,0,0,0,
0.,0.,0.,
0.,0.,0.,
0.,0.,0.,
0,0,0,0,0,0,0,0,0,0,0,0,0,0,0,0,
1566,124,50001,17,2,1,0,0,
908,910,909,0,0,0,0,0,0,0,
0,0,0,0,0,0,0,0,0,0,
0.,0.,0.,
0.,0.,0.,
0.,0.,0.,
0,0,0,0,0,0,0,0,0,0,0,0,0,0,0,0,
1567,124,50001,17,2,1,0,0,
909,910,606,0,0,0,0,0,0,0,
0,0,0,0,0,0,0,0,0,0,
0.,0.,0.,
0.,0.,0.,
0.,0.,0.,
0,0,0,0,0,0,0,0,0,0,0,0,0,0,0,0,
1568,124,50001,17,2,1,0,0,
899,912,911,0,0,0,0,0,0,0,
0,0,0,0,0,0,0,0,0,0,
0.,0.,0.,
0.,0.,0.,
0.,0.,0.,
0,0,0,0,0,0,0,0,0,0,0,0,0,0,0,0,
1569,124,50001,17,2,1,0,0,
882,613,614,0,0,0,0,0,0,0,
0,0,0,0,0,0,0,0,0,0,
0.,0.,0.,
0.,0.,0.,
0.,0.,0.,
0,0,0,0,0,0,0,0,0,0,0,0,0,0,0,0,
1570,124,50001,17,2,1,0,0,
913,915,914,0,0,0,0,0,0,0,
0,0,0,0,0,0,0,0,0,0,
0.,0.,0.,
0.,0.,0.,
0.,0.,0.,
0,0,0,0,0,0,0,0,0,0,0,0,0,0,0,0,
1571,124,50001,17,2,1,0,0,
914,915,605,0,0,0,0,0,0,0,
0,0,0,0,0,0,0,0,0,0,
0.,0.,0.,
0.,0.,0.,
0.,0.,0.,
0,0,0,0,0,0,0,0,0,0,0,0,0,0,0,0,
1572,124,50001,17,2,1,0,0,
870,868,882,0,0,0,0,0,0,0,
0,0,0,0,0,0,0,0,0,0,
0.,0.,0.,
0.,0.,0.,
0.,0.,0.,
0,0,0,0,0,0,0,0,0,0,0,0,0,0,0,0,
1573,124,50001,17,2,1,0,0,
890,869,885,0,0,0,0,0,0,0,
0,0,0,0,0,0,0,0,0,0,
0.,0.,0.,
0.,0.,0.,
0.,0.,0.,
0,0,0,0,0,0,0,0,0,0,0,0,0,0,0,0,
1574,124,50001,17,2,1,0,0,
916,918,917,0,0,0,0,0,0,0,
0,0,0,0,0,0,0,0,0,0,
0.,0.,0.,
0.,0.,0.,
0.,0.,0.,
0,0,0,0,0,0,0,0,0,0,0,0,0,0,0,0,
1575,124,50001,17,2,1,0,0,
917,918,604,0,0,0,0,0,0,0,
0,0,0,0,0,0,0,0,0,0,
0.,0.,0.,
0.,0.,0.,
0.,0.,0.,
0,0,0,0,0,0,0,0,0,0,0,0,0,0,0,0,
1576,124,50001,17,2,1,0,0,
890,885,866,0,0,0,0,0,0,0,
0,0,0,0,0,0,0,0,0,0,
0.,0.,0.,
0.,0.,0.,
0.,0.,0.,
0,0,0,0,0,0,0,0,0,0,0,0,0,0,0,0,
1577,124,50001,17,2,1,0,0,
882,881,884,0,0,0,0,0,0,0,
0,0,0,0,0,0,0,0,0,0,
0.,0.,0.,
0.,0.,0.,
0.,0.,0.,
0,0,0,0,0,0,0,0,0,0,0,0,0,0,0,0,
1578,124,50001,17,2,1,0,0,
919,921,920,0,0,0,0,0,0,0,
0,0,0,0,0,0,0,0,0,0,
0.,0.,0.,
0.,0.,0.,
0.,0.,0.,
0,0,0,0,0,0,0,0,0,0,0,0,0,0,0,0,
1579,124,50001,17,2,1,0,0,
920,921,603,0,0,0,0,0,0,0,
0,0,0,0,0,0,0,0,0,0,
0.,0.,0.,
0.,0.,0.,
0.,0.,0.,
0,0,0,0,0,0,0,0,0,0,0,0,0,0,0,0,
1580,124,50001,17,2,1,0,0,
912,923,922,0,0,0,0,0,0,0,
0,0,0,0,0,0,0,0,0,0,
0.,0.,0.,
0.,0.,0.,
0.,0.,0.,
0,0,0,0,0,0,0,0,0,0,0,0,0,0,0,0,
1581,124,50001,17,2,1,0,0,
893,891,889,0,0,0,0,0,0,0,
0,0,0,0,0,0,0,0,0,0,
0.,0.,0.,
0.,0.,0.,
0.,0.,0.,
0,0,0,0,0,0,0,0,0,0,0,0,0,0,0,0,
1582,124,50001,17,2,1,0,0,
924,926,925,0,0,0,0,0,0,0,
0,0,0,0,0,0,0,0,0,0,
0.,0.,0.,
0.,0.,0.,
0.,0.,0.,
0,0,0,0,0,0,0,0,0,0,0,0,0,0,0,0,
1583,124,50001,17,2,1,0,0,
925,926,602,0,0,0,0,0,0,0,
0,0,0,0,0,0,0,0,0,0,
0.,0.,0.,
0.,0.,0.,
0.,0.,0.,
0,0,0,0,0,0,0,0,0,0,0,0,0,0,0,0,
1584,124,50001,17,2,1,0,0,
893,889,861,0,0,0,0,0,0,0,
0,0,0,0,0,0,0,0,0,0,
0.,0.,0.,
0.,0.,0.,
0.,0.,0.,
0,0,0,0,0,0,0,0,0,0,0,0,0,0,0,0,
1585,124,50001,17,2,1,0,0,
896,894,892,0,0,0,0,0,0,0,
0,0,0,0,0,0,0,0,0,0,
0.,0.,0.,
0.,0.,0.,
0.,0.,0.,
0,0,0,0,0,0,0,0,0,0,0,0,0,0,0,0,
1586,124,50001,17,2,1,0,0,
927,929,928,0,0,0,0,0,0,0,
0,0,0,0,0,0,0,0,0,0,
0.,0.,0.,
0.,0.,0.,
0.,0.,0.,
0,0,0,0,0,0,0,0,0,0,0,0,0,0,0,0,
1587,124,50001,17,2,1,0,0,
928,929,601,0,0,0,0,0,0,0,
0,0,0,0,0,0,0,0,0,0,
0.,0.,0.,
0.,0.,0.,
0.,0.,0.,
0,0,0,0,0,0,0,0,0,0,0,0,0,0,0,0,
1588,124,50001,17,2,1,0,0,
896,892,898,0,0,0,0,0,0,0,
0,0,0,0,0,0,0,0,0,0,
0.,0.,0.,
0.,0.,0.,
0.,0.,0.,
0,0,0,0,0,0,0,0,0,0,0,0,0,0,0,0,
1589,124,50001,17,2,1,0,0,
879,870,884,0,0,0,0,0,0,0,
0,0,0,0,0,0,0,0,0,0,
0.,0.,0.,
0.,0.,0.,
0.,0.,0.,
0,0,0,0,0,0,0,0,0,0,0,0,0,0,0,0,
1590,124,50001,17,2,1,0,0,
903,904,930,0,0,0,0,0,0,0,
0,0,0,0,0,0,0,0,0,0,
0.,0.,0.,
0.,0.,0.,
0.,0.,0.,
0,0,0,0,0,0,0,0,0,0,0,0,0,0,0,0,
1591,124,50001,17,2,1,0,0,
930,904,600,0,0,0,0,0,0,0,
0,0,0,0,0,0,0,0,0,0,
0.,0.,0.,
0.,0.,0.,
0.,0.,0.,
0,0,0,0,0,0,0,0,0,0,0,0,0,0,0,0,
1592,124,50001,17,2,1,0,0,
923,932,931,0,0,0,0,0,0,0,
0,0,0,0,0,0,0,0,0,0,
0.,0.,0.,
0.,0.,0.,
0.,0.,0.,
0,0,0,0,0,0,0,0,0,0,0,0,0,0,0,0,
1593,124,50001,17,2,1,0,0,
901,897,895,0,0,0,0,0,0,0,
0,0,0,0,0,0,0,0,0,0,
0.,0.,0.,
0.,0.,0.,
0.,0.,0.,
0,0,0,0,0,0,0,0,0,0,0,0,0,0,0,0,
1594,124,50001,17,2,1,0,0,
884,881,887,0,0,0,0,0,0,0,
0,0,0,0,0,0,0,0,0,0,
0.,0.,0.,
0.,0.,0.,
0.,0.,0.,
0,0,0,0,0,0,0,0,0,0,0,0,0,0,0,0,
1595,124,50001,17,2,1,0,0,
886,933,883,0,0,0,0,0,0,0,
0,0,0,0,0,0,0,0,0,0,
0.,0.,0.,
0.,0.,0.,
0.,0.,0.,
0,0,0,0,0,0,0,0,0,0,0,0,0,0,0,0,
1596,124,50001,17,2,1,0,0,
901,895,911,0,0,0,0,0,0,0,
0,0,0,0,0,0,0,0,0,0,
0.,0.,0.,
0.,0.,0.,
0.,0.,0.,
0,0,0,0,0,0,0,0,0,0,0,0,0,0,0,0,
1597,124,50001,17,2,1,0,0,
906,902,900,0,0,0,0,0,0,0,
0,0,0,0,0,0,0,0,0,0,
0.,0.,0.,
0.,0.,0.,
0.,0.,0.,
0,0,0,0,0,0,0,0,0,0,0,0,0,0,0,0,
1598,124,50001,17,2,1,0,0,
855,863,854,0,0,0,0,0,0,0,
0,0,0,0,0,0,0,0,0,0,
0.,0.,0.,
0.,0.,0.,
0.,0.,0.,
0,0,0,0,0,0,0,0,0,0,0,0,0,0,0,0,
1599,124,50001,17,2,1,0,0,
906,900,922,0,0,0,0,0,0,0,
0,0,0,0,0,0,0,0,0,0,
0.,0.,0.,
0.,0.,0.,
0.,0.,0.,
0,0,0,0,0,0,0,0,0,0,0,0,0,0,0,0,
1600,124,50001,17,2,1,0,0,
886,934,933,0,0,0,0,0,0,0,
0,0,0,0,0,0,0,0,0,0,
0.,0.,0.,
0.,0.,0.,
0.,0.,0.,
0,0,0,0,0,0,0,0,0,0,0,0,0,0,0,0,
1601,124,50001,17,2,1,0,0,
932,936,935,0,0,0,0,0,0,0,
0,0,0,0,0,0,0,0,0,0,
0.,0.,0.,
0.,0.,0.,
0.,0.,0.,
0,0,0,0,0,0,0,0,0,0,0,0,0,0,0,0,
1602,124,50001,17,2,1,0,0,
909,907,905,0,0,0,0,0,0,0,
0,0,0,0,0,0,0,0,0,0,
0.,0.,0.,
0.,0.,0.,
0.,0.,0.,
0,0,0,0,0,0,0,0,0,0,0,0,0,0,0,0,
1603,124,50001,17,2,1,0,0,
909,905,931,0,0,0,0,0,0,0,
0,0,0,0,0,0,0,0,0,0,
0.,0.,0.,
0.,0.,0.,
0.,0.,0.,
0,0,0,0,0,0,0,0,0,0,0,0,0,0,0,0,
1604,124,50001,17,2,1,0,0,
933,934,579,0,0,0,0,0,0,0,
0,0,0,0,0,0,0,0,0,0,
0.,0.,0.,
0.,0.,0.,
0.,0.,0.,
0,0,0,0,0,0,0,0,0,0,0,0,0,0,0,0,
1605,124,50001,17,2,1,0,0,
877,857,594,0,0,0,0,0,0,0,
0,0,0,0,0,0,0,0,0,0,
0.,0.,0.,
0.,0.,0.,
0.,0.,0.,
0,0,0,0,0,0,0,0,0,0,0,0,0,0,0,0,
1606,124,50001,17,2,1,0,0,
914,910,908,0,0,0,0,0,0,0,
0,0,0,0,0,0,0,0,0,0,
0.,0.,0.,
0.,0.,0.,
0.,0.,0.,
0,0,0,0,0,0,0,0,0,0,0,0,0,0,0,0,
1607,124,50001,17,2,1,0,0,
914,908,935,0,0,0,0,0,0,0,
0,0,0,0,0,0,0,0,0,0,
0.,0.,0.,
0.,0.,0.,
0.,0.,0.,
0,0,0,0,0,0,0,0,0,0,0,0,0,0,0,0,
1608,124,50001,17,2,1,0,0,
937,858,859,0,0,0,0,0,0,0,
0,0,0,0,0,0,0,0,0,0,
0.,0.,0.,
0.,0.,0.,
0.,0.,0.,
0,0,0,0,0,0,0,0,0,0,0,0,0,0,0,0,
1609,124,50001,17,2,1,0,0,
883,938,878,0,0,0,0,0,0,0,
0,0,0,0,0,0,0,0,0,0,
0.,0.,0.,
0.,0.,0.,
0.,0.,0.,
0,0,0,0,0,0,0,0,0,0,0,0,0,0,0,0,
1610,124,50001,17,2,1,0,0,
883,933,938,0,0,0,0,0,0,0,
0,0,0,0,0,0,0,0,0,0,
0.,0.,0.,
0.,0.,0.,
0.,0.,0.,
0,0,0,0,0,0,0,0,0,0,0,0,0,0,0,0,
1611,124,50001,17,2,1,0,0,
936,940,939,0,0,0,0,0,0,0,
0,0,0,0,0,0,0,0,0,0,
0.,0.,0.,
0.,0.,0.,
0.,0.,0.,
0,0,0,0,0,0,0,0,0,0,0,0,0,0,0,0,
1612,124,50001,17,2,1,0,0,
938,933,580,0,0,0,0,0,0,0,
0,0,0,0,0,0,0,0,0,0,
0.,0.,0.,
0.,0.,0.,
0.,0.,0.,
0,0,0,0,0,0,0,0,0,0,0,0,0,0,0,0,
1613,124,50001,17,2,1,0,0,
878,941,865,0,0,0,0,0,0,0,
0,0,0,0,0,0,0,0,0,0,
0.,0.,0.,
0.,0.,0.,
0.,0.,0.,
0,0,0,0,0,0,0,0,0,0,0,0,0,0,0,0,
1614,124,50001,17,2,1,0,0,
917,915,913,0,0,0,0,0,0,0,
0,0,0,0,0,0,0,0,0,0,
0.,0.,0.,
0.,0.,0.,
0.,0.,0.,
0,0,0,0,0,0,0,0,0,0,0,0,0,0,0,0,
1615,124,50001,17,2,1,0,0,
917,913,939,0,0,0,0,0,0,0,
0,0,0,0,0,0,0,0,0,0,
0.,0.,0.,
0.,0.,0.,
0.,0.,0.,
0,0,0,0,0,0,0,0,0,0,0,0,0,0,0,0,
1616,124,50001,17,2,1,0,0,
878,938,941,0,0,0,0,0,0,0,
0,0,0,0,0,0,0,0,0,0,
0.,0.,0.,
0.,0.,0.,
0.,0.,0.,
0,0,0,0,0,0,0,0,0,0,0,0,0,0,0,0,
1617,124,50001,17,2,1,0,0,
941,938,581,0,0,0,0,0,0,0,
0,0,0,0,0,0,0,0,0,0,
0.,0.,0.,
0.,0.,0.,
0.,0.,0.,
0,0,0,0,0,0,0,0,0,0,0,0,0,0,0,0,
1618,124,50001,17,2,1,0,0,
920,918,916,0,0,0,0,0,0,0,
0,0,0,0,0,0,0,0,0,0,
0.,0.,0.,
0.,0.,0.,
0.,0.,0.,
0,0,0,0,0,0,0,0,0,0,0,0,0,0,0,0,
1619,124,50001,17,2,1,0,0,
920,916,942,0,0,0,0,0,0,0,
0,0,0,0,0,0,0,0,0,0,
0.,0.,0.,
0.,0.,0.,
0.,0.,0.,
0,0,0,0,0,0,0,0,0,0,0,0,0,0,0,0,
1620,124,50001,17,2,1,0,0,
865,943,860,0,0,0,0,0,0,0,
0,0,0,0,0,0,0,0,0,0,
0.,0.,0.,
0.,0.,0.,
0.,0.,0.,
0,0,0,0,0,0,0,0,0,0,0,0,0,0,0,0,
1621,124,50001,17,2,1,0,0,
865,941,943,0,0,0,0,0,0,0,
0,0,0,0,0,0,0,0,0,0,
0.,0.,0.,
0.,0.,0.,
0.,0.,0.,
0,0,0,0,0,0,0,0,0,0,0,0,0,0,0,0,
1622,124,50001,17,2,1,0,0,
943,941,582,0,0,0,0,0,0,0,
0,0,0,0,0,0,0,0,0,0,
0.,0.,0.,
0.,0.,0.,
0.,0.,0.,
0,0,0,0,0,0,0,0,0,0,0,0,0,0,0,0,
1623,124,50001,17,2,1,0,0,
940,944,942,0,0,0,0,0,0,0,
0,0,0,0,0,0,0,0,0,0,
0.,0.,0.,
0.,0.,0.,
0.,0.,0.,
0,0,0,0,0,0,0,0,0,0,0,0,0,0,0,0,
1624,124,50001,17,2,1,0,0,
936,945,940,0,0,0,0,0,0,0,
0,0,0,0,0,0,0,0,0,0,
0.,0.,0.,
0.,0.,0.,
0.,0.,0.,
0,0,0,0,0,0,0,0,0,0,0,0,0,0,0,0,
1625,124,50001,17,2,1,0,0,
936,946,945,0,0,0,0,0,0,0,
0,0,0,0,0,0,0,0,0,0,
0.,0.,0.,
0.,0.,0.,
0.,0.,0.,
0,0,0,0,0,0,0,0,0,0,0,0,0,0,0,0,
1626,124,50001,17,2,1,0,0,
925,921,919,0,0,0,0,0,0,0,
0,0,0,0,0,0,0,0,0,0,
0.,0.,0.,
0.,0.,0.,
0.,0.,0.,
0,0,0,0,0,0,0,0,0,0,0,0,0,0,0,0,
1627,124,50001,17,2,1,0,0,
925,919,947,0,0,0,0,0,0,0,
0,0,0,0,0,0,0,0,0,0,
0.,0.,0.,
0.,0.,0.,
0.,0.,0.,
0,0,0,0,0,0,0,0,0,0,0,0,0,0,0,0,
1628,124,50001,17,2,1,0,0,
945,946,589,0,0,0,0,0,0,0,
0,0,0,0,0,0,0,0,0,0,
0.,0.,0.,
0.,0.,0.,
0.,0.,0.,
0,0,0,0,0,0,0,0,0,0,0,0,0,0,0,0,
1629,124,50001,17,2,1,0,0,
932,946,936,0,0,0,0,0,0,0,
0,0,0,0,0,0,0,0,0,0,
0.,0.,0.,
0.,0.,0.,
0.,0.,0.,
0,0,0,0,0,0,0,0,0,0,0,0,0,0,0,0,
1630,124,50001,17,2,1,0,0,
928,926,924,0,0,0,0,0,0,0,
0,0,0,0,0,0,0,0,0,0,
0.,0.,0.,
0.,0.,0.,
0.,0.,0.,
0,0,0,0,0,0,0,0,0,0,0,0,0,0,0,0,
1631,124,50001,17,2,1,0,0,
928,924,948,0,0,0,0,0,0,0,
0,0,0,0,0,0,0,0,0,0,
0.,0.,0.,
0.,0.,0.,
0.,0.,0.,
0,0,0,0,0,0,0,0,0,0,0,0,0,0,0,0,
1632,124,50001,17,2,1,0,0,
932,949,946,0,0,0,0,0,0,0,
0,0,0,0,0,0,0,0,0,0,
0.,0.,0.,
0.,0.,0.,
0.,0.,0.,
0,0,0,0,0,0,0,0,0,0,0,0,0,0,0,0,
1633,124,50001,17,2,1,0,0,
946,949,588,0,0,0,0,0,0,0,
0,0,0,0,0,0,0,0,0,0,
0.,0.,0.,
0.,0.,0.,
0.,0.,0.,
0,0,0,0,0,0,0,0,0,0,0,0,0,0,0,0,
1634,124,50001,17,2,1,0,0,
923,949,932,0,0,0,0,0,0,0,
0,0,0,0,0,0,0,0,0,0,
0.,0.,0.,
0.,0.,0.,
0.,0.,0.,
0,0,0,0,0,0,0,0,0,0,0,0,0,0,0,0,
1635,124,50001,17,2,1,0,0,
944,950,947,0,0,0,0,0,0,0,
0,0,0,0,0,0,0,0,0,0,
0.,0.,0.,
0.,0.,0.,
0.,0.,0.,
0,0,0,0,0,0,0,0,0,0,0,0,0,0,0,0,
1636,124,50001,17,2,1,0,0,
923,951,949,0,0,0,0,0,0,0,
0,0,0,0,0,0,0,0,0,0,
0.,0.,0.,
0.,0.,0.,
0.,0.,0.,
0,0,0,0,0,0,0,0,0,0,0,0,0,0,0,0,
1637,124,50001,17,2,1,0,0,
949,951,587,0,0,0,0,0,0,0,
0,0,0,0,0,0,0,0,0,0,
0.,0.,0.,
0.,0.,0.,
0.,0.,0.,
0,0,0,0,0,0,0,0,0,0,0,0,0,0,0,0,
1638,124,50001,17,2,1,0,0,
930,929,927,0,0,0,0,0,0,0,
0,0,0,0,0,0,0,0,0,0,
0.,0.,0.,
0.,0.,0.,
0.,0.,0.,
0,0,0,0,0,0,0,0,0,0,0,0,0,0,0,0,
1639,124,50001,17,2,1,0,0,
930,927,880,0,0,0,0,0,0,0,
0,0,0,0,0,0,0,0,0,0,
0.,0.,0.,
0.,0.,0.,
0.,0.,0.,
0,0,0,0,0,0,0,0,0,0,0,0,0,0,0,0,
1640,124,50001,17,2,1,0,0,
912,951,923,0,0,0,0,0,0,0,
0,0,0,0,0,0,0,0,0,0,
0.,0.,0.,
0.,0.,0.,
0.,0.,0.,
0,0,0,0,0,0,0,0,0,0,0,0,0,0,0,0,
1641,124,50001,17,2,1,0,0,
912,952,951,0,0,0,0,0,0,0,
0,0,0,0,0,0,0,0,0,0,
0.,0.,0.,
0.,0.,0.,
0.,0.,0.,
0,0,0,0,0,0,0,0,0,0,0,0,0,0,0,0,
1642,124,50001,17,2,1,0,0,
951,952,586,0,0,0,0,0,0,0,
0,0,0,0,0,0,0,0,0,0,
0.,0.,0.,
0.,0.,0.,
0.,0.,0.,
0,0,0,0,0,0,0,0,0,0,0,0,0,0,0,0,
1643,124,50001,17,2,1,0,0,
899,952,912,0,0,0,0,0,0,0,
0,0,0,0,0,0,0,0,0,0,
0.,0.,0.,
0.,0.,0.,
0.,0.,0.,
0,0,0,0,0,0,0,0,0,0,0,0,0,0,0,0,
1644,124,50001,17,2,1,0,0,
899,953,952,0,0,0,0,0,0,0,
0,0,0,0,0,0,0,0,0,0,
0.,0.,0.,
0.,0.,0.,
0.,0.,0.,
0,0,0,0,0,0,0,0,0,0,0,0,0,0,0,0,
1645,124,50001,17,2,1,0,0,
952,953,585,0,0,0,0,0,0,0,
0,0,0,0,0,0,0,0,0,0,
0.,0.,0.,
0.,0.,0.,
0.,0.,0.,
0,0,0,0,0,0,0,0,0,0,0,0,0,0,0,0,
1646,124,50001,17,2,1,0,0,
860,954,862,0,0,0,0,0,0,0,
0,0,0,0,0,0,0,0,0,0,
0.,0.,0.,
0.,0.,0.,
0.,0.,0.,
0,0,0,0,0,0,0,0,0,0,0,0,0,0,0,0,
1647,124,50001,17,2,1,0,0,
950,937,948,0,0,0,0,0,0,0,
0,0,0,0,0,0,0,0,0,0,
0.,0.,0.,
0.,0.,0.,
0.,0.,0.,
0,0,0,0,0,0,0,0,0,0,0,0,0,0,0,0,
1648,124,50001,17,2,1,0,0,
860,943,954,0,0,0,0,0,0,0,
0,0,0,0,0,0,0,0,0,0,
0.,0.,0.,
0.,0.,0.,
0.,0.,0.,
0,0,0,0,0,0,0,0,0,0,0,0,0,0,0,0,
1649,124,50001,17,2,1,0,0,
954,943,583,0,0,0,0,0,0,0,
0,0,0,0,0,0,0,0,0,0,
0.,0.,0.,
0.,0.,0.,
0.,0.,0.,
0,0,0,0,0,0,0,0,0,0,0,0,0,0,0,0,
1650,124,50001,17,2,1,0,0,
877,955,853,0,0,0,0,0,0,0,
0,0,0,0,0,0,0,0,0,0,
0.,0.,0.,
0.,0.,0.,
0.,0.,0.,
0,0,0,0,0,0,0,0,0,0,0,0,0,0,0,0,
1651,124,50001,17,2,1,0,0,
877,853,856,0,0,0,0,0,0,0,
0,0,0,0,0,0,0,0,0,0,
0.,0.,0.,
0.,0.,0.,
0.,0.,0.,
0,0,0,0,0,0,0,0,0,0,0,0,0,0,0,0,
1652,124,50001,17,2,1,0,0,
862,953,899,0,0,0,0,0,0,0,
0,0,0,0,0,0,0,0,0,0,
0.,0.,0.,
0.,0.,0.,
0.,0.,0.,
0,0,0,0,0,0,0,0,0,0,0,0,0,0,0,0,
1653,124,50001,17,2,1,0,0,
862,954,953,0,0,0,0,0,0,0,
0,0,0,0,0,0,0,0,0,0,
0.,0.,0.,
0.,0.,0.,
0.,0.,0.,
0,0,0,0,0,0,0,0,0,0,0,0,0,0,0,0,
1654,124,50001,17,2,1,0,0,
953,954,584,0,0,0,0,0,0,0,
0,0,0,0,0,0,0,0,0,0,
0.,0.,0.,
0.,0.,0.,
0.,0.,0.,
0,0,0,0,0,0,0,0,0,0,0,0,0,0,0,0,
1655,124,50001,17,2,1,0,0,
940,956,944,0,0,0,0,0,0,0,
0,0,0,0,0,0,0,0,0,0,
0.,0.,0.,
0.,0.,0.,
0.,0.,0.,
0,0,0,0,0,0,0,0,0,0,0,0,0,0,0,0,
1656,124,50001,17,2,1,0,0,
940,945,956,0,0,0,0,0,0,0,
0,0,0,0,0,0,0,0,0,0,
0.,0.,0.,
0.,0.,0.,
0.,0.,0.,
0,0,0,0,0,0,0,0,0,0,0,0,0,0,0,0,
1657,124,50001,17,2,1,0,0,
956,945,590,0,0,0,0,0,0,0,
0,0,0,0,0,0,0,0,0,0,
0.,0.,0.,
0.,0.,0.,
0.,0.,0.,
0,0,0,0,0,0,0,0,0,0,0,0,0,0,0,0,
1658,124,50001,17,2,1,0,0,
956,957,950,0,0,0,0,0,0,0,
0,0,0,0,0,0,0,0,0,0,
0.,0.,0.,
0.,0.,0.,
0.,0.,0.,
0,0,0,0,0,0,0,0,0,0,0,0,0,0,0,0,
1659,124,50001,17,2,1,0,0,
944,956,950,0,0,0,0,0,0,0,
0,0,0,0,0,0,0,0,0,0,
0.,0.,0.,
0.,0.,0.,
0.,0.,0.,
0,0,0,0,0,0,0,0,0,0,0,0,0,0,0,0,
1660,124,50001,17,2,1,0,0,
956,591,957,0,0,0,0,0,0,0,
0,0,0,0,0,0,0,0,0,0,
0.,0.,0.,
0.,0.,0.,
0.,0.,0.,
0,0,0,0,0,0,0,0,0,0,0,0,0,0,0,0,
1661,124,50001,17,2,1,0,0,
957,858,937,0,0,0,0,0,0,0,
0,0,0,0,0,0,0,0,0,0,
0.,0.,0.,
0.,0.,0.,
0.,0.,0.,
0,0,0,0,0,0,0,0,0,0,0,0,0,0,0,0,
1662,124,50001,17,2,1,0,0,
950,957,937,0,0,0,0,0,0,0,
0,0,0,0,0,0,0,0,0,0,
0.,0.,0.,
0.,0.,0.,
0.,0.,0.,
0,0,0,0,0,0,0,0,0,0,0,0,0,0,0,0,
1663,124,50001,17,2,1,0,0,
957,592,858,0,0,0,0,0,0,0,
0,0,0,0,0,0,0,0,0,0,
0.,0.,0.,
0.,0.,0.,
0.,0.,0.,
0,0,0,0,0,0,0,0,0,0,0,0,0,0,0,0,
1664,124,50001,17,2,1,0,0,
949,587,588,0,0,0,0,0,0,0,
0,0,0,0,0,0,0,0,0,0,
0.,0.,0.,
0.,0.,0.,
0.,0.,0.,
0,0,0,0,0,0,0,0,0,0,0,0,0,0,0,0,
1665,124,50001,17,2,1,0,0,
951,586,587,0,0,0,0,0,0,0,
0,0,0,0,0,0,0,0,0,0,
0.,0.,0.,
0.,0.,0.,
0.,0.,0.,
0,0,0,0,0,0,0,0,0,0,0,0,0,0,0,0,
1666,124,50001,17,2,1,0,0,
958,578,934,0,0,0,0,0,0,0,
0,0,0,0,0,0,0,0,0,0,
0.,0.,0.,
0.,0.,0.,
0.,0.,0.,
0,0,0,0,0,0,0,0,0,0,0,0,0,0,0,0,
1667,124,50001,17,2,1,0,0,
946,588,589,0,0,0,0,0,0,0,
0,0,0,0,0,0,0,0,0,0,
0.,0.,0.,
0.,0.,0.,
0.,0.,0.,
0,0,0,0,0,0,0,0,0,0,0,0,0,0,0,0,
1668,124,50001,17,2,1,0,0,
959,577,960,0,0,0,0,0,0,0,
0,0,0,0,0,0,0,0,0,0,
0.,0.,0.,
0.,0.,0.,
0.,0.,0.,
0,0,0,0,0,0,0,0,0,0,0,0,0,0,0,0,
1669,124,50001,17,2,1,0,0,
958,960,578,0,0,0,0,0,0,0,
0,0,0,0,0,0,0,0,0,0,
0.,0.,0.,
0.,0.,0.,
0.,0.,0.,
0,0,0,0,0,0,0,0,0,0,0,0,0,0,0,0,
1670,124,50001,17,2,1,0,0,
577,959,961,0,0,0,0,0,0,0,
0,0,0,0,0,0,0,0,0,0,
0.,0.,0.,
0.,0.,0.,
0.,0.,0.,
0,0,0,0,0,0,0,0,0,0,0,0,0,0,0,0,
1671,124,50001,17,2,1,0,0,
952,585,586,0,0,0,0,0,0,0,
0,0,0,0,0,0,0,0,0,0,
0.,0.,0.,
0.,0.,0.,
0.,0.,0.,
0,0,0,0,0,0,0,0,0,0,0,0,0,0,0,0,
1672,124,50001,17,2,1,0,0,
875,876,962,0,0,0,0,0,0,0,
0,0,0,0,0,0,0,0,0,0,
0.,0.,0.,
0.,0.,0.,
0.,0.,0.,
0,0,0,0,0,0,0,0,0,0,0,0,0,0,0,0,
1673,124,50001,17,2,1,0,0,
945,589,590,0,0,0,0,0,0,0,
0,0,0,0,0,0,0,0,0,0,
0.,0.,0.,
0.,0.,0.,
0.,0.,0.,
0,0,0,0,0,0,0,0,0,0,0,0,0,0,0,0,
1674,124,50001,17,2,1,0,0,
871,615,616,0,0,0,0,0,0,0,
0,0,0,0,0,0,0,0,0,0,
0.,0.,0.,
0.,0.,0.,
0.,0.,0.,
0,0,0,0,0,0,0,0,0,0,0,0,0,0,0,0,
1675,124,50001,17,2,1,0,0,
872,614,615,0,0,0,0,0,0,0,
0,0,0,0,0,0,0,0,0,0,
0.,0.,0.,
0.,0.,0.,
0.,0.,0.,
0,0,0,0,0,0,0,0,0,0,0,0,0,0,0,0,
1676,124,50001,17,2,1,0,0,
882,884,870,0,0,0,0,0,0,0,
0,0,0,0,0,0,0,0,0,0,
0.,0.,0.,
0.,0.,0.,
0.,0.,0.,
0,0,0,0,0,0,0,0,0,0,0,0,0,0,0,0,
1677,124,50001,17,2,1,0,0,
958,934,886,0,0,0,0,0,0,0,
0,0,0,0,0,0,0,0,0,0,
0.,0.,0.,
0.,0.,0.,
0.,0.,0.,
0,0,0,0,0,0,0,0,0,0,0,0,0,0,0,0,
1678,124,50001,17,2,1,0,0,
958,886,874,0,0,0,0,0,0,0,
0,0,0,0,0,0,0,0,0,0,
0.,0.,0.,
0.,0.,0.,
0.,0.,0.,
0,0,0,0,0,0,0,0,0,0,0,0,0,0,0,0,
1679,124,50001,17,2,1,0,0,
959,960,875,0,0,0,0,0,0,0,
0,0,0,0,0,0,0,0,0,0,
0.,0.,0.,
0.,0.,0.,
0.,0.,0.,
0,0,0,0,0,0,0,0,0,0,0,0,0,0,0,0,
1680,124,50001,17,2,1,0,0,
959,875,962,0,0,0,0,0,0,0,
0,0,0,0,0,0,0,0,0,0,
0.,0.,0.,
0.,0.,0.,
0.,0.,0.,
0,0,0,0,0,0,0,0,0,0,0,0,0,0,0,0,
1681,124,50001,17,2,1,0,0,
963,964,961,0,0,0,0,0,0,0,
0,0,0,0,0,0,0,0,0,0,
0.,0.,0.,
0.,0.,0.,
0.,0.,0.,
0,0,0,0,0,0,0,0,0,0,0,0,0,0,0,0,
1682,124,50001,17,2,1,0,0,
963,961,959,0,0,0,0,0,0,0,
0,0,0,0,0,0,0,0,0,0,
0.,0.,0.,
0.,0.,0.,
0.,0.,0.,
0,0,0,0,0,0,0,0,0,0,0,0,0,0,0,0,
1683,124,50001,17,2,1,0,0,
962,963,959,0,0,0,0,0,0,0,
0,0,0,0,0,0,0,0,0,0,
0.,0.,0.,
0.,0.,0.,
0.,0.,0.,
0,0,0,0,0,0,0,0,0,0,0,0,0,0,0,0,
1684,124,50001,17,2,1,0,0,
965,864,966,0,0,0,0,0,0,0,
0,0,0,0,0,0,0,0,0,0,
0.,0.,0.,
0.,0.,0.,
0.,0.,0.,
0,0,0,0,0,0,0,0,0,0,0,0,0,0,0,0,
1685,124,50001,17,2,1,0,0,
864,965,597,0,0,0,0,0,0,0,
0,0,0,0,0,0,0,0,0,0,
0.,0.,0.,
0.,0.,0.,
0.,0.,0.,
0,0,0,0,0,0,0,0,0,0,0,0,0,0,0,0,
1686,124,50001,17,2,1,0,0,
598,864,597,0,0,0,0,0,0,0,
0,0,0,0,0,0,0,0,0,0,
0.,0.,0.,
0.,0.,0.,
0.,0.,0.,
0,0,0,0,0,0,0,0,0,0,0,0,0,0,0,0,
1687,124,50001,17,2,1,0,0,
853,955,867,0,0,0,0,0,0,0,
0,0,0,0,0,0,0,0,0,0,
0.,0.,0.,
0.,0.,0.,
0.,0.,0.,
0,0,0,0,0,0,0,0,0,0,0,0,0,0,0,0,
1688,124,50001,17,2,1,0,0,
967,867,955,0,0,0,0,0,0,0,
0,0,0,0,0,0,0,0,0,0,
0.,0.,0.,
0.,0.,0.,
0.,0.,0.,
0,0,0,0,0,0,0,0,0,0,0,0,0,0,0,0,
1689,124,50001,17,2,1,0,0,
955,595,967,0,0,0,0,0,0,0,
0,0,0,0,0,0,0,0,0,0,
0.,0.,0.,
0.,0.,0.,
0.,0.,0.,
0,0,0,0,0,0,0,0,0,0,0,0,0,0,0,0,
1690,124,50001,17,2,1,0,0,
574,969,968,0,0,0,0,0,0,0,
0,0,0,0,0,0,0,0,0,0,
0.,0.,0.,
0.,0.,0.,
0.,0.,0.,
0,0,0,0,0,0,0,0,0,0,0,0,0,0,0,0,
1691,124,50001,17,2,1,0,0,
969,574,963,0,0,0,0,0,0,0,
0,0,0,0,0,0,0,0,0,0,
0.,0.,0.,
0.,0.,0.,
0.,0.,0.,
0,0,0,0,0,0,0,0,0,0,0,0,0,0,0,0,
1692,124,50001,17,2,1,0,0,
574,575,963,0,0,0,0,0,0,0,
0,0,0,0,0,0,0,0,0,0,
0.,0.,0.,
0.,0.,0.,
0.,0.,0.,
0,0,0,0,0,0,0,0,0,0,0,0,0,0,0,0,
1693,124,50001,17,2,1,0,0,
966,570,965,0,0,0,0,0,0,0,
0,0,0,0,0,0,0,0,0,0,
0.,0.,0.,
0.,0.,0.,
0.,0.,0.,
0,0,0,0,0,0,0,0,0,0,0,0,0,0,0,0,
1694,124,50001,17,2,1,0,0,
570,966,970,0,0,0,0,0,0,0,
0,0,0,0,0,0,0,0,0,0,
0.,0.,0.,
0.,0.,0.,
0.,0.,0.,
0,0,0,0,0,0,0,0,0,0,0,0,0,0,0,0,
1695,124,50001,17,2,1,0,0,
569,570,970,0,0,0,0,0,0,0,
0,0,0,0,0,0,0,0,0,0,
0.,0.,0.,
0.,0.,0.,
0.,0.,0.,
0,0,0,0,0,0,0,0,0,0,0,0,0,0,0,0,
1696,124,50001,17,2,1,0,0,
864,855,966,0,0,0,0,0,0,0,
0,0,0,0,0,0,0,0,0,0,
0.,0.,0.,
0.,0.,0.,
0.,0.,0.,
0,0,0,0,0,0,0,0,0,0,0,0,0,0,0,0,
1697,124,50001,17,2,1,0,0,
855,864,863,0,0,0,0,0,0,0,
0,0,0,0,0,0,0,0,0,0,
0.,0.,0.,
0.,0.,0.,
0.,0.,0.,
0,0,0,0,0,0,0,0,0,0,0,0,0,0,0,0,
1698,124,50001,17,2,1,0,0,
875,960,958,0,0,0,0,0,0,0,
0,0,0,0,0,0,0,0,0,0,
0.,0.,0.,
0.,0.,0.,
0.,0.,0.,
0,0,0,0,0,0,0,0,0,0,0,0,0,0,0,0,
1699,124,50001,17,2,1,0,0,
958,874,875,0,0,0,0,0,0,0,
0,0,0,0,0,0,0,0,0,0,
0.,0.,0.,
0.,0.,0.,
0.,0.,0.,
0,0,0,0,0,0,0,0,0,0,0,0,0,0,0,0,
1700,124,50001,17,2,1,0,0,
855,867,970,0,0,0,0,0,0,0,
0,0,0,0,0,0,0,0,0,0,
0.,0.,0.,
0.,0.,0.,
0.,0.,0.,
0,0,0,0,0,0,0,0,0,0,0,0,0,0,0,0,
1701,124,50001,17,2,1,0,0,
970,867,971,0,0,0,0,0,0,0,
0,0,0,0,0,0,0,0,0,0,
0.,0.,0.,
0.,0.,0.,
0.,0.,0.,
0,0,0,0,0,0,0,0,0,0,0,0,0,0,0,0,
1702,124,50001,17,2,1,0,0,
971,867,967,0,0,0,0,0,0,0,
0,0,0,0,0,0,0,0,0,0,
0.,0.,0.,
0.,0.,0.,
0.,0.,0.,
0,0,0,0,0,0,0,0,0,0,0,0,0,0,0,0,
1703,124,50001,17,2,1,0,0,
971,506,569,0,0,0,0,0,0,0,
0,0,0,0,0,0,0,0,0,0,
0.,0.,0.,
0.,0.,0.,
0.,0.,0.,
0,0,0,0,0,0,0,0,0,0,0,0,0,0,0,0,
1704,124,50001,17,2,1,0,0,
971,569,970,0,0,0,0,0,0,0,
0,0,0,0,0,0,0,0,0,0,
0.,0.,0.,
0.,0.,0.,
0.,0.,0.,
0,0,0,0,0,0,0,0,0,0,0,0,0,0,0,0,
1705,124,50001,17,2,1,0,0,
856,903,880,0,0,0,0,0,0,0,
0,0,0,0,0,0,0,0,0,0,
0.,0.,0.,
0.,0.,0.,
0.,0.,0.,
0,0,0,0,0,0,0,0,0,0,0,0,0,0,0,0,
1706,124,50001,17,2,1,0,0,
953,584,585,0,0,0,0,0,0,0,
0,0,0,0,0,0,0,0,0,0,
0.,0.,0.,
0.,0.,0.,
0.,0.,0.,
0,0,0,0,0,0,0,0,0,0,0,0,0,0,0,0,
1707,124,50001,17,2,1,0,0,
880,927,948,0,0,0,0,0,0,0,
0,0,0,0,0,0,0,0,0,0,
0.,0.,0.,
0.,0.,0.,
0.,0.,0.,
0,0,0,0,0,0,0,0,0,0,0,0,0,0,0,0,
1708,124,50001,17,2,1,0,0,
948,937,880,0,0,0,0,0,0,0,
0,0,0,0,0,0,0,0,0,0,
0.,0.,0.,
0.,0.,0.,
0.,0.,0.,
0,0,0,0,0,0,0,0,0,0,0,0,0,0,0,0,
1709,124,50001,17,2,1,0,0,
948,924,947,0,0,0,0,0,0,0,
0,0,0,0,0,0,0,0,0,0,
0.,0.,0.,
0.,0.,0.,
0.,0.,0.,
0,0,0,0,0,0,0,0,0,0,0,0,0,0,0,0,
1710,124,50001,17,2,1,0,0,
947,950,948,0,0,0,0,0,0,0,
0,0,0,0,0,0,0,0,0,0,
0.,0.,0.,
0.,0.,0.,
0.,0.,0.,
0,0,0,0,0,0,0,0,0,0,0,0,0,0,0,0,
1711,124,50001,17,2,1,0,0,
947,919,942,0,0,0,0,0,0,0,
0,0,0,0,0,0,0,0,0,0,
0.,0.,0.,
0.,0.,0.,
0.,0.,0.,
0,0,0,0,0,0,0,0,0,0,0,0,0,0,0,0,
1712,124,50001,17,2,1,0,0,
942,944,947,0,0,0,0,0,0,0,
0,0,0,0,0,0,0,0,0,0,
0.,0.,0.,
0.,0.,0.,
0.,0.,0.,
0,0,0,0,0,0,0,0,0,0,0,0,0,0,0,0,
1713,124,50001,17,2,1,0,0,
942,916,939,0,0,0,0,0,0,0,
0,0,0,0,0,0,0,0,0,0,
0.,0.,0.,
0.,0.,0.,
0.,0.,0.,
0,0,0,0,0,0,0,0,0,0,0,0,0,0,0,0,
1714,124,50001,17,2,1,0,0,
939,940,942,0,0,0,0,0,0,0,
0,0,0,0,0,0,0,0,0,0,
0.,0.,0.,
0.,0.,0.,
0.,0.,0.,
0,0,0,0,0,0,0,0,0,0,0,0,0,0,0,0,
1715,124,50001,17,2,1,0,0,
939,913,935,0,0,0,0,0,0,0,
0,0,0,0,0,0,0,0,0,0,
0.,0.,0.,
0.,0.,0.,
0.,0.,0.,
0,0,0,0,0,0,0,0,0,0,0,0,0,0,0,0,
1716,124,50001,17,2,1,0,0,
935,936,939,0,0,0,0,0,0,0,
0,0,0,0,0,0,0,0,0,0,
0.,0.,0.,
0.,0.,0.,
0.,0.,0.,
0,0,0,0,0,0,0,0,0,0,0,0,0,0,0,0,
1717,124,50001,17,2,1,0,0,
935,908,931,0,0,0,0,0,0,0,
0,0,0,0,0,0,0,0,0,0,
0.,0.,0.,
0.,0.,0.,
0.,0.,0.,
0,0,0,0,0,0,0,0,0,0,0,0,0,0,0,0,
1718,124,50001,17,2,1,0,0,
963,962,969,0,0,0,0,0,0,0,
0,0,0,0,0,0,0,0,0,0,
0.,0.,0.,
0.,0.,0.,
0.,0.,0.,
0,0,0,0,0,0,0,0,0,0,0,0,0,0,0,0,
1719,124,50001,17,2,1,0,0,
855,970,966,0,0,0,0,0,0,0,
0,0,0,0,0,0,0,0,0,0,
0.,0.,0.,
0.,0.,0.,
0.,0.,0.,
0,0,0,0,0,0,0,0,0,0,0,0,0,0,0,0,
1720,124,50001,17,2,1,0,0,
931,932,935,0,0,0,0,0,0,0,
0,0,0,0,0,0,0,0,0,0,
0.,0.,0.,
0.,0.,0.,
0.,0.,0.,
0,0,0,0,0,0,0,0,0,0,0,0,0,0,0,0,
1721,124,50001,17,2,1,0,0,
962,888,969,0,0,0,0,0,0,0,
0,0,0,0,0,0,0,0,0,0,
0.,0.,0.,
0.,0.,0.,
0.,0.,0.,
0,0,0,0,0,0,0,0,0,0,0,0,0,0,0,0,
1722,124,50001,17,2,1,0,0,
888,962,876,0,0,0,0,0,0,0,
0,0,0,0,0,0,0,0,0,0,
0.,0.,0.,
0.,0.,0.,
0.,0.,0.,
0,0,0,0,0,0,0,0,0,0,0,0,0,0,0,0,
1723,124,50001,17,2,1,0,0,
931,905,922,0,0,0,0,0,0,0,
0,0,0,0,0,0,0,0,0,0,
0.,0.,0.,
0.,0.,0.,
0.,0.,0.,
0,0,0,0,0,0,0,0,0,0,0,0,0,0,0,0,
1724,124,50001,17,2,1,0,0,
956,590,591,0,0,0,0,0,0,0,
0,0,0,0,0,0,0,0,0,0,
0.,0.,0.,
0.,0.,0.,
0.,0.,0.,
0,0,0,0,0,0,0,0,0,0,0,0,0,0,0,0,
1725,124,50001,17,2,1,0,0,
868,612,613,0,0,0,0,0,0,0,
0,0,0,0,0,0,0,0,0,0,
0.,0.,0.,
0.,0.,0.,
0.,0.,0.,
0,0,0,0,0,0,0,0,0,0,0,0,0,0,0,0,
1726,124,50001,17,2,1,0,0,
922,923,931,0,0,0,0,0,0,0,
0,0,0,0,0,0,0,0,0,0,
0.,0.,0.,
0.,0.,0.,
0.,0.,0.,
0,0,0,0,0,0,0,0,0,0,0,0,0,0,0,0,
1727,124,50001,17,2,1,0,0,
869,611,612,0,0,0,0,0,0,0,
0,0,0,0,0,0,0,0,0,0,
0.,0.,0.,
0.,0.,0.,
0.,0.,0.,
0,0,0,0,0,0,0,0,0,0,0,0,0,0,0,0,
1728,124,50001,17,2,1,0,0,
891,610,611,0,0,0,0,0,0,0,
0,0,0,0,0,0,0,0,0,0,
0.,0.,0.,
0.,0.,0.,
0.,0.,0.,
0,0,0,0,0,0,0,0,0,0,0,0,0,0,0,0,
1729,124,50001,17,2,1,0,0,
922,900,911,0,0,0,0,0,0,0,
0,0,0,0,0,0,0,0,0,0,
0.,0.,0.,
0.,0.,0.,
0.,0.,0.,
0,0,0,0,0,0,0,0,0,0,0,0,0,0,0,0,
1730,124,50001,17,2,1,0,0,
910,605,606,0,0,0,0,0,0,0,
0,0,0,0,0,0,0,0,0,0,
0.,0.,0.,
0.,0.,0.,
0.,0.,0.,
0,0,0,0,0,0,0,0,0,0,0,0,0,0,0,0,
1731,124,50001,17,2,1,0,0,
915,604,605,0,0,0,0,0,0,0,
0,0,0,0,0,0,0,0,0,0,
0.,0.,0.,
0.,0.,0.,
0.,0.,0.,
0,0,0,0,0,0,0,0,0,0,0,0,0,0,0,0,
1732,124,50001,17,2,1,0,0,
967,595,596,0,0,0,0,0,0,0,
0,0,0,0,0,0,0,0,0,0,
0.,0.,0.,
0.,0.,0.,
0.,0.,0.,
0,0,0,0,0,0,0,0,0,0,0,0,0,0,0,0,
1733,124,50001,17,2,1,0,0,
911,912,922,0,0,0,0,0,0,0,
0,0,0,0,0,0,0,0,0,0,
0.,0.,0.,
0.,0.,0.,
0.,0.,0.,
0,0,0,0,0,0,0,0,0,0,0,0,0,0,0,0,
1734,124,50001,17,2,1,0,0,
870,879,885,0,0,0,0,0,0,0,
0,0,0,0,0,0,0,0,0,0,
0.,0.,0.,
0.,0.,0.,
0.,0.,0.,
0,0,0,0,0,0,0,0,0,0,0,0,0,0,0,0,
1735,124,50001,17,2,1,0,0,
857,593,594,0,0,0,0,0,0,0,
0,0,0,0,0,0,0,0,0,0,
0.,0.,0.,
0.,0.,0.,
0.,0.,0.,
0,0,0,0,0,0,0,0,0,0,0,0,0,0,0,0,
1736,124,50001,17,2,1,0,0,
577,961,576,0,0,0,0,0,0,0,
0,0,0,0,0,0,0,0,0,0,
0.,0.,0.,
0.,0.,0.,
0.,0.,0.,
0,0,0,0,0,0,0,0,0,0,0,0,0,0,0,0,
1737,124,50001,17,2,1,0,0,
911,895,898,0,0,0,0,0,0,0,
0,0,0,0,0,0,0,0,0,0,
0.,0.,0.,
0.,0.,0.,
0.,0.,0.,
0,0,0,0,0,0,0,0,0,0,0,0,0,0,0,0,
1738,124,50001,17,2,1,0,0,
890,866,889,0,0,0,0,0,0,0,
0,0,0,0,0,0,0,0,0,0,
0.,0.,0.,
0.,0.,0.,
0.,0.,0.,
0,0,0,0,0,0,0,0,0,0,0,0,0,0,0,0,
1739,124,50001,17,2,1,0,0,
890,611,869,0,0,0,0,0,0,0,
0,0,0,0,0,0,0,0,0,0,
0.,0.,0.,
0.,0.,0.,
0.,0.,0.,
0,0,0,0,0,0,0,0,0,0,0,0,0,0,0,0,
1740,124,50001,17,2,1,0,0,
898,899,911,0,0,0,0,0,0,0,
0,0,0,0,0,0,0,0,0,0,
0.,0.,0.,
0.,0.,0.,
0.,0.,0.,
0,0,0,0,0,0,0,0,0,0,0,0,0,0,0,0,
1741,124,50001,17,2,1,0,0,
898,892,861,0,0,0,0,0,0,0,
0,0,0,0,0,0,0,0,0,0,
0.,0.,0.,
0.,0.,0.,
0.,0.,0.,
0,0,0,0,0,0,0,0,0,0,0,0,0,0,0,0,
1742,124,50001,17,2,1,0,0,
893,861,892,0,0,0,0,0,0,0,
0,0,0,0,0,0,0,0,0,0,
0.,0.,0.,
0.,0.,0.,
0.,0.,0.,
0,0,0,0,0,0,0,0,0,0,0,0,0,0,0,0,
1743,124,50001,17,2,1,0,0,
893,610,891,0,0,0,0,0,0,0,
0,0,0,0,0,0,0,0,0,0,
0.,0.,0.,
0.,0.,0.,
0.,0.,0.,
0,0,0,0,0,0,0,0,0,0,0,0,0,0,0,0,
1744,124,50001,17,2,1,0,0,
972,616,617,0,0,0,0,0,0,0,
0,0,0,0,0,0,0,0,0,0,
0.,0.,0.,
0.,0.,0.,
0.,0.,0.,
0,0,0,0,0,0,0,0,0,0,0,0,0,0,0,0,
1745,124,50001,17,2,1,0,0,
861,862,898,0,0,0,0,0,0,0,
0,0,0,0,0,0,0,0,0,0,
0.,0.,0.,
0.,0.,0.,
0.,0.,0.,
0,0,0,0,0,0,0,0,0,0,0,0,0,0,0,0,
1746,124,50001,17,2,1,0,0,
896,898,895,0,0,0,0,0,0,0,
0,0,0,0,0,0,0,0,0,0,
0.,0.,0.,
0.,0.,0.,
0.,0.,0.,
0,0,0,0,0,0,0,0,0,0,0,0,0,0,0,0,
1747,124,50001,17,2,1,0,0,
896,609,894,0,0,0,0,0,0,0,
0,0,0,0,0,0,0,0,0,0,
0.,0.,0.,
0.,0.,0.,
0.,0.,0.,
0,0,0,0,0,0,0,0,0,0,0,0,0,0,0,0,
1748,124,50001,17,2,1,0,0,
861,889,866,0,0,0,0,0,0,0,
0,0,0,0,0,0,0,0,0,0,
0.,0.,0.,
0.,0.,0.,
0.,0.,0.,
0,0,0,0,0,0,0,0,0,0,0,0,0,0,0,0,
1749,124,50001,17,2,1,0,0,
901,911,900,0,0,0,0,0,0,0,
0,0,0,0,0,0,0,0,0,0,
0.,0.,0.,
0.,0.,0.,
0.,0.,0.,
0,0,0,0,0,0,0,0,0,0,0,0,0,0,0,0,
1750,124,50001,17,2,1,0,0,
901,608,897,0,0,0,0,0,0,0,
0,0,0,0,0,0,0,0,0,0,
0.,0.,0.,
0.,0.,0.,
0.,0.,0.,
0,0,0,0,0,0,0,0,0,0,0,0,0,0,0,0,
1751,124,50001,17,2,1,0,0,
866,860,861,0,0,0,0,0,0,0,
0,0,0,0,0,0,0,0,0,0,
0.,0.,0.,
0.,0.,0.,
0.,0.,0.,
0,0,0,0,0,0,0,0,0,0,0,0,0,0,0,0,
1752,124,50001,17,2,1,0,0,
906,922,905,0,0,0,0,0,0,0,
0,0,0,0,0,0,0,0,0,0,
0.,0.,0.,
0.,0.,0.,
0.,0.,0.,
0,0,0,0,0,0,0,0,0,0,0,0,0,0,0,0,
1753,124,50001,17,2,1,0,0,
906,607,902,0,0,0,0,0,0,0,
0,0,0,0,0,0,0,0,0,0,
0.,0.,0.,
0.,0.,0.,
0.,0.,0.,
0,0,0,0,0,0,0,0,0,0,0,0,0,0,0,0,
1754,124,50001,17,2,1,0,0,
866,885,879,0,0,0,0,0,0,0,
0,0,0,0,0,0,0,0,0,0,
0.,0.,0.,
0.,0.,0.,
0.,0.,0.,
0,0,0,0,0,0,0,0,0,0,0,0,0,0,0,0,
1755,124,50001,17,2,1,0,0,
909,931,908,0,0,0,0,0,0,0,
0,0,0,0,0,0,0,0,0,0,
0.,0.,0.,
0.,0.,0.,
0.,0.,0.,
0,0,0,0,0,0,0,0,0,0,0,0,0,0,0,0,
1756,124,50001,17,2,1,0,0,
909,606,907,0,0,0,0,0,0,0,
0,0,0,0,0,0,0,0,0,0,
0.,0.,0.,
0.,0.,0.,
0.,0.,0.,
0,0,0,0,0,0,0,0,0,0,0,0,0,0,0,0,
1757,124,50001,17,2,1,0,0,
879,865,866,0,0,0,0,0,0,0,
0,0,0,0,0,0,0,0,0,0,
0.,0.,0.,
0.,0.,0.,
0.,0.,0.,
0,0,0,0,0,0,0,0,0,0,0,0,0,0,0,0,
1758,124,50001,17,2,1,0,0,
914,935,913,0,0,0,0,0,0,0,
0,0,0,0,0,0,0,0,0,0,
0.,0.,0.,
0.,0.,0.,
0.,0.,0.,
0,0,0,0,0,0,0,0,0,0,0,0,0,0,0,0,
1759,124,50001,17,2,1,0,0,
914,605,910,0,0,0,0,0,0,0,
0,0,0,0,0,0,0,0,0,0,
0.,0.,0.,
0.,0.,0.,
0.,0.,0.,
0,0,0,0,0,0,0,0,0,0,0,0,0,0,0,0,
1760,124,50001,17,2,1,0,0,
943,582,583,0,0,0,0,0,0,0,
0,0,0,0,0,0,0,0,0,0,
0.,0.,0.,
0.,0.,0.,
0.,0.,0.,
0,0,0,0,0,0,0,0,0,0,0,0,0,0,0,0,
1761,124,50001,17,2,1,0,0,
917,939,916,0,0,0,0,0,0,0,
0,0,0,0,0,0,0,0,0,0,
0.,0.,0.,
0.,0.,0.,
0.,0.,0.,
0,0,0,0,0,0,0,0,0,0,0,0,0,0,0,0,
1762,124,50001,17,2,1,0,0,
884,878,879,0,0,0,0,0,0,0,
0,0,0,0,0,0,0,0,0,0,
0.,0.,0.,
0.,0.,0.,
0.,0.,0.,
0,0,0,0,0,0,0,0,0,0,0,0,0,0,0,0,
1763,124,50001,17,2,1,0,0,
917,604,915,0,0,0,0,0,0,0,
0,0,0,0,0,0,0,0,0,0,
0.,0.,0.,
0.,0.,0.,
0.,0.,0.,
0,0,0,0,0,0,0,0,0,0,0,0,0,0,0,0,
1764,124,50001,17,2,1,0,0,
957,591,592,0,0,0,0,0,0,0,
0,0,0,0,0,0,0,0,0,0,
0.,0.,0.,
0.,0.,0.,
0.,0.,0.,
0,0,0,0,0,0,0,0,0,0,0,0,0,0,0,0,
1765,124,50001,17,2,1,0,0,
887,883,884,0,0,0,0,0,0,0,
0,0,0,0,0,0,0,0,0,0,
0.,0.,0.,
0.,0.,0.,
0.,0.,0.,
0,0,0,0,0,0,0,0,0,0,0,0,0,0,0,0,
1766,124,50001,17,2,1,0,0,
874,886,887,0,0,0,0,0,0,0,
0,0,0,0,0,0,0,0,0,0,
0.,0.,0.,
0.,0.,0.,
0.,0.,0.,
0,0,0,0,0,0,0,0,0,0,0,0,0,0,0,0,
1767,124,50001,17,2,1,0,0,
954,583,584,0,0,0,0,0,0,0,
0,0,0,0,0,0,0,0,0,0,
0.,0.,0.,
0.,0.,0.,
0.,0.,0.,
0,0,0,0,0,0,0,0,0,0,0,0,0,0,0,0,
1768,124,50001,17,2,1,0,0,
969,888,972,0,0,0,0,0,0,0,
0,0,0,0,0,0,0,0,0,0,
0.,0.,0.,
0.,0.,0.,
0.,0.,0.,
0,0,0,0,0,0,0,0,0,0,0,0,0,0,0,0,
1769,124,50001,17,2,1,0,0,
888,616,972,0,0,0,0,0,0,0,
0,0,0,0,0,0,0,0,0,0,
0.,0.,0.,
0.,0.,0.,
0.,0.,0.,
0,0,0,0,0,0,0,0,0,0,0,0,0,0,0,0,
1770,124,50001,17,2,1,0,0,
509,964,575,0,0,0,0,0,0,0,
0,0,0,0,0,0,0,0,0,0,
0.,0.,0.,
0.,0.,0.,
0.,0.,0.,
0,0,0,0,0,0,0,0,0,0,0,0,0,0,0,0,
1771,124,50001,17,2,1,0,0,
920,942,919,0,0,0,0,0,0,0,
0,0,0,0,0,0,0,0,0,0,
0.,0.,0.,
0.,0.,0.,
0.,0.,0.,
0,0,0,0,0,0,0,0,0,0,0,0,0,0,0,0,
1772,124,50001,17,2,1,0,0,
575,964,963,0,0,0,0,0,0,0,
0,0,0,0,0,0,0,0,0,0,
0.,0.,0.,
0.,0.,0.,
0.,0.,0.,
0,0,0,0,0,0,0,0,0,0,0,0,0,0,0,0,
1773,124,50001,17,2,1,0,0,
972,968,969,0,0,0,0,0,0,0,
0,0,0,0,0,0,0,0,0,0,
0.,0.,0.,
0.,0.,0.,
0.,0.,0.,
0,0,0,0,0,0,0,0,0,0,0,0,0,0,0,0,
1774,124,50001,17,2,1,0,0,
968,573,574,0,0,0,0,0,0,0,
0,0,0,0,0,0,0,0,0,0,
0.,0.,0.,
0.,0.,0.,
0.,0.,0.,
0,0,0,0,0,0,0,0,0,0,0,0,0,0,0,0,
1775,124,50001,17,2,1,0,0,
920,603,918,0,0,0,0,0,0,0,
0,0,0,0,0,0,0,0,0,0,
0.,0.,0.,
0.,0.,0.,
0.,0.,0.,
0,0,0,0,0,0,0,0,0,0,0,0,0,0,0,0,
1776,124,50001,17,2,1,0,0,
571,965,570,0,0,0,0,0,0,0,
0,0,0,0,0,0,0,0,0,0,
0.,0.,0.,
0.,0.,0.,
0.,0.,0.,
0,0,0,0,0,0,0,0,0,0,0,0,0,0,0,0,
1777,124,50001,17,2,1,0,0,
961,964,576,0,0,0,0,0,0,0,
0,0,0,0,0,0,0,0,0,0,
0.,0.,0.,
0.,0.,0.,
0.,0.,0.,
0,0,0,0,0,0,0,0,0,0,0,0,0,0,0,0,
1778,124,50001,17,2,1,0,0,
960,577,578,0,0,0,0,0,0,0,
0,0,0,0,0,0,0,0,0,0,
0.,0.,0.,
0.,0.,0.,
0.,0.,0.,
0,0,0,0,0,0,0,0,0,0,0,0,0,0,0,0,
1779,124,50001,17,2,1,0,0,
576,964,508,0,0,0,0,0,0,0,
0,0,0,0,0,0,0,0,0,0,
0.,0.,0.,
0.,0.,0.,
0.,0.,0.,
0,0,0,0,0,0,0,0,0,0,0,0,0,0,0,0,
1780,124,50001,17,2,1,0,0,
925,947,924,0,0,0,0,0,0,0,
0,0,0,0,0,0,0,0,0,0,
0.,0.,0.,
0.,0.,0.,
0.,0.,0.,
0,0,0,0,0,0,0,0,0,0,0,0,0,0,0,0,
1781,124,50001,17,2,1,0,0,
925,602,921,0,0,0,0,0,0,0,
0,0,0,0,0,0,0,0,0,0,
0.,0.,0.,
0.,0.,0.,
0.,0.,0.,
0,0,0,0,0,0,0,0,0,0,0,0,0,0,0,0,
1782,124,50001,17,2,1,0,0,
964,509,508,0,0,0,0,0,0,0,
0,0,0,0,0,0,0,0,0,0,
0.,0.,0.,
0.,0.,0.,
0.,0.,0.,
0,0,0,0,0,0,0,0,0,0,0,0,0,0,0,0,
1783,124,50001,17,2,1,0,0,
928,948,927,0,0,0,0,0,0,0,
0,0,0,0,0,0,0,0,0,0,
0.,0.,0.,
0.,0.,0.,
0.,0.,0.,
0,0,0,0,0,0,0,0,0,0,0,0,0,0,0,0,
1784,124,50001,17,2,1,0,0,
971,967,596,0,0,0,0,0,0,0,
0,0,0,0,0,0,0,0,0,0,
0.,0.,0.,
0.,0.,0.,
0.,0.,0.,
0,0,0,0,0,0,0,0,0,0,0,0,0,0,0,0,
1785,124,50001,17,2,1,0,0,
928,601,926,0,0,0,0,0,0,0,
0,0,0,0,0,0,0,0,0,0,
0.,0.,0.,
0.,0.,0.,
0.,0.,0.,
0,0,0,0,0,0,0,0,0,0,0,0,0,0,0,0,
1786,124,50001,17,2,1,0,0,
934,578,579,0,0,0,0,0,0,0,
0,0,0,0,0,0,0,0,0,0,
0.,0.,0.,
0.,0.,0.,
0.,0.,0.,
0,0,0,0,0,0,0,0,0,0,0,0,0,0,0,0,
1787,124,50001,17,2,1,0,0,
971,596,507,0,0,0,0,0,0,0,
0,0,0,0,0,0,0,0,0,0,
0.,0.,0.,
0.,0.,0.,
0.,0.,0.,
0,0,0,0,0,0,0,0,0,0,0,0,0,0,0,0,
1788,124,50001,17,2,1,0,0,
930,880,903,0,0,0,0,0,0,0,
0,0,0,0,0,0,0,0,0,0,
0.,0.,0.,
0.,0.,0.,
0.,0.,0.,
0,0,0,0,0,0,0,0,0,0,0,0,0,0,0,0,
1789,124,50001,17,2,1,0,0,
930,600,929,0,0,0,0,0,0,0,
0,0,0,0,0,0,0,0,0,0,
0.,0.,0.,
0.,0.,0.,
0.,0.,0.,
0,0,0,0,0,0,0,0,0,0,0,0,0,0,0,0,
1790,124,50001,17,2,1,0,0,
506,971,507,0,0,0,0,0,0,0,
0,0,0,0,0,0,0,0,0,0,
0.,0.,0.,
0.,0.,0.,
0.,0.,0.,
0,0,0,0,0,0,0,0,0,0,0,0,0,0,0,0,
1791,124,50001,17,2,1,0,0,
854,903,856,0,0,0,0,0,0,0,
0,0,0,0,0,0,0,0,0,0,
0.,0.,0.,
0.,0.,0.,
0.,0.,0.,
0,0,0,0,0,0,0,0,0,0,0,0,0,0,0,0,
1792,124,50001,17,2,1,0,0,
597,965,514,0,0,0,0,0,0,0,
0,0,0,0,0,0,0,0,0,0,
0.,0.,0.,
0.,0.,0.,
0.,0.,0.,
0,0,0,0,0,0,0,0,0,0,0,0,0,0,0,0,
1793,124,50001,17,2,1,0,0,
894,609,610,0,0,0,0,0,0,0,
0,0,0,0,0,0,0,0,0,0,
0.,0.,0.,
0.,0.,0.,
0.,0.,0.,
0,0,0,0,0,0,0,0,0,0,0,0,0,0,0,0,
1794,124,50001,17,2,1,0,0,
933,579,580,0,0,0,0,0,0,0,
0,0,0,0,0,0,0,0,0,0,
0.,0.,0.,
0.,0.,0.,
0.,0.,0.,
0,0,0,0,0,0,0,0,0,0,0,0,0,0,0,0,
1795,124,50001,17,2,1,0,0,
965,571,514,0,0,0,0,0,0,0,
0,0,0,0,0,0,0,0,0,0,
0.,0.,0.,
0.,0.,0.,
0.,0.,0.,
0,0,0,0,0,0,0,0,0,0,0,0,0,0,0,0,
1796,124,50001,17,2,1,0,0,
968,972,617,0,0,0,0,0,0,0,
0,0,0,0,0,0,0,0,0,0,
0.,0.,0.,
0.,0.,0.,
0.,0.,0.,
0,0,0,0,0,0,0,0,0,0,0,0,0,0,0,0,
1797,124,50001,17,2,1,0,0,
968,617,513,0,0,0,0,0,0,0,
0,0,0,0,0,0,0,0,0,0,
0.,0.,0.,
0.,0.,0.,
0.,0.,0.,
0,0,0,0,0,0,0,0,0,0,0,0,0,0,0,0,
1798,124,50001,17,2,1,0,0,
877,594,955,0,0,0,0,0,0,0,
0,0,0,0,0,0,0,0,0,0,
0.,0.,0.,
0.,0.,0.,
0.,0.,0.,
0,0,0,0,0,0,0,0,0,0,0,0,0,0,0,0,
1799,124,50001,17,2,1,0,0,
897,608,609,0,0,0,0,0,0,0,
0,0,0,0,0,0,0,0,0,0,
0.,0.,0.,
0.,0.,0.,
0.,0.,0.,
0,0,0,0,0,0,0,0,0,0,0,0,0,0,0,0,
1800,124,50001,17,2,1,0,0,
573,968,513,0,0,0,0,0,0,0,
0,0,0,0,0,0,0,0,0,0,
0.,0.,0.,
0.,0.,0.,
0.,0.,0.,
0,0,0,0,0,0,0,0,0,0,0,0,0,0,0,0,
1801,124,50001,17,2,1,0,0,
863,598,599,0,0,0,0,0,0,0,
0,0,0,0,0,0,0,0,0,0,
0.,0.,0.,
0.,0.,0.,
0.,0.,0.,
0,0,0,0,0,0,0,0,0,0,0,0,0,0,0,0,
1802,124,50001,17,2,1,0,0,
938,580,581,0,0,0,0,0,0,0,
0,0,0,0,0,0,0,0,0,0,
0.,0.,0.,
0.,0.,0.,
0.,0.,0.,
0,0,0,0,0,0,0,0,0,0,0,0,0,0,0,0,
1803,124,50001,17,2,1,0,0,
902,607,608,0,0,0,0,0,0,0,
0,0,0,0,0,0,0,0,0,0,
0.,0.,0.,
0.,0.,0.,
0.,0.,0.,
0,0,0,0,0,0,0,0,0,0,0,0,0,0,0,0,
1804,124,50001,17,2,1,0,0,
859,880,937,0,0,0,0,0,0,0,
0,0,0,0,0,0,0,0,0,0,
0.,0.,0.,
0.,0.,0.,
0.,0.,0.,
0,0,0,0,0,0,0,0,0,0,0,0,0,0,0,0,
1805,124,50001,17,2,1,0,0,
904,599,600,0,0,0,0,0,0,0,
0,0,0,0,0,0,0,0,0,0,
0.,0.,0.,
0.,0.,0.,
0.,0.,0.,
0,0,0,0,0,0,0,0,0,0,0,0,0,0,0,0,
1806,124,50001,17,2,1,0,0,
858,592,593,0,0,0,0,0,0,0,
0,0,0,0,0,0,0,0,0,0,
0.,0.,0.,
0.,0.,0.,
0.,0.,0.,
0,0,0,0,0,0,0,0,0,0,0,0,0,0,0,0,
1807,124,50001,17,2,1,0,0,
929,600,601,0,0,0,0,0,0,0,
0,0,0,0,0,0,0,0,0,0,
0.,0.,0.,
0.,0.,0.,
0.,0.,0.,
0,0,0,0,0,0,0,0,0,0,0,0,0,0,0,0,
1808,124,50001,17,2,1,0,0,
955,594,595,0,0,0,0,0,0,0,
0,0,0,0,0,0,0,0,0,0,
0.,0.,0.,
0.,0.,0.,
0.,0.,0.,
0,0,0,0,0,0,0,0,0,0,0,0,0,0,0,0,
1809,124,50001,17,2,1,0,0,
926,601,602,0,0,0,0,0,0,0,
0,0,0,0,0,0,0,0,0,0,
0.,0.,0.,
0.,0.,0.,
0.,0.,0.,
0,0,0,0,0,0,0,0,0,0,0,0,0,0,0,0,
1810,124,50001,17,2,1,0,0,
941,581,582,0,0,0,0,0,0,0,
0,0,0,0,0,0,0,0,0,0,
0.,0.,0.,
0.,0.,0.,
0.,0.,0.,
0,0,0,0,0,0,0,0,0,0,0,0,0,0,0,0,
1811,124,50001,17,2,1,0,0,
907,606,607,0,0,0,0,0,0,0,
0,0,0,0,0,0,0,0,0,0,
0.,0.,0.,
0.,0.,0.,
0.,0.,0.,
0,0,0,0,0,0,0,0,0,0,0,0,0,0,0,0,
1812,124,50001,17,2,1,0,0,
921,602,603,0,0,0,0,0,0,0,
0,0,0,0,0,0,0,0,0,0,
0.,0.,0.,
0.,0.,0.,
0.,0.,0.,
0,0,0,0,0,0,0,0,0,0,0,0,0,0,0,0,
1813,124,50001,17,2,1,0,0,
918,603,604,0,0,0,0,0,0,0,
0,0,0,0,0,0,0,0,0,0,
0.,0.,0.,
0.,0.,0.,
0.,0.,0.,
0,0,0,0,0,0,0,0,0,0,0,0,0,0,0,0,
   -1
