$MeshFormat
4.1 0 8
$EndMeshFormat
$PhysicalNames
8
0 99 "slide_point"
2 20 "rotor"
2 40 "air"
2 30 "shaft"
2 50 "outair"
2 600000 "hole_0"
2 50000 "magnet_0_0_0"
2 50001 "magnet_1_0_0"
$EndPhysicalNames
$Entities
1 0 7 0
99 0.080575 0.0 0.0 1 99
20 0 0 0 1 1 1 1 20 0
30 0 0 0 1 1 1 1 30 0
40 0 0 0 1 1 1 1 40 0
50 0 0 0 1 1 1 1 50 0
50000 0 0 0 1 1 1 1 50000 0
50001 0 0 0 1 1 1 1 50001 0
600000 0 0 0 1 1 1 1 600000 0
$EndEntities
$Nodes
2 1162 1 1162
0 99 0 1
980
8.0574999999999994e-02 0.0000000000000000e+00 0.0000000000000000e+00
2 1 0 1161
1
2
3
4
5
6
7
8
9
10
11
12
13
14
15
16
17
18
19
20
21
22
23
24
25
26
27
28
29
30
31
32
33
34
35
36
37
38
39
40
41
42
43
44
45
46
47
48
49
50
51
52
53
54
55
56
57
58
59
60
61
62
63
64
65
66
67
68
69
70
71
72
73
74
75
76
77
78
79
80
81
82
83
84
85
86
87
88
89
90
91
92
93
94
95
96
97
98
99
100
101
102
103
104
105
106
107
108
109
110
111
112
113
114
115
116
117
118
119
120
121
122
123
124
125
126
127
128
129
130
131
132
133
134
135
136
137
138
139
140
141
142
143
144
145
146
147
148
149
150
151
152
153
154
155
156
157
158
159
160
161
162
163
164
165
166
167
168
169
170
171
172
173
174
175
176
177
178
179
180
181
182
183
184
185
186
187
188
189
190
191
192
193
194
195
196
197
198
199
200
201
202
203
204
205
206
207
208
209
210
211
212
213
214
215
216
217
218
219
220
221
222
223
224
225
226
227
228
229
230
231
232
233
234
235
236
237
238
239
240
241
242
243
244
245
246
247
248
249
250
251
252
253
254
255
256
257
258
259
260
261
262
263
264
265
266
267
268
269
270
271
272
273
274
275
276
277
278
279
280
281
282
283
284
285
286
287
288
289
290
291
292
293
294
295
296
297
298
299
300
301
302
303
304
305
306
307
308
309
310
311
312
313
314
315
316
317
318
319
320
321
322
323
324
325
326
327
328
329
330
331
332
333
334
335
336
337
338
339
340
341
342
343
344
345
346
347
348
349
350
351
352
353
354
355
356
357
358
359
360
361
362
363
364
365
366
367
368
369
370
371
372
373
374
375
376
377
378
379
380
381
382
383
384
385
386
387
388
389
390
391
392
393
394
395
396
397
398
399
400
401
402
403
404
405
406
407
408
409
410
411
412
413
414
415
416
417
418
419
420
421
422
423
424
425
426
427
428
429
430
431
432
433
434
435
436
437
438
439
440
441
442
443
444
445
446
447
448
449
450
451
452
453
454
455
456
457
458
459
460
461
462
463
464
465
466
467
468
469
470
471
472
473
474
475
476
477
478
479
480
481
482
483
484
485
486
487
488
489
490
491
492
493
494
495
496
497
498
499
500
501
502
503
504
505
506
507
508
509
510
511
512
513
514
515
516
517
518
519
520
521
522
523
524
525
526
527
528
529
530
531
532
533
534
535
536
537
538
539
540
541
542
543
544
545
546
547
548
549
550
551
552
553
554
555
556
557
558
559
560
561
562
563
564
565
566
567
568
569
570
571
572
573
574
575
576
577
578
579
580
581
582
583
584
585
586
587
588
589
590
591
592
593
594
595
596
597
598
599
600
601
602
603
604
605
606
607
608
609
610
611
612
613
614
615
616
617
618
619
620
621
622
623
624
625
626
627
628
629
630
631
632
633
634
635
636
637
638
639
640
641
642
643
644
645
646
647
648
649
650
651
652
653
654
655
656
657
658
659
660
661
662
663
664
665
666
667
668
669
670
671
672
673
674
675
676
677
678
679
680
681
682
683
684
685
686
687
688
689
690
691
692
693
694
695
696
697
698
699
700
701
702
703
704
705
706
707
708
709
710
711
712
713
714
715
716
717
718
719
720
721
722
723
724
725
726
727
728
729
730
731
732
733
734
735
736
737
738
739
740
741
742
743
744
745
746
747
748
749
750
751
752
753
754
755
756
757
758
759
760
761
762
763
764
765
766
767
768
769
770
771
772
773
774
775
776
777
778
779
780
781
782
783
784
785
786
787
788
789
790
791
792
793
794
795
796
797
798
799
800
801
802
803
804
805
806
807
808
809
810
811
812
813
814
815
816
817
818
819
820
821
822
823
824
825
826
827
828
829
830
831
832
833
834
835
836
837
838
839
840
841
842
843
844
845
846
847
848
849
850
851
852
853
854
855
856
857
858
859
860
861
862
863
864
865
866
867
868
869
870
871
872
873
874
875
876
877
878
879
880
881
882
883
884
885
886
887
888
889
890
891
892
893
894
895
896
897
898
899
900
901
902
903
904
905
906
907
908
909
910
911
912
913
914
915
916
917
918
919
920
921
922
923
924
925
926
927
928
929
930
931
932
933
934
935
936
937
938
939
940
941
942
943
944
945
946
947
948
949
950
951
952
953
954
955
956
957
958
959
960
961
962
963
964
965
966
967
968
969
970
971
972
973
974
975
976
977
978
979
981
982
983
984
985
986
987
988
989
990
991
992
993
994
995
996
997
998
999
1000
1001
1002
1003
1004
1005
1006
1007
1008
1009
1010
1011
1012
1013
1014
1015
1016
1017
1018
1019
1020
1021
1022
1023
1024
1025
1026
1027
1028
1029
1030
1031
1032
1033
1034
1035
1036
1037
1038
1039
1040
1041
1042
1043
1044
1045
1046
1047
1048
1049
1050
1051
1052
1053
1054
1055
1056
1057
1058
1059
1060
1061
1062
1063
1064
1065
1066
1067
1068
1069
1070
1071
1072
1073
1074
1075
1076
1077
1078
1079
1080
1081
1082
1083
1084
1085
1086
1087
1088
1089
1090
1091
1092
1093
1094
1095
1096
1097
1098
1099
1100
1101
1102
1103
1104
1105
1106
1107
1108
1109
1110
1111
1112
1113
1114
1115
1116
1117
1118
1119
1120
1121
1122
1123
1124
1125
1126
1127
1128
1129
1130
1131
1132
1133
1134
1135
1136
1137
1138
1139
1140
1141
1142
1143
1144
1145
1146
1147
1148
1149
1150
1151
1152
1153
1154
1155
1156
1157
1158
1159
1160
1161
1162
8.0199999999999994e-02 0.0000000000000000e+00 0.0000000000000000e+00
7.4095138507405192e-02 3.0691211275680200e-02 0.0000000000000000e+00
4.4999999999999998e-02 0.0000000000000000e+00 0.0000000000000000e+00
4.1574578963007897e-02 1.7220754456429042e-02 0.0000000000000000e+00
2.9999999999999999e-02 0.0000000000000000e+00 0.0000000000000000e+00
2.7716385975338601e-02 1.1480502970952690e-02 0.0000000000000000e+00
7.8470950038851947e-02 5.9999999999999949e-03 0.0000000000000000e+00
7.7119132998131737e-02 5.9999999999999949e-03 0.0000000000000000e+00
7.4932602858429426e-02 7.3602035829552744e-03 0.0000000000000000e+00
7.4404386095968167e-02 6.5110940188500589e-03 0.0000000000000000e+00
5.6063619511295487e-02 1.7920576088013160e-02 0.0000000000000000e+00
5.6591836273756753e-02 1.8769685652118371e-02 0.0000000000000000e+00
5.3128515231031237e-02 2.0924159357146289e-02 0.0000000000000000e+00
5.7219752272459443e-02 2.2618805226589031e-02 0.0000000000000000e+00
7.8109371527468760e-02 9.6237248289761622e-03 0.0000000000000000e+00
5.8493416618617261e-02 2.1826480082897150e-02 0.0000000000000000e+00
7.6834183203289941e-02 1.0416998013734059e-02 0.0000000000000000e+00
7.9699999999999993e-02 0.0000000000000000e+00 0.0000000000000000e+00
7.3633198741149541e-02 3.0499869559497648e-02 0.0000000000000000e+00
8.0192647051707963e-02 1.0859828912990950e-03 0.0000000000000000e+00
8.0170589555107363e-02 2.1717666510259860e-03 0.0000000000000000e+00
8.0133831554777574e-02 3.2571521841222701e-03 0.0000000000000000e+00
8.0082379790860136e-02 4.3419404685504587e-03 0.0000000000000000e+00
8.0016243697822842e-02 5.4259325917878527e-03 0.0000000000000000e+00
7.9935435402729862e-02 6.5089297872999718e-03 0.0000000000000000e+00
7.9839969723017976e-02 7.5907334709875880e-03 0.0000000000000000e+00
7.9729864163779640e-02 8.6711452776001216e-03 0.0000000000000000e+00
7.9605138914553078e-02 9.7499670971089424e-03 0.0000000000000000e+00
7.9465816845620291e-02 1.0827001111033871e-02 0.0000000000000000e+00
7.9311923503813456e-02 1.1902049828716191e-02 0.0000000000000000e+00
7.9143487107830396e-02 1.2974916123531710e-02 0.0000000000000000e+00
7.8960538543060413e-02 1.4045403269036760e-02 0.0000000000000000e+00
7.8763111355920915e-02 1.5113314975041110e-02 0.0000000000000000e+00
7.8551241747706071e-02 1.6178455423600760e-02 0.0000000000000000e+00
7.8324968567948947e-02 1.7240629304924121e-02 0.0000000000000000e+00
7.8084333307297665e-02 1.8299641853185111e-02 0.0000000000000000e+00
7.7829380089907543e-02 1.9355298882236398e-02 0.0000000000000000e+00
7.7560155665350294e-02 2.0407406821216410e-02 0.0000000000000000e+00
7.7276709400041665e-02 2.1455772750043529e-02 0.0000000000000000e+00
7.6979093268189469e-02 2.2500204434790921e-02 0.0000000000000000e+00
7.6667361842263235e-02 2.3540510362935588e-02 0.0000000000000000e+00
7.6341572282987560e-02 2.4576499778475071e-02 0.0000000000000000e+00
7.6001784328860747e-02 2.5607982716905588e-02 0.0000000000000000e+00
7.5648060285200963e-02 2.6634770040054798e-02 0.0000000000000000e+00
7.5280465012721468e-02 2.7656673470763241e-02 0.0000000000000000e+00
7.4899065915637497e-02 2.8673505627407829e-02 0.0000000000000000e+00
7.4503932929306654e-02 2.9685080058261148e-02 0.0000000000000000e+00
4.4957169971183597e-02 1.9628724314401120e-03 0.0000000000000000e+00
4.4828761414128553e-02 3.9220084236446084e-03 0.0000000000000000e+00
4.4615018761821473e-02 5.8736786499023093e-03 0.0000000000000000e+00
4.4316348885549361e-02 7.8141679950118510e-03 0.0000000000000000e+00
4.3933320320396999e-02 9.7397826272146316e-03 0.0000000000000000e+00
4.3466662183008070e-02 1.1646857029613440e-02 0.0000000000000000e+00
4.2917262783670210e-02 1.3531760977692290e-02 0.0000000000000000e+00
4.2286167935365868e-02 1.5390906449655109e-02 0.0000000000000000e+00
2.9855541800165909e-02 2.9405142098868041e-03 0.0000000000000000e+00
2.9423558412096911e-02 5.8527096604838371e-03 0.0000000000000000e+00
2.8708210071966261e-02 8.7085403176338765e-03 0.0000000000000000e+00
3.3750000000000009e-02 0.0000000000000000e+00 0.0000000000000000e+00
3.7500000000000033e-02 0.0000000000000000e+00 0.0000000000000000e+00
4.1250000000000009e-02 0.0000000000000000e+00 0.0000000000000000e+00
3.8110030716090558e-02 1.5785691585059949e-02 0.0000000000000000e+00
3.4645482469173233e-02 1.4350628713690861e-02 0.0000000000000000e+00
3.1180934222255919e-02 1.2915565842321780e-02 0.0000000000000000e+00
7.7798741151419076e-02 5.9999999999999949e-03 0.0000000000000000e+00
7.6442465501590451e-02 6.4209434558218084e-03 0.0000000000000000e+00
7.5656138906799189e-02 6.9101039902170506e-03 0.0000000000000000e+00
5.5607280337847668e-02 1.9382161321822949e-02 0.0000000000000000e+00
5.4372601819874820e-02 2.0150234038247169e-02 0.0000000000000000e+00
5.4492260911507308e-02 2.1489041313627201e-02 0.0000000000000000e+00
5.5856006591983372e-02 2.2053923270108119e-02 0.0000000000000000e+00
7.8199766155314557e-02 8.7177936217321204e-03 0.0000000000000000e+00
7.8290160783160354e-02 7.8118624144880829e-03 0.0000000000000000e+00
7.8380555411006150e-02 6.9059312072440402e-03 0.0000000000000000e+00
7.7473696369576225e-02 1.0019167641156561e-02 0.0000000000000000e+00
7.5407997944644548e-02 8.1244021906499674e-03 0.0000000000000000e+00
7.5883393030859683e-02 8.8886007983446612e-03 0.0000000000000000e+00
7.6358788117074805e-02 9.6527994060393585e-03 0.0000000000000000e+00
5.7922164309611647e-02 2.2181846525541608e-02 0.0000000000000000e+00
5.8018021532402132e-02 2.1062281475202459e-02 0.0000000000000000e+00
5.7542626446187010e-02 2.0298082867507769e-02 0.0000000000000000e+00
5.7067231359971882e-02 1.9533884259813072e-02 0.0000000000000000e+00
5.6897290719689707e-02 1.7401963266687560e-02 0.0000000000000000e+00
5.7730961928083920e-02 1.6883350445361961e-02 0.0000000000000000e+00
5.8564633136478132e-02 1.6364737624036368e-02 0.0000000000000000e+00
5.9398304344872352e-02 1.5846124802710769e-02 0.0000000000000000e+00
6.0231975553266558e-02 1.5327511981385170e-02 0.0000000000000000e+00
6.1065646761660777e-02 1.4808899160059581e-02 0.0000000000000000e+00
6.1899317970054997e-02 1.4290286338733979e-02 0.0000000000000000e+00
6.2732989178449217e-02 1.3771673517408380e-02 0.0000000000000000e+00
6.3566660386843415e-02 1.3253060696082789e-02 0.0000000000000000e+00
6.4400331595237628e-02 1.2734447874757190e-02 0.0000000000000000e+00
6.5234002803631841e-02 1.2215835053431601e-02 0.0000000000000000e+00
6.6067674012026054e-02 1.1697222232106000e-02 0.0000000000000000e+00
6.6901345220420266e-02 1.1178609410780410e-02 0.0000000000000000e+00
6.7735016428814479e-02 1.0659996589454820e-02 0.0000000000000000e+00
6.8568687637208692e-02 1.0141383768129220e-02 0.0000000000000000e+00
6.9402358845602904e-02 9.6227709468036261e-03 0.0000000000000000e+00
7.0236030053997117e-02 9.1041581254780318e-03 0.0000000000000000e+00
7.1069701262391316e-02 8.5855453041524359e-03 0.0000000000000000e+00
7.1903372470785543e-02 8.0669324828268416e-03 0.0000000000000000e+00
7.2737043679179741e-02 7.5483196615012457e-03 0.0000000000000000e+00
7.3570714887573954e-02 7.0297068401756532e-03 0.0000000000000000e+00
7.6000511994895728e-02 1.0935610835059650e-02 0.0000000000000000e+00
7.5166840786501515e-02 1.1454223656385249e-02 0.0000000000000000e+00
7.4333169578107303e-02 1.1972836477710840e-02 0.0000000000000000e+00
7.3499498369713090e-02 1.2491449299036440e-02 0.0000000000000000e+00
7.2665827161318863e-02 1.3010062120362041e-02 0.0000000000000000e+00
7.1832155952924651e-02 1.3528674941687630e-02 0.0000000000000000e+00
7.0998484744530438e-02 1.4047287763013229e-02 0.0000000000000000e+00
7.0164813536136225e-02 1.4565900584338830e-02 0.0000000000000000e+00
6.9331142327742012e-02 1.5084513405664420e-02 0.0000000000000000e+00
6.8497471119347800e-02 1.5603126226990021e-02 0.0000000000000000e+00
6.7663799910953587e-02 1.6121739048315611e-02 0.0000000000000000e+00
6.6830128702559374e-02 1.6640351869641211e-02 0.0000000000000000e+00
6.5996457494165162e-02 1.7158964690966800e-02 0.0000000000000000e+00
6.5162786285770949e-02 1.7677577512292399e-02 0.0000000000000000e+00
6.4329115077376736e-02 1.8196190333617988e-02 0.0000000000000000e+00
6.3495443868982523e-02 1.8714803154943581e-02 0.0000000000000000e+00
6.2661772660588311e-02 1.9233415976269180e-02 0.0000000000000000e+00
6.1828101452194098e-02 1.9752028797594769e-02 0.0000000000000000e+00
6.0994430243799899e-02 2.0270641618920369e-02 0.0000000000000000e+00
6.0160759035405693e-02 2.0789254440245961e-02 0.0000000000000000e+00
5.9327087827011467e-02 2.1307867261571561e-02 0.0000000000000000e+00
7.8723435673928380e-02 0.0000000000000000e+00 0.0000000000000000e+00
7.7745241909886215e-02 0.0000000000000000e+00 0.0000000000000000e+00
7.6727283537902563e-02 0.0000000000000000e+00 0.0000000000000000e+00
7.5450566579855813e-02 0.0000000000000000e+00 0.0000000000000000e+00
7.3671933039911860e-02 0.0000000000000000e+00 0.0000000000000000e+00
7.1193314206498923e-02 0.0000000000000000e+00 0.0000000000000000e+00
6.8283765063314822e-02 0.0000000000000000e+00 0.0000000000000000e+00
6.5373294430400464e-02 0.0000000000000000e+00 0.0000000000000000e+00
6.2462823797486113e-02 0.0000000000000000e+00 0.0000000000000000e+00
5.9552353164571761e-02 0.0000000000000000e+00 0.0000000000000000e+00
5.6641882531657403e-02 0.0000000000000000e+00 0.0000000000000000e+00
5.3731411898743059e-02 0.0000000000000000e+00 0.0000000000000000e+00
5.0820941265828701e-02 0.0000000000000000e+00 0.0000000000000000e+00
4.7910470632914350e-02 0.0000000000000000e+00 0.0000000000000000e+00
7.2730970948111304e-02 3.0126154571271269e-02 0.0000000000000000e+00
7.1827237750682574e-02 2.9751816024129480e-02 0.0000000000000000e+00
7.0886766845858359e-02 2.9362260220333999e-02 0.0000000000000000e+00
6.9707234179508901e-02 2.8873681792669959e-02 0.0000000000000000e+00
6.8063991056116588e-02 2.8193028204684539e-02 0.0000000000000000e+00
6.5774045847029380e-02 2.7244501841989319e-02 0.0000000000000000e+00
6.3085972944805835e-02 2.6131065589240721e-02 0.0000000000000000e+00
6.0397048697081103e-02 2.5017276697639260e-02 0.0000000000000000e+00
5.7708124449356350e-02 2.3903487806037800e-02 0.0000000000000000e+00
5.5019200201631611e-02 2.2789698914436340e-02 0.0000000000000000e+00
5.2330275953906873e-02 2.1675910022834879e-02 0.0000000000000000e+00
4.9641351706182127e-02 2.0562121131233419e-02 0.0000000000000000e+00
4.6952427458457388e-02 1.9448332239631959e-02 0.0000000000000000e+00
4.4263503210732642e-02 1.8334543348030499e-02 0.0000000000000000e+00
7.9693998736579813e-02 9.7804160137186487e-04 0.0000000000000000e+00
7.9675995850087472e-02 1.9559359132760930e-03 0.0000000000000000e+00
7.9645994051691454e-02 2.9335356684262789e-03 0.0000000000000000e+00
7.9603997859552231e-02 3.9106936438952277e-03 0.0000000000000000e+00
7.9550013598141886e-02 4.8872626832860318e-03 0.0000000000000000e+00
7.9484049397291603e-02 5.8630957188934990e-03 0.0000000000000000e+00
7.9406115190967394e-02 6.8380457938518610e-03 0.0000000000000000e+00
7.9316222715774085e-02 7.8119660842659779e-03 0.0000000000000000e+00
7.9214385509187774e-02 8.7847099213224748e-03 0.0000000000000000e+00
7.9100618907517184e-02 9.7561308133775580e-03 0.0000000000000000e+00
7.8974940043594066e-02 1.0726082468017980e-02 0.0000000000000000e+00
7.8837367844193026e-02 1.1694418814092351e-02 0.0000000000000000e+00
7.8687923027181306e-02 1.2660994023708769e-02 0.0000000000000000e+00
7.8526628098398610e-02 1.3625662534196019e-02 0.0000000000000000e+00
7.8353507348267931e-02 1.4588279070024740e-02 0.0000000000000000e+00
7.8168586848137447e-02 1.5548698664685459e-02 0.0000000000000000e+00
7.7971894446354315e-02 1.6506776682519850e-02 0.0000000000000000e+00
7.7763459764070716e-02 1.7462368840502559e-02 0.0000000000000000e+00
7.7543314190783127e-02 1.8415331229969519e-02 0.0000000000000000e+00
7.7311490879605135e-02 1.9365520338290160e-02 0.0000000000000000e+00
7.7068024742274699e-02 2.0312793070479840e-02 0.0000000000000000e+00
7.6812952443896548e-02 2.1257006770749421e-02 0.0000000000000000e+00
7.6546312397420588e-02 2.2198019243988749e-02 0.0000000000000000e+00
7.6268144757857037e-02 2.3135688777180669e-02 0.0000000000000000e+00
7.5978491416229241e-02 2.4069874160742480e-02 0.0000000000000000e+00
7.5677395993264993e-02 2.5000434709791689e-02 0.0000000000000000e+00
7.5364903832827526e-02 2.5927230285332389e-02 0.0000000000000000e+00
7.5041061995086727e-02 2.6850121315359968e-02 0.0000000000000000e+00
7.4705919249432207e-02 2.7768968815879959e-02 0.0000000000000000e+00
7.4359526067128673e-02 2.8683634411838580e-02 0.0000000000000000e+00
7.4001934613715264e-02 2.9593980357961479e-02 0.0000000000000000e+00
7.6164566517411311e-02 1.3094543449126280e-02 0.0000000000000000e+00
7.6029198939681381e-02 1.2102733237965860e-02 0.0000000000000000e+00
7.5185827570838262e-02 1.2642209931369251e-02 0.0000000000000000e+00
7.6992024224677769e-02 1.2664713695382459e-02 0.0000000000000000e+00
6.3605292641271363e-02 2.0504904912397721e-02 0.0000000000000000e+00
6.4894756321861286e-02 1.9087306408933389e-02 0.0000000000000000e+00
5.6338867987313503e-02 1.5861140849214798e-02 0.0000000000000000e+00
4.6638165741619088e-02 1.4677244614863560e-02 0.0000000000000000e+00
4.4137032879700638e-02 1.5531577459263790e-02 0.0000000000000000e+00
4.6068789928115722e-02 1.7045405758998142e-02 0.0000000000000000e+00
7.8269762802725129e-02 7.4324443649459102e-04 0.0000000000000000e+00
7.8776401875932184e-02 1.6290265173986690e-03 0.0000000000000000e+00
7.9032719817833108e-02 6.7006251105302533e-04 0.0000000000000000e+00
6.4759015319208496e-02 2.3668711835468630e-02 0.0000000000000000e+00
6.6182489968797595e-02 2.1105042544082641e-02 0.0000000000000000e+00
7.0313320650225927e-02 7.1465798140730018e-03 0.0000000000000000e+00
6.8045528196344254e-02 2.2561123006652740e-02 0.0000000000000000e+00
6.7667195179564835e-02 2.5637007411695889e-02 0.0000000000000000e+00
7.2457733889659912e-02 6.0428006327246974e-03 0.0000000000000000e+00
6.1415469880100583e-02 2.1973022916669981e-02 0.0000000000000000e+00
4.6909332252703821e-02 4.7370228606429124e-03 0.0000000000000000e+00
4.8956788455486178e-02 2.7704607883360060e-03 0.0000000000000000e+00
4.6441700951346823e-02 2.2166092013696449e-03 0.0000000000000000e+00
5.8589241553385678e-02 1.4959996862939090e-02 0.0000000000000000e+00
5.9893837431411613e-02 1.3251314163254700e-02 0.0000000000000000e+00
5.7107830866971937e-02 1.3109151757032740e-02 0.0000000000000000e+00
5.7421710046780518e-02 1.0330045246134470e-02 0.0000000000000000e+00
5.9210551963629732e-02 2.2701663548392891e-02 0.0000000000000000e+00
6.4176776980082229e-02 8.0940131025732664e-03 0.0000000000000000e+00
6.3113318206998392e-02 5.8834228379091016e-03 0.0000000000000000e+00
6.1913699824067081e-02 8.1572072357270244e-03 0.0000000000000000e+00
7.0701566078732264e-02 1.6377548389948961e-02 0.0000000000000000e+00
7.3287339710387117e-02 1.7784633732116941e-02 0.0000000000000000e+00
7.3242036757526080e-02 1.6112411381411500e-02 0.0000000000000000e+00
7.1885228510452023e-02 1.9468228058656539e-02 0.0000000000000000e+00
6.8891026605693045e-02 1.9511403203368999e-02 0.0000000000000000e+00
6.8196229480971288e-02 1.7096585357549311e-02 0.0000000000000000e+00
7.4252692354718805e-02 4.3800342112700948e-03 0.0000000000000000e+00
7.1973046227855858e-02 2.8913666779042842e-03 0.0000000000000000e+00
7.0507294728019226e-02 4.7683714040305187e-03 0.0000000000000000e+00
7.4970313183769580e-02 2.4382923890669539e-02 0.0000000000000000e+00
7.4576745485101459e-02 2.5312532177871518e-02 0.0000000000000000e+00
6.7780510303591168e-02 8.0537403341386996e-03 0.0000000000000000e+00
6.6010763381787282e-02 9.5547625718458290e-03 0.0000000000000000e+00
7.0685963468193211e-02 2.5635822589795791e-02 0.0000000000000000e+00
6.9707454809767685e-02 2.7262272262778841e-02 0.0000000000000000e+00
7.7108324806058101e-02 1.6673683413516559e-02 0.0000000000000000e+00
7.6581053553182676e-02 1.6151959415520958e-02 0.0000000000000000e+00
7.6233947466375809e-02 1.6800117454613871e-02 0.0000000000000000e+00
7.5739927286598341e-02 1.6109773114413920e-02 0.0000000000000000e+00
6.0730930312732558e-02 1.0507641319918369e-02 0.0000000000000000e+00
6.2104046360993530e-02 1.2676980646858460e-02 0.0000000000000000e+00
7.1653330214724323e-02 2.4350142188636570e-02 0.0000000000000000e+00
7.0140690584364312e-02 2.3798574186626151e-02 0.0000000000000000e+00
7.2268740458288058e-02 2.5184278369504789e-02 0.0000000000000000e+00
7.4525064781326672e-02 2.2832386428375571e-02 0.0000000000000000e+00
7.4705392823173011e-02 2.1922380756091181e-02 0.0000000000000000e+00
7.3577110850439026e-02 2.2245125849537788e-02 0.0000000000000000e+00
6.6593410535119399e-02 1.8325318985148841e-02 0.0000000000000000e+00
7.2432948937245334e-02 2.9364604715110130e-02 0.0000000000000000e+00
7.4092279586020632e-02 1.3459254123597809e-02 0.0000000000000000e+00
7.7060962565430463e-02 1.3534375867515580e-02 0.0000000000000000e+00
7.7776167028092702e-02 1.3101959474662099e-02 0.0000000000000000e+00
7.7837969617883779e-02 1.2227055386906599e-02 0.0000000000000000e+00
7.3981076111152927e-02 2.8038679387765400e-02 0.0000000000000000e+00
7.3131812118163081e-02 2.7745311765079429e-02 0.0000000000000000e+00
7.3593165673895983e-02 2.8698523538833828e-02 0.0000000000000000e+00
7.2659548318115122e-02 2.8637172619407559e-02 0.0000000000000000e+00
7.2042302856184098e-02 2.7959053862145328e-02 0.0000000000000000e+00
7.2403006824441576e-02 2.7093868878966951e-02 0.0000000000000000e+00
7.0871728674601883e-02 2.8227970169780191e-02 0.0000000000000000e+00
7.1796508796437619e-02 2.8847562775945721e-02 0.0000000000000000e+00
7.7083280661739653e-02 1.1927614737535170e-02 0.0000000000000000e+00
5.2129010837977087e-02 1.1642539084200640e-02 0.0000000000000000e+00
4.8494027366258977e-02 1.2177901396342840e-02 0.0000000000000000e+00
5.0798727534191027e-02 1.4083278657537319e-02 0.0000000000000000e+00
4.9202108024428773e-02 9.2863509806689615e-03 0.0000000000000000e+00
7.8115429651139018e-02 3.6887809024678218e-03 0.0000000000000000e+00
7.7757661011673848e-02 2.9795864063114018e-03 0.0000000000000000e+00
7.7181440171602986e-02 3.6797572735607280e-03 0.0000000000000000e+00
7.6804136559252986e-02 2.7965052356630892e-03 0.0000000000000000e+00
7.5807640544480040e-02 3.4053629428632249e-03 0.0000000000000000e+00
5.1786332993575643e-02 3.3320079045182070e-03 0.0000000000000000e+00
4.5152770290298710e-02 1.2433263241032380e-02 0.0000000000000000e+00
4.9075637774424558e-02 1.4938105823176879e-02 0.0000000000000000e+00
4.8359531804048929e-02 1.7013669612709059e-02 0.0000000000000000e+00
7.7777632118131865e-02 5.3844606167228826e-03 0.0000000000000000e+00
7.8673195265336629e-02 5.0984555367240914e-03 0.0000000000000000e+00
7.7873122242063053e-02 4.4657833457513677e-03 0.0000000000000000e+00
7.1248616300620710e-02 2.7006123408046690e-02 0.0000000000000000e+00
7.8760385231966018e-02 4.2007209286086056e-03 0.0000000000000000e+00
5.4786060961377933e-02 1.3414596174541269e-02 0.0000000000000000e+00
5.5147369759452593e-02 1.1540737056042199e-02 0.0000000000000000e+00
7.4199963397964086e-02 1.6966929441113981e-02 0.0000000000000000e+00
7.4759588499333882e-02 1.7713821064780939e-02 0.0000000000000000e+00
7.4469475316996922e-02 1.8540208101125211e-02 0.0000000000000000e+00
7.3175294538705429e-02 2.9486717560346990e-02 0.0000000000000000e+00
7.2521887994536710e-02 1.4501394186379791e-02 0.0000000000000000e+00
7.4120886027106536e-02 1.4974501905022220e-02 0.0000000000000000e+00
7.4620633055960395e-02 1.6069419685326890e-02 0.0000000000000000e+00
7.4053601476404177e-02 1.7889420381396420e-03 0.0000000000000000e+00
7.6026017380814159e-02 1.8458304359765709e-03 0.0000000000000000e+00
7.5604944825712991e-02 4.6039466274377643e-03 0.0000000000000000e+00
7.5750644151240942e-02 5.6583629667565352e-03 0.0000000000000000e+00
7.6730651012988760e-02 4.7425248178618517e-03 0.0000000000000000e+00
7.8232862120998031e-02 1.0561011086932000e-02 0.0000000000000000e+00
7.8284205700558898e-02 2.3332425422212641e-03 0.0000000000000000e+00
7.8736176094699989e-02 3.1758075483166530e-03 0.0000000000000000e+00
7.9064290942148174e-02 2.4352847962307821e-03 0.0000000000000000e+00
7.7423698762007262e-02 1.0712399960398210e-02 0.0000000000000000e+00
4.9616870277197841e-02 1.8645196305291201e-02 0.0000000000000000e+00
5.2043304059787389e-02 1.9463423690559159e-02 0.0000000000000000e+00
5.1087736357513368e-02 1.6738434852322400e-02 0.0000000000000000e+00
7.6284036423890839e-02 1.3878531948849891e-02 0.0000000000000000e+00
6.2296127895754137e-02 2.4193026461020020e-02 0.0000000000000000e+00
7.8662638198600504e-02 9.1852529569728981e-03 0.0000000000000000e+00
5.7898794868866718e-02 2.3483069402067281e-03 0.0000000000000000e+00
5.6536218587618460e-02 4.1678599437663154e-03 0.0000000000000000e+00
5.8425401182397571e-02 4.8764337185729549e-03 0.0000000000000000e+00
5.6111015513407352e-02 6.6945045955218883e-03 0.0000000000000000e+00
5.8668750320012647e-02 7.9996148255715490e-03 0.0000000000000000e+00
5.3207225271986590e-02 1.4919412148230610e-02 0.0000000000000000e+00
5.4102947933153171e-02 1.7776483276995079e-02 0.0000000000000000e+00
6.0991880245852469e-02 5.4706434856976044e-03 0.0000000000000000e+00
6.9187817906945517e-02 2.6430544902997198e-03 0.0000000000000000e+00
4.6355185388162377e-02 9.7147385532759794e-03 0.0000000000000000e+00
7.6839598453893806e-02 1.4388991404442560e-02 0.0000000000000000e+00
7.7733636585748112e-02 1.4015680890168891e-02 0.0000000000000000e+00
7.7488219677333867e-02 1.4939481025729420e-02 0.0000000000000000e+00
7.7710341364443491e-02 1.1395153053124061e-02 0.0000000000000000e+00
7.2115713258492420e-02 2.6212328616287400e-02 0.0000000000000000e+00
4.6741771297761157e-02 7.3022553343417484e-03 0.0000000000000000e+00
4.9871952635242779e-02 6.3371247677157126e-03 0.0000000000000000e+00
7.4254562436985735e-02 2.3811722077934219e-02 0.0000000000000000e+00
7.5306397859431176e-02 2.3378789826792631e-02 0.0000000000000000e+00
6.3484364498580401e-02 3.3295097277810880e-03 0.0000000000000000e+00
6.0345747443058727e-02 2.5776725686239110e-03 0.0000000000000000e+00
7.6446860421035046e-02 1.5328752198429480e-02 0.0000000000000000e+00
7.7269364905078589e-02 1.5811519006610899e-02 0.0000000000000000e+00
7.4055081868530687e-02 2.7230893921011860e-02 0.0000000000000000e+00
7.3211980958908116e-02 2.6588725168869450e-02 0.0000000000000000e+00
7.4328514774142262e-02 2.6361174411740629e-02 0.0000000000000000e+00
6.8238601825562961e-02 5.4045104511827452e-03 0.0000000000000000e+00
6.5613477826374306e-02 6.2118485164685371e-03 0.0000000000000000e+00
6.6490009383026558e-02 3.1629808016050039e-03 0.0000000000000000e+00
7.5502344795085413e-02 2.2444982599953561e-02 0.0000000000000000e+00
5.4292235985456530e-02 9.2073530444459172e-03 0.0000000000000000e+00
5.5860468449846302e-02 2.0614048743401222e-03 0.0000000000000000e+00
7.6846869154342912e-02 1.1248418306302840e-02 0.0000000000000000e+00
7.5438794442593715e-02 1.3679088978526570e-02 0.0000000000000000e+00
7.5933704985630360e-02 1.4597510190298630e-02 0.0000000000000000e+00
7.3750317826268619e-02 2.5621124954925009e-02 0.0000000000000000e+00
7.3753650596684719e-02 1.9313174890553560e-02 0.0000000000000000e+00
7.7247923687693870e-02 2.0719891196035178e-03 0.0000000000000000e+00
7.7823286046236020e-02 1.4645868057464389e-03 0.0000000000000000e+00
7.3336437789956133e-02 2.0330198135439528e-02 0.0000000000000000e+00
7.7478335238699722e-02 6.9069350345456193e-04 0.0000000000000000e+00
7.3505598926305496e-02 2.3204254030620739e-02 0.0000000000000000e+00
7.6792235420431287e-02 1.0121833006387600e-03 0.0000000000000000e+00
6.3800542850822400e-02 1.0987907859255609e-02 0.0000000000000000e+00
7.0632773395909412e-02 2.1645938819018509e-02 0.0000000000000000e+00
7.2594015929156638e-02 2.1314469053690919e-02 0.0000000000000000e+00
5.4494034272328420e-02 3.7908575291431819e-03 0.0000000000000000e+00
7.4972360819770892e-02 1.4402478891658479e-02 0.0000000000000000e+00
5.2938758096484809e-02 6.4893678923149132e-03 0.0000000000000000e+00
7.3973246422058908e-02 2.1235884196183451e-02 0.0000000000000000e+00
7.4945733177969265e-02 2.1111441886644600e-02 0.0000000000000000e+00
7.4476103880229155e-02 2.0319178612772489e-02 0.0000000000000000e+00
7.5276154085527666e-02 1.5302031231990009e-02 0.0000000000000000e+00
7.3269546925563603e-02 2.4971449958055780e-02 0.0000000000000000e+00
7.2875968046585193e-02 2.5765133544287069e-02 0.0000000000000000e+00
7.5780197714356845e-02 2.0487806930277481e-02 0.0000000000000000e+00
7.5720597965685088e-02 2.1545790254941879e-02 0.0000000000000000e+00
7.8752273146174057e-02 8.2982861679052784e-03 0.0000000000000000e+00
7.3972232906813470e-02 2.4711747787016600e-02 0.0000000000000000e+00
7.3011908859119873e-02 2.4170709533269559e-02 0.0000000000000000e+00
5.1620700621170190e-02 8.5435467481368502e-03 0.0000000000000000e+00
7.2159347703656174e-02 2.2961326263986549e-02 0.0000000000000000e+00
7.5260605712051717e-02 1.6930570350196100e-02 0.0000000000000000e+00
7.6803905837431630e-02 1.7512107943749741e-02 0.0000000000000000e+00
7.5860693744330993e-02 1.7607750831559452e-02 0.0000000000000000e+00
7.6496757369681090e-02 1.8406323397796891e-02 0.0000000000000000e+00
7.5479453114272413e-02 1.8452833932573989e-02 0.0000000000000000e+00
7.6225372822343485e-02 1.9348983702098140e-02 0.0000000000000000e+00
7.5067357580349103e-02 1.9436565637536339e-02 0.0000000000000000e+00
3.9544736110219213e-02 9.1694551972808670e-03 0.0000000000000000e+00
4.1826154551721492e-02 3.6141122546454918e-03 0.0000000000000000e+00
3.4423355822591178e-02 3.7848275945296939e-03 0.0000000000000000e+00
3.3383004522076737e-02 8.5344004564344746e-03 0.0000000000000000e+00
4.0363560144104020e-02 1.3870864910836250e-02 0.0000000000000000e+00
7.3455764250732775e-02 9.3685936854866637e-03 0.0000000000000000e+00
7.3804691627284688e-02 1.0254218487589610e-02 0.0000000000000000e+00
7.4399083263347265e-02 9.7088130185449557e-03 0.0000000000000000e+00
7.2835199533057907e-02 9.9455790357783867e-03 0.0000000000000000e+00
7.1804965932030895e-02 8.8376217594591799e-03 0.0000000000000000e+00
7.1061127829573231e-02 9.3942287594011957e-03 0.0000000000000000e+00
7.1944885223904256e-02 9.6744926196712204e-03 0.0000000000000000e+00
6.3381557774951039e-02 1.5327682207583180e-02 0.0000000000000000e+00
6.4022587382383020e-02 1.5903217583047989e-02 0.0000000000000000e+00
6.4214957868542227e-02 1.4808233360551060e-02 0.0000000000000000e+00
7.4423261520952924e-02 1.0858167383831940e-02 0.0000000000000000e+00
7.5146361539407555e-02 1.0430533726861931e-02 0.0000000000000000e+00
6.2549580504945093e-02 1.5851325749286879e-02 0.0000000000000000e+00
6.3188856638070043e-02 1.6421817528928861e-02 0.0000000000000000e+00
7.3929885224407049e-02 8.6500860375159742e-03 0.0000000000000000e+00
6.2836127483973325e-02 1.8460051748511661e-02 0.0000000000000000e+00
6.3344575013696655e-02 1.7944666382829690e-02 0.0000000000000000e+00
6.2555040806335838e-02 1.7790657347455191e-02 0.0000000000000000e+00
6.0276066400227063e-02 1.9781604731493669e-02 0.0000000000000000e+00
6.1096610250949340e-02 1.9499671905788590e-02 0.0000000000000000e+00
6.0442098361209652e-02 1.8902685966841911e-02 0.0000000000000000e+00
5.9805206655086610e-02 1.8275380264447479e-02 0.0000000000000000e+00
5.8978088375618153e-02 1.8267650313246009e-02 0.0000000000000000e+00
5.9552034819245869e-02 1.9116970033287869e-02 0.0000000000000000e+00
7.2492081314224174e-02 9.0533077951496475e-03 0.0000000000000000e+00
6.1735966733250720e-02 1.6359871334374061e-02 0.0000000000000000e+00
6.2446158644029442e-02 1.6879245979093838e-02 0.0000000000000000e+00
7.2298106881327567e-02 1.0542556279482180e-02 0.0000000000000000e+00
6.1298292342019049e-02 1.8707425827905012e-02 0.0000000000000000e+00
6.2132175227235693e-02 1.8585641950585739e-02 0.0000000000000000e+00
6.0883435629185918e-02 1.6913347973904640e-02 0.0000000000000000e+00
6.1613716627771993e-02 1.7570272005656050e-02 0.0000000000000000e+00
6.3033790553802926e-02 1.7281531908861999e-02 0.0000000000000000e+00
6.0046350053487102e-02 1.7296976241195510e-02 0.0000000000000000e+00
6.0677052132753498e-02 1.7934254340963018e-02 0.0000000000000000e+00
5.9391043877611349e-02 1.9880830644999500e-02 0.0000000000000000e+00
6.3980902380373544e-02 1.6723132469255480e-02 0.0000000000000000e+00
6.3705088892905354e-02 1.7317605946565409e-02 0.0000000000000000e+00
6.4353293694112190e-02 1.7338297055898469e-02 0.0000000000000000e+00
6.4814595198888075e-02 1.6204524323118839e-02 0.0000000000000000e+00
6.4588575821002317e-02 1.6776979022663979e-02 0.0000000000000000e+00
6.5197289984486095e-02 1.6815125192370731e-02 0.0000000000000000e+00
6.5648269229140729e-02 1.5685912111218381e-02 0.0000000000000000e+00
6.5424035104959782e-02 1.6257580419416068e-02 0.0000000000000000e+00
6.6031332333927203e-02 1.6296349754557040e-02 0.0000000000000000e+00
6.4856266389151401e-02 1.5384606444264599e-02 0.0000000000000000e+00
6.5048585357469088e-02 1.4289481518915440e-02 0.0000000000000000e+00
6.6481940805384276e-02 1.5167299369095080e-02 0.0000000000000000e+00
6.6257771125386278e-02 1.5738939686592901e-02 0.0000000000000000e+00
6.6865017063121562e-02 1.5777731172545800e-02 0.0000000000000000e+00
7.3205844444055673e-02 1.0810096511254440e-02 0.0000000000000000e+00
7.3703539176166219e-02 1.1307429716452320e-02 0.0000000000000000e+00
6.7315612061649654e-02 1.4648686558037860e-02 0.0000000000000000e+00
6.7091444766436789e-02 1.5220325890931930e-02 0.0000000000000000e+00
6.7698688788967690e-02 1.5259118151222601e-02 0.0000000000000000e+00
6.8149283276338818e-02 1.4130073738085220e-02 0.0000000000000000e+00
6.7925116077211287e-02 1.4701713035433691e-02 0.0000000000000000e+00
6.8532360016686167e-02 1.4740505315038481e-02 0.0000000000000000e+00
6.5689938618184562e-02 1.4865993842499909e-02 0.0000000000000000e+00
6.5882249471070506e-02 1.3770845568925419e-02 0.0000000000000000e+00
6.8982954485580020e-02 1.3611460916945071e-02 0.0000000000000000e+00
6.8758787285899639e-02 1.4183100176857370e-02 0.0000000000000000e+00
6.9366031212552900e-02 1.4221892274082489e-02 0.0000000000000000e+00
6.9816625694085643e-02 1.3092848095643870e-02 0.0000000000000000e+00
6.9592458433368531e-02 1.3664486279624350e-02 0.0000000000000000e+00
7.0199702074384390e-02 1.3703273206422900e-02 0.0000000000000000e+00
7.0650299894025603e-02 1.2574234217360101e-02 0.0000000000000000e+00
7.0426127972768343e-02 1.3145843297353950e-02 0.0000000000000000e+00
7.1033360628233816e-02 1.3184486716222040e-02 0.0000000000000000e+00
6.6523609959951255e-02 1.4347381049653531e-02 0.0000000000000000e+00
6.6715919522052011e-02 1.3252228898213441e-02 0.0000000000000000e+00
7.1483575803556229e-02 1.2054191235335521e-02 0.0000000000000000e+00
7.1259734590846210e-02 1.2626393342718841e-02 0.0000000000000000e+00
7.1867049268482711e-02 1.2662455965330459e-02 0.0000000000000000e+00
7.2315682340121895e-02 1.1487394058288849e-02 0.0000000000000000e+00
7.2093952835359867e-02 1.2092958184377830e-02 0.0000000000000000e+00
7.2705946048785858e-02 1.2107934754673691e-02 0.0000000000000000e+00
7.2954769542125222e-02 1.1457810104883471e-02 0.0000000000000000e+00
6.7357281185806708e-02 1.3828768232151180e-02 0.0000000000000000e+00
6.7549590540824322e-02 1.2733615436045460e-02 0.0000000000000000e+00
6.0256890939193931e-02 1.6221534765958261e-02 0.0000000000000000e+00
5.9494168902585493e-02 1.6693363892334979e-02 0.0000000000000000e+00
6.8190952396497917e-02 1.3310155411328531e-02 0.0000000000000000e+00
6.8383261718046595e-02 1.2215002508007750e-02 0.0000000000000000e+00
7.1196539931661029e-02 1.0293733778287800e-02 0.0000000000000000e+00
6.1090320838746083e-02 1.5701290231021660e-02 0.0000000000000000e+00
6.9024623605194291e-02 1.2791542590069090e-02 0.0000000000000000e+00
6.9205532541368159e-02 1.1707969472141269e-02 0.0000000000000000e+00
6.1924015609043037e-02 1.5182660093647420e-02 0.0000000000000000e+00
6.9858294813628263e-02 1.2272929768752199e-02 0.0000000000000000e+00
6.2757687816071231e-02 1.4664047064185720e-02 0.0000000000000000e+00
6.9947210271357876e-02 1.1419724594934689e-02 0.0000000000000000e+00
6.8593386186729721e-02 1.1033757323347810e-02 0.0000000000000000e+00
6.7759714978335953e-02 1.1552370144673359e-02 0.0000000000000000e+00
7.0691966022027708e-02 1.1754316947427750e-02 0.0000000000000000e+00
7.1525636393011002e-02 1.1235710968027090e-02 0.0000000000000000e+00
6.6926043769950136e-02 1.2070982965998400e-02 0.0000000000000000e+00
7.0505134394888841e-02 1.0869150943883530e-02 0.0000000000000000e+00
6.6092372561624479e-02 1.2589595787318660e-02 0.0000000000000000e+00
6.5258701353678922e-02 1.3108208608605921e-02 0.0000000000000000e+00
6.4425030148136914e-02 1.3626821429686530e-02 0.0000000000000000e+00
6.3591358957904714e-02 1.4145434249513830e-02 0.0000000000000000e+00
7.3008300474833657e-02 8.4266271876755772e-03 0.0000000000000000e+00
6.9426418653252178e-02 1.0514860047736101e-02 0.0000000000000000e+00
7.0243035098023321e-02 9.9965593268877863e-03 0.0000000000000000e+00
5.9238834179336189e-02 1.7383504904827939e-02 0.0000000000000000e+00
5.8210272135224173e-02 1.8115362014699619e-02 0.0000000000000000e+00
5.8544557951004737e-02 1.7402921061473370e-02 0.0000000000000000e+00
5.7522957046464471e-02 1.7980980630325209e-02 0.0000000000000000e+00
5.8697263541367763e-02 1.9097516124229968e-02 0.0000000000000000e+00
5.7787803968805979e-02 1.9059753513561199e-02 0.0000000000000000e+00
5.6988456480235428e-02 1.8444473906120730e-02 0.0000000000000000e+00
7.5899278122157438e-02 9.9878658673901791e-03 0.0000000000000000e+00
7.5172430847416913e-02 9.6026524243014184e-03 0.0000000000000000e+00
7.3531655920502759e-02 7.8725234751913092e-03 0.0000000000000000e+00
5.8506881982319188e-02 2.0832391704631331e-02 0.0000000000000000e+00
5.8485820771260341e-02 1.9947974775153782e-02 0.0000000000000000e+00
7.4861187833228982e-02 8.7974393842271577e-03 0.0000000000000000e+00
7.4376918680679263e-02 7.7636365042236281e-03 0.0000000000000000e+00
5.9174318698436923e-02 2.0551663765455270e-02 0.0000000000000000e+00
7.6116611586682606e-02 7.7700702753116836e-03 0.0000000000000000e+00
7.7441516996148874e-02 7.6000831605463276e-03 0.0000000000000000e+00
7.7608893682858032e-02 6.4878263039353607e-03 0.0000000000000000e+00
7.7052165873301937e-02 9.0861547182301168e-03 0.0000000000000000e+00
5.7166483814672313e-02 2.1466183568809451e-02 0.0000000000000000e+00
5.6440331735390217e-02 2.0582162047907710e-02 0.0000000000000000e+00
5.5402361863497437e-02 2.0758736996111381e-02 0.0000000000000000e+00
5.6709963851161109e-02 5.6709963851161109e-02 0.0000000000000000e+00
3.1819805153394637e-02 3.1819805153394637e-02 0.0000000000000000e+00
2.1213203435596427e-02 2.1213203435596427e-02 0.0000000000000000e+00
5.9729981585742276e-02 5.1244700211503708e-02 0.0000000000000000e+00
5.8774102589325486e-02 5.0288821215086918e-02 0.0000000000000000e+00
5.8189801477575125e-02 4.7780901748732722e-02 0.0000000000000000e+00
5.7215884692153211e-02 4.8007807224809122e-02 0.0000000000000000e+00
5.2314726408903070e-02 2.6971204659695876e-02 0.0000000000000000e+00
5.3288643194324990e-02 2.6744299183619501e-02 0.0000000000000000e+00
5.2363148366301057e-02 2.2771918422168871e-02 0.0000000000000000e+00
5.6454385407729263e-02 2.4466564291611606e-02 0.0000000000000000e+00
6.2036667368134991e-02 4.8426665194450207e-02 0.0000000000000000e+00
5.6794743621843856e-02 2.5927439469744469e-02 0.0000000000000000e+00
6.1695901905093997e-02 4.6964042034857698e-02 0.0000000000000000e+00
5.6356410460567836e-02 5.6356410460567836e-02 0.0000000000000000e+00
5.7472670398252268e-02 5.5936858664871941e-02 0.0000000000000000e+00
5.8224838452235091e-02 5.5153496600044545e-02 0.0000000000000000e+00
5.8966330091593203e-02 5.4360021298094335e-02 0.0000000000000000e+00
5.9697009352494064e-02 5.3556578254853417e-02 0.0000000000000000e+00
6.0416742253720172e-02 5.2743314793891598e-02 0.0000000000000000e+00
6.1125396821236432e-02 5.1920380039502591e-02 0.0000000000000000e+00
6.1822843112389676e-02 5.1087924889359627e-02 0.0000000000000000e+00
6.2508953239735654e-02 5.0246101986846141e-02 0.0000000000000000e+00
6.3183601394489058e-02 4.9395065693066155e-02 0.0000000000000000e+00
6.3846663869592632e-02 4.8534972058539960e-02 0.0000000000000000e+00
6.4498019082400632e-02 4.7665978794589815e-02 0.0000000000000000e+00
6.5137547596972920e-02 4.6788245244421031e-02 0.0000000000000000e+00
6.5765132145975375e-02 4.5901932353904176e-02 0.0000000000000000e+00
6.6380657652182623e-02 4.5007202642063086e-02 0.0000000000000000e+00
6.6984011249579173e-02 4.4104220171274425e-02 0.0000000000000000e+00
6.7575082304055248e-02 4.3193150517184531e-02 0.0000000000000000e+00
6.8153762433693130e-02 4.2274160738348429e-02 0.0000000000000000e+00
6.8719945528640664e-02 4.1347419345597138e-02 0.0000000000000000e+00
6.9273527770568152e-02 4.0413096271138690e-02 0.0000000000000000e+00
6.9814407651705004e-02 3.9471362837398369e-02 0.0000000000000000e+00
7.0342485993452775e-02 3.8522391725604198e-02 0.0000000000000000e+00
7.0857665964571048e-02 3.7566356944123150e-02 0.0000000000000000e+00
7.1359853098932904e-02 3.6603433796554084e-02 0.0000000000000000e+00
7.1848955312846768e-02 3.5633798849583065e-02 0.0000000000000000e+00
7.2324882921941391e-02 3.4657629900607313e-02 0.0000000000000000e+00
7.2787548657610765e-02 3.3675105945133212e-02 0.0000000000000000e+00
7.3236867683016196e-02 3.2686407143954779e-02 0.0000000000000000e+00
7.3672757608642475e-02 3.1691714790118446e-02 0.0000000000000000e+00
3.3177480156455580e-02 3.0401559342704720e-02 0.0000000000000000e+00
3.4471999940354013e-02 2.8925442435894282e-02 0.0000000000000000e+00
3.5700900313105584e-02 2.7394264305392445e-02 0.0000000000000000e+00
3.6861841993004622e-02 2.5810939635797083e-02 0.0000000000000000e+00
3.7952615061579861e-02 2.4178482375607071e-02 0.0000000000000000e+00
3.8971143170299746e-02 2.2499999999999996e-02 0.0000000000000000e+00
3.9915487493019979e-02 2.0778687595576530e-02 0.0000000000000000e+00
4.0783850416649253e-02 1.9017821778331456e-02 0.0000000000000000e+00
2.3190313600882102e-02 1.9031798524909379e-02 0.0000000000000000e+00
2.4944088369076349e-02 1.6667106990588071e-02 0.0000000000000000e+00
2.6457637930450653e-02 1.4141902104779924e-02 0.0000000000000000e+00
2.3864853865045988e-02 2.3864853865045988e-02 0.0000000000000000e+00
2.6516504294495556e-02 2.6516504294495556e-02 0.0000000000000000e+00
2.9168154723945093e-02 2.9168154723945093e-02 0.0000000000000000e+00
5.9254658123064630e-02 5.0769376748826062e-02 0.0000000000000000e+00
5.8593278386020319e-02 4.9512693067566345e-02 0.0000000000000000e+00
5.8383150249575799e-02 4.8610787469202402e-02 0.0000000000000000e+00
5.3025542714946090e-02 2.5615027305520836e-02 0.0000000000000000e+00
5.2695602588530066e-02 2.4198868326648939e-02 0.0000000000000000e+00
5.3726894046777128e-02 2.3336800378649790e-02 0.0000000000000000e+00
5.5090639727253199e-02 2.3901682335130695e-02 0.0000000000000000e+00
6.1459995922536814e-02 4.9131173948713580e-02 0.0000000000000000e+00
6.0883324476938637e-02 4.9835682702976954e-02 0.0000000000000000e+00
6.0306653031340453e-02 5.0540191457240334e-02 0.0000000000000000e+00
6.1866797447421594e-02 4.7697554685608330e-02 0.0000000000000000e+00
5.9066326584454841e-02 4.7576686820263968e-02 0.0000000000000000e+00
5.9942851691334557e-02 4.7372471891795213e-02 0.0000000000000000e+00
6.0819376798214274e-02 4.7168256963326459e-02 0.0000000000000000e+00
5.6642089261777551e-02 2.5272221066878087e-02 0.0000000000000000e+00
5.5918218514964139e-02 2.6131654398213220e-02 0.0000000000000000e+00
5.5041693408084430e-02 2.6335869326681974e-02 0.0000000000000000e+00
5.4165168301204714e-02 2.6540084255150739e-02 0.0000000000000000e+00
5.2537506330868997e-02 2.7927413867201035e-02 0.0000000000000000e+00
5.2760286252834909e-02 2.8883623074706186e-02 0.0000000000000000e+00
5.2983066174800822e-02 2.9839832282211331e-02 0.0000000000000000e+00
5.3205846096766742e-02 3.0796041489716482e-02 0.0000000000000000e+00
5.3428626018732647e-02 3.1752250697221623e-02 0.0000000000000000e+00
5.3651405940698574e-02 3.2708459904726775e-02 0.0000000000000000e+00
5.3874185862664493e-02 3.3664669112231933e-02 0.0000000000000000e+00
5.4096965784630406e-02 3.4620878319737085e-02 0.0000000000000000e+00
5.4319745706596319e-02 3.5577087527242222e-02 0.0000000000000000e+00
5.4542525628562231e-02 3.6533296734747374e-02 0.0000000000000000e+00
5.4765305550528144e-02 3.7489505942252511e-02 0.0000000000000000e+00
5.4988085472494057e-02 3.8445715149757663e-02 0.0000000000000000e+00
5.5210865394459976e-02 3.9401924357262808e-02 0.0000000000000000e+00
5.5433645316425896e-02 4.0358133564767952e-02 0.0000000000000000e+00
5.5656425238391809e-02 4.1314342772273104e-02 0.0000000000000000e+00
5.5879205160357728e-02 4.2270551979778248e-02 0.0000000000000000e+00
5.6101985082323641e-02 4.3226761187283400e-02 0.0000000000000000e+00
5.6324765004289547e-02 4.4182970394788530e-02 0.0000000000000000e+00
5.6547544926255480e-02 4.5139179602293689e-02 0.0000000000000000e+00
5.6770324848221379e-02 4.6095388809798826e-02 0.0000000000000000e+00
5.6993104770187299e-02 4.7051598017303971e-02 0.0000000000000000e+00
6.1473121983128078e-02 4.6007832827352553e-02 0.0000000000000000e+00
6.1250342061162165e-02 4.5051623619847402e-02 0.0000000000000000e+00
6.1027562139196252e-02 4.4095414412342264e-02 0.0000000000000000e+00
6.0804782217230340e-02 4.3139205204837112e-02 0.0000000000000000e+00
6.0582002295264413e-02 4.2182995997331947e-02 0.0000000000000000e+00
6.0359222373298500e-02 4.1226786789826809e-02 0.0000000000000000e+00
6.0136442451332588e-02 4.0270577582321658e-02 0.0000000000000000e+00
5.9913662529366675e-02 3.9314368374816507e-02 0.0000000000000000e+00
5.9690882607400755e-02 3.8358159167311362e-02 0.0000000000000000e+00
5.9468102685434843e-02 3.7401949959806211e-02 0.0000000000000000e+00
5.9245322763468923e-02 3.6445740752301066e-02 0.0000000000000000e+00
5.9022542841503010e-02 3.5489531544795914e-02 0.0000000000000000e+00
5.8799762919537084e-02 3.4533322337290777e-02 0.0000000000000000e+00
5.8576982997571171e-02 3.3577113129785625e-02 0.0000000000000000e+00
5.8354203075605258e-02 3.2620903922280488e-02 0.0000000000000000e+00
5.8131423153639339e-02 3.1664694714775343e-02 0.0000000000000000e+00
5.7908643231673426e-02 3.0708485507270188e-02 0.0000000000000000e+00
5.7685863309707507e-02 2.9752276299765047e-02 0.0000000000000000e+00
5.7463083387741601e-02 2.8796067092259903e-02 0.0000000000000000e+00
5.7240303465775688e-02 2.7839857884754762e-02 0.0000000000000000e+00
5.7017523543809769e-02 2.6883648677249607e-02 0.0000000000000000e+00
5.5665875203337725e-02 5.5665875203337725e-02 0.0000000000000000e+00
5.4974187759469120e-02 5.4974187759469120e-02 0.0000000000000000e+00
5.4254382491673858e-02 5.4254382491673858e-02 0.0000000000000000e+00
5.3351607272983145e-02 5.3351607272983145e-02 0.0000000000000000e+00
5.2093923435642939e-02 5.2093923435642939e-02 0.0000000000000000e+00
5.0341275250559959e-02 5.0341275250559959e-02 0.0000000000000000e+00
4.8283913321218973e-02 4.8283913321218973e-02 0.0000000000000000e+00
4.6225899800240930e-02 4.6225899800240930e-02 0.0000000000000000e+00
4.4167886279262887e-02 4.4167886279262887e-02 0.0000000000000000e+00
4.2109872758284851e-02 4.2109872758284851e-02 0.0000000000000000e+00
4.0051859237306801e-02 4.0051859237306801e-02 0.0000000000000000e+00
3.7993845716328765e-02 3.7993845716328765e-02 0.0000000000000000e+00
3.5935832195350723e-02 3.5935832195350723e-02 0.0000000000000000e+00
3.3877818674372680e-02 3.3877818674372680e-02 0.0000000000000000e+00
5.7043746775120335e-02 5.5660587077895146e-02 0.0000000000000000e+00
5.7722492511231904e-02 5.4956381415544250e-02 0.0000000000000000e+00
5.8392545452291292e-02 5.4243899524297631e-02 0.0000000000000000e+00
5.9053804690790246e-02 5.3523248701307355e-02 0.0000000000000000e+00
5.9706170643519713e-02 5.2794537473936684e-02 0.0000000000000000e+00
6.0349545066566819e-02 5.2057875583416006e-02 0.0000000000000000e+00
6.0983831070109969e-02 5.1313373968316374e-02 0.0000000000000000e+00
6.1608933133010128e-02 5.0561144747842547e-02 0.0000000000000000e+00
6.2224757117195932e-02 4.9801301204948197e-02 0.0000000000000000e+00
6.2831210281840549e-02 4.9033957769275945e-02 0.0000000000000000e+00
6.3428201297328041e-02 4.8259229999924727e-02 0.0000000000000000e+00
6.4015640259007411e-02 4.7477234568046915e-02 0.0000000000000000e+00
6.4593438700731809e-02 4.6688089239278169e-02 0.0000000000000000e+00
6.5161509608181220e-02 4.5891912856002255e-02 0.0000000000000000e+00
6.5719767431966516e-02 4.5088825319453962e-02 0.0000000000000000e+00
6.6268128100512871e-02 4.4278947571662258e-02 0.0000000000000000e+00
6.6806509032720618e-02 4.3462401577237075e-02 0.0000000000000000e+00
6.7334829150401676e-02 4.2639310305001621e-02 0.0000000000000000e+00
6.7853008890489647e-02 4.1809797709473948e-02 0.0000000000000000e+00
6.8360970217021699e-02 4.0973988712199740e-02 0.0000000000000000e+00
6.8858636632890477e-02 4.0132009182939660e-02 0.0000000000000000e+00
6.9345933191364312e-02 3.9283985920713776e-02 0.0000000000000000e+00
6.9822786507373918e-02 3.8430046634706075e-02 0.0000000000000000e+00
7.0289124768563901e-02 3.7570319925031993e-02 0.0000000000000000e+00
7.0744877746107465e-02 3.6704935263371728e-02 0.0000000000000000e+00
7.1189976805282579e-02 3.5834022973472102e-02 0.0000000000000000e+00
7.1624354915808125e-02 3.4957714211520614e-02 0.0000000000000000e+00
7.2047946661938436e-02 3.4076140946393441e-02 0.0000000000000000e+00
7.2460688252314651e-02 3.3189435939781659e-02 0.0000000000000000e+00
7.2862517529571402e-02 3.2297732726197667e-02 0.0000000000000000e+00
7.3253373979697611e-02 3.1401165592865508e-02 0.0000000000000000e+00
6.3115721940014483e-02 4.4597241001176333e-02 0.0000000000000000e+00
6.2318686881887263e-02 4.5202837394972294e-02 0.0000000000000000e+00
6.2103800896117341e-02 4.4225016152807113e-02 0.0000000000000000e+00
6.3396887362339671e-02 4.5486277490757517e-02 0.0000000000000000e+00
5.9474891057139573e-02 3.0476576434856014e-02 0.0000000000000000e+00
5.9384286054978946e-02 3.2390758462294444e-02 0.0000000000000000e+00
5.1053115850037821e-02 2.8622075346368341e-02 0.0000000000000000e+00
4.3356542454304745e-02 2.2599784061697225e-02 0.0000000000000000e+00
4.2192078994659488e-02 2.0227111506720380e-02 0.0000000000000000e+00
4.4628475759492969e-02 2.0522631758965335e-02 0.0000000000000000e+00
5.5870633220794039e-02 5.4819526858545034e-02 0.0000000000000000e+00
5.6855223661133616e-02 5.4551432266763011e-02 0.0000000000000000e+00
5.6358377864190713e-02 5.5410766373421759e-02 0.0000000000000000e+00
6.2527845515986002e-02 2.9055232234365676e-02 0.0000000000000000e+00
6.1721606152898859e-02 3.1874568752596019e-02 0.0000000000000000e+00
5.4772420888340778e-02 4.4665630790696950e-02 0.0000000000000000e+00
6.4068577486243436e-02 3.2162331347867466e-02 0.0000000000000000e+00
6.5976034365483896e-02 2.9719830785204012e-02 0.0000000000000000e+00
5.5508260287546837e-02 4.6962449678030843e-02 0.0000000000000000e+00
5.8964568729522042e-02 2.7890021714432531e-02 0.0000000000000000e+00
3.6519487924215999e-02 2.9820325949423396e-02 0.0000000000000000e+00
3.6576688712433379e-02 3.2658665491545745e-02 0.0000000000000000e+00
3.4406621070064050e-02 3.1271862275006099e-02 0.0000000000000000e+00
5.2007165235289372e-02 3.0850534778661957e-02 0.0000000000000000e+00
5.1721432703506563e-02 3.2981244494565083e-02 0.0000000000000000e+00
4.9650904567891688e-02 3.1111764361888894e-02 0.0000000000000000e+00
4.7907725604911751e-02 3.3298835517900673e-02 0.0000000000000000e+00
5.7920683050565108e-02 2.5815682571996956e-02 0.0000000000000000e+00
5.1103165749155195e-02 3.9656502645470541e-02 0.0000000000000000e+00
4.8788063472626292e-02 4.0467647102079632e-02 0.0000000000000000e+00
4.9547613545872747e-02 3.8011580442019639e-02 0.0000000000000000e+00
6.1574232340524102e-02 3.8412881289036638e-02 0.0000000000000000e+00
6.4397609997235788e-02 3.9246339771437974e-02 0.0000000000000000e+00
6.3183136208224452e-02 4.0396745510097691e-02 0.0000000000000000e+00
6.4596648624847416e-02 3.7064416468922910e-02 0.0000000000000000e+00
6.2509957591355567e-02 3.4916666560221271e-02 0.0000000000000000e+00
6.0311127758806503e-02 3.6132904875890999e-02 0.0000000000000000e+00
5.5601734177998338e-02 4.9407430392762033e-02 0.0000000000000000e+00
5.2937134035212684e-02 4.8848124065526806e-02 0.0000000000000000e+00
5.3227933980306910e-02 4.6484438470294917e-02 0.0000000000000000e+00
7.0253347668170610e-02 3.5770686011674789e-02 0.0000000000000000e+00
7.0632385603314127e-02 3.4835059299362842e-02 0.0000000000000000e+00
5.3622912872139064e-02 4.2233204063768889e-02 0.0000000000000000e+00
5.3432895825742024e-02 3.9920421011382823e-02 0.0000000000000000e+00
6.8109788097603888e-02 3.1855260108524110e-02 0.0000000000000000e+00
6.8567951582806402e-02 3.0013276407676710e-02 0.0000000000000000e+00
6.6313893965353782e-02 4.2733744747243341e-02 0.0000000000000000e+00
6.5572142310030404e-02 4.2729822245700849e-02 0.0000000000000000e+00
6.5785018186981306e-02 4.2026064233205415e-02 0.0000000000000000e+00
6.4947546003508536e-02 4.2164886378350912e-02 0.0000000000000000e+00
5.0373277083491090e-02 3.5513228220310604e-02 0.0000000000000000e+00
5.2878171301346505e-02 3.4950213340618014e-02 0.0000000000000000e+00
6.7884706353872074e-02 3.3448405024988949e-02 0.0000000000000000e+00
6.6425091139245912e-02 3.2768824759376952e-02 0.0000000000000000e+00
6.8909690460232612e-02 3.3293742431499566e-02 0.0000000000000000e+00
6.8842113949418915e-02 3.6552243401066782e-02 0.0000000000000000e+00
6.8326153948856022e-02 3.7323225764084929e-02 0.0000000000000000e+00
6.7756553359016078e-02 3.6297194685903415e-02 0.0000000000000000e+00
6.0046609493527928e-02 3.4130694849917279e-02 0.0000000000000000e+00
7.1981740495781946e-02 3.0453918253948269e-02 0.0000000000000000e+00
6.1908283189353812e-02 4.2874023468335777e-02 0.0000000000000000e+00
6.4060578149826408e-02 4.4920080239730743e-02 0.0000000000000000e+00
6.4260539511626830e-02 4.5731570728897011e-02 0.0000000000000000e+00
6.3685589928623249e-02 4.6393922372572921e-02 0.0000000000000000e+00
7.2138860928278731e-02 3.2486180267069946e-02 0.0000000000000000e+00
7.1330898364436221e-02 3.2093102173991091e-02 0.0000000000000000e+00
7.2331147101348067e-02 3.1745305892645750e-02 0.0000000000000000e+00
7.1627598286883615e-02 3.1128520380497994e-02 0.0000000000000000e+00
7.0711637463385657e-02 3.1171564300419868e-02 0.0000000000000000e+00
7.0354915516755212e-02 3.2038398690961825e-02 0.0000000000000000e+00
7.0074069066407244e-02 3.0153690814040932e-02 0.0000000000000000e+00
7.1166105495056503e-02 3.0369490975904807e-02 0.0000000000000000e+00
6.2940207736313689e-02 4.6072013207730252e-02 0.0000000000000000e+00
4.5093295396748320e-02 2.8628258723412941e-02 0.0000000000000000e+00
4.2901532255702882e-02 2.5679378939752584e-02 0.0000000000000000e+00
4.5878506555158675e-02 2.5961742874989844e-02 0.0000000000000000e+00
4.1357585983655999e-02 2.8224702481837262e-02 0.0000000000000000e+00
5.7844312012067536e-02 5.2627588031174677e-02 0.0000000000000000e+00
5.7089855143593451e-02 5.2876083637525356e-02 0.0000000000000000e+00
5.7177501048339595e-02 5.1973538405828974e-02 0.0000000000000000e+00
5.6286153599986476e-02 5.2331297968464370e-02 0.0000000000000000e+00
5.6012051924054063e-02 5.1196141465454134e-02 0.0000000000000000e+00
3.8974552616793987e-02 3.4262381848289974e-02 0.0000000000000000e+00
4.0719474811640129e-02 2.3136185311617270e-02 0.0000000000000000e+00
4.5264552187000921e-02 2.4138880335699671e-02 0.0000000000000000e+00
4.6225834029663591e-02 2.2164871717635433e-02 0.0000000000000000e+00
5.8804479710480313e-02 5.1189702480247019e-02 0.0000000000000000e+00
5.9235502353328626e-02 5.2025197386137215e-02 0.0000000000000000e+00
5.8222398496622495e-02 5.1906827122441011e-02 0.0000000000000000e+00
6.9476592731717871e-02 3.1284166740936724e-02 0.0000000000000000e+00
5.8662360740879389e-02 5.2721644231896590e-02 0.0000000000000000e+00
4.8225147142187175e-02 2.9254043298392669e-02 0.0000000000000000e+00
4.7155612553729187e-02 3.0834545689292558e-02 0.0000000000000000e+00
6.4464728146219410e-02 4.0469866418768659e-02 0.0000000000000000e+00
6.5388574982226527e-02 4.0337448990963108e-02 0.0000000000000000e+00
6.5767777860968143e-02 3.9547964115137342e-02 0.0000000000000000e+00
7.2593004925495364e-02 3.0892489041787739e-02 0.0000000000000000e+00
6.1534752951236511e-02 4.1026684619539851e-02 0.0000000000000000e+00
6.2999952979254342e-02 4.1822809295390166e-02 0.0000000000000000e+00
6.4127551279529890e-02 4.1401960021075407e-02 0.0000000000000000e+00
5.3628776821569746e-02 5.1098830728933300e-02 0.0000000000000000e+00
5.5063711654779579e-02 5.2453313218380468e-02 0.0000000000000000e+00
5.6716251057978617e-02 5.0205287297014262e-02 0.0000000000000000e+00
5.7564860982799941e-02 4.9562727334383182e-02 0.0000000000000000e+00
5.7610235114798396e-02 5.0903292197487175e-02 0.0000000000000000e+00
6.2786749873145822e-02 4.7851224761633969e-02 0.0000000000000000e+00
5.7005144334425377e-02 5.3705441086910187e-02 0.0000000000000000e+00
5.7920519094418629e-02 5.3429248988102376e-02 0.0000000000000000e+00
5.7628902668434387e-02 5.4184889881363815e-02 0.0000000000000000e+00
6.2321633073939925e-02 4.7172011764379768e-02 0.0000000000000000e+00
4.8268570178285626e-02 2.1900280690234083e-02 0.0000000000000000e+00
5.0562892092730329e-02 2.3037454339327766e-02 0.0000000000000000e+00
4.7960345604394654e-02 2.4288624023341816e-02 0.0000000000000000e+00
6.3754563505560718e-02 4.4127355397668898e-02 0.0000000000000000e+00
6.1157067544765041e-02 2.6942961408739367e-02 0.0000000000000000e+00
6.2117839549043694e-02 4.9127930243465040e-02 0.0000000000000000e+00
4.2601134236032151e-02 3.9280126712576927e-02 0.0000000000000000e+00
4.2924265575222893e-02 3.7030021516677010e-02 0.0000000000000000e+00
4.4761156720027520e-02 3.7864838019208188e-02 0.0000000000000000e+00
4.4410209164971938e-02 3.4942749972615879e-02 0.0000000000000000e+00
4.7141653085063455e-02 3.5828489304979290e-02 0.0000000000000000e+00
4.8172807299272785e-02 2.7073572296611143e-02 0.0000000000000000e+00
5.0826433236527795e-02 2.5686689494902833e-02 0.0000000000000000e+00
4.6996101225350903e-02 3.9259443012969325e-02 0.0000000000000000e+00
5.0792096970637711e-02 4.7054253464364738e-02 0.0000000000000000e+00
3.9647423439605020e-02 2.5908708422653345e-02 0.0000000000000000e+00
6.4508354526915945e-02 4.4159247733883383e-02 0.0000000000000000e+00
6.4876564556458335e-02 4.5055398555688068e-02 0.0000000000000000e+00
6.5356253936616676e-02 4.4228637255214615e-02 0.0000000000000000e+00
6.3007099343642070e-02 4.6891919350596847e-02 0.0000000000000000e+00
6.9528425190451618e-02 3.2458594559917592e-02 0.0000000000000000e+00
3.8214897714186340e-02 2.7887949184448958e-02 0.0000000000000000e+00
3.9745819795871482e-02 3.0783772002917473e-02 0.0000000000000000e+00
6.9343334786269223e-02 3.5668474480195791e-02 0.0000000000000000e+00
6.9780965415596044e-02 3.6718363770675756e-02 0.0000000000000000e+00
4.7244543542805308e-02 4.2535905729724134e-02 0.0000000000000000e+00
4.4493576985710104e-02 4.0848197479805073e-02 0.0000000000000000e+00
6.4895158030773059e-02 4.3217028777497689e-02 0.0000000000000000e+00
6.5818124212793455e-02 4.3457259591924355e-02 0.0000000000000000e+00
7.1620000319882013e-02 3.3109700821243974e-02 0.0000000000000000e+00
7.0569756070157350e-02 3.2967620330131307e-02 0.0000000000000000e+00
7.1198362018903574e-02 3.3918031645737381e-02 0.0000000000000000e+00
5.2073544078569185e-02 4.4430412100519408e-02 0.0000000000000000e+00
5.0788175317960947e-02 4.2003294898563949e-02 0.0000000000000000e+00
4.9252101689473013e-02 4.4778971342317495e-02 0.0000000000000000e+00
6.9259219400130953e-02 3.7517220600048494e-02 0.0000000000000000e+00
4.4900990005602930e-02 3.1879826456590300e-02 0.0000000000000000e+00
4.0956949406560417e-02 3.8041682675726607e-02 0.0000000000000000e+00
6.2292775154000841e-02 4.6385109429981565e-02 0.0000000000000000e+00
6.3015859692066356e-02 4.3670706537725756e-02 0.0000000000000000e+00
6.4015236159957883e-02 4.3371239271958094e-02 0.0000000000000000e+00
7.0266221046873023e-02 3.4032478652362315e-02 0.0000000000000000e+00
6.5808183405531212e-02 3.8495229542826845e-02 0.0000000000000000e+00
5.6087648229165669e-02 5.3157413115132883e-02 0.0000000000000000e+00
5.6064992559493571e-02 5.3993754035534261e-02 0.0000000000000000e+00
6.6232313433778764e-02 3.7481071504907974e-02 0.0000000000000000e+00
5.5273850302343434e-02 5.4297062182315010e-02 0.0000000000000000e+00
6.8384192833396432e-02 3.5568422078542022e-02 0.0000000000000000e+00
5.5016032083946204e-02 5.3584588732575308e-02 0.0000000000000000e+00
5.2883420651532030e-02 3.7344172334866831e-02 0.0000000000000000e+00
6.5250903166337429e-02 3.4638922918183199e-02 0.0000000000000000e+00
6.6403326542326571e-02 3.6260115331815244e-02 0.0000000000000000e+00
4.1213642233544782e-02 3.5852560102806331e-02 0.0000000000000000e+00
6.3197555227412452e-02 4.2829374247036811e-02 0.0000000000000000e+00
4.2022030879888789e-02 3.2844678795348525e-02 0.0000000000000000e+00
6.7323021891034923e-02 3.7290946451807819e-02 0.0000000000000000e+00
6.7922679869811806e-02 3.8066592432467572e-02 0.0000000000000000e+00
6.7030387075295877e-02 3.8294729104831685e-02 0.0000000000000000e+00
6.4048449065588528e-02 4.2408108965451580e-02 0.0000000000000000e+00
6.9466875086933749e-02 3.4151911884130214e-02 0.0000000000000000e+00
6.9749791838616917e-02 3.3312390543932174e-02 0.0000000000000000e+00
6.8071758895518988e-02 3.9097624471439087e-02 0.0000000000000000e+00
6.8777722692328666e-02 3.8307373901743789e-02 0.0000000000000000e+00
6.1554040797067278e-02 4.9818491953962568e-02 0.0000000000000000e+00
6.9780111943089584e-02 3.4832423072747393e-02 0.0000000000000000e+00
6.8718488478723069e-02 3.4535943244592596e-02 0.0000000000000000e+00
4.2542547299821910e-02 3.0460147617838225e-02 0.0000000000000000e+00
6.7260473593554873e-02 3.4788254580951541e-02 0.0000000000000000e+00
6.5189005759178353e-02 4.1245563551219222e-02 0.0000000000000000e+00
6.6691492919157214e-02 4.1925632359364716e-02 0.0000000000000000e+00
6.6092170986571108e-02 4.1191050957693591e-02 0.0000000000000000e+00
6.7106611966178301e-02 4.1076139783588712e-02 0.0000000000000000e+00
6.6420157143186401e-02 4.0323909131521805e-02 0.0000000000000000e+00
6.7581275605973434e-02 4.0217680436330262e-02 0.0000000000000000e+00
6.6824364956099613e-02 3.9336910225540860e-02 0.0000000000000000e+00
3.4446135013552079e-02 2.1478567113985009e-02 0.0000000000000000e+00
3.2131120797708079e-02 2.7019994231249622e-02 0.0000000000000000e+00
2.7017265591065563e-02 2.1664711075637735e-02 0.0000000000000000e+00
2.9640081310048028e-02 1.7570616437835258e-02 0.0000000000000000e+00
3.8349529730101861e-02 1.8733164451352164e-02 0.0000000000000000e+00
5.8565665144122613e-02 4.5316472893744429e-02 0.0000000000000000e+00
5.9438625361378089e-02 4.4936970504691934e-02 0.0000000000000000e+00
5.9473263812260799e-02 4.5742928766890054e-02 0.0000000000000000e+00
5.8534849877926176e-02 4.4469677119874845e-02 0.0000000000000000e+00
5.7022920609083441e-02 4.4524636057732700e-02 0.0000000000000000e+00
5.6890528226845594e-02 4.3605082507265053e-02 0.0000000000000000e+00
5.7713615549419277e-02 4.4031816877601819e-02 0.0000000000000000e+00
5.5655837333689284e-02 3.3979221275980367e-02 0.0000000000000000e+00
5.6516078682849698e-02 3.4025532691532960e-02 0.0000000000000000e+00
5.5877834389093176e-02 3.4935829935816148e-02 0.0000000000000000e+00
6.0303076687851828e-02 4.4947309111119507e-02 0.0000000000000000e+00
6.0512002955670115e-02 4.5761000696351993e-02 0.0000000000000000e+00
5.5437812463538232e-02 3.3020652607302865e-02 0.0000000000000000e+00
5.6293247558317633e-02 3.3069290490090206e-02 0.0000000000000000e+00
5.8392857669495986e-02 4.6159788679546752e-02 0.0000000000000000e+00
5.7485079619847113e-02 3.1378624074992756e-02 0.0000000000000000e+00
5.7480173828994001e-02 3.2102583258135704e-02 0.0000000000000000e+00
5.6812988003713115e-02 3.1653199099409425e-02 0.0000000000000000e+00
5.6609322143242241e-02 2.8633908446460105e-02 0.0000000000000000e+00
5.6990177651453734e-02 2.9413477180461892e-02 0.0000000000000000e+00
5.6105235050149367e-02 2.9372800190561953e-02 0.0000000000000000e+00
5.5211312489828197e-02 2.9366021862320974e-02 0.0000000000000000e+00
5.4620985644659899e-02 2.8786626818978273e-02 0.0000000000000000e+00
5.5627386800424027e-02 2.8591908507868281e-02 0.0000000000000000e+00
5.7661297613733876e-02 4.4857986945495178e-02 0.0000000000000000e+00
5.5222096680064010e-02 3.2085744760313388e-02 0.0000000000000000e+00
5.6091531529377188e-02 3.2220672943111144e-02 0.0000000000000000e+00
5.8577194678999189e-02 4.3667768606473853e-02 0.0000000000000000e+00
5.6572585851653083e-02 3.0116290528741090e-02 0.0000000000000000e+00
5.7076115889013526e-02 3.0792048977084829e-02 0.0000000000000000e+00
5.5010633240247749e-02 3.1091547150416295e-02 0.0000000000000000e+00
5.5991535324095475e-02 3.1143418359112364e-02 0.0000000000000000e+00
5.6791509146534615e-02 3.2351732342438579e-02 0.0000000000000000e+00
5.4689990502493888e-02 3.0228372114149998e-02 0.0000000000000000e+00
5.5586587885498896e-02 3.0223722165460438e-02 0.0000000000000000e+00
5.6053680032307242e-02 2.7937939702906301e-02 0.0000000000000000e+00
5.7066370311288139e-02 3.3416289567905169e-02 0.0000000000000000e+00
5.7291696950998068e-02 3.2800903753532305e-02 0.0000000000000000e+00
5.7764677785248776e-02 3.3244622940343659e-02 0.0000000000000000e+00
5.7289168819774493e-02 3.4372510750215128e-02 0.0000000000000000e+00
5.7534135584962377e-02 3.3807904315462066e-02 0.0000000000000000e+00
5.7991534913041994e-02 3.4211356812989806e-02 0.0000000000000000e+00
5.7511951168024288e-02 3.5328721522146868e-02 0.0000000000000000e+00
5.7757624235558545e-02 3.4765933515049065e-02 0.0000000000000000e+00
5.8214462284137479e-02 3.5167943444067450e-02 0.0000000000000000e+00
5.6738865308835880e-02 3.4981746223584360e-02 0.0000000000000000e+00
5.6100485094523311e-02 3.5892106531193402e-02 0.0000000000000000e+00
5.7734731406103447e-02 3.6284930933756294e-02 0.0000000000000000e+00
5.7980430250142781e-02 3.5722208287990942e-02 0.0000000000000000e+00
5.8437247693332986e-02 3.6124166285641954e-02 0.0000000000000000e+00
5.9408241577268373e-02 4.4120456480490261e-02 0.0000000000000000e+00
6.0111832579209219e-02 4.4120712118621792e-02 0.0000000000000000e+00
5.7957511369180217e-02 3.7241140167850628e-02 0.0000000000000000e+00
5.8203211203297307e-02 3.6678419904603014e-02 0.0000000000000000e+00
5.8660027839772991e-02 3.7080376000460519e-02 0.0000000000000000e+00
5.8180291296568168e-02 3.8197349378836148e-02 0.0000000000000000e+00
5.8425991173493314e-02 3.7634629208665657e-02 0.0000000000000000e+00
5.8882807764896662e-02 3.8036585232136551e-02 0.0000000000000000e+00
5.6961646107755518e-02 3.5937955997537227e-02 0.0000000000000000e+00
5.6323243645277674e-02 3.6848327076357906e-02 0.0000000000000000e+00
5.8403071219264122e-02 3.9153558586809079e-02 0.0000000000000000e+00
5.8648771069326970e-02 3.8590838442719037e-02 0.0000000000000000e+00
5.9105587522702167e-02 3.8992794586085573e-02 0.0000000000000000e+00
5.8625851141326069e-02 4.0109767794375750e-02 0.0000000000000000e+00
5.8871550187430746e-02 3.9547048367924914e-02 0.0000000000000000e+00
5.9328362782786109e-02 3.9949007965358996e-02 0.0000000000000000e+00
5.8848632431251970e-02 4.1065979864605480e-02 0.0000000000000000e+00
5.9094307602230799e-02 4.0503277722281399e-02 0.0000000000000000e+00
5.9551010954198215e-02 4.0905331027189094e-02 0.0000000000000000e+00
5.7184426144167862e-02 3.6894165279213111e-02 0.0000000000000000e+00
5.6546020026902004e-02 3.7804538187375898e-02 0.0000000000000000e+00
5.9070121558382413e-02 4.2022920829932031e-02 0.0000000000000000e+00
5.9316449909306117e-02 4.1460033200175779e-02 0.0000000000000000e+00
5.9771386361173059e-02 4.1863969402050616e-02 0.0000000000000000e+00
5.9257723605610560e-02 4.3012095132054354e-02 0.0000000000000000e+00
5.9529135669205015e-02 4.2427110195647162e-02 0.0000000000000000e+00
5.9972470254873796e-02 4.2849264712485714e-02 0.0000000000000000e+00
5.9688707485849396e-02 4.3484917040427701e-02 0.0000000000000000e+00
5.7407206081184187e-02 3.7850374496361777e-02 0.0000000000000000e+00
5.6768799361640990e-02 3.8760747713942112e-02 0.0000000000000000e+00
5.4078413430584685e-02 3.1137698962059840e-02 0.0000000000000000e+00
5.3872721081160743e-02 3.0264739462991297e-02 0.0000000000000000e+00
5.7629986005129960e-02 3.8806583705135511e-02 0.0000000000000000e+00
5.6991579186108150e-02 3.9716956974862223e-02 0.0000000000000000e+00
5.7622325141052658e-02 4.3064787224340012e-02 0.0000000000000000e+00
5.4299868925672720e-02 3.2094891334205705e-02 0.0000000000000000e+00
5.7852765927356310e-02 3.9762792912807536e-02 0.0000000000000000e+00
5.7214485963303890e-02 4.0656916747951535e-02 0.0000000000000000e+00
5.4522653264124428e-02 3.3051129446787474e-02 0.0000000000000000e+00
5.8075545849356501e-02 4.0719002120334642e-02 0.0000000000000000e+00
5.4745433745056749e-02 3.4007339507607939e-02 0.0000000000000000e+00
5.7535111408319607e-02 4.1385182007597367e-02 0.0000000000000000e+00
5.6304893142490216e-02 4.0700803891878280e-02 0.0000000000000000e+00
5.6082113220524581e-02 3.9744594684373476e-02 0.0000000000000000e+00
5.8298325771326924e-02 4.1675211327842680e-02 0.0000000000000000e+00
5.8521109939125418e-02 4.2631415105237366e-02 0.0000000000000000e+00
5.5859333298564212e-02 3.8788385476874659e-02 0.0000000000000000e+00
5.7540308977255004e-02 4.2169008300934584e-02 0.0000000000000000e+00
5.5636553376642993e-02 3.7832176269421765e-02 0.0000000000000000e+00
5.5413773454967223e-02 3.6875967062260977e-02 0.0000000000000000e+00
5.5190993534844891e-02 3.5919757856945865e-02 0.0000000000000000e+00
5.4968213624662005e-02 3.4963548663342656e-02 0.0000000000000000e+00
5.7583189575596251e-02 4.5666139121723591e-02 0.0000000000000000e+00
5.6527020266192538e-02 4.1656762580229129e-02 0.0000000000000000e+00
5.6737961337512938e-02 4.2600691560360976e-02 0.0000000000000000e+00
5.4180175556787495e-02 2.9596187158800601e-02 0.0000000000000000e+00
5.3970373485774645e-02 2.8351382837288049e-02 0.0000000000000000e+00
5.3702977423746266e-02 2.9091530433702249e-02 0.0000000000000000e+00
5.3389346337544448e-02 2.7960399665370610e-02 0.0000000000000000e+00
5.5009216242457498e-02 2.8001249931932606e-02 0.0000000000000000e+00
5.4339429013404848e-02 2.7384867099038347e-02 0.0000000000000000e+00
5.3339136600965217e-02 2.7254711452092625e-02 0.0000000000000000e+00
6.0731381931754549e-02 4.6606406562928041e-02 0.0000000000000000e+00
5.9945036257086283e-02 4.6364834963884334e-02 0.0000000000000000e+00
5.7561447267621510e-02 4.6428017798905388e-02 0.0000000000000000e+00
5.6101338438458138e-02 2.6639887553099744e-02 0.0000000000000000e+00
5.5461068705068658e-02 2.7250372236169787e-02 0.0000000000000000e+00
5.9155582610220706e-02 4.6714124518891453e-02 0.0000000000000000e+00
5.8082143581672664e-02 4.7102703544064768e-02 0.0000000000000000e+00
5.6374782836977944e-02 2.7310341210539390e-02 0.0000000000000000e+00
5.9316841595854729e-02 4.8328302831916893e-02 0.0000000000000000e+00
6.0133492153754145e-02 4.9385351472946148e-02 0.0000000000000000e+00
5.9465360978207878e-02 5.0290189028861586e-02 0.0000000000000000e+00
6.0908990610293146e-02 4.8059227377951819e-02 0.0000000000000000e+00
5.5601692329646221e-02 2.5243924394245405e-02 0.0000000000000000e+00
5.4463127658068662e-02 2.5355554946956783e-02 0.0000000000000000e+00
5.3854029466248426e-02 2.4496742068611587e-02 0.0000000000000000e+00
5.6975128894106067e-02 5.6975128894106067e-02 0.0000000000000000e+00
8.0449999999999994e-02 0.0000000000000000e+00 0.0000000000000000e+00
5.6886740546457752e-02 5.6886740546457752e-02 0.0000000000000000e+00
8.0324999999999994e-02 0.0000000000000000e+00 0.0000000000000000e+00
5.6798352198809431e-02 5.6798352198809431e-02 0.0000000000000000e+00
5.7716029091441502e-02 5.6224466301743381e-02 0.0000000000000000e+00
5.8447039944315070e-02 5.5464169936524227e-02 0.0000000000000000e+00
5.9168036197780362e-02 5.4694370071316778e-02 0.0000000000000000e+00
5.9878894312841040e-02 5.3915198607364989e-02 0.0000000000000000e+00
6.0579492487618562e-02 5.3126789051688092e-02 0.0000000000000000e+00
6.1269710678222448e-02 5.2329276494204588e-02 0.0000000000000000e+00
6.1949430619318957e-02 5.1522797584585653e-02 0.0000000000000000e+00
6.2618535844395404e-02 5.0707490508840679e-02 0.0000000000000000e+00
6.3276911705715991e-02 4.9883494965639888e-02 0.0000000000000000e+00
6.3924445393966245e-02 4.9050952142377681e-02 0.0000000000000000e+00
6.4561025957582188e-02 4.8210004690980870e-02 0.0000000000000000e+00
6.5186544321761380e-02 4.7360796703466039e-02 0.0000000000000000e+00
6.5800893307152261e-02 4.6503473687250108e-02 0.0000000000000000e+00
6.6403967648218903e-02 4.5638182540218411e-02 0.0000000000000000e+00
6.6995664011277573e-02 4.4765071525554437e-02 0.0000000000000000e+00
6.7575881012202507e-02 4.3884290246335861e-02 0.0000000000000000e+00
6.8144519233797607e-02 4.2995989619900449e-02 0.0000000000000000e+00
6.8701481242830945e-02 4.2100321851987622e-02 0.0000000000000000e+00
6.9246671606729523e-02 4.1197440410658509e-02 0.0000000000000000e+00
6.9779996909931113e-02 4.0287500000000032e-02 0.0000000000000000e+00
7.0301365769890600e-02 3.9370656533617182e-02 0.0000000000000000e+00
7.0810688852737835e-02 3.8447067107917968e-02 0.0000000000000000e+00
7.1307878888584586e-02 3.7516889975195873e-02 0.0000000000000000e+00
7.1792850686477727e-02 3.6580284516514003e-02 0.0000000000000000e+00
7.2265521148996356e-02 3.5637411214396043e-02 0.0000000000000000e+00
7.2725809286489973e-02 3.4688431625328447e-02 0.0000000000000000e+00
7.3173636230955894e-02 3.3733508352078327e-02 0.0000000000000000e+00
7.3608925249552537e-02 3.2772805015832657e-02 0.0000000000000000e+00
7.4031601757747451e-02 3.1806486228162387e-02 0.0000000000000000e+00
7.4441593332096906e-02 3.0834717562817159e-02 0.0000000000000000e+00
7.4838829722655278e-02 2.9857665527355099e-02 0.0000000000000000e+00
7.5223242865012002e-02 2.8875497534612611e-02 0.0000000000000000e+00
7.5594766891954143e-02 2.7888381874019031e-02 0.0000000000000000e+00
7.5953338144752261e-02 2.6896487682761119e-02 0.0000000000000000e+00
7.6298895184068127e-02 2.5899984916802270e-02 0.0000000000000000e+00
7.6631378800481986e-02 2.4899044321761401e-02 0.0000000000000000e+00
7.6950732024637813e-02 2.3893837403656640e-02 0.0000000000000000e+00
7.7256900137004647e-02 2.2884536399518571e-02 0.0000000000000000e+00
7.7549830677252601e-02 2.1871314247878429e-02 0.0000000000000000e+00
7.7829473453241649e-02 2.0854344559135679e-02 0.0000000000000000e+00
7.8095780549621713e-02 1.9833801585811169e-02 0.0000000000000000e+00
7.8348706336042767e-02 1.8809860192689629e-02 0.0000000000000000e+00
7.8588207474973387e-02 1.7782695826857500e-02 0.0000000000000000e+00
7.8814242929126380e-02 1.6752484487640999e-02 0.0000000000000000e+00
7.9026773968490283e-02 1.5719402696449569e-02 0.0000000000000000e+00
7.9225764176965627e-02 1.4683627466529811e-02 0.0000000000000000e+00
7.9411179458604597e-02 1.3645336272635179e-02 0.0000000000000000e+00
7.9582988043453207e-02 1.2604707020616619e-02 0.0000000000000000e+00
7.9741160492994928e-02 1.1561918016939281e-02 0.0000000000000000e+00
7.9885669705194770e-02 1.0517147938130659e-02 0.0000000000000000e+00
8.0016490919143174e-02 9.4705758001652693e-03 0.0000000000000000e+00
8.0133601719298619e-02 8.4223809277911739e-03 0.0000000000000000e+00
8.0236982039328358e-02 7.3727429238037078e-03 0.0000000000000000e+00
8.0326614165546775e-02 6.3218416382711607e-03 0.0000000000000000e+00
8.0402482739950473e-02 5.2698571377188261e-03 0.0000000000000000e+00
8.0464574762849780e-02 4.2169696742752434e-03 0.0000000000000000e+00
8.0512879595096246e-02 3.1633596547869900e-03 0.0000000000000000e+00
8.0547388959905514e-02 2.1092076099069111e-03 0.0000000000000000e+00
8.0568096944275608e-02 1.0546941631611041e-03 0.0000000000000000e+00
8.0443107653328863e-02 1.0530579637146561e-03 0.0000000000000000e+00
8.0422431794283572e-02 2.1059354913683971e-03 0.0000000000000000e+00
8.0387975965566155e-02 3.1584521778170410e-03 0.0000000000000000e+00
8.0339746071005455e-02 4.2104276797448091e-03 0.0000000000000000e+00
8.0277750374545639e-02 5.2616817465649937e-03 0.0000000000000000e+00
8.0201999498830140e-02 6.3120342513051150e-03 0.0000000000000000e+00
8.0112506423381538e-02 7.3613052214707179e-03 0.0000000000000000e+00
8.0009286482377595e-02 8.4093148698826878e-03 0.0000000000000000e+00
7.9892357362023811e-02 9.4558836254830091e-03 0.0000000000000000e+00
7.9761739097523043e-02 1.0500832164103130e-02 0.0000000000000000e+00
7.9617454069642463e-02 1.1543981439190359e-02 0.0000000000000000e+00
7.9459527000878827e-02 1.2585152712486560e-02 0.0000000000000000e+00
7.9287984951222343e-02 1.3624167584654019e-02 0.0000000000000000e+00
7.9102857313520139e-02 1.4660848025843229e-02 0.0000000000000000e+00
7.8904175808439891e-02 1.5695016406197491e-02 0.0000000000000000e+00
7.8691974479034657e-02 1.6726495526288711e-02 0.0000000000000000e+00
7.8466289684909846e-02 1.7755108647479749e-02 0.0000000000000000e+00
7.8227160095993079e-02 1.8780679522207581e-02 0.0000000000000000e+00
7.7974626685908391e-02 1.9803032424182451e-02 0.0000000000000000e+00
7.7708732724955543e-02 2.0821992178497759e-02 0.0000000000000000e+00
7.7429523772695921e-02 2.1837384191645201e-02 0.0000000000000000e+00
7.7137047670146133e-02 2.2849034481430549e-02 0.0000000000000000e+00
7.6831354531580673e-02 2.3856769706784669e-02 0.0000000000000000e+00
7.6512496735945110e-02 2.4860417197464471e-02 0.0000000000000000e+00
7.6180528917881254e-02 2.5859804983639309e-02 0.0000000000000000e+00
7.5835507958365758e-02 2.6854761825356840e-02 0.0000000000000000e+00
7.5477492974963853e-02 2.7845117241884279e-02 0.0000000000000000e+00
7.5106545311699885e-02 2.8830701540919379e-02 0.0000000000000000e+00
7.4722728528546320e-02 2.9811345847666270e-02 0.0000000000000000e+00
7.4326108390533024e-02 3.0786882133771429e-02 0.0000000000000000e+00
7.3916752856478876e-02 3.1757143246114262e-02 0.0000000000000000e+00
7.3494732067347246e-02 3.2721962935448087e-02 0.0000000000000000e+00
7.3060118334227805e-02 3.3681175884886061e-02 0.0000000000000000e+00
7.2612986125946286e-02 3.4634617738227319e-02 0.0000000000000000e+00
7.2153412056304780e-02 3.5582125128118633e-02 0.0000000000000000e+00
7.1681474870954193e-02 3.6523535704046532e-02 0.0000000000000000e+00
7.1197255433901707e-02 3.7458688160155212e-02 0.0000000000000000e+00
7.0700836713655110e-02 3.8387422262885502e-02 0.0000000000000000e+00
7.0192303769006523e-02 3.9309578878430028e-02 0.0000000000000000e+00
6.9671743734458086e-02 4.0224999999999997e-02 0.0000000000000000e+00
6.9139245805291877e-02 4.1133528774898821e-02 0.0000000000000000e+00
6.8594901222286717e-02 4.2035009531398070e-02 0.0000000000000000e+00
6.8038803256084648e-02 4.2929287805410943e-02 0.0000000000000000e+00
6.7471047191209360e-02 4.3816210366958923e-02 0.0000000000000000e+00
6.6891730309739758e-02 4.4695625246427000e-02 0.0000000000000000e+00
6.6300951874641148e-02 4.5567381760602807e-02 0.0000000000000000e+00
6.5698813112757048e-02 4.6431330538495463e-02 0.0000000000000000e+00
6.5085417197464496e-02 4.7287323546929480e-02 0.0000000000000000e+00
6.4460869230995810e-02 4.8135214115909541e-02 0.0000000000000000e+00
6.3825276226429847e-02 4.8974856963751603e-02 0.0000000000000000e+00
6.3178747089355905e-02 4.9806108221976182e-02 0.0000000000000000e+00
6.2521392599213271e-02 5.0628825459959462e-02 0.0000000000000000e+00
6.1853325390309792e-02 5.1442867709338078e-02 0.0000000000000000e+00
6.1174659932522447e-02 5.2248095488163317e-02 0.0000000000000000e+00
6.0485512511683708e-02 5.3044370824800562e-02 0.0000000000000000e+00
5.9786001209656332e-02 5.3831557281570172e-02 0.0000000000000000e+00
5.9076245884100868e-02 5.4609519978125187e-02 0.0000000000000000e+00
5.8356368147938500e-02 5.5378125614562533e-02 0.0000000000000000e+00
5.7626491348513387e-02 5.6137242494263197e-02 0.0000000000000000e+00
8.0318118362382104e-02 1.0514217642682380e-03 0.0000000000000000e+00
8.0297474628661630e-02 2.1026633728299131e-03 0.0000000000000000e+00
8.0263072336036065e-02 3.1535447008471940e-03 0.0000000000000000e+00
8.0214917379161144e-02 4.2038856852144417e-03 0.0000000000000000e+00
8.0153018009140820e-02 5.2535063554112254e-03 0.0000000000000000e+00
8.0077384832113491e-02 6.3022268643391343e-03 0.0000000000000000e+00
7.9988030807434704e-02 7.3498675191377922e-03 0.0000000000000000e+00
7.9884971245456543e-02 8.3962488119742659e-03 0.0000000000000000e+00
7.9768223804904448e-02 9.4411914508008166e-03 0.0000000000000000e+00
7.9637808489851317e-02 1.0484516390075620e-02 0.0000000000000000e+00
7.9493747646290011e-02 1.1526044861441461e-02 0.0000000000000000e+00
7.9336065958304433e-02 1.2565598404356530e-02 0.0000000000000000e+00
7.9164790443840088e-02 1.3602998896672901e-02 0.0000000000000000e+00
7.8979950450074651e-02 1.4638068585156740e-02 0.0000000000000000e+00
7.8781577648389473e-02 1.5670630115945512e-02 0.0000000000000000e+00
7.8569706028942934e-02 1.6700506564936501e-02 0.0000000000000000e+00
7.8344371894846276e-02 1.7727521468102060e-02 0.0000000000000000e+00
7.8105613855943376e-02 1.8751498851725591e-02 0.0000000000000000e+00
7.7853472822195041e-02 1.9772263262553859e-02 0.0000000000000000e+00
7.7587991996669409e-02 2.0789639797859982e-02 0.0000000000000000e+00
7.7309216868139213e-02 2.1803454135412091e-02 0.0000000000000000e+00
7.7017195203287606e-02 2.2813532563342589e-02 0.0000000000000000e+00
7.6711977038523504e-02 2.3819702009912749e-02 0.0000000000000000e+00
7.6393614671408205e-02 2.4821790073167638e-02 0.0000000000000000e+00
7.6062162651694354e-02 2.5819625050476452e-02 0.0000000000000000e+00
7.5717677771979228e-02 2.6813035967952651e-02 0.0000000000000000e+00
7.5360219057973535e-02 2.7801852609749631e-02 0.0000000000000000e+00
7.4989847758387726e-02 2.8785905547226251e-02 0.0000000000000000e+00
7.4606627334437306e-02 2.9765026167977611e-02 0.0000000000000000e+00
7.4210623448969087e-02 3.0739046704725860e-02 0.0000000000000000e+00
7.3801903955210246e-02 3.1707800264066263e-02 0.0000000000000000e+00
7.3380538885141913e-02 3.2671120855063650e-02 0.0000000000000000e+00
7.2946600437499648e-02 3.3628843417693920e-02 0.0000000000000000e+00
7.2500162965402543e-02 3.4580803851126322e-02 0.0000000000000000e+00
7.2041302963613177e-02 3.5526839041841292e-02 0.0000000000000000e+00
7.1570099055430630e-02 3.6466786891579117e-02 0.0000000000000000e+00
7.1086631979218814e-02 3.7400486345114600e-02 0.0000000000000000e+00
7.0590984574572344e-02 3.8327777417853072e-02 0.0000000000000000e+00
7.0083241768122417e-02 3.9248501223242908e-02 0.0000000000000000e+00
6.9563490558985031e-02 4.0162499999999997e-02 0.0000000000000000e+00
6.9031820003854175e-02 4.1069617139139217e-02 0.0000000000000000e+00
6.8488321201742433e-02 4.1969697210808607e-02 0.0000000000000000e+00
6.7933087278371634e-02 4.2862585990921513e-02 0.0000000000000000e+00
6.7366213370216158e-02 4.3748130487582082e-02 0.0000000000000000e+00
6.6787796608201916e-02 4.4626178967299583e-02 0.0000000000000000e+00
6.6197936101063379e-02 4.5496580980987231e-02 0.0000000000000000e+00
6.5596732918361850e-02 4.6359187389740812e-02 0.0000000000000000e+00
6.4984290073167625e-02 4.7213850390392921e-02 0.0000000000000000e+00
6.4360712504409431e-02 4.8060423540838212e-02 0.0000000000000000e+00
6.3726107058893436e-02 4.8898761785125512e-02 0.0000000000000000e+00
6.3080582472995805e-02 4.9728721478312449e-02 0.0000000000000000e+00
6.2424249354031153e-02 5.0550160411078231e-02 0.0000000000000000e+00
6.1757220161300599e-02 5.1362937834090502e-02 0.0000000000000000e+00
6.1079609186822453e-02 5.2166914482122052e-02 0.0000000000000000e+00
6.0391532535748839e-02 5.2961952597913052e-02 0.0000000000000000e+00
5.9693108106471660e-02 5.3747915955775313e-02 0.0000000000000000e+00
5.8984455570421410e-02 5.4524669884933569e-02 0.0000000000000000e+00
5.8265696351561973e-02 5.5292081292600812e-02 0.0000000000000000e+00
5.7536953605585313e-02 5.6050018686782992e-02 0.0000000000000000e+00
$EndNodes
$Elements
14 2089 1 2089
2 20 2 567
1 184 186 185
2 184 185 187
3 119 189 188
4 83 190 84
5 191 193 192
6 192 193 152
7 194 196 195
8 182 47 183
9 195 196 153
10 181 45 46
11 119 188 120
12 180 45 181
13 188 198 197
14 179 44 180
15 199 101 100
16 178 42 43
17 200 201 197
18 177 42 178
19 102 202 103
20 176 41 177
21 121 188 203
22 175 40 176
23 204 206 205
24 175 39 40
25 205 206 138
26 173 38 174
27 207 209 208
28 172 38 173
29 208 209 210
30 171 37 172
31 147 79 211
32 170 36 171
33 211 79 16
34 169 35 170
35 122 203 123
36 168 34 169
37 212 214 213
38 167 33 168
39 215 217 216
40 166 32 167
41 216 218 215
42 165 31 166
43 219 215 218
44 164 30 165
45 113 220 114
46 164 29 30
47 160 74 159
48 162 29 163
49 159 74 7
50 162 28 29
51 159 7 158
52 161 27 28
53 221 202 222
54 160 26 27
55 222 202 223
56 159 25 26
57 87 207 208
58 157 24 158
59 189 198 188
60 156 23 157
61 87 208 88
62 155 22 156
63 224 178 225
64 154 21 155
65 225 178 179
66 96 227 226
67 14 79 147
68 228 229 201
69 201 229 143
70 230 232 231
71 70 71 148
72 121 203 122
73 148 71 14
74 231 232 233
75 234 235 208
76 208 235 89
77 148 14 147
78 96 226 97
79 228 237 236
80 228 236 238
81 239 241 240
82 154 20 21
83 211 124 203
84 203 124 123
85 117 242 189
86 243 139 140
87 117 189 118
88 244 107 106
89 13 70 149
90 12 68 11
91 88 208 89
92 187 245 184
93 187 246 245
94 149 70 148
95 246 187 247
96 248 250 249
97 249 250 251
98 251 252 249
99 253 249 252
100 254 255 141
101 142 254 141
102 185 256 187
103 243 255 251
104 255 254 252
105 251 255 252
106 257 259 258
107 260 257 258
108 261 263 262
109 263 265 264
110 263 264 262
111 205 137 266
112 137 136 266
113 267 258 191
114 191 258 268
115 259 268 258
116 191 269 193
117 191 268 269
118 181 46 182
119 270 272 271
120 186 244 106
121 254 229 273
122 178 43 179
123 105 186 106
124 274 272 261
125 177 41 42
126 257 276 275
127 277 278 216
128 278 279 216
129 176 40 41
130 219 220 215
131 183 2 19
132 277 216 217
133 174 39 175
134 280 183 19
135 139 280 19
136 281 282 217
137 217 282 283
138 46 47 182
139 9 10 67
140 283 277 217
141 284 265 221
142 265 284 285
143 47 2 183
144 284 128 285
145 223 202 199
146 163 29 164
147 202 101 199
148 286 287 221
149 161 28 162
150 73 74 160
151 287 286 288
152 288 8 287
153 160 27 161
154 287 8 66
155 15 162 289
156 162 163 289
157 159 26 160
158 290 292 291
159 291 292 155
160 289 293 75
161 158 25 159
162 289 75 15
163 294 296 295
164 267 192 54
165 158 24 25
166 294 269 296
167 157 23 24
168 268 296 269
169 38 39 174
170 184 245 297
171 270 271 7
172 270 7 65
173 37 38 172
174 180 44 45
175 267 191 192
176 36 37 171
177 145 298 197
178 203 298 146
179 156 22 23
180 35 36 170
181 299 162 15
182 284 222 130
183 43 44 179
184 34 35 169
185 284 130 129
186 18 1 153
187 33 34 168
188 193 151 152
189 155 21 22
190 272 270 288
191 153 20 154
192 32 33 167
193 1 20 153
194 288 270 8
195 31 32 166
196 30 31 165
197 300 302 301
198 303 301 302
199 304 303 302
200 296 268 259
201 305 296 259
202 305 306 296
203 214 304 307
204 304 302 307
205 223 308 222
206 130 222 308
207 308 131 130
208 258 309 260
209 258 267 309
210 245 311 310
211 245 310 297
212 312 310 311
213 53 267 54
214 311 167 312
215 247 256 313
216 256 247 187
217 195 153 154
218 229 228 273
219 273 228 314
220 206 204 49
221 204 316 315
222 189 119 118
223 204 50 49
224 50 204 315
225 196 194 125
226 194 126 125
227 317 318 224
228 137 205 138
229 319 213 307
230 307 320 319
231 310 312 321
232 322 321 312
233 323 249 324
234 324 325 323
235 326 226 327
236 318 177 224
237 223 199 326
238 326 308 223
239 328 132 131
240 131 308 328
241 239 240 329
242 303 210 330
243 301 331 300
244 135 300 331
245 256 332 313
246 327 319 328
247 213 319 327
248 306 295 296
249 294 295 150
250 293 313 332
251 17 293 332
252 311 245 246
253 246 166 311
254 320 307 302
255 302 300 320
256 134 320 300
257 280 250 183
258 183 250 182
259 324 249 253
260 132 328 319
261 323 325 180
262 319 133 132
263 190 275 209
264 276 209 275
265 186 184 333
266 333 184 297
267 226 227 327
268 214 234 304
269 249 323 248
270 181 248 323
271 227 212 327
272 274 271 272
273 271 274 157
274 305 259 257
275 310 321 334
276 256 185 332
277 322 312 168
278 332 185 104
279 313 293 289
280 226 326 199
281 209 276 210
282 226 98 97
283 330 210 276
284 324 335 325
285 105 185 186
286 274 156 157
287 252 254 273
288 252 273 253
289 327 328 326
290 281 217 215
291 110 281 215
292 216 336 218
293 290 262 337
294 290 337 338
295 262 290 291
296 336 339 218
297 284 221 222
298 202 102 101
299 198 200 197
300 203 188 197
301 197 201 144
302 338 340 194
303 340 126 194
304 341 241 239
305 317 341 239
306 146 147 211
307 247 165 246
308 242 219 198
309 220 219 242
310 220 242 115
311 285 342 337
312 285 337 264
313 297 310 334
314 297 334 333
315 115 242 116
316 243 280 139
317 243 251 280
318 250 280 251
319 227 343 212
320 254 142 229
321 142 143 229
322 212 343 214
323 110 215 111
324 344 219 218
325 218 345 344
326 289 164 313
327 235 234 343
328 343 234 214
329 235 343 91
330 200 344 237
331 344 200 219
332 247 313 164
333 165 247 164
334 265 286 221
335 221 287 10
336 306 69 295
337 13 295 69
338 343 92 91
339 271 157 158
340 7 271 158
341 128 284 129
342 307 213 214
343 192 152 4
344 301 346 331
345 331 346 136
346 55 192 4
347 198 219 200
348 111 215 112
349 113 215 220
350 298 203 197
351 244 186 333
352 244 333 347
353 213 327 212
354 237 228 201
355 304 210 303
356 210 234 208
357 304 234 210
358 196 125 18
359 309 267 52
360 348 346 303
361 201 200 237
362 349 350 240
363 188 121 120
364 347 333 334
365 215 113 112
366 138 206 3
367 206 48 3
368 150 295 149
369 295 13 149
370 244 281 108
371 281 109 108
372 281 110 109
373 335 225 325
374 225 179 325
375 197 144 145
376 69 306 68
377 306 11 68
378 227 94 343
379 227 95 94
380 350 349 351
381 153 196 18
382 11 306 190
383 305 190 306
384 275 190 305
385 328 308 326
386 321 231 233
387 321 233 352
388 230 231 322
389 230 322 169
390 11 190 83
391 353 335 354
392 238 353 354
393 189 242 198
394 146 211 203
395 281 244 282
396 244 347 282
397 202 10 103
398 209 207 190
399 199 100 99
400 207 85 190
401 351 355 350
402 350 355 356
403 190 85 84
404 343 94 93
405 161 357 160
406 73 357 72
407 124 211 16
408 85 207 86
409 358 225 335
410 334 321 352
411 334 352 347
412 231 321 322
413 225 358 224
414 353 238 359
415 353 358 335
416 358 353 359
417 354 324 314
418 202 221 10
419 324 354 335
420 288 263 272
421 238 354 314
422 282 347 352
423 288 265 263
424 244 108 107
425 169 322 168
426 220 115 114
427 52 267 53
428 257 360 330
429 257 330 276
430 260 309 315
431 315 309 51
432 344 361 237
433 316 360 260
434 360 316 348
435 360 257 260
436 298 145 146
437 301 303 346
438 51 309 52
439 331 136 135
440 95 227 96
441 233 232 362
442 233 362 283
443 363 232 230
444 363 230 170
445 325 179 180
446 127 342 128
447 168 312 167
448 300 135 134
449 176 318 329
450 116 242 117
451 92 343 93
452 285 264 265
453 235 91 90
454 285 128 342
455 315 51 50
456 352 233 283
457 352 283 282
458 315 316 260
459 329 240 356
460 349 240 241
461 228 238 314
462 323 180 181
463 286 265 288
464 170 230 169
465 239 329 318
466 320 134 133
467 167 311 166
468 261 272 263
469 204 205 316
470 133 319 320
471 318 176 177
472 363 364 232
473 232 364 362
474 362 364 278
475 362 278 277
476 365 364 363
477 365 363 171
478 290 338 195
479 316 266 348
480 266 316 205
481 201 143 144
482 340 127 126
483 340 338 342
484 324 253 314
485 314 253 273
486 127 340 342
487 141 255 140
488 199 99 226
489 341 317 359
490 89 235 90
491 185 105 104
492 291 155 156
493 291 261 262
494 338 337 342
495 264 337 262
496 171 363 170
497 341 361 241
498 283 362 277
499 166 246 165
500 361 341 359
501 8 270 65
502 155 292 154
503 195 292 290
504 292 195 154
505 248 181 182
506 250 248 182
507 317 239 318
508 275 305 257
509 365 366 364
510 364 366 278
511 278 366 279
512 194 195 338
513 367 366 365
514 367 365 172
515 236 361 359
516 361 236 237
517 86 207 87
518 359 317 358
519 238 236 359
520 330 348 303
521 172 365 171
522 164 289 163
523 332 104 17
524 348 330 360
525 10 287 67
526 287 66 67
527 346 348 266
528 346 266 136
529 151 294 150
530 294 151 269
531 54 192 55
532 367 368 366
533 366 368 279
534 279 368 336
535 279 336 216
536 355 368 367
537 355 367 173
538 317 224 358
539 261 291 274
540 274 291 156
541 173 367 172
542 336 351 339
543 162 299 161
544 72 299 15
545 226 99 98
546 356 355 174
547 355 351 368
548 368 351 336
549 243 140 255
550 224 177 178
551 339 349 345
552 174 355 173
553 339 345 218
554 175 356 174
555 48 206 49
556 329 356 175
557 350 356 240
558 351 349 339
559 151 193 269
560 176 329 175
561 345 241 361
562 345 361 344
563 161 299 357
564 293 17 75
565 349 241 345
566 357 299 72
567 357 73 160
2 30 2 29
568 369 371 370
569 53 369 52
570 371 369 372
571 371 372 57
572 370 371 60
573 60 371 59
574 372 64 6
575 63 372 369
576 370 49 50
577 370 51 369
578 51 370 50
579 57 372 58
580 58 372 6
581 370 60 61
582 370 61 3
583 49 370 48
584 48 370 3
585 63 373 62
586 373 63 369
587 59 371 5
588 371 57 56
589 371 56 5
590 369 51 52
591 53 373 369
592 54 373 53
593 62 373 4
594 372 63 64
595 373 54 55
596 373 55 4
2 50000 2 292
597 374 376 375
598 374 375 377
599 378 380 379
600 381 383 382
601 378 379 100
602 384 385 105
603 386 381 387
604 374 388 376
605 389 391 390
606 389 390 119
607 392 394 393
608 395 397 396
609 392 393 122
610 380 378 398
611 399 386 400
612 401 380 377
613 393 402 121
614 403 389 120
615 404 399 405
616 398 377 380
617 406 390 391
618 403 121 402
619 407 404 408
620 397 392 409
621 410 412 411
622 411 412 118
623 409 392 123
624 394 392 397
625 413 415 414
626 414 415 117
627 394 397 395
628 402 394 408
629 416 418 417
630 417 418 116
631 383 420 419
632 402 393 394
633 421 423 422
634 422 423 115
635 408 394 395
636 375 425 424
637 426 428 427
638 427 428 114
639 375 384 425
640 425 384 106
641 429 431 430
642 430 431 113
643 420 433 432
644 403 120 121
645 434 436 435
646 435 436 112
647 391 389 403
648 411 390 406
649 437 439 438
650 438 439 111
651 411 406 387
652 403 402 405
653 440 442 441
654 441 442 110
655 433 444 443
656 414 412 410
657 445 447 446
658 446 447 109
659 414 410 382
660 417 415 413
661 448 450 449
662 449 450 108
663 417 413 419
664 400 391 405
665 424 425 451
666 451 425 107
667 444 453 452
668 422 418 416
669 405 402 408
670 407 454 404
671 422 416 432
672 427 423 421
673 376 384 375
674 427 421 443
675 407 455 454
676 453 457 456
677 430 428 426
678 430 426 452
679 454 455 86
680 398 378 101
681 435 431 429
682 435 429 456
683 458 379 380
684 404 459 399
685 404 454 459
686 457 461 460
687 459 454 87
688 399 462 386
689 438 436 434
690 438 434 460
691 399 459 462
692 462 459 88
693 441 439 437
694 441 437 463
695 386 464 381
696 386 462 464
697 464 462 89
698 461 465 463
699 457 466 461
700 457 467 466
701 446 442 440
702 446 440 468
703 466 467 96
704 453 467 457
705 449 447 445
706 449 445 469
707 453 470 467
708 467 470 95
709 444 470 453
710 465 471 468
711 444 472 470
712 470 472 94
713 451 450 448
714 451 448 401
715 433 472 444
716 433 473 472
717 472 473 93
718 420 473 433
719 420 474 473
720 473 474 92
721 381 475 383
722 471 458 469
723 381 464 475
724 475 464 90
725 398 476 374
726 398 374 377
727 383 474 420
728 383 475 474
729 474 475 91
730 461 477 465
731 461 466 477
732 477 466 97
733 477 478 471
734 465 477 471
735 477 98 478
736 478 379 458
737 471 478 458
738 478 99 379
739 470 94 95
740 472 93 94
741 479 85 455
742 467 95 96
743 480 84 481
744 479 481 85
745 84 480 482
746 473 92 93
747 396 397 483
748 466 96 97
749 392 122 123
750 393 121 122
751 403 405 391
752 479 455 407
753 479 407 395
754 480 481 396
755 480 396 483
756 484 485 482
757 484 482 480
758 483 484 480
759 486 385 487
760 385 486 104
761 105 385 104
762 374 476 388
763 488 388 476
764 476 102 488
765 81 490 489
766 490 81 484
767 81 82 484
768 487 77 486
769 77 487 491
770 76 77 491
771 385 376 487
772 376 385 384
773 396 481 479
774 479 395 396
775 376 388 491
776 491 388 492
777 492 388 488
778 492 9 76
779 492 76 491
780 377 424 401
781 474 91 92
782 401 448 469
783 469 458 401
784 469 445 468
785 468 471 469
786 468 440 463
787 463 465 468
788 463 437 460
789 460 461 463
790 460 434 456
791 456 457 460
792 456 429 452
793 484 483 490
794 376 491 487
795 452 453 456
796 483 409 490
797 409 483 397
798 452 426 443
799 477 97 98
800 389 119 120
801 443 444 452
802 390 118 119
803 412 117 118
804 443 421 432
805 431 112 113
806 436 111 112
807 488 102 103
808 432 433 443
809 391 400 406
810 378 100 101
811 84 482 83
812 432 416 419
813 411 387 410
814 411 118 390
815 419 420 432
816 419 413 382
817 414 382 413
818 414 117 412
819 493 123 124
820 382 383 419
821 417 419 416
822 417 116 415
823 382 410 387
824 422 432 421
825 422 115 418
826 387 381 382
827 427 443 426
828 427 114 423
829 387 406 400
830 430 452 429
831 430 113 428
832 400 386 387
833 435 456 434
834 435 112 431
835 464 89 90
836 438 460 437
837 405 399 400
838 438 111 436
839 478 98 99
840 408 404 405
841 395 407 408
842 475 90 91
843 490 409 493
844 409 123 493
845 12 485 82
846 441 463 440
847 82 485 484
848 493 489 490
849 489 80 81
850 441 110 439
851 78 486 77
852 482 485 83
853 481 84 85
854 83 485 11
855 446 468 445
856 446 109 442
857 485 12 11
858 449 469 448
859 492 488 103
860 449 108 447
861 455 85 86
862 492 103 10
863 451 401 424
864 451 107 450
865 9 492 10
866 375 424 377
867 104 486 17
868 415 116 117
869 454 86 87
870 486 78 17
871 489 493 124
872 489 124 16
873 398 101 476
874 418 115 116
875 80 489 16
876 384 105 106
877 459 87 88
878 423 114 115
879 380 401 458
880 425 106 107
881 379 99 100
882 450 107 108
883 476 101 102
884 447 108 109
885 462 88 89
886 428 113 114
887 442 109 110
888 439 110 111
2 600000 2 21
889 9 494 67
890 9 76 494
891 494 495 66
892 494 66 67
893 495 496 66
894 495 494 497
895 74 7 496
896 496 7 65
897 497 494 77
898 497 77 78
899 497 72 495
900 74 496 495
901 495 73 74
902 73 495 72
903 66 496 8
904 497 78 17
905 75 497 17
906 75 15 497
907 15 72 497
908 77 494 76
909 8 496 65
2 600000 2 16
910 81 499 498
911 81 498 80
912 499 81 82
913 79 16 80
914 82 12 68
915 500 499 68
916 68 499 82
917 70 500 69
918 500 68 69
919 70 69 13
920 80 498 79
921 498 14 79
922 71 500 70
923 500 71 499
924 498 71 14
925 71 498 499
2 20 2 567
926 663 665 664
927 663 664 666
928 612 668 667
929 576 669 577
930 670 672 671
931 671 672 152
932 673 675 674
933 661 543 662
934 674 675 632
935 660 541 542
936 612 667 613
937 659 541 660
938 667 677 676
939 658 540 659
940 678 594 593
941 657 538 539
942 679 680 676
943 656 538 657
944 595 681 596
945 655 537 656
946 614 667 682
947 654 536 655
948 683 685 684
949 654 535 536
950 684 685 631
951 652 534 653
952 686 688 687
953 651 534 652
954 687 688 689
955 650 533 651
956 147 572 690
957 649 532 650
958 690 572 513
959 648 531 649
960 615 682 616
961 647 530 648
962 691 693 692
963 646 529 647
964 694 696 695
965 645 528 646
966 695 697 694
967 644 527 645
968 698 694 697
969 643 526 644
970 606 699 607
971 643 525 526
972 639 567 638
973 641 525 642
974 638 567 504
975 641 524 525
976 638 504 637
977 640 523 524
978 700 681 701
979 639 522 523
980 701 681 702
981 638 521 522
982 580 686 687
983 636 520 637
984 668 677 667
985 635 519 636
986 580 687 581
987 634 518 635
988 703 657 704
989 633 517 634
990 704 657 658
991 589 706 705
992 511 572 147
993 707 708 680
994 680 708 143
995 709 711 710
996 563 564 148
997 614 682 615
998 148 564 511
999 710 711 712
1000 713 714 687
1001 687 714 582
1002 148 511 147
1003 589 705 590
1004 707 716 715
1005 707 715 717
1006 718 720 719
1007 633 516 517
1008 690 617 682
1009 682 617 616
1010 610 721 668
1011 722 139 140
1012 610 668 611
1013 723 600 599
1014 510 563 149
1015 509 561 508
1016 581 687 582
1017 666 724 663
1018 666 725 724
1019 149 563 148
1020 725 666 726
1021 727 729 728
1022 728 729 730
1023 730 731 728
1024 732 728 731
1025 733 734 141
1026 142 733 141
1027 664 735 666
1028 722 734 730
1029 734 733 731
1030 730 734 731
1031 736 738 737
1032 739 736 737
1033 740 742 741
1034 742 744 743
1035 742 743 741
1036 684 630 745
1037 630 629 745
1038 746 737 670
1039 670 737 747
1040 738 747 737
1041 670 748 672
1042 670 747 748
1043 660 542 661
1044 749 751 750
1045 665 723 599
1046 733 708 752
1047 657 539 658
1048 598 665 599
1049 753 751 740
1050 656 537 538
1051 736 755 754
1052 756 757 695
1053 757 758 695
1054 655 536 537
1055 698 699 694
1056 662 2 19
1057 756 695 696
1058 653 535 654
1059 759 662 19
1060 139 759 19
1061 760 761 696
1062 696 761 762
1063 542 543 661
1064 506 507 560
1065 762 756 696
1066 763 744 700
1067 744 763 764
1068 543 2 662
1069 763 621 764
1070 702 681 678
1071 642 525 643
1072 681 594 678
1073 765 766 700
1074 640 524 641
1075 566 567 639
1076 766 765 767
1077 767 505 766
1078 639 523 640
1079 766 505 559
1080 512 641 768
1081 641 642 768
1082 638 522 639
1083 769 771 770
1084 770 771 634
1085 768 772 568
1086 637 521 638
1087 768 568 512
1088 773 775 774
1089 746 671 550
1090 637 520 521
1091 773 748 775
1092 636 519 520
1093 747 775 748
1094 534 535 653
1095 663 724 776
1096 749 750 504
1097 749 504 558
1098 533 534 651
1099 659 540 541
1100 746 670 671
1101 532 533 650
1102 145 777 676
1103 682 777 146
1104 635 518 519
1105 531 532 649
1106 778 641 512
1107 763 701 623
1108 539 540 658
1109 530 531 648
1110 763 623 622
1111 515 501 632
1112 529 530 647
1113 672 151 152
1114 634 517 518
1115 751 749 767
1116 632 516 633
1117 528 529 646
1118 501 516 632
1119 767 749 505
1120 527 528 645
1121 526 527 644
1122 779 781 780
1123 782 780 781
1124 783 782 781
1125 775 747 738
1126 784 775 738
1127 784 785 775
1128 693 783 786
1129 783 781 786
1130 702 787 701
1131 623 701 787
1132 787 624 623
1133 737 788 739
1134 737 746 788
1135 724 790 789
1136 724 789 776
1137 791 789 790
1138 549 746 550
1139 790 646 791
1140 726 735 792
1141 735 726 666
1142 674 632 633
1143 708 707 752
1144 752 707 793
1145 685 683 545
1146 683 795 794
1147 668 612 611
1148 683 546 545
1149 546 683 794
1150 675 673 618
1151 673 619 618
1152 796 797 703
1153 630 684 631
1154 798 692 786
1155 786 799 798
1156 789 791 800
1157 801 800 791
1158 802 728 803
1159 803 804 802
1160 805 705 806
1161 797 656 703
1162 702 678 805
1163 805 787 702
1164 807 625 624
1165 624 787 807
1166 718 719 808
1167 782 689 809
1168 780 810 779
1169 628 779 810
1170 735 811 792
1171 806 798 807
1172 692 798 806
1173 785 774 775
1174 773 774 150
1175 772 792 811
1176 514 772 811
1177 790 724 725
1178 725 645 790
1179 799 786 781
1180 781 779 799
1181 627 799 779
1182 759 729 662
1183 662 729 661
1184 803 728 732
1185 625 807 798
1186 802 804 659
1187 798 626 625
1188 669 754 688
1189 755 688 754
1190 665 663 812
1191 812 663 776
1192 705 706 806
1193 693 713 783
1194 728 802 727
1195 660 727 802
1196 706 691 806
1197 753 750 751
1198 750 753 636
1199 784 738 736
1200 789 800 813
1201 735 664 811
1202 801 791 647
1203 811 664 597
1204 792 772 768
1205 705 805 678
1206 688 755 689
1207 705 591 590
1208 809 689 755
1209 803 814 804
1210 598 664 665
1211 753 635 636
1212 731 733 752
1213 731 752 732
1214 806 807 805
1215 760 696 694
1216 603 760 694
1217 695 815 697
1218 769 741 816
1219 769 816 817
1220 741 769 770
1221 815 818 697
1222 763 700 701
1223 681 595 594
1224 677 679 676
1225 682 667 676
1226 676 680 144
1227 817 819 673
1228 819 619 673
1229 820 720 718
1230 796 820 718
1231 146 147 690
1232 726 644 725
1233 721 698 677
1234 699 698 721
1235 699 721 608
1236 764 821 816
1237 764 816 743
1238 776 789 813
1239 776 813 812
1240 608 721 609
1241 722 759 139
1242 722 730 759
1243 729 759 730
1244 706 822 691
1245 733 142 708
1246 142 143 708
1247 691 822 693
1248 603 694 604
1249 823 698 697
1250 697 824 823
1251 768 643 792
1252 714 713 822
1253 822 713 693
1254 714 822 584
1255 679 823 716
1256 823 679 698
1257 726 792 643
1258 644 726 643
1259 744 765 700
1260 700 766 507
1261 785 562 774
1262 510 774 562
1263 822 585 584
1264 750 636 637
1265 504 750 637
1266 621 763 622
1267 786 692 693
1268 671 152 4
1269 780 825 810
1270 810 825 629
1271 551 671 4
1272 677 698 679
1273 604 694 605
1274 606 694 699
1275 777 682 676
1276 723 665 812
1277 723 812 826
1278 692 806 691
1279 716 707 680
1280 783 689 782
1281 689 713 687
1282 783 713 689
1283 675 618 515
1284 788 746 548
1285 827 825 782
1286 680 679 716
1287 828 829 719
1288 667 614 613
1289 826 812 813
1290 694 606 605
1291 631 685 502
1292 685 544 502
1293 150 774 149
1294 774 510 149
1295 723 760 601
1296 760 602 601
1297 760 603 602
1298 814 704 804
1299 704 658 804
1300 676 144 145
1301 562 785 561
1302 785 508 561
1303 706 587 822
1304 706 588 587
1305 829 828 830
1306 632 675 515
1307 508 785 669
1308 784 669 785
1309 754 669 784
1310 807 787 805
1311 800 710 712
1312 800 712 831
1313 709 710 801
1314 709 801 648
1315 508 669 576
1316 832 814 833
1317 717 832 833
1318 668 721 677
1319 146 690 682
1320 760 723 761
1321 723 826 761
1322 681 507 596
1323 688 686 669
1324 678 593 592
1325 686 578 669
1326 830 834 829
1327 829 834 835
1328 669 578 577
1329 822 587 586
1330 640 836 639
1331 566 836 565
1332 617 690 513
1333 578 686 579
1334 837 704 814
1335 813 800 831
1336 813 831 826
1337 710 800 801
1338 704 837 703
1339 832 717 838
1340 832 837 814
1341 837 832 838
1342 833 803 793
1343 681 700 507
1344 803 833 814
1345 767 742 751
1346 717 833 793
1347 761 826 831
1348 767 744 742
1349 723 601 600
1350 648 801 647
1351 699 608 607
1352 548 746 549
1353 736 839 809
1354 736 809 755
1355 739 788 794
1356 794 788 547
1357 823 840 716
1358 795 839 739
1359 839 795 827
1360 839 736 739
1361 777 145 146
1362 780 782 825
1363 547 788 548
1364 810 629 628
1365 588 706 589
1366 712 711 841
1367 712 841 762
1368 842 711 709
1369 842 709 649
1370 804 658 659
1371 620 821 621
1372 647 791 646
1373 779 628 627
1374 655 797 808
1375 609 721 610
1376 585 822 586
1377 764 743 744
1378 714 584 583
1379 764 621 821
1380 794 547 546
1381 831 712 762
1382 831 762 761
1383 794 795 739
1384 808 719 835
1385 828 719 720
1386 707 717 793
1387 802 659 660
1388 765 744 767
1389 649 709 648
1390 718 808 797
1391 799 627 626
1392 646 790 645
1393 740 751 742
1394 683 684 795
1395 626 798 799
1396 797 655 656
1397 842 843 711
1398 711 843 841
1399 841 843 757
1400 841 757 756
1401 844 843 842
1402 844 842 650
1403 769 817 674
1404 795 745 827
1405 745 795 684
1406 680 143 144
1407 819 620 619
1408 819 817 821
1409 803 732 793
1410 793 732 752
1411 620 819 821
1412 141 734 140
1413 678 592 705
1414 820 796 838
1415 582 714 583
1416 664 598 597
1417 770 634 635
1418 770 740 741
1419 817 816 821
1420 743 816 741
1421 650 842 649
1422 820 840 720
1423 762 841 756
1424 645 725 644
1425 840 820 838
1426 505 749 558
1427 634 771 633
1428 674 771 769
1429 771 674 633
1430 727 660 661
1431 729 727 661
1432 796 718 797
1433 754 784 736
1434 844 845 843
1435 843 845 757
1436 757 845 758
1437 673 674 817
1438 846 845 844
1439 846 844 651
1440 715 840 838
1441 840 715 716
1442 579 686 580
1443 838 796 837
1444 717 715 838
1445 809 827 782
1446 651 844 650
1447 643 768 642
1448 811 597 514
1449 827 809 839
1450 507 766 560
1451 766 559 560
1452 825 827 745
1453 825 745 629
1454 151 773 150
1455 773 151 748
1456 550 671 551
1457 846 847 845
1458 845 847 758
1459 758 847 815
1460 758 815 695
1461 834 847 846
1462 834 846 652
1463 796 703 837
1464 740 770 753
1465 753 770 635
1466 652 846 651
1467 815 830 818
1468 641 778 640
1469 565 778 512
1470 705 592 591
1471 835 834 653
1472 834 830 847
1473 847 830 815
1474 722 140 734
1475 703 656 657
1476 818 828 824
1477 653 834 652
1478 818 824 697
1479 654 835 653
1480 544 685 545
1481 808 835 654
1482 829 835 719
1483 830 828 818
1484 151 672 748
1485 655 808 654
1486 824 720 840
1487 824 840 823
1488 640 778 836
1489 772 514 568
1490 828 720 824
1491 836 778 565
1492 836 566 639
2 30 2 29
1493 848 850 849
1494 549 848 548
1495 850 848 851
1496 850 851 553
1497 849 850 556
1498 556 850 555
1499 851 64 6
1500 63 851 848
1501 849 545 546
1502 849 547 848
1503 547 849 546
1504 553 851 554
1505 554 851 6
1506 849 556 557
1507 849 557 502
1508 545 849 544
1509 544 849 502
1510 63 852 62
1511 852 63 848
1512 555 850 503
1513 850 553 552
1514 850 552 503
1515 848 547 548
1516 549 852 848
1517 550 852 549
1518 62 852 4
1519 851 63 64
1520 852 550 551
1521 852 551 4
2 50001 2 292
1522 853 855 854
1523 853 854 856
1524 857 859 858
1525 860 862 861
1526 857 858 593
1527 863 864 598
1528 865 860 866
1529 853 867 855
1530 868 870 869
1531 868 869 612
1532 871 873 872
1533 874 876 875
1534 871 872 615
1535 859 857 877
1536 878 865 879
1537 880 859 856
1538 872 881 614
1539 882 868 613
1540 883 878 884
1541 877 856 859
1542 885 869 870
1543 882 614 881
1544 886 883 887
1545 876 871 888
1546 889 891 890
1547 890 891 611
1548 888 871 616
1549 873 871 876
1550 892 894 893
1551 893 894 610
1552 873 876 874
1553 881 873 887
1554 895 897 896
1555 896 897 609
1556 862 899 898
1557 881 872 873
1558 900 902 901
1559 901 902 608
1560 887 873 874
1561 854 904 903
1562 905 907 906
1563 906 907 607
1564 854 863 904
1565 904 863 599
1566 908 910 909
1567 909 910 606
1568 899 912 911
1569 882 613 614
1570 913 915 914
1571 914 915 605
1572 870 868 882
1573 890 869 885
1574 916 918 917
1575 917 918 604
1576 890 885 866
1577 882 881 884
1578 919 921 920
1579 920 921 603
1580 912 923 922
1581 893 891 889
1582 924 926 925
1583 925 926 602
1584 893 889 861
1585 896 894 892
1586 927 929 928
1587 928 929 601
1588 896 892 898
1589 879 870 884
1590 903 904 930
1591 930 904 600
1592 923 932 931
1593 901 897 895
1594 884 881 887
1595 886 933 883
1596 901 895 911
1597 906 902 900
1598 855 863 854
1599 906 900 922
1600 886 934 933
1601 932 936 935
1602 909 907 905
1603 909 905 931
1604 933 934 579
1605 877 857 594
1606 914 910 908
1607 914 908 935
1608 937 858 859
1609 883 938 878
1610 883 933 938
1611 936 940 939
1612 938 933 580
1613 878 941 865
1614 917 915 913
1615 917 913 939
1616 878 938 941
1617 941 938 581
1618 920 918 916
1619 920 916 942
1620 865 943 860
1621 865 941 943
1622 943 941 582
1623 940 944 942
1624 936 945 940
1625 936 946 945
1626 925 921 919
1627 925 919 947
1628 945 946 589
1629 932 946 936
1630 928 926 924
1631 928 924 948
1632 932 949 946
1633 946 949 588
1634 923 949 932
1635 944 950 947
1636 923 951 949
1637 949 951 587
1638 930 929 927
1639 930 927 880
1640 912 951 923
1641 912 952 951
1642 951 952 586
1643 899 952 912
1644 899 953 952
1645 952 953 585
1646 860 954 862
1647 950 937 948
1648 860 943 954
1649 954 943 583
1650 877 955 853
1651 877 853 856
1652 862 953 899
1653 862 954 953
1654 953 954 584
1655 940 956 944
1656 940 945 956
1657 956 945 590
1658 956 957 950
1659 944 956 950
1660 956 591 957
1661 957 858 937
1662 950 957 937
1663 957 592 858
1664 949 587 588
1665 951 586 587
1666 958 578 934
1667 946 588 589
1668 959 577 960
1669 958 960 578
1670 577 959 961
1671 952 585 586
1672 875 876 962
1673 945 589 590
1674 871 615 616
1675 872 614 615
1676 882 884 870
1677 958 934 886
1678 958 886 874
1679 959 960 875
1680 959 875 962
1681 963 964 961
1682 963 961 959
1683 962 963 959
1684 965 864 966
1685 864 965 597
1686 598 864 597
1687 853 955 867
1688 967 867 955
1689 955 595 967
1690 574 969 968
1691 969 574 963
1692 574 575 963
1693 966 570 965
1694 570 966 970
1695 569 570 970
1696 864 855 966
1697 855 864 863
1698 875 960 958
1699 958 874 875
1700 855 867 970
1701 970 867 971
1702 971 867 967
1703 971 506 569
1704 971 569 970
1705 856 903 880
1706 953 584 585
1707 880 927 948
1708 948 937 880
1709 948 924 947
1710 947 950 948
1711 947 919 942
1712 942 944 947
1713 942 916 939
1714 939 940 942
1715 939 913 935
1716 935 936 939
1717 935 908 931
1718 963 962 969
1719 855 970 966
1720 931 932 935
1721 962 888 969
1722 888 962 876
1723 931 905 922
1724 956 590 591
1725 868 612 613
1726 922 923 931
1727 869 611 612
1728 891 610 611
1729 922 900 911
1730 910 605 606
1731 915 604 605
1732 967 595 596
1733 911 912 922
1734 870 879 885
1735 857 593 594
1736 577 961 576
1737 911 895 898
1738 890 866 889
1739 890 611 869
1740 898 899 911
1741 898 892 861
1742 893 861 892
1743 893 610 891
1744 972 616 617
1745 861 862 898
1746 896 898 895
1747 896 609 894
1748 861 889 866
1749 901 911 900
1750 901 608 897
1751 866 860 861
1752 906 922 905
1753 906 607 902
1754 866 885 879
1755 909 931 908
1756 909 606 907
1757 879 865 866
1758 914 935 913
1759 914 605 910
1760 943 582 583
1761 917 939 916
1762 884 878 879
1763 917 604 915
1764 957 591 592
1765 887 883 884
1766 874 886 887
1767 954 583 584
1768 969 888 972
1769 888 616 972
1770 509 964 575
1771 920 942 919
1772 575 964 963
1773 972 968 969
1774 968 573 574
1775 920 603 918
1776 571 965 570
1777 961 964 576
1778 960 577 578
1779 576 964 508
1780 925 947 924
1781 925 602 921
1782 964 509 508
1783 928 948 927
1784 971 967 596
1785 928 601 926
1786 934 578 579
1787 971 596 507
1788 930 880 903
1789 930 600 929
1790 506 971 507
1791 854 903 856
1792 597 965 514
1793 894 609 610
1794 933 579 580
1795 965 571 514
1796 968 972 617
1797 968 617 513
1798 877 594 955
1799 897 608 609
1800 573 968 513
1801 863 598 599
1802 938 580 581
1803 902 607 608
1804 859 880 937
1805 904 599 600
1806 858 592 593
1807 929 600 601
1808 955 594 595
1809 926 601 602
1810 941 581 582
1811 907 606 607
1812 921 602 603
1813 918 603 604
2 600000 2 21
1814 506 973 560
1815 506 569 973
1816 973 974 559
1817 973 559 560
1818 974 975 559
1819 974 973 976
1820 567 504 975
1821 975 504 558
1822 976 973 570
1823 976 570 571
1824 976 565 974
1825 567 975 974
1826 974 566 567
1827 566 974 565
1828 559 975 505
1829 976 571 514
1830 568 976 514
1831 568 512 976
1832 512 565 976
1833 570 973 569
1834 505 975 558
2 600000 2 16
1835 574 978 977
1836 574 977 573
1837 978 574 575
1838 572 513 573
1839 575 509 561
1840 979 978 561
1841 561 978 575
1842 563 979 562
1843 979 561 562
1844 563 562 510
1845 573 977 572
1846 977 511 572
1847 564 979 563
1848 979 564 978
1849 977 564 511
1850 564 977 978
2 40 3 60
1851 1099 1100 989 990
1852 1089 1000 1001 1088
1853 995 1094 1095 994
1854 992 1097 1098 991
1855 996 1093 1094 995
1856 999 1090 1091 998
1857 1089 1090 999 1000
1858 1095 1096 993 994
1859 1091 1092 997 998
1860 997 1092 1093 996
1861 1096 1097 992 993
1862 1099 990 991 1098
1863 1081 1008 1009 1080
1864 1055 1034 1035 1054
1865 1046 1043 1044 1045
1866 1080 1009 1010 1079
1867 1057 1032 1033 1056
1868 1053 1036 1037 1052
1869 1054 1035 1036 1053
1870 1045 1044 980 982
1871 1052 1037 1038 1051
1872 1067 1022 1023 1066
1873 1056 1033 1034 1055
1874 1066 1023 1024 1065
1875 1079 1010 1011 1078
1876 1083 1006 1007 1082
1877 1082 1007 1008 1081
1878 1084 1005 1006 1083
1879 986 987 1102 1103
1880 1103 983 981 986
1881 987 988 1101 1102
1882 1100 1101 988 989
1883 1068 1021 1022 1067
1884 1060 1029 1030 1059
1885 1049 1040 1041 1048
1886 1070 1019 1020 1069
1887 1048 1041 1042 1047
1888 1069 1020 1021 1068
1889 1071 1018 1019 1070
1890 1058 1031 1032 1057
1891 1050 1039 1040 1049
1892 1047 1042 1043 1046
1893 1051 1038 1039 1050
1894 1085 1004 1005 1084
1895 1086 1003 1004 1085
1896 1088 1001 1002 1087
1897 1087 1002 1003 1086
1898 1061 1028 1029 1060
1899 1062 1027 1028 1061
1900 1059 1030 1031 1058
1901 1072 1017 1018 1071
1902 1076 1013 1014 1075
1903 1074 1015 1016 1073
1904 1065 1024 1025 1064
1905 1075 1014 1015 1074
1906 1073 1016 1017 1072
1907 1078 1011 1012 1077
1908 1063 1026 1027 1062
1909 1064 1025 1026 1063
1910 1077 1012 1013 1076
2 40 3 60
1911 1159 1158 1099 1100
1912 1092 1151 1150 1091
1913 1105 1046 1047 1106
1914 1116 1115 1056 1057
1915 1117 1116 1057 1058
1916 1050 1109 1108 1049
1917 1045 1104 984 982
1918 985 1162 1103 983
1919 1143 1084 1085 1144
1920 1107 1048 1049 1108
1921 1061 1062 1121 1120
1922 1097 1098 1157 1156
1923 1110 1051 1052 1111
1924 1063 1122 1121 1062
1925 1105 1104 1045 1046
1926 1114 1055 1056 1115
1927 1152 1093 1094 1153
1928 1114 1113 1054 1055
1929 1092 1093 1152 1151
1930 1097 1156 1155 1096
1931 1061 1120 1119 1060
1932 1102 1161 1160 1101
1933 1050 1051 1110 1109
1934 1143 1142 1083 1084
1935 1162 1161 1102 1103
1936 1099 1158 1157 1098
1937 1159 1100 1101 1160
1938 1154 1095 1096 1155
1939 1153 1094 1095 1154
1940 1066 1125 1124 1065
1941 1146 1087 1088 1147
1942 1135 1076 1077 1136
1943 1067 1126 1125 1066
1944 1134 1075 1076 1135
1945 1150 1149 1090 1091
1946 1069 1128 1127 1068
1947 1141 1082 1083 1142
1948 1137 1078 1079 1138
1949 1144 1085 1086 1145
1950 1059 1118 1117 1058
1951 1064 1123 1122 1063
1952 1131 1072 1073 1132
1953 1130 1071 1072 1131
1954 1140 1081 1082 1141
1955 1148 1089 1090 1149
1956 1128 1069 1070 1129
1957 1068 1127 1126 1067
1958 1107 1106 1047 1048
1959 1123 1064 1065 1124
1960 1112 1053 1054 1113
1961 1129 1070 1071 1130
1962 1112 1111 1052 1053
1963 1138 1079 1080 1139
1964 1119 1118 1059 1060
1965 1147 1088 1089 1148
1966 1139 1080 1081 1140
1967 1145 1086 1087 1146
1968 1136 1077 1078 1137
1969 1133 1074 1075 1134
1970 1132 1073 1074 1133
2 40 2 118
1971 1144 534 1143
1972 534 1144 533
1973 1143 534 535
1974 536 1141 1142
1975 1141 536 537
1976 535 1142 1143
1977 1142 535 536
1978 1147 531 1146
1979 531 1147 530
1980 1148 530 1147
1981 530 1148 529
1982 1145 533 1144
1983 533 1145 532
1984 1146 532 1145
1985 532 1146 531
1986 541 542 1136
1987 1136 542 1135
1988 541 1136 1137
1989 543 2 1134
1990 1134 1135 543
1991 2 1133 1134
1992 543 1135 542
1993 538 1139 1140
1994 1139 538 539
1995 537 1140 1141
1996 1140 537 538
1997 540 1137 1138
1998 1137 540 541
1999 539 1138 1139
2000 1138 539 540
2001 1159 519 1158
2002 519 1159 518
2003 1158 519 520
2004 521 1156 1157
2005 1156 521 522
2006 520 1157 1158
2007 1157 520 521
2008 516 1162 501
2009 1162 516 1161
2010 985 501 1162
2011 518 1160 517
2012 1160 518 1159
2013 517 1161 516
2014 1161 517 1160
2015 526 527 1151
2016 1151 527 1150
2017 526 1151 1152
2018 1149 529 1148
2019 529 1149 528
2020 1150 528 1149
2021 528 1150 527
2022 523 1154 1155
2023 1154 523 524
2024 522 1155 1156
2025 1155 522 523
2026 525 1152 1153
2027 1152 525 526
2028 524 1153 1154
2029 1153 524 525
2030 29 28 1113
2031 1113 28 1112
2032 29 1113 1114
2033 26 1111 27
2034 1111 26 1110
2035 27 1112 28
2036 1112 27 1111
2037 1117 32 1116
2038 33 1117 1118
2039 1117 33 32
2040 32 31 1116
2041 30 1114 1115
2042 1114 30 29
2043 1116 31 1115
2044 1115 31 30
2045 20 1 1104
2046 21 20 1105
2047 1105 20 1104
2048 1106 21 1105
2049 1104 1 984
2050 21 1106 22
2051 24 1109 25
2052 1109 24 1108
2053 25 1110 26
2054 1110 25 1109
2055 22 1107 23
2056 1107 22 1106
2057 23 1108 24
2058 1108 23 1107
2059 44 43 1128
2060 1128 43 1127
2061 44 1128 1129
2062 41 1126 42
2063 1126 41 1125
2064 42 1127 43
2065 1127 42 1126
2066 1132 47 1131
2067 1133 2 1132
2068 47 46 1131
2069 2 47 1132
2070 45 1129 1130
2071 1129 45 44
2072 1131 46 1130
2073 1130 46 45
2074 1121 36 1120
2075 1120 36 35
2076 36 1121 37
2077 34 1118 1119
2078 1118 34 33
2079 1120 35 1119
2080 1119 35 34
2081 39 1124 40
2082 1124 39 1123
2083 40 1125 41
2084 1125 40 1124
2085 37 1122 38
2086 1122 37 1121
2087 38 1123 39
2088 1123 38 1122
0 99 15 1
2089 980
$EndElements
