BEGIN BULK
GRID 1 0 8.0199999999999994e-02 0.0000000000000000e+00 0.0000000000000000e+00
GRID 2 0 7.4095138507405192e-02 3.0691211275680200e-02 0.0000000000000000e+00
GRID 3 0 4.4999999999999998e-02 0.0000000000000000e+00 0.0000000000000000e+00
GRID 4 0 4.1574578963007897e-02 1.7220754456429042e-02 0.0000000000000000e+00
GRID 5 0 2.9999999999999999e-02 0.0000000000000000e+00 0.0000000000000000e+00
GRID 6 0 2.7716385975338601e-02 1.1480502970952690e-02 0.0000000000000000e+00
GRID 7 0 7.8470950038851947e-02 5.9999999999999949e-03 0.0000000000000000e+00
GRID 8 0 7.7119132998131737e-02 5.9999999999999949e-03 0.0000000000000000e+00
GRID 9 0 7.4932602858429426e-02 7.3602035829552744e-03 0.0000000000000000e+00
GRID 10 0 7.4404386095968167e-02 6.5110940188500589e-03 0.0000000000000000e+00
GRID 11 0 5.6063619511295487e-02 1.7920576088013160e-02 0.0000000000000000e+00
GRID 12 0 5.6591836273756753e-02 1.8769685652118371e-02 0.0000000000000000e+00
GRID 13 0 5.3128515231031237e-02 2.0924159357146289e-02 0.0000000000000000e+00
GRID 14 0 5.7219752272459443e-02 2.2618805226589031e-02 0.0000000000000000e+00
GRID 15 0 7.8109371527468760e-02 9.6237248289761622e-03 0.0000000000000000e+00
GRID 16 0 5.8493416618617261e-02 2.1826480082897150e-02 0.0000000000000000e+00
GRID 17 0 7.6834183203289941e-02 1.0416998013734059e-02 0.0000000000000000e+00
GRID 18 0 7.9699999999999993e-02 0.0000000000000000e+00 0.0000000000000000e+00
GRID 19 0 7.3633198741149541e-02 3.0499869559497648e-02 0.0000000000000000e+00
GRID 20 0 8.0192647051707963e-02 1.0859828912990950e-03 0.0000000000000000e+00
GRID 21 0 8.0170589555107363e-02 2.1717666510259860e-03 0.0000000000000000e+00
GRID 22 0 8.0133831554777574e-02 3.2571521841222701e-03 0.0000000000000000e+00
GRID 23 0 8.0082379790860136e-02 4.3419404685504587e-03 0.0000000000000000e+00
GRID 24 0 8.0016243697822842e-02 5.4259325917878527e-03 0.0000000000000000e+00
GRID 25 0 7.9935435402729862e-02 6.5089297872999718e-03 0.0000000000000000e+00
GRID 26 0 7.9839969723017976e-02 7.5907334709875880e-03 0.0000000000000000e+00
GRID 27 0 7.9729864163779640e-02 8.6711452776001216e-03 0.0000000000000000e+00
GRID 28 0 7.9605138914553078e-02 9.7499670971089424e-03 0.0000000000000000e+00
GRID 29 0 7.9465816845620291e-02 1.0827001111033871e-02 0.0000000000000000e+00
GRID 30 0 7.9311923503813456e-02 1.1902049828716191e-02 0.0000000000000000e+00
GRID 31 0 7.9143487107830396e-02 1.2974916123531710e-02 0.0000000000000000e+00
GRID 32 0 7.8960538543060413e-02 1.4045403269036760e-02 0.0000000000000000e+00
GRID 33 0 7.8763111355920915e-02 1.5113314975041110e-02 0.0000000000000000e+00
GRID 34 0 7.8551241747706071e-02 1.6178455423600760e-02 0.0000000000000000e+00
GRID 35 0 7.8324968567948947e-02 1.7240629304924121e-02 0.0000000000000000e+00
GRID 36 0 7.8084333307297665e-02 1.8299641853185111e-02 0.0000000000000000e+00
GRID 37 0 7.7829380089907543e-02 1.9355298882236398e-02 0.0000000000000000e+00
GRID 38 0 7.7560155665350294e-02 2.0407406821216410e-02 0.0000000000000000e+00
GRID 39 0 7.7276709400041665e-02 2.1455772750043529e-02 0.0000000000000000e+00
GRID 40 0 7.6979093268189469e-02 2.2500204434790921e-02 0.0000000000000000e+00
GRID 41 0 7.6667361842263235e-02 2.3540510362935588e-02 0.0000000000000000e+00
GRID 42 0 7.6341572282987560e-02 2.4576499778475071e-02 0.0000000000000000e+00
GRID 43 0 7.6001784328860747e-02 2.5607982716905588e-02 0.0000000000000000e+00
GRID 44 0 7.5648060285200963e-02 2.6634770040054798e-02 0.0000000000000000e+00
GRID 45 0 7.5280465012721468e-02 2.7656673470763241e-02 0.0000000000000000e+00
GRID 46 0 7.4899065915637497e-02 2.8673505627407829e-02 0.0000000000000000e+00
GRID 47 0 7.4503932929306654e-02 2.9685080058261148e-02 0.0000000000000000e+00
GRID 48 0 4.4957169971183597e-02 1.9628724314401120e-03 0.0000000000000000e+00
GRID 49 0 4.4828761414128553e-02 3.9220084236446084e-03 0.0000000000000000e+00
GRID 50 0 4.4615018761821473e-02 5.8736786499023093e-03 0.0000000000000000e+00
GRID 51 0 4.4316348885549361e-02 7.8141679950118510e-03 0.0000000000000000e+00
GRID 52 0 4.3933320320396999e-02 9.7397826272146316e-03 0.0000000000000000e+00
GRID 53 0 4.3466662183008070e-02 1.1646857029613440e-02 0.0000000000000000e+00
GRID 54 0 4.2917262783670210e-02 1.3531760977692290e-02 0.0000000000000000e+00
GRID 55 0 4.2286167935365868e-02 1.5390906449655109e-02 0.0000000000000000e+00
GRID 56 0 2.9855541800165909e-02 2.9405142098868041e-03 0.0000000000000000e+00
GRID 57 0 2.9423558412096911e-02 5.8527096604838371e-03 0.0000000000000000e+00
GRID 58 0 2.8708210071966261e-02 8.7085403176338765e-03 0.0000000000000000e+00
GRID 59 0 3.3750000000000009e-02 0.0000000000000000e+00 0.0000000000000000e+00
GRID 60 0 3.7500000000000033e-02 0.0000000000000000e+00 0.0000000000000000e+00
GRID 61 0 4.1250000000000009e-02 0.0000000000000000e+00 0.0000000000000000e+00
GRID 62 0 3.8110030716090558e-02 1.5785691585059949e-02 0.0000000000000000e+00
GRID 63 0 3.4645482469173233e-02 1.4350628713690861e-02 0.0000000000000000e+00
GRID 64 0 3.1180934222255919e-02 1.2915565842321780e-02 0.0000000000000000e+00
GRID 65 0 7.7798741151419076e-02 5.9999999999999949e-03 0.0000000000000000e+00
GRID 66 0 7.6442465501590451e-02 6.4209434558218084e-03 0.0000000000000000e+00
GRID 67 0 7.5656138906799189e-02 6.9101039902170506e-03 0.0000000000000000e+00
GRID 68 0 5.5607280337847668e-02 1.9382161321822949e-02 0.0000000000000000e+00
GRID 69 0 5.4372601819874820e-02 2.0150234038247169e-02 0.0000000000000000e+00
GRID 70 0 5.4492260911507308e-02 2.1489041313627201e-02 0.0000000000000000e+00
GRID 71 0 5.5856006591983372e-02 2.2053923270108119e-02 0.0000000000000000e+00
GRID 72 0 7.8199766155314557e-02 8.7177936217321204e-03 0.0000000000000000e+00
GRID 73 0 7.8290160783160354e-02 7.8118624144880829e-03 0.0000000000000000e+00
GRID 74 0 7.8380555411006150e-02 6.9059312072440402e-03 0.0000000000000000e+00
GRID 75 0 7.7473696369576225e-02 1.0019167641156561e-02 0.0000000000000000e+00
GRID 76 0 7.5407997944644548e-02 8.1244021906499674e-03 0.0000000000000000e+00
GRID 77 0 7.5883393030859683e-02 8.8886007983446612e-03 0.0000000000000000e+00
GRID 78 0 7.6358788117074805e-02 9.6527994060393585e-03 0.0000000000000000e+00
GRID 79 0 5.7922164309611647e-02 2.2181846525541608e-02 0.0000000000000000e+00
GRID 80 0 5.8018021532402132e-02 2.1062281475202459e-02 0.0000000000000000e+00
GRID 81 0 5.7542626446187010e-02 2.0298082867507769e-02 0.0000000000000000e+00
GRID 82 0 5.7067231359971882e-02 1.9533884259813072e-02 0.0000000000000000e+00
GRID 83 0 5.6897290719689707e-02 1.7401963266687560e-02 0.0000000000000000e+00
GRID 84 0 5.7730961928083920e-02 1.6883350445361961e-02 0.0000000000000000e+00
GRID 85 0 5.8564633136478132e-02 1.6364737624036368e-02 0.0000000000000000e+00
GRID 86 0 5.9398304344872352e-02 1.5846124802710769e-02 0.0000000000000000e+00
GRID 87 0 6.0231975553266558e-02 1.5327511981385170e-02 0.0000000000000000e+00
GRID 88 0 6.1065646761660777e-02 1.4808899160059581e-02 0.0000000000000000e+00
GRID 89 0 6.1899317970054997e-02 1.4290286338733979e-02 0.0000000000000000e+00
GRID 90 0 6.2732989178449217e-02 1.3771673517408380e-02 0.0000000000000000e+00
GRID 91 0 6.3566660386843415e-02 1.3253060696082789e-02 0.0000000000000000e+00
GRID 92 0 6.4400331595237628e-02 1.2734447874757190e-02 0.0000000000000000e+00
GRID 93 0 6.5234002803631841e-02 1.2215835053431601e-02 0.0000000000000000e+00
GRID 94 0 6.6067674012026054e-02 1.1697222232106000e-02 0.0000000000000000e+00
GRID 95 0 6.6901345220420266e-02 1.1178609410780410e-02 0.0000000000000000e+00
GRID 96 0 6.7735016428814479e-02 1.0659996589454820e-02 0.0000000000000000e+00
GRID 97 0 6.8568687637208692e-02 1.0141383768129220e-02 0.0000000000000000e+00
GRID 98 0 6.9402358845602904e-02 9.6227709468036261e-03 0.0000000000000000e+00
GRID 99 0 7.0236030053997117e-02 9.1041581254780318e-03 0.0000000000000000e+00
GRID 100 0 7.1069701262391316e-02 8.5855453041524359e-03 0.0000000000000000e+00
GRID 101 0 7.1903372470785543e-02 8.0669324828268416e-03 0.0000000000000000e+00
GRID 102 0 7.2737043679179741e-02 7.5483196615012457e-03 0.0000000000000000e+00
GRID 103 0 7.3570714887573954e-02 7.0297068401756532e-03 0.0000000000000000e+00
GRID 104 0 7.6000511994895728e-02 1.0935610835059650e-02 0.0000000000000000e+00
GRID 105 0 7.5166840786501515e-02 1.1454223656385249e-02 0.0000000000000000e+00
GRID 106 0 7.4333169578107303e-02 1.1972836477710840e-02 0.0000000000000000e+00
GRID 107 0 7.3499498369713090e-02 1.2491449299036440e-02 0.0000000000000000e+00
GRID 108 0 7.2665827161318863e-02 1.3010062120362041e-02 0.0000000000000000e+00
GRID 109 0 7.1832155952924651e-02 1.3528674941687630e-02 0.0000000000000000e+00
GRID 110 0 7.0998484744530438e-02 1.4047287763013229e-02 0.0000000000000000e+00
GRID 111 0 7.0164813536136225e-02 1.4565900584338830e-02 0.0000000000000000e+00
GRID 112 0 6.9331142327742012e-02 1.5084513405664420e-02 0.0000000000000000e+00
GRID 113 0 6.8497471119347800e-02 1.5603126226990021e-02 0.0000000000000000e+00
GRID 114 0 6.7663799910953587e-02 1.6121739048315611e-02 0.0000000000000000e+00
GRID 115 0 6.6830128702559374e-02 1.6640351869641211e-02 0.0000000000000000e+00
GRID 116 0 6.5996457494165162e-02 1.7158964690966800e-02 0.0000000000000000e+00
GRID 117 0 6.5162786285770949e-02 1.7677577512292399e-02 0.0000000000000000e+00
GRID 118 0 6.4329115077376736e-02 1.8196190333617988e-02 0.0000000000000000e+00
GRID 119 0 6.3495443868982523e-02 1.8714803154943581e-02 0.0000000000000000e+00
GRID 120 0 6.2661772660588311e-02 1.9233415976269180e-02 0.0000000000000000e+00
GRID 121 0 6.1828101452194098e-02 1.9752028797594769e-02 0.0000000000000000e+00
GRID 122 0 6.0994430243799899e-02 2.0270641618920369e-02 0.0000000000000000e+00
GRID 123 0 6.0160759035405693e-02 2.0789254440245961e-02 0.0000000000000000e+00
GRID 124 0 5.9327087827011467e-02 2.1307867261571561e-02 0.0000000000000000e+00
GRID 125 0 7.8723435673928380e-02 0.0000000000000000e+00 0.0000000000000000e+00
GRID 126 0 7.7745241909886215e-02 0.0000000000000000e+00 0.0000000000000000e+00
GRID 127 0 7.6727283537902563e-02 0.0000000000000000e+00 0.0000000000000000e+00
GRID 128 0 7.5450566579855813e-02 0.0000000000000000e+00 0.0000000000000000e+00
GRID 129 0 7.3671933039911860e-02 0.0000000000000000e+00 0.0000000000000000e+00
GRID 130 0 7.1193314206498923e-02 0.0000000000000000e+00 0.0000000000000000e+00
GRID 131 0 6.8283765063314822e-02 0.0000000000000000e+00 0.0000000000000000e+00
GRID 132 0 6.5373294430400464e-02 0.0000000000000000e+00 0.0000000000000000e+00
GRID 133 0 6.2462823797486113e-02 0.0000000000000000e+00 0.0000000000000000e+00
GRID 134 0 5.9552353164571761e-02 0.0000000000000000e+00 0.0000000000000000e+00
GRID 135 0 5.6641882531657403e-02 0.0000000000000000e+00 0.0000000000000000e+00
GRID 136 0 5.3731411898743059e-02 0.0000000000000000e+00 0.0000000000000000e+00
GRID 137 0 5.0820941265828701e-02 0.0000000000000000e+00 0.0000000000000000e+00
GRID 138 0 4.7910470632914350e-02 0.0000000000000000e+00 0.0000000000000000e+00
GRID 139 0 7.2730970948111304e-02 3.0126154571271269e-02 0.0000000000000000e+00
GRID 140 0 7.1827237750682574e-02 2.9751816024129480e-02 0.0000000000000000e+00
GRID 141 0 7.0886766845858359e-02 2.9362260220333999e-02 0.0000000000000000e+00
GRID 142 0 6.9707234179508901e-02 2.8873681792669959e-02 0.0000000000000000e+00
GRID 143 0 6.8063991056116588e-02 2.8193028204684539e-02 0.0000000000000000e+00
GRID 144 0 6.5774045847029380e-02 2.7244501841989319e-02 0.0000000000000000e+00
GRID 145 0 6.3085972944805835e-02 2.6131065589240721e-02 0.0000000000000000e+00
GRID 146 0 6.0397048697081103e-02 2.5017276697639260e-02 0.0000000000000000e+00
GRID 147 0 5.7708124449356350e-02 2.3903487806037800e-02 0.0000000000000000e+00
GRID 148 0 5.5019200201631611e-02 2.2789698914436340e-02 0.0000000000000000e+00
GRID 149 0 5.2330275953906873e-02 2.1675910022834879e-02 0.0000000000000000e+00
GRID 150 0 4.9641351706182127e-02 2.0562121131233419e-02 0.0000000000000000e+00
GRID 151 0 4.6952427458457388e-02 1.9448332239631959e-02 0.0000000000000000e+00
GRID 152 0 4.4263503210732642e-02 1.8334543348030499e-02 0.0000000000000000e+00
GRID 153 0 7.9693998736579813e-02 9.7804160137186487e-04 0.0000000000000000e+00
GRID 154 0 7.9675995850087472e-02 1.9559359132760930e-03 0.0000000000000000e+00
GRID 155 0 7.9645994051691454e-02 2.9335356684262789e-03 0.0000000000000000e+00
GRID 156 0 7.9603997859552231e-02 3.9106936438952277e-03 0.0000000000000000e+00
GRID 157 0 7.9550013598141886e-02 4.8872626832860318e-03 0.0000000000000000e+00
GRID 158 0 7.9484049397291603e-02 5.8630957188934990e-03 0.0000000000000000e+00
GRID 159 0 7.9406115190967394e-02 6.8380457938518610e-03 0.0000000000000000e+00
GRID 160 0 7.9316222715774085e-02 7.8119660842659779e-03 0.0000000000000000e+00
GRID 161 0 7.9214385509187774e-02 8.7847099213224748e-03 0.0000000000000000e+00
GRID 162 0 7.9100618907517184e-02 9.7561308133775580e-03 0.0000000000000000e+00
GRID 163 0 7.8974940043594066e-02 1.0726082468017980e-02 0.0000000000000000e+00
GRID 164 0 7.8837367844193026e-02 1.1694418814092351e-02 0.0000000000000000e+00
GRID 165 0 7.8687923027181306e-02 1.2660994023708769e-02 0.0000000000000000e+00
GRID 166 0 7.8526628098398610e-02 1.3625662534196019e-02 0.0000000000000000e+00
GRID 167 0 7.8353507348267931e-02 1.4588279070024740e-02 0.0000000000000000e+00
GRID 168 0 7.8168586848137447e-02 1.5548698664685459e-02 0.0000000000000000e+00
GRID 169 0 7.7971894446354315e-02 1.6506776682519850e-02 0.0000000000000000e+00
GRID 170 0 7.7763459764070716e-02 1.7462368840502559e-02 0.0000000000000000e+00
GRID 171 0 7.7543314190783127e-02 1.8415331229969519e-02 0.0000000000000000e+00
GRID 172 0 7.7311490879605135e-02 1.9365520338290160e-02 0.0000000000000000e+00
GRID 173 0 7.7068024742274699e-02 2.0312793070479840e-02 0.0000000000000000e+00
GRID 174 0 7.6812952443896548e-02 2.1257006770749421e-02 0.0000000000000000e+00
GRID 175 0 7.6546312397420588e-02 2.2198019243988749e-02 0.0000000000000000e+00
GRID 176 0 7.6268144757857037e-02 2.3135688777180669e-02 0.0000000000000000e+00
GRID 177 0 7.5978491416229241e-02 2.4069874160742480e-02 0.0000000000000000e+00
GRID 178 0 7.5677395993264993e-02 2.5000434709791689e-02 0.0000000000000000e+00
GRID 179 0 7.5364903832827526e-02 2.5927230285332389e-02 0.0000000000000000e+00
GRID 180 0 7.5041061995086727e-02 2.6850121315359968e-02 0.0000000000000000e+00
GRID 181 0 7.4705919249432207e-02 2.7768968815879959e-02 0.0000000000000000e+00
GRID 182 0 7.4359526067128673e-02 2.8683634411838580e-02 0.0000000000000000e+00
GRID 183 0 7.4001934613715264e-02 2.9593980357961479e-02 0.0000000000000000e+00
GRID 184 0 7.6164566517411311e-02 1.3094543449126280e-02 0.0000000000000000e+00
GRID 185 0 7.6029198939681381e-02 1.2102733237965860e-02 0.0000000000000000e+00
GRID 186 0 7.5185827570838262e-02 1.2642209931369251e-02 0.0000000000000000e+00
GRID 187 0 7.6992024224677769e-02 1.2664713695382459e-02 0.0000000000000000e+00
GRID 188 0 6.3605292641271363e-02 2.0504904912397721e-02 0.0000000000000000e+00
GRID 189 0 6.4894756321861286e-02 1.9087306408933389e-02 0.0000000000000000e+00
GRID 190 0 5.6338867987313503e-02 1.5861140849214798e-02 0.0000000000000000e+00
GRID 191 0 4.6638165741619088e-02 1.4677244614863560e-02 0.0000000000000000e+00
GRID 192 0 4.4137032879700638e-02 1.5531577459263790e-02 0.0000000000000000e+00
GRID 193 0 4.6068789928115722e-02 1.7045405758998142e-02 0.0000000000000000e+00
GRID 194 0 7.8269762802725129e-02 7.4324443649459102e-04 0.0000000000000000e+00
GRID 195 0 7.8776401875932184e-02 1.6290265173986690e-03 0.0000000000000000e+00
GRID 196 0 7.9032719817833108e-02 6.7006251105302533e-04 0.0000000000000000e+00
GRID 197 0 6.4759015319208496e-02 2.3668711835468630e-02 0.0000000000000000e+00
GRID 198 0 6.6182489968797595e-02 2.1105042544082641e-02 0.0000000000000000e+00
GRID 199 0 7.0313320650225927e-02 7.1465798140730018e-03 0.0000000000000000e+00
GRID 200 0 6.8045528196344254e-02 2.2561123006652740e-02 0.0000000000000000e+00
GRID 201 0 6.7667195179564835e-02 2.5637007411695889e-02 0.0000000000000000e+00
GRID 202 0 7.2457733889659912e-02 6.0428006327246974e-03 0.0000000000000000e+00
GRID 203 0 6.1415469880100583e-02 2.1973022916669981e-02 0.0000000000000000e+00
GRID 204 0 4.6909332252703821e-02 4.7370228606429124e-03 0.0000000000000000e+00
GRID 205 0 4.8956788455486178e-02 2.7704607883360060e-03 0.0000000000000000e+00
GRID 206 0 4.6441700951346823e-02 2.2166092013696449e-03 0.0000000000000000e+00
GRID 207 0 5.8589241553385678e-02 1.4959996862939090e-02 0.0000000000000000e+00
GRID 208 0 5.9893837431411613e-02 1.3251314163254700e-02 0.0000000000000000e+00
GRID 209 0 5.7107830866971937e-02 1.3109151757032740e-02 0.0000000000000000e+00
GRID 210 0 5.7421710046780518e-02 1.0330045246134470e-02 0.0000000000000000e+00
GRID 211 0 5.9210551963629732e-02 2.2701663548392891e-02 0.0000000000000000e+00
GRID 212 0 6.4176776980082229e-02 8.0940131025732664e-03 0.0000000000000000e+00
GRID 213 0 6.3113318206998392e-02 5.8834228379091016e-03 0.0000000000000000e+00
GRID 214 0 6.1913699824067081e-02 8.1572072357270244e-03 0.0000000000000000e+00
GRID 215 0 7.0701566078732264e-02 1.6377548389948961e-02 0.0000000000000000e+00
GRID 216 0 7.3287339710387117e-02 1.7784633732116941e-02 0.0000000000000000e+00
GRID 217 0 7.3242036757526080e-02 1.6112411381411500e-02 0.0000000000000000e+00
GRID 218 0 7.1885228510452023e-02 1.9468228058656539e-02 0.0000000000000000e+00
GRID 219 0 6.8891026605693045e-02 1.9511403203368999e-02 0.0000000000000000e+00
GRID 220 0 6.8196229480971288e-02 1.7096585357549311e-02 0.0000000000000000e+00
GRID 221 0 7.4252692354718805e-02 4.3800342112700948e-03 0.0000000000000000e+00
GRID 222 0 7.1973046227855858e-02 2.8913666779042842e-03 0.0000000000000000e+00
GRID 223 0 7.0507294728019226e-02 4.7683714040305187e-03 0.0000000000000000e+00
GRID 224 0 7.4970313183769580e-02 2.4382923890669539e-02 0.0000000000000000e+00
GRID 225 0 7.4576745485101459e-02 2.5312532177871518e-02 0.0000000000000000e+00
GRID 226 0 6.7780510303591168e-02 8.0537403341386996e-03 0.0000000000000000e+00
GRID 227 0 6.6010763381787282e-02 9.5547625718458290e-03 0.0000000000000000e+00
GRID 228 0 7.0685963468193211e-02 2.5635822589795791e-02 0.0000000000000000e+00
GRID 229 0 6.9707454809767685e-02 2.7262272262778841e-02 0.0000000000000000e+00
GRID 230 0 7.7108324806058101e-02 1.6673683413516559e-02 0.0000000000000000e+00
GRID 231 0 7.6581053553182676e-02 1.6151959415520958e-02 0.0000000000000000e+00
GRID 232 0 7.6233947466375809e-02 1.6800117454613871e-02 0.0000000000000000e+00
GRID 233 0 7.5739927286598341e-02 1.6109773114413920e-02 0.0000000000000000e+00
GRID 234 0 6.0730930312732558e-02 1.0507641319918369e-02 0.0000000000000000e+00
GRID 235 0 6.2104046360993530e-02 1.2676980646858460e-02 0.0000000000000000e+00
GRID 236 0 7.1653330214724323e-02 2.4350142188636570e-02 0.0000000000000000e+00
GRID 237 0 7.0140690584364312e-02 2.3798574186626151e-02 0.0000000000000000e+00
GRID 238 0 7.2268740458288058e-02 2.5184278369504789e-02 0.0000000000000000e+00
GRID 239 0 7.4525064781326672e-02 2.2832386428375571e-02 0.0000000000000000e+00
GRID 240 0 7.4705392823173011e-02 2.1922380756091181e-02 0.0000000000000000e+00
GRID 241 0 7.3577110850439026e-02 2.2245125849537788e-02 0.0000000000000000e+00
GRID 242 0 6.6593410535119399e-02 1.8325318985148841e-02 0.0000000000000000e+00
GRID 243 0 7.2432948937245334e-02 2.9364604715110130e-02 0.0000000000000000e+00
GRID 244 0 7.4092279586020632e-02 1.3459254123597809e-02 0.0000000000000000e+00
GRID 245 0 7.7060962565430463e-02 1.3534375867515580e-02 0.0000000000000000e+00
GRID 246 0 7.7776167028092702e-02 1.3101959474662099e-02 0.0000000000000000e+00
GRID 247 0 7.7837969617883779e-02 1.2227055386906599e-02 0.0000000000000000e+00
GRID 248 0 7.3981076111152927e-02 2.8038679387765400e-02 0.0000000000000000e+00
GRID 249 0 7.3131812118163081e-02 2.7745311765079429e-02 0.0000000000000000e+00
GRID 250 0 7.3593165673895983e-02 2.8698523538833828e-02 0.0000000000000000e+00
GRID 251 0 7.2659548318115122e-02 2.8637172619407559e-02 0.0000000000000000e+00
GRID 252 0 7.2042302856184098e-02 2.7959053862145328e-02 0.0000000000000000e+00
GRID 253 0 7.2403006824441576e-02 2.7093868878966951e-02 0.0000000000000000e+00
GRID 254 0 7.0871728674601883e-02 2.8227970169780191e-02 0.0000000000000000e+00
GRID 255 0 7.1796508796437619e-02 2.8847562775945721e-02 0.0000000000000000e+00
GRID 256 0 7.7083280661739653e-02 1.1927614737535170e-02 0.0000000000000000e+00
GRID 257 0 5.2129010837977087e-02 1.1642539084200640e-02 0.0000000000000000e+00
GRID 258 0 4.8494027366258977e-02 1.2177901396342840e-02 0.0000000000000000e+00
GRID 259 0 5.0798727534191027e-02 1.4083278657537319e-02 0.0000000000000000e+00
GRID 260 0 4.9202108024428773e-02 9.2863509806689615e-03 0.0000000000000000e+00
GRID 261 0 7.8115429651139018e-02 3.6887809024678218e-03 0.0000000000000000e+00
GRID 262 0 7.7757661011673848e-02 2.9795864063114018e-03 0.0000000000000000e+00
GRID 263 0 7.7181440171602986e-02 3.6797572735607280e-03 0.0000000000000000e+00
GRID 264 0 7.6804136559252986e-02 2.7965052356630892e-03 0.0000000000000000e+00
GRID 265 0 7.5807640544480040e-02 3.4053629428632249e-03 0.0000000000000000e+00
GRID 266 0 5.1786332993575643e-02 3.3320079045182070e-03 0.0000000000000000e+00
GRID 267 0 4.5152770290298710e-02 1.2433263241032380e-02 0.0000000000000000e+00
GRID 268 0 4.9075637774424558e-02 1.4938105823176879e-02 0.0000000000000000e+00
GRID 269 0 4.8359531804048929e-02 1.7013669612709059e-02 0.0000000000000000e+00
GRID 270 0 7.7777632118131865e-02 5.3844606167228826e-03 0.0000000000000000e+00
GRID 271 0 7.8673195265336629e-02 5.0984555367240914e-03 0.0000000000000000e+00
GRID 272 0 7.7873122242063053e-02 4.4657833457513677e-03 0.0000000000000000e+00
GRID 273 0 7.1248616300620710e-02 2.7006123408046690e-02 0.0000000000000000e+00
GRID 274 0 7.8760385231966018e-02 4.2007209286086056e-03 0.0000000000000000e+00
GRID 275 0 5.4786060961377933e-02 1.3414596174541269e-02 0.0000000000000000e+00
GRID 276 0 5.5147369759452593e-02 1.1540737056042199e-02 0.0000000000000000e+00
GRID 277 0 7.4199963397964086e-02 1.6966929441113981e-02 0.0000000000000000e+00
GRID 278 0 7.4759588499333882e-02 1.7713821064780939e-02 0.0000000000000000e+00
GRID 279 0 7.4469475316996922e-02 1.8540208101125211e-02 0.0000000000000000e+00
GRID 280 0 7.3175294538705429e-02 2.9486717560346990e-02 0.0000000000000000e+00
GRID 281 0 7.2521887994536710e-02 1.4501394186379791e-02 0.0000000000000000e+00
GRID 282 0 7.4120886027106536e-02 1.4974501905022220e-02 0.0000000000000000e+00
GRID 283 0 7.4620633055960395e-02 1.6069419685326890e-02 0.0000000000000000e+00
GRID 284 0 7.4053601476404177e-02 1.7889420381396420e-03 0.0000000000000000e+00
GRID 285 0 7.6026017380814159e-02 1.8458304359765709e-03 0.0000000000000000e+00
GRID 286 0 7.5604944825712991e-02 4.6039466274377643e-03 0.0000000000000000e+00
GRID 287 0 7.5750644151240942e-02 5.6583629667565352e-03 0.0000000000000000e+00
GRID 288 0 7.6730651012988760e-02 4.7425248178618517e-03 0.0000000000000000e+00
GRID 289 0 7.8232862120998031e-02 1.0561011086932000e-02 0.0000000000000000e+00
GRID 290 0 7.8284205700558898e-02 2.3332425422212641e-03 0.0000000000000000e+00
GRID 291 0 7.8736176094699989e-02 3.1758075483166530e-03 0.0000000000000000e+00
GRID 292 0 7.9064290942148174e-02 2.4352847962307821e-03 0.0000000000000000e+00
GRID 293 0 7.7423698762007262e-02 1.0712399960398210e-02 0.0000000000000000e+00
GRID 294 0 4.9616870277197841e-02 1.8645196305291201e-02 0.0000000000000000e+00
GRID 295 0 5.2043304059787389e-02 1.9463423690559159e-02 0.0000000000000000e+00
GRID 296 0 5.1087736357513368e-02 1.6738434852322400e-02 0.0000000000000000e+00
GRID 297 0 7.6284036423890839e-02 1.3878531948849891e-02 0.0000000000000000e+00
GRID 298 0 6.2296127895754137e-02 2.4193026461020020e-02 0.0000000000000000e+00
GRID 299 0 7.8662638198600504e-02 9.1852529569728981e-03 0.0000000000000000e+00
GRID 300 0 5.7898794868866718e-02 2.3483069402067281e-03 0.0000000000000000e+00
GRID 301 0 5.6536218587618460e-02 4.1678599437663154e-03 0.0000000000000000e+00
GRID 302 0 5.8425401182397571e-02 4.8764337185729549e-03 0.0000000000000000e+00
GRID 303 0 5.6111015513407352e-02 6.6945045955218883e-03 0.0000000000000000e+00
GRID 304 0 5.8668750320012647e-02 7.9996148255715490e-03 0.0000000000000000e+00
GRID 305 0 5.3207225271986590e-02 1.4919412148230610e-02 0.0000000000000000e+00
GRID 306 0 5.4102947933153171e-02 1.7776483276995079e-02 0.0000000000000000e+00
GRID 307 0 6.0991880245852469e-02 5.4706434856976044e-03 0.0000000000000000e+00
GRID 308 0 6.9187817906945517e-02 2.6430544902997198e-03 0.0000000000000000e+00
GRID 309 0 4.6355185388162377e-02 9.7147385532759794e-03 0.0000000000000000e+00
GRID 310 0 7.6839598453893806e-02 1.4388991404442560e-02 0.0000000000000000e+00
GRID 311 0 7.7733636585748112e-02 1.4015680890168891e-02 0.0000000000000000e+00
GRID 312 0 7.7488219677333867e-02 1.4939481025729420e-02 0.0000000000000000e+00
GRID 313 0 7.7710341364443491e-02 1.1395153053124061e-02 0.0000000000000000e+00
GRID 314 0 7.2115713258492420e-02 2.6212328616287400e-02 0.0000000000000000e+00
GRID 315 0 4.6741771297761157e-02 7.3022553343417484e-03 0.0000000000000000e+00
GRID 316 0 4.9871952635242779e-02 6.3371247677157126e-03 0.0000000000000000e+00
GRID 317 0 7.4254562436985735e-02 2.3811722077934219e-02 0.0000000000000000e+00
GRID 318 0 7.5306397859431176e-02 2.3378789826792631e-02 0.0000000000000000e+00
GRID 319 0 6.3484364498580401e-02 3.3295097277810880e-03 0.0000000000000000e+00
GRID 320 0 6.0345747443058727e-02 2.5776725686239110e-03 0.0000000000000000e+00
GRID 321 0 7.6446860421035046e-02 1.5328752198429480e-02 0.0000000000000000e+00
GRID 322 0 7.7269364905078589e-02 1.5811519006610899e-02 0.0000000000000000e+00
GRID 323 0 7.4055081868530687e-02 2.7230893921011860e-02 0.0000000000000000e+00
GRID 324 0 7.3211980958908116e-02 2.6588725168869450e-02 0.0000000000000000e+00
GRID 325 0 7.4328514774142262e-02 2.6361174411740629e-02 0.0000000000000000e+00
GRID 326 0 6.8238601825562961e-02 5.4045104511827452e-03 0.0000000000000000e+00
GRID 327 0 6.5613477826374306e-02 6.2118485164685371e-03 0.0000000000000000e+00
GRID 328 0 6.6490009383026558e-02 3.1629808016050039e-03 0.0000000000000000e+00
GRID 329 0 7.5502344795085413e-02 2.2444982599953561e-02 0.0000000000000000e+00
GRID 330 0 5.4292235985456530e-02 9.2073530444459172e-03 0.0000000000000000e+00
GRID 331 0 5.5860468449846302e-02 2.0614048743401222e-03 0.0000000000000000e+00
GRID 332 0 7.6846869154342912e-02 1.1248418306302840e-02 0.0000000000000000e+00
GRID 333 0 7.5438794442593715e-02 1.3679088978526570e-02 0.0000000000000000e+00
GRID 334 0 7.5933704985630360e-02 1.4597510190298630e-02 0.0000000000000000e+00
GRID 335 0 7.3750317826268619e-02 2.5621124954925009e-02 0.0000000000000000e+00
GRID 336 0 7.3753650596684719e-02 1.9313174890553560e-02 0.0000000000000000e+00
GRID 337 0 7.7247923687693870e-02 2.0719891196035178e-03 0.0000000000000000e+00
GRID 338 0 7.7823286046236020e-02 1.4645868057464389e-03 0.0000000000000000e+00
GRID 339 0 7.3336437789956133e-02 2.0330198135439528e-02 0.0000000000000000e+00
GRID 340 0 7.7478335238699722e-02 6.9069350345456193e-04 0.0000000000000000e+00
GRID 341 0 7.3505598926305496e-02 2.3204254030620739e-02 0.0000000000000000e+00
GRID 342 0 7.6792235420431287e-02 1.0121833006387600e-03 0.0000000000000000e+00
GRID 343 0 6.3800542850822400e-02 1.0987907859255609e-02 0.0000000000000000e+00
GRID 344 0 7.0632773395909412e-02 2.1645938819018509e-02 0.0000000000000000e+00
GRID 345 0 7.2594015929156638e-02 2.1314469053690919e-02 0.0000000000000000e+00
GRID 346 0 5.4494034272328420e-02 3.7908575291431819e-03 0.0000000000000000e+00
GRID 347 0 7.4972360819770892e-02 1.4402478891658479e-02 0.0000000000000000e+00
GRID 348 0 5.2938758096484809e-02 6.4893678923149132e-03 0.0000000000000000e+00
GRID 349 0 7.3973246422058908e-02 2.1235884196183451e-02 0.0000000000000000e+00
GRID 350 0 7.4945733177969265e-02 2.1111441886644600e-02 0.0000000000000000e+00
GRID 351 0 7.4476103880229155e-02 2.0319178612772489e-02 0.0000000000000000e+00
GRID 352 0 7.5276154085527666e-02 1.5302031231990009e-02 0.0000000000000000e+00
GRID 353 0 7.3269546925563603e-02 2.4971449958055780e-02 0.0000000000000000e+00
GRID 354 0 7.2875968046585193e-02 2.5765133544287069e-02 0.0000000000000000e+00
GRID 355 0 7.5780197714356845e-02 2.0487806930277481e-02 0.0000000000000000e+00
GRID 356 0 7.5720597965685088e-02 2.1545790254941879e-02 0.0000000000000000e+00
GRID 357 0 7.8752273146174057e-02 8.2982861679052784e-03 0.0000000000000000e+00
GRID 358 0 7.3972232906813470e-02 2.4711747787016600e-02 0.0000000000000000e+00
GRID 359 0 7.3011908859119873e-02 2.4170709533269559e-02 0.0000000000000000e+00
GRID 360 0 5.1620700621170190e-02 8.5435467481368502e-03 0.0000000000000000e+00
GRID 361 0 7.2159347703656174e-02 2.2961326263986549e-02 0.0000000000000000e+00
GRID 362 0 7.5260605712051717e-02 1.6930570350196100e-02 0.0000000000000000e+00
GRID 363 0 7.6803905837431630e-02 1.7512107943749741e-02 0.0000000000000000e+00
GRID 364 0 7.5860693744330993e-02 1.7607750831559452e-02 0.0000000000000000e+00
GRID 365 0 7.6496757369681090e-02 1.8406323397796891e-02 0.0000000000000000e+00
GRID 366 0 7.5479453114272413e-02 1.8452833932573989e-02 0.0000000000000000e+00
GRID 367 0 7.6225372822343485e-02 1.9348983702098140e-02 0.0000000000000000e+00
GRID 368 0 7.5067357580349103e-02 1.9436565637536339e-02 0.0000000000000000e+00
GRID 369 0 3.9544736110219213e-02 9.1694551972808670e-03 0.0000000000000000e+00
GRID 370 0 4.1826154551721492e-02 3.6141122546454918e-03 0.0000000000000000e+00
GRID 371 0 3.4423355822591178e-02 3.7848275945296939e-03 0.0000000000000000e+00
GRID 372 0 3.3383004522076737e-02 8.5344004564344746e-03 0.0000000000000000e+00
GRID 373 0 4.0363560144104020e-02 1.3870864910836250e-02 0.0000000000000000e+00
GRID 374 0 7.3455764250732775e-02 9.3685936854866637e-03 0.0000000000000000e+00
GRID 375 0 7.3804691627284688e-02 1.0254218487589610e-02 0.0000000000000000e+00
GRID 376 0 7.4399083263347265e-02 9.7088130185449557e-03 0.0000000000000000e+00
GRID 377 0 7.2835199533057907e-02 9.9455790357783867e-03 0.0000000000000000e+00
GRID 378 0 7.1804965932030895e-02 8.8376217594591799e-03 0.0000000000000000e+00
GRID 379 0 7.1061127829573231e-02 9.3942287594011957e-03 0.0000000000000000e+00
GRID 380 0 7.1944885223904256e-02 9.6744926196712204e-03 0.0000000000000000e+00
GRID 381 0 6.3381557774951039e-02 1.5327682207583180e-02 0.0000000000000000e+00
GRID 382 0 6.4022587382383020e-02 1.5903217583047989e-02 0.0000000000000000e+00
GRID 383 0 6.4214957868542227e-02 1.4808233360551060e-02 0.0000000000000000e+00
GRID 384 0 7.4423261520952924e-02 1.0858167383831940e-02 0.0000000000000000e+00
GRID 385 0 7.5146361539407555e-02 1.0430533726861931e-02 0.0000000000000000e+00
GRID 386 0 6.2549580504945093e-02 1.5851325749286879e-02 0.0000000000000000e+00
GRID 387 0 6.3188856638070043e-02 1.6421817528928861e-02 0.0000000000000000e+00
GRID 388 0 7.3929885224407049e-02 8.6500860375159742e-03 0.0000000000000000e+00
GRID 389 0 6.2836127483973325e-02 1.8460051748511661e-02 0.0000000000000000e+00
GRID 390 0 6.3344575013696655e-02 1.7944666382829690e-02 0.0000000000000000e+00
GRID 391 0 6.2555040806335838e-02 1.7790657347455191e-02 0.0000000000000000e+00
GRID 392 0 6.0276066400227063e-02 1.9781604731493669e-02 0.0000000000000000e+00
GRID 393 0 6.1096610250949340e-02 1.9499671905788590e-02 0.0000000000000000e+00
GRID 394 0 6.0442098361209652e-02 1.8902685966841911e-02 0.0000000000000000e+00
GRID 395 0 5.9805206655086610e-02 1.8275380264447479e-02 0.0000000000000000e+00
GRID 396 0 5.8978088375618153e-02 1.8267650313246009e-02 0.0000000000000000e+00
GRID 397 0 5.9552034819245869e-02 1.9116970033287869e-02 0.0000000000000000e+00
GRID 398 0 7.2492081314224174e-02 9.0533077951496475e-03 0.0000000000000000e+00
GRID 399 0 6.1735966733250720e-02 1.6359871334374061e-02 0.0000000000000000e+00
GRID 400 0 6.2446158644029442e-02 1.6879245979093838e-02 0.0000000000000000e+00
GRID 401 0 7.2298106881327567e-02 1.0542556279482180e-02 0.0000000000000000e+00
GRID 402 0 6.1298292342019049e-02 1.8707425827905012e-02 0.0000000000000000e+00
GRID 403 0 6.2132175227235693e-02 1.8585641950585739e-02 0.0000000000000000e+00
GRID 404 0 6.0883435629185918e-02 1.6913347973904640e-02 0.0000000000000000e+00
GRID 405 0 6.1613716627771993e-02 1.7570272005656050e-02 0.0000000000000000e+00
GRID 406 0 6.3033790553802926e-02 1.7281531908861999e-02 0.0000000000000000e+00
GRID 407 0 6.0046350053487102e-02 1.7296976241195510e-02 0.0000000000000000e+00
GRID 408 0 6.0677052132753498e-02 1.7934254340963018e-02 0.0000000000000000e+00
GRID 409 0 5.9391043877611349e-02 1.9880830644999500e-02 0.0000000000000000e+00
GRID 410 0 6.3980902380373544e-02 1.6723132469255480e-02 0.0000000000000000e+00
GRID 411 0 6.3705088892905354e-02 1.7317605946565409e-02 0.0000000000000000e+00
GRID 412 0 6.4353293694112190e-02 1.7338297055898469e-02 0.0000000000000000e+00
GRID 413 0 6.4814595198888075e-02 1.6204524323118839e-02 0.0000000000000000e+00
GRID 414 0 6.4588575821002317e-02 1.6776979022663979e-02 0.0000000000000000e+00
GRID 415 0 6.5197289984486095e-02 1.6815125192370731e-02 0.0000000000000000e+00
GRID 416 0 6.5648269229140729e-02 1.5685912111218381e-02 0.0000000000000000e+00
GRID 417 0 6.5424035104959782e-02 1.6257580419416068e-02 0.0000000000000000e+00
GRID 418 0 6.6031332333927203e-02 1.6296349754557040e-02 0.0000000000000000e+00
GRID 419 0 6.4856266389151401e-02 1.5384606444264599e-02 0.0000000000000000e+00
GRID 420 0 6.5048585357469088e-02 1.4289481518915440e-02 0.0000000000000000e+00
GRID 421 0 6.6481940805384276e-02 1.5167299369095080e-02 0.0000000000000000e+00
GRID 422 0 6.6257771125386278e-02 1.5738939686592901e-02 0.0000000000000000e+00
GRID 423 0 6.6865017063121562e-02 1.5777731172545800e-02 0.0000000000000000e+00
GRID 424 0 7.3205844444055673e-02 1.0810096511254440e-02 0.0000000000000000e+00
GRID 425 0 7.3703539176166219e-02 1.1307429716452320e-02 0.0000000000000000e+00
GRID 426 0 6.7315612061649654e-02 1.4648686558037860e-02 0.0000000000000000e+00
GRID 427 0 6.7091444766436789e-02 1.5220325890931930e-02 0.0000000000000000e+00
GRID 428 0 6.7698688788967690e-02 1.5259118151222601e-02 0.0000000000000000e+00
GRID 429 0 6.8149283276338818e-02 1.4130073738085220e-02 0.0000000000000000e+00
GRID 430 0 6.7925116077211287e-02 1.4701713035433691e-02 0.0000000000000000e+00
GRID 431 0 6.8532360016686167e-02 1.4740505315038481e-02 0.0000000000000000e+00
GRID 432 0 6.5689938618184562e-02 1.4865993842499909e-02 0.0000000000000000e+00
GRID 433 0 6.5882249471070506e-02 1.3770845568925419e-02 0.0000000000000000e+00
GRID 434 0 6.8982954485580020e-02 1.3611460916945071e-02 0.0000000000000000e+00
GRID 435 0 6.8758787285899639e-02 1.4183100176857370e-02 0.0000000000000000e+00
GRID 436 0 6.9366031212552900e-02 1.4221892274082489e-02 0.0000000000000000e+00
GRID 437 0 6.9816625694085643e-02 1.3092848095643870e-02 0.0000000000000000e+00
GRID 438 0 6.9592458433368531e-02 1.3664486279624350e-02 0.0000000000000000e+00
GRID 439 0 7.0199702074384390e-02 1.3703273206422900e-02 0.0000000000000000e+00
GRID 440 0 7.0650299894025603e-02 1.2574234217360101e-02 0.0000000000000000e+00
GRID 441 0 7.0426127972768343e-02 1.3145843297353950e-02 0.0000000000000000e+00
GRID 442 0 7.1033360628233816e-02 1.3184486716222040e-02 0.0000000000000000e+00
GRID 443 0 6.6523609959951255e-02 1.4347381049653531e-02 0.0000000000000000e+00
GRID 444 0 6.6715919522052011e-02 1.3252228898213441e-02 0.0000000000000000e+00
GRID 445 0 7.1483575803556229e-02 1.2054191235335521e-02 0.0000000000000000e+00
GRID 446 0 7.1259734590846210e-02 1.2626393342718841e-02 0.0000000000000000e+00
GRID 447 0 7.1867049268482711e-02 1.2662455965330459e-02 0.0000000000000000e+00
GRID 448 0 7.2315682340121895e-02 1.1487394058288849e-02 0.0000000000000000e+00
GRID 449 0 7.2093952835359867e-02 1.2092958184377830e-02 0.0000000000000000e+00
GRID 450 0 7.2705946048785858e-02 1.2107934754673691e-02 0.0000000000000000e+00
GRID 451 0 7.2954769542125222e-02 1.1457810104883471e-02 0.0000000000000000e+00
GRID 452 0 6.7357281185806708e-02 1.3828768232151180e-02 0.0000000000000000e+00
GRID 453 0 6.7549590540824322e-02 1.2733615436045460e-02 0.0000000000000000e+00
GRID 454 0 6.0256890939193931e-02 1.6221534765958261e-02 0.0000000000000000e+00
GRID 455 0 5.9494168902585493e-02 1.6693363892334979e-02 0.0000000000000000e+00
GRID 456 0 6.8190952396497917e-02 1.3310155411328531e-02 0.0000000000000000e+00
GRID 457 0 6.8383261718046595e-02 1.2215002508007750e-02 0.0000000000000000e+00
GRID 458 0 7.1196539931661029e-02 1.0293733778287800e-02 0.0000000000000000e+00
GRID 459 0 6.1090320838746083e-02 1.5701290231021660e-02 0.0000000000000000e+00
GRID 460 0 6.9024623605194291e-02 1.2791542590069090e-02 0.0000000000000000e+00
GRID 461 0 6.9205532541368159e-02 1.1707969472141269e-02 0.0000000000000000e+00
GRID 462 0 6.1924015609043037e-02 1.5182660093647420e-02 0.0000000000000000e+00
GRID 463 0 6.9858294813628263e-02 1.2272929768752199e-02 0.0000000000000000e+00
GRID 464 0 6.2757687816071231e-02 1.4664047064185720e-02 0.0000000000000000e+00
GRID 465 0 6.9947210271357876e-02 1.1419724594934689e-02 0.0000000000000000e+00
GRID 466 0 6.8593386186729721e-02 1.1033757323347810e-02 0.0000000000000000e+00
GRID 467 0 6.7759714978335953e-02 1.1552370144673359e-02 0.0000000000000000e+00
GRID 468 0 7.0691966022027708e-02 1.1754316947427750e-02 0.0000000000000000e+00
GRID 469 0 7.1525636393011002e-02 1.1235710968027090e-02 0.0000000000000000e+00
GRID 470 0 6.6926043769950136e-02 1.2070982965998400e-02 0.0000000000000000e+00
GRID 471 0 7.0505134394888841e-02 1.0869150943883530e-02 0.0000000000000000e+00
GRID 472 0 6.6092372561624479e-02 1.2589595787318660e-02 0.0000000000000000e+00
GRID 473 0 6.5258701353678922e-02 1.3108208608605921e-02 0.0000000000000000e+00
GRID 474 0 6.4425030148136914e-02 1.3626821429686530e-02 0.0000000000000000e+00
GRID 475 0 6.3591358957904714e-02 1.4145434249513830e-02 0.0000000000000000e+00
GRID 476 0 7.3008300474833657e-02 8.4266271876755772e-03 0.0000000000000000e+00
GRID 477 0 6.9426418653252178e-02 1.0514860047736101e-02 0.0000000000000000e+00
GRID 478 0 7.0243035098023321e-02 9.9965593268877863e-03 0.0000000000000000e+00
GRID 479 0 5.9238834179336189e-02 1.7383504904827939e-02 0.0000000000000000e+00
GRID 480 0 5.8210272135224173e-02 1.8115362014699619e-02 0.0000000000000000e+00
GRID 481 0 5.8544557951004737e-02 1.7402921061473370e-02 0.0000000000000000e+00
GRID 482 0 5.7522957046464471e-02 1.7980980630325209e-02 0.0000000000000000e+00
GRID 483 0 5.8697263541367763e-02 1.9097516124229968e-02 0.0000000000000000e+00
GRID 484 0 5.7787803968805979e-02 1.9059753513561199e-02 0.0000000000000000e+00
GRID 485 0 5.6988456480235428e-02 1.8444473906120730e-02 0.0000000000000000e+00
GRID 486 0 7.5899278122157438e-02 9.9878658673901791e-03 0.0000000000000000e+00
GRID 487 0 7.5172430847416913e-02 9.6026524243014184e-03 0.0000000000000000e+00
GRID 488 0 7.3531655920502759e-02 7.8725234751913092e-03 0.0000000000000000e+00
GRID 489 0 5.8506881982319188e-02 2.0832391704631331e-02 0.0000000000000000e+00
GRID 490 0 5.8485820771260341e-02 1.9947974775153782e-02 0.0000000000000000e+00
GRID 491 0 7.4861187833228982e-02 8.7974393842271577e-03 0.0000000000000000e+00
GRID 492 0 7.4376918680679263e-02 7.7636365042236281e-03 0.0000000000000000e+00
GRID 493 0 5.9174318698436923e-02 2.0551663765455270e-02 0.0000000000000000e+00
GRID 501 0 5.6709963851161109e-02 5.6709963851161109e-02 0.0000000000000000e+00
GRID 502 0 3.1819805153394637e-02 3.1819805153394637e-02 0.0000000000000000e+00
GRID 503 0 2.1213203435596427e-02 2.1213203435596427e-02 0.0000000000000000e+00
GRID 504 0 5.9729981585742276e-02 5.1244700211503708e-02 0.0000000000000000e+00
GRID 505 0 5.8774102589325486e-02 5.0288821215086918e-02 0.0000000000000000e+00
GRID 506 0 5.8189801477575125e-02 4.7780901748732722e-02 0.0000000000000000e+00
GRID 507 0 5.7215884692153211e-02 4.8007807224809122e-02 0.0000000000000000e+00
GRID 508 0 5.2314726408903070e-02 2.6971204659695876e-02 0.0000000000000000e+00
GRID 509 0 5.3288643194324990e-02 2.6744299183619501e-02 0.0000000000000000e+00
GRID 510 0 5.2363148366301057e-02 2.2771918422168871e-02 0.0000000000000000e+00
GRID 511 0 5.6454385407729263e-02 2.4466564291611606e-02 0.0000000000000000e+00
GRID 512 0 6.2036667368134991e-02 4.8426665194450207e-02 0.0000000000000000e+00
GRID 513 0 5.6794743621843856e-02 2.5927439469744469e-02 0.0000000000000000e+00
GRID 514 0 6.1695901905093997e-02 4.6964042034857698e-02 0.0000000000000000e+00
GRID 515 0 5.6356410460567836e-02 5.6356410460567836e-02 0.0000000000000000e+00
GRID 516 0 5.7472670398252268e-02 5.5936858664871941e-02 0.0000000000000000e+00
GRID 517 0 5.8224838452235091e-02 5.5153496600044545e-02 0.0000000000000000e+00
GRID 518 0 5.8966330091593203e-02 5.4360021298094335e-02 0.0000000000000000e+00
GRID 519 0 5.9697009352494064e-02 5.3556578254853417e-02 0.0000000000000000e+00
GRID 520 0 6.0416742253720172e-02 5.2743314793891598e-02 0.0000000000000000e+00
GRID 521 0 6.1125396821236432e-02 5.1920380039502591e-02 0.0000000000000000e+00
GRID 522 0 6.1822843112389676e-02 5.1087924889359627e-02 0.0000000000000000e+00
GRID 523 0 6.2508953239735654e-02 5.0246101986846141e-02 0.0000000000000000e+00
GRID 524 0 6.3183601394489058e-02 4.9395065693066155e-02 0.0000000000000000e+00
GRID 525 0 6.3846663869592632e-02 4.8534972058539960e-02 0.0000000000000000e+00
GRID 526 0 6.4498019082400632e-02 4.7665978794589815e-02 0.0000000000000000e+00
GRID 527 0 6.5137547596972920e-02 4.6788245244421031e-02 0.0000000000000000e+00
GRID 528 0 6.5765132145975375e-02 4.5901932353904176e-02 0.0000000000000000e+00
GRID 529 0 6.6380657652182623e-02 4.5007202642063086e-02 0.0000000000000000e+00
GRID 530 0 6.6984011249579173e-02 4.4104220171274425e-02 0.0000000000000000e+00
GRID 531 0 6.7575082304055248e-02 4.3193150517184531e-02 0.0000000000000000e+00
GRID 532 0 6.8153762433693130e-02 4.2274160738348429e-02 0.0000000000000000e+00
GRID 533 0 6.8719945528640664e-02 4.1347419345597138e-02 0.0000000000000000e+00
GRID 534 0 6.9273527770568152e-02 4.0413096271138690e-02 0.0000000000000000e+00
GRID 535 0 6.9814407651705004e-02 3.9471362837398369e-02 0.0000000000000000e+00
GRID 536 0 7.0342485993452775e-02 3.8522391725604198e-02 0.0000000000000000e+00
GRID 537 0 7.0857665964571048e-02 3.7566356944123150e-02 0.0000000000000000e+00
GRID 538 0 7.1359853098932904e-02 3.6603433796554084e-02 0.0000000000000000e+00
GRID 539 0 7.1848955312846768e-02 3.5633798849583065e-02 0.0000000000000000e+00
GRID 540 0 7.2324882921941391e-02 3.4657629900607313e-02 0.0000000000000000e+00
GRID 541 0 7.2787548657610765e-02 3.3675105945133212e-02 0.0000000000000000e+00
GRID 542 0 7.3236867683016196e-02 3.2686407143954779e-02 0.0000000000000000e+00
GRID 543 0 7.3672757608642475e-02 3.1691714790118446e-02 0.0000000000000000e+00
GRID 544 0 3.3177480156455580e-02 3.0401559342704720e-02 0.0000000000000000e+00
GRID 545 0 3.4471999940354013e-02 2.8925442435894282e-02 0.0000000000000000e+00
GRID 546 0 3.5700900313105584e-02 2.7394264305392445e-02 0.0000000000000000e+00
GRID 547 0 3.6861841993004622e-02 2.5810939635797083e-02 0.0000000000000000e+00
GRID 548 0 3.7952615061579861e-02 2.4178482375607071e-02 0.0000000000000000e+00
GRID 549 0 3.8971143170299746e-02 2.2499999999999996e-02 0.0000000000000000e+00
GRID 550 0 3.9915487493019979e-02 2.0778687595576530e-02 0.0000000000000000e+00
GRID 551 0 4.0783850416649253e-02 1.9017821778331456e-02 0.0000000000000000e+00
GRID 552 0 2.3190313600882102e-02 1.9031798524909379e-02 0.0000000000000000e+00
GRID 553 0 2.4944088369076349e-02 1.6667106990588071e-02 0.0000000000000000e+00
GRID 554 0 2.6457637930450653e-02 1.4141902104779924e-02 0.0000000000000000e+00
GRID 555 0 2.3864853865045988e-02 2.3864853865045988e-02 0.0000000000000000e+00
GRID 556 0 2.6516504294495556e-02 2.6516504294495556e-02 0.0000000000000000e+00
GRID 557 0 2.9168154723945093e-02 2.9168154723945093e-02 0.0000000000000000e+00
GRID 558 0 5.9254658123064630e-02 5.0769376748826062e-02 0.0000000000000000e+00
GRID 559 0 5.8593278386020319e-02 4.9512693067566345e-02 0.0000000000000000e+00
GRID 560 0 5.8383150249575799e-02 4.8610787469202402e-02 0.0000000000000000e+00
GRID 561 0 5.3025542714946090e-02 2.5615027305520836e-02 0.0000000000000000e+00
GRID 562 0 5.2695602588530066e-02 2.4198868326648939e-02 0.0000000000000000e+00
GRID 563 0 5.3726894046777128e-02 2.3336800378649790e-02 0.0000000000000000e+00
GRID 564 0 5.5090639727253199e-02 2.3901682335130695e-02 0.0000000000000000e+00
GRID 565 0 6.1459995922536814e-02 4.9131173948713580e-02 0.0000000000000000e+00
GRID 566 0 6.0883324476938637e-02 4.9835682702976954e-02 0.0000000000000000e+00
GRID 567 0 6.0306653031340453e-02 5.0540191457240334e-02 0.0000000000000000e+00
GRID 568 0 6.1866797447421594e-02 4.7697554685608330e-02 0.0000000000000000e+00
GRID 569 0 5.9066326584454841e-02 4.7576686820263968e-02 0.0000000000000000e+00
GRID 570 0 5.9942851691334557e-02 4.7372471891795213e-02 0.0000000000000000e+00
GRID 571 0 6.0819376798214274e-02 4.7168256963326459e-02 0.0000000000000000e+00
GRID 572 0 5.6642089261777551e-02 2.5272221066878087e-02 0.0000000000000000e+00
GRID 573 0 5.5918218514964139e-02 2.6131654398213220e-02 0.0000000000000000e+00
GRID 574 0 5.5041693408084430e-02 2.6335869326681974e-02 0.0000000000000000e+00
GRID 575 0 5.4165168301204714e-02 2.6540084255150739e-02 0.0000000000000000e+00
GRID 576 0 5.2537506330868997e-02 2.7927413867201035e-02 0.0000000000000000e+00
GRID 577 0 5.2760286252834909e-02 2.8883623074706186e-02 0.0000000000000000e+00
GRID 578 0 5.2983066174800822e-02 2.9839832282211331e-02 0.0000000000000000e+00
GRID 579 0 5.3205846096766742e-02 3.0796041489716482e-02 0.0000000000000000e+00
GRID 580 0 5.3428626018732647e-02 3.1752250697221623e-02 0.0000000000000000e+00
GRID 581 0 5.3651405940698574e-02 3.2708459904726775e-02 0.0000000000000000e+00
GRID 582 0 5.3874185862664493e-02 3.3664669112231933e-02 0.0000000000000000e+00
GRID 583 0 5.4096965784630406e-02 3.4620878319737085e-02 0.0000000000000000e+00
GRID 584 0 5.4319745706596319e-02 3.5577087527242222e-02 0.0000000000000000e+00
GRID 585 0 5.4542525628562231e-02 3.6533296734747374e-02 0.0000000000000000e+00
GRID 586 0 5.4765305550528144e-02 3.7489505942252511e-02 0.0000000000000000e+00
GRID 587 0 5.4988085472494057e-02 3.8445715149757663e-02 0.0000000000000000e+00
GRID 588 0 5.5210865394459976e-02 3.9401924357262808e-02 0.0000000000000000e+00
GRID 589 0 5.5433645316425896e-02 4.0358133564767952e-02 0.0000000000000000e+00
GRID 590 0 5.5656425238391809e-02 4.1314342772273104e-02 0.0000000000000000e+00
GRID 591 0 5.5879205160357728e-02 4.2270551979778248e-02 0.0000000000000000e+00
GRID 592 0 5.6101985082323641e-02 4.3226761187283400e-02 0.0000000000000000e+00
GRID 593 0 5.6324765004289547e-02 4.4182970394788530e-02 0.0000000000000000e+00
GRID 594 0 5.6547544926255480e-02 4.5139179602293689e-02 0.0000000000000000e+00
GRID 595 0 5.6770324848221379e-02 4.6095388809798826e-02 0.0000000000000000e+00
GRID 596 0 5.6993104770187299e-02 4.7051598017303971e-02 0.0000000000000000e+00
GRID 597 0 6.1473121983128078e-02 4.6007832827352553e-02 0.0000000000000000e+00
GRID 598 0 6.1250342061162165e-02 4.5051623619847402e-02 0.0000000000000000e+00
GRID 599 0 6.1027562139196252e-02 4.4095414412342264e-02 0.0000000000000000e+00
GRID 600 0 6.0804782217230340e-02 4.3139205204837112e-02 0.0000000000000000e+00
GRID 601 0 6.0582002295264413e-02 4.2182995997331947e-02 0.0000000000000000e+00
GRID 602 0 6.0359222373298500e-02 4.1226786789826809e-02 0.0000000000000000e+00
GRID 603 0 6.0136442451332588e-02 4.0270577582321658e-02 0.0000000000000000e+00
GRID 604 0 5.9913662529366675e-02 3.9314368374816507e-02 0.0000000000000000e+00
GRID 605 0 5.9690882607400755e-02 3.8358159167311362e-02 0.0000000000000000e+00
GRID 606 0 5.9468102685434843e-02 3.7401949959806211e-02 0.0000000000000000e+00
GRID 607 0 5.9245322763468923e-02 3.6445740752301066e-02 0.0000000000000000e+00
GRID 608 0 5.9022542841503010e-02 3.5489531544795914e-02 0.0000000000000000e+00
GRID 609 0 5.8799762919537084e-02 3.4533322337290777e-02 0.0000000000000000e+00
GRID 610 0 5.8576982997571171e-02 3.3577113129785625e-02 0.0000000000000000e+00
GRID 611 0 5.8354203075605258e-02 3.2620903922280488e-02 0.0000000000000000e+00
GRID 612 0 5.8131423153639339e-02 3.1664694714775343e-02 0.0000000000000000e+00
GRID 613 0 5.7908643231673426e-02 3.0708485507270188e-02 0.0000000000000000e+00
GRID 614 0 5.7685863309707507e-02 2.9752276299765047e-02 0.0000000000000000e+00
GRID 615 0 5.7463083387741601e-02 2.8796067092259903e-02 0.0000000000000000e+00
GRID 616 0 5.7240303465775688e-02 2.7839857884754762e-02 0.0000000000000000e+00
GRID 617 0 5.7017523543809769e-02 2.6883648677249607e-02 0.0000000000000000e+00
GRID 618 0 5.5665875203337725e-02 5.5665875203337725e-02 0.0000000000000000e+00
GRID 619 0 5.4974187759469120e-02 5.4974187759469120e-02 0.0000000000000000e+00
GRID 620 0 5.4254382491673858e-02 5.4254382491673858e-02 0.0000000000000000e+00
GRID 621 0 5.3351607272983145e-02 5.3351607272983145e-02 0.0000000000000000e+00
GRID 622 0 5.2093923435642939e-02 5.2093923435642939e-02 0.0000000000000000e+00
GRID 623 0 5.0341275250559959e-02 5.0341275250559959e-02 0.0000000000000000e+00
GRID 624 0 4.8283913321218973e-02 4.8283913321218973e-02 0.0000000000000000e+00
GRID 625 0 4.6225899800240930e-02 4.6225899800240930e-02 0.0000000000000000e+00
GRID 626 0 4.4167886279262887e-02 4.4167886279262887e-02 0.0000000000000000e+00
GRID 627 0 4.2109872758284851e-02 4.2109872758284851e-02 0.0000000000000000e+00
GRID 628 0 4.0051859237306801e-02 4.0051859237306801e-02 0.0000000000000000e+00
GRID 629 0 3.7993845716328765e-02 3.7993845716328765e-02 0.0000000000000000e+00
GRID 630 0 3.5935832195350723e-02 3.5935832195350723e-02 0.0000000000000000e+00
GRID 631 0 3.3877818674372680e-02 3.3877818674372680e-02 0.0000000000000000e+00
GRID 632 0 5.7043746775120335e-02 5.5660587077895146e-02 0.0000000000000000e+00
GRID 633 0 5.7722492511231904e-02 5.4956381415544250e-02 0.0000000000000000e+00
GRID 634 0 5.8392545452291292e-02 5.4243899524297631e-02 0.0000000000000000e+00
GRID 635 0 5.9053804690790246e-02 5.3523248701307355e-02 0.0000000000000000e+00
GRID 636 0 5.9706170643519713e-02 5.2794537473936684e-02 0.0000000000000000e+00
GRID 637 0 6.0349545066566819e-02 5.2057875583416006e-02 0.0000000000000000e+00
GRID 638 0 6.0983831070109969e-02 5.1313373968316374e-02 0.0000000000000000e+00
GRID 639 0 6.1608933133010128e-02 5.0561144747842547e-02 0.0000000000000000e+00
GRID 640 0 6.2224757117195932e-02 4.9801301204948197e-02 0.0000000000000000e+00
GRID 641 0 6.2831210281840549e-02 4.9033957769275945e-02 0.0000000000000000e+00
GRID 642 0 6.3428201297328041e-02 4.8259229999924727e-02 0.0000000000000000e+00
GRID 643 0 6.4015640259007411e-02 4.7477234568046915e-02 0.0000000000000000e+00
GRID 644 0 6.4593438700731809e-02 4.6688089239278169e-02 0.0000000000000000e+00
GRID 645 0 6.5161509608181220e-02 4.5891912856002255e-02 0.0000000000000000e+00
GRID 646 0 6.5719767431966516e-02 4.5088825319453962e-02 0.0000000000000000e+00
GRID 647 0 6.6268128100512871e-02 4.4278947571662258e-02 0.0000000000000000e+00
GRID 648 0 6.6806509032720618e-02 4.3462401577237075e-02 0.0000000000000000e+00
GRID 649 0 6.7334829150401676e-02 4.2639310305001621e-02 0.0000000000000000e+00
GRID 650 0 6.7853008890489647e-02 4.1809797709473948e-02 0.0000000000000000e+00
GRID 651 0 6.8360970217021699e-02 4.0973988712199740e-02 0.0000000000000000e+00
GRID 652 0 6.8858636632890477e-02 4.0132009182939660e-02 0.0000000000000000e+00
GRID 653 0 6.9345933191364312e-02 3.9283985920713776e-02 0.0000000000000000e+00
GRID 654 0 6.9822786507373918e-02 3.8430046634706075e-02 0.0000000000000000e+00
GRID 655 0 7.0289124768563901e-02 3.7570319925031993e-02 0.0000000000000000e+00
GRID 656 0 7.0744877746107465e-02 3.6704935263371728e-02 0.0000000000000000e+00
GRID 657 0 7.1189976805282579e-02 3.5834022973472102e-02 0.0000000000000000e+00
GRID 658 0 7.1624354915808125e-02 3.4957714211520614e-02 0.0000000000000000e+00
GRID 659 0 7.2047946661938436e-02 3.4076140946393441e-02 0.0000000000000000e+00
GRID 660 0 7.2460688252314651e-02 3.3189435939781659e-02 0.0000000000000000e+00
GRID 661 0 7.2862517529571402e-02 3.2297732726197667e-02 0.0000000000000000e+00
GRID 662 0 7.3253373979697611e-02 3.1401165592865508e-02 0.0000000000000000e+00
GRID 663 0 6.3115721940014483e-02 4.4597241001176333e-02 0.0000000000000000e+00
GRID 664 0 6.2318686881887263e-02 4.5202837394972294e-02 0.0000000000000000e+00
GRID 665 0 6.2103800896117341e-02 4.4225016152807113e-02 0.0000000000000000e+00
GRID 666 0 6.3396887362339671e-02 4.5486277490757517e-02 0.0000000000000000e+00
GRID 667 0 5.9474891057139573e-02 3.0476576434856014e-02 0.0000000000000000e+00
GRID 668 0 5.9384286054978946e-02 3.2390758462294444e-02 0.0000000000000000e+00
GRID 669 0 5.1053115850037821e-02 2.8622075346368341e-02 0.0000000000000000e+00
GRID 670 0 4.3356542454304745e-02 2.2599784061697225e-02 0.0000000000000000e+00
GRID 671 0 4.2192078994659488e-02 2.0227111506720380e-02 0.0000000000000000e+00
GRID 672 0 4.4628475759492969e-02 2.0522631758965335e-02 0.0000000000000000e+00
GRID 673 0 5.5870633220794039e-02 5.4819526858545034e-02 0.0000000000000000e+00
GRID 674 0 5.6855223661133616e-02 5.4551432266763011e-02 0.0000000000000000e+00
GRID 675 0 5.6358377864190713e-02 5.5410766373421759e-02 0.0000000000000000e+00
GRID 676 0 6.2527845515986002e-02 2.9055232234365676e-02 0.0000000000000000e+00
GRID 677 0 6.1721606152898859e-02 3.1874568752596019e-02 0.0000000000000000e+00
GRID 678 0 5.4772420888340778e-02 4.4665630790696950e-02 0.0000000000000000e+00
GRID 679 0 6.4068577486243436e-02 3.2162331347867466e-02 0.0000000000000000e+00
GRID 680 0 6.5976034365483896e-02 2.9719830785204012e-02 0.0000000000000000e+00
GRID 681 0 5.5508260287546837e-02 4.6962449678030843e-02 0.0000000000000000e+00
GRID 682 0 5.8964568729522042e-02 2.7890021714432531e-02 0.0000000000000000e+00
GRID 683 0 3.6519487924215999e-02 2.9820325949423396e-02 0.0000000000000000e+00
GRID 684 0 3.6576688712433379e-02 3.2658665491545745e-02 0.0000000000000000e+00
GRID 685 0 3.4406621070064050e-02 3.1271862275006099e-02 0.0000000000000000e+00
GRID 686 0 5.2007165235289372e-02 3.0850534778661957e-02 0.0000000000000000e+00
GRID 687 0 5.1721432703506563e-02 3.2981244494565083e-02 0.0000000000000000e+00
GRID 688 0 4.9650904567891688e-02 3.1111764361888894e-02 0.0000000000000000e+00
GRID 689 0 4.7907725604911751e-02 3.3298835517900673e-02 0.0000000000000000e+00
GRID 690 0 5.7920683050565108e-02 2.5815682571996956e-02 0.0000000000000000e+00
GRID 691 0 5.1103165749155195e-02 3.9656502645470541e-02 0.0000000000000000e+00
GRID 692 0 4.8788063472626292e-02 4.0467647102079632e-02 0.0000000000000000e+00
GRID 693 0 4.9547613545872747e-02 3.8011580442019639e-02 0.0000000000000000e+00
GRID 694 0 6.1574232340524102e-02 3.8412881289036638e-02 0.0000000000000000e+00
GRID 695 0 6.4397609997235788e-02 3.9246339771437974e-02 0.0000000000000000e+00
GRID 696 0 6.3183136208224452e-02 4.0396745510097691e-02 0.0000000000000000e+00
GRID 697 0 6.4596648624847416e-02 3.7064416468922910e-02 0.0000000000000000e+00
GRID 698 0 6.2509957591355567e-02 3.4916666560221271e-02 0.0000000000000000e+00
GRID 699 0 6.0311127758806503e-02 3.6132904875890999e-02 0.0000000000000000e+00
GRID 700 0 5.5601734177998338e-02 4.9407430392762033e-02 0.0000000000000000e+00
GRID 701 0 5.2937134035212684e-02 4.8848124065526806e-02 0.0000000000000000e+00
GRID 702 0 5.3227933980306910e-02 4.6484438470294917e-02 0.0000000000000000e+00
GRID 703 0 7.0253347668170610e-02 3.5770686011674789e-02 0.0000000000000000e+00
GRID 704 0 7.0632385603314127e-02 3.4835059299362842e-02 0.0000000000000000e+00
GRID 705 0 5.3622912872139064e-02 4.2233204063768889e-02 0.0000000000000000e+00
GRID 706 0 5.3432895825742024e-02 3.9920421011382823e-02 0.0000000000000000e+00
GRID 707 0 6.8109788097603888e-02 3.1855260108524110e-02 0.0000000000000000e+00
GRID 708 0 6.8567951582806402e-02 3.0013276407676710e-02 0.0000000000000000e+00
GRID 709 0 6.6313893965353782e-02 4.2733744747243341e-02 0.0000000000000000e+00
GRID 710 0 6.5572142310030404e-02 4.2729822245700849e-02 0.0000000000000000e+00
GRID 711 0 6.5785018186981306e-02 4.2026064233205415e-02 0.0000000000000000e+00
GRID 712 0 6.4947546003508536e-02 4.2164886378350912e-02 0.0000000000000000e+00
GRID 713 0 5.0373277083491090e-02 3.5513228220310604e-02 0.0000000000000000e+00
GRID 714 0 5.2878171301346505e-02 3.4950213340618014e-02 0.0000000000000000e+00
GRID 715 0 6.7884706353872074e-02 3.3448405024988949e-02 0.0000000000000000e+00
GRID 716 0 6.6425091139245912e-02 3.2768824759376952e-02 0.0000000000000000e+00
GRID 717 0 6.8909690460232612e-02 3.3293742431499566e-02 0.0000000000000000e+00
GRID 718 0 6.8842113949418915e-02 3.6552243401066782e-02 0.0000000000000000e+00
GRID 719 0 6.8326153948856022e-02 3.7323225764084929e-02 0.0000000000000000e+00
GRID 720 0 6.7756553359016078e-02 3.6297194685903415e-02 0.0000000000000000e+00
GRID 721 0 6.0046609493527928e-02 3.4130694849917279e-02 0.0000000000000000e+00
GRID 722 0 7.1981740495781946e-02 3.0453918253948269e-02 0.0000000000000000e+00
GRID 723 0 6.1908283189353812e-02 4.2874023468335777e-02 0.0000000000000000e+00
GRID 724 0 6.4060578149826408e-02 4.4920080239730743e-02 0.0000000000000000e+00
GRID 725 0 6.4260539511626830e-02 4.5731570728897011e-02 0.0000000000000000e+00
GRID 726 0 6.3685589928623249e-02 4.6393922372572921e-02 0.0000000000000000e+00
GRID 727 0 7.2138860928278731e-02 3.2486180267069946e-02 0.0000000000000000e+00
GRID 728 0 7.1330898364436221e-02 3.2093102173991091e-02 0.0000000000000000e+00
GRID 729 0 7.2331147101348067e-02 3.1745305892645750e-02 0.0000000000000000e+00
GRID 730 0 7.1627598286883615e-02 3.1128520380497994e-02 0.0000000000000000e+00
GRID 731 0 7.0711637463385657e-02 3.1171564300419868e-02 0.0000000000000000e+00
GRID 732 0 7.0354915516755212e-02 3.2038398690961825e-02 0.0000000000000000e+00
GRID 733 0 7.0074069066407244e-02 3.0153690814040932e-02 0.0000000000000000e+00
GRID 734 0 7.1166105495056503e-02 3.0369490975904807e-02 0.0000000000000000e+00
GRID 735 0 6.2940207736313689e-02 4.6072013207730252e-02 0.0000000000000000e+00
GRID 736 0 4.5093295396748320e-02 2.8628258723412941e-02 0.0000000000000000e+00
GRID 737 0 4.2901532255702882e-02 2.5679378939752584e-02 0.0000000000000000e+00
GRID 738 0 4.5878506555158675e-02 2.5961742874989844e-02 0.0000000000000000e+00
GRID 739 0 4.1357585983655999e-02 2.8224702481837262e-02 0.0000000000000000e+00
GRID 740 0 5.7844312012067536e-02 5.2627588031174677e-02 0.0000000000000000e+00
GRID 741 0 5.7089855143593451e-02 5.2876083637525356e-02 0.0000000000000000e+00
GRID 742 0 5.7177501048339595e-02 5.1973538405828974e-02 0.0000000000000000e+00
GRID 743 0 5.6286153599986476e-02 5.2331297968464370e-02 0.0000000000000000e+00
GRID 744 0 5.6012051924054063e-02 5.1196141465454134e-02 0.0000000000000000e+00
GRID 745 0 3.8974552616793987e-02 3.4262381848289974e-02 0.0000000000000000e+00
GRID 746 0 4.0719474811640129e-02 2.3136185311617270e-02 0.0000000000000000e+00
GRID 747 0 4.5264552187000921e-02 2.4138880335699671e-02 0.0000000000000000e+00
GRID 748 0 4.6225834029663591e-02 2.2164871717635433e-02 0.0000000000000000e+00
GRID 749 0 5.8804479710480313e-02 5.1189702480247019e-02 0.0000000000000000e+00
GRID 750 0 5.9235502353328626e-02 5.2025197386137215e-02 0.0000000000000000e+00
GRID 751 0 5.8222398496622495e-02 5.1906827122441011e-02 0.0000000000000000e+00
GRID 752 0 6.9476592731717871e-02 3.1284166740936724e-02 0.0000000000000000e+00
GRID 753 0 5.8662360740879389e-02 5.2721644231896590e-02 0.0000000000000000e+00
GRID 754 0 4.8225147142187175e-02 2.9254043298392669e-02 0.0000000000000000e+00
GRID 755 0 4.7155612553729187e-02 3.0834545689292558e-02 0.0000000000000000e+00
GRID 756 0 6.4464728146219410e-02 4.0469866418768659e-02 0.0000000000000000e+00
GRID 757 0 6.5388574982226527e-02 4.0337448990963108e-02 0.0000000000000000e+00
GRID 758 0 6.5767777860968143e-02 3.9547964115137342e-02 0.0000000000000000e+00
GRID 759 0 7.2593004925495364e-02 3.0892489041787739e-02 0.0000000000000000e+00
GRID 760 0 6.1534752951236511e-02 4.1026684619539851e-02 0.0000000000000000e+00
GRID 761 0 6.2999952979254342e-02 4.1822809295390166e-02 0.0000000000000000e+00
GRID 762 0 6.4127551279529890e-02 4.1401960021075407e-02 0.0000000000000000e+00
GRID 763 0 5.3628776821569746e-02 5.1098830728933300e-02 0.0000000000000000e+00
GRID 764 0 5.5063711654779579e-02 5.2453313218380468e-02 0.0000000000000000e+00
GRID 765 0 5.6716251057978617e-02 5.0205287297014262e-02 0.0000000000000000e+00
GRID 766 0 5.7564860982799941e-02 4.9562727334383182e-02 0.0000000000000000e+00
GRID 767 0 5.7610235114798396e-02 5.0903292197487175e-02 0.0000000000000000e+00
GRID 768 0 6.2786749873145822e-02 4.7851224761633969e-02 0.0000000000000000e+00
GRID 769 0 5.7005144334425377e-02 5.3705441086910187e-02 0.0000000000000000e+00
GRID 770 0 5.7920519094418629e-02 5.3429248988102376e-02 0.0000000000000000e+00
GRID 771 0 5.7628902668434387e-02 5.4184889881363815e-02 0.0000000000000000e+00
GRID 772 0 6.2321633073939925e-02 4.7172011764379768e-02 0.0000000000000000e+00
GRID 773 0 4.8268570178285626e-02 2.1900280690234083e-02 0.0000000000000000e+00
GRID 774 0 5.0562892092730329e-02 2.3037454339327766e-02 0.0000000000000000e+00
GRID 775 0 4.7960345604394654e-02 2.4288624023341816e-02 0.0000000000000000e+00
GRID 776 0 6.3754563505560718e-02 4.4127355397668898e-02 0.0000000000000000e+00
GRID 777 0 6.1157067544765041e-02 2.6942961408739367e-02 0.0000000000000000e+00
GRID 778 0 6.2117839549043694e-02 4.9127930243465040e-02 0.0000000000000000e+00
GRID 779 0 4.2601134236032151e-02 3.9280126712576927e-02 0.0000000000000000e+00
GRID 780 0 4.2924265575222893e-02 3.7030021516677010e-02 0.0000000000000000e+00
GRID 781 0 4.4761156720027520e-02 3.7864838019208188e-02 0.0000000000000000e+00
GRID 782 0 4.4410209164971938e-02 3.4942749972615879e-02 0.0000000000000000e+00
GRID 783 0 4.7141653085063455e-02 3.5828489304979290e-02 0.0000000000000000e+00
GRID 784 0 4.8172807299272785e-02 2.7073572296611143e-02 0.0000000000000000e+00
GRID 785 0 5.0826433236527795e-02 2.5686689494902833e-02 0.0000000000000000e+00
GRID 786 0 4.6996101225350903e-02 3.9259443012969325e-02 0.0000000000000000e+00
GRID 787 0 5.0792096970637711e-02 4.7054253464364738e-02 0.0000000000000000e+00
GRID 788 0 3.9647423439605020e-02 2.5908708422653345e-02 0.0000000000000000e+00
GRID 789 0 6.4508354526915945e-02 4.4159247733883383e-02 0.0000000000000000e+00
GRID 790 0 6.4876564556458335e-02 4.5055398555688068e-02 0.0000000000000000e+00
GRID 791 0 6.5356253936616676e-02 4.4228637255214615e-02 0.0000000000000000e+00
GRID 792 0 6.3007099343642070e-02 4.6891919350596847e-02 0.0000000000000000e+00
GRID 793 0 6.9528425190451618e-02 3.2458594559917592e-02 0.0000000000000000e+00
GRID 794 0 3.8214897714186340e-02 2.7887949184448958e-02 0.0000000000000000e+00
GRID 795 0 3.9745819795871482e-02 3.0783772002917473e-02 0.0000000000000000e+00
GRID 796 0 6.9343334786269223e-02 3.5668474480195791e-02 0.0000000000000000e+00
GRID 797 0 6.9780965415596044e-02 3.6718363770675756e-02 0.0000000000000000e+00
GRID 798 0 4.7244543542805308e-02 4.2535905729724134e-02 0.0000000000000000e+00
GRID 799 0 4.4493576985710104e-02 4.0848197479805073e-02 0.0000000000000000e+00
GRID 800 0 6.4895158030773059e-02 4.3217028777497689e-02 0.0000000000000000e+00
GRID 801 0 6.5818124212793455e-02 4.3457259591924355e-02 0.0000000000000000e+00
GRID 802 0 7.1620000319882013e-02 3.3109700821243974e-02 0.0000000000000000e+00
GRID 803 0 7.0569756070157350e-02 3.2967620330131307e-02 0.0000000000000000e+00
GRID 804 0 7.1198362018903574e-02 3.3918031645737381e-02 0.0000000000000000e+00
GRID 805 0 5.2073544078569185e-02 4.4430412100519408e-02 0.0000000000000000e+00
GRID 806 0 5.0788175317960947e-02 4.2003294898563949e-02 0.0000000000000000e+00
GRID 807 0 4.9252101689473013e-02 4.4778971342317495e-02 0.0000000000000000e+00
GRID 808 0 6.9259219400130953e-02 3.7517220600048494e-02 0.0000000000000000e+00
GRID 809 0 4.4900990005602930e-02 3.1879826456590300e-02 0.0000000000000000e+00
GRID 810 0 4.0956949406560417e-02 3.8041682675726607e-02 0.0000000000000000e+00
GRID 811 0 6.2292775154000841e-02 4.6385109429981565e-02 0.0000000000000000e+00
GRID 812 0 6.3015859692066356e-02 4.3670706537725756e-02 0.0000000000000000e+00
GRID 813 0 6.4015236159957883e-02 4.3371239271958094e-02 0.0000000000000000e+00
GRID 814 0 7.0266221046873023e-02 3.4032478652362315e-02 0.0000000000000000e+00
GRID 815 0 6.5808183405531212e-02 3.8495229542826845e-02 0.0000000000000000e+00
GRID 816 0 5.6087648229165669e-02 5.3157413115132883e-02 0.0000000000000000e+00
GRID 817 0 5.6064992559493571e-02 5.3993754035534261e-02 0.0000000000000000e+00
GRID 818 0 6.6232313433778764e-02 3.7481071504907974e-02 0.0000000000000000e+00
GRID 819 0 5.5273850302343434e-02 5.4297062182315010e-02 0.0000000000000000e+00
GRID 820 0 6.8384192833396432e-02 3.5568422078542022e-02 0.0000000000000000e+00
GRID 821 0 5.5016032083946204e-02 5.3584588732575308e-02 0.0000000000000000e+00
GRID 822 0 5.2883420651532030e-02 3.7344172334866831e-02 0.0000000000000000e+00
GRID 823 0 6.5250903166337429e-02 3.4638922918183199e-02 0.0000000000000000e+00
GRID 824 0 6.6403326542326571e-02 3.6260115331815244e-02 0.0000000000000000e+00
GRID 825 0 4.1213642233544782e-02 3.5852560102806331e-02 0.0000000000000000e+00
GRID 826 0 6.3197555227412452e-02 4.2829374247036811e-02 0.0000000000000000e+00
GRID 827 0 4.2022030879888789e-02 3.2844678795348525e-02 0.0000000000000000e+00
GRID 828 0 6.7323021891034923e-02 3.7290946451807819e-02 0.0000000000000000e+00
GRID 829 0 6.7922679869811806e-02 3.8066592432467572e-02 0.0000000000000000e+00
GRID 830 0 6.7030387075295877e-02 3.8294729104831685e-02 0.0000000000000000e+00
GRID 831 0 6.4048449065588528e-02 4.2408108965451580e-02 0.0000000000000000e+00
GRID 832 0 6.9466875086933749e-02 3.4151911884130214e-02 0.0000000000000000e+00
GRID 833 0 6.9749791838616917e-02 3.3312390543932174e-02 0.0000000000000000e+00
GRID 834 0 6.8071758895518988e-02 3.9097624471439087e-02 0.0000000000000000e+00
GRID 835 0 6.8777722692328666e-02 3.8307373901743789e-02 0.0000000000000000e+00
GRID 836 0 6.1554040797067278e-02 4.9818491953962568e-02 0.0000000000000000e+00
GRID 837 0 6.9780111943089584e-02 3.4832423072747393e-02 0.0000000000000000e+00
GRID 838 0 6.8718488478723069e-02 3.4535943244592596e-02 0.0000000000000000e+00
GRID 839 0 4.2542547299821910e-02 3.0460147617838225e-02 0.0000000000000000e+00
GRID 840 0 6.7260473593554873e-02 3.4788254580951541e-02 0.0000000000000000e+00
GRID 841 0 6.5189005759178353e-02 4.1245563551219222e-02 0.0000000000000000e+00
GRID 842 0 6.6691492919157214e-02 4.1925632359364716e-02 0.0000000000000000e+00
GRID 843 0 6.6092170986571108e-02 4.1191050957693591e-02 0.0000000000000000e+00
GRID 844 0 6.7106611966178301e-02 4.1076139783588712e-02 0.0000000000000000e+00
GRID 845 0 6.6420157143186401e-02 4.0323909131521805e-02 0.0000000000000000e+00
GRID 846 0 6.7581275605973434e-02 4.0217680436330262e-02 0.0000000000000000e+00
GRID 847 0 6.6824364956099613e-02 3.9336910225540860e-02 0.0000000000000000e+00
GRID 848 0 3.4446135013552079e-02 2.1478567113985009e-02 0.0000000000000000e+00
GRID 849 0 3.2131120797708079e-02 2.7019994231249622e-02 0.0000000000000000e+00
GRID 850 0 2.7017265591065563e-02 2.1664711075637735e-02 0.0000000000000000e+00
GRID 851 0 2.9640081310048028e-02 1.7570616437835258e-02 0.0000000000000000e+00
GRID 852 0 3.8349529730101861e-02 1.8733164451352164e-02 0.0000000000000000e+00
GRID 853 0 5.8565665144122613e-02 4.5316472893744429e-02 0.0000000000000000e+00
GRID 854 0 5.9438625361378089e-02 4.4936970504691934e-02 0.0000000000000000e+00
GRID 855 0 5.9473263812260799e-02 4.5742928766890054e-02 0.0000000000000000e+00
GRID 856 0 5.8534849877926176e-02 4.4469677119874845e-02 0.0000000000000000e+00
GRID 857 0 5.7022920609083441e-02 4.4524636057732700e-02 0.0000000000000000e+00
GRID 858 0 5.6890528226845594e-02 4.3605082507265053e-02 0.0000000000000000e+00
GRID 859 0 5.7713615549419277e-02 4.4031816877601819e-02 0.0000000000000000e+00
GRID 860 0 5.5655837333689284e-02 3.3979221275980367e-02 0.0000000000000000e+00
GRID 861 0 5.6516078682849698e-02 3.4025532691532960e-02 0.0000000000000000e+00
GRID 862 0 5.5877834389093176e-02 3.4935829935816148e-02 0.0000000000000000e+00
GRID 863 0 6.0303076687851828e-02 4.4947309111119507e-02 0.0000000000000000e+00
GRID 864 0 6.0512002955670115e-02 4.5761000696351993e-02 0.0000000000000000e+00
GRID 865 0 5.5437812463538232e-02 3.3020652607302865e-02 0.0000000000000000e+00
GRID 866 0 5.6293247558317633e-02 3.3069290490090206e-02 0.0000000000000000e+00
GRID 867 0 5.8392857669495986e-02 4.6159788679546752e-02 0.0000000000000000e+00
GRID 868 0 5.7485079619847113e-02 3.1378624074992756e-02 0.0000000000000000e+00
GRID 869 0 5.7480173828994001e-02 3.2102583258135704e-02 0.0000000000000000e+00
GRID 870 0 5.6812988003713115e-02 3.1653199099409425e-02 0.0000000000000000e+00
GRID 871 0 5.6609322143242241e-02 2.8633908446460105e-02 0.0000000000000000e+00
GRID 872 0 5.6990177651453734e-02 2.9413477180461892e-02 0.0000000000000000e+00
GRID 873 0 5.6105235050149367e-02 2.9372800190561953e-02 0.0000000000000000e+00
GRID 874 0 5.5211312489828197e-02 2.9366021862320974e-02 0.0000000000000000e+00
GRID 875 0 5.4620985644659899e-02 2.8786626818978273e-02 0.0000000000000000e+00
GRID 876 0 5.5627386800424027e-02 2.8591908507868281e-02 0.0000000000000000e+00
GRID 877 0 5.7661297613733876e-02 4.4857986945495178e-02 0.0000000000000000e+00
GRID 878 0 5.5222096680064010e-02 3.2085744760313388e-02 0.0000000000000000e+00
GRID 879 0 5.6091531529377188e-02 3.2220672943111144e-02 0.0000000000000000e+00
GRID 880 0 5.8577194678999189e-02 4.3667768606473853e-02 0.0000000000000000e+00
GRID 881 0 5.6572585851653083e-02 3.0116290528741090e-02 0.0000000000000000e+00
GRID 882 0 5.7076115889013526e-02 3.0792048977084829e-02 0.0000000000000000e+00
GRID 883 0 5.5010633240247749e-02 3.1091547150416295e-02 0.0000000000000000e+00
GRID 884 0 5.5991535324095475e-02 3.1143418359112364e-02 0.0000000000000000e+00
GRID 885 0 5.6791509146534615e-02 3.2351732342438579e-02 0.0000000000000000e+00
GRID 886 0 5.4689990502493888e-02 3.0228372114149998e-02 0.0000000000000000e+00
GRID 887 0 5.5586587885498896e-02 3.0223722165460438e-02 0.0000000000000000e+00
GRID 888 0 5.6053680032307242e-02 2.7937939702906301e-02 0.0000000000000000e+00
GRID 889 0 5.7066370311288139e-02 3.3416289567905169e-02 0.0000000000000000e+00
GRID 890 0 5.7291696950998068e-02 3.2800903753532305e-02 0.0000000000000000e+00
GRID 891 0 5.7764677785248776e-02 3.3244622940343659e-02 0.0000000000000000e+00
GRID 892 0 5.7289168819774493e-02 3.4372510750215128e-02 0.0000000000000000e+00
GRID 893 0 5.7534135584962377e-02 3.3807904315462066e-02 0.0000000000000000e+00
GRID 894 0 5.7991534913041994e-02 3.4211356812989806e-02 0.0000000000000000e+00
GRID 895 0 5.7511951168024288e-02 3.5328721522146868e-02 0.0000000000000000e+00
GRID 896 0 5.7757624235558545e-02 3.4765933515049065e-02 0.0000000000000000e+00
GRID 897 0 5.8214462284137479e-02 3.5167943444067450e-02 0.0000000000000000e+00
GRID 898 0 5.6738865308835880e-02 3.4981746223584360e-02 0.0000000000000000e+00
GRID 899 0 5.6100485094523311e-02 3.5892106531193402e-02 0.0000000000000000e+00
GRID 900 0 5.7734731406103447e-02 3.6284930933756294e-02 0.0000000000000000e+00
GRID 901 0 5.7980430250142781e-02 3.5722208287990942e-02 0.0000000000000000e+00
GRID 902 0 5.8437247693332986e-02 3.6124166285641954e-02 0.0000000000000000e+00
GRID 903 0 5.9408241577268373e-02 4.4120456480490261e-02 0.0000000000000000e+00
GRID 904 0 6.0111832579209219e-02 4.4120712118621792e-02 0.0000000000000000e+00
GRID 905 0 5.7957511369180217e-02 3.7241140167850628e-02 0.0000000000000000e+00
GRID 906 0 5.8203211203297307e-02 3.6678419904603014e-02 0.0000000000000000e+00
GRID 907 0 5.8660027839772991e-02 3.7080376000460519e-02 0.0000000000000000e+00
GRID 908 0 5.8180291296568168e-02 3.8197349378836148e-02 0.0000000000000000e+00
GRID 909 0 5.8425991173493314e-02 3.7634629208665657e-02 0.0000000000000000e+00
GRID 910 0 5.8882807764896662e-02 3.8036585232136551e-02 0.0000000000000000e+00
GRID 911 0 5.6961646107755518e-02 3.5937955997537227e-02 0.0000000000000000e+00
GRID 912 0 5.6323243645277674e-02 3.6848327076357906e-02 0.0000000000000000e+00
GRID 913 0 5.8403071219264122e-02 3.9153558586809079e-02 0.0000000000000000e+00
GRID 914 0 5.8648771069326970e-02 3.8590838442719037e-02 0.0000000000000000e+00
GRID 915 0 5.9105587522702167e-02 3.8992794586085573e-02 0.0000000000000000e+00
GRID 916 0 5.8625851141326069e-02 4.0109767794375750e-02 0.0000000000000000e+00
GRID 917 0 5.8871550187430746e-02 3.9547048367924914e-02 0.0000000000000000e+00
GRID 918 0 5.9328362782786109e-02 3.9949007965358996e-02 0.0000000000000000e+00
GRID 919 0 5.8848632431251970e-02 4.1065979864605480e-02 0.0000000000000000e+00
GRID 920 0 5.9094307602230799e-02 4.0503277722281399e-02 0.0000000000000000e+00
GRID 921 0 5.9551010954198215e-02 4.0905331027189094e-02 0.0000000000000000e+00
GRID 922 0 5.7184426144167862e-02 3.6894165279213111e-02 0.0000000000000000e+00
GRID 923 0 5.6546020026902004e-02 3.7804538187375898e-02 0.0000000000000000e+00
GRID 924 0 5.9070121558382413e-02 4.2022920829932031e-02 0.0000000000000000e+00
GRID 925 0 5.9316449909306117e-02 4.1460033200175779e-02 0.0000000000000000e+00
GRID 926 0 5.9771386361173059e-02 4.1863969402050616e-02 0.0000000000000000e+00
GRID 927 0 5.9257723605610560e-02 4.3012095132054354e-02 0.0000000000000000e+00
GRID 928 0 5.9529135669205015e-02 4.2427110195647162e-02 0.0000000000000000e+00
GRID 929 0 5.9972470254873796e-02 4.2849264712485714e-02 0.0000000000000000e+00
GRID 930 0 5.9688707485849396e-02 4.3484917040427701e-02 0.0000000000000000e+00
GRID 931 0 5.7407206081184187e-02 3.7850374496361777e-02 0.0000000000000000e+00
GRID 932 0 5.6768799361640990e-02 3.8760747713942112e-02 0.0000000000000000e+00
GRID 933 0 5.4078413430584685e-02 3.1137698962059840e-02 0.0000000000000000e+00
GRID 934 0 5.3872721081160743e-02 3.0264739462991297e-02 0.0000000000000000e+00
GRID 935 0 5.7629986005129960e-02 3.8806583705135511e-02 0.0000000000000000e+00
GRID 936 0 5.6991579186108150e-02 3.9716956974862223e-02 0.0000000000000000e+00
GRID 937 0 5.7622325141052658e-02 4.3064787224340012e-02 0.0000000000000000e+00
GRID 938 0 5.4299868925672720e-02 3.2094891334205705e-02 0.0000000000000000e+00
GRID 939 0 5.7852765927356310e-02 3.9762792912807536e-02 0.0000000000000000e+00
GRID 940 0 5.7214485963303890e-02 4.0656916747951535e-02 0.0000000000000000e+00
GRID 941 0 5.4522653264124428e-02 3.3051129446787474e-02 0.0000000000000000e+00
GRID 942 0 5.8075545849356501e-02 4.0719002120334642e-02 0.0000000000000000e+00
GRID 943 0 5.4745433745056749e-02 3.4007339507607939e-02 0.0000000000000000e+00
GRID 944 0 5.7535111408319607e-02 4.1385182007597367e-02 0.0000000000000000e+00
GRID 945 0 5.6304893142490216e-02 4.0700803891878280e-02 0.0000000000000000e+00
GRID 946 0 5.6082113220524581e-02 3.9744594684373476e-02 0.0000000000000000e+00
GRID 947 0 5.8298325771326924e-02 4.1675211327842680e-02 0.0000000000000000e+00
GRID 948 0 5.8521109939125418e-02 4.2631415105237366e-02 0.0000000000000000e+00
GRID 949 0 5.5859333298564212e-02 3.8788385476874659e-02 0.0000000000000000e+00
GRID 950 0 5.7540308977255004e-02 4.2169008300934584e-02 0.0000000000000000e+00
GRID 951 0 5.5636553376642993e-02 3.7832176269421765e-02 0.0000000000000000e+00
GRID 952 0 5.5413773454967223e-02 3.6875967062260977e-02 0.0000000000000000e+00
GRID 953 0 5.5190993534844891e-02 3.5919757856945865e-02 0.0000000000000000e+00
GRID 954 0 5.4968213624662005e-02 3.4963548663342656e-02 0.0000000000000000e+00
GRID 955 0 5.7583189575596251e-02 4.5666139121723591e-02 0.0000000000000000e+00
GRID 956 0 5.6527020266192538e-02 4.1656762580229129e-02 0.0000000000000000e+00
GRID 957 0 5.6737961337512938e-02 4.2600691560360976e-02 0.0000000000000000e+00
GRID 958 0 5.4180175556787495e-02 2.9596187158800601e-02 0.0000000000000000e+00
GRID 959 0 5.3970373485774645e-02 2.8351382837288049e-02 0.0000000000000000e+00
GRID 960 0 5.3702977423746266e-02 2.9091530433702249e-02 0.0000000000000000e+00
GRID 961 0 5.3389346337544448e-02 2.7960399665370610e-02 0.0000000000000000e+00
GRID 962 0 5.5009216242457498e-02 2.8001249931932606e-02 0.0000000000000000e+00
GRID 963 0 5.4339429013404848e-02 2.7384867099038347e-02 0.0000000000000000e+00
GRID 964 0 5.3339136600965217e-02 2.7254711452092625e-02 0.0000000000000000e+00
GRID 965 0 6.0731381931754549e-02 4.6606406562928041e-02 0.0000000000000000e+00
GRID 966 0 5.9945036257086283e-02 4.6364834963884334e-02 0.0000000000000000e+00
GRID 967 0 5.7561447267621510e-02 4.6428017798905388e-02 0.0000000000000000e+00
GRID 968 0 5.6101338438458138e-02 2.6639887553099744e-02 0.0000000000000000e+00
GRID 969 0 5.5461068705068658e-02 2.7250372236169787e-02 0.0000000000000000e+00
GRID 970 0 5.9155582610220706e-02 4.6714124518891453e-02 0.0000000000000000e+00
GRID 971 0 5.8082143581672664e-02 4.7102703544064768e-02 0.0000000000000000e+00
GRID 972 0 5.6374782836977944e-02 2.7310341210539390e-02 0.0000000000000000e+00
CTRIA3 1 20 184 186 185
CTRIA3 2 20 184 185 187
CTRIA3 3 20 119 189 188
CTRIA3 4 20 83 190 84
CTRIA3 5 20 191 193 192
CTRIA3 6 20 192 193 152
CTRIA3 7 20 194 196 195
CTRIA3 8 20 182 47 183
CTRIA3 9 20 195 196 153
CTRIA3 10 20 181 45 46
CTRIA3 11 20 119 188 120
CTRIA3 12 20 180 45 181
CTRIA3 13 20 188 198 197
CTRIA3 14 20 179 44 180
CTRIA3 15 20 199 101 100
CTRIA3 16 20 178 42 43
CTRIA3 17 20 200 201 197
CTRIA3 18 20 177 42 178
CTRIA3 19 20 102 202 103
CTRIA3 20 20 176 41 177
CTRIA3 21 20 121 188 203
CTRIA3 22 20 175 40 176
CTRIA3 23 20 204 206 205
CTRIA3 24 20 175 39 40
CTRIA3 25 20 205 206 138
CTRIA3 26 20 173 38 174
CTRIA3 27 20 207 209 208
CTRIA3 28 20 172 38 173
CTRIA3 29 20 208 209 210
CTRIA3 30 20 171 37 172
CTRIA3 31 20 147 79 211
CTRIA3 32 20 170 36 171
CTRIA3 33 20 211 79 16
CTRIA3 34 20 169 35 170
CTRIA3 35 20 122 203 123
CTRIA3 36 20 168 34 169
CTRIA3 37 20 212 214 213
CTRIA3 38 20 167 33 168
CTRIA3 39 20 215 217 216
CTRIA3 40 20 166 32 167
CTRIA3 41 20 216 218 215
CTRIA3 42 20 165 31 166
CTRIA3 43 20 219 215 218
CTRIA3 44 20 164 30 165
CTRIA3 45 20 113 220 114
CTRIA3 46 20 164 29 30
CTRIA3 47 20 160 74 159
CTRIA3 48 20 162 29 163
CTRIA3 49 20 159 74 7
CTRIA3 50 20 162 28 29
CTRIA3 51 20 159 7 158
CTRIA3 52 20 161 27 28
CTRIA3 53 20 221 202 222
CTRIA3 54 20 160 26 27
CTRIA3 55 20 222 202 223
CTRIA3 56 20 159 25 26
CTRIA3 57 20 87 207 208
CTRIA3 58 20 157 24 158
CTRIA3 59 20 189 198 188
CTRIA3 60 20 156 23 157
CTRIA3 61 20 87 208 88
CTRIA3 62 20 155 22 156
CTRIA3 63 20 224 178 225
CTRIA3 64 20 154 21 155
CTRIA3 65 20 225 178 179
CTRIA3 66 20 96 227 226
CTRIA3 67 20 14 79 147
CTRIA3 68 20 228 229 201
CTRIA3 69 20 201 229 143
CTRIA3 70 20 230 232 231
CTRIA3 71 20 70 71 148
CTRIA3 72 20 121 203 122
CTRIA3 73 20 148 71 14
CTRIA3 74 20 231 232 233
CTRIA3 75 20 234 235 208
CTRIA3 76 20 208 235 89
CTRIA3 77 20 148 14 147
CTRIA3 78 20 96 226 97
CTRIA3 79 20 228 237 236
CTRIA3 80 20 228 236 238
CTRIA3 81 20 239 241 240
CTRIA3 82 20 154 20 21
CTRIA3 83 20 211 124 203
CTRIA3 84 20 203 124 123
CTRIA3 85 20 117 242 189
CTRIA3 86 20 243 139 140
CTRIA3 87 20 117 189 118
CTRIA3 88 20 244 107 106
CTRIA3 89 20 13 70 149
CTRIA3 90 20 12 68 11
CTRIA3 91 20 88 208 89
CTRIA3 92 20 187 245 184
CTRIA3 93 20 187 246 245
CTRIA3 94 20 149 70 148
CTRIA3 95 20 246 187 247
CTRIA3 96 20 248 250 249
CTRIA3 97 20 249 250 251
CTRIA3 98 20 251 252 249
CTRIA3 99 20 253 249 252
CTRIA3 100 20 254 255 141
CTRIA3 101 20 142 254 141
CTRIA3 102 20 185 256 187
CTRIA3 103 20 243 255 251
CTRIA3 104 20 255 254 252
CTRIA3 105 20 251 255 252
CTRIA3 106 20 257 259 258
CTRIA3 107 20 260 257 258
CTRIA3 108 20 261 263 262
CTRIA3 109 20 263 265 264
CTRIA3 110 20 263 264 262
CTRIA3 111 20 205 137 266
CTRIA3 112 20 137 136 266
CTRIA3 113 20 267 258 191
CTRIA3 114 20 191 258 268
CTRIA3 115 20 259 268 258
CTRIA3 116 20 191 269 193
CTRIA3 117 20 191 268 269
CTRIA3 118 20 181 46 182
CTRIA3 119 20 270 272 271
CTRIA3 120 20 186 244 106
CTRIA3 121 20 254 229 273
CTRIA3 122 20 178 43 179
CTRIA3 123 20 105 186 106
CTRIA3 124 20 274 272 261
CTRIA3 125 20 177 41 42
CTRIA3 126 20 257 276 275
CTRIA3 127 20 277 278 216
CTRIA3 128 20 278 279 216
CTRIA3 129 20 176 40 41
CTRIA3 130 20 219 220 215
CTRIA3 131 20 183 2 19
CTRIA3 132 20 277 216 217
CTRIA3 133 20 174 39 175
CTRIA3 134 20 280 183 19
CTRIA3 135 20 139 280 19
CTRIA3 136 20 281 282 217
CTRIA3 137 20 217 282 283
CTRIA3 138 20 46 47 182
CTRIA3 139 20 9 10 67
CTRIA3 140 20 283 277 217
CTRIA3 141 20 284 265 221
CTRIA3 142 20 265 284 285
CTRIA3 143 20 47 2 183
CTRIA3 144 20 284 128 285
CTRIA3 145 20 223 202 199
CTRIA3 146 20 163 29 164
CTRIA3 147 20 202 101 199
CTRIA3 148 20 286 287 221
CTRIA3 149 20 161 28 162
CTRIA3 150 20 73 74 160
CTRIA3 151 20 287 286 288
CTRIA3 152 20 288 8 287
CTRIA3 153 20 160 27 161
CTRIA3 154 20 287 8 66
CTRIA3 155 20 15 162 289
CTRIA3 156 20 162 163 289
CTRIA3 157 20 159 26 160
CTRIA3 158 20 290 292 291
CTRIA3 159 20 291 292 155
CTRIA3 160 20 289 293 75
CTRIA3 161 20 158 25 159
CTRIA3 162 20 289 75 15
CTRIA3 163 20 294 296 295
CTRIA3 164 20 267 192 54
CTRIA3 165 20 158 24 25
CTRIA3 166 20 294 269 296
CTRIA3 167 20 157 23 24
CTRIA3 168 20 268 296 269
CTRIA3 169 20 38 39 174
CTRIA3 170 20 184 245 297
CTRIA3 171 20 270 271 7
CTRIA3 172 20 270 7 65
CTRIA3 173 20 37 38 172
CTRIA3 174 20 180 44 45
CTRIA3 175 20 267 191 192
CTRIA3 176 20 36 37 171
CTRIA3 177 20 145 298 197
CTRIA3 178 20 203 298 146
CTRIA3 179 20 156 22 23
CTRIA3 180 20 35 36 170
CTRIA3 181 20 299 162 15
CTRIA3 182 20 284 222 130
CTRIA3 183 20 43 44 179
CTRIA3 184 20 34 35 169
CTRIA3 185 20 284 130 129
CTRIA3 186 20 18 1 153
CTRIA3 187 20 33 34 168
CTRIA3 188 20 193 151 152
CTRIA3 189 20 155 21 22
CTRIA3 190 20 272 270 288
CTRIA3 191 20 153 20 154
CTRIA3 192 20 32 33 167
CTRIA3 193 20 1 20 153
CTRIA3 194 20 288 270 8
CTRIA3 195 20 31 32 166
CTRIA3 196 20 30 31 165
CTRIA3 197 20 300 302 301
CTRIA3 198 20 303 301 302
CTRIA3 199 20 304 303 302
CTRIA3 200 20 296 268 259
CTRIA3 201 20 305 296 259
CTRIA3 202 20 305 306 296
CTRIA3 203 20 214 304 307
CTRIA3 204 20 304 302 307
CTRIA3 205 20 223 308 222
CTRIA3 206 20 130 222 308
CTRIA3 207 20 308 131 130
CTRIA3 208 20 258 309 260
CTRIA3 209 20 258 267 309
CTRIA3 210 20 245 311 310
CTRIA3 211 20 245 310 297
CTRIA3 212 20 312 310 311
CTRIA3 213 20 53 267 54
CTRIA3 214 20 311 167 312
CTRIA3 215 20 247 256 313
CTRIA3 216 20 256 247 187
CTRIA3 217 20 195 153 154
CTRIA3 218 20 229 228 273
CTRIA3 219 20 273 228 314
CTRIA3 220 20 206 204 49
CTRIA3 221 20 204 316 315
CTRIA3 222 20 189 119 118
CTRIA3 223 20 204 50 49
CTRIA3 224 20 50 204 315
CTRIA3 225 20 196 194 125
CTRIA3 226 20 194 126 125
CTRIA3 227 20 317 318 224
CTRIA3 228 20 137 205 138
CTRIA3 229 20 319 213 307
CTRIA3 230 20 307 320 319
CTRIA3 231 20 310 312 321
CTRIA3 232 20 322 321 312
CTRIA3 233 20 323 249 324
CTRIA3 234 20 324 325 323
CTRIA3 235 20 326 226 327
CTRIA3 236 20 318 177 224
CTRIA3 237 20 223 199 326
CTRIA3 238 20 326 308 223
CTRIA3 239 20 328 132 131
CTRIA3 240 20 131 308 328
CTRIA3 241 20 239 240 329
CTRIA3 242 20 303 210 330
CTRIA3 243 20 301 331 300
CTRIA3 244 20 135 300 331
CTRIA3 245 20 256 332 313
CTRIA3 246 20 327 319 328
CTRIA3 247 20 213 319 327
CTRIA3 248 20 306 295 296
CTRIA3 249 20 294 295 150
CTRIA3 250 20 293 313 332
CTRIA3 251 20 17 293 332
CTRIA3 252 20 311 245 246
CTRIA3 253 20 246 166 311
CTRIA3 254 20 320 307 302
CTRIA3 255 20 302 300 320
CTRIA3 256 20 134 320 300
CTRIA3 257 20 280 250 183
CTRIA3 258 20 183 250 182
CTRIA3 259 20 324 249 253
CTRIA3 260 20 132 328 319
CTRIA3 261 20 323 325 180
CTRIA3 262 20 319 133 132
CTRIA3 263 20 190 275 209
CTRIA3 264 20 276 209 275
CTRIA3 265 20 186 184 333
CTRIA3 266 20 333 184 297
CTRIA3 267 20 226 227 327
CTRIA3 268 20 214 234 304
CTRIA3 269 20 249 323 248
CTRIA3 270 20 181 248 323
CTRIA3 271 20 227 212 327
CTRIA3 272 20 274 271 272
CTRIA3 273 20 271 274 157
CTRIA3 274 20 305 259 257
CTRIA3 275 20 310 321 334
CTRIA3 276 20 256 185 332
CTRIA3 277 20 322 312 168
CTRIA3 278 20 332 185 104
CTRIA3 279 20 313 293 289
CTRIA3 280 20 226 326 199
CTRIA3 281 20 209 276 210
CTRIA3 282 20 226 98 97
CTRIA3 283 20 330 210 276
CTRIA3 284 20 324 335 325
CTRIA3 285 20 105 185 186
CTRIA3 286 20 274 156 157
CTRIA3 287 20 252 254 273
CTRIA3 288 20 252 273 253
CTRIA3 289 20 327 328 326
CTRIA3 290 20 281 217 215
CTRIA3 291 20 110 281 215
CTRIA3 292 20 216 336 218
CTRIA3 293 20 290 262 337
CTRIA3 294 20 290 337 338
CTRIA3 295 20 262 290 291
CTRIA3 296 20 336 339 218
CTRIA3 297 20 284 221 222
CTRIA3 298 20 202 102 101
CTRIA3 299 20 198 200 197
CTRIA3 300 20 203 188 197
CTRIA3 301 20 197 201 144
CTRIA3 302 20 338 340 194
CTRIA3 303 20 340 126 194
CTRIA3 304 20 341 241 239
CTRIA3 305 20 317 341 239
CTRIA3 306 20 146 147 211
CTRIA3 307 20 247 165 246
CTRIA3 308 20 242 219 198
CTRIA3 309 20 220 219 242
CTRIA3 310 20 220 242 115
CTRIA3 311 20 285 342 337
CTRIA3 312 20 285 337 264
CTRIA3 313 20 297 310 334
CTRIA3 314 20 297 334 333
CTRIA3 315 20 115 242 116
CTRIA3 316 20 243 280 139
CTRIA3 317 20 243 251 280
CTRIA3 318 20 250 280 251
CTRIA3 319 20 227 343 212
CTRIA3 320 20 254 142 229
CTRIA3 321 20 142 143 229
CTRIA3 322 20 212 343 214
CTRIA3 323 20 110 215 111
CTRIA3 324 20 344 219 218
CTRIA3 325 20 218 345 344
CTRIA3 326 20 289 164 313
CTRIA3 327 20 235 234 343
CTRIA3 328 20 343 234 214
CTRIA3 329 20 235 343 91
CTRIA3 330 20 200 344 237
CTRIA3 331 20 344 200 219
CTRIA3 332 20 247 313 164
CTRIA3 333 20 165 247 164
CTRIA3 334 20 265 286 221
CTRIA3 335 20 221 287 10
CTRIA3 336 20 306 69 295
CTRIA3 337 20 13 295 69
CTRIA3 338 20 343 92 91
CTRIA3 339 20 271 157 158
CTRIA3 340 20 7 271 158
CTRIA3 341 20 128 284 129
CTRIA3 342 20 307 213 214
CTRIA3 343 20 192 152 4
CTRIA3 344 20 301 346 331
CTRIA3 345 20 331 346 136
CTRIA3 346 20 55 192 4
CTRIA3 347 20 198 219 200
CTRIA3 348 20 111 215 112
CTRIA3 349 20 113 215 220
CTRIA3 350 20 298 203 197
CTRIA3 351 20 244 186 333
CTRIA3 352 20 244 333 347
CTRIA3 353 20 213 327 212
CTRIA3 354 20 237 228 201
CTRIA3 355 20 304 210 303
CTRIA3 356 20 210 234 208
CTRIA3 357 20 304 234 210
CTRIA3 358 20 196 125 18
CTRIA3 359 20 309 267 52
CTRIA3 360 20 348 346 303
CTRIA3 361 20 201 200 237
CTRIA3 362 20 349 350 240
CTRIA3 363 20 188 121 120
CTRIA3 364 20 347 333 334
CTRIA3 365 20 215 113 112
CTRIA3 366 20 138 206 3
CTRIA3 367 20 206 48 3
CTRIA3 368 20 150 295 149
CTRIA3 369 20 295 13 149
CTRIA3 370 20 244 281 108
CTRIA3 371 20 281 109 108
CTRIA3 372 20 281 110 109
CTRIA3 373 20 335 225 325
CTRIA3 374 20 225 179 325
CTRIA3 375 20 197 144 145
CTRIA3 376 20 69 306 68
CTRIA3 377 20 306 11 68
CTRIA3 378 20 227 94 343
CTRIA3 379 20 227 95 94
CTRIA3 380 20 350 349 351
CTRIA3 381 20 153 196 18
CTRIA3 382 20 11 306 190
CTRIA3 383 20 305 190 306
CTRIA3 384 20 275 190 305
CTRIA3 385 20 328 308 326
CTRIA3 386 20 321 231 233
CTRIA3 387 20 321 233 352
CTRIA3 388 20 230 231 322
CTRIA3 389 20 230 322 169
CTRIA3 390 20 11 190 83
CTRIA3 391 20 353 335 354
CTRIA3 392 20 238 353 354
CTRIA3 393 20 189 242 198
CTRIA3 394 20 146 211 203
CTRIA3 395 20 281 244 282
CTRIA3 396 20 244 347 282
CTRIA3 397 20 202 10 103
CTRIA3 398 20 209 207 190
CTRIA3 399 20 199 100 99
CTRIA3 400 20 207 85 190
CTRIA3 401 20 351 355 350
CTRIA3 402 20 350 355 356
CTRIA3 403 20 190 85 84
CTRIA3 404 20 343 94 93
CTRIA3 405 20 161 357 160
CTRIA3 406 20 73 357 72
CTRIA3 407 20 124 211 16
CTRIA3 408 20 85 207 86
CTRIA3 409 20 358 225 335
CTRIA3 410 20 334 321 352
CTRIA3 411 20 334 352 347
CTRIA3 412 20 231 321 322
CTRIA3 413 20 225 358 224
CTRIA3 414 20 353 238 359
CTRIA3 415 20 353 358 335
CTRIA3 416 20 358 353 359
CTRIA3 417 20 354 324 314
CTRIA3 418 20 202 221 10
CTRIA3 419 20 324 354 335
CTRIA3 420 20 288 263 272
CTRIA3 421 20 238 354 314
CTRIA3 422 20 282 347 352
CTRIA3 423 20 288 265 263
CTRIA3 424 20 244 108 107
CTRIA3 425 20 169 322 168
CTRIA3 426 20 220 115 114
CTRIA3 427 20 52 267 53
CTRIA3 428 20 257 360 330
CTRIA3 429 20 257 330 276
CTRIA3 430 20 260 309 315
CTRIA3 431 20 315 309 51
CTRIA3 432 20 344 361 237
CTRIA3 433 20 316 360 260
CTRIA3 434 20 360 316 348
CTRIA3 435 20 360 257 260
CTRIA3 436 20 298 145 146
CTRIA3 437 20 301 303 346
CTRIA3 438 20 51 309 52
CTRIA3 439 20 331 136 135
CTRIA3 440 20 95 227 96
CTRIA3 441 20 233 232 362
CTRIA3 442 20 233 362 283
CTRIA3 443 20 363 232 230
CTRIA3 444 20 363 230 170
CTRIA3 445 20 325 179 180
CTRIA3 446 20 127 342 128
CTRIA3 447 20 168 312 167
CTRIA3 448 20 300 135 134
CTRIA3 449 20 176 318 329
CTRIA3 450 20 116 242 117
CTRIA3 451 20 92 343 93
CTRIA3 452 20 285 264 265
CTRIA3 453 20 235 91 90
CTRIA3 454 20 285 128 342
CTRIA3 455 20 315 51 50
CTRIA3 456 20 352 233 283
CTRIA3 457 20 352 283 282
CTRIA3 458 20 315 316 260
CTRIA3 459 20 329 240 356
CTRIA3 460 20 349 240 241
CTRIA3 461 20 228 238 314
CTRIA3 462 20 323 180 181
CTRIA3 463 20 286 265 288
CTRIA3 464 20 170 230 169
CTRIA3 465 20 239 329 318
CTRIA3 466 20 320 134 133
CTRIA3 467 20 167 311 166
CTRIA3 468 20 261 272 263
CTRIA3 469 20 204 205 316
CTRIA3 470 20 133 319 320
CTRIA3 471 20 318 176 177
CTRIA3 472 20 363 364 232
CTRIA3 473 20 232 364 362
CTRIA3 474 20 362 364 278
CTRIA3 475 20 362 278 277
CTRIA3 476 20 365 364 363
CTRIA3 477 20 365 363 171
CTRIA3 478 20 290 338 195
CTRIA3 479 20 316 266 348
CTRIA3 480 20 266 316 205
CTRIA3 481 20 201 143 144
CTRIA3 482 20 340 127 126
CTRIA3 483 20 340 338 342
CTRIA3 484 20 324 253 314
CTRIA3 485 20 314 253 273
CTRIA3 486 20 127 340 342
CTRIA3 487 20 141 255 140
CTRIA3 488 20 199 99 226
CTRIA3 489 20 341 317 359
CTRIA3 490 20 89 235 90
CTRIA3 491 20 185 105 104
CTRIA3 492 20 291 155 156
CTRIA3 493 20 291 261 262
CTRIA3 494 20 338 337 342
CTRIA3 495 20 264 337 262
CTRIA3 496 20 171 363 170
CTRIA3 497 20 341 361 241
CTRIA3 498 20 283 362 277
CTRIA3 499 20 166 246 165
CTRIA3 500 20 361 341 359
CTRIA3 501 20 8 270 65
CTRIA3 502 20 155 292 154
CTRIA3 503 20 195 292 290
CTRIA3 504 20 292 195 154
CTRIA3 505 20 248 181 182
CTRIA3 506 20 250 248 182
CTRIA3 507 20 317 239 318
CTRIA3 508 20 275 305 257
CTRIA3 509 20 365 366 364
CTRIA3 510 20 364 366 278
CTRIA3 511 20 278 366 279
CTRIA3 512 20 194 195 338
CTRIA3 513 20 367 366 365
CTRIA3 514 20 367 365 172
CTRIA3 515 20 236 361 359
CTRIA3 516 20 361 236 237
CTRIA3 517 20 86 207 87
CTRIA3 518 20 359 317 358
CTRIA3 519 20 238 236 359
CTRIA3 520 20 330 348 303
CTRIA3 521 20 172 365 171
CTRIA3 522 20 164 289 163
CTRIA3 523 20 332 104 17
CTRIA3 524 20 348 330 360
CTRIA3 525 20 10 287 67
CTRIA3 526 20 287 66 67
CTRIA3 527 20 346 348 266
CTRIA3 528 20 346 266 136
CTRIA3 529 20 151 294 150
CTRIA3 530 20 294 151 269
CTRIA3 531 20 54 192 55
CTRIA3 532 20 367 368 366
CTRIA3 533 20 366 368 279
CTRIA3 534 20 279 368 336
CTRIA3 535 20 279 336 216
CTRIA3 536 20 355 368 367
CTRIA3 537 20 355 367 173
CTRIA3 538 20 317 224 358
CTRIA3 539 20 261 291 274
CTRIA3 540 20 274 291 156
CTRIA3 541 20 173 367 172
CTRIA3 542 20 336 351 339
CTRIA3 543 20 162 299 161
CTRIA3 544 20 72 299 15
CTRIA3 545 20 226 99 98
CTRIA3 546 20 356 355 174
CTRIA3 547 20 355 351 368
CTRIA3 548 20 368 351 336
CTRIA3 549 20 243 140 255
CTRIA3 550 20 224 177 178
CTRIA3 551 20 339 349 345
CTRIA3 552 20 174 355 173
CTRIA3 553 20 339 345 218
CTRIA3 554 20 175 356 174
CTRIA3 555 20 48 206 49
CTRIA3 556 20 329 356 175
CTRIA3 557 20 350 356 240
CTRIA3 558 20 351 349 339
CTRIA3 559 20 151 193 269
CTRIA3 560 20 176 329 175
CTRIA3 561 20 345 241 361
CTRIA3 562 20 345 361 344
CTRIA3 563 20 161 299 357
CTRIA3 564 20 293 17 75
CTRIA3 565 20 349 241 345
CTRIA3 566 20 357 299 72
CTRIA3 567 20 357 73 160
CTRIA3 568 30 369 371 370
CTRIA3 569 30 53 369 52
CTRIA3 570 30 371 369 372
CTRIA3 571 30 371 372 57
CTRIA3 572 30 370 371 60
CTRIA3 573 30 60 371 59
CTRIA3 574 30 372 64 6
CTRIA3 575 30 63 372 369
CTRIA3 576 30 370 49 50
CTRIA3 577 30 370 51 369
CTRIA3 578 30 51 370 50
CTRIA3 579 30 57 372 58
CTRIA3 580 30 58 372 6
CTRIA3 581 30 370 60 61
CTRIA3 582 30 370 61 3
CTRIA3 583 30 49 370 48
CTRIA3 584 30 48 370 3
CTRIA3 585 30 63 373 62
CTRIA3 586 30 373 63 369
CTRIA3 587 30 59 371 5
CTRIA3 588 30 371 57 56
CTRIA3 589 30 371 56 5
CTRIA3 590 30 369 51 52
CTRIA3 591 30 53 373 369
CTRIA3 592 30 54 373 53
CTRIA3 593 30 62 373 4
CTRIA3 594 30 372 63 64
CTRIA3 595 30 373 54 55
CTRIA3 596 30 373 55 4
CTRIA3 597 50000 374 376 375
CTRIA3 598 50000 374 375 377
CTRIA3 599 50000 378 380 379
CTRIA3 600 50000 381 383 382
CTRIA3 601 50000 378 379 100
CTRIA3 602 50000 384 385 105
CTRIA3 603 50000 386 381 387
CTRIA3 604 50000 374 388 376
CTRIA3 605 50000 389 391 390
CTRIA3 606 50000 389 390 119
CTRIA3 607 50000 392 394 393
CTRIA3 608 50000 395 397 396
CTRIA3 609 50000 392 393 122
CTRIA3 610 50000 380 378 398
CTRIA3 611 50000 399 386 400
CTRIA3 612 50000 401 380 377
CTRIA3 613 50000 393 402 121
CTRIA3 614 50000 403 389 120
CTRIA3 615 50000 404 399 405
CTRIA3 616 50000 398 377 380
CTRIA3 617 50000 406 390 391
CTRIA3 618 50000 403 121 402
CTRIA3 619 50000 407 404 408
CTRIA3 620 50000 397 392 409
CTRIA3 621 50000 410 412 411
CTRIA3 622 50000 411 412 118
CTRIA3 623 50000 409 392 123
CTRIA3 624 50000 394 392 397
CTRIA3 625 50000 413 415 414
CTRIA3 626 50000 414 415 117
CTRIA3 627 50000 394 397 395
CTRIA3 628 50000 402 394 408
CTRIA3 629 50000 416 418 417
CTRIA3 630 50000 417 418 116
CTRIA3 631 50000 383 420 419
CTRIA3 632 50000 402 393 394
CTRIA3 633 50000 421 423 422
CTRIA3 634 50000 422 423 115
CTRIA3 635 50000 408 394 395
CTRIA3 636 50000 375 425 424
CTRIA3 637 50000 426 428 427
CTRIA3 638 50000 427 428 114
CTRIA3 639 50000 375 384 425
CTRIA3 640 50000 425 384 106
CTRIA3 641 50000 429 431 430
CTRIA3 642 50000 430 431 113
CTRIA3 643 50000 420 433 432
CTRIA3 644 50000 403 120 121
CTRIA3 645 50000 434 436 435
CTRIA3 646 50000 435 436 112
CTRIA3 647 50000 391 389 403
CTRIA3 648 50000 411 390 406
CTRIA3 649 50000 437 439 438
CTRIA3 650 50000 438 439 111
CTRIA3 651 50000 411 406 387
CTRIA3 652 50000 403 402 405
CTRIA3 653 50000 440 442 441
CTRIA3 654 50000 441 442 110
CTRIA3 655 50000 433 444 443
CTRIA3 656 50000 414 412 410
CTRIA3 657 50000 445 447 446
CTRIA3 658 50000 446 447 109
CTRIA3 659 50000 414 410 382
CTRIA3 660 50000 417 415 413
CTRIA3 661 50000 448 450 449
CTRIA3 662 50000 449 450 108
CTRIA3 663 50000 417 413 419
CTRIA3 664 50000 400 391 405
CTRIA3 665 50000 424 425 451
CTRIA3 666 50000 451 425 107
CTRIA3 667 50000 444 453 452
CTRIA3 668 50000 422 418 416
CTRIA3 669 50000 405 402 408
CTRIA3 670 50000 407 454 404
CTRIA3 671 50000 422 416 432
CTRIA3 672 50000 427 423 421
CTRIA3 673 50000 376 384 375
CTRIA3 674 50000 427 421 443
CTRIA3 675 50000 407 455 454
CTRIA3 676 50000 453 457 456
CTRIA3 677 50000 430 428 426
CTRIA3 678 50000 430 426 452
CTRIA3 679 50000 454 455 86
CTRIA3 680 50000 398 378 101
CTRIA3 681 50000 435 431 429
CTRIA3 682 50000 435 429 456
CTRIA3 683 50000 458 379 380
CTRIA3 684 50000 404 459 399
CTRIA3 685 50000 404 454 459
CTRIA3 686 50000 457 461 460
CTRIA3 687 50000 459 454 87
CTRIA3 688 50000 399 462 386
CTRIA3 689 50000 438 436 434
CTRIA3 690 50000 438 434 460
CTRIA3 691 50000 399 459 462
CTRIA3 692 50000 462 459 88
CTRIA3 693 50000 441 439 437
CTRIA3 694 50000 441 437 463
CTRIA3 695 50000 386 464 381
CTRIA3 696 50000 386 462 464
CTRIA3 697 50000 464 462 89
CTRIA3 698 50000 461 465 463
CTRIA3 699 50000 457 466 461
CTRIA3 700 50000 457 467 466
CTRIA3 701 50000 446 442 440
CTRIA3 702 50000 446 440 468
CTRIA3 703 50000 466 467 96
CTRIA3 704 50000 453 467 457
CTRIA3 705 50000 449 447 445
CTRIA3 706 50000 449 445 469
CTRIA3 707 50000 453 470 467
CTRIA3 708 50000 467 470 95
CTRIA3 709 50000 444 470 453
CTRIA3 710 50000 465 471 468
CTRIA3 711 50000 444 472 470
CTRIA3 712 50000 470 472 94
CTRIA3 713 50000 451 450 448
CTRIA3 714 50000 451 448 401
CTRIA3 715 50000 433 472 444
CTRIA3 716 50000 433 473 472
CTRIA3 717 50000 472 473 93
CTRIA3 718 50000 420 473 433
CTRIA3 719 50000 420 474 473
CTRIA3 720 50000 473 474 92
CTRIA3 721 50000 381 475 383
CTRIA3 722 50000 471 458 469
CTRIA3 723 50000 381 464 475
CTRIA3 724 50000 475 464 90
CTRIA3 725 50000 398 476 374
CTRIA3 726 50000 398 374 377
CTRIA3 727 50000 383 474 420
CTRIA3 728 50000 383 475 474
CTRIA3 729 50000 474 475 91
CTRIA3 730 50000 461 477 465
CTRIA3 731 50000 461 466 477
CTRIA3 732 50000 477 466 97
CTRIA3 733 50000 477 478 471
CTRIA3 734 50000 465 477 471
CTRIA3 735 50000 477 98 478
CTRIA3 736 50000 478 379 458
CTRIA3 737 50000 471 478 458
CTRIA3 738 50000 478 99 379
CTRIA3 739 50000 470 94 95
CTRIA3 740 50000 472 93 94
CTRIA3 741 50000 479 85 455
CTRIA3 742 50000 467 95 96
CTRIA3 743 50000 480 84 481
CTRIA3 744 50000 479 481 85
CTRIA3 745 50000 84 480 482
CTRIA3 746 50000 473 92 93
CTRIA3 747 50000 396 397 483
CTRIA3 748 50000 466 96 97
CTRIA3 749 50000 392 122 123
CTRIA3 750 50000 393 121 122
CTRIA3 751 50000 403 405 391
CTRIA3 752 50000 479 455 407
CTRIA3 753 50000 479 407 395
CTRIA3 754 50000 480 481 396
CTRIA3 755 50000 480 396 483
CTRIA3 756 50000 484 485 482
CTRIA3 757 50000 484 482 480
CTRIA3 758 50000 483 484 480
CTRIA3 759 50000 486 385 487
CTRIA3 760 50000 385 486 104
CTRIA3 761 50000 105 385 104
CTRIA3 762 50000 374 476 388
CTRIA3 763 50000 488 388 476
CTRIA3 764 50000 476 102 488
CTRIA3 765 50000 81 490 489
CTRIA3 766 50000 490 81 484
CTRIA3 767 50000 81 82 484
CTRIA3 768 50000 487 77 486
CTRIA3 769 50000 77 487 491
CTRIA3 770 50000 76 77 491
CTRIA3 771 50000 385 376 487
CTRIA3 772 50000 376 385 384
CTRIA3 773 50000 396 481 479
CTRIA3 774 50000 479 395 396
CTRIA3 775 50000 376 388 491
CTRIA3 776 50000 491 388 492
CTRIA3 777 50000 492 388 488
CTRIA3 778 50000 492 9 76
CTRIA3 779 50000 492 76 491
CTRIA3 780 50000 377 424 401
CTRIA3 781 50000 474 91 92
CTRIA3 782 50000 401 448 469
CTRIA3 783 50000 469 458 401
CTRIA3 784 50000 469 445 468
CTRIA3 785 50000 468 471 469
CTRIA3 786 50000 468 440 463
CTRIA3 787 50000 463 465 468
CTRIA3 788 50000 463 437 460
CTRIA3 789 50000 460 461 463
CTRIA3 790 50000 460 434 456
CTRIA3 791 50000 456 457 460
CTRIA3 792 50000 456 429 452
CTRIA3 793 50000 484 483 490
CTRIA3 794 50000 376 491 487
CTRIA3 795 50000 452 453 456
CTRIA3 796 50000 483 409 490
CTRIA3 797 50000 409 483 397
CTRIA3 798 50000 452 426 443
CTRIA3 799 50000 477 97 98
CTRIA3 800 50000 389 119 120
CTRIA3 801 50000 443 444 452
CTRIA3 802 50000 390 118 119
CTRIA3 803 50000 412 117 118
CTRIA3 804 50000 443 421 432
CTRIA3 805 50000 431 112 113
CTRIA3 806 50000 436 111 112
CTRIA3 807 50000 488 102 103
CTRIA3 808 50000 432 433 443
CTRIA3 809 50000 391 400 406
CTRIA3 810 50000 378 100 101
CTRIA3 811 50000 84 482 83
CTRIA3 812 50000 432 416 419
CTRIA3 813 50000 411 387 410
CTRIA3 814 50000 411 118 390
CTRIA3 815 50000 419 420 432
CTRIA3 816 50000 419 413 382
CTRIA3 817 50000 414 382 413
CTRIA3 818 50000 414 117 412
CTRIA3 819 50000 493 123 124
CTRIA3 820 50000 382 383 419
CTRIA3 821 50000 417 419 416
CTRIA3 822 50000 417 116 415
CTRIA3 823 50000 382 410 387
CTRIA3 824 50000 422 432 421
CTRIA3 825 50000 422 115 418
CTRIA3 826 50000 387 381 382
CTRIA3 827 50000 427 443 426
CTRIA3 828 50000 427 114 423
CTRIA3 829 50000 387 406 400
CTRIA3 830 50000 430 452 429
CTRIA3 831 50000 430 113 428
CTRIA3 832 50000 400 386 387
CTRIA3 833 50000 435 456 434
CTRIA3 834 50000 435 112 431
CTRIA3 835 50000 464 89 90
CTRIA3 836 50000 438 460 437
CTRIA3 837 50000 405 399 400
CTRIA3 838 50000 438 111 436
CTRIA3 839 50000 478 98 99
CTRIA3 840 50000 408 404 405
CTRIA3 841 50000 395 407 408
CTRIA3 842 50000 475 90 91
CTRIA3 843 50000 490 409 493
CTRIA3 844 50000 409 123 493
CTRIA3 845 50000 12 485 82
CTRIA3 846 50000 441 463 440
CTRIA3 847 50000 82 485 484
CTRIA3 848 50000 493 489 490
CTRIA3 849 50000 489 80 81
CTRIA3 850 50000 441 110 439
CTRIA3 851 50000 78 486 77
CTRIA3 852 50000 482 485 83
CTRIA3 853 50000 481 84 85
CTRIA3 854 50000 83 485 11
CTRIA3 855 50000 446 468 445
CTRIA3 856 50000 446 109 442
CTRIA3 857 50000 485 12 11
CTRIA3 858 50000 449 469 448
CTRIA3 859 50000 492 488 103
CTRIA3 860 50000 449 108 447
CTRIA3 861 50000 455 85 86
CTRIA3 862 50000 492 103 10
CTRIA3 863 50000 451 401 424
CTRIA3 864 50000 451 107 450
CTRIA3 865 50000 9 492 10
CTRIA3 866 50000 375 424 377
CTRIA3 867 50000 104 486 17
CTRIA3 868 50000 415 116 117
CTRIA3 869 50000 454 86 87
CTRIA3 870 50000 486 78 17
CTRIA3 871 50000 489 493 124
CTRIA3 872 50000 489 124 16
CTRIA3 873 50000 398 101 476
CTRIA3 874 50000 418 115 116
CTRIA3 875 50000 80 489 16
CTRIA3 876 50000 384 105 106
CTRIA3 877 50000 459 87 88
CTRIA3 878 50000 423 114 115
CTRIA3 879 50000 380 401 458
CTRIA3 880 50000 425 106 107
CTRIA3 881 50000 379 99 100
CTRIA3 882 50000 450 107 108
CTRIA3 883 50000 476 101 102
CTRIA3 884 50000 447 108 109
CTRIA3 885 50000 462 88 89
CTRIA3 886 50000 428 113 114
CTRIA3 887 50000 442 109 110
CTRIA3 888 50000 439 110 111
CTRIA3 926 20 663 665 664
CTRIA3 927 20 663 664 666
CTRIA3 928 20 612 668 667
CTRIA3 929 20 576 669 577
CTRIA3 930 20 670 672 671
CTRIA3 931 20 671 672 152
CTRIA3 932 20 673 675 674
CTRIA3 933 20 661 543 662
CTRIA3 934 20 674 675 632
CTRIA3 935 20 660 541 542
CTRIA3 936 20 612 667 613
CTRIA3 937 20 659 541 660
CTRIA3 938 20 667 677 676
CTRIA3 939 20 658 540 659
CTRIA3 940 20 678 594 593
CTRIA3 941 20 657 538 539
CTRIA3 942 20 679 680 676
CTRIA3 943 20 656 538 657
CTRIA3 944 20 595 681 596
CTRIA3 945 20 655 537 656
CTRIA3 946 20 614 667 682
CTRIA3 947 20 654 536 655
CTRIA3 948 20 683 685 684
CTRIA3 949 20 654 535 536
CTRIA3 950 20 684 685 631
CTRIA3 951 20 652 534 653
CTRIA3 952 20 686 688 687
CTRIA3 953 20 651 534 652
CTRIA3 954 20 687 688 689
CTRIA3 955 20 650 533 651
CTRIA3 956 20 147 572 690
CTRIA3 957 20 649 532 650
CTRIA3 958 20 690 572 513
CTRIA3 959 20 648 531 649
CTRIA3 960 20 615 682 616
CTRIA3 961 20 647 530 648
CTRIA3 962 20 691 693 692
CTRIA3 963 20 646 529 647
CTRIA3 964 20 694 696 695
CTRIA3 965 20 645 528 646
CTRIA3 966 20 695 697 694
CTRIA3 967 20 644 527 645
CTRIA3 968 20 698 694 697
CTRIA3 969 20 643 526 644
CTRIA3 970 20 606 699 607
CTRIA3 971 20 643 525 526
CTRIA3 972 20 639 567 638
CTRIA3 973 20 641 525 642
CTRIA3 974 20 638 567 504
CTRIA3 975 20 641 524 525
CTRIA3 976 20 638 504 637
CTRIA3 977 20 640 523 524
CTRIA3 978 20 700 681 701
CTRIA3 979 20 639 522 523
CTRIA3 980 20 701 681 702
CTRIA3 981 20 638 521 522
CTRIA3 982 20 580 686 687
CTRIA3 983 20 636 520 637
CTRIA3 984 20 668 677 667
CTRIA3 985 20 635 519 636
CTRIA3 986 20 580 687 581
CTRIA3 987 20 634 518 635
CTRIA3 988 20 703 657 704
CTRIA3 989 20 633 517 634
CTRIA3 990 20 704 657 658
CTRIA3 991 20 589 706 705
CTRIA3 992 20 511 572 147
CTRIA3 993 20 707 708 680
CTRIA3 994 20 680 708 143
CTRIA3 995 20 709 711 710
CTRIA3 996 20 563 564 148
CTRIA3 997 20 614 682 615
CTRIA3 998 20 148 564 511
CTRIA3 999 20 710 711 712
CTRIA3 1000 20 713 714 687
CTRIA3 1001 20 687 714 582
CTRIA3 1002 20 148 511 147
CTRIA3 1003 20 589 705 590
CTRIA3 1004 20 707 716 715
CTRIA3 1005 20 707 715 717
CTRIA3 1006 20 718 720 719
CTRIA3 1007 20 633 516 517
CTRIA3 1008 20 690 617 682
CTRIA3 1009 20 682 617 616
CTRIA3 1010 20 610 721 668
CTRIA3 1011 20 722 139 140
CTRIA3 1012 20 610 668 611
CTRIA3 1013 20 723 600 599
CTRIA3 1014 20 510 563 149
CTRIA3 1015 20 509 561 508
CTRIA3 1016 20 581 687 582
CTRIA3 1017 20 666 724 663
CTRIA3 1018 20 666 725 724
CTRIA3 1019 20 149 563 148
CTRIA3 1020 20 725 666 726
CTRIA3 1021 20 727 729 728
CTRIA3 1022 20 728 729 730
CTRIA3 1023 20 730 731 728
CTRIA3 1024 20 732 728 731
CTRIA3 1025 20 733 734 141
CTRIA3 1026 20 142 733 141
CTRIA3 1027 20 664 735 666
CTRIA3 1028 20 722 734 730
CTRIA3 1029 20 734 733 731
CTRIA3 1030 20 730 734 731
CTRIA3 1031 20 736 738 737
CTRIA3 1032 20 739 736 737
CTRIA3 1033 20 740 742 741
CTRIA3 1034 20 742 744 743
CTRIA3 1035 20 742 743 741
CTRIA3 1036 20 684 630 745
CTRIA3 1037 20 630 629 745
CTRIA3 1038 20 746 737 670
CTRIA3 1039 20 670 737 747
CTRIA3 1040 20 738 747 737
CTRIA3 1041 20 670 748 672
CTRIA3 1042 20 670 747 748
CTRIA3 1043 20 660 542 661
CTRIA3 1044 20 749 751 750
CTRIA3 1045 20 665 723 599
CTRIA3 1046 20 733 708 752
CTRIA3 1047 20 657 539 658
CTRIA3 1048 20 598 665 599
CTRIA3 1049 20 753 751 740
CTRIA3 1050 20 656 537 538
CTRIA3 1051 20 736 755 754
CTRIA3 1052 20 756 757 695
CTRIA3 1053 20 757 758 695
CTRIA3 1054 20 655 536 537
CTRIA3 1055 20 698 699 694
CTRIA3 1056 20 662 2 19
CTRIA3 1057 20 756 695 696
CTRIA3 1058 20 653 535 654
CTRIA3 1059 20 759 662 19
CTRIA3 1060 20 139 759 19
CTRIA3 1061 20 760 761 696
CTRIA3 1062 20 696 761 762
CTRIA3 1063 20 542 543 661
CTRIA3 1064 20 506 507 560
CTRIA3 1065 20 762 756 696
CTRIA3 1066 20 763 744 700
CTRIA3 1067 20 744 763 764
CTRIA3 1068 20 543 2 662
CTRIA3 1069 20 763 621 764
CTRIA3 1070 20 702 681 678
CTRIA3 1071 20 642 525 643
CTRIA3 1072 20 681 594 678
CTRIA3 1073 20 765 766 700
CTRIA3 1074 20 640 524 641
CTRIA3 1075 20 566 567 639
CTRIA3 1076 20 766 765 767
CTRIA3 1077 20 767 505 766
CTRIA3 1078 20 639 523 640
CTRIA3 1079 20 766 505 559
CTRIA3 1080 20 512 641 768
CTRIA3 1081 20 641 642 768
CTRIA3 1082 20 638 522 639
CTRIA3 1083 20 769 771 770
CTRIA3 1084 20 770 771 634
CTRIA3 1085 20 768 772 568
CTRIA3 1086 20 637 521 638
CTRIA3 1087 20 768 568 512
CTRIA3 1088 20 773 775 774
CTRIA3 1089 20 746 671 550
CTRIA3 1090 20 637 520 521
CTRIA3 1091 20 773 748 775
CTRIA3 1092 20 636 519 520
CTRIA3 1093 20 747 775 748
CTRIA3 1094 20 534 535 653
CTRIA3 1095 20 663 724 776
CTRIA3 1096 20 749 750 504
CTRIA3 1097 20 749 504 558
CTRIA3 1098 20 533 534 651
CTRIA3 1099 20 659 540 541
CTRIA3 1100 20 746 670 671
CTRIA3 1101 20 532 533 650
CTRIA3 1102 20 145 777 676
CTRIA3 1103 20 682 777 146
CTRIA3 1104 20 635 518 519
CTRIA3 1105 20 531 532 649
CTRIA3 1106 20 778 641 512
CTRIA3 1107 20 763 701 623
CTRIA3 1108 20 539 540 658
CTRIA3 1109 20 530 531 648
CTRIA3 1110 20 763 623 622
CTRIA3 1111 20 515 501 632
CTRIA3 1112 20 529 530 647
CTRIA3 1113 20 672 151 152
CTRIA3 1114 20 634 517 518
CTRIA3 1115 20 751 749 767
CTRIA3 1116 20 632 516 633
CTRIA3 1117 20 528 529 646
CTRIA3 1118 20 501 516 632
CTRIA3 1119 20 767 749 505
CTRIA3 1120 20 527 528 645
CTRIA3 1121 20 526 527 644
CTRIA3 1122 20 779 781 780
CTRIA3 1123 20 782 780 781
CTRIA3 1124 20 783 782 781
CTRIA3 1125 20 775 747 738
CTRIA3 1126 20 784 775 738
CTRIA3 1127 20 784 785 775
CTRIA3 1128 20 693 783 786
CTRIA3 1129 20 783 781 786
CTRIA3 1130 20 702 787 701
CTRIA3 1131 20 623 701 787
CTRIA3 1132 20 787 624 623
CTRIA3 1133 20 737 788 739
CTRIA3 1134 20 737 746 788
CTRIA3 1135 20 724 790 789
CTRIA3 1136 20 724 789 776
CTRIA3 1137 20 791 789 790
CTRIA3 1138 20 549 746 550
CTRIA3 1139 20 790 646 791
CTRIA3 1140 20 726 735 792
CTRIA3 1141 20 735 726 666
CTRIA3 1142 20 674 632 633
CTRIA3 1143 20 708 707 752
CTRIA3 1144 20 752 707 793
CTRIA3 1145 20 685 683 545
CTRIA3 1146 20 683 795 794
CTRIA3 1147 20 668 612 611
CTRIA3 1148 20 683 546 545
CTRIA3 1149 20 546 683 794
CTRIA3 1150 20 675 673 618
CTRIA3 1151 20 673 619 618
CTRIA3 1152 20 796 797 703
CTRIA3 1153 20 630 684 631
CTRIA3 1154 20 798 692 786
CTRIA3 1155 20 786 799 798
CTRIA3 1156 20 789 791 800
CTRIA3 1157 20 801 800 791
CTRIA3 1158 20 802 728 803
CTRIA3 1159 20 803 804 802
CTRIA3 1160 20 805 705 806
CTRIA3 1161 20 797 656 703
CTRIA3 1162 20 702 678 805
CTRIA3 1163 20 805 787 702
CTRIA3 1164 20 807 625 624
CTRIA3 1165 20 624 787 807
CTRIA3 1166 20 718 719 808
CTRIA3 1167 20 782 689 809
CTRIA3 1168 20 780 810 779
CTRIA3 1169 20 628 779 810
CTRIA3 1170 20 735 811 792
CTRIA3 1171 20 806 798 807
CTRIA3 1172 20 692 798 806
CTRIA3 1173 20 785 774 775
CTRIA3 1174 20 773 774 150
CTRIA3 1175 20 772 792 811
CTRIA3 1176 20 514 772 811
CTRIA3 1177 20 790 724 725
CTRIA3 1178 20 725 645 790
CTRIA3 1179 20 799 786 781
CTRIA3 1180 20 781 779 799
CTRIA3 1181 20 627 799 779
CTRIA3 1182 20 759 729 662
CTRIA3 1183 20 662 729 661
CTRIA3 1184 20 803 728 732
CTRIA3 1185 20 625 807 798
CTRIA3 1186 20 802 804 659
CTRIA3 1187 20 798 626 625
CTRIA3 1188 20 669 754 688
CTRIA3 1189 20 755 688 754
CTRIA3 1190 20 665 663 812
CTRIA3 1191 20 812 663 776
CTRIA3 1192 20 705 706 806
CTRIA3 1193 20 693 713 783
CTRIA3 1194 20 728 802 727
CTRIA3 1195 20 660 727 802
CTRIA3 1196 20 706 691 806
CTRIA3 1197 20 753 750 751
CTRIA3 1198 20 750 753 636
CTRIA3 1199 20 784 738 736
CTRIA3 1200 20 789 800 813
CTRIA3 1201 20 735 664 811
CTRIA3 1202 20 801 791 647
CTRIA3 1203 20 811 664 597
CTRIA3 1204 20 792 772 768
CTRIA3 1205 20 705 805 678
CTRIA3 1206 20 688 755 689
CTRIA3 1207 20 705 591 590
CTRIA3 1208 20 809 689 755
CTRIA3 1209 20 803 814 804
CTRIA3 1210 20 598 664 665
CTRIA3 1211 20 753 635 636
CTRIA3 1212 20 731 733 752
CTRIA3 1213 20 731 752 732
CTRIA3 1214 20 806 807 805
CTRIA3 1215 20 760 696 694
CTRIA3 1216 20 603 760 694
CTRIA3 1217 20 695 815 697
CTRIA3 1218 20 769 741 816
CTRIA3 1219 20 769 816 817
CTRIA3 1220 20 741 769 770
CTRIA3 1221 20 815 818 697
CTRIA3 1222 20 763 700 701
CTRIA3 1223 20 681 595 594
CTRIA3 1224 20 677 679 676
CTRIA3 1225 20 682 667 676
CTRIA3 1226 20 676 680 144
CTRIA3 1227 20 817 819 673
CTRIA3 1228 20 819 619 673
CTRIA3 1229 20 820 720 718
CTRIA3 1230 20 796 820 718
CTRIA3 1231 20 146 147 690
CTRIA3 1232 20 726 644 725
CTRIA3 1233 20 721 698 677
CTRIA3 1234 20 699 698 721
CTRIA3 1235 20 699 721 608
CTRIA3 1236 20 764 821 816
CTRIA3 1237 20 764 816 743
CTRIA3 1238 20 776 789 813
CTRIA3 1239 20 776 813 812
CTRIA3 1240 20 608 721 609
CTRIA3 1241 20 722 759 139
CTRIA3 1242 20 722 730 759
CTRIA3 1243 20 729 759 730
CTRIA3 1244 20 706 822 691
CTRIA3 1245 20 733 142 708
CTRIA3 1246 20 142 143 708
CTRIA3 1247 20 691 822 693
CTRIA3 1248 20 603 694 604
CTRIA3 1249 20 823 698 697
CTRIA3 1250 20 697 824 823
CTRIA3 1251 20 768 643 792
CTRIA3 1252 20 714 713 822
CTRIA3 1253 20 822 713 693
CTRIA3 1254 20 714 822 584
CTRIA3 1255 20 679 823 716
CTRIA3 1256 20 823 679 698
CTRIA3 1257 20 726 792 643
CTRIA3 1258 20 644 726 643
CTRIA3 1259 20 744 765 700
CTRIA3 1260 20 700 766 507
CTRIA3 1261 20 785 562 774
CTRIA3 1262 20 510 774 562
CTRIA3 1263 20 822 585 584
CTRIA3 1264 20 750 636 637
CTRIA3 1265 20 504 750 637
CTRIA3 1266 20 621 763 622
CTRIA3 1267 20 786 692 693
CTRIA3 1268 20 671 152 4
CTRIA3 1269 20 780 825 810
CTRIA3 1270 20 810 825 629
CTRIA3 1271 20 551 671 4
CTRIA3 1272 20 677 698 679
CTRIA3 1273 20 604 694 605
CTRIA3 1274 20 606 694 699
CTRIA3 1275 20 777 682 676
CTRIA3 1276 20 723 665 812
CTRIA3 1277 20 723 812 826
CTRIA3 1278 20 692 806 691
CTRIA3 1279 20 716 707 680
CTRIA3 1280 20 783 689 782
CTRIA3 1281 20 689 713 687
CTRIA3 1282 20 783 713 689
CTRIA3 1283 20 675 618 515
CTRIA3 1284 20 788 746 548
CTRIA3 1285 20 827 825 782
CTRIA3 1286 20 680 679 716
CTRIA3 1287 20 828 829 719
CTRIA3 1288 20 667 614 613
CTRIA3 1289 20 826 812 813
CTRIA3 1290 20 694 606 605
CTRIA3 1291 20 631 685 502
CTRIA3 1292 20 685 544 502
CTRIA3 1293 20 150 774 149
CTRIA3 1294 20 774 510 149
CTRIA3 1295 20 723 760 601
CTRIA3 1296 20 760 602 601
CTRIA3 1297 20 760 603 602
CTRIA3 1298 20 814 704 804
CTRIA3 1299 20 704 658 804
CTRIA3 1300 20 676 144 145
CTRIA3 1301 20 562 785 561
CTRIA3 1302 20 785 508 561
CTRIA3 1303 20 706 587 822
CTRIA3 1304 20 706 588 587
CTRIA3 1305 20 829 828 830
CTRIA3 1306 20 632 675 515
CTRIA3 1307 20 508 785 669
CTRIA3 1308 20 784 669 785
CTRIA3 1309 20 754 669 784
CTRIA3 1310 20 807 787 805
CTRIA3 1311 20 800 710 712
CTRIA3 1312 20 800 712 831
CTRIA3 1313 20 709 710 801
CTRIA3 1314 20 709 801 648
CTRIA3 1315 20 508 669 576
CTRIA3 1316 20 832 814 833
CTRIA3 1317 20 717 832 833
CTRIA3 1318 20 668 721 677
CTRIA3 1319 20 146 690 682
CTRIA3 1320 20 760 723 761
CTRIA3 1321 20 723 826 761
CTRIA3 1322 20 681 507 596
CTRIA3 1323 20 688 686 669
CTRIA3 1324 20 678 593 592
CTRIA3 1325 20 686 578 669
CTRIA3 1326 20 830 834 829
CTRIA3 1327 20 829 834 835
CTRIA3 1328 20 669 578 577
CTRIA3 1329 20 822 587 586
CTRIA3 1330 20 640 836 639
CTRIA3 1331 20 566 836 565
CTRIA3 1332 20 617 690 513
CTRIA3 1333 20 578 686 579
CTRIA3 1334 20 837 704 814
CTRIA3 1335 20 813 800 831
CTRIA3 1336 20 813 831 826
CTRIA3 1337 20 710 800 801
CTRIA3 1338 20 704 837 703
CTRIA3 1339 20 832 717 838
CTRIA3 1340 20 832 837 814
CTRIA3 1341 20 837 832 838
CTRIA3 1342 20 833 803 793
CTRIA3 1343 20 681 700 507
CTRIA3 1344 20 803 833 814
CTRIA3 1345 20 767 742 751
CTRIA3 1346 20 717 833 793
CTRIA3 1347 20 761 826 831
CTRIA3 1348 20 767 744 742
CTRIA3 1349 20 723 601 600
CTRIA3 1350 20 648 801 647
CTRIA3 1351 20 699 608 607
CTRIA3 1352 20 548 746 549
CTRIA3 1353 20 736 839 809
CTRIA3 1354 20 736 809 755
CTRIA3 1355 20 739 788 794
CTRIA3 1356 20 794 788 547
CTRIA3 1357 20 823 840 716
CTRIA3 1358 20 795 839 739
CTRIA3 1359 20 839 795 827
CTRIA3 1360 20 839 736 739
CTRIA3 1361 20 777 145 146
CTRIA3 1362 20 780 782 825
CTRIA3 1363 20 547 788 548
CTRIA3 1364 20 810 629 628
CTRIA3 1365 20 588 706 589
CTRIA3 1366 20 712 711 841
CTRIA3 1367 20 712 841 762
CTRIA3 1368 20 842 711 709
CTRIA3 1369 20 842 709 649
CTRIA3 1370 20 804 658 659
CTRIA3 1371 20 620 821 621
CTRIA3 1372 20 647 791 646
CTRIA3 1373 20 779 628 627
CTRIA3 1374 20 655 797 808
CTRIA3 1375 20 609 721 610
CTRIA3 1376 20 585 822 586
CTRIA3 1377 20 764 743 744
CTRIA3 1378 20 714 584 583
CTRIA3 1379 20 764 621 821
CTRIA3 1380 20 794 547 546
CTRIA3 1381 20 831 712 762
CTRIA3 1382 20 831 762 761
CTRIA3 1383 20 794 795 739
CTRIA3 1384 20 808 719 835
CTRIA3 1385 20 828 719 720
CTRIA3 1386 20 707 717 793
CTRIA3 1387 20 802 659 660
CTRIA3 1388 20 765 744 767
CTRIA3 1389 20 649 709 648
CTRIA3 1390 20 718 808 797
CTRIA3 1391 20 799 627 626
CTRIA3 1392 20 646 790 645
CTRIA3 1393 20 740 751 742
CTRIA3 1394 20 683 684 795
CTRIA3 1395 20 626 798 799
CTRIA3 1396 20 797 655 656
CTRIA3 1397 20 842 843 711
CTRIA3 1398 20 711 843 841
CTRIA3 1399 20 841 843 757
CTRIA3 1400 20 841 757 756
CTRIA3 1401 20 844 843 842
CTRIA3 1402 20 844 842 650
CTRIA3 1403 20 769 817 674
CTRIA3 1404 20 795 745 827
CTRIA3 1405 20 745 795 684
CTRIA3 1406 20 680 143 144
CTRIA3 1407 20 819 620 619
CTRIA3 1408 20 819 817 821
CTRIA3 1409 20 803 732 793
CTRIA3 1410 20 793 732 752
CTRIA3 1411 20 620 819 821
CTRIA3 1412 20 141 734 140
CTRIA3 1413 20 678 592 705
CTRIA3 1414 20 820 796 838
CTRIA3 1415 20 582 714 583
CTRIA3 1416 20 664 598 597
CTRIA3 1417 20 770 634 635
CTRIA3 1418 20 770 740 741
CTRIA3 1419 20 817 816 821
CTRIA3 1420 20 743 816 741
CTRIA3 1421 20 650 842 649
CTRIA3 1422 20 820 840 720
CTRIA3 1423 20 762 841 756
CTRIA3 1424 20 645 725 644
CTRIA3 1425 20 840 820 838
CTRIA3 1426 20 505 749 558
CTRIA3 1427 20 634 771 633
CTRIA3 1428 20 674 771 769
CTRIA3 1429 20 771 674 633
CTRIA3 1430 20 727 660 661
CTRIA3 1431 20 729 727 661
CTRIA3 1432 20 796 718 797
CTRIA3 1433 20 754 784 736
CTRIA3 1434 20 844 845 843
CTRIA3 1435 20 843 845 757
CTRIA3 1436 20 757 845 758
CTRIA3 1437 20 673 674 817
CTRIA3 1438 20 846 845 844
CTRIA3 1439 20 846 844 651
CTRIA3 1440 20 715 840 838
CTRIA3 1441 20 840 715 716
CTRIA3 1442 20 579 686 580
CTRIA3 1443 20 838 796 837
CTRIA3 1444 20 717 715 838
CTRIA3 1445 20 809 827 782
CTRIA3 1446 20 651 844 650
CTRIA3 1447 20 643 768 642
CTRIA3 1448 20 811 597 514
CTRIA3 1449 20 827 809 839
CTRIA3 1450 20 507 766 560
CTRIA3 1451 20 766 559 560
CTRIA3 1452 20 825 827 745
CTRIA3 1453 20 825 745 629
CTRIA3 1454 20 151 773 150
CTRIA3 1455 20 773 151 748
CTRIA3 1456 20 550 671 551
CTRIA3 1457 20 846 847 845
CTRIA3 1458 20 845 847 758
CTRIA3 1459 20 758 847 815
CTRIA3 1460 20 758 815 695
CTRIA3 1461 20 834 847 846
CTRIA3 1462 20 834 846 652
CTRIA3 1463 20 796 703 837
CTRIA3 1464 20 740 770 753
CTRIA3 1465 20 753 770 635
CTRIA3 1466 20 652 846 651
CTRIA3 1467 20 815 830 818
CTRIA3 1468 20 641 778 640
CTRIA3 1469 20 565 778 512
CTRIA3 1470 20 705 592 591
CTRIA3 1471 20 835 834 653
CTRIA3 1472 20 834 830 847
CTRIA3 1473 20 847 830 815
CTRIA3 1474 20 722 140 734
CTRIA3 1475 20 703 656 657
CTRIA3 1476 20 818 828 824
CTRIA3 1477 20 653 834 652
CTRIA3 1478 20 818 824 697
CTRIA3 1479 20 654 835 653
CTRIA3 1480 20 544 685 545
CTRIA3 1481 20 808 835 654
CTRIA3 1482 20 829 835 719
CTRIA3 1483 20 830 828 818
CTRIA3 1484 20 151 672 748
CTRIA3 1485 20 655 808 654
CTRIA3 1486 20 824 720 840
CTRIA3 1487 20 824 840 823
CTRIA3 1488 20 640 778 836
CTRIA3 1489 20 772 514 568
CTRIA3 1490 20 828 720 824
CTRIA3 1491 20 836 778 565
CTRIA3 1492 20 836 566 639
CTRIA3 1493 30 848 850 849
CTRIA3 1494 30 549 848 548
CTRIA3 1495 30 850 848 851
CTRIA3 1496 30 850 851 553
CTRIA3 1497 30 849 850 556
CTRIA3 1498 30 556 850 555
CTRIA3 1499 30 851 64 6
CTRIA3 1500 30 63 851 848
CTRIA3 1501 30 849 545 546
CTRIA3 1502 30 849 547 848
CTRIA3 1503 30 547 849 546
CTRIA3 1504 30 553 851 554
CTRIA3 1505 30 554 851 6
CTRIA3 1506 30 849 556 557
CTRIA3 1507 30 849 557 502
CTRIA3 1508 30 545 849 544
CTRIA3 1509 30 544 849 502
CTRIA3 1510 30 63 852 62
CTRIA3 1511 30 852 63 848
CTRIA3 1512 30 555 850 503
CTRIA3 1513 30 850 553 552
CTRIA3 1514 30 850 552 503
CTRIA3 1515 30 848 547 548
CTRIA3 1516 30 549 852 848
CTRIA3 1517 30 550 852 549
CTRIA3 1518 30 62 852 4
CTRIA3 1519 30 851 63 64
CTRIA3 1520 30 852 550 551
CTRIA3 1521 30 852 551 4
CTRIA3 1522 50001 853 855 854
CTRIA3 1523 50001 853 854 856
CTRIA3 1524 50001 857 859 858
CTRIA3 1525 50001 860 862 861
CTRIA3 1526 50001 857 858 593
CTRIA3 1527 50001 863 864 598
CTRIA3 1528 50001 865 860 866
CTRIA3 1529 50001 853 867 855
CTRIA3 1530 50001 868 870 869
CTRIA3 1531 50001 868 869 612
CTRIA3 1532 50001 871 873 872
CTRIA3 1533 50001 874 876 875
CTRIA3 1534 50001 871 872 615
CTRIA3 1535 50001 859 857 877
CTRIA3 1536 50001 878 865 879
CTRIA3 1537 50001 880 859 856
CTRIA3 1538 50001 872 881 614
CTRIA3 1539 50001 882 868 613
CTRIA3 1540 50001 883 878 884
CTRIA3 1541 50001 877 856 859
CTRIA3 1542 50001 885 869 870
CTRIA3 1543 50001 882 614 881
CTRIA3 1544 50001 886 883 887
CTRIA3 1545 50001 876 871 888
CTRIA3 1546 50001 889 891 890
CTRIA3 1547 50001 890 891 611
CTRIA3 1548 50001 888 871 616
CTRIA3 1549 50001 873 871 876
CTRIA3 1550 50001 892 894 893
CTRIA3 1551 50001 893 894 610
CTRIA3 1552 50001 873 876 874
CTRIA3 1553 50001 881 873 887
CTRIA3 1554 50001 895 897 896
CTRIA3 1555 50001 896 897 609
CTRIA3 1556 50001 862 899 898
CTRIA3 1557 50001 881 872 873
CTRIA3 1558 50001 900 902 901
CTRIA3 1559 50001 901 902 608
CTRIA3 1560 50001 887 873 874
CTRIA3 1561 50001 854 904 903
CTRIA3 1562 50001 905 907 906
CTRIA3 1563 50001 906 907 607
CTRIA3 1564 50001 854 863 904
CTRIA3 1565 50001 904 863 599
CTRIA3 1566 50001 908 910 909
CTRIA3 1567 50001 909 910 606
CTRIA3 1568 50001 899 912 911
CTRIA3 1569 50001 882 613 614
CTRIA3 1570 50001 913 915 914
CTRIA3 1571 50001 914 915 605
CTRIA3 1572 50001 870 868 882
CTRIA3 1573 50001 890 869 885
CTRIA3 1574 50001 916 918 917
CTRIA3 1575 50001 917 918 604
CTRIA3 1576 50001 890 885 866
CTRIA3 1577 50001 882 881 884
CTRIA3 1578 50001 919 921 920
CTRIA3 1579 50001 920 921 603
CTRIA3 1580 50001 912 923 922
CTRIA3 1581 50001 893 891 889
CTRIA3 1582 50001 924 926 925
CTRIA3 1583 50001 925 926 602
CTRIA3 1584 50001 893 889 861
CTRIA3 1585 50001 896 894 892
CTRIA3 1586 50001 927 929 928
CTRIA3 1587 50001 928 929 601
CTRIA3 1588 50001 896 892 898
CTRIA3 1589 50001 879 870 884
CTRIA3 1590 50001 903 904 930
CTRIA3 1591 50001 930 904 600
CTRIA3 1592 50001 923 932 931
CTRIA3 1593 50001 901 897 895
CTRIA3 1594 50001 884 881 887
CTRIA3 1595 50001 886 933 883
CTRIA3 1596 50001 901 895 911
CTRIA3 1597 50001 906 902 900
CTRIA3 1598 50001 855 863 854
CTRIA3 1599 50001 906 900 922
CTRIA3 1600 50001 886 934 933
CTRIA3 1601 50001 932 936 935
CTRIA3 1602 50001 909 907 905
CTRIA3 1603 50001 909 905 931
CTRIA3 1604 50001 933 934 579
CTRIA3 1605 50001 877 857 594
CTRIA3 1606 50001 914 910 908
CTRIA3 1607 50001 914 908 935
CTRIA3 1608 50001 937 858 859
CTRIA3 1609 50001 883 938 878
CTRIA3 1610 50001 883 933 938
CTRIA3 1611 50001 936 940 939
CTRIA3 1612 50001 938 933 580
CTRIA3 1613 50001 878 941 865
CTRIA3 1614 50001 917 915 913
CTRIA3 1615 50001 917 913 939
CTRIA3 1616 50001 878 938 941
CTRIA3 1617 50001 941 938 581
CTRIA3 1618 50001 920 918 916
CTRIA3 1619 50001 920 916 942
CTRIA3 1620 50001 865 943 860
CTRIA3 1621 50001 865 941 943
CTRIA3 1622 50001 943 941 582
CTRIA3 1623 50001 940 944 942
CTRIA3 1624 50001 936 945 940
CTRIA3 1625 50001 936 946 945
CTRIA3 1626 50001 925 921 919
CTRIA3 1627 50001 925 919 947
CTRIA3 1628 50001 945 946 589
CTRIA3 1629 50001 932 946 936
CTRIA3 1630 50001 928 926 924
CTRIA3 1631 50001 928 924 948
CTRIA3 1632 50001 932 949 946
CTRIA3 1633 50001 946 949 588
CTRIA3 1634 50001 923 949 932
CTRIA3 1635 50001 944 950 947
CTRIA3 1636 50001 923 951 949
CTRIA3 1637 50001 949 951 587
CTRIA3 1638 50001 930 929 927
CTRIA3 1639 50001 930 927 880
CTRIA3 1640 50001 912 951 923
CTRIA3 1641 50001 912 952 951
CTRIA3 1642 50001 951 952 586
CTRIA3 1643 50001 899 952 912
CTRIA3 1644 50001 899 953 952
CTRIA3 1645 50001 952 953 585
CTRIA3 1646 50001 860 954 862
CTRIA3 1647 50001 950 937 948
CTRIA3 1648 50001 860 943 954
CTRIA3 1649 50001 954 943 583
CTRIA3 1650 50001 877 955 853
CTRIA3 1651 50001 877 853 856
CTRIA3 1652 50001 862 953 899
CTRIA3 1653 50001 862 954 953
CTRIA3 1654 50001 953 954 584
CTRIA3 1655 50001 940 956 944
CTRIA3 1656 50001 940 945 956
CTRIA3 1657 50001 956 945 590
CTRIA3 1658 50001 956 957 950
CTRIA3 1659 50001 944 956 950
CTRIA3 1660 50001 956 591 957
CTRIA3 1661 50001 957 858 937
CTRIA3 1662 50001 950 957 937
CTRIA3 1663 50001 957 592 858
CTRIA3 1664 50001 949 587 588
CTRIA3 1665 50001 951 586 587
CTRIA3 1666 50001 958 578 934
CTRIA3 1667 50001 946 588 589
CTRIA3 1668 50001 959 577 960
CTRIA3 1669 50001 958 960 578
CTRIA3 1670 50001 577 959 961
CTRIA3 1671 50001 952 585 586
CTRIA3 1672 50001 875 876 962
CTRIA3 1673 50001 945 589 590
CTRIA3 1674 50001 871 615 616
CTRIA3 1675 50001 872 614 615
CTRIA3 1676 50001 882 884 870
CTRIA3 1677 50001 958 934 886
CTRIA3 1678 50001 958 886 874
CTRIA3 1679 50001 959 960 875
CTRIA3 1680 50001 959 875 962
CTRIA3 1681 50001 963 964 961
CTRIA3 1682 50001 963 961 959
CTRIA3 1683 50001 962 963 959
CTRIA3 1684 50001 965 864 966
CTRIA3 1685 50001 864 965 597
CTRIA3 1686 50001 598 864 597
CTRIA3 1687 50001 853 955 867
CTRIA3 1688 50001 967 867 955
CTRIA3 1689 50001 955 595 967
CTRIA3 1690 50001 574 969 968
CTRIA3 1691 50001 969 574 963
CTRIA3 1692 50001 574 575 963
CTRIA3 1693 50001 966 570 965
CTRIA3 1694 50001 570 966 970
CTRIA3 1695 50001 569 570 970
CTRIA3 1696 50001 864 855 966
CTRIA3 1697 50001 855 864 863
CTRIA3 1698 50001 875 960 958
CTRIA3 1699 50001 958 874 875
CTRIA3 1700 50001 855 867 970
CTRIA3 1701 50001 970 867 971
CTRIA3 1702 50001 971 867 967
CTRIA3 1703 50001 971 506 569
CTRIA3 1704 50001 971 569 970
CTRIA3 1705 50001 856 903 880
CTRIA3 1706 50001 953 584 585
CTRIA3 1707 50001 880 927 948
CTRIA3 1708 50001 948 937 880
CTRIA3 1709 50001 948 924 947
CTRIA3 1710 50001 947 950 948
CTRIA3 1711 50001 947 919 942
CTRIA3 1712 50001 942 944 947
CTRIA3 1713 50001 942 916 939
CTRIA3 1714 50001 939 940 942
CTRIA3 1715 50001 939 913 935
CTRIA3 1716 50001 935 936 939
CTRIA3 1717 50001 935 908 931
CTRIA3 1718 50001 963 962 969
CTRIA3 1719 50001 855 970 966
CTRIA3 1720 50001 931 932 935
CTRIA3 1721 50001 962 888 969
CTRIA3 1722 50001 888 962 876
CTRIA3 1723 50001 931 905 922
CTRIA3 1724 50001 956 590 591
CTRIA3 1725 50001 868 612 613
CTRIA3 1726 50001 922 923 931
CTRIA3 1727 50001 869 611 612
CTRIA3 1728 50001 891 610 611
CTRIA3 1729 50001 922 900 911
CTRIA3 1730 50001 910 605 606
CTRIA3 1731 50001 915 604 605
CTRIA3 1732 50001 967 595 596
CTRIA3 1733 50001 911 912 922
CTRIA3 1734 50001 870 879 885
CTRIA3 1735 50001 857 593 594
CTRIA3 1736 50001 577 961 576
CTRIA3 1737 50001 911 895 898
CTRIA3 1738 50001 890 866 889
CTRIA3 1739 50001 890 611 869
CTRIA3 1740 50001 898 899 911
CTRIA3 1741 50001 898 892 861
CTRIA3 1742 50001 893 861 892
CTRIA3 1743 50001 893 610 891
CTRIA3 1744 50001 972 616 617
CTRIA3 1745 50001 861 862 898
CTRIA3 1746 50001 896 898 895
CTRIA3 1747 50001 896 609 894
CTRIA3 1748 50001 861 889 866
CTRIA3 1749 50001 901 911 900
CTRIA3 1750 50001 901 608 897
CTRIA3 1751 50001 866 860 861
CTRIA3 1752 50001 906 922 905
CTRIA3 1753 50001 906 607 902
CTRIA3 1754 50001 866 885 879
CTRIA3 1755 50001 909 931 908
CTRIA3 1756 50001 909 606 907
CTRIA3 1757 50001 879 865 866
CTRIA3 1758 50001 914 935 913
CTRIA3 1759 50001 914 605 910
CTRIA3 1760 50001 943 582 583
CTRIA3 1761 50001 917 939 916
CTRIA3 1762 50001 884 878 879
CTRIA3 1763 50001 917 604 915
CTRIA3 1764 50001 957 591 592
CTRIA3 1765 50001 887 883 884
CTRIA3 1766 50001 874 886 887
CTRIA3 1767 50001 954 583 584
CTRIA3 1768 50001 969 888 972
CTRIA3 1769 50001 888 616 972
CTRIA3 1770 50001 509 964 575
CTRIA3 1771 50001 920 942 919
CTRIA3 1772 50001 575 964 963
CTRIA3 1773 50001 972 968 969
CTRIA3 1774 50001 968 573 574
CTRIA3 1775 50001 920 603 918
CTRIA3 1776 50001 571 965 570
CTRIA3 1777 50001 961 964 576
CTRIA3 1778 50001 960 577 578
CTRIA3 1779 50001 576 964 508
CTRIA3 1780 50001 925 947 924
CTRIA3 1781 50001 925 602 921
CTRIA3 1782 50001 964 509 508
CTRIA3 1783 50001 928 948 927
CTRIA3 1784 50001 971 967 596
CTRIA3 1785 50001 928 601 926
CTRIA3 1786 50001 934 578 579
CTRIA3 1787 50001 971 596 507
CTRIA3 1788 50001 930 880 903
CTRIA3 1789 50001 930 600 929
CTRIA3 1790 50001 506 971 507
CTRIA3 1791 50001 854 903 856
CTRIA3 1792 50001 597 965 514
CTRIA3 1793 50001 894 609 610
CTRIA3 1794 50001 933 579 580
CTRIA3 1795 50001 965 571 514
CTRIA3 1796 50001 968 972 617
CTRIA3 1797 50001 968 617 513
CTRIA3 1798 50001 877 594 955
CTRIA3 1799 50001 897 608 609
CTRIA3 1800 50001 573 968 513
CTRIA3 1801 50001 863 598 599
CTRIA3 1802 50001 938 580 581
CTRIA3 1803 50001 902 607 608
CTRIA3 1804 50001 859 880 937
CTRIA3 1805 50001 904 599 600
CTRIA3 1806 50001 858 592 593
CTRIA3 1807 50001 929 600 601
CTRIA3 1808 50001 955 594 595
CTRIA3 1809 50001 926 601 602
CTRIA3 1810 50001 941 581 582
CTRIA3 1811 50001 907 606 607
CTRIA3 1812 50001 921 602 603
CTRIA3 1813 50001 918 603 604
ENDDATA
