# vtk DataFile Version 3.0
eMachineSim structural displacement result
ASCII
DATASET UNSTRUCTURED_GRID
POINTS 965 double
8.019999999999999e-02 0.000000000000000e+00 0.000000000000000e+00
7.409513850740519e-02 3.069121127568020e-02 0.000000000000000e+00
4.500000000000000e-02 0.000000000000000e+00 0.000000000000000e+00
4.157457896300790e-02 1.722075445642904e-02 0.000000000000000e+00
3.000000000000000e-02 0.000000000000000e+00 0.000000000000000e+00
2.771638597533860e-02 1.148050297095269e-02 0.000000000000000e+00
7.847095003885195e-02 5.999999999999995e-03 0.000000000000000e+00
7.711913299813174e-02 5.999999999999995e-03 0.000000000000000e+00
7.493260285842943e-02 7.360203582955274e-03 0.000000000000000e+00
7.440438609596817e-02 6.511094018850059e-03 0.000000000000000e+00
5.606361951129549e-02 1.792057608801316e-02 0.000000000000000e+00
5.659183627375675e-02 1.876968565211837e-02 0.000000000000000e+00
5.312851523103124e-02 2.092415935714629e-02 0.000000000000000e+00
5.721975227245944e-02 2.261880522658903e-02 0.000000000000000e+00
7.810937152746876e-02 9.623724828976162e-03 0.000000000000000e+00
5.849341661861726e-02 2.182648008289715e-02 0.000000000000000e+00
7.683418320328994e-02 1.041699801373406e-02 0.000000000000000e+00
7.969999999999999e-02 0.000000000000000e+00 0.000000000000000e+00
7.363319874114954e-02 3.049986955949765e-02 0.000000000000000e+00
8.019264705170796e-02 1.085982891299095e-03 0.000000000000000e+00
8.017058955510736e-02 2.171766651025986e-03 0.000000000000000e+00
8.013383155477757e-02 3.257152184122270e-03 0.000000000000000e+00
8.008237979086014e-02 4.341940468550459e-03 0.000000000000000e+00
8.001624369782284e-02 5.425932591787853e-03 0.000000000000000e+00
7.993543540272986e-02 6.508929787299972e-03 0.000000000000000e+00
7.983996972301798e-02 7.590733470987588e-03 0.000000000000000e+00
7.972986416377964e-02 8.671145277600122e-03 0.000000000000000e+00
7.960513891455308e-02 9.749967097108942e-03 0.000000000000000e+00
7.946581684562029e-02 1.082700111103387e-02 0.000000000000000e+00
7.931192350381346e-02 1.190204982871619e-02 0.000000000000000e+00
7.914348710783040e-02 1.297491612353171e-02 0.000000000000000e+00
7.896053854306041e-02 1.404540326903676e-02 0.000000000000000e+00
7.876311135592091e-02 1.511331497504111e-02 0.000000000000000e+00
7.855124174770607e-02 1.617845542360076e-02 0.000000000000000e+00
7.832496856794895e-02 1.724062930492412e-02 0.000000000000000e+00
7.808433330729767e-02 1.829964185318511e-02 0.000000000000000e+00
7.782938008990754e-02 1.935529888223640e-02 0.000000000000000e+00
7.756015566535029e-02 2.040740682121641e-02 0.000000000000000e+00
7.727670940004167e-02 2.145577275004353e-02 0.000000000000000e+00
7.697909326818947e-02 2.250020443479092e-02 0.000000000000000e+00
7.666736184226323e-02 2.354051036293559e-02 0.000000000000000e+00
7.634157228298756e-02 2.457649977847507e-02 0.000000000000000e+00
7.600178432886075e-02 2.560798271690559e-02 0.000000000000000e+00
7.564806028520096e-02 2.663477004005480e-02 0.000000000000000e+00
7.528046501272147e-02 2.765667347076324e-02 0.000000000000000e+00
7.489906591563750e-02 2.867350562740783e-02 0.000000000000000e+00
7.450393292930665e-02 2.968508005826115e-02 0.000000000000000e+00
4.495716997118360e-02 1.962872431440112e-03 0.000000000000000e+00
4.482876141412855e-02 3.922008423644608e-03 0.000000000000000e+00
4.461501876182147e-02 5.873678649902309e-03 0.000000000000000e+00
4.431634888554936e-02 7.814167995011851e-03 0.000000000000000e+00
4.393332032039700e-02 9.739782627214632e-03 0.000000000000000e+00
4.346666218300807e-02 1.164685702961344e-02 0.000000000000000e+00
4.291726278367021e-02 1.353176097769229e-02 0.000000000000000e+00
4.228616793536587e-02 1.539090644965511e-02 0.000000000000000e+00
2.985554180016591e-02 2.940514209886804e-03 0.000000000000000e+00
2.942355841209691e-02 5.852709660483837e-03 0.000000000000000e+00
2.870821007196626e-02 8.708540317633877e-03 0.000000000000000e+00
3.375000000000001e-02 0.000000000000000e+00 0.000000000000000e+00
3.750000000000003e-02 0.000000000000000e+00 0.000000000000000e+00
4.125000000000001e-02 0.000000000000000e+00 0.000000000000000e+00
3.811003071609056e-02 1.578569158505995e-02 0.000000000000000e+00
3.464548246917323e-02 1.435062871369086e-02 0.000000000000000e+00
3.118093422225592e-02 1.291556584232178e-02 0.000000000000000e+00
7.779874115141908e-02 5.999999999999995e-03 0.000000000000000e+00
7.644246550159045e-02 6.420943455821808e-03 0.000000000000000e+00
7.565613890679919e-02 6.910103990217051e-03 0.000000000000000e+00
5.560728033784767e-02 1.938216132182295e-02 0.000000000000000e+00
5.437260181987482e-02 2.015023403824717e-02 0.000000000000000e+00
5.449226091150731e-02 2.148904131362720e-02 0.000000000000000e+00
5.585600659198337e-02 2.205392327010812e-02 0.000000000000000e+00
7.819976615531456e-02 8.717793621732120e-03 0.000000000000000e+00
7.829016078316035e-02 7.811862414488083e-03 0.000000000000000e+00
7.838055541100615e-02 6.905931207244040e-03 0.000000000000000e+00
7.747369636957623e-02 1.001916764115656e-02 0.000000000000000e+00
7.540799794464455e-02 8.124402190649967e-03 0.000000000000000e+00
7.588339303085968e-02 8.888600798344661e-03 0.000000000000000e+00
7.635878811707481e-02 9.652799406039358e-03 0.000000000000000e+00
5.792216430961165e-02 2.218184652554161e-02 0.000000000000000e+00
5.801802153240213e-02 2.106228147520246e-02 0.000000000000000e+00
5.754262644618701e-02 2.029808286750777e-02 0.000000000000000e+00
5.706723135997188e-02 1.953388425981307e-02 0.000000000000000e+00
5.689729071968971e-02 1.740196326668756e-02 0.000000000000000e+00
5.773096192808392e-02 1.688335044536196e-02 0.000000000000000e+00
5.856463313647813e-02 1.636473762403637e-02 0.000000000000000e+00
5.939830434487235e-02 1.584612480271077e-02 0.000000000000000e+00
6.023197555326656e-02 1.532751198138517e-02 0.000000000000000e+00
6.106564676166078e-02 1.480889916005958e-02 0.000000000000000e+00
6.189931797005500e-02 1.429028633873398e-02 0.000000000000000e+00
6.273298917844922e-02 1.377167351740838e-02 0.000000000000000e+00
6.356666038684342e-02 1.325306069608279e-02 0.000000000000000e+00
6.440033159523763e-02 1.273444787475719e-02 0.000000000000000e+00
6.523400280363184e-02 1.221583505343160e-02 0.000000000000000e+00
6.606767401202605e-02 1.169722223210600e-02 0.000000000000000e+00
6.690134522042027e-02 1.117860941078041e-02 0.000000000000000e+00
6.773501642881448e-02 1.065999658945482e-02 0.000000000000000e+00
6.856868763720869e-02 1.014138376812922e-02 0.000000000000000e+00
6.940235884560290e-02 9.622770946803626e-03 0.000000000000000e+00
7.023603005399712e-02 9.104158125478032e-03 0.000000000000000e+00
7.106970126239132e-02 8.585545304152436e-03 0.000000000000000e+00
7.190337247078554e-02 8.066932482826842e-03 0.000000000000000e+00
7.273704367917974e-02 7.548319661501246e-03 0.000000000000000e+00
7.357071488757395e-02 7.029706840175653e-03 0.000000000000000e+00
7.600051199489573e-02 1.093561083505965e-02 0.000000000000000e+00
7.516684078650152e-02 1.145422365638525e-02 0.000000000000000e+00
7.433316957810730e-02 1.197283647771084e-02 0.000000000000000e+00
7.349949836971309e-02 1.249144929903644e-02 0.000000000000000e+00
7.266582716131886e-02 1.301006212036204e-02 0.000000000000000e+00
7.183215595292465e-02 1.352867494168763e-02 0.000000000000000e+00
7.099848474453044e-02 1.404728776301323e-02 0.000000000000000e+00
7.016481353613623e-02 1.456590058433883e-02 0.000000000000000e+00
6.933114232774201e-02 1.508451340566442e-02 0.000000000000000e+00
6.849747111934780e-02 1.560312622699002e-02 0.000000000000000e+00
6.766379991095359e-02 1.612173904831561e-02 0.000000000000000e+00
6.683012870255937e-02 1.664035186964121e-02 0.000000000000000e+00
6.599645749416516e-02 1.715896469096680e-02 0.000000000000000e+00
6.516278628577095e-02 1.767757751229240e-02 0.000000000000000e+00
6.432911507737674e-02 1.819619033361799e-02 0.000000000000000e+00
6.349544386898252e-02 1.871480315494358e-02 0.000000000000000e+00
6.266177266058831e-02 1.923341597626918e-02 0.000000000000000e+00
6.182810145219410e-02 1.975202879759477e-02 0.000000000000000e+00
6.099443024379990e-02 2.027064161892037e-02 0.000000000000000e+00
6.016075903540569e-02 2.078925444024596e-02 0.000000000000000e+00
5.932708782701147e-02 2.130786726157156e-02 0.000000000000000e+00
7.872343567392838e-02 0.000000000000000e+00 0.000000000000000e+00
7.774524190988621e-02 0.000000000000000e+00 0.000000000000000e+00
7.672728353790256e-02 0.000000000000000e+00 0.000000000000000e+00
7.545056657985581e-02 0.000000000000000e+00 0.000000000000000e+00
7.367193303991186e-02 0.000000000000000e+00 0.000000000000000e+00
7.119331420649892e-02 0.000000000000000e+00 0.000000000000000e+00
6.828376506331482e-02 0.000000000000000e+00 0.000000000000000e+00
6.537329443040046e-02 0.000000000000000e+00 0.000000000000000e+00
6.246282379748611e-02 0.000000000000000e+00 0.000000000000000e+00
5.955235316457176e-02 0.000000000000000e+00 0.000000000000000e+00
5.664188253165740e-02 0.000000000000000e+00 0.000000000000000e+00
5.373141189874306e-02 0.000000000000000e+00 0.000000000000000e+00
5.082094126582870e-02 0.000000000000000e+00 0.000000000000000e+00
4.791047063291435e-02 0.000000000000000e+00 0.000000000000000e+00
7.273097094811130e-02 3.012615457127127e-02 0.000000000000000e+00
7.182723775068257e-02 2.975181602412948e-02 0.000000000000000e+00
7.088676684585836e-02 2.936226022033400e-02 0.000000000000000e+00
6.970723417950890e-02 2.887368179266996e-02 0.000000000000000e+00
6.806399105611659e-02 2.819302820468454e-02 0.000000000000000e+00
6.577404584702938e-02 2.724450184198932e-02 0.000000000000000e+00
6.308597294480583e-02 2.613106558924072e-02 0.000000000000000e+00
6.039704869708110e-02 2.501727669763926e-02 0.000000000000000e+00
5.770812444935635e-02 2.390348780603780e-02 0.000000000000000e+00
5.501920020163161e-02 2.278969891443634e-02 0.000000000000000e+00
5.233027595390687e-02 2.167591002283488e-02 0.000000000000000e+00
4.964135170618213e-02 2.056212113123342e-02 0.000000000000000e+00
4.695242745845739e-02 1.944833223963196e-02 0.000000000000000e+00
4.426350321073264e-02 1.833454334803050e-02 0.000000000000000e+00
7.969399873657981e-02 9.780416013718649e-04 0.000000000000000e+00
7.967599585008747e-02 1.955935913276093e-03 0.000000000000000e+00
7.964599405169145e-02 2.933535668426279e-03 0.000000000000000e+00
7.960399785955223e-02 3.910693643895228e-03 0.000000000000000e+00
7.955001359814189e-02 4.887262683286032e-03 0.000000000000000e+00
7.948404939729160e-02 5.863095718893499e-03 0.000000000000000e+00
7.940611519096739e-02 6.838045793851861e-03 0.000000000000000e+00
7.931622271577408e-02 7.811966084265978e-03 0.000000000000000e+00
7.921438550918777e-02 8.784709921322475e-03 0.000000000000000e+00
7.910061890751718e-02 9.756130813377558e-03 0.000000000000000e+00
7.897494004359407e-02 1.072608246801798e-02 0.000000000000000e+00
7.883736784419303e-02 1.169441881409235e-02 0.000000000000000e+00
7.868792302718131e-02 1.266099402370877e-02 0.000000000000000e+00
7.852662809839861e-02 1.362566253419602e-02 0.000000000000000e+00
7.835350734826793e-02 1.458827907002474e-02 0.000000000000000e+00
7.816858684813745e-02 1.554869866468546e-02 0.000000000000000e+00
7.797189444635431e-02 1.650677668251985e-02 0.000000000000000e+00
7.776345976407072e-02 1.746236884050256e-02 0.000000000000000e+00
7.754331419078313e-02 1.841533122996952e-02 0.000000000000000e+00
7.731149087960514e-02 1.936552033829016e-02 0.000000000000000e+00
7.706802474227470e-02 2.031279307047984e-02 0.000000000000000e+00
7.681295244389655e-02 2.125700677074942e-02 0.000000000000000e+00
7.654631239742059e-02 2.219801924398875e-02 0.000000000000000e+00
7.626814475785704e-02 2.313568877718067e-02 0.000000000000000e+00
7.597849141622924e-02 2.406987416074248e-02 0.000000000000000e+00
7.567739599326499e-02 2.500043470979169e-02 0.000000000000000e+00
7.536490383282753e-02 2.592723028533239e-02 0.000000000000000e+00
7.504106199508673e-02 2.685012131535997e-02 0.000000000000000e+00
7.470591924943221e-02 2.776896881587996e-02 0.000000000000000e+00
7.435952606712867e-02 2.868363441183858e-02 0.000000000000000e+00
7.400193461371526e-02 2.959398035796148e-02 0.000000000000000e+00
7.616456651741131e-02 1.309454344912628e-02 0.000000000000000e+00
7.602919893968138e-02 1.210273323796586e-02 0.000000000000000e+00
7.518582757083826e-02 1.264220993136925e-02 0.000000000000000e+00
7.699202422467777e-02 1.266471369538246e-02 0.000000000000000e+00
6.360529264127136e-02 2.050490491239772e-02 0.000000000000000e+00
6.489475632186129e-02 1.908730640893339e-02 0.000000000000000e+00
5.633886798731350e-02 1.586114084921480e-02 0.000000000000000e+00
4.663816574161909e-02 1.467724461486356e-02 0.000000000000000e+00
4.413703287970064e-02 1.553157745926379e-02 0.000000000000000e+00
4.606878992811572e-02 1.704540575899814e-02 0.000000000000000e+00
7.826976280272513e-02 7.432444364945910e-04 0.000000000000000e+00
7.877640187593218e-02 1.629026517398669e-03 0.000000000000000e+00
7.903271981783311e-02 6.700625110530253e-04 0.000000000000000e+00
6.475901531920850e-02 2.366871183546863e-02 0.000000000000000e+00
6.618248996879759e-02 2.110504254408264e-02 0.000000000000000e+00
7.031332065022593e-02 7.146579814073002e-03 0.000000000000000e+00
6.804552819634425e-02 2.256112300665274e-02 0.000000000000000e+00
6.766719517956483e-02 2.563700741169589e-02 0.000000000000000e+00
7.245773388965991e-02 6.042800632724697e-03 0.000000000000000e+00
6.141546988010058e-02 2.197302291666998e-02 0.000000000000000e+00
4.690933225270382e-02 4.737022860642912e-03 0.000000000000000e+00
4.895678845548618e-02 2.770460788336006e-03 0.000000000000000e+00
4.644170095134682e-02 2.216609201369645e-03 0.000000000000000e+00
5.858924155338568e-02 1.495999686293909e-02 0.000000000000000e+00
5.989383743141161e-02 1.325131416325470e-02 0.000000000000000e+00
5.710783086697194e-02 1.310915175703274e-02 0.000000000000000e+00
5.742171004678052e-02 1.033004524613447e-02 0.000000000000000e+00
5.921055196362973e-02 2.270166354839289e-02 0.000000000000000e+00
6.417677698008223e-02 8.094013102573266e-03 0.000000000000000e+00
6.311331820699839e-02 5.883422837909102e-03 0.000000000000000e+00
6.191369982406708e-02 8.157207235727024e-03 0.000000000000000e+00
7.070156607873226e-02 1.637754838994896e-02 0.000000000000000e+00
7.328733971038712e-02 1.778463373211694e-02 0.000000000000000e+00
7.324203675752608e-02 1.611241138141150e-02 0.000000000000000e+00
7.188522851045202e-02 1.946822805865654e-02 0.000000000000000e+00
6.889102660569305e-02 1.951140320336900e-02 0.000000000000000e+00
6.819622948097129e-02 1.709658535754931e-02 0.000000000000000e+00
7.425269235471881e-02 4.380034211270095e-03 0.000000000000000e+00
7.197304622785586e-02 2.891366677904284e-03 0.000000000000000e+00
7.050729472801923e-02 4.768371404030519e-03 0.000000000000000e+00
7.497031318376958e-02 2.438292389066954e-02 0.000000000000000e+00
7.457674548510146e-02 2.531253217787152e-02 0.000000000000000e+00
6.778051030359117e-02 8.053740334138700e-03 0.000000000000000e+00
6.601076338178728e-02 9.554762571845829e-03 0.000000000000000e+00
7.068596346819321e-02 2.563582258979579e-02 0.000000000000000e+00
6.970745480976769e-02 2.726227226277884e-02 0.000000000000000e+00
7.710832480605810e-02 1.667368341351656e-02 0.000000000000000e+00
7.658105355318268e-02 1.615195941552096e-02 0.000000000000000e+00
7.623394746637581e-02 1.680011745461387e-02 0.000000000000000e+00
7.573992728659834e-02 1.610977311441392e-02 0.000000000000000e+00
6.073093031273256e-02 1.050764131991837e-02 0.000000000000000e+00
6.210404636099353e-02 1.267698064685846e-02 0.000000000000000e+00
7.165333021472432e-02 2.435014218863657e-02 0.000000000000000e+00
7.014069058436431e-02 2.379857418662615e-02 0.000000000000000e+00
7.226874045828806e-02 2.518427836950479e-02 0.000000000000000e+00
7.452506478132667e-02 2.283238642837557e-02 0.000000000000000e+00
7.470539282317301e-02 2.192238075609118e-02 0.000000000000000e+00
7.357711085043903e-02 2.224512584953779e-02 0.000000000000000e+00
6.659341053511940e-02 1.832531898514884e-02 0.000000000000000e+00
7.243294893724533e-02 2.936460471511013e-02 0.000000000000000e+00
7.409227958602063e-02 1.345925412359781e-02 0.000000000000000e+00
7.706096256543046e-02 1.353437586751558e-02 0.000000000000000e+00
7.777616702809270e-02 1.310195947466210e-02 0.000000000000000e+00
7.783796961788378e-02 1.222705538690660e-02 0.000000000000000e+00
7.398107611115293e-02 2.803867938776540e-02 0.000000000000000e+00
7.313181211816308e-02 2.774531176507943e-02 0.000000000000000e+00
7.359316567389598e-02 2.869852353883383e-02 0.000000000000000e+00
7.265954831811512e-02 2.863717261940756e-02 0.000000000000000e+00
7.204230285618410e-02 2.795905386214533e-02 0.000000000000000e+00
7.240300682444158e-02 2.709386887896695e-02 0.000000000000000e+00
7.087172867460188e-02 2.822797016978019e-02 0.000000000000000e+00
7.179650879643762e-02 2.884756277594572e-02 0.000000000000000e+00
7.708328066173965e-02 1.192761473753517e-02 0.000000000000000e+00
5.212901083797709e-02 1.164253908420064e-02 0.000000000000000e+00
4.849402736625898e-02 1.217790139634284e-02 0.000000000000000e+00
5.079872753419103e-02 1.408327865753732e-02 0.000000000000000e+00
4.920210802442877e-02 9.286350980668961e-03 0.000000000000000e+00
7.811542965113902e-02 3.688780902467822e-03 0.000000000000000e+00
7.775766101167385e-02 2.979586406311402e-03 0.000000000000000e+00
7.718144017160299e-02 3.679757273560728e-03 0.000000000000000e+00
7.680413655925299e-02 2.796505235663089e-03 0.000000000000000e+00
7.580764054448004e-02 3.405362942863225e-03 0.000000000000000e+00
5.178633299357564e-02 3.332007904518207e-03 0.000000000000000e+00
4.515277029029871e-02 1.243326324103238e-02 0.000000000000000e+00
4.907563777442456e-02 1.493810582317688e-02 0.000000000000000e+00
4.835953180404893e-02 1.701366961270906e-02 0.000000000000000e+00
7.777763211813186e-02 5.384460616722883e-03 0.000000000000000e+00
7.867319526533663e-02 5.098455536724091e-03 0.000000000000000e+00
7.787312224206305e-02 4.465783345751368e-03 0.000000000000000e+00
7.124861630062071e-02 2.700612340804669e-02 0.000000000000000e+00
7.876038523196602e-02 4.200720928608606e-03 0.000000000000000e+00
5.478606096137793e-02 1.341459617454127e-02 0.000000000000000e+00
5.514736975945259e-02 1.154073705604220e-02 0.000000000000000e+00
7.419996339796409e-02 1.696692944111398e-02 0.000000000000000e+00
7.475958849933388e-02 1.771382106478094e-02 0.000000000000000e+00
7.446947531699692e-02 1.854020810112521e-02 0.000000000000000e+00
7.317529453870543e-02 2.948671756034699e-02 0.000000000000000e+00
7.252188799453671e-02 1.450139418637979e-02 0.000000000000000e+00
7.412088602710654e-02 1.497450190502222e-02 0.000000000000000e+00
7.462063305596039e-02 1.606941968532689e-02 0.000000000000000e+00
7.405360147640418e-02 1.788942038139642e-03 0.000000000000000e+00
7.602601738081416e-02 1.845830435976571e-03 0.000000000000000e+00
7.560494482571299e-02 4.603946627437764e-03 0.000000000000000e+00
7.575064415124094e-02 5.658362966756535e-03 0.000000000000000e+00
7.673065101298876e-02 4.742524817861852e-03 0.000000000000000e+00
7.823286212099803e-02 1.056101108693200e-02 0.000000000000000e+00
7.828420570055890e-02 2.333242542221264e-03 0.000000000000000e+00
7.873617609469999e-02 3.175807548316653e-03 0.000000000000000e+00
7.906429094214817e-02 2.435284796230782e-03 0.000000000000000e+00
7.742369876200726e-02 1.071239996039821e-02 0.000000000000000e+00
4.961687027719784e-02 1.864519630529120e-02 0.000000000000000e+00
5.204330405978739e-02 1.946342369055916e-02 0.000000000000000e+00
5.108773635751337e-02 1.673843485232240e-02 0.000000000000000e+00
7.628403642389084e-02 1.387853194884989e-02 0.000000000000000e+00
6.229612789575414e-02 2.419302646102002e-02 0.000000000000000e+00
7.866263819860050e-02 9.185252956972898e-03 0.000000000000000e+00
5.789879486886672e-02 2.348306940206728e-03 0.000000000000000e+00
5.653621858761846e-02 4.167859943766315e-03 0.000000000000000e+00
5.842540118239757e-02 4.876433718572955e-03 0.000000000000000e+00
5.611101551340735e-02 6.694504595521888e-03 0.000000000000000e+00
5.866875032001265e-02 7.999614825571549e-03 0.000000000000000e+00
5.320722527198659e-02 1.491941214823061e-02 0.000000000000000e+00
5.410294793315317e-02 1.777648327699508e-02 0.000000000000000e+00
6.099188024585247e-02 5.470643485697604e-03 0.000000000000000e+00
6.918781790694552e-02 2.643054490299720e-03 0.000000000000000e+00
4.635518538816238e-02 9.714738553275979e-03 0.000000000000000e+00
7.683959845389381e-02 1.438899140444256e-02 0.000000000000000e+00
7.773363658574811e-02 1.401568089016889e-02 0.000000000000000e+00
7.748821967733387e-02 1.493948102572942e-02 0.000000000000000e+00
7.771034136444349e-02 1.139515305312406e-02 0.000000000000000e+00
7.211571325849242e-02 2.621232861628740e-02 0.000000000000000e+00
4.674177129776116e-02 7.302255334341748e-03 0.000000000000000e+00
4.987195263524278e-02 6.337124767715713e-03 0.000000000000000e+00
7.425456243698574e-02 2.381172207793422e-02 0.000000000000000e+00
7.530639785943118e-02 2.337878982679263e-02 0.000000000000000e+00
6.348436449858040e-02 3.329509727781088e-03 0.000000000000000e+00
6.034574744305873e-02 2.577672568623911e-03 0.000000000000000e+00
7.644686042103505e-02 1.532875219842948e-02 0.000000000000000e+00
7.726936490507859e-02 1.581151900661090e-02 0.000000000000000e+00
7.405508186853069e-02 2.723089392101186e-02 0.000000000000000e+00
7.321198095890812e-02 2.658872516886945e-02 0.000000000000000e+00
7.432851477414226e-02 2.636117441174063e-02 0.000000000000000e+00
6.823860182556296e-02 5.404510451182745e-03 0.000000000000000e+00
6.561347782637431e-02 6.211848516468537e-03 0.000000000000000e+00
6.649000938302656e-02 3.162980801605004e-03 0.000000000000000e+00
7.550234479508541e-02 2.244498259995356e-02 0.000000000000000e+00
5.429223598545653e-02 9.207353044445917e-03 0.000000000000000e+00
5.586046844984630e-02 2.061404874340122e-03 0.000000000000000e+00
7.684686915434291e-02 1.124841830630284e-02 0.000000000000000e+00
7.543879444259372e-02 1.367908897852657e-02 0.000000000000000e+00
7.593370498563036e-02 1.459751019029863e-02 0.000000000000000e+00
7.375031782626862e-02 2.562112495492501e-02 0.000000000000000e+00
7.375365059668472e-02 1.931317489055356e-02 0.000000000000000e+00
7.724792368769387e-02 2.071989119603518e-03 0.000000000000000e+00
7.782328604623602e-02 1.464586805746439e-03 0.000000000000000e+00
7.333643778995613e-02 2.033019813543953e-02 0.000000000000000e+00
7.747833523869972e-02 6.906935034545619e-04 0.000000000000000e+00
7.350559892630550e-02 2.320425403062074e-02 0.000000000000000e+00
7.679223542043129e-02 1.012183300638760e-03 0.000000000000000e+00
6.380054285082240e-02 1.098790785925561e-02 0.000000000000000e+00
7.063277339590941e-02 2.164593881901851e-02 0.000000000000000e+00
7.259401592915664e-02 2.131446905369092e-02 0.000000000000000e+00
5.449403427232842e-02 3.790857529143182e-03 0.000000000000000e+00
7.497236081977089e-02 1.440247889165848e-02 0.000000000000000e+00
5.293875809648481e-02 6.489367892314913e-03 0.000000000000000e+00
7.397324642205891e-02 2.123588419618345e-02 0.000000000000000e+00
7.494573317796926e-02 2.111144188664460e-02 0.000000000000000e+00
7.447610388022916e-02 2.031917861277249e-02 0.000000000000000e+00
7.527615408552767e-02 1.530203123199001e-02 0.000000000000000e+00
7.326954692556360e-02 2.497144995805578e-02 0.000000000000000e+00
7.287596804658519e-02 2.576513354428707e-02 0.000000000000000e+00
7.578019771435685e-02 2.048780693027748e-02 0.000000000000000e+00
7.572059796568509e-02 2.154579025494188e-02 0.000000000000000e+00
7.875227314617406e-02 8.298286167905278e-03 0.000000000000000e+00
7.397223290681347e-02 2.471174778701660e-02 0.000000000000000e+00
7.301190885911987e-02 2.417070953326956e-02 0.000000000000000e+00
5.162070062117019e-02 8.543546748136850e-03 0.000000000000000e+00
7.215934770365617e-02 2.296132626398655e-02 0.000000000000000e+00
7.526060571205172e-02 1.693057035019610e-02 0.000000000000000e+00
7.680390583743163e-02 1.751210794374974e-02 0.000000000000000e+00
7.586069374433099e-02 1.760775083155945e-02 0.000000000000000e+00
7.649675736968109e-02 1.840632339779689e-02 0.000000000000000e+00
7.547945311427241e-02 1.845283393257399e-02 0.000000000000000e+00
7.622537282234348e-02 1.934898370209814e-02 0.000000000000000e+00
7.506735758034910e-02 1.943656563753634e-02 0.000000000000000e+00
3.954473611021921e-02 9.169455197280867e-03 0.000000000000000e+00
4.182615455172149e-02 3.614112254645492e-03 0.000000000000000e+00
3.442335582259118e-02 3.784827594529694e-03 0.000000000000000e+00
3.338300452207674e-02 8.534400456434475e-03 0.000000000000000e+00
4.036356014410402e-02 1.387086491083625e-02 0.000000000000000e+00
7.345576425073277e-02 9.368593685486664e-03 0.000000000000000e+00
7.380469162728469e-02 1.025421848758961e-02 0.000000000000000e+00
7.439908326334727e-02 9.708813018544956e-03 0.000000000000000e+00
7.283519953305791e-02 9.945579035778387e-03 0.000000000000000e+00
7.180496593203090e-02 8.837621759459180e-03 0.000000000000000e+00
7.106112782957323e-02 9.394228759401196e-03 0.000000000000000e+00
7.194488522390426e-02 9.674492619671220e-03 0.000000000000000e+00
6.338155777495104e-02 1.532768220758318e-02 0.000000000000000e+00
6.402258738238302e-02 1.590321758304799e-02 0.000000000000000e+00
6.421495786854223e-02 1.480823336055106e-02 0.000000000000000e+00
7.442326152095292e-02 1.085816738383194e-02 0.000000000000000e+00
7.514636153940756e-02 1.043053372686193e-02 0.000000000000000e+00
6.254958050494509e-02 1.585132574928688e-02 0.000000000000000e+00
6.318885663807004e-02 1.642181752892886e-02 0.000000000000000e+00
7.392988522440705e-02 8.650086037515974e-03 0.000000000000000e+00
6.283612748397333e-02 1.846005174851166e-02 0.000000000000000e+00
6.334457501369666e-02 1.794466638282969e-02 0.000000000000000e+00
6.255504080633584e-02 1.779065734745519e-02 0.000000000000000e+00
6.027606640022706e-02 1.978160473149367e-02 0.000000000000000e+00
6.109661025094934e-02 1.949967190578859e-02 0.000000000000000e+00
6.044209836120965e-02 1.890268596684191e-02 0.000000000000000e+00
5.980520665508661e-02 1.827538026444748e-02 0.000000000000000e+00
5.897808837561815e-02 1.826765031324601e-02 0.000000000000000e+00
5.955203481924587e-02 1.911697003328787e-02 0.000000000000000e+00
7.249208131422417e-02 9.053307795149648e-03 0.000000000000000e+00
6.173596673325072e-02 1.635987133437406e-02 0.000000000000000e+00
6.244615864402944e-02 1.687924597909384e-02 0.000000000000000e+00
7.229810688132757e-02 1.054255627948218e-02 0.000000000000000e+00
6.129829234201905e-02 1.870742582790501e-02 0.000000000000000e+00
6.213217522723569e-02 1.858564195058574e-02 0.000000000000000e+00
6.088343562918592e-02 1.691334797390464e-02 0.000000000000000e+00
6.161371662777199e-02 1.757027200565605e-02 0.000000000000000e+00
6.303379055380293e-02 1.728153190886200e-02 0.000000000000000e+00
6.004635005348710e-02 1.729697624119551e-02 0.000000000000000e+00
6.067705213275350e-02 1.793425434096302e-02 0.000000000000000e+00
5.939104387761135e-02 1.988083064499950e-02 0.000000000000000e+00
6.398090238037354e-02 1.672313246925548e-02 0.000000000000000e+00
6.370508889290535e-02 1.731760594656541e-02 0.000000000000000e+00
6.435329369411219e-02 1.733829705589847e-02 0.000000000000000e+00
6.481459519888808e-02 1.620452432311884e-02 0.000000000000000e+00
6.458857582100232e-02 1.677697902266398e-02 0.000000000000000e+00
6.519728998448610e-02 1.681512519237073e-02 0.000000000000000e+00
6.564826922914073e-02 1.568591211121838e-02 0.000000000000000e+00
6.542403510495978e-02 1.625758041941607e-02 0.000000000000000e+00
6.603133233392720e-02 1.629634975455704e-02 0.000000000000000e+00
6.485626638915140e-02 1.538460644426460e-02 0.000000000000000e+00
6.504858535746909e-02 1.428948151891544e-02 0.000000000000000e+00
6.648194080538428e-02 1.516729936909508e-02 0.000000000000000e+00
6.625777112538628e-02 1.573893968659290e-02 0.000000000000000e+00
6.686501706312156e-02 1.577773117254580e-02 0.000000000000000e+00
7.320584444405567e-02 1.081009651125444e-02 0.000000000000000e+00
7.370353917616622e-02 1.130742971645232e-02 0.000000000000000e+00
6.731561206164965e-02 1.464868655803786e-02 0.000000000000000e+00
6.709144476643679e-02 1.522032589093193e-02 0.000000000000000e+00
6.769868878896769e-02 1.525911815122260e-02 0.000000000000000e+00
6.814928327633882e-02 1.413007373808522e-02 0.000000000000000e+00
6.792511607721129e-02 1.470171303543369e-02 0.000000000000000e+00
6.853236001668617e-02 1.474050531503848e-02 0.000000000000000e+00
6.568993861818456e-02 1.486599384249991e-02 0.000000000000000e+00
6.588224947107051e-02 1.377084556892542e-02 0.000000000000000e+00
6.898295448558002e-02 1.361146091694507e-02 0.000000000000000e+00
6.875878728589964e-02 1.418310017685737e-02 0.000000000000000e+00
6.936603121255290e-02 1.422189227408249e-02 0.000000000000000e+00
6.981662569408564e-02 1.309284809564387e-02 0.000000000000000e+00
6.959245843336853e-02 1.366448627962435e-02 0.000000000000000e+00
7.019970207438439e-02 1.370327320642290e-02 0.000000000000000e+00
7.065029989402560e-02 1.257423421736010e-02 0.000000000000000e+00
7.042612797276834e-02 1.314584329735395e-02 0.000000000000000e+00
7.103336062823382e-02 1.318448671622204e-02 0.000000000000000e+00
6.652360995995125e-02 1.434738104965353e-02 0.000000000000000e+00
6.671591952205201e-02 1.325222889821344e-02 0.000000000000000e+00
7.148357580355623e-02 1.205419123533552e-02 0.000000000000000e+00
7.125973459084621e-02 1.262639334271884e-02 0.000000000000000e+00
7.186704926848271e-02 1.266245596533046e-02 0.000000000000000e+00
7.231568234012190e-02 1.148739405828885e-02 0.000000000000000e+00
7.209395283535987e-02 1.209295818437783e-02 0.000000000000000e+00
7.270594604878586e-02 1.210793475467369e-02 0.000000000000000e+00
7.295476954212522e-02 1.145781010488347e-02 0.000000000000000e+00
6.735728118580671e-02 1.382876823215118e-02 0.000000000000000e+00
6.754959054082432e-02 1.273361543604546e-02 0.000000000000000e+00
6.025689093919393e-02 1.622153476595826e-02 0.000000000000000e+00
5.949416890258549e-02 1.669336389233498e-02 0.000000000000000e+00
6.819095239649792e-02 1.331015541132853e-02 0.000000000000000e+00
6.838326171804660e-02 1.221500250800775e-02 0.000000000000000e+00
7.119653993166103e-02 1.029373377828780e-02 0.000000000000000e+00
6.109032083874608e-02 1.570129023102166e-02 0.000000000000000e+00
6.902462360519429e-02 1.279154259006909e-02 0.000000000000000e+00
6.920553254136816e-02 1.170796947214127e-02 0.000000000000000e+00
6.192401560904304e-02 1.518266009364742e-02 0.000000000000000e+00
6.985829481362826e-02 1.227292976875220e-02 0.000000000000000e+00
6.275768781607123e-02 1.466404706418572e-02 0.000000000000000e+00
6.994721027135788e-02 1.141972459493469e-02 0.000000000000000e+00
6.859338618672972e-02 1.103375732334781e-02 0.000000000000000e+00
6.775971497833595e-02 1.155237014467336e-02 0.000000000000000e+00
7.069196602202771e-02 1.175431694742775e-02 0.000000000000000e+00
7.152563639301100e-02 1.123571096802709e-02 0.000000000000000e+00
6.692604376995014e-02 1.207098296599840e-02 0.000000000000000e+00
7.050513439488884e-02 1.086915094388353e-02 0.000000000000000e+00
6.609237256162448e-02 1.258959578731866e-02 0.000000000000000e+00
6.525870135367892e-02 1.310820860860592e-02 0.000000000000000e+00
6.442503014813691e-02 1.362682142968653e-02 0.000000000000000e+00
6.359135895790471e-02 1.414543424951383e-02 0.000000000000000e+00
7.300830047483366e-02 8.426627187675577e-03 0.000000000000000e+00
6.942641865325218e-02 1.051486004773610e-02 0.000000000000000e+00
7.024303509802332e-02 9.996559326887786e-03 0.000000000000000e+00
5.923883417933619e-02 1.738350490482794e-02 0.000000000000000e+00
5.821027213522417e-02 1.811536201469962e-02 0.000000000000000e+00
5.854455795100474e-02 1.740292106147337e-02 0.000000000000000e+00
5.752295704646447e-02 1.798098063032521e-02 0.000000000000000e+00
5.869726354136776e-02 1.909751612422997e-02 0.000000000000000e+00
5.778780396880598e-02 1.905975351356120e-02 0.000000000000000e+00
5.698845648023543e-02 1.844447390612073e-02 0.000000000000000e+00
7.589927812215744e-02 9.987865867390179e-03 0.000000000000000e+00
7.517243084741691e-02 9.602652424301418e-03 0.000000000000000e+00
7.353165592050276e-02 7.872523475191309e-03 0.000000000000000e+00
5.850688198231919e-02 2.083239170463133e-02 0.000000000000000e+00
5.848582077126034e-02 1.994797477515378e-02 0.000000000000000e+00
7.486118783322898e-02 8.797439384227158e-03 0.000000000000000e+00
7.437691868067926e-02 7.763636504223628e-03 0.000000000000000e+00
5.917431869843692e-02 2.055166376545527e-02 0.000000000000000e+00
5.670996385116111e-02 5.670996385116111e-02 0.000000000000000e+00
3.181980515339464e-02 3.181980515339464e-02 0.000000000000000e+00
2.121320343559643e-02 2.121320343559643e-02 0.000000000000000e+00
5.972998158574228e-02 5.124470021150371e-02 0.000000000000000e+00
5.877410258932549e-02 5.028882121508692e-02 0.000000000000000e+00
5.818980147757512e-02 4.778090174873272e-02 0.000000000000000e+00
5.721588469215321e-02 4.800780722480912e-02 0.000000000000000e+00
5.231472640890307e-02 2.697120465969588e-02 0.000000000000000e+00
5.328864319432499e-02 2.674429918361950e-02 0.000000000000000e+00
5.236314836630106e-02 2.277191842216887e-02 0.000000000000000e+00
5.645438540772926e-02 2.446656429161161e-02 0.000000000000000e+00
6.203666736813499e-02 4.842666519445021e-02 0.000000000000000e+00
5.679474362184386e-02 2.592743946974447e-02 0.000000000000000e+00
6.169590190509400e-02 4.696404203485770e-02 0.000000000000000e+00
5.635641046056784e-02 5.635641046056784e-02 0.000000000000000e+00
5.747267039825227e-02 5.593685866487194e-02 0.000000000000000e+00
5.822483845223509e-02 5.515349660004455e-02 0.000000000000000e+00
5.896633009159320e-02 5.436002129809434e-02 0.000000000000000e+00
5.969700935249406e-02 5.355657825485342e-02 0.000000000000000e+00
6.041674225372017e-02 5.274331479389160e-02 0.000000000000000e+00
6.112539682123643e-02 5.192038003950259e-02 0.000000000000000e+00
6.182284311238968e-02 5.108792488935963e-02 0.000000000000000e+00
6.250895323973565e-02 5.024610198684614e-02 0.000000000000000e+00
6.318360139448906e-02 4.939506569306615e-02 0.000000000000000e+00
6.384666386959263e-02 4.853497205853996e-02 0.000000000000000e+00
6.449801908240063e-02 4.766597879458982e-02 0.000000000000000e+00
6.513754759697292e-02 4.678824524442103e-02 0.000000000000000e+00
6.576513214597537e-02 4.590193235390418e-02 0.000000000000000e+00
6.638065765218262e-02 4.500720264206309e-02 0.000000000000000e+00
6.698401124957917e-02 4.410422017127442e-02 0.000000000000000e+00
6.757508230405525e-02 4.319315051718453e-02 0.000000000000000e+00
6.815376243369313e-02 4.227416073834843e-02 0.000000000000000e+00
6.871994552864066e-02 4.134741934559714e-02 0.000000000000000e+00
6.927352777056815e-02 4.041309627113869e-02 0.000000000000000e+00
6.981440765170500e-02 3.947136283739837e-02 0.000000000000000e+00
7.034248599345277e-02 3.852239172560420e-02 0.000000000000000e+00
7.085766596457105e-02 3.756635694412315e-02 0.000000000000000e+00
7.135985309893290e-02 3.660343379655408e-02 0.000000000000000e+00
7.184895531284677e-02 3.563379884958306e-02 0.000000000000000e+00
7.232488292194139e-02 3.465762990060731e-02 0.000000000000000e+00
7.278754865761076e-02 3.367510594513321e-02 0.000000000000000e+00
7.323686768301620e-02 3.268640714395478e-02 0.000000000000000e+00
7.367275760864248e-02 3.169171479011845e-02 0.000000000000000e+00
3.317748015645558e-02 3.040155934270472e-02 0.000000000000000e+00
3.447199994035401e-02 2.892544243589428e-02 0.000000000000000e+00
3.570090031310558e-02 2.739426430539245e-02 0.000000000000000e+00
3.686184199300462e-02 2.581093963579708e-02 0.000000000000000e+00
3.795261506157986e-02 2.417848237560707e-02 0.000000000000000e+00
3.897114317029975e-02 2.250000000000000e-02 0.000000000000000e+00
3.991548749301998e-02 2.077868759557653e-02 0.000000000000000e+00
4.078385041664925e-02 1.901782177833146e-02 0.000000000000000e+00
2.319031360088210e-02 1.903179852490938e-02 0.000000000000000e+00
2.494408836907635e-02 1.666710699058807e-02 0.000000000000000e+00
2.645763793045065e-02 1.414190210477992e-02 0.000000000000000e+00
2.386485386504599e-02 2.386485386504599e-02 0.000000000000000e+00
2.651650429449556e-02 2.651650429449556e-02 0.000000000000000e+00
2.916815472394509e-02 2.916815472394509e-02 0.000000000000000e+00
5.925465812306463e-02 5.076937674882606e-02 0.000000000000000e+00
5.859327838602032e-02 4.951269306756634e-02 0.000000000000000e+00
5.838315024957580e-02 4.861078746920240e-02 0.000000000000000e+00
5.302554271494609e-02 2.561502730552084e-02 0.000000000000000e+00
5.269560258853007e-02 2.419886832664894e-02 0.000000000000000e+00
5.372689404677713e-02 2.333680037864979e-02 0.000000000000000e+00
5.509063972725320e-02 2.390168233513069e-02 0.000000000000000e+00
6.145999592253681e-02 4.913117394871358e-02 0.000000000000000e+00
6.088332447693864e-02 4.983568270297695e-02 0.000000000000000e+00
6.030665303134045e-02 5.054019145724033e-02 0.000000000000000e+00
6.186679744742159e-02 4.769755468560833e-02 0.000000000000000e+00
5.906632658445484e-02 4.757668682026397e-02 0.000000000000000e+00
5.994285169133456e-02 4.737247189179521e-02 0.000000000000000e+00
6.081937679821427e-02 4.716825696332646e-02 0.000000000000000e+00
5.664208926177755e-02 2.527222106687809e-02 0.000000000000000e+00
5.591821851496414e-02 2.613165439821322e-02 0.000000000000000e+00
5.504169340808443e-02 2.633586932668197e-02 0.000000000000000e+00
5.416516830120471e-02 2.654008425515074e-02 0.000000000000000e+00
5.253750633086900e-02 2.792741386720103e-02 0.000000000000000e+00
5.276028625283491e-02 2.888362307470619e-02 0.000000000000000e+00
5.298306617480082e-02 2.983983228221133e-02 0.000000000000000e+00
5.320584609676674e-02 3.079604148971648e-02 0.000000000000000e+00
5.342862601873265e-02 3.175225069722162e-02 0.000000000000000e+00
5.365140594069857e-02 3.270845990472677e-02 0.000000000000000e+00
5.387418586266449e-02 3.366466911223193e-02 0.000000000000000e+00
5.409696578463041e-02 3.462087831973708e-02 0.000000000000000e+00
5.431974570659632e-02 3.557708752724222e-02 0.000000000000000e+00
5.454252562856223e-02 3.653329673474737e-02 0.000000000000000e+00
5.476530555052814e-02 3.748950594225251e-02 0.000000000000000e+00
5.498808547249406e-02 3.844571514975766e-02 0.000000000000000e+00
5.521086539445998e-02 3.940192435726281e-02 0.000000000000000e+00
5.543364531642590e-02 4.035813356476795e-02 0.000000000000000e+00
5.565642523839181e-02 4.131434277227310e-02 0.000000000000000e+00
5.587920516035773e-02 4.227055197977825e-02 0.000000000000000e+00
5.610198508232364e-02 4.322676118728340e-02 0.000000000000000e+00
5.632476500428955e-02 4.418297039478853e-02 0.000000000000000e+00
5.654754492625548e-02 4.513917960229369e-02 0.000000000000000e+00
5.677032484822138e-02 4.609538880979883e-02 0.000000000000000e+00
5.699310477018730e-02 4.705159801730397e-02 0.000000000000000e+00
6.147312198312808e-02 4.600783282735255e-02 0.000000000000000e+00
6.125034206116216e-02 4.505162361984740e-02 0.000000000000000e+00
6.102756213919625e-02 4.409541441234226e-02 0.000000000000000e+00
6.080478221723034e-02 4.313920520483711e-02 0.000000000000000e+00
6.058200229526441e-02 4.218299599733195e-02 0.000000000000000e+00
6.035922237329850e-02 4.122678678982681e-02 0.000000000000000e+00
6.013644245133259e-02 4.027057758232166e-02 0.000000000000000e+00
5.991366252936667e-02 3.931436837481651e-02 0.000000000000000e+00
5.969088260740076e-02 3.835815916731136e-02 0.000000000000000e+00
5.946810268543484e-02 3.740194995980621e-02 0.000000000000000e+00
5.924532276346892e-02 3.644574075230107e-02 0.000000000000000e+00
5.902254284150301e-02 3.548953154479591e-02 0.000000000000000e+00
5.879976291953708e-02 3.453332233729078e-02 0.000000000000000e+00
5.857698299757117e-02 3.357711312978563e-02 0.000000000000000e+00
5.835420307560526e-02 3.262090392228049e-02 0.000000000000000e+00
5.813142315363934e-02 3.166469471477534e-02 0.000000000000000e+00
5.790864323167343e-02 3.070848550727019e-02 0.000000000000000e+00
5.768586330970751e-02 2.975227629976505e-02 0.000000000000000e+00
5.746308338774160e-02 2.879606709225990e-02 0.000000000000000e+00
5.724030346577569e-02 2.783985788475476e-02 0.000000000000000e+00
5.701752354380977e-02 2.688364867724961e-02 0.000000000000000e+00
5.566587520333773e-02 5.566587520333773e-02 0.000000000000000e+00
5.497418775946912e-02 5.497418775946912e-02 0.000000000000000e+00
5.425438249167386e-02 5.425438249167386e-02 0.000000000000000e+00
5.335160727298315e-02 5.335160727298315e-02 0.000000000000000e+00
5.209392343564294e-02 5.209392343564294e-02 0.000000000000000e+00
5.034127525055996e-02 5.034127525055996e-02 0.000000000000000e+00
4.828391332121897e-02 4.828391332121897e-02 0.000000000000000e+00
4.622589980024093e-02 4.622589980024093e-02 0.000000000000000e+00
4.416788627926289e-02 4.416788627926289e-02 0.000000000000000e+00
4.210987275828485e-02 4.210987275828485e-02 0.000000000000000e+00
4.005185923730680e-02 4.005185923730680e-02 0.000000000000000e+00
3.799384571632877e-02 3.799384571632877e-02 0.000000000000000e+00
3.593583219535072e-02 3.593583219535072e-02 0.000000000000000e+00
3.387781867437268e-02 3.387781867437268e-02 0.000000000000000e+00
5.704374677512034e-02 5.566058707789515e-02 0.000000000000000e+00
5.772249251123190e-02 5.495638141554425e-02 0.000000000000000e+00
5.839254545229129e-02 5.424389952429763e-02 0.000000000000000e+00
5.905380469079025e-02 5.352324870130735e-02 0.000000000000000e+00
5.970617064351971e-02 5.279453747393668e-02 0.000000000000000e+00
6.034954506656682e-02 5.205787558341601e-02 0.000000000000000e+00
6.098383107010997e-02 5.131337396831637e-02 0.000000000000000e+00
6.160893313301013e-02 5.056114474784255e-02 0.000000000000000e+00
6.222475711719593e-02 4.980130120494820e-02 0.000000000000000e+00
6.283121028184055e-02 4.903395776927594e-02 0.000000000000000e+00
6.342820129732804e-02 4.825922999992473e-02 0.000000000000000e+00
6.401564025900741e-02 4.747723456804692e-02 0.000000000000000e+00
6.459343870073181e-02 4.668808923927817e-02 0.000000000000000e+00
6.516150960818122e-02 4.589191285600226e-02 0.000000000000000e+00
6.571976743196652e-02 4.508882531945396e-02 0.000000000000000e+00
6.626812810051287e-02 4.427894757166226e-02 0.000000000000000e+00
6.680650903272062e-02 4.346240157723708e-02 0.000000000000000e+00
6.733482915040168e-02 4.263931030500162e-02 0.000000000000000e+00
6.785300889048965e-02 4.180979770947395e-02 0.000000000000000e+00
6.836097021702170e-02 4.097398871219974e-02 0.000000000000000e+00
6.885863663289048e-02 4.013200918293966e-02 0.000000000000000e+00
6.934593319136431e-02 3.928398592071378e-02 0.000000000000000e+00
6.982278650737392e-02 3.843004663470607e-02 0.000000000000000e+00
7.028912476856390e-02 3.757031992503199e-02 0.000000000000000e+00
7.074487774610747e-02 3.670493526337173e-02 0.000000000000000e+00
7.118997680528258e-02 3.583402297347210e-02 0.000000000000000e+00
7.162435491580812e-02 3.495771421152061e-02 0.000000000000000e+00
7.204794666193844e-02 3.407614094639344e-02 0.000000000000000e+00
7.246068825231465e-02 3.318943593978166e-02 0.000000000000000e+00
7.286251752957140e-02 3.229773272619767e-02 0.000000000000000e+00
7.325337397969761e-02 3.140116559286551e-02 0.000000000000000e+00
6.311572194001448e-02 4.459724100117633e-02 0.000000000000000e+00
6.231868688188726e-02 4.520283739497229e-02 0.000000000000000e+00
6.210380089611734e-02 4.422501615280711e-02 0.000000000000000e+00
6.339688736233967e-02 4.548627749075752e-02 0.000000000000000e+00
5.947489105713957e-02 3.047657643485601e-02 0.000000000000000e+00
5.938428605497895e-02 3.239075846229444e-02 0.000000000000000e+00
5.105311585003782e-02 2.862207534636834e-02 0.000000000000000e+00
4.335654245430474e-02 2.259978406169722e-02 0.000000000000000e+00
4.219207899465949e-02 2.022711150672038e-02 0.000000000000000e+00
4.462847575949297e-02 2.052263175896533e-02 0.000000000000000e+00
5.587063322079404e-02 5.481952685854503e-02 0.000000000000000e+00
5.685522366113362e-02 5.455143226676301e-02 0.000000000000000e+00
5.635837786419071e-02 5.541076637342176e-02 0.000000000000000e+00
6.252784551598600e-02 2.905523223436568e-02 0.000000000000000e+00
6.172160615289886e-02 3.187456875259602e-02 0.000000000000000e+00
5.477242088834078e-02 4.466563079069695e-02 0.000000000000000e+00
6.406857748624344e-02 3.216233134786747e-02 0.000000000000000e+00
6.597603436548390e-02 2.971983078520401e-02 0.000000000000000e+00
5.550826028754684e-02 4.696244967803084e-02 0.000000000000000e+00
5.896456872952204e-02 2.789002171443253e-02 0.000000000000000e+00
3.651948792421600e-02 2.982032594942340e-02 0.000000000000000e+00
3.657668871243338e-02 3.265866549154574e-02 0.000000000000000e+00
3.440662107006405e-02 3.127186227500610e-02 0.000000000000000e+00
5.200716523528937e-02 3.085053477866196e-02 0.000000000000000e+00
5.172143270350656e-02 3.298124449456508e-02 0.000000000000000e+00
4.965090456789169e-02 3.111176436188889e-02 0.000000000000000e+00
4.790772560491175e-02 3.329883551790067e-02 0.000000000000000e+00
5.792068305056511e-02 2.581568257199696e-02 0.000000000000000e+00
5.110316574915520e-02 3.965650264547054e-02 0.000000000000000e+00
4.878806347262629e-02 4.046764710207963e-02 0.000000000000000e+00
4.954761354587275e-02 3.801158044201964e-02 0.000000000000000e+00
6.157423234052410e-02 3.841288128903664e-02 0.000000000000000e+00
6.439760999723579e-02 3.924633977143797e-02 0.000000000000000e+00
6.318313620822445e-02 4.039674551009769e-02 0.000000000000000e+00
6.459664862484742e-02 3.706441646892291e-02 0.000000000000000e+00
6.250995759135557e-02 3.491666656022127e-02 0.000000000000000e+00
6.031112775880650e-02 3.613290487589100e-02 0.000000000000000e+00
5.560173417799834e-02 4.940743039276203e-02 0.000000000000000e+00
5.293713403521268e-02 4.884812406552681e-02 0.000000000000000e+00
5.322793398030691e-02 4.648443847029492e-02 0.000000000000000e+00
7.025334766817061e-02 3.577068601167479e-02 0.000000000000000e+00
7.063238560331413e-02 3.483505929936284e-02 0.000000000000000e+00
5.362291287213906e-02 4.223320406376889e-02 0.000000000000000e+00
5.343289582574202e-02 3.992042101138282e-02 0.000000000000000e+00
6.810978809760389e-02 3.185526010852411e-02 0.000000000000000e+00
6.856795158280640e-02 3.001327640767671e-02 0.000000000000000e+00
6.631389396535378e-02 4.273374474724334e-02 0.000000000000000e+00
6.557214231003040e-02 4.272982224570085e-02 0.000000000000000e+00
6.578501818698131e-02 4.202606423320542e-02 0.000000000000000e+00
6.494754600350854e-02 4.216488637835091e-02 0.000000000000000e+00
5.037327708349109e-02 3.551322822031060e-02 0.000000000000000e+00
5.287817130134650e-02 3.495021334061801e-02 0.000000000000000e+00
6.788470635387207e-02 3.344840502498895e-02 0.000000000000000e+00
6.642509113924591e-02 3.276882475937695e-02 0.000000000000000e+00
6.890969046023261e-02 3.329374243149957e-02 0.000000000000000e+00
6.884211394941891e-02 3.655224340106678e-02 0.000000000000000e+00
6.832615394885602e-02 3.732322576408493e-02 0.000000000000000e+00
6.775655335901608e-02 3.629719468590342e-02 0.000000000000000e+00
6.004660949352793e-02 3.413069484991728e-02 0.000000000000000e+00
7.198174049578195e-02 3.045391825394827e-02 0.000000000000000e+00
6.190828318935381e-02 4.287402346833578e-02 0.000000000000000e+00
6.406057814982641e-02 4.492008023973074e-02 0.000000000000000e+00
6.426053951162683e-02 4.573157072889701e-02 0.000000000000000e+00
6.368558992862325e-02 4.639392237257292e-02 0.000000000000000e+00
7.213886092827873e-02 3.248618026706995e-02 0.000000000000000e+00
7.133089836443622e-02 3.209310217399109e-02 0.000000000000000e+00
7.233114710134807e-02 3.174530589264575e-02 0.000000000000000e+00
7.162759828688361e-02 3.112852038049799e-02 0.000000000000000e+00
7.071163746338566e-02 3.117156430041987e-02 0.000000000000000e+00
7.035491551675521e-02 3.203839869096183e-02 0.000000000000000e+00
7.007406906640724e-02 3.015369081404093e-02 0.000000000000000e+00
7.116610549505650e-02 3.036949097590481e-02 0.000000000000000e+00
6.294020773631369e-02 4.607201320773025e-02 0.000000000000000e+00
4.509329539674832e-02 2.862825872341294e-02 0.000000000000000e+00
4.290153225570288e-02 2.567937893975258e-02 0.000000000000000e+00
4.587850655515868e-02 2.596174287498984e-02 0.000000000000000e+00
4.135758598365600e-02 2.822470248183726e-02 0.000000000000000e+00
5.784431201206754e-02 5.262758803117468e-02 0.000000000000000e+00
5.708985514359345e-02 5.287608363752536e-02 0.000000000000000e+00
5.717750104833959e-02 5.197353840582897e-02 0.000000000000000e+00
5.628615359998648e-02 5.233129796846437e-02 0.000000000000000e+00
5.601205192405406e-02 5.119614146545413e-02 0.000000000000000e+00
3.897455261679399e-02 3.426238184828997e-02 0.000000000000000e+00
4.071947481164013e-02 2.313618531161727e-02 0.000000000000000e+00
4.526455218700092e-02 2.413888033569967e-02 0.000000000000000e+00
4.622583402966359e-02 2.216487171763543e-02 0.000000000000000e+00
5.880447971048031e-02 5.118970248024702e-02 0.000000000000000e+00
5.923550235332863e-02 5.202519738613721e-02 0.000000000000000e+00
5.822239849662249e-02 5.190682712244101e-02 0.000000000000000e+00
6.947659273171787e-02 3.128416674093672e-02 0.000000000000000e+00
5.866236074087939e-02 5.272164423189659e-02 0.000000000000000e+00
4.822514714218717e-02 2.925404329839267e-02 0.000000000000000e+00
4.715561255372919e-02 3.083454568929256e-02 0.000000000000000e+00
6.446472814621941e-02 4.046986641876866e-02 0.000000000000000e+00
6.538857498222653e-02 4.033744899096311e-02 0.000000000000000e+00
6.576777786096814e-02 3.954796411513734e-02 0.000000000000000e+00
7.259300492549536e-02 3.089248904178774e-02 0.000000000000000e+00
6.153475295123651e-02 4.102668461953985e-02 0.000000000000000e+00
6.299995297925434e-02 4.182280929539017e-02 0.000000000000000e+00
6.412755127952989e-02 4.140196002107541e-02 0.000000000000000e+00
5.362877682156975e-02 5.109883072893330e-02 0.000000000000000e+00
5.506371165477958e-02 5.245331321838047e-02 0.000000000000000e+00
5.671625105797862e-02 5.020528729701426e-02 0.000000000000000e+00
5.756486098279994e-02 4.956272733438318e-02 0.000000000000000e+00
5.761023511479840e-02 5.090329219748718e-02 0.000000000000000e+00
6.278674987314582e-02 4.785122476163397e-02 0.000000000000000e+00
5.700514433442538e-02 5.370544108691019e-02 0.000000000000000e+00
5.792051909441863e-02 5.342924898810238e-02 0.000000000000000e+00
5.762890266843439e-02 5.418488988136382e-02 0.000000000000000e+00
6.232163307393992e-02 4.717201176437977e-02 0.000000000000000e+00
4.826857017828563e-02 2.190028069023408e-02 0.000000000000000e+00
5.056289209273033e-02 2.303745433932777e-02 0.000000000000000e+00
4.796034560439465e-02 2.428862402334182e-02 0.000000000000000e+00
6.375456350556072e-02 4.412735539766890e-02 0.000000000000000e+00
6.115706754476504e-02 2.694296140873937e-02 0.000000000000000e+00
6.211783954904369e-02 4.912793024346504e-02 0.000000000000000e+00
4.260113423603215e-02 3.928012671257693e-02 0.000000000000000e+00
4.292426557522289e-02 3.703002151667701e-02 0.000000000000000e+00
4.476115672002752e-02 3.786483801920819e-02 0.000000000000000e+00
4.441020916497194e-02 3.494274997261588e-02 0.000000000000000e+00
4.714165308506345e-02 3.582848930497929e-02 0.000000000000000e+00
4.817280729927279e-02 2.707357229661114e-02 0.000000000000000e+00
5.082643323652779e-02 2.568668949490283e-02 0.000000000000000e+00
4.699610122535090e-02 3.925944301296933e-02 0.000000000000000e+00
5.079209697063771e-02 4.705425346436474e-02 0.000000000000000e+00
3.964742343960502e-02 2.590870842265335e-02 0.000000000000000e+00
6.450835452691595e-02 4.415924773388338e-02 0.000000000000000e+00
6.487656455645834e-02 4.505539855568807e-02 0.000000000000000e+00
6.535625393661668e-02 4.422863725521461e-02 0.000000000000000e+00
6.300709934364207e-02 4.689191935059685e-02 0.000000000000000e+00
6.952842519045162e-02 3.245859455991759e-02 0.000000000000000e+00
3.821489771418634e-02 2.788794918444896e-02 0.000000000000000e+00
3.974581979587148e-02 3.078377200291747e-02 0.000000000000000e+00
6.934333478626922e-02 3.566847448019579e-02 0.000000000000000e+00
6.978096541559604e-02 3.671836377067576e-02 0.000000000000000e+00
4.724454354280531e-02 4.253590572972413e-02 0.000000000000000e+00
4.449357698571010e-02 4.084819747980507e-02 0.000000000000000e+00
6.489515803077306e-02 4.321702877749769e-02 0.000000000000000e+00
6.581812421279346e-02 4.345725959192435e-02 0.000000000000000e+00
7.162000031988201e-02 3.310970082124397e-02 0.000000000000000e+00
7.056975607015735e-02 3.296762033013131e-02 0.000000000000000e+00
7.119836201890357e-02 3.391803164573738e-02 0.000000000000000e+00
5.207354407856919e-02 4.443041210051941e-02 0.000000000000000e+00
5.078817531796095e-02 4.200329489856395e-02 0.000000000000000e+00
4.925210168947301e-02 4.477897134231749e-02 0.000000000000000e+00
6.925921940013095e-02 3.751722060004849e-02 0.000000000000000e+00
4.490099000560293e-02 3.187982645659030e-02 0.000000000000000e+00
4.095694940656042e-02 3.804168267572661e-02 0.000000000000000e+00
6.229277515400084e-02 4.638510942998156e-02 0.000000000000000e+00
6.301585969206636e-02 4.367070653772576e-02 0.000000000000000e+00
6.401523615995788e-02 4.337123927195809e-02 0.000000000000000e+00
7.026622104687302e-02 3.403247865236231e-02 0.000000000000000e+00
6.580818340553121e-02 3.849522954282684e-02 0.000000000000000e+00
5.608764822916567e-02 5.315741311513288e-02 0.000000000000000e+00
5.606499255949357e-02 5.399375403553426e-02 0.000000000000000e+00
6.623231343377876e-02 3.748107150490797e-02 0.000000000000000e+00
5.527385030234343e-02 5.429706218231501e-02 0.000000000000000e+00
6.838419283339643e-02 3.556842207854202e-02 0.000000000000000e+00
5.501603208394620e-02 5.358458873257531e-02 0.000000000000000e+00
5.288342065153203e-02 3.734417233486683e-02 0.000000000000000e+00
6.525090316633743e-02 3.463892291818320e-02 0.000000000000000e+00
6.640332654232657e-02 3.626011533181524e-02 0.000000000000000e+00
4.121364223354478e-02 3.585256010280633e-02 0.000000000000000e+00
6.319755522741245e-02 4.282937424703681e-02 0.000000000000000e+00
4.202203087988879e-02 3.284467879534853e-02 0.000000000000000e+00
6.732302189103492e-02 3.729094645180782e-02 0.000000000000000e+00
6.792267986981181e-02 3.806659243246757e-02 0.000000000000000e+00
6.703038707529588e-02 3.829472910483168e-02 0.000000000000000e+00
6.404844906558853e-02 4.240810896545158e-02 0.000000000000000e+00
6.946687508693375e-02 3.415191188413021e-02 0.000000000000000e+00
6.974979183861692e-02 3.331239054393217e-02 0.000000000000000e+00
6.807175889551899e-02 3.909762447143909e-02 0.000000000000000e+00
6.877772269232867e-02 3.830737390174379e-02 0.000000000000000e+00
6.155404079706728e-02 4.981849195396257e-02 0.000000000000000e+00
6.978011194308958e-02 3.483242307274739e-02 0.000000000000000e+00
6.871848847872307e-02 3.453594324459260e-02 0.000000000000000e+00
4.254254729982191e-02 3.046014761783822e-02 0.000000000000000e+00
6.726047359355487e-02 3.478825458095154e-02 0.000000000000000e+00
6.518900575917835e-02 4.124556355121922e-02 0.000000000000000e+00
6.669149291915721e-02 4.192563235936472e-02 0.000000000000000e+00
6.609217098657111e-02 4.119105095769359e-02 0.000000000000000e+00
6.710661196617830e-02 4.107613978358871e-02 0.000000000000000e+00
6.642015714318640e-02 4.032390913152181e-02 0.000000000000000e+00
6.758127560597343e-02 4.021768043633026e-02 0.000000000000000e+00
6.682436495609961e-02 3.933691022554086e-02 0.000000000000000e+00
3.444613501355208e-02 2.147856711398501e-02 0.000000000000000e+00
3.213112079770808e-02 2.701999423124962e-02 0.000000000000000e+00
2.701726559106556e-02 2.166471107563774e-02 0.000000000000000e+00
2.964008131004803e-02 1.757061643783526e-02 0.000000000000000e+00
3.834952973010186e-02 1.873316445135216e-02 0.000000000000000e+00
5.856566514412261e-02 4.531647289374443e-02 0.000000000000000e+00
5.943862536137809e-02 4.493697050469193e-02 0.000000000000000e+00
5.947326381226080e-02 4.574292876689005e-02 0.000000000000000e+00
5.853484987792618e-02 4.446967711987485e-02 0.000000000000000e+00
5.702292060908344e-02 4.452463605773270e-02 0.000000000000000e+00
5.689052822684559e-02 4.360508250726505e-02 0.000000000000000e+00
5.771361554941928e-02 4.403181687760182e-02 0.000000000000000e+00
5.565583733368928e-02 3.397922127598037e-02 0.000000000000000e+00
5.651607868284970e-02 3.402553269153296e-02 0.000000000000000e+00
5.587783438909318e-02 3.493582993581615e-02 0.000000000000000e+00
6.030307668785183e-02 4.494730911111951e-02 0.000000000000000e+00
6.051200295567011e-02 4.576100069635199e-02 0.000000000000000e+00
5.543781246353823e-02 3.302065260730287e-02 0.000000000000000e+00
5.629324755831763e-02 3.306929049009021e-02 0.000000000000000e+00
5.839285766949599e-02 4.615978867954675e-02 0.000000000000000e+00
5.748507961984711e-02 3.137862407499276e-02 0.000000000000000e+00
5.748017382899400e-02 3.210258325813570e-02 0.000000000000000e+00
5.681298800371311e-02 3.165319909940943e-02 0.000000000000000e+00
5.660932214324224e-02 2.863390844646010e-02 0.000000000000000e+00
5.699017765145373e-02 2.941347718046189e-02 0.000000000000000e+00
5.610523505014937e-02 2.937280019056195e-02 0.000000000000000e+00
5.521131248982820e-02 2.936602186232097e-02 0.000000000000000e+00
5.462098564465990e-02 2.878662681897827e-02 0.000000000000000e+00
5.562738680042403e-02 2.859190850786828e-02 0.000000000000000e+00
5.766129761373388e-02 4.485798694549518e-02 0.000000000000000e+00
5.522209668006401e-02 3.208574476031339e-02 0.000000000000000e+00
5.609153152937719e-02 3.222067294311114e-02 0.000000000000000e+00
5.857719467899919e-02 4.366776860647385e-02 0.000000000000000e+00
5.657258585165308e-02 3.011629052874109e-02 0.000000000000000e+00
5.707611588901353e-02 3.079204897708483e-02 0.000000000000000e+00
5.501063324024775e-02 3.109154715041629e-02 0.000000000000000e+00
5.599153532409547e-02 3.114341835911236e-02 0.000000000000000e+00
5.679150914653461e-02 3.235173234243858e-02 0.000000000000000e+00
5.468999050249389e-02 3.022837211415000e-02 0.000000000000000e+00
5.558658788549890e-02 3.022372216546044e-02 0.000000000000000e+00
5.605368003230724e-02 2.793793970290630e-02 0.000000000000000e+00
5.706637031128814e-02 3.341628956790517e-02 0.000000000000000e+00
5.729169695099807e-02 3.280090375353231e-02 0.000000000000000e+00
5.776467778524878e-02 3.324462294034366e-02 0.000000000000000e+00
5.728916881977449e-02 3.437251075021513e-02 0.000000000000000e+00
5.753413558496238e-02 3.380790431546207e-02 0.000000000000000e+00
5.799153491304199e-02 3.421135681298981e-02 0.000000000000000e+00
5.751195116802429e-02 3.532872152214687e-02 0.000000000000000e+00
5.775762423555855e-02 3.476593351504906e-02 0.000000000000000e+00
5.821446228413748e-02 3.516794344406745e-02 0.000000000000000e+00
5.673886530883588e-02 3.498174622358436e-02 0.000000000000000e+00
5.610048509452331e-02 3.589210653119340e-02 0.000000000000000e+00
5.773473140610345e-02 3.628493093375629e-02 0.000000000000000e+00
5.798043025014278e-02 3.572220828799094e-02 0.000000000000000e+00
5.843724769333299e-02 3.612416628564195e-02 0.000000000000000e+00
5.940824157726837e-02 4.412045648049026e-02 0.000000000000000e+00
6.011183257920922e-02 4.412071211862179e-02 0.000000000000000e+00
5.795751136918022e-02 3.724114016785063e-02 0.000000000000000e+00
5.820321120329731e-02 3.667841990460301e-02 0.000000000000000e+00
5.866002783977299e-02 3.708037600046052e-02 0.000000000000000e+00
5.818029129656817e-02 3.819734937883615e-02 0.000000000000000e+00
5.842599117349331e-02 3.763462920866566e-02 0.000000000000000e+00
5.888280776489666e-02 3.803658523213655e-02 0.000000000000000e+00
5.696164610775552e-02 3.593795599753723e-02 0.000000000000000e+00
5.632324364527767e-02 3.684832707635791e-02 0.000000000000000e+00
5.840307121926412e-02 3.915355858680908e-02 0.000000000000000e+00
5.864877106932697e-02 3.859083844271904e-02 0.000000000000000e+00
5.910558752270217e-02 3.899279458608557e-02 0.000000000000000e+00
5.862585114132607e-02 4.010976779437575e-02 0.000000000000000e+00
5.887155018743075e-02 3.954704836792491e-02 0.000000000000000e+00
5.932836278278611e-02 3.994900796535900e-02 0.000000000000000e+00
5.884863243125197e-02 4.106597986460548e-02 0.000000000000000e+00
5.909430760223080e-02 4.050327772228140e-02 0.000000000000000e+00
5.955101095419821e-02 4.090533102718909e-02 0.000000000000000e+00
5.718442614416786e-02 3.689416527921311e-02 0.000000000000000e+00
5.654602002690200e-02 3.780453818737590e-02 0.000000000000000e+00
5.907012155838241e-02 4.202292082993203e-02 0.000000000000000e+00
5.931644990930612e-02 4.146003320017578e-02 0.000000000000000e+00
5.977138636117306e-02 4.186396940205062e-02 0.000000000000000e+00
5.925772360561056e-02 4.301209513205435e-02 0.000000000000000e+00
5.952913566920501e-02 4.242711019564716e-02 0.000000000000000e+00
5.997247025487380e-02 4.284926471248571e-02 0.000000000000000e+00
5.968870748584940e-02 4.348491704042770e-02 0.000000000000000e+00
5.740720608118419e-02 3.785037449636178e-02 0.000000000000000e+00
5.676879936164099e-02 3.876074771394211e-02 0.000000000000000e+00
5.407841343058468e-02 3.113769896205984e-02 0.000000000000000e+00
5.387272108116074e-02 3.026473946299130e-02 0.000000000000000e+00
5.762998600512996e-02 3.880658370513551e-02 0.000000000000000e+00
5.699157918610815e-02 3.971695697486222e-02 0.000000000000000e+00
5.762232514105266e-02 4.306478722434001e-02 0.000000000000000e+00
5.429986892567272e-02 3.209489133420571e-02 0.000000000000000e+00
5.785276592735631e-02 3.976279291280754e-02 0.000000000000000e+00
5.721448596330389e-02 4.065691674795154e-02 0.000000000000000e+00
5.452265326412443e-02 3.305112944678747e-02 0.000000000000000e+00
5.807554584935650e-02 4.071900212033464e-02 0.000000000000000e+00
5.474543374505675e-02 3.400733950760794e-02 0.000000000000000e+00
5.753511140831961e-02 4.138518200759737e-02 0.000000000000000e+00
5.630489314249022e-02 4.070080389187828e-02 0.000000000000000e+00
5.608211322052458e-02 3.974459468437348e-02 0.000000000000000e+00
5.829832577132692e-02 4.167521132784268e-02 0.000000000000000e+00
5.852110993912542e-02 4.263141510523737e-02 0.000000000000000e+00
5.585933329856421e-02 3.878838547687466e-02 0.000000000000000e+00
5.754030897725500e-02 4.216900830093458e-02 0.000000000000000e+00
5.563655337664299e-02 3.783217626942176e-02 0.000000000000000e+00
5.541377345496722e-02 3.687596706226098e-02 0.000000000000000e+00
5.519099353484489e-02 3.591975785694587e-02 0.000000000000000e+00
5.496821362466200e-02 3.496354866334266e-02 0.000000000000000e+00
5.758318957559625e-02 4.566613912172359e-02 0.000000000000000e+00
5.652702026619254e-02 4.165676258022913e-02 0.000000000000000e+00
5.673796133751294e-02 4.260069156036098e-02 0.000000000000000e+00
5.418017555678750e-02 2.959618715880060e-02 0.000000000000000e+00
5.397037348577464e-02 2.835138283728805e-02 0.000000000000000e+00
5.370297742374627e-02 2.909153043370225e-02 0.000000000000000e+00
5.338934633754445e-02 2.796039966537061e-02 0.000000000000000e+00
5.500921624245750e-02 2.800124993193261e-02 0.000000000000000e+00
5.433942901340485e-02 2.738486709903835e-02 0.000000000000000e+00
5.333913660096522e-02 2.725471145209262e-02 0.000000000000000e+00
6.073138193175455e-02 4.660640656292804e-02 0.000000000000000e+00
5.994503625708628e-02 4.636483496388433e-02 0.000000000000000e+00
5.756144726762151e-02 4.642801779890539e-02 0.000000000000000e+00
5.610133843845814e-02 2.663988755309974e-02 0.000000000000000e+00
5.546106870506866e-02 2.725037223616979e-02 0.000000000000000e+00
5.915558261022071e-02 4.671412451889145e-02 0.000000000000000e+00
5.808214358167266e-02 4.710270354406477e-02 0.000000000000000e+00
5.637478283697794e-02 2.731034121053939e-02 0.000000000000000e+00
CELLS 1776 7104
3 183 185 184
3 183 184 186
3 118 188 187
3 82 189 83
3 190 192 191
3 191 192 151
3 193 195 194
3 181 46 182
3 194 195 152
3 180 44 45
3 118 187 119
3 179 44 180
3 187 197 196
3 178 43 179
3 198 100 99
3 177 41 42
3 199 200 196
3 176 41 177
3 101 201 102
3 175 40 176
3 120 187 202
3 174 39 175
3 203 205 204
3 174 38 39
3 204 205 137
3 172 37 173
3 206 208 207
3 171 37 172
3 207 208 209
3 170 36 171
3 146 78 210
3 169 35 170
3 210 78 15
3 168 34 169
3 121 202 122
3 167 33 168
3 211 213 212
3 166 32 167
3 214 216 215
3 165 31 166
3 215 217 214
3 164 30 165
3 218 214 217
3 163 29 164
3 112 219 113
3 163 28 29
3 159 73 158
3 161 28 162
3 158 73 6
3 161 27 28
3 158 6 157
3 160 26 27
3 220 201 221
3 159 25 26
3 221 201 222
3 158 24 25
3 86 206 207
3 156 23 157
3 188 197 187
3 155 22 156
3 86 207 87
3 154 21 155
3 223 177 224
3 153 20 154
3 224 177 178
3 95 226 225
3 13 78 146
3 227 228 200
3 200 228 142
3 229 231 230
3 69 70 147
3 120 202 121
3 147 70 13
3 230 231 232
3 233 234 207
3 207 234 88
3 147 13 146
3 95 225 96
3 227 236 235
3 227 235 237
3 238 240 239
3 153 19 20
3 210 123 202
3 202 123 122
3 116 241 188
3 242 138 139
3 116 188 117
3 243 106 105
3 12 69 148
3 11 67 10
3 87 207 88
3 186 244 183
3 186 245 244
3 148 69 147
3 245 186 246
3 247 249 248
3 248 249 250
3 250 251 248
3 252 248 251
3 253 254 140
3 141 253 140
3 184 255 186
3 242 254 250
3 254 253 251
3 250 254 251
3 256 258 257
3 259 256 257
3 260 262 261
3 262 264 263
3 262 263 261
3 204 136 265
3 136 135 265
3 266 257 190
3 190 257 267
3 258 267 257
3 190 268 192
3 190 267 268
3 180 45 181
3 269 271 270
3 185 243 105
3 253 228 272
3 177 42 178
3 104 185 105
3 273 271 260
3 176 40 41
3 256 275 274
3 276 277 215
3 277 278 215
3 175 39 40
3 218 219 214
3 182 1 18
3 276 215 216
3 173 38 174
3 279 182 18
3 138 279 18
3 280 281 216
3 216 281 282
3 45 46 181
3 8 9 66
3 282 276 216
3 283 264 220
3 264 283 284
3 46 1 182
3 283 127 284
3 222 201 198
3 162 28 163
3 201 100 198
3 285 286 220
3 160 27 161
3 72 73 159
3 286 285 287
3 287 7 286
3 159 26 160
3 286 7 65
3 14 161 288
3 161 162 288
3 158 25 159
3 289 291 290
3 290 291 154
3 288 292 74
3 157 24 158
3 288 74 14
3 293 295 294
3 266 191 53
3 157 23 24
3 293 268 295
3 156 22 23
3 267 295 268
3 37 38 173
3 183 244 296
3 269 270 6
3 269 6 64
3 36 37 171
3 179 43 44
3 266 190 191
3 35 36 170
3 144 297 196
3 202 297 145
3 155 21 22
3 34 35 169
3 298 161 14
3 283 221 129
3 42 43 178
3 33 34 168
3 283 129 128
3 17 0 152
3 32 33 167
3 192 150 151
3 154 20 21
3 271 269 287
3 152 19 153
3 31 32 166
3 0 19 152
3 287 269 7
3 30 31 165
3 29 30 164
3 299 301 300
3 302 300 301
3 303 302 301
3 295 267 258
3 304 295 258
3 304 305 295
3 213 303 306
3 303 301 306
3 222 307 221
3 129 221 307
3 307 130 129
3 257 308 259
3 257 266 308
3 244 310 309
3 244 309 296
3 311 309 310
3 52 266 53
3 310 166 311
3 246 255 312
3 255 246 186
3 194 152 153
3 228 227 272
3 272 227 313
3 205 203 48
3 203 315 314
3 188 118 117
3 203 49 48
3 49 203 314
3 195 193 124
3 193 125 124
3 316 317 223
3 136 204 137
3 318 212 306
3 306 319 318
3 309 311 320
3 321 320 311
3 322 248 323
3 323 324 322
3 325 225 326
3 317 176 223
3 222 198 325
3 325 307 222
3 327 131 130
3 130 307 327
3 238 239 328
3 302 209 329
3 300 330 299
3 134 299 330
3 255 331 312
3 326 318 327
3 212 318 326
3 305 294 295
3 293 294 149
3 292 312 331
3 16 292 331
3 310 244 245
3 245 165 310
3 319 306 301
3 301 299 319
3 133 319 299
3 279 249 182
3 182 249 181
3 323 248 252
3 131 327 318
3 322 324 179
3 318 132 131
3 189 274 208
3 275 208 274
3 185 183 332
3 332 183 296
3 225 226 326
3 213 233 303
3 248 322 247
3 180 247 322
3 226 211 326
3 273 270 271
3 270 273 156
3 304 258 256
3 309 320 333
3 255 184 331
3 321 311 167
3 331 184 103
3 312 292 288
3 225 325 198
3 208 275 209
3 225 97 96
3 329 209 275
3 323 334 324
3 104 184 185
3 273 155 156
3 251 253 272
3 251 272 252
3 326 327 325
3 280 216 214
3 109 280 214
3 215 335 217
3 289 261 336
3 289 336 337
3 261 289 290
3 335 338 217
3 283 220 221
3 201 101 100
3 197 199 196
3 202 187 196
3 196 200 143
3 337 339 193
3 339 125 193
3 340 240 238
3 316 340 238
3 145 146 210
3 246 164 245
3 241 218 197
3 219 218 241
3 219 241 114
3 284 341 336
3 284 336 263
3 296 309 333
3 296 333 332
3 114 241 115
3 242 279 138
3 242 250 279
3 249 279 250
3 226 342 211
3 253 141 228
3 141 142 228
3 211 342 213
3 109 214 110
3 343 218 217
3 217 344 343
3 288 163 312
3 234 233 342
3 342 233 213
3 234 342 90
3 199 343 236
3 343 199 218
3 246 312 163
3 164 246 163
3 264 285 220
3 220 286 9
3 305 68 294
3 12 294 68
3 342 91 90
3 270 156 157
3 6 270 157
3 127 283 128
3 306 212 213
3 191 151 3
3 300 345 330
3 330 345 135
3 54 191 3
3 197 218 199
3 110 214 111
3 112 214 219
3 297 202 196
3 243 185 332
3 243 332 346
3 212 326 211
3 236 227 200
3 303 209 302
3 209 233 207
3 303 233 209
3 195 124 17
3 308 266 51
3 347 345 302
3 200 199 236
3 348 349 239
3 187 120 119
3 346 332 333
3 214 112 111
3 137 205 2
3 205 47 2
3 149 294 148
3 294 12 148
3 243 280 107
3 280 108 107
3 280 109 108
3 334 224 324
3 224 178 324
3 196 143 144
3 68 305 67
3 305 10 67
3 226 93 342
3 226 94 93
3 349 348 350
3 152 195 17
3 10 305 189
3 304 189 305
3 274 189 304
3 327 307 325
3 320 230 232
3 320 232 351
3 229 230 321
3 229 321 168
3 10 189 82
3 352 334 353
3 237 352 353
3 188 241 197
3 145 210 202
3 280 243 281
3 243 346 281
3 201 9 102
3 208 206 189
3 198 99 98
3 206 84 189
3 350 354 349
3 349 354 355
3 189 84 83
3 342 93 92
3 160 356 159
3 72 356 71
3 123 210 15
3 84 206 85
3 357 224 334
3 333 320 351
3 333 351 346
3 230 320 321
3 224 357 223
3 352 237 358
3 352 357 334
3 357 352 358
3 353 323 313
3 201 220 9
3 323 353 334
3 287 262 271
3 237 353 313
3 281 346 351
3 287 264 262
3 243 107 106
3 168 321 167
3 219 114 113
3 51 266 52
3 256 359 329
3 256 329 275
3 259 308 314
3 314 308 50
3 343 360 236
3 315 359 259
3 359 315 347
3 359 256 259
3 297 144 145
3 300 302 345
3 50 308 51
3 330 135 134
3 94 226 95
3 232 231 361
3 232 361 282
3 362 231 229
3 362 229 169
3 324 178 179
3 126 341 127
3 167 311 166
3 299 134 133
3 175 317 328
3 115 241 116
3 91 342 92
3 284 263 264
3 234 90 89
3 284 127 341
3 314 50 49
3 351 232 282
3 351 282 281
3 314 315 259
3 328 239 355
3 348 239 240
3 227 237 313
3 322 179 180
3 285 264 287
3 169 229 168
3 238 328 317
3 319 133 132
3 166 310 165
3 260 271 262
3 203 204 315
3 132 318 319
3 317 175 176
3 362 363 231
3 231 363 361
3 361 363 277
3 361 277 276
3 364 363 362
3 364 362 170
3 289 337 194
3 315 265 347
3 265 315 204
3 200 142 143
3 339 126 125
3 339 337 341
3 323 252 313
3 313 252 272
3 126 339 341
3 140 254 139
3 198 98 225
3 340 316 358
3 88 234 89
3 184 104 103
3 290 154 155
3 290 260 261
3 337 336 341
3 263 336 261
3 170 362 169
3 340 360 240
3 282 361 276
3 165 245 164
3 360 340 358
3 7 269 64
3 154 291 153
3 194 291 289
3 291 194 153
3 247 180 181
3 249 247 181
3 316 238 317
3 274 304 256
3 364 365 363
3 363 365 277
3 277 365 278
3 193 194 337
3 366 365 364
3 366 364 171
3 235 360 358
3 360 235 236
3 85 206 86
3 358 316 357
3 237 235 358
3 329 347 302
3 171 364 170
3 163 288 162
3 331 103 16
3 347 329 359
3 9 286 66
3 286 65 66
3 345 347 265
3 345 265 135
3 150 293 149
3 293 150 268
3 53 191 54
3 366 367 365
3 365 367 278
3 278 367 335
3 278 335 215
3 354 367 366
3 354 366 172
3 316 223 357
3 260 290 273
3 273 290 155
3 172 366 171
3 335 350 338
3 161 298 160
3 71 298 14
3 225 98 97
3 355 354 173
3 354 350 367
3 367 350 335
3 242 139 254
3 223 176 177
3 338 348 344
3 173 354 172
3 338 344 217
3 174 355 173
3 47 205 48
3 328 355 174
3 349 355 239
3 350 348 338
3 150 192 268
3 175 328 174
3 344 240 360
3 344 360 343
3 160 298 356
3 292 16 74
3 348 240 344
3 356 298 71
3 356 72 159
3 368 370 369
3 52 368 51
3 370 368 371
3 370 371 56
3 369 370 59
3 59 370 58
3 371 63 5
3 62 371 368
3 369 48 49
3 369 50 368
3 50 369 49
3 56 371 57
3 57 371 5
3 369 59 60
3 369 60 2
3 48 369 47
3 47 369 2
3 62 372 61
3 372 62 368
3 58 370 4
3 370 56 55
3 370 55 4
3 368 50 51
3 52 372 368
3 53 372 52
3 61 372 3
3 371 62 63
3 372 53 54
3 372 54 3
3 373 375 374
3 373 374 376
3 377 379 378
3 380 382 381
3 377 378 99
3 383 384 104
3 385 380 386
3 373 387 375
3 388 390 389
3 388 389 118
3 391 393 392
3 394 396 395
3 391 392 121
3 379 377 397
3 398 385 399
3 400 379 376
3 392 401 120
3 402 388 119
3 403 398 404
3 397 376 379
3 405 389 390
3 402 120 401
3 406 403 407
3 396 391 408
3 409 411 410
3 410 411 117
3 408 391 122
3 393 391 396
3 412 414 413
3 413 414 116
3 393 396 394
3 401 393 407
3 415 417 416
3 416 417 115
3 382 419 418
3 401 392 393
3 420 422 421
3 421 422 114
3 407 393 394
3 374 424 423
3 425 427 426
3 426 427 113
3 374 383 424
3 424 383 105
3 428 430 429
3 429 430 112
3 419 432 431
3 402 119 120
3 433 435 434
3 434 435 111
3 390 388 402
3 410 389 405
3 436 438 437
3 437 438 110
3 410 405 386
3 402 401 404
3 439 441 440
3 440 441 109
3 432 443 442
3 413 411 409
3 444 446 445
3 445 446 108
3 413 409 381
3 416 414 412
3 447 449 448
3 448 449 107
3 416 412 418
3 399 390 404
3 423 424 450
3 450 424 106
3 443 452 451
3 421 417 415
3 404 401 407
3 406 453 403
3 421 415 431
3 426 422 420
3 375 383 374
3 426 420 442
3 406 454 453
3 452 456 455
3 429 427 425
3 429 425 451
3 453 454 85
3 397 377 100
3 434 430 428
3 434 428 455
3 457 378 379
3 403 458 398
3 403 453 458
3 456 460 459
3 458 453 86
3 398 461 385
3 437 435 433
3 437 433 459
3 398 458 461
3 461 458 87
3 440 438 436
3 440 436 462
3 385 463 380
3 385 461 463
3 463 461 88
3 460 464 462
3 456 465 460
3 456 466 465
3 445 441 439
3 445 439 467
3 465 466 95
3 452 466 456
3 448 446 444
3 448 444 468
3 452 469 466
3 466 469 94
3 443 469 452
3 464 470 467
3 443 471 469
3 469 471 93
3 450 449 447
3 450 447 400
3 432 471 443
3 432 472 471
3 471 472 92
3 419 472 432
3 419 473 472
3 472 473 91
3 380 474 382
3 470 457 468
3 380 463 474
3 474 463 89
3 397 475 373
3 397 373 376
3 382 473 419
3 382 474 473
3 473 474 90
3 460 476 464
3 460 465 476
3 476 465 96
3 476 477 470
3 464 476 470
3 476 97 477
3 477 378 457
3 470 477 457
3 477 98 378
3 469 93 94
3 471 92 93
3 478 84 454
3 466 94 95
3 479 83 480
3 478 480 84
3 83 479 481
3 472 91 92
3 395 396 482
3 465 95 96
3 391 121 122
3 392 120 121
3 402 404 390
3 478 454 406
3 478 406 394
3 479 480 395
3 479 395 482
3 483 484 481
3 483 481 479
3 482 483 479
3 485 384 486
3 384 485 103
3 104 384 103
3 373 475 387
3 487 387 475
3 475 101 487
3 80 489 488
3 489 80 483
3 80 81 483
3 486 76 485
3 76 486 490
3 75 76 490
3 384 375 486
3 375 384 383
3 395 480 478
3 478 394 395
3 375 387 490
3 490 387 491
3 491 387 487
3 491 8 75
3 491 75 490
3 376 423 400
3 473 90 91
3 400 447 468
3 468 457 400
3 468 444 467
3 467 470 468
3 467 439 462
3 462 464 467
3 462 436 459
3 459 460 462
3 459 433 455
3 455 456 459
3 455 428 451
3 483 482 489
3 375 490 486
3 451 452 455
3 482 408 489
3 408 482 396
3 451 425 442
3 476 96 97
3 388 118 119
3 442 443 451
3 389 117 118
3 411 116 117
3 442 420 431
3 430 111 112
3 435 110 111
3 487 101 102
3 431 432 442
3 390 399 405
3 377 99 100
3 83 481 82
3 431 415 418
3 410 386 409
3 410 117 389
3 418 419 431
3 418 412 381
3 413 381 412
3 413 116 411
3 492 122 123
3 381 382 418
3 416 418 415
3 416 115 414
3 381 409 386
3 421 431 420
3 421 114 417
3 386 380 381
3 426 442 425
3 426 113 422
3 386 405 399
3 429 451 428
3 429 112 427
3 399 385 386
3 434 455 433
3 434 111 430
3 463 88 89
3 437 459 436
3 404 398 399
3 437 110 435
3 477 97 98
3 407 403 404
3 394 406 407
3 474 89 90
3 489 408 492
3 408 122 492
3 11 484 81
3 440 462 439
3 81 484 483
3 492 488 489
3 488 79 80
3 440 109 438
3 77 485 76
3 481 484 82
3 480 83 84
3 82 484 10
3 445 467 444
3 445 108 441
3 484 11 10
3 448 468 447
3 491 487 102
3 448 107 446
3 454 84 85
3 491 102 9
3 450 400 423
3 450 106 449
3 8 491 9
3 374 423 376
3 103 485 16
3 414 115 116
3 453 85 86
3 485 77 16
3 488 492 123
3 488 123 15
3 397 100 475
3 417 114 115
3 79 488 15
3 383 104 105
3 458 86 87
3 422 113 114
3 379 400 457
3 424 105 106
3 378 98 99
3 449 106 107
3 475 100 101
3 446 107 108
3 461 87 88
3 427 112 113
3 441 108 109
3 438 109 110
3 655 657 656
3 655 656 658
3 604 660 659
3 568 661 569
3 662 664 663
3 663 664 151
3 665 667 666
3 653 535 654
3 666 667 624
3 652 533 534
3 604 659 605
3 651 533 652
3 659 669 668
3 650 532 651
3 670 586 585
3 649 530 531
3 671 672 668
3 648 530 649
3 587 673 588
3 647 529 648
3 606 659 674
3 646 528 647
3 675 677 676
3 646 527 528
3 676 677 623
3 644 526 645
3 678 680 679
3 643 526 644
3 679 680 681
3 642 525 643
3 146 564 682
3 641 524 642
3 682 564 505
3 640 523 641
3 607 674 608
3 639 522 640
3 683 685 684
3 638 521 639
3 686 688 687
3 637 520 638
3 687 689 686
3 636 519 637
3 690 686 689
3 635 518 636
3 598 691 599
3 635 517 518
3 631 559 630
3 633 517 634
3 630 559 496
3 633 516 517
3 630 496 629
3 632 515 516
3 692 673 693
3 631 514 515
3 693 673 694
3 630 513 514
3 572 678 679
3 628 512 629
3 660 669 659
3 627 511 628
3 572 679 573
3 626 510 627
3 695 649 696
3 625 509 626
3 696 649 650
3 581 698 697
3 503 564 146
3 699 700 672
3 672 700 142
3 701 703 702
3 555 556 147
3 606 674 607
3 147 556 503
3 702 703 704
3 705 706 679
3 679 706 574
3 147 503 146
3 581 697 582
3 699 708 707
3 699 707 709
3 710 712 711
3 625 508 509
3 682 609 674
3 674 609 608
3 602 713 660
3 714 138 139
3 602 660 603
3 715 592 591
3 502 555 148
3 501 553 500
3 573 679 574
3 658 716 655
3 658 717 716
3 148 555 147
3 717 658 718
3 719 721 720
3 720 721 722
3 722 723 720
3 724 720 723
3 725 726 140
3 141 725 140
3 656 727 658
3 714 726 722
3 726 725 723
3 722 726 723
3 728 730 729
3 731 728 729
3 732 734 733
3 734 736 735
3 734 735 733
3 676 622 737
3 622 621 737
3 738 729 662
3 662 729 739
3 730 739 729
3 662 740 664
3 662 739 740
3 652 534 653
3 741 743 742
3 657 715 591
3 725 700 744
3 649 531 650
3 590 657 591
3 745 743 732
3 648 529 530
3 728 747 746
3 748 749 687
3 749 750 687
3 647 528 529
3 690 691 686
3 654 1 18
3 748 687 688
3 645 527 646
3 751 654 18
3 138 751 18
3 752 753 688
3 688 753 754
3 534 535 653
3 498 499 552
3 754 748 688
3 755 736 692
3 736 755 756
3 535 1 654
3 755 613 756
3 694 673 670
3 634 517 635
3 673 586 670
3 757 758 692
3 632 516 633
3 558 559 631
3 758 757 759
3 759 497 758
3 631 515 632
3 758 497 551
3 504 633 760
3 633 634 760
3 630 514 631
3 761 763 762
3 762 763 626
3 760 764 560
3 629 513 630
3 760 560 504
3 765 767 766
3 738 663 542
3 629 512 513
3 765 740 767
3 628 511 512
3 739 767 740
3 526 527 645
3 655 716 768
3 741 742 496
3 741 496 550
3 525 526 643
3 651 532 533
3 738 662 663
3 524 525 642
3 144 769 668
3 674 769 145
3 627 510 511
3 523 524 641
3 770 633 504
3 755 693 615
3 531 532 650
3 522 523 640
3 755 615 614
3 507 493 624
3 521 522 639
3 664 150 151
3 626 509 510
3 743 741 759
3 624 508 625
3 520 521 638
3 493 508 624
3 759 741 497
3 519 520 637
3 518 519 636
3 771 773 772
3 774 772 773
3 775 774 773
3 767 739 730
3 776 767 730
3 776 777 767
3 685 775 778
3 775 773 778
3 694 779 693
3 615 693 779
3 779 616 615
3 729 780 731
3 729 738 780
3 716 782 781
3 716 781 768
3 783 781 782
3 541 738 542
3 782 638 783
3 718 727 784
3 727 718 658
3 666 624 625
3 700 699 744
3 744 699 785
3 677 675 537
3 675 787 786
3 660 604 603
3 675 538 537
3 538 675 786
3 667 665 610
3 665 611 610
3 788 789 695
3 622 676 623
3 790 684 778
3 778 791 790
3 781 783 792
3 793 792 783
3 794 720 795
3 795 796 794
3 797 697 798
3 789 648 695
3 694 670 797
3 797 779 694
3 799 617 616
3 616 779 799
3 710 711 800
3 774 681 801
3 772 802 771
3 620 771 802
3 727 803 784
3 798 790 799
3 684 790 798
3 777 766 767
3 765 766 149
3 764 784 803
3 506 764 803
3 782 716 717
3 717 637 782
3 791 778 773
3 773 771 791
3 619 791 771
3 751 721 654
3 654 721 653
3 795 720 724
3 617 799 790
3 794 796 651
3 790 618 617
3 661 746 680
3 747 680 746
3 657 655 804
3 804 655 768
3 697 698 798
3 685 705 775
3 720 794 719
3 652 719 794
3 698 683 798
3 745 742 743
3 742 745 628
3 776 730 728
3 781 792 805
3 727 656 803
3 793 783 639
3 803 656 589
3 784 764 760
3 697 797 670
3 680 747 681
3 697 583 582
3 801 681 747
3 795 806 796
3 590 656 657
3 745 627 628
3 723 725 744
3 723 744 724
3 798 799 797
3 752 688 686
3 595 752 686
3 687 807 689
3 761 733 808
3 761 808 809
3 733 761 762
3 807 810 689
3 755 692 693
3 673 587 586
3 669 671 668
3 674 659 668
3 668 672 143
3 809 811 665
3 811 611 665
3 812 712 710
3 788 812 710
3 145 146 682
3 718 636 717
3 713 690 669
3 691 690 713
3 691 713 600
3 756 813 808
3 756 808 735
3 768 781 805
3 768 805 804
3 600 713 601
3 714 751 138
3 714 722 751
3 721 751 722
3 698 814 683
3 725 141 700
3 141 142 700
3 683 814 685
3 595 686 596
3 815 690 689
3 689 816 815
3 760 635 784
3 706 705 814
3 814 705 685
3 706 814 576
3 671 815 708
3 815 671 690
3 718 784 635
3 636 718 635
3 736 757 692
3 692 758 499
3 777 554 766
3 502 766 554
3 814 577 576
3 742 628 629
3 496 742 629
3 613 755 614
3 778 684 685
3 663 151 3
3 772 817 802
3 802 817 621
3 543 663 3
3 669 690 671
3 596 686 597
3 598 686 691
3 769 674 668
3 715 657 804
3 715 804 818
3 684 798 683
3 708 699 672
3 775 681 774
3 681 705 679
3 775 705 681
3 667 610 507
3 780 738 540
3 819 817 774
3 672 671 708
3 820 821 711
3 659 606 605
3 818 804 805
3 686 598 597
3 623 677 494
3 677 536 494
3 149 766 148
3 766 502 148
3 715 752 593
3 752 594 593
3 752 595 594
3 806 696 796
3 696 650 796
3 668 143 144
3 554 777 553
3 777 500 553
3 698 579 814
3 698 580 579
3 821 820 822
3 624 667 507
3 500 777 661
3 776 661 777
3 746 661 776
3 799 779 797
3 792 702 704
3 792 704 823
3 701 702 793
3 701 793 640
3 500 661 568
3 824 806 825
3 709 824 825
3 660 713 669
3 145 682 674
3 752 715 753
3 715 818 753
3 673 499 588
3 680 678 661
3 670 585 584
3 678 570 661
3 822 826 821
3 821 826 827
3 661 570 569
3 814 579 578
3 632 828 631
3 558 828 557
3 609 682 505
3 570 678 571
3 829 696 806
3 805 792 823
3 805 823 818
3 702 792 793
3 696 829 695
3 824 709 830
3 824 829 806
3 829 824 830
3 825 795 785
3 673 692 499
3 795 825 806
3 759 734 743
3 709 825 785
3 753 818 823
3 759 736 734
3 715 593 592
3 640 793 639
3 691 600 599
3 540 738 541
3 728 831 801
3 728 801 747
3 731 780 786
3 786 780 539
3 815 832 708
3 787 831 731
3 831 787 819
3 831 728 731
3 769 144 145
3 772 774 817
3 539 780 540
3 802 621 620
3 580 698 581
3 704 703 833
3 704 833 754
3 834 703 701
3 834 701 641
3 796 650 651
3 612 813 613
3 639 783 638
3 771 620 619
3 647 789 800
3 601 713 602
3 577 814 578
3 756 735 736
3 706 576 575
3 756 613 813
3 786 539 538
3 823 704 754
3 823 754 753
3 786 787 731
3 800 711 827
3 820 711 712
3 699 709 785
3 794 651 652
3 757 736 759
3 641 701 640
3 710 800 789
3 791 619 618
3 638 782 637
3 732 743 734
3 675 676 787
3 618 790 791
3 789 647 648
3 834 835 703
3 703 835 833
3 833 835 749
3 833 749 748
3 836 835 834
3 836 834 642
3 761 809 666
3 787 737 819
3 737 787 676
3 672 142 143
3 811 612 611
3 811 809 813
3 795 724 785
3 785 724 744
3 612 811 813
3 140 726 139
3 670 584 697
3 812 788 830
3 574 706 575
3 656 590 589
3 762 626 627
3 762 732 733
3 809 808 813
3 735 808 733
3 642 834 641
3 812 832 712
3 754 833 748
3 637 717 636
3 832 812 830
3 497 741 550
3 626 763 625
3 666 763 761
3 763 666 625
3 719 652 653
3 721 719 653
3 788 710 789
3 746 776 728
3 836 837 835
3 835 837 749
3 749 837 750
3 665 666 809
3 838 837 836
3 838 836 643
3 707 832 830
3 832 707 708
3 571 678 572
3 830 788 829
3 709 707 830
3 801 819 774
3 643 836 642
3 635 760 634
3 803 589 506
3 819 801 831
3 499 758 552
3 758 551 552
3 817 819 737
3 817 737 621
3 150 765 149
3 765 150 740
3 542 663 543
3 838 839 837
3 837 839 750
3 750 839 807
3 750 807 687
3 826 839 838
3 826 838 644
3 788 695 829
3 732 762 745
3 745 762 627
3 644 838 643
3 807 822 810
3 633 770 632
3 557 770 504
3 697 584 583
3 827 826 645
3 826 822 839
3 839 822 807
3 714 139 726
3 695 648 649
3 810 820 816
3 645 826 644
3 810 816 689
3 646 827 645
3 536 677 537
3 800 827 646
3 821 827 711
3 822 820 810
3 150 664 740
3 647 800 646
3 816 712 832
3 816 832 815
3 632 770 828
3 764 506 560
3 820 712 816
3 828 770 557
3 828 558 631
3 840 842 841
3 541 840 540
3 842 840 843
3 842 843 545
3 841 842 548
3 548 842 547
3 843 63 5
3 62 843 840
3 841 537 538
3 841 539 840
3 539 841 538
3 545 843 546
3 546 843 5
3 841 548 549
3 841 549 494
3 537 841 536
3 536 841 494
3 62 844 61
3 844 62 840
3 547 842 495
3 842 545 544
3 842 544 495
3 840 539 540
3 541 844 840
3 542 844 541
3 61 844 3
3 843 62 63
3 844 542 543
3 844 543 3
3 845 847 846
3 845 846 848
3 849 851 850
3 852 854 853
3 849 850 585
3 855 856 590
3 857 852 858
3 845 859 847
3 860 862 861
3 860 861 604
3 863 865 864
3 866 868 867
3 863 864 607
3 851 849 869
3 870 857 871
3 872 851 848
3 864 873 606
3 874 860 605
3 875 870 876
3 869 848 851
3 877 861 862
3 874 606 873
3 878 875 879
3 868 863 880
3 881 883 882
3 882 883 603
3 880 863 608
3 865 863 868
3 884 886 885
3 885 886 602
3 865 868 866
3 873 865 879
3 887 889 888
3 888 889 601
3 854 891 890
3 873 864 865
3 892 894 893
3 893 894 600
3 879 865 866
3 846 896 895
3 897 899 898
3 898 899 599
3 846 855 896
3 896 855 591
3 900 902 901
3 901 902 598
3 891 904 903
3 874 605 606
3 905 907 906
3 906 907 597
3 862 860 874
3 882 861 877
3 908 910 909
3 909 910 596
3 882 877 858
3 874 873 876
3 911 913 912
3 912 913 595
3 904 915 914
3 885 883 881
3 916 918 917
3 917 918 594
3 885 881 853
3 888 886 884
3 919 921 920
3 920 921 593
3 888 884 890
3 871 862 876
3 895 896 922
3 922 896 592
3 915 924 923
3 893 889 887
3 876 873 879
3 878 925 875
3 893 887 903
3 898 894 892
3 847 855 846
3 898 892 914
3 878 926 925
3 924 928 927
3 901 899 897
3 901 897 923
3 925 926 571
3 869 849 586
3 906 902 900
3 906 900 927
3 929 850 851
3 875 930 870
3 875 925 930
3 928 932 931
3 930 925 572
3 870 933 857
3 909 907 905
3 909 905 931
3 870 930 933
3 933 930 573
3 912 910 908
3 912 908 934
3 857 935 852
3 857 933 935
3 935 933 574
3 932 936 934
3 928 937 932
3 928 938 937
3 917 913 911
3 917 911 939
3 937 938 581
3 924 938 928
3 920 918 916
3 920 916 940
3 924 941 938
3 938 941 580
3 915 941 924
3 936 942 939
3 915 943 941
3 941 943 579
3 922 921 919
3 922 919 872
3 904 943 915
3 904 944 943
3 943 944 578
3 891 944 904
3 891 945 944
3 944 945 577
3 852 946 854
3 942 929 940
3 852 935 946
3 946 935 575
3 869 947 845
3 869 845 848
3 854 945 891
3 854 946 945
3 945 946 576
3 932 948 936
3 932 937 948
3 948 937 582
3 948 949 942
3 936 948 942
3 948 583 949
3 949 850 929
3 942 949 929
3 949 584 850
3 941 579 580
3 943 578 579
3 950 570 926
3 938 580 581
3 951 569 952
3 950 952 570
3 569 951 953
3 944 577 578
3 867 868 954
3 937 581 582
3 863 607 608
3 864 606 607
3 874 876 862
3 950 926 878
3 950 878 866
3 951 952 867
3 951 867 954
3 955 956 953
3 955 953 951
3 954 955 951
3 957 856 958
3 856 957 589
3 590 856 589
3 845 947 859
3 959 859 947
3 947 587 959
3 566 961 960
3 961 566 955
3 566 567 955
3 958 562 957
3 562 958 962
3 561 562 962
3 856 847 958
3 847 856 855
3 867 952 950
3 950 866 867
3 847 859 962
3 962 859 963
3 963 859 959
3 963 498 561
3 963 561 962
3 848 895 872
3 945 576 577
3 872 919 940
3 940 929 872
3 940 916 939
3 939 942 940
3 939 911 934
3 934 936 939
3 934 908 931
3 931 932 934
3 931 905 927
3 927 928 931
3 927 900 923
3 955 954 961
3 847 962 958
3 923 924 927
3 954 880 961
3 880 954 868
3 923 897 914
3 948 582 583
3 860 604 605
3 914 915 923
3 861 603 604
3 883 602 603
3 914 892 903
3 902 597 598
3 907 596 597
3 959 587 588
3 903 904 914
3 862 871 877
3 849 585 586
3 569 953 568
3 903 887 890
3 882 858 881
3 882 603 861
3 890 891 903
3 890 884 853
3 885 853 884
3 885 602 883
3 964 608 609
3 853 854 890
3 888 890 887
3 888 601 886
3 853 881 858
3 893 903 892
3 893 600 889
3 858 852 853
3 898 914 897
3 898 599 894
3 858 877 871
3 901 923 900
3 901 598 899
3 871 857 858
3 906 927 905
3 906 597 902
3 935 574 575
3 909 931 908
3 876 870 871
3 909 596 907
3 949 583 584
3 879 875 876
3 866 878 879
3 946 575 576
3 961 880 964
3 880 608 964
3 501 956 567
3 912 934 911
3 567 956 955
3 964 960 961
3 960 565 566
3 912 595 910
3 563 957 562
3 953 956 568
3 952 569 570
3 568 956 500
3 917 939 916
3 917 594 913
3 956 501 500
3 920 940 919
3 963 959 588
3 920 593 918
3 926 570 571
3 963 588 499
3 922 872 895
3 922 592 921
3 498 963 499
3 846 895 848
3 589 957 506
3 886 601 602
3 925 571 572
3 957 563 506
3 960 964 609
3 960 609 505
3 869 586 947
3 889 600 601
3 565 960 505
3 855 590 591
3 930 572 573
3 894 599 600
3 851 872 929
3 896 591 592
3 850 584 585
3 921 592 593
3 947 586 587
3 918 593 594
3 933 573 574
3 899 598 599
3 913 594 595
3 910 595 596
CELL_TYPES 1776
5
5
5
5
5
5
5
5
5
5
5
5
5
5
5
5
5
5
5
5
5
5
5
5
5
5
5
5
5
5
5
5
5
5
5
5
5
5
5
5
5
5
5
5
5
5
5
5
5
5
5
5
5
5
5
5
5
5
5
5
5
5
5
5
5
5
5
5
5
5
5
5
5
5
5
5
5
5
5
5
5
5
5
5
5
5
5
5
5
5
5
5
5
5
5
5
5
5
5
5
5
5
5
5
5
5
5
5
5
5
5
5
5
5
5
5
5
5
5
5
5
5
5
5
5
5
5
5
5
5
5
5
5
5
5
5
5
5
5
5
5
5
5
5
5
5
5
5
5
5
5
5
5
5
5
5
5
5
5
5
5
5
5
5
5
5
5
5
5
5
5
5
5
5
5
5
5
5
5
5
5
5
5
5
5
5
5
5
5
5
5
5
5
5
5
5
5
5
5
5
5
5
5
5
5
5
5
5
5
5
5
5
5
5
5
5
5
5
5
5
5
5
5
5
5
5
5
5
5
5
5
5
5
5
5
5
5
5
5
5
5
5
5
5
5
5
5
5
5
5
5
5
5
5
5
5
5
5
5
5
5
5
5
5
5
5
5
5
5
5
5
5
5
5
5
5
5
5
5
5
5
5
5
5
5
5
5
5
5
5
5
5
5
5
5
5
5
5
5
5
5
5
5
5
5
5
5
5
5
5
5
5
5
5
5
5
5
5
5
5
5
5
5
5
5
5
5
5
5
5
5
5
5
5
5
5
5
5
5
5
5
5
5
5
5
5
5
5
5
5
5
5
5
5
5
5
5
5
5
5
5
5
5
5
5
5
5
5
5
5
5
5
5
5
5
5
5
5
5
5
5
5
5
5
5
5
5
5
5
5
5
5
5
5
5
5
5
5
5
5
5
5
5
5
5
5
5
5
5
5
5
5
5
5
5
5
5
5
5
5
5
5
5
5
5
5
5
5
5
5
5
5
5
5
5
5
5
5
5
5
5
5
5
5
5
5
5
5
5
5
5
5
5
5
5
5
5
5
5
5
5
5
5
5
5
5
5
5
5
5
5
5
5
5
5
5
5
5
5
5
5
5
5
5
5
5
5
5
5
5
5
5
5
5
5
5
5
5
5
5
5
5
5
5
5
5
5
5
5
5
5
5
5
5
5
5
5
5
5
5
5
5
5
5
5
5
5
5
5
5
5
5
5
5
5
5
5
5
5
5
5
5
5
5
5
5
5
5
5
5
5
5
5
5
5
5
5
5
5
5
5
5
5
5
5
5
5
5
5
5
5
5
5
5
5
5
5
5
5
5
5
5
5
5
5
5
5
5
5
5
5
5
5
5
5
5
5
5
5
5
5
5
5
5
5
5
5
5
5
5
5
5
5
5
5
5
5
5
5
5
5
5
5
5
5
5
5
5
5
5
5
5
5
5
5
5
5
5
5
5
5
5
5
5
5
5
5
5
5
5
5
5
5
5
5
5
5
5
5
5
5
5
5
5
5
5
5
5
5
5
5
5
5
5
5
5
5
5
5
5
5
5
5
5
5
5
5
5
5
5
5
5
5
5
5
5
5
5
5
5
5
5
5
5
5
5
5
5
5
5
5
5
5
5
5
5
5
5
5
5
5
5
5
5
5
5
5
5
5
5
5
5
5
5
5
5
5
5
5
5
5
5
5
5
5
5
5
5
5
5
5
5
5
5
5
5
5
5
5
5
5
5
5
5
5
5
5
5
5
5
5
5
5
5
5
5
5
5
5
5
5
5
5
5
5
5
5
5
5
5
5
5
5
5
5
5
5
5
5
5
5
5
5
5
5
5
5
5
5
5
5
5
5
5
5
5
5
5
5
5
5
5
5
5
5
5
5
5
5
5
5
5
5
5
5
5
5
5
5
5
5
5
5
5
5
5
5
5
5
5
5
5
5
5
5
5
5
5
5
5
5
5
5
5
5
5
5
5
5
5
5
5
5
5
5
5
5
5
5
5
5
5
5
5
5
5
5
5
5
5
5
5
5
5
5
5
5
5
5
5
5
5
5
5
5
5
5
5
5
5
5
5
5
5
5
5
5
5
5
5
5
5
5
5
5
5
5
5
5
5
5
5
5
5
5
5
5
5
5
5
5
5
5
5
5
5
5
5
5
5
5
5
5
5
5
5
5
5
5
5
5
5
5
5
5
5
5
5
5
5
5
5
5
5
5
5
5
5
5
5
5
5
5
5
5
5
5
5
5
5
5
5
5
5
5
5
5
5
5
5
5
5
5
5
5
5
5
5
5
5
5
5
5
5
5
5
5
5
5
5
5
5
5
5
5
5
5
5
5
5
5
5
5
5
5
5
5
5
5
5
5
5
5
5
5
5
5
5
5
5
5
5
5
5
5
5
5
5
5
5
5
5
5
5
5
5
5
5
5
5
5
5
5
5
5
5
5
5
5
5
5
5
5
5
5
5
5
5
5
5
5
5
5
5
5
5
5
5
5
5
5
5
5
5
5
5
5
5
5
5
5
5
5
5
5
5
5
5
5
5
5
5
5
5
5
5
5
5
5
5
5
5
5
5
5
5
5
5
5
5
5
5
5
5
5
5
5
5
5
5
5
5
5
5
5
5
5
5
5
5
5
5
5
5
5
5
5
5
5
5
5
5
5
5
5
5
5
5
5
5
5
5
5
5
5
5
5
5
5
5
5
5
5
5
5
5
5
5
5
5
5
5
5
5
5
5
5
5
5
5
5
5
5
5
5
5
5
5
5
5
5
5
5
5
5
5
5
5
5
5
5
5
5
5
5
5
5
5
5
5
5
5
5
5
5
5
5
5
5
5
5
5
5
5
5
5
5
5
5
5
5
5
5
5
5
5
5
5
5
5
5
5
5
5
5
5
5
5
5
5
5
5
5
5
5
5
5
5
5
5
5
5
5
5
5
5
5
5
5
5
5
5
5
5
5
5
5
5
5
5
5
5
5
5
5
5
5
5
5
5
5
5
5
5
5
5
5
5
5
5
5
5
5
5
5
5
5
5
5
5
5
5
5
5
5
5
5
5
5
5
5
5
5
5
5
5
5
5
5
5
5
5
5
5
5
5
5
5
5
5
5
5
5
5
5
5
5
5
5
5
5
5
5
5
5
5
5
5
5
5
5
5
5
5
5
5
5
5
5
5
5
5
5
5
5
5
5
5
5
5
5
5
5
5
5
5
5
5
5
5
5
5
5
5
5
5
5
5
5
5
5
5
5
5
5
5
5
5
5
5
5
5
5
5
5
5
5
5
5
5
5
5
5
5
5
5
5
5
5
5
5
5
5
5
5
5
5
5
5
5
5
5
5
5
5
5
5
5
5
5
5
5
5
5
5
5
5
5
5
5
5
5
5
5
5
5
5
5
5
5
5
5
5
5
5
5
5
5
5
5
5
5
5
5
5
5
5
5
5
5
5
5
5
5
5
5
5
5
5
5
5
5
5
5
5
5
5
5
5
5
5
5
5
5
5
5
5
5
5
5
5
5
5
5
5
5
5
5
5
5
5
5
5
5
5
5
5
5
5
5
5
5
5
5
5
5
5
5
5
5
5
5
5
5
5
5
5
5
5
5
5
5
5
5
5
5
5
5
5
5
5
5
5
5
5
5
5
5
5
5
5
5
5
5
5
5
5
5
5
5
5
5
5
5
5
5
5
5
5
5
5
5
5
5
5
5
5
5
5
5
5
5
5
5
5
5
5
5
5
5
5
5
5
5
5
5
5
5
5
5
5
5
5
5
5
5
5
5
5
5
5
5
5
5
5
5
5
5
5
5
5
5
5
5
5
5
5
5
5
5
5
5
5
5
5
5
5
5
5
5
5
5
5
5
5
5
5
5
5
5
5
5
5
5
5
5
5
5
5
5
5
5
5
5
5
5
5
5
5
5
5
5
5
5
5
5
5
5
5
5
5
5
5
5
5
5
5
5
5
5
5
5
5
5
5
5
5
5
5
5
5
5
5
5
5
5
5
5
5
5
5
5
5
5
5
5
POINT_DATA 965
SCALARS node_id int 1
LOOKUP_TABLE default
1
2
3
4
5
6
7
8
9
10
11
12
13
14
15
16
17
18
19
20
21
22
23
24
25
26
27
28
29
30
31
32
33
34
35
36
37
38
39
40
41
42
43
44
45
46
47
48
49
50
51
52
53
54
55
56
57
58
59
60
61
62
63
64
65
66
67
68
69
70
71
72
73
74
75
76
77
78
79
80
81
82
83
84
85
86
87
88
89
90
91
92
93
94
95
96
97
98
99
100
101
102
103
104
105
106
107
108
109
110
111
112
113
114
115
116
117
118
119
120
121
122
123
124
125
126
127
128
129
130
131
132
133
134
135
136
137
138
139
140
141
142
143
144
145
146
147
148
149
150
151
152
153
154
155
156
157
158
159
160
161
162
163
164
165
166
167
168
169
170
171
172
173
174
175
176
177
178
179
180
181
182
183
184
185
186
187
188
189
190
191
192
193
194
195
196
197
198
199
200
201
202
203
204
205
206
207
208
209
210
211
212
213
214
215
216
217
218
219
220
221
222
223
224
225
226
227
228
229
230
231
232
233
234
235
236
237
238
239
240
241
242
243
244
245
246
247
248
249
250
251
252
253
254
255
256
257
258
259
260
261
262
263
264
265
266
267
268
269
270
271
272
273
274
275
276
277
278
279
280
281
282
283
284
285
286
287
288
289
290
291
292
293
294
295
296
297
298
299
300
301
302
303
304
305
306
307
308
309
310
311
312
313
314
315
316
317
318
319
320
321
322
323
324
325
326
327
328
329
330
331
332
333
334
335
336
337
338
339
340
341
342
343
344
345
346
347
348
349
350
351
352
353
354
355
356
357
358
359
360
361
362
363
364
365
366
367
368
369
370
371
372
373
374
375
376
377
378
379
380
381
382
383
384
385
386
387
388
389
390
391
392
393
394
395
396
397
398
399
400
401
402
403
404
405
406
407
408
409
410
411
412
413
414
415
416
417
418
419
420
421
422
423
424
425
426
427
428
429
430
431
432
433
434
435
436
437
438
439
440
441
442
443
444
445
446
447
448
449
450
451
452
453
454
455
456
457
458
459
460
461
462
463
464
465
466
467
468
469
470
471
472
473
474
475
476
477
478
479
480
481
482
483
484
485
486
487
488
489
490
491
492
493
501
502
503
504
505
506
507
508
509
510
511
512
513
514
515
516
517
518
519
520
521
522
523
524
525
526
527
528
529
530
531
532
533
534
535
536
537
538
539
540
541
542
543
544
545
546
547
548
549
550
551
552
553
554
555
556
557
558
559
560
561
562
563
564
565
566
567
568
569
570
571
572
573
574
575
576
577
578
579
580
581
582
583
584
585
586
587
588
589
590
591
592
593
594
595
596
597
598
599
600
601
602
603
604
605
606
607
608
609
610
611
612
613
614
615
616
617
618
619
620
621
622
623
624
625
626
627
628
629
630
631
632
633
634
635
636
637
638
639
640
641
642
643
644
645
646
647
648
649
650
651
652
653
654
655
656
657
658
659
660
661
662
663
664
665
666
667
668
669
670
671
672
673
674
675
676
677
678
679
680
681
682
683
684
685
686
687
688
689
690
691
692
693
694
695
696
697
698
699
700
701
702
703
704
705
706
707
708
709
710
711
712
713
714
715
716
717
718
719
720
721
722
723
724
725
726
727
728
729
730
731
732
733
734
735
736
737
738
739
740
741
742
743
744
745
746
747
748
749
750
751
752
753
754
755
756
757
758
759
760
761
762
763
764
765
766
767
768
769
770
771
772
773
774
775
776
777
778
779
780
781
782
783
784
785
786
787
788
789
790
791
792
793
794
795
796
797
798
799
800
801
802
803
804
805
806
807
808
809
810
811
812
813
814
815
816
817
818
819
820
821
822
823
824
825
826
827
828
829
830
831
832
833
834
835
836
837
838
839
840
841
842
843
844
845
846
847
848
849
850
851
852
853
854
855
856
857
858
859
860
861
862
863
864
865
866
867
868
869
870
871
872
873
874
875
876
877
878
879
880
881
882
883
884
885
886
887
888
889
890
891
892
893
894
895
896
897
898
899
900
901
902
903
904
905
906
907
908
909
910
911
912
913
914
915
916
917
918
919
920
921
922
923
924
925
926
927
928
929
930
931
932
933
934
935
936
937
938
939
940
941
942
943
944
945
946
947
948
949
950
951
952
953
954
955
956
957
958
959
960
961
962
963
964
965
966
967
968
969
970
971
972
SCALARS displacement_magnitude double 1
LOOKUP_TABLE default
6.045282326925537e-08
6.076923143976160e-08
3.410342270732911e-08
3.284315810431010e-08
9.673701068646654e-09
1.855450203134293e-12
6.022081949469701e-08
6.029238529794741e-08
6.096430406669901e-08
6.049969146375874e-08
5.022810412094012e-08
5.100544043558871e-08
4.756097632204930e-08
5.612516085077329e-08
6.045637041682776e-08
5.697181013940647e-08
6.088749368191967e-08
6.053126696881418e-08
6.086855181275653e-08
6.044548306882700e-08
6.045453130408658e-08
6.045225974457300e-08
6.036194616247112e-08
6.011010066627040e-08
5.982435033029084e-08
5.976027441749608e-08
5.983320867096049e-08
6.008117960943792e-08
6.048274301206783e-08
6.076754835412611e-08
6.085193977987162e-08
6.084343004952994e-08
6.082121627043007e-08
6.080850282077211e-08
6.080652544852751e-08
6.080996312291255e-08
6.081742046042000e-08
6.082547053944458e-08
6.081894477537643e-08
6.083044146725770e-08
6.083329760428591e-08
6.080826028502243e-08
6.080043766851943e-08
6.078435496311610e-08
6.079993324462392e-08
6.080164712258693e-08
6.079675056301015e-08
3.409664428849675e-08
3.404832877679405e-08
3.393152353266323e-08
3.373724742536638e-08
3.341744856547700e-08
3.336799625803526e-08
3.318798965500958e-08
3.295852736461302e-08
1.982344209531267e-09
1.304956740025117e-09
4.977389133768119e-10
1.483162866511900e-08
2.127001960893174e-08
2.780337274506063e-08
2.621930203306535e-08
1.871148345865595e-08
9.638710830480373e-09
6.013867687186618e-08
6.039105326383621e-08
6.054985975727644e-08
4.824885595093208e-08
4.699602516996460e-08
5.016857236410583e-08
5.311370750517310e-08
6.039342390005011e-08
6.036741739342919e-08
6.029010985973923e-08
6.077100290332221e-08
6.091993402435159e-08
6.081952369415917e-08
6.081342324676500e-08
5.678457527039085e-08
5.659888151940966e-08
5.587270624066293e-08
5.421532254313399e-08
5.129695120848742e-08
5.223989743702791e-08
5.303549475377937e-08
5.377834328404589e-08
5.443691809982842e-08
5.503589345694366e-08
5.558316725778625e-08
5.612139077679331e-08
5.661710779384851e-08
5.711451224789752e-08
5.756512256933108e-08
5.800764223839501e-08
5.846179178245539e-08
5.887144282127301e-08
5.918314761817766e-08
5.947089698850331e-08
5.974055210081353e-08
6.000139934770455e-08
6.024031436392965e-08
6.043614387990308e-08
6.055055459244035e-08
6.087367684935425e-08
6.088180638346726e-08
6.085602377963003e-08
6.083780010177998e-08
6.079960682104786e-08
6.072820117980340e-08
6.064835608765406e-08
6.046399808111354e-08
6.026127530438646e-08
6.009276492527450e-08
5.987239356863203e-08
5.964143527742861e-08
5.940177882396997e-08
5.914884996633495e-08
5.886580008618160e-08
5.860153961153773e-08
5.827545417429528e-08
5.800555545328186e-08
5.769974693964094e-08
5.742324726691528e-08
5.717079427855886e-08
6.062931543310290e-08
6.066967373415777e-08
6.064768073503324e-08
6.048248879162962e-08
6.018136460182558e-08
5.957606401398311e-08
5.851830780012046e-08
5.702294115310535e-08
5.504484970608272e-08
5.259052591390905e-08
4.969141481547529e-08
4.635067604308796e-08
4.277491569678136e-08
3.862233937087155e-08
6.103994564670061e-08
6.113108002782358e-08
6.117652879586348e-08
6.115518349006267e-08
6.088027758158590e-08
6.038700296453982e-08
5.958939160870393e-08
5.850477716008248e-08
5.695819571241667e-08
5.223762234296563e-08
4.707177921789331e-08
4.442334710371479e-08
4.118641406395697e-08
3.722214118487425e-08
6.053454474524880e-08
6.054616691708600e-08
6.055960272360235e-08
6.052088486848749e-08
6.038164587967135e-08
6.010557278093511e-08
5.991913686863140e-08
5.994708987591815e-08
6.001136800512142e-08
6.024771160632735e-08
6.061432107321674e-08
6.087031212137235e-08
6.095504339293372e-08
6.094980973858751e-08
6.092372555042029e-08
6.090433803646532e-08
6.089856638274318e-08
6.089867889493457e-08
6.090345221551962e-08
6.091159476770644e-08
6.091964991169436e-08
6.091743357492258e-08
6.092668885123350e-08
6.093900006198974e-08
6.091460153897710e-08
6.090354995991223e-08
6.088657395404155e-08
6.088763253546986e-08
6.090631410859370e-08
6.089397014151364e-08
6.089209485205373e-08
6.110147355606704e-08
6.102648904860997e-08
6.100304333197947e-08
6.111118711061999e-08
5.897186214297991e-08
5.930263294775624e-08
5.058874343858927e-08
3.900824525860202e-08
3.579142616628219e-08
3.900053894507086e-08
6.068181484475382e-08
6.066473268028087e-08
6.061865459079685e-08
5.988214737385604e-08
6.003812426674973e-08
5.972551855227469e-08
6.069061129383111e-08
6.078803782942529e-08
6.025300273315868e-08
5.830847614331757e-08
3.744657133830916e-08
4.022441360671711e-08
3.645340858945784e-08
5.287259907853013e-08
5.382286637950056e-08
5.113838869103876e-08
5.110860708056901e-08
5.746486535175455e-08
5.672437343500026e-08
5.578579409356671e-08
5.507768151923986e-08
6.064301696362325e-08
6.111520520623907e-08
6.100185489525749e-08
6.102584722648370e-08
6.060646164497909e-08
6.016009234806566e-08
6.023688856562670e-08
5.980323194716484e-08
5.963719266346621e-08
6.105260397853420e-08
6.105076772262534e-08
5.879175401032393e-08
5.798624437748147e-08
6.119317838420693e-08
6.107816680580336e-08
6.101567064773061e-08
6.107467248205422e-08
6.108480511381086e-08
6.111303903475621e-08
5.418536987280817e-08
5.556113250186255e-08
6.117811741912982e-08
6.106344231181161e-08
6.120569724298117e-08
6.115617775915652e-08
6.113879307896095e-08
6.118844636755676e-08
5.980473587038344e-08
6.111800839667742e-08
6.101740198889458e-08
6.110430905661273e-08
6.107251541304758e-08
6.108904014441602e-08
6.099573543917329e-08
6.110042058554612e-08
6.100807527744643e-08
6.111415267925051e-08
6.117235792646554e-08
6.116061999892337e-08
6.119011643367546e-08
6.116232447882021e-08
6.110793657004460e-08
4.541680311425140e-08
4.081912775748382e-08
4.404634544898840e-08
4.125191237720258e-08
6.070279570021373e-08
6.068641140985222e-08
6.063631835841424e-08
6.059784788550422e-08
6.044743426017485e-08
4.406699521310031e-08
3.623039152632806e-08
4.210927347235796e-08
4.175879222404005e-08
6.052981950410315e-08
6.051701316280342e-08
6.063694457399987e-08
6.117113840508411e-08
6.063671826228252e-08
4.867626670534485e-08
4.883361467088082e-08
6.111682585335384e-08
6.114451636022592e-08
6.116059439690481e-08
6.102387502965457e-08
6.093319175654631e-08
6.105273051862539e-08
6.110388377525014e-08
6.034955947228800e-08
6.059124953295453e-08
6.038201380834446e-08
6.026208575254878e-08
6.047491174531309e-08
6.081638564984718e-08
6.070643086007994e-08
6.068560117643547e-08
6.064243415484799e-08
6.095592861823893e-08
4.371791497045226e-08
4.606962101968398e-08
4.471356060982848e-08
6.111255117631120e-08
5.907548393645468e-08
6.021593462889586e-08
5.107692838408223e-08
4.976978885674646e-08
5.169618480211202e-08
4.949864624732791e-08
5.227829060998393e-08
4.698177294210728e-08
4.765087611813670e-08
5.409019553105600e-08
5.891257957975803e-08
3.720634403609662e-08
6.109345516835009e-08
6.104039967886594e-08
6.101916070401531e-08
6.103941430795390e-08
6.118970329179997e-08
3.745568743965503e-08
4.180034392033189e-08
6.116397165287438e-08
6.106014367389676e-08
5.586340206307242e-08
5.336434305575170e-08
6.109303048761872e-08
6.101825609634449e-08
6.103968198493967e-08
6.115514755636512e-08
6.102025036010301e-08
5.878203561029014e-08
5.748160568570957e-08
5.771602013191808e-08
6.106573171460901e-08
4.764560337220246e-08
4.893039350410542e-08
6.101154065325471e-08
6.108378026536155e-08
6.111123946571486e-08
6.111447972212227e-08
6.116312727632710e-08
6.065879759332062e-08
6.068893923898475e-08
6.118144924958773e-08
6.068399263471495e-08
6.121456931991215e-08
6.063533848845376e-08
5.660784061798134e-08
6.112020296040872e-08
6.120566143553280e-08
4.746747445487301e-08
6.107747142313361e-08
4.578603654391713e-08
6.120470655565577e-08
6.115768730467578e-08
6.117871675308663e-08
6.111108504232563e-08
6.117886690200128e-08
6.117458972015113e-08
6.109941439656139e-08
6.106219005757833e-08
6.016594412807552e-08
6.113661668269863e-08
6.119192197811774e-08
4.435044405687160e-08
6.120818745511281e-08
6.112495912431263e-08
6.103111488046791e-08
6.110171787399916e-08
6.104941962499385e-08
6.112160815295956e-08
6.106343095318683e-08
6.114349355678391e-08
2.547310245365254e-08
2.901679577400153e-08
1.364257151575247e-08
1.170614360530074e-08
2.920047661671316e-08
6.068460620741888e-08
6.067910846731304e-08
6.068780666413198e-08
6.057337664969298e-08
6.029432692519741e-08
6.008397415409179e-08
6.038089096615152e-08
5.720783081771368e-08
5.786138530559959e-08
5.763112697314480e-08
6.074670083296313e-08
6.072967337625037e-08
5.676778590911447e-08
5.746961816502417e-08
6.074391666113838e-08
5.807861824923982e-08
5.817617722657759e-08
5.757443814947612e-08
5.701075884493437e-08
5.739149072688094e-08
5.655829516705166e-08
5.557233189567087e-08
5.468834721147357e-08
5.597418323840708e-08
6.052152832845104e-08
5.631228489305893e-08
5.710505264452069e-08
6.050252718223783e-08
5.711673682721598e-08
5.766488896024206e-08
5.582233575015513e-08
5.676484769922791e-08
5.769838398594567e-08
5.522168266730840e-08
5.617426498863708e-08
5.651836588503682e-08
5.812193817960988e-08
5.817908884666791e-08
5.857669658477478e-08
5.846650396546197e-08
5.853474626205449e-08
5.888557718297142e-08
5.879437654066509e-08
5.885098973363095e-08
5.917327246260285e-08
5.823481339098527e-08
5.803439465879631e-08
5.910610857286375e-08
5.915155157822588e-08
5.944782232124059e-08
6.064870516174914e-08
6.074017391010436e-08
5.939840883480426e-08
5.943646791193428e-08
5.970727793209348e-08
5.967095026773786e-08
5.969882008595213e-08
5.993737243321790e-08
5.858998326250403e-08
5.841873068185491e-08
5.992791624442445e-08
5.994565316024001e-08
6.016441180681338e-08
6.015596991947706e-08
6.017776221864899e-08
6.037376123500645e-08
6.034122429970878e-08
6.037019946009008e-08
6.052445337237719e-08
5.892669493296630e-08
5.878124033202827e-08
6.048582828776739e-08
6.051811451427997e-08
6.063793292461763e-08
6.058497139967636e-08
6.062660469509067e-08
6.071272363314406e-08
6.069053268632632e-08
5.924319883748273e-08
5.912610314242786e-08
5.486989552049868e-08
5.430226250593109e-08
5.954106329215170e-08
5.944851638754999e-08
6.021607578672616e-08
5.543659164416877e-08
5.981531529745557e-08
5.972888739993909e-08
5.596571724693241e-08
6.005265155128821e-08
5.646380385408311e-08
5.996743349276866e-08
5.935240848285396e-08
5.901498211008782e-08
6.024789373115027e-08
6.040310204652679e-08
5.863520715510355e-08
6.008049050471366e-08
5.823892081082465e-08
5.782954151137087e-08
5.739406142927686e-08
5.694109680859782e-08
6.060685919630992e-08
5.964257257872427e-08
5.987816254062460e-08
5.442819934020959e-08
5.359681076491595e-08
5.359839182462256e-08
5.245687438572639e-08
5.516836058893838e-08
5.407686416187304e-08
5.174456578689413e-08
6.074207461408226e-08
6.067744539924503e-08
6.074056677593328e-08
5.678891916887483e-08
5.599975006379984e-08
6.072749899449351e-08
6.099820598058625e-08
5.685225307860143e-08
6.045282330670097e-08
3.410342087094281e-08
9.673703226348418e-09
6.022082192994428e-08
6.029238692193617e-08
6.096430385226908e-08
6.049969152790625e-08
5.022810376551247e-08
5.100544004169264e-08
4.756097630315145e-08
5.612516073045799e-08
6.045637013030697e-08
5.697181034013677e-08
6.088749352321771e-08
6.053126535520958e-08
6.044548099694178e-08
6.045452999323913e-08
6.045225951180800e-08
6.036194759850943e-08
6.011010325104168e-08
5.982435240621090e-08
5.976027483932229e-08
5.983320848331535e-08
6.008117928204919e-08
6.048274288535019e-08
6.076754830235754e-08
6.085193952231414e-08
6.084342959754500e-08
6.082121590628868e-08
6.080850257253043e-08
6.080652526627515e-08
6.080996296351431e-08
6.081742049079005e-08
6.082547061656749e-08
6.081894479636679e-08
6.083044152321463e-08
6.083329721011878e-08
6.080826012068031e-08
6.080043771339350e-08
6.078435512782647e-08
6.079993363277858e-08
6.080164767050895e-08
6.079675113497270e-08
3.409664311000440e-08
3.404832783393554e-08
3.393152254264682e-08
3.373724674682510e-08
3.341744792331943e-08
3.336799566847960e-08
3.318798925760715e-08
3.295852706233152e-08
1.982343801171232e-09
1.304956718472898e-09
4.977383435764151e-10
1.483163008396151e-08
2.127001643406004e-08
2.780337010283400e-08
6.013867913034029e-08
6.039105411769462e-08
6.054985992239536e-08
4.824885577145542e-08
4.699602503756989e-08
5.016857242977344e-08
5.311370734198173e-08
6.039342323144714e-08
6.036741726616039e-08
6.029011118510489e-08
6.077100270404406e-08
6.091993357656315e-08
6.081952345134464e-08
6.081342299583149e-08
5.678457531890443e-08
5.659888198601609e-08
5.587270624909234e-08
5.421532225132098e-08
5.129695093913382e-08
5.223989740160587e-08
5.303549463569290e-08
5.377834351779041e-08
5.443691829364527e-08
5.503589355486350e-08
5.558316715045689e-08
5.612139043755081e-08
5.661710751102389e-08
5.711451212184143e-08
5.756512259260512e-08
5.800764225558446e-08
5.846179175730754e-08
5.887144283664990e-08
5.918314760586240e-08
5.947089682795615e-08
5.974055181789939e-08
6.000139896980959e-08
6.024031393355401e-08
6.043614347854294e-08
6.055055433254592e-08
6.087367668722484e-08
6.088180640046339e-08
6.085602391919128e-08
6.083780033499169e-08
6.079960712951608e-08
6.072820157619465e-08
6.064835637510058e-08
6.046399818304424e-08
6.026127495262745e-08
6.009276444460026e-08
5.987239309268742e-08
5.964143486447965e-08
5.940177867806440e-08
5.914885000578330e-08
5.886580038175906e-08
5.860153997359268e-08
5.827545454665795e-08
5.800555591248466e-08
5.769974743491998e-08
5.742324773177040e-08
5.717079459660116e-08
6.062931234165120e-08
6.066966963871628e-08
6.064767904344179e-08
6.048248777465178e-08
6.018136655937956e-08
5.957606667520459e-08
5.851830782747651e-08
5.702293696475566e-08
5.504484692188993e-08
5.259052563601560e-08
4.969141434991274e-08
4.635067659348621e-08
4.277491780104991e-08
3.862233999103675e-08
6.053454261760413e-08
6.054616523229901e-08
6.055960214506606e-08
6.052088581284507e-08
6.038164816546374e-08
6.010557547991234e-08
5.991913850832106e-08
5.994708986549877e-08
6.001136761797774e-08
6.024771125737847e-08
6.061432090296530e-08
6.087031212161077e-08
6.095504312101851e-08
6.094980927849674e-08
6.092372506509645e-08
6.090433770955092e-08
6.089856623148448e-08
6.089867875974823e-08
6.090345210585003e-08
6.091159471923849e-08
6.091964995957315e-08
6.091743357729299e-08
6.092668886866297e-08
6.093899972873086e-08
6.091460119938774e-08
6.090354990675404e-08
6.088657404039061e-08
6.088763280484148e-08
6.090631455930740e-08
6.089397081370966e-08
6.089209544758984e-08
6.110147338142634e-08
6.102648897273084e-08
6.100304329426069e-08
6.111118688340901e-08
5.897186249907948e-08
5.930263331185256e-08
5.058874334692250e-08
3.900824471033293e-08
3.579142577445725e-08
3.900053862137572e-08
6.068181229782629e-08
6.066473072155306e-08
6.061865213859208e-08
5.988214762808016e-08
6.003812453695720e-08
5.972551803882364e-08
6.069061141476528e-08
6.078803795562624e-08
6.025300234848079e-08
5.830847657367157e-08
3.744657064400430e-08
4.022441343235128e-08
3.645340785018890e-08
5.287259920953206e-08
5.382286629000332e-08
5.113838853547898e-08
5.110860676232486e-08
5.746486553476534e-08
5.672437327157873e-08
5.578579347959504e-08
5.507768127157482e-08
6.064301671255517e-08
6.111520515097329e-08
6.100185481860408e-08
6.102584717540330e-08
6.060646149518437e-08
6.016009198509317e-08
6.023688883600131e-08
5.980323220915361e-08
5.963719232799367e-08
6.105260378907215e-08
6.105076774156976e-08
5.879175359130461e-08
5.798624423290904e-08
6.119317838488097e-08
6.107816689428152e-08
6.101567053391151e-08
6.107467231879153e-08
6.108480501702126e-08
6.111303886464659e-08
5.418536969910856e-08
5.556113227537777e-08
6.117811737500702e-08
6.106344237309815e-08
6.120569717738670e-08
6.115617758123638e-08
6.113879302039747e-08
6.118844626369657e-08
5.980473585423080e-08
6.111800887933405e-08
6.101740188556200e-08
6.110430874459223e-08
6.107251507722167e-08
6.108903988940050e-08
6.099573600298854e-08
6.110042095741281e-08
6.100807611231716e-08
6.111415320833133e-08
6.117235808103592e-08
6.116062012945830e-08
6.119011650924839e-08
6.116232456681626e-08
6.110793636734834e-08
4.541680250035470e-08
4.081912712565766e-08
4.404634493793803e-08
4.125191172446653e-08
6.070279630054072e-08
6.068641120316785e-08
6.063631883201614e-08
6.059784768172573e-08
6.044743447858482e-08
4.406699495869351e-08
3.623039085416612e-08
4.210927291574974e-08
4.175879183749135e-08
6.052982141355703e-08
6.051701557963545e-08
6.063694595442599e-08
6.117113852678335e-08
6.063671974292102e-08
4.867626646683625e-08
4.883361428549545e-08
6.111682585165475e-08
6.114451629133763e-08
6.116059443684187e-08
6.102387643861520e-08
6.093319197620323e-08
6.105273051899745e-08
6.110388365996345e-08
6.034955995815246e-08
6.059124904401992e-08
6.038201443142829e-08
6.026208649653218e-08
6.047491282918608e-08
6.081638550957682e-08
6.070642972490252e-08
6.068560102842047e-08
6.064243291737447e-08
6.095592839021313e-08
4.371791473652175e-08
4.606962084954149e-08
4.471356025353056e-08
6.111255098522449e-08
5.907548421789534e-08
6.021593413547585e-08
5.107692789105514e-08
4.976978823632390e-08
5.169618393238866e-08
4.949864565833712e-08
5.227829012483099e-08
4.698177271108591e-08
4.765087584725897e-08
5.409019466274953e-08
5.891257958426330e-08
3.720634341508897e-08
6.109345490299219e-08
6.104039921501771e-08
6.101916031841421e-08
6.103941421368904e-08
6.118970324280860e-08
3.745568654726525e-08
4.180034312952481e-08
6.116397148631946e-08
6.106014331167595e-08
5.586340074846575e-08
5.336434194847742e-08
6.109303023465962e-08
6.101825589237171e-08
6.103968232438043e-08
6.115514778122927e-08
6.102025055068610e-08
5.878203506422774e-08
5.748160528025283e-08
5.771601925472978e-08
6.106573148844973e-08
4.764560283633503e-08
4.893039335515770e-08
6.101154039461689e-08
6.108378013772966e-08
6.111123941021120e-08
6.111447977168735e-08
6.116312719800300e-08
6.065879662628851e-08
6.068893733713647e-08
6.118144919290625e-08
6.068399031836613e-08
6.121456922408879e-08
6.063533695909325e-08
5.660784052786747e-08
6.112020288430283e-08
6.120566136203849e-08
4.746747400188561e-08
6.107747124962590e-08
4.578603602312687e-08
6.120470652972365e-08
6.115768728430952e-08
6.117871668921293e-08
6.111108502457771e-08
6.117886684857796e-08
6.117458970774984e-08
6.109941435596695e-08
6.106219001083135e-08
6.016594355155870e-08
6.113661657737224e-08
6.119192194380757e-08
4.435044347258660e-08
6.120818734361211e-08
6.112495894410530e-08
6.103111484153234e-08
6.110171770347670e-08
6.104941949425988e-08
6.112160800616745e-08
6.106343092510429e-08
6.114349354235610e-08
2.547310206954946e-08
2.901679447845933e-08
1.364257107192740e-08
1.170614320632652e-08
2.920047643340596e-08
6.068460598306833e-08
6.067910839344448e-08
6.068780646530310e-08
6.057337651106893e-08
6.029432657149296e-08
6.008397377743923e-08
6.038089070451384e-08
5.720783068948468e-08
5.786138513290348e-08
5.763112662793002e-08
6.074670090556584e-08
6.072967330619600e-08
5.676778596520753e-08
5.746961817342894e-08
6.074391641544042e-08
5.807861862559833e-08
5.817617767255886e-08
5.757443852249160e-08
5.701075937408044e-08
5.739149131264825e-08
5.655829573511697e-08
5.557233225952591e-08
5.468834744999728e-08
5.597418357984592e-08
6.052152803154611e-08
5.631228525574660e-08
5.710505289266168e-08
6.050252708188228e-08
5.711673742231689e-08
5.766488944396747e-08
5.582233615550024e-08
5.676484811135477e-08
5.769838437369580e-08
5.522168297991146e-08
5.617426547537437e-08
5.651836623288362e-08
5.812193820660426e-08
5.817908916574899e-08
5.857669675275551e-08
5.846650360954880e-08
5.853474612214587e-08
5.888557689137282e-08
5.879437589628874e-08
5.885098921580268e-08
5.917327186248473e-08
5.823481291198407e-08
5.803439411898561e-08
5.910610774976207e-08
5.915155077431141e-08
5.944782159481802e-08
6.064870514817922e-08
6.074017405414163e-08
5.939840813856627e-08
5.943646692671670e-08
5.970727721080505e-08
5.967094996018394e-08
5.969881941022382e-08
5.993737203598246e-08
5.858998262830918e-08
5.841873028144019e-08
5.992791641764356e-08
5.994565297890143e-08
6.016441192259000e-08
6.015597041371532e-08
6.017776264084023e-08
6.037376169285603e-08
6.034122481756381e-08
6.037020017022412e-08
6.052445394541057e-08
5.892669429093469e-08
5.878124011848720e-08
6.048582877995538e-08
6.051811509360600e-08
6.063793348955754e-08
6.058497174141577e-08
6.062660516636724e-08
6.071272395491670e-08
6.069053298182677e-08
5.924319846043390e-08
5.912610308810932e-08
5.486989576153521e-08
5.430226267131489e-08
5.954106326326934e-08
5.944851640493003e-08
6.021607569343581e-08
5.543659188399524e-08
5.981531557998174e-08
5.972888764377996e-08
5.596571731568865e-08
6.005265198531100e-08
5.646380372901785e-08
5.996743379526696e-08
5.935240869158170e-08
5.901498217706949e-08
6.024789415257415e-08
6.040310238781654e-08
5.863520715263547e-08
6.008049072952218e-08
5.823892072585807e-08
5.782954134162983e-08
5.739406111816488e-08
5.694109652908834e-08
6.060685877322855e-08
5.964257276451751e-08
5.987816244637634e-08
5.442819966079781e-08
5.359681064295789e-08
5.359839209820619e-08
5.245687389764591e-08
5.516836061969113e-08
5.407686389530215e-08
5.174456504688494e-08
6.074207437399842e-08
6.067744522625307e-08
6.074056641618187e-08
5.678891953611273e-08
5.599975005729747e-08
6.072749873503435e-08
6.099820569433481e-08
5.685225347095941e-08
VECTORS displacement double
6.045282326924724e-08 3.137098568483334e-14 0.000000000000000e+00
5.614344919347220e-08 2.325537792510185e-08 0.000000000000000e+00
3.410342269469279e-08 9.283769047731336e-13 0.000000000000000e+00
3.034312160264292e-08 1.256853235950540e-08 0.000000000000000e+00
9.673701067857456e-09 1.235675811029772e-13 0.000000000000000e+00
1.714385801936226e-12 7.096314384457433e-13 0.000000000000000e+00
6.009806702589755e-08 3.843102960317979e-09 0.000000000000000e+00
6.024089659742585e-08 2.491204940263313e-09 0.000000000000000e+00
6.072525411941100e-08 5.393503728550594e-09 0.000000000000000e+00
6.031750828750327e-08 4.691573424446918e-09 0.000000000000000e+00
4.847577948021163e-08 1.315147320150466e-08 0.000000000000000e+00
4.913734821087334e-08 1.367757159848818e-08 0.000000000000000e+00
4.430331752507997e-08 1.729920590600839e-08 0.000000000000000e+00
5.182543808325522e-08 2.154431823019363e-08 0.000000000000000e+00
5.977207203557030e-08 9.070398478086937e-09 0.000000000000000e+00
5.345101215901059e-08 1.971741488476318e-08 0.000000000000000e+00
5.993816294343863e-08 1.070997244775205e-08 0.000000000000000e+00
6.053126696874025e-08 9.460231376318595e-14 0.000000000000000e+00
5.623520917723996e-08 2.329338636983238e-08 0.000000000000000e+00
6.044176669184300e-08 6.702705369244630e-10 0.000000000000000e+00
6.043909362081701e-08 1.366132310905716e-09 0.000000000000000e+00
6.041469964899125e-08 2.130674669558336e-09 0.000000000000000e+00
6.028811797473055e-08 2.984522673063851e-09 0.000000000000000e+00
5.998127439773594e-08 3.933309513967724e-09 0.000000000000000e+00
5.962369226837281e-08 4.895734135729985e-09 0.000000000000000e+00
5.946282890524767e-08 5.955029558253942e-09 0.000000000000000e+00
5.941046381629648e-08 7.099975281311121e-09 0.000000000000000e+00
5.952352372800024e-08 8.166900652250683e-09 0.000000000000000e+00
5.977065035094417e-08 9.253732159999943e-09 0.000000000000000e+00
5.988988405353290e-08 1.029061324826860e-08 0.000000000000000e+00
5.981180157940148e-08 1.120298919036469e-08 0.000000000000000e+00
5.964867065578060e-08 1.199829442838696e-08 0.000000000000000e+00
5.947465283730083e-08 1.272737280419538e-08 0.000000000000000e+00
5.930728071917743e-08 1.342834572836634e-08 0.000000000000000e+00
5.914307338378965e-08 1.412552327675316e-08 0.000000000000000e+00
5.897567892243535e-08 1.482298588840319e-08 0.000000000000000e+00
5.880272447019337e-08 1.552411757047836e-08 0.000000000000000e+00
5.861996683834839e-08 1.623075334714246e-08 0.000000000000000e+00
5.841279931719125e-08 1.693779559210198e-08 0.000000000000000e+00
5.821453485831241e-08 1.764682805298997e-08 0.000000000000000e+00
5.799417629102170e-08 1.836751517591627e-08 0.000000000000000e+00
5.774017331464956e-08 1.907136346686486e-08 0.000000000000000e+00
5.749376325278037e-08 1.977777560082929e-08 0.000000000000000e+00
5.723403439658111e-08 2.046956557851355e-08 0.000000000000000e+00
5.699366634285898e-08 2.117436845220155e-08 0.000000000000000e+00
5.672699969220098e-08 2.188350517491686e-08 0.000000000000000e+00
5.644940420721342e-08 2.257675006885427e-08 0.000000000000000e+00
3.406480292902710e-08 1.473211845874615e-09 0.000000000000000e+00
3.392141949029985e-08 2.937003959099621e-09 0.000000000000000e+00
3.364772098538480e-08 4.379401983989893e-09 0.000000000000000e+00
3.323438679719517e-08 5.803223074706890e-09 0.000000000000000e+00
3.265153391637845e-08 7.113592730392192e-09 0.000000000000000e+00
3.227655720003975e-08 8.464456839562541e-09 0.000000000000000e+00
3.169279045602121e-08 9.849349747661202e-09 0.000000000000000e+00
3.099522821962428e-08 1.120537164298229e-08 0.000000000000000e+00
1.970066559012852e-10 -1.972530593575861e-09 0.000000000000000e+00
2.565183017443697e-10 -1.279496172017394e-09 0.000000000000000e+00
1.462778103780257e-10 -4.757592122918272e-10 0.000000000000000e+00
1.483162864192670e-08 8.294330777712552e-13 0.000000000000000e+00
2.127001957893026e-08 1.129718660558114e-12 0.000000000000000e+00
2.780337272521225e-08 1.050573005004874e-12 0.000000000000000e+00
2.422347657840129e-08 1.003369231921871e-08 0.000000000000000e+00
1.728715665157692e-08 7.160574566848330e-09 0.000000000000000e+00
8.905007811000162e-09 3.688574570161995e-09 0.000000000000000e+00
6.007307414415257e-08 2.808241223591689e-09 0.000000000000000e+00
6.032340031454918e-08 2.857741906847147e-09 0.000000000000000e+00
6.043145583701099e-08 3.784793527424649e-09 0.000000000000000e+00
4.644261006294374e-08 1.307807597145509e-08 0.000000000000000e+00
4.476941809092020e-08 1.429425008793164e-08 0.000000000000000e+00
4.627842047281257e-08 1.936991098570372e-08 0.000000000000000e+00
4.888005590071922e-08 2.077994369789402e-08 0.000000000000000e+00
5.990565435505473e-08 7.660171451335559e-09 0.000000000000000e+00
6.002409720595843e-08 6.429061934851043e-09 0.000000000000000e+00
6.006461914407388e-08 5.209498438120372e-09 0.000000000000000e+00
5.990041107071809e-08 1.024966084485674e-08 0.000000000000000e+00
6.042268674652317e-08 7.767708018642550e-09 0.000000000000000e+00
6.011240643194335e-08 9.247326929726515e-09 0.000000000000000e+00
5.995432533106454e-08 1.018583924313796e-08 0.000000000000000e+00
5.284423815020218e-08 2.078399583726382e-08 0.000000000000000e+00
5.399898555079760e-08 1.695709139955681e-08 0.000000000000000e+00
5.366338869966100e-08 1.555634969793719e-08 0.000000000000000e+00
5.220423074859481e-08 1.462940499143832e-08 0.000000000000000e+00
4.960038674882568e-08 1.308353307225755e-08 0.000000000000000e+00
5.061297241087064e-08 1.293576081904896e-08 0.000000000000000e+00
5.149852624153152e-08 1.267538949020698e-08 0.000000000000000e+00
5.232276124186981e-08 1.242734333648867e-08 0.000000000000000e+00
5.307119514598822e-08 1.211719018518169e-08 0.000000000000000e+00
5.376143650694575e-08 1.177529249376399e-08 0.000000000000000e+00
5.440203867699135e-08 1.139766073342154e-08 0.000000000000000e+00
5.502623941808143e-08 1.103283636357956e-08 0.000000000000000e+00
5.560958809000591e-08 1.063346638684368e-08 0.000000000000000e+00
5.618907148751865e-08 1.023990989636895e-08 0.000000000000000e+00
5.672085381175791e-08 9.822834585153989e-09 0.000000000000000e+00
5.723925588655145e-08 9.410321121593796e-09 0.000000000000000e+00
5.776320435629373e-08 9.010733649832124e-09 0.000000000000000e+00
5.824095176293452e-08 8.592922529963329e-09 0.000000000000000e+00
5.861941832882954e-08 8.149156814339265e-09 0.000000000000000e+00
5.897046888517455e-08 7.698791338894199e-09 0.000000000000000e+00
5.929927044509969e-08 7.247764482165634e-09 0.000000000000000e+00
5.961446434334460e-08 6.803202535484002e-09 0.000000000000000e+00
5.990457583936995e-08 6.351162741596520e-09 0.000000000000000e+00
6.014928892564441e-08 5.881371337681147e-09 0.000000000000000e+00
6.031407856264766e-08 5.346175136568750e-09 0.000000000000000e+00
5.992479302082050e-08 1.070624652114043e-08 0.000000000000000e+00
5.991246797604806e-08 1.082083774635822e-08 0.000000000000000e+00
5.984671096341137e-08 1.103751861284011e-08 0.000000000000000e+00
5.977005329446523e-08 1.134806813519048e-08 0.000000000000000e+00
5.966080873519036e-08 1.171239047577577e-08 0.000000000000000e+00
5.951030399411470e-08 1.210116263268669e-08 0.000000000000000e+00
5.934160252669580e-08 1.252187309065771e-08 0.000000000000000e+00
5.906507854487864e-08 1.293103091173397e-08 0.000000000000000e+00
5.876250591861665e-08 1.335624196679594e-08 0.000000000000000e+00
5.848278510289498e-08 1.381681015911082e-08 0.000000000000000e+00
5.814666182278305e-08 1.427127291113424e-08 0.000000000000000e+00
5.779597485068071e-08 1.472161991803853e-08 0.000000000000000e+00
5.743118556988577e-08 1.517334015598382e-08 0.000000000000000e+00
5.704734711976686e-08 1.562647237660595e-08 0.000000000000000e+00
5.663061555398485e-08 1.606722756928113e-08 0.000000000000000e+00
5.622559378905208e-08 1.651735596005406e-08 0.000000000000000e+00
5.575975842333141e-08 1.693747028903995e-08 0.000000000000000e+00
5.533326182101874e-08 1.740329278298639e-08 0.000000000000000e+00
5.487403486250564e-08 1.783538883251833e-08 0.000000000000000e+00
5.442523166504027e-08 1.831184001906936e-08 0.000000000000000e+00
5.396576123276318e-08 1.887316436132781e-08 0.000000000000000e+00
6.062931543297099e-08 1.264711602174550e-13 0.000000000000000e+00
6.066967373401311e-08 1.324886817441345e-13 0.000000000000000e+00
6.064768073483670e-08 1.543974590253040e-13 0.000000000000000e+00
6.048248879123773e-08 2.177262040160215e-13 0.000000000000000e+00
6.018136460075375e-08 3.591771735675864e-13 0.000000000000000e+00
5.957606401164308e-08 5.280329679782013e-13 0.000000000000000e+00
5.851830779688121e-08 6.157198572361814e-13 0.000000000000000e+00
5.702294114933362e-08 6.558588134969937e-13 0.000000000000000e+00
5.504484970178034e-08 6.882211294119617e-13 0.000000000000000e+00
5.259052590909104e-08 7.118725174277229e-13 0.000000000000000e+00
4.969141481002119e-08 7.362368106188100e-13 0.000000000000000e+00
4.635067603673142e-08 7.676323430839133e-13 0.000000000000000e+00
4.277491568971221e-08 7.776662412697448e-13 0.000000000000000e+00
3.862233936267377e-08 7.957606199978521e-13 0.000000000000000e+00
5.639355628738743e-08 2.335897630063076e-08 0.000000000000000e+00
5.647775351464505e-08 2.339385182707562e-08 0.000000000000000e+00
5.651974278570307e-08 2.341124411365355e-08 0.000000000000000e+00
5.650002231775218e-08 2.340307556277037e-08 0.000000000000000e+00
5.624604237943125e-08 2.329787361675253e-08 0.000000000000000e+00
5.579031608398015e-08 2.310910552766865e-08 0.000000000000000e+00
5.505341927641993e-08 2.280387287874999e-08 0.000000000000000e+00
5.405136613040440e-08 2.238880903460208e-08 0.000000000000000e+00
5.262251106378927e-08 2.179695823171977e-08 0.000000000000000e+00
4.826127011301239e-08 1.999047260884943e-08 0.000000000000000e+00
4.348865320123623e-08 1.801359046610915e-08 0.000000000000000e+00
4.104182103198913e-08 1.700007924320648e-08 0.000000000000000e+00
3.805128491552949e-08 1.576135843526536e-08 0.000000000000000e+00
3.438877437203435e-08 1.424429680875913e-08 0.000000000000000e+00
6.053152909393017e-08 6.042293150909082e-10 0.000000000000000e+00
6.053376344024455e-08 1.225484439783949e-09 0.000000000000000e+00
6.053015412046122e-08 1.888365482039158e-09 0.000000000000000e+00
6.046554459439971e-08 2.587551384490269e-09 0.000000000000000e+00
6.028823931904496e-08 3.357284460332972e-09 0.000000000000000e+00
5.995752626676675e-08 4.216031699864382e-09 0.000000000000000e+00
5.969513627765628e-08 5.176260027648077e-09 0.000000000000000e+00
5.961653634561048e-08 6.286666743506797e-09 0.000000000000000e+00
5.955488892023258e-08 7.387793685862462e-09 0.000000000000000e+00
5.965951103455172e-08 8.398184144051165e-09 0.000000000000000e+00
5.988085814601483e-08 9.400997120723804e-09 0.000000000000000e+00
5.999368988195981e-08 1.029330229326450e-08 0.000000000000000e+00
5.994094218064107e-08 1.107252299755914e-08 0.000000000000000e+00
5.980102780550262e-08 1.177779183784129e-08 0.000000000000000e+00
5.963898134559538e-08 1.244557105972485e-08 0.000000000000000e+00
5.948155742483662e-08 1.308750235820036e-08 0.000000000000000e+00
5.933207597985976e-08 1.372370749446105e-08 0.000000000000000e+00
5.918175635254576e-08 1.435857953198226e-08 0.000000000000000e+00
5.902892747243060e-08 1.499387252255429e-08 0.000000000000000e+00
5.887156341022843e-08 1.563206316455811e-08 0.000000000000000e+00
5.870598319131922e-08 1.627302316424174e-08 0.000000000000000e+00
5.852131764485720e-08 1.691712429654726e-08 0.000000000000000e+00
5.834060043136322e-08 1.756233912902952e-08 0.000000000000000e+00
5.815465331408633e-08 1.820983323574415e-08 0.000000000000000e+00
5.792492825620669e-08 1.884917417728586e-08 0.000000000000000e+00
5.769979717696039e-08 1.949296805150922e-08 0.000000000000000e+00
5.746327037098076e-08 2.012827479275198e-08 0.000000000000000e+00
5.723696303206802e-08 2.076617101538187e-08 0.000000000000000e+00
5.701803970748887e-08 2.141313256415099e-08 0.000000000000000e+00
5.676423058943800e-08 2.204308792308067e-08 0.000000000000000e+00
5.651385262721018e-08 2.267226668644927e-08 0.000000000000000e+00
5.994122772123649e-08 1.185070841737444e-08 0.000000000000000e+00
5.997071808033934e-08 1.130244834222090e-08 0.000000000000000e+00
5.989719409768305e-08 1.156276069923813e-08 0.000000000000000e+00
6.001517523983627e-08 1.152197600244638e-08 0.000000000000000e+00
5.614875570264478e-08 1.802769418576158e-08 0.000000000000000e+00
5.687244291602721e-08 1.680260430110556e-08 0.000000000000000e+00
4.910872472024387e-08 1.214718564304992e-08 0.000000000000000e+00
3.729915846170104e-08 1.141998144500082e-08 0.000000000000000e+00
3.380591055373735e-08 1.175527960744189e-08 0.000000000000000e+00
3.662079914288742e-08 1.341488382887772e-08 0.000000000000000e+00
6.068019633308862e-08 4.431995383615787e-10 0.000000000000000e+00
6.065675164520250e-08 9.840076331828853e-10 0.000000000000000e+00
6.061731139961520e-08 4.035382019307082e-10 0.000000000000000e+00
5.623734526589896e-08 2.057261703207169e-08 0.000000000000000e+00
5.715626236694865e-08 1.837765049483237e-08 0.000000000000000e+00
5.945345692780010e-08 5.694209837398632e-09 0.000000000000000e+00
5.754231038785353e-08 1.929333601134920e-08 0.000000000000000e+00
5.680794432827422e-08 2.163430156828124e-08 0.000000000000000e+00
6.006998920387404e-08 4.692625641203885e-09 0.000000000000000e+00
5.496637448089961e-08 1.945703128900556e-08 0.000000000000000e+00
3.727050869365689e-08 3.626966599118780e-09 0.000000000000000e+00
4.016719828135628e-08 2.144675320522457e-09 0.000000000000000e+00
3.641425477094118e-08 1.689096583072305e-09 0.000000000000000e+00
5.155541542352429e-08 1.172820846620741e-08 0.000000000000000e+00
5.278249858213843e-08 1.053132416802971e-08 0.000000000000000e+00
5.009195520100090e-08 1.029227001475770e-08 0.000000000000000e+00
5.044657608916351e-08 8.199553560787629e-09 0.000000000000000e+00
5.373444086870678e-08 2.036714546574299e-08 0.000000000000000e+00
5.634006526691950e-08 6.591781801046940e-09 0.000000000000000e+00
5.557818246597881e-08 4.808373574108857e-09 0.000000000000000e+00
5.467738726228525e-08 6.628297194974217e-09 0.000000000000000e+00
5.893359547249582e-08 1.429709170196921e-08 0.000000000000000e+00
5.920195123188588e-08 1.517225354843886e-08 0.000000000000000e+00
5.937617509151361e-08 1.398914336776807e-08 0.000000000000000e+00
5.875532872714806e-08 1.649137277108546e-08 0.000000000000000e+00
5.820634361246507e-08 1.688682197430788e-08 0.000000000000000e+00
5.825174113981092e-08 1.503234397917532e-08 0.000000000000000e+00
6.016418305649338e-08 2.958685723845094e-09 0.000000000000000e+00
5.976409739046919e-08 2.163149192476201e-09 0.000000000000000e+00
5.951691925671415e-08 3.785640100320686e-09 0.000000000000000e+00
5.792684760336340e-08 1.928472917353110e-08 0.000000000000000e+00
5.769719722683259e-08 1.995569271385820e-08 0.000000000000000e+00
5.843111638454291e-08 6.501921075070102e-09 0.000000000000000e+00
5.746650534555571e-08 7.746308822543692e-09 0.000000000000000e+00
5.745435086564321e-08 2.106187663454834e-08 0.000000000000000e+00
5.684305179068865e-08 2.234748136767604e-08 0.000000000000000e+00
5.939628464723271e-08 1.396400496624239e-08 0.000000000000000e+00
5.951708142694343e-08 1.370520474888195e-08 0.000000000000000e+00
5.941932536207866e-08 1.416676354386172e-08 0.000000000000000e+00
5.954010050567791e-08 1.377606517977495e-08 0.000000000000000e+00
5.352293197189999e-08 8.446896553432716e-09 0.000000000000000e+00
5.462405409924640e-08 1.016130693622282e-08 0.000000000000000e+00
5.782426208184669e-08 1.997790693838426e-08 0.000000000000000e+00
5.773533593730131e-08 1.988403810031826e-08 0.000000000000000e+00
5.770416269520474e-08 2.040507247340263e-08 0.000000000000000e+00
5.832467758912564e-08 1.839320695893176e-08 0.000000000000000e+00
5.850105049156546e-08 1.776454644890526e-08 0.000000000000000e+00
5.842199408749652e-08 1.819056282020685e-08 0.000000000000000e+00
5.759713496799252e-08 1.609895884848400e-08 0.000000000000000e+00
5.662500445153887e-08 2.300043089247537e-08 0.000000000000000e+00
5.981131521178240e-08 1.207186473214322e-08 0.000000000000000e+00
5.991317860396684e-08 1.200614904351993e-08 0.000000000000000e+00
5.995869847898141e-08 1.161062511596710e-08 0.000000000000000e+00
6.007736109198753e-08 1.107165344422483e-08 0.000000000000000e+00
5.697746314604377e-08 2.177265338002801e-08 0.000000000000000e+00
5.707048805396321e-08 2.182248356656664e-08 0.000000000000000e+00
5.679871238274187e-08 2.226862188643775e-08 0.000000000000000e+00
5.682355453246616e-08 2.249496183589979e-08 0.000000000000000e+00
5.698633808647285e-08 2.223993358303537e-08 0.000000000000000e+00
5.721820315695301e-08 2.160320962594119e-08 0.000000000000000e+00
5.682156219256643e-08 2.270551517061580e-08 0.000000000000000e+00
5.673164310554697e-08 2.285499083783091e-08 0.000000000000000e+00
6.008490858609478e-08 1.113479555489130e-08 0.000000000000000e+00
4.448160421574102e-08 9.169127085652496e-09 0.000000000000000e+00
3.970298688889341e-08 9.480191083630317e-09 0.000000000000000e+00
4.263104529512188e-08 1.107585321575218e-08 0.000000000000000e+00
4.061014943340390e-08 7.248174789076507e-09 0.000000000000000e+00
6.066695708863441e-08 2.085599057267858e-09 0.000000000000000e+00
6.066354914240600e-08 1.665633588978736e-09 0.000000000000000e+00
6.060507823919735e-08 1.946174628272328e-09 0.000000000000000e+00
6.057802572934653e-08 1.549828083800405e-09 0.000000000000000e+00
6.041629813965162e-08 1.939904054041991e-09 0.000000000000000e+00
4.398674847179667e-08 2.658199764934722e-09 0.000000000000000e+00
3.499261634801152e-08 9.389252966658282e-09 0.000000000000000e+00
4.042747030665817e-08 1.178178920937317e-08 0.000000000000000e+00
3.948846218683553e-08 1.358153460141408e-08 0.000000000000000e+00
6.047119076192993e-08 2.663482125636588e-09 0.000000000000000e+00
6.043205873145082e-08 3.205488983821294e-09 0.000000000000000e+00
6.059011606047729e-08 2.382621045870334e-09 0.000000000000000e+00
5.714124674282041e-08 2.183543208755146e-08 0.000000000000000e+00
6.058066512244361e-08 2.606648219796908e-09 0.000000000000000e+00
4.753791747619979e-08 1.046543560468851e-08 0.000000000000000e+00
4.798175049687037e-08 9.081494429891296e-09 0.000000000000000e+00
5.937063651143464e-08 1.450496199982212e-08 0.000000000000000e+00
5.928762138930634e-08 1.495425795297780e-08 0.000000000000000e+00
5.915016431268278e-08 1.555237502008399e-08 0.000000000000000e+00
5.658337608732484e-08 2.285245882165098e-08 0.000000000000000e+00
5.956588288239203e-08 1.283586592642657e-08 0.000000000000000e+00
5.962062658828044e-08 1.314597995589218e-08 0.000000000000000e+00
5.951168785969355e-08 1.385798039072364e-08 0.000000000000000e+00
6.033726311020568e-08 1.218199026859042e-09 0.000000000000000e+00
6.058201467644077e-08 1.057836333407841e-09 0.000000000000000e+00
6.032594043613925e-08 2.601634495174238e-09 0.000000000000000e+00
6.018495761484904e-08 3.047926532311479e-09 0.000000000000000e+00
6.042957370184656e-08 2.341275894998782e-09 0.000000000000000e+00
6.003054889183737e-08 9.745048140243418e-09 0.000000000000000e+00
6.069095759422961e-08 1.370552467105633e-09 0.000000000000000e+00
6.065509234167806e-08 1.924048639690055e-09 0.000000000000000e+00
6.062386676012328e-08 1.500532997269389e-09 0.000000000000000e+00
6.004518883654521e-08 1.049764408310103e-08 0.000000000000000e+00
4.102055400217505e-08 1.511853956962557e-08 0.000000000000000e+00
4.330621708143840e-08 1.571564643890415e-08 0.000000000000000e+00
4.269835391841998e-08 1.327226714115391e-08 0.000000000000000e+00
5.986069963163822e-08 1.230611843304156e-08 0.000000000000000e+00
5.509420378744520e-08 2.131997915931848e-08 0.000000000000000e+00
5.966794287667463e-08 8.105268416120054e-09 0.000000000000000e+00
5.104172882088169e-08 1.895925137826073e-09 0.000000000000000e+00
4.965697887274515e-08 3.349079287933550e-09 0.000000000000000e+00
5.154436550931040e-08 3.959028584985187e-09 0.000000000000000e+00
4.920689995173970e-08 5.366281529848153e-09 0.000000000000000e+00
5.187905246236724e-08 6.448533531655222e-09 0.000000000000000e+00
4.554878046614416e-08 1.151501571126710e-08 0.000000000000000e+00
4.579831052896008e-08 1.315753576924475e-08 0.000000000000000e+00
5.390532210493406e-08 4.468277224073993e-09 0.000000000000000e+00
5.887377400690255e-08 2.137935201424481e-09 0.000000000000000e+00
3.646826730642955e-08 7.374111214186025e-09 0.000000000000000e+00
5.978952169705867e-08 1.255481420189690e-08 0.000000000000000e+00
5.981166349044253e-08 1.218586490413218e-08 0.000000000000000e+00
5.966045539495324e-08 1.280500039395709e-08 0.000000000000000e+00
6.010701431775519e-08 1.062811972379026e-08 0.000000000000000e+00
5.743077069610494e-08 2.111602155212788e-08 0.000000000000000e+00
3.703695468770784e-08 5.585025428573085e-09 0.000000000000000e+00
4.150231575900585e-08 4.982623656047311e-09 0.000000000000000e+00
5.810923209239695e-08 1.908791696297857e-08 0.000000000000000e+00
5.816691546618527e-08 1.857285897826642e-08 0.000000000000000e+00
5.579623492991070e-08 2.738586808318611e-09 0.000000000000000e+00
5.332266601368567e-08 2.108648611050644e-09 0.000000000000000e+00
5.965097045520922e-08 1.319545747266332e-08 0.000000000000000e+00
5.953106157758401e-08 1.338955878604605e-08 0.000000000000000e+00
5.721222655256130e-08 2.127448964654542e-08 0.000000000000000e+00
5.739997611830405e-08 2.109964014524691e-08 0.000000000000000e+00
5.741578307343996e-08 2.066152966441105e-08 0.000000000000000e+00
5.861913966375008e-08 4.373119661200776e-09 0.000000000000000e+00
5.725680957525309e-08 5.078656266238667e-09 0.000000000000000e+00
5.765749820714353e-08 2.598438061839195e-09 0.000000000000000e+00
5.837070953924673e-08 1.794112197510220e-08 0.000000000000000e+00
4.708673543406331e-08 7.276184911322514e-09 0.000000000000000e+00
4.890255226210954e-08 1.650391080394712e-09 0.000000000000000e+00
6.002828481845315e-08 1.090931320654138e-08 0.000000000000000e+00
5.984702226586787e-08 1.222955998454928e-08 0.000000000000000e+00
5.975960005734838e-08 1.278177569908471e-08 0.000000000000000e+00
5.762846185666817e-08 2.034551586321260e-08 0.000000000000000e+00
5.898583835965054e-08 1.617402272872667e-08 0.000000000000000e+00
6.064758487655104e-08 1.166265025187818e-09 0.000000000000000e+00
6.068295291809343e-08 8.523913969755371e-10 0.000000000000000e+00
5.879471939626481e-08 1.692190011181846e-08 0.000000000000000e+00
6.068265408288711e-08 4.030577462382745e-10 0.000000000000000e+00
5.824052488188028e-08 1.884846833314087e-08 0.000000000000000e+00
6.063269539269005e-08 5.661475307943701e-10 0.000000000000000e+00
5.591117589030925e-08 8.853701485462481e-09 0.000000000000000e+00
5.832379443339431e-08 1.827605572361599e-08 0.000000000000000e+00
5.858616843318862e-08 1.771422761734537e-08 0.000000000000000e+00
4.737058975201846e-08 3.031230388800059e-09 0.000000000000000e+00
5.973885731803292e-08 1.271717113903120e-08 0.000000000000000e+00
4.549593881837275e-08 5.145939509535545e-09 0.000000000000000e+00
5.866691112543282e-08 1.744160667956082e-08 0.000000000000000e+00
5.869246656120649e-08 1.718886515794917e-08 0.000000000000000e+00
5.884213804032027e-08 1.674628837678058e-08 0.000000000000000e+00
5.964787809707915e-08 1.329268045077219e-08 0.000000000000000e+00
5.780130899856327e-08 2.004650676465593e-08 0.000000000000000e+00
5.758295777683228e-08 2.065268508209941e-08 0.000000000000000e+00
5.879178398433804e-08 1.663323707345224e-08 0.000000000000000e+00
5.855251104423628e-08 1.732612204281173e-08 0.000000000000000e+00
5.976065268898668e-08 6.971744617311705e-09 0.000000000000000e+00
5.786915085013548e-08 1.971921091959534e-08 0.000000000000000e+00
5.797527323001960e-08 1.957853440073135e-08 0.000000000000000e+00
4.383415926078634e-08 6.747471373908644e-09 0.000000000000000e+00
5.820251853449147e-08 1.894489503223507e-08 0.000000000000000e+00
5.941203579084200e-08 1.436908595341398e-08 0.000000000000000e+00
5.927271930728173e-08 1.454447419032615e-08 0.000000000000000e+00
5.929661541996125e-08 1.474216154066294e-08 0.000000000000000e+00
5.913551635556877e-08 1.516648746113754e-08 0.000000000000000e+00
5.916232710747630e-08 1.535154827474767e-08 0.000000000000000e+00
5.897914332488275e-08 1.581781440141317e-08 0.000000000000000e+00
5.899511602739574e-08 1.606558711166791e-08 0.000000000000000e+00
2.481754816386476e-08 5.741798650991889e-09 0.000000000000000e+00
2.889735124360547e-08 2.630119406758329e-09 0.000000000000000e+00
1.348973391927077e-08 2.036378243278068e-09 0.000000000000000e+00
1.132231035765246e-08 2.973060085655723e-09 0.000000000000000e+00
2.760972800387996e-08 9.506353359463277e-09 0.000000000000000e+00
6.015749878976855e-08 7.981025617581838e-09 0.000000000000000e+00
5.999003435151375e-08 9.118661244510766e-09 0.000000000000000e+00
6.005157438831315e-08 8.764604451311726e-09 0.000000000000000e+00
5.997548685374339e-08 8.489695836838039e-09 0.000000000000000e+00
5.986909652125483e-08 7.148226429769769e-09 0.000000000000000e+00
5.959666954412445e-08 7.636814086908200e-09 0.000000000000000e+00
5.984279525422352e-08 8.043124394621921e-09 0.000000000000000e+00
5.575983998000281e-08 1.278968929539070e-08 0.000000000000000e+00
5.625926806826013e-08 1.352163695366439e-08 0.000000000000000e+00
5.628496128677025e-08 1.238345384541454e-08 0.000000000000000e+00
5.991850845099463e-08 9.996699810317801e-09 0.000000000000000e+00
5.991308061465548e-08 9.925522638523742e-09 0.000000000000000e+00
5.521493706656673e-08 1.318682076006687e-08 0.000000000000000e+00
5.575610126962251e-08 1.392889741671159e-08 0.000000000000000e+00
6.031307924763918e-08 7.221903004286410e-09 0.000000000000000e+00
5.580129638040942e-08 1.610407463987417e-08 0.000000000000000e+00
5.603884401430925e-08 1.562419784302800e-08 0.000000000000000e+00
5.550514013096868e-08 1.529690646076457e-08 0.000000000000000e+00
5.442649191197539e-08 1.697007961769595e-08 0.000000000000000e+00
5.484698817557242e-08 1.689944069850480e-08 0.000000000000000e+00
5.426220477906477e-08 1.595161072488228e-08 0.000000000000000e+00
5.351612750146160e-08 1.497692123134470e-08 0.000000000000000e+00
5.271286532262597e-08 1.456602726213932e-08 0.000000000000000e+00
5.370240071761422e-08 1.578484546555842e-08 0.000000000000000e+00
6.006088532986866e-08 7.452881630877426e-09 0.000000000000000e+00
5.465795789632068e-08 1.354920914596378e-08 0.000000000000000e+00
5.529303205808531e-08 1.427121730466716e-08 0.000000000000000e+00
5.982375997219057e-08 9.037341325144105e-09 0.000000000000000e+00
5.482515649079304e-08 1.601636168265137e-08 0.000000000000000e+00
5.537234885495653e-08 1.609790051783278e-08 0.000000000000000e+00
5.406020758924219e-08 1.391499637122086e-08 0.000000000000000e+00
5.479440595111385e-08 1.482636202111227e-08 0.000000000000000e+00
5.575922819860167e-08 1.483280099259392e-08 0.000000000000000e+00
5.340400808855086e-08 1.405155353286261e-08 0.000000000000000e+00
5.414892324955836e-08 1.494798173423608e-08 0.000000000000000e+00
5.400922352238704e-08 1.665321160688615e-08 0.000000000000000e+00
5.631042177579800e-08 1.439778098132236e-08 0.000000000000000e+00
5.621168677754465e-08 1.500175485240608e-08 0.000000000000000e+00
5.658878255591635e-08 1.513073268629060e-08 0.000000000000000e+00
5.677203498276244e-08 1.397383733479742e-08 0.000000000000000e+00
5.669456075312025e-08 1.456170666418808e-08 0.000000000000000e+00
5.702344262077578e-08 1.469143260021897e-08 0.000000000000000e+00
5.721376329032166e-08 1.354119651155507e-08 0.000000000000000e+00
5.713043547157416e-08 1.412629942540641e-08 0.000000000000000e+00
5.743228249443342e-08 1.424812624217759e-08 0.000000000000000e+00
5.674164746481181e-08 1.310263079163468e-08 0.000000000000000e+00
5.678706724599366e-08 1.196745407394240e-08 0.000000000000000e+00
5.763489762630354e-08 1.310536707737208e-08 0.000000000000000e+00
5.754631080859715e-08 1.368678802465540e-08 0.000000000000000e+00
5.782275657234619e-08 1.380479630827584e-08 0.000000000000000e+00
5.989426936758442e-08 9.536348080896332e-09 0.000000000000000e+00
5.987741710562075e-08 1.020115911988622e-08 0.000000000000000e+00
5.803172390856284e-08 1.266846448102092e-08 0.000000000000000e+00
5.794144595821386e-08 1.324698298171233e-08 0.000000000000000e+00
5.819305710512430e-08 1.336140497178342e-08 0.000000000000000e+00
5.840437996945065e-08 1.222909261715180e-08 0.000000000000000e+00
5.830932341062184e-08 1.280515220723240e-08 0.000000000000000e+00
5.853021213514743e-08 1.291134701001066e-08 0.000000000000000e+00
5.720229394388148e-08 1.267610769354232e-08 0.000000000000000e+00
5.726638136344173e-08 1.154598025357528e-08 0.000000000000000e+00
5.875569994360714e-08 1.179503580052034e-08 0.000000000000000e+00
5.865717901093140e-08 1.236190451699665e-08 0.000000000000000e+00
5.885712152881406e-08 1.247380027907443e-08 0.000000000000000e+00
5.907194024250304e-08 1.136866715755104e-08 0.000000000000000e+00
5.898261280269991e-08 1.193375266255505e-08 0.000000000000000e+00
5.915846309201666e-08 1.205268809237468e-08 0.000000000000000e+00
5.934116927887778e-08 1.094024582005985e-08 0.000000000000000e+00
5.926255439657199e-08 1.151132612883534e-08 0.000000000000000e+00
5.939692435196359e-08 1.162819132763889e-08 0.000000000000000e+00
5.764010505540590e-08 1.224637354177342e-08 0.000000000000000e+00
5.771951965771691e-08 1.112165749580958e-08 0.000000000000000e+00
5.956519862336302e-08 1.051296992369875e-08 0.000000000000000e+00
5.949440619070209e-08 1.108412452019797e-08 0.000000000000000e+00
5.959259981140476e-08 1.121075185204751e-08 0.000000000000000e+00
5.974465402502839e-08 1.005559918300553e-08 0.000000000000000e+00
5.968204602069304e-08 1.066013975699513e-08 0.000000000000000e+00
5.974669079284399e-08 1.078738848187181e-08 0.000000000000000e+00
5.983253685606927e-08 1.016898673011012e-08 0.000000000000000e+00
5.805315837347313e-08 1.181471164954787e-08 0.000000000000000e+00
5.815006039961349e-08 1.069890407146081e-08 0.000000000000000e+00
5.330170626487188e-08 1.302434427077845e-08 0.000000000000000e+00
5.265728427096335e-08 1.326446857096074e-08 0.000000000000000e+00
5.844263351466908e-08 1.138405928612872e-08 0.000000000000000e+00
5.855390670088916e-08 1.027453700875941e-08 0.000000000000000e+00
5.959858205468528e-08 8.601441752618784e-09 0.000000000000000e+00
5.396119067064418e-08 1.270455015058412e-08 0.000000000000000e+00
5.880343313304428e-08 1.095573803545936e-08 0.000000000000000e+00
5.891078784645536e-08 9.851855934012126e-09 0.000000000000000e+00
5.458693605721280e-08 1.234617020979983e-08 0.000000000000000e+00
5.912321624666322e-08 1.052455504953711e-08 0.000000000000000e+00
5.518026215478736e-08 1.197079004081656e-08 0.000000000000000e+00
5.918730484054281e-08 9.641370515766402e-09 0.000000000000000e+00
5.865378033973726e-08 9.079782187553047e-09 0.000000000000000e+00
5.824318797276065e-08 9.513105077925583e-09 0.000000000000000e+00
5.939698800661307e-08 1.008992144579131e-08 0.000000000000000e+00
5.962639014818442e-08 9.655482108088917e-09 0.000000000000000e+00
5.778858100811567e-08 9.928112770832069e-09 0.000000000000000e+00
5.938307217866075e-08 9.127764124414878e-09 0.000000000000000e+00
5.731350416077121e-08 1.034089638391013e-08 0.000000000000000e+00
5.681967153563925e-08 1.076014860480253e-08 0.000000000000000e+00
5.629596621708208e-08 1.117329293595931e-08 0.000000000000000e+00
5.575177582392609e-08 1.157704617960897e-08 0.000000000000000e+00
6.022106475242187e-08 6.827498936356426e-09 0.000000000000000e+00
5.901471780212365e-08 8.631311982781180e-09 0.000000000000000e+00
5.931712066082991e-08 8.177624700975438e-09 0.000000000000000e+00
5.263813658007357e-08 1.384396839042592e-08 0.000000000000000e+00
5.172077141727626e-08 1.405631275164543e-08 0.000000000000000e+00
5.184457043201561e-08 1.359882799749812e-08 0.000000000000000e+00
5.061904604236449e-08 1.376356959806799e-08 0.000000000000000e+00
5.302134256968328e-08 1.524090686866833e-08 0.000000000000000e+00
5.209011863820741e-08 1.452331841691651e-08 0.000000000000000e+00
4.986160006237511e-08 1.383188084441045e-08 0.000000000000000e+00
5.990577407662719e-08 1.004479271577255e-08 0.000000000000000e+00
5.998467082443752e-08 9.142846726388652e-09 0.000000000000000e+00
6.041700980541958e-08 6.261100417134688e-09 0.000000000000000e+00
5.404262423773681e-08 1.744637801573097e-08 0.000000000000000e+00
5.364304261492370e-08 1.607470019071989e-08 0.000000000000000e+00
6.020119079435010e-08 7.977829345659593e-09 0.000000000000000e+00
6.069187468373467e-08 6.105528660474480e-09 0.000000000000000e+00
5.408687850431465e-08 1.751537192790526e-08 0.000000000000000e+00
4.274662348468126e-08 4.274657911938807e-08 0.000000000000000e+00
2.411541661174034e-08 2.411410368939422e-08 0.000000000000000e+00
6.840428525647903e-09 6.840253774310297e-09 0.000000000000000e+00
4.521323645785261e-08 3.977826847569368e-08 0.000000000000000e+00
4.435829589716043e-08 4.083519934865531e-08 0.000000000000000e+00
4.675302165279578e-08 3.912545604239009e-08 0.000000000000000e+00
4.596836236563519e-08 3.933347602734173e-08 0.000000000000000e+00
4.357704771104733e-08 2.497805678326866e-08 0.000000000000000e+00
4.441685518246425e-08 2.507384871827022e-08 0.000000000000000e+00
4.355956170974173e-08 1.909479118933056e-08 0.000000000000000e+00
5.188025183935841e-08 2.141198580478916e-08 0.000000000000000e+00
4.867897772772194e-08 3.585149671515298e-08 0.000000000000000e+00
5.173789083167880e-08 2.385325608217466e-08 0.000000000000000e+00
4.995577522295719e-08 3.480958760762982e-08 0.000000000000000e+00
4.280213510031360e-08 4.280200131252391e-08 0.000000000000000e+00
4.321273393045804e-08 4.226482934080167e-08 0.000000000000000e+00
4.370289226727307e-08 4.177089182886299e-08 0.000000000000000e+00
4.422625681847655e-08 4.121303055963171e-08 0.000000000000000e+00
4.474051332769918e-08 4.051976289490317e-08 0.000000000000000e+00
4.519443741649166e-08 3.963189800473491e-08 0.000000000000000e+00
4.562212620479202e-08 3.869851084184690e-08 0.000000000000000e+00
4.625741247049280e-08 3.783572703683693e-08 0.000000000000000e+00
4.702998282486599e-08 3.698910046082074e-08 0.000000000000000e+00
4.786435809537413e-08 3.631461590103261e-08 0.000000000000000e+00
4.880760890989120e-08 3.572085524500342e-08 0.000000000000000e+00
4.962510558889829e-08 3.507198058236877e-08 0.000000000000000e+00
5.021503985023922e-08 3.437162080068769e-08 0.000000000000000e+00
5.066205416875970e-08 3.369390438333131e-08 0.000000000000000e+00
5.105454119445885e-08 3.305531920497348e-08 0.000000000000000e+00
5.143185405352791e-08 3.244130659714625e-08 0.000000000000000e+00
5.180872107769421e-08 3.183221536826870e-08 0.000000000000000e+00
5.218353597393073e-08 3.122066893712336e-08 0.000000000000000e+00
5.255701387176819e-08 3.060259675315698e-08 0.000000000000000e+00
5.292745162737107e-08 2.997370080519272e-08 0.000000000000000e+00
5.328091651800027e-08 2.932725662494528e-08 0.000000000000000e+00
5.364208418827394e-08 2.868570061628904e-08 0.000000000000000e+00
5.399586949638093e-08 2.802028063357762e-08 0.000000000000000e+00
5.431395828951479e-08 2.734297777911483e-08 0.000000000000000e+00
5.463922897586407e-08 2.666923101747289e-08 0.000000000000000e+00
5.494474231897949e-08 2.599640590171396e-08 0.000000000000000e+00
5.527314748193318e-08 2.532806935379686e-08 0.000000000000000e+00
5.558602125119470e-08 2.463807218331898e-08 0.000000000000000e+00
5.587993007588900e-08 2.395158373222031e-08 0.000000000000000e+00
2.512917013408919e-08 2.304573452383349e-08 0.000000000000000e+00
2.606284012285030e-08 2.190929010757524e-08 0.000000000000000e+00
2.688923542371800e-08 2.069582664186234e-08 0.000000000000000e+00
2.760375787720196e-08 1.939676182028773e-08 0.000000000000000e+00
2.811819003449781e-08 1.805805124844965e-08 0.000000000000000e+00
2.880824669913405e-08 1.683769749857460e-08 0.000000000000000e+00
2.937472869381188e-08 1.544564485957102e-08 0.000000000000000e+00
2.984033009409799e-08 1.399354158151928e-08 0.000000000000000e+00
-1.255484757632482e-09 1.534094185307577e-09 0.000000000000000e+00
-7.233545769370869e-10 1.086126232586122e-09 0.000000000000000e+00
-2.329782651107006e-10 4.398460942786710e-10 0.000000000000000e+00
1.048813268980457e-08 1.048695969423574e-08 0.000000000000000e+00
1.504097166718286e-08 1.503937400333494e-08 0.000000000000000e+00
1.966069439275921e-08 1.965920865827743e-08 0.000000000000000e+00
4.446380623620406e-08 4.049235313650377e-08 0.000000000000000e+00
4.467581502063016e-08 4.063435701089359e-08 0.000000000000000e+00
4.540774559418434e-08 4.005523906651330e-08 0.000000000000000e+00
4.208748026874617e-08 2.359228873769158e-08 0.000000000000000e+00
4.176431981958622e-08 2.154919857765514e-08 0.000000000000000e+00
4.642038031599582e-08 1.902718978093537e-08 0.000000000000000e+00
4.925705786995996e-08 1.986978000897591e-08 0.000000000000000e+00
4.777625336390455e-08 3.694313446529271e-08 0.000000000000000e+00
4.698947938655282e-08 3.789741276614337e-08 0.000000000000000e+00
4.615577195210438e-08 3.878842897331168e-08 0.000000000000000e+00
4.960359139853778e-08 3.510838204790759e-08 0.000000000000000e+00
4.821788974286043e-08 3.723269283463421e-08 0.000000000000000e+00
4.904473705592013e-08 3.596704324745524e-08 0.000000000000000e+00
4.959658537009212e-08 3.519163446185885e-08 0.000000000000000e+00
5.206302329635918e-08 2.267001542547096e-08 0.000000000000000e+00
5.017352329306151e-08 2.619257533018833e-08 0.000000000000000e+00
4.894574625060106e-08 2.694574600134748e-08 0.000000000000000e+00
4.725851655516072e-08 2.656941436727916e-08 0.000000000000000e+00
4.432422434657402e-08 2.582131506578386e-08 0.000000000000000e+00
4.493574012510373e-08 2.664181187418472e-08 0.000000000000000e+00
4.537781096753355e-08 2.745210307148438e-08 0.000000000000000e+00
4.578523843078589e-08 2.821032033411810e-08 0.000000000000000e+00
4.609514968889394e-08 2.895885440530188e-08 0.000000000000000e+00
4.634146579067734e-08 2.968868686475958e-08 0.000000000000000e+00
4.652741374482157e-08 3.040868692814308e-08 0.000000000000000e+00
4.671082018892385e-08 3.110803339849761e-08 0.000000000000000e+00
4.684091276044527e-08 3.180292053700717e-08 0.000000000000000e+00
4.697238304844396e-08 3.249096375403823e-08 0.000000000000000e+00
4.705349329993655e-08 3.316190747490986e-08 0.000000000000000e+00
4.712836779204533e-08 3.382016424131575e-08 0.000000000000000e+00
4.721630426260866e-08 3.447320274148539e-08 0.000000000000000e+00
4.725868560099488e-08 3.510645833654053e-08 0.000000000000000e+00
4.721251206444481e-08 3.568786439536486e-08 0.000000000000000e+00
4.714228566728048e-08 3.625455104653657e-08 0.000000000000000e+00
4.705585923721191e-08 3.680597292498625e-08 0.000000000000000e+00
4.696438206827072e-08 3.734320145996802e-08 0.000000000000000e+00
4.684988140335946e-08 3.786798166399016e-08 0.000000000000000e+00
4.669072703784507e-08 3.837321262595134e-08 0.000000000000000e+00
4.642881012981491e-08 3.886817747088475e-08 0.000000000000000e+00
4.994368647215897e-08 3.480276849607608e-08 0.000000000000000e+00
5.001599967306583e-08 3.471302532605568e-08 0.000000000000000e+00
5.012271895660179e-08 3.451331180357360e-08 0.000000000000000e+00
5.028810558327733e-08 3.423951498554656e-08 0.000000000000000e+00
5.046847298218152e-08 3.390465251186503e-08 0.000000000000000e+00
5.063695360567647e-08 3.352332615083861e-08 0.000000000000000e+00
5.081515078921678e-08 3.310654891815762e-08 0.000000000000000e+00
5.090893693382042e-08 3.262169855399122e-08 0.000000000000000e+00
5.099565501165212e-08 3.210707755073209e-08 0.000000000000000e+00
5.112353332377991e-08 3.158361409159152e-08 0.000000000000000e+00
5.120721205352836e-08 3.102458522446778e-08 0.000000000000000e+00
5.127768246850384e-08 3.045816858173293e-08 0.000000000000000e+00
5.133915230204787e-08 2.988080907580782e-08 0.000000000000000e+00
5.138815067569523e-08 2.928898132640832e-08 0.000000000000000e+00
5.140513825813672e-08 2.868264658721287e-08 0.000000000000000e+00
5.143703348044720e-08 2.807796420697083e-08 0.000000000000000e+00
5.140470377575770e-08 2.745150328026134e-08 0.000000000000000e+00
5.143251142038215e-08 2.682053850519492e-08 0.000000000000000e+00
5.141332694020536e-08 2.619027810072107e-08 0.000000000000000e+00
5.143287697691591e-08 2.553602447409753e-08 0.000000000000000e+00
5.150489826840097e-08 2.481421385352411e-08 0.000000000000000e+00
4.287148732388767e-08 4.287130846684339e-08 0.000000000000000e+00
4.290002849742305e-08 4.289984113014013e-08 0.000000000000000e+00
4.288449429038964e-08 4.288427593901835e-08 0.000000000000000e+00
4.276773120396174e-08 4.276742329246151e-08 0.000000000000000e+00
4.255490637113201e-08 4.255439841777341e-08 0.000000000000000e+00
4.212701411635665e-08 4.212626736525218e-08 0.000000000000000e+00
4.137912766575828e-08 4.137825690640166e-08 0.000000000000000e+00
4.032176917049339e-08 4.032084164607611e-08 0.000000000000000e+00
3.892307117076727e-08 3.892209787883589e-08 0.000000000000000e+00
3.718762066983970e-08 3.718661393012982e-08 0.000000000000000e+00
3.513765664772051e-08 3.513661545171385e-08 0.000000000000000e+00
3.277542052545221e-08 3.277433492923564e-08 0.000000000000000e+00
3.024698432986834e-08 3.024588454377348e-08 0.000000000000000e+00
2.731068119478445e-08 2.730955581953108e-08 0.000000000000000e+00
4.322950717380772e-08 4.237499922633909e-08 0.000000000000000e+00
4.367038102238704e-08 4.193728586468599e-08 0.000000000000000e+00
4.413655719470447e-08 4.146600693299598e-08 0.000000000000000e+00
4.458527174033339e-08 4.092592287795181e-08 0.000000000000000e+00
4.500418283412081e-08 4.025626612852807e-08 0.000000000000000e+00
4.537756008753917e-08 3.941519052691756e-08 0.000000000000000e+00
4.587100588714345e-08 3.855066767879663e-08 0.000000000000000e+00
4.660060237606118e-08 3.770991171469947e-08 0.000000000000000e+00
4.733562492561566e-08 3.688770603170522e-08 0.000000000000000e+00
4.812405772145635e-08 3.624723134495084e-08 0.000000000000000e+00
4.898966961707631e-08 3.569465183101477e-08 0.000000000000000e+00
4.970040878451747e-08 3.514348110865190e-08 0.000000000000000e+00
5.021410240793579e-08 3.455519065568245e-08 0.000000000000000e+00
5.061386812997096e-08 3.395755591922123e-08 0.000000000000000e+00
5.097147509206946e-08 3.337078067330765e-08 0.000000000000000e+00
5.131407365548791e-08 3.280555130946875e-08 0.000000000000000e+00
5.165823945433634e-08 3.224998706246175e-08 0.000000000000000e+00
5.200086979595442e-08 3.169477267858544e-08 0.000000000000000e+00
5.234202353469406e-08 3.113748626178902e-08 0.000000000000000e+00
5.268201932805356e-08 3.057494416608726e-08 0.000000000000000e+00
5.301816369136441e-08 3.000463414195563e-08 0.000000000000000e+00
5.334303373028338e-08 2.941860748053436e-08 0.000000000000000e+00
5.367148321956205e-08 2.883458523216745e-08 0.000000000000000e+00
5.399784592575966e-08 2.824525311120757e-08 0.000000000000000e+00
5.428748817317590e-08 2.763073048487383e-08 0.000000000000000e+00
5.458352761870084e-08 2.701630811089855e-08 0.000000000000000e+00
5.486550763505987e-08 2.639982898283915e-08 0.000000000000000e+00
5.515654500416681e-08 2.578874506021047e-08 0.000000000000000e+00
5.545921390228611e-08 2.517647208283511e-08 0.000000000000000e+00
5.572518975220022e-08 2.455155613280355e-08 0.000000000000000e+00
5.599304246750009e-08 2.392961519187306e-08 0.000000000000000e+00
5.076456443000860e-08 3.400513266571178e-08 0.000000000000000e+00
5.039773887478575e-08 3.441366403985122e-08 0.000000000000000e+00
5.052981818117303e-08 3.417760620258591e-08 0.000000000000000e+00
5.058440432675710e-08 3.428987024189653e-08 0.000000000000000e+00
5.245067107306110e-08 2.695566119752749e-08 0.000000000000000e+00
5.209612586651184e-08 2.833365467814911e-08 0.000000000000000e+00
4.331446936417879e-08 2.613575514731520e-08 0.000000000000000e+00
3.444963357325175e-08 1.829934157421799e-08 0.000000000000000e+00
3.221662609836434e-08 1.559215064725429e-08 0.000000000000000e+00
3.538057035941637e-08 1.640906011323642e-08 0.000000000000000e+00
4.322076570921807e-08 4.259398731344016e-08 0.000000000000000e+00
4.358659707271532e-08 4.219500099702936e-08 0.000000000000000e+00
4.314825441079704e-08 4.257756602250496e-08 0.000000000000000e+00
5.431284547652718e-08 2.521877119912998e-08 0.000000000000000e+00
5.341054225448152e-08 2.742061950426041e-08 0.000000000000000e+00
4.606635628258837e-08 3.801352816894899e-08 0.000000000000000e+00
5.433100665153239e-08 2.704610933441592e-08 0.000000000000000e+00
5.546704411096857e-08 2.487152138664869e-08 0.000000000000000e+00
4.579408365401885e-08 3.915770925749814e-08 0.000000000000000e+00
5.262529529280590e-08 2.510889754026226e-08 0.000000000000000e+00
2.891888115886052e-08 2.378957682507418e-08 0.000000000000000e+00
2.991901225937021e-08 2.688598410697249e-08 0.000000000000000e+00
2.694313716165357e-08 2.455439479564781e-08 0.000000000000000e+00
4.474827979814074e-08 2.816208803123659e-08 0.000000000000000e+00
4.476963346657256e-08 2.987609169453600e-08 0.000000000000000e+00
4.269809505856853e-08 2.814262710507059e-08 0.000000000000000e+00
4.146907591923761e-08 2.987315563495871e-08 0.000000000000000e+00
5.239773409479011e-08 2.359424151483431e-08 0.000000000000000e+00
4.449953561293043e-08 3.517734858238938e-08 0.000000000000000e+00
4.269974295560080e-08 3.589967556501936e-08 0.000000000000000e+00
4.334966520124956e-08 3.397583701975208e-08 0.000000000000000e+00
5.178191494543668e-08 3.156277491892635e-08 0.000000000000000e+00
5.259050412116976e-08 3.113369841388555e-08 0.000000000000000e+00
5.187711374826627e-08 3.209347847241696e-08 0.000000000000000e+00
5.320745257157016e-08 2.988513032127834e-08 0.000000000000000e+00
5.309888625130007e-08 2.921731428175360e-08 0.000000000000000e+00
5.181967289999508e-08 3.056072918292995e-08 0.000000000000000e+00
4.463460900297131e-08 4.045039500168882e-08 0.000000000000000e+00
4.378917627374881e-08 4.073002116287817e-08 0.000000000000000e+00
4.476166847351024e-08 3.940796549219035e-08 0.000000000000000e+00
5.459682929983905e-08 2.732410400781081e-08 0.000000000000000e+00
5.490888496612395e-08 2.668727400114260e-08 0.000000000000000e+00
4.591459050770259e-08 3.671948622803246e-08 0.000000000000000e+00
4.611242294532774e-08 3.515748811206211e-08 0.000000000000000e+00
5.551935685554928e-08 2.573336540738573e-08 0.000000000000000e+00
5.599616304412557e-08 2.439205189198756e-08 0.000000000000000e+00
5.187355791545177e-08 3.212547338009369e-08 0.000000000000000e+00
5.177597474805883e-08 3.239388889491558e-08 0.000000000000000e+00
5.203322216531441e-08 3.199839363253316e-08 0.000000000000000e+00
5.184235747926259e-08 3.236006010909359e-08 0.000000000000000e+00
4.381928605058216e-08 3.187356992001880e-08 0.000000000000000e+00
4.581016802254367e-08 3.143990975604642e-08 0.000000000000000e+00
5.501444116572489e-08 2.676141455104963e-08 0.000000000000000e+00
5.488518576262745e-08 2.676490945724560e-08 0.000000000000000e+00
5.523156975054750e-08 2.637443970704153e-08 0.000000000000000e+00
5.424773613554612e-08 2.823581379234329e-08 0.000000000000000e+00
5.392792056456573e-08 2.880505850667365e-08 0.000000000000000e+00
5.417325825817171e-08 2.844791812872631e-08 0.000000000000000e+00
5.211100755228406e-08 2.934364194301914e-08 0.000000000000000e+00
5.630368544873233e-08 2.377616483507301e-08 0.000000000000000e+00
5.082908344421440e-08 3.375688980171713e-08 0.000000000000000e+00
5.085464378334605e-08 3.387538564833519e-08 0.000000000000000e+00
5.060715352404888e-08 3.418725069453255e-08 0.000000000000000e+00
5.030995024843524e-08 3.465226833280523e-08 0.000000000000000e+00
5.568474172368479e-08 2.489356040651460e-08 0.000000000000000e+00
5.578575545098160e-08 2.492410339282693e-08 0.000000000000000e+00
5.590904881521738e-08 2.441646189569496e-08 0.000000000000000e+00
5.608666111953317e-08 2.427398127283700e-08 0.000000000000000e+00
5.602143397210804e-08 2.456941857071959e-08 0.000000000000000e+00
5.573515551418704e-08 2.518360368234232e-08 0.000000000000000e+00
5.623413573643835e-08 2.412368828332888e-08 0.000000000000000e+00
5.627624851732237e-08 2.395441085130560e-08 0.000000000000000e+00
5.035993533991644e-08 3.461295710619551e-08 0.000000000000000e+00
3.793679528649421e-08 2.496969188329835e-08 0.000000000000000e+00
3.477775799671540e-08 2.137074374050887e-08 0.000000000000000e+00
3.797651148612024e-08 2.231289039403896e-08 0.000000000000000e+00
3.384094486325880e-08 2.359047841153412e-08 0.000000000000000e+00
4.437275854477823e-08 4.142327579793457e-08 0.000000000000000e+00
4.407338787973150e-08 4.171782575258104e-08 0.000000000000000e+00
4.423041587989564e-08 4.147810835355670e-08 0.000000000000000e+00
4.393102710273956e-08 4.173923815016268e-08 0.000000000000000e+00
4.409249412462986e-08 4.134905436539372e-08 0.000000000000000e+00
3.298295898073886e-08 2.922369691815901e-08 0.000000000000000e+00
3.138272002814841e-08 1.810431178146510e-08 0.000000000000000e+00
3.691752081994356e-08 2.025555533679904e-08 0.000000000000000e+00
3.752615411451278e-08 1.831896430207693e-08 0.000000000000000e+00
4.464295683970007e-08 4.087622395679161e-08 0.000000000000000e+00
4.499854312334576e-08 4.046529737246758e-08 0.000000000000000e+00
4.452845059657744e-08 4.115891522074094e-08 0.000000000000000e+00
5.584494523244068e-08 2.496498108648632e-08 0.000000000000000e+00
4.468017863667532e-08 4.099382170737841e-08 0.000000000000000e+00
4.101456397742727e-08 2.621420338083866e-08 0.000000000000000e+00
4.034980715153434e-08 2.750663460001121e-08 0.000000000000000e+00
5.223793623627466e-08 3.172482340307659e-08 0.000000000000000e+00
5.249693590569686e-08 3.134842249643209e-08 0.000000000000000e+00
5.282267180051656e-08 3.082829310426975e-08 0.000000000000000e+00
5.616961856300529e-08 2.385136151421691e-08 0.000000000000000e+00
5.119576737091976e-08 3.304311256088788e-08 0.000000000000000e+00
5.145376050598682e-08 3.286253845365379e-08 0.000000000000000e+00
5.188018937840177e-08 3.228204684327677e-08 0.000000000000000e+00
4.352628545922190e-08 4.180349101767659e-08 0.000000000000000e+00
4.358595668745931e-08 4.208994939832270e-08 0.000000000000000e+00
4.449651575765977e-08 4.081724821966260e-08 0.000000000000000e+00
4.471240203403286e-08 4.040198229372589e-08 0.000000000000000e+00
4.438569473260903e-08 4.107462945421782e-08 0.000000000000000e+00
4.933879786801821e-08 3.555721827404820e-08 0.000000000000000e+00
4.388411363116608e-08 4.194586011457427e-08 0.000000000000000e+00
4.425013463133179e-08 4.152911938976840e-08 0.000000000000000e+00
4.392858292172033e-08 4.180650993120334e-08 0.000000000000000e+00
4.988131529106201e-08 3.503540481779044e-08 0.000000000000000e+00
3.969633334353295e-08 1.831549038352235e-08 0.000000000000000e+00
4.173475942240282e-08 1.950948028971216e-08 0.000000000000000e+00
3.957720509903920e-08 2.080738587844934e-08 0.000000000000000e+00
5.102964598859663e-08 3.362616716487571e-08 0.000000000000000e+00
5.403298718719098e-08 2.388198340187968e-08 0.000000000000000e+00
4.792289716113690e-08 3.646031611891294e-08 0.000000000000000e+00
3.743257383059649e-08 3.475133061056784e-08 0.000000000000000e+00
3.748094291064426e-08 3.274462917208792e-08 0.000000000000000e+00
3.924682610622833e-08 3.364791336411270e-08 0.000000000000000e+00
3.858906645070967e-08 3.099999794310202e-08 0.000000000000000e+00
4.124383159274055e-08 3.212422721133784e-08 0.000000000000000e+00
4.035019679432236e-08 2.406550613919420e-08 0.000000000000000e+00
4.168807813459958e-08 2.308051365230870e-08 0.000000000000000e+00
4.127636770696024e-08 3.495726859429876e-08 0.000000000000000e+00
4.314179286107563e-08 4.011829684824869e-08 0.000000000000000e+00
3.100124245116483e-08 2.057267500364574e-08 0.000000000000000e+00
5.115517004457724e-08 3.339998218104805e-08 0.000000000000000e+00
5.090993987269767e-08 3.367652533274540e-08 0.000000000000000e+00
5.124081463001994e-08 3.313181012284524e-08 0.000000000000000e+00
5.001729274686383e-08 3.498686201740343e-08 0.000000000000000e+00
5.554096934671536e-08 2.567840546003991e-08 0.000000000000000e+00
3.013829016938332e-08 2.223987231062805e-08 0.000000000000000e+00
3.286981505203493e-08 2.582332171102373e-08 0.000000000000000e+00
5.458662739669156e-08 2.759223654280423e-08 0.000000000000000e+00
5.426321452763897e-08 2.799722576202572e-08 0.000000000000000e+00
4.139036858974668e-08 3.751742170230510e-08 0.000000000000000e+00
3.919585810735645e-08 3.621377774855872e-08 0.000000000000000e+00
5.151020274840006e-08 3.284900844883681e-08 0.000000000000000e+00
5.156266475465968e-08 3.262696975732699e-08 0.000000000000000e+00
5.549848936563055e-08 2.541181804582809e-08 0.000000000000000e+00
5.550761110641570e-08 2.566821398934698e-08 0.000000000000000e+00
5.520899730646158e-08 2.598918224345709e-08 0.000000000000000e+00
4.454225284130261e-08 3.835772879242942e-08 0.000000000000000e+00
4.407782984228421e-08 3.689552631403202e-08 0.000000000000000e+00
4.260737985500503e-08 3.893263490317154e-08 0.000000000000000e+00
5.396061322283535e-08 2.858803565890822e-08 0.000000000000000e+00
3.844038925937774e-08 2.815030982467677e-08 0.000000000000000e+00
3.574632905196112e-08 3.341232337326127e-08 0.000000000000000e+00
5.016045616808309e-08 3.473235808772251e-08 0.000000000000000e+00
5.096583961935302e-08 3.367063093868130e-08 0.000000000000000e+00
5.129449834976960e-08 3.321833862940220e-08 0.000000000000000e+00
5.513592837396169e-08 2.636302410774129e-08 0.000000000000000e+00
5.314604701230208e-08 3.027252575529950e-08 0.000000000000000e+00
4.370899209079255e-08 4.205964358570415e-08 0.000000000000000e+00
4.351205786684568e-08 4.230659446591216e-08 0.000000000000000e+00
5.353973479951862e-08 2.960855489451287e-08 0.000000000000000e+00
4.319411961433925e-08 4.262410951212596e-08 0.000000000000000e+00
5.451014966566633e-08 2.785439047470642e-08 0.000000000000000e+00
4.327411595359189e-08 4.247346202722194e-08 0.000000000000000e+00
4.579568390093359e-08 3.327465920598205e-08 0.000000000000000e+00
5.416427323770761e-08 2.831802791949487e-08 0.000000000000000e+00
5.395252719258706e-08 2.890082684453309e-08 0.000000000000000e+00
3.563946836497641e-08 3.135266149438564e-08 0.000000000000000e+00
5.123414844481978e-08 3.324935378895429e-08 0.000000000000000e+00
3.580921518459311e-08 2.853175778977835e-08 0.000000000000000e+00
5.381684884760914e-08 2.915069264191142e-08 0.000000000000000e+00
5.365620404076729e-08 2.934747828861864e-08 0.000000000000000e+00
5.344908860883484e-08 2.976626114620214e-08 0.000000000000000e+00
5.157676309973483e-08 3.277807531010624e-08 0.000000000000000e+00
5.504671836108621e-08 2.669667669488631e-08 0.000000000000000e+00
5.532095356976655e-08 2.611364628012078e-08 0.000000000000000e+00
5.333354360067491e-08 2.981059478838102e-08 0.000000000000000e+00
5.365429581406454e-08 2.915145947659788e-08 0.000000000000000e+00
4.718693065492100e-08 3.732739394622970e-08 0.000000000000000e+00
5.486325663520535e-08 2.697608121852066e-08 0.000000000000000e+00
5.483882318434032e-08 2.715059452265634e-08 0.000000000000000e+00
3.576661346250855e-08 2.622424827594876e-08 0.000000000000000e+00
5.455145904205703e-08 2.775933202138506e-08 0.000000000000000e+00
5.217113101148114e-08 3.185017574365061e-08 0.000000000000000e+00
5.219663783553939e-08 3.162764577811393e-08 0.000000000000000e+00
5.235332083370465e-08 3.150475684715794e-08 0.000000000000000e+00
5.253945041165901e-08 3.109079881616010e-08 0.000000000000000e+00
5.268926613117698e-08 3.097889926736583e-08 0.000000000000000e+00
5.288943575498616e-08 3.051966877055148e-08 0.000000000000000e+00
5.307593189677015e-08 3.035576149355440e-08 0.000000000000000e+00
2.160872113542096e-08 1.348859147343771e-08 0.000000000000000e+00
2.229328718033598e-08 1.857373706339721e-08 0.000000000000000e+00
1.097861940756873e-08 8.098744430857518e-09 0.000000000000000e+00
1.010835340715189e-08 5.903810647636421e-09 0.000000000000000e+00
2.624503274633718e-08 1.280101871264884e-08 0.000000000000000e+00
4.818121204897765e-08 3.689433843846103e-08 0.000000000000000e+00
4.886722675020140e-08 3.597149350760662e-08 0.000000000000000e+00
4.866038604567532e-08 3.626536479143608e-08 0.000000000000000e+00
4.841219441613714e-08 3.640595244964562e-08 0.000000000000000e+00
4.738840294958574e-08 3.727928489922434e-08 0.000000000000000e+00
4.754125167699284e-08 3.674116620186179e-08 0.000000000000000e+00
4.800259361401106e-08 3.662789877400220e-08 0.000000000000000e+00
4.847183695043275e-08 3.038448477179444e-08 0.000000000000000e+00
4.934255119064074e-08 3.022006835692437e-08 0.000000000000000e+00
4.855590176707349e-08 3.104305332905920e-08 0.000000000000000e+00
4.943751734991874e-08 3.530005027173131e-08 0.000000000000000e+00
4.938334935372314e-08 3.534654193107760e-08 0.000000000000000e+00
4.836734691222996e-08 2.971836597230090e-08 0.000000000000000e+00
4.927473520820103e-08 2.957629934865732e-08 0.000000000000000e+00
4.775444327764895e-08 3.754113115940730e-08 0.000000000000000e+00
5.084477585195015e-08 2.807017474157659e-08 0.000000000000000e+00
5.067342340913453e-08 2.857747029720637e-08 0.000000000000000e+00
5.006460763508726e-08 2.843151479476474e-08 0.000000000000000e+00
5.048500032348309e-08 2.648568342986854e-08 0.000000000000000e+00
5.073238691221836e-08 2.683296840229860e-08 0.000000000000000e+00
4.964866554216578e-08 2.708968117832160e-08 0.000000000000000e+00
4.843189953603406e-08 2.725133428099711e-08 0.000000000000000e+00
4.757336143359909e-08 2.697388790515321e-08 0.000000000000000e+00
4.913490320992178e-08 2.681176074005419e-08 0.000000000000000e+00
4.773944183790199e-08 3.719947645167597e-08 0.000000000000000e+00
4.822975077890625e-08 2.906827498372010e-08 0.000000000000000e+00
4.918935268431017e-08 2.900680348422134e-08 0.000000000000000e+00
4.869215122118871e-08 3.591142148045366e-08 0.000000000000000e+00
5.009251840286933e-08 2.744196228093195e-08 0.000000000000000e+00
5.053709838647680e-08 2.777122901962666e-08 0.000000000000000e+00
4.806572805957003e-08 2.838695122694812e-08 0.000000000000000e+00
4.922931752332354e-08 2.826167506169736e-08 0.000000000000000e+00
4.991610296846204e-08 2.893935423910906e-08 0.000000000000000e+00
4.769828541702437e-08 2.782638746603526e-08 0.000000000000000e+00
4.885889050494640e-08 2.771925179948939e-08 0.000000000000000e+00
4.996588719775396e-08 2.641468981789653e-08 0.000000000000000e+00
4.999824991871090e-08 2.963671213138274e-08 0.000000000000000e+00
5.035550798508323e-08 2.913982209486516e-08 0.000000000000000e+00
5.071335592731916e-08 2.931526791713357e-08 0.000000000000000e+00
5.002488595621578e-08 3.026289525793904e-08 0.000000000000000e+00
5.038579003010283e-08 2.979242632996615e-08 0.000000000000000e+00
5.071007448289590e-08 2.993325093886280e-08 0.000000000000000e+00
5.003131141848495e-08 3.088116763952872e-08 0.000000000000000e+00
5.038612022958150e-08 3.040851558180177e-08 0.000000000000000e+00
5.068570260354945e-08 3.053580938007159e-08 0.000000000000000e+00
4.938736253007327e-08 3.085744411348583e-08 0.000000000000000e+00
4.861678784825782e-08 3.169225205117557e-08 0.000000000000000e+00
5.002092010232644e-08 3.148713269643900e-08 0.000000000000000e+00
5.036940651051782e-08 3.101336561523347e-08 0.000000000000000e+00
5.064832757497260e-08 3.112539808946355e-08 0.000000000000000e+00
4.909485995618789e-08 3.560842824435081e-08 0.000000000000000e+00
4.955303606825047e-08 3.512641969438515e-08 0.000000000000000e+00
4.999258184024408e-08 3.207666831736416e-08 0.000000000000000e+00
5.033781972749792e-08 3.160375777993197e-08 0.000000000000000e+00
5.059664444709387e-08 3.170076533180682e-08 0.000000000000000e+00
4.994540690226611e-08 3.265085907779220e-08 0.000000000000000e+00
5.028552701199220e-08 3.217630824225675e-08 0.000000000000000e+00
5.051681021462396e-08 3.225740926236076e-08 0.000000000000000e+00
4.941149110107417e-08 3.148476792917552e-08 0.000000000000000e+00
4.865768712608675e-08 3.232920554599987e-08 0.000000000000000e+00
4.988690350001661e-08 3.320620462112620e-08 0.000000000000000e+00
5.021807501793647e-08 3.273570302528690e-08 0.000000000000000e+00
5.043857825308674e-08 3.279796161041619e-08 0.000000000000000e+00
4.980903133135172e-08 3.373130851669137e-08 0.000000000000000e+00
5.014544297276773e-08 3.326856873269731e-08 0.000000000000000e+00
5.035388797372904e-08 3.330881365156849e-08 0.000000000000000e+00
4.969646541140311e-08 3.422462181086876e-08 0.000000000000000e+00
5.004469124117661e-08 3.376521800859917e-08 0.000000000000000e+00
5.022234107223827e-08 3.377759586788104e-08 0.000000000000000e+00
4.941720230178513e-08 3.209821516411338e-08 0.000000000000000e+00
4.867806296776171e-08 3.294966427103432e-08 0.000000000000000e+00
4.955274826792448e-08 3.468516429676794e-08 0.000000000000000e+00
4.990655783139864e-08 3.423123923997209e-08 0.000000000000000e+00
5.006553017417589e-08 3.421113365941982e-08 0.000000000000000e+00
4.935623224971886e-08 3.513546839050193e-08 0.000000000000000e+00
4.973943655459497e-08 3.466372318764977e-08 0.000000000000000e+00
4.987512557321731e-08 3.461945549949796e-08 0.000000000000000e+00
4.949855192720921e-08 3.511743371500225e-08 0.000000000000000e+00
4.940404423154578e-08 3.269551922496148e-08 0.000000000000000e+00
4.868356952915130e-08 3.355303450190491e-08 0.000000000000000e+00
4.689960051390901e-08 2.848039558218048e-08 0.000000000000000e+00
4.661371877794282e-08 2.785492690558243e-08 0.000000000000000e+00
4.937492779039773e-08 3.327543719042098e-08 0.000000000000000e+00
4.866905924200179e-08 3.413866979315035e-08 0.000000000000000e+00
4.822469901906275e-08 3.606042396365301e-08 0.000000000000000e+00
4.713979782483361e-08 2.917285006211186e-08 0.000000000000000e+00
4.932718303314649e-08 3.383343009432048e-08 0.000000000000000e+00
4.862253188778701e-08 3.468990360298549e-08 0.000000000000000e+00
4.732885350495657e-08 2.986873182051646e-08 0.000000000000000e+00
4.924841165265438e-08 3.436444325403183e-08 0.000000000000000e+00
4.748296426535012e-08 3.055371067684796e-08 0.000000000000000e+00
4.866922337616265e-08 3.503426625392502e-08 0.000000000000000e+00
4.789486144070364e-08 3.505411053026939e-08 0.000000000000000e+00
4.791093420705379e-08 3.445737228471135e-08 0.000000000000000e+00
4.913466507330963e-08 3.486536157783919e-08 0.000000000000000e+00
4.898968174841287e-08 3.533476843368682e-08 0.000000000000000e+00
4.788293330916410e-08 3.384246172403268e-08 0.000000000000000e+00
4.844447717037910e-08 3.553586917452309e-08 0.000000000000000e+00
4.783888527709317e-08 3.321464952032310e-08 0.000000000000000e+00
4.778614893591169e-08 3.256900093122507e-08 0.000000000000000e+00
4.770797038211755e-08 3.190654813129492e-08 0.000000000000000e+00
4.760866637487399e-08 3.123625073437750e-08 0.000000000000000e+00
4.741049338071252e-08 3.775495262552299e-08 0.000000000000000e+00
4.783296645580463e-08 3.562644812507463e-08 0.000000000000000e+00
4.772599197630645e-08 3.616108443938269e-08 0.000000000000000e+00
4.700994766966540e-08 2.743161931806052e-08 0.000000000000000e+00
4.651142213939475e-08 2.663279410178556e-08 0.000000000000000e+00
4.627547112670631e-08 2.704382383307551e-08 0.000000000000000e+00
4.552538359212316e-08 2.606075723964227e-08 0.000000000000000e+00
4.826869943840415e-08 2.671480241344281e-08 0.000000000000000e+00
4.710281266920038e-08 2.656373933393509e-08 0.000000000000000e+00
4.503809136467903e-08 2.547685887463622e-08 0.000000000000000e+00
4.946251944089455e-08 3.525703858544396e-08 0.000000000000000e+00
4.888053571959484e-08 3.595059925718004e-08 0.000000000000000e+00
4.714854323276780e-08 3.829401101460158e-08 0.000000000000000e+00
5.055035825114933e-08 2.587745471949561e-08 0.000000000000000e+00
4.929788853427333e-08 2.656482999272063e-08 0.000000000000000e+00
4.820984675331910e-08 3.692749353307217e-08 0.000000000000000e+00
4.723289626378352e-08 3.859837572311877e-08 0.000000000000000e+00
5.063043692614998e-08 2.585996097045322e-08 0.000000000000000e+00
CELL_DATA 1776
SCALARS element_id int 1
LOOKUP_TABLE default
1
2
3
4
5
6
7
8
9
10
11
12
13
14
15
16
17
18
19
20
21
22
23
24
25
26
27
28
29
30
31
32
33
34
35
36
37
38
39
40
41
42
43
44
45
46
47
48
49
50
51
52
53
54
55
56
57
58
59
60
61
62
63
64
65
66
67
68
69
70
71
72
73
74
75
76
77
78
79
80
81
82
83
84
85
86
87
88
89
90
91
92
93
94
95
96
97
98
99
100
101
102
103
104
105
106
107
108
109
110
111
112
113
114
115
116
117
118
119
120
121
122
123
124
125
126
127
128
129
130
131
132
133
134
135
136
137
138
139
140
141
142
143
144
145
146
147
148
149
150
151
152
153
154
155
156
157
158
159
160
161
162
163
164
165
166
167
168
169
170
171
172
173
174
175
176
177
178
179
180
181
182
183
184
185
186
187
188
189
190
191
192
193
194
195
196
197
198
199
200
201
202
203
204
205
206
207
208
209
210
211
212
213
214
215
216
217
218
219
220
221
222
223
224
225
226
227
228
229
230
231
232
233
234
235
236
237
238
239
240
241
242
243
244
245
246
247
248
249
250
251
252
253
254
255
256
257
258
259
260
261
262
263
264
265
266
267
268
269
270
271
272
273
274
275
276
277
278
279
280
281
282
283
284
285
286
287
288
289
290
291
292
293
294
295
296
297
298
299
300
301
302
303
304
305
306
307
308
309
310
311
312
313
314
315
316
317
318
319
320
321
322
323
324
325
326
327
328
329
330
331
332
333
334
335
336
337
338
339
340
341
342
343
344
345
346
347
348
349
350
351
352
353
354
355
356
357
358
359
360
361
362
363
364
365
366
367
368
369
370
371
372
373
374
375
376
377
378
379
380
381
382
383
384
385
386
387
388
389
390
391
392
393
394
395
396
397
398
399
400
401
402
403
404
405
406
407
408
409
410
411
412
413
414
415
416
417
418
419
420
421
422
423
424
425
426
427
428
429
430
431
432
433
434
435
436
437
438
439
440
441
442
443
444
445
446
447
448
449
450
451
452
453
454
455
456
457
458
459
460
461
462
463
464
465
466
467
468
469
470
471
472
473
474
475
476
477
478
479
480
481
482
483
484
485
486
487
488
489
490
491
492
493
494
495
496
497
498
499
500
501
502
503
504
505
506
507
508
509
510
511
512
513
514
515
516
517
518
519
520
521
522
523
524
525
526
527
528
529
530
531
532
533
534
535
536
537
538
539
540
541
542
543
544
545
546
547
548
549
550
551
552
553
554
555
556
557
558
559
560
561
562
563
564
565
566
567
568
569
570
571
572
573
574
575
576
577
578
579
580
581
582
583
584
585
586
587
588
589
590
591
592
593
594
595
596
597
598
599
600
601
602
603
604
605
606
607
608
609
610
611
612
613
614
615
616
617
618
619
620
621
622
623
624
625
626
627
628
629
630
631
632
633
634
635
636
637
638
639
640
641
642
643
644
645
646
647
648
649
650
651
652
653
654
655
656
657
658
659
660
661
662
663
664
665
666
667
668
669
670
671
672
673
674
675
676
677
678
679
680
681
682
683
684
685
686
687
688
689
690
691
692
693
694
695
696
697
698
699
700
701
702
703
704
705
706
707
708
709
710
711
712
713
714
715
716
717
718
719
720
721
722
723
724
725
726
727
728
729
730
731
732
733
734
735
736
737
738
739
740
741
742
743
744
745
746
747
748
749
750
751
752
753
754
755
756
757
758
759
760
761
762
763
764
765
766
767
768
769
770
771
772
773
774
775
776
777
778
779
780
781
782
783
784
785
786
787
788
789
790
791
792
793
794
795
796
797
798
799
800
801
802
803
804
805
806
807
808
809
810
811
812
813
814
815
816
817
818
819
820
821
822
823
824
825
826
827
828
829
830
831
832
833
834
835
836
837
838
839
840
841
842
843
844
845
846
847
848
849
850
851
852
853
854
855
856
857
858
859
860
861
862
863
864
865
866
867
868
869
870
871
872
873
874
875
876
877
878
879
880
881
882
883
884
885
886
887
888
926
927
928
929
930
931
932
933
934
935
936
937
938
939
940
941
942
943
944
945
946
947
948
949
950
951
952
953
954
955
956
957
958
959
960
961
962
963
964
965
966
967
968
969
970
971
972
973
974
975
976
977
978
979
980
981
982
983
984
985
986
987
988
989
990
991
992
993
994
995
996
997
998
999
1000
1001
1002
1003
1004
1005
1006
1007
1008
1009
1010
1011
1012
1013
1014
1015
1016
1017
1018
1019
1020
1021
1022
1023
1024
1025
1026
1027
1028
1029
1030
1031
1032
1033
1034
1035
1036
1037
1038
1039
1040
1041
1042
1043
1044
1045
1046
1047
1048
1049
1050
1051
1052
1053
1054
1055
1056
1057
1058
1059
1060
1061
1062
1063
1064
1065
1066
1067
1068
1069
1070
1071
1072
1073
1074
1075
1076
1077
1078
1079
1080
1081
1082
1083
1084
1085
1086
1087
1088
1089
1090
1091
1092
1093
1094
1095
1096
1097
1098
1099
1100
1101
1102
1103
1104
1105
1106
1107
1108
1109
1110
1111
1112
1113
1114
1115
1116
1117
1118
1119
1120
1121
1122
1123
1124
1125
1126
1127
1128
1129
1130
1131
1132
1133
1134
1135
1136
1137
1138
1139
1140
1141
1142
1143
1144
1145
1146
1147
1148
1149
1150
1151
1152
1153
1154
1155
1156
1157
1158
1159
1160
1161
1162
1163
1164
1165
1166
1167
1168
1169
1170
1171
1172
1173
1174
1175
1176
1177
1178
1179
1180
1181
1182
1183
1184
1185
1186
1187
1188
1189
1190
1191
1192
1193
1194
1195
1196
1197
1198
1199
1200
1201
1202
1203
1204
1205
1206
1207
1208
1209
1210
1211
1212
1213
1214
1215
1216
1217
1218
1219
1220
1221
1222
1223
1224
1225
1226
1227
1228
1229
1230
1231
1232
1233
1234
1235
1236
1237
1238
1239
1240
1241
1242
1243
1244
1245
1246
1247
1248
1249
1250
1251
1252
1253
1254
1255
1256
1257
1258
1259
1260
1261
1262
1263
1264
1265
1266
1267
1268
1269
1270
1271
1272
1273
1274
1275
1276
1277
1278
1279
1280
1281
1282
1283
1284
1285
1286
1287
1288
1289
1290
1291
1292
1293
1294
1295
1296
1297
1298
1299
1300
1301
1302
1303
1304
1305
1306
1307
1308
1309
1310
1311
1312
1313
1314
1315
1316
1317
1318
1319
1320
1321
1322
1323
1324
1325
1326
1327
1328
1329
1330
1331
1332
1333
1334
1335
1336
1337
1338
1339
1340
1341
1342
1343
1344
1345
1346
1347
1348
1349
1350
1351
1352
1353
1354
1355
1356
1357
1358
1359
1360
1361
1362
1363
1364
1365
1366
1367
1368
1369
1370
1371
1372
1373
1374
1375
1376
1377
1378
1379
1380
1381
1382
1383
1384
1385
1386
1387
1388
1389
1390
1391
1392
1393
1394
1395
1396
1397
1398
1399
1400
1401
1402
1403
1404
1405
1406
1407
1408
1409
1410
1411
1412
1413
1414
1415
1416
1417
1418
1419
1420
1421
1422
1423
1424
1425
1426
1427
1428
1429
1430
1431
1432
1433
1434
1435
1436
1437
1438
1439
1440
1441
1442
1443
1444
1445
1446
1447
1448
1449
1450
1451
1452
1453
1454
1455
1456
1457
1458
1459
1460
1461
1462
1463
1464
1465
1466
1467
1468
1469
1470
1471
1472
1473
1474
1475
1476
1477
1478
1479
1480
1481
1482
1483
1484
1485
1486
1487
1488
1489
1490
1491
1492
1493
1494
1495
1496
1497
1498
1499
1500
1501
1502
1503
1504
1505
1506
1507
1508
1509
1510
1511
1512
1513
1514
1515
1516
1517
1518
1519
1520
1521
1522
1523
1524
1525
1526
1527
1528
1529
1530
1531
1532
1533
1534
1535
1536
1537
1538
1539
1540
1541
1542
1543
1544
1545
1546
1547
1548
1549
1550
1551
1552
1553
1554
1555
1556
1557
1558
1559
1560
1561
1562
1563
1564
1565
1566
1567
1568
1569
1570
1571
1572
1573
1574
1575
1576
1577
1578
1579
1580
1581
1582
1583
1584
1585
1586
1587
1588
1589
1590
1591
1592
1593
1594
1595
1596
1597
1598
1599
1600
1601
1602
1603
1604
1605
1606
1607
1608
1609
1610
1611
1612
1613
1614
1615
1616
1617
1618
1619
1620
1621
1622
1623
1624
1625
1626
1627
1628
1629
1630
1631
1632
1633
1634
1635
1636
1637
1638
1639
1640
1641
1642
1643
1644
1645
1646
1647
1648
1649
1650
1651
1652
1653
1654
1655
1656
1657
1658
1659
1660
1661
1662
1663
1664
1665
1666
1667
1668
1669
1670
1671
1672
1673
1674
1675
1676
1677
1678
1679
1680
1681
1682
1683
1684
1685
1686
1687
1688
1689
1690
1691
1692
1693
1694
1695
1696
1697
1698
1699
1700
1701
1702
1703
1704
1705
1706
1707
1708
1709
1710
1711
1712
1713
1714
1715
1716
1717
1718
1719
1720
1721
1722
1723
1724
1725
1726
1727
1728
1729
1730
1731
1732
1733
1734
1735
1736
1737
1738
1739
1740
1741
1742
1743
1744
1745
1746
1747
1748
1749
1750
1751
1752
1753
1754
1755
1756
1757
1758
1759
1760
1761
1762
1763
1764
1765
1766
1767
1768
1769
1770
1771
1772
1773
1774
1775
1776
1777
1778
1779
1780
1781
1782
1783
1784
1785
1786
1787
1788
1789
1790
1791
1792
1793
1794
1795
1796
1797
1798
1799
1800
1801
1802
1803
1804
1805
1806
1807
1808
1809
1810
1811
1812
1813
SCALARS property_id int 1
LOOKUP_TABLE default
20
20
20
20
20
20
20
20
20
20
20
20
20
20
20
20
20
20
20
20
20
20
20
20
20
20
20
20
20
20
20
20
20
20
20
20
20
20
20
20
20
20
20
20
20
20
20
20
20
20
20
20
20
20
20
20
20
20
20
20
20
20
20
20
20
20
20
20
20
20
20
20
20
20
20
20
20
20
20
20
20
20
20
20
20
20
20
20
20
20
20
20
20
20
20
20
20
20
20
20
20
20
20
20
20
20
20
20
20
20
20
20
20
20
20
20
20
20
20
20
20
20
20
20
20
20
20
20
20
20
20
20
20
20
20
20
20
20
20
20
20
20
20
20
20
20
20
20
20
20
20
20
20
20
20
20
20
20
20
20
20
20
20
20
20
20
20
20
20
20
20
20
20
20
20
20
20
20
20
20
20
20
20
20
20
20
20
20
20
20
20
20
20
20
20
20
20
20
20
20
20
20
20
20
20
20
20
20
20
20
20
20
20
20
20
20
20
20
20
20
20
20
20
20
20
20
20
20
20
20
20
20
20
20
20
20
20
20
20
20
20
20
20
20
20
20
20
20
20
20
20
20
20
20
20
20
20
20
20
20
20
20
20
20
20
20
20
20
20
20
20
20
20
20
20
20
20
20
20
20
20
20
20
20
20
20
20
20
20
20
20
20
20
20
20
20
20
20
20
20
20
20
20
20
20
20
20
20
20
20
20
20
20
20
20
20
20
20
20
20
20
20
20
20
20
20
20
20
20
20
20
20
20
20
20
20
20
20
20
20
20
20
20
20
20
20
20
20
20
20
20
20
20
20
20
20
20
20
20
20
20
20
20
20
20
20
20
20
20
20
20
20
20
20
20
20
20
20
20
20
20
20
20
20
20
20
20
20
20
20
20
20
20
20
20
20
20
20
20
20
20
20
20
20
20
20
20
20
20
20
20
20
20
20
20
20
20
20
20
20
20
20
20
20
20
20
20
20
20
20
20
20
20
20
20
20
20
20
20
20
20
20
20
20
20
20
20
20
20
20
20
20
20
20
20
20
20
20
20
20
20
20
20
20
20
20
20
20
20
20
20
20
20
20
20
20
20
20
20
20
20
20
20
20
20
20
20
20
20
20
20
20
20
20
20
20
20
20
20
20
20
20
20
20
20
20
20
20
20
20
20
20
20
20
20
20
20
20
20
20
20
20
20
20
20
20
20
20
20
20
20
20
20
20
20
20
20
20
20
20
20
20
20
20
20
20
20
20
20
20
20
20
20
20
20
20
20
20
20
20
20
20
20
20
20
20
20
30
30
30
30
30
30
30
30
30
30
30
30
30
30
30
30
30
30
30
30
30
30
30
30
30
30
30
30
30
50000
50000
50000
50000
50000
50000
50000
50000
50000
50000
50000
50000
50000
50000
50000
50000
50000
50000
50000
50000
50000
50000
50000
50000
50000
50000
50000
50000
50000
50000
50000
50000
50000
50000
50000
50000
50000
50000
50000
50000
50000
50000
50000
50000
50000
50000
50000
50000
50000
50000
50000
50000
50000
50000
50000
50000
50000
50000
50000
50000
50000
50000
50000
50000
50000
50000
50000
50000
50000
50000
50000
50000
50000
50000
50000
50000
50000
50000
50000
50000
50000
50000
50000
50000
50000
50000
50000
50000
50000
50000
50000
50000
50000
50000
50000
50000
50000
50000
50000
50000
50000
50000
50000
50000
50000
50000
50000
50000
50000
50000
50000
50000
50000
50000
50000
50000
50000
50000
50000
50000
50000
50000
50000
50000
50000
50000
50000
50000
50000
50000
50000
50000
50000
50000
50000
50000
50000
50000
50000
50000
50000
50000
50000
50000
50000
50000
50000
50000
50000
50000
50000
50000
50000
50000
50000
50000
50000
50000
50000
50000
50000
50000
50000
50000
50000
50000
50000
50000
50000
50000
50000
50000
50000
50000
50000
50000
50000
50000
50000
50000
50000
50000
50000
50000
50000
50000
50000
50000
50000
50000
50000
50000
50000
50000
50000
50000
50000
50000
50000
50000
50000
50000
50000
50000
50000
50000
50000
50000
50000
50000
50000
50000
50000
50000
50000
50000
50000
50000
50000
50000
50000
50000
50000
50000
50000
50000
50000
50000
50000
50000
50000
50000
50000
50000
50000
50000
50000
50000
50000
50000
50000
50000
50000
50000
50000
50000
50000
50000
50000
50000
50000
50000
50000
50000
50000
50000
50000
50000
50000
50000
50000
50000
50000
50000
50000
50000
50000
50000
50000
50000
50000
50000
50000
50000
50000
50000
50000
50000
50000
50000
50000
50000
50000
50000
50000
50000
50000
50000
50000
50000
50000
50000
20
20
20
20
20
20
20
20
20
20
20
20
20
20
20
20
20
20
20
20
20
20
20
20
20
20
20
20
20
20
20
20
20
20
20
20
20
20
20
20
20
20
20
20
20
20
20
20
20
20
20
20
20
20
20
20
20
20
20
20
20
20
20
20
20
20
20
20
20
20
20
20
20
20
20
20
20
20
20
20
20
20
20
20
20
20
20
20
20
20
20
20
20
20
20
20
20
20
20
20
20
20
20
20
20
20
20
20
20
20
20
20
20
20
20
20
20
20
20
20
20
20
20
20
20
20
20
20
20
20
20
20
20
20
20
20
20
20
20
20
20
20
20
20
20
20
20
20
20
20
20
20
20
20
20
20
20
20
20
20
20
20
20
20
20
20
20
20
20
20
20
20
20
20
20
20
20
20
20
20
20
20
20
20
20
20
20
20
20
20
20
20
20
20
20
20
20
20
20
20
20
20
20
20
20
20
20
20
20
20
20
20
20
20
20
20
20
20
20
20
20
20
20
20
20
20
20
20
20
20
20
20
20
20
20
20
20
20
20
20
20
20
20
20
20
20
20
20
20
20
20
20
20
20
20
20
20
20
20
20
20
20
20
20
20
20
20
20
20
20
20
20
20
20
20
20
20
20
20
20
20
20
20
20
20
20
20
20
20
20
20
20
20
20
20
20
20
20
20
20
20
20
20
20
20
20
20
20
20
20
20
20
20
20
20
20
20
20
20
20
20
20
20
20
20
20
20
20
20
20
20
20
20
20
20
20
20
20
20
20
20
20
20
20
20
20
20
20
20
20
20
20
20
20
20
20
20
20
20
20
20
20
20
20
20
20
20
20
20
20
20
20
20
20
20
20
20
20
20
20
20
20
20
20
20
20
20
20
20
20
20
20
20
20
20
20
20
20
20
20
20
20
20
20
20
20
20
20
20
20
20
20
20
20
20
20
20
20
20
20
20
20
20
20
20
20
20
20
20
20
20
20
20
20
20
20
20
20
20
20
20
20
20
20
20
20
20
20
20
20
20
20
20
20
20
20
20
20
20
20
20
20
20
20
20
20
20
20
20
20
20
20
20
20
20
20
20
20
20
20
20
20
20
20
20
20
20
20
20
20
20
20
20
20
20
20
20
20
20
20
20
20
20
20
20
20
20
20
20
20
20
20
20
20
20
20
20
20
20
20
20
20
20
20
20
20
20
20
20
20
20
20
20
20
20
20
20
20
20
20
20
20
20
20
20
20
20
20
20
20
20
20
20
20
20
20
20
20
20
20
20
20
20
20
20
20
20
30
30
30
30
30
30
30
30
30
30
30
30
30
30
30
30
30
30
30
30
30
30
30
30
30
30
30
30
30
50001
50001
50001
50001
50001
50001
50001
50001
50001
50001
50001
50001
50001
50001
50001
50001
50001
50001
50001
50001
50001
50001
50001
50001
50001
50001
50001
50001
50001
50001
50001
50001
50001
50001
50001
50001
50001
50001
50001
50001
50001
50001
50001
50001
50001
50001
50001
50001
50001
50001
50001
50001
50001
50001
50001
50001
50001
50001
50001
50001
50001
50001
50001
50001
50001
50001
50001
50001
50001
50001
50001
50001
50001
50001
50001
50001
50001
50001
50001
50001
50001
50001
50001
50001
50001
50001
50001
50001
50001
50001
50001
50001
50001
50001
50001
50001
50001
50001
50001
50001
50001
50001
50001
50001
50001
50001
50001
50001
50001
50001
50001
50001
50001
50001
50001
50001
50001
50001
50001
50001
50001
50001
50001
50001
50001
50001
50001
50001
50001
50001
50001
50001
50001
50001
50001
50001
50001
50001
50001
50001
50001
50001
50001
50001
50001
50001
50001
50001
50001
50001
50001
50001
50001
50001
50001
50001
50001
50001
50001
50001
50001
50001
50001
50001
50001
50001
50001
50001
50001
50001
50001
50001
50001
50001
50001
50001
50001
50001
50001
50001
50001
50001
50001
50001
50001
50001
50001
50001
50001
50001
50001
50001
50001
50001
50001
50001
50001
50001
50001
50001
50001
50001
50001
50001
50001
50001
50001
50001
50001
50001
50001
50001
50001
50001
50001
50001
50001
50001
50001
50001
50001
50001
50001
50001
50001
50001
50001
50001
50001
50001
50001
50001
50001
50001
50001
50001
50001
50001
50001
50001
50001
50001
50001
50001
50001
50001
50001
50001
50001
50001
50001
50001
50001
50001
50001
50001
50001
50001
50001
50001
50001
50001
50001
50001
50001
50001
50001
50001
50001
50001
50001
50001
50001
50001
50001
50001
50001
50001
50001
50001
50001
50001
50001
50001
50001
50001
50001
50001
50001
50001
50001
50001
SCALARS element_kind int 1
LOOKUP_TABLE default
2
2
2
2
2
2
2
2
2
2
2
2
2
2
2
2
2
2
2
2
2
2
2
2
2
2
2
2
2
2
2
2
2
2
2
2
2
2
2
2
2
2
2
2
2
2
2
2
2
2
2
2
2
2
2
2
2
2
2
2
2
2
2
2
2
2
2
2
2
2
2
2
2
2
2
2
2
2
2
2
2
2
2
2
2
2
2
2
2
2
2
2
2
2
2
2
2
2
2
2
2
2
2
2
2
2
2
2
2
2
2
2
2
2
2
2
2
2
2
2
2
2
2
2
2
2
2
2
2
2
2
2
2
2
2
2
2
2
2
2
2
2
2
2
2
2
2
2
2
2
2
2
2
2
2
2
2
2
2
2
2
2
2
2
2
2
2
2
2
2
2
2
2
2
2
2
2
2
2
2
2
2
2
2
2
2
2
2
2
2
2
2
2
2
2
2
2
2
2
2
2
2
2
2
2
2
2
2
2
2
2
2
2
2
2
2
2
2
2
2
2
2
2
2
2
2
2
2
2
2
2
2
2
2
2
2
2
2
2
2
2
2
2
2
2
2
2
2
2
2
2
2
2
2
2
2
2
2
2
2
2
2
2
2
2
2
2
2
2
2
2
2
2
2
2
2
2
2
2
2
2
2
2
2
2
2
2
2
2
2
2
2
2
2
2
2
2
2
2
2
2
2
2
2
2
2
2
2
2
2
2
2
2
2
2
2
2
2
2
2
2
2
2
2
2
2
2
2
2
2
2
2
2
2
2
2
2
2
2
2
2
2
2
2
2
2
2
2
2
2
2
2
2
2
2
2
2
2
2
2
2
2
2
2
2
2
2
2
2
2
2
2
2
2
2
2
2
2
2
2
2
2
2
2
2
2
2
2
2
2
2
2
2
2
2
2
2
2
2
2
2
2
2
2
2
2
2
2
2
2
2
2
2
2
2
2
2
2
2
2
2
2
2
2
2
2
2
2
2
2
2
2
2
2
2
2
2
2
2
2
2
2
2
2
2
2
2
2
2
2
2
2
2
2
2
2
2
2
2
2
2
2
2
2
2
2
2
2
2
2
2
2
2
2
2
2
2
2
2
2
2
2
2
2
2
2
2
2
2
2
2
2
2
2
2
2
2
2
2
2
2
2
2
2
2
2
2
2
2
2
2
2
2
2
2
2
2
2
2
2
2
2
2
2
2
2
2
2
2
2
2
2
2
2
2
2
2
2
2
2
2
2
2
2
2
2
2
2
2
2
2
2
2
2
2
2
2
2
2
2
2
2
2
2
2
2
2
2
2
2
2
2
2
2
2
2
2
2
2
2
2
2
2
2
2
2
2
2
2
2
2
2
2
2
2
2
2
2
2
2
2
2
2
2
2
2
2
2
2
2
2
2
2
2
2
2
2
2
2
2
2
2
2
2
2
2
2
2
2
2
2
2
2
2
2
2
2
2
2
2
2
2
2
2
2
2
2
2
2
2
2
2
2
2
2
2
2
2
2
2
2
2
2
2
2
2
2
2
2
2
2
2
2
2
2
2
2
2
2
2
2
2
2
2
2
2
2
2
2
2
2
2
2
2
2
2
2
2
2
2
2
2
2
2
2
2
2
2
2
2
2
2
2
2
2
2
2
2
2
2
2
2
2
2
2
2
2
2
2
2
2
2
2
2
2
2
2
2
2
2
2
2
2
2
2
2
2
2
2
2
2
2
2
2
2
2
2
2
2
2
2
2
2
2
2
2
2
2
2
2
2
2
2
2
2
2
2
2
2
2
2
2
2
2
2
2
2
2
2
2
2
2
2
2
2
2
2
2
2
2
2
2
2
2
2
2
2
2
2
2
2
2
2
2
2
2
2
2
2
2
2
2
2
2
2
2
2
2
2
2
2
2
2
2
2
2
2
2
2
2
2
2
2
2
2
2
2
2
2
2
2
2
2
2
2
2
2
2
2
2
2
2
2
2
2
2
2
2
2
2
2
2
2
2
2
2
2
2
2
2
2
2
2
2
2
2
2
2
2
2
2
2
2
2
2
2
2
2
2
2
2
2
2
2
2
2
2
2
2
2
2
2
2
2
2
2
2
2
2
2
2
2
2
2
2
2
2
2
2
2
2
2
2
2
2
2
2
2
2
2
2
2
2
2
2
2
2
2
2
2
2
2
2
2
2
2
2
2
2
2
2
2
2
2
2
2
2
2
2
2
2
2
2
2
2
2
2
2
2
2
2
2
2
2
2
2
2
2
2
2
2
2
2
2
2
2
2
2
2
2
2
2
2
2
2
2
2
2
2
2
2
2
2
2
2
2
2
2
2
2
2
2
2
2
2
2
2
2
2
2
2
2
2
2
2
2
2
2
2
2
2
2
2
2
2
2
2
2
2
2
2
2
2
2
2
2
2
2
2
2
2
2
2
2
2
2
2
2
2
2
2
2
2
2
2
2
2
2
2
2
2
2
2
2
2
2
2
2
2
2
2
2
2
2
2
2
2
2
2
2
2
2
2
2
2
2
2
2
2
2
2
2
2
2
2
2
2
2
2
2
2
2
2
2
2
2
2
2
2
2
2
2
2
2
2
2
2
2
2
2
2
2
2
2
2
2
2
2
2
2
2
2
2
2
2
2
2
2
2
2
2
2
2
2
2
2
2
2
2
2
2
2
2
2
2
2
2
2
2
2
2
2
2
2
2
2
2
2
2
2
2
2
2
2
2
2
2
2
2
2
2
2
2
2
2
2
2
2
2
2
2
2
2
2
2
2
2
2
2
2
2
2
2
2
2
2
2
2
2
2
2
2
2
2
2
2
2
2
2
2
2
2
2
2
2
2
2
2
2
2
2
2
2
2
2
2
2
2
2
2
2
2
2
2
2
2
2
2
2
2
2
2
2
2
2
2
2
2
2
2
2
2
2
2
2
2
2
2
2
2
2
2
2
2
2
2
2
2
2
2
2
2
2
2
2
2
2
2
2
2
2
2
2
2
2
2
2
2
2
2
2
2
2
2
2
2
2
2
2
2
2
2
2
2
2
2
2
2
2
2
2
2
2
2
2
2
2
2
2
2
2
2
2
2
2
2
2
2
2
2
2
2
2
2
2
2
2
2
2
2
2
2
2
2
2
2
2
2
2
2
2
2
2
2
2
2
2
2
2
2
2
2
2
2
2
2
2
2
2
2
2
2
2
2
2
2
2
2
2
2
2
2
2
2
2
2
2
2
2
2
2
2
2
2
2
2
2
2
2
2
2
2
2
2
2
2
2
2
2
2
2
2
2
2
2
2
2
2
2
2
2
2
2
2
2
2
2
2
2
2
2
2
2
2
2
2
2
2
2
2
2
2
2
2
2
2
2
2
2
2
2
2
2
2
2
2
2
2
2
2
2
2
2
2
2
2
2
2
2
2
2
2
2
2
2
2
2
2
2
2
2
2
2
2
2
2
2
2
2
2
2
2
2
2
2
2
2
2
2
2
2
2
2
2
2
2
2
2
2
2
2
2
2
2
2
2
2
2
2
2
2
2
2
2
2
2
2
2
2
2
2
2
2
2
2
2
2
2
2
2
2
2
2
2
2
2
2
2
2
2
2
2
2
2
2
2
2
2
2
2
2
2
2
2
2
2
2
2
2
2
2
2
2
2
2
2
2
2
2
2
2
2
2
2
2
2
2
2
2
2
2
2
2
2
2
2
2
2
2
2
2
2
2
2
2
2
2
2
2
2
2
2
2
2
2
2
2
2
2
2
2
2
2
2
2
2
2
2
2
2
2
2
2
2
2
2
2
2
2
2
2
2
2
2
2
2
2
2
2
2
2
2
2
2
2
2
2
2
2
2
2
2
2
2
2
2
2
2
2
2
2
2
2
2
2
2
2
2
2
2
2
2
2
2
2
2
2
2
2
2
2
2
2
2
2
2
2
2
2
2
2
2
2
2
2
2
2
2
2
2
2
2
2
2
2
2
2
2
2
2
2
2
2
2
2
2
2
2
2
2
2
2
2
2
2
2
2
2
2
2
2
2
2
2
2
2
SCALARS vtk_cell_type int 1
LOOKUP_TABLE default
5
5
5
5
5
5
5
5
5
5
5
5
5
5
5
5
5
5
5
5
5
5
5
5
5
5
5
5
5
5
5
5
5
5
5
5
5
5
5
5
5
5
5
5
5
5
5
5
5
5
5
5
5
5
5
5
5
5
5
5
5
5
5
5
5
5
5
5
5
5
5
5
5
5
5
5
5
5
5
5
5
5
5
5
5
5
5
5
5
5
5
5
5
5
5
5
5
5
5
5
5
5
5
5
5
5
5
5
5
5
5
5
5
5
5
5
5
5
5
5
5
5
5
5
5
5
5
5
5
5
5
5
5
5
5
5
5
5
5
5
5
5
5
5
5
5
5
5
5
5
5
5
5
5
5
5
5
5
5
5
5
5
5
5
5
5
5
5
5
5
5
5
5
5
5
5
5
5
5
5
5
5
5
5
5
5
5
5
5
5
5
5
5
5
5
5
5
5
5
5
5
5
5
5
5
5
5
5
5
5
5
5
5
5
5
5
5
5
5
5
5
5
5
5
5
5
5
5
5
5
5
5
5
5
5
5
5
5
5
5
5
5
5
5
5
5
5
5
5
5
5
5
5
5
5
5
5
5
5
5
5
5
5
5
5
5
5
5
5
5
5
5
5
5
5
5
5
5
5
5
5
5
5
5
5
5
5
5
5
5
5
5
5
5
5
5
5
5
5
5
5
5
5
5
5
5
5
5
5
5
5
5
5
5
5
5
5
5
5
5
5
5
5
5
5
5
5
5
5
5
5
5
5
5
5
5
5
5
5
5
5
5
5
5
5
5
5
5
5
5
5
5
5
5
5
5
5
5
5
5
5
5
5
5
5
5
5
5
5
5
5
5
5
5
5
5
5
5
5
5
5
5
5
5
5
5
5
5
5
5
5
5
5
5
5
5
5
5
5
5
5
5
5
5
5
5
5
5
5
5
5
5
5
5
5
5
5
5
5
5
5
5
5
5
5
5
5
5
5
5
5
5
5
5
5
5
5
5
5
5
5
5
5
5
5
5
5
5
5
5
5
5
5
5
5
5
5
5
5
5
5
5
5
5
5
5
5
5
5
5
5
5
5
5
5
5
5
5
5
5
5
5
5
5
5
5
5
5
5
5
5
5
5
5
5
5
5
5
5
5
5
5
5
5
5
5
5
5
5
5
5
5
5
5
5
5
5
5
5
5
5
5
5
5
5
5
5
5
5
5
5
5
5
5
5
5
5
5
5
5
5
5
5
5
5
5
5
5
5
5
5
5
5
5
5
5
5
5
5
5
5
5
5
5
5
5
5
5
5
5
5
5
5
5
5
5
5
5
5
5
5
5
5
5
5
5
5
5
5
5
5
5
5
5
5
5
5
5
5
5
5
5
5
5
5
5
5
5
5
5
5
5
5
5
5
5
5
5
5
5
5
5
5
5
5
5
5
5
5
5
5
5
5
5
5
5
5
5
5
5
5
5
5
5
5
5
5
5
5
5
5
5
5
5
5
5
5
5
5
5
5
5
5
5
5
5
5
5
5
5
5
5
5
5
5
5
5
5
5
5
5
5
5
5
5
5
5
5
5
5
5
5
5
5
5
5
5
5
5
5
5
5
5
5
5
5
5
5
5
5
5
5
5
5
5
5
5
5
5
5
5
5
5
5
5
5
5
5
5
5
5
5
5
5
5
5
5
5
5
5
5
5
5
5
5
5
5
5
5
5
5
5
5
5
5
5
5
5
5
5
5
5
5
5
5
5
5
5
5
5
5
5
5
5
5
5
5
5
5
5
5
5
5
5
5
5
5
5
5
5
5
5
5
5
5
5
5
5
5
5
5
5
5
5
5
5
5
5
5
5
5
5
5
5
5
5
5
5
5
5
5
5
5
5
5
5
5
5
5
5
5
5
5
5
5
5
5
5
5
5
5
5
5
5
5
5
5
5
5
5
5
5
5
5
5
5
5
5
5
5
5
5
5
5
5
5
5
5
5
5
5
5
5
5
5
5
5
5
5
5
5
5
5
5
5
5
5
5
5
5
5
5
5
5
5
5
5
5
5
5
5
5
5
5
5
5
5
5
5
5
5
5
5
5
5
5
5
5
5
5
5
5
5
5
5
5
5
5
5
5
5
5
5
5
5
5
5
5
5
5
5
5
5
5
5
5
5
5
5
5
5
5
5
5
5
5
5
5
5
5
5
5
5
5
5
5
5
5
5
5
5
5
5
5
5
5
5
5
5
5
5
5
5
5
5
5
5
5
5
5
5
5
5
5
5
5
5
5
5
5
5
5
5
5
5
5
5
5
5
5
5
5
5
5
5
5
5
5
5
5
5
5
5
5
5
5
5
5
5
5
5
5
5
5
5
5
5
5
5
5
5
5
5
5
5
5
5
5
5
5
5
5
5
5
5
5
5
5
5
5
5
5
5
5
5
5
5
5
5
5
5
5
5
5
5
5
5
5
5
5
5
5
5
5
5
5
5
5
5
5
5
5
5
5
5
5
5
5
5
5
5
5
5
5
5
5
5
5
5
5
5
5
5
5
5
5
5
5
5
5
5
5
5
5
5
5
5
5
5
5
5
5
5
5
5
5
5
5
5
5
5
5
5
5
5
5
5
5
5
5
5
5
5
5
5
5
5
5
5
5
5
5
5
5
5
5
5
5
5
5
5
5
5
5
5
5
5
5
5
5
5
5
5
5
5
5
5
5
5
5
5
5
5
5
5
5
5
5
5
5
5
5
5
5
5
5
5
5
5
5
5
5
5
5
5
5
5
5
5
5
5
5
5
5
5
5
5
5
5
5
5
5
5
5
5
5
5
5
5
5
5
5
5
5
5
5
5
5
5
5
5
5
5
5
5
5
5
5
5
5
5
5
5
5
5
5
5
5
5
5
5
5
5
5
5
5
5
5
5
5
5
5
5
5
5
5
5
5
5
5
5
5
5
5
5
5
5
5
5
5
5
5
5
5
5
5
5
5
5
5
5
5
5
5
5
5
5
5
5
5
5
5
5
5
5
5
5
5
5
5
5
5
5
5
5
5
5
5
5
5
5
5
5
5
5
5
5
5
5
5
5
5
5
5
5
5
5
5
5
5
5
5
5
5
5
5
5
5
5
5
5
5
5
5
5
5
5
5
5
5
5
5
5
5
5
5
5
5
5
5
5
5
5
5
5
5
5
5
5
5
5
5
5
5
5
5
5
5
5
5
5
5
5
5
5
5
5
5
5
5
5
5
5
5
5
5
5
5
5
5
5
5
5
5
5
5
5
5
5
5
5
5
5
5
5
5
5
5
5
5
5
5
5
5
5
5
5
5
5
5
5
5
5
5
5
5
5
5
5
5
5
5
5
5
5
5
5
5
5
5
5
5
5
5
5
5
5
5
5
5
5
5
5
5
5
5
5
5
5
5
5
5
5
5
5
5
5
5
5
5
5
5
5
5
5
5
5
5
5
5
5
5
5
5
5
5
5
5
5
5
5
5
5
5
5
5
5
5
5
5
5
5
5
5
5
5
5
5
5
5
5
5
5
5
5
5
5
5
5
5
5
5
5
5
5
5
5
5
5
5
5
5
5
5
5
5
5
5
5
5
5
5
5
5
5
5
5
5
5
5
5
5
5
5
5
5
5
5
5
5
5
5
5
5
5
5
5
5
5
5
5
5
5
5
5
5
5
5
5
5
5
5
5
5
5
5
5
5
5
5
5
5
5
5
5
5
5
5
5
5
5
5
5
5
5
5
5
5
5
5
5
5
5
5
5
5
5
5
5
5
5
5
5
5
5
5
5
5
5
5
5
5
5
5
5
5
5
5
5
5
5
5
5
5
5
5
5
5
5
5
5
5
5
5
5
5
5
5
5
5
5
5
5
5
5
5
5
5
5
5
5
5
5
5
5
5
5
5
5
5
5
5
5
5
5
5
5
5
5
5
5
5
5
5
5
5
5
5
5
5
5
5
5
5
5
5
5
5
5
5
5
5
5
5
5
5
5
5
5
5
5
5
5
5
5
5
5
5
5
5
5
5
5
5
5
5
SCALARS von_mises double 1
LOOKUP_TABLE default
1.111364242758432e+05
1.169034339186200e+05
2.008953620550861e+05
2.626253417394935e+05
3.455340974356093e+05
3.342165307353308e+05
1.215323395099833e+05
1.411856358703545e+05
1.232989458388294e+05
1.432433504310074e+05
2.035966521235332e+05
1.426637000390572e+05
1.921083024702438e+05
1.416734725630076e+05
1.758758288900989e+05
1.410199013984816e+05
1.733587426397489e+05
1.426009119067573e+05
1.718465749685324e+05
1.417355433332023e+05
2.148177126788319e+05
1.407092508097661e+05
3.428477218275713e+05
1.387220084721899e+05
3.458136819528264e+05
1.397191470607789e+05
2.513237189009029e+05
1.380930679434086e+05
2.542187374934697e+05
1.370638045559984e+05
1.980235251873868e+05
1.362127395363899e+05
3.963696359593045e+05
1.359724665273576e+05
2.203654855429783e+05
1.361995625148830e+05
2.254319376638696e+05
1.376557117835992e+05
1.493390840617241e+05
1.430651796394739e+05
1.550640118314911e+05
1.500795733184037e+05
1.617836132603022e+05
1.632231332266979e+05
1.811084036199923e+05
1.903594286153731e+05
2.359082428236379e+05
2.019145130026673e+05
3.070545259335062e+05
1.972507109956931e+05
2.081531690933762e+05
1.971773308006429e+05
1.710218273633930e+05
2.172317412422642e+05
1.732023922777739e+05
2.003910643096353e+05
2.469596822596139e+05
1.835195551360573e+05
1.904231339086393e+05
1.615807150138937e+05
2.324136244551995e+05
1.459110764703997e+05
1.428931828248367e+05
1.382753036104033e+05
1.404824320204498e+05
1.943227867475855e+05
3.345037730395389e+05
1.566719952594514e+05
1.583216240511260e+05
1.345270480906051e+05
4.037241327485585e+05
2.193486250979344e+05
4.200059776787771e+05
1.352814929882650e+05
2.342074818611366e+05
2.336922712428044e+05
3.377294065185688e+05
1.861237565885409e+05
1.531423719959984e+05
1.504085825328875e+05
1.409879866757668e+05
1.312391878401695e+05
2.451644973358956e+05
2.332950384838526e+05
1.896578077033789e+05
1.426171922874254e+05
1.980983526154557e+05
1.439442500654037e+05
4.817884830646387e+05
4.688472391395993e+05
2.294745839815034e+05
1.176531860502323e+05
1.228685368715267e+05
3.574562111913420e+05
1.297741691109352e+05
1.404046892551730e+05
1.433500045767273e+05
1.429516940797443e+05
1.445421884430865e+05
1.462124023298626e+05
1.477420281871149e+05
1.084845752049777e+05
1.428215348678782e+05
1.451307037954275e+05
1.449775780193129e+05
3.162179405407531e+05
3.154369871340839e+05
1.069335502329868e+05
1.052067135323606e+05
8.980129623403617e+04
3.235876703031280e+05
3.024685037555530e+05
3.410682196760831e+05
3.147931086604996e+05
3.146494180912307e+05
3.144903168032612e+05
3.224462042244155e+05
1.414724972802076e+05
1.113916573435117e+05
1.431284824793920e+05
1.473287715052406e+05
1.411603516864431e+05
1.273419545109575e+05
1.090890103833989e+05
1.407728424637330e+05
2.836728203211690e+05
1.434042940519662e+05
1.425328274977932e+05
1.425957404534512e+05
1.698046332495026e+05
1.422115154772925e+05
1.471265754036149e+05
1.401042151470121e+05
1.410944481540859e+05
1.441703624754860e+05
1.490564890004772e+05
1.426118320890020e+05
1.401939834495157e+05
3.325089232757596e+05
1.423208524120864e+05
1.471807759668893e+05
1.178643493274314e+05
1.400525119605245e+05
1.255914502048789e+05
1.736065559081718e+05
1.824968037619605e+05
1.749052767285451e+05
1.211740976295719e+05
2.075780003546685e+05
2.747144761743433e+05
1.137441295598213e+05
1.053640023237083e+05
2.309790811088767e+05
4.694591807106703e+04
1.787493790519478e+05
2.032076183330271e+05
2.338121976754327e+05
1.228591774550350e+05
1.279797745594077e+05
1.084916404051483e+05
2.062543307973821e+05
2.262399782695364e+05
2.797989995591869e+05
3.621429734952739e+05
1.850994565981085e+05
3.140922970651154e+05
1.846176504755136e+05
3.004348260120274e+05
1.387666154725918e+05
1.242615251189849e+05
1.944049567678609e+05
1.274657426766919e+05
1.371809357248916e+05
1.402095635923667e+05
3.394230282648819e+05
1.357278240309119e+05
1.946656837400423e+05
2.162857380083159e+05
1.632904059533898e+05
1.348097116100026e+05
2.519840193368218e+05
1.655929058393095e+05
1.388465970808443e+05
1.346070764078911e+05
1.480621628357929e+05
1.254700966656835e+05
1.352280711770003e+05
3.328116673298588e+05
1.448424734134176e+05
6.886633015136619e+04
1.297515067631569e+05
1.406470646295304e+05
1.261966509364419e+05
3.563982721440952e+04
1.526905613462393e+05
1.721598194910302e+05
2.670548978468460e+05
2.656739596994310e+05
2.694881283194881e+05
3.057623956484115e+05
3.124266692653200e+05
2.771965460862627e+05
2.433928095537226e+05
2.506268506820557e+05
1.786388178526070e+05
1.703916735479606e+05
1.820966433172027e+05
3.426067233330637e+05
3.338819561395451e+05
1.274349638682918e+05
1.276277538009905e+05
1.335868844170662e+05
3.596083396785950e+05
1.347331322506447e+05
1.259346489885113e+05
1.109377586063451e+05
1.284722307915240e+05
1.533712015175479e+05
1.501656806911560e+05
3.631429486540814e+05
3.336805161965132e+05
1.979187143396958e+05
3.619835181241632e+05
3.621818737556171e+05
1.200463510736764e+05
1.192191497494903e+05
1.426175053057950e+05
3.343516318304036e+05
2.334521394577156e+05
2.337948387439013e+05
1.314286175165318e+05
1.334017178067749e+05
1.421819204506944e+05
1.423757057990275e+05
1.975585828018743e+05
1.436307390332115e+05
1.837322467153390e+05
1.844577868279379e+05
1.999743542973869e+05
1.913051532584635e+05
1.411933697654236e+05
2.766728882225772e+05
2.729929062048895e+05
2.730335210090754e+05
1.084789721570005e+05
2.118201121271286e+05
2.176485603097980e+05
3.190268149071345e+05
2.821644668620848e+05
8.629538813948911e+04
7.709475030842332e+04
1.325092249218861e+05
1.343758488856771e+05
2.543759997693600e+05
2.561136133108840e+05
2.563106823753853e+05
1.420213097333303e+05
1.401949580824418e+05
1.421801607416205e+05
2.126909970628654e+05
1.434862659394080e+05
2.208040300438946e+05
2.655458053129366e+05
2.736830374525829e+05
1.312201874011445e+05
1.205917454253016e+05
1.999910971479638e+05
2.415707338033265e+05
1.406857715278118e+05
1.416099253865475e+05
2.096169178075841e+05
1.478332580908639e+05
1.450659530531098e+05
2.986890519014430e+05
1.323478727816824e+05
7.875911690201452e+04
1.345196876671404e+05
1.064820292852663e+05
1.477075302841464e+05
1.839950820315465e+05
2.724244417823914e+05
1.838940917218974e+05
2.733450398567753e+05
1.450465097886082e+05
1.272351761924108e+05
1.631180312467540e+05
1.454796152274020e+05
1.446792200873804e+05
1.989102759203119e+05
1.558672315938989e+05
1.610855003593390e+05
1.466479537146221e+05
1.038250943049220e+05
1.148264232081259e+05
1.165020190601748e+05
1.455314047692415e+05
1.486193912579974e+05
1.748862427047845e+05
1.805235498805874e+05
1.981638499276140e+05
1.770188334830847e+05
1.151100513960221e+05
1.177199425571367e+05
1.447125897105128e+05
1.430194980720842e+05
2.396911067236910e+05
1.337146007218601e+05
1.802407461907041e+05
1.758790812215052e+05
1.825518164406171e+05
1.162454900102491e+05
1.070194138413657e+05
1.264122018218952e+05
1.299449308830216e+05
1.866206614172501e+05
1.429197560423996e+05
1.437098550843335e+05
1.408294278449686e+05
2.124896643531983e+05
1.501224404241852e+05
1.540923665691853e+05
2.221193129855354e+05
1.642884366505870e+05
1.596504048055049e+05
1.539189418348106e+05
1.630676553645832e+05
2.283809398559040e+05
2.303993595598325e+05
2.178745136611825e+05
1.607344856306972e+05
1.665870964055280e+05
1.374845004140301e+05
1.622658897921349e+05
1.173046093494370e+05
1.905428209675561e+05
2.672252093017960e+05
4.346941209459909e+05
2.120122575581383e+05
1.849413553942979e+05
1.652543900526982e+05
1.429042188690355e+05
2.325063366119332e+05
3.530514049318908e+05
2.849930507574754e+05
2.919673081588863e+05
3.596330232124718e+05
1.714413270872938e+05
1.676324142696192e+05
1.723028288642097e+05
2.056615268476606e+05
1.289888960541776e+05
1.376189998968986e+05
2.166813610682318e+05
1.588522387153926e+05
2.718013448804837e+05
2.497845187155818e+05
2.509379761031827e+05
1.208893216991058e+05
3.650990631429643e+05
2.923293198972126e+05
1.654912024450653e+05
1.432300783961118e+05
2.050164334487268e+05
1.303714465754600e+05
1.716698721523562e+05
3.557045071382414e+05
3.596003155162638e+05
2.894311969416426e+05
2.940919520826619e+05
1.548263846750416e+05
1.560116648384055e+05
1.607989467286483e+05
1.417520051144120e+05
1.431863086104933e+05
1.848592999292632e+05
2.880421813423704e+05
3.143425344257992e+05
2.068204737432482e+05
1.977588930306739e+05
1.417306752231382e+05
1.246260086953298e+05
2.988116605084706e+05
2.797110750075318e+05
2.799828186916639e+05
1.914973925818587e+05
1.330105686456550e+05
1.350353272559791e+05
1.346710262780050e+05
1.357258976256824e+05
2.804214770422204e+05
1.467561591920879e+05
1.469993114322810e+05
1.855511283267597e+05
2.210885201724276e+05
1.450393844317804e+05
1.447216193030810e+05
1.846546241692651e+05
2.629758281616335e+05
1.772365074491371e+05
2.628501726772444e+05
1.405732788312602e+05
1.405760678661123e+05
2.585721170234360e+05
2.052838628031966e+05
2.321738668261566e+05
2.788709949391598e+05
2.506431328792135e+05
2.454596762764509e+05
1.437870128966448e+05
1.315886179830776e+05
1.359125242407695e+05
1.344500990470136e+05
1.414901808974656e+05
1.458173687350837e+05
1.436037773755894e+05
1.449952904903822e+05
1.446885580590550e+05
1.697161666949681e+05
1.442525621296060e+05
9.080635379951746e+04
1.482083014197138e+05
1.357394761628362e+05
8.089478217786303e+04
1.505667683330817e+05
1.347820951316285e+05
1.819765515969449e+05
3.543990689681987e+05
2.982199777581530e+05
2.879115098848296e+05
3.372189128187489e+05
3.583523287268937e+05
1.565067830513236e+05
3.180104639258820e+05
3.139224889522186e+05
3.175985843529199e+05
2.056881967305178e+05
2.841205932705628e+05
3.548252360309791e+05
2.892667515297056e+05
1.942237202667953e+05
1.360920924218921e+05
1.376694934106827e+05
1.347916058589405e+05
1.356959214254408e+05
1.400320901586416e+05
1.167096133706878e+05
1.360938479147047e+05
2.653529322329271e+05
1.403693372399480e+05
1.885630779288700e+05
2.071346899149299e+05
1.169136151107993e+05
2.161978174575022e+05
1.183619507221210e+05
3.580905372488861e+05
1.358101494760590e+05
1.400613059321186e+05
3.362510790353030e+05
1.386472576925710e+05
1.461935798896204e+05
1.491891483392873e+05
1.417530751566602e+05
1.144779194493079e+05
1.347051251812046e+05
1.397726868367004e+05
2.432721588678370e+05
1.419647013205154e+05
8.804562958465803e+04
3.352376601645461e+05
2.362813638529358e+05
1.403951092741523e+05
1.360228457221475e+05
1.367817903838667e+05
1.388864979545095e+05
1.407452846525118e+05
1.359111338997338e+05
1.367892655684545e+05
1.153970241489333e+05
3.134065737933390e+05
3.215229170239142e+05
1.666107468132634e+05
1.172435056439255e+05
1.151943406774666e+05
1.437936689506339e+05
1.474623090315199e+05
1.132766085901335e+05
1.443087272710724e+05
1.812252437829365e+05
1.452845919308666e+05
2.185429365523328e+05
1.064106866156049e+05
1.462131683371401e+05
1.047737504939470e+05
1.115735247786215e+05
1.112459633170881e+05
1.348370155657748e+05
1.453289651515165e+05
1.392454909252111e+05
1.491890195998072e+05
1.457907735960330e+05
6.796374280858706e+04
1.379989714980578e+05
1.225043771929459e+05
1.267136809581480e+05
1.406716223172032e+05
1.415175266205195e+05
1.434868709104728e+05
2.870317025016576e+05
1.377629373681103e+05
1.384841035318303e+05
1.413989011655647e+05
1.178884750470453e+05
1.368153369780932e+05
1.378621341566498e+05
1.491500756213819e+05
1.507787345954389e+05
2.414704675119698e+05
1.428762448350693e+05
1.464651432199207e+05
2.897141487426287e+05
1.356072519278654e+05
1.855272876888935e+05
6.243357848553130e+04
2.997873548477125e+05
1.411817915588205e+05
1.379721773969193e+05
3.041158340947513e+05
3.057159617653475e+05
3.072807800127369e+05
3.018790542720911e+05
3.561666810284618e+05
1.395220394388376e+05
1.401064545057094e+05
1.420701186171608e+05
1.450245343306013e+05
1.382338923469434e+05
1.391758832676823e+05
1.435091719371616e+05
1.350343604355309e+05
1.353034443463287e+05
1.365626613551223e+05
1.427256594220896e+05
2.061850402585857e+05
3.194780529961296e+05
1.822947414905051e+05
1.418962825244206e+05
1.399002374363059e+05
1.414887216590398e+05
1.434839300521586e+05
1.413233603738157e+05
1.455691726787660e+05
1.384128535904505e+05
1.494645948483876e+05
1.382086326783098e+05
3.589495869608775e+05
1.397612718742050e+05
1.436181654531795e+05
1.431513143025268e+05
3.260834162047262e+05
1.389189203102304e+05
1.512667038874902e+05
1.523509001694912e+05
2.614420959659860e+05
7.883092729721179e+04
1.467151510430830e+05
2.625989210151680e+05
2.601485517393597e+05
4.431077145187285e+05
3.972716035807114e+05
4.499236371222344e+05
5.667938367742100e+05
4.426279634402227e+05
3.782226193821412e+05
5.239066040572286e+05
4.720152079473981e+05
3.751377843167819e+05
3.842307649630748e+05
3.746385226331418e+05
5.300450307333928e+05
5.428225632410735e+05
3.872907936518815e+05
3.757881446626551e+05
3.758692244545183e+05
3.740803763207897e+05
4.322241141105671e+05
4.152720809570032e+05
3.134717602971880e+05
6.006825517748360e+05
7.526436646059159e+05
3.954228020323872e+05
3.917621309124658e+05
3.762765343770948e+05
3.885498716861788e+05
4.941731039785675e+05
3.774976039903737e+05
3.703335425716695e+05
1.743773595429036e+05
1.804005463717492e+05
1.649243612967421e+05
1.928186003948269e+05
1.646997007809662e+05
1.408626351936256e+05
1.977780541855852e+05
1.997987693725025e+05
1.978552575106943e+05
1.933823518814722e+05
2.170132820532810e+05
2.455522910095465e+05
2.125185693362379e+05
1.652349780415603e+05
2.030441778729488e+05
1.657977424304352e+05
2.057478852318805e+05
1.953027574018828e+05
2.098904214610109e+05
1.695016668160355e+05
1.943805592735698e+05
2.098949414799309e+05
2.204927106011241e+05
2.320066922892872e+05
1.873641650612500e+05
1.873733072092808e+05
2.303981652178174e+05
2.330667737340560e+05
1.828712841670170e+05
1.833636012116269e+05
2.207968209682758e+05
2.104977262585681e+05
1.786306732657631e+05
1.787611452360141e+05
1.880898844738122e+05
2.175878317687729e+05
1.748714863908715e+05
1.748442416674853e+05
2.270961233213422e+05
1.629133829361950e+05
1.716155291816657e+05
1.714666015175368e+05
1.663030789605040e+05
1.497762090169534e+05
1.677433179629867e+05
1.682707664208140e+05
1.836820138127701e+05
1.974626881964647e+05
1.645833774821135e+05
1.630409770326915e+05
1.973435627134212e+05
1.956112756222812e+05
1.634359551451775e+05
1.609722358626711e+05
1.937068261970525e+05
2.033770359513672e+05
1.627908589809322e+05
1.616479068535213e+05
1.794482831590369e+05
1.894559223220922e+05
1.627537212058343e+05
1.593876823514252e+05
1.885160130607999e+05
1.847361283738261e+05
1.638547661532070e+05
1.588662411458408e+05
1.840387915196585e+05
2.006055547693977e+05
1.663452897034682e+05
1.560232518707849e+05
1.753358338137542e+05
1.802137536331039e+05
2.146272391287722e+05
2.127185690937200e+05
1.798638303548603e+05
1.762515018591338e+05
1.660240603437036e+05
1.759949210505146e+05
2.258101133066389e+05
1.714845051725082e+05
1.726375704151251e+05
1.721845760589285e+05
2.170712160697405e+05
1.646324693002279e+05
1.684038539514275e+05
1.684068863453465e+05
1.654832785714645e+05
2.068661163773929e+05
2.171258640630994e+05
1.687168595864715e+05
2.115968429896766e+05
2.027651865769514e+05
1.646368921408630e+05
1.655080637735145e+05
2.100909347777566e+05
2.070993039233873e+05
1.629403407049021e+05
1.639949758684825e+05
1.977786415171639e+05
2.042717175917459e+05
2.046722859942305e+05
1.671618766351391e+05
1.685792207222970e+05
1.723147768313992e+05
1.616134024265155e+05
1.631315527413467e+05
1.708836447088085e+05
1.712490999422862e+05
1.605621834595632e+05
1.636450806783569e+05
1.761169813482113e+05
1.750281475924391e+05
1.758013044792649e+05
1.668485241039739e+05
1.804704747257990e+05
1.817365010876662e+05
1.601872077698298e+05
1.655987991665100e+05
1.804979067391448e+05
1.847816010649223e+05
1.859230828960373e+05
1.843163783736824e+05
1.894109889890357e+05
1.886744785236648e+05
1.931486349066703e+05
1.673493834284445e+05
1.991100289823402e+05
1.979226545533345e+05
1.754036368422316e+05
1.673222069369382e+05
1.886280380695197e+05
1.939145354073433e+05
1.949294133092322e+05
1.672499240993955e+05
1.699238345858679e+05
1.707590092245155e+05
1.678369210156350e+05
1.670062273290046e+05
1.685021626513791e+05
1.662138281808858e+05
1.659510029055990e+05
1.663025377683348e+05
1.809152754056550e+05
1.854875251960781e+05
2.306178685634576e+05
1.759437131775093e+05
2.350697569966768e+05
2.325861848134014e+05
2.683581091106741e+05
1.893638628934869e+05
2.371237621903028e+05
1.718965727519302e+05
2.256715413080268e+05
2.132421965240264e+05
2.053787640829856e+05
2.203550035646612e+05
2.279716708189573e+05
2.438933472411518e+05
2.622080060533514e+05
3.637850497212767e+05
2.740758390231146e+05
2.618392609579376e+05
1.657063631352715e+05
1.162711921782635e+05
1.402595312906447e+05
1.771512935314892e+05
1.784417973429586e+05
1.687349124083333e+05
2.918432117657812e+05
3.070794054734678e+05
2.773323298482770e+05
1.330146136513611e+05
1.850084278959346e+05
2.078990451015811e+05
1.611744934192900e+05
1.703760988046641e+05
2.383454164721822e+05
2.244649226345840e+05
1.883080894696243e+05
2.381558216241673e+05
1.969710019083435e+05
4.170659569757350e+05
2.128339615575585e+05
1.714277670797025e+05
1.943169857446169e+05
1.658223879037381e+05
1.652610605865452e+05
1.639822021287848e+05
1.650823912677401e+05
1.640889254420635e+05
1.651305768860172e+05
1.653100863415191e+05
1.661510638060148e+05
1.669516105273826e+05
1.681551444481337e+05
1.702759538720192e+05
2.971704488577639e+05
1.914220230295612e+05
1.716660073398368e+05
2.573809519931057e+05
2.581089661959031e+05
1.744185709271642e+05
1.709581329141055e+05
1.935583900629679e+05
1.756262554008255e+05
1.919667127999990e+05
1.846464527521968e+05
1.782637542402186e+05
1.659951560422046e+05
1.618902430277590e+05
1.709444623294541e+05
1.794212443160576e+05
1.980589891263481e+05
1.669001943899622e+05
2.489105071934243e+05
1.823816311865545e+05
1.935708204378191e+05
1.871127543539181e+05
1.834563525344492e+05
1.868825318402300e+05
1.887652126093566e+05
1.829177948177084e+05
2.674662322412886e+05
1.876136767051087e+05
1.841859987367941e+05
1.784122064431900e+05
1.915763552625147e+05
1.799101226751874e+05
1.744064141644331e+05
1.921209767667740e+05
1.759863860979443e+05
1.709625936716021e+05
1.973128594433113e+05
1.724288957667971e+05
1.680081538944184e+05
1.965692973173112e+05
1.680858478203146e+05
1.634077001523760e+05
2.039594638915429e+05
1.654080225729160e+05
2.018548401047554e+05
1.611088206035655e+05
1.685642066500086e+05
2.064746837078732e+05
2.147271888569376e+05
1.988547567472106e+05
2.646862740697978e+05
2.344536887672386e+05
6.126304240622036e+05
1.646415531655182e+05
3.380328787387141e+05
2.713273820521851e+05
2.429307603817664e+05
1.609676384130077e+05
1.311208656553270e+05
2.578400620312787e+05
2.430139097158582e+05
2.432427950300186e+05
1.634453351164039e+05
1.597039665023273e+05
2.543948153687249e+05
1.637784231518844e+05
1.717646030801525e+05
1.595015017057422e+05
2.316018243718001e+05
1.754928336140249e+05
1.648896282995887e+05
1.584512931553796e+05
1.755180228352773e+05
1.668410463529171e+05
1.110873768324369e+05
1.803930604541396e+05
2.222493541101940e+05
7.634425313544639e+04
2.608346543425322e+05
3.519445311456876e+05
1.673724670542637e+05
1.761027944116737e+05
3.948826739124853e+05
1.505110145353121e+05
2.147083279614897e+05
1.725749546703961e+05
1.680918275487089e+05
1.564886701245859e+05
1.652489722595415e+05
1.590638753694323e+05
1.648049690630235e+05
1.592122591899898e+05
2.096003075760998e+05
1.696464244295678e+05
1.607064069141686e+05
1.603133771402217e+05
1.111364295336317e+05
1.169034360813269e+05
2.008953513519269e+05
2.626253422266865e+05
3.455341010627978e+05
3.342165282521157e+05
1.215323091382912e+05
1.411857214023063e+05
1.232989058963696e+05
1.432433633526945e+05
2.035966327106286e+05
1.426636985250669e+05
1.921083027929828e+05
1.416734329480136e+05
1.758758308526293e+05
1.410198655046328e+05
1.733587494142557e+05
1.426008572624991e+05
1.718465645337894e+05
1.417355840565007e+05
2.148177068560088e+05
1.407092454738826e+05
3.428477589597664e+05
1.387220504401226e+05
3.458137140351246e+05
1.397191676381301e+05
2.513237250504325e+05
1.380930690260601e+05
2.542187296220194e+05
1.370637983944382e+05
1.980235199926426e+05
1.362127692291999e+05
3.963696371201634e+05
1.359724802480894e+05
2.203654916153717e+05
1.361995725590179e+05
2.254319378037486e+05
1.376556983990899e+05
1.493390855232598e+05
1.430651475689028e+05
1.550640275429682e+05
1.500795304355036e+05
1.617836240182856e+05
1.632230834786403e+05
1.811084126075766e+05
1.903594385520028e+05
2.359082890569438e+05
2.019144631470676e+05
3.070545375937311e+05
1.972506559884145e+05
2.081532673826584e+05
1.971772554063207e+05
1.710217996551900e+05
2.172316200389525e+05
1.732023688364462e+05
2.003911088296826e+05
2.469596910651455e+05
1.835196626360428e+05
1.904231260812331e+05
1.615808294736874e+05
2.324136319371320e+05
1.459111315092758e+05
1.428931570074221e+05
1.382752496840231e+05
1.404823821523582e+05
1.943228034934808e+05
3.345038070115999e+05
1.566719935995441e+05
1.583216243891512e+05
1.345270332743506e+05
4.037240986070535e+05
2.193486178547767e+05
4.200059825026597e+05
1.352814973516486e+05
2.342074661660160e+05
2.336922796797617e+05
3.377294141512832e+05
1.861237807402982e+05
1.531423786768178e+05
1.504086019666906e+05
1.409880029051558e+05
1.312390005190526e+05
2.451644806322762e+05
2.332949908368389e+05
1.896578038832772e+05
1.426171982369261e+05
1.980983418715702e+05
1.439442552332749e+05
4.817885216814606e+05
4.688471992879656e+05
2.294745904364651e+05
1.176531748737366e+05
1.228685364089365e+05
3.574562159119154e+05
1.297741505327385e+05
1.404046910857967e+05
1.433499672364897e+05
1.429516624127714e+05
1.445421709161281e+05
1.462123929230749e+05
1.477420097568175e+05
1.084845702993618e+05
1.428214579776525e+05
1.451307067356300e+05
1.449775765332687e+05
3.162179338905575e+05
3.154369903121609e+05
1.069335717641378e+05
1.052066948966195e+05
8.980131259698041e+04
3.235876814798565e+05
3.024684102242505e+05
3.410682206215723e+05
3.147931046323431e+05
3.146494262094473e+05
3.144903225395858e+05
3.224462013900749e+05
1.414725445343227e+05
1.113916457377178e+05
1.431285021533182e+05
1.473287753310119e+05
1.411603005991825e+05
1.273419641706487e+05
1.090890194962203e+05
1.407728014320982e+05
2.836728180413946e+05
1.434043200990782e+05
1.425328261209715e+05
1.425957314373817e+05
1.698046512475789e+05
1.422115101078517e+05
1.471265787912373e+05
1.401042374252167e+05
1.410944836011668e+05
1.441703599070539e+05
1.490564880461114e+05
1.426118274906715e+05
1.401941183692972e+05
3.325088546841510e+05
1.423208605142231e+05
1.471807467476862e+05
1.178643392579385e+05
1.400525885721617e+05
1.255914800526570e+05
1.736065540669365e+05
1.824967682064437e+05
1.749052610566095e+05
1.211740882327061e+05
2.075779401468159e+05
2.747145633153427e+05
1.137441149052785e+05
1.053639590014306e+05
2.309790211743178e+05
4.694596433055454e+04
1.787493545156368e+05
2.032075733713833e+05
2.338122595264917e+05
1.228592554288903e+05
1.279798227961581e+05
1.084915822446225e+05
2.062544435586683e+05
2.262399000011024e+05
2.797990048946653e+05
3.621429631352312e+05
1.850997422531362e+05
3.140923063978999e+05
1.846178826741449e+05
3.004348290628397e+05
1.387666601672875e+05
1.242615224083930e+05
1.944048893264534e+05
1.274657323998810e+05
1.371809010696358e+05
1.402095409998047e+05
3.394230287533851e+05
1.357278356747580e+05
1.946656777132452e+05
2.162857297373187e+05
1.632905008116700e+05
1.348097451188809e+05
2.519839863964418e+05
1.655928835865545e+05
1.388465469227578e+05
1.346071189738198e+05
1.480622009528150e+05
1.254697880852056e+05
1.352280715474360e+05
3.328116653173389e+05
1.448424178140640e+05
6.886634763061575e+04
1.297514774010179e+05
1.406470134413803e+05
1.261964947774043e+05
3.563993447695988e+04
1.526904704523773e+05
1.721597699440342e+05
2.670549043821068e+05
2.656739408298711e+05
2.694881215499676e+05
3.057624020667679e+05
3.124266755631401e+05
2.771965417207706e+05
2.433928076212508e+05
2.506268459475435e+05
1.786388145737154e+05
1.703916867753140e+05
1.820966802828170e+05
3.426067233979285e+05
3.338819580362893e+05
1.274349661436712e+05
1.276277552724767e+05
1.335869064362300e+05
3.596083365115491e+05
1.347331533825321e+05
1.259346074406864e+05
1.109377576328358e+05
1.284721946062515e+05
1.533712037217313e+05
1.501656849457328e+05
3.631429699530084e+05
3.336805214815041e+05
1.979186846322112e+05
3.619835378287605e+05
3.621818948805991e+05
1.200462208313392e+05
1.192190827300516e+05
1.426175025541603e+05
3.343517012248726e+05
2.334521467447788e+05
2.337948302149238e+05
1.314286224453519e+05
1.334017226137276e+05
1.421819228016239e+05
1.423756839741032e+05
1.975585962651526e+05
1.436307371391940e+05
1.837322508176936e+05
1.844577931616866e+05
1.999744674530319e+05
1.913051363711246e+05
1.411933884159644e+05
2.766728906806652e+05
2.729928906749581e+05
2.730335006773603e+05
1.084789364777889e+05
2.118201287652416e+05
2.176485619421713e+05
3.190268018966314e+05
2.821644648953705e+05
8.629531288375978e+04
7.709470101712449e+04
1.325092049495824e+05
1.343758255787725e+05
2.543759952397970e+05
2.561135942001132e+05
2.563106716637497e+05
1.420213058061452e+05
1.401950506637818e+05
1.421801486503805e+05
2.126909962813599e+05
1.434862441761664e+05
2.208039757709315e+05
2.655457944486619e+05
2.736830286735717e+05
1.312201895101485e+05
1.205917433232446e+05
1.999911205502305e+05
2.415707431918873e+05
1.406857767379333e+05
1.416099328372381e+05
2.096169450146680e+05
1.478332792944961e+05
1.450659748726541e+05
2.986890573484126e+05
1.323478847222732e+05
7.875908561564493e+04
1.345196914433796e+05
1.064820413633770e+05
1.477074282491651e+05
1.839950998096009e+05
2.724244412587067e+05
1.838941027980005e+05
2.733450376401239e+05
1.450464978854754e+05
1.272351881483856e+05
1.631181579304258e+05
1.454796224798395e+05
1.446792032567513e+05
1.989102897037091e+05
1.558672302520711e+05
1.610855013194342e+05
1.466479625223034e+05
1.038251472343746e+05
1.148264452847093e+05
1.165020948127635e+05
1.455314435188004e+05
1.486193741318728e+05
1.748862222984842e+05
1.805235461827351e+05
1.981638441386550e+05
1.770188366402339e+05
1.151100269474535e+05
1.177199667939949e+05
1.447126114599669e+05
1.430195264494082e+05
2.396911068212182e+05
1.337145792021022e+05
1.802407626878642e+05
1.758791034950849e+05
1.825518373763334e+05
1.162455160011527e+05
1.070194441859311e+05
1.264121913640240e+05
1.299449205012369e+05
1.866206681978556e+05
1.429196988601650e+05
1.437097495166554e+05
1.408293656036701e+05
2.124896696327490e+05
1.501224409180017e+05
1.540923698323712e+05
2.221193248314341e+05
1.642884420084448e+05
1.596504198547713e+05
1.539189569773009e+05
1.630675600294229e+05
2.283809439302154e+05
2.303993609670969e+05
2.178745089452592e+05
1.607345125199772e+05
1.665871153401512e+05
1.374844557614456e+05
1.622658395899561e+05
1.173045521979678e+05
1.905427441149212e+05
2.672251932651984e+05
4.346941186333758e+05
2.120122712720346e+05
1.849414778862348e+05
1.652543920172877e+05
1.429041797940435e+05
2.325063418168031e+05
3.530514114739027e+05
2.849930387852886e+05
2.919672823408047e+05
3.596330291298197e+05
1.714413390443611e+05
1.676324349062077e+05
1.723028385930426e+05
2.056615148662140e+05
1.289889031763880e+05
1.376189544651022e+05
2.166813783323432e+05
1.588522354535829e+05
2.718013375966795e+05
2.497845202075448e+05
2.509379673781632e+05
1.208891248714751e+05
3.650990637298873e+05
2.923293277198471e+05
1.654912080329492e+05
1.432300837459467e+05
2.050164154405187e+05
1.303714163568490e+05
1.716698865755679e+05
3.557046307558629e+05
3.596003408279552e+05
2.894311983639861e+05
2.940919509195255e+05
1.548263836806464e+05
1.560116681683412e+05
1.607989466875626e+05
1.417519839449858e+05
1.431862880745881e+05
1.848592992469210e+05
2.880421575240917e+05
3.143425097264376e+05
2.068204756582493e+05
1.977588897497091e+05
1.417307016148006e+05
1.246257962148675e+05
2.988116396369298e+05
2.797110684617479e+05
2.799828105606706e+05
1.914974266329430e+05
1.330105551417125e+05
1.350353352939401e+05
1.346710152659986e+05
1.357258874171479e+05
2.804214666410743e+05
1.467561549095659e+05
1.469993154441378e+05
1.855511358004156e+05
2.210885099424554e+05
1.450393894985143e+05
1.447216246862356e+05
1.846545755920677e+05
2.629758310443291e+05
1.772365140104610e+05
2.628501622963535e+05
1.405733136401514e+05
1.405760970237917e+05
2.585720959423351e+05
2.052838789387220e+05
2.321737829758528e+05
2.788710980687051e+05
2.506431206911673e+05
2.454597116577884e+05
1.437869887140651e+05
1.315885976435262e+05
1.359125006001991e+05
1.344501040654606e+05
1.414901533728992e+05
1.458173824700120e+05
1.436037520710283e+05
1.449953119486307e+05
1.446885255395599e+05
1.697161137663955e+05
1.442525519378304e+05
9.080636624375255e+04
1.482082980785755e+05
1.357394857941233e+05
8.089478371343540e+04
1.505667890549540e+05
1.347821055853565e+05
1.819765559981873e+05
3.543990616309786e+05
2.982199725279809e+05
2.879115116626308e+05
3.372189200470061e+05
3.583523225061980e+05
1.565068118149703e+05
3.180104711298965e+05
3.139224998416105e+05
3.175985816814061e+05
2.056881917314689e+05
2.841205822580279e+05
3.548252443459112e+05
2.892667029720629e+05
1.942237336125565e+05
1.360920904963135e+05
1.376694941128426e+05
1.347916127087430e+05
1.356959284382821e+05
1.400320458354470e+05
1.167096379621351e+05
1.360938392679963e+05
2.653529493971363e+05
1.403693706854157e+05
1.885630878337353e+05
2.071346960470433e+05
1.169136274474901e+05
2.161978133901809e+05
1.183619781897947e+05
3.580905337519078e+05
1.358101719811623e+05
1.400612876856165e+05
3.362510874692113e+05
1.386472664241468e+05
1.461935835372982e+05
1.491891489490292e+05
1.417530704822935e+05
1.144778650143278e+05
1.347051368547493e+05
1.397727217640284e+05
2.432720664427347e+05
1.419646701092483e+05
8.804562950829291e+04
3.352376713316463e+05
2.362813540132386e+05
1.403951445895795e+05
1.360228192449447e+05
1.367817717705992e+05
1.388864980200439e+05
1.407452837812349e+05
1.359111298424097e+05
1.367892606134010e+05
1.153970430698107e+05
3.134065833219517e+05
3.215229150489409e+05
1.666107513056904e+05
1.172435385209008e+05
1.151942512824634e+05
1.437936545052210e+05
1.474623024552456e+05
1.132766267511866e+05
1.443086837958907e+05
1.812252524646218e+05
1.452846104798041e+05
2.185429196176928e+05
1.064107066884503e+05
1.462132249562900e+05
1.047737879548696e+05
1.115735833369756e+05
1.112459732727198e+05
1.348370448050831e+05
1.453289872883278e+05
1.392455130295353e+05
1.491889863788949e+05
1.457907912474211e+05
6.796360310085815e+04
1.379989309955769e+05
1.225043874219731e+05
1.267136765715546e+05
1.406716632368969e+05
1.415175438064715e+05
1.434869022390874e+05
2.870317032495389e+05
1.377629252627448e+05
1.384840908504707e+05
1.413989003130416e+05
1.178884674464192e+05
1.368153330517025e+05
1.378621289381877e+05
1.491500879982642e+05
1.507787433362939e+05
2.414704902871344e+05
1.428762536044762e+05
1.464651543163914e+05
2.897141406270787e+05
1.356072520307655e+05
1.855272592754694e+05
6.243359466506686e+04
2.997873523073309e+05
1.411817574250849e+05
1.379721542947667e+05
3.041158267403758e+05
3.057159519984595e+05
3.072807731231792e+05
3.018790534901696e+05
3.561666780858697e+05
1.395220545137674e+05
1.401064709797560e+05
1.420701316508455e+05
1.450245338930203e+05
1.382338982033450e+05
1.391758864634625e+05
1.435091824563586e+05
1.350344015403466e+05
1.353034774924474e+05
1.365626657067773e+05
1.427257028786794e+05
2.061849716773125e+05
3.194780251089216e+05
1.822947470061788e+05
1.418963051704260e+05
1.399002559090193e+05
1.414887508130406e+05
1.434838906944035e+05
1.413233096136973e+05
1.455691984020882e+05
1.384128753834828e+05
1.494646128440624e+05
1.382086554930465e+05
3.589496279015793e+05
1.397612744972982e+05
1.436181710160246e+05
1.431513409310497e+05
3.260834202330489e+05
1.389189212287068e+05
1.512667154519928e+05
1.523509116587407e+05
2.614420184255995e+05
7.883085640617300e+04
1.467151548166889e+05
2.625988443156605e+05
2.601486418889555e+05
4.431076970477728e+05
3.972715946574403e+05
4.499236378152316e+05
5.667938158802162e+05
4.426279501206651e+05
3.782224179217079e+05
5.239066039232475e+05
4.720152085405058e+05
3.751378034286358e+05
3.842307681156900e+05
3.746385258603224e+05
5.300450204971799e+05
5.428225475541011e+05
3.872908132454728e+05
3.757881775577586e+05
3.758692360677802e+05
3.740803979117756e+05
4.322241194073377e+05
4.152720792933176e+05
3.134717611642793e+05
6.006825298165397e+05
7.526436994038803e+05
3.954227978802898e+05
3.917621212094545e+05
3.762765341112909e+05
3.885498752427251e+05
4.941731043977417e+05
3.774975944634695e+05
3.703335315403215e+05
1.743773562552032e+05
1.804005394812388e+05
1.649243626787115e+05
1.928186230212421e+05
1.646997152097690e+05
1.408626598146268e+05
1.977780508367373e+05
1.997987579029893e+05
1.978552587952950e+05
1.933823277254524e+05
2.170132903290927e+05
2.455522872488651e+05
2.125185440418930e+05
1.652349788348967e+05
2.030441507296097e+05
1.657977355764000e+05
2.057478787688066e+05
1.953027462713205e+05
2.098904059745034e+05
1.695016651661892e+05
1.943805783066538e+05
2.098949351984063e+05
2.204927230397704e+05
2.320067022691675e+05
1.873641596568227e+05
1.873732822230126e+05
2.303981714029224e+05
2.330667994613129e+05
1.828712875744775e+05
1.833635741642174e+05
2.207968355504765e+05
2.104977306004072e+05
1.786306979996654e+05
1.787611328227246e+05
1.880898933859909e+05
2.175878441199899e+05
1.748714913774763e+05
1.748442520668653e+05
2.270961418635359e+05
1.629133778766337e+05
1.716155027790434e+05
1.714666396671394e+05
1.663030716524085e+05
1.497762059252943e+05
1.677432807431748e+05
1.682707880289462e+05
1.836820126679826e+05
1.974626900009395e+05
1.645833497887344e+05
1.630409751984483e+05
1.973435548794958e+05
1.956112800604383e+05
1.634359275823358e+05
1.609722053121698e+05
1.937068504221530e+05
2.033770283154215e+05
1.627908496528778e+05
1.616478724063269e+05
1.794482561676647e+05
1.894559049356187e+05
1.627537177860907e+05
1.593876722221638e+05
1.885160158971832e+05
1.847360955321946e+05
1.638547589137204e+05
1.588662406688927e+05
1.840387936608045e+05
2.006055635491069e+05
1.663453235086327e+05
1.560232294039096e+05
1.753358081816954e+05
1.802137508981588e+05
2.146272429107255e+05
2.127185653214151e+05
1.798638415495462e+05
1.762515145261977e+05
1.660240493747965e+05
1.759948957254510e+05
2.258101180384523e+05
1.714844808251788e+05
1.726375733994750e+05
1.721845365151101e+05
2.170712114902807e+05
1.646324719598322e+05
1.684038401244653e+05
1.684068498380838e+05
1.654832911141981e+05
2.068661009659423e+05
2.171258517230117e+05
1.687168409343693e+05
2.115968503827817e+05
2.027651740803456e+05
1.646368706784286e+05
1.655080409261580e+05
2.100909392626210e+05
2.070993023978295e+05
1.629403033186021e+05
1.639949443401031e+05
1.977786481963726e+05
2.042717149456443e+05
2.046722717977446e+05
1.671618529745782e+05
1.685792396342431e+05
1.723147883700796e+05
1.616133826028427e+05
1.631315339964679e+05
1.708836587493540e+05
1.712491100902966e+05
1.605621810217438e+05
1.636450478382748e+05
1.761169858033313e+05
1.750281620022404e+05
1.758013050255345e+05
1.668484857424784e+05
1.804704692818518e+05
1.817365063139353e+05
1.601871713327801e+05
1.655988100087169e+05
1.804978989607343e+05
1.847815788648684e+05
1.859230750909832e+05
1.843163680802083e+05
1.894109848012423e+05
1.886744783876334e+05
1.931486350498894e+05
1.673494207796013e+05
1.991100355673906e+05
1.979226553681811e+05
1.754036178039557e+05
1.673221975783378e+05
1.886280300787439e+05
1.939145451643855e+05
1.949294177045254e+05
1.672499472570416e+05
1.699238503061503e+05
1.707590420005837e+05
1.678369617095506e+05
1.670062512259998e+05
1.685022037448166e+05
1.662138378621578e+05
1.659510639699882e+05
1.663025647611106e+05
1.809152799571354e+05
1.854875226340633e+05
2.306179096143217e+05
1.759437217647406e+05
2.350698091921406e+05
2.325862182403132e+05
2.683581711464044e+05
1.893638609048014e+05
2.371237612627359e+05
1.718966055621437e+05
2.256715259492573e+05
2.132421607393343e+05
2.053787521562475e+05
2.203550066687292e+05
2.279716515773661e+05
2.438933839979306e+05
2.622080461705193e+05
3.637851274308157e+05
2.740759130202180e+05
2.618392948743567e+05
1.657063858055398e+05
1.162712223977751e+05
1.402595558830844e+05
1.771512800859860e+05
1.784417911956503e+05
1.687349065781754e+05
2.918432032810815e+05
3.070794342738211e+05
2.773323901915626e+05
1.330146303526988e+05
1.850084192737119e+05
2.078990319860663e+05
1.611744998453916e+05
1.703760954142026e+05
2.383454111311343e+05
2.244649136958820e+05
1.883080794062762e+05
2.381557933788345e+05
1.969709828233739e+05
4.170658653845285e+05
2.128339412172433e+05
1.714277689314653e+05
1.943169872555978e+05
1.658223933274002e+05
1.652610866343745e+05
1.639821700861833e+05
1.650823518164672e+05
1.640889067042159e+05
1.651305435459008e+05
1.653100507953554e+05
1.661510402391395e+05
1.669515827659796e+05
1.681551351445963e+05
1.702759179419342e+05
2.971704796469900e+05
1.914220107857412e+05
1.716659971126931e+05
2.573809594154023e+05
2.581089781544190e+05
1.744185340721414e+05
1.709581808043907e+05
1.935583868575596e+05
1.756262318914676e+05
1.919666842379992e+05
1.846464291507866e+05
1.782637366036330e+05
1.659951609059292e+05
1.618902272187509e+05
1.709444398194415e+05
1.794212310325940e+05
1.980590123129717e+05
1.669001988215379e+05
2.489104891453378e+05
1.823816458491292e+05
1.935708462660916e+05
1.871127274027515e+05
1.834563595980299e+05
1.868825317929094e+05
1.887652227597895e+05
1.829177606388724e+05
2.674662187194214e+05
1.876136888032122e+05
1.841860298554301e+05
1.784121764198205e+05
1.915763761983433e+05
1.799101144835231e+05
1.744064329429689e+05
1.921209812124977e+05
1.759863309894331e+05
1.709626508315762e+05
1.973128860163131e+05
1.724288399928786e+05
1.680081866257217e+05
1.965692809676105e+05
1.680858053969061e+05
1.634076977965354e+05
2.039594565169526e+05
1.654080052581658e+05
2.018548056577898e+05
1.611087834291258e+05
1.685642407531969e+05
2.064746784130275e+05
2.147271913779130e+05
1.988547698565764e+05
2.646862742294820e+05
2.344536909907927e+05
6.126303787956920e+05
1.646415581365394e+05
3.380329612427052e+05
2.713273826312893e+05
2.429307898847178e+05
1.609675706308972e+05
1.311208920567553e+05
2.578400418418991e+05
2.430139459379411e+05
2.432427477971741e+05
1.634453239180058e+05
1.597039471052523e+05
2.543947348124290e+05
1.637784063993614e+05
1.717645829239131e+05
1.595014981240698e+05
2.316018525493692e+05
1.754927954039869e+05
1.648896760611423e+05
1.584512425662772e+05
1.755179809000418e+05
1.668410467106121e+05
1.110874114228954e+05
1.803930508049014e+05
2.222493565775565e+05
7.634430452151800e+04
2.608346512415889e+05
3.519445394180247e+05
1.673724533278761e+05
1.761027921424413e+05
3.948826643510025e+05
1.505110240054213e+05
2.147083347599711e+05
1.725749670220399e+05
1.680918220658315e+05
1.564886612729359e+05
1.652489802182975e+05
1.590638753936352e+05
1.648049541429021e+05
1.592122464393785e+05
2.096002924524377e+05
1.696464496563830e+05
1.607063777135833e+05
1.603133414963380e+05
