   -1
   100
<NULL>
10.3,
   -1
   -1
   405
   -1
   -1
   475
   -1
   -1
   410
   -1
   -1
  1150
   -1
   -1
  1151
   -1
   -1
   413
1,124,
デフォルトレイヤ
9999,124,
コンストラクションレイヤ
   -1
   -1
   570
1,0,0,0,1,24,0.,0,0,0,
0.,0.,0.,
2,0,0,0,1,24,0.,0,0,0,
1.,0.,0.,
3,0,0,0,1,24,0.,0,0,0,
0.707106781186548,0.707106781186548,0.,
4,0,0,0,1,24,0.,0,0,0,
0.,1.,0.,
5,0,0,0,1,24,0.,0,0,0,
0.,0.,0.,
6,0,0,0,1,24,0.,0,0,0,
0.5,0.,0.,
7,0,0,0,1,24,0.,0,0,0,
0.353553390593274,0.353553390593274,0.,
8,0,0,0,1,24,0.,0,0,0,
0.,0.5,0.,
   -1
   -1
   571
1,120,1,1,18,1.,0,0,0,0,0,
0,0,0,
0,0,0,0,0,0,0,0,0,0,0,0,0,0,0,
0.,0.,0.,
0.,0.,0.,0.,0.,0.,
1,2,3,4,0,
2,120,1,1,18,1.,0,0,0,0,0,
0,0,0,
0,0,0,0,0,0,0,0,0,0,0,0,0,0,0,
0.,0.,0.,
0.,0.,0.,0.,0.,0.,
5,6,7,8,0,
3,120,0,1,6,1.,0,0,0,0,0,
0,0,0,
0,0,0,0,0,0,0,0,0,0,0,0,0,0,0,
0.,0.,0.,
0.,0.,0.,0.,0.,0.,
6,2,0,0,0,
4,120,0,1,6,1.,0,0,0,0,0,
0,0,0,
0,0,0,0,0,0,0,0,0,0,0,0,0,0,0,
0.,0.,0.,
0.,0.,0.,0.,0.,0.,
8,4,0,0,0,
   -1
   -1
   572
1,24642,7,1,0,0,0,0,0,0,
101,0.,0.,0.,0,
1,0,4,0,1,0,0,1,0,0,30.,30.,1,
0,10.,1,2.,300,60.,1,20,0.001,1,1.E-8,0,
0,0,0,0,0,
109,
0,0,0,0.,
0.,0.,0.,
0.,0.,0.,
0.,0.,0.,
16,1,1,32,0,0,0,0,0,0,0,0,0,0,0,0,0,0,0,0,0,0,0,0,0,
0,0,0,0,0,0,0,0,0,0,0,0,0,0,0,0,0,0,0,0,0,0,0,0,0,
0,0,0,0,0,0,0,0,0,0,0,0,0,0,0,0,0,0,0,0,0,0,0,0,0,
0,0,0,0,0,0,0,0,0,0,0,0,0,0,0,0,0,0,0,0,0,0,0,0,0,
0,0,0,0,0,0,0,0,0,0,0,0,0,0,0,0,0,0,0,0,0,0,0,0,0,
0,0,0,0,0,0,0,0,0,0,0,0,0,0,0,0,0,0,0,0,0,0,0,0,0,
0,0,0,0,0,0,0,0,0,0,0,0,0,0,0,0,0,0,0,0,0,0,0,0,0,
0,0,0,0,0,0,0,0,0,0,0,0,0,0,0,0,0,0,0,0,0,0,0,0,0,
0,0,0,0,0,0,0,0,0,0,0,0,0,0,0,0,0,0,0,0,0,0,0,0,0,
0,0,0,0,0,0,0,0,0,0,0,0,0,0,0,0,0,0,0,0,0,0,0,0,0,
0,0,0,0,0,0,0,0,0,0,0,0,0,0,0,0,0,0,0,0,0,0,0,0,0,
0,0,0,0,0,0,0,0,0,0,0,0,0,0,0,0,0,0,0,0,0,0,0,0,0,
0,0,0,0,0,0,0,0,0,0,0,0,0,0,0,0,0,0,0,0,0,0,0,0,0,
0,0,0,0,0,0,0,0,0,0,0,0,0,0,0,0,0,0,0,0,0,0,0,0,0,
0,0,0,0,0,0,0,0,0,0,0,0,0,0,0,0,0,0,0,0,0,0,0,0,0,
0,0,0,0,0,0,0,0,0,0,0,0,0,0,0,0,0,0,0,0,0,0,0,0,0,
0,0,0,0,0,0,0,0,0,0,0,0,0,0,0,0,0,0,0,0,0,0,0,0,0,
0,0,0,0,0,0,0,0,0,0,0,0,0,0,0,0,0,0,0,0,0,0,0,0,0,
0,0,0,0,0,0,0,0,0,0,0,0,0,0,0,0,0,0,0,0,0,0,0,0,0,
0,0,0,0,0,0,0,0,0,0,0,0,0,0,0,0,0,0,0,0,0,0,0,0,0,
0,0,0,0,0,0,0,0,0,0,0,0,0,0,0,0,0,0,0,0,0,0,0,0,0,
0,0,0,0,0,0,0,0,0,0,0,0,0,0,0,0,0,0,0,0,0,0,0,0,0,
0,0,0,0,0,0,0,0,0,0,0,0,0,0,0,0,0,0,0,0,0,0,0,0,0,
0,0,0,0,0,0,0,0,0,0,0,0,0,0,0,0,0,0,0,0,0,0,0,0,0,
0,0,0,0,0,0,0,0,0,0,0,0,0,0,0,0,0,0,0,0,0,0,0,0,0,
0,0,0,0,0,0,0,0,0,0,0,0,0,0,0,0,0,0,0,0,0,0,0,0,0,
0,0,0,0,0,0,0,0,0,0,0,0,0,0,0,0,0,0,0,0,0,0,0,0,0,
0,0,0,0,0,0,0,0,0,0,0,0,0,0,0,0,0,0,0,0,0,0,0,0,0,
0,0,0,0,0,0,0,0,0,0,0,0,0,0,0,0,0,0,0,0,0,0,0,0,0,
0,0,0,0,0,0,0,0,0,0,0,0,0,0,0,0,0,0,0,0,0,0,0,0,0,
4,1,3,2,0,0,0,0,0,0,
0,0,0,0,0,0,0,0,0,0,
0,0,0,0,0,0,0,0,0,0,
0,0,0,0,0,0,0,0,0,0,
0,0,0,0,0,0,0,0,0,0,
0,0,0,0,0,0,0,0,0,0,
0,0,0,0,0,0,0,0,0,0,
0,0,0,0,0,0,0,0,0,0,
0,0,0,0,0,0,0,0,0,0,
0,0,0,0,0,0,0,0,0,0,
0,0,0,0,0,0,0,0,0,0,
0,0,0,0,0,0,0,0,0,0,
0,0,0,0,0,0,0,0,0,0,
0,0,0,0,0,0,0,0,0,0,
0,0,0,0,0,0,0,0,0,0,
0,0,0,0,0,0,0,0,0,0,
0,0,0,0,0,0,0,0,0,0,
0,0,0,0,0,0,0,0,0,0,
0,0,0,0,0,0,0,0,0,0,
0,0,0,0,0,0,0,0,0,0,
0,0,0,0,0,0,0,0,0,0,
0,0,0,0,0,0,0,0,0,0,
0,0,0,0,0,0,0,0,0,0,
0,0,0,0,0,0,0,0,0,0,
0,0,0,0,0,0,0,0,0,0,
0,0,0,0,0,0,0,0,0,0,
0,0,0,0,0,0,0,0,0,0,
0,0,0,0,0,0,0,0,0,0,
0,0,0,0,0,0,0,0,0,0,
0,0,0,0,0,0,0,0,0,0,
0,0,0,0,0,0,0,0,0,0,
0,0,0,0,0,0,0,0,0,0,
0,0,0,0,0,0,0,0,0,0,
0,0,0,0,0,0,0,0,0,0,
0,0,0,0,0,0,0,0,0,0,
0,0,0,0,0,0,0,0,0,0,
0,0,0,0,0,0,0,0,0,0,
0,0,0,0,0,0,0,0,0,0,
0,0,0,0,0,0,0,0,0,0,
0,0,0,0,0,0,0,0,0,0,
0,0,0,0,0,0,0,0,0,0,
0,0,0,0,0,0,0,0,0,0,
0,0,0,0,0,0,0,0,0,0,
0,0,0,0,0,0,0,0,0,0,
0,0,0,0,0,0,0,0,0,0,
0,0,0,0,0,0,0,0,0,0,
0,0,0,0,0,0,0,0,0,0,
0,0,0,0,0,0,0,0,0,0,
0,0,0,0,0,0,0,0,0,0,
0,0,0,0,0,0,0,0,0,0,
0,0,0,0,0,0,0,0,0,0,
0,0,0,0,0,0,0,0,0,0,
0,0,0,0,0,0,0,0,0,0,
0,0,0,0,0,0,0,0,0,0,
0,0,0,0,0,0,0,0,0,0,
0,0,0,0,0,0,0,0,0,0,
0,0,0,0,0,0,0,0,0,0,
0,0,0,0,0,0,0,0,0,0,
0,0,0,0,0,0,0,0,0,0,
0,0,0,0,0,0,0,0,0,0,
0,0,0,0,0,0,0,0,0,0,
0,0,0,0,0,0,0,0,0,0,
0,0,0,0,0,0,0,0,0,0,
0,0,0,0,0,0,0,0,0,0,
0,0,0,0,0,0,0,0,0,0,
0,0,0,0,0,0,0,0,0,0,
0,0,0,0,0,0,0,0,0,0,
0,0,0,0,0,0,0,0,0,0,
0,0,0,0,0,0,0,0,0,0,
0,0,0,0,0,0,0,0,0,0,
0,0,0,0,0,0,0,0,0,0,
0,0,0,0,0,0,0,0,0,0,
0,0,0,0,0,0,0,0,0,0,
0,0,0,0,0,0,0,0,0,0,
0,0,0,0,0,0,0,0,0,0,
-1,
   -1
   -1
   573
   -1
   -1
   601
1,-601,55,0,0,1,0,
等方性 マテリアル
10,
0,0,0,0,0,0,0,0,0,0,
25,
0,0,0,0,0,0,0,0,0,0,
0,0,0,0,0,0,0,0,0,0,
0,0,0,0,0,
200,
0.,0.,0.,0.,0.,0.,0.,0.,0.,0.,
0.,0.,0.,0.,0.,0.,0.,0.,0.,0.,
0.,0.,0.,0.,0.,0.,0.,0.,0.,0.,
0.,0.,0.,0.,0.,0.,0.,0.,0.,0.,
0.,0.,0.,0.,0.,0.,0.,0.,0.,0.,
0.,0.,0.,0.,0.,0.,0.,0.,0.,0.,
0.,0.,0.,0.,0.,0.,0.,0.,0.,0.,
0.,0.,0.,0.,0.,0.,0.,0.,0.,0.,
0.,0.,0.,0.,0.,0.,0.,0.,0.,0.,
0.,0.,0.,0.,0.,0.,0.,0.,0.,0.,
0.,0.,0.,0.,0.,0.,0.,0.,0.,0.,
0.,0.,0.,0.,0.,0.,0.,0.,0.,0.,
0.,0.,0.,0.,0.,0.,0.,0.,0.,0.,
0.,0.,0.,0.,0.,0.,0.,0.,0.,0.,
0.,0.,0.,0.,0.,0.,0.,0.,0.,0.,
0.,0.,0.,0.,0.,0.,0.,0.,0.,0.,
0.,0.,0.,0.,0.,0.,0.,0.,0.,0.,
0.,0.,0.,0.,0.,0.,0.,0.,0.,0.,
0.,0.,0.,0.,0.,0.,0.,0.,0.,0.,
0.,0.,0.,0.,0.,0.,0.,0.,0.,0.,
50,
0,0,0,0,0,0,0,0,0,0,
0,0,0,0,0,0,0,0,0,0,
0,0,0,0,0,0,0,0,0,0,
0,0,0,0,0,0,0,0,0,0,
0,0,0,0,0,0,0,0,0,0,
70,
0,0,0,0,0,0,0,0,0,0,
0,0,0,0,0,0,0,0,0,0,
0,0,0,0,0,0,0,0,0,0,
0,0,0,0,0,0,0,0,0,0,
0,0,0,0,0,0,0,0,0,0,
0,0,0,0,0,0,0,0,0,0,
0,0,0,0,0,0,0,0,0,0,
   -1
   -1
   402
1,30,1,25,1,0,0,
ソリッド プロパティ
0,0,0,0,
10,
0,0,0,0,0,0,0,0,
0,0,
75,
0.,0.,0.,0.,0.,
0.,0.,0.,0.,0.,
0.,0.,0.,0.,0.,
0.,0.,0.,0.,0.,
0.,0.,0.,0.,0.,
0.,0.,0.,0.,0.,
0.,0.,0.,0.,0.,
0.,0.,0.,0.,0.,
0.,0.,0.,0.,0.,
0.,0.,0.,0.,0.,
0.,0.,0.,0.,0.,
0.,0.,0.,0.,0.,
0.,0.,0.,0.,0.,
0.,0.,0.,0.,0.,
0.,0.,0.,0.,0.,
0,
0,
2,24,1,25,1,0,0,
ソリッド プロパティ
0,0,0,0,
10,
0,0,0,0,0,0,0,0,
0,0,
75,
0.,0.,0.,0.,0.,
0.,0.,0.,0.,0.,
0.,0.,0.,0.,0.,
0.,0.,0.,0.,0.,
0.,0.,0.,0.,0.,
0.,0.,0.,0.,0.,
0.,0.,0.,0.,0.,
0.,0.,0.,0.,0.,
0.,0.,0.,0.,0.,
0.,0.,0.,0.,0.,
0.,0.,0.,0.,0.,
0.,0.,0.,0.,0.,
0.,0.,0.,0.,0.,
0.,0.,0.,0.,0.,
0.,0.,0.,0.,0.,
0,
0,
11,9,1,17,1,0,0,
プレート プロパティ
0,0,0,0,
10,
0,0,0,0,0,0,0,0,
0,0,
75,
0.,0.,0.,0.,0.,
0.,0.,0.,0.,0.,
0.,0.,0.,0.,0.,
0.,0.,0.,0.,0.,
0.,0.,0.,0.,0.,
0.,0.,0.,0.,0.,
0.,0.,0.,0.,0.,
0.,0.,0.,0.,0.,
0.,0.,0.,0.,0.,
0.,0.,0.,0.,0.,
0.,0.,0.,0.,0.,
0.,0.,0.,0.,0.,
0.,0.,0.,0.,0.,
0.,0.,0.,0.,0.,
0.,0.,0.,0.,0.,
0,
0,
12,110,1,17,1,0,0,
プレート プロパティ
0,0,0,0,
10,
0,0,0,0,0,0,0,0,
0,0,
75,
0.,0.,0.,0.,0.,
0.,0.,0.,0.,0.,
0.,0.,0.,0.,0.,
0.,0.,0.,0.,0.,
0.,0.,0.,0.,0.,
0.,0.,0.,0.,0.,
0.,0.,0.,0.,0.,
0.,0.,0.,0.,0.,
0.,0.,0.,0.,0.,
0.,0.,0.,0.,0.,
0.,0.,0.,0.,0.,
0.,0.,0.,0.,0.,
0.,0.,0.,0.,0.,
0.,0.,0.,0.,0.,
0.,0.,0.,0.,0.,
0,
0,
101,44,1,17,1,0,0,
プレート プロパティ
0,0,0,0,
10,
0,0,0,0,0,0,0,0,
0,0,
75,
0.,0.,0.,0.,0.,
0.,0.,0.,0.,0.,
0.,0.,0.,0.,0.,
0.,0.,0.,0.,0.,
0.,0.,0.,0.,0.,
0.,0.,0.,0.,0.,
0.,0.,0.,0.,0.,
0.,0.,0.,0.,0.,
0.,0.,0.,0.,0.,
0.,0.,0.,0.,0.,
0.,0.,0.,0.,0.,
0.,0.,0.,0.,0.,
0.,0.,0.,0.,0.,
0.,0.,0.,0.,0.,
0.,0.,0.,0.,0.,
0,
0,
   -1
   -1
   926
   -1
   -1
   927
   -1
   -1
   403
1,0,0,1,46,0,0,0,0,0,0,0.,0.5,0.,0,0,
2,0,0,1,46,0,0,0,0,0,0,0.,0.583333333333333,0.,0,0,
3,0,0,1,46,0,0,0,0,0,0,0.,0.666666666666667,0.,0,0,
4,0,0,1,46,0,0,0,0,0,0,0.,0.75,0.,0,0,
5,0,0,1,46,0,0,0,0,0,0,0.,0.833333333333333,0.,0,0,
6,0,0,1,46,0,0,0,0,0,0,0.,0.916666666666667,0.,0,0,
7,0,0,1,46,0,0,0,0,0,0,0.,1.,0.,0,0,
8,0,0,1,46,0,0,0,0,0,0,0.0871557427476581,0.996194698091746,0.,0,0,
9,0,0,1,46,0,0,0,0,0,0,0.17364817766693,0.984807753012208,0.,0,0,
10,0,0,1,46,0,0,0,0,0,0,0.258819045102521,0.965925826289068,0.,0,0,
11,0,0,1,46,0,0,0,0,0,0,0.342020143325669,0.939692620785908,0.,0,0,
12,0,0,1,46,0,0,0,0,0,0,0.422618261740699,0.90630778703665,0.,0,0,
13,0,0,1,46,0,0,0,0,0,0,0.5,0.866025403784439,0.,0,0,
14,0,0,1,46,0,0,0,0,0,0,0.573576436351046,0.819152044288992,0.,0,0,
15,0,0,1,46,0,0,0,0,0,0,0.642787609686539,0.766044443118978,0.,0,0,
16,0,0,1,46,0,0,0,0,0,0,0.707106781186548,0.707106781186548,0.,0,0,
17,0,0,1,46,0,0,0,0,0,0,0.766044443118978,0.642787609686539,0.,0,0,
18,0,0,1,46,0,0,0,0,0,0,0.819152044288992,0.573576436351046,0.,0,0,
19,0,0,1,46,0,0,0,0,0,0,0.866025403784439,0.5,0.,0,0,
20,0,0,1,46,0,0,0,0,0,0,0.90630778703665,0.422618261740699,0.,0,0,
21,0,0,1,46,0,0,0,0,0,0,0.939692620785908,0.342020143325669,0.,0,0,
22,0,0,1,46,0,0,0,0,0,0,0.965925826289068,0.258819045102521,0.,0,0,
23,0,0,1,46,0,0,0,0,0,0,0.984807753012208,0.17364817766693,0.,0,0,
24,0,0,1,46,0,0,0,0,0,0,0.996194698091746,0.0871557427476582,0.,0,0,
25,0,0,1,46,0,0,0,0,0,0,1.,0.,0.,0,0,
26,0,0,1,46,0,0,0,0,0,0,0.916666666666667,0.,0.,0,0,
27,0,0,1,46,0,0,0,0,0,0,0.833333333333333,0.,0.,0,0,
28,0,0,1,46,0,0,0,0,0,0,0.75,0.,0.,0,0,
29,0,0,1,46,0,0,0,0,0,0,0.666666666666667,0.,0.,0,0,
30,0,0,1,46,0,0,0,0,0,0,0.583333333333333,0.,0.,0,0,
31,0,0,1,46,0,0,0,0,0,0,0.5,0.,0.,0,0,
32,0,0,1,46,0,0,0,0,0,0,0.498097349045873,0.0435778713738291,0.,0,0,
33,0,0,1,46,0,0,0,0,0,0,0.492403876506104,0.0868240888334652,0.,0,0,
34,0,0,1,46,0,0,0,0,0,0,0.482962913144534,0.12940952255126,0.,0,0,
35,0,0,1,46,0,0,0,0,0,0,0.469846310392954,0.171010071662834,0.,0,0,
36,0,0,1,46,0,0,0,0,0,0,0.453153893518325,0.21130913087035,0.,0,0,
37,0,0,1,46,0,0,0,0,0,0,0.433012701892219,0.25,0.,0,0,
38,0,0,1,46,0,0,0,0,0,0,0.409576022144496,0.286788218175523,0.,0,0,
39,0,0,1,46,0,0,0,0,0,0,0.383022221559489,0.32139380484327,0.,0,0,
40,0,0,1,46,0,0,0,0,0,0,0.353553390593274,0.353553390593274,0.,0,0,
41,0,0,1,46,0,0,0,0,0,0,0.32139380484327,0.383022221559489,0.,0,0,
42,0,0,1,46,0,0,0,0,0,0,0.286788218175523,0.409576022144496,0.,0,0,
43,0,0,1,46,0,0,0,0,0,0,0.25,0.433012701892219,0.,0,0,
44,0,0,1,46,0,0,0,0,0,0,0.21130913087035,0.453153893518325,0.,0,0,
45,0,0,1,46,0,0,0,0,0,0,0.171010071662834,0.469846310392954,0.,0,0,
46,0,0,1,46,0,0,0,0,0,0,0.12940952255126,0.482962913144534,0.,0,0,
47,0,0,1,46,0,0,0,0,0,0,0.0868240888334652,0.492403876506104,0.,0,0,
48,0,0,1,46,0,0,0,0,0,0,0.0435778713738291,0.498097349045873,0.,0,0,
49,0,0,1,46,0,0,0,0,0,0,0.0508408499361339,0.581113573886852,0.,0,0,
50,0,0,1,46,0,0,0,0,0,0,0.0581038284984388,0.66412979872783,0.,0,0,
51,0,0,1,46,0,0,0,0,0,0,0.0653668070607436,0.747146023568809,0.,0,0,
52,0,0,1,46,0,0,0,0,0,0,0.0726297856230484,0.830162248409788,0.,0,0,
53,0,0,1,46,0,0,0,0,0,0,0.0798927641853533,0.913178473250767,0.,0,0,
54,0,0,1,46,0,0,0,0,0,0,0.101294770305709,0.574471189257121,0.,0,0,
55,0,0,1,46,0,0,0,0,0,0,0.115765451777954,0.656538502008139,0.,0,0,
56,0,0,1,46,0,0,0,0,0,0,0.130236133250198,0.738605814759156,0.,0,0,
57,0,0,1,46,0,0,0,0,0,0,0.144706814722442,0.820673127510173,0.,0,0,
58,0,0,1,46,0,0,0,0,0,0,0.159177496194686,0.902740440261191,0.,0,0,
59,0,0,1,46,0,0,0,0,0,0,0.150977776309804,0.563456732001956,0.,0,0,
60,0,0,1,46,0,0,0,0,0,0,0.172546030068347,0.643950550859379,0.,0,0,
61,0,0,1,46,0,0,0,0,0,0,0.194114283826891,0.724444369716801,0.,0,0,
62,0,0,1,46,0,0,0,0,0,0,0.215682537585434,0.804938188574224,0.,0,0,
63,0,0,1,46,0,0,0,0,0,0,0.237250791343977,0.885432007431646,0.,0,0,
64,0,0,1,46,0,0,0,0,0,0,0.199511750273307,0.54815402879178,0.,0,0,
65,0,0,1,46,0,0,0,0,0,0,0.228013428883779,0.626461747190605,0.,0,0,
66,0,0,1,46,0,0,0,0,0,0,0.256515107494252,0.704769465589431,0.,0,0,
67,0,0,1,46,0,0,0,0,0,0,0.285016786104724,0.783077183988257,0.,0,0,
68,0,0,1,46,0,0,0,0,0,0,0.313518464715197,0.861384902387083,0.,0,0,
69,0,0,1,46,0,0,0,0,0,0,0.246527319348741,0.528679542438046,0.,0,0,
70,0,0,1,46,0,0,0,0,0,0,0.281745507827133,0.604205191357767,0.,0,0,
71,0,0,1,46,0,0,0,0,0,0,0.316963696305525,0.679730840277487,0.,0,0,
72,0,0,1,46,0,0,0,0,0,0,0.352181884783916,0.755256489197208,0.,0,0,
73,0,0,1,46,0,0,0,0,0,0,0.387400073262308,0.830782138116929,0.,0,0,
74,0,0,1,46,0,0,0,0,0,0,0.291666666666667,0.505181485540922,0.,0,0,
75,0,0,1,46,0,0,0,0,0,0,0.333333333333333,0.577350269189626,0.,0,0,
76,0,0,1,46,0,0,0,0,0,0,0.375,0.649519052838329,0.,0,0,
77,0,0,1,46,0,0,0,0,0,0,0.416666666666667,0.721687836487032,0.,0,0,
78,0,0,1,46,0,0,0,0,0,0,0.458333333333333,0.793856620135735,0.,0,0,
79,0,0,1,46,0,0,0,0,0,0,0.33458625453811,0.477838692501912,0.,0,0,
80,0,0,1,46,0,0,0,0,0,0,0.382384290900697,0.546101362859328,0.,0,0,
81,0,0,1,46,0,0,0,0,0,0,0.430182327263285,0.614364033216744,0.,0,0,
82,0,0,1,46,0,0,0,0,0,0,0.477980363625872,0.68262670357416,0.,0,0,
83,0,0,1,46,0,0,0,0,0,0,0.525778399988459,0.750889373931576,0.,0,0,
84,0,0,1,46,0,0,0,0,0,0,0.374959438983815,0.446859258486071,0.,0,0,
85,0,0,1,46,0,0,0,0,0,0,0.42852507312436,0.510696295412652,0.,0,0,
86,0,0,1,46,0,0,0,0,0,0,0.482090707264904,0.574533332339234,0.,0,0,
87,0,0,1,46,0,0,0,0,0,0,0.535656341405449,0.638370369265815,0.,0,0,
88,0,0,1,46,0,0,0,0,0,0,0.589221975545994,0.702207406192396,0.,0,0,
89,0,0,1,46,0,0,0,0,0,0,0.412478955692153,0.412478955692153,0.,0,0,
90,0,0,1,46,0,0,0,0,0,0,0.471404520791032,0.471404520791032,0.,0,0,
91,0,0,1,46,0,0,0,0,0,0,0.530330085889911,0.53033008588991,0.,0,0,
92,0,0,1,46,0,0,0,0,0,0,0.58925565098879,0.58925565098879,0.,0,0,
93,0,0,1,46,0,0,0,0,0,0,0.648181216087669,0.648181216087669,0.,0,0,
94,0,0,1,46,0,0,0,0,0,0,0.446859258486071,0.374959438983815,0.,0,0,
95,0,0,1,46,0,0,0,0,0,0,0.510696295412652,0.42852507312436,0.,0,0,
96,0,0,1,46,0,0,0,0,0,0,0.574533332339234,0.482090707264904,0.,0,0,
97,0,0,1,46,0,0,0,0,0,0,0.638370369265815,0.535656341405449,0.,0,0,
98,0,0,1,46,0,0,0,0,0,0,0.702207406192397,0.589221975545994,0.,0,0,
99,0,0,1,46,0,0,0,0,0,0,0.477838692501912,0.33458625453811,0.,0,0,
100,0,0,1,46,0,0,0,0,0,0,0.546101362859328,0.382384290900697,0.,0,0,
101,0,0,1,46,0,0,0,0,0,0,0.614364033216744,0.430182327263285,0.,0,0,
102,0,0,1,46,0,0,0,0,0,0,0.68262670357416,0.477980363625872,0.,0,0,
103,0,0,1,46,0,0,0,0,0,0,0.750889373931576,0.525778399988459,0.,0,0,
104,0,0,1,46,0,0,0,0,0,0,0.505181485540923,0.291666666666667,0.,0,0,
105,0,0,1,46,0,0,0,0,0,0,0.577350269189626,0.333333333333333,0.,0,0,
106,0,0,1,46,0,0,0,0,0,0,0.649519052838329,0.375,0.,0,0,
107,0,0,1,46,0,0,0,0,0,0,0.721687836487032,0.416666666666667,0.,0,0,
108,0,0,1,46,0,0,0,0,0,0,0.793856620135735,0.458333333333333,0.,0,0,
109,0,0,1,46,0,0,0,0,0,0,0.528679542438046,0.246527319348741,0.,0,0,
110,0,0,1,46,0,0,0,0,0,0,0.604205191357767,0.281745507827133,0.,0,0,
111,0,0,1,46,0,0,0,0,0,0,0.679730840277488,0.316963696305525,0.,0,0,
112,0,0,1,46,0,0,0,0,0,0,0.755256489197208,0.352181884783916,0.,0,0,
113,0,0,1,46,0,0,0,0,0,0,0.830782138116929,0.387400073262308,0.,0,0,
114,0,0,1,46,0,0,0,0,0,0,0.54815402879178,0.199511750273307,0.,0,0,
115,0,0,1,46,0,0,0,0,0,0,0.626461747190606,0.228013428883779,0.,0,0,
116,0,0,1,46,0,0,0,0,0,0,0.704769465589431,0.256515107494251,0.,0,0,
117,0,0,1,46,0,0,0,0,0,0,0.783077183988257,0.285016786104724,0.,0,0,
118,0,0,1,46,0,0,0,0,0,0,0.861384902387083,0.313518464715196,0.,0,0,
119,0,0,1,46,0,0,0,0,0,0,0.563456732001957,0.150977776309804,0.,0,0,
120,0,0,1,46,0,0,0,0,0,0,0.643950550859379,0.172546030068347,0.,0,0,
121,0,0,1,46,0,0,0,0,0,0,0.724444369716801,0.194114283826891,0.,0,0,
122,0,0,1,46,0,0,0,0,0,0,0.804938188574224,0.215682537585434,0.,0,0,
123,0,0,1,46,0,0,0,0,0,0,0.885432007431646,0.237250791343977,0.,0,0,
124,0,0,1,46,0,0,0,0,0,0,0.574471189257121,0.101294770305709,0.,0,0,
125,0,0,1,46,0,0,0,0,0,0,0.656538502008139,0.115765451777954,0.,0,0,
126,0,0,1,46,0,0,0,0,0,0,0.738605814759156,0.130236133250198,0.,0,0,
127,0,0,1,46,0,0,0,0,0,0,0.820673127510173,0.144706814722442,0.,0,0,
128,0,0,1,46,0,0,0,0,0,0,0.902740440261191,0.159177496194686,0.,0,0,
129,0,0,1,46,0,0,0,0,0,0,0.581113573886852,0.0508408499361339,0.,0,0,
130,0,0,1,46,0,0,0,0,0,0,0.66412979872783,0.0581038284984388,0.,0,0,
131,0,0,1,46,0,0,0,0,0,0,0.747146023568809,0.0653668070607436,0.,0,0,
132,0,0,1,46,0,0,0,0,0,0,0.830162248409788,0.0726297856230485,0.,0,0,
133,0,0,1,46,0,0,0,0,0,0,0.913178473250767,0.0798927641853533,0.,0,0,
267,0,0,1,46,0,0,0,0,0,0,0.,0.5,0.166666666666667,0,0,
268,0,0,1,46,0,0,0,0,0,0,0.,0.583333333333333,0.166666666666667,0,0,
269,0,0,1,46,0,0,0,0,0,0,0.,0.666666666666667,0.166666666666667,0,0,
270,0,0,1,46,0,0,0,0,0,0,0.,0.75,0.166666666666667,0,0,
271,0,0,1,46,0,0,0,0,0,0,0.,0.833333333333333,0.166666666666667,0,0,
272,0,0,1,46,0,0,0,0,0,0,0.,0.916666666666667,0.166666666666667,0,0,
273,0,0,1,46,0,0,0,0,0,0,0.,1.,0.166666666666667,0,0,
274,0,0,1,46,0,0,0,0,0,0,0.0871557427476581,0.996194698091746,0.166666666666667,0,0,
275,0,0,1,46,0,0,0,0,0,0,0.17364817766693,0.984807753012208,0.166666666666667,0,0,
276,0,0,1,46,0,0,0,0,0,0,0.258819045102521,0.965925826289068,0.166666666666667,0,0,
277,0,0,1,46,0,0,0,0,0,0,0.342020143325669,0.939692620785908,0.166666666666667,0,0,
278,0,0,1,46,0,0,0,0,0,0,0.422618261740699,0.90630778703665,0.166666666666667,0,0,
279,0,0,1,46,0,0,0,0,0,0,0.5,0.866025403784439,0.166666666666667,0,0,
280,0,0,1,46,0,0,0,0,0,0,0.573576436351046,0.819152044288992,0.166666666666667,0,0,
281,0,0,1,46,0,0,0,0,0,0,0.642787609686539,0.766044443118978,0.166666666666667,0,0,
282,0,0,1,46,0,0,0,0,0,0,0.707106781186548,0.707106781186548,0.166666666666667,0,0,
283,0,0,1,46,0,0,0,0,0,0,0.766044443118978,0.642787609686539,0.166666666666667,0,0,
284,0,0,1,46,0,0,0,0,0,0,0.819152044288992,0.573576436351046,0.166666666666667,0,0,
285,0,0,1,46,0,0,0,0,0,0,0.866025403784439,0.5,0.166666666666667,0,0,
286,0,0,1,46,0,0,0,0,0,0,0.90630778703665,0.422618261740699,0.166666666666667,0,0,
287,0,0,1,46,0,0,0,0,0,0,0.939692620785908,0.342020143325669,0.166666666666667,0,0,
288,0,0,1,46,0,0,0,0,0,0,0.965925826289068,0.258819045102521,0.166666666666667,0,0,
289,0,0,1,46,0,0,0,0,0,0,0.984807753012208,0.17364817766693,0.166666666666667,0,0,
290,0,0,1,46,0,0,0,0,0,0,0.996194698091746,0.0871557427476582,0.166666666666667,0,0,
291,0,0,1,46,0,0,0,0,0,0,1.,0.,0.166666666666667,0,0,
292,0,0,1,46,0,0,0,0,0,0,0.916666666666667,0.,0.166666666666667,0,0,
293,0,0,1,46,0,0,0,0,0,0,0.833333333333333,0.,0.166666666666667,0,0,
294,0,0,1,46,0,0,0,0,0,0,0.75,0.,0.166666666666667,0,0,
295,0,0,1,46,0,0,0,0,0,0,0.666666666666667,0.,0.166666666666667,0,0,
296,0,0,1,46,0,0,0,0,0,0,0.583333333333333,0.,0.166666666666667,0,0,
297,0,0,1,46,0,0,0,0,0,0,0.5,0.,0.166666666666667,0,0,
298,0,0,1,46,0,0,0,0,0,0,0.498097349045873,0.0435778713738291,0.166666666666667,0,0,
299,0,0,1,46,0,0,0,0,0,0,0.492403876506104,0.0868240888334652,0.166666666666667,0,0,
300,0,0,1,46,0,0,0,0,0,0,0.482962913144534,0.12940952255126,0.166666666666667,0,0,
301,0,0,1,46,0,0,0,0,0,0,0.469846310392954,0.171010071662834,0.166666666666667,0,0,
302,0,0,1,46,0,0,0,0,0,0,0.453153893518325,0.21130913087035,0.166666666666667,0,0,
303,0,0,1,46,0,0,0,0,0,0,0.433012701892219,0.25,0.166666666666667,0,0,
304,0,0,1,46,0,0,0,0,0,0,0.409576022144496,0.286788218175523,0.166666666666667,0,0,
305,0,0,1,46,0,0,0,0,0,0,0.383022221559489,0.32139380484327,0.166666666666667,0,0,
306,0,0,1,46,0,0,0,0,0,0,0.353553390593274,0.353553390593274,0.166666666666667,0,0,
307,0,0,1,46,0,0,0,0,0,0,0.32139380484327,0.383022221559489,0.166666666666667,0,0,
308,0,0,1,46,0,0,0,0,0,0,0.286788218175523,0.409576022144496,0.166666666666667,0,0,
309,0,0,1,46,0,0,0,0,0,0,0.25,0.433012701892219,0.166666666666667,0,0,
310,0,0,1,46,0,0,0,0,0,0,0.21130913087035,0.453153893518325,0.166666666666667,0,0,
311,0,0,1,46,0,0,0,0,0,0,0.171010071662834,0.469846310392954,0.166666666666667,0,0,
312,0,0,1,46,0,0,0,0,0,0,0.12940952255126,0.482962913144534,0.166666666666667,0,0,
313,0,0,1,46,0,0,0,0,0,0,0.0868240888334652,0.492403876506104,0.166666666666667,0,0,
314,0,0,1,46,0,0,0,0,0,0,0.0435778713738291,0.498097349045873,0.166666666666667,0,0,
315,0,0,1,46,0,0,0,0,0,0,0.0508408499361339,0.581113573886852,0.166666666666667,0,0,
316,0,0,1,46,0,0,0,0,0,0,0.0581038284984388,0.66412979872783,0.166666666666667,0,0,
317,0,0,1,46,0,0,0,0,0,0,0.0653668070607436,0.747146023568809,0.166666666666667,0,0,
318,0,0,1,46,0,0,0,0,0,0,0.0726297856230484,0.830162248409788,0.166666666666667,0,0,
319,0,0,1,46,0,0,0,0,0,0,0.0798927641853533,0.913178473250767,0.166666666666667,0,0,
320,0,0,1,46,0,0,0,0,0,0,0.101294770305709,0.574471189257121,0.166666666666667,0,0,
321,0,0,1,46,0,0,0,0,0,0,0.115765451777954,0.656538502008139,0.166666666666667,0,0,
322,0,0,1,46,0,0,0,0,0,0,0.130236133250198,0.738605814759156,0.166666666666667,0,0,
323,0,0,1,46,0,0,0,0,0,0,0.144706814722442,0.820673127510173,0.166666666666667,0,0,
324,0,0,1,46,0,0,0,0,0,0,0.159177496194686,0.902740440261191,0.166666666666667,0,0,
325,0,0,1,46,0,0,0,0,0,0,0.150977776309804,0.563456732001956,0.166666666666667,0,0,
326,0,0,1,46,0,0,0,0,0,0,0.172546030068347,0.643950550859379,0.166666666666667,0,0,
327,0,0,1,46,0,0,0,0,0,0,0.194114283826891,0.724444369716801,0.166666666666667,0,0,
328,0,0,1,46,0,0,0,0,0,0,0.215682537585434,0.804938188574224,0.166666666666667,0,0,
329,0,0,1,46,0,0,0,0,0,0,0.237250791343977,0.885432007431646,0.166666666666667,0,0,
330,0,0,1,46,0,0,0,0,0,0,0.199511750273307,0.54815402879178,0.166666666666667,0,0,
331,0,0,1,46,0,0,0,0,0,0,0.228013428883779,0.626461747190605,0.166666666666667,0,0,
332,0,0,1,46,0,0,0,0,0,0,0.256515107494252,0.704769465589431,0.166666666666667,0,0,
333,0,0,1,46,0,0,0,0,0,0,0.285016786104724,0.783077183988257,0.166666666666667,0,0,
334,0,0,1,46,0,0,0,0,0,0,0.313518464715197,0.861384902387083,0.166666666666667,0,0,
335,0,0,1,46,0,0,0,0,0,0,0.246527319348741,0.528679542438046,0.166666666666667,0,0,
336,0,0,1,46,0,0,0,0,0,0,0.281745507827133,0.604205191357767,0.166666666666667,0,0,
337,0,0,1,46,0,0,0,0,0,0,0.316963696305525,0.679730840277487,0.166666666666667,0,0,
338,0,0,1,46,0,0,0,0,0,0,0.352181884783916,0.755256489197208,0.166666666666667,0,0,
339,0,0,1,46,0,0,0,0,0,0,0.387400073262308,0.830782138116929,0.166666666666667,0,0,
340,0,0,1,46,0,0,0,0,0,0,0.291666666666667,0.505181485540922,0.166666666666667,0,0,
341,0,0,1,46,0,0,0,0,0,0,0.333333333333333,0.577350269189626,0.166666666666667,0,0,
342,0,0,1,46,0,0,0,0,0,0,0.375,0.649519052838329,0.166666666666667,0,0,
343,0,0,1,46,0,0,0,0,0,0,0.416666666666667,0.721687836487032,0.166666666666667,0,0,
344,0,0,1,46,0,0,0,0,0,0,0.458333333333333,0.793856620135735,0.166666666666667,0,0,
345,0,0,1,46,0,0,0,0,0,0,0.33458625453811,0.477838692501912,0.166666666666667,0,0,
346,0,0,1,46,0,0,0,0,0,0,0.382384290900697,0.546101362859328,0.166666666666667,0,0,
347,0,0,1,46,0,0,0,0,0,0,0.430182327263285,0.614364033216744,0.166666666666667,0,0,
348,0,0,1,46,0,0,0,0,0,0,0.477980363625872,0.68262670357416,0.166666666666667,0,0,
349,0,0,1,46,0,0,0,0,0,0,0.525778399988459,0.750889373931576,0.166666666666667,0,0,
350,0,0,1,46,0,0,0,0,0,0,0.374959438983815,0.446859258486071,0.166666666666667,0,0,
351,0,0,1,46,0,0,0,0,0,0,0.42852507312436,0.510696295412652,0.166666666666667,0,0,
352,0,0,1,46,0,0,0,0,0,0,0.482090707264904,0.574533332339234,0.166666666666667,0,0,
353,0,0,1,46,0,0,0,0,0,0,0.535656341405449,0.638370369265815,0.166666666666667,0,0,
354,0,0,1,46,0,0,0,0,0,0,0.589221975545994,0.702207406192396,0.166666666666667,0,0,
355,0,0,1,46,0,0,0,0,0,0,0.412478955692153,0.412478955692153,0.166666666666667,0,0,
356,0,0,1,46,0,0,0,0,0,0,0.471404520791032,0.471404520791032,0.166666666666667,0,0,
357,0,0,1,46,0,0,0,0,0,0,0.530330085889911,0.53033008588991,0.166666666666667,0,0,
358,0,0,1,46,0,0,0,0,0,0,0.58925565098879,0.58925565098879,0.166666666666667,0,0,
359,0,0,1,46,0,0,0,0,0,0,0.648181216087669,0.648181216087669,0.166666666666667,0,0,
360,0,0,1,46,0,0,0,0,0,0,0.446859258486071,0.374959438983815,0.166666666666667,0,0,
361,0,0,1,46,0,0,0,0,0,0,0.510696295412652,0.42852507312436,0.166666666666667,0,0,
362,0,0,1,46,0,0,0,0,0,0,0.574533332339234,0.482090707264904,0.166666666666667,0,0,
363,0,0,1,46,0,0,0,0,0,0,0.638370369265815,0.535656341405449,0.166666666666667,0,0,
364,0,0,1,46,0,0,0,0,0,0,0.702207406192397,0.589221975545994,0.166666666666667,0,0,
365,0,0,1,46,0,0,0,0,0,0,0.477838692501912,0.33458625453811,0.166666666666667,0,0,
366,0,0,1,46,0,0,0,0,0,0,0.546101362859328,0.382384290900697,0.166666666666667,0,0,
367,0,0,1,46,0,0,0,0,0,0,0.614364033216744,0.430182327263285,0.166666666666667,0,0,
368,0,0,1,46,0,0,0,0,0,0,0.68262670357416,0.477980363625872,0.166666666666667,0,0,
369,0,0,1,46,0,0,0,0,0,0,0.750889373931576,0.525778399988459,0.166666666666667,0,0,
370,0,0,1,46,0,0,0,0,0,0,0.505181485540923,0.291666666666667,0.166666666666667,0,0,
371,0,0,1,46,0,0,0,0,0,0,0.577350269189626,0.333333333333333,0.166666666666667,0,0,
372,0,0,1,46,0,0,0,0,0,0,0.649519052838329,0.375,0.166666666666667,0,0,
373,0,0,1,46,0,0,0,0,0,0,0.721687836487032,0.416666666666667,0.166666666666667,0,0,
374,0,0,1,46,0,0,0,0,0,0,0.793856620135735,0.458333333333333,0.166666666666667,0,0,
375,0,0,1,46,0,0,0,0,0,0,0.528679542438046,0.246527319348741,0.166666666666667,0,0,
376,0,0,1,46,0,0,0,0,0,0,0.604205191357767,0.281745507827133,0.166666666666667,0,0,
377,0,0,1,46,0,0,0,0,0,0,0.679730840277488,0.316963696305525,0.166666666666667,0,0,
378,0,0,1,46,0,0,0,0,0,0,0.755256489197208,0.352181884783916,0.166666666666667,0,0,
379,0,0,1,46,0,0,0,0,0,0,0.830782138116929,0.387400073262308,0.166666666666667,0,0,
380,0,0,1,46,0,0,0,0,0,0,0.54815402879178,0.199511750273307,0.166666666666667,0,0,
381,0,0,1,46,0,0,0,0,0,0,0.626461747190606,0.228013428883779,0.166666666666667,0,0,
382,0,0,1,46,0,0,0,0,0,0,0.704769465589431,0.256515107494251,0.166666666666667,0,0,
383,0,0,1,46,0,0,0,0,0,0,0.783077183988257,0.285016786104724,0.166666666666667,0,0,
384,0,0,1,46,0,0,0,0,0,0,0.861384902387083,0.313518464715196,0.166666666666667,0,0,
385,0,0,1,46,0,0,0,0,0,0,0.563456732001957,0.150977776309804,0.166666666666667,0,0,
386,0,0,1,46,0,0,0,0,0,0,0.643950550859379,0.172546030068347,0.166666666666667,0,0,
387,0,0,1,46,0,0,0,0,0,0,0.724444369716801,0.194114283826891,0.166666666666667,0,0,
388,0,0,1,46,0,0,0,0,0,0,0.804938188574224,0.215682537585434,0.166666666666667,0,0,
389,0,0,1,46,0,0,0,0,0,0,0.885432007431646,0.237250791343977,0.166666666666667,0,0,
390,0,0,1,46,0,0,0,0,0,0,0.574471189257121,0.101294770305709,0.166666666666667,0,0,
391,0,0,1,46,0,0,0,0,0,0,0.656538502008139,0.115765451777954,0.166666666666667,0,0,
392,0,0,1,46,0,0,0,0,0,0,0.738605814759156,0.130236133250198,0.166666666666667,0,0,
393,0,0,1,46,0,0,0,0,0,0,0.820673127510173,0.144706814722442,0.166666666666667,0,0,
394,0,0,1,46,0,0,0,0,0,0,0.902740440261191,0.159177496194686,0.166666666666667,0,0,
395,0,0,1,46,0,0,0,0,0,0,0.581113573886852,0.0508408499361339,0.166666666666667,0,0,
396,0,0,1,46,0,0,0,0,0,0,0.66412979872783,0.0581038284984388,0.166666666666667,0,0,
397,0,0,1,46,0,0,0,0,0,0,0.747146023568809,0.0653668070607436,0.166666666666667,0,0,
398,0,0,1,46,0,0,0,0,0,0,0.830162248409788,0.0726297856230485,0.166666666666667,0,0,
399,0,0,1,46,0,0,0,0,0,0,0.913178473250767,0.0798927641853533,0.166666666666667,0,0,
400,0,0,1,46,0,0,0,0,0,0,0.,0.5,0.333333333333333,0,0,
401,0,0,1,46,0,0,0,0,0,0,0.,0.583333333333333,0.333333333333333,0,0,
402,0,0,1,46,0,0,0,0,0,0,0.,0.666666666666667,0.333333333333333,0,0,
403,0,0,1,46,0,0,0,0,0,0,0.,0.75,0.333333333333333,0,0,
404,0,0,1,46,0,0,0,0,0,0,0.,0.833333333333333,0.333333333333333,0,0,
405,0,0,1,46,0,0,0,0,0,0,0.,0.916666666666667,0.333333333333333,0,0,
406,0,0,1,46,0,0,0,0,0,0,0.,1.,0.333333333333333,0,0,
407,0,0,1,46,0,0,0,0,0,0,0.0871557427476581,0.996194698091746,0.333333333333333,0,0,
408,0,0,1,46,0,0,0,0,0,0,0.17364817766693,0.984807753012208,0.333333333333333,0,0,
409,0,0,1,46,0,0,0,0,0,0,0.258819045102521,0.965925826289068,0.333333333333333,0,0,
410,0,0,1,46,0,0,0,0,0,0,0.342020143325669,0.939692620785908,0.333333333333333,0,0,
411,0,0,1,46,0,0,0,0,0,0,0.422618261740699,0.90630778703665,0.333333333333333,0,0,
412,0,0,1,46,0,0,0,0,0,0,0.5,0.866025403784439,0.333333333333333,0,0,
413,0,0,1,46,0,0,0,0,0,0,0.573576436351046,0.819152044288992,0.333333333333333,0,0,
414,0,0,1,46,0,0,0,0,0,0,0.642787609686539,0.766044443118978,0.333333333333333,0,0,
415,0,0,1,46,0,0,0,0,0,0,0.707106781186548,0.707106781186548,0.333333333333333,0,0,
416,0,0,1,46,0,0,0,0,0,0,0.766044443118978,0.642787609686539,0.333333333333333,0,0,
417,0,0,1,46,0,0,0,0,0,0,0.819152044288992,0.573576436351046,0.333333333333333,0,0,
418,0,0,1,46,0,0,0,0,0,0,0.866025403784439,0.5,0.333333333333333,0,0,
419,0,0,1,46,0,0,0,0,0,0,0.90630778703665,0.422618261740699,0.333333333333333,0,0,
420,0,0,1,46,0,0,0,0,0,0,0.939692620785908,0.342020143325669,0.333333333333333,0,0,
421,0,0,1,46,0,0,0,0,0,0,0.965925826289068,0.258819045102521,0.333333333333333,0,0,
422,0,0,1,46,0,0,0,0,0,0,0.984807753012208,0.17364817766693,0.333333333333333,0,0,
423,0,0,1,46,0,0,0,0,0,0,0.996194698091746,0.0871557427476582,0.333333333333333,0,0,
424,0,0,1,46,0,0,0,0,0,0,1.,0.,0.333333333333333,0,0,
425,0,0,1,46,0,0,0,0,0,0,0.916666666666667,0.,0.333333333333333,0,0,
426,0,0,1,46,0,0,0,0,0,0,0.833333333333333,0.,0.333333333333333,0,0,
427,0,0,1,46,0,0,0,0,0,0,0.75,0.,0.333333333333333,0,0,
428,0,0,1,46,0,0,0,0,0,0,0.666666666666667,0.,0.333333333333333,0,0,
429,0,0,1,46,0,0,0,0,0,0,0.583333333333333,0.,0.333333333333333,0,0,
430,0,0,1,46,0,0,0,0,0,0,0.5,0.,0.333333333333333,0,0,
431,0,0,1,46,0,0,0,0,0,0,0.498097349045873,0.0435778713738291,0.333333333333333,0,0,
432,0,0,1,46,0,0,0,0,0,0,0.492403876506104,0.0868240888334652,0.333333333333333,0,0,
433,0,0,1,46,0,0,0,0,0,0,0.482962913144534,0.12940952255126,0.333333333333333,0,0,
434,0,0,1,46,0,0,0,0,0,0,0.469846310392954,0.171010071662834,0.333333333333333,0,0,
435,0,0,1,46,0,0,0,0,0,0,0.453153893518325,0.21130913087035,0.333333333333333,0,0,
436,0,0,1,46,0,0,0,0,0,0,0.433012701892219,0.25,0.333333333333333,0,0,
437,0,0,1,46,0,0,0,0,0,0,0.409576022144496,0.286788218175523,0.333333333333333,0,0,
438,0,0,1,46,0,0,0,0,0,0,0.383022221559489,0.32139380484327,0.333333333333333,0,0,
439,0,0,1,46,0,0,0,0,0,0,0.353553390593274,0.353553390593274,0.333333333333333,0,0,
440,0,0,1,46,0,0,0,0,0,0,0.32139380484327,0.383022221559489,0.333333333333333,0,0,
441,0,0,1,46,0,0,0,0,0,0,0.286788218175523,0.409576022144496,0.333333333333333,0,0,
442,0,0,1,46,0,0,0,0,0,0,0.25,0.433012701892219,0.333333333333333,0,0,
443,0,0,1,46,0,0,0,0,0,0,0.21130913087035,0.453153893518325,0.333333333333333,0,0,
444,0,0,1,46,0,0,0,0,0,0,0.171010071662834,0.469846310392954,0.333333333333333,0,0,
445,0,0,1,46,0,0,0,0,0,0,0.12940952255126,0.482962913144534,0.333333333333333,0,0,
446,0,0,1,46,0,0,0,0,0,0,0.0868240888334652,0.492403876506104,0.333333333333333,0,0,
447,0,0,1,46,0,0,0,0,0,0,0.0435778713738291,0.498097349045873,0.333333333333333,0,0,
448,0,0,1,46,0,0,0,0,0,0,0.0508408499361339,0.581113573886852,0.333333333333333,0,0,
449,0,0,1,46,0,0,0,0,0,0,0.0581038284984388,0.66412979872783,0.333333333333333,0,0,
450,0,0,1,46,0,0,0,0,0,0,0.0653668070607436,0.747146023568809,0.333333333333333,0,0,
451,0,0,1,46,0,0,0,0,0,0,0.0726297856230484,0.830162248409788,0.333333333333333,0,0,
452,0,0,1,46,0,0,0,0,0,0,0.0798927641853533,0.913178473250767,0.333333333333333,0,0,
453,0,0,1,46,0,0,0,0,0,0,0.101294770305709,0.574471189257121,0.333333333333333,0,0,
454,0,0,1,46,0,0,0,0,0,0,0.115765451777954,0.656538502008139,0.333333333333333,0,0,
455,0,0,1,46,0,0,0,0,0,0,0.130236133250198,0.738605814759156,0.333333333333333,0,0,
456,0,0,1,46,0,0,0,0,0,0,0.144706814722442,0.820673127510173,0.333333333333333,0,0,
457,0,0,1,46,0,0,0,0,0,0,0.159177496194686,0.902740440261191,0.333333333333333,0,0,
458,0,0,1,46,0,0,0,0,0,0,0.150977776309804,0.563456732001956,0.333333333333333,0,0,
459,0,0,1,46,0,0,0,0,0,0,0.172546030068347,0.643950550859379,0.333333333333333,0,0,
460,0,0,1,46,0,0,0,0,0,0,0.194114283826891,0.724444369716801,0.333333333333333,0,0,
461,0,0,1,46,0,0,0,0,0,0,0.215682537585434,0.804938188574224,0.333333333333333,0,0,
462,0,0,1,46,0,0,0,0,0,0,0.237250791343977,0.885432007431646,0.333333333333333,0,0,
463,0,0,1,46,0,0,0,0,0,0,0.199511750273307,0.54815402879178,0.333333333333333,0,0,
464,0,0,1,46,0,0,0,0,0,0,0.228013428883779,0.626461747190605,0.333333333333333,0,0,
465,0,0,1,46,0,0,0,0,0,0,0.256515107494252,0.704769465589431,0.333333333333333,0,0,
466,0,0,1,46,0,0,0,0,0,0,0.285016786104724,0.783077183988257,0.333333333333333,0,0,
467,0,0,1,46,0,0,0,0,0,0,0.313518464715197,0.861384902387083,0.333333333333333,0,0,
468,0,0,1,46,0,0,0,0,0,0,0.246527319348741,0.528679542438046,0.333333333333333,0,0,
469,0,0,1,46,0,0,0,0,0,0,0.281745507827133,0.604205191357767,0.333333333333333,0,0,
470,0,0,1,46,0,0,0,0,0,0,0.316963696305525,0.679730840277487,0.333333333333333,0,0,
471,0,0,1,46,0,0,0,0,0,0,0.352181884783916,0.755256489197208,0.333333333333333,0,0,
472,0,0,1,46,0,0,0,0,0,0,0.387400073262308,0.830782138116929,0.333333333333333,0,0,
473,0,0,1,46,0,0,0,0,0,0,0.291666666666667,0.505181485540922,0.333333333333333,0,0,
474,0,0,1,46,0,0,0,0,0,0,0.333333333333333,0.577350269189626,0.333333333333333,0,0,
475,0,0,1,46,0,0,0,0,0,0,0.375,0.649519052838329,0.333333333333333,0,0,
476,0,0,1,46,0,0,0,0,0,0,0.416666666666667,0.721687836487032,0.333333333333333,0,0,
477,0,0,1,46,0,0,0,0,0,0,0.458333333333333,0.793856620135735,0.333333333333333,0,0,
478,0,0,1,46,0,0,0,0,0,0,0.33458625453811,0.477838692501912,0.333333333333333,0,0,
479,0,0,1,46,0,0,0,0,0,0,0.382384290900697,0.546101362859328,0.333333333333333,0,0,
480,0,0,1,46,0,0,0,0,0,0,0.430182327263285,0.614364033216744,0.333333333333333,0,0,
481,0,0,1,46,0,0,0,0,0,0,0.477980363625872,0.68262670357416,0.333333333333333,0,0,
482,0,0,1,46,0,0,0,0,0,0,0.525778399988459,0.750889373931576,0.333333333333333,0,0,
483,0,0,1,46,0,0,0,0,0,0,0.374959438983815,0.446859258486071,0.333333333333333,0,0,
484,0,0,1,46,0,0,0,0,0,0,0.42852507312436,0.510696295412652,0.333333333333333,0,0,
485,0,0,1,46,0,0,0,0,0,0,0.482090707264904,0.574533332339234,0.333333333333333,0,0,
486,0,0,1,46,0,0,0,0,0,0,0.535656341405449,0.638370369265815,0.333333333333333,0,0,
487,0,0,1,46,0,0,0,0,0,0,0.589221975545994,0.702207406192396,0.333333333333333,0,0,
488,0,0,1,46,0,0,0,0,0,0,0.412478955692153,0.412478955692153,0.333333333333333,0,0,
489,0,0,1,46,0,0,0,0,0,0,0.471404520791032,0.471404520791032,0.333333333333333,0,0,
490,0,0,1,46,0,0,0,0,0,0,0.530330085889911,0.53033008588991,0.333333333333333,0,0,
491,0,0,1,46,0,0,0,0,0,0,0.58925565098879,0.58925565098879,0.333333333333333,0,0,
492,0,0,1,46,0,0,0,0,0,0,0.648181216087669,0.648181216087669,0.333333333333333,0,0,
493,0,0,1,46,0,0,0,0,0,0,0.446859258486071,0.374959438983815,0.333333333333333,0,0,
494,0,0,1,46,0,0,0,0,0,0,0.510696295412652,0.42852507312436,0.333333333333333,0,0,
495,0,0,1,46,0,0,0,0,0,0,0.574533332339234,0.482090707264904,0.333333333333333,0,0,
496,0,0,1,46,0,0,0,0,0,0,0.638370369265815,0.535656341405449,0.333333333333333,0,0,
497,0,0,1,46,0,0,0,0,0,0,0.702207406192397,0.589221975545994,0.333333333333333,0,0,
498,0,0,1,46,0,0,0,0,0,0,0.477838692501912,0.33458625453811,0.333333333333333,0,0,
499,0,0,1,46,0,0,0,0,0,0,0.546101362859328,0.382384290900697,0.333333333333333,0,0,
500,0,0,1,46,0,0,0,0,0,0,0.614364033216744,0.430182327263285,0.333333333333333,0,0,
501,0,0,1,46,0,0,0,0,0,0,0.68262670357416,0.477980363625872,0.333333333333333,0,0,
502,0,0,1,46,0,0,0,0,0,0,0.750889373931576,0.525778399988459,0.333333333333333,0,0,
503,0,0,1,46,0,0,0,0,0,0,0.505181485540923,0.291666666666667,0.333333333333333,0,0,
504,0,0,1,46,0,0,0,0,0,0,0.577350269189626,0.333333333333333,0.333333333333333,0,0,
505,0,0,1,46,0,0,0,0,0,0,0.649519052838329,0.375,0.333333333333333,0,0,
506,0,0,1,46,0,0,0,0,0,0,0.721687836487032,0.416666666666667,0.333333333333333,0,0,
507,0,0,1,46,0,0,0,0,0,0,0.793856620135735,0.458333333333333,0.333333333333333,0,0,
508,0,0,1,46,0,0,0,0,0,0,0.528679542438046,0.246527319348741,0.333333333333333,0,0,
509,0,0,1,46,0,0,0,0,0,0,0.604205191357767,0.281745507827133,0.333333333333333,0,0,
510,0,0,1,46,0,0,0,0,0,0,0.679730840277488,0.316963696305525,0.333333333333333,0,0,
511,0,0,1,46,0,0,0,0,0,0,0.755256489197208,0.352181884783916,0.333333333333333,0,0,
512,0,0,1,46,0,0,0,0,0,0,0.830782138116929,0.387400073262308,0.333333333333333,0,0,
513,0,0,1,46,0,0,0,0,0,0,0.54815402879178,0.199511750273307,0.333333333333333,0,0,
514,0,0,1,46,0,0,0,0,0,0,0.626461747190606,0.228013428883779,0.333333333333333,0,0,
515,0,0,1,46,0,0,0,0,0,0,0.704769465589431,0.256515107494251,0.333333333333333,0,0,
516,0,0,1,46,0,0,0,0,0,0,0.783077183988257,0.285016786104724,0.333333333333333,0,0,
517,0,0,1,46,0,0,0,0,0,0,0.861384902387083,0.313518464715196,0.333333333333333,0,0,
518,0,0,1,46,0,0,0,0,0,0,0.563456732001957,0.150977776309804,0.333333333333333,0,0,
519,0,0,1,46,0,0,0,0,0,0,0.643950550859379,0.172546030068347,0.333333333333333,0,0,
520,0,0,1,46,0,0,0,0,0,0,0.724444369716801,0.194114283826891,0.333333333333333,0,0,
521,0,0,1,46,0,0,0,0,0,0,0.804938188574224,0.215682537585434,0.333333333333333,0,0,
522,0,0,1,46,0,0,0,0,0,0,0.885432007431646,0.237250791343977,0.333333333333333,0,0,
523,0,0,1,46,0,0,0,0,0,0,0.574471189257121,0.101294770305709,0.333333333333333,0,0,
524,0,0,1,46,0,0,0,0,0,0,0.656538502008139,0.115765451777954,0.333333333333333,0,0,
525,0,0,1,46,0,0,0,0,0,0,0.738605814759156,0.130236133250198,0.333333333333333,0,0,
526,0,0,1,46,0,0,0,0,0,0,0.820673127510173,0.144706814722442,0.333333333333333,0,0,
527,0,0,1,46,0,0,0,0,0,0,0.902740440261191,0.159177496194686,0.333333333333333,0,0,
528,0,0,1,46,0,0,0,0,0,0,0.581113573886852,0.0508408499361339,0.333333333333333,0,0,
529,0,0,1,46,0,0,0,0,0,0,0.66412979872783,0.0581038284984388,0.333333333333333,0,0,
530,0,0,1,46,0,0,0,0,0,0,0.747146023568809,0.0653668070607436,0.333333333333333,0,0,
531,0,0,1,46,0,0,0,0,0,0,0.830162248409788,0.0726297856230485,0.333333333333333,0,0,
532,0,0,1,46,0,0,0,0,0,0,0.913178473250767,0.0798927641853533,0.333333333333333,0,0,
533,0,0,1,46,0,0,0,0,0,0,0.,0.5,0.5,0,0,
534,0,0,1,46,0,0,0,0,0,0,0.,0.583333333333333,0.5,0,0,
535,0,0,1,46,0,0,0,0,0,0,0.,0.666666666666667,0.5,0,0,
536,0,0,1,46,0,0,0,0,0,0,0.,0.75,0.5,0,0,
537,0,0,1,46,0,0,0,0,0,0,0.,0.833333333333333,0.5,0,0,
538,0,0,1,46,0,0,0,0,0,0,0.,0.916666666666667,0.5,0,0,
539,0,0,1,46,0,0,0,0,0,0,0.,1.,0.5,0,0,
540,0,0,1,46,0,0,0,0,0,0,0.0871557427476581,0.996194698091746,0.5,0,0,
541,0,0,1,46,0,0,0,0,0,0,0.17364817766693,0.984807753012208,0.5,0,0,
542,0,0,1,46,0,0,0,0,0,0,0.258819045102521,0.965925826289068,0.5,0,0,
543,0,0,1,46,0,0,0,0,0,0,0.342020143325669,0.939692620785908,0.5,0,0,
544,0,0,1,46,0,0,0,0,0,0,0.422618261740699,0.90630778703665,0.5,0,0,
545,0,0,1,46,0,0,0,0,0,0,0.5,0.866025403784439,0.5,0,0,
546,0,0,1,46,0,0,0,0,0,0,0.573576436351046,0.819152044288992,0.5,0,0,
547,0,0,1,46,0,0,0,0,0,0,0.642787609686539,0.766044443118978,0.5,0,0,
548,0,0,1,46,0,0,0,0,0,0,0.707106781186548,0.707106781186548,0.5,0,0,
549,0,0,1,46,0,0,0,0,0,0,0.766044443118978,0.642787609686539,0.5,0,0,
550,0,0,1,46,0,0,0,0,0,0,0.819152044288992,0.573576436351046,0.5,0,0,
551,0,0,1,46,0,0,0,0,0,0,0.866025403784439,0.5,0.5,0,0,
552,0,0,1,46,0,0,0,0,0,0,0.90630778703665,0.422618261740699,0.5,0,0,
553,0,0,1,46,0,0,0,0,0,0,0.939692620785908,0.342020143325669,0.5,0,0,
554,0,0,1,46,0,0,0,0,0,0,0.965925826289068,0.258819045102521,0.5,0,0,
555,0,0,1,46,0,0,0,0,0,0,0.984807753012208,0.17364817766693,0.5,0,0,
556,0,0,1,46,0,0,0,0,0,0,0.996194698091746,0.0871557427476582,0.5,0,0,
557,0,0,1,46,0,0,0,0,0,0,1.,0.,0.5,0,0,
558,0,0,1,46,0,0,0,0,0,0,0.916666666666667,0.,0.5,0,0,
559,0,0,1,46,0,0,0,0,0,0,0.833333333333333,0.,0.5,0,0,
560,0,0,1,46,0,0,0,0,0,0,0.75,0.,0.5,0,0,
561,0,0,1,46,0,0,0,0,0,0,0.666666666666667,0.,0.5,0,0,
562,0,0,1,46,0,0,0,0,0,0,0.583333333333333,0.,0.5,0,0,
563,0,0,1,46,0,0,0,0,0,0,0.5,0.,0.5,0,0,
564,0,0,1,46,0,0,0,0,0,0,0.498097349045873,0.0435778713738291,0.5,0,0,
565,0,0,1,46,0,0,0,0,0,0,0.492403876506104,0.0868240888334652,0.5,0,0,
566,0,0,1,46,0,0,0,0,0,0,0.482962913144534,0.12940952255126,0.5,0,0,
567,0,0,1,46,0,0,0,0,0,0,0.469846310392954,0.171010071662834,0.5,0,0,
568,0,0,1,46,0,0,0,0,0,0,0.453153893518325,0.21130913087035,0.5,0,0,
569,0,0,1,46,0,0,0,0,0,0,0.433012701892219,0.25,0.5,0,0,
570,0,0,1,46,0,0,0,0,0,0,0.409576022144496,0.286788218175523,0.5,0,0,
571,0,0,1,46,0,0,0,0,0,0,0.383022221559489,0.32139380484327,0.5,0,0,
572,0,0,1,46,0,0,0,0,0,0,0.353553390593274,0.353553390593274,0.5,0,0,
573,0,0,1,46,0,0,0,0,0,0,0.32139380484327,0.383022221559489,0.5,0,0,
574,0,0,1,46,0,0,0,0,0,0,0.286788218175523,0.409576022144496,0.5,0,0,
575,0,0,1,46,0,0,0,0,0,0,0.25,0.433012701892219,0.5,0,0,
576,0,0,1,46,0,0,0,0,0,0,0.21130913087035,0.453153893518325,0.5,0,0,
577,0,0,1,46,0,0,0,0,0,0,0.171010071662834,0.469846310392954,0.5,0,0,
578,0,0,1,46,0,0,0,0,0,0,0.12940952255126,0.482962913144534,0.5,0,0,
579,0,0,1,46,0,0,0,0,0,0,0.0868240888334652,0.492403876506104,0.5,0,0,
580,0,0,1,46,0,0,0,0,0,0,0.0435778713738291,0.498097349045873,0.5,0,0,
581,0,0,1,46,0,0,0,0,0,0,0.0508408499361339,0.581113573886852,0.5,0,0,
582,0,0,1,46,0,0,0,0,0,0,0.0581038284984388,0.66412979872783,0.5,0,0,
583,0,0,1,46,0,0,0,0,0,0,0.0653668070607436,0.747146023568809,0.5,0,0,
584,0,0,1,46,0,0,0,0,0,0,0.0726297856230484,0.830162248409788,0.5,0,0,
585,0,0,1,46,0,0,0,0,0,0,0.0798927641853533,0.913178473250767,0.5,0,0,
586,0,0,1,46,0,0,0,0,0,0,0.101294770305709,0.574471189257121,0.5,0,0,
587,0,0,1,46,0,0,0,0,0,0,0.115765451777954,0.656538502008139,0.5,0,0,
588,0,0,1,46,0,0,0,0,0,0,0.130236133250198,0.738605814759156,0.5,0,0,
589,0,0,1,46,0,0,0,0,0,0,0.144706814722442,0.820673127510173,0.5,0,0,
590,0,0,1,46,0,0,0,0,0,0,0.159177496194686,0.902740440261191,0.5,0,0,
591,0,0,1,46,0,0,0,0,0,0,0.150977776309804,0.563456732001956,0.5,0,0,
592,0,0,1,46,0,0,0,0,0,0,0.172546030068347,0.643950550859379,0.5,0,0,
593,0,0,1,46,0,0,0,0,0,0,0.194114283826891,0.724444369716801,0.5,0,0,
594,0,0,1,46,0,0,0,0,0,0,0.215682537585434,0.804938188574224,0.5,0,0,
595,0,0,1,46,0,0,0,0,0,0,0.237250791343977,0.885432007431646,0.5,0,0,
596,0,0,1,46,0,0,0,0,0,0,0.199511750273307,0.54815402879178,0.5,0,0,
597,0,0,1,46,0,0,0,0,0,0,0.228013428883779,0.626461747190605,0.5,0,0,
598,0,0,1,46,0,0,0,0,0,0,0.256515107494252,0.704769465589431,0.5,0,0,
599,0,0,1,46,0,0,0,0,0,0,0.285016786104724,0.783077183988257,0.5,0,0,
600,0,0,1,46,0,0,0,0,0,0,0.313518464715197,0.861384902387083,0.5,0,0,
601,0,0,1,46,0,0,0,0,0,0,0.246527319348741,0.528679542438046,0.5,0,0,
602,0,0,1,46,0,0,0,0,0,0,0.281745507827133,0.604205191357767,0.5,0,0,
603,0,0,1,46,0,0,0,0,0,0,0.316963696305525,0.679730840277487,0.5,0,0,
604,0,0,1,46,0,0,0,0,0,0,0.352181884783916,0.755256489197208,0.5,0,0,
605,0,0,1,46,0,0,0,0,0,0,0.387400073262308,0.830782138116929,0.5,0,0,
606,0,0,1,46,0,0,0,0,0,0,0.291666666666667,0.505181485540922,0.5,0,0,
607,0,0,1,46,0,0,0,0,0,0,0.333333333333333,0.577350269189626,0.5,0,0,
608,0,0,1,46,0,0,0,0,0,0,0.375,0.649519052838329,0.5,0,0,
609,0,0,1,46,0,0,0,0,0,0,0.416666666666667,0.721687836487032,0.5,0,0,
610,0,0,1,46,0,0,0,0,0,0,0.458333333333333,0.793856620135735,0.5,0,0,
611,0,0,1,46,0,0,0,0,0,0,0.33458625453811,0.477838692501912,0.5,0,0,
612,0,0,1,46,0,0,0,0,0,0,0.382384290900697,0.546101362859328,0.5,0,0,
613,0,0,1,46,0,0,0,0,0,0,0.430182327263285,0.614364033216744,0.5,0,0,
614,0,0,1,46,0,0,0,0,0,0,0.477980363625872,0.68262670357416,0.5,0,0,
615,0,0,1,46,0,0,0,0,0,0,0.525778399988459,0.750889373931576,0.5,0,0,
616,0,0,1,46,0,0,0,0,0,0,0.374959438983815,0.446859258486071,0.5,0,0,
617,0,0,1,46,0,0,0,0,0,0,0.42852507312436,0.510696295412652,0.5,0,0,
618,0,0,1,46,0,0,0,0,0,0,0.482090707264904,0.574533332339234,0.5,0,0,
619,0,0,1,46,0,0,0,0,0,0,0.535656341405449,0.638370369265815,0.5,0,0,
620,0,0,1,46,0,0,0,0,0,0,0.589221975545994,0.702207406192396,0.5,0,0,
621,0,0,1,46,0,0,0,0,0,0,0.412478955692153,0.412478955692153,0.5,0,0,
622,0,0,1,46,0,0,0,0,0,0,0.471404520791032,0.471404520791032,0.5,0,0,
623,0,0,1,46,0,0,0,0,0,0,0.530330085889911,0.53033008588991,0.5,0,0,
624,0,0,1,46,0,0,0,0,0,0,0.58925565098879,0.58925565098879,0.5,0,0,
625,0,0,1,46,0,0,0,0,0,0,0.648181216087669,0.648181216087669,0.5,0,0,
626,0,0,1,46,0,0,0,0,0,0,0.446859258486071,0.374959438983815,0.5,0,0,
627,0,0,1,46,0,0,0,0,0,0,0.510696295412652,0.42852507312436,0.5,0,0,
628,0,0,1,46,0,0,0,0,0,0,0.574533332339234,0.482090707264904,0.5,0,0,
629,0,0,1,46,0,0,0,0,0,0,0.638370369265815,0.535656341405449,0.5,0,0,
630,0,0,1,46,0,0,0,0,0,0,0.702207406192397,0.589221975545994,0.5,0,0,
631,0,0,1,46,0,0,0,0,0,0,0.477838692501912,0.33458625453811,0.5,0,0,
632,0,0,1,46,0,0,0,0,0,0,0.546101362859328,0.382384290900697,0.5,0,0,
633,0,0,1,46,0,0,0,0,0,0,0.614364033216744,0.430182327263285,0.5,0,0,
634,0,0,1,46,0,0,0,0,0,0,0.68262670357416,0.477980363625872,0.5,0,0,
635,0,0,1,46,0,0,0,0,0,0,0.750889373931576,0.525778399988459,0.5,0,0,
636,0,0,1,46,0,0,0,0,0,0,0.505181485540923,0.291666666666667,0.5,0,0,
637,0,0,1,46,0,0,0,0,0,0,0.577350269189626,0.333333333333333,0.5,0,0,
638,0,0,1,46,0,0,0,0,0,0,0.649519052838329,0.375,0.5,0,0,
639,0,0,1,46,0,0,0,0,0,0,0.721687836487032,0.416666666666667,0.5,0,0,
640,0,0,1,46,0,0,0,0,0,0,0.793856620135735,0.458333333333333,0.5,0,0,
641,0,0,1,46,0,0,0,0,0,0,0.528679542438046,0.246527319348741,0.5,0,0,
642,0,0,1,46,0,0,0,0,0,0,0.604205191357767,0.281745507827133,0.5,0,0,
643,0,0,1,46,0,0,0,0,0,0,0.679730840277488,0.316963696305525,0.5,0,0,
644,0,0,1,46,0,0,0,0,0,0,0.755256489197208,0.352181884783916,0.5,0,0,
645,0,0,1,46,0,0,0,0,0,0,0.830782138116929,0.387400073262308,0.5,0,0,
646,0,0,1,46,0,0,0,0,0,0,0.54815402879178,0.199511750273307,0.5,0,0,
647,0,0,1,46,0,0,0,0,0,0,0.626461747190606,0.228013428883779,0.5,0,0,
648,0,0,1,46,0,0,0,0,0,0,0.704769465589431,0.256515107494251,0.5,0,0,
649,0,0,1,46,0,0,0,0,0,0,0.783077183988257,0.285016786104724,0.5,0,0,
650,0,0,1,46,0,0,0,0,0,0,0.861384902387083,0.313518464715196,0.5,0,0,
651,0,0,1,46,0,0,0,0,0,0,0.563456732001957,0.150977776309804,0.5,0,0,
652,0,0,1,46,0,0,0,0,0,0,0.643950550859379,0.172546030068347,0.5,0,0,
653,0,0,1,46,0,0,0,0,0,0,0.724444369716801,0.194114283826891,0.5,0,0,
654,0,0,1,46,0,0,0,0,0,0,0.804938188574224,0.215682537585434,0.5,0,0,
655,0,0,1,46,0,0,0,0,0,0,0.885432007431646,0.237250791343977,0.5,0,0,
656,0,0,1,46,0,0,0,0,0,0,0.574471189257121,0.101294770305709,0.5,0,0,
657,0,0,1,46,0,0,0,0,0,0,0.656538502008139,0.115765451777954,0.5,0,0,
658,0,0,1,46,0,0,0,0,0,0,0.738605814759156,0.130236133250198,0.5,0,0,
659,0,0,1,46,0,0,0,0,0,0,0.820673127510173,0.144706814722442,0.5,0,0,
660,0,0,1,46,0,0,0,0,0,0,0.902740440261191,0.159177496194686,0.5,0,0,
661,0,0,1,46,0,0,0,0,0,0,0.581113573886852,0.0508408499361339,0.5,0,0,
662,0,0,1,46,0,0,0,0,0,0,0.66412979872783,0.0581038284984388,0.5,0,0,
663,0,0,1,46,0,0,0,0,0,0,0.747146023568809,0.0653668070607436,0.5,0,0,
664,0,0,1,46,0,0,0,0,0,0,0.830162248409788,0.0726297856230485,0.5,0,0,
665,0,0,1,46,0,0,0,0,0,0,0.913178473250767,0.0798927641853533,0.5,0,0,
   -1
   -1
   404
1,124,11,17,4,1,0,0,0,0,0,0,0,
314,48,1,267,0,0,0,0,0,0,
0,0,0,0,0,0,0,0,0,0,
0.,0.,0.,0,0,0,0,0,0,
0.,0.,0.,
0.,0.,0.,
0,0,0,0,0,0,0,0,0,0,0,0,0,0,0,0,
2,124,11,17,4,1,0,0,0,0,0,0,0,
313,47,48,314,0,0,0,0,0,0,
0,0,0,0,0,0,0,0,0,0,
0.,0.,0.,0,0,0,0,0,0,
0.,0.,0.,
0.,0.,0.,
0,0,0,0,0,0,0,0,0,0,0,0,0,0,0,0,
3,124,11,17,4,1,0,0,0,0,0,0,0,
312,46,47,313,0,0,0,0,0,0,
0,0,0,0,0,0,0,0,0,0,
0.,0.,0.,0,0,0,0,0,0,
0.,0.,0.,
0.,0.,0.,
0,0,0,0,0,0,0,0,0,0,0,0,0,0,0,0,
4,124,11,17,4,1,0,0,0,0,0,0,0,
311,45,46,312,0,0,0,0,0,0,
0,0,0,0,0,0,0,0,0,0,
0.,0.,0.,0,0,0,0,0,0,
0.,0.,0.,
0.,0.,0.,
0,0,0,0,0,0,0,0,0,0,0,0,0,0,0,0,
5,124,11,17,4,1,0,0,0,0,0,0,0,
310,44,45,311,0,0,0,0,0,0,
0,0,0,0,0,0,0,0,0,0,
0.,0.,0.,0,0,0,0,0,0,
0.,0.,0.,
0.,0.,0.,
0,0,0,0,0,0,0,0,0,0,0,0,0,0,0,0,
6,124,11,17,4,1,0,0,0,0,0,0,0,
309,43,44,310,0,0,0,0,0,0,
0,0,0,0,0,0,0,0,0,0,
0.,0.,0.,0,0,0,0,0,0,
0.,0.,0.,
0.,0.,0.,
0,0,0,0,0,0,0,0,0,0,0,0,0,0,0,0,
7,124,11,17,4,1,0,0,0,0,0,0,0,
308,42,43,309,0,0,0,0,0,0,
0,0,0,0,0,0,0,0,0,0,
0.,0.,0.,0,0,0,0,0,0,
0.,0.,0.,
0.,0.,0.,
0,0,0,0,0,0,0,0,0,0,0,0,0,0,0,0,
8,124,11,17,4,1,0,0,0,0,0,0,0,
307,41,42,308,0,0,0,0,0,0,
0,0,0,0,0,0,0,0,0,0,
0.,0.,0.,0,0,0,0,0,0,
0.,0.,0.,
0.,0.,0.,
0,0,0,0,0,0,0,0,0,0,0,0,0,0,0,0,
9,124,11,17,4,1,0,0,0,0,0,0,0,
306,40,41,307,0,0,0,0,0,0,
0,0,0,0,0,0,0,0,0,0,
0.,0.,0.,0,0,0,0,0,0,
0.,0.,0.,
0.,0.,0.,
0,0,0,0,0,0,0,0,0,0,0,0,0,0,0,0,
10,124,11,17,4,1,0,0,0,0,0,0,0,
305,39,40,306,0,0,0,0,0,0,
0,0,0,0,0,0,0,0,0,0,
0.,0.,0.,0,0,0,0,0,0,
0.,0.,0.,
0.,0.,0.,
0,0,0,0,0,0,0,0,0,0,0,0,0,0,0,0,
11,124,11,17,4,1,0,0,0,0,0,0,0,
304,38,39,305,0,0,0,0,0,0,
0,0,0,0,0,0,0,0,0,0,
0.,0.,0.,0,0,0,0,0,0,
0.,0.,0.,
0.,0.,0.,
0,0,0,0,0,0,0,0,0,0,0,0,0,0,0,0,
12,124,11,17,4,1,0,0,0,0,0,0,0,
303,37,38,304,0,0,0,0,0,0,
0,0,0,0,0,0,0,0,0,0,
0.,0.,0.,0,0,0,0,0,0,
0.,0.,0.,
0.,0.,0.,
0,0,0,0,0,0,0,0,0,0,0,0,0,0,0,0,
13,124,11,17,4,1,0,0,0,0,0,0,0,
302,36,37,303,0,0,0,0,0,0,
0,0,0,0,0,0,0,0,0,0,
0.,0.,0.,0,0,0,0,0,0,
0.,0.,0.,
0.,0.,0.,
0,0,0,0,0,0,0,0,0,0,0,0,0,0,0,0,
14,124,11,17,4,1,0,0,0,0,0,0,0,
301,35,36,302,0,0,0,0,0,0,
0,0,0,0,0,0,0,0,0,0,
0.,0.,0.,0,0,0,0,0,0,
0.,0.,0.,
0.,0.,0.,
0,0,0,0,0,0,0,0,0,0,0,0,0,0,0,0,
15,124,11,17,4,1,0,0,0,0,0,0,0,
300,34,35,301,0,0,0,0,0,0,
0,0,0,0,0,0,0,0,0,0,
0.,0.,0.,0,0,0,0,0,0,
0.,0.,0.,
0.,0.,0.,
0,0,0,0,0,0,0,0,0,0,0,0,0,0,0,0,
16,124,11,17,4,1,0,0,0,0,0,0,0,
299,33,34,300,0,0,0,0,0,0,
0,0,0,0,0,0,0,0,0,0,
0.,0.,0.,0,0,0,0,0,0,
0.,0.,0.,
0.,0.,0.,
0,0,0,0,0,0,0,0,0,0,0,0,0,0,0,0,
17,124,11,17,4,1,0,0,0,0,0,0,0,
298,32,33,299,0,0,0,0,0,0,
0,0,0,0,0,0,0,0,0,0,
0.,0.,0.,0,0,0,0,0,0,
0.,0.,0.,
0.,0.,0.,
0,0,0,0,0,0,0,0,0,0,0,0,0,0,0,0,
18,124,11,17,4,1,0,0,0,0,0,0,0,
297,31,32,298,0,0,0,0,0,0,
0,0,0,0,0,0,0,0,0,0,
0.,0.,0.,0,0,0,0,0,0,
0.,0.,0.,
0.,0.,0.,
0,0,0,0,0,0,0,0,0,0,0,0,0,0,0,0,
19,124,11,17,4,1,0,0,0,0,0,0,0,
447,314,267,400,0,0,0,0,0,0,
0,0,0,0,0,0,0,0,0,0,
0.,0.,0.,0,0,0,0,0,0,
0.,0.,0.,
0.,0.,0.,
0,0,0,0,0,0,0,0,0,0,0,0,0,0,0,0,
20,124,11,17,4,1,0,0,0,0,0,0,0,
446,313,314,447,0,0,0,0,0,0,
0,0,0,0,0,0,0,0,0,0,
0.,0.,0.,0,0,0,0,0,0,
0.,0.,0.,
0.,0.,0.,
0,0,0,0,0,0,0,0,0,0,0,0,0,0,0,0,
21,124,11,17,4,1,0,0,0,0,0,0,0,
445,312,313,446,0,0,0,0,0,0,
0,0,0,0,0,0,0,0,0,0,
0.,0.,0.,0,0,0,0,0,0,
0.,0.,0.,
0.,0.,0.,
0,0,0,0,0,0,0,0,0,0,0,0,0,0,0,0,
22,124,11,17,4,1,0,0,0,0,0,0,0,
444,311,312,445,0,0,0,0,0,0,
0,0,0,0,0,0,0,0,0,0,
0.,0.,0.,0,0,0,0,0,0,
0.,0.,0.,
0.,0.,0.,
0,0,0,0,0,0,0,0,0,0,0,0,0,0,0,0,
23,124,11,17,4,1,0,0,0,0,0,0,0,
443,310,311,444,0,0,0,0,0,0,
0,0,0,0,0,0,0,0,0,0,
0.,0.,0.,0,0,0,0,0,0,
0.,0.,0.,
0.,0.,0.,
0,0,0,0,0,0,0,0,0,0,0,0,0,0,0,0,
24,124,11,17,4,1,0,0,0,0,0,0,0,
442,309,310,443,0,0,0,0,0,0,
0,0,0,0,0,0,0,0,0,0,
0.,0.,0.,0,0,0,0,0,0,
0.,0.,0.,
0.,0.,0.,
0,0,0,0,0,0,0,0,0,0,0,0,0,0,0,0,
25,124,11,17,4,1,0,0,0,0,0,0,0,
441,308,309,442,0,0,0,0,0,0,
0,0,0,0,0,0,0,0,0,0,
0.,0.,0.,0,0,0,0,0,0,
0.,0.,0.,
0.,0.,0.,
0,0,0,0,0,0,0,0,0,0,0,0,0,0,0,0,
26,124,11,17,4,1,0,0,0,0,0,0,0,
440,307,308,441,0,0,0,0,0,0,
0,0,0,0,0,0,0,0,0,0,
0.,0.,0.,0,0,0,0,0,0,
0.,0.,0.,
0.,0.,0.,
0,0,0,0,0,0,0,0,0,0,0,0,0,0,0,0,
27,124,11,17,4,1,0,0,0,0,0,0,0,
439,306,307,440,0,0,0,0,0,0,
0,0,0,0,0,0,0,0,0,0,
0.,0.,0.,0,0,0,0,0,0,
0.,0.,0.,
0.,0.,0.,
0,0,0,0,0,0,0,0,0,0,0,0,0,0,0,0,
28,124,11,17,4,1,0,0,0,0,0,0,0,
438,305,306,439,0,0,0,0,0,0,
0,0,0,0,0,0,0,0,0,0,
0.,0.,0.,0,0,0,0,0,0,
0.,0.,0.,
0.,0.,0.,
0,0,0,0,0,0,0,0,0,0,0,0,0,0,0,0,
29,124,11,17,4,1,0,0,0,0,0,0,0,
437,304,305,438,0,0,0,0,0,0,
0,0,0,0,0,0,0,0,0,0,
0.,0.,0.,0,0,0,0,0,0,
0.,0.,0.,
0.,0.,0.,
0,0,0,0,0,0,0,0,0,0,0,0,0,0,0,0,
30,124,11,17,4,1,0,0,0,0,0,0,0,
436,303,304,437,0,0,0,0,0,0,
0,0,0,0,0,0,0,0,0,0,
0.,0.,0.,0,0,0,0,0,0,
0.,0.,0.,
0.,0.,0.,
0,0,0,0,0,0,0,0,0,0,0,0,0,0,0,0,
31,124,11,17,4,1,0,0,0,0,0,0,0,
435,302,303,436,0,0,0,0,0,0,
0,0,0,0,0,0,0,0,0,0,
0.,0.,0.,0,0,0,0,0,0,
0.,0.,0.,
0.,0.,0.,
0,0,0,0,0,0,0,0,0,0,0,0,0,0,0,0,
32,124,11,17,4,1,0,0,0,0,0,0,0,
434,301,302,435,0,0,0,0,0,0,
0,0,0,0,0,0,0,0,0,0,
0.,0.,0.,0,0,0,0,0,0,
0.,0.,0.,
0.,0.,0.,
0,0,0,0,0,0,0,0,0,0,0,0,0,0,0,0,
33,124,11,17,4,1,0,0,0,0,0,0,0,
433,300,301,434,0,0,0,0,0,0,
0,0,0,0,0,0,0,0,0,0,
0.,0.,0.,0,0,0,0,0,0,
0.,0.,0.,
0.,0.,0.,
0,0,0,0,0,0,0,0,0,0,0,0,0,0,0,0,
34,124,11,17,4,1,0,0,0,0,0,0,0,
432,299,300,433,0,0,0,0,0,0,
0,0,0,0,0,0,0,0,0,0,
0.,0.,0.,0,0,0,0,0,0,
0.,0.,0.,
0.,0.,0.,
0,0,0,0,0,0,0,0,0,0,0,0,0,0,0,0,
35,124,11,17,4,1,0,0,0,0,0,0,0,
431,298,299,432,0,0,0,0,0,0,
0,0,0,0,0,0,0,0,0,0,
0.,0.,0.,0,0,0,0,0,0,
0.,0.,0.,
0.,0.,0.,
0,0,0,0,0,0,0,0,0,0,0,0,0,0,0,0,
36,124,11,17,4,1,0,0,0,0,0,0,0,
430,297,298,431,0,0,0,0,0,0,
0,0,0,0,0,0,0,0,0,0,
0.,0.,0.,0,0,0,0,0,0,
0.,0.,0.,
0.,0.,0.,
0,0,0,0,0,0,0,0,0,0,0,0,0,0,0,0,
37,124,11,17,4,1,0,0,0,0,0,0,0,
580,447,400,533,0,0,0,0,0,0,
0,0,0,0,0,0,0,0,0,0,
0.,0.,0.,0,0,0,0,0,0,
0.,0.,0.,
0.,0.,0.,
0,0,0,0,0,0,0,0,0,0,0,0,0,0,0,0,
38,124,11,17,4,1,0,0,0,0,0,0,0,
579,446,447,580,0,0,0,0,0,0,
0,0,0,0,0,0,0,0,0,0,
0.,0.,0.,0,0,0,0,0,0,
0.,0.,0.,
0.,0.,0.,
0,0,0,0,0,0,0,0,0,0,0,0,0,0,0,0,
39,124,11,17,4,1,0,0,0,0,0,0,0,
578,445,446,579,0,0,0,0,0,0,
0,0,0,0,0,0,0,0,0,0,
0.,0.,0.,0,0,0,0,0,0,
0.,0.,0.,
0.,0.,0.,
0,0,0,0,0,0,0,0,0,0,0,0,0,0,0,0,
40,124,11,17,4,1,0,0,0,0,0,0,0,
577,444,445,578,0,0,0,0,0,0,
0,0,0,0,0,0,0,0,0,0,
0.,0.,0.,0,0,0,0,0,0,
0.,0.,0.,
0.,0.,0.,
0,0,0,0,0,0,0,0,0,0,0,0,0,0,0,0,
41,124,11,17,4,1,0,0,0,0,0,0,0,
576,443,444,577,0,0,0,0,0,0,
0,0,0,0,0,0,0,0,0,0,
0.,0.,0.,0,0,0,0,0,0,
0.,0.,0.,
0.,0.,0.,
0,0,0,0,0,0,0,0,0,0,0,0,0,0,0,0,
42,124,11,17,4,1,0,0,0,0,0,0,0,
575,442,443,576,0,0,0,0,0,0,
0,0,0,0,0,0,0,0,0,0,
0.,0.,0.,0,0,0,0,0,0,
0.,0.,0.,
0.,0.,0.,
0,0,0,0,0,0,0,0,0,0,0,0,0,0,0,0,
43,124,11,17,4,1,0,0,0,0,0,0,0,
574,441,442,575,0,0,0,0,0,0,
0,0,0,0,0,0,0,0,0,0,
0.,0.,0.,0,0,0,0,0,0,
0.,0.,0.,
0.,0.,0.,
0,0,0,0,0,0,0,0,0,0,0,0,0,0,0,0,
44,124,11,17,4,1,0,0,0,0,0,0,0,
573,440,441,574,0,0,0,0,0,0,
0,0,0,0,0,0,0,0,0,0,
0.,0.,0.,0,0,0,0,0,0,
0.,0.,0.,
0.,0.,0.,
0,0,0,0,0,0,0,0,0,0,0,0,0,0,0,0,
45,124,11,17,4,1,0,0,0,0,0,0,0,
572,439,440,573,0,0,0,0,0,0,
0,0,0,0,0,0,0,0,0,0,
0.,0.,0.,0,0,0,0,0,0,
0.,0.,0.,
0.,0.,0.,
0,0,0,0,0,0,0,0,0,0,0,0,0,0,0,0,
46,124,11,17,4,1,0,0,0,0,0,0,0,
571,438,439,572,0,0,0,0,0,0,
0,0,0,0,0,0,0,0,0,0,
0.,0.,0.,0,0,0,0,0,0,
0.,0.,0.,
0.,0.,0.,
0,0,0,0,0,0,0,0,0,0,0,0,0,0,0,0,
47,124,11,17,4,1,0,0,0,0,0,0,0,
570,437,438,571,0,0,0,0,0,0,
0,0,0,0,0,0,0,0,0,0,
0.,0.,0.,0,0,0,0,0,0,
0.,0.,0.,
0.,0.,0.,
0,0,0,0,0,0,0,0,0,0,0,0,0,0,0,0,
48,124,11,17,4,1,0,0,0,0,0,0,0,
569,436,437,570,0,0,0,0,0,0,
0,0,0,0,0,0,0,0,0,0,
0.,0.,0.,0,0,0,0,0,0,
0.,0.,0.,
0.,0.,0.,
0,0,0,0,0,0,0,0,0,0,0,0,0,0,0,0,
49,124,11,17,4,1,0,0,0,0,0,0,0,
568,435,436,569,0,0,0,0,0,0,
0,0,0,0,0,0,0,0,0,0,
0.,0.,0.,0,0,0,0,0,0,
0.,0.,0.,
0.,0.,0.,
0,0,0,0,0,0,0,0,0,0,0,0,0,0,0,0,
50,124,11,17,4,1,0,0,0,0,0,0,0,
567,434,435,568,0,0,0,0,0,0,
0,0,0,0,0,0,0,0,0,0,
0.,0.,0.,0,0,0,0,0,0,
0.,0.,0.,
0.,0.,0.,
0,0,0,0,0,0,0,0,0,0,0,0,0,0,0,0,
51,124,11,17,4,1,0,0,0,0,0,0,0,
566,433,434,567,0,0,0,0,0,0,
0,0,0,0,0,0,0,0,0,0,
0.,0.,0.,0,0,0,0,0,0,
0.,0.,0.,
0.,0.,0.,
0,0,0,0,0,0,0,0,0,0,0,0,0,0,0,0,
52,124,11,17,4,1,0,0,0,0,0,0,0,
565,432,433,566,0,0,0,0,0,0,
0,0,0,0,0,0,0,0,0,0,
0.,0.,0.,0,0,0,0,0,0,
0.,0.,0.,
0.,0.,0.,
0,0,0,0,0,0,0,0,0,0,0,0,0,0,0,0,
53,124,11,17,4,1,0,0,0,0,0,0,0,
564,431,432,565,0,0,0,0,0,0,
0,0,0,0,0,0,0,0,0,0,
0.,0.,0.,0,0,0,0,0,0,
0.,0.,0.,
0.,0.,0.,
0,0,0,0,0,0,0,0,0,0,0,0,0,0,0,0,
54,124,11,17,4,1,0,0,0,0,0,0,0,
563,430,431,564,0,0,0,0,0,0,
0,0,0,0,0,0,0,0,0,0,
0.,0.,0.,0,0,0,0,0,0,
0.,0.,0.,
0.,0.,0.,
0,0,0,0,0,0,0,0,0,0,0,0,0,0,0,0,
55,124,12,17,4,1,0,0,0,0,0,0,0,
273,7,8,274,0,0,0,0,0,0,
0,0,0,0,0,0,0,0,0,0,
0.,0.,0.,0,0,0,0,0,0,
0.,0.,0.,
0.,0.,0.,
0,0,0,0,0,0,0,0,0,0,0,0,0,0,0,0,
56,124,12,17,4,1,0,0,0,0,0,0,0,
274,8,9,275,0,0,0,0,0,0,
0,0,0,0,0,0,0,0,0,0,
0.,0.,0.,0,0,0,0,0,0,
0.,0.,0.,
0.,0.,0.,
0,0,0,0,0,0,0,0,0,0,0,0,0,0,0,0,
57,124,12,17,4,1,0,0,0,0,0,0,0,
275,9,10,276,0,0,0,0,0,0,
0,0,0,0,0,0,0,0,0,0,
0.,0.,0.,0,0,0,0,0,0,
0.,0.,0.,
0.,0.,0.,
0,0,0,0,0,0,0,0,0,0,0,0,0,0,0,0,
58,124,12,17,4,1,0,0,0,0,0,0,0,
276,10,11,277,0,0,0,0,0,0,
0,0,0,0,0,0,0,0,0,0,
0.,0.,0.,0,0,0,0,0,0,
0.,0.,0.,
0.,0.,0.,
0,0,0,0,0,0,0,0,0,0,0,0,0,0,0,0,
59,124,12,17,4,1,0,0,0,0,0,0,0,
277,11,12,278,0,0,0,0,0,0,
0,0,0,0,0,0,0,0,0,0,
0.,0.,0.,0,0,0,0,0,0,
0.,0.,0.,
0.,0.,0.,
0,0,0,0,0,0,0,0,0,0,0,0,0,0,0,0,
60,124,12,17,4,1,0,0,0,0,0,0,0,
278,12,13,279,0,0,0,0,0,0,
0,0,0,0,0,0,0,0,0,0,
0.,0.,0.,0,0,0,0,0,0,
0.,0.,0.,
0.,0.,0.,
0,0,0,0,0,0,0,0,0,0,0,0,0,0,0,0,
61,124,12,17,4,1,0,0,0,0,0,0,0,
279,13,14,280,0,0,0,0,0,0,
0,0,0,0,0,0,0,0,0,0,
0.,0.,0.,0,0,0,0,0,0,
0.,0.,0.,
0.,0.,0.,
0,0,0,0,0,0,0,0,0,0,0,0,0,0,0,0,
62,124,12,17,4,1,0,0,0,0,0,0,0,
280,14,15,281,0,0,0,0,0,0,
0,0,0,0,0,0,0,0,0,0,
0.,0.,0.,0,0,0,0,0,0,
0.,0.,0.,
0.,0.,0.,
0,0,0,0,0,0,0,0,0,0,0,0,0,0,0,0,
63,124,12,17,4,1,0,0,0,0,0,0,0,
281,15,16,282,0,0,0,0,0,0,
0,0,0,0,0,0,0,0,0,0,
0.,0.,0.,0,0,0,0,0,0,
0.,0.,0.,
0.,0.,0.,
0,0,0,0,0,0,0,0,0,0,0,0,0,0,0,0,
64,124,12,17,4,1,0,0,0,0,0,0,0,
282,16,17,283,0,0,0,0,0,0,
0,0,0,0,0,0,0,0,0,0,
0.,0.,0.,0,0,0,0,0,0,
0.,0.,0.,
0.,0.,0.,
0,0,0,0,0,0,0,0,0,0,0,0,0,0,0,0,
65,124,12,17,4,1,0,0,0,0,0,0,0,
283,17,18,284,0,0,0,0,0,0,
0,0,0,0,0,0,0,0,0,0,
0.,0.,0.,0,0,0,0,0,0,
0.,0.,0.,
0.,0.,0.,
0,0,0,0,0,0,0,0,0,0,0,0,0,0,0,0,
66,124,12,17,4,1,0,0,0,0,0,0,0,
284,18,19,285,0,0,0,0,0,0,
0,0,0,0,0,0,0,0,0,0,
0.,0.,0.,0,0,0,0,0,0,
0.,0.,0.,
0.,0.,0.,
0,0,0,0,0,0,0,0,0,0,0,0,0,0,0,0,
67,124,12,17,4,1,0,0,0,0,0,0,0,
285,19,20,286,0,0,0,0,0,0,
0,0,0,0,0,0,0,0,0,0,
0.,0.,0.,0,0,0,0,0,0,
0.,0.,0.,
0.,0.,0.,
0,0,0,0,0,0,0,0,0,0,0,0,0,0,0,0,
68,124,12,17,4,1,0,0,0,0,0,0,0,
286,20,21,287,0,0,0,0,0,0,
0,0,0,0,0,0,0,0,0,0,
0.,0.,0.,0,0,0,0,0,0,
0.,0.,0.,
0.,0.,0.,
0,0,0,0,0,0,0,0,0,0,0,0,0,0,0,0,
69,124,12,17,4,1,0,0,0,0,0,0,0,
287,21,22,288,0,0,0,0,0,0,
0,0,0,0,0,0,0,0,0,0,
0.,0.,0.,0,0,0,0,0,0,
0.,0.,0.,
0.,0.,0.,
0,0,0,0,0,0,0,0,0,0,0,0,0,0,0,0,
70,124,12,17,4,1,0,0,0,0,0,0,0,
288,22,23,289,0,0,0,0,0,0,
0,0,0,0,0,0,0,0,0,0,
0.,0.,0.,0,0,0,0,0,0,
0.,0.,0.,
0.,0.,0.,
0,0,0,0,0,0,0,0,0,0,0,0,0,0,0,0,
71,124,12,17,4,1,0,0,0,0,0,0,0,
289,23,24,290,0,0,0,0,0,0,
0,0,0,0,0,0,0,0,0,0,
0.,0.,0.,0,0,0,0,0,0,
0.,0.,0.,
0.,0.,0.,
0,0,0,0,0,0,0,0,0,0,0,0,0,0,0,0,
72,124,12,17,4,1,0,0,0,0,0,0,0,
290,24,25,291,0,0,0,0,0,0,
0,0,0,0,0,0,0,0,0,0,
0.,0.,0.,0,0,0,0,0,0,
0.,0.,0.,
0.,0.,0.,
0,0,0,0,0,0,0,0,0,0,0,0,0,0,0,0,
73,124,12,17,4,1,0,0,0,0,0,0,0,
406,273,274,407,0,0,0,0,0,0,
0,0,0,0,0,0,0,0,0,0,
0.,0.,0.,0,0,0,0,0,0,
0.,0.,0.,
0.,0.,0.,
0,0,0,0,0,0,0,0,0,0,0,0,0,0,0,0,
74,124,12,17,4,1,0,0,0,0,0,0,0,
407,274,275,408,0,0,0,0,0,0,
0,0,0,0,0,0,0,0,0,0,
0.,0.,0.,0,0,0,0,0,0,
0.,0.,0.,
0.,0.,0.,
0,0,0,0,0,0,0,0,0,0,0,0,0,0,0,0,
75,124,12,17,4,1,0,0,0,0,0,0,0,
408,275,276,409,0,0,0,0,0,0,
0,0,0,0,0,0,0,0,0,0,
0.,0.,0.,0,0,0,0,0,0,
0.,0.,0.,
0.,0.,0.,
0,0,0,0,0,0,0,0,0,0,0,0,0,0,0,0,
76,124,12,17,4,1,0,0,0,0,0,0,0,
409,276,277,410,0,0,0,0,0,0,
0,0,0,0,0,0,0,0,0,0,
0.,0.,0.,0,0,0,0,0,0,
0.,0.,0.,
0.,0.,0.,
0,0,0,0,0,0,0,0,0,0,0,0,0,0,0,0,
77,124,12,17,4,1,0,0,0,0,0,0,0,
410,277,278,411,0,0,0,0,0,0,
0,0,0,0,0,0,0,0,0,0,
0.,0.,0.,0,0,0,0,0,0,
0.,0.,0.,
0.,0.,0.,
0,0,0,0,0,0,0,0,0,0,0,0,0,0,0,0,
78,124,12,17,4,1,0,0,0,0,0,0,0,
411,278,279,412,0,0,0,0,0,0,
0,0,0,0,0,0,0,0,0,0,
0.,0.,0.,0,0,0,0,0,0,
0.,0.,0.,
0.,0.,0.,
0,0,0,0,0,0,0,0,0,0,0,0,0,0,0,0,
79,124,12,17,4,1,0,0,0,0,0,0,0,
412,279,280,413,0,0,0,0,0,0,
0,0,0,0,0,0,0,0,0,0,
0.,0.,0.,0,0,0,0,0,0,
0.,0.,0.,
0.,0.,0.,
0,0,0,0,0,0,0,0,0,0,0,0,0,0,0,0,
80,124,12,17,4,1,0,0,0,0,0,0,0,
413,280,281,414,0,0,0,0,0,0,
0,0,0,0,0,0,0,0,0,0,
0.,0.,0.,0,0,0,0,0,0,
0.,0.,0.,
0.,0.,0.,
0,0,0,0,0,0,0,0,0,0,0,0,0,0,0,0,
81,124,12,17,4,1,0,0,0,0,0,0,0,
414,281,282,415,0,0,0,0,0,0,
0,0,0,0,0,0,0,0,0,0,
0.,0.,0.,0,0,0,0,0,0,
0.,0.,0.,
0.,0.,0.,
0,0,0,0,0,0,0,0,0,0,0,0,0,0,0,0,
82,124,12,17,4,1,0,0,0,0,0,0,0,
415,282,283,416,0,0,0,0,0,0,
0,0,0,0,0,0,0,0,0,0,
0.,0.,0.,0,0,0,0,0,0,
0.,0.,0.,
0.,0.,0.,
0,0,0,0,0,0,0,0,0,0,0,0,0,0,0,0,
83,124,12,17,4,1,0,0,0,0,0,0,0,
416,283,284,417,0,0,0,0,0,0,
0,0,0,0,0,0,0,0,0,0,
0.,0.,0.,0,0,0,0,0,0,
0.,0.,0.,
0.,0.,0.,
0,0,0,0,0,0,0,0,0,0,0,0,0,0,0,0,
84,124,12,17,4,1,0,0,0,0,0,0,0,
417,284,285,418,0,0,0,0,0,0,
0,0,0,0,0,0,0,0,0,0,
0.,0.,0.,0,0,0,0,0,0,
0.,0.,0.,
0.,0.,0.,
0,0,0,0,0,0,0,0,0,0,0,0,0,0,0,0,
85,124,12,17,4,1,0,0,0,0,0,0,0,
418,285,286,419,0,0,0,0,0,0,
0,0,0,0,0,0,0,0,0,0,
0.,0.,0.,0,0,0,0,0,0,
0.,0.,0.,
0.,0.,0.,
0,0,0,0,0,0,0,0,0,0,0,0,0,0,0,0,
86,124,12,17,4,1,0,0,0,0,0,0,0,
419,286,287,420,0,0,0,0,0,0,
0,0,0,0,0,0,0,0,0,0,
0.,0.,0.,0,0,0,0,0,0,
0.,0.,0.,
0.,0.,0.,
0,0,0,0,0,0,0,0,0,0,0,0,0,0,0,0,
87,124,12,17,4,1,0,0,0,0,0,0,0,
420,287,288,421,0,0,0,0,0,0,
0,0,0,0,0,0,0,0,0,0,
0.,0.,0.,0,0,0,0,0,0,
0.,0.,0.,
0.,0.,0.,
0,0,0,0,0,0,0,0,0,0,0,0,0,0,0,0,
88,124,12,17,4,1,0,0,0,0,0,0,0,
421,288,289,422,0,0,0,0,0,0,
0,0,0,0,0,0,0,0,0,0,
0.,0.,0.,0,0,0,0,0,0,
0.,0.,0.,
0.,0.,0.,
0,0,0,0,0,0,0,0,0,0,0,0,0,0,0,0,
89,124,12,17,4,1,0,0,0,0,0,0,0,
422,289,290,423,0,0,0,0,0,0,
0,0,0,0,0,0,0,0,0,0,
0.,0.,0.,0,0,0,0,0,0,
0.,0.,0.,
0.,0.,0.,
0,0,0,0,0,0,0,0,0,0,0,0,0,0,0,0,
90,124,12,17,4,1,0,0,0,0,0,0,0,
423,290,291,424,0,0,0,0,0,0,
0,0,0,0,0,0,0,0,0,0,
0.,0.,0.,0,0,0,0,0,0,
0.,0.,0.,
0.,0.,0.,
0,0,0,0,0,0,0,0,0,0,0,0,0,0,0,0,
91,124,12,17,4,1,0,0,0,0,0,0,0,
539,406,407,540,0,0,0,0,0,0,
0,0,0,0,0,0,0,0,0,0,
0.,0.,0.,0,0,0,0,0,0,
0.,0.,0.,
0.,0.,0.,
0,0,0,0,0,0,0,0,0,0,0,0,0,0,0,0,
92,124,12,17,4,1,0,0,0,0,0,0,0,
540,407,408,541,0,0,0,0,0,0,
0,0,0,0,0,0,0,0,0,0,
0.,0.,0.,0,0,0,0,0,0,
0.,0.,0.,
0.,0.,0.,
0,0,0,0,0,0,0,0,0,0,0,0,0,0,0,0,
93,124,12,17,4,1,0,0,0,0,0,0,0,
541,408,409,542,0,0,0,0,0,0,
0,0,0,0,0,0,0,0,0,0,
0.,0.,0.,0,0,0,0,0,0,
0.,0.,0.,
0.,0.,0.,
0,0,0,0,0,0,0,0,0,0,0,0,0,0,0,0,
94,124,12,17,4,1,0,0,0,0,0,0,0,
542,409,410,543,0,0,0,0,0,0,
0,0,0,0,0,0,0,0,0,0,
0.,0.,0.,0,0,0,0,0,0,
0.,0.,0.,
0.,0.,0.,
0,0,0,0,0,0,0,0,0,0,0,0,0,0,0,0,
95,124,12,17,4,1,0,0,0,0,0,0,0,
543,410,411,544,0,0,0,0,0,0,
0,0,0,0,0,0,0,0,0,0,
0.,0.,0.,0,0,0,0,0,0,
0.,0.,0.,
0.,0.,0.,
0,0,0,0,0,0,0,0,0,0,0,0,0,0,0,0,
96,124,12,17,4,1,0,0,0,0,0,0,0,
544,411,412,545,0,0,0,0,0,0,
0,0,0,0,0,0,0,0,0,0,
0.,0.,0.,0,0,0,0,0,0,
0.,0.,0.,
0.,0.,0.,
0,0,0,0,0,0,0,0,0,0,0,0,0,0,0,0,
97,124,12,17,4,1,0,0,0,0,0,0,0,
545,412,413,546,0,0,0,0,0,0,
0,0,0,0,0,0,0,0,0,0,
0.,0.,0.,0,0,0,0,0,0,
0.,0.,0.,
0.,0.,0.,
0,0,0,0,0,0,0,0,0,0,0,0,0,0,0,0,
98,124,12,17,4,1,0,0,0,0,0,0,0,
546,413,414,547,0,0,0,0,0,0,
0,0,0,0,0,0,0,0,0,0,
0.,0.,0.,0,0,0,0,0,0,
0.,0.,0.,
0.,0.,0.,
0,0,0,0,0,0,0,0,0,0,0,0,0,0,0,0,
99,124,12,17,4,1,0,0,0,0,0,0,0,
547,414,415,548,0,0,0,0,0,0,
0,0,0,0,0,0,0,0,0,0,
0.,0.,0.,0,0,0,0,0,0,
0.,0.,0.,
0.,0.,0.,
0,0,0,0,0,0,0,0,0,0,0,0,0,0,0,0,
100,124,12,17,4,1,0,0,0,0,0,0,0,
548,415,416,549,0,0,0,0,0,0,
0,0,0,0,0,0,0,0,0,0,
0.,0.,0.,0,0,0,0,0,0,
0.,0.,0.,
0.,0.,0.,
0,0,0,0,0,0,0,0,0,0,0,0,0,0,0,0,
101,124,12,17,4,1,0,0,0,0,0,0,0,
549,416,417,550,0,0,0,0,0,0,
0,0,0,0,0,0,0,0,0,0,
0.,0.,0.,0,0,0,0,0,0,
0.,0.,0.,
0.,0.,0.,
0,0,0,0,0,0,0,0,0,0,0,0,0,0,0,0,
102,124,12,17,4,1,0,0,0,0,0,0,0,
550,417,418,551,0,0,0,0,0,0,
0,0,0,0,0,0,0,0,0,0,
0.,0.,0.,0,0,0,0,0,0,
0.,0.,0.,
0.,0.,0.,
0,0,0,0,0,0,0,0,0,0,0,0,0,0,0,0,
103,124,12,17,4,1,0,0,0,0,0,0,0,
551,418,419,552,0,0,0,0,0,0,
0,0,0,0,0,0,0,0,0,0,
0.,0.,0.,0,0,0,0,0,0,
0.,0.,0.,
0.,0.,0.,
0,0,0,0,0,0,0,0,0,0,0,0,0,0,0,0,
104,124,12,17,4,1,0,0,0,0,0,0,0,
552,419,420,553,0,0,0,0,0,0,
0,0,0,0,0,0,0,0,0,0,
0.,0.,0.,0,0,0,0,0,0,
0.,0.,0.,
0.,0.,0.,
0,0,0,0,0,0,0,0,0,0,0,0,0,0,0,0,
105,124,12,17,4,1,0,0,0,0,0,0,0,
553,420,421,554,0,0,0,0,0,0,
0,0,0,0,0,0,0,0,0,0,
0.,0.,0.,0,0,0,0,0,0,
0.,0.,0.,
0.,0.,0.,
0,0,0,0,0,0,0,0,0,0,0,0,0,0,0,0,
106,124,12,17,4,1,0,0,0,0,0,0,0,
554,421,422,555,0,0,0,0,0,0,
0,0,0,0,0,0,0,0,0,0,
0.,0.,0.,0,0,0,0,0,0,
0.,0.,0.,
0.,0.,0.,
0,0,0,0,0,0,0,0,0,0,0,0,0,0,0,0,
107,124,12,17,4,1,0,0,0,0,0,0,0,
555,422,423,556,0,0,0,0,0,0,
0,0,0,0,0,0,0,0,0,0,
0.,0.,0.,0,0,0,0,0,0,
0.,0.,0.,
0.,0.,0.,
0,0,0,0,0,0,0,0,0,0,0,0,0,0,0,0,
108,124,12,17,4,1,0,0,0,0,0,0,0,
556,423,424,557,0,0,0,0,0,0,
0,0,0,0,0,0,0,0,0,0,
0.,0.,0.,0,0,0,0,0,0,
0.,0.,0.,
0.,0.,0.,
0,0,0,0,0,0,0,0,0,0,0,0,0,0,0,0,
109,124,1,25,8,1,0,0,0,0,0,0,0,
267,268,315,314,1,2,49,48,0,0,
0,0,0,0,0,0,0,0,0,0,
0.,0.,0.,0,0,0,0,0,0,
0.,0.,0.,
0.,0.,0.,
0,0,0,0,0,0,0,0,0,0,0,0,0,0,0,0,
110,124,1,25,8,1,0,0,0,0,0,0,0,
268,269,316,315,2,3,50,49,0,0,
0,0,0,0,0,0,0,0,0,0,
0.,0.,0.,0,0,0,0,0,0,
0.,0.,0.,
0.,0.,0.,
0,0,0,0,0,0,0,0,0,0,0,0,0,0,0,0,
111,124,2,25,8,1,0,0,0,0,0,0,0,
269,270,317,316,3,4,51,50,0,0,
0,0,0,0,0,0,0,0,0,0,
0.,0.,0.,0,0,0,0,0,0,
0.,0.,0.,
0.,0.,0.,
0,0,0,0,0,0,0,0,0,0,0,0,0,0,0,0,
112,124,2,25,8,1,0,0,0,0,0,0,0,
270,271,318,317,4,5,52,51,0,0,
0,0,0,0,0,0,0,0,0,0,
0.,0.,0.,0,0,0,0,0,0,
0.,0.,0.,
0.,0.,0.,
0,0,0,0,0,0,0,0,0,0,0,0,0,0,0,0,
113,124,2,25,8,1,0,0,0,0,0,0,0,
271,272,319,318,5,6,53,52,0,0,
0,0,0,0,0,0,0,0,0,0,
0.,0.,0.,0,0,0,0,0,0,
0.,0.,0.,
0.,0.,0.,
0,0,0,0,0,0,0,0,0,0,0,0,0,0,0,0,
114,124,2,25,8,1,0,0,0,0,0,0,0,
272,273,274,319,6,7,8,53,0,0,
0,0,0,0,0,0,0,0,0,0,
0.,0.,0.,0,0,0,0,0,0,
0.,0.,0.,
0.,0.,0.,
0,0,0,0,0,0,0,0,0,0,0,0,0,0,0,0,
115,124,1,25,8,1,0,0,0,0,0,0,0,
314,315,320,313,48,49,54,47,0,0,
0,0,0,0,0,0,0,0,0,0,
0.,0.,0.,0,0,0,0,0,0,
0.,0.,0.,
0.,0.,0.,
0,0,0,0,0,0,0,0,0,0,0,0,0,0,0,0,
116,124,1,25,8,1,0,0,0,0,0,0,0,
315,316,321,320,49,50,55,54,0,0,
0,0,0,0,0,0,0,0,0,0,
0.,0.,0.,0,0,0,0,0,0,
0.,0.,0.,
0.,0.,0.,
0,0,0,0,0,0,0,0,0,0,0,0,0,0,0,0,
117,124,2,25,8,1,0,0,0,0,0,0,0,
316,317,322,321,50,51,56,55,0,0,
0,0,0,0,0,0,0,0,0,0,
0.,0.,0.,0,0,0,0,0,0,
0.,0.,0.,
0.,0.,0.,
0,0,0,0,0,0,0,0,0,0,0,0,0,0,0,0,
118,124,2,25,8,1,0,0,0,0,0,0,0,
317,318,323,322,51,52,57,56,0,0,
0,0,0,0,0,0,0,0,0,0,
0.,0.,0.,0,0,0,0,0,0,
0.,0.,0.,
0.,0.,0.,
0,0,0,0,0,0,0,0,0,0,0,0,0,0,0,0,
119,124,2,25,8,1,0,0,0,0,0,0,0,
318,319,324,323,52,53,58,57,0,0,
0,0,0,0,0,0,0,0,0,0,
0.,0.,0.,0,0,0,0,0,0,
0.,0.,0.,
0.,0.,0.,
0,0,0,0,0,0,0,0,0,0,0,0,0,0,0,0,
120,124,2,25,8,1,0,0,0,0,0,0,0,
319,274,275,324,53,8,9,58,0,0,
0,0,0,0,0,0,0,0,0,0,
0.,0.,0.,0,0,0,0,0,0,
0.,0.,0.,
0.,0.,0.,
0,0,0,0,0,0,0,0,0,0,0,0,0,0,0,0,
121,124,1,25,8,1,0,0,0,0,0,0,0,
313,320,325,312,47,54,59,46,0,0,
0,0,0,0,0,0,0,0,0,0,
0.,0.,0.,0,0,0,0,0,0,
0.,0.,0.,
0.,0.,0.,
0,0,0,0,0,0,0,0,0,0,0,0,0,0,0,0,
122,124,1,25,8,1,0,0,0,0,0,0,0,
320,321,326,325,54,55,60,59,0,0,
0,0,0,0,0,0,0,0,0,0,
0.,0.,0.,0,0,0,0,0,0,
0.,0.,0.,
0.,0.,0.,
0,0,0,0,0,0,0,0,0,0,0,0,0,0,0,0,
123,124,2,25,8,1,0,0,0,0,0,0,0,
321,322,327,326,55,56,61,60,0,0,
0,0,0,0,0,0,0,0,0,0,
0.,0.,0.,0,0,0,0,0,0,
0.,0.,0.,
0.,0.,0.,
0,0,0,0,0,0,0,0,0,0,0,0,0,0,0,0,
124,124,2,25,8,1,0,0,0,0,0,0,0,
322,323,328,327,56,57,62,61,0,0,
0,0,0,0,0,0,0,0,0,0,
0.,0.,0.,0,0,0,0,0,0,
0.,0.,0.,
0.,0.,0.,
0,0,0,0,0,0,0,0,0,0,0,0,0,0,0,0,
125,124,2,25,8,1,0,0,0,0,0,0,0,
323,324,329,328,57,58,63,62,0,0,
0,0,0,0,0,0,0,0,0,0,
0.,0.,0.,0,0,0,0,0,0,
0.,0.,0.,
0.,0.,0.,
0,0,0,0,0,0,0,0,0,0,0,0,0,0,0,0,
126,124,2,25,8,1,0,0,0,0,0,0,0,
324,275,276,329,58,9,10,63,0,0,
0,0,0,0,0,0,0,0,0,0,
0.,0.,0.,0,0,0,0,0,0,
0.,0.,0.,
0.,0.,0.,
0,0,0,0,0,0,0,0,0,0,0,0,0,0,0,0,
127,124,1,25,8,1,0,0,0,0,0,0,0,
312,325,330,311,46,59,64,45,0,0,
0,0,0,0,0,0,0,0,0,0,
0.,0.,0.,0,0,0,0,0,0,
0.,0.,0.,
0.,0.,0.,
0,0,0,0,0,0,0,0,0,0,0,0,0,0,0,0,
128,124,1,25,8,1,0,0,0,0,0,0,0,
325,326,331,330,59,60,65,64,0,0,
0,0,0,0,0,0,0,0,0,0,
0.,0.,0.,0,0,0,0,0,0,
0.,0.,0.,
0.,0.,0.,
0,0,0,0,0,0,0,0,0,0,0,0,0,0,0,0,
129,124,2,25,8,1,0,0,0,0,0,0,0,
326,327,332,331,60,61,66,65,0,0,
0,0,0,0,0,0,0,0,0,0,
0.,0.,0.,0,0,0,0,0,0,
0.,0.,0.,
0.,0.,0.,
0,0,0,0,0,0,0,0,0,0,0,0,0,0,0,0,
130,124,2,25,8,1,0,0,0,0,0,0,0,
327,328,333,332,61,62,67,66,0,0,
0,0,0,0,0,0,0,0,0,0,
0.,0.,0.,0,0,0,0,0,0,
0.,0.,0.,
0.,0.,0.,
0,0,0,0,0,0,0,0,0,0,0,0,0,0,0,0,
131,124,2,25,8,1,0,0,0,0,0,0,0,
328,329,334,333,62,63,68,67,0,0,
0,0,0,0,0,0,0,0,0,0,
0.,0.,0.,0,0,0,0,0,0,
0.,0.,0.,
0.,0.,0.,
0,0,0,0,0,0,0,0,0,0,0,0,0,0,0,0,
132,124,2,25,8,1,0,0,0,0,0,0,0,
329,276,277,334,63,10,11,68,0,0,
0,0,0,0,0,0,0,0,0,0,
0.,0.,0.,0,0,0,0,0,0,
0.,0.,0.,
0.,0.,0.,
0,0,0,0,0,0,0,0,0,0,0,0,0,0,0,0,
133,124,1,25,8,1,0,0,0,0,0,0,0,
311,330,335,310,45,64,69,44,0,0,
0,0,0,0,0,0,0,0,0,0,
0.,0.,0.,0,0,0,0,0,0,
0.,0.,0.,
0.,0.,0.,
0,0,0,0,0,0,0,0,0,0,0,0,0,0,0,0,
134,124,1,25,8,1,0,0,0,0,0,0,0,
330,331,336,335,64,65,70,69,0,0,
0,0,0,0,0,0,0,0,0,0,
0.,0.,0.,0,0,0,0,0,0,
0.,0.,0.,
0.,0.,0.,
0,0,0,0,0,0,0,0,0,0,0,0,0,0,0,0,
135,124,2,25,8,1,0,0,0,0,0,0,0,
331,332,337,336,65,66,71,70,0,0,
0,0,0,0,0,0,0,0,0,0,
0.,0.,0.,0,0,0,0,0,0,
0.,0.,0.,
0.,0.,0.,
0,0,0,0,0,0,0,0,0,0,0,0,0,0,0,0,
136,124,2,25,8,1,0,0,0,0,0,0,0,
332,333,338,337,66,67,72,71,0,0,
0,0,0,0,0,0,0,0,0,0,
0.,0.,0.,0,0,0,0,0,0,
0.,0.,0.,
0.,0.,0.,
0,0,0,0,0,0,0,0,0,0,0,0,0,0,0,0,
137,124,2,25,8,1,0,0,0,0,0,0,0,
333,334,339,338,67,68,73,72,0,0,
0,0,0,0,0,0,0,0,0,0,
0.,0.,0.,0,0,0,0,0,0,
0.,0.,0.,
0.,0.,0.,
0,0,0,0,0,0,0,0,0,0,0,0,0,0,0,0,
138,124,2,25,8,1,0,0,0,0,0,0,0,
334,277,278,339,68,11,12,73,0,0,
0,0,0,0,0,0,0,0,0,0,
0.,0.,0.,0,0,0,0,0,0,
0.,0.,0.,
0.,0.,0.,
0,0,0,0,0,0,0,0,0,0,0,0,0,0,0,0,
139,124,1,25,8,1,0,0,0,0,0,0,0,
310,335,340,309,44,69,74,43,0,0,
0,0,0,0,0,0,0,0,0,0,
0.,0.,0.,0,0,0,0,0,0,
0.,0.,0.,
0.,0.,0.,
0,0,0,0,0,0,0,0,0,0,0,0,0,0,0,0,
140,124,1,25,8,1,0,0,0,0,0,0,0,
335,336,341,340,69,70,75,74,0,0,
0,0,0,0,0,0,0,0,0,0,
0.,0.,0.,0,0,0,0,0,0,
0.,0.,0.,
0.,0.,0.,
0,0,0,0,0,0,0,0,0,0,0,0,0,0,0,0,
141,124,2,25,8,1,0,0,0,0,0,0,0,
336,337,342,341,70,71,76,75,0,0,
0,0,0,0,0,0,0,0,0,0,
0.,0.,0.,0,0,0,0,0,0,
0.,0.,0.,
0.,0.,0.,
0,0,0,0,0,0,0,0,0,0,0,0,0,0,0,0,
142,124,2,25,8,1,0,0,0,0,0,0,0,
337,338,343,342,71,72,77,76,0,0,
0,0,0,0,0,0,0,0,0,0,
0.,0.,0.,0,0,0,0,0,0,
0.,0.,0.,
0.,0.,0.,
0,0,0,0,0,0,0,0,0,0,0,0,0,0,0,0,
143,124,2,25,8,1,0,0,0,0,0,0,0,
338,339,344,343,72,73,78,77,0,0,
0,0,0,0,0,0,0,0,0,0,
0.,0.,0.,0,0,0,0,0,0,
0.,0.,0.,
0.,0.,0.,
0,0,0,0,0,0,0,0,0,0,0,0,0,0,0,0,
144,124,2,25,8,1,0,0,0,0,0,0,0,
339,278,279,344,73,12,13,78,0,0,
0,0,0,0,0,0,0,0,0,0,
0.,0.,0.,0,0,0,0,0,0,
0.,0.,0.,
0.,0.,0.,
0,0,0,0,0,0,0,0,0,0,0,0,0,0,0,0,
145,124,1,25,8,1,0,0,0,0,0,0,0,
309,340,345,308,43,74,79,42,0,0,
0,0,0,0,0,0,0,0,0,0,
0.,0.,0.,0,0,0,0,0,0,
0.,0.,0.,
0.,0.,0.,
0,0,0,0,0,0,0,0,0,0,0,0,0,0,0,0,
146,124,1,25,8,1,0,0,0,0,0,0,0,
340,341,346,345,74,75,80,79,0,0,
0,0,0,0,0,0,0,0,0,0,
0.,0.,0.,0,0,0,0,0,0,
0.,0.,0.,
0.,0.,0.,
0,0,0,0,0,0,0,0,0,0,0,0,0,0,0,0,
147,124,2,25,8,1,0,0,0,0,0,0,0,
341,342,347,346,75,76,81,80,0,0,
0,0,0,0,0,0,0,0,0,0,
0.,0.,0.,0,0,0,0,0,0,
0.,0.,0.,
0.,0.,0.,
0,0,0,0,0,0,0,0,0,0,0,0,0,0,0,0,
148,124,2,25,8,1,0,0,0,0,0,0,0,
342,343,348,347,76,77,82,81,0,0,
0,0,0,0,0,0,0,0,0,0,
0.,0.,0.,0,0,0,0,0,0,
0.,0.,0.,
0.,0.,0.,
0,0,0,0,0,0,0,0,0,0,0,0,0,0,0,0,
149,124,2,25,8,1,0,0,0,0,0,0,0,
343,344,349,348,77,78,83,82,0,0,
0,0,0,0,0,0,0,0,0,0,
0.,0.,0.,0,0,0,0,0,0,
0.,0.,0.,
0.,0.,0.,
0,0,0,0,0,0,0,0,0,0,0,0,0,0,0,0,
150,124,2,25,8,1,0,0,0,0,0,0,0,
344,279,280,349,78,13,14,83,0,0,
0,0,0,0,0,0,0,0,0,0,
0.,0.,0.,0,0,0,0,0,0,
0.,0.,0.,
0.,0.,0.,
0,0,0,0,0,0,0,0,0,0,0,0,0,0,0,0,
151,124,1,25,8,1,0,0,0,0,0,0,0,
308,345,350,307,42,79,84,41,0,0,
0,0,0,0,0,0,0,0,0,0,
0.,0.,0.,0,0,0,0,0,0,
0.,0.,0.,
0.,0.,0.,
0,0,0,0,0,0,0,0,0,0,0,0,0,0,0,0,
152,124,1,25,8,1,0,0,0,0,0,0,0,
345,346,351,350,79,80,85,84,0,0,
0,0,0,0,0,0,0,0,0,0,
0.,0.,0.,0,0,0,0,0,0,
0.,0.,0.,
0.,0.,0.,
0,0,0,0,0,0,0,0,0,0,0,0,0,0,0,0,
153,124,2,25,8,1,0,0,0,0,0,0,0,
346,347,352,351,80,81,86,85,0,0,
0,0,0,0,0,0,0,0,0,0,
0.,0.,0.,0,0,0,0,0,0,
0.,0.,0.,
0.,0.,0.,
0,0,0,0,0,0,0,0,0,0,0,0,0,0,0,0,
154,124,2,25,8,1,0,0,0,0,0,0,0,
347,348,353,352,81,82,87,86,0,0,
0,0,0,0,0,0,0,0,0,0,
0.,0.,0.,0,0,0,0,0,0,
0.,0.,0.,
0.,0.,0.,
0,0,0,0,0,0,0,0,0,0,0,0,0,0,0,0,
155,124,2,25,8,1,0,0,0,0,0,0,0,
348,349,354,353,82,83,88,87,0,0,
0,0,0,0,0,0,0,0,0,0,
0.,0.,0.,0,0,0,0,0,0,
0.,0.,0.,
0.,0.,0.,
0,0,0,0,0,0,0,0,0,0,0,0,0,0,0,0,
156,124,2,25,8,1,0,0,0,0,0,0,0,
349,280,281,354,83,14,15,88,0,0,
0,0,0,0,0,0,0,0,0,0,
0.,0.,0.,0,0,0,0,0,0,
0.,0.,0.,
0.,0.,0.,
0,0,0,0,0,0,0,0,0,0,0,0,0,0,0,0,
157,124,1,25,8,1,0,0,0,0,0,0,0,
307,350,355,306,41,84,89,40,0,0,
0,0,0,0,0,0,0,0,0,0,
0.,0.,0.,0,0,0,0,0,0,
0.,0.,0.,
0.,0.,0.,
0,0,0,0,0,0,0,0,0,0,0,0,0,0,0,0,
158,124,1,25,8,1,0,0,0,0,0,0,0,
350,351,356,355,84,85,90,89,0,0,
0,0,0,0,0,0,0,0,0,0,
0.,0.,0.,0,0,0,0,0,0,
0.,0.,0.,
0.,0.,0.,
0,0,0,0,0,0,0,0,0,0,0,0,0,0,0,0,
159,124,2,25,8,1,0,0,0,0,0,0,0,
351,352,357,356,85,86,91,90,0,0,
0,0,0,0,0,0,0,0,0,0,
0.,0.,0.,0,0,0,0,0,0,
0.,0.,0.,
0.,0.,0.,
0,0,0,0,0,0,0,0,0,0,0,0,0,0,0,0,
160,124,2,25,8,1,0,0,0,0,0,0,0,
352,353,358,357,86,87,92,91,0,0,
0,0,0,0,0,0,0,0,0,0,
0.,0.,0.,0,0,0,0,0,0,
0.,0.,0.,
0.,0.,0.,
0,0,0,0,0,0,0,0,0,0,0,0,0,0,0,0,
161,124,2,25,8,1,0,0,0,0,0,0,0,
353,354,359,358,87,88,93,92,0,0,
0,0,0,0,0,0,0,0,0,0,
0.,0.,0.,0,0,0,0,0,0,
0.,0.,0.,
0.,0.,0.,
0,0,0,0,0,0,0,0,0,0,0,0,0,0,0,0,
162,124,2,25,8,1,0,0,0,0,0,0,0,
354,281,282,359,88,15,16,93,0,0,
0,0,0,0,0,0,0,0,0,0,
0.,0.,0.,0,0,0,0,0,0,
0.,0.,0.,
0.,0.,0.,
0,0,0,0,0,0,0,0,0,0,0,0,0,0,0,0,
163,124,1,25,8,1,0,0,0,0,0,0,0,
306,355,360,305,40,89,94,39,0,0,
0,0,0,0,0,0,0,0,0,0,
0.,0.,0.,0,0,0,0,0,0,
0.,0.,0.,
0.,0.,0.,
0,0,0,0,0,0,0,0,0,0,0,0,0,0,0,0,
164,124,1,25,8,1,0,0,0,0,0,0,0,
355,356,361,360,89,90,95,94,0,0,
0,0,0,0,0,0,0,0,0,0,
0.,0.,0.,0,0,0,0,0,0,
0.,0.,0.,
0.,0.,0.,
0,0,0,0,0,0,0,0,0,0,0,0,0,0,0,0,
165,124,2,25,8,1,0,0,0,0,0,0,0,
356,357,362,361,90,91,96,95,0,0,
0,0,0,0,0,0,0,0,0,0,
0.,0.,0.,0,0,0,0,0,0,
0.,0.,0.,
0.,0.,0.,
0,0,0,0,0,0,0,0,0,0,0,0,0,0,0,0,
166,124,2,25,8,1,0,0,0,0,0,0,0,
357,358,363,362,91,92,97,96,0,0,
0,0,0,0,0,0,0,0,0,0,
0.,0.,0.,0,0,0,0,0,0,
0.,0.,0.,
0.,0.,0.,
0,0,0,0,0,0,0,0,0,0,0,0,0,0,0,0,
167,124,2,25,8,1,0,0,0,0,0,0,0,
358,359,364,363,92,93,98,97,0,0,
0,0,0,0,0,0,0,0,0,0,
0.,0.,0.,0,0,0,0,0,0,
0.,0.,0.,
0.,0.,0.,
0,0,0,0,0,0,0,0,0,0,0,0,0,0,0,0,
168,124,2,25,8,1,0,0,0,0,0,0,0,
359,282,283,364,93,16,17,98,0,0,
0,0,0,0,0,0,0,0,0,0,
0.,0.,0.,0,0,0,0,0,0,
0.,0.,0.,
0.,0.,0.,
0,0,0,0,0,0,0,0,0,0,0,0,0,0,0,0,
169,124,1,25,8,1,0,0,0,0,0,0,0,
305,360,365,304,39,94,99,38,0,0,
0,0,0,0,0,0,0,0,0,0,
0.,0.,0.,0,0,0,0,0,0,
0.,0.,0.,
0.,0.,0.,
0,0,0,0,0,0,0,0,0,0,0,0,0,0,0,0,
170,124,1,25,8,1,0,0,0,0,0,0,0,
360,361,366,365,94,95,100,99,0,0,
0,0,0,0,0,0,0,0,0,0,
0.,0.,0.,0,0,0,0,0,0,
0.,0.,0.,
0.,0.,0.,
0,0,0,0,0,0,0,0,0,0,0,0,0,0,0,0,
171,124,2,25,8,1,0,0,0,0,0,0,0,
361,362,367,366,95,96,101,100,0,0,
0,0,0,0,0,0,0,0,0,0,
0.,0.,0.,0,0,0,0,0,0,
0.,0.,0.,
0.,0.,0.,
0,0,0,0,0,0,0,0,0,0,0,0,0,0,0,0,
172,124,2,25,8,1,0,0,0,0,0,0,0,
362,363,368,367,96,97,102,101,0,0,
0,0,0,0,0,0,0,0,0,0,
0.,0.,0.,0,0,0,0,0,0,
0.,0.,0.,
0.,0.,0.,
0,0,0,0,0,0,0,0,0,0,0,0,0,0,0,0,
173,124,2,25,8,1,0,0,0,0,0,0,0,
363,364,369,368,97,98,103,102,0,0,
0,0,0,0,0,0,0,0,0,0,
0.,0.,0.,0,0,0,0,0,0,
0.,0.,0.,
0.,0.,0.,
0,0,0,0,0,0,0,0,0,0,0,0,0,0,0,0,
174,124,2,25,8,1,0,0,0,0,0,0,0,
364,283,284,369,98,17,18,103,0,0,
0,0,0,0,0,0,0,0,0,0,
0.,0.,0.,0,0,0,0,0,0,
0.,0.,0.,
0.,0.,0.,
0,0,0,0,0,0,0,0,0,0,0,0,0,0,0,0,
175,124,1,25,8,1,0,0,0,0,0,0,0,
304,365,370,303,38,99,104,37,0,0,
0,0,0,0,0,0,0,0,0,0,
0.,0.,0.,0,0,0,0,0,0,
0.,0.,0.,
0.,0.,0.,
0,0,0,0,0,0,0,0,0,0,0,0,0,0,0,0,
176,124,1,25,8,1,0,0,0,0,0,0,0,
365,366,371,370,99,100,105,104,0,0,
0,0,0,0,0,0,0,0,0,0,
0.,0.,0.,0,0,0,0,0,0,
0.,0.,0.,
0.,0.,0.,
0,0,0,0,0,0,0,0,0,0,0,0,0,0,0,0,
177,124,2,25,8,1,0,0,0,0,0,0,0,
366,367,372,371,100,101,106,105,0,0,
0,0,0,0,0,0,0,0,0,0,
0.,0.,0.,0,0,0,0,0,0,
0.,0.,0.,
0.,0.,0.,
0,0,0,0,0,0,0,0,0,0,0,0,0,0,0,0,
178,124,2,25,8,1,0,0,0,0,0,0,0,
367,368,373,372,101,102,107,106,0,0,
0,0,0,0,0,0,0,0,0,0,
0.,0.,0.,0,0,0,0,0,0,
0.,0.,0.,
0.,0.,0.,
0,0,0,0,0,0,0,0,0,0,0,0,0,0,0,0,
179,124,2,25,8,1,0,0,0,0,0,0,0,
368,369,374,373,102,103,108,107,0,0,
0,0,0,0,0,0,0,0,0,0,
0.,0.,0.,0,0,0,0,0,0,
0.,0.,0.,
0.,0.,0.,
0,0,0,0,0,0,0,0,0,0,0,0,0,0,0,0,
180,124,2,25,8,1,0,0,0,0,0,0,0,
369,284,285,374,103,18,19,108,0,0,
0,0,0,0,0,0,0,0,0,0,
0.,0.,0.,0,0,0,0,0,0,
0.,0.,0.,
0.,0.,0.,
0,0,0,0,0,0,0,0,0,0,0,0,0,0,0,0,
181,124,1,25,8,1,0,0,0,0,0,0,0,
303,370,375,302,37,104,109,36,0,0,
0,0,0,0,0,0,0,0,0,0,
0.,0.,0.,0,0,0,0,0,0,
0.,0.,0.,
0.,0.,0.,
0,0,0,0,0,0,0,0,0,0,0,0,0,0,0,0,
182,124,1,25,8,1,0,0,0,0,0,0,0,
370,371,376,375,104,105,110,109,0,0,
0,0,0,0,0,0,0,0,0,0,
0.,0.,0.,0,0,0,0,0,0,
0.,0.,0.,
0.,0.,0.,
0,0,0,0,0,0,0,0,0,0,0,0,0,0,0,0,
183,124,2,25,8,1,0,0,0,0,0,0,0,
371,372,377,376,105,106,111,110,0,0,
0,0,0,0,0,0,0,0,0,0,
0.,0.,0.,0,0,0,0,0,0,
0.,0.,0.,
0.,0.,0.,
0,0,0,0,0,0,0,0,0,0,0,0,0,0,0,0,
184,124,2,25,8,1,0,0,0,0,0,0,0,
372,373,378,377,106,107,112,111,0,0,
0,0,0,0,0,0,0,0,0,0,
0.,0.,0.,0,0,0,0,0,0,
0.,0.,0.,
0.,0.,0.,
0,0,0,0,0,0,0,0,0,0,0,0,0,0,0,0,
185,124,2,25,8,1,0,0,0,0,0,0,0,
373,374,379,378,107,108,113,112,0,0,
0,0,0,0,0,0,0,0,0,0,
0.,0.,0.,0,0,0,0,0,0,
0.,0.,0.,
0.,0.,0.,
0,0,0,0,0,0,0,0,0,0,0,0,0,0,0,0,
186,124,2,25,8,1,0,0,0,0,0,0,0,
374,285,286,379,108,19,20,113,0,0,
0,0,0,0,0,0,0,0,0,0,
0.,0.,0.,0,0,0,0,0,0,
0.,0.,0.,
0.,0.,0.,
0,0,0,0,0,0,0,0,0,0,0,0,0,0,0,0,
187,124,1,25,8,1,0,0,0,0,0,0,0,
302,375,380,301,36,109,114,35,0,0,
0,0,0,0,0,0,0,0,0,0,
0.,0.,0.,0,0,0,0,0,0,
0.,0.,0.,
0.,0.,0.,
0,0,0,0,0,0,0,0,0,0,0,0,0,0,0,0,
188,124,1,25,8,1,0,0,0,0,0,0,0,
375,376,381,380,109,110,115,114,0,0,
0,0,0,0,0,0,0,0,0,0,
0.,0.,0.,0,0,0,0,0,0,
0.,0.,0.,
0.,0.,0.,
0,0,0,0,0,0,0,0,0,0,0,0,0,0,0,0,
189,124,2,25,8,1,0,0,0,0,0,0,0,
376,377,382,381,110,111,116,115,0,0,
0,0,0,0,0,0,0,0,0,0,
0.,0.,0.,0,0,0,0,0,0,
0.,0.,0.,
0.,0.,0.,
0,0,0,0,0,0,0,0,0,0,0,0,0,0,0,0,
190,124,2,25,8,1,0,0,0,0,0,0,0,
377,378,383,382,111,112,117,116,0,0,
0,0,0,0,0,0,0,0,0,0,
0.,0.,0.,0,0,0,0,0,0,
0.,0.,0.,
0.,0.,0.,
0,0,0,0,0,0,0,0,0,0,0,0,0,0,0,0,
191,124,2,25,8,1,0,0,0,0,0,0,0,
378,379,384,383,112,113,118,117,0,0,
0,0,0,0,0,0,0,0,0,0,
0.,0.,0.,0,0,0,0,0,0,
0.,0.,0.,
0.,0.,0.,
0,0,0,0,0,0,0,0,0,0,0,0,0,0,0,0,
192,124,2,25,8,1,0,0,0,0,0,0,0,
379,286,287,384,113,20,21,118,0,0,
0,0,0,0,0,0,0,0,0,0,
0.,0.,0.,0,0,0,0,0,0,
0.,0.,0.,
0.,0.,0.,
0,0,0,0,0,0,0,0,0,0,0,0,0,0,0,0,
193,124,1,25,8,1,0,0,0,0,0,0,0,
301,380,385,300,35,114,119,34,0,0,
0,0,0,0,0,0,0,0,0,0,
0.,0.,0.,0,0,0,0,0,0,
0.,0.,0.,
0.,0.,0.,
0,0,0,0,0,0,0,0,0,0,0,0,0,0,0,0,
194,124,1,25,8,1,0,0,0,0,0,0,0,
380,381,386,385,114,115,120,119,0,0,
0,0,0,0,0,0,0,0,0,0,
0.,0.,0.,0,0,0,0,0,0,
0.,0.,0.,
0.,0.,0.,
0,0,0,0,0,0,0,0,0,0,0,0,0,0,0,0,
195,124,2,25,8,1,0,0,0,0,0,0,0,
381,382,387,386,115,116,121,120,0,0,
0,0,0,0,0,0,0,0,0,0,
0.,0.,0.,0,0,0,0,0,0,
0.,0.,0.,
0.,0.,0.,
0,0,0,0,0,0,0,0,0,0,0,0,0,0,0,0,
196,124,2,25,8,1,0,0,0,0,0,0,0,
382,383,388,387,116,117,122,121,0,0,
0,0,0,0,0,0,0,0,0,0,
0.,0.,0.,0,0,0,0,0,0,
0.,0.,0.,
0.,0.,0.,
0,0,0,0,0,0,0,0,0,0,0,0,0,0,0,0,
197,124,2,25,8,1,0,0,0,0,0,0,0,
383,384,389,388,117,118,123,122,0,0,
0,0,0,0,0,0,0,0,0,0,
0.,0.,0.,0,0,0,0,0,0,
0.,0.,0.,
0.,0.,0.,
0,0,0,0,0,0,0,0,0,0,0,0,0,0,0,0,
198,124,2,25,8,1,0,0,0,0,0,0,0,
384,287,288,389,118,21,22,123,0,0,
0,0,0,0,0,0,0,0,0,0,
0.,0.,0.,0,0,0,0,0,0,
0.,0.,0.,
0.,0.,0.,
0,0,0,0,0,0,0,0,0,0,0,0,0,0,0,0,
199,124,1,25,8,1,0,0,0,0,0,0,0,
300,385,390,299,34,119,124,33,0,0,
0,0,0,0,0,0,0,0,0,0,
0.,0.,0.,0,0,0,0,0,0,
0.,0.,0.,
0.,0.,0.,
0,0,0,0,0,0,0,0,0,0,0,0,0,0,0,0,
200,124,1,25,8,1,0,0,0,0,0,0,0,
385,386,391,390,119,120,125,124,0,0,
0,0,0,0,0,0,0,0,0,0,
0.,0.,0.,0,0,0,0,0,0,
0.,0.,0.,
0.,0.,0.,
0,0,0,0,0,0,0,0,0,0,0,0,0,0,0,0,
201,124,2,25,8,1,0,0,0,0,0,0,0,
386,387,392,391,120,121,126,125,0,0,
0,0,0,0,0,0,0,0,0,0,
0.,0.,0.,0,0,0,0,0,0,
0.,0.,0.,
0.,0.,0.,
0,0,0,0,0,0,0,0,0,0,0,0,0,0,0,0,
202,124,2,25,8,1,0,0,0,0,0,0,0,
387,388,393,392,121,122,127,126,0,0,
0,0,0,0,0,0,0,0,0,0,
0.,0.,0.,0,0,0,0,0,0,
0.,0.,0.,
0.,0.,0.,
0,0,0,0,0,0,0,0,0,0,0,0,0,0,0,0,
203,124,2,25,8,1,0,0,0,0,0,0,0,
388,389,394,393,122,123,128,127,0,0,
0,0,0,0,0,0,0,0,0,0,
0.,0.,0.,0,0,0,0,0,0,
0.,0.,0.,
0.,0.,0.,
0,0,0,0,0,0,0,0,0,0,0,0,0,0,0,0,
204,124,2,25,8,1,0,0,0,0,0,0,0,
389,288,289,394,123,22,23,128,0,0,
0,0,0,0,0,0,0,0,0,0,
0.,0.,0.,0,0,0,0,0,0,
0.,0.,0.,
0.,0.,0.,
0,0,0,0,0,0,0,0,0,0,0,0,0,0,0,0,
205,124,1,25,8,1,0,0,0,0,0,0,0,
299,390,395,298,33,124,129,32,0,0,
0,0,0,0,0,0,0,0,0,0,
0.,0.,0.,0,0,0,0,0,0,
0.,0.,0.,
0.,0.,0.,
0,0,0,0,0,0,0,0,0,0,0,0,0,0,0,0,
206,124,1,25,8,1,0,0,0,0,0,0,0,
390,391,396,395,124,125,130,129,0,0,
0,0,0,0,0,0,0,0,0,0,
0.,0.,0.,0,0,0,0,0,0,
0.,0.,0.,
0.,0.,0.,
0,0,0,0,0,0,0,0,0,0,0,0,0,0,0,0,
207,124,2,25,8,1,0,0,0,0,0,0,0,
391,392,397,396,125,126,131,130,0,0,
0,0,0,0,0,0,0,0,0,0,
0.,0.,0.,0,0,0,0,0,0,
0.,0.,0.,
0.,0.,0.,
0,0,0,0,0,0,0,0,0,0,0,0,0,0,0,0,
208,124,2,25,8,1,0,0,0,0,0,0,0,
392,393,398,397,126,127,132,131,0,0,
0,0,0,0,0,0,0,0,0,0,
0.,0.,0.,0,0,0,0,0,0,
0.,0.,0.,
0.,0.,0.,
0,0,0,0,0,0,0,0,0,0,0,0,0,0,0,0,
209,124,2,25,8,1,0,0,0,0,0,0,0,
393,394,399,398,127,128,133,132,0,0,
0,0,0,0,0,0,0,0,0,0,
0.,0.,0.,0,0,0,0,0,0,
0.,0.,0.,
0.,0.,0.,
0,0,0,0,0,0,0,0,0,0,0,0,0,0,0,0,
210,124,2,25,8,1,0,0,0,0,0,0,0,
394,289,290,399,128,23,24,133,0,0,
0,0,0,0,0,0,0,0,0,0,
0.,0.,0.,0,0,0,0,0,0,
0.,0.,0.,
0.,0.,0.,
0,0,0,0,0,0,0,0,0,0,0,0,0,0,0,0,
211,124,1,25,8,1,0,0,0,0,0,0,0,
298,395,296,297,32,129,30,31,0,0,
0,0,0,0,0,0,0,0,0,0,
0.,0.,0.,0,0,0,0,0,0,
0.,0.,0.,
0.,0.,0.,
0,0,0,0,0,0,0,0,0,0,0,0,0,0,0,0,
212,124,1,25,8,1,0,0,0,0,0,0,0,
395,396,295,296,129,130,29,30,0,0,
0,0,0,0,0,0,0,0,0,0,
0.,0.,0.,0,0,0,0,0,0,
0.,0.,0.,
0.,0.,0.,
0,0,0,0,0,0,0,0,0,0,0,0,0,0,0,0,
213,124,2,25,8,1,0,0,0,0,0,0,0,
396,397,294,295,130,131,28,29,0,0,
0,0,0,0,0,0,0,0,0,0,
0.,0.,0.,0,0,0,0,0,0,
0.,0.,0.,
0.,0.,0.,
0,0,0,0,0,0,0,0,0,0,0,0,0,0,0,0,
214,124,2,25,8,1,0,0,0,0,0,0,0,
397,398,293,294,131,132,27,28,0,0,
0,0,0,0,0,0,0,0,0,0,
0.,0.,0.,0,0,0,0,0,0,
0.,0.,0.,
0.,0.,0.,
0,0,0,0,0,0,0,0,0,0,0,0,0,0,0,0,
215,124,2,25,8,1,0,0,0,0,0,0,0,
398,399,292,293,132,133,26,27,0,0,
0,0,0,0,0,0,0,0,0,0,
0.,0.,0.,0,0,0,0,0,0,
0.,0.,0.,
0.,0.,0.,
0,0,0,0,0,0,0,0,0,0,0,0,0,0,0,0,
216,124,2,25,8,1,0,0,0,0,0,0,0,
399,290,291,292,133,24,25,26,0,0,
0,0,0,0,0,0,0,0,0,0,
0.,0.,0.,0,0,0,0,0,0,
0.,0.,0.,
0.,0.,0.,
0,0,0,0,0,0,0,0,0,0,0,0,0,0,0,0,
217,124,1,25,8,1,0,0,0,0,0,0,0,
400,401,448,447,267,268,315,314,0,0,
0,0,0,0,0,0,0,0,0,0,
0.,0.,0.,0,0,0,0,0,0,
0.,0.,0.,
0.,0.,0.,
0,0,0,0,0,0,0,0,0,0,0,0,0,0,0,0,
218,124,1,25,8,1,0,0,0,0,0,0,0,
401,402,449,448,268,269,316,315,0,0,
0,0,0,0,0,0,0,0,0,0,
0.,0.,0.,0,0,0,0,0,0,
0.,0.,0.,
0.,0.,0.,
0,0,0,0,0,0,0,0,0,0,0,0,0,0,0,0,
219,124,2,25,8,1,0,0,0,0,0,0,0,
402,403,450,449,269,270,317,316,0,0,
0,0,0,0,0,0,0,0,0,0,
0.,0.,0.,0,0,0,0,0,0,
0.,0.,0.,
0.,0.,0.,
0,0,0,0,0,0,0,0,0,0,0,0,0,0,0,0,
220,124,2,25,8,1,0,0,0,0,0,0,0,
403,404,451,450,270,271,318,317,0,0,
0,0,0,0,0,0,0,0,0,0,
0.,0.,0.,0,0,0,0,0,0,
0.,0.,0.,
0.,0.,0.,
0,0,0,0,0,0,0,0,0,0,0,0,0,0,0,0,
221,124,2,25,8,1,0,0,0,0,0,0,0,
404,405,452,451,271,272,319,318,0,0,
0,0,0,0,0,0,0,0,0,0,
0.,0.,0.,0,0,0,0,0,0,
0.,0.,0.,
0.,0.,0.,
0,0,0,0,0,0,0,0,0,0,0,0,0,0,0,0,
222,124,2,25,8,1,0,0,0,0,0,0,0,
405,406,407,452,272,273,274,319,0,0,
0,0,0,0,0,0,0,0,0,0,
0.,0.,0.,0,0,0,0,0,0,
0.,0.,0.,
0.,0.,0.,
0,0,0,0,0,0,0,0,0,0,0,0,0,0,0,0,
223,124,1,25,8,1,0,0,0,0,0,0,0,
447,448,453,446,314,315,320,313,0,0,
0,0,0,0,0,0,0,0,0,0,
0.,0.,0.,0,0,0,0,0,0,
0.,0.,0.,
0.,0.,0.,
0,0,0,0,0,0,0,0,0,0,0,0,0,0,0,0,
224,124,1,25,8,1,0,0,0,0,0,0,0,
448,449,454,453,315,316,321,320,0,0,
0,0,0,0,0,0,0,0,0,0,
0.,0.,0.,0,0,0,0,0,0,
0.,0.,0.,
0.,0.,0.,
0,0,0,0,0,0,0,0,0,0,0,0,0,0,0,0,
225,124,2,25,8,1,0,0,0,0,0,0,0,
449,450,455,454,316,317,322,321,0,0,
0,0,0,0,0,0,0,0,0,0,
0.,0.,0.,0,0,0,0,0,0,
0.,0.,0.,
0.,0.,0.,
0,0,0,0,0,0,0,0,0,0,0,0,0,0,0,0,
226,124,2,25,8,1,0,0,0,0,0,0,0,
450,451,456,455,317,318,323,322,0,0,
0,0,0,0,0,0,0,0,0,0,
0.,0.,0.,0,0,0,0,0,0,
0.,0.,0.,
0.,0.,0.,
0,0,0,0,0,0,0,0,0,0,0,0,0,0,0,0,
227,124,2,25,8,1,0,0,0,0,0,0,0,
451,452,457,456,318,319,324,323,0,0,
0,0,0,0,0,0,0,0,0,0,
0.,0.,0.,0,0,0,0,0,0,
0.,0.,0.,
0.,0.,0.,
0,0,0,0,0,0,0,0,0,0,0,0,0,0,0,0,
228,124,2,25,8,1,0,0,0,0,0,0,0,
452,407,408,457,319,274,275,324,0,0,
0,0,0,0,0,0,0,0,0,0,
0.,0.,0.,0,0,0,0,0,0,
0.,0.,0.,
0.,0.,0.,
0,0,0,0,0,0,0,0,0,0,0,0,0,0,0,0,
229,124,1,25,8,1,0,0,0,0,0,0,0,
446,453,458,445,313,320,325,312,0,0,
0,0,0,0,0,0,0,0,0,0,
0.,0.,0.,0,0,0,0,0,0,
0.,0.,0.,
0.,0.,0.,
0,0,0,0,0,0,0,0,0,0,0,0,0,0,0,0,
230,124,1,25,8,1,0,0,0,0,0,0,0,
453,454,459,458,320,321,326,325,0,0,
0,0,0,0,0,0,0,0,0,0,
0.,0.,0.,0,0,0,0,0,0,
0.,0.,0.,
0.,0.,0.,
0,0,0,0,0,0,0,0,0,0,0,0,0,0,0,0,
231,124,2,25,8,1,0,0,0,0,0,0,0,
454,455,460,459,321,322,327,326,0,0,
0,0,0,0,0,0,0,0,0,0,
0.,0.,0.,0,0,0,0,0,0,
0.,0.,0.,
0.,0.,0.,
0,0,0,0,0,0,0,0,0,0,0,0,0,0,0,0,
232,124,2,25,8,1,0,0,0,0,0,0,0,
455,456,461,460,322,323,328,327,0,0,
0,0,0,0,0,0,0,0,0,0,
0.,0.,0.,0,0,0,0,0,0,
0.,0.,0.,
0.,0.,0.,
0,0,0,0,0,0,0,0,0,0,0,0,0,0,0,0,
233,124,2,25,8,1,0,0,0,0,0,0,0,
456,457,462,461,323,324,329,328,0,0,
0,0,0,0,0,0,0,0,0,0,
0.,0.,0.,0,0,0,0,0,0,
0.,0.,0.,
0.,0.,0.,
0,0,0,0,0,0,0,0,0,0,0,0,0,0,0,0,
234,124,2,25,8,1,0,0,0,0,0,0,0,
457,408,409,462,324,275,276,329,0,0,
0,0,0,0,0,0,0,0,0,0,
0.,0.,0.,0,0,0,0,0,0,
0.,0.,0.,
0.,0.,0.,
0,0,0,0,0,0,0,0,0,0,0,0,0,0,0,0,
235,124,1,25,8,1,0,0,0,0,0,0,0,
445,458,463,444,312,325,330,311,0,0,
0,0,0,0,0,0,0,0,0,0,
0.,0.,0.,0,0,0,0,0,0,
0.,0.,0.,
0.,0.,0.,
0,0,0,0,0,0,0,0,0,0,0,0,0,0,0,0,
236,124,1,25,8,1,0,0,0,0,0,0,0,
458,459,464,463,325,326,331,330,0,0,
0,0,0,0,0,0,0,0,0,0,
0.,0.,0.,0,0,0,0,0,0,
0.,0.,0.,
0.,0.,0.,
0,0,0,0,0,0,0,0,0,0,0,0,0,0,0,0,
237,124,2,25,8,1,0,0,0,0,0,0,0,
459,460,465,464,326,327,332,331,0,0,
0,0,0,0,0,0,0,0,0,0,
0.,0.,0.,0,0,0,0,0,0,
0.,0.,0.,
0.,0.,0.,
0,0,0,0,0,0,0,0,0,0,0,0,0,0,0,0,
238,124,2,25,8,1,0,0,0,0,0,0,0,
460,461,466,465,327,328,333,332,0,0,
0,0,0,0,0,0,0,0,0,0,
0.,0.,0.,0,0,0,0,0,0,
0.,0.,0.,
0.,0.,0.,
0,0,0,0,0,0,0,0,0,0,0,0,0,0,0,0,
239,124,2,25,8,1,0,0,0,0,0,0,0,
461,462,467,466,328,329,334,333,0,0,
0,0,0,0,0,0,0,0,0,0,
0.,0.,0.,0,0,0,0,0,0,
0.,0.,0.,
0.,0.,0.,
0,0,0,0,0,0,0,0,0,0,0,0,0,0,0,0,
240,124,2,25,8,1,0,0,0,0,0,0,0,
462,409,410,467,329,276,277,334,0,0,
0,0,0,0,0,0,0,0,0,0,
0.,0.,0.,0,0,0,0,0,0,
0.,0.,0.,
0.,0.,0.,
0,0,0,0,0,0,0,0,0,0,0,0,0,0,0,0,
241,124,1,25,8,1,0,0,0,0,0,0,0,
444,463,468,443,311,330,335,310,0,0,
0,0,0,0,0,0,0,0,0,0,
0.,0.,0.,0,0,0,0,0,0,
0.,0.,0.,
0.,0.,0.,
0,0,0,0,0,0,0,0,0,0,0,0,0,0,0,0,
242,124,1,25,8,1,0,0,0,0,0,0,0,
463,464,469,468,330,331,336,335,0,0,
0,0,0,0,0,0,0,0,0,0,
0.,0.,0.,0,0,0,0,0,0,
0.,0.,0.,
0.,0.,0.,
0,0,0,0,0,0,0,0,0,0,0,0,0,0,0,0,
243,124,2,25,8,1,0,0,0,0,0,0,0,
464,465,470,469,331,332,337,336,0,0,
0,0,0,0,0,0,0,0,0,0,
0.,0.,0.,0,0,0,0,0,0,
0.,0.,0.,
0.,0.,0.,
0,0,0,0,0,0,0,0,0,0,0,0,0,0,0,0,
244,124,2,25,8,1,0,0,0,0,0,0,0,
465,466,471,470,332,333,338,337,0,0,
0,0,0,0,0,0,0,0,0,0,
0.,0.,0.,0,0,0,0,0,0,
0.,0.,0.,
0.,0.,0.,
0,0,0,0,0,0,0,0,0,0,0,0,0,0,0,0,
245,124,2,25,8,1,0,0,0,0,0,0,0,
466,467,472,471,333,334,339,338,0,0,
0,0,0,0,0,0,0,0,0,0,
0.,0.,0.,0,0,0,0,0,0,
0.,0.,0.,
0.,0.,0.,
0,0,0,0,0,0,0,0,0,0,0,0,0,0,0,0,
246,124,2,25,8,1,0,0,0,0,0,0,0,
467,410,411,472,334,277,278,339,0,0,
0,0,0,0,0,0,0,0,0,0,
0.,0.,0.,0,0,0,0,0,0,
0.,0.,0.,
0.,0.,0.,
0,0,0,0,0,0,0,0,0,0,0,0,0,0,0,0,
247,124,1,25,8,1,0,0,0,0,0,0,0,
443,468,473,442,310,335,340,309,0,0,
0,0,0,0,0,0,0,0,0,0,
0.,0.,0.,0,0,0,0,0,0,
0.,0.,0.,
0.,0.,0.,
0,0,0,0,0,0,0,0,0,0,0,0,0,0,0,0,
248,124,1,25,8,1,0,0,0,0,0,0,0,
468,469,474,473,335,336,341,340,0,0,
0,0,0,0,0,0,0,0,0,0,
0.,0.,0.,0,0,0,0,0,0,
0.,0.,0.,
0.,0.,0.,
0,0,0,0,0,0,0,0,0,0,0,0,0,0,0,0,
249,124,2,25,8,1,0,0,0,0,0,0,0,
469,470,475,474,336,337,342,341,0,0,
0,0,0,0,0,0,0,0,0,0,
0.,0.,0.,0,0,0,0,0,0,
0.,0.,0.,
0.,0.,0.,
0,0,0,0,0,0,0,0,0,0,0,0,0,0,0,0,
250,124,2,25,8,1,0,0,0,0,0,0,0,
470,471,476,475,337,338,343,342,0,0,
0,0,0,0,0,0,0,0,0,0,
0.,0.,0.,0,0,0,0,0,0,
0.,0.,0.,
0.,0.,0.,
0,0,0,0,0,0,0,0,0,0,0,0,0,0,0,0,
251,124,2,25,8,1,0,0,0,0,0,0,0,
471,472,477,476,338,339,344,343,0,0,
0,0,0,0,0,0,0,0,0,0,
0.,0.,0.,0,0,0,0,0,0,
0.,0.,0.,
0.,0.,0.,
0,0,0,0,0,0,0,0,0,0,0,0,0,0,0,0,
252,124,2,25,8,1,0,0,0,0,0,0,0,
472,411,412,477,339,278,279,344,0,0,
0,0,0,0,0,0,0,0,0,0,
0.,0.,0.,0,0,0,0,0,0,
0.,0.,0.,
0.,0.,0.,
0,0,0,0,0,0,0,0,0,0,0,0,0,0,0,0,
253,124,1,25,8,1,0,0,0,0,0,0,0,
442,473,478,441,309,340,345,308,0,0,
0,0,0,0,0,0,0,0,0,0,
0.,0.,0.,0,0,0,0,0,0,
0.,0.,0.,
0.,0.,0.,
0,0,0,0,0,0,0,0,0,0,0,0,0,0,0,0,
254,124,1,25,8,1,0,0,0,0,0,0,0,
473,474,479,478,340,341,346,345,0,0,
0,0,0,0,0,0,0,0,0,0,
0.,0.,0.,0,0,0,0,0,0,
0.,0.,0.,
0.,0.,0.,
0,0,0,0,0,0,0,0,0,0,0,0,0,0,0,0,
255,124,2,25,8,1,0,0,0,0,0,0,0,
474,475,480,479,341,342,347,346,0,0,
0,0,0,0,0,0,0,0,0,0,
0.,0.,0.,0,0,0,0,0,0,
0.,0.,0.,
0.,0.,0.,
0,0,0,0,0,0,0,0,0,0,0,0,0,0,0,0,
256,124,2,25,8,1,0,0,0,0,0,0,0,
475,476,481,480,342,343,348,347,0,0,
0,0,0,0,0,0,0,0,0,0,
0.,0.,0.,0,0,0,0,0,0,
0.,0.,0.,
0.,0.,0.,
0,0,0,0,0,0,0,0,0,0,0,0,0,0,0,0,
257,124,2,25,8,1,0,0,0,0,0,0,0,
476,477,482,481,343,344,349,348,0,0,
0,0,0,0,0,0,0,0,0,0,
0.,0.,0.,0,0,0,0,0,0,
0.,0.,0.,
0.,0.,0.,
0,0,0,0,0,0,0,0,0,0,0,0,0,0,0,0,
258,124,2,25,8,1,0,0,0,0,0,0,0,
477,412,413,482,344,279,280,349,0,0,
0,0,0,0,0,0,0,0,0,0,
0.,0.,0.,0,0,0,0,0,0,
0.,0.,0.,
0.,0.,0.,
0,0,0,0,0,0,0,0,0,0,0,0,0,0,0,0,
259,124,1,25,8,1,0,0,0,0,0,0,0,
441,478,483,440,308,345,350,307,0,0,
0,0,0,0,0,0,0,0,0,0,
0.,0.,0.,0,0,0,0,0,0,
0.,0.,0.,
0.,0.,0.,
0,0,0,0,0,0,0,0,0,0,0,0,0,0,0,0,
260,124,1,25,8,1,0,0,0,0,0,0,0,
478,479,484,483,345,346,351,350,0,0,
0,0,0,0,0,0,0,0,0,0,
0.,0.,0.,0,0,0,0,0,0,
0.,0.,0.,
0.,0.,0.,
0,0,0,0,0,0,0,0,0,0,0,0,0,0,0,0,
261,124,2,25,8,1,0,0,0,0,0,0,0,
479,480,485,484,346,347,352,351,0,0,
0,0,0,0,0,0,0,0,0,0,
0.,0.,0.,0,0,0,0,0,0,
0.,0.,0.,
0.,0.,0.,
0,0,0,0,0,0,0,0,0,0,0,0,0,0,0,0,
262,124,2,25,8,1,0,0,0,0,0,0,0,
480,481,486,485,347,348,353,352,0,0,
0,0,0,0,0,0,0,0,0,0,
0.,0.,0.,0,0,0,0,0,0,
0.,0.,0.,
0.,0.,0.,
0,0,0,0,0,0,0,0,0,0,0,0,0,0,0,0,
263,124,2,25,8,1,0,0,0,0,0,0,0,
481,482,487,486,348,349,354,353,0,0,
0,0,0,0,0,0,0,0,0,0,
0.,0.,0.,0,0,0,0,0,0,
0.,0.,0.,
0.,0.,0.,
0,0,0,0,0,0,0,0,0,0,0,0,0,0,0,0,
264,124,2,25,8,1,0,0,0,0,0,0,0,
482,413,414,487,349,280,281,354,0,0,
0,0,0,0,0,0,0,0,0,0,
0.,0.,0.,0,0,0,0,0,0,
0.,0.,0.,
0.,0.,0.,
0,0,0,0,0,0,0,0,0,0,0,0,0,0,0,0,
265,124,1,25,8,1,0,0,0,0,0,0,0,
440,483,488,439,307,350,355,306,0,0,
0,0,0,0,0,0,0,0,0,0,
0.,0.,0.,0,0,0,0,0,0,
0.,0.,0.,
0.,0.,0.,
0,0,0,0,0,0,0,0,0,0,0,0,0,0,0,0,
266,124,1,25,8,1,0,0,0,0,0,0,0,
483,484,489,488,350,351,356,355,0,0,
0,0,0,0,0,0,0,0,0,0,
0.,0.,0.,0,0,0,0,0,0,
0.,0.,0.,
0.,0.,0.,
0,0,0,0,0,0,0,0,0,0,0,0,0,0,0,0,
267,124,2,25,8,1,0,0,0,0,0,0,0,
484,485,490,489,351,352,357,356,0,0,
0,0,0,0,0,0,0,0,0,0,
0.,0.,0.,0,0,0,0,0,0,
0.,0.,0.,
0.,0.,0.,
0,0,0,0,0,0,0,0,0,0,0,0,0,0,0,0,
268,124,2,25,8,1,0,0,0,0,0,0,0,
485,486,491,490,352,353,358,357,0,0,
0,0,0,0,0,0,0,0,0,0,
0.,0.,0.,0,0,0,0,0,0,
0.,0.,0.,
0.,0.,0.,
0,0,0,0,0,0,0,0,0,0,0,0,0,0,0,0,
269,124,2,25,8,1,0,0,0,0,0,0,0,
486,487,492,491,353,354,359,358,0,0,
0,0,0,0,0,0,0,0,0,0,
0.,0.,0.,0,0,0,0,0,0,
0.,0.,0.,
0.,0.,0.,
0,0,0,0,0,0,0,0,0,0,0,0,0,0,0,0,
270,124,2,25,8,1,0,0,0,0,0,0,0,
487,414,415,492,354,281,282,359,0,0,
0,0,0,0,0,0,0,0,0,0,
0.,0.,0.,0,0,0,0,0,0,
0.,0.,0.,
0.,0.,0.,
0,0,0,0,0,0,0,0,0,0,0,0,0,0,0,0,
271,124,1,25,8,1,0,0,0,0,0,0,0,
439,488,493,438,306,355,360,305,0,0,
0,0,0,0,0,0,0,0,0,0,
0.,0.,0.,0,0,0,0,0,0,
0.,0.,0.,
0.,0.,0.,
0,0,0,0,0,0,0,0,0,0,0,0,0,0,0,0,
272,124,1,25,8,1,0,0,0,0,0,0,0,
488,489,494,493,355,356,361,360,0,0,
0,0,0,0,0,0,0,0,0,0,
0.,0.,0.,0,0,0,0,0,0,
0.,0.,0.,
0.,0.,0.,
0,0,0,0,0,0,0,0,0,0,0,0,0,0,0,0,
273,124,2,25,8,1,0,0,0,0,0,0,0,
489,490,495,494,356,357,362,361,0,0,
0,0,0,0,0,0,0,0,0,0,
0.,0.,0.,0,0,0,0,0,0,
0.,0.,0.,
0.,0.,0.,
0,0,0,0,0,0,0,0,0,0,0,0,0,0,0,0,
274,124,2,25,8,1,0,0,0,0,0,0,0,
490,491,496,495,357,358,363,362,0,0,
0,0,0,0,0,0,0,0,0,0,
0.,0.,0.,0,0,0,0,0,0,
0.,0.,0.,
0.,0.,0.,
0,0,0,0,0,0,0,0,0,0,0,0,0,0,0,0,
275,124,2,25,8,1,0,0,0,0,0,0,0,
491,492,497,496,358,359,364,363,0,0,
0,0,0,0,0,0,0,0,0,0,
0.,0.,0.,0,0,0,0,0,0,
0.,0.,0.,
0.,0.,0.,
0,0,0,0,0,0,0,0,0,0,0,0,0,0,0,0,
276,124,2,25,8,1,0,0,0,0,0,0,0,
492,415,416,497,359,282,283,364,0,0,
0,0,0,0,0,0,0,0,0,0,
0.,0.,0.,0,0,0,0,0,0,
0.,0.,0.,
0.,0.,0.,
0,0,0,0,0,0,0,0,0,0,0,0,0,0,0,0,
277,124,1,25,8,1,0,0,0,0,0,0,0,
438,493,498,437,305,360,365,304,0,0,
0,0,0,0,0,0,0,0,0,0,
0.,0.,0.,0,0,0,0,0,0,
0.,0.,0.,
0.,0.,0.,
0,0,0,0,0,0,0,0,0,0,0,0,0,0,0,0,
278,124,1,25,8,1,0,0,0,0,0,0,0,
493,494,499,498,360,361,366,365,0,0,
0,0,0,0,0,0,0,0,0,0,
0.,0.,0.,0,0,0,0,0,0,
0.,0.,0.,
0.,0.,0.,
0,0,0,0,0,0,0,0,0,0,0,0,0,0,0,0,
279,124,2,25,8,1,0,0,0,0,0,0,0,
494,495,500,499,361,362,367,366,0,0,
0,0,0,0,0,0,0,0,0,0,
0.,0.,0.,0,0,0,0,0,0,
0.,0.,0.,
0.,0.,0.,
0,0,0,0,0,0,0,0,0,0,0,0,0,0,0,0,
280,124,2,25,8,1,0,0,0,0,0,0,0,
495,496,501,500,362,363,368,367,0,0,
0,0,0,0,0,0,0,0,0,0,
0.,0.,0.,0,0,0,0,0,0,
0.,0.,0.,
0.,0.,0.,
0,0,0,0,0,0,0,0,0,0,0,0,0,0,0,0,
281,124,2,25,8,1,0,0,0,0,0,0,0,
496,497,502,501,363,364,369,368,0,0,
0,0,0,0,0,0,0,0,0,0,
0.,0.,0.,0,0,0,0,0,0,
0.,0.,0.,
0.,0.,0.,
0,0,0,0,0,0,0,0,0,0,0,0,0,0,0,0,
282,124,2,25,8,1,0,0,0,0,0,0,0,
497,416,417,502,364,283,284,369,0,0,
0,0,0,0,0,0,0,0,0,0,
0.,0.,0.,0,0,0,0,0,0,
0.,0.,0.,
0.,0.,0.,
0,0,0,0,0,0,0,0,0,0,0,0,0,0,0,0,
283,124,1,25,8,1,0,0,0,0,0,0,0,
437,498,503,436,304,365,370,303,0,0,
0,0,0,0,0,0,0,0,0,0,
0.,0.,0.,0,0,0,0,0,0,
0.,0.,0.,
0.,0.,0.,
0,0,0,0,0,0,0,0,0,0,0,0,0,0,0,0,
284,124,1,25,8,1,0,0,0,0,0,0,0,
498,499,504,503,365,366,371,370,0,0,
0,0,0,0,0,0,0,0,0,0,
0.,0.,0.,0,0,0,0,0,0,
0.,0.,0.,
0.,0.,0.,
0,0,0,0,0,0,0,0,0,0,0,0,0,0,0,0,
285,124,2,25,8,1,0,0,0,0,0,0,0,
499,500,505,504,366,367,372,371,0,0,
0,0,0,0,0,0,0,0,0,0,
0.,0.,0.,0,0,0,0,0,0,
0.,0.,0.,
0.,0.,0.,
0,0,0,0,0,0,0,0,0,0,0,0,0,0,0,0,
286,124,2,25,8,1,0,0,0,0,0,0,0,
500,501,506,505,367,368,373,372,0,0,
0,0,0,0,0,0,0,0,0,0,
0.,0.,0.,0,0,0,0,0,0,
0.,0.,0.,
0.,0.,0.,
0,0,0,0,0,0,0,0,0,0,0,0,0,0,0,0,
287,124,2,25,8,1,0,0,0,0,0,0,0,
501,502,507,506,368,369,374,373,0,0,
0,0,0,0,0,0,0,0,0,0,
0.,0.,0.,0,0,0,0,0,0,
0.,0.,0.,
0.,0.,0.,
0,0,0,0,0,0,0,0,0,0,0,0,0,0,0,0,
288,124,2,25,8,1,0,0,0,0,0,0,0,
502,417,418,507,369,284,285,374,0,0,
0,0,0,0,0,0,0,0,0,0,
0.,0.,0.,0,0,0,0,0,0,
0.,0.,0.,
0.,0.,0.,
0,0,0,0,0,0,0,0,0,0,0,0,0,0,0,0,
289,124,1,25,8,1,0,0,0,0,0,0,0,
436,503,508,435,303,370,375,302,0,0,
0,0,0,0,0,0,0,0,0,0,
0.,0.,0.,0,0,0,0,0,0,
0.,0.,0.,
0.,0.,0.,
0,0,0,0,0,0,0,0,0,0,0,0,0,0,0,0,
290,124,1,25,8,1,0,0,0,0,0,0,0,
503,504,509,508,370,371,376,375,0,0,
0,0,0,0,0,0,0,0,0,0,
0.,0.,0.,0,0,0,0,0,0,
0.,0.,0.,
0.,0.,0.,
0,0,0,0,0,0,0,0,0,0,0,0,0,0,0,0,
291,124,2,25,8,1,0,0,0,0,0,0,0,
504,505,510,509,371,372,377,376,0,0,
0,0,0,0,0,0,0,0,0,0,
0.,0.,0.,0,0,0,0,0,0,
0.,0.,0.,
0.,0.,0.,
0,0,0,0,0,0,0,0,0,0,0,0,0,0,0,0,
292,124,2,25,8,1,0,0,0,0,0,0,0,
505,506,511,510,372,373,378,377,0,0,
0,0,0,0,0,0,0,0,0,0,
0.,0.,0.,0,0,0,0,0,0,
0.,0.,0.,
0.,0.,0.,
0,0,0,0,0,0,0,0,0,0,0,0,0,0,0,0,
293,124,2,25,8,1,0,0,0,0,0,0,0,
506,507,512,511,373,374,379,378,0,0,
0,0,0,0,0,0,0,0,0,0,
0.,0.,0.,0,0,0,0,0,0,
0.,0.,0.,
0.,0.,0.,
0,0,0,0,0,0,0,0,0,0,0,0,0,0,0,0,
294,124,2,25,8,1,0,0,0,0,0,0,0,
507,418,419,512,374,285,286,379,0,0,
0,0,0,0,0,0,0,0,0,0,
0.,0.,0.,0,0,0,0,0,0,
0.,0.,0.,
0.,0.,0.,
0,0,0,0,0,0,0,0,0,0,0,0,0,0,0,0,
295,124,1,25,8,1,0,0,0,0,0,0,0,
435,508,513,434,302,375,380,301,0,0,
0,0,0,0,0,0,0,0,0,0,
0.,0.,0.,0,0,0,0,0,0,
0.,0.,0.,
0.,0.,0.,
0,0,0,0,0,0,0,0,0,0,0,0,0,0,0,0,
296,124,1,25,8,1,0,0,0,0,0,0,0,
508,509,514,513,375,376,381,380,0,0,
0,0,0,0,0,0,0,0,0,0,
0.,0.,0.,0,0,0,0,0,0,
0.,0.,0.,
0.,0.,0.,
0,0,0,0,0,0,0,0,0,0,0,0,0,0,0,0,
297,124,2,25,8,1,0,0,0,0,0,0,0,
509,510,515,514,376,377,382,381,0,0,
0,0,0,0,0,0,0,0,0,0,
0.,0.,0.,0,0,0,0,0,0,
0.,0.,0.,
0.,0.,0.,
0,0,0,0,0,0,0,0,0,0,0,0,0,0,0,0,
298,124,2,25,8,1,0,0,0,0,0,0,0,
510,511,516,515,377,378,383,382,0,0,
0,0,0,0,0,0,0,0,0,0,
0.,0.,0.,0,0,0,0,0,0,
0.,0.,0.,
0.,0.,0.,
0,0,0,0,0,0,0,0,0,0,0,0,0,0,0,0,
299,124,2,25,8,1,0,0,0,0,0,0,0,
511,512,517,516,378,379,384,383,0,0,
0,0,0,0,0,0,0,0,0,0,
0.,0.,0.,0,0,0,0,0,0,
0.,0.,0.,
0.,0.,0.,
0,0,0,0,0,0,0,0,0,0,0,0,0,0,0,0,
300,124,2,25,8,1,0,0,0,0,0,0,0,
512,419,420,517,379,286,287,384,0,0,
0,0,0,0,0,0,0,0,0,0,
0.,0.,0.,0,0,0,0,0,0,
0.,0.,0.,
0.,0.,0.,
0,0,0,0,0,0,0,0,0,0,0,0,0,0,0,0,
301,124,1,25,8,1,0,0,0,0,0,0,0,
434,513,518,433,301,380,385,300,0,0,
0,0,0,0,0,0,0,0,0,0,
0.,0.,0.,0,0,0,0,0,0,
0.,0.,0.,
0.,0.,0.,
0,0,0,0,0,0,0,0,0,0,0,0,0,0,0,0,
302,124,1,25,8,1,0,0,0,0,0,0,0,
513,514,519,518,380,381,386,385,0,0,
0,0,0,0,0,0,0,0,0,0,
0.,0.,0.,0,0,0,0,0,0,
0.,0.,0.,
0.,0.,0.,
0,0,0,0,0,0,0,0,0,0,0,0,0,0,0,0,
303,124,2,25,8,1,0,0,0,0,0,0,0,
514,515,520,519,381,382,387,386,0,0,
0,0,0,0,0,0,0,0,0,0,
0.,0.,0.,0,0,0,0,0,0,
0.,0.,0.,
0.,0.,0.,
0,0,0,0,0,0,0,0,0,0,0,0,0,0,0,0,
304,124,2,25,8,1,0,0,0,0,0,0,0,
515,516,521,520,382,383,388,387,0,0,
0,0,0,0,0,0,0,0,0,0,
0.,0.,0.,0,0,0,0,0,0,
0.,0.,0.,
0.,0.,0.,
0,0,0,0,0,0,0,0,0,0,0,0,0,0,0,0,
305,124,2,25,8,1,0,0,0,0,0,0,0,
516,517,522,521,383,384,389,388,0,0,
0,0,0,0,0,0,0,0,0,0,
0.,0.,0.,0,0,0,0,0,0,
0.,0.,0.,
0.,0.,0.,
0,0,0,0,0,0,0,0,0,0,0,0,0,0,0,0,
306,124,2,25,8,1,0,0,0,0,0,0,0,
517,420,421,522,384,287,288,389,0,0,
0,0,0,0,0,0,0,0,0,0,
0.,0.,0.,0,0,0,0,0,0,
0.,0.,0.,
0.,0.,0.,
0,0,0,0,0,0,0,0,0,0,0,0,0,0,0,0,
307,124,1,25,8,1,0,0,0,0,0,0,0,
433,518,523,432,300,385,390,299,0,0,
0,0,0,0,0,0,0,0,0,0,
0.,0.,0.,0,0,0,0,0,0,
0.,0.,0.,
0.,0.,0.,
0,0,0,0,0,0,0,0,0,0,0,0,0,0,0,0,
308,124,1,25,8,1,0,0,0,0,0,0,0,
518,519,524,523,385,386,391,390,0,0,
0,0,0,0,0,0,0,0,0,0,
0.,0.,0.,0,0,0,0,0,0,
0.,0.,0.,
0.,0.,0.,
0,0,0,0,0,0,0,0,0,0,0,0,0,0,0,0,
309,124,2,25,8,1,0,0,0,0,0,0,0,
519,520,525,524,386,387,392,391,0,0,
0,0,0,0,0,0,0,0,0,0,
0.,0.,0.,0,0,0,0,0,0,
0.,0.,0.,
0.,0.,0.,
0,0,0,0,0,0,0,0,0,0,0,0,0,0,0,0,
310,124,2,25,8,1,0,0,0,0,0,0,0,
520,521,526,525,387,388,393,392,0,0,
0,0,0,0,0,0,0,0,0,0,
0.,0.,0.,0,0,0,0,0,0,
0.,0.,0.,
0.,0.,0.,
0,0,0,0,0,0,0,0,0,0,0,0,0,0,0,0,
311,124,2,25,8,1,0,0,0,0,0,0,0,
521,522,527,526,388,389,394,393,0,0,
0,0,0,0,0,0,0,0,0,0,
0.,0.,0.,0,0,0,0,0,0,
0.,0.,0.,
0.,0.,0.,
0,0,0,0,0,0,0,0,0,0,0,0,0,0,0,0,
312,124,2,25,8,1,0,0,0,0,0,0,0,
522,421,422,527,389,288,289,394,0,0,
0,0,0,0,0,0,0,0,0,0,
0.,0.,0.,0,0,0,0,0,0,
0.,0.,0.,
0.,0.,0.,
0,0,0,0,0,0,0,0,0,0,0,0,0,0,0,0,
313,124,1,25,8,1,0,0,0,0,0,0,0,
432,523,528,431,299,390,395,298,0,0,
0,0,0,0,0,0,0,0,0,0,
0.,0.,0.,0,0,0,0,0,0,
0.,0.,0.,
0.,0.,0.,
0,0,0,0,0,0,0,0,0,0,0,0,0,0,0,0,
314,124,1,25,8,1,0,0,0,0,0,0,0,
523,524,529,528,390,391,396,395,0,0,
0,0,0,0,0,0,0,0,0,0,
0.,0.,0.,0,0,0,0,0,0,
0.,0.,0.,
0.,0.,0.,
0,0,0,0,0,0,0,0,0,0,0,0,0,0,0,0,
315,124,2,25,8,1,0,0,0,0,0,0,0,
524,525,530,529,391,392,397,396,0,0,
0,0,0,0,0,0,0,0,0,0,
0.,0.,0.,0,0,0,0,0,0,
0.,0.,0.,
0.,0.,0.,
0,0,0,0,0,0,0,0,0,0,0,0,0,0,0,0,
316,124,2,25,8,1,0,0,0,0,0,0,0,
525,526,531,530,392,393,398,397,0,0,
0,0,0,0,0,0,0,0,0,0,
0.,0.,0.,0,0,0,0,0,0,
0.,0.,0.,
0.,0.,0.,
0,0,0,0,0,0,0,0,0,0,0,0,0,0,0,0,
317,124,2,25,8,1,0,0,0,0,0,0,0,
526,527,532,531,393,394,399,398,0,0,
0,0,0,0,0,0,0,0,0,0,
0.,0.,0.,0,0,0,0,0,0,
0.,0.,0.,
0.,0.,0.,
0,0,0,0,0,0,0,0,0,0,0,0,0,0,0,0,
318,124,2,25,8,1,0,0,0,0,0,0,0,
527,422,423,532,394,289,290,399,0,0,
0,0,0,0,0,0,0,0,0,0,
0.,0.,0.,0,0,0,0,0,0,
0.,0.,0.,
0.,0.,0.,
0,0,0,0,0,0,0,0,0,0,0,0,0,0,0,0,
319,124,1,25,8,1,0,0,0,0,0,0,0,
431,528,429,430,298,395,296,297,0,0,
0,0,0,0,0,0,0,0,0,0,
0.,0.,0.,0,0,0,0,0,0,
0.,0.,0.,
0.,0.,0.,
0,0,0,0,0,0,0,0,0,0,0,0,0,0,0,0,
320,124,1,25,8,1,0,0,0,0,0,0,0,
528,529,428,429,395,396,295,296,0,0,
0,0,0,0,0,0,0,0,0,0,
0.,0.,0.,0,0,0,0,0,0,
0.,0.,0.,
0.,0.,0.,
0,0,0,0,0,0,0,0,0,0,0,0,0,0,0,0,
321,124,2,25,8,1,0,0,0,0,0,0,0,
529,530,427,428,396,397,294,295,0,0,
0,0,0,0,0,0,0,0,0,0,
0.,0.,0.,0,0,0,0,0,0,
0.,0.,0.,
0.,0.,0.,
0,0,0,0,0,0,0,0,0,0,0,0,0,0,0,0,
322,124,2,25,8,1,0,0,0,0,0,0,0,
530,531,426,427,397,398,293,294,0,0,
0,0,0,0,0,0,0,0,0,0,
0.,0.,0.,0,0,0,0,0,0,
0.,0.,0.,
0.,0.,0.,
0,0,0,0,0,0,0,0,0,0,0,0,0,0,0,0,
323,124,2,25,8,1,0,0,0,0,0,0,0,
531,532,425,426,398,399,292,293,0,0,
0,0,0,0,0,0,0,0,0,0,
0.,0.,0.,0,0,0,0,0,0,
0.,0.,0.,
0.,0.,0.,
0,0,0,0,0,0,0,0,0,0,0,0,0,0,0,0,
324,124,2,25,8,1,0,0,0,0,0,0,0,
532,423,424,425,399,290,291,292,0,0,
0,0,0,0,0,0,0,0,0,0,
0.,0.,0.,0,0,0,0,0,0,
0.,0.,0.,
0.,0.,0.,
0,0,0,0,0,0,0,0,0,0,0,0,0,0,0,0,
325,124,1,25,8,1,0,0,0,0,0,0,0,
533,534,581,580,400,401,448,447,0,0,
0,0,0,0,0,0,0,0,0,0,
0.,0.,0.,0,0,0,0,0,0,
0.,0.,0.,
0.,0.,0.,
0,0,0,0,0,0,0,0,0,0,0,0,0,0,0,0,
326,124,1,25,8,1,0,0,0,0,0,0,0,
534,535,582,581,401,402,449,448,0,0,
0,0,0,0,0,0,0,0,0,0,
0.,0.,0.,0,0,0,0,0,0,
0.,0.,0.,
0.,0.,0.,
0,0,0,0,0,0,0,0,0,0,0,0,0,0,0,0,
327,124,2,25,8,1,0,0,0,0,0,0,0,
535,536,583,582,402,403,450,449,0,0,
0,0,0,0,0,0,0,0,0,0,
0.,0.,0.,0,0,0,0,0,0,
0.,0.,0.,
0.,0.,0.,
0,0,0,0,0,0,0,0,0,0,0,0,0,0,0,0,
328,124,2,25,8,1,0,0,0,0,0,0,0,
536,537,584,583,403,404,451,450,0,0,
0,0,0,0,0,0,0,0,0,0,
0.,0.,0.,0,0,0,0,0,0,
0.,0.,0.,
0.,0.,0.,
0,0,0,0,0,0,0,0,0,0,0,0,0,0,0,0,
329,124,2,25,8,1,0,0,0,0,0,0,0,
537,538,585,584,404,405,452,451,0,0,
0,0,0,0,0,0,0,0,0,0,
0.,0.,0.,0,0,0,0,0,0,
0.,0.,0.,
0.,0.,0.,
0,0,0,0,0,0,0,0,0,0,0,0,0,0,0,0,
330,124,2,25,8,1,0,0,0,0,0,0,0,
538,539,540,585,405,406,407,452,0,0,
0,0,0,0,0,0,0,0,0,0,
0.,0.,0.,0,0,0,0,0,0,
0.,0.,0.,
0.,0.,0.,
0,0,0,0,0,0,0,0,0,0,0,0,0,0,0,0,
331,124,1,25,8,1,0,0,0,0,0,0,0,
580,581,586,579,447,448,453,446,0,0,
0,0,0,0,0,0,0,0,0,0,
0.,0.,0.,0,0,0,0,0,0,
0.,0.,0.,
0.,0.,0.,
0,0,0,0,0,0,0,0,0,0,0,0,0,0,0,0,
332,124,1,25,8,1,0,0,0,0,0,0,0,
581,582,587,586,448,449,454,453,0,0,
0,0,0,0,0,0,0,0,0,0,
0.,0.,0.,0,0,0,0,0,0,
0.,0.,0.,
0.,0.,0.,
0,0,0,0,0,0,0,0,0,0,0,0,0,0,0,0,
333,124,2,25,8,1,0,0,0,0,0,0,0,
582,583,588,587,449,450,455,454,0,0,
0,0,0,0,0,0,0,0,0,0,
0.,0.,0.,0,0,0,0,0,0,
0.,0.,0.,
0.,0.,0.,
0,0,0,0,0,0,0,0,0,0,0,0,0,0,0,0,
334,124,2,25,8,1,0,0,0,0,0,0,0,
583,584,589,588,450,451,456,455,0,0,
0,0,0,0,0,0,0,0,0,0,
0.,0.,0.,0,0,0,0,0,0,
0.,0.,0.,
0.,0.,0.,
0,0,0,0,0,0,0,0,0,0,0,0,0,0,0,0,
335,124,2,25,8,1,0,0,0,0,0,0,0,
584,585,590,589,451,452,457,456,0,0,
0,0,0,0,0,0,0,0,0,0,
0.,0.,0.,0,0,0,0,0,0,
0.,0.,0.,
0.,0.,0.,
0,0,0,0,0,0,0,0,0,0,0,0,0,0,0,0,
336,124,2,25,8,1,0,0,0,0,0,0,0,
585,540,541,590,452,407,408,457,0,0,
0,0,0,0,0,0,0,0,0,0,
0.,0.,0.,0,0,0,0,0,0,
0.,0.,0.,
0.,0.,0.,
0,0,0,0,0,0,0,0,0,0,0,0,0,0,0,0,
337,124,1,25,8,1,0,0,0,0,0,0,0,
579,586,591,578,446,453,458,445,0,0,
0,0,0,0,0,0,0,0,0,0,
0.,0.,0.,0,0,0,0,0,0,
0.,0.,0.,
0.,0.,0.,
0,0,0,0,0,0,0,0,0,0,0,0,0,0,0,0,
338,124,1,25,8,1,0,0,0,0,0,0,0,
586,587,592,591,453,454,459,458,0,0,
0,0,0,0,0,0,0,0,0,0,
0.,0.,0.,0,0,0,0,0,0,
0.,0.,0.,
0.,0.,0.,
0,0,0,0,0,0,0,0,0,0,0,0,0,0,0,0,
339,124,2,25,8,1,0,0,0,0,0,0,0,
587,588,593,592,454,455,460,459,0,0,
0,0,0,0,0,0,0,0,0,0,
0.,0.,0.,0,0,0,0,0,0,
0.,0.,0.,
0.,0.,0.,
0,0,0,0,0,0,0,0,0,0,0,0,0,0,0,0,
340,124,2,25,8,1,0,0,0,0,0,0,0,
588,589,594,593,455,456,461,460,0,0,
0,0,0,0,0,0,0,0,0,0,
0.,0.,0.,0,0,0,0,0,0,
0.,0.,0.,
0.,0.,0.,
0,0,0,0,0,0,0,0,0,0,0,0,0,0,0,0,
341,124,2,25,8,1,0,0,0,0,0,0,0,
589,590,595,594,456,457,462,461,0,0,
0,0,0,0,0,0,0,0,0,0,
0.,0.,0.,0,0,0,0,0,0,
0.,0.,0.,
0.,0.,0.,
0,0,0,0,0,0,0,0,0,0,0,0,0,0,0,0,
342,124,2,25,8,1,0,0,0,0,0,0,0,
590,541,542,595,457,408,409,462,0,0,
0,0,0,0,0,0,0,0,0,0,
0.,0.,0.,0,0,0,0,0,0,
0.,0.,0.,
0.,0.,0.,
0,0,0,0,0,0,0,0,0,0,0,0,0,0,0,0,
343,124,1,25,8,1,0,0,0,0,0,0,0,
578,591,596,577,445,458,463,444,0,0,
0,0,0,0,0,0,0,0,0,0,
0.,0.,0.,0,0,0,0,0,0,
0.,0.,0.,
0.,0.,0.,
0,0,0,0,0,0,0,0,0,0,0,0,0,0,0,0,
344,124,1,25,8,1,0,0,0,0,0,0,0,
591,592,597,596,458,459,464,463,0,0,
0,0,0,0,0,0,0,0,0,0,
0.,0.,0.,0,0,0,0,0,0,
0.,0.,0.,
0.,0.,0.,
0,0,0,0,0,0,0,0,0,0,0,0,0,0,0,0,
345,124,2,25,8,1,0,0,0,0,0,0,0,
592,593,598,597,459,460,465,464,0,0,
0,0,0,0,0,0,0,0,0,0,
0.,0.,0.,0,0,0,0,0,0,
0.,0.,0.,
0.,0.,0.,
0,0,0,0,0,0,0,0,0,0,0,0,0,0,0,0,
346,124,2,25,8,1,0,0,0,0,0,0,0,
593,594,599,598,460,461,466,465,0,0,
0,0,0,0,0,0,0,0,0,0,
0.,0.,0.,0,0,0,0,0,0,
0.,0.,0.,
0.,0.,0.,
0,0,0,0,0,0,0,0,0,0,0,0,0,0,0,0,
347,124,2,25,8,1,0,0,0,0,0,0,0,
594,595,600,599,461,462,467,466,0,0,
0,0,0,0,0,0,0,0,0,0,
0.,0.,0.,0,0,0,0,0,0,
0.,0.,0.,
0.,0.,0.,
0,0,0,0,0,0,0,0,0,0,0,0,0,0,0,0,
348,124,2,25,8,1,0,0,0,0,0,0,0,
595,542,543,600,462,409,410,467,0,0,
0,0,0,0,0,0,0,0,0,0,
0.,0.,0.,0,0,0,0,0,0,
0.,0.,0.,
0.,0.,0.,
0,0,0,0,0,0,0,0,0,0,0,0,0,0,0,0,
349,124,1,25,8,1,0,0,0,0,0,0,0,
577,596,601,576,444,463,468,443,0,0,
0,0,0,0,0,0,0,0,0,0,
0.,0.,0.,0,0,0,0,0,0,
0.,0.,0.,
0.,0.,0.,
0,0,0,0,0,0,0,0,0,0,0,0,0,0,0,0,
350,124,1,25,8,1,0,0,0,0,0,0,0,
596,597,602,601,463,464,469,468,0,0,
0,0,0,0,0,0,0,0,0,0,
0.,0.,0.,0,0,0,0,0,0,
0.,0.,0.,
0.,0.,0.,
0,0,0,0,0,0,0,0,0,0,0,0,0,0,0,0,
351,124,2,25,8,1,0,0,0,0,0,0,0,
597,598,603,602,464,465,470,469,0,0,
0,0,0,0,0,0,0,0,0,0,
0.,0.,0.,0,0,0,0,0,0,
0.,0.,0.,
0.,0.,0.,
0,0,0,0,0,0,0,0,0,0,0,0,0,0,0,0,
352,124,2,25,8,1,0,0,0,0,0,0,0,
598,599,604,603,465,466,471,470,0,0,
0,0,0,0,0,0,0,0,0,0,
0.,0.,0.,0,0,0,0,0,0,
0.,0.,0.,
0.,0.,0.,
0,0,0,0,0,0,0,0,0,0,0,0,0,0,0,0,
353,124,2,25,8,1,0,0,0,0,0,0,0,
599,600,605,604,466,467,472,471,0,0,
0,0,0,0,0,0,0,0,0,0,
0.,0.,0.,0,0,0,0,0,0,
0.,0.,0.,
0.,0.,0.,
0,0,0,0,0,0,0,0,0,0,0,0,0,0,0,0,
354,124,2,25,8,1,0,0,0,0,0,0,0,
600,543,544,605,467,410,411,472,0,0,
0,0,0,0,0,0,0,0,0,0,
0.,0.,0.,0,0,0,0,0,0,
0.,0.,0.,
0.,0.,0.,
0,0,0,0,0,0,0,0,0,0,0,0,0,0,0,0,
355,124,1,25,8,1,0,0,0,0,0,0,0,
576,601,606,575,443,468,473,442,0,0,
0,0,0,0,0,0,0,0,0,0,
0.,0.,0.,0,0,0,0,0,0,
0.,0.,0.,
0.,0.,0.,
0,0,0,0,0,0,0,0,0,0,0,0,0,0,0,0,
356,124,1,25,8,1,0,0,0,0,0,0,0,
601,602,607,606,468,469,474,473,0,0,
0,0,0,0,0,0,0,0,0,0,
0.,0.,0.,0,0,0,0,0,0,
0.,0.,0.,
0.,0.,0.,
0,0,0,0,0,0,0,0,0,0,0,0,0,0,0,0,
357,124,2,25,8,1,0,0,0,0,0,0,0,
602,603,608,607,469,470,475,474,0,0,
0,0,0,0,0,0,0,0,0,0,
0.,0.,0.,0,0,0,0,0,0,
0.,0.,0.,
0.,0.,0.,
0,0,0,0,0,0,0,0,0,0,0,0,0,0,0,0,
358,124,2,25,8,1,0,0,0,0,0,0,0,
603,604,609,608,470,471,476,475,0,0,
0,0,0,0,0,0,0,0,0,0,
0.,0.,0.,0,0,0,0,0,0,
0.,0.,0.,
0.,0.,0.,
0,0,0,0,0,0,0,0,0,0,0,0,0,0,0,0,
359,124,2,25,8,1,0,0,0,0,0,0,0,
604,605,610,609,471,472,477,476,0,0,
0,0,0,0,0,0,0,0,0,0,
0.,0.,0.,0,0,0,0,0,0,
0.,0.,0.,
0.,0.,0.,
0,0,0,0,0,0,0,0,0,0,0,0,0,0,0,0,
360,124,2,25,8,1,0,0,0,0,0,0,0,
605,544,545,610,472,411,412,477,0,0,
0,0,0,0,0,0,0,0,0,0,
0.,0.,0.,0,0,0,0,0,0,
0.,0.,0.,
0.,0.,0.,
0,0,0,0,0,0,0,0,0,0,0,0,0,0,0,0,
361,124,1,25,8,1,0,0,0,0,0,0,0,
575,606,611,574,442,473,478,441,0,0,
0,0,0,0,0,0,0,0,0,0,
0.,0.,0.,0,0,0,0,0,0,
0.,0.,0.,
0.,0.,0.,
0,0,0,0,0,0,0,0,0,0,0,0,0,0,0,0,
362,124,1,25,8,1,0,0,0,0,0,0,0,
606,607,612,611,473,474,479,478,0,0,
0,0,0,0,0,0,0,0,0,0,
0.,0.,0.,0,0,0,0,0,0,
0.,0.,0.,
0.,0.,0.,
0,0,0,0,0,0,0,0,0,0,0,0,0,0,0,0,
363,124,2,25,8,1,0,0,0,0,0,0,0,
607,608,613,612,474,475,480,479,0,0,
0,0,0,0,0,0,0,0,0,0,
0.,0.,0.,0,0,0,0,0,0,
0.,0.,0.,
0.,0.,0.,
0,0,0,0,0,0,0,0,0,0,0,0,0,0,0,0,
364,124,2,25,8,1,0,0,0,0,0,0,0,
608,609,614,613,475,476,481,480,0,0,
0,0,0,0,0,0,0,0,0,0,
0.,0.,0.,0,0,0,0,0,0,
0.,0.,0.,
0.,0.,0.,
0,0,0,0,0,0,0,0,0,0,0,0,0,0,0,0,
365,124,2,25,8,1,0,0,0,0,0,0,0,
609,610,615,614,476,477,482,481,0,0,
0,0,0,0,0,0,0,0,0,0,
0.,0.,0.,0,0,0,0,0,0,
0.,0.,0.,
0.,0.,0.,
0,0,0,0,0,0,0,0,0,0,0,0,0,0,0,0,
366,124,2,25,8,1,0,0,0,0,0,0,0,
610,545,546,615,477,412,413,482,0,0,
0,0,0,0,0,0,0,0,0,0,
0.,0.,0.,0,0,0,0,0,0,
0.,0.,0.,
0.,0.,0.,
0,0,0,0,0,0,0,0,0,0,0,0,0,0,0,0,
367,124,1,25,8,1,0,0,0,0,0,0,0,
574,611,616,573,441,478,483,440,0,0,
0,0,0,0,0,0,0,0,0,0,
0.,0.,0.,0,0,0,0,0,0,
0.,0.,0.,
0.,0.,0.,
0,0,0,0,0,0,0,0,0,0,0,0,0,0,0,0,
368,124,1,25,8,1,0,0,0,0,0,0,0,
611,612,617,616,478,479,484,483,0,0,
0,0,0,0,0,0,0,0,0,0,
0.,0.,0.,0,0,0,0,0,0,
0.,0.,0.,
0.,0.,0.,
0,0,0,0,0,0,0,0,0,0,0,0,0,0,0,0,
369,124,2,25,8,1,0,0,0,0,0,0,0,
612,613,618,617,479,480,485,484,0,0,
0,0,0,0,0,0,0,0,0,0,
0.,0.,0.,0,0,0,0,0,0,
0.,0.,0.,
0.,0.,0.,
0,0,0,0,0,0,0,0,0,0,0,0,0,0,0,0,
370,124,2,25,8,1,0,0,0,0,0,0,0,
613,614,619,618,480,481,486,485,0,0,
0,0,0,0,0,0,0,0,0,0,
0.,0.,0.,0,0,0,0,0,0,
0.,0.,0.,
0.,0.,0.,
0,0,0,0,0,0,0,0,0,0,0,0,0,0,0,0,
371,124,2,25,8,1,0,0,0,0,0,0,0,
614,615,620,619,481,482,487,486,0,0,
0,0,0,0,0,0,0,0,0,0,
0.,0.,0.,0,0,0,0,0,0,
0.,0.,0.,
0.,0.,0.,
0,0,0,0,0,0,0,0,0,0,0,0,0,0,0,0,
372,124,2,25,8,1,0,0,0,0,0,0,0,
615,546,547,620,482,413,414,487,0,0,
0,0,0,0,0,0,0,0,0,0,
0.,0.,0.,0,0,0,0,0,0,
0.,0.,0.,
0.,0.,0.,
0,0,0,0,0,0,0,0,0,0,0,0,0,0,0,0,
373,124,1,25,8,1,0,0,0,0,0,0,0,
573,616,621,572,440,483,488,439,0,0,
0,0,0,0,0,0,0,0,0,0,
0.,0.,0.,0,0,0,0,0,0,
0.,0.,0.,
0.,0.,0.,
0,0,0,0,0,0,0,0,0,0,0,0,0,0,0,0,
374,124,1,25,8,1,0,0,0,0,0,0,0,
616,617,622,621,483,484,489,488,0,0,
0,0,0,0,0,0,0,0,0,0,
0.,0.,0.,0,0,0,0,0,0,
0.,0.,0.,
0.,0.,0.,
0,0,0,0,0,0,0,0,0,0,0,0,0,0,0,0,
375,124,2,25,8,1,0,0,0,0,0,0,0,
617,618,623,622,484,485,490,489,0,0,
0,0,0,0,0,0,0,0,0,0,
0.,0.,0.,0,0,0,0,0,0,
0.,0.,0.,
0.,0.,0.,
0,0,0,0,0,0,0,0,0,0,0,0,0,0,0,0,
376,124,2,25,8,1,0,0,0,0,0,0,0,
618,619,624,623,485,486,491,490,0,0,
0,0,0,0,0,0,0,0,0,0,
0.,0.,0.,0,0,0,0,0,0,
0.,0.,0.,
0.,0.,0.,
0,0,0,0,0,0,0,0,0,0,0,0,0,0,0,0,
377,124,2,25,8,1,0,0,0,0,0,0,0,
619,620,625,624,486,487,492,491,0,0,
0,0,0,0,0,0,0,0,0,0,
0.,0.,0.,0,0,0,0,0,0,
0.,0.,0.,
0.,0.,0.,
0,0,0,0,0,0,0,0,0,0,0,0,0,0,0,0,
378,124,2,25,8,1,0,0,0,0,0,0,0,
620,547,548,625,487,414,415,492,0,0,
0,0,0,0,0,0,0,0,0,0,
0.,0.,0.,0,0,0,0,0,0,
0.,0.,0.,
0.,0.,0.,
0,0,0,0,0,0,0,0,0,0,0,0,0,0,0,0,
379,124,1,25,8,1,0,0,0,0,0,0,0,
572,621,626,571,439,488,493,438,0,0,
0,0,0,0,0,0,0,0,0,0,
0.,0.,0.,0,0,0,0,0,0,
0.,0.,0.,
0.,0.,0.,
0,0,0,0,0,0,0,0,0,0,0,0,0,0,0,0,
380,124,1,25,8,1,0,0,0,0,0,0,0,
621,622,627,626,488,489,494,493,0,0,
0,0,0,0,0,0,0,0,0,0,
0.,0.,0.,0,0,0,0,0,0,
0.,0.,0.,
0.,0.,0.,
0,0,0,0,0,0,0,0,0,0,0,0,0,0,0,0,
381,124,2,25,8,1,0,0,0,0,0,0,0,
622,623,628,627,489,490,495,494,0,0,
0,0,0,0,0,0,0,0,0,0,
0.,0.,0.,0,0,0,0,0,0,
0.,0.,0.,
0.,0.,0.,
0,0,0,0,0,0,0,0,0,0,0,0,0,0,0,0,
382,124,2,25,8,1,0,0,0,0,0,0,0,
623,624,629,628,490,491,496,495,0,0,
0,0,0,0,0,0,0,0,0,0,
0.,0.,0.,0,0,0,0,0,0,
0.,0.,0.,
0.,0.,0.,
0,0,0,0,0,0,0,0,0,0,0,0,0,0,0,0,
383,124,2,25,8,1,0,0,0,0,0,0,0,
624,625,630,629,491,492,497,496,0,0,
0,0,0,0,0,0,0,0,0,0,
0.,0.,0.,0,0,0,0,0,0,
0.,0.,0.,
0.,0.,0.,
0,0,0,0,0,0,0,0,0,0,0,0,0,0,0,0,
384,124,2,25,8,1,0,0,0,0,0,0,0,
625,548,549,630,492,415,416,497,0,0,
0,0,0,0,0,0,0,0,0,0,
0.,0.,0.,0,0,0,0,0,0,
0.,0.,0.,
0.,0.,0.,
0,0,0,0,0,0,0,0,0,0,0,0,0,0,0,0,
385,124,1,25,8,1,0,0,0,0,0,0,0,
571,626,631,570,438,493,498,437,0,0,
0,0,0,0,0,0,0,0,0,0,
0.,0.,0.,0,0,0,0,0,0,
0.,0.,0.,
0.,0.,0.,
0,0,0,0,0,0,0,0,0,0,0,0,0,0,0,0,
386,124,1,25,8,1,0,0,0,0,0,0,0,
626,627,632,631,493,494,499,498,0,0,
0,0,0,0,0,0,0,0,0,0,
0.,0.,0.,0,0,0,0,0,0,
0.,0.,0.,
0.,0.,0.,
0,0,0,0,0,0,0,0,0,0,0,0,0,0,0,0,
387,124,2,25,8,1,0,0,0,0,0,0,0,
627,628,633,632,494,495,500,499,0,0,
0,0,0,0,0,0,0,0,0,0,
0.,0.,0.,0,0,0,0,0,0,
0.,0.,0.,
0.,0.,0.,
0,0,0,0,0,0,0,0,0,0,0,0,0,0,0,0,
388,124,2,25,8,1,0,0,0,0,0,0,0,
628,629,634,633,495,496,501,500,0,0,
0,0,0,0,0,0,0,0,0,0,
0.,0.,0.,0,0,0,0,0,0,
0.,0.,0.,
0.,0.,0.,
0,0,0,0,0,0,0,0,0,0,0,0,0,0,0,0,
389,124,2,25,8,1,0,0,0,0,0,0,0,
629,630,635,634,496,497,502,501,0,0,
0,0,0,0,0,0,0,0,0,0,
0.,0.,0.,0,0,0,0,0,0,
0.,0.,0.,
0.,0.,0.,
0,0,0,0,0,0,0,0,0,0,0,0,0,0,0,0,
390,124,2,25,8,1,0,0,0,0,0,0,0,
630,549,550,635,497,416,417,502,0,0,
0,0,0,0,0,0,0,0,0,0,
0.,0.,0.,0,0,0,0,0,0,
0.,0.,0.,
0.,0.,0.,
0,0,0,0,0,0,0,0,0,0,0,0,0,0,0,0,
391,124,1,25,8,1,0,0,0,0,0,0,0,
570,631,636,569,437,498,503,436,0,0,
0,0,0,0,0,0,0,0,0,0,
0.,0.,0.,0,0,0,0,0,0,
0.,0.,0.,
0.,0.,0.,
0,0,0,0,0,0,0,0,0,0,0,0,0,0,0,0,
392,124,1,25,8,1,0,0,0,0,0,0,0,
631,632,637,636,498,499,504,503,0,0,
0,0,0,0,0,0,0,0,0,0,
0.,0.,0.,0,0,0,0,0,0,
0.,0.,0.,
0.,0.,0.,
0,0,0,0,0,0,0,0,0,0,0,0,0,0,0,0,
393,124,2,25,8,1,0,0,0,0,0,0,0,
632,633,638,637,499,500,505,504,0,0,
0,0,0,0,0,0,0,0,0,0,
0.,0.,0.,0,0,0,0,0,0,
0.,0.,0.,
0.,0.,0.,
0,0,0,0,0,0,0,0,0,0,0,0,0,0,0,0,
394,124,2,25,8,1,0,0,0,0,0,0,0,
633,634,639,638,500,501,506,505,0,0,
0,0,0,0,0,0,0,0,0,0,
0.,0.,0.,0,0,0,0,0,0,
0.,0.,0.,
0.,0.,0.,
0,0,0,0,0,0,0,0,0,0,0,0,0,0,0,0,
395,124,2,25,8,1,0,0,0,0,0,0,0,
634,635,640,639,501,502,507,506,0,0,
0,0,0,0,0,0,0,0,0,0,
0.,0.,0.,0,0,0,0,0,0,
0.,0.,0.,
0.,0.,0.,
0,0,0,0,0,0,0,0,0,0,0,0,0,0,0,0,
396,124,2,25,8,1,0,0,0,0,0,0,0,
635,550,551,640,502,417,418,507,0,0,
0,0,0,0,0,0,0,0,0,0,
0.,0.,0.,0,0,0,0,0,0,
0.,0.,0.,
0.,0.,0.,
0,0,0,0,0,0,0,0,0,0,0,0,0,0,0,0,
397,124,1,25,8,1,0,0,0,0,0,0,0,
569,636,641,568,436,503,508,435,0,0,
0,0,0,0,0,0,0,0,0,0,
0.,0.,0.,0,0,0,0,0,0,
0.,0.,0.,
0.,0.,0.,
0,0,0,0,0,0,0,0,0,0,0,0,0,0,0,0,
398,124,1,25,8,1,0,0,0,0,0,0,0,
636,637,642,641,503,504,509,508,0,0,
0,0,0,0,0,0,0,0,0,0,
0.,0.,0.,0,0,0,0,0,0,
0.,0.,0.,
0.,0.,0.,
0,0,0,0,0,0,0,0,0,0,0,0,0,0,0,0,
399,124,2,25,8,1,0,0,0,0,0,0,0,
637,638,643,642,504,505,510,509,0,0,
0,0,0,0,0,0,0,0,0,0,
0.,0.,0.,0,0,0,0,0,0,
0.,0.,0.,
0.,0.,0.,
0,0,0,0,0,0,0,0,0,0,0,0,0,0,0,0,
400,124,2,25,8,1,0,0,0,0,0,0,0,
638,639,644,643,505,506,511,510,0,0,
0,0,0,0,0,0,0,0,0,0,
0.,0.,0.,0,0,0,0,0,0,
0.,0.,0.,
0.,0.,0.,
0,0,0,0,0,0,0,0,0,0,0,0,0,0,0,0,
401,124,2,25,8,1,0,0,0,0,0,0,0,
639,640,645,644,506,507,512,511,0,0,
0,0,0,0,0,0,0,0,0,0,
0.,0.,0.,0,0,0,0,0,0,
0.,0.,0.,
0.,0.,0.,
0,0,0,0,0,0,0,0,0,0,0,0,0,0,0,0,
402,124,2,25,8,1,0,0,0,0,0,0,0,
640,551,552,645,507,418,419,512,0,0,
0,0,0,0,0,0,0,0,0,0,
0.,0.,0.,0,0,0,0,0,0,
0.,0.,0.,
0.,0.,0.,
0,0,0,0,0,0,0,0,0,0,0,0,0,0,0,0,
403,124,1,25,8,1,0,0,0,0,0,0,0,
568,641,646,567,435,508,513,434,0,0,
0,0,0,0,0,0,0,0,0,0,
0.,0.,0.,0,0,0,0,0,0,
0.,0.,0.,
0.,0.,0.,
0,0,0,0,0,0,0,0,0,0,0,0,0,0,0,0,
404,124,1,25,8,1,0,0,0,0,0,0,0,
641,642,647,646,508,509,514,513,0,0,
0,0,0,0,0,0,0,0,0,0,
0.,0.,0.,0,0,0,0,0,0,
0.,0.,0.,
0.,0.,0.,
0,0,0,0,0,0,0,0,0,0,0,0,0,0,0,0,
405,124,2,25,8,1,0,0,0,0,0,0,0,
642,643,648,647,509,510,515,514,0,0,
0,0,0,0,0,0,0,0,0,0,
0.,0.,0.,0,0,0,0,0,0,
0.,0.,0.,
0.,0.,0.,
0,0,0,0,0,0,0,0,0,0,0,0,0,0,0,0,
406,124,2,25,8,1,0,0,0,0,0,0,0,
643,644,649,648,510,511,516,515,0,0,
0,0,0,0,0,0,0,0,0,0,
0.,0.,0.,0,0,0,0,0,0,
0.,0.,0.,
0.,0.,0.,
0,0,0,0,0,0,0,0,0,0,0,0,0,0,0,0,
407,124,2,25,8,1,0,0,0,0,0,0,0,
644,645,650,649,511,512,517,516,0,0,
0,0,0,0,0,0,0,0,0,0,
0.,0.,0.,0,0,0,0,0,0,
0.,0.,0.,
0.,0.,0.,
0,0,0,0,0,0,0,0,0,0,0,0,0,0,0,0,
408,124,2,25,8,1,0,0,0,0,0,0,0,
645,552,553,650,512,419,420,517,0,0,
0,0,0,0,0,0,0,0,0,0,
0.,0.,0.,0,0,0,0,0,0,
0.,0.,0.,
0.,0.,0.,
0,0,0,0,0,0,0,0,0,0,0,0,0,0,0,0,
409,124,1,25,8,1,0,0,0,0,0,0,0,
567,646,651,566,434,513,518,433,0,0,
0,0,0,0,0,0,0,0,0,0,
0.,0.,0.,0,0,0,0,0,0,
0.,0.,0.,
0.,0.,0.,
0,0,0,0,0,0,0,0,0,0,0,0,0,0,0,0,
410,124,1,25,8,1,0,0,0,0,0,0,0,
646,647,652,651,513,514,519,518,0,0,
0,0,0,0,0,0,0,0,0,0,
0.,0.,0.,0,0,0,0,0,0,
0.,0.,0.,
0.,0.,0.,
0,0,0,0,0,0,0,0,0,0,0,0,0,0,0,0,
411,124,2,25,8,1,0,0,0,0,0,0,0,
647,648,653,652,514,515,520,519,0,0,
0,0,0,0,0,0,0,0,0,0,
0.,0.,0.,0,0,0,0,0,0,
0.,0.,0.,
0.,0.,0.,
0,0,0,0,0,0,0,0,0,0,0,0,0,0,0,0,
412,124,2,25,8,1,0,0,0,0,0,0,0,
648,649,654,653,515,516,521,520,0,0,
0,0,0,0,0,0,0,0,0,0,
0.,0.,0.,0,0,0,0,0,0,
0.,0.,0.,
0.,0.,0.,
0,0,0,0,0,0,0,0,0,0,0,0,0,0,0,0,
413,124,2,25,8,1,0,0,0,0,0,0,0,
649,650,655,654,516,517,522,521,0,0,
0,0,0,0,0,0,0,0,0,0,
0.,0.,0.,0,0,0,0,0,0,
0.,0.,0.,
0.,0.,0.,
0,0,0,0,0,0,0,0,0,0,0,0,0,0,0,0,
414,124,2,25,8,1,0,0,0,0,0,0,0,
650,553,554,655,517,420,421,522,0,0,
0,0,0,0,0,0,0,0,0,0,
0.,0.,0.,0,0,0,0,0,0,
0.,0.,0.,
0.,0.,0.,
0,0,0,0,0,0,0,0,0,0,0,0,0,0,0,0,
415,124,1,25,8,1,0,0,0,0,0,0,0,
566,651,656,565,433,518,523,432,0,0,
0,0,0,0,0,0,0,0,0,0,
0.,0.,0.,0,0,0,0,0,0,
0.,0.,0.,
0.,0.,0.,
0,0,0,0,0,0,0,0,0,0,0,0,0,0,0,0,
416,124,1,25,8,1,0,0,0,0,0,0,0,
651,652,657,656,518,519,524,523,0,0,
0,0,0,0,0,0,0,0,0,0,
0.,0.,0.,0,0,0,0,0,0,
0.,0.,0.,
0.,0.,0.,
0,0,0,0,0,0,0,0,0,0,0,0,0,0,0,0,
417,124,2,25,8,1,0,0,0,0,0,0,0,
652,653,658,657,519,520,525,524,0,0,
0,0,0,0,0,0,0,0,0,0,
0.,0.,0.,0,0,0,0,0,0,
0.,0.,0.,
0.,0.,0.,
0,0,0,0,0,0,0,0,0,0,0,0,0,0,0,0,
418,124,2,25,8,1,0,0,0,0,0,0,0,
653,654,659,658,520,521,526,525,0,0,
0,0,0,0,0,0,0,0,0,0,
0.,0.,0.,0,0,0,0,0,0,
0.,0.,0.,
0.,0.,0.,
0,0,0,0,0,0,0,0,0,0,0,0,0,0,0,0,
419,124,2,25,8,1,0,0,0,0,0,0,0,
654,655,660,659,521,522,527,526,0,0,
0,0,0,0,0,0,0,0,0,0,
0.,0.,0.,0,0,0,0,0,0,
0.,0.,0.,
0.,0.,0.,
0,0,0,0,0,0,0,0,0,0,0,0,0,0,0,0,
420,124,2,25,8,1,0,0,0,0,0,0,0,
655,554,555,660,522,421,422,527,0,0,
0,0,0,0,0,0,0,0,0,0,
0.,0.,0.,0,0,0,0,0,0,
0.,0.,0.,
0.,0.,0.,
0,0,0,0,0,0,0,0,0,0,0,0,0,0,0,0,
421,124,1,25,8,1,0,0,0,0,0,0,0,
565,656,661,564,432,523,528,431,0,0,
0,0,0,0,0,0,0,0,0,0,
0.,0.,0.,0,0,0,0,0,0,
0.,0.,0.,
0.,0.,0.,
0,0,0,0,0,0,0,0,0,0,0,0,0,0,0,0,
422,124,1,25,8,1,0,0,0,0,0,0,0,
656,657,662,661,523,524,529,528,0,0,
0,0,0,0,0,0,0,0,0,0,
0.,0.,0.,0,0,0,0,0,0,
0.,0.,0.,
0.,0.,0.,
0,0,0,0,0,0,0,0,0,0,0,0,0,0,0,0,
423,124,2,25,8,1,0,0,0,0,0,0,0,
657,658,663,662,524,525,530,529,0,0,
0,0,0,0,0,0,0,0,0,0,
0.,0.,0.,0,0,0,0,0,0,
0.,0.,0.,
0.,0.,0.,
0,0,0,0,0,0,0,0,0,0,0,0,0,0,0,0,
424,124,2,25,8,1,0,0,0,0,0,0,0,
658,659,664,663,525,526,531,530,0,0,
0,0,0,0,0,0,0,0,0,0,
0.,0.,0.,0,0,0,0,0,0,
0.,0.,0.,
0.,0.,0.,
0,0,0,0,0,0,0,0,0,0,0,0,0,0,0,0,
425,124,2,25,8,1,0,0,0,0,0,0,0,
659,660,665,664,526,527,532,531,0,0,
0,0,0,0,0,0,0,0,0,0,
0.,0.,0.,0,0,0,0,0,0,
0.,0.,0.,
0.,0.,0.,
0,0,0,0,0,0,0,0,0,0,0,0,0,0,0,0,
426,124,2,25,8,1,0,0,0,0,0,0,0,
660,555,556,665,527,422,423,532,0,0,
0,0,0,0,0,0,0,0,0,0,
0.,0.,0.,0,0,0,0,0,0,
0.,0.,0.,
0.,0.,0.,
0,0,0,0,0,0,0,0,0,0,0,0,0,0,0,0,
427,124,1,25,8,1,0,0,0,0,0,0,0,
564,661,562,563,431,528,429,430,0,0,
0,0,0,0,0,0,0,0,0,0,
0.,0.,0.,0,0,0,0,0,0,
0.,0.,0.,
0.,0.,0.,
0,0,0,0,0,0,0,0,0,0,0,0,0,0,0,0,
428,124,1,25,8,1,0,0,0,0,0,0,0,
661,662,561,562,528,529,428,429,0,0,
0,0,0,0,0,0,0,0,0,0,
0.,0.,0.,0,0,0,0,0,0,
0.,0.,0.,
0.,0.,0.,
0,0,0,0,0,0,0,0,0,0,0,0,0,0,0,0,
429,124,2,25,8,1,0,0,0,0,0,0,0,
662,663,560,561,529,530,427,428,0,0,
0,0,0,0,0,0,0,0,0,0,
0.,0.,0.,0,0,0,0,0,0,
0.,0.,0.,
0.,0.,0.,
0,0,0,0,0,0,0,0,0,0,0,0,0,0,0,0,
430,124,2,25,8,1,0,0,0,0,0,0,0,
663,664,559,560,530,531,426,427,0,0,
0,0,0,0,0,0,0,0,0,0,
0.,0.,0.,0,0,0,0,0,0,
0.,0.,0.,
0.,0.,0.,
0,0,0,0,0,0,0,0,0,0,0,0,0,0,0,0,
431,124,2,25,8,1,0,0,0,0,0,0,0,
664,665,558,559,531,532,425,426,0,0,
0,0,0,0,0,0,0,0,0,0,
0.,0.,0.,0,0,0,0,0,0,
0.,0.,0.,
0.,0.,0.,
0,0,0,0,0,0,0,0,0,0,0,0,0,0,0,0,
432,124,2,25,8,1,0,0,0,0,0,0,0,
665,556,557,558,532,423,424,425,0,0,
0,0,0,0,0,0,0,0,0,0,
0.,0.,0.,0,0,0,0,0,0,
0.,0.,0.,
0.,0.,0.,
0,0,0,0,0,0,0,0,0,0,0,0,0,0,0,0,
   -1
   -1
   918
   -1
   -1
   615
   -1
   -1
   919
   -1
   -1
  1064
   -1
   -1
  1060
   -1
   -1
  1061
   -1
   -1
  1062
   -1
   -1
  1063
   -1
   -1
   514
0,2,
25,0,
-1,-1,
0,4,
7,0,
-1,-1,
0,6,
31,0,
-1,-1,
0,8,
1,0,
-1,-1,
1,1,
8,24,
-1,-1,
1,2,
32,48,
-1,-1,
1,3,
26,30,
-1,-1,
1,4,
2,6,
-1,-1,
2,1,
49,133,
-1,-1,
   -1
   -1
   506
   -1
   -1
   507
   -1
   -1
  1070
   -1
   -1
   408
   -1
   -1
   409
1,
Default View
3,0,0,
-37.61930768293512,-15.1551053091499,23.51373837894372,
0.807838455329231,0.483501280779562,0.309078772747707,
1.,1.,0,0.,0.,0.,0.,0.,0.,
0.,0.,0.,
0.,0.,0.,
1.,
0.,0.,0.,0.,0,0,0,
2,85,1,1,0,1,117,0,50,50,0,0.,0.,
-1,-1,0,0,0,1,0,0,0,0,
9,0,0,
0,0,0,0,
0,0,0,0,
0,0,0,0,
0,0,0,0,
0,0,0,0,
0,0,0,0,
0,0,0,0,
0,0,0,0,
0,0,0,0,
100.,100.,1,7,
0,1,1.,
0.,0.,0.,
0.,0.,1.,
0,1,0,0,
0.,0.,0.,
1.,0.,0.,
0.,0.,0.,
0.,1.,0.,
1.,1.,70.,0.5,
0.,25.,10.,10.,5.,1,50.,1000.,0.,0.,0.,100.,-100.,1,
5.,90.,10.,10.,1.,
4,101,0,0,0,3,0,0,0,0,0.,0.,1.,
0,0,0,0,0,0,20,100,
1,1,1.E-8,
0,1,1,0,0,1,20.,0,
0,0,2,0.00001,4.,0.01,0.,
0.,0.,0.,
10.,
0.,0.,0.,
1.,0.,0.,
100.,100.,
1.,1.,1.,1.,
0,
12,
0,0.,
0,0.,
0,0.,
0,0.,
0,0.,
0,0.,
0,0.,
0,0.,
0,0.,
0,0.,
0,0.,
0,0.,
0,5,0,0,0,0.,25.,100.,75,0,
0,100.,0,0,1,0,0,0,0,0,
4,16408,20,16504,100,16488,
6,
4,24,20,120,100,104,0,0,
0,0,0,0,0,0,0,0,
0,0,0,0,0,0,0,0,
0,0,0,0,0,0,0,0,
0,0,0,0,0,0,0,0,
0,0,0,0,0,0,0,0,
0,0,0,0,0,0,0,0,
0,0,0,0,0,0,0,0,
0.,0.,
0.,0.,0.,0.,
9,
1.,
1.,
1.,
1.,
1.,
1.,
1.,
1.,
1.,
2,
<NULL>
<NULL>
0,0,0,0,
0.,0.,0.,0.,
0.,0.,0.,0.,
125,1,0,58,0,
0,60,1,1,
0,24,0,1,
0,120,0,1,
0,60,0,1,
0,66,0,0,
0,0,0,1,
0,46,0,1,
0,120,1,1,
3,124,0,1,
0,0,0,0,
1,14,0,1,
0,62,0,0,
0,62,0,0,
0,10,1,1,
0,52,1,1,
0,4,1,1,
0,120,1,1,
0,12,1,1,
0,2,1,1,
0,120,1,1,
0,8312,1,1,
0,24600,0,0,
0,0,0,0,
1,123,0,1,
0,0,0,1,
3,0,0,1,
0,24648,0,1,
0,124,0,1,
0,0,0,0,
0,0,0,0,
0,0,0,1,
5,60,1,1,
0,56,0,1,
0,2328,0,0,
0,8216,0,1,
0,4,0,0,
0,0,2,1,
0,0,1,1,
0,0,1,1,
1,0,5,1,
0,0,0,1,
0,24,0,1,
0,124,0,0,
0,100,0,1,
1,100,0,0,
0,0,0,1,
0,16,0,1,
0,0,4,1,
0,0,0,0,
2,124,1,1,
1,8254,0,0,
0,0,1,1,
1,0,5,1,
0,0,0,1,
0,100,0,1,
0,100,0,1,
1,46,0,1,
1,120,0,1,
1,4,0,1,
1,52,0,1,
1,24,0,1,
1,93,0,1,
1,12,0,1,
1,10,0,1,
1,104,0,1,
0,100,1,1,
0,24,1,1,
0,60,1,1,
0,104,1,1,
0,0,1,1,
0,90,1,1,
0,14,1,1,
0,8261,1,1,
0,19,0,0,
1,4,1,1,
0,4,0,0,
0,0,1,0,
0,0,0,0,
0,20488,0,1,
0,0,2,0,
0,20,1,1,
0,34,1,1,
0,9,1,1,
0,49,1,1,
0,105,1,1,
0,62,0,0,
0,60,4,0,
0,0,1,0,
0,4,1,0,
0,0,1,1,
0,14,0,1,
0,0,0,0,
0,48,1,1,
0,0,0,1,
0,20590,0,1,
0,124,0,0,
1,8252,0,0,
0,66,0,0,
1,97,0,0,
0,12326,1,1,
0,0,0,0,
0,28676,0,1,
3,4,0,1,
0,24696,0,1,
0,24590,0,1,
0,20,2,1,
0,15,0,0,
0,124,1,1,
0,0,1,1,
0,15,0,0,
0,24,0,0,
0,24,0,0,
0,0,1,0,
0,0,0,1,
0,124,0,0,
0,0,3,0,
0,24,1,0,
0,28676,0,0,
0,120,0,1,
0,140,0,0,
0,0,0,0,
0,0,1,1,
0,0,1,1,
0,0,1,1,
0,
0,0,1,0,0,0,0,0,0,1,1.,0.,0.,0,0,
0.5,
-1,
-1,0,
   -1
   -1
   411
   -1
   -1
   420
   -1
   -1
  1029
   -1
   -1
   822
   -1
   -1
  1047
   -1
   -1
   928
   -1
   -1
  1044
   -1
   -1
   412
0,0,0,0,0,1,0.,0.261799387799149,1,
   -1
   -1
   941
   -1
   -1
   943
0,0,1,
0,0,0,0,0,0,
2,2,2,2,2,2,
   -1
   -1
   942
0,0,0,0,
1,65,0,0,
2,128,0,0,
3,192,0,0,
4,255,0,0,
5,0,65,0,
6,65,65,0,
7,128,65,0,
8,192,65,0,
9,255,65,0,
10,0,128,0,
11,65,128,0,
12,128,128,0,
13,192,128,0,
14,255,128,0,
15,0,192,0,
16,65,192,0,
17,128,192,0,
18,192,192,0,
19,255,192,0,
20,0,255,0,
21,65,255,0,
22,128,255,0,
23,192,255,0,
24,255,255,0,
25,0,0,65,
26,65,0,65,
27,128,0,65,
28,192,0,65,
29,255,0,65,
30,0,65,65,
31,65,65,65,
32,128,65,65,
33,192,65,65,
34,255,65,65,
35,0,128,65,
36,65,128,65,
37,128,128,65,
38,192,128,65,
39,255,128,65,
40,0,192,65,
41,65,192,65,
42,128,192,65,
43,192,192,65,
44,255,192,65,
45,0,255,65,
46,65,255,65,
47,128,255,65,
48,192,255,65,
49,255,255,65,
50,0,0,128,
51,65,0,128,
52,128,0,128,
53,192,0,128,
54,255,0,128,
55,0,65,128,
56,65,65,128,
57,128,65,128,
58,192,65,128,
59,255,65,128,
60,0,128,128,
61,65,128,128,
62,128,128,128,
63,192,128,128,
64,255,128,128,
65,0,192,128,
66,65,192,128,
67,128,192,128,
68,192,192,128,
69,255,192,128,
70,0,255,128,
71,65,255,128,
72,128,255,128,
73,192,255,128,
74,255,255,128,
75,0,0,192,
76,65,0,192,
77,128,0,192,
78,192,0,192,
79,255,0,192,
80,0,65,192,
81,65,65,192,
82,128,65,192,
83,192,65,192,
84,255,65,192,
85,0,128,192,
86,65,128,192,
87,128,128,192,
88,192,128,192,
89,255,128,192,
90,0,192,192,
91,65,192,192,
92,128,192,192,
93,192,192,192,
94,255,192,192,
95,0,255,192,
96,65,255,192,
97,128,255,192,
98,192,255,192,
99,255,255,192,
100,0,0,255,
101,65,0,255,
102,128,0,255,
103,192,0,255,
104,255,0,255,
105,0,65,255,
106,65,65,255,
107,128,65,255,
108,192,65,255,
109,255,65,255,
110,0,128,255,
111,65,128,255,
112,128,128,255,
113,192,128,255,
114,255,128,255,
115,0,192,255,
116,65,192,255,
117,128,192,255,
118,192,192,255,
119,255,192,255,
120,0,255,255,
121,65,255,255,
122,128,255,255,
123,192,255,255,
124,255,255,255,
125,10,10,10,
126,20,20,20,
127,30,30,30,
128,40,40,40,
129,50,50,50,
130,60,60,60,
131,70,70,70,
132,80,80,80,
133,90,90,90,
134,100,100,100,
135,110,110,110,
136,120,120,120,
137,130,130,130,
138,140,140,140,
139,150,150,150,
140,160,160,160,
141,170,170,170,
142,180,180,180,
143,190,190,190,
144,200,200,200,
145,210,210,210,
146,220,220,220,
147,230,230,230,
148,240,240,240,
149,250,250,250,
   -1
   -1
   450
   -1
   -1
  1051
   -1
   -1
   430
-1,
   -1
