# vtk DataFile Version 3.0
eMachineSim mesh
ASCII
DATASET UNSTRUCTURED_GRID
POINTS 7484 double
2.800000000000000e-02 0.000000000000000e+00 0.000000000000000e+00
5.600000000000000e-02 0.000000000000000e+00 0.000000000000000e+00
5.552000000000000e-02 7.310000000000000e-03 0.000000000000000e+00
6.533000000000000e-02 0.000000000000000e+00 0.000000000000000e+00
6.476999999999999e-02 8.529999999999999e-03 0.000000000000000e+00
2.787000000000000e-02 2.660000000000000e-03 0.000000000000000e+00
2.877000000000000e-02 2.780000000000000e-03 0.000000000000000e+00
2.891000000000000e-02 1.650000000000000e-03 0.000000000000000e+00
3.565000000000000e-02 1.650000000000000e-03 0.000000000000000e+00
3.849000000000000e-02 1.650000000000000e-03 0.000000000000000e+00
4.188000000000000e-02 5.510000000000000e-03 0.000000000000000e+00
2.864000000000000e-02 3.770000000000000e-03 0.000000000000000e+00
2.776000000000000e-02 3.650000000000000e-03 0.000000000000000e+00
3.526000000000000e-02 4.640000000000000e-03 0.000000000000000e+00
5.598000000000000e-02 1.470000000000000e-03 0.000000000000000e+00
5.592000000000000e-02 2.930000000000000e-03 0.000000000000000e+00
5.583000000000000e-02 4.390000000000000e-03 0.000000000000000e+00
5.569000000000000e-02 5.850000000000000e-03 0.000000000000000e+00
6.530000000000000e-02 2.140000000000000e-03 0.000000000000000e+00
6.519000000000000e-02 4.270000000000000e-03 0.000000000000000e+00
6.501999999999999e-02 6.400000000000000e-03 0.000000000000000e+00
6.169000000000000e-02 8.120000000000000e-03 0.000000000000000e+00
5.861000000000000e-02 7.720000000000000e-03 0.000000000000000e+00
5.911000000000000e-02 0.000000000000000e+00 0.000000000000000e+00
6.222000000000000e-02 0.000000000000000e+00 0.000000000000000e+00
2.830000000000000e-02 2.720000000000000e-03 0.000000000000000e+00
2.884000000000000e-02 2.240000000000000e-03 0.000000000000000e+00
3.014000000000000e-02 1.650000000000000e-03 0.000000000000000e+00
3.151000000000000e-02 1.650000000000000e-03 0.000000000000000e+00
3.289000000000000e-02 1.650000000000000e-03 0.000000000000000e+00
3.427000000000000e-02 1.650000000000000e-03 0.000000000000000e+00
3.707000000000000e-02 1.650000000000000e-03 0.000000000000000e+00
3.990000000000000e-02 1.950000000000000e-03 0.000000000000000e+00
4.106000000000000e-02 2.810000000000000e-03 0.000000000000000e+00
4.176000000000000e-02 4.080000000000000e-03 0.000000000000000e+00
2.849000000000000e-02 0.000000000000000e+00 0.000000000000000e+00
2.906000000000000e-02 0.000000000000000e+00 0.000000000000000e+00
2.986000000000000e-02 0.000000000000000e+00 0.000000000000000e+00
3.097000000000000e-02 0.000000000000000e+00 0.000000000000000e+00
3.241000000000000e-02 0.000000000000000e+00 0.000000000000000e+00
3.389000000000000e-02 0.000000000000000e+00 0.000000000000000e+00
3.536000000000000e-02 0.000000000000000e+00 0.000000000000000e+00
3.684000000000000e-02 0.000000000000000e+00 0.000000000000000e+00
3.831000000000000e-02 0.000000000000000e+00 0.000000000000000e+00
3.978000000000000e-02 0.000000000000000e+00 0.000000000000000e+00
4.126000000000000e-02 0.000000000000000e+00 0.000000000000000e+00
4.273000000000000e-02 0.000000000000000e+00 0.000000000000000e+00
4.421000000000000e-02 0.000000000000000e+00 0.000000000000000e+00
4.568000000000000e-02 0.000000000000000e+00 0.000000000000000e+00
4.716000000000000e-02 0.000000000000000e+00 0.000000000000000e+00
4.863000000000000e-02 0.000000000000000e+00 0.000000000000000e+00
5.010000000000000e-02 0.000000000000000e+00 0.000000000000000e+00
5.158000000000000e-02 0.000000000000000e+00 0.000000000000000e+00
5.305000000000000e-02 0.000000000000000e+00 0.000000000000000e+00
5.453000000000000e-02 0.000000000000000e+00 0.000000000000000e+00
4.325000000000000e-02 5.690000000000000e-03 0.000000000000000e+00
4.461000000000000e-02 5.870000000000000e-03 0.000000000000000e+00
4.597000000000000e-02 6.050000000000000e-03 0.000000000000000e+00
4.734000000000000e-02 6.230000000000000e-03 0.000000000000000e+00
4.870000000000000e-02 6.410000000000000e-03 0.000000000000000e+00
5.007000000000000e-02 6.590000000000000e-03 0.000000000000000e+00
5.143000000000000e-02 6.770000000000000e-03 0.000000000000000e+00
5.279000000000000e-02 6.950000000000000e-03 0.000000000000000e+00
5.416000000000000e-02 7.130000000000000e-03 0.000000000000000e+00
2.800000000000000e-02 4.400000000000000e-04 0.000000000000000e+00
2.799000000000000e-02 8.899999999999999e-04 0.000000000000000e+00
2.797000000000000e-02 1.330000000000000e-03 0.000000000000000e+00
2.794000000000000e-02 1.780000000000000e-03 0.000000000000000e+00
2.791000000000000e-02 2.220000000000000e-03 0.000000000000000e+00
2.870000000000000e-02 3.280000000000000e-03 0.000000000000000e+00
2.818000000000000e-02 3.710000000000000e-03 0.000000000000000e+00
2.780000000000000e-02 3.320000000000000e-03 0.000000000000000e+00
2.784000000000000e-02 2.990000000000000e-03 0.000000000000000e+00
4.011000000000000e-02 5.280000000000000e-03 0.000000000000000e+00
3.774000000000000e-02 4.970000000000000e-03 0.000000000000000e+00
3.292000000000000e-02 4.330000000000000e-03 0.000000000000000e+00
3.101000000000000e-02 4.080000000000000e-03 0.000000000000000e+00
2.963000000000000e-02 3.900000000000000e-03 0.000000000000000e+00
5.185000000000000e-02 3.180000000000000e-03 0.000000000000000e+00
4.853000000000000e-02 3.210000000000000e-03 0.000000000000000e+00
4.512000000000000e-02 3.010000000000000e-03 0.000000000000000e+00
2.889000000000000e-02 7.700000000000000e-04 0.000000000000000e+00
5.049000000000000e-02 4.210000000000000e-03 0.000000000000000e+00
5.383000000000000e-02 4.940000000000000e-03 0.000000000000000e+00
4.341000000000000e-02 2.130000000000000e-03 0.000000000000000e+00
5.402000000000000e-02 2.390000000000000e-03 0.000000000000000e+00
4.634000000000000e-02 3.970000000000000e-03 0.000000000000000e+00
4.660000000000000e-02 2.100000000000000e-03 0.000000000000000e+00
4.363000000000000e-02 3.920000000000000e-03 0.000000000000000e+00
5.184000000000000e-02 4.600000000000000e-03 0.000000000000000e+00
4.776000000000000e-02 4.850000000000000e-03 0.000000000000000e+00
5.217000000000000e-02 1.770000000000000e-03 0.000000000000000e+00
4.920000000000000e-02 1.750000000000000e-03 0.000000000000000e+00
5.447000000000000e-02 3.450000000000000e-03 0.000000000000000e+00
2.836000000000000e-02 1.970000000000000e-03 0.000000000000000e+00
4.521000000000000e-02 4.470000000000000e-03 0.000000000000000e+00
4.528000000000000e-02 1.520000000000000e-03 0.000000000000000e+00
2.935000000000000e-02 5.700000000000000e-04 0.000000000000000e+00
4.195000000000000e-02 1.480000000000000e-03 0.000000000000000e+00
2.847000000000000e-02 1.580000000000000e-03 0.000000000000000e+00
2.850000000000000e-02 1.190000000000000e-03 0.000000000000000e+00
4.913000000000000e-02 5.350000000000000e-03 0.000000000000000e+00
3.031000000000000e-02 8.200000000000000e-04 0.000000000000000e+00
4.949000000000000e-02 2.940000000000000e-03 0.000000000000000e+00
4.774000000000000e-02 1.150000000000000e-03 0.000000000000000e+00
5.052000000000000e-02 5.490000000000000e-03 0.000000000000000e+00
5.062000000000000e-02 3.020000000000000e-03 0.000000000000000e+00
2.847000000000000e-02 4.100000000000000e-04 0.000000000000000e+00
5.419000000000000e-02 6.030000000000000e-03 0.000000000000000e+00
4.259000000000000e-02 3.170000000000000e-03 0.000000000000000e+00
4.079000000000000e-02 9.600000000000000e-04 0.000000000000000e+00
4.388000000000000e-02 8.800000000000000e-04 0.000000000000000e+00
5.049000000000000e-02 1.600000000000000e-03 0.000000000000000e+00
5.474000000000000e-02 1.250000000000000e-03 0.000000000000000e+00
4.636000000000000e-02 4.930000000000000e-03 0.000000000000000e+00
4.285000000000000e-02 4.540000000000000e-03 0.000000000000000e+00
4.629000000000000e-02 3.020000000000000e-03 0.000000000000000e+00
4.919000000000000e-02 4.090000000000000e-03 0.000000000000000e+00
4.688000000000000e-02 1.060000000000000e-03 0.000000000000000e+00
2.823000000000000e-02 2.380000000000000e-03 0.000000000000000e+00
4.395000000000000e-02 4.820000000000000e-03 0.000000000000000e+00
5.278000000000000e-02 5.770000000000000e-03 0.000000000000000e+00
4.737000000000000e-02 3.510000000000000e-03 0.000000000000000e+00
2.901000000000000e-02 1.150000000000000e-03 0.000000000000000e+00
5.351000000000000e-02 1.300000000000000e-03 0.000000000000000e+00
3.121000000000000e-02 7.500000000000000e-04 0.000000000000000e+00
5.482000000000000e-02 4.550000000000000e-03 0.000000000000000e+00
3.915000000000000e-02 9.000000000000000e-04 0.000000000000000e+00
4.414000000000000e-02 3.030000000000000e-03 0.000000000000000e+00
2.854000000000000e-02 2.440000000000000e-03 0.000000000000000e+00
5.482000000000000e-02 2.150000000000000e-03 0.000000000000000e+00
5.318000000000000e-02 2.640000000000000e-03 0.000000000000000e+00
5.316000000000000e-02 3.730000000000000e-03 0.000000000000000e+00
2.893000000000000e-02 3.900000000000000e-04 0.000000000000000e+00
4.789000000000000e-02 2.180000000000000e-03 0.000000000000000e+00
2.957000000000000e-02 9.800000000000000e-04 0.000000000000000e+00
2.846000000000000e-02 8.200000000000000e-04 0.000000000000000e+00
3.768000000000000e-02 8.300000000000000e-04 0.000000000000000e+00
3.626000000000000e-02 8.400000000000000e-04 0.000000000000000e+00
3.509000000000000e-02 9.300000000000001e-04 0.000000000000000e+00
5.995000000000000e-02 3.930000000000000e-03 0.000000000000000e+00
2.814000000000000e-02 3.260000000000000e-03 0.000000000000000e+00
2.804000000000000e-02 3.500000000000000e-03 0.000000000000000e+00
2.835000000000000e-02 3.430000000000000e-03 0.000000000000000e+00
2.807000000000000e-02 3.000000000000000e-03 0.000000000000000e+00
2.839000000000000e-02 3.080000000000000e-03 0.000000000000000e+00
2.996000000000000e-02 2.700000000000000e-03 0.000000000000000e+00
3.960000000000000e-02 3.360000000000000e-03 0.000000000000000e+00
3.563000000000000e-02 3.080000000000000e-03 0.000000000000000e+00
3.207000000000000e-02 2.900000000000000e-03 0.000000000000000e+00
3.405000000000000e-02 2.790000000000000e-03 0.000000000000000e+00
3.772000000000000e-02 3.070000000000000e-03 0.000000000000000e+00
2.705000000000000e-02 7.250000000000000e-03 0.000000000000000e+00
5.409000000000000e-02 1.449000000000000e-02 0.000000000000000e+00
6.311000000000000e-02 1.691000000000000e-02 0.000000000000000e+00
2.761000000000000e-02 4.640000000000000e-03 0.000000000000000e+00
2.850000000000000e-02 4.760000000000000e-03 0.000000000000000e+00
2.836000000000000e-02 5.890000000000000e-03 0.000000000000000e+00
3.487000000000000e-02 7.630000000000000e-03 0.000000000000000e+00
3.761000000000000e-02 8.370000000000001e-03 0.000000000000000e+00
5.445000000000000e-02 1.307000000000000e-02 0.000000000000000e+00
5.478000000000000e-02 1.164000000000000e-02 0.000000000000000e+00
5.506000000000000e-02 1.021000000000000e-02 0.000000000000000e+00
5.531000000000000e-02 8.760000000000000e-03 0.000000000000000e+00
6.363000000000001e-02 1.484000000000000e-02 0.000000000000000e+00
6.408000000000000e-02 1.275000000000000e-02 0.000000000000000e+00
6.446000000000000e-02 1.064000000000000e-02 0.000000000000000e+00
5.710000000000000e-02 1.530000000000000e-02 0.000000000000000e+00
6.010000000000000e-02 1.610000000000000e-02 0.000000000000000e+00
2.804000000000000e-02 4.700000000000000e-03 0.000000000000000e+00
2.843000000000000e-02 5.300000000000000e-03 0.000000000000000e+00
2.954000000000000e-02 6.210000000000000e-03 0.000000000000000e+00
3.087000000000000e-02 6.560000000000000e-03 0.000000000000000e+00
3.220000000000000e-02 6.920000000000000e-03 0.000000000000000e+00
3.353000000000000e-02 7.280000000000000e-03 0.000000000000000e+00
3.624000000000000e-02 8.000000000000000e-03 0.000000000000000e+00
3.905000000000000e-02 8.440000000000000e-03 0.000000000000000e+00
4.039000000000000e-02 7.910000000000000e-03 0.000000000000000e+00
4.140000000000000e-02 6.870000000000000e-03 0.000000000000000e+00
2.752000000000000e-02 7.370000000000000e-03 0.000000000000000e+00
2.807000000000000e-02 7.520000000000000e-03 0.000000000000000e+00
2.884000000000000e-02 7.730000000000000e-03 0.000000000000000e+00
2.992000000000000e-02 8.019999999999999e-03 0.000000000000000e+00
3.131000000000000e-02 8.390000000000000e-03 0.000000000000000e+00
3.273000000000000e-02 8.770000000000000e-03 0.000000000000000e+00
3.416000000000000e-02 9.150000000000000e-03 0.000000000000000e+00
3.558000000000000e-02 9.530000000000000e-03 0.000000000000000e+00
3.700000000000000e-02 9.920000000000000e-03 0.000000000000000e+00
3.843000000000000e-02 1.030000000000000e-02 0.000000000000000e+00
3.985000000000000e-02 1.068000000000000e-02 0.000000000000000e+00
4.128000000000000e-02 1.106000000000000e-02 0.000000000000000e+00
4.270000000000000e-02 1.144000000000000e-02 0.000000000000000e+00
4.412000000000000e-02 1.182000000000000e-02 0.000000000000000e+00
4.555000000000000e-02 1.220000000000000e-02 0.000000000000000e+00
4.697000000000000e-02 1.259000000000000e-02 0.000000000000000e+00
4.840000000000000e-02 1.297000000000000e-02 0.000000000000000e+00
4.982000000000000e-02 1.335000000000000e-02 0.000000000000000e+00
5.124000000000000e-02 1.373000000000000e-02 0.000000000000000e+00
5.267000000000000e-02 1.411000000000000e-02 0.000000000000000e+00
2.716000000000000e-02 6.820000000000000e-03 0.000000000000000e+00
2.726000000000000e-02 6.390000000000000e-03 0.000000000000000e+00
2.736000000000000e-02 5.950000000000000e-03 0.000000000000000e+00
2.745000000000000e-02 5.520000000000000e-03 0.000000000000000e+00
2.754000000000000e-02 5.080000000000000e-03 0.000000000000000e+00
2.857000000000000e-02 4.260000000000000e-03 0.000000000000000e+00
2.771000000000000e-02 3.990000000000000e-03 0.000000000000000e+00
2.767000000000000e-02 4.310000000000000e-03 0.000000000000000e+00
5.091000000000000e-02 1.035000000000000e-02 0.000000000000000e+00
4.771000000000000e-02 9.460000000000000e-03 0.000000000000000e+00
4.436000000000000e-02 8.770000000000000e-03 0.000000000000000e+00
2.811000000000000e-02 6.730000000000000e-03 0.000000000000000e+00
4.986000000000000e-02 9.010000000000001e-03 0.000000000000000e+00
5.328000000000000e-02 9.160000000000000e-03 0.000000000000000e+00
4.248000000000000e-02 9.180000000000001e-03 0.000000000000000e+00
5.280000000000000e-02 1.167000000000000e-02 0.000000000000000e+00
4.579000000000000e-02 8.160000000000001e-03 0.000000000000000e+00
4.556000000000000e-02 1.003000000000000e-02 0.000000000000000e+00
4.316000000000000e-02 7.500000000000000e-03 0.000000000000000e+00
5.126000000000000e-02 8.970000000000001e-03 0.000000000000000e+00
4.739000000000000e-02 7.680000000000000e-03 0.000000000000000e+00
5.085000000000000e-02 1.179000000000000e-02 0.000000000000000e+00
4.798000000000000e-02 1.105000000000000e-02 0.000000000000000e+00
5.351000000000000e-02 1.076000000000000e-02 0.000000000000000e+00
2.790000000000000e-02 5.440000000000000e-03 0.000000000000000e+00
4.483000000000000e-02 7.390000000000000e-03 0.000000000000000e+00
4.413000000000000e-02 1.025000000000000e-02 0.000000000000000e+00
2.849000000000000e-02 7.040000000000000e-03 0.000000000000000e+00
4.091000000000000e-02 9.429999999999999e-03 0.000000000000000e+00
2.791000000000000e-02 5.840000000000000e-03 0.000000000000000e+00
2.784000000000000e-02 6.230000000000000e-03 0.000000000000000e+00
4.884000000000000e-02 7.550000000000000e-03 0.000000000000000e+00
2.949000000000000e-02 7.050000000000000e-03 0.000000000000000e+00
4.857000000000000e-02 9.970000000000000e-03 0.000000000000000e+00
4.641000000000000e-02 1.125000000000000e-02 0.000000000000000e+00
5.022000000000000e-02 7.770000000000000e-03 0.000000000000000e+00
4.967000000000000e-02 1.018000000000000e-02 0.000000000000000e+00
2.760000000000000e-02 6.970000000000000e-03 0.000000000000000e+00
5.391000000000000e-02 8.200000000000001e-03 0.000000000000000e+00
4.196000000000000e-02 7.960000000000000e-03 0.000000000000000e+00
3.965000000000000e-02 9.630000000000000e-03 0.000000000000000e+00
4.261000000000000e-02 1.051000000000000e-02 0.000000000000000e+00
4.919000000000000e-02 1.152000000000000e-02 0.000000000000000e+00
5.319000000000000e-02 1.296000000000000e-02 0.000000000000000e+00
4.606000000000000e-02 7.230000000000000e-03 0.000000000000000e+00
4.257000000000000e-02 6.700000000000000e-03 0.000000000000000e+00
4.550000000000000e-02 9.060000000000000e-03 0.000000000000000e+00
4.858000000000000e-02 8.780000000000000e-03 0.000000000000000e+00
4.556000000000000e-02 1.111000000000000e-02 0.000000000000000e+00
2.789000000000000e-02 5.010000000000000e-03 0.000000000000000e+00
4.370000000000000e-02 6.710000000000000e-03 0.000000000000000e+00
5.247000000000000e-02 8.080000000000000e-03 0.000000000000000e+00
4.666000000000000e-02 8.869999999999999e-03 0.000000000000000e+00
2.832000000000000e-02 6.390000000000000e-03 0.000000000000000e+00
5.202000000000000e-02 1.260000000000000e-02 0.000000000000000e+00
3.034000000000000e-02 7.350000000000000e-03 0.000000000000000e+00
5.413000000000000e-02 9.790000000000000e-03 0.000000000000000e+00
3.805000000000000e-02 9.259999999999999e-03 0.000000000000000e+00
4.342000000000000e-02 8.500000000000001e-03 0.000000000000000e+00
2.820000000000000e-02 5.030000000000000e-03 0.000000000000000e+00
5.351000000000000e-02 1.211000000000000e-02 0.000000000000000e+00
5.205000000000000e-02 1.121000000000000e-02 0.000000000000000e+00
5.231000000000000e-02 1.016000000000000e-02 0.000000000000000e+00
2.805000000000000e-02 7.110000000000000e-03 0.000000000000000e+00
4.682000000000000e-02 1.029000000000000e-02 0.000000000000000e+00
2.881000000000000e-02 6.700000000000000e-03 0.000000000000000e+00
2.770000000000000e-02 6.570000000000000e-03 0.000000000000000e+00
3.662000000000000e-02 8.950000000000000e-03 0.000000000000000e+00
3.524000000000000e-02 8.580000000000001e-03 0.000000000000000e+00
3.414000000000000e-02 8.180000000000000e-03 0.000000000000000e+00
5.892000000000000e-02 1.172000000000000e-02 0.000000000000000e+00
2.803000000000000e-02 4.130000000000000e-03 0.000000000000000e+00
2.799000000000000e-02 3.870000000000000e-03 0.000000000000000e+00
2.827000000000000e-02 4.030000000000000e-03 0.000000000000000e+00
2.789000000000000e-02 4.370000000000000e-03 0.000000000000000e+00
2.822000000000000e-02 4.370000000000000e-03 0.000000000000000e+00
2.964000000000000e-02 5.150000000000000e-03 0.000000000000000e+00
3.912000000000000e-02 7.000000000000000e-03 0.000000000000000e+00
3.522000000000000e-02 6.250000000000000e-03 0.000000000000000e+00
3.173000000000000e-02 5.500000000000000e-03 0.000000000000000e+00
3.361000000000000e-02 6.120000000000000e-03 0.000000000000000e+00
3.723000000000000e-02 6.800000000000000e-03 0.000000000000000e+00
5.174000000000000e-02 2.143000000000000e-02 0.000000000000000e+00
6.036000000000000e-02 2.500000000000000e-02 0.000000000000000e+00
2.623000000000000e-02 9.780000000000000e-03 0.000000000000000e+00
2.707000000000000e-02 1.013000000000000e-02 0.000000000000000e+00
2.750000000000000e-02 9.080000000000000e-03 0.000000000000000e+00
3.401000000000000e-02 1.082000000000000e-02 0.000000000000000e+00
3.676000000000000e-02 1.156000000000000e-02 0.000000000000000e+00
3.903000000000000e-02 1.617000000000000e-02 0.000000000000000e+00
2.668000000000000e-02 1.105000000000000e-02 0.000000000000000e+00
2.587000000000000e-02 1.072000000000000e-02 0.000000000000000e+00
3.286000000000000e-02 1.361000000000000e-02 0.000000000000000e+00
5.369000000000000e-02 1.590000000000000e-02 0.000000000000000e+00
5.326000000000000e-02 1.730000000000000e-02 0.000000000000000e+00
5.279000000000000e-02 1.869000000000000e-02 0.000000000000000e+00
5.228000000000000e-02 2.007000000000000e-02 0.000000000000000e+00
6.252000000000001e-02 1.897000000000000e-02 0.000000000000000e+00
6.187000000000000e-02 2.100000000000000e-02 0.000000000000000e+00
6.115000000000000e-02 2.301000000000000e-02 0.000000000000000e+00
5.749000000000000e-02 2.381000000000000e-02 0.000000000000000e+00
5.461000000000000e-02 2.262000000000000e-02 0.000000000000000e+00
2.663000000000000e-02 9.950000000000001e-03 0.000000000000000e+00
2.727000000000000e-02 9.630000000000000e-03 0.000000000000000e+00
2.868000000000000e-02 9.390000000000001e-03 0.000000000000000e+00
3.001000000000000e-02 9.750000000000000e-03 0.000000000000000e+00
3.135000000000000e-02 1.011000000000000e-02 0.000000000000000e+00
3.268000000000000e-02 1.046000000000000e-02 0.000000000000000e+00
3.538000000000000e-02 1.119000000000000e-02 0.000000000000000e+00
3.804000000000000e-02 1.222000000000000e-02 0.000000000000000e+00
3.894000000000000e-02 1.335000000000000e-02 0.000000000000000e+00
3.929000000000000e-02 1.475000000000000e-02 0.000000000000000e+00
4.030000000000000e-02 1.669000000000000e-02 0.000000000000000e+00
4.157000000000000e-02 1.722000000000000e-02 0.000000000000000e+00
4.284000000000000e-02 1.775000000000000e-02 0.000000000000000e+00
4.411000000000000e-02 1.827000000000000e-02 0.000000000000000e+00
4.538000000000000e-02 1.880000000000000e-02 0.000000000000000e+00
4.665000000000000e-02 1.932000000000000e-02 0.000000000000000e+00
4.792000000000000e-02 1.985000000000000e-02 0.000000000000000e+00
4.920000000000000e-02 2.038000000000000e-02 0.000000000000000e+00
5.047000000000000e-02 2.090000000000000e-02 0.000000000000000e+00
2.693000000000000e-02 7.680000000000000e-03 0.000000000000000e+00
2.680000000000000e-02 8.100000000000000e-03 0.000000000000000e+00
2.667000000000000e-02 8.529999999999999e-03 0.000000000000000e+00
2.653000000000000e-02 8.950000000000000e-03 0.000000000000000e+00
2.639000000000000e-02 9.370000000000000e-03 0.000000000000000e+00
2.687000000000000e-02 1.060000000000000e-02 0.000000000000000e+00
2.626000000000000e-02 1.088000000000000e-02 0.000000000000000e+00
2.599000000000000e-02 1.041000000000000e-02 0.000000000000000e+00
2.612000000000000e-02 1.010000000000000e-02 0.000000000000000e+00
3.738000000000000e-02 1.548000000000000e-02 0.000000000000000e+00
3.516000000000000e-02 1.457000000000000e-02 0.000000000000000e+00
3.067000000000000e-02 1.271000000000000e-02 0.000000000000000e+00
2.890000000000000e-02 1.197000000000000e-02 0.000000000000000e+00
2.761000000000000e-02 1.144000000000000e-02 0.000000000000000e+00
4.926000000000000e-02 1.649000000000000e-02 0.000000000000000e+00
4.604000000000000e-02 1.567000000000000e-02 0.000000000000000e+00
4.280000000000000e-02 1.458000000000000e-02 0.000000000000000e+00
2.771000000000000e-02 8.220000000000000e-03 0.000000000000000e+00
4.768000000000000e-02 1.713000000000000e-02 0.000000000000000e+00
5.072000000000000e-02 1.871000000000000e-02 0.000000000000000e+00
4.138000000000000e-02 1.329000000000000e-02 0.000000000000000e+00
5.156000000000000e-02 1.629000000000000e-02 0.000000000000000e+00
4.373000000000000e-02 1.582000000000000e-02 0.000000000000000e+00
4.447000000000000e-02 1.409000000000000e-02 0.000000000000000e+00
4.113000000000000e-02 1.508000000000000e-02 0.000000000000000e+00
4.888000000000000e-02 1.786000000000000e-02 0.000000000000000e+00
4.488000000000000e-02 1.705000000000000e-02 0.000000000000000e+00
4.993000000000000e-02 1.522000000000000e-02 0.000000000000000e+00
4.708000000000000e-02 1.442000000000000e-02 0.000000000000000e+00
5.172000000000000e-02 1.743000000000000e-02 0.000000000000000e+00
2.688000000000000e-02 9.240000000000000e-03 0.000000000000000e+00
4.252000000000000e-02 1.601000000000000e-02 0.000000000000000e+00
4.335000000000000e-02 1.319000000000000e-02 0.000000000000000e+00
2.820000000000000e-02 8.149999999999999e-03 0.000000000000000e+00
4.014000000000000e-02 1.229000000000000e-02 0.000000000000000e+00
2.709000000000000e-02 8.900000000000000e-03 0.000000000000000e+00
2.722000000000000e-02 8.520000000000000e-03 0.000000000000000e+00
4.608000000000000e-02 1.788000000000000e-02 0.000000000000000e+00
2.907000000000000e-02 8.640000000000000e-03 0.000000000000000e+00
4.705000000000000e-02 1.565000000000000e-02 0.000000000000000e+00
4.582000000000000e-02 1.346000000000000e-02 0.000000000000000e+00
4.738000000000000e-02 1.838000000000000e-02 0.000000000000000e+00
4.811000000000000e-02 1.602000000000000e-02 0.000000000000000e+00
2.739000000000000e-02 7.770000000000000e-03 0.000000000000000e+00
5.079000000000000e-02 1.985000000000000e-02 0.000000000000000e+00
4.032000000000000e-02 1.409000000000000e-02 0.000000000000000e+00
3.915000000000000e-02 1.149000000000000e-02 0.000000000000000e+00
4.216000000000000e-02 1.220000000000000e-02 0.000000000000000e+00
4.836000000000000e-02 1.462000000000000e-02 0.000000000000000e+00
5.255000000000000e-02 1.537000000000000e-02 0.000000000000000e+00
4.350000000000000e-02 1.676000000000000e-02 0.000000000000000e+00
4.022000000000000e-02 1.548000000000000e-02 0.000000000000000e+00
4.393000000000000e-02 1.490000000000000e-02 0.000000000000000e+00
4.646000000000000e-02 1.669000000000000e-02 0.000000000000000e+00
4.501000000000000e-02 1.316000000000000e-02 0.000000000000000e+00
2.666000000000000e-02 9.599999999999999e-03 0.000000000000000e+00
4.120000000000000e-02 1.603000000000000e-02 0.000000000000000e+00
4.949000000000000e-02 1.924000000000000e-02 0.000000000000000e+00
4.485000000000000e-02 1.565000000000000e-02 0.000000000000000e+00
2.772000000000000e-02 8.619999999999999e-03 0.000000000000000e+00
5.135000000000000e-02 1.510000000000000e-02 0.000000000000000e+00
2.996000000000000e-02 8.800000000000001e-03 0.000000000000000e+00
5.177000000000000e-02 1.858000000000000e-02 0.000000000000000e+00
3.758000000000000e-02 1.100000000000000e-02 0.000000000000000e+00
4.186000000000000e-02 1.435000000000000e-02 0.000000000000000e+00
2.694000000000000e-02 9.740000000000000e-03 0.000000000000000e+00
5.240000000000000e-02 1.626000000000000e-02 0.000000000000000e+00
5.069000000000000e-02 1.632000000000000e-02 0.000000000000000e+00
5.038000000000000e-02 1.736000000000000e-02 0.000000000000000e+00
2.785000000000000e-02 7.870000000000000e-03 0.000000000000000e+00
4.569000000000000e-02 1.450000000000000e-02 0.000000000000000e+00
2.830000000000000e-02 8.600000000000000e-03 0.000000000000000e+00
2.728000000000000e-02 8.160000000000001e-03 0.000000000000000e+00
3.618000000000000e-02 1.056000000000000e-02 0.000000000000000e+00
3.481000000000000e-02 1.019000000000000e-02 0.000000000000000e+00
3.365000000000000e-02 9.979999999999999e-03 0.000000000000000e+00
5.689000000000000e-02 1.931000000000000e-02 0.000000000000000e+00
2.634000000000000e-02 1.043000000000000e-02 0.000000000000000e+00
2.618000000000000e-02 1.064000000000000e-02 0.000000000000000e+00
2.650000000000000e-02 1.065000000000000e-02 0.000000000000000e+00
2.634000000000000e-02 1.016000000000000e-02 0.000000000000000e+00
2.662000000000000e-02 1.032000000000000e-02 0.000000000000000e+00
2.824000000000000e-02 1.036000000000000e-02 0.000000000000000e+00
3.738000000000000e-02 1.350000000000000e-02 0.000000000000000e+00
3.362000000000000e-02 1.220000000000000e-02 0.000000000000000e+00
3.023000000000000e-02 1.110000000000000e-02 0.000000000000000e+00
3.216000000000000e-02 1.151000000000000e-02 0.000000000000000e+00
3.564000000000000e-02 1.273000000000000e-02 0.000000000000000e+00
2.425000000000000e-02 1.400000000000000e-02 0.000000000000000e+00
4.850000000000000e-02 2.800000000000000e-02 0.000000000000000e+00
5.658000000000000e-02 3.267000000000000e-02 0.000000000000000e+00
2.547000000000000e-02 1.163000000000000e-02 0.000000000000000e+00
2.630000000000000e-02 1.198000000000000e-02 0.000000000000000e+00
2.587000000000000e-02 1.303000000000000e-02 0.000000000000000e+00
3.170000000000000e-02 1.640000000000000e-02 0.000000000000000e+00
3.416000000000000e-02 1.782000000000000e-02 0.000000000000000e+00
4.921000000000000e-02 2.672000000000000e-02 0.000000000000000e+00
4.990000000000000e-02 2.542000000000000e-02 0.000000000000000e+00
5.054000000000000e-02 2.411000000000000e-02 0.000000000000000e+00
5.116000000000000e-02 2.278000000000000e-02 0.000000000000000e+00
5.762000000000000e-02 3.080000000000000e-02 0.000000000000000e+00
5.860000000000000e-02 2.890000000000000e-02 0.000000000000000e+00
5.951000000000000e-02 2.696000000000000e-02 0.000000000000000e+00
5.119000000000000e-02 2.956000000000000e-02 0.000000000000000e+00
5.389000000000000e-02 3.111000000000000e-02 0.000000000000000e+00
2.587000000000000e-02 1.180000000000000e-02 0.000000000000000e+00
2.609000000000000e-02 1.248000000000000e-02 0.000000000000000e+00
2.692000000000000e-02 1.364000000000000e-02 0.000000000000000e+00
2.812000000000000e-02 1.433000000000000e-02 0.000000000000000e+00
2.931000000000000e-02 1.502000000000000e-02 0.000000000000000e+00
3.051000000000000e-02 1.571000000000000e-02 0.000000000000000e+00
3.293000000000000e-02 1.711000000000000e-02 0.000000000000000e+00
3.554000000000000e-02 1.826000000000000e-02 0.000000000000000e+00
3.697000000000000e-02 1.809000000000000e-02 0.000000000000000e+00
3.821000000000000e-02 1.735000000000000e-02 0.000000000000000e+00
2.468000000000000e-02 1.425000000000000e-02 0.000000000000000e+00
2.517000000000000e-02 1.453000000000000e-02 0.000000000000000e+00
2.586000000000000e-02 1.493000000000000e-02 0.000000000000000e+00
2.682000000000000e-02 1.549000000000000e-02 0.000000000000000e+00
2.807000000000000e-02 1.621000000000000e-02 0.000000000000000e+00
2.935000000000000e-02 1.694000000000000e-02 0.000000000000000e+00
3.062000000000000e-02 1.768000000000000e-02 0.000000000000000e+00
3.190000000000000e-02 1.842000000000000e-02 0.000000000000000e+00
3.318000000000000e-02 1.916000000000000e-02 0.000000000000000e+00
3.445000000000000e-02 1.989000000000000e-02 0.000000000000000e+00
3.573000000000000e-02 2.063000000000000e-02 0.000000000000000e+00
3.701000000000000e-02 2.137000000000000e-02 0.000000000000000e+00
3.828000000000000e-02 2.210000000000000e-02 0.000000000000000e+00
3.956000000000000e-02 2.284000000000000e-02 0.000000000000000e+00
4.084000000000000e-02 2.358000000000000e-02 0.000000000000000e+00
4.211000000000000e-02 2.431000000000000e-02 0.000000000000000e+00
4.339000000000000e-02 2.505000000000000e-02 0.000000000000000e+00
4.467000000000000e-02 2.579000000000000e-02 0.000000000000000e+00
4.594000000000000e-02 2.653000000000000e-02 0.000000000000000e+00
4.722000000000000e-02 2.726000000000000e-02 0.000000000000000e+00
2.447000000000000e-02 1.361000000000000e-02 0.000000000000000e+00
2.468000000000000e-02 1.322000000000000e-02 0.000000000000000e+00
2.489000000000000e-02 1.283000000000000e-02 0.000000000000000e+00
2.509000000000000e-02 1.243000000000000e-02 0.000000000000000e+00
2.528000000000000e-02 1.203000000000000e-02 0.000000000000000e+00
2.649000000000000e-02 1.151000000000000e-02 0.000000000000000e+00
2.574000000000000e-02 1.102000000000000e-02 0.000000000000000e+00
2.561000000000000e-02 1.133000000000000e-02 0.000000000000000e+00
4.649000000000000e-02 2.317000000000000e-02 0.000000000000000e+00
4.364000000000000e-02 2.148000000000000e-02 0.000000000000000e+00
4.058000000000000e-02 1.996000000000000e-02 0.000000000000000e+00
2.541000000000000e-02 1.378000000000000e-02 0.000000000000000e+00
4.583000000000000e-02 2.160000000000000e-02 0.000000000000000e+00
4.909000000000000e-02 2.264000000000000e-02 0.000000000000000e+00
3.865000000000000e-02 1.986000000000000e-02 0.000000000000000e+00
4.798000000000000e-02 2.494000000000000e-02 0.000000000000000e+00
4.211000000000000e-02 1.973000000000000e-02 0.000000000000000e+00
4.141000000000000e-02 2.148000000000000e-02 0.000000000000000e+00
3.974000000000000e-02 1.842000000000000e-02 0.000000000000000e+00
4.719000000000000e-02 2.193000000000000e-02 0.000000000000000e+00
4.379000000000000e-02 1.968000000000000e-02 0.000000000000000e+00
4.607000000000000e-02 2.455000000000000e-02 0.000000000000000e+00
4.349000000000000e-02 2.309000000000000e-02 0.000000000000000e+00
4.890000000000000e-02 2.424000000000000e-02 0.000000000000000e+00
2.554000000000000e-02 1.248000000000000e-02 0.000000000000000e+00
4.139000000000000e-02 1.874000000000000e-02 0.000000000000000e+00
3.998000000000000e-02 2.133000000000000e-02 0.000000000000000e+00
2.570000000000000e-02 1.418000000000000e-02 0.000000000000000e+00
3.707000000000000e-02 1.970000000000000e-02 0.000000000000000e+00
2.545000000000000e-02 1.286000000000000e-02 0.000000000000000e+00
2.528000000000000e-02 1.322000000000000e-02 0.000000000000000e+00
4.523000000000000e-02 1.993000000000000e-02 0.000000000000000e+00
2.666000000000000e-02 1.445000000000000e-02 0.000000000000000e+00
4.433000000000000e-02 2.220000000000000e-02 0.000000000000000e+00
4.192000000000000e-02 2.288000000000000e-02 0.000000000000000e+00
4.650000000000000e-02 2.050000000000000e-02 0.000000000000000e+00
4.535000000000000e-02 2.269000000000000e-02 0.000000000000000e+00
2.486000000000000e-02 1.388000000000000e-02 0.000000000000000e+00
4.995000000000000e-02 2.188000000000000e-02 0.000000000000000e+00
3.847000000000000e-02 1.855000000000000e-02 0.000000000000000e+00
3.581000000000000e-02 1.956000000000000e-02 0.000000000000000e+00
3.844000000000000e-02 2.118000000000000e-02 0.000000000000000e+00
4.453000000000000e-02 2.386000000000000e-02 0.000000000000000e+00
4.803000000000000e-02 2.629000000000000e-02 0.000000000000000e+00
4.261000000000000e-02 1.891000000000000e-02 0.000000000000000e+00
3.938000000000000e-02 1.749000000000000e-02 0.000000000000000e+00
4.160000000000000e-02 2.053000000000000e-02 0.000000000000000e+00
4.465000000000000e-02 2.105000000000000e-02 0.000000000000000e+00
4.113000000000000e-02 2.252000000000000e-02 0.000000000000000e+00
2.564000000000000e-02 1.206000000000000e-02 0.000000000000000e+00
4.047000000000000e-02 1.780000000000000e-02 0.000000000000000e+00
4.859000000000000e-02 2.139000000000000e-02 0.000000000000000e+00
4.278000000000000e-02 2.065000000000000e-02 0.000000000000000e+00
2.570000000000000e-02 1.350000000000000e-02 0.000000000000000e+00
4.699000000000000e-02 2.563000000000000e-02 0.000000000000000e+00
2.741000000000000e-02 1.496000000000000e-02 0.000000000000000e+00
4.975000000000000e-02 2.347000000000000e-02 0.000000000000000e+00
3.435000000000000e-02 1.879000000000000e-02 0.000000000000000e+00
3.974000000000000e-02 1.945000000000000e-02 0.000000000000000e+00
2.594000000000000e-02 1.216000000000000e-02 0.000000000000000e+00
4.855000000000000e-02 2.555000000000000e-02 0.000000000000000e+00
4.738000000000000e-02 2.430000000000000e-02 0.000000000000000e+00
4.790000000000000e-02 2.335000000000000e-02 0.000000000000000e+00
2.525000000000000e-02 1.413000000000000e-02 0.000000000000000e+00
4.256000000000000e-02 2.206000000000000e-02 0.000000000000000e+00
2.610000000000000e-02 1.393000000000000e-02 0.000000000000000e+00
2.506000000000000e-02 1.352000000000000e-02 0.000000000000000e+00
3.305000000000000e-02 1.812000000000000e-02 0.000000000000000e+00
3.182000000000000e-02 1.741000000000000e-02 0.000000000000000e+00
3.085000000000000e-02 1.674000000000000e-02 0.000000000000000e+00
5.388000000000000e-02 2.657000000000000e-02 0.000000000000000e+00
2.600000000000000e-02 1.125000000000000e-02 0.000000000000000e+00
2.604000000000000e-02 1.099000000000000e-02 0.000000000000000e+00
2.626000000000000e-02 1.121000000000000e-02 0.000000000000000e+00
2.581000000000000e-02 1.144000000000000e-02 0.000000000000000e+00
2.612000000000000e-02 1.153000000000000e-02 0.000000000000000e+00
2.730000000000000e-02 1.265000000000000e-02 0.000000000000000e+00
3.598000000000000e-02 1.689000000000000e-02 0.000000000000000e+00
3.240000000000000e-02 1.515000000000000e-02 0.000000000000000e+00
2.923000000000000e-02 1.353000000000000e-02 0.000000000000000e+00
3.088000000000000e-02 1.461000000000000e-02 0.000000000000000e+00
3.420000000000000e-02 1.620000000000000e-02 0.000000000000000e+00
4.443000000000000e-02 3.409000000000000e-02 0.000000000000000e+00
5.183000000000000e-02 3.977000000000000e-02 0.000000000000000e+00
2.281000000000000e-02 1.624000000000000e-02 0.000000000000000e+00
2.352000000000000e-02 1.679000000000000e-02 0.000000000000000e+00
2.422000000000000e-02 1.589000000000000e-02 0.000000000000000e+00
3.005000000000000e-02 1.926000000000000e-02 0.000000000000000e+00
3.251000000000000e-02 2.068000000000000e-02 0.000000000000000e+00
3.351000000000000e-02 2.572000000000000e-02 0.000000000000000e+00
2.291000000000000e-02 1.758000000000000e-02 0.000000000000000e+00
2.221000000000000e-02 1.705000000000000e-02 0.000000000000000e+00
2.821000000000000e-02 2.165000000000000e-02 0.000000000000000e+00
4.775000000000000e-02 2.926000000000000e-02 0.000000000000000e+00
4.697000000000000e-02 3.050000000000000e-02 0.000000000000000e+00
4.615000000000000e-02 3.172000000000000e-02 0.000000000000000e+00
4.530000000000000e-02 3.292000000000000e-02 0.000000000000000e+00
5.548000000000000e-02 3.450000000000000e-02 0.000000000000000e+00
5.432000000000000e-02 3.630000000000000e-02 0.000000000000000e+00
5.311000000000000e-02 3.806000000000000e-02 0.000000000000000e+00
4.936000000000000e-02 3.788000000000000e-02 0.000000000000000e+00
4.690000000000000e-02 3.598000000000000e-02 0.000000000000000e+00
2.315000000000000e-02 1.650000000000000e-02 0.000000000000000e+00
2.385000000000000e-02 1.636000000000000e-02 0.000000000000000e+00
2.527000000000000e-02 1.650000000000000e-02 0.000000000000000e+00
2.647000000000000e-02 1.719000000000000e-02 0.000000000000000e+00
2.766000000000000e-02 1.788000000000000e-02 0.000000000000000e+00
2.886000000000000e-02 1.857000000000000e-02 0.000000000000000e+00
3.128000000000000e-02 1.997000000000000e-02 0.000000000000000e+00
3.358000000000000e-02 2.165000000000000e-02 0.000000000000000e+00
3.416000000000000e-02 2.297000000000000e-02 0.000000000000000e+00
3.413000000000000e-02 2.441000000000000e-02 0.000000000000000e+00
3.461000000000000e-02 2.655000000000000e-02 0.000000000000000e+00
3.570000000000000e-02 2.739000000000000e-02 0.000000000000000e+00
3.679000000000000e-02 2.823000000000000e-02 0.000000000000000e+00
3.788000000000000e-02 2.907000000000000e-02 0.000000000000000e+00
3.897000000000000e-02 2.990000000000000e-02 0.000000000000000e+00
4.006000000000000e-02 3.074000000000000e-02 0.000000000000000e+00
4.115000000000000e-02 3.158000000000000e-02 0.000000000000000e+00
4.225000000000000e-02 3.242000000000000e-02 0.000000000000000e+00
4.334000000000000e-02 3.325000000000000e-02 0.000000000000000e+00
2.402000000000000e-02 1.438000000000000e-02 0.000000000000000e+00
2.379000000000000e-02 1.476000000000000e-02 0.000000000000000e+00
2.356000000000000e-02 1.514000000000000e-02 0.000000000000000e+00
2.331000000000000e-02 1.551000000000000e-02 0.000000000000000e+00
2.306000000000000e-02 1.588000000000000e-02 0.000000000000000e+00
2.321000000000000e-02 1.719000000000000e-02 0.000000000000000e+00
2.255000000000000e-02 1.730000000000000e-02 0.000000000000000e+00
2.242000000000000e-02 1.678000000000000e-02 0.000000000000000e+00
2.261000000000000e-02 1.651000000000000e-02 0.000000000000000e+00
3.210000000000000e-02 2.463000000000000e-02 0.000000000000000e+00
3.020000000000000e-02 2.317000000000000e-02 0.000000000000000e+00
2.634000000000000e-02 2.021000000000000e-02 0.000000000000000e+00
2.482000000000000e-02 1.904000000000000e-02 0.000000000000000e+00
2.371000000000000e-02 1.819000000000000e-02 0.000000000000000e+00
4.331000000000000e-02 2.868000000000000e-02 0.000000000000000e+00
4.042000000000000e-02 2.705000000000000e-02 0.000000000000000e+00
3.757000000000000e-02 2.516000000000000e-02 0.000000000000000e+00
2.463000000000000e-02 1.511000000000000e-02 0.000000000000000e+00
4.163000000000000e-02 2.889000000000000e-02 0.000000000000000e+00
4.415000000000000e-02 3.120000000000000e-02 0.000000000000000e+00
3.653000000000000e-02 2.354000000000000e-02 0.000000000000000e+00
4.559000000000000e-02 2.908000000000000e-02 0.000000000000000e+00
3.815000000000000e-02 2.660000000000000e-02 0.000000000000000e+00
3.931000000000000e-02 2.512000000000000e-02 0.000000000000000e+00
3.582000000000000e-02 2.521000000000000e-02 0.000000000000000e+00
4.259000000000000e-02 2.990000000000000e-02 0.000000000000000e+00
3.893000000000000e-02 2.808000000000000e-02 0.000000000000000e+00
4.429000000000000e-02 2.762000000000000e-02 0.000000000000000e+00
4.174000000000000e-02 2.612000000000000e-02 0.000000000000000e+00
4.545000000000000e-02 3.023000000000000e-02 0.000000000000000e+00
2.357000000000000e-02 1.588000000000000e-02 0.000000000000000e+00
3.692000000000000e-02 2.647000000000000e-02 0.000000000000000e+00
3.846000000000000e-02 2.396000000000000e-02 0.000000000000000e+00
2.513000000000000e-02 1.517000000000000e-02 0.000000000000000e+00
3.559000000000000e-02 2.226000000000000e-02 0.000000000000000e+00
2.386000000000000e-02 1.561000000000000e-02 0.000000000000000e+00
2.409000000000000e-02 1.528000000000000e-02 0.000000000000000e+00
3.988000000000000e-02 2.920000000000000e-02 0.000000000000000e+00
2.584000000000000e-02 1.587000000000000e-02 0.000000000000000e+00
4.139000000000000e-02 2.729000000000000e-02 0.000000000000000e+00
4.078000000000000e-02 2.486000000000000e-02 0.000000000000000e+00
4.100000000000000e-02 3.002000000000000e-02 0.000000000000000e+00
4.233000000000000e-02 2.792000000000000e-02 0.000000000000000e+00
2.445000000000000e-02 1.459000000000000e-02 0.000000000000000e+00
4.392000000000000e-02 3.232000000000000e-02 0.000000000000000e+00
3.530000000000000e-02 2.404000000000000e-02 0.000000000000000e+00
3.485000000000000e-02 2.123000000000000e-02 0.000000000000000e+00
3.756000000000000e-02 2.270000000000000e-02 0.000000000000000e+00
4.292000000000000e-02 2.663000000000000e-02 0.000000000000000e+00
4.678000000000000e-02 2.845000000000000e-02 0.000000000000000e+00
3.768000000000000e-02 2.745000000000000e-02 0.000000000000000e+00
3.484000000000000e-02 2.536000000000000e-02 0.000000000000000e+00
3.858000000000000e-02 2.577000000000000e-02 0.000000000000000e+00
4.056000000000000e-02 2.814000000000000e-02 0.000000000000000e+00
4.007000000000000e-02 2.436000000000000e-02 0.000000000000000e+00
2.326000000000000e-02 1.618000000000000e-02 0.000000000000000e+00
3.565000000000000e-02 2.615000000000000e-02 0.000000000000000e+00
4.282000000000000e-02 3.139000000000000e-02 0.000000000000000e+00
3.927000000000000e-02 2.672000000000000e-02 0.000000000000000e+00
2.454000000000000e-02 1.550000000000000e-02 0.000000000000000e+00
4.570000000000000e-02 2.788000000000000e-02 0.000000000000000e+00
2.666000000000000e-02 1.626000000000000e-02 0.000000000000000e+00
4.520000000000000e-02 3.135000000000000e-02 0.000000000000000e+00
3.345000000000000e-02 2.035000000000000e-02 0.000000000000000e+00
3.672000000000000e-02 2.469000000000000e-02 0.000000000000000e+00
2.350000000000000e-02 1.638000000000000e-02 0.000000000000000e+00
4.640000000000000e-02 2.927000000000000e-02 0.000000000000000e+00
4.474000000000000e-02 2.888000000000000e-02 0.000000000000000e+00
4.417000000000000e-02 2.981000000000000e-02 0.000000000000000e+00
2.486000000000000e-02 1.481000000000000e-02 0.000000000000000e+00
4.038000000000000e-02 2.583000000000000e-02 0.000000000000000e+00
2.511000000000000e-02 1.564000000000000e-02 0.000000000000000e+00
2.424000000000000e-02 1.494000000000000e-02 0.000000000000000e+00
3.222000000000000e-02 1.957000000000000e-02 0.000000000000000e+00
3.099000000000000e-02 1.886000000000000e-02 0.000000000000000e+00
2.992000000000000e-02 1.835000000000000e-02 0.000000000000000e+00
4.995000000000000e-02 3.338000000000000e-02 0.000000000000000e+00
2.274000000000000e-02 1.690000000000000e-02 0.000000000000000e+00
2.253000000000000e-02 1.705000000000000e-02 0.000000000000000e+00
2.284000000000000e-02 1.714000000000000e-02 0.000000000000000e+00
2.281000000000000e-02 1.663000000000000e-02 0.000000000000000e+00
2.305000000000000e-02 1.686000000000000e-02 0.000000000000000e+00
2.460000000000000e-02 1.732000000000000e-02 0.000000000000000e+00
3.262000000000000e-02 2.271000000000000e-02 0.000000000000000e+00
2.932000000000000e-02 2.049000000000000e-02 0.000000000000000e+00
2.633000000000000e-02 1.855000000000000e-02 0.000000000000000e+00
2.809000000000000e-02 1.944000000000000e-02 0.000000000000000e+00
3.113000000000000e-02 2.152000000000000e-02 0.000000000000000e+00
1.980000000000000e-02 1.980000000000000e-02 0.000000000000000e+00
3.960000000000000e-02 3.960000000000000e-02 0.000000000000000e+00
4.620000000000000e-02 4.620000000000000e-02 0.000000000000000e+00
2.159000000000000e-02 1.783000000000000e-02 0.000000000000000e+00
2.230000000000000e-02 1.838000000000000e-02 0.000000000000000e+00
2.161000000000000e-02 1.928000000000000e-02 0.000000000000000e+00
2.638000000000000e-02 2.404000000000000e-02 0.000000000000000e+00
2.839000000000000e-02 2.605000000000000e-02 0.000000000000000e+00
4.062000000000000e-02 3.855000000000000e-02 0.000000000000000e+00
4.162000000000000e-02 3.747000000000000e-02 0.000000000000000e+00
4.258000000000000e-02 3.637000000000000e-02 0.000000000000000e+00
4.352000000000000e-02 3.524000000000000e-02 0.000000000000000e+00
4.768000000000000e-02 4.466000000000000e-02 0.000000000000000e+00
4.912000000000000e-02 4.308000000000000e-02 0.000000000000000e+00
5.050000000000000e-02 4.145000000000000e-02 0.000000000000000e+00
4.180000000000000e-02 4.180000000000000e-02 0.000000000000000e+00
4.400000000000000e-02 4.400000000000000e-02 0.000000000000000e+00
2.193000000000000e-02 1.809000000000000e-02 0.000000000000000e+00
2.197000000000000e-02 1.881000000000000e-02 0.000000000000000e+00
2.248000000000000e-02 2.014000000000000e-02 0.000000000000000e+00
2.345000000000000e-02 2.112000000000000e-02 0.000000000000000e+00
2.443000000000000e-02 2.209000000000000e-02 0.000000000000000e+00
2.540000000000000e-02 2.307000000000000e-02 0.000000000000000e+00
2.738000000000000e-02 2.505000000000000e-02 0.000000000000000e+00
2.960000000000000e-02 2.683000000000000e-02 0.000000000000000e+00
3.103000000000000e-02 2.705000000000000e-02 0.000000000000000e+00
3.241000000000000e-02 2.665000000000000e-02 0.000000000000000e+00
2.015000000000000e-02 2.015000000000000e-02 0.000000000000000e+00
2.055000000000000e-02 2.055000000000000e-02 0.000000000000000e+00
2.111000000000000e-02 2.111000000000000e-02 0.000000000000000e+00
2.190000000000000e-02 2.190000000000000e-02 0.000000000000000e+00
2.292000000000000e-02 2.292000000000000e-02 0.000000000000000e+00
2.396000000000000e-02 2.396000000000000e-02 0.000000000000000e+00
2.500000000000000e-02 2.500000000000000e-02 0.000000000000000e+00
2.605000000000000e-02 2.605000000000000e-02 0.000000000000000e+00
2.709000000000000e-02 2.709000000000000e-02 0.000000000000000e+00
2.813000000000000e-02 2.813000000000000e-02 0.000000000000000e+00
2.917000000000000e-02 2.917000000000000e-02 0.000000000000000e+00
3.022000000000000e-02 3.022000000000000e-02 0.000000000000000e+00
3.126000000000000e-02 3.126000000000000e-02 0.000000000000000e+00
3.230000000000000e-02 3.230000000000000e-02 0.000000000000000e+00
3.334000000000000e-02 3.334000000000000e-02 0.000000000000000e+00
3.439000000000000e-02 3.439000000000000e-02 0.000000000000000e+00
3.543000000000000e-02 3.543000000000000e-02 0.000000000000000e+00
3.647000000000000e-02 3.647000000000000e-02 0.000000000000000e+00
3.751000000000000e-02 3.751000000000000e-02 0.000000000000000e+00
3.856000000000000e-02 3.856000000000000e-02 0.000000000000000e+00
2.011000000000000e-02 1.948000000000000e-02 0.000000000000000e+00
2.042000000000000e-02 1.916000000000000e-02 0.000000000000000e+00
2.072000000000000e-02 1.883000000000000e-02 0.000000000000000e+00
2.101000000000000e-02 1.850000000000000e-02 0.000000000000000e+00
2.131000000000000e-02 1.817000000000000e-02 0.000000000000000e+00
2.261000000000000e-02 1.797000000000000e-02 0.000000000000000e+00
2.201000000000000e-02 1.731000000000000e-02 0.000000000000000e+00
2.180000000000000e-02 1.757000000000000e-02 0.000000000000000e+00
3.891000000000000e-02 3.441000000000000e-02 0.000000000000000e+00
3.659000000000000e-02 3.204000000000000e-02 0.000000000000000e+00
3.403000000000000e-02 2.978000000000000e-02 0.000000000000000e+00
2.097000000000000e-02 1.988000000000000e-02 0.000000000000000e+00
3.868000000000000e-02 3.273000000000000e-02 0.000000000000000e+00
4.156000000000000e-02 3.457000000000000e-02 0.000000000000000e+00
3.220000000000000e-02 2.919000000000000e-02 0.000000000000000e+00
3.989000000000000e-02 3.651000000000000e-02 0.000000000000000e+00
3.557000000000000e-02 2.996000000000000e-02 0.000000000000000e+00
3.444000000000000e-02 3.147000000000000e-02 0.000000000000000e+00
3.362000000000000e-02 2.808000000000000e-02 0.000000000000000e+00
3.991000000000000e-02 3.340000000000000e-02 0.000000000000000e+00
3.720000000000000e-02 3.034000000000000e-02 0.000000000000000e+00
3.814000000000000e-02 3.563000000000000e-02 0.000000000000000e+00
3.603000000000000e-02 3.356000000000000e-02 0.000000000000000e+00
4.096000000000000e-02 3.607000000000000e-02 0.000000000000000e+00
2.144000000000000e-02 1.866000000000000e-02 0.000000000000000e+00
3.513000000000000e-02 2.881000000000000e-02 0.000000000000000e+00
3.310000000000000e-02 3.095000000000000e-02 0.000000000000000e+00
2.116000000000000e-02 2.035000000000000e-02 0.000000000000000e+00
3.071000000000000e-02 2.862000000000000e-02 0.000000000000000e+00
2.125000000000000e-02 1.901000000000000e-02 0.000000000000000e+00
2.099000000000000e-02 1.931000000000000e-02 0.000000000000000e+00
3.853000000000000e-02 3.096000000000000e-02 0.000000000000000e+00
2.201000000000000e-02 2.085000000000000e-02 0.000000000000000e+00
3.708000000000000e-02 3.292000000000000e-02 0.000000000000000e+00
3.457000000000000e-02 3.295000000000000e-02 0.000000000000000e+00
3.961000000000000e-02 3.184000000000000e-02 0.000000000000000e+00
3.793000000000000e-02 3.366000000000000e-02 0.000000000000000e+00
2.042000000000000e-02 1.984000000000000e-02 0.000000000000000e+00
4.258000000000000e-02 3.406000000000000e-02 0.000000000000000e+00
3.236000000000000e-02 2.788000000000000e-02 0.000000000000000e+00
2.952000000000000e-02 2.816000000000000e-02 0.000000000000000e+00
3.165000000000000e-02 3.041000000000000e-02 0.000000000000000e+00
3.684000000000000e-02 3.457000000000000e-02 0.000000000000000e+00
3.959000000000000e-02 3.782000000000000e-02 0.000000000000000e+00
3.627000000000000e-02 2.929000000000000e-02 0.000000000000000e+00
3.351000000000000e-02 2.709000000000000e-02 0.000000000000000e+00
3.487000000000000e-02 3.059000000000000e-02 0.000000000000000e+00
3.768000000000000e-02 3.189000000000000e-02 0.000000000000000e+00
3.390000000000000e-02 3.240000000000000e-02 0.000000000000000e+00
2.165000000000000e-02 1.828000000000000e-02 0.000000000000000e+00
3.449000000000000e-02 2.766000000000000e-02 0.000000000000000e+00
4.140000000000000e-02 3.324000000000000e-02 0.000000000000000e+00
3.597000000000000e-02 3.102000000000000e-02 0.000000000000000e+00
2.133000000000000e-02 1.969000000000000e-02 0.000000000000000e+00
3.876000000000000e-02 3.692000000000000e-02 0.000000000000000e+00
2.260000000000000e-02 2.154000000000000e-02 0.000000000000000e+00
4.198000000000000e-02 3.554000000000000e-02 0.000000000000000e+00
2.832000000000000e-02 2.704000000000000e-02 0.000000000000000e+00
3.335000000000000e-02 2.907000000000000e-02 0.000000000000000e+00
2.191000000000000e-02 1.846000000000000e-02 0.000000000000000e+00
4.028000000000000e-02 3.724000000000000e-02 0.000000000000000e+00
3.947000000000000e-02 3.574000000000000e-02 0.000000000000000e+00
4.023000000000000e-02 3.495000000000000e-02 0.000000000000000e+00
2.074000000000000e-02 2.018000000000000e-02 0.000000000000000e+00
3.540000000000000e-02 3.232000000000000e-02 0.000000000000000e+00
2.160000000000000e-02 2.021000000000000e-02 0.000000000000000e+00
2.070000000000000e-02 1.955000000000000e-02 0.000000000000000e+00
2.724000000000000e-02 2.606000000000000e-02 0.000000000000000e+00
2.623000000000000e-02 2.505000000000000e-02 0.000000000000000e+00
2.547000000000000e-02 2.416000000000000e-02 0.000000000000000e+00
4.517000000000000e-02 3.961000000000000e-02 0.000000000000000e+00
2.221000000000000e-02 1.759000000000000e-02 0.000000000000000e+00
2.231000000000000e-02 1.735000000000000e-02 0.000000000000000e+00
2.247000000000000e-02 1.762000000000000e-02 0.000000000000000e+00
2.197000000000000e-02 1.773000000000000e-02 0.000000000000000e+00
2.225000000000000e-02 1.790000000000000e-02 0.000000000000000e+00
2.309000000000000e-02 1.928000000000000e-02 0.000000000000000e+00
3.038000000000000e-02 2.563000000000000e-02 0.000000000000000e+00
2.738000000000000e-02 2.302000000000000e-02 0.000000000000000e+00
2.473000000000000e-02 2.063000000000000e-02 0.000000000000000e+00
2.605000000000000e-02 2.210000000000000e-02 0.000000000000000e+00
2.884000000000000e-02 2.450000000000000e-02 0.000000000000000e+00
3.409000000000000e-02 4.443000000000000e-02 0.000000000000000e+00
3.977000000000000e-02 5.183000000000000e-02 0.000000000000000e+00
1.783000000000000e-02 2.159000000000000e-02 0.000000000000000e+00
1.838000000000000e-02 2.230000000000000e-02 0.000000000000000e+00
1.928000000000000e-02 2.161000000000000e-02 0.000000000000000e+00
2.404000000000000e-02 2.638000000000000e-02 0.000000000000000e+00
2.605000000000000e-02 2.839000000000000e-02 0.000000000000000e+00
2.572000000000000e-02 3.351000000000000e-02 0.000000000000000e+00
1.758000000000000e-02 2.291000000000000e-02 0.000000000000000e+00
1.705000000000000e-02 2.221000000000000e-02 0.000000000000000e+00
2.165000000000000e-02 2.821000000000000e-02 0.000000000000000e+00
3.855000000000000e-02 4.062000000000000e-02 0.000000000000000e+00
3.747000000000000e-02 4.162000000000000e-02 0.000000000000000e+00
3.637000000000000e-02 4.258000000000000e-02 0.000000000000000e+00
3.524000000000000e-02 4.352000000000000e-02 0.000000000000000e+00
4.466000000000000e-02 4.768000000000000e-02 0.000000000000000e+00
4.308000000000000e-02 4.912000000000000e-02 0.000000000000000e+00
4.145000000000000e-02 5.050000000000000e-02 0.000000000000000e+00
3.788000000000000e-02 4.936000000000000e-02 0.000000000000000e+00
3.598000000000000e-02 4.690000000000000e-02 0.000000000000000e+00
1.809000000000000e-02 2.193000000000000e-02 0.000000000000000e+00
1.881000000000000e-02 2.197000000000000e-02 0.000000000000000e+00
2.014000000000000e-02 2.248000000000000e-02 0.000000000000000e+00
2.112000000000000e-02 2.345000000000000e-02 0.000000000000000e+00
2.209000000000000e-02 2.443000000000000e-02 0.000000000000000e+00
2.307000000000000e-02 2.540000000000000e-02 0.000000000000000e+00
2.505000000000000e-02 2.738000000000000e-02 0.000000000000000e+00
2.683000000000000e-02 2.960000000000000e-02 0.000000000000000e+00
2.705000000000000e-02 3.103000000000000e-02 0.000000000000000e+00
2.665000000000000e-02 3.241000000000000e-02 0.000000000000000e+00
2.655000000000000e-02 3.461000000000000e-02 0.000000000000000e+00
2.739000000000000e-02 3.570000000000000e-02 0.000000000000000e+00
2.823000000000000e-02 3.679000000000000e-02 0.000000000000000e+00
2.907000000000000e-02 3.788000000000000e-02 0.000000000000000e+00
2.990000000000000e-02 3.897000000000000e-02 0.000000000000000e+00
3.074000000000000e-02 4.006000000000000e-02 0.000000000000000e+00
3.158000000000000e-02 4.115000000000000e-02 0.000000000000000e+00
3.242000000000000e-02 4.225000000000000e-02 0.000000000000000e+00
3.325000000000000e-02 4.334000000000000e-02 0.000000000000000e+00
1.948000000000000e-02 2.011000000000000e-02 0.000000000000000e+00
1.916000000000000e-02 2.042000000000000e-02 0.000000000000000e+00
1.883000000000000e-02 2.072000000000000e-02 0.000000000000000e+00
1.850000000000000e-02 2.101000000000000e-02 0.000000000000000e+00
1.817000000000000e-02 2.131000000000000e-02 0.000000000000000e+00
1.797000000000000e-02 2.261000000000000e-02 0.000000000000000e+00
1.730000000000000e-02 2.255000000000000e-02 0.000000000000000e+00
1.731000000000000e-02 2.201000000000000e-02 0.000000000000000e+00
1.757000000000000e-02 2.180000000000000e-02 0.000000000000000e+00
2.463000000000000e-02 3.210000000000000e-02 0.000000000000000e+00
2.317000000000000e-02 3.020000000000000e-02 0.000000000000000e+00
2.021000000000000e-02 2.634000000000000e-02 0.000000000000000e+00
1.904000000000000e-02 2.482000000000000e-02 0.000000000000000e+00
1.819000000000000e-02 2.371000000000000e-02 0.000000000000000e+00
3.441000000000000e-02 3.891000000000000e-02 0.000000000000000e+00
3.204000000000000e-02 3.659000000000000e-02 0.000000000000000e+00
2.978000000000000e-02 3.403000000000000e-02 0.000000000000000e+00
1.988000000000000e-02 2.097000000000000e-02 0.000000000000000e+00
3.273000000000000e-02 3.868000000000000e-02 0.000000000000000e+00
3.457000000000000e-02 4.156000000000000e-02 0.000000000000000e+00
2.919000000000000e-02 3.220000000000000e-02 0.000000000000000e+00
3.651000000000000e-02 3.989000000000000e-02 0.000000000000000e+00
2.996000000000000e-02 3.557000000000000e-02 0.000000000000000e+00
3.147000000000000e-02 3.444000000000000e-02 0.000000000000000e+00
2.808000000000000e-02 3.362000000000000e-02 0.000000000000000e+00
3.340000000000000e-02 3.991000000000000e-02 0.000000000000000e+00
3.034000000000000e-02 3.720000000000000e-02 0.000000000000000e+00
3.563000000000000e-02 3.814000000000000e-02 0.000000000000000e+00
3.356000000000000e-02 3.603000000000000e-02 0.000000000000000e+00
3.607000000000000e-02 4.096000000000000e-02 0.000000000000000e+00
1.866000000000000e-02 2.144000000000000e-02 0.000000000000000e+00
2.881000000000000e-02 3.513000000000000e-02 0.000000000000000e+00
3.095000000000000e-02 3.310000000000000e-02 0.000000000000000e+00
2.035000000000000e-02 2.116000000000000e-02 0.000000000000000e+00
2.862000000000000e-02 3.071000000000000e-02 0.000000000000000e+00
1.901000000000000e-02 2.125000000000000e-02 0.000000000000000e+00
1.931000000000000e-02 2.099000000000000e-02 0.000000000000000e+00
3.096000000000000e-02 3.853000000000000e-02 0.000000000000000e+00
2.085000000000000e-02 2.201000000000000e-02 0.000000000000000e+00
3.292000000000000e-02 3.708000000000000e-02 0.000000000000000e+00
3.295000000000000e-02 3.457000000000000e-02 0.000000000000000e+00
3.184000000000000e-02 3.961000000000000e-02 0.000000000000000e+00
3.366000000000000e-02 3.793000000000000e-02 0.000000000000000e+00
1.984000000000000e-02 2.042000000000000e-02 0.000000000000000e+00
3.406000000000000e-02 4.258000000000000e-02 0.000000000000000e+00
2.788000000000000e-02 3.236000000000000e-02 0.000000000000000e+00
2.816000000000000e-02 2.952000000000000e-02 0.000000000000000e+00
3.041000000000000e-02 3.165000000000000e-02 0.000000000000000e+00
3.457000000000000e-02 3.684000000000000e-02 0.000000000000000e+00
3.782000000000000e-02 3.959000000000000e-02 0.000000000000000e+00
2.929000000000000e-02 3.627000000000000e-02 0.000000000000000e+00
2.709000000000000e-02 3.351000000000000e-02 0.000000000000000e+00
3.059000000000000e-02 3.487000000000000e-02 0.000000000000000e+00
3.189000000000000e-02 3.768000000000000e-02 0.000000000000000e+00
3.240000000000000e-02 3.390000000000000e-02 0.000000000000000e+00
1.828000000000000e-02 2.165000000000000e-02 0.000000000000000e+00
2.766000000000000e-02 3.449000000000000e-02 0.000000000000000e+00
3.324000000000000e-02 4.140000000000000e-02 0.000000000000000e+00
3.102000000000000e-02 3.597000000000000e-02 0.000000000000000e+00
1.969000000000000e-02 2.133000000000000e-02 0.000000000000000e+00
3.692000000000000e-02 3.876000000000000e-02 0.000000000000000e+00
2.154000000000000e-02 2.260000000000000e-02 0.000000000000000e+00
3.554000000000000e-02 4.198000000000000e-02 0.000000000000000e+00
2.704000000000000e-02 2.832000000000000e-02 0.000000000000000e+00
2.907000000000000e-02 3.335000000000000e-02 0.000000000000000e+00
1.846000000000000e-02 2.191000000000000e-02 0.000000000000000e+00
3.724000000000000e-02 4.028000000000000e-02 0.000000000000000e+00
3.574000000000000e-02 3.947000000000000e-02 0.000000000000000e+00
3.495000000000000e-02 4.023000000000000e-02 0.000000000000000e+00
2.018000000000000e-02 2.074000000000000e-02 0.000000000000000e+00
3.232000000000000e-02 3.540000000000000e-02 0.000000000000000e+00
2.021000000000000e-02 2.160000000000000e-02 0.000000000000000e+00
1.955000000000000e-02 2.070000000000000e-02 0.000000000000000e+00
2.606000000000000e-02 2.724000000000000e-02 0.000000000000000e+00
2.505000000000000e-02 2.623000000000000e-02 0.000000000000000e+00
2.416000000000000e-02 2.547000000000000e-02 0.000000000000000e+00
3.961000000000000e-02 4.517000000000000e-02 0.000000000000000e+00
1.759000000000000e-02 2.221000000000000e-02 0.000000000000000e+00
1.735000000000000e-02 2.231000000000000e-02 0.000000000000000e+00
1.762000000000000e-02 2.247000000000000e-02 0.000000000000000e+00
1.773000000000000e-02 2.197000000000000e-02 0.000000000000000e+00
1.790000000000000e-02 2.225000000000000e-02 0.000000000000000e+00
1.928000000000000e-02 2.309000000000000e-02 0.000000000000000e+00
2.563000000000000e-02 3.038000000000000e-02 0.000000000000000e+00
2.302000000000000e-02 2.738000000000000e-02 0.000000000000000e+00
2.063000000000000e-02 2.473000000000000e-02 0.000000000000000e+00
2.210000000000000e-02 2.605000000000000e-02 0.000000000000000e+00
2.450000000000000e-02 2.884000000000000e-02 0.000000000000000e+00
1.400000000000000e-02 2.425000000000000e-02 0.000000000000000e+00
2.800000000000000e-02 4.850000000000000e-02 0.000000000000000e+00
3.267000000000000e-02 5.658000000000000e-02 0.000000000000000e+00
1.624000000000000e-02 2.281000000000000e-02 0.000000000000000e+00
1.679000000000000e-02 2.352000000000000e-02 0.000000000000000e+00
1.589000000000000e-02 2.422000000000000e-02 0.000000000000000e+00
1.926000000000000e-02 3.005000000000000e-02 0.000000000000000e+00
2.068000000000000e-02 3.251000000000000e-02 0.000000000000000e+00
2.926000000000000e-02 4.775000000000000e-02 0.000000000000000e+00
3.050000000000000e-02 4.697000000000000e-02 0.000000000000000e+00
3.172000000000000e-02 4.615000000000000e-02 0.000000000000000e+00
3.292000000000000e-02 4.530000000000000e-02 0.000000000000000e+00
3.450000000000000e-02 5.548000000000000e-02 0.000000000000000e+00
3.630000000000000e-02 5.432000000000000e-02 0.000000000000000e+00
3.806000000000000e-02 5.311000000000000e-02 0.000000000000000e+00
2.956000000000000e-02 5.119000000000000e-02 0.000000000000000e+00
3.111000000000000e-02 5.389000000000000e-02 0.000000000000000e+00
1.650000000000000e-02 2.315000000000000e-02 0.000000000000000e+00
1.636000000000000e-02 2.385000000000000e-02 0.000000000000000e+00
1.650000000000000e-02 2.527000000000000e-02 0.000000000000000e+00
1.719000000000000e-02 2.647000000000000e-02 0.000000000000000e+00
1.788000000000000e-02 2.766000000000000e-02 0.000000000000000e+00
1.857000000000000e-02 2.886000000000000e-02 0.000000000000000e+00
1.997000000000000e-02 3.128000000000000e-02 0.000000000000000e+00
2.165000000000000e-02 3.358000000000000e-02 0.000000000000000e+00
2.297000000000000e-02 3.416000000000000e-02 0.000000000000000e+00
2.441000000000000e-02 3.413000000000000e-02 0.000000000000000e+00
1.425000000000000e-02 2.468000000000000e-02 0.000000000000000e+00
1.453000000000000e-02 2.517000000000000e-02 0.000000000000000e+00
1.493000000000000e-02 2.586000000000000e-02 0.000000000000000e+00
1.549000000000000e-02 2.682000000000000e-02 0.000000000000000e+00
1.621000000000000e-02 2.807000000000000e-02 0.000000000000000e+00
1.694000000000000e-02 2.935000000000000e-02 0.000000000000000e+00
1.768000000000000e-02 3.062000000000000e-02 0.000000000000000e+00
1.842000000000000e-02 3.190000000000000e-02 0.000000000000000e+00
1.916000000000000e-02 3.318000000000000e-02 0.000000000000000e+00
1.989000000000000e-02 3.445000000000000e-02 0.000000000000000e+00
2.063000000000000e-02 3.573000000000000e-02 0.000000000000000e+00
2.137000000000000e-02 3.701000000000000e-02 0.000000000000000e+00
2.210000000000000e-02 3.828000000000000e-02 0.000000000000000e+00
2.284000000000000e-02 3.956000000000000e-02 0.000000000000000e+00
2.358000000000000e-02 4.084000000000000e-02 0.000000000000000e+00
2.431000000000000e-02 4.211000000000000e-02 0.000000000000000e+00
2.505000000000000e-02 4.339000000000000e-02 0.000000000000000e+00
2.579000000000000e-02 4.467000000000000e-02 0.000000000000000e+00
2.653000000000000e-02 4.594000000000000e-02 0.000000000000000e+00
2.726000000000000e-02 4.722000000000000e-02 0.000000000000000e+00
1.438000000000000e-02 2.402000000000000e-02 0.000000000000000e+00
1.476000000000000e-02 2.379000000000000e-02 0.000000000000000e+00
1.514000000000000e-02 2.356000000000000e-02 0.000000000000000e+00
1.551000000000000e-02 2.331000000000000e-02 0.000000000000000e+00
1.588000000000000e-02 2.306000000000000e-02 0.000000000000000e+00
1.719000000000000e-02 2.321000000000000e-02 0.000000000000000e+00
1.678000000000000e-02 2.242000000000000e-02 0.000000000000000e+00
1.651000000000000e-02 2.261000000000000e-02 0.000000000000000e+00
2.868000000000000e-02 4.331000000000000e-02 0.000000000000000e+00
2.705000000000000e-02 4.042000000000000e-02 0.000000000000000e+00
2.516000000000000e-02 3.757000000000000e-02 0.000000000000000e+00
1.511000000000000e-02 2.463000000000000e-02 0.000000000000000e+00
2.889000000000000e-02 4.163000000000000e-02 0.000000000000000e+00
3.120000000000000e-02 4.415000000000000e-02 0.000000000000000e+00
2.354000000000000e-02 3.653000000000000e-02 0.000000000000000e+00
2.908000000000000e-02 4.559000000000000e-02 0.000000000000000e+00
2.660000000000000e-02 3.815000000000000e-02 0.000000000000000e+00
2.512000000000000e-02 3.931000000000000e-02 0.000000000000000e+00
2.521000000000000e-02 3.582000000000000e-02 0.000000000000000e+00
2.990000000000000e-02 4.259000000000000e-02 0.000000000000000e+00
2.808000000000000e-02 3.893000000000000e-02 0.000000000000000e+00
2.762000000000000e-02 4.429000000000000e-02 0.000000000000000e+00
2.612000000000000e-02 4.174000000000000e-02 0.000000000000000e+00
3.023000000000000e-02 4.545000000000000e-02 0.000000000000000e+00
1.588000000000000e-02 2.357000000000000e-02 0.000000000000000e+00
2.647000000000000e-02 3.692000000000000e-02 0.000000000000000e+00
2.396000000000000e-02 3.846000000000000e-02 0.000000000000000e+00
1.517000000000000e-02 2.513000000000000e-02 0.000000000000000e+00
2.226000000000000e-02 3.559000000000000e-02 0.000000000000000e+00
1.561000000000000e-02 2.386000000000000e-02 0.000000000000000e+00
1.528000000000000e-02 2.409000000000000e-02 0.000000000000000e+00
2.920000000000000e-02 3.988000000000000e-02 0.000000000000000e+00
1.587000000000000e-02 2.584000000000000e-02 0.000000000000000e+00
2.729000000000000e-02 4.139000000000000e-02 0.000000000000000e+00
2.486000000000000e-02 4.078000000000000e-02 0.000000000000000e+00
3.002000000000000e-02 4.100000000000000e-02 0.000000000000000e+00
2.792000000000000e-02 4.233000000000000e-02 0.000000000000000e+00
1.459000000000000e-02 2.445000000000000e-02 0.000000000000000e+00
3.232000000000000e-02 4.392000000000000e-02 0.000000000000000e+00
2.404000000000000e-02 3.530000000000000e-02 0.000000000000000e+00
2.123000000000000e-02 3.485000000000000e-02 0.000000000000000e+00
2.270000000000000e-02 3.756000000000000e-02 0.000000000000000e+00
2.663000000000000e-02 4.292000000000000e-02 0.000000000000000e+00
2.845000000000000e-02 4.678000000000000e-02 0.000000000000000e+00
2.745000000000000e-02 3.768000000000000e-02 0.000000000000000e+00
2.536000000000000e-02 3.484000000000000e-02 0.000000000000000e+00
2.577000000000000e-02 3.858000000000000e-02 0.000000000000000e+00
2.814000000000000e-02 4.056000000000000e-02 0.000000000000000e+00
2.436000000000000e-02 4.007000000000000e-02 0.000000000000000e+00
1.618000000000000e-02 2.326000000000000e-02 0.000000000000000e+00
2.615000000000000e-02 3.565000000000000e-02 0.000000000000000e+00
3.139000000000000e-02 4.282000000000000e-02 0.000000000000000e+00
2.672000000000000e-02 3.927000000000000e-02 0.000000000000000e+00
1.550000000000000e-02 2.454000000000000e-02 0.000000000000000e+00
2.788000000000000e-02 4.570000000000000e-02 0.000000000000000e+00
1.626000000000000e-02 2.666000000000000e-02 0.000000000000000e+00
3.135000000000000e-02 4.520000000000000e-02 0.000000000000000e+00
2.035000000000000e-02 3.345000000000000e-02 0.000000000000000e+00
2.469000000000000e-02 3.672000000000000e-02 0.000000000000000e+00
1.638000000000000e-02 2.350000000000000e-02 0.000000000000000e+00
2.927000000000000e-02 4.640000000000000e-02 0.000000000000000e+00
2.888000000000000e-02 4.474000000000000e-02 0.000000000000000e+00
2.981000000000000e-02 4.417000000000000e-02 0.000000000000000e+00
1.481000000000000e-02 2.486000000000000e-02 0.000000000000000e+00
2.583000000000000e-02 4.038000000000000e-02 0.000000000000000e+00
1.564000000000000e-02 2.511000000000000e-02 0.000000000000000e+00
1.494000000000000e-02 2.424000000000000e-02 0.000000000000000e+00
1.957000000000000e-02 3.222000000000000e-02 0.000000000000000e+00
1.886000000000000e-02 3.099000000000000e-02 0.000000000000000e+00
1.835000000000000e-02 2.992000000000000e-02 0.000000000000000e+00
3.338000000000000e-02 4.995000000000000e-02 0.000000000000000e+00
1.690000000000000e-02 2.274000000000000e-02 0.000000000000000e+00
1.705000000000000e-02 2.253000000000000e-02 0.000000000000000e+00
1.714000000000000e-02 2.284000000000000e-02 0.000000000000000e+00
1.663000000000000e-02 2.281000000000000e-02 0.000000000000000e+00
1.686000000000000e-02 2.305000000000000e-02 0.000000000000000e+00
1.732000000000000e-02 2.460000000000000e-02 0.000000000000000e+00
2.271000000000000e-02 3.262000000000000e-02 0.000000000000000e+00
2.049000000000000e-02 2.932000000000000e-02 0.000000000000000e+00
1.855000000000000e-02 2.633000000000000e-02 0.000000000000000e+00
1.944000000000000e-02 2.809000000000000e-02 0.000000000000000e+00
2.152000000000000e-02 3.113000000000000e-02 0.000000000000000e+00
2.143000000000000e-02 5.174000000000000e-02 0.000000000000000e+00
2.500000000000000e-02 6.036000000000000e-02 0.000000000000000e+00
1.163000000000000e-02 2.547000000000000e-02 0.000000000000000e+00
1.198000000000000e-02 2.630000000000000e-02 0.000000000000000e+00
1.303000000000000e-02 2.587000000000000e-02 0.000000000000000e+00
1.640000000000000e-02 3.170000000000000e-02 0.000000000000000e+00
1.782000000000000e-02 3.416000000000000e-02 0.000000000000000e+00
1.617000000000000e-02 3.903000000000000e-02 0.000000000000000e+00
1.105000000000000e-02 2.668000000000000e-02 0.000000000000000e+00
1.072000000000000e-02 2.587000000000000e-02 0.000000000000000e+00
1.361000000000000e-02 3.286000000000000e-02 0.000000000000000e+00
2.672000000000000e-02 4.921000000000000e-02 0.000000000000000e+00
2.542000000000000e-02 4.990000000000000e-02 0.000000000000000e+00
2.411000000000000e-02 5.054000000000000e-02 0.000000000000000e+00
2.278000000000000e-02 5.116000000000000e-02 0.000000000000000e+00
3.080000000000000e-02 5.762000000000000e-02 0.000000000000000e+00
2.890000000000000e-02 5.860000000000000e-02 0.000000000000000e+00
2.696000000000000e-02 5.951000000000000e-02 0.000000000000000e+00
2.381000000000000e-02 5.749000000000000e-02 0.000000000000000e+00
2.262000000000000e-02 5.461000000000000e-02 0.000000000000000e+00
1.180000000000000e-02 2.587000000000000e-02 0.000000000000000e+00
1.248000000000000e-02 2.609000000000000e-02 0.000000000000000e+00
1.364000000000000e-02 2.692000000000000e-02 0.000000000000000e+00
1.433000000000000e-02 2.812000000000000e-02 0.000000000000000e+00
1.502000000000000e-02 2.931000000000000e-02 0.000000000000000e+00
1.571000000000000e-02 3.051000000000000e-02 0.000000000000000e+00
1.711000000000000e-02 3.293000000000000e-02 0.000000000000000e+00
1.826000000000000e-02 3.554000000000000e-02 0.000000000000000e+00
1.809000000000000e-02 3.697000000000000e-02 0.000000000000000e+00
1.735000000000000e-02 3.821000000000000e-02 0.000000000000000e+00
1.669000000000000e-02 4.030000000000000e-02 0.000000000000000e+00
1.722000000000000e-02 4.157000000000000e-02 0.000000000000000e+00
1.775000000000000e-02 4.284000000000000e-02 0.000000000000000e+00
1.827000000000000e-02 4.411000000000000e-02 0.000000000000000e+00
1.880000000000000e-02 4.538000000000000e-02 0.000000000000000e+00
1.932000000000000e-02 4.665000000000000e-02 0.000000000000000e+00
1.985000000000000e-02 4.792000000000000e-02 0.000000000000000e+00
2.038000000000000e-02 4.920000000000000e-02 0.000000000000000e+00
2.090000000000000e-02 5.047000000000000e-02 0.000000000000000e+00
1.361000000000000e-02 2.447000000000000e-02 0.000000000000000e+00
1.322000000000000e-02 2.468000000000000e-02 0.000000000000000e+00
1.283000000000000e-02 2.489000000000000e-02 0.000000000000000e+00
1.243000000000000e-02 2.509000000000000e-02 0.000000000000000e+00
1.203000000000000e-02 2.528000000000000e-02 0.000000000000000e+00
1.151000000000000e-02 2.649000000000000e-02 0.000000000000000e+00
1.088000000000000e-02 2.626000000000000e-02 0.000000000000000e+00
1.102000000000000e-02 2.574000000000000e-02 0.000000000000000e+00
1.133000000000000e-02 2.561000000000000e-02 0.000000000000000e+00
1.548000000000000e-02 3.738000000000000e-02 0.000000000000000e+00
1.457000000000000e-02 3.516000000000000e-02 0.000000000000000e+00
1.271000000000000e-02 3.067000000000000e-02 0.000000000000000e+00
1.197000000000000e-02 2.890000000000000e-02 0.000000000000000e+00
1.144000000000000e-02 2.761000000000000e-02 0.000000000000000e+00
2.317000000000000e-02 4.649000000000000e-02 0.000000000000000e+00
2.148000000000000e-02 4.364000000000000e-02 0.000000000000000e+00
1.996000000000000e-02 4.058000000000000e-02 0.000000000000000e+00
1.378000000000000e-02 2.541000000000000e-02 0.000000000000000e+00
2.160000000000000e-02 4.583000000000000e-02 0.000000000000000e+00
2.264000000000000e-02 4.909000000000000e-02 0.000000000000000e+00
1.986000000000000e-02 3.865000000000000e-02 0.000000000000000e+00
2.494000000000000e-02 4.798000000000000e-02 0.000000000000000e+00
1.973000000000000e-02 4.211000000000000e-02 0.000000000000000e+00
2.148000000000000e-02 4.141000000000000e-02 0.000000000000000e+00
1.842000000000000e-02 3.974000000000000e-02 0.000000000000000e+00
2.193000000000000e-02 4.719000000000000e-02 0.000000000000000e+00
1.968000000000000e-02 4.379000000000000e-02 0.000000000000000e+00
2.455000000000000e-02 4.607000000000000e-02 0.000000000000000e+00
2.309000000000000e-02 4.349000000000000e-02 0.000000000000000e+00
2.424000000000000e-02 4.890000000000000e-02 0.000000000000000e+00
1.248000000000000e-02 2.554000000000000e-02 0.000000000000000e+00
1.874000000000000e-02 4.139000000000000e-02 0.000000000000000e+00
2.133000000000000e-02 3.998000000000000e-02 0.000000000000000e+00
1.418000000000000e-02 2.570000000000000e-02 0.000000000000000e+00
1.970000000000000e-02 3.707000000000000e-02 0.000000000000000e+00
1.286000000000000e-02 2.545000000000000e-02 0.000000000000000e+00
1.322000000000000e-02 2.528000000000000e-02 0.000000000000000e+00
1.993000000000000e-02 4.523000000000000e-02 0.000000000000000e+00
1.445000000000000e-02 2.666000000000000e-02 0.000000000000000e+00
2.220000000000000e-02 4.433000000000000e-02 0.000000000000000e+00
2.288000000000000e-02 4.192000000000000e-02 0.000000000000000e+00
2.050000000000000e-02 4.650000000000000e-02 0.000000000000000e+00
2.269000000000000e-02 4.535000000000000e-02 0.000000000000000e+00
1.388000000000000e-02 2.486000000000000e-02 0.000000000000000e+00
2.188000000000000e-02 4.995000000000000e-02 0.000000000000000e+00
1.855000000000000e-02 3.847000000000000e-02 0.000000000000000e+00
1.956000000000000e-02 3.581000000000000e-02 0.000000000000000e+00
2.118000000000000e-02 3.844000000000000e-02 0.000000000000000e+00
2.386000000000000e-02 4.453000000000000e-02 0.000000000000000e+00
2.629000000000000e-02 4.803000000000000e-02 0.000000000000000e+00
1.891000000000000e-02 4.261000000000000e-02 0.000000000000000e+00
1.749000000000000e-02 3.938000000000000e-02 0.000000000000000e+00
2.053000000000000e-02 4.160000000000000e-02 0.000000000000000e+00
2.105000000000000e-02 4.465000000000000e-02 0.000000000000000e+00
2.252000000000000e-02 4.113000000000000e-02 0.000000000000000e+00
1.206000000000000e-02 2.564000000000000e-02 0.000000000000000e+00
1.780000000000000e-02 4.047000000000000e-02 0.000000000000000e+00
2.139000000000000e-02 4.859000000000000e-02 0.000000000000000e+00
2.065000000000000e-02 4.278000000000000e-02 0.000000000000000e+00
1.350000000000000e-02 2.570000000000000e-02 0.000000000000000e+00
2.563000000000000e-02 4.699000000000000e-02 0.000000000000000e+00
1.496000000000000e-02 2.741000000000000e-02 0.000000000000000e+00
2.347000000000000e-02 4.975000000000000e-02 0.000000000000000e+00
1.879000000000000e-02 3.435000000000000e-02 0.000000000000000e+00
1.945000000000000e-02 3.974000000000000e-02 0.000000000000000e+00
1.216000000000000e-02 2.594000000000000e-02 0.000000000000000e+00
2.555000000000000e-02 4.855000000000000e-02 0.000000000000000e+00
2.430000000000000e-02 4.738000000000000e-02 0.000000000000000e+00
2.335000000000000e-02 4.790000000000000e-02 0.000000000000000e+00
1.413000000000000e-02 2.525000000000000e-02 0.000000000000000e+00
2.206000000000000e-02 4.256000000000000e-02 0.000000000000000e+00
1.393000000000000e-02 2.610000000000000e-02 0.000000000000000e+00
1.352000000000000e-02 2.506000000000000e-02 0.000000000000000e+00
1.812000000000000e-02 3.305000000000000e-02 0.000000000000000e+00
1.741000000000000e-02 3.182000000000000e-02 0.000000000000000e+00
1.674000000000000e-02 3.085000000000000e-02 0.000000000000000e+00
2.657000000000000e-02 5.388000000000000e-02 0.000000000000000e+00
1.125000000000000e-02 2.600000000000000e-02 0.000000000000000e+00
1.099000000000000e-02 2.604000000000000e-02 0.000000000000000e+00
1.121000000000000e-02 2.626000000000000e-02 0.000000000000000e+00
1.144000000000000e-02 2.581000000000000e-02 0.000000000000000e+00
1.153000000000000e-02 2.612000000000000e-02 0.000000000000000e+00
1.265000000000000e-02 2.730000000000000e-02 0.000000000000000e+00
1.689000000000000e-02 3.598000000000000e-02 0.000000000000000e+00
1.515000000000000e-02 3.240000000000000e-02 0.000000000000000e+00
1.353000000000000e-02 2.923000000000000e-02 0.000000000000000e+00
1.461000000000000e-02 3.088000000000000e-02 0.000000000000000e+00
1.620000000000000e-02 3.420000000000000e-02 0.000000000000000e+00
7.250000000000000e-03 2.705000000000000e-02 0.000000000000000e+00
1.449000000000000e-02 5.409000000000000e-02 0.000000000000000e+00
1.691000000000000e-02 6.311000000000000e-02 0.000000000000000e+00
9.780000000000000e-03 2.623000000000000e-02 0.000000000000000e+00
1.013000000000000e-02 2.707000000000000e-02 0.000000000000000e+00
9.080000000000000e-03 2.750000000000000e-02 0.000000000000000e+00
1.082000000000000e-02 3.401000000000000e-02 0.000000000000000e+00
1.156000000000000e-02 3.676000000000000e-02 0.000000000000000e+00
1.590000000000000e-02 5.369000000000000e-02 0.000000000000000e+00
1.730000000000000e-02 5.326000000000000e-02 0.000000000000000e+00
1.869000000000000e-02 5.279000000000000e-02 0.000000000000000e+00
2.007000000000000e-02 5.228000000000000e-02 0.000000000000000e+00
1.897000000000000e-02 6.252000000000001e-02 0.000000000000000e+00
2.100000000000000e-02 6.187000000000000e-02 0.000000000000000e+00
2.301000000000000e-02 6.115000000000000e-02 0.000000000000000e+00
1.530000000000000e-02 5.710000000000000e-02 0.000000000000000e+00
1.610000000000000e-02 6.010000000000000e-02 0.000000000000000e+00
9.950000000000001e-03 2.663000000000000e-02 0.000000000000000e+00
9.630000000000000e-03 2.727000000000000e-02 0.000000000000000e+00
9.390000000000001e-03 2.868000000000000e-02 0.000000000000000e+00
9.750000000000000e-03 3.001000000000000e-02 0.000000000000000e+00
1.011000000000000e-02 3.135000000000000e-02 0.000000000000000e+00
1.046000000000000e-02 3.268000000000000e-02 0.000000000000000e+00
1.119000000000000e-02 3.538000000000000e-02 0.000000000000000e+00
1.222000000000000e-02 3.804000000000000e-02 0.000000000000000e+00
1.335000000000000e-02 3.894000000000000e-02 0.000000000000000e+00
1.475000000000000e-02 3.929000000000000e-02 0.000000000000000e+00
7.370000000000000e-03 2.752000000000000e-02 0.000000000000000e+00
7.520000000000000e-03 2.807000000000000e-02 0.000000000000000e+00
7.730000000000000e-03 2.884000000000000e-02 0.000000000000000e+00
8.019999999999999e-03 2.992000000000000e-02 0.000000000000000e+00
8.390000000000000e-03 3.131000000000000e-02 0.000000000000000e+00
8.770000000000000e-03 3.273000000000000e-02 0.000000000000000e+00
9.150000000000000e-03 3.416000000000000e-02 0.000000000000000e+00
9.530000000000000e-03 3.558000000000000e-02 0.000000000000000e+00
9.920000000000000e-03 3.700000000000000e-02 0.000000000000000e+00
1.030000000000000e-02 3.843000000000000e-02 0.000000000000000e+00
1.068000000000000e-02 3.985000000000000e-02 0.000000000000000e+00
1.106000000000000e-02 4.128000000000000e-02 0.000000000000000e+00
1.144000000000000e-02 4.270000000000000e-02 0.000000000000000e+00
1.182000000000000e-02 4.412000000000000e-02 0.000000000000000e+00
1.220000000000000e-02 4.555000000000000e-02 0.000000000000000e+00
1.259000000000000e-02 4.697000000000000e-02 0.000000000000000e+00
1.297000000000000e-02 4.840000000000000e-02 0.000000000000000e+00
1.335000000000000e-02 4.982000000000000e-02 0.000000000000000e+00
1.373000000000000e-02 5.124000000000000e-02 0.000000000000000e+00
1.411000000000000e-02 5.267000000000000e-02 0.000000000000000e+00
7.680000000000000e-03 2.693000000000000e-02 0.000000000000000e+00
8.100000000000000e-03 2.680000000000000e-02 0.000000000000000e+00
8.529999999999999e-03 2.667000000000000e-02 0.000000000000000e+00
8.950000000000000e-03 2.653000000000000e-02 0.000000000000000e+00
9.370000000000000e-03 2.639000000000000e-02 0.000000000000000e+00
1.060000000000000e-02 2.687000000000000e-02 0.000000000000000e+00
1.041000000000000e-02 2.599000000000000e-02 0.000000000000000e+00
1.010000000000000e-02 2.612000000000000e-02 0.000000000000000e+00
1.649000000000000e-02 4.926000000000000e-02 0.000000000000000e+00
1.567000000000000e-02 4.604000000000000e-02 0.000000000000000e+00
1.458000000000000e-02 4.280000000000000e-02 0.000000000000000e+00
8.220000000000000e-03 2.771000000000000e-02 0.000000000000000e+00
1.713000000000000e-02 4.768000000000000e-02 0.000000000000000e+00
1.871000000000000e-02 5.072000000000000e-02 0.000000000000000e+00
1.329000000000000e-02 4.138000000000000e-02 0.000000000000000e+00
1.629000000000000e-02 5.156000000000000e-02 0.000000000000000e+00
1.582000000000000e-02 4.373000000000000e-02 0.000000000000000e+00
1.409000000000000e-02 4.447000000000000e-02 0.000000000000000e+00
1.508000000000000e-02 4.113000000000000e-02 0.000000000000000e+00
1.786000000000000e-02 4.888000000000000e-02 0.000000000000000e+00
1.705000000000000e-02 4.488000000000000e-02 0.000000000000000e+00
1.522000000000000e-02 4.993000000000000e-02 0.000000000000000e+00
1.442000000000000e-02 4.708000000000000e-02 0.000000000000000e+00
1.743000000000000e-02 5.172000000000000e-02 0.000000000000000e+00
9.240000000000000e-03 2.688000000000000e-02 0.000000000000000e+00
1.601000000000000e-02 4.252000000000000e-02 0.000000000000000e+00
1.319000000000000e-02 4.335000000000000e-02 0.000000000000000e+00
8.149999999999999e-03 2.820000000000000e-02 0.000000000000000e+00
1.229000000000000e-02 4.014000000000000e-02 0.000000000000000e+00
8.900000000000000e-03 2.709000000000000e-02 0.000000000000000e+00
8.520000000000000e-03 2.722000000000000e-02 0.000000000000000e+00
1.788000000000000e-02 4.608000000000000e-02 0.000000000000000e+00
8.640000000000000e-03 2.907000000000000e-02 0.000000000000000e+00
1.565000000000000e-02 4.705000000000000e-02 0.000000000000000e+00
1.346000000000000e-02 4.582000000000000e-02 0.000000000000000e+00
1.838000000000000e-02 4.738000000000000e-02 0.000000000000000e+00
1.602000000000000e-02 4.811000000000000e-02 0.000000000000000e+00
7.770000000000000e-03 2.739000000000000e-02 0.000000000000000e+00
1.985000000000000e-02 5.079000000000000e-02 0.000000000000000e+00
1.409000000000000e-02 4.032000000000000e-02 0.000000000000000e+00
1.149000000000000e-02 3.915000000000000e-02 0.000000000000000e+00
1.220000000000000e-02 4.216000000000000e-02 0.000000000000000e+00
1.462000000000000e-02 4.836000000000000e-02 0.000000000000000e+00
1.537000000000000e-02 5.255000000000000e-02 0.000000000000000e+00
1.676000000000000e-02 4.350000000000000e-02 0.000000000000000e+00
1.548000000000000e-02 4.022000000000000e-02 0.000000000000000e+00
1.490000000000000e-02 4.393000000000000e-02 0.000000000000000e+00
1.669000000000000e-02 4.646000000000000e-02 0.000000000000000e+00
1.316000000000000e-02 4.501000000000000e-02 0.000000000000000e+00
9.599999999999999e-03 2.666000000000000e-02 0.000000000000000e+00
1.603000000000000e-02 4.120000000000000e-02 0.000000000000000e+00
1.924000000000000e-02 4.949000000000000e-02 0.000000000000000e+00
1.565000000000000e-02 4.485000000000000e-02 0.000000000000000e+00
8.619999999999999e-03 2.772000000000000e-02 0.000000000000000e+00
1.510000000000000e-02 5.135000000000000e-02 0.000000000000000e+00
8.800000000000001e-03 2.996000000000000e-02 0.000000000000000e+00
1.858000000000000e-02 5.177000000000000e-02 0.000000000000000e+00
1.100000000000000e-02 3.758000000000000e-02 0.000000000000000e+00
1.435000000000000e-02 4.186000000000000e-02 0.000000000000000e+00
9.740000000000000e-03 2.694000000000000e-02 0.000000000000000e+00
1.626000000000000e-02 5.240000000000000e-02 0.000000000000000e+00
1.632000000000000e-02 5.069000000000000e-02 0.000000000000000e+00
1.736000000000000e-02 5.038000000000000e-02 0.000000000000000e+00
7.870000000000000e-03 2.785000000000000e-02 0.000000000000000e+00
1.450000000000000e-02 4.569000000000000e-02 0.000000000000000e+00
8.600000000000000e-03 2.830000000000000e-02 0.000000000000000e+00
8.160000000000001e-03 2.728000000000000e-02 0.000000000000000e+00
1.056000000000000e-02 3.618000000000000e-02 0.000000000000000e+00
1.019000000000000e-02 3.481000000000000e-02 0.000000000000000e+00
9.979999999999999e-03 3.365000000000000e-02 0.000000000000000e+00
1.931000000000000e-02 5.689000000000000e-02 0.000000000000000e+00
1.043000000000000e-02 2.634000000000000e-02 0.000000000000000e+00
1.064000000000000e-02 2.618000000000000e-02 0.000000000000000e+00
1.065000000000000e-02 2.650000000000000e-02 0.000000000000000e+00
1.016000000000000e-02 2.634000000000000e-02 0.000000000000000e+00
1.032000000000000e-02 2.662000000000000e-02 0.000000000000000e+00
1.036000000000000e-02 2.824000000000000e-02 0.000000000000000e+00
1.350000000000000e-02 3.738000000000000e-02 0.000000000000000e+00
1.220000000000000e-02 3.362000000000000e-02 0.000000000000000e+00
1.110000000000000e-02 3.023000000000000e-02 0.000000000000000e+00
1.151000000000000e-02 3.216000000000000e-02 0.000000000000000e+00
1.273000000000000e-02 3.564000000000000e-02 0.000000000000000e+00
7.310000000000000e-03 5.552000000000000e-02 0.000000000000000e+00
8.529999999999999e-03 6.476999999999999e-02 0.000000000000000e+00
4.640000000000000e-03 2.761000000000000e-02 0.000000000000000e+00
4.760000000000000e-03 2.850000000000000e-02 0.000000000000000e+00
5.890000000000000e-03 2.836000000000000e-02 0.000000000000000e+00
7.630000000000000e-03 3.487000000000000e-02 0.000000000000000e+00
8.370000000000001e-03 3.761000000000000e-02 0.000000000000000e+00
5.510000000000000e-03 4.188000000000000e-02 0.000000000000000e+00
3.770000000000000e-03 2.864000000000000e-02 0.000000000000000e+00
3.650000000000000e-03 2.776000000000000e-02 0.000000000000000e+00
4.640000000000000e-03 3.526000000000000e-02 0.000000000000000e+00
1.307000000000000e-02 5.445000000000000e-02 0.000000000000000e+00
1.164000000000000e-02 5.478000000000000e-02 0.000000000000000e+00
1.021000000000000e-02 5.506000000000000e-02 0.000000000000000e+00
8.760000000000000e-03 5.531000000000000e-02 0.000000000000000e+00
1.484000000000000e-02 6.363000000000001e-02 0.000000000000000e+00
1.275000000000000e-02 6.408000000000000e-02 0.000000000000000e+00
1.064000000000000e-02 6.446000000000000e-02 0.000000000000000e+00
8.120000000000000e-03 6.169000000000000e-02 0.000000000000000e+00
7.720000000000000e-03 5.861000000000000e-02 0.000000000000000e+00
4.700000000000000e-03 2.804000000000000e-02 0.000000000000000e+00
5.300000000000000e-03 2.843000000000000e-02 0.000000000000000e+00
6.210000000000000e-03 2.954000000000000e-02 0.000000000000000e+00
6.560000000000000e-03 3.087000000000000e-02 0.000000000000000e+00
6.920000000000000e-03 3.220000000000000e-02 0.000000000000000e+00
7.280000000000000e-03 3.353000000000000e-02 0.000000000000000e+00
8.000000000000000e-03 3.624000000000000e-02 0.000000000000000e+00
8.440000000000000e-03 3.905000000000000e-02 0.000000000000000e+00
7.910000000000000e-03 4.039000000000000e-02 0.000000000000000e+00
6.870000000000000e-03 4.140000000000000e-02 0.000000000000000e+00
5.690000000000000e-03 4.325000000000000e-02 0.000000000000000e+00
5.870000000000000e-03 4.461000000000000e-02 0.000000000000000e+00
6.050000000000000e-03 4.597000000000000e-02 0.000000000000000e+00
6.230000000000000e-03 4.734000000000000e-02 0.000000000000000e+00
6.410000000000000e-03 4.870000000000000e-02 0.000000000000000e+00
6.590000000000000e-03 5.007000000000000e-02 0.000000000000000e+00
6.770000000000000e-03 5.143000000000000e-02 0.000000000000000e+00
6.950000000000000e-03 5.279000000000000e-02 0.000000000000000e+00
7.130000000000000e-03 5.416000000000000e-02 0.000000000000000e+00
6.820000000000000e-03 2.716000000000000e-02 0.000000000000000e+00
6.390000000000000e-03 2.726000000000000e-02 0.000000000000000e+00
5.950000000000000e-03 2.736000000000000e-02 0.000000000000000e+00
5.520000000000000e-03 2.745000000000000e-02 0.000000000000000e+00
5.080000000000000e-03 2.754000000000000e-02 0.000000000000000e+00
4.260000000000000e-03 2.857000000000000e-02 0.000000000000000e+00
3.710000000000000e-03 2.818000000000000e-02 0.000000000000000e+00
3.990000000000000e-03 2.771000000000000e-02 0.000000000000000e+00
4.310000000000000e-03 2.767000000000000e-02 0.000000000000000e+00
5.280000000000000e-03 4.011000000000000e-02 0.000000000000000e+00
4.970000000000000e-03 3.774000000000000e-02 0.000000000000000e+00
4.330000000000000e-03 3.292000000000000e-02 0.000000000000000e+00
4.080000000000000e-03 3.101000000000000e-02 0.000000000000000e+00
3.900000000000000e-03 2.963000000000000e-02 0.000000000000000e+00
1.035000000000000e-02 5.091000000000000e-02 0.000000000000000e+00
9.460000000000000e-03 4.771000000000000e-02 0.000000000000000e+00
8.770000000000000e-03 4.436000000000000e-02 0.000000000000000e+00
6.730000000000000e-03 2.811000000000000e-02 0.000000000000000e+00
9.010000000000001e-03 4.986000000000000e-02 0.000000000000000e+00
9.160000000000000e-03 5.328000000000000e-02 0.000000000000000e+00
9.180000000000001e-03 4.248000000000000e-02 0.000000000000000e+00
1.167000000000000e-02 5.280000000000000e-02 0.000000000000000e+00
8.160000000000001e-03 4.579000000000000e-02 0.000000000000000e+00
1.003000000000000e-02 4.556000000000000e-02 0.000000000000000e+00
7.500000000000000e-03 4.316000000000000e-02 0.000000000000000e+00
8.970000000000001e-03 5.126000000000000e-02 0.000000000000000e+00
7.680000000000000e-03 4.739000000000000e-02 0.000000000000000e+00
1.179000000000000e-02 5.085000000000000e-02 0.000000000000000e+00
1.105000000000000e-02 4.798000000000000e-02 0.000000000000000e+00
1.076000000000000e-02 5.351000000000000e-02 0.000000000000000e+00
5.440000000000000e-03 2.790000000000000e-02 0.000000000000000e+00
7.390000000000000e-03 4.483000000000000e-02 0.000000000000000e+00
1.025000000000000e-02 4.413000000000000e-02 0.000000000000000e+00
7.040000000000000e-03 2.849000000000000e-02 0.000000000000000e+00
9.429999999999999e-03 4.091000000000000e-02 0.000000000000000e+00
5.840000000000000e-03 2.791000000000000e-02 0.000000000000000e+00
6.230000000000000e-03 2.784000000000000e-02 0.000000000000000e+00
7.550000000000000e-03 4.884000000000000e-02 0.000000000000000e+00
7.050000000000000e-03 2.949000000000000e-02 0.000000000000000e+00
9.970000000000000e-03 4.857000000000000e-02 0.000000000000000e+00
1.125000000000000e-02 4.641000000000000e-02 0.000000000000000e+00
7.770000000000000e-03 5.022000000000000e-02 0.000000000000000e+00
1.018000000000000e-02 4.967000000000000e-02 0.000000000000000e+00
6.970000000000000e-03 2.760000000000000e-02 0.000000000000000e+00
8.200000000000001e-03 5.391000000000000e-02 0.000000000000000e+00
7.960000000000000e-03 4.196000000000000e-02 0.000000000000000e+00
9.630000000000000e-03 3.965000000000000e-02 0.000000000000000e+00
1.051000000000000e-02 4.261000000000000e-02 0.000000000000000e+00
1.152000000000000e-02 4.919000000000000e-02 0.000000000000000e+00
1.296000000000000e-02 5.319000000000000e-02 0.000000000000000e+00
7.230000000000000e-03 4.606000000000000e-02 0.000000000000000e+00
6.700000000000000e-03 4.257000000000000e-02 0.000000000000000e+00
9.060000000000000e-03 4.550000000000000e-02 0.000000000000000e+00
8.780000000000000e-03 4.858000000000000e-02 0.000000000000000e+00
1.111000000000000e-02 4.556000000000000e-02 0.000000000000000e+00
5.010000000000000e-03 2.789000000000000e-02 0.000000000000000e+00
6.710000000000000e-03 4.370000000000000e-02 0.000000000000000e+00
8.080000000000000e-03 5.247000000000000e-02 0.000000000000000e+00
8.869999999999999e-03 4.666000000000000e-02 0.000000000000000e+00
6.390000000000000e-03 2.832000000000000e-02 0.000000000000000e+00
1.260000000000000e-02 5.202000000000000e-02 0.000000000000000e+00
7.350000000000000e-03 3.034000000000000e-02 0.000000000000000e+00
9.790000000000000e-03 5.413000000000000e-02 0.000000000000000e+00
9.259999999999999e-03 3.805000000000000e-02 0.000000000000000e+00
8.500000000000001e-03 4.342000000000000e-02 0.000000000000000e+00
5.030000000000000e-03 2.820000000000000e-02 0.000000000000000e+00
1.211000000000000e-02 5.351000000000000e-02 0.000000000000000e+00
1.121000000000000e-02 5.205000000000000e-02 0.000000000000000e+00
1.016000000000000e-02 5.231000000000000e-02 0.000000000000000e+00
7.110000000000000e-03 2.805000000000000e-02 0.000000000000000e+00
1.029000000000000e-02 4.682000000000000e-02 0.000000000000000e+00
6.700000000000000e-03 2.881000000000000e-02 0.000000000000000e+00
6.570000000000000e-03 2.770000000000000e-02 0.000000000000000e+00
8.950000000000000e-03 3.662000000000000e-02 0.000000000000000e+00
8.580000000000001e-03 3.524000000000000e-02 0.000000000000000e+00
8.180000000000000e-03 3.414000000000000e-02 0.000000000000000e+00
1.172000000000000e-02 5.892000000000000e-02 0.000000000000000e+00
4.130000000000000e-03 2.803000000000000e-02 0.000000000000000e+00
3.870000000000000e-03 2.799000000000000e-02 0.000000000000000e+00
4.030000000000000e-03 2.827000000000000e-02 0.000000000000000e+00
4.370000000000000e-03 2.789000000000000e-02 0.000000000000000e+00
4.370000000000000e-03 2.822000000000000e-02 0.000000000000000e+00
5.150000000000000e-03 2.964000000000000e-02 0.000000000000000e+00
7.000000000000000e-03 3.912000000000000e-02 0.000000000000000e+00
6.250000000000000e-03 3.522000000000000e-02 0.000000000000000e+00
5.500000000000000e-03 3.173000000000000e-02 0.000000000000000e+00
6.120000000000000e-03 3.361000000000000e-02 0.000000000000000e+00
6.800000000000000e-03 3.723000000000000e-02 0.000000000000000e+00
0.000000000000000e+00 2.800000000000000e-02 0.000000000000000e+00
0.000000000000000e+00 5.600000000000000e-02 0.000000000000000e+00
0.000000000000000e+00 6.533000000000000e-02 0.000000000000000e+00
2.660000000000000e-03 2.787000000000000e-02 0.000000000000000e+00
2.780000000000000e-03 2.877000000000000e-02 0.000000000000000e+00
1.650000000000000e-03 2.891000000000000e-02 0.000000000000000e+00
1.650000000000000e-03 3.565000000000000e-02 0.000000000000000e+00
1.650000000000000e-03 3.849000000000000e-02 0.000000000000000e+00
1.470000000000000e-03 5.598000000000000e-02 0.000000000000000e+00
2.930000000000000e-03 5.592000000000000e-02 0.000000000000000e+00
4.390000000000000e-03 5.583000000000000e-02 0.000000000000000e+00
5.850000000000000e-03 5.569000000000000e-02 0.000000000000000e+00
2.140000000000000e-03 6.530000000000000e-02 0.000000000000000e+00
4.270000000000000e-03 6.519000000000000e-02 0.000000000000000e+00
6.400000000000000e-03 6.501999999999999e-02 0.000000000000000e+00
0.000000000000000e+00 5.911000000000000e-02 0.000000000000000e+00
0.000000000000000e+00 6.222000000000000e-02 0.000000000000000e+00
2.720000000000000e-03 2.830000000000000e-02 0.000000000000000e+00
2.240000000000000e-03 2.884000000000000e-02 0.000000000000000e+00
1.650000000000000e-03 3.014000000000000e-02 0.000000000000000e+00
1.650000000000000e-03 3.151000000000000e-02 0.000000000000000e+00
1.650000000000000e-03 3.289000000000000e-02 0.000000000000000e+00
1.650000000000000e-03 3.427000000000000e-02 0.000000000000000e+00
1.650000000000000e-03 3.707000000000000e-02 0.000000000000000e+00
1.950000000000000e-03 3.990000000000000e-02 0.000000000000000e+00
2.810000000000000e-03 4.106000000000000e-02 0.000000000000000e+00
4.080000000000000e-03 4.176000000000000e-02 0.000000000000000e+00
0.000000000000000e+00 2.849000000000000e-02 0.000000000000000e+00
0.000000000000000e+00 2.906000000000000e-02 0.000000000000000e+00
0.000000000000000e+00 2.986000000000000e-02 0.000000000000000e+00
0.000000000000000e+00 3.097000000000000e-02 0.000000000000000e+00
0.000000000000000e+00 3.241000000000000e-02 0.000000000000000e+00
0.000000000000000e+00 3.389000000000000e-02 0.000000000000000e+00
0.000000000000000e+00 3.536000000000000e-02 0.000000000000000e+00
0.000000000000000e+00 3.684000000000000e-02 0.000000000000000e+00
0.000000000000000e+00 3.831000000000000e-02 0.000000000000000e+00
0.000000000000000e+00 3.978000000000000e-02 0.000000000000000e+00
0.000000000000000e+00 4.126000000000000e-02 0.000000000000000e+00
0.000000000000000e+00 4.273000000000000e-02 0.000000000000000e+00
0.000000000000000e+00 4.421000000000000e-02 0.000000000000000e+00
0.000000000000000e+00 4.568000000000000e-02 0.000000000000000e+00
0.000000000000000e+00 4.716000000000000e-02 0.000000000000000e+00
0.000000000000000e+00 4.863000000000000e-02 0.000000000000000e+00
0.000000000000000e+00 5.010000000000000e-02 0.000000000000000e+00
0.000000000000000e+00 5.158000000000000e-02 0.000000000000000e+00
0.000000000000000e+00 5.305000000000000e-02 0.000000000000000e+00
0.000000000000000e+00 5.453000000000000e-02 0.000000000000000e+00
4.400000000000000e-04 2.800000000000000e-02 0.000000000000000e+00
8.899999999999999e-04 2.799000000000000e-02 0.000000000000000e+00
1.330000000000000e-03 2.797000000000000e-02 0.000000000000000e+00
1.780000000000000e-03 2.794000000000000e-02 0.000000000000000e+00
2.220000000000000e-03 2.791000000000000e-02 0.000000000000000e+00
3.280000000000000e-03 2.870000000000000e-02 0.000000000000000e+00
3.320000000000000e-03 2.780000000000000e-02 0.000000000000000e+00
2.990000000000000e-03 2.784000000000000e-02 0.000000000000000e+00
3.180000000000000e-03 5.185000000000000e-02 0.000000000000000e+00
3.210000000000000e-03 4.853000000000000e-02 0.000000000000000e+00
3.010000000000000e-03 4.512000000000000e-02 0.000000000000000e+00
7.700000000000000e-04 2.889000000000000e-02 0.000000000000000e+00
4.210000000000000e-03 5.049000000000000e-02 0.000000000000000e+00
4.940000000000000e-03 5.383000000000000e-02 0.000000000000000e+00
2.130000000000000e-03 4.341000000000000e-02 0.000000000000000e+00
2.390000000000000e-03 5.402000000000000e-02 0.000000000000000e+00
3.970000000000000e-03 4.634000000000000e-02 0.000000000000000e+00
2.100000000000000e-03 4.660000000000000e-02 0.000000000000000e+00
3.920000000000000e-03 4.363000000000000e-02 0.000000000000000e+00
4.600000000000000e-03 5.184000000000000e-02 0.000000000000000e+00
4.850000000000000e-03 4.776000000000000e-02 0.000000000000000e+00
1.770000000000000e-03 5.217000000000000e-02 0.000000000000000e+00
1.750000000000000e-03 4.920000000000000e-02 0.000000000000000e+00
3.450000000000000e-03 5.447000000000000e-02 0.000000000000000e+00
1.970000000000000e-03 2.836000000000000e-02 0.000000000000000e+00
4.470000000000000e-03 4.521000000000000e-02 0.000000000000000e+00
1.520000000000000e-03 4.528000000000000e-02 0.000000000000000e+00
5.700000000000000e-04 2.935000000000000e-02 0.000000000000000e+00
1.480000000000000e-03 4.195000000000000e-02 0.000000000000000e+00
1.580000000000000e-03 2.847000000000000e-02 0.000000000000000e+00
1.190000000000000e-03 2.850000000000000e-02 0.000000000000000e+00
5.350000000000000e-03 4.913000000000000e-02 0.000000000000000e+00
8.200000000000000e-04 3.031000000000000e-02 0.000000000000000e+00
2.940000000000000e-03 4.949000000000000e-02 0.000000000000000e+00
1.150000000000000e-03 4.774000000000000e-02 0.000000000000000e+00
5.490000000000000e-03 5.052000000000000e-02 0.000000000000000e+00
3.020000000000000e-03 5.062000000000000e-02 0.000000000000000e+00
4.100000000000000e-04 2.847000000000000e-02 0.000000000000000e+00
6.030000000000000e-03 5.419000000000000e-02 0.000000000000000e+00
3.170000000000000e-03 4.259000000000000e-02 0.000000000000000e+00
9.600000000000000e-04 4.079000000000000e-02 0.000000000000000e+00
8.800000000000000e-04 4.388000000000000e-02 0.000000000000000e+00
1.600000000000000e-03 5.049000000000000e-02 0.000000000000000e+00
1.250000000000000e-03 5.474000000000000e-02 0.000000000000000e+00
4.930000000000000e-03 4.636000000000000e-02 0.000000000000000e+00
4.540000000000000e-03 4.285000000000000e-02 0.000000000000000e+00
3.020000000000000e-03 4.629000000000000e-02 0.000000000000000e+00
4.090000000000000e-03 4.919000000000000e-02 0.000000000000000e+00
1.060000000000000e-03 4.688000000000000e-02 0.000000000000000e+00
2.380000000000000e-03 2.823000000000000e-02 0.000000000000000e+00
4.820000000000000e-03 4.395000000000000e-02 0.000000000000000e+00
5.770000000000000e-03 5.278000000000000e-02 0.000000000000000e+00
3.510000000000000e-03 4.737000000000000e-02 0.000000000000000e+00
1.150000000000000e-03 2.901000000000000e-02 0.000000000000000e+00
1.300000000000000e-03 5.351000000000000e-02 0.000000000000000e+00
7.500000000000000e-04 3.121000000000000e-02 0.000000000000000e+00
4.550000000000000e-03 5.482000000000000e-02 0.000000000000000e+00
9.000000000000000e-04 3.915000000000000e-02 0.000000000000000e+00
3.030000000000000e-03 4.414000000000000e-02 0.000000000000000e+00
2.440000000000000e-03 2.854000000000000e-02 0.000000000000000e+00
2.150000000000000e-03 5.482000000000000e-02 0.000000000000000e+00
2.640000000000000e-03 5.318000000000000e-02 0.000000000000000e+00
3.730000000000000e-03 5.316000000000000e-02 0.000000000000000e+00
3.900000000000000e-04 2.893000000000000e-02 0.000000000000000e+00
2.180000000000000e-03 4.789000000000000e-02 0.000000000000000e+00
9.800000000000000e-04 2.957000000000000e-02 0.000000000000000e+00
8.200000000000000e-04 2.846000000000000e-02 0.000000000000000e+00
8.300000000000000e-04 3.768000000000000e-02 0.000000000000000e+00
8.400000000000000e-04 3.626000000000000e-02 0.000000000000000e+00
9.300000000000001e-04 3.509000000000000e-02 0.000000000000000e+00
3.930000000000000e-03 5.995000000000000e-02 0.000000000000000e+00
3.260000000000000e-03 2.814000000000000e-02 0.000000000000000e+00
3.500000000000000e-03 2.804000000000000e-02 0.000000000000000e+00
3.430000000000000e-03 2.835000000000000e-02 0.000000000000000e+00
3.000000000000000e-03 2.807000000000000e-02 0.000000000000000e+00
3.080000000000000e-03 2.839000000000000e-02 0.000000000000000e+00
2.700000000000000e-03 2.996000000000000e-02 0.000000000000000e+00
3.360000000000000e-03 3.960000000000000e-02 0.000000000000000e+00
3.080000000000000e-03 3.563000000000000e-02 0.000000000000000e+00
2.900000000000000e-03 3.207000000000000e-02 0.000000000000000e+00
2.790000000000000e-03 3.405000000000000e-02 0.000000000000000e+00
3.070000000000000e-03 3.772000000000000e-02 0.000000000000000e+00
2.775000000000000e-02 0.000000000000000e+00 0.000000000000000e+00
0.000000000000000e+00 2.775000000000000e-02 0.000000000000000e+00
2.783000000000000e-02 0.000000000000000e+00 0.000000000000000e+00
0.000000000000000e+00 2.783000000000000e-02 0.000000000000000e+00
2.792000000000000e-02 0.000000000000000e+00 0.000000000000000e+00
0.000000000000000e+00 2.792000000000000e-02 0.000000000000000e+00
4.800000000000000e-04 2.775000000000000e-02 0.000000000000000e+00
9.700000000000001e-04 2.773000000000000e-02 0.000000000000000e+00
1.450000000000000e-03 2.771000000000000e-02 0.000000000000000e+00
1.940000000000000e-03 2.768000000000000e-02 0.000000000000000e+00
2.420000000000000e-03 2.764000000000000e-02 0.000000000000000e+00
2.900000000000000e-03 2.760000000000000e-02 0.000000000000000e+00
3.380000000000000e-03 2.754000000000000e-02 0.000000000000000e+00
3.860000000000000e-03 2.748000000000000e-02 0.000000000000000e+00
4.340000000000000e-03 2.741000000000000e-02 0.000000000000000e+00
4.820000000000000e-03 2.733000000000000e-02 0.000000000000000e+00
5.290000000000000e-03 2.724000000000000e-02 0.000000000000000e+00
5.770000000000000e-03 2.714000000000000e-02 0.000000000000000e+00
6.240000000000000e-03 2.704000000000000e-02 0.000000000000000e+00
6.710000000000000e-03 2.693000000000000e-02 0.000000000000000e+00
7.180000000000000e-03 2.680000000000000e-02 0.000000000000000e+00
7.650000000000000e-03 2.668000000000000e-02 0.000000000000000e+00
8.109999999999999e-03 2.654000000000000e-02 0.000000000000000e+00
8.580000000000001e-03 2.639000000000000e-02 0.000000000000000e+00
9.030000000000000e-03 2.624000000000000e-02 0.000000000000000e+00
9.490000000000000e-03 2.608000000000000e-02 0.000000000000000e+00
9.939999999999999e-03 2.591000000000000e-02 0.000000000000000e+00
1.040000000000000e-02 2.573000000000000e-02 0.000000000000000e+00
1.084000000000000e-02 2.554000000000000e-02 0.000000000000000e+00
1.129000000000000e-02 2.535000000000000e-02 0.000000000000000e+00
1.173000000000000e-02 2.515000000000000e-02 0.000000000000000e+00
1.216000000000000e-02 2.494000000000000e-02 0.000000000000000e+00
1.260000000000000e-02 2.473000000000000e-02 0.000000000000000e+00
1.303000000000000e-02 2.450000000000000e-02 0.000000000000000e+00
1.345000000000000e-02 2.427000000000000e-02 0.000000000000000e+00
1.388000000000000e-02 2.403000000000000e-02 0.000000000000000e+00
1.429000000000000e-02 2.379000000000000e-02 0.000000000000000e+00
1.471000000000000e-02 2.353000000000000e-02 0.000000000000000e+00
1.511000000000000e-02 2.327000000000000e-02 0.000000000000000e+00
1.552000000000000e-02 2.301000000000000e-02 0.000000000000000e+00
1.592000000000000e-02 2.273000000000000e-02 0.000000000000000e+00
1.631000000000000e-02 2.245000000000000e-02 0.000000000000000e+00
1.670000000000000e-02 2.216000000000000e-02 0.000000000000000e+00
1.708000000000000e-02 2.187000000000000e-02 0.000000000000000e+00
1.746000000000000e-02 2.157000000000000e-02 0.000000000000000e+00
1.784000000000000e-02 2.126000000000000e-02 0.000000000000000e+00
1.821000000000000e-02 2.094000000000000e-02 0.000000000000000e+00
1.857000000000000e-02 2.062000000000000e-02 0.000000000000000e+00
1.893000000000000e-02 2.030000000000000e-02 0.000000000000000e+00
1.928000000000000e-02 1.996000000000000e-02 0.000000000000000e+00
1.962000000000000e-02 1.962000000000000e-02 0.000000000000000e+00
1.996000000000000e-02 1.928000000000000e-02 0.000000000000000e+00
2.030000000000000e-02 1.893000000000000e-02 0.000000000000000e+00
2.062000000000000e-02 1.857000000000000e-02 0.000000000000000e+00
2.094000000000000e-02 1.821000000000000e-02 0.000000000000000e+00
2.126000000000000e-02 1.784000000000000e-02 0.000000000000000e+00
2.157000000000000e-02 1.746000000000000e-02 0.000000000000000e+00
2.187000000000000e-02 1.708000000000000e-02 0.000000000000000e+00
2.216000000000000e-02 1.670000000000000e-02 0.000000000000000e+00
2.245000000000000e-02 1.631000000000000e-02 0.000000000000000e+00
2.273000000000000e-02 1.592000000000000e-02 0.000000000000000e+00
2.301000000000000e-02 1.552000000000000e-02 0.000000000000000e+00
2.327000000000000e-02 1.511000000000000e-02 0.000000000000000e+00
2.353000000000000e-02 1.471000000000000e-02 0.000000000000000e+00
2.379000000000000e-02 1.429000000000000e-02 0.000000000000000e+00
2.403000000000000e-02 1.388000000000000e-02 0.000000000000000e+00
2.427000000000000e-02 1.345000000000000e-02 0.000000000000000e+00
2.450000000000000e-02 1.303000000000000e-02 0.000000000000000e+00
2.473000000000000e-02 1.260000000000000e-02 0.000000000000000e+00
2.494000000000000e-02 1.216000000000000e-02 0.000000000000000e+00
2.515000000000000e-02 1.173000000000000e-02 0.000000000000000e+00
2.535000000000000e-02 1.129000000000000e-02 0.000000000000000e+00
2.554000000000000e-02 1.084000000000000e-02 0.000000000000000e+00
2.573000000000000e-02 1.040000000000000e-02 0.000000000000000e+00
2.591000000000000e-02 9.939999999999999e-03 0.000000000000000e+00
2.608000000000000e-02 9.490000000000000e-03 0.000000000000000e+00
2.624000000000000e-02 9.030000000000000e-03 0.000000000000000e+00
2.639000000000000e-02 8.580000000000001e-03 0.000000000000000e+00
2.654000000000000e-02 8.109999999999999e-03 0.000000000000000e+00
2.668000000000000e-02 7.650000000000000e-03 0.000000000000000e+00
2.680000000000000e-02 7.180000000000000e-03 0.000000000000000e+00
2.693000000000000e-02 6.710000000000000e-03 0.000000000000000e+00
2.704000000000000e-02 6.240000000000000e-03 0.000000000000000e+00
2.714000000000000e-02 5.770000000000000e-03 0.000000000000000e+00
2.724000000000000e-02 5.290000000000000e-03 0.000000000000000e+00
2.733000000000000e-02 4.820000000000000e-03 0.000000000000000e+00
2.741000000000000e-02 4.340000000000000e-03 0.000000000000000e+00
2.748000000000000e-02 3.860000000000000e-03 0.000000000000000e+00
2.754000000000000e-02 3.380000000000000e-03 0.000000000000000e+00
2.760000000000000e-02 2.900000000000000e-03 0.000000000000000e+00
2.764000000000000e-02 2.420000000000000e-03 0.000000000000000e+00
2.768000000000000e-02 1.940000000000000e-03 0.000000000000000e+00
2.771000000000000e-02 1.450000000000000e-03 0.000000000000000e+00
2.773000000000000e-02 9.700000000000001e-04 0.000000000000000e+00
2.775000000000000e-02 4.800000000000000e-04 0.000000000000000e+00
2.783000000000000e-02 4.900000000000000e-04 0.000000000000000e+00
2.782000000000000e-02 9.700000000000001e-04 0.000000000000000e+00
2.780000000000000e-02 1.460000000000000e-03 0.000000000000000e+00
2.777000000000000e-02 1.940000000000000e-03 0.000000000000000e+00
2.773000000000000e-02 2.430000000000000e-03 0.000000000000000e+00
2.768000000000000e-02 2.910000000000000e-03 0.000000000000000e+00
2.763000000000000e-02 3.390000000000000e-03 0.000000000000000e+00
2.756000000000000e-02 3.870000000000000e-03 0.000000000000000e+00
2.749000000000000e-02 4.350000000000000e-03 0.000000000000000e+00
2.741000000000000e-02 4.830000000000000e-03 0.000000000000000e+00
2.732000000000000e-02 5.310000000000000e-03 0.000000000000000e+00
2.723000000000000e-02 5.790000000000000e-03 0.000000000000000e+00
2.712000000000000e-02 6.260000000000000e-03 0.000000000000000e+00
2.701000000000000e-02 6.730000000000000e-03 0.000000000000000e+00
2.688000000000000e-02 7.200000000000000e-03 0.000000000000000e+00
2.676000000000000e-02 7.670000000000000e-03 0.000000000000000e+00
2.662000000000000e-02 8.140000000000000e-03 0.000000000000000e+00
2.647000000000000e-02 8.600000000000000e-03 0.000000000000000e+00
2.632000000000000e-02 9.060000000000000e-03 0.000000000000000e+00
2.615000000000000e-02 9.520000000000001e-03 0.000000000000000e+00
2.598000000000000e-02 9.970000000000000e-03 0.000000000000000e+00
2.581000000000000e-02 1.043000000000000e-02 0.000000000000000e+00
2.562000000000000e-02 1.088000000000000e-02 0.000000000000000e+00
2.543000000000000e-02 1.132000000000000e-02 0.000000000000000e+00
2.523000000000000e-02 1.176000000000000e-02 0.000000000000000e+00
2.502000000000000e-02 1.220000000000000e-02 0.000000000000000e+00
2.480000000000000e-02 1.264000000000000e-02 0.000000000000000e+00
2.458000000000000e-02 1.307000000000000e-02 0.000000000000000e+00
2.434000000000000e-02 1.349000000000000e-02 0.000000000000000e+00
2.410000000000000e-02 1.392000000000000e-02 0.000000000000000e+00
2.386000000000000e-02 1.434000000000000e-02 0.000000000000000e+00
2.360000000000000e-02 1.475000000000000e-02 0.000000000000000e+00
2.334000000000000e-02 1.516000000000000e-02 0.000000000000000e+00
2.307000000000000e-02 1.556000000000000e-02 0.000000000000000e+00
2.280000000000000e-02 1.596000000000000e-02 0.000000000000000e+00
2.252000000000000e-02 1.636000000000000e-02 0.000000000000000e+00
2.223000000000000e-02 1.675000000000000e-02 0.000000000000000e+00
2.193000000000000e-02 1.714000000000000e-02 0.000000000000000e+00
2.163000000000000e-02 1.752000000000000e-02 0.000000000000000e+00
2.132000000000000e-02 1.789000000000000e-02 0.000000000000000e+00
2.101000000000000e-02 1.826000000000000e-02 0.000000000000000e+00
2.068000000000000e-02 1.862000000000000e-02 0.000000000000000e+00
2.036000000000000e-02 1.898000000000000e-02 0.000000000000000e+00
2.002000000000000e-02 1.933000000000000e-02 0.000000000000000e+00
1.968000000000000e-02 1.968000000000000e-02 0.000000000000000e+00
1.933000000000000e-02 2.002000000000000e-02 0.000000000000000e+00
1.898000000000000e-02 2.036000000000000e-02 0.000000000000000e+00
1.862000000000000e-02 2.068000000000000e-02 0.000000000000000e+00
1.826000000000000e-02 2.101000000000000e-02 0.000000000000000e+00
1.789000000000000e-02 2.132000000000000e-02 0.000000000000000e+00
1.752000000000000e-02 2.163000000000000e-02 0.000000000000000e+00
1.714000000000000e-02 2.193000000000000e-02 0.000000000000000e+00
1.675000000000000e-02 2.223000000000000e-02 0.000000000000000e+00
1.636000000000000e-02 2.252000000000000e-02 0.000000000000000e+00
1.596000000000000e-02 2.280000000000000e-02 0.000000000000000e+00
1.556000000000000e-02 2.307000000000000e-02 0.000000000000000e+00
1.516000000000000e-02 2.334000000000000e-02 0.000000000000000e+00
1.475000000000000e-02 2.360000000000000e-02 0.000000000000000e+00
1.434000000000000e-02 2.386000000000000e-02 0.000000000000000e+00
1.392000000000000e-02 2.410000000000000e-02 0.000000000000000e+00
1.349000000000000e-02 2.434000000000000e-02 0.000000000000000e+00
1.307000000000000e-02 2.458000000000000e-02 0.000000000000000e+00
1.264000000000000e-02 2.480000000000000e-02 0.000000000000000e+00
1.220000000000000e-02 2.502000000000000e-02 0.000000000000000e+00
1.176000000000000e-02 2.523000000000000e-02 0.000000000000000e+00
1.132000000000000e-02 2.543000000000000e-02 0.000000000000000e+00
1.088000000000000e-02 2.562000000000000e-02 0.000000000000000e+00
1.043000000000000e-02 2.581000000000000e-02 0.000000000000000e+00
9.970000000000000e-03 2.598000000000000e-02 0.000000000000000e+00
9.520000000000001e-03 2.615000000000000e-02 0.000000000000000e+00
9.060000000000000e-03 2.632000000000000e-02 0.000000000000000e+00
8.600000000000000e-03 2.647000000000000e-02 0.000000000000000e+00
8.140000000000000e-03 2.662000000000000e-02 0.000000000000000e+00
7.670000000000000e-03 2.676000000000000e-02 0.000000000000000e+00
7.200000000000000e-03 2.688000000000000e-02 0.000000000000000e+00
6.730000000000000e-03 2.701000000000000e-02 0.000000000000000e+00
6.260000000000000e-03 2.712000000000000e-02 0.000000000000000e+00
5.790000000000000e-03 2.723000000000000e-02 0.000000000000000e+00
5.310000000000000e-03 2.732000000000000e-02 0.000000000000000e+00
4.830000000000000e-03 2.741000000000000e-02 0.000000000000000e+00
4.350000000000000e-03 2.749000000000000e-02 0.000000000000000e+00
3.870000000000000e-03 2.756000000000000e-02 0.000000000000000e+00
3.390000000000000e-03 2.763000000000000e-02 0.000000000000000e+00
2.910000000000000e-03 2.768000000000000e-02 0.000000000000000e+00
2.430000000000000e-03 2.773000000000000e-02 0.000000000000000e+00
1.940000000000000e-03 2.777000000000000e-02 0.000000000000000e+00
1.460000000000000e-03 2.780000000000000e-02 0.000000000000000e+00
9.700000000000001e-04 2.782000000000000e-02 0.000000000000000e+00
4.900000000000000e-04 2.783000000000000e-02 0.000000000000000e+00
2.791000000000000e-02 4.900000000000000e-04 0.000000000000000e+00
2.790000000000000e-02 9.700000000000001e-04 0.000000000000000e+00
2.788000000000000e-02 1.460000000000000e-03 0.000000000000000e+00
2.785000000000000e-02 1.950000000000000e-03 0.000000000000000e+00
2.781000000000000e-02 2.430000000000000e-03 0.000000000000000e+00
2.776000000000000e-02 2.920000000000000e-03 0.000000000000000e+00
2.771000000000000e-02 3.400000000000000e-03 0.000000000000000e+00
2.764000000000000e-02 3.890000000000000e-03 0.000000000000000e+00
2.757000000000000e-02 4.370000000000000e-03 0.000000000000000e+00
2.749000000000000e-02 4.850000000000000e-03 0.000000000000000e+00
2.740000000000000e-02 5.330000000000000e-03 0.000000000000000e+00
2.731000000000000e-02 5.800000000000000e-03 0.000000000000000e+00
2.720000000000000e-02 6.280000000000000e-03 0.000000000000000e+00
2.709000000000000e-02 6.750000000000000e-03 0.000000000000000e+00
2.697000000000000e-02 7.230000000000000e-03 0.000000000000000e+00
2.684000000000000e-02 7.690000000000000e-03 0.000000000000000e+00
2.670000000000000e-02 8.160000000000001e-03 0.000000000000000e+00
2.655000000000000e-02 8.630000000000001e-03 0.000000000000000e+00
2.640000000000000e-02 9.090000000000001e-03 0.000000000000000e+00
2.623000000000000e-02 9.549999999999999e-03 0.000000000000000e+00
2.606000000000000e-02 1.000000000000000e-02 0.000000000000000e+00
2.588000000000000e-02 1.046000000000000e-02 0.000000000000000e+00
2.570000000000000e-02 1.091000000000000e-02 0.000000000000000e+00
2.550000000000000e-02 1.135000000000000e-02 0.000000000000000e+00
2.530000000000000e-02 1.180000000000000e-02 0.000000000000000e+00
2.509000000000000e-02 1.224000000000000e-02 0.000000000000000e+00
2.487000000000000e-02 1.267000000000000e-02 0.000000000000000e+00
2.465000000000000e-02 1.311000000000000e-02 0.000000000000000e+00
2.442000000000000e-02 1.353000000000000e-02 0.000000000000000e+00
2.418000000000000e-02 1.396000000000000e-02 0.000000000000000e+00
2.393000000000000e-02 1.438000000000000e-02 0.000000000000000e+00
2.367000000000000e-02 1.479000000000000e-02 0.000000000000000e+00
2.341000000000000e-02 1.520000000000000e-02 0.000000000000000e+00
2.314000000000000e-02 1.561000000000000e-02 0.000000000000000e+00
2.287000000000000e-02 1.601000000000000e-02 0.000000000000000e+00
2.259000000000000e-02 1.641000000000000e-02 0.000000000000000e+00
2.230000000000000e-02 1.680000000000000e-02 0.000000000000000e+00
2.200000000000000e-02 1.719000000000000e-02 0.000000000000000e+00
2.170000000000000e-02 1.757000000000000e-02 0.000000000000000e+00
2.139000000000000e-02 1.794000000000000e-02 0.000000000000000e+00
2.107000000000000e-02 1.831000000000000e-02 0.000000000000000e+00
2.075000000000000e-02 1.868000000000000e-02 0.000000000000000e+00
2.042000000000000e-02 1.904000000000000e-02 0.000000000000000e+00
2.008000000000000e-02 1.939000000000000e-02 0.000000000000000e+00
1.974000000000000e-02 1.974000000000000e-02 0.000000000000000e+00
1.939000000000000e-02 2.008000000000000e-02 0.000000000000000e+00
1.904000000000000e-02 2.042000000000000e-02 0.000000000000000e+00
1.868000000000000e-02 2.075000000000000e-02 0.000000000000000e+00
1.831000000000000e-02 2.107000000000000e-02 0.000000000000000e+00
1.794000000000000e-02 2.139000000000000e-02 0.000000000000000e+00
1.757000000000000e-02 2.170000000000000e-02 0.000000000000000e+00
1.719000000000000e-02 2.200000000000000e-02 0.000000000000000e+00
1.680000000000000e-02 2.230000000000000e-02 0.000000000000000e+00
1.641000000000000e-02 2.259000000000000e-02 0.000000000000000e+00
1.601000000000000e-02 2.287000000000000e-02 0.000000000000000e+00
1.561000000000000e-02 2.314000000000000e-02 0.000000000000000e+00
1.520000000000000e-02 2.341000000000000e-02 0.000000000000000e+00
1.479000000000000e-02 2.367000000000000e-02 0.000000000000000e+00
1.438000000000000e-02 2.393000000000000e-02 0.000000000000000e+00
1.396000000000000e-02 2.418000000000000e-02 0.000000000000000e+00
1.353000000000000e-02 2.442000000000000e-02 0.000000000000000e+00
1.311000000000000e-02 2.465000000000000e-02 0.000000000000000e+00
1.267000000000000e-02 2.487000000000000e-02 0.000000000000000e+00
1.224000000000000e-02 2.509000000000000e-02 0.000000000000000e+00
1.180000000000000e-02 2.530000000000000e-02 0.000000000000000e+00
1.135000000000000e-02 2.550000000000000e-02 0.000000000000000e+00
1.091000000000000e-02 2.570000000000000e-02 0.000000000000000e+00
1.046000000000000e-02 2.588000000000000e-02 0.000000000000000e+00
1.000000000000000e-02 2.606000000000000e-02 0.000000000000000e+00
9.549999999999999e-03 2.623000000000000e-02 0.000000000000000e+00
9.090000000000001e-03 2.640000000000000e-02 0.000000000000000e+00
8.630000000000001e-03 2.655000000000000e-02 0.000000000000000e+00
8.160000000000001e-03 2.670000000000000e-02 0.000000000000000e+00
7.690000000000000e-03 2.684000000000000e-02 0.000000000000000e+00
7.230000000000000e-03 2.697000000000000e-02 0.000000000000000e+00
6.750000000000000e-03 2.709000000000000e-02 0.000000000000000e+00
6.280000000000000e-03 2.720000000000000e-02 0.000000000000000e+00
5.800000000000000e-03 2.731000000000000e-02 0.000000000000000e+00
5.330000000000000e-03 2.740000000000000e-02 0.000000000000000e+00
4.850000000000000e-03 2.749000000000000e-02 0.000000000000000e+00
4.370000000000000e-03 2.757000000000000e-02 0.000000000000000e+00
3.890000000000000e-03 2.764000000000000e-02 0.000000000000000e+00
3.400000000000000e-03 2.771000000000000e-02 0.000000000000000e+00
2.920000000000000e-03 2.776000000000000e-02 0.000000000000000e+00
2.430000000000000e-03 2.781000000000000e-02 0.000000000000000e+00
1.950000000000000e-03 2.785000000000000e-02 0.000000000000000e+00
1.460000000000000e-03 2.788000000000000e-02 0.000000000000000e+00
9.700000000000001e-04 2.790000000000000e-02 0.000000000000000e+00
4.900000000000000e-04 2.791000000000000e-02 0.000000000000000e+00
2.800000000000000e-02 0.000000000000000e+00 6.000000000000000e-02
5.600000000000000e-02 0.000000000000000e+00 6.000000000000000e-02
5.552000000000000e-02 7.310000000000000e-03 6.000000000000000e-02
6.533000000000000e-02 0.000000000000000e+00 6.000000000000000e-02
6.476999999999999e-02 8.529999999999999e-03 6.000000000000000e-02
2.787000000000000e-02 2.660000000000000e-03 6.000000000000000e-02
2.877000000000000e-02 2.780000000000000e-03 6.000000000000000e-02
2.891000000000000e-02 1.650000000000000e-03 6.000000000000000e-02
3.565000000000000e-02 1.650000000000000e-03 6.000000000000000e-02
3.849000000000000e-02 1.650000000000000e-03 6.000000000000000e-02
4.188000000000000e-02 5.510000000000000e-03 6.000000000000000e-02
2.864000000000000e-02 3.770000000000000e-03 6.000000000000000e-02
2.776000000000000e-02 3.650000000000000e-03 6.000000000000000e-02
3.526000000000000e-02 4.640000000000000e-03 6.000000000000000e-02
5.598000000000000e-02 1.470000000000000e-03 6.000000000000000e-02
5.592000000000000e-02 2.930000000000000e-03 6.000000000000000e-02
5.583000000000000e-02 4.390000000000000e-03 6.000000000000000e-02
5.569000000000000e-02 5.850000000000000e-03 6.000000000000000e-02
6.530000000000000e-02 2.140000000000000e-03 6.000000000000000e-02
6.519000000000000e-02 4.270000000000000e-03 6.000000000000000e-02
6.501999999999999e-02 6.400000000000000e-03 6.000000000000000e-02
6.169000000000000e-02 8.120000000000000e-03 6.000000000000000e-02
5.861000000000000e-02 7.720000000000000e-03 6.000000000000000e-02
5.911000000000000e-02 0.000000000000000e+00 6.000000000000000e-02
6.222000000000000e-02 0.000000000000000e+00 6.000000000000000e-02
2.830000000000000e-02 2.720000000000000e-03 6.000000000000000e-02
2.884000000000000e-02 2.240000000000000e-03 6.000000000000000e-02
3.014000000000000e-02 1.650000000000000e-03 6.000000000000000e-02
3.151000000000000e-02 1.650000000000000e-03 6.000000000000000e-02
3.289000000000000e-02 1.650000000000000e-03 6.000000000000000e-02
3.427000000000000e-02 1.650000000000000e-03 6.000000000000000e-02
3.707000000000000e-02 1.650000000000000e-03 6.000000000000000e-02
3.990000000000000e-02 1.950000000000000e-03 6.000000000000000e-02
4.106000000000000e-02 2.810000000000000e-03 6.000000000000000e-02
4.176000000000000e-02 4.080000000000000e-03 6.000000000000000e-02
2.849000000000000e-02 0.000000000000000e+00 6.000000000000000e-02
2.906000000000000e-02 0.000000000000000e+00 6.000000000000000e-02
2.986000000000000e-02 0.000000000000000e+00 6.000000000000000e-02
3.097000000000000e-02 0.000000000000000e+00 6.000000000000000e-02
3.241000000000000e-02 0.000000000000000e+00 6.000000000000000e-02
3.389000000000000e-02 0.000000000000000e+00 6.000000000000000e-02
3.536000000000000e-02 0.000000000000000e+00 6.000000000000000e-02
3.684000000000000e-02 0.000000000000000e+00 6.000000000000000e-02
3.831000000000000e-02 0.000000000000000e+00 6.000000000000000e-02
3.978000000000000e-02 0.000000000000000e+00 6.000000000000000e-02
4.126000000000000e-02 0.000000000000000e+00 6.000000000000000e-02
4.273000000000000e-02 0.000000000000000e+00 6.000000000000000e-02
4.421000000000000e-02 0.000000000000000e+00 6.000000000000000e-02
4.568000000000000e-02 0.000000000000000e+00 6.000000000000000e-02
4.716000000000000e-02 0.000000000000000e+00 6.000000000000000e-02
4.863000000000000e-02 0.000000000000000e+00 6.000000000000000e-02
5.010000000000000e-02 0.000000000000000e+00 6.000000000000000e-02
5.158000000000000e-02 0.000000000000000e+00 6.000000000000000e-02
5.305000000000000e-02 0.000000000000000e+00 6.000000000000000e-02
5.453000000000000e-02 0.000000000000000e+00 6.000000000000000e-02
4.325000000000000e-02 5.690000000000000e-03 6.000000000000000e-02
4.461000000000000e-02 5.870000000000000e-03 6.000000000000000e-02
4.597000000000000e-02 6.050000000000000e-03 6.000000000000000e-02
4.734000000000000e-02 6.230000000000000e-03 6.000000000000000e-02
4.870000000000000e-02 6.410000000000000e-03 6.000000000000000e-02
5.007000000000000e-02 6.590000000000000e-03 6.000000000000000e-02
5.143000000000000e-02 6.770000000000000e-03 6.000000000000000e-02
5.279000000000000e-02 6.950000000000000e-03 6.000000000000000e-02
5.416000000000000e-02 7.130000000000000e-03 6.000000000000000e-02
2.800000000000000e-02 4.400000000000000e-04 6.000000000000000e-02
2.799000000000000e-02 8.899999999999999e-04 6.000000000000000e-02
2.797000000000000e-02 1.330000000000000e-03 6.000000000000000e-02
2.794000000000000e-02 1.780000000000000e-03 6.000000000000000e-02
2.791000000000000e-02 2.220000000000000e-03 6.000000000000000e-02
2.870000000000000e-02 3.280000000000000e-03 6.000000000000000e-02
2.818000000000000e-02 3.710000000000000e-03 6.000000000000000e-02
2.780000000000000e-02 3.320000000000000e-03 6.000000000000000e-02
2.784000000000000e-02 2.990000000000000e-03 6.000000000000000e-02
4.011000000000000e-02 5.280000000000000e-03 6.000000000000000e-02
3.774000000000000e-02 4.970000000000000e-03 6.000000000000000e-02
3.292000000000000e-02 4.330000000000000e-03 6.000000000000000e-02
3.101000000000000e-02 4.080000000000000e-03 6.000000000000000e-02
2.963000000000000e-02 3.900000000000000e-03 6.000000000000000e-02
5.185000000000000e-02 3.180000000000000e-03 6.000000000000000e-02
4.853000000000000e-02 3.210000000000000e-03 6.000000000000000e-02
4.512000000000000e-02 3.010000000000000e-03 6.000000000000000e-02
2.889000000000000e-02 7.700000000000000e-04 6.000000000000000e-02
5.049000000000000e-02 4.210000000000000e-03 6.000000000000000e-02
5.383000000000000e-02 4.940000000000000e-03 6.000000000000000e-02
4.341000000000000e-02 2.130000000000000e-03 6.000000000000000e-02
5.402000000000000e-02 2.390000000000000e-03 6.000000000000000e-02
4.634000000000000e-02 3.970000000000000e-03 6.000000000000000e-02
4.660000000000000e-02 2.100000000000000e-03 6.000000000000000e-02
4.363000000000000e-02 3.920000000000000e-03 6.000000000000000e-02
5.184000000000000e-02 4.600000000000000e-03 6.000000000000000e-02
4.776000000000000e-02 4.850000000000000e-03 6.000000000000000e-02
5.217000000000000e-02 1.770000000000000e-03 6.000000000000000e-02
4.920000000000000e-02 1.750000000000000e-03 6.000000000000000e-02
5.447000000000000e-02 3.450000000000000e-03 6.000000000000000e-02
2.836000000000000e-02 1.970000000000000e-03 6.000000000000000e-02
4.521000000000000e-02 4.470000000000000e-03 6.000000000000000e-02
4.528000000000000e-02 1.520000000000000e-03 6.000000000000000e-02
2.935000000000000e-02 5.700000000000000e-04 6.000000000000000e-02
4.195000000000000e-02 1.480000000000000e-03 6.000000000000000e-02
2.847000000000000e-02 1.580000000000000e-03 6.000000000000000e-02
2.850000000000000e-02 1.190000000000000e-03 6.000000000000000e-02
4.913000000000000e-02 5.350000000000000e-03 6.000000000000000e-02
3.031000000000000e-02 8.200000000000000e-04 6.000000000000000e-02
4.949000000000000e-02 2.940000000000000e-03 6.000000000000000e-02
4.774000000000000e-02 1.150000000000000e-03 6.000000000000000e-02
5.052000000000000e-02 5.490000000000000e-03 6.000000000000000e-02
5.062000000000000e-02 3.020000000000000e-03 6.000000000000000e-02
2.847000000000000e-02 4.100000000000000e-04 6.000000000000000e-02
5.419000000000000e-02 6.030000000000000e-03 6.000000000000000e-02
4.259000000000000e-02 3.170000000000000e-03 6.000000000000000e-02
4.079000000000000e-02 9.600000000000000e-04 6.000000000000000e-02
4.388000000000000e-02 8.800000000000000e-04 6.000000000000000e-02
5.049000000000000e-02 1.600000000000000e-03 6.000000000000000e-02
5.474000000000000e-02 1.250000000000000e-03 6.000000000000000e-02
4.636000000000000e-02 4.930000000000000e-03 6.000000000000000e-02
4.285000000000000e-02 4.540000000000000e-03 6.000000000000000e-02
4.629000000000000e-02 3.020000000000000e-03 6.000000000000000e-02
4.919000000000000e-02 4.090000000000000e-03 6.000000000000000e-02
4.688000000000000e-02 1.060000000000000e-03 6.000000000000000e-02
2.823000000000000e-02 2.380000000000000e-03 6.000000000000000e-02
4.395000000000000e-02 4.820000000000000e-03 6.000000000000000e-02
5.278000000000000e-02 5.770000000000000e-03 6.000000000000000e-02
4.737000000000000e-02 3.510000000000000e-03 6.000000000000000e-02
2.901000000000000e-02 1.150000000000000e-03 6.000000000000000e-02
5.351000000000000e-02 1.300000000000000e-03 6.000000000000000e-02
3.121000000000000e-02 7.500000000000000e-04 6.000000000000000e-02
5.482000000000000e-02 4.550000000000000e-03 6.000000000000000e-02
3.915000000000000e-02 9.000000000000000e-04 6.000000000000000e-02
4.414000000000000e-02 3.030000000000000e-03 6.000000000000000e-02
2.854000000000000e-02 2.440000000000000e-03 6.000000000000000e-02
5.482000000000000e-02 2.150000000000000e-03 6.000000000000000e-02
5.318000000000000e-02 2.640000000000000e-03 6.000000000000000e-02
5.316000000000000e-02 3.730000000000000e-03 6.000000000000000e-02
2.893000000000000e-02 3.900000000000000e-04 6.000000000000000e-02
4.789000000000000e-02 2.180000000000000e-03 6.000000000000000e-02
2.957000000000000e-02 9.800000000000000e-04 6.000000000000000e-02
2.846000000000000e-02 8.200000000000000e-04 6.000000000000000e-02
3.768000000000000e-02 8.300000000000000e-04 6.000000000000000e-02
3.626000000000000e-02 8.400000000000000e-04 6.000000000000000e-02
3.509000000000000e-02 9.300000000000001e-04 6.000000000000000e-02
5.995000000000000e-02 3.930000000000000e-03 6.000000000000000e-02
2.814000000000000e-02 3.260000000000000e-03 6.000000000000000e-02
2.804000000000000e-02 3.500000000000000e-03 6.000000000000000e-02
2.835000000000000e-02 3.430000000000000e-03 6.000000000000000e-02
2.807000000000000e-02 3.000000000000000e-03 6.000000000000000e-02
2.839000000000000e-02 3.080000000000000e-03 6.000000000000000e-02
2.996000000000000e-02 2.700000000000000e-03 6.000000000000000e-02
3.960000000000000e-02 3.360000000000000e-03 6.000000000000000e-02
3.563000000000000e-02 3.080000000000000e-03 6.000000000000000e-02
3.207000000000000e-02 2.900000000000000e-03 6.000000000000000e-02
3.405000000000000e-02 2.790000000000000e-03 6.000000000000000e-02
3.772000000000000e-02 3.070000000000000e-03 6.000000000000000e-02
2.705000000000000e-02 7.250000000000000e-03 6.000000000000000e-02
5.409000000000000e-02 1.449000000000000e-02 6.000000000000000e-02
6.311000000000000e-02 1.691000000000000e-02 6.000000000000000e-02
2.761000000000000e-02 4.640000000000000e-03 6.000000000000000e-02
2.850000000000000e-02 4.760000000000000e-03 6.000000000000000e-02
2.836000000000000e-02 5.890000000000000e-03 6.000000000000000e-02
3.487000000000000e-02 7.630000000000000e-03 6.000000000000000e-02
3.761000000000000e-02 8.370000000000001e-03 6.000000000000000e-02
5.445000000000000e-02 1.307000000000000e-02 6.000000000000000e-02
5.478000000000000e-02 1.164000000000000e-02 6.000000000000000e-02
5.506000000000000e-02 1.021000000000000e-02 6.000000000000000e-02
5.531000000000000e-02 8.760000000000000e-03 6.000000000000000e-02
6.363000000000001e-02 1.484000000000000e-02 6.000000000000000e-02
6.408000000000000e-02 1.275000000000000e-02 6.000000000000000e-02
6.446000000000000e-02 1.064000000000000e-02 6.000000000000000e-02
5.710000000000000e-02 1.530000000000000e-02 6.000000000000000e-02
6.010000000000000e-02 1.610000000000000e-02 6.000000000000000e-02
2.804000000000000e-02 4.700000000000000e-03 6.000000000000000e-02
2.843000000000000e-02 5.300000000000000e-03 6.000000000000000e-02
2.954000000000000e-02 6.210000000000000e-03 6.000000000000000e-02
3.087000000000000e-02 6.560000000000000e-03 6.000000000000000e-02
3.220000000000000e-02 6.920000000000000e-03 6.000000000000000e-02
3.353000000000000e-02 7.280000000000000e-03 6.000000000000000e-02
3.624000000000000e-02 8.000000000000000e-03 6.000000000000000e-02
3.905000000000000e-02 8.440000000000000e-03 6.000000000000000e-02
4.039000000000000e-02 7.910000000000000e-03 6.000000000000000e-02
4.140000000000000e-02 6.870000000000000e-03 6.000000000000000e-02
2.752000000000000e-02 7.370000000000000e-03 6.000000000000000e-02
2.807000000000000e-02 7.520000000000000e-03 6.000000000000000e-02
2.884000000000000e-02 7.730000000000000e-03 6.000000000000000e-02
2.992000000000000e-02 8.019999999999999e-03 6.000000000000000e-02
3.131000000000000e-02 8.390000000000000e-03 6.000000000000000e-02
3.273000000000000e-02 8.770000000000000e-03 6.000000000000000e-02
3.416000000000000e-02 9.150000000000000e-03 6.000000000000000e-02
3.558000000000000e-02 9.530000000000000e-03 6.000000000000000e-02
3.700000000000000e-02 9.920000000000000e-03 6.000000000000000e-02
3.843000000000000e-02 1.030000000000000e-02 6.000000000000000e-02
3.985000000000000e-02 1.068000000000000e-02 6.000000000000000e-02
4.128000000000000e-02 1.106000000000000e-02 6.000000000000000e-02
4.270000000000000e-02 1.144000000000000e-02 6.000000000000000e-02
4.412000000000000e-02 1.182000000000000e-02 6.000000000000000e-02
4.555000000000000e-02 1.220000000000000e-02 6.000000000000000e-02
4.697000000000000e-02 1.259000000000000e-02 6.000000000000000e-02
4.840000000000000e-02 1.297000000000000e-02 6.000000000000000e-02
4.982000000000000e-02 1.335000000000000e-02 6.000000000000000e-02
5.124000000000000e-02 1.373000000000000e-02 6.000000000000000e-02
5.267000000000000e-02 1.411000000000000e-02 6.000000000000000e-02
2.716000000000000e-02 6.820000000000000e-03 6.000000000000000e-02
2.726000000000000e-02 6.390000000000000e-03 6.000000000000000e-02
2.736000000000000e-02 5.950000000000000e-03 6.000000000000000e-02
2.745000000000000e-02 5.520000000000000e-03 6.000000000000000e-02
2.754000000000000e-02 5.080000000000000e-03 6.000000000000000e-02
2.857000000000000e-02 4.260000000000000e-03 6.000000000000000e-02
2.771000000000000e-02 3.990000000000000e-03 6.000000000000000e-02
2.767000000000000e-02 4.310000000000000e-03 6.000000000000000e-02
5.091000000000000e-02 1.035000000000000e-02 6.000000000000000e-02
4.771000000000000e-02 9.460000000000000e-03 6.000000000000000e-02
4.436000000000000e-02 8.770000000000000e-03 6.000000000000000e-02
2.811000000000000e-02 6.730000000000000e-03 6.000000000000000e-02
4.986000000000000e-02 9.010000000000001e-03 6.000000000000000e-02
5.328000000000000e-02 9.160000000000000e-03 6.000000000000000e-02
4.248000000000000e-02 9.180000000000001e-03 6.000000000000000e-02
5.280000000000000e-02 1.167000000000000e-02 6.000000000000000e-02
4.579000000000000e-02 8.160000000000001e-03 6.000000000000000e-02
4.556000000000000e-02 1.003000000000000e-02 6.000000000000000e-02
4.316000000000000e-02 7.500000000000000e-03 6.000000000000000e-02
5.126000000000000e-02 8.970000000000001e-03 6.000000000000000e-02
4.739000000000000e-02 7.680000000000000e-03 6.000000000000000e-02
5.085000000000000e-02 1.179000000000000e-02 6.000000000000000e-02
4.798000000000000e-02 1.105000000000000e-02 6.000000000000000e-02
5.351000000000000e-02 1.076000000000000e-02 6.000000000000000e-02
2.790000000000000e-02 5.440000000000000e-03 6.000000000000000e-02
4.483000000000000e-02 7.390000000000000e-03 6.000000000000000e-02
4.413000000000000e-02 1.025000000000000e-02 6.000000000000000e-02
2.849000000000000e-02 7.040000000000000e-03 6.000000000000000e-02
4.091000000000000e-02 9.429999999999999e-03 6.000000000000000e-02
2.791000000000000e-02 5.840000000000000e-03 6.000000000000000e-02
2.784000000000000e-02 6.230000000000000e-03 6.000000000000000e-02
4.884000000000000e-02 7.550000000000000e-03 6.000000000000000e-02
2.949000000000000e-02 7.050000000000000e-03 6.000000000000000e-02
4.857000000000000e-02 9.970000000000000e-03 6.000000000000000e-02
4.641000000000000e-02 1.125000000000000e-02 6.000000000000000e-02
5.022000000000000e-02 7.770000000000000e-03 6.000000000000000e-02
4.967000000000000e-02 1.018000000000000e-02 6.000000000000000e-02
2.760000000000000e-02 6.970000000000000e-03 6.000000000000000e-02
5.391000000000000e-02 8.200000000000001e-03 6.000000000000000e-02
4.196000000000000e-02 7.960000000000000e-03 6.000000000000000e-02
3.965000000000000e-02 9.630000000000000e-03 6.000000000000000e-02
4.261000000000000e-02 1.051000000000000e-02 6.000000000000000e-02
4.919000000000000e-02 1.152000000000000e-02 6.000000000000000e-02
5.319000000000000e-02 1.296000000000000e-02 6.000000000000000e-02
4.606000000000000e-02 7.230000000000000e-03 6.000000000000000e-02
4.257000000000000e-02 6.700000000000000e-03 6.000000000000000e-02
4.550000000000000e-02 9.060000000000000e-03 6.000000000000000e-02
4.858000000000000e-02 8.780000000000000e-03 6.000000000000000e-02
4.556000000000000e-02 1.111000000000000e-02 6.000000000000000e-02
2.789000000000000e-02 5.010000000000000e-03 6.000000000000000e-02
4.370000000000000e-02 6.710000000000000e-03 6.000000000000000e-02
5.247000000000000e-02 8.080000000000000e-03 6.000000000000000e-02
4.666000000000000e-02 8.869999999999999e-03 6.000000000000000e-02
2.832000000000000e-02 6.390000000000000e-03 6.000000000000000e-02
5.202000000000000e-02 1.260000000000000e-02 6.000000000000000e-02
3.034000000000000e-02 7.350000000000000e-03 6.000000000000000e-02
5.413000000000000e-02 9.790000000000000e-03 6.000000000000000e-02
3.805000000000000e-02 9.259999999999999e-03 6.000000000000000e-02
4.342000000000000e-02 8.500000000000001e-03 6.000000000000000e-02
2.820000000000000e-02 5.030000000000000e-03 6.000000000000000e-02
5.351000000000000e-02 1.211000000000000e-02 6.000000000000000e-02
5.205000000000000e-02 1.121000000000000e-02 6.000000000000000e-02
5.231000000000000e-02 1.016000000000000e-02 6.000000000000000e-02
2.805000000000000e-02 7.110000000000000e-03 6.000000000000000e-02
4.682000000000000e-02 1.029000000000000e-02 6.000000000000000e-02
2.881000000000000e-02 6.700000000000000e-03 6.000000000000000e-02
2.770000000000000e-02 6.570000000000000e-03 6.000000000000000e-02
3.662000000000000e-02 8.950000000000000e-03 6.000000000000000e-02
3.524000000000000e-02 8.580000000000001e-03 6.000000000000000e-02
3.414000000000000e-02 8.180000000000000e-03 6.000000000000000e-02
5.892000000000000e-02 1.172000000000000e-02 6.000000000000000e-02
2.803000000000000e-02 4.130000000000000e-03 6.000000000000000e-02
2.799000000000000e-02 3.870000000000000e-03 6.000000000000000e-02
2.827000000000000e-02 4.030000000000000e-03 6.000000000000000e-02
2.789000000000000e-02 4.370000000000000e-03 6.000000000000000e-02
2.822000000000000e-02 4.370000000000000e-03 6.000000000000000e-02
2.964000000000000e-02 5.150000000000000e-03 6.000000000000000e-02
3.912000000000000e-02 7.000000000000000e-03 6.000000000000000e-02
3.522000000000000e-02 6.250000000000000e-03 6.000000000000000e-02
3.173000000000000e-02 5.500000000000000e-03 6.000000000000000e-02
3.361000000000000e-02 6.120000000000000e-03 6.000000000000000e-02
3.723000000000000e-02 6.800000000000000e-03 6.000000000000000e-02
5.174000000000000e-02 2.143000000000000e-02 6.000000000000000e-02
6.036000000000000e-02 2.500000000000000e-02 6.000000000000000e-02
2.623000000000000e-02 9.780000000000000e-03 6.000000000000000e-02
2.707000000000000e-02 1.013000000000000e-02 6.000000000000000e-02
2.750000000000000e-02 9.080000000000000e-03 6.000000000000000e-02
3.401000000000000e-02 1.082000000000000e-02 6.000000000000000e-02
3.676000000000000e-02 1.156000000000000e-02 6.000000000000000e-02
3.903000000000000e-02 1.617000000000000e-02 6.000000000000000e-02
2.668000000000000e-02 1.105000000000000e-02 6.000000000000000e-02
2.587000000000000e-02 1.072000000000000e-02 6.000000000000000e-02
3.286000000000000e-02 1.361000000000000e-02 6.000000000000000e-02
5.369000000000000e-02 1.590000000000000e-02 6.000000000000000e-02
5.326000000000000e-02 1.730000000000000e-02 6.000000000000000e-02
5.279000000000000e-02 1.869000000000000e-02 6.000000000000000e-02
5.228000000000000e-02 2.007000000000000e-02 6.000000000000000e-02
6.252000000000001e-02 1.897000000000000e-02 6.000000000000000e-02
6.187000000000000e-02 2.100000000000000e-02 6.000000000000000e-02
6.115000000000000e-02 2.301000000000000e-02 6.000000000000000e-02
5.749000000000000e-02 2.381000000000000e-02 6.000000000000000e-02
5.461000000000000e-02 2.262000000000000e-02 6.000000000000000e-02
2.663000000000000e-02 9.950000000000001e-03 6.000000000000000e-02
2.727000000000000e-02 9.630000000000000e-03 6.000000000000000e-02
2.868000000000000e-02 9.390000000000001e-03 6.000000000000000e-02
3.001000000000000e-02 9.750000000000000e-03 6.000000000000000e-02
3.135000000000000e-02 1.011000000000000e-02 6.000000000000000e-02
3.268000000000000e-02 1.046000000000000e-02 6.000000000000000e-02
3.538000000000000e-02 1.119000000000000e-02 6.000000000000000e-02
3.804000000000000e-02 1.222000000000000e-02 6.000000000000000e-02
3.894000000000000e-02 1.335000000000000e-02 6.000000000000000e-02
3.929000000000000e-02 1.475000000000000e-02 6.000000000000000e-02
4.030000000000000e-02 1.669000000000000e-02 6.000000000000000e-02
4.157000000000000e-02 1.722000000000000e-02 6.000000000000000e-02
4.284000000000000e-02 1.775000000000000e-02 6.000000000000000e-02
4.411000000000000e-02 1.827000000000000e-02 6.000000000000000e-02
4.538000000000000e-02 1.880000000000000e-02 6.000000000000000e-02
4.665000000000000e-02 1.932000000000000e-02 6.000000000000000e-02
4.792000000000000e-02 1.985000000000000e-02 6.000000000000000e-02
4.920000000000000e-02 2.038000000000000e-02 6.000000000000000e-02
5.047000000000000e-02 2.090000000000000e-02 6.000000000000000e-02
2.693000000000000e-02 7.680000000000000e-03 6.000000000000000e-02
2.680000000000000e-02 8.100000000000000e-03 6.000000000000000e-02
2.667000000000000e-02 8.529999999999999e-03 6.000000000000000e-02
2.653000000000000e-02 8.950000000000000e-03 6.000000000000000e-02
2.639000000000000e-02 9.370000000000000e-03 6.000000000000000e-02
2.687000000000000e-02 1.060000000000000e-02 6.000000000000000e-02
2.626000000000000e-02 1.088000000000000e-02 6.000000000000000e-02
2.599000000000000e-02 1.041000000000000e-02 6.000000000000000e-02
2.612000000000000e-02 1.010000000000000e-02 6.000000000000000e-02
3.738000000000000e-02 1.548000000000000e-02 6.000000000000000e-02
3.516000000000000e-02 1.457000000000000e-02 6.000000000000000e-02
3.067000000000000e-02 1.271000000000000e-02 6.000000000000000e-02
2.890000000000000e-02 1.197000000000000e-02 6.000000000000000e-02
2.761000000000000e-02 1.144000000000000e-02 6.000000000000000e-02
4.926000000000000e-02 1.649000000000000e-02 6.000000000000000e-02
4.604000000000000e-02 1.567000000000000e-02 6.000000000000000e-02
4.280000000000000e-02 1.458000000000000e-02 6.000000000000000e-02
2.771000000000000e-02 8.220000000000000e-03 6.000000000000000e-02
4.768000000000000e-02 1.713000000000000e-02 6.000000000000000e-02
5.072000000000000e-02 1.871000000000000e-02 6.000000000000000e-02
4.138000000000000e-02 1.329000000000000e-02 6.000000000000000e-02
5.156000000000000e-02 1.629000000000000e-02 6.000000000000000e-02
4.373000000000000e-02 1.582000000000000e-02 6.000000000000000e-02
4.447000000000000e-02 1.409000000000000e-02 6.000000000000000e-02
4.113000000000000e-02 1.508000000000000e-02 6.000000000000000e-02
4.888000000000000e-02 1.786000000000000e-02 6.000000000000000e-02
4.488000000000000e-02 1.705000000000000e-02 6.000000000000000e-02
4.993000000000000e-02 1.522000000000000e-02 6.000000000000000e-02
4.708000000000000e-02 1.442000000000000e-02 6.000000000000000e-02
5.172000000000000e-02 1.743000000000000e-02 6.000000000000000e-02
2.688000000000000e-02 9.240000000000000e-03 6.000000000000000e-02
4.252000000000000e-02 1.601000000000000e-02 6.000000000000000e-02
4.335000000000000e-02 1.319000000000000e-02 6.000000000000000e-02
2.820000000000000e-02 8.149999999999999e-03 6.000000000000000e-02
4.014000000000000e-02 1.229000000000000e-02 6.000000000000000e-02
2.709000000000000e-02 8.900000000000000e-03 6.000000000000000e-02
2.722000000000000e-02 8.520000000000000e-03 6.000000000000000e-02
4.608000000000000e-02 1.788000000000000e-02 6.000000000000000e-02
2.907000000000000e-02 8.640000000000000e-03 6.000000000000000e-02
4.705000000000000e-02 1.565000000000000e-02 6.000000000000000e-02
4.582000000000000e-02 1.346000000000000e-02 6.000000000000000e-02
4.738000000000000e-02 1.838000000000000e-02 6.000000000000000e-02
4.811000000000000e-02 1.602000000000000e-02 6.000000000000000e-02
2.739000000000000e-02 7.770000000000000e-03 6.000000000000000e-02
5.079000000000000e-02 1.985000000000000e-02 6.000000000000000e-02
4.032000000000000e-02 1.409000000000000e-02 6.000000000000000e-02
3.915000000000000e-02 1.149000000000000e-02 6.000000000000000e-02
4.216000000000000e-02 1.220000000000000e-02 6.000000000000000e-02
4.836000000000000e-02 1.462000000000000e-02 6.000000000000000e-02
5.255000000000000e-02 1.537000000000000e-02 6.000000000000000e-02
4.350000000000000e-02 1.676000000000000e-02 6.000000000000000e-02
4.022000000000000e-02 1.548000000000000e-02 6.000000000000000e-02
4.393000000000000e-02 1.490000000000000e-02 6.000000000000000e-02
4.646000000000000e-02 1.669000000000000e-02 6.000000000000000e-02
4.501000000000000e-02 1.316000000000000e-02 6.000000000000000e-02
2.666000000000000e-02 9.599999999999999e-03 6.000000000000000e-02
4.120000000000000e-02 1.603000000000000e-02 6.000000000000000e-02
4.949000000000000e-02 1.924000000000000e-02 6.000000000000000e-02
4.485000000000000e-02 1.565000000000000e-02 6.000000000000000e-02
2.772000000000000e-02 8.619999999999999e-03 6.000000000000000e-02
5.135000000000000e-02 1.510000000000000e-02 6.000000000000000e-02
2.996000000000000e-02 8.800000000000001e-03 6.000000000000000e-02
5.177000000000000e-02 1.858000000000000e-02 6.000000000000000e-02
3.758000000000000e-02 1.100000000000000e-02 6.000000000000000e-02
4.186000000000000e-02 1.435000000000000e-02 6.000000000000000e-02
2.694000000000000e-02 9.740000000000000e-03 6.000000000000000e-02
5.240000000000000e-02 1.626000000000000e-02 6.000000000000000e-02
5.069000000000000e-02 1.632000000000000e-02 6.000000000000000e-02
5.038000000000000e-02 1.736000000000000e-02 6.000000000000000e-02
2.785000000000000e-02 7.870000000000000e-03 6.000000000000000e-02
4.569000000000000e-02 1.450000000000000e-02 6.000000000000000e-02
2.830000000000000e-02 8.600000000000000e-03 6.000000000000000e-02
2.728000000000000e-02 8.160000000000001e-03 6.000000000000000e-02
3.618000000000000e-02 1.056000000000000e-02 6.000000000000000e-02
3.481000000000000e-02 1.019000000000000e-02 6.000000000000000e-02
3.365000000000000e-02 9.979999999999999e-03 6.000000000000000e-02
5.689000000000000e-02 1.931000000000000e-02 6.000000000000000e-02
2.634000000000000e-02 1.043000000000000e-02 6.000000000000000e-02
2.618000000000000e-02 1.064000000000000e-02 6.000000000000000e-02
2.650000000000000e-02 1.065000000000000e-02 6.000000000000000e-02
2.634000000000000e-02 1.016000000000000e-02 6.000000000000000e-02
2.662000000000000e-02 1.032000000000000e-02 6.000000000000000e-02
2.824000000000000e-02 1.036000000000000e-02 6.000000000000000e-02
3.738000000000000e-02 1.350000000000000e-02 6.000000000000000e-02
3.362000000000000e-02 1.220000000000000e-02 6.000000000000000e-02
3.023000000000000e-02 1.110000000000000e-02 6.000000000000000e-02
3.216000000000000e-02 1.151000000000000e-02 6.000000000000000e-02
3.564000000000000e-02 1.273000000000000e-02 6.000000000000000e-02
2.425000000000000e-02 1.400000000000000e-02 6.000000000000000e-02
4.850000000000000e-02 2.800000000000000e-02 6.000000000000000e-02
5.658000000000000e-02 3.267000000000000e-02 6.000000000000000e-02
2.547000000000000e-02 1.163000000000000e-02 6.000000000000000e-02
2.630000000000000e-02 1.198000000000000e-02 6.000000000000000e-02
2.587000000000000e-02 1.303000000000000e-02 6.000000000000000e-02
3.170000000000000e-02 1.640000000000000e-02 6.000000000000000e-02
3.416000000000000e-02 1.782000000000000e-02 6.000000000000000e-02
4.921000000000000e-02 2.672000000000000e-02 6.000000000000000e-02
4.990000000000000e-02 2.542000000000000e-02 6.000000000000000e-02
5.054000000000000e-02 2.411000000000000e-02 6.000000000000000e-02
5.116000000000000e-02 2.278000000000000e-02 6.000000000000000e-02
5.762000000000000e-02 3.080000000000000e-02 6.000000000000000e-02
5.860000000000000e-02 2.890000000000000e-02 6.000000000000000e-02
5.951000000000000e-02 2.696000000000000e-02 6.000000000000000e-02
5.119000000000000e-02 2.956000000000000e-02 6.000000000000000e-02
5.389000000000000e-02 3.111000000000000e-02 6.000000000000000e-02
2.587000000000000e-02 1.180000000000000e-02 6.000000000000000e-02
2.609000000000000e-02 1.248000000000000e-02 6.000000000000000e-02
2.692000000000000e-02 1.364000000000000e-02 6.000000000000000e-02
2.812000000000000e-02 1.433000000000000e-02 6.000000000000000e-02
2.931000000000000e-02 1.502000000000000e-02 6.000000000000000e-02
3.051000000000000e-02 1.571000000000000e-02 6.000000000000000e-02
3.293000000000000e-02 1.711000000000000e-02 6.000000000000000e-02
3.554000000000000e-02 1.826000000000000e-02 6.000000000000000e-02
3.697000000000000e-02 1.809000000000000e-02 6.000000000000000e-02
3.821000000000000e-02 1.735000000000000e-02 6.000000000000000e-02
2.468000000000000e-02 1.425000000000000e-02 6.000000000000000e-02
2.517000000000000e-02 1.453000000000000e-02 6.000000000000000e-02
2.586000000000000e-02 1.493000000000000e-02 6.000000000000000e-02
2.682000000000000e-02 1.549000000000000e-02 6.000000000000000e-02
2.807000000000000e-02 1.621000000000000e-02 6.000000000000000e-02
2.935000000000000e-02 1.694000000000000e-02 6.000000000000000e-02
3.062000000000000e-02 1.768000000000000e-02 6.000000000000000e-02
3.190000000000000e-02 1.842000000000000e-02 6.000000000000000e-02
3.318000000000000e-02 1.916000000000000e-02 6.000000000000000e-02
3.445000000000000e-02 1.989000000000000e-02 6.000000000000000e-02
3.573000000000000e-02 2.063000000000000e-02 6.000000000000000e-02
3.701000000000000e-02 2.137000000000000e-02 6.000000000000000e-02
3.828000000000000e-02 2.210000000000000e-02 6.000000000000000e-02
3.956000000000000e-02 2.284000000000000e-02 6.000000000000000e-02
4.084000000000000e-02 2.358000000000000e-02 6.000000000000000e-02
4.211000000000000e-02 2.431000000000000e-02 6.000000000000000e-02
4.339000000000000e-02 2.505000000000000e-02 6.000000000000000e-02
4.467000000000000e-02 2.579000000000000e-02 6.000000000000000e-02
4.594000000000000e-02 2.653000000000000e-02 6.000000000000000e-02
4.722000000000000e-02 2.726000000000000e-02 6.000000000000000e-02
2.447000000000000e-02 1.361000000000000e-02 6.000000000000000e-02
2.468000000000000e-02 1.322000000000000e-02 6.000000000000000e-02
2.489000000000000e-02 1.283000000000000e-02 6.000000000000000e-02
2.509000000000000e-02 1.243000000000000e-02 6.000000000000000e-02
2.528000000000000e-02 1.203000000000000e-02 6.000000000000000e-02
2.649000000000000e-02 1.151000000000000e-02 6.000000000000000e-02
2.574000000000000e-02 1.102000000000000e-02 6.000000000000000e-02
2.561000000000000e-02 1.133000000000000e-02 6.000000000000000e-02
4.649000000000000e-02 2.317000000000000e-02 6.000000000000000e-02
4.364000000000000e-02 2.148000000000000e-02 6.000000000000000e-02
4.058000000000000e-02 1.996000000000000e-02 6.000000000000000e-02
2.541000000000000e-02 1.378000000000000e-02 6.000000000000000e-02
4.583000000000000e-02 2.160000000000000e-02 6.000000000000000e-02
4.909000000000000e-02 2.264000000000000e-02 6.000000000000000e-02
3.865000000000000e-02 1.986000000000000e-02 6.000000000000000e-02
4.798000000000000e-02 2.494000000000000e-02 6.000000000000000e-02
4.211000000000000e-02 1.973000000000000e-02 6.000000000000000e-02
4.141000000000000e-02 2.148000000000000e-02 6.000000000000000e-02
3.974000000000000e-02 1.842000000000000e-02 6.000000000000000e-02
4.719000000000000e-02 2.193000000000000e-02 6.000000000000000e-02
4.379000000000000e-02 1.968000000000000e-02 6.000000000000000e-02
4.607000000000000e-02 2.455000000000000e-02 6.000000000000000e-02
4.349000000000000e-02 2.309000000000000e-02 6.000000000000000e-02
4.890000000000000e-02 2.424000000000000e-02 6.000000000000000e-02
2.554000000000000e-02 1.248000000000000e-02 6.000000000000000e-02
4.139000000000000e-02 1.874000000000000e-02 6.000000000000000e-02
3.998000000000000e-02 2.133000000000000e-02 6.000000000000000e-02
2.570000000000000e-02 1.418000000000000e-02 6.000000000000000e-02
3.707000000000000e-02 1.970000000000000e-02 6.000000000000000e-02
2.545000000000000e-02 1.286000000000000e-02 6.000000000000000e-02
2.528000000000000e-02 1.322000000000000e-02 6.000000000000000e-02
4.523000000000000e-02 1.993000000000000e-02 6.000000000000000e-02
2.666000000000000e-02 1.445000000000000e-02 6.000000000000000e-02
4.433000000000000e-02 2.220000000000000e-02 6.000000000000000e-02
4.192000000000000e-02 2.288000000000000e-02 6.000000000000000e-02
4.650000000000000e-02 2.050000000000000e-02 6.000000000000000e-02
4.535000000000000e-02 2.269000000000000e-02 6.000000000000000e-02
2.486000000000000e-02 1.388000000000000e-02 6.000000000000000e-02
4.995000000000000e-02 2.188000000000000e-02 6.000000000000000e-02
3.847000000000000e-02 1.855000000000000e-02 6.000000000000000e-02
3.581000000000000e-02 1.956000000000000e-02 6.000000000000000e-02
3.844000000000000e-02 2.118000000000000e-02 6.000000000000000e-02
4.453000000000000e-02 2.386000000000000e-02 6.000000000000000e-02
4.803000000000000e-02 2.629000000000000e-02 6.000000000000000e-02
4.261000000000000e-02 1.891000000000000e-02 6.000000000000000e-02
3.938000000000000e-02 1.749000000000000e-02 6.000000000000000e-02
4.160000000000000e-02 2.053000000000000e-02 6.000000000000000e-02
4.465000000000000e-02 2.105000000000000e-02 6.000000000000000e-02
4.113000000000000e-02 2.252000000000000e-02 6.000000000000000e-02
2.564000000000000e-02 1.206000000000000e-02 6.000000000000000e-02
4.047000000000000e-02 1.780000000000000e-02 6.000000000000000e-02
4.859000000000000e-02 2.139000000000000e-02 6.000000000000000e-02
4.278000000000000e-02 2.065000000000000e-02 6.000000000000000e-02
2.570000000000000e-02 1.350000000000000e-02 6.000000000000000e-02
4.699000000000000e-02 2.563000000000000e-02 6.000000000000000e-02
2.741000000000000e-02 1.496000000000000e-02 6.000000000000000e-02
4.975000000000000e-02 2.347000000000000e-02 6.000000000000000e-02
3.435000000000000e-02 1.879000000000000e-02 6.000000000000000e-02
3.974000000000000e-02 1.945000000000000e-02 6.000000000000000e-02
2.594000000000000e-02 1.216000000000000e-02 6.000000000000000e-02
4.855000000000000e-02 2.555000000000000e-02 6.000000000000000e-02
4.738000000000000e-02 2.430000000000000e-02 6.000000000000000e-02
4.790000000000000e-02 2.335000000000000e-02 6.000000000000000e-02
2.525000000000000e-02 1.413000000000000e-02 6.000000000000000e-02
4.256000000000000e-02 2.206000000000000e-02 6.000000000000000e-02
2.610000000000000e-02 1.393000000000000e-02 6.000000000000000e-02
2.506000000000000e-02 1.352000000000000e-02 6.000000000000000e-02
3.305000000000000e-02 1.812000000000000e-02 6.000000000000000e-02
3.182000000000000e-02 1.741000000000000e-02 6.000000000000000e-02
3.085000000000000e-02 1.674000000000000e-02 6.000000000000000e-02
5.388000000000000e-02 2.657000000000000e-02 6.000000000000000e-02
2.600000000000000e-02 1.125000000000000e-02 6.000000000000000e-02
2.604000000000000e-02 1.099000000000000e-02 6.000000000000000e-02
2.626000000000000e-02 1.121000000000000e-02 6.000000000000000e-02
2.581000000000000e-02 1.144000000000000e-02 6.000000000000000e-02
2.612000000000000e-02 1.153000000000000e-02 6.000000000000000e-02
2.730000000000000e-02 1.265000000000000e-02 6.000000000000000e-02
3.598000000000000e-02 1.689000000000000e-02 6.000000000000000e-02
3.240000000000000e-02 1.515000000000000e-02 6.000000000000000e-02
2.923000000000000e-02 1.353000000000000e-02 6.000000000000000e-02
3.088000000000000e-02 1.461000000000000e-02 6.000000000000000e-02
3.420000000000000e-02 1.620000000000000e-02 6.000000000000000e-02
4.443000000000000e-02 3.409000000000000e-02 6.000000000000000e-02
5.183000000000000e-02 3.977000000000000e-02 6.000000000000000e-02
2.281000000000000e-02 1.624000000000000e-02 6.000000000000000e-02
2.352000000000000e-02 1.679000000000000e-02 6.000000000000000e-02
2.422000000000000e-02 1.589000000000000e-02 6.000000000000000e-02
3.005000000000000e-02 1.926000000000000e-02 6.000000000000000e-02
3.251000000000000e-02 2.068000000000000e-02 6.000000000000000e-02
3.351000000000000e-02 2.572000000000000e-02 6.000000000000000e-02
2.291000000000000e-02 1.758000000000000e-02 6.000000000000000e-02
2.221000000000000e-02 1.705000000000000e-02 6.000000000000000e-02
2.821000000000000e-02 2.165000000000000e-02 6.000000000000000e-02
4.775000000000000e-02 2.926000000000000e-02 6.000000000000000e-02
4.697000000000000e-02 3.050000000000000e-02 6.000000000000000e-02
4.615000000000000e-02 3.172000000000000e-02 6.000000000000000e-02
4.530000000000000e-02 3.292000000000000e-02 6.000000000000000e-02
5.548000000000000e-02 3.450000000000000e-02 6.000000000000000e-02
5.432000000000000e-02 3.630000000000000e-02 6.000000000000000e-02
5.311000000000000e-02 3.806000000000000e-02 6.000000000000000e-02
4.936000000000000e-02 3.788000000000000e-02 6.000000000000000e-02
4.690000000000000e-02 3.598000000000000e-02 6.000000000000000e-02
2.315000000000000e-02 1.650000000000000e-02 6.000000000000000e-02
2.385000000000000e-02 1.636000000000000e-02 6.000000000000000e-02
2.527000000000000e-02 1.650000000000000e-02 6.000000000000000e-02
2.647000000000000e-02 1.719000000000000e-02 6.000000000000000e-02
2.766000000000000e-02 1.788000000000000e-02 6.000000000000000e-02
2.886000000000000e-02 1.857000000000000e-02 6.000000000000000e-02
3.128000000000000e-02 1.997000000000000e-02 6.000000000000000e-02
3.358000000000000e-02 2.165000000000000e-02 6.000000000000000e-02
3.416000000000000e-02 2.297000000000000e-02 6.000000000000000e-02
3.413000000000000e-02 2.441000000000000e-02 6.000000000000000e-02
3.461000000000000e-02 2.655000000000000e-02 6.000000000000000e-02
3.570000000000000e-02 2.739000000000000e-02 6.000000000000000e-02
3.679000000000000e-02 2.823000000000000e-02 6.000000000000000e-02
3.788000000000000e-02 2.907000000000000e-02 6.000000000000000e-02
3.897000000000000e-02 2.990000000000000e-02 6.000000000000000e-02
4.006000000000000e-02 3.074000000000000e-02 6.000000000000000e-02
4.115000000000000e-02 3.158000000000000e-02 6.000000000000000e-02
4.225000000000000e-02 3.242000000000000e-02 6.000000000000000e-02
4.334000000000000e-02 3.325000000000000e-02 6.000000000000000e-02
2.402000000000000e-02 1.438000000000000e-02 6.000000000000000e-02
2.379000000000000e-02 1.476000000000000e-02 6.000000000000000e-02
2.356000000000000e-02 1.514000000000000e-02 6.000000000000000e-02
2.331000000000000e-02 1.551000000000000e-02 6.000000000000000e-02
2.306000000000000e-02 1.588000000000000e-02 6.000000000000000e-02
2.321000000000000e-02 1.719000000000000e-02 6.000000000000000e-02
2.255000000000000e-02 1.730000000000000e-02 6.000000000000000e-02
2.242000000000000e-02 1.678000000000000e-02 6.000000000000000e-02
2.261000000000000e-02 1.651000000000000e-02 6.000000000000000e-02
3.210000000000000e-02 2.463000000000000e-02 6.000000000000000e-02
3.020000000000000e-02 2.317000000000000e-02 6.000000000000000e-02
2.634000000000000e-02 2.021000000000000e-02 6.000000000000000e-02
2.482000000000000e-02 1.904000000000000e-02 6.000000000000000e-02
2.371000000000000e-02 1.819000000000000e-02 6.000000000000000e-02
4.331000000000000e-02 2.868000000000000e-02 6.000000000000000e-02
4.042000000000000e-02 2.705000000000000e-02 6.000000000000000e-02
3.757000000000000e-02 2.516000000000000e-02 6.000000000000000e-02
2.463000000000000e-02 1.511000000000000e-02 6.000000000000000e-02
4.163000000000000e-02 2.889000000000000e-02 6.000000000000000e-02
4.415000000000000e-02 3.120000000000000e-02 6.000000000000000e-02
3.653000000000000e-02 2.354000000000000e-02 6.000000000000000e-02
4.559000000000000e-02 2.908000000000000e-02 6.000000000000000e-02
3.815000000000000e-02 2.660000000000000e-02 6.000000000000000e-02
3.931000000000000e-02 2.512000000000000e-02 6.000000000000000e-02
3.582000000000000e-02 2.521000000000000e-02 6.000000000000000e-02
4.259000000000000e-02 2.990000000000000e-02 6.000000000000000e-02
3.893000000000000e-02 2.808000000000000e-02 6.000000000000000e-02
4.429000000000000e-02 2.762000000000000e-02 6.000000000000000e-02
4.174000000000000e-02 2.612000000000000e-02 6.000000000000000e-02
4.545000000000000e-02 3.023000000000000e-02 6.000000000000000e-02
2.357000000000000e-02 1.588000000000000e-02 6.000000000000000e-02
3.692000000000000e-02 2.647000000000000e-02 6.000000000000000e-02
3.846000000000000e-02 2.396000000000000e-02 6.000000000000000e-02
2.513000000000000e-02 1.517000000000000e-02 6.000000000000000e-02
3.559000000000000e-02 2.226000000000000e-02 6.000000000000000e-02
2.386000000000000e-02 1.561000000000000e-02 6.000000000000000e-02
2.409000000000000e-02 1.528000000000000e-02 6.000000000000000e-02
3.988000000000000e-02 2.920000000000000e-02 6.000000000000000e-02
2.584000000000000e-02 1.587000000000000e-02 6.000000000000000e-02
4.139000000000000e-02 2.729000000000000e-02 6.000000000000000e-02
4.078000000000000e-02 2.486000000000000e-02 6.000000000000000e-02
4.100000000000000e-02 3.002000000000000e-02 6.000000000000000e-02
4.233000000000000e-02 2.792000000000000e-02 6.000000000000000e-02
2.445000000000000e-02 1.459000000000000e-02 6.000000000000000e-02
4.392000000000000e-02 3.232000000000000e-02 6.000000000000000e-02
3.530000000000000e-02 2.404000000000000e-02 6.000000000000000e-02
3.485000000000000e-02 2.123000000000000e-02 6.000000000000000e-02
3.756000000000000e-02 2.270000000000000e-02 6.000000000000000e-02
4.292000000000000e-02 2.663000000000000e-02 6.000000000000000e-02
4.678000000000000e-02 2.845000000000000e-02 6.000000000000000e-02
3.768000000000000e-02 2.745000000000000e-02 6.000000000000000e-02
3.484000000000000e-02 2.536000000000000e-02 6.000000000000000e-02
3.858000000000000e-02 2.577000000000000e-02 6.000000000000000e-02
4.056000000000000e-02 2.814000000000000e-02 6.000000000000000e-02
4.007000000000000e-02 2.436000000000000e-02 6.000000000000000e-02
2.326000000000000e-02 1.618000000000000e-02 6.000000000000000e-02
3.565000000000000e-02 2.615000000000000e-02 6.000000000000000e-02
4.282000000000000e-02 3.139000000000000e-02 6.000000000000000e-02
3.927000000000000e-02 2.672000000000000e-02 6.000000000000000e-02
2.454000000000000e-02 1.550000000000000e-02 6.000000000000000e-02
4.570000000000000e-02 2.788000000000000e-02 6.000000000000000e-02
2.666000000000000e-02 1.626000000000000e-02 6.000000000000000e-02
4.520000000000000e-02 3.135000000000000e-02 6.000000000000000e-02
3.345000000000000e-02 2.035000000000000e-02 6.000000000000000e-02
3.672000000000000e-02 2.469000000000000e-02 6.000000000000000e-02
2.350000000000000e-02 1.638000000000000e-02 6.000000000000000e-02
4.640000000000000e-02 2.927000000000000e-02 6.000000000000000e-02
4.474000000000000e-02 2.888000000000000e-02 6.000000000000000e-02
4.417000000000000e-02 2.981000000000000e-02 6.000000000000000e-02
2.486000000000000e-02 1.481000000000000e-02 6.000000000000000e-02
4.038000000000000e-02 2.583000000000000e-02 6.000000000000000e-02
2.511000000000000e-02 1.564000000000000e-02 6.000000000000000e-02
2.424000000000000e-02 1.494000000000000e-02 6.000000000000000e-02
3.222000000000000e-02 1.957000000000000e-02 6.000000000000000e-02
3.099000000000000e-02 1.886000000000000e-02 6.000000000000000e-02
2.992000000000000e-02 1.835000000000000e-02 6.000000000000000e-02
4.995000000000000e-02 3.338000000000000e-02 6.000000000000000e-02
2.274000000000000e-02 1.690000000000000e-02 6.000000000000000e-02
2.253000000000000e-02 1.705000000000000e-02 6.000000000000000e-02
2.284000000000000e-02 1.714000000000000e-02 6.000000000000000e-02
2.281000000000000e-02 1.663000000000000e-02 6.000000000000000e-02
2.305000000000000e-02 1.686000000000000e-02 6.000000000000000e-02
2.460000000000000e-02 1.732000000000000e-02 6.000000000000000e-02
3.262000000000000e-02 2.271000000000000e-02 6.000000000000000e-02
2.932000000000000e-02 2.049000000000000e-02 6.000000000000000e-02
2.633000000000000e-02 1.855000000000000e-02 6.000000000000000e-02
2.809000000000000e-02 1.944000000000000e-02 6.000000000000000e-02
3.113000000000000e-02 2.152000000000000e-02 6.000000000000000e-02
1.980000000000000e-02 1.980000000000000e-02 6.000000000000000e-02
3.960000000000000e-02 3.960000000000000e-02 6.000000000000000e-02
4.620000000000000e-02 4.620000000000000e-02 6.000000000000000e-02
2.159000000000000e-02 1.783000000000000e-02 6.000000000000000e-02
2.230000000000000e-02 1.838000000000000e-02 6.000000000000000e-02
2.161000000000000e-02 1.928000000000000e-02 6.000000000000000e-02
2.638000000000000e-02 2.404000000000000e-02 6.000000000000000e-02
2.839000000000000e-02 2.605000000000000e-02 6.000000000000000e-02
4.062000000000000e-02 3.855000000000000e-02 6.000000000000000e-02
4.162000000000000e-02 3.747000000000000e-02 6.000000000000000e-02
4.258000000000000e-02 3.637000000000000e-02 6.000000000000000e-02
4.352000000000000e-02 3.524000000000000e-02 6.000000000000000e-02
4.768000000000000e-02 4.466000000000000e-02 6.000000000000000e-02
4.912000000000000e-02 4.308000000000000e-02 6.000000000000000e-02
5.050000000000000e-02 4.145000000000000e-02 6.000000000000000e-02
4.180000000000000e-02 4.180000000000000e-02 6.000000000000000e-02
4.400000000000000e-02 4.400000000000000e-02 6.000000000000000e-02
2.193000000000000e-02 1.809000000000000e-02 6.000000000000000e-02
2.197000000000000e-02 1.881000000000000e-02 6.000000000000000e-02
2.248000000000000e-02 2.014000000000000e-02 6.000000000000000e-02
2.345000000000000e-02 2.112000000000000e-02 6.000000000000000e-02
2.443000000000000e-02 2.209000000000000e-02 6.000000000000000e-02
2.540000000000000e-02 2.307000000000000e-02 6.000000000000000e-02
2.738000000000000e-02 2.505000000000000e-02 6.000000000000000e-02
2.960000000000000e-02 2.683000000000000e-02 6.000000000000000e-02
3.103000000000000e-02 2.705000000000000e-02 6.000000000000000e-02
3.241000000000000e-02 2.665000000000000e-02 6.000000000000000e-02
2.015000000000000e-02 2.015000000000000e-02 6.000000000000000e-02
2.055000000000000e-02 2.055000000000000e-02 6.000000000000000e-02
2.111000000000000e-02 2.111000000000000e-02 6.000000000000000e-02
2.190000000000000e-02 2.190000000000000e-02 6.000000000000000e-02
2.292000000000000e-02 2.292000000000000e-02 6.000000000000000e-02
2.396000000000000e-02 2.396000000000000e-02 6.000000000000000e-02
2.500000000000000e-02 2.500000000000000e-02 6.000000000000000e-02
2.605000000000000e-02 2.605000000000000e-02 6.000000000000000e-02
2.709000000000000e-02 2.709000000000000e-02 6.000000000000000e-02
2.813000000000000e-02 2.813000000000000e-02 6.000000000000000e-02
2.917000000000000e-02 2.917000000000000e-02 6.000000000000000e-02
3.022000000000000e-02 3.022000000000000e-02 6.000000000000000e-02
3.126000000000000e-02 3.126000000000000e-02 6.000000000000000e-02
3.230000000000000e-02 3.230000000000000e-02 6.000000000000000e-02
3.334000000000000e-02 3.334000000000000e-02 6.000000000000000e-02
3.439000000000000e-02 3.439000000000000e-02 6.000000000000000e-02
3.543000000000000e-02 3.543000000000000e-02 6.000000000000000e-02
3.647000000000000e-02 3.647000000000000e-02 6.000000000000000e-02
3.751000000000000e-02 3.751000000000000e-02 6.000000000000000e-02
3.856000000000000e-02 3.856000000000000e-02 6.000000000000000e-02
2.011000000000000e-02 1.948000000000000e-02 6.000000000000000e-02
2.042000000000000e-02 1.916000000000000e-02 6.000000000000000e-02
2.072000000000000e-02 1.883000000000000e-02 6.000000000000000e-02
2.101000000000000e-02 1.850000000000000e-02 6.000000000000000e-02
2.131000000000000e-02 1.817000000000000e-02 6.000000000000000e-02
2.261000000000000e-02 1.797000000000000e-02 6.000000000000000e-02
2.201000000000000e-02 1.731000000000000e-02 6.000000000000000e-02
2.180000000000000e-02 1.757000000000000e-02 6.000000000000000e-02
3.891000000000000e-02 3.441000000000000e-02 6.000000000000000e-02
3.659000000000000e-02 3.204000000000000e-02 6.000000000000000e-02
3.403000000000000e-02 2.978000000000000e-02 6.000000000000000e-02
2.097000000000000e-02 1.988000000000000e-02 6.000000000000000e-02
3.868000000000000e-02 3.273000000000000e-02 6.000000000000000e-02
4.156000000000000e-02 3.457000000000000e-02 6.000000000000000e-02
3.220000000000000e-02 2.919000000000000e-02 6.000000000000000e-02
3.989000000000000e-02 3.651000000000000e-02 6.000000000000000e-02
3.557000000000000e-02 2.996000000000000e-02 6.000000000000000e-02
3.444000000000000e-02 3.147000000000000e-02 6.000000000000000e-02
3.362000000000000e-02 2.808000000000000e-02 6.000000000000000e-02
3.991000000000000e-02 3.340000000000000e-02 6.000000000000000e-02
3.720000000000000e-02 3.034000000000000e-02 6.000000000000000e-02
3.814000000000000e-02 3.563000000000000e-02 6.000000000000000e-02
3.603000000000000e-02 3.356000000000000e-02 6.000000000000000e-02
4.096000000000000e-02 3.607000000000000e-02 6.000000000000000e-02
2.144000000000000e-02 1.866000000000000e-02 6.000000000000000e-02
3.513000000000000e-02 2.881000000000000e-02 6.000000000000000e-02
3.310000000000000e-02 3.095000000000000e-02 6.000000000000000e-02
2.116000000000000e-02 2.035000000000000e-02 6.000000000000000e-02
3.071000000000000e-02 2.862000000000000e-02 6.000000000000000e-02
2.125000000000000e-02 1.901000000000000e-02 6.000000000000000e-02
2.099000000000000e-02 1.931000000000000e-02 6.000000000000000e-02
3.853000000000000e-02 3.096000000000000e-02 6.000000000000000e-02
2.201000000000000e-02 2.085000000000000e-02 6.000000000000000e-02
3.708000000000000e-02 3.292000000000000e-02 6.000000000000000e-02
3.457000000000000e-02 3.295000000000000e-02 6.000000000000000e-02
3.961000000000000e-02 3.184000000000000e-02 6.000000000000000e-02
3.793000000000000e-02 3.366000000000000e-02 6.000000000000000e-02
2.042000000000000e-02 1.984000000000000e-02 6.000000000000000e-02
4.258000000000000e-02 3.406000000000000e-02 6.000000000000000e-02
3.236000000000000e-02 2.788000000000000e-02 6.000000000000000e-02
2.952000000000000e-02 2.816000000000000e-02 6.000000000000000e-02
3.165000000000000e-02 3.041000000000000e-02 6.000000000000000e-02
3.684000000000000e-02 3.457000000000000e-02 6.000000000000000e-02
3.959000000000000e-02 3.782000000000000e-02 6.000000000000000e-02
3.627000000000000e-02 2.929000000000000e-02 6.000000000000000e-02
3.351000000000000e-02 2.709000000000000e-02 6.000000000000000e-02
3.487000000000000e-02 3.059000000000000e-02 6.000000000000000e-02
3.768000000000000e-02 3.189000000000000e-02 6.000000000000000e-02
3.390000000000000e-02 3.240000000000000e-02 6.000000000000000e-02
2.165000000000000e-02 1.828000000000000e-02 6.000000000000000e-02
3.449000000000000e-02 2.766000000000000e-02 6.000000000000000e-02
4.140000000000000e-02 3.324000000000000e-02 6.000000000000000e-02
3.597000000000000e-02 3.102000000000000e-02 6.000000000000000e-02
2.133000000000000e-02 1.969000000000000e-02 6.000000000000000e-02
3.876000000000000e-02 3.692000000000000e-02 6.000000000000000e-02
2.260000000000000e-02 2.154000000000000e-02 6.000000000000000e-02
4.198000000000000e-02 3.554000000000000e-02 6.000000000000000e-02
2.832000000000000e-02 2.704000000000000e-02 6.000000000000000e-02
3.335000000000000e-02 2.907000000000000e-02 6.000000000000000e-02
2.191000000000000e-02 1.846000000000000e-02 6.000000000000000e-02
4.028000000000000e-02 3.724000000000000e-02 6.000000000000000e-02
3.947000000000000e-02 3.574000000000000e-02 6.000000000000000e-02
4.023000000000000e-02 3.495000000000000e-02 6.000000000000000e-02
2.074000000000000e-02 2.018000000000000e-02 6.000000000000000e-02
3.540000000000000e-02 3.232000000000000e-02 6.000000000000000e-02
2.160000000000000e-02 2.021000000000000e-02 6.000000000000000e-02
2.070000000000000e-02 1.955000000000000e-02 6.000000000000000e-02
2.724000000000000e-02 2.606000000000000e-02 6.000000000000000e-02
2.623000000000000e-02 2.505000000000000e-02 6.000000000000000e-02
2.547000000000000e-02 2.416000000000000e-02 6.000000000000000e-02
4.517000000000000e-02 3.961000000000000e-02 6.000000000000000e-02
2.221000000000000e-02 1.759000000000000e-02 6.000000000000000e-02
2.231000000000000e-02 1.735000000000000e-02 6.000000000000000e-02
2.247000000000000e-02 1.762000000000000e-02 6.000000000000000e-02
2.197000000000000e-02 1.773000000000000e-02 6.000000000000000e-02
2.225000000000000e-02 1.790000000000000e-02 6.000000000000000e-02
2.309000000000000e-02 1.928000000000000e-02 6.000000000000000e-02
3.038000000000000e-02 2.563000000000000e-02 6.000000000000000e-02
2.738000000000000e-02 2.302000000000000e-02 6.000000000000000e-02
2.473000000000000e-02 2.063000000000000e-02 6.000000000000000e-02
2.605000000000000e-02 2.210000000000000e-02 6.000000000000000e-02
2.884000000000000e-02 2.450000000000000e-02 6.000000000000000e-02
3.409000000000000e-02 4.443000000000000e-02 6.000000000000000e-02
3.977000000000000e-02 5.183000000000000e-02 6.000000000000000e-02
1.783000000000000e-02 2.159000000000000e-02 6.000000000000000e-02
1.838000000000000e-02 2.230000000000000e-02 6.000000000000000e-02
1.928000000000000e-02 2.161000000000000e-02 6.000000000000000e-02
2.404000000000000e-02 2.638000000000000e-02 6.000000000000000e-02
2.605000000000000e-02 2.839000000000000e-02 6.000000000000000e-02
2.572000000000000e-02 3.351000000000000e-02 6.000000000000000e-02
1.758000000000000e-02 2.291000000000000e-02 6.000000000000000e-02
1.705000000000000e-02 2.221000000000000e-02 6.000000000000000e-02
2.165000000000000e-02 2.821000000000000e-02 6.000000000000000e-02
3.855000000000000e-02 4.062000000000000e-02 6.000000000000000e-02
3.747000000000000e-02 4.162000000000000e-02 6.000000000000000e-02
3.637000000000000e-02 4.258000000000000e-02 6.000000000000000e-02
3.524000000000000e-02 4.352000000000000e-02 6.000000000000000e-02
4.466000000000000e-02 4.768000000000000e-02 6.000000000000000e-02
4.308000000000000e-02 4.912000000000000e-02 6.000000000000000e-02
4.145000000000000e-02 5.050000000000000e-02 6.000000000000000e-02
3.788000000000000e-02 4.936000000000000e-02 6.000000000000000e-02
3.598000000000000e-02 4.690000000000000e-02 6.000000000000000e-02
1.809000000000000e-02 2.193000000000000e-02 6.000000000000000e-02
1.881000000000000e-02 2.197000000000000e-02 6.000000000000000e-02
2.014000000000000e-02 2.248000000000000e-02 6.000000000000000e-02
2.112000000000000e-02 2.345000000000000e-02 6.000000000000000e-02
2.209000000000000e-02 2.443000000000000e-02 6.000000000000000e-02
2.307000000000000e-02 2.540000000000000e-02 6.000000000000000e-02
2.505000000000000e-02 2.738000000000000e-02 6.000000000000000e-02
2.683000000000000e-02 2.960000000000000e-02 6.000000000000000e-02
2.705000000000000e-02 3.103000000000000e-02 6.000000000000000e-02
2.665000000000000e-02 3.241000000000000e-02 6.000000000000000e-02
2.655000000000000e-02 3.461000000000000e-02 6.000000000000000e-02
2.739000000000000e-02 3.570000000000000e-02 6.000000000000000e-02
2.823000000000000e-02 3.679000000000000e-02 6.000000000000000e-02
2.907000000000000e-02 3.788000000000000e-02 6.000000000000000e-02
2.990000000000000e-02 3.897000000000000e-02 6.000000000000000e-02
3.074000000000000e-02 4.006000000000000e-02 6.000000000000000e-02
3.158000000000000e-02 4.115000000000000e-02 6.000000000000000e-02
3.242000000000000e-02 4.225000000000000e-02 6.000000000000000e-02
3.325000000000000e-02 4.334000000000000e-02 6.000000000000000e-02
1.948000000000000e-02 2.011000000000000e-02 6.000000000000000e-02
1.916000000000000e-02 2.042000000000000e-02 6.000000000000000e-02
1.883000000000000e-02 2.072000000000000e-02 6.000000000000000e-02
1.850000000000000e-02 2.101000000000000e-02 6.000000000000000e-02
1.817000000000000e-02 2.131000000000000e-02 6.000000000000000e-02
1.797000000000000e-02 2.261000000000000e-02 6.000000000000000e-02
1.730000000000000e-02 2.255000000000000e-02 6.000000000000000e-02
1.731000000000000e-02 2.201000000000000e-02 6.000000000000000e-02
1.757000000000000e-02 2.180000000000000e-02 6.000000000000000e-02
2.463000000000000e-02 3.210000000000000e-02 6.000000000000000e-02
2.317000000000000e-02 3.020000000000000e-02 6.000000000000000e-02
2.021000000000000e-02 2.634000000000000e-02 6.000000000000000e-02
1.904000000000000e-02 2.482000000000000e-02 6.000000000000000e-02
1.819000000000000e-02 2.371000000000000e-02 6.000000000000000e-02
3.441000000000000e-02 3.891000000000000e-02 6.000000000000000e-02
3.204000000000000e-02 3.659000000000000e-02 6.000000000000000e-02
2.978000000000000e-02 3.403000000000000e-02 6.000000000000000e-02
1.988000000000000e-02 2.097000000000000e-02 6.000000000000000e-02
3.273000000000000e-02 3.868000000000000e-02 6.000000000000000e-02
3.457000000000000e-02 4.156000000000000e-02 6.000000000000000e-02
2.919000000000000e-02 3.220000000000000e-02 6.000000000000000e-02
3.651000000000000e-02 3.989000000000000e-02 6.000000000000000e-02
2.996000000000000e-02 3.557000000000000e-02 6.000000000000000e-02
3.147000000000000e-02 3.444000000000000e-02 6.000000000000000e-02
2.808000000000000e-02 3.362000000000000e-02 6.000000000000000e-02
3.340000000000000e-02 3.991000000000000e-02 6.000000000000000e-02
3.034000000000000e-02 3.720000000000000e-02 6.000000000000000e-02
3.563000000000000e-02 3.814000000000000e-02 6.000000000000000e-02
3.356000000000000e-02 3.603000000000000e-02 6.000000000000000e-02
3.607000000000000e-02 4.096000000000000e-02 6.000000000000000e-02
1.866000000000000e-02 2.144000000000000e-02 6.000000000000000e-02
2.881000000000000e-02 3.513000000000000e-02 6.000000000000000e-02
3.095000000000000e-02 3.310000000000000e-02 6.000000000000000e-02
2.035000000000000e-02 2.116000000000000e-02 6.000000000000000e-02
2.862000000000000e-02 3.071000000000000e-02 6.000000000000000e-02
1.901000000000000e-02 2.125000000000000e-02 6.000000000000000e-02
1.931000000000000e-02 2.099000000000000e-02 6.000000000000000e-02
3.096000000000000e-02 3.853000000000000e-02 6.000000000000000e-02
2.085000000000000e-02 2.201000000000000e-02 6.000000000000000e-02
3.292000000000000e-02 3.708000000000000e-02 6.000000000000000e-02
3.295000000000000e-02 3.457000000000000e-02 6.000000000000000e-02
3.184000000000000e-02 3.961000000000000e-02 6.000000000000000e-02
3.366000000000000e-02 3.793000000000000e-02 6.000000000000000e-02
1.984000000000000e-02 2.042000000000000e-02 6.000000000000000e-02
3.406000000000000e-02 4.258000000000000e-02 6.000000000000000e-02
2.788000000000000e-02 3.236000000000000e-02 6.000000000000000e-02
2.816000000000000e-02 2.952000000000000e-02 6.000000000000000e-02
3.041000000000000e-02 3.165000000000000e-02 6.000000000000000e-02
3.457000000000000e-02 3.684000000000000e-02 6.000000000000000e-02
3.782000000000000e-02 3.959000000000000e-02 6.000000000000000e-02
2.929000000000000e-02 3.627000000000000e-02 6.000000000000000e-02
2.709000000000000e-02 3.351000000000000e-02 6.000000000000000e-02
3.059000000000000e-02 3.487000000000000e-02 6.000000000000000e-02
3.189000000000000e-02 3.768000000000000e-02 6.000000000000000e-02
3.240000000000000e-02 3.390000000000000e-02 6.000000000000000e-02
1.828000000000000e-02 2.165000000000000e-02 6.000000000000000e-02
2.766000000000000e-02 3.449000000000000e-02 6.000000000000000e-02
3.324000000000000e-02 4.140000000000000e-02 6.000000000000000e-02
3.102000000000000e-02 3.597000000000000e-02 6.000000000000000e-02
1.969000000000000e-02 2.133000000000000e-02 6.000000000000000e-02
3.692000000000000e-02 3.876000000000000e-02 6.000000000000000e-02
2.154000000000000e-02 2.260000000000000e-02 6.000000000000000e-02
3.554000000000000e-02 4.198000000000000e-02 6.000000000000000e-02
2.704000000000000e-02 2.832000000000000e-02 6.000000000000000e-02
2.907000000000000e-02 3.335000000000000e-02 6.000000000000000e-02
1.846000000000000e-02 2.191000000000000e-02 6.000000000000000e-02
3.724000000000000e-02 4.028000000000000e-02 6.000000000000000e-02
3.574000000000000e-02 3.947000000000000e-02 6.000000000000000e-02
3.495000000000000e-02 4.023000000000000e-02 6.000000000000000e-02
2.018000000000000e-02 2.074000000000000e-02 6.000000000000000e-02
3.232000000000000e-02 3.540000000000000e-02 6.000000000000000e-02
2.021000000000000e-02 2.160000000000000e-02 6.000000000000000e-02
1.955000000000000e-02 2.070000000000000e-02 6.000000000000000e-02
2.606000000000000e-02 2.724000000000000e-02 6.000000000000000e-02
2.505000000000000e-02 2.623000000000000e-02 6.000000000000000e-02
2.416000000000000e-02 2.547000000000000e-02 6.000000000000000e-02
3.961000000000000e-02 4.517000000000000e-02 6.000000000000000e-02
1.759000000000000e-02 2.221000000000000e-02 6.000000000000000e-02
1.735000000000000e-02 2.231000000000000e-02 6.000000000000000e-02
1.762000000000000e-02 2.247000000000000e-02 6.000000000000000e-02
1.773000000000000e-02 2.197000000000000e-02 6.000000000000000e-02
1.790000000000000e-02 2.225000000000000e-02 6.000000000000000e-02
1.928000000000000e-02 2.309000000000000e-02 6.000000000000000e-02
2.563000000000000e-02 3.038000000000000e-02 6.000000000000000e-02
2.302000000000000e-02 2.738000000000000e-02 6.000000000000000e-02
2.063000000000000e-02 2.473000000000000e-02 6.000000000000000e-02
2.210000000000000e-02 2.605000000000000e-02 6.000000000000000e-02
2.450000000000000e-02 2.884000000000000e-02 6.000000000000000e-02
1.400000000000000e-02 2.425000000000000e-02 6.000000000000000e-02
2.800000000000000e-02 4.850000000000000e-02 6.000000000000000e-02
3.267000000000000e-02 5.658000000000000e-02 6.000000000000000e-02
1.624000000000000e-02 2.281000000000000e-02 6.000000000000000e-02
1.679000000000000e-02 2.352000000000000e-02 6.000000000000000e-02
1.589000000000000e-02 2.422000000000000e-02 6.000000000000000e-02
1.926000000000000e-02 3.005000000000000e-02 6.000000000000000e-02
2.068000000000000e-02 3.251000000000000e-02 6.000000000000000e-02
2.926000000000000e-02 4.775000000000000e-02 6.000000000000000e-02
3.050000000000000e-02 4.697000000000000e-02 6.000000000000000e-02
3.172000000000000e-02 4.615000000000000e-02 6.000000000000000e-02
3.292000000000000e-02 4.530000000000000e-02 6.000000000000000e-02
3.450000000000000e-02 5.548000000000000e-02 6.000000000000000e-02
3.630000000000000e-02 5.432000000000000e-02 6.000000000000000e-02
3.806000000000000e-02 5.311000000000000e-02 6.000000000000000e-02
2.956000000000000e-02 5.119000000000000e-02 6.000000000000000e-02
3.111000000000000e-02 5.389000000000000e-02 6.000000000000000e-02
1.650000000000000e-02 2.315000000000000e-02 6.000000000000000e-02
1.636000000000000e-02 2.385000000000000e-02 6.000000000000000e-02
1.650000000000000e-02 2.527000000000000e-02 6.000000000000000e-02
1.719000000000000e-02 2.647000000000000e-02 6.000000000000000e-02
1.788000000000000e-02 2.766000000000000e-02 6.000000000000000e-02
1.857000000000000e-02 2.886000000000000e-02 6.000000000000000e-02
1.997000000000000e-02 3.128000000000000e-02 6.000000000000000e-02
2.165000000000000e-02 3.358000000000000e-02 6.000000000000000e-02
2.297000000000000e-02 3.416000000000000e-02 6.000000000000000e-02
2.441000000000000e-02 3.413000000000000e-02 6.000000000000000e-02
1.425000000000000e-02 2.468000000000000e-02 6.000000000000000e-02
1.453000000000000e-02 2.517000000000000e-02 6.000000000000000e-02
1.493000000000000e-02 2.586000000000000e-02 6.000000000000000e-02
1.549000000000000e-02 2.682000000000000e-02 6.000000000000000e-02
1.621000000000000e-02 2.807000000000000e-02 6.000000000000000e-02
1.694000000000000e-02 2.935000000000000e-02 6.000000000000000e-02
1.768000000000000e-02 3.062000000000000e-02 6.000000000000000e-02
1.842000000000000e-02 3.190000000000000e-02 6.000000000000000e-02
1.916000000000000e-02 3.318000000000000e-02 6.000000000000000e-02
1.989000000000000e-02 3.445000000000000e-02 6.000000000000000e-02
2.063000000000000e-02 3.573000000000000e-02 6.000000000000000e-02
2.137000000000000e-02 3.701000000000000e-02 6.000000000000000e-02
2.210000000000000e-02 3.828000000000000e-02 6.000000000000000e-02
2.284000000000000e-02 3.956000000000000e-02 6.000000000000000e-02
2.358000000000000e-02 4.084000000000000e-02 6.000000000000000e-02
2.431000000000000e-02 4.211000000000000e-02 6.000000000000000e-02
2.505000000000000e-02 4.339000000000000e-02 6.000000000000000e-02
2.579000000000000e-02 4.467000000000000e-02 6.000000000000000e-02
2.653000000000000e-02 4.594000000000000e-02 6.000000000000000e-02
2.726000000000000e-02 4.722000000000000e-02 6.000000000000000e-02
1.438000000000000e-02 2.402000000000000e-02 6.000000000000000e-02
1.476000000000000e-02 2.379000000000000e-02 6.000000000000000e-02
1.514000000000000e-02 2.356000000000000e-02 6.000000000000000e-02
1.551000000000000e-02 2.331000000000000e-02 6.000000000000000e-02
1.588000000000000e-02 2.306000000000000e-02 6.000000000000000e-02
1.719000000000000e-02 2.321000000000000e-02 6.000000000000000e-02
1.678000000000000e-02 2.242000000000000e-02 6.000000000000000e-02
1.651000000000000e-02 2.261000000000000e-02 6.000000000000000e-02
2.868000000000000e-02 4.331000000000000e-02 6.000000000000000e-02
2.705000000000000e-02 4.042000000000000e-02 6.000000000000000e-02
2.516000000000000e-02 3.757000000000000e-02 6.000000000000000e-02
1.511000000000000e-02 2.463000000000000e-02 6.000000000000000e-02
2.889000000000000e-02 4.163000000000000e-02 6.000000000000000e-02
3.120000000000000e-02 4.415000000000000e-02 6.000000000000000e-02
2.354000000000000e-02 3.653000000000000e-02 6.000000000000000e-02
2.908000000000000e-02 4.559000000000000e-02 6.000000000000000e-02
2.660000000000000e-02 3.815000000000000e-02 6.000000000000000e-02
2.512000000000000e-02 3.931000000000000e-02 6.000000000000000e-02
2.521000000000000e-02 3.582000000000000e-02 6.000000000000000e-02
2.990000000000000e-02 4.259000000000000e-02 6.000000000000000e-02
2.808000000000000e-02 3.893000000000000e-02 6.000000000000000e-02
2.762000000000000e-02 4.429000000000000e-02 6.000000000000000e-02
2.612000000000000e-02 4.174000000000000e-02 6.000000000000000e-02
3.023000000000000e-02 4.545000000000000e-02 6.000000000000000e-02
1.588000000000000e-02 2.357000000000000e-02 6.000000000000000e-02
2.647000000000000e-02 3.692000000000000e-02 6.000000000000000e-02
2.396000000000000e-02 3.846000000000000e-02 6.000000000000000e-02
1.517000000000000e-02 2.513000000000000e-02 6.000000000000000e-02
2.226000000000000e-02 3.559000000000000e-02 6.000000000000000e-02
1.561000000000000e-02 2.386000000000000e-02 6.000000000000000e-02
1.528000000000000e-02 2.409000000000000e-02 6.000000000000000e-02
2.920000000000000e-02 3.988000000000000e-02 6.000000000000000e-02
1.587000000000000e-02 2.584000000000000e-02 6.000000000000000e-02
2.729000000000000e-02 4.139000000000000e-02 6.000000000000000e-02
2.486000000000000e-02 4.078000000000000e-02 6.000000000000000e-02
3.002000000000000e-02 4.100000000000000e-02 6.000000000000000e-02
2.792000000000000e-02 4.233000000000000e-02 6.000000000000000e-02
1.459000000000000e-02 2.445000000000000e-02 6.000000000000000e-02
3.232000000000000e-02 4.392000000000000e-02 6.000000000000000e-02
2.404000000000000e-02 3.530000000000000e-02 6.000000000000000e-02
2.123000000000000e-02 3.485000000000000e-02 6.000000000000000e-02
2.270000000000000e-02 3.756000000000000e-02 6.000000000000000e-02
2.663000000000000e-02 4.292000000000000e-02 6.000000000000000e-02
2.845000000000000e-02 4.678000000000000e-02 6.000000000000000e-02
2.745000000000000e-02 3.768000000000000e-02 6.000000000000000e-02
2.536000000000000e-02 3.484000000000000e-02 6.000000000000000e-02
2.577000000000000e-02 3.858000000000000e-02 6.000000000000000e-02
2.814000000000000e-02 4.056000000000000e-02 6.000000000000000e-02
2.436000000000000e-02 4.007000000000000e-02 6.000000000000000e-02
1.618000000000000e-02 2.326000000000000e-02 6.000000000000000e-02
2.615000000000000e-02 3.565000000000000e-02 6.000000000000000e-02
3.139000000000000e-02 4.282000000000000e-02 6.000000000000000e-02
2.672000000000000e-02 3.927000000000000e-02 6.000000000000000e-02
1.550000000000000e-02 2.454000000000000e-02 6.000000000000000e-02
2.788000000000000e-02 4.570000000000000e-02 6.000000000000000e-02
1.626000000000000e-02 2.666000000000000e-02 6.000000000000000e-02
3.135000000000000e-02 4.520000000000000e-02 6.000000000000000e-02
2.035000000000000e-02 3.345000000000000e-02 6.000000000000000e-02
2.469000000000000e-02 3.672000000000000e-02 6.000000000000000e-02
1.638000000000000e-02 2.350000000000000e-02 6.000000000000000e-02
2.927000000000000e-02 4.640000000000000e-02 6.000000000000000e-02
2.888000000000000e-02 4.474000000000000e-02 6.000000000000000e-02
2.981000000000000e-02 4.417000000000000e-02 6.000000000000000e-02
1.481000000000000e-02 2.486000000000000e-02 6.000000000000000e-02
2.583000000000000e-02 4.038000000000000e-02 6.000000000000000e-02
1.564000000000000e-02 2.511000000000000e-02 6.000000000000000e-02
1.494000000000000e-02 2.424000000000000e-02 6.000000000000000e-02
1.957000000000000e-02 3.222000000000000e-02 6.000000000000000e-02
1.886000000000000e-02 3.099000000000000e-02 6.000000000000000e-02
1.835000000000000e-02 2.992000000000000e-02 6.000000000000000e-02
3.338000000000000e-02 4.995000000000000e-02 6.000000000000000e-02
1.690000000000000e-02 2.274000000000000e-02 6.000000000000000e-02
1.705000000000000e-02 2.253000000000000e-02 6.000000000000000e-02
1.714000000000000e-02 2.284000000000000e-02 6.000000000000000e-02
1.663000000000000e-02 2.281000000000000e-02 6.000000000000000e-02
1.686000000000000e-02 2.305000000000000e-02 6.000000000000000e-02
1.732000000000000e-02 2.460000000000000e-02 6.000000000000000e-02
2.271000000000000e-02 3.262000000000000e-02 6.000000000000000e-02
2.049000000000000e-02 2.932000000000000e-02 6.000000000000000e-02
1.855000000000000e-02 2.633000000000000e-02 6.000000000000000e-02
1.944000000000000e-02 2.809000000000000e-02 6.000000000000000e-02
2.152000000000000e-02 3.113000000000000e-02 6.000000000000000e-02
2.143000000000000e-02 5.174000000000000e-02 6.000000000000000e-02
2.500000000000000e-02 6.036000000000000e-02 6.000000000000000e-02
1.163000000000000e-02 2.547000000000000e-02 6.000000000000000e-02
1.198000000000000e-02 2.630000000000000e-02 6.000000000000000e-02
1.303000000000000e-02 2.587000000000000e-02 6.000000000000000e-02
1.640000000000000e-02 3.170000000000000e-02 6.000000000000000e-02
1.782000000000000e-02 3.416000000000000e-02 6.000000000000000e-02
1.617000000000000e-02 3.903000000000000e-02 6.000000000000000e-02
1.105000000000000e-02 2.668000000000000e-02 6.000000000000000e-02
1.072000000000000e-02 2.587000000000000e-02 6.000000000000000e-02
1.361000000000000e-02 3.286000000000000e-02 6.000000000000000e-02
2.672000000000000e-02 4.921000000000000e-02 6.000000000000000e-02
2.542000000000000e-02 4.990000000000000e-02 6.000000000000000e-02
2.411000000000000e-02 5.054000000000000e-02 6.000000000000000e-02
2.278000000000000e-02 5.116000000000000e-02 6.000000000000000e-02
3.080000000000000e-02 5.762000000000000e-02 6.000000000000000e-02
2.890000000000000e-02 5.860000000000000e-02 6.000000000000000e-02
2.696000000000000e-02 5.951000000000000e-02 6.000000000000000e-02
2.381000000000000e-02 5.749000000000000e-02 6.000000000000000e-02
2.262000000000000e-02 5.461000000000000e-02 6.000000000000000e-02
1.180000000000000e-02 2.587000000000000e-02 6.000000000000000e-02
1.248000000000000e-02 2.609000000000000e-02 6.000000000000000e-02
1.364000000000000e-02 2.692000000000000e-02 6.000000000000000e-02
1.433000000000000e-02 2.812000000000000e-02 6.000000000000000e-02
1.502000000000000e-02 2.931000000000000e-02 6.000000000000000e-02
1.571000000000000e-02 3.051000000000000e-02 6.000000000000000e-02
1.711000000000000e-02 3.293000000000000e-02 6.000000000000000e-02
1.826000000000000e-02 3.554000000000000e-02 6.000000000000000e-02
1.809000000000000e-02 3.697000000000000e-02 6.000000000000000e-02
1.735000000000000e-02 3.821000000000000e-02 6.000000000000000e-02
1.669000000000000e-02 4.030000000000000e-02 6.000000000000000e-02
1.722000000000000e-02 4.157000000000000e-02 6.000000000000000e-02
1.775000000000000e-02 4.284000000000000e-02 6.000000000000000e-02
1.827000000000000e-02 4.411000000000000e-02 6.000000000000000e-02
1.880000000000000e-02 4.538000000000000e-02 6.000000000000000e-02
1.932000000000000e-02 4.665000000000000e-02 6.000000000000000e-02
1.985000000000000e-02 4.792000000000000e-02 6.000000000000000e-02
2.038000000000000e-02 4.920000000000000e-02 6.000000000000000e-02
2.090000000000000e-02 5.047000000000000e-02 6.000000000000000e-02
1.361000000000000e-02 2.447000000000000e-02 6.000000000000000e-02
1.322000000000000e-02 2.468000000000000e-02 6.000000000000000e-02
1.283000000000000e-02 2.489000000000000e-02 6.000000000000000e-02
1.243000000000000e-02 2.509000000000000e-02 6.000000000000000e-02
1.203000000000000e-02 2.528000000000000e-02 6.000000000000000e-02
1.151000000000000e-02 2.649000000000000e-02 6.000000000000000e-02
1.088000000000000e-02 2.626000000000000e-02 6.000000000000000e-02
1.102000000000000e-02 2.574000000000000e-02 6.000000000000000e-02
1.133000000000000e-02 2.561000000000000e-02 6.000000000000000e-02
1.548000000000000e-02 3.738000000000000e-02 6.000000000000000e-02
1.457000000000000e-02 3.516000000000000e-02 6.000000000000000e-02
1.271000000000000e-02 3.067000000000000e-02 6.000000000000000e-02
1.197000000000000e-02 2.890000000000000e-02 6.000000000000000e-02
1.144000000000000e-02 2.761000000000000e-02 6.000000000000000e-02
2.317000000000000e-02 4.649000000000000e-02 6.000000000000000e-02
2.148000000000000e-02 4.364000000000000e-02 6.000000000000000e-02
1.996000000000000e-02 4.058000000000000e-02 6.000000000000000e-02
1.378000000000000e-02 2.541000000000000e-02 6.000000000000000e-02
2.160000000000000e-02 4.583000000000000e-02 6.000000000000000e-02
2.264000000000000e-02 4.909000000000000e-02 6.000000000000000e-02
1.986000000000000e-02 3.865000000000000e-02 6.000000000000000e-02
2.494000000000000e-02 4.798000000000000e-02 6.000000000000000e-02
1.973000000000000e-02 4.211000000000000e-02 6.000000000000000e-02
2.148000000000000e-02 4.141000000000000e-02 6.000000000000000e-02
1.842000000000000e-02 3.974000000000000e-02 6.000000000000000e-02
2.193000000000000e-02 4.719000000000000e-02 6.000000000000000e-02
1.968000000000000e-02 4.379000000000000e-02 6.000000000000000e-02
2.455000000000000e-02 4.607000000000000e-02 6.000000000000000e-02
2.309000000000000e-02 4.349000000000000e-02 6.000000000000000e-02
2.424000000000000e-02 4.890000000000000e-02 6.000000000000000e-02
1.248000000000000e-02 2.554000000000000e-02 6.000000000000000e-02
1.874000000000000e-02 4.139000000000000e-02 6.000000000000000e-02
2.133000000000000e-02 3.998000000000000e-02 6.000000000000000e-02
1.418000000000000e-02 2.570000000000000e-02 6.000000000000000e-02
1.970000000000000e-02 3.707000000000000e-02 6.000000000000000e-02
1.286000000000000e-02 2.545000000000000e-02 6.000000000000000e-02
1.322000000000000e-02 2.528000000000000e-02 6.000000000000000e-02
1.993000000000000e-02 4.523000000000000e-02 6.000000000000000e-02
1.445000000000000e-02 2.666000000000000e-02 6.000000000000000e-02
2.220000000000000e-02 4.433000000000000e-02 6.000000000000000e-02
2.288000000000000e-02 4.192000000000000e-02 6.000000000000000e-02
2.050000000000000e-02 4.650000000000000e-02 6.000000000000000e-02
2.269000000000000e-02 4.535000000000000e-02 6.000000000000000e-02
1.388000000000000e-02 2.486000000000000e-02 6.000000000000000e-02
2.188000000000000e-02 4.995000000000000e-02 6.000000000000000e-02
1.855000000000000e-02 3.847000000000000e-02 6.000000000000000e-02
1.956000000000000e-02 3.581000000000000e-02 6.000000000000000e-02
2.118000000000000e-02 3.844000000000000e-02 6.000000000000000e-02
2.386000000000000e-02 4.453000000000000e-02 6.000000000000000e-02
2.629000000000000e-02 4.803000000000000e-02 6.000000000000000e-02
1.891000000000000e-02 4.261000000000000e-02 6.000000000000000e-02
1.749000000000000e-02 3.938000000000000e-02 6.000000000000000e-02
2.053000000000000e-02 4.160000000000000e-02 6.000000000000000e-02
2.105000000000000e-02 4.465000000000000e-02 6.000000000000000e-02
2.252000000000000e-02 4.113000000000000e-02 6.000000000000000e-02
1.206000000000000e-02 2.564000000000000e-02 6.000000000000000e-02
1.780000000000000e-02 4.047000000000000e-02 6.000000000000000e-02
2.139000000000000e-02 4.859000000000000e-02 6.000000000000000e-02
2.065000000000000e-02 4.278000000000000e-02 6.000000000000000e-02
1.350000000000000e-02 2.570000000000000e-02 6.000000000000000e-02
2.563000000000000e-02 4.699000000000000e-02 6.000000000000000e-02
1.496000000000000e-02 2.741000000000000e-02 6.000000000000000e-02
2.347000000000000e-02 4.975000000000000e-02 6.000000000000000e-02
1.879000000000000e-02 3.435000000000000e-02 6.000000000000000e-02
1.945000000000000e-02 3.974000000000000e-02 6.000000000000000e-02
1.216000000000000e-02 2.594000000000000e-02 6.000000000000000e-02
2.555000000000000e-02 4.855000000000000e-02 6.000000000000000e-02
2.430000000000000e-02 4.738000000000000e-02 6.000000000000000e-02
2.335000000000000e-02 4.790000000000000e-02 6.000000000000000e-02
1.413000000000000e-02 2.525000000000000e-02 6.000000000000000e-02
2.206000000000000e-02 4.256000000000000e-02 6.000000000000000e-02
1.393000000000000e-02 2.610000000000000e-02 6.000000000000000e-02
1.352000000000000e-02 2.506000000000000e-02 6.000000000000000e-02
1.812000000000000e-02 3.305000000000000e-02 6.000000000000000e-02
1.741000000000000e-02 3.182000000000000e-02 6.000000000000000e-02
1.674000000000000e-02 3.085000000000000e-02 6.000000000000000e-02
2.657000000000000e-02 5.388000000000000e-02 6.000000000000000e-02
1.125000000000000e-02 2.600000000000000e-02 6.000000000000000e-02
1.099000000000000e-02 2.604000000000000e-02 6.000000000000000e-02
1.121000000000000e-02 2.626000000000000e-02 6.000000000000000e-02
1.144000000000000e-02 2.581000000000000e-02 6.000000000000000e-02
1.153000000000000e-02 2.612000000000000e-02 6.000000000000000e-02
1.265000000000000e-02 2.730000000000000e-02 6.000000000000000e-02
1.689000000000000e-02 3.598000000000000e-02 6.000000000000000e-02
1.515000000000000e-02 3.240000000000000e-02 6.000000000000000e-02
1.353000000000000e-02 2.923000000000000e-02 6.000000000000000e-02
1.461000000000000e-02 3.088000000000000e-02 6.000000000000000e-02
1.620000000000000e-02 3.420000000000000e-02 6.000000000000000e-02
7.250000000000000e-03 2.705000000000000e-02 6.000000000000000e-02
1.449000000000000e-02 5.409000000000000e-02 6.000000000000000e-02
1.691000000000000e-02 6.311000000000000e-02 6.000000000000000e-02
9.780000000000000e-03 2.623000000000000e-02 6.000000000000000e-02
1.013000000000000e-02 2.707000000000000e-02 6.000000000000000e-02
9.080000000000000e-03 2.750000000000000e-02 6.000000000000000e-02
1.082000000000000e-02 3.401000000000000e-02 6.000000000000000e-02
1.156000000000000e-02 3.676000000000000e-02 6.000000000000000e-02
1.590000000000000e-02 5.369000000000000e-02 6.000000000000000e-02
1.730000000000000e-02 5.326000000000000e-02 6.000000000000000e-02
1.869000000000000e-02 5.279000000000000e-02 6.000000000000000e-02
2.007000000000000e-02 5.228000000000000e-02 6.000000000000000e-02
1.897000000000000e-02 6.252000000000001e-02 6.000000000000000e-02
2.100000000000000e-02 6.187000000000000e-02 6.000000000000000e-02
2.301000000000000e-02 6.115000000000000e-02 6.000000000000000e-02
1.530000000000000e-02 5.710000000000000e-02 6.000000000000000e-02
1.610000000000000e-02 6.010000000000000e-02 6.000000000000000e-02
9.950000000000001e-03 2.663000000000000e-02 6.000000000000000e-02
9.630000000000000e-03 2.727000000000000e-02 6.000000000000000e-02
9.390000000000001e-03 2.868000000000000e-02 6.000000000000000e-02
9.750000000000000e-03 3.001000000000000e-02 6.000000000000000e-02
1.011000000000000e-02 3.135000000000000e-02 6.000000000000000e-02
1.046000000000000e-02 3.268000000000000e-02 6.000000000000000e-02
1.119000000000000e-02 3.538000000000000e-02 6.000000000000000e-02
1.222000000000000e-02 3.804000000000000e-02 6.000000000000000e-02
1.335000000000000e-02 3.894000000000000e-02 6.000000000000000e-02
1.475000000000000e-02 3.929000000000000e-02 6.000000000000000e-02
7.370000000000000e-03 2.752000000000000e-02 6.000000000000000e-02
7.520000000000000e-03 2.807000000000000e-02 6.000000000000000e-02
7.730000000000000e-03 2.884000000000000e-02 6.000000000000000e-02
8.019999999999999e-03 2.992000000000000e-02 6.000000000000000e-02
8.390000000000000e-03 3.131000000000000e-02 6.000000000000000e-02
8.770000000000000e-03 3.273000000000000e-02 6.000000000000000e-02
9.150000000000000e-03 3.416000000000000e-02 6.000000000000000e-02
9.530000000000000e-03 3.558000000000000e-02 6.000000000000000e-02
9.920000000000000e-03 3.700000000000000e-02 6.000000000000000e-02
1.030000000000000e-02 3.843000000000000e-02 6.000000000000000e-02
1.068000000000000e-02 3.985000000000000e-02 6.000000000000000e-02
1.106000000000000e-02 4.128000000000000e-02 6.000000000000000e-02
1.144000000000000e-02 4.270000000000000e-02 6.000000000000000e-02
1.182000000000000e-02 4.412000000000000e-02 6.000000000000000e-02
1.220000000000000e-02 4.555000000000000e-02 6.000000000000000e-02
1.259000000000000e-02 4.697000000000000e-02 6.000000000000000e-02
1.297000000000000e-02 4.840000000000000e-02 6.000000000000000e-02
1.335000000000000e-02 4.982000000000000e-02 6.000000000000000e-02
1.373000000000000e-02 5.124000000000000e-02 6.000000000000000e-02
1.411000000000000e-02 5.267000000000000e-02 6.000000000000000e-02
7.680000000000000e-03 2.693000000000000e-02 6.000000000000000e-02
8.100000000000000e-03 2.680000000000000e-02 6.000000000000000e-02
8.529999999999999e-03 2.667000000000000e-02 6.000000000000000e-02
8.950000000000000e-03 2.653000000000000e-02 6.000000000000000e-02
9.370000000000000e-03 2.639000000000000e-02 6.000000000000000e-02
1.060000000000000e-02 2.687000000000000e-02 6.000000000000000e-02
1.041000000000000e-02 2.599000000000000e-02 6.000000000000000e-02
1.010000000000000e-02 2.612000000000000e-02 6.000000000000000e-02
1.649000000000000e-02 4.926000000000000e-02 6.000000000000000e-02
1.567000000000000e-02 4.604000000000000e-02 6.000000000000000e-02
1.458000000000000e-02 4.280000000000000e-02 6.000000000000000e-02
8.220000000000000e-03 2.771000000000000e-02 6.000000000000000e-02
1.713000000000000e-02 4.768000000000000e-02 6.000000000000000e-02
1.871000000000000e-02 5.072000000000000e-02 6.000000000000000e-02
1.329000000000000e-02 4.138000000000000e-02 6.000000000000000e-02
1.629000000000000e-02 5.156000000000000e-02 6.000000000000000e-02
1.582000000000000e-02 4.373000000000000e-02 6.000000000000000e-02
1.409000000000000e-02 4.447000000000000e-02 6.000000000000000e-02
1.508000000000000e-02 4.113000000000000e-02 6.000000000000000e-02
1.786000000000000e-02 4.888000000000000e-02 6.000000000000000e-02
1.705000000000000e-02 4.488000000000000e-02 6.000000000000000e-02
1.522000000000000e-02 4.993000000000000e-02 6.000000000000000e-02
1.442000000000000e-02 4.708000000000000e-02 6.000000000000000e-02
1.743000000000000e-02 5.172000000000000e-02 6.000000000000000e-02
9.240000000000000e-03 2.688000000000000e-02 6.000000000000000e-02
1.601000000000000e-02 4.252000000000000e-02 6.000000000000000e-02
1.319000000000000e-02 4.335000000000000e-02 6.000000000000000e-02
8.149999999999999e-03 2.820000000000000e-02 6.000000000000000e-02
1.229000000000000e-02 4.014000000000000e-02 6.000000000000000e-02
8.900000000000000e-03 2.709000000000000e-02 6.000000000000000e-02
8.520000000000000e-03 2.722000000000000e-02 6.000000000000000e-02
1.788000000000000e-02 4.608000000000000e-02 6.000000000000000e-02
8.640000000000000e-03 2.907000000000000e-02 6.000000000000000e-02
1.565000000000000e-02 4.705000000000000e-02 6.000000000000000e-02
1.346000000000000e-02 4.582000000000000e-02 6.000000000000000e-02
1.838000000000000e-02 4.738000000000000e-02 6.000000000000000e-02
1.602000000000000e-02 4.811000000000000e-02 6.000000000000000e-02
7.770000000000000e-03 2.739000000000000e-02 6.000000000000000e-02
1.985000000000000e-02 5.079000000000000e-02 6.000000000000000e-02
1.409000000000000e-02 4.032000000000000e-02 6.000000000000000e-02
1.149000000000000e-02 3.915000000000000e-02 6.000000000000000e-02
1.220000000000000e-02 4.216000000000000e-02 6.000000000000000e-02
1.462000000000000e-02 4.836000000000000e-02 6.000000000000000e-02
1.537000000000000e-02 5.255000000000000e-02 6.000000000000000e-02
1.676000000000000e-02 4.350000000000000e-02 6.000000000000000e-02
1.548000000000000e-02 4.022000000000000e-02 6.000000000000000e-02
1.490000000000000e-02 4.393000000000000e-02 6.000000000000000e-02
1.669000000000000e-02 4.646000000000000e-02 6.000000000000000e-02
1.316000000000000e-02 4.501000000000000e-02 6.000000000000000e-02
9.599999999999999e-03 2.666000000000000e-02 6.000000000000000e-02
1.603000000000000e-02 4.120000000000000e-02 6.000000000000000e-02
1.924000000000000e-02 4.949000000000000e-02 6.000000000000000e-02
1.565000000000000e-02 4.485000000000000e-02 6.000000000000000e-02
8.619999999999999e-03 2.772000000000000e-02 6.000000000000000e-02
1.510000000000000e-02 5.135000000000000e-02 6.000000000000000e-02
8.800000000000001e-03 2.996000000000000e-02 6.000000000000000e-02
1.858000000000000e-02 5.177000000000000e-02 6.000000000000000e-02
1.100000000000000e-02 3.758000000000000e-02 6.000000000000000e-02
1.435000000000000e-02 4.186000000000000e-02 6.000000000000000e-02
9.740000000000000e-03 2.694000000000000e-02 6.000000000000000e-02
1.626000000000000e-02 5.240000000000000e-02 6.000000000000000e-02
1.632000000000000e-02 5.069000000000000e-02 6.000000000000000e-02
1.736000000000000e-02 5.038000000000000e-02 6.000000000000000e-02
7.870000000000000e-03 2.785000000000000e-02 6.000000000000000e-02
1.450000000000000e-02 4.569000000000000e-02 6.000000000000000e-02
8.600000000000000e-03 2.830000000000000e-02 6.000000000000000e-02
8.160000000000001e-03 2.728000000000000e-02 6.000000000000000e-02
1.056000000000000e-02 3.618000000000000e-02 6.000000000000000e-02
1.019000000000000e-02 3.481000000000000e-02 6.000000000000000e-02
9.979999999999999e-03 3.365000000000000e-02 6.000000000000000e-02
1.931000000000000e-02 5.689000000000000e-02 6.000000000000000e-02
1.043000000000000e-02 2.634000000000000e-02 6.000000000000000e-02
1.064000000000000e-02 2.618000000000000e-02 6.000000000000000e-02
1.065000000000000e-02 2.650000000000000e-02 6.000000000000000e-02
1.016000000000000e-02 2.634000000000000e-02 6.000000000000000e-02
1.032000000000000e-02 2.662000000000000e-02 6.000000000000000e-02
1.036000000000000e-02 2.824000000000000e-02 6.000000000000000e-02
1.350000000000000e-02 3.738000000000000e-02 6.000000000000000e-02
1.220000000000000e-02 3.362000000000000e-02 6.000000000000000e-02
1.110000000000000e-02 3.023000000000000e-02 6.000000000000000e-02
1.151000000000000e-02 3.216000000000000e-02 6.000000000000000e-02
1.273000000000000e-02 3.564000000000000e-02 6.000000000000000e-02
7.310000000000000e-03 5.552000000000000e-02 6.000000000000000e-02
8.529999999999999e-03 6.476999999999999e-02 6.000000000000000e-02
4.640000000000000e-03 2.761000000000000e-02 6.000000000000000e-02
4.760000000000000e-03 2.850000000000000e-02 6.000000000000000e-02
5.890000000000000e-03 2.836000000000000e-02 6.000000000000000e-02
7.630000000000000e-03 3.487000000000000e-02 6.000000000000000e-02
8.370000000000001e-03 3.761000000000000e-02 6.000000000000000e-02
5.510000000000000e-03 4.188000000000000e-02 6.000000000000000e-02
3.770000000000000e-03 2.864000000000000e-02 6.000000000000000e-02
3.650000000000000e-03 2.776000000000000e-02 6.000000000000000e-02
4.640000000000000e-03 3.526000000000000e-02 6.000000000000000e-02
1.307000000000000e-02 5.445000000000000e-02 6.000000000000000e-02
1.164000000000000e-02 5.478000000000000e-02 6.000000000000000e-02
1.021000000000000e-02 5.506000000000000e-02 6.000000000000000e-02
8.760000000000000e-03 5.531000000000000e-02 6.000000000000000e-02
1.484000000000000e-02 6.363000000000001e-02 6.000000000000000e-02
1.275000000000000e-02 6.408000000000000e-02 6.000000000000000e-02
1.064000000000000e-02 6.446000000000000e-02 6.000000000000000e-02
8.120000000000000e-03 6.169000000000000e-02 6.000000000000000e-02
7.720000000000000e-03 5.861000000000000e-02 6.000000000000000e-02
4.700000000000000e-03 2.804000000000000e-02 6.000000000000000e-02
5.300000000000000e-03 2.843000000000000e-02 6.000000000000000e-02
6.210000000000000e-03 2.954000000000000e-02 6.000000000000000e-02
6.560000000000000e-03 3.087000000000000e-02 6.000000000000000e-02
6.920000000000000e-03 3.220000000000000e-02 6.000000000000000e-02
7.280000000000000e-03 3.353000000000000e-02 6.000000000000000e-02
8.000000000000000e-03 3.624000000000000e-02 6.000000000000000e-02
8.440000000000000e-03 3.905000000000000e-02 6.000000000000000e-02
7.910000000000000e-03 4.039000000000000e-02 6.000000000000000e-02
6.870000000000000e-03 4.140000000000000e-02 6.000000000000000e-02
5.690000000000000e-03 4.325000000000000e-02 6.000000000000000e-02
5.870000000000000e-03 4.461000000000000e-02 6.000000000000000e-02
6.050000000000000e-03 4.597000000000000e-02 6.000000000000000e-02
6.230000000000000e-03 4.734000000000000e-02 6.000000000000000e-02
6.410000000000000e-03 4.870000000000000e-02 6.000000000000000e-02
6.590000000000000e-03 5.007000000000000e-02 6.000000000000000e-02
6.770000000000000e-03 5.143000000000000e-02 6.000000000000000e-02
6.950000000000000e-03 5.279000000000000e-02 6.000000000000000e-02
7.130000000000000e-03 5.416000000000000e-02 6.000000000000000e-02
6.820000000000000e-03 2.716000000000000e-02 6.000000000000000e-02
6.390000000000000e-03 2.726000000000000e-02 6.000000000000000e-02
5.950000000000000e-03 2.736000000000000e-02 6.000000000000000e-02
5.520000000000000e-03 2.745000000000000e-02 6.000000000000000e-02
5.080000000000000e-03 2.754000000000000e-02 6.000000000000000e-02
4.260000000000000e-03 2.857000000000000e-02 6.000000000000000e-02
3.710000000000000e-03 2.818000000000000e-02 6.000000000000000e-02
3.990000000000000e-03 2.771000000000000e-02 6.000000000000000e-02
4.310000000000000e-03 2.767000000000000e-02 6.000000000000000e-02
5.280000000000000e-03 4.011000000000000e-02 6.000000000000000e-02
4.970000000000000e-03 3.774000000000000e-02 6.000000000000000e-02
4.330000000000000e-03 3.292000000000000e-02 6.000000000000000e-02
4.080000000000000e-03 3.101000000000000e-02 6.000000000000000e-02
3.900000000000000e-03 2.963000000000000e-02 6.000000000000000e-02
1.035000000000000e-02 5.091000000000000e-02 6.000000000000000e-02
9.460000000000000e-03 4.771000000000000e-02 6.000000000000000e-02
8.770000000000000e-03 4.436000000000000e-02 6.000000000000000e-02
6.730000000000000e-03 2.811000000000000e-02 6.000000000000000e-02
9.010000000000001e-03 4.986000000000000e-02 6.000000000000000e-02
9.160000000000000e-03 5.328000000000000e-02 6.000000000000000e-02
9.180000000000001e-03 4.248000000000000e-02 6.000000000000000e-02
1.167000000000000e-02 5.280000000000000e-02 6.000000000000000e-02
8.160000000000001e-03 4.579000000000000e-02 6.000000000000000e-02
1.003000000000000e-02 4.556000000000000e-02 6.000000000000000e-02
7.500000000000000e-03 4.316000000000000e-02 6.000000000000000e-02
8.970000000000001e-03 5.126000000000000e-02 6.000000000000000e-02
7.680000000000000e-03 4.739000000000000e-02 6.000000000000000e-02
1.179000000000000e-02 5.085000000000000e-02 6.000000000000000e-02
1.105000000000000e-02 4.798000000000000e-02 6.000000000000000e-02
1.076000000000000e-02 5.351000000000000e-02 6.000000000000000e-02
5.440000000000000e-03 2.790000000000000e-02 6.000000000000000e-02
7.390000000000000e-03 4.483000000000000e-02 6.000000000000000e-02
1.025000000000000e-02 4.413000000000000e-02 6.000000000000000e-02
7.040000000000000e-03 2.849000000000000e-02 6.000000000000000e-02
9.429999999999999e-03 4.091000000000000e-02 6.000000000000000e-02
5.840000000000000e-03 2.791000000000000e-02 6.000000000000000e-02
6.230000000000000e-03 2.784000000000000e-02 6.000000000000000e-02
7.550000000000000e-03 4.884000000000000e-02 6.000000000000000e-02
7.050000000000000e-03 2.949000000000000e-02 6.000000000000000e-02
9.970000000000000e-03 4.857000000000000e-02 6.000000000000000e-02
1.125000000000000e-02 4.641000000000000e-02 6.000000000000000e-02
7.770000000000000e-03 5.022000000000000e-02 6.000000000000000e-02
1.018000000000000e-02 4.967000000000000e-02 6.000000000000000e-02
6.970000000000000e-03 2.760000000000000e-02 6.000000000000000e-02
8.200000000000001e-03 5.391000000000000e-02 6.000000000000000e-02
7.960000000000000e-03 4.196000000000000e-02 6.000000000000000e-02
9.630000000000000e-03 3.965000000000000e-02 6.000000000000000e-02
1.051000000000000e-02 4.261000000000000e-02 6.000000000000000e-02
1.152000000000000e-02 4.919000000000000e-02 6.000000000000000e-02
1.296000000000000e-02 5.319000000000000e-02 6.000000000000000e-02
7.230000000000000e-03 4.606000000000000e-02 6.000000000000000e-02
6.700000000000000e-03 4.257000000000000e-02 6.000000000000000e-02
9.060000000000000e-03 4.550000000000000e-02 6.000000000000000e-02
8.780000000000000e-03 4.858000000000000e-02 6.000000000000000e-02
1.111000000000000e-02 4.556000000000000e-02 6.000000000000000e-02
5.010000000000000e-03 2.789000000000000e-02 6.000000000000000e-02
6.710000000000000e-03 4.370000000000000e-02 6.000000000000000e-02
8.080000000000000e-03 5.247000000000000e-02 6.000000000000000e-02
8.869999999999999e-03 4.666000000000000e-02 6.000000000000000e-02
6.390000000000000e-03 2.832000000000000e-02 6.000000000000000e-02
1.260000000000000e-02 5.202000000000000e-02 6.000000000000000e-02
7.350000000000000e-03 3.034000000000000e-02 6.000000000000000e-02
9.790000000000000e-03 5.413000000000000e-02 6.000000000000000e-02
9.259999999999999e-03 3.805000000000000e-02 6.000000000000000e-02
8.500000000000001e-03 4.342000000000000e-02 6.000000000000000e-02
5.030000000000000e-03 2.820000000000000e-02 6.000000000000000e-02
1.211000000000000e-02 5.351000000000000e-02 6.000000000000000e-02
1.121000000000000e-02 5.205000000000000e-02 6.000000000000000e-02
1.016000000000000e-02 5.231000000000000e-02 6.000000000000000e-02
7.110000000000000e-03 2.805000000000000e-02 6.000000000000000e-02
1.029000000000000e-02 4.682000000000000e-02 6.000000000000000e-02
6.700000000000000e-03 2.881000000000000e-02 6.000000000000000e-02
6.570000000000000e-03 2.770000000000000e-02 6.000000000000000e-02
8.950000000000000e-03 3.662000000000000e-02 6.000000000000000e-02
8.580000000000001e-03 3.524000000000000e-02 6.000000000000000e-02
8.180000000000000e-03 3.414000000000000e-02 6.000000000000000e-02
1.172000000000000e-02 5.892000000000000e-02 6.000000000000000e-02
4.130000000000000e-03 2.803000000000000e-02 6.000000000000000e-02
3.870000000000000e-03 2.799000000000000e-02 6.000000000000000e-02
4.030000000000000e-03 2.827000000000000e-02 6.000000000000000e-02
4.370000000000000e-03 2.789000000000000e-02 6.000000000000000e-02
4.370000000000000e-03 2.822000000000000e-02 6.000000000000000e-02
5.150000000000000e-03 2.964000000000000e-02 6.000000000000000e-02
7.000000000000000e-03 3.912000000000000e-02 6.000000000000000e-02
6.250000000000000e-03 3.522000000000000e-02 6.000000000000000e-02
5.500000000000000e-03 3.173000000000000e-02 6.000000000000000e-02
6.120000000000000e-03 3.361000000000000e-02 6.000000000000000e-02
6.800000000000000e-03 3.723000000000000e-02 6.000000000000000e-02
0.000000000000000e+00 2.800000000000000e-02 6.000000000000000e-02
0.000000000000000e+00 5.600000000000000e-02 6.000000000000000e-02
0.000000000000000e+00 6.533000000000000e-02 6.000000000000000e-02
2.660000000000000e-03 2.787000000000000e-02 6.000000000000000e-02
2.780000000000000e-03 2.877000000000000e-02 6.000000000000000e-02
1.650000000000000e-03 2.891000000000000e-02 6.000000000000000e-02
1.650000000000000e-03 3.565000000000000e-02 6.000000000000000e-02
1.650000000000000e-03 3.849000000000000e-02 6.000000000000000e-02
1.470000000000000e-03 5.598000000000000e-02 6.000000000000000e-02
2.930000000000000e-03 5.592000000000000e-02 6.000000000000000e-02
4.390000000000000e-03 5.583000000000000e-02 6.000000000000000e-02
5.850000000000000e-03 5.569000000000000e-02 6.000000000000000e-02
2.140000000000000e-03 6.530000000000000e-02 6.000000000000000e-02
4.270000000000000e-03 6.519000000000000e-02 6.000000000000000e-02
6.400000000000000e-03 6.501999999999999e-02 6.000000000000000e-02
0.000000000000000e+00 5.911000000000000e-02 6.000000000000000e-02
0.000000000000000e+00 6.222000000000000e-02 6.000000000000000e-02
2.720000000000000e-03 2.830000000000000e-02 6.000000000000000e-02
2.240000000000000e-03 2.884000000000000e-02 6.000000000000000e-02
1.650000000000000e-03 3.014000000000000e-02 6.000000000000000e-02
1.650000000000000e-03 3.151000000000000e-02 6.000000000000000e-02
1.650000000000000e-03 3.289000000000000e-02 6.000000000000000e-02
1.650000000000000e-03 3.427000000000000e-02 6.000000000000000e-02
1.650000000000000e-03 3.707000000000000e-02 6.000000000000000e-02
1.950000000000000e-03 3.990000000000000e-02 6.000000000000000e-02
2.810000000000000e-03 4.106000000000000e-02 6.000000000000000e-02
4.080000000000000e-03 4.176000000000000e-02 6.000000000000000e-02
0.000000000000000e+00 2.849000000000000e-02 6.000000000000000e-02
0.000000000000000e+00 2.906000000000000e-02 6.000000000000000e-02
0.000000000000000e+00 2.986000000000000e-02 6.000000000000000e-02
0.000000000000000e+00 3.097000000000000e-02 6.000000000000000e-02
0.000000000000000e+00 3.241000000000000e-02 6.000000000000000e-02
0.000000000000000e+00 3.389000000000000e-02 6.000000000000000e-02
0.000000000000000e+00 3.536000000000000e-02 6.000000000000000e-02
0.000000000000000e+00 3.684000000000000e-02 6.000000000000000e-02
0.000000000000000e+00 3.831000000000000e-02 6.000000000000000e-02
0.000000000000000e+00 3.978000000000000e-02 6.000000000000000e-02
0.000000000000000e+00 4.126000000000000e-02 6.000000000000000e-02
0.000000000000000e+00 4.273000000000000e-02 6.000000000000000e-02
0.000000000000000e+00 4.421000000000000e-02 6.000000000000000e-02
0.000000000000000e+00 4.568000000000000e-02 6.000000000000000e-02
0.000000000000000e+00 4.716000000000000e-02 6.000000000000000e-02
0.000000000000000e+00 4.863000000000000e-02 6.000000000000000e-02
0.000000000000000e+00 5.010000000000000e-02 6.000000000000000e-02
0.000000000000000e+00 5.158000000000000e-02 6.000000000000000e-02
0.000000000000000e+00 5.305000000000000e-02 6.000000000000000e-02
0.000000000000000e+00 5.453000000000000e-02 6.000000000000000e-02
4.400000000000000e-04 2.800000000000000e-02 6.000000000000000e-02
8.899999999999999e-04 2.799000000000000e-02 6.000000000000000e-02
1.330000000000000e-03 2.797000000000000e-02 6.000000000000000e-02
1.780000000000000e-03 2.794000000000000e-02 6.000000000000000e-02
2.220000000000000e-03 2.791000000000000e-02 6.000000000000000e-02
3.280000000000000e-03 2.870000000000000e-02 6.000000000000000e-02
3.320000000000000e-03 2.780000000000000e-02 6.000000000000000e-02
2.990000000000000e-03 2.784000000000000e-02 6.000000000000000e-02
3.180000000000000e-03 5.185000000000000e-02 6.000000000000000e-02
3.210000000000000e-03 4.853000000000000e-02 6.000000000000000e-02
3.010000000000000e-03 4.512000000000000e-02 6.000000000000000e-02
7.700000000000000e-04 2.889000000000000e-02 6.000000000000000e-02
4.210000000000000e-03 5.049000000000000e-02 6.000000000000000e-02
4.940000000000000e-03 5.383000000000000e-02 6.000000000000000e-02
2.130000000000000e-03 4.341000000000000e-02 6.000000000000000e-02
2.390000000000000e-03 5.402000000000000e-02 6.000000000000000e-02
3.970000000000000e-03 4.634000000000000e-02 6.000000000000000e-02
2.100000000000000e-03 4.660000000000000e-02 6.000000000000000e-02
3.920000000000000e-03 4.363000000000000e-02 6.000000000000000e-02
4.600000000000000e-03 5.184000000000000e-02 6.000000000000000e-02
4.850000000000000e-03 4.776000000000000e-02 6.000000000000000e-02
1.770000000000000e-03 5.217000000000000e-02 6.000000000000000e-02
1.750000000000000e-03 4.920000000000000e-02 6.000000000000000e-02
3.450000000000000e-03 5.447000000000000e-02 6.000000000000000e-02
1.970000000000000e-03 2.836000000000000e-02 6.000000000000000e-02
4.470000000000000e-03 4.521000000000000e-02 6.000000000000000e-02
1.520000000000000e-03 4.528000000000000e-02 6.000000000000000e-02
5.700000000000000e-04 2.935000000000000e-02 6.000000000000000e-02
1.480000000000000e-03 4.195000000000000e-02 6.000000000000000e-02
1.580000000000000e-03 2.847000000000000e-02 6.000000000000000e-02
1.190000000000000e-03 2.850000000000000e-02 6.000000000000000e-02
5.350000000000000e-03 4.913000000000000e-02 6.000000000000000e-02
8.200000000000000e-04 3.031000000000000e-02 6.000000000000000e-02
2.940000000000000e-03 4.949000000000000e-02 6.000000000000000e-02
1.150000000000000e-03 4.774000000000000e-02 6.000000000000000e-02
5.490000000000000e-03 5.052000000000000e-02 6.000000000000000e-02
3.020000000000000e-03 5.062000000000000e-02 6.000000000000000e-02
4.100000000000000e-04 2.847000000000000e-02 6.000000000000000e-02
6.030000000000000e-03 5.419000000000000e-02 6.000000000000000e-02
3.170000000000000e-03 4.259000000000000e-02 6.000000000000000e-02
9.600000000000000e-04 4.079000000000000e-02 6.000000000000000e-02
8.800000000000000e-04 4.388000000000000e-02 6.000000000000000e-02
1.600000000000000e-03 5.049000000000000e-02 6.000000000000000e-02
1.250000000000000e-03 5.474000000000000e-02 6.000000000000000e-02
4.930000000000000e-03 4.636000000000000e-02 6.000000000000000e-02
4.540000000000000e-03 4.285000000000000e-02 6.000000000000000e-02
3.020000000000000e-03 4.629000000000000e-02 6.000000000000000e-02
4.090000000000000e-03 4.919000000000000e-02 6.000000000000000e-02
1.060000000000000e-03 4.688000000000000e-02 6.000000000000000e-02
2.380000000000000e-03 2.823000000000000e-02 6.000000000000000e-02
4.820000000000000e-03 4.395000000000000e-02 6.000000000000000e-02
5.770000000000000e-03 5.278000000000000e-02 6.000000000000000e-02
3.510000000000000e-03 4.737000000000000e-02 6.000000000000000e-02
1.150000000000000e-03 2.901000000000000e-02 6.000000000000000e-02
1.300000000000000e-03 5.351000000000000e-02 6.000000000000000e-02
7.500000000000000e-04 3.121000000000000e-02 6.000000000000000e-02
4.550000000000000e-03 5.482000000000000e-02 6.000000000000000e-02
9.000000000000000e-04 3.915000000000000e-02 6.000000000000000e-02
3.030000000000000e-03 4.414000000000000e-02 6.000000000000000e-02
2.440000000000000e-03 2.854000000000000e-02 6.000000000000000e-02
2.150000000000000e-03 5.482000000000000e-02 6.000000000000000e-02
2.640000000000000e-03 5.318000000000000e-02 6.000000000000000e-02
3.730000000000000e-03 5.316000000000000e-02 6.000000000000000e-02
3.900000000000000e-04 2.893000000000000e-02 6.000000000000000e-02
2.180000000000000e-03 4.789000000000000e-02 6.000000000000000e-02
9.800000000000000e-04 2.957000000000000e-02 6.000000000000000e-02
8.200000000000000e-04 2.846000000000000e-02 6.000000000000000e-02
8.300000000000000e-04 3.768000000000000e-02 6.000000000000000e-02
8.400000000000000e-04 3.626000000000000e-02 6.000000000000000e-02
9.300000000000001e-04 3.509000000000000e-02 6.000000000000000e-02
3.930000000000000e-03 5.995000000000000e-02 6.000000000000000e-02
3.260000000000000e-03 2.814000000000000e-02 6.000000000000000e-02
3.500000000000000e-03 2.804000000000000e-02 6.000000000000000e-02
3.430000000000000e-03 2.835000000000000e-02 6.000000000000000e-02
3.000000000000000e-03 2.807000000000000e-02 6.000000000000000e-02
3.080000000000000e-03 2.839000000000000e-02 6.000000000000000e-02
2.700000000000000e-03 2.996000000000000e-02 6.000000000000000e-02
3.360000000000000e-03 3.960000000000000e-02 6.000000000000000e-02
3.080000000000000e-03 3.563000000000000e-02 6.000000000000000e-02
2.900000000000000e-03 3.207000000000000e-02 6.000000000000000e-02
2.790000000000000e-03 3.405000000000000e-02 6.000000000000000e-02
3.070000000000000e-03 3.772000000000000e-02 6.000000000000000e-02
2.775000000000000e-02 0.000000000000000e+00 6.000000000000000e-02
0.000000000000000e+00 2.775000000000000e-02 6.000000000000000e-02
2.783000000000000e-02 0.000000000000000e+00 6.000000000000000e-02
0.000000000000000e+00 2.783000000000000e-02 6.000000000000000e-02
2.792000000000000e-02 0.000000000000000e+00 6.000000000000000e-02
0.000000000000000e+00 2.792000000000000e-02 6.000000000000000e-02
4.800000000000000e-04 2.775000000000000e-02 6.000000000000000e-02
9.700000000000001e-04 2.773000000000000e-02 6.000000000000000e-02
1.450000000000000e-03 2.771000000000000e-02 6.000000000000000e-02
1.940000000000000e-03 2.768000000000000e-02 6.000000000000000e-02
2.420000000000000e-03 2.764000000000000e-02 6.000000000000000e-02
2.900000000000000e-03 2.760000000000000e-02 6.000000000000000e-02
3.380000000000000e-03 2.754000000000000e-02 6.000000000000000e-02
3.860000000000000e-03 2.748000000000000e-02 6.000000000000000e-02
4.340000000000000e-03 2.741000000000000e-02 6.000000000000000e-02
4.820000000000000e-03 2.733000000000000e-02 6.000000000000000e-02
5.290000000000000e-03 2.724000000000000e-02 6.000000000000000e-02
5.770000000000000e-03 2.714000000000000e-02 6.000000000000000e-02
6.240000000000000e-03 2.704000000000000e-02 6.000000000000000e-02
6.710000000000000e-03 2.693000000000000e-02 6.000000000000000e-02
7.180000000000000e-03 2.680000000000000e-02 6.000000000000000e-02
7.650000000000000e-03 2.668000000000000e-02 6.000000000000000e-02
8.109999999999999e-03 2.654000000000000e-02 6.000000000000000e-02
8.580000000000001e-03 2.639000000000000e-02 6.000000000000000e-02
9.030000000000000e-03 2.624000000000000e-02 6.000000000000000e-02
9.490000000000000e-03 2.608000000000000e-02 6.000000000000000e-02
9.939999999999999e-03 2.591000000000000e-02 6.000000000000000e-02
1.040000000000000e-02 2.573000000000000e-02 6.000000000000000e-02
1.084000000000000e-02 2.554000000000000e-02 6.000000000000000e-02
1.129000000000000e-02 2.535000000000000e-02 6.000000000000000e-02
1.173000000000000e-02 2.515000000000000e-02 6.000000000000000e-02
1.216000000000000e-02 2.494000000000000e-02 6.000000000000000e-02
1.260000000000000e-02 2.473000000000000e-02 6.000000000000000e-02
1.303000000000000e-02 2.450000000000000e-02 6.000000000000000e-02
1.345000000000000e-02 2.427000000000000e-02 6.000000000000000e-02
1.388000000000000e-02 2.403000000000000e-02 6.000000000000000e-02
1.429000000000000e-02 2.379000000000000e-02 6.000000000000000e-02
1.471000000000000e-02 2.353000000000000e-02 6.000000000000000e-02
1.511000000000000e-02 2.327000000000000e-02 6.000000000000000e-02
1.552000000000000e-02 2.301000000000000e-02 6.000000000000000e-02
1.592000000000000e-02 2.273000000000000e-02 6.000000000000000e-02
1.631000000000000e-02 2.245000000000000e-02 6.000000000000000e-02
1.670000000000000e-02 2.216000000000000e-02 6.000000000000000e-02
1.708000000000000e-02 2.187000000000000e-02 6.000000000000000e-02
1.746000000000000e-02 2.157000000000000e-02 6.000000000000000e-02
1.784000000000000e-02 2.126000000000000e-02 6.000000000000000e-02
1.821000000000000e-02 2.094000000000000e-02 6.000000000000000e-02
1.857000000000000e-02 2.062000000000000e-02 6.000000000000000e-02
1.893000000000000e-02 2.030000000000000e-02 6.000000000000000e-02
1.928000000000000e-02 1.996000000000000e-02 6.000000000000000e-02
1.962000000000000e-02 1.962000000000000e-02 6.000000000000000e-02
1.996000000000000e-02 1.928000000000000e-02 6.000000000000000e-02
2.030000000000000e-02 1.893000000000000e-02 6.000000000000000e-02
2.062000000000000e-02 1.857000000000000e-02 6.000000000000000e-02
2.094000000000000e-02 1.821000000000000e-02 6.000000000000000e-02
2.126000000000000e-02 1.784000000000000e-02 6.000000000000000e-02
2.157000000000000e-02 1.746000000000000e-02 6.000000000000000e-02
2.187000000000000e-02 1.708000000000000e-02 6.000000000000000e-02
2.216000000000000e-02 1.670000000000000e-02 6.000000000000000e-02
2.245000000000000e-02 1.631000000000000e-02 6.000000000000000e-02
2.273000000000000e-02 1.592000000000000e-02 6.000000000000000e-02
2.301000000000000e-02 1.552000000000000e-02 6.000000000000000e-02
2.327000000000000e-02 1.511000000000000e-02 6.000000000000000e-02
2.353000000000000e-02 1.471000000000000e-02 6.000000000000000e-02
2.379000000000000e-02 1.429000000000000e-02 6.000000000000000e-02
2.403000000000000e-02 1.388000000000000e-02 6.000000000000000e-02
2.427000000000000e-02 1.345000000000000e-02 6.000000000000000e-02
2.450000000000000e-02 1.303000000000000e-02 6.000000000000000e-02
2.473000000000000e-02 1.260000000000000e-02 6.000000000000000e-02
2.494000000000000e-02 1.216000000000000e-02 6.000000000000000e-02
2.515000000000000e-02 1.173000000000000e-02 6.000000000000000e-02
2.535000000000000e-02 1.129000000000000e-02 6.000000000000000e-02
2.554000000000000e-02 1.084000000000000e-02 6.000000000000000e-02
2.573000000000000e-02 1.040000000000000e-02 6.000000000000000e-02
2.591000000000000e-02 9.939999999999999e-03 6.000000000000000e-02
2.608000000000000e-02 9.490000000000000e-03 6.000000000000000e-02
2.624000000000000e-02 9.030000000000000e-03 6.000000000000000e-02
2.639000000000000e-02 8.580000000000001e-03 6.000000000000000e-02
2.654000000000000e-02 8.109999999999999e-03 6.000000000000000e-02
2.668000000000000e-02 7.650000000000000e-03 6.000000000000000e-02
2.680000000000000e-02 7.180000000000000e-03 6.000000000000000e-02
2.693000000000000e-02 6.710000000000000e-03 6.000000000000000e-02
2.704000000000000e-02 6.240000000000000e-03 6.000000000000000e-02
2.714000000000000e-02 5.770000000000000e-03 6.000000000000000e-02
2.724000000000000e-02 5.290000000000000e-03 6.000000000000000e-02
2.733000000000000e-02 4.820000000000000e-03 6.000000000000000e-02
2.741000000000000e-02 4.340000000000000e-03 6.000000000000000e-02
2.748000000000000e-02 3.860000000000000e-03 6.000000000000000e-02
2.754000000000000e-02 3.380000000000000e-03 6.000000000000000e-02
2.760000000000000e-02 2.900000000000000e-03 6.000000000000000e-02
2.764000000000000e-02 2.420000000000000e-03 6.000000000000000e-02
2.768000000000000e-02 1.940000000000000e-03 6.000000000000000e-02
2.771000000000000e-02 1.450000000000000e-03 6.000000000000000e-02
2.773000000000000e-02 9.700000000000001e-04 6.000000000000000e-02
2.775000000000000e-02 4.800000000000000e-04 6.000000000000000e-02
2.783000000000000e-02 4.900000000000000e-04 6.000000000000000e-02
2.782000000000000e-02 9.700000000000001e-04 6.000000000000000e-02
2.780000000000000e-02 1.460000000000000e-03 6.000000000000000e-02
2.777000000000000e-02 1.940000000000000e-03 6.000000000000000e-02
2.773000000000000e-02 2.430000000000000e-03 6.000000000000000e-02
2.768000000000000e-02 2.910000000000000e-03 6.000000000000000e-02
2.763000000000000e-02 3.390000000000000e-03 6.000000000000000e-02
2.756000000000000e-02 3.870000000000000e-03 6.000000000000000e-02
2.749000000000000e-02 4.350000000000000e-03 6.000000000000000e-02
2.741000000000000e-02 4.830000000000000e-03 6.000000000000000e-02
2.732000000000000e-02 5.310000000000000e-03 6.000000000000000e-02
2.723000000000000e-02 5.790000000000000e-03 6.000000000000000e-02
2.712000000000000e-02 6.260000000000000e-03 6.000000000000000e-02
2.701000000000000e-02 6.730000000000000e-03 6.000000000000000e-02
2.688000000000000e-02 7.200000000000000e-03 6.000000000000000e-02
2.676000000000000e-02 7.670000000000000e-03 6.000000000000000e-02
2.662000000000000e-02 8.140000000000000e-03 6.000000000000000e-02
2.647000000000000e-02 8.600000000000000e-03 6.000000000000000e-02
2.632000000000000e-02 9.060000000000000e-03 6.000000000000000e-02
2.615000000000000e-02 9.520000000000001e-03 6.000000000000000e-02
2.598000000000000e-02 9.970000000000000e-03 6.000000000000000e-02
2.581000000000000e-02 1.043000000000000e-02 6.000000000000000e-02
2.562000000000000e-02 1.088000000000000e-02 6.000000000000000e-02
2.543000000000000e-02 1.132000000000000e-02 6.000000000000000e-02
2.523000000000000e-02 1.176000000000000e-02 6.000000000000000e-02
2.502000000000000e-02 1.220000000000000e-02 6.000000000000000e-02
2.480000000000000e-02 1.264000000000000e-02 6.000000000000000e-02
2.458000000000000e-02 1.307000000000000e-02 6.000000000000000e-02
2.434000000000000e-02 1.349000000000000e-02 6.000000000000000e-02
2.410000000000000e-02 1.392000000000000e-02 6.000000000000000e-02
2.386000000000000e-02 1.434000000000000e-02 6.000000000000000e-02
2.360000000000000e-02 1.475000000000000e-02 6.000000000000000e-02
2.334000000000000e-02 1.516000000000000e-02 6.000000000000000e-02
2.307000000000000e-02 1.556000000000000e-02 6.000000000000000e-02
2.280000000000000e-02 1.596000000000000e-02 6.000000000000000e-02
2.252000000000000e-02 1.636000000000000e-02 6.000000000000000e-02
2.223000000000000e-02 1.675000000000000e-02 6.000000000000000e-02
2.193000000000000e-02 1.714000000000000e-02 6.000000000000000e-02
2.163000000000000e-02 1.752000000000000e-02 6.000000000000000e-02
2.132000000000000e-02 1.789000000000000e-02 6.000000000000000e-02
2.101000000000000e-02 1.826000000000000e-02 6.000000000000000e-02
2.068000000000000e-02 1.862000000000000e-02 6.000000000000000e-02
2.036000000000000e-02 1.898000000000000e-02 6.000000000000000e-02
2.002000000000000e-02 1.933000000000000e-02 6.000000000000000e-02
1.968000000000000e-02 1.968000000000000e-02 6.000000000000000e-02
1.933000000000000e-02 2.002000000000000e-02 6.000000000000000e-02
1.898000000000000e-02 2.036000000000000e-02 6.000000000000000e-02
1.862000000000000e-02 2.068000000000000e-02 6.000000000000000e-02
1.826000000000000e-02 2.101000000000000e-02 6.000000000000000e-02
1.789000000000000e-02 2.132000000000000e-02 6.000000000000000e-02
1.752000000000000e-02 2.163000000000000e-02 6.000000000000000e-02
1.714000000000000e-02 2.193000000000000e-02 6.000000000000000e-02
1.675000000000000e-02 2.223000000000000e-02 6.000000000000000e-02
1.636000000000000e-02 2.252000000000000e-02 6.000000000000000e-02
1.596000000000000e-02 2.280000000000000e-02 6.000000000000000e-02
1.556000000000000e-02 2.307000000000000e-02 6.000000000000000e-02
1.516000000000000e-02 2.334000000000000e-02 6.000000000000000e-02
1.475000000000000e-02 2.360000000000000e-02 6.000000000000000e-02
1.434000000000000e-02 2.386000000000000e-02 6.000000000000000e-02
1.392000000000000e-02 2.410000000000000e-02 6.000000000000000e-02
1.349000000000000e-02 2.434000000000000e-02 6.000000000000000e-02
1.307000000000000e-02 2.458000000000000e-02 6.000000000000000e-02
1.264000000000000e-02 2.480000000000000e-02 6.000000000000000e-02
1.220000000000000e-02 2.502000000000000e-02 6.000000000000000e-02
1.176000000000000e-02 2.523000000000000e-02 6.000000000000000e-02
1.132000000000000e-02 2.543000000000000e-02 6.000000000000000e-02
1.088000000000000e-02 2.562000000000000e-02 6.000000000000000e-02
1.043000000000000e-02 2.581000000000000e-02 6.000000000000000e-02
9.970000000000000e-03 2.598000000000000e-02 6.000000000000000e-02
9.520000000000001e-03 2.615000000000000e-02 6.000000000000000e-02
9.060000000000000e-03 2.632000000000000e-02 6.000000000000000e-02
8.600000000000000e-03 2.647000000000000e-02 6.000000000000000e-02
8.140000000000000e-03 2.662000000000000e-02 6.000000000000000e-02
7.670000000000000e-03 2.676000000000000e-02 6.000000000000000e-02
7.200000000000000e-03 2.688000000000000e-02 6.000000000000000e-02
6.730000000000000e-03 2.701000000000000e-02 6.000000000000000e-02
6.260000000000000e-03 2.712000000000000e-02 6.000000000000000e-02
5.790000000000000e-03 2.723000000000000e-02 6.000000000000000e-02
5.310000000000000e-03 2.732000000000000e-02 6.000000000000000e-02
4.830000000000000e-03 2.741000000000000e-02 6.000000000000000e-02
4.350000000000000e-03 2.749000000000000e-02 6.000000000000000e-02
3.870000000000000e-03 2.756000000000000e-02 6.000000000000000e-02
3.390000000000000e-03 2.763000000000000e-02 6.000000000000000e-02
2.910000000000000e-03 2.768000000000000e-02 6.000000000000000e-02
2.430000000000000e-03 2.773000000000000e-02 6.000000000000000e-02
1.940000000000000e-03 2.777000000000000e-02 6.000000000000000e-02
1.460000000000000e-03 2.780000000000000e-02 6.000000000000000e-02
9.700000000000001e-04 2.782000000000000e-02 6.000000000000000e-02
4.900000000000000e-04 2.783000000000000e-02 6.000000000000000e-02
2.791000000000000e-02 4.900000000000000e-04 6.000000000000000e-02
2.790000000000000e-02 9.700000000000001e-04 6.000000000000000e-02
2.788000000000000e-02 1.460000000000000e-03 6.000000000000000e-02
2.785000000000000e-02 1.950000000000000e-03 6.000000000000000e-02
2.781000000000000e-02 2.430000000000000e-03 6.000000000000000e-02
2.776000000000000e-02 2.920000000000000e-03 6.000000000000000e-02
2.771000000000000e-02 3.400000000000000e-03 6.000000000000000e-02
2.764000000000000e-02 3.890000000000000e-03 6.000000000000000e-02
2.757000000000000e-02 4.370000000000000e-03 6.000000000000000e-02
2.749000000000000e-02 4.850000000000000e-03 6.000000000000000e-02
2.740000000000000e-02 5.330000000000000e-03 6.000000000000000e-02
2.731000000000000e-02 5.800000000000000e-03 6.000000000000000e-02
2.720000000000000e-02 6.280000000000000e-03 6.000000000000000e-02
2.709000000000000e-02 6.750000000000000e-03 6.000000000000000e-02
2.697000000000000e-02 7.230000000000000e-03 6.000000000000000e-02
2.684000000000000e-02 7.690000000000000e-03 6.000000000000000e-02
2.670000000000000e-02 8.160000000000001e-03 6.000000000000000e-02
2.655000000000000e-02 8.630000000000001e-03 6.000000000000000e-02
2.640000000000000e-02 9.090000000000001e-03 6.000000000000000e-02
2.623000000000000e-02 9.549999999999999e-03 6.000000000000000e-02
2.606000000000000e-02 1.000000000000000e-02 6.000000000000000e-02
2.588000000000000e-02 1.046000000000000e-02 6.000000000000000e-02
2.570000000000000e-02 1.091000000000000e-02 6.000000000000000e-02
2.550000000000000e-02 1.135000000000000e-02 6.000000000000000e-02
2.530000000000000e-02 1.180000000000000e-02 6.000000000000000e-02
2.509000000000000e-02 1.224000000000000e-02 6.000000000000000e-02
2.487000000000000e-02 1.267000000000000e-02 6.000000000000000e-02
2.465000000000000e-02 1.311000000000000e-02 6.000000000000000e-02
2.442000000000000e-02 1.353000000000000e-02 6.000000000000000e-02
2.418000000000000e-02 1.396000000000000e-02 6.000000000000000e-02
2.393000000000000e-02 1.438000000000000e-02 6.000000000000000e-02
2.367000000000000e-02 1.479000000000000e-02 6.000000000000000e-02
2.341000000000000e-02 1.520000000000000e-02 6.000000000000000e-02
2.314000000000000e-02 1.561000000000000e-02 6.000000000000000e-02
2.287000000000000e-02 1.601000000000000e-02 6.000000000000000e-02
2.259000000000000e-02 1.641000000000000e-02 6.000000000000000e-02
2.230000000000000e-02 1.680000000000000e-02 6.000000000000000e-02
2.200000000000000e-02 1.719000000000000e-02 6.000000000000000e-02
2.170000000000000e-02 1.757000000000000e-02 6.000000000000000e-02
2.139000000000000e-02 1.794000000000000e-02 6.000000000000000e-02
2.107000000000000e-02 1.831000000000000e-02 6.000000000000000e-02
2.075000000000000e-02 1.868000000000000e-02 6.000000000000000e-02
2.042000000000000e-02 1.904000000000000e-02 6.000000000000000e-02
2.008000000000000e-02 1.939000000000000e-02 6.000000000000000e-02
1.974000000000000e-02 1.974000000000000e-02 6.000000000000000e-02
1.939000000000000e-02 2.008000000000000e-02 6.000000000000000e-02
1.904000000000000e-02 2.042000000000000e-02 6.000000000000000e-02
1.868000000000000e-02 2.075000000000000e-02 6.000000000000000e-02
1.831000000000000e-02 2.107000000000000e-02 6.000000000000000e-02
1.794000000000000e-02 2.139000000000000e-02 6.000000000000000e-02
1.757000000000000e-02 2.170000000000000e-02 6.000000000000000e-02
1.719000000000000e-02 2.200000000000000e-02 6.000000000000000e-02
1.680000000000000e-02 2.230000000000000e-02 6.000000000000000e-02
1.641000000000000e-02 2.259000000000000e-02 6.000000000000000e-02
1.601000000000000e-02 2.287000000000000e-02 6.000000000000000e-02
1.561000000000000e-02 2.314000000000000e-02 6.000000000000000e-02
1.520000000000000e-02 2.341000000000000e-02 6.000000000000000e-02
1.479000000000000e-02 2.367000000000000e-02 6.000000000000000e-02
1.438000000000000e-02 2.393000000000000e-02 6.000000000000000e-02
1.396000000000000e-02 2.418000000000000e-02 6.000000000000000e-02
1.353000000000000e-02 2.442000000000000e-02 6.000000000000000e-02
1.311000000000000e-02 2.465000000000000e-02 6.000000000000000e-02
1.267000000000000e-02 2.487000000000000e-02 6.000000000000000e-02
1.224000000000000e-02 2.509000000000000e-02 6.000000000000000e-02
1.180000000000000e-02 2.530000000000000e-02 6.000000000000000e-02
1.135000000000000e-02 2.550000000000000e-02 6.000000000000000e-02
1.091000000000000e-02 2.570000000000000e-02 6.000000000000000e-02
1.046000000000000e-02 2.588000000000000e-02 6.000000000000000e-02
1.000000000000000e-02 2.606000000000000e-02 6.000000000000000e-02
9.549999999999999e-03 2.623000000000000e-02 6.000000000000000e-02
9.090000000000001e-03 2.640000000000000e-02 6.000000000000000e-02
8.630000000000001e-03 2.655000000000000e-02 6.000000000000000e-02
8.160000000000001e-03 2.670000000000000e-02 6.000000000000000e-02
7.690000000000000e-03 2.684000000000000e-02 6.000000000000000e-02
7.230000000000000e-03 2.697000000000000e-02 6.000000000000000e-02
6.750000000000000e-03 2.709000000000000e-02 6.000000000000000e-02
6.280000000000000e-03 2.720000000000000e-02 6.000000000000000e-02
5.800000000000000e-03 2.731000000000000e-02 6.000000000000000e-02
5.330000000000000e-03 2.740000000000000e-02 6.000000000000000e-02
4.850000000000000e-03 2.749000000000000e-02 6.000000000000000e-02
4.370000000000000e-03 2.757000000000000e-02 6.000000000000000e-02
3.890000000000000e-03 2.764000000000000e-02 6.000000000000000e-02
3.400000000000000e-03 2.771000000000000e-02 6.000000000000000e-02
2.920000000000000e-03 2.776000000000000e-02 6.000000000000000e-02
2.430000000000000e-03 2.781000000000000e-02 6.000000000000000e-02
1.950000000000000e-03 2.785000000000000e-02 6.000000000000000e-02
1.460000000000000e-03 2.788000000000000e-02 6.000000000000000e-02
9.700000000000001e-04 2.790000000000000e-02 6.000000000000000e-02
4.900000000000000e-04 2.791000000000000e-02 6.000000000000000e-02
2.750000000000000e-02 0.000000000000000e+00 0.000000000000000e+00
1.945000000000000e-02 1.945000000000000e-02 0.000000000000000e+00
8.000000000000000e-03 0.000000000000000e+00 0.000000000000000e+00
5.660000000000000e-03 5.660000000000000e-03 0.000000000000000e+00
5.330000000000000e-03 0.000000000000000e+00 0.000000000000000e+00
3.770000000000000e-03 3.770000000000000e-03 0.000000000000000e+00
1.626000000000000e-02 2.120000000000000e-03 0.000000000000000e+00
1.690000000000000e-02 1.480000000000000e-03 0.000000000000000e+00
1.763000000000000e-02 7.500000000000000e-04 0.000000000000000e+00
2.699000000000000e-02 7.400000000000000e-04 0.000000000000000e+00
2.680000000000000e-02 3.240000000000000e-03 0.000000000000000e+00
1.867000000000000e-02 3.250000000000000e-03 0.000000000000000e+00
1.803000000000000e-02 3.890000000000000e-03 0.000000000000000e+00
1.096000000000000e-02 1.096000000000000e-02 0.000000000000000e+00
9.190000000000000e-03 9.190000000000000e-03 0.000000000000000e+00
2.750000000000000e-02 4.900000000000000e-04 0.000000000000000e+00
2.748000000000000e-02 9.800000000000000e-04 0.000000000000000e+00
2.746000000000000e-02 1.470000000000000e-03 0.000000000000000e+00
2.743000000000000e-02 1.960000000000000e-03 0.000000000000000e+00
2.739000000000000e-02 2.450000000000000e-03 0.000000000000000e+00
2.734000000000000e-02 2.940000000000000e-03 0.000000000000000e+00
2.729000000000000e-02 3.430000000000000e-03 0.000000000000000e+00
2.722000000000000e-02 3.910000000000000e-03 0.000000000000000e+00
2.715000000000000e-02 4.400000000000000e-03 0.000000000000000e+00
2.706000000000000e-02 4.880000000000000e-03 0.000000000000000e+00
2.697000000000000e-02 5.360000000000000e-03 0.000000000000000e+00
2.687000000000000e-02 5.850000000000000e-03 0.000000000000000e+00
2.676000000000000e-02 6.320000000000000e-03 0.000000000000000e+00
2.665000000000000e-02 6.800000000000000e-03 0.000000000000000e+00
2.652000000000000e-02 7.280000000000000e-03 0.000000000000000e+00
2.639000000000000e-02 7.750000000000000e-03 0.000000000000000e+00
2.624000000000000e-02 8.220000000000000e-03 0.000000000000000e+00
2.609000000000000e-02 8.680000000000000e-03 0.000000000000000e+00
2.593000000000000e-02 9.150000000000000e-03 0.000000000000000e+00
2.577000000000000e-02 9.610000000000000e-03 0.000000000000000e+00
2.559000000000000e-02 1.007000000000000e-02 0.000000000000000e+00
2.541000000000000e-02 1.052000000000000e-02 0.000000000000000e+00
2.521000000000000e-02 1.098000000000000e-02 0.000000000000000e+00
2.501000000000000e-02 1.142000000000000e-02 0.000000000000000e+00
2.481000000000000e-02 1.187000000000000e-02 0.000000000000000e+00
2.459000000000000e-02 1.231000000000000e-02 0.000000000000000e+00
2.437000000000000e-02 1.275000000000000e-02 0.000000000000000e+00
2.414000000000000e-02 1.318000000000000e-02 0.000000000000000e+00
2.390000000000000e-02 1.361000000000000e-02 0.000000000000000e+00
2.365000000000000e-02 1.403000000000000e-02 0.000000000000000e+00
2.340000000000000e-02 1.445000000000000e-02 0.000000000000000e+00
2.313000000000000e-02 1.487000000000000e-02 0.000000000000000e+00
2.287000000000000e-02 1.528000000000000e-02 0.000000000000000e+00
2.259000000000000e-02 1.568000000000000e-02 0.000000000000000e+00
2.231000000000000e-02 1.608000000000000e-02 0.000000000000000e+00
2.201000000000000e-02 1.648000000000000e-02 0.000000000000000e+00
2.172000000000000e-02 1.687000000000000e-02 0.000000000000000e+00
2.141000000000000e-02 1.726000000000000e-02 0.000000000000000e+00
2.110000000000000e-02 1.763000000000000e-02 0.000000000000000e+00
2.078000000000000e-02 1.801000000000000e-02 0.000000000000000e+00
2.046000000000000e-02 1.838000000000000e-02 0.000000000000000e+00
2.013000000000000e-02 1.874000000000000e-02 0.000000000000000e+00
1.979000000000000e-02 1.910000000000000e-02 0.000000000000000e+00
7.990000000000001e-03 4.500000000000000e-04 0.000000000000000e+00
7.950000000000000e-03 9.000000000000000e-04 0.000000000000000e+00
7.889999999999999e-03 1.340000000000000e-03 0.000000000000000e+00
7.800000000000000e-03 1.780000000000000e-03 0.000000000000000e+00
7.690000000000000e-03 2.210000000000000e-03 0.000000000000000e+00
7.550000000000000e-03 2.640000000000000e-03 0.000000000000000e+00
7.390000000000000e-03 3.060000000000000e-03 0.000000000000000e+00
7.210000000000000e-03 3.470000000000000e-03 0.000000000000000e+00
7.000000000000000e-03 3.870000000000000e-03 0.000000000000000e+00
6.770000000000000e-03 4.260000000000000e-03 0.000000000000000e+00
6.520000000000000e-03 4.630000000000000e-03 0.000000000000000e+00
6.250000000000000e-03 4.990000000000000e-03 0.000000000000000e+00
5.970000000000000e-03 5.330000000000000e-03 0.000000000000000e+00
5.230000000000000e-03 1.040000000000000e-03 0.000000000000000e+00
4.930000000000000e-03 2.040000000000000e-03 0.000000000000000e+00
4.430000000000000e-03 2.960000000000000e-03 0.000000000000000e+00
6.000000000000000e-03 0.000000000000000e+00 0.000000000000000e+00
6.670000000000000e-03 0.000000000000000e+00 0.000000000000000e+00
7.330000000000000e-03 0.000000000000000e+00 0.000000000000000e+00
5.190000000000000e-03 5.190000000000000e-03 0.000000000000000e+00
4.710000000000000e-03 4.710000000000000e-03 0.000000000000000e+00
4.240000000000000e-03 4.240000000000000e-03 0.000000000000000e+00
1.767000000000000e-02 3.540000000000000e-03 0.000000000000000e+00
1.732000000000000e-02 3.190000000000000e-03 0.000000000000000e+00
1.697000000000000e-02 2.830000000000000e-03 0.000000000000000e+00
1.661000000000000e-02 2.480000000000000e-03 0.000000000000000e+00
1.591000000000000e-02 2.480000000000000e-03 0.000000000000000e+00
1.555000000000000e-02 2.830000000000000e-03 0.000000000000000e+00
1.520000000000000e-02 3.180000000000000e-03 0.000000000000000e+00
1.485000000000000e-02 3.540000000000000e-03 0.000000000000000e+00
1.449000000000000e-02 3.890000000000000e-03 0.000000000000000e+00
1.414000000000000e-02 4.250000000000000e-03 0.000000000000000e+00
1.379000000000000e-02 4.600000000000000e-03 0.000000000000000e+00
1.343000000000000e-02 4.950000000000000e-03 0.000000000000000e+00
1.308000000000000e-02 5.310000000000000e-03 0.000000000000000e+00
1.273000000000000e-02 5.660000000000000e-03 0.000000000000000e+00
1.237000000000000e-02 6.010000000000000e-03 0.000000000000000e+00
1.202000000000000e-02 6.370000000000000e-03 0.000000000000000e+00
1.167000000000000e-02 6.720000000000000e-03 0.000000000000000e+00
1.131000000000000e-02 7.070000000000000e-03 0.000000000000000e+00
1.096000000000000e-02 7.430000000000000e-03 0.000000000000000e+00
1.061000000000000e-02 7.780000000000000e-03 0.000000000000000e+00
1.025000000000000e-02 8.130000000000000e-03 0.000000000000000e+00
9.900000000000001e-03 8.489999999999999e-03 0.000000000000000e+00
9.549999999999999e-03 8.840000000000001e-03 0.000000000000000e+00
1.131000000000000e-02 1.061000000000000e-02 0.000000000000000e+00
1.167000000000000e-02 1.025000000000000e-02 0.000000000000000e+00
1.202000000000000e-02 9.900000000000001e-03 0.000000000000000e+00
1.237000000000000e-02 9.549999999999999e-03 0.000000000000000e+00
1.273000000000000e-02 9.190000000000000e-03 0.000000000000000e+00
1.308000000000000e-02 8.840000000000001e-03 0.000000000000000e+00
1.343000000000000e-02 8.489999999999999e-03 0.000000000000000e+00
1.379000000000000e-02 8.130000000000000e-03 0.000000000000000e+00
1.414000000000000e-02 7.780000000000000e-03 0.000000000000000e+00
1.449000000000000e-02 7.430000000000000e-03 0.000000000000000e+00
1.485000000000000e-02 7.070000000000000e-03 0.000000000000000e+00
1.520000000000000e-02 6.720000000000000e-03 0.000000000000000e+00
1.555000000000000e-02 6.370000000000000e-03 0.000000000000000e+00
1.591000000000000e-02 6.010000000000000e-03 0.000000000000000e+00
1.626000000000000e-02 5.660000000000000e-03 0.000000000000000e+00
1.661000000000000e-02 5.310000000000000e-03 0.000000000000000e+00
1.697000000000000e-02 4.950000000000000e-03 0.000000000000000e+00
1.732000000000000e-02 4.600000000000000e-03 0.000000000000000e+00
1.767000000000000e-02 4.250000000000000e-03 0.000000000000000e+00
1.061000000000000e-02 1.061000000000000e-02 0.000000000000000e+00
1.025000000000000e-02 1.025000000000000e-02 0.000000000000000e+00
9.900000000000001e-03 9.900000000000001e-03 0.000000000000000e+00
9.549999999999999e-03 9.549999999999999e-03 0.000000000000000e+00
1.658000000000000e-02 1.800000000000000e-03 0.000000000000000e+00
1.715000000000000e-02 1.240000000000000e-03 0.000000000000000e+00
1.739000000000000e-02 9.900000000000000e-04 0.000000000000000e+00
1.813000000000000e-02 7.500000000000000e-04 0.000000000000000e+00
1.862000000000000e-02 7.500000000000000e-04 0.000000000000000e+00
1.911000000000000e-02 7.500000000000000e-04 0.000000000000000e+00
1.960000000000000e-02 7.500000000000000e-04 0.000000000000000e+00
2.010000000000000e-02 7.500000000000000e-04 0.000000000000000e+00
2.059000000000000e-02 7.500000000000000e-04 0.000000000000000e+00
2.108000000000000e-02 7.500000000000000e-04 0.000000000000000e+00
2.157000000000000e-02 7.500000000000000e-04 0.000000000000000e+00
2.207000000000000e-02 7.500000000000000e-04 0.000000000000000e+00
2.256000000000000e-02 7.500000000000000e-04 0.000000000000000e+00
2.305000000000000e-02 7.500000000000000e-04 0.000000000000000e+00
2.354000000000000e-02 7.500000000000000e-04 0.000000000000000e+00
2.404000000000000e-02 7.500000000000000e-04 0.000000000000000e+00
2.453000000000000e-02 7.500000000000000e-04 0.000000000000000e+00
2.502000000000000e-02 7.400000000000000e-04 0.000000000000000e+00
2.551000000000000e-02 7.400000000000000e-04 0.000000000000000e+00
2.601000000000000e-02 7.400000000000000e-04 0.000000000000000e+00
2.650000000000000e-02 7.400000000000000e-04 0.000000000000000e+00
2.696000000000000e-02 1.160000000000000e-03 0.000000000000000e+00
2.693000000000000e-02 1.580000000000000e-03 0.000000000000000e+00
2.690000000000000e-02 1.990000000000000e-03 0.000000000000000e+00
2.687000000000000e-02 2.410000000000000e-03 0.000000000000000e+00
2.684000000000000e-02 2.830000000000000e-03 0.000000000000000e+00
2.633000000000000e-02 3.240000000000000e-03 0.000000000000000e+00
2.585000000000000e-02 3.240000000000000e-03 0.000000000000000e+00
2.537000000000000e-02 3.240000000000000e-03 0.000000000000000e+00
2.489000000000000e-02 3.240000000000000e-03 0.000000000000000e+00
2.441000000000000e-02 3.250000000000000e-03 0.000000000000000e+00
2.393000000000000e-02 3.250000000000000e-03 0.000000000000000e+00
2.346000000000000e-02 3.250000000000000e-03 0.000000000000000e+00
2.298000000000000e-02 3.250000000000000e-03 0.000000000000000e+00
2.250000000000000e-02 3.250000000000000e-03 0.000000000000000e+00
2.202000000000000e-02 3.250000000000000e-03 0.000000000000000e+00
2.154000000000000e-02 3.250000000000000e-03 0.000000000000000e+00
2.106000000000000e-02 3.250000000000000e-03 0.000000000000000e+00
2.058000000000000e-02 3.250000000000000e-03 0.000000000000000e+00
2.011000000000000e-02 3.250000000000000e-03 0.000000000000000e+00
1.963000000000000e-02 3.250000000000000e-03 0.000000000000000e+00
1.915000000000000e-02 3.250000000000000e-03 0.000000000000000e+00
1.835000000000000e-02 3.570000000000000e-03 0.000000000000000e+00
2.702000000000000e-02 0.000000000000000e+00 0.000000000000000e+00
2.647000000000000e-02 0.000000000000000e+00 0.000000000000000e+00
2.571000000000000e-02 0.000000000000000e+00 0.000000000000000e+00
2.476000000000000e-02 0.000000000000000e+00 0.000000000000000e+00
2.380000000000000e-02 0.000000000000000e+00 0.000000000000000e+00
2.284000000000000e-02 0.000000000000000e+00 0.000000000000000e+00
2.187000000000000e-02 0.000000000000000e+00 0.000000000000000e+00
2.091000000000000e-02 0.000000000000000e+00 0.000000000000000e+00
1.995000000000000e-02 0.000000000000000e+00 0.000000000000000e+00
1.899000000000000e-02 0.000000000000000e+00 0.000000000000000e+00
1.802000000000000e-02 0.000000000000000e+00 0.000000000000000e+00
1.706000000000000e-02 0.000000000000000e+00 0.000000000000000e+00
1.610000000000000e-02 0.000000000000000e+00 0.000000000000000e+00
1.514000000000000e-02 0.000000000000000e+00 0.000000000000000e+00
1.417000000000000e-02 0.000000000000000e+00 0.000000000000000e+00
1.321000000000000e-02 0.000000000000000e+00 0.000000000000000e+00
1.225000000000000e-02 0.000000000000000e+00 0.000000000000000e+00
1.129000000000000e-02 0.000000000000000e+00 0.000000000000000e+00
1.032000000000000e-02 0.000000000000000e+00 0.000000000000000e+00
9.360000000000000e-03 0.000000000000000e+00 0.000000000000000e+00
8.569999999999999e-03 0.000000000000000e+00 0.000000000000000e+00
8.829999999999999e-03 8.829999999999999e-03 0.000000000000000e+00
8.340000000000000e-03 8.340000000000000e-03 0.000000000000000e+00
7.730000000000000e-03 7.730000000000000e-03 0.000000000000000e+00
7.120000000000000e-03 7.120000000000000e-03 0.000000000000000e+00
6.510000000000000e-03 6.510000000000000e-03 0.000000000000000e+00
6.020000000000000e-03 6.020000000000000e-03 0.000000000000000e+00
1.910000000000000e-02 1.910000000000000e-02 0.000000000000000e+00
1.870000000000000e-02 1.870000000000000e-02 0.000000000000000e+00
1.815000000000000e-02 1.815000000000000e-02 0.000000000000000e+00
1.747000000000000e-02 1.747000000000000e-02 0.000000000000000e+00
1.678000000000000e-02 1.678000000000000e-02 0.000000000000000e+00
1.609000000000000e-02 1.609000000000000e-02 0.000000000000000e+00
1.540000000000000e-02 1.540000000000000e-02 0.000000000000000e+00
1.471000000000000e-02 1.471000000000000e-02 0.000000000000000e+00
1.401000000000000e-02 1.401000000000000e-02 0.000000000000000e+00
1.332000000000000e-02 1.332000000000000e-02 0.000000000000000e+00
1.263000000000000e-02 1.263000000000000e-02 0.000000000000000e+00
1.194000000000000e-02 1.194000000000000e-02 0.000000000000000e+00
1.137000000000000e-02 1.137000000000000e-02 0.000000000000000e+00
1.918000000000000e-02 1.068000000000000e-02 0.000000000000000e+00
2.225000000000000e-02 7.280000000000000e-03 0.000000000000000e+00
1.074000000000000e-02 3.390000000000000e-03 0.000000000000000e+00
1.959000000000000e-02 1.415000000000000e-02 0.000000000000000e+00
1.530000000000000e-02 1.081000000000000e-02 0.000000000000000e+00
1.927000000000000e-02 7.240000000000000e-03 0.000000000000000e+00
2.459000000000000e-02 5.480000000000000e-03 0.000000000000000e+00
2.200000000000000e-02 1.018000000000000e-02 0.000000000000000e+00
8.999999999999999e-03 5.240000000000000e-03 0.000000000000000e+00
1.668000000000000e-02 8.780000000000000e-03 0.000000000000000e+00
2.148000000000000e-02 1.301000000000000e-02 0.000000000000000e+00
1.930000000000000e-02 5.120000000000000e-03 0.000000000000000e+00
1.905000000000000e-02 1.684000000000000e-02 0.000000000000000e+00
1.266000000000000e-02 2.460000000000000e-03 0.000000000000000e+00
2.370000000000000e-02 8.529999999999999e-03 0.000000000000000e+00
2.195000000000000e-02 5.190000000000000e-03 0.000000000000000e+00
1.357000000000000e-02 1.078000000000000e-02 0.000000000000000e+00
9.360000000000000e-03 1.610000000000000e-03 0.000000000000000e+00
2.108000000000000e-02 1.488000000000000e-02 0.000000000000000e+00
1.696000000000000e-02 1.331000000000000e-02 0.000000000000000e+00
1.734000000000000e-02 7.010000000000000e-03 0.000000000000000e+00
1.519000000000000e-02 9.039999999999999e-03 0.000000000000000e+00
9.080000000000000e-03 3.510000000000000e-03 0.000000000000000e+00
1.100000000000000e-02 5.140000000000000e-03 0.000000000000000e+00
2.284000000000000e-02 1.167000000000000e-02 0.000000000000000e+00
2.589000000000000e-02 4.390000000000000e-03 0.000000000000000e+00
1.455000000000000e-02 1.850000000000000e-03 0.000000000000000e+00
7.320000000000000e-03 5.780000000000000e-03 0.000000000000000e+00
2.486000000000000e-02 7.100000000000000e-03 0.000000000000000e+00
2.295000000000000e-02 4.450000000000000e-03 0.000000000000000e+00
9.280000000000000e-03 7.080000000000000e-03 0.000000000000000e+00
1.962000000000000e-02 1.759000000000000e-02 0.000000000000000e+00
2.382000000000000e-02 1.025000000000000e-02 0.000000000000000e+00
1.251000000000000e-02 4.190000000000000e-03 0.000000000000000e+00
1.813000000000000e-02 5.700000000000000e-03 0.000000000000000e+00
2.040000000000000e-02 9.350000000000001e-03 0.000000000000000e+00
1.605000000000000e-02 7.580000000000000e-03 0.000000000000000e+00
1.572000000000000e-02 1.140000000000000e-03 0.000000000000000e+00
2.082000000000000e-02 4.590000000000000e-03 0.000000000000000e+00
2.193000000000000e-02 1.412000000000000e-02 0.000000000000000e+00
1.778000000000000e-02 1.540000000000000e-02 0.000000000000000e+00
1.721000000000000e-02 1.133000000000000e-02 0.000000000000000e+00
2.061000000000000e-02 1.620000000000000e-02 0.000000000000000e+00
1.962000000000000e-02 1.241000000000000e-02 0.000000000000000e+00
8.109999999999999e-03 4.190000000000000e-03 0.000000000000000e+00
2.471000000000000e-02 4.360000000000000e-03 0.000000000000000e+00
1.523000000000000e-02 1.265000000000000e-02 0.000000000000000e+00
2.575000000000000e-02 5.770000000000000e-03 0.000000000000000e+00
1.370000000000000e-02 9.860000000000001e-03 0.000000000000000e+00
2.049000000000000e-02 6.630000000000000e-03 0.000000000000000e+00
1.344000000000000e-02 3.480000000000000e-03 0.000000000000000e+00
1.848000000000000e-02 8.970000000000001e-03 0.000000000000000e+00
1.057000000000000e-02 6.200000000000000e-03 0.000000000000000e+00
1.148000000000000e-02 1.460000000000000e-03 0.000000000000000e+00
9.190000000000000e-03 7.700000000000000e-04 0.000000000000000e+00
2.482000000000000e-02 8.659999999999999e-03 0.000000000000000e+00
2.295000000000000e-02 1.293000000000000e-02 0.000000000000000e+00
2.055000000000000e-02 1.109000000000000e-02 0.000000000000000e+00
2.214000000000000e-02 4.340000000000000e-03 0.000000000000000e+00
2.393000000000000e-02 1.121000000000000e-02 0.000000000000000e+00
1.236000000000000e-02 1.128000000000000e-02 0.000000000000000e+00
9.320000000000000e-03 8.200000000000001e-03 0.000000000000000e+00
8.569999999999999e-03 2.500000000000000e-03 0.000000000000000e+00
2.218000000000000e-02 8.580000000000001e-03 0.000000000000000e+00
1.661000000000000e-02 7.600000000000000e-04 0.000000000000000e+00
1.821000000000000e-02 1.305000000000000e-02 0.000000000000000e+00
2.020000000000000e-02 1.701000000000000e-02 0.000000000000000e+00
2.323000000000000e-02 6.520000000000000e-03 0.000000000000000e+00
2.132000000000000e-02 1.574000000000000e-02 0.000000000000000e+00
2.466000000000000e-02 9.450000000000000e-03 0.000000000000000e+00
1.980000000000000e-02 4.250000000000000e-03 0.000000000000000e+00
2.192000000000000e-02 1.485000000000000e-02 0.000000000000000e+00
1.858000000000000e-02 4.740000000000000e-03 0.000000000000000e+00
1.662000000000000e-02 1.010000000000000e-02 0.000000000000000e+00
2.648000000000000e-02 3.880000000000000e-03 0.000000000000000e+00
1.656000000000000e-02 6.850000000000000e-03 0.000000000000000e+00
1.504000000000000e-02 8.340000000000000e-03 0.000000000000000e+00
1.730000000000000e-02 6.070000000000000e-03 0.000000000000000e+00
1.450000000000000e-02 9.120000000000000e-03 0.000000000000000e+00
1.615000000000000e-02 1.465000000000000e-02 0.000000000000000e+00
1.179000000000000e-02 4.980000000000000e-03 0.000000000000000e+00
1.441000000000000e-02 2.980000000000000e-03 0.000000000000000e+00
1.550000000000000e-02 1.960000000000000e-03 0.000000000000000e+00
1.389000000000000e-02 1.213000000000000e-02 0.000000000000000e+00
1.898000000000000e-02 3.950000000000000e-03 0.000000000000000e+00
2.593000000000000e-02 6.800000000000000e-03 0.000000000000000e+00
2.554000000000000e-02 7.600000000000000e-03 0.000000000000000e+00
1.024000000000000e-02 7.180000000000000e-03 0.000000000000000e+00
1.282000000000000e-02 1.050000000000000e-03 0.000000000000000e+00
2.382000000000000e-02 3.920000000000000e-03 0.000000000000000e+00
8.229999999999999e-03 3.250000000000000e-03 0.000000000000000e+00
2.123000000000000e-02 7.800000000000000e-03 0.000000000000000e+00
1.256000000000000e-02 1.045000000000000e-02 0.000000000000000e+00
1.844000000000000e-02 1.613000000000000e-02 0.000000000000000e+00
8.109999999999999e-03 6.870000000000000e-03 0.000000000000000e+00
1.654000000000000e-02 1.220000000000000e-02 0.000000000000000e+00
2.392000000000000e-02 7.550000000000000e-03 0.000000000000000e+00
1.318000000000000e-02 4.210000000000000e-03 0.000000000000000e+00
2.371000000000000e-02 1.212000000000000e-02 0.000000000000000e+00
1.860000000000000e-02 1.191000000000000e-02 0.000000000000000e+00
1.792000000000000e-02 1.023000000000000e-02 0.000000000000000e+00
9.939999999999999e-03 4.370000000000000e-03 0.000000000000000e+00
1.949000000000000e-02 6.200000000000000e-03 0.000000000000000e+00
2.169000000000000e-02 1.168000000000000e-02 0.000000000000000e+00
2.002000000000000e-02 1.528000000000000e-02 0.000000000000000e+00
2.041000000000000e-02 1.387000000000000e-02 0.000000000000000e+00
1.576000000000000e-02 1.383000000000000e-02 0.000000000000000e+00
6.580000000000000e-03 5.670000000000000e-03 0.000000000000000e+00
7.280000000000000e-03 4.960000000000000e-03 0.000000000000000e+00
1.824000000000000e-02 7.570000000000000e-03 0.000000000000000e+00
2.298000000000000e-02 9.390000000000001e-03 0.000000000000000e+00
2.016000000000000e-02 1.024000000000000e-02 0.000000000000000e+00
1.173000000000000e-02 2.550000000000000e-03 0.000000000000000e+00
2.437000000000000e-02 1.060000000000000e-02 0.000000000000000e+00
1.772000000000000e-02 1.403000000000000e-02 0.000000000000000e+00
1.965000000000000e-02 8.480000000000000e-03 0.000000000000000e+00
2.005000000000000e-02 5.590000000000000e-03 0.000000000000000e+00
1.763000000000000e-02 5.070000000000000e-03 0.000000000000000e+00
2.141000000000000e-02 3.890000000000000e-03 0.000000000000000e+00
2.273000000000000e-02 1.392000000000000e-02 0.000000000000000e+00
1.449000000000000e-02 1.064000000000000e-02 0.000000000000000e+00
1.020000000000000e-02 1.300000000000000e-03 0.000000000000000e+00
2.126000000000000e-02 9.570000000000000e-03 0.000000000000000e+00
1.898000000000000e-02 1.559000000000000e-02 0.000000000000000e+00
2.284000000000000e-02 8.010000000000000e-03 0.000000000000000e+00
2.161000000000000e-02 6.320000000000000e-03 0.000000000000000e+00
1.853000000000000e-02 1.745000000000000e-02 0.000000000000000e+00
1.966000000000000e-02 1.828000000000000e-02 0.000000000000000e+00
2.624000000000000e-02 4.940000000000000e-03 0.000000000000000e+00
2.647000000000000e-02 4.290000000000000e-03 0.000000000000000e+00
1.999000000000000e-02 1.826000000000000e-02 0.000000000000000e+00
2.528000000000000e-02 3.850000000000000e-03 0.000000000000000e+00
2.082000000000000e-02 1.202000000000000e-02 0.000000000000000e+00
1.396000000000000e-02 1.060000000000000e-03 0.000000000000000e+00
2.024000000000000e-02 7.710000000000000e-03 0.000000000000000e+00
8.770000000000000e-03 7.610000000000000e-03 0.000000000000000e+00
1.759000000000000e-02 1.241000000000000e-02 0.000000000000000e+00
1.135000000000000e-02 5.990000000000000e-03 0.000000000000000e+00
1.075000000000000e-02 2.250000000000000e-03 0.000000000000000e+00
2.640000000000000e-02 5.380000000000000e-03 0.000000000000000e+00
1.492000000000000e-02 1.170000000000000e-02 0.000000000000000e+00
2.610000000000000e-02 3.780000000000000e-03 0.000000000000000e+00
2.302000000000000e-02 1.062000000000000e-02 0.000000000000000e+00
2.321000000000000e-02 1.370000000000000e-02 0.000000000000000e+00
2.291000000000000e-02 1.447000000000000e-02 0.000000000000000e+00
1.197000000000000e-02 7.600000000000000e-04 0.000000000000000e+00
1.824000000000000e-02 6.620000000000000e-03 0.000000000000000e+00
2.263000000000000e-02 3.750000000000000e-03 0.000000000000000e+00
1.550000000000000e-02 9.840000000000000e-03 0.000000000000000e+00
1.526000000000000e-02 7.090000000000000e-03 0.000000000000000e+00
1.966000000000000e-02 1.165000000000000e-02 0.000000000000000e+00
2.028000000000000e-02 1.791000000000000e-02 0.000000000000000e+00
1.724000000000000e-02 1.607000000000000e-02 0.000000000000000e+00
1.005000000000000e-02 5.400000000000000e-03 0.000000000000000e+00
1.949000000000000e-02 9.339999999999999e-03 0.000000000000000e+00
2.265000000000000e-02 1.485000000000000e-02 0.000000000000000e+00
2.359000000000000e-02 1.323000000000000e-02 0.000000000000000e+00
2.414000000000000e-02 6.670000000000000e-03 0.000000000000000e+00
2.638000000000000e-02 5.770000000000000e-03 0.000000000000000e+00
2.620000000000000e-02 6.210000000000000e-03 0.000000000000000e+00
2.391000000000000e-02 1.285000000000000e-02 0.000000000000000e+00
2.245000000000000e-02 1.523000000000000e-02 0.000000000000000e+00
2.193000000000000e-02 1.563000000000000e-02 0.000000000000000e+00
2.170000000000000e-02 1.618000000000000e-02 0.000000000000000e+00
2.112000000000000e-02 1.627000000000000e-02 0.000000000000000e+00
2.063000000000000e-02 1.742000000000000e-02 0.000000000000000e+00
2.073000000000000e-02 1.678000000000000e-02 0.000000000000000e+00
1.426000000000000e-02 1.289000000000000e-02 0.000000000000000e+00
8.480000000000000e-03 1.700000000000000e-03 0.000000000000000e+00
1.308000000000000e-02 1.166000000000000e-02 0.000000000000000e+00
2.499000000000000e-02 1.022000000000000e-02 0.000000000000000e+00
2.515000000000000e-02 9.719999999999999e-03 0.000000000000000e+00
2.539000000000000e-02 9.230000000000000e-03 0.000000000000000e+00
2.570000000000000e-02 8.850000000000000e-03 0.000000000000000e+00
2.553000000000000e-02 8.390000000000000e-03 0.000000000000000e+00
2.468000000000000e-02 1.104000000000000e-02 0.000000000000000e+00
2.453000000000000e-02 1.149000000000000e-02 0.000000000000000e+00
2.433000000000000e-02 1.188000000000000e-02 0.000000000000000e+00
1.709000000000000e-02 6.700000000000000e-04 0.000000000000000e+00
1.616000000000000e-02 1.610000000000000e-03 0.000000000000000e+00
1.743000000000000e-02 9.330000000000000e-03 0.000000000000000e+00
1.169000000000000e-02 4.210000000000000e-03 0.000000000000000e+00
1.495000000000000e-02 9.100000000000000e-04 0.000000000000000e+00
1.619000000000000e-02 1.104000000000000e-02 0.000000000000000e+00
1.938000000000000e-02 1.331000000000000e-02 0.000000000000000e+00
1.847000000000000e-02 1.480000000000000e-02 0.000000000000000e+00
2.677000000000000e-02 3.900000000000000e-04 0.000000000000000e+00
9.490000000000000e-03 2.610000000000000e-03 0.000000000000000e+00
7.480000000000000e-03 3.780000000000000e-03 0.000000000000000e+00
7.310000000000000e-03 6.520000000000000e-03 0.000000000000000e+00
2.283000000000000e-02 5.330000000000000e-03 0.000000000000000e+00
2.034000000000000e-02 3.950000000000000e-03 0.000000000000000e+00
1.665000000000000e-02 6.090000000000000e-03 0.000000000000000e+00
1.375000000000000e-02 9.030000000000000e-03 0.000000000000000e+00
1.440000000000000e-02 8.470000000000000e-03 0.000000000000000e+00
9.039999999999999e-03 4.330000000000000e-03 0.000000000000000e+00
1.257000000000000e-02 4.960000000000000e-03 0.000000000000000e+00
2.226000000000000e-02 1.229000000000000e-02 0.000000000000000e+00
9.769999999999999e-03 7.620000000000000e-03 0.000000000000000e+00
1.697000000000000e-02 7.990000000000001e-03 0.000000000000000e+00
1.585000000000000e-02 8.580000000000001e-03 0.000000000000000e+00
8.130000000000000e-03 5.090000000000000e-03 0.000000000000000e+00
2.531000000000000e-02 5.030000000000000e-03 0.000000000000000e+00
1.499000000000000e-02 2.630000000000000e-03 0.000000000000000e+00
1.413000000000000e-02 3.480000000000000e-03 0.000000000000000e+00
1.614000000000000e-02 1.300000000000000e-02 0.000000000000000e+00
2.121000000000000e-02 1.397000000000000e-02 0.000000000000000e+00
2.616000000000000e-02 7.390000000000000e-03 0.000000000000000e+00
1.329000000000000e-02 1.790000000000000e-03 0.000000000000000e+00
1.212000000000000e-02 1.800000000000000e-03 0.000000000000000e+00
8.070000000000001e-03 2.400000000000000e-03 0.000000000000000e+00
2.469000000000000e-02 7.760000000000000e-03 0.000000000000000e+00
1.076000000000000e-02 6.850000000000000e-03 0.000000000000000e+00
2.138000000000000e-02 4.200000000000000e-04 0.000000000000000e+00
1.826000000000000e-02 1.107000000000000e-02 0.000000000000000e+00
1.257000000000000e-02 3.370000000000000e-03 0.000000000000000e+00
2.116000000000000e-02 1.672000000000000e-02 0.000000000000000e+00
1.297000000000000e-02 9.760000000000000e-03 0.000000000000000e+00
1.900000000000000e-02 1.798000000000000e-02 0.000000000000000e+00
1.197000000000000e-02 1.056000000000000e-02 0.000000000000000e+00
2.690000000000000e-02 3.680000000000000e-03 0.000000000000000e+00
2.368000000000000e-02 5.720000000000000e-03 0.000000000000000e+00
2.436000000000000e-02 3.820000000000000e-03 0.000000000000000e+00
8.520000000000000e-03 4.900000000000000e-04 0.000000000000000e+00
1.369000000000000e-02 4.090000000000000e-03 0.000000000000000e+00
2.041000000000000e-02 4.200000000000000e-04 0.000000000000000e+00
2.229000000000000e-02 1.353000000000000e-02 0.000000000000000e+00
2.030000000000000e-02 1.462000000000000e-02 0.000000000000000e+00
2.621000000000000e-02 3.900000000000000e-04 0.000000000000000e+00
2.144000000000000e-02 1.081000000000000e-02 0.000000000000000e+00
2.223000000000000e-02 1.121000000000000e-02 0.000000000000000e+00
1.452000000000000e-02 9.880000000000000e-03 0.000000000000000e+00
1.945000000000000e-02 4.300000000000000e-04 0.000000000000000e+00
8.880000000000001e-03 6.230000000000000e-03 0.000000000000000e+00
6.670000000000000e-03 5.080000000000000e-03 0.000000000000000e+00
1.873000000000000e-02 9.910000000000000e-03 0.000000000000000e+00
9.809999999999999e-03 6.450000000000000e-03 0.000000000000000e+00
1.847000000000000e-02 4.600000000000000e-04 0.000000000000000e+00
2.021000000000000e-02 1.297000000000000e-02 0.000000000000000e+00
2.508000000000000e-02 6.300000000000000e-03 0.000000000000000e+00
1.620000000000000e-02 9.299999999999999e-03 0.000000000000000e+00
1.798000000000000e-02 4.610000000000000e-03 0.000000000000000e+00
1.716000000000000e-02 5.440000000000000e-03 0.000000000000000e+00
1.561000000000000e-02 1.456000000000000e-02 0.000000000000000e+00
2.186000000000000e-02 7.880000000000000e-03 0.000000000000000e+00
2.123000000000000e-02 8.630000000000001e-03 0.000000000000000e+00
1.647000000000000e-02 1.533000000000000e-02 0.000000000000000e+00
2.315000000000000e-02 7.280000000000000e-03 0.000000000000000e+00
2.110000000000000e-02 5.660000000000000e-03 0.000000000000000e+00
1.421000000000000e-02 1.130000000000000e-02 0.000000000000000e+00
9.910000000000000e-03 3.520000000000000e-03 0.000000000000000e+00
2.182000000000000e-02 3.820000000000000e-03 0.000000000000000e+00
9.900000000000001e-03 7.200000000000000e-04 0.000000000000000e+00
1.773000000000000e-02 4.100000000000000e-04 0.000000000000000e+00
1.176000000000000e-02 1.094000000000000e-02 0.000000000000000e+00
2.140000000000000e-02 6.960000000000000e-03 0.000000000000000e+00
1.639000000000000e-02 1.170000000000000e-03 0.000000000000000e+00
1.867000000000000e-02 1.381000000000000e-02 0.000000000000000e+00
2.596000000000000e-02 5.250000000000000e-03 0.000000000000000e+00
1.201000000000000e-02 5.580000000000000e-03 0.000000000000000e+00
1.103000000000000e-02 7.700000000000000e-04 0.000000000000000e+00
1.895000000000000e-02 5.820000000000000e-03 0.000000000000000e+00
2.236000000000000e-02 6.210000000000000e-03 0.000000000000000e+00
1.484000000000000e-02 1.362000000000000e-02 0.000000000000000e+00
8.040000000000000e-03 5.870000000000000e-03 0.000000000000000e+00
1.898000000000000e-02 1.268000000000000e-02 0.000000000000000e+00
2.211000000000000e-02 9.469999999999999e-03 0.000000000000000e+00
1.573000000000000e-02 6.860000000000000e-03 0.000000000000000e+00
1.511000000000000e-02 7.650000000000000e-03 0.000000000000000e+00
1.727000000000000e-02 1.053000000000000e-02 0.000000000000000e+00
2.066000000000000e-02 1.557000000000000e-02 0.000000000000000e+00
2.685000000000000e-02 4.010000000000000e-03 0.000000000000000e+00
1.947000000000000e-02 1.882000000000000e-02 0.000000000000000e+00
1.897000000000000e-02 8.180000000000000e-03 0.000000000000000e+00
1.649000000000000e-02 1.415000000000000e-02 0.000000000000000e+00
2.045000000000000e-02 8.640000000000000e-03 0.000000000000000e+00
2.323000000000000e-02 3.730000000000000e-03 0.000000000000000e+00
7.670000000000000e-03 3.390000000000000e-03 0.000000000000000e+00
7.440000000000000e-03 4.330000000000000e-03 0.000000000000000e+00
1.373000000000000e-02 2.550000000000000e-03 0.000000000000000e+00
2.398000000000000e-02 9.620000000000000e-03 0.000000000000000e+00
2.394000000000000e-02 4.700000000000000e-03 0.000000000000000e+00
1.600000000000000e-02 1.870000000000000e-03 0.000000000000000e+00
1.586000000000000e-02 1.185000000000000e-02 0.000000000000000e+00
8.010000000000000e-03 2.060000000000000e-03 0.000000000000000e+00
1.125000000000000e-02 6.660000000000000e-03 0.000000000000000e+00
1.314000000000000e-02 9.230000000000000e-03 0.000000000000000e+00
2.715000000000000e-02 2.210000000000000e-03 0.000000000000000e+00
8.500000000000001e-03 1.010000000000000e-03 0.000000000000000e+00
1.407000000000000e-02 3.890000000000000e-03 0.000000000000000e+00
1.942000000000000e-02 3.550000000000000e-03 0.000000000000000e+00
2.715000000000000e-02 2.580000000000000e-03 0.000000000000000e+00
1.928000000000000e-02 1.845000000000000e-02 0.000000000000000e+00
1.776000000000000e-02 1.337000000000000e-02 0.000000000000000e+00
2.089000000000000e-02 3.760000000000000e-03 0.000000000000000e+00
1.714000000000000e-02 1.471000000000000e-02 0.000000000000000e+00
2.147000000000000e-02 1.650000000000000e-02 0.000000000000000e+00
2.089000000000000e-02 1.715000000000000e-02 0.000000000000000e+00
1.850000000000000e-02 3.930000000000000e-03 0.000000000000000e+00
1.168000000000000e-02 3.360000000000000e-03 0.000000000000000e+00
2.471000000000000e-02 3.560000000000000e-03 0.000000000000000e+00
1.337000000000000e-02 1.261000000000000e-02 0.000000000000000e+00
1.974000000000000e-02 6.670000000000000e-03 0.000000000000000e+00
1.774000000000000e-02 8.340000000000000e-03 0.000000000000000e+00
2.307000000000000e-02 1.421000000000000e-02 0.000000000000000e+00
2.220000000000000e-02 3.750000000000000e-03 0.000000000000000e+00
2.578000000000000e-02 3.630000000000000e-03 0.000000000000000e+00
2.666000000000000e-02 4.720000000000000e-03 0.000000000000000e+00
1.792000000000000e-02 1.678000000000000e-02 0.000000000000000e+00
1.973000000000000e-02 3.700000000000000e-03 0.000000000000000e+00
6.160000000000000e-03 5.770000000000000e-03 0.000000000000000e+00
2.023000000000000e-02 4.840000000000000e-03 0.000000000000000e+00
1.468000000000000e-02 7.930000000000000e-03 0.000000000000000e+00
1.614000000000000e-02 6.480000000000000e-03 0.000000000000000e+00
1.682000000000000e-02 5.600000000000000e-03 0.000000000000000e+00
1.399000000000000e-02 8.520000000000000e-03 0.000000000000000e+00
1.829000000000000e-02 4.200000000000000e-03 0.000000000000000e+00
1.934000000000000e-02 1.493000000000000e-02 0.000000000000000e+00
2.666000000000000e-02 3.570000000000000e-03 0.000000000000000e+00
2.487000000000000e-02 1.057000000000000e-02 0.000000000000000e+00
2.150000000000000e-02 4.480000000000000e-03 0.000000000000000e+00
1.893000000000000e-02 4.300000000000000e-04 0.000000000000000e+00
1.973000000000000e-02 1.861000000000000e-02 0.000000000000000e+00
2.714000000000000e-02 1.840000000000000e-03 0.000000000000000e+00
1.243000000000000e-02 5.410000000000000e-03 0.000000000000000e+00
1.991000000000000e-02 4.300000000000000e-04 0.000000000000000e+00
1.976000000000000e-02 1.619000000000000e-02 0.000000000000000e+00
2.251000000000000e-02 1.444000000000000e-02 0.000000000000000e+00
2.096000000000000e-02 1.021000000000000e-02 0.000000000000000e+00
1.693000000000000e-02 1.050000000000000e-03 0.000000000000000e+00
2.088000000000000e-02 4.300000000000000e-04 0.000000000000000e+00
1.084000000000000e-02 4.290000000000000e-03 0.000000000000000e+00
2.574000000000000e-02 4.300000000000000e-04 0.000000000000000e+00
2.520000000000000e-02 4.300000000000000e-04 0.000000000000000e+00
2.454000000000000e-02 1.003000000000000e-02 0.000000000000000e+00
2.194000000000000e-02 3.900000000000000e-04 0.000000000000000e+00
2.241000000000000e-02 4.200000000000000e-04 0.000000000000000e+00
9.310000000000001e-03 8.680000000000000e-03 0.000000000000000e+00
1.891000000000000e-02 6.520000000000000e-03 0.000000000000000e+00
5.570000000000000e-03 3.640000000000000e-03 0.000000000000000e+00
6.450000000000000e-03 1.250000000000000e-03 0.000000000000000e+00
6.130000000000000e-03 2.490000000000000e-03 0.000000000000000e+00
6.940000000000000e-03 2.010000000000000e-03 0.000000000000000e+00
6.340000000000000e-03 3.300000000000000e-03 0.000000000000000e+00
7.130000000000000e-03 9.400000000000000e-04 0.000000000000000e+00
5.680000000000000e-03 4.400000000000000e-03 0.000000000000000e+00
6.570000000000000e-03 2.900000000000000e-03 0.000000000000000e+00
5.740000000000000e-03 3.000000000000000e-03 0.000000000000000e+00
6.110000000000000e-03 1.860000000000000e-03 0.000000000000000e+00
6.180000000000000e-03 3.700000000000000e-03 0.000000000000000e+00
7.330000000000000e-03 1.720000000000000e-03 0.000000000000000e+00
5.180000000000000e-03 4.210000000000000e-03 0.000000000000000e+00
6.600000000000000e-03 7.500000000000000e-04 0.000000000000000e+00
5.950000000000000e-03 8.600000000000000e-04 0.000000000000000e+00
4.820000000000000e-03 3.600000000000000e-03 0.000000000000000e+00
6.050000000000000e-03 1.360000000000000e-03 0.000000000000000e+00
5.300000000000000e-03 3.310000000000000e-03 0.000000000000000e+00
5.710000000000000e-03 4.990000000000000e-03 0.000000000000000e+00
7.520000000000000e-03 6.300000000000000e-04 0.000000000000000e+00
5.520000000000000e-03 2.280000000000000e-03 0.000000000000000e+00
5.690000000000000e-03 1.660000000000000e-03 0.000000000000000e+00
7.130000000000000e-03 2.560000000000000e-03 0.000000000000000e+00
6.780000000000000e-03 3.410000000000000e-03 0.000000000000000e+00
5.230000000000000e-03 2.850000000000000e-03 0.000000000000000e+00
4.800000000000000e-03 4.170000000000000e-03 0.000000000000000e+00
6.330000000000000e-03 4.600000000000000e-04 0.000000000000000e+00
5.940000000000000e-03 2.190000000000000e-03 0.000000000000000e+00
4.360000000000000e-03 3.790000000000000e-03 0.000000000000000e+00
5.770000000000000e-03 4.000000000000000e-04 0.000000000000000e+00
7.290000000000000e-03 2.170000000000000e-03 0.000000000000000e+00
6.670000000000000e-03 2.430000000000000e-03 0.000000000000000e+00
7.050000000000000e-03 5.300000000000000e-04 0.000000000000000e+00
5.340000000000000e-03 4.650000000000000e-03 0.000000000000000e+00
6.170000000000000e-03 2.900000000000000e-03 0.000000000000000e+00
5.910000000000000e-03 3.410000000000000e-03 0.000000000000000e+00
6.620000000000000e-03 1.700000000000000e-03 0.000000000000000e+00
6.350000000000000e-03 9.500000000000000e-04 0.000000000000000e+00
5.280000000000000e-03 3.870000000000000e-03 0.000000000000000e+00
6.230000000000000e-03 4.310000000000000e-03 0.000000000000000e+00
7.490000000000000e-03 1.310000000000000e-03 0.000000000000000e+00
6.560000000000000e-03 3.890000000000000e-03 0.000000000000000e+00
6.960000000000000e-03 2.980000000000000e-03 0.000000000000000e+00
5.860000000000000e-03 4.010000000000000e-03 0.000000000000000e+00
7.040000000000000e-03 1.360000000000000e-03 0.000000000000000e+00
5.790000000000000e-03 2.610000000000000e-03 0.000000000000000e+00
7.630000000000000e-03 4.000000000000000e-04 0.000000000000000e+00
5.550000000000000e-03 5.200000000000000e-03 0.000000000000000e+00
5.960000000000000e-03 4.670000000000000e-03 0.000000000000000e+00
7.470000000000000e-03 9.800000000000000e-04 0.000000000000000e+00
6.400000000000000e-03 2.120000000000000e-03 0.000000000000000e+00
6.770000000000000e-03 1.070000000000000e-03 0.000000000000000e+00
5.490000000000000e-03 4.130000000000000e-03 0.000000000000000e+00
1.276000000000000e-02 7.390000000000000e-03 0.000000000000000e+00
1.422000000000000e-02 6.000000000000000e-03 0.000000000000000e+00
1.167000000000000e-02 8.420000000000000e-03 0.000000000000000e+00
1.558000000000000e-02 4.620000000000000e-03 0.000000000000000e+00
1.084000000000000e-02 9.290000000000000e-03 0.000000000000000e+00
1.638000000000000e-02 3.790000000000000e-03 0.000000000000000e+00
1.501000000000000e-02 5.470000000000000e-03 0.000000000000000e+00
1.323000000000000e-02 6.520000000000000e-03 0.000000000000000e+00
1.249000000000000e-02 8.350000000000000e-03 0.000000000000000e+00
1.195000000000000e-02 7.650000000000000e-03 0.000000000000000e+00
1.346000000000000e-02 7.230000000000000e-03 0.000000000000000e+00
1.439000000000000e-02 5.210000000000000e-03 0.000000000000000e+00
1.471000000000000e-02 4.660000000000000e-03 0.000000000000000e+00
1.407000000000000e-02 6.870000000000000e-03 0.000000000000000e+00
1.169000000000000e-02 9.209999999999999e-03 0.000000000000000e+00
1.561000000000000e-02 3.880000000000000e-03 0.000000000000000e+00
1.630000000000000e-02 4.560000000000000e-03 0.000000000000000e+00
1.091000000000000e-02 8.460000000000001e-03 0.000000000000000e+00
1.105000000000000e-02 9.930000000000000e-03 0.000000000000000e+00
1.620000000000000e-02 3.210000000000000e-03 0.000000000000000e+00
1.021000000000000e-02 9.070000000000000e-03 0.000000000000000e+00
1.697000000000000e-02 3.990000000000000e-03 0.000000000000000e+00
1.470000000000000e-02 6.060000000000000e-03 0.000000000000000e+00
1.561000000000000e-02 5.140000000000000e-03 0.000000000000000e+00
1.258000000000000e-02 6.770000000000000e-03 0.000000000000000e+00
1.350000000000000e-02 5.950000000000000e-03 0.000000000000000e+00
1.322000000000000e-02 7.950000000000000e-03 0.000000000000000e+00
1.123000000000000e-02 8.019999999999999e-03 0.000000000000000e+00
1.208000000000000e-02 8.789999999999999e-03 0.000000000000000e+00
1.510000000000000e-02 4.110000000000000e-03 0.000000000000000e+00
1.038000000000000e-02 9.660000000000000e-03 0.000000000000000e+00
1.684000000000000e-02 3.430000000000000e-03 0.000000000000000e+00
1.219000000000000e-02 7.150000000000000e-03 0.000000000000000e+00
1.386000000000000e-02 5.520000000000000e-03 0.000000000000000e+00
1.146000000000000e-02 9.760000000000000e-03 0.000000000000000e+00
1.038000000000000e-02 8.690000000000000e-03 0.000000000000000e+00
1.569000000000000e-02 3.370000000000000e-03 0.000000000000000e+00
1.679000000000000e-02 4.480000000000000e-03 0.000000000000000e+00
1.544000000000000e-02 5.900000000000000e-03 0.000000000000000e+00
1.282000000000000e-02 6.100000000000000e-03 0.000000000000000e+00
1.462000000000000e-02 6.540000000000000e-03 0.000000000000000e+00
1.516000000000000e-02 5.030000000000000e-03 0.000000000000000e+00
1.372000000000000e-02 6.320000000000000e-03 0.000000000000000e+00
1.608000000000000e-02 5.050000000000000e-03 0.000000000000000e+00
1.302000000000000e-02 6.970000000000000e-03 0.000000000000000e+00
1.461000000000000e-02 5.600000000000000e-03 0.000000000000000e+00
1.126000000000000e-02 8.869999999999999e-03 0.000000000000000e+00
1.598000000000000e-02 4.190000000000000e-03 0.000000000000000e+00
1.432000000000000e-02 4.740000000000000e-03 0.000000000000000e+00
1.398000000000000e-02 7.270000000000000e-03 0.000000000000000e+00
1.206000000000000e-02 8.010000000000000e-03 0.000000000000000e+00
1.287000000000000e-02 8.290000000000000e-03 0.000000000000000e+00
1.139000000000000e-02 7.630000000000000e-03 0.000000000000000e+00
1.249000000000000e-02 8.780000000000000e-03 0.000000000000000e+00
1.241000000000000e-02 7.930000000000000e-03 0.000000000000000e+00
1.365000000000000e-02 6.780000000000000e-03 0.000000000000000e+00
1.478000000000000e-02 5.060000000000000e-03 0.000000000000000e+00
1.371000000000000e-02 7.700000000000000e-03 0.000000000000000e+00
1.394000000000000e-02 5.030000000000000e-03 0.000000000000000e+00
1.172000000000000e-02 7.290000000000000e-03 0.000000000000000e+00
1.465000000000000e-02 4.250000000000000e-03 0.000000000000000e+00
1.449000000000000e-02 6.930000000000000e-03 0.000000000000000e+00
1.277000000000000e-02 7.860000000000001e-03 0.000000000000000e+00
1.093000000000000e-02 8.140000000000000e-03 0.000000000000000e+00
1.206000000000000e-02 9.140000000000001e-03 0.000000000000000e+00
1.644000000000000e-02 4.850000000000000e-03 0.000000000000000e+00
1.538000000000000e-02 3.720000000000000e-03 0.000000000000000e+00
1.315000000000000e-02 7.520000000000000e-03 0.000000000000000e+00
1.423000000000000e-02 5.600000000000000e-03 0.000000000000000e+00
1.096000000000000e-02 1.037000000000000e-02 0.000000000000000e+00
1.625000000000000e-02 2.730000000000000e-03 0.000000000000000e+00
9.760000000000000e-03 9.110000000000000e-03 0.000000000000000e+00
1.744000000000000e-02 3.990000000000000e-03 0.000000000000000e+00
1.207000000000000e-02 8.390000000000000e-03 0.000000000000000e+00
1.597000000000000e-02 3.760000000000000e-03 0.000000000000000e+00
1.080000000000000e-02 8.880000000000001e-03 0.000000000000000e+00
1.126000000000000e-02 9.339999999999999e-03 0.000000000000000e+00
1.646000000000000e-02 4.170000000000000e-03 0.000000000000000e+00
1.416000000000000e-02 6.430000000000000e-03 0.000000000000000e+00
1.600000000000000e-02 4.600000000000000e-03 0.000000000000000e+00
1.514000000000000e-02 4.620000000000000e-03 0.000000000000000e+00
1.558000000000000e-02 4.190000000000000e-03 0.000000000000000e+00
1.167000000000000e-02 7.960000000000000e-03 0.000000000000000e+00
1.168000000000000e-02 8.829999999999999e-03 0.000000000000000e+00
1.127000000000000e-02 8.440000000000000e-03 0.000000000000000e+00
1.580000000000000e-02 5.560000000000000e-03 0.000000000000000e+00
1.511000000000000e-02 6.250000000000000e-03 0.000000000000000e+00
1.246000000000000e-02 6.410000000000000e-03 0.000000000000000e+00
1.311000000000000e-02 5.760000000000000e-03 0.000000000000000e+00
1.065000000000000e-02 1.007000000000000e-02 0.000000000000000e+00
1.656000000000000e-02 3.030000000000000e-03 0.000000000000000e+00
1.719000000000000e-02 3.730000000000000e-03 0.000000000000000e+00
1.001000000000000e-02 9.360000000000000e-03 0.000000000000000e+00
1.718000000000000e-02 4.270000000000000e-03 0.000000000000000e+00
1.592000000000000e-02 2.990000000000000e-03 0.000000000000000e+00
9.960000000000000e-03 8.910000000000000e-03 0.000000000000000e+00
1.120000000000000e-02 1.018000000000000e-02 0.000000000000000e+00
1.189000000000000e-02 9.530000000000000e-03 0.000000000000000e+00
1.060000000000000e-02 8.279999999999999e-03 0.000000000000000e+00
1.251000000000000e-02 7.100000000000000e-03 0.000000000000000e+00
1.215000000000000e-02 6.800000000000000e-03 0.000000000000000e+00
1.231000000000000e-02 7.540000000000000e-03 0.000000000000000e+00
1.052000000000000e-02 9.230000000000000e-03 0.000000000000000e+00
1.670000000000000e-02 3.850000000000000e-03 0.000000000000000e+00
1.634000000000000e-02 3.500000000000000e-03 0.000000000000000e+00
1.088000000000000e-02 9.599999999999999e-03 0.000000000000000e+00
1.510000000000000e-02 5.900000000000000e-03 0.000000000000000e+00
1.544000000000000e-02 5.550000000000000e-03 0.000000000000000e+00
1.280000000000000e-02 6.430000000000000e-03 0.000000000000000e+00
1.317000000000000e-02 6.050000000000000e-03 0.000000000000000e+00
1.385000000000000e-02 5.920000000000000e-03 0.000000000000000e+00
1.340000000000000e-02 5.540000000000000e-03 0.000000000000000e+00
1.094000000000000e-02 7.860000000000001e-03 0.000000000000000e+00
1.240000000000000e-02 9.140000000000001e-03 0.000000000000000e+00
1.802000000000000e-02 1.980000000000000e-03 0.000000000000000e+00
2.556000000000000e-02 2.030000000000000e-03 0.000000000000000e+00
2.038000000000000e-02 1.980000000000000e-03 0.000000000000000e+00
2.180000000000000e-02 2.000000000000000e-03 0.000000000000000e+00
2.324000000000000e-02 1.950000000000000e-03 0.000000000000000e+00
2.436000000000000e-02 1.980000000000000e-03 0.000000000000000e+00
1.922000000000000e-02 2.110000000000000e-03 0.000000000000000e+00
1.740000000000000e-02 2.110000000000000e-03 0.000000000000000e+00
2.099000000000000e-02 2.390000000000000e-03 0.000000000000000e+00
2.250000000000000e-02 2.470000000000000e-03 0.000000000000000e+00
2.245000000000000e-02 1.480000000000000e-03 0.000000000000000e+00
2.103000000000000e-02 1.540000000000000e-03 0.000000000000000e+00
1.803000000000000e-02 2.640000000000000e-03 0.000000000000000e+00
2.616000000000000e-02 1.470000000000000e-03 0.000000000000000e+00
2.387000000000000e-02 1.470000000000000e-03 0.000000000000000e+00
2.610000000000000e-02 2.390000000000000e-03 0.000000000000000e+00
1.979000000000000e-02 1.500000000000000e-03 0.000000000000000e+00
2.502000000000000e-02 1.520000000000000e-03 0.000000000000000e+00
1.884000000000000e-02 1.570000000000000e-03 0.000000000000000e+00
2.501000000000000e-02 2.510000000000000e-03 0.000000000000000e+00
2.381000000000000e-02 2.500000000000000e-03 0.000000000000000e+00
1.774000000000000e-02 1.570000000000000e-03 0.000000000000000e+00
1.986000000000000e-02 2.570000000000000e-03 0.000000000000000e+00
1.863000000000000e-02 2.650000000000000e-03 0.000000000000000e+00
2.190000000000000e-02 2.550000000000000e-03 0.000000000000000e+00
2.186000000000000e-02 1.380000000000000e-03 0.000000000000000e+00
2.044000000000000e-02 1.290000000000000e-03 0.000000000000000e+00
2.319000000000000e-02 2.520000000000000e-03 0.000000000000000e+00
2.336000000000000e-02 1.370000000000000e-03 0.000000000000000e+00
2.046000000000000e-02 2.560000000000000e-03 0.000000000000000e+00
2.442000000000000e-02 1.430000000000000e-03 0.000000000000000e+00
2.441000000000000e-02 2.550000000000000e-03 0.000000000000000e+00
2.561000000000000e-02 1.450000000000000e-03 0.000000000000000e+00
2.556000000000000e-02 2.660000000000000e-03 0.000000000000000e+00
2.627000000000000e-02 2.020000000000000e-03 0.000000000000000e+00
1.922000000000000e-02 2.760000000000000e-03 0.000000000000000e+00
1.818000000000000e-02 1.440000000000000e-03 0.000000000000000e+00
1.934000000000000e-02 1.200000000000000e-03 0.000000000000000e+00
1.744000000000000e-02 2.640000000000000e-03 0.000000000000000e+00
1.866000000000000e-02 2.090000000000000e-03 0.000000000000000e+00
1.979000000000000e-02 2.020000000000000e-03 0.000000000000000e+00
1.783000000000000e-02 1.210000000000000e-03 0.000000000000000e+00
1.739000000000000e-02 1.550000000000000e-03 0.000000000000000e+00
2.382000000000000e-02 1.980000000000000e-03 0.000000000000000e+00
2.511000000000000e-02 1.980000000000000e-03 0.000000000000000e+00
2.146000000000000e-02 2.840000000000000e-03 0.000000000000000e+00
2.286000000000000e-02 2.800000000000000e-03 0.000000000000000e+00
2.139000000000000e-02 1.280000000000000e-03 0.000000000000000e+00
2.222000000000000e-02 2.790000000000000e-03 0.000000000000000e+00
2.281000000000000e-02 1.250000000000000e-03 0.000000000000000e+00
2.097000000000000e-02 1.170000000000000e-03 0.000000000000000e+00
2.267000000000000e-02 1.850000000000000e-03 0.000000000000000e+00
2.123000000000000e-02 1.880000000000000e-03 0.000000000000000e+00
1.802000000000000e-02 3.250000000000000e-03 0.000000000000000e+00
2.090000000000000e-02 2.030000000000000e-03 0.000000000000000e+00
2.235000000000000e-02 2.040000000000000e-03 0.000000000000000e+00
2.660000000000000e-02 1.200000000000000e-03 0.000000000000000e+00
1.772000000000000e-02 2.360000000000000e-03 0.000000000000000e+00
2.223000000000000e-02 1.170000000000000e-03 0.000000000000000e+00
1.687000000000000e-02 2.130000000000000e-03 0.000000000000000e+00
2.092000000000000e-02 2.810000000000000e-03 0.000000000000000e+00
2.641000000000000e-02 2.810000000000000e-03 0.000000000000000e+00
2.473000000000000e-02 1.170000000000000e-03 0.000000000000000e+00
1.834000000000000e-02 2.350000000000000e-03 0.000000000000000e+00
1.833000000000000e-02 2.940000000000000e-03 0.000000000000000e+00
1.883000000000000e-02 2.880000000000000e-03 0.000000000000000e+00
2.405000000000000e-02 2.860000000000000e-03 0.000000000000000e+00
1.983000000000000e-02 1.130000000000000e-03 0.000000000000000e+00
1.941000000000000e-02 1.670000000000000e-03 0.000000000000000e+00
2.516000000000000e-02 2.820000000000000e-03 0.000000000000000e+00
2.358000000000000e-02 2.820000000000000e-03 0.000000000000000e+00
2.369000000000000e-02 1.170000000000000e-03 0.000000000000000e+00
2.530000000000000e-02 1.170000000000000e-03 0.000000000000000e+00
1.896000000000000e-02 1.170000000000000e-03 0.000000000000000e+00
2.156000000000000e-02 1.690000000000000e-03 0.000000000000000e+00
2.629000000000000e-02 1.140000000000000e-03 0.000000000000000e+00
2.208000000000000e-02 2.280000000000000e-03 0.000000000000000e+00
2.653000000000000e-02 1.640000000000000e-03 0.000000000000000e+00
2.147000000000000e-02 2.340000000000000e-03 0.000000000000000e+00
2.069000000000000e-02 1.720000000000000e-03 0.000000000000000e+00
1.763000000000000e-02 1.840000000000000e-03 0.000000000000000e+00
2.411000000000000e-02 1.710000000000000e-03 0.000000000000000e+00
2.016000000000000e-02 2.880000000000000e-03 0.000000000000000e+00
2.302000000000000e-02 1.610000000000000e-03 0.000000000000000e+00
2.007000000000000e-02 1.700000000000000e-03 0.000000000000000e+00
2.464000000000000e-02 1.730000000000000e-03 0.000000000000000e+00
1.769000000000000e-02 2.930000000000000e-03 0.000000000000000e+00
2.650000000000000e-02 2.350000000000000e-03 0.000000000000000e+00
1.752000000000000e-02 1.230000000000000e-03 0.000000000000000e+00
2.357000000000000e-02 1.690000000000000e-03 0.000000000000000e+00
2.530000000000000e-02 2.280000000000000e-03 0.000000000000000e+00
2.538000000000000e-02 1.750000000000000e-03 0.000000000000000e+00
2.291000000000000e-02 2.200000000000000e-03 0.000000000000000e+00
2.352000000000000e-02 2.250000000000000e-03 0.000000000000000e+00
1.716000000000000e-02 2.370000000000000e-03 0.000000000000000e+00
2.410000000000000e-02 2.250000000000000e-03 0.000000000000000e+00
1.843000000000000e-02 1.760000000000000e-03 0.000000000000000e+00
2.591000000000000e-02 1.820000000000000e-03 0.000000000000000e+00
2.212000000000000e-02 1.730000000000000e-03 0.000000000000000e+00
2.474000000000000e-02 2.170000000000000e-03 0.000000000000000e+00
2.599000000000000e-02 2.780000000000000e-03 0.000000000000000e+00
2.012000000000000e-02 2.290000000000000e-03 0.000000000000000e+00
2.477000000000000e-02 2.850000000000000e-03 0.000000000000000e+00
2.581000000000000e-02 2.270000000000000e-03 0.000000000000000e+00
1.968000000000000e-02 2.890000000000000e-03 0.000000000000000e+00
1.953000000000000e-02 2.350000000000000e-03 0.000000000000000e+00
1.892000000000000e-02 1.930000000000000e-03 0.000000000000000e+00
2.591000000000000e-02 1.140000000000000e-03 0.000000000000000e+00
1.713000000000000e-02 1.820000000000000e-03 0.000000000000000e+00
1.893000000000000e-02 2.390000000000000e-03 0.000000000000000e+00
2.411000000000000e-02 1.130000000000000e-03 0.000000000000000e+00
2.065000000000000e-02 2.250000000000000e-03 0.000000000000000e+00
2.317000000000000e-02 1.070000000000000e-03 0.000000000000000e+00
1.852000000000000e-02 1.150000000000000e-03 0.000000000000000e+00
2.311000000000000e-02 2.970000000000000e-03 0.000000000000000e+00
2.188000000000000e-02 2.890000000000000e-03 0.000000000000000e+00
1.797000000000000e-02 1.640000000000000e-03 0.000000000000000e+00
2.194000000000000e-02 1.010000000000000e-03 0.000000000000000e+00
0.000000000000000e+00 2.750000000000000e-02 0.000000000000000e+00
0.000000000000000e+00 8.000000000000000e-03 0.000000000000000e+00
0.000000000000000e+00 5.330000000000000e-03 0.000000000000000e+00
2.120000000000000e-03 1.626000000000000e-02 0.000000000000000e+00
1.480000000000000e-03 1.690000000000000e-02 0.000000000000000e+00
7.500000000000000e-04 1.763000000000000e-02 0.000000000000000e+00
7.400000000000000e-04 2.699000000000000e-02 0.000000000000000e+00
3.240000000000000e-03 2.680000000000000e-02 0.000000000000000e+00
3.250000000000000e-03 1.867000000000000e-02 0.000000000000000e+00
3.890000000000000e-03 1.803000000000000e-02 0.000000000000000e+00
4.900000000000000e-04 2.750000000000000e-02 0.000000000000000e+00
9.800000000000000e-04 2.748000000000000e-02 0.000000000000000e+00
1.470000000000000e-03 2.746000000000000e-02 0.000000000000000e+00
1.960000000000000e-03 2.743000000000000e-02 0.000000000000000e+00
2.450000000000000e-03 2.739000000000000e-02 0.000000000000000e+00
2.940000000000000e-03 2.734000000000000e-02 0.000000000000000e+00
3.430000000000000e-03 2.729000000000000e-02 0.000000000000000e+00
3.910000000000000e-03 2.722000000000000e-02 0.000000000000000e+00
4.400000000000000e-03 2.715000000000000e-02 0.000000000000000e+00
4.880000000000000e-03 2.706000000000000e-02 0.000000000000000e+00
5.360000000000000e-03 2.697000000000000e-02 0.000000000000000e+00
5.850000000000000e-03 2.687000000000000e-02 0.000000000000000e+00
6.320000000000000e-03 2.676000000000000e-02 0.000000000000000e+00
6.800000000000000e-03 2.665000000000000e-02 0.000000000000000e+00
7.280000000000000e-03 2.652000000000000e-02 0.000000000000000e+00
7.750000000000000e-03 2.639000000000000e-02 0.000000000000000e+00
8.220000000000000e-03 2.624000000000000e-02 0.000000000000000e+00
8.680000000000000e-03 2.609000000000000e-02 0.000000000000000e+00
9.150000000000000e-03 2.593000000000000e-02 0.000000000000000e+00
9.610000000000000e-03 2.577000000000000e-02 0.000000000000000e+00
1.007000000000000e-02 2.559000000000000e-02 0.000000000000000e+00
1.052000000000000e-02 2.541000000000000e-02 0.000000000000000e+00
1.098000000000000e-02 2.521000000000000e-02 0.000000000000000e+00
1.142000000000000e-02 2.501000000000000e-02 0.000000000000000e+00
1.187000000000000e-02 2.481000000000000e-02 0.000000000000000e+00
1.231000000000000e-02 2.459000000000000e-02 0.000000000000000e+00
1.275000000000000e-02 2.437000000000000e-02 0.000000000000000e+00
1.318000000000000e-02 2.414000000000000e-02 0.000000000000000e+00
1.361000000000000e-02 2.390000000000000e-02 0.000000000000000e+00
1.403000000000000e-02 2.365000000000000e-02 0.000000000000000e+00
1.445000000000000e-02 2.340000000000000e-02 0.000000000000000e+00
1.487000000000000e-02 2.313000000000000e-02 0.000000000000000e+00
1.528000000000000e-02 2.287000000000000e-02 0.000000000000000e+00
1.568000000000000e-02 2.259000000000000e-02 0.000000000000000e+00
1.608000000000000e-02 2.231000000000000e-02 0.000000000000000e+00
1.648000000000000e-02 2.201000000000000e-02 0.000000000000000e+00
1.687000000000000e-02 2.172000000000000e-02 0.000000000000000e+00
1.726000000000000e-02 2.141000000000000e-02 0.000000000000000e+00
1.763000000000000e-02 2.110000000000000e-02 0.000000000000000e+00
1.801000000000000e-02 2.078000000000000e-02 0.000000000000000e+00
1.838000000000000e-02 2.046000000000000e-02 0.000000000000000e+00
1.874000000000000e-02 2.013000000000000e-02 0.000000000000000e+00
1.910000000000000e-02 1.979000000000000e-02 0.000000000000000e+00
4.500000000000000e-04 7.990000000000001e-03 0.000000000000000e+00
9.000000000000000e-04 7.950000000000000e-03 0.000000000000000e+00
1.340000000000000e-03 7.889999999999999e-03 0.000000000000000e+00
1.780000000000000e-03 7.800000000000000e-03 0.000000000000000e+00
2.210000000000000e-03 7.690000000000000e-03 0.000000000000000e+00
2.640000000000000e-03 7.550000000000000e-03 0.000000000000000e+00
3.060000000000000e-03 7.390000000000000e-03 0.000000000000000e+00
3.470000000000000e-03 7.210000000000000e-03 0.000000000000000e+00
3.870000000000000e-03 7.000000000000000e-03 0.000000000000000e+00
4.260000000000000e-03 6.770000000000000e-03 0.000000000000000e+00
4.630000000000000e-03 6.520000000000000e-03 0.000000000000000e+00
4.990000000000000e-03 6.250000000000000e-03 0.000000000000000e+00
5.330000000000000e-03 5.970000000000000e-03 0.000000000000000e+00
1.040000000000000e-03 5.230000000000000e-03 0.000000000000000e+00
2.040000000000000e-03 4.930000000000000e-03 0.000000000000000e+00
2.960000000000000e-03 4.430000000000000e-03 0.000000000000000e+00
0.000000000000000e+00 6.000000000000000e-03 0.000000000000000e+00
0.000000000000000e+00 6.670000000000000e-03 0.000000000000000e+00
0.000000000000000e+00 7.330000000000000e-03 0.000000000000000e+00
3.540000000000000e-03 1.767000000000000e-02 0.000000000000000e+00
3.190000000000000e-03 1.732000000000000e-02 0.000000000000000e+00
2.830000000000000e-03 1.697000000000000e-02 0.000000000000000e+00
2.480000000000000e-03 1.661000000000000e-02 0.000000000000000e+00
2.480000000000000e-03 1.591000000000000e-02 0.000000000000000e+00
2.830000000000000e-03 1.555000000000000e-02 0.000000000000000e+00
3.180000000000000e-03 1.520000000000000e-02 0.000000000000000e+00
3.540000000000000e-03 1.485000000000000e-02 0.000000000000000e+00
3.890000000000000e-03 1.449000000000000e-02 0.000000000000000e+00
4.250000000000000e-03 1.414000000000000e-02 0.000000000000000e+00
4.600000000000000e-03 1.379000000000000e-02 0.000000000000000e+00
4.950000000000000e-03 1.343000000000000e-02 0.000000000000000e+00
5.310000000000000e-03 1.308000000000000e-02 0.000000000000000e+00
5.660000000000000e-03 1.273000000000000e-02 0.000000000000000e+00
6.010000000000000e-03 1.237000000000000e-02 0.000000000000000e+00
6.370000000000000e-03 1.202000000000000e-02 0.000000000000000e+00
6.720000000000000e-03 1.167000000000000e-02 0.000000000000000e+00
7.070000000000000e-03 1.131000000000000e-02 0.000000000000000e+00
7.430000000000000e-03 1.096000000000000e-02 0.000000000000000e+00
7.780000000000000e-03 1.061000000000000e-02 0.000000000000000e+00
8.130000000000000e-03 1.025000000000000e-02 0.000000000000000e+00
8.489999999999999e-03 9.900000000000001e-03 0.000000000000000e+00
8.840000000000001e-03 9.549999999999999e-03 0.000000000000000e+00
1.061000000000000e-02 1.131000000000000e-02 0.000000000000000e+00
1.025000000000000e-02 1.167000000000000e-02 0.000000000000000e+00
9.900000000000001e-03 1.202000000000000e-02 0.000000000000000e+00
9.549999999999999e-03 1.237000000000000e-02 0.000000000000000e+00
9.190000000000000e-03 1.273000000000000e-02 0.000000000000000e+00
8.840000000000001e-03 1.308000000000000e-02 0.000000000000000e+00
8.489999999999999e-03 1.343000000000000e-02 0.000000000000000e+00
8.130000000000000e-03 1.379000000000000e-02 0.000000000000000e+00
7.780000000000000e-03 1.414000000000000e-02 0.000000000000000e+00
7.430000000000000e-03 1.449000000000000e-02 0.000000000000000e+00
7.070000000000000e-03 1.485000000000000e-02 0.000000000000000e+00
6.720000000000000e-03 1.520000000000000e-02 0.000000000000000e+00
6.370000000000000e-03 1.555000000000000e-02 0.000000000000000e+00
6.010000000000000e-03 1.591000000000000e-02 0.000000000000000e+00
5.660000000000000e-03 1.626000000000000e-02 0.000000000000000e+00
5.310000000000000e-03 1.661000000000000e-02 0.000000000000000e+00
4.950000000000000e-03 1.697000000000000e-02 0.000000000000000e+00
4.600000000000000e-03 1.732000000000000e-02 0.000000000000000e+00
4.250000000000000e-03 1.767000000000000e-02 0.000000000000000e+00
1.800000000000000e-03 1.658000000000000e-02 0.000000000000000e+00
1.240000000000000e-03 1.715000000000000e-02 0.000000000000000e+00
9.900000000000000e-04 1.739000000000000e-02 0.000000000000000e+00
7.500000000000000e-04 1.813000000000000e-02 0.000000000000000e+00
7.500000000000000e-04 1.862000000000000e-02 0.000000000000000e+00
7.500000000000000e-04 1.911000000000000e-02 0.000000000000000e+00
7.500000000000000e-04 1.960000000000000e-02 0.000000000000000e+00
7.500000000000000e-04 2.010000000000000e-02 0.000000000000000e+00
7.500000000000000e-04 2.059000000000000e-02 0.000000000000000e+00
7.500000000000000e-04 2.108000000000000e-02 0.000000000000000e+00
7.500000000000000e-04 2.157000000000000e-02 0.000000000000000e+00
7.500000000000000e-04 2.207000000000000e-02 0.000000000000000e+00
7.500000000000000e-04 2.256000000000000e-02 0.000000000000000e+00
7.500000000000000e-04 2.305000000000000e-02 0.000000000000000e+00
7.500000000000000e-04 2.354000000000000e-02 0.000000000000000e+00
7.500000000000000e-04 2.404000000000000e-02 0.000000000000000e+00
7.500000000000000e-04 2.453000000000000e-02 0.000000000000000e+00
7.400000000000000e-04 2.502000000000000e-02 0.000000000000000e+00
7.400000000000000e-04 2.551000000000000e-02 0.000000000000000e+00
7.400000000000000e-04 2.601000000000000e-02 0.000000000000000e+00
7.400000000000000e-04 2.650000000000000e-02 0.000000000000000e+00
1.160000000000000e-03 2.696000000000000e-02 0.000000000000000e+00
1.580000000000000e-03 2.693000000000000e-02 0.000000000000000e+00
1.990000000000000e-03 2.690000000000000e-02 0.000000000000000e+00
2.410000000000000e-03 2.687000000000000e-02 0.000000000000000e+00
2.830000000000000e-03 2.684000000000000e-02 0.000000000000000e+00
3.240000000000000e-03 2.633000000000000e-02 0.000000000000000e+00
3.240000000000000e-03 2.585000000000000e-02 0.000000000000000e+00
3.240000000000000e-03 2.537000000000000e-02 0.000000000000000e+00
3.240000000000000e-03 2.489000000000000e-02 0.000000000000000e+00
3.250000000000000e-03 2.441000000000000e-02 0.000000000000000e+00
3.250000000000000e-03 2.393000000000000e-02 0.000000000000000e+00
3.250000000000000e-03 2.346000000000000e-02 0.000000000000000e+00
3.250000000000000e-03 2.298000000000000e-02 0.000000000000000e+00
3.250000000000000e-03 2.250000000000000e-02 0.000000000000000e+00
3.250000000000000e-03 2.202000000000000e-02 0.000000000000000e+00
3.250000000000000e-03 2.154000000000000e-02 0.000000000000000e+00
3.250000000000000e-03 2.106000000000000e-02 0.000000000000000e+00
3.250000000000000e-03 2.058000000000000e-02 0.000000000000000e+00
3.250000000000000e-03 2.011000000000000e-02 0.000000000000000e+00
3.250000000000000e-03 1.963000000000000e-02 0.000000000000000e+00
3.250000000000000e-03 1.915000000000000e-02 0.000000000000000e+00
3.570000000000000e-03 1.835000000000000e-02 0.000000000000000e+00
0.000000000000000e+00 2.702000000000000e-02 0.000000000000000e+00
0.000000000000000e+00 2.647000000000000e-02 0.000000000000000e+00
0.000000000000000e+00 2.571000000000000e-02 0.000000000000000e+00
0.000000000000000e+00 2.476000000000000e-02 0.000000000000000e+00
0.000000000000000e+00 2.380000000000000e-02 0.000000000000000e+00
0.000000000000000e+00 2.284000000000000e-02 0.000000000000000e+00
0.000000000000000e+00 2.187000000000000e-02 0.000000000000000e+00
0.000000000000000e+00 2.091000000000000e-02 0.000000000000000e+00
0.000000000000000e+00 1.995000000000000e-02 0.000000000000000e+00
0.000000000000000e+00 1.899000000000000e-02 0.000000000000000e+00
0.000000000000000e+00 1.802000000000000e-02 0.000000000000000e+00
0.000000000000000e+00 1.706000000000000e-02 0.000000000000000e+00
0.000000000000000e+00 1.610000000000000e-02 0.000000000000000e+00
0.000000000000000e+00 1.514000000000000e-02 0.000000000000000e+00
0.000000000000000e+00 1.417000000000000e-02 0.000000000000000e+00
0.000000000000000e+00 1.321000000000000e-02 0.000000000000000e+00
0.000000000000000e+00 1.225000000000000e-02 0.000000000000000e+00
0.000000000000000e+00 1.129000000000000e-02 0.000000000000000e+00
0.000000000000000e+00 1.032000000000000e-02 0.000000000000000e+00
0.000000000000000e+00 9.360000000000000e-03 0.000000000000000e+00
0.000000000000000e+00 8.569999999999999e-03 0.000000000000000e+00
1.068000000000000e-02 1.918000000000000e-02 0.000000000000000e+00
7.280000000000000e-03 2.225000000000000e-02 0.000000000000000e+00
3.390000000000000e-03 1.074000000000000e-02 0.000000000000000e+00
1.415000000000000e-02 1.959000000000000e-02 0.000000000000000e+00
1.081000000000000e-02 1.530000000000000e-02 0.000000000000000e+00
7.240000000000000e-03 1.927000000000000e-02 0.000000000000000e+00
5.480000000000000e-03 2.459000000000000e-02 0.000000000000000e+00
1.018000000000000e-02 2.200000000000000e-02 0.000000000000000e+00
5.240000000000000e-03 8.999999999999999e-03 0.000000000000000e+00
8.780000000000000e-03 1.668000000000000e-02 0.000000000000000e+00
1.301000000000000e-02 2.148000000000000e-02 0.000000000000000e+00
5.120000000000000e-03 1.930000000000000e-02 0.000000000000000e+00
1.684000000000000e-02 1.905000000000000e-02 0.000000000000000e+00
2.460000000000000e-03 1.266000000000000e-02 0.000000000000000e+00
8.529999999999999e-03 2.370000000000000e-02 0.000000000000000e+00
5.190000000000000e-03 2.195000000000000e-02 0.000000000000000e+00
1.078000000000000e-02 1.357000000000000e-02 0.000000000000000e+00
1.610000000000000e-03 9.360000000000000e-03 0.000000000000000e+00
1.488000000000000e-02 2.108000000000000e-02 0.000000000000000e+00
1.331000000000000e-02 1.696000000000000e-02 0.000000000000000e+00
7.010000000000000e-03 1.734000000000000e-02 0.000000000000000e+00
9.039999999999999e-03 1.519000000000000e-02 0.000000000000000e+00
3.510000000000000e-03 9.080000000000000e-03 0.000000000000000e+00
5.140000000000000e-03 1.100000000000000e-02 0.000000000000000e+00
1.167000000000000e-02 2.284000000000000e-02 0.000000000000000e+00
4.390000000000000e-03 2.589000000000000e-02 0.000000000000000e+00
1.850000000000000e-03 1.455000000000000e-02 0.000000000000000e+00
5.780000000000000e-03 7.320000000000000e-03 0.000000000000000e+00
7.100000000000000e-03 2.486000000000000e-02 0.000000000000000e+00
4.450000000000000e-03 2.295000000000000e-02 0.000000000000000e+00
7.080000000000000e-03 9.280000000000000e-03 0.000000000000000e+00
1.759000000000000e-02 1.962000000000000e-02 0.000000000000000e+00
1.025000000000000e-02 2.382000000000000e-02 0.000000000000000e+00
4.190000000000000e-03 1.251000000000000e-02 0.000000000000000e+00
5.700000000000000e-03 1.813000000000000e-02 0.000000000000000e+00
9.350000000000001e-03 2.040000000000000e-02 0.000000000000000e+00
7.580000000000000e-03 1.605000000000000e-02 0.000000000000000e+00
1.140000000000000e-03 1.572000000000000e-02 0.000000000000000e+00
4.590000000000000e-03 2.082000000000000e-02 0.000000000000000e+00
1.412000000000000e-02 2.193000000000000e-02 0.000000000000000e+00
1.540000000000000e-02 1.778000000000000e-02 0.000000000000000e+00
1.133000000000000e-02 1.721000000000000e-02 0.000000000000000e+00
1.620000000000000e-02 2.061000000000000e-02 0.000000000000000e+00
1.241000000000000e-02 1.962000000000000e-02 0.000000000000000e+00
4.190000000000000e-03 8.109999999999999e-03 0.000000000000000e+00
4.360000000000000e-03 2.471000000000000e-02 0.000000000000000e+00
1.265000000000000e-02 1.523000000000000e-02 0.000000000000000e+00
5.770000000000000e-03 2.575000000000000e-02 0.000000000000000e+00
9.860000000000001e-03 1.370000000000000e-02 0.000000000000000e+00
6.630000000000000e-03 2.049000000000000e-02 0.000000000000000e+00
3.480000000000000e-03 1.344000000000000e-02 0.000000000000000e+00
8.970000000000001e-03 1.848000000000000e-02 0.000000000000000e+00
6.200000000000000e-03 1.057000000000000e-02 0.000000000000000e+00
1.460000000000000e-03 1.148000000000000e-02 0.000000000000000e+00
7.700000000000000e-04 9.190000000000000e-03 0.000000000000000e+00
8.659999999999999e-03 2.482000000000000e-02 0.000000000000000e+00
1.293000000000000e-02 2.295000000000000e-02 0.000000000000000e+00
1.109000000000000e-02 2.055000000000000e-02 0.000000000000000e+00
4.340000000000000e-03 2.214000000000000e-02 0.000000000000000e+00
1.121000000000000e-02 2.393000000000000e-02 0.000000000000000e+00
1.128000000000000e-02 1.236000000000000e-02 0.000000000000000e+00
8.200000000000001e-03 9.320000000000000e-03 0.000000000000000e+00
2.500000000000000e-03 8.569999999999999e-03 0.000000000000000e+00
8.580000000000001e-03 2.218000000000000e-02 0.000000000000000e+00
7.600000000000000e-04 1.661000000000000e-02 0.000000000000000e+00
1.305000000000000e-02 1.821000000000000e-02 0.000000000000000e+00
1.701000000000000e-02 2.020000000000000e-02 0.000000000000000e+00
6.520000000000000e-03 2.323000000000000e-02 0.000000000000000e+00
1.574000000000000e-02 2.132000000000000e-02 0.000000000000000e+00
9.450000000000000e-03 2.466000000000000e-02 0.000000000000000e+00
4.250000000000000e-03 1.980000000000000e-02 0.000000000000000e+00
1.485000000000000e-02 2.192000000000000e-02 0.000000000000000e+00
4.740000000000000e-03 1.858000000000000e-02 0.000000000000000e+00
1.010000000000000e-02 1.662000000000000e-02 0.000000000000000e+00
3.880000000000000e-03 2.648000000000000e-02 0.000000000000000e+00
6.850000000000000e-03 1.656000000000000e-02 0.000000000000000e+00
8.340000000000000e-03 1.504000000000000e-02 0.000000000000000e+00
6.070000000000000e-03 1.730000000000000e-02 0.000000000000000e+00
9.120000000000000e-03 1.450000000000000e-02 0.000000000000000e+00
1.465000000000000e-02 1.615000000000000e-02 0.000000000000000e+00
4.980000000000000e-03 1.179000000000000e-02 0.000000000000000e+00
2.980000000000000e-03 1.441000000000000e-02 0.000000000000000e+00
1.960000000000000e-03 1.550000000000000e-02 0.000000000000000e+00
1.213000000000000e-02 1.389000000000000e-02 0.000000000000000e+00
3.950000000000000e-03 1.898000000000000e-02 0.000000000000000e+00
6.800000000000000e-03 2.593000000000000e-02 0.000000000000000e+00
7.600000000000000e-03 2.554000000000000e-02 0.000000000000000e+00
7.180000000000000e-03 1.024000000000000e-02 0.000000000000000e+00
1.050000000000000e-03 1.282000000000000e-02 0.000000000000000e+00
3.920000000000000e-03 2.382000000000000e-02 0.000000000000000e+00
3.250000000000000e-03 8.229999999999999e-03 0.000000000000000e+00
7.800000000000000e-03 2.123000000000000e-02 0.000000000000000e+00
1.045000000000000e-02 1.256000000000000e-02 0.000000000000000e+00
1.613000000000000e-02 1.844000000000000e-02 0.000000000000000e+00
6.870000000000000e-03 8.109999999999999e-03 0.000000000000000e+00
1.220000000000000e-02 1.654000000000000e-02 0.000000000000000e+00
7.550000000000000e-03 2.392000000000000e-02 0.000000000000000e+00
4.210000000000000e-03 1.318000000000000e-02 0.000000000000000e+00
1.212000000000000e-02 2.371000000000000e-02 0.000000000000000e+00
1.191000000000000e-02 1.860000000000000e-02 0.000000000000000e+00
1.023000000000000e-02 1.792000000000000e-02 0.000000000000000e+00
4.370000000000000e-03 9.939999999999999e-03 0.000000000000000e+00
6.200000000000000e-03 1.949000000000000e-02 0.000000000000000e+00
1.168000000000000e-02 2.169000000000000e-02 0.000000000000000e+00
1.528000000000000e-02 2.002000000000000e-02 0.000000000000000e+00
1.387000000000000e-02 2.041000000000000e-02 0.000000000000000e+00
1.383000000000000e-02 1.576000000000000e-02 0.000000000000000e+00
5.670000000000000e-03 6.580000000000000e-03 0.000000000000000e+00
4.960000000000000e-03 7.280000000000000e-03 0.000000000000000e+00
7.570000000000000e-03 1.824000000000000e-02 0.000000000000000e+00
9.390000000000001e-03 2.298000000000000e-02 0.000000000000000e+00
1.024000000000000e-02 2.016000000000000e-02 0.000000000000000e+00
2.550000000000000e-03 1.173000000000000e-02 0.000000000000000e+00
1.060000000000000e-02 2.437000000000000e-02 0.000000000000000e+00
1.403000000000000e-02 1.772000000000000e-02 0.000000000000000e+00
8.480000000000000e-03 1.965000000000000e-02 0.000000000000000e+00
5.590000000000000e-03 2.005000000000000e-02 0.000000000000000e+00
5.070000000000000e-03 1.763000000000000e-02 0.000000000000000e+00
3.890000000000000e-03 2.141000000000000e-02 0.000000000000000e+00
1.392000000000000e-02 2.273000000000000e-02 0.000000000000000e+00
1.064000000000000e-02 1.449000000000000e-02 0.000000000000000e+00
1.300000000000000e-03 1.020000000000000e-02 0.000000000000000e+00
9.570000000000000e-03 2.126000000000000e-02 0.000000000000000e+00
1.559000000000000e-02 1.898000000000000e-02 0.000000000000000e+00
8.010000000000000e-03 2.284000000000000e-02 0.000000000000000e+00
6.320000000000000e-03 2.161000000000000e-02 0.000000000000000e+00
1.745000000000000e-02 1.853000000000000e-02 0.000000000000000e+00
1.828000000000000e-02 1.966000000000000e-02 0.000000000000000e+00
4.940000000000000e-03 2.624000000000000e-02 0.000000000000000e+00
4.290000000000000e-03 2.647000000000000e-02 0.000000000000000e+00
1.826000000000000e-02 1.999000000000000e-02 0.000000000000000e+00
3.850000000000000e-03 2.528000000000000e-02 0.000000000000000e+00
1.202000000000000e-02 2.082000000000000e-02 0.000000000000000e+00
1.060000000000000e-03 1.396000000000000e-02 0.000000000000000e+00
7.710000000000000e-03 2.024000000000000e-02 0.000000000000000e+00
7.610000000000000e-03 8.770000000000000e-03 0.000000000000000e+00
1.241000000000000e-02 1.759000000000000e-02 0.000000000000000e+00
5.990000000000000e-03 1.135000000000000e-02 0.000000000000000e+00
2.250000000000000e-03 1.075000000000000e-02 0.000000000000000e+00
5.380000000000000e-03 2.640000000000000e-02 0.000000000000000e+00
1.170000000000000e-02 1.492000000000000e-02 0.000000000000000e+00
3.780000000000000e-03 2.610000000000000e-02 0.000000000000000e+00
1.062000000000000e-02 2.302000000000000e-02 0.000000000000000e+00
1.370000000000000e-02 2.321000000000000e-02 0.000000000000000e+00
1.447000000000000e-02 2.291000000000000e-02 0.000000000000000e+00
7.600000000000000e-04 1.197000000000000e-02 0.000000000000000e+00
6.620000000000000e-03 1.824000000000000e-02 0.000000000000000e+00
3.750000000000000e-03 2.263000000000000e-02 0.000000000000000e+00
9.840000000000000e-03 1.550000000000000e-02 0.000000000000000e+00
7.090000000000000e-03 1.526000000000000e-02 0.000000000000000e+00
1.165000000000000e-02 1.966000000000000e-02 0.000000000000000e+00
1.791000000000000e-02 2.028000000000000e-02 0.000000000000000e+00
1.607000000000000e-02 1.724000000000000e-02 0.000000000000000e+00
5.400000000000000e-03 1.005000000000000e-02 0.000000000000000e+00
9.339999999999999e-03 1.949000000000000e-02 0.000000000000000e+00
1.485000000000000e-02 2.265000000000000e-02 0.000000000000000e+00
1.323000000000000e-02 2.359000000000000e-02 0.000000000000000e+00
6.670000000000000e-03 2.414000000000000e-02 0.000000000000000e+00
5.770000000000000e-03 2.638000000000000e-02 0.000000000000000e+00
6.210000000000000e-03 2.620000000000000e-02 0.000000000000000e+00
1.285000000000000e-02 2.391000000000000e-02 0.000000000000000e+00
1.523000000000000e-02 2.245000000000000e-02 0.000000000000000e+00
1.563000000000000e-02 2.193000000000000e-02 0.000000000000000e+00
1.618000000000000e-02 2.170000000000000e-02 0.000000000000000e+00
1.627000000000000e-02 2.112000000000000e-02 0.000000000000000e+00
1.742000000000000e-02 2.063000000000000e-02 0.000000000000000e+00
1.678000000000000e-02 2.073000000000000e-02 0.000000000000000e+00
1.289000000000000e-02 1.426000000000000e-02 0.000000000000000e+00
1.700000000000000e-03 8.480000000000000e-03 0.000000000000000e+00
1.166000000000000e-02 1.308000000000000e-02 0.000000000000000e+00
1.022000000000000e-02 2.499000000000000e-02 0.000000000000000e+00
9.719999999999999e-03 2.515000000000000e-02 0.000000000000000e+00
9.230000000000000e-03 2.539000000000000e-02 0.000000000000000e+00
8.850000000000000e-03 2.570000000000000e-02 0.000000000000000e+00
8.390000000000000e-03 2.553000000000000e-02 0.000000000000000e+00
1.104000000000000e-02 2.468000000000000e-02 0.000000000000000e+00
1.149000000000000e-02 2.453000000000000e-02 0.000000000000000e+00
1.188000000000000e-02 2.433000000000000e-02 0.000000000000000e+00
6.700000000000000e-04 1.709000000000000e-02 0.000000000000000e+00
1.610000000000000e-03 1.616000000000000e-02 0.000000000000000e+00
9.330000000000000e-03 1.743000000000000e-02 0.000000000000000e+00
4.210000000000000e-03 1.169000000000000e-02 0.000000000000000e+00
9.100000000000000e-04 1.495000000000000e-02 0.000000000000000e+00
1.104000000000000e-02 1.619000000000000e-02 0.000000000000000e+00
1.331000000000000e-02 1.938000000000000e-02 0.000000000000000e+00
1.480000000000000e-02 1.847000000000000e-02 0.000000000000000e+00
3.900000000000000e-04 2.677000000000000e-02 0.000000000000000e+00
2.610000000000000e-03 9.490000000000000e-03 0.000000000000000e+00
3.780000000000000e-03 7.480000000000000e-03 0.000000000000000e+00
6.520000000000000e-03 7.310000000000000e-03 0.000000000000000e+00
5.330000000000000e-03 2.283000000000000e-02 0.000000000000000e+00
3.950000000000000e-03 2.034000000000000e-02 0.000000000000000e+00
6.090000000000000e-03 1.665000000000000e-02 0.000000000000000e+00
9.030000000000000e-03 1.375000000000000e-02 0.000000000000000e+00
8.470000000000000e-03 1.440000000000000e-02 0.000000000000000e+00
4.330000000000000e-03 9.039999999999999e-03 0.000000000000000e+00
4.960000000000000e-03 1.257000000000000e-02 0.000000000000000e+00
1.229000000000000e-02 2.226000000000000e-02 0.000000000000000e+00
7.620000000000000e-03 9.769999999999999e-03 0.000000000000000e+00
7.990000000000001e-03 1.697000000000000e-02 0.000000000000000e+00
8.580000000000001e-03 1.585000000000000e-02 0.000000000000000e+00
5.090000000000000e-03 8.130000000000000e-03 0.000000000000000e+00
5.030000000000000e-03 2.531000000000000e-02 0.000000000000000e+00
2.630000000000000e-03 1.499000000000000e-02 0.000000000000000e+00
3.480000000000000e-03 1.413000000000000e-02 0.000000000000000e+00
1.300000000000000e-02 1.614000000000000e-02 0.000000000000000e+00
1.397000000000000e-02 2.121000000000000e-02 0.000000000000000e+00
7.390000000000000e-03 2.616000000000000e-02 0.000000000000000e+00
1.790000000000000e-03 1.329000000000000e-02 0.000000000000000e+00
1.800000000000000e-03 1.212000000000000e-02 0.000000000000000e+00
2.400000000000000e-03 8.070000000000001e-03 0.000000000000000e+00
7.760000000000000e-03 2.469000000000000e-02 0.000000000000000e+00
6.850000000000000e-03 1.076000000000000e-02 0.000000000000000e+00
4.200000000000000e-04 2.138000000000000e-02 0.000000000000000e+00
1.107000000000000e-02 1.826000000000000e-02 0.000000000000000e+00
3.370000000000000e-03 1.257000000000000e-02 0.000000000000000e+00
1.672000000000000e-02 2.116000000000000e-02 0.000000000000000e+00
9.760000000000000e-03 1.297000000000000e-02 0.000000000000000e+00
1.798000000000000e-02 1.900000000000000e-02 0.000000000000000e+00
1.056000000000000e-02 1.197000000000000e-02 0.000000000000000e+00
3.680000000000000e-03 2.690000000000000e-02 0.000000000000000e+00
5.720000000000000e-03 2.368000000000000e-02 0.000000000000000e+00
3.820000000000000e-03 2.436000000000000e-02 0.000000000000000e+00
4.900000000000000e-04 8.520000000000000e-03 0.000000000000000e+00
4.090000000000000e-03 1.369000000000000e-02 0.000000000000000e+00
4.200000000000000e-04 2.041000000000000e-02 0.000000000000000e+00
1.353000000000000e-02 2.229000000000000e-02 0.000000000000000e+00
1.462000000000000e-02 2.030000000000000e-02 0.000000000000000e+00
3.900000000000000e-04 2.621000000000000e-02 0.000000000000000e+00
1.081000000000000e-02 2.144000000000000e-02 0.000000000000000e+00
1.121000000000000e-02 2.223000000000000e-02 0.000000000000000e+00
9.880000000000000e-03 1.452000000000000e-02 0.000000000000000e+00
4.300000000000000e-04 1.945000000000000e-02 0.000000000000000e+00
6.230000000000000e-03 8.880000000000001e-03 0.000000000000000e+00
5.080000000000000e-03 6.670000000000000e-03 0.000000000000000e+00
9.910000000000000e-03 1.873000000000000e-02 0.000000000000000e+00
6.450000000000000e-03 9.809999999999999e-03 0.000000000000000e+00
4.600000000000000e-04 1.847000000000000e-02 0.000000000000000e+00
1.297000000000000e-02 2.021000000000000e-02 0.000000000000000e+00
6.300000000000000e-03 2.508000000000000e-02 0.000000000000000e+00
9.299999999999999e-03 1.620000000000000e-02 0.000000000000000e+00
4.610000000000000e-03 1.798000000000000e-02 0.000000000000000e+00
5.440000000000000e-03 1.716000000000000e-02 0.000000000000000e+00
1.456000000000000e-02 1.561000000000000e-02 0.000000000000000e+00
7.880000000000000e-03 2.186000000000000e-02 0.000000000000000e+00
8.630000000000001e-03 2.123000000000000e-02 0.000000000000000e+00
1.533000000000000e-02 1.647000000000000e-02 0.000000000000000e+00
7.280000000000000e-03 2.315000000000000e-02 0.000000000000000e+00
5.660000000000000e-03 2.110000000000000e-02 0.000000000000000e+00
1.130000000000000e-02 1.421000000000000e-02 0.000000000000000e+00
3.520000000000000e-03 9.910000000000000e-03 0.000000000000000e+00
3.820000000000000e-03 2.182000000000000e-02 0.000000000000000e+00
7.200000000000000e-04 9.900000000000001e-03 0.000000000000000e+00
4.100000000000000e-04 1.773000000000000e-02 0.000000000000000e+00
1.094000000000000e-02 1.176000000000000e-02 0.000000000000000e+00
6.960000000000000e-03 2.140000000000000e-02 0.000000000000000e+00
1.170000000000000e-03 1.639000000000000e-02 0.000000000000000e+00
1.381000000000000e-02 1.867000000000000e-02 0.000000000000000e+00
5.250000000000000e-03 2.596000000000000e-02 0.000000000000000e+00
5.580000000000000e-03 1.201000000000000e-02 0.000000000000000e+00
7.700000000000000e-04 1.103000000000000e-02 0.000000000000000e+00
5.820000000000000e-03 1.895000000000000e-02 0.000000000000000e+00
6.210000000000000e-03 2.236000000000000e-02 0.000000000000000e+00
1.362000000000000e-02 1.484000000000000e-02 0.000000000000000e+00
5.870000000000000e-03 8.040000000000000e-03 0.000000000000000e+00
1.268000000000000e-02 1.898000000000000e-02 0.000000000000000e+00
9.469999999999999e-03 2.211000000000000e-02 0.000000000000000e+00
6.860000000000000e-03 1.573000000000000e-02 0.000000000000000e+00
7.650000000000000e-03 1.511000000000000e-02 0.000000000000000e+00
1.053000000000000e-02 1.727000000000000e-02 0.000000000000000e+00
1.557000000000000e-02 2.066000000000000e-02 0.000000000000000e+00
4.010000000000000e-03 2.685000000000000e-02 0.000000000000000e+00
1.882000000000000e-02 1.947000000000000e-02 0.000000000000000e+00
8.180000000000000e-03 1.897000000000000e-02 0.000000000000000e+00
1.415000000000000e-02 1.649000000000000e-02 0.000000000000000e+00
8.640000000000000e-03 2.045000000000000e-02 0.000000000000000e+00
3.730000000000000e-03 2.323000000000000e-02 0.000000000000000e+00
3.390000000000000e-03 7.670000000000000e-03 0.000000000000000e+00
4.330000000000000e-03 7.440000000000000e-03 0.000000000000000e+00
2.550000000000000e-03 1.373000000000000e-02 0.000000000000000e+00
9.620000000000000e-03 2.398000000000000e-02 0.000000000000000e+00
4.700000000000000e-03 2.394000000000000e-02 0.000000000000000e+00
1.870000000000000e-03 1.600000000000000e-02 0.000000000000000e+00
1.185000000000000e-02 1.586000000000000e-02 0.000000000000000e+00
2.060000000000000e-03 8.010000000000000e-03 0.000000000000000e+00
6.660000000000000e-03 1.125000000000000e-02 0.000000000000000e+00
9.230000000000000e-03 1.314000000000000e-02 0.000000000000000e+00
2.210000000000000e-03 2.715000000000000e-02 0.000000000000000e+00
1.010000000000000e-03 8.500000000000001e-03 0.000000000000000e+00
3.890000000000000e-03 1.407000000000000e-02 0.000000000000000e+00
3.550000000000000e-03 1.942000000000000e-02 0.000000000000000e+00
2.580000000000000e-03 2.715000000000000e-02 0.000000000000000e+00
1.845000000000000e-02 1.928000000000000e-02 0.000000000000000e+00
1.337000000000000e-02 1.776000000000000e-02 0.000000000000000e+00
3.760000000000000e-03 2.089000000000000e-02 0.000000000000000e+00
1.471000000000000e-02 1.714000000000000e-02 0.000000000000000e+00
1.650000000000000e-02 2.147000000000000e-02 0.000000000000000e+00
1.715000000000000e-02 2.089000000000000e-02 0.000000000000000e+00
3.930000000000000e-03 1.850000000000000e-02 0.000000000000000e+00
3.360000000000000e-03 1.168000000000000e-02 0.000000000000000e+00
3.560000000000000e-03 2.471000000000000e-02 0.000000000000000e+00
1.261000000000000e-02 1.337000000000000e-02 0.000000000000000e+00
6.670000000000000e-03 1.974000000000000e-02 0.000000000000000e+00
8.340000000000000e-03 1.774000000000000e-02 0.000000000000000e+00
1.421000000000000e-02 2.307000000000000e-02 0.000000000000000e+00
3.750000000000000e-03 2.220000000000000e-02 0.000000000000000e+00
3.630000000000000e-03 2.578000000000000e-02 0.000000000000000e+00
4.720000000000000e-03 2.666000000000000e-02 0.000000000000000e+00
1.678000000000000e-02 1.792000000000000e-02 0.000000000000000e+00
3.700000000000000e-03 1.973000000000000e-02 0.000000000000000e+00
5.770000000000000e-03 6.160000000000000e-03 0.000000000000000e+00
4.840000000000000e-03 2.023000000000000e-02 0.000000000000000e+00
7.930000000000000e-03 1.468000000000000e-02 0.000000000000000e+00
6.480000000000000e-03 1.614000000000000e-02 0.000000000000000e+00
5.600000000000000e-03 1.682000000000000e-02 0.000000000000000e+00
8.520000000000000e-03 1.399000000000000e-02 0.000000000000000e+00
4.200000000000000e-03 1.829000000000000e-02 0.000000000000000e+00
1.493000000000000e-02 1.934000000000000e-02 0.000000000000000e+00
3.570000000000000e-03 2.666000000000000e-02 0.000000000000000e+00
1.057000000000000e-02 2.487000000000000e-02 0.000000000000000e+00
4.480000000000000e-03 2.150000000000000e-02 0.000000000000000e+00
4.300000000000000e-04 1.893000000000000e-02 0.000000000000000e+00
1.861000000000000e-02 1.973000000000000e-02 0.000000000000000e+00
1.840000000000000e-03 2.714000000000000e-02 0.000000000000000e+00
5.410000000000000e-03 1.243000000000000e-02 0.000000000000000e+00
4.300000000000000e-04 1.991000000000000e-02 0.000000000000000e+00
1.619000000000000e-02 1.976000000000000e-02 0.000000000000000e+00
1.444000000000000e-02 2.251000000000000e-02 0.000000000000000e+00
1.021000000000000e-02 2.096000000000000e-02 0.000000000000000e+00
1.050000000000000e-03 1.693000000000000e-02 0.000000000000000e+00
4.300000000000000e-04 2.088000000000000e-02 0.000000000000000e+00
4.290000000000000e-03 1.084000000000000e-02 0.000000000000000e+00
4.300000000000000e-04 2.574000000000000e-02 0.000000000000000e+00
4.300000000000000e-04 2.520000000000000e-02 0.000000000000000e+00
1.003000000000000e-02 2.454000000000000e-02 0.000000000000000e+00
3.900000000000000e-04 2.194000000000000e-02 0.000000000000000e+00
4.200000000000000e-04 2.241000000000000e-02 0.000000000000000e+00
8.680000000000000e-03 9.310000000000001e-03 0.000000000000000e+00
6.520000000000000e-03 1.891000000000000e-02 0.000000000000000e+00
3.640000000000000e-03 5.570000000000000e-03 0.000000000000000e+00
1.250000000000000e-03 6.450000000000000e-03 0.000000000000000e+00
2.490000000000000e-03 6.130000000000000e-03 0.000000000000000e+00
2.010000000000000e-03 6.940000000000000e-03 0.000000000000000e+00
3.300000000000000e-03 6.340000000000000e-03 0.000000000000000e+00
9.400000000000000e-04 7.130000000000000e-03 0.000000000000000e+00
4.400000000000000e-03 5.680000000000000e-03 0.000000000000000e+00
2.900000000000000e-03 6.570000000000000e-03 0.000000000000000e+00
3.000000000000000e-03 5.740000000000000e-03 0.000000000000000e+00
1.860000000000000e-03 6.110000000000000e-03 0.000000000000000e+00
3.700000000000000e-03 6.180000000000000e-03 0.000000000000000e+00
1.720000000000000e-03 7.330000000000000e-03 0.000000000000000e+00
4.210000000000000e-03 5.180000000000000e-03 0.000000000000000e+00
7.500000000000000e-04 6.600000000000000e-03 0.000000000000000e+00
8.600000000000000e-04 5.950000000000000e-03 0.000000000000000e+00
3.600000000000000e-03 4.820000000000000e-03 0.000000000000000e+00
1.360000000000000e-03 6.050000000000000e-03 0.000000000000000e+00
3.310000000000000e-03 5.300000000000000e-03 0.000000000000000e+00
4.990000000000000e-03 5.710000000000000e-03 0.000000000000000e+00
6.300000000000000e-04 7.520000000000000e-03 0.000000000000000e+00
2.280000000000000e-03 5.520000000000000e-03 0.000000000000000e+00
1.660000000000000e-03 5.690000000000000e-03 0.000000000000000e+00
2.560000000000000e-03 7.130000000000000e-03 0.000000000000000e+00
3.410000000000000e-03 6.780000000000000e-03 0.000000000000000e+00
2.850000000000000e-03 5.230000000000000e-03 0.000000000000000e+00
4.170000000000000e-03 4.800000000000000e-03 0.000000000000000e+00
4.600000000000000e-04 6.330000000000000e-03 0.000000000000000e+00
2.190000000000000e-03 5.940000000000000e-03 0.000000000000000e+00
3.790000000000000e-03 4.360000000000000e-03 0.000000000000000e+00
4.000000000000000e-04 5.770000000000000e-03 0.000000000000000e+00
2.170000000000000e-03 7.290000000000000e-03 0.000000000000000e+00
2.430000000000000e-03 6.670000000000000e-03 0.000000000000000e+00
5.300000000000000e-04 7.050000000000000e-03 0.000000000000000e+00
4.650000000000000e-03 5.340000000000000e-03 0.000000000000000e+00
2.900000000000000e-03 6.170000000000000e-03 0.000000000000000e+00
3.410000000000000e-03 5.910000000000000e-03 0.000000000000000e+00
1.700000000000000e-03 6.620000000000000e-03 0.000000000000000e+00
9.500000000000000e-04 6.350000000000000e-03 0.000000000000000e+00
3.870000000000000e-03 5.280000000000000e-03 0.000000000000000e+00
4.310000000000000e-03 6.230000000000000e-03 0.000000000000000e+00
1.310000000000000e-03 7.490000000000000e-03 0.000000000000000e+00
3.890000000000000e-03 6.560000000000000e-03 0.000000000000000e+00
2.980000000000000e-03 6.960000000000000e-03 0.000000000000000e+00
4.010000000000000e-03 5.860000000000000e-03 0.000000000000000e+00
1.360000000000000e-03 7.040000000000000e-03 0.000000000000000e+00
2.610000000000000e-03 5.790000000000000e-03 0.000000000000000e+00
4.000000000000000e-04 7.630000000000000e-03 0.000000000000000e+00
5.200000000000000e-03 5.550000000000000e-03 0.000000000000000e+00
4.670000000000000e-03 5.960000000000000e-03 0.000000000000000e+00
9.800000000000000e-04 7.470000000000000e-03 0.000000000000000e+00
2.120000000000000e-03 6.400000000000000e-03 0.000000000000000e+00
1.070000000000000e-03 6.770000000000000e-03 0.000000000000000e+00
4.130000000000000e-03 5.490000000000000e-03 0.000000000000000e+00
7.390000000000000e-03 1.276000000000000e-02 0.000000000000000e+00
6.000000000000000e-03 1.422000000000000e-02 0.000000000000000e+00
8.420000000000000e-03 1.167000000000000e-02 0.000000000000000e+00
4.620000000000000e-03 1.558000000000000e-02 0.000000000000000e+00
9.290000000000000e-03 1.084000000000000e-02 0.000000000000000e+00
3.790000000000000e-03 1.638000000000000e-02 0.000000000000000e+00
5.470000000000000e-03 1.501000000000000e-02 0.000000000000000e+00
6.520000000000000e-03 1.323000000000000e-02 0.000000000000000e+00
8.350000000000000e-03 1.249000000000000e-02 0.000000000000000e+00
7.650000000000000e-03 1.195000000000000e-02 0.000000000000000e+00
7.230000000000000e-03 1.346000000000000e-02 0.000000000000000e+00
5.210000000000000e-03 1.439000000000000e-02 0.000000000000000e+00
4.660000000000000e-03 1.471000000000000e-02 0.000000000000000e+00
6.870000000000000e-03 1.407000000000000e-02 0.000000000000000e+00
9.209999999999999e-03 1.169000000000000e-02 0.000000000000000e+00
3.880000000000000e-03 1.561000000000000e-02 0.000000000000000e+00
4.560000000000000e-03 1.630000000000000e-02 0.000000000000000e+00
8.460000000000001e-03 1.091000000000000e-02 0.000000000000000e+00
9.930000000000000e-03 1.105000000000000e-02 0.000000000000000e+00
3.210000000000000e-03 1.620000000000000e-02 0.000000000000000e+00
9.070000000000000e-03 1.021000000000000e-02 0.000000000000000e+00
3.990000000000000e-03 1.697000000000000e-02 0.000000000000000e+00
6.060000000000000e-03 1.470000000000000e-02 0.000000000000000e+00
5.140000000000000e-03 1.561000000000000e-02 0.000000000000000e+00
6.770000000000000e-03 1.258000000000000e-02 0.000000000000000e+00
5.950000000000000e-03 1.350000000000000e-02 0.000000000000000e+00
7.950000000000000e-03 1.322000000000000e-02 0.000000000000000e+00
8.019999999999999e-03 1.123000000000000e-02 0.000000000000000e+00
8.789999999999999e-03 1.208000000000000e-02 0.000000000000000e+00
4.110000000000000e-03 1.510000000000000e-02 0.000000000000000e+00
9.660000000000000e-03 1.038000000000000e-02 0.000000000000000e+00
3.430000000000000e-03 1.684000000000000e-02 0.000000000000000e+00
7.150000000000000e-03 1.219000000000000e-02 0.000000000000000e+00
5.520000000000000e-03 1.386000000000000e-02 0.000000000000000e+00
9.760000000000000e-03 1.146000000000000e-02 0.000000000000000e+00
8.690000000000000e-03 1.038000000000000e-02 0.000000000000000e+00
3.370000000000000e-03 1.569000000000000e-02 0.000000000000000e+00
4.480000000000000e-03 1.679000000000000e-02 0.000000000000000e+00
5.900000000000000e-03 1.544000000000000e-02 0.000000000000000e+00
6.100000000000000e-03 1.282000000000000e-02 0.000000000000000e+00
6.540000000000000e-03 1.462000000000000e-02 0.000000000000000e+00
5.030000000000000e-03 1.516000000000000e-02 0.000000000000000e+00
6.320000000000000e-03 1.372000000000000e-02 0.000000000000000e+00
5.050000000000000e-03 1.608000000000000e-02 0.000000000000000e+00
6.970000000000000e-03 1.302000000000000e-02 0.000000000000000e+00
5.600000000000000e-03 1.461000000000000e-02 0.000000000000000e+00
8.869999999999999e-03 1.126000000000000e-02 0.000000000000000e+00
4.190000000000000e-03 1.598000000000000e-02 0.000000000000000e+00
4.740000000000000e-03 1.432000000000000e-02 0.000000000000000e+00
7.270000000000000e-03 1.398000000000000e-02 0.000000000000000e+00
8.010000000000000e-03 1.206000000000000e-02 0.000000000000000e+00
8.290000000000000e-03 1.287000000000000e-02 0.000000000000000e+00
7.630000000000000e-03 1.139000000000000e-02 0.000000000000000e+00
8.780000000000000e-03 1.249000000000000e-02 0.000000000000000e+00
7.930000000000000e-03 1.241000000000000e-02 0.000000000000000e+00
6.780000000000000e-03 1.365000000000000e-02 0.000000000000000e+00
5.060000000000000e-03 1.478000000000000e-02 0.000000000000000e+00
7.700000000000000e-03 1.371000000000000e-02 0.000000000000000e+00
5.030000000000000e-03 1.394000000000000e-02 0.000000000000000e+00
7.290000000000000e-03 1.172000000000000e-02 0.000000000000000e+00
4.250000000000000e-03 1.465000000000000e-02 0.000000000000000e+00
6.930000000000000e-03 1.449000000000000e-02 0.000000000000000e+00
7.860000000000001e-03 1.277000000000000e-02 0.000000000000000e+00
8.140000000000000e-03 1.093000000000000e-02 0.000000000000000e+00
9.140000000000001e-03 1.206000000000000e-02 0.000000000000000e+00
4.850000000000000e-03 1.644000000000000e-02 0.000000000000000e+00
3.720000000000000e-03 1.538000000000000e-02 0.000000000000000e+00
7.520000000000000e-03 1.315000000000000e-02 0.000000000000000e+00
5.600000000000000e-03 1.423000000000000e-02 0.000000000000000e+00
1.037000000000000e-02 1.096000000000000e-02 0.000000000000000e+00
2.730000000000000e-03 1.625000000000000e-02 0.000000000000000e+00
9.110000000000000e-03 9.760000000000000e-03 0.000000000000000e+00
3.990000000000000e-03 1.744000000000000e-02 0.000000000000000e+00
8.390000000000000e-03 1.207000000000000e-02 0.000000000000000e+00
3.760000000000000e-03 1.597000000000000e-02 0.000000000000000e+00
8.880000000000001e-03 1.080000000000000e-02 0.000000000000000e+00
9.339999999999999e-03 1.126000000000000e-02 0.000000000000000e+00
4.170000000000000e-03 1.646000000000000e-02 0.000000000000000e+00
6.430000000000000e-03 1.416000000000000e-02 0.000000000000000e+00
4.600000000000000e-03 1.600000000000000e-02 0.000000000000000e+00
4.620000000000000e-03 1.514000000000000e-02 0.000000000000000e+00
4.190000000000000e-03 1.558000000000000e-02 0.000000000000000e+00
7.960000000000000e-03 1.167000000000000e-02 0.000000000000000e+00
8.829999999999999e-03 1.168000000000000e-02 0.000000000000000e+00
8.440000000000000e-03 1.127000000000000e-02 0.000000000000000e+00
5.560000000000000e-03 1.580000000000000e-02 0.000000000000000e+00
6.250000000000000e-03 1.511000000000000e-02 0.000000000000000e+00
6.410000000000000e-03 1.246000000000000e-02 0.000000000000000e+00
5.760000000000000e-03 1.311000000000000e-02 0.000000000000000e+00
1.007000000000000e-02 1.065000000000000e-02 0.000000000000000e+00
3.030000000000000e-03 1.656000000000000e-02 0.000000000000000e+00
3.730000000000000e-03 1.719000000000000e-02 0.000000000000000e+00
9.360000000000000e-03 1.001000000000000e-02 0.000000000000000e+00
4.270000000000000e-03 1.718000000000000e-02 0.000000000000000e+00
2.990000000000000e-03 1.592000000000000e-02 0.000000000000000e+00
8.910000000000000e-03 9.960000000000000e-03 0.000000000000000e+00
1.018000000000000e-02 1.120000000000000e-02 0.000000000000000e+00
9.530000000000000e-03 1.189000000000000e-02 0.000000000000000e+00
8.279999999999999e-03 1.060000000000000e-02 0.000000000000000e+00
7.100000000000000e-03 1.251000000000000e-02 0.000000000000000e+00
6.800000000000000e-03 1.215000000000000e-02 0.000000000000000e+00
7.540000000000000e-03 1.231000000000000e-02 0.000000000000000e+00
9.230000000000000e-03 1.052000000000000e-02 0.000000000000000e+00
3.850000000000000e-03 1.670000000000000e-02 0.000000000000000e+00
3.500000000000000e-03 1.634000000000000e-02 0.000000000000000e+00
9.599999999999999e-03 1.088000000000000e-02 0.000000000000000e+00
5.900000000000000e-03 1.510000000000000e-02 0.000000000000000e+00
5.550000000000000e-03 1.544000000000000e-02 0.000000000000000e+00
6.430000000000000e-03 1.280000000000000e-02 0.000000000000000e+00
6.050000000000000e-03 1.317000000000000e-02 0.000000000000000e+00
5.920000000000000e-03 1.385000000000000e-02 0.000000000000000e+00
5.540000000000000e-03 1.340000000000000e-02 0.000000000000000e+00
7.860000000000001e-03 1.094000000000000e-02 0.000000000000000e+00
9.140000000000001e-03 1.240000000000000e-02 0.000000000000000e+00
1.980000000000000e-03 1.802000000000000e-02 0.000000000000000e+00
2.030000000000000e-03 2.556000000000000e-02 0.000000000000000e+00
1.980000000000000e-03 2.038000000000000e-02 0.000000000000000e+00
2.000000000000000e-03 2.180000000000000e-02 0.000000000000000e+00
1.950000000000000e-03 2.324000000000000e-02 0.000000000000000e+00
1.980000000000000e-03 2.436000000000000e-02 0.000000000000000e+00
2.110000000000000e-03 1.922000000000000e-02 0.000000000000000e+00
2.110000000000000e-03 1.740000000000000e-02 0.000000000000000e+00
2.390000000000000e-03 2.099000000000000e-02 0.000000000000000e+00
2.470000000000000e-03 2.250000000000000e-02 0.000000000000000e+00
1.480000000000000e-03 2.245000000000000e-02 0.000000000000000e+00
1.540000000000000e-03 2.103000000000000e-02 0.000000000000000e+00
2.640000000000000e-03 1.803000000000000e-02 0.000000000000000e+00
1.470000000000000e-03 2.616000000000000e-02 0.000000000000000e+00
1.470000000000000e-03 2.387000000000000e-02 0.000000000000000e+00
2.390000000000000e-03 2.610000000000000e-02 0.000000000000000e+00
1.500000000000000e-03 1.979000000000000e-02 0.000000000000000e+00
1.520000000000000e-03 2.502000000000000e-02 0.000000000000000e+00
1.570000000000000e-03 1.884000000000000e-02 0.000000000000000e+00
2.510000000000000e-03 2.501000000000000e-02 0.000000000000000e+00
2.500000000000000e-03 2.381000000000000e-02 0.000000000000000e+00
1.570000000000000e-03 1.774000000000000e-02 0.000000000000000e+00
2.570000000000000e-03 1.986000000000000e-02 0.000000000000000e+00
2.650000000000000e-03 1.863000000000000e-02 0.000000000000000e+00
2.550000000000000e-03 2.190000000000000e-02 0.000000000000000e+00
1.380000000000000e-03 2.186000000000000e-02 0.000000000000000e+00
1.290000000000000e-03 2.044000000000000e-02 0.000000000000000e+00
2.520000000000000e-03 2.319000000000000e-02 0.000000000000000e+00
1.370000000000000e-03 2.336000000000000e-02 0.000000000000000e+00
2.560000000000000e-03 2.046000000000000e-02 0.000000000000000e+00
1.430000000000000e-03 2.442000000000000e-02 0.000000000000000e+00
2.550000000000000e-03 2.441000000000000e-02 0.000000000000000e+00
1.450000000000000e-03 2.561000000000000e-02 0.000000000000000e+00
2.660000000000000e-03 2.556000000000000e-02 0.000000000000000e+00
2.020000000000000e-03 2.627000000000000e-02 0.000000000000000e+00
2.760000000000000e-03 1.922000000000000e-02 0.000000000000000e+00
1.440000000000000e-03 1.818000000000000e-02 0.000000000000000e+00
1.200000000000000e-03 1.934000000000000e-02 0.000000000000000e+00
2.640000000000000e-03 1.744000000000000e-02 0.000000000000000e+00
2.090000000000000e-03 1.866000000000000e-02 0.000000000000000e+00
2.020000000000000e-03 1.979000000000000e-02 0.000000000000000e+00
1.210000000000000e-03 1.783000000000000e-02 0.000000000000000e+00
1.550000000000000e-03 1.739000000000000e-02 0.000000000000000e+00
1.980000000000000e-03 2.382000000000000e-02 0.000000000000000e+00
1.980000000000000e-03 2.511000000000000e-02 0.000000000000000e+00
2.840000000000000e-03 2.146000000000000e-02 0.000000000000000e+00
2.800000000000000e-03 2.286000000000000e-02 0.000000000000000e+00
1.280000000000000e-03 2.139000000000000e-02 0.000000000000000e+00
2.790000000000000e-03 2.222000000000000e-02 0.000000000000000e+00
1.250000000000000e-03 2.281000000000000e-02 0.000000000000000e+00
1.170000000000000e-03 2.097000000000000e-02 0.000000000000000e+00
1.850000000000000e-03 2.267000000000000e-02 0.000000000000000e+00
1.880000000000000e-03 2.123000000000000e-02 0.000000000000000e+00
3.250000000000000e-03 1.802000000000000e-02 0.000000000000000e+00
2.030000000000000e-03 2.090000000000000e-02 0.000000000000000e+00
2.040000000000000e-03 2.235000000000000e-02 0.000000000000000e+00
1.200000000000000e-03 2.660000000000000e-02 0.000000000000000e+00
2.360000000000000e-03 1.772000000000000e-02 0.000000000000000e+00
1.170000000000000e-03 2.223000000000000e-02 0.000000000000000e+00
2.130000000000000e-03 1.687000000000000e-02 0.000000000000000e+00
2.810000000000000e-03 2.092000000000000e-02 0.000000000000000e+00
2.810000000000000e-03 2.641000000000000e-02 0.000000000000000e+00
1.170000000000000e-03 2.473000000000000e-02 0.000000000000000e+00
2.350000000000000e-03 1.834000000000000e-02 0.000000000000000e+00
2.940000000000000e-03 1.833000000000000e-02 0.000000000000000e+00
2.880000000000000e-03 1.883000000000000e-02 0.000000000000000e+00
2.860000000000000e-03 2.405000000000000e-02 0.000000000000000e+00
1.130000000000000e-03 1.983000000000000e-02 0.000000000000000e+00
1.670000000000000e-03 1.941000000000000e-02 0.000000000000000e+00
2.820000000000000e-03 2.516000000000000e-02 0.000000000000000e+00
2.820000000000000e-03 2.358000000000000e-02 0.000000000000000e+00
1.170000000000000e-03 2.369000000000000e-02 0.000000000000000e+00
1.170000000000000e-03 2.530000000000000e-02 0.000000000000000e+00
1.170000000000000e-03 1.896000000000000e-02 0.000000000000000e+00
1.690000000000000e-03 2.156000000000000e-02 0.000000000000000e+00
1.140000000000000e-03 2.629000000000000e-02 0.000000000000000e+00
2.280000000000000e-03 2.208000000000000e-02 0.000000000000000e+00
1.640000000000000e-03 2.653000000000000e-02 0.000000000000000e+00
2.340000000000000e-03 2.147000000000000e-02 0.000000000000000e+00
1.720000000000000e-03 2.069000000000000e-02 0.000000000000000e+00
1.840000000000000e-03 1.763000000000000e-02 0.000000000000000e+00
1.710000000000000e-03 2.411000000000000e-02 0.000000000000000e+00
2.880000000000000e-03 2.016000000000000e-02 0.000000000000000e+00
1.610000000000000e-03 2.302000000000000e-02 0.000000000000000e+00
1.700000000000000e-03 2.007000000000000e-02 0.000000000000000e+00
1.730000000000000e-03 2.464000000000000e-02 0.000000000000000e+00
2.930000000000000e-03 1.769000000000000e-02 0.000000000000000e+00
2.350000000000000e-03 2.650000000000000e-02 0.000000000000000e+00
1.230000000000000e-03 1.752000000000000e-02 0.000000000000000e+00
1.690000000000000e-03 2.357000000000000e-02 0.000000000000000e+00
2.280000000000000e-03 2.530000000000000e-02 0.000000000000000e+00
1.750000000000000e-03 2.538000000000000e-02 0.000000000000000e+00
2.200000000000000e-03 2.291000000000000e-02 0.000000000000000e+00
2.250000000000000e-03 2.352000000000000e-02 0.000000000000000e+00
2.370000000000000e-03 1.716000000000000e-02 0.000000000000000e+00
2.250000000000000e-03 2.410000000000000e-02 0.000000000000000e+00
1.760000000000000e-03 1.843000000000000e-02 0.000000000000000e+00
1.820000000000000e-03 2.591000000000000e-02 0.000000000000000e+00
1.730000000000000e-03 2.212000000000000e-02 0.000000000000000e+00
2.170000000000000e-03 2.474000000000000e-02 0.000000000000000e+00
2.780000000000000e-03 2.599000000000000e-02 0.000000000000000e+00
2.290000000000000e-03 2.012000000000000e-02 0.000000000000000e+00
2.850000000000000e-03 2.477000000000000e-02 0.000000000000000e+00
2.270000000000000e-03 2.581000000000000e-02 0.000000000000000e+00
2.890000000000000e-03 1.968000000000000e-02 0.000000000000000e+00
2.350000000000000e-03 1.953000000000000e-02 0.000000000000000e+00
1.930000000000000e-03 1.892000000000000e-02 0.000000000000000e+00
1.140000000000000e-03 2.591000000000000e-02 0.000000000000000e+00
1.820000000000000e-03 1.713000000000000e-02 0.000000000000000e+00
2.390000000000000e-03 1.893000000000000e-02 0.000000000000000e+00
1.130000000000000e-03 2.411000000000000e-02 0.000000000000000e+00
2.250000000000000e-03 2.065000000000000e-02 0.000000000000000e+00
1.070000000000000e-03 2.317000000000000e-02 0.000000000000000e+00
1.150000000000000e-03 1.852000000000000e-02 0.000000000000000e+00
2.970000000000000e-03 2.311000000000000e-02 0.000000000000000e+00
2.890000000000000e-03 2.188000000000000e-02 0.000000000000000e+00
1.640000000000000e-03 1.797000000000000e-02 0.000000000000000e+00
1.010000000000000e-03 2.194000000000000e-02 0.000000000000000e+00
2.775000000000000e-02 0.000000000000000e+00 0.000000000000000e+00
0.000000000000000e+00 2.775000000000000e-02 0.000000000000000e+00
2.767000000000000e-02 0.000000000000000e+00 0.000000000000000e+00
0.000000000000000e+00 2.767000000000000e-02 0.000000000000000e+00
2.758000000000000e-02 0.000000000000000e+00 0.000000000000000e+00
0.000000000000000e+00 2.758000000000000e-02 0.000000000000000e+00
4.800000000000000e-04 2.775000000000000e-02 0.000000000000000e+00
9.700000000000001e-04 2.773000000000000e-02 0.000000000000000e+00
1.450000000000000e-03 2.771000000000000e-02 0.000000000000000e+00
1.940000000000000e-03 2.768000000000000e-02 0.000000000000000e+00
2.420000000000000e-03 2.764000000000000e-02 0.000000000000000e+00
2.900000000000000e-03 2.760000000000000e-02 0.000000000000000e+00
3.380000000000000e-03 2.754000000000000e-02 0.000000000000000e+00
3.860000000000000e-03 2.748000000000000e-02 0.000000000000000e+00
4.340000000000000e-03 2.741000000000000e-02 0.000000000000000e+00
4.820000000000000e-03 2.733000000000000e-02 0.000000000000000e+00
5.290000000000000e-03 2.724000000000000e-02 0.000000000000000e+00
5.770000000000000e-03 2.714000000000000e-02 0.000000000000000e+00
6.240000000000000e-03 2.704000000000000e-02 0.000000000000000e+00
6.710000000000000e-03 2.693000000000000e-02 0.000000000000000e+00
7.180000000000000e-03 2.680000000000000e-02 0.000000000000000e+00
7.650000000000000e-03 2.668000000000000e-02 0.000000000000000e+00
8.109999999999999e-03 2.654000000000000e-02 0.000000000000000e+00
8.580000000000001e-03 2.639000000000000e-02 0.000000000000000e+00
9.030000000000000e-03 2.624000000000000e-02 0.000000000000000e+00
9.490000000000000e-03 2.608000000000000e-02 0.000000000000000e+00
9.939999999999999e-03 2.591000000000000e-02 0.000000000000000e+00
1.040000000000000e-02 2.573000000000000e-02 0.000000000000000e+00
1.084000000000000e-02 2.554000000000000e-02 0.000000000000000e+00
1.129000000000000e-02 2.535000000000000e-02 0.000000000000000e+00
1.173000000000000e-02 2.515000000000000e-02 0.000000000000000e+00
1.216000000000000e-02 2.494000000000000e-02 0.000000000000000e+00
1.260000000000000e-02 2.473000000000000e-02 0.000000000000000e+00
1.303000000000000e-02 2.450000000000000e-02 0.000000000000000e+00
1.345000000000000e-02 2.427000000000000e-02 0.000000000000000e+00
1.388000000000000e-02 2.403000000000000e-02 0.000000000000000e+00
1.429000000000000e-02 2.379000000000000e-02 0.000000000000000e+00
1.471000000000000e-02 2.353000000000000e-02 0.000000000000000e+00
1.511000000000000e-02 2.327000000000000e-02 0.000000000000000e+00
1.552000000000000e-02 2.301000000000000e-02 0.000000000000000e+00
1.592000000000000e-02 2.273000000000000e-02 0.000000000000000e+00
1.631000000000000e-02 2.245000000000000e-02 0.000000000000000e+00
1.670000000000000e-02 2.216000000000000e-02 0.000000000000000e+00
1.708000000000000e-02 2.187000000000000e-02 0.000000000000000e+00
1.746000000000000e-02 2.157000000000000e-02 0.000000000000000e+00
1.784000000000000e-02 2.126000000000000e-02 0.000000000000000e+00
1.821000000000000e-02 2.094000000000000e-02 0.000000000000000e+00
1.857000000000000e-02 2.062000000000000e-02 0.000000000000000e+00
1.893000000000000e-02 2.030000000000000e-02 0.000000000000000e+00
1.928000000000000e-02 1.996000000000000e-02 0.000000000000000e+00
1.962000000000000e-02 1.962000000000000e-02 0.000000000000000e+00
1.996000000000000e-02 1.928000000000000e-02 0.000000000000000e+00
2.030000000000000e-02 1.893000000000000e-02 0.000000000000000e+00
2.062000000000000e-02 1.857000000000000e-02 0.000000000000000e+00
2.094000000000000e-02 1.821000000000000e-02 0.000000000000000e+00
2.126000000000000e-02 1.784000000000000e-02 0.000000000000000e+00
2.157000000000000e-02 1.746000000000000e-02 0.000000000000000e+00
2.187000000000000e-02 1.708000000000000e-02 0.000000000000000e+00
2.216000000000000e-02 1.670000000000000e-02 0.000000000000000e+00
2.245000000000000e-02 1.631000000000000e-02 0.000000000000000e+00
2.273000000000000e-02 1.592000000000000e-02 0.000000000000000e+00
2.301000000000000e-02 1.552000000000000e-02 0.000000000000000e+00
2.327000000000000e-02 1.511000000000000e-02 0.000000000000000e+00
2.353000000000000e-02 1.471000000000000e-02 0.000000000000000e+00
2.379000000000000e-02 1.429000000000000e-02 0.000000000000000e+00
2.403000000000000e-02 1.388000000000000e-02 0.000000000000000e+00
2.427000000000000e-02 1.345000000000000e-02 0.000000000000000e+00
2.450000000000000e-02 1.303000000000000e-02 0.000000000000000e+00
2.473000000000000e-02 1.260000000000000e-02 0.000000000000000e+00
2.494000000000000e-02 1.216000000000000e-02 0.000000000000000e+00
2.515000000000000e-02 1.173000000000000e-02 0.000000000000000e+00
2.535000000000000e-02 1.129000000000000e-02 0.000000000000000e+00
2.554000000000000e-02 1.084000000000000e-02 0.000000000000000e+00
2.573000000000000e-02 1.040000000000000e-02 0.000000000000000e+00
2.591000000000000e-02 9.939999999999999e-03 0.000000000000000e+00
2.608000000000000e-02 9.490000000000000e-03 0.000000000000000e+00
2.624000000000000e-02 9.030000000000000e-03 0.000000000000000e+00
2.639000000000000e-02 8.580000000000001e-03 0.000000000000000e+00
2.654000000000000e-02 8.109999999999999e-03 0.000000000000000e+00
2.668000000000000e-02 7.650000000000000e-03 0.000000000000000e+00
2.680000000000000e-02 7.180000000000000e-03 0.000000000000000e+00
2.693000000000000e-02 6.710000000000000e-03 0.000000000000000e+00
2.704000000000000e-02 6.240000000000000e-03 0.000000000000000e+00
2.714000000000000e-02 5.770000000000000e-03 0.000000000000000e+00
2.724000000000000e-02 5.290000000000000e-03 0.000000000000000e+00
2.733000000000000e-02 4.820000000000000e-03 0.000000000000000e+00
2.741000000000000e-02 4.340000000000000e-03 0.000000000000000e+00
2.748000000000000e-02 3.860000000000000e-03 0.000000000000000e+00
2.754000000000000e-02 3.380000000000000e-03 0.000000000000000e+00
2.760000000000000e-02 2.900000000000000e-03 0.000000000000000e+00
2.764000000000000e-02 2.420000000000000e-03 0.000000000000000e+00
2.768000000000000e-02 1.940000000000000e-03 0.000000000000000e+00
2.771000000000000e-02 1.450000000000000e-03 0.000000000000000e+00
2.773000000000000e-02 9.700000000000001e-04 0.000000000000000e+00
2.775000000000000e-02 4.800000000000000e-04 0.000000000000000e+00
2.766000000000000e-02 4.800000000000000e-04 0.000000000000000e+00
2.765000000000000e-02 9.700000000000001e-04 0.000000000000000e+00
2.763000000000000e-02 1.450000000000000e-03 0.000000000000000e+00
2.760000000000000e-02 1.930000000000000e-03 0.000000000000000e+00
2.756000000000000e-02 2.410000000000000e-03 0.000000000000000e+00
2.752000000000000e-02 2.890000000000000e-03 0.000000000000000e+00
2.746000000000000e-02 3.370000000000000e-03 0.000000000000000e+00
2.740000000000000e-02 3.850000000000000e-03 0.000000000000000e+00
2.733000000000000e-02 4.330000000000000e-03 0.000000000000000e+00
2.725000000000000e-02 4.800000000000000e-03 0.000000000000000e+00
2.716000000000000e-02 5.280000000000000e-03 0.000000000000000e+00
2.706000000000000e-02 5.750000000000000e-03 0.000000000000000e+00
2.696000000000000e-02 6.220000000000000e-03 0.000000000000000e+00
2.684000000000000e-02 6.690000000000000e-03 0.000000000000000e+00
2.672000000000000e-02 7.160000000000000e-03 0.000000000000000e+00
2.659000000000000e-02 7.630000000000000e-03 0.000000000000000e+00
2.646000000000000e-02 8.090000000000000e-03 0.000000000000000e+00
2.631000000000000e-02 8.550000000000000e-03 0.000000000000000e+00
2.616000000000000e-02 9.010000000000001e-03 0.000000000000000e+00
2.600000000000000e-02 9.460000000000000e-03 0.000000000000000e+00
2.583000000000000e-02 9.910000000000000e-03 0.000000000000000e+00
2.565000000000000e-02 1.036000000000000e-02 0.000000000000000e+00
2.547000000000000e-02 1.081000000000000e-02 0.000000000000000e+00
2.527000000000000e-02 1.125000000000000e-02 0.000000000000000e+00
2.507000000000000e-02 1.169000000000000e-02 0.000000000000000e+00
2.487000000000000e-02 1.213000000000000e-02 0.000000000000000e+00
2.465000000000000e-02 1.256000000000000e-02 0.000000000000000e+00
2.443000000000000e-02 1.299000000000000e-02 0.000000000000000e+00
2.420000000000000e-02 1.341000000000000e-02 0.000000000000000e+00
2.396000000000000e-02 1.383000000000000e-02 0.000000000000000e+00
2.371000000000000e-02 1.425000000000000e-02 0.000000000000000e+00
2.346000000000000e-02 1.466000000000000e-02 0.000000000000000e+00
2.320000000000000e-02 1.507000000000000e-02 0.000000000000000e+00
2.294000000000000e-02 1.547000000000000e-02 0.000000000000000e+00
2.266000000000000e-02 1.587000000000000e-02 0.000000000000000e+00
2.238000000000000e-02 1.626000000000000e-02 0.000000000000000e+00
2.210000000000000e-02 1.665000000000000e-02 0.000000000000000e+00
2.180000000000000e-02 1.703000000000000e-02 0.000000000000000e+00
2.150000000000000e-02 1.741000000000000e-02 0.000000000000000e+00
2.119000000000000e-02 1.778000000000000e-02 0.000000000000000e+00
2.088000000000000e-02 1.815000000000000e-02 0.000000000000000e+00
2.056000000000000e-02 1.851000000000000e-02 0.000000000000000e+00
2.023000000000000e-02 1.887000000000000e-02 0.000000000000000e+00
1.990000000000000e-02 1.922000000000000e-02 0.000000000000000e+00
1.956000000000000e-02 1.956000000000000e-02 0.000000000000000e+00
1.922000000000000e-02 1.990000000000000e-02 0.000000000000000e+00
1.887000000000000e-02 2.023000000000000e-02 0.000000000000000e+00
1.851000000000000e-02 2.056000000000000e-02 0.000000000000000e+00
1.815000000000000e-02 2.088000000000000e-02 0.000000000000000e+00
1.778000000000000e-02 2.119000000000000e-02 0.000000000000000e+00
1.741000000000000e-02 2.150000000000000e-02 0.000000000000000e+00
1.703000000000000e-02 2.180000000000000e-02 0.000000000000000e+00
1.665000000000000e-02 2.210000000000000e-02 0.000000000000000e+00
1.626000000000000e-02 2.238000000000000e-02 0.000000000000000e+00
1.587000000000000e-02 2.266000000000000e-02 0.000000000000000e+00
1.547000000000000e-02 2.294000000000000e-02 0.000000000000000e+00
1.507000000000000e-02 2.320000000000000e-02 0.000000000000000e+00
1.466000000000000e-02 2.346000000000000e-02 0.000000000000000e+00
1.425000000000000e-02 2.371000000000000e-02 0.000000000000000e+00
1.383000000000000e-02 2.396000000000000e-02 0.000000000000000e+00
1.341000000000000e-02 2.420000000000000e-02 0.000000000000000e+00
1.299000000000000e-02 2.443000000000000e-02 0.000000000000000e+00
1.256000000000000e-02 2.465000000000000e-02 0.000000000000000e+00
1.213000000000000e-02 2.487000000000000e-02 0.000000000000000e+00
1.169000000000000e-02 2.507000000000000e-02 0.000000000000000e+00
1.125000000000000e-02 2.527000000000000e-02 0.000000000000000e+00
1.081000000000000e-02 2.547000000000000e-02 0.000000000000000e+00
1.036000000000000e-02 2.565000000000000e-02 0.000000000000000e+00
9.910000000000000e-03 2.583000000000000e-02 0.000000000000000e+00
9.460000000000000e-03 2.600000000000000e-02 0.000000000000000e+00
9.010000000000001e-03 2.616000000000000e-02 0.000000000000000e+00
8.550000000000000e-03 2.631000000000000e-02 0.000000000000000e+00
8.090000000000000e-03 2.646000000000000e-02 0.000000000000000e+00
7.630000000000000e-03 2.659000000000000e-02 0.000000000000000e+00
7.160000000000000e-03 2.672000000000000e-02 0.000000000000000e+00
6.690000000000000e-03 2.684000000000000e-02 0.000000000000000e+00
6.220000000000000e-03 2.696000000000000e-02 0.000000000000000e+00
5.750000000000000e-03 2.706000000000000e-02 0.000000000000000e+00
5.280000000000000e-03 2.716000000000000e-02 0.000000000000000e+00
4.800000000000000e-03 2.725000000000000e-02 0.000000000000000e+00
4.330000000000000e-03 2.733000000000000e-02 0.000000000000000e+00
3.850000000000000e-03 2.740000000000000e-02 0.000000000000000e+00
3.370000000000000e-03 2.746000000000000e-02 0.000000000000000e+00
2.890000000000000e-03 2.752000000000000e-02 0.000000000000000e+00
2.410000000000000e-03 2.756000000000000e-02 0.000000000000000e+00
1.930000000000000e-03 2.760000000000000e-02 0.000000000000000e+00
1.450000000000000e-03 2.763000000000000e-02 0.000000000000000e+00
9.700000000000001e-04 2.765000000000000e-02 0.000000000000000e+00
4.800000000000000e-04 2.766000000000000e-02 0.000000000000000e+00
2.758000000000000e-02 4.800000000000000e-04 0.000000000000000e+00
2.757000000000000e-02 9.600000000000000e-04 0.000000000000000e+00
2.755000000000000e-02 1.440000000000000e-03 0.000000000000000e+00
2.752000000000000e-02 1.920000000000000e-03 0.000000000000000e+00
2.748000000000000e-02 2.400000000000000e-03 0.000000000000000e+00
2.743000000000000e-02 2.880000000000000e-03 0.000000000000000e+00
2.738000000000000e-02 3.360000000000000e-03 0.000000000000000e+00
2.731000000000000e-02 3.840000000000000e-03 0.000000000000000e+00
2.724000000000000e-02 4.310000000000000e-03 0.000000000000000e+00
2.716000000000000e-02 4.790000000000000e-03 0.000000000000000e+00
2.708000000000000e-02 5.260000000000000e-03 0.000000000000000e+00
2.698000000000000e-02 5.730000000000000e-03 0.000000000000000e+00
2.688000000000000e-02 6.200000000000000e-03 0.000000000000000e+00
2.676000000000000e-02 6.670000000000000e-03 0.000000000000000e+00
2.664000000000000e-02 7.140000000000000e-03 0.000000000000000e+00
2.651000000000000e-02 7.600000000000000e-03 0.000000000000000e+00
2.638000000000000e-02 8.059999999999999e-03 0.000000000000000e+00
2.623000000000000e-02 8.520000000000000e-03 0.000000000000000e+00
2.608000000000000e-02 8.980000000000000e-03 0.000000000000000e+00
2.592000000000000e-02 9.429999999999999e-03 0.000000000000000e+00
2.575000000000000e-02 9.880000000000000e-03 0.000000000000000e+00
2.557000000000000e-02 1.033000000000000e-02 0.000000000000000e+00
2.539000000000000e-02 1.078000000000000e-02 0.000000000000000e+00
2.520000000000000e-02 1.122000000000000e-02 0.000000000000000e+00
2.500000000000000e-02 1.166000000000000e-02 0.000000000000000e+00
2.479000000000000e-02 1.209000000000000e-02 0.000000000000000e+00
2.458000000000000e-02 1.252000000000000e-02 0.000000000000000e+00
2.435000000000000e-02 1.295000000000000e-02 0.000000000000000e+00
2.412000000000000e-02 1.337000000000000e-02 0.000000000000000e+00
2.389000000000000e-02 1.379000000000000e-02 0.000000000000000e+00
2.364000000000000e-02 1.421000000000000e-02 0.000000000000000e+00
2.339000000000000e-02 1.462000000000000e-02 0.000000000000000e+00
2.313000000000000e-02 1.502000000000000e-02 0.000000000000000e+00
2.287000000000000e-02 1.542000000000000e-02 0.000000000000000e+00
2.259000000000000e-02 1.582000000000000e-02 0.000000000000000e+00
2.232000000000000e-02 1.621000000000000e-02 0.000000000000000e+00
2.203000000000000e-02 1.660000000000000e-02 0.000000000000000e+00
2.174000000000000e-02 1.698000000000000e-02 0.000000000000000e+00
2.144000000000000e-02 1.736000000000000e-02 0.000000000000000e+00
2.113000000000000e-02 1.773000000000000e-02 0.000000000000000e+00
2.082000000000000e-02 1.810000000000000e-02 0.000000000000000e+00
2.050000000000000e-02 1.846000000000000e-02 0.000000000000000e+00
2.017000000000000e-02 1.881000000000000e-02 0.000000000000000e+00
1.984000000000000e-02 1.916000000000000e-02 0.000000000000000e+00
1.950000000000000e-02 1.950000000000000e-02 0.000000000000000e+00
1.916000000000000e-02 1.984000000000000e-02 0.000000000000000e+00
1.881000000000000e-02 2.017000000000000e-02 0.000000000000000e+00
1.846000000000000e-02 2.050000000000000e-02 0.000000000000000e+00
1.810000000000000e-02 2.082000000000000e-02 0.000000000000000e+00
1.773000000000000e-02 2.113000000000000e-02 0.000000000000000e+00
1.736000000000000e-02 2.144000000000000e-02 0.000000000000000e+00
1.698000000000000e-02 2.174000000000000e-02 0.000000000000000e+00
1.660000000000000e-02 2.203000000000000e-02 0.000000000000000e+00
1.621000000000000e-02 2.232000000000000e-02 0.000000000000000e+00
1.582000000000000e-02 2.259000000000000e-02 0.000000000000000e+00
1.542000000000000e-02 2.287000000000000e-02 0.000000000000000e+00
1.502000000000000e-02 2.313000000000000e-02 0.000000000000000e+00
1.462000000000000e-02 2.339000000000000e-02 0.000000000000000e+00
1.421000000000000e-02 2.364000000000000e-02 0.000000000000000e+00
1.379000000000000e-02 2.389000000000000e-02 0.000000000000000e+00
1.337000000000000e-02 2.412000000000000e-02 0.000000000000000e+00
1.295000000000000e-02 2.435000000000000e-02 0.000000000000000e+00
1.252000000000000e-02 2.458000000000000e-02 0.000000000000000e+00
1.209000000000000e-02 2.479000000000000e-02 0.000000000000000e+00
1.166000000000000e-02 2.500000000000000e-02 0.000000000000000e+00
1.122000000000000e-02 2.520000000000000e-02 0.000000000000000e+00
1.078000000000000e-02 2.539000000000000e-02 0.000000000000000e+00
1.033000000000000e-02 2.557000000000000e-02 0.000000000000000e+00
9.880000000000000e-03 2.575000000000000e-02 0.000000000000000e+00
9.429999999999999e-03 2.592000000000000e-02 0.000000000000000e+00
8.980000000000000e-03 2.608000000000000e-02 0.000000000000000e+00
8.520000000000000e-03 2.623000000000000e-02 0.000000000000000e+00
8.059999999999999e-03 2.638000000000000e-02 0.000000000000000e+00
7.600000000000000e-03 2.651000000000000e-02 0.000000000000000e+00
7.140000000000000e-03 2.664000000000000e-02 0.000000000000000e+00
6.670000000000000e-03 2.676000000000000e-02 0.000000000000000e+00
6.200000000000000e-03 2.688000000000000e-02 0.000000000000000e+00
5.730000000000000e-03 2.698000000000000e-02 0.000000000000000e+00
5.260000000000000e-03 2.708000000000000e-02 0.000000000000000e+00
4.790000000000000e-03 2.716000000000000e-02 0.000000000000000e+00
4.310000000000000e-03 2.724000000000000e-02 0.000000000000000e+00
3.840000000000000e-03 2.731000000000000e-02 0.000000000000000e+00
3.360000000000000e-03 2.738000000000000e-02 0.000000000000000e+00
2.880000000000000e-03 2.743000000000000e-02 0.000000000000000e+00
2.400000000000000e-03 2.748000000000000e-02 0.000000000000000e+00
1.920000000000000e-03 2.752000000000000e-02 0.000000000000000e+00
1.440000000000000e-03 2.755000000000000e-02 0.000000000000000e+00
9.600000000000000e-04 2.757000000000000e-02 0.000000000000000e+00
4.800000000000000e-04 2.758000000000000e-02 0.000000000000000e+00
2.750000000000000e-02 0.000000000000000e+00 6.000000000000000e-02
1.945000000000000e-02 1.945000000000000e-02 6.000000000000000e-02
8.000000000000000e-03 0.000000000000000e+00 6.000000000000000e-02
5.660000000000000e-03 5.660000000000000e-03 6.000000000000000e-02
5.330000000000000e-03 0.000000000000000e+00 6.000000000000000e-02
3.770000000000000e-03 3.770000000000000e-03 6.000000000000000e-02
1.626000000000000e-02 2.120000000000000e-03 6.000000000000000e-02
1.690000000000000e-02 1.480000000000000e-03 6.000000000000000e-02
1.763000000000000e-02 7.500000000000000e-04 6.000000000000000e-02
2.699000000000000e-02 7.400000000000000e-04 6.000000000000000e-02
2.680000000000000e-02 3.240000000000000e-03 6.000000000000000e-02
1.867000000000000e-02 3.250000000000000e-03 6.000000000000000e-02
1.803000000000000e-02 3.890000000000000e-03 6.000000000000000e-02
1.096000000000000e-02 1.096000000000000e-02 6.000000000000000e-02
9.190000000000000e-03 9.190000000000000e-03 6.000000000000000e-02
2.750000000000000e-02 4.900000000000000e-04 6.000000000000000e-02
2.748000000000000e-02 9.800000000000000e-04 6.000000000000000e-02
2.746000000000000e-02 1.470000000000000e-03 6.000000000000000e-02
2.743000000000000e-02 1.960000000000000e-03 6.000000000000000e-02
2.739000000000000e-02 2.450000000000000e-03 6.000000000000000e-02
2.734000000000000e-02 2.940000000000000e-03 6.000000000000000e-02
2.729000000000000e-02 3.430000000000000e-03 6.000000000000000e-02
2.722000000000000e-02 3.910000000000000e-03 6.000000000000000e-02
2.715000000000000e-02 4.400000000000000e-03 6.000000000000000e-02
2.706000000000000e-02 4.880000000000000e-03 6.000000000000000e-02
2.697000000000000e-02 5.360000000000000e-03 6.000000000000000e-02
2.687000000000000e-02 5.850000000000000e-03 6.000000000000000e-02
2.676000000000000e-02 6.320000000000000e-03 6.000000000000000e-02
2.665000000000000e-02 6.800000000000000e-03 6.000000000000000e-02
2.652000000000000e-02 7.280000000000000e-03 6.000000000000000e-02
2.639000000000000e-02 7.750000000000000e-03 6.000000000000000e-02
2.624000000000000e-02 8.220000000000000e-03 6.000000000000000e-02
2.609000000000000e-02 8.680000000000000e-03 6.000000000000000e-02
2.593000000000000e-02 9.150000000000000e-03 6.000000000000000e-02
2.577000000000000e-02 9.610000000000000e-03 6.000000000000000e-02
2.559000000000000e-02 1.007000000000000e-02 6.000000000000000e-02
2.541000000000000e-02 1.052000000000000e-02 6.000000000000000e-02
2.521000000000000e-02 1.098000000000000e-02 6.000000000000000e-02
2.501000000000000e-02 1.142000000000000e-02 6.000000000000000e-02
2.481000000000000e-02 1.187000000000000e-02 6.000000000000000e-02
2.459000000000000e-02 1.231000000000000e-02 6.000000000000000e-02
2.437000000000000e-02 1.275000000000000e-02 6.000000000000000e-02
2.414000000000000e-02 1.318000000000000e-02 6.000000000000000e-02
2.390000000000000e-02 1.361000000000000e-02 6.000000000000000e-02
2.365000000000000e-02 1.403000000000000e-02 6.000000000000000e-02
2.340000000000000e-02 1.445000000000000e-02 6.000000000000000e-02
2.313000000000000e-02 1.487000000000000e-02 6.000000000000000e-02
2.287000000000000e-02 1.528000000000000e-02 6.000000000000000e-02
2.259000000000000e-02 1.568000000000000e-02 6.000000000000000e-02
2.231000000000000e-02 1.608000000000000e-02 6.000000000000000e-02
2.201000000000000e-02 1.648000000000000e-02 6.000000000000000e-02
2.172000000000000e-02 1.687000000000000e-02 6.000000000000000e-02
2.141000000000000e-02 1.726000000000000e-02 6.000000000000000e-02
2.110000000000000e-02 1.763000000000000e-02 6.000000000000000e-02
2.078000000000000e-02 1.801000000000000e-02 6.000000000000000e-02
2.046000000000000e-02 1.838000000000000e-02 6.000000000000000e-02
2.013000000000000e-02 1.874000000000000e-02 6.000000000000000e-02
1.979000000000000e-02 1.910000000000000e-02 6.000000000000000e-02
7.990000000000001e-03 4.500000000000000e-04 6.000000000000000e-02
7.950000000000000e-03 9.000000000000000e-04 6.000000000000000e-02
7.889999999999999e-03 1.340000000000000e-03 6.000000000000000e-02
7.800000000000000e-03 1.780000000000000e-03 6.000000000000000e-02
7.690000000000000e-03 2.210000000000000e-03 6.000000000000000e-02
7.550000000000000e-03 2.640000000000000e-03 6.000000000000000e-02
7.390000000000000e-03 3.060000000000000e-03 6.000000000000000e-02
7.210000000000000e-03 3.470000000000000e-03 6.000000000000000e-02
7.000000000000000e-03 3.870000000000000e-03 6.000000000000000e-02
6.770000000000000e-03 4.260000000000000e-03 6.000000000000000e-02
6.520000000000000e-03 4.630000000000000e-03 6.000000000000000e-02
6.250000000000000e-03 4.990000000000000e-03 6.000000000000000e-02
5.970000000000000e-03 5.330000000000000e-03 6.000000000000000e-02
5.230000000000000e-03 1.040000000000000e-03 6.000000000000000e-02
4.930000000000000e-03 2.040000000000000e-03 6.000000000000000e-02
4.430000000000000e-03 2.960000000000000e-03 6.000000000000000e-02
6.000000000000000e-03 0.000000000000000e+00 6.000000000000000e-02
6.670000000000000e-03 0.000000000000000e+00 6.000000000000000e-02
7.330000000000000e-03 0.000000000000000e+00 6.000000000000000e-02
5.190000000000000e-03 5.190000000000000e-03 6.000000000000000e-02
4.710000000000000e-03 4.710000000000000e-03 6.000000000000000e-02
4.240000000000000e-03 4.240000000000000e-03 6.000000000000000e-02
1.767000000000000e-02 3.540000000000000e-03 6.000000000000000e-02
1.732000000000000e-02 3.190000000000000e-03 6.000000000000000e-02
1.697000000000000e-02 2.830000000000000e-03 6.000000000000000e-02
1.661000000000000e-02 2.480000000000000e-03 6.000000000000000e-02
1.591000000000000e-02 2.480000000000000e-03 6.000000000000000e-02
1.555000000000000e-02 2.830000000000000e-03 6.000000000000000e-02
1.520000000000000e-02 3.180000000000000e-03 6.000000000000000e-02
1.485000000000000e-02 3.540000000000000e-03 6.000000000000000e-02
1.449000000000000e-02 3.890000000000000e-03 6.000000000000000e-02
1.414000000000000e-02 4.250000000000000e-03 6.000000000000000e-02
1.379000000000000e-02 4.600000000000000e-03 6.000000000000000e-02
1.343000000000000e-02 4.950000000000000e-03 6.000000000000000e-02
1.308000000000000e-02 5.310000000000000e-03 6.000000000000000e-02
1.273000000000000e-02 5.660000000000000e-03 6.000000000000000e-02
1.237000000000000e-02 6.010000000000000e-03 6.000000000000000e-02
1.202000000000000e-02 6.370000000000000e-03 6.000000000000000e-02
1.167000000000000e-02 6.720000000000000e-03 6.000000000000000e-02
1.131000000000000e-02 7.070000000000000e-03 6.000000000000000e-02
1.096000000000000e-02 7.430000000000000e-03 6.000000000000000e-02
1.061000000000000e-02 7.780000000000000e-03 6.000000000000000e-02
1.025000000000000e-02 8.130000000000000e-03 6.000000000000000e-02
9.900000000000001e-03 8.489999999999999e-03 6.000000000000000e-02
9.549999999999999e-03 8.840000000000001e-03 6.000000000000000e-02
1.131000000000000e-02 1.061000000000000e-02 6.000000000000000e-02
1.167000000000000e-02 1.025000000000000e-02 6.000000000000000e-02
1.202000000000000e-02 9.900000000000001e-03 6.000000000000000e-02
1.237000000000000e-02 9.549999999999999e-03 6.000000000000000e-02
1.273000000000000e-02 9.190000000000000e-03 6.000000000000000e-02
1.308000000000000e-02 8.840000000000001e-03 6.000000000000000e-02
1.343000000000000e-02 8.489999999999999e-03 6.000000000000000e-02
1.379000000000000e-02 8.130000000000000e-03 6.000000000000000e-02
1.414000000000000e-02 7.780000000000000e-03 6.000000000000000e-02
1.449000000000000e-02 7.430000000000000e-03 6.000000000000000e-02
1.485000000000000e-02 7.070000000000000e-03 6.000000000000000e-02
1.520000000000000e-02 6.720000000000000e-03 6.000000000000000e-02
1.555000000000000e-02 6.370000000000000e-03 6.000000000000000e-02
1.591000000000000e-02 6.010000000000000e-03 6.000000000000000e-02
1.626000000000000e-02 5.660000000000000e-03 6.000000000000000e-02
1.661000000000000e-02 5.310000000000000e-03 6.000000000000000e-02
1.697000000000000e-02 4.950000000000000e-03 6.000000000000000e-02
1.732000000000000e-02 4.600000000000000e-03 6.000000000000000e-02
1.767000000000000e-02 4.250000000000000e-03 6.000000000000000e-02
1.061000000000000e-02 1.061000000000000e-02 6.000000000000000e-02
1.025000000000000e-02 1.025000000000000e-02 6.000000000000000e-02
9.900000000000001e-03 9.900000000000001e-03 6.000000000000000e-02
9.549999999999999e-03 9.549999999999999e-03 6.000000000000000e-02
1.658000000000000e-02 1.800000000000000e-03 6.000000000000000e-02
1.715000000000000e-02 1.240000000000000e-03 6.000000000000000e-02
1.739000000000000e-02 9.900000000000000e-04 6.000000000000000e-02
1.813000000000000e-02 7.500000000000000e-04 6.000000000000000e-02
1.862000000000000e-02 7.500000000000000e-04 6.000000000000000e-02
1.911000000000000e-02 7.500000000000000e-04 6.000000000000000e-02
1.960000000000000e-02 7.500000000000000e-04 6.000000000000000e-02
2.010000000000000e-02 7.500000000000000e-04 6.000000000000000e-02
2.059000000000000e-02 7.500000000000000e-04 6.000000000000000e-02
2.108000000000000e-02 7.500000000000000e-04 6.000000000000000e-02
2.157000000000000e-02 7.500000000000000e-04 6.000000000000000e-02
2.207000000000000e-02 7.500000000000000e-04 6.000000000000000e-02
2.256000000000000e-02 7.500000000000000e-04 6.000000000000000e-02
2.305000000000000e-02 7.500000000000000e-04 6.000000000000000e-02
2.354000000000000e-02 7.500000000000000e-04 6.000000000000000e-02
2.404000000000000e-02 7.500000000000000e-04 6.000000000000000e-02
2.453000000000000e-02 7.500000000000000e-04 6.000000000000000e-02
2.502000000000000e-02 7.400000000000000e-04 6.000000000000000e-02
2.551000000000000e-02 7.400000000000000e-04 6.000000000000000e-02
2.601000000000000e-02 7.400000000000000e-04 6.000000000000000e-02
2.650000000000000e-02 7.400000000000000e-04 6.000000000000000e-02
2.696000000000000e-02 1.160000000000000e-03 6.000000000000000e-02
2.693000000000000e-02 1.580000000000000e-03 6.000000000000000e-02
2.690000000000000e-02 1.990000000000000e-03 6.000000000000000e-02
2.687000000000000e-02 2.410000000000000e-03 6.000000000000000e-02
2.684000000000000e-02 2.830000000000000e-03 6.000000000000000e-02
2.633000000000000e-02 3.240000000000000e-03 6.000000000000000e-02
2.585000000000000e-02 3.240000000000000e-03 6.000000000000000e-02
2.537000000000000e-02 3.240000000000000e-03 6.000000000000000e-02
2.489000000000000e-02 3.240000000000000e-03 6.000000000000000e-02
2.441000000000000e-02 3.250000000000000e-03 6.000000000000000e-02
2.393000000000000e-02 3.250000000000000e-03 6.000000000000000e-02
2.346000000000000e-02 3.250000000000000e-03 6.000000000000000e-02
2.298000000000000e-02 3.250000000000000e-03 6.000000000000000e-02
2.250000000000000e-02 3.250000000000000e-03 6.000000000000000e-02
2.202000000000000e-02 3.250000000000000e-03 6.000000000000000e-02
2.154000000000000e-02 3.250000000000000e-03 6.000000000000000e-02
2.106000000000000e-02 3.250000000000000e-03 6.000000000000000e-02
2.058000000000000e-02 3.250000000000000e-03 6.000000000000000e-02
2.011000000000000e-02 3.250000000000000e-03 6.000000000000000e-02
1.963000000000000e-02 3.250000000000000e-03 6.000000000000000e-02
1.915000000000000e-02 3.250000000000000e-03 6.000000000000000e-02
1.835000000000000e-02 3.570000000000000e-03 6.000000000000000e-02
2.702000000000000e-02 0.000000000000000e+00 6.000000000000000e-02
2.647000000000000e-02 0.000000000000000e+00 6.000000000000000e-02
2.571000000000000e-02 0.000000000000000e+00 6.000000000000000e-02
2.476000000000000e-02 0.000000000000000e+00 6.000000000000000e-02
2.380000000000000e-02 0.000000000000000e+00 6.000000000000000e-02
2.284000000000000e-02 0.000000000000000e+00 6.000000000000000e-02
2.187000000000000e-02 0.000000000000000e+00 6.000000000000000e-02
2.091000000000000e-02 0.000000000000000e+00 6.000000000000000e-02
1.995000000000000e-02 0.000000000000000e+00 6.000000000000000e-02
1.899000000000000e-02 0.000000000000000e+00 6.000000000000000e-02
1.802000000000000e-02 0.000000000000000e+00 6.000000000000000e-02
1.706000000000000e-02 0.000000000000000e+00 6.000000000000000e-02
1.610000000000000e-02 0.000000000000000e+00 6.000000000000000e-02
1.514000000000000e-02 0.000000000000000e+00 6.000000000000000e-02
1.417000000000000e-02 0.000000000000000e+00 6.000000000000000e-02
1.321000000000000e-02 0.000000000000000e+00 6.000000000000000e-02
1.225000000000000e-02 0.000000000000000e+00 6.000000000000000e-02
1.129000000000000e-02 0.000000000000000e+00 6.000000000000000e-02
1.032000000000000e-02 0.000000000000000e+00 6.000000000000000e-02
9.360000000000000e-03 0.000000000000000e+00 6.000000000000000e-02
8.569999999999999e-03 0.000000000000000e+00 6.000000000000000e-02
8.829999999999999e-03 8.829999999999999e-03 6.000000000000000e-02
8.340000000000000e-03 8.340000000000000e-03 6.000000000000000e-02
7.730000000000000e-03 7.730000000000000e-03 6.000000000000000e-02
7.120000000000000e-03 7.120000000000000e-03 6.000000000000000e-02
6.510000000000000e-03 6.510000000000000e-03 6.000000000000000e-02
6.020000000000000e-03 6.020000000000000e-03 6.000000000000000e-02
1.910000000000000e-02 1.910000000000000e-02 6.000000000000000e-02
1.870000000000000e-02 1.870000000000000e-02 6.000000000000000e-02
1.815000000000000e-02 1.815000000000000e-02 6.000000000000000e-02
1.747000000000000e-02 1.747000000000000e-02 6.000000000000000e-02
1.678000000000000e-02 1.678000000000000e-02 6.000000000000000e-02
1.609000000000000e-02 1.609000000000000e-02 6.000000000000000e-02
1.540000000000000e-02 1.540000000000000e-02 6.000000000000000e-02
1.471000000000000e-02 1.471000000000000e-02 6.000000000000000e-02
1.401000000000000e-02 1.401000000000000e-02 6.000000000000000e-02
1.332000000000000e-02 1.332000000000000e-02 6.000000000000000e-02
1.263000000000000e-02 1.263000000000000e-02 6.000000000000000e-02
1.194000000000000e-02 1.194000000000000e-02 6.000000000000000e-02
1.137000000000000e-02 1.137000000000000e-02 6.000000000000000e-02
1.918000000000000e-02 1.068000000000000e-02 6.000000000000000e-02
2.225000000000000e-02 7.280000000000000e-03 6.000000000000000e-02
1.074000000000000e-02 3.390000000000000e-03 6.000000000000000e-02
1.959000000000000e-02 1.415000000000000e-02 6.000000000000000e-02
1.530000000000000e-02 1.081000000000000e-02 6.000000000000000e-02
1.927000000000000e-02 7.240000000000000e-03 6.000000000000000e-02
2.459000000000000e-02 5.480000000000000e-03 6.000000000000000e-02
2.200000000000000e-02 1.018000000000000e-02 6.000000000000000e-02
8.999999999999999e-03 5.240000000000000e-03 6.000000000000000e-02
1.668000000000000e-02 8.780000000000000e-03 6.000000000000000e-02
2.148000000000000e-02 1.301000000000000e-02 6.000000000000000e-02
1.930000000000000e-02 5.120000000000000e-03 6.000000000000000e-02
1.905000000000000e-02 1.684000000000000e-02 6.000000000000000e-02
1.266000000000000e-02 2.460000000000000e-03 6.000000000000000e-02
2.370000000000000e-02 8.529999999999999e-03 6.000000000000000e-02
2.195000000000000e-02 5.190000000000000e-03 6.000000000000000e-02
1.357000000000000e-02 1.078000000000000e-02 6.000000000000000e-02
9.360000000000000e-03 1.610000000000000e-03 6.000000000000000e-02
2.108000000000000e-02 1.488000000000000e-02 6.000000000000000e-02
1.696000000000000e-02 1.331000000000000e-02 6.000000000000000e-02
1.734000000000000e-02 7.010000000000000e-03 6.000000000000000e-02
1.519000000000000e-02 9.039999999999999e-03 6.000000000000000e-02
9.080000000000000e-03 3.510000000000000e-03 6.000000000000000e-02
1.100000000000000e-02 5.140000000000000e-03 6.000000000000000e-02
2.284000000000000e-02 1.167000000000000e-02 6.000000000000000e-02
2.589000000000000e-02 4.390000000000000e-03 6.000000000000000e-02
1.455000000000000e-02 1.850000000000000e-03 6.000000000000000e-02
7.320000000000000e-03 5.780000000000000e-03 6.000000000000000e-02
2.486000000000000e-02 7.100000000000000e-03 6.000000000000000e-02
2.295000000000000e-02 4.450000000000000e-03 6.000000000000000e-02
9.280000000000000e-03 7.080000000000000e-03 6.000000000000000e-02
1.962000000000000e-02 1.759000000000000e-02 6.000000000000000e-02
2.382000000000000e-02 1.025000000000000e-02 6.000000000000000e-02
1.251000000000000e-02 4.190000000000000e-03 6.000000000000000e-02
1.813000000000000e-02 5.700000000000000e-03 6.000000000000000e-02
2.040000000000000e-02 9.350000000000001e-03 6.000000000000000e-02
1.605000000000000e-02 7.580000000000000e-03 6.000000000000000e-02
1.572000000000000e-02 1.140000000000000e-03 6.000000000000000e-02
2.082000000000000e-02 4.590000000000000e-03 6.000000000000000e-02
2.193000000000000e-02 1.412000000000000e-02 6.000000000000000e-02
1.778000000000000e-02 1.540000000000000e-02 6.000000000000000e-02
1.721000000000000e-02 1.133000000000000e-02 6.000000000000000e-02
2.061000000000000e-02 1.620000000000000e-02 6.000000000000000e-02
1.962000000000000e-02 1.241000000000000e-02 6.000000000000000e-02
8.109999999999999e-03 4.190000000000000e-03 6.000000000000000e-02
2.471000000000000e-02 4.360000000000000e-03 6.000000000000000e-02
1.523000000000000e-02 1.265000000000000e-02 6.000000000000000e-02
2.575000000000000e-02 5.770000000000000e-03 6.000000000000000e-02
1.370000000000000e-02 9.860000000000001e-03 6.000000000000000e-02
2.049000000000000e-02 6.630000000000000e-03 6.000000000000000e-02
1.344000000000000e-02 3.480000000000000e-03 6.000000000000000e-02
1.848000000000000e-02 8.970000000000001e-03 6.000000000000000e-02
1.057000000000000e-02 6.200000000000000e-03 6.000000000000000e-02
1.148000000000000e-02 1.460000000000000e-03 6.000000000000000e-02
9.190000000000000e-03 7.700000000000000e-04 6.000000000000000e-02
2.482000000000000e-02 8.659999999999999e-03 6.000000000000000e-02
2.295000000000000e-02 1.293000000000000e-02 6.000000000000000e-02
2.055000000000000e-02 1.109000000000000e-02 6.000000000000000e-02
2.214000000000000e-02 4.340000000000000e-03 6.000000000000000e-02
2.393000000000000e-02 1.121000000000000e-02 6.000000000000000e-02
1.236000000000000e-02 1.128000000000000e-02 6.000000000000000e-02
9.320000000000000e-03 8.200000000000001e-03 6.000000000000000e-02
8.569999999999999e-03 2.500000000000000e-03 6.000000000000000e-02
2.218000000000000e-02 8.580000000000001e-03 6.000000000000000e-02
1.661000000000000e-02 7.600000000000000e-04 6.000000000000000e-02
1.821000000000000e-02 1.305000000000000e-02 6.000000000000000e-02
2.020000000000000e-02 1.701000000000000e-02 6.000000000000000e-02
2.323000000000000e-02 6.520000000000000e-03 6.000000000000000e-02
2.132000000000000e-02 1.574000000000000e-02 6.000000000000000e-02
2.466000000000000e-02 9.450000000000000e-03 6.000000000000000e-02
1.980000000000000e-02 4.250000000000000e-03 6.000000000000000e-02
2.192000000000000e-02 1.485000000000000e-02 6.000000000000000e-02
1.858000000000000e-02 4.740000000000000e-03 6.000000000000000e-02
1.662000000000000e-02 1.010000000000000e-02 6.000000000000000e-02
2.648000000000000e-02 3.880000000000000e-03 6.000000000000000e-02
1.656000000000000e-02 6.850000000000000e-03 6.000000000000000e-02
1.504000000000000e-02 8.340000000000000e-03 6.000000000000000e-02
1.730000000000000e-02 6.070000000000000e-03 6.000000000000000e-02
1.450000000000000e-02 9.120000000000000e-03 6.000000000000000e-02
1.615000000000000e-02 1.465000000000000e-02 6.000000000000000e-02
1.179000000000000e-02 4.980000000000000e-03 6.000000000000000e-02
1.441000000000000e-02 2.980000000000000e-03 6.000000000000000e-02
1.550000000000000e-02 1.960000000000000e-03 6.000000000000000e-02
1.389000000000000e-02 1.213000000000000e-02 6.000000000000000e-02
1.898000000000000e-02 3.950000000000000e-03 6.000000000000000e-02
2.593000000000000e-02 6.800000000000000e-03 6.000000000000000e-02
2.554000000000000e-02 7.600000000000000e-03 6.000000000000000e-02
1.024000000000000e-02 7.180000000000000e-03 6.000000000000000e-02
1.282000000000000e-02 1.050000000000000e-03 6.000000000000000e-02
2.382000000000000e-02 3.920000000000000e-03 6.000000000000000e-02
8.229999999999999e-03 3.250000000000000e-03 6.000000000000000e-02
2.123000000000000e-02 7.800000000000000e-03 6.000000000000000e-02
1.256000000000000e-02 1.045000000000000e-02 6.000000000000000e-02
1.844000000000000e-02 1.613000000000000e-02 6.000000000000000e-02
8.109999999999999e-03 6.870000000000000e-03 6.000000000000000e-02
1.654000000000000e-02 1.220000000000000e-02 6.000000000000000e-02
2.392000000000000e-02 7.550000000000000e-03 6.000000000000000e-02
1.318000000000000e-02 4.210000000000000e-03 6.000000000000000e-02
2.371000000000000e-02 1.212000000000000e-02 6.000000000000000e-02
1.860000000000000e-02 1.191000000000000e-02 6.000000000000000e-02
1.792000000000000e-02 1.023000000000000e-02 6.000000000000000e-02
9.939999999999999e-03 4.370000000000000e-03 6.000000000000000e-02
1.949000000000000e-02 6.200000000000000e-03 6.000000000000000e-02
2.169000000000000e-02 1.168000000000000e-02 6.000000000000000e-02
2.002000000000000e-02 1.528000000000000e-02 6.000000000000000e-02
2.041000000000000e-02 1.387000000000000e-02 6.000000000000000e-02
1.576000000000000e-02 1.383000000000000e-02 6.000000000000000e-02
6.580000000000000e-03 5.670000000000000e-03 6.000000000000000e-02
7.280000000000000e-03 4.960000000000000e-03 6.000000000000000e-02
1.824000000000000e-02 7.570000000000000e-03 6.000000000000000e-02
2.298000000000000e-02 9.390000000000001e-03 6.000000000000000e-02
2.016000000000000e-02 1.024000000000000e-02 6.000000000000000e-02
1.173000000000000e-02 2.550000000000000e-03 6.000000000000000e-02
2.437000000000000e-02 1.060000000000000e-02 6.000000000000000e-02
1.772000000000000e-02 1.403000000000000e-02 6.000000000000000e-02
1.965000000000000e-02 8.480000000000000e-03 6.000000000000000e-02
2.005000000000000e-02 5.590000000000000e-03 6.000000000000000e-02
1.763000000000000e-02 5.070000000000000e-03 6.000000000000000e-02
2.141000000000000e-02 3.890000000000000e-03 6.000000000000000e-02
2.273000000000000e-02 1.392000000000000e-02 6.000000000000000e-02
1.449000000000000e-02 1.064000000000000e-02 6.000000000000000e-02
1.020000000000000e-02 1.300000000000000e-03 6.000000000000000e-02
2.126000000000000e-02 9.570000000000000e-03 6.000000000000000e-02
1.898000000000000e-02 1.559000000000000e-02 6.000000000000000e-02
2.284000000000000e-02 8.010000000000000e-03 6.000000000000000e-02
2.161000000000000e-02 6.320000000000000e-03 6.000000000000000e-02
1.853000000000000e-02 1.745000000000000e-02 6.000000000000000e-02
1.966000000000000e-02 1.828000000000000e-02 6.000000000000000e-02
2.624000000000000e-02 4.940000000000000e-03 6.000000000000000e-02
2.647000000000000e-02 4.290000000000000e-03 6.000000000000000e-02
1.999000000000000e-02 1.826000000000000e-02 6.000000000000000e-02
2.528000000000000e-02 3.850000000000000e-03 6.000000000000000e-02
2.082000000000000e-02 1.202000000000000e-02 6.000000000000000e-02
1.396000000000000e-02 1.060000000000000e-03 6.000000000000000e-02
2.024000000000000e-02 7.710000000000000e-03 6.000000000000000e-02
8.770000000000000e-03 7.610000000000000e-03 6.000000000000000e-02
1.759000000000000e-02 1.241000000000000e-02 6.000000000000000e-02
1.135000000000000e-02 5.990000000000000e-03 6.000000000000000e-02
1.075000000000000e-02 2.250000000000000e-03 6.000000000000000e-02
2.640000000000000e-02 5.380000000000000e-03 6.000000000000000e-02
1.492000000000000e-02 1.170000000000000e-02 6.000000000000000e-02
2.610000000000000e-02 3.780000000000000e-03 6.000000000000000e-02
2.302000000000000e-02 1.062000000000000e-02 6.000000000000000e-02
2.321000000000000e-02 1.370000000000000e-02 6.000000000000000e-02
2.291000000000000e-02 1.447000000000000e-02 6.000000000000000e-02
1.197000000000000e-02 7.600000000000000e-04 6.000000000000000e-02
1.824000000000000e-02 6.620000000000000e-03 6.000000000000000e-02
2.263000000000000e-02 3.750000000000000e-03 6.000000000000000e-02
1.550000000000000e-02 9.840000000000000e-03 6.000000000000000e-02
1.526000000000000e-02 7.090000000000000e-03 6.000000000000000e-02
1.966000000000000e-02 1.165000000000000e-02 6.000000000000000e-02
2.028000000000000e-02 1.791000000000000e-02 6.000000000000000e-02
1.724000000000000e-02 1.607000000000000e-02 6.000000000000000e-02
1.005000000000000e-02 5.400000000000000e-03 6.000000000000000e-02
1.949000000000000e-02 9.339999999999999e-03 6.000000000000000e-02
2.265000000000000e-02 1.485000000000000e-02 6.000000000000000e-02
2.359000000000000e-02 1.323000000000000e-02 6.000000000000000e-02
2.414000000000000e-02 6.670000000000000e-03 6.000000000000000e-02
2.638000000000000e-02 5.770000000000000e-03 6.000000000000000e-02
2.620000000000000e-02 6.210000000000000e-03 6.000000000000000e-02
2.391000000000000e-02 1.285000000000000e-02 6.000000000000000e-02
2.245000000000000e-02 1.523000000000000e-02 6.000000000000000e-02
2.193000000000000e-02 1.563000000000000e-02 6.000000000000000e-02
2.170000000000000e-02 1.618000000000000e-02 6.000000000000000e-02
2.112000000000000e-02 1.627000000000000e-02 6.000000000000000e-02
2.063000000000000e-02 1.742000000000000e-02 6.000000000000000e-02
2.073000000000000e-02 1.678000000000000e-02 6.000000000000000e-02
1.426000000000000e-02 1.289000000000000e-02 6.000000000000000e-02
8.480000000000000e-03 1.700000000000000e-03 6.000000000000000e-02
1.308000000000000e-02 1.166000000000000e-02 6.000000000000000e-02
2.499000000000000e-02 1.022000000000000e-02 6.000000000000000e-02
2.515000000000000e-02 9.719999999999999e-03 6.000000000000000e-02
2.539000000000000e-02 9.230000000000000e-03 6.000000000000000e-02
2.570000000000000e-02 8.850000000000000e-03 6.000000000000000e-02
2.553000000000000e-02 8.390000000000000e-03 6.000000000000000e-02
2.468000000000000e-02 1.104000000000000e-02 6.000000000000000e-02
2.453000000000000e-02 1.149000000000000e-02 6.000000000000000e-02
2.433000000000000e-02 1.188000000000000e-02 6.000000000000000e-02
1.709000000000000e-02 6.700000000000000e-04 6.000000000000000e-02
1.616000000000000e-02 1.610000000000000e-03 6.000000000000000e-02
1.743000000000000e-02 9.330000000000000e-03 6.000000000000000e-02
1.169000000000000e-02 4.210000000000000e-03 6.000000000000000e-02
1.495000000000000e-02 9.100000000000000e-04 6.000000000000000e-02
1.619000000000000e-02 1.104000000000000e-02 6.000000000000000e-02
1.938000000000000e-02 1.331000000000000e-02 6.000000000000000e-02
1.847000000000000e-02 1.480000000000000e-02 6.000000000000000e-02
2.677000000000000e-02 3.900000000000000e-04 6.000000000000000e-02
9.490000000000000e-03 2.610000000000000e-03 6.000000000000000e-02
7.480000000000000e-03 3.780000000000000e-03 6.000000000000000e-02
7.310000000000000e-03 6.520000000000000e-03 6.000000000000000e-02
2.283000000000000e-02 5.330000000000000e-03 6.000000000000000e-02
2.034000000000000e-02 3.950000000000000e-03 6.000000000000000e-02
1.665000000000000e-02 6.090000000000000e-03 6.000000000000000e-02
1.375000000000000e-02 9.030000000000000e-03 6.000000000000000e-02
1.440000000000000e-02 8.470000000000000e-03 6.000000000000000e-02
9.039999999999999e-03 4.330000000000000e-03 6.000000000000000e-02
1.257000000000000e-02 4.960000000000000e-03 6.000000000000000e-02
2.226000000000000e-02 1.229000000000000e-02 6.000000000000000e-02
9.769999999999999e-03 7.620000000000000e-03 6.000000000000000e-02
1.697000000000000e-02 7.990000000000001e-03 6.000000000000000e-02
1.585000000000000e-02 8.580000000000001e-03 6.000000000000000e-02
8.130000000000000e-03 5.090000000000000e-03 6.000000000000000e-02
2.531000000000000e-02 5.030000000000000e-03 6.000000000000000e-02
1.499000000000000e-02 2.630000000000000e-03 6.000000000000000e-02
1.413000000000000e-02 3.480000000000000e-03 6.000000000000000e-02
1.614000000000000e-02 1.300000000000000e-02 6.000000000000000e-02
2.121000000000000e-02 1.397000000000000e-02 6.000000000000000e-02
2.616000000000000e-02 7.390000000000000e-03 6.000000000000000e-02
1.329000000000000e-02 1.790000000000000e-03 6.000000000000000e-02
1.212000000000000e-02 1.800000000000000e-03 6.000000000000000e-02
8.070000000000001e-03 2.400000000000000e-03 6.000000000000000e-02
2.469000000000000e-02 7.760000000000000e-03 6.000000000000000e-02
1.076000000000000e-02 6.850000000000000e-03 6.000000000000000e-02
2.138000000000000e-02 4.200000000000000e-04 6.000000000000000e-02
1.826000000000000e-02 1.107000000000000e-02 6.000000000000000e-02
1.257000000000000e-02 3.370000000000000e-03 6.000000000000000e-02
2.116000000000000e-02 1.672000000000000e-02 6.000000000000000e-02
1.297000000000000e-02 9.760000000000000e-03 6.000000000000000e-02
1.900000000000000e-02 1.798000000000000e-02 6.000000000000000e-02
1.197000000000000e-02 1.056000000000000e-02 6.000000000000000e-02
2.690000000000000e-02 3.680000000000000e-03 6.000000000000000e-02
2.368000000000000e-02 5.720000000000000e-03 6.000000000000000e-02
2.436000000000000e-02 3.820000000000000e-03 6.000000000000000e-02
8.520000000000000e-03 4.900000000000000e-04 6.000000000000000e-02
1.369000000000000e-02 4.090000000000000e-03 6.000000000000000e-02
2.041000000000000e-02 4.200000000000000e-04 6.000000000000000e-02
2.229000000000000e-02 1.353000000000000e-02 6.000000000000000e-02
2.030000000000000e-02 1.462000000000000e-02 6.000000000000000e-02
2.621000000000000e-02 3.900000000000000e-04 6.000000000000000e-02
2.144000000000000e-02 1.081000000000000e-02 6.000000000000000e-02
2.223000000000000e-02 1.121000000000000e-02 6.000000000000000e-02
1.452000000000000e-02 9.880000000000000e-03 6.000000000000000e-02
1.945000000000000e-02 4.300000000000000e-04 6.000000000000000e-02
8.880000000000001e-03 6.230000000000000e-03 6.000000000000000e-02
6.670000000000000e-03 5.080000000000000e-03 6.000000000000000e-02
1.873000000000000e-02 9.910000000000000e-03 6.000000000000000e-02
9.809999999999999e-03 6.450000000000000e-03 6.000000000000000e-02
1.847000000000000e-02 4.600000000000000e-04 6.000000000000000e-02
2.021000000000000e-02 1.297000000000000e-02 6.000000000000000e-02
2.508000000000000e-02 6.300000000000000e-03 6.000000000000000e-02
1.620000000000000e-02 9.299999999999999e-03 6.000000000000000e-02
1.798000000000000e-02 4.610000000000000e-03 6.000000000000000e-02
1.716000000000000e-02 5.440000000000000e-03 6.000000000000000e-02
1.561000000000000e-02 1.456000000000000e-02 6.000000000000000e-02
2.186000000000000e-02 7.880000000000000e-03 6.000000000000000e-02
2.123000000000000e-02 8.630000000000001e-03 6.000000000000000e-02
1.647000000000000e-02 1.533000000000000e-02 6.000000000000000e-02
2.315000000000000e-02 7.280000000000000e-03 6.000000000000000e-02
2.110000000000000e-02 5.660000000000000e-03 6.000000000000000e-02
1.421000000000000e-02 1.130000000000000e-02 6.000000000000000e-02
9.910000000000000e-03 3.520000000000000e-03 6.000000000000000e-02
2.182000000000000e-02 3.820000000000000e-03 6.000000000000000e-02
9.900000000000001e-03 7.200000000000000e-04 6.000000000000000e-02
1.773000000000000e-02 4.100000000000000e-04 6.000000000000000e-02
1.176000000000000e-02 1.094000000000000e-02 6.000000000000000e-02
2.140000000000000e-02 6.960000000000000e-03 6.000000000000000e-02
1.639000000000000e-02 1.170000000000000e-03 6.000000000000000e-02
1.867000000000000e-02 1.381000000000000e-02 6.000000000000000e-02
2.596000000000000e-02 5.250000000000000e-03 6.000000000000000e-02
1.201000000000000e-02 5.580000000000000e-03 6.000000000000000e-02
1.103000000000000e-02 7.700000000000000e-04 6.000000000000000e-02
1.895000000000000e-02 5.820000000000000e-03 6.000000000000000e-02
2.236000000000000e-02 6.210000000000000e-03 6.000000000000000e-02
1.484000000000000e-02 1.362000000000000e-02 6.000000000000000e-02
8.040000000000000e-03 5.870000000000000e-03 6.000000000000000e-02
1.898000000000000e-02 1.268000000000000e-02 6.000000000000000e-02
2.211000000000000e-02 9.469999999999999e-03 6.000000000000000e-02
1.573000000000000e-02 6.860000000000000e-03 6.000000000000000e-02
1.511000000000000e-02 7.650000000000000e-03 6.000000000000000e-02
1.727000000000000e-02 1.053000000000000e-02 6.000000000000000e-02
2.066000000000000e-02 1.557000000000000e-02 6.000000000000000e-02
2.685000000000000e-02 4.010000000000000e-03 6.000000000000000e-02
1.947000000000000e-02 1.882000000000000e-02 6.000000000000000e-02
1.897000000000000e-02 8.180000000000000e-03 6.000000000000000e-02
1.649000000000000e-02 1.415000000000000e-02 6.000000000000000e-02
2.045000000000000e-02 8.640000000000000e-03 6.000000000000000e-02
2.323000000000000e-02 3.730000000000000e-03 6.000000000000000e-02
7.670000000000000e-03 3.390000000000000e-03 6.000000000000000e-02
7.440000000000000e-03 4.330000000000000e-03 6.000000000000000e-02
1.373000000000000e-02 2.550000000000000e-03 6.000000000000000e-02
2.398000000000000e-02 9.620000000000000e-03 6.000000000000000e-02
2.394000000000000e-02 4.700000000000000e-03 6.000000000000000e-02
1.600000000000000e-02 1.870000000000000e-03 6.000000000000000e-02
1.586000000000000e-02 1.185000000000000e-02 6.000000000000000e-02
8.010000000000000e-03 2.060000000000000e-03 6.000000000000000e-02
1.125000000000000e-02 6.660000000000000e-03 6.000000000000000e-02
1.314000000000000e-02 9.230000000000000e-03 6.000000000000000e-02
2.715000000000000e-02 2.210000000000000e-03 6.000000000000000e-02
8.500000000000001e-03 1.010000000000000e-03 6.000000000000000e-02
1.407000000000000e-02 3.890000000000000e-03 6.000000000000000e-02
1.942000000000000e-02 3.550000000000000e-03 6.000000000000000e-02
2.715000000000000e-02 2.580000000000000e-03 6.000000000000000e-02
1.928000000000000e-02 1.845000000000000e-02 6.000000000000000e-02
1.776000000000000e-02 1.337000000000000e-02 6.000000000000000e-02
2.089000000000000e-02 3.760000000000000e-03 6.000000000000000e-02
1.714000000000000e-02 1.471000000000000e-02 6.000000000000000e-02
2.147000000000000e-02 1.650000000000000e-02 6.000000000000000e-02
2.089000000000000e-02 1.715000000000000e-02 6.000000000000000e-02
1.850000000000000e-02 3.930000000000000e-03 6.000000000000000e-02
1.168000000000000e-02 3.360000000000000e-03 6.000000000000000e-02
2.471000000000000e-02 3.560000000000000e-03 6.000000000000000e-02
1.337000000000000e-02 1.261000000000000e-02 6.000000000000000e-02
1.974000000000000e-02 6.670000000000000e-03 6.000000000000000e-02
1.774000000000000e-02 8.340000000000000e-03 6.000000000000000e-02
2.307000000000000e-02 1.421000000000000e-02 6.000000000000000e-02
2.220000000000000e-02 3.750000000000000e-03 6.000000000000000e-02
2.578000000000000e-02 3.630000000000000e-03 6.000000000000000e-02
2.666000000000000e-02 4.720000000000000e-03 6.000000000000000e-02
1.792000000000000e-02 1.678000000000000e-02 6.000000000000000e-02
1.973000000000000e-02 3.700000000000000e-03 6.000000000000000e-02
6.160000000000000e-03 5.770000000000000e-03 6.000000000000000e-02
2.023000000000000e-02 4.840000000000000e-03 6.000000000000000e-02
1.468000000000000e-02 7.930000000000000e-03 6.000000000000000e-02
1.614000000000000e-02 6.480000000000000e-03 6.000000000000000e-02
1.682000000000000e-02 5.600000000000000e-03 6.000000000000000e-02
1.399000000000000e-02 8.520000000000000e-03 6.000000000000000e-02
1.829000000000000e-02 4.200000000000000e-03 6.000000000000000e-02
1.934000000000000e-02 1.493000000000000e-02 6.000000000000000e-02
2.666000000000000e-02 3.570000000000000e-03 6.000000000000000e-02
2.487000000000000e-02 1.057000000000000e-02 6.000000000000000e-02
2.150000000000000e-02 4.480000000000000e-03 6.000000000000000e-02
1.893000000000000e-02 4.300000000000000e-04 6.000000000000000e-02
1.973000000000000e-02 1.861000000000000e-02 6.000000000000000e-02
2.714000000000000e-02 1.840000000000000e-03 6.000000000000000e-02
1.243000000000000e-02 5.410000000000000e-03 6.000000000000000e-02
1.991000000000000e-02 4.300000000000000e-04 6.000000000000000e-02
1.976000000000000e-02 1.619000000000000e-02 6.000000000000000e-02
2.251000000000000e-02 1.444000000000000e-02 6.000000000000000e-02
2.096000000000000e-02 1.021000000000000e-02 6.000000000000000e-02
1.693000000000000e-02 1.050000000000000e-03 6.000000000000000e-02
2.088000000000000e-02 4.300000000000000e-04 6.000000000000000e-02
1.084000000000000e-02 4.290000000000000e-03 6.000000000000000e-02
2.574000000000000e-02 4.300000000000000e-04 6.000000000000000e-02
2.520000000000000e-02 4.300000000000000e-04 6.000000000000000e-02
2.454000000000000e-02 1.003000000000000e-02 6.000000000000000e-02
2.194000000000000e-02 3.900000000000000e-04 6.000000000000000e-02
2.241000000000000e-02 4.200000000000000e-04 6.000000000000000e-02
9.310000000000001e-03 8.680000000000000e-03 6.000000000000000e-02
1.891000000000000e-02 6.520000000000000e-03 6.000000000000000e-02
5.570000000000000e-03 3.640000000000000e-03 6.000000000000000e-02
6.450000000000000e-03 1.250000000000000e-03 6.000000000000000e-02
6.130000000000000e-03 2.490000000000000e-03 6.000000000000000e-02
6.940000000000000e-03 2.010000000000000e-03 6.000000000000000e-02
6.340000000000000e-03 3.300000000000000e-03 6.000000000000000e-02
7.130000000000000e-03 9.400000000000000e-04 6.000000000000000e-02
5.680000000000000e-03 4.400000000000000e-03 6.000000000000000e-02
6.570000000000000e-03 2.900000000000000e-03 6.000000000000000e-02
5.740000000000000e-03 3.000000000000000e-03 6.000000000000000e-02
6.110000000000000e-03 1.860000000000000e-03 6.000000000000000e-02
6.180000000000000e-03 3.700000000000000e-03 6.000000000000000e-02
7.330000000000000e-03 1.720000000000000e-03 6.000000000000000e-02
5.180000000000000e-03 4.210000000000000e-03 6.000000000000000e-02
6.600000000000000e-03 7.500000000000000e-04 6.000000000000000e-02
5.950000000000000e-03 8.600000000000000e-04 6.000000000000000e-02
4.820000000000000e-03 3.600000000000000e-03 6.000000000000000e-02
6.050000000000000e-03 1.360000000000000e-03 6.000000000000000e-02
5.300000000000000e-03 3.310000000000000e-03 6.000000000000000e-02
5.710000000000000e-03 4.990000000000000e-03 6.000000000000000e-02
7.520000000000000e-03 6.300000000000000e-04 6.000000000000000e-02
5.520000000000000e-03 2.280000000000000e-03 6.000000000000000e-02
5.690000000000000e-03 1.660000000000000e-03 6.000000000000000e-02
7.130000000000000e-03 2.560000000000000e-03 6.000000000000000e-02
6.780000000000000e-03 3.410000000000000e-03 6.000000000000000e-02
5.230000000000000e-03 2.850000000000000e-03 6.000000000000000e-02
4.800000000000000e-03 4.170000000000000e-03 6.000000000000000e-02
6.330000000000000e-03 4.600000000000000e-04 6.000000000000000e-02
5.940000000000000e-03 2.190000000000000e-03 6.000000000000000e-02
4.360000000000000e-03 3.790000000000000e-03 6.000000000000000e-02
5.770000000000000e-03 4.000000000000000e-04 6.000000000000000e-02
7.290000000000000e-03 2.170000000000000e-03 6.000000000000000e-02
6.670000000000000e-03 2.430000000000000e-03 6.000000000000000e-02
7.050000000000000e-03 5.300000000000000e-04 6.000000000000000e-02
5.340000000000000e-03 4.650000000000000e-03 6.000000000000000e-02
6.170000000000000e-03 2.900000000000000e-03 6.000000000000000e-02
5.910000000000000e-03 3.410000000000000e-03 6.000000000000000e-02
6.620000000000000e-03 1.700000000000000e-03 6.000000000000000e-02
6.350000000000000e-03 9.500000000000000e-04 6.000000000000000e-02
5.280000000000000e-03 3.870000000000000e-03 6.000000000000000e-02
6.230000000000000e-03 4.310000000000000e-03 6.000000000000000e-02
7.490000000000000e-03 1.310000000000000e-03 6.000000000000000e-02
6.560000000000000e-03 3.890000000000000e-03 6.000000000000000e-02
6.960000000000000e-03 2.980000000000000e-03 6.000000000000000e-02
5.860000000000000e-03 4.010000000000000e-03 6.000000000000000e-02
7.040000000000000e-03 1.360000000000000e-03 6.000000000000000e-02
5.790000000000000e-03 2.610000000000000e-03 6.000000000000000e-02
7.630000000000000e-03 4.000000000000000e-04 6.000000000000000e-02
5.550000000000000e-03 5.200000000000000e-03 6.000000000000000e-02
5.960000000000000e-03 4.670000000000000e-03 6.000000000000000e-02
7.470000000000000e-03 9.800000000000000e-04 6.000000000000000e-02
6.400000000000000e-03 2.120000000000000e-03 6.000000000000000e-02
6.770000000000000e-03 1.070000000000000e-03 6.000000000000000e-02
5.490000000000000e-03 4.130000000000000e-03 6.000000000000000e-02
1.276000000000000e-02 7.390000000000000e-03 6.000000000000000e-02
1.422000000000000e-02 6.000000000000000e-03 6.000000000000000e-02
1.167000000000000e-02 8.420000000000000e-03 6.000000000000000e-02
1.558000000000000e-02 4.620000000000000e-03 6.000000000000000e-02
1.084000000000000e-02 9.290000000000000e-03 6.000000000000000e-02
1.638000000000000e-02 3.790000000000000e-03 6.000000000000000e-02
1.501000000000000e-02 5.470000000000000e-03 6.000000000000000e-02
1.323000000000000e-02 6.520000000000000e-03 6.000000000000000e-02
1.249000000000000e-02 8.350000000000000e-03 6.000000000000000e-02
1.195000000000000e-02 7.650000000000000e-03 6.000000000000000e-02
1.346000000000000e-02 7.230000000000000e-03 6.000000000000000e-02
1.439000000000000e-02 5.210000000000000e-03 6.000000000000000e-02
1.471000000000000e-02 4.660000000000000e-03 6.000000000000000e-02
1.407000000000000e-02 6.870000000000000e-03 6.000000000000000e-02
1.169000000000000e-02 9.209999999999999e-03 6.000000000000000e-02
1.561000000000000e-02 3.880000000000000e-03 6.000000000000000e-02
1.630000000000000e-02 4.560000000000000e-03 6.000000000000000e-02
1.091000000000000e-02 8.460000000000001e-03 6.000000000000000e-02
1.105000000000000e-02 9.930000000000000e-03 6.000000000000000e-02
1.620000000000000e-02 3.210000000000000e-03 6.000000000000000e-02
1.021000000000000e-02 9.070000000000000e-03 6.000000000000000e-02
1.697000000000000e-02 3.990000000000000e-03 6.000000000000000e-02
1.470000000000000e-02 6.060000000000000e-03 6.000000000000000e-02
1.561000000000000e-02 5.140000000000000e-03 6.000000000000000e-02
1.258000000000000e-02 6.770000000000000e-03 6.000000000000000e-02
1.350000000000000e-02 5.950000000000000e-03 6.000000000000000e-02
1.322000000000000e-02 7.950000000000000e-03 6.000000000000000e-02
1.123000000000000e-02 8.019999999999999e-03 6.000000000000000e-02
1.208000000000000e-02 8.789999999999999e-03 6.000000000000000e-02
1.510000000000000e-02 4.110000000000000e-03 6.000000000000000e-02
1.038000000000000e-02 9.660000000000000e-03 6.000000000000000e-02
1.684000000000000e-02 3.430000000000000e-03 6.000000000000000e-02
1.219000000000000e-02 7.150000000000000e-03 6.000000000000000e-02
1.386000000000000e-02 5.520000000000000e-03 6.000000000000000e-02
1.146000000000000e-02 9.760000000000000e-03 6.000000000000000e-02
1.038000000000000e-02 8.690000000000000e-03 6.000000000000000e-02
1.569000000000000e-02 3.370000000000000e-03 6.000000000000000e-02
1.679000000000000e-02 4.480000000000000e-03 6.000000000000000e-02
1.544000000000000e-02 5.900000000000000e-03 6.000000000000000e-02
1.282000000000000e-02 6.100000000000000e-03 6.000000000000000e-02
1.462000000000000e-02 6.540000000000000e-03 6.000000000000000e-02
1.516000000000000e-02 5.030000000000000e-03 6.000000000000000e-02
1.372000000000000e-02 6.320000000000000e-03 6.000000000000000e-02
1.608000000000000e-02 5.050000000000000e-03 6.000000000000000e-02
1.302000000000000e-02 6.970000000000000e-03 6.000000000000000e-02
1.461000000000000e-02 5.600000000000000e-03 6.000000000000000e-02
1.126000000000000e-02 8.869999999999999e-03 6.000000000000000e-02
1.598000000000000e-02 4.190000000000000e-03 6.000000000000000e-02
1.432000000000000e-02 4.740000000000000e-03 6.000000000000000e-02
1.398000000000000e-02 7.270000000000000e-03 6.000000000000000e-02
1.206000000000000e-02 8.010000000000000e-03 6.000000000000000e-02
1.287000000000000e-02 8.290000000000000e-03 6.000000000000000e-02
1.139000000000000e-02 7.630000000000000e-03 6.000000000000000e-02
1.249000000000000e-02 8.780000000000000e-03 6.000000000000000e-02
1.241000000000000e-02 7.930000000000000e-03 6.000000000000000e-02
1.365000000000000e-02 6.780000000000000e-03 6.000000000000000e-02
1.478000000000000e-02 5.060000000000000e-03 6.000000000000000e-02
1.371000000000000e-02 7.700000000000000e-03 6.000000000000000e-02
1.394000000000000e-02 5.030000000000000e-03 6.000000000000000e-02
1.172000000000000e-02 7.290000000000000e-03 6.000000000000000e-02
1.465000000000000e-02 4.250000000000000e-03 6.000000000000000e-02
1.449000000000000e-02 6.930000000000000e-03 6.000000000000000e-02
1.277000000000000e-02 7.860000000000001e-03 6.000000000000000e-02
1.093000000000000e-02 8.140000000000000e-03 6.000000000000000e-02
1.206000000000000e-02 9.140000000000001e-03 6.000000000000000e-02
1.644000000000000e-02 4.850000000000000e-03 6.000000000000000e-02
1.538000000000000e-02 3.720000000000000e-03 6.000000000000000e-02
1.315000000000000e-02 7.520000000000000e-03 6.000000000000000e-02
1.423000000000000e-02 5.600000000000000e-03 6.000000000000000e-02
1.096000000000000e-02 1.037000000000000e-02 6.000000000000000e-02
1.625000000000000e-02 2.730000000000000e-03 6.000000000000000e-02
9.760000000000000e-03 9.110000000000000e-03 6.000000000000000e-02
1.744000000000000e-02 3.990000000000000e-03 6.000000000000000e-02
1.207000000000000e-02 8.390000000000000e-03 6.000000000000000e-02
1.597000000000000e-02 3.760000000000000e-03 6.000000000000000e-02
1.080000000000000e-02 8.880000000000001e-03 6.000000000000000e-02
1.126000000000000e-02 9.339999999999999e-03 6.000000000000000e-02
1.646000000000000e-02 4.170000000000000e-03 6.000000000000000e-02
1.416000000000000e-02 6.430000000000000e-03 6.000000000000000e-02
1.600000000000000e-02 4.600000000000000e-03 6.000000000000000e-02
1.514000000000000e-02 4.620000000000000e-03 6.000000000000000e-02
1.558000000000000e-02 4.190000000000000e-03 6.000000000000000e-02
1.167000000000000e-02 7.960000000000000e-03 6.000000000000000e-02
1.168000000000000e-02 8.829999999999999e-03 6.000000000000000e-02
1.127000000000000e-02 8.440000000000000e-03 6.000000000000000e-02
1.580000000000000e-02 5.560000000000000e-03 6.000000000000000e-02
1.511000000000000e-02 6.250000000000000e-03 6.000000000000000e-02
1.246000000000000e-02 6.410000000000000e-03 6.000000000000000e-02
1.311000000000000e-02 5.760000000000000e-03 6.000000000000000e-02
1.065000000000000e-02 1.007000000000000e-02 6.000000000000000e-02
1.656000000000000e-02 3.030000000000000e-03 6.000000000000000e-02
1.719000000000000e-02 3.730000000000000e-03 6.000000000000000e-02
1.001000000000000e-02 9.360000000000000e-03 6.000000000000000e-02
1.718000000000000e-02 4.270000000000000e-03 6.000000000000000e-02
1.592000000000000e-02 2.990000000000000e-03 6.000000000000000e-02
9.960000000000000e-03 8.910000000000000e-03 6.000000000000000e-02
1.120000000000000e-02 1.018000000000000e-02 6.000000000000000e-02
1.189000000000000e-02 9.530000000000000e-03 6.000000000000000e-02
1.060000000000000e-02 8.279999999999999e-03 6.000000000000000e-02
1.251000000000000e-02 7.100000000000000e-03 6.000000000000000e-02
1.215000000000000e-02 6.800000000000000e-03 6.000000000000000e-02
1.231000000000000e-02 7.540000000000000e-03 6.000000000000000e-02
1.052000000000000e-02 9.230000000000000e-03 6.000000000000000e-02
1.670000000000000e-02 3.850000000000000e-03 6.000000000000000e-02
1.634000000000000e-02 3.500000000000000e-03 6.000000000000000e-02
1.088000000000000e-02 9.599999999999999e-03 6.000000000000000e-02
1.510000000000000e-02 5.900000000000000e-03 6.000000000000000e-02
1.544000000000000e-02 5.550000000000000e-03 6.000000000000000e-02
1.280000000000000e-02 6.430000000000000e-03 6.000000000000000e-02
1.317000000000000e-02 6.050000000000000e-03 6.000000000000000e-02
1.385000000000000e-02 5.920000000000000e-03 6.000000000000000e-02
1.340000000000000e-02 5.540000000000000e-03 6.000000000000000e-02
1.094000000000000e-02 7.860000000000001e-03 6.000000000000000e-02
1.240000000000000e-02 9.140000000000001e-03 6.000000000000000e-02
1.802000000000000e-02 1.980000000000000e-03 6.000000000000000e-02
2.556000000000000e-02 2.030000000000000e-03 6.000000000000000e-02
2.038000000000000e-02 1.980000000000000e-03 6.000000000000000e-02
2.180000000000000e-02 2.000000000000000e-03 6.000000000000000e-02
2.324000000000000e-02 1.950000000000000e-03 6.000000000000000e-02
2.436000000000000e-02 1.980000000000000e-03 6.000000000000000e-02
1.922000000000000e-02 2.110000000000000e-03 6.000000000000000e-02
1.740000000000000e-02 2.110000000000000e-03 6.000000000000000e-02
2.099000000000000e-02 2.390000000000000e-03 6.000000000000000e-02
2.250000000000000e-02 2.470000000000000e-03 6.000000000000000e-02
2.245000000000000e-02 1.480000000000000e-03 6.000000000000000e-02
2.103000000000000e-02 1.540000000000000e-03 6.000000000000000e-02
1.803000000000000e-02 2.640000000000000e-03 6.000000000000000e-02
2.616000000000000e-02 1.470000000000000e-03 6.000000000000000e-02
2.387000000000000e-02 1.470000000000000e-03 6.000000000000000e-02
2.610000000000000e-02 2.390000000000000e-03 6.000000000000000e-02
1.979000000000000e-02 1.500000000000000e-03 6.000000000000000e-02
2.502000000000000e-02 1.520000000000000e-03 6.000000000000000e-02
1.884000000000000e-02 1.570000000000000e-03 6.000000000000000e-02
2.501000000000000e-02 2.510000000000000e-03 6.000000000000000e-02
2.381000000000000e-02 2.500000000000000e-03 6.000000000000000e-02
1.774000000000000e-02 1.570000000000000e-03 6.000000000000000e-02
1.986000000000000e-02 2.570000000000000e-03 6.000000000000000e-02
1.863000000000000e-02 2.650000000000000e-03 6.000000000000000e-02
2.190000000000000e-02 2.550000000000000e-03 6.000000000000000e-02
2.186000000000000e-02 1.380000000000000e-03 6.000000000000000e-02
2.044000000000000e-02 1.290000000000000e-03 6.000000000000000e-02
2.319000000000000e-02 2.520000000000000e-03 6.000000000000000e-02
2.336000000000000e-02 1.370000000000000e-03 6.000000000000000e-02
2.046000000000000e-02 2.560000000000000e-03 6.000000000000000e-02
2.442000000000000e-02 1.430000000000000e-03 6.000000000000000e-02
2.441000000000000e-02 2.550000000000000e-03 6.000000000000000e-02
2.561000000000000e-02 1.450000000000000e-03 6.000000000000000e-02
2.556000000000000e-02 2.660000000000000e-03 6.000000000000000e-02
2.627000000000000e-02 2.020000000000000e-03 6.000000000000000e-02
1.922000000000000e-02 2.760000000000000e-03 6.000000000000000e-02
1.818000000000000e-02 1.440000000000000e-03 6.000000000000000e-02
1.934000000000000e-02 1.200000000000000e-03 6.000000000000000e-02
1.744000000000000e-02 2.640000000000000e-03 6.000000000000000e-02
1.866000000000000e-02 2.090000000000000e-03 6.000000000000000e-02
1.979000000000000e-02 2.020000000000000e-03 6.000000000000000e-02
1.783000000000000e-02 1.210000000000000e-03 6.000000000000000e-02
1.739000000000000e-02 1.550000000000000e-03 6.000000000000000e-02
2.382000000000000e-02 1.980000000000000e-03 6.000000000000000e-02
2.511000000000000e-02 1.980000000000000e-03 6.000000000000000e-02
2.146000000000000e-02 2.840000000000000e-03 6.000000000000000e-02
2.286000000000000e-02 2.800000000000000e-03 6.000000000000000e-02
2.139000000000000e-02 1.280000000000000e-03 6.000000000000000e-02
2.222000000000000e-02 2.790000000000000e-03 6.000000000000000e-02
2.281000000000000e-02 1.250000000000000e-03 6.000000000000000e-02
2.097000000000000e-02 1.170000000000000e-03 6.000000000000000e-02
2.267000000000000e-02 1.850000000000000e-03 6.000000000000000e-02
2.123000000000000e-02 1.880000000000000e-03 6.000000000000000e-02
1.802000000000000e-02 3.250000000000000e-03 6.000000000000000e-02
2.090000000000000e-02 2.030000000000000e-03 6.000000000000000e-02
2.235000000000000e-02 2.040000000000000e-03 6.000000000000000e-02
2.660000000000000e-02 1.200000000000000e-03 6.000000000000000e-02
1.772000000000000e-02 2.360000000000000e-03 6.000000000000000e-02
2.223000000000000e-02 1.170000000000000e-03 6.000000000000000e-02
1.687000000000000e-02 2.130000000000000e-03 6.000000000000000e-02
2.092000000000000e-02 2.810000000000000e-03 6.000000000000000e-02
2.641000000000000e-02 2.810000000000000e-03 6.000000000000000e-02
2.473000000000000e-02 1.170000000000000e-03 6.000000000000000e-02
1.834000000000000e-02 2.350000000000000e-03 6.000000000000000e-02
1.833000000000000e-02 2.940000000000000e-03 6.000000000000000e-02
1.883000000000000e-02 2.880000000000000e-03 6.000000000000000e-02
2.405000000000000e-02 2.860000000000000e-03 6.000000000000000e-02
1.983000000000000e-02 1.130000000000000e-03 6.000000000000000e-02
1.941000000000000e-02 1.670000000000000e-03 6.000000000000000e-02
2.516000000000000e-02 2.820000000000000e-03 6.000000000000000e-02
2.358000000000000e-02 2.820000000000000e-03 6.000000000000000e-02
2.369000000000000e-02 1.170000000000000e-03 6.000000000000000e-02
2.530000000000000e-02 1.170000000000000e-03 6.000000000000000e-02
1.896000000000000e-02 1.170000000000000e-03 6.000000000000000e-02
2.156000000000000e-02 1.690000000000000e-03 6.000000000000000e-02
2.629000000000000e-02 1.140000000000000e-03 6.000000000000000e-02
2.208000000000000e-02 2.280000000000000e-03 6.000000000000000e-02
2.653000000000000e-02 1.640000000000000e-03 6.000000000000000e-02
2.147000000000000e-02 2.340000000000000e-03 6.000000000000000e-02
2.069000000000000e-02 1.720000000000000e-03 6.000000000000000e-02
1.763000000000000e-02 1.840000000000000e-03 6.000000000000000e-02
2.411000000000000e-02 1.710000000000000e-03 6.000000000000000e-02
2.016000000000000e-02 2.880000000000000e-03 6.000000000000000e-02
2.302000000000000e-02 1.610000000000000e-03 6.000000000000000e-02
2.007000000000000e-02 1.700000000000000e-03 6.000000000000000e-02
2.464000000000000e-02 1.730000000000000e-03 6.000000000000000e-02
1.769000000000000e-02 2.930000000000000e-03 6.000000000000000e-02
2.650000000000000e-02 2.350000000000000e-03 6.000000000000000e-02
1.752000000000000e-02 1.230000000000000e-03 6.000000000000000e-02
2.357000000000000e-02 1.690000000000000e-03 6.000000000000000e-02
2.530000000000000e-02 2.280000000000000e-03 6.000000000000000e-02
2.538000000000000e-02 1.750000000000000e-03 6.000000000000000e-02
2.291000000000000e-02 2.200000000000000e-03 6.000000000000000e-02
2.352000000000000e-02 2.250000000000000e-03 6.000000000000000e-02
1.716000000000000e-02 2.370000000000000e-03 6.000000000000000e-02
2.410000000000000e-02 2.250000000000000e-03 6.000000000000000e-02
1.843000000000000e-02 1.760000000000000e-03 6.000000000000000e-02
2.591000000000000e-02 1.820000000000000e-03 6.000000000000000e-02
2.212000000000000e-02 1.730000000000000e-03 6.000000000000000e-02
2.474000000000000e-02 2.170000000000000e-03 6.000000000000000e-02
2.599000000000000e-02 2.780000000000000e-03 6.000000000000000e-02
2.012000000000000e-02 2.290000000000000e-03 6.000000000000000e-02
2.477000000000000e-02 2.850000000000000e-03 6.000000000000000e-02
2.581000000000000e-02 2.270000000000000e-03 6.000000000000000e-02
1.968000000000000e-02 2.890000000000000e-03 6.000000000000000e-02
1.953000000000000e-02 2.350000000000000e-03 6.000000000000000e-02
1.892000000000000e-02 1.930000000000000e-03 6.000000000000000e-02
2.591000000000000e-02 1.140000000000000e-03 6.000000000000000e-02
1.713000000000000e-02 1.820000000000000e-03 6.000000000000000e-02
1.893000000000000e-02 2.390000000000000e-03 6.000000000000000e-02
2.411000000000000e-02 1.130000000000000e-03 6.000000000000000e-02
2.065000000000000e-02 2.250000000000000e-03 6.000000000000000e-02
2.317000000000000e-02 1.070000000000000e-03 6.000000000000000e-02
1.852000000000000e-02 1.150000000000000e-03 6.000000000000000e-02
2.311000000000000e-02 2.970000000000000e-03 6.000000000000000e-02
2.188000000000000e-02 2.890000000000000e-03 6.000000000000000e-02
1.797000000000000e-02 1.640000000000000e-03 6.000000000000000e-02
2.194000000000000e-02 1.010000000000000e-03 6.000000000000000e-02
0.000000000000000e+00 2.750000000000000e-02 6.000000000000000e-02
0.000000000000000e+00 8.000000000000000e-03 6.000000000000000e-02
0.000000000000000e+00 5.330000000000000e-03 6.000000000000000e-02
2.120000000000000e-03 1.626000000000000e-02 6.000000000000000e-02
1.480000000000000e-03 1.690000000000000e-02 6.000000000000000e-02
7.500000000000000e-04 1.763000000000000e-02 6.000000000000000e-02
7.400000000000000e-04 2.699000000000000e-02 6.000000000000000e-02
3.240000000000000e-03 2.680000000000000e-02 6.000000000000000e-02
3.250000000000000e-03 1.867000000000000e-02 6.000000000000000e-02
3.890000000000000e-03 1.803000000000000e-02 6.000000000000000e-02
4.900000000000000e-04 2.750000000000000e-02 6.000000000000000e-02
9.800000000000000e-04 2.748000000000000e-02 6.000000000000000e-02
1.470000000000000e-03 2.746000000000000e-02 6.000000000000000e-02
1.960000000000000e-03 2.743000000000000e-02 6.000000000000000e-02
2.450000000000000e-03 2.739000000000000e-02 6.000000000000000e-02
2.940000000000000e-03 2.734000000000000e-02 6.000000000000000e-02
3.430000000000000e-03 2.729000000000000e-02 6.000000000000000e-02
3.910000000000000e-03 2.722000000000000e-02 6.000000000000000e-02
4.400000000000000e-03 2.715000000000000e-02 6.000000000000000e-02
4.880000000000000e-03 2.706000000000000e-02 6.000000000000000e-02
5.360000000000000e-03 2.697000000000000e-02 6.000000000000000e-02
5.850000000000000e-03 2.687000000000000e-02 6.000000000000000e-02
6.320000000000000e-03 2.676000000000000e-02 6.000000000000000e-02
6.800000000000000e-03 2.665000000000000e-02 6.000000000000000e-02
7.280000000000000e-03 2.652000000000000e-02 6.000000000000000e-02
7.750000000000000e-03 2.639000000000000e-02 6.000000000000000e-02
8.220000000000000e-03 2.624000000000000e-02 6.000000000000000e-02
8.680000000000000e-03 2.609000000000000e-02 6.000000000000000e-02
9.150000000000000e-03 2.593000000000000e-02 6.000000000000000e-02
9.610000000000000e-03 2.577000000000000e-02 6.000000000000000e-02
1.007000000000000e-02 2.559000000000000e-02 6.000000000000000e-02
1.052000000000000e-02 2.541000000000000e-02 6.000000000000000e-02
1.098000000000000e-02 2.521000000000000e-02 6.000000000000000e-02
1.142000000000000e-02 2.501000000000000e-02 6.000000000000000e-02
1.187000000000000e-02 2.481000000000000e-02 6.000000000000000e-02
1.231000000000000e-02 2.459000000000000e-02 6.000000000000000e-02
1.275000000000000e-02 2.437000000000000e-02 6.000000000000000e-02
1.318000000000000e-02 2.414000000000000e-02 6.000000000000000e-02
1.361000000000000e-02 2.390000000000000e-02 6.000000000000000e-02
1.403000000000000e-02 2.365000000000000e-02 6.000000000000000e-02
1.445000000000000e-02 2.340000000000000e-02 6.000000000000000e-02
1.487000000000000e-02 2.313000000000000e-02 6.000000000000000e-02
1.528000000000000e-02 2.287000000000000e-02 6.000000000000000e-02
1.568000000000000e-02 2.259000000000000e-02 6.000000000000000e-02
1.608000000000000e-02 2.231000000000000e-02 6.000000000000000e-02
1.648000000000000e-02 2.201000000000000e-02 6.000000000000000e-02
1.687000000000000e-02 2.172000000000000e-02 6.000000000000000e-02
1.726000000000000e-02 2.141000000000000e-02 6.000000000000000e-02
1.763000000000000e-02 2.110000000000000e-02 6.000000000000000e-02
1.801000000000000e-02 2.078000000000000e-02 6.000000000000000e-02
1.838000000000000e-02 2.046000000000000e-02 6.000000000000000e-02
1.874000000000000e-02 2.013000000000000e-02 6.000000000000000e-02
1.910000000000000e-02 1.979000000000000e-02 6.000000000000000e-02
4.500000000000000e-04 7.990000000000001e-03 6.000000000000000e-02
9.000000000000000e-04 7.950000000000000e-03 6.000000000000000e-02
1.340000000000000e-03 7.889999999999999e-03 6.000000000000000e-02
1.780000000000000e-03 7.800000000000000e-03 6.000000000000000e-02
2.210000000000000e-03 7.690000000000000e-03 6.000000000000000e-02
2.640000000000000e-03 7.550000000000000e-03 6.000000000000000e-02
3.060000000000000e-03 7.390000000000000e-03 6.000000000000000e-02
3.470000000000000e-03 7.210000000000000e-03 6.000000000000000e-02
3.870000000000000e-03 7.000000000000000e-03 6.000000000000000e-02
4.260000000000000e-03 6.770000000000000e-03 6.000000000000000e-02
4.630000000000000e-03 6.520000000000000e-03 6.000000000000000e-02
4.990000000000000e-03 6.250000000000000e-03 6.000000000000000e-02
5.330000000000000e-03 5.970000000000000e-03 6.000000000000000e-02
1.040000000000000e-03 5.230000000000000e-03 6.000000000000000e-02
2.040000000000000e-03 4.930000000000000e-03 6.000000000000000e-02
2.960000000000000e-03 4.430000000000000e-03 6.000000000000000e-02
0.000000000000000e+00 6.000000000000000e-03 6.000000000000000e-02
0.000000000000000e+00 6.670000000000000e-03 6.000000000000000e-02
0.000000000000000e+00 7.330000000000000e-03 6.000000000000000e-02
3.540000000000000e-03 1.767000000000000e-02 6.000000000000000e-02
3.190000000000000e-03 1.732000000000000e-02 6.000000000000000e-02
2.830000000000000e-03 1.697000000000000e-02 6.000000000000000e-02
2.480000000000000e-03 1.661000000000000e-02 6.000000000000000e-02
2.480000000000000e-03 1.591000000000000e-02 6.000000000000000e-02
2.830000000000000e-03 1.555000000000000e-02 6.000000000000000e-02
3.180000000000000e-03 1.520000000000000e-02 6.000000000000000e-02
3.540000000000000e-03 1.485000000000000e-02 6.000000000000000e-02
3.890000000000000e-03 1.449000000000000e-02 6.000000000000000e-02
4.250000000000000e-03 1.414000000000000e-02 6.000000000000000e-02
4.600000000000000e-03 1.379000000000000e-02 6.000000000000000e-02
4.950000000000000e-03 1.343000000000000e-02 6.000000000000000e-02
5.310000000000000e-03 1.308000000000000e-02 6.000000000000000e-02
5.660000000000000e-03 1.273000000000000e-02 6.000000000000000e-02
6.010000000000000e-03 1.237000000000000e-02 6.000000000000000e-02
6.370000000000000e-03 1.202000000000000e-02 6.000000000000000e-02
6.720000000000000e-03 1.167000000000000e-02 6.000000000000000e-02
7.070000000000000e-03 1.131000000000000e-02 6.000000000000000e-02
7.430000000000000e-03 1.096000000000000e-02 6.000000000000000e-02
7.780000000000000e-03 1.061000000000000e-02 6.000000000000000e-02
8.130000000000000e-03 1.025000000000000e-02 6.000000000000000e-02
8.489999999999999e-03 9.900000000000001e-03 6.000000000000000e-02
8.840000000000001e-03 9.549999999999999e-03 6.000000000000000e-02
1.061000000000000e-02 1.131000000000000e-02 6.000000000000000e-02
1.025000000000000e-02 1.167000000000000e-02 6.000000000000000e-02
9.900000000000001e-03 1.202000000000000e-02 6.000000000000000e-02
9.549999999999999e-03 1.237000000000000e-02 6.000000000000000e-02
9.190000000000000e-03 1.273000000000000e-02 6.000000000000000e-02
8.840000000000001e-03 1.308000000000000e-02 6.000000000000000e-02
8.489999999999999e-03 1.343000000000000e-02 6.000000000000000e-02
8.130000000000000e-03 1.379000000000000e-02 6.000000000000000e-02
7.780000000000000e-03 1.414000000000000e-02 6.000000000000000e-02
7.430000000000000e-03 1.449000000000000e-02 6.000000000000000e-02
7.070000000000000e-03 1.485000000000000e-02 6.000000000000000e-02
6.720000000000000e-03 1.520000000000000e-02 6.000000000000000e-02
6.370000000000000e-03 1.555000000000000e-02 6.000000000000000e-02
6.010000000000000e-03 1.591000000000000e-02 6.000000000000000e-02
5.660000000000000e-03 1.626000000000000e-02 6.000000000000000e-02
5.310000000000000e-03 1.661000000000000e-02 6.000000000000000e-02
4.950000000000000e-03 1.697000000000000e-02 6.000000000000000e-02
4.600000000000000e-03 1.732000000000000e-02 6.000000000000000e-02
4.250000000000000e-03 1.767000000000000e-02 6.000000000000000e-02
1.800000000000000e-03 1.658000000000000e-02 6.000000000000000e-02
1.240000000000000e-03 1.715000000000000e-02 6.000000000000000e-02
9.900000000000000e-04 1.739000000000000e-02 6.000000000000000e-02
7.500000000000000e-04 1.813000000000000e-02 6.000000000000000e-02
7.500000000000000e-04 1.862000000000000e-02 6.000000000000000e-02
7.500000000000000e-04 1.911000000000000e-02 6.000000000000000e-02
7.500000000000000e-04 1.960000000000000e-02 6.000000000000000e-02
7.500000000000000e-04 2.010000000000000e-02 6.000000000000000e-02
7.500000000000000e-04 2.059000000000000e-02 6.000000000000000e-02
7.500000000000000e-04 2.108000000000000e-02 6.000000000000000e-02
7.500000000000000e-04 2.157000000000000e-02 6.000000000000000e-02
7.500000000000000e-04 2.207000000000000e-02 6.000000000000000e-02
7.500000000000000e-04 2.256000000000000e-02 6.000000000000000e-02
7.500000000000000e-04 2.305000000000000e-02 6.000000000000000e-02
7.500000000000000e-04 2.354000000000000e-02 6.000000000000000e-02
7.500000000000000e-04 2.404000000000000e-02 6.000000000000000e-02
7.500000000000000e-04 2.453000000000000e-02 6.000000000000000e-02
7.400000000000000e-04 2.502000000000000e-02 6.000000000000000e-02
7.400000000000000e-04 2.551000000000000e-02 6.000000000000000e-02
7.400000000000000e-04 2.601000000000000e-02 6.000000000000000e-02
7.400000000000000e-04 2.650000000000000e-02 6.000000000000000e-02
1.160000000000000e-03 2.696000000000000e-02 6.000000000000000e-02
1.580000000000000e-03 2.693000000000000e-02 6.000000000000000e-02
1.990000000000000e-03 2.690000000000000e-02 6.000000000000000e-02
2.410000000000000e-03 2.687000000000000e-02 6.000000000000000e-02
2.830000000000000e-03 2.684000000000000e-02 6.000000000000000e-02
3.240000000000000e-03 2.633000000000000e-02 6.000000000000000e-02
3.240000000000000e-03 2.585000000000000e-02 6.000000000000000e-02
3.240000000000000e-03 2.537000000000000e-02 6.000000000000000e-02
3.240000000000000e-03 2.489000000000000e-02 6.000000000000000e-02
3.250000000000000e-03 2.441000000000000e-02 6.000000000000000e-02
3.250000000000000e-03 2.393000000000000e-02 6.000000000000000e-02
3.250000000000000e-03 2.346000000000000e-02 6.000000000000000e-02
3.250000000000000e-03 2.298000000000000e-02 6.000000000000000e-02
3.250000000000000e-03 2.250000000000000e-02 6.000000000000000e-02
3.250000000000000e-03 2.202000000000000e-02 6.000000000000000e-02
3.250000000000000e-03 2.154000000000000e-02 6.000000000000000e-02
3.250000000000000e-03 2.106000000000000e-02 6.000000000000000e-02
3.250000000000000e-03 2.058000000000000e-02 6.000000000000000e-02
3.250000000000000e-03 2.011000000000000e-02 6.000000000000000e-02
3.250000000000000e-03 1.963000000000000e-02 6.000000000000000e-02
3.250000000000000e-03 1.915000000000000e-02 6.000000000000000e-02
3.570000000000000e-03 1.835000000000000e-02 6.000000000000000e-02
0.000000000000000e+00 2.702000000000000e-02 6.000000000000000e-02
0.000000000000000e+00 2.647000000000000e-02 6.000000000000000e-02
0.000000000000000e+00 2.571000000000000e-02 6.000000000000000e-02
0.000000000000000e+00 2.476000000000000e-02 6.000000000000000e-02
0.000000000000000e+00 2.380000000000000e-02 6.000000000000000e-02
0.000000000000000e+00 2.284000000000000e-02 6.000000000000000e-02
0.000000000000000e+00 2.187000000000000e-02 6.000000000000000e-02
0.000000000000000e+00 2.091000000000000e-02 6.000000000000000e-02
0.000000000000000e+00 1.995000000000000e-02 6.000000000000000e-02
0.000000000000000e+00 1.899000000000000e-02 6.000000000000000e-02
0.000000000000000e+00 1.802000000000000e-02 6.000000000000000e-02
0.000000000000000e+00 1.706000000000000e-02 6.000000000000000e-02
0.000000000000000e+00 1.610000000000000e-02 6.000000000000000e-02
0.000000000000000e+00 1.514000000000000e-02 6.000000000000000e-02
0.000000000000000e+00 1.417000000000000e-02 6.000000000000000e-02
0.000000000000000e+00 1.321000000000000e-02 6.000000000000000e-02
0.000000000000000e+00 1.225000000000000e-02 6.000000000000000e-02
0.000000000000000e+00 1.129000000000000e-02 6.000000000000000e-02
0.000000000000000e+00 1.032000000000000e-02 6.000000000000000e-02
0.000000000000000e+00 9.360000000000000e-03 6.000000000000000e-02
0.000000000000000e+00 8.569999999999999e-03 6.000000000000000e-02
1.068000000000000e-02 1.918000000000000e-02 6.000000000000000e-02
7.280000000000000e-03 2.225000000000000e-02 6.000000000000000e-02
3.390000000000000e-03 1.074000000000000e-02 6.000000000000000e-02
1.415000000000000e-02 1.959000000000000e-02 6.000000000000000e-02
1.081000000000000e-02 1.530000000000000e-02 6.000000000000000e-02
7.240000000000000e-03 1.927000000000000e-02 6.000000000000000e-02
5.480000000000000e-03 2.459000000000000e-02 6.000000000000000e-02
1.018000000000000e-02 2.200000000000000e-02 6.000000000000000e-02
5.240000000000000e-03 8.999999999999999e-03 6.000000000000000e-02
8.780000000000000e-03 1.668000000000000e-02 6.000000000000000e-02
1.301000000000000e-02 2.148000000000000e-02 6.000000000000000e-02
5.120000000000000e-03 1.930000000000000e-02 6.000000000000000e-02
1.684000000000000e-02 1.905000000000000e-02 6.000000000000000e-02
2.460000000000000e-03 1.266000000000000e-02 6.000000000000000e-02
8.529999999999999e-03 2.370000000000000e-02 6.000000000000000e-02
5.190000000000000e-03 2.195000000000000e-02 6.000000000000000e-02
1.078000000000000e-02 1.357000000000000e-02 6.000000000000000e-02
1.610000000000000e-03 9.360000000000000e-03 6.000000000000000e-02
1.488000000000000e-02 2.108000000000000e-02 6.000000000000000e-02
1.331000000000000e-02 1.696000000000000e-02 6.000000000000000e-02
7.010000000000000e-03 1.734000000000000e-02 6.000000000000000e-02
9.039999999999999e-03 1.519000000000000e-02 6.000000000000000e-02
3.510000000000000e-03 9.080000000000000e-03 6.000000000000000e-02
5.140000000000000e-03 1.100000000000000e-02 6.000000000000000e-02
1.167000000000000e-02 2.284000000000000e-02 6.000000000000000e-02
4.390000000000000e-03 2.589000000000000e-02 6.000000000000000e-02
1.850000000000000e-03 1.455000000000000e-02 6.000000000000000e-02
5.780000000000000e-03 7.320000000000000e-03 6.000000000000000e-02
7.100000000000000e-03 2.486000000000000e-02 6.000000000000000e-02
4.450000000000000e-03 2.295000000000000e-02 6.000000000000000e-02
7.080000000000000e-03 9.280000000000000e-03 6.000000000000000e-02
1.759000000000000e-02 1.962000000000000e-02 6.000000000000000e-02
1.025000000000000e-02 2.382000000000000e-02 6.000000000000000e-02
4.190000000000000e-03 1.251000000000000e-02 6.000000000000000e-02
5.700000000000000e-03 1.813000000000000e-02 6.000000000000000e-02
9.350000000000001e-03 2.040000000000000e-02 6.000000000000000e-02
7.580000000000000e-03 1.605000000000000e-02 6.000000000000000e-02
1.140000000000000e-03 1.572000000000000e-02 6.000000000000000e-02
4.590000000000000e-03 2.082000000000000e-02 6.000000000000000e-02
1.412000000000000e-02 2.193000000000000e-02 6.000000000000000e-02
1.540000000000000e-02 1.778000000000000e-02 6.000000000000000e-02
1.133000000000000e-02 1.721000000000000e-02 6.000000000000000e-02
1.620000000000000e-02 2.061000000000000e-02 6.000000000000000e-02
1.241000000000000e-02 1.962000000000000e-02 6.000000000000000e-02
4.190000000000000e-03 8.109999999999999e-03 6.000000000000000e-02
4.360000000000000e-03 2.471000000000000e-02 6.000000000000000e-02
1.265000000000000e-02 1.523000000000000e-02 6.000000000000000e-02
5.770000000000000e-03 2.575000000000000e-02 6.000000000000000e-02
9.860000000000001e-03 1.370000000000000e-02 6.000000000000000e-02
6.630000000000000e-03 2.049000000000000e-02 6.000000000000000e-02
3.480000000000000e-03 1.344000000000000e-02 6.000000000000000e-02
8.970000000000001e-03 1.848000000000000e-02 6.000000000000000e-02
6.200000000000000e-03 1.057000000000000e-02 6.000000000000000e-02
1.460000000000000e-03 1.148000000000000e-02 6.000000000000000e-02
7.700000000000000e-04 9.190000000000000e-03 6.000000000000000e-02
8.659999999999999e-03 2.482000000000000e-02 6.000000000000000e-02
1.293000000000000e-02 2.295000000000000e-02 6.000000000000000e-02
1.109000000000000e-02 2.055000000000000e-02 6.000000000000000e-02
4.340000000000000e-03 2.214000000000000e-02 6.000000000000000e-02
1.121000000000000e-02 2.393000000000000e-02 6.000000000000000e-02
1.128000000000000e-02 1.236000000000000e-02 6.000000000000000e-02
8.200000000000001e-03 9.320000000000000e-03 6.000000000000000e-02
2.500000000000000e-03 8.569999999999999e-03 6.000000000000000e-02
8.580000000000001e-03 2.218000000000000e-02 6.000000000000000e-02
7.600000000000000e-04 1.661000000000000e-02 6.000000000000000e-02
1.305000000000000e-02 1.821000000000000e-02 6.000000000000000e-02
1.701000000000000e-02 2.020000000000000e-02 6.000000000000000e-02
6.520000000000000e-03 2.323000000000000e-02 6.000000000000000e-02
1.574000000000000e-02 2.132000000000000e-02 6.000000000000000e-02
9.450000000000000e-03 2.466000000000000e-02 6.000000000000000e-02
4.250000000000000e-03 1.980000000000000e-02 6.000000000000000e-02
1.485000000000000e-02 2.192000000000000e-02 6.000000000000000e-02
4.740000000000000e-03 1.858000000000000e-02 6.000000000000000e-02
1.010000000000000e-02 1.662000000000000e-02 6.000000000000000e-02
3.880000000000000e-03 2.648000000000000e-02 6.000000000000000e-02
6.850000000000000e-03 1.656000000000000e-02 6.000000000000000e-02
8.340000000000000e-03 1.504000000000000e-02 6.000000000000000e-02
6.070000000000000e-03 1.730000000000000e-02 6.000000000000000e-02
9.120000000000000e-03 1.450000000000000e-02 6.000000000000000e-02
1.465000000000000e-02 1.615000000000000e-02 6.000000000000000e-02
4.980000000000000e-03 1.179000000000000e-02 6.000000000000000e-02
2.980000000000000e-03 1.441000000000000e-02 6.000000000000000e-02
1.960000000000000e-03 1.550000000000000e-02 6.000000000000000e-02
1.213000000000000e-02 1.389000000000000e-02 6.000000000000000e-02
3.950000000000000e-03 1.898000000000000e-02 6.000000000000000e-02
6.800000000000000e-03 2.593000000000000e-02 6.000000000000000e-02
7.600000000000000e-03 2.554000000000000e-02 6.000000000000000e-02
7.180000000000000e-03 1.024000000000000e-02 6.000000000000000e-02
1.050000000000000e-03 1.282000000000000e-02 6.000000000000000e-02
3.920000000000000e-03 2.382000000000000e-02 6.000000000000000e-02
3.250000000000000e-03 8.229999999999999e-03 6.000000000000000e-02
7.800000000000000e-03 2.123000000000000e-02 6.000000000000000e-02
1.045000000000000e-02 1.256000000000000e-02 6.000000000000000e-02
1.613000000000000e-02 1.844000000000000e-02 6.000000000000000e-02
6.870000000000000e-03 8.109999999999999e-03 6.000000000000000e-02
1.220000000000000e-02 1.654000000000000e-02 6.000000000000000e-02
7.550000000000000e-03 2.392000000000000e-02 6.000000000000000e-02
4.210000000000000e-03 1.318000000000000e-02 6.000000000000000e-02
1.212000000000000e-02 2.371000000000000e-02 6.000000000000000e-02
1.191000000000000e-02 1.860000000000000e-02 6.000000000000000e-02
1.023000000000000e-02 1.792000000000000e-02 6.000000000000000e-02
4.370000000000000e-03 9.939999999999999e-03 6.000000000000000e-02
6.200000000000000e-03 1.949000000000000e-02 6.000000000000000e-02
1.168000000000000e-02 2.169000000000000e-02 6.000000000000000e-02
1.528000000000000e-02 2.002000000000000e-02 6.000000000000000e-02
1.387000000000000e-02 2.041000000000000e-02 6.000000000000000e-02
1.383000000000000e-02 1.576000000000000e-02 6.000000000000000e-02
5.670000000000000e-03 6.580000000000000e-03 6.000000000000000e-02
4.960000000000000e-03 7.280000000000000e-03 6.000000000000000e-02
7.570000000000000e-03 1.824000000000000e-02 6.000000000000000e-02
9.390000000000001e-03 2.298000000000000e-02 6.000000000000000e-02
1.024000000000000e-02 2.016000000000000e-02 6.000000000000000e-02
2.550000000000000e-03 1.173000000000000e-02 6.000000000000000e-02
1.060000000000000e-02 2.437000000000000e-02 6.000000000000000e-02
1.403000000000000e-02 1.772000000000000e-02 6.000000000000000e-02
8.480000000000000e-03 1.965000000000000e-02 6.000000000000000e-02
5.590000000000000e-03 2.005000000000000e-02 6.000000000000000e-02
5.070000000000000e-03 1.763000000000000e-02 6.000000000000000e-02
3.890000000000000e-03 2.141000000000000e-02 6.000000000000000e-02
1.392000000000000e-02 2.273000000000000e-02 6.000000000000000e-02
1.064000000000000e-02 1.449000000000000e-02 6.000000000000000e-02
1.300000000000000e-03 1.020000000000000e-02 6.000000000000000e-02
9.570000000000000e-03 2.126000000000000e-02 6.000000000000000e-02
1.559000000000000e-02 1.898000000000000e-02 6.000000000000000e-02
8.010000000000000e-03 2.284000000000000e-02 6.000000000000000e-02
6.320000000000000e-03 2.161000000000000e-02 6.000000000000000e-02
1.745000000000000e-02 1.853000000000000e-02 6.000000000000000e-02
1.828000000000000e-02 1.966000000000000e-02 6.000000000000000e-02
4.940000000000000e-03 2.624000000000000e-02 6.000000000000000e-02
4.290000000000000e-03 2.647000000000000e-02 6.000000000000000e-02
1.826000000000000e-02 1.999000000000000e-02 6.000000000000000e-02
3.850000000000000e-03 2.528000000000000e-02 6.000000000000000e-02
1.202000000000000e-02 2.082000000000000e-02 6.000000000000000e-02
1.060000000000000e-03 1.396000000000000e-02 6.000000000000000e-02
7.710000000000000e-03 2.024000000000000e-02 6.000000000000000e-02
7.610000000000000e-03 8.770000000000000e-03 6.000000000000000e-02
1.241000000000000e-02 1.759000000000000e-02 6.000000000000000e-02
5.990000000000000e-03 1.135000000000000e-02 6.000000000000000e-02
2.250000000000000e-03 1.075000000000000e-02 6.000000000000000e-02
5.380000000000000e-03 2.640000000000000e-02 6.000000000000000e-02
1.170000000000000e-02 1.492000000000000e-02 6.000000000000000e-02
3.780000000000000e-03 2.610000000000000e-02 6.000000000000000e-02
1.062000000000000e-02 2.302000000000000e-02 6.000000000000000e-02
1.370000000000000e-02 2.321000000000000e-02 6.000000000000000e-02
1.447000000000000e-02 2.291000000000000e-02 6.000000000000000e-02
7.600000000000000e-04 1.197000000000000e-02 6.000000000000000e-02
6.620000000000000e-03 1.824000000000000e-02 6.000000000000000e-02
3.750000000000000e-03 2.263000000000000e-02 6.000000000000000e-02
9.840000000000000e-03 1.550000000000000e-02 6.000000000000000e-02
7.090000000000000e-03 1.526000000000000e-02 6.000000000000000e-02
1.165000000000000e-02 1.966000000000000e-02 6.000000000000000e-02
1.791000000000000e-02 2.028000000000000e-02 6.000000000000000e-02
1.607000000000000e-02 1.724000000000000e-02 6.000000000000000e-02
5.400000000000000e-03 1.005000000000000e-02 6.000000000000000e-02
9.339999999999999e-03 1.949000000000000e-02 6.000000000000000e-02
1.485000000000000e-02 2.265000000000000e-02 6.000000000000000e-02
1.323000000000000e-02 2.359000000000000e-02 6.000000000000000e-02
6.670000000000000e-03 2.414000000000000e-02 6.000000000000000e-02
5.770000000000000e-03 2.638000000000000e-02 6.000000000000000e-02
6.210000000000000e-03 2.620000000000000e-02 6.000000000000000e-02
1.285000000000000e-02 2.391000000000000e-02 6.000000000000000e-02
1.523000000000000e-02 2.245000000000000e-02 6.000000000000000e-02
1.563000000000000e-02 2.193000000000000e-02 6.000000000000000e-02
1.618000000000000e-02 2.170000000000000e-02 6.000000000000000e-02
1.627000000000000e-02 2.112000000000000e-02 6.000000000000000e-02
1.742000000000000e-02 2.063000000000000e-02 6.000000000000000e-02
1.678000000000000e-02 2.073000000000000e-02 6.000000000000000e-02
1.289000000000000e-02 1.426000000000000e-02 6.000000000000000e-02
1.700000000000000e-03 8.480000000000000e-03 6.000000000000000e-02
1.166000000000000e-02 1.308000000000000e-02 6.000000000000000e-02
1.022000000000000e-02 2.499000000000000e-02 6.000000000000000e-02
9.719999999999999e-03 2.515000000000000e-02 6.000000000000000e-02
9.230000000000000e-03 2.539000000000000e-02 6.000000000000000e-02
8.850000000000000e-03 2.570000000000000e-02 6.000000000000000e-02
8.390000000000000e-03 2.553000000000000e-02 6.000000000000000e-02
1.104000000000000e-02 2.468000000000000e-02 6.000000000000000e-02
1.149000000000000e-02 2.453000000000000e-02 6.000000000000000e-02
1.188000000000000e-02 2.433000000000000e-02 6.000000000000000e-02
6.700000000000000e-04 1.709000000000000e-02 6.000000000000000e-02
1.610000000000000e-03 1.616000000000000e-02 6.000000000000000e-02
9.330000000000000e-03 1.743000000000000e-02 6.000000000000000e-02
4.210000000000000e-03 1.169000000000000e-02 6.000000000000000e-02
9.100000000000000e-04 1.495000000000000e-02 6.000000000000000e-02
1.104000000000000e-02 1.619000000000000e-02 6.000000000000000e-02
1.331000000000000e-02 1.938000000000000e-02 6.000000000000000e-02
1.480000000000000e-02 1.847000000000000e-02 6.000000000000000e-02
3.900000000000000e-04 2.677000000000000e-02 6.000000000000000e-02
2.610000000000000e-03 9.490000000000000e-03 6.000000000000000e-02
3.780000000000000e-03 7.480000000000000e-03 6.000000000000000e-02
6.520000000000000e-03 7.310000000000000e-03 6.000000000000000e-02
5.330000000000000e-03 2.283000000000000e-02 6.000000000000000e-02
3.950000000000000e-03 2.034000000000000e-02 6.000000000000000e-02
6.090000000000000e-03 1.665000000000000e-02 6.000000000000000e-02
9.030000000000000e-03 1.375000000000000e-02 6.000000000000000e-02
8.470000000000000e-03 1.440000000000000e-02 6.000000000000000e-02
4.330000000000000e-03 9.039999999999999e-03 6.000000000000000e-02
4.960000000000000e-03 1.257000000000000e-02 6.000000000000000e-02
1.229000000000000e-02 2.226000000000000e-02 6.000000000000000e-02
7.620000000000000e-03 9.769999999999999e-03 6.000000000000000e-02
7.990000000000001e-03 1.697000000000000e-02 6.000000000000000e-02
8.580000000000001e-03 1.585000000000000e-02 6.000000000000000e-02
5.090000000000000e-03 8.130000000000000e-03 6.000000000000000e-02
5.030000000000000e-03 2.531000000000000e-02 6.000000000000000e-02
2.630000000000000e-03 1.499000000000000e-02 6.000000000000000e-02
3.480000000000000e-03 1.413000000000000e-02 6.000000000000000e-02
1.300000000000000e-02 1.614000000000000e-02 6.000000000000000e-02
1.397000000000000e-02 2.121000000000000e-02 6.000000000000000e-02
7.390000000000000e-03 2.616000000000000e-02 6.000000000000000e-02
1.790000000000000e-03 1.329000000000000e-02 6.000000000000000e-02
1.800000000000000e-03 1.212000000000000e-02 6.000000000000000e-02
2.400000000000000e-03 8.070000000000001e-03 6.000000000000000e-02
7.760000000000000e-03 2.469000000000000e-02 6.000000000000000e-02
6.850000000000000e-03 1.076000000000000e-02 6.000000000000000e-02
4.200000000000000e-04 2.138000000000000e-02 6.000000000000000e-02
1.107000000000000e-02 1.826000000000000e-02 6.000000000000000e-02
3.370000000000000e-03 1.257000000000000e-02 6.000000000000000e-02
1.672000000000000e-02 2.116000000000000e-02 6.000000000000000e-02
9.760000000000000e-03 1.297000000000000e-02 6.000000000000000e-02
1.798000000000000e-02 1.900000000000000e-02 6.000000000000000e-02
1.056000000000000e-02 1.197000000000000e-02 6.000000000000000e-02
3.680000000000000e-03 2.690000000000000e-02 6.000000000000000e-02
5.720000000000000e-03 2.368000000000000e-02 6.000000000000000e-02
3.820000000000000e-03 2.436000000000000e-02 6.000000000000000e-02
4.900000000000000e-04 8.520000000000000e-03 6.000000000000000e-02
4.090000000000000e-03 1.369000000000000e-02 6.000000000000000e-02
4.200000000000000e-04 2.041000000000000e-02 6.000000000000000e-02
1.353000000000000e-02 2.229000000000000e-02 6.000000000000000e-02
1.462000000000000e-02 2.030000000000000e-02 6.000000000000000e-02
3.900000000000000e-04 2.621000000000000e-02 6.000000000000000e-02
1.081000000000000e-02 2.144000000000000e-02 6.000000000000000e-02
1.121000000000000e-02 2.223000000000000e-02 6.000000000000000e-02
9.880000000000000e-03 1.452000000000000e-02 6.000000000000000e-02
4.300000000000000e-04 1.945000000000000e-02 6.000000000000000e-02
6.230000000000000e-03 8.880000000000001e-03 6.000000000000000e-02
5.080000000000000e-03 6.670000000000000e-03 6.000000000000000e-02
9.910000000000000e-03 1.873000000000000e-02 6.000000000000000e-02
6.450000000000000e-03 9.809999999999999e-03 6.000000000000000e-02
4.600000000000000e-04 1.847000000000000e-02 6.000000000000000e-02
1.297000000000000e-02 2.021000000000000e-02 6.000000000000000e-02
6.300000000000000e-03 2.508000000000000e-02 6.000000000000000e-02
9.299999999999999e-03 1.620000000000000e-02 6.000000000000000e-02
4.610000000000000e-03 1.798000000000000e-02 6.000000000000000e-02
5.440000000000000e-03 1.716000000000000e-02 6.000000000000000e-02
1.456000000000000e-02 1.561000000000000e-02 6.000000000000000e-02
7.880000000000000e-03 2.186000000000000e-02 6.000000000000000e-02
8.630000000000001e-03 2.123000000000000e-02 6.000000000000000e-02
1.533000000000000e-02 1.647000000000000e-02 6.000000000000000e-02
7.280000000000000e-03 2.315000000000000e-02 6.000000000000000e-02
5.660000000000000e-03 2.110000000000000e-02 6.000000000000000e-02
1.130000000000000e-02 1.421000000000000e-02 6.000000000000000e-02
3.520000000000000e-03 9.910000000000000e-03 6.000000000000000e-02
3.820000000000000e-03 2.182000000000000e-02 6.000000000000000e-02
7.200000000000000e-04 9.900000000000001e-03 6.000000000000000e-02
4.100000000000000e-04 1.773000000000000e-02 6.000000000000000e-02
1.094000000000000e-02 1.176000000000000e-02 6.000000000000000e-02
6.960000000000000e-03 2.140000000000000e-02 6.000000000000000e-02
1.170000000000000e-03 1.639000000000000e-02 6.000000000000000e-02
1.381000000000000e-02 1.867000000000000e-02 6.000000000000000e-02
5.250000000000000e-03 2.596000000000000e-02 6.000000000000000e-02
5.580000000000000e-03 1.201000000000000e-02 6.000000000000000e-02
7.700000000000000e-04 1.103000000000000e-02 6.000000000000000e-02
5.820000000000000e-03 1.895000000000000e-02 6.000000000000000e-02
6.210000000000000e-03 2.236000000000000e-02 6.000000000000000e-02
1.362000000000000e-02 1.484000000000000e-02 6.000000000000000e-02
5.870000000000000e-03 8.040000000000000e-03 6.000000000000000e-02
1.268000000000000e-02 1.898000000000000e-02 6.000000000000000e-02
9.469999999999999e-03 2.211000000000000e-02 6.000000000000000e-02
6.860000000000000e-03 1.573000000000000e-02 6.000000000000000e-02
7.650000000000000e-03 1.511000000000000e-02 6.000000000000000e-02
1.053000000000000e-02 1.727000000000000e-02 6.000000000000000e-02
1.557000000000000e-02 2.066000000000000e-02 6.000000000000000e-02
4.010000000000000e-03 2.685000000000000e-02 6.000000000000000e-02
1.882000000000000e-02 1.947000000000000e-02 6.000000000000000e-02
8.180000000000000e-03 1.897000000000000e-02 6.000000000000000e-02
1.415000000000000e-02 1.649000000000000e-02 6.000000000000000e-02
8.640000000000000e-03 2.045000000000000e-02 6.000000000000000e-02
3.730000000000000e-03 2.323000000000000e-02 6.000000000000000e-02
3.390000000000000e-03 7.670000000000000e-03 6.000000000000000e-02
4.330000000000000e-03 7.440000000000000e-03 6.000000000000000e-02
2.550000000000000e-03 1.373000000000000e-02 6.000000000000000e-02
9.620000000000000e-03 2.398000000000000e-02 6.000000000000000e-02
4.700000000000000e-03 2.394000000000000e-02 6.000000000000000e-02
1.870000000000000e-03 1.600000000000000e-02 6.000000000000000e-02
1.185000000000000e-02 1.586000000000000e-02 6.000000000000000e-02
2.060000000000000e-03 8.010000000000000e-03 6.000000000000000e-02
6.660000000000000e-03 1.125000000000000e-02 6.000000000000000e-02
9.230000000000000e-03 1.314000000000000e-02 6.000000000000000e-02
2.210000000000000e-03 2.715000000000000e-02 6.000000000000000e-02
1.010000000000000e-03 8.500000000000001e-03 6.000000000000000e-02
3.890000000000000e-03 1.407000000000000e-02 6.000000000000000e-02
3.550000000000000e-03 1.942000000000000e-02 6.000000000000000e-02
2.580000000000000e-03 2.715000000000000e-02 6.000000000000000e-02
1.845000000000000e-02 1.928000000000000e-02 6.000000000000000e-02
1.337000000000000e-02 1.776000000000000e-02 6.000000000000000e-02
3.760000000000000e-03 2.089000000000000e-02 6.000000000000000e-02
1.471000000000000e-02 1.714000000000000e-02 6.000000000000000e-02
1.650000000000000e-02 2.147000000000000e-02 6.000000000000000e-02
1.715000000000000e-02 2.089000000000000e-02 6.000000000000000e-02
3.930000000000000e-03 1.850000000000000e-02 6.000000000000000e-02
3.360000000000000e-03 1.168000000000000e-02 6.000000000000000e-02
3.560000000000000e-03 2.471000000000000e-02 6.000000000000000e-02
1.261000000000000e-02 1.337000000000000e-02 6.000000000000000e-02
6.670000000000000e-03 1.974000000000000e-02 6.000000000000000e-02
8.340000000000000e-03 1.774000000000000e-02 6.000000000000000e-02
1.421000000000000e-02 2.307000000000000e-02 6.000000000000000e-02
3.750000000000000e-03 2.220000000000000e-02 6.000000000000000e-02
3.630000000000000e-03 2.578000000000000e-02 6.000000000000000e-02
4.720000000000000e-03 2.666000000000000e-02 6.000000000000000e-02
1.678000000000000e-02 1.792000000000000e-02 6.000000000000000e-02
3.700000000000000e-03 1.973000000000000e-02 6.000000000000000e-02
5.770000000000000e-03 6.160000000000000e-03 6.000000000000000e-02
4.840000000000000e-03 2.023000000000000e-02 6.000000000000000e-02
7.930000000000000e-03 1.468000000000000e-02 6.000000000000000e-02
6.480000000000000e-03 1.614000000000000e-02 6.000000000000000e-02
5.600000000000000e-03 1.682000000000000e-02 6.000000000000000e-02
8.520000000000000e-03 1.399000000000000e-02 6.000000000000000e-02
4.200000000000000e-03 1.829000000000000e-02 6.000000000000000e-02
1.493000000000000e-02 1.934000000000000e-02 6.000000000000000e-02
3.570000000000000e-03 2.666000000000000e-02 6.000000000000000e-02
1.057000000000000e-02 2.487000000000000e-02 6.000000000000000e-02
4.480000000000000e-03 2.150000000000000e-02 6.000000000000000e-02
4.300000000000000e-04 1.893000000000000e-02 6.000000000000000e-02
1.861000000000000e-02 1.973000000000000e-02 6.000000000000000e-02
1.840000000000000e-03 2.714000000000000e-02 6.000000000000000e-02
5.410000000000000e-03 1.243000000000000e-02 6.000000000000000e-02
4.300000000000000e-04 1.991000000000000e-02 6.000000000000000e-02
1.619000000000000e-02 1.976000000000000e-02 6.000000000000000e-02
1.444000000000000e-02 2.251000000000000e-02 6.000000000000000e-02
1.021000000000000e-02 2.096000000000000e-02 6.000000000000000e-02
1.050000000000000e-03 1.693000000000000e-02 6.000000000000000e-02
4.300000000000000e-04 2.088000000000000e-02 6.000000000000000e-02
4.290000000000000e-03 1.084000000000000e-02 6.000000000000000e-02
4.300000000000000e-04 2.574000000000000e-02 6.000000000000000e-02
4.300000000000000e-04 2.520000000000000e-02 6.000000000000000e-02
1.003000000000000e-02 2.454000000000000e-02 6.000000000000000e-02
3.900000000000000e-04 2.194000000000000e-02 6.000000000000000e-02
4.200000000000000e-04 2.241000000000000e-02 6.000000000000000e-02
8.680000000000000e-03 9.310000000000001e-03 6.000000000000000e-02
6.520000000000000e-03 1.891000000000000e-02 6.000000000000000e-02
3.640000000000000e-03 5.570000000000000e-03 6.000000000000000e-02
1.250000000000000e-03 6.450000000000000e-03 6.000000000000000e-02
2.490000000000000e-03 6.130000000000000e-03 6.000000000000000e-02
2.010000000000000e-03 6.940000000000000e-03 6.000000000000000e-02
3.300000000000000e-03 6.340000000000000e-03 6.000000000000000e-02
9.400000000000000e-04 7.130000000000000e-03 6.000000000000000e-02
4.400000000000000e-03 5.680000000000000e-03 6.000000000000000e-02
2.900000000000000e-03 6.570000000000000e-03 6.000000000000000e-02
3.000000000000000e-03 5.740000000000000e-03 6.000000000000000e-02
1.860000000000000e-03 6.110000000000000e-03 6.000000000000000e-02
3.700000000000000e-03 6.180000000000000e-03 6.000000000000000e-02
1.720000000000000e-03 7.330000000000000e-03 6.000000000000000e-02
4.210000000000000e-03 5.180000000000000e-03 6.000000000000000e-02
7.500000000000000e-04 6.600000000000000e-03 6.000000000000000e-02
8.600000000000000e-04 5.950000000000000e-03 6.000000000000000e-02
3.600000000000000e-03 4.820000000000000e-03 6.000000000000000e-02
1.360000000000000e-03 6.050000000000000e-03 6.000000000000000e-02
3.310000000000000e-03 5.300000000000000e-03 6.000000000000000e-02
4.990000000000000e-03 5.710000000000000e-03 6.000000000000000e-02
6.300000000000000e-04 7.520000000000000e-03 6.000000000000000e-02
2.280000000000000e-03 5.520000000000000e-03 6.000000000000000e-02
1.660000000000000e-03 5.690000000000000e-03 6.000000000000000e-02
2.560000000000000e-03 7.130000000000000e-03 6.000000000000000e-02
3.410000000000000e-03 6.780000000000000e-03 6.000000000000000e-02
2.850000000000000e-03 5.230000000000000e-03 6.000000000000000e-02
4.170000000000000e-03 4.800000000000000e-03 6.000000000000000e-02
4.600000000000000e-04 6.330000000000000e-03 6.000000000000000e-02
2.190000000000000e-03 5.940000000000000e-03 6.000000000000000e-02
3.790000000000000e-03 4.360000000000000e-03 6.000000000000000e-02
4.000000000000000e-04 5.770000000000000e-03 6.000000000000000e-02
2.170000000000000e-03 7.290000000000000e-03 6.000000000000000e-02
2.430000000000000e-03 6.670000000000000e-03 6.000000000000000e-02
5.300000000000000e-04 7.050000000000000e-03 6.000000000000000e-02
4.650000000000000e-03 5.340000000000000e-03 6.000000000000000e-02
2.900000000000000e-03 6.170000000000000e-03 6.000000000000000e-02
3.410000000000000e-03 5.910000000000000e-03 6.000000000000000e-02
1.700000000000000e-03 6.620000000000000e-03 6.000000000000000e-02
9.500000000000000e-04 6.350000000000000e-03 6.000000000000000e-02
3.870000000000000e-03 5.280000000000000e-03 6.000000000000000e-02
4.310000000000000e-03 6.230000000000000e-03 6.000000000000000e-02
1.310000000000000e-03 7.490000000000000e-03 6.000000000000000e-02
3.890000000000000e-03 6.560000000000000e-03 6.000000000000000e-02
2.980000000000000e-03 6.960000000000000e-03 6.000000000000000e-02
4.010000000000000e-03 5.860000000000000e-03 6.000000000000000e-02
1.360000000000000e-03 7.040000000000000e-03 6.000000000000000e-02
2.610000000000000e-03 5.790000000000000e-03 6.000000000000000e-02
4.000000000000000e-04 7.630000000000000e-03 6.000000000000000e-02
5.200000000000000e-03 5.550000000000000e-03 6.000000000000000e-02
4.670000000000000e-03 5.960000000000000e-03 6.000000000000000e-02
9.800000000000000e-04 7.470000000000000e-03 6.000000000000000e-02
2.120000000000000e-03 6.400000000000000e-03 6.000000000000000e-02
1.070000000000000e-03 6.770000000000000e-03 6.000000000000000e-02
4.130000000000000e-03 5.490000000000000e-03 6.000000000000000e-02
7.390000000000000e-03 1.276000000000000e-02 6.000000000000000e-02
6.000000000000000e-03 1.422000000000000e-02 6.000000000000000e-02
8.420000000000000e-03 1.167000000000000e-02 6.000000000000000e-02
4.620000000000000e-03 1.558000000000000e-02 6.000000000000000e-02
9.290000000000000e-03 1.084000000000000e-02 6.000000000000000e-02
3.790000000000000e-03 1.638000000000000e-02 6.000000000000000e-02
5.470000000000000e-03 1.501000000000000e-02 6.000000000000000e-02
6.520000000000000e-03 1.323000000000000e-02 6.000000000000000e-02
8.350000000000000e-03 1.249000000000000e-02 6.000000000000000e-02
7.650000000000000e-03 1.195000000000000e-02 6.000000000000000e-02
7.230000000000000e-03 1.346000000000000e-02 6.000000000000000e-02
5.210000000000000e-03 1.439000000000000e-02 6.000000000000000e-02
4.660000000000000e-03 1.471000000000000e-02 6.000000000000000e-02
6.870000000000000e-03 1.407000000000000e-02 6.000000000000000e-02
9.209999999999999e-03 1.169000000000000e-02 6.000000000000000e-02
3.880000000000000e-03 1.561000000000000e-02 6.000000000000000e-02
4.560000000000000e-03 1.630000000000000e-02 6.000000000000000e-02
8.460000000000001e-03 1.091000000000000e-02 6.000000000000000e-02
9.930000000000000e-03 1.105000000000000e-02 6.000000000000000e-02
3.210000000000000e-03 1.620000000000000e-02 6.000000000000000e-02
9.070000000000000e-03 1.021000000000000e-02 6.000000000000000e-02
3.990000000000000e-03 1.697000000000000e-02 6.000000000000000e-02
6.060000000000000e-03 1.470000000000000e-02 6.000000000000000e-02
5.140000000000000e-03 1.561000000000000e-02 6.000000000000000e-02
6.770000000000000e-03 1.258000000000000e-02 6.000000000000000e-02
5.950000000000000e-03 1.350000000000000e-02 6.000000000000000e-02
7.950000000000000e-03 1.322000000000000e-02 6.000000000000000e-02
8.019999999999999e-03 1.123000000000000e-02 6.000000000000000e-02
8.789999999999999e-03 1.208000000000000e-02 6.000000000000000e-02
4.110000000000000e-03 1.510000000000000e-02 6.000000000000000e-02
9.660000000000000e-03 1.038000000000000e-02 6.000000000000000e-02
3.430000000000000e-03 1.684000000000000e-02 6.000000000000000e-02
7.150000000000000e-03 1.219000000000000e-02 6.000000000000000e-02
5.520000000000000e-03 1.386000000000000e-02 6.000000000000000e-02
9.760000000000000e-03 1.146000000000000e-02 6.000000000000000e-02
8.690000000000000e-03 1.038000000000000e-02 6.000000000000000e-02
3.370000000000000e-03 1.569000000000000e-02 6.000000000000000e-02
4.480000000000000e-03 1.679000000000000e-02 6.000000000000000e-02
5.900000000000000e-03 1.544000000000000e-02 6.000000000000000e-02
6.100000000000000e-03 1.282000000000000e-02 6.000000000000000e-02
6.540000000000000e-03 1.462000000000000e-02 6.000000000000000e-02
5.030000000000000e-03 1.516000000000000e-02 6.000000000000000e-02
6.320000000000000e-03 1.372000000000000e-02 6.000000000000000e-02
5.050000000000000e-03 1.608000000000000e-02 6.000000000000000e-02
6.970000000000000e-03 1.302000000000000e-02 6.000000000000000e-02
5.600000000000000e-03 1.461000000000000e-02 6.000000000000000e-02
8.869999999999999e-03 1.126000000000000e-02 6.000000000000000e-02
4.190000000000000e-03 1.598000000000000e-02 6.000000000000000e-02
4.740000000000000e-03 1.432000000000000e-02 6.000000000000000e-02
7.270000000000000e-03 1.398000000000000e-02 6.000000000000000e-02
8.010000000000000e-03 1.206000000000000e-02 6.000000000000000e-02
8.290000000000000e-03 1.287000000000000e-02 6.000000000000000e-02
7.630000000000000e-03 1.139000000000000e-02 6.000000000000000e-02
8.780000000000000e-03 1.249000000000000e-02 6.000000000000000e-02
7.930000000000000e-03 1.241000000000000e-02 6.000000000000000e-02
6.780000000000000e-03 1.365000000000000e-02 6.000000000000000e-02
5.060000000000000e-03 1.478000000000000e-02 6.000000000000000e-02
7.700000000000000e-03 1.371000000000000e-02 6.000000000000000e-02
5.030000000000000e-03 1.394000000000000e-02 6.000000000000000e-02
7.290000000000000e-03 1.172000000000000e-02 6.000000000000000e-02
4.250000000000000e-03 1.465000000000000e-02 6.000000000000000e-02
6.930000000000000e-03 1.449000000000000e-02 6.000000000000000e-02
7.860000000000001e-03 1.277000000000000e-02 6.000000000000000e-02
8.140000000000000e-03 1.093000000000000e-02 6.000000000000000e-02
9.140000000000001e-03 1.206000000000000e-02 6.000000000000000e-02
4.850000000000000e-03 1.644000000000000e-02 6.000000000000000e-02
3.720000000000000e-03 1.538000000000000e-02 6.000000000000000e-02
7.520000000000000e-03 1.315000000000000e-02 6.000000000000000e-02
5.600000000000000e-03 1.423000000000000e-02 6.000000000000000e-02
1.037000000000000e-02 1.096000000000000e-02 6.000000000000000e-02
2.730000000000000e-03 1.625000000000000e-02 6.000000000000000e-02
9.110000000000000e-03 9.760000000000000e-03 6.000000000000000e-02
3.990000000000000e-03 1.744000000000000e-02 6.000000000000000e-02
8.390000000000000e-03 1.207000000000000e-02 6.000000000000000e-02
3.760000000000000e-03 1.597000000000000e-02 6.000000000000000e-02
8.880000000000001e-03 1.080000000000000e-02 6.000000000000000e-02
9.339999999999999e-03 1.126000000000000e-02 6.000000000000000e-02
4.170000000000000e-03 1.646000000000000e-02 6.000000000000000e-02
6.430000000000000e-03 1.416000000000000e-02 6.000000000000000e-02
4.600000000000000e-03 1.600000000000000e-02 6.000000000000000e-02
4.620000000000000e-03 1.514000000000000e-02 6.000000000000000e-02
4.190000000000000e-03 1.558000000000000e-02 6.000000000000000e-02
7.960000000000000e-03 1.167000000000000e-02 6.000000000000000e-02
8.829999999999999e-03 1.168000000000000e-02 6.000000000000000e-02
8.440000000000000e-03 1.127000000000000e-02 6.000000000000000e-02
5.560000000000000e-03 1.580000000000000e-02 6.000000000000000e-02
6.250000000000000e-03 1.511000000000000e-02 6.000000000000000e-02
6.410000000000000e-03 1.246000000000000e-02 6.000000000000000e-02
5.760000000000000e-03 1.311000000000000e-02 6.000000000000000e-02
1.007000000000000e-02 1.065000000000000e-02 6.000000000000000e-02
3.030000000000000e-03 1.656000000000000e-02 6.000000000000000e-02
3.730000000000000e-03 1.719000000000000e-02 6.000000000000000e-02
9.360000000000000e-03 1.001000000000000e-02 6.000000000000000e-02
4.270000000000000e-03 1.718000000000000e-02 6.000000000000000e-02
2.990000000000000e-03 1.592000000000000e-02 6.000000000000000e-02
8.910000000000000e-03 9.960000000000000e-03 6.000000000000000e-02
1.018000000000000e-02 1.120000000000000e-02 6.000000000000000e-02
9.530000000000000e-03 1.189000000000000e-02 6.000000000000000e-02
8.279999999999999e-03 1.060000000000000e-02 6.000000000000000e-02
7.100000000000000e-03 1.251000000000000e-02 6.000000000000000e-02
6.800000000000000e-03 1.215000000000000e-02 6.000000000000000e-02
7.540000000000000e-03 1.231000000000000e-02 6.000000000000000e-02
9.230000000000000e-03 1.052000000000000e-02 6.000000000000000e-02
3.850000000000000e-03 1.670000000000000e-02 6.000000000000000e-02
3.500000000000000e-03 1.634000000000000e-02 6.000000000000000e-02
9.599999999999999e-03 1.088000000000000e-02 6.000000000000000e-02
5.900000000000000e-03 1.510000000000000e-02 6.000000000000000e-02
5.550000000000000e-03 1.544000000000000e-02 6.000000000000000e-02
6.430000000000000e-03 1.280000000000000e-02 6.000000000000000e-02
6.050000000000000e-03 1.317000000000000e-02 6.000000000000000e-02
5.920000000000000e-03 1.385000000000000e-02 6.000000000000000e-02
5.540000000000000e-03 1.340000000000000e-02 6.000000000000000e-02
7.860000000000001e-03 1.094000000000000e-02 6.000000000000000e-02
9.140000000000001e-03 1.240000000000000e-02 6.000000000000000e-02
1.980000000000000e-03 1.802000000000000e-02 6.000000000000000e-02
2.030000000000000e-03 2.556000000000000e-02 6.000000000000000e-02
1.980000000000000e-03 2.038000000000000e-02 6.000000000000000e-02
2.000000000000000e-03 2.180000000000000e-02 6.000000000000000e-02
1.950000000000000e-03 2.324000000000000e-02 6.000000000000000e-02
1.980000000000000e-03 2.436000000000000e-02 6.000000000000000e-02
2.110000000000000e-03 1.922000000000000e-02 6.000000000000000e-02
2.110000000000000e-03 1.740000000000000e-02 6.000000000000000e-02
2.390000000000000e-03 2.099000000000000e-02 6.000000000000000e-02
2.470000000000000e-03 2.250000000000000e-02 6.000000000000000e-02
1.480000000000000e-03 2.245000000000000e-02 6.000000000000000e-02
1.540000000000000e-03 2.103000000000000e-02 6.000000000000000e-02
2.640000000000000e-03 1.803000000000000e-02 6.000000000000000e-02
1.470000000000000e-03 2.616000000000000e-02 6.000000000000000e-02
1.470000000000000e-03 2.387000000000000e-02 6.000000000000000e-02
2.390000000000000e-03 2.610000000000000e-02 6.000000000000000e-02
1.500000000000000e-03 1.979000000000000e-02 6.000000000000000e-02
1.520000000000000e-03 2.502000000000000e-02 6.000000000000000e-02
1.570000000000000e-03 1.884000000000000e-02 6.000000000000000e-02
2.510000000000000e-03 2.501000000000000e-02 6.000000000000000e-02
2.500000000000000e-03 2.381000000000000e-02 6.000000000000000e-02
1.570000000000000e-03 1.774000000000000e-02 6.000000000000000e-02
2.570000000000000e-03 1.986000000000000e-02 6.000000000000000e-02
2.650000000000000e-03 1.863000000000000e-02 6.000000000000000e-02
2.550000000000000e-03 2.190000000000000e-02 6.000000000000000e-02
1.380000000000000e-03 2.186000000000000e-02 6.000000000000000e-02
1.290000000000000e-03 2.044000000000000e-02 6.000000000000000e-02
2.520000000000000e-03 2.319000000000000e-02 6.000000000000000e-02
1.370000000000000e-03 2.336000000000000e-02 6.000000000000000e-02
2.560000000000000e-03 2.046000000000000e-02 6.000000000000000e-02
1.430000000000000e-03 2.442000000000000e-02 6.000000000000000e-02
2.550000000000000e-03 2.441000000000000e-02 6.000000000000000e-02
1.450000000000000e-03 2.561000000000000e-02 6.000000000000000e-02
2.660000000000000e-03 2.556000000000000e-02 6.000000000000000e-02
2.020000000000000e-03 2.627000000000000e-02 6.000000000000000e-02
2.760000000000000e-03 1.922000000000000e-02 6.000000000000000e-02
1.440000000000000e-03 1.818000000000000e-02 6.000000000000000e-02
1.200000000000000e-03 1.934000000000000e-02 6.000000000000000e-02
2.640000000000000e-03 1.744000000000000e-02 6.000000000000000e-02
2.090000000000000e-03 1.866000000000000e-02 6.000000000000000e-02
2.020000000000000e-03 1.979000000000000e-02 6.000000000000000e-02
1.210000000000000e-03 1.783000000000000e-02 6.000000000000000e-02
1.550000000000000e-03 1.739000000000000e-02 6.000000000000000e-02
1.980000000000000e-03 2.382000000000000e-02 6.000000000000000e-02
1.980000000000000e-03 2.511000000000000e-02 6.000000000000000e-02
2.840000000000000e-03 2.146000000000000e-02 6.000000000000000e-02
2.800000000000000e-03 2.286000000000000e-02 6.000000000000000e-02
1.280000000000000e-03 2.139000000000000e-02 6.000000000000000e-02
2.790000000000000e-03 2.222000000000000e-02 6.000000000000000e-02
1.250000000000000e-03 2.281000000000000e-02 6.000000000000000e-02
1.170000000000000e-03 2.097000000000000e-02 6.000000000000000e-02
1.850000000000000e-03 2.267000000000000e-02 6.000000000000000e-02
1.880000000000000e-03 2.123000000000000e-02 6.000000000000000e-02
3.250000000000000e-03 1.802000000000000e-02 6.000000000000000e-02
2.030000000000000e-03 2.090000000000000e-02 6.000000000000000e-02
2.040000000000000e-03 2.235000000000000e-02 6.000000000000000e-02
1.200000000000000e-03 2.660000000000000e-02 6.000000000000000e-02
2.360000000000000e-03 1.772000000000000e-02 6.000000000000000e-02
1.170000000000000e-03 2.223000000000000e-02 6.000000000000000e-02
2.130000000000000e-03 1.687000000000000e-02 6.000000000000000e-02
2.810000000000000e-03 2.092000000000000e-02 6.000000000000000e-02
2.810000000000000e-03 2.641000000000000e-02 6.000000000000000e-02
1.170000000000000e-03 2.473000000000000e-02 6.000000000000000e-02
2.350000000000000e-03 1.834000000000000e-02 6.000000000000000e-02
2.940000000000000e-03 1.833000000000000e-02 6.000000000000000e-02
2.880000000000000e-03 1.883000000000000e-02 6.000000000000000e-02
2.860000000000000e-03 2.405000000000000e-02 6.000000000000000e-02
1.130000000000000e-03 1.983000000000000e-02 6.000000000000000e-02
1.670000000000000e-03 1.941000000000000e-02 6.000000000000000e-02
2.820000000000000e-03 2.516000000000000e-02 6.000000000000000e-02
2.820000000000000e-03 2.358000000000000e-02 6.000000000000000e-02
1.170000000000000e-03 2.369000000000000e-02 6.000000000000000e-02
1.170000000000000e-03 2.530000000000000e-02 6.000000000000000e-02
1.170000000000000e-03 1.896000000000000e-02 6.000000000000000e-02
1.690000000000000e-03 2.156000000000000e-02 6.000000000000000e-02
1.140000000000000e-03 2.629000000000000e-02 6.000000000000000e-02
2.280000000000000e-03 2.208000000000000e-02 6.000000000000000e-02
1.640000000000000e-03 2.653000000000000e-02 6.000000000000000e-02
2.340000000000000e-03 2.147000000000000e-02 6.000000000000000e-02
1.720000000000000e-03 2.069000000000000e-02 6.000000000000000e-02
1.840000000000000e-03 1.763000000000000e-02 6.000000000000000e-02
1.710000000000000e-03 2.411000000000000e-02 6.000000000000000e-02
2.880000000000000e-03 2.016000000000000e-02 6.000000000000000e-02
1.610000000000000e-03 2.302000000000000e-02 6.000000000000000e-02
1.700000000000000e-03 2.007000000000000e-02 6.000000000000000e-02
1.730000000000000e-03 2.464000000000000e-02 6.000000000000000e-02
2.930000000000000e-03 1.769000000000000e-02 6.000000000000000e-02
2.350000000000000e-03 2.650000000000000e-02 6.000000000000000e-02
1.230000000000000e-03 1.752000000000000e-02 6.000000000000000e-02
1.690000000000000e-03 2.357000000000000e-02 6.000000000000000e-02
2.280000000000000e-03 2.530000000000000e-02 6.000000000000000e-02
1.750000000000000e-03 2.538000000000000e-02 6.000000000000000e-02
2.200000000000000e-03 2.291000000000000e-02 6.000000000000000e-02
2.250000000000000e-03 2.352000000000000e-02 6.000000000000000e-02
2.370000000000000e-03 1.716000000000000e-02 6.000000000000000e-02
2.250000000000000e-03 2.410000000000000e-02 6.000000000000000e-02
1.760000000000000e-03 1.843000000000000e-02 6.000000000000000e-02
1.820000000000000e-03 2.591000000000000e-02 6.000000000000000e-02
1.730000000000000e-03 2.212000000000000e-02 6.000000000000000e-02
2.170000000000000e-03 2.474000000000000e-02 6.000000000000000e-02
2.780000000000000e-03 2.599000000000000e-02 6.000000000000000e-02
2.290000000000000e-03 2.012000000000000e-02 6.000000000000000e-02
2.850000000000000e-03 2.477000000000000e-02 6.000000000000000e-02
2.270000000000000e-03 2.581000000000000e-02 6.000000000000000e-02
2.890000000000000e-03 1.968000000000000e-02 6.000000000000000e-02
2.350000000000000e-03 1.953000000000000e-02 6.000000000000000e-02
1.930000000000000e-03 1.892000000000000e-02 6.000000000000000e-02
1.140000000000000e-03 2.591000000000000e-02 6.000000000000000e-02
1.820000000000000e-03 1.713000000000000e-02 6.000000000000000e-02
2.390000000000000e-03 1.893000000000000e-02 6.000000000000000e-02
1.130000000000000e-03 2.411000000000000e-02 6.000000000000000e-02
2.250000000000000e-03 2.065000000000000e-02 6.000000000000000e-02
1.070000000000000e-03 2.317000000000000e-02 6.000000000000000e-02
1.150000000000000e-03 1.852000000000000e-02 6.000000000000000e-02
2.970000000000000e-03 2.311000000000000e-02 6.000000000000000e-02
2.890000000000000e-03 2.188000000000000e-02 6.000000000000000e-02
1.640000000000000e-03 1.797000000000000e-02 6.000000000000000e-02
1.010000000000000e-03 2.194000000000000e-02 6.000000000000000e-02
2.775000000000000e-02 0.000000000000000e+00 6.000000000000000e-02
0.000000000000000e+00 2.775000000000000e-02 6.000000000000000e-02
2.767000000000000e-02 0.000000000000000e+00 6.000000000000000e-02
0.000000000000000e+00 2.767000000000000e-02 6.000000000000000e-02
2.758000000000000e-02 0.000000000000000e+00 6.000000000000000e-02
0.000000000000000e+00 2.758000000000000e-02 6.000000000000000e-02
4.800000000000000e-04 2.775000000000000e-02 6.000000000000000e-02
9.700000000000001e-04 2.773000000000000e-02 6.000000000000000e-02
1.450000000000000e-03 2.771000000000000e-02 6.000000000000000e-02
1.940000000000000e-03 2.768000000000000e-02 6.000000000000000e-02
2.420000000000000e-03 2.764000000000000e-02 6.000000000000000e-02
2.900000000000000e-03 2.760000000000000e-02 6.000000000000000e-02
3.380000000000000e-03 2.754000000000000e-02 6.000000000000000e-02
3.860000000000000e-03 2.748000000000000e-02 6.000000000000000e-02
4.340000000000000e-03 2.741000000000000e-02 6.000000000000000e-02
4.820000000000000e-03 2.733000000000000e-02 6.000000000000000e-02
5.290000000000000e-03 2.724000000000000e-02 6.000000000000000e-02
5.770000000000000e-03 2.714000000000000e-02 6.000000000000000e-02
6.240000000000000e-03 2.704000000000000e-02 6.000000000000000e-02
6.710000000000000e-03 2.693000000000000e-02 6.000000000000000e-02
7.180000000000000e-03 2.680000000000000e-02 6.000000000000000e-02
7.650000000000000e-03 2.668000000000000e-02 6.000000000000000e-02
8.109999999999999e-03 2.654000000000000e-02 6.000000000000000e-02
8.580000000000001e-03 2.639000000000000e-02 6.000000000000000e-02
9.030000000000000e-03 2.624000000000000e-02 6.000000000000000e-02
9.490000000000000e-03 2.608000000000000e-02 6.000000000000000e-02
9.939999999999999e-03 2.591000000000000e-02 6.000000000000000e-02
1.040000000000000e-02 2.573000000000000e-02 6.000000000000000e-02
1.084000000000000e-02 2.554000000000000e-02 6.000000000000000e-02
1.129000000000000e-02 2.535000000000000e-02 6.000000000000000e-02
1.173000000000000e-02 2.515000000000000e-02 6.000000000000000e-02
1.216000000000000e-02 2.494000000000000e-02 6.000000000000000e-02
1.260000000000000e-02 2.473000000000000e-02 6.000000000000000e-02
1.303000000000000e-02 2.450000000000000e-02 6.000000000000000e-02
1.345000000000000e-02 2.427000000000000e-02 6.000000000000000e-02
1.388000000000000e-02 2.403000000000000e-02 6.000000000000000e-02
1.429000000000000e-02 2.379000000000000e-02 6.000000000000000e-02
1.471000000000000e-02 2.353000000000000e-02 6.000000000000000e-02
1.511000000000000e-02 2.327000000000000e-02 6.000000000000000e-02
1.552000000000000e-02 2.301000000000000e-02 6.000000000000000e-02
1.592000000000000e-02 2.273000000000000e-02 6.000000000000000e-02
1.631000000000000e-02 2.245000000000000e-02 6.000000000000000e-02
1.670000000000000e-02 2.216000000000000e-02 6.000000000000000e-02
1.708000000000000e-02 2.187000000000000e-02 6.000000000000000e-02
1.746000000000000e-02 2.157000000000000e-02 6.000000000000000e-02
1.784000000000000e-02 2.126000000000000e-02 6.000000000000000e-02
1.821000000000000e-02 2.094000000000000e-02 6.000000000000000e-02
1.857000000000000e-02 2.062000000000000e-02 6.000000000000000e-02
1.893000000000000e-02 2.030000000000000e-02 6.000000000000000e-02
1.928000000000000e-02 1.996000000000000e-02 6.000000000000000e-02
1.962000000000000e-02 1.962000000000000e-02 6.000000000000000e-02
1.996000000000000e-02 1.928000000000000e-02 6.000000000000000e-02
2.030000000000000e-02 1.893000000000000e-02 6.000000000000000e-02
2.062000000000000e-02 1.857000000000000e-02 6.000000000000000e-02
2.094000000000000e-02 1.821000000000000e-02 6.000000000000000e-02
2.126000000000000e-02 1.784000000000000e-02 6.000000000000000e-02
2.157000000000000e-02 1.746000000000000e-02 6.000000000000000e-02
2.187000000000000e-02 1.708000000000000e-02 6.000000000000000e-02
2.216000000000000e-02 1.670000000000000e-02 6.000000000000000e-02
2.245000000000000e-02 1.631000000000000e-02 6.000000000000000e-02
2.273000000000000e-02 1.592000000000000e-02 6.000000000000000e-02
2.301000000000000e-02 1.552000000000000e-02 6.000000000000000e-02
2.327000000000000e-02 1.511000000000000e-02 6.000000000000000e-02
2.353000000000000e-02 1.471000000000000e-02 6.000000000000000e-02
2.379000000000000e-02 1.429000000000000e-02 6.000000000000000e-02
2.403000000000000e-02 1.388000000000000e-02 6.000000000000000e-02
2.427000000000000e-02 1.345000000000000e-02 6.000000000000000e-02
2.450000000000000e-02 1.303000000000000e-02 6.000000000000000e-02
2.473000000000000e-02 1.260000000000000e-02 6.000000000000000e-02
2.494000000000000e-02 1.216000000000000e-02 6.000000000000000e-02
2.515000000000000e-02 1.173000000000000e-02 6.000000000000000e-02
2.535000000000000e-02 1.129000000000000e-02 6.000000000000000e-02
2.554000000000000e-02 1.084000000000000e-02 6.000000000000000e-02
2.573000000000000e-02 1.040000000000000e-02 6.000000000000000e-02
2.591000000000000e-02 9.939999999999999e-03 6.000000000000000e-02
2.608000000000000e-02 9.490000000000000e-03 6.000000000000000e-02
2.624000000000000e-02 9.030000000000000e-03 6.000000000000000e-02
2.639000000000000e-02 8.580000000000001e-03 6.000000000000000e-02
2.654000000000000e-02 8.109999999999999e-03 6.000000000000000e-02
2.668000000000000e-02 7.650000000000000e-03 6.000000000000000e-02
2.680000000000000e-02 7.180000000000000e-03 6.000000000000000e-02
2.693000000000000e-02 6.710000000000000e-03 6.000000000000000e-02
2.704000000000000e-02 6.240000000000000e-03 6.000000000000000e-02
2.714000000000000e-02 5.770000000000000e-03 6.000000000000000e-02
2.724000000000000e-02 5.290000000000000e-03 6.000000000000000e-02
2.733000000000000e-02 4.820000000000000e-03 6.000000000000000e-02
2.741000000000000e-02 4.340000000000000e-03 6.000000000000000e-02
2.748000000000000e-02 3.860000000000000e-03 6.000000000000000e-02
2.754000000000000e-02 3.380000000000000e-03 6.000000000000000e-02
2.760000000000000e-02 2.900000000000000e-03 6.000000000000000e-02
2.764000000000000e-02 2.420000000000000e-03 6.000000000000000e-02
2.768000000000000e-02 1.940000000000000e-03 6.000000000000000e-02
2.771000000000000e-02 1.450000000000000e-03 6.000000000000000e-02
2.773000000000000e-02 9.700000000000001e-04 6.000000000000000e-02
2.775000000000000e-02 4.800000000000000e-04 6.000000000000000e-02
2.766000000000000e-02 4.800000000000000e-04 6.000000000000000e-02
2.765000000000000e-02 9.700000000000001e-04 6.000000000000000e-02
2.763000000000000e-02 1.450000000000000e-03 6.000000000000000e-02
2.760000000000000e-02 1.930000000000000e-03 6.000000000000000e-02
2.756000000000000e-02 2.410000000000000e-03 6.000000000000000e-02
2.752000000000000e-02 2.890000000000000e-03 6.000000000000000e-02
2.746000000000000e-02 3.370000000000000e-03 6.000000000000000e-02
2.740000000000000e-02 3.850000000000000e-03 6.000000000000000e-02
2.733000000000000e-02 4.330000000000000e-03 6.000000000000000e-02
2.725000000000000e-02 4.800000000000000e-03 6.000000000000000e-02
2.716000000000000e-02 5.280000000000000e-03 6.000000000000000e-02
2.706000000000000e-02 5.750000000000000e-03 6.000000000000000e-02
2.696000000000000e-02 6.220000000000000e-03 6.000000000000000e-02
2.684000000000000e-02 6.690000000000000e-03 6.000000000000000e-02
2.672000000000000e-02 7.160000000000000e-03 6.000000000000000e-02
2.659000000000000e-02 7.630000000000000e-03 6.000000000000000e-02
2.646000000000000e-02 8.090000000000000e-03 6.000000000000000e-02
2.631000000000000e-02 8.550000000000000e-03 6.000000000000000e-02
2.616000000000000e-02 9.010000000000001e-03 6.000000000000000e-02
2.600000000000000e-02 9.460000000000000e-03 6.000000000000000e-02
2.583000000000000e-02 9.910000000000000e-03 6.000000000000000e-02
2.565000000000000e-02 1.036000000000000e-02 6.000000000000000e-02
2.547000000000000e-02 1.081000000000000e-02 6.000000000000000e-02
2.527000000000000e-02 1.125000000000000e-02 6.000000000000000e-02
2.507000000000000e-02 1.169000000000000e-02 6.000000000000000e-02
2.487000000000000e-02 1.213000000000000e-02 6.000000000000000e-02
2.465000000000000e-02 1.256000000000000e-02 6.000000000000000e-02
2.443000000000000e-02 1.299000000000000e-02 6.000000000000000e-02
2.420000000000000e-02 1.341000000000000e-02 6.000000000000000e-02
2.396000000000000e-02 1.383000000000000e-02 6.000000000000000e-02
2.371000000000000e-02 1.425000000000000e-02 6.000000000000000e-02
2.346000000000000e-02 1.466000000000000e-02 6.000000000000000e-02
2.320000000000000e-02 1.507000000000000e-02 6.000000000000000e-02
2.294000000000000e-02 1.547000000000000e-02 6.000000000000000e-02
2.266000000000000e-02 1.587000000000000e-02 6.000000000000000e-02
2.238000000000000e-02 1.626000000000000e-02 6.000000000000000e-02
2.210000000000000e-02 1.665000000000000e-02 6.000000000000000e-02
2.180000000000000e-02 1.703000000000000e-02 6.000000000000000e-02
2.150000000000000e-02 1.741000000000000e-02 6.000000000000000e-02
2.119000000000000e-02 1.778000000000000e-02 6.000000000000000e-02
2.088000000000000e-02 1.815000000000000e-02 6.000000000000000e-02
2.056000000000000e-02 1.851000000000000e-02 6.000000000000000e-02
2.023000000000000e-02 1.887000000000000e-02 6.000000000000000e-02
1.990000000000000e-02 1.922000000000000e-02 6.000000000000000e-02
1.956000000000000e-02 1.956000000000000e-02 6.000000000000000e-02
1.922000000000000e-02 1.990000000000000e-02 6.000000000000000e-02
1.887000000000000e-02 2.023000000000000e-02 6.000000000000000e-02
1.851000000000000e-02 2.056000000000000e-02 6.000000000000000e-02
1.815000000000000e-02 2.088000000000000e-02 6.000000000000000e-02
1.778000000000000e-02 2.119000000000000e-02 6.000000000000000e-02
1.741000000000000e-02 2.150000000000000e-02 6.000000000000000e-02
1.703000000000000e-02 2.180000000000000e-02 6.000000000000000e-02
1.665000000000000e-02 2.210000000000000e-02 6.000000000000000e-02
1.626000000000000e-02 2.238000000000000e-02 6.000000000000000e-02
1.587000000000000e-02 2.266000000000000e-02 6.000000000000000e-02
1.547000000000000e-02 2.294000000000000e-02 6.000000000000000e-02
1.507000000000000e-02 2.320000000000000e-02 6.000000000000000e-02
1.466000000000000e-02 2.346000000000000e-02 6.000000000000000e-02
1.425000000000000e-02 2.371000000000000e-02 6.000000000000000e-02
1.383000000000000e-02 2.396000000000000e-02 6.000000000000000e-02
1.341000000000000e-02 2.420000000000000e-02 6.000000000000000e-02
1.299000000000000e-02 2.443000000000000e-02 6.000000000000000e-02
1.256000000000000e-02 2.465000000000000e-02 6.000000000000000e-02
1.213000000000000e-02 2.487000000000000e-02 6.000000000000000e-02
1.169000000000000e-02 2.507000000000000e-02 6.000000000000000e-02
1.125000000000000e-02 2.527000000000000e-02 6.000000000000000e-02
1.081000000000000e-02 2.547000000000000e-02 6.000000000000000e-02
1.036000000000000e-02 2.565000000000000e-02 6.000000000000000e-02
9.910000000000000e-03 2.583000000000000e-02 6.000000000000000e-02
9.460000000000000e-03 2.600000000000000e-02 6.000000000000000e-02
9.010000000000001e-03 2.616000000000000e-02 6.000000000000000e-02
8.550000000000000e-03 2.631000000000000e-02 6.000000000000000e-02
8.090000000000000e-03 2.646000000000000e-02 6.000000000000000e-02
7.630000000000000e-03 2.659000000000000e-02 6.000000000000000e-02
7.160000000000000e-03 2.672000000000000e-02 6.000000000000000e-02
6.690000000000000e-03 2.684000000000000e-02 6.000000000000000e-02
6.220000000000000e-03 2.696000000000000e-02 6.000000000000000e-02
5.750000000000000e-03 2.706000000000000e-02 6.000000000000000e-02
5.280000000000000e-03 2.716000000000000e-02 6.000000000000000e-02
4.800000000000000e-03 2.725000000000000e-02 6.000000000000000e-02
4.330000000000000e-03 2.733000000000000e-02 6.000000000000000e-02
3.850000000000000e-03 2.740000000000000e-02 6.000000000000000e-02
3.370000000000000e-03 2.746000000000000e-02 6.000000000000000e-02
2.890000000000000e-03 2.752000000000000e-02 6.000000000000000e-02
2.410000000000000e-03 2.756000000000000e-02 6.000000000000000e-02
1.930000000000000e-03 2.760000000000000e-02 6.000000000000000e-02
1.450000000000000e-03 2.763000000000000e-02 6.000000000000000e-02
9.700000000000001e-04 2.765000000000000e-02 6.000000000000000e-02
4.800000000000000e-04 2.766000000000000e-02 6.000000000000000e-02
2.758000000000000e-02 4.800000000000000e-04 6.000000000000000e-02
2.757000000000000e-02 9.600000000000000e-04 6.000000000000000e-02
2.755000000000000e-02 1.440000000000000e-03 6.000000000000000e-02
2.752000000000000e-02 1.920000000000000e-03 6.000000000000000e-02
2.748000000000000e-02 2.400000000000000e-03 6.000000000000000e-02
2.743000000000000e-02 2.880000000000000e-03 6.000000000000000e-02
2.738000000000000e-02 3.360000000000000e-03 6.000000000000000e-02
2.731000000000000e-02 3.840000000000000e-03 6.000000000000000e-02
2.724000000000000e-02 4.310000000000000e-03 6.000000000000000e-02
2.716000000000000e-02 4.790000000000000e-03 6.000000000000000e-02
2.708000000000000e-02 5.260000000000000e-03 6.000000000000000e-02
2.698000000000000e-02 5.730000000000000e-03 6.000000000000000e-02
2.688000000000000e-02 6.200000000000000e-03 6.000000000000000e-02
2.676000000000000e-02 6.670000000000000e-03 6.000000000000000e-02
2.664000000000000e-02 7.140000000000000e-03 6.000000000000000e-02
2.651000000000000e-02 7.600000000000000e-03 6.000000000000000e-02
2.638000000000000e-02 8.059999999999999e-03 6.000000000000000e-02
2.623000000000000e-02 8.520000000000000e-03 6.000000000000000e-02
2.608000000000000e-02 8.980000000000000e-03 6.000000000000000e-02
2.592000000000000e-02 9.429999999999999e-03 6.000000000000000e-02
2.575000000000000e-02 9.880000000000000e-03 6.000000000000000e-02
2.557000000000000e-02 1.033000000000000e-02 6.000000000000000e-02
2.539000000000000e-02 1.078000000000000e-02 6.000000000000000e-02
2.520000000000000e-02 1.122000000000000e-02 6.000000000000000e-02
2.500000000000000e-02 1.166000000000000e-02 6.000000000000000e-02
2.479000000000000e-02 1.209000000000000e-02 6.000000000000000e-02
2.458000000000000e-02 1.252000000000000e-02 6.000000000000000e-02
2.435000000000000e-02 1.295000000000000e-02 6.000000000000000e-02
2.412000000000000e-02 1.337000000000000e-02 6.000000000000000e-02
2.389000000000000e-02 1.379000000000000e-02 6.000000000000000e-02
2.364000000000000e-02 1.421000000000000e-02 6.000000000000000e-02
2.339000000000000e-02 1.462000000000000e-02 6.000000000000000e-02
2.313000000000000e-02 1.502000000000000e-02 6.000000000000000e-02
2.287000000000000e-02 1.542000000000000e-02 6.000000000000000e-02
2.259000000000000e-02 1.582000000000000e-02 6.000000000000000e-02
2.232000000000000e-02 1.621000000000000e-02 6.000000000000000e-02
2.203000000000000e-02 1.660000000000000e-02 6.000000000000000e-02
2.174000000000000e-02 1.698000000000000e-02 6.000000000000000e-02
2.144000000000000e-02 1.736000000000000e-02 6.000000000000000e-02
2.113000000000000e-02 1.773000000000000e-02 6.000000000000000e-02
2.082000000000000e-02 1.810000000000000e-02 6.000000000000000e-02
2.050000000000000e-02 1.846000000000000e-02 6.000000000000000e-02
2.017000000000000e-02 1.881000000000000e-02 6.000000000000000e-02
1.984000000000000e-02 1.916000000000000e-02 6.000000000000000e-02
1.950000000000000e-02 1.950000000000000e-02 6.000000000000000e-02
1.916000000000000e-02 1.984000000000000e-02 6.000000000000000e-02
1.881000000000000e-02 2.017000000000000e-02 6.000000000000000e-02
1.846000000000000e-02 2.050000000000000e-02 6.000000000000000e-02
1.810000000000000e-02 2.082000000000000e-02 6.000000000000000e-02
1.773000000000000e-02 2.113000000000000e-02 6.000000000000000e-02
1.736000000000000e-02 2.144000000000000e-02 6.000000000000000e-02
1.698000000000000e-02 2.174000000000000e-02 6.000000000000000e-02
1.660000000000000e-02 2.203000000000000e-02 6.000000000000000e-02
1.621000000000000e-02 2.232000000000000e-02 6.000000000000000e-02
1.582000000000000e-02 2.259000000000000e-02 6.000000000000000e-02
1.542000000000000e-02 2.287000000000000e-02 6.000000000000000e-02
1.502000000000000e-02 2.313000000000000e-02 6.000000000000000e-02
1.462000000000000e-02 2.339000000000000e-02 6.000000000000000e-02
1.421000000000000e-02 2.364000000000000e-02 6.000000000000000e-02
1.379000000000000e-02 2.389000000000000e-02 6.000000000000000e-02
1.337000000000000e-02 2.412000000000000e-02 6.000000000000000e-02
1.295000000000000e-02 2.435000000000000e-02 6.000000000000000e-02
1.252000000000000e-02 2.458000000000000e-02 6.000000000000000e-02
1.209000000000000e-02 2.479000000000000e-02 6.000000000000000e-02
1.166000000000000e-02 2.500000000000000e-02 6.000000000000000e-02
1.122000000000000e-02 2.520000000000000e-02 6.000000000000000e-02
1.078000000000000e-02 2.539000000000000e-02 6.000000000000000e-02
1.033000000000000e-02 2.557000000000000e-02 6.000000000000000e-02
9.880000000000000e-03 2.575000000000000e-02 6.000000000000000e-02
9.429999999999999e-03 2.592000000000000e-02 6.000000000000000e-02
8.980000000000000e-03 2.608000000000000e-02 6.000000000000000e-02
8.520000000000000e-03 2.623000000000000e-02 6.000000000000000e-02
8.059999999999999e-03 2.638000000000000e-02 6.000000000000000e-02
7.600000000000000e-03 2.651000000000000e-02 6.000000000000000e-02
7.140000000000000e-03 2.664000000000000e-02 6.000000000000000e-02
6.670000000000000e-03 2.676000000000000e-02 6.000000000000000e-02
6.200000000000000e-03 2.688000000000000e-02 6.000000000000000e-02
5.730000000000000e-03 2.698000000000000e-02 6.000000000000000e-02
5.260000000000000e-03 2.708000000000000e-02 6.000000000000000e-02
4.790000000000000e-03 2.716000000000000e-02 6.000000000000000e-02
4.310000000000000e-03 2.724000000000000e-02 6.000000000000000e-02
3.840000000000000e-03 2.731000000000000e-02 6.000000000000000e-02
3.360000000000000e-03 2.738000000000000e-02 6.000000000000000e-02
2.880000000000000e-03 2.743000000000000e-02 6.000000000000000e-02
2.400000000000000e-03 2.748000000000000e-02 6.000000000000000e-02
1.920000000000000e-03 2.752000000000000e-02 6.000000000000000e-02
1.440000000000000e-03 2.755000000000000e-02 6.000000000000000e-02
9.600000000000000e-04 2.757000000000000e-02 6.000000000000000e-02
4.800000000000000e-04 2.758000000000000e-02 6.000000000000000e-02
CELLS 4254 35534
6 96 84 111 1930 1918 1945
6 87 96 118 1921 1930 1952
6 95 86 114 1929 1920 1948
6 89 78 132 1923 1912 1966
6 62 61 121 1896 1895 1955
6 82 89 105 1916 1923 1939
6 83 108 121 1917 1942 1955
6 88 95 120 1922 1929 1954
6 61 60 105 1895 1894 1939
6 99 66 100 1933 1900 1934
6 38 39 125 1872 1873 1959
6 43 44 127 1877 1878 1961
6 26 6 129 1860 1840 1963
6 41 42 138 1875 1876 1972
6 46 47 111 1880 1881 1945
6 34 33 109 1868 1867 1943
6 16 17 126 1850 1851 1960
6 44 45 110 1878 1879 1944
6 42 43 137 1876 1877 1971
6 32 9 127 1866 1843 1961
6 101 90 117 1935 1924 1951
6 31 8 138 1865 1842 1972
6 9 31 137 1843 1865 1971
6 79 103 117 1913 1937 1951
6 8 30 139 1842 1864 1973
6 86 116 122 1920 1950 1956
6 79 122 134 1913 1956 1968
6 97 81 133 1931 1915 1967
6 102 27 135 1936 1861 1969
8 61 105 89 121 1895 1939 1923 1955
8 32 110 98 33 1866 1944 1932 1867
8 0 35 107 64 1834 1869 1941 1898
8 121 108 63 62 1955 1942 1897 1896
8 83 132 93 126 1917 1966 1927 1960
8 88 115 34 109 1922 1949 1868 1943
8 137 31 138 42 1971 1865 1972 1876
8 29 39 40 30 1863 1873 1874 1864
8 127 9 137 43 1961 1843 1971 1877
8 131 85 93 132 1965 1919 1927 1966
8 115 88 120 55 1949 1922 1954 1889
8 123 7 99 100 1957 1841 1933 1934
8 102 125 28 27 1936 1959 1862 1861
8 83 121 89 132 1917 1955 1923 1966
8 106 112 91 78 1940 1946 1925 1912
8 87 134 122 116 1921 1968 1956 1950
8 108 17 2 63 1942 1851 1836 1897
8 94 99 7 26 1928 1933 1841 1860
8 81 123 100 136 1915 1957 1934 1970
8 94 119 68 67 1928 1953 1902 1901
8 116 80 96 87 1950 1914 1930 1921
8 88 128 80 95 1922 1962 1914 1929
8 124 85 131 91 1958 1919 1965 1925
8 82 117 103 106 1916 1951 1937 1940
8 101 117 82 105 1935 1951 1916 1939
8 97 135 123 81 1931 1969 1957 1915
8 57 56 95 114 1891 1890 1929 1948
8 53 124 91 52 1887 1958 1925 1886
8 102 135 97 37 1936 1969 1931 1871
8 138 8 139 41 1972 1842 1973 1875
8 54 113 124 53 1888 1947 1958 1887
8 65 136 100 66 1899 1970 1934 1900
8 90 101 59 58 1924 1935 1893 1892
8 101 105 60 59 1935 1939 1894 1893
8 104 134 87 118 1938 1968 1921 1952
8 127 44 110 32 1961 1878 1944 1866
8 95 80 116 86 1929 1914 1950 1920
8 113 54 1 14 1947 1888 1835 1848
8 67 66 99 94 1901 1900 1933 1928
8 16 126 93 15 1850 1960 1927 1849
8 92 50 51 112 1926 1884 1885 1946
8 79 134 92 103 1913 1968 1926 1937
8 79 117 90 122 1913 1951 1924 1956
8 98 84 109 33 1932 1918 1943 1867
8 106 78 89 82 1940 1912 1923 1916
8 111 84 98 46 1945 1918 1932 1880
8 108 83 126 17 1942 1917 1960 1851
8 113 130 85 124 1947 1964 1919 1958
8 107 133 81 136 1941 1967 1915 1970
8 96 80 128 84 1930 1914 1962 1918
8 5 68 119 25 1839 1902 1953 1859
8 96 111 47 48 1930 1945 1881 1882
8 129 119 94 26 1963 1953 1928 1860
8 109 84 128 88 1943 1918 1962 1922
8 104 118 49 50 1938 1952 1883 1884
8 97 133 36 37 1931 1967 1870 1871
8 98 110 45 46 1932 1944 1879 1880
8 64 107 136 65 1898 1941 1970 1899
8 38 125 102 37 1872 1959 1936 1871
8 112 106 103 92 1946 1940 1937 1926
8 90 114 86 122 1924 1948 1920 1956
8 130 113 14 15 1964 1947 1848 1849
8 58 57 114 90 1892 1891 1948 1924
8 25 119 129 6 1859 1953 1963 1840
8 92 134 104 50 1926 1968 1938 1884
8 131 132 78 91 1965 1966 1912 1925
8 29 28 125 39 1863 1862 1959 1873
8 112 51 52 91 1946 1885 1886 1925
8 133 107 35 36 1967 1941 1869 1870
8 7 123 135 27 1841 1957 1969 1861
8 115 55 10 34 1949 1889 1844 1868
8 93 85 130 15 1927 1919 1964 1849
8 48 49 118 96 1882 1883 1952 1930
8 40 41 139 30 1874 1875 1973 1864
8 56 55 120 95 1890 1889 1954 1929
6 15 140 16 1849 1974 1850
6 24 140 23 1858 1974 1857
6 22 140 21 1856 1974 1855
6 14 1 23 1848 1835 1857
6 2 17 22 1836 1851 1856
6 3 18 24 1837 1852 1858
6 4 21 20 1838 1855 1854
8 17 16 140 22 1851 1850 1974 1856
8 140 15 14 23 1974 1849 1848 1857
8 140 19 20 21 1974 1853 1854 1855
8 18 19 140 24 1852 1853 1974 1858
6 12 142 70 1846 1976 1904
8 141 145 69 143 1975 1979 1903 1977
8 144 25 145 141 1978 1859 1979 1975
8 143 70 142 141 1977 1904 1976 1975
8 141 71 72 144 1975 1905 1906 1978
8 71 141 142 12 1905 1975 1976 1846
8 143 69 11 70 1977 1903 1845 1904
8 5 25 144 72 1839 1859 1978 1906
8 6 69 145 25 1840 1903 1979 1859
6 34 10 73 1868 1844 1907
6 28 146 27 1862 1980 1861
6 30 150 29 1864 1984 1863
6 77 146 76 1911 1980 1910
6 33 147 32 1867 1981 1866
6 76 149 75 1910 1983 1909
6 29 149 28 1863 1983 1862
6 9 151 31 1843 1985 1865
6 26 146 6 1860 1980 1840
6 69 77 11 1903 1911 1845
8 9 32 147 151 1843 1866 1981 1985
8 147 33 34 73 1981 1867 1868 1907
8 146 26 7 27 1980 1860 1841 1861
8 146 28 149 76 1980 1862 1983 1910
8 69 6 146 77 1903 1840 1980 1911
8 150 30 8 148 1984 1864 1842 1982
8 148 8 31 151 1982 1842 1865 1985
8 149 29 150 75 1983 1863 1984 1909
8 147 73 74 151 1981 1907 1908 1985
8 13 75 150 148 1847 1909 1984 1982
8 74 13 148 151 1908 1847 1982 1985
6 225 240 213 2059 2074 2047
6 216 247 225 2050 2081 2059
6 224 243 215 2058 2077 2049
6 218 261 207 2052 2095 2041
6 62 250 61 1896 2084 1895
6 211 234 218 2045 2068 2052
6 212 250 237 2046 2084 2071
6 217 249 224 2051 2083 2058
6 61 234 60 1895 2068 1894
6 228 229 201 2062 2063 2035
6 182 254 183 2016 2088 2017
6 187 256 188 2021 2090 2022
6 170 258 156 2004 2092 1990
6 185 267 186 2019 2101 2020
6 190 240 191 2024 2074 2025
6 178 238 177 2012 2072 2011
6 162 255 163 1996 2089 1997
6 188 239 189 2022 2073 2023
6 186 266 187 2020 2100 2021
6 176 256 159 2010 2090 1993
6 230 246 219 2064 2080 2053
6 175 267 158 2009 2101 1992
6 159 266 175 1993 2100 2009
6 208 246 232 2042 2080 2066
6 158 268 174 1992 2102 2008
6 215 251 245 2049 2085 2079
6 208 263 251 2042 2097 2085
6 226 262 210 2060 2096 2044
6 231 264 171 2065 2098 2005
8 61 250 218 234 1895 2084 2052 2068
8 176 177 227 239 2010 2011 2061 2073
8 152 199 236 179 1986 2033 2070 2013
8 250 62 63 237 2084 1896 1897 2071
8 212 255 222 261 2046 2089 2056 2095
8 217 238 178 244 2051 2072 2012 2078
8 266 186 267 175 2100 2020 2101 2009
8 173 174 184 183 2007 2008 2018 2017
8 256 187 266 159 2090 2021 2100 1993
8 260 261 222 214 2094 2095 2056 2048
8 244 55 249 217 2078 1889 2083 2051
8 252 229 228 157 2086 2063 2062 1991
8 231 171 172 254 2065 2005 2006 2088
8 212 261 218 250 2046 2095 2052 2084
8 235 207 220 241 2069 2041 2054 2075
8 216 245 251 263 2050 2079 2085 2097
8 237 63 2 163 2071 1897 1836 1997
8 223 170 157 228 2057 2004 1991 2062
8 210 265 229 252 2044 2099 2063 2086
8 223 202 203 248 2057 2036 2037 2082
8 245 216 225 209 2079 2050 2059 2043
8 217 224 209 257 2051 2058 2043 2091
8 253 220 260 214 2087 2054 2094 2048
8 211 235 232 246 2045 2069 2066 2080
8 230 234 211 246 2064 2068 2045 2080
8 226 210 252 264 2060 2044 2086 2098
8 57 243 224 56 1891 2077 2058 1890
8 197 196 220 253 2031 2030 2054 2087
8 231 181 226 264 2065 2015 2060 2098
8 267 185 268 158 2101 2019 2102 1992
8 198 197 253 242 2032 2031 2087 2076
8 200 201 229 265 2034 2035 2063 2099
8 219 58 59 230 2053 1892 1893 2064
8 230 59 60 234 2064 1893 1894 2068
8 233 247 216 263 2067 2081 2050 2097
8 256 176 239 188 2090 2010 2073 2022
8 224 215 245 209 2058 2049 2079 2043
8 242 160 153 198 2076 1994 1987 2032
8 202 223 228 201 2036 2057 2062 2035
8 162 161 222 255 1996 1995 2056 2089
8 221 241 195 194 2055 2075 2029 2028
8 208 232 221 263 2042 2066 2055 2097
8 208 251 219 246 2042 2085 2053 2080
8 227 177 238 213 2061 2011 2072 2047
8 235 211 218 207 2069 2045 2052 2041
8 240 190 227 213 2074 2024 2061 2047
8 237 163 255 212 2071 1997 2089 2046
8 242 253 214 259 2076 2087 2048 2093
8 236 265 210 262 2070 2099 2044 2096
8 225 213 257 209 2059 2047 2091 2043
8 155 169 248 203 1989 2003 2082 2037
8 225 192 191 240 2059 2026 2025 2074
8 258 170 223 248 2092 2004 2057 2082
8 238 217 257 213 2072 2051 2091 2047
8 233 194 193 247 2067 2028 2027 2081
8 226 181 180 262 2060 2015 2014 2096
8 227 190 189 239 2061 2024 2023 2073
8 199 200 265 236 2033 2034 2099 2070
8 182 181 231 254 2016 2015 2065 2088
8 241 221 232 235 2075 2055 2066 2069
8 219 251 215 243 2053 2085 2049 2077
8 259 161 160 242 2093 1995 1994 2076
8 58 219 243 57 1892 2053 2077 1891
8 169 156 258 248 2003 1990 2092 2082
8 221 194 233 263 2055 2028 2067 2097
8 260 220 207 261 2094 2054 2041 2095
8 173 183 254 172 2007 2017 2088 2006
8 241 220 196 195 2075 2054 2030 2029
8 262 180 179 236 2096 2014 2013 2070
8 157 171 264 252 1991 2005 2098 2086
8 244 178 10 55 2078 2012 1844 1889
8 222 161 259 214 2056 1995 2093 2048
8 192 225 247 193 2026 2059 2081 2027
8 184 174 268 185 2018 2008 2102 2019
8 56 224 249 55 1890 2058 2083 1889
6 161 162 269 1995 1996 2103
6 168 167 269 2002 2001 2103
6 22 21 269 1856 1855 2103
6 160 167 153 1994 2001 1987
6 2 22 163 1836 1856 1997
6 154 168 164 1988 2002 1998
6 4 166 21 1838 2000 1855
8 163 22 269 162 1997 1856 2103 1996
8 269 167 160 161 2103 2001 1994 1995
8 269 21 166 165 2103 1855 2000 1999
8 164 168 269 165 1998 2002 2103 1999
6 12 70 271 1846 1904 2105
8 270 272 204 274 2104 2106 2038 2108
8 273 270 274 169 2107 2104 2108 2003
8 272 270 271 70 2106 2104 2105 1904
8 270 273 206 205 2104 2107 2040 2039
8 205 12 271 270 2039 1846 2105 2104
8 272 70 11 204 2106 1904 1845 2038
8 155 206 273 169 1989 2040 2107 2003
8 156 169 274 204 1990 2003 2108 2038
6 178 73 10 2012 1907 1844
6 172 171 275 2006 2005 2109
6 174 173 279 2008 2007 2113
6 77 76 275 1911 1910 2109
6 177 176 276 2011 2010 2110
6 76 75 278 1910 1909 2112
6 173 172 278 2007 2006 2112
6 159 175 280 1993 2009 2114
6 170 156 275 2004 1990 2109
6 204 11 77 2038 1845 1911
8 159 280 276 176 1993 2114 2110 2010
8 276 73 178 177 2110 1907 2012 2011
8 275 171 157 170 2109 2005 1991 2004
8 275 76 278 172 2109 1910 2112 2006
8 204 77 275 156 2038 1911 2109 1990
8 279 277 158 174 2113 2111 1992 2008
8 277 280 175 158 2111 2114 2009 1992
8 278 75 279 173 2112 1909 2113 2007
8 276 280 74 73 2110 2114 1908 1907
8 13 277 279 75 1847 2111 2113 1909
8 74 280 277 13 1908 2114 2111 1847
6 352 340 367 2186 2174 2201
6 343 352 374 2177 2186 2208
6 351 342 370 2185 2176 2204
6 345 334 388 2179 2168 2222
6 318 317 377 2152 2151 2211
6 338 345 361 2172 2179 2195
6 339 364 377 2173 2198 2211
6 344 351 376 2178 2185 2210
6 317 316 361 2151 2150 2195
6 355 322 356 2189 2156 2190
6 182 183 381 2016 2017 2215
6 187 188 383 2021 2022 2217
6 302 284 385 2136 2118 2219
6 185 186 394 2019 2020 2228
6 190 191 367 2024 2025 2201
6 310 309 365 2144 2143 2199
6 294 295 382 2128 2129 2216
6 188 189 366 2022 2023 2200
6 186 187 393 2020 2021 2227
6 308 287 383 2142 2121 2217
6 357 346 373 2191 2180 2207
6 307 286 394 2141 2120 2228
6 287 307 393 2121 2141 2227
6 335 359 373 2169 2193 2207
6 286 306 395 2120 2140 2229
6 342 372 378 2176 2206 2212
6 335 378 390 2169 2212 2224
6 353 337 389 2187 2171 2223
6 358 303 391 2192 2137 2225
8 317 361 345 377 2151 2195 2179 2211
8 308 366 354 309 2142 2200 2188 2143
8 152 179 363 320 1986 2013 2197 2154
8 377 364 319 318 2211 2198 2153 2152
8 339 388 349 382 2173 2222 2183 2216
8 344 371 310 365 2178 2205 2144 2199
8 393 307 394 186 2227 2141 2228 2020
8 305 183 184 306 2139 2017 2018 2140
8 383 287 393 187 2217 2121 2227 2021
8 387 341 349 388 2221 2175 2183 2222
8 371 344 376 311 2205 2178 2210 2145
8 379 285 355 356 2213 2119 2189 2190
8 358 381 304 303 2192 2215 2138 2137
8 339 377 345 388 2173 2211 2179 2222
8 362 368 347 334 2196 2202 2181 2168
8 343 390 378 372 2177 2224 2212 2206
8 364 295 281 319 2198 2129 2115 2153
8 350 355 285 302 2184 2189 2119 2136
8 337 379 356 392 2171 2213 2190 2226
8 350 375 324 323 2184 2209 2158 2157
8 372 336 352 343 2206 2170 2186 2177
8 344 384 336 351 2178 2218 2170 2185
8 380 341 387 347 2214 2175 2221 2181
8 338 373 359 362 2172 2207 2193 2196
8 357 373 338 361 2191 2207 2172 2195
8 353 391 379 337 2187 2225 2213 2171
8 313 312 351 370 2147 2146 2185 2204
8 197 380 347 196 2031 2214 2181 2030
8 358 391 353 181 2192 2225 2187 2015
8 394 286 395 185 2228 2120 2229 2019
8 198 369 380 197 2032 2203 2214 2031
8 321 392 356 322 2155 2226 2190 2156
8 346 357 315 314 2180 2191 2149 2148
8 357 361 316 315 2191 2195 2150 2149
8 360 390 343 374 2194 2224 2177 2208
8 383 188 366 308 2217 2022 2200 2142
8 351 336 372 342 2185 2170 2206 2176
8 369 198 153 292 2203 2032 1987 2126
8 323 322 355 350 2157 2156 2189 2184
8 294 382 349 293 2128 2216 2183 2127
8 348 194 195 368 2182 2028 2029 2202
8 335 390 348 359 2169 2224 2182 2193
8 335 373 346 378 2169 2207 2180 2212
8 354 340 365 309 2188 2174 2199 2143
8 362 334 345 338 2196 2168 2179 2172
8 367 340 354 190 2201 2174 2188 2024
8 364 339 382 295 2198 2173 2216 2129
8 369 386 341 380 2203 2220 2175 2214
8 363 389 337 392 2197 2223 2171 2226
8 352 336 384 340 2186 2170 2218 2174
8 283 324 375 301 2117 2158 2209 2135
8 352 367 191 192 2186 2201 2025 2026
8 385 375 350 302 2219 2209 2184 2136
8 365 340 384 344 2199 2174 2218 2178
8 360 374 193 194 2194 2208 2027 2028
8 353 389 180 181 2187 2223 2014 2015
8 354 366 189 190 2188 2200 2023 2024
8 320 363 392 321 2154 2197 2226 2155
8 182 381 358 181 2016 2215 2192 2015
8 368 362 359 348 2202 2196 2193 2182
8 346 370 342 378 2180 2204 2176 2212
8 386 369 292 293 2220 2203 2126 2127
8 314 313 370 346 2148 2147 2204 2180
8 301 375 385 284 2135 2209 2219 2118
8 348 390 360 194 2182 2224 2194 2028
8 387 388 334 347 2221 2222 2168 2181
8 305 304 381 183 2139 2138 2215 2017
8 368 195 196 347 2202 2029 2030 2181
8 389 363 179 180 2223 2197 2013 2014
8 285 379 391 303 2119 2213 2225 2137
8 371 311 288 310 2205 2145 2122 2144
8 349 341 386 293 2183 2175 2220 2127
8 192 193 374 352 2026 2027 2208 2186
8 184 185 395 306 2018 2019 2229 2140
8 312 311 376 351 2146 2145 2210 2185
6 293 396 294 2127 2230 2128
6 168 396 167 2002 2230 2001
6 300 396 299 2134 2230 2133
6 292 153 167 2126 1987 2001
6 281 295 300 2115 2129 2134
6 154 296 168 1988 2130 2002
6 282 299 298 2116 2133 2132
8 295 294 396 300 2129 2128 2230 2134
8 396 293 292 167 2230 2127 2126 2001
8 396 297 298 299 2230 2131 2132 2133
8 296 297 396 168 2130 2131 2230 2002
6 290 398 326 2124 2232 2160
8 397 401 325 399 2231 2235 2159 2233
8 400 301 401 397 2234 2135 2235 2231
8 399 326 398 397 2233 2160 2232 2231
8 397 327 328 400 2231 2161 2162 2234
8 327 397 398 290 2161 2231 2232 2124
8 399 325 289 326 2233 2159 2123 2160
8 283 301 400 328 2117 2135 2234 2162
8 284 325 401 301 2118 2159 2235 2135
6 310 288 329 2144 2122 2163
6 304 402 303 2138 2236 2137
6 306 406 305 2140 2240 2139
6 333 402 332 2167 2236 2166
6 309 403 308 2143 2237 2142
6 332 405 331 2166 2239 2165
6 305 405 304 2139 2239 2138
6 287 407 307 2121 2241 2141
6 302 402 284 2136 2236 2118
6 325 333 289 2159 2167 2123
8 287 308 403 407 2121 2142 2237 2241
8 403 309 310 329 2237 2143 2144 2163
8 402 302 285 303 2236 2136 2119 2137
8 402 304 405 332 2236 2138 2239 2166
8 325 284 402 333 2159 2118 2236 2167
8 406 306 286 404 2240 2140 2120 2238
8 404 286 307 407 2238 2120 2141 2241
8 405 305 406 331 2239 2139 2240 2165
8 403 329 330 407 2237 2163 2164 2241
8 291 331 406 404 2125 2165 2240 2238
8 330 291 404 407 2164 2125 2238 2241
6 481 496 469 2315 2330 2303
6 472 503 481 2306 2337 2315
6 480 499 471 2314 2333 2305
6 474 517 463 2308 2351 2297
6 318 506 317 2152 2340 2151
6 467 490 474 2301 2324 2308
6 468 506 493 2302 2340 2327
6 473 505 480 2307 2339 2314
6 317 490 316 2151 2324 2150
6 484 485 457 2318 2319 2291
6 438 510 439 2272 2344 2273
6 443 512 444 2277 2346 2278
6 426 514 412 2260 2348 2246
6 441 523 442 2275 2357 2276
6 446 496 447 2280 2330 2281
6 434 494 433 2268 2328 2267
6 418 511 419 2252 2345 2253
6 444 495 445 2278 2329 2279
6 442 522 443 2276 2356 2277
6 432 512 415 2266 2346 2249
6 486 502 475 2320 2336 2309
6 431 523 414 2265 2357 2248
6 415 522 431 2249 2356 2265
6 464 502 488 2298 2336 2322
6 414 524 430 2248 2358 2264
6 471 507 501 2305 2341 2335
6 464 519 507 2298 2353 2341
6 482 518 466 2316 2352 2300
6 487 520 427 2321 2354 2261
8 317 506 474 490 2151 2340 2308 2324
8 432 433 483 495 2266 2267 2317 2329
8 408 455 492 435 2242 2289 2326 2269
8 506 318 319 493 2340 2152 2153 2327
8 468 511 478 517 2302 2345 2312 2351
8 473 494 434 500 2307 2328 2268 2334
8 522 442 523 431 2356 2276 2357 2265
8 429 430 440 439 2263 2264 2274 2273
8 512 443 522 415 2346 2277 2356 2249
8 516 517 478 470 2350 2351 2312 2304
8 500 311 505 473 2334 2145 2339 2307
8 508 485 484 413 2342 2319 2318 2247
8 487 427 428 510 2321 2261 2262 2344
8 468 517 474 506 2302 2351 2308 2340
8 491 463 476 497 2325 2297 2310 2331
8 472 501 507 519 2306 2335 2341 2353
8 493 319 281 419 2327 2153 2115 2253
8 479 426 413 484 2313 2260 2247 2318
8 466 521 485 508 2300 2355 2319 2342
8 479 458 459 504 2313 2292 2293 2338
8 501 472 481 465 2335 2306 2315 2299
8 473 480 465 513 2307 2314 2299 2347
8 509 476 516 470 2343 2310 2350 2304
8 467 491 488 502 2301 2325 2322 2336
8 486 490 467 502 2320 2324 2301 2336
8 482 466 508 520 2316 2300 2342 2354
8 313 499 480 312 2147 2333 2314 2146
8 453 452 476 509 2287 2286 2310 2343
8 487 437 482 520 2321 2271 2316 2354
8 523 441 524 414 2357 2275 2358 2248
8 454 453 509 498 2288 2287 2343 2332
8 456 457 485 521 2290 2291 2319 2355
8 475 314 315 486 2309 2148 2149 2320
8 486 315 316 490 2320 2149 2150 2324
8 489 503 472 519 2323 2337 2306 2353
8 512 432 495 444 2346 2266 2329 2278
8 480 471 501 465 2314 2305 2335 2299
8 498 416 409 454 2332 2250 2243 2288
8 458 479 484 457 2292 2313 2318 2291
8 418 417 478 511 2252 2251 2312 2345
8 477 497 451 450 2311 2331 2285 2284
8 464 488 477 519 2298 2322 2311 2353
8 464 507 475 502 2298 2341 2309 2336
8 483 433 494 469 2317 2267 2328 2303
8 491 467 474 463 2325 2301 2308 2297
8 496 446 483 469 2330 2280 2317 2303
8 493 419 511 468 2327 2253 2345 2302
8 498 509 470 515 2332 2343 2304 2349
8 492 521 466 518 2326 2355 2300 2352
8 481 469 513 465 2315 2303 2347 2299
8 411 425 504 459 2245 2259 2338 2293
8 481 448 447 496 2315 2282 2281 2330
8 514 426 479 504 2348 2260 2313 2338
8 494 473 513 469 2328 2307 2347 2303
8 489 450 449 503 2323 2284 2283 2337
8 482 437 436 518 2316 2271 2270 2352
8 483 446 445 495 2317 2280 2279 2329
8 455 456 521 492 2289 2290 2355 2326
8 438 437 487 510 2272 2271 2321 2344
8 497 477 488 491 2331 2311 2322 2325
8 475 507 471 499 2309 2341 2305 2333
8 515 417 416 498 2349 2251 2250 2332
8 314 475 499 313 2148 2309 2333 2147
8 425 412 514 504 2259 2246 2348 2338
8 477 450 489 519 2311 2284 2323 2353
8 516 476 463 517 2350 2310 2297 2351
8 429 439 510 428 2263 2273 2344 2262
8 497 476 452 451 2331 2310 2286 2285
8 518 436 435 492 2352 2270 2269 2326
8 413 427 520 508 2247 2261 2354 2342
8 500 434 288 311 2334 2268 2122 2145
8 478 417 515 470 2312 2251 2349 2304
8 448 481 503 449 2282 2315 2337 2283
8 440 430 524 441 2274 2264 2358 2275
8 312 480 505 311 2146 2314 2339 2145
6 417 418 525 2251 2252 2359
6 424 423 525 2258 2257 2359
6 300 299 525 2134 2133 2359
6 416 423 409 2250 2257 2243
6 281 300 419 2115 2134 2253
6 410 424 420 2244 2258 2254
6 282 422 299 2116 2256 2133
8 419 300 525 418 2253 2134 2359 2252
8 525 423 416 417 2359 2257 2250 2251
8 525 299 422 421 2359 2133 2256 2255
8 420 424 525 421 2254 2258 2359 2255
6 290 326 527 2124 2160 2361
8 526 528 460 530 2360 2362 2294 2364
8 529 526 530 425 2363 2360 2364 2259
8 528 526 527 326 2362 2360 2361 2160
8 526 529 462 461 2360 2363 2296 2295
8 461 290 527 526 2295 2124 2361 2360
8 528 326 289 460 2362 2160 2123 2294
8 411 462 529 425 2245 2296 2363 2259
8 412 425 530 460 2246 2259 2364 2294
6 434 329 288 2268 2163 2122
6 428 427 531 2262 2261 2365
6 430 429 535 2264 2263 2369
6 333 332 531 2167 2166 2365
6 433 432 532 2267 2266 2366
6 332 331 534 2166 2165 2368
6 429 428 534 2263 2262 2368
6 415 431 536 2249 2265 2370
6 426 412 531 2260 2246 2365
6 460 289 333 2294 2123 2167
8 415 536 532 432 2249 2370 2366 2266
8 532 329 434 433 2366 2163 2268 2267
8 531 427 413 426 2365 2261 2247 2260
8 531 332 534 428 2365 2166 2368 2262
8 460 333 531 412 2294 2167 2365 2246
8 535 533 414 430 2369 2367 2248 2264
8 533 536 431 414 2367 2370 2265 2248
8 534 331 535 429 2368 2165 2369 2263
8 532 536 330 329 2366 2370 2164 2163
8 291 533 535 331 2125 2367 2369 2165
8 330 536 533 291 2164 2370 2367 2125
6 608 596 623 2442 2430 2457
6 599 608 630 2433 2442 2464
6 607 598 626 2441 2432 2460
6 601 590 644 2435 2424 2478
6 574 573 633 2408 2407 2467
6 594 601 617 2428 2435 2451
6 595 620 633 2429 2454 2467
6 600 607 632 2434 2441 2466
6 573 572 617 2407 2406 2451
6 611 578 612 2445 2412 2446
6 438 439 637 2272 2273 2471
6 443 444 639 2277 2278 2473
6 558 540 641 2392 2374 2475
6 441 442 650 2275 2276 2484
6 446 447 623 2280 2281 2457
6 566 565 621 2400 2399 2455
6 550 551 638 2384 2385 2472
6 444 445 622 2278 2279 2456
6 442 443 649 2276 2277 2483
6 564 543 639 2398 2377 2473
6 613 602 629 2447 2436 2463
6 563 542 650 2397 2376 2484
6 543 563 649 2377 2397 2483
6 591 615 629 2425 2449 2463
6 542 562 651 2376 2396 2485
6 598 628 634 2432 2462 2468
6 591 634 646 2425 2468 2480
6 609 593 645 2443 2427 2479
6 614 559 647 2448 2393 2481
8 573 617 601 633 2407 2451 2435 2467
8 564 622 610 565 2398 2456 2444 2399
8 408 435 619 576 2242 2269 2453 2410
8 633 620 575 574 2467 2454 2409 2408
8 595 644 605 638 2429 2478 2439 2472
8 600 627 566 621 2434 2461 2400 2455
8 649 563 650 442 2483 2397 2484 2276
8 561 439 440 562 2395 2273 2274 2396
8 639 543 649 443 2473 2377 2483 2277
8 643 597 605 644 2477 2431 2439 2478
8 627 600 632 567 2461 2434 2466 2401
8 635 541 611 612 2469 2375 2445 2446
8 614 637 560 559 2448 2471 2394 2393
8 595 633 601 644 2429 2467 2435 2478
8 618 624 603 590 2452 2458 2437 2424
8 599 646 634 628 2433 2480 2468 2462
8 620 551 537 575 2454 2385 2371 2409
8 606 611 541 558 2440 2445 2375 2392
8 593 635 612 648 2427 2469 2446 2482
8 606 631 580 579 2440 2465 2414 2413
8 628 592 608 599 2462 2426 2442 2433
8 600 640 592 607 2434 2474 2426 2441
8 636 597 643 603 2470 2431 2477 2437
8 594 629 615 618 2428 2463 2449 2452
8 613 629 594 617 2447 2463 2428 2451
8 609 647 635 593 2443 2481 2469 2427
8 569 568 607 626 2403 2402 2441 2460
8 453 636 603 452 2287 2470 2437 2286
8 614 647 609 437 2448 2481 2443 2271
8 650 542 651 441 2484 2376 2485 2275
8 454 625 636 453 2288 2459 2470 2287
8 577 648 612 578 2411 2482 2446 2412
8 602 613 571 570 2436 2447 2405 2404
8 613 617 572 571 2447 2451 2406 2405
8 616 646 599 630 2450 2480 2433 2464
8 639 444 622 564 2473 2278 2456 2398
8 607 592 628 598 2441 2426 2462 2432
8 625 454 409 548 2459 2288 2243 2382
8 579 578 611 606 2413 2412 2445 2440
8 550 638 605 549 2384 2472 2439 2383
8 604 450 451 624 2438 2284 2285 2458
8 591 646 604 615 2425 2480 2438 2449
8 591 629 602 634 2425 2463 2436 2468
8 610 596 621 565 2444 2430 2455 2399
8 618 590 601 594 2452 2424 2435 2428
8 623 596 610 446 2457 2430 2444 2280
8 620 595 638 551 2454 2429 2472 2385
8 625 642 597 636 2459 2476 2431 2470
8 619 645 593 648 2453 2479 2427 2482
8 608 592 640 596 2442 2426 2474 2430
8 539 580 631 557 2373 2414 2465 2391
8 608 623 447 448 2442 2457 2281 2282
8 641 631 606 558 2475 2465 2440 2392
8 621 596 640 600 2455 2430 2474 2434
8 616 630 449 450 2450 2464 2283 2284
8 609 645 436 437 2443 2479 2270 2271
8 610 622 445 446 2444 2456 2279 2280
8 576 619 648 577 2410 2453 2482 2411
8 438 637 614 437 2272 2471 2448 2271
8 624 618 615 604 2458 2452 2449 2438
8 602 626 598 634 2436 2460 2432 2468
8 642 625 548 549 2476 2459 2382 2383
8 570 569 626 602 2404 2403 2460 2436
8 557 631 641 540 2391 2465 2475 2374
8 604 646 616 450 2438 2480 2450 2284
8 643 644 590 603 2477 2478 2424 2437
8 561 560 637 439 2395 2394 2471 2273
8 624 451 452 603 2458 2285 2286 2437
8 645 619 435 436 2479 2453 2269 2270
8 541 635 647 559 2375 2469 2481 2393
8 627 567 544 566 2461 2401 2378 2400
8 605 597 642 549 2439 2431 2476 2383
8 448 449 630 608 2282 2283 2464 2442
8 440 441 651 562 2274 2275 2485 2396
8 568 567 632 607 2402 2401 2466 2441
6 549 652 550 2383 2486 2384
6 424 652 423 2258 2486 2257
6 556 652 555 2390 2486 2389
6 548 409 423 2382 2243 2257
6 537 551 556 2371 2385 2390
6 410 552 424 2244 2386 2258
6 538 555 554 2372 2389 2388
8 551 550 652 556 2385 2384 2486 2390
8 652 549 548 423 2486 2383 2382 2257
8 652 553 554 555 2486 2387 2388 2389
8 552 553 652 424 2386 2387 2486 2258
6 546 654 582 2380 2488 2416
8 653 657 581 655 2487 2491 2415 2489
8 656 557 657 653 2490 2391 2491 2487
8 655 582 654 653 2489 2416 2488 2487
8 653 583 584 656 2487 2417 2418 2490
8 583 653 654 546 2417 2487 2488 2380
8 655 581 545 582 2489 2415 2379 2416
8 539 557 656 584 2373 2391 2490 2418
8 540 581 657 557 2374 2415 2491 2391
6 566 544 585 2400 2378 2419
6 560 658 559 2394 2492 2393
6 562 662 561 2396 2496 2395
6 589 658 588 2423 2492 2422
6 565 659 564 2399 2493 2398
6 588 661 587 2422 2495 2421
6 561 661 560 2395 2495 2394
6 543 663 563 2377 2497 2397
6 558 658 540 2392 2492 2374
6 581 589 545 2415 2423 2379
8 543 564 659 663 2377 2398 2493 2497
8 659 565 566 585 2493 2399 2400 2419
8 658 558 541 559 2492 2392 2375 2393
8 658 560 661 588 2492 2394 2495 2422
8 581 540 658 589 2415 2374 2492 2423
8 662 562 542 660 2496 2396 2376 2494
8 660 542 563 663 2494 2376 2397 2497
8 661 561 662 587 2495 2395 2496 2421
8 659 585 586 663 2493 2419 2420 2497
8 547 587 662 660 2381 2421 2496 2494
8 586 547 660 663 2420 2381 2494 2497
6 737 752 725 2571 2586 2559
6 728 759 737 2562 2593 2571
6 736 755 727 2570 2589 2561
6 730 773 719 2564 2607 2553
6 574 762 573 2408 2596 2407
6 723 746 730 2557 2580 2564
6 724 762 749 2558 2596 2583
6 729 761 736 2563 2595 2570
6 573 746 572 2407 2580 2406
6 740 741 713 2574 2575 2547
6 694 766 695 2528 2600 2529
6 699 768 700 2533 2602 2534
6 682 770 668 2516 2604 2502
6 697 779 698 2531 2613 2532
6 702 752 703 2536 2586 2537
6 690 750 689 2524 2584 2523
6 674 767 675 2508 2601 2509
6 700 751 701 2534 2585 2535
6 698 778 699 2532 2612 2533
6 688 768 671 2522 2602 2505
6 742 758 731 2576 2592 2565
6 687 779 670 2521 2613 2504
6 671 778 687 2505 2612 2521
6 720 758 744 2554 2592 2578
6 670 780 686 2504 2614 2520
6 727 763 757 2561 2597 2591
6 720 775 763 2554 2609 2597
6 738 774 722 2572 2608 2556
6 743 776 683 2577 2610 2517
8 573 762 730 746 2407 2596 2564 2580
8 688 689 739 751 2522 2523 2573 2585
8 664 711 748 691 2498 2545 2582 2525
8 762 574 575 749 2596 2408 2409 2583
8 724 767 734 773 2558 2601 2568 2607
8 729 750 690 756 2563 2584 2524 2590
8 778 698 779 687 2612 2532 2613 2521
8 685 686 696 695 2519 2520 2530 2529
8 768 699 778 671 2602 2533 2612 2505
8 772 773 734 726 2606 2607 2568 2560
8 756 567 761 729 2590 2401 2595 2563
8 764 741 740 669 2598 2575 2574 2503
8 743 683 684 766 2577 2517 2518 2600
8 724 773 730 762 2558 2607 2564 2596
8 747 719 732 753 2581 2553 2566 2587
8 728 757 763 775 2562 2591 2597 2609
8 749 575 537 675 2583 2409 2371 2509
8 735 682 669 740 2569 2516 2503 2574
8 722 777 741 764 2556 2611 2575 2598
8 735 714 715 760 2569 2548 2549 2594
8 757 728 737 721 2591 2562 2571 2555
8 729 736 721 769 2563 2570 2555 2603
8 765 732 772 726 2599 2566 2606 2560
8 723 747 744 758 2557 2581 2578 2592
8 742 746 723 758 2576 2580 2557 2592
8 738 722 764 776 2572 2556 2598 2610
8 569 755 736 568 2403 2589 2570 2402
8 709 708 732 765 2543 2542 2566 2599
8 743 693 738 776 2577 2527 2572 2610
8 779 697 780 670 2613 2531 2614 2504
8 710 709 765 754 2544 2543 2599 2588
8 712 713 741 777 2546 2547 2575 2611
8 731 570 571 742 2565 2404 2405 2576
8 742 571 572 746 2576 2405 2406 2580
8 745 759 728 775 2579 2593 2562 2609
8 768 688 751 700 2602 2522 2585 2534
8 736 727 757 721 2570 2561 2591 2555
8 754 672 665 710 2588 2506 2499 2544
8 714 735 740 713 2548 2569 2574 2547
8 674 673 734 767 2508 2507 2568 2601
8 733 753 707 706 2567 2587 2541 2540
8 720 744 733 775 2554 2578 2567 2609
8 720 763 731 758 2554 2597 2565 2592
8 739 689 750 725 2573 2523 2584 2559
8 747 723 730 719 2581 2557 2564 2553
8 752 702 739 725 2586 2536 2573 2559
8 749 675 767 724 2583 2509 2601 2558
8 754 765 726 771 2588 2599 2560 2605
8 748 777 722 774 2582 2611 2556 2608
8 737 725 769 721 2571 2559 2603 2555
8 667 681 760 715 2501 2515 2594 2549
8 737 704 703 752 2571 2538 2537 2586
8 770 682 735 760 2604 2516 2569 2594
8 750 729 769 725 2584 2563 2603 2559
8 745 706 705 759 2579 2540 2539 2593
8 738 693 692 774 2572 2527 2526 2608
8 739 702 701 751 2573 2536 2535 2585
8 711 712 777 748 2545 2546 2611 2582
8 694 693 743 766 2528 2527 2577 2600
8 753 733 744 747 2587 2567 2578 2581
8 731 763 727 755 2565 2597 2561 2589
8 771 673 672 754 2605 2507 2506 2588
8 570 731 755 569 2404 2565 2589 2403
8 681 668 770 760 2515 2502 2604 2594
8 733 706 745 775 2567 2540 2579 2609
8 772 732 719 773 2606 2566 2553 2607
8 685 695 766 684 2519 2529 2600 2518
8 753 732 708 707 2587 2566 2542 2541
8 774 692 691 748 2608 2526 2525 2582
8 669 683 776 764 2503 2517 2610 2598
8 756 690 544 567 2590 2524 2378 2401
8 734 673 771 726 2568 2507 2605 2560
8 704 737 759 705 2538 2571 2593 2539
8 696 686 780 697 2530 2520 2614 2531
8 568 736 761 567 2402 2570 2595 2401
6 673 674 781 2507 2508 2615
6 680 679 781 2514 2513 2615
6 556 555 781 2390 2389 2615
6 672 679 665 2506 2513 2499
6 537 556 675 2371 2390 2509
6 666 680 676 2500 2514 2510
6 538 678 555 2372 2512 2389
8 675 556 781 674 2509 2390 2615 2508
8 781 679 672 673 2615 2513 2506 2507
8 781 555 678 677 2615 2389 2512 2511
8 676 680 781 677 2510 2514 2615 2511
6 546 582 783 2380 2416 2617
8 782 784 716 786 2616 2618 2550 2620
8 785 782 786 681 2619 2616 2620 2515
8 784 782 783 582 2618 2616 2617 2416
8 782 785 718 717 2616 2619 2552 2551
8 717 546 783 782 2551 2380 2617 2616
8 784 582 545 716 2618 2416 2379 2550
8 667 718 785 681 2501 2552 2619 2515
8 668 681 786 716 2502 2515 2620 2550
6 690 585 544 2524 2419 2378
6 684 683 787 2518 2517 2621
6 686 685 791 2520 2519 2625
6 589 588 787 2423 2422 2621
6 689 688 788 2523 2522 2622
6 588 587 790 2422 2421 2624
6 685 684 790 2519 2518 2624
6 671 687 792 2505 2521 2626
6 682 668 787 2516 2502 2621
6 716 545 589 2550 2379 2423
8 671 792 788 688 2505 2626 2622 2522
8 788 585 690 689 2622 2419 2524 2523
8 787 683 669 682 2621 2517 2503 2516
8 787 588 790 684 2621 2422 2624 2518
8 716 589 787 668 2550 2423 2621 2502
8 791 789 670 686 2625 2623 2504 2520
8 789 792 687 670 2623 2626 2521 2504
8 790 587 791 685 2624 2421 2625 2519
8 788 792 586 585 2622 2626 2420 2419
8 547 789 791 587 2381 2623 2625 2421
8 586 792 789 547 2420 2626 2623 2381
6 864 852 879 2698 2686 2713
6 855 864 886 2689 2698 2720
6 863 854 882 2697 2688 2716
6 857 846 900 2691 2680 2734
6 830 829 889 2664 2663 2723
6 850 857 873 2684 2691 2707
6 851 876 889 2685 2710 2723
6 856 863 888 2690 2697 2722
6 829 828 873 2663 2662 2707
6 867 834 868 2701 2668 2702
6 694 695 893 2528 2529 2727
6 699 700 895 2533 2534 2729
6 814 796 897 2648 2630 2731
6 697 698 906 2531 2532 2740
6 702 703 879 2536 2537 2713
6 822 821 877 2656 2655 2711
6 806 807 894 2640 2641 2728
6 700 701 878 2534 2535 2712
6 698 699 905 2532 2533 2739
6 820 799 895 2654 2633 2729
6 869 858 885 2703 2692 2719
6 819 798 906 2653 2632 2740
6 799 819 905 2633 2653 2739
6 847 871 885 2681 2705 2719
6 798 818 907 2632 2652 2741
6 854 884 890 2688 2718 2724
6 847 890 902 2681 2724 2736
6 865 849 901 2699 2683 2735
6 870 815 903 2704 2649 2737
8 829 873 857 889 2663 2707 2691 2723
8 820 878 866 821 2654 2712 2700 2655
8 664 691 875 832 2498 2525 2709 2666
8 889 876 831 830 2723 2710 2665 2664
8 851 900 861 894 2685 2734 2695 2728
8 856 883 822 877 2690 2717 2656 2711
8 905 819 906 698 2739 2653 2740 2532
8 817 695 696 818 2651 2529 2530 2652
8 895 799 905 699 2729 2633 2739 2533
8 899 853 861 900 2733 2687 2695 2734
8 883 856 888 823 2717 2690 2722 2657
8 891 797 867 868 2725 2631 2701 2702
8 870 893 816 815 2704 2727 2650 2649
8 851 889 857 900 2685 2723 2691 2734
8 874 880 859 846 2708 2714 2693 2680
8 855 902 890 884 2689 2736 2724 2718
8 876 807 793 831 2710 2641 2627 2665
8 862 867 797 814 2696 2701 2631 2648
8 849 891 868 904 2683 2725 2702 2738
8 862 887 836 835 2696 2721 2670 2669
8 884 848 864 855 2718 2682 2698 2689
8 856 896 848 863 2690 2730 2682 2697
8 892 853 899 859 2726 2687 2733 2693
8 850 885 871 874 2684 2719 2705 2708
8 869 885 850 873 2703 2719 2684 2707
8 865 903 891 849 2699 2737 2725 2683
8 825 824 863 882 2659 2658 2697 2716
8 709 892 859 708 2543 2726 2693 2542
8 870 903 865 693 2704 2737 2699 2527
8 906 798 907 697 2740 2632 2741 2531
8 710 881 892 709 2544 2715 2726 2543
8 833 904 868 834 2667 2738 2702 2668
8 858 869 827 826 2692 2703 2661 2660
8 869 873 828 827 2703 2707 2662 2661
8 872 902 855 886 2706 2736 2689 2720
8 895 700 878 820 2729 2534 2712 2654
8 863 848 884 854 2697 2682 2718 2688
8 881 710 665 804 2715 2544 2499 2638
8 835 834 867 862 2669 2668 2701 2696
8 806 894 861 805 2640 2728 2695 2639
8 860 706 707 880 2694 2540 2541 2714
8 847 902 860 871 2681 2736 2694 2705
8 847 885 858 890 2681 2719 2692 2724
8 866 852 877 821 2700 2686 2711 2655
8 874 846 857 850 2708 2680 2691 2684
8 879 852 866 702 2713 2686 2700 2536
8 876 851 894 807 2710 2685 2728 2641
8 881 898 853 892 2715 2732 2687 2726
8 875 901 849 904 2709 2735 2683 2738
8 864 848 896 852 2698 2682 2730 2686
8 795 836 887 813 2629 2670 2721 2647
8 864 879 703 704 2698 2713 2537 2538
8 897 887 862 814 2731 2721 2696 2648
8 877 852 896 856 2711 2686 2730 2690
8 872 886 705 706 2706 2720 2539 2540
8 865 901 692 693 2699 2735 2526 2527
8 866 878 701 702 2700 2712 2535 2536
8 832 875 904 833 2666 2709 2738 2667
8 694 893 870 693 2528 2727 2704 2527
8 880 874 871 860 2714 2708 2705 2694
8 858 882 854 890 2692 2716 2688 2724
8 898 881 804 805 2732 2715 2638 2639
8 826 825 882 858 2660 2659 2716 2692
8 813 887 897 796 2647 2721 2731 2630
8 860 902 872 706 2694 2736 2706 2540
8 899 900 846 859 2733 2734 2680 2693
8 817 816 893 695 2651 2650 2727 2529
8 880 707 708 859 2714 2541 2542 2693
8 901 875 691 692 2735 2709 2525 2526
8 797 891 903 815 2631 2725 2737 2649
8 883 823 800 822 2717 2657 2634 2656
8 861 853 898 805 2695 2687 2732 2639
8 704 705 886 864 2538 2539 2720 2698
8 696 697 907 818 2530 2531 2741 2652
8 824 823 888 863 2658 2657 2722 2697
6 805 908 806 2639 2742 2640
6 680 908 679 2514 2742 2513
6 812 908 811 2646 2742 2645
6 804 665 679 2638 2499 2513
6 793 807 812 2627 2641 2646
6 666 808 680 2500 2642 2514
6 794 811 810 2628 2645 2644
8 807 806 908 812 2641 2640 2742 2646
8 908 805 804 679 2742 2639 2638 2513
8 908 809 810 811 2742 2643 2644 2645
8 808 809 908 680 2642 2643 2742 2514
6 802 910 838 2636 2744 2672
8 909 913 837 911 2743 2747 2671 2745
8 912 813 913 909 2746 2647 2747 2743
8 911 838 910 909 2745 2672 2744 2743
8 909 839 840 912 2743 2673 2674 2746
8 839 909 910 802 2673 2743 2744 2636
8 911 837 801 838 2745 2671 2635 2672
8 795 813 912 840 2629 2647 2746 2674
8 796 837 913 813 2630 2671 2747 2647
6 822 800 841 2656 2634 2675
6 816 914 815 2650 2748 2649
6 818 918 817 2652 2752 2651
6 845 914 844 2679 2748 2678
6 821 915 820 2655 2749 2654
6 844 917 843 2678 2751 2677
6 817 917 816 2651 2751 2650
6 799 919 819 2633 2753 2653
6 814 914 796 2648 2748 2630
6 837 845 801 2671 2679 2635
8 799 820 915 919 2633 2654 2749 2753
8 915 821 822 841 2749 2655 2656 2675
8 914 814 797 815 2748 2648 2631 2649
8 914 816 917 844 2748 2650 2751 2678
8 837 796 914 845 2671 2630 2748 2679
8 918 818 798 916 2752 2652 2632 2750
8 916 798 819 919 2750 2632 2653 2753
8 917 817 918 843 2751 2651 2752 2677
8 915 841 842 919 2749 2675 2676 2753
8 803 843 918 916 2637 2677 2752 2750
8 842 803 916 919 2676 2637 2750 2753
6 993 1008 981 2827 2842 2815
6 984 1015 993 2818 2849 2827
6 992 1011 983 2826 2845 2817
6 986 1029 975 2820 2863 2809
6 830 1018 829 2664 2852 2663
6 979 1002 986 2813 2836 2820
6 980 1018 1005 2814 2852 2839
6 985 1017 992 2819 2851 2826
6 829 1002 828 2663 2836 2662
6 996 997 969 2830 2831 2803
6 950 1022 951 2784 2856 2785
6 955 1024 956 2789 2858 2790
6 938 1026 924 2772 2860 2758
6 953 1035 954 2787 2869 2788
6 958 1008 959 2792 2842 2793
6 946 1006 945 2780 2840 2779
6 930 1023 931 2764 2857 2765
6 956 1007 957 2790 2841 2791
6 954 1034 955 2788 2868 2789
6 944 1024 927 2778 2858 2761
6 998 1014 987 2832 2848 2821
6 943 1035 926 2777 2869 2760
6 927 1034 943 2761 2868 2777
6 976 1014 1000 2810 2848 2834
6 926 1036 942 2760 2870 2776
6 983 1019 1013 2817 2853 2847
6 976 1031 1019 2810 2865 2853
6 994 1030 978 2828 2864 2812
6 999 1032 939 2833 2866 2773
8 829 1018 986 1002 2663 2852 2820 2836
8 944 945 995 1007 2778 2779 2829 2841
8 920 967 1004 947 2754 2801 2838 2781
8 1018 830 831 1005 2852 2664 2665 2839
8 980 1023 990 1029 2814 2857 2824 2863
8 985 1006 946 1012 2819 2840 2780 2846
8 1034 954 1035 943 2868 2788 2869 2777
8 941 942 952 951 2775 2776 2786 2785
8 1024 955 1034 927 2858 2789 2868 2761
8 1028 1029 990 982 2862 2863 2824 2816
8 1012 823 1017 985 2846 2657 2851 2819
8 1020 997 996 925 2854 2831 2830 2759
8 999 939 940 1022 2833 2773 2774 2856
8 980 1029 986 1018 2814 2863 2820 2852
8 1003 975 988 1009 2837 2809 2822 2843
8 984 1013 1019 1031 2818 2847 2853 2865
8 1005 831 793 931 2839 2665 2627 2765
8 991 938 925 996 2825 2772 2759 2830
8 978 1033 997 1020 2812 2867 2831 2854
8 991 970 971 1016 2825 2804 2805 2850
8 1013 984 993 977 2847 2818 2827 2811
8 985 992 977 1025 2819 2826 2811 2859
8 1021 988 1028 982 2855 2822 2862 2816
8 979 1003 1000 1014 2813 2837 2834 2848
8 998 1002 979 1014 2832 2836 2813 2848
8 994 978 1020 1032 2828 2812 2854 2866
8 825 1011 992 824 2659 2845 2826 2658
8 965 964 988 1021 2799 2798 2822 2855
8 999 949 994 1032 2833 2783 2828 2866
8 1035 953 1036 926 2869 2787 2870 2760
8 966 965 1021 1010 2800 2799 2855 2844
8 968 969 997 1033 2802 2803 2831 2867
8 987 826 827 998 2821 2660 2661 2832
8 998 827 828 1002 2832 2661 2662 2836
8 1001 1015 984 1031 2835 2849 2818 2865
8 1024 944 1007 956 2858 2778 2841 2790
8 992 983 1013 977 2826 2817 2847 2811
8 1010 928 921 966 2844 2762 2755 2800
8 970 991 996 969 2804 2825 2830 2803
8 930 929 990 1023 2764 2763 2824 2857
8 989 1009 963 962 2823 2843 2797 2796
8 976 1000 989 1031 2810 2834 2823 2865
8 976 1019 987 1014 2810 2853 2821 2848
8 995 945 1006 981 2829 2779 2840 2815
8 1003 979 986 975 2837 2813 2820 2809
8 1008 958 995 981 2842 2792 2829 2815
8 1005 931 1023 980 2839 2765 2857 2814
8 1010 1021 982 1027 2844 2855 2816 2861
8 1004 1033 978 1030 2838 2867 2812 2864
8 993 981 1025 977 2827 2815 2859 2811
8 923 937 1016 971 2757 2771 2850 2805
8 993 960 959 1008 2827 2794 2793 2842
8 1026 938 991 1016 2860 2772 2825 2850
8 1006 985 1025 981 2840 2819 2859 2815
8 1001 962 961 1015 2835 2796 2795 2849
8 994 949 948 1030 2828 2783 2782 2864
8 995 958 957 1007 2829 2792 2791 2841
8 967 968 1033 1004 2801 2802 2867 2838
8 950 949 999 1022 2784 2783 2833 2856
8 1009 989 1000 1003 2843 2823 2834 2837
8 987 1019 983 1011 2821 2853 2817 2845
8 1027 929 928 1010 2861 2763 2762 2844
8 826 987 1011 825 2660 2821 2845 2659
8 937 924 1026 1016 2771 2758 2860 2850
8 989 962 1001 1031 2823 2796 2835 2865
8 1028 988 975 1029 2862 2822 2809 2863
8 941 951 1022 940 2775 2785 2856 2774
8 1009 988 964 963 2843 2822 2798 2797
8 1030 948 947 1004 2864 2782 2781 2838
8 925 939 1032 1020 2759 2773 2866 2854
8 1012 946 800 823 2846 2780 2634 2657
8 990 929 1027 982 2824 2763 2861 2816
8 960 993 1015 961 2794 2827 2849 2795
8 952 942 1036 953 2786 2776 2870 2787
8 824 992 1017 823 2658 2826 2851 2657
6 929 930 1037 2763 2764 2871
6 936 935 1037 2770 2769 2871
6 812 811 1037 2646 2645 2871
6 928 935 921 2762 2769 2755
6 793 812 931 2627 2646 2765
6 922 936 932 2756 2770 2766
6 794 934 811 2628 2768 2645
8 931 812 1037 930 2765 2646 2871 2764
8 1037 935 928 929 2871 2769 2762 2763
8 1037 811 934 933 2871 2645 2768 2767
8 932 936 1037 933 2766 2770 2871 2767
6 802 838 1039 2636 2672 2873
8 1038 1040 972 1042 2872 2874 2806 2876
8 1041 1038 1042 937 2875 2872 2876 2771
8 1040 1038 1039 838 2874 2872 2873 2672
8 1038 1041 974 973 2872 2875 2808 2807
8 973 802 1039 1038 2807 2636 2873 2872
8 1040 838 801 972 2874 2672 2635 2806
8 923 974 1041 937 2757 2808 2875 2771
8 924 937 1042 972 2758 2771 2876 2806
6 946 841 800 2780 2675 2634
6 940 939 1043 2774 2773 2877
6 942 941 1047 2776 2775 2881
6 845 844 1043 2679 2678 2877
6 945 944 1044 2779 2778 2878
6 844 843 1046 2678 2677 2880
6 941 940 1046 2775 2774 2880
6 927 943 1048 2761 2777 2882
6 938 924 1043 2772 2758 2877
6 972 801 845 2806 2635 2679
8 927 1048 1044 944 2761 2882 2878 2778
8 1044 841 946 945 2878 2675 2780 2779
8 1043 939 925 938 2877 2773 2759 2772
8 1043 844 1046 940 2877 2678 2880 2774
8 972 845 1043 924 2806 2679 2877 2758
8 1047 1045 926 942 2881 2879 2760 2776
8 1045 1048 943 926 2879 2882 2777 2760
8 1046 843 1047 941 2880 2677 2881 2775
8 1044 1048 842 841 2878 2882 2676 2675
8 803 1045 1047 843 2637 2879 2881 2677
8 842 1048 1045 803 2676 2882 2879 2637
6 1120 1108 1135 2954 2942 2969
6 1111 1120 1142 2945 2954 2976
6 1119 1110 1138 2953 2944 2972
6 1113 1102 1156 2947 2936 2990
6 1086 1085 1145 2920 2919 2979
6 1106 1113 1129 2940 2947 2963
6 1107 1132 1145 2941 2966 2979
6 1112 1119 1144 2946 2953 2978
6 1085 1084 1129 2919 2918 2963
6 1123 1090 1124 2957 2924 2958
6 950 951 1149 2784 2785 2983
6 955 956 1151 2789 2790 2985
6 1070 1052 1153 2904 2886 2987
6 953 954 1162 2787 2788 2996
6 958 959 1135 2792 2793 2969
6 1078 1077 1133 2912 2911 2967
6 1062 1063 1150 2896 2897 2984
6 956 957 1134 2790 2791 2968
6 954 955 1161 2788 2789 2995
6 1076 1055 1151 2910 2889 2985
6 1125 1114 1141 2959 2948 2975
6 1075 1054 1162 2909 2888 2996
6 1055 1075 1161 2889 2909 2995
6 1103 1127 1141 2937 2961 2975
6 1054 1074 1163 2888 2908 2997
6 1110 1140 1146 2944 2974 2980
6 1103 1146 1158 2937 2980 2992
6 1121 1105 1157 2955 2939 2991
6 1126 1071 1159 2960 2905 2993
8 1085 1129 1113 1145 2919 2963 2947 2979
8 1076 1134 1122 1077 2910 2968 2956 2911
8 920 947 1131 1088 2754 2781 2965 2922
8 1145 1132 1087 1086 2979 2966 2921 2920
8 1107 1156 1117 1150 2941 2990 2951 2984
8 1112 1139 1078 1133 2946 2973 2912 2967
8 1161 1075 1162 954 2995 2909 2996 2788
8 1073 951 952 1074 2907 2785 2786 2908
8 1151 1055 1161 955 2985 2889 2995 2789
8 1155 1109 1117 1156 2989 2943 2951 2990
8 1139 1112 1144 1079 2973 2946 2978 2913
8 1147 1053 1123 1124 2981 2887 2957 2958
8 1126 1149 1072 1071 2960 2983 2906 2905
8 1107 1145 1113 1156 2941 2979 2947 2990
8 1130 1136 1115 1102 2964 2970 2949 2936
8 1111 1158 1146 1140 2945 2992 2980 2974
8 1132 1063 1049 1087 2966 2897 2883 2921
8 1118 1123 1053 1070 2952 2957 2887 2904
8 1105 1147 1124 1160 2939 2981 2958 2994
8 1118 1143 1092 1091 2952 2977 2926 2925
8 1140 1104 1120 1111 2974 2938 2954 2945
8 1112 1152 1104 1119 2946 2986 2938 2953
8 1148 1109 1155 1115 2982 2943 2989 2949
8 1106 1141 1127 1130 2940 2975 2961 2964
8 1125 1141 1106 1129 2959 2975 2940 2963
8 1121 1159 1147 1105 2955 2993 2981 2939
8 1081 1080 1119 1138 2915 2914 2953 2972
8 965 1148 1115 964 2799 2982 2949 2798
8 1126 1159 1121 949 2960 2993 2955 2783
8 1162 1054 1163 953 2996 2888 2997 2787
8 966 1137 1148 965 2800 2971 2982 2799
8 1089 1160 1124 1090 2923 2994 2958 2924
8 1114 1125 1083 1082 2948 2959 2917 2916
8 1125 1129 1084 1083 2959 2963 2918 2917
8 1128 1158 1111 1142 2962 2992 2945 2976
8 1151 956 1134 1076 2985 2790 2968 2910
8 1119 1104 1140 1110 2953 2938 2974 2944
8 1137 966 921 1060 2971 2800 2755 2894
8 1091 1090 1123 1118 2925 2924 2957 2952
8 1062 1150 1117 1061 2896 2984 2951 2895
8 1116 962 963 1136 2950 2796 2797 2970
8 1103 1158 1116 1127 2937 2992 2950 2961
8 1103 1141 1114 1146 2937 2975 2948 2980
8 1122 1108 1133 1077 2956 2942 2967 2911
8 1130 1102 1113 1106 2964 2936 2947 2940
8 1135 1108 1122 958 2969 2942 2956 2792
8 1132 1107 1150 1063 2966 2941 2984 2897
8 1137 1154 1109 1148 2971 2988 2943 2982
8 1131 1157 1105 1160 2965 2991 2939 2994
8 1120 1104 1152 1108 2954 2938 2986 2942
8 1051 1092 1143 1069 2885 2926 2977 2903
8 1120 1135 959 960 2954 2969 2793 2794
8 1153 1143 1118 1070 2987 2977 2952 2904
8 1133 1108 1152 1112 2967 2942 2986 2946
8 1128 1142 961 962 2962 2976 2795 2796
8 1121 1157 948 949 2955 2991 2782 2783
8 1122 1134 957 958 2956 2968 2791 2792
8 1088 1131 1160 1089 2922 2965 2994 2923
8 950 1149 1126 949 2784 2983 2960 2783
8 1136 1130 1127 1116 2970 2964 2961 2950
8 1114 1138 1110 1146 2948 2972 2944 2980
8 1154 1137 1060 1061 2988 2971 2894 2895
8 1082 1081 1138 1114 2916 2915 2972 2948
8 1069 1143 1153 1052 2903 2977 2987 2886
8 1116 1158 1128 962 2950 2992 2962 2796
8 1155 1156 1102 1115 2989 2990 2936 2949
8 1073 1072 1149 951 2907 2906 2983 2785
8 1136 963 964 1115 2970 2797 2798 2949
8 1157 1131 947 948 2991 2965 2781 2782
8 1053 1147 1159 1071 2887 2981 2993 2905
8 1139 1079 1056 1078 2973 2913 2890 2912
8 1117 1109 1154 1061 2951 2943 2988 2895
8 960 961 1142 1120 2794 2795 2976 2954
8 952 953 1163 1074 2786 2787 2997 2908
8 1080 1079 1144 1119 2914 2913 2978 2953
6 1061 1164 1062 2895 2998 2896
6 936 1164 935 2770 2998 2769
6 1068 1164 1067 2902 2998 2901
6 1060 921 935 2894 2755 2769
6 1049 1063 1068 2883 2897 2902
6 922 1064 936 2756 2898 2770
6 1050 1067 1066 2884 2901 2900
8 1063 1062 1164 1068 2897 2896 2998 2902
8 1164 1061 1060 935 2998 2895 2894 2769
8 1164 1065 1066 1067 2998 2899 2900 2901
8 1064 1065 1164 936 2898 2899 2998 2770
6 1058 1166 1094 2892 3000 2928
8 1165 1169 1093 1167 2999 3003 2927 3001
8 1168 1069 1169 1165 3002 2903 3003 2999
8 1167 1094 1166 1165 3001 2928 3000 2999
8 1165 1095 1096 1168 2999 2929 2930 3002
8 1095 1165 1166 1058 2929 2999 3000 2892
8 1167 1093 1057 1094 3001 2927 2891 2928
8 1051 1069 1168 1096 2885 2903 3002 2930
8 1052 1093 1169 1069 2886 2927 3003 2903
6 1078 1056 1097 2912 2890 2931
6 1072 1170 1071 2906 3004 2905
6 1074 1174 1073 2908 3008 2907
6 1101 1170 1100 2935 3004 2934
6 1077 1171 1076 2911 3005 2910
6 1100 1173 1099 2934 3007 2933
6 1073 1173 1072 2907 3007 2906
6 1055 1175 1075 2889 3009 2909
6 1070 1170 1052 2904 3004 2886
6 1093 1101 1057 2927 2935 2891
8 1055 1076 1171 1175 2889 2910 3005 3009
8 1171 1077 1078 1097 3005 2911 2912 2931
8 1170 1070 1053 1071 3004 2904 2887 2905
8 1170 1072 1173 1100 3004 2906 3007 2934
8 1093 1052 1170 1101 2927 2886 3004 2935
8 1174 1074 1054 1172 3008 2908 2888 3006
8 1172 1054 1075 1175 3006 2888 2909 3009
8 1173 1073 1174 1099 3007 2907 3008 2933
8 1171 1097 1098 1175 3005 2931 2932 3009
8 1059 1099 1174 1172 2893 2933 3008 3006
8 1098 1059 1172 1175 2932 2893 3006 3009
6 1249 1264 1237 3083 3098 3071
6 1240 1271 1249 3074 3105 3083
6 1248 1267 1239 3082 3101 3073
6 1242 1285 1231 3076 3119 3065
6 1086 1274 1085 2920 3108 2919
6 1235 1258 1242 3069 3092 3076
6 1236 1274 1261 3070 3108 3095
6 1241 1273 1248 3075 3107 3082
6 1085 1258 1084 2919 3092 2918
6 1252 1253 1225 3086 3087 3059
6 1206 1278 1207 3040 3112 3041
6 1211 1280 1212 3045 3114 3046
6 1194 1282 1180 3028 3116 3014
6 1209 1291 1210 3043 3125 3044
6 1214 1264 1215 3048 3098 3049
6 1202 1262 1201 3036 3096 3035
6 1186 1279 1187 3020 3113 3021
6 1212 1263 1213 3046 3097 3047
6 1210 1290 1211 3044 3124 3045
6 1200 1280 1183 3034 3114 3017
6 1254 1270 1243 3088 3104 3077
6 1199 1291 1182 3033 3125 3016
6 1183 1290 1199 3017 3124 3033
6 1232 1270 1256 3066 3104 3090
6 1182 1292 1198 3016 3126 3032
6 1239 1275 1269 3073 3109 3103
6 1232 1287 1275 3066 3121 3109
6 1250 1286 1234 3084 3120 3068
6 1255 1288 1195 3089 3122 3029
8 1085 1274 1242 1258 2919 3108 3076 3092
8 1200 1201 1251 1263 3034 3035 3085 3097
8 1176 1223 1260 1203 3010 3057 3094 3037
8 1274 1086 1087 1261 3108 2920 2921 3095
8 1236 1279 1246 1285 3070 3113 3080 3119
8 1241 1262 1202 1268 3075 3096 3036 3102
8 1290 1210 1291 1199 3124 3044 3125 3033
8 1197 1198 1208 1207 3031 3032 3042 3041
8 1280 1211 1290 1183 3114 3045 3124 3017
8 1284 1285 1246 1238 3118 3119 3080 3072
8 1268 1079 1273 1241 3102 2913 3107 3075
8 1276 1253 1252 1181 3110 3087 3086 3015
8 1255 1195 1196 1278 3089 3029 3030 3112
8 1236 1285 1242 1274 3070 3119 3076 3108
8 1259 1231 1244 1265 3093 3065 3078 3099
8 1240 1269 1275 1287 3074 3103 3109 3121
8 1261 1087 1049 1187 3095 2921 2883 3021
8 1247 1194 1181 1252 3081 3028 3015 3086
8 1234 1289 1253 1276 3068 3123 3087 3110
8 1247 1226 1227 1272 3081 3060 3061 3106
8 1269 1240 1249 1233 3103 3074 3083 3067
8 1241 1248 1233 1281 3075 3082 3067 3115
8 1277 1244 1284 1238 3111 3078 3118 3072
8 1235 1259 1256 1270 3069 3093 3090 3104
8 1254 1258 1235 1270 3088 3092 3069 3104
8 1250 1234 1276 1288 3084 3068 3110 3122
8 1081 1267 1248 1080 2915 3101 3082 2914
8 1221 1220 1244 1277 3055 3054 3078 3111
8 1255 1205 1250 1288 3089 3039 3084 3122
8 1291 1209 1292 1182 3125 3043 3126 3016
8 1222 1221 1277 1266 3056 3055 3111 3100
8 1224 1225 1253 1289 3058 3059 3087 3123
8 1243 1082 1083 1254 3077 2916 2917 3088
8 1254 1083 1084 1258 3088 2917 2918 3092
8 1257 1271 1240 1287 3091 3105 3074 3121
8 1280 1200 1263 1212 3114 3034 3097 3046
8 1248 1239 1269 1233 3082 3073 3103 3067
8 1266 1184 1177 1222 3100 3018 3011 3056
8 1226 1247 1252 1225 3060 3081 3086 3059
8 1186 1185 1246 1279 3020 3019 3080 3113
8 1245 1265 1219 1218 3079 3099 3053 3052
8 1232 1256 1245 1287 3066 3090 3079 3121
8 1232 1275 1243 1270 3066 3109 3077 3104
8 1251 1201 1262 1237 3085 3035 3096 3071
8 1259 1235 1242 1231 3093 3069 3076 3065
8 1264 1214 1251 1237 3098 3048 3085 3071
8 1261 1187 1279 1236 3095 3021 3113 3070
8 1266 1277 1238 1283 3100 3111 3072 3117
8 1260 1289 1234 1286 3094 3123 3068 3120
8 1249 1237 1281 1233 3083 3071 3115 3067
8 1179 1193 1272 1227 3013 3027 3106 3061
8 1249 1216 1215 1264 3083 3050 3049 3098
8 1282 1194 1247 1272 3116 3028 3081 3106
8 1262 1241 1281 1237 3096 3075 3115 3071
8 1257 1218 1217 1271 3091 3052 3051 3105
8 1250 1205 1204 1286 3084 3039 3038 3120
8 1251 1214 1213 1263 3085 3048 3047 3097
8 1223 1224 1289 1260 3057 3058 3123 3094
8 1206 1205 1255 1278 3040 3039 3089 3112
8 1265 1245 1256 1259 3099 3079 3090 3093
8 1243 1275 1239 1267 3077 3109 3073 3101
8 1283 1185 1184 1266 3117 3019 3018 3100
8 1082 1243 1267 1081 2916 3077 3101 2915
8 1193 1180 1282 1272 3027 3014 3116 3106
8 1245 1218 1257 1287 3079 3052 3091 3121
8 1284 1244 1231 1285 3118 3078 3065 3119
8 1197 1207 1278 1196 3031 3041 3112 3030
8 1265 1244 1220 1219 3099 3078 3054 3053
8 1286 1204 1203 1260 3120 3038 3037 3094
8 1181 1195 1288 1276 3015 3029 3122 3110
8 1268 1202 1056 1079 3102 3036 2890 2913
8 1246 1185 1283 1238 3080 3019 3117 3072
8 1216 1249 1271 1217 3050 3083 3105 3051
8 1208 1198 1292 1209 3042 3032 3126 3043
8 1080 1248 1273 1079 2914 3082 3107 2913
6 1185 1186 1293 3019 3020 3127
6 1192 1191 1293 3026 3025 3127
6 1068 1067 1293 2902 2901 3127
6 1184 1191 1177 3018 3025 3011
6 1049 1068 1187 2883 2902 3021
6 1178 1192 1188 3012 3026 3022
6 1050 1190 1067 2884 3024 2901
8 1187 1068 1293 1186 3021 2902 3127 3020
8 1293 1191 1184 1185 3127 3025 3018 3019
8 1293 1067 1190 1189 3127 2901 3024 3023
8 1188 1192 1293 1189 3022 3026 3127 3023
6 1058 1094 1295 2892 2928 3129
8 1294 1296 1228 1298 3128 3130 3062 3132
8 1297 1294 1298 1193 3131 3128 3132 3027
8 1296 1294 1295 1094 3130 3128 3129 2928
8 1294 1297 1230 1229 3128 3131 3064 3063
8 1229 1058 1295 1294 3063 2892 3129 3128
8 1296 1094 1057 1228 3130 2928 2891 3062
8 1179 1230 1297 1193 3013 3064 3131 3027
8 1180 1193 1298 1228 3014 3027 3132 3062
6 1202 1097 1056 3036 2931 2890
6 1196 1195 1299 3030 3029 3133
6 1198 1197 1303 3032 3031 3137
6 1101 1100 1299 2935 2934 3133
6 1201 1200 1300 3035 3034 3134
6 1100 1099 1302 2934 2933 3136
6 1197 1196 1302 3031 3030 3136
6 1183 1199 1304 3017 3033 3138
6 1194 1180 1299 3028 3014 3133
6 1228 1057 1101 3062 2891 2935
8 1183 1304 1300 1200 3017 3138 3134 3034
8 1300 1097 1202 1201 3134 2931 3036 3035
8 1299 1195 1181 1194 3133 3029 3015 3028
8 1299 1100 1302 1196 3133 2934 3136 3030
8 1228 1101 1299 1180 3062 2935 3133 3014
8 1303 1301 1182 1198 3137 3135 3016 3032
8 1301 1304 1199 1182 3135 3138 3033 3016
8 1302 1099 1303 1197 3136 2933 3137 3031
8 1300 1304 1098 1097 3134 3138 2932 2931
8 1059 1301 1303 1099 2893 3135 3137 2933
8 1098 1304 1301 1059 2932 3138 3135 2893
6 1376 1364 1391 3210 3198 3225
6 1367 1376 1398 3201 3210 3232
6 1375 1366 1394 3209 3200 3228
6 1369 1358 1412 3203 3192 3246
6 1342 1341 1401 3176 3175 3235
6 1362 1369 1385 3196 3203 3219
6 1363 1388 1401 3197 3222 3235
6 1368 1375 1400 3202 3209 3234
6 1341 1340 1385 3175 3174 3219
6 1379 1346 1380 3213 3180 3214
6 1206 1207 1405 3040 3041 3239
6 1211 1212 1407 3045 3046 3241
6 1326 1308 1409 3160 3142 3243
6 1209 1210 1418 3043 3044 3252
6 1214 1215 1391 3048 3049 3225
6 1334 1333 1389 3168 3167 3223
6 1318 1319 1406 3152 3153 3240
6 1212 1213 1390 3046 3047 3224
6 1210 1211 1417 3044 3045 3251
6 1332 1311 1407 3166 3145 3241
6 1381 1370 1397 3215 3204 3231
6 1331 1310 1418 3165 3144 3252
6 1311 1331 1417 3145 3165 3251
6 1359 1383 1397 3193 3217 3231
6 1310 1330 1419 3144 3164 3253
6 1366 1396 1402 3200 3230 3236
6 1359 1402 1414 3193 3236 3248
6 1377 1361 1413 3211 3195 3247
6 1382 1327 1415 3216 3161 3249
8 1341 1385 1369 1401 3175 3219 3203 3235
8 1332 1390 1378 1333 3166 3224 3212 3167
8 1176 1203 1387 1344 3010 3037 3221 3178
8 1401 1388 1343 1342 3235 3222 3177 3176
8 1363 1412 1373 1406 3197 3246 3207 3240
8 1368 1395 1334 1389 3202 3229 3168 3223
8 1417 1331 1418 1210 3251 3165 3252 3044
8 1329 1207 1208 1330 3163 3041 3042 3164
8 1407 1311 1417 1211 3241 3145 3251 3045
8 1411 1365 1373 1412 3245 3199 3207 3246
8 1395 1368 1400 1335 3229 3202 3234 3169
8 1403 1309 1379 1380 3237 3143 3213 3214
8 1382 1405 1328 1327 3216 3239 3162 3161
8 1363 1401 1369 1412 3197 3235 3203 3246
8 1386 1392 1371 1358 3220 3226 3205 3192
8 1367 1414 1402 1396 3201 3248 3236 3230
8 1388 1319 1305 1343 3222 3153 3139 3177
8 1374 1379 1309 1326 3208 3213 3143 3160
8 1361 1403 1380 1416 3195 3237 3214 3250
8 1374 1399 1348 1347 3208 3233 3182 3181
8 1396 1360 1376 1367 3230 3194 3210 3201
8 1368 1408 1360 1375 3202 3242 3194 3209
8 1404 1365 1411 1371 3238 3199 3245 3205
8 1362 1397 1383 1386 3196 3231 3217 3220
8 1381 1397 1362 1385 3215 3231 3196 3219
8 1377 1415 1403 1361 3211 3249 3237 3195
8 1337 1336 1375 1394 3171 3170 3209 3228
8 1221 1404 1371 1220 3055 3238 3205 3054
8 1382 1415 1377 1205 3216 3249 3211 3039
8 1418 1310 1419 1209 3252 3144 3253 3043
8 1222 1393 1404 1221 3056 3227 3238 3055
8 1345 1416 1380 1346 3179 3250 3214 3180
8 1370 1381 1339 1338 3204 3215 3173 3172
8 1381 1385 1340 1339 3215 3219 3174 3173
8 1384 1414 1367 1398 3218 3248 3201 3232
8 1407 1212 1390 1332 3241 3046 3224 3166
8 1375 1360 1396 1366 3209 3194 3230 3200
8 1393 1222 1177 1316 3227 3056 3011 3150
8 1347 1346 1379 1374 3181 3180 3213 3208
8 1318 1406 1373 1317 3152 3240 3207 3151
8 1372 1218 1219 1392 3206 3052 3053 3226
8 1359 1414 1372 1383 3193 3248 3206 3217
8 1359 1397 1370 1402 3193 3231 3204 3236
8 1378 1364 1389 1333 3212 3198 3223 3167
8 1386 1358 1369 1362 3220 3192 3203 3196
8 1391 1364 1378 1214 3225 3198 3212 3048
8 1388 1363 1406 1319 3222 3197 3240 3153
8 1393 1410 1365 1404 3227 3244 3199 3238
8 1387 1413 1361 1416 3221 3247 3195 3250
8 1376 1360 1408 1364 3210 3194 3242 3198
8 1307 1348 1399 1325 3141 3182 3233 3159
8 1376 1391 1215 1216 3210 3225 3049 3050
8 1409 1399 1374 1326 3243 3233 3208 3160
8 1389 1364 1408 1368 3223 3198 3242 3202
8 1384 1398 1217 1218 3218 3232 3051 3052
8 1377 1413 1204 1205 3211 3247 3038 3039
8 1378 1390 1213 1214 3212 3224 3047 3048
8 1344 1387 1416 1345 3178 3221 3250 3179
8 1206 1405 1382 1205 3040 3239 3216 3039
8 1392 1386 1383 1372 3226 3220 3217 3206
8 1370 1394 1366 1402 3204 3228 3200 3236
8 1410 1393 1316 1317 3244 3227 3150 3151
8 1338 1337 1394 1370 3172 3171 3228 3204
8 1325 1399 1409 1308 3159 3233 3243 3142
8 1372 1414 1384 1218 3206 3248 3218 3052
8 1411 1412 1358 1371 3245 3246 3192 3205
8 1329 1328 1405 1207 3163 3162 3239 3041
8 1392 1219 1220 1371 3226 3053 3054 3205
8 1413 1387 1203 1204 3247 3221 3037 3038
8 1309 1403 1415 1327 3143 3237 3249 3161
8 1395 1335 1312 1334 3229 3169 3146 3168
8 1373 1365 1410 1317 3207 3199 3244 3151
8 1216 1217 1398 1376 3050 3051 3232 3210
8 1208 1209 1419 1330 3042 3043 3253 3164
8 1336 1335 1400 1375 3170 3169 3234 3209
6 1317 1420 1318 3151 3254 3152
6 1192 1420 1191 3026 3254 3025
6 1324 1420 1323 3158 3254 3157
6 1316 1177 1191 3150 3011 3025
6 1305 1319 1324 3139 3153 3158
6 1178 1320 1192 3012 3154 3026
6 1306 1323 1322 3140 3157 3156
8 1319 1318 1420 1324 3153 3152 3254 3158
8 1420 1317 1316 1191 3254 3151 3150 3025
8 1420 1321 1322 1323 3254 3155 3156 3157
8 1320 1321 1420 1192 3154 3155 3254 3026
6 1314 1422 1350 3148 3256 3184
8 1421 1425 1349 1423 3255 3259 3183 3257
8 1424 1325 1425 1421 3258 3159 3259 3255
8 1423 1350 1422 1421 3257 3184 3256 3255
8 1421 1351 1352 1424 3255 3185 3186 3258
8 1351 1421 1422 1314 3185 3255 3256 3148
8 1423 1349 1313 1350 3257 3183 3147 3184
8 1307 1325 1424 1352 3141 3159 3258 3186
8 1308 1349 1425 1325 3142 3183 3259 3159
6 1334 1312 1353 3168 3146 3187
6 1328 1426 1327 3162 3260 3161
6 1330 1430 1329 3164 3264 3163
6 1357 1426 1356 3191 3260 3190
6 1333 1427 1332 3167 3261 3166
6 1356 1429 1355 3190 3263 3189
6 1329 1429 1328 3163 3263 3162
6 1311 1431 1331 3145 3265 3165
6 1326 1426 1308 3160 3260 3142
6 1349 1357 1313 3183 3191 3147
8 1311 1332 1427 1431 3145 3166 3261 3265
8 1427 1333 1334 1353 3261 3167 3168 3187
8 1426 1326 1309 1327 3260 3160 3143 3161
8 1426 1328 1429 1356 3260 3162 3263 3190
8 1349 1308 1426 1357 3183 3142 3260 3191
8 1430 1330 1310 1428 3264 3164 3144 3262
8 1428 1310 1331 1431 3262 3144 3165 3265
8 1429 1329 1430 1355 3263 3163 3264 3189
8 1427 1353 1354 1431 3261 3187 3188 3265
8 1315 1355 1430 1428 3149 3189 3264 3262
8 1354 1315 1428 1431 3188 3149 3262 3265
6 1505 1520 1493 3339 3354 3327
6 1496 1527 1505 3330 3361 3339
6 1504 1523 1495 3338 3357 3329
6 1498 1541 1487 3332 3375 3321
6 1342 1530 1341 3176 3364 3175
6 1491 1514 1498 3325 3348 3332
6 1492 1530 1517 3326 3364 3351
6 1497 1529 1504 3331 3363 3338
6 1341 1514 1340 3175 3348 3174
6 1508 1509 1481 3342 3343 3315
6 1462 1534 1463 3296 3368 3297
6 1467 1536 1468 3301 3370 3302
6 1450 1538 1436 3284 3372 3270
6 1465 1547 1466 3299 3381 3300
6 1470 1520 1471 3304 3354 3305
6 1458 1518 1457 3292 3352 3291
6 1442 1535 1443 3276 3369 3277
6 1468 1519 1469 3302 3353 3303
6 1466 1546 1467 3300 3380 3301
6 1456 1536 1439 3290 3370 3273
6 1510 1526 1499 3344 3360 3333
6 1455 1547 1438 3289 3381 3272
6 1439 1546 1455 3273 3380 3289
6 1488 1526 1512 3322 3360 3346
6 1438 1548 1454 3272 3382 3288
6 1495 1531 1525 3329 3365 3359
6 1488 1543 1531 3322 3377 3365
6 1506 1542 1490 3340 3376 3324
6 1511 1544 1451 3345 3378 3285
8 1341 1530 1498 1514 3175 3364 3332 3348
8 1456 1457 1507 1519 3290 3291 3341 3353
8 1432 1479 1516 1459 3266 3313 3350 3293
8 1530 1342 1343 1517 3364 3176 3177 3351
8 1492 1535 1502 1541 3326 3369 3336 3375
8 1497 1518 1458 1524 3331 3352 3292 3358
8 1546 1466 1547 1455 3380 3300 3381 3289
8 1453 1454 1464 1463 3287 3288 3298 3297
8 1536 1467 1546 1439 3370 3301 3380 3273
8 1540 1541 1502 1494 3374 3375 3336 3328
8 1524 1335 1529 1497 3358 3169 3363 3331
8 1532 1509 1508 1437 3366 3343 3342 3271
8 1511 1451 1452 1534 3345 3285 3286 3368
8 1492 1541 1498 1530 3326 3375 3332 3364
8 1515 1487 1500 1521 3349 3321 3334 3355
8 1496 1525 1531 1543 3330 3359 3365 3377
8 1517 1343 1305 1443 3351 3177 3139 3277
8 1503 1450 1437 1508 3337 3284 3271 3342
8 1490 1545 1509 1532 3324 3379 3343 3366
8 1503 1482 1483 1528 3337 3316 3317 3362
8 1525 1496 1505 1489 3359 3330 3339 3323
8 1497 1504 1489 1537 3331 3338 3323 3371
8 1533 1500 1540 1494 3367 3334 3374 3328
8 1491 1515 1512 1526 3325 3349 3346 3360
8 1510 1514 1491 1526 3344 3348 3325 3360
8 1506 1490 1532 1544 3340 3324 3366 3378
8 1337 1523 1504 1336 3171 3357 3338 3170
8 1477 1476 1500 1533 3311 3310 3334 3367
8 1511 1461 1506 1544 3345 3295 3340 3378
8 1547 1465 1548 1438 3381 3299 3382 3272
8 1478 1477 1533 1522 3312 3311 3367 3356
8 1480 1481 1509 1545 3314 3315 3343 3379
8 1499 1338 1339 1510 3333 3172 3173 3344
8 1510 1339 1340 1514 3344 3173 3174 3348
8 1513 1527 1496 1543 3347 3361 3330 3377
8 1536 1456 1519 1468 3370 3290 3353 3302
8 1504 1495 1525 1489 3338 3329 3359 3323
8 1522 1440 1433 1478 3356 3274 3267 3312
8 1482 1503 1508 1481 3316 3337 3342 3315
8 1442 1441 1502 1535 3276 3275 3336 3369
8 1501 1521 1475 1474 3335 3355 3309 3308
8 1488 1512 1501 1543 3322 3346 3335 3377
8 1488 1531 1499 1526 3322 3365 3333 3360
8 1507 1457 1518 1493 3341 3291 3352 3327
8 1515 1491 1498 1487 3349 3325 3332 3321
8 1520 1470 1507 1493 3354 3304 3341 3327
8 1517 1443 1535 1492 3351 3277 3369 3326
8 1522 1533 1494 1539 3356 3367 3328 3373
8 1516 1545 1490 1542 3350 3379 3324 3376
8 1505 1493 1537 1489 3339 3327 3371 3323
8 1435 1449 1528 1483 3269 3283 3362 3317
8 1505 1472 1471 1520 3339 3306 3305 3354
8 1538 1450 1503 1528 3372 3284 3337 3362
8 1518 1497 1537 1493 3352 3331 3371 3327
8 1513 1474 1473 1527 3347 3308 3307 3361
8 1506 1461 1460 1542 3340 3295 3294 3376
8 1507 1470 1469 1519 3341 3304 3303 3353
8 1479 1480 1545 1516 3313 3314 3379 3350
8 1462 1461 1511 1534 3296 3295 3345 3368
8 1521 1501 1512 1515 3355 3335 3346 3349
8 1499 1531 1495 1523 3333 3365 3329 3357
8 1539 1441 1440 1522 3373 3275 3274 3356
8 1338 1499 1523 1337 3172 3333 3357 3171
8 1449 1436 1538 1528 3283 3270 3372 3362
8 1501 1474 1513 1543 3335 3308 3347 3377
8 1540 1500 1487 1541 3374 3334 3321 3375
8 1453 1463 1534 1452 3287 3297 3368 3286
8 1521 1500 1476 1475 3355 3334 3310 3309
8 1542 1460 1459 1516 3376 3294 3293 3350
8 1437 1451 1544 1532 3271 3285 3378 3366
8 1524 1458 1312 1335 3358 3292 3146 3169
8 1502 1441 1539 1494 3336 3275 3373 3328
8 1472 1505 1527 1473 3306 3339 3361 3307
8 1464 1454 1548 1465 3298 3288 3382 3299
8 1336 1504 1529 1335 3170 3338 3363 3169
6 1441 1442 1549 3275 3276 3383
6 1448 1447 1549 3282 3281 3383
6 1324 1323 1549 3158 3157 3383
6 1440 1447 1433 3274 3281 3267
6 1305 1324 1443 3139 3158 3277
6 1434 1448 1444 3268 3282 3278
6 1306 1446 1323 3140 3280 3157
8 1443 1324 1549 1442 3277 3158 3383 3276
8 1549 1447 1440 1441 3383 3281 3274 3275
8 1549 1323 1446 1445 3383 3157 3280 3279
8 1444 1448 1549 1445 3278 3282 3383 3279
6 1314 1350 1551 3148 3184 3385
8 1550 1552 1484 1554 3384 3386 3318 3388
8 1553 1550 1554 1449 3387 3384 3388 3283
8 1552 1550 1551 1350 3386 3384 3385 3184
8 1550 1553 1486 1485 3384 3387 3320 3319
8 1485 1314 1551 1550 3319 3148 3385 3384
8 1552 1350 1313 1484 3386 3184 3147 3318
8 1435 1486 1553 1449 3269 3320 3387 3283
8 1436 1449 1554 1484 3270 3283 3388 3318
6 1458 1353 1312 3292 3187 3146
6 1452 1451 1555 3286 3285 3389
6 1454 1453 1559 3288 3287 3393
6 1357 1356 1555 3191 3190 3389
6 1457 1456 1556 3291 3290 3390
6 1356 1355 1558 3190 3189 3392
6 1453 1452 1558 3287 3286 3392
6 1439 1455 1560 3273 3289 3394
6 1450 1436 1555 3284 3270 3389
6 1484 1313 1357 3318 3147 3191
8 1439 1560 1556 1456 3273 3394 3390 3290
8 1556 1353 1458 1457 3390 3187 3292 3291
8 1555 1451 1437 1450 3389 3285 3271 3284
8 1555 1356 1558 1452 3389 3190 3392 3286
8 1484 1357 1555 1436 3318 3191 3389 3270
8 1559 1557 1438 1454 3393 3391 3272 3288
8 1557 1560 1455 1438 3391 3394 3289 3272
8 1558 1355 1559 1453 3392 3189 3393 3287
8 1556 1560 1354 1353 3390 3394 3188 3187
8 1315 1557 1559 1355 3149 3391 3393 3189
8 1354 1560 1557 1315 3188 3394 3391 3149
8 1658 1653 1654 1657 3492 3487 3488 3491
8 1561 1563 1656 1655 3395 3397 3490 3489
8 1736 1575 1576 1735 3570 3409 3410 3569
8 1661 1650 1651 1660 3495 3484 3485 3494
8 1743 1568 1569 1742 3577 3402 3403 3576
8 1741 1570 1571 1740 3575 3404 3405 3574
8 1564 1562 1567 1744 3398 3396 3401 3578
8 1742 1569 1570 1741 3576 3403 3404 3575
8 1657 1654 1655 1656 3491 3488 3489 3490
8 1737 1574 1575 1736 3571 3408 3409 3570
8 1738 1573 1574 1737 3572 3407 3408 3571
8 1666 1645 1646 1665 3500 3479 3480 3499
8 1659 1652 1653 1658 3493 3486 3487 3492
8 1660 1651 1652 1659 3494 3485 3486 3493
8 1663 1648 1649 1662 3497 3482 3483 3496
8 1665 1646 1647 1664 3499 3480 3481 3498
8 1664 1647 1648 1663 3498 3481 3482 3497
8 1669 1642 1643 1668 3503 3476 3477 3502
8 1712 1599 1600 1711 3546 3433 3434 3545
8 1672 1639 1640 1671 3506 3473 3474 3505
8 1728 1583 1584 1727 3562 3417 3418 3561
8 1721 1590 1591 1720 3555 3424 3425 3554
8 1667 1644 1645 1666 3501 3478 3479 3500
8 1662 1649 1650 1661 3496 3483 3484 3495
8 1739 1572 1573 1738 3573 3406 3407 3572
8 1740 1571 1572 1739 3574 3405 3406 3573
8 1744 1567 1568 1743 3578 3401 3402 3577
8 1732 1579 1580 1731 3566 3413 3414 3565
8 1726 1585 1586 1725 3560 3419 3420 3559
8 1734 1577 1578 1733 3568 3411 3412 3567
8 1722 1589 1590 1721 3556 3423 3424 3555
8 1725 1586 1587 1724 3559 3420 3421 3558
8 1730 1581 1582 1729 3564 3415 3416 3563
8 1735 1576 1577 1734 3569 3410 3411 3568
8 1720 1591 1592 1719 3554 3425 3426 3553
8 1731 1580 1581 1730 3565 3414 3415 3564
8 1717 1594 1595 1716 3551 3428 3429 3550
8 1727 1584 1585 1726 3561 3418 3419 3560
8 1668 1643 1644 1667 3502 3477 3478 3501
8 1733 1578 1579 1732 3567 3412 3413 3566
8 1716 1595 1596 1715 3550 3429 3430 3549
8 1673 1638 1639 1672 3507 3472 3473 3506
8 1729 1582 1583 1728 3563 3416 3417 3562
8 1681 1630 1631 1680 3515 3464 3465 3514
8 1675 1636 1637 1674 3509 3470 3471 3508
8 1689 1622 1623 1688 3523 3456 3457 3522
8 1670 1641 1642 1669 3504 3475 3476 3503
8 1677 1634 1635 1676 3511 3468 3469 3510
8 1671 1640 1641 1670 3505 3474 3475 3504
8 1676 1635 1636 1675 3510 3469 3470 3509
8 1709 1602 1603 1708 3543 3436 3437 3542
8 1715 1596 1597 1714 3549 3430 3431 3548
8 1706 1605 1606 1705 3540 3439 3440 3539
8 1700 1611 1612 1699 3534 3445 3446 3533
8 1718 1593 1594 1717 3552 3427 3428 3551
8 1674 1637 1638 1673 3508 3471 3472 3507
8 1705 1606 1607 1704 3539 3440 3441 3538
8 1678 1633 1634 1677 3512 3467 3468 3511
8 1684 1627 1628 1683 3518 3461 3462 3517
8 1688 1623 1624 1687 3522 3457 3458 3521
8 1710 1601 1602 1709 3544 3435 3436 3543
8 1724 1587 1588 1723 3558 3421 3422 3557
8 1680 1631 1632 1679 3514 3465 3466 3513
8 1683 1628 1629 1682 3517 3462 3463 3516
8 1692 1619 1620 1691 3526 3453 3454 3525
8 1695 1616 1617 1694 3529 3450 3451 3528
8 1696 1615 1616 1695 3530 3449 3450 3529
8 1719 1592 1593 1718 3553 3426 3427 3552
8 1687 1624 1625 1686 3521 3458 3459 3520
8 1691 1620 1621 1690 3525 3454 3455 3524
8 1714 1597 1598 1713 3548 3431 3432 3547
8 1713 1598 1599 1712 3547 3432 3433 3546
8 1708 1603 1604 1707 3542 3437 3438 3541
8 1723 1588 1589 1722 3557 3422 3423 3556
8 1679 1632 1633 1678 3513 3466 3467 3512
8 1711 1600 1601 1710 3545 3434 3435 3544
8 1698 1613 1614 1697 3532 3447 3448 3531
8 1702 1609 1610 1701 3536 3443 3444 3535
8 1682 1629 1630 1681 3516 3463 3464 3515
8 1694 1617 1618 1693 3528 3451 3452 3527
8 1704 1607 1608 1703 3538 3441 3442 3537
8 1686 1625 1626 1685 3520 3459 3460 3519
8 1703 1608 1609 1702 3537 3442 3443 3536
8 1699 1612 1613 1698 3533 3446 3447 3532
8 1690 1621 1622 1689 3524 3455 3456 3523
8 1685 1626 1627 1684 3519 3460 3461 3518
8 1693 1618 1619 1692 3527 3452 3453 3526
8 1701 1610 1611 1700 3535 3444 3445 3534
8 1697 1614 1615 1696 3531 3448 3449 3530
8 1707 1604 1605 1706 3541 3438 3439 3540
8 1768 1769 1680 1679 3602 3603 3514 3513
8 1734 1823 1824 1735 3568 3657 3658 3569
8 1754 1755 1666 1665 3588 3589 3500 3499
8 1757 1758 1669 1668 3591 3592 3503 3502
8 1663 1752 1753 1664 3497 3586 3587 3498
8 1759 1760 1671 1670 3593 3594 3505 3504
8 1660 1749 1750 1661 3494 3583 3584 3495
8 1656 1745 1746 1657 3490 3579 3580 3491
8 1684 1773 1774 1685 3518 3607 3608 3519
8 1748 1749 1660 1659 3582 3583 3494 3493
8 1830 1831 1742 1741 3664 3665 3576 3575
8 1827 1828 1739 1738 3661 3662 3573 3572
8 1565 1745 1656 1563 3399 3579 3490 3397
8 1731 1820 1821 1732 3565 3654 3655 3566
8 1564 1744 1833 1566 3398 3578 3667 3400
8 1730 1819 1820 1731 3564 3653 3654 3565
8 1723 1812 1813 1724 3557 3646 3647 3558
8 1661 1750 1751 1662 3495 3584 3585 3496
8 1739 1828 1829 1740 3573 3662 3663 3574
8 1662 1751 1752 1663 3496 3585 3586 3497
8 1826 1827 1738 1737 3660 3661 3572 3571
8 1831 1832 1743 1742 3665 3666 3577 3576
8 1772 1773 1684 1683 3606 3607 3518 3517
8 1770 1771 1682 1681 3604 3605 3516 3515
8 1685 1774 1775 1686 3519 3608 3609 3520
8 1743 1832 1833 1744 3577 3666 3667 3578
8 1756 1757 1668 1667 3590 3591 3502 3501
8 1753 1754 1665 1664 3587 3588 3499 3498
8 1657 1746 1747 1658 3491 3580 3581 3492
8 1771 1772 1683 1682 3605 3606 3517 3516
8 1762 1763 1674 1673 3596 3597 3508 3507
8 1689 1778 1779 1690 3523 3612 3613 3524
8 1686 1775 1776 1687 3520 3609 3610 3521
8 1769 1770 1681 1680 3603 3604 3515 3514
8 1763 1764 1675 1674 3597 3598 3509 3508
8 1765 1766 1677 1676 3599 3600 3511 3510
8 1688 1777 1778 1689 3522 3611 3612 3523
8 1691 1780 1781 1692 3525 3614 3615 3526
8 1755 1756 1667 1666 3589 3590 3501 3500
8 1747 1748 1659 1658 3581 3582 3493 3492
8 1761 1762 1673 1672 3595 3596 3507 3506
8 1767 1768 1679 1678 3601 3602 3513 3512
8 1758 1759 1670 1669 3592 3593 3504 3503
8 1687 1776 1777 1688 3521 3610 3611 3522
8 1764 1765 1676 1675 3598 3599 3510 3509
8 1766 1767 1678 1677 3600 3601 3512 3511
8 1760 1761 1672 1671 3594 3595 3506 3505
8 1710 1799 1800 1711 3544 3633 3634 3545
8 1706 1795 1796 1707 3540 3629 3630 3541
8 1718 1807 1808 1719 3552 3641 3642 3553
8 1722 1811 1812 1723 3556 3645 3646 3557
8 1692 1781 1782 1693 3526 3615 3616 3527
8 1693 1782 1783 1694 3527 3616 3617 3528
8 1726 1815 1816 1727 3560 3649 3650 3561
8 1690 1779 1780 1691 3524 3613 3614 3525
8 1728 1817 1818 1729 3562 3651 3652 3563
8 1698 1787 1788 1699 3532 3621 3622 3533
8 1709 1798 1799 1710 3543 3632 3633 3544
8 1712 1801 1802 1713 3546 3635 3636 3547
8 1736 1825 1826 1737 3570 3659 3660 3571
8 1695 1784 1785 1696 3529 3618 3619 3530
8 1696 1785 1786 1697 3530 3619 3620 3531
8 1719 1808 1809 1720 3553 3642 3643 3554
8 1720 1809 1810 1721 3554 3643 3644 3555
8 1716 1805 1806 1717 3550 3639 3640 3551
8 1735 1824 1825 1736 3569 3658 3659 3570
8 1732 1821 1822 1733 3566 3655 3656 3567
8 1740 1829 1830 1741 3574 3663 3664 3575
8 1724 1813 1814 1725 3558 3647 3648 3559
8 1733 1822 1823 1734 3567 3656 3657 3568
8 1721 1810 1811 1722 3555 3644 3645 3556
8 1717 1806 1807 1718 3551 3640 3641 3552
8 1727 1816 1817 1728 3561 3650 3651 3562
8 1729 1818 1819 1730 3563 3652 3653 3564
8 1714 1803 1804 1715 3548 3637 3638 3549
8 1725 1814 1815 1726 3559 3648 3649 3560
8 1713 1802 1803 1714 3547 3636 3637 3548
8 1705 1794 1795 1706 3539 3628 3629 3540
8 1694 1783 1784 1695 3528 3617 3618 3529
8 1702 1791 1792 1703 3536 3625 3626 3537
8 1704 1793 1794 1705 3538 3627 3628 3539
8 1703 1792 1793 1704 3537 3626 3627 3538
8 1697 1786 1787 1698 3531 3620 3621 3532
8 1699 1788 1789 1700 3533 3622 3623 3534
8 1700 1789 1790 1701 3534 3623 3624 3535
8 1715 1804 1805 1716 3549 3638 3639 3550
8 1707 1796 1797 1708 3541 3630 3631 3542
8 1708 1797 1798 1709 3542 3631 3632 3543
8 1701 1790 1791 1702 3535 3624 3625 3536
8 1711 1800 1801 1712 3545 3634 3635 3546
6 1760 1759 320 3594 3593 2154
6 1747 1746 66 3581 3580 1900
6 1748 1747 67 3582 3581 1901
6 1749 1748 68 3583 3582 1902
6 1750 1749 5 3584 3583 1839
6 1751 1750 71 3585 3584 1905
6 1752 1751 12 3586 3585 1846
6 1753 1752 205 3587 3586 2039
6 1754 1753 155 3588 3587 1989
6 1755 1754 203 3589 3588 2037
6 1756 1755 202 3590 3589 2036
6 1757 1756 201 3591 3590 2035
6 1758 1757 200 3592 3591 2034
6 1759 1758 199 3593 3592 2033
6 1761 1760 321 3595 3594 2155
6 1762 1761 322 3596 3595 2156
6 1763 1762 323 3597 3596 2157
6 1764 1763 324 3598 3597 2158
6 1765 1764 283 3599 3598 2117
6 1766 1765 327 3600 3599 2161
6 1767 1766 290 3601 3600 2124
6 1768 1767 461 3602 3601 2295
6 1769 1768 411 3603 3602 2245
6 1770 1769 459 3604 3603 2293
6 1771 1770 458 3605 3604 2292
6 1772 1771 457 3606 3605 2291
6 1773 1772 456 3607 3606 2290
6 1774 1773 455 3608 3607 2289
6 1775 1774 576 3609 3608 2410
6 1776 1775 577 3610 3609 2411
6 1777 1776 578 3611 3610 2412
6 1778 1777 579 3612 3611 2413
6 1779 1778 580 3613 3612 2414
6 1780 1779 539 3614 3613 2373
6 1781 1780 583 3615 3614 2417
6 1782 1781 546 3616 3615 2380
6 1783 1782 717 3617 3616 2551
6 1784 1783 667 3618 3617 2501
6 1785 1784 715 3619 3618 2549
6 1786 1785 714 3620 3619 2548
6 1787 1786 713 3621 3620 2547
6 1788 1787 712 3622 3621 2546
6 1789 1788 711 3623 3622 2545
6 1790 1789 832 3624 3623 2666
6 1791 1790 833 3625 3624 2667
6 1792 1791 834 3626 3625 2668
6 1793 1792 835 3627 3626 2669
6 711 664 1789 2545 2498 3623
6 1795 1794 795 3629 3628 2629
6 1796 1795 839 3630 3629 2673
6 1797 1796 802 3631 3630 2636
6 1798 1797 973 3632 3631 2807
6 1799 1798 923 3633 3632 2757
6 1800 1799 971 3634 3633 2805
6 1801 1800 970 3635 3634 2804
6 1802 1801 969 3636 3635 2803
6 1803 1802 968 3637 3636 2802
6 1804 1803 967 3638 3637 2801
6 1805 1804 1088 3639 3638 2922
6 1806 1805 1089 3640 3639 2923
6 1807 1806 1090 3641 3640 2924
6 1808 1807 1091 3642 3641 2925
6 1809 1808 1092 3643 3642 2926
6 1810 1809 1051 3644 3643 2885
6 1811 1810 1095 3645 3644 2929
6 1812 1811 1058 3646 3645 2892
6 1813 1812 1229 3647 3646 3063
6 1814 1813 1179 3648 3647 3013
6 1815 1814 1227 3649 3648 3061
6 1816 1815 1226 3650 3649 3060
6 1817 1816 1225 3651 3650 3059
6 1818 1817 1224 3652 3651 3058
6 1819 1818 1223 3653 3652 3057
6 1820 1819 1344 3654 3653 3178
6 1821 1820 1345 3655 3654 3179
6 1822 1821 1346 3656 3655 3180
6 1823 1822 1347 3657 3656 3181
6 1824 1823 1348 3658 3657 3182
6 1825 1824 1307 3659 3658 3141
6 1826 1825 1351 3660 3659 3185
6 1827 1826 1314 3661 3660 3148
6 1828 1827 1485 3662 3661 3319
6 1829 1828 1435 3663 3662 3269
6 1830 1829 1483 3664 3663 3317
6 1831 1830 1482 3665 3664 3316
6 1832 1831 1481 3666 3665 3315
6 1833 1832 1480 3667 3666 3314
6 1566 1833 1479 3400 3667 3313
6 1566 1479 1432 3400 3313 3266
6 1746 1745 65 3580 3579 1899
6 1745 1565 64 3579 3399 1898
6 0 64 1565 1834 1898 3399
6 64 65 1745 1898 1899 3579
6 65 66 1746 1899 1900 3580
6 66 67 1747 1900 1901 3581
6 67 68 1748 1901 1902 3582
6 68 5 1749 1902 1839 3583
6 5 72 1750 1839 1906 3584
6 72 71 1750 1906 1905 3584
6 71 12 1751 1905 1846 3585
6 12 205 1752 1846 2039 3586
6 205 206 1753 2039 2040 3587
6 206 155 1753 2040 1989 3587
6 155 203 1754 1989 2037 3588
6 203 202 1755 2037 2036 3589
6 202 201 1756 2036 2035 3590
6 201 200 1757 2035 2034 3591
6 200 199 1758 2034 2033 3592
6 199 152 1759 2033 1986 3593
6 152 320 1759 1986 2154 3593
6 320 321 1760 2154 2155 3594
6 321 322 1761 2155 2156 3595
6 322 323 1762 2156 2157 3596
6 323 324 1763 2157 2158 3597
6 324 283 1764 2158 2117 3598
6 283 328 1765 2117 2162 3599
6 328 327 1765 2162 2161 3599
6 327 290 1766 2161 2124 3600
6 290 461 1767 2124 2295 3601
6 461 462 1768 2295 2296 3602
6 462 411 1768 2296 2245 3602
6 411 459 1769 2245 2293 3603
6 459 458 1770 2293 2292 3604
6 458 457 1771 2292 2291 3605
6 457 456 1772 2291 2290 3606
6 456 455 1773 2290 2289 3607
6 455 408 1774 2289 2242 3608
6 408 576 1774 2242 2410 3608
6 576 577 1775 2410 2411 3609
6 577 578 1776 2411 2412 3610
6 578 579 1777 2412 2413 3611
6 579 580 1778 2413 2414 3612
6 580 539 1779 2414 2373 3613
6 539 584 1780 2373 2418 3614
6 584 583 1780 2418 2417 3614
6 583 546 1781 2417 2380 3615
6 546 717 1782 2380 2551 3616
6 717 718 1783 2551 2552 3617
6 718 667 1783 2552 2501 3617
6 667 715 1784 2501 2549 3618
6 715 714 1785 2549 2548 3619
6 714 713 1786 2548 2547 3620
6 713 712 1787 2547 2546 3621
6 712 711 1788 2546 2545 3622
6 1794 1793 836 3628 3627 2670
6 664 832 1789 2498 2666 3623
6 832 833 1790 2666 2667 3624
6 833 834 1791 2667 2668 3625
6 834 835 1792 2668 2669 3626
6 835 836 1793 2669 2670 3627
6 836 795 1794 2670 2629 3628
6 795 840 1795 2629 2674 3629
6 840 839 1795 2674 2673 3629
6 839 802 1796 2673 2636 3630
6 802 973 1797 2636 2807 3631
6 973 974 1798 2807 2808 3632
6 974 923 1798 2808 2757 3632
6 923 971 1799 2757 2805 3633
6 971 970 1800 2805 2804 3634
6 970 969 1801 2804 2803 3635
6 969 968 1802 2803 2802 3636
6 968 967 1803 2802 2801 3637
6 967 920 1804 2801 2754 3638
6 920 1088 1804 2754 2922 3638
6 1088 1089 1805 2922 2923 3639
6 1089 1090 1806 2923 2924 3640
6 1090 1091 1807 2924 2925 3641
6 1091 1092 1808 2925 2926 3642
6 1092 1051 1809 2926 2885 3643
6 1051 1096 1810 2885 2930 3644
6 1096 1095 1810 2930 2929 3644
6 1095 1058 1811 2929 2892 3645
6 1058 1229 1812 2892 3063 3646
6 1229 1230 1813 3063 3064 3647
6 1230 1179 1813 3064 3013 3647
6 1179 1227 1814 3013 3061 3648
6 1227 1226 1815 3061 3060 3649
6 1226 1225 1816 3060 3059 3650
6 1225 1224 1817 3059 3058 3651
6 1224 1223 1818 3058 3057 3652
6 1223 1176 1819 3057 3010 3653
6 1176 1344 1819 3010 3178 3653
6 1344 1345 1820 3178 3179 3654
6 1345 1346 1821 3179 3180 3655
6 1346 1347 1822 3180 3181 3656
6 1347 1348 1823 3181 3182 3657
6 1348 1307 1824 3182 3141 3658
6 1307 1352 1825 3141 3186 3659
6 1352 1351 1825 3186 3185 3659
6 1351 1314 1826 3185 3148 3660
6 1314 1485 1827 3148 3319 3661
6 1485 1486 1828 3319 3320 3662
6 1486 1435 1828 3320 3269 3662
6 1435 1483 1829 3269 3317 3663
6 1483 1482 1830 3317 3316 3664
6 1482 1481 1831 3316 3315 3665
6 1481 1480 1832 3315 3314 3666
6 1480 1479 1833 3314 3313 3667
6 3837 3668 3683 5745 5576 5591
6 3808 3841 3809 5716 5749 5717
6 3918 4013 3972 5826 5921 5880
6 3699 4051 3963 5607 5959 5871
6 3760 4073 3759 5668 5981 5667
6 3975 4054 3708 5883 5962 5616
6 4067 4139 3892 5975 6047 5800
6 3897 4023 3986 5805 5931 5894
6 3962 4084 3963 5870 5992 5871
6 4035 4036 3924 5943 5944 5832
6 4009 4027 3934 5917 5935 5842
6 3698 4084 3697 5606 5992 5605
6 3988 4031 3912 5896 5939 5820
6 3982 4104 3880 5890 6012 5788
6 3989 4086 3890 5897 5994 5798
6 3878 4124 4001 5786 6032 5909
6 4010 4059 3903 5918 5967 5811
6 3882 4150 3986 5790 6058 5894
6 3891 4157 3987 5799 6065 5895
6 3987 4143 3940 5895 6051 5848
6 3887 4115 4009 5795 6023 5917
6 3993 4125 3926 5901 6033 5834
6 3916 4204 3948 5824 6112 5856
6 3896 4170 3991 5804 6078 5899
6 3944 4098 4034 5852 6006 5942
6 3999 4143 3884 5907 6051 5792
6 3923 4140 4044 5831 6048 5952
6 3933 4033 4020 5841 5941 5928
6 3723 4028 3722 5631 5936 5630
6 3892 4197 3935 5800 6105 5843
6 3707 4053 3706 5615 5961 5614
6 3953 4077 3898 5861 5985 5806
6 3951 4148 4006 5859 6056 5914
6 3701 4050 3700 5609 5958 5608
6 3710 4037 3709 5618 5945 5617
6 3716 4038 3715 5624 5946 5623
6 4017 4160 3923 5925 6068 5831
6 4010 4085 3965 5918 5993 5873
6 4057 4180 3928 5965 6088 5836
6 3997 4126 3893 5905 6034 5801
6 4011 4152 3992 5919 6060 5900
6 3963 4088 3905 5871 5996 5813
6 3862 4066 3861 5770 5974 5769
6 3755 4081 3958 5663 5989 5866
6 3854 4137 3855 5762 6045 5763
6 3901 4107 4019 5809 6015 5927
6 3871 4120 3870 5779 6028 5778
6 4024 4153 3906 5932 6061 5814
6 3959 4080 3903 5867 5988 5811
6 3872 4140 3871 5780 6048 5779
6 3847 4130 3848 5755 6038 5756
6 3782 4026 3781 5690 5934 5689
6 3927 4101 3974 5835 6009 5882
6 3930 4137 4022 5838 6045 5930
6 4039 4040 3945 5947 5948 5853
6 4031 4112 3928 5939 6020 5836
6 4020 4181 3996 5928 6089 5904
6 4110 4113 3907 6018 6021 5815
6 4025 4117 3950 5933 6025 5858
6 4038 4039 3948 5946 5947 5856
6 3960 4126 4017 5868 6034 5925
6 3991 4134 4062 5899 6042 5970
6 3825 4099 3966 5733 6007 5874
6 3929 4113 4030 5837 6021 5938
6 4085 4156 3890 5993 6064 5798
6 4034 4116 3905 5942 6024 5813
6 3870 4123 3869 5778 6031 5777
6 4098 4158 3883 6006 6066 5791
6 3691 4148 3690 5599 6056 5598
6 3945 4147 3895 5853 6055 5803
6 3880 4134 4061 5788 6042 5969
6 3733 4065 3734 5641 5973 5642
6 3874 4178 3873 5782 6086 5781
6 4041 4173 4093 5949 6081 6001
6 3687 4164 3686 5595 6072 5594
6 3688 4168 3687 5596 6076 5595
6 3796 4055 3676 5704 5963 5584
6 4106 4107 3980 6014 6015 5888
6 4064 4127 3899 5972 6035 5807
6 3754 4080 3753 5662 5988 5661
6 4062 4194 4000 5970 6102 5908
6 3886 4117 4077 5794 6025 5985
6 3814 4063 3677 5722 5971 5585
6 3817 4164 3818 5725 6072 5726
6 3837 4063 3838 5745 5971 5746
6 3816 4200 3817 5724 6108 5725
6 3678 4195 3820 5586 6103 5728
6 3914 4133 4056 5822 6041 5964
6 3938 4214 3858 5846 6122 5766
6 3971 4141 4110 5879 6049 6018
6 3736 4111 3737 5644 6019 5645
6 3735 4155 3985 5643 6063 5893
6 3984 4187 3738 5892 6095 5646
6 4016 4135 4005 5924 6043 5913
6 4079 4135 3924 5987 6043 5832
6 3830 4128 3995 5738 6036 5903
6 3921 4155 4065 5829 6063 5973
6 3826 4153 3827 5734 6061 5735
6 3765 4162 3764 5673 6070 5672
6 3776 4163 3775 5684 6071 5683
6 3757 4166 3756 5665 6074 5664
6 3834 4167 3835 5742 6075 5743
6 3831 4171 3832 5739 6079 5740
6 4068 4171 3915 5976 6079 5823
6 3729 4161 3730 5637 6069 5638
6 3823 4177 3824 5731 6085 5732
6 3979 4215 4138 5887 6123 6046
6 3676 4130 3797 5584 6038 5705
6 3797 4114 3798 5705 6022 5706
6 4095 4169 3865 6003 6077 5773
6 3946 4211 4157 5854 6119 6065
6 3675 4206 3795 5583 6114 5703
6 4055 4206 3941 5963 6114 5849
6 3812 4209 3813 5720 6117 5721
6 4128 4182 3935 6036 6090 5843
6 3931 4165 4100 5839 6073 6008
6 3953 4189 4145 5861 6097 6053
6 4118 4193 3949 6026 6101 5857
6 3952 4190 4069 5860 6098 5977
6 4090 4207 3844 5998 6115 5752
6 4102 4202 3845 6010 6110 5753
6 4109 4198 3846 6017 6106 5754
8 4114 3797 4130 3847 6022 5705 6038 5755
8 4025 3881 3997 4108 5933 5789 5905 6016
8 3883 4079 3924 4116 5791 5987 5832 6024
8 4120 3983 4151 3956 6028 5891 6059 5864
8 4172 4151 3896 3991 6080 6059 5804 5899
8 3972 4082 3923 4160 5880 5990 5831 6068
8 3954 3897 3952 4069 5862 5805 5860 5977
8 3960 4017 3923 4044 5868 5925 5831 5952
8 4005 4184 3693 4016 5913 6092 5601 5924
8 3915 4188 3947 4068 5823 6096 5855 5976
8 3928 4180 3986 4150 5836 6088 5894 6058
8 4004 4199 4149 4169 5912 6107 6057 6077
8 4134 3991 4170 3942 6042 5899 6078 5850
8 3922 4079 3883 4158 5830 5987 5791 6066
8 3982 4083 3895 4104 5890 5991 5803 6012
8 3892 4125 3915 4197 5800 6033 5823 6105
8 3678 3819 3688 3689 5586 5727 5596 5597
8 3901 4074 3980 4107 5809 5982 5888 6015
8 3922 4158 3966 4099 5830 6066 5874 6007
8 4157 3891 3932 3946 6065 5799 5840 5854
8 3840 3810 3809 3841 5748 5718 5717 5749
8 4057 3950 4117 3886 5965 5858 6025 5794
8 3887 4009 3980 4074 5795 5917 5888 5982
8 4031 3988 3877 4112 5939 5896 5785 6020
8 4097 4148 3951 4195 6005 6056 5859 6103
8 4113 4110 3885 4030 6021 6018 5793 5938
8 4131 3771 3772 4096 6039 5679 5680 6004
8 3901 4019 3936 3975 5809 5927 5844 5883
8 4168 3818 4164 3687 6076 5726 6072 5595
8 3921 4078 3985 4155 5829 5986 5893 6063
8 3887 4083 3982 4115 5795 5991 5890 6023
8 3961 3947 3888 3949 5869 5855 5796 5857
8 4141 4078 3885 4110 6049 5986 5793 6018
8 3808 3807 3842 3841 5716 5715 5750 5749
8 4046 3874 3875 3937 5954 5782 5783 5845
8 4076 3897 3986 4180 5984 5805 5894 6088
8 3890 4156 3927 4092 5798 6064 5835 6000
8 3959 3752 3753 4080 5867 5660 5661 5988
8 4020 3996 4103 3933 5928 5904 6011 5841
8 3991 4062 3917 4172 5899 5970 5825 6080
8 4012 3907 4075 3938 5920 5815 5983 5846
8 4063 3814 4105 3838 5971 5722 6013 5746
8 3977 4057 3928 4112 5885 5965 5836 6020
8 3683 3677 4063 3837 5591 5585 5971 5745
8 4077 3913 4076 3886 5985 5821 5984 5794
8 3992 4031 3928 4150 5900 5939 5836 6058
8 3959 3903 4059 3914 5867 5811 5967 5822
8 4003 3889 3908 4095 5911 5797 5816 6003
8 4034 3973 4124 3944 5942 5881 6032 5852
8 3942 4013 3976 4142 5850 5921 5884 6050
8 3989 3890 4092 4176 5897 5798 6000 6084
8 4047 4196 3990 4211 5955 6104 5898 6119
8 3978 4030 3885 4072 5886 5938 5793 5980
8 4117 4025 3898 4077 6025 5933 5806 5985
8 3982 3880 4061 4115 5890 5788 5969 6023
8 3980 4009 3934 4106 5888 5917 5842 6014
8 3899 4072 3921 3967 5807 5980 5829 5875
8 3907 4012 3971 4110 5815 5920 5879 6018
8 3727 3726 4100 4165 5635 5634 6008 6073
8 3889 3970 4000 4203 5797 5878 5908 6111
8 4098 4067 3906 4158 6006 5975 5814 6066
8 4078 3921 4072 3885 5986 5829 5980 5793
8 4067 3892 3935 3906 5975 5800 5843 5814
8 3955 4108 3925 4070 5863 6016 5833 5978
8 3983 4120 3871 4140 5891 6028 5779 6048
8 3957 4058 3910 4073 5865 5966 5818 5981
8 3879 4176 4058 4208 5787 6084 5966 6116
8 3857 3856 3931 4100 5765 5764 5839 6008
8 4135 4016 4035 3924 6043 5924 5943 5832
8 3754 3755 3958 4080 5662 5663 5866 5988
8 3685 3816 3815 3684 5593 5724 5723 5592
8 4066 3862 3984 3904 5974 5770 5892 5812
8 3888 3993 3979 4138 5796 5901 5887 6046
8 3997 3881 4017 4126 5905 5789 5925 6034
8 3924 4036 3962 4116 5832 5944 5870 6024
8 4027 3877 3988 3934 5935 5785 5896 5842
8 4029 4123 4172 3917 5937 6031 6080 5825
8 3907 4113 3964 4075 5815 6021 5872 5983
8 3943 3908 3889 4203 5851 5816 5797 6111
8 4002 4139 3878 4132 5910 6047 5786 6040
8 3946 4048 4047 4211 5854 5956 5955 6119
8 4035 3694 3695 4036 5943 5602 5603 5944
8 4024 3828 3827 4153 5932 5736 5735 6061
8 3970 3889 4003 4185 5878 5797 5911 6093
8 4060 3881 4025 3950 5968 5789 5933 5858
8 3826 3825 3966 4153 5734 5733 5874 6061
8 3912 4031 3992 4152 5820 5939 5900 6060
8 3997 3893 3925 4108 5905 5801 5833 6016
8 3894 3998 4015 4064 5802 5906 5923 5972
8 3953 3898 3955 4071 5861 5806 5863 5979
8 3913 4077 3953 4145 5821 5985 5861 6053
8 3850 3849 3914 4059 5758 5757 5822 5967
8 4059 4010 3851 3850 5967 5918 5759 5758
8 4008 3902 4079 3922 5916 5810 5987 5830
8 4112 3877 4091 3977 6020 5785 5999 5885
8 4092 3927 3974 3910 6000 5835 5882 5818
8 4064 4015 3879 4127 5972 5923 5787 6035
8 3882 4011 3992 4150 5790 5919 5900 6058
8 3831 3830 3995 4171 5739 5738 5903 6079
8 4068 3833 3832 4171 5976 5741 5740 6079
8 3902 4005 4135 4079 5810 5913 6043 5987
8 3691 4184 4006 4148 5599 6092 5914 6056
8 4034 4098 3883 4116 5942 6006 5791 6024
8 3994 3911 3954 4119 5902 5819 5862 6027
8 3972 4013 3896 4082 5880 5921 5804 5990
8 4041 4093 4043 3919 5949 6001 5951 5827
8 3950 4057 3977 4146 5858 5965 5885 6054
8 3892 4139 4002 4125 5800 6047 5910 6033
8 3983 4140 3923 4082 5891 6048 5831 5990
8 3821 3820 4018 4183 5729 5728 5926 6091
8 4061 4134 3942 4142 5969 6042 5850 6050
8 3963 4051 3932 4088 5871 5959 5840 5996
8 3925 3893 3969 4094 5833 5801 5877 6002
8 4133 3675 3794 4056 6041 5583 5702 5964
8 4001 3891 3987 3940 5909 5799 5895 5848
8 4073 3760 3761 4201 5981 5668 5669 6109
8 3855 4137 3998 4129 5763 6045 5906 6037
8 3698 3699 3963 4084 5606 5607 5871 5992
8 3954 3911 4023 3897 5862 5819 5931 5805
8 3945 4041 3919 4147 5853 5949 5827 6055
8 4021 3714 4032 4204 5929 5622 5940 6112
8 3962 3696 3697 4084 5870 5604 5605 5992
8 3962 3963 3905 4116 5870 5871 5813 6024
8 3948 4039 3945 3895 5856 5947 5853 5803
8 4123 3870 4120 3956 6031 5778 6028 5864
8 3984 3738 3737 4111 5892 5646 5645 6019
8 4029 3917 3970 4185 5937 5825 5878 6093
8 4000 3970 3917 4062 5908 5878 5825 5970
8 4086 3965 4085 3890 5994 5873 5993 5798
8 4099 3825 3824 4177 6007 5733 5732 6085
8 3823 3822 4008 4177 5731 5730 5916 6085
8 3909 3990 3936 4019 5817 5898 5844 5927
8 3933 4074 3901 3975 5841 5982 5809 5883
8 4010 3965 3852 3851 5918 5873 5760 5759
8 3939 4064 3899 3967 5847 5972 5807 5875
8 3782 3783 4144 4026 5690 5691 6052 5934
8 4145 3780 3781 4026 6053 5688 5689 5934
8 4194 3880 4104 3981 6102 5788 6012 5889
8 4164 3817 4200 3686 6072 5725 6108 5594
8 3920 4027 4009 4115 5828 5935 5917 6023
8 3736 3735 3985 4111 5644 5643 5893 6019
8 4083 3916 3948 3895 5991 5824 5856 5803
8 4215 4023 3911 4138 6123 5931 5819 6046
8 3882 3986 4023 4215 5790 5894 5931 6123
8 4085 4010 3903 4156 5993 5918 5811 6064
8 3879 4015 3989 4176 5787 5923 5897 6084
8 4076 3913 3952 3897 5984 5821 5860 5805
8 3949 3911 3994 4118 5857 5819 5902 6026
8 3976 4027 3920 4142 5884 5935 5828 6050
8 4072 3899 4127 3978 5980 5807 6035 5886
8 4203 3981 4147 3919 6111 5889 6055 5827
8 4093 3720 4174 4043 6001 5628 6082 5951
8 3767 3768 4075 3964 5675 5676 5983 5872
8 4014 3900 3957 4136 5922 5808 5865 6044
8 3766 3767 3964 4089 5674 5675 5872 5997
8 3969 3773 3774 4094 5877 5681 5682 6002
8 4128 3830 3829 4182 6036 5738 5737 6090
8 3711 3712 4020 4033 5619 5620 5928 5941
8 3758 3759 3974 4101 5666 5667 5882 6009
8 3976 4013 3918 4091 5884 5921 5826 5999
8 3701 3702 4049 4050 5609 5610 5957 5958
8 3975 3708 3709 4037 5883 5616 5617 5945
8 3765 3766 4089 4162 5673 5674 5997 6070
8 4014 3763 3764 4162 5922 5671 5672 6070
8 3853 3852 3965 4022 5761 5760 5873 5930
8 3854 3853 4022 4137 5762 5761 5930 6045
8 3987 4019 3884 4143 5895 5927 5792 6051
8 3999 4122 3940 4143 5907 6030 5848 6051
8 4060 3918 3972 4160 5968 5826 5880 6068
8 4094 3774 3775 4163 6002 5682 5683 6071
8 3776 3777 4070 4163 5684 5685 5978 6071
8 4081 3755 3756 4166 5989 5663 5664 6074
8 3757 3758 4101 4166 5665 5666 6009 6074
8 3900 4030 3978 4208 5808 5938 5886 6116
8 4056 3794 3674 4159 5964 5702 5582 6067
8 3872 3873 4044 4140 5780 5781 5952 6048
8 4122 3968 4121 3940 6030 5876 6029 5848
8 4201 3761 3762 4136 6109 5669 5670 6044
8 4062 4134 3880 4194 5970 6042 5788 6102
8 3988 3912 3999 4205 5896 5820 5907 6113
8 3732 3731 3967 4154 5640 5639 5875 6062
8 3778 3779 4071 4192 5686 5687 5979 6100
8 3710 3711 4033 4037 5618 5619 5941 5945
8 3784 3785 4069 4190 5692 5693 5977 6098
8 3973 4034 3905 4088 5881 5942 5813 5996
8 3684 3815 3677 3683 5592 5723 5585 5591
8 4087 3731 3730 4161 5995 5639 5638 6069
8 3729 3728 4045 4161 5637 5636 5953 6069
8 4052 3705 3706 4053 5960 5613 5614 5961
8 3999 3884 4106 4205 5907 5792 6014 6113
8 4104 3895 4147 3981 6012 5803 6055 5889
8 4032 3714 3715 4038 5940 5622 5623 5946
8 3789 3680 4193 4118 5697 5588 6101 6026
8 3974 3759 4073 3910 5882 5667 5981 5818
8 3703 3704 4047 4048 5611 5612 5955 5956
8 4141 3971 4066 3904 6049 5879 5974 5812
8 3877 4027 3976 4091 5785 5935 5884 5999
8 3929 4030 3900 4014 5837 5938 5808 5922
8 4128 3935 4197 3995 6036 5843 6105 5903
8 3968 4011 3926 4132 5876 5919 5834 6040
8 3941 3849 3848 4055 5849 5757 5756 5963
8 4051 3699 3700 4050 5959 5607 5608 5958
8 3964 4113 3929 4089 5872 6021 5837 5997
8 3916 4103 3996 4204 5824 6011 5904 6112
8 3707 3708 4054 4053 5615 5616 5962 5961
8 3979 3993 3926 4179 5887 5901 5834 6087
8 4124 3878 4139 3944 6032 5786 6047 5852
8 4155 3735 3734 4065 6063 5643 5642 5973
8 3733 3732 4154 4065 5641 5640 6062 5973
8 3971 3860 3861 4066 5879 5768 5769 5974
8 3716 3717 4039 4038 5624 5625 5947 5946
8 3973 3891 4001 4124 5881 5799 5909 6032
8 4042 3721 3722 4028 5950 5629 5630 5936
8 4022 3965 4086 3930 5930 5873 5994 5838
8 3713 3714 4021 4181 5621 5622 5929 6089
8 4081 3927 4156 3958 5989 5835 6064 5866
8 3943 4203 3919 4043 5851 6111 5827 5951
8 3860 3971 4012 3859 5768 5879 5920 5767
8 3787 3788 3994 4119 5695 5696 5902 6027
8 3786 3787 4119 4191 5694 5695 6027 6099
8 3669 3864 4149 3725 5577 5772 6057 5633
8 3723 3724 4007 4028 5631 5632 5915 5936
8 4132 3878 4121 3968 6040 5786 6029 5876
8 4075 3768 3769 3938 5983 5676 5677 5846
8 4126 3960 4046 3893 6034 5868 5954 5801
8 3915 4125 3993 4188 5823 6033 5901 6096
8 3717 3718 4040 4039 5625 5626 5948 5947
8 4109 3800 3799 4198 6017 5708 5707 6106
8 3930 4015 3998 4137 5838 5923 5906 6045
8 3893 4046 3937 3969 5801 5954 5845 5877
8 4102 3802 3801 4202 6010 5710 5709 6110
8 3834 3833 4186 4167 5742 5741 6094 6075
8 3938 3858 3859 4012 5846 5766 5767 5920
8 4043 4174 4042 3943 5951 6082 5950 5851
8 3931 3894 4045 4165 5839 5802 5953 6073
8 3875 3876 4131 3937 5783 5784 6039 5845
8 4058 3957 3900 4208 5966 5865 5808 6116
8 3894 3931 4129 3998 5802 5839 6037 5906
8 3916 4083 3887 4103 5824 5991 5795 6011
8 3680 3836 4175 4193 5588 5744 6083 6101
8 3836 3679 3961 4175 5744 5587 5869 6083
8 3678 3689 4097 4195 5586 5597 6005 6103
8 4090 3804 3803 4207 5998 5712 5711 6115
8 3961 3679 3835 4167 5869 5587 5743 6075
8 3894 4064 3939 4045 5802 5972 5847 5953
8 4044 3873 4178 3960 5952 5781 6086 5868
8 4029 3868 3869 4123 5937 5776 5777 6031
8 4021 4204 3996 4181 5929 6112 5904 6089
8 4040 4173 4041 3945 5948 6081 5949 5853
8 4003 3866 3867 4185 5911 5774 5775 6093
8 4016 3693 3694 4035 5924 5601 5602 5943
8 4179 3882 4215 3979 6087 5790 6123 5887
8 4067 4098 3944 4139 5975 6006 5852 6047
8 3904 3985 4078 4141 5812 5893 5986 6049
8 3719 3720 4093 4173 5627 5628 6001 6081
8 3989 4015 3930 4086 5897 5923 5838 5994
8 4206 3675 4133 3941 6114 5583 6041 5849
8 3938 3769 3770 4214 5846 5677 5678 6122
8 3920 4115 4061 4142 5828 6023 5969 6050
8 3796 3795 4206 4055 5704 5703 6114 5963
8 4006 4184 4005 3902 5914 6092 5913 5810
8 3926 4125 4002 4132 5834 6033 5910 6040
8 4097 3689 3690 4148 6005 5597 5598 6056
8 4105 3814 3813 4209 6013 5722 5721 6117
8 4028 3908 3943 4042 5936 5816 5851 5950
8 3906 4153 3966 4158 5814 6061 5874 6066
8 4176 4092 3910 4058 6084 6000 5818 5966
8 3728 3727 4165 4045 5636 5635 6073 5953
8 3884 4019 4107 4106 5792 5927 6015 6014
8 4130 3676 4055 3848 6038 5584 5963 5756
8 3783 3784 4190 4144 5691 5692 6098 6052
8 4032 4038 3948 4204 5940 5946 5856 6112
8 4159 3959 3914 4056 6067 5867 5822 5964
8 4189 3779 3780 4145 6097 5687 5688 6053
8 3842 3807 3806 4213 5750 5715 5714 6121
8 4213 3806 3805 4212 6121 5714 5713 6120
8 3702 3703 4048 4049 5610 5611 5956 5957
8 3812 3811 4210 4209 5720 5719 6118 6117
8 3811 3810 3840 4210 5719 5718 5748 6118
8 4136 3762 3763 4014 6044 5670 5671 5922
8 4122 3999 3912 4152 6030 5907 5820 6060
8 4212 3805 3804 4090 6120 5713 5712 5998
8 3839 3838 4105 4209 5747 5746 6013 6117
8 4198 3799 3798 4114 6106 5707 5706 6022
8 3909 4019 3987 4157 5817 5927 5895 6065
8 4095 3908 4004 4169 6003 5816 5912 6077
8 3785 3786 4191 4069 5693 5694 6099 5977
8 3886 4076 4180 4057 5794 5984 6088 5965
8 4202 3801 3800 4109 6110 5709 5708 6017
8 3866 4003 4095 3865 5774 5911 6003 5773
8 4196 3705 4052 3990 6104 5613 5960 5898
8 3864 3865 4169 4149 5772 5773 6077 6057
8 3908 4028 4007 4004 5816 5936 5915 5912
8 4207 3803 3802 4102 6115 5711 5710 6010
8 3951 4006 3902 4018 5859 5914 5810 5926
8 3981 4203 4000 4194 5889 6111 5908 6102
8 4103 3887 4074 3933 6011 5795 5982 5841
8 3898 4025 4108 3955 5806 5933 6016 5863
8 4121 3878 4001 3940 6029 5786 5909 5848
8 3777 3778 4192 4070 5685 5686 6100 5978
8 4199 3724 3725 4149 6107 5632 5633 6057
8 4152 4011 3968 4122 6060 5919 5876 6030
8 3773 3969 4096 3772 5681 5877 6004 5680
8 3788 3789 4118 3994 5696 5697 6026 5902
8 3984 3862 3863 4187 5892 5770 5771 6095
8 4182 3829 3828 4024 6090 5737 5736 5932
8 3914 3849 3941 4133 5822 5757 5849 6041
8 3952 3913 4144 4190 5860 5821 6052 6098
8 3995 4197 3915 4171 5903 6105 5823 6079
8 3903 4080 3958 4156 5811 5988 5866 6064
8 3946 3932 4049 4048 5854 5840 5957 5956
8 4146 3977 4091 3918 6054 5885 5999 5826
8 4151 3983 4082 3896 6059 5891 5990 5804
8 3936 3990 4052 4053 5844 5898 5960 5961
8 4127 3879 4208 3978 6035 5787 6116 5886
8 4024 3906 3935 4182 5932 5814 5843 6090
8 4173 4040 3718 3719 6081 5948 5626 5627
8 4007 3724 4199 4004 5915 5632 6107 5912
8 4138 3911 3949 3888 6046 5819 5857 5796
8 4196 4047 3704 3705 6104 5955 5612 5613
8 3881 4060 4160 4017 5789 5968 6068 5925
8 3933 3975 4037 4033 5841 5883 5945 5941
8 4114 3847 3846 4198 6022 5755 5754 6106
8 3904 3984 4111 3985 5812 5892 6019 5893
8 3868 4029 4185 3867 5776 5937 6093 5775
8 4018 3820 4195 3951 5926 5728 6103 5859
8 4146 3918 4060 3950 6054 5826 5968 5858
8 4090 3844 3843 4212 5998 5752 5751 6120
8 4109 3846 3845 4202 6017 5754 5753 6110
8 4102 3845 3844 4207 6010 5753 5752 6115
8 4211 3990 3909 4157 6119 5898 5817 6065
8 3721 4042 4174 3720 5629 5950 6082 5628
8 4166 4101 3927 4081 6074 6009 5835 5989
8 4096 3969 3937 4131 6004 5877 5845 6039
8 4181 4020 3712 3713 6089 5928 5620 5621
8 3822 3821 4183 4008 5730 5729 6091 5916
8 4175 3961 3949 4193 6083 5869 5857 6101
8 4071 3779 4189 3953 5979 5687 6097 5861
8 4054 3975 3936 4053 5962 5883 5844 5961
8 3902 4008 4183 4018 5810 5916 6091 5926
8 4046 3960 4178 3874 5954 5868 6086 5782
8 4162 4089 3929 4014 6070 5997 5837 5922
8 3891 3973 4088 3932 5799 5881 5996 5840
8 4179 3926 4011 3882 6087 5834 5919 5790
8 3696 3962 4036 3695 5604 5870 5944 5603
8 4172 4123 3956 4151 6080 6031 5864 6059
8 4186 3833 4068 3947 6094 5741 5976 5855
8 3955 4070 4192 4071 5863 5978 6100 5979
8 3922 4099 4177 4008 5830 6007 6085 5916
8 3856 3855 4129 3931 5764 5763 6037 5839
8 4210 3840 3839 4209 6118 5748 5747 6117
8 4154 3967 3921 4065 6062 5875 5829 5973
8 3947 3961 4167 4186 5855 5869 6075 6094
8 3843 3842 4213 4212 5751 5750 6121 6120
8 3939 4087 4161 4045 5847 5995 6069 5953
8 3925 4094 4163 4070 5833 6002 6071 5978
8 4200 3816 3685 3686 6108 5724 5593 5594
8 4191 4119 3954 4069 6099 6027 5862 5977
8 3957 4073 4201 4136 5865 5981 6109 6044
8 4170 3896 4013 3942 6078 5804 5921 5850
8 3752 3959 4159 3674 5660 5867 6067 5582
8 4168 3688 3819 3818 6076 5596 5727 5726
8 3682 3858 4214 3770 5590 5766 6122 5678
8 3913 4145 4026 4144 5821 6053 5934 6052
8 4050 4049 3932 4051 5958 5957 5840 5959
8 4188 3993 3888 3947 6096 5901 5796 5855
8 3934 3988 4205 4106 5842 5896 6113 6014
8 4187 3863 3671 3738 6095 5771 5579 5646
8 3692 3693 4184 3691 5600 5601 6092 5599
8 4087 3939 3967 3731 5995 5847 5875 5639
8 3670 3857 4100 3726 5578 5765 6008 5634
8 4131 3876 3681 3771 6039 5784 5589 5679
6 4225 4237 4232 6133 6145 6140
6 4220 4250 4223 6128 6158 6131
6 4226 4251 4220 6134 6159 6128
6 3745 4263 3671 5653 6171 5579
6 4227 4246 4219 6135 6154 6127
6 3747 4241 3746 5655 6149 5654
6 3743 4242 3742 5651 6150 5650
6 3744 4248 3743 5652 6156 5651
6 3746 4249 3745 5654 6157 5653
6 3742 4245 3672 5650 6153 5580
6 3673 4244 3747 5581 6152 5655
6 4233 4240 4224 6141 6148 6132
6 4218 4266 4247 6126 6174 6155
6 4227 4260 4256 6135 6168 6164
6 3727 4265 4235 5635 6173 6143
6 3735 4257 3734 5643 6165 5642
6 4222 4268 4259 6130 6176 6167
6 4260 4267 4221 6168 6175 6129
6 4254 4268 4228 6162 6176 6136
6 4252 4266 4225 6160 6174 6133
8 4252 4225 4232 4217 6160 6133 6140 6125
8 4251 4216 4233 4224 6159 6124 6141 6132
8 4257 4226 4220 4239 6165 6134 6128 6147
8 4227 4219 4252 4260 6135 6127 6160 6168
8 4238 4258 4223 4247 6146 6166 6131 6155
8 4222 4259 4255 4264 6130 6167 6163 6172
8 4239 4220 4223 4258 6147 6128 6131 6166
8 4222 4249 4228 4268 6130 6157 6136 6176
8 4229 4248 4221 4267 6137 6156 6129 6175
8 4246 3730 3731 4238 6154 5638 5639 6146
8 4223 4250 4218 4247 6131 6158 6126 6155
8 4256 4260 4221 4265 6164 6168 6129 6173
8 4266 4218 4243 4225 6174 6126 6151 6133
8 4250 4220 4251 4224 6158 6128 6159 6132
8 4261 4218 4250 4224 6169 6126 6158 6132
8 3737 3738 4234 4264 5645 5646 6142 6172
8 3726 3727 4235 4262 5634 5635 6143 6170
8 4261 4236 4243 4218 6169 6144 6151 6126
8 3741 4240 4233 4231 5649 6148 6141 6139
8 3732 4258 4238 3731 5640 6166 6146 5639
8 4239 3733 3734 4257 6147 5641 5642 6165
8 4251 4226 4259 4216 6159 6134 6167 6124
8 4255 4257 3735 3736 6163 6165 5643 5644
8 4232 4237 3739 4230 6140 6145 5647 6138
8 4219 4247 4266 4252 6127 6155 6174 6160
8 4219 4246 4238 4247 6127 6154 6146 6155
8 4265 3727 3728 4256 6173 5635 5636 6164
8 4246 4227 3729 3730 6154 6135 5637 5638
8 4244 4231 4241 3747 6152 6139 6149 5655
8 4242 4230 4245 3742 6150 6138 6153 5650
8 4234 4249 4222 4264 6142 6157 6130 6172
8 4261 4224 4240 4236 6169 6132 6148 6144
8 4241 4231 4254 4228 6149 6139 6162 6136
8 4242 4229 4253 4230 6150 6137 6161 6138
8 4221 4248 4235 4265 6129 6156 6143 6173
8 3746 4241 4228 4249 5654 6149 6136 6157
8 4229 4242 3743 4248 6137 6150 5651 6156
8 3729 4227 4256 3728 5637 6135 6164 5636
8 4254 4231 4233 4216 6162 6139 6141 6124
8 4253 4217 4232 4230 6161 6125 6140 6138
8 4249 4234 4263 3745 6157 6142 6171 5653
8 4262 4235 4248 3744 6170 6143 6156 5652
8 3733 4239 4258 3732 5641 6147 6166 5640
8 4243 4236 4237 4225 6151 6144 6145 6133
8 3736 3737 4264 4255 5644 5645 6172 6163
8 4268 4254 4216 4259 6176 6162 6124 6167
8 3740 4236 4240 3741 5648 6144 6148 5649
8 4267 4217 4253 4229 6175 6125 6161 6137
8 3738 3671 4263 4234 5646 5579 6171 6142
8 4260 4252 4217 4267 6168 6160 6125 6175
8 3740 3739 4237 4236 5648 5647 6145 6144
8 4226 4257 4255 4259 6134 6165 6163 6167
8 4262 3744 3670 3726 6170 5652 5578 5634
8 4245 4230 3739 3672 6153 6138 5647 5580
8 3741 4231 4244 3673 5649 6139 6152 5581
6 4298 3755 4335 6206 5663 6243
6 3784 3783 4307 5692 5691 6215
6 3762 3761 4308 5670 5669 6216
6 3768 3767 4367 5676 5675 6275
6 3774 3773 4366 5682 5681 6274
6 4311 4294 4379 6219 6202 6287
6 4310 4275 4325 6218 6183 6233
6 4276 4311 4324 6184 6219 6232
6 4279 4318 4326 6187 6226 6234
6 4306 4290 4362 6214 6198 6270
6 4288 4305 4363 6196 6213 6271
6 3765 3764 4328 5673 5672 6236
6 3764 3763 4369 5672 5671 6277
6 3760 3759 4380 5668 5667 6288
6 4317 4280 4327 6225 6188 6235
6 3759 3758 4327 5667 5666 6235
6 4280 4314 4337 6188 6222 6245
6 3779 3778 4326 5687 5686 6234
6 4295 4320 4331 6203 6228 6239
6 3757 3756 4329 5665 5664 6237
6 3781 3780 4330 5689 5688 6238
6 4296 4321 4351 6204 6229 6259
6 4278 4319 4351 6186 6227 6259
6 4273 4345 4374 6181 6253 6282
6 4274 4343 4373 6182 6251 6281
6 4346 4274 4372 6254 6182 6280
6 4344 4273 4371 6252 6181 6279
6 3783 3782 4355 5691 5690 6263
6 3785 3784 4354 5693 5692 6262
6 3763 3762 4356 5671 5670 6264
6 4355 4291 4375 6263 6199 6283
6 4292 4354 4376 6200 6262 6284
6 4293 4356 4377 6201 6264 6285
6 3775 3774 4382 5683 5682 6290
6 3767 3766 4381 5675 5674 6289
6 3748 4341 4360 5656 6249 6268
6 3793 4340 4361 5701 6248 6269
6 4283 4333 4366 6191 6241 6274
6 4332 4286 4367 6240 6194 6275
6 4296 4332 4381 6204 6240 6289
8 4294 4380 4302 4379 6202 6288 6210 6287
8 4304 4344 4371 4289 6212 6252 6279 6197
8 4374 4345 4303 4287 6282 6253 6211 6195
8 4306 4346 4372 4290 6214 6254 6280 6198
8 4373 4343 4305 4288 6281 6251 6213 6196
8 4282 4347 4309 4330 6190 6255 6217 6238
8 4368 4301 4369 4293 6276 6209 6277 6201
8 4312 4348 4285 4334 6220 6256 6193 6242
8 4298 4349 4281 4329 6206 6257 6189 6237
8 4284 4350 4298 4335 6192 6258 6206 6243
8 4280 4337 4302 4327 6188 6245 6210 6235
8 4342 4297 4352 4271 6250 6205 6260 6179
8 4361 4289 4371 4299 6269 6197 6279 6207
8 4374 4287 4358 4299 6282 6195 6266 6207
8 4360 4290 4372 4300 6268 6198 6280 6208
8 4373 4288 4359 4300 6281 6196 6267 6208
8 4319 4342 4271 4351 6227 6250 6179 6259
8 4307 4376 4354 3784 6215 6284 6262 5692
8 4355 4375 4307 3783 6263 6283 6215 5691
8 4304 4367 4286 4344 6212 6275 6194 6252
8 4283 4366 4303 4345 6191 6274 6211 6253
8 4325 4280 4317 4281 6233 6188 6225 6189
8 4301 4370 4278 4328 6209 6278 6186 6236
8 4324 4282 4318 4279 6232 6190 6226 6187
8 4271 4352 4315 4353 6179 6260 6223 6261
8 3759 4327 4302 4380 5667 6235 6210 6288
8 4375 4275 4376 4307 6283 6183 6284 6215
8 4322 4277 4320 3776 6230 6185 6228 5684
8 3768 4367 4304 3769 5676 6275 6212 5677
8 4303 4366 3773 3772 6211 6274 5681 5680
8 4353 4296 4351 4271 6261 6204 6259 6179
8 4357 4378 4308 3761 6265 6286 6216 5669
8 4313 4276 4324 4279 6221 6184 6232 6187
8 4308 4377 4356 3762 6216 6285 6264 5670
8 4323 4370 4269 4331 6231 6278 6177 6239
8 4336 4279 4326 4295 6244 6187 6234 6203
8 4314 4280 4325 4275 6222 6188 6233 6183
8 3765 4328 4321 3766 5673 6236 6229 5674
8 4278 4351 4321 4328 6186 6259 6229 6236
8 3767 4381 4332 4367 5675 6289 6240 6275
8 4333 4283 4352 4297 6241 6191 6260 6205
8 4317 4327 3758 3757 6225 6235 5666 5665
8 3764 4369 4301 4328 5672 6277 6209 6236
8 4376 4275 4310 4292 6284 6183 6218 6200
8 4378 4276 4377 4308 6286 6184 6285 6216
8 4310 4349 4272 4292 6218 6257 6180 6200
8 4270 4347 4311 4379 6178 6255 6219 6287
8 4281 4349 4310 4325 6189 6257 6218 6233
8 4354 4292 4312 3785 6262 6200 6220 5693
8 4277 4323 4331 4320 6185 6231 6239 6228
8 4270 4337 4314 4291 6178 6245 6222 6199
8 3681 3790 4338 3771 5589 5698 6246 5679
8 3674 3751 4339 3752 5582 5659 6247 5660
8 4341 3748 3680 3789 6249 5656 5588 5697
8 4340 3793 3682 3770 6248 5701 5590 5678
8 4309 4291 4355 3782 6217 6199 6263 5690
8 4295 4326 3778 3777 6203 6234 5686 5685
8 4333 4382 3774 4366 6241 6290 5682 6274
8 4277 4342 4319 4323 6185 6250 6227 6231
8 4272 4350 4316 4348 6180 6258 6224 6256
8 3779 4326 4318 3780 5687 6234 6226 5688
8 4353 4286 4332 4296 6261 6194 6240 6204
8 4369 3763 4356 4293 6277 5671 6264 6201
8 4287 4365 4338 4358 6195 6273 6246 6266
8 4341 4362 4290 4360 6249 6270 6198 6268
8 4288 4363 4339 4359 6196 6271 6247 6267
8 4340 4364 4289 4361 6248 6272 6197 6269
8 4311 4347 4282 4324 6219 6255 6190 6232
8 3777 3776 4320 4295 5685 5684 6228 6203
8 4350 4272 4349 4298 6258 6180 6257 6206
8 4336 4295 4331 4269 6244 6203 6239 6177
8 4278 4370 4323 4319 6186 6278 6231 6227
8 4314 4275 4375 4291 6222 6183 6283 6199
8 4285 4346 4306 4334 6193 6254 6214 6242
8 4305 4343 4284 4335 6213 6251 6192 6243
8 4291 4309 4347 4270 6199 6217 6255 6178
8 3760 4380 4357 3761 5668 6288 6265 5669
8 4373 4300 4372 4274 6281 6208 6280 6182
8 4371 4273 4374 4299 6279 6181 6282 6207
8 4298 4329 3756 3755 6206 6237 5664 5663
8 3781 4330 4309 3782 5689 6238 6217 5690
8 3753 4363 4305 3754 5661 6271 6213 5662
8 4306 4362 3788 3787 6214 6270 5696 5695
8 4300 4359 3750 3749 6208 6267 5658 5657
8 4299 4358 3791 3792 6207 6266 5699 5700
8 4273 4344 4315 4345 6181 6252 6223 6253
8 4312 4334 3786 3785 6220 6242 5694 5693
8 4313 4269 4368 4293 6221 6177 6276 6201
8 4342 4277 4322 4297 6250 6185 6230 6205
8 4377 4276 4313 4293 6285 6184 6221 6201
8 4321 4296 4381 3766 6229 6204 6289 5674
8 4311 4276 4378 4294 6219 6184 6286 6202
8 3775 4382 4322 3776 5683 6290 6230 5684
8 4284 4343 4316 4350 6192 6251 6224 6258
8 4315 4352 4283 4345 6223 6260 6191 6253
8 4357 4380 4294 4378 6265 6288 6202 6286
8 4337 4270 4379 4302 6245 6178 6287 6210
8 4274 4346 4316 4343 6182 6254 6224 6251
8 4329 4281 4317 3757 6237 6189 6225 5665
8 4318 4282 4330 3780 6226 6190 6238 5688
8 4370 4301 4368 4269 6278 6209 6276 6177
8 4316 4346 4285 4348 6224 6254 6193 6256
8 4382 4333 4297 4322 6290 6241 6205 6230
8 4348 4312 4292 4272 6256 6220 6200 6180
8 4286 4353 4315 4344 6194 6261 6223 6252
8 3792 3793 4361 4299 5700 5701 6269 6207
8 3749 3748 4360 4300 5657 5656 6268 6208
8 3752 4339 4363 3753 5660 6247 6271 5661
8 3771 4338 4365 3772 5679 6246 6273 5680
8 4362 4341 3789 3788 6270 6249 5697 5696
8 4364 4340 3770 3769 6272 6248 5678 5677
8 4359 4339 3751 3750 6267 6247 5659 5658
8 4358 4338 3790 3791 6266 6246 5698 5699
8 4336 4269 4313 4279 6244 6177 6221 6187
8 3787 3786 4334 4306 5695 5694 6242 6214
8 4335 3755 3754 4305 6243 5663 5662 6213
8 4304 4289 4364 3769 6212 6197 6272 5677
8 4365 4287 4303 3772 6273 6195 6211 5680
6 3818 4470 3817 5726 6378 5725
6 3797 4424 3676 5705 6332 5584
6 3833 4465 3832 5741 6373 5740
6 4439 4458 3814 6347 6366 5722
6 3822 4452 4416 5730 6360 6324
6 3825 4449 3824 5733 6357 5732
6 4394 4433 4430 6302 6341 6338
6 4417 4470 4398 6325 6378 6306
6 4420 4456 3799 6328 6364 5707
6 3832 4443 3831 5740 6351 5739
6 4480 4486 4384 6388 6394 6292
6 4408 4457 4430 6316 6365 6338
6 3811 4445 3810 5719 6353 5718
6 3750 4477 4421 5658 6385 6329
6 3813 4490 3812 5721 6398 5720
6 3810 4493 3809 5718 6401 5717
6 3824 4485 3823 5732 6393 5731
6 4431 4498 4407 6339 6406 6315
6 4404 4463 4425 6312 6371 6333
6 3812 4455 3811 5720 6363 5719
6 3798 4496 3797 5706 6404 5705
6 3801 4450 3800 5709 6358 5708
6 4454 4493 4397 6362 6401 6305
6 4391 4494 4437 6299 6402 6345
6 4449 4453 4403 6357 6361 6311
6 4468 4482 4388 6376 6390 6296
6 4392 4459 4438 6300 6367 6346
6 4401 4496 4456 6309 6404 6364
6 4452 4485 4402 6360 6393 6310
6 4400 4474 4427 6308 6382 6335
6 4408 4500 4441 6316 6408 6349
6 3817 4460 3816 5725 6368 5724
6 4396 4490 4458 6304 6398 6366
6 4465 4487 4405 6373 6395 6313
6 3808 4495 3807 5716 6403 5715
6 3805 4500 3804 5713 6408 5712
8 4445 4400 4468 4413 6353 6308 6376 6321
8 4436 3836 3680 3748 6344 5744 5588 5656
8 3833 3834 4487 4465 5741 5742 6395 6373
8 4474 4400 4455 4415 6382 6308 6363 6323
8 4396 4460 4417 4480 6304 6368 6325 6388
8 4487 3834 3835 4418 6395 5742 5743 6326
8 4470 3818 3819 4444 6378 5726 5727 6352
8 4464 4397 4493 4413 6372 6305 6401 6321
8 4422 4479 4401 4489 6330 6387 6309 6397
8 4427 4473 4402 4482 6335 6381 6310 6390
8 4419 4496 4401 4479 6327 6404 6309 6387
8 4486 4480 4417 4398 6394 6388 6325 6306
8 4444 3819 3678 3820 6352 5727 5586 5728
8 3679 3836 4436 4447 5587 5744 6344 6355
8 3674 3794 4442 3751 5582 5702 6350 5659
8 4426 4476 4387 4472 6334 6384 6295 6380
8 4416 4452 4402 4473 6324 6360 6310 6381
8 4461 4386 4459 4407 6369 6294 6367 6315
8 4427 4482 4468 4400 6335 6390 6376 6308
8 4478 4414 4449 4403 6386 6322 6357 6311
8 4411 4454 4397 4472 6319 6362 6305 6380
8 4453 4449 3825 3826 6361 6357 5733 5734
8 4475 4387 4476 4410 6383 6295 6384 6318
8 4396 4480 4415 4490 6304 6388 6323 6398
8 4414 4482 4402 4485 6322 6390 6310 6393
8 4389 4492 4422 4489 6297 6400 6330 6397
8 3812 4490 4415 4455 5720 6398 6323 6363
8 3820 3821 4483 4444 5728 5729 6391 6352
8 3821 3822 4416 4483 5729 5730 6324 6391
8 4476 4403 4453 4410 6384 6311 6361 6318
8 4484 4412 4465 4405 6392 6320 6373 6313
8 4487 4418 4488 4405 6395 6326 6396 6313
8 4441 3806 4432 4393 6349 5714 6340 6301
8 4429 3828 4431 4392 6337 5736 6339 6300
8 4391 4443 4412 4494 6299 6351 6320 6402
8 4472 4387 4466 4411 6380 6295 6374 6319
8 4478 4426 4464 4388 6386 6334 6372 6296
8 4481 4386 4457 4408 6389 6294 6365 6316
8 4420 4451 4401 4456 6328 6359 6309 6364
8 3824 4449 4414 4485 5732 6357 6322 6393
8 4435 4457 4386 4461 6343 6365 6294 6369
8 3814 3677 3815 4439 5722 5585 5723 6347
8 4439 3815 3816 4460 6347 5723 5724 6368
8 4474 4415 4480 4384 6382 6323 6388 6292
8 4384 4473 4427 4474 6292 6381 6335 6382
8 4428 3830 3831 4443 6336 5738 5739 6351
8 4428 4443 4391 4461 6336 6351 6299 6369
8 4492 4418 4448 4406 6400 6326 6356 6314
8 4390 4440 4421 4477 6298 6348 6329 6385
8 3817 4470 4417 4460 5725 6378 6325 6368
8 4492 4389 4488 4418 6400 6297 6396 6326
8 4450 4409 4467 4399 6358 6317 6375 6307
8 4434 4466 4387 4475 6342 6374 6295 6383
8 4421 4440 4395 4469 6329 6348 6303 6377
8 3810 4445 4413 4493 5718 6353 6321 6401
8 4468 4388 4464 4413 6376 6296 6372 6321
8 3749 3750 4421 4469 5657 5658 6329 6377
8 4483 4416 4486 4398 6391 6324 6394 6306
8 3803 3804 4430 4433 5711 5712 6338 6341
8 4393 4434 4438 4481 6301 6342 6346 6389
8 4385 4462 4437 4494 6293 6370 6345 6402
8 3675 3795 4425 4491 5583 5703 6333 6399
8 4447 4395 4446 4406 6355 6303 6354 6314
8 4454 3808 3809 4493 6362 5716 5717 6401
8 4433 4409 3802 3803 6341 6317 5710 5711
8 4424 4419 4499 4404 6332 6327 6407 6312
8 4388 4482 4414 4478 6296 6390 6322 6386
8 4479 4383 4499 4419 6387 6291 6407 6327
8 4392 4438 4434 4475 6300 6346 6342 6383
8 4462 4409 4433 4394 6370 6317 6341 6302
8 4425 4463 4390 4491 6333 6371 6298 6399
8 4442 4491 4390 4477 6350 6399 6298 6385
8 4394 4430 4457 4435 6302 6338 6365 6343
8 4394 4435 4437 4462 6302 6343 6345 6370
8 4462 4385 4467 4409 6370 6293 6375 6317
8 4422 4446 4383 4479 6330 6354 6291 6387
8 4386 4481 4438 4459 6294 6389 6346 6367
8 3832 4465 4412 4443 5740 6373 6320 6351
8 4446 4395 4440 4383 6354 6303 6348 6291
8 4391 4437 4435 4461 6299 6345 6343 6369
8 4393 4432 4466 4434 6301 6340 6374 6342
8 4448 3679 4447 4406 6356 5587 6355 6314
8 3801 3802 4409 4450 5709 5710 6317 6358
8 3800 4450 4420 3799 5708 6358 6328 5707
8 3796 3676 4424 4471 5704 5584 6332 6379
8 4455 4400 4445 3811 6363 6308 6353 5719
8 4419 4424 3797 4496 6327 6332 5705 6404
8 4385 4484 4423 4467 6293 6392 6331 6375
8 4389 4451 4423 4488 6297 6359 6331 6396
8 4439 4460 4396 4458 6347 6368 6304 6366
8 4395 4447 4436 4469 6303 6355 6344 6377
8 4499 4383 4463 4404 6407 6291 6371 6312
8 4397 4464 4426 4472 6305 6372 6334 6380
8 4477 3750 3751 4442 6385 5658 5659 6350
8 3748 3749 4469 4436 5656 5657 6377 6344
8 3798 3799 4456 4496 5706 5707 6364 6404
8 4448 4418 3835 3679 6356 6326 5743 5587
8 4481 4408 4441 4393 6389 6316 6349 6301
8 4475 4410 4429 4392 6383 6318 6337 6300
8 4431 4407 4459 4392 6339 6315 6367 6300
8 3813 3814 4458 4490 5721 5722 6366 6398
8 4426 4478 4403 4476 6334 6386 6311 6384
8 4494 4412 4484 4385 6402 6320 6392 6293
8 4440 4390 4463 4383 6348 6298 6371 6291
8 3827 3828 4429 4497 5735 5736 6337 6405
8 4452 3822 3823 4485 6360 5730 5731 6393
8 4423 4484 4405 4488 6331 6392 6313 6396
8 4432 3806 3807 4495 6340 5714 5715 6403
8 4431 3828 3829 4498 6339 5736 5737 6406
8 4428 4461 4407 4498 6336 6369 6315 6406
8 3805 3806 4441 4500 5713 5714 6349 6408
8 4500 4408 4430 3804 6408 6316 6338 5712
8 4404 4425 4471 4424 6312 6333 6379 6332
8 4497 4429 4410 4453 6405 6337 6318 6361
8 4420 4450 4399 4451 6328 6358 6307 6359
8 4432 4495 4411 4466 6340 6403 6319 6374
8 4486 4416 4473 4384 6394 6324 6381 6292
8 4444 4483 4398 4470 6352 6391 6306 6378
8 3794 3675 4491 4442 5702 5583 6399 6350
8 4454 4411 4495 3808 6362 6319 6403 5716
8 3795 3796 4471 4425 5703 5704 6379 6333
8 4423 4451 4399 4467 6331 6359 6307 6375
8 4422 4492 4406 4446 6330 6400 6314 6354
8 3826 3827 4497 4453 5734 5735 6405 6361
8 3830 4428 4498 3829 5738 6336 6406 5737
8 4489 4401 4451 4389 6397 6309 6359 6297
6 4658 4511 4501 6566 6419 6409
6 4629 4630 4662 6537 6538 6570
6 4720 4774 4815 6628 6682 6723
6 4527 4765 4853 6435 6673 6761
6 4585 4584 4875 6493 6492 6783
6 4777 4536 4856 6685 6444 6764
6 4869 4694 4941 6777 6602 6849
6 4699 4788 4825 6607 6696 6733
6 4764 4765 4886 6672 6673 6794
6 4837 4726 4838 6745 6634 6746
6 4811 4736 4829 6719 6644 6737
6 4526 4525 4886 6434 6433 6794
6 4790 4714 4833 6698 6622 6741
6 4784 4682 4906 6692 6590 6814
6 4791 4692 4888 6699 6600 6796
6 4680 4803 4926 6588 6711 6834
6 4812 4705 4861 6720 6613 6769
6 4684 4788 4952 6592 6696 6860
6 4693 4789 4959 6601 6697 6867
6 4789 4742 4945 6697 6650 6853
6 4689 4811 4917 6597 6719 6825
6 4795 4728 4927 6703 6636 6835
6 4718 4750 5006 6626 6658 6914
6 4698 4793 4972 6606 6701 6880
6 4746 4836 4900 6654 6744 6808
6 4801 4686 4945 6709 6594 6853
6 4725 4846 4942 6633 6754 6850
6 4735 4822 4835 6643 6730 6743
6 4551 4550 4830 6459 6458 6738
6 4694 4737 4999 6602 6645 6907
6 4535 4534 4855 6443 6442 6763
6 4755 4700 4879 6663 6608 6787
6 4753 4808 4950 6661 6716 6858
6 4529 4528 4852 6437 6436 6760
6 4538 4537 4839 6446 6445 6747
6 4544 4543 4840 6452 6451 6748
6 4819 4725 4962 6727 6633 6870
6 4812 4767 4887 6720 6675 6795
6 4859 4730 4982 6767 6638 6890
6 4799 4695 4928 6707 6603 6836
6 4813 4794 4954 6721 6702 6862
6 4765 4707 4890 6673 6615 6798
6 3862 3861 4868 5770 5769 6776
6 4580 4760 4883 6488 6668 6791
6 4675 4676 4939 6583 6584 6847
6 4703 4821 4909 6611 6729 6817
6 3871 3870 4922 5779 5778 6830
6 4826 4708 4955 6734 6616 6863
6 4761 4705 4882 6669 6613 6790
6 3872 3871 4942 5780 5779 6850
6 4668 4669 4932 6576 6577 6840
6 4607 4606 4828 6515 6514 6736
6 4729 4776 4903 6637 6684 6811
6 4732 4824 4939 6640 6732 6847
6 4841 4747 4842 6749 6655 6750
6 4833 4730 4914 6741 6638 6822
6 4822 4798 4983 6730 6706 6891
6 4912 4709 4915 6820 6617 6823
6 4827 4752 4919 6735 6660 6827
6 4840 4750 4841 6748 6658 6749
6 4762 4819 4928 6670 6727 6836
6 4793 4864 4936 6701 6772 6844
6 4646 4768 4901 6554 6676 6809
6 4731 4832 4915 6639 6740 6823
6 4887 4692 4958 6795 6600 6866
6 4836 4707 4918 6744 6615 6826
6 3870 3869 4925 5778 5777 6833
6 4900 4685 4960 6808 6593 6868
6 4519 4518 4950 6427 6426 6858
6 4747 4697 4949 6655 6605 6857
6 4682 4863 4936 6590 6771 6844
6 4561 4562 4867 6469 6470 6775
6 3874 3873 4980 5782 5781 6888
6 4843 4895 4975 6751 6803 6883
6 4515 4514 4966 6423 6422 6874
6 4516 4515 4970 6424 6423 6878
6 4617 4506 4857 6525 6414 6765
6 4908 4782 4909 6816 6690 6817
6 4866 4701 4929 6774 6609 6837
6 4579 4578 4882 6487 6486 6790
6 4864 4802 4996 6772 6710 6904
6 4688 4879 4919 6596 6787 6827
6 4635 4507 4865 6543 6415 6773
6 4638 4639 4966 6546 6547 6874
6 4658 4659 4865 6566 6567 6773
6 4637 4638 5002 6545 6546 6910
6 4508 4641 4997 6416 6549 6905
6 4716 4858 4935 6624 6766 6843
6 4740 3858 5016 6648 5766 6924
6 4773 4912 4943 6681 6820 6851
6 4564 4565 4913 6472 6473 6821
6 4563 4787 4957 6471 6695 6865
6 4786 4566 4989 6694 6474 6897
6 4818 4807 4937 6726 6715 6845
6 4881 4726 4937 6789 6634 6845
6 4651 4797 4930 6559 6705 6838
6 4723 4867 4957 6631 6775 6865
6 4647 4648 4955 6555 6556 6863
6 4590 4589 4964 6498 6497 6872
6 4601 4600 4965 6509 6508 6873
6 4582 4581 4968 6490 6489 6876
6 4655 4656 4969 6563 6564 6877
6 4652 4653 4973 6560 6561 6881
6 4870 4717 4973 6778 6625 6881
6 4557 4558 4963 6465 6466 6871
6 4644 4645 4979 6552 6553 6887
6 4781 4940 5017 6689 6848 6925
6 4506 4618 4932 6414 6526 6840
6 4618 4619 4916 6526 6527 6824
6 4897 3865 4971 6805 5773 6879
6 4748 4959 5013 6656 6867 6921
6 4505 4616 5008 6413 6524 6916
6 4857 4743 5008 6765 6651 6916
6 4633 4634 5011 6541 6542 6919
6 4930 4737 4984 6838 6645 6892
6 4733 4902 4967 6641 6810 6875
6 4755 4947 4991 6663 6855 6899
6 4920 4751 4995 6828 6659 6903
6 4754 4871 4992 6662 6779 6900
6 4892 4665 5009 6800 6573 6917
6 4904 4666 5004 6812 6574 6912
6 4911 4667 5000 6819 6575 6908
8 4916 4668 4932 4618 6824 6576 6840 6526
8 4827 4910 4799 4683 6735 6818 6707 6591
8 4685 4918 4726 4881 6593 6826 6634 6789
8 4922 4758 4953 4785 6830 6666 6861 6693
8 4974 4793 4698 4953 6882 6701 6606 6861
8 4774 4962 4725 4884 6682 6870 6633 6792
8 4756 4871 4754 4699 6664 6779 6662 6607
8 4762 4846 4725 4819 6670 6754 6633 6727
8 4807 4818 4521 4986 6715 6726 6429 6894
8 4717 4870 4749 4990 6625 6778 6657 6898
8 4730 4952 4788 4982 6638 6860 6696 6890
8 4806 4971 4951 5001 6714 6879 6859 6909
8 4936 4744 4972 4793 6844 6652 6880 6701
8 4724 4960 4685 4881 6632 6868 6593 6789
8 4784 4906 4697 4885 6692 6814 6605 6793
8 4694 4999 4717 4927 6602 6907 6625 6835
8 4508 4517 4516 4640 6416 6425 6424 6548
8 4703 4909 4782 4876 6611 6817 6690 6784
8 4724 4901 4768 4960 6632 6809 6676 6868
8 4959 4748 4734 4693 6867 6656 6642 6601
8 4661 4662 4630 4631 6569 6570 6538 6539
8 4859 4688 4919 4752 6767 6596 6827 6660
8 4689 4876 4782 4811 6597 6784 6690 6719
8 4833 4914 4679 4790 6741 6822 6587 6698
8 4899 4997 4753 4950 6807 6905 6661 6858
8 4915 4832 4687 4912 6823 6740 6595 6820
8 4933 4898 4597 4596 6841 6806 6505 6504
8 4703 4777 4738 4821 6611 6685 6646 6729
8 4970 4515 4966 4639 6878 6423 6874 6547
8 4723 4957 4787 4880 6631 6865 6695 6788
8 4689 4917 4784 4885 6597 6825 6692 6793
8 4763 4751 4690 4749 6671 6659 6598 6657
8 4943 4912 4687 4880 6851 6820 6595 6788
8 4629 4662 4663 4628 6537 6570 6571 6536
8 4848 4739 3875 3874 6756 6647 5783 5782
8 4878 4982 4788 4699 6786 6890 6696 6607
8 4692 4894 4729 4958 6600 6802 6637 6866
8 4761 4882 4578 4577 6669 6790 6486 6485
8 4822 4735 4905 4798 6730 6643 6813 6706
8 4793 4974 4719 4864 6701 6882 6627 6772
8 4814 4740 4877 4709 6722 6648 6785 6617
8 4865 4659 4907 4635 6773 6567 6815 6543
8 4779 4914 4730 4859 6687 6822 6638 6767
8 4511 4658 4865 4507 6419 6566 6773 6415
8 4879 4688 4878 4715 6787 6596 6786 6623
8 4794 4952 4730 4833 6702 6860 6638 6741
8 4761 4716 4861 4705 6669 6624 6769 6613
8 4805 4897 4710 4691 6713 6805 6618 6599
8 4836 4746 4926 4775 6744 6654 6834 6683
8 4744 4944 4778 4815 6652 6852 6686 6723
8 4791 4978 4894 4692 6699 6886 6802 6600
8 4849 5013 4792 4998 6757 6921 6700 6906
8 4780 4874 4687 4832 6688 6782 6595 6740
8 4919 4879 4700 4827 6827 6787 6608 6735
8 4784 4917 4863 4682 6692 6825 6771 6590
8 4782 4908 4736 4811 6690 6816 6644 6719
8 4701 4769 4723 4874 6609 6677 6631 6782
8 4709 4912 4773 4814 6617 6820 6681 6722
8 4555 4967 4902 4554 6463 6875 6810 6462
8 4691 5005 4802 4772 6599 6913 6710 6680
8 4900 4960 4708 4869 6808 6868 6616 6777
8 4880 4687 4874 4723 6788 6595 6782 6631
8 4869 4708 4737 4694 6777 6616 6645 6602
8 4757 4872 4727 4910 6665 6780 6635 6818
8 4785 4942 3871 4922 6693 6850 5779 6830
8 4759 4875 4712 4860 6667 6783 6620 6768
8 4681 5010 4860 4978 6589 6918 6768 6886
8 4678 4902 4733 4677 6586 6810 6641 6585
8 4937 4726 4837 4818 6845 6634 6745 6726
8 4579 4882 4760 4580 6487 6790 6668 6488
8 4513 4512 4636 4637 6421 6420 6544 6545
8 4868 4706 4786 3862 6776 6614 6694 5770
8 4690 4940 4781 4795 6598 6848 6689 6703
8 4799 4928 4819 4683 6707 6836 6727 6591
8 4726 4918 4764 4838 6634 6826 6672 6746
8 4829 4736 4790 4679 6737 6644 6698 6587
8 4831 4719 4974 4925 6739 6627 6882 6833
8 4709 4877 4766 4915 6617 6785 6674 6823
8 4745 5005 4691 4710 6653 6913 6599 6618
8 4804 4934 4680 4941 6712 6842 6588 6849
8 4748 5013 4849 4850 6656 6921 6757 6758
8 4837 4838 4523 4522 6745 6746 6431 6430
8 4826 4955 4648 4649 6734 6863 6556 6557
8 4772 4987 4805 4691 6680 6895 6713 6599
8 4862 4752 4827 4683 6770 6660 6735 6591
8 4647 4955 4768 4646 6555 6863 6676 6554
8 4714 4954 4794 4833 6622 6862 6702 6741
8 4799 4910 4727 4695 6707 6818 6635 6603
8 4696 4866 4817 4800 6604 6774 6725 6708
8 4755 4873 4757 4700 6663 6781 6665 6608
8 4715 4947 4755 4879 6623 6855 6663 6787
8 4671 4861 4716 4670 6579 6769 6624 6578
8 4861 4671 4672 4812 6769 6579 6580 6720
8 4810 4724 4881 4704 6718 6632 6789 6612
8 4914 4779 4893 4679 6822 6687 6801 6587
8 4894 4712 4776 4729 6802 6620 6684 6637
8 4866 4929 4681 4817 6774 6837 6589 6725
8 4684 4952 4794 4813 6592 6860 6702 6721
8 4652 4973 4797 4651 6560 6881 6705 6559
8 4870 4973 4653 4654 6778 6881 6561 6562
8 4704 4881 4937 4807 6612 6789 6845 6715
8 4519 4950 4808 4986 6427 6858 6716 6894
8 4836 4918 4685 4900 6744 6826 6593 6808
8 4796 4921 4756 4713 6704 6829 6664 6621
8 4774 4884 4698 4815 6682 6792 6606 6723
8 4843 4721 4845 4895 6751 6629 6753 6803
8 4752 4948 4779 4859 6660 6856 6687 6767
8 4694 4927 4804 4941 6602 6835 6712 6849
8 4785 4884 4725 4942 6693 6792 6633 6850
8 4642 4985 4820 4641 6550 6893 6728 6549
8 4863 4944 4744 4936 6771 6852 6652 6844
8 4765 4890 4734 4853 6673 6798 6642 6761
8 4727 4896 4771 4695 6635 6804 6679 6603
8 4935 4858 4615 4505 6843 6766 6523 6413
8 4803 4742 4789 4693 6711 6650 6697 6601
8 4875 5003 4586 4585 6783 6911 6494 6493
8 4676 4931 4800 4939 6584 6839 6708 6847
8 4526 4886 4765 4527 6434 6794 6673 6435
8 4756 4699 4825 4713 6664 6607 6733 6621
8 4747 4949 4721 4843 6655 6857 6629 6751
8 4823 5006 4834 4542 6731 6914 6742 6450
8 4764 4886 4525 4524 6672 6794 6433 6432
8 4764 4918 4707 4765 6672 6826 6615 6673
8 4750 4697 4747 4841 6658 6605 6655 6749
8 4925 4758 4922 3870 6833 6666 6830 5778
8 4786 4913 4565 4566 6694 6821 6473 6474
8 4831 4987 4772 4719 6739 6895 6680 6627
8 4802 4864 4719 4772 6710 6772 6627 6680
8 4888 4692 4887 4767 6796 6600 6795 6675
8 4901 4979 4645 4646 6809 6887 6553 6554
8 4644 4979 4810 4643 6552 6887 6718 6551
8 4711 4821 4738 4792 6619 6729 6646 6700
8 4735 4777 4703 4876 6643 6685 6611 6784
8 4812 4672 4673 4767 6720 6580 6581 6675
8 4741 4769 4701 4866 6649 6677 6609 6774
8 4607 4828 4946 4608 6515 6736 6854 6516
8 4947 4828 4606 4605 6855 6736 6514 6513
8 4996 4783 4906 4682 6904 6691 6814 6590
8 4966 4514 5002 4638 6874 6422 6910 6546
8 4722 4917 4811 4829 6630 6825 6719 6737
8 4564 4913 4787 4563 6472 6821 6695 6471
8 4885 4697 4750 4718 6793 6605 6658 6626
8 5017 4940 4713 4825 6925 6848 6621 6733
8 4684 5017 4825 4788 6592 6925 6733 6696
8 4887 4958 4705 4812 6795 6866 6613 6720
8 4681 4978 4791 4817 6589 6886 6699 6725
8 4878 4699 4754 4715 6786 6607 6662 6623
8 4751 4920 4796 4713 6659 6828 6704 6621
8 4778 4944 4722 4829 6686 6852 6630 6737
8 4874 4780 4929 4701 6782 6688 6837 6609
8 5005 4721 4949 4783 6913 6629 6857 6691
8 4895 4845 4976 4548 6803 6753 6884 6456
8 4592 4766 4877 4593 6500 6674 6785 6501
8 4816 4938 4759 4702 6724 6846 6667 6610
8 4591 4891 4766 4592 6499 6799 6674 6500
8 4771 4896 4599 4598 6679 6804 6507 6506
8 4930 4984 4650 4651 6838 6892 6558 6559
8 4539 4835 4822 4540 6447 6743 6730 6448
8 4583 4903 4776 4584 6491 6811 6684 6492
8 4778 4893 4720 4815 6686 6801 6628 6723
8 4529 4852 4851 4530 6437 6760 6759 6438
8 4777 4839 4537 4536 6685 6747 6445 6444
8 4590 4964 4891 4591 6498 6872 6799 6499
8 4816 4964 4589 4588 6724 6872 6497 6496
8 4674 4824 4767 4673 6582 6732 6675 6581
8 4675 4939 4824 4674 6583 6847 6732 6582
8 4789 4945 4686 4821 6697 6853 6594 6729
8 4801 4945 4742 4924 6709 6853 6650 6832
8 4862 4962 4774 4720 6770 6870 6682 6628
8 4896 4965 4600 4599 6804 6873 6508 6507
8 4601 4965 4872 4602 6509 6873 6780 6510
8 4883 4968 4581 4580 6791 6876 6489 6488
8 4582 4968 4903 4583 6490 6876 6811 6491
8 4702 5010 4780 4832 6610 6918 6688 6740
8 4858 4961 4504 4615 6766 6869 6412 6523
8 3872 4942 4846 3873 5780 6850 6754 5781
8 4924 4742 4923 4770 6832 6650 6831 6678
8 5003 4938 4587 4586 6911 6846 6495 6494
8 4864 4996 4682 4936 6772 6904 6590 6844
8 4790 5007 4801 4714 6698 6915 6709 6622
8 4560 4956 4769 4559 6468 6864 6677 6467
8 4603 4994 4873 4604 6511 6902 6781 6512
8 4538 4839 4835 4539 6446 6747 6743 6447
8 4609 4992 4871 4610 6517 6900 6779 6518
8 4775 4890 4707 4836 6683 6798 6615 6744
8 4512 4511 4507 4636 6420 6419 6415 6544
8 4889 4963 4558 4559 6797 6871 6466 6467
8 4557 4963 4847 4556 6465 6871 6755 6464
8 4854 4855 4534 4533 6762 6763 6442 6441
8 4801 5007 4908 4686 6709 6915 6816 6594
8 4906 4783 4949 4697 6814 6691 6857 6605
8 4834 4840 4543 4542 6742 6748 6451 6450
8 4614 4920 4995 4510 6522 6828 6903 6418
8 4776 4712 4875 4584 6684 6620 6783 6492
8 4531 4850 4849 4532 6439 6758 6757 6440
8 4943 4706 4868 4773 6851 6614 6776 6681
8 4679 4893 4778 4829 6587 6801 6686 6737
8 4731 4816 4702 4832 6639 6724 6610 6740
8 4930 4797 4999 4737 6838 6705 6907 6645
8 4770 4934 4728 4813 6678 6842 6636 6721
8 4743 4857 4669 4670 6651 6765 6577 6578
8 4853 4852 4528 4527 6761 6760 6436 6435
8 4766 4891 4731 4915 6674 6799 6639 6823
8 4718 5006 4798 4905 6626 6914 6706 6813
8 4535 4855 4856 4536 6443 6763 6764 6444
8 4781 4981 4728 4795 6689 6889 6636 6703
8 4926 4746 4941 4680 6834 6654 6849 6588
8 4957 4867 4562 4563 6865 6775 6470 6471
8 4561 4867 4956 4560 6469 6775 6864 6468
8 4773 4868 3861 3860 6681 6776 5769 5768
8 4544 4840 4841 4545 6452 6748 6749 6453
8 4775 4926 4803 4693 6683 6834 6711 6601
8 4844 4830 4550 4549 6752 6738 6458 6457
8 4824 4732 4888 4767 6732 6640 6796 6675
8 4541 4983 4823 4542 6449 6891 6731 6450
8 4883 4760 4958 4729 6791 6668 6866 6637
8 4745 4845 4721 5005 6653 6753 6629 6913
8 3860 3859 4814 4773 5768 5767 6722 6681
8 4612 4921 4796 4613 6520 6829 6704 6521
8 4611 4993 4921 4612 6519 6901 6829 6520
8 3669 4553 4951 3864 5577 6461 6859 5772
8 4551 4830 4809 4552 6459 6738 6717 6460
8 4934 4770 4923 4680 6842 6678 6831 6588
8 4877 4740 4594 4593 6785 6648 6502 6501
8 4928 4695 4848 4762 6836 6603 6756 6670
8 4717 4990 4795 4927 6625 6898 6703 6835
8 4545 4841 4842 4546 6453 6749 6750 6454
8 4911 5000 4620 4621 6819 6908 6528 6529
8 4732 4939 4800 4817 6640 6847 6708 6725
8 4695 4771 4739 4848 6603 6679 6647 6756
8 4904 5004 4622 4623 6812 6912 6530 6531
8 4655 4969 4988 4654 6563 6877 6896 6562
8 4740 4814 3859 3858 6648 6722 5767 5766
8 4845 4745 4844 4976 6753 6653 6752 6884
8 4733 4967 4847 4696 6641 6875 6755 6604
8 3875 4739 4933 3876 5783 6647 6841 5784
8 4860 5010 4702 4759 6768 6918 6610 6667
8 4696 4800 4931 4733 6604 6708 6839 6641
8 4718 4905 4689 4885 6626 6813 6597 6793
8 4510 4995 4977 4657 6418 6903 6885 6565
8 4657 4977 4763 4509 6565 6885 6671 6417
8 4508 4997 4899 4517 6416 6905 6807 6425
8 4892 5009 4624 4625 6800 6917 6532 6533
8 4763 4969 4656 4509 6671 6877 6564 6417
8 4696 4847 4741 4866 6604 6755 6649 6774
8 4846 4762 4980 3873 6754 6670 6888 5781
8 4831 4925 3869 3868 6739 6833 5777 5776
8 4823 4983 4798 5006 6731 6891 6706 6914
8 4842 4747 4843 4975 6750 6655 6751 6883
8 4805 4987 3867 3866 6713 6895 5775 5774
8 4818 4837 4522 4521 6726 6745 6430 6429
8 4981 4781 5017 4684 6889 6689 6925 6592
8 4869 4941 4746 4900 6777 6849 6654 6808
8 4706 4943 4880 4787 6614 6851 6788 6695
8 4547 4975 4895 4548 6455 6883 6803 6456
8 4791 4888 4732 4817 6699 6796 6640 6725
8 5008 4743 4935 4505 6916 6651 6843 6413
8 4740 5016 4595 4594 6648 6924 6503 6502
8 4722 4944 4863 4917 6630 6852 6771 6825
8 4617 4857 5008 4616 6525 6765 6916 6524
8 4808 4704 4807 4986 6716 6612 6715 6894
8 4728 4934 4804 4927 6636 6842 6712 6835
8 4899 4950 4518 4517 6807 6858 6426 6425
8 4907 5011 4634 4635 6815 6919 6542 6543
8 4830 4844 4745 4710 6738 6752 6653 6618
8 4708 4960 4768 4955 6616 6868 6676 6863
8 4978 4860 4712 4894 6886 6768 6620 6802
8 4556 4847 4967 4555 6464 6755 6875 6463
8 4686 4908 4909 4821 6594 6816 6817 6729
8 4932 4669 4857 4506 6840 6577 6765 6414
8 4608 4946 4992 4609 6516 6854 6900 6517
8 4834 5006 4750 4840 6742 6914 6658 6748
8 4961 4858 4716 4761 6869 6766 6624 6669
8 4991 4947 4605 4604 6899 6855 6513 6512
8 4663 5015 4627 4628 6571 6923 6535 6536
8 5015 5014 4626 4627 6923 6922 6534 6535
8 4530 4851 4850 4531 6438 6759 6758 6439
8 4633 5011 5012 4632 6541 6919 6920 6540
8 4632 5012 4661 4631 6540 6920 6569 6539
8 4938 4816 4588 4587 6846 6724 6496 6495
8 4924 4954 4714 4801 6832 6862 6622 6709
8 5014 4892 4625 4626 6922 6800 6533 6534
8 4660 5011 4907 4659 6568 6919 6815 6567
8 5000 4916 4619 4620 6908 6824 6527 6528
8 4711 4959 4789 4821 6619 6867 6697 6729
8 4897 4971 4806 4710 6805 6879 6714 6618
8 4610 4871 4993 4611 6518 6779 6901 6519
8 4688 4859 4982 4878 6596 6767 6890 6786
8 5004 4911 4621 4622 6912 6819 6529 6530
8 3866 3865 4897 4805 5774 5773 6805 6713
8 4998 4792 4854 4533 6906 6700 6762 6441
8 3864 4951 4971 3865 5772 6859 6879 5773
8 4710 4806 4809 4830 6618 6714 6717 6738
8 5009 4904 4623 4624 6917 6812 6531 6532
8 4753 4820 4704 4808 6661 6728 6612 6716
8 4783 4996 4802 5005 6691 6904 6710 6913
8 4905 4735 4876 4689 6813 6643 6784 6597
8 4700 4757 4910 4827 6608 6665 6818 6735
8 4923 4742 4803 4680 6831 6650 6711 6588
8 4602 4872 4994 4603 6510 6780 6902 6511
8 5001 4951 4553 4552 6909 6859 6461 6460
8 4954 4924 4770 4813 6862 6832 6678 6721
8 4598 4597 4898 4771 6506 6505 6806 6679
8 4613 4796 4920 4614 6521 6704 6828 6522
8 4786 4989 3863 3862 6694 6897 5771 5770
8 4984 4826 4649 4650 6892 6734 6557 6558
8 4716 4935 4743 4670 6624 6843 6651 6578
8 4754 4992 4946 4715 6662 6900 6854 6623
8 4797 4973 4717 4999 6705 6881 6625 6907
8 4705 4958 4760 4882 6613 6866 6668 6790
8 4748 4850 4851 4734 6656 6758 6759 6642
8 4948 4720 4893 4779 6856 6628 6801 6687
8 4953 4698 4884 4785 6861 6606 6792 6693
8 4738 4855 4854 4792 6646 6763 6762 6700
8 4929 4780 5010 4681 6837 6688 6918 6589
8 4826 4984 4737 4708 6734 6892 6645 6616
8 4975 4547 4546 4842 6883 6455 6454 6750
8 4809 4806 5001 4552 6717 6714 6909 6460
8 4940 4690 4751 4713 6848 6598 6659 6621
8 4998 4533 4532 4849 6906 6441 6440 6757
8 4683 4819 4962 4862 6591 6727 6870 6770
8 4735 4835 4839 4777 6643 6743 6747 6685
8 4916 5000 4667 4668 6824 6908 6575 6576
8 4706 4787 4913 4786 6614 6695 6821 6694
8 3868 3867 4987 4831 5776 5775 6895 6739
8 4820 4753 4997 4641 6728 6661 6905 6549
8 4948 4752 4862 4720 6856 6660 6770 6628
8 4892 5014 4664 4665 6800 6922 6572 6573
8 4911 5004 4666 4667 6819 6912 6574 6575
8 4904 5009 4665 4666 6812 6917 6573 6574
8 5013 4959 4711 4792 6921 6867 6619 6700
8 4549 4548 4976 4844 6457 6456 6884 6752
8 4968 4883 4729 4903 6876 6791 6637 6811
8 4898 4933 4739 4771 6806 6841 6647 6679
8 4983 4541 4540 4822 6891 6449 6448 6730
8 4643 4810 4985 4642 6551 6718 6893 6550
8 4977 4995 4751 4763 6885 6903 6659 6671
8 4873 4755 4991 4604 6781 6663 6899 6512
8 4856 4855 4738 4777 6764 6763 6646 6685
8 4704 4820 4985 4810 6612 6728 6893 6718
8 4848 3874 4980 4762 6756 5782 6888 6670
8 4964 4816 4731 4891 6872 6724 6639 6799
8 4693 4734 4890 4775 6601 6642 6798 6683
8 4981 4684 4813 4728 6889 6592 6721 6636
8 4524 4523 4838 4764 6432 6431 6746 6672
8 4974 4953 4758 4925 6882 6861 6666 6833
8 4988 4749 4870 4654 6896 6657 6778 6562
8 4757 4873 4994 4872 6665 6781 6902 6780
8 4724 4810 4979 4901 6632 6718 6887 6809
8 4677 4733 4931 4676 6585 6641 6839 6584
8 5012 5011 4660 4661 6920 6919 6568 6569
8 4956 4867 4723 4769 6864 6775 6631 6677
8 4749 4988 4969 4763 6657 6896 6877 6671
8 4664 5014 5015 4663 6572 6922 6923 6571
8 4741 4847 4963 4889 6649 6755 6871 6797
8 4727 4872 4965 4896 6635 6780 6873 6804
8 5002 4514 4513 4637 6910 6422 6421 6545
8 4993 4871 4756 4921 6901 6779 6664 6829
8 4759 4938 5003 4875 6667 6846 6911 6783
8 4972 4744 4815 4698 6880 6652 6723 6606
8 4577 4504 4961 4761 6485 6412 6869 6669
8 4970 4639 4640 4516 6878 6547 6548 6424
8 3682 4595 5016 3858 5590 6503 6924 5766
8 4715 4946 4828 4947 6623 6854 6736 6855
8 4852 4853 4734 4851 6760 6761 6642 6759
8 4990 4749 4690 4795 6898 6657 6598 6703
8 4736 4908 5007 4790 6644 6816 6915 6698
8 4989 4566 3671 3863 6897 6474 5579 5771
8 4520 4519 4986 4521 6428 6427 6894 6429
8 4889 4559 4769 4741 6797 6467 6677 6649
8 4502 4554 4902 4678 6410 6462 6810 6586
8 4933 4596 3681 3876 6841 6504 5589 5784
6 5027 5034 5039 6935 6942 6947
6 5022 5025 5052 6930 6933 6960
6 5028 5022 5053 6936 6930 6961
6 3745 3671 5065 5653 5579 6973
6 5029 5021 5048 6937 6929 6956
6 3747 3746 5043 5655 5654 6951
6 4571 4570 5044 6479 6478 6952
6 4572 4571 5050 6480 6479 6958
6 3746 3745 5051 5654 5653 6959
6 4570 4503 5047 6478 6411 6955
6 3673 3747 5046 5581 5655 6954
6 5035 5026 5042 6943 6934 6950
6 5020 5049 5068 6928 6957 6976
6 5029 5058 5062 6937 6966 6970
6 4555 5037 5067 6463 6945 6975
6 4563 4562 5059 6471 6470 6967
6 5024 5061 5070 6932 6969 6978
6 5062 5023 5069 6970 6931 6977
6 5056 5030 5070 6964 6938 6978
6 5054 5027 5068 6962 6935 6976
8 5054 5019 5034 5027 6962 6927 6942 6935
8 5053 5026 5035 5018 6961 6934 6943 6926
8 5059 5041 5022 5028 6967 6949 6930 6936
8 5029 5062 5054 5021 6937 6970 6962 6929
8 5040 5049 5025 5060 6948 6957 6933 6968
8 5024 5066 5057 5061 6932 6974 6965 6969
8 5041 5060 5025 5022 6949 6968 6933 6930
8 5024 5070 5030 5051 6932 6978 6938 6959
8 5031 5069 5023 5050 6939 6977 6931 6958
8 5048 5040 4559 4558 6956 6948 6467 6466
8 5025 5049 5020 5052 6933 6957 6928 6960
8 5058 5067 5023 5062 6966 6975 6931 6970
8 5068 5027 5045 5020 6976 6935 6953 6928
8 5052 5026 5053 5022 6960 6934 6961 6930
8 5063 5026 5052 5020 6971 6934 6960 6928
8 4565 5066 5036 4566 6473 6974 6944 6474
8 4554 5064 5037 4555 6462 6972 6945 6463
8 5063 5020 5045 5038 6971 6928 6953 6946
8 4569 5033 5035 5042 6477 6941 6943 6950
8 4560 4559 5040 5060 6468 6467 6948 6968
8 5041 5059 4562 4561 6949 6967 6470 6469
8 5053 5018 5061 5028 6961 6926 6969 6936
8 5057 4564 4563 5059 6965 6472 6471 6967
8 5034 5032 4567 5039 6942 6940 6475 6947
8 5021 5054 5068 5049 6929 6962 6976 6957
8 5021 5049 5040 5048 6929 6957 6948 6956
8 5067 5058 4556 4555 6975 6966 6464 6463
8 5048 4558 4557 5029 6956 6466 6465 6937
8 5046 3747 5043 5033 6954 5655 6951 6941
8 5044 4570 5047 5032 6952 6478 6955 6940
8 5036 5066 5024 5051 6944 6974 6932 6959
8 5063 5038 5042 5026 6971 6946 6950 6934
8 5043 5030 5056 5033 6951 6938 6964 6941
8 5044 5032 5055 5031 6952 6940 6963 6939
8 5023 5067 5037 5050 6931 6975 6945 6958
8 3746 5051 5030 5043 5654 6959 6938 6951
8 5031 5050 4571 5044 6939 6958 6479 6952
8 4557 4556 5058 5029 6465 6464 6966 6937
8 5056 5018 5035 5033 6964 6926 6943 6941
8 5055 5032 5034 5019 6963 6940 6942 6927
8 5051 3745 5065 5036 6959 5653 6973 6944
8 5064 4572 5050 5037 6972 6480 6958 6945
8 4561 4560 5060 5041 6469 6468 6968 6949
8 5045 5027 5039 5038 6953 6935 6947 6946
8 4564 5057 5066 4565 6472 6965 6974 6473
8 5070 5061 5018 5056 6978 6969 6926 6964
8 4568 4569 5042 5038 6476 6477 6950 6946
8 5069 5031 5055 5019 6977 6939 6963 6927
8 4566 5036 5065 3671 6474 6944 6973 5579
8 5062 5069 5019 5054 6970 6977 6927 6962
8 4568 5038 5039 4567 6476 6946 6947 6475
8 5028 5061 5057 5059 6936 6969 6965 6967
8 5064 4554 4502 4572 6972 6462 6410 6480
8 5047 4503 4567 5032 6955 6411 6475 6940
8 4569 3673 5046 5033 6477 5581 6954 6941
6 5100 5137 4580 7008 7045 6488
6 4609 5109 4608 6517 7017 6516
6 4587 5110 4586 6495 7018 6494
6 4593 5169 4592 6501 7077 6500
6 4599 5168 4598 6507 7076 6506
6 5113 5181 5096 7021 7089 7004
6 5112 5127 5077 7020 7035 6985
6 5078 5126 5113 6986 7034 7021
6 5081 5128 5120 6989 7036 7028
6 5108 5164 5092 7016 7072 7000
6 5090 5165 5107 6998 7073 7015
6 4590 5130 4589 6498 7038 6497
6 4589 5171 4588 6497 7079 6496
6 4585 5182 4584 6493 7090 6492
6 5119 5129 5082 7027 7037 6990
6 4584 5129 4583 6492 7037 6491
6 5082 5139 5116 6990 7047 7024
6 4604 5128 4603 6512 7036 6511
6 5097 5133 5122 7005 7041 7030
6 4582 5131 4581 6490 7039 6489
6 4606 5132 4605 6514 7040 6513
6 5098 5153 5123 7006 7061 7031
6 5080 5153 5121 6988 7061 7029
6 5075 5176 5147 6983 7084 7055
6 5076 5175 5145 6984 7083 7053
6 5148 5174 5076 7056 7082 6984
6 5146 5173 5075 7054 7081 6983
6 4608 5157 4607 6516 7065 6515
6 4610 5156 4609 6518 7064 6517
6 4588 5158 4587 6496 7066 6495
6 5157 5177 5093 7065 7085 7001
6 5094 5178 5156 7002 7086 7064
6 5095 5179 5158 7003 7087 7066
6 4600 5184 4599 6508 7092 6507
6 4592 5183 4591 6500 7091 6499
6 4573 5162 5143 6481 7070 7051
6 3793 5163 5142 5701 7071 7050
6 5085 5168 5135 6993 7076 7043
6 5134 5169 5088 7042 7077 6996
6 5098 5183 5134 7006 7091 7042
8 5096 5181 5104 5182 7004 7089 7012 7090
8 5106 5091 5173 5146 7014 6999 7081 7054
8 5176 5089 5105 5147 7084 6997 7013 7055
8 5108 5092 5174 5148 7016 7000 7082 7056
8 5175 5090 5107 5145 7083 6998 7015 7053
8 5084 5132 5111 5149 6992 7040 7019 7057
8 5170 5095 5171 5103 7078 7003 7079 7011
8 5114 5136 5087 5150 7022 7044 6995 7058
8 5100 5131 5083 5151 7008 7039 6991 7059
8 5086 5137 5100 5152 6994 7045 7008 7060
8 5082 5129 5104 5139 6990 7037 7012 7047
8 5144 5073 5154 5099 7052 6981 7062 7007
8 5163 5101 5173 5091 7071 7009 7081 6999
8 5176 5101 5160 5089 7084 7009 7068 6997
8 5162 5102 5174 5092 7070 7010 7082 7000
8 5175 5102 5161 5090 7083 7010 7069 6998
8 5121 5153 5073 5144 7029 7061 6981 7052
8 5109 4609 5156 5178 7017 6517 7064 7086
8 5157 4608 5109 5177 7065 6516 7017 7085
8 5106 5146 5088 5169 7014 7054 6996 7077
8 5085 5147 5105 5168 6993 7055 7013 7076
8 5127 5083 5119 5082 7035 6991 7027 6990
8 5103 5130 5080 5172 7011 7038 6988 7080
8 5126 5081 5120 5084 7034 6989 7028 6992
8 5073 5155 5117 5154 6981 7063 7025 7062
8 4584 5182 5104 5129 6492 7090 7012 7037
8 5177 5109 5178 5077 7085 7017 7086 6985
8 5124 4601 5122 5079 7032 6509 7030 6987
8 4593 4594 5106 5169 6501 6502 7014 7077
8 5105 4597 4598 5168 7013 6505 6506 7076
8 5155 5073 5153 5098 7063 6981 7061 7006
8 5159 4586 5110 5180 7067 6494 7018 7088
8 5115 5081 5126 5078 7023 6989 7034 6986
8 5110 4587 5158 5179 7018 6495 7066 7087
8 5125 5133 5071 5172 7033 7041 6979 7080
8 5138 5097 5128 5081 7046 7005 7036 6989
8 5116 5077 5127 5082 7024 6985 7035 6990
8 4590 4591 5123 5130 6498 6499 7031 7038
8 5080 5130 5123 5153 6988 7038 7031 7061
8 4592 5169 5134 5183 6500 7077 7042 7091
8 5135 5099 5154 5085 7043 7007 7062 6993
8 5119 4582 4583 5129 7027 6490 6491 7037
8 4589 5130 5103 5171 6497 7038 7011 7079
8 5178 5094 5112 5077 7086 7002 7020 6985
8 5180 5110 5179 5078 7088 7018 7087 6986
8 5112 5094 5074 5151 7020 7002 6982 7059
8 5072 5181 5113 5149 6980 7089 7021 7057
8 5083 5127 5112 5151 6991 7035 7020 7059
8 5156 4610 5114 5094 7064 6518 7022 7002
8 5079 5122 5133 5125 6987 7030 7041 7033
8 5072 5093 5116 5139 6980 7001 7024 7047
8 3681 4596 5140 3790 5589 6504 7048 5698
8 4504 4577 5141 4576 6412 6485 7049 6484
8 5143 4614 4510 4573 7051 6522 6418 6481
8 5142 4595 3682 3793 7050 6503 5590 5701
8 5111 4607 5157 5093 7019 6515 7065 7001
8 5097 4602 4603 5128 7005 6510 6511 7036
8 5135 5168 4599 5184 7043 7076 6507 7092
8 5079 5125 5121 5144 6987 7033 7029 7052
8 5074 5150 5118 5152 6982 7058 7026 7060
8 4604 4605 5120 5128 6512 6513 7028 7036
8 5155 5098 5134 5088 7063 7006 7042 6996
8 5171 5095 5158 4588 7079 7003 7066 6496
8 5089 5160 5140 5167 6997 7068 7048 7075
8 5143 5162 5092 5164 7051 7070 7000 7072
8 5090 5161 5141 5165 6998 7069 7049 7073
8 5142 5163 5091 5166 7050 7071 6999 7074
8 5113 5126 5084 5149 7021 7034 6992 7057
8 4602 5097 5122 4601 6510 7005 7030 6509
8 5152 5100 5151 5074 7060 7008 7059 6982
8 5138 5071 5133 5097 7046 6979 7041 7005
8 5080 5121 5125 5172 6988 7029 7033 7080
8 5116 5093 5177 5077 7024 7001 7085 6985
8 5087 5136 5108 5148 6995 7044 7016 7056
8 5107 5137 5086 5145 7015 7045 6994 7053
8 5093 5072 5149 5111 7001 6980 7057 7019
8 4585 4586 5159 5182 6493 6494 7067 7090
8 5175 5076 5174 5102 7083 6984 7082 7010
8 5173 5101 5176 5075 7081 7009 7084 6983
8 5100 4580 4581 5131 7008 6488 6489 7039
8 4606 4607 5111 5132 6514 6515 7019 7040
8 4578 4579 5107 5165 6486 6487 7015 7073
8 5108 4612 4613 5164 7016 6520 6521 7072
8 5102 4574 4575 5161 7010 6482 6483 7069
8 5101 3792 3791 5160 7009 5700 5699 7068
8 5075 5147 5117 5146 6983 7055 7025 7054
8 5114 4610 4611 5136 7022 6518 6519 7044
8 5115 5095 5170 5071 7023 7003 7078 6979
8 5144 5099 5124 5079 7052 7007 7032 6987
8 5179 5095 5115 5078 7087 7003 7023 6986
8 5123 4591 5183 5098 7031 6499 7091 7006
8 5113 5096 5180 5078 7021 7004 7088 6986
8 4600 4601 5124 5184 6508 6509 7032 7092
8 5086 5152 5118 5145 6994 7060 7026 7053
8 5117 5147 5085 5154 7025 7055 6993 7062
8 5159 5180 5096 5182 7067 7088 7004 7090
8 5139 5104 5181 5072 7047 7012 7089 6980
8 5076 5145 5118 5148 6984 7053 7026 7056
8 5131 4582 5119 5083 7039 6490 7027 6991
8 5120 4605 5132 5084 7028 6513 7040 6992
8 5172 5071 5170 5103 7080 6979 7078 7011
8 5118 5150 5087 5148 7026 7058 6995 7056
8 5184 5124 5099 5135 7092 7032 7007 7043
8 5150 5074 5094 5114 7058 6982 7002 7022
8 5088 5146 5117 5155 6996 7054 7025 7063
8 3792 5101 5163 3793 5700 7009 7071 5701
8 4574 5102 5162 4573 6482 7010 7070 6481
8 4577 4578 5165 5141 6485 6486 7073 7049
8 4596 4597 5167 5140 6504 6505 7075 7048
8 5164 4613 4614 5143 7072 6521 6522 7051
8 5166 4594 4595 5142 7074 6502 6503 7050
8 5161 4575 4576 5141 7069 6483 6484 7049
8 5160 3791 3790 5140 7068 5699 5698 7048
8 5138 5081 5115 5071 7046 6989 7023 6979
8 4612 5108 5136 4611 6520 7016 7044 6519
8 5137 5107 4579 4580 7045 7015 6487 6488
8 5106 4594 5166 5091 7014 6502 7074 6999
8 5167 4597 5105 5089 7075 6505 7013 6997
6 4639 4638 5272 6547 6546 7180
6 4618 4506 5226 6526 6414 7134
6 4654 4653 5267 6562 6561 7175
6 5241 4635 5260 7149 6543 7168
6 4643 5218 5254 6551 7126 7162
6 4646 4645 5251 6554 6553 7159
6 5196 5232 5235 7104 7140 7143
6 5219 5200 5272 7127 7108 7180
6 5222 4620 5258 7130 6528 7166
6 4653 4652 5245 6561 6560 7153
6 5282 5186 5288 7190 7094 7196
6 5210 5232 5259 7118 7140 7167
6 4632 4631 5247 6540 6539 7155
6 4575 5223 5279 6483 7131 7187
6 4634 4633 5292 6542 6541 7200
6 4631 4630 5295 6539 6538 7203
6 4645 4644 5287 6553 6552 7195
6 5233 5209 5300 7141 7117 7208
6 5206 5227 5265 7114 7135 7173
6 4633 4632 5257 6541 6540 7165
6 4619 4618 5298 6527 6526 7206
6 4622 4621 5252 6530 6529 7160
6 5256 5199 5295 7164 7107 7203
6 5193 5239 5296 7101 7147 7204
6 5251 5205 5255 7159 7113 7163
6 5270 5190 5284 7178 7098 7192
6 5194 5240 5261 7102 7148 7169
6 5203 5258 5298 7111 7166 7206
6 5254 5204 5287 7162 7112 7195
6 5202 5229 5276 7110 7137 7184
6 5210 5243 5302 7118 7151 7210
6 4638 4637 5262 6546 6545 7170
6 5198 5260 5292 7106 7168 7200
6 5267 5207 5289 7175 7115 7197
6 4629 4628 5297 6537 6536 7205
6 4626 4625 5302 6534 6533 7210
8 5247 5215 5270 5202 7155 7123 7178 7110
8 5238 4573 4510 4657 7146 6481 6418 6565
8 4654 5267 5289 4655 6562 7175 7197 6563
8 5276 5217 5257 5202 7184 7125 7165 7110
8 5198 5282 5219 5262 7106 7190 7127 7170
8 5289 5220 4656 4655 7197 7128 6564 6563
8 5272 5246 4640 4639 7180 7154 6548 6547
8 5266 5215 5295 5199 7174 7123 7203 7107
8 5224 5291 5203 5281 7132 7199 7111 7189
8 5229 5284 5204 5275 7137 7192 7112 7183
8 5221 5281 5203 5298 7129 7189 7111 7206
8 5288 5200 5219 5282 7196 7108 7127 7190
8 5246 4641 4508 4640 7154 6549 6416 6548
8 4509 5249 5238 4657 6417 7157 7146 6565
8 4504 4576 5244 4615 6412 6484 7152 6523
8 5228 5274 5189 5278 7136 7182 7097 7186
8 5218 5275 5204 5254 7126 7183 7112 7162
8 5263 5209 5261 5188 7171 7117 7169 7096
8 5229 5202 5270 5284 7137 7110 7178 7192
8 5280 5205 5251 5216 7188 7113 7159 7124
8 5213 5274 5199 5256 7121 7182 7107 7164
8 5255 4647 4646 5251 7163 6555 6554 7159
8 5277 5212 5278 5189 7185 7120 7186 7097
8 5198 5292 5217 5282 7106 7200 7125 7190
8 5216 5287 5204 5284 7124 7195 7112 7192
8 5191 5291 5224 5294 7099 7199 7132 7202
8 4633 5257 5217 5292 6541 7165 7125 7200
8 4641 5246 5285 4642 6549 7154 7193 6550
8 4642 5285 5218 4643 6550 7193 7126 6551
8 5278 5212 5255 5205 7186 7120 7163 7113
8 5286 5207 5267 5214 7194 7115 7175 7122
8 5289 5207 5290 5220 7197 7115 7198 7128
8 5243 5195 5234 4627 7151 7103 7142 6535
8 5231 5194 5233 4649 7139 7102 7141 6557
8 5193 5296 5214 5245 7101 7204 7122 7153
8 5274 5213 5268 5189 7182 7121 7176 7097
8 5280 5190 5266 5228 7188 7098 7174 7136
8 5283 5210 5259 5188 7191 7118 7167 7096
8 5222 5258 5203 5253 7130 7166 7111 7161
8 4645 5287 5216 5251 6553 7195 7124 7159
8 5237 5263 5188 5259 7145 7171 7096 7167
8 4635 5241 4636 4507 6543 7149 6544 6415
8 5241 5262 4637 4636 7149 7170 6545 6544
8 5276 5186 5282 5217 7184 7094 7190 7125
8 5186 5276 5229 5275 7094 7184 7137 7183
8 5230 5245 4652 4651 7138 7153 6560 6559
8 5230 5263 5193 5245 7138 7171 7101 7153
8 5294 5208 5250 5220 7202 7116 7158 7128
8 5192 5279 5223 5242 7100 7187 7131 7150
8 4638 5262 5219 5272 6546 7170 7127 7180
8 5294 5220 5290 5191 7202 7128 7198 7099
8 5252 5201 5269 5211 7160 7109 7177 7119
8 5236 5277 5189 5268 7144 7185 7097 7176
8 5223 5271 5197 5242 7131 7179 7105 7150
8 4631 5295 5215 5247 6539 7203 7123 7155
8 5270 5215 5266 5190 7178 7123 7174 7098
8 4574 5271 5223 4575 6482 7179 7131 6483
8 5285 5200 5288 5218 7193 7108 7196 7126
8 4624 5235 5232 4625 6532 7143 7140 6533
8 5195 5283 5240 5236 7103 7191 7148 7144
8 5187 5296 5239 5264 7095 7204 7147 7172
8 4505 5293 5227 4616 6413 7201 7135 6524
8 5249 5208 5248 5197 7157 7116 7156 7105
8 5256 5295 4630 4629 7164 7203 6538 6537
8 5235 4624 4623 5211 7143 6532 6531 7119
8 5226 5206 5301 5221 7134 7114 7209 7129
8 5190 5280 5216 5284 7098 7188 7124 7192
8 5281 5221 5301 5185 7189 7129 7209 7093
8 5194 5277 5236 5240 7102 7185 7144 7148
8 5264 5196 5235 5211 7172 7104 7143 7119
8 5227 5293 5192 5265 7135 7201 7100 7173
8 5244 5279 5192 5293 7152 7187 7100 7201
8 5196 5237 5259 5232 7104 7145 7167 7140
8 5196 5264 5239 5237 7104 7172 7147 7145
8 5264 5211 5269 5187 7172 7119 7177 7095
8 5224 5281 5185 5248 7132 7189 7093 7156
8 5188 5261 5240 5283 7096 7169 7148 7191
8 4653 5245 5214 5267 6561 7153 7122 7175
8 5248 5185 5242 5197 7156 7093 7150 7105
8 5193 5263 5237 5239 7101 7171 7145 7147
8 5195 5236 5268 5234 7103 7144 7176 7142
8 5250 5208 5249 4509 7158 7116 7157 6417
8 4622 5252 5211 4623 6530 7160 7119 6531
8 4621 4620 5222 5252 6529 6528 7130 7160
8 4617 5273 5226 4506 6525 7181 7134 6414
8 5257 4632 5247 5202 7165 6540 7155 7110
8 5221 5298 4618 5226 7129 7206 6526 7134
8 5187 5269 5225 5286 7095 7177 7133 7194
8 5191 5290 5225 5253 7099 7198 7133 7161
8 5241 5260 5198 5262 7149 7168 7106 7170
8 5197 5271 5238 5249 7105 7179 7146 7157
8 5301 5206 5265 5185 7209 7114 7173 7093
8 5199 5274 5228 5266 7107 7182 7136 7174
8 5279 5244 4576 4575 7187 7152 6484 6483
8 4573 5238 5271 4574 6481 7146 7179 6482
8 4619 5298 5258 4620 6527 7206 7166 6528
8 5250 4509 4656 5220 7158 6417 6564 7128
8 5283 5195 5243 5210 7191 7103 7151 7118
8 5277 5194 5231 5212 7185 7102 7139 7120
8 5233 5194 5261 5209 7141 7102 7169 7117
8 4634 5292 5260 4635 6542 7200 7168 6543
8 5228 5278 5205 5280 7136 7186 7113 7188
8 5296 5187 5286 5214 7204 7095 7194 7122
8 5242 5185 5265 5192 7150 7093 7173 7100
8 4648 5299 5231 4649 6556 7207 7139 6557
8 5254 5287 4644 4643 7162 7195 6552 6551
8 5225 5290 5207 5286 7133 7198 7115 7194
8 5234 5297 4628 4627 7142 7205 6536 6535
8 5233 5300 4650 4649 7141 7208 6558 6557
8 5230 5300 5209 5263 7138 7208 7117 7171
8 4626 5302 5243 4627 6534 7210 7151 6535
8 5302 4625 5232 5210 7210 6533 7140 7118
8 5206 5226 5273 5227 7114 7134 7181 7135
8 5299 5255 5212 5231 7207 7163 7120 7139
8 5222 5253 5201 5252 7130 7161 7109 7160
8 5234 5268 5213 5297 7142 7176 7121 7205
8 5288 5186 5275 5218 7196 7094 7183 7126
8 5246 5272 5200 5285 7154 7180 7108 7193
8 4615 5244 5293 4505 6523 7152 7201 6413
8 5256 4629 5297 5213 7164 6537 7205 7121
8 4616 5227 5273 4617 6524 7135 7181 6525
8 5225 5269 5201 5253 7133 7177 7109 7161
8 5224 5248 5208 5294 7132 7156 7116 7202
8 4647 5255 5299 4648 6555 7163 7207 6556
8 4651 4650 5300 5230 6559 6558 7208 7138
8 5291 5191 5253 5203 7199 7099 7161 7111
8 5399 5398 5397 5396 7307 7306 7305 7304
8 5306 5486 5309 5304 7214 7394 7217 7212
8 5484 5483 5312 5311 7392 7391 7220 7219
8 5473 5472 5323 5322 7381 7380 7231 7230
8 5483 5482 5313 5312 7391 7390 7221 7220
8 5477 5476 5319 5318 7385 7384 7227 7226
8 5479 5478 5317 5316 7387 7386 7225 7224
8 5485 5484 5311 5310 7393 7392 7219 7218
8 5482 5481 5314 5313 7390 7389 7222 7221
8 5481 5480 5315 5314 7389 7388 7223 7222
8 5303 5397 5398 5305 7211 7305 7306 7213
8 5478 5477 5318 5317 7386 7385 7226 7225
8 5402 5401 5394 5393 7310 7309 7302 7301
8 5486 5485 5310 5309 7394 7393 7218 7217
8 5401 5400 5395 5394 7309 7308 7303 7302
8 5407 5406 5389 5388 7315 7314 7297 7296
8 5400 5399 5396 5395 7308 7307 7304 7303
8 5406 5405 5390 5389 7314 7313 7298 7297
8 5410 5409 5386 5385 7318 7317 7294 7293
8 5405 5404 5391 5390 7313 7312 7299 7298
8 5404 5403 5392 5391 7312 7311 7300 7299
8 5413 5412 5383 5382 7321 7320 7291 7290
8 5469 5468 5327 5326 7377 7376 7235 7234
8 5418 5417 5378 5377 7326 7325 7286 7285
8 5463 5462 5333 5332 7371 7370 7241 7240
8 5466 5465 5330 5329 7374 7373 7238 7237
8 5475 5474 5321 5320 7383 7382 7229 7228
8 5453 5452 5343 5342 7361 7360 7251 7250
8 5480 5479 5316 5315 7388 7387 7224 7223
8 5462 5461 5334 5333 7370 7369 7242 7241
8 5403 5402 5393 5392 7311 7310 7301 7300
8 5476 5475 5320 5319 7384 7383 7228 7227
8 5408 5407 5388 5387 7316 7315 7296 7295
8 5468 5467 5328 5327 7376 7375 7236 7235
8 5471 5470 5325 5324 7379 7378 7233 7232
8 5467 5466 5329 5328 7375 7374 7237 7236
8 5470 5469 5326 5325 7378 7377 7234 7233
8 5474 5473 5322 5321 7382 7381 7230 7229
8 5465 5464 5331 5330 7373 7372 7239 7238
8 5409 5408 5387 5386 7317 7316 7295 7294
8 5414 5413 5382 5381 7322 7321 7290 7289
8 5461 5460 5335 5334 7369 7368 7243 7242
8 5456 5455 5340 5339 7364 7363 7248 7247
8 5458 5457 5338 5337 7366 7365 7246 7245
8 5472 5471 5324 5323 7380 7379 7232 7231
8 5457 5456 5339 5338 7365 7364 7247 7246
8 5422 5421 5374 5373 7330 7329 7282 7281
8 5429 5428 5367 5366 7337 7336 7275 7274
8 5421 5420 5375 5374 7329 7328 7283 7282
8 5416 5415 5380 5379 7324 7323 7288 7287
8 5433 5432 5363 5362 7341 7340 7271 7270
8 5425 5424 5371 5370 7333 7332 7279 7278
8 5411 5410 5385 5384 7319 7318 7293 7292
8 5430 5429 5366 5365 7338 7337 7274 7273
8 5415 5414 5381 5380 7323 7322 7289 7288
8 5412 5411 5384 5383 7320 7319 7292 7291
8 5417 5416 5379 5378 7325 7324 7287 7286
8 5450 5449 5346 5345 7358 7357 7254 7253
8 5447 5446 5349 5348 7355 7354 7257 7256
8 5440 5439 5356 5355 7348 7347 7264 7263
8 5459 5458 5337 5336 7367 7366 7245 7244
8 5444 5443 5352 5351 7352 7351 7260 7259
8 5448 5447 5348 5347 7356 7355 7256 7255
8 5436 5435 5360 5359 7344 7343 7268 7267
8 5432 5431 5364 5363 7340 7339 7272 7271
8 5427 5426 5369 5368 7335 7334 7277 7276
8 5460 5459 5336 5335 7368 7367 7244 7243
8 5419 5418 5377 5376 7327 7326 7285 7284
8 5441 5440 5355 5354 7349 7348 7263 7262
8 5445 5444 5351 5350 7353 7352 7259 7258
8 5423 5422 5373 5372 7331 7330 7281 7280
8 5420 5419 5376 5375 7328 7327 7284 7283
8 5424 5423 5372 5371 7332 7331 7280 7279
8 5446 5445 5350 5349 7354 7353 7258 7257
8 5464 5463 5332 5331 7372 7371 7240 7239
8 5454 5453 5342 5341 7362 7361 7250 7249
8 5437 5436 5359 5358 7345 7344 7267 7266
8 5428 5427 5368 5367 7336 7335 7276 7275
8 5455 5454 5341 5340 7363 7362 7249 7248
8 5451 5450 5345 5344 7359 7358 7253 7252
8 5452 5451 5344 5343 7360 7359 7252 7251
8 5449 5448 5347 5346 7357 7356 7255 7254
8 5442 5441 5354 5353 7350 7349 7262 7261
8 5439 5438 5357 5356 7347 7346 7265 7264
8 5443 5442 5353 5352 7351 7350 7261 7260
8 5438 5437 5358 5357 7346 7345 7266 7265
8 5435 5434 5361 5360 7343 7342 7269 7268
8 5426 5425 5370 5369 7334 7333 7278 7277
8 5431 5430 5365 5364 7339 7338 7273 7272
8 5434 5433 5362 5361 7342 7341 7270 7269
8 5425 5426 5515 5514 7333 7334 7423 7422
8 5471 5472 5561 5560 7379 7380 7469 7468
8 5502 5413 5414 5503 7410 7321 7322 7411
8 5499 5410 5411 5500 7407 7318 7319 7408
8 5478 5479 5568 5567 7386 7387 7476 7475
8 5401 5402 5491 5490 7309 7310 7399 7398
8 5491 5402 5403 5492 7399 7310 7311 7400
8 5408 5409 5498 5497 7316 7317 7406 7405
8 5492 5403 5404 5493 7400 7311 7312 7401
8 5512 5423 5424 5513 7420 7331 7332 7421
8 5495 5406 5407 5496 7403 7314 7315 7404
8 5482 5483 5572 5571 7390 7391 7480 7479
8 5488 5399 5400 5489 7396 7307 7308 7397
8 5475 5476 5565 5564 7383 7384 7473 7472
8 5307 5305 5398 5487 7215 7213 7306 7395
8 5306 5308 5575 5486 7214 7216 7483 7394
8 5422 5423 5512 5511 7330 7331 7420 7419
8 5487 5398 5399 5488 7395 7306 7307 7396
8 5572 5483 5484 5573 7480 7391 7392 7481
8 5507 5418 5419 5508 7415 7326 7327 7416
8 5493 5404 5405 5494 7401 7312 7313 7402
8 5479 5480 5569 5568 7387 7388 7477 7476
8 5496 5407 5408 5497 7404 7315 7316 7405
8 5500 5411 5412 5501 7408 7319 7320 7409
8 5485 5486 5575 5574 7393 7394 7483 7482
8 5505 5416 5417 5506 7413 7324 7325 7414
8 5409 5410 5499 5498 7317 7318 7407 7406
8 5494 5405 5406 5495 7402 7313 7314 7403
8 5421 5422 5511 5510 7329 7330 7419 7418
8 5504 5415 5416 5505 7412 7323 7324 7413
8 5430 5431 5520 5519 7338 7339 7428 7427
8 5427 5428 5517 5516 7335 7336 7425 7424
8 5429 5430 5519 5518 7337 7338 7427 7426
8 5426 5427 5516 5515 7334 7335 7424 7423
8 5400 5401 5490 5489 7308 7309 7398 7397
8 5509 5420 5421 5510 7417 7328 7329 7418
8 5501 5412 5413 5502 7409 7320 7321 7410
8 5503 5414 5415 5504 7411 7322 7323 7412
8 5508 5419 5420 5509 7416 7327 7328 7417
8 5424 5425 5514 5513 7332 7333 7422 7421
8 5506 5417 5418 5507 7414 7325 7326 7415
8 5450 5451 5540 5539 7358 7359 7448 7447
8 5451 5452 5541 5540 7359 7360 7449 7448
8 5453 5454 5543 5542 7361 7362 7451 7450
8 5466 5467 5556 5555 7374 7375 7464 7463
8 5463 5464 5553 5552 7371 7372 7461 7460
8 5459 5460 5549 5548 7367 7368 7457 7456
8 5433 5434 5523 5522 7341 7342 7431 7430
8 5460 5461 5550 5549 7368 7369 7458 7457
8 5469 5470 5559 5558 7377 7378 7467 7466
8 5476 5477 5566 5565 7384 7385 7474 7473
8 5461 5462 5551 5550 7369 7370 7459 7458
8 5457 5458 5547 5546 7365 7366 7455 7454
8 5462 5463 5552 5551 7370 7371 7460 7459
8 5467 5468 5557 5556 7375 7376 7465 7464
8 5480 5481 5570 5569 7388 7389 7478 7477
8 5477 5478 5567 5566 7385 7386 7475 7474
8 5484 5485 5574 5573 7392 7393 7482 7481
8 5436 5437 5526 5525 7344 7345 7434 7433
8 5434 5435 5524 5523 7342 7343 7432 7431
8 5464 5465 5554 5553 7372 7373 7462 7461
8 5472 5473 5562 5561 7380 7381 7470 7469
8 5481 5482 5571 5570 7389 7390 7479 7478
8 5468 5469 5558 5557 7376 7377 7466 7465
8 5473 5474 5563 5562 7381 7382 7471 7470
8 5458 5459 5548 5547 7366 7367 7456 7455
8 5465 5466 5555 5554 7373 7374 7463 7462
8 5470 5471 5560 5559 7378 7379 7468 7467
8 5474 5475 5564 5563 7382 7383 7472 7471
8 5431 5432 5521 5520 7339 7340 7429 7428
8 5432 5433 5522 5521 7340 7341 7430 7429
8 5454 5455 5544 5543 7362 7363 7452 7451
8 5428 5429 5518 5517 7336 7337 7426 7425
8 5446 5447 5536 5535 7354 7355 7444 7443
8 5438 5439 5528 5527 7346 7347 7436 7435
8 5440 5441 5530 5529 7348 7349 7438 7437
8 5435 5436 5525 5524 7343 7344 7433 7432
8 5445 5446 5535 5534 7353 7354 7443 7442
8 5437 5438 5527 5526 7345 7346 7435 7434
8 5439 5440 5529 5528 7347 7348 7437 7436
8 5455 5456 5545 5544 7363 7364 7453 7452
8 5456 5457 5546 5545 7364 7365 7454 7453
8 5448 5449 5538 5537 7356 7357 7446 7445
8 5443 5444 5533 5532 7351 7352 7441 7440
8 5444 5445 5534 5533 7352 7353 7442 7441
8 5452 5453 5542 5541 7360 7361 7450 7449
8 5447 5448 5537 5536 7355 7356 7445 7444
8 5449 5450 5539 5538 7357 7358 7447 7446
8 5442 5443 5532 5531 7350 7351 7440 7439
8 5441 5442 5531 5530 7349 7350 7439 7438
6 3698 3697 5502 5606 5605 7410
6 3685 3684 5489 5593 5592 7397
6 3686 3685 5490 5594 5593 7398
6 3687 3686 5491 5595 5594 7399
6 3688 3687 5492 5596 5595 7400
6 3689 3688 5493 5597 5596 7401
6 3690 3689 5494 5598 5597 7402
6 3691 3690 5495 5599 5598 7403
6 3692 3691 5496 5600 5599 7404
6 3693 3692 5497 5601 5600 7405
6 3694 3693 5498 5602 5601 7406
6 3695 3694 5499 5603 5602 7407
6 3696 3695 5500 5604 5603 7408
6 3697 3696 5501 5605 5604 7409
6 3699 3698 5503 5607 5606 7411
6 3700 3699 5504 5608 5607 7412
6 3701 3700 5505 5609 5608 7413
6 3702 3701 5506 5610 5609 7414
6 3703 3702 5507 5611 5610 7415
6 3704 3703 5508 5612 5611 7416
6 3705 3704 5509 5613 5612 7417
6 3706 3705 5510 5614 5613 7418
6 3707 3706 5511 5615 5614 7419
6 3708 3707 5512 5616 5615 7420
6 3709 3708 5513 5617 5616 7421
6 3710 3709 5514 5618 5617 7422
6 3711 3710 5515 5619 5618 7423
6 3712 3711 5516 5620 5619 7424
6 3713 3712 5517 5621 5620 7425
6 3714 3713 5518 5622 5621 7426
6 3715 3714 5519 5623 5622 7427
6 3716 3715 5520 5624 5623 7428
6 3717 3716 5521 5625 5624 7429
6 3718 3717 5522 5626 5625 7430
6 3719 3718 5523 5627 5626 7431
6 3720 3719 5524 5628 5627 7432
6 3721 3720 5525 5629 5628 7433
6 3722 3721 5526 5630 5629 7434
6 3723 3722 5527 5631 5630 7435
6 3724 3723 5528 5632 5631 7436
6 3725 3724 5529 5633 5632 7437
6 3669 3725 5530 5577 5633 7438
6 4553 3669 5532 6461 5577 7440
6 4552 4553 5533 6460 6461 7441
6 4551 4552 5534 6459 6460 7442
6 5530 5531 3669 7438 7439 5577
6 4550 4551 5535 6458 6459 7443
6 4549 4550 5536 6457 6458 7444
6 4548 4549 5537 6456 6457 7445
6 4547 4548 5538 6455 6456 7446
6 4546 4547 5539 6454 6455 7447
6 4545 4546 5540 6453 6454 7448
6 4544 4545 5541 6452 6453 7449
6 4543 4544 5542 6451 6452 7450
6 4542 4543 5543 6450 6451 7451
6 4541 4542 5544 6449 6450 7452
6 4540 4541 5545 6448 6449 7453
6 4539 4540 5546 6447 6448 7454
6 4538 4539 5547 6446 6447 7455
6 4537 4538 5548 6445 6446 7456
6 4536 4537 5549 6444 6445 7457
6 4535 4536 5550 6443 6444 7458
6 4534 4535 5551 6442 6443 7459
6 4533 4534 5552 6441 6442 7460
6 4532 4533 5553 6440 6441 7461
6 4531 4532 5554 6439 6440 7462
6 4530 4531 5555 6438 6439 7463
6 4529 4530 5556 6437 6438 7464
6 4528 4529 5557 6436 6437 7465
6 4527 4528 5558 6435 6436 7466
6 4526 4527 5559 6434 6435 7467
6 4525 4526 5560 6433 6434 7468
6 4524 4525 5561 6432 6433 7469
6 4523 4524 5562 6431 6432 7470
6 4522 4523 5563 6430 6431 7471
6 4521 4522 5564 6429 6430 7472
6 4520 4521 5565 6428 6429 7473
6 4519 4520 5566 6427 6428 7474
6 4518 4519 5567 6426 6427 7475
6 4517 4518 5568 6425 6426 7476
6 4516 4517 5569 6424 6425 7477
6 4515 4516 5570 6423 6424 7478
6 4514 4515 5571 6422 6423 7479
6 4513 4514 5572 6421 6422 7480
6 4512 4513 5573 6420 6421 7481
6 4511 4512 5574 6419 6420 7482
6 4501 4511 5575 6409 6419 7483
6 4501 5575 5308 6409 7483 7216
6 3684 3683 5488 5592 5591 7396
6 3683 3668 5487 5591 5576 7395
6 5307 5487 3668 7215 7395 5576
6 5487 5488 3683 7395 7396 5591
6 5488 5489 3684 7396 7397 5592
6 5489 5490 3685 7397 7398 5593
6 5490 5491 3686 7398 7399 5594
6 5491 5492 3687 7399 7400 5595
6 5492 5493 3688 7400 7401 5596
6 5493 5494 3689 7401 7402 5597
6 5494 5495 3690 7402 7403 5598
6 5495 5496 3691 7403 7404 5599
6 5496 5497 3692 7404 7405 5600
6 5497 5498 3693 7405 7406 5601
6 5498 5499 3694 7406 7407 5602
6 5499 5500 3695 7407 7408 5603
6 5500 5501 3696 7408 7409 5604
6 5501 5502 3697 7409 7410 5605
6 5502 5503 3698 7410 7411 5606
6 5503 5504 3699 7411 7412 5607
6 5504 5505 3700 7412 7413 5608
6 5505 5506 3701 7413 7414 5609
6 5506 5507 3702 7414 7415 5610
6 5507 5508 3703 7415 7416 5611
6 5508 5509 3704 7416 7417 5612
6 5509 5510 3705 7417 7418 5613
6 5510 5511 3706 7418 7419 5614
6 5511 5512 3707 7419 7420 5615
6 5512 5513 3708 7420 7421 5616
6 5513 5514 3709 7421 7422 5617
6 5514 5515 3710 7422 7423 5618
6 5515 5516 3711 7423 7424 5619
6 5516 5517 3712 7424 7425 5620
6 5517 5518 3713 7425 7426 5621
6 5518 5519 3714 7426 7427 5622
6 5519 5520 3715 7427 7428 5623
6 5520 5521 3716 7428 7429 5624
6 5521 5522 3717 7429 7430 5625
6 5522 5523 3718 7430 7431 5626
6 5523 5524 3719 7431 7432 5627
6 5524 5525 3720 7432 7433 5628
6 5525 5526 3721 7433 7434 5629
6 5526 5527 3722 7434 7435 5630
6 5527 5528 3723 7435 7436 5631
6 5528 5529 3724 7436 7437 5632
6 5529 5530 3725 7437 7438 5633
6 5531 5532 3669 7439 7440 5577
6 5532 5533 4553 7440 7441 6461
6 5533 5534 4552 7441 7442 6460
6 5534 5535 4551 7442 7443 6459
6 5535 5536 4550 7443 7444 6458
6 5536 5537 4549 7444 7445 6457
6 5537 5538 4548 7445 7446 6456
6 5538 5539 4547 7446 7447 6455
6 5539 5540 4546 7447 7448 6454
6 5540 5541 4545 7448 7449 6453
6 5541 5542 4544 7449 7450 6452
6 5542 5543 4543 7450 7451 6451
6 5543 5544 4542 7451 7452 6450
6 5544 5545 4541 7452 7453 6449
6 5545 5546 4540 7453 7454 6448
6 5546 5547 4539 7454 7455 6447
6 5547 5548 4538 7455 7456 6446
6 5548 5549 4537 7456 7457 6445
6 5549 5550 4536 7457 7458 6444
6 5550 5551 4535 7458 7459 6443
6 5551 5552 4534 7459 7460 6442
6 5552 5553 4533 7460 7461 6441
6 5553 5554 4532 7461 7462 6440
6 5554 5555 4531 7462 7463 6439
6 5555 5556 4530 7463 7464 6438
6 5556 5557 4529 7464 7465 6437
6 5557 5558 4528 7465 7466 6436
6 5558 5559 4527 7466 7467 6435
6 5559 5560 4526 7467 7468 6434
6 5560 5561 4525 7468 7469 6433
6 5561 5562 4524 7469 7470 6432
6 5562 5563 4523 7470 7471 6431
6 5563 5564 4522 7471 7472 6430
6 5564 5565 4521 7472 7473 6429
6 5565 5566 4520 7473 7474 6428
6 5566 5567 4519 7474 7475 6427
6 5567 5568 4518 7475 7476 6426
6 5568 5569 4517 7476 7477 6425
6 5569 5570 4516 7477 7478 6424
6 5570 5571 4515 7478 7479 6423
6 5571 5572 4514 7479 7480 6422
6 5572 5573 4513 7480 7481 6421
6 5573 5574 4512 7481 7482 6420
6 5574 5575 4511 7482 7483 6419
CELL_TYPES 4254
13
13
13
13
13
13
13
13
13
13
13
13
13
13
13
13
13
13
13
13
13
13
13
13
13
13
13
13
13
12
12
12
12
12
12
12
12
12
12
12
12
12
12
12
12
12
12
12
12
12
12
12
12
12
12
12
12
12
12
12
12
12
12
12
12
12
12
12
12
12
12
12
12
12
12
12
12
12
12
12
12
12
12
12
12
12
12
12
12
12
12
12
12
12
12
12
12
12
12
12
12
12
12
12
13
13
13
13
13
13
13
12
12
12
12
13
12
12
12
12
12
12
12
12
13
13
13
13
13
13
13
13
13
13
12
12
12
12
12
12
12
12
12
12
12
13
13
13
13
13
13
13
13
13
13
13
13
13
13
13
13
13
13
13
13
13
13
13
13
13
13
13
13
13
12
12
12
12
12
12
12
12
12
12
12
12
12
12
12
12
12
12
12
12
12
12
12
12
12
12
12
12
12
12
12
12
12
12
12
12
12
12
12
12
12
12
12
12
12
12
12
12
12
12
12
12
12
12
12
12
12
12
12
12
12
12
12
12
12
12
12
12
12
12
12
12
12
12
12
13
13
13
13
13
13
13
12
12
12
12
13
12
12
12
12
12
12
12
12
13
13
13
13
13
13
13
13
13
13
12
12
12
12
12
12
12
12
12
12
12
13
13
13
13
13
13
13
13
13
13
13
13
13
13
13
13
13
13
13
13
13
13
13
13
13
13
13
13
13
12
12
12
12
12
12
12
12
12
12
12
12
12
12
12
12
12
12
12
12
12
12
12
12
12
12
12
12
12
12
12
12
12
12
12
12
12
12
12
12
12
12
12
12
12
12
12
12
12
12
12
12
12
12
12
12
12
12
12
12
12
12
12
12
12
12
12
12
12
12
12
12
12
12
12
13
13
13
13
13
13
13
12
12
12
12
13
12
12
12
12
12
12
12
12
13
13
13
13
13
13
13
13
13
13
12
12
12
12
12
12
12
12
12
12
12
13
13
13
13
13
13
13
13
13
13
13
13
13
13
13
13
13
13
13
13
13
13
13
13
13
13
13
13
13
12
12
12
12
12
12
12
12
12
12
12
12
12
12
12
12
12
12
12
12
12
12
12
12
12
12
12
12
12
12
12
12
12
12
12
12
12
12
12
12
12
12
12
12
12
12
12
12
12
12
12
12
12
12
12
12
12
12
12
12
12
12
12
12
12
12
12
12
12
12
12
12
12
12
12
13
13
13
13
13
13
13
12
12
12
12
13
12
12
12
12
12
12
12
12
13
13
13
13
13
13
13
13
13
13
12
12
12
12
12
12
12
12
12
12
12
13
13
13
13
13
13
13
13
13
13
13
13
13
13
13
13
13
13
13
13
13
13
13
13
13
13
13
13
13
12
12
12
12
12
12
12
12
12
12
12
12
12
12
12
12
12
12
12
12
12
12
12
12
12
12
12
12
12
12
12
12
12
12
12
12
12
12
12
12
12
12
12
12
12
12
12
12
12
12
12
12
12
12
12
12
12
12
12
12
12
12
12
12
12
12
12
12
12
12
12
12
12
12
12
13
13
13
13
13
13
13
12
12
12
12
13
12
12
12
12
12
12
12
12
13
13
13
13
13
13
13
13
13
13
12
12
12
12
12
12
12
12
12
12
12
13
13
13
13
13
13
13
13
13
13
13
13
13
13
13
13
13
13
13
13
13
13
13
13
13
13
13
13
13
12
12
12
12
12
12
12
12
12
12
12
12
12
12
12
12
12
12
12
12
12
12
12
12
12
12
12
12
12
12
12
12
12
12
12
12
12
12
12
12
12
12
12
12
12
12
12
12
12
12
12
12
12
12
12
12
12
12
12
12
12
12
12
12
12
12
12
12
12
12
12
12
12
12
12
13
13
13
13
13
13
13
12
12
12
12
13
12
12
12
12
12
12
12
12
13
13
13
13
13
13
13
13
13
13
12
12
12
12
12
12
12
12
12
12
12
13
13
13
13
13
13
13
13
13
13
13
13
13
13
13
13
13
13
13
13
13
13
13
13
13
13
13
13
13
12
12
12
12
12
12
12
12
12
12
12
12
12
12
12
12
12
12
12
12
12
12
12
12
12
12
12
12
12
12
12
12
12
12
12
12
12
12
12
12
12
12
12
12
12
12
12
12
12
12
12
12
12
12
12
12
12
12
12
12
12
12
12
12
12
12
12
12
12
12
12
12
12
12
12
13
13
13
13
13
13
13
12
12
12
12
13
12
12
12
12
12
12
12
12
13
13
13
13
13
13
13
13
13
13
12
12
12
12
12
12
12
12
12
12
12
13
13
13
13
13
13
13
13
13
13
13
13
13
13
13
13
13
13
13
13
13
13
13
13
13
13
13
13
13
12
12
12
12
12
12
12
12
12
12
12
12
12
12
12
12
12
12
12
12
12
12
12
12
12
12
12
12
12
12
12
12
12
12
12
12
12
12
12
12
12
12
12
12
12
12
12
12
12
12
12
12
12
12
12
12
12
12
12
12
12
12
12
12
12
12
12
12
12
12
12
12
12
12
12
13
13
13
13
13
13
13
12
12
12
12
13
12
12
12
12
12
12
12
12
13
13
13
13
13
13
13
13
13
13
12
12
12
12
12
12
12
12
12
12
12
13
13
13
13
13
13
13
13
13
13
13
13
13
13
13
13
13
13
13
13
13
13
13
13
13
13
13
13
13
12
12
12
12
12
12
12
12
12
12
12
12
12
12
12
12
12
12
12
12
12
12
12
12
12
12
12
12
12
12
12
12
12
12
12
12
12
12
12
12
12
12
12
12
12
12
12
12
12
12
12
12
12
12
12
12
12
12
12
12
12
12
12
12
12
12
12
12
12
12
12
12
12
12
12
13
13
13
13
13
13
13
12
12
12
12
13
12
12
12
12
12
12
12
12
13
13
13
13
13
13
13
13
13
13
12
12
12
12
12
12
12
12
12
12
12
13
13
13
13
13
13
13
13
13
13
13
13
13
13
13
13
13
13
13
13
13
13
13
13
13
13
13
13
13
12
12
12
12
12
12
12
12
12
12
12
12
12
12
12
12
12
12
12
12
12
12
12
12
12
12
12
12
12
12
12
12
12
12
12
12
12
12
12
12
12
12
12
12
12
12
12
12
12
12
12
12
12
12
12
12
12
12
12
12
12
12
12
12
12
12
12
12
12
12
12
12
12
12
12
13
13
13
13
13
13
13
12
12
12
12
13
12
12
12
12
12
12
12
12
13
13
13
13
13
13
13
13
13
13
12
12
12
12
12
12
12
12
12
12
12
13
13
13
13
13
13
13
13
13
13
13
13
13
13
13
13
13
13
13
13
13
13
13
13
13
13
13
13
13
12
12
12
12
12
12
12
12
12
12
12
12
12
12
12
12
12
12
12
12
12
12
12
12
12
12
12
12
12
12
12
12
12
12
12
12
12
12
12
12
12
12
12
12
12
12
12
12
12
12
12
12
12
12
12
12
12
12
12
12
12
12
12
12
12
12
12
12
12
12
12
12
12
12
12
13
13
13
13
13
13
13
12
12
12
12
13
12
12
12
12
12
12
12
12
13
13
13
13
13
13
13
13
13
13
12
12
12
12
12
12
12
12
12
12
12
13
13
13
13
13
13
13
13
13
13
13
13
13
13
13
13
13
13
13
13
13
13
13
13
13
13
13
13
13
12
12
12
12
12
12
12
12
12
12
12
12
12
12
12
12
12
12
12
12
12
12
12
12
12
12
12
12
12
12
12
12
12
12
12
12
12
12
12
12
12
12
12
12
12
12
12
12
12
12
12
12
12
12
12
12
12
12
12
12
12
12
12
12
12
12
12
12
12
12
12
12
12
12
12
13
13
13
13
13
13
13
12
12
12
12
13
12
12
12
12
12
12
12
12
13
13
13
13
13
13
13
13
13
13
12
12
12
12
12
12
12
12
12
12
12
12
12
12
12
12
12
12
12
12
12
12
12
12
12
12
12
12
12
12
12
12
12
12
12
12
12
12
12
12
12
12
12
12
12
12
12
12
12
12
12
12
12
12
12
12
12
12
12
12
12
12
12
12
12
12
12
12
12
12
12
12
12
12
12
12
12
12
12
12
12
12
12
12
12
12
12
12
12
12
12
12
12
12
12
12
12
12
12
12
12
12
12
12
12
12
12
12
12
12
12
12
12
12
12
12
12
12
12
12
12
12
12
12
12
12
12
12
12
12
12
12
12
12
12
12
12
12
12
12
12
12
12
12
12
12
12
12
12
12
12
12
12
12
12
12
12
12
12
12
12
12
12
12
12
12
12
12
12
12
12
12
12
12
12
12
12
12
12
12
12
12
12
12
12
12
12
12
12
12
12
13
13
13
13
13
13
13
13
13
13
13
13
13
13
13
13
13
13
13
13
13
13
13
13
13
13
13
13
13
13
13
13
13
13
13
13
13
13
13
13
13
13
13
13
13
13
13
13
13
13
13
13
13
13
13
13
13
13
13
13
13
13
13
13
13
13
13
13
13
13
13
13
13
13
13
13
13
13
13
13
13
13
13
13
13
13
13
13
13
13
13
13
13
13
13
13
13
13
13
13
13
13
13
13
13
13
13
13
13
13
13
13
13
13
13
13
13
13
13
13
13
13
13
13
13
13
13
13
13
13
13
13
13
13
13
13
13
13
13
13
13
13
13
13
13
13
13
13
13
13
13
13
13
13
13
13
13
13
13
13
13
13
13
13
13
13
13
13
13
13
13
13
13
13
13
13
13
13
13
13
13
13
13
13
13
13
13
13
13
13
13
13
13
13
13
13
13
13
13
13
13
13
13
13
13
13
13
13
13
13
13
13
13
13
13
13
13
13
13
13
13
13
13
13
13
13
13
13
13
13
13
13
13
13
13
13
13
13
13
13
13
13
13
13
13
13
13
13
13
13
13
13
13
13
13
13
13
13
13
13
13
13
13
13
13
13
13
13
13
13
13
13
13
13
13
13
13
13
13
13
13
13
13
13
13
13
13
13
13
13
13
13
13
13
13
13
13
13
13
13
13
13
13
13
13
13
13
13
13
13
13
13
13
13
13
13
13
13
13
13
12
12
12
12
12
12
12
12
12
12
12
12
12
12
12
12
12
12
12
12
12
12
12
12
12
12
12
12
12
12
12
12
12
12
12
12
12
12
12
12
12
12
12
12
12
12
12
12
12
12
12
12
12
12
12
12
12
12
12
12
12
12
12
12
12
12
12
12
12
12
12
12
12
12
12
12
12
12
12
12
12
12
12
12
12
12
12
12
12
12
12
12
12
12
12
12
12
12
12
12
12
12
12
12
12
12
12
12
12
12
12
12
12
12
12
12
12
12
12
12
12
12
12
12
12
12
12
12
12
12
12
12
12
12
12
12
12
12
12
12
12
12
12
12
12
12
12
12
12
12
12
12
12
12
12
12
12
12
12
12
12
12
12
12
12
12
12
12
12
12
12
12
12
12
12
12
12
12
12
12
12
12
12
12
12
12
12
12
12
12
12
12
12
12
12
12
12
12
12
12
12
12
12
12
12
12
12
12
12
12
12
12
12
12
12
12
12
12
12
12
12
12
12
12
12
12
12
12
12
12
12
12
12
12
12
12
12
12
12
12
12
12
12
12
12
12
12
12
12
12
12
12
12
12
12
12
12
12
12
12
12
12
12
12
12
12
12
12
12
12
12
12
12
12
12
12
12
12
12
12
12
12
12
12
12
12
12
12
12
12
12
12
12
12
12
12
12
12
12
12
12
12
12
12
12
12
12
12
12
12
12
12
12
12
12
12
12
12
12
12
12
12
12
12
12
12
12
12
12
12
12
12
12
12
12
12
12
12
12
12
12
12
12
12
12
12
12
12
12
12
12
12
12
12
12
12
12
12
12
12
12
12
12
12
12
12
12
12
12
12
12
12
13
13
13
13
13
13
13
13
13
13
13
13
13
13
13
13
13
13
13
13
12
12
12
12
12
12
12
12
12
12
12
12
12
12
12
12
12
12
12
12
12
12
12
12
12
12
12
12
12
12
12
12
12
12
12
12
12
12
12
12
12
12
12
12
12
12
12
12
12
12
12
12
12
12
12
13
13
13
13
13
13
13
13
13
13
13
13
13
13
13
13
13
13
13
13
13
13
13
13
13
13
13
13
13
13
13
13
13
13
13
13
13
13
13
13
12
12
12
12
12
12
12
12
12
12
12
12
12
12
12
12
12
12
12
12
12
12
12
12
12
12
12
12
12
12
12
12
12
12
12
12
12
12
12
12
12
12
12
12
12
12
12
12
12
12
12
12
12
12
12
12
12
12
12
12
12
12
12
12
12
12
12
12
12
12
12
12
12
12
12
12
12
12
12
12
12
12
12
12
12
12
12
12
12
12
12
12
12
12
12
12
12
12
12
12
12
12
12
12
12
12
12
12
12
12
12
12
12
12
12
12
12
12
13
13
13
13
13
13
13
13
13
13
13
13
13
13
13
13
13
13
13
13
13
13
13
13
13
13
13
13
13
13
13
13
13
13
13
13
12
12
12
12
12
12
12
12
12
12
12
12
12
12
12
12
12
12
12
12
12
12
12
12
12
12
12
12
12
12
12
12
12
12
12
12
12
12
12
12
12
12
12
12
12
12
12
12
12
12
12
12
12
12
12
12
12
12
12
12
12
12
12
12
12
12
12
12
12
12
12
12
12
12
12
12
12
12
12
12
12
12
12
12
12
12
12
12
12
12
12
12
12
12
12
12
12
12
12
12
12
12
12
12
12
12
12
12
12
12
12
12
12
12
12
12
12
12
12
12
12
12
12
12
12
12
13
13
13
13
13
13
13
13
13
13
13
13
13
13
13
13
13
13
13
13
13
13
13
13
13
13
13
13
13
13
13
13
13
13
13
13
13
13
13
13
13
13
13
13
13
13
13
13
13
13
13
13
13
13
13
13
13
13
13
13
13
13
13
13
13
13
13
13
13
13
13
13
13
13
13
13
13
13
13
13
13
13
13
13
13
13
13
13
13
13
13
13
13
13
13
13
13
13
13
13
13
13
13
13
13
13
13
13
13
13
13
13
13
13
13
13
13
13
13
13
13
13
12
12
12
12
12
12
12
12
12
12
12
12
12
12
12
12
12
12
12
12
12
12
12
12
12
12
12
12
12
12
12
12
12
12
12
12
12
12
12
12
12
12
12
12
12
12
12
12
12
12
12
12
12
12
12
12
12
12
12
12
12
12
12
12
12
12
12
12
12
12
12
12
12
12
12
12
12
12
12
12
12
12
12
12
12
12
12
12
12
12
12
12
12
12
12
12
12
12
12
12
12
12
12
12
12
12
12
12
12
12
12
12
12
12
12
12
12
12
12
12
12
12
12
12
12
12
12
12
12
12
12
12
12
12
12
12
12
12
12
12
12
12
12
12
12
12
12
12
12
12
12
12
12
12
12
12
12
12
12
12
12
12
12
12
12
12
12
12
12
12
12
12
12
12
12
12
12
12
12
12
12
12
12
12
12
12
12
12
12
12
12
12
12
12
12
12
12
12
12
12
12
12
12
12
12
12
12
12
12
12
12
12
12
12
12
12
12
12
12
12
12
12
12
12
12
12
12
12
12
12
12
12
12
12
12
12
12
12
12
12
12
12
12
12
12
12
12
12
12
12
12
12
12
12
12
12
12
12
12
12
12
12
12
12
12
12
12
12
12
12
12
12
12
12
12
12
12
12
12
12
12
12
12
12
12
12
12
12
12
12
12
12
12
12
12
12
12
12
12
12
12
12
12
12
12
12
12
12
12
12
12
12
12
12
12
12
12
12
12
12
12
12
12
12
12
12
12
12
12
12
12
12
12
12
12
12
12
12
12
12
12
12
12
12
12
12
12
12
12
12
12
12
12
12
12
12
12
12
12
12
12
12
12
12
12
12
12
12
12
12
12
12
13
13
13
13
13
13
13
13
13
13
13
13
13
13
13
13
13
13
13
13
12
12
12
12
12
12
12
12
12
12
12
12
12
12
12
12
12
12
12
12
12
12
12
12
12
12
12
12
12
12
12
12
12
12
12
12
12
12
12
12
12
12
12
12
12
12
12
12
12
12
12
12
12
12
12
13
13
13
13
13
13
13
13
13
13
13
13
13
13
13
13
13
13
13
13
13
13
13
13
13
13
13
13
13
13
13
13
13
13
13
13
13
13
13
13
12
12
12
12
12
12
12
12
12
12
12
12
12
12
12
12
12
12
12
12
12
12
12
12
12
12
12
12
12
12
12
12
12
12
12
12
12
12
12
12
12
12
12
12
12
12
12
12
12
12
12
12
12
12
12
12
12
12
12
12
12
12
12
12
12
12
12
12
12
12
12
12
12
12
12
12
12
12
12
12
12
12
12
12
12
12
12
12
12
12
12
12
12
12
12
12
12
12
12
12
12
12
12
12
12
12
12
12
12
12
12
12
12
12
12
12
12
12
13
13
13
13
13
13
13
13
13
13
13
13
13
13
13
13
13
13
13
13
13
13
13
13
13
13
13
13
13
13
13
13
13
13
13
13
12
12
12
12
12
12
12
12
12
12
12
12
12
12
12
12
12
12
12
12
12
12
12
12
12
12
12
12
12
12
12
12
12
12
12
12
12
12
12
12
12
12
12
12
12
12
12
12
12
12
12
12
12
12
12
12
12
12
12
12
12
12
12
12
12
12
12
12
12
12
12
12
12
12
12
12
12
12
12
12
12
12
12
12
12
12
12
12
12
12
12
12
12
12
12
12
12
12
12
12
12
12
12
12
12
12
12
12
12
12
12
12
12
12
12
12
12
12
12
12
12
12
12
12
12
12
12
12
12
12
12
12
12
12
12
12
12
12
12
12
12
12
12
12
12
12
12
12
12
12
12
12
12
12
12
12
12
12
12
12
12
12
12
12
12
12
12
12
12
12
12
12
12
12
12
12
12
12
12
12
12
12
12
12
12
12
12
12
12
12
12
12
12
12
12
12
12
12
12
12
12
12
12
12
12
12
12
12
12
12
12
12
12
12
12
12
12
12
12
12
12
12
12
12
12
12
12
12
12
12
12
12
12
12
12
12
12
12
12
12
12
12
12
12
12
12
12
12
12
12
12
12
12
12
12
12
12
12
12
12
12
12
12
12
12
12
12
12
12
12
12
12
12
12
12
12
12
12
12
12
12
12
12
12
12
12
12
12
12
12
12
12
12
12
12
12
12
12
12
12
12
12
12
12
12
12
13
13
13
13
13
13
13
13
13
13
13
13
13
13
13
13
13
13
13
13
13
13
13
13
13
13
13
13
13
13
13
13
13
13
13
13
13
13
13
13
13
13
13
13
13
13
13
13
13
13
13
13
13
13
13
13
13
13
13
13
13
13
13
13
13
13
13
13
13
13
13
13
13
13
13
13
13
13
13
13
13
13
13
13
13
13
13
13
13
13
13
13
13
13
13
13
13
13
13
13
13
13
13
13
13
13
13
13
13
13
13
13
13
13
13
13
13
13
13
13
13
13
13
13
13
13
13
13
13
13
13
13
13
13
13
13
13
13
13
13
13
13
13
13
13
13
13
13
13
13
13
13
13
13
13
13
13
13
13
13
13
13
13
13
13
13
13
13
13
13
13
13
13
13
13
13
13
13
POINT_DATA 7484
SCALARS node_id int 1
LOOKUP_TABLE default
1
2
3
4
5
6
7
8
9
10
11
12
13
14
15
16
17
18
19
20
21
22
23
24
25
26
27
28
29
30
31
32
33
34
35
36
37
38
39
40
41
42
43
44
45
46
47
48
49
50
51
52
53
54
55
56
57
58
59
60
61
62
63
64
65
66
67
68
69
70
71
72
73
74
75
76
77
78
79
80
81
82
83
84
85
86
87
88
89
90
91
92
93
94
95
96
97
98
99
100
101
102
103
104
105
106
107
108
109
110
111
112
113
114
115
116
117
118
119
120
121
122
123
124
125
126
127
128
129
130
131
132
133
134
135
136
137
138
139
140
141
142
143
144
145
146
147
148
149
150
151
152
153
154
155
156
157
158
159
160
161
162
163
164
165
166
167
168
169
170
171
172
173
174
175
176
177
178
179
180
181
182
183
184
185
186
187
188
189
190
191
192
193
194
195
196
197
198
199
200
201
202
203
204
205
206
207
208
209
210
211
212
213
214
215
216
217
218
219
220
221
222
223
224
225
226
227
228
229
230
231
232
233
234
235
236
237
238
239
240
241
242
243
244
245
246
247
248
249
250
251
252
253
254
255
256
257
258
259
260
261
262
263
264
265
266
267
268
269
270
271
272
273
274
275
276
277
278
279
280
281
282
283
284
285
286
287
288
289
290
291
292
293
294
295
296
297
298
299
300
301
302
303
304
305
306
307
308
309
310
311
312
313
314
315
316
317
318
319
320
321
322
323
324
325
326
327
328
329
330
331
332
333
334
335
336
337
338
339
340
341
342
343
344
345
346
347
348
349
350
351
352
353
354
355
356
357
358
359
360
361
362
363
364
365
366
367
368
369
370
371
372
373
374
375
376
377
378
379
380
381
382
383
384
385
386
387
388
389
390
391
392
393
394
395
396
397
398
399
400
401
402
403
404
405
406
407
408
409
410
411
412
413
414
415
416
417
418
419
420
421
422
423
424
425
426
427
428
429
430
431
432
433
434
435
436
437
438
439
440
441
442
443
444
445
446
447
448
449
450
451
452
453
454
455
456
457
458
459
460
461
462
463
464
465
466
467
468
469
470
471
472
473
474
475
476
477
478
479
480
481
482
483
484
485
486
487
488
489
490
491
492
493
494
495
496
497
498
499
500
501
502
503
504
505
506
507
508
509
510
511
512
513
514
515
516
517
518
519
520
521
522
523
524
525
526
527
528
529
530
531
532
533
534
535
536
537
538
539
540
541
542
543
544
545
546
547
548
549
550
551
552
553
554
555
556
557
558
559
560
561
562
563
564
565
566
567
568
569
570
571
572
573
574
575
576
577
578
579
580
581
582
583
584
585
586
587
588
589
590
591
592
593
594
595
596
597
598
599
600
601
602
603
604
605
606
607
608
609
610
611
612
613
614
615
616
617
618
619
620
621
622
623
624
625
626
627
628
629
630
631
632
633
634
635
636
637
638
639
640
641
642
643
644
645
646
647
648
649
650
651
652
653
654
655
656
657
658
659
660
661
662
663
664
665
666
667
668
669
670
671
672
673
674
675
676
677
678
679
680
681
682
683
684
685
686
687
688
689
690
691
692
693
694
695
696
697
698
699
700
701
702
703
704
705
706
707
708
709
710
711
712
713
714
715
716
717
718
719
720
721
722
723
724
725
726
727
728
729
730
731
732
733
734
735
736
737
738
739
740
741
742
743
744
745
746
747
748
749
750
751
752
753
754
755
756
757
758
759
760
761
762
763
764
765
766
767
768
769
770
771
772
773
774
775
776
777
778
779
780
781
782
783
784
785
786
787
788
789
790
791
792
793
794
795
796
797
798
799
800
801
802
803
804
805
806
807
808
809
810
811
812
813
814
815
816
817
818
819
820
821
822
823
824
825
826
827
828
829
830
831
832
833
834
835
836
837
838
839
840
841
842
843
844
845
846
847
848
849
850
851
852
853
854
855
856
857
858
859
860
861
862
863
864
865
866
867
868
869
870
871
872
873
874
875
876
877
878
879
880
881
882
883
884
885
886
887
888
889
890
891
892
893
894
895
896
897
898
899
900
901
902
903
904
905
906
907
908
909
910
911
912
913
914
915
916
917
918
919
920
921
922
923
924
925
926
927
928
929
930
931
932
933
934
935
936
937
938
939
940
941
942
943
944
945
946
947
948
949
950
951
952
953
954
955
956
957
958
959
960
961
962
963
964
965
966
967
968
969
970
971
972
973
974
975
976
977
978
979
980
981
982
983
984
985
986
987
988
989
990
991
992
993
994
995
996
997
998
999
1000
1001
1002
1003
1004
1005
1006
1007
1008
1009
1010
1011
1012
1013
1014
1015
1016
1017
1018
1019
1020
1021
1022
1023
1024
1025
1026
1027
1028
1029
1030
1031
1032
1033
1034
1035
1036
1037
1038
1039
1040
1041
1042
1043
1044
1045
1046
1047
1048
1049
1050
1051
1052
1053
1054
1055
1056
1057
1058
1059
1060
1061
1062
1063
1064
1065
1066
1067
1068
1069
1070
1071
1072
1073
1074
1075
1076
1077
1078
1079
1080
1081
1082
1083
1084
1085
1086
1087
1088
1089
1090
1091
1092
1093
1094
1095
1096
1097
1098
1099
1100
1101
1102
1103
1104
1105
1106
1107
1108
1109
1110
1111
1112
1113
1114
1115
1116
1117
1118
1119
1120
1121
1122
1123
1124
1125
1126
1127
1128
1129
1130
1131
1132
1133
1134
1135
1136
1137
1138
1139
1140
1141
1142
1143
1144
1145
1146
1147
1148
1149
1150
1151
1152
1153
1154
1155
1156
1157
1158
1159
1160
1161
1162
1163
1164
1165
1166
1167
1168
1169
1170
1171
1172
1173
1174
1175
1176
1177
1178
1179
1180
1181
1182
1183
1184
1185
1186
1187
1188
1189
1190
1191
1192
1193
1194
1195
1196
1197
1198
1199
1200
1201
1202
1203
1204
1205
1206
1207
1208
1209
1210
1211
1212
1213
1214
1215
1216
1217
1218
1219
1220
1221
1222
1223
1224
1225
1226
1227
1228
1229
1230
1231
1232
1233
1234
1235
1236
1237
1238
1239
1240
1241
1242
1243
1244
1245
1246
1247
1248
1249
1250
1251
1252
1253
1254
1255
1256
1257
1258
1259
1260
1261
1262
1263
1264
1265
1266
1267
1268
1269
1270
1271
1272
1273
1274
1275
1276
1277
1278
1279
1280
1281
1282
1283
1284
1285
1286
1287
1288
1289
1290
1291
1292
1293
1294
1295
1296
1297
1298
1299
1300
1301
1302
1303
1304
1305
1306
1307
1308
1309
1310
1311
1312
1313
1314
1315
1316
1317
1318
1319
1320
1321
1322
1323
1324
1325
1326
1327
1328
1329
1330
1331
1332
1333
1334
1335
1336
1337
1338
1339
1340
1341
1342
1343
1344
1345
1346
1347
1348
1349
1350
1351
1352
1353
1354
1355
1356
1357
1358
1359
1360
1361
1362
1363
1364
1365
1366
1367
1368
1369
1370
1371
1372
1373
1374
1375
1376
1377
1378
1379
1380
1381
1382
1383
1384
1385
1386
1387
1388
1389
1390
1391
1392
1393
1394
1395
1396
1397
1398
1399
1400
1401
1402
1403
1404
1405
1406
1407
1408
1409
1410
1411
1412
1413
1414
1415
1416
1417
1418
1419
1420
1421
1422
1423
1424
1425
1426
1427
1428
1429
1430
1431
1432
1433
1434
1435
1436
1437
1438
1439
1440
1441
1442
1443
1444
1445
1446
1447
1448
1449
1450
1451
1452
1453
1454
1455
1456
1457
1458
1459
1460
1461
1462
1463
1464
1465
1466
1467
1468
1469
1470
1471
1472
1473
1474
1475
1476
1477
1478
1479
1480
1481
1482
1483
1484
1485
1486
1487
1488
1489
1490
1491
1492
1493
1494
1495
1496
1497
1498
1499
1500
1501
1502
1503
1504
1505
1506
1507
1508
1509
1510
1511
1512
1513
1514
1515
1516
1517
1518
1519
1520
1521
1522
1523
1524
1525
1526
1527
1528
1529
1530
1531
1532
1533
1534
1535
1536
1537
1538
1539
1540
1541
1542
1543
1544
1545
1546
1547
1548
1549
1550
1551
1552
1553
1554
1555
1556
1557
1558
1559
1560
1561
1562
1563
1564
1565
1566
1567
1568
1569
1570
1571
1572
1573
1574
1575
1576
1577
1578
1579
1580
1581
1582
1583
1584
1585
1586
1587
1588
1589
1590
1591
1592
1593
1594
1595
1596
1597
1598
1599
1600
1601
1602
1603
1604
1605
1606
1607
1608
1609
1610
1611
1612
1613
1614
1615
1616
1617
1618
1619
1620
1621
1622
1623
1624
1625
1626
1627
1628
1629
1630
1631
1632
1633
1634
1635
1636
1637
1638
1639
1640
1641
1642
1643
1644
1645
1646
1647
1648
1649
1650
1651
1652
1653
1654
1655
1656
1657
1658
1659
1660
1661
1662
1663
1664
1665
1666
1667
1668
1669
1670
1671
1672
1673
1674
1675
1676
1677
1678
1679
1680
1681
1682
1683
1684
1685
1686
1687
1688
1689
1690
1691
1692
1693
1694
1695
1696
1697
1698
1699
1700
1701
1702
1703
1704
1705
1706
1707
1708
1709
1710
1711
1712
1713
1714
1715
1716
1717
1718
1719
1720
1721
1722
1723
1724
1725
1726
1727
1728
1729
1730
1731
1732
1733
1734
1735
1736
1737
1738
1739
1740
1741
1742
1743
1744
1745
1746
1747
1748
1749
1750
1751
1752
1753
1754
1755
1756
1757
1758
1759
1760
1761
1762
1763
1764
1765
1766
1767
1768
1769
1770
1771
1772
1773
1774
1775
1776
1777
1778
1779
1780
1781
1782
1783
1784
1785
1786
1787
1788
1789
1790
1791
1792
1793
1794
1795
1796
1797
1798
1799
1800
1801
1802
1803
1804
1805
1806
1807
1808
1809
1810
1811
1812
1813
1814
1815
1816
1817
1818
1819
1820
1821
1822
1823
1824
1825
1826
1827
1828
1829
1830
1831
1832
1833
1834
2001
2002
2003
2004
2005
2006
2007
2008
2009
2010
2011
2012
2013
2014
2015
2016
2017
2018
2019
2020
2021
2022
2023
2024
2025
2026
2027
2028
2029
2030
2031
2032
2033
2034
2035
2036
2037
2038
2039
2040
2041
2042
2043
2044
2045
2046
2047
2048
2049
2050
2051
2052
2053
2054
2055
2056
2057
2058
2059
2060
2061
2062
2063
2064
2065
2066
2067
2068
2069
2070
2071
2072
2073
2074
2075
2076
2077
2078
2079
2080
2081
2082
2083
2084
2085
2086
2087
2088
2089
2090
2091
2092
2093
2094
2095
2096
2097
2098
2099
2100
2101
2102
2103
2104
2105
2106
2107
2108
2109
2110
2111
2112
2113
2114
2115
2116
2117
2118
2119
2120
2121
2122
2123
2124
2125
2126
2127
2128
2129
2130
2131
2132
2133
2134
2135
2136
2137
2138
2139
2140
2141
2142
2143
2144
2145
2146
2147
2148
2149
2150
2151
2152
2153
2154
2155
2156
2157
2158
2159
2160
2161
2162
2163
2164
2165
2166
2167
2168
2169
2170
2171
2172
2173
2174
2175
2176
2177
2178
2179
2180
2181
2182
2183
2184
2185
2186
2187
2188
2189
2190
2191
2192
2193
2194
2195
2196
2197
2198
2199
2200
2201
2202
2203
2204
2205
2206
2207
2208
2209
2210
2211
2212
2213
2214
2215
2216
2217
2218
2219
2220
2221
2222
2223
2224
2225
2226
2227
2228
2229
2230
2231
2232
2233
2234
2235
2236
2237
2238
2239
2240
2241
2242
2243
2244
2245
2246
2247
2248
2249
2250
2251
2252
2253
2254
2255
2256
2257
2258
2259
2260
2261
2262
2263
2264
2265
2266
2267
2268
2269
2270
2271
2272
2273
2274
2275
2276
2277
2278
2279
2280
2281
2282
2283
2284
2285
2286
2287
2288
2289
2290
2291
2292
2293
2294
2295
2296
2297
2298
2299
2300
2301
2302
2303
2304
2305
2306
2307
2308
2309
2310
2311
2312
2313
2314
2315
2316
2317
2318
2319
2320
2321
2322
2323
2324
2325
2326
2327
2328
2329
2330
2331
2332
2333
2334
2335
2336
2337
2338
2339
2340
2341
2342
2343
2344
2345
2346
2347
2348
2349
2350
2351
2352
2353
2354
2355
2356
2357
2358
2359
2360
2361
2362
2363
2364
2365
2366
2367
2368
2369
2370
2371
2372
2373
2374
2375
2376
2377
2378
2379
2380
2381
2382
2383
2384
2385
2386
2387
2388
2389
2390
2391
2392
2393
2394
2395
2396
2397
2398
2399
2400
2401
2402
2403
2404
2405
2406
2407
2408
2409
2410
2411
2412
2413
2414
2415
2416
2417
2418
2419
2420
2421
2422
2423
2424
2425
2426
2427
2428
2429
2430
2431
2432
2433
2434
2435
2436
2437
2438
2439
2440
2441
2442
2443
2444
2445
2446
2447
2448
2449
2450
2451
2452
2453
2454
2455
2456
2457
2458
2459
2460
2461
2462
2463
2464
2465
2466
2467
2468
2469
2470
2471
2472
2473
2474
2475
2476
2477
2478
2479
2480
2481
2482
2483
2484
2485
2486
2487
2488
2489
2490
2491
2492
2493
2494
2495
2496
2497
2498
2499
2500
2501
2502
2503
2504
2505
2506
2507
2508
2509
2510
2511
2512
2513
2514
2515
2516
2517
2518
2519
2520
2521
2522
2523
2524
2525
2526
2527
2528
2529
2530
2531
2532
2533
2534
2535
2536
2537
2538
2539
2540
2541
2542
2543
2544
2545
2546
2547
2548
2549
2550
2551
2552
2553
2554
2555
2556
2557
2558
2559
2560
2561
2562
2563
2564
2565
2566
2567
2568
2569
2570
2571
2572
2573
2574
2575
2576
2577
2578
2579
2580
2581
2582
2583
2584
2585
2586
2587
2588
2589
2590
2591
2592
2593
2594
2595
2596
2597
2598
2599
2600
2601
2602
2603
2604
2605
2606
2607
2608
2609
2610
2611
2612
2613
2614
2615
2616
2617
2618
2619
2620
2621
2622
2623
2624
2625
2626
2627
2628
2629
2630
2631
2632
2633
2634
2635
2636
2637
2638
2639
2640
2641
2642
2643
2644
2645
2646
2647
2648
2649
2650
2651
2652
2653
2654
2655
2656
2657
2658
2659
2660
2661
2662
2663
2664
2665
2666
2667
2668
2669
2670
2671
2672
2673
2674
2675
2676
2677
2678
2679
2680
2681
2682
2683
2684
2685
2686
2687
2688
2689
2690
2691
2692
2693
2694
2695
2696
2697
2698
2699
2700
2701
2702
2703
2704
2705
2706
2707
2708
2709
2710
2711
2712
2713
2714
2715
2716
2717
2718
2719
2720
2721
2722
2723
2724
2725
2726
2727
2728
2729
2730
2731
2732
2733
2734
2735
2736
2737
2738
2739
2740
2741
2742
2743
2744
2745
2746
2747
2748
2749
2750
2751
2752
2753
2754
2755
2756
2757
2758
2759
2760
2761
2762
2763
2764
2765
2766
2767
2768
2769
2770
2771
2772
2773
2774
2775
2776
2777
2778
2779
2780
2781
2782
2783
2784
2785
2786
2787
2788
2789
2790
2791
2792
2793
2794
2795
2796
2797
2798
2799
2800
2801
2802
2803
2804
2805
2806
2807
2808
2809
2810
2811
2812
2813
2814
2815
2816
2817
2818
2819
2820
2821
2822
2823
2824
2825
2826
2827
2828
2829
2830
2831
2832
2833
2834
2835
2836
2837
2838
2839
2840
2841
2842
2843
2844
2845
2846
2847
2848
2849
2850
2851
2852
2853
2854
2855
2856
2857
2858
2859
2860
2861
2862
2863
2864
2865
2866
2867
2868
2869
2870
2871
2872
2873
2874
2875
2876
2877
2878
2879
2880
2881
2882
2883
2884
2885
2886
2887
2888
2889
2890
2891
2892
2893
2894
2895
2896
2897
2898
2899
2900
2901
2902
2903
2904
2905
2906
2907
2908
2909
2910
2911
2912
2913
2914
2915
2916
2917
2918
2919
2920
2921
2922
2923
2924
2925
2926
2927
2928
2929
2930
2931
2932
2933
2934
2935
2936
2937
2938
2939
2940
2941
2942
2943
2944
2945
2946
2947
2948
2949
2950
2951
2952
2953
2954
2955
2956
2957
2958
2959
2960
2961
2962
2963
2964
2965
2966
2967
2968
2969
2970
2971
2972
2973
2974
2975
2976
2977
2978
2979
2980
2981
2982
2983
2984
2985
2986
2987
2988
2989
2990
2991
2992
2993
2994
2995
2996
2997
2998
2999
3000
3001
3002
3003
3004
3005
3006
3007
3008
3009
3010
3011
3012
3013
3014
3015
3016
3017
3018
3019
3020
3021
3022
3023
3024
3025
3026
3027
3028
3029
3030
3031
3032
3033
3034
3035
3036
3037
3038
3039
3040
3041
3042
3043
3044
3045
3046
3047
3048
3049
3050
3051
3052
3053
3054
3055
3056
3057
3058
3059
3060
3061
3062
3063
3064
3065
3066
3067
3068
3069
3070
3071
3072
3073
3074
3075
3076
3077
3078
3079
3080
3081
3082
3083
3084
3085
3086
3087
3088
3089
3090
3091
3092
3093
3094
3095
3096
3097
3098
3099
3100
3101
3102
3103
3104
3105
3106
3107
3108
3109
3110
3111
3112
3113
3114
3115
3116
3117
3118
3119
3120
3121
3122
3123
3124
3125
3126
3127
3128
3129
3130
3131
3132
3133
3134
3135
3136
3137
3138
3139
3140
3141
3142
3143
3144
3145
3146
3147
3148
3149
3150
3151
3152
3153
3154
3155
3156
3157
3158
3159
3160
3161
3162
3163
3164
3165
3166
3167
3168
3169
3170
3171
3172
3173
3174
3175
3176
3177
3178
3179
3180
3181
3182
3183
3184
3185
3186
3187
3188
3189
3190
3191
3192
3193
3194
3195
3196
3197
3198
3199
3200
3201
3202
3203
3204
3205
3206
3207
3208
3209
3210
3211
3212
3213
3214
3215
3216
3217
3218
3219
3220
3221
3222
3223
3224
3225
3226
3227
3228
3229
3230
3231
3232
3233
3234
3235
3236
3237
3238
3239
3240
3241
3242
3243
3244
3245
3246
3247
3248
3249
3250
3251
3252
3253
3254
3255
3256
3257
3258
3259
3260
3261
3262
3263
3264
3265
3266
3267
3268
3269
3270
3271
3272
3273
3274
3275
3276
3277
3278
3279
3280
3281
3282
3283
3284
3285
3286
3287
3288
3289
3290
3291
3292
3293
3294
3295
3296
3297
3298
3299
3300
3301
3302
3303
3304
3305
3306
3307
3308
3309
3310
3311
3312
3313
3314
3315
3316
3317
3318
3319
3320
3321
3322
3323
3324
3325
3326
3327
3328
3329
3330
3331
3332
3333
3334
3335
3336
3337
3338
3339
3340
3341
3342
3343
3344
3345
3346
3347
3348
3349
3350
3351
3352
3353
3354
3355
3356
3357
3358
3359
3360
3361
3362
3363
3364
3365
3366
3367
3368
3369
3370
3371
3372
3373
3374
3375
3376
3377
3378
3379
3380
3381
3382
3383
3384
3385
3386
3387
3388
3389
3390
3391
3392
3393
3394
3395
3396
3397
3398
3399
3400
3401
3402
3403
3404
3405
3406
3407
3408
3409
3410
3411
3412
3413
3414
3415
3416
3417
3418
3419
3420
3421
3422
3423
3424
3425
3426
3427
3428
3429
3430
3431
3432
3433
3434
3435
3436
3437
3438
3439
3440
3441
3442
3443
3444
3445
3446
3447
3448
3449
3450
3451
3452
3453
3454
3455
3456
3457
3458
3459
3460
3461
3462
3463
3464
3465
3466
3467
3468
3469
3470
3471
3472
3473
3474
3475
3476
3477
3478
3479
3480
3481
3482
3483
3484
3485
3486
3487
3488
3489
3490
3491
3492
3493
3494
3495
3496
3497
3498
3499
3500
3501
3502
3503
3504
3505
3506
3507
3508
3509
3510
3511
3512
3513
3514
3515
3516
3517
3518
3519
3520
3521
3522
3523
3524
3525
3526
3527
3528
3529
3530
3531
3532
3533
3534
3535
3536
3537
3538
3539
3540
3541
3542
3543
3544
3545
3546
3547
3548
3549
3550
3551
3552
3553
3554
3555
3556
3557
3558
3559
3560
3561
3562
3563
3564
3565
3566
3567
3568
3569
3570
3571
3572
3573
3574
3575
3576
3577
3578
3579
3580
3581
3582
3583
3584
3585
3586
3587
3588
3589
3590
3591
3592
3593
3594
3595
3596
3597
3598
3599
3600
3601
3602
3603
3604
3605
3606
3607
3608
3609
3610
3611
3612
3613
3614
3615
3616
3617
3618
3619
3620
3621
3622
3623
3624
3625
3626
3627
3628
3629
3630
3631
3632
3633
3634
3635
3636
3637
3638
3639
3640
3641
3642
3643
3644
3645
3646
3647
3648
3649
3650
3651
3652
3653
3654
3655
3656
3657
3658
3659
3660
3661
3662
3663
3664
3665
3666
3667
3668
3669
3670
3671
3672
3673
3674
3675
3676
3677
3678
3679
3680
3681
3682
3683
3684
3685
3686
3687
3688
3689
3690
3691
3692
3693
3694
3695
3696
3697
3698
3699
3700
3701
3702
3703
3704
3705
3706
3707
3708
3709
3710
3711
3712
3713
3714
3715
3716
3717
3718
3719
3720
3721
3722
3723
3724
3725
3726
3727
3728
3729
3730
3731
3732
3733
3734
3735
3736
3737
3738
3739
3740
3741
3742
3743
3744
3745
3746
3747
3748
3749
3750
3751
3752
3753
3754
3755
3756
3757
3758
3759
3760
3761
3762
3763
3764
3765
3766
3767
3768
3769
3770
3771
3772
3773
3774
3775
3776
3777
3778
3779
3780
3781
3782
3783
3784
3785
3786
3787
3788
3789
3790
3791
3792
3793
3794
3795
3796
3797
3798
3799
3800
3801
3802
3803
3804
3805
3806
3807
3808
3809
3810
3811
3812
3813
3814
3815
3816
3817
3818
3819
3820
3821
3822
3823
3824
3825
3826
3827
3828
3829
3830
3831
3832
3833
3834
4001
4002
4003
4004
4005
4006
4007
4008
4009
4010
4011
4012
4013
4014
4015
4016
4017
4018
4019
4020
4021
4022
4023
4024
4025
4026
4027
4028
4029
4030
4031
4032
4033
4034
4035
4036
4037
4038
4039
4040
4041
4042
4043
4044
4045
4046
4047
4048
4049
4050
4051
4052
4053
4054
4055
4056
4057
4058
4059
4060
4061
4062
4063
4064
4065
4066
4067
4068
4069
4070
4071
4072
4073
4074
4075
4076
4077
4078
4079
4080
4081
4082
4083
4084
4085
4086
4087
4088
4089
4090
4091
4092
4093
4094
4095
4096
4097
4098
4099
4100
4101
4102
4103
4104
4105
4106
4107
4108
4109
4110
4111
4112
4113
4114
4115
4116
4117
4118
4119
4120
4121
4122
4123
4124
4125
4126
4127
4128
4129
4130
4131
4132
4133
4134
4135
4136
4137
4138
4139
4140
4141
4142
4143
4144
4145
4146
4147
4148
4149
4150
4151
4152
4153
4154
4155
4156
4157
4158
4159
4160
4161
4162
4163
4164
4165
4166
4167
4168
4169
4170
4171
4172
4173
4174
4175
4176
4177
4178
4179
4180
4181
4182
4183
4184
4185
4186
4187
4188
4189
4190
4191
4192
4193
4194
4195
4196
4197
4198
4199
4200
4201
4202
4203
4204
4205
4206
4207
4208
4209
4210
4211
4212
4213
4214
4215
4216
4217
4218
4219
4220
4221
4222
4223
4224
4225
4226
4227
4228
4229
4230
4231
4232
4233
4234
4235
4236
4237
4238
4239
4240
4241
4242
4243
4244
4245
4246
4247
4248
4249
4250
4251
4252
4253
4254
4255
4256
4257
4258
4259
4260
4261
4262
4263
4264
4265
4266
4267
4268
4269
4270
4271
4272
4273
4274
4275
4276
4277
4278
4279
4280
4281
4282
4283
4284
4285
4286
4287
4288
4289
4290
4291
4292
4293
4294
4295
4296
4297
4298
4299
4300
4301
4302
4303
4304
4305
4306
4307
4308
4309
4310
4311
4312
4313
4314
4315
4316
4317
4318
4319
4320
4321
4322
4323
4324
4325
4326
4327
4328
4329
4330
4331
4332
4333
4334
4335
4336
4337
4338
4339
4340
4341
4342
4343
4344
4345
4346
4347
4348
4349
4350
4351
4352
4353
4354
4355
4356
4357
4358
4359
4360
4361
4362
4363
4364
4365
4366
4367
4368
4369
4370
4371
4372
4373
4374
4375
4376
4377
4378
4379
4380
4381
4382
4383
4384
4385
4386
4387
4388
4389
4390
4391
4392
4393
4394
4395
4396
4397
4398
4399
4400
4401
4402
4403
4404
4405
4406
4407
4408
4409
4410
4411
4412
4413
4414
4415
4416
4417
4418
4419
4420
4421
4422
4423
4424
4425
4426
4427
4428
4429
4430
4431
4432
4433
4434
4435
4436
4437
4438
4439
4440
4441
4442
4443
4444
4445
4446
4447
4448
4449
4450
4451
4452
4453
4454
4455
4456
4457
4458
4459
4460
4461
4462
4463
4464
4465
4466
4467
4468
4469
4470
4471
4472
4473
4474
4475
4476
4477
4478
4479
4480
4481
4482
4483
4484
4485
4486
4487
4488
4489
4490
4491
4492
4493
4494
4495
4496
4497
4498
4499
4500
4501
4502
4503
4504
4505
4506
4507
4508
4509
4510
4511
4512
4513
4514
4515
4516
4517
4518
4519
4520
4521
4522
4523
4524
4525
4526
4527
4528
4529
4530
4531
4532
4533
4534
4535
4536
4537
4538
4539
4540
4541
4542
4543
4544
4545
4546
4547
4548
4549
4550
4551
4552
4553
4554
4555
4556
4557
4558
4559
4560
4561
4562
4563
4564
4565
4566
4567
4568
4569
4570
4571
4572
4573
4574
4575
4576
4577
4578
4579
4580
4581
4582
4583
4584
4585
4586
4587
4588
4589
4590
4591
4592
4593
4594
4595
4596
4597
4598
4599
4600
4601
4602
4603
4604
4605
4606
4607
4608
4609
4610
4611
4612
4613
4614
4615
4616
4617
4618
4619
4620
4621
4622
4623
4624
4625
4626
4627
4628
4629
4630
4631
4632
4633
4634
4635
4636
4637
4638
4639
4640
4641
4642
4643
4644
4645
4646
4647
4648
4649
4650
4651
4652
4653
4654
4655
4656
4657
4658
4659
4660
4661
4662
4663
4664
4665
4666
4667
4668
4669
4670
4671
4672
4673
4674
4675
4676
4677
4678
4679
4680
4681
4682
4683
4684
4685
4686
4687
4688
4689
4690
4691
4692
4693
4694
4695
4696
4697
4698
4699
4700
4701
4702
4703
4704
4705
4706
4707
4708
4709
4710
4711
4712
4713
4714
4715
4716
4717
4718
4719
4720
4721
4722
4723
4724
4725
4726
4727
4728
4729
4730
4731
4732
4733
4734
4735
4736
4737
4738
4739
4740
4741
4742
4743
4744
4745
4746
4747
4748
4749
4750
4751
4752
4753
4754
4755
4756
4757
4758
4759
4760
4761
4762
4763
4764
4765
4766
4767
4768
4769
4770
4771
4772
4773
4774
4775
4776
4777
4778
4779
4780
4781
4782
4783
4784
4785
4786
4787
4788
4789
4790
4791
4792
4793
4794
4795
4796
4797
4798
4799
4800
4801
4802
4803
4804
4805
4806
4807
4808
4809
4810
4811
4812
4813
4814
4815
4816
4817
4818
4819
4820
4821
4822
4823
4824
4825
4826
4827
4828
4829
4830
4831
4832
4833
4834
4835
4836
4837
4838
4839
4840
4841
4842
4843
4844
4845
4846
4847
4848
4849
4850
4851
4852
4853
4854
4855
4856
4857
4858
4859
4860
4861
4862
4863
4864
4865
4866
4867
4868
4869
4870
4871
4872
4873
4874
4875
4876
4877
4878
4879
4880
4881
4882
4883
4884
4885
4886
4887
4888
4889
4890
4891
4892
4893
4894
4895
4896
4897
4898
4899
4900
4901
4902
4903
4904
4905
4906
4907
4908
4909
4910
4911
4912
4913
4914
4915
4916
4917
4918
4919
4920
4921
4922
4923
4924
4925
4926
4927
4928
4929
4930
4931
4932
4933
4934
4935
4936
4937
4938
4939
4940
4941
4942
4943
4944
4945
4946
4947
4948
4949
4950
4951
4952
4953
4954
4955
4956
4957
4958
4959
4960
4961
4962
4963
4964
4965
4966
4967
4968
4969
4970
4971
4972
4973
4974
4975
4976
4977
4978
4979
4980
4981
4982
4983
4984
4985
4986
4987
4988
4989
4990
4991
4992
4993
4994
4995
4996
4997
4998
4999
5000
5001
5002
5003
5004
5005
5006
5007
5008
5009
5010
5011
5012
5013
5014
5015
5016
5017
5018
5019
5020
5021
5022
5023
5024
5025
5026
5027
5028
5029
5030
5031
5032
5033
5034
5035
5036
5037
5038
5039
5040
5041
5042
5043
5044
5045
5046
5047
5048
5049
5050
5051
5052
5053
5054
5055
5056
5057
5058
5059
5060
5061
5062
5063
5064
5065
5066
5067
5068
5069
5070
5071
5072
5073
5074
5075
5076
5077
5078
5079
5080
5081
5082
5083
5084
5085
5086
5087
5088
5089
5090
5091
5092
5093
5094
5095
5096
5097
5098
5099
5100
5101
5102
5103
5104
5105
5106
5107
5108
5109
5110
5111
5112
5113
5114
5115
5116
5117
5118
5119
5120
5121
5122
5123
5124
5125
5126
5127
5128
5129
5130
5131
5132
5133
5134
5135
5136
5137
5138
5139
5140
5141
5142
5143
5144
5145
5146
5147
5148
5149
5150
5151
5152
5153
5154
5155
5156
5157
5158
5159
5160
5161
5162
5163
5164
5165
5166
5167
5168
5169
5170
5171
5172
5173
5174
5175
5176
5177
5178
5179
5180
5181
5182
5183
5184
5185
5186
5187
5188
5189
5190
5191
5192
5193
5194
5195
5196
5197
5198
5199
5200
5201
5202
5203
5204
5205
5206
5207
5208
5209
5210
5211
5212
5213
5214
5215
5216
5217
5218
5219
5220
5221
5222
5223
5224
5225
5226
5227
5228
5229
5230
5231
5232
5233
5234
5235
5236
5237
5238
5239
5240
5241
5242
5243
5244
5245
5246
5247
5248
5249
5250
5251
5252
5253
5254
5255
5256
5257
5258
5259
5260
5261
5262
5263
5264
5265
5266
5267
5268
5269
5270
5271
5272
5273
5274
5275
5276
5277
5278
5279
5280
5281
5282
5283
5284
5285
5286
5287
5288
5289
5290
5291
5292
5293
5294
5295
5296
5297
5298
5299
5300
5301
5302
5303
5304
5305
5306
5307
5308
5309
5310
5311
5312
5313
5314
5315
5316
5317
5318
5319
5320
5321
5322
5323
5324
5325
5326
5327
5328
5329
5330
5331
5332
5333
5334
5335
5336
5337
5338
5339
5340
5341
5342
5343
5344
5345
5346
5347
5348
5349
5350
5351
5352
5353
5354
5355
5356
5357
5358
5359
5360
5361
5362
5363
5364
5365
5366
5367
5368
5369
5370
5371
5372
5373
5374
5375
5376
5377
5378
5379
5380
5381
5382
5383
5384
5385
5386
5387
5388
5389
5390
5391
5392
5393
5394
5395
5396
5397
5398
5399
5400
5401
5402
5403
5404
5405
5406
5407
5408
5409
5410
5411
5412
5413
5414
5415
5416
5417
5418
5419
5420
5421
5422
5423
5424
5425
5426
5427
5428
5429
5430
5431
5432
5433
5434
5435
5436
5437
5438
5439
5440
5441
5442
5443
5444
5445
5446
5447
5448
5449
5450
5451
5452
5453
5454
5455
5456
5457
5458
5459
5460
5461
5462
5463
5464
5465
5466
5467
5468
5469
5470
5471
5472
5473
5474
5475
5476
5477
5478
5479
5480
5481
5482
5483
5484
5485
5486
5487
5488
5489
5490
5491
5492
5493
5494
5495
5496
5497
5498
5499
5500
5501
5502
5503
5504
5505
5506
5507
5508
5509
5510
5511
5512
5513
5514
5515
5516
5517
5518
5519
5520
5521
5522
5523
5524
5525
5526
5527
5528
5529
5530
5531
5532
5533
5534
5535
5536
5537
5538
5539
5540
5541
5542
5543
5544
5545
5546
5547
5548
5549
5550
5551
5552
5553
5554
5555
5556
5557
5558
5559
5560
5561
5562
5563
5564
5565
5566
5567
5568
5569
5570
5571
5572
5573
5574
5575
5576
5577
5578
5579
5580
5581
5582
5583
5584
5585
5586
5587
5588
5589
5590
5591
5592
5593
5594
5595
5596
5597
5598
5599
5600
5601
5602
5603
5604
5605
5606
5607
5608
5609
5610
5611
5612
5613
5614
5615
5616
5617
5618
5619
5620
5621
5622
5623
5624
5625
5626
5627
5628
5629
5630
5631
5632
5633
5634
5635
5636
5637
5638
5639
5640
5641
5642
5643
5644
5645
5646
5647
5648
5649
5650
5651
5652
5653
5654
5655
5656
5657
5658
5659
5660
5661
5662
5663
5664
5665
5666
5667
5668
5669
5670
5671
5672
5673
5674
5675
5676
5677
5678
5679
5680
5681
5682
5683
5684
5685
5686
5687
5688
5689
5690
5691
5692
5693
5694
5695
5696
5697
5698
5699
5700
5701
5702
5703
5704
5705
5706
5707
5708
5709
5710
5711
5712
5713
5714
5715
5716
5717
5718
5719
5720
5721
5722
5723
5724
5725
5726
5727
5728
5729
5730
5731
5732
5733
5734
5735
5736
5737
5738
5739
5740
5741
5742
5743
5744
5745
5746
5747
5748
5749
5750
5751
5752
5753
5754
5755
5756
5757
5758
5759
5760
5761
5762
5763
5764
5765
5766
5767
5768
5769
5770
5771
5772
5773
5774
5775
5776
5777
5778
5779
5780
5781
5782
5783
5784
5785
5786
5787
5788
5789
5790
5791
5792
5793
5794
5795
5796
5797
5798
5799
5800
5801
5802
5803
5804
5805
5806
5807
5808
5809
5810
5811
5812
5813
5814
5815
5816
5817
5818
5819
5820
5821
5822
5823
5824
5825
5826
5827
5828
5829
5830
5831
5832
5833
5834
5835
5836
5837
5838
5839
5840
5841
5842
5843
5844
5845
5846
5847
5848
5849
5850
5851
5852
5853
5854
5855
5856
5857
5858
5859
5860
5861
5862
5863
5864
5865
5866
5867
5868
5869
5870
5871
5872
5873
5874
5875
5876
5877
5878
5879
5880
5881
5882
5883
5884
5885
5886
5887
5888
5889
5890
5891
5892
5893
5894
5895
5896
5897
5898
5899
5900
5901
5902
5903
5904
5905
5906
5907
5908
6001
6002
6003
6004
6005
6006
6007
6008
6009
6010
6011
6012
6013
6014
6015
6016
6017
6018
6019
6020
6021
6022
6023
6024
6025
6026
6027
6028
6029
6030
6031
6032
6033
6034
6035
6036
6037
6038
6039
6040
6041
6042
6043
6044
6045
6046
6047
6048
6049
6050
6051
6052
6053
6054
6055
6056
6057
6058
6059
6060
6061
6062
6063
6064
6065
6066
6067
6068
6069
6070
6071
6072
6073
6074
6075
6076
6077
6078
6079
6080
6081
6082
6083
6084
6085
6086
6087
6088
6089
6090
6091
6092
6093
6094
6095
6096
6097
6098
6099
6100
6101
6102
6103
6104
6105
6106
6107
6108
6109
6110
6111
6112
6113
6114
6115
6116
6117
6118
6119
6120
6121
6122
6123
6124
6125
6126
6127
6128
6129
6130
6131
6132
6133
6134
6135
6136
6137
6138
6139
6140
6141
6142
6143
6144
6145
6146
6147
6148
6149
6150
6151
6152
6153
6154
6155
6156
6157
6158
6159
6160
6161
6162
6163
6164
6165
6166
6167
6168
6169
6170
6171
6172
6173
6174
6175
6176
6177
6178
6179
6180
6181
6182
6183
6184
6185
6186
6187
6188
6189
6190
6191
6192
6193
6194
6195
6196
6197
6198
6199
6200
6201
6202
6203
6204
6205
6206
6207
6208
6209
6210
6211
6212
6213
6214
6215
6216
6217
6218
6219
6220
6221
6222
6223
6224
6225
6226
6227
6228
6229
6230
6231
6232
6233
6234
6235
6236
6237
6238
6239
6240
6241
6242
6243
6244
6245
6246
6247
6248
6249
6250
6251
6252
6253
6254
6255
6256
6257
6258
6259
6260
6261
6262
6263
6264
6265
6266
6267
6268
6269
6270
6271
6272
6273
6274
6275
6276
6277
6278
6279
6280
6281
6282
6283
6284
6285
6286
6287
6288
6289
6290
6291
6292
6293
6294
6295
6296
6297
6298
6299
6300
6301
6302
6303
6304
6305
6306
6307
6308
6309
6310
6311
6312
6313
6314
6315
6316
6317
6318
6319
6320
6321
6322
6323
6324
6325
6326
6327
6328
6329
6330
6331
6332
6333
6334
6335
6336
6337
6338
6339
6340
6341
6342
6343
6344
6345
6346
6347
6348
6349
6350
6351
6352
6353
6354
6355
6356
6357
6358
6359
6360
6361
6362
6363
6364
6365
6366
6367
6368
6369
6370
6371
6372
6373
6374
6375
6376
6377
6378
6379
6380
6381
6382
6383
6384
6385
6386
6387
6388
6389
6390
6391
6392
6393
6394
6395
6396
6397
6398
6399
6400
6401
6402
6403
6404
6405
6406
6407
6408
6409
6410
6411
6412
6413
6414
6415
6416
6417
6418
6419
6420
6421
6422
6423
6424
6425
6426
6427
6428
6429
6430
6431
6432
6433
6434
6435
6436
6437
6438
6439
6440
6441
6442
6443
6444
6445
6446
6447
6448
6449
6450
6451
6452
6453
6454
6455
6456
6457
6458
6459
6460
6461
6462
6463
6464
6465
6466
6467
6468
6469
6470
6471
6472
6473
6474
6475
6476
6477
6478
6479
6480
6481
6482
6483
6484
6485
6486
6487
6488
6489
6490
6491
6492
6493
6494
6495
6496
6497
6498
6499
6500
6501
6502
6503
6504
6505
6506
6507
6508
6509
6510
6511
6512
6513
6514
6515
6516
6517
6518
6519
6520
6521
6522
6523
6524
6525
6526
6527
6528
6529
6530
6531
6532
6533
6534
6535
6536
6537
6538
6539
6540
6541
6542
6543
6544
6545
6546
6547
6548
6549
6550
6551
6552
6553
6554
6555
6556
6557
6558
6559
6560
6561
6562
6563
6564
6565
6566
6567
6568
6569
6570
6571
6572
6573
6574
6575
6576
6577
6578
6579
6580
6581
6582
6583
6584
6585
6586
6587
6588
6589
6590
6591
6592
6593
6594
6595
6596
6597
6598
6599
6600
6601
6602
6603
6604
6605
6606
6607
6608
6609
6610
6611
6612
6613
6614
6615
6616
6617
6618
6619
6620
6621
6622
6623
6624
6625
6626
6627
6628
6629
6630
6631
6632
6633
6634
6635
6636
6637
6638
6639
6640
6641
6642
6643
6644
6645
6646
6647
6648
6649
6650
6651
6652
6653
6654
6655
6656
6657
6658
6659
6660
6661
6662
6663
6664
6665
6666
6667
6668
6669
6670
6671
6672
6673
6674
6675
6676
6677
6678
6679
6680
6681
6682
6683
6684
6685
6686
6687
6688
6689
6690
6691
6692
6693
6694
6695
6696
6697
6698
6699
6700
6701
6702
6703
6704
6705
6706
6707
6708
6709
6710
6711
6712
6713
6714
6715
6716
6717
6718
6719
6720
6721
6722
6723
6724
6725
6726
6727
6728
6729
6730
6731
6732
6733
6734
6735
6736
6737
6738
6739
6740
6741
6742
6743
6744
6745
6746
6747
6748
6749
6750
6751
6752
6753
6754
6755
6756
6757
6758
6759
6760
6761
6762
6763
6764
6765
6766
6767
6768
6769
6770
6771
6772
6773
6774
6775
6776
6777
6778
6779
6780
6781
6782
6783
6784
6785
6786
6787
6788
6789
6790
6791
6792
6793
6794
6795
6796
6797
6798
6799
6800
6801
6802
6803
6804
6805
6806
6807
6808
6809
6810
6811
6812
6813
6814
6815
6816
6817
6818
6819
6820
6821
6822
6823
6824
6825
6826
6827
6828
6829
6830
6831
6832
6833
6834
6835
6836
6837
6838
6839
6840
6841
6842
6843
6844
6845
6846
6847
6848
6849
6850
6851
6852
6853
6854
6855
6856
6857
6858
6859
6860
6861
6862
6863
6864
6865
6866
6867
6868
6869
6870
6871
6872
6873
6874
6875
6876
6877
6878
6879
6880
6881
6882
6883
6884
6885
6886
6887
6888
6889
6890
6891
6892
6893
6894
6895
6896
6897
6898
6899
6900
6901
6902
6903
6904
6905
6906
6907
6908
6909
6910
6911
6912
6913
6914
6915
6916
6917
6918
6919
6920
6921
6922
6923
6924
6925
6926
6927
6928
6929
6930
6931
6932
6933
6934
6935
6936
6937
6938
6939
6940
6941
6942
6943
6944
6945
6946
6947
6948
6949
6950
6951
6952
6953
6954
6955
6956
6957
6958
6959
6960
6961
6962
6963
6964
6965
6966
6967
6968
6969
6970
6971
6972
6973
6974
6975
6976
6977
6978
6979
6980
6981
6982
6983
6984
6985
6986
6987
6988
6989
6990
6991
6992
6993
6994
6995
6996
6997
6998
6999
7000
7001
7002
7003
7004
7005
7006
7007
7008
7009
7010
7011
7012
7013
7014
7015
7016
7017
7018
7019
7020
7021
7022
7023
7024
7025
7026
7027
7028
7029
7030
7031
7032
7033
7034
7035
7036
7037
7038
7039
7040
7041
7042
7043
7044
7045
7046
7047
7048
7049
7050
7051
7052
7053
7054
7055
7056
7057
7058
7059
7060
7061
7062
7063
7064
7065
7066
7067
7068
7069
7070
7071
7072
7073
7074
7075
7076
7077
7078
7079
7080
7081
7082
7083
7084
7085
7086
7087
7088
7089
7090
7091
7092
7093
7094
7095
7096
7097
7098
7099
7100
7101
7102
7103
7104
7105
7106
7107
7108
7109
7110
7111
7112
7113
7114
7115
7116
7117
7118
7119
7120
7121
7122
7123
7124
7125
7126
7127
7128
7129
7130
7131
7132
7133
7134
7135
7136
7137
7138
7139
7140
7141
7142
7143
7144
7145
7146
7147
7148
7149
7150
7151
7152
7153
7154
7155
7156
7157
7158
7159
7160
7161
7162
7163
7164
7165
7166
7167
7168
7169
7170
7171
7172
7173
7174
7175
7176
7177
7178
7179
7180
7181
7182
7183
7184
7185
7186
7187
7188
7189
7190
7191
7192
7193
7194
7195
7196
7197
7198
7199
7200
7201
7202
7203
7204
7205
7206
7207
7208
7209
7210
7211
7212
7213
7214
7215
7216
7217
7218
7219
7220
7221
7222
7223
7224
7225
7226
7227
7228
7229
7230
7231
7232
7233
7234
7235
7236
7237
7238
7239
7240
7241
7242
7243
7244
7245
7246
7247
7248
7249
7250
7251
7252
7253
7254
7255
7256
7257
7258
7259
7260
7261
7262
7263
7264
7265
7266
7267
7268
7269
7270
7271
7272
7273
7274
7275
7276
7277
7278
7279
7280
7281
7282
7283
7284
7285
7286
7287
7288
7289
7290
7291
7292
7293
7294
7295
7296
7297
7298
7299
7300
7301
7302
7303
7304
7305
7306
7307
7308
7309
7310
7311
7312
7313
7314
7315
7316
7317
7318
7319
7320
7321
7322
7323
7324
7325
7326
7327
7328
7329
7330
7331
7332
7333
7334
7335
7336
7337
7338
7339
7340
7341
7342
7343
7344
7345
7346
7347
7348
7349
7350
7351
7352
7353
7354
7355
7356
7357
7358
7359
7360
7361
7362
7363
7364
7365
7366
7367
7368
7369
7370
7371
7372
7373
7374
7375
7376
7377
7378
7379
7380
7381
7382
7383
7384
7385
7386
7387
7388
7389
7390
7391
7392
7393
7394
7395
7396
7397
7398
7399
7400
7401
7402
7403
7404
7405
7406
7407
7408
7409
7410
7411
7412
7413
7414
7415
7416
7417
7418
7419
7420
7421
7422
7423
7424
7425
7426
7427
7428
7429
7430
7431
7432
7433
7434
7435
7436
7437
7438
7439
7440
7441
7442
7443
7444
7445
7446
7447
7448
7449
7450
7451
7452
7453
7454
7455
7456
7457
7458
7459
7460
7461
7462
7463
7464
7465
7466
7467
7468
7469
7470
7471
7472
7473
7474
7475
7476
7477
7478
7479
7480
7481
7482
7483
7484
7485
7486
7487
7488
7489
7490
7491
7492
7493
7494
7495
7496
7497
7498
7499
7500
7501
7502
7503
7504
7505
7506
7507
7508
7509
7510
7511
7512
7513
7514
7515
7516
7517
7518
7519
7520
7521
7522
7523
7524
7525
7526
7527
7528
7529
7530
7531
7532
7533
7534
7535
7536
7537
7538
7539
7540
7541
7542
7543
7544
7545
7546
7547
7548
7549
7550
7551
7552
7553
7554
7555
7556
7557
7558
7559
7560
7561
7562
7563
7564
7565
7566
7567
7568
7569
7570
7571
7572
7573
7574
7575
7576
7577
7578
7579
7580
7581
7582
7583
7584
7585
7586
7587
7588
7589
7590
7591
7592
7593
7594
7595
7596
7597
7598
7599
7600
7601
7602
7603
7604
7605
7606
7607
7608
7609
7610
7611
7612
7613
7614
7615
7616
7617
7618
7619
7620
7621
7622
7623
7624
7625
7626
7627
7628
7629
7630
7631
7632
7633
7634
7635
7636
7637
7638
7639
7640
7641
7642
7643
7644
7645
7646
7647
7648
7649
7650
7651
7652
7653
7654
7655
7656
7657
7658
7659
7660
7661
7662
7663
7664
7665
7666
7667
7668
7669
7670
7671
7672
7673
7674
7675
7676
7677
7678
7679
7680
7681
7682
7683
7684
7685
7686
7687
7688
7689
7690
7691
7692
7693
7694
7695
7696
7697
7698
7699
7700
7701
7702
7703
7704
7705
7706
7707
7708
7709
7710
7711
7712
7713
7714
7715
7716
7717
7718
7719
7720
7721
7722
7723
7724
7725
7726
7727
7728
7729
7730
7731
7732
7733
7734
7735
7736
7737
7738
7739
7740
7741
7742
7743
7744
7745
7746
7747
7748
7749
7750
7751
7752
7753
7754
7755
7756
7757
7758
7759
7760
7761
7762
7763
7764
7765
7766
7767
7768
7769
7770
7771
7772
7773
7774
7775
7776
7777
7778
7779
7780
7781
7782
7783
7784
7785
7786
7787
7788
7789
7790
7791
7792
7793
7794
7795
7796
7797
7798
7799
7800
7801
7802
7803
7804
7805
7806
7807
7808
7809
7810
7811
7812
7813
7814
7815
7816
7817
7818
7819
7820
7821
7822
7823
7824
7825
7826
7827
7828
7829
7830
7831
7832
7833
7834
7835
7836
7837
7838
7839
7840
7841
7842
7843
7844
7845
7846
7847
7848
7849
7850
7851
7852
7853
7854
7855
7856
7857
7858
7859
7860
7861
7862
7863
7864
7865
7866
7867
7868
7869
7870
7871
7872
7873
7874
7875
7876
7877
7878
7879
7880
7881
7882
7883
7884
7885
7886
7887
7888
7889
7890
7891
7892
7893
7894
7895
7896
7897
7898
7899
7900
7901
7902
7903
7904
7905
7906
7907
7908
CELL_DATA 4254
SCALARS element_id int 1
LOOKUP_TABLE default
2119
2120
2121
2122
2123
2124
2125
2126
2127
2128
2129
2130
2131
2132
2133
2134
2135
2136
2137
2138
2139
2140
2141
2142
2143
2144
2145
2146
2147
2148
2149
2150
2151
2152
2153
2154
2155
2156
2157
2158
2159
2160
2161
2162
2163
2164
2165
2166
2167
2168
2169
2170
2171
2172
2173
2174
2175
2176
2177
2178
2179
2180
2181
2182
2183
2184
2185
2186
2187
2188
2189
2190
2191
2192
2193
2194
2195
2196
2197
2198
2199
2200
2201
2202
2203
2204
2205
2206
2207
2208
2209
2210
2211
2212
2213
2214
2215
2216
2217
2218
2219
2220
2221
2222
2223
2224
2225
2226
2227
2228
2229
2230
2231
2232
2233
2234
2235
2236
2237
2238
2239
2240
2241
2242
2243
2244
2245
2246
2247
2248
2249
2250
2251
2252
2253
2254
2255
2256
2257
2258
2259
2260
2261
2262
2263
2264
2265
2266
2267
2268
2269
2270
2271
2272
2273
2274
2275
2276
2277
2278
2279
2280
2281
2282
2283
2284
2285
2286
2287
2288
2289
2290
2291
2292
2293
2294
2295
2296
2297
2298
2299
2300
2301
2302
2303
2304
2305
2306
2307
2308
2309
2310
2311
2312
2313
2314
2315
2316
2317
2318
2319
2320
2321
2322
2323
2324
2325
2326
2327
2328
2329
2330
2331
2332
2333
2334
2335
2336
2337
2338
2339
2340
2341
2342
2343
2344
2345
2346
2347
2348
2349
2350
2351
2352
2353
2354
2355
2356
2357
2358
2359
2360
2361
2362
2363
2364
2365
2366
2367
2368
2369
2370
2371
2372
2373
2374
2375
2376
2377
2378
2379
2380
2381
2382
2383
2384
2385
2386
2387
2388
2389
2390
2391
2392
2393
2394
2395
2396
2397
2398
2399
2400
2401
2402
2403
2404
2405
2406
2407
2408
2409
2410
2411
2412
2413
2414
2415
2416
2417
2418
2419
2420
2421
2422
2423
2424
2425
2426
2427
2428
2429
2430
2431
2432
2433
2434
2435
2436
2437
2438
2439
2440
2441
2442
2443
2444
2445
2446
2447
2448
2449
2450
2451
2452
2453
2454
2455
2456
2457
2458
2459
2460
2461
2462
2463
2464
2465
2466
2467
2468
2469
2470
2471
2472
2473
2474
2475
2476
2477
2478
2479
2480
2481
2482
2483
2484
2485
2486
2487
2488
2489
2490
2491
2492
2493
2494
2495
2496
2497
2498
2499
2500
2501
2502
2503
2504
2505
2506
2507
2508
2509
2510
2511
2512
2513
2514
2515
2516
2517
2518
2519
2520
2521
2522
2523
2524
2525
2526
2527
2528
2529
2530
2531
2532
2533
2534
2535
2536
2537
2538
2539
2540
2541
2542
2543
2544
2545
2546
2547
2548
2549
2550
2551
2552
2553
2554
2555
2556
2557
2558
2559
2560
2561
2562
2563
2564
2565
2566
2567
2568
2569
2570
2571
2572
2573
2574
2575
2576
2577
2578
2579
2580
2581
2582
2583
2584
2585
2586
2587
2588
2589
2590
2591
2592
2593
2594
2595
2596
2597
2598
2599
2600
2601
2602
2603
2604
2605
2606
2607
2608
2609
2610
2611
2612
2613
2614
2615
2616
2617
2618
2619
2620
2621
2622
2623
2624
2625
2626
2627
2628
2629
2630
2631
2632
2633
2634
2635
2636
2637
2638
2639
2640
2641
2642
2643
2644
2645
2646
2647
2648
2649
2650
2651
2652
2653
2654
2655
2656
2657
2658
2659
2660
2661
2662
2663
2664
2665
2666
2667
2668
2669
2670
2671
2672
2673
2674
2675
2676
2677
2678
2679
2680
2681
2682
2683
2684
2685
2686
2687
2688
2689
2690
2691
2692
2693
2694
2695
2696
2697
2698
2699
2700
2701
2702
2703
2704
2705
2706
2707
2708
2709
2710
2711
2712
2713
2714
2715
2716
2717
2718
2719
2720
2721
2722
2723
2724
2725
2726
2727
2728
2729
2730
2731
2732
2733
2734
2735
2736
2737
2738
2739
2740
2741
2742
2743
2744
2745
2746
2747
2748
2749
2750
2751
2752
2753
2754
2755
2756
2757
2758
2759
2760
2761
2762
2763
2764
2765
2766
2767
2768
2769
2770
2771
2772
2773
2774
2775
2776
2777
2778
2779
2780
2781
2782
2783
2784
2785
2786
2787
2788
2789
2790
2791
2792
2793
2794
2795
2796
2797
2798
2799
2800
2801
2802
2803
2804
2805
2806
2807
2808
2809
2810
2811
2812
2813
2814
2815
2816
2817
2818
2819
2820
2821
2822
2823
2824
2825
2826
2827
2828
2829
2830
2831
2832
2833
2834
2835
2836
2837
2838
2839
2840
2841
2842
2843
2844
2845
2846
2847
2848
2849
2850
2851
2852
2853
2854
2855
2856
2857
2858
2859
2860
2861
2862
2863
2864
2865
2866
2867
2868
2869
2870
2871
2872
2873
2874
2875
2876
2877
2878
2879
2880
2881
2882
2883
2884
2885
2886
2887
2888
2889
2890
2891
2892
2893
2894
2895
2896
2897
2898
2899
2900
2901
2902
2903
2904
2905
2906
2907
2908
2909
2910
2911
2912
2913
2914
2915
2916
2917
2918
2919
2920
2921
2922
2923
2924
2925
2926
2927
2928
2929
2930
2931
2932
2933
2934
2935
2936
2937
2938
2939
2940
2941
2942
2943
2944
2945
2946
2947
2948
2949
2950
2951
2952
2953
2954
2955
2956
2957
2958
2959
2960
2961
2962
2963
2964
2965
2966
2967
2968
2969
2970
2971
2972
2973
2974
2975
2976
2977
2978
2979
2980
2981
2982
2983
2984
2985
2986
2987
2988
2989
2990
2991
2992
2993
2994
2995
2996
2997
2998
2999
3000
3001
3002
3003
3004
3005
3006
3007
3008
3009
3010
3011
3012
3013
3014
3015
3016
3017
3018
3019
3020
3021
3022
3023
3024
3025
3026
3027
3028
3029
3030
3031
3032
3033
3034
3035
3036
3037
3038
3039
3040
3041
3042
3043
3044
3045
3046
3047
3048
3049
3050
3051
3052
3053
3054
3055
3056
3057
3058
3059
3060
3061
3062
3063
3064
3065
3066
3067
3068
3069
3070
3071
3072
3073
3074
3075
3076
3077
3078
3079
3080
3081
3082
3083
3084
3085
3086
3087
3088
3089
3090
3091
3092
3093
3094
3095
3096
3097
3098
3099
3100
3101
3102
3103
3104
3105
3106
3107
3108
3109
3110
3111
3112
3113
3114
3115
3116
3117
3118
3119
3120
3121
3122
3123
3124
3125
3126
3127
3128
3129
3130
3131
3132
3133
3134
3135
3136
3137
3138
3139
3140
3141
3142
3143
3144
3145
3146
3147
3148
3149
3150
3151
3152
3153
3154
3155
3156
3157
3158
3159
3160
3161
3162
3163
3164
3165
3166
3167
3168
3169
3170
3171
3172
3173
3174
3175
3176
3177
3178
3179
3180
3181
3182
3183
3184
3185
3186
3187
3188
3189
3190
3191
3192
3193
3194
3195
3196
3197
3198
3199
3200
3201
3202
3203
3204
3205
3206
3207
3208
3209
3210
3211
3212
3213
3214
3215
3216
3217
3218
3219
3220
3221
3222
3223
3224
3225
3226
3227
3228
3229
3230
3231
3232
3233
3234
3235
3236
3237
3238
3239
3240
3241
3242
3243
3244
3245
3246
3247
3248
3249
3250
3251
3252
3253
3254
3255
3256
3257
3258
3259
3260
3261
3262
3263
3264
3265
3266
3267
3268
3269
3270
3271
3272
3273
3274
3275
3276
3277
3278
3279
3280
3281
3282
3283
3284
3285
3286
3287
3288
3289
3290
3291
3292
3293
3294
3295
3296
3297
3298
3299
3300
3301
3302
3303
3304
3305
3306
3307
3308
3309
3310
3311
3312
3313
3314
3315
3316
3317
3318
3319
3320
3321
3322
3323
3324
3325
3326
3327
3328
3329
3330
3331
3332
3333
3334
3335
3336
3337
3338
3339
3340
3341
3342
3343
3344
3345
3346
3347
3348
3349
3350
3351
3352
3353
3354
3355
3356
3357
3358
3359
3360
3361
3362
3363
3364
3365
3366
3367
3368
3369
3370
3371
3372
3373
3374
3375
3376
3377
3378
3379
3380
3381
3382
3383
3384
3385
3386
3387
3388
3389
3390
3391
3392
3393
3394
3395
3396
3397
3398
3399
3400
3401
3402
3403
3404
3405
3406
3407
3408
3409
3410
3411
3412
3413
3414
3415
3416
3417
3418
3419
3420
3421
3422
3423
3424
3425
3426
3427
3428
3429
3430
3431
3432
3433
3434
3435
3436
3437
3438
3439
3440
3441
3442
3443
3444
3445
3446
3447
3448
3449
3450
3451
3452
3453
3454
3455
3456
3457
3458
3459
3460
3461
3462
3463
3464
3465
3466
3467
3468
3469
3470
3471
3472
3473
3474
3475
3476
3477
3478
3479
3480
3481
3482
3483
3484
3485
3486
3487
3488
3489
3490
3491
3492
3493
3494
3495
3496
3497
3498
3499
3500
3501
3502
3503
3504
3505
3506
3507
3508
3509
3510
3511
3512
3513
3514
3515
3516
3517
3518
3519
3520
3521
3522
3523
3524
3525
3526
3527
3528
3529
3530
3531
3532
3533
3534
3535
3536
3537
3538
3539
3540
3541
3542
3543
3544
3545
3546
3547
3548
3549
3550
3551
3552
3553
3554
3555
3556
3557
3558
3559
3560
3561
3562
3563
3564
3565
3566
3567
3568
3569
3570
3571
3572
3573
3574
3575
3576
3577
3578
3579
3580
3581
3582
3583
3584
3585
3586
3587
3588
3589
3590
3591
3592
3593
3594
3595
3596
3597
3598
3599
3600
3601
3602
3603
3604
3605
3606
3607
3608
3609
3610
3611
3612
3613
3614
3615
3616
3617
3618
3619
3620
3621
3622
3623
3624
3625
3626
3627
3628
3629
3630
3631
3632
3633
3634
3635
3636
3637
3638
3639
3640
3641
3642
3643
3644
3645
3646
3647
3648
3649
3650
3651
3652
3653
3654
3655
3656
3657
3658
3659
3660
3661
3662
3663
3664
3665
3666
3667
3668
3669
3670
3671
3672
3673
3674
3675
3676
3677
3678
3679
3680
3681
3682
3683
3684
3685
3686
3687
3688
3689
3690
3691
3692
3693
3694
3695
3696
3697
3698
3699
3700
3701
3702
3703
3704
3705
3706
3707
3708
3709
3710
3711
3712
3713
3714
3715
3716
3717
3718
3719
3720
3721
3722
3723
3724
3725
3726
3727
3728
3729
3730
3731
3732
3733
3734
3735
3736
3737
3738
3739
3740
3741
3742
3743
3744
3745
3746
3747
3748
3749
3750
3751
3752
3753
3754
3755
3756
3757
3758
3759
3760
3761
3762
3763
3764
3765
3766
3767
3768
3769
3770
3771
3772
3773
3774
3775
3776
3777
3778
3779
3780
3781
3782
3783
3784
3785
3786
3787
3788
3789
3790
3791
3792
3793
3794
3795
3796
3797
3798
3799
3800
3801
3802
3803
3804
3805
3806
3807
3808
3809
3810
3811
3812
3813
3814
3815
3816
3817
3818
3819
3820
3821
3822
3823
3824
3825
3826
3827
3828
3829
3830
3831
3832
3833
3834
3835
3836
3837
3838
3839
3840
3841
3842
3843
3844
3845
3846
3847
3848
3849
3850
3851
3852
3853
3854
3855
3856
3857
3858
3859
3860
3861
3862
3863
3864
3865
3866
3867
3868
3869
3870
3871
3872
3873
3874
3875
3876
3877
3878
3879
3880
3881
3882
3883
3884
3885
3886
3887
3888
3889
3890
3891
3892
3893
3894
3895
3896
3897
3898
3899
3900
3901
3902
3903
3904
3905
3906
3907
3908
3909
3910
3911
3912
3913
3914
3915
3916
3917
3918
3919
3920
3921
3922
3923
3924
3925
3926
3927
3928
3929
3930
3931
3932
3933
3934
3935
3936
3937
3938
3939
3940
3941
3942
3943
3944
3945
3946
3947
3948
3949
3950
3951
3952
3953
3954
3955
3956
3957
3958
3959
3960
3961
3962
3963
3964
3965
3966
3967
3968
3969
3970
3971
3972
3973
3974
3975
3976
3977
3978
3979
3980
3981
3982
3983
3984
3985
3986
3987
3988
3989
3990
3991
3992
3993
3994
3995
3996
3997
3998
3999
4000
4001
4002
4003
4004
4005
4006
4007
4008
4009
4010
4011
4012
4013
4014
4015
4016
4017
4018
4019
4020
4021
4022
4023
4024
4025
4026
4027
4028
4029
4030
4031
4032
4033
4034
4035
4036
4037
4038
4039
4040
4041
4042
4043
4044
4045
4046
4047
4048
4049
4050
4051
4052
4053
4054
4055
4056
4057
4058
4059
4060
4061
4062
4063
4064
4065
4066
4067
4068
4069
4070
4071
4072
4073
4074
4075
4076
4077
4078
4079
4080
4081
4082
4083
4084
4085
4086
4087
4088
4089
4090
4091
4092
4093
4094
4095
4096
4097
4098
4099
4100
4101
4102
4103
4104
4105
4106
4107
4108
4109
4110
4111
4112
4113
4114
4115
4116
4117
4118
4119
4120
4121
4122
4123
4124
4125
4126
4127
4128
4129
4130
4131
4132
4133
4134
4135
4136
4137
4138
4139
4140
4141
4142
4143
4144
4145
4146
4147
4148
4149
4150
4151
4152
4153
4154
4155
4156
4157
4158
4159
4160
4161
4162
4163
4164
4165
4166
4167
4168
4169
4170
4171
4172
4173
4174
4175
4176
4177
4178
4179
4180
4181
4182
4183
4184
4185
4186
4187
4188
4189
4190
4191
4192
4193
4194
4195
4196
4197
4198
4199
4200
4201
4202
4203
4204
4205
4206
4207
4208
4209
4210
4211
4212
4213
4214
4215
4216
4217
4218
4219
4220
4221
4222
4223
4224
4225
4226
4227
4228
4229
4230
4231
4232
4233
4234
4235
4236
7138
7139
7140
7141
7142
7143
7144
7145
7146
7147
7148
7149
7150
7151
7152
7153
7154
7155
7156
7157
7158
7159
7160
7161
7162
7163
7164
7165
7166
7167
7168
7169
7170
7171
7172
7173
7174
7175
7176
7177
7178
7179
7180
7181
7182
7183
7184
7185
7186
7187
7188
7189
7190
7191
7192
7193
7194
7195
7196
7197
7198
7199
7200
7201
7202
7203
7204
7205
7206
7207
7208
7209
7210
7211
7212
7213
7214
7215
7216
7217
7218
7219
7220
7221
7222
7223
7224
7225
7226
7227
7228
7229
7230
7231
7232
7233
7234
7235
7236
7237
7238
7239
7240
7241
7242
7243
7244
7245
7246
7247
7248
7249
7250
7251
7252
7253
7254
7255
7256
7257
7258
7259
7260
7261
7262
7263
7264
7265
7266
7267
7268
7269
7270
7271
7272
7273
7274
7275
7276
7277
7278
7279
7280
7281
7282
7283
7284
7285
7286
7287
7288
7289
7290
7291
7292
7293
7294
7295
7296
7297
7298
7299
7300
7301
7302
7303
7304
7305
7306
7307
7308
7309
7310
7311
7312
7313
7314
7315
7316
7317
7318
7319
7320
7321
7322
7323
7324
7325
7326
7327
7328
7329
7330
7331
7332
7333
7334
7335
7336
7337
7338
7339
7340
7341
7342
7343
7344
7345
7346
7347
7348
7349
7350
7351
7352
7353
7354
7355
7356
7357
7358
7359
7360
7361
7362
7363
7364
7365
7366
7367
7368
7369
7370
7371
7372
7373
7374
7375
7376
7377
7378
7379
7380
7381
7382
7383
7384
7385
7386
7387
7388
7389
7390
7391
7392
7393
7394
7395
7396
7397
7398
7399
7400
7401
7402
7403
7404
7405
7406
7407
7408
7409
7410
7411
7412
7413
7414
7415
7416
7417
7418
7419
7420
7421
7422
7423
7424
7425
7426
7427
7428
7429
7430
7431
7432
7433
7434
7435
7436
7437
7438
7439
7440
7441
7442
7443
7444
7445
7446
7447
7448
7449
7450
7451
7452
7453
7454
7455
7456
7457
7458
7459
7460
7461
7462
7463
7464
7465
7466
7467
7468
7469
7470
7471
7472
7473
7474
7475
7476
7477
7478
7479
7480
7481
7482
7483
7484
7485
7486
7487
7488
7489
7490
7491
7492
7493
7494
7495
7496
7497
7498
7499
7500
7501
7502
7503
7504
7505
7506
7507
7508
7509
7510
7511
7512
7513
7514
7515
7516
7517
7518
7519
7520
7521
7522
7523
7524
7525
7526
7527
7528
7529
7530
7531
7532
7533
7534
7535
7536
7537
7538
7539
7540
7541
7542
7543
7544
7545
7546
7547
7548
7549
7550
7551
7552
7553
7554
7555
7556
7557
7558
7559
7560
7561
7562
7563
7564
7565
7566
7567
7568
7569
7570
7571
7572
7573
7574
7575
7576
7577
7578
7579
7580
7581
7582
7583
7584
7585
7586
7587
7588
7589
7590
7591
7592
7593
7594
7595
7596
7597
7598
7599
7600
7601
7602
7603
7604
7605
7606
7607
7608
7609
7610
7611
7612
7613
7614
7615
7616
7617
7618
7619
7620
7621
7622
7623
7624
7625
7626
7627
7628
7629
7630
7631
7632
7633
7634
7635
7636
7637
7638
7639
7640
7641
7642
7643
7644
7645
7646
7647
7648
7649
7650
7651
7652
7653
7654
7655
7656
7657
7658
7659
7660
7661
7662
7663
7664
7665
7666
7667
7668
7669
7670
7671
7672
7673
7674
7675
7676
7677
7678
7679
7680
7681
7682
7683
7684
7685
7686
7687
7688
7689
7690
7691
7692
7693
7694
7695
7696
7697
7698
7699
7700
7701
7702
7703
7704
7705
7706
7707
7708
7709
7710
7711
7712
7713
7714
7715
7716
7717
7718
7719
7720
7721
7722
7723
7724
7725
7726
7727
7728
7729
7730
7731
7732
7733
7734
7735
7736
7737
7738
7739
7740
7741
7742
7743
7744
7745
7746
7747
7748
7749
7750
7751
7752
7753
7754
7755
7756
7757
7758
7759
7760
7761
7762
7763
7764
7765
7766
7767
7768
7769
7770
7771
7772
7773
7774
7775
7776
7777
7778
7779
7780
7781
7782
7783
7784
7785
7786
7787
7788
7789
7790
7791
7792
7793
7794
7795
7796
7797
7798
7799
7800
7801
7802
7803
7804
7805
7806
7807
7808
7809
7810
7811
7812
7813
7814
7815
7816
7817
7818
7819
7820
7821
7822
7823
7824
7825
7826
7827
7828
7829
7830
7831
7832
7833
7834
7835
7836
7837
7838
7839
7840
7841
7842
7843
7844
7845
7846
7847
7848
7849
7850
7851
7852
7853
7854
7855
7856
7857
7858
7859
7860
7861
7862
7863
7864
7865
7866
7867
7868
7869
7870
7871
7872
7873
7874
7875
7876
7877
7878
7879
7880
7881
7882
7883
7884
7885
7886
7887
7888
7889
7890
7891
7892
7893
7894
7895
7896
7897
7898
7899
7900
7901
7902
7903
7904
7905
7906
7907
7908
7909
7910
7911
7912
7913
7914
7915
7916
7917
7918
7919
7920
7921
7922
7923
7924
7925
7926
7927
7928
7929
7930
7931
7932
7933
7934
7935
7936
7937
7938
7939
7940
7941
7942
7943
7944
7945
7946
7947
7948
7949
7950
7951
7952
7953
7954
7955
7956
7957
7958
7959
7960
7961
7962
7963
7964
7965
7966
7967
7968
7969
7970
7971
7972
7973
7974
7975
7976
7977
7978
7979
7980
7981
7982
7983
7984
7985
7986
7987
7988
7989
7990
7991
7992
7993
7994
7995
7996
7997
7998
7999
8000
8001
8002
8003
8004
8005
8006
8007
8008
8009
8010
8011
8012
8013
8014
8015
8016
8017
8018
8019
8020
8021
8022
8023
8024
8025
8026
8027
8028
8029
8030
8031
8032
8033
8034
8035
8036
8037
8038
8039
8040
8041
8042
8043
8044
8045
8046
8047
8048
8049
8050
8051
8052
8053
8054
8055
8056
8057
8058
8059
8060
8061
8062
8063
8064
8065
8066
8067
8068
8069
8070
8071
8072
8073
8074
8075
8076
8077
8078
8079
8080
8081
8082
8083
8084
8085
8086
8087
8088
8089
8090
8091
8092
8093
8094
8095
8096
8097
8098
8099
8100
8101
8102
8103
8104
8105
8106
8107
8108
8109
8110
8111
8112
8113
8114
8115
8116
8117
8118
8119
8120
8121
8122
8123
8124
8125
8126
8127
8128
8129
8130
8131
8132
8133
8134
8135
8136
8137
8138
8139
8140
8141
8142
8143
8144
8145
8146
8147
8148
8149
8150
8151
8152
8153
8154
8155
8156
8157
8158
8159
8160
8161
8162
8163
8164
8165
8166
8167
8168
8169
8170
8171
8172
8173
8174
8175
8176
8177
8178
8179
8180
8181
8182
8183
8184
8185
8186
8187
8188
8189
8190
8191
8192
8193
8194
8195
8196
8197
8198
8199
8200
8201
8202
8203
8204
8205
8206
8207
8208
8209
8210
8211
8212
8213
8214
8215
8216
8217
8218
8219
8220
8221
8222
8223
8224
8225
8226
8227
8228
8229
8230
8231
8232
8233
8234
8235
8236
8237
8238
8239
8240
8241
8242
8243
8244
8245
8246
8247
8248
8249
8250
8251
8252
8253
8254
8255
8256
8257
8258
8259
8260
8261
8262
8263
8264
8265
8266
8267
8268
8269
8270
8271
8272
8273
8274
8275
8276
8277
8278
8279
8280
8281
8282
8283
8284
8285
8286
8287
8288
8289
8290
8291
8292
8293
8294
8295
8296
8297
8298
8299
8300
8301
8302
8303
8304
8305
8306
8307
8308
8309
8310
8311
8312
8313
8314
8315
8316
8317
8318
8319
8320
8321
8322
8323
8324
8325
8326
8327
8328
8329
8330
8331
8332
8333
8334
8335
8336
8337
8338
8339
8340
8341
8342
8343
8344
8345
8346
8347
8348
8349
8350
8351
8352
8353
8354
8355
8356
8357
8358
8359
8360
8361
8362
8363
8364
8365
8366
8367
8368
8369
8370
8371
8372
8373
8374
8375
8376
8377
8378
8379
8380
8381
8382
8383
8384
8385
8386
8387
8388
8389
8390
8391
8392
8393
8394
8395
8396
8397
8398
8399
8400
8401
8402
8403
8404
8405
8406
8407
8408
8409
8410
8411
8412
8413
8414
8415
8416
8417
8418
8419
8420
8421
8422
8423
8424
8425
8426
8427
8428
8429
8430
8431
8432
8433
8434
8435
8436
8437
8438
8439
8440
8441
8442
8443
8444
8445
8446
8447
8448
8449
8450
8451
8452
8453
8454
8455
8456
8457
8458
8459
8460
8461
8462
8463
8464
8465
8466
8467
8468
8469
8470
8471
8472
8473
8474
8475
8476
8477
8478
8479
8480
8481
8482
8483
8484
8485
8486
8487
8488
8489
8490
8491
8492
8493
8494
8495
8496
8497
8498
8499
8500
8501
8502
8503
8504
8505
8506
8507
8508
8509
8510
8511
8512
8513
8514
8515
8516
8517
8518
8519
8520
8521
8522
8523
8524
8525
8526
8527
8528
8529
8530
8531
8532
8533
8534
8535
8536
8537
8538
8539
8540
8541
8542
8543
8544
8545
8546
8547
8548
8549
8550
8551
8552
8553
8554
8555
8556
8557
8558
8559
8560
8561
8562
8563
8564
8565
8566
8567
8568
8569
8570
8571
8572
8573
8574
8575
8576
8577
8578
8579
8580
8581
8582
8583
8584
8585
8586
8587
8588
8589
8590
8591
8592
8593
8594
8595
8596
8597
8598
8599
8600
8601
8602
8603
8604
8605
8606
8607
8608
8609
8610
8611
8612
8613
8614
8615
8616
8617
8618
8619
8620
8621
8622
8623
8624
8625
8626
8627
8628
8629
8630
8631
8632
8633
8634
8635
8636
8637
8638
8639
8640
8641
8642
8643
8644
8645
8646
8647
8648
8649
8650
8651
8652
8653
8654
8655
8656
8657
8658
8659
8660
8661
8662
8663
8664
8665
8666
8667
8668
8669
8670
8671
8672
8673
8674
8675
8676
8677
8678
8679
8680
8681
8682
8683
8684
8685
8686
8687
8688
8689
8690
8691
8692
8693
8694
8695
8696
8697
8698
8699
8700
8701
8702
8703
8704
8705
8706
8707
8708
8709
8710
8711
8712
8713
8714
8715
8716
8717
8718
8719
8720
8721
8722
8723
8724
8725
8726
8727
8728
8729
8730
8731
8732
8733
8734
8735
8736
8737
8738
8739
8740
8741
8742
8743
8744
8745
8746
8747
8748
8749
8750
8751
8752
8753
8754
8755
8756
8757
8758
8759
8760
8761
8762
8763
8764
8765
8766
8767
8768
8769
8770
8771
8772
8773
8774
8775
8776
8777
8778
8779
8780
8781
8782
8783
8784
8785
8786
8787
8788
8789
8790
8791
8792
8793
8794
8795
8796
8797
8798
8799
8800
8801
8802
8803
8804
8805
8806
8807
8808
8809
8810
8811
8812
8813
8814
8815
8816
8817
8818
8819
8820
8821
8822
8823
8824
8825
8826
8827
8828
8829
8830
8831
8832
8833
8834
8835
8836
8837
8838
8839
8840
8841
8842
8843
8844
8845
8846
8847
8848
8849
8850
8851
8852
8853
8854
8855
8856
8857
8858
8859
8860
8861
8862
8863
8864
8865
8866
8867
8868
8869
8870
8871
8872
8873
8874
8875
8876
8877
8878
8879
8880
8881
8882
8883
8884
8885
8886
8887
8888
8889
8890
8891
8892
8893
8894
8895
8896
8897
8898
8899
8900
8901
8902
8903
8904
8905
8906
8907
8908
8909
8910
8911
8912
8913
8914
8915
8916
8917
8918
8919
8920
8921
8922
8923
8924
8925
8926
8927
8928
8929
8930
8931
8932
8933
8934
8935
8936
8937
8938
8939
8940
8941
8942
8943
8944
8945
8946
8947
8948
8949
8950
8951
8952
8953
8954
8955
8956
8957
8958
8959
8960
8961
8962
8963
8964
8965
8966
8967
8968
8969
8970
8971
8972
8973
8974
8975
8976
8977
8978
8979
8980
8981
8982
8983
8984
8985
8986
8987
8988
8989
8990
8991
8992
8993
8994
8995
8996
8997
8998
8999
9000
9001
9002
9003
9004
9005
9006
9007
9008
9009
9010
9011
9012
9013
9014
9015
9016
9017
9018
9019
9020
9021
9022
9023
9024
9025
9026
9027
9028
9029
9030
9031
9032
9033
9034
9035
9036
9037
9038
9039
9040
9041
9042
9043
9044
9045
9046
9047
9048
9049
9050
9051
9052
9053
9054
9055
9056
9057
9058
9059
9060
9061
9062
9063
9064
9065
9066
9067
9068
9069
9070
9071
9072
9073
9074
9075
9076
9077
9078
9079
9080
9081
9082
9083
9084
9085
9086
9087
9088
9089
9090
9091
9092
9093
9094
9095
9096
9097
9098
9099
9100
9101
9102
9103
9104
9105
9106
9107
9108
9109
9110
9111
9112
9113
9114
9115
9116
9117
9118
9119
9120
9121
9122
9123
9124
9125
9126
9127
9128
9129
9130
9131
9132
9133
9134
9135
9136
9137
9138
9139
9140
9141
9142
9143
9144
9145
9146
9147
9148
9149
9150
9151
9152
9153
9154
9155
9156
9157
9158
9159
9160
9161
9162
9163
9164
9165
9166
9167
9168
9169
9170
9171
9172
9173
9174
9175
9176
9177
9178
9179
9180
9181
9182
9183
9184
9185
9186
9187
9188
9189
9190
9191
9192
9193
9194
9195
9196
9197
9198
9199
9200
9201
9202
9203
9204
9205
9206
9207
9208
9209
9210
9211
9212
9213
9214
9215
9216
9217
9218
9219
9220
9221
9222
9223
9224
9225
9226
9227
9228
9229
9230
9231
9232
9233
9234
9235
9236
9237
9238
9239
9240
9241
9242
9243
9244
9245
9246
9247
9248
9249
9250
9251
9252
9253
9254
9255
9256
9257
9258
9259
9260
9261
9262
9263
9264
9265
9266
9267
9268
9269
9270
9271
9272
9273
SCALARS property_id int 1
LOOKUP_TABLE default
10
10
10
10
10
10
10
10
10
10
10
10
10
10
10
10
10
10
10
10
10
10
10
10
10
10
10
10
10
10
10
10
10
10
10
10
10
10
10
10
10
10
10
10
10
10
10
10
10
10
10
10
10
10
10
10
10
10
10
10
10
10
10
10
10
10
10
10
10
10
10
10
10
10
10
10
10
10
10
10
10
10
10
10
10
10
10
10
10
10
10
10
10
10
10
10
10
10
10
10
10
10
10
10
50
50
50
50
50
50
50
50
50
50
50
41
41
41
41
41
41
41
41
41
10000
10000
10000
10000
10000
10000
10000
10000
10000
10000
10000
10000
10000
10000
10000
10000
10000
10000
10000
10000
10000
10
10
10
10
10
10
10
10
10
10
10
10
10
10
10
10
10
10
10
10
10
10
10
10
10
10
10
10
10
10
10
10
10
10
10
10
10
10
10
10
10
10
10
10
10
10
10
10
10
10
10
10
10
10
10
10
10
10
10
10
10
10
10
10
10
10
10
10
10
10
10
10
10
10
10
10
10
10
10
10
10
10
10
10
10
10
10
10
10
10
10
10
10
10
10
10
10
10
10
10
10
10
10
10
50
50
50
50
50
50
50
50
50
50
50
41
41
41
41
41
41
41
41
41
10000
10000
10000
10000
10000
10000
10000
10000
10000
10000
10000
10000
10000
10000
10000
10000
10000
10000
10000
10000
10000
10
10
10
10
10
10
10
10
10
10
10
10
10
10
10
10
10
10
10
10
10
10
10
10
10
10
10
10
10
10
10
10
10
10
10
10
10
10
10
10
10
10
10
10
10
10
10
10
10
10
10
10
10
10
10
10
10
10
10
10
10
10
10
10
10
10
10
10
10
10
10
10
10
10
10
10
10
10
10
10
10
10
10
10
10
10
10
10
10
10
10
10
10
10
10
10
10
10
10
10
10
10
10
10
50
50
50
50
50
50
50
50
50
50
50
41
41
41
41
41
41
41
41
41
10001
10001
10001
10001
10001
10001
10001
10001
10001
10001
10001
10001
10001
10001
10001
10001
10001
10001
10001
10001
10001
10
10
10
10
10
10
10
10
10
10
10
10
10
10
10
10
10
10
10
10
10
10
10
10
10
10
10
10
10
10
10
10
10
10
10
10
10
10
10
10
10
10
10
10
10
10
10
10
10
10
10
10
10
10
10
10
10
10
10
10
10
10
10
10
10
10
10
10
10
10
10
10
10
10
10
10
10
10
10
10
10
10
10
10
10
10
10
10
10
10
10
10
10
10
10
10
10
10
10
10
10
10
10
10
50
50
50
50
50
50
50
50
50
50
50
41
41
41
41
41
41
41
41
41
10001
10001
10001
10001
10001
10001
10001
10001
10001
10001
10001
10001
10001
10001
10001
10001
10001
10001
10001
10001
10001
10
10
10
10
10
10
10
10
10
10
10
10
10
10
10
10
10
10
10
10
10
10
10
10
10
10
10
10
10
10
10
10
10
10
10
10
10
10
10
10
10
10
10
10
10
10
10
10
10
10
10
10
10
10
10
10
10
10
10
10
10
10
10
10
10
10
10
10
10
10
10
10
10
10
10
10
10
10
10
10
10
10
10
10
10
10
10
10
10
10
10
10
10
10
10
10
10
10
10
10
10
10
10
10
50
50
50
50
50
50
50
50
50
50
50
41
41
41
41
41
41
41
41
41
10002
10002
10002
10002
10002
10002
10002
10002
10002
10002
10002
10002
10002
10002
10002
10002
10002
10002
10002
10002
10002
10
10
10
10
10
10
10
10
10
10
10
10
10
10
10
10
10
10
10
10
10
10
10
10
10
10
10
10
10
10
10
10
10
10
10
10
10
10
10
10
10
10
10
10
10
10
10
10
10
10
10
10
10
10
10
10
10
10
10
10
10
10
10
10
10
10
10
10
10
10
10
10
10
10
10
10
10
10
10
10
10
10
10
10
10
10
10
10
10
10
10
10
10
10
10
10
10
10
10
10
10
10
10
10
50
50
50
50
50
50
50
50
50
50
50
41
41
41
41
41
41
41
41
41
10002
10002
10002
10002
10002
10002
10002
10002
10002
10002
10002
10002
10002
10002
10002
10002
10002
10002
10002
10002
10002
10
10
10
10
10
10
10
10
10
10
10
10
10
10
10
10
10
10
10
10
10
10
10
10
10
10
10
10
10
10
10
10
10
10
10
10
10
10
10
10
10
10
10
10
10
10
10
10
10
10
10
10
10
10
10
10
10
10
10
10
10
10
10
10
10
10
10
10
10
10
10
10
10
10
10
10
10
10
10
10
10
10
10
10
10
10
10
10
10
10
10
10
10
10
10
10
10
10
10
10
10
10
10
10
50
50
50
50
50
50
50
50
50
50
50
41
41
41
41
41
41
41
41
41
10003
10003
10003
10003
10003
10003
10003
10003
10003
10003
10003
10003
10003
10003
10003
10003
10003
10003
10003
10003
10003
10
10
10
10
10
10
10
10
10
10
10
10
10
10
10
10
10
10
10
10
10
10
10
10
10
10
10
10
10
10
10
10
10
10
10
10
10
10
10
10
10
10
10
10
10
10
10
10
10
10
10
10
10
10
10
10
10
10
10
10
10
10
10
10
10
10
10
10
10
10
10
10
10
10
10
10
10
10
10
10
10
10
10
10
10
10
10
10
10
10
10
10
10
10
10
10
10
10
10
10
10
10
10
10
50
50
50
50
50
50
50
50
50
50
50
41
41
41
41
41
41
41
41
41
10003
10003
10003
10003
10003
10003
10003
10003
10003
10003
10003
10003
10003
10003
10003
10003
10003
10003
10003
10003
10003
10
10
10
10
10
10
10
10
10
10
10
10
10
10
10
10
10
10
10
10
10
10
10
10
10
10
10
10
10
10
10
10
10
10
10
10
10
10
10
10
10
10
10
10
10
10
10
10
10
10
10
10
10
10
10
10
10
10
10
10
10
10
10
10
10
10
10
10
10
10
10
10
10
10
10
10
10
10
10
10
10
10
10
10
10
10
10
10
10
10
10
10
10
10
10
10
10
10
10
10
10
10
10
10
50
50
50
50
50
50
50
50
50
50
50
41
41
41
41
41
41
41
41
41
10004
10004
10004
10004
10004
10004
10004
10004
10004
10004
10004
10004
10004
10004
10004
10004
10004
10004
10004
10004
10004
10
10
10
10
10
10
10
10
10
10
10
10
10
10
10
10
10
10
10
10
10
10
10
10
10
10
10
10
10
10
10
10
10
10
10
10
10
10
10
10
10
10
10
10
10
10
10
10
10
10
10
10
10
10
10
10
10
10
10
10
10
10
10
10
10
10
10
10
10
10
10
10
10
10
10
10
10
10
10
10
10
10
10
10
10
10
10
10
10
10
10
10
10
10
10
10
10
10
10
10
10
10
10
10
50
50
50
50
50
50
50
50
50
50
50
41
41
41
41
41
41
41
41
41
10004
10004
10004
10004
10004
10004
10004
10004
10004
10004
10004
10004
10004
10004
10004
10004
10004
10004
10004
10004
10004
10
10
10
10
10
10
10
10
10
10
10
10
10
10
10
10
10
10
10
10
10
10
10
10
10
10
10
10
10
10
10
10
10
10
10
10
10
10
10
10
10
10
10
10
10
10
10
10
10
10
10
10
10
10
10
10
10
10
10
10
10
10
10
10
10
10
10
10
10
10
10
10
10
10
10
10
10
10
10
10
10
10
10
10
10
10
10
10
10
10
10
10
10
10
10
10
10
10
10
10
10
10
10
10
50
50
50
50
50
50
50
50
50
50
50
41
41
41
41
41
41
41
41
41
10005
10005
10005
10005
10005
10005
10005
10005
10005
10005
10005
10005
10005
10005
10005
10005
10005
10005
10005
10005
10005
10
10
10
10
10
10
10
10
10
10
10
10
10
10
10
10
10
10
10
10
10
10
10
10
10
10
10
10
10
10
10
10
10
10
10
10
10
10
10
10
10
10
10
10
10
10
10
10
10
10
10
10
10
10
10
10
10
10
10
10
10
10
10
10
10
10
10
10
10
10
10
10
10
10
10
10
10
10
10
10
10
10
10
10
10
10
10
10
10
10
10
10
10
10
10
10
10
10
10
10
10
10
10
10
50
50
50
50
50
50
50
50
50
50
50
41
41
41
41
41
41
41
41
41
10005
10005
10005
10005
10005
10005
10005
10005
10005
10005
10005
10005
10005
10005
10005
10005
10005
10005
10005
10005
10005
41
41
41
41
41
41
41
41
41
41
41
41
41
41
41
41
41
41
41
41
41
41
41
41
41
41
41
41
41
41
41
41
41
41
41
41
41
41
41
41
41
41
41
41
41
41
41
41
41
41
41
41
41
41
41
41
41
41
41
41
41
41
41
41
41
41
41
41
41
41
41
41
41
41
41
41
41
41
41
41
41
41
41
41
41
41
41
41
41
41
41
41
41
41
41
41
41
41
41
41
41
41
41
41
41
41
41
41
41
41
41
41
41
41
41
41
41
41
41
41
41
41
41
41
41
41
41
41
41
41
41
41
41
41
41
41
41
41
41
41
41
41
41
41
41
41
41
41
41
41
41
41
41
41
41
41
41
41
41
41
41
41
41
41
41
41
41
41
41
41
41
41
41
41
41
41
41
41
41
41
41
41
41
41
41
41
41
41
41
41
41
41
41
41
41
41
41
41
41
41
41
41
41
41
41
41
41
41
41
41
41
41
41
41
41
41
41
41
41
41
41
41
41
41
41
41
41
41
41
41
41
41
41
41
41
41
41
41
41
41
41
41
41
41
41
41
41
41
41
41
41
41
41
41
41
41
41
41
41
41
41
41
41
41
41
41
41
41
41
41
41
41
41
41
41
41
41
41
41
41
41
41
41
41
41
41
41
41
41
41
41
41
41
41
41
41
41
41
41
41
41
41
41
41
41
41
41
41
41
41
41
41
41
41
41
41
41
41
41
41
41
41
41
41
41
41
41
41
41
41
41
41
41
41
41
41
41
41
41
41
41
41
41
41
41
41
41
41
41
41
41
41
41
41
41
41
41
41
41
41
41
41
41
41
41
41
41
41
41
41
41
41
41
41
41
41
41
41
20
20
20
20
20
20
20
20
20
20
20
20
20
20
20
20
20
20
20
20
20
20
20
20
20
20
20
20
20
20
20
20
20
20
20
20
20
20
20
20
20
20
20
20
20
20
20
20
20
20
20
20
20
20
20
20
20
20
20
20
20
20
20
20
20
20
20
20
20
20
20
20
20
20
20
20
20
20
20
20
20
20
20
20
20
20
20
20
20
20
20
20
20
20
20
20
20
20
20
20
20
20
20
20
20
20
20
20
20
20
20
20
20
20
20
20
20
20
20
20
20
20
20
20
20
20
20
20
20
20
20
20
20
20
20
20
20
20
20
20
20
20
20
20
20
20
20
20
20
20
20
20
20
20
20
20
20
20
20
20
20
20
20
20
20
20
20
20
20
20
20
20
20
20
20
20
20
20
20
20
20
20
20
20
20
20
20
20
20
20
20
20
20
20
20
20
20
20
20
20
20
20
20
20
20
20
20
20
20
20
20
20
20
20
20
20
20
20
20
20
20
20
20
20
20
20
20
20
20
20
20
20
20
20
20
20
20
20
20
20
20
20
20
20
20
20
20
20
20
20
20
20
20
20
20
20
20
20
20
20
20
20
20
20
20
20
20
20
20
20
20
20
20
20
20
20
20
20
20
20
20
20
20
20
20
20
20
20
20
20
20
20
20
20
20
20
20
20
20
20
20
20
20
20
20
20
20
20
20
20
20
20
20
20
20
20
20
20
20
20
20
20
20
20
20
20
20
20
20
20
20
20
20
20
20
20
20
20
20
20
20
20
20
20
20
20
20
20
20
20
20
20
20
20
20
20
20
20
20
20
20
20
20
20
20
20
20
20
20
20
20
20
20
20
20
20
20
20
20
20
20
20
20
20
20
20
20
20
20
20
20
20
20
20
20
20
20
20
20
20
20
20
20
20
20
20
20
20
20
20
20
20
20
20
20
20
20
20
20
20
20
20
20
20
20
20
20
20
20
20
20
20
20
20
20
20
20
20
20
20
20
20
20
20
20
20
20
20
20
20
20
20
20
20
20
20
20
20
20
20
20
20
20
20
20
20
20
20
20
20
20
20
20
20
20
20
20
20
20
20
20
20
20
20
20
20
20
20
20
20
20
20
20
20
30
30
30
30
30
30
30
30
30
30
30
30
30
30
30
30
30
30
30
30
30
30
30
30
30
30
30
30
30
30
30
30
30
30
30
30
30
30
30
30
30
30
30
30
30
30
30
30
30
30
30
30
30
30
30
30
30
30
30
30
30
30
30
30
30
30
30
30
30
30
30
30
30
30
30
50000
50000
50000
50000
50000
50000
50000
50000
50000
50000
50000
50000
50000
50000
50000
50000
50000
50000
50000
50000
50000
50000
50000
50000
50000
50000
50000
50000
50000
50000
50000
50000
50000
50000
50000
50000
50000
50000
50000
50000
50000
50000
50000
50000
50000
50000
50000
50000
50000
50000
50000
50000
50000
50000
50000
50000
50000
50000
50000
50000
50000
50000
50000
50000
50000
50000
50000
50000
50000
50000
50000
50000
50000
50000
50000
50000
50000
50000
50000
50000
50000
50000
50000
50000
50000
50000
50000
50000
50000
50000
50000
50000
50000
50000
50000
50000
50000
50000
50000
50000
50000
50000
50000
50000
50000
50000
50000
50000
50000
50000
50000
50000
50000
50000
50000
50000
50000
50000
50000
50000
50000
50000
50000
50000
50000
50000
50000
50000
50000
50000
50000
50000
50000
50000
50000
50000
50000
50000
50000
50000
50000
50000
50000
50000
50000
50000
50000
50000
50000
50000
50000
50000
50000
50000
50000
50000
50000
50000
600000
600000
600000
600000
600000
600000
600000
600000
600000
600000
600000
600000
600000
600000
600000
600000
600000
600000
600000
600000
600000
600000
600000
600000
600000
600000
600000
600000
600000
600000
600000
600000
600000
600000
600000
600000
600000
600000
600000
600000
600000
600000
600000
600000
600000
600000
600000
600000
600000
600000
600000
600000
600000
600000
600000
600000
600000
600000
600000
600000
600000
600000
600000
600000
600000
600000
600000
600000
600000
600000
600000
600000
600000
600000
600000
600000
600000
600000
600000
600000
600000
600000
600000
600000
600000
600000
600000
600000
600000
600000
600000
600000
600000
600000
600000
600000
600000
600000
600000
600000
600000
600000
600000
600000
600000
600000
600000
600000
600000
600000
600000
600000
600000
600000
600000
600000
600000
600000
600000
600000
600000
600000
600000
600000
600000
600000
600000
600000
600000
600000
600000
600000
600000
600000
600000
600000
600000
600000
600000
600000
600000
600000
600000
600000
600000
600000
600000
600000
600000
600000
600000
600000
600000
600000
600000
600000
600000
600000
600000
600000
600000
600000
20
20
20
20
20
20
20
20
20
20
20
20
20
20
20
20
20
20
20
20
20
20
20
20
20
20
20
20
20
20
20
20
20
20
20
20
20
20
20
20
20
20
20
20
20
20
20
20
20
20
20
20
20
20
20
20
20
20
20
20
20
20
20
20
20
20
20
20
20
20
20
20
20
20
20
20
20
20
20
20
20
20
20
20
20
20
20
20
20
20
20
20
20
20
20
20
20
20
20
20
20
20
20
20
20
20
20
20
20
20
20
20
20
20
20
20
20
20
20
20
20
20
20
20
20
20
20
20
20
20
20
20
20
20
20
20
20
20
20
20
20
20
20
20
20
20
20
20
20
20
20
20
20
20
20
20
20
20
20
20
20
20
20
20
20
20
20
20
20
20
20
20
20
20
20
20
20
20
20
20
20
20
20
20
20
20
20
20
20
20
20
20
20
20
20
20
20
20
20
20
20
20
20
20
20
20
20
20
20
20
20
20
20
20
20
20
20
20
20
20
20
20
20
20
20
20
20
20
20
20
20
20
20
20
20
20
20
20
20
20
20
20
20
20
20
20
20
20
20
20
20
20
20
20
20
20
20
20
20
20
20
20
20
20
20
20
20
20
20
20
20
20
20
20
20
20
20
20
20
20
20
20
20
20
20
20
20
20
20
20
20
20
20
20
20
20
20
20
20
20
20
20
20
20
20
20
20
20
20
20
20
20
20
20
20
20
20
20
20
20
20
20
20
20
20
20
20
20
20
20
20
20
20
20
20
20
20
20
20
20
20
20
20
20
20
20
20
20
20
20
20
20
20
20
20
20
20
20
20
20
20
20
20
20
20
20
20
20
20
20
20
20
20
20
20
20
20
20
20
20
20
20
20
20
20
20
20
20
20
20
20
20
20
20
20
20
20
20
20
20
20
20
20
20
20
20
20
20
20
20
20
20
20
20
20
20
20
20
20
20
20
20
20
20
20
20
20
20
20
20
20
20
20
20
20
20
20
20
20
20
20
20
20
20
20
20
20
20
20
20
20
20
20
20
20
20
20
20
20
20
20
20
20
20
20
20
20
20
20
20
20
20
20
20
20
20
20
20
20
20
20
20
20
20
20
20
20
20
20
20
20
20
20
20
30
30
30
30
30
30
30
30
30
30
30
30
30
30
30
30
30
30
30
30
30
30
30
30
30
30
30
30
30
30
30
30
30
30
30
30
30
30
30
30
30
30
30
30
30
30
30
30
30
30
30
30
30
30
30
30
30
30
30
30
30
30
30
30
30
30
30
30
30
30
30
30
30
30
30
50000
50000
50000
50000
50000
50000
50000
50000
50000
50000
50000
50000
50000
50000
50000
50000
50000
50000
50000
50000
50000
50000
50000
50000
50000
50000
50000
50000
50000
50000
50000
50000
50000
50000
50000
50000
50000
50000
50000
50000
50000
50000
50000
50000
50000
50000
50000
50000
50000
50000
50000
50000
50000
50000
50000
50000
50000
50000
50000
50000
50000
50000
50000
50000
50000
50000
50000
50000
50000
50000
50000
50000
50000
50000
50000
50000
50000
50000
50000
50000
50000
50000
50000
50000
50000
50000
50000
50000
50000
50000
50000
50000
50000
50000
50000
50000
50000
50000
50000
50000
50000
50000
50000
50000
50000
50000
50000
50000
50000
50000
50000
50000
50000
50000
50000
50000
50000
50000
50000
50000
50000
50000
50000
50000
50000
50000
50000
50000
50000
50000
50000
50000
50000
50000
50000
50000
50000
50000
50000
50000
50000
50000
50000
50000
50000
50000
50000
50000
50000
50000
50000
50000
50000
50000
50000
50000
50000
50000
600000
600000
600000
600000
600000
600000
600000
600000
600000
600000
600000
600000
600000
600000
600000
600000
600000
600000
600000
600000
600000
600000
600000
600000
600000
600000
600000
600000
600000
600000
600000
600000
600000
600000
600000
600000
600000
600000
600000
600000
600000
600000
600000
600000
600000
600000
600000
600000
600000
600000
600000
600000
600000
600000
600000
600000
600000
600000
600000
600000
600000
600000
600000
600000
600000
600000
600000
600000
600000
600000
600000
600000
600000
600000
600000
600000
600000
600000
600000
600000
600000
600000
600000
600000
600000
600000
600000
600000
600000
600000
600000
600000
600000
600000
600000
600000
600000
600000
600000
600000
600000
600000
600000
600000
600000
600000
600000
600000
600000
600000
600000
600000
600000
600000
600000
600000
600000
600000
600000
600000
600000
600000
600000
600000
600000
600000
600000
600000
600000
600000
600000
600000
600000
600000
600000
600000
600000
600000
600000
600000
600000
600000
600000
600000
600000
600000
600000
600000
600000
600000
600000
600000
600000
600000
600000
600000
600000
600000
600000
600000
600000
600000
40
40
40
40
40
40
40
40
40
40
40
40
40
40
40
40
40
40
40
40
40
40
40
40
40
40
40
40
40
40
40
40
40
40
40
40
40
40
40
40
40
40
40
40
40
40
40
40
40
40
40
40
40
40
40
40
40
40
40
40
40
40
40
40
40
40
40
40
40
40
40
40
40
40
40
40
40
40
40
40
40
40
40
40
40
40
40
40
40
40
40
40
40
40
40
40
40
40
40
40
40
40
40
40
40
40
40
40
40
40
40
40
40
40
40
40
40
40
40
40
40
40
40
40
40
40
40
40
40
40
40
40
40
40
40
40
40
40
40
40
40
40
40
40
40
40
40
40
40
40
40
40
40
40
40
40
40
40
40
40
40
40
40
40
40
40
40
40
40
40
40
40
40
40
40
40
40
40
40
40
40
40
40
40
40
40
40
40
40
40
40
40
40
40
40
40
40
40
40
40
40
40
40
40
40
40
40
40
40
40
40
40
40
40
40
40
40
40
40
40
40
40
40
40
40
40
40
40
40
40
40
40
40
40
40
40
40
40
40
40
40
40
40
40
40
40
40
40
40
40
40
40
40
40
40
40
40
40
40
40
40
40
40
40
40
40
40
40
40
40
40
40
40
40
40
40
40
40
40
40
40
40
40
40
40
40
40
40
40
40
40
40
40
40
40
40
40
40
40
40
40
40
40
40
40
40
40
40
40
40
40
40
40
40
40
40
40
40
40
40
40
40
40
40
40
40
40
40
40
40
40
40
40
40
40
40
40
40
40
40
40
40
40
40
40
40
40
40
40
40
40
40
40
40
40
40
40
40
SCALARS element_kind int 1
LOOKUP_TABLE default
3
3
3
3
3
3
3
3
3
3
3
3
3
3
3
3
3
3
3
3
3
3
3
3
3
3
3
3
3
3
3
3
3
3
3
3
3
3
3
3
3
3
3
3
3
3
3
3
3
3
3
3
3
3
3
3
3
3
3
3
3
3
3
3
3
3
3
3
3
3
3
3
3
3
3
3
3
3
3
3
3
3
3
3
3
3
3
3
3
3
3
3
3
3
3
3
3
3
3
3
3
3
3
3
3
3
3
3
3
3
3
3
3
3
3
3
3
3
3
3
3
3
3
3
3
3
3
3
3
3
3
3
3
3
3
3
3
3
3
3
3
3
3
3
3
3
3
3
3
3
3
3
3
3
3
3
3
3
3
3
3
3
3
3
3
3
3
3
3
3
3
3
3
3
3
3
3
3
3
3
3
3
3
3
3
3
3
3
3
3
3
3
3
3
3
3
3
3
3
3
3
3
3
3
3
3
3
3
3
3
3
3
3
3
3
3
3
3
3
3
3
3
3
3
3
3
3
3
3
3
3
3
3
3
3
3
3
3
3
3
3
3
3
3
3
3
3
3
3
3
3
3
3
3
3
3
3
3
3
3
3
3
3
3
3
3
3
3
3
3
3
3
3
3
3
3
3
3
3
3
3
3
3
3
3
3
3
3
3
3
3
3
3
3
3
3
3
3
3
3
3
3
3
3
3
3
3
3
3
3
3
3
3
3
3
3
3
3
3
3
3
3
3
3
3
3
3
3
3
3
3
3
3
3
3
3
3
3
3
3
3
3
3
3
3
3
3
3
3
3
3
3
3
3
3
3
3
3
3
3
3
3
3
3
3
3
3
3
3
3
3
3
3
3
3
3
3
3
3
3
3
3
3
3
3
3
3
3
3
3
3
3
3
3
3
3
3
3
3
3
3
3
3
3
3
3
3
3
3
3
3
3
3
3
3
3
3
3
3
3
3
3
3
3
3
3
3
3
3
3
3
3
3
3
3
3
3
3
3
3
3
3
3
3
3
3
3
3
3
3
3
3
3
3
3
3
3
3
3
3
3
3
3
3
3
3
3
3
3
3
3
3
3
3
3
3
3
3
3
3
3
3
3
3
3
3
3
3
3
3
3
3
3
3
3
3
3
3
3
3
3
3
3
3
3
3
3
3
3
3
3
3
3
3
3
3
3
3
3
3
3
3
3
3
3
3
3
3
3
3
3
3
3
3
3
3
3
3
3
3
3
3
3
3
3
3
3
3
3
3
3
3
3
3
3
3
3
3
3
3
3
3
3
3
3
3
3
3
3
3
3
3
3
3
3
3
3
3
3
3
3
3
3
3
3
3
3
3
3
3
3
3
3
3
3
3
3
3
3
3
3
3
3
3
3
3
3
3
3
3
3
3
3
3
3
3
3
3
3
3
3
3
3
3
3
3
3
3
3
3
3
3
3
3
3
3
3
3
3
3
3
3
3
3
3
3
3
3
3
3
3
3
3
3
3
3
3
3
3
3
3
3
3
3
3
3
3
3
3
3
3
3
3
3
3
3
3
3
3
3
3
3
3
3
3
3
3
3
3
3
3
3
3
3
3
3
3
3
3
3
3
3
3
3
3
3
3
3
3
3
3
3
3
3
3
3
3
3
3
3
3
3
3
3
3
3
3
3
3
3
3
3
3
3
3
3
3
3
3
3
3
3
3
3
3
3
3
3
3
3
3
3
3
3
3
3
3
3
3
3
3
3
3
3
3
3
3
3
3
3
3
3
3
3
3
3
3
3
3
3
3
3
3
3
3
3
3
3
3
3
3
3
3
3
3
3
3
3
3
3
3
3
3
3
3
3
3
3
3
3
3
3
3
3
3
3
3
3
3
3
3
3
3
3
3
3
3
3
3
3
3
3
3
3
3
3
3
3
3
3
3
3
3
3
3
3
3
3
3
3
3
3
3
3
3
3
3
3
3
3
3
3
3
3
3
3
3
3
3
3
3
3
3
3
3
3
3
3
3
3
3
3
3
3
3
3
3
3
3
3
3
3
3
3
3
3
3
3
3
3
3
3
3
3
3
3
3
3
3
3
3
3
3
3
3
3
3
3
3
3
3
3
3
3
3
3
3
3
3
3
3
3
3
3
3
3
3
3
3
3
3
3
3
3
3
3
3
3
3
3
3
3
3
3
3
3
3
3
3
3
3
3
3
3
3
3
3
3
3
3
3
3
3
3
3
3
3
3
3
3
3
3
3
3
3
3
3
3
3
3
3
3
3
3
3
3
3
3
3
3
3
3
3
3
3
3
3
3
3
3
3
3
3
3
3
3
3
3
3
3
3
3
3
3
3
3
3
3
3
3
3
3
3
3
3
3
3
3
3
3
3
3
3
3
3
3
3
3
3
3
3
3
3
3
3
3
3
3
3
3
3
3
3
3
3
3
3
3
3
3
3
3
3
3
3
3
3
3
3
3
3
3
3
3
3
3
3
3
3
3
3
3
3
3
3
3
3
3
3
3
3
3
3
3
3
3
3
3
3
3
3
3
3
3
3
3
3
3
3
3
3
3
3
3
3
3
3
3
3
3
3
3
3
3
3
3
3
3
3
3
3
3
3
3
3
3
3
3
3
3
3
3
3
3
3
3
3
3
3
3
3
3
3
3
3
3
3
3
3
3
3
3
3
3
3
3
3
3
3
3
3
3
3
3
3
3
3
3
3
3
3
3
3
3
3
3
3
3
3
3
3
3
3
3
3
3
3
3
3
3
3
3
3
3
3
3
3
3
3
3
3
3
3
3
3
3
3
3
3
3
3
3
3
3
3
3
3
3
3
3
3
3
3
3
3
3
3
3
3
3
3
3
3
3
3
3
3
3
3
3
3
3
3
3
3
3
3
3
3
3
3
3
3
3
3
3
3
3
3
3
3
3
3
3
3
3
3
3
3
3
3
3
3
3
3
3
3
3
3
3
3
3
3
3
3
3
3
3
3
3
3
3
3
3
3
3
3
3
3
3
3
3
3
3
3
3
3
3
3
3
3
3
3
3
3
3
3
3
3
3
3
3
3
3
3
3
3
3
3
3
3
3
3
3
3
3
3
3
3
3
3
3
3
3
3
3
3
3
3
3
3
3
3
3
3
3
3
3
3
3
3
3
3
3
3
3
3
3
3
3
3
3
3
3
3
3
3
3
3
3
3
3
3
3
3
3
3
3
3
3
3
3
3
3
3
3
3
3
3
3
3
3
3
3
3
3
3
3
3
3
3
3
3
3
3
3
3
3
3
3
3
3
3
3
3
3
3
3
3
3
3
3
3
3
3
3
3
3
3
3
3
3
3
3
3
3
3
3
3
3
3
3
3
3
3
3
3
3
3
3
3
3
3
3
3
3
3
3
3
3
3
3
3
3
3
3
3
3
3
3
3
3
3
3
3
3
3
3
3
3
3
3
3
3
3
3
3
3
3
3
3
3
3
3
3
3
3
3
3
3
3
3
3
3
3
3
3
3
3
3
3
3
3
3
3
3
3
3
3
3
3
3
3
3
3
3
3
3
3
3
3
3
3
3
3
3
3
3
3
3
3
3
3
3
3
3
3
3
3
3
3
3
3
3
3
3
3
3
3
3
3
3
3
3
3
3
3
3
3
3
3
3
3
3
3
3
3
3
3
3
3
3
3
3
3
3
3
3
3
3
3
3
3
3
3
3
3
3
3
3
3
3
3
3
3
3
3
3
3
3
3
3
3
3
3
3
3
3
3
3
3
3
3
3
3
3
3
3
3
3
3
3
3
3
3
3
3
3
3
3
3
3
3
3
3
3
3
3
3
3
3
3
3
3
3
3
3
3
3
3
3
3
3
3
3
3
3
3
3
3
3
3
3
3
3
3
3
3
3
3
3
3
3
3
3
3
3
3
3
3
3
3
3
3
3
3
3
3
3
3
3
3
3
3
3
3
3
3
3
3
3
3
3
3
3
3
3
3
3
3
3
3
3
3
3
3
3
3
3
3
3
3
3
3
3
3
3
3
3
3
3
3
3
3
3
3
3
3
3
3
3
3
3
3
3
3
3
3
3
3
3
3
3
3
3
3
3
3
3
3
3
3
3
3
3
3
3
3
3
3
3
3
3
3
3
3
3
3
3
3
3
3
3
3
3
3
3
3
3
3
3
3
3
3
3
3
3
3
3
3
3
3
3
3
3
3
3
3
3
3
3
3
3
3
3
3
3
3
3
3
3
3
3
3
3
3
3
3
3
3
3
3
3
3
3
3
3
3
3
3
3
3
3
3
3
3
3
3
3
3
3
3
3
3
3
3
3
3
3
3
3
3
3
3
3
3
3
3
3
3
3
3
3
3
3
3
3
3
3
3
3
3
3
3
3
3
3
3
3
3
3
3
3
3
3
3
3
3
3
3
3
3
3
3
3
3
3
3
3
3
3
3
3
3
3
3
3
3
3
3
3
3
3
3
3
3
3
3
3
3
3
3
3
3
3
3
3
3
3
3
3
3
3
3
3
3
3
3
3
3
3
3
3
3
3
3
3
3
3
3
3
3
3
3
3
3
3
3
3
3
3
3
3
3
3
3
3
3
3
3
3
3
3
3
3
3
3
3
3
3
3
3
3
3
3
3
3
3
3
3
3
3
3
3
3
3
3
3
3
3
3
3
3
3
3
3
3
3
3
3
3
3
3
3
3
3
3
3
3
3
3
3
3
3
3
3
3
3
3
3
3
3
3
3
3
3
3
3
3
3
3
3
3
3
3
3
3
3
3
3
3
3
3
3
3
3
3
3
3
3
3
3
3
3
3
3
3
3
3
3
3
3
3
3
3
3
3
3
3
3
3
3
3
3
3
3
3
3
3
3
3
3
3
3
3
3
3
3
3
3
3
3
3
3
3
3
3
3
3
3
3
3
3
3
3
3
3
3
3
3
3
3
3
3
3
3
3
3
3
3
3
3
3
3
3
3
3
3
3
3
3
3
3
3
3
3
3
3
3
3
3
3
3
3
3
3
3
3
3
3
3
3
3
3
3
3
3
3
3
3
3
3
3
3
3
3
3
3
3
3
3
3
3
3
3
3
3
3
3
3
3
3
3
3
3
3
3
3
3
3
3
3
3
3
3
3
3
3
3
3
3
3
3
3
3
3
3
3
3
3
3
3
3
3
3
3
3
3
3
3
3
3
3
3
3
3
3
3
3
3
3
3
3
3
3
3
3
3
3
3
3
3
3
3
3
3
3
3
3
3
3
3
3
3
3
3
3
3
3
3
3
3
3
3
3
3
3
3
3
3
3
3
3
3
3
3
3
3
3
3
3
3
3
3
3
3
3
3
3
3
3
3
3
3
3
3
3
3
3
3
3
3
3
3
3
3
3
3
3
3
3
3
3
3
3
3
3
3
3
3
3
3
3
3
3
3
3
3
3
3
3
3
3
3
3
3
3
3
3
3
3
3
3
3
3
3
3
3
3
3
3
3
3
3
3
3
3
3
3
3
3
3
3
3
3
3
3
3
3
3
3
3
3
3
3
3
3
3
3
3
3
3
3
3
3
3
3
3
3
3
3
3
3
3
3
3
3
3
3
3
3
3
3
3
3
3
3
3
3
3
3
3
3
3
3
3
3
3
3
3
3
3
3
3
3
3
3
3
3
3
3
3
3
3
3
3
3
3
3
3
3
3
3
3
3
3
3
3
3
3
3
3
3
3
3
3
3
3
3
3
3
3
3
3
3
3
3
3
3
3
3
3
3
3
3
3
3
3
3
3
3
3
3
3
3
3
3
3
3
3
3
3
3
3
3
3
3
3
3
3
3
3
3
3
3
3
3
3
3
3
3
3
3
3
3
3
3
3
3
3
3
3
3
3
3
3
3
3
3
3
3
3
3
3
3
3
3
3
3
3
3
3
3
3
3
3
3
3
3
3
3
3
3
3
3
3
3
3
3
3
3
3
3
3
3
3
3
3
3
3
3
3
3
3
3
3
3
3
3
3
3
3
3
3
3
3
3
3
3
3
3
3
3
3
3
3
3
3
3
3
3
3
3
3
3
3
3
3
3
3
3
3
3
3
3
3
3
3
3
3
3
3
3
3
3
3
3
3
3
3
3
3
3
3
3
3
3
3
3
3
3
3
3
3
3
3
3
3
3
3
3
3
3
3
3
3
3
3
3
3
3
3
3
3
3
3
3
3
3
3
3
3
3
3
3
3
3
3
3
3
3
3
3
3
3
3
3
3
3
3
3
3
3
3
3
3
3
3
3
3
3
3
3
3
3
3
3
3
3
3
3
3
3
3
3
3
3
3
3
3
3
3
3
3
3
3
3
3
3
3
3
3
3
3
3
3
3
3
3
3
3
3
3
3
3
3
3
3
3
3
3
3
3
3
3
3
3
3
3
3
3
3
3
3
3
3
3
3
3
3
3
3
3
3
3
3
3
3
3
3
3
3
3
3
3
3
3
3
3
3
3
3
3
3
3
3
3
3
3
3
3
3
3
3
3
3
3
3
3
3
3
3
3
3
3
3
3
3
3
3
3
3
3
3
3
3
3
3
3
3
3
3
3
3
3
3
3
3
3
3
3
3
3
3
3
3
3
3
3
3
3
3
3
3
3
3
3
3
3
3
3
3
3
3
3
3
3
3
3
3
3
3
3
3
3
3
3
3
3
3
3
3
3
3
3
3
3
3
3
3
3
3
3
3
3
3
3
3
3
3
3
3
3
3
3
3
3
3
3
3
3
3
3
3
3
3
3
3
3
3
3
3
3
3
3
3
3
3
3
3
3
3
3
3
3
3
3
3
3
3
3
3
3
3
3
3
3
3
3
3
3
3
3
3
3
3
3
3
3
3
3
3
3
3
3
3
3
3
3
3
3
3
3
3
3
3
3
3
3
3
3
3
3
3
3
3
3
3
3
3
3
3
3
3
3
3
3
3
3
3
3
3
3
3
3
3
3
3
3
3
3
3
3
3
3
3
3
3
3
3
3
3
3
3
3
3
3
3
3
3
3
3
3
3
3
3
3
3
3
3
3
3
3
3
3
3
3
3
3
3
3
3
3
3
3
3
3
3
3
3
3
3
3
3
3
3
3
3
3
3
3
3
3
3
3
3
3
3
3
3
3
3
3
3
3
3
3
3
3
3
3
3
3
3
3
3
3
3
3
3
3
3
3
3
3
3
3
3
3
3
3
3
3
3
3
3
3
3
3
3
3
3
3
3
3
3
3
3
3
3
3
3
3
3
3
3
3
3
3
3
3
3
3
3
3
3
3
3
3
3
3
3
3
3
3
3
3
3
3
3
3
3
3
3
3
3
3
3
3
3
3
3
3
3
3
3
3
3
3
3
3
3
3
3
3
3
3
3
3
3
3
3
3
3
3
3
3
3
3
3
3
3
3
3
3
3
3
3
3
3
3
3
3
3
3
3
3
3
3
3
3
3
3
3
3
3
3
3
3
3
3
3
3
3
3
3
3
3
3
3
3
3
3
3
3
3
3
3
3
3
3
3
3
3
3
3
3
3
3
3
3
3
3
3
3
3
3
3
3
3
3
3
3
3
3
3
3
3
3
3
3
3
3
3
3
3
3
3
3
3
3
3
3
3
3
3
3
3
3
3
3
3
3
3
3
3
3
3
3
3
3
3
3
3
3
3
3
3
3
3
3
3
3
3
3
3
3
3
3
3
3
3
3
3
3
3
3
3
3
3
3
3
3
3
3
3
3
3
3
3
3
3
3
3
3
3
3
3
3
3
3
3
3
3
3
3
3
3
3
3
3
3
3
3
3
3
3
3
3
3
3
3
3
3
3
3
3
3
3
3
3
3
3
3
3
3
3
3
3
3
3
3
3
3
3
3
3
3
3
3
3
3
3
3
3
3
3
3
3
3
3
3
3
3
3
3
3
3
3
3
3
3
3
3
3
3
3
3
3
3
3
3
3
3
3
3
3
3
3
3
3
3
3
3
3
3
3
3
3
3
3
3
3
3
3
3
3
3
3
3
3
3
3
3
3
3
3
3
3
3
3
3
3
3
3
3
3
3
3
3
3
3
3
3
3
3
3
3
3
3
3
3
3
3
3
3
3
3
3
3
3
3
3
3
3
3
3
3
3
3
3
3
3
3
3
3
3
3
3
3
3
3
3
3
3
3
3
3
3
3
3
3
3
3
3
3
3
3
3
3
3
3
3
3
3
3
3
3
3
3
3
3
3
3
3
3
3
3
3
3
3
3
3
3
3
3
3
3
3
3
3
3
3
3
3
3
3
3
3
3
3
3
3
3
3
3
3
3
3
3
3
3
3
3
3
3
3
3
3
3
3
3
3
3
3
3
3
3
3
3
3
3
3
3
3
3
3
3
3
3
3
3
3
3
3
3
3
3
3
3
3
3
3
3
3
3
3
3
3
3
3
3
3
3
3
3
3
3
3
3
3
3
3
3
3
3
3
3
3
3
3
3
3
3
3
3
3
3
3
3
3
3
3
3
3
3
3
3
3
3
3
3
3
3
3
3
3
3
3
3
3
3
3
3
3
3
3
3
3
3
3
3
3
3
3
3
3
3
3
3
3
3
3
3
3
3
3
3
3
3
3
3
3
3
3
3
3
3
3
3
3
3
3
3
3
3
3
3
3
3
3
3
3
3
3
3
3
3
3
3
3
3
3
3
3
3
3
3
3
3
3
3
3
3
3
3
3
3
3
3
3
3
3
3
3
3
3
3
3
3
3
3
3
3
3
3
3
3
3
3
3
3
3
3
3
3
3
3
3
3
3
3
3
3
3
3
3
3
3
3
3
3
3
3
3
3
3
3
3
3
3
3
3
3
3
3
3
3
3
3
3
3
3
3
3
3
3
3
3
3
3
3
3
3
3
3
3
3
3
3
3
3
3
3
3
3
3
3
3
3
3
3
3
3
3
3
3
3
3
3
3
3
3
3
3
3
3
3
3
3
3
3
3
3
3
3
3
3
3
3
3
3
3
3
3
3
3
3
3
3
3
3
3
3
3
3
3
3
3
3
3
3
3
3
3
3
3
3
3
3
3
3
3
3
3
3
3
3
3
3
3
3
3
3
3
3
3
3
3
3
3
3
3
3
3
3
3
3
3
3
3
3
3
3
3
3
3
3
3
3
3
3
3
3
3
3
3
3
3
3
3
3
3
3
3
3
3
3
3
3
3
3
3
3
3
3
3
3
3
3
3
3
3
3
3
3
3
3
3
3
3
3
3
3
3
3
3
3
3
3
3
3
3
3
3
3
3
3
3
3
3
3
3
3
3
3
3
3
3
3
3
3
3
3
3
3
3
3
3
3
3
3
3
3
3
3
3
3
3
3
3
3
3
3
3
3
3
3
3
3
3
3
3
3
3
3
3
3
3
3
3
3
3
3
3
3
3
3
3
3
3
3
3
3
3
3
3
3
3
3
3
3
3
3
3
3
3
3
3
3
3
3
3
3
3
3
3
3
3
3
3
3
3
3
3
3
3
3
3
3
3
3
3
3
3
3
3
3
3
3
3
3
3
3
3
3
3
3
3
3
3
3
3
3
3
3
3
3
3
3
3
3
3
3
3
3
3
3
3
3
3
3
3
3
3
3
3
3
3
3
3
3
3
3
3
3
3
3
3
3
3
3
3
3
SCALARS vtk_cell_type int 1
LOOKUP_TABLE default
13
13
13
13
13
13
13
13
13
13
13
13
13
13
13
13
13
13
13
13
13
13
13
13
13
13
13
13
13
12
12
12
12
12
12
12
12
12
12
12
12
12
12
12
12
12
12
12
12
12
12
12
12
12
12
12
12
12
12
12
12
12
12
12
12
12
12
12
12
12
12
12
12
12
12
12
12
12
12
12
12
12
12
12
12
12
12
12
12
12
12
12
12
12
12
12
12
12
12
12
12
12
12
12
13
13
13
13
13
13
13
12
12
12
12
13
12
12
12
12
12
12
12
12
13
13
13
13
13
13
13
13
13
13
12
12
12
12
12
12
12
12
12
12
12
13
13
13
13
13
13
13
13
13
13
13
13
13
13
13
13
13
13
13
13
13
13
13
13
13
13
13
13
13
12
12
12
12
12
12
12
12
12
12
12
12
12
12
12
12
12
12
12
12
12
12
12
12
12
12
12
12
12
12
12
12
12
12
12
12
12
12
12
12
12
12
12
12
12
12
12
12
12
12
12
12
12
12
12
12
12
12
12
12
12
12
12
12
12
12
12
12
12
12
12
12
12
12
12
13
13
13
13
13
13
13
12
12
12
12
13
12
12
12
12
12
12
12
12
13
13
13
13
13
13
13
13
13
13
12
12
12
12
12
12
12
12
12
12
12
13
13
13
13
13
13
13
13
13
13
13
13
13
13
13
13
13
13
13
13
13
13
13
13
13
13
13
13
13
12
12
12
12
12
12
12
12
12
12
12
12
12
12
12
12
12
12
12
12
12
12
12
12
12
12
12
12
12
12
12
12
12
12
12
12
12
12
12
12
12
12
12
12
12
12
12
12
12
12
12
12
12
12
12
12
12
12
12
12
12
12
12
12
12
12
12
12
12
12
12
12
12
12
12
13
13
13
13
13
13
13
12
12
12
12
13
12
12
12
12
12
12
12
12
13
13
13
13
13
13
13
13
13
13
12
12
12
12
12
12
12
12
12
12
12
13
13
13
13
13
13
13
13
13
13
13
13
13
13
13
13
13
13
13
13
13
13
13
13
13
13
13
13
13
12
12
12
12
12
12
12
12
12
12
12
12
12
12
12
12
12
12
12
12
12
12
12
12
12
12
12
12
12
12
12
12
12
12
12
12
12
12
12
12
12
12
12
12
12
12
12
12
12
12
12
12
12
12
12
12
12
12
12
12
12
12
12
12
12
12
12
12
12
12
12
12
12
12
12
13
13
13
13
13
13
13
12
12
12
12
13
12
12
12
12
12
12
12
12
13
13
13
13
13
13
13
13
13
13
12
12
12
12
12
12
12
12
12
12
12
13
13
13
13
13
13
13
13
13
13
13
13
13
13
13
13
13
13
13
13
13
13
13
13
13
13
13
13
13
12
12
12
12
12
12
12
12
12
12
12
12
12
12
12
12
12
12
12
12
12
12
12
12
12
12
12
12
12
12
12
12
12
12
12
12
12
12
12
12
12
12
12
12
12
12
12
12
12
12
12
12
12
12
12
12
12
12
12
12
12
12
12
12
12
12
12
12
12
12
12
12
12
12
12
13
13
13
13
13
13
13
12
12
12
12
13
12
12
12
12
12
12
12
12
13
13
13
13
13
13
13
13
13
13
12
12
12
12
12
12
12
12
12
12
12
13
13
13
13
13
13
13
13
13
13
13
13
13
13
13
13
13
13
13
13
13
13
13
13
13
13
13
13
13
12
12
12
12
12
12
12
12
12
12
12
12
12
12
12
12
12
12
12
12
12
12
12
12
12
12
12
12
12
12
12
12
12
12
12
12
12
12
12
12
12
12
12
12
12
12
12
12
12
12
12
12
12
12
12
12
12
12
12
12
12
12
12
12
12
12
12
12
12
12
12
12
12
12
12
13
13
13
13
13
13
13
12
12
12
12
13
12
12
12
12
12
12
12
12
13
13
13
13
13
13
13
13
13
13
12
12
12
12
12
12
12
12
12
12
12
13
13
13
13
13
13
13
13
13
13
13
13
13
13
13
13
13
13
13
13
13
13
13
13
13
13
13
13
13
12
12
12
12
12
12
12
12
12
12
12
12
12
12
12
12
12
12
12
12
12
12
12
12
12
12
12
12
12
12
12
12
12
12
12
12
12
12
12
12
12
12
12
12
12
12
12
12
12
12
12
12
12
12
12
12
12
12
12
12
12
12
12
12
12
12
12
12
12
12
12
12
12
12
12
13
13
13
13
13
13
13
12
12
12
12
13
12
12
12
12
12
12
12
12
13
13
13
13
13
13
13
13
13
13
12
12
12
12
12
12
12
12
12
12
12
13
13
13
13
13
13
13
13
13
13
13
13
13
13
13
13
13
13
13
13
13
13
13
13
13
13
13
13
13
12
12
12
12
12
12
12
12
12
12
12
12
12
12
12
12
12
12
12
12
12
12
12
12
12
12
12
12
12
12
12
12
12
12
12
12
12
12
12
12
12
12
12
12
12
12
12
12
12
12
12
12
12
12
12
12
12
12
12
12
12
12
12
12
12
12
12
12
12
12
12
12
12
12
12
13
13
13
13
13
13
13
12
12
12
12
13
12
12
12
12
12
12
12
12
13
13
13
13
13
13
13
13
13
13
12
12
12
12
12
12
12
12
12
12
12
13
13
13
13
13
13
13
13
13
13
13
13
13
13
13
13
13
13
13
13
13
13
13
13
13
13
13
13
13
12
12
12
12
12
12
12
12
12
12
12
12
12
12
12
12
12
12
12
12
12
12
12
12
12
12
12
12
12
12
12
12
12
12
12
12
12
12
12
12
12
12
12
12
12
12
12
12
12
12
12
12
12
12
12
12
12
12
12
12
12
12
12
12
12
12
12
12
12
12
12
12
12
12
12
13
13
13
13
13
13
13
12
12
12
12
13
12
12
12
12
12
12
12
12
13
13
13
13
13
13
13
13
13
13
12
12
12
12
12
12
12
12
12
12
12
13
13
13
13
13
13
13
13
13
13
13
13
13
13
13
13
13
13
13
13
13
13
13
13
13
13
13
13
13
12
12
12
12
12
12
12
12
12
12
12
12
12
12
12
12
12
12
12
12
12
12
12
12
12
12
12
12
12
12
12
12
12
12
12
12
12
12
12
12
12
12
12
12
12
12
12
12
12
12
12
12
12
12
12
12
12
12
12
12
12
12
12
12
12
12
12
12
12
12
12
12
12
12
12
13
13
13
13
13
13
13
12
12
12
12
13
12
12
12
12
12
12
12
12
13
13
13
13
13
13
13
13
13
13
12
12
12
12
12
12
12
12
12
12
12
13
13
13
13
13
13
13
13
13
13
13
13
13
13
13
13
13
13
13
13
13
13
13
13
13
13
13
13
13
12
12
12
12
12
12
12
12
12
12
12
12
12
12
12
12
12
12
12
12
12
12
12
12
12
12
12
12
12
12
12
12
12
12
12
12
12
12
12
12
12
12
12
12
12
12
12
12
12
12
12
12
12
12
12
12
12
12
12
12
12
12
12
12
12
12
12
12
12
12
12
12
12
12
12
13
13
13
13
13
13
13
12
12
12
12
13
12
12
12
12
12
12
12
12
13
13
13
13
13
13
13
13
13
13
12
12
12
12
12
12
12
12
12
12
12
13
13
13
13
13
13
13
13
13
13
13
13
13
13
13
13
13
13
13
13
13
13
13
13
13
13
13
13
13
12
12
12
12
12
12
12
12
12
12
12
12
12
12
12
12
12
12
12
12
12
12
12
12
12
12
12
12
12
12
12
12
12
12
12
12
12
12
12
12
12
12
12
12
12
12
12
12
12
12
12
12
12
12
12
12
12
12
12
12
12
12
12
12
12
12
12
12
12
12
12
12
12
12
12
13
13
13
13
13
13
13
12
12
12
12
13
12
12
12
12
12
12
12
12
13
13
13
13
13
13
13
13
13
13
12
12
12
12
12
12
12
12
12
12
12
12
12
12
12
12
12
12
12
12
12
12
12
12
12
12
12
12
12
12
12
12
12
12
12
12
12
12
12
12
12
12
12
12
12
12
12
12
12
12
12
12
12
12
12
12
12
12
12
12
12
12
12
12
12
12
12
12
12
12
12
12
12
12
12
12
12
12
12
12
12
12
12
12
12
12
12
12
12
12
12
12
12
12
12
12
12
12
12
12
12
12
12
12
12
12
12
12
12
12
12
12
12
12
12
12
12
12
12
12
12
12
12
12
12
12
12
12
12
12
12
12
12
12
12
12
12
12
12
12
12
12
12
12
12
12
12
12
12
12
12
12
12
12
12
12
12
12
12
12
12
12
12
12
12
12
12
12
12
12
12
12
12
12
12
12
12
12
12
12
12
12
12
12
12
12
12
12
12
12
12
13
13
13
13
13
13
13
13
13
13
13
13
13
13
13
13
13
13
13
13
13
13
13
13
13
13
13
13
13
13
13
13
13
13
13
13
13
13
13
13
13
13
13
13
13
13
13
13
13
13
13
13
13
13
13
13
13
13
13
13
13
13
13
13
13
13
13
13
13
13
13
13
13
13
13
13
13
13
13
13
13
13
13
13
13
13
13
13
13
13
13
13
13
13
13
13
13
13
13
13
13
13
13
13
13
13
13
13
13
13
13
13
13
13
13
13
13
13
13
13
13
13
13
13
13
13
13
13
13
13
13
13
13
13
13
13
13
13
13
13
13
13
13
13
13
13
13
13
13
13
13
13
13
13
13
13
13
13
13
13
13
13
13
13
13
13
13
13
13
13
13
13
13
13
13
13
13
13
13
13
13
13
13
13
13
13
13
13
13
13
13
13
13
13
13
13
13
13
13
13
13
13
13
13
13
13
13
13
13
13
13
13
13
13
13
13
13
13
13
13
13
13
13
13
13
13
13
13
13
13
13
13
13
13
13
13
13
13
13
13
13
13
13
13
13
13
13
13
13
13
13
13
13
13
13
13
13
13
13
13
13
13
13
13
13
13
13
13
13
13
13
13
13
13
13
13
13
13
13
13
13
13
13
13
13
13
13
13
13
13
13
13
13
13
13
13
13
13
13
13
13
13
13
13
13
13
13
13
13
13
13
13
13
13
13
13
13
13
13
13
12
12
12
12
12
12
12
12
12
12
12
12
12
12
12
12
12
12
12
12
12
12
12
12
12
12
12
12
12
12
12
12
12
12
12
12
12
12
12
12
12
12
12
12
12
12
12
12
12
12
12
12
12
12
12
12
12
12
12
12
12
12
12
12
12
12
12
12
12
12
12
12
12
12
12
12
12
12
12
12
12
12
12
12
12
12
12
12
12
12
12
12
12
12
12
12
12
12
12
12
12
12
12
12
12
12
12
12
12
12
12
12
12
12
12
12
12
12
12
12
12
12
12
12
12
12
12
12
12
12
12
12
12
12
12
12
12
12
12
12
12
12
12
12
12
12
12
12
12
12
12
12
12
12
12
12
12
12
12
12
12
12
12
12
12
12
12
12
12
12
12
12
12
12
12
12
12
12
12
12
12
12
12
12
12
12
12
12
12
12
12
12
12
12
12
12
12
12
12
12
12
12
12
12
12
12
12
12
12
12
12
12
12
12
12
12
12
12
12
12
12
12
12
12
12
12
12
12
12
12
12
12
12
12
12
12
12
12
12
12
12
12
12
12
12
12
12
12
12
12
12
12
12
12
12
12
12
12
12
12
12
12
12
12
12
12
12
12
12
12
12
12
12
12
12
12
12
12
12
12
12
12
12
12
12
12
12
12
12
12
12
12
12
12
12
12
12
12
12
12
12
12
12
12
12
12
12
12
12
12
12
12
12
12
12
12
12
12
12
12
12
12
12
12
12
12
12
12
12
12
12
12
12
12
12
12
12
12
12
12
12
12
12
12
12
12
12
12
12
12
12
12
12
12
12
12
12
12
12
12
12
12
12
12
12
12
12
12
12
12
12
12
13
13
13
13
13
13
13
13
13
13
13
13
13
13
13
13
13
13
13
13
12
12
12
12
12
12
12
12
12
12
12
12
12
12
12
12
12
12
12
12
12
12
12
12
12
12
12
12
12
12
12
12
12
12
12
12
12
12
12
12
12
12
12
12
12
12
12
12
12
12
12
12
12
12
12
13
13
13
13
13
13
13
13
13
13
13
13
13
13
13
13
13
13
13
13
13
13
13
13
13
13
13
13
13
13
13
13
13
13
13
13
13
13
13
13
12
12
12
12
12
12
12
12
12
12
12
12
12
12
12
12
12
12
12
12
12
12
12
12
12
12
12
12
12
12
12
12
12
12
12
12
12
12
12
12
12
12
12
12
12
12
12
12
12
12
12
12
12
12
12
12
12
12
12
12
12
12
12
12
12
12
12
12
12
12
12
12
12
12
12
12
12
12
12
12
12
12
12
12
12
12
12
12
12
12
12
12
12
12
12
12
12
12
12
12
12
12
12
12
12
12
12
12
12
12
12
12
12
12
12
12
12
12
13
13
13
13
13
13
13
13
13
13
13
13
13
13
13
13
13
13
13
13
13
13
13
13
13
13
13
13
13
13
13
13
13
13
13
13
12
12
12
12
12
12
12
12
12
12
12
12
12
12
12
12
12
12
12
12
12
12
12
12
12
12
12
12
12
12
12
12
12
12
12
12
12
12
12
12
12
12
12
12
12
12
12
12
12
12
12
12
12
12
12
12
12
12
12
12
12
12
12
12
12
12
12
12
12
12
12
12
12
12
12
12
12
12
12
12
12
12
12
12
12
12
12
12
12
12
12
12
12
12
12
12
12
12
12
12
12
12
12
12
12
12
12
12
12
12
12
12
12
12
12
12
12
12
12
12
12
12
12
12
12
12
13
13
13
13
13
13
13
13
13
13
13
13
13
13
13
13
13
13
13
13
13
13
13
13
13
13
13
13
13
13
13
13
13
13
13
13
13
13
13
13
13
13
13
13
13
13
13
13
13
13
13
13
13
13
13
13
13
13
13
13
13
13
13
13
13
13
13
13
13
13
13
13
13
13
13
13
13
13
13
13
13
13
13
13
13
13
13
13
13
13
13
13
13
13
13
13
13
13
13
13
13
13
13
13
13
13
13
13
13
13
13
13
13
13
13
13
13
13
13
13
13
13
12
12
12
12
12
12
12
12
12
12
12
12
12
12
12
12
12
12
12
12
12
12
12
12
12
12
12
12
12
12
12
12
12
12
12
12
12
12
12
12
12
12
12
12
12
12
12
12
12
12
12
12
12
12
12
12
12
12
12
12
12
12
12
12
12
12
12
12
12
12
12
12
12
12
12
12
12
12
12
12
12
12
12
12
12
12
12
12
12
12
12
12
12
12
12
12
12
12
12
12
12
12
12
12
12
12
12
12
12
12
12
12
12
12
12
12
12
12
12
12
12
12
12
12
12
12
12
12
12
12
12
12
12
12
12
12
12
12
12
12
12
12
12
12
12
12
12
12
12
12
12
12
12
12
12
12
12
12
12
12
12
12
12
12
12
12
12
12
12
12
12
12
12
12
12
12
12
12
12
12
12
12
12
12
12
12
12
12
12
12
12
12
12
12
12
12
12
12
12
12
12
12
12
12
12
12
12
12
12
12
12
12
12
12
12
12
12
12
12
12
12
12
12
12
12
12
12
12
12
12
12
12
12
12
12
12
12
12
12
12
12
12
12
12
12
12
12
12
12
12
12
12
12
12
12
12
12
12
12
12
12
12
12
12
12
12
12
12
12
12
12
12
12
12
12
12
12
12
12
12
12
12
12
12
12
12
12
12
12
12
12
12
12
12
12
12
12
12
12
12
12
12
12
12
12
12
12
12
12
12
12
12
12
12
12
12
12
12
12
12
12
12
12
12
12
12
12
12
12
12
12
12
12
12
12
12
12
12
12
12
12
12
12
12
12
12
12
12
12
12
12
12
12
12
12
12
12
12
12
12
12
12
12
12
12
12
12
12
12
12
12
12
13
13
13
13
13
13
13
13
13
13
13
13
13
13
13
13
13
13
13
13
12
12
12
12
12
12
12
12
12
12
12
12
12
12
12
12
12
12
12
12
12
12
12
12
12
12
12
12
12
12
12
12
12
12
12
12
12
12
12
12
12
12
12
12
12
12
12
12
12
12
12
12
12
12
12
13
13
13
13
13
13
13
13
13
13
13
13
13
13
13
13
13
13
13
13
13
13
13
13
13
13
13
13
13
13
13
13
13
13
13
13
13
13
13
13
12
12
12
12
12
12
12
12
12
12
12
12
12
12
12
12
12
12
12
12
12
12
12
12
12
12
12
12
12
12
12
12
12
12
12
12
12
12
12
12
12
12
12
12
12
12
12
12
12
12
12
12
12
12
12
12
12
12
12
12
12
12
12
12
12
12
12
12
12
12
12
12
12
12
12
12
12
12
12
12
12
12
12
12
12
12
12
12
12
12
12
12
12
12
12
12
12
12
12
12
12
12
12
12
12
12
12
12
12
12
12
12
12
12
12
12
12
12
13
13
13
13
13
13
13
13
13
13
13
13
13
13
13
13
13
13
13
13
13
13
13
13
13
13
13
13
13
13
13
13
13
13
13
13
12
12
12
12
12
12
12
12
12
12
12
12
12
12
12
12
12
12
12
12
12
12
12
12
12
12
12
12
12
12
12
12
12
12
12
12
12
12
12
12
12
12
12
12
12
12
12
12
12
12
12
12
12
12
12
12
12
12
12
12
12
12
12
12
12
12
12
12
12
12
12
12
12
12
12
12
12
12
12
12
12
12
12
12
12
12
12
12
12
12
12
12
12
12
12
12
12
12
12
12
12
12
12
12
12
12
12
12
12
12
12
12
12
12
12
12
12
12
12
12
12
12
12
12
12
12
12
12
12
12
12
12
12
12
12
12
12
12
12
12
12
12
12
12
12
12
12
12
12
12
12
12
12
12
12
12
12
12
12
12
12
12
12
12
12
12
12
12
12
12
12
12
12
12
12
12
12
12
12
12
12
12
12
12
12
12
12
12
12
12
12
12
12
12
12
12
12
12
12
12
12
12
12
12
12
12
12
12
12
12
12
12
12
12
12
12
12
12
12
12
12
12
12
12
12
12
12
12
12
12
12
12
12
12
12
12
12
12
12
12
12
12
12
12
12
12
12
12
12
12
12
12
12
12
12
12
12
12
12
12
12
12
12
12
12
12
12
12
12
12
12
12
12
12
12
12
12
12
12
12
12
12
12
12
12
12
12
12
12
12
12
12
12
12
12
12
12
12
12
12
12
12
12
12
12
12
13
13
13
13
13
13
13
13
13
13
13
13
13
13
13
13
13
13
13
13
13
13
13
13
13
13
13
13
13
13
13
13
13
13
13
13
13
13
13
13
13
13
13
13
13
13
13
13
13
13
13
13
13
13
13
13
13
13
13
13
13
13
13
13
13
13
13
13
13
13
13
13
13
13
13
13
13
13
13
13
13
13
13
13
13
13
13
13
13
13
13
13
13
13
13
13
13
13
13
13
13
13
13
13
13
13
13
13
13
13
13
13
13
13
13
13
13
13
13
13
13
13
13
13
13
13
13
13
13
13
13
13
13
13
13
13
13
13
13
13
13
13
13
13
13
13
13
13
13
13
13
13
13
13
13
13
13
13
13
13
13
13
13
13
13
13
13
13
13
13
13
13
13
13
13
13
13
13
