# vtk DataFile Version 3.0
eMachineSim boundary faces
ASCII
DATASET POLYDATA
POINTS 431 double
0.000000000000000e+00 0.000000000000000e+00 0.000000000000000e+00
0.000000000000000e+00 4.000000000000000e-03 0.000000000000000e+00
2.000000000000000e-03 3.464100000000000e-03 0.000000000000000e+00
3.464100000000000e-03 2.000000000000000e-03 0.000000000000000e+00
4.000000000000000e-03 0.000000000000000e+00 0.000000000000000e+00
0.000000000000000e+00 6.300000000000000e-03 0.000000000000000e+00
5.455960000000000e-03 3.150000000000000e-03 0.000000000000000e+00
3.150000000000000e-03 5.455960000000000e-03 0.000000000000000e+00
6.300000000000000e-03 0.000000000000000e+00 0.000000000000000e+00
0.000000000000000e+00 8.000000000000000e-03 0.000000000000000e+00
8.000000000000000e-03 0.000000000000000e+00 0.000000000000000e+00
4.000000000000000e-03 6.928200000000000e-03 0.000000000000000e+00
6.928200000000000e-03 4.000000000000000e-03 0.000000000000000e+00
5.935420000000000e-03 7.735200000000000e-03 0.000000000000000e+00
0.000000000000000e+00 9.400000000000000e-03 0.000000000000000e+00
2.329370000000000e-03 8.693330000000001e-03 0.000000000000000e+00
4.875000000000000e-03 8.443750000000000e-03 0.000000000000000e+00
2.976420000000000e-03 9.608149999999999e-03 0.000000000000000e+00
1.915760000000000e-03 1.004750000000000e-02 0.000000000000000e+00
0.000000000000000e+00 1.100000000000000e-02 0.000000000000000e+00
7.000760000000000e-03 9.123559999999999e-03 0.000000000000000e+00
4.037080000000000e-03 1.004750000000000e-02 0.000000000000000e+00
5.750000000000000e-03 9.959290000000001e-03 0.000000000000000e+00
8.131730000000000e-03 8.131730000000000e-03 0.000000000000000e+00
0.000000000000000e+00 1.250000000000000e-02 0.000000000000000e+00
1.476420000000000e-03 1.110810000000000e-02 0.000000000000000e+00
8.285080000000000e-03 1.009970000000000e-02 0.000000000000000e+00
7.377780000000000e-03 1.100700000000000e-02 0.000000000000000e+00
4.476420000000000e-03 1.110810000000000e-02 0.000000000000000e+00
6.470470000000000e-03 1.191430000000000e-02 0.000000000000000e+00
1.089450000000000e-03 1.245240000000000e-02 0.000000000000000e+00
1.915760000000000e-03 1.216880000000000e-02 0.000000000000000e+00
4.037080000000000e-03 1.216880000000000e-02 0.000000000000000e+00
0.000000000000000e+00 1.380000000000000e-02 0.000000000000000e+00
5.563160000000000e-03 1.282160000000000e-02 0.000000000000000e+00
4.525480000000000e-03 1.272790000000000e-02 0.000000000000000e+00
2.976420000000000e-03 1.260810000000000e-02 0.000000000000000e+00
1.920590000000000e-03 1.366570000000000e-02 0.000000000000000e+00
8.007400000000000e-04 1.527900000000000e-02 0.000000000000000e+00
0.000000000000000e+00 1.530000000000000e-02 0.000000000000000e+00
9.270179999999999e-03 9.270179999999999e-03 0.000000000000000e+00
7.455570000000000e-03 1.108480000000000e-02 0.000000000000000e+00
8.362870000000000e-03 1.017750000000000e-02 0.000000000000000e+00
3.299830000000000e-03 1.395360000000000e-02 0.000000000000000e+00
4.655860000000000e-03 1.372890000000000e-02 0.000000000000000e+00
6.548260000000000e-03 1.199210000000000e-02 0.000000000000000e+00
5.640950000000000e-03 1.289940000000000e-02 0.000000000000000e+00
2.074180000000000e-03 1.517920000000000e-02 0.000000000000000e+00
8.485280000000000e-04 1.640490000000000e-02 0.000000000000000e+00
3.748550000000000e-03 1.463620000000000e-02 0.000000000000000e+00
0.000000000000000e+00 1.700000000000000e-02 0.000000000000000e+00
2.841240000000000e-03 1.554350000000000e-02 0.000000000000000e+00
6.043550000000000e-03 1.330290000000000e-02 0.000000000000000e+00
4.733650000000000e-03 1.380670000000000e-02 0.000000000000000e+00
6.950970000000000e-03 1.239550000000000e-02 0.000000000000000e+00
9.673230000000000e-03 9.673230000000000e-03 0.000000000000000e+00
7.858390000000000e-03 1.148810000000000e-02 0.000000000000000e+00
8.765810000000001e-03 1.058060000000000e-02 0.000000000000000e+00
5.136130000000000e-03 1.421030000000000e-02 0.000000000000000e+00
1.845550000000000e-03 1.653920000000000e-02 0.000000000000000e+00
2.199100000000000e-03 1.689280000000000e-02 0.000000000000000e+00
0.000000000000000e+00 1.820000000000000e-02 0.000000000000000e+00
9.207750000000001e-03 1.102260000000000e-02 0.000000000000000e+00
8.300330000000000e-03 1.193000000000000e-02 0.000000000000000e+00
7.392910000000000e-03 1.283740000000000e-02 0.000000000000000e+00
1.011520000000000e-02 1.011520000000000e-02 0.000000000000000e+00
3.826340000000000e-03 1.471400000000000e-02 0.000000000000000e+00
6.485490000000000e-03 1.374490000000000e-02 0.000000000000000e+00
4.228710000000000e-03 1.511780000000000e-02 0.000000000000000e+00
5.578070000000000e-03 1.465230000000000e-02 0.000000000000000e+00
7.500000000000000e-04 1.834190000000000e-02 0.000000000000000e+00
4.670650000000000e-03 1.555970000000000e-02 0.000000000000000e+00
1.474550000000000e-03 1.761730000000000e-02 0.000000000000000e+00
2.011730000000000e-03 1.652860000000000e-02 0.000000000000000e+00
7.500000000000000e-04 1.978320000000000e-02 0.000000000000000e+00
2.919030000000000e-03 1.562130000000000e-02 0.000000000000000e+00
0.000000000000000e+00 2.113330000000000e-02 0.000000000000000e+00
5.112590000000000e-03 1.600160000000000e-02 0.000000000000000e+00
3.763230000000000e-03 1.646710000000000e-02 0.000000000000000e+00
6.020010000000000e-03 1.509420000000000e-02 0.000000000000000e+00
3.321290000000000e-03 1.602520000000000e-02 0.000000000000000e+00
6.927430000000000e-03 1.418680000000000e-02 0.000000000000000e+00
9.649690000000001e-03 1.146450000000000e-02 0.000000000000000e+00
7.834850000000001e-03 1.327940000000000e-02 0.000000000000000e+00
8.742270000000000e-03 1.237200000000000e-02 0.000000000000000e+00
2.434220000000000e-03 1.695110000000000e-02 0.000000000000000e+00
4.205170000000000e-03 1.690910000000000e-02 0.000000000000000e+00
3.250000000000000e-03 1.867030000000000e-02 0.000000000000000e+00
2.856720000000000e-03 1.737360000000000e-02 0.000000000000000e+00
3.279220000000000e-03 1.779610000000000e-02 0.000000000000000e+00
7.500000000000000e-04 2.122440000000000e-02 0.000000000000000e+00
8.238250000000001e-03 1.368210000000000e-02 0.000000000000000e+00
9.145550000000001e-03 1.277480000000000e-02 0.000000000000000e+00
7.330940000000000e-03 1.458940000000000e-02 0.000000000000000e+00
1.005290000000000e-02 1.186750000000000e-02 0.000000000000000e+00
1.096020000000000e-02 1.096020000000000e-02 0.000000000000000e+00
6.423630000000000e-03 1.549670000000000e-02 0.000000000000000e+00
5.516330000000000e-03 1.640400000000000e-02 0.000000000000000e+00
4.609020000000000e-03 1.731130000000000e-02 0.000000000000000e+00
4.350000000000000e-03 1.849530000000000e-02 0.000000000000000e+00
3.250000000000000e-03 2.002590000000000e-02 0.000000000000000e+00
0.000000000000000e+00 2.406670000000000e-02 0.000000000000000e+00
3.701710000000000e-03 1.821860000000000e-02 0.000000000000000e+00
4.350000000000000e-03 1.985400000000000e-02 0.000000000000000e+00
7.500000000000000e-04 2.266570000000000e-02 0.000000000000000e+00
7.500000000000000e-04 2.410700000000000e-02 0.000000000000000e+00
4.350000000000000e-03 2.121270000000000e-02 0.000000000000000e+00
3.250000000000000e-03 2.138140000000000e-02 0.000000000000000e+00
0.000000000000000e+00 2.700000000000000e-02 0.000000000000000e+00
5.176380000000000e-03 1.931850000000000e-02 0.000000000000000e+00
7.500000000000000e-04 2.554830000000000e-02 0.000000000000000e+00
5.322280000000000e-03 2.134650000000000e-02 0.000000000000000e+00
7.500000000000000e-04 2.698960000000000e-02 0.000000000000000e+00
4.350000000000000e-03 2.257130000000000e-02 0.000000000000000e+00
3.250000000000000e-03 2.273700000000000e-02 0.000000000000000e+00
0.000000000000000e+00 2.725000000000000e-02 0.000000000000000e+00
7.017100000000000e-03 2.085090000000000e-02 0.000000000000000e+00
7.004150000000000e-03 1.873340000000000e-02 0.000000000000000e+00
5.398830000000000e-03 2.338490000000000e-02 0.000000000000000e+00
7.016920000000000e-03 2.295130000000000e-02 0.000000000000000e+00
3.250000000000000e-03 2.409260000000000e-02 0.000000000000000e+00
1.583330000000000e-03 2.692760000000000e-02 0.000000000000000e+00
8.939720000000000e-04 2.723530000000000e-02 0.000000000000000e+00
4.350000000000000e-03 2.393000000000000e-02 0.000000000000000e+00
7.607130000000000e-03 1.631350000000000e-02 0.000000000000000e+00
2.416670000000000e-03 2.686570000000000e-02 0.000000000000000e+00
0.000000000000000e+00 2.750000000000000e-02 0.000000000000000e+00
9.597360000000000e-04 2.748320000000000e-02 0.000000000000000e+00
1.786980000000000e-03 2.719130000000000e-02 0.000000000000000e+00
4.799410000000000e-04 2.749580000000000e-02 0.000000000000000e+00
4.350000000000000e-03 2.528860000000000e-02 0.000000000000000e+00
3.250000000000000e-03 2.544810000000000e-02 0.000000000000000e+00
8.600830000000000e-03 2.240590000000000e-02 0.000000000000000e+00
8.666719999999999e-03 2.022100000000000e-02 0.000000000000000e+00
1.439240000000000e-03 2.746230000000000e-02 0.000000000000000e+00
7.221080000000000e-03 2.497710000000000e-02 0.000000000000000e+00
8.767420000000000e-03 1.797590000000000e-02 0.000000000000000e+00
1.116420000000000e-02 1.411950000000000e-02 0.000000000000000e+00
9.449580000000001e-03 1.532010000000000e-02 0.000000000000000e+00
8.999040000000000e-03 2.439300000000000e-02 0.000000000000000e+00
5.405700000000000e-03 2.543180000000000e-02 0.000000000000000e+00
2.678070000000000e-03 2.711810000000000e-02 0.000000000000000e+00
3.250000000000000e-03 2.680370000000000e-02 0.000000000000000e+00
1.045000000000000e-02 1.705280000000000e-02 0.000000000000000e+00
1.414210000000000e-02 1.414210000000000e-02 0.000000000000000e+00
2.874530000000000e-03 2.734940000000000e-02 0.000000000000000e+00
1.203630000000000e-02 1.597270000000000e-02 0.000000000000000e+00
1.026050000000000e-02 1.946080000000000e-02 0.000000000000000e+00
1.014280000000000e-02 2.175140000000000e-02 0.000000000000000e+00
4.350000000000000e-03 2.664730000000000e-02 0.000000000000000e+00
1.918300000000000e-03 2.743300000000000e-02 0.000000000000000e+00
2.396780000000000e-03 2.739540000000000e-02 0.000000000000000e+00
1.355630000000000e-02 1.555630000000000e-02 0.000000000000000e+00
6.560460000000000e-03 2.619080000000000e-02 0.000000000000000e+00
1.073040000000000e-02 2.368250000000000e-02 0.000000000000000e+00
8.427450000000000e-03 2.565110000000000e-02 0.000000000000000e+00
9.345160000000000e-03 2.533120000000000e-02 0.000000000000000e+00
7.498810000000000e-03 2.593780000000000e-02 0.000000000000000e+00
3.566270000000000e-03 2.701560000000000e-02 0.000000000000000e+00
5.613620000000000e-03 2.641000000000000e-02 0.000000000000000e+00
1.025080000000000e-02 2.497840000000000e-02 0.000000000000000e+00
3.351410000000000e-03 2.729500000000000e-02 0.000000000000000e+00
3.827260000000000e-03 2.723240000000000e-02 0.000000000000000e+00
7.117520000000000e-03 2.656300000000000e-02 0.000000000000000e+00
8.953120000000000e-03 2.600180000000000e-02 0.000000000000000e+00
6.186150000000000e-03 2.679520000000000e-02 0.000000000000000e+00
1.178820000000000e-02 1.857520000000000e-02 0.000000000000000e+00
4.450630000000000e-03 2.688410000000000e-02 0.000000000000000e+00
8.040220000000001e-03 2.629840000000000e-02 0.000000000000000e+00
1.114310000000000e-02 2.459330000000000e-02 0.000000000000000e+00
9.855120000000000e-03 2.567350000000000e-02 0.000000000000000e+00
1.030170000000000e-02 2.549760000000000e-02 0.000000000000000e+00
9.405550000000000e-03 2.584150000000000e-02 0.000000000000000e+00
8.497970000000001e-03 2.615410000000000e-02 0.000000000000000e+00
5.247250000000000e-03 2.699470000000000e-02 0.000000000000000e+00
1.163540000000000e-02 2.099090000000000e-02 0.000000000000000e+00
1.323990000000000e-02 1.757000000000000e-02 0.000000000000000e+00
1.414210000000000e-02 1.697060000000000e-02 0.000000000000000e+00
7.580030000000000e-03 2.643470000000000e-02 0.000000000000000e+00
1.240610000000000e-02 2.284920000000000e-02 0.000000000000000e+00
6.652850000000000e-03 2.668310000000000e-02 0.000000000000000e+00
5.717570000000000e-03 2.689910000000000e-02 0.000000000000000e+00
1.074510000000000e-02 2.531390000000000e-02 0.000000000000000e+00
1.202100000000000e-02 2.417640000000000e-02 0.000000000000000e+00
1.118530000000000e-02 2.512250000000000e-02 0.000000000000000e+00
4.301950000000000e-03 2.716140000000000e-02 0.000000000000000e+00
1.555630000000000e-02 1.755630000000000e-02 0.000000000000000e+00
1.307130000000000e-02 2.012810000000000e-02 0.000000000000000e+00
1.444360000000000e-02 1.916730000000000e-02 0.000000000000000e+00
4.775320000000000e-03 2.708220000000000e-02 0.000000000000000e+00
1.162200000000000e-02 2.492350000000000e-02 0.000000000000000e+00
1.205520000000000e-02 2.471680000000000e-02 0.000000000000000e+00
1.401760000000000e-02 2.189760000000000e-02 0.000000000000000e+00
1.288330000000000e-02 2.372810000000000e-02 0.000000000000000e+00
1.372890000000000e-02 2.324900000000000e-02 0.000000000000000e+00
1.248470000000000e-02 2.450270000000000e-02 0.000000000000000e+00
1.291050000000000e-02 2.428110000000000e-02 0.000000000000000e+00
1.455670000000000e-02 2.273990000000000e-02 0.000000000000000e+00
1.375000000000000e-02 2.381570000000000e-02 0.000000000000000e+00
1.416350000000000e-02 2.357210000000000e-02 0.000000000000000e+00
1.333230000000000e-02 2.405200000000000e-02 0.000000000000000e+00
1.555640000000000e-02 2.083260000000000e-02 0.000000000000000e+00
1.701470000000000e-02 1.965960000000000e-02 0.000000000000000e+00
1.457280000000000e-02 2.332130000000000e-02 0.000000000000000e+00
1.536570000000000e-02 2.220120000000000e-02 0.000000000000000e+00
1.497760000000000e-02 2.306340000000000e-02 0.000000000000000e+00
1.615480000000000e-02 2.163390000000000e-02 0.000000000000000e+00
1.537780000000000e-02 2.279850000000000e-02 0.000000000000000e+00
1.577340000000000e-02 2.252670000000000e-02 0.000000000000000e+00
1.839240000000000e-02 1.976660000000000e-02 0.000000000000000e+00
1.692290000000000e-02 2.103840000000000e-02 0.000000000000000e+00
1.766910000000000e-02 2.041580000000000e-02 0.000000000000000e+00
1.616410000000000e-02 2.224800000000000e-02 0.000000000000000e+00
1.654990000000000e-02 2.196250000000000e-02 0.000000000000000e+00
1.944540000000000e-02 1.944540000000000e-02 0.000000000000000e+00
1.875500000000000e-02 2.011220000000000e-02 0.000000000000000e+00
1.693070000000000e-02 2.167030000000000e-02 0.000000000000000e+00
1.840110000000000e-02 2.043650000000000e-02 0.000000000000000e+00
1.767670000000000e-02 2.106620000000000e-02 0.000000000000000e+00
1.804160000000000e-02 2.075450000000000e-02 0.000000000000000e+00
1.730630000000000e-02 2.137150000000000e-02 0.000000000000000e+00
1.910310000000000e-02 1.978180000000000e-02 0.000000000000000e+00
7.735200000000000e-03 5.935420000000000e-03 0.000000000000000e+00
9.400000000000000e-03 0.000000000000000e+00 0.000000000000000e+00
8.693330000000001e-03 2.329370000000000e-03 0.000000000000000e+00
6.894290000000000e-03 6.894290000000000e-03 0.000000000000000e+00
8.443750000000000e-03 4.875000000000000e-03 0.000000000000000e+00
9.608149999999999e-03 2.976420000000000e-03 0.000000000000000e+00
1.004750000000000e-02 1.915760000000000e-03 0.000000000000000e+00
1.100000000000000e-02 0.000000000000000e+00 0.000000000000000e+00
9.123559999999999e-03 7.000760000000000e-03 0.000000000000000e+00
1.004750000000000e-02 4.037080000000000e-03 0.000000000000000e+00
9.959290000000001e-03 5.750000000000000e-03 0.000000000000000e+00
1.250000000000000e-02 0.000000000000000e+00 0.000000000000000e+00
1.110810000000000e-02 1.476420000000000e-03 0.000000000000000e+00
1.009970000000000e-02 8.285080000000000e-03 0.000000000000000e+00
9.192390000000000e-03 9.192390000000000e-03 0.000000000000000e+00
1.100700000000000e-02 7.377780000000000e-03 0.000000000000000e+00
1.110810000000000e-02 4.476420000000000e-03 0.000000000000000e+00
1.191430000000000e-02 6.470470000000000e-03 0.000000000000000e+00
1.245240000000000e-02 1.089450000000000e-03 0.000000000000000e+00
1.216880000000000e-02 1.915760000000000e-03 0.000000000000000e+00
1.216880000000000e-02 4.037080000000000e-03 0.000000000000000e+00
1.380000000000000e-02 0.000000000000000e+00 0.000000000000000e+00
1.282160000000000e-02 5.563160000000000e-03 0.000000000000000e+00
1.272790000000000e-02 4.525480000000000e-03 0.000000000000000e+00
1.260810000000000e-02 2.976420000000000e-03 0.000000000000000e+00
1.366570000000000e-02 1.920590000000000e-03 0.000000000000000e+00
1.527900000000000e-02 8.007400000000000e-04 0.000000000000000e+00
1.530000000000000e-02 0.000000000000000e+00 0.000000000000000e+00
1.108480000000000e-02 7.455570000000000e-03 0.000000000000000e+00
1.017750000000000e-02 8.362870000000000e-03 0.000000000000000e+00
1.395360000000000e-02 3.299830000000000e-03 0.000000000000000e+00
1.372890000000000e-02 4.655860000000000e-03 0.000000000000000e+00
1.199210000000000e-02 6.548260000000000e-03 0.000000000000000e+00
1.289940000000000e-02 5.640950000000000e-03 0.000000000000000e+00
1.517920000000000e-02 2.074180000000000e-03 0.000000000000000e+00
1.640490000000000e-02 8.485280000000000e-04 0.000000000000000e+00
1.463620000000000e-02 3.748550000000000e-03 0.000000000000000e+00
1.700000000000000e-02 0.000000000000000e+00 0.000000000000000e+00
1.554350000000000e-02 2.841240000000000e-03 0.000000000000000e+00
1.330290000000000e-02 6.043550000000000e-03 0.000000000000000e+00
1.380670000000000e-02 4.733650000000000e-03 0.000000000000000e+00
1.239550000000000e-02 6.950970000000000e-03 0.000000000000000e+00
1.148810000000000e-02 7.858390000000000e-03 0.000000000000000e+00
1.058060000000000e-02 8.765810000000001e-03 0.000000000000000e+00
1.421030000000000e-02 5.136130000000000e-03 0.000000000000000e+00
1.653920000000000e-02 1.845550000000000e-03 0.000000000000000e+00
1.689280000000000e-02 2.199100000000000e-03 0.000000000000000e+00
1.820000000000000e-02 0.000000000000000e+00 0.000000000000000e+00
1.102260000000000e-02 9.207750000000001e-03 0.000000000000000e+00
1.193000000000000e-02 8.300330000000000e-03 0.000000000000000e+00
1.283740000000000e-02 7.392910000000000e-03 0.000000000000000e+00
1.471400000000000e-02 3.826340000000000e-03 0.000000000000000e+00
1.374490000000000e-02 6.485490000000000e-03 0.000000000000000e+00
1.511780000000000e-02 4.228710000000000e-03 0.000000000000000e+00
1.465230000000000e-02 5.578070000000000e-03 0.000000000000000e+00
1.834190000000000e-02 7.500000000000000e-04 0.000000000000000e+00
1.555970000000000e-02 4.670650000000000e-03 0.000000000000000e+00
1.761730000000000e-02 1.474550000000000e-03 0.000000000000000e+00
1.652860000000000e-02 2.011730000000000e-03 0.000000000000000e+00
1.978320000000000e-02 7.500000000000000e-04 0.000000000000000e+00
1.562130000000000e-02 2.919030000000000e-03 0.000000000000000e+00
2.113330000000000e-02 0.000000000000000e+00 0.000000000000000e+00
1.600160000000000e-02 5.112590000000000e-03 0.000000000000000e+00
1.646710000000000e-02 3.763230000000000e-03 0.000000000000000e+00
1.509420000000000e-02 6.020010000000000e-03 0.000000000000000e+00
1.602520000000000e-02 3.321290000000000e-03 0.000000000000000e+00
1.418680000000000e-02 6.927430000000000e-03 0.000000000000000e+00
1.055710000000000e-02 1.055710000000000e-02 0.000000000000000e+00
1.146450000000000e-02 9.649690000000001e-03 0.000000000000000e+00
1.327940000000000e-02 7.834850000000001e-03 0.000000000000000e+00
1.237200000000000e-02 8.742270000000000e-03 0.000000000000000e+00
1.695110000000000e-02 2.434220000000000e-03 0.000000000000000e+00
1.690910000000000e-02 4.205170000000000e-03 0.000000000000000e+00
1.867030000000000e-02 3.250000000000000e-03 0.000000000000000e+00
1.737360000000000e-02 2.856720000000000e-03 0.000000000000000e+00
1.779610000000000e-02 3.279220000000000e-03 0.000000000000000e+00
2.122440000000000e-02 7.500000000000000e-04 0.000000000000000e+00
1.368210000000000e-02 8.238250000000001e-03 0.000000000000000e+00
1.277480000000000e-02 9.145550000000001e-03 0.000000000000000e+00
1.458940000000000e-02 7.330940000000000e-03 0.000000000000000e+00
1.186750000000000e-02 1.005290000000000e-02 0.000000000000000e+00
1.549670000000000e-02 6.423630000000000e-03 0.000000000000000e+00
1.640400000000000e-02 5.516330000000000e-03 0.000000000000000e+00
1.731130000000000e-02 4.609020000000000e-03 0.000000000000000e+00
1.849530000000000e-02 4.350000000000000e-03 0.000000000000000e+00
2.002590000000000e-02 3.250000000000000e-03 0.000000000000000e+00
2.406670000000000e-02 0.000000000000000e+00 0.000000000000000e+00
1.821860000000000e-02 3.701710000000000e-03 0.000000000000000e+00
1.985400000000000e-02 4.350000000000000e-03 0.000000000000000e+00
2.266570000000000e-02 7.500000000000000e-04 0.000000000000000e+00
2.410700000000000e-02 7.500000000000000e-04 0.000000000000000e+00
2.121270000000000e-02 4.350000000000000e-03 0.000000000000000e+00
2.138140000000000e-02 3.250000000000000e-03 0.000000000000000e+00
2.700000000000000e-02 0.000000000000000e+00 0.000000000000000e+00
1.931850000000000e-02 5.176380000000000e-03 0.000000000000000e+00
2.554830000000000e-02 7.500000000000000e-04 0.000000000000000e+00
2.134650000000000e-02 5.322280000000000e-03 0.000000000000000e+00
2.698960000000000e-02 7.500000000000000e-04 0.000000000000000e+00
2.257130000000000e-02 4.350000000000000e-03 0.000000000000000e+00
2.273700000000000e-02 3.250000000000000e-03 0.000000000000000e+00
2.725000000000000e-02 0.000000000000000e+00 0.000000000000000e+00
2.085090000000000e-02 7.017100000000000e-03 0.000000000000000e+00
1.873340000000000e-02 7.004150000000000e-03 0.000000000000000e+00
2.338490000000000e-02 5.398830000000000e-03 0.000000000000000e+00
2.295130000000000e-02 7.016920000000000e-03 0.000000000000000e+00
2.409260000000000e-02 3.250000000000000e-03 0.000000000000000e+00
2.692760000000000e-02 1.583330000000000e-03 0.000000000000000e+00
2.723530000000000e-02 8.939720000000000e-04 0.000000000000000e+00
2.393000000000000e-02 4.350000000000000e-03 0.000000000000000e+00
1.631350000000000e-02 7.607130000000000e-03 0.000000000000000e+00
2.686570000000000e-02 2.416670000000000e-03 0.000000000000000e+00
2.750000000000000e-02 0.000000000000000e+00 0.000000000000000e+00
2.748320000000000e-02 9.597360000000000e-04 0.000000000000000e+00
1.272790000000000e-02 1.272790000000000e-02 0.000000000000000e+00
2.719130000000000e-02 1.786980000000000e-03 0.000000000000000e+00
2.749580000000000e-02 4.799410000000000e-04 0.000000000000000e+00
2.528860000000000e-02 4.350000000000000e-03 0.000000000000000e+00
2.544810000000000e-02 3.250000000000000e-03 0.000000000000000e+00
2.240590000000000e-02 8.600830000000000e-03 0.000000000000000e+00
2.022100000000000e-02 8.666719999999999e-03 0.000000000000000e+00
2.746230000000000e-02 1.439240000000000e-03 0.000000000000000e+00
2.497710000000000e-02 7.221080000000000e-03 0.000000000000000e+00
1.797590000000000e-02 8.767420000000000e-03 0.000000000000000e+00
1.411950000000000e-02 1.116420000000000e-02 0.000000000000000e+00
1.532010000000000e-02 9.449580000000001e-03 0.000000000000000e+00
2.439300000000000e-02 8.999040000000000e-03 0.000000000000000e+00
2.543180000000000e-02 5.405700000000000e-03 0.000000000000000e+00
2.711810000000000e-02 2.678070000000000e-03 0.000000000000000e+00
2.680370000000000e-02 3.250000000000000e-03 0.000000000000000e+00
1.705280000000000e-02 1.045000000000000e-02 0.000000000000000e+00
2.734940000000000e-02 2.874530000000000e-03 0.000000000000000e+00
1.597270000000000e-02 1.203630000000000e-02 0.000000000000000e+00
1.946080000000000e-02 1.026050000000000e-02 0.000000000000000e+00
2.175140000000000e-02 1.014280000000000e-02 0.000000000000000e+00
2.664730000000000e-02 4.350000000000000e-03 0.000000000000000e+00
2.743300000000000e-02 1.918300000000000e-03 0.000000000000000e+00
2.739540000000000e-02 2.396780000000000e-03 0.000000000000000e+00
1.555630000000000e-02 1.355630000000000e-02 0.000000000000000e+00
2.619080000000000e-02 6.560460000000000e-03 0.000000000000000e+00
2.368250000000000e-02 1.073040000000000e-02 0.000000000000000e+00
2.565110000000000e-02 8.427450000000000e-03 0.000000000000000e+00
2.533120000000000e-02 9.345160000000000e-03 0.000000000000000e+00
2.593780000000000e-02 7.498810000000000e-03 0.000000000000000e+00
2.701560000000000e-02 3.566270000000000e-03 0.000000000000000e+00
2.641000000000000e-02 5.613620000000000e-03 0.000000000000000e+00
2.497840000000000e-02 1.025080000000000e-02 0.000000000000000e+00
2.729500000000000e-02 3.351410000000000e-03 0.000000000000000e+00
2.723240000000000e-02 3.827260000000000e-03 0.000000000000000e+00
2.656300000000000e-02 7.117520000000000e-03 0.000000000000000e+00
2.600180000000000e-02 8.953120000000000e-03 0.000000000000000e+00
2.679520000000000e-02 6.186150000000000e-03 0.000000000000000e+00
1.857520000000000e-02 1.178820000000000e-02 0.000000000000000e+00
2.688410000000000e-02 4.450630000000000e-03 0.000000000000000e+00
2.629840000000000e-02 8.040220000000001e-03 0.000000000000000e+00
2.459330000000000e-02 1.114310000000000e-02 0.000000000000000e+00
2.567350000000000e-02 9.855120000000000e-03 0.000000000000000e+00
2.549760000000000e-02 1.030170000000000e-02 0.000000000000000e+00
2.584150000000000e-02 9.405550000000000e-03 0.000000000000000e+00
2.615410000000000e-02 8.497970000000001e-03 0.000000000000000e+00
2.699470000000000e-02 5.247250000000000e-03 0.000000000000000e+00
2.099090000000000e-02 1.163540000000000e-02 0.000000000000000e+00
1.757000000000000e-02 1.323990000000000e-02 0.000000000000000e+00
1.697060000000000e-02 1.414210000000000e-02 0.000000000000000e+00
2.643470000000000e-02 7.580030000000000e-03 0.000000000000000e+00
2.284920000000000e-02 1.240610000000000e-02 0.000000000000000e+00
2.668310000000000e-02 6.652850000000000e-03 0.000000000000000e+00
2.689910000000000e-02 5.717570000000000e-03 0.000000000000000e+00
2.531390000000000e-02 1.074510000000000e-02 0.000000000000000e+00
2.417640000000000e-02 1.202100000000000e-02 0.000000000000000e+00
2.512250000000000e-02 1.118530000000000e-02 0.000000000000000e+00
2.716140000000000e-02 4.301950000000000e-03 0.000000000000000e+00
1.755630000000000e-02 1.555630000000000e-02 0.000000000000000e+00
2.012810000000000e-02 1.307130000000000e-02 0.000000000000000e+00
1.916730000000000e-02 1.444360000000000e-02 0.000000000000000e+00
2.708220000000000e-02 4.775320000000000e-03 0.000000000000000e+00
2.492350000000000e-02 1.162200000000000e-02 0.000000000000000e+00
2.471680000000000e-02 1.205520000000000e-02 0.000000000000000e+00
1.697060000000000e-02 1.697060000000000e-02 0.000000000000000e+00
2.189760000000000e-02 1.401760000000000e-02 0.000000000000000e+00
2.372810000000000e-02 1.288330000000000e-02 0.000000000000000e+00
2.324900000000000e-02 1.372890000000000e-02 0.000000000000000e+00
2.450270000000000e-02 1.248470000000000e-02 0.000000000000000e+00
2.428110000000000e-02 1.291050000000000e-02 0.000000000000000e+00
2.273990000000000e-02 1.455670000000000e-02 0.000000000000000e+00
2.381570000000000e-02 1.375000000000000e-02 0.000000000000000e+00
2.357210000000000e-02 1.416350000000000e-02 0.000000000000000e+00
2.405200000000000e-02 1.333230000000000e-02 0.000000000000000e+00
2.083260000000000e-02 1.555640000000000e-02 0.000000000000000e+00
1.965960000000000e-02 1.701470000000000e-02 0.000000000000000e+00
1.838480000000000e-02 1.838480000000000e-02 0.000000000000000e+00
2.332130000000000e-02 1.457280000000000e-02 0.000000000000000e+00
2.220120000000000e-02 1.536570000000000e-02 0.000000000000000e+00
2.306340000000000e-02 1.497760000000000e-02 0.000000000000000e+00
2.163390000000000e-02 1.615480000000000e-02 0.000000000000000e+00
2.279850000000000e-02 1.537780000000000e-02 0.000000000000000e+00
2.252670000000000e-02 1.577340000000000e-02 0.000000000000000e+00
1.976660000000000e-02 1.839240000000000e-02 0.000000000000000e+00
1.909190000000000e-02 1.909190000000000e-02 0.000000000000000e+00
2.103840000000000e-02 1.692290000000000e-02 0.000000000000000e+00
2.041580000000000e-02 1.766910000000000e-02 0.000000000000000e+00
2.224800000000000e-02 1.616410000000000e-02 0.000000000000000e+00
2.196250000000000e-02 1.654990000000000e-02 0.000000000000000e+00
2.011220000000000e-02 1.875500000000000e-02 0.000000000000000e+00
2.167030000000000e-02 1.693070000000000e-02 0.000000000000000e+00
2.043650000000000e-02 1.840110000000000e-02 0.000000000000000e+00
2.106620000000000e-02 1.767670000000000e-02 0.000000000000000e+00
2.075450000000000e-02 1.804160000000000e-02 0.000000000000000e+00
2.137150000000000e-02 1.730630000000000e-02 0.000000000000000e+00
1.978180000000000e-02 1.910310000000000e-02 0.000000000000000e+00
LINES 110 330
2 236 26
2 27 29
2 29 34
2 34 44
2 44 49
2 49 51
2 51 59
2 60 72
2 70 74
2 100 87
2 90 104
2 102 98
2 104 105
2 105 110
2 110 112
2 93 91
2 94 95
2 235 236
2 239 237
2 244 239
2 253 244
2 258 253
2 260 258
2 267 260
2 268 267
2 279 268
2 281 277
2 311 298
2 305 309
2 312 311
2 317 312
2 319 317
2 299 301
2 26 27
2 59 60
2 72 70
2 74 90
2 107 100
2 114 107
2 98 97
2 112 121
2 96 93
2 120 114
2 131 120
2 125 142
2 142 131
2 237 235
2 277 279
2 298 281
2 295 307
2 307 314
2 314 321
2 304 305
2 328 319
2 301 303
2 321 327
2 327 339
2 350 332
2 339 350
2 91 92
2 95 302
2 97 96
2 92 94
2 300 299
2 303 304
2 302 300
2 87 102
2 121 125
2 309 295
2 332 328
2 41 42
2 73 75
2 88 85
2 89 88
2 102 89
2 91 93
2 94 92
2 93 96
2 96 97
2 97 98
2 98 102
2 251 250
2 282 280
2 293 296
2 296 297
2 297 309
2 301 299
2 300 302
2 303 301
2 304 303
2 305 304
2 309 305
2 85 73
2 92 91
2 95 94
2 302 95
2 280 293
2 299 300
2 42 40
2 46 45
2 53 46
2 66 53
2 75 66
2 254 255
2 255 262
2 262 273
2 273 282
2 45 41
2 250 254
2 40 251
POLYGONS 646 2584
3 153 157 163
3 140 118 135
3 155 173 168
3 178 163 157
3 118 119 135
3 168 178 157
3 153 135 157
3 155 168 157
3 106 111 113
3 111 118 113
3 123 114 113
3 116 132 119
3 155 156 164
3 171 170 160
3 119 139 135
3 103 100 87
3 160 169 182
3 109 117 116
3 136 147 133
3 182 171 160
3 156 139 160
3 139 154 160
3 107 100 106
3 109 111 103
3 113 107 106
3 87 99 103
3 98 117 109
3 183 191 190
3 157 135 155
3 135 139 155
3 164 173 155
3 109 116 111
3 120 114 123
3 111 119 118
3 131 120 130
3 118 140 123
3 149 131 130
3 114 107 113
3 124 136 117
3 101 105 110
3 33 37 38
3 39 38 48
3 50 39 48
3 61 50 70
3 70 74 61
3 74 76 61
3 90 104 76
3 110 108 101
3 122 115 108
3 129 115 122
3 122 134 127
3 129 122 127
3 108 112 122
3 112 121 122
3 134 122 128
3 48 47 59
3 60 72 59
3 48 59 72
3 150 128 151
3 44 43 35
3 122 121 128
3 121 141 128
3 151 128 141
3 34 44 35
3 36 32 35
3 28 34 35
3 145 141 161
3 134 128 150
3 29 34 28
3 35 32 28
3 16 21 17
3 9 11 15
3 16 17 15
3 14 9 15
3 15 18 14
3 18 19 14
3 37 33 30
3 18 25 19
3 72 50 48
3 43 36 35
3 145 151 141
3 121 125 141
3 125 142 141
3 15 17 18
3 29 22 27
3 25 31 30
3 43 47 37
3 24 30 33
3 36 43 37
3 24 19 30
3 51 59 47
3 25 30 19
3 43 51 47
3 49 51 43
3 31 36 37
3 44 49 43
3 153 180 165
3 117 133 116
3 163 180 153
3 140 153 159
3 165 181 159
3 140 135 153
3 99 109 103
3 111 106 103
3 106 100 103
3 154 139 132
3 98 109 99
3 87 102 99
3 102 98 99
3 148 179 154
3 198 193 194
3 200 196 193
3 183 179 193
3 198 200 193
3 148 175 179
3 146 176 166
3 203 199 194
3 193 179 194
3 179 192 194
3 117 136 133
3 143 166 147
3 193 195 183
3 198 194 199
3 97 124 117
3 138 143 136
3 172 164 156
3 119 132 139
3 170 172 156
3 155 139 156
3 160 170 156
3 111 116 119
3 133 148 132
3 138 146 143
3 175 192 179
3 207 197 204
3 205 203 197
3 194 192 197
3 207 205 197
3 175 187 192
3 208 207 204
3 136 143 147
3 152 177 176
3 146 166 143
3 192 201 204
3 212 208 204
3 197 192 204
3 192 187 201
3 177 188 176
3 206 212 204
3 216 210 220
3 206 201 210
3 201 202 210
3 218 220 210
3 177 186 188
3 213 212 206
3 204 201 206
3 216 213 206
3 187 188 201
3 216 206 210
3 166 176 187
3 137 146 138
3 92 137 138
3 152 176 146
3 124 138 136
3 137 152 146
3 97 96 124
3 211 218 210
3 188 202 201
3 188 186 202
3 217 211 209
3 219 218 211
3 210 202 211
3 217 219 211
3 209 215 217
3 96 93 124
3 211 202 209
3 202 411 209
3 221 215 209
3 221 209 419
3 93 91 138
3 91 92 138
3 144 152 137
3 214 221 419
3 209 411 419
3 186 399 202
3 335 144 137
3 137 94 335
3 37 30 31
3 154 179 183
3 195 191 183
3 169 154 183
3 15 11 16
3 11 13 16
3 28 21 22
3 16 20 22
3 29 28 22
3 11 225 13
3 21 16 22
3 236 26 23
3 13 225 20
3 92 94 137
3 94 95 335
3 20 27 22
3 23 20 225
3 23 26 20
3 26 27 20
3 16 13 20
3 203 194 197
3 147 166 175
3 176 188 187
3 184 182 169
3 132 148 154
3 190 184 169
3 160 154 169
3 183 190 169
3 116 133 132
3 147 175 148
3 98 97 117
3 93 138 124
3 399 411 202
3 11 12 225
3 161 141 158
3 162 161 158
3 126 115 129
3 162 167 185
3 149 167 158
3 167 162 158
3 141 142 158
3 174 167 159
3 167 149 159
3 39 33 38
3 37 47 38
3 47 48 38
3 70 50 72
3 74 90 76
3 104 101 76
3 101 104 105
3 112 108 110
3 113 118 123
3 140 130 123
3 130 120 123
3 165 159 153
3 181 174 159
3 149 140 159
3 189 185 167
3 142 149 158
3 130 140 149
3 189 167 174
3 142 131 149
3 133 147 148
3 166 187 175
3 196 195 193
3 89 88 78
3 85 80 88
3 98 86 77
3 78 71 86
3 96 97 79
3 73 75 85
3 86 71 77
3 78 68 71
3 97 77 79
3 71 69 77
3 93 96 81
3 98 102 86
3 80 85 75
3 78 88 80
3 102 89 86
3 89 78 86
3 97 98 77
3 80 66 68
3 78 80 68
3 75 66 80
3 77 69 79
3 71 58 69
3 96 79 81
3 69 67 79
3 91 93 83
3 68 53 58
3 71 68 58
3 66 53 68
3 79 67 81
3 69 52 67
3 93 81 83
3 67 64 81
3 92 91 84
3 58 46 52
3 69 58 52
3 53 46 58
3 81 64 83
3 67 54 64
3 91 83 84
3 64 63 83
3 94 92 82
3 56 42 57
3 63 56 57
3 41 42 56
3 82 62 65
3 62 55 65
3 54 41 56
3 64 54 56
3 45 41 54
3 84 63 62
3 63 57 62
3 94 82 289
3 82 65 289
3 52 45 54
3 67 52 54
3 46 45 52
3 83 63 84
3 64 56 63
3 92 84 82
3 84 62 82
3 95 94 289
3 57 40 55
3 62 57 55
3 42 40 57
3 9 5 7
3 3 7 2
3 11 9 7
3 11 7 6
3 8 6 4
3 12 11 6
3 12 6 8
3 10 12 8
3 0 2 1
3 2 5 1
3 0 3 2
3 7 5 2
3 0 4 3
3 6 7 3
3 6 3 4
3 364 360 370
3 325 348 343
3 380 362 375
3 370 385 364
3 326 325 343
3 385 375 364
3 343 360 364
3 375 362 364
3 318 313 320
3 325 318 320
3 321 330 320
3 340 323 326
3 363 362 371
3 377 378 367
3 347 326 343
3 307 310 295
3 376 367 389
3 324 316 323
3 354 344 341
3 378 389 367
3 347 363 367
3 361 347 367
3 307 314 313
3 318 316 310
3 314 320 313
3 306 295 310
3 324 305 316
3 398 390 397
3 343 364 362
3 347 343 362
3 380 371 362
3 323 316 318
3 321 327 330
3 326 318 325
3 327 339 338
3 348 325 330
3 339 356 338
3 314 321 320
3 344 331 324
3 312 308 317
3 247 243 248
3 248 249 257
3 249 259 257
3 259 269 277
3 281 277 269
3 283 281 269
3 311 298 283
3 315 317 308
3 322 329 315
3 322 337 329
3 342 329 334
3 329 337 334
3 319 315 329
3 328 319 329
3 329 342 336
3 256 257 267
3 279 268 267
3 267 257 279
3 336 357 358
3 252 253 245
3 328 329 336
3 349 328 336
3 336 358 349
3 253 244 245
3 242 246 245
3 244 238 245
3 349 352 368
3 336 342 357
3 244 239 238
3 242 245 238
3 231 226 227
3 12 10 224
3 227 226 224
3 10 223 224
3 228 224 223
3 229 228 223
3 243 247 240
3 234 228 229
3 259 279 257
3 246 252 245
3 358 352 349
3 332 328 349
3 350 332 349
3 227 224 228
3 232 239 237
3 241 234 240
3 256 252 247
3 240 233 243
3 252 246 247
3 229 233 240
3 267 260 256
3 240 234 229
3 260 252 256
3 260 258 252
3 246 241 247
3 258 253 252
3 387 360 372
3 341 324 323
3 387 370 360
3 360 348 366
3 388 372 366
3 343 348 360
3 316 306 310
3 313 318 310
3 307 313 310
3 347 361 340
3 316 305 306
3 309 295 306
3 305 309 306
3 386 355 361
3 401 406 402
3 404 408 401
3 386 390 401
3 408 406 401
3 382 355 386
3 383 353 373
3 407 412 402
3 386 401 402
3 400 386 402
3 344 324 341
3 373 351 354
3 403 401 390
3 402 406 407
3 331 304 324
3 351 346 344
3 371 379 363
3 340 326 347
3 379 377 363
3 347 362 363
3 377 367 363
3 323 318 326
3 355 341 340
3 353 346 351
3 400 382 386
3 405 416 413
3 412 414 405
3 400 402 405
3 414 416 405
3 394 382 400
3 416 417 413
3 351 344 354
3 384 359 383
3 373 353 351
3 409 400 413
3 417 422 413
3 400 405 413
3 394 400 409
3 395 384 383
3 422 415 413
3 420 425 429
3 409 415 420
3 410 409 420
3 429 427 420
3 393 384 395
3 422 423 415
3 409 413 415
3 423 425 415
3 395 394 409
3 415 425 420
3 383 373 394
3 353 345 346
3 345 300 346
3 383 359 353
3 346 331 344
3 359 345 353
3 303 304 331
3 427 421 420
3 410 395 409
3 393 395 410
3 421 426 418
3 427 428 421
3 410 420 421
3 428 426 421
3 424 418 426
3 301 303 331
3 410 421 418
3 411 410 418
3 424 430 418
3 418 430 419
3 299 301 346
3 300 299 346
3 359 144 345
3 430 214 419
3 411 418 419
3 399 393 410
3 144 335 345
3 302 345 335
3 240 247 241
3 386 361 390
3 398 403 390
3 361 376 390
3 12 224 226
3 222 12 226
3 231 238 232
3 230 226 232
3 238 239 232
3 225 12 222
3 226 231 232
3 235 236 23
3 225 222 230
3 302 300 345
3 95 302 335
3 237 230 232
3 230 23 225
3 235 23 230
3 237 235 230
3 222 226 230
3 402 412 405
3 373 354 382
3 395 383 394
3 389 391 376
3 355 340 361
3 391 397 376
3 361 367 376
3 397 390 376
3 341 323 340
3 382 354 355
3 304 305 324
3 346 301 331
3 411 399 410
3 349 368 365
3 368 369 365
3 322 333 337
3 374 369 392
3 374 356 365
3 369 374 365
3 350 349 365
3 374 381 366
3 356 374 366
3 243 249 248
3 256 247 248
3 257 256 248
3 259 277 279
3 298 281 283
3 308 311 283
3 311 308 312
3 315 319 317
3 325 320 330
3 338 348 330
3 327 338 330
3 366 372 360
3 381 388 366
3 348 356 366
3 392 396 374
3 356 350 365
3 348 338 356
3 374 396 381
3 339 350 356
3 354 341 355
3 394 373 382
3 403 404 401
3 296 297 285
3 287 293 296
3 294 305 284
3 278 285 294
3 304 303 286
3 282 280 293
3 278 294 284
3 275 285 278
3 284 304 286
3 276 278 284
3 303 301 288
3 309 305 294
3 293 287 282
3 296 285 287
3 297 309 294
3 285 297 294
3 305 304 284
3 273 287 275
3 287 285 275
3 273 282 287
3 276 284 286
3 266 278 276
3 286 303 288
3 274 276 286
3 301 299 291
3 262 275 266
3 275 278 266
3 262 273 275
3 274 286 288
3 261 276 274
3 288 301 291
3 272 274 288
3 299 300 292
3 255 266 261
3 266 276 261
3 255 262 266
3 272 288 291
3 263 274 272
3 291 299 292
3 271 272 291
3 300 302 290
3 251 264 265
3 264 271 265
3 251 250 264
3 270 290 65
3 55 270 65
3 250 263 264
3 263 272 264
3 250 254 263
3 271 292 270
3 265 271 270
3 290 302 289
3 65 290 289
3 254 261 263
3 261 274 263
3 254 255 261
3 271 291 292
3 264 272 271
3 292 300 290
3 270 292 290
3 302 95 289
3 40 265 55
3 265 270 55
3 40 251 265
CELL_DATA 756
SCALARS face_id int 1
LOOKUP_TABLE default
1
2
3
4
5
6
7
8
9
10
11
12
13
14
15
16
17
18
19
20
21
22
23
24
25
26
27
28
29
30
31
32
33
34
35
36
37
38
39
40
41
42
43
44
45
46
47
48
49
50
51
52
53
54
55
56
57
58
59
60
61
62
63
64
65
66
67
68
69
70
71
72
73
74
75
76
77
78
79
80
81
82
83
84
85
86
87
88
89
90
91
92
93
94
95
96
97
98
99
100
101
102
103
104
105
106
107
108
109
110
111
112
113
114
115
116
117
118
119
120
121
122
123
124
125
126
127
128
129
130
131
132
133
134
135
136
137
138
139
140
141
142
143
144
145
146
147
148
149
150
151
152
153
154
155
156
157
158
159
160
161
162
163
164
165
166
167
168
169
170
171
172
173
174
175
176
177
178
179
180
181
182
183
184
185
186
187
188
189
190
191
192
193
194
195
196
197
198
199
200
201
202
203
204
205
206
207
208
209
210
211
212
213
214
215
216
217
218
219
220
221
222
223
224
225
226
227
228
229
230
231
232
233
234
235
236
237
238
239
240
241
242
243
244
245
246
247
248
249
250
251
252
253
254
255
256
257
258
259
260
261
262
263
264
265
266
267
268
269
270
271
272
273
274
275
276
277
278
279
280
281
282
283
284
285
286
287
288
289
290
291
292
293
294
295
296
297
298
299
300
301
302
303
304
305
306
307
308
309
310
311
312
313
314
315
316
317
318
319
320
321
322
323
324
325
326
327
328
329
330
331
332
333
334
335
336
337
338
339
340
341
342
343
344
345
346
347
348
349
350
351
352
353
354
355
356
357
358
359
360
361
362
363
364
365
366
367
368
369
370
371
372
373
374
375
376
377
378
379
380
381
382
383
384
385
386
387
388
389
390
391
392
393
394
395
396
397
398
399
400
401
402
403
404
405
406
407
408
409
410
411
412
413
414
415
416
417
418
419
420
421
422
423
424
425
426
427
428
429
430
431
432
433
434
435
436
437
438
439
440
441
442
443
444
445
446
447
448
449
450
451
452
453
454
455
456
457
458
459
460
461
462
463
464
465
466
467
468
469
470
471
472
473
474
475
476
477
478
479
480
481
482
483
484
485
486
487
488
489
490
491
492
493
494
495
496
497
498
499
500
501
502
503
504
505
506
507
508
509
510
511
512
513
514
515
516
517
518
519
520
521
522
523
524
525
526
527
528
529
530
531
532
533
534
535
536
537
538
539
540
541
542
543
544
545
546
547
548
549
550
551
552
553
554
555
556
557
558
559
560
561
562
563
564
565
566
567
568
569
570
571
572
573
574
575
576
577
578
579
580
581
582
583
584
585
586
587
588
589
590
591
592
593
594
595
596
597
598
599
600
601
602
603
604
605
606
607
608
609
610
611
612
613
614
615
616
617
618
619
620
621
622
623
624
625
626
627
628
629
630
631
632
633
634
635
636
637
638
639
640
641
642
643
644
645
646
647
648
649
650
651
652
653
654
655
656
657
658
659
660
661
662
663
664
665
666
667
668
669
670
671
672
673
674
675
676
677
678
679
680
681
682
683
684
685
686
687
688
689
690
691
692
693
694
695
696
697
698
699
700
701
702
703
704
705
706
707
708
709
710
711
712
713
714
715
716
717
718
719
720
721
722
723
724
725
726
727
728
729
730
731
732
733
734
735
736
737
738
739
740
741
742
743
744
745
746
747
748
749
750
751
752
753
754
755
756
SCALARS boundary_group_id int 1
LOOKUP_TABLE default
102
102
102
102
102
102
102
102
102
102
102
102
102
102
102
102
102
102
102
102
102
102
102
102
102
102
102
102
102
102
102
102
102
102
102
102
102
102
102
102
102
102
102
102
102
102
102
102
102
102
102
102
102
102
102
102
102
102
102
102
102
102
102
102
102
102
102
102
102
102
104
104
104
104
104
104
104
104
104
104
104
104
104
104
104
104
104
104
104
104
104
104
104
104
104
104
104
104
104
104
104
104
104
104
104
104
104
104
104
104
2
2
2
2
2
2
2
2
2
2
2
2
2
2
2
2
2
2
2
2
2
2
2
2
2
2
2
2
2
2
2
2
2
2
2
2
2
2
2
2
2
2
2
2
2
2
2
2
2
2
2
2
2
2
2
2
2
2
2
2
2
2
2
2
2
2
2
2
2
2
2
2
2
2
2
2
2
2
2
2
2
2
2
2
2
2
2
2
2
2
2
2
2
2
2
2
2
2
2
2
2
2
2
2
2
2
2
2
2
2
2
2
2
2
2
2
2
2
2
2
2
2
2
2
2
2
2
2
2
2
2
2
2
2
2
2
2
2
2
2
2
2
2
2
2
2
2
2
2
2
2
2
2
2
2
2
2
2
2
2
2
2
2
2
2
2
2
2
2
2
2
2
2
2
2
2
2
2
2
2
2
2
2
2
2
2
2
2
2
2
2
2
2
2
2
2
2
2
2
2
2
2
2
2
2
2
2
2
2
2
2
2
2
2
2
2
2
2
2
2
2
2
2
2
2
2
2
2
2
2
2
2
2
2
2
2
2
2
2
2
2
2
2
2
2
2
2
2
2
2
2
2
4
4
4
4
4
4
4
4
4
4
4
4
4
4
4
4
4
4
4
4
4
4
4
4
4
4
4
4
4
4
4
4
4
4
4
4
4
4
4
4
4
4
4
4
4
4
4
4
4
4
4
4
4
4
4
4
4
4
4
4
4
4
4
4
17
17
17
17
17
17
17
17
17
17
17
17
17
17
17
2
2
2
2
2
2
2
2
2
2
2
2
2
2
2
2
2
2
2
2
2
2
2
2
2
2
2
2
2
2
2
2
2
2
2
2
2
2
2
2
2
2
2
2
2
2
2
2
2
2
2
2
2
2
2
2
2
2
2
2
2
2
2
2
2
2
2
2
2
2
2
2
2
2
2
2
2
2
2
2
2
2
2
2
2
2
2
2
2
2
2
2
2
2
2
2
2
2
2
2
2
2
2
2
2
2
2
2
2
2
2
2
2
2
2
2
2
2
2
2
2
2
2
2
2
2
2
2
2
2
2
2
2
2
2
2
2
2
2
2
2
2
2
2
2
2
2
2
2
2
2
2
2
2
2
2
2
2
2
2
2
2
2
2
2
2
2
2
2
2
2
2
2
2
2
2
2
2
2
2
2
2
2
2
2
2
2
2
2
2
2
2
2
2
2
2
2
2
2
2
2
2
2
2
2
2
2
2
2
2
2
2
2
2
2
2
2
2
2
2
2
2
2
2
2
2
2
2
2
2
2
2
2
2
2
2
2
2
2
2
2
2
2
2
2
2
2
2
2
2
2
4
4
4
4
4
4
4
4
4
4
4
4
4
4
4
4
4
4
4
4
4
4
4
4
4
4
4
4
4
4
4
4
4
4
4
4
4
4
4
4
4
4
4
4
4
4
4
4
4
4
4
4
4
4
4
4
4
4
4
4
4
4
4
4
SCALARS parent_element_id int 1
LOOKUP_TABLE default
0
0
0
0
0
0
0
0
0
0
0
0
0
0
0
0
0
0
0
0
0
0
0
0
0
0
0
0
0
0
0
0
0
0
0
0
0
0
0
0
0
0
0
0
0
0
0
0
0
0
0
0
0
0
0
0
0
0
0
0
0
0
0
0
0
0
0
0
0
0
0
0
0
0
0
0
0
0
0
0
0
0
0
0
0
0
0
0
0
0
0
0
0
0
0
0
0
0
0
0
0
0
0
0
0
0
0
0
0
0
0
0
0
0
0
0
0
0
0
0
0
0
0
0
0
0
0
0
0
0
0
0
0
0
0
0
0
0
0
0
0
0
0
0
0
0
0
0
0
0
0
0
0
0
0
0
0
0
0
0
0
0
0
0
0
0
0
0
0
0
0
0
0
0
0
0
0
0
0
0
0
0
0
0
0
0
0
0
0
0
0
0
0
0
0
0
0
0
0
0
0
0
0
0
0
0
0
0
0
0
0
0
0
0
0
0
0
0
0
0
0
0
0
0
0
0
0
0
0
0
0
0
0
0
0
0
0
0
0
0
0
0
0
0
0
0
0
0
0
0
0
0
0
0
0
0
0
0
0
0
0
0
0
0
0
0
0
0
0
0
0
0
0
0
0
0
0
0
0
0
0
0
0
0
0
0
0
0
0
0
0
0
0
0
0
0
0
0
0
0
0
0
0
0
0
0
0
0
0
0
0
0
0
0
0
0
0
0
0
0
0
0
0
0
0
0
0
0
0
0
0
0
0
0
0
0
0
0
0
0
0
0
0
0
0
0
0
0
0
0
0
0
0
0
0
0
0
0
0
0
0
0
0
0
0
0
0
0
0
0
0
0
0
0
0
0
0
0
0
0
0
0
0
0
0
0
0
0
0
0
0
0
0
0
0
0
0
0
0
0
0
0
0
0
0
0
0
0
0
0
0
0
0
0
0
0
0
0
0
0
0
0
0
0
0
0
0
0
0
0
0
0
0
0
0
0
0
0
0
0
0
0
0
0
0
0
0
0
0
0
0
0
0
0
0
0
0
0
0
0
0
0
0
0
0
0
0
0
0
0
0
0
0
0
0
0
0
0
0
0
0
0
0
0
0
0
0
0
0
0
0
0
0
0
0
0
0
0
0
0
0
0
0
0
0
0
0
0
0
0
0
0
0
0
0
0
0
0
0
0
0
0
0
0
0
0
0
0
0
0
0
0
0
0
0
0
0
0
0
0
0
0
0
0
0
0
0
0
0
0
0
0
0
0
0
0
0
0
0
0
0
0
0
0
0
0
0
0
0
0
0
0
0
0
0
0
0
0
0
0
0
0
0
0
0
0
0
0
0
0
0
0
0
0
0
0
0
0
0
0
0
0
0
0
0
0
0
0
0
0
0
0
0
0
0
0
0
0
0
0
0
0
0
0
0
0
0
0
0
0
0
0
0
0
0
0
0
0
0
0
0
0
0
0
0
0
0
0
0
0
0
0
0
0
0
0
0
0
0
0
0
0
0
0
0
0
0
0
0
0
0
0
0
0
0
0
0
0
0
0
0
0
0
0
0
0
0
0
0
0
0
0
0
0
0
0
0
0
0
0
0
0
0
0
0
0
0
0
0
0
0
0
0
0
0
0
0
0
0
0
0
0
0
0
0
0
0
0
0
0
0
0
0
0
0
0
0
0
0
0
0
0
0
0
0
0
0
0
0
0
0
0
0
0
0
0
SCALARS local_face_id int 1
LOOKUP_TABLE default
-1
-1
-1
-1
-1
-1
-1
-1
-1
-1
-1
-1
-1
-1
-1
-1
-1
-1
-1
-1
-1
-1
-1
-1
-1
-1
-1
-1
-1
-1
-1
-1
-1
-1
-1
-1
-1
-1
-1
-1
-1
-1
-1
-1
-1
-1
-1
-1
-1
-1
-1
-1
-1
-1
-1
-1
-1
-1
-1
-1
-1
-1
-1
-1
-1
-1
-1
-1
-1
-1
-1
-1
-1
-1
-1
-1
-1
-1
-1
-1
-1
-1
-1
-1
-1
-1
-1
-1
-1
-1
-1
-1
-1
-1
-1
-1
-1
-1
-1
-1
-1
-1
-1
-1
-1
-1
-1
-1
-1
-1
-1
-1
-1
-1
-1
-1
-1
-1
-1
-1
-1
-1
-1
-1
-1
-1
-1
-1
-1
-1
-1
-1
-1
-1
-1
-1
-1
-1
-1
-1
-1
-1
-1
-1
-1
-1
-1
-1
-1
-1
-1
-1
-1
-1
-1
-1
-1
-1
-1
-1
-1
-1
-1
-1
-1
-1
-1
-1
-1
-1
-1
-1
-1
-1
-1
-1
-1
-1
-1
-1
-1
-1
-1
-1
-1
-1
-1
-1
-1
-1
-1
-1
-1
-1
-1
-1
-1
-1
-1
-1
-1
-1
-1
-1
-1
-1
-1
-1
-1
-1
-1
-1
-1
-1
-1
-1
-1
-1
-1
-1
-1
-1
-1
-1
-1
-1
-1
-1
-1
-1
-1
-1
-1
-1
-1
-1
-1
-1
-1
-1
-1
-1
-1
-1
-1
-1
-1
-1
-1
-1
-1
-1
-1
-1
-1
-1
-1
-1
-1
-1
-1
-1
-1
-1
-1
-1
-1
-1
-1
-1
-1
-1
-1
-1
-1
-1
-1
-1
-1
-1
-1
-1
-1
-1
-1
-1
-1
-1
-1
-1
-1
-1
-1
-1
-1
-1
-1
-1
-1
-1
-1
-1
-1
-1
-1
-1
-1
-1
-1
-1
-1
-1
-1
-1
-1
-1
-1
-1
-1
-1
-1
-1
-1
-1
-1
-1
-1
-1
-1
-1
-1
-1
-1
-1
-1
-1
-1
-1
-1
-1
-1
-1
-1
-1
-1
-1
-1
-1
-1
-1
-1
-1
-1
-1
-1
-1
-1
-1
-1
-1
-1
-1
-1
-1
-1
-1
-1
-1
-1
-1
-1
-1
-1
-1
-1
-1
-1
-1
-1
-1
-1
-1
-1
-1
-1
-1
-1
-1
-1
-1
-1
-1
-1
-1
-1
-1
-1
-1
-1
-1
-1
-1
-1
-1
-1
-1
-1
-1
-1
-1
-1
-1
-1
-1
-1
-1
-1
-1
-1
-1
-1
-1
-1
-1
-1
-1
-1
-1
-1
-1
-1
-1
-1
-1
-1
-1
-1
-1
-1
-1
-1
-1
-1
-1
-1
-1
-1
-1
-1
-1
-1
-1
-1
-1
-1
-1
-1
-1
-1
-1
-1
-1
-1
-1
-1
-1
-1
-1
-1
-1
-1
-1
-1
-1
-1
-1
-1
-1
-1
-1
-1
-1
-1
-1
-1
-1
-1
-1
-1
-1
-1
-1
-1
-1
-1
-1
-1
-1
-1
-1
-1
-1
-1
-1
-1
-1
-1
-1
-1
-1
-1
-1
-1
-1
-1
-1
-1
-1
-1
-1
-1
-1
-1
-1
-1
-1
-1
-1
-1
-1
-1
-1
-1
-1
-1
-1
-1
-1
-1
-1
-1
-1
-1
-1
-1
-1
-1
-1
-1
-1
-1
-1
-1
-1
-1
-1
-1
-1
-1
-1
-1
-1
-1
-1
-1
-1
-1
-1
-1
-1
-1
-1
-1
-1
-1
-1
-1
-1
-1
-1
-1
-1
-1
-1
-1
-1
-1
-1
-1
-1
-1
-1
-1
-1
-1
-1
-1
-1
-1
-1
-1
-1
-1
-1
-1
-1
-1
-1
-1
-1
-1
-1
-1
-1
-1
-1
-1
-1
-1
-1
-1
-1
-1
-1
-1
-1
-1
-1
-1
-1
-1
-1
-1
-1
-1
-1
-1
-1
-1
-1
-1
-1
-1
-1
-1
-1
-1
-1
-1
-1
-1
-1
-1
-1
-1
-1
-1
-1
-1
-1
-1
-1
-1
-1
-1
-1
-1
-1
-1
-1
-1
-1
-1
-1
-1
-1
-1
-1
-1
-1
-1
-1
-1
-1
-1
-1
-1
-1
-1
-1
-1
-1
-1
-1
-1
-1
-1
-1
-1
-1
-1
-1
-1
-1
-1
-1
-1
-1
-1
-1
-1
-1
-1
-1
-1
-1
-1
-1
-1
-1
-1
-1
-1
-1
-1
-1
-1
-1
-1
-1
-1
-1
-1
-1
-1
-1
-1
-1
-1
-1
-1
-1
-1
-1
-1
-1
-1
-1
-1
-1
-1
-1
-1
-1
-1
-1
SCALARS adjacent_element_count int 1
LOOKUP_TABLE default
0
0
0
0
0
0
0
0
0
0
0
0
0
0
0
0
0
0
0
0
0
0
0
0
0
0
0
0
0
0
0
0
0
0
0
0
0
0
0
0
0
0
0
0
0
0
0
0
0
0
0
0
0
0
0
0
0
0
0
0
0
0
0
0
0
0
0
0
0
0
0
0
0
0
0
0
0
0
0
0
0
0
0
0
0
0
0
0
0
0
0
0
0
0
0
0
0
0
0
0
0
0
0
0
0
0
0
0
0
0
0
0
0
0
0
0
0
0
0
0
0
0
0
0
0
0
0
0
0
0
0
0
0
0
0
0
0
0
0
0
0
0
0
0
0
0
0
0
0
0
0
0
0
0
0
0
0
0
0
0
0
0
0
0
0
0
0
0
0
0
0
0
0
0
0
0
0
0
0
0
0
0
0
0
0
0
0
0
0
0
0
0
0
0
0
0
0
0
0
0
0
0
0
0
0
0
0
0
0
0
0
0
0
0
0
0
0
0
0
0
0
0
0
0
0
0
0
0
0
0
0
0
0
0
0
0
0
0
0
0
0
0
0
0
0
0
0
0
0
0
0
0
0
0
0
0
0
0
0
0
0
0
0
0
0
0
0
0
0
0
0
0
0
0
0
0
0
0
0
0
0
0
0
0
0
0
0
0
0
0
0
0
0
0
0
0
0
0
0
0
0
0
0
0
0
0
0
0
0
0
0
0
0
0
0
0
0
0
0
0
0
0
0
0
0
0
0
0
0
0
0
0
0
0
0
0
0
0
0
0
0
0
0
0
0
0
0
0
0
0
0
0
0
0
0
0
0
0
0
0
0
0
0
0
0
0
0
0
0
0
0
0
0
0
0
0
0
0
0
0
0
0
0
0
0
0
0
0
0
0
0
0
0
0
0
0
0
0
0
0
0
0
0
0
0
0
0
0
0
0
0
0
0
0
0
0
0
0
0
0
0
0
0
0
0
0
0
0
0
0
0
0
0
0
0
0
0
0
0
0
0
0
0
0
0
0
0
0
0
0
0
0
0
0
0
0
0
0
0
0
0
0
0
0
0
0
0
0
0
0
0
0
0
0
0
0
0
0
0
0
0
0
0
0
0
0
0
0
0
0
0
0
0
0
0
0
0
0
0
0
0
0
0
0
0
0
0
0
0
0
0
0
0
0
0
0
0
0
0
0
0
0
0
0
0
0
0
0
0
0
0
0
0
0
0
0
0
0
0
0
0
0
0
0
0
0
0
0
0
0
0
0
0
0
0
0
0
0
0
0
0
0
0
0
0
0
0
0
0
0
0
0
0
0
0
0
0
0
0
0
0
0
0
0
0
0
0
0
0
0
0
0
0
0
0
0
0
0
0
0
0
0
0
0
0
0
0
0
0
0
0
0
0
0
0
0
0
0
0
0
0
0
0
0
0
0
0
0
0
0
0
0
0
0
0
0
0
0
0
0
0
0
0
0
0
0
0
0
0
0
0
0
0
0
0
0
0
0
0
0
0
0
0
0
0
0
0
0
0
0
0
0
0
0
0
0
0
0
0
0
0
0
0
0
0
0
0
0
0
0
0
0
0
0
0
0
0
0
0
0
0
0
0
0
0
0
0
0
0
0
0
0
0
0
0
0
0
0
0
0
0
0
0
0
0
0
0
0
0
0
0
0
0
0
0
0
0
0
0
0
0
0
0
0
0
0
0
0
0
0
0
0
0
0
0
0
SCALARS area double 1
LOOKUP_TABLE default
1.283130107276732e-03
1.283123036228404e-03
1.283123036228406e-03
1.283115965141109e-03
1.283123036228405e-03
1.283123036228404e-03
1.408125373004833e-03
1.024633081888341e-03
1.441300000000000e-03
1.355599999999998e-03
1.441300000000000e-03
1.283123036228405e-03
1.441300000000000e-03
1.441300000000000e-03
1.441300000000000e-03
1.283123036228405e-03
1.283115965141109e-03
1.283130107276732e-03
1.283123036228404e-03
1.283123036228406e-03
1.283115965141109e-03
1.283123036228405e-03
1.283123036228404e-03
1.408125373004833e-03
5.000305615659898e-04
1.024633081888341e-03
1.441300000000000e-03
1.441300000000000e-03
1.283123036228405e-03
1.441300000000000e-03
1.441300000000000e-03
1.441300000000000e-03
1.283123036228405e-03
1.283115965141109e-03
5.000305615659898e-04
1.024703792566419e-03
1.441200000000000e-03
1.355499999999999e-03
1.355600000000002e-03
1.283123036228407e-03
8.356332263020660e-04
1.283123036228405e-03
1.355599999999998e-03
1.355500000000003e-03
8.356332263020659e-04
1.355599999999998e-03
1.283115965141109e-03
1.024703792566419e-03
1.441200000000000e-03
1.355599999999998e-03
1.355499999999999e-03
1.355600000000002e-03
1.283123036228407e-03
8.356332263020660e-04
1.283123036228405e-03
1.355599999999998e-03
1.355500000000003e-03
8.356332263020659e-04
1.355599999999998e-03
1.283115965141110e-03
1.283115965141109e-03
1.283115965141108e-03
1.283151320967250e-03
1.283115965141110e-03
1.283115965141108e-03
1.283151320967250e-03
6.388073372308739e-04
8.356357852557538e-04
6.388073372308739e-04
8.356357852557538e-04
1.283115965141109e-03
1.283115965141110e-03
5.975052301026322e-04
5.975052301026320e-04
5.974981590766640e-04
1.283123036228405e-03
1.283151320967250e-03
1.283123036228405e-03
1.283115965141108e-03
1.283123036228407e-03
1.283123036228405e-03
1.283115965141109e-03
1.283115965141110e-03
5.975052301026322e-04
5.975052301026320e-04
5.974981590766640e-04
1.283123036228405e-03
1.283151320967250e-03
1.283123036228405e-03
1.283115965141108e-03
1.283123036228407e-03
1.283123036228405e-03
5.974981590766611e-04
1.283115965141110e-03
1.283115965141109e-03
1.283115965141109e-03
5.974981590766611e-04
1.283115965141110e-03
1.283137178364029e-03
1.283123036228405e-03
1.283115965141109e-03
1.283123036228404e-03
1.283123036228405e-03
1.283123036228405e-03
1.283115965141109e-03
1.283123036228404e-03
1.283123036228405e-03
1.283123036228404e-03
1.283123036228404e-03
1.283137178364029e-03
2.450950249999998e-07
1.859512555500001e-06
1.202121430000001e-07
1.201208724999997e-07
1.683225248999998e-06
1.198693484999998e-07
4.858692675000009e-07
2.450449154999999e-07
6.604698039999995e-07
1.037826996000001e-06
7.472850000000004e-07
1.663373196000002e-06
2.450013649999992e-07
1.204088229999996e-07
1.860520611999997e-06
7.455799999999991e-07
2.448607900000006e-07
1.938940009999998e-06
1.750821669000002e-06
1.197818049999995e-07
4.858912919999999e-07
9.514568120000014e-07
7.455249999999994e-07
8.770140450000015e-07
7.472299999999988e-07
7.472850000000005e-07
2.000331139999997e-06
1.205852100000000e-07
4.858848195000009e-07
9.514928784999987e-07
1.198403230000001e-07
1.754701500000002e-06
7.455799999999991e-07
1.665753368000000e-06
7.455250000000012e-07
1.075297482000001e-06
7.472849999999986e-07
7.455800000000009e-07
1.905089861499999e-06
5.404874999999998e-07
1.474045996000000e-06
4.512783570000004e-07
7.212488000000009e-07
4.499999999999999e-07
5.404874999999998e-07
1.099987500000000e-06
5.404874999999998e-07
1.099987500000000e-06
1.117465000000001e-07
1.133967251500003e-07
6.012175459999975e-08
5.988490344999977e-08
9.288615440000062e-08
1.068377225000006e-07
1.133523039999988e-07
6.933274645000003e-07
2.561739274999995e-07
5.623573590999995e-07
6.029312399999931e-08
6.933412080000002e-07
1.222234048000008e-07
1.249438065000012e-07
1.132544145000001e-07
5.132505370000002e-07
4.037845630000001e-07
8.381185710000006e-07
6.049488400000002e-08
5.981823899999934e-08
1.270337443500002e-06
3.818404370000002e-07
1.034586813500000e-06
2.634969383000002e-06
1.245141987799999e-06
1.630559000000000e-06
1.431038597099998e-06
1.532607999999999e-06
1.220936974499999e-06
8.066918530000002e-07
7.006505197000001e-07
1.022757856000000e-06
5.977036750000019e-08
1.132578380000000e-07
1.132696459999998e-07
6.272971993499991e-07
1.213741277049999e-06
5.005319205000007e-07
1.021630589500001e-06
7.081424999999994e-07
8.813288404999995e-07
8.170875000000009e-07
5.632457545000000e-07
1.013291431500001e-06
6.933065155000000e-07
5.132267309999998e-07
7.927900674999994e-07
5.132267310000001e-07
1.200566645000004e-07
1.750613777499997e-06
1.199265400000002e-07
4.858874759999993e-07
1.199914414999996e-07
9.514713960000009e-07
5.614012530000010e-07
6.605184180000009e-07
7.472850000000004e-07
1.861656830500002e-06
5.958295919999995e-07
2.089103749999993e-07
4.196230969999989e-07
1.862795674999998e-06
2.446552649999998e-07
1.197434600000003e-07
4.859021149999999e-07
1.206958650000008e-07
1.679907965000000e-06
1.764329565000001e-06
1.206212549999997e-07
4.859121799999996e-07
9.515270899999996e-07
1.941218613500000e-06
1.755440200000001e-06
2.446225999999995e-07
1.197352050000001e-07
2.502478615000001e-06
1.919447033999999e-06
1.202777729999997e-07
1.682285647500002e-06
1.197805454999997e-07
4.858596550000000e-07
2.449572299999985e-07
1.779855360000002e-06
1.662962624000001e-06
1.914567826000000e-06
1.864024285000000e-06
2.448669849999993e-07
1.197514549999999e-07
4.858558750000001e-07
1.204805550000006e-07
1.678646345000000e-06
1.197903299999997e-07
1.938362595000000e-06
8.135549899999982e-07
1.930186470000002e-06
9.514530900000007e-07
1.203994200000001e-07
4.859169349999999e-07
1.865358050000001e-06
1.081290920000000e-06
2.449311000000001e-07
1.198361400000001e-07
4.859128650000018e-07
9.515113200000007e-07
1.202161300000006e-07
1.464992295000003e-06
1.197874649999995e-07
4.858890750000010e-07
1.202895499999995e-07
1.677234714999998e-06
2.450036450000003e-07
1.772058525000000e-06
2.112288521999999e-06
2.364620352000000e-06
1.464537520000000e-06
2.107760482999999e-06
1.590003220000000e-06
9.074360949999997e-07
2.450301199999992e-07
1.866910695000000e-06
2.344912155000002e-06
2.450933550000005e-07
1.198499400000002e-07
4.858529399999994e-07
1.201088249999993e-07
1.199495100000005e-07
9.074401790000008e-07
4.858979700000012e-07
9.514463299999989e-07
1.200532000000008e-07
2.450708450000006e-07
1.292606744500000e-06
1.292598554500001e-06
2.112292630000000e-06
1.199602250000006e-07
4.858484099999989e-07
1.914441034999999e-06
2.089692629999999e-06
2.533968740000000e-06
6.191366134999997e-07
9.515426050000014e-07
1.197120099999998e-07
4.858229749999999e-07
2.038206023250001e-06
1.113550390500000e-06
9.277385666999996e-07
1.313420280200001e-06
1.658772388249998e-06
1.200661061100001e-06
1.336591263400000e-06
9.623474245999993e-07
1.113555906300000e-06
1.525817345000000e-06
1.603834210000000e-06
1.335409169500000e-06
1.313418816000000e-06
1.188906080700000e-06
1.025457679000000e-06
1.113545684100000e-06
2.447397149999997e-07
1.777572605000000e-06
1.674244875000000e-06
1.205154600000002e-07
1.681141233499998e-06
1.197497200000001e-07
4.858188050000006e-07
2.447679950000010e-07
1.781375313499999e-06
1.664719355000001e-06
1.731693500000003e-06
1.725467595500002e-06
1.870208790000000e-06
4.187882357999999e-06
1.130699649999998e-07
5.975112699999984e-08
5.999262500000007e-08
6.053762849999932e-08
1.113246465000010e-07
1.130247164999998e-07
1.103136275000002e-07
2.531521180000002e-07
1.615523575000014e-07
6.005549999999998e-07
9.713398610000006e-07
7.192676692000008e-07
7.578618225000010e-07
5.404500000000001e-07
1.100025000000000e-06
5.404874999999998e-07
5.404874999999998e-07
7.125226605000010e-07
7.171370100000013e-07
7.472300000000008e-07
2.451106720000009e-07
1.199855659999999e-07
6.427062499999990e-07
5.974502249999968e-08
1.412773140000007e-07
7.171897949999990e-07
6.094985400000007e-08
7.455799999999991e-07
1.780618464000002e-06
1.668433894999998e-06
1.207474600000004e-07
3.829983624999997e-07
3.829899124999999e-07
3.657290995000005e-07
4.010479980000008e-07
3.656963379999994e-07
3.833297134999999e-07
4.010247240000007e-07
4.010026269999994e-07
3.657497419999988e-07
4.010026270000007e-07
3.656938145000007e-07
3.656665935000008e-07
3.653700535000004e-07
4.006026894999994e-07
3.829812525000012e-07
4.006353400000009e-07
3.657074229999992e-07
3.657633670000004e-07
4.010026269999991e-07
3.657165035000003e-07
4.010026270000004e-07
4.010479979999997e-07
3.657406690000001e-07
4.010026270000000e-07
3.656892785000004e-07
3.657426560000004e-07
4.010247239999995e-07
3.657210395000004e-07
4.010026269999995e-07
4.010479980000005e-07
3.657361330000006e-07
4.010247239999995e-07
3.656781920000006e-07
3.657316050000001e-07
4.010479980000001e-07
3.656781920000002e-07
4.010479980000003e-07
4.010247240000003e-07
3.657315970000002e-07
4.010479980000005e-07
3.657472414999990e-07
3.657245260000003e-07
4.010247240000000e-07
3.656963379999993e-07
4.010092555000002e-07
4.010546272499998e-07
3.657406769999996e-07
4.010026270000003e-07
3.656938184999997e-07
4.010479979999998e-07
4.010479980000000e-07
3.657794919999993e-07
4.009822695000003e-07
3.657361409999996e-07
4.010479980000005e-07
3.656892824999999e-07
4.010479979999998e-07
4.010026270000004e-07
3.657426880000002e-07
4.010247240000000e-07
3.657326299999999e-07
3.657255547500002e-07
4.010413689000000e-07
3.656660909000007e-07
2.677500000000000e-06
2.299998613000000e-06
3.399995000000001e-06
2.677496275200000e-06
3.622500000000000e-06
3.399991584000000e-06
2.677495000000000e-06
3.400000000000001e-06
4.000000000000001e-06
2.300000000000000e-06
3.999994405000001e-06
3.622502500000001e-06
4.000000000000001e-06
3.622501742800000e-06
2.300002500000000e-06
2.450950249999998e-07
1.859512555500001e-06
1.202121430000001e-07
1.201208724999997e-07
1.683225248999998e-06
1.198693484999998e-07
4.858692675000008e-07
2.450449154999999e-07
6.604698039999995e-07
1.037826996000001e-06
7.472850000000005e-07
1.663373196000002e-06
2.450013649999992e-07
1.204088229999996e-07
1.860520611999997e-06
7.455799999999991e-07
2.448607900000006e-07
1.938940009999998e-06
1.750821669000001e-06
1.197818049999995e-07
4.858912919999998e-07
9.514568120000012e-07
7.455249999999994e-07
8.770140450000020e-07
7.472299999999988e-07
7.472850000000004e-07
2.000331139999997e-06
1.205852100000000e-07
4.858848195000009e-07
9.514928784999987e-07
1.198403230000001e-07
1.754701500000002e-06
7.455799999999991e-07
1.665753368000000e-06
7.455250000000012e-07
1.075297482000001e-06
7.472849999999986e-07
7.455800000000009e-07
1.905089861499999e-06
5.404874999999998e-07
1.474045996000000e-06
4.512783570000004e-07
7.212488000000009e-07
4.499999999999999e-07
5.404874999999998e-07
1.099987500000000e-06
5.404874999999998e-07
1.099987500000000e-06
1.117465000000001e-07
1.133967251500003e-07
6.012175459999975e-08
5.988490344999977e-08
9.288615440000062e-08
1.068377225000006e-07
1.133523039999988e-07
6.933274645000003e-07
2.561739274999995e-07
5.623573590999995e-07
6.029312399999931e-08
6.933412080000004e-07
1.222234048000008e-07
1.249438065000012e-07
1.132544145000001e-07
5.132505370000002e-07
4.037845630000001e-07
8.381185710000006e-07
6.049488400000002e-08
5.981823899999934e-08
1.270337443500002e-06
3.818404370000002e-07
1.034586813500000e-06
2.634969383000002e-06
1.245141987799999e-06
1.630559000000000e-06
1.431038597099998e-06
1.532607999999999e-06
1.220936974499999e-06
8.066918530000001e-07
7.006505197000001e-07
1.022757856000000e-06
5.977036750000019e-08
1.132578380000000e-07
1.132696459999998e-07
6.272971993499991e-07
1.213741277049999e-06
5.005319205000007e-07
1.021630589500001e-06
7.081424999999994e-07
8.813288404999995e-07
8.170875000000009e-07
5.632457545000000e-07
1.013291431500001e-06
6.933065155000001e-07
5.132267309999998e-07
7.927900674999996e-07
5.132267310000001e-07
1.200566645000004e-07
1.750613777499997e-06
1.199265400000002e-07
4.858874759999991e-07
1.199914414999996e-07
9.514713960000009e-07
5.614012530000009e-07
6.605184180000009e-07
7.472850000000005e-07
1.861656830500002e-06
5.958295919999995e-07
2.089103749999993e-07
4.196230969999988e-07
1.862795674999998e-06
2.446552649999999e-07
1.197434600000003e-07
4.859021149999999e-07
1.206958650000008e-07
1.679907965000000e-06
1.764329565000001e-06
1.206212549999997e-07
4.859121799999996e-07
9.515270899999997e-07
1.941218613500000e-06
1.755440200000001e-06
2.446225999999995e-07
1.197352050000001e-07
2.502478615000001e-06
1.919447033999999e-06
1.202777729999997e-07
1.682285647500002e-06
1.197805454999997e-07
4.858596550000000e-07
2.449572299999985e-07
1.779855360000002e-06
1.662962624000001e-06
1.914567826000001e-06
1.864024285000000e-06
2.448669849999994e-07
1.197514549999999e-07
4.858558750000001e-07
1.204805550000006e-07
1.678646345000000e-06
1.197903299999997e-07
1.938362595000001e-06
8.135549899999982e-07
1.930186470000002e-06
9.514530900000007e-07
1.203994200000000e-07
4.859169349999999e-07
1.865358050000001e-06
1.081290920000000e-06
2.449311000000001e-07
1.198361400000001e-07
4.859128650000018e-07
9.515113200000003e-07
1.202161300000006e-07
1.464992295000003e-06
1.197874649999995e-07
4.858890750000010e-07
1.202895499999995e-07
1.677234714999998e-06
2.450036450000003e-07
1.772058525000000e-06
2.112288521999999e-06
2.364620352000000e-06
1.464537520000000e-06
2.107760482999999e-06
1.590003219999999e-06
9.074360949999997e-07
2.450301199999992e-07
1.866910695000000e-06
2.344912155000002e-06
2.450933550000005e-07
1.198499400000002e-07
4.858529399999994e-07
1.201088249999993e-07
1.199495100000005e-07
9.074401790000008e-07
4.858979700000012e-07
9.514463299999989e-07
1.200532000000008e-07
2.450708450000006e-07
1.292606744500000e-06
1.292598554500001e-06
2.112292630000000e-06
1.199602250000006e-07
4.858484099999989e-07
1.914441034999999e-06
2.089692629999999e-06
2.533968740000000e-06
6.191366134999995e-07
9.515426050000014e-07
1.197120099999998e-07
4.858229749999999e-07
2.038206023250001e-06
1.113550390500000e-06
9.277385666999996e-07
1.313420280200001e-06
1.658772388249998e-06
1.200661061100000e-06
1.336591263400000e-06
9.623474245999996e-07
1.113555906300000e-06
1.525817345000000e-06
1.603834210000000e-06
1.335409169500000e-06
1.313418816000000e-06
1.188906080700000e-06
1.025457679000000e-06
1.113545684100000e-06
2.447397149999997e-07
1.777572605000000e-06
1.674244875000000e-06
1.205154600000002e-07
1.681141233499998e-06
1.197497200000001e-07
4.858188050000007e-07
2.447679950000010e-07
1.781375313499999e-06
1.664719355000001e-06
1.731693500000003e-06
1.725467595500002e-06
1.870208790000000e-06
1.130699649999998e-07
5.975112699999984e-08
5.999262500000007e-08
6.053762849999932e-08
1.113246465000010e-07
1.130247164999998e-07
1.103136275000002e-07
2.531521180000002e-07
1.615523575000014e-07
6.005549999999998e-07
9.713398610000008e-07
7.192676692000008e-07
7.578618225000011e-07
5.404500000000001e-07
1.100025000000000e-06
5.404874999999998e-07
5.404874999999998e-07
7.125226605000010e-07
7.171370100000013e-07
7.472300000000008e-07
2.451106720000009e-07
1.199855659999999e-07
6.427062499999990e-07
5.974502249999971e-08
1.412773140000007e-07
7.171897949999991e-07
6.094985400000007e-08
7.455799999999991e-07
1.780618464000002e-06
1.668433894999998e-06
1.207474600000004e-07
3.829983624999997e-07
3.829899124999999e-07
3.657290995000005e-07
4.010479980000009e-07
3.656963379999994e-07
3.833297134999999e-07
4.010247240000007e-07
4.010026269999994e-07
3.657497419999988e-07
4.010026270000007e-07
3.656938145000006e-07
3.656665935000008e-07
3.653700535000004e-07
4.006026894999994e-07
3.829812525000012e-07
4.006353400000009e-07
3.657074229999991e-07
3.657633670000004e-07
4.010026269999991e-07
3.657165035000003e-07
4.010026270000003e-07
4.010479979999997e-07
3.657406690000001e-07
4.010026269999999e-07
3.656892785000004e-07
3.657426560000004e-07
4.010247239999995e-07
3.657210395000004e-07
4.010026269999995e-07
4.010479980000005e-07
3.657361330000006e-07
4.010247239999995e-07
3.656781920000006e-07
3.657316050000001e-07
4.010479980000001e-07
3.656781920000002e-07
4.010479980000003e-07
4.010247240000003e-07
3.657315970000002e-07
4.010479980000005e-07
3.657472414999990e-07
3.657245260000003e-07
4.010247240000000e-07
3.656963379999993e-07
4.010092555000002e-07
4.010546272499998e-07
3.657406769999996e-07
4.010026270000004e-07
3.656938184999997e-07
4.010479980000000e-07
4.010479979999998e-07
3.657794919999992e-07
4.009822695000003e-07
3.657361409999997e-07
4.010479980000005e-07
3.656892825000001e-07
4.010479979999998e-07
4.010026270000003e-07
3.657426880000002e-07
4.010247240000000e-07
3.657326300000000e-07
3.657255547500005e-07
4.010413689000000e-07
3.656660909000007e-07
VECTORS normal double
-7.071067811865476e-01 -7.071067811865476e-01 0.000000000000000e+00
-7.071028844333634e-01 -7.071106779182573e-01 0.000000000000000e+00
-7.071028844333640e-01 -7.071106779182567e-01 0.000000000000000e+00
-7.071067811865476e-01 -7.071067811865476e-01 0.000000000000000e+00
-7.071028844333631e-01 -7.071106779182577e-01 0.000000000000000e+00
-7.071028844333634e-01 -7.071106779182573e-01 0.000000000000000e+00
-7.071103319978190e-01 -7.071032303574452e-01 0.000000000000000e+00
-7.070823817876221e-01 -7.071311797435774e-01 0.000000000000000e+00
-1.000000000000000e+00 0.000000000000000e+00 0.000000000000000e+00
-1.000000000000000e+00 -0.000000000000000e+00 -0.000000000000000e+00
-1.000000000000000e+00 0.000000000000000e+00 0.000000000000000e+00
-7.071028844333632e-01 -7.071106779182574e-01 -0.000000000000000e+00
-1.000000000000000e+00 0.000000000000000e+00 0.000000000000000e+00
-1.000000000000000e+00 0.000000000000000e+00 0.000000000000000e+00
-1.000000000000000e+00 0.000000000000000e+00 0.000000000000000e+00
-7.071028844333631e-01 -7.071106779182577e-01 -0.000000000000000e+00
-7.071067811865476e-01 -7.071067811865476e-01 -0.000000000000000e+00
-7.071067811865476e-01 -7.071067811865476e-01 0.000000000000000e+00
-7.071106779182573e-01 -7.071028844333634e-01 0.000000000000000e+00
-7.071106779182567e-01 -7.071028844333640e-01 0.000000000000000e+00
-7.071067811865476e-01 -7.071067811865476e-01 0.000000000000000e+00
-7.071106779182577e-01 -7.071028844333631e-01 0.000000000000000e+00
-7.071106779182573e-01 -7.071028844333634e-01 0.000000000000000e+00
-7.071032303574452e-01 -7.071103319978190e-01 0.000000000000000e+00
7.070567824749673e-01 -7.071567763630262e-01 0.000000000000000e+00
-7.071311797435774e-01 -7.070823817876221e-01 0.000000000000000e+00
-0.000000000000000e+00 -1.000000000000000e+00 0.000000000000000e+00
-0.000000000000000e+00 -1.000000000000000e+00 0.000000000000000e+00
-7.071106779182574e-01 -7.071028844333632e-01 -0.000000000000000e+00
-0.000000000000000e+00 -1.000000000000000e+00 0.000000000000000e+00
-0.000000000000000e+00 -1.000000000000000e+00 0.000000000000000e+00
-0.000000000000000e+00 -1.000000000000000e+00 0.000000000000000e+00
-7.071106779182577e-01 -7.071028844333631e-01 -0.000000000000000e+00
-7.071067811865472e-01 -7.071067811865479e-01 0.000000000000000e+00
-7.071567763630262e-01 7.070567824749673e-01 0.000000000000000e+00
-7.071311780599612e-01 -7.070823834713542e-01 0.000000000000000e+00
-1.000000000000000e+00 0.000000000000000e+00 0.000000000000000e+00
-1.000000000000000e+00 -0.000000000000000e+00 -0.000000000000000e+00
-1.000000000000000e+00 -0.000000000000000e+00 -0.000000000000000e+00
-7.071028844333648e-01 -7.071106779182561e-01 -0.000000000000000e+00
7.419523069273899e-02 9.972437353738811e-01 0.000000000000000e+00
-7.071028844333631e-01 -7.071106779182577e-01 -0.000000000000000e+00
-1.000000000000000e+00 -0.000000000000000e+00 -0.000000000000000e+00
-1.000000000000000e+00 -0.000000000000000e+00 -0.000000000000000e+00
7.419523069273901e-02 9.972437353738810e-01 0.000000000000000e+00
-1.000000000000000e+00 -0.000000000000000e+00 -0.000000000000000e+00
-7.071067811865479e-01 -7.071067811865472e-01 0.000000000000000e+00
-7.070823834713542e-01 -7.071311780599612e-01 0.000000000000000e+00
-0.000000000000000e+00 -1.000000000000000e+00 0.000000000000000e+00
0.000000000000000e+00 -1.000000000000000e+00 -0.000000000000000e+00
0.000000000000000e+00 -1.000000000000000e+00 -0.000000000000000e+00
0.000000000000000e+00 -1.000000000000000e+00 -0.000000000000000e+00
-7.071106779182561e-01 -7.071028844333648e-01 -0.000000000000000e+00
9.972437353738811e-01 7.419523069273899e-02 0.000000000000000e+00
-7.071106779182577e-01 -7.071028844333631e-01 -0.000000000000000e+00
0.000000000000000e+00 -1.000000000000000e+00 -0.000000000000000e+00
0.000000000000000e+00 -1.000000000000000e+00 -0.000000000000000e+00
9.972437353738810e-01 7.419523069273901e-02 0.000000000000000e+00
0.000000000000000e+00 -1.000000000000000e+00 -0.000000000000000e+00
-7.071067811865481e-01 -7.071067811865468e-01 -0.000000000000000e+00
-7.071067811865476e-01 -7.071067811865476e-01 -0.000000000000000e+00
-7.071067811865468e-01 -7.071067811865481e-01 -0.000000000000000e+00
-7.070872976353791e-01 -7.071262642008829e-01 -0.000000000000000e+00
-7.071067811865468e-01 -7.071067811865481e-01 -0.000000000000000e+00
-7.071067811865481e-01 -7.071067811865468e-01 -0.000000000000000e+00
-7.071262642008829e-01 -7.070872976353791e-01 -0.000000000000000e+00
-7.070989540571739e-01 -7.071146082292818e-01 -0.000000000000000e+00
7.407533412544690e-02 9.972526484668783e-01 0.000000000000000e+00
-7.071146082292818e-01 -7.070989540571739e-01 -0.000000000000000e+00
9.972526484668783e-01 7.407533412544690e-02 0.000000000000000e+00
-7.071067811865476e-01 -7.071067811865476e-01 -0.000000000000000e+00
-7.071067811865481e-01 -7.071067811865468e-01 -0.000000000000000e+00
-7.071067811865469e-01 7.071067811865483e-01 -0.000000000000000e+00
-7.071067811865471e-01 7.071067811865479e-01 -0.000000000000000e+00
-7.071151493636526e-01 7.070984129104090e-01 -0.000000000000000e+00
-7.071028844333631e-01 -7.071106779182577e-01 0.000000000000000e+00
-7.070872976353791e-01 -7.071262642008829e-01 0.000000000000000e+00
-7.071028844333631e-01 -7.071106779182577e-01 0.000000000000000e+00
-7.071067811865468e-01 -7.071067811865481e-01 0.000000000000000e+00
-7.071028844333648e-01 -7.071106779182561e-01 0.000000000000000e+00
-7.071028844333632e-01 -7.071106779182574e-01 0.000000000000000e+00
-7.071067811865476e-01 -7.071067811865476e-01 -0.000000000000000e+00
-7.071067811865468e-01 -7.071067811865481e-01 -0.000000000000000e+00
7.071067811865483e-01 -7.071067811865469e-01 -0.000000000000000e+00
7.071067811865479e-01 -7.071067811865471e-01 -0.000000000000000e+00
7.070984129104090e-01 -7.071151493636526e-01 -0.000000000000000e+00
-7.071106779182577e-01 -7.071028844333631e-01 0.000000000000000e+00
-7.071262642008829e-01 -7.070872976353791e-01 0.000000000000000e+00
-7.071106779182577e-01 -7.071028844333631e-01 0.000000000000000e+00
-7.071067811865481e-01 -7.071067811865468e-01 0.000000000000000e+00
-7.071106779182561e-01 -7.071028844333648e-01 0.000000000000000e+00
-7.071106779182574e-01 -7.071028844333632e-01 0.000000000000000e+00
-7.071151493636502e-01 7.070984129104116e-01 -0.000000000000000e+00
-7.071067811865481e-01 -7.071067811865468e-01 0.000000000000000e+00
-7.071067811865476e-01 -7.071067811865476e-01 0.000000000000000e+00
-7.071067811865476e-01 -7.071067811865476e-01 0.000000000000000e+00
7.070984129104116e-01 -7.071151493636502e-01 -0.000000000000000e+00
-7.071067811865468e-01 -7.071067811865481e-01 0.000000000000000e+00
-7.071106778753102e-01 -7.071028844763111e-01 -0.000000000000000e+00
-7.071028844333631e-01 -7.071106779182577e-01 -0.000000000000000e+00
-7.071067811865476e-01 -7.071067811865476e-01 -0.000000000000000e+00
-7.071028844333634e-01 -7.071106779182573e-01 -0.000000000000000e+00
-7.071028844333632e-01 -7.071106779182574e-01 -0.000000000000000e+00
-7.071106779182577e-01 -7.071028844333631e-01 -0.000000000000000e+00
-7.071067811865476e-01 -7.071067811865476e-01 -0.000000000000000e+00
-7.071106779182573e-01 -7.071028844333634e-01 -0.000000000000000e+00
-7.071106779182574e-01 -7.071028844333632e-01 -0.000000000000000e+00
-7.071028844333634e-01 -7.071106779182573e-01 -0.000000000000000e+00
-7.071106779182573e-01 -7.071028844333634e-01 -0.000000000000000e+00
-7.071028844763111e-01 -7.071106778753102e-01 -0.000000000000000e+00
0.000000000000000e+00 0.000000000000000e+00 1.000000000000000e+00
0.000000000000000e+00 0.000000000000000e+00 1.000000000000000e+00
0.000000000000000e+00 0.000000000000000e+00 1.000000000000000e+00
0.000000000000000e+00 0.000000000000000e+00 1.000000000000000e+00
0.000000000000000e+00 0.000000000000000e+00 1.000000000000000e+00
0.000000000000000e+00 0.000000000000000e+00 1.000000000000000e+00
0.000000000000000e+00 0.000000000000000e+00 1.000000000000000e+00
0.000000000000000e+00 0.000000000000000e+00 1.000000000000000e+00
0.000000000000000e+00 0.000000000000000e+00 1.000000000000000e+00
0.000000000000000e+00 0.000000000000000e+00 1.000000000000000e+00
0.000000000000000e+00 0.000000000000000e+00 1.000000000000000e+00
0.000000000000000e+00 0.000000000000000e+00 1.000000000000000e+00
0.000000000000000e+00 0.000000000000000e+00 1.000000000000000e+00
0.000000000000000e+00 0.000000000000000e+00 1.000000000000000e+00
0.000000000000000e+00 0.000000000000000e+00 1.000000000000000e+00
0.000000000000000e+00 0.000000000000000e+00 1.000000000000000e+00
0.000000000000000e+00 0.000000000000000e+00 1.000000000000000e+00
0.000000000000000e+00 0.000000000000000e+00 1.000000000000000e+00
0.000000000000000e+00 0.000000000000000e+00 1.000000000000000e+00
0.000000000000000e+00 0.000000000000000e+00 1.000000000000000e+00
0.000000000000000e+00 0.000000000000000e+00 1.000000000000000e+00
0.000000000000000e+00 0.000000000000000e+00 1.000000000000000e+00
0.000000000000000e+00 0.000000000000000e+00 1.000000000000000e+00
0.000000000000000e+00 0.000000000000000e+00 1.000000000000000e+00
0.000000000000000e+00 0.000000000000000e+00 1.000000000000000e+00
0.000000000000000e+00 0.000000000000000e+00 1.000000000000000e+00
0.000000000000000e+00 0.000000000000000e+00 1.000000000000000e+00
0.000000000000000e+00 0.000000000000000e+00 1.000000000000000e+00
0.000000000000000e+00 0.000000000000000e+00 1.000000000000000e+00
0.000000000000000e+00 0.000000000000000e+00 1.000000000000000e+00
0.000000000000000e+00 0.000000000000000e+00 1.000000000000000e+00
0.000000000000000e+00 0.000000000000000e+00 1.000000000000000e+00
0.000000000000000e+00 0.000000000000000e+00 1.000000000000000e+00
0.000000000000000e+00 0.000000000000000e+00 1.000000000000000e+00
0.000000000000000e+00 0.000000000000000e+00 1.000000000000000e+00
0.000000000000000e+00 0.000000000000000e+00 1.000000000000000e+00
0.000000000000000e+00 0.000000000000000e+00 1.000000000000000e+00
0.000000000000000e+00 0.000000000000000e+00 1.000000000000000e+00
0.000000000000000e+00 0.000000000000000e+00 1.000000000000000e+00
0.000000000000000e+00 0.000000000000000e+00 1.000000000000000e+00
0.000000000000000e+00 0.000000000000000e+00 1.000000000000000e+00
0.000000000000000e+00 0.000000000000000e+00 1.000000000000000e+00
0.000000000000000e+00 0.000000000000000e+00 1.000000000000000e+00
0.000000000000000e+00 0.000000000000000e+00 1.000000000000000e+00
0.000000000000000e+00 0.000000000000000e+00 1.000000000000000e+00
0.000000000000000e+00 0.000000000000000e+00 1.000000000000000e+00
0.000000000000000e+00 0.000000000000000e+00 1.000000000000000e+00
0.000000000000000e+00 0.000000000000000e+00 1.000000000000000e+00
0.000000000000000e+00 0.000000000000000e+00 1.000000000000000e+00
0.000000000000000e+00 0.000000000000000e+00 1.000000000000000e+00
0.000000000000000e+00 0.000000000000000e+00 1.000000000000000e+00
0.000000000000000e+00 0.000000000000000e+00 1.000000000000000e+00
0.000000000000000e+00 0.000000000000000e+00 1.000000000000000e+00
0.000000000000000e+00 0.000000000000000e+00 1.000000000000000e+00
0.000000000000000e+00 0.000000000000000e+00 1.000000000000000e+00
0.000000000000000e+00 0.000000000000000e+00 1.000000000000000e+00
0.000000000000000e+00 0.000000000000000e+00 1.000000000000000e+00
0.000000000000000e+00 0.000000000000000e+00 1.000000000000000e+00
0.000000000000000e+00 0.000000000000000e+00 1.000000000000000e+00
0.000000000000000e+00 0.000000000000000e+00 1.000000000000000e+00
0.000000000000000e+00 0.000000000000000e+00 1.000000000000000e+00
0.000000000000000e+00 0.000000000000000e+00 1.000000000000000e+00
0.000000000000000e+00 0.000000000000000e+00 1.000000000000000e+00
0.000000000000000e+00 0.000000000000000e+00 1.000000000000000e+00
0.000000000000000e+00 0.000000000000000e+00 1.000000000000000e+00
0.000000000000000e+00 0.000000000000000e+00 1.000000000000000e+00
0.000000000000000e+00 0.000000000000000e+00 1.000000000000000e+00
0.000000000000000e+00 0.000000000000000e+00 1.000000000000000e+00
0.000000000000000e+00 0.000000000000000e+00 1.000000000000000e+00
0.000000000000000e+00 0.000000000000000e+00 1.000000000000000e+00
0.000000000000000e+00 0.000000000000000e+00 1.000000000000000e+00
0.000000000000000e+00 0.000000000000000e+00 1.000000000000000e+00
0.000000000000000e+00 0.000000000000000e+00 1.000000000000000e+00
0.000000000000000e+00 0.000000000000000e+00 1.000000000000000e+00
0.000000000000000e+00 0.000000000000000e+00 1.000000000000000e+00
0.000000000000000e+00 0.000000000000000e+00 1.000000000000000e+00
0.000000000000000e+00 0.000000000000000e+00 1.000000000000000e+00
0.000000000000000e+00 0.000000000000000e+00 1.000000000000000e+00
0.000000000000000e+00 0.000000000000000e+00 1.000000000000000e+00
0.000000000000000e+00 0.000000000000000e+00 1.000000000000000e+00
0.000000000000000e+00 0.000000000000000e+00 1.000000000000000e+00
0.000000000000000e+00 0.000000000000000e+00 1.000000000000000e+00
0.000000000000000e+00 0.000000000000000e+00 1.000000000000000e+00
0.000000000000000e+00 0.000000000000000e+00 1.000000000000000e+00
0.000000000000000e+00 0.000000000000000e+00 1.000000000000000e+00
0.000000000000000e+00 0.000000000000000e+00 1.000000000000000e+00
0.000000000000000e+00 0.000000000000000e+00 1.000000000000000e+00
0.000000000000000e+00 0.000000000000000e+00 1.000000000000000e+00
0.000000000000000e+00 0.000000000000000e+00 1.000000000000000e+00
0.000000000000000e+00 0.000000000000000e+00 1.000000000000000e+00
0.000000000000000e+00 0.000000000000000e+00 1.000000000000000e+00
0.000000000000000e+00 0.000000000000000e+00 1.000000000000000e+00
0.000000000000000e+00 0.000000000000000e+00 1.000000000000000e+00
0.000000000000000e+00 0.000000000000000e+00 1.000000000000000e+00
0.000000000000000e+00 0.000000000000000e+00 1.000000000000000e+00
0.000000000000000e+00 0.000000000000000e+00 1.000000000000000e+00
0.000000000000000e+00 0.000000000000000e+00 1.000000000000000e+00
0.000000000000000e+00 0.000000000000000e+00 1.000000000000000e+00
0.000000000000000e+00 0.000000000000000e+00 1.000000000000000e+00
0.000000000000000e+00 0.000000000000000e+00 1.000000000000000e+00
0.000000000000000e+00 0.000000000000000e+00 1.000000000000000e+00
0.000000000000000e+00 0.000000000000000e+00 1.000000000000000e+00
0.000000000000000e+00 0.000000000000000e+00 1.000000000000000e+00
0.000000000000000e+00 0.000000000000000e+00 1.000000000000000e+00
0.000000000000000e+00 0.000000000000000e+00 1.000000000000000e+00
0.000000000000000e+00 0.000000000000000e+00 1.000000000000000e+00
0.000000000000000e+00 0.000000000000000e+00 1.000000000000000e+00
0.000000000000000e+00 0.000000000000000e+00 1.000000000000000e+00
0.000000000000000e+00 0.000000000000000e+00 1.000000000000000e+00
0.000000000000000e+00 0.000000000000000e+00 1.000000000000000e+00
0.000000000000000e+00 0.000000000000000e+00 1.000000000000000e+00
0.000000000000000e+00 0.000000000000000e+00 1.000000000000000e+00
0.000000000000000e+00 0.000000000000000e+00 1.000000000000000e+00
0.000000000000000e+00 0.000000000000000e+00 1.000000000000000e+00
0.000000000000000e+00 0.000000000000000e+00 1.000000000000000e+00
0.000000000000000e+00 0.000000000000000e+00 1.000000000000000e+00
0.000000000000000e+00 0.000000000000000e+00 1.000000000000000e+00
0.000000000000000e+00 0.000000000000000e+00 1.000000000000000e+00
0.000000000000000e+00 0.000000000000000e+00 1.000000000000000e+00
0.000000000000000e+00 0.000000000000000e+00 1.000000000000000e+00
0.000000000000000e+00 0.000000000000000e+00 1.000000000000000e+00
0.000000000000000e+00 0.000000000000000e+00 1.000000000000000e+00
0.000000000000000e+00 0.000000000000000e+00 1.000000000000000e+00
0.000000000000000e+00 0.000000000000000e+00 1.000000000000000e+00
0.000000000000000e+00 0.000000000000000e+00 1.000000000000000e+00
0.000000000000000e+00 0.000000000000000e+00 1.000000000000000e+00
0.000000000000000e+00 0.000000000000000e+00 1.000000000000000e+00
0.000000000000000e+00 0.000000000000000e+00 1.000000000000000e+00
0.000000000000000e+00 0.000000000000000e+00 1.000000000000000e+00
0.000000000000000e+00 0.000000000000000e+00 1.000000000000000e+00
0.000000000000000e+00 0.000000000000000e+00 1.000000000000000e+00
0.000000000000000e+00 0.000000000000000e+00 1.000000000000000e+00
0.000000000000000e+00 0.000000000000000e+00 1.000000000000000e+00
0.000000000000000e+00 0.000000000000000e+00 1.000000000000000e+00
0.000000000000000e+00 0.000000000000000e+00 1.000000000000000e+00
0.000000000000000e+00 0.000000000000000e+00 1.000000000000000e+00
0.000000000000000e+00 0.000000000000000e+00 1.000000000000000e+00
0.000000000000000e+00 0.000000000000000e+00 1.000000000000000e+00
0.000000000000000e+00 0.000000000000000e+00 1.000000000000000e+00
0.000000000000000e+00 0.000000000000000e+00 1.000000000000000e+00
0.000000000000000e+00 0.000000000000000e+00 1.000000000000000e+00
0.000000000000000e+00 0.000000000000000e+00 1.000000000000000e+00
0.000000000000000e+00 0.000000000000000e+00 1.000000000000000e+00
0.000000000000000e+00 0.000000000000000e+00 1.000000000000000e+00
0.000000000000000e+00 0.000000000000000e+00 1.000000000000000e+00
0.000000000000000e+00 0.000000000000000e+00 1.000000000000000e+00
0.000000000000000e+00 0.000000000000000e+00 1.000000000000000e+00
0.000000000000000e+00 0.000000000000000e+00 1.000000000000000e+00
0.000000000000000e+00 0.000000000000000e+00 1.000000000000000e+00
0.000000000000000e+00 0.000000000000000e+00 1.000000000000000e+00
0.000000000000000e+00 0.000000000000000e+00 1.000000000000000e+00
0.000000000000000e+00 0.000000000000000e+00 1.000000000000000e+00
0.000000000000000e+00 0.000000000000000e+00 1.000000000000000e+00
0.000000000000000e+00 0.000000000000000e+00 1.000000000000000e+00
0.000000000000000e+00 0.000000000000000e+00 1.000000000000000e+00
0.000000000000000e+00 0.000000000000000e+00 1.000000000000000e+00
0.000000000000000e+00 0.000000000000000e+00 1.000000000000000e+00
0.000000000000000e+00 0.000000000000000e+00 1.000000000000000e+00
0.000000000000000e+00 0.000000000000000e+00 1.000000000000000e+00
0.000000000000000e+00 0.000000000000000e+00 1.000000000000000e+00
0.000000000000000e+00 0.000000000000000e+00 1.000000000000000e+00
0.000000000000000e+00 0.000000000000000e+00 1.000000000000000e+00
0.000000000000000e+00 0.000000000000000e+00 1.000000000000000e+00
0.000000000000000e+00 0.000000000000000e+00 1.000000000000000e+00
0.000000000000000e+00 0.000000000000000e+00 1.000000000000000e+00
0.000000000000000e+00 0.000000000000000e+00 1.000000000000000e+00
0.000000000000000e+00 0.000000000000000e+00 1.000000000000000e+00
0.000000000000000e+00 0.000000000000000e+00 1.000000000000000e+00
0.000000000000000e+00 0.000000000000000e+00 1.000000000000000e+00
0.000000000000000e+00 0.000000000000000e+00 1.000000000000000e+00
0.000000000000000e+00 0.000000000000000e+00 1.000000000000000e+00
0.000000000000000e+00 0.000000000000000e+00 1.000000000000000e+00
0.000000000000000e+00 0.000000000000000e+00 1.000000000000000e+00
0.000000000000000e+00 0.000000000000000e+00 1.000000000000000e+00
0.000000000000000e+00 0.000000000000000e+00 1.000000000000000e+00
0.000000000000000e+00 0.000000000000000e+00 1.000000000000000e+00
0.000000000000000e+00 0.000000000000000e+00 1.000000000000000e+00
0.000000000000000e+00 0.000000000000000e+00 1.000000000000000e+00
0.000000000000000e+00 0.000000000000000e+00 1.000000000000000e+00
0.000000000000000e+00 0.000000000000000e+00 1.000000000000000e+00
0.000000000000000e+00 0.000000000000000e+00 1.000000000000000e+00
0.000000000000000e+00 0.000000000000000e+00 1.000000000000000e+00
0.000000000000000e+00 0.000000000000000e+00 1.000000000000000e+00
0.000000000000000e+00 0.000000000000000e+00 1.000000000000000e+00
0.000000000000000e+00 0.000000000000000e+00 1.000000000000000e+00
0.000000000000000e+00 0.000000000000000e+00 1.000000000000000e+00
0.000000000000000e+00 0.000000000000000e+00 1.000000000000000e+00
0.000000000000000e+00 0.000000000000000e+00 1.000000000000000e+00
0.000000000000000e+00 0.000000000000000e+00 1.000000000000000e+00
0.000000000000000e+00 0.000000000000000e+00 1.000000000000000e+00
0.000000000000000e+00 0.000000000000000e+00 1.000000000000000e+00
0.000000000000000e+00 0.000000000000000e+00 1.000000000000000e+00
0.000000000000000e+00 0.000000000000000e+00 1.000000000000000e+00
0.000000000000000e+00 0.000000000000000e+00 1.000000000000000e+00
0.000000000000000e+00 0.000000000000000e+00 1.000000000000000e+00
0.000000000000000e+00 0.000000000000000e+00 1.000000000000000e+00
0.000000000000000e+00 0.000000000000000e+00 1.000000000000000e+00
0.000000000000000e+00 0.000000000000000e+00 1.000000000000000e+00
0.000000000000000e+00 0.000000000000000e+00 1.000000000000000e+00
0.000000000000000e+00 0.000000000000000e+00 1.000000000000000e+00
0.000000000000000e+00 0.000000000000000e+00 1.000000000000000e+00
0.000000000000000e+00 0.000000000000000e+00 1.000000000000000e+00
0.000000000000000e+00 0.000000000000000e+00 1.000000000000000e+00
0.000000000000000e+00 0.000000000000000e+00 1.000000000000000e+00
0.000000000000000e+00 0.000000000000000e+00 1.000000000000000e+00
0.000000000000000e+00 0.000000000000000e+00 1.000000000000000e+00
0.000000000000000e+00 0.000000000000000e+00 1.000000000000000e+00
0.000000000000000e+00 0.000000000000000e+00 1.000000000000000e+00
0.000000000000000e+00 0.000000000000000e+00 1.000000000000000e+00
0.000000000000000e+00 0.000000000000000e+00 1.000000000000000e+00
0.000000000000000e+00 0.000000000000000e+00 1.000000000000000e+00
0.000000000000000e+00 0.000000000000000e+00 1.000000000000000e+00
0.000000000000000e+00 0.000000000000000e+00 1.000000000000000e+00
0.000000000000000e+00 0.000000000000000e+00 1.000000000000000e+00
0.000000000000000e+00 0.000000000000000e+00 1.000000000000000e+00
0.000000000000000e+00 0.000000000000000e+00 1.000000000000000e+00
0.000000000000000e+00 0.000000000000000e+00 1.000000000000000e+00
0.000000000000000e+00 0.000000000000000e+00 1.000000000000000e+00
0.000000000000000e+00 0.000000000000000e+00 1.000000000000000e+00
0.000000000000000e+00 0.000000000000000e+00 1.000000000000000e+00
0.000000000000000e+00 0.000000000000000e+00 1.000000000000000e+00
0.000000000000000e+00 0.000000000000000e+00 1.000000000000000e+00
0.000000000000000e+00 0.000000000000000e+00 1.000000000000000e+00
0.000000000000000e+00 0.000000000000000e+00 1.000000000000000e+00
0.000000000000000e+00 0.000000000000000e+00 1.000000000000000e+00
0.000000000000000e+00 0.000000000000000e+00 1.000000000000000e+00
0.000000000000000e+00 0.000000000000000e+00 1.000000000000000e+00
0.000000000000000e+00 0.000000000000000e+00 1.000000000000000e+00
0.000000000000000e+00 0.000000000000000e+00 1.000000000000000e+00
0.000000000000000e+00 0.000000000000000e+00 1.000000000000000e+00
0.000000000000000e+00 0.000000000000000e+00 1.000000000000000e+00
0.000000000000000e+00 0.000000000000000e+00 1.000000000000000e+00
0.000000000000000e+00 0.000000000000000e+00 1.000000000000000e+00
0.000000000000000e+00 0.000000000000000e+00 1.000000000000000e+00
0.000000000000000e+00 0.000000000000000e+00 1.000000000000000e+00
0.000000000000000e+00 0.000000000000000e+00 1.000000000000000e+00
0.000000000000000e+00 0.000000000000000e+00 1.000000000000000e+00
0.000000000000000e+00 0.000000000000000e+00 1.000000000000000e+00
0.000000000000000e+00 0.000000000000000e+00 1.000000000000000e+00
0.000000000000000e+00 0.000000000000000e+00 1.000000000000000e+00
0.000000000000000e+00 0.000000000000000e+00 1.000000000000000e+00
0.000000000000000e+00 0.000000000000000e+00 1.000000000000000e+00
0.000000000000000e+00 0.000000000000000e+00 1.000000000000000e+00
0.000000000000000e+00 0.000000000000000e+00 1.000000000000000e+00
0.000000000000000e+00 0.000000000000000e+00 1.000000000000000e+00
0.000000000000000e+00 0.000000000000000e+00 1.000000000000000e+00
0.000000000000000e+00 0.000000000000000e+00 1.000000000000000e+00
0.000000000000000e+00 0.000000000000000e+00 1.000000000000000e+00
0.000000000000000e+00 0.000000000000000e+00 1.000000000000000e+00
0.000000000000000e+00 0.000000000000000e+00 1.000000000000000e+00
0.000000000000000e+00 0.000000000000000e+00 1.000000000000000e+00
0.000000000000000e+00 0.000000000000000e+00 1.000000000000000e+00
0.000000000000000e+00 0.000000000000000e+00 1.000000000000000e+00
0.000000000000000e+00 0.000000000000000e+00 1.000000000000000e+00
0.000000000000000e+00 0.000000000000000e+00 1.000000000000000e+00
0.000000000000000e+00 0.000000000000000e+00 1.000000000000000e+00
0.000000000000000e+00 0.000000000000000e+00 1.000000000000000e+00
0.000000000000000e+00 0.000000000000000e+00 1.000000000000000e+00
0.000000000000000e+00 0.000000000000000e+00 1.000000000000000e+00
0.000000000000000e+00 0.000000000000000e+00 1.000000000000000e+00
0.000000000000000e+00 0.000000000000000e+00 1.000000000000000e+00
0.000000000000000e+00 0.000000000000000e+00 1.000000000000000e+00
0.000000000000000e+00 0.000000000000000e+00 1.000000000000000e+00
0.000000000000000e+00 0.000000000000000e+00 1.000000000000000e+00
0.000000000000000e+00 0.000000000000000e+00 1.000000000000000e+00
0.000000000000000e+00 0.000000000000000e+00 1.000000000000000e+00
0.000000000000000e+00 0.000000000000000e+00 1.000000000000000e+00
0.000000000000000e+00 0.000000000000000e+00 1.000000000000000e+00
0.000000000000000e+00 0.000000000000000e+00 1.000000000000000e+00
0.000000000000000e+00 0.000000000000000e+00 1.000000000000000e+00
0.000000000000000e+00 0.000000000000000e+00 1.000000000000000e+00
0.000000000000000e+00 0.000000000000000e+00 1.000000000000000e+00
0.000000000000000e+00 0.000000000000000e+00 1.000000000000000e+00
0.000000000000000e+00 0.000000000000000e+00 1.000000000000000e+00
0.000000000000000e+00 0.000000000000000e+00 1.000000000000000e+00
0.000000000000000e+00 0.000000000000000e+00 1.000000000000000e+00
0.000000000000000e+00 0.000000000000000e+00 1.000000000000000e+00
0.000000000000000e+00 0.000000000000000e+00 1.000000000000000e+00
0.000000000000000e+00 0.000000000000000e+00 1.000000000000000e+00
0.000000000000000e+00 0.000000000000000e+00 1.000000000000000e+00
0.000000000000000e+00 0.000000000000000e+00 1.000000000000000e+00
0.000000000000000e+00 0.000000000000000e+00 1.000000000000000e+00
0.000000000000000e+00 0.000000000000000e+00 1.000000000000000e+00
0.000000000000000e+00 0.000000000000000e+00 1.000000000000000e+00
0.000000000000000e+00 0.000000000000000e+00 1.000000000000000e+00
0.000000000000000e+00 0.000000000000000e+00 1.000000000000000e+00
0.000000000000000e+00 0.000000000000000e+00 1.000000000000000e+00
0.000000000000000e+00 0.000000000000000e+00 1.000000000000000e+00
0.000000000000000e+00 0.000000000000000e+00 1.000000000000000e+00
0.000000000000000e+00 0.000000000000000e+00 1.000000000000000e+00
0.000000000000000e+00 0.000000000000000e+00 1.000000000000000e+00
0.000000000000000e+00 0.000000000000000e+00 1.000000000000000e+00
0.000000000000000e+00 0.000000000000000e+00 1.000000000000000e+00
0.000000000000000e+00 0.000000000000000e+00 1.000000000000000e+00
0.000000000000000e+00 0.000000000000000e+00 1.000000000000000e+00
0.000000000000000e+00 0.000000000000000e+00 1.000000000000000e+00
0.000000000000000e+00 0.000000000000000e+00 1.000000000000000e+00
0.000000000000000e+00 0.000000000000000e+00 1.000000000000000e+00
0.000000000000000e+00 0.000000000000000e+00 1.000000000000000e+00
0.000000000000000e+00 0.000000000000000e+00 1.000000000000000e+00
0.000000000000000e+00 0.000000000000000e+00 1.000000000000000e+00
0.000000000000000e+00 0.000000000000000e+00 1.000000000000000e+00
0.000000000000000e+00 0.000000000000000e+00 1.000000000000000e+00
0.000000000000000e+00 0.000000000000000e+00 1.000000000000000e+00
0.000000000000000e+00 0.000000000000000e+00 1.000000000000000e+00
0.000000000000000e+00 0.000000000000000e+00 1.000000000000000e+00
0.000000000000000e+00 0.000000000000000e+00 1.000000000000000e+00
0.000000000000000e+00 0.000000000000000e+00 1.000000000000000e+00
0.000000000000000e+00 0.000000000000000e+00 1.000000000000000e+00
0.000000000000000e+00 0.000000000000000e+00 1.000000000000000e+00
0.000000000000000e+00 0.000000000000000e+00 1.000000000000000e+00
0.000000000000000e+00 0.000000000000000e+00 1.000000000000000e+00
0.000000000000000e+00 0.000000000000000e+00 1.000000000000000e+00
0.000000000000000e+00 0.000000000000000e+00 1.000000000000000e+00
0.000000000000000e+00 0.000000000000000e+00 1.000000000000000e+00
0.000000000000000e+00 0.000000000000000e+00 1.000000000000000e+00
0.000000000000000e+00 0.000000000000000e+00 1.000000000000000e+00
0.000000000000000e+00 0.000000000000000e+00 1.000000000000000e+00
0.000000000000000e+00 0.000000000000000e+00 1.000000000000000e+00
0.000000000000000e+00 0.000000000000000e+00 1.000000000000000e+00
0.000000000000000e+00 0.000000000000000e+00 1.000000000000000e+00
0.000000000000000e+00 0.000000000000000e+00 1.000000000000000e+00
0.000000000000000e+00 0.000000000000000e+00 1.000000000000000e+00
0.000000000000000e+00 0.000000000000000e+00 1.000000000000000e+00
0.000000000000000e+00 0.000000000000000e+00 1.000000000000000e+00
0.000000000000000e+00 0.000000000000000e+00 1.000000000000000e+00
0.000000000000000e+00 0.000000000000000e+00 1.000000000000000e+00
0.000000000000000e+00 0.000000000000000e+00 1.000000000000000e+00
0.000000000000000e+00 0.000000000000000e+00 1.000000000000000e+00
0.000000000000000e+00 0.000000000000000e+00 1.000000000000000e+00
0.000000000000000e+00 0.000000000000000e+00 1.000000000000000e+00
0.000000000000000e+00 0.000000000000000e+00 1.000000000000000e+00
0.000000000000000e+00 0.000000000000000e+00 1.000000000000000e+00
0.000000000000000e+00 0.000000000000000e+00 1.000000000000000e+00
0.000000000000000e+00 0.000000000000000e+00 1.000000000000000e+00
0.000000000000000e+00 0.000000000000000e+00 1.000000000000000e+00
0.000000000000000e+00 0.000000000000000e+00 1.000000000000000e+00
0.000000000000000e+00 0.000000000000000e+00 1.000000000000000e+00
0.000000000000000e+00 0.000000000000000e+00 1.000000000000000e+00
0.000000000000000e+00 0.000000000000000e+00 1.000000000000000e+00
0.000000000000000e+00 0.000000000000000e+00 1.000000000000000e+00
0.000000000000000e+00 0.000000000000000e+00 1.000000000000000e+00
0.000000000000000e+00 0.000000000000000e+00 1.000000000000000e+00
0.000000000000000e+00 0.000000000000000e+00 1.000000000000000e+00
0.000000000000000e+00 0.000000000000000e+00 1.000000000000000e+00
0.000000000000000e+00 0.000000000000000e+00 1.000000000000000e+00
0.000000000000000e+00 0.000000000000000e+00 1.000000000000000e+00
0.000000000000000e+00 0.000000000000000e+00 1.000000000000000e+00
0.000000000000000e+00 0.000000000000000e+00 1.000000000000000e+00
0.000000000000000e+00 0.000000000000000e+00 1.000000000000000e+00
0.000000000000000e+00 0.000000000000000e+00 1.000000000000000e+00
0.000000000000000e+00 0.000000000000000e+00 1.000000000000000e+00
0.000000000000000e+00 0.000000000000000e+00 1.000000000000000e+00
0.000000000000000e+00 0.000000000000000e+00 1.000000000000000e+00
0.000000000000000e+00 0.000000000000000e+00 1.000000000000000e+00
0.000000000000000e+00 0.000000000000000e+00 1.000000000000000e+00
0.000000000000000e+00 0.000000000000000e+00 1.000000000000000e+00
0.000000000000000e+00 0.000000000000000e+00 1.000000000000000e+00
0.000000000000000e+00 0.000000000000000e+00 1.000000000000000e+00
0.000000000000000e+00 0.000000000000000e+00 1.000000000000000e+00
0.000000000000000e+00 0.000000000000000e+00 1.000000000000000e+00
0.000000000000000e+00 0.000000000000000e+00 1.000000000000000e+00
0.000000000000000e+00 0.000000000000000e+00 1.000000000000000e+00
0.000000000000000e+00 0.000000000000000e+00 1.000000000000000e+00
0.000000000000000e+00 0.000000000000000e+00 1.000000000000000e+00
0.000000000000000e+00 0.000000000000000e+00 1.000000000000000e+00
0.000000000000000e+00 0.000000000000000e+00 1.000000000000000e+00
0.000000000000000e+00 0.000000000000000e+00 1.000000000000000e+00
0.000000000000000e+00 0.000000000000000e+00 1.000000000000000e+00
0.000000000000000e+00 0.000000000000000e+00 1.000000000000000e+00
0.000000000000000e+00 0.000000000000000e+00 1.000000000000000e+00
0.000000000000000e+00 0.000000000000000e+00 1.000000000000000e+00
0.000000000000000e+00 0.000000000000000e+00 1.000000000000000e+00
0.000000000000000e+00 0.000000000000000e+00 1.000000000000000e+00
0.000000000000000e+00 0.000000000000000e+00 1.000000000000000e+00
0.000000000000000e+00 0.000000000000000e+00 1.000000000000000e+00
0.000000000000000e+00 0.000000000000000e+00 1.000000000000000e+00
0.000000000000000e+00 0.000000000000000e+00 1.000000000000000e+00
0.000000000000000e+00 0.000000000000000e+00 1.000000000000000e+00
0.000000000000000e+00 0.000000000000000e+00 1.000000000000000e+00
0.000000000000000e+00 0.000000000000000e+00 1.000000000000000e+00
0.000000000000000e+00 0.000000000000000e+00 1.000000000000000e+00
0.000000000000000e+00 0.000000000000000e+00 1.000000000000000e+00
0.000000000000000e+00 0.000000000000000e+00 1.000000000000000e+00
0.000000000000000e+00 0.000000000000000e+00 1.000000000000000e+00
0.000000000000000e+00 0.000000000000000e+00 1.000000000000000e+00
0.000000000000000e+00 0.000000000000000e+00 1.000000000000000e+00
0.000000000000000e+00 0.000000000000000e+00 1.000000000000000e+00
0.000000000000000e+00 0.000000000000000e+00 1.000000000000000e+00
0.000000000000000e+00 0.000000000000000e+00 1.000000000000000e+00
0.000000000000000e+00 0.000000000000000e+00 1.000000000000000e+00
0.000000000000000e+00 0.000000000000000e+00 1.000000000000000e+00
0.000000000000000e+00 0.000000000000000e+00 1.000000000000000e+00
0.000000000000000e+00 0.000000000000000e+00 1.000000000000000e+00
0.000000000000000e+00 0.000000000000000e+00 1.000000000000000e+00
0.000000000000000e+00 0.000000000000000e+00 1.000000000000000e+00
0.000000000000000e+00 0.000000000000000e+00 1.000000000000000e+00
0.000000000000000e+00 0.000000000000000e+00 1.000000000000000e+00
0.000000000000000e+00 0.000000000000000e+00 1.000000000000000e+00
0.000000000000000e+00 0.000000000000000e+00 1.000000000000000e+00
0.000000000000000e+00 0.000000000000000e+00 1.000000000000000e+00
0.000000000000000e+00 0.000000000000000e+00 1.000000000000000e+00
0.000000000000000e+00 0.000000000000000e+00 1.000000000000000e+00
0.000000000000000e+00 0.000000000000000e+00 1.000000000000000e+00
0.000000000000000e+00 0.000000000000000e+00 1.000000000000000e+00
0.000000000000000e+00 0.000000000000000e+00 1.000000000000000e+00
0.000000000000000e+00 0.000000000000000e+00 1.000000000000000e+00
0.000000000000000e+00 0.000000000000000e+00 1.000000000000000e+00
0.000000000000000e+00 0.000000000000000e+00 1.000000000000000e+00
0.000000000000000e+00 0.000000000000000e+00 1.000000000000000e+00
0.000000000000000e+00 0.000000000000000e+00 1.000000000000000e+00
0.000000000000000e+00 0.000000000000000e+00 1.000000000000000e+00
0.000000000000000e+00 0.000000000000000e+00 1.000000000000000e+00
0.000000000000000e+00 0.000000000000000e+00 1.000000000000000e+00
0.000000000000000e+00 0.000000000000000e+00 1.000000000000000e+00
0.000000000000000e+00 0.000000000000000e+00 1.000000000000000e+00
0.000000000000000e+00 0.000000000000000e+00 1.000000000000000e+00
0.000000000000000e+00 0.000000000000000e+00 1.000000000000000e+00
0.000000000000000e+00 0.000000000000000e+00 1.000000000000000e+00
0.000000000000000e+00 0.000000000000000e+00 1.000000000000000e+00
0.000000000000000e+00 0.000000000000000e+00 1.000000000000000e+00
0.000000000000000e+00 0.000000000000000e+00 1.000000000000000e+00
0.000000000000000e+00 0.000000000000000e+00 1.000000000000000e+00
0.000000000000000e+00 0.000000000000000e+00 1.000000000000000e+00
0.000000000000000e+00 0.000000000000000e+00 1.000000000000000e+00
0.000000000000000e+00 0.000000000000000e+00 1.000000000000000e+00
0.000000000000000e+00 0.000000000000000e+00 1.000000000000000e+00
0.000000000000000e+00 0.000000000000000e+00 1.000000000000000e+00
0.000000000000000e+00 0.000000000000000e+00 1.000000000000000e+00
0.000000000000000e+00 0.000000000000000e+00 1.000000000000000e+00
0.000000000000000e+00 0.000000000000000e+00 1.000000000000000e+00
0.000000000000000e+00 0.000000000000000e+00 1.000000000000000e+00
0.000000000000000e+00 0.000000000000000e+00 1.000000000000000e+00
0.000000000000000e+00 0.000000000000000e+00 1.000000000000000e+00
0.000000000000000e+00 0.000000000000000e+00 1.000000000000000e+00
0.000000000000000e+00 0.000000000000000e+00 1.000000000000000e+00
0.000000000000000e+00 0.000000000000000e+00 1.000000000000000e+00
0.000000000000000e+00 0.000000000000000e+00 1.000000000000000e+00
0.000000000000000e+00 0.000000000000000e+00 1.000000000000000e+00
0.000000000000000e+00 0.000000000000000e+00 1.000000000000000e+00
0.000000000000000e+00 0.000000000000000e+00 1.000000000000000e+00
0.000000000000000e+00 0.000000000000000e+00 1.000000000000000e+00
0.000000000000000e+00 0.000000000000000e+00 1.000000000000000e+00
0.000000000000000e+00 0.000000000000000e+00 1.000000000000000e+00
0.000000000000000e+00 0.000000000000000e+00 1.000000000000000e+00
0.000000000000000e+00 0.000000000000000e+00 1.000000000000000e+00
0.000000000000000e+00 0.000000000000000e+00 1.000000000000000e+00
0.000000000000000e+00 0.000000000000000e+00 1.000000000000000e+00
0.000000000000000e+00 0.000000000000000e+00 1.000000000000000e+00
0.000000000000000e+00 0.000000000000000e+00 1.000000000000000e+00
0.000000000000000e+00 0.000000000000000e+00 1.000000000000000e+00
0.000000000000000e+00 0.000000000000000e+00 1.000000000000000e+00
0.000000000000000e+00 0.000000000000000e+00 1.000000000000000e+00
0.000000000000000e+00 0.000000000000000e+00 1.000000000000000e+00
0.000000000000000e+00 0.000000000000000e+00 1.000000000000000e+00
0.000000000000000e+00 0.000000000000000e+00 1.000000000000000e+00
0.000000000000000e+00 0.000000000000000e+00 1.000000000000000e+00
0.000000000000000e+00 0.000000000000000e+00 1.000000000000000e+00
0.000000000000000e+00 0.000000000000000e+00 1.000000000000000e+00
0.000000000000000e+00 0.000000000000000e+00 1.000000000000000e+00
0.000000000000000e+00 0.000000000000000e+00 1.000000000000000e+00
0.000000000000000e+00 0.000000000000000e+00 1.000000000000000e+00
0.000000000000000e+00 0.000000000000000e+00 1.000000000000000e+00
0.000000000000000e+00 0.000000000000000e+00 1.000000000000000e+00
0.000000000000000e+00 0.000000000000000e+00 1.000000000000000e+00
0.000000000000000e+00 0.000000000000000e+00 1.000000000000000e+00
0.000000000000000e+00 0.000000000000000e+00 1.000000000000000e+00
0.000000000000000e+00 0.000000000000000e+00 1.000000000000000e+00
0.000000000000000e+00 0.000000000000000e+00 1.000000000000000e+00
0.000000000000000e+00 0.000000000000000e+00 1.000000000000000e+00
0.000000000000000e+00 0.000000000000000e+00 1.000000000000000e+00
0.000000000000000e+00 0.000000000000000e+00 1.000000000000000e+00
0.000000000000000e+00 0.000000000000000e+00 1.000000000000000e+00
0.000000000000000e+00 0.000000000000000e+00 1.000000000000000e+00
0.000000000000000e+00 0.000000000000000e+00 1.000000000000000e+00
0.000000000000000e+00 0.000000000000000e+00 1.000000000000000e+00
0.000000000000000e+00 0.000000000000000e+00 1.000000000000000e+00
0.000000000000000e+00 0.000000000000000e+00 1.000000000000000e+00
0.000000000000000e+00 0.000000000000000e+00 1.000000000000000e+00
0.000000000000000e+00 0.000000000000000e+00 1.000000000000000e+00
0.000000000000000e+00 0.000000000000000e+00 1.000000000000000e+00
0.000000000000000e+00 0.000000000000000e+00 1.000000000000000e+00
0.000000000000000e+00 0.000000000000000e+00 1.000000000000000e+00
0.000000000000000e+00 0.000000000000000e+00 1.000000000000000e+00
0.000000000000000e+00 0.000000000000000e+00 1.000000000000000e+00
0.000000000000000e+00 0.000000000000000e+00 1.000000000000000e+00
0.000000000000000e+00 0.000000000000000e+00 1.000000000000000e+00
0.000000000000000e+00 0.000000000000000e+00 1.000000000000000e+00
0.000000000000000e+00 0.000000000000000e+00 1.000000000000000e+00
0.000000000000000e+00 0.000000000000000e+00 1.000000000000000e+00
0.000000000000000e+00 0.000000000000000e+00 1.000000000000000e+00
0.000000000000000e+00 0.000000000000000e+00 1.000000000000000e+00
0.000000000000000e+00 0.000000000000000e+00 1.000000000000000e+00
0.000000000000000e+00 0.000000000000000e+00 1.000000000000000e+00
0.000000000000000e+00 0.000000000000000e+00 1.000000000000000e+00
0.000000000000000e+00 0.000000000000000e+00 1.000000000000000e+00
0.000000000000000e+00 0.000000000000000e+00 1.000000000000000e+00
0.000000000000000e+00 0.000000000000000e+00 1.000000000000000e+00
0.000000000000000e+00 0.000000000000000e+00 1.000000000000000e+00
0.000000000000000e+00 0.000000000000000e+00 1.000000000000000e+00
0.000000000000000e+00 0.000000000000000e+00 1.000000000000000e+00
0.000000000000000e+00 0.000000000000000e+00 1.000000000000000e+00
0.000000000000000e+00 0.000000000000000e+00 1.000000000000000e+00
0.000000000000000e+00 0.000000000000000e+00 1.000000000000000e+00
0.000000000000000e+00 0.000000000000000e+00 1.000000000000000e+00
0.000000000000000e+00 0.000000000000000e+00 1.000000000000000e+00
0.000000000000000e+00 0.000000000000000e+00 1.000000000000000e+00
0.000000000000000e+00 0.000000000000000e+00 1.000000000000000e+00
0.000000000000000e+00 0.000000000000000e+00 1.000000000000000e+00
0.000000000000000e+00 0.000000000000000e+00 1.000000000000000e+00
0.000000000000000e+00 0.000000000000000e+00 1.000000000000000e+00
0.000000000000000e+00 0.000000000000000e+00 1.000000000000000e+00
0.000000000000000e+00 0.000000000000000e+00 1.000000000000000e+00
0.000000000000000e+00 0.000000000000000e+00 1.000000000000000e+00
0.000000000000000e+00 0.000000000000000e+00 1.000000000000000e+00
0.000000000000000e+00 0.000000000000000e+00 1.000000000000000e+00
0.000000000000000e+00 0.000000000000000e+00 1.000000000000000e+00
0.000000000000000e+00 0.000000000000000e+00 1.000000000000000e+00
0.000000000000000e+00 0.000000000000000e+00 1.000000000000000e+00
0.000000000000000e+00 0.000000000000000e+00 1.000000000000000e+00
0.000000000000000e+00 0.000000000000000e+00 1.000000000000000e+00
0.000000000000000e+00 0.000000000000000e+00 1.000000000000000e+00
0.000000000000000e+00 0.000000000000000e+00 1.000000000000000e+00
0.000000000000000e+00 0.000000000000000e+00 1.000000000000000e+00
0.000000000000000e+00 0.000000000000000e+00 1.000000000000000e+00
0.000000000000000e+00 0.000000000000000e+00 1.000000000000000e+00
0.000000000000000e+00 0.000000000000000e+00 1.000000000000000e+00
0.000000000000000e+00 0.000000000000000e+00 1.000000000000000e+00
0.000000000000000e+00 0.000000000000000e+00 1.000000000000000e+00
0.000000000000000e+00 0.000000000000000e+00 1.000000000000000e+00
0.000000000000000e+00 0.000000000000000e+00 1.000000000000000e+00
0.000000000000000e+00 0.000000000000000e+00 1.000000000000000e+00
0.000000000000000e+00 0.000000000000000e+00 1.000000000000000e+00
0.000000000000000e+00 0.000000000000000e+00 1.000000000000000e+00
0.000000000000000e+00 0.000000000000000e+00 1.000000000000000e+00
0.000000000000000e+00 0.000000000000000e+00 1.000000000000000e+00
0.000000000000000e+00 0.000000000000000e+00 1.000000000000000e+00
0.000000000000000e+00 0.000000000000000e+00 1.000000000000000e+00
0.000000000000000e+00 0.000000000000000e+00 1.000000000000000e+00
0.000000000000000e+00 0.000000000000000e+00 1.000000000000000e+00
0.000000000000000e+00 0.000000000000000e+00 1.000000000000000e+00
0.000000000000000e+00 0.000000000000000e+00 1.000000000000000e+00
0.000000000000000e+00 0.000000000000000e+00 1.000000000000000e+00
0.000000000000000e+00 0.000000000000000e+00 1.000000000000000e+00
0.000000000000000e+00 0.000000000000000e+00 1.000000000000000e+00
0.000000000000000e+00 0.000000000000000e+00 1.000000000000000e+00
0.000000000000000e+00 0.000000000000000e+00 1.000000000000000e+00
0.000000000000000e+00 0.000000000000000e+00 1.000000000000000e+00
0.000000000000000e+00 0.000000000000000e+00 1.000000000000000e+00
0.000000000000000e+00 0.000000000000000e+00 1.000000000000000e+00
0.000000000000000e+00 0.000000000000000e+00 1.000000000000000e+00
0.000000000000000e+00 0.000000000000000e+00 1.000000000000000e+00
0.000000000000000e+00 0.000000000000000e+00 1.000000000000000e+00
0.000000000000000e+00 0.000000000000000e+00 1.000000000000000e+00
0.000000000000000e+00 0.000000000000000e+00 1.000000000000000e+00
0.000000000000000e+00 0.000000000000000e+00 1.000000000000000e+00
0.000000000000000e+00 0.000000000000000e+00 1.000000000000000e+00
0.000000000000000e+00 0.000000000000000e+00 1.000000000000000e+00
0.000000000000000e+00 0.000000000000000e+00 1.000000000000000e+00
0.000000000000000e+00 0.000000000000000e+00 1.000000000000000e+00
0.000000000000000e+00 0.000000000000000e+00 1.000000000000000e+00
0.000000000000000e+00 0.000000000000000e+00 1.000000000000000e+00
0.000000000000000e+00 0.000000000000000e+00 1.000000000000000e+00
0.000000000000000e+00 0.000000000000000e+00 1.000000000000000e+00
0.000000000000000e+00 0.000000000000000e+00 1.000000000000000e+00
0.000000000000000e+00 0.000000000000000e+00 1.000000000000000e+00
0.000000000000000e+00 0.000000000000000e+00 1.000000000000000e+00
0.000000000000000e+00 0.000000000000000e+00 1.000000000000000e+00
0.000000000000000e+00 0.000000000000000e+00 1.000000000000000e+00
0.000000000000000e+00 0.000000000000000e+00 1.000000000000000e+00
0.000000000000000e+00 0.000000000000000e+00 1.000000000000000e+00
0.000000000000000e+00 0.000000000000000e+00 1.000000000000000e+00
0.000000000000000e+00 0.000000000000000e+00 1.000000000000000e+00
0.000000000000000e+00 0.000000000000000e+00 1.000000000000000e+00
0.000000000000000e+00 0.000000000000000e+00 1.000000000000000e+00
0.000000000000000e+00 0.000000000000000e+00 1.000000000000000e+00
0.000000000000000e+00 0.000000000000000e+00 1.000000000000000e+00
0.000000000000000e+00 0.000000000000000e+00 1.000000000000000e+00
0.000000000000000e+00 0.000000000000000e+00 1.000000000000000e+00
0.000000000000000e+00 0.000000000000000e+00 1.000000000000000e+00
0.000000000000000e+00 0.000000000000000e+00 1.000000000000000e+00
0.000000000000000e+00 0.000000000000000e+00 1.000000000000000e+00
0.000000000000000e+00 0.000000000000000e+00 1.000000000000000e+00
0.000000000000000e+00 0.000000000000000e+00 1.000000000000000e+00
0.000000000000000e+00 0.000000000000000e+00 1.000000000000000e+00
0.000000000000000e+00 0.000000000000000e+00 1.000000000000000e+00
0.000000000000000e+00 0.000000000000000e+00 1.000000000000000e+00
0.000000000000000e+00 0.000000000000000e+00 1.000000000000000e+00
0.000000000000000e+00 0.000000000000000e+00 1.000000000000000e+00
0.000000000000000e+00 0.000000000000000e+00 1.000000000000000e+00
0.000000000000000e+00 0.000000000000000e+00 1.000000000000000e+00
0.000000000000000e+00 0.000000000000000e+00 1.000000000000000e+00
0.000000000000000e+00 0.000000000000000e+00 1.000000000000000e+00
0.000000000000000e+00 0.000000000000000e+00 1.000000000000000e+00
0.000000000000000e+00 0.000000000000000e+00 1.000000000000000e+00
0.000000000000000e+00 0.000000000000000e+00 1.000000000000000e+00
0.000000000000000e+00 0.000000000000000e+00 1.000000000000000e+00
0.000000000000000e+00 0.000000000000000e+00 1.000000000000000e+00
0.000000000000000e+00 0.000000000000000e+00 1.000000000000000e+00
0.000000000000000e+00 0.000000000000000e+00 1.000000000000000e+00
0.000000000000000e+00 0.000000000000000e+00 1.000000000000000e+00
0.000000000000000e+00 0.000000000000000e+00 1.000000000000000e+00
0.000000000000000e+00 0.000000000000000e+00 1.000000000000000e+00
0.000000000000000e+00 0.000000000000000e+00 1.000000000000000e+00
0.000000000000000e+00 0.000000000000000e+00 1.000000000000000e+00
0.000000000000000e+00 0.000000000000000e+00 1.000000000000000e+00
0.000000000000000e+00 0.000000000000000e+00 1.000000000000000e+00
0.000000000000000e+00 0.000000000000000e+00 1.000000000000000e+00
0.000000000000000e+00 0.000000000000000e+00 1.000000000000000e+00
0.000000000000000e+00 0.000000000000000e+00 1.000000000000000e+00
0.000000000000000e+00 0.000000000000000e+00 1.000000000000000e+00
0.000000000000000e+00 0.000000000000000e+00 1.000000000000000e+00
0.000000000000000e+00 0.000000000000000e+00 1.000000000000000e+00
0.000000000000000e+00 0.000000000000000e+00 1.000000000000000e+00
0.000000000000000e+00 0.000000000000000e+00 1.000000000000000e+00
0.000000000000000e+00 0.000000000000000e+00 1.000000000000000e+00
0.000000000000000e+00 0.000000000000000e+00 1.000000000000000e+00
0.000000000000000e+00 0.000000000000000e+00 1.000000000000000e+00
0.000000000000000e+00 0.000000000000000e+00 1.000000000000000e+00
0.000000000000000e+00 0.000000000000000e+00 1.000000000000000e+00
0.000000000000000e+00 0.000000000000000e+00 1.000000000000000e+00
0.000000000000000e+00 0.000000000000000e+00 1.000000000000000e+00
0.000000000000000e+00 0.000000000000000e+00 1.000000000000000e+00
0.000000000000000e+00 0.000000000000000e+00 1.000000000000000e+00
0.000000000000000e+00 0.000000000000000e+00 1.000000000000000e+00
0.000000000000000e+00 0.000000000000000e+00 1.000000000000000e+00
0.000000000000000e+00 0.000000000000000e+00 1.000000000000000e+00
0.000000000000000e+00 0.000000000000000e+00 1.000000000000000e+00
0.000000000000000e+00 0.000000000000000e+00 1.000000000000000e+00
0.000000000000000e+00 0.000000000000000e+00 1.000000000000000e+00
0.000000000000000e+00 0.000000000000000e+00 1.000000000000000e+00
0.000000000000000e+00 0.000000000000000e+00 1.000000000000000e+00
0.000000000000000e+00 0.000000000000000e+00 1.000000000000000e+00
0.000000000000000e+00 0.000000000000000e+00 1.000000000000000e+00
0.000000000000000e+00 0.000000000000000e+00 1.000000000000000e+00
0.000000000000000e+00 0.000000000000000e+00 1.000000000000000e+00
0.000000000000000e+00 0.000000000000000e+00 1.000000000000000e+00
0.000000000000000e+00 0.000000000000000e+00 1.000000000000000e+00
0.000000000000000e+00 0.000000000000000e+00 1.000000000000000e+00
0.000000000000000e+00 0.000000000000000e+00 1.000000000000000e+00
0.000000000000000e+00 0.000000000000000e+00 1.000000000000000e+00
0.000000000000000e+00 0.000000000000000e+00 1.000000000000000e+00
0.000000000000000e+00 0.000000000000000e+00 1.000000000000000e+00
0.000000000000000e+00 0.000000000000000e+00 1.000000000000000e+00
0.000000000000000e+00 0.000000000000000e+00 1.000000000000000e+00
0.000000000000000e+00 0.000000000000000e+00 1.000000000000000e+00
