face_id,parent_element_id,local_face_id,adjacent_element_count,boundary_group_id,material_id,area,cx,cy,cz,nx,ny,nz,node_ids
1,0,-1,0,102,102,1.283130107276732e-03,8.738735000000001e-03,9.646044999999999e-03,0.000000000000000e+00,-7.071067811865476e-01,-7.071067811865476e-01,0.000000000000000e+00,1694 27
2,0,-1,0,102,102,1.283123036228404e-03,6.924125000000000e-03,1.146065000000000e-02,0.000000000000000e+00,-7.071028844333634e-01,-7.071106779182573e-01,0.000000000000000e+00,28 31
3,0,-1,0,102,102,1.283123036228406e-03,6.016815000000000e-03,1.236795000000000e-02,0.000000000000000e+00,-7.071028844333640e-01,-7.071106779182567e-01,0.000000000000000e+00,31 38
4,0,-1,0,102,102,1.283115965141109e-03,5.109510000000000e-03,1.327525000000000e-02,0.000000000000000e+00,-7.071067811865476e-01,-7.071067811865476e-01,0.000000000000000e+00,38 50
5,0,-1,0,102,102,1.283123036228405e-03,4.202205000000001e-03,1.418255000000000e-02,0.000000000000000e+00,-7.071028844333631e-01,-7.071106779182577e-01,0.000000000000000e+00,50 56
6,0,-1,0,102,102,1.283123036228404e-03,3.294895000000000e-03,1.508985000000000e-02,0.000000000000000e+00,-7.071028844333634e-01,-7.071106779182573e-01,0.000000000000000e+00,56 58
7,0,-1,0,102,102,1.408125373004833e-03,2.343395000000000e-03,1.604135000000000e-02,0.000000000000000e+00,-7.071103319978190e-01,-7.071032303574452e-01,0.000000000000000e+00,58 67
8,0,-1,0,102,102,1.024633081888341e-03,1.836825000000000e-03,1.725505000000000e-02,0.000000000000000e+00,-7.070823817876221e-01,-7.071311797435774e-01,0.000000000000000e+00,69 83
9,0,-1,0,102,102,1.441300000000000e-03,7.500000000000000e-04,1.906255000000000e-02,0.000000000000000e+00,-1.000000000000000e+00,0.000000000000000e+00,0.000000000000000e+00,80 85
10,0,-1,0,102,102,1.355599999999998e-03,3.250000000000000e-03,1.934810000000000e-02,0.000000000000000e+00,-1.000000000000000e+00,-0.000000000000000e+00,-0.000000000000000e+00,116 101
11,0,-1,0,102,102,1.441300000000000e-03,7.500000000000000e-04,2.194505000000000e-02,0.000000000000000e+00,-1.000000000000000e+00,0.000000000000000e+00,0.000000000000000e+00,105 122
12,0,-1,0,102,102,1.283123036228405e-03,4.155365000000000e-03,1.776495000000000e-02,0.000000000000000e+00,-7.071028844333632e-01,-7.071106779182574e-01,-0.000000000000000e+00,119 113
13,0,-1,0,102,102,1.441300000000000e-03,7.500000000000000e-04,2.338635000000000e-02,0.000000000000000e+00,-1.000000000000000e+00,0.000000000000000e+00,0.000000000000000e+00,122 125
14,0,-1,0,102,102,1.441300000000000e-03,7.500000000000000e-04,2.482765000000000e-02,0.000000000000000e+00,-1.000000000000000e+00,0.000000000000000e+00,0.000000000000000e+00,125 137
15,0,-1,0,102,102,1.441300000000000e-03,7.500000000000000e-04,2.626895000000000e-02,0.000000000000000e+00,-1.000000000000000e+00,0.000000000000000e+00,0.000000000000000e+00,137 142
16,0,-1,0,102,102,1.283123036228405e-03,7.784595000000000e-03,1.413575000000000e-02,0.000000000000000e+00,-7.071028844333631e-01,-7.071106779182577e-01,-0.000000000000000e+00,108 106
17,0,-1,0,102,102,1.283115965141109e-03,1.050655000000000e-02,1.141385000000000e-02,0.000000000000000e+00,-7.071067811865476e-01,-7.071067811865476e-01,-0.000000000000000e+00,109 110
18,0,-1,0,102,102,1.283130107276732e-03,9.646044999999999e-03,8.738735000000001e-03,0.000000000000000e+00,-7.071067811865476e-01,-7.071067811865476e-01,0.000000000000000e+00,1693 1694
19,0,-1,0,102,102,1.283123036228404e-03,1.146065000000000e-02,6.924125000000000e-03,0.000000000000000e+00,-7.071106779182573e-01,-7.071028844333634e-01,0.000000000000000e+00,1698 1695
20,0,-1,0,102,102,1.283123036228406e-03,1.236795000000000e-02,6.016815000000000e-03,0.000000000000000e+00,-7.071106779182567e-01,-7.071028844333640e-01,0.000000000000000e+00,1705 1698
21,0,-1,0,102,102,1.283115965141109e-03,1.327525000000000e-02,5.109510000000000e-03,0.000000000000000e+00,-7.071067811865476e-01,-7.071067811865476e-01,0.000000000000000e+00,1717 1705
22,0,-1,0,102,102,1.283123036228405e-03,1.418255000000000e-02,4.202205000000001e-03,0.000000000000000e+00,-7.071106779182577e-01,-7.071028844333631e-01,0.000000000000000e+00,1723 1717
23,0,-1,0,102,102,1.283123036228404e-03,1.508985000000000e-02,3.294895000000000e-03,0.000000000000000e+00,-7.071106779182573e-01,-7.071028844333634e-01,0.000000000000000e+00,1725 1723
24,0,-1,0,102,102,1.408125373004833e-03,1.604135000000000e-02,2.343395000000000e-03,0.000000000000000e+00,-7.071032303574452e-01,-7.071103319978190e-01,0.000000000000000e+00,1733 1725
25,0,-1,0,102,102,5.000305615659898e-04,1.671600000000000e-02,2.022325000000000e-03,0.000000000000000e+00,7.070567824749673e-01,-7.071567763630262e-01,0.000000000000000e+00,1735 1733
26,0,-1,0,102,102,1.024633081888341e-03,1.725505000000000e-02,1.836825000000000e-03,0.000000000000000e+00,-7.071311797435774e-01,-7.070823817876221e-01,0.000000000000000e+00,1748 1735
27,0,-1,0,102,102,1.441300000000000e-03,1.906255000000000e-02,7.500000000000000e-04,0.000000000000000e+00,-0.000000000000000e+00,-1.000000000000000e+00,0.000000000000000e+00,1750 1745
28,0,-1,0,102,102,1.441300000000000e-03,2.194505000000000e-02,7.500000000000000e-04,0.000000000000000e+00,-0.000000000000000e+00,-1.000000000000000e+00,0.000000000000000e+00,1787 1771
29,0,-1,0,102,102,1.283123036228405e-03,1.776495000000000e-02,4.155365000000000e-03,0.000000000000000e+00,-7.071106779182574e-01,-7.071028844333632e-01,-0.000000000000000e+00,1778 1784
30,0,-1,0,102,102,1.441300000000000e-03,2.338635000000000e-02,7.500000000000000e-04,0.000000000000000e+00,-0.000000000000000e+00,-1.000000000000000e+00,0.000000000000000e+00,1790 1787
31,0,-1,0,102,102,1.441300000000000e-03,2.482765000000000e-02,7.500000000000000e-04,0.000000000000000e+00,-0.000000000000000e+00,-1.000000000000000e+00,0.000000000000000e+00,1801 1790
32,0,-1,0,102,102,1.441300000000000e-03,2.626895000000000e-02,7.500000000000000e-04,0.000000000000000e+00,-0.000000000000000e+00,-1.000000000000000e+00,0.000000000000000e+00,1806 1801
33,0,-1,0,102,102,1.283123036228405e-03,1.413575000000000e-02,7.784595000000000e-03,0.000000000000000e+00,-7.071106779182577e-01,-7.071028844333631e-01,-0.000000000000000e+00,1772 1774
34,0,-1,0,102,102,1.283115965141109e-03,7.831430000000000e-03,1.055335000000000e-02,0.000000000000000e+00,-7.071067811865472e-01,-7.071067811865479e-01,0.000000000000000e+00,27 28
35,0,-1,0,102,102,5.000305615659898e-04,2.022325000000000e-03,1.671600000000000e-02,0.000000000000000e+00,-7.071567763630262e-01,7.070567824749673e-01,0.000000000000000e+00,67 69
36,0,-1,0,102,102,1.024703792566419e-03,1.112275000000000e-03,1.797960000000000e-02,0.000000000000000e+00,-7.071311780599612e-01,-7.070823834713542e-01,0.000000000000000e+00,83 80
37,0,-1,0,102,102,1.441200000000000e-03,7.500000000000000e-04,2.050380000000000e-02,0.000000000000000e+00,-1.000000000000000e+00,0.000000000000000e+00,0.000000000000000e+00,85 105
38,0,-1,0,102,102,1.355499999999999e-03,3.250000000000000e-03,2.070365000000000e-02,0.000000000000000e+00,-1.000000000000000e+00,-0.000000000000000e+00,-0.000000000000000e+00,128 116
39,0,-1,0,102,102,1.355600000000002e-03,3.250000000000000e-03,2.205920000000000e-02,0.000000000000000e+00,-1.000000000000000e+00,-0.000000000000000e+00,-0.000000000000000e+00,148 128
40,0,-1,0,102,102,1.283123036228407e-03,5.062675000000000e-03,1.685765000000000e-02,0.000000000000000e+00,-7.071028844333648e-01,-7.071106779182561e-01,-0.000000000000000e+00,113 112
41,0,-1,0,102,102,8.356332263020660e-04,1.166665000000000e-03,2.695860000000000e-02,0.000000000000000e+00,7.419523069273899e-02,9.972437353738811e-01,0.000000000000000e+00,142 159
42,0,-1,0,102,102,1.283123036228405e-03,6.877285000000000e-03,1.504305000000000e-02,0.000000000000000e+00,-7.071028844333631e-01,-7.071106779182577e-01,-0.000000000000000e+00,111 108
43,0,-1,0,102,102,1.355599999999998e-03,3.250000000000000e-03,2.341480000000000e-02,0.000000000000000e+00,-1.000000000000000e+00,-0.000000000000000e+00,-0.000000000000000e+00,158 148
44,0,-1,0,102,102,1.355500000000003e-03,3.250000000000000e-03,2.477035000000000e-02,0.000000000000000e+00,-1.000000000000000e+00,-0.000000000000000e+00,-0.000000000000000e+00,169 158
45,0,-1,0,102,102,8.356332263020659e-04,2.833335000000000e-03,2.683470000000000e-02,0.000000000000000e+00,7.419523069273901e-02,9.972437353738810e-01,0.000000000000000e+00,163 180
46,0,-1,0,102,102,1.355599999999998e-03,3.250000000000000e-03,2.612590000000000e-02,0.000000000000000e+00,-1.000000000000000e+00,-0.000000000000000e+00,-0.000000000000000e+00,180 169
47,0,-1,0,102,102,1.283115965141109e-03,1.055335000000000e-02,7.831430000000000e-03,0.000000000000000e+00,-7.071067811865479e-01,-7.071067811865472e-01,0.000000000000000e+00,1695 1693
48,0,-1,0,102,102,1.024703792566419e-03,1.797960000000000e-02,1.112275000000000e-03,0.000000000000000e+00,-7.070823834713542e-01,-7.071311780599612e-01,0.000000000000000e+00,1745 1748
49,0,-1,0,102,102,1.441200000000000e-03,2.050380000000000e-02,7.500000000000000e-04,0.000000000000000e+00,-0.000000000000000e+00,-1.000000000000000e+00,0.000000000000000e+00,1771 1750
50,0,-1,0,102,102,1.355599999999998e-03,1.934810000000000e-02,3.250000000000000e-03,0.000000000000000e+00,0.000000000000000e+00,-1.000000000000000e+00,-0.000000000000000e+00,1767 1781
51,0,-1,0,102,102,1.355499999999999e-03,2.070365000000000e-02,3.250000000000000e-03,0.000000000000000e+00,0.000000000000000e+00,-1.000000000000000e+00,-0.000000000000000e+00,1781 1793
52,0,-1,0,102,102,1.355600000000002e-03,2.205920000000000e-02,3.250000000000000e-03,0.000000000000000e+00,0.000000000000000e+00,-1.000000000000000e+00,-0.000000000000000e+00,1793 1811
53,0,-1,0,102,102,1.283123036228407e-03,1.685765000000000e-02,5.062675000000000e-03,0.000000000000000e+00,-7.071106779182561e-01,-7.071028844333648e-01,-0.000000000000000e+00,1777 1778
54,0,-1,0,102,102,8.356332263020660e-04,2.695860000000000e-02,1.166665000000000e-03,0.000000000000000e+00,9.972437353738811e-01,7.419523069273899e-02,0.000000000000000e+00,1822 1806
55,0,-1,0,102,102,1.283123036228405e-03,1.504305000000000e-02,6.877285000000000e-03,0.000000000000000e+00,-7.071106779182577e-01,-7.071028844333631e-01,-0.000000000000000e+00,1774 1776
56,0,-1,0,102,102,1.355599999999998e-03,2.341480000000000e-02,3.250000000000000e-03,0.000000000000000e+00,0.000000000000000e+00,-1.000000000000000e+00,-0.000000000000000e+00,1811 1821
57,0,-1,0,102,102,1.355500000000003e-03,2.477035000000000e-02,3.250000000000000e-03,0.000000000000000e+00,0.000000000000000e+00,-1.000000000000000e+00,-0.000000000000000e+00,1821 1833
58,0,-1,0,102,102,8.356332263020659e-04,2.683470000000000e-02,2.833335000000000e-03,0.000000000000000e+00,9.972437353738810e-01,7.419523069273901e-02,0.000000000000000e+00,1844 1826
59,0,-1,0,102,102,1.355599999999998e-03,2.612590000000000e-02,3.250000000000000e-03,0.000000000000000e+00,0.000000000000000e+00,-1.000000000000000e+00,-0.000000000000000e+00,1833 1844
60,0,-1,0,102,102,1.283115965141110e-03,8.691900000000001e-03,1.322845000000000e-02,0.000000000000000e+00,-7.071067811865481e-01,-7.071067811865468e-01,-0.000000000000000e+00,106 107
61,0,-1,0,102,102,1.283115965141109e-03,1.141385000000000e-02,1.050655000000000e-02,0.000000000000000e+00,-7.071067811865476e-01,-7.071067811865476e-01,-0.000000000000000e+00,110 1775
62,0,-1,0,102,102,1.283115965141108e-03,5.969980000000000e-03,1.595035000000000e-02,0.000000000000000e+00,-7.071067811865468e-01,-7.071067811865481e-01,-0.000000000000000e+00,112 111
63,0,-1,0,102,102,1.283151320967250e-03,9.599224999999999e-03,1.232115000000000e-02,0.000000000000000e+00,-7.070872976353791e-01,-7.071262642008829e-01,-0.000000000000000e+00,107 109
64,0,-1,0,102,102,1.283115965141110e-03,1.322845000000000e-02,8.691900000000001e-03,0.000000000000000e+00,-7.071067811865468e-01,-7.071067811865481e-01,-0.000000000000000e+00,1773 1772
65,0,-1,0,102,102,1.283115965141108e-03,1.595035000000000e-02,5.969980000000000e-03,0.000000000000000e+00,-7.071067811865481e-01,-7.071067811865468e-01,-0.000000000000000e+00,1776 1777
66,0,-1,0,102,102,1.283151320967250e-03,1.232115000000000e-02,9.599224999999999e-03,0.000000000000000e+00,-7.071262642008829e-01,-7.070872976353791e-01,-0.000000000000000e+00,1775 1773
67,0,-1,0,102,102,6.388073372308739e-04,3.475855000000000e-03,1.844445000000000e-02,0.000000000000000e+00,-7.070989540571739e-01,-7.071146082292818e-01,-0.000000000000000e+00,101 119
68,0,-1,0,102,102,8.356357852557538e-04,2.000000000000000e-03,2.689665000000000e-02,0.000000000000000e+00,7.407533412544690e-02,9.972526484668783e-01,0.000000000000000e+00,159 163
69,0,-1,0,102,102,6.388073372308739e-04,1.844445000000000e-02,3.475855000000000e-03,0.000000000000000e+00,-7.071146082292818e-01,-7.070989540571739e-01,-0.000000000000000e+00,1784 1767
70,0,-1,0,102,102,8.356357852557538e-04,2.689665000000000e-02,2.000000000000000e-03,0.000000000000000e+00,9.972526484668783e-01,7.407533412544690e-02,0.000000000000000e+00,1826 1822
71,0,-1,0,104,104,1.283115965141109e-03,7.909220000000000e-03,1.063115000000000e-02,0.000000000000000e+00,-7.071067811865476e-01,-7.071067811865476e-01,-0.000000000000000e+00,47 48
72,0,-1,0,104,104,1.283115965141110e-03,2.465380000000000e-03,1.607495000000000e-02,0.000000000000000e+00,-7.071067811865481e-01,-7.071067811865468e-01,-0.000000000000000e+00,84 87
73,0,-1,0,104,104,5.975052301026322e-04,2.645470000000000e-03,1.716235000000000e-02,0.000000000000000e+00,-7.071067811865469e-01,7.071067811865483e-01,-0.000000000000000e+00,102 99
74,0,-1,0,104,104,5.975052301026320e-04,3.067970000000000e-03,1.758485000000000e-02,0.000000000000000e+00,-7.071067811865471e-01,7.071067811865479e-01,-0.000000000000000e+00,103 102
75,0,-1,0,104,104,5.974981590766640e-04,3.490465000000000e-03,1.800735000000000e-02,0.000000000000000e+00,-7.071151493636526e-01,7.070984129104090e-01,-0.000000000000000e+00,119 103
76,0,-1,0,104,104,1.283123036228405e-03,7.784595000000000e-03,1.413575000000000e-02,0.000000000000000e+00,-7.071028844333631e-01,-7.071106779182577e-01,0.000000000000000e+00,106 108
77,0,-1,0,104,104,1.283151320967250e-03,9.599224999999999e-03,1.232115000000000e-02,0.000000000000000e+00,-7.070872976353791e-01,-7.071262642008829e-01,0.000000000000000e+00,109 107
78,0,-1,0,104,104,1.283123036228405e-03,6.877285000000000e-03,1.504305000000000e-02,0.000000000000000e+00,-7.071028844333631e-01,-7.071106779182577e-01,0.000000000000000e+00,108 111
79,0,-1,0,104,104,1.283115965141108e-03,5.969980000000000e-03,1.595035000000000e-02,0.000000000000000e+00,-7.071067811865468e-01,-7.071067811865481e-01,0.000000000000000e+00,111 112
80,0,-1,0,104,104,1.283123036228407e-03,5.062675000000000e-03,1.685765000000000e-02,0.000000000000000e+00,-7.071028844333648e-01,-7.071106779182561e-01,0.000000000000000e+00,112 113
81,0,-1,0,104,104,1.283123036228405e-03,4.155365000000000e-03,1.776495000000000e-02,0.000000000000000e+00,-7.071028844333632e-01,-7.071106779182574e-01,0.000000000000000e+00,113 119
82,0,-1,0,104,104,1.283115965141109e-03,1.063115000000000e-02,7.909220000000000e-03,0.000000000000000e+00,-7.071067811865476e-01,-7.071067811865476e-01,-0.000000000000000e+00,1715 1714
83,0,-1,0,104,104,1.283115965141110e-03,1.607495000000000e-02,2.465380000000000e-03,0.000000000000000e+00,-7.071067811865468e-01,-7.071067811865481e-01,-0.000000000000000e+00,1752 1749
84,0,-1,0,104,104,5.975052301026322e-04,1.716235000000000e-02,2.645470000000000e-03,0.000000000000000e+00,7.071067811865483e-01,-7.071067811865469e-01,-0.000000000000000e+00,1765 1768
85,0,-1,0,104,104,5.975052301026320e-04,1.758485000000000e-02,3.067970000000000e-03,0.000000000000000e+00,7.071067811865479e-01,-7.071067811865471e-01,-0.000000000000000e+00,1768 1769
86,0,-1,0,104,104,5.974981590766640e-04,1.800735000000000e-02,3.490465000000000e-03,0.000000000000000e+00,7.070984129104090e-01,-7.071151493636526e-01,-0.000000000000000e+00,1769 1784
87,0,-1,0,104,104,1.283123036228405e-03,1.413575000000000e-02,7.784595000000000e-03,0.000000000000000e+00,-7.071106779182577e-01,-7.071028844333631e-01,0.000000000000000e+00,1774 1772
88,0,-1,0,104,104,1.283151320967250e-03,1.232115000000000e-02,9.599224999999999e-03,0.000000000000000e+00,-7.071262642008829e-01,-7.070872976353791e-01,0.000000000000000e+00,1773 1775
89,0,-1,0,104,104,1.283123036228405e-03,1.504305000000000e-02,6.877285000000000e-03,0.000000000000000e+00,-7.071106779182577e-01,-7.071028844333631e-01,0.000000000000000e+00,1776 1774
90,0,-1,0,104,104,1.283115965141108e-03,1.595035000000000e-02,5.969980000000000e-03,0.000000000000000e+00,-7.071067811865481e-01,-7.071067811865468e-01,0.000000000000000e+00,1777 1776
91,0,-1,0,104,104,1.283123036228407e-03,1.685765000000000e-02,5.062675000000000e-03,0.000000000000000e+00,-7.071106779182561e-01,-7.071028844333648e-01,0.000000000000000e+00,1778 1777
92,0,-1,0,104,104,1.283123036228405e-03,1.776495000000000e-02,4.155365000000000e-03,0.000000000000000e+00,-7.071106779182574e-01,-7.071028844333632e-01,0.000000000000000e+00,1784 1778
93,0,-1,0,104,104,5.974981590766611e-04,2.222975000000000e-03,1.673985000000000e-02,0.000000000000000e+00,-7.071151493636502e-01,7.070984129104116e-01,-0.000000000000000e+00,99 84
94,0,-1,0,104,104,1.283115965141110e-03,8.691900000000001e-03,1.322845000000000e-02,0.000000000000000e+00,-7.071067811865481e-01,-7.071067811865468e-01,0.000000000000000e+00,107 106
95,0,-1,0,104,104,1.283115965141109e-03,1.050655000000000e-02,1.141385000000000e-02,0.000000000000000e+00,-7.071067811865476e-01,-7.071067811865476e-01,0.000000000000000e+00,110 109
96,0,-1,0,104,104,1.283115965141109e-03,1.141385000000000e-02,1.050655000000000e-02,0.000000000000000e+00,-7.071067811865476e-01,-7.071067811865476e-01,0.000000000000000e+00,1775 110
97,0,-1,0,104,104,5.974981590766611e-04,1.673985000000000e-02,2.222975000000000e-03,0.000000000000000e+00,7.070984129104116e-01,-7.071151493636502e-01,-0.000000000000000e+00,1749 1765
98,0,-1,0,104,104,1.283115965141110e-03,1.322845000000000e-02,8.691900000000001e-03,0.000000000000000e+00,-7.071067811865468e-01,-7.071067811865481e-01,0.000000000000000e+00,1772 1773
99,0,-1,0,104,104,1.283137178364029e-03,8.816524999999999e-03,9.723840000000001e-03,0.000000000000000e+00,-7.071106778753102e-01,-7.071028844763111e-01,-0.000000000000000e+00,48 46
100,0,-1,0,104,104,1.283123036228405e-03,6.094604999999999e-03,1.244575000000000e-02,0.000000000000000e+00,-7.071028844333631e-01,-7.071106779182577e-01,-0.000000000000000e+00,53 52
101,0,-1,0,104,104,1.283115965141109e-03,5.187300000000000e-03,1.335305000000000e-02,0.000000000000000e+00,-7.071067811865476e-01,-7.071067811865476e-01,-0.000000000000000e+00,60 53
102,0,-1,0,104,104,1.283123036228404e-03,4.279995000000000e-03,1.426035000000000e-02,0.000000000000000e+00,-7.071028844333634e-01,-7.071106779182573e-01,-0.000000000000000e+00,75 60
103,0,-1,0,104,104,1.283123036228405e-03,3.372685000000000e-03,1.516765000000000e-02,0.000000000000000e+00,-7.071028844333632e-01,-7.071106779182574e-01,-0.000000000000000e+00,87 75
104,0,-1,0,104,104,1.283123036228405e-03,1.244575000000000e-02,6.094604999999999e-03,0.000000000000000e+00,-7.071106779182577e-01,-7.071028844333631e-01,-0.000000000000000e+00,1719 1720
105,0,-1,0,104,104,1.283115965141109e-03,1.335305000000000e-02,5.187300000000000e-03,0.000000000000000e+00,-7.071067811865476e-01,-7.071067811865476e-01,-0.000000000000000e+00,1720 1727
106,0,-1,0,104,104,1.283123036228404e-03,1.426035000000000e-02,4.279995000000000e-03,0.000000000000000e+00,-7.071106779182573e-01,-7.071028844333634e-01,-0.000000000000000e+00,1727 1740
107,0,-1,0,104,104,1.283123036228405e-03,1.516765000000000e-02,3.372685000000000e-03,0.000000000000000e+00,-7.071106779182574e-01,-7.071028844333632e-01,-0.000000000000000e+00,1740 1752
108,0,-1,0,104,104,1.283123036228404e-03,7.001915000000000e-03,1.153845000000000e-02,0.000000000000000e+00,-7.071028844333634e-01,-7.071106779182573e-01,-0.000000000000000e+00,52 47
109,0,-1,0,104,104,1.283123036228404e-03,1.153845000000000e-02,7.001915000000000e-03,0.000000000000000e+00,-7.071106779182573e-01,-7.071028844333634e-01,-0.000000000000000e+00,1714 1719
110,0,-1,0,104,104,1.283137178364029e-03,9.723840000000001e-03,8.816524999999999e-03,0.000000000000000e+00,-7.071028844763111e-01,-7.071106778753102e-01,-0.000000000000000e+00,46 1715
111,0,-1,0,2,2,2.450950249999998e-07,6.793303433828921e-03,2.620936008540293e-02,0.000000000000000e+00,0.000000000000000e+00,0.000000000000000e+00,1.000000000000000e+00,193 197 209
112,0,-1,0,2,2,1.859512555500001e-06,5.687294799094527e-03,2.504228733520143e-02,0.000000000000000e+00,0.000000000000000e+00,0.000000000000000e+00,1.000000000000000e+00,178 156 173
113,0,-1,0,2,2,1.202121430000001e-07,8.378136538188218e-03,2.583020793824663e-02,0.000000000000000e+00,0.000000000000000e+00,0.000000000000000e+00,1.000000000000000e+00,195 221 216
114,0,-1,0,2,2,1.201208724999997e-07,7.495368294998829e-03,2.637730698423218e-02,0.000000000000000e+00,0.000000000000000e+00,0.000000000000000e+00,1.000000000000000e+00,228 209 197
115,0,-1,0,2,2,1.683225248999998e-06,5.934509565563287e-03,2.356530029318661e-02,0.000000000000000e+00,0.000000000000000e+00,0.000000000000000e+00,1.000000000000000e+00,156 157 173
116,0,-1,0,2,2,1.198693484999998e-07,7.884265456882695e-03,2.626347527553792e-02,0.000000000000000e+00,0.000000000000000e+00,0.000000000000000e+00,1.000000000000000e+00,216 228 197
117,0,-1,0,2,2,4.858692675000009e-07,6.809428286549797e-03,2.596242686862006e-02,0.000000000000000e+00,0.000000000000000e+00,0.000000000000000e+00,1.000000000000000e+00,193 173 197
118,0,-1,0,2,2,2.450449154999999e-07,8.222561916282182e-03,2.579652885710020e-02,0.000000000000000e+00,0.000000000000000e+00,0.000000000000000e+00,1.000000000000000e+00,195 216 197
119,0,-1,0,2,2,6.604698039999995e-07,4.501389260365508e-03,2.144507476053142e-02,0.000000000000000e+00,0.000000000000000e+00,0.000000000000000e+00,1.000000000000000e+00,127 141 147
120,0,-1,0,2,2,1.037826996000001e-06,5.182809989110959e-03,2.185459790844687e-02,0.000000000000000e+00,0.000000000000000e+00,0.000000000000000e+00,1.000000000000000e+00,141 156 147
121,0,-1,0,2,2,7.472850000000004e-07,4.178724044100405e-03,2.353268649393728e-02,0.000000000000000e+00,0.000000000000000e+00,0.000000000000000e+00,1.000000000000000e+00,161 148 147
122,0,-1,0,2,2,1.663373196000002e-06,7.263667309058914e-03,2.142006557199580e-02,0.000000000000000e+00,0.000000000000000e+00,0.000000000000000e+00,1.000000000000000e+00,153 170 157
123,0,-1,0,2,2,2.450013649999992e-07,8.652192081114873e-03,2.565589572676519e-02,0.000000000000000e+00,0.000000000000000e+00,0.000000000000000e+00,1.000000000000000e+00,195 196 210
124,0,-1,0,2,2,1.204088229999996e-07,1.022423967041734e-02,2.544414633121788e-02,0.000000000000000e+00,0.000000000000000e+00,0.000000000000000e+00,1.000000000000000e+00,219 218 201
125,0,-1,0,2,2,1.860520611999997e-06,7.357335633512881e-03,2.349120852461986e-02,0.000000000000000e+00,0.000000000000000e+00,0.000000000000000e+00,1.000000000000000e+00,157 177 173
126,0,-1,0,2,2,7.455799999999991e-07,4.007448088200809e-03,1.969645726165526e-02,0.000000000000000e+00,0.000000000000000e+00,0.000000000000000e+00,1.000000000000000e+00,120 116 101
127,0,-1,0,2,2,2.448607900000006e-07,1.046670112768216e-02,2.497067701144307e-02,0.000000000000000e+00,0.000000000000000e+00,0.000000000000000e+00,1.000000000000000e+00,201 217 233
128,0,-1,0,2,2,1.938940009999998e-06,5.747583755871007e-03,1.946599973911244e-02,0.000000000000000e+00,0.000000000000000e+00,0.000000000000000e+00,1.000000000000000e+00,130 155 153
129,0,-1,0,2,2,1.750821669000002e-06,8.984221104977708e-03,1.855668119591408e-02,0.000000000000000e+00,0.000000000000000e+00,0.000000000000000e+00,1.000000000000000e+00,174 187 171
130,0,-1,0,2,2,1.197818049999995e-07,1.059909503286632e-02,2.529026391808586e-02,0.000000000000000e+00,0.000000000000000e+00,0.000000000000000e+00,1.000000000000000e+00,233 219 201
131,0,-1,0,2,2,4.858912919999999e-07,9.432280293495401e-03,2.513018430993966e-02,0.000000000000000e+00,0.000000000000000e+00,0.000000000000000e+00,1.000000000000000e+00,196 177 201
132,0,-1,0,2,2,9.514568120000014e-07,9.463527935966545e-03,2.437352125265178e-02,0.000000000000000e+00,0.000000000000000e+00,0.000000000000000e+00,1.000000000000000e+00,177 194 201
133,0,-1,0,2,2,7.455249999999994e-07,3.421275955899596e-03,2.114407380728894e-02,0.000000000000000e+00,0.000000000000000e+00,0.000000000000000e+00,1.000000000000000e+00,128 116 127
134,0,-1,0,2,2,8.770140450000015e-07,5.070425579572223e-03,1.971765082995328e-02,0.000000000000000e+00,0.000000000000000e+00,0.000000000000000e+00,1.000000000000000e+00,130 141 120
135,0,-1,0,2,2,7.472299999999988e-07,4.178724044100405e-03,2.217448475126353e-02,0.000000000000000e+00,0.000000000000000e+00,0.000000000000000e+00,1.000000000000000e+00,147 128 127
136,0,-1,0,2,2,7.472850000000005e-07,3.592551911799192e-03,1.882736005155993e-02,0.000000000000000e+00,0.000000000000000e+00,0.000000000000000e+00,1.000000000000000e+00,101 114 120
137,0,-1,0,2,2,2.000331139999997e-06,5.070295733266357e-03,1.784526057778771e-02,0.000000000000000e+00,0.000000000000000e+00,0.000000000000000e+00,1.000000000000000e+00,113 155 130
138,0,-1,0,2,2,1.205852100000000e-07,1.196419866480711e-02,2.437687072110976e-02,0.000000000000000e+00,0.000000000000000e+00,0.000000000000000e+00,1.000000000000000e+00,234 253 252
139,0,-1,0,2,2,4.858848195000009e-07,7.600160211322367e-03,2.574357306600986e-02,0.000000000000000e+00,0.000000000000000e+00,0.000000000000000e+00,1.000000000000000e+00,197 173 195
140,0,-1,0,2,2,9.514928784999987e-07,7.685756339518038e-03,2.499109791675943e-02,0.000000000000000e+00,0.000000000000000e+00,0.000000000000000e+00,1.000000000000000e+00,173 177 195
141,0,-1,0,2,2,1.198403230000001e-07,8.800401015395053e-03,2.597090804577229e-02,0.000000000000000e+00,0.000000000000000e+00,0.000000000000000e+00,1.000000000000000e+00,210 221 195
142,0,-1,0,2,2,1.754701500000002e-06,5.485707490462960e-03,1.987287355762266e-02,0.000000000000000e+00,0.000000000000000e+00,0.000000000000000e+00,1.000000000000000e+00,130 153 141
143,0,-1,0,2,2,7.455799999999991e-07,3.421275955899595e-03,2.385620803977567e-02,0.000000000000000e+00,0.000000000000000e+00,0.000000000000000e+00,1.000000000000000e+00,158 148 161
144,0,-1,0,2,2,1.665753368000000e-06,5.598063873027095e-03,2.191376596593946e-02,0.000000000000000e+00,0.000000000000000e+00,0.000000000000000e+00,1.000000000000000e+00,141 157 156
145,0,-1,0,2,2,7.455250000000012e-07,3.421275955899596e-03,2.521220629710193e-02,0.000000000000000e+00,0.000000000000000e+00,0.000000000000000e+00,1.000000000000000e+00,169 158 168
146,0,-1,0,2,2,1.075297482000001e-06,5.236591186355326e-03,2.378848843426523e-02,0.000000000000000e+00,0.000000000000000e+00,0.000000000000000e+00,1.000000000000000e+00,156 178 161
147,0,-1,0,2,2,7.472849999999986e-07,4.178724044100404e-03,2.624902112036765e-02,0.000000000000000e+00,0.000000000000000e+00,0.000000000000000e+00,1.000000000000000e+00,189 169 168
148,0,-1,0,2,2,7.455800000000009e-07,3.421275955899596e-03,2.250012535299086e-02,0.000000000000000e+00,0.000000000000000e+00,0.000000000000000e+00,1.000000000000000e+00,148 128 147
149,0,-1,0,2,2,1.905089861499999e-06,7.693906184529458e-03,1.694913621342629e-02,0.000000000000000e+00,0.000000000000000e+00,0.000000000000000e+00,1.000000000000000e+00,162 174 155
150,0,-1,0,2,2,5.404874999999998e-07,2.335581216812669e-04,2.430366807025781e-02,0.000000000000000e+00,0.000000000000000e+00,0.000000000000000e+00,1.000000000000000e+00,117 125 137
151,0,-1,0,2,2,1.474045996000000e-06,4.237258155165880e-04,1.400937707081653e-02,0.000000000000000e+00,0.000000000000000e+00,0.000000000000000e+00,1.000000000000000e+00,35 43 44
152,0,-1,0,2,2,4.512783570000004e-07,2.567999574860131e-04,1.546876909872688e-02,0.000000000000000e+00,0.000000000000000e+00,0.000000000000000e+00,1.000000000000000e+00,45 44 55
153,0,-1,0,2,2,7.212488000000009e-07,1.321204039159746e-04,1.664264050328622e-02,0.000000000000000e+00,0.000000000000000e+00,0.000000000000000e+00,1.000000000000000e+00,57 45 55
154,0,-1,0,2,2,4.499999999999999e-07,1.167790608406334e-04,1.803524810096603e-02,0.000000000000000e+00,0.000000000000000e+00,0.000000000000000e+00,1.000000000000000e+00,70 57 80
155,0,-1,0,2,2,5.404874999999998e-07,6.332209391593667e-04,1.854422361554176e-02,0.000000000000000e+00,0.000000000000000e+00,0.000000000000000e+00,1.000000000000000e+00,80 85 70
156,0,-1,0,2,2,1.099987500000000e-06,5.164418783187331e-04,1.974690506789073e-02,0.000000000000000e+00,0.000000000000000e+00,0.000000000000000e+00,1.000000000000000e+00,85 88 70
157,0,-1,0,2,2,5.404874999999998e-07,6.332209391593667e-04,2.143463345059603e-02,0.000000000000000e+00,0.000000000000000e+00,0.000000000000000e+00,1.000000000000000e+00,105 122 88
158,0,-1,0,2,2,1.099987500000000e-06,5.164418783187331e-04,2.554364440810782e-02,0.000000000000000e+00,0.000000000000000e+00,0.000000000000000e+00,1.000000000000000e+00,137 129 117
159,0,-1,0,2,2,1.117465000000001e-07,6.155794384591394e-04,2.720095138557141e-02,0.000000000000000e+00,0.000000000000000e+00,0.000000000000000e+00,1.000000000000000e+00,160 149 129
160,0,-1,0,2,2,1.133967251500003e-07,4.696784561333252e-04,2.741696634866186e-02,0.000000000000000e+00,0.000000000000000e+00,0.000000000000000e+00,1.000000000000000e+00,167 149 160
161,0,-1,0,2,2,6.012175459999975e-08,9.891129908047654e-04,2.730924450132429e-02,0.000000000000000e+00,0.000000000000000e+00,0.000000000000000e+00,1.000000000000000e+00,160 172 165
162,0,-1,0,2,2,5.988490344999977e-08,6.191145477799201e-04,2.745327685131256e-02,0.000000000000000e+00,0.000000000000000e+00,0.000000000000000e+00,1.000000000000000e+00,167 160 165
163,0,-1,0,2,2,9.288615440000062e-08,2.559753416110639e-04,2.703501814771074e-02,0.000000000000000e+00,0.000000000000000e+00,0.000000000000000e+00,1.000000000000000e+00,129 142 160
164,0,-1,0,2,2,1.068377225000006e-07,9.021712129568971e-04,2.701820308463524e-02,0.000000000000000e+00,0.000000000000000e+00,0.000000000000000e+00,1.000000000000000e+00,142 159 160
165,0,-1,0,2,2,1.133523039999988e-07,1.408483820893695e-03,2.738475870360182e-02,0.000000000000000e+00,0.000000000000000e+00,0.000000000000000e+00,1.000000000000000e+00,172 160 166
166,0,-1,0,2,2,6.933274645000003e-07,1.194610376366526e-03,1.623496311066471e-02,0.000000000000000e+00,0.000000000000000e+00,0.000000000000000e+00,1.000000000000000e+00,55 54 67
167,0,-1,0,2,2,2.561739274999995e-07,2.031233992676951e-03,1.695055113822105e-02,0.000000000000000e+00,0.000000000000000e+00,0.000000000000000e+00,1.000000000000000e+00,69 83 67
168,0,-1,0,2,2,5.623573590999995e-07,1.101244738697367e-03,1.661458848164545e-02,0.000000000000000e+00,0.000000000000000e+00,0.000000000000000e+00,1.000000000000000e+00,55 67 83
169,0,-1,0,2,2,6.029312399999931e-08,1.972354691681912e-03,2.738951147774294e-02,0.000000000000000e+00,0.000000000000000e+00,0.000000000000000e+00,1.000000000000000e+00,190 166 191
170,0,-1,0,2,2,6.933412080000002e-07,4.424417914901167e-03,1.360802588675922e-02,0.000000000000000e+00,0.000000000000000e+00,0.000000000000000e+00,1.000000000000000e+00,50 49 40
171,0,-1,0,2,2,1.222234048000008e-07,1.140354953848200e-03,2.718053840573647e-02,0.000000000000000e+00,0.000000000000000e+00,0.000000000000000e+00,1.000000000000000e+00,160 159 166
172,0,-1,0,2,2,1.249438065000012e-07,1.785496353073160e-03,2.699832139924509e-02,0.000000000000000e+00,0.000000000000000e+00,0.000000000000000e+00,1.000000000000000e+00,159 179 166
173,0,-1,0,2,2,1.132544145000001e-07,2.345629214297659e-03,2.732044341348176e-02,0.000000000000000e+00,0.000000000000000e+00,0.000000000000000e+00,1.000000000000000e+00,191 166 179
174,0,-1,0,2,2,5.132505370000002e-07,5.260316082994913e-03,1.294828192519992e-02,0.000000000000000e+00,0.000000000000000e+00,0.000000000000000e+00,1.000000000000000e+00,38 50 40
175,0,-1,0,2,2,4.037845630000001e-07,3.382767534209357e-03,1.255835212008189e-02,0.000000000000000e+00,0.000000000000000e+00,0.000000000000000e+00,1.000000000000000e+00,41 34 40
176,0,-1,0,2,2,8.381185710000006e-07,4.653270209737054e-03,1.162711285800011e-02,0.000000000000000e+00,0.000000000000000e+00,0.000000000000000e+00,1.000000000000000e+00,30 38 40
177,0,-1,0,2,2,6.049488400000002e-08,2.918192912321241e-03,2.730491496309044e-02,0.000000000000000e+00,0.000000000000000e+00,0.000000000000000e+00,1.000000000000000e+00,185 179 203
178,0,-1,0,2,2,5.981823899999934e-08,1.567977236670714e-03,2.741554166403941e-02,0.000000000000000e+00,0.000000000000000e+00,0.000000000000000e+00,1.000000000000000e+00,172 166 190
179,0,-1,0,2,2,1.270337443500002e-06,6.018712538719224e-03,1.193004181740132e-02,0.000000000000000e+00,0.000000000000000e+00,0.000000000000000e+00,1.000000000000000e+00,31 38 30
180,0,-1,0,2,2,3.818404370000002e-07,4.441794567947458e-03,1.238863347244579e-02,0.000000000000000e+00,0.000000000000000e+00,0.000000000000000e+00,1.000000000000000e+00,40 34 30
181,0,-1,0,2,2,1.034586813500000e-06,4.448912133346143e-03,8.874765943021333e-03,0.000000000000000e+00,0.000000000000000e+00,0.000000000000000e+00,1.000000000000000e+00,17 22 18
182,0,-1,0,2,2,2.634969383000002e-06,9.855171790838398e-04,7.941070171791525e-03,0.000000000000000e+00,0.000000000000000e+00,0.000000000000000e+00,1.000000000000000e+00,10 12 16
183,0,-1,0,2,2,1.245141987799999e-06,4.183012440028597e-03,8.663914341929918e-03,0.000000000000000e+00,0.000000000000000e+00,0.000000000000000e+00,1.000000000000000e+00,17 18 16
184,0,-1,0,2,2,1.630559000000000e-06,3.626955212671285e-04,9.071980074531817e-03,0.000000000000000e+00,0.000000000000000e+00,0.000000000000000e+00,1.000000000000000e+00,15 10 16
185,0,-1,0,2,2,1.431038597099998e-06,1.902273162260479e-03,9.014213946323750e-03,0.000000000000000e+00,0.000000000000000e+00,0.000000000000000e+00,1.000000000000000e+00,16 19 15
186,0,-1,0,2,2,1.532607999999999e-06,1.319171590410528e-03,1.009499015140852e-02,0.000000000000000e+00,0.000000000000000e+00,0.000000000000000e+00,1.000000000000000e+00,19 20 15
187,0,-1,0,2,2,1.220936974499999e-06,1.492130739884005e-03,1.349769385780394e-02,0.000000000000000e+00,0.000000000000000e+00,0.000000000000000e+00,1.000000000000000e+00,43 35 32
188,0,-1,0,2,2,8.066918530000002e-07,1.549058178418966e-03,1.036095056983771e-02,0.000000000000000e+00,0.000000000000000e+00,0.000000000000000e+00,1.000000000000000e+00,19 26 20
189,0,-1,0,2,2,7.006505197000001e-07,1.147479566149158e-03,1.733240580317319e-02,0.000000000000000e+00,0.000000000000000e+00,0.000000000000000e+00,1.000000000000000e+00,83 57 55
190,0,-1,0,2,2,1.022757856000000e-06,3.440313653137138e-03,1.355325023835542e-02,0.000000000000000e+00,0.000000000000000e+00,0.000000000000000e+00,1.000000000000000e+00,49 41 40
191,0,-1,0,2,2,5.977036750000019e-08,2.769551852520849e-03,2.732054778670164e-02,0.000000000000000e+00,0.000000000000000e+00,0.000000000000000e+00,1.000000000000000e+00,185 191 179
192,0,-1,0,2,2,1.132578380000000e-07,1.883542495500811e-03,2.694762371629881e-02,0.000000000000000e+00,0.000000000000000e+00,0.000000000000000e+00,1.000000000000000e+00,159 163 179
193,0,-1,0,2,2,1.132696459999998e-07,2.587125388365423e-03,2.689534631091208e-02,0.000000000000000e+00,0.000000000000000e+00,0.000000000000000e+00,1.000000000000000e+00,163 180 179
194,0,-1,0,2,2,6.272971993499991e-07,2.365717871950183e-03,9.046624028342385e-03,0.000000000000000e+00,0.000000000000000e+00,0.000000000000000e+00,1.000000000000000e+00,16 18 19
195,0,-1,0,2,2,1.213741277049999e-06,6.499561999636617e-03,1.146862283515366e-02,0.000000000000000e+00,0.000000000000000e+00,0.000000000000000e+00,1.000000000000000e+00,31 23 28
196,0,-1,0,2,2,5.005319205000007e-07,1.484574292554965e-03,1.148257152176230e-02,0.000000000000000e+00,0.000000000000000e+00,0.000000000000000e+00,1.000000000000000e+00,26 33 32
197,0,-1,0,2,2,1.021630589500001e-06,2.894234522942457e-03,1.409960496713368e-02,0.000000000000000e+00,0.000000000000000e+00,0.000000000000000e+00,1.000000000000000e+00,49 54 43
198,0,-1,0,2,2,7.081424999999994e-07,1.696332637771042e-04,1.269500546106242e-02,0.000000000000000e+00,0.000000000000000e+00,0.000000000000000e+00,1.000000000000000e+00,25 32 35
199,0,-1,0,2,2,8.813288404999995e-07,2.862378240345471e-03,1.298227568147484e-02,0.000000000000000e+00,0.000000000000000e+00,0.000000000000000e+00,1.000000000000000e+00,41 49 43
200,0,-1,0,2,2,8.170875000000009e-07,1.696332637771042e-04,1.225903030059072e-02,0.000000000000000e+00,0.000000000000000e+00,0.000000000000000e+00,1.000000000000000e+00,25 20 32
201,0,-1,0,2,2,5.632457545000000e-07,2.566770280670898e-03,1.564181239868637e-02,0.000000000000000e+00,0.000000000000000e+00,0.000000000000000e+00,1.000000000000000e+00,58 67 54
202,0,-1,0,2,2,1.013291431500001e-06,1.186280087760229e-03,1.130058303334825e-02,0.000000000000000e+00,0.000000000000000e+00,0.000000000000000e+00,1.000000000000000e+00,26 32 20
203,0,-1,0,2,2,6.933065155000000e-07,3.037584712759696e-03,1.439198859439574e-02,0.000000000000000e+00,0.000000000000000e+00,0.000000000000000e+00,1.000000000000000e+00,49 58 54
204,0,-1,0,2,2,5.132267309999998e-07,3.537408786837701e-03,1.467118700662785e-02,0.000000000000000e+00,0.000000000000000e+00,0.000000000000000e+00,1.000000000000000e+00,56 58 49
205,0,-1,0,2,2,7.927900674999994e-07,2.081662562046782e-03,1.247027682346618e-02,0.000000000000000e+00,0.000000000000000e+00,0.000000000000000e+00,1.000000000000000e+00,33 41 43
206,0,-1,0,2,2,5.132267310000001e-07,4.303445707249281e-03,1.390515852916213e-02,0.000000000000000e+00,0.000000000000000e+00,0.000000000000000e+00,1.000000000000000e+00,50 56 49
207,0,-1,0,2,2,1.200566645000004e-07,6.516563529557077e-03,2.636156212803189e-02,0.000000000000000e+00,0.000000000000000e+00,0.000000000000000e+00,1.000000000000000e+00,193 230 211
208,0,-1,0,2,2,1.750613777499997e-06,7.265037536026266e-03,1.929473358964876e-02,0.000000000000000e+00,0.000000000000000e+00,0.000000000000000e+00,1.000000000000000e+00,155 171 153
209,0,-1,0,2,2,1.199265400000002e-07,6.958431106889733e-03,2.652374666501611e-02,0.000000000000000e+00,0.000000000000000e+00,0.000000000000000e+00,1.000000000000000e+00,209 230 193
210,0,-1,0,2,2,4.858874759999993e-07,5.617876654168419e-03,2.570229144598980e-02,0.000000000000000e+00,0.000000000000000e+00,0.000000000000000e+00,1.000000000000000e+00,178 193 200
211,0,-1,0,2,2,1.199914414999996e-07,6.024043535957610e-03,2.675140006691404e-02,0.000000000000000e+00,0.000000000000000e+00,0.000000000000000e+00,1.000000000000000e+00,211 231 200
212,0,-1,0,2,2,9.514713960000009e-07,5.868166879686932e-03,2.547918115761840e-02,0.000000000000000e+00,0.000000000000000e+00,0.000000000000000e+00,1.000000000000000e+00,178 173 193
213,0,-1,0,2,2,5.614012530000010e-07,4.478671840396644e-03,1.883503364379757e-02,0.000000000000000e+00,0.000000000000000e+00,0.000000000000000e+00,1.000000000000000e+00,114 130 120
214,0,-1,0,2,2,6.605184180000009e-07,5.019501479268985e-03,2.109327628447317e-02,0.000000000000000e+00,0.000000000000000e+00,0.000000000000000e+00,1.000000000000000e+00,141 127 120
215,0,-1,0,2,2,7.472850000000004e-07,4.178724044100405e-03,2.081635186750689e-02,0.000000000000000e+00,0.000000000000000e+00,0.000000000000000e+00,1.000000000000000e+00,127 116 120
216,0,-1,0,2,2,1.861656830500002e-06,1.012923229417143e-02,2.359435516487749e-02,0.000000000000000e+00,0.000000000000000e+00,0.000000000000000e+00,1.000000000000000e+00,194 177 170
217,0,-1,0,2,2,5.958295919999995e-07,4.657030207492801e-03,1.780818711860618e-02,0.000000000000000e+00,0.000000000000000e+00,0.000000000000000e+00,1.000000000000000e+00,113 130 114
218,0,-1,0,2,2,2.089103749999993e-07,3.491609648662692e-03,1.857271941676157e-02,0.000000000000000e+00,0.000000000000000e+00,0.000000000000000e+00,1.000000000000000e+00,101 119 114
219,0,-1,0,2,2,4.196230969999989e-07,3.943925342724919e-03,1.812041216564520e-02,0.000000000000000e+00,0.000000000000000e+00,0.000000000000000e+00,1.000000000000000e+00,119 113 114
220,0,-1,0,2,2,1.862795674999998e-06,1.058670056606742e-02,2.222301612984026e-02,0.000000000000000e+00,0.000000000000000e+00,0.000000000000000e+00,1.000000000000000e+00,188 229 194
221,0,-1,0,2,2,2.446552649999998e-07,1.361176473304758e-02,2.371382194732263e-02,0.000000000000000e+00,0.000000000000000e+00,0.000000000000000e+00,1.000000000000000e+00,300 267 274
222,0,-1,0,2,2,1.197434600000003e-07,1.319671172509330e-02,2.403723912670975e-02,0.000000000000000e+00,0.000000000000000e+00,0.000000000000000e+00,1.000000000000000e+00,302 278 267
223,0,-1,0,2,2,4.859021149999999e-07,1.221522693399014e-02,2.389994503663661e-02,0.000000000000000e+00,0.000000000000000e+00,0.000000000000000e+00,1.000000000000000e+00,234 229 267
224,0,-1,0,2,2,1.206958650000008e-07,1.355001196567506e-02,2.383885339512934e-02,0.000000000000000e+00,0.000000000000000e+00,0.000000000000000e+00,1.000000000000000e+00,300 302 267
225,0,-1,0,2,2,1.679907965000000e-06,1.072761396614845e-02,2.180391943629539e-02,0.000000000000000e+00,0.000000000000000e+00,0.000000000000000e+00,1.000000000000000e+00,188 223 229
226,0,-1,0,2,2,1.764329565000001e-06,1.218507652351097e-02,1.662663159962465e-02,0.000000000000000e+00,0.000000000000000e+00,0.000000000000000e+00,1.000000000000000e+00,186 224 212
227,0,-1,0,2,2,1.206212549999997e-07,1.437766997460602e-02,2.334909341648007e-02,0.000000000000000e+00,0.000000000000000e+00,0.000000000000000e+00,1.000000000000000e+00,320 301 274
228,0,-1,0,2,2,4.859121799999996e-07,1.294066187468492e-02,2.351665204717122e-02,0.000000000000000e+00,0.000000000000000e+00,0.000000000000000e+00,1.000000000000000e+00,267 229 274
229,0,-1,0,2,2,9.515270899999996e-07,1.286298639763290e-02,2.276328175230419e-02,0.000000000000000e+00,0.000000000000000e+00,0.000000000000000e+00,1.000000000000000e+00,229 264 274
230,0,-1,0,2,2,1.941218613500000e-06,7.537571837053702e-03,1.884708052309299e-02,0.000000000000000e+00,0.000000000000000e+00,0.000000000000000e+00,1.000000000000000e+00,155 174 171
231,0,-1,0,2,2,1.755440200000001e-06,1.062885880958351e-02,1.766478456097070e-02,0.000000000000000e+00,0.000000000000000e+00,0.000000000000000e+00,1.000000000000000e+00,182 212 187
232,0,-1,0,2,2,2.446225999999995e-07,1.268697104291473e-02,2.391851215133601e-02,0.000000000000000e+00,0.000000000000000e+00,0.000000000000000e+00,1.000000000000000e+00,267 275 234
233,0,-1,0,2,2,1.197352050000001e-07,1.381109880463182e-02,2.368953190266778e-02,0.000000000000000e+00,0.000000000000000e+00,0.000000000000000e+00,1.000000000000000e+00,300 274 301
234,0,-1,0,2,2,2.502478615000001e-06,6.073540510274009e-03,1.675260885242146e-02,0.000000000000000e+00,0.000000000000000e+00,0.000000000000000e+00,1.000000000000000e+00,112 162 155
235,0,-1,0,2,2,1.919447033999999e-06,9.499134805204187e-03,1.600341321133215e-02,0.000000000000000e+00,0.000000000000000e+00,0.000000000000000e+00,1.000000000000000e+00,176 182 174
236,0,-1,0,2,2,1.202777729999997e-07,9.325701149359610e-03,2.578700310494104e-02,0.000000000000000e+00,0.000000000000000e+00,0.000000000000000e+00,1.000000000000000e+00,220 210 196
237,0,-1,0,2,2,1.682285647500002e-06,7.572170179106033e-03,2.309085876297528e-02,0.000000000000000e+00,0.000000000000000e+00,0.000000000000000e+00,1.000000000000000e+00,157 170 177
238,0,-1,0,2,2,1.197805454999997e-07,9.705715983668782e-03,2.564636054626063e-02,0.000000000000000e+00,0.000000000000000e+00,0.000000000000000e+00,1.000000000000000e+00,218 220 196
239,0,-1,0,2,2,4.858596550000000e-07,8.659342073746608e-03,2.540539685599131e-02,0.000000000000000e+00,0.000000000000000e+00,0.000000000000000e+00,1.000000000000000e+00,195 177 196
240,0,-1,0,2,2,2.449572299999985e-07,1.004817743006249e-02,2.514156370380654e-02,0.000000000000000e+00,0.000000000000000e+00,0.000000000000000e+00,1.000000000000000e+00,201 218 196
241,0,-1,0,2,2,1.779855360000002e-06,5.850037274075858e-03,2.151920844571258e-02,0.000000000000000e+00,0.000000000000000e+00,0.000000000000000e+00,1.000000000000000e+00,141 153 157
242,0,-1,0,2,2,1.662962624000001e-06,8.886294218409139e-03,2.079949232632161e-02,0.000000000000000e+00,0.000000000000000e+00,0.000000000000000e+00,1.000000000000000e+00,171 188 170
243,0,-1,0,2,2,1.914567826000000e-06,1.000811712040516e-02,1.569150412509755e-02,0.000000000000000e+00,0.000000000000000e+00,0.000000000000000e+00,1.000000000000000e+00,176 186 182
244,0,-1,0,2,2,1.864024285000000e-06,1.212632360123258e-02,2.142142547096580e-02,0.000000000000000e+00,0.000000000000000e+00,0.000000000000000e+00,1.000000000000000e+00,223 264 229
245,0,-1,0,2,2,2.448669849999993e-07,1.524806624867678e-02,2.269637281865950e-02,0.000000000000000e+00,0.000000000000000e+00,0.000000000000000e+00,1.000000000000000e+00,345 299 321
246,0,-1,0,2,2,1.197514549999999e-07,1.484903403928519e-02,2.305318572481180e-02,0.000000000000000e+00,0.000000000000000e+00,0.000000000000000e+00,1.000000000000000e+00,324 320 299
247,0,-1,0,2,2,4.858558750000001e-07,1.390274509523809e-02,2.295931007640800e-02,0.000000000000000e+00,0.000000000000000e+00,0.000000000000000e+00,1.000000000000000e+00,274 264 299
248,0,-1,0,2,2,1.204805550000006e-07,1.518763697732711e-02,2.283062202700190e-02,0.000000000000000e+00,0.000000000000000e+00,0.000000000000000e+00,1.000000000000000e+00,345 324 299
249,0,-1,0,2,2,1.678646345000000e-06,1.222989884292750e-02,2.099773546769453e-02,0.000000000000000e+00,0.000000000000000e+00,0.000000000000000e+00,1.000000000000000e+00,223 240 264
250,0,-1,0,2,2,1.197903299999997e-07,1.564832184056896e-02,2.251833861924381e-02,0.000000000000000e+00,0.000000000000000e+00,0.000000000000000e+00,1.000000000000000e+00,346 345 321
251,0,-1,0,2,2,1.938362595000000e-06,9.261887456465554e-03,1.806337530184036e-02,0.000000000000000e+00,0.000000000000000e+00,0.000000000000000e+00,1.000000000000000e+00,174 182 187
252,0,-1,0,2,2,8.135549899999982e-07,1.359824703865396e-02,1.609005816074893e-02,0.000000000000000e+00,0.000000000000000e+00,0.000000000000000e+00,1.000000000000000e+00,192 225 224
253,0,-1,0,2,2,1.930186470000002e-06,1.175067398772525e-02,1.654610075926895e-02,0.000000000000000e+00,0.000000000000000e+00,0.000000000000000e+00,1.000000000000000e+00,186 212 182
254,0,-1,0,2,2,9.514530900000007e-07,1.446710596098776e-02,2.177904589743459e-02,0.000000000000000e+00,0.000000000000000e+00,0.000000000000000e+00,1.000000000000000e+00,264 305 321
255,0,-1,0,2,2,1.203994200000001e-07,1.597895069167253e-02,2.228410808561192e-02,0.000000000000000e+00,0.000000000000000e+00,0.000000000000000e+00,1.000000000000000e+00,385 346 321
256,0,-1,0,2,2,4.859169349999999e-07,1.459872489136118e-02,2.252487082263878e-02,0.000000000000000e+00,0.000000000000000e+00,0.000000000000000e+00,1.000000000000000e+00,299 264 321
257,0,-1,0,2,2,1.865358050000001e-06,1.410985545806410e-02,2.145625300272963e-02,0.000000000000000e+00,0.000000000000000e+00,0.000000000000000e+00,1.000000000000000e+00,264 240 305
258,0,-1,0,2,2,1.081290920000000e-06,1.404856775753737e-02,1.740596790935532e-02,0.000000000000000e+00,0.000000000000000e+00,0.000000000000000e+00,1.000000000000000e+00,225 248 224
259,0,-1,0,2,2,2.449311000000001e-07,1.603338091780863e-02,2.181785037663617e-02,0.000000000000000e+00,0.000000000000000e+00,0.000000000000000e+00,1.000000000000000e+00,344 385 321
260,0,-1,0,2,2,1.198361400000001e-07,1.698796845143625e-02,2.152538497076750e-02,0.000000000000000e+00,0.000000000000000e+00,0.000000000000000e+00,1.000000000000000e+00,427 372 431
261,0,-1,0,2,2,4.859128650000018e-07,1.618122320883287e-02,2.141641067709040e-02,0.000000000000000e+00,0.000000000000000e+00,0.000000000000000e+00,1.000000000000000e+00,344 305 372
262,0,-1,0,2,2,9.515113200000007e-07,1.599623665475016e-02,2.068200172313992e-02,0.000000000000000e+00,0.000000000000000e+00,0.000000000000000e+00,1.000000000000000e+00,305 316 372
263,0,-1,0,2,2,1.202161300000006e-07,1.750165597307062e-02,2.110940825251104e-02,0.000000000000000e+00,0.000000000000000e+00,0.000000000000000e+00,1.000000000000000e+00,429 431 372
264,0,-1,0,2,2,1.464992295000003e-06,1.440924377957903e-02,1.740383474517730e-02,0.000000000000000e+00,0.000000000000000e+00,0.000000000000000e+00,1.000000000000000e+00,225 239 248
265,0,-1,0,2,2,1.197874649999995e-07,1.642830964185273e-02,2.195578909663702e-02,0.000000000000000e+00,0.000000000000000e+00,0.000000000000000e+00,1.000000000000000e+00,397 385 344
266,0,-1,0,2,2,4.858890750000010e-07,1.551826016508221e-02,2.189976988815816e-02,0.000000000000000e+00,0.000000000000000e+00,0.000000000000000e+00,1.000000000000000e+00,321 305 344
267,0,-1,0,2,2,1.202895499999995e-07,1.675059554710085e-02,2.171012944501738e-02,0.000000000000000e+00,0.000000000000000e+00,0.000000000000000e+00,1.000000000000000e+00,427 397 344
268,0,-1,0,2,2,1.677234714999998e-06,1.367191806571555e-02,2.008819270227540e-02,0.000000000000000e+00,0.000000000000000e+00,0.000000000000000e+00,1.000000000000000e+00,240 248 305
269,0,-1,0,2,2,2.450036450000003e-07,1.680867366669226e-02,2.156624207152027e-02,0.000000000000000e+00,0.000000000000000e+00,0.000000000000000e+00,1.000000000000000e+00,427 344 372
270,0,-1,0,2,2,1.772058525000000e-06,1.221402316744929e-02,1.866047985549656e-02,0.000000000000000e+00,0.000000000000000e+00,0.000000000000000e+00,1.000000000000000e+00,212 224 240
271,0,-1,0,2,2,2.112288521999999e-06,1.103301507421407e-02,1.459499319466017e-02,0.000000000000000e+00,0.000000000000000e+00,0.000000000000000e+00,1.000000000000000e+00,175 186 176
272,0,-1,0,2,2,2.364620352000000e-06,9.507203852044432e-03,1.338049406222675e-02,0.000000000000000e+00,0.000000000000000e+00,0.000000000000000e+00,1.000000000000000e+00,107 175 176
273,0,-1,0,2,2,1.464537520000000e-06,1.327036257689635e-02,1.593467972766510e-02,0.000000000000000e+00,0.000000000000000e+00,0.000000000000000e+00,1.000000000000000e+00,192 224 186
274,0,-1,0,2,2,2.107760482999999e-06,8.074672876198138e-03,1.641766692226985e-02,0.000000000000000e+00,0.000000000000000e+00,0.000000000000000e+00,1.000000000000000e+00,162 176 174
275,0,-1,0,2,2,1.590003220000000e-06,1.167245361386133e-02,1.463177081355425e-02,0.000000000000000e+00,0.000000000000000e+00,0.000000000000000e+00,1.000000000000000e+00,175 192 186
276,0,-1,0,2,2,9.074360949999997e-07,5.983150403075069e-03,1.624863713745762e-02,0.000000000000000e+00,0.000000000000000e+00,0.000000000000000e+00,1.000000000000000e+00,112 111 162
277,0,-1,0,2,2,2.450301199999992e-07,1.755409598088415e-02,2.061401299260017e-02,0.000000000000000e+00,0.000000000000000e+00,0.000000000000000e+00,1.000000000000000e+00,373 429 372
278,0,-1,0,2,2,1.866910695000000e-06,1.501720317630775e-02,1.950325000222634e-02,0.000000000000000e+00,0.000000000000000e+00,0.000000000000000e+00,1.000000000000000e+00,248 316 305
279,0,-1,0,2,2,2.344912155000002e-06,1.501718760576630e-02,1.899311235285011e-02,0.000000000000000e+00,0.000000000000000e+00,0.000000000000000e+00,1.000000000000000e+00,248 239 316
280,0,-1,0,2,2,2.450933550000005e-07,1.828576899951379e-02,2.032896984077794e-02,0.000000000000000e+00,0.000000000000000e+00,0.000000000000000e+00,1.000000000000000e+00,428 373 371
281,0,-1,0,2,2,1.198499400000002e-07,1.792678282738149e-02,2.075029595380974e-02,0.000000000000000e+00,0.000000000000000e+00,0.000000000000000e+00,1.000000000000000e+00,430 429 373
282,0,-1,0,2,2,4.858529399999994e-07,1.705338113731260e-02,2.072677118351140e-02,0.000000000000000e+00,0.000000000000000e+00,0.000000000000000e+00,1.000000000000000e+00,372 316 373
283,0,-1,0,2,2,1.201088249999993e-07,1.823114754012326e-02,2.048279121971723e-02,0.000000000000000e+00,0.000000000000000e+00,0.000000000000000e+00,1.000000000000000e+00,428 430 373
284,0,-1,0,2,2,1.199495100000005e-07,1.845021342038684e-02,1.992471884837822e-02,0.000000000000000e+00,0.000000000000000e+00,0.000000000000000e+00,1.000000000000000e+00,371 399 428
285,0,-1,0,2,2,9.074401790000008e-07,6.749180437594940e-03,1.548260865999190e-02,0.000000000000000e+00,0.000000000000000e+00,0.000000000000000e+00,1.000000000000000e+00,111 108 162
286,0,-1,0,2,2,4.858979700000012e-07,1.767982810305589e-02,2.019697161052610e-02,0.000000000000000e+00,0.000000000000000e+00,0.000000000000000e+00,1.000000000000000e+00,373 316 371
287,0,-1,0,2,2,9.514463299999989e-07,1.744254733783719e-02,1.947776721700041e-02,0.000000000000000e+00,0.000000000000000e+00,0.000000000000000e+00,1.000000000000000e+00,316 1962 371
288,0,-1,0,2,2,1.200532000000008e-07,1.893823910717592e-02,1.983087834663596e-02,0.000000000000000e+00,0.000000000000000e+00,0.000000000000000e+00,1.000000000000000e+00,456 399 371
289,0,-1,0,2,2,2.450708450000006e-07,1.899069626130553e-02,1.967201211226835e-02,0.000000000000000e+00,0.000000000000000e+00,0.000000000000000e+00,1.000000000000000e+00,456 371 1980
290,0,-1,0,2,2,1.292606744500000e-06,7.802096798867621e-03,1.456190242380739e-02,0.000000000000000e+00,0.000000000000000e+00,0.000000000000000e+00,1.000000000000000e+00,108 106 176
291,0,-1,0,2,2,1.292598554500001e-06,8.568132162225054e-03,1.379587394634167e-02,0.000000000000000e+00,0.000000000000000e+00,0.000000000000000e+00,1.000000000000000e+00,106 107 176
292,0,-1,0,2,2,2.112292630000000e-06,1.358721261450965e-02,1.435877965475444e-02,0.000000000000000e+00,0.000000000000000e+00,0.000000000000000e+00,1.000000000000000e+00,183 192 175
293,0,-1,0,2,2,1.199602250000006e-07,1.933706017262279e-02,1.944273743741284e-02,0.000000000000000e+00,0.000000000000000e+00,0.000000000000000e+00,1.000000000000000e+00,398 456 1980
294,0,-1,0,2,2,4.858484099999989e-07,1.850013257626084e-02,1.944639181517498e-02,0.000000000000000e+00,0.000000000000000e+00,0.000000000000000e+00,1.000000000000000e+00,371 1962 1980
295,0,-1,0,2,2,1.914441034999999e-06,1.600359494410251e-02,1.779259853697566e-02,0.000000000000000e+00,0.000000000000000e+00,0.000000000000000e+00,1.000000000000000e+00,239 1923 316
296,0,-1,0,2,2,2.089692629999999e-06,1.270462204053910e-02,1.316477825187553e-02,0.000000000000000e+00,0.000000000000000e+00,0.000000000000000e+00,1.000000000000000e+00,1829 183 175
297,0,-1,0,2,2,2.533968740000000e-06,1.123464112949907e-02,1.355217175189476e-02,0.000000000000000e+00,0.000000000000000e+00,0.000000000000000e+00,1.000000000000000e+00,175 109 1829
298,0,-1,0,2,2,6.191366134999997e-07,1.790424944678741e-03,1.324370718574629e-02,0.000000000000000e+00,0.000000000000000e+00,0.000000000000000e+00,1.000000000000000e+00,43 32 33
299,0,-1,0,2,2,9.515426050000014e-07,1.119226897089542e-02,2.362965358233425e-02,0.000000000000000e+00,0.000000000000000e+00,0.000000000000000e+00,1.000000000000000e+00,194 229 234
300,0,-1,0,2,2,1.197120099999998e-07,1.234562392380953e-02,2.448522985249824e-02,0.000000000000000e+00,0.000000000000000e+00,0.000000000000000e+00,1.000000000000000e+00,275 253 234
301,0,-1,0,2,2,4.858229749999999e-07,1.121553415880409e-02,2.438656992122919e-02,0.000000000000000e+00,0.000000000000000e+00,0.000000000000000e+00,1.000000000000000e+00,217 194 234
302,0,-1,0,2,2,2.038206023250001e-06,2.985864510746573e-03,8.379628744445025e-03,0.000000000000000e+00,0.000000000000000e+00,0.000000000000000e+00,1.000000000000000e+00,16 12 17
303,0,-1,0,2,2,1.113550390500000e-06,4.437597610890311e-03,7.289833610340550e-03,0.000000000000000e+00,0.000000000000000e+00,0.000000000000000e+00,1.000000000000000e+00,12 14 17
304,0,-1,0,2,2,9.277385666999996e-07,4.606315684954254e-03,1.076408290025080e-02,0.000000000000000e+00,0.000000000000000e+00,0.000000000000000e+00,1.000000000000000e+00,30 22 23
305,0,-1,0,2,2,1.313420280200001e-06,5.342234579477520e-03,8.785577881621981e-03,0.000000000000000e+00,0.000000000000000e+00,0.000000000000000e+00,1.000000000000000e+00,17 21 23
306,0,-1,0,2,2,1.658772388249998e-06,6.047804538355845e-03,1.148436465255498e-02,0.000000000000000e+00,0.000000000000000e+00,0.000000000000000e+00,1.000000000000000e+00,31 30 23
307,0,-1,0,2,2,1.200661061100001e-06,4.752011997243489e-03,7.048574298860381e-03,0.000000000000000e+00,0.000000000000000e+00,0.000000000000000e+00,1.000000000000000e+00,12 1683 14
308,0,-1,0,2,2,1.336591263400000e-06,4.434259599406296e-03,9.784052666960110e-03,0.000000000000000e+00,0.000000000000000e+00,0.000000000000000e+00,1.000000000000000e+00,22 17 23
309,0,-1,0,2,2,9.623474245999993e-07,8.885966415516611e-03,9.168512574693453e-03,0.000000000000000e+00,0.000000000000000e+00,0.000000000000000e+00,1.000000000000000e+00,1694 27 24
310,0,-1,0,2,2,1.113555906300000e-06,6.250600456992291e-03,7.820440929142939e-03,0.000000000000000e+00,0.000000000000000e+00,0.000000000000000e+00,1.000000000000000e+00,14 1683 21
311,0,-1,0,2,2,1.525817345000000e-06,9.601144042692925e-03,1.284290554828226e-02,0.000000000000000e+00,0.000000000000000e+00,0.000000000000000e+00,1.000000000000000e+00,107 109 175
312,0,-1,0,2,2,1.603834210000000e-06,1.061068350619920e-02,1.186019741606210e-02,0.000000000000000e+00,0.000000000000000e+00,0.000000000000000e+00,1.000000000000000e+00,109 110 1829
313,0,-1,0,2,2,1.335409169500000e-06,6.864713951174807e-03,9.546949491821367e-03,0.000000000000000e+00,0.000000000000000e+00,0.000000000000000e+00,1.000000000000000e+00,21 28 23
314,0,-1,0,2,2,1.313418816000000e-06,7.762955739352584e-03,8.093487193155911e-03,0.000000000000000e+00,0.000000000000000e+00,0.000000000000000e+00,1.000000000000000e+00,24 21 1683
315,0,-1,0,2,2,1.188906080700000e-06,7.979509272721308e-03,8.592586885701477e-03,0.000000000000000e+00,0.000000000000000e+00,0.000000000000000e+00,1.000000000000000e+00,24 27 21
316,0,-1,0,2,2,1.025457679000000e-06,7.943832899573936e-03,1.008898123926897e-02,0.000000000000000e+00,0.000000000000000e+00,0.000000000000000e+00,1.000000000000000e+00,27 28 21
317,0,-1,0,2,2,1.113545684100000e-06,5.371105477425613e-03,8.439275026388585e-03,0.000000000000000e+00,0.000000000000000e+00,0.000000000000000e+00,1.000000000000000e+00,17 14 21
318,0,-1,0,2,2,2.447397149999997e-07,1.443889334356941e-02,2.321951537057131e-02,0.000000000000000e+00,0.000000000000000e+00,0.000000000000000e+00,1.000000000000000e+00,320 274 299
319,0,-1,0,2,2,1.777572605000000e-06,1.071245053599470e-02,1.956115213961572e-02,0.000000000000000e+00,0.000000000000000e+00,0.000000000000000e+00,1.000000000000000e+00,187 212 223
320,0,-1,0,2,2,1.674244875000000e-06,1.340107067450151e-02,1.821701827922288e-02,0.000000000000000e+00,0.000000000000000e+00,0.000000000000000e+00,1.000000000000000e+00,224 248 240
321,0,-1,0,2,2,1.205154600000002e-07,1.111018770806730e-02,2.506990271099738e-02,0.000000000000000e+00,0.000000000000000e+00,0.000000000000000e+00,1.000000000000000e+00,236 233 217
322,0,-1,0,2,2,1.681141233499998e-06,9.172508657385092e-03,2.250276433833195e-02,0.000000000000000e+00,0.000000000000000e+00,0.000000000000000e+00,1.000000000000000e+00,170 188 194
323,0,-1,0,2,2,1.197497200000001e-07,1.147943612252576e-02,2.490307144962361e-02,0.000000000000000e+00,0.000000000000000e+00,0.000000000000000e+00,1.000000000000000e+00,252 236 217
324,0,-1,0,2,2,4.858188050000006e-07,1.046441225808969e-02,2.471665919830253e-02,0.000000000000000e+00,0.000000000000000e+00,0.000000000000000e+00,1.000000000000000e+00,201 194 217
325,0,-1,0,2,2,2.447679950000010e-07,1.182217975628346e-02,2.435764110242467e-02,0.000000000000000e+00,0.000000000000000e+00,0.000000000000000e+00,1.000000000000000e+00,234 252 217
326,0,-1,0,2,2,1.781375313499999e-06,7.520550101825419e-03,2.099494307891156e-02,0.000000000000000e+00,0.000000000000000e+00,0.000000000000000e+00,1.000000000000000e+00,153 171 170
327,0,-1,0,2,2,1.664719355000001e-06,1.045625284705179e-02,2.005570367700507e-02,0.000000000000000e+00,0.000000000000000e+00,0.000000000000000e+00,1.000000000000000e+00,187 223 188
328,0,-1,0,2,2,1.731693500000003e-06,5.123227788910057e-03,1.739145714736102e-02,0.000000000000000e+00,0.000000000000000e+00,0.000000000000000e+00,1.000000000000000e+00,113 112 155
329,0,-1,0,2,2,1.725467595500002e-06,7.703827997697300e-03,1.497162565140212e-02,0.000000000000000e+00,0.000000000000000e+00,0.000000000000000e+00,1.000000000000000e+00,108 176 162
330,0,-1,0,2,2,1.870208790000000e-06,1.719766520589853e-02,1.760949045658838e-02,0.000000000000000e+00,0.000000000000000e+00,0.000000000000000e+00,1.000000000000000e+00,1923 1962 316
331,0,-1,0,2,2,4.187882357999999e-06,4.906593218605306e-03,6.466983434791135e-03,0.000000000000000e+00,0.000000000000000e+00,0.000000000000000e+00,1.000000000000000e+00,12 13 1683
332,0,-1,0,2,2,1.130699649999998e-07,3.280022181581049e-03,2.722395161938456e-02,0.000000000000000e+00,0.000000000000000e+00,0.000000000000000e+00,1.000000000000000e+00,203 179 199
333,0,-1,0,2,2,5.975112699999984e-08,3.712530022413583e-03,2.720839022509117e-02,0.000000000000000e+00,0.000000000000000e+00,0.000000000000000e+00,1.000000000000000e+00,205 203 199
334,0,-1,0,2,2,5.999262500000007e-08,7.472941231855261e-05,2.746041968364574e-02,0.000000000000000e+00,0.000000000000000e+00,0.000000000000000e+00,1.000000000000000e+00,164 149 167
335,0,-1,0,2,2,6.053762849999932e-08,3.998233887395554e-03,2.716711271971936e-02,0.000000000000000e+00,0.000000000000000e+00,0.000000000000000e+00,1.000000000000000e+00,205 213 237
336,0,-1,0,2,2,1.113246465000010e-07,4.243637631386351e-03,2.674151734628622e-02,0.000000000000000e+00,0.000000000000000e+00,0.000000000000000e+00,1.000000000000000e+00,189 213 199
337,0,-1,0,2,2,1.130247164999998e-07,4.215868275465003e-03,2.695880745785512e-02,0.000000000000000e+00,0.000000000000000e+00,0.000000000000000e+00,1.000000000000000e+00,213 205 199
338,0,-1,0,2,2,1.103136275000002e-07,2.905420146806978e-03,2.705318641271405e-02,0.000000000000000e+00,0.000000000000000e+00,0.000000000000000e+00,1.000000000000000e+00,179 180 199
339,0,-1,0,2,2,2.531521180000002e-07,5.180257745431090e-03,2.688643802533001e-02,0.000000000000000e+00,0.000000000000000e+00,0.000000000000000e+00,1.000000000000000e+00,222 213 200
340,0,-1,0,2,2,1.615523575000014e-07,4.616045204099540e-03,2.677340902086452e-02,0.000000000000000e+00,0.000000000000000e+00,0.000000000000000e+00,1.000000000000000e+00,213 189 200
341,0,-1,0,2,2,6.005549999999998e-07,1.246795535700385e-04,1.506317206461520e-02,0.000000000000000e+00,0.000000000000000e+00,0.000000000000000e+00,1.000000000000000e+00,45 35 44
342,0,-1,0,2,2,9.713398610000006e-07,1.770138086229506e-03,1.415255968991533e-02,0.000000000000000e+00,0.000000000000000e+00,0.000000000000000e+00,1.000000000000000e+00,43 54 44
343,0,-1,0,2,2,7.192676692000008e-07,1.685057844380879e-03,1.538558752685901e-02,0.000000000000000e+00,0.000000000000000e+00,0.000000000000000e+00,1.000000000000000e+00,54 55 44
344,0,-1,0,2,2,7.578618225000010e-07,7.460372972021411e-04,1.802013476103044e-02,0.000000000000000e+00,0.000000000000000e+00,0.000000000000000e+00,1.000000000000000e+00,80 57 83
345,0,-1,0,2,2,5.404500000000001e-07,6.332209391593666e-04,2.021782052336595e-02,0.000000000000000e+00,0.000000000000000e+00,0.000000000000000e+00,1.000000000000000e+00,85 105 88
346,0,-1,0,2,2,1.100025000000000e-06,5.164418783187331e-04,2.264524030854071e-02,0.000000000000000e+00,0.000000000000000e+00,0.000000000000000e+00,1.000000000000000e+00,122 117 88
347,0,-1,0,2,2,5.404874999999998e-07,2.335581216812669e-04,2.385483164255220e-02,0.000000000000000e+00,0.000000000000000e+00,0.000000000000000e+00,1.000000000000000e+00,117 122 125
348,0,-1,0,2,2,5.404874999999998e-07,6.332209391593667e-04,2.676680112245752e-02,0.000000000000000e+00,0.000000000000000e+00,0.000000000000000e+00,1.000000000000000e+00,142 129 137
349,0,-1,0,2,2,7.125226605000010e-07,4.513308509841975e-03,2.290953887181881e-02,0.000000000000000e+00,0.000000000000000e+00,0.000000000000000e+00,1.000000000000000e+00,147 156 161
350,0,-1,0,2,2,7.171370100000013e-07,5.076943587921449e-03,2.517566459322288e-02,0.000000000000000e+00,0.000000000000000e+00,0.000000000000000e+00,1.000000000000000e+00,178 168 161
351,0,-1,0,2,2,7.472300000000008e-07,4.178724044100404e-03,2.489083494823536e-02,0.000000000000000e+00,0.000000000000000e+00,0.000000000000000e+00,1.000000000000000e+00,168 158 161
352,0,-1,0,2,2,2.451106720000009e-07,6.155286072746892e-03,2.664111392185614e-02,0.000000000000000e+00,0.000000000000000e+00,0.000000000000000e+00,1.000000000000000e+00,211 200 193
353,0,-1,0,2,2,1.199855659999999e-07,5.628153051641399e-03,2.683782991941229e-02,0.000000000000000e+00,0.000000000000000e+00,0.000000000000000e+00,1.000000000000000e+00,231 222 200
354,0,-1,0,2,2,6.427062499999990e-07,4.711130681851863e-03,2.642109117388097e-02,0.000000000000000e+00,0.000000000000000e+00,0.000000000000000e+00,1.000000000000000e+00,189 178 200
355,0,-1,0,2,2,5.974502249999968e-08,4.651057736940700e-03,2.706368662622140e-02,0.000000000000000e+00,0.000000000000000e+00,0.000000000000000e+00,1.000000000000000e+00,250 237 213
356,0,-1,0,2,2,1.412773140000007e-07,3.470520907329018e-03,2.681234165050220e-02,0.000000000000000e+00,0.000000000000000e+00,0.000000000000000e+00,1.000000000000000e+00,180 189 199
357,0,-1,0,2,2,7.171897949999990e-07,4.514378206039276e-03,2.552245396196873e-02,0.000000000000000e+00,0.000000000000000e+00,0.000000000000000e+00,1.000000000000000e+00,168 178 189
358,0,-1,0,2,2,6.094985400000007e-08,4.798246065224233e-03,2.703773053363188e-02,0.000000000000000e+00,0.000000000000000e+00,0.000000000000000e+00,1.000000000000000e+00,250 213 222
359,0,-1,0,2,2,7.455799999999991e-07,3.421275955899595e-03,2.656827341334528e-02,0.000000000000000e+00,0.000000000000000e+00,0.000000000000000e+00,1.000000000000000e+00,180 169 189
360,0,-1,0,2,2,1.780618464000002e-06,9.144713823616301e-03,2.034092431021260e-02,0.000000000000000e+00,0.000000000000000e+00,0.000000000000000e+00,1.000000000000000e+00,171 187 188
361,0,-1,0,2,2,1.668433894999998e-06,1.196419382995756e-02,1.919313250780285e-02,0.000000000000000e+00,0.000000000000000e+00,0.000000000000000e+00,1.000000000000000e+00,212 240 223
362,0,-1,0,2,2,1.207474600000004e-07,1.283996544725226e-02,2.422949922564989e-02,0.000000000000000e+00,0.000000000000000e+00,0.000000000000000e+00,1.000000000000000e+00,278 275 267
363,0,-1,0,4,4,3.829983624999997e-07,3.288797440043076e-03,1.752338196658351e-02,0.000000000000000e+00,0.000000000000000e+00,0.000000000000000e+00,1.000000000000000e+00,103 102 90
364,0,-1,0,4,4,3.829899124999999e-07,2.638127139606758e-03,1.687271789436377e-02,0.000000000000000e+00,0.000000000000000e+00,0.000000000000000e+00,1.000000000000000e+00,99 92 102
365,0,-1,0,4,4,3.657290995000005e-07,4.624546943929371e-03,1.704474790099589e-02,0.000000000000000e+00,0.000000000000000e+00,0.000000000000000e+00,1.000000000000000e+00,113 100 89
366,0,-1,0,4,4,4.010479980000008e-07,3.973332658047889e-03,1.639463470011302e-02,0.000000000000000e+00,0.000000000000000e+00,0.000000000000000e+00,1.000000000000000e+00,90 81 100
367,0,-1,0,4,4,3.656963379999994e-07,6.219512658083728e-03,1.557530009321647e-02,0.000000000000000e+00,0.000000000000000e+00,0.000000000000000e+00,1.000000000000000e+00,111 112 91
368,0,-1,0,4,4,3.833297134999999e-07,2.218785503087022e-03,1.645311401507261e-02,0.000000000000000e+00,0.000000000000000e+00,0.000000000000000e+00,1.000000000000000e+00,84 87 99
369,0,-1,0,4,4,4.010247240000007e-07,4.418937963504141e-03,1.655768845011836e-02,0.000000000000000e+00,0.000000000000000e+00,0.000000000000000e+00,1.000000000000000e+00,100 81 89
370,0,-1,0,4,4,4.010026269999994e-07,3.976997963504141e-03,1.611571959120125e-02,0.000000000000000e+00,0.000000000000000e+00,0.000000000000000e+00,1.000000000000000e+00,90 77 81
371,0,-1,0,4,4,3.657497419999988e-07,5.531891199120550e-03,1.613740118937155e-02,0.000000000000000e+00,0.000000000000000e+00,0.000000000000000e+00,1.000000000000000e+00,112 89 91
372,0,-1,0,4,4,4.010026270000007e-07,4.880752658047891e-03,1.548721912957158e-02,0.000000000000000e+00,0.000000000000000e+00,0.000000000000000e+00,1.000000000000000e+00,81 78 89
373,0,-1,0,4,4,3.656938145000007e-07,7.126838228625176e-03,1.466798452267503e-02,0.000000000000000e+00,0.000000000000000e+00,0.000000000000000e+00,1.000000000000000e+00,108 111 93
374,0,-1,0,4,4,3.656665935000008e-07,4.404865288784260e-03,1.738994680484081e-02,0.000000000000000e+00,0.000000000000000e+00,0.000000000000000e+00,1.000000000000000e+00,113 119 100
375,0,-1,0,4,4,3.653700535000004e-07,3.120534337981796e-03,1.610647822634509e-02,0.000000000000000e+00,0.000000000000000e+00,0.000000000000000e+00,1.000000000000000e+00,92 99 87
376,0,-1,0,4,4,4.006026894999994e-07,3.553269033879264e-03,1.653944073555541e-02,0.000000000000000e+00,0.000000000000000e+00,0.000000000000000e+00,1.000000000000000e+00,90 102 92
377,0,-1,0,4,4,3.829812525000012e-07,3.714317467408355e-03,1.794891822216537e-02,0.000000000000000e+00,0.000000000000000e+00,0.000000000000000e+00,1.000000000000000e+00,119 103 100
378,0,-1,0,4,4,4.006353400000009e-07,3.498758406163812e-03,1.745105680156954e-02,0.000000000000000e+00,0.000000000000000e+00,0.000000000000000e+00,1.000000000000000e+00,103 90 100
379,0,-1,0,4,4,3.657074229999992e-07,5.312192416379850e-03,1.648261566375791e-02,0.000000000000000e+00,0.000000000000000e+00,0.000000000000000e+00,1.000000000000000e+00,112 113 89
380,0,-1,0,4,4,3.657633670000004e-07,3.541219226754092e-03,1.567975196749196e-02,0.000000000000000e+00,0.000000000000000e+00,0.000000000000000e+00,1.000000000000000e+00,92 75 77
381,0,-1,0,4,4,4.010026269999991e-07,3.766895305456250e-03,1.618820046162967e-02,0.000000000000000e+00,0.000000000000000e+00,0.000000000000000e+00,1.000000000000000e+00,90 92 77
382,0,-1,0,4,4,3.657165035000003e-07,3.122937139606758e-03,1.554291789436377e-02,0.000000000000000e+00,0.000000000000000e+00,0.000000000000000e+00,1.000000000000000e+00,87 75 92
383,0,-1,0,4,4,4.010026270000004e-07,5.326357963504142e-03,1.565021959120126e-02,0.000000000000000e+00,0.000000000000000e+00,0.000000000000000e+00,1.000000000000000e+00,89 78 91
384,0,-1,0,4,4,4.010479979999997e-07,4.884417963504142e-03,1.520830402065981e-02,0.000000000000000e+00,0.000000000000000e+00,0.000000000000000e+00,1.000000000000000e+00,81 66 78
385,0,-1,0,4,4,3.657406690000001e-07,6.439228568420018e-03,1.523007004828866e-02,0.000000000000000e+00,0.000000000000000e+00,0.000000000000000e+00,1.000000000000000e+00,111 91 93
386,0,-1,0,4,4,4.010026270000000e-07,5.788172658047890e-03,1.457981912957158e-02,0.000000000000000e+00,0.000000000000000e+00,0.000000000000000e+00,1.000000000000000e+00,78 76 91
387,0,-1,0,4,4,3.656892785000004e-07,8.034165356220766e-03,1.376066895213358e-02,0.000000000000000e+00,0.000000000000000e+00,0.000000000000000e+00,1.000000000000000e+00,106 108 95
388,0,-1,0,4,4,3.657426560000004e-07,4.448622099158502e-03,1.477235196749196e-02,0.000000000000000e+00,0.000000000000000e+00,0.000000000000000e+00,1.000000000000000e+00,77 60 66
389,0,-1,0,4,4,4.010247239999995e-07,4.674315305456252e-03,1.528078489108823e-02,0.000000000000000e+00,0.000000000000000e+00,0.000000000000000e+00,1.000000000000000e+00,81 77 66
390,0,-1,0,4,4,3.657210395000004e-07,4.030264267202347e-03,1.463560232382232e-02,0.000000000000000e+00,0.000000000000000e+00,0.000000000000000e+00,1.000000000000000e+00,75 60 77
391,0,-1,0,4,4,4.010026269999995e-07,6.233777963504141e-03,1.474281959120126e-02,0.000000000000000e+00,0.000000000000000e+00,0.000000000000000e+00,1.000000000000000e+00,91 76 93
392,0,-1,0,4,4,4.010479980000005e-07,5.791837963504141e-03,1.430090402065981e-02,0.000000000000000e+00,0.000000000000000e+00,0.000000000000000e+00,1.000000000000000e+00,78 59 76
393,0,-1,0,4,4,3.657361330000006e-07,7.346572823611199e-03,1.432273890720578e-02,0.000000000000000e+00,0.000000000000000e+00,0.000000000000000e+00,1.000000000000000e+00,108 93 95
394,0,-1,0,4,4,4.010247239999995e-07,6.695592658047889e-03,1.367240355903014e-02,0.000000000000000e+00,0.000000000000000e+00,0.000000000000000e+00,1.000000000000000e+00,76 73 93
395,0,-1,0,4,4,3.656781920000006e-07,8.941485597924645e-03,1.285335338159213e-02,0.000000000000000e+00,0.000000000000000e+00,0.000000000000000e+00,1.000000000000000e+00,107 106 96
396,0,-1,0,4,4,3.657316050000001e-07,5.356023414508768e-03,1.386489867911630e-02,0.000000000000000e+00,0.000000000000000e+00,0.000000000000000e+00,1.000000000000000e+00,66 53 59
397,0,-1,0,4,4,4.010479980000001e-07,5.581735305456251e-03,1.437336932054678e-02,0.000000000000000e+00,0.000000000000000e+00,0.000000000000000e+00,1.000000000000000e+00,78 66 59
398,0,-1,0,4,4,3.656781920000002e-07,4.937589837743793e-03,1.372827118273943e-02,0.000000000000000e+00,0.000000000000000e+00,0.000000000000000e+00,1.000000000000000e+00,60 53 66
399,0,-1,0,4,4,4.010479980000003e-07,7.141197963504141e-03,1.383540402065981e-02,0.000000000000000e+00,0.000000000000000e+00,0.000000000000000e+00,1.000000000000000e+00,93 73 95
400,0,-1,0,4,4,4.010247240000003e-07,6.699257963504139e-03,1.339348845011836e-02,0.000000000000000e+00,0.000000000000000e+00,0.000000000000000e+00,1.000000000000000e+00,76 61 73
401,0,-1,0,4,4,3.657315970000002e-07,8.253917078802383e-03,1.341540776612289e-02,0.000000000000000e+00,0.000000000000000e+00,0.000000000000000e+00,1.000000000000000e+00,106 95 96
402,0,-1,0,4,4,4.010479980000005e-07,7.603012658047889e-03,1.276493470011302e-02,0.000000000000000e+00,0.000000000000000e+00,0.000000000000000e+00,1.000000000000000e+00,73 72 95
403,0,-1,0,4,4,3.657472414999990e-07,9.848838712032931e-03,1.194602224050924e-02,0.000000000000000e+00,0.000000000000000e+00,0.000000000000000e+00,1.000000000000000e+00,109 107 94
404,0,-1,0,4,4,3.657245260000003e-07,8.078230474667854e-03,1.114272982019919e-02,0.000000000000000e+00,0.000000000000000e+00,0.000000000000000e+00,1.000000000000000e+00,64 48 65
405,0,-1,0,4,4,4.010247240000000e-07,8.303995305456250e-03,1.165108489108823e-02,0.000000000000000e+00,0.000000000000000e+00,0.000000000000000e+00,1.000000000000000e+00,72 64 65
406,0,-1,0,4,4,3.656963379999993e-07,7.659562777584709e-03,1.100632447111510e-02,0.000000000000000e+00,0.000000000000000e+00,0.000000000000000e+00,1.000000000000000e+00,47 48 64
407,0,-1,0,4,4,4.010092555000002e-07,9.653359976618684e-03,1.118560046162968e-02,0.000000000000000e+00,0.000000000000000e+00,0.000000000000000e+00,1.000000000000000e+00,94 71 74
408,0,-1,0,4,4,4.010546272499998e-07,9.421522634666576e-03,1.067120869182225e-02,0.000000000000000e+00,0.000000000000000e+00,0.000000000000000e+00,1.000000000000000e+00,71 63 74
409,0,-1,0,4,4,3.657406769999996e-07,7.170829159317587e-03,1.205012982019919e-02,0.000000000000000e+00,0.000000000000000e+00,0.000000000000000e+00,1.000000000000000e+00,61 47 64
410,0,-1,0,4,4,4.010026270000003e-07,7.396575305456252e-03,1.255850046162968e-02,0.000000000000000e+00,0.000000000000000e+00,0.000000000000000e+00,1.000000000000000e+00,73 61 64
411,0,-1,0,4,4,3.656938184999997e-07,6.752237207043263e-03,1.191364004165654e-02,0.000000000000000e+00,0.000000000000000e+00,0.000000000000000e+00,1.000000000000000e+00,52 47 61
412,0,-1,0,4,4,4.010479979999998e-07,8.745935305456254e-03,1.209306932054679e-02,0.000000000000000e+00,0.000000000000000e+00,0.000000000000000e+00,1.000000000000000e+00,96 72 71
413,0,-1,0,4,4,4.010479980000000e-07,8.514097963504139e-03,1.157860402065981e-02,0.000000000000000e+00,0.000000000000000e+00,0.000000000000000e+00,1.000000000000000e+00,72 65 71
414,0,-1,0,4,4,3.657794919999993e-07,1.006862468980573e-02,1.160071434287421e-02,0.000000000000000e+00,0.000000000000000e+00,0.000000000000000e+00,1.000000000000000e+00,109 94 1759
415,0,-1,0,4,4,4.009822695000003e-07,9.863461077612429e-03,1.111311959120126e-02,0.000000000000000e+00,0.000000000000000e+00,0.000000000000000e+00,1.000000000000000e+00,94 74 1759
416,0,-1,0,4,4,3.657361409999996e-07,6.263426286913178e-03,1.295751424965774e-02,0.000000000000000e+00,0.000000000000000e+00,0.000000000000000e+00,1.000000000000000e+00,59 52 61
417,0,-1,0,4,4,4.010479980000005e-07,6.489155305456250e-03,1.346596932054678e-02,0.000000000000000e+00,0.000000000000000e+00,0.000000000000000e+00,1.000000000000000e+00,76 59 61
418,0,-1,0,4,4,3.656892824999999e-07,5.844910079447673e-03,1.282095561219798e-02,0.000000000000000e+00,0.000000000000000e+00,0.000000000000000e+00,1.000000000000000e+00,53 52 59
419,0,-1,0,4,4,4.010479979999998e-07,8.048617963504144e-03,1.292800402065981e-02,0.000000000000000e+00,0.000000000000000e+00,0.000000000000000e+00,1.000000000000000e+00,95 72 96
420,0,-1,0,4,4,4.010026270000004e-07,7.606677963504142e-03,1.248601959120126e-02,0.000000000000000e+00,0.000000000000000e+00,0.000000000000000e+00,1.000000000000000e+00,73 64 72
421,0,-1,0,4,4,3.657426880000002e-07,9.161254448101850e-03,1.250806105449855e-02,0.000000000000000e+00,0.000000000000000e+00,0.000000000000000e+00,1.000000000000000e+00,107 96 94
422,0,-1,0,4,4,4.010247240000000e-07,8.956037963504141e-03,1.202058845011836e-02,0.000000000000000e+00,0.000000000000000e+00,0.000000000000000e+00,1.000000000000000e+00,96 71 94
423,0,-1,0,4,4,3.657326299999999e-07,1.075616362489925e-02,1.103870666996780e-02,0.000000000000000e+00,0.000000000000000e+00,0.000000000000000e+00,1.000000000000000e+00,110 109 1759
424,0,-1,0,4,4,3.657255547500002e-07,8.985633347072265e-03,1.023527808887767e-02,0.000000000000000e+00,0.000000000000000e+00,0.000000000000000e+00,1.000000000000000e+00,65 46 63
425,0,-1,0,4,4,4.010413689000000e-07,9.211415305456251e-03,1.074367399170922e-02,0.000000000000000e+00,0.000000000000000e+00,0.000000000000000e+00,1.000000000000000e+00,71 65 63
426,0,-1,0,4,4,3.656660909000007e-07,8.566883019288584e-03,1.009899021592391e-02,0.000000000000000e+00,0.000000000000000e+00,0.000000000000000e+00,1.000000000000000e+00,48 46 65
427,0,-1,0,17,17,2.677500000000000e-06,4.904720555306604e-04,7.339179992839892e-03,0.000000000000000e+00,0.000000000000000e+00,0.000000000000000e+00,1.000000000000000e+00,10 6 8
428,0,-1,0,17,17,2.299998613000000e-06,3.187224632017581e-03,2.766079981439423e-03,0.000000000000000e+00,0.000000000000000e+00,0.000000000000000e+00,1.000000000000000e+00,4 8 3
429,0,-1,0,17,17,3.399995000000001e-06,3.244828739897236e-03,6.865849323835967e-03,0.000000000000000e+00,0.000000000000000e+00,0.000000000000000e+00,1.000000000000000e+00,12 10 8
430,0,-1,0,17,17,2.677496275200000e-06,4.094351252942653e-03,6.110678063733205e-03,0.000000000000000e+00,0.000000000000000e+00,0.000000000000000e+00,1.000000000000000e+00,12 8 7
431,0,-1,0,17,17,3.622500000000000e-06,5.810455948739487e-03,4.904720555306605e-04,0.000000000000000e+00,0.000000000000000e+00,0.000000000000000e+00,1.000000000000000e+00,9 7 5
432,0,-1,0,17,17,3.399991584000000e-06,6.243027666019257e-03,4.323586992318672e-03,0.000000000000000e+00,0.000000000000000e+00,0.000000000000000e+00,1.000000000000000e+00,13 12 7
433,0,-1,0,17,17,2.677495000000000e-06,6.601150119263866e-03,3.244828739897237e-03,0.000000000000000e+00,0.000000000000000e+00,0.000000000000000e+00,1.000000000000000e+00,13 7 9
434,0,-1,0,17,17,3.400000000000001e-06,7.568415732215908e-03,6.228216578167113e-04,0.000000000000000e+00,0.000000000000000e+00,0.000000000000000e+00,1.000000000000000e+00,11 13 9
435,0,-1,0,17,17,4.000000000000001e-06,3.114108289083559e-04,1.162200784027429e-03,0.000000000000000e+00,0.000000000000000e+00,0.000000000000000e+00,1.000000000000000e+00,1 3 2
436,0,-1,0,17,17,2.300000000000000e-06,1.377178342183288e-03,3.989107516456598e-03,0.000000000000000e+00,0.000000000000000e+00,0.000000000000000e+00,1.000000000000000e+00,3 6 2
437,0,-1,0,17,17,3.999994405000001e-06,8.507899551190738e-04,8.507899551190737e-04,0.000000000000000e+00,0.000000000000000e+00,0.000000000000000e+00,1.000000000000000e+00,1 4 3
438,0,-1,0,17,17,3.622502500000001e-06,2.480466717847035e-03,5.277238211181205e-03,0.000000000000000e+00,0.000000000000000e+00,0.000000000000000e+00,1.000000000000000e+00,8 6 3
439,0,-1,0,17,17,4.000000000000001e-06,1.162200784027429e-03,3.114108289083559e-04,0.000000000000000e+00,0.000000000000000e+00,0.000000000000000e+00,1.000000000000000e+00,1 5 4
440,0,-1,0,17,17,3.622501742800000e-06,4.786766155650546e-03,3.329989230892452e-03,0.000000000000000e+00,0.000000000000000e+00,0.000000000000000e+00,1.000000000000000e+00,7 8 4
441,0,-1,0,17,17,2.300002500000000e-06,4.919115757936596e-03,2.480466717847035e-03,0.000000000000000e+00,0.000000000000000e+00,0.000000000000000e+00,1.000000000000000e+00,7 4 5
442,0,-1,0,2,2,2.450950249999998e-07,2.607454049497366e-02,7.293334906869688e-03,0.000000000000000e+00,0.000000000000000e+00,0.000000000000000e+00,1.000000000000000e+00,1860 1856 1872
443,0,-1,0,2,2,1.859512555500001e-06,2.395152757374020e-02,5.683633887686427e-03,0.000000000000000e+00,0.000000000000000e+00,0.000000000000000e+00,1.000000000000000e+00,1819 1842 1837
444,0,-1,0,2,2,1.202121430000001e-07,2.609824846783528e-02,8.415715500706291e-03,0.000000000000000e+00,0.000000000000000e+00,0.000000000000000e+00,1.000000000000000e+00,1884 1858 1879
445,0,-1,0,2,2,1.201208724999997e-07,2.644567597020877e-02,7.248904228716434e-03,0.000000000000000e+00,0.000000000000000e+00,0.000000000000000e+00,1.000000000000000e+00,1872 1891 1860
446,0,-1,0,2,2,1.683225248999998e-06,2.333424189630861e-02,6.796763443340805e-03,0.000000000000000e+00,0.000000000000000e+00,0.000000000000000e+00,1.000000000000000e+00,1820 1819 1837
447,0,-1,0,2,2,1.198693484999998e-07,2.633610733156761e-02,7.639037680915699e-03,0.000000000000000e+00,0.000000000000000e+00,0.000000000000000e+00,1.000000000000000e+00,1891 1879 1860
448,0,-1,0,2,2,4.858692675000008e-07,2.531566585318916e-02,7.161461953859640e-03,0.000000000000000e+00,0.000000000000000e+00,0.000000000000000e+00,1.000000000000000e+00,1837 1856 1860
449,0,-1,0,2,2,2.450449154999999e-07,2.614146451277164e-02,8.016213339199456e-03,0.000000000000000e+00,0.000000000000000e+00,0.000000000000000e+00,1.000000000000000e+00,1879 1858 1860
450,0,-1,0,2,2,6.604698039999995e-07,2.151637460716951e-02,5.019501479268985e-03,0.000000000000000e+00,0.000000000000000e+00,0.000000000000000e+00,1.000000000000000e+00,1805 1792 1810
451,0,-1,0,2,2,1.037826996000001e-06,2.294082815797668e-02,5.223602240681557e-03,0.000000000000000e+00,0.000000000000000e+00,0.000000000000000e+00,1.000000000000000e+00,1819 1805 1810
452,0,-1,0,2,2,7.472850000000005e-07,2.289695617226878e-02,3.592551911799192e-03,0.000000000000000e+00,0.000000000000000e+00,0.000000000000000e+00,1.000000000000000e+00,1811 1824 1810
453,0,-1,0,2,2,1.663373196000002e-06,2.224869981356706e-02,8.107611300958368e-03,0.000000000000000e+00,0.000000000000000e+00,0.000000000000000e+00,1.000000000000000e+00,1834 1816 1820
454,0,-1,0,2,2,2.450013649999992e-07,2.548542621301687e-02,9.141224833418641e-03,0.000000000000000e+00,0.000000000000000e+00,0.000000000000000e+00,1.000000000000000e+00,1859 1858 1873
455,0,-1,0,2,2,1.204088229999996e-07,2.553788058401041e-02,9.986264442378177e-03,0.000000000000000e+00,0.000000000000000e+00,0.000000000000000e+00,1.000000000000000e+00,1881 1882 1864
456,0,-1,0,2,2,1.860520611999997e-06,2.425946703656411e-02,8.413575185219136e-03,0.000000000000000e+00,0.000000000000000e+00,0.000000000000000e+00,1.000000000000000e+00,1841 1820 1837
457,0,-1,0,2,2,7.455799999999991e-07,1.978805997942124e-02,3.421275955899596e-03,0.000000000000000e+00,0.000000000000000e+00,0.000000000000000e+00,1.000000000000000e+00,1781 1785 1767
458,0,-1,0,2,2,2.448607900000006e-07,2.476546347676198e-02,1.094219330372977e-02,0.000000000000000e+00,0.000000000000000e+00,0.000000000000000e+00,1.000000000000000e+00,1880 1864 1897
459,0,-1,0,2,2,1.938940009999998e-06,1.915420945310386e-02,6.721572699740269e-03,0.000000000000000e+00,0.000000000000000e+00,0.000000000000000e+00,1.000000000000000e+00,1818 1795 1816
460,0,-1,0,2,2,1.750821669000001e-06,1.934796028614506e-02,9.779859184337977e-03,0.000000000000000e+00,0.000000000000000e+00,0.000000000000000e+00,1.000000000000000e+00,1850 1838 1835
461,0,-1,0,2,2,1.197818049999995e-07,2.538815466418017e-02,1.036281437517327e-02,0.000000000000000e+00,0.000000000000000e+00,0.000000000000000e+00,1.000000000000000e+00,1882 1897 1864
462,0,-1,0,2,2,4.858912919999998e-07,2.463023276946238e-02,9.247838567648041e-03,0.000000000000000e+00,0.000000000000000e+00,0.000000000000000e+00,1.000000000000000e+00,1841 1859 1864
463,0,-1,0,2,2,9.514568120000012e-07,2.399490734356086e-02,1.038614155685839e-02,0.000000000000000e+00,0.000000000000000e+00,0.000000000000000e+00,1.000000000000000e+00,1857 1841 1864
464,0,-1,0,2,2,7.455249999999994e-07,2.042174987516686e-02,3.421275955899596e-03,0.000000000000000e+00,0.000000000000000e+00,0.000000000000000e+00,1.000000000000000e+00,1781 1793 1792
465,0,-1,0,2,2,8.770140450000020e-07,2.079833908841406e-02,5.148173319665627e-03,0.000000000000000e+00,0.000000000000000e+00,0.000000000000000e+00,1.000000000000000e+00,1805 1795 1785
466,0,-1,0,2,2,7.472299999999988e-07,2.154040636924061e-02,3.592551911799192e-03,0.000000000000000e+00,0.000000000000000e+00,0.000000000000000e+00,1.000000000000000e+00,1793 1810 1792
467,0,-1,0,2,2,7.472850000000004e-07,1.873410539414837e-02,4.178724044100405e-03,0.000000000000000e+00,0.000000000000000e+00,0.000000000000000e+00,1.000000000000000e+00,1779 1767 1785
468,0,-1,0,2,2,2.000331139999997e-06,1.860307456810185e-02,6.346621605301452e-03,0.000000000000000e+00,0.000000000000000e+00,0.000000000000000e+00,1.000000000000000e+00,1818 1778 1795
469,0,-1,0,2,2,1.205852100000000e-07,2.466484110319665e-02,1.198242328928412e-02,0.000000000000000e+00,0.000000000000000e+00,0.000000000000000e+00,1.000000000000000e+00,1913 1898 1912
470,0,-1,0,2,2,4.858848195000009e-07,2.523163164100824e-02,7.452162405591444e-03,0.000000000000000e+00,0.000000000000000e+00,0.000000000000000e+00,1.000000000000000e+00,1837 1860 1858
471,0,-1,0,2,2,9.514928784999987e-07,2.467984051450749e-02,8.633202343469187e-03,0.000000000000000e+00,0.000000000000000e+00,0.000000000000000e+00,1.000000000000000e+00,1841 1837 1858
472,0,-1,0,2,2,1.198403230000001e-07,2.605206624190818e-02,8.557858973561509e-03,0.000000000000000e+00,0.000000000000000e+00,0.000000000000000e+00,1.000000000000000e+00,1884 1873 1858
473,0,-1,0,2,2,1.754701500000002e-06,2.068946462629391e-02,6.466597278980676e-03,0.000000000000000e+00,0.000000000000000e+00,0.000000000000000e+00,1.000000000000000e+00,1816 1795 1805
474,0,-1,0,2,2,7.455799999999991e-07,2.313383081927792e-02,3.421275955899595e-03,0.000000000000000e+00,0.000000000000000e+00,0.000000000000000e+00,1.000000000000000e+00,1811 1821 1824
475,0,-1,0,2,2,1.665753368000000e-06,2.276893781859127e-02,6.501110002375211e-03,0.000000000000000e+00,0.000000000000000e+00,0.000000000000000e+00,1.000000000000000e+00,1820 1805 1819
476,0,-1,0,2,2,7.455250000000012e-07,2.448988236497984e-02,3.421275955899596e-03,0.000000000000000e+00,0.000000000000000e+00,0.000000000000000e+00,1.000000000000000e+00,1821 1833 1832
477,0,-1,0,2,2,1.075297482000001e-06,2.487924819572646e-02,5.240252097763424e-03,0.000000000000000e+00,0.000000000000000e+00,0.000000000000000e+00,1.000000000000000e+00,1842 1819 1824
478,0,-1,0,2,2,7.472849999999986e-07,2.560998691940802e-02,3.592551911799192e-03,0.000000000000000e+00,0.000000000000000e+00,0.000000000000000e+00,1.000000000000000e+00,1833 1852 1832
479,0,-1,0,2,2,7.455800000000009e-07,2.177774813249311e-02,3.421275955899596e-03,0.000000000000000e+00,0.000000000000000e+00,0.000000000000000e+00,1.000000000000000e+00,1793 1811 1810
480,0,-1,0,2,2,1.905089861499999e-06,1.783500217046042e-02,8.312205878518343e-03,0.000000000000000e+00,0.000000000000000e+00,0.000000000000000e+00,1.000000000000000e+00,1838 1825 1818
481,0,-1,0,2,2,5.404874999999998e-07,2.432514328565031e-02,6.332209391593667e-04,0.000000000000000e+00,0.000000000000000e+00,0.000000000000000e+00,1.000000000000000e+00,1790 1782 1801
482,0,-1,0,2,2,1.474045996000000e-06,1.393781078230012e-02,1.447177029676940e-03,0.000000000000000e+00,0.000000000000000e+00,0.000000000000000e+00,1.000000000000000e+00,1711 1702 1712
483,0,-1,0,2,2,4.512783570000004e-07,1.545757853983750e-02,6.835012967758978e-04,0.000000000000000e+00,0.000000000000000e+00,0.000000000000000e+00,1.000000000000000e+00,1712 1713 1722
484,0,-1,0,2,2,7.212488000000009e-07,1.573673811700252e-02,1.321204039159746e-04,0.000000000000000e+00,0.000000000000000e+00,0.000000000000000e+00,1.000000000000000e+00,1713 1724 1722
485,0,-1,0,2,2,4.499999999999999e-07,1.739578759300108e-02,1.167790608406334e-04,0.000000000000000e+00,0.000000000000000e+00,0.000000000000000e+00,1.000000000000000e+00,1724 1736 1745
486,0,-1,0,2,2,5.404874999999998e-07,1.931226897398334e-02,6.332209391593667e-04,0.000000000000000e+00,0.000000000000000e+00,0.000000000000000e+00,1.000000000000000e+00,1750 1745 1736
487,0,-1,0,2,2,1.099987500000000e-06,2.046635142772698e-02,1.167790608406335e-04,0.000000000000000e+00,0.000000000000000e+00,0.000000000000000e+00,1.000000000000000e+00,1753 1750 1736
488,0,-1,0,2,2,5.404874999999998e-07,2.220267880903761e-02,6.332209391593667e-04,0.000000000000000e+00,0.000000000000000e+00,0.000000000000000e+00,1.000000000000000e+00,1787 1771 1753
489,0,-1,0,2,2,1.099987500000000e-06,2.631723175761843e-02,1.167790608406335e-04,0.000000000000000e+00,0.000000000000000e+00,0.000000000000000e+00,1.000000000000000e+00,1794 1801 1782
490,0,-1,0,2,2,1.117465000000001e-07,2.720878477679399e-02,1.391962807704304e-04,0.000000000000000e+00,0.000000000000000e+00,0.000000000000000e+00,1.000000000000000e+00,1812 1823 1794
491,0,-1,0,2,2,1.133967251500003e-07,2.728598352128037e-02,2.139256930889830e-04,0.000000000000000e+00,0.000000000000000e+00,0.000000000000000e+00,1.000000000000000e+00,1812 1831 1823
492,0,-1,0,2,2,6.012175459999975e-08,2.743020911408099e-02,1.279677451018963e-03,0.000000000000000e+00,0.000000000000000e+00,0.000000000000000e+00,1.000000000000000e+00,1836 1823 1828
493,0,-1,0,2,2,5.988490344999977e-08,2.731446063270850e-02,8.397449424242867e-04,0.000000000000000e+00,0.000000000000000e+00,0.000000000000000e+00,1.000000000000000e+00,1823 1831 1828
494,0,-1,0,2,2,9.288615440000062e-08,2.702947615664171e-02,6.556381590891634e-04,0.000000000000000e+00,0.000000000000000e+00,0.000000000000000e+00,1.000000000000000e+00,1806 1794 1823
495,0,-1,0,2,2,1.068377225000006e-07,2.698516429172371e-02,1.346239233875597e-03,0.000000000000000e+00,0.000000000000000e+00,0.000000000000000e+00,1.000000000000000e+00,1822 1806 1823
496,0,-1,0,2,2,1.133523039999988e-07,2.726379409084512e-02,1.117919360679497e-03,0.000000000000000e+00,0.000000000000000e+00,0.000000000000000e+00,1.000000000000000e+00,1823 1836 1830
497,0,-1,0,2,2,6.933274645000003e-07,1.558180749015417e-02,1.847740418456750e-03,0.000000000000000e+00,0.000000000000000e+00,0.000000000000000e+00,1.000000000000000e+00,1721 1722 1733
498,0,-1,0,2,2,2.561739274999995e-07,1.733662541990490e-02,1.645133066805275e-03,0.000000000000000e+00,0.000000000000000e+00,0.000000000000000e+00,1.000000000000000e+00,1748 1735 1733
499,0,-1,0,2,2,5.623573590999995e-07,1.668615477016186e-02,1.632541567507567e-03,0.000000000000000e+00,0.000000000000000e+00,0.000000000000000e+00,1.000000000000000e+00,1733 1722 1748
500,0,-1,0,2,2,6.029312399999931e-08,2.726071347376367e-02,1.902376396760280e-03,0.000000000000000e+00,0.000000000000000e+00,0.000000000000000e+00,1.000000000000000e+00,1830 1853 1854
501,0,-1,0,2,2,6.933412080000004e-07,1.372776486687566e-02,3.701811554388061e-03,0.000000000000000e+00,0.000000000000000e+00,0.000000000000000e+00,1.000000000000000e+00,1716 1717 1708
502,0,-1,0,2,2,1.222234048000008e-07,2.701657007381912e-02,1.507702634556290e-03,0.000000000000000e+00,0.000000000000000e+00,0.000000000000000e+00,1.000000000000000e+00,1822 1823 1830
503,0,-1,0,2,2,1.249438065000012e-07,2.709983575488452e-02,2.368865516814459e-03,0.000000000000000e+00,0.000000000000000e+00,0.000000000000000e+00,1.000000000000000e+00,1843 1822 1830
504,0,-1,0,2,2,1.132544145000001e-07,2.721168183875206e-02,2.020676699500131e-03,0.000000000000000e+00,0.000000000000000e+00,0.000000000000000e+00,1.000000000000000e+00,1830 1854 1843
505,0,-1,0,2,2,5.132505370000002e-07,1.343176735759709e-02,4.776830650597740e-03,0.000000000000000e+00,0.000000000000000e+00,0.000000000000000e+00,1.000000000000000e+00,1717 1705 1708
506,0,-1,0,2,2,4.037845630000001e-07,1.232425628579105e-02,3.947976019524452e-03,0.000000000000000e+00,0.000000000000000e+00,0.000000000000000e+00,1.000000000000000e+00,1701 1709 1708
507,0,-1,0,2,2,8.381185710000006e-07,1.254020917499841e-02,5.232376303425256e-03,0.000000000000000e+00,0.000000000000000e+00,0.000000000000000e+00,1.000000000000000e+00,1705 1697 1708
508,0,-1,0,2,2,6.049488400000002e-08,2.718165895018020e-02,2.813502569492244e-03,0.000000000000000e+00,0.000000000000000e+00,0.000000000000000e+00,1.000000000000000e+00,1843 1848 1866
509,0,-1,0,2,2,5.981823899999934e-08,2.727113016599066e-02,1.753282234203827e-03,0.000000000000000e+00,0.000000000000000e+00,0.000000000000000e+00,1.000000000000000e+00,1830 1836 1853
510,0,-1,0,2,2,1.270337443500002e-06,1.241352724979849e-02,5.535221777484486e-03,0.000000000000000e+00,0.000000000000000e+00,0.000000000000000e+00,1.000000000000000e+00,1705 1698 1697
511,0,-1,0,2,2,3.818404370000002e-07,1.209069816410979e-02,4.181534141205720e-03,0.000000000000000e+00,0.000000000000000e+00,0.000000000000000e+00,1.000000000000000e+00,1701 1708 1697
512,0,-1,0,2,2,1.034586813500000e-06,9.729378267728668e-03,4.002398175984478e-03,0.000000000000000e+00,0.000000000000000e+00,0.000000000000000e+00,1.000000000000000e+00,1689 1684 1685
513,0,-1,0,2,2,2.634969383000002e-06,7.369925361427490e-03,3.117052205633704e-03,0.000000000000000e+00,0.000000000000000e+00,0.000000000000000e+00,1.000000000000000e+00,13 11 1682
514,0,-1,0,2,2,1.245141987799999e-06,9.284404188158582e-03,3.171289997351838e-03,0.000000000000000e+00,0.000000000000000e+00,0.000000000000000e+00,1.000000000000000e+00,1685 1684 1682
515,0,-1,0,2,2,1.630559000000000e-06,8.325942815239363e-03,3.626955212671285e-04,0.000000000000000e+00,0.000000000000000e+00,0.000000000000000e+00,1.000000000000000e+00,11 1681 1682
516,0,-1,0,2,2,1.431038597099998e-06,9.735829143049506e-03,1.681867111677657e-03,0.000000000000000e+00,0.000000000000000e+00,0.000000000000000e+00,1.000000000000000e+00,1686 1682 1681
517,0,-1,0,2,2,1.532607999999999e-06,1.060256192960571e-02,2.982942047947359e-04,0.000000000000000e+00,0.000000000000000e+00,0.000000000000000e+00,1.000000000000000e+00,1687 1686 1681
518,0,-1,0,2,2,1.220936974499999e-06,1.356926014632035e-02,4.686795257236538e-04,0.000000000000000e+00,0.000000000000000e+00,0.000000000000000e+00,1.000000000000000e+00,1702 1711 1699
519,0,-1,0,2,2,8.066918530000001e-07,1.092612708212740e-02,1.314941028777861e-03,0.000000000000000e+00,0.000000000000000e+00,0.000000000000000e+00,1.000000000000000e+00,1692 1686 1687
520,0,-1,0,2,2,7.006505197000001e-07,1.700345666020088e-02,3.617158227993828e-04,0.000000000000000e+00,0.000000000000000e+00,0.000000000000000e+00,1.000000000000000e+00,1724 1748 1722
521,0,-1,0,2,2,1.022757856000000e-06,1.283625514379971e-02,3.267973717403016e-03,0.000000000000000e+00,0.000000000000000e+00,0.000000000000000e+00,1.000000000000000e+00,1709 1716 1708
522,0,-1,0,2,2,5.977036750000019e-08,2.734506043950697e-02,2.514966637787299e-03,0.000000000000000e+00,0.000000000000000e+00,0.000000000000000e+00,1.000000000000000e+00,1854 1848 1843
523,0,-1,0,2,2,1.132578380000000e-07,2.691463821176295e-02,2.327615845257078e-03,0.000000000000000e+00,0.000000000000000e+00,0.000000000000000e+00,1.000000000000000e+00,1826 1822 1843
524,0,-1,0,2,2,1.132696459999998e-07,2.686230751800056e-02,3.031193409284122e-03,0.000000000000000e+00,0.000000000000000e+00,0.000000000000000e+00,1.000000000000000e+00,1844 1826 1843
525,0,-1,0,2,2,6.272971993499991e-07,9.534116746589471e-03,2.710520306682456e-03,0.000000000000000e+00,0.000000000000000e+00,0.000000000000000e+00,1.000000000000000e+00,1685 1682 1686
526,0,-1,0,2,2,1.213741277049999e-06,1.042682976208985e-02,6.115635239492022e-03,0.000000000000000e+00,0.000000000000000e+00,0.000000000000000e+00,1.000000000000000e+00,1690 1698 1695
527,0,-1,0,2,2,5.005319205000007e-07,1.204780132242766e-02,1.718691442196070e-03,0.000000000000000e+00,0.000000000000000e+00,0.000000000000000e+00,1.000000000000000e+00,1700 1692 1699
528,0,-1,0,2,2,1.021630589500001e-06,1.475270729926856e-02,2.241105546619746e-03,0.000000000000000e+00,0.000000000000000e+00,0.000000000000000e+00,1.000000000000000e+00,1721 1716 1711
529,0,-1,0,2,2,7.081424999999994e-07,1.266964019424647e-02,7.501834724457920e-04,0.000000000000000e+00,0.000000000000000e+00,0.000000000000000e+00,1.000000000000000e+00,1699 1691 1702
530,0,-1,0,2,2,8.813288404999995e-07,1.369927077603055e-02,3.034718176079595e-03,0.000000000000000e+00,0.000000000000000e+00,0.000000000000000e+00,1.000000000000000e+00,1716 1709 1711
531,0,-1,0,2,2,8.170875000000009e-07,1.145970466563452e-02,1.696332637771042e-04,0.000000000000000e+00,0.000000000000000e+00,0.000000000000000e+00,1.000000000000000e+00,1687 1691 1699
532,0,-1,0,2,2,5.632457545000000e-07,1.617240475517030e-02,2.036183253024539e-03,0.000000000000000e+00,0.000000000000000e+00,0.000000000000000e+00,1.000000000000000e+00,1733 1725 1721
533,0,-1,0,2,2,1.013291431500001e-06,1.201693866739600e-02,9.800700604542293e-04,0.000000000000000e+00,0.000000000000000e+00,0.000000000000000e+00,1.000000000000000e+00,1699 1692 1687
534,0,-1,0,2,2,6.933065155000001e-07,1.523922047907364e-02,2.793209550803320e-03,0.000000000000000e+00,0.000000000000000e+00,0.000000000000000e+00,1.000000000000000e+00,1725 1716 1721
535,0,-1,0,2,2,5.132267309999998e-07,1.515467243902503e-02,3.053918025602962e-03,0.000000000000000e+00,0.000000000000000e+00,0.000000000000000e+00,1.000000000000000e+00,1725 1723 1716
536,0,-1,0,2,2,7.927900674999996e-07,1.270437265775702e-02,2.646871047361877e-03,0.000000000000000e+00,0.000000000000000e+00,0.000000000000000e+00,1.000000000000000e+00,1709 1700 1711
537,0,-1,0,2,2,5.132267310000001e-07,1.438864396155930e-02,3.819954946014542e-03,0.000000000000000e+00,0.000000000000000e+00,0.000000000000000e+00,1.000000000000000e+00,1723 1717 1716
538,0,-1,0,2,2,1.200566645000004e-07,2.662390080142452e-02,6.565796659832812e-03,0.000000000000000e+00,0.000000000000000e+00,0.000000000000000e+00,1.000000000000000e+00,1893 1856 1874
539,0,-1,0,2,2,1.750613777499997e-06,2.008745146602265e-02,8.150994083299017e-03,0.000000000000000e+00,0.000000000000000e+00,0.000000000000000e+00,1.000000000000000e+00,1835 1818 1816
540,0,-1,0,2,2,1.199265400000002e-07,2.658774600418826e-02,6.710816011693003e-03,0.000000000000000e+00,0.000000000000000e+00,0.000000000000000e+00,1.000000000000000e+00,1893 1872 1856
541,0,-1,0,2,2,4.858874759999991e-07,2.610675021727764e-02,6.233229500983100e-03,0.000000000000000e+00,0.000000000000000e+00,0.000000000000000e+00,1.000000000000000e+00,1856 1842 1863
542,0,-1,0,2,2,1.199914414999996e-07,2.680676668922867e-02,5.774344865272427e-03,0.000000000000000e+00,0.000000000000000e+00,0.000000000000000e+00,1.000000000000000e+00,1894 1874 1863
543,0,-1,0,2,2,9.514713960000009e-07,2.523687891347535e-02,6.835553393811455e-03,0.000000000000000e+00,0.000000000000000e+00,0.000000000000000e+00,1.000000000000000e+00,1837 1842 1856
544,0,-1,0,2,2,5.614012530000009e-07,1.927370355226153e-02,4.919036319206712e-03,0.000000000000000e+00,0.000000000000000e+00,0.000000000000000e+00,1.000000000000000e+00,1795 1779 1785
545,0,-1,0,2,2,6.605184180000009e-07,2.102197643783508e-02,4.501389260365508e-03,0.000000000000000e+00,0.000000000000000e+00,0.000000000000000e+00,1.000000000000000e+00,1792 1805 1785
546,0,-1,0,2,2,7.472850000000005e-07,2.018392542512955e-02,3.592551911799192e-03,0.000000000000000e+00,0.000000000000000e+00,0.000000000000000e+00,1.000000000000000e+00,1781 1792 1785
547,0,-1,0,2,2,1.861656830500002e-06,2.397296907396841e-02,9.206618673279588e-03,0.000000000000000e+00,0.000000000000000e+00,0.000000000000000e+00,1.000000000000000e+00,1841 1857 1834
548,0,-1,0,2,2,5.958295919999995e-07,1.887779139492889e-02,4.959367135658635e-03,0.000000000000000e+00,0.000000000000000e+00,0.000000000000000e+00,1.000000000000000e+00,1795 1778 1779
549,0,-1,0,2,2,2.089103749999993e-07,1.833201582388843e-02,3.732318570373402e-03,0.000000000000000e+00,0.000000000000000e+00,0.000000000000000e+00,1.000000000000000e+00,1784 1767 1779
550,0,-1,0,2,2,4.196230969999988e-07,1.763692673324803e-02,4.427416103959659e-03,0.000000000000000e+00,0.000000000000000e+00,0.000000000000000e+00,1.000000000000000e+00,1778 1784 1779
551,0,-1,0,2,2,1.862795674999998e-06,2.280801591787687e-02,1.179277637246499e-02,0.000000000000000e+00,0.000000000000000e+00,0.000000000000000e+00,1.000000000000000e+00,1892 1851 1857
552,0,-1,0,2,2,2.446552649999999e-07,2.366714133024119e-02,1.314991438116989e-02,0.000000000000000e+00,0.000000000000000e+00,0.000000000000000e+00,1.000000000000000e+00,1927 1949 1931
553,0,-1,0,2,2,1.197434600000003e-07,2.415932279535539e-02,1.297194135654362e-02,0.000000000000000e+00,0.000000000000000e+00,0.000000000000000e+00,1.000000000000000e+00,1935 1951 1927
554,0,-1,0,2,2,4.859021149999999e-07,2.319270171482736e-02,1.242044046867123e-02,0.000000000000000e+00,0.000000000000000e+00,0.000000000000000e+00,1.000000000000000e+00,1892 1898 1927
555,0,-1,0,2,2,1.206958650000008e-07,2.396477382682278e-02,1.332742642052759e-02,0.000000000000000e+00,0.000000000000000e+00,0.000000000000000e+00,1.000000000000000e+00,1951 1949 1927
556,0,-1,0,2,2,1.679907965000000e-06,2.139866133937260e-02,1.152299626130553e-02,0.000000000000000e+00,0.000000000000000e+00,0.000000000000000e+00,1.000000000000000e+00,1886 1851 1892
557,0,-1,0,2,2,1.764329565000001e-06,1.747780682410168e-02,1.282645541299982e-02,0.000000000000000e+00,0.000000000000000e+00,0.000000000000000e+00,1.000000000000000e+00,1887 1849 1875
558,0,-1,0,2,2,1.206212549999997e-07,2.348274066264475e-02,1.415956065301431e-02,0.000000000000000e+00,0.000000000000000e+00,0.000000000000000e+00,1.000000000000000e+00,1950 1964 1931
559,0,-1,0,2,2,4.859121799999996e-07,2.304830051346255e-02,1.268636974601752e-02,0.000000000000000e+00,0.000000000000000e+00,0.000000000000000e+00,1.000000000000000e+00,1892 1927 1931
560,0,-1,0,2,2,9.515270899999997e-07,2.225618956948798e-02,1.372172857145417e-02,0.000000000000000e+00,0.000000000000000e+00,0.000000000000000e+00,1.000000000000000e+00,1924 1892 1931
561,0,-1,0,2,2,1.941218613500000e-06,1.844342107744012e-02,8.477189778619847e-03,0.000000000000000e+00,0.000000000000000e+00,0.000000000000000e+00,1.000000000000000e+00,1838 1818 1835
562,0,-1,0,2,2,1.755440200000001e-06,1.847604679207559e-02,1.134196385271577e-02,0.000000000000000e+00,0.000000000000000e+00,0.000000000000000e+00,1.000000000000000e+00,1875 1846 1850
563,0,-1,0,2,2,2.446225999999995e-07,2.433128390922740e-02,1.247456357751903e-02,0.000000000000000e+00,0.000000000000000e+00,0.000000000000000e+00,1.000000000000000e+00,1932 1927 1898
564,0,-1,0,2,2,1.197352050000001e-07,2.338754667778133e-02,1.379985495736677e-02,0.000000000000000e+00,0.000000000000000e+00,0.000000000000000e+00,1.000000000000000e+00,1931 1949 1950
565,0,-1,0,2,2,2.502478615000001e-06,1.670438287244577e-02,7.187693868651624e-03,0.000000000000000e+00,0.000000000000000e+00,0.000000000000000e+00,1.000000000000000e+00,1825 1777 1818
566,0,-1,0,2,2,1.919447033999999e-06,1.692674089645790e-02,1.003224237301944e-02,0.000000000000000e+00,0.000000000000000e+00,0.000000000000000e+00,1.000000000000000e+00,1846 1840 1838
567,0,-1,0,2,2,1.202777729999997e-07,2.587242437113002e-02,9.084608551344122e-03,0.000000000000000e+00,0.000000000000000e+00,0.000000000000000e+00,1.000000000000000e+00,1873 1883 1859
568,0,-1,0,2,2,1.682285647500002e-06,2.280022396210521e-02,8.416210090081682e-03,0.000000000000000e+00,0.000000000000000e+00,0.000000000000000e+00,1.000000000000000e+00,1834 1820 1841
569,0,-1,0,2,2,1.197805454999997e-07,2.573588501737573e-02,9.466147433197278e-03,0.000000000000000e+00,0.000000000000000e+00,0.000000000000000e+00,1.000000000000000e+00,1883 1881 1859
570,0,-1,0,2,2,4.858596550000000e-07,2.473497580176572e-02,8.963933100203018e-03,0.000000000000000e+00,0.000000000000000e+00,0.000000000000000e+00,1.000000000000000e+00,1841 1858 1859
571,0,-1,0,2,2,2.449572299999985e-07,2.551197120304523e-02,9.837325985236177e-03,0.000000000000000e+00,0.000000000000000e+00,0.000000000000000e+00,1.000000000000000e+00,1881 1864 1859
572,0,-1,0,2,2,1.779855360000002e-06,2.125511125592304e-02,6.753179322500170e-03,0.000000000000000e+00,0.000000000000000e+00,0.000000000000000e+00,1.000000000000000e+00,1816 1805 1820
573,0,-1,0,2,2,1.662962624000001e-06,2.161501762747959e-02,9.672873273906570e-03,0.000000000000000e+00,0.000000000000000e+00,0.000000000000000e+00,1.000000000000000e+00,1851 1835 1834
574,0,-1,0,2,2,1.914567826000001e-06,1.603926406467916e-02,1.138653819137442e-02,0.000000000000000e+00,0.000000000000000e+00,0.000000000000000e+00,1.000000000000000e+00,1849 1840 1846
575,0,-1,0,2,2,1.864024285000000e-06,2.190459117310899e-02,1.339575928629435e-02,0.000000000000000e+00,0.000000000000000e+00,0.000000000000000e+00,1.000000000000000e+00,1924 1886 1892
576,0,-1,0,2,2,2.448669849999994e-07,2.266514583052055e-02,1.481051539610175e-02,0.000000000000000e+00,0.000000000000000e+00,0.000000000000000e+00,1.000000000000000e+00,1948 1970 1965
577,0,-1,0,2,2,1.197514549999999e-07,2.319061644564861e-02,1.463332269459834e-02,0.000000000000000e+00,0.000000000000000e+00,0.000000000000000e+00,1.000000000000000e+00,1964 1966 1948
578,0,-1,0,2,2,4.858558750000001e-07,2.223917096768813e-02,1.405658863577933e-02,0.000000000000000e+00,0.000000000000000e+00,0.000000000000000e+00,1.000000000000000e+00,1924 1931 1948
579,0,-1,0,2,2,1.204805550000006e-07,2.297178293413516e-02,1.497437689792080e-02,0.000000000000000e+00,0.000000000000000e+00,0.000000000000000e+00,1.000000000000000e+00,1966 1970 1948
580,0,-1,0,2,2,1.678646345000000e-06,2.053796336246773e-02,1.299506662908323e-02,0.000000000000000e+00,0.000000000000000e+00,0.000000000000000e+00,1.000000000000000e+00,1903 1886 1924
581,0,-1,0,2,2,1.197903299999997e-07,2.266317642429787e-02,1.543751302644318e-02,0.000000000000000e+00,0.000000000000000e+00,0.000000000000000e+00,1.000000000000000e+00,1970 1971 1965
582,0,-1,0,2,2,1.938362595000001e-06,1.757147030608831e-02,1.015850700770862e-02,0.000000000000000e+00,0.000000000000000e+00,0.000000000000000e+00,1.000000000000000e+00,1846 1838 1850
583,0,-1,0,2,2,8.135549899999982e-07,1.684371565776129e-02,1.391041034329219e-02,0.000000000000000e+00,0.000000000000000e+00,0.000000000000000e+00,1.000000000000000e+00,1888 1855 1887
584,0,-1,0,2,2,1.930186470000002e-06,1.793293073591796e-02,1.161846552770350e-02,0.000000000000000e+00,0.000000000000000e+00,0.000000000000000e+00,1.000000000000000e+00,1875 1849 1846
585,0,-1,0,2,2,9.514530900000007e-07,2.121152469661569e-02,1.528710748570150e-02,0.000000000000000e+00,0.000000000000000e+00,0.000000000000000e+00,1.000000000000000e+00,1954 1924 1965
586,0,-1,0,2,2,1.203994200000000e-07,2.243262278858679e-02,1.577075300795428e-02,0.000000000000000e+00,0.000000000000000e+00,0.000000000000000e+00,1.000000000000000e+00,1971 1988 1965
587,0,-1,0,2,2,4.859169349999999e-07,2.207602283442305e-02,1.431144725815793e-02,0.000000000000000e+00,0.000000000000000e+00,0.000000000000000e+00,1.000000000000000e+00,1924 1948 1965
588,0,-1,0,2,2,1.865358050000001e-06,2.051331519535964e-02,1.360558755915807e-02,0.000000000000000e+00,0.000000000000000e+00,0.000000000000000e+00,1.000000000000000e+00,1903 1924 1954
589,0,-1,0,2,2,1.081290920000000e-06,1.857655365756085e-02,1.420923221016357e-02,0.000000000000000e+00,0.000000000000000e+00,0.000000000000000e+00,1.000000000000000e+00,1908 1888 1887
590,0,-1,0,2,2,2.449311000000001e-07,2.214509429158724e-02,1.603833673674536e-02,0.000000000000000e+00,0.000000000000000e+00,0.000000000000000e+00,1.000000000000000e+00,1988 1969 1965
591,0,-1,0,2,2,1.198361400000001e-07,2.118865572494828e-02,1.698381195813447e-02,0.000000000000000e+00,0.000000000000000e+00,0.000000000000000e+00,1.000000000000000e+00,1981 1999 2003
592,0,-1,0,2,2,4.859128650000018e-07,2.098941092289680e-02,1.586234556886102e-02,0.000000000000000e+00,0.000000000000000e+00,0.000000000000000e+00,1.000000000000000e+00,1954 1969 1981
593,0,-1,0,2,2,9.515113200000003e-07,2.005692907660418e-02,1.677334103705459e-02,0.000000000000000e+00,0.000000000000000e+00,0.000000000000000e+00,1.000000000000000e+00,1961 1954 1981
594,0,-1,0,2,2,1.202161300000006e-07,2.127209766341246e-02,1.730427582961210e-02,0.000000000000000e+00,0.000000000000000e+00,0.000000000000000e+00,1.000000000000000e+00,2003 2001 1981
595,0,-1,0,2,2,1.464992295000003e-06,1.771594476143987e-02,1.516284798821574e-02,0.000000000000000e+00,0.000000000000000e+00,0.000000000000000e+00,1.000000000000000e+00,1902 1888 1908
596,0,-1,0,2,2,1.197874649999995e-07,2.210792740915702e-02,1.622272308854200e-02,0.000000000000000e+00,0.000000000000000e+00,0.000000000000000e+00,1.000000000000000e+00,1988 1993 1969
597,0,-1,0,2,2,4.858890750000010e-07,2.117046517882412e-02,1.561988109747297e-02,0.000000000000000e+00,0.000000000000000e+00,0.000000000000000e+00,1.000000000000000e+00,1954 1965 1969
598,0,-1,0,2,2,1.202895499999995e-07,2.186583807870685e-02,1.654767341257330e-02,0.000000000000000e+00,0.000000000000000e+00,0.000000000000000e+00,1.000000000000000e+00,1993 1999 1969
599,0,-1,0,2,2,1.677234714999998e-06,1.957619798889812e-02,1.440319444494914e-02,0.000000000000000e+00,0.000000000000000e+00,0.000000000000000e+00,1.000000000000000e+00,1908 1903 1954
600,0,-1,0,2,2,2.450036450000003e-07,2.154684510277867e-02,1.639520915991725e-02,0.000000000000000e+00,0.000000000000000e+00,0.000000000000000e+00,1.000000000000000e+00,1969 1999 1981
601,0,-1,0,2,2,1.772058525000000e-06,1.812482510332458e-02,1.298761051695990e-02,0.000000000000000e+00,0.000000000000000e+00,0.000000000000000e+00,1.000000000000000e+00,1887 1875 1903
602,0,-1,0,2,2,2.112288521999999e-06,1.558253337246072e-02,1.149774299837760e-02,0.000000000000000e+00,0.000000000000000e+00,0.000000000000000e+00,1.000000000000000e+00,1849 1839 1840
603,0,-1,0,2,2,2.364620352000000e-06,1.409706284977715e-02,1.058290964738065e-02,0.000000000000000e+00,0.000000000000000e+00,0.000000000000000e+00,1.000000000000000e+00,1839 1773 1840
604,0,-1,0,2,2,1.464537520000000e-06,1.700774774840596e-02,1.310175815629625e-02,0.000000000000000e+00,0.000000000000000e+00,0.000000000000000e+00,1.000000000000000e+00,1887 1855 1849
605,0,-1,0,2,2,2.107760482999999e-06,1.588830019842619e-02,9.056484553614840e-03,0.000000000000000e+00,0.000000000000000e+00,0.000000000000000e+00,1.000000000000000e+00,1840 1825 1838
606,0,-1,0,2,2,1.590003219999999e-06,1.539741819509096e-02,1.294716484811381e-02,0.000000000000000e+00,0.000000000000000e+00,0.000000000000000e+00,1.000000000000000e+00,1855 1839 1849
607,0,-1,0,2,2,9.074360949999997e-07,1.576515170506045e-02,6.466635835472243e-03,0.000000000000000e+00,0.000000000000000e+00,0.000000000000000e+00,1.000000000000000e+00,1776 1777 1825
608,0,-1,0,2,2,2.450301199999992e-07,2.096060058791718e-02,1.755814589743459e-02,0.000000000000000e+00,0.000000000000000e+00,0.000000000000000e+00,1.000000000000000e+00,2001 1982 1981
609,0,-1,0,2,2,1.866910695000000e-06,1.976558867561896e-02,1.638730060299834e-02,0.000000000000000e+00,0.000000000000000e+00,0.000000000000000e+00,1.000000000000000e+00,1961 1908 1954
610,0,-1,0,2,2,2.344912155000002e-06,1.813463662090715e-02,1.561012736177681e-02,0.000000000000000e+00,0.000000000000000e+00,0.000000000000000e+00,1.000000000000000e+00,1902 1908 1961
611,0,-1,0,2,2,2.450933550000005e-07,2.031793914701555e-02,1.789569808965516e-02,0.000000000000000e+00,0.000000000000000e+00,0.000000000000000e+00,1.000000000000000e+00,1982 2000 1979
612,0,-1,0,2,2,1.198499400000002e-07,2.091639582075364e-02,1.773233354458448e-02,0.000000000000000e+00,0.000000000000000e+00,0.000000000000000e+00,1.000000000000000e+00,2001 2002 1982
613,0,-1,0,2,2,4.858529399999994e-07,1.999203105985967e-02,1.710229986617192e-02,0.000000000000000e+00,0.000000000000000e+00,0.000000000000000e+00,1.000000000000000e+00,1961 1981 1982
614,0,-1,0,2,2,1.201088249999993e-07,2.065224825432794e-02,1.803957582961210e-02,0.000000000000000e+00,0.000000000000000e+00,0.000000000000000e+00,1.000000000000000e+00,2002 2000 1982
615,0,-1,0,2,2,1.199495100000005e-07,2.010888347467212e-02,1.864343707054358e-02,0.000000000000000e+00,0.000000000000000e+00,0.000000000000000e+00,1.000000000000000e+00,1994 1979 2000
616,0,-1,0,2,2,9.074401790000008e-07,1.499912322759472e-02,7.232671198829681e-03,0.000000000000000e+00,0.000000000000000e+00,0.000000000000000e+00,1.000000000000000e+00,1774 1776 1825
617,0,-1,0,2,2,4.858979700000012e-07,1.979400491375685e-02,1.733110897271234e-02,0.000000000000000e+00,0.000000000000000e+00,0.000000000000000e+00,1.000000000000000e+00,1961 1982 1979
618,0,-1,0,2,2,9.514463299999989e-07,1.879844700403896e-02,1.817265137280618e-02,0.000000000000000e+00,0.000000000000000e+00,0.000000000000000e+00,1.000000000000000e+00,1962 1961 1979
619,0,-1,0,2,2,1.200532000000008e-07,2.000694313982898e-02,1.875274227149042e-02,0.000000000000000e+00,0.000000000000000e+00,0.000000000000000e+00,1.000000000000000e+00,1994 2006 1979
620,0,-1,0,2,2,2.450708450000006e-07,1.966391227916747e-02,1.861197577546328e-02,0.000000000000000e+00,0.000000000000000e+00,0.000000000000000e+00,1.000000000000000e+00,1979 2006 1980
621,0,-1,0,2,2,1.292606744500000e-06,1.407841699141022e-02,8.285587560102361e-03,0.000000000000000e+00,0.000000000000000e+00,0.000000000000000e+00,1.000000000000000e+00,1772 1774 1840
622,0,-1,0,2,2,1.292598554500001e-06,1.331238851394449e-02,9.051617594622228e-03,0.000000000000000e+00,0.000000000000000e+00,0.000000000000000e+00,1.000000000000000e+00,1773 1772 1840
623,0,-1,0,2,2,2.112292630000000e-06,1.511238386339114e-02,1.327504930987142e-02,0.000000000000000e+00,0.000000000000000e+00,0.000000000000000e+00,1.000000000000000e+00,1855 183 1839
624,0,-1,0,2,2,1.199602250000006e-07,1.962199953314568e-02,1.915465406272578e-02,0.000000000000000e+00,0.000000000000000e+00,0.000000000000000e+00,1.000000000000000e+00,2006 398 1980
625,0,-1,0,2,2,4.858484099999989e-07,1.871005304025333e-02,1.849608265971040e-02,0.000000000000000e+00,0.000000000000000e+00,0.000000000000000e+00,1.000000000000000e+00,1962 1979 1980
626,0,-1,0,2,2,1.914441034999999e-06,1.748048852071309e-02,1.675725244111488e-02,0.000000000000000e+00,0.000000000000000e+00,0.000000000000000e+00,1.000000000000000e+00,1923 1902 1961
627,0,-1,0,2,2,2.089692629999999e-06,1.391838246051224e-02,1.345822624917581e-02,0.000000000000000e+00,0.000000000000000e+00,0.000000000000000e+00,1.000000000000000e+00,183 1829 1839
628,0,-1,0,2,2,2.533968740000000e-06,1.235211753194719e-02,1.064244741074786e-02,0.000000000000000e+00,0.000000000000000e+00,0.000000000000000e+00,1.000000000000000e+00,1775 1839 1829
629,0,-1,0,2,2,6.191366134999995e-07,1.259715932381805e-02,1.347523939187077e-03,0.000000000000000e+00,0.000000000000000e+00,0.000000000000000e+00,1.000000000000000e+00,1699 1711 1700
630,0,-1,0,2,2,9.515426050000014e-07,2.318560154792825e-02,1.208522228189283e-02,0.000000000000000e+00,0.000000000000000e+00,0.000000000000000e+00,1.000000000000000e+00,1892 1857 1898
631,0,-1,0,2,2,1.197120099999998e-07,2.459932026479432e-02,1.211675035033373e-02,0.000000000000000e+00,0.000000000000000e+00,0.000000000000000e+00,1.000000000000000e+00,1913 1932 1898
632,0,-1,0,2,2,4.858229749999999e-07,2.390121939568379e-02,1.099561303243980e-02,0.000000000000000e+00,0.000000000000000e+00,0.000000000000000e+00,1.000000000000000e+00,1857 1880 1898
633,0,-1,0,2,2,2.038206023250001e-06,7.439019639091533e-03,3.876116101097822e-03,0.000000000000000e+00,0.000000000000000e+00,0.000000000000000e+00,1.000000000000000e+00,13 1682 1684
634,0,-1,0,2,2,1.113550390500000e-06,7.719870801946986e-03,5.468951491161596e-03,0.000000000000000e+00,0.000000000000000e+00,0.000000000000000e+00,1.000000000000000e+00,1680 13 1684
635,0,-1,0,2,2,9.277385666999996e-07,1.019890638796110e-02,4.372198535313150e-03,0.000000000000000e+00,0.000000000000000e+00,0.000000000000000e+00,1.000000000000000e+00,1689 1697 1690
636,0,-1,0,2,2,1.313420280200001e-06,9.147837588221696e-03,6.475017553987181e-03,0.000000000000000e+00,0.000000000000000e+00,0.000000000000000e+00,1.000000000000000e+00,1688 1684 1690
637,0,-1,0,2,2,1.658772388249998e-06,1.105475376795385e-02,4.985207683432905e-03,0.000000000000000e+00,0.000000000000000e+00,0.000000000000000e+00,1.000000000000000e+00,1697 1698 1690
638,0,-1,0,2,2,1.200661061100000e-06,7.030504210672804e-03,6.294332125241741e-03,0.000000000000000e+00,0.000000000000000e+00,0.000000000000000e+00,1.000000000000000e+00,1683 13 1680
639,0,-1,0,2,2,1.336591263400000e-06,8.929440342252773e-03,4.880773556767961e-03,0.000000000000000e+00,0.000000000000000e+00,0.000000000000000e+00,1.000000000000000e+00,1684 1689 1690
640,0,-1,0,2,2,9.623474245999996e-07,9.652003335928193e-03,8.402475654281873e-03,0.000000000000000e+00,0.000000000000000e+00,0.000000000000000e+00,1.000000000000000e+00,1693 1694 24
641,0,-1,0,2,2,1.113555906300000e-06,7.372333649348928e-03,6.761566704719257e-03,0.000000000000000e+00,0.000000000000000e+00,0.000000000000000e+00,1.000000000000000e+00,1683 1680 1688
642,0,-1,0,2,2,1.525817345000000e-06,1.235942011588508e-02,1.008465611927793e-02,0.000000000000000e+00,0.000000000000000e+00,0.000000000000000e+00,1.000000000000000e+00,1775 1773 1839
643,0,-1,0,2,2,1.603834210000000e-06,1.137671198366492e-02,1.109416893859637e-02,0.000000000000000e+00,0.000000000000000e+00,0.000000000000000e+00,1.000000000000000e+00,110 1775 1829
644,0,-1,0,2,2,1.335409169500000e-06,1.055060407442264e-02,7.065621785102266e-03,0.000000000000000e+00,0.000000000000000e+00,0.000000000000000e+00,1.000000000000000e+00,1695 1688 1690
645,0,-1,0,2,2,1.313418816000000e-06,8.622017289501649e-03,7.160280197108308e-03,0.000000000000000e+00,0.000000000000000e+00,0.000000000000000e+00,1.000000000000000e+00,1688 24 1683
646,0,-1,0,2,2,1.188906080700000e-06,9.641286132251310e-03,8.061226996801663e-03,0.000000000000000e+00,0.000000000000000e+00,0.000000000000000e+00,1.000000000000000e+00,1693 24 1688
647,0,-1,0,2,2,1.025457679000000e-06,1.057246667166615e-02,7.460347467176763e-03,0.000000000000000e+00,0.000000000000000e+00,0.000000000000000e+00,1.000000000000000e+00,1695 1693 1688
648,0,-1,0,2,2,1.113545684100000e-06,8.061700240623110e-03,5.936186070639115e-03,0.000000000000000e+00,0.000000000000000e+00,0.000000000000000e+00,1.000000000000000e+00,1680 1684 1688
649,0,-1,0,2,2,2.447397149999997e-07,2.318098787496641e-02,1.398919274134305e-02,0.000000000000000e+00,0.000000000000000e+00,0.000000000000000e+00,1.000000000000000e+00,1931 1964 1948
650,0,-1,0,2,2,1.777572605000000e-06,1.908923028473758e-02,1.152653705100975e-02,0.000000000000000e+00,0.000000000000000e+00,0.000000000000000e+00,1.000000000000000e+00,1875 1850 1886
651,0,-1,0,2,2,1.674244875000000e-06,1.906819350369991e-02,1.404250285236604e-02,0.000000000000000e+00,0.000000000000000e+00,0.000000000000000e+00,1.000000000000000e+00,1908 1887 1903
652,0,-1,0,2,2,1.205154600000002e-07,2.517189666201779e-02,1.087561227839549e-02,0.000000000000000e+00,0.000000000000000e+00,0.000000000000000e+00,1.000000000000000e+00,1897 1900 1880
653,0,-1,0,2,2,1.681141233499998e-06,2.215399191961272e-02,9.994199423607368e-03,0.000000000000000e+00,0.000000000000000e+00,0.000000000000000e+00,1.000000000000000e+00,1851 1834 1857
654,0,-1,0,2,2,1.197497200000001e-07,2.500911531719447e-02,1.124672578600217e-02,0.000000000000000e+00,0.000000000000000e+00,0.000000000000000e+00,1.000000000000000e+00,1900 1912 1880
655,0,-1,0,2,2,4.858188050000007e-07,2.402609513807604e-02,1.071998330777301e-02,0.000000000000000e+00,0.000000000000000e+00,0.000000000000000e+00,1.000000000000000e+00,1857 1864 1880
656,0,-1,0,2,2,2.447679950000010e-07,2.475575855700850e-02,1.160955913738511e-02,0.000000000000000e+00,0.000000000000000e+00,0.000000000000000e+00,1.000000000000000e+00,1912 1898 1880
657,0,-1,0,2,2,1.781375313499999e-06,2.065927960060563e-02,8.399605804449716e-03,0.000000000000000e+00,0.000000000000000e+00,0.000000000000000e+00,1.000000000000000e+00,1835 1816 1834
658,0,-1,0,2,2,1.664719355000001e-06,2.087106911303606e-02,1.118891472405265e-02,0.000000000000000e+00,0.000000000000000e+00,0.000000000000000e+00,1.000000000000000e+00,1886 1850 1851
659,0,-1,0,2,2,1.731693500000003e-06,1.690797171496384e-02,5.606718550144796e-03,0.000000000000000e+00,0.000000000000000e+00,0.000000000000000e+00,1.000000000000000e+00,1777 1778 1818
660,0,-1,0,2,2,1.725467595500002e-06,1.536100381237711e-02,8.832816839859701e-03,0.000000000000000e+00,0.000000000000000e+00,0.000000000000000e+00,1.000000000000000e+00,1840 1774 1825
661,0,-1,0,2,2,1.870208790000000e-06,1.836309466522509e-02,1.795126941453523e-02,0.000000000000000e+00,0.000000000000000e+00,0.000000000000000e+00,1.000000000000000e+00,1962 1923 1961
662,0,-1,0,2,2,1.130699649999998e-07,2.712968448283539e-02,2.921210232886777e-03,0.000000000000000e+00,0.000000000000000e+00,0.000000000000000e+00,1.000000000000000e+00,1843 1866 1862
663,0,-1,0,2,2,5.975112699999984e-08,2.724174874825667e-02,3.458957286817645e-03,0.000000000000000e+00,0.000000000000000e+00,0.000000000000000e+00,1.000000000000000e+00,1866 1868 1862
664,0,-1,0,2,2,5.999262500000007e-08,2.732719874448638e-02,7.472941231855261e-05,0.000000000000000e+00,0.000000000000000e+00,0.000000000000000e+00,1.000000000000000e+00,1812 1827 1831
665,0,-1,0,2,2,6.053762849999932e-08,2.698150930728253e-02,4.330417634770652e-03,0.000000000000000e+00,0.000000000000000e+00,0.000000000000000e+00,1.000000000000000e+00,1876 1868 1901
666,0,-1,0,2,2,1.113246465000010e-07,2.686770421985797e-02,4.297261723816779e-03,0.000000000000000e+00,0.000000000000000e+00,0.000000000000000e+00,1.000000000000000e+00,1876 1852 1862
667,0,-1,0,2,2,1.130247164999998e-07,2.714441087029195e-02,3.883684528089905e-03,0.000000000000000e+00,0.000000000000000e+00,0.000000000000000e+00,1.000000000000000e+00,1868 1876 1862
668,0,-1,0,2,2,1.103136275000002e-07,2.688564775962723e-02,3.210192353740645e-03,0.000000000000000e+00,0.000000000000000e+00,0.000000000000000e+00,1.000000000000000e+00,1844 1843 1862
669,0,-1,0,2,2,2.531521180000002e-07,2.682750108184590e-02,4.755751887218550e-03,0.000000000000000e+00,0.000000000000000e+00,0.000000000000000e+00,1.000000000000000e+00,1876 1885 1863
670,0,-1,0,2,2,1.615523575000014e-07,2.664722214729277e-02,4.562421111669111e-03,0.000000000000000e+00,0.000000000000000e+00,0.000000000000000e+00,1.000000000000000e+00,1852 1876 1863
671,0,-1,0,2,2,6.005549999999998e-07,1.426384642965900e-02,1.246795535700385e-04,0.000000000000000e+00,0.000000000000000e+00,0.000000000000000e+00,1.000000000000000e+00,1702 1713 1712
672,0,-1,0,2,2,9.713398610000008e-07,1.495907925558613e-02,1.851983702411455e-03,0.000000000000000e+00,0.000000000000000e+00,0.000000000000000e+00,1.000000000000000e+00,1721 1711 1712
673,0,-1,0,2,2,7.192676692000008e-07,1.603874314736955e-02,1.031927802290656e-03,0.000000000000000e+00,0.000000000000000e+00,0.000000000000000e+00,1.000000000000000e+00,1722 1721 1712
674,0,-1,0,2,2,7.578618225000011e-07,1.730505804799862e-02,3.463744797240415e-04,0.000000000000000e+00,0.000000000000000e+00,0.000000000000000e+00,1.000000000000000e+00,1724 1745 1748
675,0,-1,0,2,2,5.404500000000001e-07,2.098581259343187e-02,6.332209391593666e-04,0.000000000000000e+00,0.000000000000000e+00,0.000000000000000e+00,1.000000000000000e+00,1771 1750 1753
676,0,-1,0,2,2,1.100025000000000e-06,2.339181045158980e-02,1.167790608406334e-04,0.000000000000000e+00,0.000000000000000e+00,0.000000000000000e+00,1.000000000000000e+00,1782 1787 1753
677,0,-1,0,2,2,5.404874999999998e-07,2.310826149950311e-02,6.332209391593667e-04,0.000000000000000e+00,0.000000000000000e+00,0.000000000000000e+00,1.000000000000000e+00,1787 1782 1790
678,0,-1,0,2,2,5.404874999999998e-07,2.677234311352655e-02,2.335581216812669e-04,0.000000000000000e+00,0.000000000000000e+00,0.000000000000000e+00,1.000000000000000e+00,1794 1806 1801
679,0,-1,0,2,2,7.125226605000010e-07,2.334309309621905e-02,5.072212980316049e-03,0.000000000000000e+00,0.000000000000000e+00,0.000000000000000e+00,1.000000000000000e+00,1819 1810 1824
680,0,-1,0,2,2,7.171370100000013e-07,2.509935563927239e-02,4.514378206039275e-03,0.000000000000000e+00,0.000000000000000e+00,0.000000000000000e+00,1.000000000000000e+00,1832 1842 1824
681,0,-1,0,2,2,7.472300000000008e-07,2.425350597529695e-02,3.592551911799192e-03,0.000000000000000e+00,0.000000000000000e+00,0.000000000000000e+00,1.000000000000000e+00,1821 1832 1824
682,0,-1,0,2,2,2.451106720000009e-07,2.643584709879939e-02,5.850194135559243e-03,0.000000000000000e+00,0.000000000000000e+00,0.000000000000000e+00,1.000000000000000e+00,1863 1874 1856
683,0,-1,0,2,2,1.199855659999999e-07,2.688877360654682e-02,5.377527163219667e-03,0.000000000000000e+00,0.000000000000000e+00,0.000000000000000e+00,1.000000000000000e+00,1885 1894 1863
684,0,-1,0,2,2,6.427062499999990e-07,2.577337096768813e-02,5.273696063734037e-03,0.000000000000000e+00,0.000000000000000e+00,0.000000000000000e+00,1.000000000000000e+00,1842 1852 1863
685,0,-1,0,2,2,5.974502249999971e-08,2.710589101974709e-02,4.398806553061222e-03,0.000000000000000e+00,0.000000000000000e+00,0.000000000000000e+00,1.000000000000000e+00,1901 1910 1876
686,0,-1,0,2,2,1.412773140000007e-07,2.672899863096410e-02,4.056693039630231e-03,0.000000000000000e+00,0.000000000000000e+00,0.000000000000000e+00,1.000000000000000e+00,1852 1844 1862
687,0,-1,0,2,2,7.171897949999991e-07,2.559876291591922e-02,5.076943587921449e-03,0.000000000000000e+00,0.000000000000000e+00,0.000000000000000e+00,1.000000000000000e+00,1842 1832 1852
688,0,-1,0,2,2,6.094985400000007e-08,2.693216626144200e-02,4.625224038281614e-03,0.000000000000000e+00,0.000000000000000e+00,0.000000000000000e+00,1.000000000000000e+00,1876 1910 1885
689,0,-1,0,2,2,7.455799999999991e-07,2.584589619284754e-02,3.421275955899595e-03,0.000000000000000e+00,0.000000000000000e+00,0.000000000000000e+00,1.000000000000000e+00,1833 1844 1852
690,0,-1,0,2,2,1.780618464000002e-06,1.993582607841680e-02,9.994013297269962e-03,0.000000000000000e+00,0.000000000000000e+00,0.000000000000000e+00,1.000000000000000e+00,1850 1835 1851
691,0,-1,0,2,2,1.668433894999998e-06,2.002064769348517e-02,1.264793697809909e-02,0.000000000000000e+00,0.000000000000000e+00,0.000000000000000e+00,1.000000000000000e+00,1903 1875 1886
692,0,-1,0,2,2,1.207474600000004e-07,2.434758626612075e-02,1.261306354367603e-02,0.000000000000000e+00,0.000000000000000e+00,0.000000000000000e+00,1.000000000000000e+00,1932 1935 1927
693,0,-1,0,4,4,3.829983624999997e-07,1.729823857940418e-02,3.063654052863748e-03,0.000000000000000e+00,0.000000000000000e+00,0.000000000000000e+00,1.000000000000000e+00,1768 1769 1755
694,0,-1,0,4,4,3.829899124999999e-07,1.637932082409314e-02,3.110832333607155e-03,0.000000000000000e+00,0.000000000000000e+00,0.000000000000000e+00,1.000000000000000e+00,1757 1765 1768
695,0,-1,0,4,4,3.657290995000005e-07,1.683042205407631e-02,4.409341838811332e-03,0.000000000000000e+00,0.000000000000000e+00,0.000000000000000e+00,1.000000000000000e+00,1766 1778 1754
696,0,-1,0,4,4,4.010479980000009e-07,1.591109597934019e-02,4.456882036495858e-03,0.000000000000000e+00,0.000000000000000e+00,0.000000000000000e+00,1.000000000000000e+00,1746 1755 1766
697,0,-1,0,4,4,3.656963379999994e-07,1.605878552561364e-02,5.736027225686555e-03,0.000000000000000e+00,0.000000000000000e+00,0.000000000000000e+00,1.000000000000000e+00,1777 1776 1756
698,0,-1,0,4,4,3.833297134999999e-07,1.596962858267544e-02,2.702270935484194e-03,0.000000000000000e+00,0.000000000000000e+00,0.000000000000000e+00,1.000000000000000e+00,1752 1749 1765
699,0,-1,0,4,4,4.010247240000007e-07,1.583861510891177e-02,4.666984694543748e-03,0.000000000000000e+00,0.000000000000000e+00,0.000000000000000e+00,1.000000000000000e+00,1746 1766 1754
700,0,-1,0,4,4,4.010026269999994e-07,1.539669953837032e-02,4.225044694543748e-03,0.000000000000000e+00,0.000000000000000e+00,0.000000000000000e+00,1.000000000000000e+00,1742 1755 1746
701,0,-1,0,4,4,3.657497419999988e-07,1.592296876570064e-02,5.316744711215740e-03,0.000000000000000e+00,0.000000000000000e+00,0.000000000000000e+00,1.000000000000000e+00,1754 1777 1756
702,0,-1,0,4,4,4.010026270000007e-07,1.500368040879874e-02,5.364302036495860e-03,0.000000000000000e+00,0.000000000000000e+00,0.000000000000000e+00,1.000000000000000e+00,1743 1746 1754
703,0,-1,0,4,4,3.656938145000006e-07,1.515146995507220e-02,6.643347467390435e-03,0.000000000000000e+00,0.000000000000000e+00,0.000000000000000e+00,1.000000000000000e+00,1776 1774 1758
704,0,-1,0,4,4,3.656665935000008e-07,1.787343223723798e-02,3.921374527549521e-03,0.000000000000000e+00,0.000000000000000e+00,0.000000000000000e+00,1.000000000000000e+00,1784 1778 1766
705,0,-1,0,4,4,3.653700535000004e-07,1.659987529661571e-02,2.647829143981398e-03,0.000000000000000e+00,0.000000000000000e+00,0.000000000000000e+00,1.000000000000000e+00,1765 1757 1752
706,0,-1,0,4,4,4.006026894999994e-07,1.702249986094728e-02,3.070204579649835e-03,0.000000000000000e+00,0.000000000000000e+00,0.000000000000000e+00,1.000000000000000e+00,1768 1755 1757
707,0,-1,0,4,4,3.829812525000012e-07,1.772377483498604e-02,3.489179409066592e-03,0.000000000000000e+00,0.000000000000000e+00,0.000000000000000e+00,1.000000000000000e+00,1769 1784 1766
708,0,-1,0,4,4,4.006353400000009e-07,1.674285428899834e-02,3.756679473213912e-03,0.000000000000000e+00,0.000000000000000e+00,0.000000000000000e+00,1.000000000000000e+00,1755 1769 1766
709,0,-1,0,4,4,3.657074229999991e-07,1.696610109615509e-02,4.828701655145110e-03,0.000000000000000e+00,0.000000000000000e+00,0.000000000000000e+00,1.000000000000000e+00,1778 1777 1754
710,0,-1,0,4,4,3.657633670000004e-07,1.498103478578891e-02,3.810352168043845e-03,0.000000000000000e+00,0.000000000000000e+00,0.000000000000000e+00,1.000000000000000e+00,1740 1757 1742
711,0,-1,0,4,4,4.010026269999991e-07,1.595271912957158e-02,3.531392658047890e-03,0.000000000000000e+00,0.000000000000000e+00,0.000000000000000e+00,1.000000000000000e+00,1757 1755 1742
712,0,-1,0,4,4,3.657165035000003e-07,1.505943246196659e-02,3.606427900841498e-03,0.000000000000000e+00,0.000000000000000e+00,0.000000000000000e+00,1.000000000000000e+00,1740 1752 1757
713,0,-1,0,4,4,4.010026270000003e-07,1.493119953837033e-02,5.574404694543749e-03,0.000000000000000e+00,0.000000000000000e+00,0.000000000000000e+00,1.000000000000000e+00,1743 1754 1756
714,0,-1,0,4,4,4.010479979999997e-07,1.448923067945322e-02,5.132464694543749e-03,0.000000000000000e+00,0.000000000000000e+00,0.000000000000000e+00,1.000000000000000e+00,1732 1746 1743
715,0,-1,0,4,4,3.657406690000001e-07,1.501558433624208e-02,6.224146026566004e-03,0.000000000000000e+00,0.000000000000000e+00,0.000000000000000e+00,1.000000000000000e+00,1756 1776 1758
716,0,-1,0,4,4,4.010026269999999e-07,1.409628040879875e-02,6.271722036495861e-03,0.000000000000000e+00,0.000000000000000e+00,0.000000000000000e+00,1.000000000000000e+00,1741 1743 1756
717,0,-1,0,4,4,3.656892785000004e-07,1.424415438453075e-02,7.550674594986024e-03,0.000000000000000e+00,0.000000000000000e+00,0.000000000000000e+00,1.000000000000000e+00,1774 1772 1761
718,0,-1,0,4,4,3.657426560000004e-07,1.407368807416458e-02,4.717696423235026e-03,0.000000000000000e+00,0.000000000000000e+00,0.000000000000000e+00,1.000000000000000e+00,1727 1742 1732
719,0,-1,0,4,4,4.010247239999995e-07,1.504530355903014e-02,4.438812658047889e-03,0.000000000000000e+00,0.000000000000000e+00,0.000000000000000e+00,1.000000000000000e+00,1742 1746 1732
720,0,-1,0,4,4,3.657210395000004e-07,1.415211689142515e-02,4.513755028437087e-03,0.000000000000000e+00,0.000000000000000e+00,0.000000000000000e+00,1.000000000000000e+00,1727 1740 1742
721,0,-1,0,4,4,4.010026269999995e-07,1.402379953837032e-02,6.481824694543749e-03,0.000000000000000e+00,0.000000000000000e+00,0.000000000000000e+00,1.000000000000000e+00,1741 1756 1758
722,0,-1,0,4,4,4.010479980000005e-07,1.358183067945321e-02,6.039884694543749e-03,0.000000000000000e+00,0.000000000000000e+00,0.000000000000000e+00,1.000000000000000e+00,1726 1743 1741
723,0,-1,0,4,4,3.657361330000006e-07,1.410819990678353e-02,7.131548898970415e-03,0.000000000000000e+00,0.000000000000000e+00,0.000000000000000e+00,1.000000000000000e+00,1758 1774 1761
724,0,-1,0,4,4,4.010247239999995e-07,1.318881154988164e-02,7.179142036495857e-03,0.000000000000000e+00,0.000000000000000e+00,0.000000000000000e+00,1.000000000000000e+00,1739 1741 1758
725,0,-1,0,4,4,3.656781920000006e-07,1.333683881398930e-02,8.458000165527469e-03,0.000000000000000e+00,0.000000000000000e+00,0.000000000000000e+00,1.000000000000000e+00,1772 1773 1762
726,0,-1,0,4,4,3.657316050000001e-07,1.316634136254024e-02,5.625033792534493e-03,0.000000000000000e+00,0.000000000000000e+00,0.000000000000000e+00,1.000000000000000e+00,1720 1732 1726
727,0,-1,0,4,4,4.010479980000001e-07,1.413783470011303e-02,5.346232658047890e-03,0.000000000000000e+00,0.000000000000000e+00,0.000000000000000e+00,1.000000000000000e+00,1732 1743 1726
728,0,-1,0,4,4,3.656781920000002e-07,1.324478575034226e-02,5.421075270140966e-03,0.000000000000000e+00,0.000000000000000e+00,0.000000000000000e+00,1.000000000000000e+00,1720 1727 1732
729,0,-1,0,4,4,4.010479980000003e-07,1.311633067945321e-02,7.389244694543750e-03,0.000000000000000e+00,0.000000000000000e+00,0.000000000000000e+00,1.000000000000000e+00,1739 1758 1761
730,0,-1,0,4,4,4.010247240000003e-07,1.267441510891177e-02,6.947304694543749e-03,0.000000000000000e+00,0.000000000000000e+00,0.000000000000000e+00,1.000000000000000e+00,1728 1741 1739
731,0,-1,0,4,4,3.657315970000002e-07,1.320081547732498e-02,8.038951771374829e-03,0.000000000000000e+00,0.000000000000000e+00,0.000000000000000e+00,1.000000000000000e+00,1761 1772 1762
732,0,-1,0,4,4,4.010479980000005e-07,1.228139597934019e-02,8.086562036495859e-03,0.000000000000000e+00,0.000000000000000e+00,0.000000000000000e+00,1.000000000000000e+00,1738 1739 1761
733,0,-1,0,4,4,3.657472414999990e-07,1.242950767290642e-02,9.365326635447925e-03,0.000000000000000e+00,0.000000000000000e+00,0.000000000000000e+00,1.000000000000000e+00,1773 1775 1760
734,0,-1,0,4,4,3.657245260000003e-07,1.044433236875013e-02,8.347059672216323e-03,0.000000000000000e+00,0.000000000000000e+00,0.000000000000000e+00,1.000000000000000e+00,1715 1730 1731
735,0,-1,0,4,4,4.010247240000000e-07,1.141560355903013e-02,8.068492658047889e-03,0.000000000000000e+00,0.000000000000000e+00,0.000000000000000e+00,1.000000000000000e+00,1730 1738 1731
736,0,-1,0,4,4,3.656963379999993e-07,1.052283903871792e-02,8.143048209981881e-03,0.000000000000000e+00,0.000000000000000e+00,0.000000000000000e+00,1.000000000000000e+00,1715 1714 1730
737,0,-1,0,4,4,4.010092555000002e-07,1.095011912957158e-02,9.417857329210322e-03,0.000000000000000e+00,0.000000000000000e+00,0.000000000000000e+00,1.000000000000000e+00,1737 1760 74
738,0,-1,0,4,4,4.010546272499998e-07,9.952151337128351e-03,9.669569365706183e-03,0.000000000000000e+00,0.000000000000000e+00,0.000000000000000e+00,1.000000000000000e+00,63 1737 74
739,0,-1,0,4,4,3.657406769999996e-07,1.135167908037446e-02,7.439722302916853e-03,0.000000000000000e+00,0.000000000000000e+00,0.000000000000000e+00,1.000000000000000e+00,1714 1728 1730
740,0,-1,0,4,4,4.010026270000004e-07,1.232301912957158e-02,7.161072658047891e-03,0.000000000000000e+00,0.000000000000000e+00,0.000000000000000e+00,1.000000000000000e+00,1728 1739 1730
741,0,-1,0,4,4,3.656938184999997e-07,1.143015460925937e-02,7.235727968278002e-03,0.000000000000000e+00,0.000000000000000e+00,0.000000000000000e+00,1.000000000000000e+00,1714 1719 1728
742,0,-1,0,4,4,4.010479980000000e-07,1.185753470011302e-02,8.510432658047887e-03,0.000000000000000e+00,0.000000000000000e+00,0.000000000000000e+00,1.000000000000000e+00,1738 1762 1737
743,0,-1,0,4,4,4.010479979999998e-07,1.085953067945322e-02,8.762144694543752e-03,0.000000000000000e+00,0.000000000000000e+00,0.000000000000000e+00,1.000000000000000e+00,1731 1738 1737
744,0,-1,0,4,4,3.657794919999992e-07,1.138596218894931e-02,9.853760630291935e-03,0.000000000000000e+00,0.000000000000000e+00,0.000000000000000e+00,1.000000000000000e+00,1760 1775 1759
745,0,-1,0,4,4,4.009822695000003e-07,1.039409953837032e-02,1.011152379516474e-02,0.000000000000000e+00,0.000000000000000e+00,0.000000000000000e+00,1.000000000000000e+00,74 1760 1759
746,0,-1,0,4,4,3.657361409999997e-07,1.225901022145735e-02,6.532378047725675e-03,0.000000000000000e+00,0.000000000000000e+00,0.000000000000000e+00,1.000000000000000e+00,1719 1726 1728
747,0,-1,0,4,4,4.010479980000005e-07,1.323043470011302e-02,6.253652658047890e-03,0.000000000000000e+00,0.000000000000000e+00,0.000000000000000e+00,1.000000000000000e+00,1726 1741 1728
748,0,-1,0,4,4,3.656892825000001e-07,1.233747017980081e-02,6.328400840682412e-03,0.000000000000000e+00,0.000000000000000e+00,0.000000000000000e+00,1.000000000000000e+00,1719 1720 1726
749,0,-1,0,4,4,4.010479979999998e-07,1.220893067945322e-02,8.296664694543751e-03,0.000000000000000e+00,0.000000000000000e+00,0.000000000000000e+00,1.000000000000000e+00,1738 1761 1762
750,0,-1,0,4,4,4.010026270000003e-07,1.176699953837032e-02,7.854724694543749e-03,0.000000000000000e+00,0.000000000000000e+00,0.000000000000000e+00,1.000000000000000e+00,1730 1739 1738
751,0,-1,0,4,4,3.657426880000002e-07,1.229341547732498e-02,8.946353086725091e-03,0.000000000000000e+00,0.000000000000000e+00,0.000000000000000e+00,1.000000000000000e+00,1762 1773 1760
752,0,-1,0,4,4,4.010247240000000e-07,1.130151510891177e-02,9.204084694543750e-03,0.000000000000000e+00,0.000000000000000e+00,0.000000000000000e+00,1.000000000000000e+00,1737 1762 1760
753,0,-1,0,4,4,3.657326300000000e-07,1.152219210236497e-02,1.027267819250207e-02,0.000000000000000e+00,0.000000000000000e+00,0.000000000000000e+00,1.000000000000000e+00,1775 110 1759
754,0,-1,0,4,4,3.657255547500005e-07,9.536976556504798e-03,9.254403927407499e-03,0.000000000000000e+00,0.000000000000000e+00,0.000000000000000e+00,1.000000000000000e+00,46 1731 63
755,0,-1,0,4,4,4.010413689000000e-07,1.050813937127546e-02,8.975912658047890e-03,0.000000000000000e+00,0.000000000000000e+00,0.000000000000000e+00,1.000000000000000e+00,1731 1737 63
756,0,-1,0,4,4,3.656660909000007e-07,9.615494125851607e-03,9.050373780523324e-03,0.000000000000000e+00,0.000000000000000e+00,0.000000000000000e+00,1.000000000000000e+00,46 1715 1731
