   -1
   100
<NULL>
10.3,
   -1
   -1
   405
   -1
   -1
   475
   -1
   -1
   410
   -1
   -1
  1150
   -1
   -1
  1151
   -1
   -1
   413
1,124,
デフォルトレイヤ
9999,124,
コンストラクションレイヤ
   -1
   -1
   570
   -1
   -1
   571
   -1
   -1
   572
   -1
   -1
   573
   -1
   -1
   601
1,-601,55,0,0,1,0,
等方性 マテリアル
10,
0,0,0,0,0,0,0,0,0,0,
25,
0,0,0,0,0,0,0,0,0,0,
0,0,0,0,0,0,0,0,0,0,
0,0,0,0,0,
200,
0.,0.,0.,0.,0.,0.,0.,0.,0.,0.,
0.,0.,0.,0.,0.,0.,0.,0.,0.,0.,
0.,0.,0.,0.,0.,0.,0.,0.,0.,0.,
0.,0.,0.,0.,0.,0.,0.,0.,0.,0.,
0.,0.,0.,0.,0.,0.,0.,0.,0.,0.,
0.,0.,0.,0.,0.,0.,0.,0.,0.,0.,
0.,0.,0.,0.,0.,0.,0.,0.,0.,0.,
0.,0.,0.,0.,0.,0.,0.,0.,0.,0.,
0.,0.,0.,0.,0.,0.,0.,0.,0.,0.,
0.,0.,0.,0.,0.,0.,0.,0.,0.,0.,
0.,0.,0.,0.,0.,0.,0.,0.,0.,0.,
0.,0.,0.,0.,0.,0.,0.,0.,0.,0.,
0.,0.,0.,0.,0.,0.,0.,0.,0.,0.,
0.,0.,0.,0.,0.,0.,0.,0.,0.,0.,
0.,0.,0.,0.,0.,0.,0.,0.,0.,0.,
0.,0.,0.,0.,0.,0.,0.,0.,0.,0.,
0.,0.,0.,0.,0.,0.,0.,0.,0.,0.,
0.,0.,0.,0.,0.,0.,0.,0.,0.,0.,
0.,0.,0.,0.,0.,0.,0.,0.,0.,0.,
0.,0.,0.,0.,0.,0.,0.,0.,0.,0.,
50,
0,0,0,0,0,0,0,0,0,0,
0,0,0,0,0,0,0,0,0,0,
0,0,0,0,0,0,0,0,0,0,
0,0,0,0,0,0,0,0,0,0,
0,0,0,0,0,0,0,0,0,0,
70,
0,0,0,0,0,0,0,0,0,0,
0,0,0,0,0,0,0,0,0,0,
0,0,0,0,0,0,0,0,0,0,
0,0,0,0,0,0,0,0,0,0,
0,0,0,0,0,0,0,0,0,0,
0,0,0,0,0,0,0,0,0,0,
0,0,0,0,0,0,0,0,0,0,
   -1
   -1
   402
2,2,1,17,1,0,0,
プレート プロパティ
0,0,0,0,
10,
0,0,0,0,0,0,0,0,
0,0,
75,
0.,0.,0.,0.,0.,
0.,0.,0.,0.,0.,
0.,0.,0.,0.,0.,
0.,0.,0.,0.,0.,
0.,0.,0.,0.,0.,
0.,0.,0.,0.,0.,
0.,0.,0.,0.,0.,
0.,0.,0.,0.,0.,
0.,0.,0.,0.,0.,
0.,0.,0.,0.,0.,
0.,0.,0.,0.,0.,
0.,0.,0.,0.,0.,
0.,0.,0.,0.,0.,
0.,0.,0.,0.,0.,
0.,0.,0.,0.,0.,
0,
0,
   -1
   -1
   926
   -1
   -1
   927
   -1
   -1
   403
10,0,0,1,46,0,0,0,0,0,0,0.,0.008,0.,0,0,
11,0,0,1,46,0,0,0,0,0,0,0.008,0.,0.,0,0,
12,0,0,1,46,0,0,0,0,0,0,0.004,0.0069282,0.,0,0,
13,0,0,1,46,0,0,0,0,0,0,0.0069282,0.004,0.,0,0,
14,0,0,1,46,0,0,0,0,0,0,0.00593542,0.0077352,0.,0,0,
15,0,0,1,46,0,0,0,0,0,0,0.,0.0094,0.,0,0,
16,0,0,1,46,0,0,0,0,0,0,0.00232937,0.00869333,0.,0,0,
17,0,0,1,46,0,0,0,0,0,0,0.004875,0.00844375,0.,0,0,
18,0,0,1,46,0,0,0,0,0,0,0.00297642,0.00960815,0.,0,0,
19,0,0,1,46,0,0,0,0,0,0,0.00191576,0.0100475,0.,0,0,
20,0,0,1,46,0,0,0,0,0,0,0.,0.011,0.,0,0,
21,0,0,1,46,0,0,0,0,0,0,0.00700076,0.00912356,0.,0,0,
22,0,0,1,46,0,0,0,0,0,0,0.00403708,0.0100475,0.,0,0,
23,0,0,1,46,0,0,0,0,0,0,0.00575,0.00995929,0.,0,0,
24,0,0,1,46,0,0,0,0,0,0,0.00813173,0.00813173,0.,0,0,
25,0,0,1,46,0,0,0,0,0,0,0.,0.0125,0.,0,0,
26,0,0,1,46,0,0,0,0,0,0,0.00147642,0.0111081,0.,0,0,
27,0,0,1,46,0,0,0,0,0,0,0.00828508,0.0100997,0.,0,0,
28,0,0,1,46,0,0,0,0,0,0,0.00737778,0.011007,0.,0,0,
30,0,0,1,46,0,0,0,0,0,0,0.00447642,0.0111081,0.,0,0,
31,0,0,1,46,0,0,0,0,0,0,0.00647047,0.0119143,0.,0,0,
32,0,0,1,46,0,0,0,0,0,0,0.00108945,0.0124524,0.,0,0,
33,0,0,1,46,0,0,0,0,0,0,0.00191576,0.0121688,0.,0,0,
34,0,0,1,46,0,0,0,0,0,0,0.00403708,0.0121688,0.,0,0,
35,0,0,1,46,0,0,0,0,0,0,0.,0.0138,0.,0,0,
38,0,0,1,46,0,0,0,0,0,0,0.00556316,0.0128216,0.,0,0,
40,0,0,1,46,0,0,0,0,0,0,0.00452548,0.0127279,0.,0,0,
41,0,0,1,46,0,0,0,0,0,0,0.00297642,0.0126081,0.,0,0,
43,0,0,1,46,0,0,0,0,0,0,0.00192059,0.0136657,0.,0,0,
44,0,0,1,46,0,0,0,0,0,0,0.00080074,0.015279,0.,0,0,
45,0,0,1,46,0,0,0,0,0,0,0.,0.0153,0.,0,0,
49,0,0,1,46,0,0,0,0,0,0,0.00329983,0.0139536,0.,0,0,
50,0,0,1,46,0,0,0,0,0,0,0.00465586,0.0137289,0.,0,0,
54,0,0,1,46,0,0,0,0,0,0,0.00207418,0.0151792,0.,0,0,
55,0,0,1,46,0,0,0,0,0,0,0.000848528,0.0164049,0.,0,0,
56,0,0,1,46,0,0,0,0,0,0,0.00374855,0.0146362,0.,0,0,
57,0,0,1,46,0,0,0,0,0,0,0.,0.017,0.,0,0,
58,0,0,1,46,0,0,0,0,0,0,0.00284124,0.0155435,0.,0,0,
67,0,0,1,46,0,0,0,0,0,0,0.00184555,0.0165392,0.,0,0,
69,0,0,1,46,0,0,0,0,0,0,0.0021991,0.0168928,0.,0,0,
70,0,0,1,46,0,0,0,0,0,0,0.,0.0182,0.,0,0,
80,0,0,1,46,0,0,0,0,0,0,0.00075,0.0183419,0.,0,0,
83,0,0,1,46,0,0,0,0,0,0,0.00147455,0.0176173,0.,0,0,
85,0,0,1,46,0,0,0,0,0,0,0.00075,0.0197832,0.,0,0,
88,0,0,1,46,0,0,0,0,0,0,0.,0.0211333,0.,0,0,
101,0,0,1,46,0,0,0,0,0,0,0.00325,0.0186703,0.,0,0,
105,0,0,1,46,0,0,0,0,0,0,0.00075,0.0212244,0.,0,0,
114,0,0,1,46,0,0,0,0,0,0,0.00435,0.0184953,0.,0,0,
116,0,0,1,46,0,0,0,0,0,0,0.00325,0.0200259,0.,0,0,
117,0,0,1,46,0,0,0,0,0,0,0.,0.0240667,0.,0,0,
120,0,0,1,46,0,0,0,0,0,0,0.00435,0.019854,0.,0,0,
121,0,0,1,46,0,0,0,0,0,0,0.0037017,0.0182186,0.,0,0,
122,0,0,1,46,0,0,0,0,0,0,0.00075,0.0226657,0.,0,0,
125,0,0,1,46,0,0,0,0,0,0,0.00075,0.024107,0.,0,0,
127,0,0,1,46,0,0,0,0,0,0,0.00435,0.0212127,0.,0,0,
128,0,0,1,46,0,0,0,0,0,0,0.00325,0.0213814,0.,0,0,
129,0,0,1,46,0,0,0,0,0,0,0.,0.027,0.,0,0,
130,0,0,1,46,0,0,0,0,0,0,0.00517638,0.0193185,0.,0,0,
137,0,0,1,46,0,0,0,0,0,0,0.00075,0.0255483,0.,0,0,
139,0,0,1,46,0,0,0,0,0,0,0.00460901,0.0173113,0.,0,0,
141,0,0,1,46,0,0,0,0,0,0,0.00532228,0.0213465,0.,0,0,
142,0,0,1,46,0,0,0,0,0,0,0.00075,0.0269896,0.,0,0,
143,0,0,1,46,0,0,0,0,0,0,0.00823824,0.0136821,0.,0,0,
144,0,0,1,46,0,0,0,0,0,0,0.0109602,0.0109602,0.,0,0,
145,0,0,1,46,0,0,0,0,0,0,0.00551632,0.016404,0.,0,0,
146,0,0,1,46,0,0,0,0,0,0,0.00642362,0.0154967,0.,0,0,
147,0,0,1,46,0,0,0,0,0,0,0.00435,0.0225713,0.,0,0,
148,0,0,1,46,0,0,0,0,0,0,0.00325,0.022737,0.,0,0,
149,0,0,1,46,0,0,0,0,0,0,0.,0.02725,0.,0,0,
150,0,0,1,46,0,0,0,0,0,0,0.00914554,0.0127748,0.,0,0,
151,0,0,1,46,0,0,0,0,0,0,0.00733093,0.0145894,0.,0,0,
152,0,0,1,46,0,0,0,0,0,0,0.0100528,0.0118675,0.,0,0,
153,0,0,1,46,0,0,0,0,0,0,0.0070171,0.0208509,0.,0,0,
155,0,0,1,46,0,0,0,0,0,0,0.00700415,0.0187334,0.,0,0,
156,0,0,1,46,0,0,0,0,0,0,0.00539883,0.0233849,0.,0,0,
157,0,0,1,46,0,0,0,0,0,0,0.00701692,0.0229513,0.,0,0,
158,0,0,1,46,0,0,0,0,0,0,0.00325,0.0240926,0.,0,0,
159,0,0,1,46,0,0,0,0,0,0,0.00158333,0.0269276,0.,0,0,
160,0,0,1,46,0,0,0,0,0,0,0.000893972,0.0272353,0.,0,0,
161,0,0,1,46,0,0,0,0,0,0,0.00435,0.02393,0.,0,0,
162,0,0,1,46,0,0,0,0,0,0,0.00760713,0.0163135,0.,0,0,
163,0,0,1,46,0,0,0,0,0,0,0.00241667,0.0268657,0.,0,0,
164,0,0,1,46,0,0,0,0,0,0,0.,0.0275,0.,0,0,
165,0,0,1,46,0,0,0,0,0,0,0.000959736,0.0274832,0.,0,0,
166,0,0,1,46,0,0,0,0,0,0,0.00178698,0.0271913,0.,0,0,
167,0,0,1,46,0,0,0,0,0,0,0.000479941,0.0274958,0.,0,0,
168,0,0,1,46,0,0,0,0,0,0,0.00435,0.0252886,0.,0,0,
169,0,0,1,46,0,0,0,0,0,0,0.00325,0.0254481,0.,0,0,
170,0,0,1,46,0,0,0,0,0,0,0.00860083,0.0224059,0.,0,0,
171,0,0,1,46,0,0,0,0,0,0,0.00866672,0.020221,0.,0,0,
172,0,0,1,46,0,0,0,0,0,0,0.00143924,0.0274623,0.,0,0,
173,0,0,1,46,0,0,0,0,0,0,0.00722108,0.0249771,0.,0,0,
174,0,0,1,46,0,0,0,0,0,0,0.00876742,0.0179759,0.,0,0,
175,0,0,1,46,0,0,0,0,0,0,0.0111642,0.0141195,0.,0,0,
176,0,0,1,46,0,0,0,0,0,0,0.00944958,0.0153201,0.,0,0,
177,0,0,1,46,0,0,0,0,0,0,0.00899904,0.024393,0.,0,0,
178,0,0,1,46,0,0,0,0,0,0,0.0054057,0.0254318,0.,0,0,
179,0,0,1,46,0,0,0,0,0,0,0.00267807,0.0271181,0.,0,0,
180,0,0,1,46,0,0,0,0,0,0,0.00325,0.0268037,0.,0,0,
182,0,0,1,46,0,0,0,0,0,0,0.01045,0.0170528,0.,0,0,
183,0,0,1,46,0,0,0,0,0,0,0.0141421,0.0141421,0.,0,0,
185,0,0,1,46,0,0,0,0,0,0,0.00287453,0.0273494,0.,0,0,
186,0,0,1,46,0,0,0,0,0,0,0.0120363,0.0159727,0.,0,0,
187,0,0,1,46,0,0,0,0,0,0,0.0102605,0.0194608,0.,0,0,
188,0,0,1,46,0,0,0,0,0,0,0.0101428,0.0217514,0.,0,0,
189,0,0,1,46,0,0,0,0,0,0,0.00435,0.0266473,0.,0,0,
190,0,0,1,46,0,0,0,0,0,0,0.0019183,0.027433,0.,0,0,
191,0,0,1,46,0,0,0,0,0,0,0.00239678,0.0273954,0.,0,0,
192,0,0,1,46,0,0,0,0,0,0,0.0135563,0.0155563,0.,0,0,
193,0,0,1,46,0,0,0,0,0,0,0.00656046,0.0261908,0.,0,0,
194,0,0,1,46,0,0,0,0,0,0,0.0107304,0.0236825,0.,0,0,
195,0,0,1,46,0,0,0,0,0,0,0.00842745,0.0256511,0.,0,0,
196,0,0,1,46,0,0,0,0,0,0,0.00934516,0.0253312,0.,0,0,
197,0,0,1,46,0,0,0,0,0,0,0.00749881,0.0259378,0.,0,0,
199,0,0,1,46,0,0,0,0,0,0,0.00356627,0.0270156,0.,0,0,
200,0,0,1,46,0,0,0,0,0,0,0.00561362,0.02641,0.,0,0,
201,0,0,1,46,0,0,0,0,0,0,0.0102508,0.0249784,0.,0,0,
203,0,0,1,46,0,0,0,0,0,0,0.00335141,0.027295,0.,0,0,
205,0,0,1,46,0,0,0,0,0,0,0.00382726,0.0272324,0.,0,0,
209,0,0,1,46,0,0,0,0,0,0,0.00711752,0.026563,0.,0,0,
210,0,0,1,46,0,0,0,0,0,0,0.00895312,0.0260018,0.,0,0,
211,0,0,1,46,0,0,0,0,0,0,0.00618615,0.0267952,0.,0,0,
212,0,0,1,46,0,0,0,0,0,0,0.0117882,0.0185752,0.,0,0,
213,0,0,1,46,0,0,0,0,0,0,0.00445063,0.0268841,0.,0,0,
216,0,0,1,46,0,0,0,0,0,0,0.00804022,0.0262984,0.,0,0,
217,0,0,1,46,0,0,0,0,0,0,0.0111431,0.0245933,0.,0,0,
218,0,0,1,46,0,0,0,0,0,0,0.00985512,0.0256735,0.,0,0,
219,0,0,1,46,0,0,0,0,0,0,0.0103017,0.0254976,0.,0,0,
220,0,0,1,46,0,0,0,0,0,0,0.00940555,0.0258415,0.,0,0,
221,0,0,1,46,0,0,0,0,0,0,0.00849797,0.0261541,0.,0,0,
222,0,0,1,46,0,0,0,0,0,0,0.00524725,0.0269947,0.,0,0,
223,0,0,1,46,0,0,0,0,0,0,0.0116354,0.0209909,0.,0,0,
224,0,0,1,46,0,0,0,0,0,0,0.0132399,0.01757,0.,0,0,
225,0,0,1,46,0,0,0,0,0,0,0.0141421,0.0169706,0.,0,0,
228,0,0,1,46,0,0,0,0,0,0,0.00758003,0.0264347,0.,0,0,
229,0,0,1,46,0,0,0,0,0,0,0.0124061,0.0228492,0.,0,0,
230,0,0,1,46,0,0,0,0,0,0,0.00665285,0.0266831,0.,0,0,
231,0,0,1,46,0,0,0,0,0,0,0.00571757,0.0268991,0.,0,0,
233,0,0,1,46,0,0,0,0,0,0,0.0107451,0.0253139,0.,0,0,
234,0,0,1,46,0,0,0,0,0,0,0.012021,0.0241764,0.,0,0,
236,0,0,1,46,0,0,0,0,0,0,0.0111853,0.0251225,0.,0,0,
237,0,0,1,46,0,0,0,0,0,0,0.00430195,0.0271614,0.,0,0,
239,0,0,1,46,0,0,0,0,0,0,0.0155563,0.0175563,0.,0,0,
240,0,0,1,46,0,0,0,0,0,0,0.0130713,0.0201281,0.,0,0,
248,0,0,1,46,0,0,0,0,0,0,0.0144436,0.0191673,0.,0,0,
250,0,0,1,46,0,0,0,0,0,0,0.00477532,0.0270822,0.,0,0,
252,0,0,1,46,0,0,0,0,0,0,0.011622,0.0249235,0.,0,0,
253,0,0,1,46,0,0,0,0,0,0,0.0120552,0.0247168,0.,0,0,
264,0,0,1,46,0,0,0,0,0,0,0.0140176,0.0218976,0.,0,0,
267,0,0,1,46,0,0,0,0,0,0,0.0128833,0.0237281,0.,0,0,
274,0,0,1,46,0,0,0,0,0,0,0.0137289,0.023249,0.,0,0,
275,0,0,1,46,0,0,0,0,0,0,0.0124847,0.0245027,0.,0,0,
278,0,0,1,46,0,0,0,0,0,0,0.0129105,0.0242811,0.,0,0,
299,0,0,1,46,0,0,0,0,0,0,0.0145567,0.0227399,0.,0,0,
300,0,0,1,46,0,0,0,0,0,0,0.01375,0.0238157,0.,0,0,
301,0,0,1,46,0,0,0,0,0,0,0.0141635,0.0235721,0.,0,0,
302,0,0,1,46,0,0,0,0,0,0,0.0133323,0.024052,0.,0,0,
305,0,0,1,46,0,0,0,0,0,0,0.0155564,0.0208326,0.,0,0,
316,0,0,1,46,0,0,0,0,0,0,0.0170147,0.0196596,0.,0,0,
320,0,0,1,46,0,0,0,0,0,0,0.0145728,0.0233213,0.,0,0,
321,0,0,1,46,0,0,0,0,0,0,0.0153657,0.0222012,0.,0,0,
324,0,0,1,46,0,0,0,0,0,0,0.0149776,0.0230634,0.,0,0,
344,0,0,1,46,0,0,0,0,0,0,0.0161548,0.0216339,0.,0,0,
345,0,0,1,46,0,0,0,0,0,0,0.0153778,0.0227985,0.,0,0,
346,0,0,1,46,0,0,0,0,0,0,0.0157734,0.0225267,0.,0,0,
371,0,0,1,46,0,0,0,0,0,0,0.0183924,0.0197666,0.,0,0,
372,0,0,1,46,0,0,0,0,0,0,0.0169229,0.0210384,0.,0,0,
373,0,0,1,46,0,0,0,0,0,0,0.0176691,0.0204158,0.,0,0,
385,0,0,1,46,0,0,0,0,0,0,0.0161641,0.022248,0.,0,0,
397,0,0,1,46,0,0,0,0,0,0,0.0165499,0.0219625,0.,0,0,
398,0,0,1,46,0,0,0,0,0,0,0.0194454,0.0194454,0.,0,0,
399,0,0,1,46,0,0,0,0,0,0,0.018755,0.0201122,0.,0,0,
427,0,0,1,46,0,0,0,0,0,0,0.0169307,0.0216703,0.,0,0,
428,0,0,1,46,0,0,0,0,0,0,0.0184011,0.0204365,0.,0,0,
429,0,0,1,46,0,0,0,0,0,0,0.0176767,0.0210662,0.,0,0,
430,0,0,1,46,0,0,0,0,0,0,0.0180416,0.0207545,0.,0,0,
431,0,0,1,46,0,0,0,0,0,0,0.0173063,0.0213715,0.,0,0,
456,0,0,1,46,0,0,0,0,0,0,0.0191031,0.0197818,0.,0,0,
1680,0,0,1,46,0,0,0,0,0,0,0.0077352,0.00593542,0.,0,0,
1681,0,0,1,46,0,0,0,0,0,0,0.0094,0.,0.,0,0,
1682,0,0,1,46,0,0,0,0,0,0,0.00869333,0.00232937,0.,0,0,
1683,0,0,1,46,0,0,0,0,0,0,0.00689429,0.00689429,0.,0,0,
1684,0,0,1,46,0,0,0,0,0,0,0.00844375,0.004875,0.,0,0,
1685,0,0,1,46,0,0,0,0,0,0,0.00960815,0.00297642,0.,0,0,
1686,0,0,1,46,0,0,0,0,0,0,0.0100475,0.00191576,0.,0,0,
1687,0,0,1,46,0,0,0,0,0,0,0.011,0.,0.,0,0,
1688,0,0,1,46,0,0,0,0,0,0,0.00912356,0.00700076,0.,0,0,
1689,0,0,1,46,0,0,0,0,0,0,0.0100475,0.00403708,0.,0,0,
1690,0,0,1,46,0,0,0,0,0,0,0.00995929,0.00575,0.,0,0,
1691,0,0,1,46,0,0,0,0,0,0,0.0125,0.,0.,0,0,
1692,0,0,1,46,0,0,0,0,0,0,0.0111081,0.00147642,0.,0,0,
1693,0,0,1,46,0,0,0,0,0,0,0.0100997,0.00828508,0.,0,0,
1694,0,0,1,46,0,0,0,0,0,0,0.00919239,0.00919239,0.,0,0,
1695,0,0,1,46,0,0,0,0,0,0,0.011007,0.00737778,0.,0,0,
1697,0,0,1,46,0,0,0,0,0,0,0.0111081,0.00447642,0.,0,0,
1698,0,0,1,46,0,0,0,0,0,0,0.0119143,0.00647047,0.,0,0,
1699,0,0,1,46,0,0,0,0,0,0,0.0124524,0.00108945,0.,0,0,
1700,0,0,1,46,0,0,0,0,0,0,0.0121688,0.00191576,0.,0,0,
1701,0,0,1,46,0,0,0,0,0,0,0.0121688,0.00403708,0.,0,0,
1702,0,0,1,46,0,0,0,0,0,0,0.0138,0.,0.,0,0,
1705,0,0,1,46,0,0,0,0,0,0,0.0128216,0.00556316,0.,0,0,
1708,0,0,1,46,0,0,0,0,0,0,0.0127279,0.00452548,0.,0,0,
1709,0,0,1,46,0,0,0,0,0,0,0.0126081,0.00297642,0.,0,0,
1711,0,0,1,46,0,0,0,0,0,0,0.0136657,0.00192059,0.,0,0,
1712,0,0,1,46,0,0,0,0,0,0,0.015279,0.00080074,0.,0,0,
1713,0,0,1,46,0,0,0,0,0,0,0.0153,0.,0.,0,0,
1716,0,0,1,46,0,0,0,0,0,0,0.0139536,0.00329983,0.,0,0,
1717,0,0,1,46,0,0,0,0,0,0,0.0137289,0.00465586,0.,0,0,
1721,0,0,1,46,0,0,0,0,0,0,0.0151792,0.00207418,0.,0,0,
1722,0,0,1,46,0,0,0,0,0,0,0.0164049,0.000848528,0.,0,0,
1723,0,0,1,46,0,0,0,0,0,0,0.0146362,0.00374855,0.,0,0,
1724,0,0,1,46,0,0,0,0,0,0,0.017,0.,0.,0,0,
1725,0,0,1,46,0,0,0,0,0,0,0.0155435,0.00284124,0.,0,0,
1733,0,0,1,46,0,0,0,0,0,0,0.0165392,0.00184555,0.,0,0,
1735,0,0,1,46,0,0,0,0,0,0,0.0168928,0.0021991,0.,0,0,
1736,0,0,1,46,0,0,0,0,0,0,0.0182,0.,0.,0,0,
1745,0,0,1,46,0,0,0,0,0,0,0.0183419,0.00075,0.,0,0,
1748,0,0,1,46,0,0,0,0,0,0,0.0176173,0.00147455,0.,0,0,
1750,0,0,1,46,0,0,0,0,0,0,0.0197832,0.00075,0.,0,0,
1753,0,0,1,46,0,0,0,0,0,0,0.0211333,0.,0.,0,0,
1767,0,0,1,46,0,0,0,0,0,0,0.0186703,0.00325,0.,0,0,
1771,0,0,1,46,0,0,0,0,0,0,0.0212244,0.00075,0.,0,0,
1779,0,0,1,46,0,0,0,0,0,0,0.0184953,0.00435,0.,0,0,
1781,0,0,1,46,0,0,0,0,0,0,0.0200259,0.00325,0.,0,0,
1782,0,0,1,46,0,0,0,0,0,0,0.0240667,0.,0.,0,0,
1785,0,0,1,46,0,0,0,0,0,0,0.019854,0.00435,0.,0,0,
1786,0,0,1,46,0,0,0,0,0,0,0.0182186,0.0037017,0.,0,0,
1787,0,0,1,46,0,0,0,0,0,0,0.0226657,0.00075,0.,0,0,
1790,0,0,1,46,0,0,0,0,0,0,0.024107,0.00075,0.,0,0,
1792,0,0,1,46,0,0,0,0,0,0,0.0212127,0.00435,0.,0,0,
1793,0,0,1,46,0,0,0,0,0,0,0.0213814,0.00325,0.,0,0,
1794,0,0,1,46,0,0,0,0,0,0,0.027,0.,0.,0,0,
1795,0,0,1,46,0,0,0,0,0,0,0.0193185,0.00517638,0.,0,0,
1801,0,0,1,46,0,0,0,0,0,0,0.0255483,0.00075,0.,0,0,
1803,0,0,1,46,0,0,0,0,0,0,0.0173113,0.00460901,0.,0,0,
1805,0,0,1,46,0,0,0,0,0,0,0.0213465,0.00532228,0.,0,0,
1806,0,0,1,46,0,0,0,0,0,0,0.0269896,0.00075,0.,0,0,
1807,0,0,1,46,0,0,0,0,0,0,0.0136821,0.00823824,0.,0,0,
1808,0,0,1,46,0,0,0,0,0,0,0.016404,0.00551632,0.,0,0,
1809,0,0,1,46,0,0,0,0,0,0,0.0154967,0.00642362,0.,0,0,
1810,0,0,1,46,0,0,0,0,0,0,0.0225713,0.00435,0.,0,0,
1811,0,0,1,46,0,0,0,0,0,0,0.022737,0.00325,0.,0,0,
1812,0,0,1,46,0,0,0,0,0,0,0.02725,0.,0.,0,0,
1813,0,0,1,46,0,0,0,0,0,0,0.0127748,0.00914554,0.,0,0,
1814,0,0,1,46,0,0,0,0,0,0,0.0145894,0.00733093,0.,0,0,
1815,0,0,1,46,0,0,0,0,0,0,0.0118675,0.0100528,0.,0,0,
1816,0,0,1,46,0,0,0,0,0,0,0.0208509,0.0070171,0.,0,0,
1818,0,0,1,46,0,0,0,0,0,0,0.0187334,0.00700415,0.,0,0,
1819,0,0,1,46,0,0,0,0,0,0,0.0233849,0.00539883,0.,0,0,
1820,0,0,1,46,0,0,0,0,0,0,0.0229513,0.00701692,0.,0,0,
1821,0,0,1,46,0,0,0,0,0,0,0.0240926,0.00325,0.,0,0,
1822,0,0,1,46,0,0,0,0,0,0,0.0269276,0.00158333,0.,0,0,
1823,0,0,1,46,0,0,0,0,0,0,0.0272353,0.000893972,0.,0,0,
1824,0,0,1,46,0,0,0,0,0,0,0.02393,0.00435,0.,0,0,
1825,0,0,1,46,0,0,0,0,0,0,0.0163135,0.00760713,0.,0,0,
1826,0,0,1,46,0,0,0,0,0,0,0.0268657,0.00241667,0.,0,0,
1827,0,0,1,46,0,0,0,0,0,0,0.0275,0.,0.,0,0,
1828,0,0,1,46,0,0,0,0,0,0,0.0274832,0.000959736,0.,0,0,
1829,0,0,1,46,0,0,0,0,0,0,0.0127279,0.0127279,0.,0,0,
1830,0,0,1,46,0,0,0,0,0,0,0.0271913,0.00178698,0.,0,0,
1831,0,0,1,46,0,0,0,0,0,0,0.0274958,0.000479941,0.,0,0,
1832,0,0,1,46,0,0,0,0,0,0,0.0252886,0.00435,0.,0,0,
1833,0,0,1,46,0,0,0,0,0,0,0.0254481,0.00325,0.,0,0,
1834,0,0,1,46,0,0,0,0,0,0,0.0224059,0.00860083,0.,0,0,
1835,0,0,1,46,0,0,0,0,0,0,0.020221,0.00866672,0.,0,0,
1836,0,0,1,46,0,0,0,0,0,0,0.0274623,0.00143924,0.,0,0,
1837,0,0,1,46,0,0,0,0,0,0,0.0249771,0.00722108,0.,0,0,
1838,0,0,1,46,0,0,0,0,0,0,0.0179759,0.00876742,0.,0,0,
1839,0,0,1,46,0,0,0,0,0,0,0.0141195,0.0111642,0.,0,0,
1840,0,0,1,46,0,0,0,0,0,0,0.0153201,0.00944958,0.,0,0,
1841,0,0,1,46,0,0,0,0,0,0,0.024393,0.00899904,0.,0,0,
1842,0,0,1,46,0,0,0,0,0,0,0.0254318,0.0054057,0.,0,0,
1843,0,0,1,46,0,0,0,0,0,0,0.0271181,0.00267807,0.,0,0,
1844,0,0,1,46,0,0,0,0,0,0,0.0268037,0.00325,0.,0,0,
1846,0,0,1,46,0,0,0,0,0,0,0.0170528,0.01045,0.,0,0,
1848,0,0,1,46,0,0,0,0,0,0,0.0273494,0.00287453,0.,0,0,
1849,0,0,1,46,0,0,0,0,0,0,0.0159727,0.0120363,0.,0,0,
1850,0,0,1,46,0,0,0,0,0,0,0.0194608,0.0102605,0.,0,0,
1851,0,0,1,46,0,0,0,0,0,0,0.0217514,0.0101428,0.,0,0,
1852,0,0,1,46,0,0,0,0,0,0,0.0266473,0.00435,0.,0,0,
1853,0,0,1,46,0,0,0,0,0,0,0.027433,0.0019183,0.,0,0,
1854,0,0,1,46,0,0,0,0,0,0,0.0273954,0.00239678,0.,0,0,
1855,0,0,1,46,0,0,0,0,0,0,0.0155563,0.0135563,0.,0,0,
1856,0,0,1,46,0,0,0,0,0,0,0.0261908,0.00656046,0.,0,0,
1857,0,0,1,46,0,0,0,0,0,0,0.0236825,0.0107304,0.,0,0,
1858,0,0,1,46,0,0,0,0,0,0,0.0256511,0.00842745,0.,0,0,
1859,0,0,1,46,0,0,0,0,0,0,0.0253312,0.00934516,0.,0,0,
1860,0,0,1,46,0,0,0,0,0,0,0.0259378,0.00749881,0.,0,0,
1862,0,0,1,46,0,0,0,0,0,0,0.0270156,0.00356627,0.,0,0,
1863,0,0,1,46,0,0,0,0,0,0,0.02641,0.00561362,0.,0,0,
1864,0,0,1,46,0,0,0,0,0,0,0.0249784,0.0102508,0.,0,0,
1866,0,0,1,46,0,0,0,0,0,0,0.027295,0.00335141,0.,0,0,
1868,0,0,1,46,0,0,0,0,0,0,0.0272324,0.00382726,0.,0,0,
1872,0,0,1,46,0,0,0,0,0,0,0.026563,0.00711752,0.,0,0,
1873,0,0,1,46,0,0,0,0,0,0,0.0260018,0.00895312,0.,0,0,
1874,0,0,1,46,0,0,0,0,0,0,0.0267952,0.00618615,0.,0,0,
1875,0,0,1,46,0,0,0,0,0,0,0.0185752,0.0117882,0.,0,0,
1876,0,0,1,46,0,0,0,0,0,0,0.0268841,0.00445063,0.,0,0,
1879,0,0,1,46,0,0,0,0,0,0,0.0262984,0.00804022,0.,0,0,
1880,0,0,1,46,0,0,0,0,0,0,0.0245933,0.0111431,0.,0,0,
1881,0,0,1,46,0,0,0,0,0,0,0.0256735,0.00985512,0.,0,0,
1882,0,0,1,46,0,0,0,0,0,0,0.0254976,0.0103017,0.,0,0,
1883,0,0,1,46,0,0,0,0,0,0,0.0258415,0.00940555,0.,0,0,
1884,0,0,1,46,0,0,0,0,0,0,0.0261541,0.00849797,0.,0,0,
1885,0,0,1,46,0,0,0,0,0,0,0.0269947,0.00524725,0.,0,0,
1886,0,0,1,46,0,0,0,0,0,0,0.0209909,0.0116354,0.,0,0,
1887,0,0,1,46,0,0,0,0,0,0,0.01757,0.0132399,0.,0,0,
1888,0,0,1,46,0,0,0,0,0,0,0.0169706,0.0141421,0.,0,0,
1891,0,0,1,46,0,0,0,0,0,0,0.0264347,0.00758003,0.,0,0,
1892,0,0,1,46,0,0,0,0,0,0,0.0228492,0.0124061,0.,0,0,
1893,0,0,1,46,0,0,0,0,0,0,0.0266831,0.00665285,0.,0,0,
1894,0,0,1,46,0,0,0,0,0,0,0.0268991,0.00571757,0.,0,0,
1897,0,0,1,46,0,0,0,0,0,0,0.0253139,0.0107451,0.,0,0,
1898,0,0,1,46,0,0,0,0,0,0,0.0241764,0.012021,0.,0,0,
1900,0,0,1,46,0,0,0,0,0,0,0.0251225,0.0111853,0.,0,0,
1901,0,0,1,46,0,0,0,0,0,0,0.0271614,0.00430195,0.,0,0,
1902,0,0,1,46,0,0,0,0,0,0,0.0175563,0.0155563,0.,0,0,
1903,0,0,1,46,0,0,0,0,0,0,0.0201281,0.0130713,0.,0,0,
1908,0,0,1,46,0,0,0,0,0,0,0.0191673,0.0144436,0.,0,0,
1910,0,0,1,46,0,0,0,0,0,0,0.0270822,0.00477532,0.,0,0,
1912,0,0,1,46,0,0,0,0,0,0,0.0249235,0.011622,0.,0,0,
1913,0,0,1,46,0,0,0,0,0,0,0.0247168,0.0120552,0.,0,0,
1923,0,0,1,46,0,0,0,0,0,0,0.0169706,0.0169706,0.,0,0,
1924,0,0,1,46,0,0,0,0,0,0,0.0218976,0.0140176,0.,0,0,
1927,0,0,1,46,0,0,0,0,0,0,0.0237281,0.0128833,0.,0,0,
1931,0,0,1,46,0,0,0,0,0,0,0.023249,0.0137289,0.,0,0,
1932,0,0,1,46,0,0,0,0,0,0,0.0245027,0.0124847,0.,0,0,
1935,0,0,1,46,0,0,0,0,0,0,0.0242811,0.0129105,0.,0,0,
1948,0,0,1,46,0,0,0,0,0,0,0.0227399,0.0145567,0.,0,0,
1949,0,0,1,46,0,0,0,0,0,0,0.0238157,0.01375,0.,0,0,
1950,0,0,1,46,0,0,0,0,0,0,0.0235721,0.0141635,0.,0,0,
1951,0,0,1,46,0,0,0,0,0,0,0.024052,0.0133323,0.,0,0,
1954,0,0,1,46,0,0,0,0,0,0,0.0208326,0.0155564,0.,0,0,
1961,0,0,1,46,0,0,0,0,0,0,0.0196596,0.0170147,0.,0,0,
1962,0,0,1,46,0,0,0,0,0,0,0.0183848,0.0183848,0.,0,0,
1964,0,0,1,46,0,0,0,0,0,0,0.0233213,0.0145728,0.,0,0,
1965,0,0,1,46,0,0,0,0,0,0,0.0222012,0.0153657,0.,0,0,
1966,0,0,1,46,0,0,0,0,0,0,0.0230634,0.0149776,0.,0,0,
1969,0,0,1,46,0,0,0,0,0,0,0.0216339,0.0161548,0.,0,0,
1970,0,0,1,46,0,0,0,0,0,0,0.0227985,0.0153778,0.,0,0,
1971,0,0,1,46,0,0,0,0,0,0,0.0225267,0.0157734,0.,0,0,
1979,0,0,1,46,0,0,0,0,0,0,0.0197666,0.0183924,0.,0,0,
1980,0,0,1,46,0,0,0,0,0,0,0.0190919,0.0190919,0.,0,0,
1981,0,0,1,46,0,0,0,0,0,0,0.0210384,0.0169229,0.,0,0,
1982,0,0,1,46,0,0,0,0,0,0,0.0204158,0.0176691,0.,0,0,
1988,0,0,1,46,0,0,0,0,0,0,0.022248,0.0161641,0.,0,0,
1993,0,0,1,46,0,0,0,0,0,0,0.0219625,0.0165499,0.,0,0,
1994,0,0,1,46,0,0,0,0,0,0,0.0201122,0.018755,0.,0,0,
1999,0,0,1,46,0,0,0,0,0,0,0.0216703,0.0169307,0.,0,0,
2000,0,0,1,46,0,0,0,0,0,0,0.0204365,0.0184011,0.,0,0,
2001,0,0,1,46,0,0,0,0,0,0,0.0210662,0.0176767,0.,0,0,
2002,0,0,1,46,0,0,0,0,0,0,0.0207545,0.0180416,0.,0,0,
2003,0,0,1,46,0,0,0,0,0,0,0.0213715,0.0173063,0.,0,0,
2006,0,0,1,46,0,0,0,0,0,0,0.0197818,0.0191031,0.,0,0,
   -1
   -1
   404
949,124,2,17,2,1,0,0,0,0,0,0,0,
193,197,209,0,0,0,0,0,0,0,
0,0,0,0,0,0,0,0,0,0,
0.,0.,0.,0,0,0,0,0,0,
0.,0.,0.,
0.,0.,0.,
0,0,0,0,0,0,0,0,0,0,0,0,0,0,0,0,
950,124,2,17,2,1,0,0,0,0,0,0,0,
178,156,173,0,0,0,0,0,0,0,
0,0,0,0,0,0,0,0,0,0,
0.,0.,0.,0,0,0,0,0,0,
0.,0.,0.,
0.,0.,0.,
0,0,0,0,0,0,0,0,0,0,0,0,0,0,0,0,
951,124,2,17,2,1,0,0,0,0,0,0,0,
195,221,216,0,0,0,0,0,0,0,
0,0,0,0,0,0,0,0,0,0,
0.,0.,0.,0,0,0,0,0,0,
0.,0.,0.,
0.,0.,0.,
0,0,0,0,0,0,0,0,0,0,0,0,0,0,0,0,
952,124,2,17,2,1,0,0,0,0,0,0,0,
228,209,197,0,0,0,0,0,0,0,
0,0,0,0,0,0,0,0,0,0,
0.,0.,0.,0,0,0,0,0,0,
0.,0.,0.,
0.,0.,0.,
0,0,0,0,0,0,0,0,0,0,0,0,0,0,0,0,
953,124,2,17,2,1,0,0,0,0,0,0,0,
156,157,173,0,0,0,0,0,0,0,
0,0,0,0,0,0,0,0,0,0,
0.,0.,0.,0,0,0,0,0,0,
0.,0.,0.,
0.,0.,0.,
0,0,0,0,0,0,0,0,0,0,0,0,0,0,0,0,
954,124,2,17,2,1,0,0,0,0,0,0,0,
216,228,197,0,0,0,0,0,0,0,
0,0,0,0,0,0,0,0,0,0,
0.,0.,0.,0,0,0,0,0,0,
0.,0.,0.,
0.,0.,0.,
0,0,0,0,0,0,0,0,0,0,0,0,0,0,0,0,
955,124,2,17,2,1,0,0,0,0,0,0,0,
193,173,197,0,0,0,0,0,0,0,
0,0,0,0,0,0,0,0,0,0,
0.,0.,0.,0,0,0,0,0,0,
0.,0.,0.,
0.,0.,0.,
0,0,0,0,0,0,0,0,0,0,0,0,0,0,0,0,
956,124,2,17,2,1,0,0,0,0,0,0,0,
195,216,197,0,0,0,0,0,0,0,
0,0,0,0,0,0,0,0,0,0,
0.,0.,0.,0,0,0,0,0,0,
0.,0.,0.,
0.,0.,0.,
0,0,0,0,0,0,0,0,0,0,0,0,0,0,0,0,
957,124,2,17,2,1,0,0,0,0,0,0,0,
127,141,147,0,0,0,0,0,0,0,
0,0,0,0,0,0,0,0,0,0,
0.,0.,0.,0,0,0,0,0,0,
0.,0.,0.,
0.,0.,0.,
0,0,0,0,0,0,0,0,0,0,0,0,0,0,0,0,
958,124,2,17,2,1,0,0,0,0,0,0,0,
141,156,147,0,0,0,0,0,0,0,
0,0,0,0,0,0,0,0,0,0,
0.,0.,0.,0,0,0,0,0,0,
0.,0.,0.,
0.,0.,0.,
0,0,0,0,0,0,0,0,0,0,0,0,0,0,0,0,
959,124,2,17,2,1,0,0,0,0,0,0,0,
161,148,147,0,0,0,0,0,0,0,
0,0,0,0,0,0,0,0,0,0,
0.,0.,0.,0,0,0,0,0,0,
0.,0.,0.,
0.,0.,0.,
0,0,0,0,0,0,0,0,0,0,0,0,0,0,0,0,
960,124,2,17,2,1,0,0,0,0,0,0,0,
153,170,157,0,0,0,0,0,0,0,
0,0,0,0,0,0,0,0,0,0,
0.,0.,0.,0,0,0,0,0,0,
0.,0.,0.,
0.,0.,0.,
0,0,0,0,0,0,0,0,0,0,0,0,0,0,0,0,
961,124,2,17,2,1,0,0,0,0,0,0,0,
195,196,210,0,0,0,0,0,0,0,
0,0,0,0,0,0,0,0,0,0,
0.,0.,0.,0,0,0,0,0,0,
0.,0.,0.,
0.,0.,0.,
0,0,0,0,0,0,0,0,0,0,0,0,0,0,0,0,
962,124,2,17,2,1,0,0,0,0,0,0,0,
219,218,201,0,0,0,0,0,0,0,
0,0,0,0,0,0,0,0,0,0,
0.,0.,0.,0,0,0,0,0,0,
0.,0.,0.,
0.,0.,0.,
0,0,0,0,0,0,0,0,0,0,0,0,0,0,0,0,
963,124,2,17,2,1,0,0,0,0,0,0,0,
157,177,173,0,0,0,0,0,0,0,
0,0,0,0,0,0,0,0,0,0,
0.,0.,0.,0,0,0,0,0,0,
0.,0.,0.,
0.,0.,0.,
0,0,0,0,0,0,0,0,0,0,0,0,0,0,0,0,
964,124,2,17,2,1,0,0,0,0,0,0,0,
120,116,101,0,0,0,0,0,0,0,
0,0,0,0,0,0,0,0,0,0,
0.,0.,0.,0,0,0,0,0,0,
0.,0.,0.,
0.,0.,0.,
0,0,0,0,0,0,0,0,0,0,0,0,0,0,0,0,
965,124,2,17,2,1,0,0,0,0,0,0,0,
201,217,233,0,0,0,0,0,0,0,
0,0,0,0,0,0,0,0,0,0,
0.,0.,0.,0,0,0,0,0,0,
0.,0.,0.,
0.,0.,0.,
0,0,0,0,0,0,0,0,0,0,0,0,0,0,0,0,
966,124,2,17,2,1,0,0,0,0,0,0,0,
130,155,153,0,0,0,0,0,0,0,
0,0,0,0,0,0,0,0,0,0,
0.,0.,0.,0,0,0,0,0,0,
0.,0.,0.,
0.,0.,0.,
0,0,0,0,0,0,0,0,0,0,0,0,0,0,0,0,
967,124,2,17,2,1,0,0,0,0,0,0,0,
174,187,171,0,0,0,0,0,0,0,
0,0,0,0,0,0,0,0,0,0,
0.,0.,0.,0,0,0,0,0,0,
0.,0.,0.,
0.,0.,0.,
0,0,0,0,0,0,0,0,0,0,0,0,0,0,0,0,
968,124,2,17,2,1,0,0,0,0,0,0,0,
233,219,201,0,0,0,0,0,0,0,
0,0,0,0,0,0,0,0,0,0,
0.,0.,0.,0,0,0,0,0,0,
0.,0.,0.,
0.,0.,0.,
0,0,0,0,0,0,0,0,0,0,0,0,0,0,0,0,
969,124,2,17,2,1,0,0,0,0,0,0,0,
196,177,201,0,0,0,0,0,0,0,
0,0,0,0,0,0,0,0,0,0,
0.,0.,0.,0,0,0,0,0,0,
0.,0.,0.,
0.,0.,0.,
0,0,0,0,0,0,0,0,0,0,0,0,0,0,0,0,
970,124,2,17,2,1,0,0,0,0,0,0,0,
177,194,201,0,0,0,0,0,0,0,
0,0,0,0,0,0,0,0,0,0,
0.,0.,0.,0,0,0,0,0,0,
0.,0.,0.,
0.,0.,0.,
0,0,0,0,0,0,0,0,0,0,0,0,0,0,0,0,
971,124,2,17,2,1,0,0,0,0,0,0,0,
128,116,127,0,0,0,0,0,0,0,
0,0,0,0,0,0,0,0,0,0,
0.,0.,0.,0,0,0,0,0,0,
0.,0.,0.,
0.,0.,0.,
0,0,0,0,0,0,0,0,0,0,0,0,0,0,0,0,
972,124,2,17,2,1,0,0,0,0,0,0,0,
130,141,120,0,0,0,0,0,0,0,
0,0,0,0,0,0,0,0,0,0,
0.,0.,0.,0,0,0,0,0,0,
0.,0.,0.,
0.,0.,0.,
0,0,0,0,0,0,0,0,0,0,0,0,0,0,0,0,
973,124,2,17,2,1,0,0,0,0,0,0,0,
147,128,127,0,0,0,0,0,0,0,
0,0,0,0,0,0,0,0,0,0,
0.,0.,0.,0,0,0,0,0,0,
0.,0.,0.,
0.,0.,0.,
0,0,0,0,0,0,0,0,0,0,0,0,0,0,0,0,
974,124,2,17,2,1,0,0,0,0,0,0,0,
101,114,120,0,0,0,0,0,0,0,
0,0,0,0,0,0,0,0,0,0,
0.,0.,0.,0,0,0,0,0,0,
0.,0.,0.,
0.,0.,0.,
0,0,0,0,0,0,0,0,0,0,0,0,0,0,0,0,
975,124,2,17,2,1,0,0,0,0,0,0,0,
139,155,130,0,0,0,0,0,0,0,
0,0,0,0,0,0,0,0,0,0,
0.,0.,0.,0,0,0,0,0,0,
0.,0.,0.,
0.,0.,0.,
0,0,0,0,0,0,0,0,0,0,0,0,0,0,0,0,
976,124,2,17,2,1,0,0,0,0,0,0,0,
234,253,252,0,0,0,0,0,0,0,
0,0,0,0,0,0,0,0,0,0,
0.,0.,0.,0,0,0,0,0,0,
0.,0.,0.,
0.,0.,0.,
0,0,0,0,0,0,0,0,0,0,0,0,0,0,0,0,
977,124,2,17,2,1,0,0,0,0,0,0,0,
197,173,195,0,0,0,0,0,0,0,
0,0,0,0,0,0,0,0,0,0,
0.,0.,0.,0,0,0,0,0,0,
0.,0.,0.,
0.,0.,0.,
0,0,0,0,0,0,0,0,0,0,0,0,0,0,0,0,
978,124,2,17,2,1,0,0,0,0,0,0,0,
173,177,195,0,0,0,0,0,0,0,
0,0,0,0,0,0,0,0,0,0,
0.,0.,0.,0,0,0,0,0,0,
0.,0.,0.,
0.,0.,0.,
0,0,0,0,0,0,0,0,0,0,0,0,0,0,0,0,
979,124,2,17,2,1,0,0,0,0,0,0,0,
210,221,195,0,0,0,0,0,0,0,
0,0,0,0,0,0,0,0,0,0,
0.,0.,0.,0,0,0,0,0,0,
0.,0.,0.,
0.,0.,0.,
0,0,0,0,0,0,0,0,0,0,0,0,0,0,0,0,
980,124,2,17,2,1,0,0,0,0,0,0,0,
130,153,141,0,0,0,0,0,0,0,
0,0,0,0,0,0,0,0,0,0,
0.,0.,0.,0,0,0,0,0,0,
0.,0.,0.,
0.,0.,0.,
0,0,0,0,0,0,0,0,0,0,0,0,0,0,0,0,
981,124,2,17,2,1,0,0,0,0,0,0,0,
158,148,161,0,0,0,0,0,0,0,
0,0,0,0,0,0,0,0,0,0,
0.,0.,0.,0,0,0,0,0,0,
0.,0.,0.,
0.,0.,0.,
0,0,0,0,0,0,0,0,0,0,0,0,0,0,0,0,
982,124,2,17,2,1,0,0,0,0,0,0,0,
141,157,156,0,0,0,0,0,0,0,
0,0,0,0,0,0,0,0,0,0,
0.,0.,0.,0,0,0,0,0,0,
0.,0.,0.,
0.,0.,0.,
0,0,0,0,0,0,0,0,0,0,0,0,0,0,0,0,
983,124,2,17,2,1,0,0,0,0,0,0,0,
169,158,168,0,0,0,0,0,0,0,
0,0,0,0,0,0,0,0,0,0,
0.,0.,0.,0,0,0,0,0,0,
0.,0.,0.,
0.,0.,0.,
0,0,0,0,0,0,0,0,0,0,0,0,0,0,0,0,
984,124,2,17,2,1,0,0,0,0,0,0,0,
156,178,161,0,0,0,0,0,0,0,
0,0,0,0,0,0,0,0,0,0,
0.,0.,0.,0,0,0,0,0,0,
0.,0.,0.,
0.,0.,0.,
0,0,0,0,0,0,0,0,0,0,0,0,0,0,0,0,
985,124,2,17,2,1,0,0,0,0,0,0,0,
189,169,168,0,0,0,0,0,0,0,
0,0,0,0,0,0,0,0,0,0,
0.,0.,0.,0,0,0,0,0,0,
0.,0.,0.,
0.,0.,0.,
0,0,0,0,0,0,0,0,0,0,0,0,0,0,0,0,
986,124,2,17,2,1,0,0,0,0,0,0,0,
148,128,147,0,0,0,0,0,0,0,
0,0,0,0,0,0,0,0,0,0,
0.,0.,0.,0,0,0,0,0,0,
0.,0.,0.,
0.,0.,0.,
0,0,0,0,0,0,0,0,0,0,0,0,0,0,0,0,
987,124,2,17,2,1,0,0,0,0,0,0,0,
162,174,155,0,0,0,0,0,0,0,
0,0,0,0,0,0,0,0,0,0,
0.,0.,0.,0,0,0,0,0,0,
0.,0.,0.,
0.,0.,0.,
0,0,0,0,0,0,0,0,0,0,0,0,0,0,0,0,
988,124,2,17,2,1,0,0,0,0,0,0,0,
117,125,137,0,0,0,0,0,0,0,
0,0,0,0,0,0,0,0,0,0,
0.,0.,0.,0,0,0,0,0,0,
0.,0.,0.,
0.,0.,0.,
0,0,0,0,0,0,0,0,0,0,0,0,0,0,0,0,
989,124,2,17,2,1,0,0,0,0,0,0,0,
35,43,44,0,0,0,0,0,0,0,
0,0,0,0,0,0,0,0,0,0,
0.,0.,0.,0,0,0,0,0,0,
0.,0.,0.,
0.,0.,0.,
0,0,0,0,0,0,0,0,0,0,0,0,0,0,0,0,
990,124,2,17,2,1,0,0,0,0,0,0,0,
45,44,55,0,0,0,0,0,0,0,
0,0,0,0,0,0,0,0,0,0,
0.,0.,0.,0,0,0,0,0,0,
0.,0.,0.,
0.,0.,0.,
0,0,0,0,0,0,0,0,0,0,0,0,0,0,0,0,
991,124,2,17,2,1,0,0,0,0,0,0,0,
57,45,55,0,0,0,0,0,0,0,
0,0,0,0,0,0,0,0,0,0,
0.,0.,0.,0,0,0,0,0,0,
0.,0.,0.,
0.,0.,0.,
0,0,0,0,0,0,0,0,0,0,0,0,0,0,0,0,
992,124,2,17,2,1,0,0,0,0,0,0,0,
70,57,80,0,0,0,0,0,0,0,
0,0,0,0,0,0,0,0,0,0,
0.,0.,0.,0,0,0,0,0,0,
0.,0.,0.,
0.,0.,0.,
0,0,0,0,0,0,0,0,0,0,0,0,0,0,0,0,
993,124,2,17,2,1,0,0,0,0,0,0,0,
80,85,70,0,0,0,0,0,0,0,
0,0,0,0,0,0,0,0,0,0,
0.,0.,0.,0,0,0,0,0,0,
0.,0.,0.,
0.,0.,0.,
0,0,0,0,0,0,0,0,0,0,0,0,0,0,0,0,
994,124,2,17,2,1,0,0,0,0,0,0,0,
85,88,70,0,0,0,0,0,0,0,
0,0,0,0,0,0,0,0,0,0,
0.,0.,0.,0,0,0,0,0,0,
0.,0.,0.,
0.,0.,0.,
0,0,0,0,0,0,0,0,0,0,0,0,0,0,0,0,
995,124,2,17,2,1,0,0,0,0,0,0,0,
105,122,88,0,0,0,0,0,0,0,
0,0,0,0,0,0,0,0,0,0,
0.,0.,0.,0,0,0,0,0,0,
0.,0.,0.,
0.,0.,0.,
0,0,0,0,0,0,0,0,0,0,0,0,0,0,0,0,
996,124,2,17,2,1,0,0,0,0,0,0,0,
137,129,117,0,0,0,0,0,0,0,
0,0,0,0,0,0,0,0,0,0,
0.,0.,0.,0,0,0,0,0,0,
0.,0.,0.,
0.,0.,0.,
0,0,0,0,0,0,0,0,0,0,0,0,0,0,0,0,
997,124,2,17,2,1,0,0,0,0,0,0,0,
160,149,129,0,0,0,0,0,0,0,
0,0,0,0,0,0,0,0,0,0,
0.,0.,0.,0,0,0,0,0,0,
0.,0.,0.,
0.,0.,0.,
0,0,0,0,0,0,0,0,0,0,0,0,0,0,0,0,
998,124,2,17,2,1,0,0,0,0,0,0,0,
167,149,160,0,0,0,0,0,0,0,
0,0,0,0,0,0,0,0,0,0,
0.,0.,0.,0,0,0,0,0,0,
0.,0.,0.,
0.,0.,0.,
0,0,0,0,0,0,0,0,0,0,0,0,0,0,0,0,
999,124,2,17,2,1,0,0,0,0,0,0,0,
160,172,165,0,0,0,0,0,0,0,
0,0,0,0,0,0,0,0,0,0,
0.,0.,0.,0,0,0,0,0,0,
0.,0.,0.,
0.,0.,0.,
0,0,0,0,0,0,0,0,0,0,0,0,0,0,0,0,
1000,124,2,17,2,1,0,0,0,0,0,0,0,
167,160,165,0,0,0,0,0,0,0,
0,0,0,0,0,0,0,0,0,0,
0.,0.,0.,0,0,0,0,0,0,
0.,0.,0.,
0.,0.,0.,
0,0,0,0,0,0,0,0,0,0,0,0,0,0,0,0,
1001,124,2,17,2,1,0,0,0,0,0,0,0,
129,142,160,0,0,0,0,0,0,0,
0,0,0,0,0,0,0,0,0,0,
0.,0.,0.,0,0,0,0,0,0,
0.,0.,0.,
0.,0.,0.,
0,0,0,0,0,0,0,0,0,0,0,0,0,0,0,0,
1002,124,2,17,2,1,0,0,0,0,0,0,0,
142,159,160,0,0,0,0,0,0,0,
0,0,0,0,0,0,0,0,0,0,
0.,0.,0.,0,0,0,0,0,0,
0.,0.,0.,
0.,0.,0.,
0,0,0,0,0,0,0,0,0,0,0,0,0,0,0,0,
1003,124,2,17,2,1,0,0,0,0,0,0,0,
172,160,166,0,0,0,0,0,0,0,
0,0,0,0,0,0,0,0,0,0,
0.,0.,0.,0,0,0,0,0,0,
0.,0.,0.,
0.,0.,0.,
0,0,0,0,0,0,0,0,0,0,0,0,0,0,0,0,
1004,124,2,17,2,1,0,0,0,0,0,0,0,
55,54,67,0,0,0,0,0,0,0,
0,0,0,0,0,0,0,0,0,0,
0.,0.,0.,0,0,0,0,0,0,
0.,0.,0.,
0.,0.,0.,
0,0,0,0,0,0,0,0,0,0,0,0,0,0,0,0,
1005,124,2,17,2,1,0,0,0,0,0,0,0,
69,83,67,0,0,0,0,0,0,0,
0,0,0,0,0,0,0,0,0,0,
0.,0.,0.,0,0,0,0,0,0,
0.,0.,0.,
0.,0.,0.,
0,0,0,0,0,0,0,0,0,0,0,0,0,0,0,0,
1006,124,2,17,2,1,0,0,0,0,0,0,0,
55,67,83,0,0,0,0,0,0,0,
0,0,0,0,0,0,0,0,0,0,
0.,0.,0.,0,0,0,0,0,0,
0.,0.,0.,
0.,0.,0.,
0,0,0,0,0,0,0,0,0,0,0,0,0,0,0,0,
1007,124,2,17,2,1,0,0,0,0,0,0,0,
190,166,191,0,0,0,0,0,0,0,
0,0,0,0,0,0,0,0,0,0,
0.,0.,0.,0,0,0,0,0,0,
0.,0.,0.,
0.,0.,0.,
0,0,0,0,0,0,0,0,0,0,0,0,0,0,0,0,
1008,124,2,17,2,1,0,0,0,0,0,0,0,
50,49,40,0,0,0,0,0,0,0,
0,0,0,0,0,0,0,0,0,0,
0.,0.,0.,0,0,0,0,0,0,
0.,0.,0.,
0.,0.,0.,
0,0,0,0,0,0,0,0,0,0,0,0,0,0,0,0,
1009,124,2,17,2,1,0,0,0,0,0,0,0,
160,159,166,0,0,0,0,0,0,0,
0,0,0,0,0,0,0,0,0,0,
0.,0.,0.,0,0,0,0,0,0,
0.,0.,0.,
0.,0.,0.,
0,0,0,0,0,0,0,0,0,0,0,0,0,0,0,0,
1010,124,2,17,2,1,0,0,0,0,0,0,0,
159,179,166,0,0,0,0,0,0,0,
0,0,0,0,0,0,0,0,0,0,
0.,0.,0.,0,0,0,0,0,0,
0.,0.,0.,
0.,0.,0.,
0,0,0,0,0,0,0,0,0,0,0,0,0,0,0,0,
1011,124,2,17,2,1,0,0,0,0,0,0,0,
191,166,179,0,0,0,0,0,0,0,
0,0,0,0,0,0,0,0,0,0,
0.,0.,0.,0,0,0,0,0,0,
0.,0.,0.,
0.,0.,0.,
0,0,0,0,0,0,0,0,0,0,0,0,0,0,0,0,
1012,124,2,17,2,1,0,0,0,0,0,0,0,
38,50,40,0,0,0,0,0,0,0,
0,0,0,0,0,0,0,0,0,0,
0.,0.,0.,0,0,0,0,0,0,
0.,0.,0.,
0.,0.,0.,
0,0,0,0,0,0,0,0,0,0,0,0,0,0,0,0,
1013,124,2,17,2,1,0,0,0,0,0,0,0,
41,34,40,0,0,0,0,0,0,0,
0,0,0,0,0,0,0,0,0,0,
0.,0.,0.,0,0,0,0,0,0,
0.,0.,0.,
0.,0.,0.,
0,0,0,0,0,0,0,0,0,0,0,0,0,0,0,0,
1014,124,2,17,2,1,0,0,0,0,0,0,0,
30,38,40,0,0,0,0,0,0,0,
0,0,0,0,0,0,0,0,0,0,
0.,0.,0.,0,0,0,0,0,0,
0.,0.,0.,
0.,0.,0.,
0,0,0,0,0,0,0,0,0,0,0,0,0,0,0,0,
1015,124,2,17,2,1,0,0,0,0,0,0,0,
185,179,203,0,0,0,0,0,0,0,
0,0,0,0,0,0,0,0,0,0,
0.,0.,0.,0,0,0,0,0,0,
0.,0.,0.,
0.,0.,0.,
0,0,0,0,0,0,0,0,0,0,0,0,0,0,0,0,
1016,124,2,17,2,1,0,0,0,0,0,0,0,
172,166,190,0,0,0,0,0,0,0,
0,0,0,0,0,0,0,0,0,0,
0.,0.,0.,0,0,0,0,0,0,
0.,0.,0.,
0.,0.,0.,
0,0,0,0,0,0,0,0,0,0,0,0,0,0,0,0,
1017,124,2,17,2,1,0,0,0,0,0,0,0,
31,38,30,0,0,0,0,0,0,0,
0,0,0,0,0,0,0,0,0,0,
0.,0.,0.,0,0,0,0,0,0,
0.,0.,0.,
0.,0.,0.,
0,0,0,0,0,0,0,0,0,0,0,0,0,0,0,0,
1018,124,2,17,2,1,0,0,0,0,0,0,0,
40,34,30,0,0,0,0,0,0,0,
0,0,0,0,0,0,0,0,0,0,
0.,0.,0.,0,0,0,0,0,0,
0.,0.,0.,
0.,0.,0.,
0,0,0,0,0,0,0,0,0,0,0,0,0,0,0,0,
1019,124,2,17,2,1,0,0,0,0,0,0,0,
17,22,18,0,0,0,0,0,0,0,
0,0,0,0,0,0,0,0,0,0,
0.,0.,0.,0,0,0,0,0,0,
0.,0.,0.,
0.,0.,0.,
0,0,0,0,0,0,0,0,0,0,0,0,0,0,0,0,
1020,124,2,17,2,1,0,0,0,0,0,0,0,
10,12,16,0,0,0,0,0,0,0,
0,0,0,0,0,0,0,0,0,0,
0.,0.,0.,0,0,0,0,0,0,
0.,0.,0.,
0.,0.,0.,
0,0,0,0,0,0,0,0,0,0,0,0,0,0,0,0,
1021,124,2,17,2,1,0,0,0,0,0,0,0,
17,18,16,0,0,0,0,0,0,0,
0,0,0,0,0,0,0,0,0,0,
0.,0.,0.,0,0,0,0,0,0,
0.,0.,0.,
0.,0.,0.,
0,0,0,0,0,0,0,0,0,0,0,0,0,0,0,0,
1022,124,2,17,2,1,0,0,0,0,0,0,0,
15,10,16,0,0,0,0,0,0,0,
0,0,0,0,0,0,0,0,0,0,
0.,0.,0.,0,0,0,0,0,0,
0.,0.,0.,
0.,0.,0.,
0,0,0,0,0,0,0,0,0,0,0,0,0,0,0,0,
1023,124,2,17,2,1,0,0,0,0,0,0,0,
16,19,15,0,0,0,0,0,0,0,
0,0,0,0,0,0,0,0,0,0,
0.,0.,0.,0,0,0,0,0,0,
0.,0.,0.,
0.,0.,0.,
0,0,0,0,0,0,0,0,0,0,0,0,0,0,0,0,
1024,124,2,17,2,1,0,0,0,0,0,0,0,
19,20,15,0,0,0,0,0,0,0,
0,0,0,0,0,0,0,0,0,0,
0.,0.,0.,0,0,0,0,0,0,
0.,0.,0.,
0.,0.,0.,
0,0,0,0,0,0,0,0,0,0,0,0,0,0,0,0,
1025,124,2,17,2,1,0,0,0,0,0,0,0,
43,35,32,0,0,0,0,0,0,0,
0,0,0,0,0,0,0,0,0,0,
0.,0.,0.,0,0,0,0,0,0,
0.,0.,0.,
0.,0.,0.,
0,0,0,0,0,0,0,0,0,0,0,0,0,0,0,0,
1026,124,2,17,2,1,0,0,0,0,0,0,0,
19,26,20,0,0,0,0,0,0,0,
0,0,0,0,0,0,0,0,0,0,
0.,0.,0.,0,0,0,0,0,0,
0.,0.,0.,
0.,0.,0.,
0,0,0,0,0,0,0,0,0,0,0,0,0,0,0,0,
1027,124,2,17,2,1,0,0,0,0,0,0,0,
83,57,55,0,0,0,0,0,0,0,
0,0,0,0,0,0,0,0,0,0,
0.,0.,0.,0,0,0,0,0,0,
0.,0.,0.,
0.,0.,0.,
0,0,0,0,0,0,0,0,0,0,0,0,0,0,0,0,
1028,124,2,17,2,1,0,0,0,0,0,0,0,
49,41,40,0,0,0,0,0,0,0,
0,0,0,0,0,0,0,0,0,0,
0.,0.,0.,0,0,0,0,0,0,
0.,0.,0.,
0.,0.,0.,
0,0,0,0,0,0,0,0,0,0,0,0,0,0,0,0,
1029,124,2,17,2,1,0,0,0,0,0,0,0,
185,191,179,0,0,0,0,0,0,0,
0,0,0,0,0,0,0,0,0,0,
0.,0.,0.,0,0,0,0,0,0,
0.,0.,0.,
0.,0.,0.,
0,0,0,0,0,0,0,0,0,0,0,0,0,0,0,0,
1030,124,2,17,2,1,0,0,0,0,0,0,0,
159,163,179,0,0,0,0,0,0,0,
0,0,0,0,0,0,0,0,0,0,
0.,0.,0.,0,0,0,0,0,0,
0.,0.,0.,
0.,0.,0.,
0,0,0,0,0,0,0,0,0,0,0,0,0,0,0,0,
1031,124,2,17,2,1,0,0,0,0,0,0,0,
163,180,179,0,0,0,0,0,0,0,
0,0,0,0,0,0,0,0,0,0,
0.,0.,0.,0,0,0,0,0,0,
0.,0.,0.,
0.,0.,0.,
0,0,0,0,0,0,0,0,0,0,0,0,0,0,0,0,
1032,124,2,17,2,1,0,0,0,0,0,0,0,
16,18,19,0,0,0,0,0,0,0,
0,0,0,0,0,0,0,0,0,0,
0.,0.,0.,0,0,0,0,0,0,
0.,0.,0.,
0.,0.,0.,
0,0,0,0,0,0,0,0,0,0,0,0,0,0,0,0,
1033,124,2,17,2,1,0,0,0,0,0,0,0,
31,23,28,0,0,0,0,0,0,0,
0,0,0,0,0,0,0,0,0,0,
0.,0.,0.,0,0,0,0,0,0,
0.,0.,0.,
0.,0.,0.,
0,0,0,0,0,0,0,0,0,0,0,0,0,0,0,0,
1034,124,2,17,2,1,0,0,0,0,0,0,0,
26,33,32,0,0,0,0,0,0,0,
0,0,0,0,0,0,0,0,0,0,
0.,0.,0.,0,0,0,0,0,0,
0.,0.,0.,
0.,0.,0.,
0,0,0,0,0,0,0,0,0,0,0,0,0,0,0,0,
1035,124,2,17,2,1,0,0,0,0,0,0,0,
49,54,43,0,0,0,0,0,0,0,
0,0,0,0,0,0,0,0,0,0,
0.,0.,0.,0,0,0,0,0,0,
0.,0.,0.,
0.,0.,0.,
0,0,0,0,0,0,0,0,0,0,0,0,0,0,0,0,
1036,124,2,17,2,1,0,0,0,0,0,0,0,
25,32,35,0,0,0,0,0,0,0,
0,0,0,0,0,0,0,0,0,0,
0.,0.,0.,0,0,0,0,0,0,
0.,0.,0.,
0.,0.,0.,
0,0,0,0,0,0,0,0,0,0,0,0,0,0,0,0,
1037,124,2,17,2,1,0,0,0,0,0,0,0,
41,49,43,0,0,0,0,0,0,0,
0,0,0,0,0,0,0,0,0,0,
0.,0.,0.,0,0,0,0,0,0,
0.,0.,0.,
0.,0.,0.,
0,0,0,0,0,0,0,0,0,0,0,0,0,0,0,0,
1038,124,2,17,2,1,0,0,0,0,0,0,0,
25,20,32,0,0,0,0,0,0,0,
0,0,0,0,0,0,0,0,0,0,
0.,0.,0.,0,0,0,0,0,0,
0.,0.,0.,
0.,0.,0.,
0,0,0,0,0,0,0,0,0,0,0,0,0,0,0,0,
1039,124,2,17,2,1,0,0,0,0,0,0,0,
58,67,54,0,0,0,0,0,0,0,
0,0,0,0,0,0,0,0,0,0,
0.,0.,0.,0,0,0,0,0,0,
0.,0.,0.,
0.,0.,0.,
0,0,0,0,0,0,0,0,0,0,0,0,0,0,0,0,
1040,124,2,17,2,1,0,0,0,0,0,0,0,
26,32,20,0,0,0,0,0,0,0,
0,0,0,0,0,0,0,0,0,0,
0.,0.,0.,0,0,0,0,0,0,
0.,0.,0.,
0.,0.,0.,
0,0,0,0,0,0,0,0,0,0,0,0,0,0,0,0,
1041,124,2,17,2,1,0,0,0,0,0,0,0,
49,58,54,0,0,0,0,0,0,0,
0,0,0,0,0,0,0,0,0,0,
0.,0.,0.,0,0,0,0,0,0,
0.,0.,0.,
0.,0.,0.,
0,0,0,0,0,0,0,0,0,0,0,0,0,0,0,0,
1042,124,2,17,2,1,0,0,0,0,0,0,0,
56,58,49,0,0,0,0,0,0,0,
0,0,0,0,0,0,0,0,0,0,
0.,0.,0.,0,0,0,0,0,0,
0.,0.,0.,
0.,0.,0.,
0,0,0,0,0,0,0,0,0,0,0,0,0,0,0,0,
1043,124,2,17,2,1,0,0,0,0,0,0,0,
33,41,43,0,0,0,0,0,0,0,
0,0,0,0,0,0,0,0,0,0,
0.,0.,0.,0,0,0,0,0,0,
0.,0.,0.,
0.,0.,0.,
0,0,0,0,0,0,0,0,0,0,0,0,0,0,0,0,
1044,124,2,17,2,1,0,0,0,0,0,0,0,
50,56,49,0,0,0,0,0,0,0,
0,0,0,0,0,0,0,0,0,0,
0.,0.,0.,0,0,0,0,0,0,
0.,0.,0.,
0.,0.,0.,
0,0,0,0,0,0,0,0,0,0,0,0,0,0,0,0,
1045,124,2,17,2,1,0,0,0,0,0,0,0,
193,230,211,0,0,0,0,0,0,0,
0,0,0,0,0,0,0,0,0,0,
0.,0.,0.,0,0,0,0,0,0,
0.,0.,0.,
0.,0.,0.,
0,0,0,0,0,0,0,0,0,0,0,0,0,0,0,0,
1046,124,2,17,2,1,0,0,0,0,0,0,0,
155,171,153,0,0,0,0,0,0,0,
0,0,0,0,0,0,0,0,0,0,
0.,0.,0.,0,0,0,0,0,0,
0.,0.,0.,
0.,0.,0.,
0,0,0,0,0,0,0,0,0,0,0,0,0,0,0,0,
1047,124,2,17,2,1,0,0,0,0,0,0,0,
209,230,193,0,0,0,0,0,0,0,
0,0,0,0,0,0,0,0,0,0,
0.,0.,0.,0,0,0,0,0,0,
0.,0.,0.,
0.,0.,0.,
0,0,0,0,0,0,0,0,0,0,0,0,0,0,0,0,
1048,124,2,17,2,1,0,0,0,0,0,0,0,
178,193,200,0,0,0,0,0,0,0,
0,0,0,0,0,0,0,0,0,0,
0.,0.,0.,0,0,0,0,0,0,
0.,0.,0.,
0.,0.,0.,
0,0,0,0,0,0,0,0,0,0,0,0,0,0,0,0,
1049,124,2,17,2,1,0,0,0,0,0,0,0,
211,231,200,0,0,0,0,0,0,0,
0,0,0,0,0,0,0,0,0,0,
0.,0.,0.,0,0,0,0,0,0,
0.,0.,0.,
0.,0.,0.,
0,0,0,0,0,0,0,0,0,0,0,0,0,0,0,0,
1050,124,2,17,2,1,0,0,0,0,0,0,0,
178,173,193,0,0,0,0,0,0,0,
0,0,0,0,0,0,0,0,0,0,
0.,0.,0.,0,0,0,0,0,0,
0.,0.,0.,
0.,0.,0.,
0,0,0,0,0,0,0,0,0,0,0,0,0,0,0,0,
1051,124,2,17,2,1,0,0,0,0,0,0,0,
114,130,120,0,0,0,0,0,0,0,
0,0,0,0,0,0,0,0,0,0,
0.,0.,0.,0,0,0,0,0,0,
0.,0.,0.,
0.,0.,0.,
0,0,0,0,0,0,0,0,0,0,0,0,0,0,0,0,
1052,124,2,17,2,1,0,0,0,0,0,0,0,
141,127,120,0,0,0,0,0,0,0,
0,0,0,0,0,0,0,0,0,0,
0.,0.,0.,0,0,0,0,0,0,
0.,0.,0.,
0.,0.,0.,
0,0,0,0,0,0,0,0,0,0,0,0,0,0,0,0,
1053,124,2,17,2,1,0,0,0,0,0,0,0,
127,116,120,0,0,0,0,0,0,0,
0,0,0,0,0,0,0,0,0,0,
0.,0.,0.,0,0,0,0,0,0,
0.,0.,0.,
0.,0.,0.,
0,0,0,0,0,0,0,0,0,0,0,0,0,0,0,0,
1054,124,2,17,2,1,0,0,0,0,0,0,0,
194,177,170,0,0,0,0,0,0,0,
0,0,0,0,0,0,0,0,0,0,
0.,0.,0.,0,0,0,0,0,0,
0.,0.,0.,
0.,0.,0.,
0,0,0,0,0,0,0,0,0,0,0,0,0,0,0,0,
1055,124,2,17,2,1,0,0,0,0,0,0,0,
139,130,114,0,0,0,0,0,0,0,
0,0,0,0,0,0,0,0,0,0,
0.,0.,0.,0,0,0,0,0,0,
0.,0.,0.,
0.,0.,0.,
0,0,0,0,0,0,0,0,0,0,0,0,0,0,0,0,
1056,124,2,17,2,1,0,0,0,0,0,0,0,
101,121,114,0,0,0,0,0,0,0,
0,0,0,0,0,0,0,0,0,0,
0.,0.,0.,0,0,0,0,0,0,
0.,0.,0.,
0.,0.,0.,
0,0,0,0,0,0,0,0,0,0,0,0,0,0,0,0,
1057,124,2,17,2,1,0,0,0,0,0,0,0,
121,139,114,0,0,0,0,0,0,0,
0,0,0,0,0,0,0,0,0,0,
0.,0.,0.,0,0,0,0,0,0,
0.,0.,0.,
0.,0.,0.,
0,0,0,0,0,0,0,0,0,0,0,0,0,0,0,0,
1058,124,2,17,2,1,0,0,0,0,0,0,0,
188,229,194,0,0,0,0,0,0,0,
0,0,0,0,0,0,0,0,0,0,
0.,0.,0.,0,0,0,0,0,0,
0.,0.,0.,
0.,0.,0.,
0,0,0,0,0,0,0,0,0,0,0,0,0,0,0,0,
1059,124,2,17,2,1,0,0,0,0,0,0,0,
300,267,274,0,0,0,0,0,0,0,
0,0,0,0,0,0,0,0,0,0,
0.,0.,0.,0,0,0,0,0,0,
0.,0.,0.,
0.,0.,0.,
0,0,0,0,0,0,0,0,0,0,0,0,0,0,0,0,
1060,124,2,17,2,1,0,0,0,0,0,0,0,
302,278,267,0,0,0,0,0,0,0,
0,0,0,0,0,0,0,0,0,0,
0.,0.,0.,0,0,0,0,0,0,
0.,0.,0.,
0.,0.,0.,
0,0,0,0,0,0,0,0,0,0,0,0,0,0,0,0,
1061,124,2,17,2,1,0,0,0,0,0,0,0,
234,229,267,0,0,0,0,0,0,0,
0,0,0,0,0,0,0,0,0,0,
0.,0.,0.,0,0,0,0,0,0,
0.,0.,0.,
0.,0.,0.,
0,0,0,0,0,0,0,0,0,0,0,0,0,0,0,0,
1062,124,2,17,2,1,0,0,0,0,0,0,0,
300,302,267,0,0,0,0,0,0,0,
0,0,0,0,0,0,0,0,0,0,
0.,0.,0.,0,0,0,0,0,0,
0.,0.,0.,
0.,0.,0.,
0,0,0,0,0,0,0,0,0,0,0,0,0,0,0,0,
1063,124,2,17,2,1,0,0,0,0,0,0,0,
188,223,229,0,0,0,0,0,0,0,
0,0,0,0,0,0,0,0,0,0,
0.,0.,0.,0,0,0,0,0,0,
0.,0.,0.,
0.,0.,0.,
0,0,0,0,0,0,0,0,0,0,0,0,0,0,0,0,
1064,124,2,17,2,1,0,0,0,0,0,0,0,
186,224,212,0,0,0,0,0,0,0,
0,0,0,0,0,0,0,0,0,0,
0.,0.,0.,0,0,0,0,0,0,
0.,0.,0.,
0.,0.,0.,
0,0,0,0,0,0,0,0,0,0,0,0,0,0,0,0,
1065,124,2,17,2,1,0,0,0,0,0,0,0,
320,301,274,0,0,0,0,0,0,0,
0,0,0,0,0,0,0,0,0,0,
0.,0.,0.,0,0,0,0,0,0,
0.,0.,0.,
0.,0.,0.,
0,0,0,0,0,0,0,0,0,0,0,0,0,0,0,0,
1066,124,2,17,2,1,0,0,0,0,0,0,0,
267,229,274,0,0,0,0,0,0,0,
0,0,0,0,0,0,0,0,0,0,
0.,0.,0.,0,0,0,0,0,0,
0.,0.,0.,
0.,0.,0.,
0,0,0,0,0,0,0,0,0,0,0,0,0,0,0,0,
1067,124,2,17,2,1,0,0,0,0,0,0,0,
229,264,274,0,0,0,0,0,0,0,
0,0,0,0,0,0,0,0,0,0,
0.,0.,0.,0,0,0,0,0,0,
0.,0.,0.,
0.,0.,0.,
0,0,0,0,0,0,0,0,0,0,0,0,0,0,0,0,
1068,124,2,17,2,1,0,0,0,0,0,0,0,
155,174,171,0,0,0,0,0,0,0,
0,0,0,0,0,0,0,0,0,0,
0.,0.,0.,0,0,0,0,0,0,
0.,0.,0.,
0.,0.,0.,
0,0,0,0,0,0,0,0,0,0,0,0,0,0,0,0,
1069,124,2,17,2,1,0,0,0,0,0,0,0,
182,212,187,0,0,0,0,0,0,0,
0,0,0,0,0,0,0,0,0,0,
0.,0.,0.,0,0,0,0,0,0,
0.,0.,0.,
0.,0.,0.,
0,0,0,0,0,0,0,0,0,0,0,0,0,0,0,0,
1070,124,2,17,2,1,0,0,0,0,0,0,0,
267,275,234,0,0,0,0,0,0,0,
0,0,0,0,0,0,0,0,0,0,
0.,0.,0.,0,0,0,0,0,0,
0.,0.,0.,
0.,0.,0.,
0,0,0,0,0,0,0,0,0,0,0,0,0,0,0,0,
1071,124,2,17,2,1,0,0,0,0,0,0,0,
300,274,301,0,0,0,0,0,0,0,
0,0,0,0,0,0,0,0,0,0,
0.,0.,0.,0,0,0,0,0,0,
0.,0.,0.,
0.,0.,0.,
0,0,0,0,0,0,0,0,0,0,0,0,0,0,0,0,
1072,124,2,17,2,1,0,0,0,0,0,0,0,
145,162,155,0,0,0,0,0,0,0,
0,0,0,0,0,0,0,0,0,0,
0.,0.,0.,0,0,0,0,0,0,
0.,0.,0.,
0.,0.,0.,
0,0,0,0,0,0,0,0,0,0,0,0,0,0,0,0,
1073,124,2,17,2,1,0,0,0,0,0,0,0,
176,182,174,0,0,0,0,0,0,0,
0,0,0,0,0,0,0,0,0,0,
0.,0.,0.,0,0,0,0,0,0,
0.,0.,0.,
0.,0.,0.,
0,0,0,0,0,0,0,0,0,0,0,0,0,0,0,0,
1074,124,2,17,2,1,0,0,0,0,0,0,0,
220,210,196,0,0,0,0,0,0,0,
0,0,0,0,0,0,0,0,0,0,
0.,0.,0.,0,0,0,0,0,0,
0.,0.,0.,
0.,0.,0.,
0,0,0,0,0,0,0,0,0,0,0,0,0,0,0,0,
1075,124,2,17,2,1,0,0,0,0,0,0,0,
157,170,177,0,0,0,0,0,0,0,
0,0,0,0,0,0,0,0,0,0,
0.,0.,0.,0,0,0,0,0,0,
0.,0.,0.,
0.,0.,0.,
0,0,0,0,0,0,0,0,0,0,0,0,0,0,0,0,
1076,124,2,17,2,1,0,0,0,0,0,0,0,
218,220,196,0,0,0,0,0,0,0,
0,0,0,0,0,0,0,0,0,0,
0.,0.,0.,0,0,0,0,0,0,
0.,0.,0.,
0.,0.,0.,
0,0,0,0,0,0,0,0,0,0,0,0,0,0,0,0,
1077,124,2,17,2,1,0,0,0,0,0,0,0,
195,177,196,0,0,0,0,0,0,0,
0,0,0,0,0,0,0,0,0,0,
0.,0.,0.,0,0,0,0,0,0,
0.,0.,0.,
0.,0.,0.,
0,0,0,0,0,0,0,0,0,0,0,0,0,0,0,0,
1078,124,2,17,2,1,0,0,0,0,0,0,0,
201,218,196,0,0,0,0,0,0,0,
0,0,0,0,0,0,0,0,0,0,
0.,0.,0.,0,0,0,0,0,0,
0.,0.,0.,
0.,0.,0.,
0,0,0,0,0,0,0,0,0,0,0,0,0,0,0,0,
1079,124,2,17,2,1,0,0,0,0,0,0,0,
141,153,157,0,0,0,0,0,0,0,
0,0,0,0,0,0,0,0,0,0,
0.,0.,0.,0,0,0,0,0,0,
0.,0.,0.,
0.,0.,0.,
0,0,0,0,0,0,0,0,0,0,0,0,0,0,0,0,
1080,124,2,17,2,1,0,0,0,0,0,0,0,
171,188,170,0,0,0,0,0,0,0,
0,0,0,0,0,0,0,0,0,0,
0.,0.,0.,0,0,0,0,0,0,
0.,0.,0.,
0.,0.,0.,
0,0,0,0,0,0,0,0,0,0,0,0,0,0,0,0,
1081,124,2,17,2,1,0,0,0,0,0,0,0,
176,186,182,0,0,0,0,0,0,0,
0,0,0,0,0,0,0,0,0,0,
0.,0.,0.,0,0,0,0,0,0,
0.,0.,0.,
0.,0.,0.,
0,0,0,0,0,0,0,0,0,0,0,0,0,0,0,0,
1082,124,2,17,2,1,0,0,0,0,0,0,0,
223,264,229,0,0,0,0,0,0,0,
0,0,0,0,0,0,0,0,0,0,
0.,0.,0.,0,0,0,0,0,0,
0.,0.,0.,
0.,0.,0.,
0,0,0,0,0,0,0,0,0,0,0,0,0,0,0,0,
1083,124,2,17,2,1,0,0,0,0,0,0,0,
345,299,321,0,0,0,0,0,0,0,
0,0,0,0,0,0,0,0,0,0,
0.,0.,0.,0,0,0,0,0,0,
0.,0.,0.,
0.,0.,0.,
0,0,0,0,0,0,0,0,0,0,0,0,0,0,0,0,
1084,124,2,17,2,1,0,0,0,0,0,0,0,
324,320,299,0,0,0,0,0,0,0,
0,0,0,0,0,0,0,0,0,0,
0.,0.,0.,0,0,0,0,0,0,
0.,0.,0.,
0.,0.,0.,
0,0,0,0,0,0,0,0,0,0,0,0,0,0,0,0,
1085,124,2,17,2,1,0,0,0,0,0,0,0,
274,264,299,0,0,0,0,0,0,0,
0,0,0,0,0,0,0,0,0,0,
0.,0.,0.,0,0,0,0,0,0,
0.,0.,0.,
0.,0.,0.,
0,0,0,0,0,0,0,0,0,0,0,0,0,0,0,0,
1086,124,2,17,2,1,0,0,0,0,0,0,0,
345,324,299,0,0,0,0,0,0,0,
0,0,0,0,0,0,0,0,0,0,
0.,0.,0.,0,0,0,0,0,0,
0.,0.,0.,
0.,0.,0.,
0,0,0,0,0,0,0,0,0,0,0,0,0,0,0,0,
1087,124,2,17,2,1,0,0,0,0,0,0,0,
223,240,264,0,0,0,0,0,0,0,
0,0,0,0,0,0,0,0,0,0,
0.,0.,0.,0,0,0,0,0,0,
0.,0.,0.,
0.,0.,0.,
0,0,0,0,0,0,0,0,0,0,0,0,0,0,0,0,
1088,124,2,17,2,1,0,0,0,0,0,0,0,
346,345,321,0,0,0,0,0,0,0,
0,0,0,0,0,0,0,0,0,0,
0.,0.,0.,0,0,0,0,0,0,
0.,0.,0.,
0.,0.,0.,
0,0,0,0,0,0,0,0,0,0,0,0,0,0,0,0,
1089,124,2,17,2,1,0,0,0,0,0,0,0,
174,182,187,0,0,0,0,0,0,0,
0,0,0,0,0,0,0,0,0,0,
0.,0.,0.,0,0,0,0,0,0,
0.,0.,0.,
0.,0.,0.,
0,0,0,0,0,0,0,0,0,0,0,0,0,0,0,0,
1090,124,2,17,2,1,0,0,0,0,0,0,0,
192,225,224,0,0,0,0,0,0,0,
0,0,0,0,0,0,0,0,0,0,
0.,0.,0.,0,0,0,0,0,0,
0.,0.,0.,
0.,0.,0.,
0,0,0,0,0,0,0,0,0,0,0,0,0,0,0,0,
1091,124,2,17,2,1,0,0,0,0,0,0,0,
186,212,182,0,0,0,0,0,0,0,
0,0,0,0,0,0,0,0,0,0,
0.,0.,0.,0,0,0,0,0,0,
0.,0.,0.,
0.,0.,0.,
0,0,0,0,0,0,0,0,0,0,0,0,0,0,0,0,
1092,124,2,17,2,1,0,0,0,0,0,0,0,
264,305,321,0,0,0,0,0,0,0,
0,0,0,0,0,0,0,0,0,0,
0.,0.,0.,0,0,0,0,0,0,
0.,0.,0.,
0.,0.,0.,
0,0,0,0,0,0,0,0,0,0,0,0,0,0,0,0,
1093,124,2,17,2,1,0,0,0,0,0,0,0,
385,346,321,0,0,0,0,0,0,0,
0,0,0,0,0,0,0,0,0,0,
0.,0.,0.,0,0,0,0,0,0,
0.,0.,0.,
0.,0.,0.,
0,0,0,0,0,0,0,0,0,0,0,0,0,0,0,0,
1094,124,2,17,2,1,0,0,0,0,0,0,0,
299,264,321,0,0,0,0,0,0,0,
0,0,0,0,0,0,0,0,0,0,
0.,0.,0.,0,0,0,0,0,0,
0.,0.,0.,
0.,0.,0.,
0,0,0,0,0,0,0,0,0,0,0,0,0,0,0,0,
1095,124,2,17,2,1,0,0,0,0,0,0,0,
264,240,305,0,0,0,0,0,0,0,
0,0,0,0,0,0,0,0,0,0,
0.,0.,0.,0,0,0,0,0,0,
0.,0.,0.,
0.,0.,0.,
0,0,0,0,0,0,0,0,0,0,0,0,0,0,0,0,
1096,124,2,17,2,1,0,0,0,0,0,0,0,
225,248,224,0,0,0,0,0,0,0,
0,0,0,0,0,0,0,0,0,0,
0.,0.,0.,0,0,0,0,0,0,
0.,0.,0.,
0.,0.,0.,
0,0,0,0,0,0,0,0,0,0,0,0,0,0,0,0,
1097,124,2,17,2,1,0,0,0,0,0,0,0,
344,385,321,0,0,0,0,0,0,0,
0,0,0,0,0,0,0,0,0,0,
0.,0.,0.,0,0,0,0,0,0,
0.,0.,0.,
0.,0.,0.,
0,0,0,0,0,0,0,0,0,0,0,0,0,0,0,0,
1098,124,2,17,2,1,0,0,0,0,0,0,0,
427,372,431,0,0,0,0,0,0,0,
0,0,0,0,0,0,0,0,0,0,
0.,0.,0.,0,0,0,0,0,0,
0.,0.,0.,
0.,0.,0.,
0,0,0,0,0,0,0,0,0,0,0,0,0,0,0,0,
1099,124,2,17,2,1,0,0,0,0,0,0,0,
344,305,372,0,0,0,0,0,0,0,
0,0,0,0,0,0,0,0,0,0,
0.,0.,0.,0,0,0,0,0,0,
0.,0.,0.,
0.,0.,0.,
0,0,0,0,0,0,0,0,0,0,0,0,0,0,0,0,
1100,124,2,17,2,1,0,0,0,0,0,0,0,
305,316,372,0,0,0,0,0,0,0,
0,0,0,0,0,0,0,0,0,0,
0.,0.,0.,0,0,0,0,0,0,
0.,0.,0.,
0.,0.,0.,
0,0,0,0,0,0,0,0,0,0,0,0,0,0,0,0,
1101,124,2,17,2,1,0,0,0,0,0,0,0,
429,431,372,0,0,0,0,0,0,0,
0,0,0,0,0,0,0,0,0,0,
0.,0.,0.,0,0,0,0,0,0,
0.,0.,0.,
0.,0.,0.,
0,0,0,0,0,0,0,0,0,0,0,0,0,0,0,0,
1102,124,2,17,2,1,0,0,0,0,0,0,0,
225,239,248,0,0,0,0,0,0,0,
0,0,0,0,0,0,0,0,0,0,
0.,0.,0.,0,0,0,0,0,0,
0.,0.,0.,
0.,0.,0.,
0,0,0,0,0,0,0,0,0,0,0,0,0,0,0,0,
1103,124,2,17,2,1,0,0,0,0,0,0,0,
397,385,344,0,0,0,0,0,0,0,
0,0,0,0,0,0,0,0,0,0,
0.,0.,0.,0,0,0,0,0,0,
0.,0.,0.,
0.,0.,0.,
0,0,0,0,0,0,0,0,0,0,0,0,0,0,0,0,
1104,124,2,17,2,1,0,0,0,0,0,0,0,
321,305,344,0,0,0,0,0,0,0,
0,0,0,0,0,0,0,0,0,0,
0.,0.,0.,0,0,0,0,0,0,
0.,0.,0.,
0.,0.,0.,
0,0,0,0,0,0,0,0,0,0,0,0,0,0,0,0,
1105,124,2,17,2,1,0,0,0,0,0,0,0,
427,397,344,0,0,0,0,0,0,0,
0,0,0,0,0,0,0,0,0,0,
0.,0.,0.,0,0,0,0,0,0,
0.,0.,0.,
0.,0.,0.,
0,0,0,0,0,0,0,0,0,0,0,0,0,0,0,0,
1106,124,2,17,2,1,0,0,0,0,0,0,0,
240,248,305,0,0,0,0,0,0,0,
0,0,0,0,0,0,0,0,0,0,
0.,0.,0.,0,0,0,0,0,0,
0.,0.,0.,
0.,0.,0.,
0,0,0,0,0,0,0,0,0,0,0,0,0,0,0,0,
1107,124,2,17,2,1,0,0,0,0,0,0,0,
427,344,372,0,0,0,0,0,0,0,
0,0,0,0,0,0,0,0,0,0,
0.,0.,0.,0,0,0,0,0,0,
0.,0.,0.,
0.,0.,0.,
0,0,0,0,0,0,0,0,0,0,0,0,0,0,0,0,
1108,124,2,17,2,1,0,0,0,0,0,0,0,
212,224,240,0,0,0,0,0,0,0,
0,0,0,0,0,0,0,0,0,0,
0.,0.,0.,0,0,0,0,0,0,
0.,0.,0.,
0.,0.,0.,
0,0,0,0,0,0,0,0,0,0,0,0,0,0,0,0,
1109,124,2,17,2,1,0,0,0,0,0,0,0,
175,186,176,0,0,0,0,0,0,0,
0,0,0,0,0,0,0,0,0,0,
0.,0.,0.,0,0,0,0,0,0,
0.,0.,0.,
0.,0.,0.,
0,0,0,0,0,0,0,0,0,0,0,0,0,0,0,0,
1110,124,2,17,2,1,0,0,0,0,0,0,0,
150,175,176,0,0,0,0,0,0,0,
0,0,0,0,0,0,0,0,0,0,
0.,0.,0.,0,0,0,0,0,0,
0.,0.,0.,
0.,0.,0.,
0,0,0,0,0,0,0,0,0,0,0,0,0,0,0,0,
1111,124,2,17,2,1,0,0,0,0,0,0,0,
192,224,186,0,0,0,0,0,0,0,
0,0,0,0,0,0,0,0,0,0,
0.,0.,0.,0,0,0,0,0,0,
0.,0.,0.,
0.,0.,0.,
0,0,0,0,0,0,0,0,0,0,0,0,0,0,0,0,
1112,124,2,17,2,1,0,0,0,0,0,0,0,
162,176,174,0,0,0,0,0,0,0,
0,0,0,0,0,0,0,0,0,0,
0.,0.,0.,0,0,0,0,0,0,
0.,0.,0.,
0.,0.,0.,
0,0,0,0,0,0,0,0,0,0,0,0,0,0,0,0,
1113,124,2,17,2,1,0,0,0,0,0,0,0,
175,192,186,0,0,0,0,0,0,0,
0,0,0,0,0,0,0,0,0,0,
0.,0.,0.,0,0,0,0,0,0,
0.,0.,0.,
0.,0.,0.,
0,0,0,0,0,0,0,0,0,0,0,0,0,0,0,0,
1114,124,2,17,2,1,0,0,0,0,0,0,0,
145,146,162,0,0,0,0,0,0,0,
0,0,0,0,0,0,0,0,0,0,
0.,0.,0.,0,0,0,0,0,0,
0.,0.,0.,
0.,0.,0.,
0,0,0,0,0,0,0,0,0,0,0,0,0,0,0,0,
1115,124,2,17,2,1,0,0,0,0,0,0,0,
373,429,372,0,0,0,0,0,0,0,
0,0,0,0,0,0,0,0,0,0,
0.,0.,0.,0,0,0,0,0,0,
0.,0.,0.,
0.,0.,0.,
0,0,0,0,0,0,0,0,0,0,0,0,0,0,0,0,
1116,124,2,17,2,1,0,0,0,0,0,0,0,
248,316,305,0,0,0,0,0,0,0,
0,0,0,0,0,0,0,0,0,0,
0.,0.,0.,0,0,0,0,0,0,
0.,0.,0.,
0.,0.,0.,
0,0,0,0,0,0,0,0,0,0,0,0,0,0,0,0,
1117,124,2,17,2,1,0,0,0,0,0,0,0,
248,239,316,0,0,0,0,0,0,0,
0,0,0,0,0,0,0,0,0,0,
0.,0.,0.,0,0,0,0,0,0,
0.,0.,0.,
0.,0.,0.,
0,0,0,0,0,0,0,0,0,0,0,0,0,0,0,0,
1118,124,2,17,2,1,0,0,0,0,0,0,0,
428,373,371,0,0,0,0,0,0,0,
0,0,0,0,0,0,0,0,0,0,
0.,0.,0.,0,0,0,0,0,0,
0.,0.,0.,
0.,0.,0.,
0,0,0,0,0,0,0,0,0,0,0,0,0,0,0,0,
1119,124,2,17,2,1,0,0,0,0,0,0,0,
430,429,373,0,0,0,0,0,0,0,
0,0,0,0,0,0,0,0,0,0,
0.,0.,0.,0,0,0,0,0,0,
0.,0.,0.,
0.,0.,0.,
0,0,0,0,0,0,0,0,0,0,0,0,0,0,0,0,
1120,124,2,17,2,1,0,0,0,0,0,0,0,
372,316,373,0,0,0,0,0,0,0,
0,0,0,0,0,0,0,0,0,0,
0.,0.,0.,0,0,0,0,0,0,
0.,0.,0.,
0.,0.,0.,
0,0,0,0,0,0,0,0,0,0,0,0,0,0,0,0,
1121,124,2,17,2,1,0,0,0,0,0,0,0,
428,430,373,0,0,0,0,0,0,0,
0,0,0,0,0,0,0,0,0,0,
0.,0.,0.,0,0,0,0,0,0,
0.,0.,0.,
0.,0.,0.,
0,0,0,0,0,0,0,0,0,0,0,0,0,0,0,0,
1122,124,2,17,2,1,0,0,0,0,0,0,0,
371,399,428,0,0,0,0,0,0,0,
0,0,0,0,0,0,0,0,0,0,
0.,0.,0.,0,0,0,0,0,0,
0.,0.,0.,
0.,0.,0.,
0,0,0,0,0,0,0,0,0,0,0,0,0,0,0,0,
1123,124,2,17,2,1,0,0,0,0,0,0,0,
146,151,162,0,0,0,0,0,0,0,
0,0,0,0,0,0,0,0,0,0,
0.,0.,0.,0,0,0,0,0,0,
0.,0.,0.,
0.,0.,0.,
0,0,0,0,0,0,0,0,0,0,0,0,0,0,0,0,
1124,124,2,17,2,1,0,0,0,0,0,0,0,
373,316,371,0,0,0,0,0,0,0,
0,0,0,0,0,0,0,0,0,0,
0.,0.,0.,0,0,0,0,0,0,
0.,0.,0.,
0.,0.,0.,
0,0,0,0,0,0,0,0,0,0,0,0,0,0,0,0,
1125,124,2,17,2,1,0,0,0,0,0,0,0,
316,1962,371,0,0,0,0,0,0,0,
0,0,0,0,0,0,0,0,0,0,
0.,0.,0.,0,0,0,0,0,0,
0.,0.,0.,
0.,0.,0.,
0,0,0,0,0,0,0,0,0,0,0,0,0,0,0,0,
1126,124,2,17,2,1,0,0,0,0,0,0,0,
456,399,371,0,0,0,0,0,0,0,
0,0,0,0,0,0,0,0,0,0,
0.,0.,0.,0,0,0,0,0,0,
0.,0.,0.,
0.,0.,0.,
0,0,0,0,0,0,0,0,0,0,0,0,0,0,0,0,
1127,124,2,17,2,1,0,0,0,0,0,0,0,
456,371,1980,0,0,0,0,0,0,0,
0,0,0,0,0,0,0,0,0,0,
0.,0.,0.,0,0,0,0,0,0,
0.,0.,0.,
0.,0.,0.,
0,0,0,0,0,0,0,0,0,0,0,0,0,0,0,0,
1128,124,2,17,2,1,0,0,0,0,0,0,0,
151,143,176,0,0,0,0,0,0,0,
0,0,0,0,0,0,0,0,0,0,
0.,0.,0.,0,0,0,0,0,0,
0.,0.,0.,
0.,0.,0.,
0,0,0,0,0,0,0,0,0,0,0,0,0,0,0,0,
1129,124,2,17,2,1,0,0,0,0,0,0,0,
143,150,176,0,0,0,0,0,0,0,
0,0,0,0,0,0,0,0,0,0,
0.,0.,0.,0,0,0,0,0,0,
0.,0.,0.,
0.,0.,0.,
0,0,0,0,0,0,0,0,0,0,0,0,0,0,0,0,
1130,124,2,17,2,1,0,0,0,0,0,0,0,
183,192,175,0,0,0,0,0,0,0,
0,0,0,0,0,0,0,0,0,0,
0.,0.,0.,0,0,0,0,0,0,
0.,0.,0.,
0.,0.,0.,
0,0,0,0,0,0,0,0,0,0,0,0,0,0,0,0,
1131,124,2,17,2,1,0,0,0,0,0,0,0,
398,456,1980,0,0,0,0,0,0,0,
0,0,0,0,0,0,0,0,0,0,
0.,0.,0.,0,0,0,0,0,0,
0.,0.,0.,
0.,0.,0.,
0,0,0,0,0,0,0,0,0,0,0,0,0,0,0,0,
1132,124,2,17,2,1,0,0,0,0,0,0,0,
371,1962,1980,0,0,0,0,0,0,0,
0,0,0,0,0,0,0,0,0,0,
0.,0.,0.,0,0,0,0,0,0,
0.,0.,0.,
0.,0.,0.,
0,0,0,0,0,0,0,0,0,0,0,0,0,0,0,0,
1133,124,2,17,2,1,0,0,0,0,0,0,0,
239,1923,316,0,0,0,0,0,0,0,
0,0,0,0,0,0,0,0,0,0,
0.,0.,0.,0,0,0,0,0,0,
0.,0.,0.,
0.,0.,0.,
0,0,0,0,0,0,0,0,0,0,0,0,0,0,0,0,
1134,124,2,17,2,1,0,0,0,0,0,0,0,
1829,183,175,0,0,0,0,0,0,0,
0,0,0,0,0,0,0,0,0,0,
0.,0.,0.,0,0,0,0,0,0,
0.,0.,0.,
0.,0.,0.,
0,0,0,0,0,0,0,0,0,0,0,0,0,0,0,0,
1135,124,2,17,2,1,0,0,0,0,0,0,0,
175,152,1829,0,0,0,0,0,0,0,
0,0,0,0,0,0,0,0,0,0,
0.,0.,0.,0,0,0,0,0,0,
0.,0.,0.,
0.,0.,0.,
0,0,0,0,0,0,0,0,0,0,0,0,0,0,0,0,
1136,124,2,17,2,1,0,0,0,0,0,0,0,
43,32,33,0,0,0,0,0,0,0,
0,0,0,0,0,0,0,0,0,0,
0.,0.,0.,0,0,0,0,0,0,
0.,0.,0.,
0.,0.,0.,
0,0,0,0,0,0,0,0,0,0,0,0,0,0,0,0,
1137,124,2,17,2,1,0,0,0,0,0,0,0,
194,229,234,0,0,0,0,0,0,0,
0,0,0,0,0,0,0,0,0,0,
0.,0.,0.,0,0,0,0,0,0,
0.,0.,0.,
0.,0.,0.,
0,0,0,0,0,0,0,0,0,0,0,0,0,0,0,0,
1138,124,2,17,2,1,0,0,0,0,0,0,0,
275,253,234,0,0,0,0,0,0,0,
0,0,0,0,0,0,0,0,0,0,
0.,0.,0.,0,0,0,0,0,0,
0.,0.,0.,
0.,0.,0.,
0,0,0,0,0,0,0,0,0,0,0,0,0,0,0,0,
1139,124,2,17,2,1,0,0,0,0,0,0,0,
217,194,234,0,0,0,0,0,0,0,
0,0,0,0,0,0,0,0,0,0,
0.,0.,0.,0,0,0,0,0,0,
0.,0.,0.,
0.,0.,0.,
0,0,0,0,0,0,0,0,0,0,0,0,0,0,0,0,
1140,124,2,17,2,1,0,0,0,0,0,0,0,
16,12,17,0,0,0,0,0,0,0,
0,0,0,0,0,0,0,0,0,0,
0.,0.,0.,0,0,0,0,0,0,
0.,0.,0.,
0.,0.,0.,
0,0,0,0,0,0,0,0,0,0,0,0,0,0,0,0,
1141,124,2,17,2,1,0,0,0,0,0,0,0,
12,14,17,0,0,0,0,0,0,0,
0,0,0,0,0,0,0,0,0,0,
0.,0.,0.,0,0,0,0,0,0,
0.,0.,0.,
0.,0.,0.,
0,0,0,0,0,0,0,0,0,0,0,0,0,0,0,0,
1142,124,2,17,2,1,0,0,0,0,0,0,0,
30,22,23,0,0,0,0,0,0,0,
0,0,0,0,0,0,0,0,0,0,
0.,0.,0.,0,0,0,0,0,0,
0.,0.,0.,
0.,0.,0.,
0,0,0,0,0,0,0,0,0,0,0,0,0,0,0,0,
1143,124,2,17,2,1,0,0,0,0,0,0,0,
17,21,23,0,0,0,0,0,0,0,
0,0,0,0,0,0,0,0,0,0,
0.,0.,0.,0,0,0,0,0,0,
0.,0.,0.,
0.,0.,0.,
0,0,0,0,0,0,0,0,0,0,0,0,0,0,0,0,
1144,124,2,17,2,1,0,0,0,0,0,0,0,
31,30,23,0,0,0,0,0,0,0,
0,0,0,0,0,0,0,0,0,0,
0.,0.,0.,0,0,0,0,0,0,
0.,0.,0.,
0.,0.,0.,
0,0,0,0,0,0,0,0,0,0,0,0,0,0,0,0,
1145,124,2,17,2,1,0,0,0,0,0,0,0,
12,1683,14,0,0,0,0,0,0,0,
0,0,0,0,0,0,0,0,0,0,
0.,0.,0.,0,0,0,0,0,0,
0.,0.,0.,
0.,0.,0.,
0,0,0,0,0,0,0,0,0,0,0,0,0,0,0,0,
1146,124,2,17,2,1,0,0,0,0,0,0,0,
22,17,23,0,0,0,0,0,0,0,
0,0,0,0,0,0,0,0,0,0,
0.,0.,0.,0,0,0,0,0,0,
0.,0.,0.,
0.,0.,0.,
0,0,0,0,0,0,0,0,0,0,0,0,0,0,0,0,
1147,124,2,17,2,1,0,0,0,0,0,0,0,
1694,27,24,0,0,0,0,0,0,0,
0,0,0,0,0,0,0,0,0,0,
0.,0.,0.,0,0,0,0,0,0,
0.,0.,0.,
0.,0.,0.,
0,0,0,0,0,0,0,0,0,0,0,0,0,0,0,0,
1148,124,2,17,2,1,0,0,0,0,0,0,0,
14,1683,21,0,0,0,0,0,0,0,
0,0,0,0,0,0,0,0,0,0,
0.,0.,0.,0,0,0,0,0,0,
0.,0.,0.,
0.,0.,0.,
0,0,0,0,0,0,0,0,0,0,0,0,0,0,0,0,
1149,124,2,17,2,1,0,0,0,0,0,0,0,
150,152,175,0,0,0,0,0,0,0,
0,0,0,0,0,0,0,0,0,0,
0.,0.,0.,0,0,0,0,0,0,
0.,0.,0.,
0.,0.,0.,
0,0,0,0,0,0,0,0,0,0,0,0,0,0,0,0,
1150,124,2,17,2,1,0,0,0,0,0,0,0,
152,144,1829,0,0,0,0,0,0,0,
0,0,0,0,0,0,0,0,0,0,
0.,0.,0.,0,0,0,0,0,0,
0.,0.,0.,
0.,0.,0.,
0,0,0,0,0,0,0,0,0,0,0,0,0,0,0,0,
1151,124,2,17,2,1,0,0,0,0,0,0,0,
21,28,23,0,0,0,0,0,0,0,
0,0,0,0,0,0,0,0,0,0,
0.,0.,0.,0,0,0,0,0,0,
0.,0.,0.,
0.,0.,0.,
0,0,0,0,0,0,0,0,0,0,0,0,0,0,0,0,
1152,124,2,17,2,1,0,0,0,0,0,0,0,
24,21,1683,0,0,0,0,0,0,0,
0,0,0,0,0,0,0,0,0,0,
0.,0.,0.,0,0,0,0,0,0,
0.,0.,0.,
0.,0.,0.,
0,0,0,0,0,0,0,0,0,0,0,0,0,0,0,0,
1153,124,2,17,2,1,0,0,0,0,0,0,0,
24,27,21,0,0,0,0,0,0,0,
0,0,0,0,0,0,0,0,0,0,
0.,0.,0.,0,0,0,0,0,0,
0.,0.,0.,
0.,0.,0.,
0,0,0,0,0,0,0,0,0,0,0,0,0,0,0,0,
1154,124,2,17,2,1,0,0,0,0,0,0,0,
27,28,21,0,0,0,0,0,0,0,
0,0,0,0,0,0,0,0,0,0,
0.,0.,0.,0,0,0,0,0,0,
0.,0.,0.,
0.,0.,0.,
0,0,0,0,0,0,0,0,0,0,0,0,0,0,0,0,
1155,124,2,17,2,1,0,0,0,0,0,0,0,
17,14,21,0,0,0,0,0,0,0,
0,0,0,0,0,0,0,0,0,0,
0.,0.,0.,0,0,0,0,0,0,
0.,0.,0.,
0.,0.,0.,
0,0,0,0,0,0,0,0,0,0,0,0,0,0,0,0,
1156,124,2,17,2,1,0,0,0,0,0,0,0,
320,274,299,0,0,0,0,0,0,0,
0,0,0,0,0,0,0,0,0,0,
0.,0.,0.,0,0,0,0,0,0,
0.,0.,0.,
0.,0.,0.,
0,0,0,0,0,0,0,0,0,0,0,0,0,0,0,0,
1157,124,2,17,2,1,0,0,0,0,0,0,0,
187,212,223,0,0,0,0,0,0,0,
0,0,0,0,0,0,0,0,0,0,
0.,0.,0.,0,0,0,0,0,0,
0.,0.,0.,
0.,0.,0.,
0,0,0,0,0,0,0,0,0,0,0,0,0,0,0,0,
1158,124,2,17,2,1,0,0,0,0,0,0,0,
224,248,240,0,0,0,0,0,0,0,
0,0,0,0,0,0,0,0,0,0,
0.,0.,0.,0,0,0,0,0,0,
0.,0.,0.,
0.,0.,0.,
0,0,0,0,0,0,0,0,0,0,0,0,0,0,0,0,
1159,124,2,17,2,1,0,0,0,0,0,0,0,
236,233,217,0,0,0,0,0,0,0,
0,0,0,0,0,0,0,0,0,0,
0.,0.,0.,0,0,0,0,0,0,
0.,0.,0.,
0.,0.,0.,
0,0,0,0,0,0,0,0,0,0,0,0,0,0,0,0,
1160,124,2,17,2,1,0,0,0,0,0,0,0,
170,188,194,0,0,0,0,0,0,0,
0,0,0,0,0,0,0,0,0,0,
0.,0.,0.,0,0,0,0,0,0,
0.,0.,0.,
0.,0.,0.,
0,0,0,0,0,0,0,0,0,0,0,0,0,0,0,0,
1161,124,2,17,2,1,0,0,0,0,0,0,0,
252,236,217,0,0,0,0,0,0,0,
0,0,0,0,0,0,0,0,0,0,
0.,0.,0.,0,0,0,0,0,0,
0.,0.,0.,
0.,0.,0.,
0,0,0,0,0,0,0,0,0,0,0,0,0,0,0,0,
1162,124,2,17,2,1,0,0,0,0,0,0,0,
201,194,217,0,0,0,0,0,0,0,
0,0,0,0,0,0,0,0,0,0,
0.,0.,0.,0,0,0,0,0,0,
0.,0.,0.,
0.,0.,0.,
0,0,0,0,0,0,0,0,0,0,0,0,0,0,0,0,
1163,124,2,17,2,1,0,0,0,0,0,0,0,
234,252,217,0,0,0,0,0,0,0,
0,0,0,0,0,0,0,0,0,0,
0.,0.,0.,0,0,0,0,0,0,
0.,0.,0.,
0.,0.,0.,
0,0,0,0,0,0,0,0,0,0,0,0,0,0,0,0,
1164,124,2,17,2,1,0,0,0,0,0,0,0,
153,171,170,0,0,0,0,0,0,0,
0,0,0,0,0,0,0,0,0,0,
0.,0.,0.,0,0,0,0,0,0,
0.,0.,0.,
0.,0.,0.,
0,0,0,0,0,0,0,0,0,0,0,0,0,0,0,0,
1165,124,2,17,2,1,0,0,0,0,0,0,0,
187,223,188,0,0,0,0,0,0,0,
0,0,0,0,0,0,0,0,0,0,
0.,0.,0.,0,0,0,0,0,0,
0.,0.,0.,
0.,0.,0.,
0,0,0,0,0,0,0,0,0,0,0,0,0,0,0,0,
1166,124,2,17,2,1,0,0,0,0,0,0,0,
139,145,155,0,0,0,0,0,0,0,
0,0,0,0,0,0,0,0,0,0,
0.,0.,0.,0,0,0,0,0,0,
0.,0.,0.,
0.,0.,0.,
0,0,0,0,0,0,0,0,0,0,0,0,0,0,0,0,
1167,124,2,17,2,1,0,0,0,0,0,0,0,
151,176,162,0,0,0,0,0,0,0,
0,0,0,0,0,0,0,0,0,0,
0.,0.,0.,0,0,0,0,0,0,
0.,0.,0.,
0.,0.,0.,
0,0,0,0,0,0,0,0,0,0,0,0,0,0,0,0,
1168,124,2,17,2,1,0,0,0,0,0,0,0,
1923,1962,316,0,0,0,0,0,0,0,
0,0,0,0,0,0,0,0,0,0,
0.,0.,0.,0,0,0,0,0,0,
0.,0.,0.,
0.,0.,0.,
0,0,0,0,0,0,0,0,0,0,0,0,0,0,0,0,
1169,124,2,17,2,1,0,0,0,0,0,0,0,
12,13,1683,0,0,0,0,0,0,0,
0,0,0,0,0,0,0,0,0,0,
0.,0.,0.,0,0,0,0,0,0,
0.,0.,0.,
0.,0.,0.,
0,0,0,0,0,0,0,0,0,0,0,0,0,0,0,0,
1170,124,2,17,2,1,0,0,0,0,0,0,0,
203,179,199,0,0,0,0,0,0,0,
0,0,0,0,0,0,0,0,0,0,
0.,0.,0.,0,0,0,0,0,0,
0.,0.,0.,
0.,0.,0.,
0,0,0,0,0,0,0,0,0,0,0,0,0,0,0,0,
1171,124,2,17,2,1,0,0,0,0,0,0,0,
205,203,199,0,0,0,0,0,0,0,
0,0,0,0,0,0,0,0,0,0,
0.,0.,0.,0,0,0,0,0,0,
0.,0.,0.,
0.,0.,0.,
0,0,0,0,0,0,0,0,0,0,0,0,0,0,0,0,
1172,124,2,17,2,1,0,0,0,0,0,0,0,
164,149,167,0,0,0,0,0,0,0,
0,0,0,0,0,0,0,0,0,0,
0.,0.,0.,0,0,0,0,0,0,
0.,0.,0.,
0.,0.,0.,
0,0,0,0,0,0,0,0,0,0,0,0,0,0,0,0,
1173,124,2,17,2,1,0,0,0,0,0,0,0,
205,213,237,0,0,0,0,0,0,0,
0,0,0,0,0,0,0,0,0,0,
0.,0.,0.,0,0,0,0,0,0,
0.,0.,0.,
0.,0.,0.,
0,0,0,0,0,0,0,0,0,0,0,0,0,0,0,0,
1174,124,2,17,2,1,0,0,0,0,0,0,0,
189,213,199,0,0,0,0,0,0,0,
0,0,0,0,0,0,0,0,0,0,
0.,0.,0.,0,0,0,0,0,0,
0.,0.,0.,
0.,0.,0.,
0,0,0,0,0,0,0,0,0,0,0,0,0,0,0,0,
1175,124,2,17,2,1,0,0,0,0,0,0,0,
213,205,199,0,0,0,0,0,0,0,
0,0,0,0,0,0,0,0,0,0,
0.,0.,0.,0,0,0,0,0,0,
0.,0.,0.,
0.,0.,0.,
0,0,0,0,0,0,0,0,0,0,0,0,0,0,0,0,
1176,124,2,17,2,1,0,0,0,0,0,0,0,
179,180,199,0,0,0,0,0,0,0,
0,0,0,0,0,0,0,0,0,0,
0.,0.,0.,0,0,0,0,0,0,
0.,0.,0.,
0.,0.,0.,
0,0,0,0,0,0,0,0,0,0,0,0,0,0,0,0,
1177,124,2,17,2,1,0,0,0,0,0,0,0,
222,213,200,0,0,0,0,0,0,0,
0,0,0,0,0,0,0,0,0,0,
0.,0.,0.,0,0,0,0,0,0,
0.,0.,0.,
0.,0.,0.,
0,0,0,0,0,0,0,0,0,0,0,0,0,0,0,0,
1178,124,2,17,2,1,0,0,0,0,0,0,0,
213,189,200,0,0,0,0,0,0,0,
0,0,0,0,0,0,0,0,0,0,
0.,0.,0.,0,0,0,0,0,0,
0.,0.,0.,
0.,0.,0.,
0,0,0,0,0,0,0,0,0,0,0,0,0,0,0,0,
1179,124,2,17,2,1,0,0,0,0,0,0,0,
45,35,44,0,0,0,0,0,0,0,
0,0,0,0,0,0,0,0,0,0,
0.,0.,0.,0,0,0,0,0,0,
0.,0.,0.,
0.,0.,0.,
0,0,0,0,0,0,0,0,0,0,0,0,0,0,0,0,
1180,124,2,17,2,1,0,0,0,0,0,0,0,
43,54,44,0,0,0,0,0,0,0,
0,0,0,0,0,0,0,0,0,0,
0.,0.,0.,0,0,0,0,0,0,
0.,0.,0.,
0.,0.,0.,
0,0,0,0,0,0,0,0,0,0,0,0,0,0,0,0,
1181,124,2,17,2,1,0,0,0,0,0,0,0,
54,55,44,0,0,0,0,0,0,0,
0,0,0,0,0,0,0,0,0,0,
0.,0.,0.,0,0,0,0,0,0,
0.,0.,0.,
0.,0.,0.,
0,0,0,0,0,0,0,0,0,0,0,0,0,0,0,0,
1182,124,2,17,2,1,0,0,0,0,0,0,0,
80,57,83,0,0,0,0,0,0,0,
0,0,0,0,0,0,0,0,0,0,
0.,0.,0.,0,0,0,0,0,0,
0.,0.,0.,
0.,0.,0.,
0,0,0,0,0,0,0,0,0,0,0,0,0,0,0,0,
1183,124,2,17,2,1,0,0,0,0,0,0,0,
85,105,88,0,0,0,0,0,0,0,
0,0,0,0,0,0,0,0,0,0,
0.,0.,0.,0,0,0,0,0,0,
0.,0.,0.,
0.,0.,0.,
0,0,0,0,0,0,0,0,0,0,0,0,0,0,0,0,
1184,124,2,17,2,1,0,0,0,0,0,0,0,
122,117,88,0,0,0,0,0,0,0,
0,0,0,0,0,0,0,0,0,0,
0.,0.,0.,0,0,0,0,0,0,
0.,0.,0.,
0.,0.,0.,
0,0,0,0,0,0,0,0,0,0,0,0,0,0,0,0,
1185,124,2,17,2,1,0,0,0,0,0,0,0,
117,122,125,0,0,0,0,0,0,0,
0,0,0,0,0,0,0,0,0,0,
0.,0.,0.,0,0,0,0,0,0,
0.,0.,0.,
0.,0.,0.,
0,0,0,0,0,0,0,0,0,0,0,0,0,0,0,0,
1186,124,2,17,2,1,0,0,0,0,0,0,0,
142,129,137,0,0,0,0,0,0,0,
0,0,0,0,0,0,0,0,0,0,
0.,0.,0.,0,0,0,0,0,0,
0.,0.,0.,
0.,0.,0.,
0,0,0,0,0,0,0,0,0,0,0,0,0,0,0,0,
1187,124,2,17,2,1,0,0,0,0,0,0,0,
147,156,161,0,0,0,0,0,0,0,
0,0,0,0,0,0,0,0,0,0,
0.,0.,0.,0,0,0,0,0,0,
0.,0.,0.,
0.,0.,0.,
0,0,0,0,0,0,0,0,0,0,0,0,0,0,0,0,
1188,124,2,17,2,1,0,0,0,0,0,0,0,
178,168,161,0,0,0,0,0,0,0,
0,0,0,0,0,0,0,0,0,0,
0.,0.,0.,0,0,0,0,0,0,
0.,0.,0.,
0.,0.,0.,
0,0,0,0,0,0,0,0,0,0,0,0,0,0,0,0,
1189,124,2,17,2,1,0,0,0,0,0,0,0,
168,158,161,0,0,0,0,0,0,0,
0,0,0,0,0,0,0,0,0,0,
0.,0.,0.,0,0,0,0,0,0,
0.,0.,0.,
0.,0.,0.,
0,0,0,0,0,0,0,0,0,0,0,0,0,0,0,0,
1190,124,2,17,2,1,0,0,0,0,0,0,0,
211,200,193,0,0,0,0,0,0,0,
0,0,0,0,0,0,0,0,0,0,
0.,0.,0.,0,0,0,0,0,0,
0.,0.,0.,
0.,0.,0.,
0,0,0,0,0,0,0,0,0,0,0,0,0,0,0,0,
1191,124,2,17,2,1,0,0,0,0,0,0,0,
231,222,200,0,0,0,0,0,0,0,
0,0,0,0,0,0,0,0,0,0,
0.,0.,0.,0,0,0,0,0,0,
0.,0.,0.,
0.,0.,0.,
0,0,0,0,0,0,0,0,0,0,0,0,0,0,0,0,
1192,124,2,17,2,1,0,0,0,0,0,0,0,
189,178,200,0,0,0,0,0,0,0,
0,0,0,0,0,0,0,0,0,0,
0.,0.,0.,0,0,0,0,0,0,
0.,0.,0.,
0.,0.,0.,
0,0,0,0,0,0,0,0,0,0,0,0,0,0,0,0,
1193,124,2,17,2,1,0,0,0,0,0,0,0,
250,237,213,0,0,0,0,0,0,0,
0,0,0,0,0,0,0,0,0,0,
0.,0.,0.,0,0,0,0,0,0,
0.,0.,0.,
0.,0.,0.,
0,0,0,0,0,0,0,0,0,0,0,0,0,0,0,0,
1194,124,2,17,2,1,0,0,0,0,0,0,0,
180,189,199,0,0,0,0,0,0,0,
0,0,0,0,0,0,0,0,0,0,
0.,0.,0.,0,0,0,0,0,0,
0.,0.,0.,
0.,0.,0.,
0,0,0,0,0,0,0,0,0,0,0,0,0,0,0,0,
1195,124,2,17,2,1,0,0,0,0,0,0,0,
168,178,189,0,0,0,0,0,0,0,
0,0,0,0,0,0,0,0,0,0,
0.,0.,0.,0,0,0,0,0,0,
0.,0.,0.,
0.,0.,0.,
0,0,0,0,0,0,0,0,0,0,0,0,0,0,0,0,
1196,124,2,17,2,1,0,0,0,0,0,0,0,
250,213,222,0,0,0,0,0,0,0,
0,0,0,0,0,0,0,0,0,0,
0.,0.,0.,0,0,0,0,0,0,
0.,0.,0.,
0.,0.,0.,
0,0,0,0,0,0,0,0,0,0,0,0,0,0,0,0,
1197,124,2,17,2,1,0,0,0,0,0,0,0,
180,169,189,0,0,0,0,0,0,0,
0,0,0,0,0,0,0,0,0,0,
0.,0.,0.,0,0,0,0,0,0,
0.,0.,0.,
0.,0.,0.,
0,0,0,0,0,0,0,0,0,0,0,0,0,0,0,0,
1198,124,2,17,2,1,0,0,0,0,0,0,0,
171,187,188,0,0,0,0,0,0,0,
0,0,0,0,0,0,0,0,0,0,
0.,0.,0.,0,0,0,0,0,0,
0.,0.,0.,
0.,0.,0.,
0,0,0,0,0,0,0,0,0,0,0,0,0,0,0,0,
1199,124,2,17,2,1,0,0,0,0,0,0,0,
212,240,223,0,0,0,0,0,0,0,
0,0,0,0,0,0,0,0,0,0,
0.,0.,0.,0,0,0,0,0,0,
0.,0.,0.,
0.,0.,0.,
0,0,0,0,0,0,0,0,0,0,0,0,0,0,0,0,
1200,124,2,17,2,1,0,0,0,0,0,0,0,
278,275,267,0,0,0,0,0,0,0,
0,0,0,0,0,0,0,0,0,0,
0.,0.,0.,0,0,0,0,0,0,
0.,0.,0.,
0.,0.,0.,
0,0,0,0,0,0,0,0,0,0,0,0,0,0,0,0,
3254,124,2,17,2,1,0,0,0,0,0,0,0,
1860,1856,1872,0,0,0,0,0,0,0,
0,0,0,0,0,0,0,0,0,0,
0.,0.,0.,0,0,0,0,0,0,
0.,0.,0.,
0.,0.,0.,
0,0,0,0,0,0,0,0,0,0,0,0,0,0,0,0,
3255,124,2,17,2,1,0,0,0,0,0,0,0,
1819,1842,1837,0,0,0,0,0,0,0,
0,0,0,0,0,0,0,0,0,0,
0.,0.,0.,0,0,0,0,0,0,
0.,0.,0.,
0.,0.,0.,
0,0,0,0,0,0,0,0,0,0,0,0,0,0,0,0,
3256,124,2,17,2,1,0,0,0,0,0,0,0,
1884,1858,1879,0,0,0,0,0,0,0,
0,0,0,0,0,0,0,0,0,0,
0.,0.,0.,0,0,0,0,0,0,
0.,0.,0.,
0.,0.,0.,
0,0,0,0,0,0,0,0,0,0,0,0,0,0,0,0,
3257,124,2,17,2,1,0,0,0,0,0,0,0,
1872,1891,1860,0,0,0,0,0,0,0,
0,0,0,0,0,0,0,0,0,0,
0.,0.,0.,0,0,0,0,0,0,
0.,0.,0.,
0.,0.,0.,
0,0,0,0,0,0,0,0,0,0,0,0,0,0,0,0,
3258,124,2,17,2,1,0,0,0,0,0,0,0,
1820,1819,1837,0,0,0,0,0,0,0,
0,0,0,0,0,0,0,0,0,0,
0.,0.,0.,0,0,0,0,0,0,
0.,0.,0.,
0.,0.,0.,
0,0,0,0,0,0,0,0,0,0,0,0,0,0,0,0,
3259,124,2,17,2,1,0,0,0,0,0,0,0,
1891,1879,1860,0,0,0,0,0,0,0,
0,0,0,0,0,0,0,0,0,0,
0.,0.,0.,0,0,0,0,0,0,
0.,0.,0.,
0.,0.,0.,
0,0,0,0,0,0,0,0,0,0,0,0,0,0,0,0,
3260,124,2,17,2,1,0,0,0,0,0,0,0,
1837,1856,1860,0,0,0,0,0,0,0,
0,0,0,0,0,0,0,0,0,0,
0.,0.,0.,0,0,0,0,0,0,
0.,0.,0.,
0.,0.,0.,
0,0,0,0,0,0,0,0,0,0,0,0,0,0,0,0,
3261,124,2,17,2,1,0,0,0,0,0,0,0,
1879,1858,1860,0,0,0,0,0,0,0,
0,0,0,0,0,0,0,0,0,0,
0.,0.,0.,0,0,0,0,0,0,
0.,0.,0.,
0.,0.,0.,
0,0,0,0,0,0,0,0,0,0,0,0,0,0,0,0,
3262,124,2,17,2,1,0,0,0,0,0,0,0,
1805,1792,1810,0,0,0,0,0,0,0,
0,0,0,0,0,0,0,0,0,0,
0.,0.,0.,0,0,0,0,0,0,
0.,0.,0.,
0.,0.,0.,
0,0,0,0,0,0,0,0,0,0,0,0,0,0,0,0,
3263,124,2,17,2,1,0,0,0,0,0,0,0,
1819,1805,1810,0,0,0,0,0,0,0,
0,0,0,0,0,0,0,0,0,0,
0.,0.,0.,0,0,0,0,0,0,
0.,0.,0.,
0.,0.,0.,
0,0,0,0,0,0,0,0,0,0,0,0,0,0,0,0,
3264,124,2,17,2,1,0,0,0,0,0,0,0,
1811,1824,1810,0,0,0,0,0,0,0,
0,0,0,0,0,0,0,0,0,0,
0.,0.,0.,0,0,0,0,0,0,
0.,0.,0.,
0.,0.,0.,
0,0,0,0,0,0,0,0,0,0,0,0,0,0,0,0,
3265,124,2,17,2,1,0,0,0,0,0,0,0,
1834,1816,1820,0,0,0,0,0,0,0,
0,0,0,0,0,0,0,0,0,0,
0.,0.,0.,0,0,0,0,0,0,
0.,0.,0.,
0.,0.,0.,
0,0,0,0,0,0,0,0,0,0,0,0,0,0,0,0,
3266,124,2,17,2,1,0,0,0,0,0,0,0,
1859,1858,1873,0,0,0,0,0,0,0,
0,0,0,0,0,0,0,0,0,0,
0.,0.,0.,0,0,0,0,0,0,
0.,0.,0.,
0.,0.,0.,
0,0,0,0,0,0,0,0,0,0,0,0,0,0,0,0,
3267,124,2,17,2,1,0,0,0,0,0,0,0,
1881,1882,1864,0,0,0,0,0,0,0,
0,0,0,0,0,0,0,0,0,0,
0.,0.,0.,0,0,0,0,0,0,
0.,0.,0.,
0.,0.,0.,
0,0,0,0,0,0,0,0,0,0,0,0,0,0,0,0,
3268,124,2,17,2,1,0,0,0,0,0,0,0,
1841,1820,1837,0,0,0,0,0,0,0,
0,0,0,0,0,0,0,0,0,0,
0.,0.,0.,0,0,0,0,0,0,
0.,0.,0.,
0.,0.,0.,
0,0,0,0,0,0,0,0,0,0,0,0,0,0,0,0,
3269,124,2,17,2,1,0,0,0,0,0,0,0,
1781,1785,1767,0,0,0,0,0,0,0,
0,0,0,0,0,0,0,0,0,0,
0.,0.,0.,0,0,0,0,0,0,
0.,0.,0.,
0.,0.,0.,
0,0,0,0,0,0,0,0,0,0,0,0,0,0,0,0,
3270,124,2,17,2,1,0,0,0,0,0,0,0,
1880,1864,1897,0,0,0,0,0,0,0,
0,0,0,0,0,0,0,0,0,0,
0.,0.,0.,0,0,0,0,0,0,
0.,0.,0.,
0.,0.,0.,
0,0,0,0,0,0,0,0,0,0,0,0,0,0,0,0,
3271,124,2,17,2,1,0,0,0,0,0,0,0,
1818,1795,1816,0,0,0,0,0,0,0,
0,0,0,0,0,0,0,0,0,0,
0.,0.,0.,0,0,0,0,0,0,
0.,0.,0.,
0.,0.,0.,
0,0,0,0,0,0,0,0,0,0,0,0,0,0,0,0,
3272,124,2,17,2,1,0,0,0,0,0,0,0,
1850,1838,1835,0,0,0,0,0,0,0,
0,0,0,0,0,0,0,0,0,0,
0.,0.,0.,0,0,0,0,0,0,
0.,0.,0.,
0.,0.,0.,
0,0,0,0,0,0,0,0,0,0,0,0,0,0,0,0,
3273,124,2,17,2,1,0,0,0,0,0,0,0,
1882,1897,1864,0,0,0,0,0,0,0,
0,0,0,0,0,0,0,0,0,0,
0.,0.,0.,0,0,0,0,0,0,
0.,0.,0.,
0.,0.,0.,
0,0,0,0,0,0,0,0,0,0,0,0,0,0,0,0,
3274,124,2,17,2,1,0,0,0,0,0,0,0,
1841,1859,1864,0,0,0,0,0,0,0,
0,0,0,0,0,0,0,0,0,0,
0.,0.,0.,0,0,0,0,0,0,
0.,0.,0.,
0.,0.,0.,
0,0,0,0,0,0,0,0,0,0,0,0,0,0,0,0,
3275,124,2,17,2,1,0,0,0,0,0,0,0,
1857,1841,1864,0,0,0,0,0,0,0,
0,0,0,0,0,0,0,0,0,0,
0.,0.,0.,0,0,0,0,0,0,
0.,0.,0.,
0.,0.,0.,
0,0,0,0,0,0,0,0,0,0,0,0,0,0,0,0,
3276,124,2,17,2,1,0,0,0,0,0,0,0,
1781,1793,1792,0,0,0,0,0,0,0,
0,0,0,0,0,0,0,0,0,0,
0.,0.,0.,0,0,0,0,0,0,
0.,0.,0.,
0.,0.,0.,
0,0,0,0,0,0,0,0,0,0,0,0,0,0,0,0,
3277,124,2,17,2,1,0,0,0,0,0,0,0,
1805,1795,1785,0,0,0,0,0,0,0,
0,0,0,0,0,0,0,0,0,0,
0.,0.,0.,0,0,0,0,0,0,
0.,0.,0.,
0.,0.,0.,
0,0,0,0,0,0,0,0,0,0,0,0,0,0,0,0,
3278,124,2,17,2,1,0,0,0,0,0,0,0,
1793,1810,1792,0,0,0,0,0,0,0,
0,0,0,0,0,0,0,0,0,0,
0.,0.,0.,0,0,0,0,0,0,
0.,0.,0.,
0.,0.,0.,
0,0,0,0,0,0,0,0,0,0,0,0,0,0,0,0,
3279,124,2,17,2,1,0,0,0,0,0,0,0,
1779,1767,1785,0,0,0,0,0,0,0,
0,0,0,0,0,0,0,0,0,0,
0.,0.,0.,0,0,0,0,0,0,
0.,0.,0.,
0.,0.,0.,
0,0,0,0,0,0,0,0,0,0,0,0,0,0,0,0,
3280,124,2,17,2,1,0,0,0,0,0,0,0,
1818,1803,1795,0,0,0,0,0,0,0,
0,0,0,0,0,0,0,0,0,0,
0.,0.,0.,0,0,0,0,0,0,
0.,0.,0.,
0.,0.,0.,
0,0,0,0,0,0,0,0,0,0,0,0,0,0,0,0,
3281,124,2,17,2,1,0,0,0,0,0,0,0,
1913,1898,1912,0,0,0,0,0,0,0,
0,0,0,0,0,0,0,0,0,0,
0.,0.,0.,0,0,0,0,0,0,
0.,0.,0.,
0.,0.,0.,
0,0,0,0,0,0,0,0,0,0,0,0,0,0,0,0,
3282,124,2,17,2,1,0,0,0,0,0,0,0,
1837,1860,1858,0,0,0,0,0,0,0,
0,0,0,0,0,0,0,0,0,0,
0.,0.,0.,0,0,0,0,0,0,
0.,0.,0.,
0.,0.,0.,
0,0,0,0,0,0,0,0,0,0,0,0,0,0,0,0,
3283,124,2,17,2,1,0,0,0,0,0,0,0,
1841,1837,1858,0,0,0,0,0,0,0,
0,0,0,0,0,0,0,0,0,0,
0.,0.,0.,0,0,0,0,0,0,
0.,0.,0.,
0.,0.,0.,
0,0,0,0,0,0,0,0,0,0,0,0,0,0,0,0,
3284,124,2,17,2,1,0,0,0,0,0,0,0,
1884,1873,1858,0,0,0,0,0,0,0,
0,0,0,0,0,0,0,0,0,0,
0.,0.,0.,0,0,0,0,0,0,
0.,0.,0.,
0.,0.,0.,
0,0,0,0,0,0,0,0,0,0,0,0,0,0,0,0,
3285,124,2,17,2,1,0,0,0,0,0,0,0,
1816,1795,1805,0,0,0,0,0,0,0,
0,0,0,0,0,0,0,0,0,0,
0.,0.,0.,0,0,0,0,0,0,
0.,0.,0.,
0.,0.,0.,
0,0,0,0,0,0,0,0,0,0,0,0,0,0,0,0,
3286,124,2,17,2,1,0,0,0,0,0,0,0,
1811,1821,1824,0,0,0,0,0,0,0,
0,0,0,0,0,0,0,0,0,0,
0.,0.,0.,0,0,0,0,0,0,
0.,0.,0.,
0.,0.,0.,
0,0,0,0,0,0,0,0,0,0,0,0,0,0,0,0,
3287,124,2,17,2,1,0,0,0,0,0,0,0,
1820,1805,1819,0,0,0,0,0,0,0,
0,0,0,0,0,0,0,0,0,0,
0.,0.,0.,0,0,0,0,0,0,
0.,0.,0.,
0.,0.,0.,
0,0,0,0,0,0,0,0,0,0,0,0,0,0,0,0,
3288,124,2,17,2,1,0,0,0,0,0,0,0,
1821,1833,1832,0,0,0,0,0,0,0,
0,0,0,0,0,0,0,0,0,0,
0.,0.,0.,0,0,0,0,0,0,
0.,0.,0.,
0.,0.,0.,
0,0,0,0,0,0,0,0,0,0,0,0,0,0,0,0,
3289,124,2,17,2,1,0,0,0,0,0,0,0,
1842,1819,1824,0,0,0,0,0,0,0,
0,0,0,0,0,0,0,0,0,0,
0.,0.,0.,0,0,0,0,0,0,
0.,0.,0.,
0.,0.,0.,
0,0,0,0,0,0,0,0,0,0,0,0,0,0,0,0,
3290,124,2,17,2,1,0,0,0,0,0,0,0,
1833,1852,1832,0,0,0,0,0,0,0,
0,0,0,0,0,0,0,0,0,0,
0.,0.,0.,0,0,0,0,0,0,
0.,0.,0.,
0.,0.,0.,
0,0,0,0,0,0,0,0,0,0,0,0,0,0,0,0,
3291,124,2,17,2,1,0,0,0,0,0,0,0,
1793,1811,1810,0,0,0,0,0,0,0,
0,0,0,0,0,0,0,0,0,0,
0.,0.,0.,0,0,0,0,0,0,
0.,0.,0.,
0.,0.,0.,
0,0,0,0,0,0,0,0,0,0,0,0,0,0,0,0,
3292,124,2,17,2,1,0,0,0,0,0,0,0,
1838,1825,1818,0,0,0,0,0,0,0,
0,0,0,0,0,0,0,0,0,0,
0.,0.,0.,0,0,0,0,0,0,
0.,0.,0.,
0.,0.,0.,
0,0,0,0,0,0,0,0,0,0,0,0,0,0,0,0,
3293,124,2,17,2,1,0,0,0,0,0,0,0,
1790,1782,1801,0,0,0,0,0,0,0,
0,0,0,0,0,0,0,0,0,0,
0.,0.,0.,0,0,0,0,0,0,
0.,0.,0.,
0.,0.,0.,
0,0,0,0,0,0,0,0,0,0,0,0,0,0,0,0,
3294,124,2,17,2,1,0,0,0,0,0,0,0,
1711,1702,1712,0,0,0,0,0,0,0,
0,0,0,0,0,0,0,0,0,0,
0.,0.,0.,0,0,0,0,0,0,
0.,0.,0.,
0.,0.,0.,
0,0,0,0,0,0,0,0,0,0,0,0,0,0,0,0,
3295,124,2,17,2,1,0,0,0,0,0,0,0,
1712,1713,1722,0,0,0,0,0,0,0,
0,0,0,0,0,0,0,0,0,0,
0.,0.,0.,0,0,0,0,0,0,
0.,0.,0.,
0.,0.,0.,
0,0,0,0,0,0,0,0,0,0,0,0,0,0,0,0,
3296,124,2,17,2,1,0,0,0,0,0,0,0,
1713,1724,1722,0,0,0,0,0,0,0,
0,0,0,0,0,0,0,0,0,0,
0.,0.,0.,0,0,0,0,0,0,
0.,0.,0.,
0.,0.,0.,
0,0,0,0,0,0,0,0,0,0,0,0,0,0,0,0,
3297,124,2,17,2,1,0,0,0,0,0,0,0,
1724,1736,1745,0,0,0,0,0,0,0,
0,0,0,0,0,0,0,0,0,0,
0.,0.,0.,0,0,0,0,0,0,
0.,0.,0.,
0.,0.,0.,
0,0,0,0,0,0,0,0,0,0,0,0,0,0,0,0,
3298,124,2,17,2,1,0,0,0,0,0,0,0,
1750,1745,1736,0,0,0,0,0,0,0,
0,0,0,0,0,0,0,0,0,0,
0.,0.,0.,0,0,0,0,0,0,
0.,0.,0.,
0.,0.,0.,
0,0,0,0,0,0,0,0,0,0,0,0,0,0,0,0,
3299,124,2,17,2,1,0,0,0,0,0,0,0,
1753,1750,1736,0,0,0,0,0,0,0,
0,0,0,0,0,0,0,0,0,0,
0.,0.,0.,0,0,0,0,0,0,
0.,0.,0.,
0.,0.,0.,
0,0,0,0,0,0,0,0,0,0,0,0,0,0,0,0,
3300,124,2,17,2,1,0,0,0,0,0,0,0,
1787,1771,1753,0,0,0,0,0,0,0,
0,0,0,0,0,0,0,0,0,0,
0.,0.,0.,0,0,0,0,0,0,
0.,0.,0.,
0.,0.,0.,
0,0,0,0,0,0,0,0,0,0,0,0,0,0,0,0,
3301,124,2,17,2,1,0,0,0,0,0,0,0,
1794,1801,1782,0,0,0,0,0,0,0,
0,0,0,0,0,0,0,0,0,0,
0.,0.,0.,0,0,0,0,0,0,
0.,0.,0.,
0.,0.,0.,
0,0,0,0,0,0,0,0,0,0,0,0,0,0,0,0,
3302,124,2,17,2,1,0,0,0,0,0,0,0,
1812,1823,1794,0,0,0,0,0,0,0,
0,0,0,0,0,0,0,0,0,0,
0.,0.,0.,0,0,0,0,0,0,
0.,0.,0.,
0.,0.,0.,
0,0,0,0,0,0,0,0,0,0,0,0,0,0,0,0,
3303,124,2,17,2,1,0,0,0,0,0,0,0,
1812,1831,1823,0,0,0,0,0,0,0,
0,0,0,0,0,0,0,0,0,0,
0.,0.,0.,0,0,0,0,0,0,
0.,0.,0.,
0.,0.,0.,
0,0,0,0,0,0,0,0,0,0,0,0,0,0,0,0,
3304,124,2,17,2,1,0,0,0,0,0,0,0,
1836,1823,1828,0,0,0,0,0,0,0,
0,0,0,0,0,0,0,0,0,0,
0.,0.,0.,0,0,0,0,0,0,
0.,0.,0.,
0.,0.,0.,
0,0,0,0,0,0,0,0,0,0,0,0,0,0,0,0,
3305,124,2,17,2,1,0,0,0,0,0,0,0,
1823,1831,1828,0,0,0,0,0,0,0,
0,0,0,0,0,0,0,0,0,0,
0.,0.,0.,0,0,0,0,0,0,
0.,0.,0.,
0.,0.,0.,
0,0,0,0,0,0,0,0,0,0,0,0,0,0,0,0,
3306,124,2,17,2,1,0,0,0,0,0,0,0,
1806,1794,1823,0,0,0,0,0,0,0,
0,0,0,0,0,0,0,0,0,0,
0.,0.,0.,0,0,0,0,0,0,
0.,0.,0.,
0.,0.,0.,
0,0,0,0,0,0,0,0,0,0,0,0,0,0,0,0,
3307,124,2,17,2,1,0,0,0,0,0,0,0,
1822,1806,1823,0,0,0,0,0,0,0,
0,0,0,0,0,0,0,0,0,0,
0.,0.,0.,0,0,0,0,0,0,
0.,0.,0.,
0.,0.,0.,
0,0,0,0,0,0,0,0,0,0,0,0,0,0,0,0,
3308,124,2,17,2,1,0,0,0,0,0,0,0,
1823,1836,1830,0,0,0,0,0,0,0,
0,0,0,0,0,0,0,0,0,0,
0.,0.,0.,0,0,0,0,0,0,
0.,0.,0.,
0.,0.,0.,
0,0,0,0,0,0,0,0,0,0,0,0,0,0,0,0,
3309,124,2,17,2,1,0,0,0,0,0,0,0,
1721,1722,1733,0,0,0,0,0,0,0,
0,0,0,0,0,0,0,0,0,0,
0.,0.,0.,0,0,0,0,0,0,
0.,0.,0.,
0.,0.,0.,
0,0,0,0,0,0,0,0,0,0,0,0,0,0,0,0,
3310,124,2,17,2,1,0,0,0,0,0,0,0,
1748,1735,1733,0,0,0,0,0,0,0,
0,0,0,0,0,0,0,0,0,0,
0.,0.,0.,0,0,0,0,0,0,
0.,0.,0.,
0.,0.,0.,
0,0,0,0,0,0,0,0,0,0,0,0,0,0,0,0,
3311,124,2,17,2,1,0,0,0,0,0,0,0,
1733,1722,1748,0,0,0,0,0,0,0,
0,0,0,0,0,0,0,0,0,0,
0.,0.,0.,0,0,0,0,0,0,
0.,0.,0.,
0.,0.,0.,
0,0,0,0,0,0,0,0,0,0,0,0,0,0,0,0,
3312,124,2,17,2,1,0,0,0,0,0,0,0,
1830,1853,1854,0,0,0,0,0,0,0,
0,0,0,0,0,0,0,0,0,0,
0.,0.,0.,0,0,0,0,0,0,
0.,0.,0.,
0.,0.,0.,
0,0,0,0,0,0,0,0,0,0,0,0,0,0,0,0,
3313,124,2,17,2,1,0,0,0,0,0,0,0,
1716,1717,1708,0,0,0,0,0,0,0,
0,0,0,0,0,0,0,0,0,0,
0.,0.,0.,0,0,0,0,0,0,
0.,0.,0.,
0.,0.,0.,
0,0,0,0,0,0,0,0,0,0,0,0,0,0,0,0,
3314,124,2,17,2,1,0,0,0,0,0,0,0,
1822,1823,1830,0,0,0,0,0,0,0,
0,0,0,0,0,0,0,0,0,0,
0.,0.,0.,0,0,0,0,0,0,
0.,0.,0.,
0.,0.,0.,
0,0,0,0,0,0,0,0,0,0,0,0,0,0,0,0,
3315,124,2,17,2,1,0,0,0,0,0,0,0,
1843,1822,1830,0,0,0,0,0,0,0,
0,0,0,0,0,0,0,0,0,0,
0.,0.,0.,0,0,0,0,0,0,
0.,0.,0.,
0.,0.,0.,
0,0,0,0,0,0,0,0,0,0,0,0,0,0,0,0,
3316,124,2,17,2,1,0,0,0,0,0,0,0,
1830,1854,1843,0,0,0,0,0,0,0,
0,0,0,0,0,0,0,0,0,0,
0.,0.,0.,0,0,0,0,0,0,
0.,0.,0.,
0.,0.,0.,
0,0,0,0,0,0,0,0,0,0,0,0,0,0,0,0,
3317,124,2,17,2,1,0,0,0,0,0,0,0,
1717,1705,1708,0,0,0,0,0,0,0,
0,0,0,0,0,0,0,0,0,0,
0.,0.,0.,0,0,0,0,0,0,
0.,0.,0.,
0.,0.,0.,
0,0,0,0,0,0,0,0,0,0,0,0,0,0,0,0,
3318,124,2,17,2,1,0,0,0,0,0,0,0,
1701,1709,1708,0,0,0,0,0,0,0,
0,0,0,0,0,0,0,0,0,0,
0.,0.,0.,0,0,0,0,0,0,
0.,0.,0.,
0.,0.,0.,
0,0,0,0,0,0,0,0,0,0,0,0,0,0,0,0,
3319,124,2,17,2,1,0,0,0,0,0,0,0,
1705,1697,1708,0,0,0,0,0,0,0,
0,0,0,0,0,0,0,0,0,0,
0.,0.,0.,0,0,0,0,0,0,
0.,0.,0.,
0.,0.,0.,
0,0,0,0,0,0,0,0,0,0,0,0,0,0,0,0,
3320,124,2,17,2,1,0,0,0,0,0,0,0,
1843,1848,1866,0,0,0,0,0,0,0,
0,0,0,0,0,0,0,0,0,0,
0.,0.,0.,0,0,0,0,0,0,
0.,0.,0.,
0.,0.,0.,
0,0,0,0,0,0,0,0,0,0,0,0,0,0,0,0,
3321,124,2,17,2,1,0,0,0,0,0,0,0,
1830,1836,1853,0,0,0,0,0,0,0,
0,0,0,0,0,0,0,0,0,0,
0.,0.,0.,0,0,0,0,0,0,
0.,0.,0.,
0.,0.,0.,
0,0,0,0,0,0,0,0,0,0,0,0,0,0,0,0,
3322,124,2,17,2,1,0,0,0,0,0,0,0,
1705,1698,1697,0,0,0,0,0,0,0,
0,0,0,0,0,0,0,0,0,0,
0.,0.,0.,0,0,0,0,0,0,
0.,0.,0.,
0.,0.,0.,
0,0,0,0,0,0,0,0,0,0,0,0,0,0,0,0,
3323,124,2,17,2,1,0,0,0,0,0,0,0,
1701,1708,1697,0,0,0,0,0,0,0,
0,0,0,0,0,0,0,0,0,0,
0.,0.,0.,0,0,0,0,0,0,
0.,0.,0.,
0.,0.,0.,
0,0,0,0,0,0,0,0,0,0,0,0,0,0,0,0,
3324,124,2,17,2,1,0,0,0,0,0,0,0,
1689,1684,1685,0,0,0,0,0,0,0,
0,0,0,0,0,0,0,0,0,0,
0.,0.,0.,0,0,0,0,0,0,
0.,0.,0.,
0.,0.,0.,
0,0,0,0,0,0,0,0,0,0,0,0,0,0,0,0,
3325,124,2,17,2,1,0,0,0,0,0,0,0,
13,11,1682,0,0,0,0,0,0,0,
0,0,0,0,0,0,0,0,0,0,
0.,0.,0.,0,0,0,0,0,0,
0.,0.,0.,
0.,0.,0.,
0,0,0,0,0,0,0,0,0,0,0,0,0,0,0,0,
3326,124,2,17,2,1,0,0,0,0,0,0,0,
1685,1684,1682,0,0,0,0,0,0,0,
0,0,0,0,0,0,0,0,0,0,
0.,0.,0.,0,0,0,0,0,0,
0.,0.,0.,
0.,0.,0.,
0,0,0,0,0,0,0,0,0,0,0,0,0,0,0,0,
3327,124,2,17,2,1,0,0,0,0,0,0,0,
11,1681,1682,0,0,0,0,0,0,0,
0,0,0,0,0,0,0,0,0,0,
0.,0.,0.,0,0,0,0,0,0,
0.,0.,0.,
0.,0.,0.,
0,0,0,0,0,0,0,0,0,0,0,0,0,0,0,0,
3328,124,2,17,2,1,0,0,0,0,0,0,0,
1686,1682,1681,0,0,0,0,0,0,0,
0,0,0,0,0,0,0,0,0,0,
0.,0.,0.,0,0,0,0,0,0,
0.,0.,0.,
0.,0.,0.,
0,0,0,0,0,0,0,0,0,0,0,0,0,0,0,0,
3329,124,2,17,2,1,0,0,0,0,0,0,0,
1687,1686,1681,0,0,0,0,0,0,0,
0,0,0,0,0,0,0,0,0,0,
0.,0.,0.,0,0,0,0,0,0,
0.,0.,0.,
0.,0.,0.,
0,0,0,0,0,0,0,0,0,0,0,0,0,0,0,0,
3330,124,2,17,2,1,0,0,0,0,0,0,0,
1702,1711,1699,0,0,0,0,0,0,0,
0,0,0,0,0,0,0,0,0,0,
0.,0.,0.,0,0,0,0,0,0,
0.,0.,0.,
0.,0.,0.,
0,0,0,0,0,0,0,0,0,0,0,0,0,0,0,0,
3331,124,2,17,2,1,0,0,0,0,0,0,0,
1692,1686,1687,0,0,0,0,0,0,0,
0,0,0,0,0,0,0,0,0,0,
0.,0.,0.,0,0,0,0,0,0,
0.,0.,0.,
0.,0.,0.,
0,0,0,0,0,0,0,0,0,0,0,0,0,0,0,0,
3332,124,2,17,2,1,0,0,0,0,0,0,0,
1724,1748,1722,0,0,0,0,0,0,0,
0,0,0,0,0,0,0,0,0,0,
0.,0.,0.,0,0,0,0,0,0,
0.,0.,0.,
0.,0.,0.,
0,0,0,0,0,0,0,0,0,0,0,0,0,0,0,0,
3333,124,2,17,2,1,0,0,0,0,0,0,0,
1709,1716,1708,0,0,0,0,0,0,0,
0,0,0,0,0,0,0,0,0,0,
0.,0.,0.,0,0,0,0,0,0,
0.,0.,0.,
0.,0.,0.,
0,0,0,0,0,0,0,0,0,0,0,0,0,0,0,0,
3334,124,2,17,2,1,0,0,0,0,0,0,0,
1854,1848,1843,0,0,0,0,0,0,0,
0,0,0,0,0,0,0,0,0,0,
0.,0.,0.,0,0,0,0,0,0,
0.,0.,0.,
0.,0.,0.,
0,0,0,0,0,0,0,0,0,0,0,0,0,0,0,0,
3335,124,2,17,2,1,0,0,0,0,0,0,0,
1826,1822,1843,0,0,0,0,0,0,0,
0,0,0,0,0,0,0,0,0,0,
0.,0.,0.,0,0,0,0,0,0,
0.,0.,0.,
0.,0.,0.,
0,0,0,0,0,0,0,0,0,0,0,0,0,0,0,0,
3336,124,2,17,2,1,0,0,0,0,0,0,0,
1844,1826,1843,0,0,0,0,0,0,0,
0,0,0,0,0,0,0,0,0,0,
0.,0.,0.,0,0,0,0,0,0,
0.,0.,0.,
0.,0.,0.,
0,0,0,0,0,0,0,0,0,0,0,0,0,0,0,0,
3337,124,2,17,2,1,0,0,0,0,0,0,0,
1685,1682,1686,0,0,0,0,0,0,0,
0,0,0,0,0,0,0,0,0,0,
0.,0.,0.,0,0,0,0,0,0,
0.,0.,0.,
0.,0.,0.,
0,0,0,0,0,0,0,0,0,0,0,0,0,0,0,0,
3338,124,2,17,2,1,0,0,0,0,0,0,0,
1690,1698,1695,0,0,0,0,0,0,0,
0,0,0,0,0,0,0,0,0,0,
0.,0.,0.,0,0,0,0,0,0,
0.,0.,0.,
0.,0.,0.,
0,0,0,0,0,0,0,0,0,0,0,0,0,0,0,0,
3339,124,2,17,2,1,0,0,0,0,0,0,0,
1700,1692,1699,0,0,0,0,0,0,0,
0,0,0,0,0,0,0,0,0,0,
0.,0.,0.,0,0,0,0,0,0,
0.,0.,0.,
0.,0.,0.,
0,0,0,0,0,0,0,0,0,0,0,0,0,0,0,0,
3340,124,2,17,2,1,0,0,0,0,0,0,0,
1721,1716,1711,0,0,0,0,0,0,0,
0,0,0,0,0,0,0,0,0,0,
0.,0.,0.,0,0,0,0,0,0,
0.,0.,0.,
0.,0.,0.,
0,0,0,0,0,0,0,0,0,0,0,0,0,0,0,0,
3341,124,2,17,2,1,0,0,0,0,0,0,0,
1699,1691,1702,0,0,0,0,0,0,0,
0,0,0,0,0,0,0,0,0,0,
0.,0.,0.,0,0,0,0,0,0,
0.,0.,0.,
0.,0.,0.,
0,0,0,0,0,0,0,0,0,0,0,0,0,0,0,0,
3342,124,2,17,2,1,0,0,0,0,0,0,0,
1716,1709,1711,0,0,0,0,0,0,0,
0,0,0,0,0,0,0,0,0,0,
0.,0.,0.,0,0,0,0,0,0,
0.,0.,0.,
0.,0.,0.,
0,0,0,0,0,0,0,0,0,0,0,0,0,0,0,0,
3343,124,2,17,2,1,0,0,0,0,0,0,0,
1687,1691,1699,0,0,0,0,0,0,0,
0,0,0,0,0,0,0,0,0,0,
0.,0.,0.,0,0,0,0,0,0,
0.,0.,0.,
0.,0.,0.,
0,0,0,0,0,0,0,0,0,0,0,0,0,0,0,0,
3344,124,2,17,2,1,0,0,0,0,0,0,0,
1733,1725,1721,0,0,0,0,0,0,0,
0,0,0,0,0,0,0,0,0,0,
0.,0.,0.,0,0,0,0,0,0,
0.,0.,0.,
0.,0.,0.,
0,0,0,0,0,0,0,0,0,0,0,0,0,0,0,0,
3345,124,2,17,2,1,0,0,0,0,0,0,0,
1699,1692,1687,0,0,0,0,0,0,0,
0,0,0,0,0,0,0,0,0,0,
0.,0.,0.,0,0,0,0,0,0,
0.,0.,0.,
0.,0.,0.,
0,0,0,0,0,0,0,0,0,0,0,0,0,0,0,0,
3346,124,2,17,2,1,0,0,0,0,0,0,0,
1725,1716,1721,0,0,0,0,0,0,0,
0,0,0,0,0,0,0,0,0,0,
0.,0.,0.,0,0,0,0,0,0,
0.,0.,0.,
0.,0.,0.,
0,0,0,0,0,0,0,0,0,0,0,0,0,0,0,0,
3347,124,2,17,2,1,0,0,0,0,0,0,0,
1725,1723,1716,0,0,0,0,0,0,0,
0,0,0,0,0,0,0,0,0,0,
0.,0.,0.,0,0,0,0,0,0,
0.,0.,0.,
0.,0.,0.,
0,0,0,0,0,0,0,0,0,0,0,0,0,0,0,0,
3348,124,2,17,2,1,0,0,0,0,0,0,0,
1709,1700,1711,0,0,0,0,0,0,0,
0,0,0,0,0,0,0,0,0,0,
0.,0.,0.,0,0,0,0,0,0,
0.,0.,0.,
0.,0.,0.,
0,0,0,0,0,0,0,0,0,0,0,0,0,0,0,0,
3349,124,2,17,2,1,0,0,0,0,0,0,0,
1723,1717,1716,0,0,0,0,0,0,0,
0,0,0,0,0,0,0,0,0,0,
0.,0.,0.,0,0,0,0,0,0,
0.,0.,0.,
0.,0.,0.,
0,0,0,0,0,0,0,0,0,0,0,0,0,0,0,0,
3350,124,2,17,2,1,0,0,0,0,0,0,0,
1893,1856,1874,0,0,0,0,0,0,0,
0,0,0,0,0,0,0,0,0,0,
0.,0.,0.,0,0,0,0,0,0,
0.,0.,0.,
0.,0.,0.,
0,0,0,0,0,0,0,0,0,0,0,0,0,0,0,0,
3351,124,2,17,2,1,0,0,0,0,0,0,0,
1835,1818,1816,0,0,0,0,0,0,0,
0,0,0,0,0,0,0,0,0,0,
0.,0.,0.,0,0,0,0,0,0,
0.,0.,0.,
0.,0.,0.,
0,0,0,0,0,0,0,0,0,0,0,0,0,0,0,0,
3352,124,2,17,2,1,0,0,0,0,0,0,0,
1893,1872,1856,0,0,0,0,0,0,0,
0,0,0,0,0,0,0,0,0,0,
0.,0.,0.,0,0,0,0,0,0,
0.,0.,0.,
0.,0.,0.,
0,0,0,0,0,0,0,0,0,0,0,0,0,0,0,0,
3353,124,2,17,2,1,0,0,0,0,0,0,0,
1856,1842,1863,0,0,0,0,0,0,0,
0,0,0,0,0,0,0,0,0,0,
0.,0.,0.,0,0,0,0,0,0,
0.,0.,0.,
0.,0.,0.,
0,0,0,0,0,0,0,0,0,0,0,0,0,0,0,0,
3354,124,2,17,2,1,0,0,0,0,0,0,0,
1894,1874,1863,0,0,0,0,0,0,0,
0,0,0,0,0,0,0,0,0,0,
0.,0.,0.,0,0,0,0,0,0,
0.,0.,0.,
0.,0.,0.,
0,0,0,0,0,0,0,0,0,0,0,0,0,0,0,0,
3355,124,2,17,2,1,0,0,0,0,0,0,0,
1837,1842,1856,0,0,0,0,0,0,0,
0,0,0,0,0,0,0,0,0,0,
0.,0.,0.,0,0,0,0,0,0,
0.,0.,0.,
0.,0.,0.,
0,0,0,0,0,0,0,0,0,0,0,0,0,0,0,0,
3356,124,2,17,2,1,0,0,0,0,0,0,0,
1795,1779,1785,0,0,0,0,0,0,0,
0,0,0,0,0,0,0,0,0,0,
0.,0.,0.,0,0,0,0,0,0,
0.,0.,0.,
0.,0.,0.,
0,0,0,0,0,0,0,0,0,0,0,0,0,0,0,0,
3357,124,2,17,2,1,0,0,0,0,0,0,0,
1792,1805,1785,0,0,0,0,0,0,0,
0,0,0,0,0,0,0,0,0,0,
0.,0.,0.,0,0,0,0,0,0,
0.,0.,0.,
0.,0.,0.,
0,0,0,0,0,0,0,0,0,0,0,0,0,0,0,0,
3358,124,2,17,2,1,0,0,0,0,0,0,0,
1781,1792,1785,0,0,0,0,0,0,0,
0,0,0,0,0,0,0,0,0,0,
0.,0.,0.,0,0,0,0,0,0,
0.,0.,0.,
0.,0.,0.,
0,0,0,0,0,0,0,0,0,0,0,0,0,0,0,0,
3359,124,2,17,2,1,0,0,0,0,0,0,0,
1841,1857,1834,0,0,0,0,0,0,0,
0,0,0,0,0,0,0,0,0,0,
0.,0.,0.,0,0,0,0,0,0,
0.,0.,0.,
0.,0.,0.,
0,0,0,0,0,0,0,0,0,0,0,0,0,0,0,0,
3360,124,2,17,2,1,0,0,0,0,0,0,0,
1795,1803,1779,0,0,0,0,0,0,0,
0,0,0,0,0,0,0,0,0,0,
0.,0.,0.,0,0,0,0,0,0,
0.,0.,0.,
0.,0.,0.,
0,0,0,0,0,0,0,0,0,0,0,0,0,0,0,0,
3361,124,2,17,2,1,0,0,0,0,0,0,0,
1786,1767,1779,0,0,0,0,0,0,0,
0,0,0,0,0,0,0,0,0,0,
0.,0.,0.,0,0,0,0,0,0,
0.,0.,0.,
0.,0.,0.,
0,0,0,0,0,0,0,0,0,0,0,0,0,0,0,0,
3362,124,2,17,2,1,0,0,0,0,0,0,0,
1803,1786,1779,0,0,0,0,0,0,0,
0,0,0,0,0,0,0,0,0,0,
0.,0.,0.,0,0,0,0,0,0,
0.,0.,0.,
0.,0.,0.,
0,0,0,0,0,0,0,0,0,0,0,0,0,0,0,0,
3363,124,2,17,2,1,0,0,0,0,0,0,0,
1892,1851,1857,0,0,0,0,0,0,0,
0,0,0,0,0,0,0,0,0,0,
0.,0.,0.,0,0,0,0,0,0,
0.,0.,0.,
0.,0.,0.,
0,0,0,0,0,0,0,0,0,0,0,0,0,0,0,0,
3364,124,2,17,2,1,0,0,0,0,0,0,0,
1927,1949,1931,0,0,0,0,0,0,0,
0,0,0,0,0,0,0,0,0,0,
0.,0.,0.,0,0,0,0,0,0,
0.,0.,0.,
0.,0.,0.,
0,0,0,0,0,0,0,0,0,0,0,0,0,0,0,0,
3365,124,2,17,2,1,0,0,0,0,0,0,0,
1935,1951,1927,0,0,0,0,0,0,0,
0,0,0,0,0,0,0,0,0,0,
0.,0.,0.,0,0,0,0,0,0,
0.,0.,0.,
0.,0.,0.,
0,0,0,0,0,0,0,0,0,0,0,0,0,0,0,0,
3366,124,2,17,2,1,0,0,0,0,0,0,0,
1892,1898,1927,0,0,0,0,0,0,0,
0,0,0,0,0,0,0,0,0,0,
0.,0.,0.,0,0,0,0,0,0,
0.,0.,0.,
0.,0.,0.,
0,0,0,0,0,0,0,0,0,0,0,0,0,0,0,0,
3367,124,2,17,2,1,0,0,0,0,0,0,0,
1951,1949,1927,0,0,0,0,0,0,0,
0,0,0,0,0,0,0,0,0,0,
0.,0.,0.,0,0,0,0,0,0,
0.,0.,0.,
0.,0.,0.,
0,0,0,0,0,0,0,0,0,0,0,0,0,0,0,0,
3368,124,2,17,2,1,0,0,0,0,0,0,0,
1886,1851,1892,0,0,0,0,0,0,0,
0,0,0,0,0,0,0,0,0,0,
0.,0.,0.,0,0,0,0,0,0,
0.,0.,0.,
0.,0.,0.,
0,0,0,0,0,0,0,0,0,0,0,0,0,0,0,0,
3369,124,2,17,2,1,0,0,0,0,0,0,0,
1887,1849,1875,0,0,0,0,0,0,0,
0,0,0,0,0,0,0,0,0,0,
0.,0.,0.,0,0,0,0,0,0,
0.,0.,0.,
0.,0.,0.,
0,0,0,0,0,0,0,0,0,0,0,0,0,0,0,0,
3370,124,2,17,2,1,0,0,0,0,0,0,0,
1950,1964,1931,0,0,0,0,0,0,0,
0,0,0,0,0,0,0,0,0,0,
0.,0.,0.,0,0,0,0,0,0,
0.,0.,0.,
0.,0.,0.,
0,0,0,0,0,0,0,0,0,0,0,0,0,0,0,0,
3371,124,2,17,2,1,0,0,0,0,0,0,0,
1892,1927,1931,0,0,0,0,0,0,0,
0,0,0,0,0,0,0,0,0,0,
0.,0.,0.,0,0,0,0,0,0,
0.,0.,0.,
0.,0.,0.,
0,0,0,0,0,0,0,0,0,0,0,0,0,0,0,0,
3372,124,2,17,2,1,0,0,0,0,0,0,0,
1924,1892,1931,0,0,0,0,0,0,0,
0,0,0,0,0,0,0,0,0,0,
0.,0.,0.,0,0,0,0,0,0,
0.,0.,0.,
0.,0.,0.,
0,0,0,0,0,0,0,0,0,0,0,0,0,0,0,0,
3373,124,2,17,2,1,0,0,0,0,0,0,0,
1838,1818,1835,0,0,0,0,0,0,0,
0,0,0,0,0,0,0,0,0,0,
0.,0.,0.,0,0,0,0,0,0,
0.,0.,0.,
0.,0.,0.,
0,0,0,0,0,0,0,0,0,0,0,0,0,0,0,0,
3374,124,2,17,2,1,0,0,0,0,0,0,0,
1875,1846,1850,0,0,0,0,0,0,0,
0,0,0,0,0,0,0,0,0,0,
0.,0.,0.,0,0,0,0,0,0,
0.,0.,0.,
0.,0.,0.,
0,0,0,0,0,0,0,0,0,0,0,0,0,0,0,0,
3375,124,2,17,2,1,0,0,0,0,0,0,0,
1932,1927,1898,0,0,0,0,0,0,0,
0,0,0,0,0,0,0,0,0,0,
0.,0.,0.,0,0,0,0,0,0,
0.,0.,0.,
0.,0.,0.,
0,0,0,0,0,0,0,0,0,0,0,0,0,0,0,0,
3376,124,2,17,2,1,0,0,0,0,0,0,0,
1931,1949,1950,0,0,0,0,0,0,0,
0,0,0,0,0,0,0,0,0,0,
0.,0.,0.,0,0,0,0,0,0,
0.,0.,0.,
0.,0.,0.,
0,0,0,0,0,0,0,0,0,0,0,0,0,0,0,0,
3377,124,2,17,2,1,0,0,0,0,0,0,0,
1825,1808,1818,0,0,0,0,0,0,0,
0,0,0,0,0,0,0,0,0,0,
0.,0.,0.,0,0,0,0,0,0,
0.,0.,0.,
0.,0.,0.,
0,0,0,0,0,0,0,0,0,0,0,0,0,0,0,0,
3378,124,2,17,2,1,0,0,0,0,0,0,0,
1846,1840,1838,0,0,0,0,0,0,0,
0,0,0,0,0,0,0,0,0,0,
0.,0.,0.,0,0,0,0,0,0,
0.,0.,0.,
0.,0.,0.,
0,0,0,0,0,0,0,0,0,0,0,0,0,0,0,0,
3379,124,2,17,2,1,0,0,0,0,0,0,0,
1873,1883,1859,0,0,0,0,0,0,0,
0,0,0,0,0,0,0,0,0,0,
0.,0.,0.,0,0,0,0,0,0,
0.,0.,0.,
0.,0.,0.,
0,0,0,0,0,0,0,0,0,0,0,0,0,0,0,0,
3380,124,2,17,2,1,0,0,0,0,0,0,0,
1834,1820,1841,0,0,0,0,0,0,0,
0,0,0,0,0,0,0,0,0,0,
0.,0.,0.,0,0,0,0,0,0,
0.,0.,0.,
0.,0.,0.,
0,0,0,0,0,0,0,0,0,0,0,0,0,0,0,0,
3381,124,2,17,2,1,0,0,0,0,0,0,0,
1883,1881,1859,0,0,0,0,0,0,0,
0,0,0,0,0,0,0,0,0,0,
0.,0.,0.,0,0,0,0,0,0,
0.,0.,0.,
0.,0.,0.,
0,0,0,0,0,0,0,0,0,0,0,0,0,0,0,0,
3382,124,2,17,2,1,0,0,0,0,0,0,0,
1841,1858,1859,0,0,0,0,0,0,0,
0,0,0,0,0,0,0,0,0,0,
0.,0.,0.,0,0,0,0,0,0,
0.,0.,0.,
0.,0.,0.,
0,0,0,0,0,0,0,0,0,0,0,0,0,0,0,0,
3383,124,2,17,2,1,0,0,0,0,0,0,0,
1881,1864,1859,0,0,0,0,0,0,0,
0,0,0,0,0,0,0,0,0,0,
0.,0.,0.,0,0,0,0,0,0,
0.,0.,0.,
0.,0.,0.,
0,0,0,0,0,0,0,0,0,0,0,0,0,0,0,0,
3384,124,2,17,2,1,0,0,0,0,0,0,0,
1816,1805,1820,0,0,0,0,0,0,0,
0,0,0,0,0,0,0,0,0,0,
0.,0.,0.,0,0,0,0,0,0,
0.,0.,0.,
0.,0.,0.,
0,0,0,0,0,0,0,0,0,0,0,0,0,0,0,0,
3385,124,2,17,2,1,0,0,0,0,0,0,0,
1851,1835,1834,0,0,0,0,0,0,0,
0,0,0,0,0,0,0,0,0,0,
0.,0.,0.,0,0,0,0,0,0,
0.,0.,0.,
0.,0.,0.,
0,0,0,0,0,0,0,0,0,0,0,0,0,0,0,0,
3386,124,2,17,2,1,0,0,0,0,0,0,0,
1849,1840,1846,0,0,0,0,0,0,0,
0,0,0,0,0,0,0,0,0,0,
0.,0.,0.,0,0,0,0,0,0,
0.,0.,0.,
0.,0.,0.,
0,0,0,0,0,0,0,0,0,0,0,0,0,0,0,0,
3387,124,2,17,2,1,0,0,0,0,0,0,0,
1924,1886,1892,0,0,0,0,0,0,0,
0,0,0,0,0,0,0,0,0,0,
0.,0.,0.,0,0,0,0,0,0,
0.,0.,0.,
0.,0.,0.,
0,0,0,0,0,0,0,0,0,0,0,0,0,0,0,0,
3388,124,2,17,2,1,0,0,0,0,0,0,0,
1948,1970,1965,0,0,0,0,0,0,0,
0,0,0,0,0,0,0,0,0,0,
0.,0.,0.,0,0,0,0,0,0,
0.,0.,0.,
0.,0.,0.,
0,0,0,0,0,0,0,0,0,0,0,0,0,0,0,0,
3389,124,2,17,2,1,0,0,0,0,0,0,0,
1964,1966,1948,0,0,0,0,0,0,0,
0,0,0,0,0,0,0,0,0,0,
0.,0.,0.,0,0,0,0,0,0,
0.,0.,0.,
0.,0.,0.,
0,0,0,0,0,0,0,0,0,0,0,0,0,0,0,0,
3390,124,2,17,2,1,0,0,0,0,0,0,0,
1924,1931,1948,0,0,0,0,0,0,0,
0,0,0,0,0,0,0,0,0,0,
0.,0.,0.,0,0,0,0,0,0,
0.,0.,0.,
0.,0.,0.,
0,0,0,0,0,0,0,0,0,0,0,0,0,0,0,0,
3391,124,2,17,2,1,0,0,0,0,0,0,0,
1966,1970,1948,0,0,0,0,0,0,0,
0,0,0,0,0,0,0,0,0,0,
0.,0.,0.,0,0,0,0,0,0,
0.,0.,0.,
0.,0.,0.,
0,0,0,0,0,0,0,0,0,0,0,0,0,0,0,0,
3392,124,2,17,2,1,0,0,0,0,0,0,0,
1903,1886,1924,0,0,0,0,0,0,0,
0,0,0,0,0,0,0,0,0,0,
0.,0.,0.,0,0,0,0,0,0,
0.,0.,0.,
0.,0.,0.,
0,0,0,0,0,0,0,0,0,0,0,0,0,0,0,0,
3393,124,2,17,2,1,0,0,0,0,0,0,0,
1970,1971,1965,0,0,0,0,0,0,0,
0,0,0,0,0,0,0,0,0,0,
0.,0.,0.,0,0,0,0,0,0,
0.,0.,0.,
0.,0.,0.,
0,0,0,0,0,0,0,0,0,0,0,0,0,0,0,0,
3394,124,2,17,2,1,0,0,0,0,0,0,0,
1846,1838,1850,0,0,0,0,0,0,0,
0,0,0,0,0,0,0,0,0,0,
0.,0.,0.,0,0,0,0,0,0,
0.,0.,0.,
0.,0.,0.,
0,0,0,0,0,0,0,0,0,0,0,0,0,0,0,0,
3395,124,2,17,2,1,0,0,0,0,0,0,0,
1888,1855,1887,0,0,0,0,0,0,0,
0,0,0,0,0,0,0,0,0,0,
0.,0.,0.,0,0,0,0,0,0,
0.,0.,0.,
0.,0.,0.,
0,0,0,0,0,0,0,0,0,0,0,0,0,0,0,0,
3396,124,2,17,2,1,0,0,0,0,0,0,0,
1875,1849,1846,0,0,0,0,0,0,0,
0,0,0,0,0,0,0,0,0,0,
0.,0.,0.,0,0,0,0,0,0,
0.,0.,0.,
0.,0.,0.,
0,0,0,0,0,0,0,0,0,0,0,0,0,0,0,0,
3397,124,2,17,2,1,0,0,0,0,0,0,0,
1954,1924,1965,0,0,0,0,0,0,0,
0,0,0,0,0,0,0,0,0,0,
0.,0.,0.,0,0,0,0,0,0,
0.,0.,0.,
0.,0.,0.,
0,0,0,0,0,0,0,0,0,0,0,0,0,0,0,0,
3398,124,2,17,2,1,0,0,0,0,0,0,0,
1971,1988,1965,0,0,0,0,0,0,0,
0,0,0,0,0,0,0,0,0,0,
0.,0.,0.,0,0,0,0,0,0,
0.,0.,0.,
0.,0.,0.,
0,0,0,0,0,0,0,0,0,0,0,0,0,0,0,0,
3399,124,2,17,2,1,0,0,0,0,0,0,0,
1924,1948,1965,0,0,0,0,0,0,0,
0,0,0,0,0,0,0,0,0,0,
0.,0.,0.,0,0,0,0,0,0,
0.,0.,0.,
0.,0.,0.,
0,0,0,0,0,0,0,0,0,0,0,0,0,0,0,0,
3400,124,2,17,2,1,0,0,0,0,0,0,0,
1903,1924,1954,0,0,0,0,0,0,0,
0,0,0,0,0,0,0,0,0,0,
0.,0.,0.,0,0,0,0,0,0,
0.,0.,0.,
0.,0.,0.,
0,0,0,0,0,0,0,0,0,0,0,0,0,0,0,0,
3401,124,2,17,2,1,0,0,0,0,0,0,0,
1908,1888,1887,0,0,0,0,0,0,0,
0,0,0,0,0,0,0,0,0,0,
0.,0.,0.,0,0,0,0,0,0,
0.,0.,0.,
0.,0.,0.,
0,0,0,0,0,0,0,0,0,0,0,0,0,0,0,0,
3402,124,2,17,2,1,0,0,0,0,0,0,0,
1988,1969,1965,0,0,0,0,0,0,0,
0,0,0,0,0,0,0,0,0,0,
0.,0.,0.,0,0,0,0,0,0,
0.,0.,0.,
0.,0.,0.,
0,0,0,0,0,0,0,0,0,0,0,0,0,0,0,0,
3403,124,2,17,2,1,0,0,0,0,0,0,0,
1981,1999,2003,0,0,0,0,0,0,0,
0,0,0,0,0,0,0,0,0,0,
0.,0.,0.,0,0,0,0,0,0,
0.,0.,0.,
0.,0.,0.,
0,0,0,0,0,0,0,0,0,0,0,0,0,0,0,0,
3404,124,2,17,2,1,0,0,0,0,0,0,0,
1954,1969,1981,0,0,0,0,0,0,0,
0,0,0,0,0,0,0,0,0,0,
0.,0.,0.,0,0,0,0,0,0,
0.,0.,0.,
0.,0.,0.,
0,0,0,0,0,0,0,0,0,0,0,0,0,0,0,0,
3405,124,2,17,2,1,0,0,0,0,0,0,0,
1961,1954,1981,0,0,0,0,0,0,0,
0,0,0,0,0,0,0,0,0,0,
0.,0.,0.,0,0,0,0,0,0,
0.,0.,0.,
0.,0.,0.,
0,0,0,0,0,0,0,0,0,0,0,0,0,0,0,0,
3406,124,2,17,2,1,0,0,0,0,0,0,0,
2003,2001,1981,0,0,0,0,0,0,0,
0,0,0,0,0,0,0,0,0,0,
0.,0.,0.,0,0,0,0,0,0,
0.,0.,0.,
0.,0.,0.,
0,0,0,0,0,0,0,0,0,0,0,0,0,0,0,0,
3407,124,2,17,2,1,0,0,0,0,0,0,0,
1902,1888,1908,0,0,0,0,0,0,0,
0,0,0,0,0,0,0,0,0,0,
0.,0.,0.,0,0,0,0,0,0,
0.,0.,0.,
0.,0.,0.,
0,0,0,0,0,0,0,0,0,0,0,0,0,0,0,0,
3408,124,2,17,2,1,0,0,0,0,0,0,0,
1988,1993,1969,0,0,0,0,0,0,0,
0,0,0,0,0,0,0,0,0,0,
0.,0.,0.,0,0,0,0,0,0,
0.,0.,0.,
0.,0.,0.,
0,0,0,0,0,0,0,0,0,0,0,0,0,0,0,0,
3409,124,2,17,2,1,0,0,0,0,0,0,0,
1954,1965,1969,0,0,0,0,0,0,0,
0,0,0,0,0,0,0,0,0,0,
0.,0.,0.,0,0,0,0,0,0,
0.,0.,0.,
0.,0.,0.,
0,0,0,0,0,0,0,0,0,0,0,0,0,0,0,0,
3410,124,2,17,2,1,0,0,0,0,0,0,0,
1993,1999,1969,0,0,0,0,0,0,0,
0,0,0,0,0,0,0,0,0,0,
0.,0.,0.,0,0,0,0,0,0,
0.,0.,0.,
0.,0.,0.,
0,0,0,0,0,0,0,0,0,0,0,0,0,0,0,0,
3411,124,2,17,2,1,0,0,0,0,0,0,0,
1908,1903,1954,0,0,0,0,0,0,0,
0,0,0,0,0,0,0,0,0,0,
0.,0.,0.,0,0,0,0,0,0,
0.,0.,0.,
0.,0.,0.,
0,0,0,0,0,0,0,0,0,0,0,0,0,0,0,0,
3412,124,2,17,2,1,0,0,0,0,0,0,0,
1969,1999,1981,0,0,0,0,0,0,0,
0,0,0,0,0,0,0,0,0,0,
0.,0.,0.,0,0,0,0,0,0,
0.,0.,0.,
0.,0.,0.,
0,0,0,0,0,0,0,0,0,0,0,0,0,0,0,0,
3413,124,2,17,2,1,0,0,0,0,0,0,0,
1887,1875,1903,0,0,0,0,0,0,0,
0,0,0,0,0,0,0,0,0,0,
0.,0.,0.,0,0,0,0,0,0,
0.,0.,0.,
0.,0.,0.,
0,0,0,0,0,0,0,0,0,0,0,0,0,0,0,0,
3414,124,2,17,2,1,0,0,0,0,0,0,0,
1849,1839,1840,0,0,0,0,0,0,0,
0,0,0,0,0,0,0,0,0,0,
0.,0.,0.,0,0,0,0,0,0,
0.,0.,0.,
0.,0.,0.,
0,0,0,0,0,0,0,0,0,0,0,0,0,0,0,0,
3415,124,2,17,2,1,0,0,0,0,0,0,0,
1839,1813,1840,0,0,0,0,0,0,0,
0,0,0,0,0,0,0,0,0,0,
0.,0.,0.,0,0,0,0,0,0,
0.,0.,0.,
0.,0.,0.,
0,0,0,0,0,0,0,0,0,0,0,0,0,0,0,0,
3416,124,2,17,2,1,0,0,0,0,0,0,0,
1887,1855,1849,0,0,0,0,0,0,0,
0,0,0,0,0,0,0,0,0,0,
0.,0.,0.,0,0,0,0,0,0,
0.,0.,0.,
0.,0.,0.,
0,0,0,0,0,0,0,0,0,0,0,0,0,0,0,0,
3417,124,2,17,2,1,0,0,0,0,0,0,0,
1840,1825,1838,0,0,0,0,0,0,0,
0,0,0,0,0,0,0,0,0,0,
0.,0.,0.,0,0,0,0,0,0,
0.,0.,0.,
0.,0.,0.,
0,0,0,0,0,0,0,0,0,0,0,0,0,0,0,0,
3418,124,2,17,2,1,0,0,0,0,0,0,0,
1855,1839,1849,0,0,0,0,0,0,0,
0,0,0,0,0,0,0,0,0,0,
0.,0.,0.,0,0,0,0,0,0,
0.,0.,0.,
0.,0.,0.,
0,0,0,0,0,0,0,0,0,0,0,0,0,0,0,0,
3419,124,2,17,2,1,0,0,0,0,0,0,0,
1809,1808,1825,0,0,0,0,0,0,0,
0,0,0,0,0,0,0,0,0,0,
0.,0.,0.,0,0,0,0,0,0,
0.,0.,0.,
0.,0.,0.,
0,0,0,0,0,0,0,0,0,0,0,0,0,0,0,0,
3420,124,2,17,2,1,0,0,0,0,0,0,0,
2001,1982,1981,0,0,0,0,0,0,0,
0,0,0,0,0,0,0,0,0,0,
0.,0.,0.,0,0,0,0,0,0,
0.,0.,0.,
0.,0.,0.,
0,0,0,0,0,0,0,0,0,0,0,0,0,0,0,0,
3421,124,2,17,2,1,0,0,0,0,0,0,0,
1961,1908,1954,0,0,0,0,0,0,0,
0,0,0,0,0,0,0,0,0,0,
0.,0.,0.,0,0,0,0,0,0,
0.,0.,0.,
0.,0.,0.,
0,0,0,0,0,0,0,0,0,0,0,0,0,0,0,0,
3422,124,2,17,2,1,0,0,0,0,0,0,0,
1902,1908,1961,0,0,0,0,0,0,0,
0,0,0,0,0,0,0,0,0,0,
0.,0.,0.,0,0,0,0,0,0,
0.,0.,0.,
0.,0.,0.,
0,0,0,0,0,0,0,0,0,0,0,0,0,0,0,0,
3423,124,2,17,2,1,0,0,0,0,0,0,0,
1982,2000,1979,0,0,0,0,0,0,0,
0,0,0,0,0,0,0,0,0,0,
0.,0.,0.,0,0,0,0,0,0,
0.,0.,0.,
0.,0.,0.,
0,0,0,0,0,0,0,0,0,0,0,0,0,0,0,0,
3424,124,2,17,2,1,0,0,0,0,0,0,0,
2001,2002,1982,0,0,0,0,0,0,0,
0,0,0,0,0,0,0,0,0,0,
0.,0.,0.,0,0,0,0,0,0,
0.,0.,0.,
0.,0.,0.,
0,0,0,0,0,0,0,0,0,0,0,0,0,0,0,0,
3425,124,2,17,2,1,0,0,0,0,0,0,0,
1961,1981,1982,0,0,0,0,0,0,0,
0,0,0,0,0,0,0,0,0,0,
0.,0.,0.,0,0,0,0,0,0,
0.,0.,0.,
0.,0.,0.,
0,0,0,0,0,0,0,0,0,0,0,0,0,0,0,0,
3426,124,2,17,2,1,0,0,0,0,0,0,0,
2002,2000,1982,0,0,0,0,0,0,0,
0,0,0,0,0,0,0,0,0,0,
0.,0.,0.,0,0,0,0,0,0,
0.,0.,0.,
0.,0.,0.,
0,0,0,0,0,0,0,0,0,0,0,0,0,0,0,0,
3427,124,2,17,2,1,0,0,0,0,0,0,0,
1994,1979,2000,0,0,0,0,0,0,0,
0,0,0,0,0,0,0,0,0,0,
0.,0.,0.,0,0,0,0,0,0,
0.,0.,0.,
0.,0.,0.,
0,0,0,0,0,0,0,0,0,0,0,0,0,0,0,0,
3428,124,2,17,2,1,0,0,0,0,0,0,0,
1814,1809,1825,0,0,0,0,0,0,0,
0,0,0,0,0,0,0,0,0,0,
0.,0.,0.,0,0,0,0,0,0,
0.,0.,0.,
0.,0.,0.,
0,0,0,0,0,0,0,0,0,0,0,0,0,0,0,0,
3429,124,2,17,2,1,0,0,0,0,0,0,0,
1961,1982,1979,0,0,0,0,0,0,0,
0,0,0,0,0,0,0,0,0,0,
0.,0.,0.,0,0,0,0,0,0,
0.,0.,0.,
0.,0.,0.,
0,0,0,0,0,0,0,0,0,0,0,0,0,0,0,0,
3430,124,2,17,2,1,0,0,0,0,0,0,0,
1962,1961,1979,0,0,0,0,0,0,0,
0,0,0,0,0,0,0,0,0,0,
0.,0.,0.,0,0,0,0,0,0,
0.,0.,0.,
0.,0.,0.,
0,0,0,0,0,0,0,0,0,0,0,0,0,0,0,0,
3431,124,2,17,2,1,0,0,0,0,0,0,0,
1994,2006,1979,0,0,0,0,0,0,0,
0,0,0,0,0,0,0,0,0,0,
0.,0.,0.,0,0,0,0,0,0,
0.,0.,0.,
0.,0.,0.,
0,0,0,0,0,0,0,0,0,0,0,0,0,0,0,0,
3432,124,2,17,2,1,0,0,0,0,0,0,0,
1979,2006,1980,0,0,0,0,0,0,0,
0,0,0,0,0,0,0,0,0,0,
0.,0.,0.,0,0,0,0,0,0,
0.,0.,0.,
0.,0.,0.,
0,0,0,0,0,0,0,0,0,0,0,0,0,0,0,0,
3433,124,2,17,2,1,0,0,0,0,0,0,0,
1807,1814,1840,0,0,0,0,0,0,0,
0,0,0,0,0,0,0,0,0,0,
0.,0.,0.,0,0,0,0,0,0,
0.,0.,0.,
0.,0.,0.,
0,0,0,0,0,0,0,0,0,0,0,0,0,0,0,0,
3434,124,2,17,2,1,0,0,0,0,0,0,0,
1813,1807,1840,0,0,0,0,0,0,0,
0,0,0,0,0,0,0,0,0,0,
0.,0.,0.,0,0,0,0,0,0,
0.,0.,0.,
0.,0.,0.,
0,0,0,0,0,0,0,0,0,0,0,0,0,0,0,0,
3435,124,2,17,2,1,0,0,0,0,0,0,0,
1855,183,1839,0,0,0,0,0,0,0,
0,0,0,0,0,0,0,0,0,0,
0.,0.,0.,0,0,0,0,0,0,
0.,0.,0.,
0.,0.,0.,
0,0,0,0,0,0,0,0,0,0,0,0,0,0,0,0,
3436,124,2,17,2,1,0,0,0,0,0,0,0,
2006,398,1980,0,0,0,0,0,0,0,
0,0,0,0,0,0,0,0,0,0,
0.,0.,0.,0,0,0,0,0,0,
0.,0.,0.,
0.,0.,0.,
0,0,0,0,0,0,0,0,0,0,0,0,0,0,0,0,
3437,124,2,17,2,1,0,0,0,0,0,0,0,
1962,1979,1980,0,0,0,0,0,0,0,
0,0,0,0,0,0,0,0,0,0,
0.,0.,0.,0,0,0,0,0,0,
0.,0.,0.,
0.,0.,0.,
0,0,0,0,0,0,0,0,0,0,0,0,0,0,0,0,
3438,124,2,17,2,1,0,0,0,0,0,0,0,
1923,1902,1961,0,0,0,0,0,0,0,
0,0,0,0,0,0,0,0,0,0,
0.,0.,0.,0,0,0,0,0,0,
0.,0.,0.,
0.,0.,0.,
0,0,0,0,0,0,0,0,0,0,0,0,0,0,0,0,
3439,124,2,17,2,1,0,0,0,0,0,0,0,
183,1829,1839,0,0,0,0,0,0,0,
0,0,0,0,0,0,0,0,0,0,
0.,0.,0.,0,0,0,0,0,0,
0.,0.,0.,
0.,0.,0.,
0,0,0,0,0,0,0,0,0,0,0,0,0,0,0,0,
3440,124,2,17,2,1,0,0,0,0,0,0,0,
1815,1839,1829,0,0,0,0,0,0,0,
0,0,0,0,0,0,0,0,0,0,
0.,0.,0.,0,0,0,0,0,0,
0.,0.,0.,
0.,0.,0.,
0,0,0,0,0,0,0,0,0,0,0,0,0,0,0,0,
3441,124,2,17,2,1,0,0,0,0,0,0,0,
1699,1711,1700,0,0,0,0,0,0,0,
0,0,0,0,0,0,0,0,0,0,
0.,0.,0.,0,0,0,0,0,0,
0.,0.,0.,
0.,0.,0.,
0,0,0,0,0,0,0,0,0,0,0,0,0,0,0,0,
3442,124,2,17,2,1,0,0,0,0,0,0,0,
1892,1857,1898,0,0,0,0,0,0,0,
0,0,0,0,0,0,0,0,0,0,
0.,0.,0.,0,0,0,0,0,0,
0.,0.,0.,
0.,0.,0.,
0,0,0,0,0,0,0,0,0,0,0,0,0,0,0,0,
3443,124,2,17,2,1,0,0,0,0,0,0,0,
1913,1932,1898,0,0,0,0,0,0,0,
0,0,0,0,0,0,0,0,0,0,
0.,0.,0.,0,0,0,0,0,0,
0.,0.,0.,
0.,0.,0.,
0,0,0,0,0,0,0,0,0,0,0,0,0,0,0,0,
3444,124,2,17,2,1,0,0,0,0,0,0,0,
1857,1880,1898,0,0,0,0,0,0,0,
0,0,0,0,0,0,0,0,0,0,
0.,0.,0.,0,0,0,0,0,0,
0.,0.,0.,
0.,0.,0.,
0,0,0,0,0,0,0,0,0,0,0,0,0,0,0,0,
3445,124,2,17,2,1,0,0,0,0,0,0,0,
13,1682,1684,0,0,0,0,0,0,0,
0,0,0,0,0,0,0,0,0,0,
0.,0.,0.,0,0,0,0,0,0,
0.,0.,0.,
0.,0.,0.,
0,0,0,0,0,0,0,0,0,0,0,0,0,0,0,0,
3446,124,2,17,2,1,0,0,0,0,0,0,0,
1680,13,1684,0,0,0,0,0,0,0,
0,0,0,0,0,0,0,0,0,0,
0.,0.,0.,0,0,0,0,0,0,
0.,0.,0.,
0.,0.,0.,
0,0,0,0,0,0,0,0,0,0,0,0,0,0,0,0,
3447,124,2,17,2,1,0,0,0,0,0,0,0,
1689,1697,1690,0,0,0,0,0,0,0,
0,0,0,0,0,0,0,0,0,0,
0.,0.,0.,0,0,0,0,0,0,
0.,0.,0.,
0.,0.,0.,
0,0,0,0,0,0,0,0,0,0,0,0,0,0,0,0,
3448,124,2,17,2,1,0,0,0,0,0,0,0,
1688,1684,1690,0,0,0,0,0,0,0,
0,0,0,0,0,0,0,0,0,0,
0.,0.,0.,0,0,0,0,0,0,
0.,0.,0.,
0.,0.,0.,
0,0,0,0,0,0,0,0,0,0,0,0,0,0,0,0,
3449,124,2,17,2,1,0,0,0,0,0,0,0,
1697,1698,1690,0,0,0,0,0,0,0,
0,0,0,0,0,0,0,0,0,0,
0.,0.,0.,0,0,0,0,0,0,
0.,0.,0.,
0.,0.,0.,
0,0,0,0,0,0,0,0,0,0,0,0,0,0,0,0,
3450,124,2,17,2,1,0,0,0,0,0,0,0,
1683,13,1680,0,0,0,0,0,0,0,
0,0,0,0,0,0,0,0,0,0,
0.,0.,0.,0,0,0,0,0,0,
0.,0.,0.,
0.,0.,0.,
0,0,0,0,0,0,0,0,0,0,0,0,0,0,0,0,
3451,124,2,17,2,1,0,0,0,0,0,0,0,
1684,1689,1690,0,0,0,0,0,0,0,
0,0,0,0,0,0,0,0,0,0,
0.,0.,0.,0,0,0,0,0,0,
0.,0.,0.,
0.,0.,0.,
0,0,0,0,0,0,0,0,0,0,0,0,0,0,0,0,
3452,124,2,17,2,1,0,0,0,0,0,0,0,
1693,1694,24,0,0,0,0,0,0,0,
0,0,0,0,0,0,0,0,0,0,
0.,0.,0.,0,0,0,0,0,0,
0.,0.,0.,
0.,0.,0.,
0,0,0,0,0,0,0,0,0,0,0,0,0,0,0,0,
3453,124,2,17,2,1,0,0,0,0,0,0,0,
1683,1680,1688,0,0,0,0,0,0,0,
0,0,0,0,0,0,0,0,0,0,
0.,0.,0.,0,0,0,0,0,0,
0.,0.,0.,
0.,0.,0.,
0,0,0,0,0,0,0,0,0,0,0,0,0,0,0,0,
3454,124,2,17,2,1,0,0,0,0,0,0,0,
1815,1813,1839,0,0,0,0,0,0,0,
0,0,0,0,0,0,0,0,0,0,
0.,0.,0.,0,0,0,0,0,0,
0.,0.,0.,
0.,0.,0.,
0,0,0,0,0,0,0,0,0,0,0,0,0,0,0,0,
3455,124,2,17,2,1,0,0,0,0,0,0,0,
144,1815,1829,0,0,0,0,0,0,0,
0,0,0,0,0,0,0,0,0,0,
0.,0.,0.,0,0,0,0,0,0,
0.,0.,0.,
0.,0.,0.,
0,0,0,0,0,0,0,0,0,0,0,0,0,0,0,0,
3456,124,2,17,2,1,0,0,0,0,0,0,0,
1695,1688,1690,0,0,0,0,0,0,0,
0,0,0,0,0,0,0,0,0,0,
0.,0.,0.,0,0,0,0,0,0,
0.,0.,0.,
0.,0.,0.,
0,0,0,0,0,0,0,0,0,0,0,0,0,0,0,0,
3457,124,2,17,2,1,0,0,0,0,0,0,0,
1688,24,1683,0,0,0,0,0,0,0,
0,0,0,0,0,0,0,0,0,0,
0.,0.,0.,0,0,0,0,0,0,
0.,0.,0.,
0.,0.,0.,
0,0,0,0,0,0,0,0,0,0,0,0,0,0,0,0,
3458,124,2,17,2,1,0,0,0,0,0,0,0,
1693,24,1688,0,0,0,0,0,0,0,
0,0,0,0,0,0,0,0,0,0,
0.,0.,0.,0,0,0,0,0,0,
0.,0.,0.,
0.,0.,0.,
0,0,0,0,0,0,0,0,0,0,0,0,0,0,0,0,
3459,124,2,17,2,1,0,0,0,0,0,0,0,
1695,1693,1688,0,0,0,0,0,0,0,
0,0,0,0,0,0,0,0,0,0,
0.,0.,0.,0,0,0,0,0,0,
0.,0.,0.,
0.,0.,0.,
0,0,0,0,0,0,0,0,0,0,0,0,0,0,0,0,
3460,124,2,17,2,1,0,0,0,0,0,0,0,
1680,1684,1688,0,0,0,0,0,0,0,
0,0,0,0,0,0,0,0,0,0,
0.,0.,0.,0,0,0,0,0,0,
0.,0.,0.,
0.,0.,0.,
0,0,0,0,0,0,0,0,0,0,0,0,0,0,0,0,
3461,124,2,17,2,1,0,0,0,0,0,0,0,
1931,1964,1948,0,0,0,0,0,0,0,
0,0,0,0,0,0,0,0,0,0,
0.,0.,0.,0,0,0,0,0,0,
0.,0.,0.,
0.,0.,0.,
0,0,0,0,0,0,0,0,0,0,0,0,0,0,0,0,
3462,124,2,17,2,1,0,0,0,0,0,0,0,
1875,1850,1886,0,0,0,0,0,0,0,
0,0,0,0,0,0,0,0,0,0,
0.,0.,0.,0,0,0,0,0,0,
0.,0.,0.,
0.,0.,0.,
0,0,0,0,0,0,0,0,0,0,0,0,0,0,0,0,
3463,124,2,17,2,1,0,0,0,0,0,0,0,
1908,1887,1903,0,0,0,0,0,0,0,
0,0,0,0,0,0,0,0,0,0,
0.,0.,0.,0,0,0,0,0,0,
0.,0.,0.,
0.,0.,0.,
0,0,0,0,0,0,0,0,0,0,0,0,0,0,0,0,
3464,124,2,17,2,1,0,0,0,0,0,0,0,
1897,1900,1880,0,0,0,0,0,0,0,
0,0,0,0,0,0,0,0,0,0,
0.,0.,0.,0,0,0,0,0,0,
0.,0.,0.,
0.,0.,0.,
0,0,0,0,0,0,0,0,0,0,0,0,0,0,0,0,
3465,124,2,17,2,1,0,0,0,0,0,0,0,
1851,1834,1857,0,0,0,0,0,0,0,
0,0,0,0,0,0,0,0,0,0,
0.,0.,0.,0,0,0,0,0,0,
0.,0.,0.,
0.,0.,0.,
0,0,0,0,0,0,0,0,0,0,0,0,0,0,0,0,
3466,124,2,17,2,1,0,0,0,0,0,0,0,
1900,1912,1880,0,0,0,0,0,0,0,
0,0,0,0,0,0,0,0,0,0,
0.,0.,0.,0,0,0,0,0,0,
0.,0.,0.,
0.,0.,0.,
0,0,0,0,0,0,0,0,0,0,0,0,0,0,0,0,
3467,124,2,17,2,1,0,0,0,0,0,0,0,
1857,1864,1880,0,0,0,0,0,0,0,
0,0,0,0,0,0,0,0,0,0,
0.,0.,0.,0,0,0,0,0,0,
0.,0.,0.,
0.,0.,0.,
0,0,0,0,0,0,0,0,0,0,0,0,0,0,0,0,
3468,124,2,17,2,1,0,0,0,0,0,0,0,
1912,1898,1880,0,0,0,0,0,0,0,
0,0,0,0,0,0,0,0,0,0,
0.,0.,0.,0,0,0,0,0,0,
0.,0.,0.,
0.,0.,0.,
0,0,0,0,0,0,0,0,0,0,0,0,0,0,0,0,
3469,124,2,17,2,1,0,0,0,0,0,0,0,
1835,1816,1834,0,0,0,0,0,0,0,
0,0,0,0,0,0,0,0,0,0,
0.,0.,0.,0,0,0,0,0,0,
0.,0.,0.,
0.,0.,0.,
0,0,0,0,0,0,0,0,0,0,0,0,0,0,0,0,
3470,124,2,17,2,1,0,0,0,0,0,0,0,
1886,1850,1851,0,0,0,0,0,0,0,
0,0,0,0,0,0,0,0,0,0,
0.,0.,0.,0,0,0,0,0,0,
0.,0.,0.,
0.,0.,0.,
0,0,0,0,0,0,0,0,0,0,0,0,0,0,0,0,
3471,124,2,17,2,1,0,0,0,0,0,0,0,
1808,1803,1818,0,0,0,0,0,0,0,
0,0,0,0,0,0,0,0,0,0,
0.,0.,0.,0,0,0,0,0,0,
0.,0.,0.,
0.,0.,0.,
0,0,0,0,0,0,0,0,0,0,0,0,0,0,0,0,
3472,124,2,17,2,1,0,0,0,0,0,0,0,
1840,1814,1825,0,0,0,0,0,0,0,
0,0,0,0,0,0,0,0,0,0,
0.,0.,0.,0,0,0,0,0,0,
0.,0.,0.,
0.,0.,0.,
0,0,0,0,0,0,0,0,0,0,0,0,0,0,0,0,
3473,124,2,17,2,1,0,0,0,0,0,0,0,
1962,1923,1961,0,0,0,0,0,0,0,
0,0,0,0,0,0,0,0,0,0,
0.,0.,0.,0,0,0,0,0,0,
0.,0.,0.,
0.,0.,0.,
0,0,0,0,0,0,0,0,0,0,0,0,0,0,0,0,
3474,124,2,17,2,1,0,0,0,0,0,0,0,
1843,1866,1862,0,0,0,0,0,0,0,
0,0,0,0,0,0,0,0,0,0,
0.,0.,0.,0,0,0,0,0,0,
0.,0.,0.,
0.,0.,0.,
0,0,0,0,0,0,0,0,0,0,0,0,0,0,0,0,
3475,124,2,17,2,1,0,0,0,0,0,0,0,
1866,1868,1862,0,0,0,0,0,0,0,
0,0,0,0,0,0,0,0,0,0,
0.,0.,0.,0,0,0,0,0,0,
0.,0.,0.,
0.,0.,0.,
0,0,0,0,0,0,0,0,0,0,0,0,0,0,0,0,
3476,124,2,17,2,1,0,0,0,0,0,0,0,
1812,1827,1831,0,0,0,0,0,0,0,
0,0,0,0,0,0,0,0,0,0,
0.,0.,0.,0,0,0,0,0,0,
0.,0.,0.,
0.,0.,0.,
0,0,0,0,0,0,0,0,0,0,0,0,0,0,0,0,
3477,124,2,17,2,1,0,0,0,0,0,0,0,
1876,1868,1901,0,0,0,0,0,0,0,
0,0,0,0,0,0,0,0,0,0,
0.,0.,0.,0,0,0,0,0,0,
0.,0.,0.,
0.,0.,0.,
0,0,0,0,0,0,0,0,0,0,0,0,0,0,0,0,
3478,124,2,17,2,1,0,0,0,0,0,0,0,
1876,1852,1862,0,0,0,0,0,0,0,
0,0,0,0,0,0,0,0,0,0,
0.,0.,0.,0,0,0,0,0,0,
0.,0.,0.,
0.,0.,0.,
0,0,0,0,0,0,0,0,0,0,0,0,0,0,0,0,
3479,124,2,17,2,1,0,0,0,0,0,0,0,
1868,1876,1862,0,0,0,0,0,0,0,
0,0,0,0,0,0,0,0,0,0,
0.,0.,0.,0,0,0,0,0,0,
0.,0.,0.,
0.,0.,0.,
0,0,0,0,0,0,0,0,0,0,0,0,0,0,0,0,
3480,124,2,17,2,1,0,0,0,0,0,0,0,
1844,1843,1862,0,0,0,0,0,0,0,
0,0,0,0,0,0,0,0,0,0,
0.,0.,0.,0,0,0,0,0,0,
0.,0.,0.,
0.,0.,0.,
0,0,0,0,0,0,0,0,0,0,0,0,0,0,0,0,
3481,124,2,17,2,1,0,0,0,0,0,0,0,
1876,1885,1863,0,0,0,0,0,0,0,
0,0,0,0,0,0,0,0,0,0,
0.,0.,0.,0,0,0,0,0,0,
0.,0.,0.,
0.,0.,0.,
0,0,0,0,0,0,0,0,0,0,0,0,0,0,0,0,
3482,124,2,17,2,1,0,0,0,0,0,0,0,
1852,1876,1863,0,0,0,0,0,0,0,
0,0,0,0,0,0,0,0,0,0,
0.,0.,0.,0,0,0,0,0,0,
0.,0.,0.,
0.,0.,0.,
0,0,0,0,0,0,0,0,0,0,0,0,0,0,0,0,
3483,124,2,17,2,1,0,0,0,0,0,0,0,
1702,1713,1712,0,0,0,0,0,0,0,
0,0,0,0,0,0,0,0,0,0,
0.,0.,0.,0,0,0,0,0,0,
0.,0.,0.,
0.,0.,0.,
0,0,0,0,0,0,0,0,0,0,0,0,0,0,0,0,
3484,124,2,17,2,1,0,0,0,0,0,0,0,
1721,1711,1712,0,0,0,0,0,0,0,
0,0,0,0,0,0,0,0,0,0,
0.,0.,0.,0,0,0,0,0,0,
0.,0.,0.,
0.,0.,0.,
0,0,0,0,0,0,0,0,0,0,0,0,0,0,0,0,
3485,124,2,17,2,1,0,0,0,0,0,0,0,
1722,1721,1712,0,0,0,0,0,0,0,
0,0,0,0,0,0,0,0,0,0,
0.,0.,0.,0,0,0,0,0,0,
0.,0.,0.,
0.,0.,0.,
0,0,0,0,0,0,0,0,0,0,0,0,0,0,0,0,
3486,124,2,17,2,1,0,0,0,0,0,0,0,
1724,1745,1748,0,0,0,0,0,0,0,
0,0,0,0,0,0,0,0,0,0,
0.,0.,0.,0,0,0,0,0,0,
0.,0.,0.,
0.,0.,0.,
0,0,0,0,0,0,0,0,0,0,0,0,0,0,0,0,
3487,124,2,17,2,1,0,0,0,0,0,0,0,
1771,1750,1753,0,0,0,0,0,0,0,
0,0,0,0,0,0,0,0,0,0,
0.,0.,0.,0,0,0,0,0,0,
0.,0.,0.,
0.,0.,0.,
0,0,0,0,0,0,0,0,0,0,0,0,0,0,0,0,
3488,124,2,17,2,1,0,0,0,0,0,0,0,
1782,1787,1753,0,0,0,0,0,0,0,
0,0,0,0,0,0,0,0,0,0,
0.,0.,0.,0,0,0,0,0,0,
0.,0.,0.,
0.,0.,0.,
0,0,0,0,0,0,0,0,0,0,0,0,0,0,0,0,
3489,124,2,17,2,1,0,0,0,0,0,0,0,
1787,1782,1790,0,0,0,0,0,0,0,
0,0,0,0,0,0,0,0,0,0,
0.,0.,0.,0,0,0,0,0,0,
0.,0.,0.,
0.,0.,0.,
0,0,0,0,0,0,0,0,0,0,0,0,0,0,0,0,
3490,124,2,17,2,1,0,0,0,0,0,0,0,
1794,1806,1801,0,0,0,0,0,0,0,
0,0,0,0,0,0,0,0,0,0,
0.,0.,0.,0,0,0,0,0,0,
0.,0.,0.,
0.,0.,0.,
0,0,0,0,0,0,0,0,0,0,0,0,0,0,0,0,
3491,124,2,17,2,1,0,0,0,0,0,0,0,
1819,1810,1824,0,0,0,0,0,0,0,
0,0,0,0,0,0,0,0,0,0,
0.,0.,0.,0,0,0,0,0,0,
0.,0.,0.,
0.,0.,0.,
0,0,0,0,0,0,0,0,0,0,0,0,0,0,0,0,
3492,124,2,17,2,1,0,0,0,0,0,0,0,
1832,1842,1824,0,0,0,0,0,0,0,
0,0,0,0,0,0,0,0,0,0,
0.,0.,0.,0,0,0,0,0,0,
0.,0.,0.,
0.,0.,0.,
0,0,0,0,0,0,0,0,0,0,0,0,0,0,0,0,
3493,124,2,17,2,1,0,0,0,0,0,0,0,
1821,1832,1824,0,0,0,0,0,0,0,
0,0,0,0,0,0,0,0,0,0,
0.,0.,0.,0,0,0,0,0,0,
0.,0.,0.,
0.,0.,0.,
0,0,0,0,0,0,0,0,0,0,0,0,0,0,0,0,
3494,124,2,17,2,1,0,0,0,0,0,0,0,
1863,1874,1856,0,0,0,0,0,0,0,
0,0,0,0,0,0,0,0,0,0,
0.,0.,0.,0,0,0,0,0,0,
0.,0.,0.,
0.,0.,0.,
0,0,0,0,0,0,0,0,0,0,0,0,0,0,0,0,
3495,124,2,17,2,1,0,0,0,0,0,0,0,
1885,1894,1863,0,0,0,0,0,0,0,
0,0,0,0,0,0,0,0,0,0,
0.,0.,0.,0,0,0,0,0,0,
0.,0.,0.,
0.,0.,0.,
0,0,0,0,0,0,0,0,0,0,0,0,0,0,0,0,
3496,124,2,17,2,1,0,0,0,0,0,0,0,
1842,1852,1863,0,0,0,0,0,0,0,
0,0,0,0,0,0,0,0,0,0,
0.,0.,0.,0,0,0,0,0,0,
0.,0.,0.,
0.,0.,0.,
0,0,0,0,0,0,0,0,0,0,0,0,0,0,0,0,
3497,124,2,17,2,1,0,0,0,0,0,0,0,
1901,1910,1876,0,0,0,0,0,0,0,
0,0,0,0,0,0,0,0,0,0,
0.,0.,0.,0,0,0,0,0,0,
0.,0.,0.,
0.,0.,0.,
0,0,0,0,0,0,0,0,0,0,0,0,0,0,0,0,
3498,124,2,17,2,1,0,0,0,0,0,0,0,
1852,1844,1862,0,0,0,0,0,0,0,
0,0,0,0,0,0,0,0,0,0,
0.,0.,0.,0,0,0,0,0,0,
0.,0.,0.,
0.,0.,0.,
0,0,0,0,0,0,0,0,0,0,0,0,0,0,0,0,
3499,124,2,17,2,1,0,0,0,0,0,0,0,
1842,1832,1852,0,0,0,0,0,0,0,
0,0,0,0,0,0,0,0,0,0,
0.,0.,0.,0,0,0,0,0,0,
0.,0.,0.,
0.,0.,0.,
0,0,0,0,0,0,0,0,0,0,0,0,0,0,0,0,
3500,124,2,17,2,1,0,0,0,0,0,0,0,
1876,1910,1885,0,0,0,0,0,0,0,
0,0,0,0,0,0,0,0,0,0,
0.,0.,0.,0,0,0,0,0,0,
0.,0.,0.,
0.,0.,0.,
0,0,0,0,0,0,0,0,0,0,0,0,0,0,0,0,
3501,124,2,17,2,1,0,0,0,0,0,0,0,
1833,1844,1852,0,0,0,0,0,0,0,
0,0,0,0,0,0,0,0,0,0,
0.,0.,0.,0,0,0,0,0,0,
0.,0.,0.,
0.,0.,0.,
0,0,0,0,0,0,0,0,0,0,0,0,0,0,0,0,
3502,124,2,17,2,1,0,0,0,0,0,0,0,
1850,1835,1851,0,0,0,0,0,0,0,
0,0,0,0,0,0,0,0,0,0,
0.,0.,0.,0,0,0,0,0,0,
0.,0.,0.,
0.,0.,0.,
0,0,0,0,0,0,0,0,0,0,0,0,0,0,0,0,
3503,124,2,17,2,1,0,0,0,0,0,0,0,
1903,1875,1886,0,0,0,0,0,0,0,
0,0,0,0,0,0,0,0,0,0,
0.,0.,0.,0,0,0,0,0,0,
0.,0.,0.,
0.,0.,0.,
0,0,0,0,0,0,0,0,0,0,0,0,0,0,0,0,
3504,124,2,17,2,1,0,0,0,0,0,0,0,
1932,1935,1927,0,0,0,0,0,0,0,
0,0,0,0,0,0,0,0,0,0,
0.,0.,0.,0,0,0,0,0,0,
0.,0.,0.,
0.,0.,0.,
0,0,0,0,0,0,0,0,0,0,0,0,0,0,0,0,
   -1
   -1
   918
   -1
   -1
   615
   -1
   -1
   919
   -1
   -1
  1064
   -1
   -1
  1060
   -1
   -1
  1061
   -1
   -1
  1062
   -1
   -1
  1063
   -1
   -1
   514
   -1
   -1
   506
   -1
   -1
   507
   -1
   -1
  1070
   -1
   -1
   408
   -1
   -1
   409
1,
Default View
3,0,0,
0.,0.,0.,
0.01375,0.01375,0.,
1.0000999950005,1.,0,0.,0.,0.,0.,0.,0.,
0.,0.,0.,
0.,0.,0.,
1.,
0.,0.,0.,0.,0,0,0,
2,85,1,1,0,1,117,0,50,50,0,0.,0.,
-1,-1,0,0,0,1,0,0,0,0,
9,0,0,
0,0,0,0,
0,0,0,0,
0,0,0,0,
0,0,0,0,
0,0,0,0,
0,0,0,0,
0,0,0,0,
0,0,0,0,
0,0,0,0,
100.,100.,1,7,
0,1,1.,
0.,0.,0.,
0.,0.,1.,
0,1,0,0,
0.,0.,0.,
1.,0.,0.,
0.,0.,0.,
0.,1.,0.,
1.,1.,70.,0.5,
0.,25.,10.,10.,5.,1,50.,1000.,0.,0.,0.,100.,-100.,1,
5.,90.,10.,10.,1.,
4,101,0,0,0,3,0,0,0,0,0.,0.,1.,
0,0,0,0,0,0,20,100,
1,1,1.E-8,
0,1,1,0,0,1,20.,0,
0,0,2,0.00001,4.,0.01,0.,
0.,0.,0.,
10.,
0.,0.,0.,
1.,0.,0.,
100.,100.,
1.,1.,1.,1.,
0,
12,
0,0.,
0,0.,
0,0.,
0,0.,
0,0.,
0,0.,
0,0.,
0,0.,
0,0.,
0,0.,
0,0.,
0,0.,
0,5,0,0,0,0.,25.,100.,75,0,
0,100.,0,0,1,0,0,0,0,0,
4,16408,20,16504,100,16488,
6,
4,24,20,120,100,104,0,0,
0,0,0,0,0,0,0,0,
0,0,0,0,0,0,0,0,
0,0,0,0,0,0,0,0,
0,0,0,0,0,0,0,0,
0,0,0,0,0,0,0,0,
0,0,0,0,0,0,0,0,
0,0,0,0,0,0,0,0,
0.,0.,
0.,0.,0.,0.,
9,
1.,
1.,
1.,
1.,
1.,
1.,
1.,
1.,
1.,
2,
<NULL>
<NULL>
0,0,0,0,
0.,0.,0.,0.,
0.,0.,0.,0.,
125,1,0,58,0,
0,60,1,1,
0,24,0,1,
0,120,0,1,
0,60,0,1,
0,66,0,0,
0,0,0,1,
0,46,0,1,
0,120,1,1,
0,124,0,1,
0,0,0,0,
1,14,0,1,
0,62,0,0,
0,62,0,0,
0,10,1,1,
0,52,1,1,
0,4,1,1,
0,120,1,1,
0,12,1,1,
0,2,1,1,
0,120,1,1,
0,8312,1,1,
0,24600,0,0,
0,0,0,0,
1,123,0,1,
0,0,0,1,
3,0,0,1,
0,24648,0,1,
0,124,0,1,
0,0,0,0,
0,0,0,0,
0,0,0,1,
5,60,1,1,
0,56,0,1,
0,2328,0,0,
0,8216,0,1,
0,4,0,0,
0,0,2,1,
0,0,1,1,
0,0,1,1,
1,0,5,1,
0,0,0,1,
0,24,0,1,
0,124,0,0,
0,100,0,1,
1,100,0,0,
0,0,0,1,
0,16,0,1,
0,0,4,1,
0,0,0,0,
2,124,1,1,
1,8254,0,0,
0,0,1,1,
1,0,5,1,
0,0,0,1,
0,100,0,1,
0,100,0,1,
1,46,0,1,
1,120,0,1,
1,4,0,1,
1,52,0,1,
1,24,0,1,
1,93,0,1,
1,12,0,1,
1,10,0,1,
1,104,0,1,
0,100,1,1,
0,24,1,1,
0,60,1,1,
0,104,1,1,
0,0,1,1,
0,90,1,1,
0,14,1,1,
0,8261,1,1,
0,19,0,0,
1,4,1,1,
0,4,0,0,
0,0,1,0,
0,0,0,0,
0,20488,0,1,
0,0,2,0,
0,20,1,1,
0,34,1,1,
0,9,1,1,
0,49,1,1,
0,105,1,1,
0,62,0,0,
0,60,4,0,
0,0,1,0,
0,4,1,0,
0,0,1,1,
0,14,0,1,
0,0,0,0,
0,48,1,1,
0,0,0,1,
0,20590,0,1,
0,124,0,0,
1,8252,0,0,
0,66,0,0,
1,97,0,0,
0,12326,1,1,
0,0,0,0,
0,28676,0,1,
3,4,0,1,
0,24696,0,1,
0,24590,0,1,
0,20,2,1,
0,15,0,0,
0,124,1,1,
0,0,1,1,
0,15,0,0,
0,24,0,0,
0,24,0,0,
0,0,1,0,
0,0,0,1,
0,124,0,0,
0,0,3,0,
0,24,1,0,
0,28676,0,0,
0,120,0,1,
0,140,0,0,
0,0,0,0,
0,0,1,1,
0,0,1,1,
0,0,1,1,
0,
0,0,1,0,0,0,0,0,0,1,1.,0.,0.,0,0,
0.5,
-1,
-1,0,
2,
Default View
3,0,0,
0.,0.,0.,
0.013875,0.013875,0.,
1.319639854967092,1.,0,0.,0.,0.,0.,0.,0.,
0.,0.,0.,
0.,0.,0.,
1.,
0.,0.,0.,0.,0,0,0,
2,85,1,1,0,1,117,0,50,50,0,0.,0.,
-1,-1,0,0,0,1,0,0,0,0,
9,0,0,
0,0,0,0,
0,0,0,0,
0,0,0,0,
0,0,0,0,
0,0,0,0,
0,0,0,0,
0,0,0,0,
0,0,0,0,
0,0,0,0,
100.,100.,1,7,
0,1,1.,
0.,0.,0.,
0.,0.,1.,
0,1,0,0,
0.,0.,0.,
1.,0.,0.,
0.,0.,0.,
0.,1.,0.,
1.,1.,70.,0.5,
0.,25.,10.,10.,5.,1,50.,1000.,0.,0.,0.,100.,-100.,1,
5.,90.,10.,10.,1.,
4,101,0,0,0,3,0,0,0,0,0.,0.,1.,
0,0,0,0,0,0,20,100,
1,1,1.E-8,
0,1,1,0,0,1,20.,0,
0,0,2,0.00001,4.,0.01,0.,
0.,0.,0.,
10.,
0.,0.,0.,
1.,0.,0.,
100.,100.,
1.,1.,1.,1.,
0,
12,
0,0.,
0,0.,
0,0.,
0,0.,
0,0.,
0,0.,
0,0.,
0,0.,
0,0.,
0,0.,
0,0.,
0,0.,
0,5,0,0,0,0.,25.,100.,75,0,
0,100.,0,0,1,0,0,0,0,0,
4,16408,20,16504,100,16488,
6,
4,24,20,120,100,104,0,0,
0,0,0,0,0,0,0,0,
0,0,0,0,0,0,0,0,
0,0,0,0,0,0,0,0,
0,0,0,0,0,0,0,0,
0,0,0,0,0,0,0,0,
0,0,0,0,0,0,0,0,
0,0,0,0,0,0,0,0,
0.,0.,
0.,0.,0.,0.,
9,
1.,
1.,
1.,
1.,
1.,
1.,
1.,
1.,
1.,
2,
<NULL>
<NULL>
0,0,0,0,
0.,0.,0.,0.,
0.,0.,0.,0.,
125,1,0,58,0,
0,60,1,1,
0,24,0,1,
0,120,0,1,
0,60,0,1,
0,66,0,0,
0,0,0,1,
0,46,0,1,
0,120,1,1,
3,124,0,1,
0,0,0,0,
1,14,0,1,
0,62,0,0,
0,62,0,0,
0,10,1,1,
0,52,1,1,
0,4,1,1,
0,120,1,1,
0,12,1,1,
0,2,1,1,
0,120,1,1,
0,8312,1,1,
0,24600,0,0,
0,0,0,0,
1,123,0,1,
0,0,0,1,
3,0,0,1,
0,24648,0,1,
0,124,0,1,
0,0,0,0,
0,0,0,0,
0,0,0,1,
5,60,1,1,
0,56,0,1,
0,2328,0,0,
0,8216,0,1,
0,4,0,0,
0,0,2,1,
0,0,1,1,
0,0,1,1,
1,0,5,1,
0,0,0,1,
0,24,0,1,
0,124,0,0,
0,100,0,1,
1,100,0,0,
0,0,0,1,
0,16,0,1,
0,0,4,1,
0,0,0,0,
2,124,1,1,
1,8254,0,0,
0,0,1,1,
1,0,5,1,
0,0,0,1,
0,100,0,1,
0,100,0,1,
1,46,0,1,
1,120,0,1,
1,4,0,1,
1,52,0,1,
1,24,0,1,
1,93,0,1,
1,12,0,1,
1,10,0,1,
1,104,0,1,
0,100,1,1,
0,24,1,1,
0,60,1,1,
0,104,1,1,
0,0,1,1,
0,90,1,1,
0,14,1,1,
0,8261,1,1,
0,19,0,0,
1,4,1,1,
0,4,0,0,
0,0,1,0,
0,0,0,0,
0,20488,0,1,
0,0,2,0,
0,20,1,1,
0,34,1,1,
0,9,1,1,
0,49,1,1,
0,105,1,1,
0,62,0,0,
0,60,4,0,
0,0,1,0,
0,4,1,0,
0,0,1,1,
0,14,0,1,
0,0,0,0,
0,48,1,1,
0,0,0,1,
0,20590,0,1,
0,124,0,0,
1,8252,0,0,
0,66,0,0,
1,97,0,0,
0,12326,1,1,
0,0,0,0,
0,28676,0,1,
3,4,0,1,
0,24696,0,1,
0,24590,0,1,
0,20,2,1,
0,15,0,0,
0,124,1,1,
0,0,1,1,
0,15,0,0,
0,24,0,0,
0,24,0,0,
0,0,1,0,
0,0,0,1,
0,124,0,0,
0,0,3,0,
0,24,1,0,
0,28676,0,0,
0,120,0,1,
0,140,0,0,
0,0,0,0,
0,0,1,1,
0,0,1,1,
0,0,1,1,
0,
0,0,1,0,0,0,0,0,0,1,1.,0.,0.,0,0,
0.5,
-1,
-1,0,
   -1
   -1
   411
   -1
   -1
   420
   -1
   -1
  1029
   -1
   -1
   822
   -1
   -1
  1047
   -1
   -1
   928
   -1
   -1
  1044
   -1
   -1
   412
0,0,0,0,0,1,0.,1.,1,
   -1
   -1
   941
   -1
   -1
   943
0,0,1,
0,0,0,0,0,0,
2,2,2,2,2,2,
   -1
   -1
   942
0,0,0,0,
1,65,0,0,
2,128,0,0,
3,192,0,0,
4,255,0,0,
5,0,65,0,
6,65,65,0,
7,128,65,0,
8,192,65,0,
9,255,65,0,
10,0,128,0,
11,65,128,0,
12,128,128,0,
13,192,128,0,
14,255,128,0,
15,0,192,0,
16,65,192,0,
17,128,192,0,
18,192,192,0,
19,255,192,0,
20,0,255,0,
21,65,255,0,
22,128,255,0,
23,192,255,0,
24,255,255,0,
25,0,0,65,
26,65,0,65,
27,128,0,65,
28,192,0,65,
29,255,0,65,
30,0,65,65,
31,65,65,65,
32,128,65,65,
33,192,65,65,
34,255,65,65,
35,0,128,65,
36,65,128,65,
37,128,128,65,
38,192,128,65,
39,255,128,65,
40,0,192,65,
41,65,192,65,
42,128,192,65,
43,192,192,65,
44,255,192,65,
45,0,255,65,
46,65,255,65,
47,128,255,65,
48,192,255,65,
49,255,255,65,
50,0,0,128,
51,65,0,128,
52,128,0,128,
53,192,0,128,
54,255,0,128,
55,0,65,128,
56,65,65,128,
57,128,65,128,
58,192,65,128,
59,255,65,128,
60,0,128,128,
61,65,128,128,
62,128,128,128,
63,192,128,128,
64,255,128,128,
65,0,192,128,
66,65,192,128,
67,128,192,128,
68,192,192,128,
69,255,192,128,
70,0,255,128,
71,65,255,128,
72,128,255,128,
73,192,255,128,
74,255,255,128,
75,0,0,192,
76,65,0,192,
77,128,0,192,
78,192,0,192,
79,255,0,192,
80,0,65,192,
81,65,65,192,
82,128,65,192,
83,192,65,192,
84,255,65,192,
85,0,128,192,
86,65,128,192,
87,128,128,192,
88,192,128,192,
89,255,128,192,
90,0,192,192,
91,65,192,192,
92,128,192,192,
93,192,192,192,
94,255,192,192,
95,0,255,192,
96,65,255,192,
97,128,255,192,
98,192,255,192,
99,255,255,192,
100,0,0,255,
101,65,0,255,
102,128,0,255,
103,192,0,255,
104,255,0,255,
105,0,65,255,
106,65,65,255,
107,128,65,255,
108,192,65,255,
109,255,65,255,
110,0,128,255,
111,65,128,255,
112,128,128,255,
113,192,128,255,
114,255,128,255,
115,0,192,255,
116,65,192,255,
117,128,192,255,
118,192,192,255,
119,255,192,255,
120,0,255,255,
121,65,255,255,
122,128,255,255,
123,192,255,255,
124,255,255,255,
125,10,10,10,
126,20,20,20,
127,30,30,30,
128,40,40,40,
129,50,50,50,
130,60,60,60,
131,70,70,70,
132,80,80,80,
133,90,90,90,
134,100,100,100,
135,110,110,110,
136,120,120,120,
137,130,130,130,
138,140,140,140,
139,150,150,150,
140,160,160,160,
141,170,170,170,
142,180,180,180,
143,190,190,190,
144,200,200,200,
145,210,210,210,
146,220,220,220,
147,230,230,230,
148,240,240,240,
149,250,250,250,
   -1
   -1
   450
   -1
   -1
  1051
   -1
   -1
   430
-1,
   -1
